1,0,0,-2061,2061,0,0,-25024,25024,0,0,0,0,1,0
2,260,233,-2167,1934,0,2832,-26319,23487,0,0,0,0,1,0
3,520,464,-2253,1789,0,5637,-27362,21724,0,0,0,0,1,0
4,781,691,-2317,1627,0,8388,-28140,19752,0,0,0,0,1,0
5,1041,911,-2359,1449,0,11058,-28648,17590,0,0,0,0,1,0
6,1302,1122,-2378,1257,0,13621,-28880,15259,0,0,0,0,1,0
7,1562,1322,-2374,1052,0,16053,-28833,12780,0,0,0,0,1,0
8,1822,1510,-2348,838,0,18331,-28509,10178,0,0,0,0,1,0
9,2083,1683,-2298,616,0,20432,-27910,7479,0,0,0,0,1,0
10,2343,1839,-2227,388,0,22336,-27043,4707,0,0,0,0,1,0
11,2604,1978,-2134,156,0,24025,-25915,1890,0,0,0,0,1,0
12,2864,2098,-2021,-78,0,25483,-24538,-945,0,0,0,0,1,0
13,3125,2198,-1888,-311,0,26696,-22924,-3772,0,0,0,0,1,0
14,3385,2277,-1737,-540,0,27651,-21089,-6561,0,0,0,0,1,0
15,3645,2334,-1569,-765,0,28340,-19052,-9288,0,0,0,0,1,0
16,3906,2368,-1386,-982,0,28756,-16831,-11925,0,0,0,0,1,0
17,4166,2379,-1190,-1190,0,28895,-14448,-14448,0,0,0,0,1,0
18,4427,2368,-982,-1386,0,28756,-11925,-16831,0,0,0,0,1,0
19,4687,2334,-765,-1569,0,28340,-9288,-19052,0,0,0,0,1,0
20,4947,2277,-540,-1737,0,27651,-6561,-21089,0,0,0,0,1,0
21,5208,2198,-311,-1888,0,26696,-3772,-22924,0,0,0,0,1,0
22,5468,2098,-78,-2021,0,25483,-945,-24538,0,0,0,0,1,0
23,5729,1978,156,-2134,0,24025,1890,-25915,0,0,0,0,1,0
24,5989,1839,388,-2227,0,22336,4707,-27043,0,0,0,0,1,0
25,6250,1683,616,-2298,0,20432,7479,-27910,0,0,0,0,1,0
26,6510,1510,838,-2348,0,18331,10178,-28509,0,0,0,0,1,0
27,6770,1322,1052,-2374,0,16053,12780,-28833,0,0,0,0,1,0
28,7031,1122,1257,-2378,0,13621,15259,-28880,0,0,0,0,1,0
29,7291,911,1449,-2359,0,11058,17590,-28648,0,0,0,0,1,0
30,7552,691,1627,-2317,0,8388,19752,-28140,0,0,0,0,1,0
31,7812,464,1789,-2253,0,5637,21724,-27362,0,0,0,0,1,0
32,8072,233,1934,-2167,0,2832,23487,-26319,0,0,0,0,1,0
33,8333,0,2061,-2061,0,0,25024,-25024,0,0,0,0,1,0
34,8593,-233,2167,-1934,0,-2832,26319,-23487,0,0,0,0,1,0
35,8854,-464,2253,-1789,0,-5637,27362,-21724,0,0,0,0,1,0
36,9114,-691,2317,-1627,0,-8388,28140,-19752,0,0,0,0,1,0
37,9375,-911,2359,-1449,0,-11058,28648,-17590,0,0,0,0,1,0
38,9635,-1122,2378,-1257,0,-13621,28880,-15259,0,0,0,0,1,0
39,9895,-1322,2374,-1052,0,-16053,28833,-12780,0,0,0,0,1,0
40,10156,-1510,2348,-838,0,-18331,28509,-10178,0,0,0,0,1,0
41,10416,-1683,2298,-616,0,-20432,27910,-7479,0,0,0,0,1,0
42,10677,-1839,2227,-388,0,-22336,27043,-4707,0,0,0,0,1,0
43,10937,-1978,2134,-156,0,-24025,25915,-1890,0,0,0,0,1,0
44,11197,-2098,2021,78,0,-25483,24538,945,0,0,0,0,1,0
45,11458,-2198,1888,311,0,-26696,22924,3772,0,0,0,0,1,0
46,11718,-2277,1737,540,0,-27651,21089,6561,0,0,0,0,1,0
47,11979,-2334,1569,765,0,-28340,19052,9288,0,0,0,0,1,0
48,12239,-2368,1386,982,0,-28756,16831,11925,0,0,0,0,1,0
49,12500,-2379,1190,1190,0,-28895,14448,14448,0,0,0,0,1,0
50,12760,-2368,982,1386,0,-28756,11925,16831,0,0,0,0,1,0
51,13020,-2334,765,1569,0,-28340,9288,19052,0,0,0,0,1,0
52,13281,-2277,540,1737,0,-27651,6561,21089,0,0,0,0,1,0
53,13541,-2198,311,1888,0,-26696,3772,22924,0,0,0,0,1,0
54,13802,-2098,78,2021,0,-25483,945,24538,0,0,0,0,1,0
55,14062,-1978,-156,2134,0,-24025,-1890,25915,0,0,0,0,1,0
56,14322,-1839,-388,2227,0,-22336,-4707,27043,0,0,0,0,1,0
57,14583,-1683,-616,2298,0,-20432,-7479,27910,0,0,0,0,1,0
58,14843,-1510,-838,2348,0,-18331,-10178,28509,0,0,0,0,1,0
59,15104,-1322,-1052,2374,0,-16053,-12780,28833,0,0,0,0,1,0
60,15364,-1122,-1257,2378,0,-13621,-15259,28880,0,0,0,0,1,0
61,15625,-911,-1449,2359,0,-11058,-17590,28648,0,0,0,0,1,0
62,15885,-691,-1627,2317,0,-8388,-19752,28140,0,0,0,0,1,0
63,16145,-464,-1789,2253,0,-5637,-21724,27362,0,0,0,0,1,0
64,16406,-233,-1934,2167,0,-2832,-23487,26319,0,0,0,0,1,0
65,16666,0,-2061,2061,0,0,-25024,25024,0,0,0,0,1,0
66,16927,233,-2167,1934,0,2832,-26319,23487,0,0,0,0,1,0
67,17187,464,-2253,1789,0,5637,-27362,21724,0,0,0,0,1,0
68,17447,691,-2317,1627,0,8388,-28140,19752,0,0,0,0,1,0
69,17708,911,-2359,1449,0,11058,-28648,17590,0,0,0,0,1,0
70,17968,1122,-2378,1257,0,13621,-28880,15259,0,0,0,0,1,0
71,18229,1322,-2374,1052,0,16053,-28833,12780,0,0,0,0,1,0
72,18489,1510,-2348,838,0,18331,-28509,10178,0,0,0,0,1,0
73,18750,1683,-2298,616,0,20432,-27910,7479,0,0,0,0,1,0
74,19010,1839,-2227,388,0,22336,-27043,4707,0,0,0,0,1,0
75,19270,1978,-2134,156,0,24025,-25915,1890,0,0,0,0,1,0
76,19531,2098,-2021,-78,0,25483,-24538,-945,0,0,0,0,1,0
77,19791,2198,-1888,-311,0,26696,-22924,-3772,0,0,0,0,1,0
78,20052,2277,-1737,-540,0,27651,-21089,-6561,0,0,0,0,1,0
79,20312,2334,-1569,-765,0,28340,-19052,-9288,0,0,0,0,1,0
80,20572,2368,-1386,-982,0,28756,-16831,-11925,0,0,0,0,1,0
81,20833,2379,-1190,-1190,0,28895,-14448,-14448,0,0,0,0,1,0
82,21093,2368,-982,-1386,0,28756,-11925,-16831,0,0,0,0,1,0
83,21354,2334,-765,-1569,0,28340,-9288,-19052,0,0,0,0,1,0
84,21614,2277,-540,-1737,0,27651,-6561,-21089,0,0,0,0,1,0
85,21875,2198,-311,-1888,0,26696,-3772,-22924,0,0,0,0,1,0
86,22135,2098,-78,-2021,0,25483,-945,-24538,0,0,0,0,1,0
87,22395,1978,156,-2134,0,24025,1890,-25915,0,0,0,0,1,0
88,22656,1839,388,-2227,0,22336,4707,-27043,0,0,0,0,1,0
89,22916,1683,616,-2298,0,20432,7479,-27910,0,0,0,0,1,0
90,23177,1510,838,-2348,0,18331,10178,-28509,0,0,0,0,1,0
91,23437,1322,1052,-2374,0,16053,12780,-28833,0,0,0,0,1,0
92,23697,1122,1257,-2378,0,13621,15259,-28880,0,0,0,0,1,0
93,23958,911,1449,-2359,0,11058,17590,-28648,0,0,0,0,1,0
94,24218,691,1627,-2317,0,8388,19752,-28140,0,0,0,0,1,0
95,24479,464,1789,-2253,0,5637,21724,-27362,0,0,0,0,1,0
96,24739,233,1934,-2167,0,2832,23487,-26319,0,0,0,0,1,0
97,25000,0,2061,-2061,0,0,25024,-25024,0,0,0,0,1,0
98,25260,-233,2167,-1934,0,-2832,26319,-23487,0,0,0,0,1,0
99,25520,-464,2253,-1789,0,-5637,27362,-21724,0,0,0,0,1,0
100,25781,-691,2317,-1627,0,-8388,28140,-19752,0,0,0,0,1,0
101,26041,-911,2359,-1449,0,-11058,28648,-17590,0,0,0,0,1,0
102,26302,-1122,2378,-1257,0,-13621,28880,-15259,0,0,0,0,1,0
103,26562,-1322,2374,-1052,0,-16053,28833,-12780,0,0,0,0,1,0
104,26822,-1510,2348,-838,0,-18331,28509,-10178,0,0,0,0,1,0
105,27083,-1683,2298,-616,0,-20432,27910,-7479,0,0,0,0,1,0
106,27343,-1839,2227,-388,0,-22336,27043,-4707,0,0,0,0,1,0
107,27604,-1978,2134,-156,0,-24025,25915,-1890,0,0,0,0,1,0
108,27864,-2098,2021,78,0,-25483,24538,945,0,0,0,0,1,0
109,28125,-2198,1888,311,0,-26696,22924,3772,0,0,0,0,1,0
110,28385,-2277,1737,540,0,-27651,21089,6561,0,0,0,0,1,0
111,28645,-2334,1569,765,0,-28340,19052,9288,0,0,0,0,1,0
112,28906,-2368,1386,982,0,-28756,16831,11925,0,0,0,0,1,0
113,29166,-2379,1190,1190,0,-28895,14448,14448,0,0,0,0,1,0
114,29427,-2368,982,1386,0,-28756,11925,16831,0,0,0,0,1,0
115,29687,-2334,765,1569,0,-28340,9288,19052,0,0,0,0,1,0
116,29947,-2277,540,1737,0,-27651,6561,21089,0,0,0,0,1,0
117,30208,-2198,311,1888,0,-26696,3772,22924,0,0,0,0,1,0
118,30468,-2098,78,2021,0,-25483,945,24538,0,0,0,0,1,0
119,30729,-1978,-156,2134,0,-24025,-1890,25915,0,0,0,0,1,0
120,30989,-1839,-388,2227,0,-22336,-4707,27043,0,0,0,0,1,0
121,31250,-1683,-616,2298,0,-20432,-7479,27910,0,0,0,0,1,0
122,31510,-1510,-838,2348,0,-18331,-10178,28509,0,0,0,0,1,0
123,31770,-1322,-1052,2374,0,-16053,-12780,28833,0,0,0,0,1,0
124,32031,-1122,-1257,2378,0,-13621,-15259,28880,0,0,0,0,1,0
125,32291,-911,-1449,2359,0,-11058,-17590,28648,0,0,0,0,1,0
126,32552,-691,-1627,2317,0,-8388,-19752,28140,0,0,0,0,1,0
127,32812,-464,-1789,2253,0,-5637,-21724,27362,0,0,0,0,1,0
128,33072,-233,-1934,2167,0,-2832,-23487,26319,0,0,0,0,1,0
129,33333,0,-2061,2061,0,0,-25024,25024,0,0,0,0,1,0
130,33593,233,-2167,1934,0,2832,-26319,23487,0,0,0,0,1,0
131,33854,464,-2253,1789,0,5637,-27362,21724,0,0,0,0,1,0
132,34114,691,-2317,1627,0,8388,-28140,19752,0,0,0,0,1,0
133,34375,911,-2359,1449,0,11058,-28648,17590,0,0,0,0,1,0
134,34635,1122,-2378,1257,0,13621,-28880,15259,0,0,0,0,1,0
135,34895,1322,-2374,1052,0,16053,-28833,12780,0,0,0,0,1,0
136,35156,1510,-2348,838,0,18331,-28509,10178,0,0,0,0,1,0
137,35416,1683,-2298,616,0,20432,-27910,7479,0,0,0,0,1,0
138,35677,1839,-2227,388,0,22336,-27043,4707,0,0,0,0,1,0
139,35937,1978,-2134,156,0,24025,-25915,1890,0,0,0,0,1,0
140,36197,2098,-2021,-78,0,25483,-24538,-945,0,0,0,0,1,0
141,36458,2198,-1888,-311,0,26696,-22924,-3772,0,0,0,0,1,0
142,36718,2277,-1737,-540,0,27651,-21089,-6561,0,0,0,0,1,0
143,36979,2334,-1569,-765,0,28340,-19052,-9288,0,0,0,0,1,0
144,37239,2368,-1386,-982,0,28756,-16831,-11925,0,0,0,0,1,0
145,37500,2379,-1190,-1190,0,28895,-14448,-14448,0,0,0,0,1,0
146,37760,2368,-982,-1386,0,28756,-11925,-16831,0,0,0,0,1,0
147,38020,2334,-765,-1569,0,28340,-9288,-19052,0,0,0,0,1,0
148,38281,2277,-540,-1737,0,27651,-6561,-21089,0,0,0,0,1,0
149,38541,2198,-311,-1888,0,26696,-3772,-22924,0,0,0,0,1,0
150,38802,2098,-78,-2021,0,25483,-945,-24538,0,0,0,0,1,0
151,39062,1978,156,-2134,0,24025,1890,-25915,0,0,0,0,1,0
152,39322,1839,388,-2227,0,22336,4707,-27043,0,0,0,0,1,0
153,39583,1683,616,-2298,0,20432,7479,-27910,0,0,0,0,1,0
154,39843,1510,838,-2348,0,18331,10178,-28509,0,0,0,0,1,0
155,40104,1322,1052,-2374,0,16053,12780,-28833,0,0,0,0,1,0
156,40364,1122,1257,-2378,0,13621,15259,-28880,0,0,0,0,1,0
157,40625,911,1449,-2359,0,11058,17590,-28648,0,0,0,0,1,0
158,40885,691,1627,-2317,0,8388,19752,-28140,0,0,0,0,1,0
159,41145,464,1789,-2253,0,5637,21724,-27362,0,0,0,0,1,0
160,41406,233,1934,-2167,0,2832,23487,-26319,0,0,0,0,1,0
161,41666,0,2061,-2061,0,0,25024,-25024,0,0,0,0,1,0
162,41927,-233,2167,-1934,0,-2832,26319,-23487,0,0,0,0,1,0
163,42187,-464,2253,-1789,0,-5637,27362,-21724,0,0,0,0,1,0
164,42447,-691,2317,-1627,0,-8388,28140,-19752,0,0,0,0,1,0
165,42708,-911,2359,-1449,0,-11058,28648,-17590,0,0,0,0,1,0
166,42968,-1122,2378,-1257,0,-13621,28880,-15259,0,0,0,0,1,0
167,43229,-1322,2374,-1052,0,-16053,28833,-12780,0,0,0,0,1,0
168,43489,-1510,2348,-838,0,-18331,28509,-10178,0,0,0,0,1,0
169,43750,-1683,2298,-616,0,-20432,27910,-7479,0,0,0,0,1,0
170,44010,-1839,2227,-388,0,-22336,27043,-4707,0,0,0,0,1,0
171,44270,-1978,2134,-156,0,-24025,25915,-1890,0,0,0,0,1,0
172,44531,-2098,2021,78,0,-25483,24538,945,0,0,0,0,1,0
173,44791,-2198,1888,311,0,-26696,22924,3772,0,0,0,0,1,0
174,45052,-2277,1737,540,0,-27651,21089,6561,0,0,0,0,1,0
175,45312,-2334,1569,765,0,-28340,19052,9288,0,0,0,0,1,0
176,45572,-2368,1386,982,0,-28756,16831,11925,0,0,0,0,1,0
177,45833,-2379,1190,1190,0,-28895,14448,14448,0,0,0,0,1,0
178,46093,-2368,982,1386,0,-28756,11925,16831,0,0,0,0,1,0
179,46354,-2334,765,1569,0,-28340,9288,19052,0,0,0,0,1,0
180,46614,-2277,540,1737,0,-27651,6561,21089,0,0,0,0,1,0
181,46875,-2198,311,1888,0,-26696,3772,22924,0,0,0,0,1,0
182,47135,-2098,78,2021,0,-25483,945,24538,0,0,0,0,1,0
183,47395,-1978,-156,2134,0,-24025,-1890,25915,0,0,0,0,1,0
184,47656,-1839,-388,2227,0,-22336,-4707,27043,0,0,0,0,1,0
185,47916,-1683,-616,2298,0,-20432,-7479,27910,0,0,0,0,1,0
186,48177,-1510,-838,2348,0,-18331,-10178,28509,0,0,0,0,1,0
187,48437,-1322,-1052,2374,0,-16053,-12780,28833,0,0,0,0,1,0
188,48697,-1122,-1257,2378,0,-13621,-15259,28880,0,0,0,0,1,0
189,48958,-911,-1449,2359,0,-11058,-17590,28648,0,0,0,0,1,0
190,49218,-691,-1627,2317,0,-8388,-19752,28140,0,0,0,0,1,0
191,49479,-464,-1789,2253,0,-5637,-21724,27362,0,0,0,0,1,0
192,49739,-233,-1934,2167,0,-2832,-23487,26319,0,0,0,0,1,0
193,50000,0,-2061,31207,29146,0,-27026,2502,0,1,0,0,1,0
194,50260,233,-2167,29563,27629,3059,-28425,2349,0,1,0,0,1,0
195,50520,464,-2253,27781,25992,6088,-29551,2172,0,1,0,0,1,0
196,50781,691,-2317,25875,24249,9059,-30391,1975,0,1,0,0,1,0
197,51041,911,-2359,23863,22415,11942,-30940,1759,0,1,0,0,1,0
198,51302,1122,-2378,21763,20507,14711,-31190,1526,0,1,0,0,1,0
199,51562,1322,-2374,19594,18541,17337,-31140,1278,0,1,0,0,1,0
200,51822,1510,-2348,17374,16536,19797,-30790,1018,0,1,0,0,1,0
201,52083,1683,-2298,15125,14509,22066,-30143,748,0,1,0,0,1,0
202,52343,1839,-2227,12866,12479,24123,-29207,471,0,1,0,0,1,0
203,52604,1978,-2134,10619,10463,25947,-27988,189,0,1,0,0,1,0
204,52864,2098,-2021,8402,8480,27522,-26501,-95,0,1,0,0,1,0
205,53125,2198,-1888,6236,6547,28831,-24758,-377,0,1,0,0,1,0
206,53385,2277,-1737,4142,4682,29863,-22777,-656,0,1,0,0,1,0
207,53645,2334,-1569,2137,2902,30607,-20576,-929,0,1,0,0,1,0
208,53906,2368,-1386,240,1222,31056,-18177,-1193,0,1,0,0,1,0
209,54166,2379,-1190,-1533,-343,31207,-15603,-1445,0,1,0,0,1,0
210,54427,2368,-982,-3165,-1779,31056,-12879,-1683,0,1,0,0,1,0
211,54687,2334,-765,-4641,-3073,30607,-10031,-1905,0,1,0,0,1,0
212,54947,2277,-540,-5950,-4213,29863,-7086,-2109,0,1,0,0,1,0
213,55208,2198,-311,-7079,-5191,28831,-4073,-2292,0,1,0,0,1,0
214,55468,2098,-78,-8019,-5999,27522,-1021,-2454,0,1,0,0,1,0
215,55729,1978,156,-8762,-6628,25947,2041,-2592,0,1,0,0,1,0
216,55989,1839,388,-9302,-7075,24123,5083,-2704,0,1,0,0,1,0
217,56250,1683,616,-9635,-7337,22066,8077,-2791,0,1,0,0,1,0
218,56510,1510,838,-9759,-7411,19797,10993,-2851,0,1,0,0,1,0
219,56770,1322,1052,-9673,-7299,17337,13802,-2883,0,1,0,0,1,0
220,57031,1122,1257,-9381,-7003,14711,16479,-2888,0,1,0,0,1,0
221,57291,911,1449,-8885,-6526,11942,18997,-2865,0,1,0,0,1,0
222,57552,691,1627,-8192,-5874,9059,21333,-2814,0,1,0,0,1,0
223,57812,464,1789,-7309,-5055,6088,23462,-2736,0,1,0,0,1,0
224,58072,233,1934,-6246,-4078,3059,25366,-2632,0,1,0,0,1,0
225,58333,0,2061,-5014,-2953,0,27026,-2502,0,1,0,0,1,0
226,58593,-233,2167,-3626,-1692,-3059,28425,-2349,0,1,0,0,1,0
227,58854,-464,2253,-2097,-308,-6088,29551,-2172,0,1,0,0,1,0
228,59114,-691,2317,-443,1184,-9059,30391,-1975,0,1,0,0,1,0
229,59375,-911,2359,1321,2769,-11942,30940,-1759,0,1,0,0,1,0
230,59635,-1122,2378,3175,4431,-14711,31190,-1526,0,1,0,0,1,0
231,59895,-1322,2374,5101,6153,-17337,31140,-1278,0,1,0,0,1,0
232,60156,-1510,2348,7079,7917,-19797,30790,-1018,0,1,0,0,1,0
233,60416,-1683,2298,9089,9705,-22066,30143,-748,0,1,0,0,1,0
234,60677,-1839,2227,11111,11499,-24123,29207,-471,0,1,0,0,1,0
235,60937,-1978,2134,13125,13281,-25947,27988,-189,0,1,0,0,1,0
236,61197,-2098,2021,15110,15032,-27522,26501,95,0,1,0,0,1,0
237,61458,-2198,1888,17046,16735,-28831,24758,377,0,1,0,0,1,0
238,61718,-2277,1737,18913,18372,-29863,22777,656,0,1,0,0,1,0
239,61979,-2334,1569,20692,19928,-30607,20576,929,0,1,0,0,1,0
240,62239,-2368,1386,22367,21385,-31056,18177,1193,0,1,0,0,1,0
241,62500,-2379,1190,23918,22728,-31207,15603,1445,0,1,0,0,1,0
242,62760,-2368,982,25331,23945,-31056,12879,1683,0,1,0,0,1,0
243,63020,-2334,765,26592,25023,-30607,10031,1905,0,1,0,0,1,0
244,63281,-2277,540,27686,25949,-29863,7086,2109,0,1,0,0,1,0
245,63541,-2198,311,28603,26715,-28831,4073,2292,0,1,0,0,1,0
246,63802,-2098,78,29332,27312,-27522,1021,2454,0,1,0,0,1,0
247,64062,-1978,-156,29867,27733,-25947,-2041,2592,0,1,0,0,1,0
248,64322,-1839,-388,30201,27974,-24123,-5083,2704,0,1,0,0,1,0
249,64583,-1683,-616,30330,28031,-22066,-8077,2791,0,1,0,0,1,0
250,64843,-1510,-838,30251,27903,-19797,-10993,2851,0,1,0,0,1,0
251,65104,-1322,-1052,29966,27591,-17337,-13802,2883,0,1,0,0,1,0
252,65364,-1122,-1257,29475,27097,-14711,-16479,2888,0,1,0,0,1,0
253,65625,-911,-1449,28783,26423,-11942,-18997,2865,0,1,0,0,1,0
254,65885,-691,-1627,27895,25577,-9059,-21333,2814,0,1,0,0,1,0
255,66145,-464,-1789,26819,24566,-6088,-23462,2736,0,1,0,0,1,0
256,66406,-233,-1934,25566,23398,-3059,-25366,2632,0,1,0,0,1,0
257,66666,0,-2061,24145,22084,0,-27026,2502,0,1,0,0,1,0
258,66927,233,-2167,22571,20636,3059,-28425,2349,0,1,0,0,1,0
259,67187,464,-2253,20857,19068,6088,-29551,2172,0,1,0,0,1,0
260,67447,691,-2317,19019,17392,9059,-30391,1975,0,1,0,0,1,0
261,67708,911,-2359,17074,15625,11942,-30940,1759,0,1,0,0,1,0
262,67968,1122,-2378,15040,13784,14711,-31190,1526,0,1,0,0,1,0
263,68229,1322,-2374,12936,11884,17337,-31140,1278,0,1,0,0,1,0
264,68489,1510,-2348,10782,9944,19797,-30790,1018,0,1,0,0,1,0
265,68750,1683,-2298,8597,7981,22066,-30143,748,0,1,0,0,1,0
266,69010,1839,-2227,6402,6014,24123,-29207,471,0,1,0,0,1,0
267,69270,1978,-2134,4217,4062,25947,-27988,189,0,1,0,0,1,0
268,69531,2098,-2021,2063,2141,27522,-26501,-95,0,1,0,0,1,0
269,69791,2198,-1888,-40,270,28831,-24758,-377,0,1,0,0,1,0
270,70052,2277,-1737,-2074,-1533,29863,-22777,-656,0,1,0,0,1,0
271,70312,2334,-1569,-4018,-3253,30607,-20576,-929,0,1,0,0,1,0
272,70572,2368,-1386,-5855,-4873,31056,-18177,-1193,0,1,0,0,1,0
273,70833,2379,-1190,-7568,-6378,31207,-15603,-1445,0,1,0,0,1,0
274,71093,2368,-982,-9141,-7755,31056,-12879,-1683,0,1,0,0,1,0
275,71354,2334,-765,-10559,-8990,30607,-10031,-1905,0,1,0,0,1,0
276,71614,2277,-540,-11810,-10073,29863,-7086,-2109,0,1,0,0,1,0
277,71875,2198,-311,-12882,-10994,28831,-4073,-2292,0,1,0,0,1,0
278,72135,2098,-78,-13765,-11745,27522,-1021,-2454,0,1,0,0,1,0
279,72395,1978,156,-14452,-12318,25947,2041,-2592,0,1,0,0,1,0
280,72656,1839,388,-14936,-12709,24123,5083,-2704,0,1,0,0,1,0
281,72916,1683,616,-15214,-12916,22066,8077,-2791,0,1,0,0,1,0
282,73177,1510,838,-15284,-12936,19797,10993,-2851,0,1,0,0,1,0
283,73437,1322,1052,-15144,-12770,17337,13802,-2883,0,1,0,0,1,0
284,73697,1122,1257,-14798,-12420,14711,16479,-2888,0,1,0,0,1,0
285,73958,911,1449,-14249,-11890,11942,18997,-2865,0,1,0,0,1,0
286,74218,691,1627,-13504,-11186,9059,21333,-2814,0,1,0,0,1,0
287,74479,464,1789,-12569,-10315,6088,23462,-2736,0,1,0,0,1,0
288,74739,233,1934,-11454,-9287,3059,25366,-2632,0,1,0,0,1,0
289,75000,0,2061,-10172,-8111,0,27026,-2502,0,1,0,0,1,0
290,75260,-233,2167,-8734,-6799,-3059,28425,-2349,0,1,0,0,1,0
291,75520,-464,2253,-7155,-5366,-6088,29551,-2172,0,1,0,0,1,0
292,75781,-691,2317,-5451,-3824,-9059,30391,-1975,0,1,0,0,1,0
293,76041,-911,2359,-3638,-2190,-11942,30940,-1759,0,1,0,0,1,0
294,76302,-1122,2378,-1736,-479,-14711,31190,-1526,0,1,0,0,1,0
295,76562,-1322,2374,238,1290,-17337,31140,-1278,0,1,0,0,1,0
296,76822,-1510,2348,2264,3102,-19797,30790,-1018,0,1,0,0,1,0
297,77083,-1683,2298,4321,4937,-22066,30143,-748,0,1,0,0,1,0
298,77343,-1839,2227,6390,6777,-24123,29207,-471,0,1,0,0,1,0
299,77604,-1978,2134,8450,8605,-25947,27988,-189,0,1,0,0,1,0
300,77864,-2098,2021,10480,10402,-27522,26501,95,0,1,0,0,1,0
301,78125,-2198,1888,12461,12150,-28831,24758,377,0,1,0,0,1,0
302,78385,-2277,1737,14373,13833,-29863,22777,656,0,1,0,0,1,0
303,78645,-2334,1569,16197,15432,-30607,20576,929,0,1,0,0,1,0
304,78906,-2368,1386,17915,16933,-31056,18177,1193,0,1,0,0,1,0
305,79166,-2379,1190,19510,18320,-31207,15603,1445,0,1,0,0,1,0
306,79427,-2368,982,20966,19580,-31056,12879,1683,0,1,0,0,1,0
307,79687,-2334,765,22269,20700,-30607,10031,1905,0,1,0,0,1,0
308,79947,-2277,540,23406,21669,-29863,7086,2109,0,1,0,0,1,0
309,80208,-2198,311,24364,22477,-28831,4073,2292,0,1,0,0,1,0
310,80468,-2098,78,25135,23115,-27522,1021,2454,0,1,0,0,1,0
311,80729,-1978,-156,25711,23577,-25947,-2041,2592,0,1,0,0,1,0
312,80989,-1839,-388,26086,23859,-24123,-5083,2704,0,1,0,0,1,0
313,81250,-1683,-616,26255,23956,-22066,-8077,2791,0,1,0,0,1,0
314,81510,-1510,-838,26216,23868,-19797,-10993,2851,0,1,0,0,1,0
315,81770,-1322,-1052,25970,23595,-17337,-13802,2883,0,1,0,0,1,0
316,82031,-1122,-1257,25518,23140,-14711,-16479,2888,0,1,0,0,1,0
317,82291,-911,-1449,24864,22505,-11942,-18997,2865,0,1,0,0,1,0
318,82552,-691,-1627,24015,21698,-9059,-21333,2814,0,1,0,0,1,0
319,82812,-464,-1789,22977,20724,-6088,-23462,2736,0,1,0,0,1,0
320,83072,-233,-1934,21761,19594,-3059,-25366,2632,0,1,0,0,1,0
321,83333,0,-2061,20378,18317,0,-27026,2502,0,1,0,0,1,0
322,83593,233,-2167,18840,16906,3059,-28425,2349,0,1,0,0,1,0
323,83854,464,-2253,17163,15374,6088,-29551,2172,0,1,0,0,1,0
324,84114,691,-2317,15361,13734,9059,-30391,1975,0,1,0,0,1,0
325,84375,911,-2359,13452,12003,11942,-30940,1759,0,1,0,0,1,0
326,84635,1122,-2378,11453,10197,14711,-31190,1526,0,1,0,0,1,0
327,84895,1322,-2374,9384,8332,17337,-31140,1278,0,1,0,0,1,0
328,85156,1510,-2348,7265,6427,19797,-30790,1018,0,1,0,0,1,0
329,85416,1683,-2298,5114,4499,22066,-30143,748,0,1,0,0,1,0
330,85677,1839,-2227,2953,2566,24123,-29207,471,0,1,0,0,1,0
331,85937,1978,-2134,802,647,25947,-27988,189,0,1,0,0,1,0
332,86197,2098,-2021,-1318,-1241,27522,-26501,-95,0,1,0,0,1,0
333,86458,2198,-1888,-3389,-3078,28831,-24758,-377,0,1,0,0,1,0
334,86718,2277,-1737,-5390,-4849,29863,-22777,-656,0,1,0,0,1,0
335,86979,2334,-1569,-7301,-6537,30607,-20576,-929,0,1,0,0,1,0
336,87239,2368,-1386,-9106,-8124,31056,-18177,-1193,0,1,0,0,1,0
337,87500,2379,-1190,-10787,-9598,31207,-15603,-1445,0,1,0,0,1,0
338,87760,2368,-982,-12329,-10943,31056,-12879,-1683,0,1,0,0,1,0
339,88020,2334,-765,-13716,-12147,30607,-10031,-1905,0,1,0,0,1,0
340,88281,0,0,0,0,0,0,0,1,0,0,0,0,0
341,88541,0,0,0,0,0,0,0,1,0,0,0,0,0
342,88802,0,0,0,0,0,0,0,1,0,0,0,0,0
343,89062,0,0,0,0,0,0,0,1,0,0,0,0,0
344,89322,0,0,0,0,0,0,0,1,0,0,0,0,0
345,89583,0,0,0,0,0,0,0,1,0,0,0,0,0
346,89843,0,0,0,0,0,0,0,1,0,0,0,0,0
347,90104,0,0,0,0,0,0,0,1,0,0,0,0,0
348,90364,0,0,0,0,0,0,0,1,0,0,0,0,0
349,90625,0,0,0,0,0,0,0,1,0,0,0,0,0
350,90885,0,0,0,0,0,0,0,1,0,0,0,0,0
351,91145,0,0,0,0,0,0,0,1,0,0,0,0,0
352,91406,0,0,0,0,0,0,0,1,0,0,0,0,0
353,91666,0,0,0,0,0,0,0,1,0,0,0,0,0
354,91927,0,0,0,0,0,0,0,1,0,0,0,0,0
355,92187,0,0,0,0,0,0,0,1,0,0,0,0,0
356,92447,0,0,0,0,0,0,0,1,0,0,0,0,0
357,92708,0,0,0,0,0,0,0,1,0,0,0,0,0
358,92968,0,0,0,0,0,0,0,1,0,0,0,0,0
359,93229,0,0,0,0,0,0,0,1,0,0,0,0,0
360,93489,0,0,0,0,0,0,0,1,0,0,0,0,0
361,93750,0,0,0,0,0,0,0,1,0,0,0,0,0
362,94010,0,0,0,0,0,0,0,1,0,0,0,0,0
363,94270,0,0,0,0,0,0,0,1,0,0,0,0,0
364,94531,0,0,0,0,0,0,0,1,0,0,0,0,0
365,94791,0,0,0,0,0,0,0,1,0,0,0,0,0
366,95052,0,0,0,0,0,0,0,1,0,0,0,0,0
367,95312,0,0,0,0,0,0,0,1,0,0,0,0,0
368,95572,0,0,0,0,0,0,0,1,0,0,0,0,0
369,95833,0,0,0,0,0,0,0,1,0,0,0,0,0
370,96093,0,0,0,0,0,0,0,1,0,0,0,0,0
371,96354,0,0,0,0,0,0,0,1,0,0,0,0,0
372,96614,0,0,0,0,0,0,0,1,0,0,0,0,0
373,96875,0,0,0,0,0,0,0,1,0,0,0,0,0
374,97135,0,0,0,0,0,0,0,1,0,0,0,0,0
375,97395,0,0,0,0,0,0,0,1,0,0,0,0,0
376,97656,0,0,0,0,0,0,0,1,0,0,0,0,0
377,97916,0,0,0,0,0,0,0,1,0,0,0,0,0
378,98177,0,0,0,0,0,0,0,1,0,0,0,0,0
379,98437,0,0,0,0,0,0,0,1,0,0,0,0,0
380,98697,0,0,0,0,0,0,0,1,0,0,0,0,0
381,98958,0,0,0,0,0,0,0,1,0,0,0,0,0
382,99218,0,0,0,0,0,0,0,1,0,0,0,0,0
383,99479,0,0,0,0,0,0,0,1,0,0,0,0,0
384,99739,0,0,0,0,0,0,0,1,0,0,0,0,0
385,100000,0,0,0,0,0,0,0,1,0,0,0,0,0
386,100260,0,0,0,0,0,0,0,1,0,0,0,0,0
387,100520,0,0,0,0,0,0,0,1,0,0,0,0,0
388,100781,0,0,0,0,0,0,0,1,0,0,0,0,0
389,101041,0,0,0,0,0,0,0,1,0,0,0,0,0
390,101302,0,0,0,0,0,0,0,1,0,0,0,0,0
391,101562,0,0,0,0,0,0,0,1,0,0,0,0,0
392,101822,0,0,0,0,0,0,0,1,0,0,0,0,0
393,102083,0,0,0,0,0,0,0,1,0,0,0,0,0
394,102343,0,0,0,0,0,0,0,1,0,0,0,0,0
395,102604,0,0,0,0,0,0,0,1,0,0,0,0,0
396,102864,0,0,0,0,0,0,0,1,0,0,0,0,0
397,103125,0,0,0,0,0,0,0,1,0,0,0,0,0
398,103385,0,0,0,0,0,0,0,1,0,0,0,0,0
399,103645,0,0,0,0,0,0,0,1,0,0,0,0,0
400,103906,0,0,0,0,0,0,0,1,0,0,0,0,0
401,104166,0,0,0,0,0,0,0,1,0,0,0,0,0
402,104427,0,0,0,0,0,0,0,1,0,0,0,0,0
403,104687,0,0,0,0,0,0,0,1,0,0,0,0,0
404,104947,0,0,0,0,0,0,0,1,0,0,0,0,0
405,105208,0,0,0,0,0,0,0,1,0,0,0,0,0
406,105468,0,0,0,0,0,0,0,1,0,0,0,0,0
407,105729,0,0,0,0,0,0,0,1,0,0,0,0,0
408,105989,0,0,0,0,0,0,0,1,0,0,0,0,0
409,106250,0,0,0,0,0,0,0,1,0,0,0,0,0
410,106510,0,0,0,0,0,0,0,1,0,0,0,0,0
411,106770,0,0,0,0,0,0,0,1,0,0,0,0,0
412,107031,0,0,0,0,0,0,0,1,0,0,0,0,0
413,107291,0,0,0,0,0,0,0,1,0,0,0,0,0
414,107552,0,0,0,0,0,0,0,1,0,0,0,0,0
415,107812,0,0,0,0,0,0,0,1,0,0,0,0,0
416,108072,0,0,0,0,0,0,0,1,0,0,0,0,0
417,108333,0,0,0,0,0,0,0,1,0,0,0,0,0
418,108593,0,0,0,0,0,0,0,1,0,0,0,0,0
419,108854,0,0,0,0,0,0,0,1,0,0,0,0,0
420,109114,0,0,0,0,0,0,0,1,0,0,0,0,0
421,109375,0,0,0,0,0,0,0,1,0,0,0,0,0
422,109635,0,0,0,0,0,0,0,1,0,0,0,0,0
423,109895,0,0,0,0,0,0,0,1,0,0,0,0,0
424,110156,0,0,0,0,0,0,0,1,0,0,0,0,0
425,110416,0,0,0,0,0,0,0,1,0,0,0,0,0
426,110677,0,0,0,0,0,0,0,1,0,0,0,0,0
427,110937,0,0,0,0,0,0,0,1,0,0,0,0,0
428,111197,0,0,0,0,0,0,0,1,0,0,0,0,0
429,111458,0,0,0,0,0,0,0,1,0,0,0,0,0
430,111718,0,0,0,0,0,0,0,1,0,0,0,0,0
431,111979,0,0,0,0,0,0,0,1,0,0,0,0,0
432,112239,0,0,0,0,0,0,0,1,0,0,0,0,0
433,112500,0,0,0,0,0,0,0,1,0,0,0,0,0
434,112760,0,0,0,0,0,0,0,1,0,0,0,0,0
435,113020,0,0,0,0,0,0,0,1,0,0,0,0,0
436,113281,0,0,0,0,0,0,0,1,0,0,0,0,0
437,113541,0,0,0,0,0,0,0,1,0,0,0,0,0
438,113802,0,0,0,0,0,0,0,1,0,0,0,0,0
439,114062,0,0,0,0,0,0,0,1,0,0,0,0,0
440,114322,0,0,0,0,0,0,0,1,0,0,0,0,0
441,114583,0,0,0,0,0,0,0,1,0,0,0,0,0
442,114843,0,0,0,0,0,0,0,1,0,0,0,0,0
443,115104,0,0,0,0,0,0,0,1,0,0,0,0,0
444,115364,0,0,0,0,0,0,0,1,0,0,0,0,0
445,115625,0,0,0,0,0,0,0,1,0,0,0,0,0
446,115885,0,0,0,0,0,0,0,1,0,0,0,0,0
447,116145,0,0,0,0,0,0,0,1,0,0,0,0,0
448,116406,0,0,0,0,0,0,0,1,0,0,0,0,0
449,116666,0,0,0,0,0,0,0,1,0,0,0,0,0
450,116927,0,0,0,0,0,0,0,1,0,0,0,0,0
451,117187,0,0,0,0,0,0,0,1,0,0,0,0,0
452,117447,0,0,0,0,0,0,0,1,0,0,0,0,0
453,117708,0,0,0,0,0,0,0,1,0,0,0,0,0
454,117968,0,0,0,0,0,0,0,1,0,0,0,0,0
455,118229,0,0,0,0,0,0,0,1,0,0,0,0,0
456,118489,0,0,0,0,0,0,0,1,0,0,0,0,0
457,118750,0,0,0,0,0,0,0,1,0,0,0,0,0
458,119010,0,0,0,0,0,0,0,1,0,0,0,0,0
459,119270,0,0,0,0,0,0,0,1,0,0,0,0,0
460,119531,0,0,0,0,0,0,0,1,0,0,0,0,0
461,119791,0,0,0,0,0,0,0,1,0,0,0,0,0
462,120052,0,0,0,0,0,0,0,1,0,0,0,0,0
463,120312,0,0,0,0,0,0,0,1,0,0,0,0,0
464,120572,0,0,0,0,0,0,0,1,0,0,0,0,0
465,120833,0,0,0,0,0,0,0,1,0,0,0,0,0
466,121093,0,0,0,0,0,0,0,1,0,0,0,0,0
467,121354,0,0,0,0,0,0,0,1,0,0,0,0,0
468,121614,0,0,0,0,0,0,0,1,0,0,0,0,0
469,121875,0,0,0,0,0,0,0,1,0,0,0,0,0
470,122135,0,0,0,0,0,0,0,1,0,0,0,0,0
471,122395,0,0,0,0,0,0,0,1,0,0,0,0,0
472,122656,0,0,0,0,0,0,0,1,0,0,0,0,0
473,122916,0,0,0,0,0,0,0,1,0,0,0,0,0
474,123177,0,0,0,0,0,0,0,1,0,0,0,0,0
475,123437,0,0,0,0,0,0,0,1,0,0,0,0,0
476,123697,0,0,0,0,0,0,0,1,0,0,0,0,0
477,123958,0,0,0,0,0,0,0,1,0,0,0,0,0
478,124218,0,0,0,0,0,0,0,1,0,0,0,0,0
479,124479,0,0,0,0,0,0,0,1,0,0,0,0,0
480,124739,0,0,0,0,0,0,0,1,0,0,0,0,0
481,125000,0,0,0,0,0,0,0,1,0,0,0,0,0
482,125260,0,0,0,0,0,0,0,1,0,0,0,0,0
483,125520,0,0,0,0,0,0,0,1,0,0,0,0,0
484,125781,0,0,0,0,0,0,0,1,0,0,0,0,0
485,126041,0,0,0,0,0,0,0,1,0,0,0,0,0
486,126302,0,0,0,0,0,0,0,1,0,0,0,0,0
487,126562,0,0,0,0,0,0,0,1,0,0,0,0,0
488,126822,0,0,0,0,0,0,0,1,0,0,0,0,0
489,127083,0,0,0,0,0,0,0,1,0,0,0,0,0
490,127343,0,0,0,0,0,0,0,1,0,0,0,0,0
491,127604,0,0,0,0,0,0,0,1,0,0,0,0,0
492,127864,0,0,0,0,0,0,0,1,0,0,0,0,0
493,128124,0,0,0,0,0,0,0,1,0,0,0,0,0
494,128385,0,0,0,0,0,0,0,1,0,0,0,0,0
495,128645,0,0,0,0,0,0,0,1,0,0,0,0,0
496,128906,0,0,0,0,0,0,0,1,0,0,0,0,0
497,129166,0,0,0,0,0,0,0,1,0,0,0,0,0
498,129427,0,0,0,0,0,0,0,1,0,0,0,0,0
499,129687,0,0,0,0,0,0,0,1,0,0,0,0,0
500,129947,0,0,0,0,0,0,0,1,0,0,0,0,0
501,130208,0,0,0,0,0,0,0,1,0,0,0,0,0
502,130468,0,0,0,0,0,0,0,1,0,0,0,0,0
503,130729,0,0,0,0,0,0,0,1,0,0,0,0,0
504,130989,0,0,0,0,0,0,0,1,0,0,0,0,0
505,131250,0,0,0,0,0,0,0,1,0,0,0,0,0
506,131510,0,0,0,0,0,0,0,1,0,0,0,0,0
507,131770,0,0,0,0,0,0,0,1,0,0,0,0,0
508,132031,0,0,0,0,0,0,0,1,0,0,0,0,0
509,132291,0,0,0,0,0,0,0,1,0,0,0,0,0
510,132552,0,0,0,0,0,0,0,1,0,0,0,0,0
511,132812,0,0,0,0,0,0,0,1,0,0,0,0,0
512,133072,0,0,0,0,0,0,0,1,0,0,0,0,0
513,133333,0,0,0,0,0,0,0,1,0,0,0,0,0
514,133593,0,0,0,0,0,0,0,1,0,0,0,0,0
515,133854,0,0,0,0,0,0,0,1,0,0,0,0,0
516,134114,0,0,0,0,0,0,0,1,0,0,0,0,0
517,134375,0,0,0,0,0,0,0,1,0,0,0,0,0
518,134635,0,0,0,0,0,0,0,1,0,0,0,0,0
519,134895,0,0,0,0,0,0,0,1,0,0,0,0,0
520,135156,0,0,0,0,0,0,0,1,0,0,0,0,0
521,135416,0,0,0,0,0,0,0,1,0,0,0,0,0
522,135677,0,0,0,0,0,0,0,1,0,0,0,0,0
523,135937,0,0,0,0,0,0,0,1,0,0,0,0,0
524,136197,0,0,0,0,0,0,0,1,0,0,0,0,0
525,136458,0,0,0,0,0,0,0,1,0,0,0,0,0
526,136718,0,0,0,0,0,0,0,1,0,0,0,0,0
527,136979,0,0,0,0,0,0,0,1,0,0,0,0,0
528,137239,0,0,0,0,0,0,0,1,0,0,0,0,0
529,137500,0,0,0,0,0,0,0,1,0,0,0,0,0
530,137760,0,0,0,0,0,0,0,1,0,0,0,0,0
531,138020,0,0,0,0,0,0,0,1,0,0,0,0,0
532,138281,0,0,0,0,0,0,0,1,0,0,0,0,0
533,138541,0,0,0,0,0,0,0,1,0,0,0,0,0
534,138802,0,0,0,0,0,0,0,1,0,0,0,0,0
535,139062,0,0,0,0,0,0,0,1,0,0,0,0,0
536,139322,0,0,0,0,0,0,0,1,0,0,0,0,0
537,139583,0,0,0,0,0,0,0,1,0,0,0,0,0
538,139843,0,0,0,0,0,0,0,1,0,0,0,0,0
539,140104,0,0,0,0,0,0,0,1,0,0,0,0,0
540,140364,0,0,0,0,0,0,0,1,0,0,0,0,0
541,140625,0,0,0,0,0,0,0,1,0,0,0,0,0
542,140885,0,0,0,0,0,0,0,1,0,0,0,0,0
543,141145,0,0,0,0,0,0,0,1,0,0,0,0,0
544,141406,0,0,0,0,0,0,0,1,0,0,0,0,0
545,141666,0,0,0,0,0,0,0,1,0,0,0,0,0
546,141927,0,0,0,0,0,0,0,1,0,0,0,0,0
547,142187,0,0,0,0,0,0,0,1,0,0,0,0,0
548,142447,0,0,0,0,0,0,0,1,0,0,0,0,0
549,142708,0,0,0,0,0,0,0,1,0,0,0,0,0
550,142968,0,0,0,0,0,0,0,1,0,0,0,0,0
551,143229,0,0,0,0,0,0,0,1,0,0,0,0,0
552,143489,0,0,0,0,0,0,0,1,0,0,0,0,0
553,143750,0,0,0,0,0,0,0,1,0,0,0,0,0
554,144010,0,0,0,0,0,0,0,1,0,0,0,0,0
555,144270,0,0,0,0,0,0,0,1,0,0,0,0,0
556,144531,0,0,0,0,0,0,0,1,0,0,0,0,0
557,144791,0,0,0,0,0,0,0,1,0,0,0,0,0
558,145052,0,0,0,0,0,0,0,1,0,0,0,0,0
559,145312,0,0,0,0,0,0,0,1,0,0,0,0,0
560,145572,0,0,0,0,0,0,0,1,0,0,0,0,0
561,145833,0,0,0,0,0,0,0,1,0,0,0,0,0
562,146093,0,0,0,0,0,0,0,1,0,0,0,0,0
563,146354,0,0,0,0,0,0,0,1,0,0,0,0,0
564,146614,0,0,0,0,0,0,0,1,0,0,0,0,0
565,146875,0,0,0,0,0,0,0,1,0,0,0,0,0
566,147135,0,0,0,0,0,0,0,1,0,0,0,0,0
567,147395,0,0,0,0,0,0,0,1,0,0,0,0,0
568,147656,0,0,0,0,0,0,0,1,0,0,0,0,0
569,147916,0,0,0,0,0,0,0,1,0,0,0,0,0
570,148177,0,0,0,0,0,0,0,1,0,0,0,0,0
571,148437,0,0,0,0,0,0,0,1,0,0,0,0,0
572,148697,0,0,0,0,0,0,0,1,0,0,0,0,0
573,148958,0,0,0,0,0,0,0,1,0,0,0,0,0
574,149218,0,0,0,0,0,0,0,1,0,0,0,0,0
575,149479,0,0,0,0,0,0,0,1,0,0,0,0,0
576,149739,0,0,0,0,0,0,0,1,0,0,0,0,0
577,150000,0,0,0,0,0,0,0,1,0,0,0,0,0
578,150260,0,0,0,0,0,0,0,1,0,0,0,0,0
579,150520,0,0,0,0,0,0,0,1,0,0,0,0,0
580,150781,0,0,0,0,0,0,0,1,0,0,0,0,0
581,151041,0,0,0,0,0,0,0,1,0,0,0,0,0
582,151302,0,0,0,0,0,0,0,1,0,0,0,0,0
583,151562,0,0,0,0,0,0,0,1,0,0,0,0,0
584,151822,0,0,0,0,0,0,0,1,0,0,0,0,0
585,152083,0,0,0,0,0,0,0,1,0,0,0,0,0
586,152343,0,0,0,0,0,0,0,1,0,0,0,0,0
587,152604,0,0,0,0,0,0,0,1,0,0,0,0,0
588,152864,0,0,0,0,0,0,0,1,0,0,0,0,0
589,153125,0,0,0,0,0,0,0,1,0,0,0,0,0
590,153385,0,0,0,0,0,0,0,1,0,0,0,0,0
591,153645,0,0,0,0,0,0,0,1,0,0,0,0,0
592,153906,0,0,0,0,0,0,0,1,0,0,0,0,0
593,154166,0,0,0,0,0,0,0,1,0,0,0,0,0
594,154427,0,0,0,0,0,0,0,1,0,0,0,0,0
595,154687,0,0,0,0,0,0,0,1,0,0,0,0,0
596,154947,0,0,0,0,0,0,0,1,0,0,0,0,0
597,155208,0,0,0,0,0,0,0,1,0,0,0,0,0
598,155468,0,0,0,0,0,0,0,1,0,0,0,0,0
599,155729,0,0,0,0,0,0,0,1,0,0,0,0,0
600,155989,0,0,0,0,0,0,0,1,0,0,0,0,0
601,156250,0,0,0,0,0,0,0,1,0,0,0,0,0
602,156510,0,0,0,0,0,0,0,1,0,0,0,0,0
603,156770,0,0,0,0,0,0,0,1,0,0,0,0,0
604,157031,0,0,0,0,0,0,0,1,0,0,0,0,0
605,157291,0,0,0,0,0,0,0,1,0,0,0,0,0
606,157552,0,0,0,0,0,0,0,1,0,0,0,0,0
607,157812,0,0,0,0,0,0,0,1,0,0,0,0,0
608,158072,0,0,0,0,0,0,0,1,0,0,0,0,0
609,158333,0,0,0,0,0,0,0,1,0,0,0,0,0
610,158593,0,0,0,0,0,0,0,1,0,0,0,0,0
611,158854,0,0,0,0,0,0,0,1,0,0,0,0,0
612,159114,0,0,0,0,0,0,0,1,0,0,0,0,0
613,159375,0,0,0,0,0,0,0,1,0,0,0,0,0
614,159635,0,0,0,0,0,0,0,1,0,0,0,0,0
615,159895,0,0,0,0,0,0,0,1,0,0,0,0,0
616,160156,0,0,0,0,0,0,0,1,0,0,0,0,0
617,160416,0,0,0,0,0,0,0,1,0,0,0,0,0
618,160677,0,0,0,0,0,0,0,1,0,0,0,0,0
619,160937,0,0,0,0,0,0,0,1,0,0,0,0,0
620,161197,0,0,0,0,0,0,0,1,0,0,0,0,0
621,161458,0,0,0,0,0,0,0,1,0,0,0,0,0
622,161718,0,0,0,0,0,0,0,1,0,0,0,0,0
623,161979,0,0,0,0,0,0,0,1,0,0,0,0,0
624,162239,0,0,0,0,0,0,0,1,0,0,0,0,0
625,162500,0,0,0,0,0,0,0,1,0,0,0,0,0
626,162760,0,0,0,0,0,0,0,1,0,0,0,0,0
627,163020,0,0,0,0,0,0,0,1,0,0,0,0,0
628,163281,0,0,0,0,0,0,0,1,0,0,0,0,0
629,163541,0,0,0,0,0,0,0,1,0,0,0,0,0
630,163802,0,0,0,0,0,0,0,1,0,0,0,0,0
631,164062,0,0,0,0,0,0,0,1,0,0,0,0,0
632,164322,0,0,0,0,0,0,0,1,0,0,0,0,0
633,164583,0,0,0,0,0,0,0,1,0,0,0,0,0
634,164843,0,0,0,0,0,0,0,1,0,0,0,0,0
635,165104,0,0,0,0,0,0,0,1,0,0,0,0,0
636,165364,0,0,0,0,0,0,0,1,0,0,0,0,0
637,165625,0,0,0,0,0,0,0,1,0,0,0,0,0
638,165885,0,0,0,0,0,0,0,1,0,0,0,0,0
639,166145,0,0,0,0,0,0,0,1,0,0,0,0,0
640,166406,0,0,0,0,0,0,0,1,0,0,0,0,0
641,166666,0,0,0,0,0,0,0,1,0,0,0,0,0
642,166927,0,0,0,0,0,0,0,1,0,0,0,0,0
643,167187,0,0,0,0,0,0,0,1,0,0,0,0,0
644,167447,0,0,0,0,0,0,0,1,0,0,0,0,0
645,167708,0,0,0,0,0,0,0,1,0,0,0,0,0
646,167968,0,0,0,0,0,0,0,1,0,0,0,0,0
647,168229,0,0,0,0,0,0,0,1,0,0,0,0,0
648,168489,0,0,0,0,0,0,0,1,0,0,0,0,0
649,168750,0,0,0,0,0,0,0,1,0,0,0,0,0
650,169010,0,0,0,0,0,0,0,1,0,0,0,0,0
651,169270,0,0,0,0,0,0,0,1,0,0,0,0,0
652,169531,0,0,0,0,0,0,0,1,0,0,0,0,0
653,169791,0,0,0,0,0,0,0,1,0,0,0,0,0
654,170052,0,0,0,0,0,0,0,1,0,0,0,0,0
655,170312,0,0,0,0,0,0,0,1,0,0,0,0,0
656,170572,0,0,0,0,0,0,0,1,0,0,0,0,0
657,170833,0,0,0,0,0,0,0,1,0,0,0,0,0
658,171093,0,0,0,0,0,0,0,1,0,0,0,0,0
659,171354,0,0,0,0,0,0,0,1,0,0,0,0,0
660,171614,0,0,0,0,0,0,0,1,0,0,0,0,0
661,171875,0,0,0,0,0,0,0,1,0,0,0,0,0
662,172135,0,0,0,0,0,0,0,1,0,0,0,0,0
663,172395,0,0,0,0,0,0,0,1,0,0,0,0,0
664,172656,0,0,0,0,0,0,0,1,0,0,0,0,0
665,172916,0,0,0,0,0,0,0,1,0,0,0,0,0
666,173177,0,0,0,0,0,0,0,1,0,0,0,0,0
667,173437,0,0,0,0,0,0,0,1,0,0,0,0,0
668,173697,0,0,0,0,0,0,0,1,0,0,0,0,0
669,173958,0,0,0,0,0,0,0,1,0,0,0,0,0
670,174218,0,0,0,0,0,0,0,1,0,0,0,0,0
671,174479,0,0,0,0,0,0,0,1,0,0,0,0,0
672,174739,0,0,0,0,0,0,0,1,0,0,0,0,0
673,175000,0,0,0,0,0,0,0,1,0,0,0,0,0
674,175260,0,0,0,0,0,0,0,1,0,0,0,0,0
675,175520,0,0,0,0,0,0,0,1,0,0,0,0,0
676,175781,0,0,0,0,0,0,0,1,0,0,0,0,0
677,176041,0,0,0,0,0,0,0,1,0,0,0,0,0
678,176302,0,0,0,0,0,0,0,1,0,0,0,0,0
679,176562,0,0,0,0,0,0,0,1,0,0,0,0,0
680,176822,0,0,0,0,0,0,0,1,0,0,0,0,0
681,177083,0,0,0,0,0,0,0,1,0,0,0,0,0
682,177343,0,0,0,0,0,0,0,1,0,0,0,0,0
683,177604,0,0,0,0,0,0,0,1,0,0,0,0,0
684,177864,0,0,0,0,0,0,0,1,0,0,0,0,0
685,178125,0,0,0,0,0,0,0,1,0,0,0,0,0
686,178385,0,0,0,0,0,0,0,1,0,0,0,0,0
687,178645,0,0,0,0,0,0,0,1,0,0,0,0,0
688,178906,0,0,0,0,0,0,0,1,0,0,0,0,0
689,179166,0,0,0,0,0,0,0,1,0,0,0,0,0
690,179427,0,0,0,0,0,0,0,1,0,0,0,0,0
691,179687,0,0,0,0,0,0,0,1,0,0,0,0,0
692,179947,0,0,0,0,0,0,0,1,0,0,0,0,0
693,180208,0,0,0,0,0,0,0,1,0,0,0,0,0
694,180468,0,0,0,0,0,0,0,1,0,0,0,0,0
695,180729,0,0,0,0,0,0,0,1,0,0,0,0,0
696,180989,0,0,0,0,0,0,0,1,0,0,0,0,0
697,181250,0,0,0,0,0,0,0,1,0,0,0,0,0
698,181510,0,0,0,0,0,0,0,1,0,0,0,0,0
699,181770,0,0,0,0,0,0,0,1,0,0,0,0,0
700,182031,0,0,0,0,0,0,0,1,0,0,0,0,0
701,182291,0,0,0,0,0,0,0,1,0,0,0,0,0
702,182552,0,0,0,0,0,0,0,1,0,0,0,0,0
703,182812,0,0,0,0,0,0,0,1,0,0,0,0,0
704,183072,0,0,0,0,0,0,0,1,0,0,0,0,0
705,183333,0,0,0,0,0,0,0,1,0,0,0,0,0
706,183593,0,0,0,0,0,0,0,1,0,0,0,0,0
707,183854,0,0,0,0,0,0,0,1,0,0,0,0,0
708,184114,0,0,0,0,0,0,0,1,0,0,0,0,0
709,184375,0,0,0,0,0,0,0,1,0,0,0,0,0
710,184635,0,0,0,0,0,0,0,1,0,0,0,0,0
711,184895,0,0,0,0,0,0,0,1,0,0,0,0,0
712,185156,0,0,0,0,0,0,0,1,0,0,0,0,0
713,185416,0,0,0,0,0,0,0,1,0,0,0,0,0
714,185677,0,0,0,0,0,0,0,1,0,0,0,0,0
715,185937,0,0,0,0,0,0,0,1,0,0,0,0,0
716,186197,0,0,0,0,0,0,0,1,0,0,0,0,0
717,186458,0,0,0,0,0,0,0,1,0,0,0,0,0
718,186718,0,0,0,0,0,0,0,1,0,0,0,0,0
719,186979,0,0,0,0,0,0,0,1,0,0,0,0,0
720,187239,0,0,0,0,0,0,0,1,0,0,0,0,0
721,187500,0,0,0,0,0,0,0,1,0,0,0,0,0
722,187760,0,0,0,0,0,0,0,1,0,0,0,0,0
723,188020,0,0,0,0,0,0,0,1,0,0,0,0,0
724,188281,0,0,0,0,0,0,0,1,0,0,0,0,0
725,188541,0,0,0,0,0,0,0,1,0,0,0,0,0
726,188802,0,0,0,0,0,0,0,1,0,0,0,0,0
727,189062,0,0,0,0,0,0,0,1,0,0,0,0,0
728,189322,0,0,0,0,0,0,0,1,0,0,0,0,0
729,189583,0,0,0,0,0,0,0,1,0,0,0,0,0
730,189843,0,0,0,0,0,0,0,1,0,0,0,0,0
731,190104,0,0,0,0,0,0,0,1,0,0,0,0,0
732,190364,0,0,0,0,0,0,0,1,0,0,0,0,0
733,190625,0,0,0,0,0,0,0,1,0,0,0,0,0
734,190885,0,0,0,0,0,0,0,1,0,0,0,0,0
735,191145,0,0,0,0,0,0,0,1,0,0,0,0,0
736,191406,0,0,0,0,0,0,0,1,0,0,0,0,0
737,191666,0,0,0,0,0,0,0,1,0,0,0,0,0
738,191927,0,0,0,0,0,0,0,1,0,0,0,0,0
739,192187,0,0,0,0,0,0,0,1,0,0,0,0,0
740,192447,0,0,0,0,0,0,0,1,0,0,0,0,0
741,192708,0,0,0,0,0,0,0,1,0,0,0,0,0
742,192968,0,0,0,0,0,0,0,1,0,0,0,0,0
743,193229,0,0,0,0,0,0,0,1,0,0,0,0,0
744,193489,0,0,0,0,0,0,0,1,0,0,0,0,0
745,193750,0,0,0,0,0,0,0,1,0,0,0,0,0
746,194010,0,0,0,0,0,0,0,1,0,0,0,0,0
747,194270,0,0,0,0,0,0,0,1,0,0,0,0,0
748,194531,0,0,0,0,0,0,0,1,0,0,0,0,0
749,194791,0,0,0,0,0,0,0,1,0,0,0,0,0
750,195052,0,0,0,0,0,0,0,1,0,0,0,0,0
751,195312,0,0,0,0,0,0,0,1,0,0,0,0,0
752,195572,0,0,0,0,0,0,0,1,0,0,0,0,0
753,195833,0,0,0,0,0,0,0,1,0,0,0,0,0
754,196093,0,0,0,0,0,0,0,1,0,0,0,0,0
755,196354,0,0,0,0,0,0,0,1,0,0,0,0,0
756,196614,0,0,0,0,0,0,0,1,0,0,0,0,0
757,196875,0,0,0,0,0,0,0,1,0,0,0,0,0
758,197135,0,0,0,0,0,0,0,1,0,0,0,0,0
759,197395,0,0,0,0,0,0,0,1,0,0,0,0,0
760,197656,0,0,0,0,0,0,0,1,0,0,0,0,0
761,197916,0,0,0,0,0,0,0,1,0,0,0,0,0
762,198177,0,0,0,0,0,0,0,1,0,0,0,0,0
763,198437,0,0,0,0,0,0,0,1,0,0,0,0,0
764,198697,0,0,0,0,0,0,0,1,0,0,0,0,0
765,198958,0,0,0,0,0,0,0,1,0,0,0,0,0
766,199218,0,0,0,0,0,0,0,1,0,0,0,0,0
767,199479,0,0,0,0,0,0,0,1,0,0,0,0,0
768,199739,0,0,0,0,0,0,0,1,0,0,0,0,0
769,200000,0,0,0,0,0,0,0,1,0,0,0,0,0
770,200260,0,0,0,0,0,0,0,1,0,0,0,0,0
771,200520,0,0,0,0,0,0,0,1,0,0,0,0,0
772,200781,0,0,0,0,0,0,0,1,0,0,0,0,0
773,201041,0,0,0,0,0,0,0,1,0,0,0,0,0
774,201302,0,0,0,0,0,0,0,1,0,0,0,0,0
775,201562,0,0,0,0,0,0,0,1,0,0,0,0,0
776,201822,0,0,0,0,0,0,0,1,0,0,0,0,0
777,202083,0,0,0,0,0,0,0,1,0,0,0,0,0
778,202343,0,0,0,0,0,0,0,1,0,0,0,0,0
779,202604,0,0,0,0,0,0,0,1,0,0,0,0,0
780,202864,0,0,0,0,0,0,0,1,0,0,0,0,0
781,203125,0,0,0,0,0,0,0,1,0,0,0,0,0
782,203385,0,0,0,0,0,0,0,1,0,0,0,0,0
783,203645,0,0,0,0,0,0,0,1,0,0,0,0,0
784,203906,0,0,0,0,0,0,0,1,0,0,0,0,0
785,204166,0,0,0,0,0,0,0,1,0,0,0,0,0
786,204427,0,0,0,0,0,0,0,1,0,0,0,0,0
787,204687,0,0,0,0,0,0,0,1,0,0,0,0,0
788,204947,0,0,0,0,0,0,0,1,0,0,0,0,0
789,205208,0,0,0,0,0,0,0,1,0,0,0,0,0
790,205468,0,0,0,0,0,0,0,1,0,0,0,0,0
791,205729,0,0,0,0,0,0,0,1,0,0,0,0,0
792,205989,0,0,0,0,0,0,0,1,0,0,0,0,0
793,206250,0,0,0,0,0,0,0,1,0,0,0,0,0
794,206510,0,0,0,0,0,0,0,1,0,0,0,0,0
795,206770,0,0,0,0,0,0,0,1,0,0,0,0,0
796,207031,0,0,0,0,0,0,0,1,0,0,0,0,0
797,207291,0,0,0,0,0,0,0,1,0,0,0,0,0
798,207552,0,0,0,0,0,0,0,1,0,0,0,0,0
799,207812,0,0,0,0,0,0,0,1,0,0,0,0,0
800,208072,0,0,0,0,0,0,0,1,0,0,0,0,0
801,208333,0,0,0,0,0,0,0,1,0,0,0,0,0
802,208593,0,0,0,0,0,0,0,1,0,0,0,0,0
803,208854,0,0,0,0,0,0,0,1,0,0,0,0,0
804,209114,0,0,0,0,0,0,0,1,0,0,0,0,0
805,209375,0,0,0,0,0,0,0,1,0,0,0,0,0
806,209635,0,0,0,0,0,0,0,1,0,0,0,0,0
807,209895,0,0,0,0,0,0,0,1,0,0,0,0,0
808,210156,0,0,0,0,0,0,0,1,0,0,0,0,0
809,210416,0,0,0,0,0,0,0,1,0,0,0,0,0
810,210677,0,0,0,0,0,0,0,1,0,0,0,0,0
811,210937,0,0,0,0,0,0,0,1,0,0,0,0,0
812,211197,0,0,0,0,0,0,0,1,0,0,0,0,0
813,211458,0,0,0,0,0,0,0,1,0,0,0,0,0
814,211718,0,0,0,0,0,0,0,1,0,0,0,0,0
815,211979,0,0,0,0,0,0,0,1,0,0,0,0,0
816,212239,0,0,0,0,0,0,0,1,0,0,0,0,0
817,212500,0,0,0,0,0,0,0,1,0,0,0,0,0
818,212760,0,0,0,0,0,0,0,1,0,0,0,0,0
819,213020,0,0,0,0,0,0,0,1,0,0,0,0,0
820,213281,0,0,0,0,0,0,0,1,0,0,0,0,0
821,213541,0,0,0,0,0,0,0,1,0,0,0,0,0
822,213802,0,0,0,0,0,0,0,1,0,0,0,0,0
823,214062,0,0,0,0,0,0,0,1,0,0,0,0,0
824,214322,0,0,0,0,0,0,0,1,0,0,0,0,0
825,214583,0,0,0,0,0,0,0,1,0,0,0,0,0
826,214843,0,0,0,0,0,0,0,1,0,0,0,0,0
827,215104,0,0,0,0,0,0,0,1,0,0,0,0,0
828,215364,0,0,0,0,0,0,0,1,0,0,0,0,0
829,215625,0,0,0,0,0,0,0,1,0,0,0,0,0
830,215885,0,0,0,0,0,0,0,1,0,0,0,0,0
831,216145,0,0,0,0,0,0,0,1,0,0,0,0,0
832,216406,0,0,0,0,0,0,0,1,0,0,0,0,0
833,216666,0,0,0,0,0,0,0,1,0,0,0,0,0
834,216927,0,0,0,0,0,0,0,1,0,0,0,0,0
835,217187,0,0,0,0,0,0,0,1,0,0,0,0,0
836,217447,0,0,0,0,0,0,0,1,0,0,0,0,0
837,217708,0,0,0,0,0,0,0,1,0,0,0,0,0
838,217968,0,0,0,0,0,0,0,1,0,0,0,0,0
839,218229,0,0,0,0,0,0,0,1,0,0,0,0,0
840,218489,0,0,0,0,0,0,0,1,0,0,0,0,0
841,218750,0,0,0,0,0,0,0,1,0,0,0,0,0
842,219010,0,0,0,0,0,0,0,1,0,0,0,0,0
843,219270,0,0,0,0,0,0,0,1,0,0,0,0,0
844,219531,0,0,0,0,0,0,0,1,0,0,0,0,0
845,219791,0,0,0,0,0,0,0,1,0,0,0,0,0
846,220052,0,0,0,0,0,0,0,1,0,0,0,0,0
847,220312,0,0,0,0,0,0,0,1,0,0,0,0,0
848,220572,0,0,0,0,0,0,0,1,0,0,0,0,0
849,220833,0,0,0,0,0,0,0,1,0,0,0,0,0
850,221093,0,0,0,0,0,0,0,1,0,0,0,0,0
851,221354,0,0,0,0,0,0,0,1,0,0,0,0,0
852,221614,0,0,0,0,0,0,0,1,0,0,0,0,0
853,221875,0,0,0,0,0,0,0,1,0,0,0,0,0
854,222135,0,0,0,0,0,0,0,1,0,0,0,0,0
855,222395,0,0,0,0,0,0,0,1,0,0,0,0,0
856,222656,0,0,0,0,0,0,0,1,0,0,0,0,0
857,222916,0,0,0,0,0,0,0,1,0,0,0,0,0
858,223177,0,0,0,0,0,0,0,1,0,0,0,0,0
859,223437,0,0,0,0,0,0,0,1,0,0,0,0,0
860,223697,0,0,0,0,0,0,0,1,0,0,0,0,0
861,223958,0,0,0,0,0,0,0,1,0,0,0,0,0
862,224218,0,0,0,0,0,0,0,1,0,0,0,0,0
863,224479,0,0,0,0,0,0,0,1,0,0,0,0,0
864,224739,0,0,0,0,0,0,0,1,0,0,0,0,0
865,225000,0,0,0,0,0,0,0,1,0,0,0,0,0
866,225260,0,0,0,0,0,0,0,1,0,0,0,0,0
867,225520,0,0,0,0,0,0,0,1,0,0,0,0,0
868,225781,0,0,0,0,0,0,0,1,0,0,0,0,0
869,226041,0,0,0,0,0,0,0,1,0,0,0,0,0
870,226302,0,0,0,0,0,0,0,1,0,0,0,0,0
871,226562,0,0,0,0,0,0,0,1,0,0,0,0,0
872,226822,0,0,0,0,0,0,0,1,0,0,0,0,0
873,227083,0,0,0,0,0,0,0,1,0,0,0,0,0
874,227343,0,0,0,0,0,0,0,1,0,0,0,0,0
875,227604,0,0,0,0,0,0,0,1,0,0,0,0,0
876,227864,0,0,0,0,0,0,0,1,0,0,0,0,0
877,228125,0,0,0,0,0,0,0,1,0,0,0,0,0
878,228385,0,0,0,0,0,0,0,1,0,0,0,0,0
879,228645,0,0,0,0,0,0,0,1,0,0,0,0,0
880,228906,0,0,0,0,0,0,0,1,0,0,0,0,0
881,229166,0,0,0,0,0,0,0,1,0,0,0,0,0
882,229427,0,0,0,0,0,0,0,1,0,0,0,0,0
883,229687,0,0,0,0,0,0,0,1,0,0,0,0,0
884,229947,0,0,0,0,0,0,0,1,0,0,0,0,0
885,230208,0,0,0,0,0,0,0,1,0,0,0,0,0
886,230468,0,0,0,0,0,0,0,1,0,0,0,0,0
887,230729,0,0,0,0,0,0,0,1,0,0,0,0,0
888,230989,0,0,0,0,0,0,0,1,0,0,0,0,0
889,231250,0,0,0,0,0,0,0,1,0,0,0,0,0
890,231510,0,0,0,0,0,0,0,1,0,0,0,0,0
891,231770,0,0,0,0,0,0,0,1,0,0,0,0,0
892,232031,0,0,0,0,0,0,0,1,0,0,0,0,0
893,232291,0,0,0,0,0,0,0,1,0,0,0,0,0
894,232552,0,0,0,0,0,0,0,1,0,0,0,0,0
895,232812,0,0,0,0,0,0,0,1,0,0,0,0,0
896,233072,0,0,0,0,0,0,0,1,0,0,0,0,0
897,233333,0,0,0,0,0,0,0,1,0,0,0,0,0
898,233593,0,0,0,0,0,0,0,1,0,0,0,0,0
899,233854,0,0,0,0,0,0,0,1,0,0,0,0,0
900,234114,0,0,0,0,0,0,0,1,0,0,0,0,0
901,234375,0,0,0,0,0,0,0,1,0,0,0,0,0
902,234635,0,0,0,0,0,0,0,1,0,0,0,0,0
903,234895,0,0,0,0,0,0,0,1,0,0,0,0,0
904,235156,0,0,0,0,0,0,0,1,0,0,0,0,0
905,235416,0,0,0,0,0,0,0,1,0,0,0,0,0
906,235677,0,0,0,0,0,0,0,1,0,0,0,0,0
907,235937,0,0,0,0,0,0,0,1,0,0,0,0,0
908,236197,0,0,0,0,0,0,0,1,0,0,0,0,0
909,236458,0,0,0,0,0,0,0,1,0,0,0,0,0
910,236718,0,0,0,0,0,0,0,1,0,0,0,0,0
911,236979,0,0,0,0,0,0,0,1,0,0,0,0,0
912,237239,0,0,0,0,0,0,0,1,0,0,0,0,0
913,237500,0,0,0,0,0,0,0,1,0,0,0,0,0
914,237760,0,0,0,0,0,0,0,1,0,0,0,0,0
915,238020,0,0,0,0,0,0,0,1,0,0,0,0,0
916,238281,0,0,0,0,0,0,0,1,0,0,0,0,0
917,238541,0,0,0,0,0,0,0,1,0,0,0,0,0
918,238802,0,0,0,0,0,0,0,1,0,0,0,0,0
919,239062,0,0,0,0,0,0,0,1,0,0,0,0,0
920,239322,0,0,0,0,0,0,0,1,0,0,0,0,0
921,239583,0,0,0,0,0,0,0,1,0,0,0,0,0
922,239843,0,0,0,0,0,0,0,1,0,0,0,0,0
923,240104,0,0,0,0,0,0,0,1,0,0,0,0,0
924,240364,0,0,0,0,0,0,0,1,0,0,0,0,0
925,240625,0,0,0,0,0,0,0,1,0,0,0,0,0
926,240885,0,0,0,0,0,0,0,1,0,0,0,0,0
927,241145,0,0,0,0,0,0,0,1,0,0,0,0,0
928,241406,0,0,0,0,0,0,0,1,0,0,0,0,0
929,241666,0,0,0,0,0,0,0,1,0,0,0,0,0
930,241927,0,0,0,0,0,0,0,1,0,0,0,0,0
931,242187,0,0,0,0,0,0,0,1,0,0,0,0,0
932,242447,0,0,0,0,0,0,0,1,0,0,0,0,0
933,242708,0,0,0,0,0,0,0,1,0,0,0,0,0
934,242968,0,0,0,0,0,0,0,1,0,0,0,0,0
935,243229,0,0,0,0,0,0,0,1,0,0,0,0,0
936,243489,0,0,0,0,0,0,0,1,0,0,0,0,0
937,243750,0,0,0,0,0,0,0,1,0,0,0,0,0
938,244010,0,0,0,0,0,0,0,1,0,0,0,0,0
939,244270,0,0,0,0,0,0,0,1,0,0,0,0,0
940,244531,0,0,0,0,0,0,0,1,0,0,0,0,0
941,244791,0,0,0,0,0,0,0,1,0,0,0,0,0
942,245052,0,0,0,0,0,0,0,1,0,0,0,0,0
943,245312,0,0,0,0,0,0,0,1,0,0,0,0,0
944,245572,0,0,0,0,0,0,0,1,0,0,0,0,0
945,245833,0,0,0,0,0,0,0,1,0,0,0,0,0
946,246093,0,0,0,0,0,0,0,1,0,0,0,0,0
947,246354,0,0,0,0,0,0,0,1,0,0,0,0,0
948,246614,0,0,0,0,0,0,0,1,0,0,0,0,0
949,246875,0,0,0,0,0,0,0,1,0,0,0,0,0
950,247135,0,0,0,0,0,0,0,1,0,0,0,0,0
951,247395,0,0,0,0,0,0,0,1,0,0,0,0,0
952,247656,0,0,0,0,0,0,0,1,0,0,0,0,0
953,247916,0,0,0,0,0,0,0,1,0,0,0,0,0
954,248177,0,0,0,0,0,0,0,1,0,0,0,0,0
955,248437,0,0,0,0,0,0,0,1,0,0,0,0,0
956,248697,0,0,0,0,0,0,0,1,0,0,0,0,0
957,248958,0,0,0,0,0,0,0,1,0,0,0,0,0
958,249218,0,0,0,0,0,0,0,1,0,0,0,0,0
959,249479,0,0,0,0,0,0,0,1,0,0,0,0,0
960,249739,0,0,0,0,0,0,0,1,0,0,0,0,0
961,250000,0,0,0,0,0,0,0,1,0,0,0,0,0
962,250260,0,0,0,0,0,0,0,1,0,0,0,0,0
963,250520,0,0,0,0,0,0,0,1,0,0,0,0,0
964,250781,0,0,0,0,0,0,0,1,0,0,0,0,0
965,251041,0,0,0,0,0,0,0,1,0,0,0,0,0
966,251302,0,0,0,0,0,0,0,1,0,0,0,0,0
967,251562,0,0,0,0,0,0,0,1,0,0,0,0,0
968,251822,0,0,0,0,0,0,0,1,0,0,0,0,0
969,252083,0,0,0,0,0,0,0,1,0,0,0,0,0
970,252343,0,0,0,0,0,0,0,1,0,0,0,0,0
971,252604,0,0,0,0,0,0,0,1,0,0,0,0,0
972,252864,0,0,0,0,0,0,0,1,0,0,0,0,0
973,253125,0,0,0,0,0,0,0,1,0,0,0,0,0
974,253385,0,0,0,0,0,0,0,1,0,0,0,0,0
975,253645,0,0,0,0,0,0,0,1,0,0,0,0,0
976,253906,0,0,0,0,0,0,0,1,0,0,0,0,0
977,254166,0,0,0,0,0,0,0,1,0,0,0,0,0
978,254427,0,0,0,0,0,0,0,1,0,0,0,0,0
979,254687,0,0,0,0,0,0,0,1,0,0,0,0,0
980,254947,0,0,0,0,0,0,0,1,0,0,0,0,0
981,255208,0,0,0,0,0,0,0,1,0,0,0,0,0
982,255468,0,0,0,0,0,0,0,1,0,0,0,0,0
983,255729,0,0,0,0,0,0,0,1,0,0,0,0,0
984,255989,0,0,0,0,0,0,0,1,0,0,0,0,0
985,256249,0,0,0,0,0,0,0,1,0,0,0,0,0
986,256510,0,0,0,0,0,0,0,1,0,0,0,0,0
987,256770,0,0,0,0,0,0,0,1,0,0,0,0,0
988,257031,0,0,0,0,0,0,0,1,0,0,0,0,0
989,257291,0,0,0,0,0,0,0,1,0,0,0,0,0
990,257552,0,0,0,0,0,0,0,1,0,0,0,0,0
991,257812,0,0,0,0,0,0,0,1,0,0,0,0,0
992,258072,0,0,0,0,0,0,0,1,0,0,0,0,0
993,258333,0,0,0,0,0,0,0,1,0,0,0,0,0
994,258593,0,0,0,0,0,0,0,1,0,0,0,0,0
995,258854,0,0,0,0,0,0,0,1,0,0,0,0,0
996,259114,0,0,0,0,0,0,0,1,0,0,0,0,0
997,259375,0,0,0,0,0,0,0,1,0,0,0,0,0
998,259635,0,0,0,0,0,0,0,1,0,0,0,0,0
999,259895,0,0,0,0,0,0,0,1,0,0,0,0,0
1000,260156,0,0,0,0,0,0,0,1,0,0,0,0,0
1001,260416,0,0,0,0,0,0,0,1,0,0,0,0,0
1002,260677,0,0,0,0,0,0,0,1,0,0,0,0,0
1003,260937,0,0,0,0,0,0,0,1,0,0,0,0,0
1004,261197,0,0,0,0,0,0,0,1,0,0,0,0,0
1005,261458,0,0,0,0,0,0,0,1,0,0,0,0,0
1006,261718,0,0,0,0,0,0,0,1,0,0,0,0,0
1007,261979,0,0,0,0,0,0,0,1,0,0,0,0,0
1008,262239,0,0,0,0,0,0,0,1,0,0,0,0,0
1009,262500,0,0,0,0,0,0,0,1,0,0,0,0,0
1010,262760,0,0,0,0,0,0,0,1,0,0,0,0,0
1011,263020,0,0,0,0,0,0,0,1,0,0,0,0,0
1012,263281,0,0,0,0,0,0,0,1,0,0,0,0,0
1013,263541,0,0,0,0,0,0,0,1,0,0,0,0,0
1014,263802,0,0,0,0,0,0,0,1,0,0,0,0,0
1015,264062,0,0,0,0,0,0,0,1,0,0,0,0,0
1016,264322,0,0,0,0,0,0,0,1,0,0,0,0,0
1017,264583,0,0,0,0,0,0,0,1,0,0,0,0,0
1018,264843,0,0,0,0,0,0,0,1,0,0,0,0,0
1019,265104,0,0,0,0,0,0,0,1,0,0,0,0,0
1020,265364,0,0,0,0,0,0,0,1,0,0,0,0,0
1021,265625,0,0,0,0,0,0,0,1,0,0,0,0,0
1022,265885,0,0,0,0,0,0,0,1,0,0,0,0,0
1023,266145,0,0,0,0,0,0,0,1,0,0,0,0,0
1024,266406,0,0,0,0,0,0,0,1,0,0,0,0,0
1025,266666,0,0,0,0,0,0,0,1,0,0,0,0,0
1026,266927,0,0,0,0,0,0,0,1,0,0,0,0,0
1027,267187,0,0,0,0,0,0,0,1,0,0,0,0,0
1028,267447,0,0,0,0,0,0,0,1,0,0,0,0,0
1029,267708,0,0,0,0,0,0,0,1,0,0,0,0,0
1030,267968,0,0,0,0,0,0,0,1,0,0,0,0,0
1031,268229,0,0,0,0,0,0,0,1,0,0,0,0,0
1032,268489,0,0,0,0,0,0,0,1,0,0,0,0,0
1033,268750,0,0,0,0,0,0,0,1,0,0,0,0,0
1034,269010,0,0,0,0,0,0,0,1,0,0,0,0,0
1035,269270,0,0,0,0,0,0,0,1,0,0,0,0,0
1036,269531,0,0,0,0,0,0,0,1,0,0,0,0,0
1037,269791,0,0,0,0,0,0,0,1,0,0,0,0,0
1038,270052,0,0,0,0,0,0,0,1,0,0,0,0,0
1039,270312,0,0,0,0,0,0,0,1,0,0,0,0,0
1040,270572,0,0,0,0,0,0,0,1,0,0,0,0,0
1041,270833,0,0,0,0,0,0,0,1,0,0,0,0,0
1042,271093,0,0,0,0,0,0,0,1,0,0,0,0,0
1043,271354,0,0,0,0,0,0,0,1,0,0,0,0,0
1044,271614,0,0,0,0,0,0,0,1,0,0,0,0,0
1045,271875,0,0,0,0,0,0,0,1,0,0,0,0,0
1046,272135,0,0,0,0,0,0,0,1,0,0,0,0,0
1047,272395,0,0,0,0,0,0,0,1,0,0,0,0,0
1048,272656,0,0,0,0,0,0,0,1,0,0,0,0,0
1049,272916,0,0,0,0,0,0,0,1,0,0,0,0,0
1050,273177,0,0,0,0,0,0,0,1,0,0,0,0,0
1051,273437,0,0,0,0,0,0,0,1,0,0,0,0,0
1052,273697,0,0,0,0,0,0,0,1,0,0,0,0,0
1053,273958,0,0,0,0,0,0,0,1,0,0,0,0,0
1054,274218,0,0,0,0,0,0,0,1,0,0,0,0,0
1055,274479,0,0,0,0,0,0,0,1,0,0,0,0,0
1056,274739,0,0,0,0,0,0,0,1,0,0,0,0,0
1057,275000,0,0,0,0,0,0,0,1,0,0,0,0,0
1058,275260,0,0,0,0,0,0,0,1,0,0,0,0,0
1059,275520,0,0,0,0,0,0,0,1,0,0,0,0,0
1060,275781,0,0,0,0,0,0,0,1,0,0,0,0,0
1061,276041,0,0,0,0,0,0,0,1,0,0,0,0,0
1062,276302,0,0,0,0,0,0,0,1,0,0,0,0,0
1063,276562,0,0,0,0,0,0,0,1,0,0,0,0,0
1064,276822,0,0,0,0,0,0,0,1,0,0,0,0,0
1065,277083,0,0,0,0,0,0,0,1,0,0,0,0,0
1066,277343,0,0,0,0,0,0,0,1,0,0,0,0,0
1067,277604,0,0,0,0,0,0,0,1,0,0,0,0,0
1068,277864,0,0,0,0,0,0,0,1,0,0,0,0,0
1069,278125,0,0,0,0,0,0,0,1,0,0,0,0,0
1070,278385,0,0,0,0,0,0,0,1,0,0,0,0,0
1071,278645,0,0,0,0,0,0,0,1,0,0,0,0,0
1072,278906,0,0,0,0,0,0,0,1,0,0,0,0,0
1073,279166,0,0,0,0,0,0,0,1,0,0,0,0,0
1074,279427,0,0,0,0,0,0,0,1,0,0,0,0,0
1075,279687,0,0,0,0,0,0,0,1,0,0,0,0,0
1076,279947,0,0,0,0,0,0,0,1,0,0,0,0,0
1077,280208,0,0,0,0,0,0,0,1,0,0,0,0,0
1078,280468,0,0,0,0,0,0,0,1,0,0,0,0,0
1079,280729,0,0,0,0,0,0,0,1,0,0,0,0,0
1080,280989,0,0,0,0,0,0,0,1,0,0,0,0,0
1081,281250,0,0,0,0,0,0,0,1,0,0,0,0,0
1082,281510,0,0,0,0,0,0,0,1,0,0,0,0,0
1083,281770,0,0,0,0,0,0,0,1,0,0,0,0,0
1084,282031,0,0,0,0,0,0,0,1,0,0,0,0,0
1085,282291,0,0,0,0,0,0,0,1,0,0,0,0,0
1086,282552,0,0,0,0,0,0,0,1,0,0,0,0,0
1087,282812,0,0,0,0,0,0,0,1,0,0,0,0,0
1088,283072,0,0,0,0,0,0,0,1,0,0,0,0,0
1089,283333,0,0,0,0,0,0,0,1,0,0,0,0,0
1090,283593,0,0,0,0,0,0,0,1,0,0,0,0,0
1091,283854,0,0,0,0,0,0,0,1,0,0,0,0,0
1092,284114,0,0,0,0,0,0,0,1,0,0,0,0,0
1093,284375,0,0,0,0,0,0,0,1,0,0,0,0,0
1094,284635,0,0,0,0,0,0,0,1,0,0,0,0,0
1095,284895,0,0,0,0,0,0,0,1,0,0,0,0,0
1096,285156,0,0,0,0,0,0,0,1,0,0,0,0,0
1097,285416,0,0,0,0,0,0,0,1,0,0,0,0,0
1098,285677,0,0,0,0,0,0,0,1,0,0,0,0,0
1099,285937,0,0,0,0,0,0,0,1,0,0,0,0,0
1100,286197,0,0,0,0,0,0,0,1,0,0,0,0,0
1101,286458,0,0,0,0,0,0,0,1,0,0,0,0,0
1102,286718,0,0,0,0,0,0,0,1,0,0,0,0,0
1103,286979,0,0,0,0,0,0,0,1,0,0,0,0,0
1104,287239,0,0,0,0,0,0,0,1,0,0,0,0,0
1105,287500,0,0,0,0,0,0,0,1,0,0,0,0,0
1106,287760,0,0,0,0,0,0,0,1,0,0,0,0,0
1107,288020,0,0,0,0,0,0,0,1,0,0,0,0,0
1108,288281,0,0,0,0,0,0,0,1,0,0,0,0,0
1109,288541,0,0,0,0,0,0,0,1,0,0,0,0,0
1110,288802,0,0,0,0,0,0,0,1,0,0,0,0,0
1111,289062,0,0,0,0,0,0,0,1,0,0,0,0,0
1112,289322,0,0,0,0,0,0,0,1,0,0,0,0,0
1113,289583,0,0,0,0,0,0,0,1,0,0,0,0,0
1114,289843,0,0,0,0,0,0,0,1,0,0,0,0,0
1115,290104,0,0,0,0,0,0,0,1,0,0,0,0,0
1116,290364,0,0,0,0,0,0,0,1,0,0,0,0,0
1117,290625,0,0,0,0,0,0,0,1,0,0,0,0,0
1118,290885,0,0,0,0,0,0,0,1,0,0,0,0,0
1119,291145,0,0,0,0,0,0,0,1,0,0,0,0,0
1120,291406,0,0,0,0,0,0,0,1,0,0,0,0,0
1121,291666,0,0,0,0,0,0,0,1,0,0,0,0,0
1122,291927,0,0,0,0,0,0,0,1,0,0,0,0,0
1123,292187,0,0,0,0,0,0,0,1,0,0,0,0,0
1124,292447,0,0,0,0,0,0,0,1,0,0,0,0,0
1125,292708,0,0,0,0,0,0,0,1,0,0,0,0,0
1126,292968,0,0,0,0,0,0,0,1,0,0,0,0,0
1127,293229,0,0,0,0,0,0,0,1,0,0,0,0,0
1128,293489,0,0,0,0,0,0,0,1,0,0,0,0,0
1129,293750,0,0,0,0,0,0,0,1,0,0,0,0,0
1130,294010,0,0,0,0,0,0,0,1,0,0,0,0,0
1131,294270,0,0,0,0,0,0,0,1,0,0,0,0,0
1132,294531,0,0,0,0,0,0,0,1,0,0,0,0,0
1133,294791,0,0,0,0,0,0,0,1,0,0,0,0,0
1134,295052,0,0,0,0,0,0,0,1,0,0,0,0,0
1135,295312,0,0,0,0,0,0,0,1,0,0,0,0,0
1136,295572,0,0,0,0,0,0,0,1,0,0,0,0,0
1137,295833,0,0,0,0,0,0,0,1,0,0,0,0,0
1138,296093,0,0,0,0,0,0,0,1,0,0,0,0,0
1139,296354,0,0,0,0,0,0,0,1,0,0,0,0,0
1140,296614,0,0,0,0,0,0,0,1,0,0,0,0,0
1141,296875,0,0,0,0,0,0,0,1,0,0,0,0,0
1142,297135,0,0,0,0,0,0,0,1,0,0,0,0,0
1143,297395,0,0,0,0,0,0,0,1,0,0,0,0,0
1144,297656,0,0,0,0,0,0,0,1,0,0,0,0,0
1145,297916,0,0,0,0,0,0,0,1,0,0,0,0,0
1146,298177,0,0,0,0,0,0,0,1,0,0,0,0,0
1147,298437,0,0,0,0,0,0,0,1,0,0,0,0,0
1148,298697,0,0,0,0,0,0,0,1,0,0,0,0,0
1149,298958,0,0,0,0,0,0,0,1,0,0,0,0,0
1150,299218,0,0,0,0,0,0,0,1,0,0,0,0,0
1151,299479,0,0,0,0,0,0,0,1,0,0,0,0,0
1152,299739,0,0,0,0,0,0,0,1,0,0,0,0,0
1153,300000,0,0,0,0,0,0,0,1,0,0,0,0,0
1154,300260,0,0,0,0,0,0,0,1,0,0,0,0,0
1155,300520,0,0,0,0,0,0,0,1,0,0,0,0,0
1156,300781,0,0,0,0,0,0,0,1,0,0,0,0,0
1157,301041,0,0,0,0,0,0,0,1,0,0,0,0,0
1158,301302,0,0,0,0,0,0,0,1,0,0,0,0,0
1159,301562,0,0,0,0,0,0,0,1,0,0,0,0,0
1160,301822,0,0,0,0,0,0,0,1,0,0,0,0,0
1161,302083,0,0,0,0,0,0,0,1,0,0,0,0,0
1162,302343,0,0,0,0,0,0,0,1,0,0,0,0,0
1163,302604,0,0,0,0,0,0,0,1,0,0,0,0,0
1164,302864,0,0,0,0,0,0,0,1,0,0,0,0,0
1165,303125,0,0,0,0,0,0,0,1,0,0,0,0,0
1166,303385,0,0,0,0,0,0,0,1,0,0,0,0,0
1167,303645,0,0,0,0,0,0,0,1,0,0,0,0,0
1168,303906,0,0,0,0,0,0,0,1,0,0,0,0,0
1169,304166,0,0,0,0,0,0,0,1,0,0,0,0,0
1170,304427,0,0,0,0,0,0,0,1,0,0,0,0,0
1171,304687,0,0,0,0,0,0,0,1,0,0,0,0,0
1172,304947,0,0,0,0,0,0,0,1,0,0,0,0,0
1173,305208,0,0,0,0,0,0,0,1,0,0,0,0,0
1174,305468,0,0,0,0,0,0,0,1,0,0,0,0,0
1175,305729,0,0,0,0,0,0,0,1,0,0,0,0,0
1176,305989,0,0,0,0,0,0,0,1,0,0,0,0,0
1177,306250,0,0,0,0,0,0,0,1,0,0,0,0,0
1178,306510,0,0,0,0,0,0,0,1,0,0,0,0,0
1179,306770,0,0,0,0,0,0,0,1,0,0,0,0,0
1180,307031,0,0,0,0,0,0,0,1,0,0,0,0,0
1181,307291,0,0,0,0,0,0,0,1,0,0,0,0,0
1182,307552,0,0,0,0,0,0,0,1,0,0,0,0,0
1183,307812,0,0,0,0,0,0,0,1,0,0,0,0,0
1184,308072,0,0,0,0,0,0,0,1,0,0,0,0,0
1185,308333,0,0,0,0,0,0,0,1,0,0,0,0,0
1186,308593,0,0,0,0,0,0,0,1,0,0,0,0,0
1187,308854,0,0,0,0,0,0,0,1,0,0,0,0,0
1188,309114,0,0,0,0,0,0,0,1,0,0,0,0,0
1189,309375,0,0,0,0,0,0,0,1,0,0,0,0,0
1190,309635,0,0,0,0,0,0,0,1,0,0,0,0,0
1191,309895,0,0,0,0,0,0,0,1,0,0,0,0,0
1192,310156,0,0,0,0,0,0,0,1,0,0,0,0,0
1193,310416,0,0,0,0,0,0,0,1,0,0,0,0,0
1194,310677,0,0,0,0,0,0,0,1,0,0,0,0,0
1195,310937,0,0,0,0,0,0,0,1,0,0,0,0,0
1196,311197,0,0,0,0,0,0,0,1,0,0,0,0,0
1197,311458,0,0,0,0,0,0,0,1,0,0,0,0,0
1198,311718,0,0,0,0,0,0,0,1,0,0,0,0,0
1199,311979,0,0,0,0,0,0,0,1,0,0,0,0,0
1200,312239,0,0,0,0,0,0,0,1,0,0,0,0,0
1201,312500,0,0,0,0,0,0,0,1,0,0,0,0,0
1202,312760,0,0,0,0,0,0,0,1,0,0,0,0,0
1203,313020,0,0,0,0,0,0,0,1,0,0,0,0,0
1204,313281,0,0,0,0,0,0,0,1,0,0,0,0,0
1205,313541,0,0,0,0,0,0,0,1,0,0,0,0,0
1206,313802,0,0,0,0,0,0,0,1,0,0,0,0,0
1207,314062,0,0,0,0,0,0,0,1,0,0,0,0,0
1208,314322,0,0,0,0,0,0,0,1,0,0,0,0,0
1209,314583,0,0,0,0,0,0,0,1,0,0,0,0,0
1210,314843,0,0,0,0,0,0,0,1,0,0,0,0,0
1211,315104,0,0,0,0,0,0,0,1,0,0,0,0,0
1212,315364,0,0,0,0,0,0,0,1,0,0,0,0,0
1213,315625,0,0,0,0,0,0,0,1,0,0,0,0,0
1214,315885,0,0,0,0,0,0,0,1,0,0,0,0,0
1215,316145,0,0,0,0,0,0,0,1,0,0,0,0,0
1216,316406,0,0,0,0,0,0,0,1,0,0,0,0,0
1217,316666,0,0,0,0,0,0,0,1,0,0,0,0,0
1218,316927,0,0,0,0,0,0,0,1,0,0,0,0,0
1219,317187,0,0,0,0,0,0,0,1,0,0,0,0,0
1220,317447,0,0,0,0,0,0,0,1,0,0,0,0,0
1221,317708,0,0,0,0,0,0,0,1,0,0,0,0,0
1222,317968,0,0,0,0,0,0,0,1,0,0,0,0,0
1223,318229,0,0,0,0,0,0,0,1,0,0,0,0,0
1224,318489,0,0,0,0,0,0,0,1,0,0,0,0,0
1225,318750,0,0,0,0,0,0,0,1,0,0,0,0,0
1226,319010,0,0,0,0,0,0,0,1,0,0,0,0,0
1227,319270,0,0,0,0,0,0,0,1,0,0,0,0,0
1228,319531,0,0,0,0,0,0,0,1,0,0,0,0,0
1229,319791,0,0,0,0,0,0,0,1,0,0,0,0,0
1230,320052,0,0,0,0,0,0,0,1,0,0,0,0,0
1231,320312,0,0,0,0,0,0,0,1,0,0,0,0,0
1232,320572,0,0,0,0,0,0,0,1,0,0,0,0,0
1233,320833,0,0,0,0,0,0,0,1,0,0,0,0,0
1234,321093,0,0,0,0,0,0,0,1,0,0,0,0,0
1235,321354,0,0,0,0,0,0,0,1,0,0,0,0,0
1236,321614,0,0,0,0,0,0,0,1,0,0,0,0,0
1237,321875,0,0,0,0,0,0,0,1,0,0,0,0,0
1238,322135,0,0,0,0,0,0,0,1,0,0,0,0,0
1239,322395,0,0,0,0,0,0,0,1,0,0,0,0,0
1240,322656,0,0,0,0,0,0,0,1,0,0,0,0,0
1241,322916,0,0,0,0,0,0,0,1,0,0,0,0,0
1242,323177,0,0,0,0,0,0,0,1,0,0,0,0,0
1243,323437,0,0,0,0,0,0,0,1,0,0,0,0,0
1244,323697,0,0,0,0,0,0,0,1,0,0,0,0,0
1245,323958,0,0,0,0,0,0,0,1,0,0,0,0,0
1246,324218,0,0,0,0,0,0,0,1,0,0,0,0,0
1247,324479,0,0,0,0,0,0,0,1,0,0,0,0,0
1248,324739,0,0,0,0,0,0,0,1,0,0,0,0,0
1249,325000,0,0,0,0,0,0,0,1,0,0,0,0,0
1250,325260,0,0,0,0,0,0,0,1,0,0,0,0,0
1251,325520,0,0,0,0,0,0,0,1,0,0,0,0,0
1252,325781,0,0,0,0,0,0,0,1,0,0,0,0,0
1253,326041,0,0,0,0,0,0,0,1,0,0,0,0,0
1254,326302,0,0,0,0,0,0,0,1,0,0,0,0,0
1255,326562,0,0,0,0,0,0,0,1,0,0,0,0,0
1256,326822,0,0,0,0,0,0,0,1,0,0,0,0,0
1257,327083,0,0,0,0,0,0,0,1,0,0,0,0,0
1258,327343,0,0,0,0,0,0,0,1,0,0,0,0,0
1259,327604,0,0,0,0,0,0,0,1,0,0,0,0,0
1260,327864,0,0,0,0,0,0,0,1,0,0,0,0,0
1261,328125,0,0,0,0,0,0,0,1,0,0,0,0,0
1262,328385,0,0,0,0,0,0,0,1,0,0,0,0,0
1263,328645,0,0,0,0,0,0,0,1,0,0,0,0,0
1264,328906,0,0,0,0,0,0,0,1,0,0,0,0,0
1265,329166,0,0,0,0,0,0,0,1,0,0,0,0,0
1266,329427,0,0,0,0,0,0,0,1,0,0,0,0,0
1267,329687,0,0,0,0,0,0,0,1,0,0,0,0,0
1268,329947,0,0,0,0,0,0,0,1,0,0,0,0,0
1269,330208,0,0,0,0,0,0,0,1,0,0,0,0,0
1270,330468,0,0,0,0,0,0,0,1,0,0,0,0,0
1271,330729,0,0,0,0,0,0,0,1,0,0,0,0,0
1272,330989,0,0,0,0,0,0,0,1,0,0,0,0,0
1273,331250,0,0,0,0,0,0,0,1,0,0,0,0,0
1274,331510,0,0,0,0,0,0,0,1,0,0,0,0,0
1275,331770,0,0,0,0,0,0,0,1,0,0,0,0,0
1276,332031,0,0,0,0,0,0,0,1,0,0,0,0,0
1277,332291,0,0,0,0,0,0,0,1,0,0,0,0,0
1278,332552,0,0,0,0,0,0,0,1,0,0,0,0,0
1279,332812,0,0,0,0,0,0,0,1,0,0,0,0,0
1280,333072,0,0,0,0,0,0,0,1,0,0,0,0,0
1281,333333,0,0,0,0,0,0,0,1,0,0,0,0,0
1282,333593,0,0,0,0,0,0,0,1,0,0,0,0,0
1283,333854,0,0,0,0,0,0,0,1,0,0,0,0,0
1284,334114,0,0,0,0,0,0,0,1,0,0,0,0,0
1285,334375,0,0,0,0,0,0,0,1,0,0,0,0,0
1286,334635,0,0,0,0,0,0,0,1,0,0,0,0,0
1287,334895,0,0,0,0,0,0,0,1,0,0,0,0,0
1288,335156,0,0,0,0,0,0,0,1,0,0,0,0,0
1289,335416,0,0,0,0,0,0,0,1,0,0,0,0,0
1290,335677,0,0,0,0,0,0,0,1,0,0,0,0,0
1291,335937,0,0,0,0,0,0,0,1,0,0,0,0,0
1292,336197,0,0,0,0,0,0,0,1,0,0,0,0,0
1293,336458,0,0,0,0,0,0,0,1,0,0,0,0,0
1294,336718,0,0,0,0,0,0,0,1,0,0,0,0,0
1295,336979,0,0,0,0,0,0,0,1,0,0,0,0,0
1296,337239,0,0,0,0,0,0,0,1,0,0,0,0,0
1297,337500,0,0,0,0,0,0,0,1,0,0,0,0,0
1298,337760,0,0,0,0,0,0,0,1,0,0,0,0,0
1299,338020,0,0,0,0,0,0,0,1,0,0,0,0,0
1300,338281,0,0,0,0,0,0,0,1,0,0,0,0,0
1301,338541,0,0,0,0,0,0,0,1,0,0,0,0,0
1302,338802,0,0,0,0,0,0,0,1,0,0,0,0,0
1303,339062,0,0,0,0,0,0,0,1,0,0,0,0,0
1304,339322,0,0,0,0,0,0,0,1,0,0,0,0,0
1305,339583,0,0,0,0,0,0,0,1,0,0,0,0,0
1306,339843,0,0,0,0,0,0,0,1,0,0,0,0,0
1307,340104,0,0,0,0,0,0,0,1,0,0,0,0,0
1308,340364,0,0,0,0,0,0,0,1,0,0,0,0,0
1309,340625,0,0,0,0,0,0,0,1,0,0,0,0,0
1310,340885,0,0,0,0,0,0,0,1,0,0,0,0,0
1311,341145,0,0,0,0,0,0,0,1,0,0,0,0,0
1312,341406,0,0,0,0,0,0,0,1,0,0,0,0,0
1313,341666,0,0,0,0,0,0,0,1,0,0,0,0,0
1314,341927,0,0,0,0,0,0,0,1,0,0,0,0,0
1315,342187,0,0,0,0,0,0,0,1,0,0,0,0,0
1316,342447,0,0,0,0,0,0,0,1,0,0,0,0,0
1317,342708,0,0,0,0,0,0,0,1,0,0,0,0,0
1318,342968,0,0,0,0,0,0,0,1,0,0,0,0,0
1319,343229,0,0,0,0,0,0,0,1,0,0,0,0,0
1320,343489,0,0,0,0,0,0,0,1,0,0,0,0,0
1321,343750,0,0,0,0,0,0,0,1,0,0,0,0,0
1322,344010,0,0,0,0,0,0,0,1,0,0,0,0,0
1323,344270,0,0,0,0,0,0,0,1,0,0,0,0,0
1324,344531,0,0,0,0,0,0,0,1,0,0,0,0,0
1325,344791,0,0,0,0,0,0,0,1,0,0,0,0,0
1326,345052,0,0,0,0,0,0,0,1,0,0,0,0,0
1327,345312,0,0,0,0,0,0,0,1,0,0,0,0,0
1328,345572,0,0,0,0,0,0,0,1,0,0,0,0,0
1329,345833,0,0,0,0,0,0,0,1,0,0,0,0,0
1330,346093,0,0,0,0,0,0,0,1,0,0,0,0,0
1331,346354,0,0,0,0,0,0,0,1,0,0,0,0,0
1332,346614,0,0,0,0,0,0,0,1,0,0,0,0,0
1333,346875,0,0,0,0,0,0,0,1,0,0,0,0,0
1334,347135,0,0,0,0,0,0,0,1,0,0,0,0,0
1335,347395,0,0,0,0,0,0,0,1,0,0,0,0,0
1336,347656,0,0,0,0,0,0,0,1,0,0,0,0,0
1337,347916,0,0,0,0,0,0,0,1,0,0,0,0,0
1338,348177,0,0,0,0,0,0,0,1,0,0,0,0,0
1339,348437,0,0,0,0,0,0,0,1,0,0,0,0,0
1340,348697,0,0,0,0,0,0,0,1,0,0,0,0,0
1341,348958,0,0,0,0,0,0,0,1,0,0,0,0,0
1342,349218,0,0,0,0,0,0,0,1,0,0,0,0,0
1343,349479,0,0,0,0,0,0,0,1,0,0,0,0,0
1344,349739,0,0,0,0,0,0,0,1,0,0,0,0,0
1345,350000,0,0,0,0,0,0,0,1,0,0,0,0,0
1346,350260,0,0,0,0,0,0,0,1,0,0,0,0,0
1347,350520,0,0,0,0,0,0,0,1,0,0,0,0,0
1348,350781,0,0,0,0,0,0,0,1,0,0,0,0,0
1349,351041,0,0,0,0,0,0,0,1,0,0,0,0,0
1350,351302,0,0,0,0,0,0,0,1,0,0,0,0,0
1351,351562,0,0,0,0,0,0,0,1,0,0,0,0,0
1352,351822,0,0,0,0,0,0,0,1,0,0,0,0,0
1353,352083,0,0,0,0,0,0,0,1,0,0,0,0,0
1354,352343,0,0,0,0,0,0,0,1,0,0,0,0,0
1355,352604,0,0,0,0,0,0,0,1,0,0,0,0,0
1356,352864,0,0,0,0,0,0,0,1,0,0,0,0,0
1357,353125,0,0,0,0,0,0,0,1,0,0,0,0,0
1358,353385,0,0,0,0,0,0,0,1,0,0,0,0,0
1359,353645,0,0,0,0,0,0,0,1,0,0,0,0,0
1360,353906,0,0,0,0,0,0,0,1,0,0,0,0,0
1361,354166,0,0,0,0,0,0,0,1,0,0,0,0,0
1362,354427,0,0,0,0,0,0,0,1,0,0,0,0,0
1363,354687,0,0,0,0,0,0,0,1,0,0,0,0,0
1364,354947,0,0,0,0,0,0,0,1,0,0,0,0,0
1365,355208,0,0,0,0,0,0,0,1,0,0,0,0,0
1366,355468,0,0,0,0,0,0,0,1,0,0,0,0,0
1367,355729,0,0,0,0,0,0,0,1,0,0,0,0,0
1368,355989,0,0,0,0,0,0,0,1,0,0,0,0,0
1369,356250,0,0,0,0,0,0,0,1,0,0,0,0,0
1370,356510,0,0,0,0,0,0,0,1,0,0,0,0,0
1371,356770,0,0,0,0,0,0,0,1,0,0,0,0,0
1372,357031,0,0,0,0,0,0,0,1,0,0,0,0,0
1373,357291,0,0,0,0,0,0,0,1,0,0,0,0,0
1374,357552,0,0,0,0,0,0,0,1,0,0,0,0,0
1375,357812,0,0,0,0,0,0,0,1,0,0,0,0,0
1376,358072,0,0,0,0,0,0,0,1,0,0,0,0,0
1377,358333,0,0,0,0,0,0,0,1,0,0,0,0,0
1378,358593,0,0,0,0,0,0,0,1,0,0,0,0,0
1379,358854,0,0,0,0,0,0,0,1,0,0,0,0,0
1380,359114,0,0,0,0,0,0,0,1,0,0,0,0,0
1381,359375,0,0,0,0,0,0,0,1,0,0,0,0,0
1382,359635,0,0,0,0,0,0,0,1,0,0,0,0,0
1383,359895,0,0,0,0,0,0,0,1,0,0,0,0,0
1384,360156,0,0,0,0,0,0,0,1,0,0,0,0,0
1385,360416,0,0,0,0,0,0,0,1,0,0,0,0,0
1386,360677,0,0,0,0,0,0,0,1,0,0,0,0,0
1387,360937,0,0,0,0,0,0,0,1,0,0,0,0,0
1388,361197,0,0,0,0,0,0,0,1,0,0,0,0,0
1389,361458,0,0,0,0,0,0,0,1,0,0,0,0,0
1390,361718,0,0,0,0,0,0,0,1,0,0,0,0,0
1391,361979,0,0,0,0,0,0,0,1,0,0,0,0,0
1392,362239,0,0,0,0,0,0,0,1,0,0,0,0,0
1393,362500,0,0,0,0,0,0,0,1,0,0,0,0,0
1394,362760,0,0,0,0,0,0,0,1,0,0,0,0,0
1395,363020,0,0,0,0,0,0,0,1,0,0,0,0,0
1396,363281,0,0,0,0,0,0,0,1,0,0,0,0,0
1397,363541,0,0,0,0,0,0,0,1,0,0,0,0,0
1398,363802,0,0,0,0,0,0,0,1,0,0,0,0,0
1399,364062,0,0,0,0,0,0,0,1,0,0,0,0,0
1400,364322,0,0,0,0,0,0,0,1,0,0,0,0,0
1401,364583,0,0,0,0,0,0,0,1,0,0,0,0,0
1402,364843,0,0,0,0,0,0,0,1,0,0,0,0,0
1403,365104,0,0,0,0,0,0,0,1,0,0,0,0,0
1404,365364,0,0,0,0,0,0,0,1,0,0,0,0,0
1405,365625,0,0,0,0,0,0,0,1,0,0,0,0,0
1406,365885,0,0,0,0,0,0,0,1,0,0,0,0,0
1407,366145,0,0,0,0,0,0,0,1,0,0,0,0,0
1408,366406,0,0,0,0,0,0,0,1,0,0,0,0,0
1409,366666,0,0,0,0,0,0,0,1,0,0,0,0,0
1410,366927,0,0,0,0,0,0,0,1,0,0,0,0,0
1411,367187,0,0,0,0,0,0,0,1,0,0,0,0,0
1412,367447,0,0,0,0,0,0,0,1,0,0,0,0,0
1413,367708,0,0,0,0,0,0,0,1,0,0,0,0,0
1414,367968,0,0,0,0,0,0,0,1,0,0,0,0,0
1415,368229,0,0,0,0,0,0,0,1,0,0,0,0,0
1416,368489,0,0,0,0,0,0,0,1,0,0,0,0,0
1417,368750,0,0,0,0,0,0,0,1,0,0,0,0,0
1418,369010,0,0,0,0,0,0,0,1,0,0,0,0,0
1419,369270,0,0,0,0,0,0,0,1,0,0,0,0,0
1420,369531,0,0,0,0,0,0,0,1,0,0,0,0,0
1421,369791,0,0,0,0,0,0,0,1,0,0,0,0,0
1422,370052,0,0,0,0,0,0,0,1,0,0,0,0,0
1423,370312,0,0,0,0,0,0,0,1,0,0,0,0,0
1424,370572,0,0,0,0,0,0,0,1,0,0,0,0,0
1425,370833,0,0,0,0,0,0,0,1,0,0,0,0,0
1426,371093,0,0,0,0,0,0,0,1,0,0,0,0,0
1427,371354,0,0,0,0,0,0,0,1,0,0,0,0,0
1428,371614,0,0,0,0,0,0,0,1,0,0,0,0,0
1429,371875,0,0,0,0,0,0,0,1,0,0,0,0,0
1430,372135,0,0,0,0,0,0,0,1,0,0,0,0,0
1431,372395,0,0,0,0,0,0,0,1,0,0,0,0,0
1432,372656,0,0,0,0,0,0,0,1,0,0,0,0,0
1433,372916,0,0,0,0,0,0,0,1,0,0,0,0,0
1434,373177,0,0,0,0,0,0,0,1,0,0,0,0,0
1435,373437,0,0,0,0,0,0,0,1,0,0,0,0,0
1436,373697,0,0,0,0,0,0,0,1,0,0,0,0,0
1437,373958,0,0,0,0,0,0,0,1,0,0,0,0,0
1438,374218,0,0,0,0,0,0,0,1,0,0,0,0,0
1439,374479,0,0,0,0,0,0,0,1,0,0,0,0,0
1440,374739,0,0,0,0,0,0,0,1,0,0,0,0,0
1441,375000,0,0,0,0,0,0,0,1,0,0,0,0,0
1442,375260,0,0,0,0,0,0,0,1,0,0,0,0,0
1443,375520,0,0,0,0,0,0,0,1,0,0,0,0,0
1444,375781,0,0,0,0,0,0,0,1,0,0,0,0,0
1445,376041,0,0,0,0,0,0,0,1,0,0,0,0,0
1446,376302,0,0,0,0,0,0,0,1,0,0,0,0,0
1447,376562,0,0,0,0,0,0,0,1,0,0,0,0,0
1448,376822,0,0,0,0,0,0,0,1,0,0,0,0,0
1449,377083,0,0,0,0,0,0,0,1,0,0,0,0,0
1450,377343,0,0,0,0,0,0,0,1,0,0,0,0,0
1451,377604,0,0,0,0,0,0,0,1,0,0,0,0,0
1452,377864,0,0,0,0,0,0,0,1,0,0,0,0,0
1453,378125,0,0,0,0,0,0,0,1,0,0,0,0,0
1454,378385,0,0,0,0,0,0,0,1,0,0,0,0,0
1455,378645,0,0,0,0,0,0,0,1,0,0,0,0,0
1456,378906,0,0,0,0,0,0,0,1,0,0,0,0,0
1457,379166,0,0,0,0,0,0,0,1,0,0,0,0,0
1458,379427,0,0,0,0,0,0,0,1,0,0,0,0,0
1459,379687,0,0,0,0,0,0,0,1,0,0,0,0,0
1460,379947,0,0,0,0,0,0,0,1,0,0,0,0,0
1461,380208,0,0,0,0,0,0,0,1,0,0,0,0,0
1462,380468,0,0,0,0,0,0,0,1,0,0,0,0,0
1463,380729,0,0,0,0,0,0,0,1,0,0,0,0,0
1464,380989,0,0,0,0,0,0,0,1,0,0,0,0,0
1465,381250,0,0,0,0,0,0,0,1,0,0,0,0,0
1466,381510,0,0,0,0,0,0,0,1,0,0,0,0,0
1467,381770,0,0,0,0,0,0,0,1,0,0,0,0,0
1468,382031,0,0,0,0,0,0,0,1,0,0,0,0,0
1469,382291,0,0,0,0,0,0,0,1,0,0,0,0,0
1470,382552,0,0,0,0,0,0,0,1,0,0,0,0,0
1471,382812,0,0,0,0,0,0,0,1,0,0,0,0,0
1472,383072,0,0,0,0,0,0,0,1,0,0,0,0,0
1473,383333,0,0,0,0,0,0,0,1,0,0,0,0,0
1474,383593,0,0,0,0,0,0,0,1,0,0,0,0,0
1475,383854,0,0,0,0,0,0,0,1,0,0,0,0,0
1476,384114,0,0,0,0,0,0,0,1,0,0,0,0,0
1477,384375,0,0,0,0,0,0,0,1,0,0,0,0,0
1478,384635,0,0,0,0,0,0,0,1,0,0,0,0,0
1479,384895,0,0,0,0,0,0,0,1,0,0,0,0,0
1480,385156,0,0,0,0,0,0,0,1,0,0,0,0,0
1481,385416,0,0,0,0,0,0,0,1,0,0,0,0,0
1482,385677,0,0,0,0,0,0,0,1,0,0,0,0,0
1483,385937,0,0,0,0,0,0,0,1,0,0,0,0,0
1484,386197,0,0,0,0,0,0,0,1,0,0,0,0,0
1485,386458,0,0,0,0,0,0,0,1,0,0,0,0,0
1486,386718,0,0,0,0,0,0,0,1,0,0,0,0,0
1487,386979,0,0,0,0,0,0,0,1,0,0,0,0,0
1488,387239,0,0,0,0,0,0,0,1,0,0,0,0,0
1489,387500,0,0,0,0,0,0,0,1,0,0,0,0,0
1490,387760,0,0,0,0,0,0,0,1,0,0,0,0,0
1491,388020,0,0,0,0,0,0,0,1,0,0,0,0,0
1492,388281,0,0,0,0,0,0,0,1,0,0,0,0,0
1493,388541,0,0,0,0,0,0,0,1,0,0,0,0,0
1494,388802,0,0,0,0,0,0,0,1,0,0,0,0,0
1495,389062,0,0,0,0,0,0,0,1,0,0,0,0,0
1496,389322,0,0,0,0,0,0,0,1,0,0,0,0,0
1497,389583,0,0,0,0,0,0,0,1,0,0,0,0,0
1498,389843,0,0,0,0,0,0,0,1,0,0,0,0,0
1499,390104,0,0,0,0,0,0,0,1,0,0,0,0,0
1500,390364,0,0,0,0,0,0,0,1,0,0,0,0,0
1501,390625,0,0,0,0,0,0,0,1,0,0,0,0,0
1502,390885,0,0,0,0,0,0,0,1,0,0,0,0,0
1503,391145,0,0,0,0,0,0,0,1,0,0,0,0,0
1504,391406,0,0,0,0,0,0,0,1,0,0,0,0,0
1505,391666,0,0,0,0,0,0,0,1,0,0,0,0,0
1506,391927,0,0,0,0,0,0,0,1,0,0,0,0,0
1507,392187,0,0,0,0,0,0,0,1,0,0,0,0,0
1508,392447,0,0,0,0,0,0,0,1,0,0,0,0,0
1509,392708,0,0,0,0,0,0,0,1,0,0,0,0,0
1510,392968,0,0,0,0,0,0,0,1,0,0,0,0,0
1511,393229,0,0,0,0,0,0,0,1,0,0,0,0,0
1512,393489,0,0,0,0,0,0,0,1,0,0,0,0,0
1513,393750,0,0,0,0,0,0,0,1,0,0,0,0,0
1514,394010,0,0,0,0,0,0,0,1,0,0,0,0,0
1515,394270,0,0,0,0,0,0,0,1,0,0,0,0,0
1516,394531,0,0,0,0,0,0,0,1,0,0,0,0,0
1517,394791,0,0,0,0,0,0,0,1,0,0,0,0,0
1518,395052,0,0,0,0,0,0,0,1,0,0,0,0,0
1519,395312,0,0,0,0,0,0,0,1,0,0,0,0,0
1520,395572,0,0,0,0,0,0,0,1,0,0,0,0,0
1521,395833,0,0,0,0,0,0,0,1,0,0,0,0,0
1522,396093,0,0,0,0,0,0,0,1,0,0,0,0,0
1523,396354,0,0,0,0,0,0,0,1,0,0,0,0,0
1524,396614,0,0,0,0,0,0,0,1,0,0,0,0,0
1525,396875,0,0,0,0,0,0,0,1,0,0,0,0,0
1526,397135,0,0,0,0,0,0,0,1,0,0,0,0,0
1527,397395,0,0,0,0,0,0,0,1,0,0,0,0,0
1528,397656,0,0,0,0,0,0,0,1,0,0,0,0,0
1529,397916,0,0,0,0,0,0,0,1,0,0,0,0,0
1530,398177,0,0,0,0,0,0,0,1,0,0,0,0,0
1531,398437,0,0,0,0,0,0,0,1,0,0,0,0,0
1532,398697,0,0,0,0,0,0,0,1,0,0,0,0,0
1533,398958,0,0,0,0,0,0,0,1,0,0,0,0,0
1534,399218,0,0,0,0,0,0,0,1,0,0,0,0,0
1535,399479,0,0,0,0,0,0,0,1,0,0,0,0,0
1536,399739,0,0,0,0,0,0,0,1,0,0,0,0,0
1537,400000,0,0,0,0,0,0,0,1,0,0,0,0,0
1538,400260,0,0,0,0,0,0,0,1,0,0,0,0,0
1539,400520,0,0,0,0,0,0,0,1,0,0,0,0,0
1540,400781,0,0,0,0,0,0,0,1,0,0,0,0,0
1541,401041,0,0,0,0,0,0,0,1,0,0,0,0,0
1542,401302,0,0,0,0,0,0,0,1,0,0,0,0,0
1543,401562,0,0,0,0,0,0,0,1,0,0,0,0,0
1544,401822,0,0,0,0,0,0,0,1,0,0,0,0,0
1545,402083,0,0,0,0,0,0,0,1,0,0,0,0,0
1546,402343,0,0,0,0,0,0,0,1,0,0,0,0,0
1547,402604,0,0,0,0,0,0,0,1,0,0,0,0,0
1548,402864,0,0,0,0,0,0,0,1,0,0,0,0,0
1549,403125,0,0,0,0,0,0,0,1,0,0,0,0,0
1550,403385,0,0,0,0,0,0,0,1,0,0,0,0,0
1551,403645,0,0,0,0,0,0,0,1,0,0,0,0,0
1552,403906,0,0,0,0,0,0,0,1,0,0,0,0,0
1553,404166,0,0,0,0,0,0,0,1,0,0,0,0,0
1554,404427,0,0,0,0,0,0,0,1,0,0,0,0,0
1555,404687,0,0,0,0,0,0,0,1,0,0,0,0,0
1556,404947,0,0,0,0,0,0,0,1,0,0,0,0,0
1557,405208,0,0,0,0,0,0,0,1,0,0,0,0,0
1558,405468,0,0,0,0,0,0,0,1,0,0,0,0,0
1559,405729,0,0,0,0,0,0,0,1,0,0,0,0,0
1560,405989,0,0,0,0,0,0,0,1,0,0,0,0,0
1561,406250,0,0,0,0,0,0,0,1,0,0,0,0,0
1562,406510,0,0,0,0,0,0,0,1,0,0,0,0,0
1563,406770,0,0,0,0,0,0,0,1,0,0,0,0,0
1564,407031,0,0,0,0,0,0,0,1,0,0,0,0,0
1565,407291,0,0,0,0,0,0,0,1,0,0,0,0,0
1566,407552,0,0,0,0,0,0,0,1,0,0,0,0,0
1567,407812,0,0,0,0,0,0,0,1,0,0,0,0,0
1568,408072,0,0,0,0,0,0,0,1,0,0,0,0,0
1569,408333,0,0,0,0,0,0,0,1,0,0,0,0,0
1570,408593,0,0,0,0,0,0,0,1,0,0,0,0,0
1571,408854,0,0,0,0,0,0,0,1,0,0,0,0,0
1572,409114,0,0,0,0,0,0,0,1,0,0,0,0,0
1573,409375,0,0,0,0,0,0,0,1,0,0,0,0,0
1574,409635,0,0,0,0,0,0,0,1,0,0,0,0,0
1575,409895,0,0,0,0,0,0,0,1,0,0,0,0,0
1576,410156,0,0,0,0,0,0,0,1,0,0,0,0,0
1577,410416,0,0,0,0,0,0,0,1,0,0,0,0,0
1578,410677,0,0,0,0,0,0,0,1,0,0,0,0,0
1579,410937,0,0,0,0,0,0,0,1,0,0,0,0,0
1580,411197,0,0,0,0,0,0,0,1,0,0,0,0,0
1581,411458,0,0,0,0,0,0,0,1,0,0,0,0,0
1582,411718,0,0,0,0,0,0,0,1,0,0,0,0,0
1583,411979,0,0,0,0,0,0,0,1,0,0,0,0,0
1584,412239,0,0,0,0,0,0,0,1,0,0,0,0,0
1585,412500,0,0,0,0,0,0,0,1,0,0,0,0,0
1586,412760,0,0,0,0,0,0,0,1,0,0,0,0,0
1587,413020,0,0,0,0,0,0,0,1,0,0,0,0,0
1588,413281,0,0,0,0,0,0,0,1,0,0,0,0,0
1589,413541,0,0,0,0,0,0,0,1,0,0,0,0,0
1590,413802,0,0,0,0,0,0,0,1,0,0,0,0,0
1591,414062,0,0,0,0,0,0,0,1,0,0,0,0,0
1592,414322,0,0,0,0,0,0,0,1,0,0,0,0,0
1593,414583,0,0,0,0,0,0,0,1,0,0,0,0,0
1594,414843,0,0,0,0,0,0,0,1,0,0,0,0,0
1595,415104,0,0,0,0,0,0,0,1,0,0,0,0,0
1596,415364,0,0,0,0,0,0,0,1,0,0,0,0,0
1597,415625,0,0,0,0,0,0,0,1,0,0,0,0,0
1598,415885,0,0,0,0,0,0,0,1,0,0,0,0,0
1599,416145,0,0,0,0,0,0,0,1,0,0,0,0,0
1600,416406,0,0,0,0,0,0,0,1,0,0,0,0,0
1601,416666,0,0,0,0,0,0,0,1,0,0,0,0,0
1602,416927,0,0,0,0,0,0,0,1,0,0,0,0,0
1603,417187,0,0,0,0,0,0,0,1,0,0,0,0,0
1604,417447,0,0,0,0,0,0,0,1,0,0,0,0,0
1605,417708,0,0,0,0,0,0,0,1,0,0,0,0,0
1606,417968,0,0,0,0,0,0,0,1,0,0,0,0,0
1607,418229,0,0,0,0,0,0,0,1,0,0,0,0,0
1608,418489,0,0,0,0,0,0,0,1,0,0,0,0,0
1609,418750,0,0,0,0,0,0,0,1,0,0,0,0,0
1610,419010,0,0,0,0,0,0,0,1,0,0,0,0,0
1611,419270,0,0,0,0,0,0,0,1,0,0,0,0,0
1612,419531,0,0,0,0,0,0,0,1,0,0,0,0,0
1613,419791,0,0,0,0,0,0,0,1,0,0,0,0,0
1614,420052,0,0,0,0,0,0,0,1,0,0,0,0,0
1615,420312,0,0,0,0,0,0,0,1,0,0,0,0,0
1616,420572,0,0,0,0,0,0,0,1,0,0,0,0,0
1617,420833,0,0,0,0,0,0,0,1,0,0,0,0,0
1618,421093,0,0,0,0,0,0,0,1,0,0,0,0,0
1619,421354,0,0,0,0,0,0,0,1,0,0,0,0,0
1620,421614,0,0,0,0,0,0,0,1,0,0,0,0,0
1621,421875,0,0,0,0,0,0,0,1,0,0,0,0,0
1622,422135,0,0,0,0,0,0,0,1,0,0,0,0,0
1623,422395,0,0,0,0,0,0,0,1,0,0,0,0,0
1624,422656,0,0,0,0,0,0,0,1,0,0,0,0,0
1625,422916,0,0,0,0,0,0,0,1,0,0,0,0,0
1626,423177,0,0,0,0,0,0,0,1,0,0,0,0,0
1627,423437,0,0,0,0,0,0,0,1,0,0,0,0,0
1628,423697,0,0,0,0,0,0,0,1,0,0,0,0,0
1629,423958,0,0,0,0,0,0,0,1,0,0,0,0,0
1630,424218,0,0,0,0,0,0,0,1,0,0,0,0,0
1631,424479,0,0,0,0,0,0,0,1,0,0,0,0,0
1632,424739,0,0,0,0,0,0,0,1,0,0,0,0,0
1633,425000,0,0,0,0,0,0,0,1,0,0,0,0,0
1634,425260,0,0,0,0,0,0,0,1,0,0,0,0,0
1635,425520,0,0,0,0,0,0,0,1,0,0,0,0,0
1636,425781,0,0,0,0,0,0,0,1,0,0,0,0,0
1637,426041,0,0,0,0,0,0,0,1,0,0,0,0,0
1638,426302,0,0,0,0,0,0,0,1,0,0,0,0,0
1639,426562,0,0,0,0,0,0,0,1,0,0,0,0,0
1640,426822,0,0,0,0,0,0,0,1,0,0,0,0,0
1641,427083,0,0,0,0,0,0,0,1,0,0,0,0,0
1642,427343,0,0,0,0,0,0,0,1,0,0,0,0,0
1643,427604,0,0,0,0,0,0,0,1,0,0,0,0,0
1644,427864,0,0,0,0,0,0,0,1,0,0,0,0,0
1645,428125,0,0,0,0,0,0,0,1,0,0,0,0,0
1646,428385,0,0,0,0,0,0,0,1,0,0,0,0,0
1647,428645,0,0,0,0,0,0,0,1,0,0,0,0,0
1648,428906,0,0,0,0,0,0,0,1,0,0,0,0,0
1649,429166,0,0,0,0,0,0,0,1,0,0,0,0,0
1650,429427,0,0,0,0,0,0,0,1,0,0,0,0,0
1651,429687,0,0,0,0,0,0,0,1,0,0,0,0,0
1652,429947,0,0,0,0,0,0,0,1,0,0,0,0,0
1653,430208,0,0,0,0,0,0,0,1,0,0,0,0,0
1654,430468,0,0,0,0,0,0,0,1,0,0,0,0,0
1655,430729,0,0,0,0,0,0,0,1,0,0,0,0,0
1656,430989,0,0,0,0,0,0,0,1,0,0,0,0,0
1657,431250,0,0,0,0,0,0,0,1,0,0,0,0,0
1658,431510,0,0,0,0,0,0,0,1,0,0,0,0,0
1659,431770,0,0,0,0,0,0,0,1,0,0,0,0,0
1660,432031,0,0,0,0,0,0,0,1,0,0,0,0,0
1661,432291,0,0,0,0,0,0,0,1,0,0,0,0,0
1662,432552,0,0,0,0,0,0,0,1,0,0,0,0,0
1663,432812,0,0,0,0,0,0,0,1,0,0,0,0,0
1664,433072,0,0,0,0,0,0,0,1,0,0,0,0,0
1665,433333,0,0,0,0,0,0,0,1,0,0,0,0,0
1666,433593,0,0,0,0,0,0,0,1,0,0,0,0,0
1667,433854,0,0,0,0,0,0,0,1,0,0,0,0,0
1668,434114,0,0,0,0,0,0,0,1,0,0,0,0,0
1669,434375,0,0,0,0,0,0,0,1,0,0,0,0,0
1670,434635,0,0,0,0,0,0,0,1,0,0,0,0,0
1671,434895,0,0,0,0,0,0,0,1,0,0,0,0,0
1672,435156,0,0,0,0,0,0,0,1,0,0,0,0,0
1673,435416,0,0,0,0,0,0,0,1,0,0,0,0,0
1674,435677,0,0,0,0,0,0,0,1,0,0,0,0,0
1675,435937,0,0,0,0,0,0,0,1,0,0,0,0,0
1676,436197,0,0,0,0,0,0,0,1,0,0,0,0,0
1677,436458,0,0,0,0,0,0,0,1,0,0,0,0,0
1678,436718,0,0,0,0,0,0,0,1,0,0,0,0,0
1679,436979,0,0,0,0,0,0,0,1,0,0,0,0,0
1680,437239,0,0,0,0,0,0,0,1,0,0,0,0,0
1681,437500,0,0,0,0,0,0,0,1,0,0,0,0,0
1682,437760,0,0,0,0,0,0,0,1,0,0,0,0,0
1683,438020,0,0,0,0,0,0,0,1,0,0,0,0,0
1684,438281,0,0,0,0,0,0,0,1,0,0,0,0,0
1685,438541,0,0,0,0,0,0,0,1,0,0,0,0,0
1686,438802,0,0,0,0,0,0,0,1,0,0,0,0,0
1687,439062,0,0,0,0,0,0,0,1,0,0,0,0,0
1688,439322,0,0,0,0,0,0,0,1,0,0,0,0,0
1689,439583,0,0,0,0,0,0,0,1,0,0,0,0,0
1690,439843,0,0,0,0,0,0,0,1,0,0,0,0,0
1691,440104,0,0,0,0,0,0,0,1,0,0,0,0,0
1692,440364,0,0,0,0,0,0,0,1,0,0,0,0,0
1693,440625,0,0,0,0,0,0,0,1,0,0,0,0,0
1694,440885,0,0,0,0,0,0,0,1,0,0,0,0,0
1695,441145,0,0,0,0,0,0,0,1,0,0,0,0,0
1696,441406,0,0,0,0,0,0,0,1,0,0,0,0,0
1697,441666,0,0,0,0,0,0,0,1,0,0,0,0,0
1698,441927,0,0,0,0,0,0,0,1,0,0,0,0,0
1699,442187,0,0,0,0,0,0,0,1,0,0,0,0,0
1700,442447,0,0,0,0,0,0,0,1,0,0,0,0,0
1701,442708,0,0,0,0,0,0,0,1,0,0,0,0,0
1702,442968,0,0,0,0,0,0,0,1,0,0,0,0,0
1703,443229,0,0,0,0,0,0,0,1,0,0,0,0,0
1704,443489,0,0,0,0,0,0,0,1,0,0,0,0,0
1705,443750,0,0,0,0,0,0,0,1,0,0,0,0,0
1706,444010,0,0,0,0,0,0,0,1,0,0,0,0,0
1707,444270,0,0,0,0,0,0,0,1,0,0,0,0,0
1708,444531,0,0,0,0,0,0,0,1,0,0,0,0,0
1709,444791,0,0,0,0,0,0,0,1,0,0,0,0,0
1710,445052,0,0,0,0,0,0,0,1,0,0,0,0,0
1711,445312,0,0,0,0,0,0,0,1,0,0,0,0,0
1712,445572,0,0,0,0,0,0,0,1,0,0,0,0,0
1713,445833,0,0,0,0,0,0,0,1,0,0,0,0,0
1714,446093,0,0,0,0,0,0,0,1,0,0,0,0,0
1715,446354,0,0,0,0,0,0,0,1,0,0,0,0,0
1716,446614,0,0,0,0,0,0,0,1,0,0,0,0,0
1717,446875,0,0,0,0,0,0,0,1,0,0,0,0,0
1718,447135,0,0,0,0,0,0,0,1,0,0,0,0,0
1719,447395,0,0,0,0,0,0,0,1,0,0,0,0,0
1720,447656,0,0,0,0,0,0,0,1,0,0,0,0,0
1721,447916,0,0,0,0,0,0,0,1,0,0,0,0,0
1722,448177,0,0,0,0,0,0,0,1,0,0,0,0,0
1723,448437,0,0,0,0,0,0,0,1,0,0,0,0,0
1724,448697,0,0,0,0,0,0,0,1,0,0,0,0,0
1725,448958,0,0,0,0,0,0,0,1,0,0,0,0,0
1726,449218,0,0,0,0,0,0,0,1,0,0,0,0,0
1727,449479,0,0,0,0,0,0,0,1,0,0,0,0,0
1728,449739,0,0,0,0,0,0,0,1,0,0,0,0,0
1729,450000,0,0,0,0,0,0,0,1,0,0,0,0,0
1730,450260,0,0,0,0,0,0,0,1,0,0,0,0,0
1731,450520,0,0,0,0,0,0,0,1,0,0,0,0,0
1732,450781,0,0,0,0,0,0,0,1,0,0,0,0,0
1733,451041,0,0,0,0,0,0,0,1,0,0,0,0,0
1734,451302,0,0,0,0,0,0,0,1,0,0,0,0,0
1735,451562,0,0,0,0,0,0,0,1,0,0,0,0,0
1736,451822,0,0,0,0,0,0,0,1,0,0,0,0,0
1737,452083,0,0,0,0,0,0,0,1,0,0,0,0,0
1738,452343,0,0,0,0,0,0,0,1,0,0,0,0,0
1739,452604,0,0,0,0,0,0,0,1,0,0,0,0,0
1740,452864,0,0,0,0,0,0,0,1,0,0,0,0,0
1741,453125,0,0,0,0,0,0,0,1,0,0,0,0,0
1742,453385,0,0,0,0,0,0,0,1,0,0,0,0,0
1743,453645,0,0,0,0,0,0,0,1,0,0,0,0,0
1744,453906,0,0,0,0,0,0,0,1,0,0,0,0,0
1745,454166,0,0,0,0,0,0,0,1,0,0,0,0,0
1746,454427,0,0,0,0,0,0,0,1,0,0,0,0,0
1747,454687,0,0,0,0,0,0,0,1,0,0,0,0,0
1748,454947,0,0,0,0,0,0,0,1,0,0,0,0,0
1749,455208,0,0,0,0,0,0,0,1,0,0,0,0,0
1750,455468,0,0,0,0,0,0,0,1,0,0,0,0,0
1751,455729,0,0,0,0,0,0,0,1,0,0,0,0,0
1752,455989,0,0,0,0,0,0,0,1,0,0,0,0,0
1753,456250,0,0,0,0,0,0,0,1,0,0,0,0,0
1754,456510,0,0,0,0,0,0,0,1,0,0,0,0,0
1755,456770,0,0,0,0,0,0,0,1,0,0,0,0,0
1756,457031,0,0,0,0,0,0,0,1,0,0,0,0,0
1757,457291,0,0,0,0,0,0,0,1,0,0,0,0,0
1758,457552,0,0,0,0,0,0,0,1,0,0,0,0,0
1759,457812,0,0,0,0,0,0,0,1,0,0,0,0,0
1760,458072,0,0,0,0,0,0,0,1,0,0,0,0,0
1761,458333,0,0,0,0,0,0,0,1,0,0,0,0,0
1762,458593,0,0,0,0,0,0,0,1,0,0,0,0,0
1763,458854,0,0,0,0,0,0,0,1,0,0,0,0,0
1764,459114,0,0,0,0,0,0,0,1,0,0,0,0,0
1765,459375,0,0,0,0,0,0,0,1,0,0,0,0,0
1766,459635,0,0,0,0,0,0,0,1,0,0,0,0,0
1767,459895,0,0,0,0,0,0,0,1,0,0,0,0,0
1768,460156,0,0,0,0,0,0,0,1,0,0,0,0,0
1769,460416,0,0,0,0,0,0,0,1,0,0,0,0,0
1770,460677,0,0,0,0,0,0,0,1,0,0,0,0,0
1771,460937,0,0,0,0,0,0,0,1,0,0,0,0,0
1772,461197,0,0,0,0,0,0,0,1,0,0,0,0,0
1773,461458,0,0,0,0,0,0,0,1,0,0,0,0,0
1774,461718,0,0,0,0,0,0,0,1,0,0,0,0,0
1775,461979,0,0,0,0,0,0,0,1,0,0,0,0,0
1776,462239,0,0,0,0,0,0,0,1,0,0,0,0,0
1777,462500,0,0,0,0,0,0,0,1,0,0,0,0,0
1778,462760,0,0,0,0,0,0,0,1,0,0,0,0,0
1779,463020,0,0,0,0,0,0,0,1,0,0,0,0,0
1780,463281,0,0,0,0,0,0,0,1,0,0,0,0,0
1781,463541,0,0,0,0,0,0,0,1,0,0,0,0,0
1782,463802,0,0,0,0,0,0,0,1,0,0,0,0,0
1783,464062,0,0,0,0,0,0,0,1,0,0,0,0,0
1784,464322,0,0,0,0,0,0,0,1,0,0,0,0,0
1785,464583,0,0,0,0,0,0,0,1,0,0,0,0,0
1786,464843,0,0,0,0,0,0,0,1,0,0,0,0,0
1787,465104,0,0,0,0,0,0,0,1,0,0,0,0,0
1788,465364,0,0,0,0,0,0,0,1,0,0,0,0,0
1789,465625,0,0,0,0,0,0,0,1,0,0,0,0,0
1790,465885,0,0,0,0,0,0,0,1,0,0,0,0,0
1791,466145,0,0,0,0,0,0,0,1,0,0,0,0,0
1792,466406,0,0,0,0,0,0,0,1,0,0,0,0,0
1793,466666,0,0,0,0,0,0,0,1,0,0,0,0,0
1794,466927,0,0,0,0,0,0,0,1,0,0,0,0,0
1795,467187,0,0,0,0,0,0,0,1,0,0,0,0,0
1796,467447,0,0,0,0,0,0,0,1,0,0,0,0,0
1797,467708,0,0,0,0,0,0,0,1,0,0,0,0,0
1798,467968,0,0,0,0,0,0,0,1,0,0,0,0,0
1799,468229,0,0,0,0,0,0,0,1,0,0,0,0,0
1800,468489,0,0,0,0,0,0,0,1,0,0,0,0,0
1801,468750,0,0,0,0,0,0,0,1,0,0,0,0,0
1802,469010,0,0,0,0,0,0,0,1,0,0,0,0,0
1803,469270,0,0,0,0,0,0,0,1,0,0,0,0,0
1804,469531,0,0,0,0,0,0,0,1,0,0,0,0,0
1805,469791,0,0,0,0,0,0,0,1,0,0,0,0,0
1806,470052,0,0,0,0,0,0,0,1,0,0,0,0,0
1807,470312,0,0,0,0,0,0,0,1,0,0,0,0,0
1808,470572,0,0,0,0,0,0,0,1,0,0,0,0,0
1809,470833,0,0,0,0,0,0,0,1,0,0,0,0,0
1810,471093,0,0,0,0,0,0,0,1,0,0,0,0,0
1811,471354,0,0,0,0,0,0,0,1,0,0,0,0,0
1812,471614,0,0,0,0,0,0,0,1,0,0,0,0,0
1813,471875,0,0,0,0,0,0,0,1,0,0,0,0,0
1814,472135,0,0,0,0,0,0,0,1,0,0,0,0,0
1815,472395,0,0,0,0,0,0,0,1,0,0,0,0,0
1816,472656,0,0,0,0,0,0,0,1,0,0,0,0,0
1817,472916,0,0,0,0,0,0,0,1,0,0,0,0,0
1818,473177,0,0,0,0,0,0,0,1,0,0,0,0,0
1819,473437,0,0,0,0,0,0,0,1,0,0,0,0,0
1820,473697,0,0,0,0,0,0,0,1,0,0,0,0,0
1821,473958,0,0,0,0,0,0,0,1,0,0,0,0,0
1822,474218,0,0,0,0,0,0,0,1,0,0,0,0,0
1823,474479,0,0,0,0,0,0,0,1,0,0,0,0,0
1824,474739,0,0,0,0,0,0,0,1,0,0,0,0,0
1825,475000,0,0,0,0,0,0,0,1,0,0,0,0,0
1826,475260,0,0,0,0,0,0,0,1,0,0,0,0,0
1827,475520,0,0,0,0,0,0,0,1,0,0,0,0,0
1828,475781,0,0,0,0,0,0,0,1,0,0,0,0,0
1829,476041,0,0,0,0,0,0,0,1,0,0,0,0,0
1830,476302,0,0,0,0,0,0,0,1,0,0,0,0,0
1831,476562,0,0,0,0,0,0,0,1,0,0,0,0,0
1832,476822,0,0,0,0,0,0,0,1,0,0,0,0,0
1833,477083,0,0,0,0,0,0,0,1,0,0,0,0,0
1834,477343,0,0,0,0,0,0,0,1,0,0,0,0,0
1835,477604,0,0,0,0,0,0,0,1,0,0,0,0,0
1836,477864,0,0,0,0,0,0,0,1,0,0,0,0,0
1837,478125,0,0,0,0,0,0,0,1,0,0,0,0,0
1838,478385,0,0,0,0,0,0,0,1,0,0,0,0,0
1839,478645,0,0,0,0,0,0,0,1,0,0,0,0,0
1840,478906,0,0,0,0,0,0,0,1,0,0,0,0,0
1841,479166,0,0,0,0,0,0,0,1,0,0,0,0,0
1842,479427,0,0,0,0,0,0,0,1,0,0,0,0,0
1843,479687,0,0,0,0,0,0,0,1,0,0,0,0,0
1844,479947,0,0,0,0,0,0,0,1,0,0,0,0,0
1845,480208,0,0,0,0,0,0,0,1,0,0,0,0,0
1846,480468,0,0,0,0,0,0,0,1,0,0,0,0,0
1847,480729,0,0,0,0,0,0,0,1,0,0,0,0,0
1848,480989,0,0,0,0,0,0,0,1,0,0,0,0,0
1849,481250,0,0,0,0,0,0,0,1,0,0,0,0,0
1850,481510,0,0,0,0,0,0,0,1,0,0,0,0,0
1851,481770,0,0,0,0,0,0,0,1,0,0,0,0,0
1852,482031,0,0,0,0,0,0,0,1,0,0,0,0,0
1853,482291,0,0,0,0,0,0,0,1,0,0,0,0,0
1854,482552,0,0,0,0,0,0,0,1,0,0,0,0,0
1855,482812,0,0,0,0,0,0,0,1,0,0,0,0,0
1856,483072,0,0,0,0,0,0,0,1,0,0,0,0,0
1857,483333,0,0,0,0,0,0,0,1,0,0,0,0,0
1858,483593,0,0,0,0,0,0,0,1,0,0,0,0,0
1859,483854,0,0,0,0,0,0,0,1,0,0,0,0,0
1860,484114,0,0,0,0,0,0,0,1,0,0,0,0,0
1861,484375,0,0,0,0,0,0,0,1,0,0,0,0,0
1862,484635,0,0,0,0,0,0,0,1,0,0,0,0,0
1863,484895,0,0,0,0,0,0,0,1,0,0,0,0,0
1864,485156,0,0,0,0,0,0,0,1,0,0,0,0,0
1865,485416,0,0,0,0,0,0,0,1,0,0,0,0,0
1866,485677,0,0,0,0,0,0,0,1,0,0,0,0,0
1867,485937,0,0,0,0,0,0,0,1,0,0,0,0,0
1868,486197,0,0,0,0,0,0,0,1,0,0,0,0,0
1869,486458,0,0,0,0,0,0,0,1,0,0,0,0,0
1870,486718,0,0,0,0,0,0,0,1,0,0,0,0,0
1871,486979,0,0,0,0,0,0,0,1,0,0,0,0,0
1872,487239,0,0,0,0,0,0,0,1,0,0,0,0,0
1873,487500,0,0,0,0,0,0,0,1,0,0,0,0,0
1874,487760,0,0,0,0,0,0,0,1,0,0,0,0,0
1875,488020,0,0,0,0,0,0,0,1,0,0,0,0,0
1876,488281,0,0,0,0,0,0,0,1,0,0,0,0,0
1877,488541,0,0,0,0,0,0,0,1,0,0,0,0,0
1878,488802,0,0,0,0,0,0,0,1,0,0,0,0,0
1879,489062,0,0,0,0,0,0,0,1,0,0,0,0,0
1880,489322,0,0,0,0,0,0,0,1,0,0,0,0,0
1881,489583,0,0,0,0,0,0,0,1,0,0,0,0,0
1882,489843,0,0,0,0,0,0,0,1,0,0,0,0,0
1883,490104,0,0,0,0,0,0,0,1,0,0,0,0,0
1884,490364,0,0,0,0,0,0,0,1,0,0,0,0,0
1885,490625,0,0,0,0,0,0,0,1,0,0,0,0,0
1886,490885,0,0,0,0,0,0,0,1,0,0,0,0,0
1887,491145,0,0,0,0,0,0,0,1,0,0,0,0,0
1888,491406,0,0,0,0,0,0,0,1,0,0,0,0,0
1889,491666,0,0,0,0,0,0,0,1,0,0,0,0,0
1890,491927,0,0,0,0,0,0,0,1,0,0,0,0,0
1891,492187,0,0,0,0,0,0,0,1,0,0,0,0,0
1892,492447,0,0,0,0,0,0,0,1,0,0,0,0,0
1893,492708,0,0,0,0,0,0,0,1,0,0,0,0,0
1894,492968,0,0,0,0,0,0,0,1,0,0,0,0,0
1895,493229,0,0,0,0,0,0,0,1,0,0,0,0,0
1896,493489,0,0,0,0,0,0,0,1,0,0,0,0,0
1897,493750,0,0,0,0,0,0,0,1,0,0,0,0,0
1898,494010,0,0,0,0,0,0,0,1,0,0,0,0,0
1899,494270,0,0,0,0,0,0,0,1,0,0,0,0,0
1900,494531,0,0,0,0,0,0,0,1,0,0,0,0,0
1901,494791,0,0,0,0,0,0,0,1,0,0,0,0,0
1902,495052,0,0,0,0,0,0,0,1,0,0,0,0,0
1903,495312,0,0,0,0,0,0,0,1,0,0,0,0,0
1904,495572,0,0,0,0,0,0,0,1,0,0,0,0,0
1905,495833,0,0,0,0,0,0,0,1,0,0,0,0,0
1906,496093,0,0,0,0,0,0,0,1,0,0,0,0,0
1907,496354,0,0,0,0,0,0,0,1,0,0,0,0,0
1908,496614,0,0,0,0,0,0,0,1,0,0,0,0,0
1909,496875,0,0,0,0,0,0,0,1,0,0,0,0,0
1910,497135,0,0,0,0,0,0,0,1,0,0,0,0,0
1911,497395,0,0,0,0,0,0,0,1,0,0,0,0,0
1912,497656,0,0,0,0,0,0,0,1,0,0,0,0,0
1913,497916,0,0,0,0,0,0,0,1,0,0,0,0,0
1914,498177,0,0,0,0,0,0,0,1,0,0,0,0,0
1915,498437,0,0,0,0,0,0,0,1,0,0,0,0,0
1916,498697,0,0,0,0,0,0,0,1,0,0,0,0,0
1917,498958,0,0,0,0,0,0,0,1,0,0,0,0,0
1918,499218,0,0,0,0,0,0,0,1,0,0,0,0,0
1919,499479,0,0,0,0,0,0,0,1,0,0,0,0,0
1920,499739,0,0,0,0,0,0,0,1,0,0,0,0,0
1921,500000,0,0,0,0,0,0,0,1,0,0,0,0,0
1922,500260,0,0,0,0,0,0,0,1,0,0,0,0,0
1923,500520,0,0,0,0,0,0,0,1,0,0,0,0,0
1924,500781,0,0,0,0,0,0,0,1,0,0,0,0,0
1925,501041,0,0,0,0,0,0,0,1,0,0,0,0,0
1926,501302,0,0,0,0,0,0,0,1,0,0,0,0,0
1927,501562,0,0,0,0,0,0,0,1,0,0,0,0,0
1928,501822,0,0,0,0,0,0,0,1,0,0,0,0,0
1929,502083,0,0,0,0,0,0,0,1,0,0,0,0,0
1930,502343,0,0,0,0,0,0,0,1,0,0,0,0,0
1931,502604,0,0,0,0,0,0,0,1,0,0,0,0,0
1932,502864,0,0,0,0,0,0,0,1,0,0,0,0,0
1933,503125,0,0,0,0,0,0,0,1,0,0,0,0,0
1934,503385,0,0,0,0,0,0,0,1,0,0,0,0,0
1935,503645,0,0,0,0,0,0,0,1,0,0,0,0,0
1936,503906,0,0,0,0,0,0,0,1,0,0,0,0,0
1937,504166,0,0,0,0,0,0,0,1,0,0,0,0,0
1938,504427,0,0,0,0,0,0,0,1,0,0,0,0,0
1939,504687,0,0,0,0,0,0,0,1,0,0,0,0,0
1940,504947,0,0,0,0,0,0,0,1,0,0,0,0,0
1941,505208,0,0,0,0,0,0,0,1,0,0,0,0,0
1942,505468,0,0,0,0,0,0,0,1,0,0,0,0,0
1943,505729,0,0,0,0,0,0,0,1,0,0,0,0,0
1944,505989,0,0,0,0,0,0,0,1,0,0,0,0,0
1945,506250,0,0,0,0,0,0,0,1,0,0,0,0,0
1946,506510,0,0,0,0,0,0,0,1,0,0,0,0,0
1947,506770,0,0,0,0,0,0,0,1,0,0,0,0,0
1948,507031,0,0,0,0,0,0,0,1,0,0,0,0,0
1949,507291,0,0,0,0,0,0,0,1,0,0,0,0,0
1950,507552,0,0,0,0,0,0,0,1,0,0,0,0,0
1951,507812,0,0,0,0,0,0,0,1,0,0,0,0,0
1952,508072,0,0,0,0,0,0,0,1,0,0,0,0,0
1953,508333,0,0,0,0,0,0,0,1,0,0,0,0,0
1954,508593,0,0,0,0,0,0,0,1,0,0,0,0,0
1955,508854,0,0,0,0,0,0,0,1,0,0,0,0,0
1956,509114,0,0,0,0,0,0,0,1,0,0,0,0,0
1957,509375,0,0,0,0,0,0,0,1,0,0,0,0,0
1958,509635,0,0,0,0,0,0,0,1,0,0,0,0,0
1959,509895,0,0,0,0,0,0,0,1,0,0,0,0,0
1960,510156,0,0,0,0,0,0,0,1,0,0,0,0,0
1961,510416,0,0,0,0,0,0,0,1,0,0,0,0,0
1962,510677,0,0,0,0,0,0,0,1,0,0,0,0,0
1963,510937,0,0,0,0,0,0,0,1,0,0,0,0,0
1964,511197,0,0,0,0,0,0,0,1,0,0,0,0,0
1965,511458,0,0,0,0,0,0,0,1,0,0,0,0,0
1966,511718,0,0,0,0,0,0,0,1,0,0,0,0,0
1967,511979,0,0,0,0,0,0,0,1,0,0,0,0,0
1968,512239,0,0,0,0,0,0,0,1,0,0,0,0,0
1969,512499,0,0,0,0,0,0,0,1,0,0,0,0,0
1970,512760,0,0,0,0,0,0,0,1,0,0,0,0,0
1971,513020,0,0,0,0,0,0,0,1,0,0,0,0,0
1972,513281,0,0,0,0,0,0,0,1,0,0,0,0,0
1973,513541,0,0,0,0,0,0,0,1,0,0,0,0,0
1974,513802,0,0,0,0,0,0,0,1,0,0,0,0,0
1975,514062,0,0,0,0,0,0,0,1,0,0,0,0,0
1976,514322,0,0,0,0,0,0,0,1,0,0,0,0,0
1977,514583,0,0,0,0,0,0,0,1,0,0,0,0,0
1978,514843,0,0,0,0,0,0,0,1,0,0,0,0,0
1979,515104,0,0,0,0,0,0,0,1,0,0,0,0,0
1980,515364,0,0,0,0,0,0,0,1,0,0,0,0,0
1981,515625,0,0,0,0,0,0,0,1,0,0,0,0,0
1982,515885,0,0,0,0,0,0,0,1,0,0,0,0,0
1983,516145,0,0,0,0,0,0,0,1,0,0,0,0,0
1984,516406,0,0,0,0,0,0,0,1,0,0,0,0,0
1985,516666,0,0,0,0,0,0,0,1,0,0,0,0,0
1986,516927,0,0,0,0,0,0,0,1,0,0,0,0,0
1987,517187,0,0,0,0,0,0,0,1,0,0,0,0,0
1988,517447,0,0,0,0,0,0,0,1,0,0,0,0,0
1989,517708,0,0,0,0,0,0,0,1,0,0,0,0,0
1990,517968,0,0,0,0,0,0,0,1,0,0,0,0,0
1991,518229,0,0,0,0,0,0,0,1,0,0,0,0,0
1992,518489,0,0,0,0,0,0,0,1,0,0,0,0,0
1993,518750,0,0,0,0,0,0,0,1,0,0,0,0,0
1994,519010,0,0,0,0,0,0,0,1,0,0,0,0,0
1995,519270,0,0,0,0,0,0,0,1,0,0,0,0,0
1996,519531,0,0,0,0,0,0,0,1,0,0,0,0,0
1997,519791,0,0,0,0,0,0,0,1,0,0,0,0,0
1998,520052,0,0,0,0,0,0,0,1,0,0,0,0,0
1999,520312,0,0,0,0,0,0,0,1,0,0,0,0,0
2000,520572,0,0,0,0,0,0,0,1,0,0,0,0,0
2001,520833,0,0,0,0,0,0,0,1,0,0,0,0,0
2002,521093,0,0,0,0,0,0,0,1,0,0,0,0,0
2003,521354,0,0,0,0,0,0,0,1,0,0,0,0,0
2004,521614,0,0,0,0,0,0,0,1,0,0,0,0,0
2005,521875,0,0,0,0,0,0,0,1,0,0,0,0,0
2006,522135,0,0,0,0,0,0,0,1,0,0,0,0,0
2007,522395,0,0,0,0,0,0,0,1,0,0,0,0,0
2008,522656,0,0,0,0,0,0,0,1,0,0,0,0,0
2009,522916,0,0,0,0,0,0,0,1,0,0,0,0,0
2010,523177,0,0,0,0,0,0,0,1,0,0,0,0,0
2011,523437,0,0,0,0,0,0,0,1,0,0,0,0,0
2012,523697,0,0,0,0,0,0,0,1,0,0,0,0,0
2013,523958,0,0,0,0,0,0,0,1,0,0,0,0,0
2014,524218,0,0,0,0,0,0,0,1,0,0,0,0,0
2015,524479,0,0,0,0,0,0,0,1,0,0,0,0,0
2016,524739,0,0,0,0,0,0,0,1,0,0,0,0,0
2017,525000,0,0,0,0,0,0,0,1,0,0,0,0,0
2018,525260,0,0,0,0,0,0,0,1,0,0,0,0,0
2019,525520,0,0,0,0,0,0,0,1,0,0,0,0,0
2020,525781,0,0,0,0,0,0,0,1,0,0,0,0,0
2021,526041,0,0,0,0,0,0,0,1,0,0,0,0,0
2022,526302,0,0,0,0,0,0,0,1,0,0,0,0,0
2023,526562,0,0,0,0,0,0,0,1,0,0,0,0,0
2024,526822,0,0,0,0,0,0,0,1,0,0,0,0,0
2025,527083,0,0,0,0,0,0,0,1,0,0,0,0,0
2026,527343,0,0,0,0,0,0,0,1,0,0,0,0,0
2027,527604,0,0,0,0,0,0,0,1,0,0,0,0,0
2028,527864,0,0,0,0,0,0,0,1,0,0,0,0,0
2029,528125,0,0,0,0,0,0,0,1,0,0,0,0,0
2030,528385,0,0,0,0,0,0,0,1,0,0,0,0,0
2031,528645,0,0,0,0,0,0,0,1,0,0,0,0,0
2032,528906,0,0,0,0,0,0,0,1,0,0,0,0,0
2033,529166,0,0,0,0,0,0,0,1,0,0,0,0,0
2034,529427,0,0,0,0,0,0,0,1,0,0,0,0,0
2035,529687,0,0,0,0,0,0,0,1,0,0,0,0,0
2036,529947,0,0,0,0,0,0,0,1,0,0,0,0,0
2037,530208,0,0,0,0,0,0,0,1,0,0,0,0,0
2038,530468,0,0,0,0,0,0,0,1,0,0,0,0,0
2039,530729,0,0,0,0,0,0,0,1,0,0,0,0,0
2040,530989,0,0,0,0,0,0,0,1,0,0,0,0,0
2041,531250,0,0,0,0,0,0,0,1,0,0,0,0,0
2042,531510,0,0,0,0,0,0,0,1,0,0,0,0,0
2043,531770,0,0,0,0,0,0,0,1,0,0,0,0,0
2044,532031,0,0,0,0,0,0,0,1,0,0,0,0,0
2045,532291,0,0,0,0,0,0,0,1,0,0,0,0,0
2046,532552,0,0,0,0,0,0,0,1,0,0,0,0,0
2047,532812,0,0,0,0,0,0,0,1,0,0,0,0,0
2048,533072,0,0,0,0,0,0,0,1,0,0,0,0,0
2049,533333,0,0,0,0,0,0,0,1,0,0,0,0,0
2050,533593,0,0,0,0,0,0,0,1,0,0,0,0,0
2051,533854,0,0,0,0,0,0,0,1,0,0,0,0,0
2052,534114,0,0,0,0,0,0,0,1,0,0,0,0,0
2053,534375,0,0,0,0,0,0,0,1,0,0,0,0,0
2054,534635,0,0,0,0,0,0,0,1,0,0,0,0,0
2055,534895,0,0,0,0,0,0,0,1,0,0,0,0,0
2056,535156,0,0,0,0,0,0,0,1,0,0,0,0,0
2057,535416,0,0,0,0,0,0,0,1,0,0,0,0,0
2058,535677,0,0,0,0,0,0,0,1,0,0,0,0,0
2059,535937,0,0,0,0,0,0,0,1,0,0,0,0,0
2060,536197,0,0,0,0,0,0,0,1,0,0,0,0,0
2061,536458,0,0,0,0,0,0,0,1,0,0,0,0,0
2062,536718,0,0,0,0,0,0,0,1,0,0,0,0,0
2063,536979,0,0,0,0,0,0,0,1,0,0,0,0,0
2064,537239,0,0,0,0,0,0,0,1,0,0,0,0,0
2065,537500,0,0,0,0,0,0,0,1,0,0,0,0,0
2066,537760,0,0,0,0,0,0,0,1,0,0,0,0,0
2067,538020,0,0,0,0,0,0,0,1,0,0,0,0,0
2068,538281,0,0,0,0,0,0,0,1,0,0,0,0,0
2069,538541,0,0,0,0,0,0,0,1,0,0,0,0,0
2070,538802,0,0,0,0,0,0,0,1,0,0,0,0,0
2071,539062,0,0,0,0,0,0,0,1,0,0,0,0,0
2072,539322,0,0,0,0,0,0,0,1,0,0,0,0,0
2073,539583,0,0,0,0,0,0,0,1,0,0,0,0,0
2074,539843,0,0,0,0,0,0,0,1,0,0,0,0,0
2075,540104,0,0,0,0,0,0,0,1,0,0,0,0,0
2076,540364,0,0,0,0,0,0,0,1,0,0,0,0,0
2077,540625,0,0,0,0,0,0,0,1,0,0,0,0,0
2078,540885,0,0,0,0,0,0,0,1,0,0,0,0,0
2079,541145,0,0,0,0,0,0,0,1,0,0,0,0,0
2080,541406,0,0,0,0,0,0,0,1,0,0,0,0,0
2081,541666,0,0,0,0,0,0,0,1,0,0,0,0,0
2082,541927,0,0,0,0,0,0,0,1,0,0,0,0,0
2083,542187,0,0,0,0,0,0,0,1,0,0,0,0,0
2084,542447,0,0,0,0,0,0,0,1,0,0,0,0,0
2085,542708,0,0,0,0,0,0,0,1,0,0,0,0,0
2086,542968,0,0,0,0,0,0,0,1,0,0,0,0,0
2087,543229,0,0,0,0,0,0,0,1,0,0,0,0,0
2088,543489,0,0,0,0,0,0,0,1,0,0,0,0,0
2089,543750,0,0,0,0,0,0,0,1,0,0,0,0,0
2090,544010,0,0,0,0,0,0,0,1,0,0,0,0,0
2091,544270,0,0,0,0,0,0,0,1,0,0,0,0,0
2092,544531,0,0,0,0,0,0,0,1,0,0,0,0,0
2093,544791,0,0,0,0,0,0,0,1,0,0,0,0,0
2094,545052,0,0,0,0,0,0,0,1,0,0,0,0,0
2095,545312,0,0,0,0,0,0,0,1,0,0,0,0,0
2096,545572,0,0,0,0,0,0,0,1,0,0,0,0,0
2097,545833,0,0,0,0,0,0,0,1,0,0,0,0,0
2098,546093,0,0,0,0,0,0,0,1,0,0,0,0,0
2099,546354,0,0,0,0,0,0,0,1,0,0,0,0,0
2100,546614,0,0,0,0,0,0,0,1,0,0,0,0,0
2101,546875,0,0,0,0,0,0,0,1,0,0,0,0,0
2102,547135,0,0,0,0,0,0,0,1,0,0,0,0,0
2103,547395,0,0,0,0,0,0,0,1,0,0,0,0,0
2104,547656,0,0,0,0,0,0,0,1,0,0,0,0,0
2105,547916,0,0,0,0,0,0,0,1,0,0,0,0,0
2106,548177,0,0,0,0,0,0,0,1,0,0,0,0,0
2107,548437,0,0,0,0,0,0,0,1,0,0,0,0,0
2108,548697,0,0,0,0,0,0,0,1,0,0,0,0,0
2109,548958,0,0,0,0,0,0,0,1,0,0,0,0,0
2110,549218,0,0,0,0,0,0,0,1,0,0,0,0,0
2111,549479,0,0,0,0,0,0,0,1,0,0,0,0,0
2112,549739,0,0,0,0,0,0,0,1,0,0,0,0,0
2113,550000,0,0,0,0,0,0,0,1,0,0,0,0,0
2114,550260,0,0,0,0,0,0,0,1,0,0,0,0,0
2115,550520,0,0,0,0,0,0,0,1,0,0,0,0,0
2116,550781,0,0,0,0,0,0,0,1,0,0,0,0,0
2117,551041,0,0,0,0,0,0,0,1,0,0,0,0,0
2118,551302,0,0,0,0,0,0,0,1,0,0,0,0,0
2119,551562,0,0,0,0,0,0,0,1,0,0,0,0,0
2120,551822,0,0,0,0,0,0,0,1,0,0,0,0,0
2121,552083,0,0,0,0,0,0,0,1,0,0,0,0,0
2122,552343,0,0,0,0,0,0,0,1,0,0,0,0,0
2123,552604,0,0,0,0,0,0,0,1,0,0,0,0,0
2124,552864,0,0,0,0,0,0,0,1,0,0,0,0,0
2125,553125,0,0,0,0,0,0,0,1,0,0,0,0,0
2126,553385,0,0,0,0,0,0,0,1,0,0,0,0,0
2127,553645,0,0,0,0,0,0,0,1,0,0,0,0,0
2128,553906,0,0,0,0,0,0,0,1,0,0,0,0,0
2129,554166,0,0,0,0,0,0,0,1,0,0,0,0,0
2130,554427,0,0,0,0,0,0,0,1,0,0,0,0,0
2131,554687,0,0,0,0,0,0,0,1,0,0,0,0,0
2132,554947,0,0,0,0,0,0,0,1,0,0,0,0,0
2133,555208,0,0,0,0,0,0,0,1,0,0,0,0,0
2134,555468,0,0,0,0,0,0,0,1,0,0,0,0,0
2135,555729,0,0,0,0,0,0,0,1,0,0,0,0,0
2136,555989,0,0,0,0,0,0,0,1,0,0,0,0,0
2137,556250,0,0,0,0,0,0,0,1,0,0,0,0,0
2138,556510,0,0,0,0,0,0,0,1,0,0,0,0,0
2139,556770,0,0,0,0,0,0,0,1,0,0,0,0,0
2140,557031,0,0,0,0,0,0,0,1,0,0,0,0,0
2141,557291,0,0,0,0,0,0,0,1,0,0,0,0,0
2142,557552,0,0,0,0,0,0,0,1,0,0,0,0,0
2143,557812,0,0,0,0,0,0,0,1,0,0,0,0,0
2144,558072,0,0,0,0,0,0,0,1,0,0,0,0,0
2145,558333,0,0,0,0,0,0,0,1,0,0,0,0,0
2146,558593,0,0,0,0,0,0,0,1,0,0,0,0,0
2147,558854,0,0,0,0,0,0,0,1,0,0,0,0,0
2148,559114,0,0,0,0,0,0,0,1,0,0,0,0,0
2149,559375,0,0,0,0,0,0,0,1,0,0,0,0,0
2150,559635,0,0,0,0,0,0,0,1,0,0,0,0,0
2151,559895,0,0,0,0,0,0,0,1,0,0,0,0,0
2152,560156,0,0,0,0,0,0,0,1,0,0,0,0,0
2153,560416,0,0,0,0,0,0,0,1,0,0,0,0,0
2154,560677,0,0,0,0,0,0,0,1,0,0,0,0,0
2155,560937,0,0,0,0,0,0,0,1,0,0,0,0,0
2156,561197,0,0,0,0,0,0,0,1,0,0,0,0,0
2157,561458,0,0,0,0,0,0,0,1,0,0,0,0,0
2158,561718,0,0,0,0,0,0,0,1,0,0,0,0,0
2159,561979,0,0,0,0,0,0,0,1,0,0,0,0,0
2160,562239,0,0,0,0,0,0,0,1,0,0,0,0,0
2161,562500,0,0,0,0,0,0,0,1,0,0,0,0,0
2162,562760,0,0,0,0,0,0,0,1,0,0,0,0,0
2163,563020,0,0,0,0,0,0,0,1,0,0,0,0,0
2164,563281,0,0,0,0,0,0,0,1,0,0,0,0,0
2165,563541,0,0,0,0,0,0,0,1,0,0,0,0,0
2166,563802,0,0,0,0,0,0,0,1,0,0,0,0,0
2167,564062,0,0,0,0,0,0,0,1,0,0,0,0,0
2168,564322,0,0,0,0,0,0,0,1,0,0,0,0,0
2169,564583,0,0,0,0,0,0,0,1,0,0,0,0,0
2170,564843,0,0,0,0,0,0,0,1,0,0,0,0,0
2171,565104,0,0,0,0,0,0,0,1,0,0,0,0,0
2172,565364,0,0,0,0,0,0,0,1,0,0,0,0,0
2173,565625,0,0,0,0,0,0,0,1,0,0,0,0,0
2174,565885,0,0,0,0,0,0,0,1,0,0,0,0,0
2175,566145,0,0,0,0,0,0,0,1,0,0,0,0,0
2176,566406,0,0,0,0,0,0,0,1,0,0,0,0,0
2177,566666,0,0,0,0,0,0,0,1,0,0,0,0,0
2178,566927,0,0,0,0,0,0,0,1,0,0,0,0,0
2179,567187,0,0,0,0,0,0,0,1,0,0,0,0,0
2180,567447,0,0,0,0,0,0,0,1,0,0,0,0,0
2181,567708,0,0,0,0,0,0,0,1,0,0,0,0,0
2182,567968,0,0,0,0,0,0,0,1,0,0,0,0,0
2183,568229,0,0,0,0,0,0,0,1,0,0,0,0,0
2184,568489,0,0,0,0,0,0,0,1,0,0,0,0,0
2185,568750,0,0,0,0,0,0,0,1,0,0,0,0,0
2186,569010,0,0,0,0,0,0,0,1,0,0,0,0,0
2187,569270,0,0,0,0,0,0,0,1,0,0,0,0,0
2188,569531,0,0,0,0,0,0,0,1,0,0,0,0,0
2189,569791,0,0,0,0,0,0,0,1,0,0,0,0,0
2190,570052,0,0,0,0,0,0,0,1,0,0,0,0,0
2191,570312,0,0,0,0,0,0,0,1,0,0,0,0,0
2192,570572,0,0,0,0,0,0,0,1,0,0,0,0,0
2193,570833,0,0,0,0,0,0,0,1,0,0,0,0,0
2194,571093,0,0,0,0,0,0,0,1,0,0,0,0,0
2195,571354,0,0,0,0,0,0,0,1,0,0,0,0,0
2196,571614,0,0,0,0,0,0,0,1,0,0,0,0,0
2197,571875,0,0,0,0,0,0,0,1,0,0,0,0,0
2198,572135,0,0,0,0,0,0,0,1,0,0,0,0,0
2199,572395,0,0,0,0,0,0,0,1,0,0,0,0,0
2200,572656,0,0,0,0,0,0,0,1,0,0,0,0,0
2201,572916,0,0,0,0,0,0,0,1,0,0,0,0,0
2202,573177,0,0,0,0,0,0,0,1,0,0,0,0,0
2203,573437,0,0,0,0,0,0,0,1,0,0,0,0,0
2204,573697,0,0,0,0,0,0,0,1,0,0,0,0,0
2205,573958,0,0,0,0,0,0,0,1,0,0,0,0,0
2206,574218,0,0,0,0,0,0,0,1,0,0,0,0,0
2207,574479,0,0,0,0,0,0,0,1,0,0,0,0,0
2208,574739,0,0,0,0,0,0,0,1,0,0,0,0,0
2209,575000,0,0,0,0,0,0,0,1,0,0,0,0,0
2210,575260,0,0,0,0,0,0,0,1,0,0,0,0,0
2211,575520,0,0,0,0,0,0,0,1,0,0,0,0,0
2212,575781,0,0,0,0,0,0,0,1,0,0,0,0,0
2213,576041,0,0,0,0,0,0,0,1,0,0,0,0,0
2214,576302,0,0,0,0,0,0,0,1,0,0,0,0,0
2215,576562,0,0,0,0,0,0,0,1,0,0,0,0,0
2216,576822,0,0,0,0,0,0,0,1,0,0,0,0,0
2217,577083,0,0,0,0,0,0,0,1,0,0,0,0,0
2218,577343,0,0,0,0,0,0,0,1,0,0,0,0,0
2219,577604,0,0,0,0,0,0,0,1,0,0,0,0,0
2220,577864,0,0,0,0,0,0,0,1,0,0,0,0,0
2221,578125,0,0,0,0,0,0,0,1,0,0,0,0,0
2222,578385,0,0,0,0,0,0,0,1,0,0,0,0,0
2223,578645,0,0,0,0,0,0,0,1,0,0,0,0,0
2224,578906,0,0,0,0,0,0,0,1,0,0,0,0,0
2225,579166,0,0,0,0,0,0,0,1,0,0,0,0,0
2226,579427,0,0,0,0,0,0,0,1,0,0,0,0,0
2227,579687,0,0,0,0,0,0,0,1,0,0,0,0,0
2228,579947,0,0,0,0,0,0,0,1,0,0,0,0,0
2229,580208,0,0,0,0,0,0,0,1,0,0,0,0,0
2230,580468,0,0,0,0,0,0,0,1,0,0,0,0,0
2231,580729,0,0,0,0,0,0,0,1,0,0,0,0,0
2232,580989,0,0,0,0,0,0,0,1,0,0,0,0,0
2233,581250,0,0,0,0,0,0,0,1,0,0,0,0,0
2234,581510,0,0,0,0,0,0,0,1,0,0,0,0,0
2235,581770,0,0,0,0,0,0,0,1,0,0,0,0,0
2236,582031,0,0,0,0,0,0,0,1,0,0,0,0,0
2237,582291,0,0,0,0,0,0,0,1,0,0,0,0,0
2238,582552,0,0,0,0,0,0,0,1,0,0,0,0,0
2239,582812,0,0,0,0,0,0,0,1,0,0,0,0,0
2240,583072,0,0,0,0,0,0,0,1,0,0,0,0,0
2241,583333,0,0,0,0,0,0,0,1,0,0,0,0,0
2242,583593,0,0,0,0,0,0,0,1,0,0,0,0,0
2243,583854,0,0,0,0,0,0,0,1,0,0,0,0,0
2244,584114,0,0,0,0,0,0,0,1,0,0,0,0,0
2245,584375,0,0,0,0,0,0,0,1,0,0,0,0,0
2246,584635,0,0,0,0,0,0,0,1,0,0,0,0,0
2247,584895,0,0,0,0,0,0,0,1,0,0,0,0,0
2248,585156,0,0,0,0,0,0,0,1,0,0,0,0,0
2249,585416,0,0,0,0,0,0,0,1,0,0,0,0,0
2250,585677,0,0,0,0,0,0,0,1,0,0,0,0,0
2251,585937,0,0,0,0,0,0,0,1,0,0,0,0,0
2252,586197,0,0,0,0,0,0,0,1,0,0,0,0,0
2253,586458,0,0,0,0,0,0,0,1,0,0,0,0,0
2254,586718,0,0,0,0,0,0,0,1,0,0,0,0,0
2255,586979,0,0,0,0,0,0,0,1,0,0,0,0,0
2256,587239,0,0,0,0,0,0,0,1,0,0,0,0,0
2257,587500,0,0,0,0,0,0,0,1,0,0,0,0,0
2258,587760,0,0,0,0,0,0,0,1,0,0,0,0,0
2259,588020,0,0,0,0,0,0,0,1,0,0,0,0,0
2260,588281,0,0,0,0,0,0,0,1,0,0,0,0,0
2261,588541,0,0,0,0,0,0,0,1,0,0,0,0,0
2262,588802,0,0,0,0,0,0,0,1,0,0,0,0,0
2263,589062,0,0,0,0,0,0,0,1,0,0,0,0,0
2264,589322,0,0,0,0,0,0,0,1,0,0,0,0,0
2265,589583,0,0,0,0,0,0,0,1,0,0,0,0,0
2266,589843,0,0,0,0,0,0,0,1,0,0,0,0,0
2267,590104,0,0,0,0,0,0,0,1,0,0,0,0,0
2268,590364,0,0,0,0,0,0,0,1,0,0,0,0,0
2269,590625,0,0,0,0,0,0,0,1,0,0,0,0,0
2270,590885,0,0,0,0,0,0,0,1,0,0,0,0,0
2271,591145,0,0,0,0,0,0,0,1,0,0,0,0,0
2272,591406,0,0,0,0,0,0,0,1,0,0,0,0,0
2273,591666,0,0,0,0,0,0,0,1,0,0,0,0,0
2274,591927,0,0,0,0,0,0,0,1,0,0,0,0,0
2275,592187,0,0,0,0,0,0,0,1,0,0,0,0,0
2276,592447,0,0,0,0,0,0,0,1,0,0,0,0,0
2277,592708,0,0,0,0,0,0,0,1,0,0,0,0,0
2278,592968,0,0,0,0,0,0,0,1,0,0,0,0,0
2279,593229,0,0,0,0,0,0,0,1,0,0,0,0,0
2280,593489,0,0,0,0,0,0,0,1,0,0,0,0,0
2281,593750,0,0,0,0,0,0,0,1,0,0,0,0,0
2282,594010,0,0,0,0,0,0,0,1,0,0,0,0,0
2283,594270,0,0,0,0,0,0,0,1,0,0,0,0,0
2284,594531,0,0,0,0,0,0,0,1,0,0,0,0,0
2285,594791,0,0,0,0,0,0,0,1,0,0,0,0,0
2286,595052,0,0,0,0,0,0,0,1,0,0,0,0,0
2287,595312,0,0,0,0,0,0,0,1,0,0,0,0,0
2288,595572,0,0,0,0,0,0,0,1,0,0,0,0,0
2289,595833,0,0,0,0,0,0,0,1,0,0,0,0,0
2290,596093,0,0,0,0,0,0,0,1,0,0,0,0,0
2291,596354,0,0,0,0,0,0,0,1,0,0,0,0,0
2292,596614,0,0,0,0,0,0,0,1,0,0,0,0,0
2293,596875,0,0,0,0,0,0,0,1,0,0,0,0,0
2294,597135,0,0,0,0,0,0,0,1,0,0,0,0,0
2295,597395,0,0,0,0,0,0,0,1,0,0,0,0,0
2296,597656,0,0,0,0,0,0,0,1,0,0,0,0,0
2297,597916,0,0,0,0,0,0,0,1,0,0,0,0,0
2298,598177,0,0,0,0,0,0,0,1,0,0,0,0,0
2299,598437,0,0,0,0,0,0,0,1,0,0,0,0,0
2300,598697,0,0,0,0,0,0,0,1,0,0,0,0,0
2301,598958,0,0,0,0,0,0,0,1,0,0,0,0,0
2302,599218,0,0,0,0,0,0,0,1,0,0,0,0,0
2303,599479,0,0,0,0,0,0,0,1,0,0,0,0,0
2304,599739,0,0,0,0,0,0,0,1,0,0,0,0,0
2305,600000,0,0,0,0,0,0,0,1,0,0,0,0,0
2306,600260,0,0,0,0,0,0,0,1,0,0,0,0,0
2307,600520,0,0,0,0,0,0,0,1,0,0,0,0,0
2308,600781,0,0,0,0,0,0,0,1,0,0,0,0,0
2309,601041,0,0,0,0,0,0,0,1,0,0,0,0,0
2310,601302,0,0,0,0,0,0,0,1,0,0,0,0,0
2311,601562,0,0,0,0,0,0,0,1,0,0,0,0,0
2312,601822,0,0,0,0,0,0,0,1,0,0,0,0,0
2313,602083,0,0,0,0,0,0,0,1,0,0,0,0,0
2314,602343,0,0,0,0,0,0,0,1,0,0,0,0,0
2315,602604,0,0,0,0,0,0,0,1,0,0,0,0,0
2316,602864,0,0,0,0,0,0,0,1,0,0,0,0,0
2317,603125,0,0,0,0,0,0,0,1,0,0,0,0,0
2318,603385,0,0,0,0,0,0,0,1,0,0,0,0,0
2319,603645,0,0,0,0,0,0,0,1,0,0,0,0,0
2320,603906,0,0,0,0,0,0,0,1,0,0,0,0,0
2321,604166,0,0,0,0,0,0,0,1,0,0,0,0,0
2322,604427,0,0,0,0,0,0,0,1,0,0,0,0,0
2323,604687,0,0,0,0,0,0,0,1,0,0,0,0,0
2324,604947,0,0,0,0,0,0,0,1,0,0,0,0,0
2325,605208,0,0,0,0,0,0,0,1,0,0,0,0,0
2326,605468,0,0,0,0,0,0,0,1,0,0,0,0,0
2327,605729,0,0,0,0,0,0,0,1,0,0,0,0,0
2328,605989,0,0,0,0,0,0,0,1,0,0,0,0,0
2329,606250,0,0,0,0,0,0,0,1,0,0,0,0,0
2330,606510,0,0,0,0,0,0,0,1,0,0,0,0,0
2331,606770,0,0,0,0,0,0,0,1,0,0,0,0,0
2332,607031,0,0,0,0,0,0,0,1,0,0,0,0,0
2333,607291,0,0,0,0,0,0,0,1,0,0,0,0,0
2334,607552,0,0,0,0,0,0,0,1,0,0,0,0,0
2335,607812,0,0,0,0,0,0,0,1,0,0,0,0,0
2336,608072,0,0,0,0,0,0,0,1,0,0,0,0,0
2337,608333,0,0,0,0,0,0,0,1,0,0,0,0,0
2338,608593,0,0,0,0,0,0,0,1,0,0,0,0,0
2339,608854,0,0,0,0,0,0,0,1,0,0,0,0,0
2340,609114,0,0,0,0,0,0,0,1,0,0,0,0,0
2341,609375,0,0,0,0,0,0,0,1,0,0,0,0,0
2342,609635,0,0,0,0,0,0,0,1,0,0,0,0,0
2343,609895,0,0,0,0,0,0,0,1,0,0,0,0,0
2344,610156,0,0,0,0,0,0,0,1,0,0,0,0,0
2345,610416,0,0,0,0,0,0,0,1,0,0,0,0,0
2346,610677,0,0,0,0,0,0,0,1,0,0,0,0,0
2347,610937,0,0,0,0,0,0,0,1,0,0,0,0,0
2348,611197,0,0,0,0,0,0,0,1,0,0,0,0,0
2349,611458,0,0,0,0,0,0,0,1,0,0,0,0,0
2350,611718,0,0,0,0,0,0,0,1,0,0,0,0,0
2351,611979,0,0,0,0,0,0,0,1,0,0,0,0,0
2352,612239,0,0,0,0,0,0,0,1,0,0,0,0,0
2353,612500,0,0,0,0,0,0,0,1,0,0,0,0,0
2354,612760,0,0,0,0,0,0,0,1,0,0,0,0,0
2355,613020,0,0,0,0,0,0,0,1,0,0,0,0,0
2356,613281,0,0,0,0,0,0,0,1,0,0,0,0,0
2357,613541,0,0,0,0,0,0,0,1,0,0,0,0,0
2358,613802,0,0,0,0,0,0,0,1,0,0,0,0,0
2359,614062,0,0,0,0,0,0,0,1,0,0,0,0,0
2360,614322,0,0,0,0,0,0,0,1,0,0,0,0,0
2361,614583,0,0,0,0,0,0,0,1,0,0,0,0,0
2362,614843,0,0,0,0,0,0,0,1,0,0,0,0,0
2363,615104,0,0,0,0,0,0,0,1,0,0,0,0,0
2364,615364,0,0,0,0,0,0,0,1,0,0,0,0,0
2365,615625,0,0,0,0,0,0,0,1,0,0,0,0,0
2366,615885,0,0,0,0,0,0,0,1,0,0,0,0,0
2367,616145,0,0,0,0,0,0,0,1,0,0,0,0,0
2368,616406,0,0,0,0,0,0,0,1,0,0,0,0,0
2369,616666,0,0,0,0,0,0,0,1,0,0,0,0,0
2370,616927,0,0,0,0,0,0,0,1,0,0,0,0,0
2371,617187,0,0,0,0,0,0,0,1,0,0,0,0,0
2372,617447,0,0,0,0,0,0,0,1,0,0,0,0,0
2373,617708,0,0,0,0,0,0,0,1,0,0,0,0,0
2374,617968,0,0,0,0,0,0,0,1,0,0,0,0,0
2375,618229,0,0,0,0,0,0,0,1,0,0,0,0,0
2376,618489,0,0,0,0,0,0,0,1,0,0,0,0,0
2377,618750,0,0,0,0,0,0,0,1,0,0,0,0,0
2378,619010,0,0,0,0,0,0,0,1,0,0,0,0,0
2379,619270,0,0,0,0,0,0,0,1,0,0,0,0,0
2380,619531,0,0,0,0,0,0,0,1,0,0,0,0,0
2381,619791,0,0,0,0,0,0,0,1,0,0,0,0,0
2382,620052,0,0,0,0,0,0,0,1,0,0,0,0,0
2383,620312,0,0,0,0,0,0,0,1,0,0,0,0,0
2384,620572,0,0,0,0,0,0,0,1,0,0,0,0,0
2385,620833,0,0,0,0,0,0,0,1,0,0,0,0,0
2386,621093,0,0,0,0,0,0,0,1,0,0,0,0,0
2387,621354,0,0,0,0,0,0,0,1,0,0,0,0,0
2388,621614,0,0,0,0,0,0,0,1,0,0,0,0,0
2389,621875,0,0,0,0,0,0,0,1,0,0,0,0,0
2390,622135,0,0,0,0,0,0,0,1,0,0,0,0,0
2391,622395,0,0,0,0,0,0,0,1,0,0,0,0,0
2392,622656,0,0,0,0,0,0,0,1,0,0,0,0,0
2393,622916,0,0,0,0,0,0,0,1,0,0,0,0,0
2394,623177,0,0,0,0,0,0,0,1,0,0,0,0,0
2395,623437,0,0,0,0,0,0,0,1,0,0,0,0,0
2396,623697,0,0,0,0,0,0,0,1,0,0,0,0,0
2397,623958,0,0,0,0,0,0,0,1,0,0,0,0,0
2398,624218,0,0,0,0,0,0,0,1,0,0,0,0,0
2399,624479,0,0,0,0,0,0,0,1,0,0,0,0,0
2400,624739,0,0,0,0,0,0,0,1,0,0,0,0,0
2401,625000,0,0,0,0,0,0,0,1,0,0,0,0,0
2402,625260,0,0,0,0,0,0,0,1,0,0,0,0,0
2403,625520,0,0,0,0,0,0,0,1,0,0,0,0,0
2404,625781,0,0,0,0,0,0,0,1,0,0,0,0,0
2405,626041,0,0,0,0,0,0,0,1,0,0,0,0,0
2406,626302,0,0,0,0,0,0,0,1,0,0,0,0,0
2407,626562,0,0,0,0,0,0,0,1,0,0,0,0,0
2408,626822,0,0,0,0,0,0,0,1,0,0,0,0,0
2409,627083,0,0,0,0,0,0,0,1,0,0,0,0,0
2410,627343,0,0,0,0,0,0,0,1,0,0,0,0,0
2411,627604,0,0,0,0,0,0,0,1,0,0,0,0,0
2412,627864,0,0,0,0,0,0,0,1,0,0,0,0,0
2413,628125,0,0,0,0,0,0,0,1,0,0,0,0,0
2414,628385,0,0,0,0,0,0,0,1,0,0,0,0,0
2415,628645,0,0,0,0,0,0,0,1,0,0,0,0,0
2416,628906,0,0,0,0,0,0,0,1,0,0,0,0,0
2417,629166,0,0,0,0,0,0,0,1,0,0,0,0,0
2418,629427,0,0,0,0,0,0,0,1,0,0,0,0,0
2419,629687,0,0,0,0,0,0,0,1,0,0,0,0,0
2420,629947,0,0,0,0,0,0,0,1,0,0,0,0,0
2421,630208,0,0,0,0,0,0,0,1,0,0,0,0,0
2422,630468,0,0,0,0,0,0,0,1,0,0,0,0,0
2423,630729,0,0,0,0,0,0,0,1,0,0,0,0,0
2424,630989,0,0,0,0,0,0,0,1,0,0,0,0,0
2425,631250,0,0,0,0,0,0,0,1,0,0,0,0,0
2426,631510,0,0,0,0,0,0,0,1,0,0,0,0,0
2427,631770,0,0,0,0,0,0,0,1,0,0,0,0,0
2428,632031,0,0,0,0,0,0,0,1,0,0,0,0,0
2429,632291,0,0,0,0,0,0,0,1,0,0,0,0,0
2430,632552,0,0,0,0,0,0,0,1,0,0,0,0,0
2431,632812,0,0,0,0,0,0,0,1,0,0,0,0,0
2432,633072,0,0,0,0,0,0,0,1,0,0,0,0,0
2433,633333,0,0,0,0,0,0,0,1,0,0,0,0,0
2434,633593,0,0,0,0,0,0,0,1,0,0,0,0,0
2435,633854,0,0,0,0,0,0,0,1,0,0,0,0,0
2436,634114,0,0,0,0,0,0,0,1,0,0,0,0,0
2437,634375,0,0,0,0,0,0,0,1,0,0,0,0,0
2438,634635,0,0,0,0,0,0,0,1,0,0,0,0,0
2439,634895,0,0,0,0,0,0,0,1,0,0,0,0,0
2440,635156,0,0,0,0,0,0,0,1,0,0,0,0,0
2441,635416,0,0,0,0,0,0,0,1,0,0,0,0,0
2442,635677,0,0,0,0,0,0,0,1,0,0,0,0,0
2443,635937,0,0,0,0,0,0,0,1,0,0,0,0,0
2444,636197,0,0,0,0,0,0,0,1,0,0,0,0,0
2445,636458,0,0,0,0,0,0,0,1,0,0,0,0,0
2446,636718,0,0,0,0,0,0,0,1,0,0,0,0,0
2447,636979,0,0,0,0,0,0,0,1,0,0,0,0,0
2448,637239,0,0,0,0,0,0,0,1,0,0,0,0,0
2449,637500,0,0,0,0,0,0,0,1,0,0,0,0,0
2450,637760,0,0,0,0,0,0,0,1,0,0,0,0,0
2451,638020,0,0,0,0,0,0,0,1,0,0,0,0,0
2452,638281,0,0,0,0,0,0,0,1,0,0,0,0,0
2453,638541,0,0,0,0,0,0,0,1,0,0,0,0,0
2454,638802,0,0,0,0,0,0,0,1,0,0,0,0,0
2455,639062,0,0,0,0,0,0,0,1,0,0,0,0,0
2456,639322,0,0,0,0,0,0,0,1,0,0,0,0,0
2457,639583,0,0,0,0,0,0,0,1,0,0,0,0,0
2458,639843,0,0,0,0,0,0,0,1,0,0,0,0,0
2459,640104,0,0,0,0,0,0,0,1,0,0,0,0,0
2460,640364,0,0,0,0,0,0,0,1,0,0,0,0,0
2461,640625,0,0,0,0,0,0,0,1,0,0,0,0,0
2462,640885,0,0,0,0,0,0,0,1,0,0,0,0,0
2463,641145,0,0,0,0,0,0,0,1,0,0,0,0,0
2464,641406,0,0,0,0,0,0,0,1,0,0,0,0,0
2465,641666,0,0,0,0,0,0,0,1,0,0,0,0,0
2466,641927,0,0,0,0,0,0,0,1,0,0,0,0,0
2467,642187,0,0,0,0,0,0,0,1,0,0,0,0,0
2468,642447,0,0,0,0,0,0,0,1,0,0,0,0,0
2469,642708,0,0,0,0,0,0,0,1,0,0,0,0,0
2470,642968,0,0,0,0,0,0,0,1,0,0,0,0,0
2471,643229,0,0,0,0,0,0,0,1,0,0,0,0,0
2472,643489,0,0,0,0,0,0,0,1,0,0,0,0,0
2473,643750,0,0,0,0,0,0,0,1,0,0,0,0,0
2474,644010,0,0,0,0,0,0,0,1,0,0,0,0,0
2475,644270,0,0,0,0,0,0,0,1,0,0,0,0,0
2476,644531,0,0,0,0,0,0,0,1,0,0,0,0,0
2477,644791,0,0,0,0,0,0,0,1,0,0,0,0,0
2478,645052,0,0,0,0,0,0,0,1,0,0,0,0,0
2479,645312,0,0,0,0,0,0,0,1,0,0,0,0,0
2480,645572,0,0,0,0,0,0,0,1,0,0,0,0,0
2481,645833,0,0,0,0,0,0,0,1,0,0,0,0,0
2482,646093,0,0,0,0,0,0,0,1,0,0,0,0,0
2483,646354,0,0,0,0,0,0,0,1,0,0,0,0,0
2484,646614,0,0,0,0,0,0,0,1,0,0,0,0,0
2485,646875,0,0,0,0,0,0,0,1,0,0,0,0,0
2486,647135,0,0,0,0,0,0,0,1,0,0,0,0,0
2487,647395,0,0,0,0,0,0,0,1,0,0,0,0,0
2488,647656,0,0,0,0,0,0,0,1,0,0,0,0,0
2489,647916,0,0,0,0,0,0,0,1,0,0,0,0,0
2490,648177,0,0,0,0,0,0,0,1,0,0,0,0,0
2491,648437,0,0,0,0,0,0,0,1,0,0,0,0,0
2492,648697,0,0,0,0,0,0,0,1,0,0,0,0,0
2493,648958,0,0,0,0,0,0,0,1,0,0,0,0,0
2494,649218,0,0,0,0,0,0,0,1,0,0,0,0,0
2495,649479,0,0,0,0,0,0,0,1,0,0,0,0,0
2496,649739,0,0,0,0,0,0,0,1,0,0,0,0,0
2497,650000,0,0,0,0,0,0,0,1,0,0,0,0,0
2498,650260,0,0,0,0,0,0,0,1,0,0,0,0,0
2499,650520,0,0,0,0,0,0,0,1,0,0,0,0,0
2500,650781,0,0,0,0,0,0,0,1,0,0,0,0,0
2501,651041,0,0,0,0,0,0,0,1,0,0,0,0,0
2502,651302,0,0,0,0,0,0,0,1,0,0,0,0,0
2503,651562,0,0,0,0,0,0,0,1,0,0,0,0,0
2504,651822,0,0,0,0,0,0,0,1,0,0,0,0,0
2505,652083,0,0,0,0,0,0,0,1,0,0,0,0,0
2506,652343,0,0,0,0,0,0,0,1,0,0,0,0,0
2507,652604,0,0,0,0,0,0,0,1,0,0,0,0,0
2508,652864,0,0,0,0,0,0,0,1,0,0,0,0,0
2509,653125,0,0,0,0,0,0,0,1,0,0,0,0,0
2510,653385,0,0,0,0,0,0,0,1,0,0,0,0,0
2511,653645,0,0,0,0,0,0,0,1,0,0,0,0,0
2512,653906,0,0,0,0,0,0,0,1,0,0,0,0,0
2513,654166,0,0,0,0,0,0,0,1,0,0,0,0,0
2514,654427,0,0,0,0,0,0,0,1,0,0,0,0,0
2515,654687,0,0,0,0,0,0,0,1,0,0,0,0,0
2516,654947,0,0,0,0,0,0,0,1,0,0,0,0,0
2517,655208,0,0,0,0,0,0,0,1,0,0,0,0,0
2518,655468,0,0,0,0,0,0,0,1,0,0,0,0,0
2519,655729,0,0,0,0,0,0,0,1,0,0,0,0,0
2520,655989,0,0,0,0,0,0,0,1,0,0,0,0,0
2521,656250,0,0,0,0,0,0,0,1,0,0,0,0,0
2522,656510,0,0,0,0,0,0,0,1,0,0,0,0,0
2523,656770,0,0,0,0,0,0,0,1,0,0,0,0,0
2524,657031,0,0,0,0,0,0,0,1,0,0,0,0,0
2525,657291,0,0,0,0,0,0,0,1,0,0,0,0,0
2526,657552,0,0,0,0,0,0,0,1,0,0,0,0,0
2527,657812,0,0,0,0,0,0,0,1,0,0,0,0,0
2528,658072,0,0,0,0,0,0,0,1,0,0,0,0,0
2529,658333,0,0,0,0,0,0,0,1,0,0,0,0,0
2530,658593,0,0,0,0,0,0,0,1,0,0,0,0,0
2531,658854,0,0,0,0,0,0,0,1,0,0,0,0,0
2532,659114,0,0,0,0,0,0,0,1,0,0,0,0,0
2533,659375,0,0,0,0,0,0,0,1,0,0,0,0,0
2534,659635,0,0,0,0,0,0,0,1,0,0,0,0,0
2535,659895,0,0,0,0,0,0,0,1,0,0,0,0,0
2536,660156,0,0,0,0,0,0,0,1,0,0,0,0,0
2537,660416,0,0,0,0,0,0,0,1,0,0,0,0,0
2538,660677,0,0,0,0,0,0,0,1,0,0,0,0,0
2539,660937,0,0,0,0,0,0,0,1,0,0,0,0,0
2540,661197,0,0,0,0,0,0,0,1,0,0,0,0,0
2541,661458,0,0,0,0,0,0,0,1,0,0,0,0,0
2542,661718,0,0,0,0,0,0,0,1,0,0,0,0,0
2543,661979,0,0,0,0,0,0,0,1,0,0,0,0,0
2544,662239,0,0,0,0,0,0,0,1,0,0,0,0,0
2545,662500,0,0,0,0,0,0,0,1,0,0,0,0,0
2546,662760,0,0,0,0,0,0,0,1,0,0,0,0,0
2547,663020,0,0,0,0,0,0,0,1,0,0,0,0,0
2548,663281,0,0,0,0,0,0,0,1,0,0,0,0,0
2549,663541,0,0,0,0,0,0,0,1,0,0,0,0,0
2550,663802,0,0,0,0,0,0,0,1,0,0,0,0,0
2551,664062,0,0,0,0,0,0,0,1,0,0,0,0,0
2552,664322,0,0,0,0,0,0,0,1,0,0,0,0,0
2553,664583,0,0,0,0,0,0,0,1,0,0,0,0,0
2554,664843,0,0,0,0,0,0,0,1,0,0,0,0,0
2555,665104,0,0,0,0,0,0,0,1,0,0,0,0,0
2556,665364,0,0,0,0,0,0,0,1,0,0,0,0,0
2557,665625,0,0,0,0,0,0,0,1,0,0,0,0,0
2558,665885,0,0,0,0,0,0,0,1,0,0,0,0,0
2559,666145,0,0,0,0,0,0,0,1,0,0,0,0,0
2560,666406,0,0,0,0,0,0,0,1,0,0,0,0,0
2561,666666,0,0,0,0,0,0,0,1,0,0,0,0,0
2562,666927,0,0,0,0,0,0,0,1,0,0,0,0,0
2563,667187,0,0,0,0,0,0,0,1,0,0,0,0,0
2564,667447,0,0,0,0,0,0,0,1,0,0,0,0,0
2565,667708,0,0,0,0,0,0,0,1,0,0,0,0,0
2566,667968,0,0,0,0,0,0,0,1,0,0,0,0,0
2567,668229,0,0,0,0,0,0,0,1,0,0,0,0,0
2568,668489,0,0,0,0,0,0,0,1,0,0,0,0,0
2569,668750,0,0,0,0,0,0,0,1,0,0,0,0,0
2570,669010,0,0,0,0,0,0,0,1,0,0,0,0,0
2571,669270,0,0,0,0,0,0,0,1,0,0,0,0,0
2572,669531,0,0,0,0,0,0,0,1,0,0,0,0,0
2573,669791,0,0,0,0,0,0,0,1,0,0,0,0,0
2574,670052,0,0,0,0,0,0,0,1,0,0,0,0,0
2575,670312,0,0,0,0,0,0,0,1,0,0,0,0,0
2576,670572,0,0,0,0,0,0,0,1,0,0,0,0,0
2577,670833,0,0,0,0,0,0,0,1,0,0,0,0,0
2578,671093,0,0,0,0,0,0,0,1,0,0,0,0,0
2579,671354,0,0,0,0,0,0,0,1,0,0,0,0,0
2580,671614,0,0,0,0,0,0,0,1,0,0,0,0,0
2581,671875,0,0,0,0,0,0,0,1,0,0,0,0,0
2582,672135,0,0,0,0,0,0,0,1,0,0,0,0,0
2583,672395,0,0,0,0,0,0,0,1,0,0,0,0,0
2584,672656,0,0,0,0,0,0,0,1,0,0,0,0,0
2585,672916,0,0,0,0,0,0,0,1,0,0,0,0,0
2586,673177,0,0,0,0,0,0,0,1,0,0,0,0,0
2587,673437,0,0,0,0,0,0,0,1,0,0,0,0,0
2588,673697,0,0,0,0,0,0,0,1,0,0,0,0,0
2589,673958,0,0,0,0,0,0,0,1,0,0,0,0,0
2590,674218,0,0,0,0,0,0,0,1,0,0,0,0,0
2591,674479,0,0,0,0,0,0,0,1,0,0,0,0,0
2592,674739,0,0,0,0,0,0,0,1,0,0,0,0,0
2593,675000,0,0,0,0,0,0,0,1,0,0,0,0,0
2594,675260,0,0,0,0,0,0,0,1,0,0,0,0,0
2595,675520,0,0,0,0,0,0,0,1,0,0,0,0,0
2596,675781,0,0,0,0,0,0,0,1,0,0,0,0,0
2597,676041,0,0,0,0,0,0,0,1,0,0,0,0,0
2598,676302,0,0,0,0,0,0,0,1,0,0,0,0,0
2599,676562,0,0,0,0,0,0,0,1,0,0,0,0,0
2600,676822,0,0,0,0,0,0,0,1,0,0,0,0,0
2601,677083,0,0,0,0,0,0,0,1,0,0,0,0,0
2602,677343,0,0,0,0,0,0,0,1,0,0,0,0,0
2603,677604,0,0,0,0,0,0,0,1,0,0,0,0,0
2604,677864,0,0,0,0,0,0,0,1,0,0,0,0,0
2605,678125,0,0,0,0,0,0,0,1,0,0,0,0,0
2606,678385,0,0,0,0,0,0,0,1,0,0,0,0,0
2607,678645,0,0,0,0,0,0,0,1,0,0,0,0,0
2608,678906,0,0,0,0,0,0,0,1,0,0,0,0,0
2609,679166,0,0,0,0,0,0,0,1,0,0,0,0,0
2610,679427,0,0,0,0,0,0,0,1,0,0,0,0,0
2611,679687,0,0,0,0,0,0,0,1,0,0,0,0,0
2612,679947,0,0,0,0,0,0,0,1,0,0,0,0,0
2613,680208,0,0,0,0,0,0,0,1,0,0,0,0,0
2614,680468,0,0,0,0,0,0,0,1,0,0,0,0,0
2615,680729,0,0,0,0,0,0,0,1,0,0,0,0,0
2616,680989,0,0,0,0,0,0,0,1,0,0,0,0,0
2617,681250,0,0,0,0,0,0,0,1,0,0,0,0,0
2618,681510,0,0,0,0,0,0,0,1,0,0,0,0,0
2619,681770,0,0,0,0,0,0,0,1,0,0,0,0,0
2620,682031,0,0,0,0,0,0,0,1,0,0,0,0,0
2621,682291,0,0,0,0,0,0,0,1,0,0,0,0,0
2622,682552,0,0,0,0,0,0,0,1,0,0,0,0,0
2623,682812,0,0,0,0,0,0,0,1,0,0,0,0,0
2624,683072,0,0,0,0,0,0,0,1,0,0,0,0,0
2625,683333,0,0,0,0,0,0,0,1,0,0,0,0,0
2626,683593,0,0,0,0,0,0,0,1,0,0,0,0,0
2627,683854,0,0,0,0,0,0,0,1,0,0,0,0,0
2628,684114,0,0,0,0,0,0,0,1,0,0,0,0,0
2629,684375,0,0,0,0,0,0,0,1,0,0,0,0,0
2630,684635,0,0,0,0,0,0,0,1,0,0,0,0,0
2631,684895,0,0,0,0,0,0,0,1,0,0,0,0,0
2632,685156,0,0,0,0,0,0,0,1,0,0,0,0,0
2633,685416,0,0,0,0,0,0,0,1,0,0,0,0,0
2634,685677,0,0,0,0,0,0,0,1,0,0,0,0,0
2635,685937,0,0,0,0,0,0,0,1,0,0,0,0,0
2636,686197,0,0,0,0,0,0,0,1,0,0,0,0,0
2637,686458,0,0,0,0,0,0,0,1,0,0,0,0,0
2638,686718,0,0,0,0,0,0,0,1,0,0,0,0,0
2639,686979,0,0,0,0,0,0,0,1,0,0,0,0,0
2640,687239,0,0,0,0,0,0,0,1,0,0,0,0,0
2641,687500,0,0,0,0,0,0,0,1,0,0,0,0,0
2642,687760,0,0,0,0,0,0,0,1,0,0,0,0,0
2643,688020,0,0,0,0,0,0,0,1,0,0,0,0,0
2644,688281,0,0,0,0,0,0,0,1,0,0,0,0,0
2645,688541,0,0,0,0,0,0,0,1,0,0,0,0,0
2646,688802,0,0,0,0,0,0,0,1,0,0,0,0,0
2647,689062,0,0,0,0,0,0,0,1,0,0,0,0,0
2648,689322,0,0,0,0,0,0,0,1,0,0,0,0,0
2649,689583,0,0,0,0,0,0,0,1,0,0,0,0,0
2650,689843,0,0,0,0,0,0,0,1,0,0,0,0,0
2651,690104,0,0,0,0,0,0,0,1,0,0,0,0,0
2652,690364,0,0,0,0,0,0,0,1,0,0,0,0,0
2653,690625,0,0,0,0,0,0,0,1,0,0,0,0,0
2654,690885,0,0,0,0,0,0,0,1,0,0,0,0,0
2655,691145,0,0,0,0,0,0,0,1,0,0,0,0,0
2656,691406,0,0,0,0,0,0,0,1,0,0,0,0,0
2657,691666,0,0,0,0,0,0,0,1,0,0,0,0,0
2658,691927,0,0,0,0,0,0,0,1,0,0,0,0,0
2659,692187,0,0,0,0,0,0,0,1,0,0,0,0,0
2660,692447,0,0,0,0,0,0,0,1,0,0,0,0,0
2661,692708,0,0,0,0,0,0,0,1,0,0,0,0,0
2662,692968,0,0,0,0,0,0,0,1,0,0,0,0,0
2663,693229,0,0,0,0,0,0,0,1,0,0,0,0,0
2664,693489,0,0,0,0,0,0,0,1,0,0,0,0,0
2665,693750,0,0,0,0,0,0,0,1,0,0,0,0,0
2666,694010,0,0,0,0,0,0,0,1,0,0,0,0,0
2667,694270,0,0,0,0,0,0,0,1,0,0,0,0,0
2668,694531,0,0,0,0,0,0,0,1,0,0,0,0,0
2669,694791,0,0,0,0,0,0,0,1,0,0,0,0,0
2670,695052,0,0,0,0,0,0,0,1,0,0,0,0,0
2671,695312,0,0,0,0,0,0,0,1,0,0,0,0,0
2672,695572,0,0,0,0,0,0,0,1,0,0,0,0,0
2673,695833,0,0,0,0,0,0,0,1,0,0,0,0,0
2674,696093,0,0,0,0,0,0,0,1,0,0,0,0,0
2675,696354,0,0,0,0,0,0,0,1,0,0,0,0,0
2676,696614,0,0,0,0,0,0,0,1,0,0,0,0,0
2677,696875,0,0,0,0,0,0,0,1,0,0,0,0,0
2678,697135,0,0,0,0,0,0,0,1,0,0,0,0,0
2679,697395,0,0,0,0,0,0,0,1,0,0,0,0,0
2680,697656,0,0,0,0,0,0,0,1,0,0,0,0,0
2681,697916,0,0,0,0,0,0,0,1,0,0,0,0,0
2682,698177,0,0,0,0,0,0,0,1,0,0,0,0,0
2683,698437,0,0,0,0,0,0,0,1,0,0,0,0,0
2684,698697,0,0,0,0,0,0,0,1,0,0,0,0,0
2685,698958,0,0,0,0,0,0,0,1,0,0,0,0,0
2686,699218,0,0,0,0,0,0,0,1,0,0,0,0,0
2687,699479,0,0,0,0,0,0,0,1,0,0,0,0,0
2688,699739,0,0,0,0,0,0,0,1,0,0,0,0,0
2689,700000,0,0,0,0,0,0,0,1,0,0,0,0,0
2690,700260,0,0,0,0,0,0,0,1,0,0,0,0,0
2691,700520,0,0,0,0,0,0,0,1,0,0,0,0,0
2692,700781,0,0,0,0,0,0,0,1,0,0,0,0,0
2693,701041,0,0,0,0,0,0,0,1,0,0,0,0,0
2694,701302,0,0,0,0,0,0,0,1,0,0,0,0,0
2695,701562,0,0,0,0,0,0,0,1,0,0,0,0,0
2696,701822,0,0,0,0,0,0,0,1,0,0,0,0,0
2697,702083,0,0,0,0,0,0,0,1,0,0,0,0,0
2698,702343,0,0,0,0,0,0,0,1,0,0,0,0,0
2699,702604,0,0,0,0,0,0,0,1,0,0,0,0,0
2700,702864,0,0,0,0,0,0,0,1,0,0,0,0,0
2701,703125,0,0,0,0,0,0,0,1,0,0,0,0,0
2702,703385,0,0,0,0,0,0,0,1,0,0,0,0,0
2703,703645,0,0,0,0,0,0,0,1,0,0,0,0,0
2704,703906,0,0,0,0,0,0,0,1,0,0,0,0,0
2705,704166,0,0,0,0,0,0,0,1,0,0,0,0,0
2706,704427,0,0,0,0,0,0,0,1,0,0,0,0,0
2707,704687,0,0,0,0,0,0,0,1,0,0,0,0,0
2708,704947,0,0,0,0,0,0,0,1,0,0,0,0,0
2709,705208,0,0,0,0,0,0,0,1,0,0,0,0,0
2710,705468,0,0,0,0,0,0,0,1,0,0,0,0,0
2711,705729,0,0,0,0,0,0,0,1,0,0,0,0,0
2712,705989,0,0,0,0,0,0,0,1,0,0,0,0,0
2713,706250,0,0,0,0,0,0,0,1,0,0,0,0,0
2714,706510,0,0,0,0,0,0,0,1,0,0,0,0,0
2715,706770,0,0,0,0,0,0,0,1,0,0,0,0,0
2716,707031,0,0,0,0,0,0,0,1,0,0,0,0,0
2717,707291,0,0,0,0,0,0,0,1,0,0,0,0,0
2718,707552,0,0,0,0,0,0,0,1,0,0,0,0,0
2719,707812,0,0,0,0,0,0,0,1,0,0,0,0,0
2720,708072,0,0,0,0,0,0,0,1,0,0,0,0,0
2721,708333,0,0,0,0,0,0,0,1,0,0,0,0,0
2722,708593,0,0,0,0,0,0,0,1,0,0,0,0,0
2723,708854,0,0,0,0,0,0,0,1,0,0,0,0,0
2724,709114,0,0,0,0,0,0,0,1,0,0,0,0,0
2725,709375,0,0,0,0,0,0,0,1,0,0,0,0,0
2726,709635,0,0,0,0,0,0,0,1,0,0,0,0,0
2727,709895,0,0,0,0,0,0,0,1,0,0,0,0,0
2728,710156,0,0,0,0,0,0,0,1,0,0,0,0,0
2729,710416,0,0,0,0,0,0,0,1,0,0,0,0,0
2730,710677,0,0,0,0,0,0,0,1,0,0,0,0,0
2731,710937,0,0,0,0,0,0,0,1,0,0,0,0,0
2732,711197,0,0,0,0,0,0,0,1,0,0,0,0,0
2733,711458,0,0,0,0,0,0,0,1,0,0,0,0,0
2734,711718,0,0,0,0,0,0,0,1,0,0,0,0,0
2735,711979,0,0,0,0,0,0,0,1,0,0,0,0,0
2736,712239,0,0,0,0,0,0,0,1,0,0,0,0,0
2737,712500,0,0,0,0,0,0,0,1,0,0,0,0,0
2738,712760,0,0,0,0,0,0,0,1,0,0,0,0,0
2739,713020,0,0,0,0,0,0,0,1,0,0,0,0,0
2740,713281,0,0,0,0,0,0,0,1,0,0,0,0,0
2741,713541,0,0,0,0,0,0,0,1,0,0,0,0,0
2742,713802,0,0,0,0,0,0,0,1,0,0,0,0,0
2743,714062,0,0,0,0,0,0,0,1,0,0,0,0,0
2744,714322,0,0,0,0,0,0,0,1,0,0,0,0,0
2745,714583,0,0,0,0,0,0,0,1,0,0,0,0,0
2746,714843,0,0,0,0,0,0,0,1,0,0,0,0,0
2747,715104,0,0,0,0,0,0,0,1,0,0,0,0,0
2748,715364,0,0,0,0,0,0,0,1,0,0,0,0,0
2749,715625,0,0,0,0,0,0,0,1,0,0,0,0,0
2750,715885,0,0,0,0,0,0,0,1,0,0,0,0,0
2751,716145,0,0,0,0,0,0,0,1,0,0,0,0,0
2752,716406,0,0,0,0,0,0,0,1,0,0,0,0,0
2753,716666,0,0,0,0,0,0,0,1,0,0,0,0,0
2754,716927,0,0,0,0,0,0,0,1,0,0,0,0,0
2755,717187,0,0,0,0,0,0,0,1,0,0,0,0,0
2756,717447,0,0,0,0,0,0,0,1,0,0,0,0,0
2757,717708,0,0,0,0,0,0,0,1,0,0,0,0,0
2758,717968,0,0,0,0,0,0,0,1,0,0,0,0,0
2759,718229,0,0,0,0,0,0,0,1,0,0,0,0,0
2760,718489,0,0,0,0,0,0,0,1,0,0,0,0,0
2761,718750,0,0,0,0,0,0,0,1,0,0,0,0,0
2762,719010,0,0,0,0,0,0,0,1,0,0,0,0,0
2763,719270,0,0,0,0,0,0,0,1,0,0,0,0,0
2764,719531,0,0,0,0,0,0,0,1,0,0,0,0,0
2765,719791,0,0,0,0,0,0,0,1,0,0,0,0,0
2766,720052,0,0,0,0,0,0,0,1,0,0,0,0,0
2767,720312,0,0,0,0,0,0,0,1,0,0,0,0,0
2768,720572,0,0,0,0,0,0,0,1,0,0,0,0,0
2769,720833,0,0,0,0,0,0,0,1,0,0,0,0,0
2770,721093,0,0,0,0,0,0,0,1,0,0,0,0,0
2771,721354,0,0,0,0,0,0,0,1,0,0,0,0,0
2772,721614,0,0,0,0,0,0,0,1,0,0,0,0,0
2773,721875,0,0,0,0,0,0,0,1,0,0,0,0,0
2774,722135,0,0,0,0,0,0,0,1,0,0,0,0,0
2775,722395,0,0,0,0,0,0,0,1,0,0,0,0,0
2776,722656,0,0,0,0,0,0,0,1,0,0,0,0,0
2777,722916,0,0,0,0,0,0,0,1,0,0,0,0,0
2778,723177,0,0,0,0,0,0,0,1,0,0,0,0,0
2779,723437,0,0,0,0,0,0,0,1,0,0,0,0,0
2780,723697,0,0,0,0,0,0,0,1,0,0,0,0,0
2781,723958,0,0,0,0,0,0,0,1,0,0,0,0,0
2782,724218,0,0,0,0,0,0,0,1,0,0,0,0,0
2783,724479,0,0,0,0,0,0,0,1,0,0,0,0,0
2784,724739,0,0,0,0,0,0,0,1,0,0,0,0,0
2785,725000,0,0,0,0,0,0,0,1,0,0,0,0,0
2786,725260,0,0,0,0,0,0,0,1,0,0,0,0,0
2787,725520,0,0,0,0,0,0,0,1,0,0,0,0,0
2788,725781,0,0,0,0,0,0,0,1,0,0,0,0,0
2789,726041,0,0,0,0,0,0,0,1,0,0,0,0,0
2790,726302,0,0,0,0,0,0,0,1,0,0,0,0,0
2791,726562,0,0,0,0,0,0,0,1,0,0,0,0,0
2792,726822,0,0,0,0,0,0,0,1,0,0,0,0,0
2793,727083,0,0,0,0,0,0,0,1,0,0,0,0,0
2794,727343,0,0,0,0,0,0,0,1,0,0,0,0,0
2795,727604,0,0,0,0,0,0,0,1,0,0,0,0,0
2796,727864,0,0,0,0,0,0,0,1,0,0,0,0,0
2797,728125,0,0,0,0,0,0,0,1,0,0,0,0,0
2798,728385,0,0,0,0,0,0,0,1,0,0,0,0,0
2799,728645,0,0,0,0,0,0,0,1,0,0,0,0,0
2800,728906,0,0,0,0,0,0,0,1,0,0,0,0,0
2801,729166,0,0,0,0,0,0,0,1,0,0,0,0,0
2802,729427,0,0,0,0,0,0,0,1,0,0,0,0,0
2803,729687,0,0,0,0,0,0,0,1,0,0,0,0,0
2804,729947,0,0,0,0,0,0,0,1,0,0,0,0,0
2805,730208,0,0,0,0,0,0,0,1,0,0,0,0,0
2806,730468,0,0,0,0,0,0,0,1,0,0,0,0,0
2807,730729,0,0,0,0,0,0,0,1,0,0,0,0,0
2808,730989,0,0,0,0,0,0,0,1,0,0,0,0,0
2809,731250,0,0,0,0,0,0,0,1,0,0,0,0,0
2810,731510,0,0,0,0,0,0,0,1,0,0,0,0,0
2811,731770,0,0,0,0,0,0,0,1,0,0,0,0,0
2812,732031,0,0,0,0,0,0,0,1,0,0,0,0,0
2813,732291,0,0,0,0,0,0,0,1,0,0,0,0,0
2814,732552,0,0,0,0,0,0,0,1,0,0,0,0,0
2815,732812,0,0,0,0,0,0,0,1,0,0,0,0,0
2816,733072,0,0,0,0,0,0,0,1,0,0,0,0,0
2817,733333,0,0,0,0,0,0,0,1,0,0,0,0,0
2818,733593,0,0,0,0,0,0,0,1,0,0,0,0,0
2819,733854,0,0,0,0,0,0,0,1,0,0,0,0,0
2820,734114,0,0,0,0,0,0,0,1,0,0,0,0,0
2821,734375,0,0,0,0,0,0,0,1,0,0,0,0,0
2822,734635,0,0,0,0,0,0,0,1,0,0,0,0,0
2823,734895,0,0,0,0,0,0,0,1,0,0,0,0,0
2824,735156,0,0,0,0,0,0,0,1,0,0,0,0,0
2825,735416,0,0,0,0,0,0,0,1,0,0,0,0,0
2826,735677,0,0,0,0,0,0,0,1,0,0,0,0,0
2827,735937,0,0,0,0,0,0,0,1,0,0,0,0,0
2828,736197,0,0,0,0,0,0,0,1,0,0,0,0,0
2829,736458,0,0,0,0,0,0,0,1,0,0,0,0,0
2830,736718,0,0,0,0,0,0,0,1,0,0,0,0,0
2831,736979,0,0,0,0,0,0,0,1,0,0,0,0,0
2832,737239,0,0,0,0,0,0,0,1,0,0,0,0,0
2833,737500,0,0,0,0,0,0,0,1,0,0,0,0,0
2834,737760,0,0,0,0,0,0,0,1,0,0,0,0,0
2835,738020,0,0,0,0,0,0,0,1,0,0,0,0,0
2836,738281,0,0,0,0,0,0,0,1,0,0,0,0,0
2837,738541,0,0,0,0,0,0,0,1,0,0,0,0,0
2838,738802,0,0,0,0,0,0,0,1,0,0,0,0,0
2839,739062,0,0,0,0,0,0,0,1,0,0,0,0,0
2840,739322,0,0,0,0,0,0,0,1,0,0,0,0,0
2841,739583,0,0,0,0,0,0,0,1,0,0,0,0,0
2842,739843,0,0,0,0,0,0,0,1,0,0,0,0,0
2843,740104,0,0,0,0,0,0,0,1,0,0,0,0,0
2844,740364,0,0,0,0,0,0,0,1,0,0,0,0,0
2845,740625,0,0,0,0,0,0,0,1,0,0,0,0,0
2846,740885,0,0,0,0,0,0,0,1,0,0,0,0,0
2847,741145,0,0,0,0,0,0,0,1,0,0,0,0,0
2848,741406,0,0,0,0,0,0,0,1,0,0,0,0,0
2849,741666,0,0,0,0,0,0,0,1,0,0,0,0,0
2850,741927,0,0,0,0,0,0,0,1,0,0,0,0,0
2851,742187,0,0,0,0,0,0,0,1,0,0,0,0,0
2852,742447,0,0,0,0,0,0,0,1,0,0,0,0,0
2853,742708,0,0,0,0,0,0,0,1,0,0,0,0,0
2854,742968,0,0,0,0,0,0,0,1,0,0,0,0,0
2855,743229,0,0,0,0,0,0,0,1,0,0,0,0,0
2856,743489,0,0,0,0,0,0,0,1,0,0,0,0,0
2857,743750,0,0,0,0,0,0,0,1,0,0,0,0,0
2858,744010,0,0,0,0,0,0,0,1,0,0,0,0,0
2859,744270,0,0,0,0,0,0,0,1,0,0,0,0,0
2860,744531,0,0,0,0,0,0,0,1,0,0,0,0,0
2861,744791,0,0,0,0,0,0,0,1,0,0,0,0,0
2862,745052,0,0,0,0,0,0,0,1,0,0,0,0,0
2863,745312,0,0,0,0,0,0,0,1,0,0,0,0,0
2864,745572,0,0,0,0,0,0,0,1,0,0,0,0,0
2865,745833,0,0,0,0,0,0,0,1,0,0,0,0,0
2866,746093,0,0,0,0,0,0,0,1,0,0,0,0,0
2867,746354,0,0,0,0,0,0,0,1,0,0,0,0,0
2868,746614,0,0,0,0,0,0,0,1,0,0,0,0,0
2869,746875,0,0,0,0,0,0,0,1,0,0,0,0,0
2870,747135,0,0,0,0,0,0,0,1,0,0,0,0,0
2871,747395,0,0,0,0,0,0,0,1,0,0,0,0,0
2872,747656,0,0,0,0,0,0,0,1,0,0,0,0,0
2873,747916,0,0,0,0,0,0,0,1,0,0,0,0,0
2874,748177,0,0,0,0,0,0,0,1,0,0,0,0,0
2875,748437,0,0,0,0,0,0,0,1,0,0,0,0,0
2876,748697,0,0,0,0,0,0,0,1,0,0,0,0,0
2877,748958,0,0,0,0,0,0,0,1,0,0,0,0,0
2878,749218,0,0,0,0,0,0,0,1,0,0,0,0,0
2879,749479,0,0,0,0,0,0,0,1,0,0,0,0,0
2880,749739,0,0,0,0,0,0,0,1,0,0,0,0,0
2881,750000,0,0,0,0,0,0,0,1,0,0,0,0,0
2882,750260,0,0,0,0,0,0,0,1,0,0,0,0,0
2883,750520,0,0,0,0,0,0,0,1,0,0,0,0,0
2884,750781,0,0,0,0,0,0,0,1,0,0,0,0,0
2885,751041,0,0,0,0,0,0,0,1,0,0,0,0,0
2886,751302,0,0,0,0,0,0,0,1,0,0,0,0,0
2887,751562,0,0,0,0,0,0,0,1,0,0,0,0,0
2888,751822,0,0,0,0,0,0,0,1,0,0,0,0,0
2889,752083,0,0,0,0,0,0,0,1,0,0,0,0,0
2890,752343,0,0,0,0,0,0,0,1,0,0,0,0,0
2891,752604,0,0,0,0,0,0,0,1,0,0,0,0,0
2892,752864,0,0,0,0,0,0,0,1,0,0,0,0,0
2893,753125,0,0,0,0,0,0,0,1,0,0,0,0,0
2894,753385,0,0,0,0,0,0,0,1,0,0,0,0,0
2895,753645,0,0,0,0,0,0,0,1,0,0,0,0,0
2896,753906,0,0,0,0,0,0,0,1,0,0,0,0,0
2897,754166,0,0,0,0,0,0,0,1,0,0,0,0,0
2898,754427,0,0,0,0,0,0,0,1,0,0,0,0,0
2899,754687,0,0,0,0,0,0,0,1,0,0,0,0,0
2900,754947,0,0,0,0,0,0,0,1,0,0,0,0,0
2901,755208,0,0,0,0,0,0,0,1,0,0,0,0,0
2902,755468,0,0,0,0,0,0,0,1,0,0,0,0,0
2903,755729,0,0,0,0,0,0,0,1,0,0,0,0,0
2904,755989,0,0,0,0,0,0,0,1,0,0,0,0,0
2905,756250,0,0,0,0,0,0,0,1,0,0,0,0,0
2906,756510,0,0,0,0,0,0,0,1,0,0,0,0,0
2907,756770,0,0,0,0,0,0,0,1,0,0,0,0,0
2908,757031,0,0,0,0,0,0,0,1,0,0,0,0,0
2909,757291,0,0,0,0,0,0,0,1,0,0,0,0,0
2910,757552,0,0,0,0,0,0,0,1,0,0,0,0,0
2911,757812,0,0,0,0,0,0,0,1,0,0,0,0,0
2912,758072,0,0,0,0,0,0,0,1,0,0,0,0,0
2913,758333,0,0,0,0,0,0,0,1,0,0,0,0,0
2914,758593,0,0,0,0,0,0,0,1,0,0,0,0,0
2915,758854,0,0,0,0,0,0,0,1,0,0,0,0,0
2916,759114,0,0,0,0,0,0,0,1,0,0,0,0,0
2917,759375,0,0,0,0,0,0,0,1,0,0,0,0,0
2918,759635,0,0,0,0,0,0,0,1,0,0,0,0,0
2919,759895,0,0,0,0,0,0,0,1,0,0,0,0,0
2920,760156,0,0,0,0,0,0,0,1,0,0,0,0,0
2921,760416,0,0,0,0,0,0,0,1,0,0,0,0,0
2922,760677,0,0,0,0,0,0,0,1,0,0,0,0,0
2923,760937,0,0,0,0,0,0,0,1,0,0,0,0,0
2924,761197,0,0,0,0,0,0,0,1,0,0,0,0,0
2925,761458,0,0,0,0,0,0,0,1,0,0,0,0,0
2926,761718,0,0,0,0,0,0,0,1,0,0,0,0,0
2927,761979,0,0,0,0,0,0,0,1,0,0,0,0,0
2928,762239,0,0,0,0,0,0,0,1,0,0,0,0,0
2929,762500,0,0,0,0,0,0,0,1,0,0,0,0,0
2930,762760,0,0,0,0,0,0,0,1,0,0,0,0,0
2931,763020,0,0,0,0,0,0,0,1,0,0,0,0,0
2932,763281,0,0,0,0,0,0,0,1,0,0,0,0,0
2933,763541,0,0,0,0,0,0,0,1,0,0,0,0,0
2934,763802,0,0,0,0,0,0,0,1,0,0,0,0,0
2935,764062,0,0,0,0,0,0,0,1,0,0,0,0,0
2936,764322,0,0,0,0,0,0,0,1,0,0,0,0,0
2937,764583,0,0,0,0,0,0,0,1,0,0,0,0,0
2938,764843,0,0,0,0,0,0,0,1,0,0,0,0,0
2939,765104,0,0,0,0,0,0,0,1,0,0,0,0,0
2940,765364,0,0,0,0,0,0,0,1,0,0,0,0,0
2941,765625,0,0,0,0,0,0,0,1,0,0,0,0,0
2942,765885,0,0,0,0,0,0,0,1,0,0,0,0,0
2943,766145,0,0,0,0,0,0,0,1,0,0,0,0,0
2944,766406,0,0,0,0,0,0,0,1,0,0,0,0,0
2945,766666,0,0,0,0,0,0,0,1,0,0,0,0,0
2946,766927,0,0,0,0,0,0,0,1,0,0,0,0,0
2947,767187,0,0,0,0,0,0,0,1,0,0,0,0,0
2948,767447,0,0,0,0,0,0,0,1,0,0,0,0,0
2949,767708,0,0,0,0,0,0,0,1,0,0,0,0,0
2950,767968,0,0,0,0,0,0,0,1,0,0,0,0,0
2951,768229,0,0,0,0,0,0,0,1,0,0,0,0,0
2952,768489,0,0,0,0,0,0,0,1,0,0,0,0,0
2953,768750,0,0,0,0,0,0,0,1,0,0,0,0,0
2954,769010,0,0,0,0,0,0,0,1,0,0,0,0,0
2955,769270,0,0,0,0,0,0,0,1,0,0,0,0,0
2956,769531,0,0,0,0,0,0,0,1,0,0,0,0,0
2957,769791,0,0,0,0,0,0,0,1,0,0,0,0,0
2958,770052,0,0,0,0,0,0,0,1,0,0,0,0,0
2959,770312,0,0,0,0,0,0,0,1,0,0,0,0,0
2960,770572,0,0,0,0,0,0,0,1,0,0,0,0,0
2961,770833,0,0,0,0,0,0,0,1,0,0,0,0,0
2962,771093,0,0,0,0,0,0,0,1,0,0,0,0,0
2963,771354,0,0,0,0,0,0,0,1,0,0,0,0,0
2964,771614,0,0,0,0,0,0,0,1,0,0,0,0,0
2965,771875,0,0,0,0,0,0,0,1,0,0,0,0,0
2966,772135,0,0,0,0,0,0,0,1,0,0,0,0,0
2967,772395,0,0,0,0,0,0,0,1,0,0,0,0,0
2968,772656,0,0,0,0,0,0,0,1,0,0,0,0,0
2969,772916,0,0,0,0,0,0,0,1,0,0,0,0,0
2970,773177,0,0,0,0,0,0,0,1,0,0,0,0,0
2971,773437,0,0,0,0,0,0,0,1,0,0,0,0,0
2972,773697,0,0,0,0,0,0,0,1,0,0,0,0,0
2973,773958,0,0,0,0,0,0,0,1,0,0,0,0,0
2974,774218,0,0,0,0,0,0,0,1,0,0,0,0,0
2975,774479,0,0,0,0,0,0,0,1,0,0,0,0,0
2976,774739,0,0,0,0,0,0,0,1,0,0,0,0,0
2977,775000,0,0,0,0,0,0,0,1,0,0,0,0,0
2978,775260,0,0,0,0,0,0,0,1,0,0,0,0,0
2979,775520,0,0,0,0,0,0,0,1,0,0,0,0,0
2980,775781,0,0,0,0,0,0,0,1,0,0,0,0,0
2981,776041,0,0,0,0,0,0,0,1,0,0,0,0,0
2982,776302,0,0,0,0,0,0,0,1,0,0,0,0,0
2983,776562,0,0,0,0,0,0,0,1,0,0,0,0,0
2984,776822,0,0,0,0,0,0,0,1,0,0,0,0,0
2985,777083,0,0,0,0,0,0,0,1,0,0,0,0,0
2986,777343,0,0,0,0,0,0,0,1,0,0,0,0,0
2987,777604,0,0,0,0,0,0,0,1,0,0,0,0,0
2988,777864,0,0,0,0,0,0,0,1,0,0,0,0,0
2989,778125,0,0,0,0,0,0,0,1,0,0,0,0,0
2990,778385,0,0,0,0,0,0,0,1,0,0,0,0,0
2991,778645,0,0,0,0,0,0,0,1,0,0,0,0,0
2992,778906,0,0,0,0,0,0,0,1,0,0,0,0,0
2993,779166,0,0,0,0,0,0,0,1,0,0,0,0,0
2994,779427,0,0,0,0,0,0,0,1,0,0,0,0,0
2995,779687,0,0,0,0,0,0,0,1,0,0,0,0,0
2996,779947,0,0,0,0,0,0,0,1,0,0,0,0,0
2997,780208,0,0,0,0,0,0,0,1,0,0,0,0,0
2998,780468,0,0,0,0,0,0,0,1,0,0,0,0,0
2999,780729,0,0,0,0,0,0,0,1,0,0,0,0,0
3000,780989,0,0,0,0,0,0,0,1,0,0,0,0,0
3001,781250,0,0,0,0,0,0,0,1,0,0,0,0,0
3002,781510,0,0,0,0,0,0,0,1,0,0,0,0,0
3003,781770,0,0,0,0,0,0,0,1,0,0,0,0,0
3004,782031,0,0,0,0,0,0,0,1,0,0,0,0,0
3005,782291,0,0,0,0,0,0,0,1,0,0,0,0,0
3006,782552,0,0,0,0,0,0,0,1,0,0,0,0,0
3007,782812,0,0,0,0,0,0,0,1,0,0,0,0,0
3008,783072,0,0,0,0,0,0,0,1,0,0,0,0,0
3009,783333,0,0,0,0,0,0,0,1,0,0,0,0,0
3010,783593,0,0,0,0,0,0,0,1,0,0,0,0,0
3011,783854,0,0,0,0,0,0,0,1,0,0,0,0,0
3012,784114,0,0,0,0,0,0,0,1,0,0,0,0,0
3013,784375,0,0,0,0,0,0,0,1,0,0,0,0,0
3014,784635,0,0,0,0,0,0,0,1,0,0,0,0,0
3015,784895,0,0,0,0,0,0,0,1,0,0,0,0,0
3016,785156,0,0,0,0,0,0,0,1,0,0,0,0,0
3017,785416,0,0,0,0,0,0,0,1,0,0,0,0,0
3018,785677,0,0,0,0,0,0,0,1,0,0,0,0,0
3019,785937,0,0,0,0,0,0,0,1,0,0,0,0,0
3020,786197,0,0,0,0,0,0,0,1,0,0,0,0,0
3021,786458,0,0,0,0,0,0,0,1,0,0,0,0,0
3022,786718,0,0,0,0,0,0,0,1,0,0,0,0,0
3023,786979,0,0,0,0,0,0,0,1,0,0,0,0,0
3024,787239,0,0,0,0,0,0,0,1,0,0,0,0,0
3025,787500,0,0,0,0,0,0,0,1,0,0,0,0,0
3026,787760,0,0,0,0,0,0,0,1,0,0,0,0,0
3027,788020,0,0,0,0,0,0,0,1,0,0,0,0,0
3028,788281,0,0,0,0,0,0,0,1,0,0,0,0,0
3029,788541,0,0,0,0,0,0,0,1,0,0,0,0,0
3030,788802,0,0,0,0,0,0,0,1,0,0,0,0,0
3031,789062,0,0,0,0,0,0,0,1,0,0,0,0,0
3032,789322,0,0,0,0,0,0,0,1,0,0,0,0,0
3033,789583,0,0,0,0,0,0,0,1,0,0,0,0,0
3034,789843,0,0,0,0,0,0,0,1,0,0,0,0,0
3035,790104,0,0,0,0,0,0,0,1,0,0,0,0,0
3036,790364,0,0,0,0,0,0,0,1,0,0,0,0,0
3037,790625,0,0,0,0,0,0,0,1,0,0,0,0,0
3038,790885,0,0,0,0,0,0,0,1,0,0,0,0,0
3039,791145,0,0,0,0,0,0,0,1,0,0,0,0,0
3040,791406,0,0,0,0,0,0,0,1,0,0,0,0,0
3041,791666,0,0,0,0,0,0,0,1,0,0,0,0,0
3042,791927,0,0,0,0,0,0,0,1,0,0,0,0,0
3043,792187,0,0,0,0,0,0,0,1,0,0,0,0,0
3044,792447,0,0,0,0,0,0,0,1,0,0,0,0,0
3045,792708,0,0,0,0,0,0,0,1,0,0,0,0,0
3046,792968,0,0,0,0,0,0,0,1,0,0,0,0,0
3047,793229,0,0,0,0,0,0,0,1,0,0,0,0,0
3048,793489,0,0,0,0,0,0,0,1,0,0,0,0,0
3049,793750,0,0,0,0,0,0,0,1,0,0,0,0,0
3050,794010,0,0,0,0,0,0,0,1,0,0,0,0,0
3051,794270,0,0,0,0,0,0,0,1,0,0,0,0,0
3052,794531,0,0,0,0,0,0,0,1,0,0,0,0,0
3053,794791,0,0,0,0,0,0,0,1,0,0,0,0,0
3054,795052,0,0,0,0,0,0,0,1,0,0,0,0,0
3055,795312,0,0,0,0,0,0,0,1,0,0,0,0,0
3056,795572,0,0,0,0,0,0,0,1,0,0,0,0,0
3057,795833,0,0,0,0,0,0,0,1,0,0,0,0,0
3058,796093,0,0,0,0,0,0,0,1,0,0,0,0,0
3059,796354,0,0,0,0,0,0,0,1,0,0,0,0,0
3060,796614,0,0,0,0,0,0,0,1,0,0,0,0,0
3061,796875,0,0,0,0,0,0,0,1,0,0,0,0,0
3062,797135,0,0,0,0,0,0,0,1,0,0,0,0,0
3063,797395,0,0,0,0,0,0,0,1,0,0,0,0,0
3064,797656,0,0,0,0,0,0,0,1,0,0,0,0,0
3065,797916,0,0,0,0,0,0,0,1,0,0,0,0,0
3066,798177,0,0,0,0,0,0,0,1,0,0,0,0,0
3067,798437,0,0,0,0,0,0,0,1,0,0,0,0,0
3068,798697,0,0,0,0,0,0,0,1,0,0,0,0,0
3069,798958,0,0,0,0,0,0,0,1,0,0,0,0,0
3070,799218,0,0,0,0,0,0,0,1,0,0,0,0,0
3071,799479,0,0,0,0,0,0,0,1,0,0,0,0,0
3072,799739,0,0,0,0,0,0,0,1,0,0,0,0,0
3073,800000,0,0,0,0,0,0,0,1,0,0,0,0,0
3074,800260,0,0,0,0,0,0,0,1,0,0,0,0,0
3075,800520,0,0,0,0,0,0,0,1,0,0,0,0,0
3076,800781,0,0,0,0,0,0,0,1,0,0,0,0,0
3077,801041,0,0,0,0,0,0,0,1,0,0,0,0,0
3078,801302,0,0,0,0,0,0,0,1,0,0,0,0,0
3079,801562,0,0,0,0,0,0,0,1,0,0,0,0,0
3080,801822,0,0,0,0,0,0,0,1,0,0,0,0,0
3081,802083,0,0,0,0,0,0,0,1,0,0,0,0,0
3082,802343,0,0,0,0,0,0,0,1,0,0,0,0,0
3083,802604,0,0,0,0,0,0,0,1,0,0,0,0,0
3084,802864,0,0,0,0,0,0,0,1,0,0,0,0,0
3085,803125,0,0,0,0,0,0,0,1,0,0,0,0,0
3086,803385,0,0,0,0,0,0,0,1,0,0,0,0,0
3087,803645,0,0,0,0,0,0,0,1,0,0,0,0,0
3088,803906,0,0,0,0,0,0,0,1,0,0,0,0,0
3089,804166,0,0,0,0,0,0,0,1,0,0,0,0,0
3090,804427,0,0,0,0,0,0,0,1,0,0,0,0,0
3091,804687,0,0,0,0,0,0,0,1,0,0,0,0,0
3092,804947,0,0,0,0,0,0,0,1,0,0,0,0,0
3093,805208,0,0,0,0,0,0,0,1,0,0,0,0,0
3094,805468,0,0,0,0,0,0,0,1,0,0,0,0,0
3095,805729,0,0,0,0,0,0,0,1,0,0,0,0,0
3096,805989,0,0,0,0,0,0,0,1,0,0,0,0,0
3097,806250,0,0,0,0,0,0,0,1,0,0,0,0,0
3098,806510,0,0,0,0,0,0,0,1,0,0,0,0,0
3099,806770,0,0,0,0,0,0,0,1,0,0,0,0,0
3100,807031,0,0,0,0,0,0,0,1,0,0,0,0,0
3101,807291,0,0,0,0,0,0,0,1,0,0,0,0,0
3102,807552,0,0,0,0,0,0,0,1,0,0,0,0,0
3103,807812,0,0,0,0,0,0,0,1,0,0,0,0,0
3104,808072,0,0,0,0,0,0,0,1,0,0,0,0,0
3105,808333,0,0,0,0,0,0,0,1,0,0,0,0,0
3106,808593,0,0,0,0,0,0,0,1,0,0,0,0,0
3107,808854,0,0,0,0,0,0,0,1,0,0,0,0,0
3108,809114,0,0,0,0,0,0,0,1,0,0,0,0,0
3109,809375,0,0,0,0,0,0,0,1,0,0,0,0,0
3110,809635,0,0,0,0,0,0,0,1,0,0,0,0,0
3111,809895,0,0,0,0,0,0,0,1,0,0,0,0,0
3112,810156,0,0,0,0,0,0,0,1,0,0,0,0,0
3113,810416,0,0,0,0,0,0,0,1,0,0,0,0,0
3114,810677,0,0,0,0,0,0,0,1,0,0,0,0,0
3115,810937,0,0,0,0,0,0,0,1,0,0,0,0,0
3116,811197,0,0,0,0,0,0,0,1,0,0,0,0,0
3117,811458,0,0,0,0,0,0,0,1,0,0,0,0,0
3118,811718,0,0,0,0,0,0,0,1,0,0,0,0,0
3119,811979,0,0,0,0,0,0,0,1,0,0,0,0,0
3120,812239,0,0,0,0,0,0,0,1,0,0,0,0,0
3121,812500,0,0,0,0,0,0,0,1,0,0,0,0,0
3122,812760,0,0,0,0,0,0,0,1,0,0,0,0,0
3123,813020,0,0,0,0,0,0,0,1,0,0,0,0,0
3124,813281,0,0,0,0,0,0,0,1,0,0,0,0,0
3125,813541,0,0,0,0,0,0,0,1,0,0,0,0,0
3126,813802,0,0,0,0,0,0,0,1,0,0,0,0,0
3127,814062,0,0,0,0,0,0,0,1,0,0,0,0,0
3128,814322,0,0,0,0,0,0,0,1,0,0,0,0,0
3129,814583,0,0,0,0,0,0,0,1,0,0,0,0,0
3130,814843,0,0,0,0,0,0,0,1,0,0,0,0,0
3131,815104,0,0,0,0,0,0,0,1,0,0,0,0,0
3132,815364,0,0,0,0,0,0,0,1,0,0,0,0,0
3133,815625,0,0,0,0,0,0,0,1,0,0,0,0,0
3134,815885,0,0,0,0,0,0,0,1,0,0,0,0,0
3135,816145,0,0,0,0,0,0,0,1,0,0,0,0,0
3136,816406,0,0,0,0,0,0,0,1,0,0,0,0,0
3137,816666,0,0,0,0,0,0,0,1,0,0,0,0,0
3138,816927,0,0,0,0,0,0,0,1,0,0,0,0,0
3139,817187,0,0,0,0,0,0,0,1,0,0,0,0,0
3140,817447,0,0,0,0,0,0,0,1,0,0,0,0,0
3141,817708,0,0,0,0,0,0,0,1,0,0,0,0,0
3142,817968,0,0,0,0,0,0,0,1,0,0,0,0,0
3143,818229,0,0,0,0,0,0,0,1,0,0,0,0,0
3144,818489,0,0,0,0,0,0,0,1,0,0,0,0,0
3145,818750,0,0,0,0,0,0,0,1,0,0,0,0,0
3146,819010,0,0,0,0,0,0,0,1,0,0,0,0,0
3147,819270,0,0,0,0,0,0,0,1,0,0,0,0,0
3148,819531,0,0,0,0,0,0,0,1,0,0,0,0,0
3149,819791,0,0,0,0,0,0,0,1,0,0,0,0,0
3150,820052,0,0,0,0,0,0,0,1,0,0,0,0,0
3151,820312,0,0,0,0,0,0,0,1,0,0,0,0,0
3152,820572,0,0,0,0,0,0,0,1,0,0,0,0,0
3153,820833,0,0,0,0,0,0,0,1,0,0,0,0,0
3154,821093,0,0,0,0,0,0,0,1,0,0,0,0,0
3155,821354,0,0,0,0,0,0,0,1,0,0,0,0,0
3156,821614,0,0,0,0,0,0,0,1,0,0,0,0,0
3157,821875,0,0,0,0,0,0,0,1,0,0,0,0,0
3158,822135,0,0,0,0,0,0,0,1,0,0,0,0,0
3159,822395,0,0,0,0,0,0,0,1,0,0,0,0,0
3160,822656,0,0,0,0,0,0,0,1,0,0,0,0,0
3161,822916,0,0,0,0,0,0,0,1,0,0,0,0,0
3162,823177,0,0,0,0,0,0,0,1,0,0,0,0,0
3163,823437,0,0,0,0,0,0,0,1,0,0,0,0,0
3164,823697,0,0,0,0,0,0,0,1,0,0,0,0,0
3165,823958,0,0,0,0,0,0,0,1,0,0,0,0,0
3166,824218,0,0,0,0,0,0,0,1,0,0,0,0,0
3167,824479,0,0,0,0,0,0,0,1,0,0,0,0,0
3168,824739,0,0,0,0,0,0,0,1,0,0,0,0,0
3169,825000,0,0,0,0,0,0,0,1,0,0,0,0,0
3170,825260,0,0,0,0,0,0,0,1,0,0,0,0,0
3171,825520,0,0,0,0,0,0,0,1,0,0,0,0,0
3172,825781,0,0,0,0,0,0,0,1,0,0,0,0,0
3173,826041,0,0,0,0,0,0,0,1,0,0,0,0,0
3174,826302,0,0,0,0,0,0,0,1,0,0,0,0,0
3175,826562,0,0,0,0,0,0,0,1,0,0,0,0,0
3176,826822,0,0,0,0,0,0,0,1,0,0,0,0,0
3177,827083,0,0,0,0,0,0,0,1,0,0,0,0,0
3178,827343,0,0,0,0,0,0,0,1,0,0,0,0,0
3179,827604,0,0,0,0,0,0,0,1,0,0,0,0,0
3180,827864,0,0,0,0,0,0,0,1,0,0,0,0,0
3181,828125,0,0,0,0,0,0,0,1,0,0,0,0,0
3182,828385,0,0,0,0,0,0,0,1,0,0,0,0,0
3183,828645,0,0,0,0,0,0,0,1,0,0,0,0,0
3184,828906,0,0,0,0,0,0,0,1,0,0,0,0,0
3185,829166,0,0,0,0,0,0,0,1,0,0,0,0,0
3186,829427,0,0,0,0,0,0,0,1,0,0,0,0,0
3187,829687,0,0,0,0,0,0,0,1,0,0,0,0,0
3188,829947,0,0,0,0,0,0,0,1,0,0,0,0,0
3189,830208,0,0,0,0,0,0,0,1,0,0,0,0,0
3190,830468,0,0,0,0,0,0,0,1,0,0,0,0,0
3191,830729,0,0,0,0,0,0,0,1,0,0,0,0,0
3192,830989,0,0,0,0,0,0,0,1,0,0,0,0,0
3193,831250,0,0,0,0,0,0,0,1,0,0,0,0,0
3194,831510,0,0,0,0,0,0,0,1,0,0,0,0,0
3195,831770,0,0,0,0,0,0,0,1,0,0,0,0,0
3196,832031,0,0,0,0,0,0,0,1,0,0,0,0,0
3197,832291,0,0,0,0,0,0,0,1,0,0,0,0,0
3198,832552,0,0,0,0,0,0,0,1,0,0,0,0,0
3199,832812,0,0,0,0,0,0,0,1,0,0,0,0,0
3200,833072,0,0,0,0,0,0,0,1,0,0,0,0,0
3201,833333,0,0,0,0,0,0,0,1,0,0,0,0,0
3202,833593,0,0,0,0,0,0,0,1,0,0,0,0,0
3203,833854,0,0,0,0,0,0,0,1,0,0,0,0,0
3204,834114,0,0,0,0,0,0,0,1,0,0,0,0,0
3205,834375,0,0,0,0,0,0,0,1,0,0,0,0,0
3206,834635,0,0,0,0,0,0,0,1,0,0,0,0,0
3207,834895,0,0,0,0,0,0,0,1,0,0,0,0,0
3208,835156,0,0,0,0,0,0,0,1,0,0,0,0,0
3209,835416,0,0,0,0,0,0,0,1,0,0,0,0,0
3210,835677,0,0,0,0,0,0,0,1,0,0,0,0,0
3211,835937,0,0,0,0,0,0,0,1,0,0,0,0,0
3212,836197,0,0,0,0,0,0,0,1,0,0,0,0,0
3213,836458,0,0,0,0,0,0,0,1,0,0,0,0,0
3214,836718,0,0,0,0,0,0,0,1,0,0,0,0,0
3215,836979,0,0,0,0,0,0,0,1,0,0,0,0,0
3216,837239,0,0,0,0,0,0,0,1,0,0,0,0,0
3217,837500,0,0,0,0,0,0,0,1,0,0,0,0,0
3218,837760,0,0,0,0,0,0,0,1,0,0,0,0,0
3219,838020,0,0,0,0,0,0,0,1,0,0,0,0,0
3220,838281,0,0,0,0,0,0,0,1,0,0,0,0,0
3221,838541,0,0,0,0,0,0,0,1,0,0,0,0,0
3222,838802,0,0,0,0,0,0,0,1,0,0,0,0,0
3223,839062,0,0,0,0,0,0,0,1,0,0,0,0,0
3224,839322,0,0,0,0,0,0,0,1,0,0,0,0,0
3225,839583,0,0,0,0,0,0,0,1,0,0,0,0,0
3226,839843,0,0,0,0,0,0,0,1,0,0,0,0,0
3227,840104,0,0,0,0,0,0,0,1,0,0,0,0,0
3228,840364,0,0,0,0,0,0,0,1,0,0,0,0,0
3229,840625,0,0,0,0,0,0,0,1,0,0,0,0,0
3230,840885,0,0,0,0,0,0,0,1,0,0,0,0,0
3231,841145,0,0,0,0,0,0,0,1,0,0,0,0,0
3232,841406,0,0,0,0,0,0,0,1,0,0,0,0,0
3233,841666,0,0,0,0,0,0,0,1,0,0,0,0,0
3234,841927,0,0,0,0,0,0,0,1,0,0,0,0,0
3235,842187,0,0,0,0,0,0,0,1,0,0,0,0,0
3236,842447,0,0,0,0,0,0,0,1,0,0,0,0,0
3237,842708,0,0,0,0,0,0,0,1,0,0,0,0,0
3238,842968,0,0,0,0,0,0,0,1,0,0,0,0,0
3239,843229,0,0,0,0,0,0,0,1,0,0,0,0,0
3240,843489,0,0,0,0,0,0,0,1,0,0,0,0,0
3241,843750,0,0,0,0,0,0,0,1,0,0,0,0,0
3242,844010,0,0,0,0,0,0,0,1,0,0,0,0,0
3243,844270,0,0,0,0,0,0,0,1,0,0,0,0,0
3244,844531,0,0,0,0,0,0,0,1,0,0,0,0,0
3245,844791,0,0,0,0,0,0,0,1,0,0,0,0,0
3246,845052,0,0,0,0,0,0,0,1,0,0,0,0,0
3247,845312,0,0,0,0,0,0,0,1,0,0,0,0,0
3248,845572,0,0,0,0,0,0,0,1,0,0,0,0,0
3249,845833,0,0,0,0,0,0,0,1,0,0,0,0,0
3250,846093,0,0,0,0,0,0,0,1,0,0,0,0,0
3251,846354,0,0,0,0,0,0,0,1,0,0,0,0,0
3252,846614,0,0,0,0,0,0,0,1,0,0,0,0,0
3253,846875,0,0,0,0,0,0,0,1,0,0,0,0,0
3254,847135,0,0,0,0,0,0,0,1,0,0,0,0,0
3255,847395,0,0,0,0,0,0,0,1,0,0,0,0,0
3256,847656,0,0,0,0,0,0,0,1,0,0,0,0,0
3257,847916,0,0,0,0,0,0,0,1,0,0,0,0,0
3258,848177,0,0,0,0,0,0,0,1,0,0,0,0,0
3259,848437,0,0,0,0,0,0,0,1,0,0,0,0,0
3260,848697,0,0,0,0,0,0,0,1,0,0,0,0,0
3261,848958,0,0,0,0,0,0,0,1,0,0,0,0,0
3262,849218,0,0,0,0,0,0,0,1,0,0,0,0,0
3263,849479,0,0,0,0,0,0,0,1,0,0,0,0,0
3264,849739,0,0,0,0,0,0,0,1,0,0,0,0,0
3265,850000,0,0,0,0,0,0,0,1,0,0,0,0,0
3266,850260,0,0,0,0,0,0,0,1,0,0,0,0,0
3267,850520,0,0,0,0,0,0,0,1,0,0,0,0,0
3268,850781,0,0,0,0,0,0,0,1,0,0,0,0,0
3269,851041,0,0,0,0,0,0,0,1,0,0,0,0,0
3270,851302,0,0,0,0,0,0,0,1,0,0,0,0,0
3271,851562,0,0,0,0,0,0,0,1,0,0,0,0,0
3272,851822,0,0,0,0,0,0,0,1,0,0,0,0,0
3273,852083,0,0,0,0,0,0,0,1,0,0,0,0,0
3274,852343,0,0,0,0,0,0,0,1,0,0,0,0,0
3275,852604,0,0,0,0,0,0,0,1,0,0,0,0,0
3276,852864,0,0,0,0,0,0,0,1,0,0,0,0,0
3277,853125,0,0,0,0,0,0,0,1,0,0,0,0,0
3278,853385,0,0,0,0,0,0,0,1,0,0,0,0,0
3279,853645,0,0,0,0,0,0,0,1,0,0,0,0,0
3280,853906,0,0,0,0,0,0,0,1,0,0,0,0,0
3281,854166,0,0,0,0,0,0,0,1,0,0,0,0,0
3282,854427,0,0,0,0,0,0,0,1,0,0,0,0,0
3283,854687,0,0,0,0,0,0,0,1,0,0,0,0,0
3284,854947,0,0,0,0,0,0,0,1,0,0,0,0,0
3285,855208,0,0,0,0,0,0,0,1,0,0,0,0,0
3286,855468,0,0,0,0,0,0,0,1,0,0,0,0,0
3287,855729,0,0,0,0,0,0,0,1,0,0,0,0,0
3288,855989,0,0,0,0,0,0,0,1,0,0,0,0,0
3289,856250,0,0,0,0,0,0,0,1,0,0,0,0,0
3290,856510,0,0,0,0,0,0,0,1,0,0,0,0,0
3291,856770,0,0,0,0,0,0,0,1,0,0,0,0,0
3292,857031,0,0,0,0,0,0,0,1,0,0,0,0,0
3293,857291,0,0,0,0,0,0,0,1,0,0,0,0,0
3294,857552,0,0,0,0,0,0,0,1,0,0,0,0,0
3295,857812,0,0,0,0,0,0,0,1,0,0,0,0,0
3296,858072,0,0,0,0,0,0,0,1,0,0,0,0,0
3297,858333,0,0,0,0,0,0,0,1,0,0,0,0,0
3298,858593,0,0,0,0,0,0,0,1,0,0,0,0,0
3299,858854,0,0,0,0,0,0,0,1,0,0,0,0,0
3300,859114,0,0,0,0,0,0,0,1,0,0,0,0,0
3301,859375,0,0,0,0,0,0,0,1,0,0,0,0,0
3302,859635,0,0,0,0,0,0,0,1,0,0,0,0,0
3303,859895,0,0,0,0,0,0,0,1,0,0,0,0,0
3304,860156,0,0,0,0,0,0,0,1,0,0,0,0,0
3305,860416,0,0,0,0,0,0,0,1,0,0,0,0,0
3306,860677,0,0,0,0,0,0,0,1,0,0,0,0,0
3307,860937,0,0,0,0,0,0,0,1,0,0,0,0,0
3308,861197,0,0,0,0,0,0,0,1,0,0,0,0,0
3309,861458,0,0,0,0,0,0,0,1,0,0,0,0,0
3310,861718,0,0,0,0,0,0,0,1,0,0,0,0,0
3311,861979,0,0,0,0,0,0,0,1,0,0,0,0,0
3312,862239,0,0,0,0,0,0,0,1,0,0,0,0,0
3313,862500,0,0,0,0,0,0,0,1,0,0,0,0,0
3314,862760,0,0,0,0,0,0,0,1,0,0,0,0,0
3315,863020,0,0,0,0,0,0,0,1,0,0,0,0,0
3316,863281,0,0,0,0,0,0,0,1,0,0,0,0,0
3317,863541,0,0,0,0,0,0,0,1,0,0,0,0,0
3318,863802,0,0,0,0,0,0,0,1,0,0,0,0,0
3319,864062,0,0,0,0,0,0,0,1,0,0,0,0,0
3320,864322,0,0,0,0,0,0,0,1,0,0,0,0,0
3321,864583,0,0,0,0,0,0,0,1,0,0,0,0,0
3322,864843,0,0,0,0,0,0,0,1,0,0,0,0,0
3323,865104,0,0,0,0,0,0,0,1,0,0,0,0,0
3324,865364,0,0,0,0,0,0,0,1,0,0,0,0,0
3325,865625,0,0,0,0,0,0,0,1,0,0,0,0,0
3326,865885,0,0,0,0,0,0,0,1,0,0,0,0,0
3327,866145,0,0,0,0,0,0,0,1,0,0,0,0,0
3328,866406,0,0,0,0,0,0,0,1,0,0,0,0,0
3329,866666,0,0,0,0,0,0,0,1,0,0,0,0,0
3330,866927,0,0,0,0,0,0,0,1,0,0,0,0,0
3331,867187,0,0,0,0,0,0,0,1,0,0,0,0,0
3332,867447,0,0,0,0,0,0,0,1,0,0,0,0,0
3333,867708,0,0,0,0,0,0,0,1,0,0,0,0,0
3334,867968,0,0,0,0,0,0,0,1,0,0,0,0,0
3335,868229,0,0,0,0,0,0,0,1,0,0,0,0,0
3336,868489,0,0,0,0,0,0,0,1,0,0,0,0,0
3337,868750,0,0,0,0,0,0,0,1,0,0,0,0,0
3338,869010,0,0,0,0,0,0,0,1,0,0,0,0,0
3339,869270,0,0,0,0,0,0,0,1,0,0,0,0,0
3340,869531,0,0,0,0,0,0,0,1,0,0,0,0,0
3341,869791,0,0,0,0,0,0,0,1,0,0,0,0,0
3342,870052,0,0,0,0,0,0,0,1,0,0,0,0,0
3343,870312,0,0,0,0,0,0,0,1,0,0,0,0,0
3344,870572,0,0,0,0,0,0,0,1,0,0,0,0,0
3345,870833,0,0,0,0,0,0,0,1,0,0,0,0,0
3346,871093,0,0,0,0,0,0,0,1,0,0,0,0,0
3347,871354,0,0,0,0,0,0,0,1,0,0,0,0,0
3348,871614,0,0,0,0,0,0,0,1,0,0,0,0,0
3349,871875,0,0,0,0,0,0,0,1,0,0,0,0,0
3350,872135,0,0,0,0,0,0,0,1,0,0,0,0,0
3351,872395,0,0,0,0,0,0,0,1,0,0,0,0,0
3352,872656,0,0,0,0,0,0,0,1,0,0,0,0,0
3353,872916,0,0,0,0,0,0,0,1,0,0,0,0,0
3354,873177,0,0,0,0,0,0,0,1,0,0,0,0,0
3355,873437,0,0,0,0,0,0,0,1,0,0,0,0,0
3356,873697,0,0,0,0,0,0,0,1,0,0,0,0,0
3357,873958,0,0,0,0,0,0,0,1,0,0,0,0,0
3358,874218,0,0,0,0,0,0,0,1,0,0,0,0,0
3359,874479,0,0,0,0,0,0,0,1,0,0,0,0,0
3360,874739,0,0,0,0,0,0,0,1,0,0,0,0,0
3361,875000,0,0,0,0,0,0,0,1,0,0,0,0,0
3362,875260,0,0,0,0,0,0,0,1,0,0,0,0,0
3363,875520,0,0,0,0,0,0,0,1,0,0,0,0,0
3364,875781,0,0,0,0,0,0,0,1,0,0,0,0,0
3365,876041,0,0,0,0,0,0,0,1,0,0,0,0,0
3366,876302,0,0,0,0,0,0,0,1,0,0,0,0,0
3367,876562,0,0,0,0,0,0,0,1,0,0,0,0,0
3368,876822,0,0,0,0,0,0,0,1,0,0,0,0,0
3369,877083,0,0,0,0,0,0,0,1,0,0,0,0,0
3370,877343,0,0,0,0,0,0,0,1,0,0,0,0,0
3371,877604,0,0,0,0,0,0,0,1,0,0,0,0,0
3372,877864,0,0,0,0,0,0,0,1,0,0,0,0,0
3373,878125,0,0,0,0,0,0,0,1,0,0,0,0,0
3374,878385,0,0,0,0,0,0,0,1,0,0,0,0,0
3375,878645,0,0,0,0,0,0,0,1,0,0,0,0,0
3376,878906,0,0,0,0,0,0,0,1,0,0,0,0,0
3377,879166,0,0,0,0,0,0,0,1,0,0,0,0,0
3378,879427,0,0,0,0,0,0,0,1,0,0,0,0,0
3379,879687,0,0,0,0,0,0,0,1,0,0,0,0,0
3380,879947,0,0,0,0,0,0,0,1,0,0,0,0,0
3381,880208,0,0,0,0,0,0,0,1,0,0,0,0,0
3382,880468,0,0,0,0,0,0,0,1,0,0,0,0,0
3383,880729,0,0,0,0,0,0,0,1,0,0,0,0,0
3384,880989,0,0,0,0,0,0,0,1,0,0,0,0,0
3385,881250,0,0,0,0,0,0,0,1,0,0,0,0,0
3386,881510,0,0,0,0,0,0,0,1,0,0,0,0,0
3387,881770,0,0,0,0,0,0,0,1,0,0,0,0,0
3388,882031,0,0,0,0,0,0,0,1,0,0,0,0,0
3389,882291,0,0,0,0,0,0,0,1,0,0,0,0,0
3390,882552,0,0,0,0,0,0,0,1,0,0,0,0,0
3391,882812,0,0,0,0,0,0,0,1,0,0,0,0,0
3392,883072,0,0,0,0,0,0,0,1,0,0,0,0,0
3393,883333,0,0,0,0,0,0,0,1,0,0,0,0,0
3394,883593,0,0,0,0,0,0,0,1,0,0,0,0,0
3395,883854,0,0,0,0,0,0,0,1,0,0,0,0,0
3396,884114,0,0,0,0,0,0,0,1,0,0,0,0,0
3397,884375,0,0,0,0,0,0,0,1,0,0,0,0,0
3398,884635,0,0,0,0,0,0,0,1,0,0,0,0,0
3399,884895,0,0,0,0,0,0,0,1,0,0,0,0,0
3400,885156,0,0,0,0,0,0,0,1,0,0,0,0,0
3401,885416,0,0,0,0,0,0,0,1,0,0,0,0,0
3402,885677,0,0,0,0,0,0,0,1,0,0,0,0,0
3403,885937,0,0,0,0,0,0,0,1,0,0,0,0,0
3404,886197,0,0,0,0,0,0,0,1,0,0,0,0,0
3405,886458,0,0,0,0,0,0,0,1,0,0,0,0,0
3406,886718,0,0,0,0,0,0,0,1,0,0,0,0,0
3407,886979,0,0,0,0,0,0,0,1,0,0,0,0,0
3408,887239,0,0,0,0,0,0,0,1,0,0,0,0,0
3409,887500,0,0,0,0,0,0,0,1,0,0,0,0,0
3410,887760,0,0,0,0,0,0,0,1,0,0,0,0,0
3411,888020,0,0,0,0,0,0,0,1,0,0,0,0,0
3412,888281,0,0,0,0,0,0,0,1,0,0,0,0,0
3413,888541,0,0,0,0,0,0,0,1,0,0,0,0,0
3414,888802,0,0,0,0,0,0,0,1,0,0,0,0,0
3415,889062,0,0,0,0,0,0,0,1,0,0,0,0,0
3416,889322,0,0,0,0,0,0,0,1,0,0,0,0,0
3417,889583,0,0,0,0,0,0,0,1,0,0,0,0,0
3418,889843,0,0,0,0,0,0,0,1,0,0,0,0,0
3419,890104,0,0,0,0,0,0,0,1,0,0,0,0,0
3420,890364,0,0,0,0,0,0,0,1,0,0,0,0,0
3421,890625,0,0,0,0,0,0,0,1,0,0,0,0,0
3422,890885,0,0,0,0,0,0,0,1,0,0,0,0,0
3423,891145,0,0,0,0,0,0,0,1,0,0,0,0,0
3424,891406,0,0,0,0,0,0,0,1,0,0,0,0,0
3425,891666,0,0,0,0,0,0,0,1,0,0,0,0,0
3426,891927,0,0,0,0,0,0,0,1,0,0,0,0,0
3427,892187,0,0,0,0,0,0,0,1,0,0,0,0,0
3428,892447,0,0,0,0,0,0,0,1,0,0,0,0,0
3429,892708,0,0,0,0,0,0,0,1,0,0,0,0,0
3430,892968,0,0,0,0,0,0,0,1,0,0,0,0,0
3431,893229,0,0,0,0,0,0,0,1,0,0,0,0,0
3432,893489,0,0,0,0,0,0,0,1,0,0,0,0,0
3433,893750,0,0,0,0,0,0,0,1,0,0,0,0,0
3434,894010,0,0,0,0,0,0,0,1,0,0,0,0,0
3435,894270,0,0,0,0,0,0,0,1,0,0,0,0,0
3436,894531,0,0,0,0,0,0,0,1,0,0,0,0,0
3437,894791,0,0,0,0,0,0,0,1,0,0,0,0,0
3438,895052,0,0,0,0,0,0,0,1,0,0,0,0,0
3439,895312,0,0,0,0,0,0,0,1,0,0,0,0,0
3440,895572,0,0,0,0,0,0,0,1,0,0,0,0,0
3441,895833,0,0,0,0,0,0,0,1,0,0,0,0,0
3442,896093,0,0,0,0,0,0,0,1,0,0,0,0,0
3443,896354,0,0,0,0,0,0,0,1,0,0,0,0,0
3444,896614,0,0,0,0,0,0,0,1,0,0,0,0,0
3445,896875,0,0,0,0,0,0,0,1,0,0,0,0,0
3446,897135,0,0,0,0,0,0,0,1,0,0,0,0,0
3447,897395,0,0,0,0,0,0,0,1,0,0,0,0,0
3448,897656,0,0,0,0,0,0,0,1,0,0,0,0,0
3449,897916,0,0,0,0,0,0,0,1,0,0,0,0,0
3450,898177,0,0,0,0,0,0,0,1,0,0,0,0,0
3451,898437,0,0,0,0,0,0,0,1,0,0,0,0,0
3452,898697,0,0,0,0,0,0,0,1,0,0,0,0,0
3453,898958,0,0,0,0,0,0,0,1,0,0,0,0,0
3454,899218,0,0,0,0,0,0,0,1,0,0,0,0,0
3455,899479,0,0,0,0,0,0,0,1,0,0,0,0,0
3456,899739,0,0,0,0,0,0,0,1,0,0,0,0,0
3457,900000,0,0,0,0,0,0,0,1,0,0,0,0,0
3458,900260,0,0,0,0,0,0,0,1,0,0,0,0,0
3459,900520,0,0,0,0,0,0,0,1,0,0,0,0,0
3460,900781,0,0,0,0,0,0,0,1,0,0,0,0,0
3461,901041,0,0,0,0,0,0,0,1,0,0,0,0,0
3462,901302,0,0,0,0,0,0,0,1,0,0,0,0,0
3463,901562,0,0,0,0,0,0,0,1,0,0,0,0,0
3464,901822,0,0,0,0,0,0,0,1,0,0,0,0,0
3465,902083,0,0,0,0,0,0,0,1,0,0,0,0,0
3466,902343,0,0,0,0,0,0,0,1,0,0,0,0,0
3467,902604,0,0,0,0,0,0,0,1,0,0,0,0,0
3468,902864,0,0,0,0,0,0,0,1,0,0,0,0,0
3469,903125,0,0,0,0,0,0,0,1,0,0,0,0,0
3470,903385,0,0,0,0,0,0,0,1,0,0,0,0,0
3471,903645,0,0,0,0,0,0,0,1,0,0,0,0,0
3472,903906,0,0,0,0,0,0,0,1,0,0,0,0,0
3473,904166,0,0,0,0,0,0,0,1,0,0,0,0,0
3474,904427,0,0,0,0,0,0,0,1,0,0,0,0,0
3475,904687,0,0,0,0,0,0,0,1,0,0,0,0,0
3476,904947,0,0,0,0,0,0,0,1,0,0,0,0,0
3477,905208,0,0,0,0,0,0,0,1,0,0,0,0,0
3478,905468,0,0,0,0,0,0,0,1,0,0,0,0,0
3479,905729,0,0,0,0,0,0,0,1,0,0,0,0,0
3480,905989,0,0,0,0,0,0,0,1,0,0,0,0,0
3481,906250,0,0,0,0,0,0,0,1,0,0,0,0,0
3482,906510,0,0,0,0,0,0,0,1,0,0,0,0,0
3483,906770,0,0,0,0,0,0,0,1,0,0,0,0,0
3484,907031,0,0,0,0,0,0,0,1,0,0,0,0,0
3485,907291,0,0,0,0,0,0,0,1,0,0,0,0,0
3486,907552,0,0,0,0,0,0,0,1,0,0,0,0,0
3487,907812,0,0,0,0,0,0,0,1,0,0,0,0,0
3488,908072,0,0,0,0,0,0,0,1,0,0,0,0,0
3489,908333,0,0,0,0,0,0,0,1,0,0,0,0,0
3490,908593,0,0,0,0,0,0,0,1,0,0,0,0,0
3491,908854,0,0,0,0,0,0,0,1,0,0,0,0,0
3492,909114,0,0,0,0,0,0,0,1,0,0,0,0,0
3493,909375,0,0,0,0,0,0,0,1,0,0,0,0,0
3494,909635,0,0,0,0,0,0,0,1,0,0,0,0,0
3495,909895,0,0,0,0,0,0,0,1,0,0,0,0,0
3496,910156,0,0,0,0,0,0,0,1,0,0,0,0,0
3497,910416,0,0,0,0,0,0,0,1,0,0,0,0,0
3498,910677,0,0,0,0,0,0,0,1,0,0,0,0,0
3499,910937,0,0,0,0,0,0,0,1,0,0,0,0,0
3500,911197,0,0,0,0,0,0,0,1,0,0,0,0,0
3501,911458,0,0,0,0,0,0,0,1,0,0,0,0,0
3502,911718,0,0,0,0,0,0,0,1,0,0,0,0,0
3503,911979,0,0,0,0,0,0,0,1,0,0,0,0,0
3504,912239,0,0,0,0,0,0,0,1,0,0,0,0,0
3505,912500,0,0,0,0,0,0,0,1,0,0,0,0,0
3506,912760,0,0,0,0,0,0,0,1,0,0,0,0,0
3507,913020,0,0,0,0,0,0,0,1,0,0,0,0,0
3508,913281,0,0,0,0,0,0,0,1,0,0,0,0,0
3509,913541,0,0,0,0,0,0,0,1,0,0,0,0,0
3510,913802,0,0,0,0,0,0,0,1,0,0,0,0,0
3511,914062,0,0,0,0,0,0,0,1,0,0,0,0,0
3512,914322,0,0,0,0,0,0,0,1,0,0,0,0,0
3513,914583,0,0,0,0,0,0,0,1,0,0,0,0,0
3514,914843,0,0,0,0,0,0,0,1,0,0,0,0,0
3515,915104,0,0,0,0,0,0,0,1,0,0,0,0,0
3516,915364,0,0,0,0,0,0,0,1,0,0,0,0,0
3517,915625,0,0,0,0,0,0,0,1,0,0,0,0,0
3518,915885,0,0,0,0,0,0,0,1,0,0,0,0,0
3519,916145,0,0,0,0,0,0,0,1,0,0,0,0,0
3520,916406,0,0,0,0,0,0,0,1,0,0,0,0,0
3521,916666,0,0,0,0,0,0,0,1,0,0,0,0,0
3522,916927,0,0,0,0,0,0,0,1,0,0,0,0,0
3523,917187,0,0,0,0,0,0,0,1,0,0,0,0,0
3524,917447,0,0,0,0,0,0,0,1,0,0,0,0,0
3525,917708,0,0,0,0,0,0,0,1,0,0,0,0,0
3526,917968,0,0,0,0,0,0,0,1,0,0,0,0,0
3527,918229,0,0,0,0,0,0,0,1,0,0,0,0,0
3528,918489,0,0,0,0,0,0,0,1,0,0,0,0,0
3529,918750,0,0,0,0,0,0,0,1,0,0,0,0,0
3530,919010,0,0,0,0,0,0,0,1,0,0,0,0,0
3531,919270,0,0,0,0,0,0,0,1,0,0,0,0,0
3532,919531,0,0,0,0,0,0,0,1,0,0,0,0,0
3533,919791,0,0,0,0,0,0,0,1,0,0,0,0,0
3534,920052,0,0,0,0,0,0,0,1,0,0,0,0,0
3535,920312,0,0,0,0,0,0,0,1,0,0,0,0,0
3536,920572,0,0,0,0,0,0,0,1,0,0,0,0,0
3537,920833,0,0,0,0,0,0,0,1,0,0,0,0,0
3538,921093,0,0,0,0,0,0,0,1,0,0,0,0,0
3539,921354,0,0,0,0,0,0,0,1,0,0,0,0,0
3540,921614,0,0,0,0,0,0,0,1,0,0,0,0,0
3541,921875,0,0,0,0,0,0,0,1,0,0,0,0,0
3542,922135,0,0,0,0,0,0,0,1,0,0,0,0,0
3543,922395,0,0,0,0,0,0,0,1,0,0,0,0,0
3544,922656,0,0,0,0,0,0,0,1,0,0,0,0,0
3545,922916,0,0,0,0,0,0,0,1,0,0,0,0,0
3546,923177,0,0,0,0,0,0,0,1,0,0,0,0,0
3547,923437,0,0,0,0,0,0,0,1,0,0,0,0,0
3548,923697,0,0,0,0,0,0,0,1,0,0,0,0,0
3549,923958,0,0,0,0,0,0,0,1,0,0,0,0,0
3550,924218,0,0,0,0,0,0,0,1,0,0,0,0,0
3551,924479,0,0,0,0,0,0,0,1,0,0,0,0,0
3552,924739,0,0,0,0,0,0,0,1,0,0,0,0,0
3553,925000,0,0,0,0,0,0,0,1,0,0,0,0,0
3554,925260,0,0,0,0,0,0,0,1,0,0,0,0,0
3555,925520,0,0,0,0,0,0,0,1,0,0,0,0,0
3556,925781,0,0,0,0,0,0,0,1,0,0,0,0,0
3557,926041,0,0,0,0,0,0,0,1,0,0,0,0,0
3558,926302,0,0,0,0,0,0,0,1,0,0,0,0,0
3559,926562,0,0,0,0,0,0,0,1,0,0,0,0,0
3560,926822,0,0,0,0,0,0,0,1,0,0,0,0,0
3561,927083,0,0,0,0,0,0,0,1,0,0,0,0,0
3562,927343,0,0,0,0,0,0,0,1,0,0,0,0,0
3563,927604,0,0,0,0,0,0,0,1,0,0,0,0,0
3564,927864,0,0,0,0,0,0,0,1,0,0,0,0,0
3565,928125,0,0,0,0,0,0,0,1,0,0,0,0,0
3566,928385,0,0,0,0,0,0,0,1,0,0,0,0,0
3567,928645,0,0,0,0,0,0,0,1,0,0,0,0,0
3568,928906,0,0,0,0,0,0,0,1,0,0,0,0,0
3569,929166,0,0,0,0,0,0,0,1,0,0,0,0,0
3570,929427,0,0,0,0,0,0,0,1,0,0,0,0,0
3571,929687,0,0,0,0,0,0,0,1,0,0,0,0,0
3572,929947,0,0,0,0,0,0,0,1,0,0,0,0,0
3573,930208,0,0,0,0,0,0,0,1,0,0,0,0,0
3574,930468,0,0,0,0,0,0,0,1,0,0,0,0,0
3575,930729,0,0,0,0,0,0,0,1,0,0,0,0,0
3576,930989,0,0,0,0,0,0,0,1,0,0,0,0,0
3577,931250,0,0,0,0,0,0,0,1,0,0,0,0,0
3578,931510,0,0,0,0,0,0,0,1,0,0,0,0,0
3579,931770,0,0,0,0,0,0,0,1,0,0,0,0,0
3580,932031,0,0,0,0,0,0,0,1,0,0,0,0,0
3581,932291,0,0,0,0,0,0,0,1,0,0,0,0,0
3582,932552,0,0,0,0,0,0,0,1,0,0,0,0,0
3583,932812,0,0,0,0,0,0,0,1,0,0,0,0,0
3584,933072,0,0,0,0,0,0,0,1,0,0,0,0,0
3585,933333,0,0,0,0,0,0,0,1,0,0,0,0,0
3586,933593,0,0,0,0,0,0,0,1,0,0,0,0,0
3587,933854,0,0,0,0,0,0,0,1,0,0,0,0,0
3588,934114,0,0,0,0,0,0,0,1,0,0,0,0,0
3589,934375,0,0,0,0,0,0,0,1,0,0,0,0,0
3590,934635,0,0,0,0,0,0,0,1,0,0,0,0,0
3591,934895,0,0,0,0,0,0,0,1,0,0,0,0,0
3592,935156,0,0,0,0,0,0,0,1,0,0,0,0,0
3593,935416,0,0,0,0,0,0,0,1,0,0,0,0,0
3594,935677,0,0,0,0,0,0,0,1,0,0,0,0,0
3595,935937,0,0,0,0,0,0,0,1,0,0,0,0,0
3596,936197,0,0,0,0,0,0,0,1,0,0,0,0,0
3597,936458,0,0,0,0,0,0,0,1,0,0,0,0,0
3598,936718,0,0,0,0,0,0,0,1,0,0,0,0,0
3599,936979,0,0,0,0,0,0,0,1,0,0,0,0,0
3600,937239,0,0,0,0,0,0,0,1,0,0,0,0,0
3601,937500,0,0,0,0,0,0,0,1,0,0,0,0,0
3602,937760,0,0,0,0,0,0,0,1,0,0,0,0,0
3603,938020,0,0,0,0,0,0,0,1,0,0,0,0,0
3604,938281,0,0,0,0,0,0,0,1,0,0,0,0,0
3605,938541,0,0,0,0,0,0,0,1,0,0,0,0,0
3606,938802,0,0,0,0,0,0,0,1,0,0,0,0,0
3607,939062,0,0,0,0,0,0,0,1,0,0,0,0,0
3608,939322,0,0,0,0,0,0,0,1,0,0,0,0,0
3609,939583,0,0,0,0,0,0,0,1,0,0,0,0,0
3610,939843,0,0,0,0,0,0,0,1,0,0,0,0,0
3611,940104,0,0,0,0,0,0,0,1,0,0,0,0,0
3612,940364,1122,1257,-2378,0,13621,15259,-28880,0,0,0,1,1,0
3613,940625,911,1449,-2359,0,11058,17590,-28648,0,0,0,1,1,0
3614,940885,691,1627,-2317,0,8388,19752,-28140,0,0,0,1,1,0
3615,941145,464,1789,-2253,0,5637,21724,-27362,0,0,0,1,1,0
3616,941406,233,1934,-2167,0,2832,23487,-26319,0,0,0,1,1,0
3617,941666,0,2061,-2061,0,0,25024,-25024,0,0,0,1,1,0
3618,941927,-233,2167,-1934,0,-2832,26319,-23487,0,0,0,1,1,0
3619,942187,-464,2253,-1789,0,-5637,27362,-21724,0,0,0,1,1,0
3620,942447,-691,2317,-1627,0,-8388,28140,-19752,0,0,0,1,1,0
3621,942708,-911,2359,-1449,0,-11058,28648,-17590,0,0,0,1,1,0
3622,942968,-1122,2378,-1257,0,-13621,28880,-15259,0,0,0,1,1,0
3623,943229,-1322,2374,-1052,0,-16053,28833,-12780,0,0,0,1,1,0
3624,943489,-1510,2348,-838,0,-18331,28509,-10178,0,0,0,1,1,0
3625,943750,-1683,2298,-616,0,-20432,27910,-7479,0,0,0,1,1,0
3626,944010,-1839,2227,-388,0,-22336,27043,-4707,0,0,0,1,1,0
3627,944270,-1978,2134,-156,0,-24025,25915,-1890,0,0,0,1,1,0
3628,944531,-2098,2021,78,0,-25483,24538,945,0,0,0,1,1,0
3629,944791,-2198,1888,311,0,-26696,22924,3772,0,0,0,1,1,0
3630,945052,-2277,1737,540,0,-27651,21089,6561,0,0,0,1,1,0
3631,945312,-2334,1569,765,0,-28340,19052,9288,0,0,0,1,1,0
3632,945572,-2368,1386,982,0,-28756,16831,11925,0,0,0,1,1,0
3633,945833,-2379,1190,1190,0,-28895,14448,14448,0,0,0,1,1,0
3634,946093,-2368,982,1386,0,-28756,11925,16831,0,0,0,1,1,0
3635,946354,-2334,765,1569,0,-28340,9288,19052,0,0,0,1,1,0
3636,946614,-2277,540,1737,0,-27651,6561,21089,0,0,0,1,1,0
3637,946875,-2198,311,1888,0,-26696,3772,22924,0,0,0,1,1,0
3638,947135,-2098,78,2021,0,-25483,945,24538,0,0,0,1,1,0
3639,947395,-1978,-156,2134,0,-24025,-1890,25915,0,0,0,1,1,0
3640,947656,-1839,-388,2227,0,-22336,-4707,27043,0,0,0,1,1,0
3641,947916,-1683,-616,2298,0,-20432,-7479,27910,0,0,0,1,1,0
3642,948177,-1510,-838,2348,0,-18331,-10178,28509,0,0,0,1,1,0
3643,948437,-1322,-1052,2374,0,-16053,-12780,28833,0,0,0,1,1,0
3644,948697,-1122,-1257,2378,0,-13621,-15259,28880,0,0,0,1,1,0
3645,948958,-911,-1449,2359,0,-11058,-17590,28648,0,0,0,1,1,0
3646,949218,-691,-1627,2317,0,-8388,-19752,28140,0,0,0,1,1,0
3647,949479,-464,-1789,2253,0,-5637,-21724,27362,0,0,0,1,1,0
3648,949739,-233,-1934,2167,0,-2832,-23487,26319,0,0,0,1,1,0
3649,950000,0,-2061,2061,0,0,-25024,25024,0,0,0,1,1,0
3650,950260,233,-2167,1934,0,2832,-26319,23487,0,0,0,0,1,0
3651,950520,464,-2253,1789,0,5637,-27362,21724,0,0,0,0,1,0
3652,950781,691,-2317,1627,0,8388,-28140,19752,0,0,0,0,1,0
3653,951041,911,-2359,1449,0,11058,-28648,17590,0,0,0,0,1,0
3654,951302,1122,-2378,1257,0,13621,-28880,15259,0,0,0,0,1,0
3655,951562,1322,-2374,1052,0,16053,-28833,12780,0,0,0,0,1,0
3656,951822,1510,-2348,838,0,18331,-28509,10178,0,0,0,0,1,0
3657,952083,1683,-2298,616,0,20432,-27910,7479,0,0,0,0,1,0
3658,952343,1839,-2227,388,0,22336,-27043,4707,0,0,0,0,1,0
3659,952604,1978,-2134,156,0,24025,-25915,1890,0,0,0,0,1,0
3660,952864,2098,-2021,-78,0,25483,-24538,-945,0,0,0,0,1,0
3661,953125,2198,-1888,-311,0,26696,-22924,-3772,0,0,0,0,1,0
3662,953385,2277,-1737,-540,0,27651,-21089,-6561,0,0,0,0,1,0
3663,953645,2334,-1569,-765,0,28340,-19052,-9288,0,0,0,0,1,0
3664,953906,2368,-1386,-982,0,28756,-16831,-11925,0,0,0,0,1,0
3665,954166,2379,-1190,-1190,0,28895,-14448,-14448,0,0,0,0,1,0
3666,954427,2368,-982,-1386,0,28756,-11925,-16831,0,0,0,0,1,0
3667,954687,2334,-765,-1569,0,28340,-9288,-19052,0,0,0,0,1,0
3668,954947,2277,-540,-1737,0,27651,-6561,-21089,0,0,0,0,1,0
3669,955208,2198,-311,-1888,0,26696,-3772,-22924,0,0,0,0,1,0
3670,955468,2098,-78,-2021,0,25483,-945,-24538,0,0,0,0,1,0
3671,955729,1978,156,-2134,0,24025,1890,-25915,0,0,0,0,1,0
3672,955989,1839,388,-2227,0,22336,4707,-27043,0,0,0,0,1,0
3673,956250,1683,616,-2298,0,20432,7479,-27910,0,0,0,0,1,0
3674,956510,1510,838,-2348,0,18331,10178,-28509,0,0,0,0,1,0
3675,956770,1322,1052,-2374,0,16053,12780,-28833,0,0,0,0,1,0
3676,957031,1122,1257,-2378,0,13621,15259,-28880,0,0,0,0,1,0
3677,957291,911,1449,-2359,0,11058,17590,-28648,0,0,0,0,1,0
3678,957552,691,1627,-2317,0,8388,19752,-28140,0,0,0,0,1,0
3679,957812,464,1789,-2253,0,5637,21724,-27362,0,0,0,0,1,0
3680,958072,233,1934,-2167,0,2832,23487,-26319,0,0,0,0,1,0
3681,958333,0,2061,-2061,0,0,25024,-25024,0,0,0,0,1,0
3682,958593,-233,2167,-1934,0,-2832,26319,-23487,0,0,0,0,1,0
3683,958854,-464,2253,-1789,0,-5637,27362,-21724,0,0,0,0,1,0
3684,959114,-691,2317,-1627,0,-8388,28140,-19752,0,0,0,0,1,0
3685,959375,-911,2359,-1449,0,-11058,28648,-17590,0,0,0,0,1,0
3686,959635,-1122,2378,-1257,0,-13621,28880,-15259,0,0,0,0,1,0
3687,959895,-1322,2374,-1052,0,-16053,28833,-12780,0,0,0,0,1,0
3688,960156,-1510,2348,-838,0,-18331,28509,-10178,0,0,0,0,1,0
3689,960416,-1683,2298,-616,0,-20432,27910,-7479,0,0,0,0,1,0
3690,960677,-1839,2227,-388,0,-22336,27043,-4707,0,0,0,0,1,0
3691,960937,-1978,2134,-156,0,-24025,25915,-1890,0,0,0,0,1,0
3692,961197,-2098,2021,78,0,-25483,24538,945,0,0,0,0,1,0
3693,961458,-2198,1888,311,0,-26696,22924,3772,0,0,0,0,1,0
3694,961718,-2277,1737,540,0,-27651,21089,6561,0,0,0,0,1,0
3695,961979,-2334,1569,765,0,-28340,19052,9288,0,0,0,0,1,0
3696,962239,-2368,1386,982,0,-28756,16831,11925,0,0,0,0,1,0
3697,962500,-2379,1190,1190,0,-28895,14448,14448,0,0,0,0,1,0
3698,962760,-2368,982,1386,0,-28756,11925,16831,0,0,0,0,1,0
3699,963020,-2334,765,1569,0,-28340,9288,19052,0,0,0,0,1,0
3700,963281,-2277,540,1737,0,-27651,6561,21089,0,0,0,0,1,0
3701,963541,-2198,311,1888,0,-26696,3772,22924,0,0,0,0,1,0
3702,963802,-2098,78,2021,0,-25483,945,24538,0,0,0,0,1,0
3703,964062,-1978,-156,2134,0,-24025,-1890,25915,0,0,0,0,1,0
3704,964322,-1839,-388,2227,0,-22336,-4707,27043,0,0,0,0,1,0
3705,964583,-1683,-616,2298,0,-20432,-7479,27910,0,0,0,0,1,0
3706,964843,-1510,-838,2348,0,-18331,-10178,28509,0,0,0,0,1,0
3707,965104,-1322,-1052,2374,0,-16053,-12780,28833,0,0,0,0,1,0
3708,965364,-1122,-1257,2378,0,-13621,-15259,28880,0,0,0,0,1,0
3709,965625,-911,-1449,2359,0,-11058,-17590,28648,0,0,0,0,1,0
3710,965885,-691,-1627,2317,0,-8388,-19752,28140,0,0,0,0,1,0
3711,966145,-464,-1789,2253,0,-5637,-21724,27362,0,0,0,0,1,0
3712,966406,-233,-1934,2167,0,-2832,-23487,26319,0,0,0,0,1,0
3713,966666,0,-2061,2061,0,0,-25024,25024,0,0,0,0,1,0
3714,966927,233,-2167,1934,0,2832,-26319,23487,0,0,0,0,1,0
3715,967187,464,-2253,1789,0,5637,-27362,21724,0,0,0,0,1,0
3716,967447,691,-2317,1627,0,8388,-28140,19752,0,0,0,0,1,0
3717,967708,911,-2359,1449,0,11058,-28648,17590,0,0,0,0,1,0
3718,967968,1122,-2378,1257,0,13621,-28880,15259,0,0,0,0,1,0
3719,968229,1322,-2374,1052,0,16053,-28833,12780,0,0,0,0,1,0
3720,968489,1510,-2348,838,0,18331,-28509,10178,0,0,0,0,1,0
3721,968750,1683,-2298,616,0,20432,-27910,7479,0,0,0,0,1,0
3722,969010,1839,-2227,388,0,22336,-27043,4707,0,0,0,0,1,0
3723,969270,1978,-2134,156,0,24025,-25915,1890,0,0,0,0,1,0
3724,969531,2098,-2021,-78,0,25483,-24538,-945,0,0,0,0,1,0
3725,969791,2198,-1888,-311,0,26696,-22924,-3772,0,0,0,0,1,0
3726,970052,2277,-1737,-540,0,27651,-21089,-6561,0,0,0,0,1,0
3727,970312,2334,-1569,-765,0,28340,-19052,-9288,0,0,0,0,1,0
3728,970572,2368,-1386,-982,0,28756,-16831,-11925,0,0,0,0,1,0
3729,970833,2379,-1190,-1190,0,28895,-14448,-14448,0,0,0,0,1,0
3730,971093,2368,-982,-1386,0,28756,-11925,-16831,0,0,0,0,1,0
3731,971354,2334,-765,-1569,0,28340,-9288,-19052,0,0,0,0,1,0
3732,971614,2277,-540,-1737,0,27651,-6561,-21089,0,0,0,0,1,0
3733,971875,2198,-311,-1888,0,26696,-3772,-22924,0,0,0,0,1,0
3734,972135,2098,-78,-2021,0,25483,-945,-24538,0,0,0,0,1,0
3735,972395,1978,156,-2134,0,24025,1890,-25915,0,0,0,0,1,0
3736,972656,1839,388,-2227,0,22336,4707,-27043,0,0,0,0,1,0
3737,972916,1683,616,-2298,0,20432,7479,-27910,0,0,0,0,1,0
3738,973177,1510,838,-2348,0,18331,10178,-28509,0,0,0,0,1,0
3739,973437,1322,1052,-2374,0,16053,12780,-28833,0,0,0,0,1,0
3740,973697,1122,1257,-2378,0,13621,15259,-28880,0,0,0,0,1,0
3741,973958,911,1449,-2359,0,11058,17590,-28648,0,0,0,0,1,0
3742,974218,691,1627,-2317,0,8388,19752,-28140,0,0,0,0,1,0
3743,974479,464,1789,-2253,0,5637,21724,-27362,0,0,0,0,1,0
3744,974739,233,1934,-2167,0,2832,23487,-26319,0,0,0,0,1,0
3745,975000,0,2061,-2061,0,0,25024,-25024,0,0,0,0,1,0
3746,975260,-233,2167,-1934,0,-2832,26319,-23487,0,0,0,0,1,0
3747,975520,-464,2253,-1789,0,-5637,27362,-21724,0,0,0,0,1,0
3748,975781,-691,2317,-1627,0,-8388,28140,-19752,0,0,0,0,1,0
3749,976041,-911,2359,-1449,0,-11058,28648,-17590,0,0,0,0,1,0
3750,976302,-1122,2378,-1257,0,-13621,28880,-15259,0,0,0,0,1,0
3751,976562,-1322,2374,-1052,0,-16053,28833,-12780,0,0,0,0,1,0
3752,976822,-1510,2348,-838,0,-18331,28509,-10178,0,0,0,0,1,0
3753,977083,-1683,2298,-616,0,-20432,27910,-7479,0,0,0,0,1,0
3754,977343,-1839,2227,-388,0,-22336,27043,-4707,0,0,0,0,1,0
3755,977604,-1978,2134,-156,0,-24025,25915,-1890,0,0,0,0,1,0
3756,977864,-2098,2021,78,0,-25483,24538,945,0,0,0,0,1,0
3757,978125,-2198,1888,311,0,-26696,22924,3772,0,0,0,0,1,0
3758,978385,-2277,1737,540,0,-27651,21089,6561,0,0,0,0,1,0
3759,978645,-2334,1569,765,0,-28340,19052,9288,0,0,0,0,1,0
3760,978906,-2368,1386,982,0,-28756,16831,11925,0,0,0,0,1,0
3761,979166,-2379,1190,1190,0,-28895,14448,14448,0,0,0,0,1,0
3762,979427,-2368,982,1386,0,-28756,11925,16831,0,0,0,0,1,0
3763,979687,-2334,765,1569,0,-28340,9288,19052,0,0,0,0,1,0
3764,979947,-2277,540,1737,0,-27651,6561,21089,0,0,0,0,1,0
3765,980208,-2198,311,1888,0,-26696,3772,22924,0,0,0,0,1,0
3766,980468,-2098,78,2021,0,-25483,945,24538,0,0,0,0,1,0
3767,980729,-1978,-156,2134,0,-24025,-1890,25915,0,0,0,0,1,0
3768,980989,-1839,-388,2227,0,-22336,-4707,27043,0,0,0,0,1,0
3769,981250,-1683,-616,2298,0,-20432,-7479,27910,0,0,0,0,1,0
3770,981510,-1510,-838,2348,0,-18331,-10178,28509,0,0,0,0,1,0
3771,981770,-1322,-1052,2374,0,-16053,-12780,28833,0,0,0,0,1,0
3772,982031,-1122,-1257,2378,0,-13621,-15259,28880,0,0,0,0,1,0
3773,982291,-911,-1449,2359,0,-11058,-17590,28648,0,0,0,0,1,0
3774,982552,-691,-1627,2317,0,-8388,-19752,28140,0,0,0,0,1,0
3775,982812,-464,-1789,2253,0,-5637,-21724,27362,0,0,0,0,1,0
3776,983072,-233,-1934,2167,0,-2832,-23487,26319,0,0,0,0,1,0
3777,983333,0,-2061,2061,0,0,-25024,25024,0,0,0,0,1,0
3778,983593,233,-2167,1934,0,2832,-26319,23487,0,0,0,0,1,0
3779,983854,464,-2253,1789,0,5637,-27362,21724,0,0,0,0,1,0
3780,984114,691,-2317,1627,0,8388,-28140,19752,0,0,0,0,1,0
3781,984375,911,-2359,1449,0,11058,-28648,17590,0,0,0,0,1,0
3782,984635,1122,-2378,1257,0,13621,-28880,15259,0,0,0,0,1,0
3783,984895,1322,-2374,1052,0,16053,-28833,12780,0,0,0,0,1,0
3784,985156,1510,-2348,838,0,18331,-28509,10178,0,0,0,0,1,0
3785,985416,1683,-2298,616,0,20432,-27910,7479,0,0,0,0,1,0
3786,985677,1839,-2227,388,0,22336,-27043,4707,0,0,0,0,1,0
3787,985937,1978,-2134,156,0,24025,-25915,1890,0,0,0,0,1,0
3788,986197,2098,-2021,-78,0,25483,-24538,-945,0,0,0,0,1,0
3789,986458,2198,-1888,-311,0,26696,-22924,-3772,0,0,0,0,1,0
3790,986718,2277,-1737,-540,0,27651,-21089,-6561,0,0,0,0,1,0
3791,986979,2334,-1569,-765,0,28340,-19052,-9288,0,0,0,0,1,0
3792,987239,2368,-1386,-982,0,28756,-16831,-11925,0,0,0,0,1,0
3793,987500,2379,-1190,-1190,0,28895,-14448,-14448,0,0,0,0,1,0
3794,987760,2368,-982,-1386,0,28756,-11925,-16831,0,0,0,0,1,0
3795,988020,2334,-765,-1569,0,28340,-9288,-19052,0,0,0,0,1,0
3796,988281,2277,-540,-1737,0,27651,-6561,-21089,0,0,0,0,1,0
3797,988541,2198,-311,-1888,0,26696,-3772,-22924,0,0,0,0,1,0
3798,988802,2098,-78,-2021,0,25483,-945,-24538,0,0,0,0,1,0
3799,989062,1978,156,-2134,0,24025,1890,-25915,0,0,0,0,1,0
3800,989322,1839,388,-2227,0,22336,4707,-27043,0,0,0,0,1,0
3801,989583,1683,616,-2298,0,20432,7479,-27910,0,0,0,0,1,0
3802,989843,1510,838,-2348,0,18331,10178,-28509,0,0,0,0,1,0
3803,990104,1322,1052,-2374,0,16053,12780,-28833,0,0,0,0,1,0
3804,990364,1122,1257,-2378,0,13621,15259,-28880,0,0,0,0,1,0
3805,990625,911,1449,-2359,0,11058,17590,-28648,0,0,0,0,1,0
3806,990885,691,1627,-2317,0,8388,19752,-28140,0,0,0,0,1,0
3807,991145,464,1789,-2253,0,5637,21724,-27362,0,0,0,0,1,0
3808,991406,233,1934,-2167,0,2832,23487,-26319,0,0,0,0,1,0
3809,991666,0,2061,-2061,0,0,25024,-25024,0,0,0,0,1,0
3810,991927,-233,2167,-1934,0,-2832,26319,-23487,0,0,0,0,1,0
3811,992187,-464,2253,-1789,0,-5637,27362,-21724,0,0,0,0,1,0
3812,992447,-691,2317,-1627,0,-8388,28140,-19752,0,0,0,0,1,0
3813,992708,-911,2359,-1449,0,-11058,28648,-17590,0,0,0,0,1,0
3814,992968,-1122,2378,-1257,0,-13621,28880,-15259,0,0,0,0,1,0
3815,993229,-1322,2374,-1052,0,-16053,28833,-12780,0,0,0,0,1,0
3816,993489,-1510,2348,-838,0,-18331,28509,-10178,0,0,0,0,1,0
3817,993750,-1683,2298,-616,0,-20432,27910,-7479,0,0,0,0,1,0
3818,994010,-1839,2227,-388,0,-22336,27043,-4707,0,0,0,0,1,0
3819,994270,-1978,2134,-156,0,-24025,25915,-1890,0,0,0,0,1,0
3820,994531,-2098,2021,78,0,-25483,24538,945,0,0,0,0,1,0
3821,994791,-2198,1888,311,0,-26696,22924,3772,0,0,0,0,1,0
3822,995052,-2277,1737,540,0,-27651,21089,6561,0,0,0,0,1,0
3823,995312,-2334,1569,765,0,-28340,19052,9288,0,0,0,0,1,0
3824,995572,-2368,1386,982,0,-28756,16831,11925,0,0,0,0,1,0
3825,995833,-2379,1190,1190,0,-28895,14448,14448,0,0,0,0,1,0
3826,996093,-2368,982,1386,0,-28756,11925,16831,0,0,0,0,1,0
3827,996354,-2334,765,1569,0,-28340,9288,19052,0,0,0,0,1,0
3828,996614,-2277,540,1737,0,-27651,6561,21089,0,0,0,0,1,0
3829,996875,-2198,311,1888,0,-26696,3772,22924,0,0,0,0,1,0
3830,997135,-2098,78,2021,0,-25483,945,24538,0,0,0,0,1,0
3831,997395,-1978,-156,2134,0,-24025,-1890,25915,0,0,0,0,1,0
3832,997656,-1839,-388,2227,0,-22336,-4707,27043,0,0,0,0,1,0
3833,997916,-1683,-616,2298,0,-20432,-7479,27910,0,0,0,0,1,0
3834,998177,-1510,-838,2348,0,-18331,-10178,28509,0,0,0,0,1,0
3835,998437,-1322,-1052,2374,0,-16053,-12780,28833,0,0,0,0,1,0
3836,998697,-1122,-1257,2378,0,-13621,-15259,28880,0,0,0,0,1,0
3837,998958,-911,-1449,2359,0,-11058,-17590,28648,0,0,0,0,1,0
3838,999218,-691,-1627,2317,0,-8388,-19752,28140,0,0,0,0,1,0
3839,999479,-464,-1789,2253,0,-5637,-21724,27362,0,0,0,0,1,0
3840,999739,-233,-1934,2167,0,-2832,-23487,26319,0,0,0,0,1,0
3841,1000000,0,-2061,2061,0,0,-25024,25024,0,0,0,0,1,0
3842,1000260,233,-2167,1934,0,2832,-26319,23487,0,0,0,0,1,0
3843,1000520,464,-2253,1789,0,5637,-27362,21724,0,0,0,0,1,0
3844,1000781,691,-2317,1627,0,8388,-28140,19752,0,0,0,0,1,0
3845,1001041,911,-2359,1449,0,11058,-28648,17590,0,0,0,0,1,0
3846,1001302,1122,-2378,1257,0,13621,-28880,15259,0,0,0,0,1,0
3847,1001562,1322,-2374,1052,0,16053,-28833,12780,0,0,0,0,1,0
3848,1001822,1510,-2348,838,0,18331,-28509,10178,0,0,0,0,1,0
3849,1002083,1683,-2298,616,0,20432,-27910,7479,0,0,0,0,1,0
3850,1002343,1839,-2227,388,0,22336,-27043,4707,0,0,0,0,1,0
3851,1002604,1978,-2134,156,0,24025,-25915,1890,0,0,0,0,1,0
3852,1002864,2098,-2021,-78,0,25483,-24538,-945,0,0,0,0,1,0
3853,1003125,2198,-1888,-311,0,26696,-22924,-3772,0,0,0,0,1,0
3854,1003385,2277,-1737,-540,0,27651,-21089,-6561,0,0,0,0,1,0
3855,1003645,2334,-1569,-765,0,28340,-19052,-9288,0,0,0,0,1,0
3856,1003906,2368,-1386,-982,0,28756,-16831,-11925,0,0,0,0,1,0
3857,1004166,2379,-1190,-1190,0,28895,-14448,-14448,0,0,0,0,1,0
3858,1004427,2368,-982,-1386,0,28756,-11925,-16831,0,0,0,0,1,0
3859,1004687,2334,-765,-1569,0,28340,-9288,-19052,0,0,0,0,1,0
3860,1004947,2277,-540,-1737,0,27651,-6561,-21089,0,0,0,0,1,0
3861,1005208,2198,-311,-1888,0,26696,-3772,-22924,0,0,0,0,1,0
3862,1005468,2098,-78,-2021,0,25483,-945,-24538,0,0,0,0,1,0
3863,1005729,1978,156,-2134,0,24025,1890,-25915,0,0,0,0,1,0
3864,1005989,1839,388,-2227,0,22336,4707,-27043,0,0,0,0,1,0
3865,1006250,1683,616,-2298,0,20432,7479,-27910,0,0,0,0,1,0
3866,1006510,1510,838,-2348,0,18331,10178,-28509,0,0,0,0,1,0
3867,1006770,1322,1052,-2374,0,16053,12780,-28833,0,0,0,0,1,0
3868,1007031,1122,1257,-2378,0,13621,15259,-28880,0,0,0,0,1,0
3869,1007291,911,1449,-2359,0,11058,17590,-28648,0,0,0,0,1,0
3870,1007552,691,1627,-2317,0,8388,19752,-28140,0,0,0,0,1,0
3871,1007812,464,1789,-2253,0,5637,21724,-27362,0,0,0,0,1,0
3872,1008072,233,1934,-2167,0,2832,23487,-26319,0,0,0,0,1,0
3873,1008333,0,2061,-2061,0,0,25024,-25024,0,0,0,0,1,0
3874,1008593,-233,2167,-1934,0,-2832,26319,-23487,0,0,0,0,1,0
3875,1008854,-464,2253,-1789,0,-5637,27362,-21724,0,0,0,0,1,0
3876,1009114,-691,2317,-1627,0,-8388,28140,-19752,0,0,0,0,1,0
3877,1009374,-911,2359,-1449,0,-11058,28648,-17590,0,0,0,0,1,0
3878,1009635,-1122,2378,-1257,0,-13621,28880,-15259,0,0,0,0,1,0
3879,1009895,-1322,2374,-1052,0,-16053,28833,-12780,0,0,0,0,1,0
3880,1010156,-1510,2348,-838,0,-18331,28509,-10178,0,0,0,0,1,0
3881,1010416,-1683,2298,-616,0,-20432,27910,-7479,0,0,0,0,1,0
3882,1010677,-1839,2227,-388,0,-22336,27043,-4707,0,0,0,0,1,0
3883,1010937,-1978,2134,-156,0,-24025,25915,-1890,0,0,0,0,1,0
3884,1011197,-2098,2021,78,0,-25483,24538,945,0,0,0,0,1,0
3885,1011458,-2198,1888,311,0,-26696,22924,3772,0,0,0,0,1,0
3886,1011718,-2277,1737,540,0,-27651,21089,6561,0,0,0,0,1,0
3887,1011979,-2334,1569,765,0,-28340,19052,9288,0,0,0,0,1,0
3888,1012239,-2368,1386,982,0,-28756,16831,11925,0,0,0,0,1,0
3889,1012500,-2379,1190,1190,0,-28895,14448,14448,0,0,0,0,1,0
3890,1012760,-2368,982,1386,0,-28756,11925,16831,0,0,0,0,1,0
3891,1013020,-2334,765,1569,0,-28340,9288,19052,0,0,0,0,1,0
3892,1013281,-2277,540,1737,0,-27651,6561,21089,0,0,0,0,1,0
3893,1013541,-2198,311,1888,0,-26696,3772,22924,0,0,0,0,1,0
3894,1013802,-2098,78,2021,0,-25483,945,24538,0,0,0,0,1,0
3895,1014062,-1978,-156,2134,0,-24025,-1890,25915,0,0,0,0,1,0
3896,1014322,-1839,-388,2227,0,-22336,-4707,27043,0,0,0,0,1,0
3897,1014583,-1683,-616,2298,0,-20432,-7479,27910,0,0,0,0,1,0
3898,1014843,-1510,-838,2348,0,-18331,-10178,28509,0,0,0,0,1,0
3899,1015104,-1322,-1052,2374,0,-16053,-12780,28833,0,0,0,0,1,0
3900,1015364,-1122,-1257,2378,0,-13621,-15259,28880,0,0,0,0,1,0
3901,1015625,-911,-1449,2359,0,-11058,-17590,28648,0,0,0,0,1,0
3902,1015885,-691,-1627,2317,0,-8388,-19752,28140,0,0,0,0,1,0
3903,1016145,-464,-1789,2253,0,-5637,-21724,27362,0,0,0,0,1,0
3904,1016406,-233,-1934,2167,0,-2832,-23487,26319,0,0,0,0,1,0
3905,1016666,0,-2061,2061,0,0,-25024,25024,0,0,0,0,1,0
3906,1016927,233,-2167,1934,0,2832,-26319,23487,0,0,0,0,1,0
3907,1017187,464,-2253,1789,0,5637,-27362,21724,0,0,0,0,1,0
3908,1017447,691,-2317,1627,0,8388,-28140,19752,0,0,0,0,1,0
3909,1017708,911,-2359,1449,0,11058,-28648,17590,0,0,0,0,1,0
3910,1017968,1122,-2378,1257,0,13621,-28880,15259,0,0,0,0,1,0
3911,1018229,1322,-2374,1052,0,16053,-28833,12780,0,0,0,0,1,0
3912,1018489,1510,-2348,838,0,18331,-28509,10178,0,0,0,0,1,0
3913,1018750,1683,-2298,616,0,20432,-27910,7479,0,0,0,0,1,0
3914,1019010,1839,-2227,388,0,22336,-27043,4707,0,0,0,0,1,0
3915,1019270,1978,-2134,156,0,24025,-25915,1890,0,0,0,0,1,0
3916,1019531,2098,-2021,-78,0,25483,-24538,-945,0,0,0,0,1,0
3917,1019791,2198,-1888,-311,0,26696,-22924,-3772,0,0,0,0,1,0
3918,1020052,2277,-1737,-540,0,27651,-21089,-6561,0,0,0,0,1,0
3919,1020312,2334,-1569,-765,0,28340,-19052,-9288,0,0,0,0,1,0
3920,1020572,2368,-1386,-982,0,28756,-16831,-11925,0,0,0,0,1,0
3921,1020833,2379,-1190,-1190,0,28895,-14448,-14448,0,0,0,0,1,0
3922,1021093,2368,-982,-1386,0,28756,-11925,-16831,0,0,0,0,1,0
3923,1021354,2334,-765,-1569,0,28340,-9288,-19052,0,0,0,0,1,0
3924,1021614,2277,-540,-1737,0,27651,-6561,-21089,0,0,0,0,1,0
3925,1021875,2198,-311,-1888,0,26696,-3772,-22924,0,0,0,0,1,0
3926,1022135,2098,-78,-2021,0,25483,-945,-24538,0,0,0,0,1,0
3927,1022395,1978,156,-2134,0,24025,1890,-25915,0,0,0,0,1,0
3928,1022656,1839,388,-2227,0,22336,4707,-27043,0,0,0,0,1,0
3929,1022916,1683,616,-2298,0,20432,7479,-27910,0,0,0,0,1,0
3930,1023177,1510,838,-2348,0,18331,10178,-28509,0,0,0,0,1,0
3931,1023437,1322,1052,-2374,0,16053,12780,-28833,0,0,0,0,1,0
3932,1023697,1122,1257,-2378,0,13621,15259,-28880,0,0,0,0,1,0
3933,1023958,911,1449,-2359,0,11058,17590,-28648,0,0,0,0,1,0
3934,1024218,691,1627,-2317,0,8388,19752,-28140,0,0,0,0,1,0
3935,1024479,464,1789,-2253,0,5637,21724,-27362,0,0,0,0,1,0
3936,1024739,233,1934,-2167,0,2832,23487,-26319,0,0,0,0,1,0
3937,1024999,0,2061,-2061,0,0,25024,-25024,0,0,0,0,1,0
3938,1025260,-233,2167,-1934,0,-2832,26319,-23487,0,0,0,0,1,0
3939,1025520,-464,2253,-1789,0,-5637,27362,-21724,0,0,0,0,1,0
3940,1025781,-691,2317,-1627,0,-8388,28140,-19752,0,0,0,0,1,0
3941,1026041,-911,2359,-1449,0,-11058,28648,-17590,0,0,0,0,1,0
3942,1026302,-1122,2378,-1257,0,-13621,28880,-15259,0,0,0,0,1,0
3943,1026562,-1322,2374,-1052,0,-16053,28833,-12780,0,0,0,0,1,0
3944,1026822,-1510,2348,-838,0,-18331,28509,-10178,0,0,0,0,1,0
3945,1027083,-1683,2298,-616,0,-20432,27910,-7479,0,0,0,0,1,0
3946,1027343,-1839,2227,-388,0,-22336,27043,-4707,0,0,0,0,1,0
3947,1027604,-1978,2134,-156,0,-24025,25915,-1890,0,0,0,0,1,0
3948,1027864,-2098,2021,78,0,-25483,24538,945,0,0,0,0,1,0
3949,1028125,-2198,1888,311,0,-26696,22924,3772,0,0,0,0,1,0
3950,1028385,-2277,1737,540,0,-27651,21089,6561,0,0,0,0,1,0
3951,1028645,-2334,1569,765,0,-28340,19052,9288,0,0,0,0,1,0
3952,1028906,-2368,1386,982,0,-28756,16831,11925,0,0,0,0,1,0
3953,1029166,-2379,1190,1190,0,-28895,14448,14448,0,0,0,0,1,0
3954,1029427,-2368,982,1386,0,-28756,11925,16831,0,0,0,0,1,0
3955,1029687,-2334,765,1569,0,-28340,9288,19052,0,0,0,0,1,0
3956,1029947,-2277,540,1737,0,-27651,6561,21089,0,0,0,0,1,0
3957,1030208,-2198,311,1888,0,-26696,3772,22924,0,0,0,0,1,0
3958,1030468,-2098,78,2021,0,-25483,945,24538,0,0,0,0,1,0
3959,1030729,-1978,-156,2134,0,-24025,-1890,25915,0,0,0,0,1,0
3960,1030989,-1839,-388,2227,0,-22336,-4707,27043,0,0,0,0,1,0
3961,1031250,-1683,-616,2298,0,-20432,-7479,27910,0,0,0,0,1,0
3962,1031510,-1510,-838,2348,0,-18331,-10178,28509,0,0,0,0,1,0
3963,1031770,-1322,-1052,2374,0,-16053,-12780,28833,0,0,0,0,1,0
3964,1032031,-1122,-1257,2378,0,-13621,-15259,28880,0,0,0,0,1,0
3965,1032291,-911,-1449,2359,0,-11058,-17590,28648,0,0,0,0,1,0
3966,1032552,-691,-1627,2317,0,-8388,-19752,28140,0,0,0,0,1,0
3967,1032812,-464,-1789,2253,0,-5637,-21724,27362,0,0,0,0,1,0
3968,1033072,-233,-1934,2167,0,-2832,-23487,26319,0,0,0,0,1,0
3969,1033333,0,-2061,2061,0,0,-25024,25024,0,0,0,0,1,0
3970,1033593,233,-2167,1934,0,2832,-26319,23487,0,0,0,0,1,0
3971,1033854,464,-2253,1789,0,5637,-27362,21724,0,0,0,0,1,0
3972,1034114,691,-2317,1627,0,8388,-28140,19752,0,0,0,0,1,0
3973,1034375,911,-2359,1449,0,11058,-28648,17590,0,0,0,0,1,0
3974,1034635,1122,-2378,1257,0,13621,-28880,15259,0,0,0,0,1,0
3975,1034895,1322,-2374,1052,0,16053,-28833,12780,0,0,0,0,1,0
3976,1035156,1510,-2348,838,0,18331,-28509,10178,0,0,0,0,1,0
3977,1035416,1683,-2298,616,0,20432,-27910,7479,0,0,0,0,1,0
3978,1035677,1839,-2227,388,0,22336,-27043,4707,0,0,0,0,1,0
3979,1035937,1978,-2134,156,0,24025,-25915,1890,0,0,0,0,1,0
3980,1036197,2098,-2021,-78,0,25483,-24538,-945,0,0,0,0,1,0
3981,1036458,2198,-1888,-311,0,26696,-22924,-3772,0,0,0,0,1,0
3982,1036718,2277,-1737,-540,0,27651,-21089,-6561,0,0,0,0,1,0
3983,1036979,2334,-1569,-765,0,28340,-19052,-9288,0,0,0,0,1,0
3984,1037239,2368,-1386,-982,0,28756,-16831,-11925,0,0,0,0,1,0
3985,1037500,2379,-1190,-1190,0,28895,-14448,-14448,0,0,0,0,1,0
3986,1037760,2368,-982,-1386,0,28756,-11925,-16831,0,0,0,0,1,0
3987,1038020,2334,-765,-1569,0,28340,-9288,-19052,0,0,0,0,1,0
3988,1038281,2277,-540,-1737,0,27651,-6561,-21089,0,0,0,0,1,0
3989,1038541,2198,-311,-1888,0,26696,-3772,-22924,0,0,0,0,1,0
3990,1038802,2098,-78,-2021,0,25483,-945,-24538,0,0,0,0,1,0
3991,1039062,1978,156,-2134,0,24025,1890,-25915,0,0,0,0,1,0
3992,1039322,1839,388,-2227,0,22336,4707,-27043,0,0,0,0,1,0
3993,1039583,1683,616,-2298,0,20432,7479,-27910,0,0,0,0,1,0
3994,1039843,1510,838,-2348,0,18331,10178,-28509,0,0,0,0,1,0
3995,1040104,1322,1052,-2374,0,16053,12780,-28833,0,0,0,0,1,0
3996,1040364,1122,1257,-2378,0,13621,15259,-28880,0,0,0,0,1,0
3997,1040624,911,1449,-2359,0,11058,17590,-28648,0,0,0,0,1,0
3998,1040885,691,1627,-2317,0,8388,19752,-28140,0,0,0,0,1,0
3999,1041145,464,1789,-2253,0,5637,21724,-27362,0,0,0,0,1,0
4000,1041406,233,1934,-2167,0,2832,23487,-26319,0,0,0,0,1,0
4001,1041666,0,2061,-2061,0,0,25024,-25024,0,0,0,0,1,0
4002,1041927,-233,2167,-1934,0,-2832,26319,-23487,0,0,0,0,1,0
4003,1042187,-464,2253,-1789,0,-5637,27362,-21724,0,0,0,0,1,0
4004,1042447,-691,2317,-1627,0,-8388,28140,-19752,0,0,0,0,1,0
4005,1042708,-911,2359,-1449,0,-11058,28648,-17590,0,0,0,0,1,0
4006,1042968,-1122,2378,-1257,0,-13621,28880,-15259,0,0,0,0,1,0
4007,1043229,-1322,2374,-1052,0,-16053,28833,-12780,0,0,0,0,1,0
4008,1043489,-1510,2348,-838,0,-18331,28509,-10178,0,0,0,0,1,0
4009,1043750,-1683,2298,-616,0,-20432,27910,-7479,0,0,0,0,1,0
4010,1044010,-1839,2227,-388,0,-22336,27043,-4707,0,0,0,0,1,0
4011,1044270,-1978,2134,-156,0,-24025,25915,-1890,0,0,0,0,1,0
4012,1044531,-2098,2021,78,0,-25483,24538,945,0,0,0,0,1,0
4013,1044791,-2198,1888,311,0,-26696,22924,3772,0,0,0,0,1,0
4014,1045052,-2277,1737,540,0,-27651,21089,6561,0,0,0,0,1,0
4015,1045312,-2334,1569,765,0,-28340,19052,9288,0,0,0,0,1,0
4016,1045572,-2368,1386,982,0,-28756,16831,11925,0,0,0,0,1,0
4017,1045833,-2379,1190,1190,0,-28895,14448,14448,0,0,0,0,1,0
4018,1046093,-2368,982,1386,0,-28756,11925,16831,0,0,0,0,1,0
4019,1046354,-2334,765,1569,0,-28340,9288,19052,0,0,0,0,1,0
4020,1046614,-2277,540,1737,0,-27651,6561,21089,0,0,0,0,1,0
4021,1046875,-2198,311,1888,0,-26696,3772,22924,0,0,0,0,1,0
4022,1047135,-2098,78,2021,0,-25483,945,24538,0,0,0,0,1,0
4023,1047395,-1978,-156,2134,0,-24025,-1890,25915,0,0,0,0,1,0
4024,1047656,-1839,-388,2227,0,-22336,-4707,27043,0,0,0,0,1,0
4025,1047916,-1683,-616,2298,0,-20432,-7479,27910,0,0,0,0,1,0
4026,1048177,-1510,-838,2348,0,-18331,-10178,28509,0,0,0,0,1,0
4027,1048437,-1322,-1052,2374,0,-16053,-12780,28833,0,0,0,0,1,0
4028,1048697,-1122,-1257,2378,0,-13621,-15259,28880,0,0,0,0,1,0
4029,1048958,-911,-1449,2359,0,-11058,-17590,28648,0,0,0,0,1,0
4030,1049218,-691,-1627,2317,0,-8388,-19752,28140,0,0,0,0,1,0
4031,1049479,-464,-1789,2253,0,-5637,-21724,27362,0,0,0,0,1,0
4032,1049739,-233,-1934,2167,0,-2832,-23487,26319,0,0,0,0,1,0
4033,1050000,0,-2061,2061,0,0,-25024,25024,0,0,0,0,1,0
4034,1050260,233,-2167,1934,0,2832,-26319,23487,0,0,0,0,1,0
4035,1050520,464,-2253,1789,0,5637,-27362,21724,0,0,0,0,1,0
4036,1050781,691,-2317,1627,0,8388,-28140,19752,0,0,0,0,1,0
4037,1051041,911,-2359,1449,0,11058,-28648,17590,0,0,0,0,1,0
4038,1051302,1122,-2378,1257,0,13621,-28880,15259,0,0,0,0,1,0
4039,1051562,1322,-2374,1052,0,16053,-28833,12780,0,0,0,0,1,0
4040,1051822,1510,-2348,838,0,18331,-28509,10178,0,0,0,0,1,0
4041,1052083,1683,-2298,616,0,20432,-27910,7479,0,0,0,0,1,0
4042,1052343,1839,-2227,388,0,22336,-27043,4707,0,0,0,0,1,0
4043,1052604,1978,-2134,156,0,24025,-25915,1890,0,0,0,0,1,0
4044,1052864,2098,-2021,-78,0,25483,-24538,-945,0,0,0,0,1,0
4045,1053125,2198,-1888,-311,0,26696,-22924,-3772,0,0,0,0,1,0
4046,1053385,2277,-1737,-540,0,27651,-21089,-6561,0,0,0,0,1,0
4047,1053645,2334,-1569,-765,0,28340,-19052,-9288,0,0,0,0,1,0
4048,1053906,2368,-1386,-982,0,28756,-16831,-11925,0,0,0,0,1,0
4049,1054166,2379,-1190,-1190,0,28895,-14448,-14448,0,0,0,0,1,0
4050,1054427,2368,-982,-1386,0,28756,-11925,-16831,0,0,0,0,1,0
4051,1054687,2334,-765,-1569,0,28340,-9288,-19052,0,0,0,0,1,0
4052,1054947,2277,-540,-1737,0,27651,-6561,-21089,0,0,0,0,1,0
4053,1055208,2198,-311,-1888,0,26696,-3772,-22924,0,0,0,0,1,0
4054,1055468,2098,-78,-2021,0,25483,-945,-24538,0,0,0,0,1,0
4055,1055729,1978,156,-2134,0,24025,1890,-25915,0,0,0,0,1,0
4056,1055989,1839,388,-2227,0,22336,4707,-27043,0,0,0,0,1,0
4057,1056250,1683,616,-2298,0,20432,7479,-27910,0,0,0,0,1,0
4058,1056510,1510,838,-2348,0,18331,10178,-28509,0,0,0,0,1,0
4059,1056770,1322,1052,-2374,0,16053,12780,-28833,0,0,0,0,1,0
4060,1057031,1122,1257,-2378,0,13621,15259,-28880,0,0,0,0,1,0
4061,1057291,911,1449,-2359,0,11058,17590,-28648,0,0,0,0,1,0
4062,1057552,691,1627,-2317,0,8388,19752,-28140,0,0,0,0,1,0
4063,1057812,464,1789,-2253,0,5637,21724,-27362,0,0,0,0,1,0
4064,1058072,233,1934,-2167,0,2832,23487,-26319,0,0,0,0,1,0
4065,1058333,0,2061,-2061,0,0,25024,-25024,0,0,0,0,1,0
4066,1058593,-233,2167,-1934,0,-2832,26319,-23487,0,0,0,0,1,0
4067,1058854,-464,2253,-1789,0,-5637,27362,-21724,0,0,0,0,1,0
4068,1059114,-691,2317,-1627,0,-8388,28140,-19752,0,0,0,0,1,0
4069,1059375,-911,2359,-1449,0,-11058,28648,-17590,0,0,0,0,1,0
4070,1059635,-1122,2378,-1257,0,-13621,28880,-15259,0,0,0,0,1,0
4071,1059895,-1322,2374,-1052,0,-16053,28833,-12780,0,0,0,0,1,0
4072,1060156,-1510,2348,-838,0,-18331,28509,-10178,0,0,0,0,1,0
4073,1060416,-1683,2298,-616,0,-20432,27910,-7479,0,0,0,0,1,0
4074,1060677,-1839,2227,-388,0,-22336,27043,-4707,0,0,0,0,1,0
4075,1060937,-1978,2134,-156,0,-24025,25915,-1890,0,0,0,0,1,0
4076,1061197,-2098,2021,78,0,-25483,24538,945,0,0,0,0,1,0
4077,1061458,-2198,1888,311,0,-26696,22924,3772,0,0,0,0,1,0
4078,1061718,-2277,1737,540,0,-27651,21089,6561,0,0,0,0,1,0
4079,1061979,-2334,1569,765,0,-28340,19052,9288,0,0,0,0,1,0
4080,1062239,-2368,1386,982,0,-28756,16831,11925,0,0,0,0,1,0
4081,1062500,-2379,1190,1190,0,-28895,14448,14448,0,0,0,0,1,0
4082,1062760,-2368,982,1386,0,-28756,11925,16831,0,0,0,0,1,0
4083,1063020,-2334,765,1569,0,-28340,9288,19052,0,0,0,0,1,0
4084,1063281,-2277,540,1737,0,-27651,6561,21089,0,0,0,0,1,0
4085,1063541,-2198,311,1888,0,-26696,3772,22924,0,0,0,0,1,0
4086,1063802,-2098,78,2021,0,-25483,945,24538,0,0,0,0,1,0
4087,1064062,-1978,-156,2134,0,-24025,-1890,25915,0,0,0,0,1,0
4088,1064322,-1839,-388,2227,0,-22336,-4707,27043,0,0,0,0,1,0
4089,1064583,-1683,-616,2298,0,-20432,-7479,27910,0,0,0,0,1,0
4090,1064843,-1510,-838,2348,0,-18331,-10178,28509,0,0,0,0,1,0
4091,1065104,-1322,-1052,2374,0,-16053,-12780,28833,0,0,0,0,1,0
4092,1065364,-1122,-1257,2378,0,-13621,-15259,28880,0,0,0,0,1,0
4093,1065625,-911,-1449,2359,0,-11058,-17590,28648,0,0,0,0,1,0
4094,1065885,-691,-1627,2317,0,-8388,-19752,28140,0,0,0,0,1,0
4095,1066145,-464,-1789,2253,0,-5637,-21724,27362,0,0,0,0,1,0
4096,1066406,-233,-1934,2167,0,-2832,-23487,26319,0,0,0,0,1,0
4097,1066666,0,-2061,2061,0,0,-25024,25024,0,0,0,0,1,0
4098,1066927,233,-2167,1934,0,2832,-26319,23487,0,0,0,0,1,0
4099,1067187,464,-2253,1789,0,5637,-27362,21724,0,0,0,0,1,0
4100,1067447,691,-2317,1627,0,8388,-28140,19752,0,0,0,0,1,0
4101,1067708,911,-2359,1449,0,11058,-28648,17590,0,0,0,0,1,0
4102,1067968,1122,-2378,1257,0,13621,-28880,15259,0,0,0,0,1,0
4103,1068229,1322,-2374,1052,0,16053,-28833,12780,0,0,0,0,1,0
4104,1068489,1510,-2348,838,0,18331,-28509,10178,0,0,0,0,1,0
4105,1068750,1683,-2298,616,0,20432,-27910,7479,0,0,0,0,1,0
4106,1069010,1839,-2227,388,0,22336,-27043,4707,0,0,0,0,1,0
4107,1069270,1978,-2134,156,0,24025,-25915,1890,0,0,0,0,1,0
4108,1069531,2098,-2021,-78,0,25483,-24538,-945,0,0,0,0,1,0
4109,1069791,2198,-1888,-311,0,26696,-22924,-3772,0,0,0,0,1,0
4110,1070052,2277,-1737,-540,0,27651,-21089,-6561,0,0,0,0,1,0
4111,1070312,2334,-1569,-765,0,28340,-19052,-9288,0,0,0,0,1,0
4112,1070572,2368,-1386,-982,0,28756,-16831,-11925,0,0,0,0,1,0
4113,1070833,2379,-1190,-1190,0,28895,-14448,-14448,0,0,0,0,1,0
4114,1071093,2368,-982,-1386,0,28756,-11925,-16831,0,0,0,0,1,0
4115,1071354,2334,-765,-1569,0,28340,-9288,-19052,0,0,0,0,1,0
4116,1071614,2277,-540,-1737,0,27651,-6561,-21089,0,0,0,0,1,0
4117,1071875,2198,-311,-1888,0,26696,-3772,-22924,0,0,0,0,1,0
4118,1072135,2098,-78,-2021,0,25483,-945,-24538,0,0,0,0,1,0
4119,1072395,1978,156,-2134,0,24025,1890,-25915,0,0,0,0,1,0
4120,1072656,1839,388,-2227,0,22336,4707,-27043,0,0,0,0,1,0
4121,1072916,1683,616,-2298,0,20432,7479,-27910,0,0,0,0,1,0
4122,1073177,1510,838,-2348,0,18331,10178,-28509,0,0,0,0,1,0
4123,1073437,1322,1052,-2374,0,16053,12780,-28833,0,0,0,0,1,0
4124,1073697,1122,1257,-2378,0,13621,15259,-28880,0,0,0,0,1,0
4125,1073958,911,1449,-2359,0,11058,17590,-28648,0,0,0,0,1,0
4126,1074218,691,1627,-2317,0,8388,19752,-28140,0,0,0,0,1,0
4127,1074479,464,1789,-2253,0,5637,21724,-27362,0,0,0,0,1,0
4128,1074739,233,1934,-2167,0,2832,23487,-26319,0,0,0,0,1,0
4129,1075000,0,2061,-2061,0,0,25024,-25024,0,0,0,0,1,0
4130,1075260,-233,2167,-1934,0,-2832,26319,-23487,0,0,0,0,1,0
4131,1075520,-464,2253,-1789,0,-5637,27362,-21724,0,0,0,0,1,0
4132,1075781,-691,2317,-1627,0,-8388,28140,-19752,0,0,0,0,1,0
4133,1076041,-911,2359,-1449,0,-11058,28648,-17590,0,0,0,0,1,0
4134,1076302,-1122,2378,-1257,0,-13621,28880,-15259,0,0,0,0,1,0
4135,1076562,-1322,2374,-1052,0,-16053,28833,-12780,0,0,0,0,1,0
4136,1076822,-1510,2348,-838,0,-18331,28509,-10178,0,0,0,0,1,0
4137,1077083,-1683,2298,-616,0,-20432,27910,-7479,0,0,0,0,1,0
4138,1077343,-1839,2227,-388,0,-22336,27043,-4707,0,0,0,0,1,0
4139,1077604,-1978,2134,-156,0,-24025,25915,-1890,0,0,0,0,1,0
4140,1077864,-2098,2021,78,0,-25483,24538,945,0,0,0,0,1,0
4141,1078125,-2198,1888,311,0,-26696,22924,3772,0,0,0,0,1,0
4142,1078385,-2277,1737,540,0,-27651,21089,6561,0,0,0,0,1,0
4143,1078645,-2334,1569,765,0,-28340,19052,9288,0,0,0,0,1,0
4144,1078906,-2368,1386,982,0,-28756,16831,11925,0,0,0,0,1,0
4145,1079166,-2379,1190,1190,0,-28895,14448,14448,0,0,0,0,1,0
4146,1079427,-2368,982,1386,0,-28756,11925,16831,0,0,0,0,1,0
4147,1079687,-2334,765,1569,0,-28340,9288,19052,0,0,0,0,1,0
4148,1079947,-2277,540,1737,0,-27651,6561,21089,0,0,0,0,1,0
4149,1080208,-2198,311,1888,0,-26696,3772,22924,0,0,0,0,1,0
4150,1080468,-2098,78,2021,0,-25483,945,24538,0,0,0,0,1,0
4151,1080729,-1978,-156,2134,0,-24025,-1890,25915,0,0,0,0,1,0
4152,1080989,-1839,-388,2227,0,-22336,-4707,27043,0,0,0,0,1,0
4153,1081250,-1683,-616,2298,0,-20432,-7479,27910,0,0,0,0,1,0
4154,1081510,-1510,-838,2348,0,-18331,-10178,28509,0,0,0,0,1,0
4155,1081770,-1322,-1052,2374,0,-16053,-12780,28833,0,0,0,0,1,0
4156,1082031,-1122,-1257,2378,0,-13621,-15259,28880,0,0,0,0,1,0
4157,1082291,-911,-1449,2359,0,-11058,-17590,28648,0,0,0,0,1,0
4158,1082552,-691,-1627,2317,0,-8388,-19752,28140,0,0,0,0,1,0
4159,1082812,-464,-1789,2253,0,-5637,-21724,27362,0,0,0,0,1,0
4160,1083072,-233,-1934,2167,0,-2832,-23487,26319,0,0,0,0,1,0
4161,1083333,0,-2061,2061,0,0,-25024,25024,0,0,0,0,1,0
4162,1083593,233,-2167,1934,0,2832,-26319,23487,0,0,0,0,1,0
4163,1083854,464,-2253,1789,0,5637,-27362,21724,0,0,0,0,1,0
4164,1084114,691,-2317,1627,0,8388,-28140,19752,0,0,0,0,1,0
4165,1084375,911,-2359,1449,0,11058,-28648,17590,0,0,0,0,1,0
4166,1084635,1122,-2378,1257,0,13621,-28880,15259,0,0,0,0,1,0
4167,1084895,1322,-2374,1052,0,16053,-28833,12780,0,0,0,0,1,0
4168,1085156,1510,-2348,838,0,18331,-28509,10178,0,0,0,0,1,0
4169,1085416,1683,-2298,616,0,20432,-27910,7479,0,0,0,0,1,0
4170,1085677,1839,-2227,388,0,22336,-27043,4707,0,0,0,0,1,0
4171,1085937,1978,-2134,156,0,24025,-25915,1890,0,0,0,0,1,0
4172,1086197,2098,-2021,-78,0,25483,-24538,-945,0,0,0,0,1,0
4173,1086458,2198,-1888,-311,0,26696,-22924,-3772,0,0,0,0,1,0
4174,1086718,2277,-1737,-540,0,27651,-21089,-6561,0,0,0,0,1,0
4175,1086979,2334,-1569,-765,0,28340,-19052,-9288,0,0,0,0,1,0
4176,1087239,2368,-1386,-982,0,28756,-16831,-11925,0,0,0,0,1,0
4177,1087500,2379,-1190,-1190,0,28895,-14448,-14448,0,0,0,0,1,0
4178,1087760,2368,-982,-1386,0,28756,-11925,-16831,0,0,0,0,1,0
4179,1088020,2334,-765,-1569,0,28340,-9288,-19052,0,0,0,0,1,0
4180,1088281,2277,-540,-1737,0,27651,-6561,-21089,0,0,0,0,1,0
4181,1088541,2198,-311,-1888,0,26696,-3772,-22924,0,0,0,0,1,0
4182,1088802,2098,-78,-2021,0,25483,-945,-24538,0,0,0,0,1,0
4183,1089062,1978,156,-2134,0,24025,1890,-25915,0,0,0,0,1,0
4184,1089322,1839,388,-2227,0,22336,4707,-27043,0,0,0,0,1,0
4185,1089583,1683,616,-2298,0,20432,7479,-27910,0,0,0,0,1,0
4186,1089843,1510,838,-2348,0,18331,10178,-28509,0,0,0,0,1,0
4187,1090104,1322,1052,-2374,0,16053,12780,-28833,0,0,0,0,1,0
4188,1090364,1122,1257,-2378,0,13621,15259,-28880,0,0,0,0,1,0
4189,1090625,911,1449,-2359,0,11058,17590,-28648,0,0,0,0,1,0
4190,1090885,691,1627,-2317,0,8388,19752,-28140,0,0,0,0,1,0
4191,1091145,464,1789,-2253,0,5637,21724,-27362,0,0,0,0,1,0
4192,1091406,233,1934,-2167,0,2832,23487,-26319,0,0,0,0,1,0
4193,1091666,0,2061,-2061,0,0,25024,-25024,0,0,0,0,1,0
4194,1091927,-233,2167,-1934,0,-2832,26319,-23487,0,0,0,0,1,0
4195,1092187,-464,2253,-1789,0,-5637,27362,-21724,0,0,0,0,1,0
4196,1092447,-691,2317,-1627,0,-8388,28140,-19752,0,0,0,0,1,0
4197,1092708,-911,2359,-1449,0,-11058,28648,-17590,0,0,0,0,1,0
4198,1092968,-1122,2378,-1257,0,-13621,28880,-15259,0,0,0,0,1,0
4199,1093229,-1322,2374,-1052,0,-16053,28833,-12780,0,0,0,0,1,0
4200,1093489,-1510,2348,-838,0,-18331,28509,-10178,0,0,0,0,1,0
4201,1093750,-1683,2298,-616,0,-20432,27910,-7479,0,0,0,0,1,0
4202,1094010,-1839,2227,-388,0,-22336,27043,-4707,0,0,0,0,1,0
4203,1094270,-1978,2134,-156,0,-24025,25915,-1890,0,0,0,0,1,0
4204,1094531,-2098,2021,78,0,-25483,24538,945,0,0,0,0,1,0
4205,1094791,-2198,1888,311,0,-26696,22924,3772,0,0,0,0,1,0
4206,1095052,-2277,1737,540,0,-27651,21089,6561,0,0,0,0,1,0
4207,1095312,-2334,1569,765,0,-28340,19052,9288,0,0,0,0,1,0
4208,1095572,-2368,1386,982,0,-28756,16831,11925,0,0,0,0,1,0
4209,1095833,-2379,1190,1190,0,-28895,14448,14448,0,0,0,0,1,0
4210,1096093,-2368,982,1386,0,-28756,11925,16831,0,0,0,0,1,0
4211,1096354,-2334,765,1569,0,-28340,9288,19052,0,0,0,0,1,0
4212,1096614,-2277,540,1737,0,-27651,6561,21089,0,0,0,0,1,0
4213,1096875,-2198,311,1888,0,-26696,3772,22924,0,0,0,0,1,0
4214,1097135,-2098,78,2021,0,-25483,945,24538,0,0,0,0,1,0
4215,1097395,-1978,-156,2134,0,-24025,-1890,25915,0,0,0,0,1,0
4216,1097656,-1839,-388,2227,0,-22336,-4707,27043,0,0,0,0,1,0
4217,1097916,-1683,-616,2298,0,-20432,-7479,27910,0,0,0,0,1,0
4218,1098177,-1510,-838,2348,0,-18331,-10178,28509,0,0,0,0,1,0
4219,1098437,-1322,-1052,2374,0,-16053,-12780,28833,0,0,0,0,1,0
4220,1098697,-1122,-1257,2378,0,-13621,-15259,28880,0,0,0,0,1,0
4221,1098958,-911,-1449,2359,0,-11058,-17590,28648,0,0,0,0,1,0
4222,1099218,-691,-1627,2317,0,-8388,-19752,28140,0,0,0,0,1,0
4223,1099479,-464,-1789,2253,0,-5637,-21724,27362,0,0,0,0,1,0
4224,1099739,-233,-1934,2167,0,-2832,-23487,26319,0,0,0,0,1,0
4225,1100000,0,-2061,2061,0,0,-25024,25024,0,0,0,0,1,0
4226,1100260,233,-2167,1934,0,2832,-26319,23487,0,0,0,0,1,0
4227,1100520,464,-2253,1789,0,5637,-27362,21724,0,0,0,0,1,0
4228,1100781,691,-2317,1627,0,8388,-28140,19752,0,0,0,0,1,0
4229,1101041,911,-2359,1449,0,11058,-28648,17590,0,0,0,0,1,0
4230,1101302,1122,-2378,1257,0,13621,-28880,15259,0,0,0,0,1,0
4231,1101562,1322,-2374,1052,0,16053,-28833,12780,0,0,0,0,1,0
4232,1101822,1510,-2348,838,0,18331,-28509,10178,0,0,0,0,1,0
4233,1102083,1683,-2298,616,0,20432,-27910,7479,0,0,0,0,1,0
4234,1102343,1839,-2227,388,0,22336,-27043,4707,0,0,0,0,1,0
4235,1102604,1978,-2134,156,0,24025,-25915,1890,0,0,0,0,1,0
4236,1102864,2098,-2021,-78,0,25483,-24538,-945,0,0,0,0,1,0
4237,1103125,2198,-1888,-311,0,26696,-22924,-3772,0,0,0,0,1,0
4238,1103385,2277,-1737,-540,0,27651,-21089,-6561,0,0,0,0,1,0
4239,1103645,2334,-1569,-765,0,28340,-19052,-9288,0,0,0,0,1,0
4240,1103906,2368,-1386,-982,0,28756,-16831,-11925,0,0,0,0,1,0
4241,1104166,2379,-1190,-1190,0,28895,-14448,-14448,0,0,0,0,1,0
4242,1104427,2368,-982,-1386,0,28756,-11925,-16831,0,0,0,0,1,0
4243,1104687,2334,-765,-1569,0,28340,-9288,-19052,0,0,0,0,1,0
4244,1104947,2277,-540,-1737,0,27651,-6561,-21089,0,0,0,0,1,0
4245,1105208,2198,-311,-1888,0,26696,-3772,-22924,0,0,0,0,1,0
4246,1105468,2098,-78,-2021,0,25483,-945,-24538,0,0,0,0,1,0
4247,1105729,1978,156,-2134,0,24025,1890,-25915,0,0,0,0,1,0
4248,1105989,1839,388,-2227,0,22336,4707,-27043,0,0,0,0,1,0
4249,1106250,1683,616,-2298,0,20432,7479,-27910,0,0,0,0,1,0
4250,1106510,1510,838,-2348,0,18331,10178,-28509,0,0,0,0,1,0
4251,1106770,1322,1052,-2374,0,16053,12780,-28833,0,0,0,0,1,0
4252,1107031,1122,1257,-2378,0,13621,15259,-28880,0,0,0,0,1,0
4253,1107291,911,1449,-2359,0,11058,17590,-28648,0,0,0,0,1,0
4254,1107552,691,1627,-2317,0,8388,19752,-28140,0,0,0,0,1,0
4255,1107812,464,1789,-2253,0,5637,21724,-27362,0,0,0,0,1,0
4256,1108072,233,1934,-2167,0,2832,23487,-26319,0,0,0,0,1,0
4257,1108333,0,2061,-2061,0,0,25024,-25024,0,0,0,0,1,0
4258,1108593,-233,2167,-1934,0,-2832,26319,-23487,0,0,0,0,1,0
4259,1108854,-464,2253,-1789,0,-5637,27362,-21724,0,0,0,0,1,0
4260,1109114,-691,2317,-1627,0,-8388,28140,-19752,0,0,0,0,1,0
4261,1109375,-911,2359,-1449,0,-11058,28648,-17590,0,0,0,0,1,0
4262,1109635,-1122,2378,-1257,0,-13621,28880,-15259,0,0,0,0,1,0
4263,1109895,-1322,2374,-1052,0,-16053,28833,-12780,0,0,0,0,1,0
4264,1110156,-1510,2348,-838,0,-18331,28509,-10178,0,0,0,0,1,0
4265,1110416,-1683,2298,-616,0,-20432,27910,-7479,0,0,0,0,1,0
4266,1110677,-1839,2227,-388,0,-22336,27043,-4707,0,0,0,0,1,0
4267,1110937,-1978,2134,-156,0,-24025,25915,-1890,0,0,0,0,1,0
4268,1111197,-2098,2021,78,0,-25483,24538,945,0,0,0,0,1,0
4269,1111458,-2198,1888,311,0,-26696,22924,3772,0,0,0,0,1,0
4270,1111718,-2277,1737,540,0,-27651,21089,6561,0,0,0,0,1,0
4271,1111979,-2334,1569,765,0,-28340,19052,9288,0,0,0,0,1,0
4272,1112239,-2368,1386,982,0,-28756,16831,11925,0,0,0,0,1,0
4273,1112500,-2379,1190,1190,0,-28895,14448,14448,0,0,0,0,1,0
4274,1112760,-2368,982,1386,0,-28756,11925,16831,0,0,0,0,1,0
4275,1113020,-2334,765,1569,0,-28340,9288,19052,0,0,0,0,1,0
4276,1113281,-2277,540,1737,0,-27651,6561,21089,0,0,0,0,1,0
4277,1113541,-2198,311,1888,0,-26696,3772,22924,0,0,0,0,1,0
4278,1113802,-2098,78,2021,0,-25483,945,24538,0,0,0,0,1,0
4279,1114062,-1978,-156,2134,0,-24025,-1890,25915,0,0,0,0,1,0
4280,1114322,-1839,-388,2227,0,-22336,-4707,27043,0,0,0,0,1,0
4281,1114583,-1683,-616,2298,0,-20432,-7479,27910,0,0,0,0,1,0
4282,1114843,-1510,-838,2348,0,-18331,-10178,28509,0,0,0,0,1,0
4283,1115104,-1322,-1052,2374,0,-16053,-12780,28833,0,0,0,0,1,0
4284,1115364,-1122,-1257,2378,0,-13621,-15259,28880,0,0,0,0,1,0
4285,1115625,-911,-1449,2359,0,-11058,-17590,28648,0,0,0,0,1,0
4286,1115885,-691,-1627,2317,0,-8388,-19752,28140,0,0,0,0,1,0
4287,1116145,-464,-1789,2253,0,-5637,-21724,27362,0,0,0,0,1,0
4288,1116406,-233,-1934,2167,0,-2832,-23487,26319,0,0,0,0,1,0
4289,1116666,0,-2061,2061,0,0,-25024,25024,0,0,0,0,1,0
4290,1116927,233,-2167,1934,0,2832,-26319,23487,0,0,0,0,1,0
4291,1117187,464,-2253,1789,0,5637,-27362,21724,0,0,0,0,1,0
4292,1117447,691,-2317,1627,0,8388,-28140,19752,0,0,0,0,1,0
4293,1117708,911,-2359,1449,0,11058,-28648,17590,0,0,0,0,1,0
4294,1117968,1122,-2378,1257,0,13621,-28880,15259,0,0,0,0,1,0
4295,1118229,1322,-2374,1052,0,16053,-28833,12780,0,0,0,0,1,0
4296,1118489,1510,-2348,838,0,18331,-28509,10178,0,0,0,0,1,0
4297,1118750,1683,-2298,616,0,20432,-27910,7479,0,0,0,0,1,0
4298,1119010,1839,-2227,388,0,22336,-27043,4707,0,0,0,0,1,0
4299,1119270,1978,-2134,156,0,24025,-25915,1890,0,0,0,0,1,0
4300,1119531,2098,-2021,-78,0,25483,-24538,-945,0,0,0,0,1,0
4301,1119791,2198,-1888,-311,0,26696,-22924,-3772,0,0,0,0,1,0
4302,1120052,2277,-1737,-540,0,27651,-21089,-6561,0,0,0,0,1,0
4303,1120312,2334,-1569,-765,0,28340,-19052,-9288,0,0,0,0,1,0
4304,1120572,2368,-1386,-982,0,28756,-16831,-11925,0,0,0,0,1,0
4305,1120833,2379,-1190,-1190,0,28895,-14448,-14448,0,0,0,0,1,0
4306,1121093,2368,-982,-1386,0,28756,-11925,-16831,0,0,0,0,1,0
4307,1121354,2334,-765,-1569,0,28340,-9288,-19052,0,0,0,0,1,0
4308,1121614,2277,-540,-1737,0,27651,-6561,-21089,0,0,0,0,1,0
4309,1121875,2198,-311,-1888,0,26696,-3772,-22924,0,0,0,0,1,0
4310,1122135,2098,-78,-2021,0,25483,-945,-24538,0,0,0,0,1,0
4311,1122395,1978,156,-2134,0,24025,1890,-25915,0,0,0,0,1,0
4312,1122656,1839,388,-2227,0,22336,4707,-27043,0,0,0,0,1,0
4313,1122916,1683,616,-2298,0,20432,7479,-27910,0,0,0,0,1,0
4314,1123177,1510,838,-2348,0,18331,10178,-28509,0,0,0,0,1,0
4315,1123437,1322,1052,-2374,0,16053,12780,-28833,0,0,0,0,1,0
4316,1123697,1122,1257,-2378,0,13621,15259,-28880,0,0,0,0,1,0
4317,1123958,911,1449,-2359,0,11058,17590,-28648,0,0,0,0,1,0
4318,1124218,691,1627,-2317,0,8388,19752,-28140,0,0,0,0,1,0
4319,1124479,464,1789,-2253,0,5637,21724,-27362,0,0,0,0,1,0
4320,1124739,233,1934,-2167,0,2832,23487,-26319,0,0,0,0,1,0
4321,1125000,0,2061,-2061,0,0,25024,-25024,0,0,0,0,1,0
4322,1125260,-233,2167,-1934,0,-2832,26319,-23487,0,0,0,0,1,0
4323,1125520,-464,2253,-1789,0,-5637,27362,-21724,0,0,0,0,1,0
4324,1125781,-691,2317,-1627,0,-8388,28140,-19752,0,0,0,0,1,0
4325,1126041,-911,2359,-1449,0,-11058,28648,-17590,0,0,0,0,1,0
4326,1126302,-1122,2378,-1257,0,-13621,28880,-15259,0,0,0,0,1,0
4327,1126562,-1322,2374,-1052,0,-16053,28833,-12780,0,0,0,0,1,0
4328,1126822,-1510,2348,-838,0,-18331,28509,-10178,0,0,0,0,1,0
4329,1127083,-1683,2298,-616,0,-20432,27910,-7479,0,0,0,0,1,0
4330,1127343,-1839,2227,-388,0,-22336,27043,-4707,0,0,0,0,1,0
4331,1127604,-1978,2134,-156,0,-24025,25915,-1890,0,0,0,0,1,0
4332,1127864,-2098,2021,78,0,-25483,24538,945,0,0,0,0,1,0
4333,1128125,-2198,1888,311,0,-26696,22924,3772,0,0,0,0,1,0
4334,1128385,-2277,1737,540,0,-27651,21089,6561,0,0,0,0,1,0
4335,1128645,-2334,1569,765,0,-28340,19052,9288,0,0,0,0,1,0
4336,1128906,-2368,1386,982,0,-28756,16831,11925,0,0,0,0,1,0
4337,1129166,-2379,1190,1190,0,-28895,14448,14448,0,0,0,0,1,0
4338,1129427,-2368,982,1386,0,-28756,11925,16831,0,0,0,0,1,0
4339,1129687,-2334,765,1569,0,-28340,9288,19052,0,0,0,0,1,0
4340,1129947,-2277,540,1737,0,-27651,6561,21089,0,0,0,0,1,0
4341,1130208,-2198,311,1888,0,-26696,3772,22924,0,0,0,0,1,0
4342,1130468,-2098,78,2021,0,-25483,945,24538,0,0,0,0,1,0
4343,1130729,-1978,-156,2134,0,-24025,-1890,25915,0,0,0,0,1,0
4344,1130989,-1839,-388,2227,0,-22336,-4707,27043,0,0,0,0,1,0
4345,1131250,-1683,-616,2298,0,-20432,-7479,27910,0,0,0,0,1,0
4346,1131510,-1510,-838,2348,0,-18331,-10178,28509,0,0,0,0,1,0
4347,1131770,-1322,-1052,2374,0,-16053,-12780,28833,0,0,0,0,1,0
4348,1132031,-1122,-1257,2378,0,-13621,-15259,28880,0,0,0,0,1,0
4349,1132291,-911,-1449,2359,0,-11058,-17590,28648,0,0,0,0,1,0
4350,1132552,-691,-1627,2317,0,-8388,-19752,28140,0,0,0,0,1,0
4351,1132812,-464,-1789,2253,0,-5637,-21724,27362,0,0,0,0,1,0
4352,1133072,-233,-1934,2167,0,-2832,-23487,26319,0,0,0,0,1,0
4353,1133333,0,-2061,2061,0,0,-25024,25024,0,0,0,0,1,0
4354,1133593,233,-2167,1934,0,2832,-26319,23487,0,0,0,0,1,0
4355,1133854,464,-2253,1789,0,5637,-27362,21724,0,0,0,0,1,0
4356,1134114,691,-2317,1627,0,8388,-28140,19752,0,0,0,0,1,0
4357,1134375,911,-2359,1449,0,11058,-28648,17590,0,0,0,0,1,0
4358,1134635,1122,-2378,1257,0,13621,-28880,15259,0,0,0,0,1,0
4359,1134895,1322,-2374,1052,0,16053,-28833,12780,0,0,0,0,1,0
4360,1135156,1510,-2348,838,0,18331,-28509,10178,0,0,0,0,1,0
4361,1135416,1683,-2298,616,0,20432,-27910,7479,0,0,0,0,1,0
4362,1135677,1839,-2227,388,0,22336,-27043,4707,0,0,0,0,1,0
4363,1135937,1978,-2134,156,0,24025,-25915,1890,0,0,0,0,1,0
4364,1136197,2098,-2021,-78,0,25483,-24538,-945,0,0,0,0,1,0
4365,1136458,2198,-1888,-311,0,26696,-22924,-3772,0,0,0,0,1,0
4366,1136718,2277,-1737,-540,0,27651,-21089,-6561,0,0,0,0,1,0
4367,1136979,2334,-1569,-765,0,28340,-19052,-9288,0,0,0,0,1,0
4368,1137239,2368,-1386,-982,0,28756,-16831,-11925,0,0,0,0,1,0
4369,1137500,2379,-1190,-1190,0,28895,-14448,-14448,0,0,0,0,1,0
4370,1137760,2368,-982,-1386,0,28756,-11925,-16831,0,0,0,0,1,0
4371,1138020,2334,-765,-1569,0,28340,-9288,-19052,0,0,0,0,1,0
4372,1138281,2277,-540,-1737,0,27651,-6561,-21089,0,0,0,0,1,0
4373,1138541,2198,-311,-1888,0,26696,-3772,-22924,0,0,0,0,1,0
4374,1138802,2098,-78,-2021,0,25483,-945,-24538,0,0,0,0,1,0
4375,1139062,1978,156,-2134,0,24025,1890,-25915,0,0,0,0,1,0
4376,1139322,1839,388,-2227,0,22336,4707,-27043,0,0,0,0,1,0
4377,1139583,1683,616,-2298,0,20432,7479,-27910,0,0,0,0,1,0
4378,1139843,1510,838,-2348,0,18331,10178,-28509,0,0,0,0,1,0
4379,1140104,1322,1052,-2374,0,16053,12780,-28833,0,0,0,0,1,0
4380,1140364,1122,1257,-2378,0,13621,15259,-28880,0,0,0,0,1,0
4381,1140625,911,1449,-2359,0,11058,17590,-28648,0,0,0,0,1,0
4382,1140885,691,1627,-2317,0,8388,19752,-28140,0,0,0,0,1,0
4383,1141145,464,1789,-2253,0,5637,21724,-27362,0,0,0,0,1,0
4384,1141406,233,1934,-2167,0,2832,23487,-26319,0,0,0,0,1,0
4385,1141666,0,2061,-2061,0,0,25024,-25024,0,0,0,0,1,0
4386,1141927,-233,2167,-1934,0,-2832,26319,-23487,0,0,0,0,1,0
4387,1142187,-464,2253,-1789,0,-5637,27362,-21724,0,0,0,0,1,0
4388,1142447,-691,2317,-1627,0,-8388,28140,-19752,0,0,0,0,1,0
4389,1142708,-911,2359,-1449,0,-11058,28648,-17590,0,0,0,0,1,0
4390,1142968,-1122,2378,-1257,0,-13621,28880,-15259,0,0,0,0,1,0
4391,1143229,-1322,2374,-1052,0,-16053,28833,-12780,0,0,0,0,1,0
4392,1143489,-1510,2348,-838,0,-18331,28509,-10178,0,0,0,0,1,0
4393,1143750,-1683,2298,-616,0,-20432,27910,-7479,0,0,0,0,1,0
4394,1144010,-1839,2227,-388,0,-22336,27043,-4707,0,0,0,0,1,0
4395,1144270,-1978,2134,-156,0,-24025,25915,-1890,0,0,0,0,1,0
4396,1144531,-2098,2021,78,0,-25483,24538,945,0,0,0,0,1,0
4397,1144791,-2198,1888,311,0,-26696,22924,3772,0,0,0,0,1,0
4398,1145052,-2277,1737,540,0,-27651,21089,6561,0,0,0,0,1,0
4399,1145312,-2334,1569,765,0,-28340,19052,9288,0,0,0,0,1,0
4400,1145572,-2368,1386,982,0,-28756,16831,11925,0,0,0,0,1,0
4401,1145833,-2379,1190,1190,0,-28895,14448,14448,0,0,0,0,1,0
4402,1146093,-2368,982,1386,0,-28756,11925,16831,0,0,0,0,1,0
4403,1146354,-2334,765,1569,0,-28340,9288,19052,0,0,0,0,1,0
4404,1146614,-2277,540,1737,0,-27651,6561,21089,0,0,0,0,1,0
4405,1146875,-2198,311,1888,0,-26696,3772,22924,0,0,0,0,1,0
4406,1147135,-2098,78,2021,0,-25483,945,24538,0,0,0,0,1,0
4407,1147395,-1978,-156,2134,0,-24025,-1890,25915,0,0,0,0,1,0
4408,1147656,-1839,-388,2227,0,-22336,-4707,27043,0,0,0,0,1,0
4409,1147916,-1683,-616,2298,0,-20432,-7479,27910,0,0,0,0,1,0
4410,1148177,-1510,-838,2348,0,-18331,-10178,28509,0,0,0,0,1,0
4411,1148437,-1322,-1052,2374,0,-16053,-12780,28833,0,0,0,0,1,0
4412,1148697,-1122,-1257,2378,0,-13621,-15259,28880,0,0,0,0,1,0
4413,1148958,-911,-1449,2359,0,-11058,-17590,28648,0,0,0,0,1,0
4414,1149218,-691,-1627,2317,0,-8388,-19752,28140,0,0,0,0,1,0
4415,1149479,-464,-1789,2253,0,-5637,-21724,27362,0,0,0,0,1,0
4416,1149739,-233,-1934,2167,0,-2832,-23487,26319,0,0,0,0,1,0
4417,1150000,0,-2061,2061,0,0,-25024,25024,0,0,0,0,1,0
4418,1150260,233,-2167,1934,0,2832,-26319,23487,0,0,0,0,1,0
4419,1150520,464,-2253,1789,0,5637,-27362,21724,0,0,0,0,1,0
4420,1150781,691,-2317,1627,0,8388,-28140,19752,0,0,0,0,1,0
4421,1151041,911,-2359,1449,0,11058,-28648,17590,0,0,0,0,1,0
4422,1151302,1122,-2378,1257,0,13621,-28880,15259,0,0,0,0,1,0
4423,1151562,1322,-2374,1052,0,16053,-28833,12780,0,0,0,0,1,0
4424,1151822,1510,-2348,838,0,18331,-28509,10178,0,0,0,0,1,0
4425,1152083,1683,-2298,616,0,20432,-27910,7479,0,0,0,0,1,0
4426,1152343,1839,-2227,388,0,22336,-27043,4707,0,0,0,0,1,0
4427,1152604,1978,-2134,156,0,24025,-25915,1890,0,0,0,0,1,0
4428,1152864,2098,-2021,-78,0,25483,-24538,-945,0,0,0,0,1,0
4429,1153125,2198,-1888,-311,0,26696,-22924,-3772,0,0,0,0,1,0
4430,1153385,2277,-1737,-540,0,27651,-21089,-6561,0,0,0,0,1,0
4431,1153645,2334,-1569,-765,0,28340,-19052,-9288,0,0,0,0,1,0
4432,1153906,2368,-1386,-982,0,28756,-16831,-11925,0,0,0,0,1,0
4433,1154166,2379,-1190,-1190,0,28895,-14448,-14448,0,0,0,0,1,0
4434,1154427,2368,-982,-1386,0,28756,-11925,-16831,0,0,0,0,1,0
4435,1154687,2334,-765,-1569,0,28340,-9288,-19052,0,0,0,0,1,0
4436,1154947,2277,-540,-1737,0,27651,-6561,-21089,0,0,0,0,1,0
4437,1155208,2198,-311,-1888,0,26696,-3772,-22924,0,0,0,0,1,0
4438,1155468,2098,-78,-2021,0,25483,-945,-24538,0,0,0,0,1,0
4439,1155729,1978,156,-2134,0,24025,1890,-25915,0,0,0,0,1,0
4440,1155989,1839,388,-2227,0,22336,4707,-27043,0,0,0,0,1,0
4441,1156250,1683,616,-2298,0,20432,7479,-27910,0,0,0,0,1,0
4442,1156510,1510,838,-2348,0,18331,10178,-28509,0,0,0,0,1,0
4443,1156770,1322,1052,-2374,0,16053,12780,-28833,0,0,0,0,1,0
4444,1157031,1122,1257,-2378,0,13621,15259,-28880,0,0,0,0,1,0
4445,1157291,911,1449,-2359,0,11058,17590,-28648,0,0,0,0,1,0
4446,1157552,691,1627,-2317,0,8388,19752,-28140,0,0,0,0,1,0
4447,1157812,464,1789,-2253,0,5637,21724,-27362,0,0,0,0,1,0
4448,1158072,233,1934,-2167,0,2832,23487,-26319,0,0,0,0,1,0
4449,1158333,0,2061,-2061,0,0,25024,-25024,0,0,0,0,1,0
4450,1158593,-233,2167,-1934,0,-2832,26319,-23487,0,0,0,0,1,0
4451,1158854,-464,2253,-1789,0,-5637,27362,-21724,0,0,0,0,1,0
4452,1159114,-691,2317,-1627,0,-8388,28140,-19752,0,0,0,0,1,0
4453,1159375,-911,2359,-1449,0,-11058,28648,-17590,0,0,0,0,1,0
4454,1159635,-1122,2378,-1257,0,-13621,28880,-15259,0,0,0,0,1,0
4455,1159895,-1322,2374,-1052,0,-16053,28833,-12780,0,0,0,0,1,0
4456,1160156,-1510,2348,-838,0,-18331,28509,-10178,0,0,0,0,1,0
4457,1160416,-1683,2298,-616,0,-20432,27910,-7479,0,0,0,0,1,0
4458,1160677,-1839,2227,-388,0,-22336,27043,-4707,0,0,0,0,1,0
4459,1160937,-1978,2134,-156,0,-24025,25915,-1890,0,0,0,0,1,0
4460,1161197,-2098,2021,78,0,-25483,24538,945,0,0,0,0,1,0
4461,1161458,-2198,1888,311,0,-26696,22924,3772,0,0,0,0,1,0
4462,1161718,-2277,1737,540,0,-27651,21089,6561,0,0,0,0,1,0
4463,1161979,-2334,1569,765,0,-28340,19052,9288,0,0,0,0,1,0
4464,1162239,-2368,1386,982,0,-28756,16831,11925,0,0,0,0,1,0
4465,1162500,-2379,1190,1190,0,-28895,14448,14448,0,0,0,0,1,0
4466,1162760,-2368,982,1386,0,-28756,11925,16831,0,0,0,0,1,0
4467,1163020,-2334,765,1569,0,-28340,9288,19052,0,0,0,0,1,0
4468,1163281,-2277,540,1737,0,-27651,6561,21089,0,0,0,0,1,0
4469,1163541,-2198,311,1888,0,-26696,3772,22924,0,0,0,0,1,0
4470,1163802,-2098,78,2021,0,-25483,945,24538,0,0,0,0,1,0
4471,1164062,-1978,-156,2134,0,-24025,-1890,25915,0,0,0,0,1,0
4472,1164322,-1839,-388,2227,0,-22336,-4707,27043,0,0,0,0,1,0
4473,1164583,-1683,-616,2298,0,-20432,-7479,27910,0,0,0,0,1,0
4474,1164843,-1510,-838,2348,0,-18331,-10178,28509,0,0,0,0,1,0
4475,1165104,-1322,-1052,2374,0,-16053,-12780,28833,0,0,0,0,1,0
4476,1165364,-1122,-1257,2378,0,-13621,-15259,28880,0,0,0,0,1,0
4477,1165625,-911,-1449,2359,0,-11058,-17590,28648,0,0,0,0,1,0
4478,1165885,-691,-1627,2317,0,-8388,-19752,28140,0,0,0,0,1,0
4479,1166145,-464,-1789,2253,0,-5637,-21724,27362,0,0,0,0,1,0
4480,1166406,-233,-1934,2167,0,-2832,-23487,26319,0,0,0,0,1,0
4481,1166666,0,-2061,2061,0,0,-25024,25024,0,0,0,0,1,0
4482,1166927,233,-2167,1934,0,2832,-26319,23487,0,0,0,0,1,0
4483,1167187,464,-2253,1789,0,5637,-27362,21724,0,0,0,0,1,0
4484,1167447,691,-2317,1627,0,8388,-28140,19752,0,0,0,0,1,0
4485,1167708,911,-2359,1449,0,11058,-28648,17590,0,0,0,0,1,0
4486,1167968,1122,-2378,1257,0,13621,-28880,15259,0,0,0,0,1,0
4487,1168229,1322,-2374,1052,0,16053,-28833,12780,0,0,0,0,1,0
4488,1168489,1510,-2348,838,0,18331,-28509,10178,0,0,0,0,1,0
4489,1168750,1683,-2298,616,0,20432,-27910,7479,0,0,0,0,1,0
4490,1169010,1839,-2227,388,0,22336,-27043,4707,0,0,0,0,1,0
4491,1169270,1978,-2134,156,0,24025,-25915,1890,0,0,0,0,1,0
4492,1169531,2098,-2021,-78,0,25483,-24538,-945,0,0,0,0,1,0
4493,1169791,2198,-1888,-311,0,26696,-22924,-3772,0,0,0,0,1,0
4494,1170052,2277,-1737,-540,0,27651,-21089,-6561,0,0,0,0,1,0
4495,1170312,2334,-1569,-765,0,28340,-19052,-9288,0,0,0,0,1,0
4496,1170572,2368,-1386,-982,0,28756,-16831,-11925,0,0,0,0,1,0
4497,1170833,2379,-1190,-1190,0,28895,-14448,-14448,0,0,0,0,1,0
4498,1171093,2368,-982,-1386,0,28756,-11925,-16831,0,0,0,0,1,0
4499,1171354,2334,-765,-1569,0,28340,-9288,-19052,0,0,0,0,1,0
4500,1171614,2277,-540,-1737,0,27651,-6561,-21089,0,0,0,0,1,0
4501,1171875,2198,-311,-1888,0,26696,-3772,-22924,0,0,0,0,1,0
4502,1172135,2098,-78,-2021,0,25483,-945,-24538,0,0,0,0,1,0
4503,1172395,1978,156,-2134,0,24025,1890,-25915,0,0,0,0,1,0
4504,1172656,1839,388,-2227,0,22336,4707,-27043,0,0,0,0,1,0
4505,1172916,1683,616,-2298,0,20432,7479,-27910,0,0,0,0,1,0
4506,1173177,1510,838,-2348,0,18331,10178,-28509,0,0,0,0,1,0
4507,1173437,1322,1052,-2374,0,16053,12780,-28833,0,0,0,0,1,0
4508,1173697,1122,1257,-2378,0,13621,15259,-28880,0,0,0,0,1,0
4509,1173958,911,1449,-2359,0,11058,17590,-28648,0,0,0,0,1,0
4510,1174218,691,1627,-2317,0,8388,19752,-28140,0,0,0,0,1,0
4511,1174479,464,1789,-2253,0,5637,21724,-27362,0,0,0,0,1,0
4512,1174739,233,1934,-2167,0,2832,23487,-26319,0,0,0,0,1,0
4513,1175000,0,2061,-2061,0,0,25024,-25024,0,0,0,0,1,0
4514,1175260,-233,2167,-1934,0,-2832,26319,-23487,0,0,0,0,1,0
4515,1175520,-464,2253,-1789,0,-5637,27362,-21724,0,0,0,0,1,0
4516,1175781,-691,2317,-1627,0,-8388,28140,-19752,0,0,0,0,1,0
4517,1176041,-911,2359,-1449,0,-11058,28648,-17590,0,0,0,0,1,0
4518,1176302,-1122,2378,-1257,0,-13621,28880,-15259,0,0,0,0,1,0
4519,1176562,-1322,2374,-1052,0,-16053,28833,-12780,0,0,0,0,1,0
4520,1176822,-1510,2348,-838,0,-18331,28509,-10178,0,0,0,0,1,0
4521,1177083,-1683,2298,-616,0,-20432,27910,-7479,0,0,0,0,1,0
4522,1177343,-1839,2227,-388,0,-22336,27043,-4707,0,0,0,0,1,0
4523,1177604,-1978,2134,-156,0,-24025,25915,-1890,0,0,0,0,1,0
4524,1177864,-2098,2021,78,0,-25483,24538,945,0,0,0,0,1,0
4525,1178125,-2198,1888,311,0,-26696,22924,3772,0,0,0,0,1,0
4526,1178385,-2277,1737,540,0,-27651,21089,6561,0,0,0,0,1,0
4527,1178645,-2334,1569,765,0,-28340,19052,9288,0,0,0,0,1,0
4528,1178906,-2368,1386,982,0,-28756,16831,11925,0,0,0,0,1,0
4529,1179166,-2379,1190,1190,0,-28895,14448,14448,0,0,0,0,1,0
4530,1179427,-2368,982,1386,0,-28756,11925,16831,0,0,0,0,1,0
4531,1179687,-2334,765,1569,0,-28340,9288,19052,0,0,0,0,1,0
4532,1179947,-2277,540,1737,0,-27651,6561,21089,0,0,0,0,1,0
4533,1180208,-2198,311,1888,0,-26696,3772,22924,0,0,0,0,1,0
4534,1180468,-2098,78,2021,0,-25483,945,24538,0,0,0,0,1,0
4535,1180729,-1978,-156,2134,0,-24025,-1890,25915,0,0,0,0,1,0
4536,1180989,-1839,-388,2227,0,-22336,-4707,27043,0,0,0,0,1,0
4537,1181250,-1683,-616,2298,0,-20432,-7479,27910,0,0,0,0,1,0
4538,1181510,-1510,-838,2348,0,-18331,-10178,28509,0,0,0,0,1,0
4539,1181770,-1322,-1052,2374,0,-16053,-12780,28833,0,0,0,0,1,0
4540,1182031,-1122,-1257,2378,0,-13621,-15259,28880,0,0,0,0,1,0
4541,1182291,-911,-1449,2359,0,-11058,-17590,28648,0,0,0,0,1,0
4542,1182552,-691,-1627,2317,0,-8388,-19752,28140,0,0,0,0,1,0
4543,1182812,-464,-1789,2253,0,-5637,-21724,27362,0,0,0,0,1,0
4544,1183072,-233,-1934,2167,0,-2832,-23487,26319,0,0,0,0,1,0
4545,1183333,0,-2061,2061,0,0,-25024,25024,0,0,0,0,1,0
4546,1183593,233,-2167,1934,0,2832,-26319,23487,0,0,0,0,1,0
4547,1183854,464,-2253,1789,0,5637,-27362,21724,0,0,0,0,1,0
4548,1184114,691,-2317,1627,0,8388,-28140,19752,0,0,0,0,1,0
4549,1184375,911,-2359,1449,0,11058,-28648,17590,0,0,0,0,1,0
4550,1184635,1122,-2378,1257,0,13621,-28880,15259,0,0,0,0,1,0
4551,1184895,1322,-2374,1052,0,16053,-28833,12780,0,0,0,0,1,0
4552,1185156,1510,-2348,838,0,18331,-28509,10178,0,0,0,0,1,0
4553,1185416,1683,-2298,616,0,20432,-27910,7479,0,0,0,0,1,0
4554,1185677,1839,-2227,388,0,22336,-27043,4707,0,0,0,0,1,0
4555,1185937,1978,-2134,156,0,24025,-25915,1890,0,0,0,0,1,0
4556,1186197,2098,-2021,-78,0,25483,-24538,-945,0,0,0,0,1,0
4557,1186458,2198,-1888,-311,0,26696,-22924,-3772,0,0,0,0,1,0
4558,1186718,2277,-1737,-540,0,27651,-21089,-6561,0,0,0,0,1,0
4559,1186979,2334,-1569,-765,0,28340,-19052,-9288,0,0,0,0,1,0
4560,1187239,2368,-1386,-982,0,28756,-16831,-11925,0,0,0,0,1,0
4561,1187500,2379,-1190,-1190,0,28895,-14448,-14448,0,0,0,0,1,0
4562,1187760,2368,-982,-1386,0,28756,-11925,-16831,0,0,0,0,1,0
4563,1188020,2334,-765,-1569,0,28340,-9288,-19052,0,0,0,0,1,0
4564,1188281,2277,-540,-1737,0,27651,-6561,-21089,0,0,0,0,1,0
4565,1188541,2198,-311,-1888,0,26696,-3772,-22924,0,0,0,0,1,0
4566,1188802,2098,-78,-2021,0,25483,-945,-24538,0,0,0,0,1,0
4567,1189062,1978,156,-2134,0,24025,1890,-25915,0,0,0,0,1,0
4568,1189322,1839,388,-2227,0,22336,4707,-27043,0,0,0,0,1,0
4569,1189583,1683,616,-2298,0,20432,7479,-27910,0,0,0,0,1,0
4570,1189843,1510,838,-2348,0,18331,10178,-28509,0,0,0,0,1,0
4571,1190104,1322,1052,-2374,0,16053,12780,-28833,0,0,0,0,1,0
4572,1190364,1122,1257,-2378,0,13621,15259,-28880,0,0,0,0,1,0
4573,1190625,911,1449,-2359,0,11058,17590,-28648,0,0,0,0,1,0
4574,1190885,691,1627,-2317,0,8388,19752,-28140,0,0,0,0,1,0
4575,1191145,464,1789,-2253,0,5637,21724,-27362,0,0,0,0,1,0
4576,1191406,233,1934,-2167,0,2832,23487,-26319,0,0,0,0,1,0
4577,1191666,0,2061,-2061,0,0,25024,-25024,0,0,0,0,1,0
4578,1191927,-233,2167,-1934,0,-2832,26319,-23487,0,0,0,0,1,0
4579,1192187,-464,2253,-1789,0,-5637,27362,-21724,0,0,0,0,1,0
4580,1192447,-691,2317,-1627,0,-8388,28140,-19752,0,0,0,0,1,0
4581,1192708,-911,2359,-1449,0,-11058,28648,-17590,0,0,0,0,1,0
4582,1192968,-1122,2378,-1257,0,-13621,28880,-15259,0,0,0,0,1,0
4583,1193229,-1322,2374,-1052,0,-16053,28833,-12780,0,0,0,0,1,0
4584,1193489,-1510,2348,-838,0,-18331,28509,-10178,0,0,0,0,1,0
4585,1193750,-1683,2298,-616,0,-20432,27910,-7479,0,0,0,0,1,0
4586,1194010,-1839,2227,-388,0,-22336,27043,-4707,0,0,0,0,1,0
4587,1194270,-1978,2134,-156,0,-24025,25915,-1890,0,0,0,0,1,0
4588,1194531,-2098,2021,78,0,-25483,24538,945,0,0,0,0,1,0
4589,1194791,-2198,1888,311,0,-26696,22924,3772,0,0,0,0,1,0
4590,1195052,-2277,1737,540,0,-27651,21089,6561,0,0,0,0,1,0
4591,1195312,-2334,1569,765,0,-28340,19052,9288,0,0,0,0,1,0
4592,1195572,-2368,1386,982,0,-28756,16831,11925,0,0,0,0,1,0
4593,1195833,-2379,1190,1190,0,-28895,14448,14448,0,0,0,0,1,0
4594,1196093,-2368,982,1386,0,-28756,11925,16831,0,0,0,0,1,0
4595,1196354,-2334,765,1569,0,-28340,9288,19052,0,0,0,0,1,0
4596,1196614,-2277,540,1737,0,-27651,6561,21089,0,0,0,0,1,0
4597,1196875,-2198,311,1888,0,-26696,3772,22924,0,0,0,0,1,0
4598,1197135,-2098,78,2021,0,-25483,945,24538,0,0,0,0,1,0
4599,1197395,-1978,-156,2134,0,-24025,-1890,25915,0,0,0,0,1,0
4600,1197656,-1839,-388,2227,0,-22336,-4707,27043,0,0,0,0,1,0
4601,1197916,-1683,-616,2298,0,-20432,-7479,27910,0,0,0,0,1,0
4602,1198177,-1510,-838,2348,0,-18331,-10178,28509,0,0,0,0,1,0
4603,1198437,-1322,-1052,2374,0,-16053,-12780,28833,0,0,0,0,1,0
4604,1198697,-1122,-1257,2378,0,-13621,-15259,28880,0,0,0,0,1,0
4605,1198958,-911,-1449,2359,0,-11058,-17590,28648,0,0,0,0,1,0
4606,1199218,-691,-1627,2317,0,-8388,-19752,28140,0,0,0,0,1,0
4607,1199479,-464,-1789,2253,0,-5637,-21724,27362,0,0,0,0,1,0
4608,1199739,-233,-1934,2167,0,-2832,-23487,26319,0,0,0,0,1,0
4609,1200000,0,-2061,2061,0,0,-25024,25024,0,0,0,0,1,0
4610,1200260,233,-2167,1934,0,2832,-26319,23487,0,0,0,0,1,0
4611,1200520,464,-2253,1789,0,5637,-27362,21724,0,0,0,0,1,0
4612,1200781,691,-2317,1627,0,8388,-28140,19752,0,0,0,0,1,0
4613,1201041,911,-2359,1449,0,11058,-28648,17590,0,0,0,0,1,0
4614,1201302,1122,-2378,1257,0,13621,-28880,15259,0,0,0,0,1,0
4615,1201562,1322,-2374,1052,0,16053,-28833,12780,0,0,0,0,1,0
4616,1201822,1510,-2348,838,0,18331,-28509,10178,0,0,0,0,1,0
4617,1202083,1683,-2298,616,0,20432,-27910,7479,0,0,0,0,1,0
4618,1202343,1839,-2227,388,0,22336,-27043,4707,0,0,0,0,1,0
4619,1202604,1978,-2134,156,0,24025,-25915,1890,0,0,0,0,1,0
4620,1202864,2098,-2021,-78,0,25483,-24538,-945,0,0,0,0,1,0
4621,1203125,2198,-1888,-311,0,26696,-22924,-3772,0,0,0,0,1,0
4622,1203385,2277,-1737,-540,0,27651,-21089,-6561,0,0,0,0,1,0
4623,1203645,2334,-1569,-765,0,28340,-19052,-9288,0,0,0,0,1,0
4624,1203906,2368,-1386,-982,0,28756,-16831,-11925,0,0,0,0,1,0
4625,1204166,2379,-1190,-1190,0,28895,-14448,-14448,0,0,0,0,1,0
4626,1204427,2368,-982,-1386,0,28756,-11925,-16831,0,0,0,0,1,0
4627,1204687,2334,-765,-1569,0,28340,-9288,-19052,0,0,0,0,1,0
4628,1204947,2277,-540,-1737,0,27651,-6561,-21089,0,0,0,0,1,0
4629,1205208,2198,-311,-1888,0,26696,-3772,-22924,0,0,0,0,1,0
4630,1205468,2098,-78,-2021,0,25483,-945,-24538,0,0,0,0,1,0
4631,1205729,1978,156,-2134,0,24025,1890,-25915,0,0,0,0,1,0
4632,1205989,1839,388,-2227,0,22336,4707,-27043,0,0,0,0,1,0
4633,1206250,1683,616,-2298,0,20432,7479,-27910,0,0,0,0,1,0
4634,1206510,1510,838,-2348,0,18331,10178,-28509,0,0,0,0,1,0
4635,1206770,1322,1052,-2374,0,16053,12780,-28833,0,0,0,0,1,0
4636,1207031,1122,1257,-2378,0,13621,15259,-28880,0,0,0,0,1,0
4637,1207291,911,1449,-2359,0,11058,17590,-28648,0,0,0,0,1,0
4638,1207552,691,1627,-2317,0,8388,19752,-28140,0,0,0,0,1,0
4639,1207812,464,1789,-2253,0,5637,21724,-27362,0,0,0,0,1,0
4640,1208072,233,1934,-2167,0,2832,23487,-26319,0,0,0,0,1,0
4641,1208333,0,2061,-2061,0,0,25024,-25024,0,0,0,0,1,0
4642,1208593,-233,2167,-1934,0,-2832,26319,-23487,0,0,0,0,1,0
4643,1208854,-464,2253,-1789,0,-5637,27362,-21724,0,0,0,0,1,0
4644,1209114,-691,2317,-1627,0,-8388,28140,-19752,0,0,0,0,1,0
4645,1209375,-911,2359,-1449,0,-11058,28648,-17590,0,0,0,0,1,0
4646,1209635,-1122,2378,-1257,0,-13621,28880,-15259,0,0,0,0,1,0
4647,1209895,-1322,2374,-1052,0,-16053,28833,-12780,0,0,0,0,1,0
4648,1210156,-1510,2348,-838,0,-18331,28509,-10178,0,0,0,0,1,0
4649,1210416,-1683,2298,-616,0,-20432,27910,-7479,0,0,0,0,1,0
4650,1210677,-1839,2227,-388,0,-22336,27043,-4707,0,0,0,0,1,0
4651,1210937,-1978,2134,-156,0,-24025,25915,-1890,0,0,0,0,1,0
4652,1211197,-2098,2021,78,0,-25483,24538,945,0,0,0,0,1,0
4653,1211458,-2198,1888,311,0,-26696,22924,3772,0,0,0,0,1,0
4654,1211718,-2277,1737,540,0,-27651,21089,6561,0,0,0,0,1,0
4655,1211979,-2334,1569,765,0,-28340,19052,9288,0,0,0,0,1,0
4656,1212239,-2368,1386,982,0,-28756,16831,11925,0,0,0,0,1,0
4657,1212500,-2379,1190,1190,0,-28895,14448,14448,0,0,0,0,1,0
4658,1212760,-2368,982,1386,0,-28756,11925,16831,0,0,0,0,1,0
4659,1213020,-2334,765,1569,0,-28340,9288,19052,0,0,0,0,1,0
4660,1213281,-2277,540,1737,0,-27651,6561,21089,0,0,0,0,1,0
4661,1213541,-2198,311,1888,0,-26696,3772,22924,0,0,0,0,1,0
4662,1213802,-2098,78,2021,0,-25483,945,24538,0,0,0,0,1,0
4663,1214062,-1978,-156,2134,0,-24025,-1890,25915,0,0,0,0,1,0
4664,1214322,-1839,-388,2227,0,-22336,-4707,27043,0,0,0,0,1,0
4665,1214583,-1683,-616,2298,0,-20432,-7479,27910,0,0,0,0,1,0
4666,1214843,-1510,-838,2348,0,-18331,-10178,28509,0,0,0,0,1,0
4667,1215104,-1322,-1052,2374,0,-16053,-12780,28833,0,0,0,0,1,0
4668,1215364,-1122,-1257,2378,0,-13621,-15259,28880,0,0,0,0,1,0
4669,1215625,-911,-1449,2359,0,-11058,-17590,28648,0,0,0,0,1,0
4670,1215885,-691,-1627,2317,0,-8388,-19752,28140,0,0,0,0,1,0
4671,1216145,-464,-1789,2253,0,-5637,-21724,27362,0,0,0,0,1,0
4672,1216406,-233,-1934,2167,0,-2832,-23487,26319,0,0,0,0,1,0
4673,1216666,0,-2061,2061,0,0,-25024,25024,0,0,0,0,1,0
4674,1216927,233,-2167,1934,0,2832,-26319,23487,0,0,0,0,1,0
4675,1217187,464,-2253,1789,0,5637,-27362,21724,0,0,0,0,1,0
4676,1217447,691,-2317,1627,0,8388,-28140,19752,0,0,0,0,1,0
4677,1217708,911,-2359,1449,0,11058,-28648,17590,0,0,0,0,1,0
4678,1217968,1122,-2378,1257,0,13621,-28880,15259,0,0,0,0,1,0
4679,1218229,1322,-2374,1052,0,16053,-28833,12780,0,0,0,0,1,0
4680,1218489,1510,-2348,838,0,18331,-28509,10178,0,0,0,0,1,0
4681,1218750,1683,-2298,616,0,20432,-27910,7479,0,0,0,0,1,0
4682,1219010,1839,-2227,388,0,22336,-27043,4707,0,0,0,0,1,0
4683,1219270,1978,-2134,156,0,24025,-25915,1890,0,0,0,0,1,0
4684,1219531,2098,-2021,-78,0,25483,-24538,-945,0,0,0,0,1,0
4685,1219791,2198,-1888,-311,0,26696,-22924,-3772,0,0,0,0,1,0
4686,1220052,2277,-1737,-540,0,27651,-21089,-6561,0,0,0,0,1,0
4687,1220312,2334,-1569,-765,0,28340,-19052,-9288,0,0,0,0,1,0
4688,1220572,2368,-1386,-982,0,28756,-16831,-11925,0,0,0,0,1,0
4689,1220833,2379,-1190,-1190,0,28895,-14448,-14448,0,0,0,0,1,0
4690,1221093,2368,-982,-1386,0,28756,-11925,-16831,0,0,0,0,1,0
4691,1221354,2334,-765,-1569,0,28340,-9288,-19052,0,0,0,0,1,0
4692,1221614,2277,-540,-1737,0,27651,-6561,-21089,0,0,0,0,1,0
4693,1221875,2198,-311,-1888,0,26696,-3772,-22924,0,0,0,0,1,0
4694,1222135,2098,-78,-2021,0,25483,-945,-24538,0,0,0,0,1,0
4695,1222395,1978,156,-2134,0,24025,1890,-25915,0,0,0,0,1,0
4696,1222656,1839,388,-2227,0,22336,4707,-27043,0,0,0,0,1,0
4697,1222916,1683,616,-2298,0,20432,7479,-27910,0,0,0,0,1,0
4698,1223177,1510,838,-2348,0,18331,10178,-28509,0,0,0,0,1,0
4699,1223437,1322,1052,-2374,0,16053,12780,-28833,0,0,0,0,1,0
4700,1223697,1122,1257,-2378,0,13621,15259,-28880,0,0,0,0,1,0
4701,1223958,911,1449,-2359,0,11058,17590,-28648,0,0,0,0,1,0
4702,1224218,691,1627,-2317,0,8388,19752,-28140,0,0,0,0,1,0
4703,1224479,464,1789,-2253,0,5637,21724,-27362,0,0,0,0,1,0
4704,1224739,233,1934,-2167,0,2832,23487,-26319,0,0,0,0,1,0
4705,1225000,0,2061,-2061,0,0,25024,-25024,0,0,0,0,1,0
4706,1225260,-233,2167,-1934,0,-2832,26319,-23487,0,0,0,0,1,0
4707,1225520,-464,2253,-1789,0,-5637,27362,-21724,0,0,0,0,1,0
4708,1225781,-691,2317,-1627,0,-8388,28140,-19752,0,0,0,0,1,0
4709,1226041,-911,2359,-1449,0,-11058,28648,-17590,0,0,0,0,1,0
4710,1226302,-1122,2378,-1257,0,-13621,28880,-15259,0,0,0,0,1,0
4711,1226562,-1322,2374,-1052,0,-16053,28833,-12780,0,0,0,0,1,0
4712,1226822,-1510,2348,-838,0,-18331,28509,-10178,0,0,0,0,1,0
4713,1227083,-1683,2298,-616,0,-20432,27910,-7479,0,0,0,0,1,0
4714,1227343,-1839,2227,-388,0,-22336,27043,-4707,0,0,0,0,1,0
4715,1227604,-1978,2134,-156,0,-24025,25915,-1890,0,0,0,0,1,0
4716,1227864,-2098,2021,78,0,-25483,24538,945,0,0,0,0,1,0
4717,1228125,-2198,1888,311,0,-26696,22924,3772,0,0,0,0,1,0
4718,1228385,-2277,1737,540,0,-27651,21089,6561,0,0,0,0,1,0
4719,1228645,-2334,1569,765,0,-28340,19052,9288,0,0,0,0,1,0
4720,1228906,-2368,1386,982,0,-28756,16831,11925,0,0,0,0,1,0
4721,1229166,-2379,1190,1190,0,-28895,14448,14448,0,0,0,0,1,0
4722,1229427,-2368,982,1386,0,-28756,11925,16831,0,0,0,0,1,0
4723,1229687,-2334,765,1569,0,-28340,9288,19052,0,0,0,0,1,0
4724,1229947,-2277,540,1737,0,-27651,6561,21089,0,0,0,0,1,0
4725,1230208,-2198,311,1888,0,-26696,3772,22924,0,0,0,0,1,0
4726,1230468,-2098,78,2021,0,-25483,945,24538,0,0,0,0,1,0
4727,1230729,-1978,-156,2134,0,-24025,-1890,25915,0,0,0,0,1,0
4728,1230989,-1839,-388,2227,0,-22336,-4707,27043,0,0,0,0,1,0
4729,1231250,-1683,-616,2298,0,-20432,-7479,27910,0,0,0,0,1,0
4730,1231510,-1510,-838,2348,0,-18331,-10178,28509,0,0,0,0,1,0
4731,1231770,-1322,-1052,2374,0,-16053,-12780,28833,0,0,0,0,1,0
4732,1232031,-1122,-1257,2378,0,-13621,-15259,28880,0,0,0,0,1,0
4733,1232291,-911,-1449,2359,0,-11058,-17590,28648,0,0,0,0,1,0
4734,1232552,-691,-1627,2317,0,-8388,-19752,28140,0,0,0,0,1,0
4735,1232812,-464,-1789,2253,0,-5637,-21724,27362,0,0,0,0,1,0
4736,1233072,-233,-1934,2167,0,-2832,-23487,26319,0,0,0,0,1,0
4737,1233333,0,-2061,2061,0,0,-25024,25024,0,0,0,0,1,0
4738,1233593,233,-2167,1934,0,2832,-26319,23487,0,0,0,0,1,0
4739,1233854,464,-2253,1789,0,5637,-27362,21724,0,0,0,0,1,0
4740,1234114,691,-2317,1627,0,8388,-28140,19752,0,0,0,0,1,0
4741,1234375,911,-2359,1449,0,11058,-28648,17590,0,0,0,0,1,0
4742,1234635,1122,-2378,1257,0,13621,-28880,15259,0,0,0,0,1,0
4743,1234895,1322,-2374,1052,0,16053,-28833,12780,0,0,0,0,1,0
4744,1235156,1510,-2348,838,0,18331,-28509,10178,0,0,0,0,1,0
4745,1235416,1683,-2298,616,0,20432,-27910,7479,0,0,0,0,1,0
4746,1235677,1839,-2227,388,0,22336,-27043,4707,0,0,0,0,1,0
4747,1235937,1978,-2134,156,0,24025,-25915,1890,0,0,0,0,1,0
4748,1236197,2098,-2021,-78,0,25483,-24538,-945,0,0,0,0,1,0
4749,1236458,2198,-1888,-311,0,26696,-22924,-3772,0,0,0,0,1,0
4750,1236718,2277,-1737,-540,0,27651,-21089,-6561,0,0,0,0,1,0
4751,1236979,2334,-1569,-765,0,28340,-19052,-9288,0,0,0,0,1,0
4752,1237239,2368,-1386,-982,0,28756,-16831,-11925,0,0,0,0,1,0
4753,1237500,2379,-1190,-1190,0,28895,-14448,-14448,0,0,0,0,1,0
4754,1237760,2368,-982,-1386,0,28756,-11925,-16831,0,0,0,0,1,0
4755,1238020,2334,-765,-1569,0,28340,-9288,-19052,0,0,0,0,1,0
4756,1238281,2277,-540,-1737,0,27651,-6561,-21089,0,0,0,0,1,0
4757,1238541,2198,-311,-1888,0,26696,-3772,-22924,0,0,0,0,1,0
4758,1238802,2098,-78,-2021,0,25483,-945,-24538,0,0,0,0,1,0
4759,1239062,1978,156,-2134,0,24025,1890,-25915,0,0,0,0,1,0
4760,1239322,1839,388,-2227,0,22336,4707,-27043,0,0,0,0,1,0
4761,1239583,1683,616,-2298,0,20432,7479,-27910,0,0,0,0,1,0
4762,1239843,1510,838,-2348,0,18331,10178,-28509,0,0,0,0,1,0
4763,1240104,1322,1052,-2374,0,16053,12780,-28833,0,0,0,0,1,0
4764,1240364,1122,1257,-2378,0,13621,15259,-28880,0,0,0,0,1,0
4765,1240625,911,1449,-2359,0,11058,17590,-28648,0,0,0,0,1,0
4766,1240885,691,1627,-2317,0,8388,19752,-28140,0,0,0,0,1,0
4767,1241145,464,1789,-2253,0,5637,21724,-27362,0,0,0,0,1,0
4768,1241406,233,1934,-2167,0,2832,23487,-26319,0,0,0,0,1,0
4769,1241666,0,2061,-2061,0,0,25024,-25024,0,0,0,0,1,0
4770,1241927,-233,2167,-1934,0,-2832,26319,-23487,0,0,0,0,1,0
4771,1242187,-464,2253,-1789,0,-5637,27362,-21724,0,0,0,0,1,0
4772,1242447,-691,2317,-1627,0,-8388,28140,-19752,0,0,0,0,1,0
4773,1242708,-911,2359,-1449,0,-11058,28648,-17590,0,0,0,0,1,0
4774,1242968,-1122,2378,-1257,0,-13621,28880,-15259,0,0,0,0,1,0
4775,1243229,-1322,2374,-1052,0,-16053,28833,-12780,0,0,0,0,1,0
4776,1243489,-1510,2348,-838,0,-18331,28509,-10178,0,0,0,0,1,0
4777,1243750,-1683,2298,-616,0,-20432,27910,-7479,0,0,0,0,1,0
4778,1244010,-1839,2227,-388,0,-22336,27043,-4707,0,0,0,0,1,0
4779,1244270,-1978,2134,-156,0,-24025,25915,-1890,0,0,0,0,1,0
4780,1244531,-2098,2021,78,0,-25483,24538,945,0,0,0,0,1,0
4781,1244791,-2198,1888,311,0,-26696,22924,3772,0,0,0,0,1,0
4782,1245052,-2277,1737,540,0,-27651,21089,6561,0,0,0,0,1,0
4783,1245312,-2334,1569,765,0,-28340,19052,9288,0,0,0,0,1,0
4784,1245572,-2368,1386,982,0,-28756,16831,11925,0,0,0,0,1,0
4785,1245833,-2379,1190,1190,0,-28895,14448,14448,0,0,0,0,1,0
4786,1246093,-2368,982,1386,0,-28756,11925,16831,0,0,0,0,1,0
4787,1246354,-2334,765,1569,0,-28340,9288,19052,0,0,0,0,1,0
4788,1246614,-2277,540,1737,0,-27651,6561,21089,0,0,0,0,1,0
4789,1246875,-2198,311,1888,0,-26696,3772,22924,0,0,0,0,1,0
4790,1247135,-2098,78,2021,0,-25483,945,24538,0,0,0,0,1,0
4791,1247395,-1978,-156,2134,0,-24025,-1890,25915,0,0,0,0,1,0
4792,1247656,-1839,-388,2227,0,-22336,-4707,27043,0,0,0,0,1,0
4793,1247916,-1683,-616,2298,0,-20432,-7479,27910,0,0,0,0,1,0
4794,1248177,-1510,-838,2348,0,-18331,-10178,28509,0,0,0,0,1,0
4795,1248437,-1322,-1052,2374,0,-16053,-12780,28833,0,0,0,0,1,0
4796,1248697,-1122,-1257,2378,0,-13621,-15259,28880,0,0,0,0,1,0
4797,1248958,-911,-1449,2359,0,-11058,-17590,28648,0,0,0,0,1,0
4798,1249218,-691,-1627,2317,0,-8388,-19752,28140,0,0,0,0,1,0
4799,1249479,-464,-1789,2253,0,-5637,-21724,27362,0,0,0,0,1,0
4800,1249739,-233,-1934,2167,0,-2832,-23487,26319,0,0,0,0,1,0
4801,1250000,0,-2061,2061,0,0,-25024,25024,0,0,0,0,1,0
4802,1250260,233,-2167,1934,0,2832,-26319,23487,0,0,0,0,1,0
4803,1250520,464,-2253,1789,0,5637,-27362,21724,0,0,0,0,1,0
4804,1250781,691,-2317,1627,0,8388,-28140,19752,0,0,0,0,1,0
4805,1251041,911,-2359,1449,0,11058,-28648,17590,0,0,0,0,1,0
4806,1251302,1122,-2378,1257,0,13621,-28880,15259,0,0,0,0,1,0
4807,1251562,1322,-2374,1052,0,16053,-28833,12780,0,0,0,0,1,0
4808,1251822,1510,-2348,838,0,18331,-28509,10178,0,0,0,0,1,0
4809,1252083,1683,-2298,616,0,20432,-27910,7479,0,0,0,0,1,0
4810,1252343,1839,-2227,388,0,22336,-27043,4707,0,0,0,0,1,0
4811,1252604,1978,-2134,156,0,24025,-25915,1890,0,0,0,0,1,0
4812,1252864,2098,-2021,-78,0,25483,-24538,-945,0,0,0,0,1,0
4813,1253125,2198,-1888,-311,0,26696,-22924,-3772,0,0,0,0,1,0
4814,1253385,2277,-1737,-540,0,27651,-21089,-6561,0,0,0,0,1,0
4815,1253645,2334,-1569,-765,0,28340,-19052,-9288,0,0,0,0,1,0
4816,1253906,2368,-1386,-982,0,28756,-16831,-11925,0,0,0,0,1,0
4817,1254166,2379,-1190,-1190,0,28895,-14448,-14448,0,0,0,0,1,0
4818,1254427,2368,-982,-1386,0,28756,-11925,-16831,0,0,0,0,1,0
4819,1254687,2334,-765,-1569,0,28340,-9288,-19052,0,0,0,0,1,0
4820,1254947,2277,-540,-1737,0,27651,-6561,-21089,0,0,0,0,1,0
4821,1255208,2198,-311,-1888,0,26696,-3772,-22924,0,0,0,0,1,0
4822,1255468,2098,-78,-2021,0,25483,-945,-24538,0,0,0,0,1,0
4823,1255729,1978,156,-2134,0,24025,1890,-25915,0,0,0,0,1,0
4824,1255989,1839,388,-2227,0,22336,4707,-27043,0,0,0,0,1,0
4825,1256250,1683,616,-2298,0,20432,7479,-27910,0,0,0,0,1,0
4826,1256510,1510,838,-2348,0,18331,10178,-28509,0,0,0,0,1,0
4827,1256770,1322,1052,-2374,0,16053,12780,-28833,0,0,0,0,1,0
4828,1257031,1122,1257,-2378,0,13621,15259,-28880,0,0,0,0,1,0
4829,1257291,911,1449,-2359,0,11058,17590,-28648,0,0,0,0,1,0
4830,1257552,691,1627,-2317,0,8388,19752,-28140,0,0,0,0,1,0
4831,1257812,464,1789,-2253,0,5637,21724,-27362,0,0,0,0,1,0
4832,1258072,233,1934,-2167,0,2832,23487,-26319,0,0,0,0,1,0
4833,1258333,0,2061,-2061,0,0,25024,-25024,0,0,0,0,1,0
4834,1258593,-233,2167,-1934,0,-2832,26319,-23487,0,0,0,0,1,0
4835,1258854,-464,2253,-1789,0,-5637,27362,-21724,0,0,0,0,1,0
4836,1259114,-691,2317,-1627,0,-8388,28140,-19752,0,0,0,0,1,0
4837,1259375,-911,2359,-1449,0,-11058,28648,-17590,0,0,0,0,1,0
4838,1259635,-1122,2378,-1257,0,-13621,28880,-15259,0,0,0,0,1,0
4839,1259895,-1322,2374,-1052,0,-16053,28833,-12780,0,0,0,0,1,0
4840,1260156,-1510,2348,-838,0,-18331,28509,-10178,0,0,0,0,1,0
4841,1260416,-1683,2298,-616,0,-20432,27910,-7479,0,0,0,0,1,0
4842,1260677,-1839,2227,-388,0,-22336,27043,-4707,0,0,0,0,1,0
4843,1260937,-1978,2134,-156,0,-24025,25915,-1890,0,0,0,0,1,0
4844,1261197,-2098,2021,78,0,-25483,24538,945,0,0,0,0,1,0
4845,1261458,-2198,1888,311,0,-26696,22924,3772,0,0,0,0,1,0
4846,1261718,-2277,1737,540,0,-27651,21089,6561,0,0,0,0,1,0
4847,1261979,-2334,1569,765,0,-28340,19052,9288,0,0,0,0,1,0
4848,1262239,-2368,1386,982,0,-28756,16831,11925,0,0,0,0,1,0
4849,1262500,-2379,1190,1190,0,-28895,14448,14448,0,0,0,0,1,0
4850,1262760,-2368,982,1386,0,-28756,11925,16831,0,0,0,0,1,0
4851,1263020,-2334,765,1569,0,-28340,9288,19052,0,0,0,0,1,0
4852,1263281,-2277,540,1737,0,-27651,6561,21089,0,0,0,0,1,0
4853,1263541,-2198,311,1888,0,-26696,3772,22924,0,0,0,0,1,0
4854,1263802,-2098,78,2021,0,-25483,945,24538,0,0,0,0,1,0
4855,1264062,-1978,-156,2134,0,-24025,-1890,25915,0,0,0,0,1,0
4856,1264322,-1839,-388,2227,0,-22336,-4707,27043,0,0,0,0,1,0
4857,1264583,-1683,-616,2298,0,-20432,-7479,27910,0,0,0,0,1,0
4858,1264843,-1510,-838,2348,0,-18331,-10178,28509,0,0,0,0,1,0
4859,1265104,-1322,-1052,2374,0,-16053,-12780,28833,0,0,0,0,1,0
4860,1265364,-1122,-1257,2378,0,-13621,-15259,28880,0,0,0,0,1,0
4861,1265625,-911,-1449,2359,0,-11058,-17590,28648,0,0,0,0,1,0
4862,1265885,-691,-1627,2317,0,-8388,-19752,28140,0,0,0,0,1,0
4863,1266145,-464,-1789,2253,0,-5637,-21724,27362,0,0,0,0,1,0
4864,1266406,-233,-1934,2167,0,-2832,-23487,26319,0,0,0,0,1,0
4865,1266666,0,-2061,2061,0,0,-25024,25024,0,0,0,0,1,0
4866,1266927,233,-2167,1934,0,2832,-26319,23487,0,0,0,0,1,0
4867,1267187,464,-2253,1789,0,5637,-27362,21724,0,0,0,0,1,0
4868,1267447,691,-2317,1627,0,8388,-28140,19752,0,0,0,0,1,0
4869,1267708,911,-2359,1449,0,11058,-28648,17590,0,0,0,0,1,0
4870,1267968,1122,-2378,1257,0,13621,-28880,15259,0,0,0,0,1,0
4871,1268229,1322,-2374,1052,0,16053,-28833,12780,0,0,0,0,1,0
4872,1268489,1510,-2348,838,0,18331,-28509,10178,0,0,0,0,1,0
4873,1268750,1683,-2298,616,0,20432,-27910,7479,0,0,0,0,1,0
4874,1269010,1839,-2227,388,0,22336,-27043,4707,0,0,0,0,1,0
4875,1269270,1978,-2134,156,0,24025,-25915,1890,0,0,0,0,1,0
4876,1269531,2098,-2021,-78,0,25483,-24538,-945,0,0,0,0,1,0
4877,1269791,2198,-1888,-311,0,26696,-22924,-3772,0,0,0,0,1,0
4878,1270052,2277,-1737,-540,0,27651,-21089,-6561,0,0,0,0,1,0
4879,1270312,2334,-1569,-765,0,28340,-19052,-9288,0,0,0,0,1,0
4880,1270572,2368,-1386,-982,0,28756,-16831,-11925,0,0,0,0,1,0
4881,1270833,2379,-1190,-1190,0,28895,-14448,-14448,0,0,0,0,1,0
4882,1271093,2368,-982,-1386,0,28756,-11925,-16831,0,0,0,0,1,0
4883,1271354,2334,-765,-1569,0,28340,-9288,-19052,0,0,0,0,1,0
4884,1271614,2277,-540,-1737,0,27651,-6561,-21089,0,0,0,0,1,0
4885,1271875,2198,-311,-1888,0,26696,-3772,-22924,0,0,0,0,1,0
4886,1272135,2098,-78,-2021,0,25483,-945,-24538,0,0,0,0,1,0
4887,1272395,1978,156,-2134,0,24025,1890,-25915,0,0,0,0,1,0
4888,1272656,1839,388,-2227,0,22336,4707,-27043,0,0,0,0,1,0
4889,1272916,1683,616,-2298,0,20432,7479,-27910,0,0,0,0,1,0
4890,1273177,1510,838,-2348,0,18331,10178,-28509,0,0,0,0,1,0
4891,1273437,1322,1052,-2374,0,16053,12780,-28833,0,0,0,0,1,0
4892,1273697,1122,1257,-2378,0,13621,15259,-28880,0,0,0,0,1,0
4893,1273958,911,1449,-2359,0,11058,17590,-28648,0,0,0,0,1,0
4894,1274218,691,1627,-2317,0,8388,19752,-28140,0,0,0,0,1,0
4895,1274479,464,1789,-2253,0,5637,21724,-27362,0,0,0,0,1,0
4896,1274739,233,1934,-2167,0,2832,23487,-26319,0,0,0,0,1,0
4897,1275000,0,2061,-2061,0,0,25024,-25024,0,0,0,0,1,0
4898,1275260,-233,2167,-1934,0,-2832,26319,-23487,0,0,0,0,1,0
4899,1275520,-464,2253,-1789,0,-5637,27362,-21724,0,0,0,0,1,0
4900,1275781,-691,2317,-1627,0,-8388,28140,-19752,0,0,0,0,1,0
4901,1276041,-911,2359,-1449,0,-11058,28648,-17590,0,0,0,0,1,0
4902,1276302,-1122,2378,-1257,0,-13621,28880,-15259,0,0,0,0,1,0
4903,1276562,-1322,2374,-1052,0,-16053,28833,-12780,0,0,0,0,1,0
4904,1276822,-1510,2348,-838,0,-18331,28509,-10178,0,0,0,0,1,0
4905,1277083,-1683,2298,-616,0,-20432,27910,-7479,0,0,0,0,1,0
4906,1277343,-1839,2227,-388,0,-22336,27043,-4707,0,0,0,0,1,0
4907,1277604,-1978,2134,-156,0,-24025,25915,-1890,0,0,0,0,1,0
4908,1277864,-2098,2021,78,0,-25483,24538,945,0,0,0,0,1,0
4909,1278125,-2198,1888,311,0,-26696,22924,3772,0,0,0,0,1,0
4910,1278385,-2277,1737,540,0,-27651,21089,6561,0,0,0,0,1,0
4911,1278645,-2334,1569,765,0,-28340,19052,9288,0,0,0,0,1,0
4912,1278906,-2368,1386,982,0,-28756,16831,11925,0,0,0,0,1,0
4913,1279166,-2379,1190,1190,0,-28895,14448,14448,0,0,0,0,1,0
4914,1279427,-2368,982,1386,0,-28756,11925,16831,0,0,0,0,1,0
4915,1279687,-2334,765,1569,0,-28340,9288,19052,0,0,0,0,1,0
4916,1279947,-2277,540,1737,0,-27651,6561,21089,0,0,0,0,1,0
4917,1280208,-2198,311,1888,0,-26696,3772,22924,0,0,0,0,1,0
4918,1280468,-2098,78,2021,0,-25483,945,24538,0,0,0,0,1,0
4919,1280729,-1978,-156,2134,0,-24025,-1890,25915,0,0,0,0,1,0
4920,1280989,-1839,-388,2227,0,-22336,-4707,27043,0,0,0,0,1,0
4921,1281250,-1683,-616,2298,0,-20432,-7479,27910,0,0,0,0,1,0
4922,1281510,-1510,-838,2348,0,-18331,-10178,28509,0,0,0,0,1,0
4923,1281770,-1322,-1052,2374,0,-16053,-12780,28833,0,0,0,0,1,0
4924,1282031,-1122,-1257,2378,0,-13621,-15259,28880,0,0,0,0,1,0
4925,1282291,-911,-1449,2359,0,-11058,-17590,28648,0,0,0,0,1,0
4926,1282552,-691,-1627,2317,0,-8388,-19752,28140,0,0,0,0,1,0
4927,1282812,-464,-1789,2253,0,-5637,-21724,27362,0,0,0,0,1,0
4928,1283072,-233,-1934,2167,0,-2832,-23487,26319,0,0,0,0,1,0
4929,1283333,0,-2061,2061,0,0,-25024,25024,0,0,0,0,1,0
4930,1283593,233,-2167,1934,0,2832,-26319,23487,0,0,0,0,1,0
4931,1283854,464,-2253,1789,0,5637,-27362,21724,0,0,0,0,1,0
4932,1284114,691,-2317,1627,0,8388,-28140,19752,0,0,0,0,1,0
4933,1284375,911,-2359,1449,0,11058,-28648,17590,0,0,0,0,1,0
4934,1284635,1122,-2378,1257,0,13621,-28880,15259,0,0,0,0,1,0
4935,1284895,1322,-2374,1052,0,16053,-28833,12780,0,0,0,0,1,0
4936,1285156,1510,-2348,838,0,18331,-28509,10178,0,0,0,0,1,0
4937,1285416,1683,-2298,616,0,20432,-27910,7479,0,0,0,0,1,0
4938,1285677,1839,-2227,388,0,22336,-27043,4707,0,0,0,0,1,0
4939,1285937,1978,-2134,156,0,24025,-25915,1890,0,0,0,0,1,0
4940,1286197,2098,-2021,-78,0,25483,-24538,-945,0,0,0,0,1,0
4941,1286458,2198,-1888,-311,0,26696,-22924,-3772,0,0,0,0,1,0
4942,1286718,2277,-1737,-540,0,27651,-21089,-6561,0,0,0,0,1,0
4943,1286979,2334,-1569,-765,0,28340,-19052,-9288,0,0,0,0,1,0
4944,1287239,2368,-1386,-982,0,28756,-16831,-11925,0,0,0,0,1,0
4945,1287500,2379,-1190,-1190,0,28895,-14448,-14448,0,0,0,0,1,0
4946,1287760,2368,-982,-1386,0,28756,-11925,-16831,0,0,0,0,1,0
4947,1288020,2334,-765,-1569,0,28340,-9288,-19052,0,0,0,0,1,0
4948,1288281,2277,-540,-1737,0,27651,-6561,-21089,0,0,0,0,1,0
4949,1288541,2198,-311,-1888,0,26696,-3772,-22924,0,0,0,0,1,0
4950,1288802,2098,-78,-2021,0,25483,-945,-24538,0,0,0,0,1,0
4951,1289062,1978,156,-2134,0,24025,1890,-25915,0,0,0,0,1,0
4952,1289322,1839,388,-2227,0,22336,4707,-27043,0,0,0,0,1,0
4953,1289583,1683,616,-2298,0,20432,7479,-27910,0,0,0,0,1,0
4954,1289843,1510,838,-2348,0,18331,10178,-28509,0,0,0,0,1,0
4955,1290104,1322,1052,-2374,0,16053,12780,-28833,0,0,0,0,1,0
4956,1290364,1122,1257,-2378,0,13621,15259,-28880,0,0,0,0,1,0
4957,1290625,911,1449,-2359,0,11058,17590,-28648,0,0,0,0,1,0
4958,1290885,691,1627,-2317,0,8388,19752,-28140,0,0,0,0,1,0
4959,1291145,464,1789,-2253,0,5637,21724,-27362,0,0,0,0,1,0
4960,1291406,233,1934,-2167,0,2832,23487,-26319,0,0,0,0,1,0
4961,1291666,0,2061,-2061,0,0,25024,-25024,0,0,0,0,1,0
4962,1291927,-233,2167,-1934,0,-2832,26319,-23487,0,0,0,0,1,0
4963,1292187,-464,2253,-1789,0,-5637,27362,-21724,0,0,0,0,1,0
4964,1292447,-691,2317,-1627,0,-8388,28140,-19752,0,0,0,0,1,0
4965,1292708,-911,2359,-1449,0,-11058,28648,-17590,0,0,0,0,1,0
4966,1292968,-1122,2378,-1257,0,-13621,28880,-15259,0,0,0,0,1,0
4967,1293229,-1322,2374,-1052,0,-16053,28833,-12780,0,0,0,0,1,0
4968,1293489,-1510,2348,-838,0,-18331,28509,-10178,0,0,0,0,1,0
4969,1293750,-1683,2298,-616,0,-20432,27910,-7479,0,0,0,0,1,0
4970,1294010,-1839,2227,-388,0,-22336,27043,-4707,0,0,0,0,1,0
4971,1294270,-1978,2134,-156,0,-24025,25915,-1890,0,0,0,0,1,0
4972,1294531,-2098,2021,78,0,-25483,24538,945,0,0,0,0,1,0
4973,1294791,-2198,1888,311,0,-26696,22924,3772,0,0,0,0,1,0
4974,1295052,-2277,1737,540,0,-27651,21089,6561,0,0,0,0,1,0
4975,1295312,-2334,1569,765,0,-28340,19052,9288,0,0,0,0,1,0
4976,1295572,-2368,1386,982,0,-28756,16831,11925,0,0,0,0,1,0
4977,1295833,-2379,1190,1190,0,-28895,14448,14448,0,0,0,0,1,0
4978,1296093,-2368,982,1386,0,-28756,11925,16831,0,0,0,0,1,0
4979,1296354,-2334,765,1569,0,-28340,9288,19052,0,0,0,0,1,0
4980,1296614,-2277,540,1737,0,-27651,6561,21089,0,0,0,0,1,0
4981,1296875,-2198,311,1888,0,-26696,3772,22924,0,0,0,0,1,0
4982,1297135,-2098,78,2021,0,-25483,945,24538,0,0,0,0,1,0
4983,1297395,-1978,-156,2134,0,-24025,-1890,25915,0,0,0,0,1,0
4984,1297656,-1839,-388,2227,0,-22336,-4707,27043,0,0,0,0,1,0
4985,1297916,-1683,-616,2298,0,-20432,-7479,27910,0,0,0,0,1,0
4986,1298177,-1510,-838,2348,0,-18331,-10178,28509,0,0,0,0,1,0
4987,1298437,-1322,-1052,2374,0,-16053,-12780,28833,0,0,0,0,1,0
4988,1298697,-1122,-1257,2378,0,-13621,-15259,28880,0,0,0,0,1,0
4989,1298958,-911,-1449,2359,0,-11058,-17590,28648,0,0,0,0,1,0
4990,1299218,-691,-1627,2317,0,-8388,-19752,28140,0,0,0,0,1,0
4991,1299479,-464,-1789,2253,0,-5637,-21724,27362,0,0,0,0,1,0
4992,1299739,-233,-1934,2167,0,-2832,-23487,26319,0,0,0,0,1,0
4993,1300000,0,-2061,2061,0,0,-25024,25024,0,0,0,0,1,0
4994,1300260,233,-2167,1934,0,2832,-26319,23487,0,0,0,0,1,0
4995,1300520,464,-2253,1789,0,5637,-27362,21724,0,0,0,0,1,0
4996,1300781,691,-2317,1627,0,8388,-28140,19752,0,0,0,0,1,0
4997,1301041,911,-2359,1449,0,11058,-28648,17590,0,0,0,0,1,0
4998,1301302,1122,-2378,1257,0,13621,-28880,15259,0,0,0,0,1,0
4999,1301562,1322,-2374,1052,0,16053,-28833,12780,0,0,0,0,1,0
5000,1301822,1510,-2348,838,0,18331,-28509,10178,0,0,0,0,1,0
5001,1302083,1683,-2298,616,0,20432,-27910,7479,0,0,0,0,1,0
5002,1302343,1839,-2227,388,0,22336,-27043,4707,0,0,0,0,1,0
5003,1302604,1978,-2134,156,0,24025,-25915,1890,0,0,0,0,1,0
5004,1302864,2098,-2021,-78,0,25483,-24538,-945,0,0,0,0,1,0
5005,1303125,2198,-1888,-311,0,26696,-22924,-3772,0,0,0,0,1,0
5006,1303385,2277,-1737,-540,0,27651,-21089,-6561,0,0,0,0,1,0
5007,1303645,2334,-1569,-765,0,28340,-19052,-9288,0,0,0,0,1,0
5008,1303906,2368,-1386,-982,0,28756,-16831,-11925,0,0,0,0,1,0
5009,1304166,2379,-1190,-1190,0,28895,-14448,-14448,0,0,0,0,1,0
5010,1304427,2368,-982,-1386,0,28756,-11925,-16831,0,0,0,0,1,0
5011,1304687,2334,-765,-1569,0,28340,-9288,-19052,0,0,0,0,1,0
5012,1304947,2277,-540,-1737,0,27651,-6561,-21089,0,0,0,0,1,0
5013,1305208,2198,-311,-1888,0,26696,-3772,-22924,0,0,0,0,1,0
5014,1305468,2098,-78,-2021,0,25483,-945,-24538,0,0,0,0,1,0
5015,1305729,1978,156,-2134,0,24025,1890,-25915,0,0,0,0,1,0
5016,1305989,1839,388,-2227,0,22336,4707,-27043,0,0,0,0,1,0
5017,1306250,1683,616,-2298,0,20432,7479,-27910,0,0,0,0,1,0
5018,1306510,1510,838,-2348,0,18331,10178,-28509,0,0,0,0,1,0
5019,1306770,1322,1052,-2374,0,16053,12780,-28833,0,0,0,0,1,0
5020,1307031,1122,1257,-2378,0,13621,15259,-28880,0,0,0,0,1,0
5021,1307291,911,1449,-2359,0,11058,17590,-28648,0,0,0,0,1,0
5022,1307552,691,1627,-2317,0,8388,19752,-28140,0,0,0,0,1,0
5023,1307812,464,1789,-2253,0,5637,21724,-27362,0,0,0,0,1,0
5024,1308072,233,1934,-2167,0,2832,23487,-26319,0,0,0,0,1,0
5025,1308333,0,2061,-2061,0,0,25024,-25024,0,0,0,0,1,0
5026,1308593,-233,2167,-1934,0,-2832,26319,-23487,0,0,0,0,1,0
5027,1308854,-464,2253,-1789,0,-5637,27362,-21724,0,0,0,0,1,0
5028,1309114,-691,2317,-1627,0,-8388,28140,-19752,0,0,0,0,1,0
5029,1309375,-911,2359,-1449,0,-11058,28648,-17590,0,0,0,0,1,0
5030,1309635,-1122,2378,-1257,0,-13621,28880,-15259,0,0,0,0,1,0
5031,1309895,-1322,2374,-1052,0,-16053,28833,-12780,0,0,0,0,1,0
5032,1310156,-1510,2348,-838,0,-18331,28509,-10178,0,0,0,0,1,0
5033,1310416,-1683,2298,-616,0,-20432,27910,-7479,0,0,0,0,1,0
5034,1310677,-1839,2227,-388,0,-22336,27043,-4707,0,0,0,0,1,0
5035,1310937,-1978,2134,-156,0,-24025,25915,-1890,0,0,0,0,1,0
5036,1311197,-2098,2021,78,0,-25483,24538,945,0,0,0,0,1,0
5037,1311458,-2198,1888,311,0,-26696,22924,3772,0,0,0,0,1,0
5038,1311718,-2277,1737,540,0,-27651,21089,6561,0,0,0,0,1,0
5039,1311979,-2334,1569,765,0,-28340,19052,9288,0,0,0,0,1,0
5040,1312239,-2368,1386,982,0,-28756,16831,11925,0,0,0,0,1,0
5041,1312500,-2379,1190,1190,0,-28895,14448,14448,0,0,0,0,1,0
5042,1312760,-2368,982,1386,0,-28756,11925,16831,0,0,0,0,1,0
5043,1313020,-2334,765,1569,0,-28340,9288,19052,0,0,0,0,1,0
5044,1313281,-2277,540,1737,0,-27651,6561,21089,0,0,0,0,1,0
5045,1313541,-2198,311,1888,0,-26696,3772,22924,0,0,0,0,1,0
5046,1313802,-2098,78,2021,0,-25483,945,24538,0,0,0,0,1,0
5047,1314062,-1978,-156,2134,0,-24025,-1890,25915,0,0,0,0,1,0
5048,1314322,-1839,-388,2227,0,-22336,-4707,27043,0,0,0,0,1,0
5049,1314583,-1683,-616,2298,0,-20432,-7479,27910,0,0,0,0,1,0
5050,1314843,-1510,-838,2348,0,-18331,-10178,28509,0,0,0,0,1,0
5051,1315104,-1322,-1052,2374,0,-16053,-12780,28833,0,0,0,0,1,0
5052,1315364,-1122,-1257,2378,0,-13621,-15259,28880,0,0,0,0,1,0
5053,1315625,-911,-1449,2359,0,-11058,-17590,28648,0,0,0,0,1,0
5054,1315885,-691,-1627,2317,0,-8388,-19752,28140,0,0,0,0,1,0
5055,1316145,-464,-1789,2253,0,-5637,-21724,27362,0,0,0,0,1,0
5056,1316406,-233,-1934,2167,0,-2832,-23487,26319,0,0,0,0,1,0
5057,1316666,0,-2061,2061,0,0,-25024,25024,0,0,0,0,1,0
5058,1316927,233,-2167,1934,0,2832,-26319,23487,0,0,0,0,1,0
5059,1317187,464,-2253,1789,0,5637,-27362,21724,0,0,0,0,1,0
5060,1317447,691,-2317,1627,0,8388,-28140,19752,0,0,0,0,1,0
5061,1317708,911,-2359,1449,0,11058,-28648,17590,0,0,0,0,1,0
5062,1317968,1122,-2378,1257,0,13621,-28880,15259,0,0,0,0,1,0
5063,1318229,1322,-2374,1052,0,16053,-28833,12780,0,0,0,0,1,0
5064,1318489,1510,-2348,838,0,18331,-28509,10178,0,0,0,0,1,0
5065,1318750,1683,-2298,616,0,20432,-27910,7479,0,0,0,0,1,0
