1,0,0,-685,685,0,0,-25078,25078,0,0,0,0,1,0
2,520,154,-749,595,0,5649,-27420,21771,0,0,0,0,1,0
3,1041,303,-784,482,0,11081,-28709,17628,0,0,0,0,1,0
4,1562,439,-789,350,0,16088,-28895,12807,0,0,0,0,1,0
5,2083,559,-764,205,0,20476,-27970,7495,0,0,0,0,1,0
6,2604,658,-709,52,0,24077,-25971,1894,0,0,0,0,1,0
7,3125,731,-628,-103,0,26753,-22973,-3780,0,0,0,0,1,0
8,3645,776,-522,-254,0,28401,-19093,-9308,0,0,0,0,1,0
9,4166,791,-396,-396,0,28957,-14479,-14479,0,0,0,0,1,0
10,4687,776,-254,-522,0,28401,-9308,-19093,0,0,0,0,1,0
11,5208,731,-103,-628,0,26753,-3780,-22973,0,0,0,0,1,0
12,5729,658,52,-709,0,24077,1894,-25971,0,0,0,0,1,0
13,6250,559,205,-764,0,20476,7495,-27970,0,0,0,0,1,0
14,6770,439,350,-789,0,16088,12807,-28895,0,0,0,0,1,0
15,7291,303,482,-784,0,11081,17628,-28709,0,0,0,0,1,0
16,7812,154,595,-749,0,5649,21771,-27420,0,0,0,0,1,0
17,8333,0,685,-685,0,0,25078,-25078,0,0,0,0,1,0
18,8854,-154,749,-595,0,-5649,27420,-21771,0,0,0,0,1,0
19,9375,-303,784,-482,0,-11081,28709,-17628,0,0,0,0,1,0
20,9895,-439,789,-350,0,-16088,28895,-12807,0,0,0,0,1,0
21,10416,-559,764,-205,0,-20476,27970,-7495,0,0,0,0,1,0
22,10937,-658,709,-52,0,-24077,25971,-1894,0,0,0,0,1,0
23,11458,-731,628,103,0,-26753,22973,3780,0,0,0,0,1,0
24,11979,-776,522,254,0,-28401,19093,9308,0,0,0,0,1,0
25,12500,-791,396,396,0,-28957,14479,14479,0,0,0,0,1,0
26,13020,-776,254,522,0,-28401,9308,19093,0,0,0,0,1,0
27,13541,-731,103,628,0,-26753,3780,22973,0,0,0,0,1,0
28,14062,-658,-52,709,0,-24077,-1894,25971,0,0,0,0,1,0
29,14583,-559,-205,764,0,-20476,-7495,27970,0,0,0,0,1,0
30,15104,-439,-350,789,0,-16088,-12807,28895,0,0,0,0,1,0
31,15625,-303,-482,784,0,-11081,-17628,28709,0,0,0,0,1,0
32,16145,-154,-595,749,0,-5649,-21771,27420,0,0,0,0,1,0
33,16666,0,-685,685,0,0,-25078,25078,0,0,0,0,1,0
34,17187,154,-749,595,0,5649,-27420,21771,0,0,0,0,1,0
35,17708,303,-784,482,0,11081,-28709,17628,0,0,0,0,1,0
36,18229,439,-789,350,0,16088,-28895,12807,0,0,0,0,1,0
37,18750,559,-764,205,0,20476,-27970,7495,0,0,0,0,1,0
38,19270,658,-709,52,0,24077,-25971,1894,0,0,0,0,1,0
39,19791,731,-628,-103,0,26753,-22973,-3780,0,0,0,0,1,0
40,20312,776,-522,-254,0,28401,-19093,-9308,0,0,0,0,1,0
41,20833,791,-396,-396,0,28957,-14479,-14479,0,0,0,0,1,0
42,21354,776,-254,-522,0,28401,-9308,-19093,0,0,0,0,1,0
43,21875,731,-103,-628,0,26753,-3780,-22973,0,0,0,0,1,0
44,22395,658,52,-709,0,24077,1894,-25971,0,0,0,0,1,0
45,22916,559,205,-764,0,20476,7495,-27970,0,0,0,0,1,0
46,23437,439,350,-789,0,16088,12807,-28895,0,0,0,0,1,0
47,23958,303,482,-784,0,11081,17628,-28709,0,0,0,0,1,0
48,24479,154,595,-749,0,5649,21771,-27420,0,0,0,0,1,0
49,25000,0,685,-685,0,0,25078,-25078,0,0,0,0,1,0
50,25520,-154,749,-595,0,-5649,27420,-21771,0,0,0,0,1,0
51,26041,-303,784,-482,0,-11081,28709,-17628,0,0,0,0,1,0
52,26562,-439,789,-350,0,-16088,28895,-12807,0,0,0,0,1,0
53,27083,-559,764,-205,0,-20476,27970,-7495,0,0,0,0,1,0
54,27604,-658,709,-52,0,-24077,25971,-1894,0,0,0,0,1,0
55,28125,-731,628,103,0,-26753,22973,3780,0,0,0,0,1,0
56,28645,-776,522,254,0,-28401,19093,9308,0,0,0,0,1,0
57,29166,-791,396,396,0,-28957,14479,14479,0,0,0,0,1,0
58,29687,-776,254,522,0,-28401,9308,19093,0,0,0,0,1,0
59,30208,-731,103,628,0,-26753,3780,22973,0,0,0,0,1,0
60,30729,-658,-52,709,0,-24077,-1894,25971,0,0,0,0,1,0
61,31250,-559,-205,764,0,-20476,-7495,27970,0,0,0,0,1,0
62,31770,-439,-350,789,0,-16088,-12807,28895,0,0,0,0,1,0
63,32291,-303,-482,784,0,-11081,-17628,28709,0,0,0,0,1,0
64,32812,-154,-595,749,0,-5649,-21771,27420,0,0,0,0,1,0
65,33333,0,-685,685,0,0,-25078,25078,0,0,0,0,1,0
66,33854,154,-749,595,0,5649,-27420,21771,0,0,0,0,1,0
67,34375,303,-784,482,0,11081,-28709,17628,0,0,0,0,1,0
68,34895,439,-789,350,0,16088,-28895,12807,0,0,0,0,1,0
69,35416,559,-764,205,0,20476,-27970,7495,0,0,0,0,1,0
70,35937,658,-709,52,0,24077,-25971,1894,0,0,0,0,1,0
71,36458,731,-628,-103,0,26753,-22973,-3780,0,0,0,0,1,0
72,36979,776,-522,-254,0,28401,-19093,-9308,0,0,0,0,1,0
73,37500,791,-396,-396,0,28957,-14479,-14479,0,0,0,0,1,0
74,38020,776,-254,-522,0,28401,-9308,-19093,0,0,0,0,1,0
75,38541,731,-103,-628,0,26753,-3780,-22973,0,0,0,0,1,0
76,39062,658,52,-709,0,24077,1894,-25971,0,0,0,0,1,0
77,39583,559,205,-764,0,20476,7495,-27970,0,0,0,0,1,0
78,40104,439,350,-789,0,16088,12807,-28895,0,0,0,0,1,0
79,40625,303,482,-784,0,11081,17628,-28709,0,0,0,0,1,0
80,41145,154,595,-749,0,5649,21771,-27420,0,0,0,0,1,0
81,41666,0,685,-685,0,0,25078,-25078,0,0,0,0,1,0
82,42187,-154,749,-595,0,-5649,27420,-21771,0,0,0,0,1,0
83,42708,-303,784,-482,0,-11081,28709,-17628,0,0,0,0,1,0
84,43229,-439,789,-350,0,-16088,28895,-12807,0,0,0,0,1,0
85,43750,-559,764,-205,0,-20476,27970,-7495,0,0,0,0,1,0
86,44270,-658,709,-52,0,-24077,25971,-1894,0,0,0,0,1,0
87,44791,-731,628,103,0,-26753,22973,3780,0,0,0,0,1,0
88,45312,-776,522,254,0,-28401,19093,9308,0,0,0,0,1,0
89,45833,-791,396,396,0,-28957,14479,14479,0,0,0,0,1,0
90,46354,-776,254,522,0,-28401,9308,19093,0,0,0,0,1,0
91,46875,-731,103,628,0,-26753,3780,22973,0,0,0,0,1,0
92,47395,-658,-52,709,0,-24077,-1894,25971,0,0,0,0,1,0
93,47916,-559,-205,764,0,-20476,-7495,27970,0,0,0,0,1,0
94,48437,-439,-350,789,0,-16088,-12807,28895,0,0,0,0,1,0
95,48958,-303,-482,784,0,-11081,-17628,28709,0,0,0,0,1,0
96,49479,-154,-595,749,0,-5649,-21771,27420,0,0,0,0,1,0
97,50000,17598,-685,685,17598,0,-27084,27084,0,0,1,0,1,0
98,50520,20955,-749,595,20801,565,-29614,23513,0,0,1,0,1,0
99,51041,24024,-784,482,23721,1108,-31006,19038,0,0,1,0,1,0
100,51562,26676,-789,350,26236,1609,-31207,13832,0,0,1,0,1,0
101,52083,28799,-764,205,28239,2048,-30208,8094,0,0,1,0,1,0
102,52604,30302,-709,52,29644,2408,-28048,2045,0,0,1,0,1,0
103,53125,31118,-628,-103,30387,2675,-24811,-4082,0,0,1,0,1,0
104,53645,31207,-522,-254,30431,2840,-20620,-10053,0,0,1,0,1,0
105,54166,30555,-396,-396,29764,2896,-15637,-15637,0,0,1,0,1,0
106,54687,29179,-254,-522,28403,2840,-10053,-20620,0,0,1,0,1,0
107,55208,27123,-103,-628,26392,2675,-4082,-24811,0,0,1,0,1,0
108,55729,24457,52,-709,23800,2408,2045,-28048,0,0,1,0,1,0
109,56250,21276,205,-764,20717,2048,8094,-30208,0,0,1,0,1,0
110,56770,17694,350,-789,17254,1609,13832,-31207,0,0,1,0,1,0
111,57291,13839,482,-784,13536,1108,19038,-31006,0,0,1,0,1,0
112,57812,9853,595,-749,9699,565,23513,-29614,0,0,1,0,1,0
113,58333,5880,685,-685,5880,0,27084,-27084,0,0,1,0,1,0
114,58854,2066,749,-595,2220,-565,29614,-23513,0,0,1,0,1,0
115,59375,-1450,784,-482,-1147,-1108,31006,-19038,0,0,1,0,1,0
116,59895,-4541,789,-350,-4101,-1609,31207,-13832,0,0,1,0,1,0
117,60416,-7094,764,-205,-6535,-2048,30208,-8094,0,0,1,0,1,0
118,60937,-9020,709,-52,-8362,-2408,28048,-2045,0,0,1,0,1,0
119,61458,-10249,628,103,-9519,-2675,24811,4082,0,0,1,0,1,0
120,61979,-10744,522,254,-9968,-2840,20620,10053,0,0,1,0,1,0
121,62500,-10490,396,396,-9699,-2896,15637,15637,0,0,1,0,1,0
122,63020,-9504,254,522,-8728,-2840,10053,20620,0,0,1,0,1,0
123,63541,-7830,103,628,-7100,-2675,4082,24811,0,0,1,0,1,0
124,64062,-5540,-52,709,-4882,-2408,-2045,28048,0,0,1,0,1,0
125,64583,-2727,-205,764,-2168,-2048,-8094,30208,0,0,1,0,1,0
126,65104,495,-350,789,935,-1609,-13832,31207,0,0,1,0,1,0
127,65625,3996,-482,784,4299,-1108,-19038,31006,0,0,1,0,1,0
128,66145,7636,-595,749,7790,-565,-23513,29614,0,0,1,0,1,0
129,66666,11268,-685,685,11268,0,-27084,27084,0,0,1,0,1,0
130,67187,14749,-749,595,14594,565,-29614,23513,0,0,1,0,1,0
131,67708,17938,-784,482,17635,1108,-31006,19038,0,0,1,0,1,0
132,68229,20708,-789,350,20269,1609,-31207,13832,0,0,1,0,1,0
133,68750,22947,-764,205,22388,2048,-30208,8094,0,0,1,0,1,0
134,69270,24564,-709,52,23907,2408,-28048,2045,0,0,1,0,1,0
135,69791,25492,-628,-103,24761,2675,-24811,-4082,0,0,1,0,1,0
136,70312,25690,-522,-254,24914,2840,-20620,-10053,0,0,1,0,1,0
137,70833,25145,-396,-396,24354,2896,-15637,-15637,0,0,1,0,1,0
138,71354,23875,-254,-522,23099,2840,-10053,-20620,0,0,1,0,1,0
139,71875,21922,-103,-628,21191,2675,-4082,-24811,0,0,1,0,1,0
140,72395,19357,52,-709,18700,2408,2045,-28048,0,0,1,0,1,0
141,72916,16275,205,-764,15716,2048,8094,-30208,0,0,1,0,1,0
142,73437,12790,350,-789,12351,1609,13832,-31207,0,0,1,0,1,0
143,73958,9031,482,-784,8728,1108,19038,-31006,0,0,1,0,1,0
144,74479,5138,595,-749,4984,565,23513,-29614,0,0,1,0,1,0
145,75000,1257,685,-685,1257,0,27084,-27084,0,0,1,0,1,0
146,75520,-2467,749,-595,-2313,-565,29614,-23513,0,0,1,0,1,0
147,76041,-5895,784,-482,-5592,-1108,31006,-19038,0,0,1,0,1,0
148,76562,-8899,789,-350,-8460,-1609,31207,-13832,0,0,1,0,1,0
149,77083,-11368,764,-205,-10809,-2048,30208,-8094,0,0,1,0,1,0
150,77604,-13210,709,-52,-12553,-2408,28048,-2045,0,0,1,0,1,0
151,78125,-14359,628,103,-13628,-2675,24811,4082,0,0,1,0,1,0
152,78645,-14773,522,254,-13997,-2840,20620,10053,0,0,1,0,1,0
153,79166,-14441,396,396,-13650,-2896,15637,15637,0,0,1,0,1,0
154,79687,-13378,254,522,-12602,-2840,10053,20620,0,0,1,0,1,0
155,80208,-11629,103,628,-10899,-2675,4082,24811,0,0,1,0,1,0
156,80729,-9265,-52,709,-8607,-2408,-2045,28048,0,0,1,0,1,0
157,81250,-6380,-205,764,-5820,-2048,-8094,30208,0,0,1,0,1,0
158,81770,-3087,-350,789,-2647,-1609,-13832,31207,0,0,1,0,1,0
159,82291,484,-482,784,787,-1108,-19038,31006,0,0,1,0,1,0
160,82812,4192,-595,749,4346,-565,-23513,29614,0,0,1,0,1,0
161,83333,7891,-685,685,7891,0,-27084,27084,0,0,1,0,1,0
162,83854,11438,-749,595,11283,565,-29614,23513,0,0,1,0,1,0
163,84375,14691,-784,482,14389,1108,-31006,19038,0,0,1,0,1,0
164,84895,17525,-789,350,17085,1609,-31207,13832,0,0,1,0,1,0
165,85416,19826,-764,205,19266,2048,-30208,8094,0,0,1,0,1,0
166,85937,21503,-709,52,20846,2408,-28048,2045,0,0,1,0,1,0
167,86458,22491,-628,-103,21760,2675,-24811,-4082,0,0,1,0,1,0
168,86979,22747,-522,-254,21971,2840,-20620,-10053,0,0,1,0,1,0
169,87500,22259,-396,-396,21468,2896,-15637,-15637,0,0,1,0,1,0
170,88020,21045,-254,-522,20269,2840,-10053,-20620,0,0,1,0,1,0
171,88541,19147,-103,-628,18416,2675,-4082,-24811,0,0,1,0,1,0
172,89062,16637,52,-709,15979,2408,2045,-28048,0,0,1,0,1,0
173,89583,13608,205,-764,13048,2048,8094,-30208,0,0,1,0,1,0
174,90104,10174,350,-789,9735,1609,13832,-31207,0,0,1,0,1,0
175,90625,6466,482,-784,6163,1108,19038,-31006,0,0,1,0,1,0
176,91145,2623,595,-749,2468,565,23513,-29614,0,0,1,0,1,0
177,91666,-1209,685,-685,-1209,0,27084,-27084,0,0,1,0,1,0
178,92187,-4886,749,-595,-4731,-565,29614,-23513,0,0,1,0,1,0
179,92708,-8267,784,-482,-7964,-1108,31006,-19038,0,0,1,0,1,0
180,93229,-11225,789,-350,-10785,-1609,31207,-13832,0,0,1,0,1,0
181,93750,-13648,764,-205,-13089,-2048,30208,-8094,0,0,1,0,1,0
182,94270,-15446,709,-52,-14788,-2408,28048,-2045,0,0,1,0,1,0
183,94791,-16551,628,103,-15820,-2675,24811,4082,0,0,1,0,1,0
184,95312,-16923,522,254,-16147,-2840,20620,10053,0,0,1,0,1,0
185,95833,-16549,396,396,-15758,-2896,15637,15637,0,0,1,0,1,0
186,96354,-15445,254,522,-14669,-2840,10053,20620,0,0,1,0,1,0
187,96875,-13656,103,628,-12925,-2675,4082,24811,0,0,1,0,1,0
188,97395,-11252,-52,709,-10595,-2408,-2045,28048,0,0,1,0,1,0
189,97916,-8328,-205,764,-7769,-2048,-8094,30208,0,0,1,0,1,0
190,98437,-4997,-350,789,-4558,-1609,-13832,31207,0,0,1,0,1,0
191,98958,-1390,-482,784,-1087,-1108,-19038,31006,0,0,1,0,1,0
192,99479,2355,-595,749,2509,-565,-23513,29614,0,0,1,0,1,0
193,100000,6090,-685,685,6090,0,-27084,27084,0,0,1,0,1,0
194,100520,9671,-749,595,9517,565,-29614,23513,0,0,1,0,1,0
195,101041,12959,-784,482,12657,1108,-31006,19038,0,0,1,0,1,0
196,101562,15826,-789,350,15387,1609,-31207,13832,0,0,1,0,1,0
197,102083,18160,-764,205,17601,2048,-30208,8094,0,0,1,0,1,0
198,102604,19870,-709,52,19213,2408,-28048,2045,0,0,1,0,1,0
199,103125,20889,-628,-103,20159,2675,-24811,-4082,0,0,1,0,1,0
200,103645,21177,-522,-254,20401,2840,-20620,-10053,0,0,1,0,1,0
201,104166,20720,-396,-396,19929,2896,-15637,-15637,0,0,1,0,1,0
202,104687,19535,-254,-522,18759,2840,-10053,-20620,0,0,1,0,1,0
203,105208,17667,-103,-628,16936,2675,-4082,-24811,0,0,1,0,1,0
204,105729,15185,52,-709,14527,2408,2045,-28048,0,0,1,0,1,0
205,106250,12184,205,-764,11625,2048,8094,-30208,0,0,1,0,1,0
206,106770,8778,350,-789,8339,1609,13832,-31207,0,0,1,0,1,0
207,107291,5097,482,-784,4794,1108,19038,-31006,0,0,1,0,1,0
208,107812,1281,595,-749,1126,565,23513,-29614,0,0,1,0,1,0
209,108333,-2525,685,-685,-2525,0,27084,-27084,0,0,1,0,1,0
210,108854,-6176,749,-595,-6021,-565,29614,-23513,0,0,1,0,1,0
211,109375,-9532,784,-482,-9229,-1108,31006,-19038,0,0,1,0,1,0
212,109895,-12465,789,-350,-12026,-1609,31207,-13832,0,0,1,0,1,0
213,110416,-14865,764,-205,-14305,-2048,30208,-8094,0,0,1,0,1,0
214,110937,-16639,709,-52,-15981,-2408,28048,-2045,0,0,1,0,1,0
215,111458,-17721,628,103,-16990,-2675,24811,4082,0,0,1,0,1,0
216,111979,-18070,522,254,-17294,-2840,20620,10053,0,0,1,0,1,0
217,112500,-17673,396,396,-16882,-2896,15637,15637,0,0,1,0,1,0
218,113020,-16548,254,522,-15772,-2840,10053,20620,0,0,1,0,1,0
219,113541,-14737,103,628,-14007,-2675,4082,24811,0,0,1,0,1,0
220,114062,-12313,-52,709,-11655,-2408,-2045,28048,0,0,1,0,1,0
221,114583,-9368,-205,764,-8808,-2048,-8094,30208,0,0,1,0,1,0
222,115104,-6017,-350,789,-5577,-1609,-13832,31207,0,0,1,0,1,0
223,115625,-2389,-482,784,-2086,-1108,-19038,31006,0,0,1,0,1,0
224,116145,1375,-595,749,1529,-565,-23513,29614,0,0,1,0,1,0
225,116666,5129,-685,685,5129,0,-27084,27084,0,0,1,0,1,0
226,117187,8729,-749,595,8575,565,-29614,23513,0,0,1,0,1,0
227,117708,12035,-784,482,11733,1108,-31006,19038,0,0,1,0,1,0
228,118229,14920,-789,350,14481,1609,-31207,13832,0,0,1,0,1,0
229,118750,17272,-764,205,16712,2048,-30208,8094,0,0,1,0,1,0
230,119270,18999,-709,52,18341,2408,-28048,2045,0,0,1,0,1,0
231,119791,20035,-628,-103,19304,2675,-24811,-4082,0,0,1,0,1,0
232,120312,20339,-522,-254,19563,2840,-20620,-10053,0,0,1,0,1,0
233,120833,19898,-396,-396,19107,2896,-15637,-15637,0,0,1,0,1,0
234,121354,18730,-254,-522,17954,2840,-10053,-20620,0,0,1,0,1,0
235,121875,16877,-103,-628,16146,2675,-4082,-24811,0,0,1,0,1,0
236,122395,14411,52,-709,13753,2408,2045,-28048,0,0,1,0,1,0
237,122916,11425,205,-764,10866,2048,8094,-30208,0,0,1,0,1,0
238,123437,8034,350,-789,7594,1609,13832,-31207,0,0,1,0,1,0
239,123958,4367,482,-784,4064,1108,19038,-31006,0,0,1,0,1,0
240,124479,565,595,-749,411,565,23513,-29614,0,0,1,0,1,0
241,125000,-3227,685,-685,-3227,0,27084,-27084,0,0,1,0,1,0
242,125520,-6864,749,-595,-6710,-565,29614,-23513,0,0,1,0,1,0
243,126041,-10207,784,-482,-9904,-1108,31006,-19038,0,0,1,0,1,0
244,126562,-13127,789,-350,-12688,-1609,31207,-13832,0,0,1,0,1,0
245,127083,-15514,764,-205,-14954,-2048,30208,-8094,0,0,1,0,1,0
246,127604,-17275,709,-52,-16617,-2408,28048,-2045,0,0,1,0,1,0
247,128124,-18345,628,103,-17614,-2675,24811,4082,0,0,1,0,1,0
248,128645,-18681,522,254,-17906,-2840,20620,10053,0,0,1,0,1,0
249,129166,-18273,396,396,-17482,-2896,15637,15637,0,0,1,0,1,0
250,129687,-17136,254,522,-16360,-2840,10053,20620,0,0,1,0,1,0
251,130208,-15314,103,628,-14583,-2675,4082,24811,0,0,1,0,1,0
252,130729,-12878,-52,709,-12221,-2408,-2045,28048,0,0,1,0,1,0
253,131250,-9922,-205,764,-9363,-2048,-8094,30208,0,0,1,0,1,0
254,131770,-6561,-350,789,-6121,-1609,-13832,31207,0,0,1,0,1,0
255,132291,-2922,-482,784,-2620,-1108,-19038,31006,0,0,1,0,1,0
256,132812,852,-595,749,1006,-565,-23513,29614,0,0,1,0,1,0
257,133333,4616,-685,685,4616,0,-27084,27084,0,0,1,0,1,0
258,133854,8226,-749,595,8072,565,-29614,23513,0,0,1,0,1,0
259,134375,11542,-784,482,11240,1108,-31006,19038,0,0,1,0,1,0
260,134895,14437,-789,350,13997,1609,-31207,13832,0,0,1,0,1,0
261,135416,16798,-764,205,16238,2048,-30208,8094,0,0,1,0,1,0
262,135937,18534,-709,52,17877,2408,-28048,2045,0,0,1,0,1,0
263,136458,19579,-628,-103,18849,2675,-24811,-4082,0,0,1,0,1,0
264,136979,19892,-522,-254,19116,2840,-20620,-10053,0,0,1,0,1,0
265,137500,19460,-396,-396,18669,2896,-15637,-15637,0,0,1,0,1,0
266,138020,18300,-254,-522,17524,2840,-10053,-20620,0,0,1,0,1,0
267,138541,16456,-103,-628,15725,2675,-4082,-24811,0,0,1,0,1,0
268,139062,13998,52,-709,13340,2408,2045,-28048,0,0,1,0,1,0
269,139583,11020,205,-764,10460,2048,8094,-30208,0,0,1,0,1,0
270,140104,7637,350,-789,7197,1609,13832,-31207,0,0,1,0,1,0
271,140625,3978,482,-784,3675,1108,19038,-31006,0,0,1,0,1,0
272,141145,183,595,-749,29,565,23513,-29614,0,0,1,0,1,0
273,141666,-3602,685,-685,-3602,0,27084,-27084,0,0,1,0,1,0
274,142187,-7231,749,-595,-7077,-565,29614,-23513,0,0,1,0,1,0
275,142708,-10567,784,-482,-10264,-1108,31006,-19038,0,0,1,0,1,0
276,143229,-13480,789,-350,-13041,-1609,31207,-13832,0,0,1,0,1,0
277,143750,-15860,764,-205,-15300,-2048,30208,-8094,0,0,1,0,1,0
278,144270,-17615,709,-52,-16957,-2408,28048,-2045,0,0,1,0,1,0
279,144791,-18678,628,103,-17947,-2675,24811,4082,0,0,1,0,1,0
280,145312,-19008,522,254,-18232,-2840,20620,10053,0,0,1,0,1,0
281,145833,-18593,396,396,-17802,-2896,15637,15637,0,0,1,0,1,0
282,146354,-17450,254,522,-16674,-2840,10053,20620,0,0,1,0,1,0
283,146875,-15622,103,628,-14891,-2675,4082,24811,0,0,1,0,1,0
284,147395,-13180,-52,709,-12522,-2408,-2045,28048,0,0,1,0,1,0
285,147916,-10218,-205,764,-9659,-2048,-8094,30208,0,0,1,0,1,0
286,148437,-6851,-350,789,-6411,-1609,-13832,31207,0,0,1,0,1,0
287,148958,-3207,-482,784,-2904,-1108,-19038,31006,0,0,1,0,1,0
288,149479,573,-595,749,727,-565,-23513,29614,0,0,1,0,1,0
289,150000,4343,-685,685,4343,0,-27084,27084,0,0,1,0,1,0
290,150520,7958,-749,595,7804,565,-29614,23513,0,0,1,0,1,0
291,151041,11279,-784,482,10977,1108,-31006,19038,0,0,1,0,1,0
292,151562,14179,-789,350,13739,1609,-31207,13832,0,0,1,0,1,0
293,152083,16545,-764,205,15986,2048,-30208,8094,0,0,1,0,1,0
294,152604,18286,-709,52,17629,2408,-28048,2045,0,0,1,0,1,0
295,153125,19336,-628,-103,18605,2675,-24811,-4082,0,0,1,0,1,0
296,153645,19654,-522,-254,18878,2840,-20620,-10053,0,0,1,0,1,0
297,154166,19227,-396,-396,18435,2896,-15637,-15637,0,0,1,0,1,0
298,154687,18071,-254,-522,17295,2840,-10053,-20620,0,0,1,0,1,0
299,155208,16231,-103,-628,15500,2675,-4082,-24811,0,0,1,0,1,0
300,155729,13777,52,-709,13119,2408,2045,-28048,0,0,1,0,1,0
301,156250,10804,205,-764,10244,2048,8094,-30208,0,0,1,0,1,0
302,156770,7425,350,-789,6985,1609,13832,-31207,0,0,1,0,1,0
303,157291,3770,482,-784,3467,1108,19038,-31006,0,0,1,0,1,0
304,157812,-21,595,-749,-175,565,23513,-29614,0,0,1,0,1,0
305,158333,-3801,685,-685,-3801,0,27084,-27084,0,0,1,0,1,0
306,158854,-7427,749,-595,-7273,-565,29614,-23513,0,0,1,0,1,0
307,159375,-10759,784,-482,-10456,-1108,31006,-19038,0,0,1,0,1,0
308,159895,-13669,789,-350,-13229,-1609,31207,-13832,0,0,1,0,1,0
309,160416,-16045,764,-205,-15485,-2048,30208,-8094,0,0,1,0,1,0
310,160937,-17796,709,-52,-17138,-2408,28048,-2045,0,0,1,0,1,0
311,161458,-18855,628,103,-18124,-2675,24811,4082,0,0,1,0,1,0
312,161979,-19182,522,254,-18406,-2840,20620,10053,0,0,1,0,1,0
313,162500,-18764,396,396,-17973,-2896,15637,15637,0,0,1,0,1,0
314,163020,-17617,254,522,-16841,-2840,10053,20620,0,0,1,0,1,0
315,163541,-15786,103,628,-15055,-2675,4082,24811,0,0,1,0,1,0
316,164062,-13341,-52,709,-12683,-2408,-2045,28048,0,0,1,0,1,0
317,164583,-10376,-205,764,-9817,-2048,-8094,30208,0,0,1,0,1,0
318,165104,-7005,-350,789,-6566,-1609,-13832,31207,0,0,1,0,1,0
319,165625,-3359,-482,784,-3056,-1108,-19038,31006,0,0,1,0,1,0
320,166145,424,-595,749,578,-565,-23513,29614,0,0,1,0,1,0
321,166666,4197,-685,685,4197,0,-27084,27084,0,0,1,0,1,0
322,167187,7815,-749,595,7661,565,-29614,23513,0,0,1,0,1,0
323,167708,11139,-784,482,10836,1108,-31006,19038,0,0,1,0,1,0
324,168229,14041,-789,350,13602,1609,-31207,13832,0,0,1,0,1,0
325,168750,16410,-764,205,15851,2048,-30208,8094,0,0,1,0,1,0
326,169270,18154,-709,52,17496,2408,-28048,2045,0,0,1,0,1,0
327,169791,19207,-628,-103,18476,2675,-24811,-4082,0,0,1,0,1,0
328,170312,19527,-522,-254,18751,2840,-20620,-10053,0,0,1,0,1,0
329,170833,19102,-396,-396,18311,2896,-15637,-15637,0,0,1,0,1,0
330,171354,17949,-254,-522,17173,2840,-10053,-20620,0,0,1,0,1,0
331,171875,16111,-103,-628,15380,2675,-4082,-24811,0,0,1,0,1,0
332,172395,13660,52,-709,13002,2408,2045,-28048,0,0,1,0,1,0
333,172916,10688,205,-764,10129,2048,8094,-30208,0,0,1,0,1,0
334,173437,7312,350,-789,6872,1609,13832,-31207,0,0,1,0,1,0
335,173958,3659,482,-784,3356,1108,19038,-31006,0,0,1,0,1,0
336,174479,-129,595,-749,-284,565,23513,-29614,0,0,1,0,1,0
337,175000,-3908,685,-685,-3908,0,27084,-27084,0,0,1,0,1,0
338,175520,-7532,749,-595,-7377,-565,29614,-23513,0,0,1,0,1,0
339,176041,-10861,784,-482,-10559,-1108,31006,-19038,0,0,1,0,1,0
340,176562,-13769,789,-350,-13330,-1609,31207,-13832,0,0,1,0,1,0
341,177083,-16143,764,-205,-15584,-2048,30208,-8094,0,0,1,0,1,0
342,177604,-17892,709,-52,-17235,-2408,28048,-2045,0,0,1,0,1,0
343,178125,-18950,628,103,-18219,-2675,24811,4082,0,0,1,0,1,0
344,178645,-19275,522,254,-18499,-2840,20620,10053,0,0,1,0,1,0
345,179166,-18855,396,396,-18064,-2896,15637,15637,0,0,1,0,1,0
346,179687,-17707,254,522,-16931,-2840,10053,20620,0,0,1,0,1,0
347,180208,-15874,103,628,-15143,-2675,4082,24811,0,0,1,0,1,0
348,180729,-13427,-52,709,-12769,-2408,-2045,28048,0,0,1,0,1,0
349,181250,-10460,-205,764,-9901,-2048,-8094,30208,0,0,1,0,1,0
350,181770,-7088,-350,789,-6649,-1609,-13832,31207,0,0,1,0,1,0
351,182291,-3440,-482,784,-3137,-1108,-19038,31006,0,0,1,0,1,0
352,182812,345,-595,749,499,-565,-23513,29614,0,0,1,0,1,0
353,183333,4119,-685,685,4119,0,-27084,27084,0,0,1,0,1,0
354,183854,7739,-749,595,7584,565,-29614,23513,0,0,1,0,1,0
355,184375,11064,-784,482,10761,1108,-31006,19038,0,0,1,0,1,0
356,184895,13968,-789,350,13528,1609,-31207,13832,0,0,1,0,1,0
357,185416,16338,-764,205,15779,2048,-30208,8094,0,0,1,0,1,0
358,185937,18084,-709,52,17426,2408,-28048,2045,0,0,1,0,1,0
359,186458,19137,-628,-103,18406,2675,-24811,-4082,0,0,1,0,1,0
360,186979,19459,-522,-254,18683,2840,-20620,-10053,0,0,1,0,1,0
361,187500,19035,-396,-396,18244,2896,-15637,-15637,0,0,1,0,1,0
362,188020,17883,-254,-522,17107,2840,-10053,-20620,0,0,1,0,1,0
363,188541,16047,-103,-628,15316,2675,-4082,-24811,0,0,1,0,1,0
364,189062,13597,52,-709,12939,2408,2045,-28048,0,0,1,0,1,0
365,189583,10627,205,-764,10068,2048,8094,-30208,0,0,1,0,1,0
366,190104,7251,350,-789,6812,1609,13832,-31207,0,0,1,0,1,0
367,190625,3600,482,-784,3297,1108,19038,-31006,0,0,1,0,1,0
368,191145,-187,595,-749,-342,565,23513,-29614,0,0,1,0,1,0
369,191666,-3965,685,-685,-3965,0,27084,-27084,0,0,1,0,1,0
370,192187,-7587,749,-595,-7433,-565,29614,-23513,0,0,1,0,1,0
371,192708,-10916,784,-482,-10613,-1108,31006,-19038,0,0,1,0,1,0
372,193229,-13823,789,-350,-13383,-1609,31207,-13832,0,0,1,0,1,0
373,193750,-16196,764,-205,-15636,-2048,30208,-8094,0,0,1,0,1,0
374,194270,-17944,709,-52,-17286,-2408,28048,-2045,0,0,1,0,1,0
375,194791,-19000,628,103,-18270,-2675,24811,4082,0,0,1,0,1,0
376,195312,-19324,522,254,-18549,-2840,20620,10053,0,0,1,0,1,0
377,195833,-18904,396,396,-18113,-2896,15637,15637,0,0,1,0,1,0
378,196354,-17754,254,522,-16978,-2840,10053,20620,0,0,1,0,1,0
379,196875,-15920,103,628,-15190,-2675,4082,24811,0,0,1,0,1,0
380,197395,-13473,-52,709,-12815,-2408,-2045,28048,0,0,1,0,1,0
381,197916,-10505,-205,764,-9946,-2048,-8094,30208,0,0,1,0,1,0
382,198437,-7132,-350,789,-6693,-1609,-13832,31207,0,0,1,0,1,0
383,198958,-3483,-482,784,-3180,-1108,-19038,31006,0,0,1,0,1,0
384,199479,302,-595,749,456,-565,-23513,29614,0,0,1,0,1,0
385,200000,4077,-685,685,4077,0,-27084,27084,0,0,1,0,1,0
386,200520,7698,-749,595,7543,565,-29614,23513,0,0,1,0,1,0
387,201041,11024,-784,482,10721,1108,-31006,19038,0,0,1,0,1,0
388,201562,13929,-789,350,13489,1609,-31207,13832,0,0,1,0,1,0
389,202083,16300,-764,205,15740,2048,-30208,8094,0,0,1,0,1,0
390,202604,18046,-709,52,17388,2408,-28048,2045,0,0,1,0,1,0
391,203125,19100,-628,-103,18370,2675,-24811,-4082,0,0,1,0,1,0
392,203645,19422,-522,-254,18647,2840,-20620,-10053,0,0,1,0,1,0
393,204166,19000,-396,-396,18209,2896,-15637,-15637,0,0,1,0,1,0
394,204687,17849,-254,-522,17073,2840,-10053,-20620,0,0,1,0,1,0
395,205208,16013,-103,-628,15282,2675,-4082,-24811,0,0,1,0,1,0
396,205729,13563,52,-709,12906,2408,2045,-28048,0,0,1,0,1,0
397,206250,10594,205,-764,10035,2048,8094,-30208,0,0,1,0,1,0
398,206770,7219,350,-789,6780,1609,13832,-31207,0,0,1,0,1,0
399,207291,3568,482,-784,3266,1108,19038,-31006,0,0,1,0,1,0
400,207812,-218,595,-749,-373,565,23513,-29614,0,0,1,0,1,0
401,208333,-3995,685,-685,-3995,0,27084,-27084,0,0,1,0,1,0
402,208854,-7617,749,-595,-7463,-565,29614,-23513,0,0,1,0,1,0
403,209375,-10945,784,-482,-10642,-1108,31006,-19038,0,0,1,0,1,0
404,209895,-13851,789,-350,-13412,-1609,31207,-13832,0,0,1,0,1,0
405,210416,-16224,764,-205,-15664,-2048,30208,-8094,0,0,1,0,1,0
406,210937,-17971,709,-52,-17314,-2408,28048,-2045,0,0,1,0,1,0
407,211458,-19027,628,103,-18297,-2675,24811,4082,0,0,1,0,1,0
408,211979,-19351,522,254,-18575,-2840,20620,10053,0,0,1,0,1,0
409,212500,-18930,396,396,-18138,-2896,15637,15637,0,0,1,0,1,0
410,213020,-17780,254,522,-17004,-2840,10053,20620,0,0,1,0,1,0
411,213541,-15945,103,628,-15214,-2675,4082,24811,0,0,1,0,1,0
412,214062,-13497,-52,709,-12839,-2408,-2045,28048,0,0,1,0,1,0
413,214583,-10529,-205,764,-9970,-2048,-8094,30208,0,0,1,0,1,0
414,215104,-7156,-350,789,-6716,-1609,-13832,31207,0,0,1,0,1,0
415,215625,-3506,-482,784,-3203,-1108,-19038,31006,0,0,1,0,1,0
416,216145,280,-595,749,434,-565,-23513,29614,0,0,1,0,1,0
417,216666,4055,-685,685,4055,0,-27084,27084,0,0,1,0,1,0
418,217187,7676,-749,595,7522,565,-29614,23513,0,0,1,0,1,0
419,217708,11003,-784,482,10700,1108,-31006,19038,0,0,1,0,1,0
420,218229,13908,-789,350,13468,1609,-31207,13832,0,0,1,0,1,0
421,218750,16279,-764,205,15720,2048,-30208,8094,0,0,1,0,1,0
422,219270,18026,-709,52,17368,2408,-28048,2045,0,0,1,0,1,0
423,219791,19081,-628,-103,18350,2675,-24811,-4082,0,0,1,0,1,0
424,220312,19403,-522,-254,18627,2840,-20620,-10053,0,0,1,0,1,0
425,220833,18981,-396,-396,18190,2896,-15637,-15637,0,0,1,0,1,0
426,221354,17830,-254,-522,17054,2840,-10053,-20620,0,0,1,0,1,0
427,221875,15995,-103,-628,15264,2675,-4082,-24811,0,0,1,0,1,0
428,222395,13546,52,-709,12888,2408,2045,-28048,0,0,1,0,1,0
429,222916,10577,205,-764,10017,2048,8094,-30208,0,0,1,0,1,0
430,223437,7202,350,-789,6763,1609,13832,-31207,0,0,1,0,1,0
431,223958,3551,482,-784,3249,1108,19038,-31006,0,0,1,0,1,0
432,224479,-235,595,-749,-389,565,23513,-29614,0,0,1,0,1,0
433,225000,-4011,685,-685,-4011,0,27084,-27084,0,0,1,0,1,0
434,225520,-7633,749,-595,-7479,-565,29614,-23513,0,0,1,0,1,0
435,226041,-10961,784,-482,-10658,-1108,31006,-19038,0,0,1,0,1,0
436,226562,-13866,789,-350,-13427,-1609,31207,-13832,0,0,1,0,1,0
437,227083,-16239,764,-205,-15679,-2048,30208,-8094,0,0,1,0,1,0
438,227604,-17986,709,-52,-17328,-2408,28048,-2045,0,0,1,0,1,0
439,228125,-19042,628,103,-18311,-2675,24811,4082,0,0,1,0,1,0
440,228645,-19365,522,254,-18589,-2840,20620,10053,0,0,1,0,1,0
441,229166,-18943,396,396,-18152,-2896,15637,15637,0,0,1,0,1,0
442,229687,-17793,254,522,-17017,-2840,10053,20620,0,0,1,0,1,0
443,230208,-15959,103,628,-15228,-2675,4082,24811,0,0,1,0,1,0
444,230729,-13510,-52,709,-12852,-2408,-2045,28048,0,0,1,0,1,0
445,231250,-10542,-205,764,-9983,-2048,-8094,30208,0,0,1,0,1,0
446,231770,-7168,-350,789,-6729,-1609,-13832,31207,0,0,1,0,1,0
447,232291,-3518,-482,784,-3215,-1108,-19038,31006,0,0,1,0,1,0
448,232812,267,-595,749,422,-565,-23513,29614,0,0,1,0,1,0
449,233333,4043,-685,685,4043,0,-27084,27084,0,0,1,0,1,0
450,233854,7664,-749,595,7510,565,-29614,23513,0,0,1,0,1,0
451,234375,10992,-784,482,10689,1108,-31006,19038,0,0,1,0,1,0
452,234895,13897,-789,350,13457,1609,-31207,13832,0,0,1,0,1,0
453,235416,16268,-764,205,15709,2048,-30208,8094,0,0,1,0,1,0
454,235937,18015,-709,52,17357,2408,-28048,2045,0,0,1,0,1,0
455,236458,19070,-628,-103,18339,2675,-24811,-4082,0,0,1,0,1,0
456,236979,19393,-522,-254,18617,2840,-20620,-10053,0,0,1,0,1,0
457,237500,18971,-396,-396,18180,2896,-15637,-15637,0,0,1,0,1,0
458,238020,17820,-254,-522,17044,2840,-10053,-20620,0,0,1,0,1,0
459,238541,15985,-103,-628,15254,2675,-4082,-24811,0,0,1,0,1,0
460,239062,13536,52,-709,12878,2408,2045,-28048,0,0,1,0,1,0
461,239583,10567,205,-764,10008,2048,8094,-30208,0,0,1,0,1,0
462,240104,7193,350,-789,6753,1609,13832,-31207,0,0,1,0,1,0
463,240625,3542,482,-784,3240,1108,19038,-31006,0,0,1,0,1,0
464,241145,-244,595,-749,-398,565,23513,-29614,0,0,1,0,1,0
465,241666,-4020,685,-685,-4020,0,27084,-27084,0,0,1,0,1,0
466,242187,-7642,749,-595,-7487,-565,29614,-23513,0,0,1,0,1,0
467,242708,-10969,784,-482,-10666,-1108,31006,-19038,0,0,1,0,1,0
468,243229,-13875,789,-350,-13435,-1609,31207,-13832,0,0,1,0,1,0
469,243750,-16247,764,-205,-15687,-2048,30208,-8094,0,0,1,0,1,0
470,244270,-17994,709,-52,-17336,-2408,28048,-2045,0,0,1,0,1,0
471,244791,-19049,628,103,-18319,-2675,24811,4082,0,0,1,0,1,0
472,245312,-19372,522,254,-18597,-2840,20620,10053,0,0,1,0,1,0
473,245833,-18951,396,396,-18160,-2896,15637,15637,0,0,1,0,1,0
474,246354,-17800,254,522,-17025,-2840,10053,20620,0,0,1,0,1,0
475,246875,-15966,103,628,-15235,-2675,4082,24811,0,0,1,0,1,0
476,247395,-13517,-52,709,-12859,-2408,-2045,28048,0,0,1,0,1,0
477,247916,-10549,-205,764,-9989,-2048,-8094,30208,0,0,1,0,1,0
478,248437,-7175,-350,789,-6735,-1609,-13832,31207,0,0,1,0,1,0
479,248958,-3525,-482,784,-3222,-1108,-19038,31006,0,0,1,0,1,0
480,249479,261,-595,749,415,-565,-23513,29614,0,0,1,0,1,0
481,250000,4037,-685,685,4037,0,-27084,27084,0,0,1,0,1,0
482,250520,7658,-749,595,7504,565,-29614,23513,0,0,1,0,1,0
483,251041,10985,-784,482,10683,1108,-31006,19038,0,0,1,0,1,0
484,251562,13891,-789,350,13451,1609,-31207,13832,0,0,1,0,1,0
485,252083,16262,-764,205,15703,2048,-30208,8094,0,0,1,0,1,0
486,252604,18009,-709,52,17352,2408,-28048,2045,0,0,1,0,1,0
487,253125,19065,-628,-103,18334,2675,-24811,-4082,0,0,1,0,1,0
488,253645,19387,-522,-254,18612,2840,-20620,-10053,0,0,1,0,1,0
489,254166,18965,-396,-396,18174,2896,-15637,-15637,0,0,1,0,1,0
490,254687,17815,-254,-522,17039,2840,-10053,-20620,0,0,1,0,1,0
491,255208,15980,-103,-628,15249,2675,-4082,-24811,0,0,1,0,1,0
492,255729,13531,52,-709,12873,2408,2045,-28048,0,0,1,0,1,0
493,256249,10562,205,-764,10003,2048,8094,-30208,0,0,1,0,1,0
494,256770,7188,350,-789,6749,1609,13832,-31207,0,0,1,0,1,0
495,257291,3538,482,-784,3235,1108,19038,-31006,0,0,1,0,1,0
496,257812,-248,595,-749,-403,565,23513,-29614,0,0,1,0,1,0
497,258333,-4025,685,-685,-4025,0,27084,-27084,0,0,1,0,1,0
498,258854,-7646,749,-595,-7492,-565,29614,-23513,0,0,1,0,1,0
499,259375,-10973,784,-482,-10671,-1108,31006,-19038,0,0,1,0,1,0
500,259895,-13879,789,-350,-13439,-1609,31207,-13832,0,0,1,0,1,0
501,260416,-16251,764,-205,-15692,-2048,30208,-8094,0,0,1,0,1,0
502,260937,-17998,709,-52,-17340,-2408,28048,-2045,0,0,1,0,1,0
503,261458,-19054,628,103,-18323,-2675,24811,4082,0,0,1,0,1,0
504,261979,-19377,522,254,-18601,-2840,20620,10053,0,0,1,0,1,0
505,262500,-18955,396,396,-18164,-2896,15637,15637,0,0,1,0,1,0
506,263020,-17804,254,522,-17028,-2840,10053,20620,0,0,1,0,1,0
507,263541,-15970,103,628,-15239,-2675,4082,24811,0,0,1,0,1,0
508,264062,-13521,-52,709,-12863,-2408,-2045,28048,0,0,1,0,1,0
509,264583,-10552,-205,764,-9993,-2048,-8094,30208,0,0,1,0,1,0
510,265104,-7178,-350,789,-6739,-1609,-13832,31207,0,0,1,0,1,0
511,265625,-3528,-482,784,-3226,-1108,-19038,31006,0,0,1,0,1,0
512,266145,258,-595,749,412,-565,-23513,29614,0,0,1,0,1,0
513,266666,4034,-685,685,4034,0,-27084,27084,0,0,1,0,1,0
514,267187,7655,-749,595,7501,565,-29614,23513,0,0,1,0,1,0
515,267708,10982,-784,482,10679,1108,-31006,19038,0,0,1,0,1,0
516,268229,13888,-789,350,13448,1609,-31207,13832,0,0,1,0,1,0
517,268750,16259,-764,205,15700,2048,-30208,8094,0,0,1,0,1,0
518,269270,18006,-709,52,17349,2408,-28048,2045,0,0,1,0,1,0
519,269791,19062,-628,-103,18331,2675,-24811,-4082,0,0,1,0,1,0
520,270312,19384,-522,-254,18609,2840,-20620,-10053,0,0,1,0,1,0
521,270833,18962,-396,-396,18171,2896,-15637,-15637,0,0,1,0,1,0
522,271354,17812,-254,-522,17036,2840,-10053,-20620,0,0,1,0,1,0
523,271875,15977,-103,-628,15246,2675,-4082,-24811,0,0,1,0,1,0
524,272395,13528,52,-709,12870,2408,2045,-28048,0,0,1,0,1,0
525,272916,10560,205,-764,10000,2048,8094,-30208,0,0,1,0,1,0
526,273437,7185,350,-789,6746,1609,13832,-31207,0,0,1,0,1,0
527,273958,3535,482,-784,3232,1108,19038,-31006,0,0,1,0,1,0
528,274479,-251,595,-749,-405,565,23513,-29614,0,0,1,0,1,0
529,275000,-4027,685,-685,-4027,0,27084,-27084,0,0,1,0,1,0
530,275520,-7648,749,-595,-7494,-565,29614,-23513,0,0,1,0,1,0
531,276041,-10976,784,-482,-10673,-1108,31006,-19038,0,0,1,0,1,0
532,276562,-13881,789,-350,-13442,-1609,31207,-13832,0,0,1,0,1,0
533,277083,-16253,764,-205,-15694,-2048,30208,-8094,0,0,1,0,1,0
534,277604,-18000,709,-52,-17343,-2408,28048,-2045,0,0,1,0,1,0
535,278125,-19056,628,103,-18325,-2675,24811,4082,0,0,1,0,1,0
536,278645,-19379,522,254,-18603,-2840,20620,10053,0,0,1,0,1,0
537,279166,-18957,396,396,-18166,-2896,15637,15637,0,0,1,0,1,0
538,279687,-17806,254,522,-17030,-2840,10053,20620,0,0,1,0,1,0
539,280208,-15972,103,628,-15241,-2675,4082,24811,0,0,1,0,1,0
540,280729,-13523,-52,709,-12865,-2408,-2045,28048,0,0,1,0,1,0
541,281250,-10554,-205,764,-9995,-2048,-8094,30208,0,0,1,0,1,0
542,281770,-7180,-350,789,-6741,-1609,-13832,31207,0,0,1,0,1,0
543,282291,-3530,-482,784,-3227,-1108,-19038,31006,0,0,1,0,1,0
544,282812,256,-595,749,410,-565,-23513,29614,0,0,1,0,1,0
545,283333,4032,-685,685,4032,0,-27084,27084,0,0,1,0,1,0
546,283854,7653,-749,595,7499,565,-29614,23513,0,0,1,0,1,0
547,284375,10980,-784,482,10678,1108,-31006,19038,0,0,1,0,1,0
548,284895,13886,-789,350,13446,1609,-31207,13832,0,0,1,0,1,0
549,285416,16258,-764,205,15698,2048,-30208,8094,0,0,1,0,1,0
550,285937,18005,-709,52,17347,2408,-28048,2045,0,0,1,0,1,0
551,286458,19060,-628,-103,18329,2675,-24811,-4082,0,0,1,0,1,0
552,286979,19383,-522,-254,18607,2840,-20620,-10053,0,0,1,0,1,0
553,287500,18961,-396,-396,18170,2896,-15637,-15637,0,0,1,0,1,0
554,288020,17810,-254,-522,17035,2840,-10053,-20620,0,0,1,0,1,0
555,288541,15976,-103,-628,15245,2675,-4082,-24811,0,0,1,0,1,0
556,289062,13527,52,-709,12869,2408,2045,-28048,0,0,1,0,1,0
557,289583,10558,205,-764,9999,2048,8094,-30208,0,0,1,0,1,0
558,290104,7184,350,-789,6745,1609,13832,-31207,0,0,1,0,1,0
559,290625,3534,482,-784,3231,1108,19038,-31006,0,0,1,0,1,0
560,291145,-252,595,-749,-407,565,23513,-29614,0,0,1,0,1,0
561,291666,-4028,685,-685,-4028,0,27084,-27084,0,0,1,0,1,0
562,292187,-7650,749,-595,-7495,-565,29614,-23513,0,0,1,0,1,0
563,292708,-10977,784,-482,-10674,-1108,31006,-19038,0,0,1,0,1,0
564,293229,-13882,789,-350,-13443,-1609,31207,-13832,0,0,1,0,1,0
565,293750,-16254,764,-205,-15695,-2048,30208,-8094,0,0,1,0,1,0
566,294270,-18002,709,-52,-17344,-2408,28048,-2045,0,0,1,0,1,0
567,294791,-19057,628,103,-18326,-2675,24811,4082,0,0,1,0,1,0
568,295312,-19380,522,254,-18604,-2840,20620,10053,0,0,1,0,1,0
569,295833,-18958,396,396,-18167,-2896,15637,15637,0,0,1,0,1,0
570,296354,-17807,254,522,-17032,-2840,10053,20620,0,0,1,0,1,0
571,296875,-15973,103,628,-15242,-2675,4082,24811,0,0,1,0,1,0
572,297395,-13524,-52,709,-12866,-2408,-2045,28048,0,0,1,0,1,0
573,297916,-10555,-205,764,-9996,-2048,-8094,30208,0,0,1,0,1,0
574,298437,-7181,-350,789,-6742,-1609,-13832,31207,0,0,1,0,1,0
575,298958,-3531,-482,784,-3228,-1108,-19038,31006,0,0,1,0,1,0
576,299479,255,-595,749,409,-565,-23513,29614,0,0,1,0,1,0
577,300000,4031,-685,685,4031,0,-27084,27084,0,0,1,0,1,0
578,300520,7652,-749,595,7498,565,-29614,23513,0,0,1,0,1,0
579,301041,10980,-784,482,10677,1108,-31006,19038,0,0,1,0,1,0
580,301562,13885,-789,350,13445,1609,-31207,13832,0,0,1,0,1,0
581,302083,16257,-764,205,15697,2048,-30208,8094,0,0,1,0,1,0
582,302604,18004,-709,52,17346,2408,-28048,2045,0,0,1,0,1,0
583,303125,19059,-628,-103,18328,2675,-24811,-4082,0,0,1,0,1,0
584,303645,19382,-522,-254,18606,2840,-20620,-10053,0,0,1,0,1,0
585,304166,18960,-396,-396,18169,2896,-15637,-15637,0,0,1,0,1,0
586,304687,17810,-254,-522,17034,2840,-10053,-20620,0,0,1,0,1,0
587,305208,15975,-103,-628,15244,2675,-4082,-24811,0,0,1,0,1,0
588,305729,13526,52,-709,12868,2408,2045,-28048,0,0,1,0,1,0
589,306250,10557,205,-764,9998,2048,8094,-30208,0,0,1,0,1,0
590,306770,7183,350,-789,6744,1609,13832,-31207,0,0,1,0,1,0
591,307291,3533,482,-784,3230,1108,19038,-31006,0,0,1,0,1,0
592,307812,-253,595,-749,-407,565,23513,-29614,0,0,1,0,1,0
593,308333,-4029,685,-685,-4029,0,27084,-27084,0,0,1,0,1,0
594,308854,-7650,749,-595,-7496,-565,29614,-23513,0,0,1,0,1,0
595,309375,-10978,784,-482,-10675,-1108,31006,-19038,0,0,1,0,1,0
596,309895,-13883,789,-350,-13444,-1609,31207,-13832,0,0,1,0,1,0
597,310416,-16255,764,-205,-15696,-2048,30208,-8094,0,0,1,0,1,0
598,310937,-18002,709,-52,-17344,-2408,28048,-2045,0,0,1,0,1,0
599,311458,-19057,628,103,-18327,-2675,24811,4082,0,0,1,0,1,0
600,311979,-19380,522,254,-18605,-2840,20620,10053,0,0,1,0,1,0
601,312500,-18959,396,396,-18167,-2896,15637,15637,0,0,1,0,1,0
602,313020,-17808,254,522,-17032,-2840,10053,20620,0,0,1,0,1,0
603,313541,-15973,103,628,-15242,-2675,4082,24811,0,0,1,0,1,0
604,314062,-13524,-52,709,-12867,-2408,-2045,28048,0,0,1,0,1,0
605,314583,-10556,-205,764,-9997,-2048,-8094,30208,0,0,1,0,1,0
606,315104,-7182,-350,789,-6742,-1609,-13832,31207,0,0,1,0,1,0
607,315625,-3532,-482,784,-3229,-1108,-19038,31006,0,0,1,0,1,0
608,316145,254,-595,749,409,-565,-23513,29614,0,0,1,0,1,0
609,316666,4030,-685,685,4030,0,-27084,27084,0,0,1,0,1,0
610,317187,7652,-749,595,7497,565,-29614,23513,0,0,1,0,1,0
611,317708,10979,-784,482,10676,1108,-31006,19038,0,0,1,0,1,0
612,318229,13884,-789,350,13445,1609,-31207,13832,0,0,1,0,1,0
613,318750,16256,-764,205,15697,2048,-30208,8094,0,0,1,0,1,0
614,319270,18003,-709,52,17346,2408,-28048,2045,0,0,1,0,1,0
615,319791,19059,-628,-103,18328,2675,-24811,-4082,0,0,1,0,1,0
616,320312,19382,-522,-254,18606,2840,-20620,-10053,0,0,1,0,1,0
617,320833,18960,-396,-396,18169,2896,-15637,-15637,0,0,1,0,1,0
618,321354,17809,-254,-522,17033,2840,-10053,-20620,0,0,1,0,1,0
619,321875,15974,-103,-628,15243,2675,-4082,-24811,0,0,1,0,1,0
620,322395,13526,52,-709,12868,2408,2045,-28048,0,0,1,0,1,0
621,322916,10557,205,-764,9998,2048,8094,-30208,0,0,1,0,1,0
622,323437,7183,350,-789,6743,1609,13832,-31207,0,0,1,0,1,0
623,323958,3533,482,-784,3230,1108,19038,-31006,0,0,1,0,1,0
624,324479,-253,595,-749,-408,565,23513,-29614,0,0,1,0,1,0
625,325000,-4029,685,-685,-4029,0,27084,-27084,0,0,1,0,1,0
626,325520,-7651,749,-595,-7496,-565,29614,-23513,0,0,1,0,1,0
627,326041,-10978,784,-482,-10675,-1108,31006,-19038,0,0,1,0,1,0
628,326562,-13884,789,-350,-13444,-1609,31207,-13832,0,0,1,0,1,0
629,327083,-16255,764,-205,-15696,-2048,30208,-8094,0,0,1,0,1,0
630,327604,-18003,709,-52,-17345,-2408,28048,-2045,0,0,1,0,1,0
631,328125,-19058,628,103,-18327,-2675,24811,4082,0,0,1,0,1,0
632,328645,-19381,522,254,-18605,-2840,20620,10053,0,0,1,0,1,0
633,329166,-18959,396,396,-18168,-2896,15637,15637,0,0,1,0,1,0
634,329687,-17808,254,522,-17032,-2840,10053,20620,0,0,1,0,1,0
635,330208,-15973,103,628,-15243,-2675,4082,24811,0,0,1,0,1,0
636,330729,-13525,-52,709,-12867,-2408,-2045,28048,0,0,1,0,1,0
637,331250,-10556,-205,764,-9997,-2048,-8094,30208,0,0,1,0,1,0
638,331770,-7182,-350,789,-6743,-1609,-13832,31207,0,0,1,0,1,0
639,332291,-3532,-482,784,-3229,-1108,-19038,31006,0,0,1,0,1,0
640,332812,254,-595,749,408,-565,-23513,29614,0,0,1,0,1,0
641,333333,4030,-685,685,4030,0,-27084,27084,0,0,1,0,1,0
642,333854,7652,-749,595,7497,565,-29614,23513,0,0,1,0,1,0
643,334375,10979,-784,482,10676,1108,-31006,19038,0,0,1,0,1,0
644,334895,13884,-789,350,13445,1609,-31207,13832,0,0,1,0,1,0
645,335416,16256,-764,205,15697,2048,-30208,8094,0,0,1,0,1,0
646,335937,18003,-709,52,17345,2408,-28048,2045,0,0,1,0,1,0
647,336458,19058,-628,-103,18328,2675,-24811,-4082,0,0,1,0,1,0
648,336979,19381,-522,-254,18606,2840,-20620,-10053,0,0,1,0,1,0
649,337500,18959,-396,-396,18168,2896,-15637,-15637,0,0,1,0,1,0
650,338020,17809,-254,-522,17033,2840,-10053,-20620,0,0,1,0,1,0
651,338541,15974,-103,-628,15243,2675,-4082,-24811,0,0,1,0,1,0
652,339062,13525,52,-709,12868,2408,2045,-28048,0,0,1,0,1,0
653,339583,10557,205,-764,9997,2048,8094,-30208,0,0,1,0,1,0
654,340104,7183,350,-789,6743,1609,13832,-31207,0,0,1,0,1,0
655,340625,3532,482,-784,3230,1108,19038,-31006,0,0,1,0,1,0
656,341145,-253,595,-749,-408,565,23513,-29614,0,0,1,0,1,0
657,341666,-4030,685,-685,-4030,0,27084,-27084,0,0,1,0,1,0
658,342187,-7651,749,-595,-7497,-565,29614,-23513,0,0,1,0,1,0
659,342708,-10978,784,-482,-10676,-1108,31006,-19038,0,0,1,0,1,0
660,343229,-13884,789,-350,-13444,-1609,31207,-13832,0,0,1,0,1,0
661,343750,-16256,764,-205,-15696,-2048,30208,-8094,0,0,1,0,1,0
662,344270,-18003,709,-52,-17345,-2408,28048,-2045,0,0,1,0,1,0
663,344791,-19058,628,103,-18327,-2675,24811,4082,0,0,1,0,1,0
664,345312,-19381,522,254,-18605,-2840,20620,10053,0,0,1,0,1,0
665,345833,-18959,396,396,-18168,-2896,15637,15637,0,0,1,0,1,0
666,346354,-17809,254,522,-17033,-2840,10053,20620,0,0,1,0,1,0
667,346875,-15974,103,628,-15243,-2675,4082,24811,0,0,1,0,1,0
668,347395,-13525,-52,709,-12867,-2408,-2045,28048,0,0,1,0,1,0
669,347916,-10556,-205,764,-9997,-2048,-8094,30208,0,0,1,0,1,0
670,348437,-7182,-350,789,-6743,-1609,-13832,31207,0,0,1,0,1,0
671,348958,-3532,-482,784,-3229,-1108,-19038,31006,0,0,1,0,1,0
672,349479,254,-595,749,408,-565,-23513,29614,0,0,1,0,1,0
673,350000,4030,-685,685,4030,0,-27084,27084,0,0,1,0,1,0
674,350520,7651,-749,595,7497,565,-29614,23513,0,0,1,0,1,0
675,351041,10979,-784,482,10676,1108,-31006,19038,0,0,1,0,1,0
676,351562,13884,-789,350,13445,1609,-31207,13832,0,0,1,0,1,0
677,352083,16256,-764,205,15697,2048,-30208,8094,0,0,1,0,1,0
678,352604,18003,-709,52,17345,2408,-28048,2045,0,0,1,0,1,0
679,353125,19058,-628,-103,18328,2675,-24811,-4082,0,0,1,0,1,0
680,353645,19381,-522,-254,18605,2840,-20620,-10053,0,0,1,0,1,0
681,354166,18959,-396,-396,18168,2896,-15637,-15637,0,0,1,0,1,0
682,354687,17809,-254,-522,17033,2840,-10053,-20620,0,0,1,0,1,0
683,355208,15974,-103,-628,15243,2675,-4082,-24811,0,0,1,0,1,0
684,355729,13525,52,-709,12868,2408,2045,-28048,0,0,1,0,1,0
685,356250,10557,205,-764,9997,2048,8094,-30208,0,0,1,0,1,0
686,356770,7183,350,-789,6743,1609,13832,-31207,0,0,1,0,1,0
687,357291,3532,482,-784,3230,1108,19038,-31006,0,0,1,0,1,0
688,357812,-254,595,-749,-408,565,23513,-29614,0,0,1,0,1,0
689,358333,-4030,685,-685,-4030,0,27084,-27084,0,0,1,0,1,0
690,358854,-7651,749,-595,-7497,-565,29614,-23513,0,0,1,0,1,0
691,359375,-10978,784,-482,-10676,-1108,31006,-19038,0,0,1,0,1,0
692,359895,-13884,789,-350,-13444,-1609,31207,-13832,0,0,1,0,1,0
693,360416,-16256,764,-205,-15696,-2048,30208,-8094,0,0,1,0,1,0
694,360937,-18003,709,-52,-17345,-2408,28048,-2045,0,0,1,0,1,0
695,361458,-19058,628,103,-18327,-2675,24811,4082,0,0,1,0,1,0
696,361979,-19381,522,254,-18605,-2840,20620,10053,0,0,1,0,1,0
697,362500,-18959,396,396,-18168,-2896,15637,15637,0,0,1,0,1,0
698,363020,-17809,254,522,-17033,-2840,10053,20620,0,0,1,0,1,0
699,363541,-15974,103,628,-15243,-2675,4082,24811,0,0,1,0,1,0
700,364062,-13525,-52,709,-12867,-2408,-2045,28048,0,0,1,0,1,0
701,364583,-10557,-205,764,-9997,-2048,-8094,30208,0,0,1,0,1,0
702,365104,-7182,-350,789,-6743,-1609,-13832,31207,0,0,1,0,1,0
703,365625,-3532,-482,784,-3229,-1108,-19038,31006,0,0,1,0,1,0
704,366145,254,-595,749,408,-565,-23513,29614,0,0,1,0,1,0
705,366666,4030,-685,685,4030,0,-27084,27084,0,0,1,0,1,0
706,367187,7651,-749,595,7497,565,-29614,23513,0,0,1,0,1,0
707,367708,10979,-784,482,10676,1108,-31006,19038,0,0,1,0,1,0
708,368229,13884,-789,350,13445,1609,-31207,13832,0,0,1,0,1,0
709,368750,16256,-764,205,15696,2048,-30208,8094,0,0,1,0,1,0
710,369270,18003,-709,52,17345,2408,-28048,2045,0,0,1,0,1,0
711,369791,19058,-628,-103,18327,2675,-24811,-4082,0,0,1,0,1,0
712,370312,19381,-522,-254,18605,2840,-20620,-10053,0,0,1,0,1,0
713,370833,18959,-396,-396,18168,2896,-15637,-15637,0,0,1,0,1,0
714,371354,17809,-254,-522,17033,2840,-10053,-20620,0,0,1,0,1,0
715,371875,15974,-103,-628,15243,2675,-4082,-24811,0,0,1,0,1,0
716,372395,13525,52,-709,12867,2408,2045,-28048,0,0,1,0,1,0
717,372916,10557,205,-764,9997,2048,8094,-30208,0,0,1,0,1,0
718,373437,7182,350,-789,6743,1609,13832,-31207,0,0,1,0,1,0
719,373958,3532,482,-784,3230,1108,19038,-31006,0,0,1,0,1,0
720,374479,-254,595,-749,-408,565,23513,-29614,0,0,1,0,1,0
721,375000,-4030,685,-685,-4030,0,27084,-27084,0,0,1,0,1,0
722,375520,-7651,749,-595,-7497,-565,29614,-23513,0,0,1,0,1,0
723,376041,-10978,784,-482,-10676,-1108,31006,-19038,0,0,1,0,1,0
724,376562,-13884,789,-350,-13444,-1609,31207,-13832,0,0,1,0,1,0
725,377083,-16256,764,-205,-15696,-2048,30208,-8094,0,0,1,0,1,0
726,377604,-18003,709,-52,-17345,-2408,28048,-2045,0,0,1,0,1,0
727,378125,-19058,628,103,-18327,-2675,24811,4082,0,0,1,0,1,0
728,378645,-19381,522,254,-18605,-2840,20620,10053,0,0,1,0,1,0
729,379166,-18959,396,396,-18168,-2896,15637,15637,0,0,1,0,1,0
730,379687,-17809,254,522,-17033,-2840,10053,20620,0,0,1,0,1,0
731,380208,-15974,103,628,-15243,-2675,4082,24811,0,0,1,0,1,0
732,380729,-13525,-52,709,-12867,-2408,-2045,28048,0,0,1,0,1,0
733,381250,-10557,-205,764,-9997,-2048,-8094,30208,0,0,1,0,1,0
734,381770,-7182,-350,789,-6743,-1609,-13832,31207,0,0,1,0,1,0
735,382291,-3532,-482,784,-3229,-1108,-19038,31006,0,0,1,0,1,0
736,382812,254,-595,749,408,-565,-23513,29614,0,0,1,0,1,0
737,383333,4030,-685,685,4030,0,-27084,27084,0,0,1,0,1,0
738,383854,7651,-749,595,7497,565,-29614,23513,0,0,1,0,1,0
739,384375,10979,-784,482,10676,1108,-31006,19038,0,0,1,0,1,0
740,384895,13884,-789,350,13444,1609,-31207,13832,0,0,1,0,1,0
741,385416,16256,-764,205,15696,2048,-30208,8094,0,0,1,0,1,0
742,385937,18003,-709,52,17345,2408,-28048,2045,0,0,1,0,1,0
743,386458,19058,-628,-103,18327,2675,-24811,-4082,0,0,1,0,1,0
744,386979,19381,-522,-254,18605,2840,-20620,-10053,0,0,1,0,1,0
745,387500,18959,-396,-396,18168,2896,-15637,-15637,0,0,1,0,1,0
746,388020,17809,-254,-522,17033,2840,-10053,-20620,0,0,1,0,1,0
747,388541,15974,-103,-628,15243,2675,-4082,-24811,0,0,1,0,1,0
748,389062,13525,52,-709,12867,2408,2045,-28048,0,0,1,0,1,0
749,389583,10557,205,-764,9997,2048,8094,-30208,0,0,1,0,1,0
750,390104,7182,350,-789,6743,1609,13832,-31207,0,0,1,0,1,0
751,390625,3532,482,-784,3230,1108,19038,-31006,0,0,1,0,1,0
752,391145,-254,595,-749,-408,565,23513,-29614,0,0,1,0,1,0
753,391666,-4030,685,-685,-4030,0,27084,-27084,0,0,1,0,1,0
754,392187,-7651,749,-595,-7497,-565,29614,-23513,0,0,1,0,1,0
755,392708,-10978,784,-482,-10676,-1108,31006,-19038,0,0,1,0,1,0
756,393229,-13884,789,-350,-13444,-1609,31207,-13832,0,0,1,0,1,0
757,393750,-16256,764,-205,-15696,-2048,30208,-8094,0,0,1,0,1,0
758,394270,-18003,709,-52,-17345,-2408,28048,-2045,0,0,1,0,1,0
759,394791,-19058,628,103,-18327,-2675,24811,4082,0,0,1,0,1,0
760,395312,-19381,522,254,-18605,-2840,20620,10053,0,0,1,0,1,0
761,395833,-18959,396,396,-18168,-2896,15637,15637,0,0,1,0,1,0
762,396354,-17809,254,522,-17033,-2840,10053,20620,0,0,1,0,1,0
763,396875,-15974,103,628,-15243,-2675,4082,24811,0,0,1,0,1,0
764,397395,-13525,-52,709,-12867,-2408,-2045,28048,0,0,1,0,1,0
765,397916,-10557,-205,764,-9997,-2048,-8094,30208,0,0,1,0,1,0
766,398437,-7182,-350,789,-6743,-1609,-13832,31207,0,0,1,0,1,0
767,398958,-3532,-482,784,-3229,-1108,-19038,31006,0,0,1,0,1,0
768,399479,254,-595,749,408,-565,-23513,29614,0,0,1,0,1,0
769,400000,4030,-685,685,4030,0,-27084,27084,0,0,1,0,1,0
770,400520,7651,-749,595,7497,565,-29614,23513,0,0,1,0,1,0
771,401041,10979,-784,482,10676,1108,-31006,19038,0,0,1,0,1,0
772,401562,13884,-789,350,13444,1609,-31207,13832,0,0,1,0,1,0
773,402083,16256,-764,205,15696,2048,-30208,8094,0,0,1,0,1,0
774,402604,18003,-709,52,17345,2408,-28048,2045,0,0,1,0,1,0
775,403125,19058,-628,-103,18327,2675,-24811,-4082,0,0,1,0,1,0
776,403645,19381,-522,-254,18605,2840,-20620,-10053,0,0,1,0,1,0
777,404166,18959,-396,-396,18168,2896,-15637,-15637,0,0,1,0,1,0
778,404687,17809,-254,-522,17033,2840,-10053,-20620,0,0,1,0,1,0
779,405208,15974,-103,-628,15243,2675,-4082,-24811,0,0,1,0,1,0
780,405729,13525,52,-709,12867,2408,2045,-28048,0,0,1,0,1,0
781,406250,10557,205,-764,9997,2048,8094,-30208,0,0,1,0,1,0
782,406770,7182,350,-789,6743,1609,13832,-31207,0,0,1,0,1,0
783,407291,3532,482,-784,3230,1108,19038,-31006,0,0,1,0,1,0
784,407812,-254,595,-749,-408,565,23513,-29614,0,0,1,0,1,0
785,408333,-4030,685,-685,-4030,0,27084,-27084,0,0,1,0,1,0
786,408854,-7651,749,-595,-7497,-565,29614,-23513,0,0,1,0,1,0
787,409375,-10978,784,-482,-10676,-1108,31006,-19038,0,0,1,0,1,0
788,409895,-13884,789,-350,-13444,-1609,31207,-13832,0,0,1,0,1,0
789,410416,-16256,764,-205,-15696,-2048,30208,-8094,0,0,1,0,1,0
790,410937,-18003,709,-52,-17345,-2408,28048,-2045,0,0,1,0,1,0
791,411458,-19058,628,103,-18327,-2675,24811,4082,0,0,1,0,1,0
792,411979,-19381,522,254,-18605,-2840,20620,10053,0,0,1,0,1,0
793,412500,-18959,396,396,-18168,-2896,15637,15637,0,0,1,0,1,0
794,413020,-17809,254,522,-17033,-2840,10053,20620,0,0,1,0,1,0
795,413541,-15974,103,628,-15243,-2675,4082,24811,0,0,1,0,1,0
796,414062,-13525,-52,709,-12867,-2408,-2045,28048,0,0,1,0,1,0
797,414583,-10557,-205,764,-9997,-2048,-8094,30208,0,0,1,0,1,0
798,415104,-7182,-350,789,-6743,-1609,-13832,31207,0,0,1,0,1,0
799,415625,-3532,-482,784,-3229,-1108,-19038,31006,0,0,1,0,1,0
800,416145,254,-595,749,408,-565,-23513,29614,0,0,1,0,1,0
801,416666,4030,-685,685,4030,0,-27084,27084,0,0,1,0,1,0
802,417187,7651,-749,595,7497,565,-29614,23513,0,0,1,0,1,0
803,417708,10979,-784,482,10676,1108,-31006,19038,0,0,1,0,1,0
804,418229,13884,-789,350,13444,1609,-31207,13832,0,0,1,0,1,0
805,418750,16256,-764,205,15696,2048,-30208,8094,0,0,1,0,1,0
806,419270,18003,-709,52,17345,2408,-28048,2045,0,0,1,0,1,0
807,419791,19058,-628,-103,18327,2675,-24811,-4082,0,0,1,0,1,0
808,420312,19381,-522,-254,18605,2840,-20620,-10053,0,0,1,0,1,0
809,420833,18959,-396,-396,18168,2896,-15637,-15637,0,0,1,0,1,0
810,421354,17809,-254,-522,17033,2840,-10053,-20620,0,0,1,0,1,0
811,421875,15974,-103,-628,15243,2675,-4082,-24811,0,0,1,0,1,0
812,422395,13525,52,-709,12867,2408,2045,-28048,0,0,1,0,1,0
813,422916,10557,205,-764,9997,2048,8094,-30208,0,0,1,0,1,0
814,423437,7182,350,-789,6743,1609,13832,-31207,0,0,1,0,1,0
815,423958,3532,482,-784,3230,1108,19038,-31006,0,0,1,0,1,0
816,424479,-254,595,-749,-408,565,23513,-29614,0,0,1,0,1,0
817,425000,-4030,685,-685,-4030,0,27084,-27084,0,0,1,0,1,0
818,425520,-7651,749,-595,-7497,-565,29614,-23513,0,0,1,0,1,0
819,426041,-10979,784,-482,-10676,-1108,31006,-19038,0,0,1,0,1,0
820,426562,-13884,789,-350,-13444,-1609,31207,-13832,0,0,1,0,1,0
821,427083,-16256,764,-205,-15696,-2048,30208,-8094,0,0,1,0,1,0
822,427604,-18003,709,-52,-17345,-2408,28048,-2045,0,0,1,0,1,0
823,428125,-19058,628,103,-18327,-2675,24811,4082,0,0,1,0,1,0
824,428645,-19381,522,254,-18605,-2840,20620,10053,0,0,1,0,1,0
825,429166,-18959,396,396,-18168,-2896,15637,15637,0,0,1,0,1,0
826,429687,-17809,254,522,-17033,-2840,10053,20620,0,0,1,0,1,0
827,430208,-15974,103,628,-15243,-2675,4082,24811,0,0,1,0,1,0
828,430729,-13525,-52,709,-12867,-2408,-2045,28048,0,0,1,0,1,0
829,431250,-10557,-205,764,-9997,-2048,-8094,30208,0,0,1,0,1,0
830,431770,-7182,-350,789,-6743,-1609,-13832,31207,0,0,1,0,1,0
831,432291,-3532,-482,784,-3229,-1108,-19038,31006,0,0,1,0,1,0
832,432812,254,-595,749,408,-565,-23513,29614,0,0,1,0,1,0
833,433333,4030,-685,685,4030,0,-27084,27084,0,0,1,0,1,0
834,433854,7651,-749,595,7497,565,-29614,23513,0,0,1,0,1,0
835,434375,10979,-784,482,10676,1108,-31006,19038,0,0,1,0,1,0
836,434895,13884,-789,350,13444,1609,-31207,13832,0,0,1,0,1,0
837,435416,16256,-764,205,15696,2048,-30208,8094,0,0,1,0,1,0
838,435937,18003,-709,52,17345,2408,-28048,2045,0,0,1,0,1,0
839,436458,19058,-628,-103,18327,2675,-24811,-4082,0,0,1,0,1,0
840,436979,19381,-522,-254,18605,2840,-20620,-10053,0,0,1,0,1,0
841,437500,18959,-396,-396,18168,2896,-15637,-15637,0,0,1,0,1,0
842,438020,17809,-254,-522,17033,2840,-10053,-20620,0,0,1,0,1,0
843,438541,15974,-103,-628,15243,2675,-4082,-24811,0,0,1,0,1,0
844,439062,13525,52,-709,12867,2408,2045,-28048,0,0,1,0,1,0
845,439583,10557,205,-764,9997,2048,8094,-30208,0,0,1,0,1,0
846,440104,7182,350,-789,6743,1609,13832,-31207,0,0,1,0,1,0
847,440625,3532,482,-784,3230,1108,19038,-31006,0,0,1,0,1,0
848,441145,-254,595,-749,-408,565,23513,-29614,0,0,1,0,1,0
849,441666,-4030,685,-685,-4030,0,27084,-27084,0,0,1,0,1,0
850,442187,-7651,749,-595,-7497,-565,29614,-23513,0,0,1,0,1,0
851,442708,-10979,784,-482,-10676,-1108,31006,-19038,0,0,1,0,1,0
852,443229,-13884,789,-350,-13444,-1609,31207,-13832,0,0,1,0,1,0
853,443750,-16256,764,-205,-15696,-2048,30208,-8094,0,0,1,0,1,0
854,444270,-18003,709,-52,-17345,-2408,28048,-2045,0,0,1,0,1,0
855,444791,-19058,628,103,-18327,-2675,24811,4082,0,0,1,0,1,0
856,445312,-19381,522,254,-18605,-2840,20620,10053,0,0,1,0,1,0
857,445833,-18959,396,396,-18168,-2896,15637,15637,0,0,1,0,1,0
858,446354,-17809,254,522,-17033,-2840,10053,20620,0,0,1,0,1,0
859,446875,-15974,103,628,-15243,-2675,4082,24811,0,0,1,0,1,0
860,447395,-13525,-52,709,-12867,-2408,-2045,28048,0,0,1,0,1,0
861,447916,-10557,-205,764,-9997,-2048,-8094,30208,0,0,1,0,1,0
862,448437,-7182,-350,789,-6743,-1609,-13832,31207,0,0,1,0,1,0
863,448958,-3532,-482,784,-3230,-1108,-19038,31006,0,0,1,0,1,0
864,449479,254,-595,749,408,-565,-23513,29614,0,0,1,0,1,0
865,450000,4030,-685,685,4030,0,-27084,27084,0,0,1,0,1,0
866,450520,7651,-749,595,7497,565,-29614,23513,0,0,1,0,1,0
867,451041,10979,-784,482,10676,1108,-31006,19038,0,0,1,0,1,0
868,451562,13884,-789,350,13444,1609,-31207,13832,0,0,1,0,1,0
869,452083,16256,-764,205,15696,2048,-30208,8094,0,0,1,0,1,0
870,452604,18003,-709,52,17345,2408,-28048,2045,0,0,1,0,1,0
871,453125,19058,-628,-103,18327,2675,-24811,-4082,0,0,1,0,1,0
872,453645,19381,-522,-254,18605,2840,-20620,-10053,0,0,1,0,1,0
873,454166,18959,-396,-396,18168,2896,-15637,-15637,0,0,1,0,1,0
874,454687,17809,-254,-522,17033,2840,-10053,-20620,0,0,1,0,1,0
875,455208,15974,-103,-628,15243,2675,-4082,-24811,0,0,1,0,1,0
876,455729,13525,52,-709,12867,2408,2045,-28048,0,0,1,0,1,0
877,456250,10557,205,-764,9997,2048,8094,-30208,0,0,1,0,1,0
878,456770,7182,350,-789,6743,1609,13832,-31207,0,0,1,0,1,0
879,457291,3532,482,-784,3230,1108,19038,-31006,0,0,1,0,1,0
880,457812,-254,595,-749,-408,565,23513,-29614,0,0,1,0,1,0
881,458333,-4030,685,-685,-4030,0,27084,-27084,0,0,1,0,1,0
882,458854,-7651,749,-595,-7497,-565,29614,-23513,0,0,1,0,1,0
883,459375,-10979,784,-482,-10676,-1108,31006,-19038,0,0,1,0,1,0
884,459895,-13884,789,-350,-13444,-1609,31207,-13832,0,0,1,0,1,0
885,460416,-16256,764,-205,-15696,-2048,30208,-8094,0,0,1,0,1,0
886,460937,-18003,709,-52,-17345,-2408,28048,-2045,0,0,1,0,1,0
887,461458,-19058,628,103,-18327,-2675,24811,4082,0,0,1,0,1,0
888,461979,-19381,522,254,-18605,-2840,20620,10053,0,0,1,0,1,0
889,462500,-18959,396,396,-18168,-2896,15637,15637,0,0,1,0,1,0
890,463020,-17809,254,522,-17033,-2840,10053,20620,0,0,1,0,1,0
891,463541,-15974,103,628,-15243,-2675,4082,24811,0,0,1,0,1,0
892,464062,-13525,-52,709,-12867,-2408,-2045,28048,0,0,1,0,1,0
893,464583,-10557,-205,764,-9997,-2048,-8094,30208,0,0,1,0,1,0
894,465104,-7182,-350,789,-6743,-1609,-13832,31207,0,0,1,0,1,0
895,465625,-3532,-482,784,-3230,-1108,-19038,31006,0,0,1,0,1,0
896,466145,254,-595,749,408,-565,-23513,29614,0,0,1,0,1,0
897,466666,4030,-685,685,4030,0,-27084,27084,0,0,1,0,1,0
898,467187,7651,-749,595,7497,565,-29614,23513,0,0,1,0,1,0
899,467708,10979,-784,482,10676,1108,-31006,19038,0,0,1,0,1,0
900,468229,13884,-789,350,13444,1609,-31207,13832,0,0,1,0,1,0
901,468750,16256,-764,205,15696,2048,-30208,8094,0,0,1,0,1,0
902,469270,18003,-709,52,17345,2408,-28048,2045,0,0,1,0,1,0
903,469791,19058,-628,-103,18327,2675,-24811,-4082,0,0,1,0,1,0
904,470312,19381,-522,-254,18605,2840,-20620,-10053,0,0,1,0,1,0
905,470833,18959,-396,-396,18168,2896,-15637,-15637,0,0,1,0,1,0
906,471354,17809,-254,-522,17033,2840,-10053,-20620,0,0,1,0,1,0
907,471875,15974,-103,-628,15243,2675,-4082,-24811,0,0,1,0,1,0
908,472395,13525,52,-709,12867,2408,2045,-28048,0,0,1,0,1,0
909,472916,10557,205,-764,9997,2048,8094,-30208,0,0,1,0,1,0
910,473437,7182,350,-789,6743,1609,13832,-31207,0,0,1,0,1,0
911,473958,3532,482,-784,3230,1108,19038,-31006,0,0,1,0,1,0
912,474479,-254,595,-749,-408,565,23513,-29614,0,0,1,0,1,0
913,475000,-4030,685,-685,-4030,0,27084,-27084,0,0,1,0,1,0
914,475520,-7651,749,-595,-7497,-565,29614,-23513,0,0,1,0,1,0
915,476041,-10979,784,-482,-10676,-1108,31006,-19038,0,0,1,0,1,0
916,476562,-13884,789,-350,-13444,-1609,31207,-13832,0,0,1,0,1,0
917,477083,-16256,764,-205,-15696,-2048,30208,-8094,0,0,1,0,1,0
918,477604,-18003,709,-52,-17345,-2408,28048,-2045,0,0,1,0,1,0
919,478125,-19058,628,103,-18327,-2675,24811,4082,0,0,1,0,1,0
920,478645,-19381,522,254,-18605,-2840,20620,10053,0,0,1,0,1,0
921,479166,-18959,396,396,-18168,-2896,15637,15637,0,0,1,0,1,0
922,479687,-17809,254,522,-17033,-2840,10053,20620,0,0,1,0,1,0
923,480208,-15974,103,628,-15243,-2675,4082,24811,0,0,1,0,1,0
924,480729,-13525,-52,709,-12867,-2408,-2045,28048,0,0,1,0,1,0
925,481250,-10557,-205,764,-9997,-2048,-8094,30208,0,0,1,0,1,0
926,481770,-7182,-350,789,-6743,-1609,-13832,31207,0,0,1,0,1,0
927,482291,-3532,-482,784,-3230,-1108,-19038,31006,0,0,1,0,1,0
928,482812,254,-595,749,408,-565,-23513,29614,0,0,1,0,1,0
929,483333,4030,-685,685,4030,0,-27084,27084,0,0,1,0,1,0
930,483854,7651,-749,595,7497,565,-29614,23513,0,0,1,0,1,0
931,484375,10979,-784,482,10676,1108,-31006,19038,0,0,1,0,1,0
932,484895,13884,-789,350,13444,1609,-31207,13832,0,0,1,0,1,0
933,485416,16256,-764,205,15696,2048,-30208,8094,0,0,1,0,1,0
934,485937,18003,-709,52,17345,2408,-28048,2045,0,0,1,0,1,0
935,486458,19058,-628,-103,18327,2675,-24811,-4082,0,0,1,0,1,0
936,486979,19381,-522,-254,18605,2840,-20620,-10053,0,0,1,0,1,0
937,487500,18959,-396,-396,18168,2896,-15637,-15637,0,0,1,0,1,0
938,488020,17809,-254,-522,17033,2840,-10053,-20620,0,0,1,0,1,0
939,488541,15974,-103,-628,15243,2675,-4082,-24811,0,0,1,0,1,0
940,489062,13525,52,-709,12867,2408,2045,-28048,0,0,1,0,1,0
941,489583,10557,205,-764,9997,2048,8094,-30208,0,0,1,0,1,0
942,490104,7182,350,-789,6743,1609,13832,-31207,0,0,1,0,1,0
943,490625,3532,482,-784,3230,1108,19038,-31006,0,0,1,0,1,0
944,491145,-254,595,-749,-408,565,23513,-29614,0,0,1,0,1,0
945,491666,-4030,685,-685,-4030,0,27084,-27084,0,0,1,0,1,0
946,492187,-7651,749,-595,-7497,-565,29614,-23513,0,0,1,0,1,0
947,492708,-10979,784,-482,-10676,-1108,31006,-19038,0,0,1,0,1,0
948,493229,-13884,789,-350,-13444,-1609,31207,-13832,0,0,1,0,1,0
949,493750,-16256,764,-205,-15696,-2048,30208,-8094,0,0,1,0,1,0
950,494270,-18003,709,-52,-17345,-2408,28048,-2045,0,0,1,0,1,0
951,494791,-19058,628,103,-18327,-2675,24811,4082,0,0,1,0,1,0
952,495312,-19381,522,254,-18605,-2840,20620,10053,0,0,1,0,1,0
953,495833,-18959,396,396,-18168,-2896,15637,15637,0,0,1,0,1,0
954,496354,-17809,254,522,-17033,-2840,10053,20620,0,0,1,0,1,0
955,496875,-15974,103,628,-15243,-2675,4082,24811,0,0,1,0,1,0
956,497395,-13525,-52,709,-12867,-2408,-2045,28048,0,0,1,0,1,0
957,497916,-10557,-205,764,-9997,-2048,-8094,30208,0,0,1,0,1,0
958,498437,-7182,-350,789,-6743,-1609,-13832,31207,0,0,1,0,1,0
959,498958,-3532,-482,784,-3230,-1108,-19038,31006,0,0,1,0,1,0
960,499479,254,-595,749,408,-565,-23513,29614,0,0,1,0,1,0
961,500000,4030,-685,685,4030,0,-27084,27084,0,0,1,0,1,0
962,500520,7651,-749,595,7497,565,-29614,23513,0,0,1,0,1,0
963,501041,10979,-784,482,10676,1108,-31006,19038,0,0,1,0,1,0
964,501562,13884,-789,350,13444,1609,-31207,13832,0,0,1,0,1,0
965,502083,16256,-764,205,15696,2048,-30208,8094,0,0,1,0,1,0
966,502604,18003,-709,52,17345,2408,-28048,2045,0,0,1,0,1,0
967,503125,19058,-628,-103,18327,2675,-24811,-4082,0,0,1,0,1,0
968,503645,19381,-522,-254,18605,2840,-20620,-10053,0,0,1,0,1,0
969,504166,18959,-396,-396,18168,2896,-15637,-15637,0,0,1,0,1,0
970,504687,17809,-254,-522,17033,2840,-10053,-20620,0,0,1,0,1,0
971,505208,15974,-103,-628,15243,2675,-4082,-24811,0,0,1,0,1,0
972,505729,13525,52,-709,12867,2408,2045,-28048,0,0,1,0,1,0
973,506250,10557,205,-764,9997,2048,8094,-30208,0,0,1,0,1,0
974,506770,7182,350,-789,6743,1609,13832,-31207,0,0,1,0,1,0
975,507291,3532,482,-784,3230,1108,19038,-31006,0,0,1,0,1,0
976,507812,-254,595,-749,-408,565,23513,-29614,0,0,1,0,1,0
977,508333,-4030,685,-685,-4030,0,27084,-27084,0,0,1,0,1,0
978,508854,-7651,749,-595,-7497,-565,29614,-23513,0,0,1,0,1,0
979,509375,-10979,784,-482,-10676,-1108,31006,-19038,0,0,1,0,1,0
980,509895,-13884,789,-350,-13444,-1609,31207,-13832,0,0,1,0,1,0
981,510416,-16256,764,-205,-15696,-2048,30208,-8094,0,0,1,0,1,0
982,510937,-18003,709,-52,-17345,-2408,28048,-2045,0,0,1,0,1,0
983,511458,-19058,628,103,-18327,-2675,24811,4082,0,0,1,0,1,0
984,511979,-19381,522,254,-18605,-2840,20620,10053,0,0,1,0,1,0
985,512499,-18959,396,396,-18168,-2896,15637,15637,0,0,1,0,1,0
986,513020,-17809,254,522,-17033,-2840,10053,20620,0,0,1,0,1,0
987,513541,-15974,103,628,-15243,-2675,4082,24811,0,0,1,0,1,0
988,514062,-13525,-52,709,-12867,-2408,-2045,28048,0,0,1,0,1,0
989,514583,-10557,-205,764,-9997,-2048,-8094,30208,0,0,1,0,1,0
990,515104,-7182,-350,789,-6743,-1609,-13832,31207,0,0,1,0,1,0
991,515625,-3532,-482,784,-3230,-1108,-19038,31006,0,0,1,0,1,0
992,516145,254,-595,749,408,-565,-23513,29614,0,0,1,0,1,0
993,516666,4030,-685,685,4030,0,-27084,27084,0,0,1,0,1,0
994,517187,7651,-749,595,7497,565,-29614,23513,0,0,1,0,1,0
995,517708,10979,-784,482,10676,1108,-31006,19038,0,0,1,0,1,0
996,518229,13884,-789,350,13444,1609,-31207,13832,0,0,1,0,1,0
997,518750,16256,-764,205,15696,2048,-30208,8094,0,0,1,0,1,0
998,519270,18003,-709,52,17345,2408,-28048,2045,0,0,1,0,1,0
999,519791,19058,-628,-103,18327,2675,-24811,-4082,0,0,1,0,1,0
1000,520312,19381,-522,-254,18605,2840,-20620,-10053,0,0,1,0,1,0
1001,520833,18959,-396,-396,18168,2896,-15637,-15637,0,0,1,0,1,0
1002,521354,17809,-254,-522,17033,2840,-10053,-20620,0,0,1,0,1,0
1003,521875,15974,-103,-628,15243,2675,-4082,-24811,0,0,1,0,1,0
1004,522395,13525,52,-709,12867,2408,2045,-28048,0,0,1,0,1,0
1005,522916,10557,205,-764,9997,2048,8094,-30208,0,0,1,0,1,0
1006,523437,7182,350,-789,6743,1609,13832,-31207,0,0,1,0,1,0
1007,523958,3532,482,-784,3230,1108,19038,-31006,0,0,1,0,1,0
1008,524479,-254,595,-749,-408,565,23513,-29614,0,0,1,0,1,0
1009,525000,-4030,685,-685,-4030,0,27084,-27084,0,0,1,0,1,0
1010,525520,-7651,749,-595,-7497,-565,29614,-23513,0,0,1,0,1,0
1011,526041,-10979,784,-482,-10676,-1108,31006,-19038,0,0,1,0,1,0
1012,526562,-13884,789,-350,-13444,-1609,31207,-13832,0,0,1,0,1,0
1013,527083,-16256,764,-205,-15696,-2048,30208,-8094,0,0,1,0,1,0
1014,527604,-18003,709,-52,-17345,-2408,28048,-2045,0,0,1,0,1,0
1015,528125,-19058,628,103,-18327,-2675,24811,4082,0,0,1,0,1,0
1016,528645,-19381,522,254,-18605,-2840,20620,10053,0,0,1,0,1,0
1017,529166,-18959,396,396,-18168,-2896,15637,15637,0,0,1,0,1,0
1018,529687,-17809,254,522,-17033,-2840,10053,20620,0,0,1,0,1,0
1019,530208,-15974,103,628,-15243,-2675,4082,24811,0,0,1,0,1,0
1020,530729,-13525,-52,709,-12867,-2408,-2045,28048,0,0,1,0,1,0
1021,531250,-10557,-205,764,-9997,-2048,-8094,30208,0,0,1,0,1,0
1022,531770,-7182,-350,789,-6743,-1609,-13832,31207,0,0,1,0,1,0
1023,532291,-3532,-482,784,-3230,-1108,-19038,31006,0,0,1,0,1,0
1024,532812,254,-595,749,408,-565,-23513,29614,0,0,1,0,1,0
1025,533333,4030,-685,685,4030,0,-27084,27084,0,0,1,0,1,0
1026,533854,7651,-749,595,7497,565,-29614,23513,0,0,1,0,1,0
1027,534375,10979,-784,482,10676,1108,-31006,19038,0,0,1,0,1,0
1028,534895,13884,-789,350,13444,1609,-31207,13832,0,0,1,0,1,0
1029,535416,16256,-764,205,15696,2048,-30208,8094,0,0,1,0,1,0
1030,535937,18003,-709,52,17345,2408,-28048,2045,0,0,1,0,1,0
1031,536458,19058,-628,-103,18327,2675,-24811,-4082,0,0,1,0,1,0
1032,536979,19381,-522,-254,18605,2840,-20620,-10053,0,0,1,0,1,0
1033,537500,18959,-396,-396,18168,2896,-15637,-15637,0,0,1,0,1,0
1034,538020,17809,-254,-522,17033,2840,-10053,-20620,0,0,1,0,1,0
1035,538541,15974,-103,-628,15243,2675,-4082,-24811,0,0,1,0,1,0
1036,539062,13525,52,-709,12867,2408,2045,-28048,0,0,1,0,1,0
1037,539583,10557,205,-764,9997,2048,8094,-30208,0,0,1,0,1,0
1038,540104,7182,350,-789,6743,1609,13832,-31207,0,0,1,0,1,0
1039,540625,3532,482,-784,3230,1108,19038,-31006,0,0,1,0,1,0
1040,541145,-254,595,-749,-408,565,23513,-29614,0,0,1,0,1,0
1041,541666,-4030,685,-685,-4030,0,27084,-27084,0,0,1,0,1,0
1042,542187,-7651,749,-595,-7497,-565,29614,-23513,0,0,1,0,1,0
1043,542708,-10979,784,-482,-10676,-1108,31006,-19038,0,0,1,0,1,0
1044,543229,-13884,789,-350,-13444,-1609,31207,-13832,0,0,1,0,1,0
1045,543750,-16256,764,-205,-15696,-2048,30208,-8094,0,0,1,0,1,0
1046,544270,-18003,709,-52,-17345,-2408,28048,-2045,0,0,1,0,1,0
1047,544791,-19058,628,103,-18327,-2675,24811,4082,0,0,1,0,1,0
1048,545312,-19381,522,254,-18605,-2840,20620,10053,0,0,1,0,1,0
1049,545833,-18959,396,396,-18168,-2896,15637,15637,0,0,1,0,1,0
1050,546354,-17809,254,522,-17033,-2840,10053,20620,0,0,1,0,1,0
1051,546875,-15974,103,628,-15243,-2675,4082,24811,0,0,1,0,1,0
1052,547395,-13525,-52,709,-12867,-2408,-2045,28048,0,0,1,0,1,0
1053,547916,-10557,-205,764,-9997,-2048,-8094,30208,0,0,1,0,1,0
1054,548437,-7182,-350,789,-6743,-1609,-13832,31207,0,0,1,0,1,0
1055,548958,-3532,-482,784,-3230,-1108,-19038,31006,0,0,1,0,1,0
1056,549479,254,-595,749,408,-565,-23513,29614,0,0,1,0,1,0
1057,550000,4030,-685,685,4030,0,-27084,27084,0,0,1,0,1,0
1058,550520,7651,-749,595,7497,565,-29614,23513,0,0,1,0,1,0
1059,551041,10979,-784,482,10676,1108,-31006,19038,0,0,1,0,1,0
1060,551562,13884,-789,350,13444,1609,-31207,13832,0,0,1,0,1,0
1061,552083,16256,-764,205,15696,2048,-30208,8094,0,0,1,0,1,0
1062,552604,18003,-709,52,17345,2408,-28048,2045,0,0,1,0,1,0
1063,553125,19058,-628,-103,18327,2675,-24811,-4082,0,0,1,0,1,0
1064,553645,19381,-522,-254,18605,2840,-20620,-10053,0,0,1,0,1,0
1065,554166,18959,-396,-396,18168,2896,-15637,-15637,0,0,1,0,1,0
1066,554687,17809,-254,-522,17033,2840,-10053,-20620,0,0,1,0,1,0
1067,555208,15974,-103,-628,15243,2675,-4082,-24811,0,0,1,0,1,0
1068,555729,13525,52,-709,12867,2408,2045,-28048,0,0,1,0,1,0
1069,556250,10557,205,-764,9997,2048,8094,-30208,0,0,1,0,1,0
1070,556770,7182,350,-789,6743,1609,13832,-31207,0,0,1,0,1,0
1071,557291,3532,482,-784,3230,1108,19038,-31006,0,0,1,0,1,0
1072,557812,-254,595,-749,-408,565,23513,-29614,0,0,1,0,1,0
1073,558333,-4030,685,-685,-4030,0,27084,-27084,0,0,1,0,1,0
1074,558854,-7651,749,-595,-7497,-565,29614,-23513,0,0,1,0,1,0
1075,559375,-10979,784,-482,-10676,-1108,31006,-19038,0,0,1,0,1,0
1076,559895,-13884,789,-350,-13444,-1609,31207,-13832,0,0,1,0,1,0
1077,560416,-16256,764,-205,-15696,-2048,30208,-8094,0,0,1,0,1,0
1078,560937,-18003,709,-52,-17345,-2408,28048,-2045,0,0,1,0,1,0
1079,561458,-19058,628,103,-18327,-2675,24811,4082,0,0,1,0,1,0
1080,561979,-19381,522,254,-18605,-2840,20620,10053,0,0,1,0,1,0
1081,562500,-18959,396,396,-18168,-2896,15637,15637,0,0,1,0,1,0
1082,563020,-17809,254,522,-17033,-2840,10053,20620,0,0,1,0,1,0
1083,563541,-15974,103,628,-15243,-2675,4082,24811,0,0,1,0,1,0
1084,564062,-13525,-52,709,-12867,-2408,-2045,28048,0,0,1,0,1,0
1085,564583,-10557,-205,764,-9997,-2048,-8094,30208,0,0,1,0,1,0
1086,565104,-7182,-350,789,-6743,-1609,-13832,31207,0,0,1,0,1,0
1087,565625,-3532,-482,784,-3230,-1108,-19038,31006,0,0,1,0,1,0
1088,566145,254,-595,749,408,-565,-23513,29614,0,0,1,0,1,0
1089,566666,4030,-685,685,4030,0,-27084,27084,0,0,1,0,1,0
1090,567187,7651,-749,595,7497,565,-29614,23513,0,0,1,0,1,0
1091,567708,10979,-784,482,10676,1108,-31006,19038,0,0,1,0,1,0
1092,568229,13884,-789,350,13444,1609,-31207,13832,0,0,1,0,1,0
1093,568750,16256,-764,205,15696,2048,-30208,8094,0,0,1,0,1,0
1094,569270,18003,-709,52,17345,2408,-28048,2045,0,0,1,0,1,0
1095,569791,19058,-628,-103,18327,2675,-24811,-4082,0,0,1,0,1,0
1096,570312,19381,-522,-254,18605,2840,-20620,-10053,0,0,1,0,1,0
1097,570833,18959,-396,-396,18168,2896,-15637,-15637,0,0,1,0,1,0
1098,571354,17809,-254,-522,17033,2840,-10053,-20620,0,0,1,0,1,0
1099,571875,15974,-103,-628,15243,2675,-4082,-24811,0,0,1,0,1,0
1100,572395,13525,52,-709,12867,2408,2045,-28048,0,0,1,0,1,0
1101,572916,10557,205,-764,9997,2048,8094,-30208,0,0,1,0,1,0
1102,573437,7182,350,-789,6743,1609,13832,-31207,0,0,1,0,1,0
1103,573958,3532,482,-784,3230,1108,19038,-31006,0,0,1,0,1,0
1104,574479,-254,595,-749,-408,565,23513,-29614,0,0,1,0,1,0
1105,575000,-4030,685,-685,-4030,0,27084,-27084,0,0,1,0,1,0
1106,575520,-7651,749,-595,-7497,-565,29614,-23513,0,0,1,0,1,0
1107,576041,-10979,784,-482,-10676,-1108,31006,-19038,0,0,1,0,1,0
1108,576562,-13884,789,-350,-13444,-1609,31207,-13832,0,0,1,0,1,0
1109,577083,-16256,764,-205,-15696,-2048,30208,-8094,0,0,1,0,1,0
1110,577604,-18003,709,-52,-17345,-2408,28048,-2045,0,0,1,0,1,0
1111,578125,-19058,628,103,-18327,-2675,24811,4082,0,0,1,0,1,0
1112,578645,-19381,522,254,-18605,-2840,20620,10053,0,0,1,0,1,0
1113,579166,-18959,396,396,-18168,-2896,15637,15637,0,0,1,0,1,0
1114,579687,-17809,254,522,-17033,-2840,10053,20620,0,0,1,0,1,0
1115,580208,-15974,103,628,-15243,-2675,4082,24811,0,0,1,0,1,0
1116,580729,-13525,-52,709,-12867,-2408,-2045,28048,0,0,1,0,1,0
1117,581250,-10557,-205,764,-9997,-2048,-8094,30208,0,0,1,0,1,0
1118,581770,-7182,-350,789,-6743,-1609,-13832,31207,0,0,1,0,1,0
1119,582291,-3532,-482,784,-3230,-1108,-19038,31006,0,0,1,0,1,0
1120,582812,254,-595,749,408,-565,-23513,29614,0,0,1,0,1,0
1121,583333,4030,-685,685,4030,0,-27084,27084,0,0,1,0,1,0
1122,583854,7651,-749,595,7497,565,-29614,23513,0,0,1,0,1,0
1123,584375,10979,-784,482,10676,1108,-31006,19038,0,0,1,0,1,0
1124,584895,13884,-789,350,13444,1609,-31207,13832,0,0,1,0,1,0
1125,585416,16256,-764,205,15696,2048,-30208,8094,0,0,1,0,1,0
1126,585937,18003,-709,52,17345,2408,-28048,2045,0,0,1,0,1,0
1127,586458,19058,-628,-103,18327,2675,-24811,-4082,0,0,1,0,1,0
1128,586979,19381,-522,-254,18605,2840,-20620,-10053,0,0,1,0,1,0
1129,587500,18959,-396,-396,18168,2896,-15637,-15637,0,0,1,0,1,0
1130,588020,17809,-254,-522,17033,2840,-10053,-20620,0,0,1,0,1,0
1131,588541,15974,-103,-628,15243,2675,-4082,-24811,0,0,1,0,1,0
1132,589062,13525,52,-709,12867,2408,2045,-28048,0,0,1,0,1,0
1133,589583,10557,205,-764,9997,2048,8094,-30208,0,0,1,0,1,0
1134,590104,7182,350,-789,6743,1609,13832,-31207,0,0,1,0,1,0
1135,590625,3532,482,-784,3230,1108,19038,-31006,0,0,1,0,1,0
1136,591145,-254,595,-749,-408,565,23513,-29614,0,0,1,0,1,0
1137,591666,-4030,685,-685,-4030,0,27084,-27084,0,0,1,0,1,0
1138,592187,-7651,749,-595,-7497,-565,29614,-23513,0,0,1,0,1,0
1139,592708,-10979,784,-482,-10676,-1108,31006,-19038,0,0,1,0,1,0
1140,593229,-13884,789,-350,-13444,-1609,31207,-13832,0,0,1,0,1,0
1141,593750,-16256,764,-205,-15696,-2048,30208,-8094,0,0,1,0,1,0
1142,594270,-18003,709,-52,-17345,-2408,28048,-2045,0,0,1,0,1,0
1143,594791,-19058,628,103,-18327,-2675,24811,4082,0,0,1,0,1,0
1144,595312,-19381,522,254,-18605,-2840,20620,10053,0,0,1,0,1,0
1145,595833,-18959,396,396,-18168,-2896,15637,15637,0,0,1,0,1,0
1146,596354,-17809,254,522,-17033,-2840,10053,20620,0,0,1,0,1,0
1147,596875,-15974,103,628,-15243,-2675,4082,24811,0,0,1,0,1,0
1148,597395,-13525,-52,709,-12867,-2408,-2045,28048,0,0,1,0,1,0
1149,597916,-10557,-205,764,-9997,-2048,-8094,30208,0,0,1,0,1,0
1150,598437,-7182,-350,789,-6743,-1609,-13832,31207,0,0,1,0,1,0
1151,598958,-3532,-482,784,-3230,-1108,-19038,31006,0,0,1,0,1,0
1152,599479,254,-595,749,408,-565,-23513,29614,0,0,1,0,1,0
1153,600000,4030,-685,685,4030,0,-27084,27084,0,0,1,0,1,0
1154,600520,7651,-749,595,7497,565,-29614,23513,0,0,1,0,1,0
1155,601041,10979,-784,482,10676,1108,-31006,19038,0,0,1,0,1,0
1156,601562,13884,-789,350,13444,1609,-31207,13832,0,0,1,0,1,0
1157,602083,16256,-764,205,15696,2048,-30208,8094,0,0,1,0,1,0
1158,602604,18003,-709,52,17345,2408,-28048,2045,0,0,1,0,1,0
1159,603125,19058,-628,-103,18327,2675,-24811,-4082,0,0,1,0,1,0
1160,603645,19381,-522,-254,18605,2840,-20620,-10053,0,0,1,0,1,0
1161,604166,18959,-396,-396,18168,2896,-15637,-15637,0,0,1,0,1,0
1162,604687,17809,-254,-522,17033,2840,-10053,-20620,0,0,1,0,1,0
1163,605208,15974,-103,-628,15243,2675,-4082,-24811,0,0,1,0,1,0
1164,605729,13525,52,-709,12867,2408,2045,-28048,0,0,1,0,1,0
1165,606250,10557,205,-764,9997,2048,8094,-30208,0,0,1,0,1,0
1166,606770,7182,350,-789,6743,1609,13832,-31207,0,0,1,0,1,0
1167,607291,3532,482,-784,3230,1108,19038,-31006,0,0,1,0,1,0
1168,607812,-254,595,-749,-408,565,23513,-29614,0,0,1,0,1,0
1169,608333,-4030,685,-685,-4030,0,27084,-27084,0,0,1,0,1,0
1170,608854,-7651,749,-595,-7497,-565,29614,-23513,0,0,1,0,1,0
1171,609375,-10979,784,-482,-10676,-1108,31006,-19038,0,0,1,0,1,0
1172,609895,-13884,789,-350,-13444,-1609,31207,-13832,0,0,1,0,1,0
1173,610416,-16256,764,-205,-15696,-2048,30208,-8094,0,0,1,0,1,0
1174,610937,-18003,709,-52,-17345,-2408,28048,-2045,0,0,1,0,1,0
1175,611458,-19058,628,103,-18327,-2675,24811,4082,0,0,1,0,1,0
1176,611979,-19381,522,254,-18605,-2840,20620,10053,0,0,1,0,1,0
1177,612500,-18959,396,396,-18168,-2896,15637,15637,0,0,1,0,1,0
1178,613020,-17809,254,522,-17033,-2840,10053,20620,0,0,1,0,1,0
1179,613541,-15974,103,628,-15243,-2675,4082,24811,0,0,1,0,1,0
1180,614062,-13525,-52,709,-12867,-2408,-2045,28048,0,0,1,0,1,0
1181,614583,-10557,-205,764,-9997,-2048,-8094,30208,0,0,1,0,1,0
1182,615104,-7182,-350,789,-6743,-1609,-13832,31207,0,0,1,0,1,0
1183,615625,-3532,-482,784,-3230,-1108,-19038,31006,0,0,1,0,1,0
1184,616145,254,-595,749,408,-565,-23513,29614,0,0,1,0,1,0
1185,616666,4030,-685,685,4030,0,-27084,27084,0,0,1,0,1,0
1186,617187,7651,-749,595,7497,565,-29614,23513,0,0,1,0,1,0
1187,617708,10979,-784,482,10676,1108,-31006,19038,0,0,1,0,1,0
1188,618229,13884,-789,350,13444,1609,-31207,13832,0,0,1,0,1,0
1189,618750,16256,-764,205,15696,2048,-30208,8094,0,0,1,0,1,0
1190,619270,18003,-709,52,17345,2408,-28048,2045,0,0,1,0,1,0
1191,619791,19058,-628,-103,18327,2675,-24811,-4082,0,0,1,0,1,0
1192,620312,19381,-522,-254,18605,2840,-20620,-10053,0,0,1,0,1,0
1193,620833,18959,-396,-396,18168,2896,-15637,-15637,0,0,1,0,1,0
1194,621354,17809,-254,-522,17033,2840,-10053,-20620,0,0,1,0,1,0
1195,621875,15974,-103,-628,15243,2675,-4082,-24811,0,0,1,0,1,0
1196,622395,13525,52,-709,12867,2408,2045,-28048,0,0,1,0,1,0
1197,622916,10557,205,-764,9997,2048,8094,-30208,0,0,1,0,1,0
1198,623437,7182,350,-789,6743,1609,13832,-31207,0,0,1,0,1,0
1199,623958,3532,482,-784,3230,1108,19038,-31006,0,0,1,0,1,0
1200,624479,-254,595,-749,-408,565,23513,-29614,0,0,1,0,1,0
1201,625000,-4030,685,-685,-4030,0,27084,-27084,0,0,1,0,1,0
1202,625520,-7651,749,-595,-7497,-565,29614,-23513,0,0,1,0,1,0
1203,626041,-10979,784,-482,-10676,-1108,31006,-19038,0,0,1,0,1,0
1204,626562,-13884,789,-350,-13444,-1609,31207,-13832,0,0,1,0,1,0
1205,627083,-16256,764,-205,-15696,-2048,30208,-8094,0,0,1,0,1,0
1206,627604,-18003,709,-52,-17345,-2408,28048,-2045,0,0,1,0,1,0
1207,628125,-19058,628,103,-18327,-2675,24811,4082,0,0,1,0,1,0
1208,628645,-19381,522,254,-18605,-2840,20620,10053,0,0,1,0,1,0
1209,629166,-18959,396,396,-18168,-2896,15637,15637,0,0,1,0,1,0
1210,629687,-17809,254,522,-17033,-2840,10053,20620,0,0,1,0,1,0
1211,630208,-15974,103,628,-15243,-2675,4082,24811,0,0,1,0,1,0
1212,630729,-13525,-52,709,-12867,-2408,-2045,28048,0,0,1,0,1,0
1213,631250,-10557,-205,764,-9997,-2048,-8094,30208,0,0,1,0,1,0
1214,631770,-7182,-350,789,-6743,-1609,-13832,31207,0,0,1,0,1,0
1215,632291,-3532,-482,784,-3230,-1108,-19038,31006,0,0,1,0,1,0
1216,632812,254,-595,749,408,-565,-23513,29614,0,0,1,0,1,0
1217,633333,4030,-685,685,4030,0,-27084,27084,0,0,1,0,1,0
1218,633854,7651,-749,595,7497,565,-29614,23513,0,0,1,0,1,0
1219,634375,10979,-784,482,10676,1108,-31006,19038,0,0,1,0,1,0
1220,634895,13884,-789,350,13444,1609,-31207,13832,0,0,1,0,1,0
1221,635416,16256,-764,205,15696,2048,-30208,8094,0,0,1,0,1,0
1222,635937,18003,-709,52,17345,2408,-28048,2045,0,0,1,0,1,0
1223,636458,19058,-628,-103,18327,2675,-24811,-4082,0,0,1,0,1,0
1224,636979,19381,-522,-254,18605,2840,-20620,-10053,0,0,1,0,1,0
1225,637500,18959,-396,-396,18168,2896,-15637,-15637,0,0,1,0,1,0
1226,638020,17809,-254,-522,17033,2840,-10053,-20620,0,0,1,0,1,0
1227,638541,15974,-103,-628,15243,2675,-4082,-24811,0,0,1,0,1,0
1228,639062,13525,52,-709,12867,2408,2045,-28048,0,0,1,0,1,0
1229,639583,10557,205,-764,9997,2048,8094,-30208,0,0,1,0,1,0
1230,640104,7182,350,-789,6743,1609,13832,-31207,0,0,1,0,1,0
1231,640625,3532,482,-784,3230,1108,19038,-31006,0,0,1,0,1,0
1232,641145,-254,595,-749,-408,565,23513,-29614,0,0,1,0,1,0
1233,641666,-4030,685,-685,-4030,0,27084,-27084,0,0,1,0,1,0
1234,642187,-7651,749,-595,-7497,-565,29614,-23513,0,0,1,0,1,0
1235,642708,-10979,784,-482,-10676,-1108,31006,-19038,0,0,1,0,1,0
1236,643229,-13884,789,-350,-13444,-1609,31207,-13832,0,0,1,0,1,0
1237,643750,-16256,764,-205,-15696,-2048,30208,-8094,0,0,1,0,1,0
1238,644270,-18003,709,-52,-17345,-2408,28048,-2045,0,0,1,0,1,0
1239,644791,-19058,628,103,-18327,-2675,24811,4082,0,0,1,0,1,0
1240,645312,-19381,522,254,-18605,-2840,20620,10053,0,0,1,0,1,0
1241,645833,-18959,396,396,-18168,-2896,15637,15637,0,0,1,0,1,0
1242,646354,-17809,254,522,-17033,-2840,10053,20620,0,0,1,0,1,0
1243,646875,-15974,103,628,-15243,-2675,4082,24811,0,0,1,0,1,0
1244,647395,-13525,-52,709,-12867,-2408,-2045,28048,0,0,1,0,1,0
1245,647916,-10557,-205,764,-9997,-2048,-8094,30208,0,0,1,0,1,0
1246,648437,-7182,-350,789,-6743,-1609,-13832,31207,0,0,1,0,1,0
1247,648958,-3532,-482,784,-3230,-1108,-19038,31006,0,0,1,0,1,0
1248,649479,254,-595,749,408,-565,-23513,29614,0,0,1,0,1,0
1249,650000,4030,-685,685,4030,0,-27084,27084,0,0,1,0,1,0
1250,650520,7651,-749,595,7497,565,-29614,23513,0,0,1,0,1,0
1251,651041,10979,-784,482,10676,1108,-31006,19038,0,0,1,0,1,0
1252,651562,13884,-789,350,13444,1609,-31207,13832,0,0,1,0,1,0
1253,652083,16256,-764,205,15696,2048,-30208,8094,0,0,1,0,1,0
1254,652604,18003,-709,52,17345,2408,-28048,2045,0,0,1,0,1,0
1255,653125,19058,-628,-103,18327,2675,-24811,-4082,0,0,1,0,1,0
1256,653645,19381,-522,-254,18605,2840,-20620,-10053,0,0,1,0,1,0
1257,654166,18959,-396,-396,18168,2896,-15637,-15637,0,0,1,0,1,0
1258,654687,17809,-254,-522,17033,2840,-10053,-20620,0,0,1,0,1,0
1259,655208,15974,-103,-628,15243,2675,-4082,-24811,0,0,1,0,1,0
1260,655729,13525,52,-709,12867,2408,2045,-28048,0,0,1,0,1,0
1261,656250,10557,205,-764,9997,2048,8094,-30208,0,0,1,0,1,0
1262,656770,7182,350,-789,6743,1609,13832,-31207,0,0,1,0,1,0
1263,657291,3532,482,-784,3230,1108,19038,-31006,0,0,1,0,1,0
1264,657812,-254,595,-749,-408,565,23513,-29614,0,0,1,0,1,0
1265,658333,-4030,685,-685,-4030,0,27084,-27084,0,0,1,0,1,0
1266,658854,-7651,749,-595,-7497,-565,29614,-23513,0,0,1,0,1,0
1267,659375,-10979,784,-482,-10676,-1108,31006,-19038,0,0,1,0,1,0
1268,659895,-13884,789,-350,-13444,-1609,31207,-13832,0,0,1,0,1,0
1269,660416,-16256,764,-205,-15696,-2048,30208,-8094,0,0,1,0,1,0
1270,660937,-18003,709,-52,-17345,-2408,28048,-2045,0,0,1,0,1,0
1271,661458,-19058,628,103,-18327,-2675,24811,4082,0,0,1,0,1,0
1272,661979,-19381,522,254,-18605,-2840,20620,10053,0,0,1,0,1,0
1273,662500,-18959,396,396,-18168,-2896,15637,15637,0,0,1,0,1,0
1274,663020,-17809,254,522,-17033,-2840,10053,20620,0,0,1,0,1,0
1275,663541,-15974,103,628,-15243,-2675,4082,24811,0,0,1,0,1,0
1276,664062,-13525,-52,709,-12867,-2408,-2045,28048,0,0,1,0,1,0
1277,664583,-10557,-205,764,-9997,-2048,-8094,30208,0,0,1,0,1,0
1278,665104,-7182,-350,789,-6743,-1609,-13832,31207,0,0,1,0,1,0
1279,665625,-3532,-482,784,-3230,-1108,-19038,31006,0,0,1,0,1,0
1280,666145,254,-595,749,408,-565,-23513,29614,0,0,1,0,1,0
1281,666666,4030,-685,685,4030,0,-27084,27084,0,0,1,0,1,0
1282,667187,7651,-749,595,7497,565,-29614,23513,0,0,1,0,1,0
1283,667708,10979,-784,482,10676,1108,-31006,19038,0,0,1,0,1,0
1284,668229,13884,-789,350,13444,1609,-31207,13832,0,0,1,0,1,0
1285,668750,16256,-764,205,15696,2048,-30208,8094,0,0,1,0,1,0
1286,669270,18003,-709,52,17345,2408,-28048,2045,0,0,1,0,1,0
1287,669791,19058,-628,-103,18327,2675,-24811,-4082,0,0,1,0,1,0
1288,670312,19381,-522,-254,18605,2840,-20620,-10053,0,0,1,0,1,0
1289,670833,18959,-396,-396,18168,2896,-15637,-15637,0,0,1,0,1,0
1290,671354,17809,-254,-522,17033,2840,-10053,-20620,0,0,1,0,1,0
1291,671875,15974,-103,-628,15243,2675,-4082,-24811,0,0,1,0,1,0
1292,672395,13525,52,-709,12867,2408,2045,-28048,0,0,1,0,1,0
1293,672916,10557,205,-764,9997,2048,8094,-30208,0,0,1,0,1,0
1294,673437,7182,350,-789,6743,1609,13832,-31207,0,0,1,0,1,0
1295,673958,3532,482,-784,3230,1108,19038,-31006,0,0,1,0,1,0
1296,674479,-254,595,-749,-408,565,23513,-29614,0,0,1,0,1,0
1297,675000,-4030,685,-685,-4030,0,27084,-27084,0,0,1,0,1,0
1298,675520,-7651,749,-595,-7497,-565,29614,-23513,0,0,1,0,1,0
1299,676041,-10979,784,-482,-10676,-1108,31006,-19038,0,0,1,0,1,0
1300,676562,-13884,789,-350,-13444,-1609,31207,-13832,0,0,1,0,1,0
1301,677083,-16256,764,-205,-15696,-2048,30208,-8094,0,0,1,0,1,0
1302,677604,-18003,709,-52,-17345,-2408,28048,-2045,0,0,1,0,1,0
1303,678125,-19058,628,103,-18327,-2675,24811,4082,0,0,1,0,1,0
1304,678645,-19381,522,254,-18605,-2840,20620,10053,0,0,1,0,1,0
1305,679166,-18959,396,396,-18168,-2896,15637,15637,0,0,1,0,1,0
1306,679687,-17809,254,522,-17033,-2840,10053,20620,0,0,1,0,1,0
1307,680208,-15974,103,628,-15243,-2675,4082,24811,0,0,1,0,1,0
1308,680729,-13525,-52,709,-12867,-2408,-2045,28048,0,0,1,0,1,0
1309,681250,-10557,-205,764,-9997,-2048,-8094,30208,0,0,1,0,1,0
1310,681770,-7182,-350,789,-6743,-1609,-13832,31207,0,0,1,0,1,0
1311,682291,-3532,-482,784,-3230,-1108,-19038,31006,0,0,1,0,1,0
1312,682812,254,-595,749,408,-565,-23513,29614,0,0,1,0,1,0
1313,683333,4030,-685,685,4030,0,-27084,27084,0,0,1,0,1,0
1314,683854,7651,-749,595,7497,565,-29614,23513,0,0,1,0,1,0
1315,684375,10979,-784,482,10676,1108,-31006,19038,0,0,1,0,1,0
1316,684895,13884,-789,350,13444,1609,-31207,13832,0,0,1,0,1,0
1317,685416,16256,-764,205,15696,2048,-30208,8094,0,0,1,0,1,0
1318,685937,18003,-709,52,17345,2408,-28048,2045,0,0,1,0,1,0
1319,686458,19058,-628,-103,18327,2675,-24811,-4082,0,0,1,0,1,0
1320,686979,19381,-522,-254,18605,2840,-20620,-10053,0,0,1,0,1,0
1321,687500,18959,-396,-396,18168,2896,-15637,-15637,0,0,1,0,1,0
1322,688020,17809,-254,-522,17033,2840,-10053,-20620,0,0,1,0,1,0
1323,688541,15974,-103,-628,15243,2675,-4082,-24811,0,0,1,0,1,0
1324,689062,13525,52,-709,12867,2408,2045,-28048,0,0,1,0,1,0
1325,689583,10557,205,-764,9997,2048,8094,-30208,0,0,1,0,1,0
1326,690104,7182,350,-789,6743,1609,13832,-31207,0,0,1,0,1,0
1327,690625,3532,482,-784,3230,1108,19038,-31006,0,0,1,0,1,0
1328,691145,-254,595,-749,-408,565,23513,-29614,0,0,1,0,1,0
1329,691666,-4030,685,-685,-4030,0,27084,-27084,0,0,1,0,1,0
1330,692187,-7651,749,-595,-7497,-565,29614,-23513,0,0,1,0,1,0
1331,692708,-10979,784,-482,-10676,-1108,31006,-19038,0,0,1,0,1,0
1332,693229,-13884,789,-350,-13444,-1609,31207,-13832,0,0,1,0,1,0
1333,693750,-16256,764,-205,-15696,-2048,30208,-8094,0,0,1,0,1,0
1334,694270,-18003,709,-52,-17345,-2408,28048,-2045,0,0,1,0,1,0
1335,694791,-19058,628,103,-18327,-2675,24811,4082,0,0,1,0,1,0
1336,695312,-19381,522,254,-18605,-2840,20620,10053,0,0,1,0,1,0
1337,695833,-18959,396,396,-18168,-2896,15637,15637,0,0,1,0,1,0
1338,696354,-17809,254,522,-17033,-2840,10053,20620,0,0,1,0,1,0
1339,696875,-15974,103,628,-15243,-2675,4082,24811,0,0,1,0,1,0
1340,697395,-13525,-52,709,-12867,-2408,-2045,28048,0,0,1,0,1,0
1341,697916,-10557,-205,764,-9997,-2048,-8094,30208,0,0,1,0,1,0
1342,698437,-7182,-350,789,-6743,-1609,-13832,31207,0,0,1,0,1,0
1343,698958,-3532,-482,784,-3230,-1108,-19038,31006,0,0,1,0,1,0
1344,699479,254,-595,749,408,-565,-23513,29614,0,0,1,0,1,0
1345,700000,4030,-685,685,4030,0,-27084,27084,0,0,1,0,1,0
1346,700520,7651,-749,595,7497,565,-29614,23513,0,0,1,0,1,0
1347,701041,10979,-784,482,10676,1108,-31006,19038,0,0,1,0,1,0
1348,701562,13884,-789,350,13444,1609,-31207,13832,0,0,1,0,1,0
1349,702083,16256,-764,205,15696,2048,-30208,8094,0,0,1,0,1,0
1350,702604,18003,-709,52,17345,2408,-28048,2045,0,0,1,0,1,0
1351,703125,19058,-628,-103,18327,2675,-24811,-4082,0,0,1,0,1,0
1352,703645,19381,-522,-254,18605,2840,-20620,-10053,0,0,1,0,1,0
1353,704166,18959,-396,-396,18168,2896,-15637,-15637,0,0,1,0,1,0
1354,704687,17809,-254,-522,17033,2840,-10053,-20620,0,0,1,0,1,0
1355,705208,15974,-103,-628,15243,2675,-4082,-24811,0,0,1,0,1,0
1356,705729,13525,52,-709,12867,2408,2045,-28048,0,0,1,0,1,0
1357,706250,10557,205,-764,9997,2048,8094,-30208,0,0,1,0,1,0
1358,706770,7182,350,-789,6743,1609,13832,-31207,0,0,1,0,1,0
1359,707291,3532,482,-784,3230,1108,19038,-31006,0,0,1,0,1,0
1360,707812,-254,595,-749,-408,565,23513,-29614,0,0,1,0,1,0
1361,708333,-4030,685,-685,-4030,0,27084,-27084,0,0,1,0,1,0
1362,708854,-7651,749,-595,-7497,-565,29614,-23513,0,0,1,0,1,0
1363,709375,-10979,784,-482,-10676,-1108,31006,-19038,0,0,1,0,1,0
1364,709895,-13884,789,-350,-13444,-1609,31207,-13832,0,0,1,0,1,0
1365,710416,-16256,764,-205,-15696,-2048,30208,-8094,0,0,1,0,1,0
1366,710937,-18003,709,-52,-17345,-2408,28048,-2045,0,0,1,0,1,0
1367,711458,-19058,628,103,-18327,-2675,24811,4082,0,0,1,0,1,0
1368,711979,-19381,522,254,-18605,-2840,20620,10053,0,0,1,0,1,0
1369,712500,-18959,396,396,-18168,-2896,15637,15637,0,0,1,0,1,0
1370,713020,-17809,254,522,-17033,-2840,10053,20620,0,0,1,0,1,0
1371,713541,-15974,103,628,-15243,-2675,4082,24811,0,0,1,0,1,0
1372,714062,-13525,-52,709,-12867,-2408,-2045,28048,0,0,1,0,1,0
1373,714583,-10557,-205,764,-9997,-2048,-8094,30208,0,0,1,0,1,0
1374,715104,-7182,-350,789,-6743,-1609,-13832,31207,0,0,1,0,1,0
1375,715625,-3532,-482,784,-3230,-1108,-19038,31006,0,0,1,0,1,0
1376,716145,254,-595,749,408,-565,-23513,29614,0,0,1,0,1,0
1377,716666,4030,-685,685,4030,0,-27084,27084,0,0,1,0,1,0
1378,717187,7651,-749,595,7497,565,-29614,23513,0,0,1,0,1,0
1379,717708,10979,-784,482,10676,1108,-31006,19038,0,0,1,0,1,0
1380,718229,13884,-789,350,13444,1609,-31207,13832,0,0,1,0,1,0
1381,718750,16256,-764,205,15696,2048,-30208,8094,0,0,1,0,1,0
1382,719270,18003,-709,52,17345,2408,-28048,2045,0,0,1,0,1,0
1383,719791,19058,-628,-103,18327,2675,-24811,-4082,0,0,1,0,1,0
1384,720312,19381,-522,-254,18605,2840,-20620,-10053,0,0,1,0,1,0
1385,720833,18959,-396,-396,18168,2896,-15637,-15637,0,0,1,0,1,0
1386,721354,17809,-254,-522,17033,2840,-10053,-20620,0,0,1,0,1,0
1387,721875,15974,-103,-628,15243,2675,-4082,-24811,0,0,1,0,1,0
1388,722395,13525,52,-709,12867,2408,2045,-28048,0,0,1,0,1,0
1389,722916,10557,205,-764,9997,2048,8094,-30208,0,0,1,0,1,0
1390,723437,7182,350,-789,6743,1609,13832,-31207,0,0,1,0,1,0
1391,723958,3532,482,-784,3230,1108,19038,-31006,0,0,1,0,1,0
1392,724479,-254,595,-749,-408,565,23513,-29614,0,0,1,0,1,0
1393,725000,-4030,685,-685,-4030,0,27084,-27084,0,0,1,0,1,0
1394,725520,-7651,749,-595,-7497,-565,29614,-23513,0,0,1,0,1,0
1395,726041,-10979,784,-482,-10676,-1108,31006,-19038,0,0,1,0,1,0
1396,726562,-13884,789,-350,-13444,-1609,31207,-13832,0,0,1,0,1,0
1397,727083,-16256,764,-205,-15696,-2048,30208,-8094,0,0,1,0,1,0
1398,727604,-18003,709,-52,-17345,-2408,28048,-2045,0,0,1,0,1,0
1399,728125,-19058,628,103,-18327,-2675,24811,4082,0,0,1,0,1,0
1400,728645,-19381,522,254,-18605,-2840,20620,10053,0,0,1,0,1,0
1401,729166,-18959,396,396,-18168,-2896,15637,15637,0,0,1,0,1,0
1402,729687,-17809,254,522,-17033,-2840,10053,20620,0,0,1,0,1,0
1403,730208,-15974,103,628,-15243,-2675,4082,24811,0,0,1,0,1,0
1404,730729,-13525,-52,709,-12867,-2408,-2045,28048,0,0,1,0,1,0
1405,731250,-10557,-205,764,-9997,-2048,-8094,30208,0,0,1,0,1,0
1406,731770,-7182,-350,789,-6743,-1609,-13832,31207,0,0,1,0,1,0
1407,732291,-3532,-482,784,-3230,-1108,-19038,31006,0,0,1,0,1,0
1408,732812,254,-595,749,408,-565,-23513,29614,0,0,1,0,1,0
1409,733333,4030,-685,685,4030,0,-27084,27084,0,0,1,0,1,0
1410,733854,7651,-749,595,7497,565,-29614,23513,0,0,1,0,1,0
1411,734375,10979,-784,482,10676,1108,-31006,19038,0,0,1,0,1,0
1412,734895,13884,-789,350,13444,1609,-31207,13832,0,0,1,0,1,0
1413,735416,16256,-764,205,15696,2048,-30208,8094,0,0,1,0,1,0
1414,735937,18003,-709,52,17345,2408,-28048,2045,0,0,1,0,1,0
1415,736458,19058,-628,-103,18327,2675,-24811,-4082,0,0,1,0,1,0
1416,736979,19381,-522,-254,18605,2840,-20620,-10053,0,0,1,0,1,0
1417,737500,18959,-396,-396,18168,2896,-15637,-15637,0,0,1,0,1,0
1418,738020,17809,-254,-522,17033,2840,-10053,-20620,0,0,1,0,1,0
1419,738541,15974,-103,-628,15243,2675,-4082,-24811,0,0,1,0,1,0
1420,739062,13525,52,-709,12867,2408,2045,-28048,0,0,1,0,1,0
1421,739583,10557,205,-764,9997,2048,8094,-30208,0,0,1,0,1,0
1422,740104,7182,350,-789,6743,1609,13832,-31207,0,0,1,0,1,0
1423,740625,3532,482,-784,3230,1108,19038,-31006,0,0,1,0,1,0
1424,741145,-254,595,-749,-408,565,23513,-29614,0,0,1,0,1,0
1425,741666,-4030,685,-685,-4030,0,27084,-27084,0,0,1,0,1,0
1426,742187,-7651,749,-595,-7497,-565,29614,-23513,0,0,1,0,1,0
1427,742708,-10979,784,-482,-10676,-1108,31006,-19038,0,0,1,0,1,0
1428,743229,-13884,789,-350,-13444,-1609,31207,-13832,0,0,1,0,1,0
1429,743750,-16256,764,-205,-15696,-2048,30208,-8094,0,0,1,0,1,0
1430,744270,-18003,709,-52,-17345,-2408,28048,-2045,0,0,1,0,1,0
1431,744791,-19058,628,103,-18327,-2675,24811,4082,0,0,1,0,1,0
1432,745312,-19381,522,254,-18605,-2840,20620,10053,0,0,1,0,1,0
1433,745833,-18959,396,396,-18168,-2896,15637,15637,0,0,1,0,1,0
1434,746354,-17809,254,522,-17033,-2840,10053,20620,0,0,1,0,1,0
1435,746875,-15974,103,628,-15243,-2675,4082,24811,0,0,1,0,1,0
1436,747395,-13525,-52,709,-12867,-2408,-2045,28048,0,0,1,0,1,0
1437,747916,-10557,-205,764,-9997,-2048,-8094,30208,0,0,1,0,1,0
1438,748437,-7182,-350,789,-6743,-1609,-13832,31207,0,0,1,0,1,0
1439,748958,-3532,-482,784,-3230,-1108,-19038,31006,0,0,1,0,1,0
1440,749479,254,-595,749,408,-565,-23513,29614,0,0,1,0,1,0
1441,750000,4030,-685,685,4030,0,-27084,27084,0,0,1,0,1,0
1442,750520,7651,-749,595,7497,565,-29614,23513,0,0,1,0,1,0
1443,751041,10979,-784,482,10676,1108,-31006,19038,0,0,1,0,1,0
1444,751562,13884,-789,350,13444,1609,-31207,13832,0,0,1,0,1,0
1445,752083,16256,-764,205,15696,2048,-30208,8094,0,0,1,0,1,0
1446,752604,18003,-709,52,17345,2408,-28048,2045,0,0,1,0,1,0
1447,753125,19058,-628,-103,18327,2675,-24811,-4082,0,0,1,0,1,0
1448,753645,19381,-522,-254,18605,2840,-20620,-10053,0,0,1,0,1,0
1449,754166,18959,-396,-396,18168,2896,-15637,-15637,0,0,1,0,1,0
1450,754687,17809,-254,-522,17033,2840,-10053,-20620,0,0,1,0,1,0
1451,755208,15974,-103,-628,15243,2675,-4082,-24811,0,0,1,0,1,0
1452,755729,13525,52,-709,12867,2408,2045,-28048,0,0,1,0,1,0
1453,756250,10557,205,-764,9997,2048,8094,-30208,0,0,1,0,1,0
1454,756770,7182,350,-789,6743,1609,13832,-31207,0,0,1,0,1,0
1455,757291,3532,482,-784,3230,1108,19038,-31006,0,0,1,0,1,0
1456,757812,-254,595,-749,-408,565,23513,-29614,0,0,1,0,1,0
1457,758333,-4030,685,-685,-4030,0,27084,-27084,0,0,1,0,1,0
1458,758854,-7651,749,-595,-7497,-565,29614,-23513,0,0,1,0,1,0
1459,759375,-10979,784,-482,-10676,-1108,31006,-19038,0,0,1,0,1,0
1460,759895,-13884,789,-350,-13444,-1609,31207,-13832,0,0,1,0,1,0
1461,760416,-16256,764,-205,-15696,-2048,30208,-8094,0,0,1,0,1,0
1462,760937,-18003,709,-52,-17345,-2408,28048,-2045,0,0,1,0,1,0
1463,761458,-19058,628,103,-18327,-2675,24811,4082,0,0,1,0,1,0
1464,761979,-19381,522,254,-18605,-2840,20620,10053,0,0,1,0,1,0
1465,762500,-18959,396,396,-18168,-2896,15637,15637,0,0,1,0,1,0
1466,763020,-17809,254,522,-17033,-2840,10053,20620,0,0,1,0,1,0
1467,763541,-15974,103,628,-15243,-2675,4082,24811,0,0,1,0,1,0
1468,764062,-13525,-52,709,-12867,-2408,-2045,28048,0,0,1,0,1,0
1469,764583,-10557,-205,764,-9997,-2048,-8094,30208,0,0,1,0,1,0
1470,765104,-7182,-350,789,-6743,-1609,-13832,31207,0,0,1,0,1,0
1471,765625,-3532,-482,784,-3230,-1108,-19038,31006,0,0,1,0,1,0
1472,766145,254,-595,749,408,-565,-23513,29614,0,0,1,0,1,0
1473,766666,4030,-685,685,4030,0,-27084,27084,0,0,1,0,1,0
1474,767187,7651,-749,595,7497,565,-29614,23513,0,0,1,0,1,0
1475,767708,10979,-784,482,10676,1108,-31006,19038,0,0,1,0,1,0
1476,768229,13884,-789,350,13444,1609,-31207,13832,0,0,1,0,1,0
1477,768750,16256,-764,205,15696,2048,-30208,8094,0,0,1,0,1,0
1478,769270,18003,-709,52,17345,2408,-28048,2045,0,0,1,0,1,0
1479,769791,19058,-628,-103,18327,2675,-24811,-4082,0,0,1,0,1,0
1480,770312,19381,-522,-254,18605,2840,-20620,-10053,0,0,1,0,1,0
1481,770833,18959,-396,-396,18168,2896,-15637,-15637,0,0,1,0,1,0
1482,771354,17809,-254,-522,17033,2840,-10053,-20620,0,0,1,0,1,0
1483,771875,15974,-103,-628,15243,2675,-4082,-24811,0,0,1,0,1,0
1484,772395,13525,52,-709,12867,2408,2045,-28048,0,0,1,0,1,0
1485,772916,10557,205,-764,9997,2048,8094,-30208,0,0,1,0,1,0
1486,773437,7182,350,-789,6743,1609,13832,-31207,0,0,1,0,1,0
1487,773958,3532,482,-784,3230,1108,19038,-31006,0,0,1,0,1,0
1488,774479,-254,595,-749,-408,565,23513,-29614,0,0,1,0,1,0
1489,775000,-4030,685,-685,-4030,0,27084,-27084,0,0,1,0,1,0
1490,775520,-7651,749,-595,-7497,-565,29614,-23513,0,0,1,0,1,0
1491,776041,-10979,784,-482,-10676,-1108,31006,-19038,0,0,1,0,1,0
1492,776562,-13884,789,-350,-13444,-1609,31207,-13832,0,0,1,0,1,0
1493,777083,-16256,764,-205,-15696,-2048,30208,-8094,0,0,1,0,1,0
1494,777604,-18003,709,-52,-17345,-2408,28048,-2045,0,0,1,0,1,0
1495,778125,-19058,628,103,-18327,-2675,24811,4082,0,0,1,0,1,0
1496,778645,-19381,522,254,-18605,-2840,20620,10053,0,0,1,0,1,0
1497,779166,-18959,396,396,-18168,-2896,15637,15637,0,0,1,0,1,0
1498,779687,-17809,254,522,-17033,-2840,10053,20620,0,0,1,0,1,0
1499,780208,-15974,103,628,-15243,-2675,4082,24811,0,0,1,0,1,0
1500,780729,-13525,-52,709,-12867,-2408,-2045,28048,0,0,1,0,1,0
1501,781250,-10557,-205,764,-9997,-2048,-8094,30208,0,0,1,0,1,0
1502,781770,-7182,-350,789,-6743,-1609,-13832,31207,0,0,1,0,1,0
1503,782291,-3532,-482,784,-3230,-1108,-19038,31006,0,0,1,0,1,0
1504,782812,254,-595,749,408,-565,-23513,29614,0,0,1,0,1,0
1505,783333,4030,-685,685,4030,0,-27084,27084,0,0,1,0,1,0
1506,783854,7651,-749,595,7497,565,-29614,23513,0,0,1,0,1,0
1507,784375,10979,-784,482,10676,1108,-31006,19038,0,0,1,0,1,0
1508,784895,13884,-789,350,13444,1609,-31207,13832,0,0,1,0,1,0
1509,785416,16256,-764,205,15696,2048,-30208,8094,0,0,1,0,1,0
1510,785937,18003,-709,52,17345,2408,-28048,2045,0,0,1,0,1,0
1511,786458,19058,-628,-103,18327,2675,-24811,-4082,0,0,1,0,1,0
1512,786979,19381,-522,-254,18605,2840,-20620,-10053,0,0,1,0,1,0
1513,787500,18959,-396,-396,18168,2896,-15637,-15637,0,0,1,0,1,0
1514,788020,17809,-254,-522,17033,2840,-10053,-20620,0,0,1,0,1,0
1515,788541,15974,-103,-628,15243,2675,-4082,-24811,0,0,1,0,1,0
1516,789062,13525,52,-709,12867,2408,2045,-28048,0,0,1,0,1,0
1517,789583,10557,205,-764,9997,2048,8094,-30208,0,0,1,0,1,0
1518,790104,7182,350,-789,6743,1609,13832,-31207,0,0,1,0,1,0
1519,790625,3532,482,-784,3230,1108,19038,-31006,0,0,1,0,1,0
1520,791145,-254,595,-749,-408,565,23513,-29614,0,0,1,0,1,0
1521,791666,-4030,685,-685,-4030,0,27084,-27084,0,0,1,0,1,0
1522,792187,-7651,749,-595,-7497,-565,29614,-23513,0,0,1,0,1,0
1523,792708,-10979,784,-482,-10676,-1108,31006,-19038,0,0,1,0,1,0
1524,793229,-13884,789,-350,-13444,-1609,31207,-13832,0,0,1,0,1,0
1525,793750,-16256,764,-205,-15696,-2048,30208,-8094,0,0,1,0,1,0
1526,794270,-18003,709,-52,-17345,-2408,28048,-2045,0,0,1,0,1,0
1527,794791,-19058,628,103,-18327,-2675,24811,4082,0,0,1,0,1,0
1528,795312,-19381,522,254,-18605,-2840,20620,10053,0,0,1,0,1,0
1529,795833,-18959,396,396,-18168,-2896,15637,15637,0,0,1,0,1,0
1530,796354,-17809,254,522,-17033,-2840,10053,20620,0,0,1,0,1,0
1531,796875,-15974,103,628,-15243,-2675,4082,24811,0,0,1,0,1,0
1532,797395,-13525,-52,709,-12867,-2408,-2045,28048,0,0,1,0,1,0
1533,797916,-10557,-205,764,-9997,-2048,-8094,30208,0,0,1,0,1,0
1534,798437,-7182,-350,789,-6743,-1609,-13832,31207,0,0,1,0,1,0
1535,798958,-3532,-482,784,-3230,-1108,-19038,31006,0,0,1,0,1,0
1536,799479,254,-595,749,408,-565,-23513,29614,0,0,1,0,1,0
1537,800000,4030,-685,685,4030,0,-27084,27084,0,0,1,0,1,0
1538,800520,7651,-749,595,7497,565,-29614,23513,0,0,1,0,1,0
1539,801041,10979,-784,482,10676,1108,-31006,19038,0,0,1,0,1,0
1540,801562,13884,-789,350,13444,1609,-31207,13832,0,0,1,0,1,0
1541,802083,16256,-764,205,15696,2048,-30208,8094,0,0,1,0,1,0
1542,802604,18003,-709,52,17345,2408,-28048,2045,0,0,1,0,1,0
1543,803125,19058,-628,-103,18327,2675,-24811,-4082,0,0,1,0,1,0
1544,803645,19381,-522,-254,18605,2840,-20620,-10053,0,0,1,0,1,0
1545,804166,18959,-396,-396,18168,2896,-15637,-15637,0,0,1,0,1,0
1546,804687,17809,-254,-522,17033,2840,-10053,-20620,0,0,1,0,1,0
1547,805208,15974,-103,-628,15243,2675,-4082,-24811,0,0,1,0,1,0
1548,805729,13525,52,-709,12867,2408,2045,-28048,0,0,1,0,1,0
1549,806250,10557,205,-764,9997,2048,8094,-30208,0,0,1,0,1,0
1550,806770,7182,350,-789,6743,1609,13832,-31207,0,0,1,0,1,0
1551,807291,3532,482,-784,3230,1108,19038,-31006,0,0,1,0,1,0
1552,807812,-254,595,-749,-408,565,23513,-29614,0,0,1,0,1,0
1553,808333,-4030,685,-685,-4030,0,27084,-27084,0,0,1,0,1,0
1554,808854,-7651,749,-595,-7497,-565,29614,-23513,0,0,1,0,1,0
1555,809375,-10979,784,-482,-10676,-1108,31006,-19038,0,0,1,0,1,0
1556,809895,-13884,789,-350,-13444,-1609,31207,-13832,0,0,1,0,1,0
1557,810416,-16256,764,-205,-15696,-2048,30208,-8094,0,0,1,0,1,0
1558,810937,-18003,709,-52,-17345,-2408,28048,-2045,0,0,1,0,1,0
1559,811458,-19058,628,103,-18327,-2675,24811,4082,0,0,1,0,1,0
1560,811979,-19381,522,254,-18605,-2840,20620,10053,0,0,1,0,1,0
1561,812500,-18959,396,396,-18168,-2896,15637,15637,0,0,1,0,1,0
1562,813020,-17809,254,522,-17033,-2840,10053,20620,0,0,1,0,1,0
1563,813541,-15974,103,628,-15243,-2675,4082,24811,0,0,1,0,1,0
1564,814062,-13525,-52,709,-12867,-2408,-2045,28048,0,0,1,0,1,0
1565,814583,-10557,-205,764,-9997,-2048,-8094,30208,0,0,1,0,1,0
1566,815104,-7182,-350,789,-6743,-1609,-13832,31207,0,0,1,0,1,0
1567,815625,-3532,-482,784,-3230,-1108,-19038,31006,0,0,1,0,1,0
1568,816145,254,-595,749,408,-565,-23513,29614,0,0,1,0,1,0
1569,816666,4030,-685,685,4030,0,-27084,27084,0,0,1,0,1,0
1570,817187,7651,-749,595,7497,565,-29614,23513,0,0,1,0,1,0
1571,817708,10979,-784,482,10676,1108,-31006,19038,0,0,1,0,1,0
1572,818229,13884,-789,350,13444,1609,-31207,13832,0,0,1,0,1,0
1573,818750,16256,-764,205,15696,2048,-30208,8094,0,0,1,0,1,0
1574,819270,18003,-709,52,17345,2408,-28048,2045,0,0,1,0,1,0
1575,819791,19058,-628,-103,18327,2675,-24811,-4082,0,0,1,0,1,0
1576,820312,19381,-522,-254,18605,2840,-20620,-10053,0,0,1,0,1,0
1577,820833,18959,-396,-396,18168,2896,-15637,-15637,0,0,1,0,1,0
1578,821354,17809,-254,-522,17033,2840,-10053,-20620,0,0,1,0,1,0
1579,821875,15974,-103,-628,15243,2675,-4082,-24811,0,0,1,0,1,0
1580,822395,13525,52,-709,12867,2408,2045,-28048,0,0,1,0,1,0
1581,822916,10557,205,-764,9997,2048,8094,-30208,0,0,1,0,1,0
1582,823437,7182,350,-789,6743,1609,13832,-31207,0,0,1,0,1,0
1583,823958,3532,482,-784,3230,1108,19038,-31006,0,0,1,0,1,0
1584,824479,-254,595,-749,-408,565,23513,-29614,0,0,1,0,1,0
1585,825000,-4030,685,-685,-4030,0,27084,-27084,0,0,1,0,1,0
1586,825520,-7651,749,-595,-7497,-565,29614,-23513,0,0,1,0,1,0
1587,826041,-10979,784,-482,-10676,-1108,31006,-19038,0,0,1,0,1,0
1588,826562,-13884,789,-350,-13444,-1609,31207,-13832,0,0,1,0,1,0
1589,827083,-16256,764,-205,-15696,-2048,30208,-8094,0,0,1,0,1,0
1590,827604,-18003,709,-52,-17345,-2408,28048,-2045,0,0,1,0,1,0
1591,828125,-19058,628,103,-18327,-2675,24811,4082,0,0,1,0,1,0
1592,828645,-19381,522,254,-18605,-2840,20620,10053,0,0,1,0,1,0
1593,829166,-18959,396,396,-18168,-2896,15637,15637,0,0,1,0,1,0
1594,829687,-17809,254,522,-17033,-2840,10053,20620,0,0,1,0,1,0
1595,830208,-15974,103,628,-15243,-2675,4082,24811,0,0,1,0,1,0
1596,830729,-13525,-52,709,-12867,-2408,-2045,28048,0,0,1,0,1,0
1597,831250,-10557,-205,764,-9997,-2048,-8094,30208,0,0,1,0,1,0
1598,831770,-7182,-350,789,-6743,-1609,-13832,31207,0,0,1,0,1,0
1599,832291,-3532,-482,784,-3230,-1108,-19038,31006,0,0,1,0,1,0
1600,832812,254,-595,749,408,-565,-23513,29614,0,0,1,0,1,0
1601,833333,4030,-685,685,4030,0,-27084,27084,0,0,1,0,1,0
1602,833854,7651,-749,595,7497,565,-29614,23513,0,0,1,0,1,0
1603,834375,10979,-784,482,10676,1108,-31006,19038,0,0,1,0,1,0
1604,834895,13884,-789,350,13444,1609,-31207,13832,0,0,1,0,1,0
1605,835416,16256,-764,205,15696,2048,-30208,8094,0,0,1,0,1,0
1606,835937,18003,-709,52,17345,2408,-28048,2045,0,0,1,0,1,0
1607,836458,19058,-628,-103,18327,2675,-24811,-4082,0,0,1,0,1,0
1608,836979,19381,-522,-254,18605,2840,-20620,-10053,0,0,1,0,1,0
1609,837500,18959,-396,-396,18168,2896,-15637,-15637,0,0,1,0,1,0
1610,838020,17809,-254,-522,17033,2840,-10053,-20620,0,0,1,0,1,0
1611,838541,15974,-103,-628,15243,2675,-4082,-24811,0,0,1,0,1,0
1612,839062,13525,52,-709,12867,2408,2045,-28048,0,0,1,0,1,0
1613,839583,10557,205,-764,9997,2048,8094,-30208,0,0,1,0,1,0
1614,840104,7182,350,-789,6743,1609,13832,-31207,0,0,1,0,1,0
1615,840625,3532,482,-784,3230,1108,19038,-31006,0,0,1,0,1,0
1616,841145,-254,595,-749,-408,565,23513,-29614,0,0,1,0,1,0
1617,841666,-4030,685,-685,-4030,0,27084,-27084,0,0,1,0,1,0
1618,842187,-7651,749,-595,-7497,-565,29614,-23513,0,0,1,0,1,0
1619,842708,-10979,784,-482,-10676,-1108,31006,-19038,0,0,1,0,1,0
1620,843229,-13884,789,-350,-13444,-1609,31207,-13832,0,0,1,0,1,0
1621,843750,-16256,764,-205,-15696,-2048,30208,-8094,0,0,1,0,1,0
1622,844270,-18003,709,-52,-17345,-2408,28048,-2045,0,0,1,0,1,0
1623,844791,-19058,628,103,-18327,-2675,24811,4082,0,0,1,0,1,0
1624,845312,-19381,522,254,-18605,-2840,20620,10053,0,0,1,0,1,0
1625,845833,-18959,396,396,-18168,-2896,15637,15637,0,0,1,0,1,0
1626,846354,-17809,254,522,-17033,-2840,10053,20620,0,0,1,0,1,0
1627,846875,-15974,103,628,-15243,-2675,4082,24811,0,0,1,0,1,0
1628,847395,-13525,-52,709,-12867,-2408,-2045,28048,0,0,1,0,1,0
1629,847916,-10557,-205,764,-9997,-2048,-8094,30208,0,0,1,0,1,0
1630,848437,-7182,-350,789,-6743,-1609,-13832,31207,0,0,1,0,1,0
1631,848958,-3532,-482,784,-3230,-1108,-19038,31006,0,0,1,0,1,0
1632,849479,254,-595,749,408,-565,-23513,29614,0,0,1,0,1,0
1633,850000,4030,-685,685,4030,0,-27084,27084,0,0,1,0,1,0
1634,850520,7651,-749,595,7497,565,-29614,23513,0,0,1,0,1,0
1635,851041,10979,-784,482,10676,1108,-31006,19038,0,0,1,0,1,0
1636,851562,13884,-789,350,13444,1609,-31207,13832,0,0,1,0,1,0
1637,852083,16256,-764,205,15696,2048,-30208,8094,0,0,1,0,1,0
1638,852604,18003,-709,52,17345,2408,-28048,2045,0,0,1,0,1,0
1639,853125,19058,-628,-103,18327,2675,-24811,-4082,0,0,1,0,1,0
1640,853645,19381,-522,-254,18605,2840,-20620,-10053,0,0,1,0,1,0
1641,854166,18959,-396,-396,18168,2896,-15637,-15637,0,0,1,0,1,0
1642,854687,17809,-254,-522,17033,2840,-10053,-20620,0,0,1,0,1,0
1643,855208,15974,-103,-628,15243,2675,-4082,-24811,0,0,1,0,1,0
1644,855729,13525,52,-709,12867,2408,2045,-28048,0,0,1,0,1,0
1645,856250,10557,205,-764,9997,2048,8094,-30208,0,0,1,0,1,0
1646,856770,7182,350,-789,6743,1609,13832,-31207,0,0,1,0,1,0
1647,857291,3532,482,-784,3230,1108,19038,-31006,0,0,1,0,1,0
1648,857812,-254,595,-749,-408,565,23513,-29614,0,0,1,0,1,0
1649,858333,-4030,685,-685,-4030,0,27084,-27084,0,0,1,0,1,0
1650,858854,-7651,749,-595,-7497,-565,29614,-23513,0,0,1,0,1,0
1651,859375,-10979,784,-482,-10676,-1108,31006,-19038,0,0,1,0,1,0
1652,859895,-13884,789,-350,-13444,-1609,31207,-13832,0,0,1,0,1,0
1653,860416,-16256,764,-205,-15696,-2048,30208,-8094,0,0,1,0,1,0
1654,860937,-18003,709,-52,-17345,-2408,28048,-2045,0,0,1,0,1,0
1655,861458,-19058,628,103,-18327,-2675,24811,4082,0,0,1,0,1,0
1656,861979,-19381,522,254,-18605,-2840,20620,10053,0,0,1,0,1,0
1657,862500,-18959,396,396,-18168,-2896,15637,15637,0,0,1,0,1,0
1658,863020,-17809,254,522,-17033,-2840,10053,20620,0,0,1,0,1,0
1659,863541,-15974,103,628,-15243,-2675,4082,24811,0,0,1,0,1,0
1660,864062,-13525,-52,709,-12867,-2408,-2045,28048,0,0,1,0,1,0
1661,864583,-10557,-205,764,-9997,-2048,-8094,30208,0,0,1,0,1,0
1662,865104,-7182,-350,789,-6743,-1609,-13832,31207,0,0,1,0,1,0
1663,865625,-3532,-482,784,-3230,-1108,-19038,31006,0,0,1,0,1,0
1664,866145,254,-595,749,408,-565,-23513,29614,0,0,1,0,1,0
1665,866666,4030,-685,685,4030,0,-27084,27084,0,0,1,0,1,0
1666,867187,7651,-749,595,7497,565,-29614,23513,0,0,1,0,1,0
1667,867708,10979,-784,482,10676,1108,-31006,19038,0,0,1,0,1,0
1668,868229,13884,-789,350,13444,1609,-31207,13832,0,0,1,0,1,0
1669,868750,16256,-764,205,15696,2048,-30208,8094,0,0,1,0,1,0
1670,869270,18003,-709,52,17345,2408,-28048,2045,0,0,1,0,1,0
1671,869791,19058,-628,-103,18327,2675,-24811,-4082,0,0,1,0,1,0
1672,870312,19381,-522,-254,18605,2840,-20620,-10053,0,0,1,0,1,0
1673,870833,18959,-396,-396,18168,2896,-15637,-15637,0,0,1,0,1,0
1674,871354,17809,-254,-522,17033,2840,-10053,-20620,0,0,1,0,1,0
1675,871875,15974,-103,-628,15243,2675,-4082,-24811,0,0,1,0,1,0
1676,872395,13525,52,-709,12867,2408,2045,-28048,0,0,1,0,1,0
1677,872916,10557,205,-764,9997,2048,8094,-30208,0,0,1,0,1,0
1678,873437,7182,350,-789,6743,1609,13832,-31207,0,0,1,0,1,0
1679,873958,3532,482,-784,3230,1108,19038,-31006,0,0,1,0,1,0
1680,874479,-254,595,-749,-408,565,23513,-29614,0,0,1,0,1,0
1681,875000,-4030,685,-685,-4030,0,27084,-27084,0,0,1,0,1,0
1682,875520,-7651,749,-595,-7497,-565,29614,-23513,0,0,1,0,1,0
1683,876041,-10979,784,-482,-10676,-1108,31006,-19038,0,0,1,0,1,0
1684,876562,-13884,789,-350,-13444,-1609,31207,-13832,0,0,1,0,1,0
1685,877083,-16256,764,-205,-15696,-2048,30208,-8094,0,0,1,0,1,0
1686,877604,-18003,709,-52,-17345,-2408,28048,-2045,0,0,1,0,1,0
1687,878125,-19058,628,103,-18327,-2675,24811,4082,0,0,1,0,1,0
1688,878645,-19381,522,254,-18605,-2840,20620,10053,0,0,1,0,1,0
1689,879166,-18959,396,396,-18168,-2896,15637,15637,0,0,1,0,1,0
1690,879687,-17809,254,522,-17033,-2840,10053,20620,0,0,1,0,1,0
1691,880208,-15974,103,628,-15243,-2675,4082,24811,0,0,1,0,1,0
1692,880729,-13525,-52,709,-12867,-2408,-2045,28048,0,0,1,0,1,0
1693,881250,-10557,-205,764,-9997,-2048,-8094,30208,0,0,1,0,1,0
1694,881770,-7182,-350,789,-6743,-1609,-13832,31207,0,0,1,0,1,0
1695,882291,-3532,-482,784,-3230,-1108,-19038,31006,0,0,1,0,1,0
1696,882812,254,-595,749,408,-565,-23513,29614,0,0,1,0,1,0
1697,883333,4030,-685,685,4030,0,-27084,27084,0,0,1,0,1,0
1698,883854,7651,-749,595,7497,565,-29614,23513,0,0,1,0,1,0
1699,884375,10979,-784,482,10676,1108,-31006,19038,0,0,1,0,1,0
1700,884895,13884,-789,350,13444,1609,-31207,13832,0,0,1,0,1,0
1701,885416,16256,-764,205,15696,2048,-30208,8094,0,0,1,0,1,0
1702,885937,18003,-709,52,17345,2408,-28048,2045,0,0,1,0,1,0
1703,886458,19058,-628,-103,18327,2675,-24811,-4082,0,0,1,0,1,0
1704,886979,19381,-522,-254,18605,2840,-20620,-10053,0,0,1,0,1,0
1705,887500,18959,-396,-396,18168,2896,-15637,-15637,0,0,1,0,1,0
1706,888020,17809,-254,-522,17033,2840,-10053,-20620,0,0,1,0,1,0
1707,888541,15974,-103,-628,15243,2675,-4082,-24811,0,0,1,0,1,0
1708,889062,13525,52,-709,12867,2408,2045,-28048,0,0,1,0,1,0
1709,889583,10557,205,-764,9997,2048,8094,-30208,0,0,1,0,1,0
1710,890104,7182,350,-789,6743,1609,13832,-31207,0,0,1,0,1,0
1711,890625,3532,482,-784,3230,1108,19038,-31006,0,0,1,0,1,0
1712,891145,-254,595,-749,-408,565,23513,-29614,0,0,1,0,1,0
1713,891666,-4030,685,-685,-4030,0,27084,-27084,0,0,1,0,1,0
1714,892187,-7651,749,-595,-7497,-565,29614,-23513,0,0,1,0,1,0
1715,892708,-10979,784,-482,-10676,-1108,31006,-19038,0,0,1,0,1,0
1716,893229,-13884,789,-350,-13444,-1609,31207,-13832,0,0,1,0,1,0
1717,893750,-16256,764,-205,-15696,-2048,30208,-8094,0,0,1,0,1,0
1718,894270,-18003,709,-52,-17345,-2408,28048,-2045,0,0,1,0,1,0
1719,894791,-19058,628,103,-18327,-2675,24811,4082,0,0,1,0,1,0
1720,895312,-19381,522,254,-18605,-2840,20620,10053,0,0,1,0,1,0
1721,895833,-18959,396,396,-18168,-2896,15637,15637,0,0,1,0,1,0
1722,896354,-17809,254,522,-17033,-2840,10053,20620,0,0,1,0,1,0
1723,896875,-15974,103,628,-15243,-2675,4082,24811,0,0,1,0,1,0
1724,897395,-13525,-52,709,-12867,-2408,-2045,28048,0,0,1,0,1,0
1725,897916,-10557,-205,764,-9997,-2048,-8094,30208,0,0,1,0,1,0
1726,898437,-7182,-350,789,-6743,-1609,-13832,31207,0,0,1,0,1,0
1727,898958,-3532,-482,784,-3230,-1108,-19038,31006,0,0,1,0,1,0
1728,899479,254,-595,749,408,-565,-23513,29614,0,0,1,0,1,0
1729,900000,4030,-685,685,4030,0,-27084,27084,0,0,1,0,1,0
1730,900520,7651,-749,595,7497,565,-29614,23513,0,0,1,0,1,0
1731,901041,10979,-784,482,10676,1108,-31006,19038,0,0,1,0,1,0
1732,901562,13884,-789,350,13444,1609,-31207,13832,0,0,1,0,1,0
1733,902083,16256,-764,205,15696,2048,-30208,8094,0,0,1,0,1,0
1734,902604,18003,-709,52,17345,2408,-28048,2045,0,0,1,0,1,0
1735,903125,19058,-628,-103,18327,2675,-24811,-4082,0,0,1,0,1,0
1736,903645,19381,-522,-254,18605,2840,-20620,-10053,0,0,1,0,1,0
1737,904166,18959,-396,-396,18168,2896,-15637,-15637,0,0,1,0,1,0
1738,904687,17809,-254,-522,17033,2840,-10053,-20620,0,0,1,0,1,0
1739,905208,15974,-103,-628,15243,2675,-4082,-24811,0,0,1,0,1,0
1740,905729,13525,52,-709,12867,2408,2045,-28048,0,0,1,0,1,0
1741,906250,10557,205,-764,9997,2048,8094,-30208,0,0,1,0,1,0
1742,906770,7182,350,-789,6743,1609,13832,-31207,0,0,1,0,1,0
1743,907291,3532,482,-784,3230,1108,19038,-31006,0,0,1,0,1,0
1744,907812,-254,595,-749,-408,565,23513,-29614,0,0,1,0,1,0
1745,908333,-4030,685,-685,-4030,0,27084,-27084,0,0,1,0,1,0
1746,908854,-7651,749,-595,-7497,-565,29614,-23513,0,0,1,0,1,0
1747,909375,-10979,784,-482,-10676,-1108,31006,-19038,0,0,1,0,1,0
1748,909895,-13884,789,-350,-13444,-1609,31207,-13832,0,0,1,0,1,0
1749,910416,-16256,764,-205,-15696,-2048,30208,-8094,0,0,1,0,1,0
1750,910937,-18003,709,-52,-17345,-2408,28048,-2045,0,0,1,0,1,0
1751,911458,-19058,628,103,-18327,-2675,24811,4082,0,0,1,0,1,0
1752,911979,-19381,522,254,-18605,-2840,20620,10053,0,0,1,0,1,0
1753,912500,-18959,396,396,-18168,-2896,15637,15637,0,0,1,0,1,0
1754,913020,-17809,254,522,-17033,-2840,10053,20620,0,0,1,0,1,0
1755,913541,-15974,103,628,-15243,-2675,4082,24811,0,0,1,0,1,0
1756,914062,-13525,-52,709,-12867,-2408,-2045,28048,0,0,1,0,1,0
1757,914583,-10557,-205,764,-9997,-2048,-8094,30208,0,0,1,0,1,0
1758,915104,-7182,-350,789,-6743,-1609,-13832,31207,0,0,1,0,1,0
1759,915625,-3532,-482,784,-3230,-1108,-19038,31006,0,0,1,0,1,0
1760,916145,254,-595,749,408,-565,-23513,29614,0,0,1,0,1,0
1761,916666,4030,-685,685,4030,0,-27084,27084,0,0,1,0,1,0
1762,917187,7651,-749,595,7497,565,-29614,23513,0,0,1,0,1,0
1763,917708,10979,-784,482,10676,1108,-31006,19038,0,0,1,0,1,0
1764,918229,13884,-789,350,13444,1609,-31207,13832,0,0,1,0,1,0
1765,918750,16256,-764,205,15696,2048,-30208,8094,0,0,1,0,1,0
1766,919270,18003,-709,52,17345,2408,-28048,2045,0,0,1,0,1,0
1767,919791,19058,-628,-103,18327,2675,-24811,-4082,0,0,1,0,1,0
1768,920312,19381,-522,-254,18605,2840,-20620,-10053,0,0,1,0,1,0
1769,920833,18959,-396,-396,18168,2896,-15637,-15637,0,0,1,0,1,0
1770,921354,17809,-254,-522,17033,2840,-10053,-20620,0,0,1,0,1,0
1771,921875,15974,-103,-628,15243,2675,-4082,-24811,0,0,1,0,1,0
1772,922395,13525,52,-709,12867,2408,2045,-28048,0,0,1,0,1,0
1773,922916,10557,205,-764,9997,2048,8094,-30208,0,0,1,0,1,0
1774,923437,7182,350,-789,6743,1609,13832,-31207,0,0,1,0,1,0
1775,923958,3532,482,-784,3230,1108,19038,-31006,0,0,1,0,1,0
1776,924479,-254,595,-749,-408,565,23513,-29614,0,0,1,0,1,0
1777,925000,-4030,685,-685,-4030,0,27084,-27084,0,0,1,0,1,0
1778,925520,-7651,749,-595,-7497,-565,29614,-23513,0,0,1,0,1,0
1779,926041,-10979,784,-482,-10676,-1108,31006,-19038,0,0,1,0,1,0
1780,926562,-13884,789,-350,-13444,-1609,31207,-13832,0,0,1,0,1,0
1781,927083,-16256,764,-205,-15696,-2048,30208,-8094,0,0,1,0,1,0
1782,927604,-18003,709,-52,-17345,-2408,28048,-2045,0,0,1,0,1,0
1783,928125,-19058,628,103,-18327,-2675,24811,4082,0,0,1,0,1,0
1784,928645,-19381,522,254,-18605,-2840,20620,10053,0,0,1,0,1,0
1785,929166,-18959,396,396,-18168,-2896,15637,15637,0,0,1,0,1,0
1786,929687,-17809,254,522,-17033,-2840,10053,20620,0,0,1,0,1,0
1787,930208,-15974,103,628,-15243,-2675,4082,24811,0,0,1,0,1,0
1788,930729,-13525,-52,709,-12867,-2408,-2045,28048,0,0,1,0,1,0
1789,931250,-10557,-205,764,-9997,-2048,-8094,30208,0,0,1,0,1,0
1790,931770,-7182,-350,789,-6743,-1609,-13832,31207,0,0,1,0,1,0
1791,932291,-3532,-482,784,-3230,-1108,-19038,31006,0,0,1,0,1,0
1792,932812,254,-595,749,408,-565,-23513,29614,0,0,1,0,1,0
1793,933333,4030,-685,685,4030,0,-27084,27084,0,0,1,0,1,0
1794,933854,7651,-749,595,7497,565,-29614,23513,0,0,1,0,1,0
1795,934375,10979,-784,482,10676,1108,-31006,19038,0,0,1,0,1,0
1796,934895,13884,-789,350,13444,1609,-31207,13832,0,0,1,0,1,0
1797,935416,16256,-764,205,15696,2048,-30208,8094,0,0,1,0,1,0
1798,935937,18003,-709,52,17345,2408,-28048,2045,0,0,1,0,1,0
1799,936458,19058,-628,-103,18327,2675,-24811,-4082,0,0,1,0,1,0
1800,936979,19381,-522,-254,18605,2840,-20620,-10053,0,0,1,0,1,0
1801,937500,18959,-396,-396,18168,2896,-15637,-15637,0,0,1,0,1,0
1802,938020,17809,-254,-522,17033,2840,-10053,-20620,0,0,1,0,1,0
1803,938541,15974,-103,-628,15243,2675,-4082,-24811,0,0,1,0,1,0
1804,939062,13525,52,-709,12867,2408,2045,-28048,0,0,1,0,1,0
1805,939583,10557,205,-764,9997,2048,8094,-30208,0,0,1,0,1,0
1806,940104,7182,350,-789,6743,1609,13832,-31207,0,0,1,0,1,0
1807,940625,3532,482,-784,3230,1108,19038,-31006,0,0,1,0,1,0
1808,941145,-254,595,-749,-408,565,23513,-29614,0,0,1,0,1,0
1809,941666,-4030,685,-685,-4030,0,27084,-27084,0,0,1,0,1,0
1810,942187,-7651,749,-595,-7497,-565,29614,-23513,0,0,1,0,1,0
1811,942708,-10979,784,-482,-10676,-1108,31006,-19038,0,0,1,0,1,0
1812,943229,-13884,789,-350,-13444,-1609,31207,-13832,0,0,1,0,1,0
1813,943750,-16256,764,-205,-15696,-2048,30208,-8094,0,0,1,0,1,0
1814,944270,-18003,709,-52,-17345,-2408,28048,-2045,0,0,1,0,1,0
1815,944791,-19058,628,103,-18327,-2675,24811,4082,0,0,1,0,1,0
1816,945312,-19381,522,254,-18605,-2840,20620,10053,0,0,1,0,1,0
1817,945833,-18959,396,396,-18168,-2896,15637,15637,0,0,1,0,1,0
1818,946354,-17809,254,522,-17033,-2840,10053,20620,0,0,1,0,1,0
1819,946875,-15974,103,628,-15243,-2675,4082,24811,0,0,1,0,1,0
1820,947395,-13525,-52,709,-12867,-2408,-2045,28048,0,0,1,0,1,0
1821,947916,-10557,-205,764,-9997,-2048,-8094,30208,0,0,1,0,1,0
1822,948437,-7182,-350,789,-6743,-1609,-13832,31207,0,0,1,0,1,0
1823,948958,-3532,-482,784,-3230,-1108,-19038,31006,0,0,1,0,1,0
1824,949479,254,-595,749,408,-565,-23513,29614,0,0,1,0,1,0
1825,950000,4030,-685,685,4030,0,-27084,27084,0,0,1,0,1,0
1826,950520,7651,-749,595,7497,565,-29614,23513,0,0,1,0,1,0
1827,951041,10979,-784,482,10676,1108,-31006,19038,0,0,1,0,1,0
1828,951562,13884,-789,350,13444,1609,-31207,13832,0,0,1,0,1,0
1829,952083,16256,-764,205,15696,2048,-30208,8094,0,0,1,0,1,0
1830,952604,18003,-709,52,17345,2408,-28048,2045,0,0,1,0,1,0
1831,953125,19058,-628,-103,18327,2675,-24811,-4082,0,0,1,0,1,0
1832,953645,19381,-522,-254,18605,2840,-20620,-10053,0,0,1,0,1,0
1833,954166,18959,-396,-396,18168,2896,-15637,-15637,0,0,1,0,1,0
1834,954687,17809,-254,-522,17033,2840,-10053,-20620,0,0,1,0,1,0
1835,955208,15974,-103,-628,15243,2675,-4082,-24811,0,0,1,0,1,0
1836,955729,13525,52,-709,12867,2408,2045,-28048,0,0,1,0,1,0
1837,956250,10557,205,-764,9997,2048,8094,-30208,0,0,1,0,1,0
1838,956770,7182,350,-789,6743,1609,13832,-31207,0,0,1,0,1,0
1839,957291,3532,482,-784,3230,1108,19038,-31006,0,0,1,0,1,0
1840,957812,-254,595,-749,-408,565,23513,-29614,0,0,1,0,1,0
1841,958333,-4030,685,-685,-4030,0,27084,-27084,0,0,1,0,1,0
1842,958854,-7651,749,-595,-7497,-565,29614,-23513,0,0,1,0,1,0
1843,959375,-10979,784,-482,-10676,-1108,31006,-19038,0,0,1,0,1,0
1844,959895,-13884,789,-350,-13444,-1609,31207,-13832,0,0,1,0,1,0
1845,960416,-16256,764,-205,-15696,-2048,30208,-8094,0,0,1,0,1,0
1846,960937,-18003,709,-52,-17345,-2408,28048,-2045,0,0,1,0,1,0
1847,961458,-19058,628,103,-18327,-2675,24811,4082,0,0,1,0,1,0
1848,961979,-19381,522,254,-18605,-2840,20620,10053,0,0,1,0,1,0
1849,962500,-18959,396,396,-18168,-2896,15637,15637,0,0,1,0,1,0
1850,963020,-17809,254,522,-17033,-2840,10053,20620,0,0,1,0,1,0
1851,963541,-15974,103,628,-15243,-2675,4082,24811,0,0,1,0,1,0
1852,964062,-13525,-52,709,-12867,-2408,-2045,28048,0,0,1,0,1,0
1853,964583,-10557,-205,764,-9997,-2048,-8094,30208,0,0,1,0,1,0
1854,965104,-7182,-350,789,-6743,-1609,-13832,31207,0,0,1,0,1,0
1855,965625,-3532,-482,784,-3230,-1108,-19038,31006,0,0,1,0,1,0
1856,966145,254,-595,749,408,-565,-23513,29614,0,0,1,0,1,0
1857,966666,4030,-685,685,4030,0,-27084,27084,0,0,1,0,1,0
1858,967187,7651,-749,595,7497,565,-29614,23513,0,0,1,0,1,0
1859,967708,10979,-784,482,10676,1108,-31006,19038,0,0,1,0,1,0
1860,968229,13884,-789,350,13444,1609,-31207,13832,0,0,1,0,1,0
1861,968750,16256,-764,205,15696,2048,-30208,8094,0,0,1,0,1,0
1862,969270,18003,-709,52,17345,2408,-28048,2045,0,0,1,0,1,0
1863,969791,19058,-628,-103,18327,2675,-24811,-4082,0,0,1,0,1,0
1864,970312,19381,-522,-254,18605,2840,-20620,-10053,0,0,1,0,1,0
1865,970833,18959,-396,-396,18168,2896,-15637,-15637,0,0,1,0,1,0
1866,971354,17809,-254,-522,17033,2840,-10053,-20620,0,0,1,0,1,0
1867,971875,15974,-103,-628,15243,2675,-4082,-24811,0,0,1,0,1,0
1868,972395,13525,52,-709,12867,2408,2045,-28048,0,0,1,0,1,0
1869,972916,10557,205,-764,9997,2048,8094,-30208,0,0,1,0,1,0
1870,973437,7182,350,-789,6743,1609,13832,-31207,0,0,1,0,1,0
1871,973958,3532,482,-784,3230,1108,19038,-31006,0,0,1,0,1,0
1872,974479,-254,595,-749,-408,565,23513,-29614,0,0,1,0,1,0
1873,975000,-4030,685,-685,-4030,0,27084,-27084,0,0,1,0,1,0
1874,975520,-7651,749,-595,-7497,-565,29614,-23513,0,0,1,0,1,0
1875,976041,-10979,784,-482,-10676,-1108,31006,-19038,0,0,1,0,1,0
1876,976562,-13884,789,-350,-13444,-1609,31207,-13832,0,0,1,0,1,0
1877,977083,-16256,764,-205,-15696,-2048,30208,-8094,0,0,1,0,1,0
1878,977604,-18003,709,-52,-17345,-2408,28048,-2045,0,0,1,0,1,0
1879,978125,-19058,628,103,-18327,-2675,24811,4082,0,0,1,0,1,0
1880,978645,-19381,522,254,-18605,-2840,20620,10053,0,0,1,0,1,0
1881,979166,-18959,396,396,-18168,-2896,15637,15637,0,0,1,0,1,0
1882,979687,-17809,254,522,-17033,-2840,10053,20620,0,0,1,0,1,0
1883,980208,-15974,103,628,-15243,-2675,4082,24811,0,0,1,0,1,0
1884,980729,-13525,-52,709,-12867,-2408,-2045,28048,0,0,1,0,1,0
1885,981250,-10557,-205,764,-9997,-2048,-8094,30208,0,0,1,0,1,0
1886,981770,-7182,-350,789,-6743,-1609,-13832,31207,0,0,1,0,1,0
1887,982291,-3532,-482,784,-3230,-1108,-19038,31006,0,0,1,0,1,0
1888,982812,254,-595,749,408,-565,-23513,29614,0,0,1,0,1,0
1889,983333,4030,-685,685,4030,0,-27084,27084,0,0,1,0,1,0
1890,983854,7651,-749,595,7497,565,-29614,23513,0,0,1,0,1,0
1891,984375,10979,-784,482,10676,1108,-31006,19038,0,0,1,0,1,0
1892,984895,13884,-789,350,13444,1609,-31207,13832,0,0,1,0,1,0
1893,985416,16256,-764,205,15696,2048,-30208,8094,0,0,1,0,1,0
1894,985937,18003,-709,52,17345,2408,-28048,2045,0,0,1,0,1,0
1895,986458,19058,-628,-103,18327,2675,-24811,-4082,0,0,1,0,1,0
1896,986979,19381,-522,-254,18605,2840,-20620,-10053,0,0,1,0,1,0
1897,987500,18959,-396,-396,18168,2896,-15637,-15637,0,0,1,0,1,0
1898,988020,17809,-254,-522,17033,2840,-10053,-20620,0,0,1,0,1,0
1899,988541,15974,-103,-628,15243,2675,-4082,-24811,0,0,1,0,1,0
1900,989062,13525,52,-709,12867,2408,2045,-28048,0,0,1,0,1,0
1901,989583,10557,205,-764,9997,2048,8094,-30208,0,0,1,0,1,0
1902,990104,7182,350,-789,6743,1609,13832,-31207,0,0,1,0,1,0
1903,990625,3532,482,-784,3230,1108,19038,-31006,0,0,1,0,1,0
1904,991145,-254,595,-749,-408,565,23513,-29614,0,0,1,0,1,0
1905,991666,-4030,685,-685,-4030,0,27084,-27084,0,0,1,0,1,0
1906,992187,-7651,749,-595,-7497,-565,29614,-23513,0,0,1,0,1,0
1907,992708,-10979,784,-482,-10676,-1108,31006,-19038,0,0,1,0,1,0
1908,993229,-13884,789,-350,-13444,-1609,31207,-13832,0,0,1,0,1,0
1909,993750,-16256,764,-205,-15696,-2048,30208,-8094,0,0,1,0,1,0
1910,994270,-18003,709,-52,-17345,-2408,28048,-2045,0,0,1,0,1,0
1911,994791,-19058,628,103,-18327,-2675,24811,4082,0,0,1,0,1,0
1912,995312,-19381,522,254,-18605,-2840,20620,10053,0,0,1,0,1,0
1913,995833,-18959,396,396,-18168,-2896,15637,15637,0,0,1,0,1,0
1914,996354,-17809,254,522,-17033,-2840,10053,20620,0,0,1,0,1,0
1915,996875,-15974,103,628,-15243,-2675,4082,24811,0,0,1,0,1,0
1916,997395,-13525,-52,709,-12867,-2408,-2045,28048,0,0,1,0,1,0
1917,997916,-10557,-205,764,-9997,-2048,-8094,30208,0,0,1,0,1,0
1918,998437,-7182,-350,789,-6743,-1609,-13832,31207,0,0,1,0,1,0
1919,998958,-3532,-482,784,-3230,-1108,-19038,31006,0,0,1,0,1,0
1920,999479,254,-595,749,408,-565,-23513,29614,0,0,1,0,1,0
1921,1000000,4030,-685,685,4030,0,-27084,27084,0,0,1,0,1,0
1922,1000520,7651,-749,595,7497,565,-29614,23513,0,0,1,0,1,0
1923,1001041,10979,-784,482,10676,1108,-31006,19038,0,0,1,0,1,0
1924,1001562,13884,-789,350,13444,1609,-31207,13832,0,0,1,0,1,0
1925,1002083,16256,-764,205,15696,2048,-30208,8094,0,0,1,0,1,0
1926,1002604,18003,-709,52,17345,2408,-28048,2045,0,0,1,0,1,0
1927,1003125,19058,-628,-103,18327,2675,-24811,-4082,0,0,1,0,1,0
1928,1003645,19381,-522,-254,18605,2840,-20620,-10053,0,0,1,0,1,0
1929,1004166,18959,-396,-396,18168,2896,-15637,-15637,0,0,1,0,1,0
1930,1004687,17809,-254,-522,17033,2840,-10053,-20620,0,0,1,0,1,0
1931,1005208,15974,-103,-628,15243,2675,-4082,-24811,0,0,1,0,1,0
1932,1005729,13525,52,-709,12867,2408,2045,-28048,0,0,1,0,1,0
1933,1006250,10557,205,-764,9997,2048,8094,-30208,0,0,1,0,1,0
1934,1006770,7182,350,-789,6743,1609,13832,-31207,0,0,1,0,1,0
1935,1007291,3532,482,-784,3230,1108,19038,-31006,0,0,1,0,1,0
1936,1007812,-254,595,-749,-408,565,23513,-29614,0,0,1,0,1,0
1937,1008333,-4030,685,-685,-4030,0,27084,-27084,0,0,1,0,1,0
1938,1008854,-7651,749,-595,-7497,-565,29614,-23513,0,0,1,0,1,0
1939,1009374,-10979,784,-482,-10676,-1108,31006,-19038,0,0,1,0,1,0
1940,1009895,-13884,789,-350,-13444,-1609,31207,-13832,0,0,1,0,1,0
1941,1010416,-16256,764,-205,-15696,-2048,30208,-8094,0,0,1,0,1,0
1942,1010937,-18003,709,-52,-17345,-2408,28048,-2045,0,0,1,0,1,0
1943,1011458,-19058,628,103,-18327,-2675,24811,4082,0,0,1,0,1,0
1944,1011979,-19381,522,254,-18605,-2840,20620,10053,0,0,1,0,1,0
1945,1012500,-18959,396,396,-18168,-2896,15637,15637,0,0,1,0,1,0
1946,1013020,-17809,254,522,-17033,-2840,10053,20620,0,0,1,0,1,0
1947,1013541,-15974,103,628,-15243,-2675,4082,24811,0,0,1,0,1,0
1948,1014062,-13525,-52,709,-12867,-2408,-2045,28048,0,0,1,0,1,0
1949,1014583,-10557,-205,764,-9997,-2048,-8094,30208,0,0,1,0,1,0
1950,1015104,-7182,-350,789,-6743,-1609,-13832,31207,0,0,1,0,1,0
1951,1015625,-3532,-482,784,-3230,-1108,-19038,31006,0,0,1,0,1,0
1952,1016145,254,-595,749,408,-565,-23513,29614,0,0,1,0,1,0
1953,1016666,4030,-685,685,4030,0,-27084,27084,0,0,1,0,1,0
1954,1017187,7651,-749,595,7497,565,-29614,23513,0,0,1,0,1,0
1955,1017708,10979,-784,482,10676,1108,-31006,19038,0,0,1,0,1,0
1956,1018229,13884,-789,350,13444,1609,-31207,13832,0,0,1,0,1,0
1957,1018750,16256,-764,205,15696,2048,-30208,8094,0,0,1,0,1,0
1958,1019270,18003,-709,52,17345,2408,-28048,2045,0,0,1,0,1,0
1959,1019791,19058,-628,-103,18327,2675,-24811,-4082,0,0,1,0,1,0
1960,1020312,19381,-522,-254,18605,2840,-20620,-10053,0,0,1,0,1,0
1961,1020833,18959,-396,-396,18168,2896,-15637,-15637,0,0,1,0,1,0
1962,1021354,17809,-254,-522,17033,2840,-10053,-20620,0,0,1,0,1,0
1963,1021875,15974,-103,-628,15243,2675,-4082,-24811,0,0,1,0,1,0
1964,1022395,13525,52,-709,12867,2408,2045,-28048,0,0,1,0,1,0
1965,1022916,10557,205,-764,9997,2048,8094,-30208,0,0,1,0,1,0
1966,1023437,7182,350,-789,6743,1609,13832,-31207,0,0,1,0,1,0
1967,1023958,3532,482,-784,3230,1108,19038,-31006,0,0,1,0,1,0
1968,1024479,-254,595,-749,-408,565,23513,-29614,0,0,1,0,1,0
1969,1024999,-4030,685,-685,-4030,0,27084,-27084,0,0,1,0,1,0
1970,1025520,-7651,749,-595,-7497,-565,29614,-23513,0,0,1,0,1,0
1971,1026041,-10979,784,-482,-10676,-1108,31006,-19038,0,0,1,0,1,0
1972,1026562,-13884,789,-350,-13444,-1609,31207,-13832,0,0,1,0,1,0
1973,1027083,-16256,764,-205,-15696,-2048,30208,-8094,0,0,1,0,1,0
1974,1027604,-18003,709,-52,-17345,-2408,28048,-2045,0,0,1,0,1,0
1975,1028125,-19058,628,103,-18327,-2675,24811,4082,0,0,1,0,1,0
1976,1028645,-19381,522,254,-18605,-2840,20620,10053,0,0,1,0,1,0
1977,1029166,-18959,396,396,-18168,-2896,15637,15637,0,0,1,0,1,0
1978,1029687,-17809,254,522,-17033,-2840,10053,20620,0,0,1,0,1,0
1979,1030208,-15974,103,628,-15243,-2675,4082,24811,0,0,1,0,1,0
1980,1030729,-13525,-52,709,-12867,-2408,-2045,28048,0,0,1,0,1,0
1981,1031250,-10557,-205,764,-9997,-2048,-8094,30208,0,0,1,0,1,0
1982,1031770,-7182,-350,789,-6743,-1609,-13832,31207,0,0,1,0,1,0
1983,1032291,-3532,-482,784,-3230,-1108,-19038,31006,0,0,1,0,1,0
1984,1032812,254,-595,749,408,-565,-23513,29614,0,0,1,0,1,0
1985,1033333,4030,-685,685,4030,0,-27084,27084,0,0,1,0,1,0
1986,1033854,7651,-749,595,7497,565,-29614,23513,0,0,1,0,1,0
1987,1034375,10979,-784,482,10676,1108,-31006,19038,0,0,1,0,1,0
1988,1034895,13884,-789,350,13444,1609,-31207,13832,0,0,1,0,1,0
1989,1035416,16256,-764,205,15696,2048,-30208,8094,0,0,1,0,1,0
1990,1035937,18003,-709,52,17345,2408,-28048,2045,0,0,1,0,1,0
1991,1036458,19058,-628,-103,18327,2675,-24811,-4082,0,0,1,0,1,0
1992,1036979,19381,-522,-254,18605,2840,-20620,-10053,0,0,1,0,1,0
1993,1037500,18959,-396,-396,18168,2896,-15637,-15637,0,0,1,0,1,0
1994,1038020,17809,-254,-522,17033,2840,-10053,-20620,0,0,1,0,1,0
1995,1038541,15974,-103,-628,15243,2675,-4082,-24811,0,0,1,0,1,0
1996,1039062,13525,52,-709,12867,2408,2045,-28048,0,0,1,0,1,0
1997,1039583,10557,205,-764,9997,2048,8094,-30208,0,0,1,0,1,0
1998,1040104,7182,350,-789,6743,1609,13832,-31207,0,0,1,0,1,0
1999,1040624,3532,482,-784,3230,1108,19038,-31006,0,0,1,0,1,0
2000,1041145,-254,595,-749,-408,565,23513,-29614,0,0,1,0,1,0
2001,1041666,-4030,685,-685,-4030,0,27084,-27084,0,0,1,0,1,0
2002,1042187,-7651,749,-595,-7497,-565,29614,-23513,0,0,1,0,1,0
2003,1042708,-10979,784,-482,-10676,-1108,31006,-19038,0,0,1,0,1,0
2004,1043229,-13884,789,-350,-13444,-1609,31207,-13832,0,0,1,0,1,0
2005,1043750,-16256,764,-205,-15696,-2048,30208,-8094,0,0,1,0,1,0
2006,1044270,-18003,709,-52,-17345,-2408,28048,-2045,0,0,1,0,1,0
2007,1044791,-19058,628,103,-18327,-2675,24811,4082,0,0,1,0,1,0
2008,1045312,-19381,522,254,-18605,-2840,20620,10053,0,0,1,0,1,0
2009,1045833,-18959,396,396,-18168,-2896,15637,15637,0,0,1,0,1,0
2010,1046354,-17809,254,522,-17033,-2840,10053,20620,0,0,1,0,1,0
2011,1046875,-15974,103,628,-15243,-2675,4082,24811,0,0,1,0,1,0
2012,1047395,-13525,-52,709,-12867,-2408,-2045,28048,0,0,1,0,1,0
2013,1047916,-10557,-205,764,-9997,-2048,-8094,30208,0,0,1,0,1,0
2014,1048437,-7182,-350,789,-6743,-1609,-13832,31207,0,0,1,0,1,0
2015,1048958,-3532,-482,784,-3230,-1108,-19038,31006,0,0,1,0,1,0
2016,1049479,254,-595,749,408,-565,-23513,29614,0,0,1,0,1,0
2017,1050000,4030,-685,685,4030,0,-27084,27084,0,0,1,0,1,0
2018,1050520,7651,-749,595,7497,565,-29614,23513,0,0,1,0,1,0
2019,1051041,10979,-784,482,10676,1108,-31006,19038,0,0,1,0,1,0
2020,1051562,13884,-789,350,13444,1609,-31207,13832,0,0,1,0,1,0
2021,1052083,16256,-764,205,15696,2048,-30208,8094,0,0,1,0,1,0
2022,1052604,18003,-709,52,17345,2408,-28048,2045,0,0,1,0,1,0
2023,1053125,19058,-628,-103,18327,2675,-24811,-4082,0,0,1,0,1,0
2024,1053645,19381,-522,-254,18605,2840,-20620,-10053,0,0,1,0,1,0
2025,1054166,18959,-396,-396,18168,2896,-15637,-15637,0,0,1,0,1,0
2026,1054687,17809,-254,-522,17033,2840,-10053,-20620,0,0,1,0,1,0
2027,1055208,15974,-103,-628,15243,2675,-4082,-24811,0,0,1,0,1,0
2028,1055729,13525,52,-709,12867,2408,2045,-28048,0,0,1,0,1,0
2029,1056250,10557,205,-764,9997,2048,8094,-30208,0,0,1,0,1,0
2030,1056770,7182,350,-789,6743,1609,13832,-31207,0,0,1,0,1,0
2031,1057291,3532,482,-784,3230,1108,19038,-31006,0,0,1,0,1,0
2032,1057812,-254,595,-749,-408,565,23513,-29614,0,0,1,0,1,0
2033,1058333,-4030,685,-685,-4030,0,27084,-27084,0,0,1,0,1,0
2034,1058854,-7651,749,-595,-7497,-565,29614,-23513,0,0,1,0,1,0
2035,1059375,-10979,784,-482,-10676,-1108,31006,-19038,0,0,1,0,1,0
2036,1059895,-13884,789,-350,-13444,-1609,31207,-13832,0,0,1,0,1,0
2037,1060416,-16256,764,-205,-15696,-2048,30208,-8094,0,0,1,0,1,0
2038,1060937,-18003,709,-52,-17345,-2408,28048,-2045,0,0,1,0,1,0
2039,1061458,-19058,628,103,-18327,-2675,24811,4082,0,0,1,0,1,0
2040,1061979,-19381,522,254,-18605,-2840,20620,10053,0,0,1,0,1,0
2041,1062500,-18959,396,396,-18168,-2896,15637,15637,0,0,1,0,1,0
2042,1063020,-17809,254,522,-17033,-2840,10053,20620,0,0,1,0,1,0
2043,1063541,-15974,103,628,-15243,-2675,4082,24811,0,0,1,0,1,0
2044,1064062,-13525,-52,709,-12867,-2408,-2045,28048,0,0,1,0,1,0
2045,1064583,-10557,-205,764,-9997,-2048,-8094,30208,0,0,1,0,1,0
2046,1065104,-7182,-350,789,-6743,-1609,-13832,31207,0,0,1,0,1,0
2047,1065625,-3532,-482,784,-3230,-1108,-19038,31006,0,0,1,0,1,0
2048,1066145,254,-595,749,408,-565,-23513,29614,0,0,1,0,1,0
2049,1066666,4030,-685,685,4030,0,-27084,27084,0,0,1,0,1,0
2050,1067187,7651,-749,595,7497,565,-29614,23513,0,0,1,0,1,0
2051,1067708,10979,-784,482,10676,1108,-31006,19038,0,0,1,0,1,0
2052,1068229,13884,-789,350,13444,1609,-31207,13832,0,0,1,0,1,0
2053,1068750,16256,-764,205,15696,2048,-30208,8094,0,0,1,0,1,0
2054,1069270,18003,-709,52,17345,2408,-28048,2045,0,0,1,0,1,0
2055,1069791,19058,-628,-103,18327,2675,-24811,-4082,0,0,1,0,1,0
2056,1070312,19381,-522,-254,18605,2840,-20620,-10053,0,0,1,0,1,0
2057,1070833,18959,-396,-396,18168,2896,-15637,-15637,0,0,1,0,1,0
2058,1071354,17809,-254,-522,17033,2840,-10053,-20620,0,0,1,0,1,0
2059,1071875,15974,-103,-628,15243,2675,-4082,-24811,0,0,1,0,1,0
2060,1072395,13525,52,-709,12867,2408,2045,-28048,0,0,1,0,1,0
2061,1072916,10557,205,-764,9997,2048,8094,-30208,0,0,1,0,1,0
2062,1073437,7182,350,-789,6743,1609,13832,-31207,0,0,1,0,1,0
2063,1073958,3532,482,-784,3230,1108,19038,-31006,0,0,1,0,1,0
2064,1074479,-254,595,-749,-408,565,23513,-29614,0,0,1,0,1,0
2065,1075000,-4030,685,-685,-4030,0,27084,-27084,0,0,1,0,1,0
2066,1075520,-7651,749,-595,-7497,-565,29614,-23513,0,0,1,0,1,0
2067,1076041,-10979,784,-482,-10676,-1108,31006,-19038,0,0,1,0,1,0
2068,1076562,-13884,789,-350,-13444,-1609,31207,-13832,0,0,1,0,1,0
2069,1077083,-16256,764,-205,-15696,-2048,30208,-8094,0,0,1,0,1,0
2070,1077604,-18003,709,-52,-17345,-2408,28048,-2045,0,0,1,0,1,0
2071,1078125,-19058,628,103,-18327,-2675,24811,4082,0,0,1,0,1,0
2072,1078645,-19381,522,254,-18605,-2840,20620,10053,0,0,1,0,1,0
2073,1079166,-18959,396,396,-18168,-2896,15637,15637,0,0,1,0,1,0
2074,1079687,-17809,254,522,-17033,-2840,10053,20620,0,0,1,0,1,0
2075,1080208,-15974,103,628,-15243,-2675,4082,24811,0,0,1,0,1,0
2076,1080729,-13525,-52,709,-12867,-2408,-2045,28048,0,0,1,0,1,0
2077,1081250,-10557,-205,764,-9997,-2048,-8094,30208,0,0,1,0,1,0
2078,1081770,-7182,-350,789,-6743,-1609,-13832,31207,0,0,1,0,1,0
2079,1082291,-3532,-482,784,-3230,-1108,-19038,31006,0,0,1,0,1,0
2080,1082812,254,-595,749,408,-565,-23513,29614,0,0,1,0,1,0
2081,1083333,4030,-685,685,4030,0,-27084,27084,0,0,1,0,1,0
2082,1083854,7651,-749,595,7497,565,-29614,23513,0,0,1,0,1,0
2083,1084375,10979,-784,482,10676,1108,-31006,19038,0,0,1,0,1,0
2084,1084895,13884,-789,350,13444,1609,-31207,13832,0,0,1,0,1,0
2085,1085416,16256,-764,205,15696,2048,-30208,8094,0,0,1,0,1,0
2086,1085937,18003,-709,52,17345,2408,-28048,2045,0,0,1,0,1,0
2087,1086458,19058,-628,-103,18327,2675,-24811,-4082,0,0,1,0,1,0
2088,1086979,19381,-522,-254,18605,2840,-20620,-10053,0,0,1,0,1,0
2089,1087500,18959,-396,-396,18168,2896,-15637,-15637,0,0,1,0,1,0
2090,1088020,17809,-254,-522,17033,2840,-10053,-20620,0,0,1,0,1,0
2091,1088541,15974,-103,-628,15243,2675,-4082,-24811,0,0,1,0,1,0
2092,1089062,13525,52,-709,12867,2408,2045,-28048,0,0,1,0,1,0
2093,1089583,10557,205,-764,9997,2048,8094,-30208,0,0,1,0,1,0
2094,1090104,7182,350,-789,6743,1609,13832,-31207,0,0,1,0,1,0
2095,1090625,3532,482,-784,3230,1108,19038,-31006,0,0,1,0,1,0
2096,1091145,-254,595,-749,-408,565,23513,-29614,0,0,1,0,1,0
2097,1091666,-4030,685,-685,-4030,0,27084,-27084,0,0,1,0,1,0
2098,1092187,-7651,749,-595,-7497,-565,29614,-23513,0,0,1,0,1,0
2099,1092708,-10979,784,-482,-10676,-1108,31006,-19038,0,0,1,0,1,0
2100,1093229,-13884,789,-350,-13444,-1609,31207,-13832,0,0,1,0,1,0
2101,1093750,-16256,764,-205,-15696,-2048,30208,-8094,0,0,1,0,1,0
2102,1094270,-18003,709,-52,-17345,-2408,28048,-2045,0,0,1,0,1,0
2103,1094791,-19058,628,103,-18327,-2675,24811,4082,0,0,1,0,1,0
2104,1095312,-19381,522,254,-18605,-2840,20620,10053,0,0,1,0,1,0
2105,1095833,-18959,396,396,-18168,-2896,15637,15637,0,0,1,0,1,0
2106,1096354,-17809,254,522,-17033,-2840,10053,20620,0,0,1,0,1,0
2107,1096875,-15974,103,628,-15243,-2675,4082,24811,0,0,1,0,1,0
2108,1097395,-13525,-52,709,-12867,-2408,-2045,28048,0,0,1,0,1,0
2109,1097916,-10557,-205,764,-9997,-2048,-8094,30208,0,0,1,0,1,0
2110,1098437,-7182,-350,789,-6743,-1609,-13832,31207,0,0,1,0,1,0
2111,1098958,-3532,-482,784,-3230,-1108,-19038,31006,0,0,1,0,1,0
2112,1099479,254,-595,749,408,-565,-23513,29614,0,0,1,0,1,0
2113,1100000,4030,-685,685,4030,0,-27084,27084,0,0,1,0,1,0
2114,1100520,7651,-749,595,7497,565,-29614,23513,0,0,1,0,1,0
2115,1101041,10979,-784,482,10676,1108,-31006,19038,0,0,1,0,1,0
2116,1101562,13884,-789,350,13444,1609,-31207,13832,0,0,1,0,1,0
2117,1102083,16256,-764,205,15696,2048,-30208,8094,0,0,1,0,1,0
2118,1102604,18003,-709,52,17345,2408,-28048,2045,0,0,1,0,1,0
2119,1103125,19058,-628,-103,18327,2675,-24811,-4082,0,0,1,0,1,0
2120,1103645,19381,-522,-254,18605,2840,-20620,-10053,0,0,1,0,1,0
2121,1104166,18959,-396,-396,18168,2896,-15637,-15637,0,0,1,0,1,0
2122,1104687,17809,-254,-522,17033,2840,-10053,-20620,0,0,1,0,1,0
2123,1105208,15974,-103,-628,15243,2675,-4082,-24811,0,0,1,0,1,0
2124,1105729,13525,52,-709,12867,2408,2045,-28048,0,0,1,0,1,0
2125,1106250,10557,205,-764,9997,2048,8094,-30208,0,0,1,0,1,0
2126,1106770,7182,350,-789,6743,1609,13832,-31207,0,0,1,0,1,0
2127,1107291,3532,482,-784,3230,1108,19038,-31006,0,0,1,0,1,0
2128,1107812,-254,595,-749,-408,565,23513,-29614,0,0,1,0,1,0
2129,1108333,-4030,685,-685,-4030,0,27084,-27084,0,0,1,0,1,0
2130,1108854,-7651,749,-595,-7497,-565,29614,-23513,0,0,1,0,1,0
2131,1109375,-10979,784,-482,-10676,-1108,31006,-19038,0,0,1,0,1,0
2132,1109895,-13884,789,-350,-13444,-1609,31207,-13832,0,0,1,0,1,0
2133,1110416,-16256,764,-205,-15696,-2048,30208,-8094,0,0,1,0,1,0
2134,1110937,-18003,709,-52,-17345,-2408,28048,-2045,0,0,1,0,1,0
2135,1111458,-19058,628,103,-18327,-2675,24811,4082,0,0,1,0,1,0
2136,1111979,-19381,522,254,-18605,-2840,20620,10053,0,0,1,0,1,0
2137,1112500,-18959,396,396,-18168,-2896,15637,15637,0,0,1,0,1,0
2138,1113020,-17809,254,522,-17033,-2840,10053,20620,0,0,1,0,1,0
2139,1113541,-15974,103,628,-15243,-2675,4082,24811,0,0,1,0,1,0
2140,1114062,-13525,-52,709,-12867,-2408,-2045,28048,0,0,1,0,1,0
2141,1114583,-10557,-205,764,-9997,-2048,-8094,30208,0,0,1,0,1,0
2142,1115104,-7182,-350,789,-6743,-1609,-13832,31207,0,0,1,0,1,0
2143,1115625,-3532,-482,784,-3230,-1108,-19038,31006,0,0,1,0,1,0
2144,1116145,254,-595,749,408,-565,-23513,29614,0,0,1,0,1,0
2145,1116666,4030,-685,685,4030,0,-27084,27084,0,0,1,0,1,0
2146,1117187,7651,-749,595,7497,565,-29614,23513,0,0,1,0,1,0
2147,1117708,10979,-784,482,10676,1108,-31006,19038,0,0,1,0,1,0
2148,1118229,13884,-789,350,13444,1609,-31207,13832,0,0,1,0,1,0
2149,1118750,16256,-764,205,15696,2048,-30208,8094,0,0,1,0,1,0
2150,1119270,18003,-709,52,17345,2408,-28048,2045,0,0,1,0,1,0
2151,1119791,19058,-628,-103,18327,2675,-24811,-4082,0,0,1,0,1,0
2152,1120312,19381,-522,-254,18605,2840,-20620,-10053,0,0,1,0,1,0
2153,1120833,18959,-396,-396,18168,2896,-15637,-15637,0,0,1,0,1,0
2154,1121354,17809,-254,-522,17033,2840,-10053,-20620,0,0,1,0,1,0
2155,1121875,15974,-103,-628,15243,2675,-4082,-24811,0,0,1,0,1,0
2156,1122395,13525,52,-709,12867,2408,2045,-28048,0,0,1,0,1,0
2157,1122916,10557,205,-764,9997,2048,8094,-30208,0,0,1,0,1,0
2158,1123437,7182,350,-789,6743,1609,13832,-31207,0,0,1,0,1,0
2159,1123958,3532,482,-784,3230,1108,19038,-31006,0,0,1,0,1,0
2160,1124479,-254,595,-749,-408,565,23513,-29614,0,0,1,0,1,0
2161,1125000,-4030,685,-685,-4030,0,27084,-27084,0,0,1,0,1,0
2162,1125520,-7651,749,-595,-7497,-565,29614,-23513,0,0,1,0,1,0
2163,1126041,-10979,784,-482,-10676,-1108,31006,-19038,0,0,1,0,1,0
2164,1126562,-13884,789,-350,-13444,-1609,31207,-13832,0,0,1,0,1,0
2165,1127083,-16256,764,-205,-15696,-2048,30208,-8094,0,0,1,0,1,0
2166,1127604,-18003,709,-52,-17345,-2408,28048,-2045,0,0,1,0,1,0
2167,1128125,-19058,628,103,-18327,-2675,24811,4082,0,0,1,0,1,0
2168,1128645,-19381,522,254,-18605,-2840,20620,10053,0,0,1,0,1,0
2169,1129166,-18959,396,396,-18168,-2896,15637,15637,0,0,1,0,1,0
2170,1129687,-17809,254,522,-17033,-2840,10053,20620,0,0,1,0,1,0
2171,1130208,-15974,103,628,-15243,-2675,4082,24811,0,0,1,0,1,0
2172,1130729,-13525,-52,709,-12867,-2408,-2045,28048,0,0,1,0,1,0
2173,1131250,-10557,-205,764,-9997,-2048,-8094,30208,0,0,1,0,1,0
2174,1131770,-7182,-350,789,-6743,-1609,-13832,31207,0,0,1,0,1,0
2175,1132291,-3532,-482,784,-3230,-1108,-19038,31006,0,0,1,0,1,0
2176,1132812,254,-595,749,408,-565,-23513,29614,0,0,1,0,1,0
2177,1133333,4030,-685,685,4030,0,-27084,27084,0,0,1,0,1,0
2178,1133854,7651,-749,595,7497,565,-29614,23513,0,0,1,0,1,0
2179,1134375,10979,-784,482,10676,1108,-31006,19038,0,0,1,0,1,0
2180,1134895,13884,-789,350,13444,1609,-31207,13832,0,0,1,0,1,0
2181,1135416,16256,-764,205,15696,2048,-30208,8094,0,0,1,0,1,0
2182,1135937,18003,-709,52,17345,2408,-28048,2045,0,0,1,0,1,0
2183,1136458,19058,-628,-103,18327,2675,-24811,-4082,0,0,1,0,1,0
2184,1136979,19381,-522,-254,18605,2840,-20620,-10053,0,0,1,0,1,0
2185,1137500,18959,-396,-396,18168,2896,-15637,-15637,0,0,1,0,1,0
2186,1138020,17809,-254,-522,17033,2840,-10053,-20620,0,0,1,0,1,0
2187,1138541,15974,-103,-628,15243,2675,-4082,-24811,0,0,1,0,1,0
2188,1139062,13525,52,-709,12867,2408,2045,-28048,0,0,1,0,1,0
2189,1139583,10557,205,-764,9997,2048,8094,-30208,0,0,1,0,1,0
2190,1140104,7182,350,-789,6743,1609,13832,-31207,0,0,1,0,1,0
2191,1140625,3532,482,-784,3230,1108,19038,-31006,0,0,1,0,1,0
2192,1141145,-254,595,-749,-408,565,23513,-29614,0,0,1,0,1,0
2193,1141666,-4030,685,-685,-4030,0,27084,-27084,0,0,1,0,1,0
2194,1142187,-7651,749,-595,-7497,-565,29614,-23513,0,0,1,0,1,0
2195,1142708,-10979,784,-482,-10676,-1108,31006,-19038,0,0,1,0,1,0
2196,1143229,-13884,789,-350,-13444,-1609,31207,-13832,0,0,1,0,1,0
2197,1143750,-16256,764,-205,-15696,-2048,30208,-8094,0,0,1,0,1,0
2198,1144270,-18003,709,-52,-17345,-2408,28048,-2045,0,0,1,0,1,0
2199,1144791,-19058,628,103,-18327,-2675,24811,4082,0,0,1,0,1,0
2200,1145312,-19381,522,254,-18605,-2840,20620,10053,0,0,1,0,1,0
2201,1145833,-18959,396,396,-18168,-2896,15637,15637,0,0,1,0,1,0
2202,1146354,-17809,254,522,-17033,-2840,10053,20620,0,0,1,0,1,0
2203,1146875,-15974,103,628,-15243,-2675,4082,24811,0,0,1,0,1,0
2204,1147395,-13525,-52,709,-12867,-2408,-2045,28048,0,0,1,0,1,0
2205,1147916,-10557,-205,764,-9997,-2048,-8094,30208,0,0,1,0,1,0
2206,1148437,-7182,-350,789,-6743,-1609,-13832,31207,0,0,1,0,1,0
2207,1148958,-3532,-482,784,-3230,-1108,-19038,31006,0,0,1,0,1,0
2208,1149479,254,-595,749,408,-565,-23513,29614,0,0,1,0,1,0
2209,1150000,4030,-685,685,4030,0,-27084,27084,0,0,1,0,1,0
2210,1150520,7651,-749,595,7497,565,-29614,23513,0,0,1,0,1,0
2211,1151041,10979,-784,482,10676,1108,-31006,19038,0,0,1,0,1,0
2212,1151562,13884,-789,350,13444,1609,-31207,13832,0,0,1,0,1,0
2213,1152083,16256,-764,205,15696,2048,-30208,8094,0,0,1,0,1,0
2214,1152604,18003,-709,52,17345,2408,-28048,2045,0,0,1,0,1,0
2215,1153125,19058,-628,-103,18327,2675,-24811,-4082,0,0,1,0,1,0
2216,1153645,19381,-522,-254,18605,2840,-20620,-10053,0,0,1,0,1,0
2217,1154166,18959,-396,-396,18168,2896,-15637,-15637,0,0,1,0,1,0
2218,1154687,17809,-254,-522,17033,2840,-10053,-20620,0,0,1,0,1,0
2219,1155208,15974,-103,-628,15243,2675,-4082,-24811,0,0,1,0,1,0
2220,1155729,13525,52,-709,12867,2408,2045,-28048,0,0,1,0,1,0
2221,1156250,10557,205,-764,9997,2048,8094,-30208,0,0,1,0,1,0
2222,1156770,7182,350,-789,6743,1609,13832,-31207,0,0,1,0,1,0
2223,1157291,3532,482,-784,3230,1108,19038,-31006,0,0,1,0,1,0
2224,1157812,-254,595,-749,-408,565,23513,-29614,0,0,1,0,1,0
2225,1158333,-4030,685,-685,-4030,0,27084,-27084,0,0,1,0,1,0
2226,1158854,-7651,749,-595,-7497,-565,29614,-23513,0,0,1,0,1,0
2227,1159375,-10979,784,-482,-10676,-1108,31006,-19038,0,0,1,0,1,0
2228,1159895,-13884,789,-350,-13444,-1609,31207,-13832,0,0,1,0,1,0
2229,1160416,-16256,764,-205,-15696,-2048,30208,-8094,0,0,1,0,1,0
2230,1160937,-18003,709,-52,-17345,-2408,28048,-2045,0,0,1,0,1,0
2231,1161458,-19058,628,103,-18327,-2675,24811,4082,0,0,1,0,1,0
2232,1161979,-19381,522,254,-18605,-2840,20620,10053,0,0,1,0,1,0
2233,1162500,-18959,396,396,-18168,-2896,15637,15637,0,0,1,0,1,0
2234,1163020,-17809,254,522,-17033,-2840,10053,20620,0,0,1,0,1,0
2235,1163541,-15974,103,628,-15243,-2675,4082,24811,0,0,1,0,1,0
2236,1164062,-13525,-52,709,-12867,-2408,-2045,28048,0,0,1,0,1,0
2237,1164583,-10557,-205,764,-9997,-2048,-8094,30208,0,0,1,0,1,0
2238,1165104,-7182,-350,789,-6743,-1609,-13832,31207,0,0,1,0,1,0
2239,1165625,-3532,-482,784,-3230,-1108,-19038,31006,0,0,1,0,1,0
2240,1166145,254,-595,749,408,-565,-23513,29614,0,0,1,0,1,0
2241,1166666,4030,-685,685,4030,0,-27084,27084,0,0,1,0,1,0
2242,1167187,7651,-749,595,7497,565,-29614,23513,0,0,1,0,1,0
2243,1167708,10979,-784,482,10676,1108,-31006,19038,0,0,1,0,1,0
2244,1168229,13884,-789,350,13444,1609,-31207,13832,0,0,1,0,1,0
2245,1168750,16256,-764,205,15696,2048,-30208,8094,0,0,1,0,1,0
2246,1169270,18003,-709,52,17345,2408,-28048,2045,0,0,1,0,1,0
2247,1169791,19058,-628,-103,18327,2675,-24811,-4082,0,0,1,0,1,0
2248,1170312,19381,-522,-254,18605,2840,-20620,-10053,0,0,1,0,1,0
2249,1170833,18959,-396,-396,18168,2896,-15637,-15637,0,0,1,0,1,0
2250,1171354,17809,-254,-522,17033,2840,-10053,-20620,0,0,1,0,1,0
2251,1171875,15974,-103,-628,15243,2675,-4082,-24811,0,0,1,0,1,0
2252,1172395,13525,52,-709,12867,2408,2045,-28048,0,0,1,0,1,0
2253,1172916,10557,205,-764,9997,2048,8094,-30208,0,0,1,0,1,0
2254,1173437,7182,350,-789,6743,1609,13832,-31207,0,0,1,0,1,0
2255,1173958,3532,482,-784,3230,1108,19038,-31006,0,0,1,0,1,0
2256,1174479,-254,595,-749,-408,565,23513,-29614,0,0,1,0,1,0
2257,1175000,-4030,685,-685,-4030,0,27084,-27084,0,0,1,0,1,0
2258,1175520,-7651,749,-595,-7497,-565,29614,-23513,0,0,1,0,1,0
2259,1176041,-10979,784,-482,-10676,-1108,31006,-19038,0,0,1,0,1,0
2260,1176562,-13884,789,-350,-13444,-1609,31207,-13832,0,0,1,0,1,0
2261,1177083,-16256,764,-205,-15696,-2048,30208,-8094,0,0,1,0,1,0
2262,1177604,-18003,709,-52,-17345,-2408,28048,-2045,0,0,1,0,1,0
2263,1178125,-19058,628,103,-18327,-2675,24811,4082,0,0,1,0,1,0
2264,1178645,-19381,522,254,-18605,-2840,20620,10053,0,0,1,0,1,0
2265,1179166,-18959,396,396,-18168,-2896,15637,15637,0,0,1,0,1,0
2266,1179687,-17809,254,522,-17033,-2840,10053,20620,0,0,1,0,1,0
2267,1180208,-15974,103,628,-15243,-2675,4082,24811,0,0,1,0,1,0
2268,1180729,-13525,-52,709,-12867,-2408,-2045,28048,0,0,1,0,1,0
2269,1181250,-10557,-205,764,-9997,-2048,-8094,30208,0,0,1,0,1,0
2270,1181770,-7182,-350,789,-6743,-1609,-13832,31207,0,0,1,0,1,0
2271,1182291,-3532,-482,784,-3230,-1108,-19038,31006,0,0,1,0,1,0
2272,1182812,254,-595,749,408,-565,-23513,29614,0,0,1,0,1,0
2273,1183333,4030,-685,685,4030,0,-27084,27084,0,0,1,0,1,0
2274,1183854,7651,-749,595,7497,565,-29614,23513,0,0,1,0,1,0
2275,1184375,10979,-784,482,10676,1108,-31006,19038,0,0,1,0,1,0
2276,1184895,13884,-789,350,13444,1609,-31207,13832,0,0,1,0,1,0
2277,1185416,16256,-764,205,15696,2048,-30208,8094,0,0,1,0,1,0
2278,1185937,18003,-709,52,17345,2408,-28048,2045,0,0,1,0,1,0
2279,1186458,19058,-628,-103,18327,2675,-24811,-4082,0,0,1,0,1,0
2280,1186979,19381,-522,-254,18605,2840,-20620,-10053,0,0,1,0,1,0
2281,1187500,18959,-396,-396,18168,2896,-15637,-15637,0,0,1,0,1,0
2282,1188020,17809,-254,-522,17033,2840,-10053,-20620,0,0,1,0,1,0
2283,1188541,15974,-103,-628,15243,2675,-4082,-24811,0,0,1,0,1,0
2284,1189062,13525,52,-709,12867,2408,2045,-28048,0,0,1,0,1,0
2285,1189583,10557,205,-764,9997,2048,8094,-30208,0,0,1,0,1,0
2286,1190104,7182,350,-789,6743,1609,13832,-31207,0,0,1,0,1,0
2287,1190625,3532,482,-784,3230,1108,19038,-31006,0,0,1,0,1,0
2288,1191145,-254,595,-749,-408,565,23513,-29614,0,0,1,0,1,0
2289,1191666,-4030,685,-685,-4030,0,27084,-27084,0,0,1,0,1,0
2290,1192187,-7651,749,-595,-7497,-565,29614,-23513,0,0,1,0,1,0
2291,1192708,-10979,784,-482,-10676,-1108,31006,-19038,0,0,1,0,1,0
2292,1193229,-13884,789,-350,-13444,-1609,31207,-13832,0,0,1,0,1,0
2293,1193750,-16256,764,-205,-15696,-2048,30208,-8094,0,0,1,0,1,0
2294,1194270,-18003,709,-52,-17345,-2408,28048,-2045,0,0,1,0,1,0
2295,1194791,-19058,628,103,-18327,-2675,24811,4082,0,0,1,0,1,0
2296,1195312,-19381,522,254,-18605,-2840,20620,10053,0,0,1,0,1,0
2297,1195833,-18959,396,396,-18168,-2896,15637,15637,0,0,1,0,1,0
2298,1196354,-17809,254,522,-17033,-2840,10053,20620,0,0,1,0,1,0
2299,1196875,-15974,103,628,-15243,-2675,4082,24811,0,0,1,0,1,0
2300,1197395,-13525,-52,709,-12867,-2408,-2045,28048,0,0,1,0,1,0
2301,1197916,-10557,-205,764,-9997,-2048,-8094,30208,0,0,1,0,1,0
2302,1198437,-7182,-350,789,-6743,-1609,-13832,31207,0,0,1,0,1,0
2303,1198958,-3532,-482,784,-3230,-1108,-19038,31006,0,0,1,0,1,0
2304,1199479,254,-595,749,408,-565,-23513,29614,0,0,1,0,1,0
2305,1200000,4030,-685,685,4030,0,-27084,27084,0,0,1,0,1,0
2306,1200520,7651,-749,595,7497,565,-29614,23513,0,0,1,0,1,0
2307,1201041,10979,-784,482,10676,1108,-31006,19038,0,0,1,0,1,0
2308,1201562,13884,-789,350,13444,1609,-31207,13832,0,0,1,0,1,0
2309,1202083,16256,-764,205,15696,2048,-30208,8094,0,0,1,0,1,0
2310,1202604,18003,-709,52,17345,2408,-28048,2045,0,0,1,0,1,0
2311,1203125,19058,-628,-103,18327,2675,-24811,-4082,0,0,1,0,1,0
2312,1203645,0,0,0,0,0,0,0,1,0,0,0,0,0
2313,1204166,0,0,0,0,0,0,0,1,0,0,0,0,0
2314,1204687,0,0,0,0,0,0,0,1,0,0,0,0,0
2315,1205208,0,0,0,0,0,0,0,1,0,0,0,0,0
2316,1205729,0,0,0,0,0,0,0,1,0,0,0,0,0
2317,1206250,0,0,0,0,0,0,0,1,0,0,0,0,0
2318,1206770,0,0,0,0,0,0,0,1,0,0,0,0,0
2319,1207291,0,0,0,0,0,0,0,1,0,0,0,0,0
2320,1207812,0,0,0,0,0,0,0,1,0,0,0,0,0
2321,1208333,0,0,0,0,0,0,0,1,0,0,0,0,0
2322,1208854,0,0,0,0,0,0,0,1,0,0,0,0,0
2323,1209375,0,0,0,0,0,0,0,1,0,0,0,0,0
2324,1209895,0,0,0,0,0,0,0,1,0,0,0,0,0
2325,1210416,0,0,0,0,0,0,0,1,0,0,0,0,0
2326,1210937,0,0,0,0,0,0,0,1,0,0,0,0,0
2327,1211458,0,0,0,0,0,0,0,1,0,0,0,0,0
2328,1211979,0,0,0,0,0,0,0,1,0,0,0,0,0
2329,1212500,0,0,0,0,0,0,0,1,0,0,0,0,0
2330,1213020,0,0,0,0,0,0,0,1,0,0,0,0,0
2331,1213541,0,0,0,0,0,0,0,1,0,0,0,0,0
2332,1214062,0,0,0,0,0,0,0,1,0,0,0,0,0
2333,1214583,0,0,0,0,0,0,0,1,0,0,0,0,0
2334,1215104,0,0,0,0,0,0,0,1,0,0,0,0,0
2335,1215625,0,0,0,0,0,0,0,1,0,0,0,0,0
2336,1216145,0,0,0,0,0,0,0,1,0,0,0,0,0
2337,1216666,0,0,0,0,0,0,0,1,0,0,0,0,0
2338,1217187,0,0,0,0,0,0,0,1,0,0,0,0,0
2339,1217708,0,0,0,0,0,0,0,1,0,0,0,0,0
2340,1218229,0,0,0,0,0,0,0,1,0,0,0,0,0
2341,1218750,0,0,0,0,0,0,0,1,0,0,0,0,0
2342,1219270,0,0,0,0,0,0,0,1,0,0,0,0,0
2343,1219791,0,0,0,0,0,0,0,1,0,0,0,0,0
2344,1220312,0,0,0,0,0,0,0,1,0,0,0,0,0
2345,1220833,0,0,0,0,0,0,0,1,0,0,0,0,0
2346,1221354,0,0,0,0,0,0,0,1,0,0,0,0,0
2347,1221875,0,0,0,0,0,0,0,1,0,0,0,0,0
2348,1222395,0,0,0,0,0,0,0,1,0,0,0,0,0
2349,1222916,0,0,0,0,0,0,0,1,0,0,0,0,0
2350,1223437,0,0,0,0,0,0,0,1,0,0,0,0,0
2351,1223958,0,0,0,0,0,0,0,1,0,0,0,0,0
2352,1224479,0,0,0,0,0,0,0,1,0,0,0,0,0
2353,1225000,0,0,0,0,0,0,0,1,0,0,0,0,0
2354,1225520,0,0,0,0,0,0,0,1,0,0,0,0,0
2355,1226041,0,0,0,0,0,0,0,1,0,0,0,0,0
2356,1226562,0,0,0,0,0,0,0,1,0,0,0,0,0
2357,1227083,0,0,0,0,0,0,0,1,0,0,0,0,0
2358,1227604,0,0,0,0,0,0,0,1,0,0,0,0,0
2359,1228125,0,0,0,0,0,0,0,1,0,0,0,0,0
2360,1228645,0,0,0,0,0,0,0,1,0,0,0,0,0
2361,1229166,0,0,0,0,0,0,0,1,0,0,0,0,0
2362,1229687,0,0,0,0,0,0,0,1,0,0,0,0,0
2363,1230208,0,0,0,0,0,0,0,1,0,0,0,0,0
2364,1230729,0,0,0,0,0,0,0,1,0,0,0,0,0
2365,1231250,0,0,0,0,0,0,0,1,0,0,0,0,0
2366,1231770,0,0,0,0,0,0,0,1,0,0,0,0,0
2367,1232291,0,0,0,0,0,0,0,1,0,0,0,0,0
2368,1232812,0,0,0,0,0,0,0,1,0,0,0,0,0
2369,1233333,0,0,0,0,0,0,0,1,0,0,0,0,0
2370,1233854,0,0,0,0,0,0,0,1,0,0,0,0,0
2371,1234375,0,0,0,0,0,0,0,1,0,0,0,0,0
2372,1234895,0,0,0,0,0,0,0,1,0,0,0,0,0
2373,1235416,0,0,0,0,0,0,0,1,0,0,0,0,0
2374,1235937,0,0,0,0,0,0,0,1,0,0,0,0,0
2375,1236458,0,0,0,0,0,0,0,1,0,0,0,0,0
2376,1236979,0,0,0,0,0,0,0,1,0,0,0,0,0
2377,1237500,0,0,0,0,0,0,0,1,0,0,0,0,0
2378,1238020,0,0,0,0,0,0,0,1,0,0,0,0,0
2379,1238541,0,0,0,0,0,0,0,1,0,0,0,0,0
2380,1239062,0,0,0,0,0,0,0,1,0,0,0,0,0
2381,1239583,0,0,0,0,0,0,0,1,0,0,0,0,0
2382,1240104,0,0,0,0,0,0,0,1,0,0,0,0,0
2383,1240625,0,0,0,0,0,0,0,1,0,0,0,0,0
2384,1241145,0,0,0,0,0,0,0,1,0,0,0,0,0
2385,1241666,0,0,0,0,0,0,0,1,0,0,0,0,0
2386,1242187,0,0,0,0,0,0,0,1,0,0,0,0,0
2387,1242708,0,0,0,0,0,0,0,1,0,0,0,0,0
2388,1243229,0,0,0,0,0,0,0,1,0,0,0,0,0
2389,1243750,0,0,0,0,0,0,0,1,0,0,0,0,0
2390,1244270,0,0,0,0,0,0,0,1,0,0,0,0,0
2391,1244791,0,0,0,0,0,0,0,1,0,0,0,0,0
2392,1245312,0,0,0,0,0,0,0,1,0,0,0,0,0
2393,1245833,0,0,0,0,0,0,0,1,0,0,0,0,0
2394,1246354,0,0,0,0,0,0,0,1,0,0,0,0,0
2395,1246875,0,0,0,0,0,0,0,1,0,0,0,0,0
2396,1247395,0,0,0,0,0,0,0,1,0,0,0,0,0
2397,1247916,0,0,0,0,0,0,0,1,0,0,0,0,0
2398,1248437,0,0,0,0,0,0,0,1,0,0,0,0,0
2399,1248958,0,0,0,0,0,0,0,1,0,0,0,0,0
2400,1249479,0,0,0,0,0,0,0,1,0,0,0,0,0
2401,1250000,0,0,0,0,0,0,0,1,0,0,0,0,0
2402,1250520,0,0,0,0,0,0,0,1,0,0,0,0,0
2403,1251041,0,0,0,0,0,0,0,1,0,0,0,0,0
2404,1251562,0,0,0,0,0,0,0,1,0,0,0,0,0
2405,1252083,0,0,0,0,0,0,0,1,0,0,0,0,0
2406,1252604,0,0,0,0,0,0,0,1,0,0,0,0,0
2407,1253125,0,0,0,0,0,0,0,1,0,0,0,0,0
2408,1253645,0,0,0,0,0,0,0,1,0,0,0,0,0
2409,1254166,0,0,0,0,0,0,0,1,0,0,0,0,0
2410,1254687,0,0,0,0,0,0,0,1,0,0,0,0,0
2411,1255208,0,0,0,0,0,0,0,1,0,0,0,0,0
2412,1255729,0,0,0,0,0,0,0,1,0,0,0,0,0
2413,1256250,0,0,0,0,0,0,0,1,0,0,0,0,0
2414,1256770,0,0,0,0,0,0,0,1,0,0,0,0,0
2415,1257291,0,0,0,0,0,0,0,1,0,0,0,0,0
2416,1257812,0,0,0,0,0,0,0,1,0,0,0,0,0
2417,1258333,0,0,0,0,0,0,0,1,0,0,0,0,0
2418,1258854,0,0,0,0,0,0,0,1,0,0,0,0,0
2419,1259375,0,0,0,0,0,0,0,1,0,0,0,0,0
2420,1259895,0,0,0,0,0,0,0,1,0,0,0,0,0
2421,1260416,0,0,0,0,0,0,0,1,0,0,0,0,0
2422,1260937,0,0,0,0,0,0,0,1,0,0,0,0,0
2423,1261458,0,0,0,0,0,0,0,1,0,0,0,0,0
2424,1261979,0,0,0,0,0,0,0,1,0,0,0,0,0
2425,1262500,0,0,0,0,0,0,0,1,0,0,0,0,0
2426,1263020,0,0,0,0,0,0,0,1,0,0,0,0,0
2427,1263541,0,0,0,0,0,0,0,1,0,0,0,0,0
2428,1264062,0,0,0,0,0,0,0,1,0,0,0,0,0
2429,1264583,0,0,0,0,0,0,0,1,0,0,0,0,0
2430,1265104,0,0,0,0,0,0,0,1,0,0,0,0,0
2431,1265625,0,0,0,0,0,0,0,1,0,0,0,0,0
2432,1266145,0,0,0,0,0,0,0,1,0,0,0,0,0
2433,1266666,0,0,0,0,0,0,0,1,0,0,0,0,0
2434,1267187,0,0,0,0,0,0,0,1,0,0,0,0,0
2435,1267708,0,0,0,0,0,0,0,1,0,0,0,0,0
2436,1268229,0,0,0,0,0,0,0,1,0,0,0,0,0
2437,1268750,0,0,0,0,0,0,0,1,0,0,0,0,0
2438,1269270,0,0,0,0,0,0,0,1,0,0,0,0,0
2439,1269791,0,0,0,0,0,0,0,1,0,0,0,0,0
2440,1270312,0,0,0,0,0,0,0,1,0,0,0,0,0
2441,1270833,0,0,0,0,0,0,0,1,0,0,0,0,0
2442,1271354,0,0,0,0,0,0,0,1,0,0,0,0,0
2443,1271875,0,0,0,0,0,0,0,1,0,0,0,0,0
2444,1272395,0,0,0,0,0,0,0,1,0,0,0,0,0
2445,1272916,0,0,0,0,0,0,0,1,0,0,0,0,0
2446,1273437,0,0,0,0,0,0,0,1,0,0,0,0,0
2447,1273958,0,0,0,0,0,0,0,1,0,0,0,0,0
2448,1274479,0,0,0,0,0,0,0,1,0,0,0,0,0
2449,1275000,0,0,0,0,0,0,0,1,0,0,0,0,0
2450,1275520,0,0,0,0,0,0,0,1,0,0,0,0,0
2451,1276041,0,0,0,0,0,0,0,1,0,0,0,0,0
2452,1276562,0,0,0,0,0,0,0,1,0,0,0,0,0
2453,1277083,0,0,0,0,0,0,0,1,0,0,0,0,0
2454,1277604,0,0,0,0,0,0,0,1,0,0,0,0,0
2455,1278125,0,0,0,0,0,0,0,1,0,0,0,0,0
2456,1278645,0,0,0,0,0,0,0,1,0,0,0,0,0
2457,1279166,0,0,0,0,0,0,0,1,0,0,0,0,0
2458,1279687,0,0,0,0,0,0,0,1,0,0,0,0,0
2459,1280208,0,0,0,0,0,0,0,1,0,0,0,0,0
2460,1280729,0,0,0,0,0,0,0,1,0,0,0,0,0
2461,1281250,0,0,0,0,0,0,0,1,0,0,0,0,0
2462,1281770,0,0,0,0,0,0,0,1,0,0,0,0,0
2463,1282291,0,0,0,0,0,0,0,1,0,0,0,0,0
2464,1282812,0,0,0,0,0,0,0,1,0,0,0,0,0
2465,1283333,0,0,0,0,0,0,0,1,0,0,0,0,0
2466,1283854,0,0,0,0,0,0,0,1,0,0,0,0,0
2467,1284375,0,0,0,0,0,0,0,1,0,0,0,0,0
2468,1284895,0,0,0,0,0,0,0,1,0,0,0,0,0
2469,1285416,0,0,0,0,0,0,0,1,0,0,0,0,0
2470,1285937,0,0,0,0,0,0,0,1,0,0,0,0,0
2471,1286458,0,0,0,0,0,0,0,1,0,0,0,0,0
2472,1286979,0,0,0,0,0,0,0,1,0,0,0,0,0
2473,1287500,0,0,0,0,0,0,0,1,0,0,0,0,0
2474,1288020,0,0,0,0,0,0,0,1,0,0,0,0,0
2475,1288541,0,0,0,0,0,0,0,1,0,0,0,0,0
2476,1289062,0,0,0,0,0,0,0,1,0,0,0,0,0
2477,1289583,0,0,0,0,0,0,0,1,0,0,0,0,0
2478,1290104,0,0,0,0,0,0,0,1,0,0,0,0,0
2479,1290625,0,0,0,0,0,0,0,1,0,0,0,0,0
2480,1291145,0,0,0,0,0,0,0,1,0,0,0,0,0
2481,1291666,0,0,0,0,0,0,0,1,0,0,0,0,0
2482,1292187,0,0,0,0,0,0,0,1,0,0,0,0,0
2483,1292708,0,0,0,0,0,0,0,1,0,0,0,0,0
2484,1293229,0,0,0,0,0,0,0,1,0,0,0,0,0
2485,1293750,0,0,0,0,0,0,0,1,0,0,0,0,0
2486,1294270,0,0,0,0,0,0,0,1,0,0,0,0,0
2487,1294791,0,0,0,0,0,0,0,1,0,0,0,0,0
2488,1295312,0,0,0,0,0,0,0,1,0,0,0,0,0
2489,1295833,0,0,0,0,0,0,0,1,0,0,0,0,0
2490,1296354,0,0,0,0,0,0,0,1,0,0,0,0,0
2491,1296875,0,0,0,0,0,0,0,1,0,0,0,0,0
2492,1297395,0,0,0,0,0,0,0,1,0,0,0,0,0
2493,1297916,0,0,0,0,0,0,0,1,0,0,0,0,0
2494,1298437,0,0,0,0,0,0,0,1,0,0,0,0,0
2495,1298958,0,0,0,0,0,0,0,1,0,0,0,0,0
2496,1299479,0,0,0,0,0,0,0,1,0,0,0,0,0
2497,1300000,0,0,0,0,0,0,0,1,0,0,0,0,0
2498,1300520,0,0,0,0,0,0,0,1,0,0,0,0,0
2499,1301041,0,0,0,0,0,0,0,1,0,0,0,0,0
2500,1301562,0,0,0,0,0,0,0,1,0,0,0,0,0
2501,1302083,0,0,0,0,0,0,0,1,0,0,0,0,0
2502,1302604,0,0,0,0,0,0,0,1,0,0,0,0,0
2503,1303125,0,0,0,0,0,0,0,1,0,0,0,0,0
2504,1303645,0,0,0,0,0,0,0,1,0,0,0,0,0
2505,1304166,0,0,0,0,0,0,0,1,0,0,0,0,0
2506,1304687,0,0,0,0,0,0,0,1,0,0,0,0,0
2507,1305208,0,0,0,0,0,0,0,1,0,0,0,0,0
2508,1305729,0,0,0,0,0,0,0,1,0,0,0,0,0
2509,1306250,0,0,0,0,0,0,0,1,0,0,0,0,0
2510,1306770,0,0,0,0,0,0,0,1,0,0,0,0,0
2511,1307291,0,0,0,0,0,0,0,1,0,0,0,0,0
2512,1307812,0,0,0,0,0,0,0,1,0,0,0,0,0
2513,1308333,0,0,0,0,0,0,0,1,0,0,0,0,0
2514,1308854,0,0,0,0,0,0,0,1,0,0,0,0,0
2515,1309375,0,0,0,0,0,0,0,1,0,0,0,0,0
2516,1309895,0,0,0,0,0,0,0,1,0,0,0,0,0
2517,1310416,0,0,0,0,0,0,0,1,0,0,0,0,0
2518,1310937,0,0,0,0,0,0,0,1,0,0,0,0,0
2519,1311458,0,0,0,0,0,0,0,1,0,0,0,0,0
2520,1311979,0,0,0,0,0,0,0,1,0,0,0,0,0
2521,1312500,0,0,0,0,0,0,0,1,0,0,0,0,0
2522,1313020,0,0,0,0,0,0,0,1,0,0,0,0,0
2523,1313541,0,0,0,0,0,0,0,1,0,0,0,0,0
2524,1314062,0,0,0,0,0,0,0,1,0,0,0,0,0
2525,1314583,0,0,0,0,0,0,0,1,0,0,0,0,0
2526,1315104,0,0,0,0,0,0,0,1,0,0,0,0,0
2527,1315625,0,0,0,0,0,0,0,1,0,0,0,0,0
2528,1316145,0,0,0,0,0,0,0,1,0,0,0,0,0
2529,1316666,0,0,0,0,0,0,0,1,0,0,0,0,0
2530,1317187,0,0,0,0,0,0,0,1,0,0,0,0,0
2531,1317708,0,0,0,0,0,0,0,1,0,0,0,0,0
2532,1318229,0,0,0,0,0,0,0,1,0,0,0,0,0
2533,1318750,0,0,0,0,0,0,0,1,0,0,0,0,0
2534,1319270,0,0,0,0,0,0,0,1,0,0,0,0,0
2535,1319791,0,0,0,0,0,0,0,1,0,0,0,0,0
2536,1320312,0,0,0,0,0,0,0,1,0,0,0,0,0
2537,1320833,0,0,0,0,0,0,0,1,0,0,0,0,0
2538,1321354,0,0,0,0,0,0,0,1,0,0,0,0,0
2539,1321875,0,0,0,0,0,0,0,1,0,0,0,0,0
2540,1322395,0,0,0,0,0,0,0,1,0,0,0,0,0
2541,1322916,0,0,0,0,0,0,0,1,0,0,0,0,0
2542,1323437,0,0,0,0,0,0,0,1,0,0,0,0,0
2543,1323958,0,0,0,0,0,0,0,1,0,0,0,0,0
2544,1324479,0,0,0,0,0,0,0,1,0,0,0,0,0
2545,1325000,0,0,0,0,0,0,0,1,0,0,0,0,0
2546,1325520,0,0,0,0,0,0,0,1,0,0,0,0,0
2547,1326041,0,0,0,0,0,0,0,1,0,0,0,0,0
2548,1326562,0,0,0,0,0,0,0,1,0,0,0,0,0
2549,1327083,0,0,0,0,0,0,0,1,0,0,0,0,0
2550,1327604,0,0,0,0,0,0,0,1,0,0,0,0,0
2551,1328125,0,0,0,0,0,0,0,1,0,0,0,0,0
2552,1328645,0,0,0,0,0,0,0,1,0,0,0,0,0
2553,1329166,0,0,0,0,0,0,0,1,0,0,0,0,0
2554,1329687,0,0,0,0,0,0,0,1,0,0,0,0,0
2555,1330208,0,0,0,0,0,0,0,1,0,0,0,0,0
2556,1330729,0,0,0,0,0,0,0,1,0,0,0,0,0
2557,1331250,0,0,0,0,0,0,0,1,0,0,0,0,0
2558,1331770,0,0,0,0,0,0,0,1,0,0,0,0,0
2559,1332291,0,0,0,0,0,0,0,1,0,0,0,0,0
2560,1332812,0,0,0,0,0,0,0,1,0,0,0,0,0
2561,1333333,0,0,0,0,0,0,0,1,0,0,0,0,0
2562,1333854,0,0,0,0,0,0,0,1,0,0,0,0,0
2563,1334375,0,0,0,0,0,0,0,1,0,0,0,0,0
2564,1334895,0,0,0,0,0,0,0,1,0,0,0,0,0
2565,1335416,0,0,0,0,0,0,0,1,0,0,0,0,0
2566,1335937,0,0,0,0,0,0,0,1,0,0,0,0,0
2567,1336458,0,0,0,0,0,0,0,1,0,0,0,0,0
2568,1336979,0,0,0,0,0,0,0,1,0,0,0,0,0
2569,1337500,0,0,0,0,0,0,0,1,0,0,0,0,0
2570,1338020,0,0,0,0,0,0,0,1,0,0,0,0,0
2571,1338541,0,0,0,0,0,0,0,1,0,0,0,0,0
2572,1339062,0,0,0,0,0,0,0,1,0,0,0,0,0
2573,1339583,0,0,0,0,0,0,0,1,0,0,0,0,0
2574,1340104,0,0,0,0,0,0,0,1,0,0,0,0,0
2575,1340625,0,0,0,0,0,0,0,1,0,0,0,0,0
2576,1341145,0,0,0,0,0,0,0,1,0,0,0,0,0
2577,1341666,0,0,0,0,0,0,0,1,0,0,0,0,0
2578,1342187,0,0,0,0,0,0,0,1,0,0,0,0,0
2579,1342708,0,0,0,0,0,0,0,1,0,0,0,0,0
2580,1343229,0,0,0,0,0,0,0,1,0,0,0,0,0
2581,1343750,0,0,0,0,0,0,0,1,0,0,0,0,0
2582,1344270,0,0,0,0,0,0,0,1,0,0,0,0,0
2583,1344791,0,0,0,0,0,0,0,1,0,0,0,0,0
2584,1345312,0,0,0,0,0,0,0,1,0,0,0,0,0
2585,1345833,0,0,0,0,0,0,0,1,0,0,0,0,0
2586,1346354,0,0,0,0,0,0,0,1,0,0,0,0,0
2587,1346875,0,0,0,0,0,0,0,1,0,0,0,0,0
2588,1347395,0,0,0,0,0,0,0,1,0,0,0,0,0
2589,1347916,0,0,0,0,0,0,0,1,0,0,0,0,0
2590,1348437,0,0,0,0,0,0,0,1,0,0,0,0,0
2591,1348958,0,0,0,0,0,0,0,1,0,0,0,0,0
2592,1349479,0,0,0,0,0,0,0,1,0,0,0,0,0
2593,1350000,0,0,0,0,0,0,0,1,0,0,0,0,0
2594,1350520,0,0,0,0,0,0,0,1,0,0,0,0,0
2595,1351041,0,0,0,0,0,0,0,1,0,0,0,0,0
2596,1351562,0,0,0,0,0,0,0,1,0,0,0,0,0
2597,1352083,0,0,0,0,0,0,0,1,0,0,0,0,0
2598,1352604,0,0,0,0,0,0,0,1,0,0,0,0,0
2599,1353125,0,0,0,0,0,0,0,1,0,0,0,0,0
2600,1353645,0,0,0,0,0,0,0,1,0,0,0,0,0
2601,1354166,0,0,0,0,0,0,0,1,0,0,0,0,0
2602,1354687,0,0,0,0,0,0,0,1,0,0,0,0,0
2603,1355208,0,0,0,0,0,0,0,1,0,0,0,0,0
2604,1355729,0,0,0,0,0,0,0,1,0,0,0,0,0
2605,1356250,0,0,0,0,0,0,0,1,0,0,0,0,0
2606,1356770,0,0,0,0,0,0,0,1,0,0,0,0,0
2607,1357291,0,0,0,0,0,0,0,1,0,0,0,0,0
2608,1357812,0,0,0,0,0,0,0,1,0,0,0,0,0
2609,1358333,0,0,0,0,0,0,0,1,0,0,0,0,0
2610,1358854,0,0,0,0,0,0,0,1,0,0,0,0,0
2611,1359375,0,0,0,0,0,0,0,1,0,0,0,0,0
2612,1359895,0,0,0,0,0,0,0,1,0,0,0,0,0
2613,1360416,0,0,0,0,0,0,0,1,0,0,0,0,0
2614,1360937,0,0,0,0,0,0,0,1,0,0,0,0,0
2615,1361458,0,0,0,0,0,0,0,1,0,0,0,0,0
2616,1361979,0,0,0,0,0,0,0,1,0,0,0,0,0
2617,1362500,0,0,0,0,0,0,0,1,0,0,0,0,0
2618,1363020,0,0,0,0,0,0,0,1,0,0,0,0,0
2619,1363541,0,0,0,0,0,0,0,1,0,0,0,0,0
2620,1364062,0,0,0,0,0,0,0,1,0,0,0,0,0
2621,1364583,0,0,0,0,0,0,0,1,0,0,0,0,0
2622,1365104,0,0,0,0,0,0,0,1,0,0,0,0,0
2623,1365625,0,0,0,0,0,0,0,1,0,0,0,0,0
2624,1366145,0,0,0,0,0,0,0,1,0,0,0,0,0
2625,1366666,0,0,0,0,0,0,0,1,0,0,0,0,0
2626,1367187,0,0,0,0,0,0,0,1,0,0,0,0,0
2627,1367708,0,0,0,0,0,0,0,1,0,0,0,0,0
2628,1368229,0,0,0,0,0,0,0,1,0,0,0,0,0
2629,1368750,0,0,0,0,0,0,0,1,0,0,0,0,0
2630,1369270,0,0,0,0,0,0,0,1,0,0,0,0,0
2631,1369791,0,0,0,0,0,0,0,1,0,0,0,0,0
2632,1370312,0,0,0,0,0,0,0,1,0,0,0,0,0
