1,0,0,-1626,1626,0,0,-25024,25024,0,0,0,0,1,0
2,520,366,-1777,1411,0,5637,-27362,21724,0,0,0,0,1,0
3,1041,718,-1861,1143,0,11058,-28648,17590,0,0,0,0,1,0
4,1562,1043,-1873,830,0,16053,-28833,12780,0,0,0,0,1,0
5,2083,1327,-1813,486,0,20432,-27910,7479,0,0,0,0,1,0
6,2604,1561,-1683,123,0,24025,-25915,1890,0,0,0,0,1,0
7,3125,1734,-1489,-245,0,26696,-22924,-3772,0,0,0,0,1,0
8,3645,1841,-1238,-603,0,28340,-19052,-9288,0,0,0,0,1,0
9,4166,1877,-939,-939,0,28895,-14448,-14448,0,0,0,0,1,0
10,4687,1841,-603,-1238,0,28340,-9288,-19052,0,0,0,0,1,0
11,5208,1734,-245,-1489,0,26696,-3772,-22924,0,0,0,0,1,0
12,5729,1561,123,-1683,0,24025,1890,-25915,0,0,0,0,1,0
13,6250,1327,486,-1813,0,20432,7479,-27910,0,0,0,0,1,0
14,6770,1043,830,-1873,0,16053,12780,-28833,0,0,0,0,1,0
15,7291,718,1143,-1861,0,11058,17590,-28648,0,0,0,0,1,0
16,7812,366,1411,-1777,0,5637,21724,-27362,0,0,0,0,1,0
17,8333,0,1626,-1626,0,0,25024,-25024,0,0,0,0,1,0
18,8854,-366,1777,-1411,0,-5637,27362,-21724,0,0,0,0,1,0
19,9375,-718,1861,-1143,0,-11058,28648,-17590,0,0,0,0,1,0
20,9895,-1043,1873,-830,0,-16053,28833,-12780,0,0,0,0,1,0
21,10416,-1327,1813,-486,0,-20432,27910,-7479,0,0,0,0,1,0
22,10937,-1561,1683,-123,0,-24025,25915,-1890,0,0,0,0,1,0
23,11458,-1734,1489,245,0,-26696,22924,3772,0,0,0,0,1,0
24,11979,-1841,1238,603,0,-28340,19052,9288,0,0,0,0,1,0
25,12500,-1877,939,939,0,-28895,14448,14448,0,0,0,0,1,0
26,13020,-1841,603,1238,0,-28340,9288,19052,0,0,0,0,1,0
27,13541,-1734,245,1489,0,-26696,3772,22924,0,0,0,0,1,0
28,14062,-1561,-123,1683,0,-24025,-1890,25915,0,0,0,0,1,0
29,14583,-1327,-486,1813,0,-20432,-7479,27910,0,0,0,0,1,0
30,15104,-1043,-830,1873,0,-16053,-12780,28833,0,0,0,0,1,0
31,15625,-718,-1143,1861,0,-11058,-17590,28648,0,0,0,0,1,0
32,16145,-366,-1411,1777,0,-5637,-21724,27362,0,0,0,0,1,0
33,16666,0,-1626,1626,0,0,-25024,25024,0,0,0,0,1,0
34,17187,366,-1777,1411,0,5637,-27362,21724,0,0,0,0,1,0
35,17708,718,-1861,1143,0,11058,-28648,17590,0,0,0,0,1,0
36,18229,1043,-1873,830,0,16053,-28833,12780,0,0,0,0,1,0
37,18750,1327,-1813,486,0,20432,-27910,7479,0,0,0,0,1,0
38,19270,1561,-1683,123,0,24025,-25915,1890,0,0,0,0,1,0
39,19791,1734,-1489,-245,0,26696,-22924,-3772,0,0,0,0,1,0
40,20312,1841,-1238,-603,0,28340,-19052,-9288,0,0,0,0,1,0
41,20833,1877,-939,-939,0,28895,-14448,-14448,0,0,0,0,1,0
42,21354,1841,-603,-1238,0,28340,-9288,-19052,0,0,0,0,1,0
43,21875,1734,-245,-1489,0,26696,-3772,-22924,0,0,0,0,1,0
44,22395,1561,123,-1683,0,24025,1890,-25915,0,0,0,0,1,0
45,22916,1327,486,-1813,0,20432,7479,-27910,0,0,0,0,1,0
46,23437,1043,830,-1873,0,16053,12780,-28833,0,0,0,0,1,0
47,23958,718,1143,-1861,0,11058,17590,-28648,0,0,0,0,1,0
48,24479,366,1411,-1777,0,5637,21724,-27362,0,0,0,0,1,0
49,25000,0,1626,-1626,0,0,25024,-25024,0,0,0,0,1,0
50,25520,-366,1777,-1411,0,-5637,27362,-21724,0,0,0,0,1,0
51,26041,-718,1861,-1143,0,-11058,28648,-17590,0,0,0,0,1,0
52,26562,-1043,1873,-830,0,-16053,28833,-12780,0,0,0,0,1,0
53,27083,-1327,1813,-486,0,-20432,27910,-7479,0,0,0,0,1,0
54,27604,-1561,1683,-123,0,-24025,25915,-1890,0,0,0,0,1,0
55,28125,-1734,1489,245,0,-26696,22924,3772,0,0,0,0,1,0
56,28645,-1841,1238,603,0,-28340,19052,9288,0,0,0,0,1,0
57,29166,-1877,939,939,0,-28895,14448,14448,0,0,0,0,1,0
58,29687,-1841,603,1238,0,-28340,9288,19052,0,0,0,0,1,0
59,30208,-1734,245,1489,0,-26696,3772,22924,0,0,0,0,1,0
60,30729,-1561,-123,1683,0,-24025,-1890,25915,0,0,0,0,1,0
61,31250,-1327,-486,1813,0,-20432,-7479,27910,0,0,0,0,1,0
62,31770,-1043,-830,1873,0,-16053,-12780,28833,0,0,0,0,1,0
63,32291,-718,-1143,1861,0,-11058,-17590,28648,0,0,0,0,1,0
64,32812,-366,-1411,1777,0,-5637,-21724,27362,0,0,0,0,1,0
65,33333,0,-1626,1626,0,0,-25024,25024,0,0,0,0,1,0
66,33854,366,-1777,1411,0,5637,-27362,21724,0,0,0,0,1,0
67,34375,718,-1861,1143,0,11058,-28648,17590,0,0,0,0,1,0
68,34895,1043,-1873,830,0,16053,-28833,12780,0,0,0,0,1,0
69,35416,1327,-1813,486,0,20432,-27910,7479,0,0,0,0,1,0
70,35937,1561,-1683,123,0,24025,-25915,1890,0,0,0,0,1,0
71,36458,1734,-1489,-245,0,26696,-22924,-3772,0,0,0,0,1,0
72,36979,1841,-1238,-603,0,28340,-19052,-9288,0,0,0,0,1,0
73,37500,1877,-939,-939,0,28895,-14448,-14448,0,0,0,0,1,0
74,38020,1841,-603,-1238,0,28340,-9288,-19052,0,0,0,0,1,0
75,38541,1734,-245,-1489,0,26696,-3772,-22924,0,0,0,0,1,0
76,39062,1561,123,-1683,0,24025,1890,-25915,0,0,0,0,1,0
77,39583,1327,486,-1813,0,20432,7479,-27910,0,0,0,0,1,0
78,40104,1043,830,-1873,0,16053,12780,-28833,0,0,0,0,1,0
79,40625,718,1143,-1861,0,11058,17590,-28648,0,0,0,0,1,0
80,41145,366,1411,-1777,0,5637,21724,-27362,0,0,0,0,1,0
81,41666,0,1626,-1626,0,0,25024,-25024,0,0,0,0,1,0
82,42187,-366,1777,-1411,0,-5637,27362,-21724,0,0,0,0,1,0
83,42708,-718,1861,-1143,0,-11058,28648,-17590,0,0,0,0,1,0
84,43229,-1043,1873,-830,0,-16053,28833,-12780,0,0,0,0,1,0
85,43750,-1327,1813,-486,0,-20432,27910,-7479,0,0,0,0,1,0
86,44270,-1561,1683,-123,0,-24025,25915,-1890,0,0,0,0,1,0
87,44791,-1734,1489,245,0,-26696,22924,3772,0,0,0,0,1,0
88,45312,-1841,1238,603,0,-28340,19052,9288,0,0,0,0,1,0
89,45833,-1877,939,939,0,-28895,14448,14448,0,0,0,0,1,0
90,46354,-1841,603,1238,0,-28340,9288,19052,0,0,0,0,1,0
91,46875,-1734,245,1489,0,-26696,3772,22924,0,0,0,0,1,0
92,47395,-1561,-123,1683,0,-24025,-1890,25915,0,0,0,0,1,0
93,47916,-1327,-486,1813,0,-20432,-7479,27910,0,0,0,0,1,0
94,48437,-1043,-830,1873,0,-16053,-12780,28833,0,0,0,0,1,0
95,48958,-718,-1143,1861,0,-11058,-17590,28648,0,0,0,0,1,0
96,49479,-366,-1411,1777,0,-5637,-21724,27362,0,0,0,0,1,0
97,50000,0,-1626,31207,29581,0,-27026,2502,0,0,1,0,1,0
98,50520,366,-1777,27781,26370,6088,-29551,2172,0,0,1,0,1,0
99,51041,718,-1861,23863,22721,11942,-30940,1759,0,0,1,0,1,0
100,51562,1043,-1873,19594,18764,17337,-31140,1278,0,0,1,0,1,0
101,52083,1327,-1813,15125,14639,22066,-30143,748,0,0,1,0,1,0
102,52604,1561,-1683,10619,10496,25947,-27988,189,0,0,1,0,1,0
103,53125,1734,-1489,6236,6481,28831,-24758,-377,0,0,1,0,1,0
104,53645,1841,-1238,2137,2740,30607,-20576,-929,0,0,1,0,1,0
105,54166,1877,-939,-1533,-594,31207,-15603,-1445,0,0,1,0,1,0
106,54687,1841,-603,-4641,-3404,30607,-10031,-1905,0,0,1,0,1,0
107,55208,1734,-245,-7079,-5590,28831,-4073,-2292,0,0,1,0,1,0
108,55729,1561,123,-8762,-7079,25947,2041,-2592,0,0,1,0,1,0
109,56250,1327,486,-9635,-7822,22066,8077,-2791,0,0,1,0,1,0
110,56770,1043,830,-9673,-7800,17337,13802,-2883,0,0,1,0,1,0
111,57291,718,1143,-8885,-7024,11942,18997,-2865,0,0,1,0,1,0
112,57812,366,1411,-7309,-5531,6088,23462,-2736,0,0,1,0,1,0
113,58333,0,1626,-5014,-3388,0,27026,-2502,0,0,1,0,1,0
114,58854,-366,1777,-2097,-686,-6088,29551,-2172,0,0,1,0,1,0
115,59375,-718,1861,1321,2464,-11942,30940,-1759,0,0,1,0,1,0
116,59895,-1043,1873,5101,5931,-17337,31140,-1278,0,0,1,0,1,0
117,60416,-1327,1813,9089,9575,-22066,30143,-748,0,0,1,0,1,0
118,60937,-1561,1683,13125,13248,-25947,27988,-189,0,0,1,0,1,0
119,61458,-1734,1489,17046,16801,-28831,24758,377,0,0,1,0,1,0
120,61979,-1841,1238,20692,20089,-30607,20576,929,0,0,1,0,1,0
121,62500,-1877,939,23918,22980,-31207,15603,1445,0,0,1,0,1,0
122,63020,-1841,603,26592,25354,-30607,10031,1905,0,0,1,0,1,0
123,63541,-1734,245,28603,27113,-28831,4073,2292,0,0,1,0,1,0
124,64062,-1561,-123,29867,28184,-25947,-2041,2592,0,0,1,0,1,0
125,64583,-1327,-486,30330,28516,-22066,-8077,2791,0,0,1,0,1,0
126,65104,-1043,-830,29966,28093,-17337,-13802,2883,0,0,1,0,1,0
127,65625,-718,-1143,28783,26922,-11942,-18997,2865,0,0,1,0,1,0
128,66145,-366,-1411,26819,25042,-6088,-23462,2736,0,0,1,0,1,0
129,66666,0,-1626,24145,22520,0,-27026,2502,0,0,1,0,1,0
130,67187,366,-1777,20857,19445,6088,-29551,2172,0,0,1,0,1,0
131,67708,718,-1861,17074,15931,11942,-30940,1759,0,0,1,0,1,0
132,68229,1043,-1873,12936,12106,17337,-31140,1278,0,0,1,0,1,0
133,68750,1327,-1813,8597,8111,22066,-30143,748,0,0,1,0,1,0
134,69270,1561,-1683,4217,4095,25947,-27988,189,0,0,1,0,1,0
135,69791,1734,-1489,-40,205,28831,-24758,-377,0,0,1,0,1,0
136,70312,1841,-1238,-4018,-3415,30607,-20576,-929,0,0,1,0,1,0
137,70833,1877,-939,-7568,-6629,31207,-15603,-1445,0,0,1,0,1,0
138,71354,1841,-603,-10559,-9321,30607,-10031,-1905,0,0,1,0,1,0
139,71875,1734,-245,-12882,-11393,28831,-4073,-2292,0,0,1,0,1,0
140,72395,1561,123,-14452,-12769,25947,2041,-2592,0,0,1,0,1,0
141,72916,1327,486,-15214,-13401,22066,8077,-2791,0,0,1,0,1,0
142,73437,1043,830,-15144,-13271,17337,13802,-2883,0,0,1,0,1,0
143,73958,718,1143,-14249,-12388,11942,18997,-2865,0,0,1,0,1,0
144,74479,366,1411,-12569,-10791,6088,23462,-2736,0,0,1,0,1,0
145,75000,0,1626,-10172,-8546,0,27026,-2502,0,0,1,0,1,0
146,75520,-366,1777,-7155,-5743,-6088,29551,-2172,0,0,1,0,1,0
147,76041,-718,1861,-3638,-2496,-11942,30940,-1759,0,0,1,0,1,0
148,76562,-1043,1873,238,1068,-17337,31140,-1278,0,0,1,0,1,0
149,77083,-1327,1813,4321,4807,-22066,30143,-748,0,0,1,0,1,0
150,77604,-1561,1683,8450,8572,-25947,27988,-189,0,0,1,0,1,0
151,78125,-1734,1489,12461,12216,-28831,24758,377,0,0,1,0,1,0
152,78645,-1841,1238,16197,15594,-30607,20576,929,0,0,1,0,1,0
153,79166,-1877,939,19510,18572,-31207,15603,1445,0,0,1,0,1,0
154,79687,-1841,603,22269,21032,-30607,10031,1905,0,0,1,0,1,0
155,80208,-1734,245,24364,22875,-28831,4073,2292,0,0,1,0,1,0
156,80729,-1561,-123,25711,24028,-25947,-2041,2592,0,0,1,0,1,0
157,81250,-1327,-486,26255,24441,-22066,-8077,2791,0,0,1,0,1,0
158,81770,-1043,-830,25970,24097,-17337,-13802,2883,0,0,1,0,1,0
159,82291,-718,-1143,24864,23003,-11942,-18997,2865,0,0,1,0,1,0
160,82812,-366,-1411,22977,21200,-6088,-23462,2736,0,0,1,0,1,0
161,83333,0,-1626,20378,18752,0,-27026,2502,0,0,1,0,1,0
162,83854,366,-1777,17163,15751,6088,-29551,2172,0,0,1,0,1,0
163,84375,718,-1861,13452,12309,11942,-30940,1759,0,0,1,0,1,0
164,84895,1043,-1873,9384,8554,17337,-31140,1278,0,0,1,0,1,0
165,85416,1327,-1813,5114,4629,22066,-30143,748,0,0,1,0,1,0
166,85937,1561,-1683,802,680,25947,-27988,189,0,0,1,0,1,0
167,86458,1734,-1489,-3389,-3144,28831,-24758,-377,0,0,1,0,1,0
168,86979,1841,-1238,-7301,-6698,30607,-20576,-929,0,0,1,0,1,0
169,87500,1877,-939,-10787,-9849,31207,-15603,-1445,0,0,1,0,1,0
170,88020,1841,-603,-13716,-12478,30607,-10031,-1905,0,0,1,0,1,0
171,88541,1734,-245,-15978,-14488,28831,-4073,-2292,0,0,1,0,1,0
172,89062,1561,123,-17487,-15804,25947,2041,-2592,0,0,1,0,1,0
173,89583,1327,486,-18191,-16378,22066,8077,-2791,0,0,1,0,1,0
174,90104,1043,830,-18063,-16190,17337,13802,-2883,0,0,1,0,1,0
175,90625,718,1143,-17111,-15250,11942,18997,-2865,0,0,1,0,1,0
176,91145,366,1411,-15375,-13597,6088,23462,-2736,0,0,1,0,1,0
177,91666,0,1626,-12923,-11298,0,27026,-2502,0,0,1,0,1,0
178,92187,-366,1777,-9853,-8442,-6088,29551,-2172,0,0,1,0,1,0
179,92708,-718,1861,-6284,-5141,-11942,30940,-1759,0,0,1,0,1,0
180,93229,-1043,1873,-2356,-1526,-17337,31140,-1278,0,0,1,0,1,0
181,93750,-1327,1813,1777,2263,-22066,30143,-748,0,0,1,0,1,0
182,94270,-1561,1683,5955,6078,-25947,27988,-189,0,0,1,0,1,0
183,94791,-1734,1489,10015,9770,-28831,24758,377,0,0,1,0,1,0
184,95312,-1841,1238,13799,13195,-30607,20576,929,0,0,1,0,1,0
185,95833,-1877,939,17159,16220,-31207,15603,1445,0,0,1,0,1,0
186,96354,-1841,603,19963,18726,-30607,10031,1905,0,0,1,0,1,0
187,96875,-1734,245,22103,20614,-28831,4073,2292,0,0,1,0,1,0
188,97395,-1561,-123,23494,21811,-25947,-2041,2592,0,0,1,0,1,0
189,97916,-1327,-486,24081,22267,-22066,-8077,2791,0,0,1,0,1,0
190,98437,-1043,-830,23838,21965,-17337,-13802,2883,0,0,1,0,1,0
191,98958,-718,-1143,22774,20913,-11942,-18997,2865,0,0,1,0,1,0
192,99479,-366,-1411,20928,19150,-6088,-23462,2736,0,0,1,0,1,0
193,100000,0,-1626,18368,16743,0,-27026,2502,0,0,1,0,1,0
194,100520,366,-1777,15192,13781,6088,-29551,2172,0,0,1,0,1,0
195,101041,718,-1861,11519,10377,11942,-30940,1759,0,0,1,0,1,0
196,101562,1043,-1873,7490,6659,17337,-31140,1278,0,0,1,0,1,0
197,102083,1327,-1813,3256,2771,22066,-30143,748,0,0,1,0,1,0
198,102604,1561,-1683,-1019,-1142,25947,-27988,189,0,0,1,0,1,0
199,103125,1734,-1489,-5175,-4930,28831,-24758,-377,0,0,1,0,1,0
200,103645,1841,-1238,-9053,-8450,30607,-20576,-929,0,0,1,0,1,0
201,104166,1877,-939,-12505,-11567,31207,-15603,-1445,0,0,1,0,1,0
202,104687,1841,-603,-15400,-14163,30607,-10031,-1905,0,0,1,0,1,0
203,105208,1734,-245,-17629,-16140,28831,-4073,-2292,0,0,1,0,1,0
204,105729,1561,123,-19107,-17423,25947,2041,-2592,0,0,1,0,1,0
205,106250,1327,486,-19779,-17965,22066,8077,-2791,0,0,1,0,1,0
206,106770,1043,830,-19620,-17747,17337,13802,-2883,0,0,1,0,1,0
207,107291,718,1143,-18638,-16777,11942,18997,-2865,0,0,1,0,1,0
208,107812,366,1411,-16872,-15094,6088,23462,-2736,0,0,1,0,1,0
209,108333,0,1626,-14391,-12766,0,27026,-2502,0,0,1,0,1,0
210,108854,-366,1777,-11292,-9881,-6088,29551,-2172,0,0,1,0,1,0
211,109375,-718,1861,-7695,-6553,-11942,30940,-1759,0,0,1,0,1,0
212,109895,-1043,1873,-3740,-2910,-17337,31140,-1278,0,0,1,0,1,0
213,110416,-1327,1813,420,906,-22066,30143,-748,0,0,1,0,1,0
214,110937,-1561,1683,4625,4747,-25947,27988,-189,0,0,1,0,1,0
215,111458,-1734,1489,8710,8465,-28831,24758,377,0,0,1,0,1,0
216,111979,-1841,1238,12519,11916,-30607,20576,929,0,0,1,0,1,0
217,112500,-1877,939,15904,14965,-31207,15603,1445,0,0,1,0,1,0
218,113020,-1841,603,18733,17496,-30607,10031,1905,0,0,1,0,1,0
219,113541,-1734,245,20897,19408,-28831,4073,2292,0,0,1,0,1,0
220,114062,-1561,-123,22311,20628,-25947,-2041,2592,0,0,1,0,1,0
221,114583,-1327,-486,22921,21108,-22066,-8077,2791,0,0,1,0,1,0
222,115104,-1043,-830,22701,20828,-17337,-13802,2883,0,0,1,0,1,0
223,115625,-718,-1143,21659,19798,-11942,-18997,2865,0,0,1,0,1,0
224,116145,-366,-1411,19834,18057,-6088,-23462,2736,0,0,1,0,1,0
225,116666,0,-1626,17296,15670,0,-27026,2502,0,0,1,0,1,0
226,117187,366,-1777,14140,12729,6088,-29551,2172,0,0,1,0,1,0
227,117708,718,-1861,10488,9346,11942,-30940,1759,0,0,1,0,1,0
228,118229,1043,-1873,6479,5649,17337,-31140,1278,0,0,1,0,1,0
229,118750,1327,-1813,2265,1779,22066,-30143,748,0,0,1,0,1,0
230,119270,1561,-1683,-1991,-2114,25947,-27988,189,0,0,1,0,1,0
231,119791,1734,-1489,-6128,-5883,28831,-24758,-377,0,0,1,0,1,0
232,120312,1841,-1238,-9988,-9384,30607,-20576,-929,0,0,1,0,1,0
233,120833,1877,-939,-13421,-12483,31207,-15603,-1445,0,0,1,0,1,0
234,121354,1841,-603,-16299,-15061,30607,-10031,-1905,0,0,1,0,1,0
235,121875,1734,-245,-18510,-17021,28831,-4073,-2292,0,0,1,0,1,0
236,122395,1561,123,-19971,-18287,25947,2041,-2592,0,0,1,0,1,0
237,122916,1327,486,-20626,-18813,22066,8077,-2791,0,0,1,0,1,0
238,123437,1043,830,-20450,-18577,17337,13802,-2883,0,0,1,0,1,0
239,123958,718,1143,-19452,-17591,11942,18997,-2865,0,0,1,0,1,0
240,124479,366,1411,-17671,-15893,6088,23462,-2736,0,0,1,0,1,0
241,125000,0,1626,-15174,-13549,0,27026,-2502,0,0,1,0,1,0
242,125520,-366,1777,-12060,-10649,-6088,29551,-2172,0,0,1,0,1,0
243,126041,-718,1861,-8448,-7306,-11942,30940,-1759,0,0,1,0,1,0
244,126562,-1043,1873,-4479,-3648,-17337,31140,-1278,0,0,1,0,1,0
245,127083,-1327,1813,-304,182,-22066,30143,-748,0,0,1,0,1,0
246,127604,-1561,1683,3915,4037,-25947,27988,-189,0,0,1,0,1,0
247,128124,-1734,1489,8014,7769,-28831,24758,377,0,0,1,0,1,0
248,128645,-1841,1238,11837,11233,-30607,20576,929,0,0,1,0,1,0
249,129166,-1877,939,15235,14296,-31207,15603,1445,0,0,1,0,1,0
250,129687,-1841,603,18077,16839,-30607,10031,1905,0,0,1,0,1,0
251,130208,-1734,245,20253,18764,-28831,4073,2292,0,0,1,0,1,0
252,130729,-1561,-123,21680,19997,-25947,-2041,2592,0,0,1,0,1,0
253,131250,-1327,-486,22302,20489,-22066,-8077,2791,0,0,1,0,1,0
254,131770,-1043,-830,22094,20221,-17337,-13802,2883,0,0,1,0,1,0
255,132291,-718,-1143,21064,19203,-11942,-18997,2865,0,0,1,0,1,0
256,132812,-366,-1411,19251,17474,-6088,-23462,2736,0,0,1,0,1,0
257,133333,0,-1626,16724,15098,0,-27026,2502,0,0,1,0,1,0
258,133854,366,-1777,13580,12168,6088,-29551,2172,0,0,1,0,1,0
259,134375,718,-1861,9938,8796,11942,-30940,1759,0,0,1,0,1,0
260,134895,1043,-1873,5940,5109,17337,-31140,1278,0,0,1,0,1,0
261,135416,1327,-1813,1736,1251,22066,-30143,748,0,0,1,0,1,0
262,135937,1561,-1683,-2510,-2633,25947,-27988,189,0,0,1,0,1,0
263,136458,1734,-1489,-6637,-6392,28831,-24758,-377,0,0,1,0,1,0
264,136979,1841,-1238,-10486,-9883,30607,-20576,-929,0,0,1,0,1,0
265,137500,1877,-939,-13910,-12972,31207,-15603,-1445,0,0,1,0,1,0
266,138020,1841,-603,-16778,-15541,30607,-10031,-1905,0,0,1,0,1,0
267,138541,1734,-245,-18980,-17491,28831,-4073,-2292,0,0,1,0,1,0
268,139062,1561,123,-20432,-18748,25947,2041,-2592,0,0,1,0,1,0
269,139583,1327,486,-21078,-19265,22066,8077,-2791,0,0,1,0,1,0
270,140104,1043,830,-20894,-19021,17337,13802,-2883,0,0,1,0,1,0
271,140625,718,1143,-19887,-18026,11942,18997,-2865,0,0,1,0,1,0
272,141145,366,1411,-18097,-16319,6088,23462,-2736,0,0,1,0,1,0
273,141666,0,1626,-15592,-13966,0,27026,-2502,0,0,1,0,1,0
274,142187,-366,1777,-12470,-11058,-6088,29551,-2172,0,0,1,0,1,0
275,142708,-718,1861,-8850,-7707,-11942,30940,-1759,0,0,1,0,1,0
276,143229,-1043,1873,-4872,-4042,-17337,31140,-1278,0,0,1,0,1,0
277,143750,-1327,1813,-690,-204,-22066,30143,-748,0,0,1,0,1,0
278,144270,-1561,1683,3536,3659,-25947,27988,-189,0,0,1,0,1,0
279,144791,-1734,1489,7643,7398,-28831,24758,377,0,0,1,0,1,0
280,145312,-1841,1238,11473,10869,-30607,20576,929,0,0,1,0,1,0
281,145833,-1877,939,14878,13939,-31207,15603,1445,0,0,1,0,1,0
282,146354,-1841,603,17727,16489,-30607,10031,1905,0,0,1,0,1,0
283,146875,-1734,245,19910,18421,-28831,4073,2292,0,0,1,0,1,0
284,147395,-1561,-123,21344,19660,-25947,-2041,2592,0,0,1,0,1,0
285,147916,-1327,-486,21972,20159,-22066,-8077,2791,0,0,1,0,1,0
286,148437,-1043,-830,21770,19897,-17337,-13802,2883,0,0,1,0,1,0
287,148958,-718,-1143,20747,18886,-11942,-18997,2865,0,0,1,0,1,0
288,149479,-366,-1411,18940,17162,-6088,-23462,2736,0,0,1,0,1,0
289,150000,0,-1626,16419,14793,0,-27026,2502,0,0,1,0,1,0
290,150520,366,-1777,13280,11869,6088,-29551,2172,0,0,1,0,1,0
291,151041,718,-1861,9645,8502,11942,-30940,1759,0,0,1,0,1,0
292,151562,1043,-1873,5652,4822,17337,-31140,1278,0,0,1,0,1,0
293,152083,1327,-1813,1454,969,22066,-30143,748,0,0,1,0,1,0
294,152604,1561,-1683,-2787,-2909,25947,-27988,189,0,0,1,0,1,0
295,153125,1734,-1489,-6908,-6663,28831,-24758,-377,0,0,1,0,1,0
296,153645,1841,-1238,-10752,-10149,30607,-20576,-929,0,0,1,0,1,0
297,154166,1877,-939,-14171,-13233,31207,-15603,-1445,0,0,1,0,1,0
298,154687,1841,-603,-17034,-15796,30607,-10031,-1905,0,0,1,0,1,0
299,155208,1734,-245,-19231,-17742,28831,-4073,-2292,0,0,1,0,1,0
300,155729,1561,123,-20678,-18994,25947,2041,-2592,0,0,1,0,1,0
301,156250,1327,486,-21319,-19506,22066,8077,-2791,0,0,1,0,1,0
302,156770,1043,830,-21130,-19257,17337,13802,-2883,0,0,1,0,1,0
303,157291,718,1143,-20119,-18258,11942,18997,-2865,0,0,1,0,1,0
304,157812,366,1411,-18324,-16546,6088,23462,-2736,0,0,1,0,1,0
305,158333,0,1626,-15815,-14189,0,27026,-2502,0,0,1,0,1,0
306,158854,-366,1777,-12688,-11277,-6088,29551,-2172,0,0,1,0,1,0
307,159375,-718,1861,-9064,-7922,-11942,30940,-1759,0,0,1,0,1,0
308,159895,-1043,1873,-5083,-4252,-17337,31140,-1278,0,0,1,0,1,0
309,160416,-1327,1813,-896,-410,-22066,30143,-748,0,0,1,0,1,0
310,160937,-1561,1683,3334,3457,-25947,27988,-189,0,0,1,0,1,0
311,161458,-1734,1489,7445,7200,-28831,24758,377,0,0,1,0,1,0
312,161979,-1841,1238,11278,10675,-30607,20576,929,0,0,1,0,1,0
313,162500,-1877,939,14687,13749,-31207,15603,1445,0,0,1,0,1,0
314,163020,-1841,603,17540,16302,-30607,10031,1905,0,0,1,0,1,0
315,163541,-1734,245,19727,18238,-28831,4073,2292,0,0,1,0,1,0
316,164062,-1561,-123,21164,19481,-25947,-2041,2592,0,0,1,0,1,0
317,164583,-1327,-486,21796,19983,-22066,-8077,2791,0,0,1,0,1,0
318,165104,-1043,-830,21598,19725,-17337,-13802,2883,0,0,1,0,1,0
319,165625,-718,-1143,20577,18716,-11942,-18997,2865,0,0,1,0,1,0
320,166145,-366,-1411,18774,16996,-6088,-23462,2736,0,0,1,0,1,0
321,166666,0,-1626,16256,14630,0,-27026,2502,0,0,1,0,1,0
322,167187,366,-1777,13121,11710,6088,-29551,2172,0,0,1,0,1,0
323,167708,718,-1861,9488,8346,11942,-30940,1759,0,0,1,0,1,0
324,168229,1043,-1873,5498,4668,17337,-31140,1278,0,0,1,0,1,0
325,168750,1327,-1813,1304,818,22066,-30143,748,0,0,1,0,1,0
326,169270,1561,-1683,-2934,-3057,25947,-27988,189,0,0,1,0,1,0
327,169791,1734,-1489,-7053,-6808,28831,-24758,-377,0,0,1,0,1,0
328,170312,1841,-1238,-10894,-10291,30607,-20576,-929,0,0,1,0,1,0
329,170833,1877,-939,-14310,-13372,31207,-15603,-1445,0,0,1,0,1,0
330,171354,1841,-603,-17170,-15933,30607,-10031,-1905,0,0,1,0,1,0
331,171875,1734,-245,-19365,-17875,28831,-4073,-2292,0,0,1,0,1,0
332,172395,1561,123,-20809,-19125,25947,2041,-2592,0,0,1,0,1,0
333,172916,1327,486,-21447,-19634,22066,8077,-2791,0,0,1,0,1,0
334,173437,1043,830,-21256,-19383,17337,13802,-2883,0,0,1,0,1,0
335,173958,718,1143,-20242,-18381,11942,18997,-2865,0,0,1,0,1,0
336,174479,366,1411,-18445,-16668,6088,23462,-2736,0,0,1,0,1,0
337,175000,0,1626,-15934,-14308,0,27026,-2502,0,0,1,0,1,0
338,175520,-366,1777,-12805,-11394,-6088,29551,-2172,0,0,1,0,1,0
339,176041,-718,1861,-9179,-8036,-11942,30940,-1759,0,0,1,0,1,0
340,176562,-1043,1873,-5195,-4364,-17337,31140,-1278,0,0,1,0,1,0
341,177083,-1327,1813,-1006,-520,-22066,30143,-748,0,0,1,0,1,0
342,177604,-1561,1683,3226,3349,-25947,27988,-189,0,0,1,0,1,0
343,178125,-1734,1489,7339,7094,-28831,24758,377,0,0,1,0,1,0
344,178645,-1841,1238,11175,10571,-30607,20576,929,0,0,1,0,1,0
345,179166,-1877,939,14586,13647,-31207,15603,1445,0,0,1,0,1,0
346,179687,-1841,603,17440,16203,-30607,10031,1905,0,0,1,0,1,0
347,180208,-1734,245,19629,18140,-28831,4073,2292,0,0,1,0,1,0
348,180729,-1561,-123,21068,19385,-25947,-2041,2592,0,0,1,0,1,0
349,181250,-1327,-486,21702,19889,-22066,-8077,2791,0,0,1,0,1,0
350,181770,-1043,-830,21506,19633,-17337,-13802,2883,0,0,1,0,1,0
351,182291,-718,-1143,20487,18626,-11942,-18997,2865,0,0,1,0,1,0
352,182812,-366,-1411,18685,16908,-6088,-23462,2736,0,0,1,0,1,0
353,183333,0,-1626,16169,14544,0,-27026,2502,0,0,1,0,1,0
354,183854,366,-1777,13036,11624,6088,-29551,2172,0,0,1,0,1,0
355,184375,718,-1861,9405,8262,11942,-30940,1759,0,0,1,0,1,0
356,184895,1043,-1873,5416,4586,17337,-31140,1278,0,0,1,0,1,0
357,185416,1327,-1813,1224,738,22066,-30143,748,0,0,1,0,1,0
358,185937,1561,-1683,-3013,-3136,25947,-27988,189,0,0,1,0,1,0
359,186458,1734,-1489,-7130,-6885,28831,-24758,-377,0,0,1,0,1,0
360,186979,1841,-1238,-10970,-10366,30607,-20576,-929,0,0,1,0,1,0
361,187500,1877,-939,-14384,-13446,31207,-15603,-1445,0,0,1,0,1,0
362,188020,1841,-603,-17243,-16006,30607,-10031,-1905,0,0,1,0,1,0
363,188541,1734,-245,-19436,-17947,28831,-4073,-2292,0,0,1,0,1,0
364,189062,1561,123,-20879,-19195,25947,2041,-2592,0,0,1,0,1,0
365,189583,1327,486,-21516,-19703,22066,8077,-2791,0,0,1,0,1,0
366,190104,1043,830,-21323,-19450,17337,13802,-2883,0,0,1,0,1,0
367,190625,718,1143,-20308,-18447,11942,18997,-2865,0,0,1,0,1,0
368,191145,366,1411,-18510,-16732,6088,23462,-2736,0,0,1,0,1,0
369,191666,0,1626,-15997,-14372,0,27026,-2502,0,0,1,0,1,0
370,192187,-366,1777,-12867,-11456,-6088,29551,-2172,0,0,1,0,1,0
371,192708,-718,1861,-9240,-8097,-11942,30940,-1759,0,0,1,0,1,0
372,193229,-1043,1873,-5254,-4424,-17337,31140,-1278,0,0,1,0,1,0
373,193750,-1327,1813,-1065,-579,-22066,30143,-748,0,0,1,0,1,0
374,194270,-1561,1683,3169,3291,-25947,27988,-189,0,0,1,0,1,0
375,194791,-1734,1489,7283,7038,-28831,24758,377,0,0,1,0,1,0
376,195312,-1841,1238,11119,10516,-30607,20576,929,0,0,1,0,1,0
377,195833,-1877,939,14531,13593,-31207,15603,1445,0,0,1,0,1,0
378,196354,-1841,603,17387,16150,-30607,10031,1905,0,0,1,0,1,0
379,196875,-1734,245,19577,18088,-28831,4073,2292,0,0,1,0,1,0
380,197395,-1561,-123,21017,19334,-25947,-2041,2592,0,0,1,0,1,0
381,197916,-1327,-486,21652,19839,-22066,-8077,2791,0,0,1,0,1,0
382,198437,-1043,-830,21456,19583,-17337,-13802,2883,0,0,1,0,1,0
383,198958,-718,-1143,20439,18578,-11942,-18997,2865,0,0,1,0,1,0
384,199479,-366,-1411,18638,16860,-6088,-23462,2736,0,0,1,0,1,0
385,200000,0,-1626,16123,14497,0,-27026,2502,0,0,1,0,1,0
386,200520,366,-1777,12990,11579,6088,-29551,2172,0,0,1,0,1,0
387,201041,718,-1861,9360,8218,11942,-30940,1759,0,0,1,0,1,0
388,201562,1043,-1873,5373,4543,17337,-31140,1278,0,0,1,0,1,0
389,202083,1327,-1813,1181,695,22066,-30143,748,0,0,1,0,1,0
390,202604,1561,-1683,-3055,-3178,25947,-27988,189,0,0,1,0,1,0
391,203125,1734,-1489,-7171,-6926,28831,-24758,-377,0,0,1,0,1,0
392,203645,1841,-1238,-11010,-10407,30607,-20576,-929,0,0,1,0,1,0
393,204166,1877,-939,-14424,-13486,31207,-15603,-1445,0,0,1,0,1,0
394,204687,1841,-603,-17282,-16044,30607,-10031,-1905,0,0,1,0,1,0
395,205208,1734,-245,-19474,-17985,28831,-4073,-2292,0,0,1,0,1,0
396,205729,1561,123,-20916,-19233,25947,2041,-2592,0,0,1,0,1,0
397,206250,1327,486,-21553,-19739,22066,8077,-2791,0,0,1,0,1,0
398,206770,1043,830,-21359,-19486,17337,13802,-2883,0,0,1,0,1,0
399,207291,718,1143,-20343,-18483,11942,18997,-2865,0,0,1,0,1,0
400,207812,366,1411,-18544,-16767,6088,23462,-2736,0,0,1,0,1,0
401,208333,0,1626,-16031,-14406,0,27026,-2502,0,0,1,0,1,0
402,208854,-366,1777,-12900,-11489,-6088,29551,-2172,0,0,1,0,1,0
403,209375,-718,1861,-9272,-8130,-11942,30940,-1759,0,0,1,0,1,0
404,209895,-1043,1873,-5286,-4456,-17337,31140,-1278,0,0,1,0,1,0
405,210416,-1327,1813,-1096,-610,-22066,30143,-748,0,0,1,0,1,0
406,210937,-1561,1683,3138,3261,-25947,27988,-189,0,0,1,0,1,0
407,211458,-1734,1489,7253,7008,-28831,24758,377,0,0,1,0,1,0
408,211979,-1841,1238,11090,10487,-30607,20576,929,0,0,1,0,1,0
409,212500,-1877,939,14502,13564,-31207,15603,1445,0,0,1,0,1,0
410,213020,-1841,603,17359,16121,-30607,10031,1905,0,0,1,0,1,0
411,213541,-1734,245,19549,18060,-28831,4073,2292,0,0,1,0,1,0
412,214062,-1561,-123,20990,19306,-25947,-2041,2592,0,0,1,0,1,0
413,214583,-1327,-486,21625,19812,-22066,-8077,2791,0,0,1,0,1,0
414,215104,-1043,-830,21430,19557,-17337,-13802,2883,0,0,1,0,1,0
415,215625,-718,-1143,20413,18552,-11942,-18997,2865,0,0,1,0,1,0
416,216145,-366,-1411,18613,16835,-6088,-23462,2736,0,0,1,0,1,0
417,216666,0,-1626,16098,14473,0,-27026,2502,0,0,1,0,1,0
418,217187,366,-1777,12966,11555,6088,-29551,2172,0,0,1,0,1,0
419,217708,718,-1861,9337,8194,11942,-30940,1759,0,0,1,0,1,0
420,218229,1043,-1873,5349,4519,17337,-31140,1278,0,0,1,0,1,0
421,218750,1327,-1813,1158,672,22066,-30143,748,0,0,1,0,1,0
422,219270,1561,-1683,-3077,-3200,25947,-27988,189,0,0,1,0,1,0
423,219791,1734,-1489,-7193,-6948,28831,-24758,-377,0,0,1,0,1,0
424,220312,1841,-1238,-11032,-10428,30607,-20576,-929,0,0,1,0,1,0
425,220833,1877,-939,-14445,-13507,31207,-15603,-1445,0,0,1,0,1,0
426,221354,1841,-603,-17303,-16065,30607,-10031,-1905,0,0,1,0,1,0
427,221875,1734,-245,-19494,-18005,28831,-4073,-2292,0,0,1,0,1,0
428,222395,1561,123,-20936,-19252,25947,2041,-2592,0,0,1,0,1,0
429,222916,1327,486,-21572,-19759,22066,8077,-2791,0,0,1,0,1,0
430,223437,1043,830,-21378,-19505,17337,13802,-2883,0,0,1,0,1,0
431,223958,718,1143,-20362,-18501,11942,18997,-2865,0,0,1,0,1,0
432,224479,366,1411,-18563,-16785,6088,23462,-2736,0,0,1,0,1,0
433,225000,0,1626,-16049,-14424,0,27026,-2502,0,0,1,0,1,0
434,225520,-366,1777,-12918,-11507,-6088,29551,-2172,0,0,1,0,1,0
435,226041,-718,1861,-9290,-8147,-11942,30940,-1759,0,0,1,0,1,0
436,226562,-1043,1873,-5303,-4473,-17337,31140,-1278,0,0,1,0,1,0
437,227083,-1327,1813,-1113,-627,-22066,30143,-748,0,0,1,0,1,0
438,227604,-1561,1683,3122,3244,-25947,27988,-189,0,0,1,0,1,0
439,228125,-1734,1489,7237,6992,-28831,24758,377,0,0,1,0,1,0
440,228645,-1841,1238,11074,10471,-30607,20576,929,0,0,1,0,1,0
441,229166,-1877,939,14487,13548,-31207,15603,1445,0,0,1,0,1,0
442,229687,-1841,603,17344,16106,-30607,10031,1905,0,0,1,0,1,0
443,230208,-1734,245,19535,18045,-28831,4073,2292,0,0,1,0,1,0
444,230729,-1561,-123,20975,19292,-25947,-2041,2592,0,0,1,0,1,0
445,231250,-1327,-486,21611,19798,-22066,-8077,2791,0,0,1,0,1,0
446,231770,-1043,-830,21416,19543,-17337,-13802,2883,0,0,1,0,1,0
447,232291,-718,-1143,20399,18538,-11942,-18997,2865,0,0,1,0,1,0
448,232812,-366,-1411,18599,16822,-6088,-23462,2736,0,0,1,0,1,0
449,233333,0,-1626,16085,14459,0,-27026,2502,0,0,1,0,1,0
450,233854,366,-1777,12953,11542,6088,-29551,2172,0,0,1,0,1,0
451,234375,718,-1861,9324,8181,11942,-30940,1759,0,0,1,0,1,0
452,234895,1043,-1873,5337,4507,17337,-31140,1278,0,0,1,0,1,0
453,235416,1327,-1813,1146,660,22066,-30143,748,0,0,1,0,1,0
454,235937,1561,-1683,-3089,-3212,25947,-27988,189,0,0,1,0,1,0
455,236458,1734,-1489,-7205,-6960,28831,-24758,-377,0,0,1,0,1,0
456,236979,1841,-1238,-11043,-10440,30607,-20576,-929,0,0,1,0,1,0
457,237500,1877,-939,-14456,-13518,31207,-15603,-1445,0,0,1,0,1,0
458,238020,1841,-603,-17314,-16076,30607,-10031,-1905,0,0,1,0,1,0
459,238541,1734,-245,-19505,-18016,28831,-4073,-2292,0,0,1,0,1,0
460,239062,1561,123,-20947,-19263,25947,2041,-2592,0,0,1,0,1,0
461,239583,1327,486,-21583,-19769,22066,8077,-2791,0,0,1,0,1,0
462,240104,1043,830,-21389,-19516,17337,13802,-2883,0,0,1,0,1,0
463,240625,718,1143,-20372,-18511,11942,18997,-2865,0,0,1,0,1,0
464,241145,366,1411,-18573,-16795,6088,23462,-2736,0,0,1,0,1,0
465,241666,0,1626,-16059,-14433,0,27026,-2502,0,0,1,0,1,0
466,242187,-366,1777,-12927,-11516,-6088,29551,-2172,0,0,1,0,1,0
467,242708,-718,1861,-9299,-8156,-11942,30940,-1759,0,0,1,0,1,0
468,243229,-1043,1873,-5312,-4482,-17337,31140,-1278,0,0,1,0,1,0
469,243750,-1327,1813,-1122,-636,-22066,30143,-748,0,0,1,0,1,0
470,244270,-1561,1683,3113,3236,-25947,27988,-189,0,0,1,0,1,0
471,244791,-1734,1489,7228,6983,-28831,24758,377,0,0,1,0,1,0
472,245312,-1841,1238,11066,10462,-30607,20576,929,0,0,1,0,1,0
473,245833,-1877,939,14479,13540,-31207,15603,1445,0,0,1,0,1,0
474,246354,-1841,603,17336,16098,-30607,10031,1905,0,0,1,0,1,0
475,246875,-1734,245,19527,18037,-28831,4073,2292,0,0,1,0,1,0
476,247395,-1561,-123,20968,19284,-25947,-2041,2592,0,0,1,0,1,0
477,247916,-1327,-486,21603,19790,-22066,-8077,2791,0,0,1,0,1,0
478,248437,-1043,-830,21409,19536,-17337,-13802,2883,0,0,1,0,1,0
479,248958,-718,-1143,20392,18531,-11942,-18997,2865,0,0,1,0,1,0
480,249479,-366,-1411,18592,16815,-6088,-23462,2736,0,0,1,0,1,0
481,250000,0,-1626,16078,14452,0,-27026,2502,0,0,1,0,1,0
482,250520,366,-1777,12946,11535,6088,-29551,2172,0,0,1,0,1,0
483,251041,718,-1861,9317,8174,11942,-30940,1759,0,0,1,0,1,0
484,251562,1043,-1873,5330,4500,17337,-31140,1278,0,0,1,0,1,0
485,252083,1327,-1813,1139,653,22066,-30143,748,0,0,1,0,1,0
486,252604,1561,-1683,-3096,-3218,25947,-27988,189,0,0,1,0,1,0
487,253125,1734,-1489,-7211,-6966,28831,-24758,-377,0,0,1,0,1,0
488,253645,1841,-1238,-11049,-10446,30607,-20576,-929,0,0,1,0,1,0
489,254166,1877,-939,-14462,-13524,31207,-15603,-1445,0,0,1,0,1,0
490,254687,1841,-603,-17320,-16082,30607,-10031,-1905,0,0,1,0,1,0
491,255208,1734,-245,-19511,-18022,28831,-4073,-2292,0,0,1,0,1,0
492,255729,1561,123,-20952,-19269,25947,2041,-2592,0,0,1,0,1,0
493,256249,1327,486,-21588,-19775,22066,8077,-2791,0,0,1,0,1,0
494,256770,1043,830,-21394,-19521,17337,13802,-2883,0,0,1,0,1,0
495,257291,718,1143,-20378,-18517,11942,18997,-2865,0,0,1,0,1,0
496,257812,366,1411,-18578,-16800,6088,23462,-2736,0,0,1,0,1,0
497,258333,0,1626,-16064,-14438,0,27026,-2502,0,0,1,0,1,0
498,258854,-366,1777,-12932,-11521,-6088,29551,-2172,0,0,1,0,1,0
499,259375,-718,1861,-9304,-8161,-11942,30940,-1759,0,0,1,0,1,0
500,259895,-1043,1873,-5317,-4487,-17337,31140,-1278,0,0,1,0,1,0
501,260416,-1327,1813,-1126,-640,-22066,30143,-748,0,0,1,0,1,0
502,260937,-1561,1683,3108,3231,-25947,27988,-189,0,0,1,0,1,0
503,261458,-1734,1489,7223,6978,-28831,24758,377,0,0,1,0,1,0
504,261979,-1841,1238,11061,10458,-30607,20576,929,0,0,1,0,1,0
505,262500,-1877,939,14474,13536,-31207,15603,1445,0,0,1,0,1,0
506,263020,-1841,603,17331,16094,-30607,10031,1905,0,0,1,0,1,0
507,263541,-1734,245,19522,18033,-28831,4073,2292,0,0,1,0,1,0
508,264062,-1561,-123,20963,19280,-25947,-2041,2592,0,0,1,0,1,0
509,264583,-1327,-486,21599,19786,-22066,-8077,2791,0,0,1,0,1,0
510,265104,-1043,-830,21405,19532,-17337,-13802,2883,0,0,1,0,1,0
511,265625,-718,-1143,20388,18527,-11942,-18997,2865,0,0,1,0,1,0
512,266145,-366,-1411,18588,16811,-6088,-23462,2736,0,0,1,0,1,0
513,266666,0,-1626,16074,14449,0,-27026,2502,0,0,1,0,1,0
514,267187,366,-1777,12942,11531,6088,-29551,2172,0,0,1,0,1,0
515,267708,718,-1861,9314,8171,11942,-30940,1759,0,0,1,0,1,0
516,268229,1043,-1873,5327,4497,17337,-31140,1278,0,0,1,0,1,0
517,268750,1327,-1813,1136,650,22066,-30143,748,0,0,1,0,1,0
518,269270,1561,-1683,-3099,-3222,25947,-27988,189,0,0,1,0,1,0
519,269791,1734,-1489,-7214,-6969,28831,-24758,-377,0,0,1,0,1,0
520,270312,1841,-1238,-11052,-10449,30607,-20576,-929,0,0,1,0,1,0
521,270833,1877,-939,-14466,-13527,31207,-15603,-1445,0,0,1,0,1,0
522,271354,1841,-603,-17323,-16085,30607,-10031,-1905,0,0,1,0,1,0
523,271875,1734,-245,-19514,-18025,28831,-4073,-2292,0,0,1,0,1,0
524,272395,1561,123,-20955,-19272,25947,2041,-2592,0,0,1,0,1,0
525,272916,1327,486,-21591,-19778,22066,8077,-2791,0,0,1,0,1,0
526,273437,1043,830,-21397,-19524,17337,13802,-2883,0,0,1,0,1,0
527,273958,718,1143,-20380,-18520,11942,18997,-2865,0,0,1,0,1,0
528,274479,366,1411,-18581,-16803,6088,23462,-2736,0,0,1,0,1,0
529,275000,0,1626,-16067,-14441,0,27026,-2502,0,0,1,0,1,0
530,275520,-366,1777,-12935,-11524,-6088,29551,-2172,0,0,1,0,1,0
531,276041,-718,1861,-9306,-8164,-11942,30940,-1759,0,0,1,0,1,0
532,276562,-1043,1873,-5320,-4490,-17337,31140,-1278,0,0,1,0,1,0
533,277083,-1327,1813,-1129,-643,-22066,30143,-748,0,0,1,0,1,0
534,277604,-1561,1683,3106,3229,-25947,27988,-189,0,0,1,0,1,0
535,278125,-1734,1489,7221,6976,-28831,24758,377,0,0,1,0,1,0
536,278645,-1841,1238,11059,10456,-30607,20576,929,0,0,1,0,1,0
537,279166,-1877,939,14472,13533,-31207,15603,1445,0,0,1,0,1,0
538,279687,-1841,603,17329,16091,-30607,10031,1905,0,0,1,0,1,0
539,280208,-1734,245,19520,18031,-28831,4073,2292,0,0,1,0,1,0
540,280729,-1561,-123,20961,19278,-25947,-2041,2592,0,0,1,0,1,0
541,281250,-1327,-486,21597,19784,-22066,-8077,2791,0,0,1,0,1,0
542,281770,-1043,-830,21403,19530,-17337,-13802,2883,0,0,1,0,1,0
543,282291,-718,-1143,20386,18525,-11942,-18997,2865,0,0,1,0,1,0
544,282812,-366,-1411,18586,16809,-6088,-23462,2736,0,0,1,0,1,0
545,283333,0,-1626,16072,14447,0,-27026,2502,0,0,1,0,1,0
546,283854,366,-1777,12940,11529,6088,-29551,2172,0,0,1,0,1,0
547,284375,718,-1861,9312,8169,11942,-30940,1759,0,0,1,0,1,0
548,284895,1043,-1873,5325,4495,17337,-31140,1278,0,0,1,0,1,0
549,285416,1327,-1813,1134,648,22066,-30143,748,0,0,1,0,1,0
550,285937,1561,-1683,-3101,-3224,25947,-27988,189,0,0,1,0,1,0
551,286458,1734,-1489,-7216,-6971,28831,-24758,-377,0,0,1,0,1,0
552,286979,1841,-1238,-11054,-10451,30607,-20576,-929,0,0,1,0,1,0
553,287500,1877,-939,-14467,-13529,31207,-15603,-1445,0,0,1,0,1,0
554,288020,1841,-603,-17324,-16087,30607,-10031,-1905,0,0,1,0,1,0
555,288541,1734,-245,-19516,-18027,28831,-4073,-2292,0,0,1,0,1,0
556,289062,1561,123,-20957,-19273,25947,2041,-2592,0,0,1,0,1,0
557,289583,1327,486,-21593,-19780,22066,8077,-2791,0,0,1,0,1,0
558,290104,1043,830,-21399,-19525,17337,13802,-2883,0,0,1,0,1,0
559,290625,718,1143,-20382,-18521,11942,18997,-2865,0,0,1,0,1,0
560,291145,366,1411,-18582,-16805,6088,23462,-2736,0,0,1,0,1,0
561,291666,0,1626,-16068,-14443,0,27026,-2502,0,0,1,0,1,0
562,292187,-366,1777,-12937,-11525,-6088,29551,-2172,0,0,1,0,1,0
563,292708,-718,1861,-9308,-8165,-11942,30940,-1759,0,0,1,0,1,0
564,293229,-1043,1873,-5321,-4491,-17337,31140,-1278,0,0,1,0,1,0
565,293750,-1327,1813,-1130,-644,-22066,30143,-748,0,0,1,0,1,0
566,294270,-1561,1683,3104,3227,-25947,27988,-189,0,0,1,0,1,0
567,294791,-1734,1489,7220,6975,-28831,24758,377,0,0,1,0,1,0
568,295312,-1841,1238,11058,10454,-30607,20576,929,0,0,1,0,1,0
569,295833,-1877,939,14471,13532,-31207,15603,1445,0,0,1,0,1,0
570,296354,-1841,603,17328,16090,-30607,10031,1905,0,0,1,0,1,0
571,296875,-1734,245,19519,18030,-28831,4073,2292,0,0,1,0,1,0
572,297395,-1561,-123,20960,19277,-25947,-2041,2592,0,0,1,0,1,0
573,297916,-1327,-486,21596,19783,-22066,-8077,2791,0,0,1,0,1,0
574,298437,-1043,-830,21402,19529,-17337,-13802,2883,0,0,1,0,1,0
575,298958,-718,-1143,20385,18524,-11942,-18997,2865,0,0,1,0,1,0
576,299479,-366,-1411,18585,16808,-6088,-23462,2736,0,0,1,0,1,0
577,300000,0,-1626,16071,14445,0,-27026,2502,0,0,1,0,1,0
578,300520,366,-1777,12939,11528,6088,-29551,2172,0,0,1,0,1,0
579,301041,718,-1861,9311,8168,11942,-30940,1759,0,0,1,0,1,0
580,301562,1043,-1873,5324,4494,17337,-31140,1278,0,0,1,0,1,0
581,302083,1327,-1813,1133,647,22066,-30143,748,0,0,1,0,1,0
582,302604,1561,-1683,-3102,-3225,25947,-27988,189,0,0,1,0,1,0
583,303125,1734,-1489,-7217,-6972,28831,-24758,-377,0,0,1,0,1,0
584,303645,1841,-1238,-11055,-10452,30607,-20576,-929,0,0,1,0,1,0
585,304166,1877,-939,-14468,-13530,31207,-15603,-1445,0,0,1,0,1,0
586,304687,1841,-603,-17325,-16088,30607,-10031,-1905,0,0,1,0,1,0
587,305208,1734,-245,-19517,-18027,28831,-4073,-2292,0,0,1,0,1,0
588,305729,1561,123,-20958,-19274,25947,2041,-2592,0,0,1,0,1,0
589,306250,1327,486,-21593,-19780,22066,8077,-2791,0,0,1,0,1,0
590,306770,1043,830,-21399,-19526,17337,13802,-2883,0,0,1,0,1,0
591,307291,718,1143,-20383,-18522,11942,18997,-2865,0,0,1,0,1,0
592,307812,366,1411,-18583,-16806,6088,23462,-2736,0,0,1,0,1,0
593,308333,0,1626,-16069,-14443,0,27026,-2502,0,0,1,0,1,0
594,308854,-366,1777,-12937,-11526,-6088,29551,-2172,0,0,1,0,1,0
595,309375,-718,1861,-9309,-8166,-11942,30940,-1759,0,0,1,0,1,0
596,309895,-1043,1873,-5322,-4492,-17337,31140,-1278,0,0,1,0,1,0
597,310416,-1327,1813,-1131,-645,-22066,30143,-748,0,0,1,0,1,0
598,310937,-1561,1683,3104,3226,-25947,27988,-189,0,0,1,0,1,0
599,311458,-1734,1489,7219,6974,-28831,24758,377,0,0,1,0,1,0
600,311979,-1841,1238,11057,10454,-30607,20576,929,0,0,1,0,1,0
601,312500,-1877,939,14470,13532,-31207,15603,1445,0,0,1,0,1,0
602,313020,-1841,603,17327,16089,-30607,10031,1905,0,0,1,0,1,0
603,313541,-1734,245,19518,18029,-28831,4073,2292,0,0,1,0,1,0
604,314062,-1561,-123,20959,19276,-25947,-2041,2592,0,0,1,0,1,0
605,314583,-1327,-486,21595,19782,-22066,-8077,2791,0,0,1,0,1,0
606,315104,-1043,-830,21401,19528,-17337,-13802,2883,0,0,1,0,1,0
607,315625,-718,-1143,20384,18523,-11942,-18997,2865,0,0,1,0,1,0
608,316145,-366,-1411,18585,16807,-6088,-23462,2736,0,0,1,0,1,0
609,316666,0,-1626,16070,14445,0,-27026,2502,0,0,1,0,1,0
610,317187,366,-1777,12939,11528,6088,-29551,2172,0,0,1,0,1,0
611,317708,718,-1861,9310,8167,11942,-30940,1759,0,0,1,0,1,0
612,318229,1043,-1873,5323,4493,17337,-31140,1278,0,0,1,0,1,0
613,318750,1327,-1813,1132,647,22066,-30143,748,0,0,1,0,1,0
614,319270,1561,-1683,-3102,-3225,25947,-27988,189,0,0,1,0,1,0
615,319791,1734,-1489,-7218,-6973,28831,-24758,-377,0,0,1,0,1,0
616,320312,1841,-1238,-11056,-10452,30607,-20576,-929,0,0,1,0,1,0
617,320833,1877,-939,-14469,-13530,31207,-15603,-1445,0,0,1,0,1,0
618,321354,1841,-603,-17326,-16088,30607,-10031,-1905,0,0,1,0,1,0
619,321875,1734,-245,-19517,-18028,28831,-4073,-2292,0,0,1,0,1,0
620,322395,1561,123,-20958,-19275,25947,2041,-2592,0,0,1,0,1,0
621,322916,1327,486,-21594,-19781,22066,8077,-2791,0,0,1,0,1,0
622,323437,1043,830,-21400,-19527,17337,13802,-2883,0,0,1,0,1,0
623,323958,718,1143,-20383,-18522,11942,18997,-2865,0,0,1,0,1,0
624,324479,366,1411,-18583,-16806,6088,23462,-2736,0,0,1,0,1,0
625,325000,0,1626,-16069,-14444,0,27026,-2502,0,0,1,0,1,0
626,325520,-366,1777,-12938,-11527,-6088,29551,-2172,0,0,1,0,1,0
627,326041,-718,1861,-9309,-8166,-11942,30940,-1759,0,0,1,0,1,0
628,326562,-1043,1873,-5322,-4492,-17337,31140,-1278,0,0,1,0,1,0
629,327083,-1327,1813,-1131,-645,-22066,30143,-748,0,0,1,0,1,0
630,327604,-1561,1683,3103,3226,-25947,27988,-189,0,0,1,0,1,0
631,328125,-1734,1489,7219,6974,-28831,24758,377,0,0,1,0,1,0
632,328645,-1841,1238,11057,10453,-30607,20576,929,0,0,1,0,1,0
633,329166,-1877,939,14470,13531,-31207,15603,1445,0,0,1,0,1,0
634,329687,-1841,603,17327,16089,-30607,10031,1905,0,0,1,0,1,0
635,330208,-1734,245,19518,18029,-28831,4073,2292,0,0,1,0,1,0
636,330729,-1561,-123,20959,19276,-25947,-2041,2592,0,0,1,0,1,0
637,331250,-1327,-486,21595,19782,-22066,-8077,2791,0,0,1,0,1,0
638,331770,-1043,-830,21401,19528,-17337,-13802,2883,0,0,1,0,1,0
639,332291,-718,-1143,20384,18523,-11942,-18997,2865,0,0,1,0,1,0
640,332812,-366,-1411,18584,16807,-6088,-23462,2736,0,0,1,0,1,0
641,333333,0,-1626,16070,14445,0,-27026,2502,0,0,1,0,1,0
642,333854,366,-1777,12939,11527,6088,-29551,2172,0,0,1,0,1,0
643,334375,718,-1861,9310,8167,11942,-30940,1759,0,0,1,0,1,0
644,334895,1043,-1873,5323,4493,17337,-31140,1278,0,0,1,0,1,0
645,335416,1327,-1813,1132,646,22066,-30143,748,0,0,1,0,1,0
646,335937,1561,-1683,-3103,-3225,25947,-27988,189,0,0,1,0,1,0
647,336458,1734,-1489,-7218,-6973,28831,-24758,-377,0,0,1,0,1,0
648,336979,1841,-1238,-11056,-10453,30607,-20576,-929,0,0,1,0,1,0
649,337500,1877,-939,-14469,-13531,31207,-15603,-1445,0,0,1,0,1,0
650,338020,1841,-603,-17326,-16088,30607,-10031,-1905,0,0,1,0,1,0
651,338541,1734,-245,-19517,-18028,28831,-4073,-2292,0,0,1,0,1,0
652,339062,1561,123,-20958,-19275,25947,2041,-2592,0,0,1,0,1,0
653,339583,1327,486,-21594,-19781,22066,8077,-2791,0,0,1,0,1,0
654,340104,1043,830,-21400,-19527,17337,13802,-2883,0,0,1,0,1,0
655,340625,718,1143,-20383,-18522,11942,18997,-2865,0,0,1,0,1,0
656,341145,366,1411,-18584,-16806,6088,23462,-2736,0,0,1,0,1,0
657,341666,0,1626,-16070,-14444,0,27026,-2502,0,0,1,0,1,0
658,342187,-366,1777,-12938,-11527,-6088,29551,-2172,0,0,1,0,1,0
659,342708,-718,1861,-9309,-8166,-11942,30940,-1759,0,0,1,0,1,0
660,343229,-1043,1873,-5323,-4492,-17337,31140,-1278,0,0,1,0,1,0
661,343750,-1327,1813,-1131,-646,-22066,30143,-748,0,0,1,0,1,0
662,344270,-1561,1683,3103,3226,-25947,27988,-189,0,0,1,0,1,0
663,344791,-1734,1489,7218,6973,-28831,24758,377,0,0,1,0,1,0
664,345312,-1841,1238,11056,10453,-30607,20576,929,0,0,1,0,1,0
665,345833,-1877,939,14470,13531,-31207,15603,1445,0,0,1,0,1,0
666,346354,-1841,603,17327,16089,-30607,10031,1905,0,0,1,0,1,0
667,346875,-1734,245,19518,18029,-28831,4073,2292,0,0,1,0,1,0
668,347395,-1561,-123,20959,19275,-25947,-2041,2592,0,0,1,0,1,0
669,347916,-1327,-486,21595,19782,-22066,-8077,2791,0,0,1,0,1,0
670,348437,-1043,-830,21400,19527,-17337,-13802,2883,0,0,1,0,1,0
671,348958,-718,-1143,20384,18523,-11942,-18997,2865,0,0,1,0,1,0
672,349479,-366,-1411,18584,16807,-6088,-23462,2736,0,0,1,0,1,0
673,350000,0,-1626,16070,14444,0,-27026,2502,0,0,1,0,1,0
674,350520,366,-1777,12938,11527,6088,-29551,2172,0,0,1,0,1,0
675,351041,718,-1861,9310,8167,11942,-30940,1759,0,0,1,0,1,0
676,351562,1043,-1873,5323,4493,17337,-31140,1278,0,0,1,0,1,0
677,352083,1327,-1813,1132,646,22066,-30143,748,0,0,1,0,1,0
678,352604,1561,-1683,-3103,-3225,25947,-27988,189,0,0,1,0,1,0
679,353125,1734,-1489,-7218,-6973,28831,-24758,-377,0,0,1,0,1,0
680,353645,1841,-1238,-11056,-10453,30607,-20576,-929,0,0,1,0,1,0
681,354166,1877,-939,-14469,-13531,31207,-15603,-1445,0,0,1,0,1,0
682,354687,1841,-603,-17326,-16089,30607,-10031,-1905,0,0,1,0,1,0
683,355208,1734,-245,-19517,-18028,28831,-4073,-2292,0,0,1,0,1,0
684,355729,1561,123,-20959,-19275,25947,2041,-2592,0,0,1,0,1,0
685,356250,1327,486,-21594,-19781,22066,8077,-2791,0,0,1,0,1,0
686,356770,1043,830,-21400,-19527,17337,13802,-2883,0,0,1,0,1,0
687,357291,718,1143,-20384,-18523,11942,18997,-2865,0,0,1,0,1,0
688,357812,366,1411,-18584,-16806,6088,23462,-2736,0,0,1,0,1,0
689,358333,0,1626,-16070,-14444,0,27026,-2502,0,0,1,0,1,0
690,358854,-366,1777,-12938,-11527,-6088,29551,-2172,0,0,1,0,1,0
691,359375,-718,1861,-9309,-8167,-11942,30940,-1759,0,0,1,0,1,0
692,359895,-1043,1873,-5323,-4493,-17337,31140,-1278,0,0,1,0,1,0
693,360416,-1327,1813,-1132,-646,-22066,30143,-748,0,0,1,0,1,0
694,360937,-1561,1683,3103,3226,-25947,27988,-189,0,0,1,0,1,0
695,361458,-1734,1489,7218,6973,-28831,24758,377,0,0,1,0,1,0
696,361979,-1841,1238,11056,10453,-30607,20576,929,0,0,1,0,1,0
697,362500,-1877,939,14469,13531,-31207,15603,1445,0,0,1,0,1,0
698,363020,-1841,603,17326,16089,-30607,10031,1905,0,0,1,0,1,0
699,363541,-1734,245,19518,18029,-28831,4073,2292,0,0,1,0,1,0
700,364062,-1561,-123,20959,19275,-25947,-2041,2592,0,0,1,0,1,0
701,364583,-1327,-486,21595,19781,-22066,-8077,2791,0,0,1,0,1,0
702,365104,-1043,-830,21400,19527,-17337,-13802,2883,0,0,1,0,1,0
703,365625,-718,-1143,20384,18523,-11942,-18997,2865,0,0,1,0,1,0
704,366145,-366,-1411,18584,16807,-6088,-23462,2736,0,0,1,0,1,0
705,366666,0,-1626,16070,14444,0,-27026,2502,0,0,1,0,1,0
706,367187,366,-1777,12938,11527,6088,-29551,2172,0,0,1,0,1,0
707,367708,718,-1861,9309,8167,11942,-30940,1759,0,0,1,0,1,0
708,368229,1043,-1873,5323,4493,17337,-31140,1278,0,0,1,0,1,0
709,368750,1327,-1813,1132,646,22066,-30143,748,0,0,1,0,1,0
710,369270,1561,-1683,-3103,-3226,25947,-27988,189,0,0,1,0,1,0
711,369791,1734,-1489,-7218,-6973,28831,-24758,-377,0,0,1,0,1,0
712,370312,1841,-1238,-11056,-10453,30607,-20576,-929,0,0,1,0,1,0
713,370833,1877,-939,-14469,-13531,31207,-15603,-1445,0,0,1,0,1,0
714,371354,1841,-603,-17326,-16089,30607,-10031,-1905,0,0,1,0,1,0
715,371875,1734,-245,-19517,-18028,28831,-4073,-2292,0,0,1,0,1,0
716,372395,1561,123,-20959,-19275,25947,2041,-2592,0,0,1,0,1,0
717,372916,1327,486,-21594,-19781,22066,8077,-2791,0,0,1,0,1,0
718,373437,1043,830,-21400,-19527,17337,13802,-2883,0,0,1,0,1,0
719,373958,718,1143,-20384,-18523,11942,18997,-2865,0,0,1,0,1,0
720,374479,366,1411,-18584,-16806,6088,23462,-2736,0,0,1,0,1,0
721,375000,0,1626,-16070,-14444,0,27026,-2502,0,0,1,0,1,0
722,375520,-366,1777,-12938,-11527,-6088,29551,-2172,0,0,1,0,1,0
723,376041,-718,1861,-9309,-8167,-11942,30940,-1759,0,0,1,0,1,0
724,376562,-1043,1873,-5323,-4493,-17337,31140,-1278,0,0,1,0,1,0
725,377083,-1327,1813,-1132,-646,-22066,30143,-748,0,0,1,0,1,0
726,377604,-1561,1683,3103,3226,-25947,27988,-189,0,0,1,0,1,0
727,378125,-1734,1489,7218,6973,-28831,24758,377,0,0,1,0,1,0
728,378645,-1841,1238,11056,10453,-30607,20576,929,0,0,1,0,1,0
729,379166,-1877,939,14469,13531,-31207,15603,1445,0,0,1,0,1,0
730,379687,-1841,603,17326,16089,-30607,10031,1905,0,0,1,0,1,0
731,380208,-1734,245,19518,18028,-28831,4073,2292,0,0,1,0,1,0
732,380729,-1561,-123,20959,19275,-25947,-2041,2592,0,0,1,0,1,0
733,381250,-1327,-486,21594,19781,-22066,-8077,2791,0,0,1,0,1,0
734,381770,-1043,-830,21400,19527,-17337,-13802,2883,0,0,1,0,1,0
735,382291,-718,-1143,20384,18523,-11942,-18997,2865,0,0,1,0,1,0
736,382812,-366,-1411,18584,16806,-6088,-23462,2736,0,0,1,0,1,0
737,383333,0,-1626,16070,14444,0,-27026,2502,0,0,1,0,1,0
738,383854,366,-1777,12938,11527,6088,-29551,2172,0,0,1,0,1,0
739,384375,718,-1861,9309,8167,11942,-30940,1759,0,0,1,0,1,0
740,384895,1043,-1873,5323,4493,17337,-31140,1278,0,0,1,0,1,0
741,385416,1327,-1813,1132,646,22066,-30143,748,0,0,1,0,1,0
742,385937,1561,-1683,-3103,-3226,25947,-27988,189,0,0,1,0,1,0
743,386458,1734,-1489,-7218,-6973,28831,-24758,-377,0,0,1,0,1,0
744,386979,1841,-1238,-11056,-10453,30607,-20576,-929,0,0,1,0,1,0
745,387500,1877,-939,-14469,-13531,31207,-15603,-1445,0,0,1,0,1,0
746,388020,1841,-603,-17326,-16089,30607,-10031,-1905,0,0,1,0,1,0
747,388541,1734,-245,-19518,-18028,28831,-4073,-2292,0,0,1,0,1,0
748,389062,1561,123,-20959,-19275,25947,2041,-2592,0,0,1,0,1,0
749,389583,1327,486,-21594,-19781,22066,8077,-2791,0,0,1,0,1,0
750,390104,1043,830,-21400,-19527,17337,13802,-2883,0,0,1,0,1,0
751,390625,718,1143,-20384,-18523,11942,18997,-2865,0,0,1,0,1,0
752,391145,366,1411,-18584,-16806,6088,23462,-2736,0,0,1,0,1,0
753,391666,0,1626,-16070,-14444,0,27026,-2502,0,0,1,0,1,0
754,392187,-366,1777,-12938,-11527,-6088,29551,-2172,0,0,1,0,1,0
755,392708,-718,1861,-9309,-8167,-11942,30940,-1759,0,0,1,0,1,0
756,393229,-1043,1873,-5323,-4493,-17337,31140,-1278,0,0,1,0,1,0
757,393750,-1327,1813,-1132,-646,-22066,30143,-748,0,0,1,0,1,0
758,394270,-1561,1683,3103,3226,-25947,27988,-189,0,0,1,0,1,0
759,394791,-1734,1489,7218,6973,-28831,24758,377,0,0,1,0,1,0
760,395312,-1841,1238,11056,10453,-30607,20576,929,0,0,1,0,1,0
761,395833,-1877,939,14469,13531,-31207,15603,1445,0,0,1,0,1,0
762,396354,-1841,603,17326,16089,-30607,10031,1905,0,0,1,0,1,0
763,396875,-1734,245,19518,18028,-28831,4073,2292,0,0,1,0,1,0
764,397395,-1561,-123,20959,19275,-25947,-2041,2592,0,0,1,0,1,0
765,397916,-1327,-486,21594,19781,-22066,-8077,2791,0,0,1,0,1,0
766,398437,-1043,-830,21400,19527,-17337,-13802,2883,0,0,1,0,1,0
767,398958,-718,-1143,20384,18523,-11942,-18997,2865,0,0,1,0,1,0
768,399479,-366,-1411,18584,16806,-6088,-23462,2736,0,0,1,0,1,0
769,400000,0,-1626,16070,14444,0,-27026,2502,0,0,1,0,1,0
770,400520,366,-1777,12938,11527,6088,-29551,2172,0,0,1,0,1,0
771,401041,718,-1861,9309,8167,11942,-30940,1759,0,0,1,0,1,0
772,401562,1043,-1873,5323,4493,17337,-31140,1278,0,0,1,0,1,0
773,402083,1327,-1813,1132,646,22066,-30143,748,0,0,1,0,1,0
774,402604,1561,-1683,-3103,-3226,25947,-27988,189,0,0,1,0,1,0
775,403125,1734,-1489,-7218,-6973,28831,-24758,-377,0,0,1,0,1,0
776,403645,1841,-1238,-11056,-10453,30607,-20576,-929,0,0,1,0,1,0
777,404166,1877,-939,-14469,-13531,31207,-15603,-1445,0,0,1,0,1,0
778,404687,1841,-603,-17326,-16089,30607,-10031,-1905,0,0,1,0,1,0
779,405208,1734,-245,-19518,-18028,28831,-4073,-2292,0,0,1,0,1,0
780,405729,1561,123,-20959,-19275,25947,2041,-2592,0,0,1,0,1,0
781,406250,1327,486,-21594,-19781,22066,8077,-2791,0,0,1,0,1,0
782,406770,1043,830,-21400,-19527,17337,13802,-2883,0,0,1,0,1,0
783,407291,718,1143,-20384,-18523,11942,18997,-2865,0,0,1,0,1,0
784,407812,366,1411,-18584,-16806,6088,23462,-2736,0,0,1,0,1,0
785,408333,0,1626,-16070,-14444,0,27026,-2502,0,0,1,0,1,0
786,408854,-366,1777,-12938,-11527,-6088,29551,-2172,0,0,1,0,1,0
787,409375,-718,1861,-9309,-8167,-11942,30940,-1759,0,0,1,0,1,0
788,409895,-1043,1873,-5323,-4493,-17337,31140,-1278,0,0,1,0,1,0
789,410416,-1327,1813,-1132,-646,-22066,30143,-748,0,0,1,0,1,0
790,410937,-1561,1683,3103,3226,-25947,27988,-189,0,0,1,0,1,0
791,411458,-1734,1489,7218,6973,-28831,24758,377,0,0,1,0,1,0
792,411979,-1841,1238,11056,10453,-30607,20576,929,0,0,1,0,1,0
793,412500,-1877,939,14469,13531,-31207,15603,1445,0,0,1,0,1,0
794,413020,-1841,603,17326,16089,-30607,10031,1905,0,0,1,0,1,0
795,413541,-1734,245,19518,18028,-28831,4073,2292,0,0,1,0,1,0
796,414062,-1561,-123,20959,19275,-25947,-2041,2592,0,0,1,0,1,0
797,414583,-1327,-486,21594,19781,-22066,-8077,2791,0,0,1,0,1,0
798,415104,-1043,-830,21400,19527,-17337,-13802,2883,0,0,1,0,1,0
799,415625,-718,-1143,20384,18523,-11942,-18997,2865,0,0,1,0,1,0
800,416145,-366,-1411,18584,16806,-6088,-23462,2736,0,0,1,0,1,0
801,416666,0,-1626,16070,14444,0,-27026,2502,0,0,1,0,1,0
802,417187,366,-1777,12938,11527,6088,-29551,2172,0,0,1,0,1,0
803,417708,718,-1861,9309,8167,11942,-30940,1759,0,0,1,0,1,0
804,418229,1043,-1873,5323,4493,17337,-31140,1278,0,0,1,0,1,0
805,418750,1327,-1813,1132,646,22066,-30143,748,0,0,1,0,1,0
806,419270,1561,-1683,-3103,-3226,25947,-27988,189,0,0,1,0,1,0
807,419791,1734,-1489,-7218,-6973,28831,-24758,-377,0,0,1,0,1,0
808,420312,1841,-1238,-11056,-10453,30607,-20576,-929,0,0,1,0,1,0
809,420833,1877,-939,-14469,-13531,31207,-15603,-1445,0,0,1,0,1,0
810,421354,1841,-603,-17326,-16089,30607,-10031,-1905,0,0,1,0,1,0
811,421875,1734,-245,-19518,-18028,28831,-4073,-2292,0,0,1,0,1,0
812,422395,1561,123,-20959,-19275,25947,2041,-2592,0,0,1,0,1,0
813,422916,1327,486,-21594,-19781,22066,8077,-2791,0,0,1,0,1,0
814,423437,1043,830,-21400,-19527,17337,13802,-2883,0,0,1,0,1,0
815,423958,718,1143,-20384,-18523,11942,18997,-2865,0,0,1,0,1,0
816,424479,366,1411,-18584,-16806,6088,23462,-2736,0,0,1,0,1,0
817,425000,0,1626,-16070,-14444,0,27026,-2502,0,0,1,0,1,0
818,425520,-366,1777,-12938,-11527,-6088,29551,-2172,0,0,1,0,1,0
819,426041,-718,1861,-9309,-8167,-11942,30940,-1759,0,0,1,0,1,0
820,426562,-1043,1873,-5323,-4493,-17337,31140,-1278,0,0,1,0,1,0
821,427083,-1327,1813,-1132,-646,-22066,30143,-748,0,0,1,0,1,0
822,427604,-1561,1683,3103,3226,-25947,27988,-189,0,0,1,0,1,0
823,428125,-1734,1489,7218,6973,-28831,24758,377,0,0,1,0,1,0
824,428645,-1841,1238,11056,10453,-30607,20576,929,0,0,1,0,1,0
825,429166,-1877,939,14469,13531,-31207,15603,1445,0,0,1,0,1,0
826,429687,-1841,603,17326,16089,-30607,10031,1905,0,0,1,0,1,0
827,430208,-1734,245,19518,18028,-28831,4073,2292,0,0,1,0,1,0
828,430729,-1561,-123,20959,19275,-25947,-2041,2592,0,0,1,0,1,0
829,431250,-1327,-486,21594,19781,-22066,-8077,2791,0,0,1,0,1,0
830,431770,-1043,-830,21400,19527,-17337,-13802,2883,0,0,1,0,1,0
831,432291,-718,-1143,20384,18523,-11942,-18997,2865,0,0,1,0,1,0
832,432812,-366,-1411,18584,16806,-6088,-23462,2736,0,0,1,0,1,0
833,433333,0,-1626,16070,14444,0,-27026,2502,0,0,1,0,1,0
834,433854,366,-1777,12938,11527,6088,-29551,2172,0,0,1,0,1,0
835,434375,718,-1861,9309,8167,11942,-30940,1759,0,0,1,0,1,0
836,434895,1043,-1873,5323,4493,17337,-31140,1278,0,0,1,0,1,0
837,435416,1327,-1813,1132,646,22066,-30143,748,0,0,1,0,1,0
838,435937,1561,-1683,-3103,-3226,25947,-27988,189,0,0,1,0,1,0
839,436458,1734,-1489,-7218,-6973,28831,-24758,-377,0,0,1,0,1,0
840,436979,1841,-1238,-11056,-10453,30607,-20576,-929,0,0,1,0,1,0
841,437500,1877,-939,-14469,-13531,31207,-15603,-1445,0,0,1,0,1,0
842,438020,1841,-603,-17326,-16089,30607,-10031,-1905,0,0,1,0,1,0
843,438541,1734,-245,-19518,-18028,28831,-4073,-2292,0,0,1,0,1,0
844,439062,1561,123,-20959,-19275,25947,2041,-2592,0,0,1,0,1,0
845,439583,1327,486,-21594,-19781,22066,8077,-2791,0,0,1,0,1,0
846,440104,1043,830,-21400,-19527,17337,13802,-2883,0,0,1,0,1,0
847,440625,718,1143,-20384,-18523,11942,18997,-2865,0,0,1,0,1,0
848,441145,366,1411,-18584,-16806,6088,23462,-2736,0,0,1,0,1,0
849,441666,0,1626,-16070,-14444,0,27026,-2502,0,0,1,0,1,0
850,442187,-366,1777,-12938,-11527,-6088,29551,-2172,0,0,1,0,1,0
851,442708,-718,1861,-9309,-8167,-11942,30940,-1759,0,0,1,0,1,0
852,443229,-1043,1873,-5323,-4493,-17337,31140,-1278,0,0,1,0,1,0
853,443750,-1327,1813,-1132,-646,-22066,30143,-748,0,0,1,0,1,0
854,444270,-1561,1683,3103,3226,-25947,27988,-189,0,0,1,0,1,0
855,444791,-1734,1489,7218,6973,-28831,24758,377,0,0,1,0,1,0
856,445312,-1841,1238,11056,10453,-30607,20576,929,0,0,1,0,1,0
857,445833,-1877,939,14469,13531,-31207,15603,1445,0,0,1,0,1,0
858,446354,-1841,603,17326,16089,-30607,10031,1905,0,0,1,0,1,0
859,446875,-1734,245,19518,18028,-28831,4073,2292,0,0,1,0,1,0
860,447395,-1561,-123,20959,19275,-25947,-2041,2592,0,0,1,0,1,0
861,447916,-1327,-486,21594,19781,-22066,-8077,2791,0,0,1,0,1,0
862,448437,-1043,-830,21400,19527,-17337,-13802,2883,0,0,1,0,1,0
863,448958,-718,-1143,20384,18523,-11942,-18997,2865,0,0,1,0,1,0
864,449479,-366,-1411,18584,16806,-6088,-23462,2736,0,0,1,0,1,0
865,450000,0,-1626,16070,14444,0,-27026,2502,0,0,1,0,1,0
866,450520,366,-1777,12938,11527,6088,-29551,2172,0,0,1,0,1,0
867,451041,718,-1861,9309,8167,11942,-30940,1759,0,0,1,0,1,0
868,451562,1043,-1873,5323,4493,17337,-31140,1278,0,0,1,0,1,0
869,452083,1327,-1813,1132,646,22066,-30143,748,0,0,1,0,1,0
870,452604,1561,-1683,-3103,-3226,25947,-27988,189,0,0,1,0,1,0
871,453125,1734,-1489,-7218,-6973,28831,-24758,-377,0,0,1,0,1,0
872,453645,1841,-1238,-11056,-10453,30607,-20576,-929,0,0,1,0,1,0
873,454166,1877,-939,-14469,-13531,31207,-15603,-1445,0,0,1,0,1,0
874,454687,1841,-603,-17326,-16089,30607,-10031,-1905,0,0,1,0,1,0
875,455208,1734,-245,-19518,-18028,28831,-4073,-2292,0,0,1,0,1,0
876,455729,1561,123,-20959,-19275,25947,2041,-2592,0,0,1,0,1,0
877,456250,1327,486,-21594,-19781,22066,8077,-2791,0,0,1,0,1,0
878,456770,1043,830,-21400,-19527,17337,13802,-2883,0,0,1,0,1,0
879,457291,718,1143,-20384,-18523,11942,18997,-2865,0,0,1,0,1,0
880,457812,366,1411,-18584,-16806,6088,23462,-2736,0,0,1,0,1,0
881,458333,0,1626,-16070,-14444,0,27026,-2502,0,0,1,0,1,0
882,458854,-366,1777,-12938,-11527,-6088,29551,-2172,0,0,1,0,1,0
883,459375,-718,1861,-9309,-8167,-11942,30940,-1759,0,0,1,0,1,0
884,459895,-1043,1873,-5323,-4493,-17337,31140,-1278,0,0,1,0,1,0
885,460416,-1327,1813,-1132,-646,-22066,30143,-748,0,0,1,0,1,0
886,460937,-1561,1683,3103,3226,-25947,27988,-189,0,0,1,0,1,0
887,461458,-1734,1489,7218,6973,-28831,24758,377,0,0,1,0,1,0
888,461979,-1841,1238,11056,10453,-30607,20576,929,0,0,1,0,1,0
889,462500,-1877,939,14469,13531,-31207,15603,1445,0,0,1,0,1,0
890,463020,-1841,603,17326,16089,-30607,10031,1905,0,0,1,0,1,0
891,463541,-1734,245,19518,18028,-28831,4073,2292,0,0,1,0,1,0
892,464062,-1561,-123,20959,19275,-25947,-2041,2592,0,0,1,0,1,0
893,464583,-1327,-486,21594,19781,-22066,-8077,2791,0,0,1,0,1,0
894,465104,-1043,-830,21400,19527,-17337,-13802,2883,0,0,1,0,1,0
895,465625,-718,-1143,20384,18523,-11942,-18997,2865,0,0,1,0,1,0
896,466145,-366,-1411,18584,16806,-6088,-23462,2736,0,0,1,0,1,0
897,466666,0,-1626,16070,14444,0,-27026,2502,0,0,1,0,1,0
898,467187,366,-1777,12938,11527,6088,-29551,2172,0,0,1,0,1,0
899,467708,718,-1861,9309,8167,11942,-30940,1759,0,0,1,0,1,0
900,468229,1043,-1873,5323,4493,17337,-31140,1278,0,0,1,0,1,0
901,468750,1327,-1813,1132,646,22066,-30143,748,0,0,1,0,1,0
902,469270,1561,-1683,-3103,-3226,25947,-27988,189,0,0,1,0,1,0
903,469791,1734,-1489,-7218,-6973,28831,-24758,-377,0,0,1,0,1,0
904,470312,1841,-1238,-11056,-10453,30607,-20576,-929,0,0,1,0,1,0
905,470833,1877,-939,-14469,-13531,31207,-15603,-1445,0,0,1,0,1,0
906,471354,1841,-603,-17326,-16089,30607,-10031,-1905,0,0,1,0,1,0
907,471875,1734,-245,-19518,-18028,28831,-4073,-2292,0,0,1,0,1,0
908,472395,1561,123,-20959,-19275,25947,2041,-2592,0,0,1,0,1,0
909,472916,1327,486,-21594,-19781,22066,8077,-2791,0,0,1,0,1,0
910,473437,1043,830,-21400,-19527,17337,13802,-2883,0,0,1,0,1,0
911,473958,718,1143,-20384,-18523,11942,18997,-2865,0,0,1,0,1,0
912,474479,366,1411,-18584,-16806,6088,23462,-2736,0,0,1,0,1,0
913,475000,0,1626,-16070,-14444,0,27026,-2502,0,0,1,0,1,0
914,475520,-366,1777,-12938,-11527,-6088,29551,-2172,0,0,1,0,1,0
915,476041,-718,1861,-9309,-8167,-11942,30940,-1759,0,0,1,0,1,0
916,476562,-1043,1873,-5323,-4493,-17337,31140,-1278,0,0,1,0,1,0
917,477083,-1327,1813,-1132,-646,-22066,30143,-748,0,0,1,0,1,0
918,477604,-1561,1683,3103,3226,-25947,27988,-189,0,0,1,0,1,0
919,478125,-1734,1489,7218,6973,-28831,24758,377,0,0,1,0,1,0
920,478645,-1841,1238,11056,10453,-30607,20576,929,0,0,1,0,1,0
921,479166,-1877,939,14469,13531,-31207,15603,1445,0,0,1,0,1,0
922,479687,-1841,603,17326,16089,-30607,10031,1905,0,0,1,0,1,0
923,480208,-1734,245,19518,18028,-28831,4073,2292,0,0,1,0,1,0
924,480729,-1561,-123,20959,19275,-25947,-2041,2592,0,0,1,0,1,0
925,481250,-1327,-486,21594,19781,-22066,-8077,2791,0,0,1,0,1,0
926,481770,-1043,-830,21400,19527,-17337,-13802,2883,0,0,1,0,1,0
927,482291,-718,-1143,20384,18523,-11942,-18997,2865,0,0,1,0,1,0
928,482812,-366,-1411,18584,16806,-6088,-23462,2736,0,0,1,0,1,0
929,483333,0,-1626,16070,14444,0,-27026,2502,0,0,1,0,1,0
930,483854,366,-1777,12938,11527,6088,-29551,2172,0,0,1,0,1,0
931,484375,718,-1861,9309,8167,11942,-30940,1759,0,0,1,0,1,0
932,484895,1043,-1873,5323,4493,17337,-31140,1278,0,0,1,0,1,0
933,485416,1327,-1813,1132,646,22066,-30143,748,0,0,1,0,1,0
934,485937,1561,-1683,-3103,-3226,25947,-27988,189,0,0,1,0,1,0
935,486458,1734,-1489,-7218,-6973,28831,-24758,-377,0,0,1,0,1,0
936,486979,1841,-1238,-11056,-10453,30607,-20576,-929,0,0,1,0,1,0
937,487500,1877,-939,-14469,-13531,31207,-15603,-1445,0,0,1,0,1,0
938,488020,1841,-603,-17326,-16089,30607,-10031,-1905,0,0,1,0,1,0
939,488541,1734,-245,-19518,-18028,28831,-4073,-2292,0,0,1,0,1,0
940,489062,1561,123,-20959,-19275,25947,2041,-2592,0,0,1,0,1,0
941,489583,1327,486,-21594,-19781,22066,8077,-2791,0,0,1,0,1,0
942,490104,1043,830,-21400,-19527,17337,13802,-2883,0,0,1,0,1,0
943,490625,718,1143,-20384,-18523,11942,18997,-2865,0,0,1,0,1,0
944,491145,366,1411,-18584,-16806,6088,23462,-2736,0,0,1,0,1,0
945,491666,0,1626,-16070,-14444,0,27026,-2502,0,0,1,0,1,0
946,492187,-366,1777,-12938,-11527,-6088,29551,-2172,0,0,1,0,1,0
947,492708,-718,1861,-9309,-8167,-11942,30940,-1759,0,0,1,0,1,0
948,493229,-1043,1873,-5323,-4493,-17337,31140,-1278,0,0,1,0,1,0
949,493750,-1327,1813,-1132,-646,-22066,30143,-748,0,0,1,0,1,0
950,494270,-1561,1683,3103,3226,-25947,27988,-189,0,0,1,0,1,0
951,494791,-1734,1489,7218,6973,-28831,24758,377,0,0,1,0,1,0
952,495312,-1841,1238,11056,10453,-30607,20576,929,0,0,1,0,1,0
953,495833,-1877,939,14469,13531,-31207,15603,1445,0,0,1,0,1,0
954,496354,-1841,603,17326,16089,-30607,10031,1905,0,0,1,0,1,0
955,496875,-1734,245,19518,18028,-28831,4073,2292,0,0,1,0,1,0
956,497395,-1561,-123,20959,19275,-25947,-2041,2592,0,0,1,0,1,0
957,497916,-1327,-486,21594,19781,-22066,-8077,2791,0,0,1,0,1,0
958,498437,-1043,-830,21400,19527,-17337,-13802,2883,0,0,1,0,1,0
959,498958,-718,-1143,20384,18523,-11942,-18997,2865,0,0,1,0,1,0
960,499479,-366,-1411,18584,16806,-6088,-23462,2736,0,0,1,0,1,0
961,500000,0,-1626,16070,14444,0,-27026,2502,0,0,1,0,1,0
962,500520,366,-1777,12938,11527,6088,-29551,2172,0,0,1,0,1,0
963,501041,718,-1861,9309,8167,11942,-30940,1759,0,0,1,0,1,0
964,501562,1043,-1873,5323,4493,17337,-31140,1278,0,0,1,0,1,0
965,502083,1327,-1813,1132,646,22066,-30143,748,0,0,1,0,1,0
966,502604,1561,-1683,-3103,-3226,25947,-27988,189,0,0,1,0,1,0
967,503125,1734,-1489,-7218,-6973,28831,-24758,-377,0,0,1,0,1,0
968,503645,1841,-1238,-11056,-10453,30607,-20576,-929,0,0,1,0,1,0
969,504166,1877,-939,-14469,-13531,31207,-15603,-1445,0,0,1,0,1,0
970,504687,1841,-603,-17326,-16089,30607,-10031,-1905,0,0,1,0,1,0
971,505208,1734,-245,-19518,-18028,28831,-4073,-2292,0,0,1,0,1,0
972,505729,1561,123,-20959,-19275,25947,2041,-2592,0,0,1,0,1,0
973,506250,1327,486,-21594,-19781,22066,8077,-2791,0,0,1,0,1,0
974,506770,1043,830,-21400,-19527,17337,13802,-2883,0,0,1,0,1,0
975,507291,718,1143,-20384,-18523,11942,18997,-2865,0,0,1,0,1,0
976,507812,366,1411,-18584,-16806,6088,23462,-2736,0,0,1,0,1,0
977,508333,0,1626,-16070,-14444,0,27026,-2502,0,0,1,0,1,0
978,508854,-366,1777,-12938,-11527,-6088,29551,-2172,0,0,1,0,1,0
979,509375,-718,1861,-9309,-8167,-11942,30940,-1759,0,0,1,0,1,0
980,509895,-1043,1873,-5323,-4493,-17337,31140,-1278,0,0,1,0,1,0
981,510416,-1327,1813,-1132,-646,-22066,30143,-748,0,0,1,0,1,0
982,510937,-1561,1683,3103,3226,-25947,27988,-189,0,0,1,0,1,0
983,511458,-1734,1489,7218,6973,-28831,24758,377,0,0,1,0,1,0
984,511979,-1841,1238,11056,10453,-30607,20576,929,0,0,1,0,1,0
985,512499,-1877,939,14469,13531,-31207,15603,1445,0,0,1,0,1,0
986,513020,-1841,603,17326,16089,-30607,10031,1905,0,0,1,0,1,0
987,513541,-1734,245,19518,18028,-28831,4073,2292,0,0,1,0,1,0
988,514062,-1561,-123,20959,19275,-25947,-2041,2592,0,0,1,0,1,0
989,514583,-1327,-486,21594,19781,-22066,-8077,2791,0,0,1,0,1,0
990,515104,-1043,-830,21400,19527,-17337,-13802,2883,0,0,1,0,1,0
991,515625,-718,-1143,20384,18523,-11942,-18997,2865,0,0,1,0,1,0
992,516145,-366,-1411,18584,16806,-6088,-23462,2736,0,0,1,0,1,0
993,516666,0,-1626,16070,14444,0,-27026,2502,0,0,1,0,1,0
994,517187,366,-1777,12938,11527,6088,-29551,2172,0,0,1,0,1,0
995,517708,718,-1861,9309,8167,11942,-30940,1759,0,0,1,0,1,0
996,518229,1043,-1873,5323,4493,17337,-31140,1278,0,0,1,0,1,0
997,518750,1327,-1813,1132,646,22066,-30143,748,0,0,1,0,1,0
998,519270,1561,-1683,-3103,-3226,25947,-27988,189,0,0,1,0,1,0
999,519791,1734,-1489,-7218,-6973,28831,-24758,-377,0,0,1,0,1,0
1000,520312,1841,-1238,-11056,-10453,30607,-20576,-929,0,0,1,0,1,0
1001,520833,1877,-939,-14469,-13531,31207,-15603,-1445,0,0,1,0,1,0
1002,521354,1841,-603,-17326,-16089,30607,-10031,-1905,0,0,1,0,1,0
1003,521875,1734,-245,-19518,-18028,28831,-4073,-2292,0,0,1,0,1,0
1004,522395,1561,123,-20959,-19275,25947,2041,-2592,0,0,1,0,1,0
1005,522916,1327,486,-21594,-19781,22066,8077,-2791,0,0,1,0,1,0
1006,523437,1043,830,-21400,-19527,17337,13802,-2883,0,0,1,0,1,0
1007,523958,718,1143,-20384,-18523,11942,18997,-2865,0,0,1,0,1,0
1008,524479,366,1411,-18584,-16806,6088,23462,-2736,0,0,1,0,1,0
1009,525000,0,1626,-16070,-14444,0,27026,-2502,0,0,1,0,1,0
1010,525520,-366,1777,-12938,-11527,-6088,29551,-2172,0,0,1,0,1,0
1011,526041,-718,1861,-9309,-8167,-11942,30940,-1759,0,0,1,0,1,0
1012,526562,-1043,1873,-5323,-4493,-17337,31140,-1278,0,0,1,0,1,0
1013,527083,-1327,1813,-1132,-646,-22066,30143,-748,0,0,1,0,1,0
1014,527604,-1561,1683,3103,3226,-25947,27988,-189,0,0,1,0,1,0
1015,528125,-1734,1489,7218,6973,-28831,24758,377,0,0,1,0,1,0
1016,528645,-1841,1238,11056,10453,-30607,20576,929,0,0,1,0,1,0
1017,529166,-1877,939,14469,13531,-31207,15603,1445,0,0,1,0,1,0
1018,529687,-1841,603,17326,16089,-30607,10031,1905,0,0,1,0,1,0
1019,530208,-1734,245,19518,18028,-28831,4073,2292,0,0,1,0,1,0
1020,530729,-1561,-123,20959,19275,-25947,-2041,2592,0,0,1,0,1,0
1021,531250,-1327,-486,21594,19781,-22066,-8077,2791,0,0,1,0,1,0
1022,531770,-1043,-830,21400,19527,-17337,-13802,2883,0,0,1,0,1,0
1023,532291,-718,-1143,20384,18523,-11942,-18997,2865,0,0,1,0,1,0
1024,532812,-366,-1411,18584,16806,-6088,-23462,2736,0,0,1,0,1,0
1025,533333,0,-1626,16070,14444,0,-27026,2502,0,0,1,0,1,0
1026,533854,366,-1777,12938,11527,6088,-29551,2172,0,0,1,0,1,0
1027,534375,718,-1861,9309,8167,11942,-30940,1759,0,0,1,0,1,0
1028,534895,1043,-1873,5323,4493,17337,-31140,1278,0,0,1,0,1,0
1029,535416,1327,-1813,1132,646,22066,-30143,748,0,0,1,0,1,0
1030,535937,1561,-1683,-3103,-3226,25947,-27988,189,0,0,1,0,1,0
1031,536458,1734,-1489,-7218,-6973,28831,-24758,-377,0,0,1,0,1,0
1032,536979,1841,-1238,-11056,-10453,30607,-20576,-929,0,0,1,0,1,0
1033,537500,1877,-939,-14469,-13531,31207,-15603,-1445,0,0,1,0,1,0
1034,538020,1841,-603,-17326,-16089,30607,-10031,-1905,0,0,1,0,1,0
1035,538541,1734,-245,-19518,-18028,28831,-4073,-2292,0,0,1,0,1,0
1036,539062,1561,123,-20959,-19275,25947,2041,-2592,0,0,1,0,1,0
1037,539583,1327,486,-21594,-19781,22066,8077,-2791,0,0,1,0,1,0
1038,540104,1043,830,-21400,-19527,17337,13802,-2883,0,0,1,0,1,0
1039,540625,718,1143,-20384,-18523,11942,18997,-2865,0,0,1,0,1,0
1040,541145,366,1411,-18584,-16806,6088,23462,-2736,0,0,1,0,1,0
1041,541666,0,1626,-16070,-14444,0,27026,-2502,0,0,1,0,1,0
1042,542187,-366,1777,-12938,-11527,-6088,29551,-2172,0,0,1,0,1,0
1043,542708,-718,1861,-9309,-8167,-11942,30940,-1759,0,0,1,0,1,0
1044,543229,-1043,1873,-5323,-4493,-17337,31140,-1278,0,0,1,0,1,0
1045,543750,-1327,1813,-1132,-646,-22066,30143,-748,0,0,1,0,1,0
1046,544270,-1561,1683,3103,3226,-25947,27988,-189,0,0,1,0,1,0
1047,544791,-1734,1489,7218,6973,-28831,24758,377,0,0,1,0,1,0
1048,545312,-1841,1238,11056,10453,-30607,20576,929,0,0,1,0,1,0
1049,545833,-1877,939,14469,13531,-31207,15603,1445,0,0,1,0,1,0
1050,546354,-1841,603,17326,16089,-30607,10031,1905,0,0,1,0,1,0
1051,546875,-1734,245,19518,18028,-28831,4073,2292,0,0,1,0,1,0
1052,547395,-1561,-123,20959,19275,-25947,-2041,2592,0,0,1,0,1,0
1053,547916,-1327,-486,21594,19781,-22066,-8077,2791,0,0,1,0,1,0
1054,548437,-1043,-830,21400,19527,-17337,-13802,2883,0,0,1,0,1,0
1055,548958,-718,-1143,20384,18523,-11942,-18997,2865,0,0,1,0,1,0
1056,549479,-366,-1411,18584,16806,-6088,-23462,2736,0,0,1,0,1,0
1057,550000,0,-1626,16070,14444,0,-27026,2502,0,0,1,0,1,0
1058,550520,366,-1777,12938,11527,6088,-29551,2172,0,0,1,0,1,0
1059,551041,718,-1861,9309,8167,11942,-30940,1759,0,0,1,0,1,0
1060,551562,1043,-1873,5323,4493,17337,-31140,1278,0,0,1,0,1,0
1061,552083,1327,-1813,1132,646,22066,-30143,748,0,0,1,0,1,0
1062,552604,1561,-1683,-3103,-3226,25947,-27988,189,0,0,1,0,1,0
1063,553125,1734,-1489,-7218,-6973,28831,-24758,-377,0,0,1,0,1,0
1064,553645,1841,-1238,-11056,-10453,30607,-20576,-929,0,0,1,0,1,0
1065,554166,1877,-939,-14469,-13531,31207,-15603,-1445,0,0,1,0,1,0
1066,554687,1841,-603,-17326,-16089,30607,-10031,-1905,0,0,1,0,1,0
1067,555208,1734,-245,-19518,-18028,28831,-4073,-2292,0,0,1,0,1,0
1068,555729,1561,123,-20959,-19275,25947,2041,-2592,0,0,1,0,1,0
1069,556250,1327,486,-21594,-19781,22066,8077,-2791,0,0,1,0,1,0
1070,556770,1043,830,-21400,-19527,17337,13802,-2883,0,0,1,0,1,0
1071,557291,718,1143,-20384,-18523,11942,18997,-2865,0,0,1,0,1,0
1072,557812,366,1411,-18584,-16806,6088,23462,-2736,0,0,1,0,1,0
1073,558333,0,1626,-16070,-14444,0,27026,-2502,0,0,1,0,1,0
1074,558854,-366,1777,-12938,-11527,-6088,29551,-2172,0,0,1,0,1,0
1075,559375,-718,1861,-9309,-8167,-11942,30940,-1759,0,0,1,0,1,0
1076,559895,-1043,1873,-5323,-4493,-17337,31140,-1278,0,0,1,0,1,0
1077,560416,-1327,1813,-1132,-646,-22066,30143,-748,0,0,1,0,1,0
1078,560937,-1561,1683,3103,3226,-25947,27988,-189,0,0,1,0,1,0
1079,561458,-1734,1489,7218,6973,-28831,24758,377,0,0,1,0,1,0
1080,561979,-1841,1238,11056,10453,-30607,20576,929,0,0,1,0,1,0
1081,562500,-1877,939,14469,13531,-31207,15603,1445,0,0,1,0,1,0
1082,563020,-1841,603,17326,16089,-30607,10031,1905,0,0,1,0,1,0
1083,563541,-1734,245,19518,18028,-28831,4073,2292,0,0,1,0,1,0
1084,564062,-1561,-123,20959,19275,-25947,-2041,2592,0,0,1,0,1,0
1085,564583,-1327,-486,21594,19781,-22066,-8077,2791,0,0,1,0,1,0
1086,565104,-1043,-830,21400,19527,-17337,-13802,2883,0,0,1,0,1,0
1087,565625,-718,-1143,20384,18523,-11942,-18997,2865,0,0,1,0,1,0
1088,566145,-366,-1411,18584,16806,-6088,-23462,2736,0,0,1,0,1,0
1089,566666,0,-1626,16070,14444,0,-27026,2502,0,0,1,0,1,0
1090,567187,366,-1777,12938,11527,6088,-29551,2172,0,0,1,0,1,0
1091,567708,718,-1861,9309,8167,11942,-30940,1759,0,0,1,0,1,0
1092,568229,1043,-1873,5323,4493,17337,-31140,1278,0,0,1,0,1,0
1093,568750,1327,-1813,1132,646,22066,-30143,748,0,0,1,0,1,0
1094,569270,1561,-1683,-3103,-3226,25947,-27988,189,0,0,1,0,1,0
1095,569791,1734,-1489,-7218,-6973,28831,-24758,-377,0,0,1,0,1,0
1096,570312,1841,-1238,-11056,-10453,30607,-20576,-929,0,0,1,0,1,0
1097,570833,1877,-939,-14469,-13531,31207,-15603,-1445,0,0,1,0,1,0
1098,571354,1841,-603,-17326,-16089,30607,-10031,-1905,0,0,1,0,1,0
1099,571875,1734,-245,-19518,-18028,28831,-4073,-2292,0,0,1,0,1,0
1100,572395,1561,123,-20959,-19275,25947,2041,-2592,0,0,1,0,1,0
1101,572916,1327,486,-21594,-19781,22066,8077,-2791,0,0,1,0,1,0
1102,573437,1043,830,-21400,-19527,17337,13802,-2883,0,0,1,0,1,0
1103,573958,718,1143,-20384,-18523,11942,18997,-2865,0,0,1,0,1,0
1104,574479,366,1411,-18584,-16806,6088,23462,-2736,0,0,1,0,1,0
1105,575000,0,1626,-16070,-14444,0,27026,-2502,0,0,1,0,1,0
1106,575520,-366,1777,-12938,-11527,-6088,29551,-2172,0,0,1,0,1,0
1107,576041,-718,1861,-9309,-8167,-11942,30940,-1759,0,0,1,0,1,0
1108,576562,-1043,1873,-5323,-4493,-17337,31140,-1278,0,0,1,0,1,0
1109,577083,-1327,1813,-1132,-646,-22066,30143,-748,0,0,1,0,1,0
1110,577604,-1561,1683,3103,3226,-25947,27988,-189,0,0,1,0,1,0
1111,578125,-1734,1489,7218,6973,-28831,24758,377,0,0,1,0,1,0
1112,578645,-1841,1238,11056,10453,-30607,20576,929,0,0,1,0,1,0
1113,579166,-1877,939,14469,13531,-31207,15603,1445,0,0,1,0,1,0
1114,579687,-1841,603,17326,16089,-30607,10031,1905,0,0,1,0,1,0
1115,580208,-1734,245,19518,18028,-28831,4073,2292,0,0,1,0,1,0
1116,580729,-1561,-123,20959,19275,-25947,-2041,2592,0,0,1,0,1,0
1117,581250,-1327,-486,21594,19781,-22066,-8077,2791,0,0,1,0,1,0
1118,581770,-1043,-830,21400,19527,-17337,-13802,2883,0,0,1,0,1,0
1119,582291,-718,-1143,20384,18523,-11942,-18997,2865,0,0,1,0,1,0
1120,582812,-366,-1411,18584,16806,-6088,-23462,2736,0,0,1,0,1,0
1121,583333,0,-1626,16070,14444,0,-27026,2502,0,0,1,0,1,0
1122,583854,366,-1777,12938,11527,6088,-29551,2172,0,0,1,0,1,0
1123,584375,718,-1861,9309,8167,11942,-30940,1759,0,0,1,0,1,0
1124,584895,1043,-1873,5323,4493,17337,-31140,1278,0,0,1,0,1,0
1125,585416,1327,-1813,1132,646,22066,-30143,748,0,0,1,0,1,0
1126,585937,1561,-1683,-3103,-3226,25947,-27988,189,0,0,1,0,1,0
1127,586458,1734,-1489,-7218,-6973,28831,-24758,-377,0,0,1,0,1,0
1128,586979,1841,-1238,-11056,-10453,30607,-20576,-929,0,0,1,0,1,0
1129,587500,1877,-939,-14469,-13531,31207,-15603,-1445,0,0,1,0,1,0
1130,588020,1841,-603,-17326,-16089,30607,-10031,-1905,0,0,1,0,1,0
1131,588541,1734,-245,-19518,-18028,28831,-4073,-2292,0,0,1,0,1,0
1132,589062,1561,123,-20959,-19275,25947,2041,-2592,0,0,1,0,1,0
1133,589583,1327,486,-21594,-19781,22066,8077,-2791,0,0,1,0,1,0
1134,590104,1043,830,-21400,-19527,17337,13802,-2883,0,0,1,0,1,0
1135,590625,718,1143,-20384,-18523,11942,18997,-2865,0,0,1,0,1,0
1136,591145,366,1411,-18584,-16806,6088,23462,-2736,0,0,1,0,1,0
1137,591666,0,1626,-16070,-14444,0,27026,-2502,0,0,1,0,1,0
1138,592187,-366,1777,-12938,-11527,-6088,29551,-2172,0,0,1,0,1,0
1139,592708,-718,1861,-9309,-8167,-11942,30940,-1759,0,0,1,0,1,0
1140,593229,-1043,1873,-5323,-4493,-17337,31140,-1278,0,0,1,0,1,0
1141,593750,-1327,1813,-1132,-646,-22066,30143,-748,0,0,1,0,1,0
1142,594270,-1561,1683,3103,3226,-25947,27988,-189,0,0,1,0,1,0
1143,594791,-1734,1489,7218,6973,-28831,24758,377,0,0,1,0,1,0
1144,595312,-1841,1238,11056,10453,-30607,20576,929,0,0,1,0,1,0
1145,595833,-1877,939,14469,13531,-31207,15603,1445,0,0,1,0,1,0
1146,596354,-1841,603,17326,16089,-30607,10031,1905,0,0,1,0,1,0
1147,596875,-1734,245,19518,18028,-28831,4073,2292,0,0,1,0,1,0
1148,597395,-1561,-123,20959,19275,-25947,-2041,2592,0,0,1,0,1,0
1149,597916,-1327,-486,21594,19781,-22066,-8077,2791,0,0,1,0,1,0
1150,598437,-1043,-830,21400,19527,-17337,-13802,2883,0,0,1,0,1,0
1151,598958,-718,-1143,20384,18523,-11942,-18997,2865,0,0,1,0,1,0
1152,599479,-366,-1411,18584,16806,-6088,-23462,2736,0,0,1,0,1,0
1153,600000,0,-1626,16070,14444,0,-27026,2502,0,0,1,0,1,0
1154,600520,366,-1777,12938,11527,6088,-29551,2172,0,0,1,0,1,0
1155,601041,718,-1861,9309,8167,11942,-30940,1759,0,0,1,0,1,0
1156,601562,1043,-1873,5323,4493,17337,-31140,1278,0,0,1,0,1,0
1157,602083,1327,-1813,1132,646,22066,-30143,748,0,0,1,0,1,0
1158,602604,1561,-1683,-3103,-3226,25947,-27988,189,0,0,1,0,1,0
1159,603125,1734,-1489,-7218,-6973,28831,-24758,-377,0,0,1,0,1,0
1160,603645,1841,-1238,-11056,-10453,30607,-20576,-929,0,0,1,0,1,0
1161,604166,1877,-939,-14469,-13531,31207,-15603,-1445,0,0,1,0,1,0
1162,604687,1841,-603,-17326,-16089,30607,-10031,-1905,0,0,1,0,1,0
1163,605208,1734,-245,-19518,-18028,28831,-4073,-2292,0,0,1,0,1,0
1164,605729,1561,123,-20959,-19275,25947,2041,-2592,0,0,1,0,1,0
1165,606250,1327,486,-21594,-19781,22066,8077,-2791,0,0,1,0,1,0
1166,606770,1043,830,-21400,-19527,17337,13802,-2883,0,0,1,0,1,0
1167,607291,718,1143,-20384,-18523,11942,18997,-2865,0,0,1,0,1,0
1168,607812,366,1411,-18584,-16806,6088,23462,-2736,0,0,1,0,1,0
1169,608333,0,1626,-16070,-14444,0,27026,-2502,0,0,1,0,1,0
1170,608854,-366,1777,-12938,-11527,-6088,29551,-2172,0,0,1,0,1,0
1171,609375,-718,1861,-9309,-8167,-11942,30940,-1759,0,0,1,0,1,0
1172,609895,-1043,1873,-5323,-4493,-17337,31140,-1278,0,0,1,0,1,0
1173,610416,-1327,1813,-1132,-646,-22066,30143,-748,0,0,1,0,1,0
1174,610937,-1561,1683,3103,3226,-25947,27988,-189,0,0,1,0,1,0
1175,611458,-1734,1489,7218,6973,-28831,24758,377,0,0,1,0,1,0
1176,611979,-1841,1238,11056,10453,-30607,20576,929,0,0,1,0,1,0
1177,612500,-1877,939,14469,13531,-31207,15603,1445,0,0,1,0,1,0
1178,613020,-1841,603,17326,16089,-30607,10031,1905,0,0,1,0,1,0
1179,613541,-1734,245,19518,18028,-28831,4073,2292,0,0,1,0,1,0
1180,614062,-1561,-123,20959,19275,-25947,-2041,2592,0,0,1,0,1,0
1181,614583,-1327,-486,21594,19781,-22066,-8077,2791,0,0,1,0,1,0
1182,615104,-1043,-830,21400,19527,-17337,-13802,2883,0,0,1,0,1,0
1183,615625,-718,-1143,20384,18523,-11942,-18997,2865,0,0,1,0,1,0
1184,616145,-366,-1411,18584,16806,-6088,-23462,2736,0,0,1,0,1,0
1185,616666,0,-1626,16070,14444,0,-27026,2502,0,0,1,0,1,0
1186,617187,366,-1777,12938,11527,6088,-29551,2172,0,0,1,0,1,0
1187,617708,718,-1861,9309,8167,11942,-30940,1759,0,0,1,0,1,0
1188,618229,1043,-1873,5323,4493,17337,-31140,1278,0,0,1,0,1,0
1189,618750,1327,-1813,1132,646,22066,-30143,748,0,0,1,0,1,0
1190,619270,1561,-1683,-3103,-3226,25947,-27988,189,0,0,1,0,1,0
1191,619791,1734,-1489,-7218,-6973,28831,-24758,-377,0,0,1,0,1,0
1192,620312,1841,-1238,-11056,-10453,30607,-20576,-929,0,0,1,0,1,0
1193,620833,1877,-939,-14469,-13531,31207,-15603,-1445,0,0,1,0,1,0
1194,621354,1841,-603,-17326,-16089,30607,-10031,-1905,0,0,1,0,1,0
1195,621875,1734,-245,-19518,-18028,28831,-4073,-2292,0,0,1,0,1,0
1196,622395,1561,123,-20959,-19275,25947,2041,-2592,0,0,1,0,1,0
1197,622916,1327,486,-21594,-19781,22066,8077,-2791,0,0,1,0,1,0
1198,623437,1043,830,-21400,-19527,17337,13802,-2883,0,0,1,0,1,0
1199,623958,718,1143,-20384,-18523,11942,18997,-2865,0,0,1,0,1,0
1200,624479,366,1411,-18584,-16806,6088,23462,-2736,0,0,1,0,1,0
1201,625000,0,1626,-16070,-14444,0,27026,-2502,0,0,1,0,1,0
1202,625520,-366,1777,-12938,-11527,-6088,29551,-2172,0,0,1,0,1,0
1203,626041,-718,1861,-9309,-8167,-11942,30940,-1759,0,0,1,0,1,0
1204,626562,-1043,1873,-5323,-4493,-17337,31140,-1278,0,0,1,0,1,0
1205,627083,-1327,1813,-1132,-646,-22066,30143,-748,0,0,1,0,1,0
1206,627604,-1561,1683,3103,3226,-25947,27988,-189,0,0,1,0,1,0
1207,628125,-1734,1489,7218,6973,-28831,24758,377,0,0,1,0,1,0
1208,628645,-1841,1238,11056,10453,-30607,20576,929,0,0,1,0,1,0
1209,629166,-1877,939,14469,13531,-31207,15603,1445,0,0,1,0,1,0
1210,629687,-1841,603,17326,16089,-30607,10031,1905,0,0,1,0,1,0
1211,630208,-1734,245,19518,18028,-28831,4073,2292,0,0,1,0,1,0
1212,630729,-1561,-123,20959,19275,-25947,-2041,2592,0,0,1,0,1,0
1213,631250,-1327,-486,21594,19781,-22066,-8077,2791,0,0,1,0,1,0
1214,631770,-1043,-830,21400,19527,-17337,-13802,2883,0,0,1,0,1,0
1215,632291,-718,-1143,20384,18523,-11942,-18997,2865,0,0,1,0,1,0
1216,632812,-366,-1411,18584,16806,-6088,-23462,2736,0,0,1,0,1,0
1217,633333,0,-1626,16070,14444,0,-27026,2502,0,0,1,0,1,0
1218,633854,366,-1777,12938,11527,6088,-29551,2172,0,0,1,0,1,0
1219,634375,718,-1861,9309,8167,11942,-30940,1759,0,0,1,0,1,0
1220,634895,1043,-1873,5323,4493,17337,-31140,1278,0,0,1,0,1,0
1221,635416,1327,-1813,1132,646,22066,-30143,748,0,0,1,0,1,0
1222,635937,1561,-1683,-3103,-3226,25947,-27988,189,0,0,1,0,1,0
1223,636458,1734,-1489,-7218,-6973,28831,-24758,-377,0,0,1,0,1,0
1224,636979,1841,-1238,-11056,-10453,30607,-20576,-929,0,0,1,0,1,0
1225,637500,1877,-939,-14469,-13531,31207,-15603,-1445,0,0,1,0,1,0
1226,638020,1841,-603,-17326,-16089,30607,-10031,-1905,0,0,1,0,1,0
1227,638541,1734,-245,-19518,-18028,28831,-4073,-2292,0,0,1,0,1,0
1228,639062,1561,123,-20959,-19275,25947,2041,-2592,0,0,1,0,1,0
1229,639583,1327,486,-21594,-19781,22066,8077,-2791,0,0,1,0,1,0
1230,640104,1043,830,-21400,-19527,17337,13802,-2883,0,0,1,0,1,0
1231,640625,718,1143,-20384,-18523,11942,18997,-2865,0,0,1,0,1,0
1232,641145,366,1411,-18584,-16806,6088,23462,-2736,0,0,1,0,1,0
1233,641666,0,1626,-16070,-14444,0,27026,-2502,0,0,1,0,1,0
1234,642187,-366,1777,-12938,-11527,-6088,29551,-2172,0,0,1,0,1,0
1235,642708,-718,1861,-9309,-8167,-11942,30940,-1759,0,0,1,0,1,0
1236,643229,-1043,1873,-5323,-4493,-17337,31140,-1278,0,0,1,0,1,0
1237,643750,-1327,1813,-1132,-646,-22066,30143,-748,0,0,1,0,1,0
1238,644270,-1561,1683,3103,3226,-25947,27988,-189,0,0,1,0,1,0
1239,644791,-1734,1489,7218,6973,-28831,24758,377,0,0,1,0,1,0
1240,645312,-1841,1238,11056,10453,-30607,20576,929,0,0,1,0,1,0
1241,645833,-1877,939,14469,13531,-31207,15603,1445,0,0,1,0,1,0
1242,646354,-1841,603,17326,16089,-30607,10031,1905,0,0,1,0,1,0
1243,646875,-1734,245,19518,18028,-28831,4073,2292,0,0,1,0,1,0
1244,647395,-1561,-123,20959,19275,-25947,-2041,2592,0,0,1,0,1,0
1245,647916,-1327,-486,21594,19781,-22066,-8077,2791,0,0,1,0,1,0
1246,648437,-1043,-830,21400,19527,-17337,-13802,2883,0,0,1,0,1,0
1247,648958,-718,-1143,20384,18523,-11942,-18997,2865,0,0,1,0,1,0
1248,649479,-366,-1411,18584,16806,-6088,-23462,2736,0,0,1,0,1,0
1249,650000,0,-1626,16070,14444,0,-27026,2502,0,0,1,0,1,0
1250,650520,366,-1777,12938,11527,6088,-29551,2172,0,0,1,0,1,0
1251,651041,718,-1861,9309,8167,11942,-30940,1759,0,0,1,0,1,0
1252,651562,1043,-1873,5323,4493,17337,-31140,1278,0,0,1,0,1,0
1253,652083,1327,-1813,1132,646,22066,-30143,748,0,0,1,0,1,0
1254,652604,1561,-1683,-3103,-3226,25947,-27988,189,0,0,1,0,1,0
1255,653125,1734,-1489,-7218,-6973,28831,-24758,-377,0,0,1,0,1,0
1256,653645,1841,-1238,-11056,-10453,30607,-20576,-929,0,0,1,0,1,0
1257,654166,1877,-939,-14469,-13531,31207,-15603,-1445,0,0,1,0,1,0
1258,654687,1841,-603,-17326,-16089,30607,-10031,-1905,0,0,1,0,1,0
1259,655208,1734,-245,-19518,-18028,28831,-4073,-2292,0,0,1,0,1,0
1260,655729,1561,123,-20959,-19275,25947,2041,-2592,0,0,1,0,1,0
1261,656250,1327,486,-21594,-19781,22066,8077,-2791,0,0,1,0,1,0
1262,656770,1043,830,-21400,-19527,17337,13802,-2883,0,0,1,0,1,0
1263,657291,718,1143,-20384,-18523,11942,18997,-2865,0,0,1,0,1,0
1264,657812,366,1411,-18584,-16806,6088,23462,-2736,0,0,1,0,1,0
1265,658333,0,1626,-16070,-14444,0,27026,-2502,0,0,1,0,1,0
1266,658854,-366,1777,-12938,-11527,-6088,29551,-2172,0,0,1,0,1,0
1267,659375,-718,1861,-9309,-8167,-11942,30940,-1759,0,0,1,0,1,0
1268,659895,-1043,1873,-5323,-4493,-17337,31140,-1278,0,0,1,0,1,0
1269,660416,-1327,1813,-1132,-646,-22066,30143,-748,0,0,1,0,1,0
1270,660937,-1561,1683,3103,3226,-25947,27988,-189,0,0,1,0,1,0
1271,661458,-1734,1489,7218,6973,-28831,24758,377,0,0,1,0,1,0
1272,661979,-1841,1238,11056,10453,-30607,20576,929,0,0,1,0,1,0
1273,662500,-1877,939,14469,13531,-31207,15603,1445,0,0,1,0,1,0
1274,663020,-1841,603,17326,16089,-30607,10031,1905,0,0,1,0,1,0
1275,663541,-1734,245,19518,18028,-28831,4073,2292,0,0,1,0,1,0
1276,664062,-1561,-123,20959,19275,-25947,-2041,2592,0,0,1,0,1,0
1277,664583,-1327,-486,21594,19781,-22066,-8077,2791,0,0,1,0,1,0
1278,665104,-1043,-830,21400,19527,-17337,-13802,2883,0,0,1,0,1,0
1279,665625,-718,-1143,20384,18523,-11942,-18997,2865,0,0,1,0,1,0
1280,666145,-366,-1411,18584,16806,-6088,-23462,2736,0,0,1,0,1,0
1281,666666,0,-1626,16070,14444,0,-27026,2502,0,0,1,0,1,0
1282,667187,366,-1777,12938,11527,6088,-29551,2172,0,0,1,0,1,0
1283,667708,718,-1861,9309,8167,11942,-30940,1759,0,0,1,0,1,0
1284,668229,1043,-1873,5323,4493,17337,-31140,1278,0,0,1,0,1,0
1285,668750,1327,-1813,1132,646,22066,-30143,748,0,0,1,0,1,0
1286,669270,1561,-1683,-3103,-3226,25947,-27988,189,0,0,1,0,1,0
1287,669791,1734,-1489,-7218,-6973,28831,-24758,-377,0,0,1,0,1,0
1288,670312,1841,-1238,-11056,-10453,30607,-20576,-929,0,0,1,0,1,0
1289,670833,1877,-939,-14469,-13531,31207,-15603,-1445,0,0,1,0,1,0
1290,671354,1841,-603,-17326,-16089,30607,-10031,-1905,0,0,1,0,1,0
1291,671875,1734,-245,-19518,-18028,28831,-4073,-2292,0,0,1,0,1,0
1292,672395,1561,123,-20959,-19275,25947,2041,-2592,0,0,1,0,1,0
1293,672916,1327,486,-21594,-19781,22066,8077,-2791,0,0,1,0,1,0
1294,673437,1043,830,-21400,-19527,17337,13802,-2883,0,0,1,0,1,0
1295,673958,718,1143,-20384,-18523,11942,18997,-2865,0,0,1,0,1,0
1296,674479,366,1411,-18584,-16806,6088,23462,-2736,0,0,1,0,1,0
1297,675000,0,1626,-16070,-14444,0,27026,-2502,0,0,1,0,1,0
1298,675520,-366,1777,-12938,-11527,-6088,29551,-2172,0,0,1,0,1,0
1299,676041,-718,1861,-9309,-8167,-11942,30940,-1759,0,0,1,0,1,0
1300,676562,-1043,1873,-5323,-4493,-17337,31140,-1278,0,0,1,0,1,0
1301,677083,-1327,1813,-1132,-646,-22066,30143,-748,0,0,1,0,1,0
1302,677604,-1561,1683,3103,3226,-25947,27988,-189,0,0,1,0,1,0
1303,678125,-1734,1489,7218,6973,-28831,24758,377,0,0,1,0,1,0
1304,678645,-1841,1238,11056,10453,-30607,20576,929,0,0,1,0,1,0
1305,679166,-1877,939,14469,13531,-31207,15603,1445,0,0,1,0,1,0
1306,679687,-1841,603,17326,16089,-30607,10031,1905,0,0,1,0,1,0
1307,680208,-1734,245,19518,18028,-28831,4073,2292,0,0,1,0,1,0
1308,680729,-1561,-123,20959,19275,-25947,-2041,2592,0,0,1,0,1,0
1309,681250,-1327,-486,21594,19781,-22066,-8077,2791,0,0,1,0,1,0
1310,681770,-1043,-830,21400,19527,-17337,-13802,2883,0,0,1,0,1,0
1311,682291,-718,-1143,20384,18523,-11942,-18997,2865,0,0,1,0,1,0
1312,682812,-366,-1411,18584,16806,-6088,-23462,2736,0,0,1,0,1,0
1313,683333,0,-1626,16070,14444,0,-27026,2502,0,0,1,0,1,0
1314,683854,366,-1777,12938,11527,6088,-29551,2172,0,0,1,0,1,0
1315,684375,718,-1861,9309,8167,11942,-30940,1759,0,0,1,0,1,0
1316,684895,1043,-1873,5323,4493,17337,-31140,1278,0,0,1,0,1,0
1317,685416,1327,-1813,1132,646,22066,-30143,748,0,0,1,0,1,0
1318,685937,1561,-1683,-3103,-3226,25947,-27988,189,0,0,1,0,1,0
1319,686458,1734,-1489,-7218,-6973,28831,-24758,-377,0,0,1,0,1,0
1320,686979,1841,-1238,-11056,-10453,30607,-20576,-929,0,0,1,0,1,0
1321,687500,1877,-939,-14469,-13531,31207,-15603,-1445,0,0,1,0,1,0
1322,688020,1841,-603,-17326,-16089,30607,-10031,-1905,0,0,1,0,1,0
1323,688541,1734,-245,-19518,-18028,28831,-4073,-2292,0,0,1,0,1,0
1324,689062,1561,123,-20959,-19275,25947,2041,-2592,0,0,1,0,1,0
1325,689583,1327,486,-21594,-19781,22066,8077,-2791,0,0,1,0,1,0
1326,690104,1043,830,-21400,-19527,17337,13802,-2883,0,0,1,0,1,0
1327,690625,718,1143,-20384,-18523,11942,18997,-2865,0,0,1,0,1,0
1328,691145,366,1411,-18584,-16806,6088,23462,-2736,0,0,1,0,1,0
1329,691666,0,1626,-16070,-14444,0,27026,-2502,0,0,1,0,1,0
1330,692187,-366,1777,-12938,-11527,-6088,29551,-2172,0,0,1,0,1,0
1331,692708,-718,1861,-9309,-8167,-11942,30940,-1759,0,0,1,0,1,0
1332,693229,-1043,1873,-5323,-4493,-17337,31140,-1278,0,0,1,0,1,0
1333,693750,-1327,1813,-1132,-646,-22066,30143,-748,0,0,1,0,1,0
1334,694270,-1561,1683,3103,3226,-25947,27988,-189,0,0,1,0,1,0
1335,694791,-1734,1489,7218,6973,-28831,24758,377,0,0,1,0,1,0
1336,695312,-1841,1238,11056,10453,-30607,20576,929,0,0,1,0,1,0
1337,695833,-1877,939,14469,13531,-31207,15603,1445,0,0,1,0,1,0
1338,696354,-1841,603,17326,16089,-30607,10031,1905,0,0,1,0,1,0
1339,696875,-1734,245,19518,18028,-28831,4073,2292,0,0,1,0,1,0
1340,697395,-1561,-123,20959,19275,-25947,-2041,2592,0,0,1,0,1,0
1341,697916,-1327,-486,21594,19781,-22066,-8077,2791,0,0,1,0,1,0
1342,698437,-1043,-830,21400,19527,-17337,-13802,2883,0,0,1,0,1,0
1343,698958,-718,-1143,20384,18523,-11942,-18997,2865,0,0,1,0,1,0
1344,699479,-366,-1411,18584,16806,-6088,-23462,2736,0,0,1,0,1,0
1345,700000,0,-1626,16070,14444,0,-27026,2502,0,0,1,0,1,0
1346,700520,366,-1777,12938,11527,6088,-29551,2172,0,0,1,0,1,0
1347,701041,718,-1861,9309,8167,11942,-30940,1759,0,0,1,0,1,0
1348,701562,1043,-1873,5323,4493,17337,-31140,1278,0,0,1,0,1,0
1349,702083,1327,-1813,1132,646,22066,-30143,748,0,0,1,0,1,0
1350,702604,1561,-1683,-3103,-3226,25947,-27988,189,0,0,1,0,1,0
1351,703125,1734,-1489,-7218,-6973,28831,-24758,-377,0,0,1,0,1,0
1352,703645,1841,-1238,-11056,-10453,30607,-20576,-929,0,0,1,0,1,0
1353,704166,1877,-939,-14469,-13531,31207,-15603,-1445,0,0,1,0,1,0
1354,704687,1841,-603,-17326,-16089,30607,-10031,-1905,0,0,1,0,1,0
1355,705208,1734,-245,-19518,-18028,28831,-4073,-2292,0,0,1,0,1,0
1356,705729,1561,123,-20959,-19275,25947,2041,-2592,0,0,1,0,1,0
1357,706250,1327,486,-21594,-19781,22066,8077,-2791,0,0,1,0,1,0
1358,706770,1043,830,-21400,-19527,17337,13802,-2883,0,0,1,0,1,0
1359,707291,718,1143,-20384,-18523,11942,18997,-2865,0,0,1,0,1,0
1360,707812,366,1411,-18584,-16806,6088,23462,-2736,0,0,1,0,1,0
1361,708333,0,1626,-16070,-14444,0,27026,-2502,0,0,1,0,1,0
1362,708854,-366,1777,-12938,-11527,-6088,29551,-2172,0,0,1,0,1,0
1363,709375,-718,1861,-9309,-8167,-11942,30940,-1759,0,0,1,0,1,0
1364,709895,-1043,1873,-5323,-4493,-17337,31140,-1278,0,0,1,0,1,0
1365,710416,-1327,1813,-1132,-646,-22066,30143,-748,0,0,1,0,1,0
1366,710937,-1561,1683,3103,3226,-25947,27988,-189,0,0,1,0,1,0
1367,711458,-1734,1489,7218,6973,-28831,24758,377,0,0,1,0,1,0
1368,711979,-1841,1238,11056,10453,-30607,20576,929,0,0,1,0,1,0
1369,712500,-1877,939,14469,13531,-31207,15603,1445,0,0,1,0,1,0
1370,713020,-1841,603,17326,16089,-30607,10031,1905,0,0,1,0,1,0
1371,713541,-1734,245,19518,18028,-28831,4073,2292,0,0,1,0,1,0
1372,714062,-1561,-123,20959,19275,-25947,-2041,2592,0,0,1,0,1,0
1373,714583,-1327,-486,21594,19781,-22066,-8077,2791,0,0,1,0,1,0
1374,715104,-1043,-830,21400,19527,-17337,-13802,2883,0,0,1,0,1,0
1375,715625,-718,-1143,20384,18523,-11942,-18997,2865,0,0,1,0,1,0
1376,716145,-366,-1411,18584,16806,-6088,-23462,2736,0,0,1,0,1,0
1377,716666,0,-1626,16070,14444,0,-27026,2502,0,0,1,0,1,0
1378,717187,366,-1777,12938,11527,6088,-29551,2172,0,0,1,0,1,0
1379,717708,718,-1861,9309,8167,11942,-30940,1759,0,0,1,0,1,0
1380,718229,1043,-1873,5323,4493,17337,-31140,1278,0,0,1,0,1,0
1381,718750,1327,-1813,1132,646,22066,-30143,748,0,0,1,0,1,0
1382,719270,1561,-1683,-3103,-3226,25947,-27988,189,0,0,1,0,1,0
1383,719791,1734,-1489,-7218,-6973,28831,-24758,-377,0,0,1,0,1,0
1384,720312,1841,-1238,-11056,-10453,30607,-20576,-929,0,0,1,0,1,0
1385,720833,1877,-939,-14469,-13531,31207,-15603,-1445,0,0,1,0,1,0
1386,721354,1841,-603,-17326,-16089,30607,-10031,-1905,0,0,1,0,1,0
1387,721875,1734,-245,-19518,-18028,28831,-4073,-2292,0,0,1,0,1,0
1388,722395,1561,123,-20959,-19275,25947,2041,-2592,0,0,1,0,1,0
1389,722916,1327,486,-21594,-19781,22066,8077,-2791,0,0,1,0,1,0
1390,723437,1043,830,-21400,-19527,17337,13802,-2883,0,0,1,0,1,0
1391,723958,718,1143,-20384,-18523,11942,18997,-2865,0,0,1,0,1,0
1392,724479,366,1411,-18584,-16806,6088,23462,-2736,0,0,1,0,1,0
1393,725000,0,1626,-16070,-14444,0,27026,-2502,0,0,1,0,1,0
1394,725520,-366,1777,-12938,-11527,-6088,29551,-2172,0,0,1,0,1,0
1395,726041,-718,1861,-9309,-8167,-11942,30940,-1759,0,0,1,0,1,0
1396,726562,-1043,1873,-5323,-4493,-17337,31140,-1278,0,0,1,0,1,0
1397,727083,-1327,1813,-1132,-646,-22066,30143,-748,0,0,1,0,1,0
1398,727604,-1561,1683,3103,3226,-25947,27988,-189,0,0,1,0,1,0
1399,728125,-1734,1489,7218,6973,-28831,24758,377,0,0,1,0,1,0
1400,728645,-1841,1238,11056,10453,-30607,20576,929,0,0,1,0,1,0
1401,729166,-1877,939,14469,13531,-31207,15603,1445,0,0,1,0,1,0
1402,729687,-1841,603,17326,16089,-30607,10031,1905,0,0,1,0,1,0
1403,730208,-1734,245,19518,18028,-28831,4073,2292,0,0,1,0,1,0
1404,730729,-1561,-123,20959,19275,-25947,-2041,2592,0,0,1,0,1,0
1405,731250,-1327,-486,21594,19781,-22066,-8077,2791,0,0,1,0,1,0
1406,731770,-1043,-830,21400,19527,-17337,-13802,2883,0,0,1,0,1,0
1407,732291,-718,-1143,20384,18523,-11942,-18997,2865,0,0,1,0,1,0
1408,732812,-366,-1411,18584,16806,-6088,-23462,2736,0,0,1,0,1,0
1409,733333,0,-1626,16070,14444,0,-27026,2502,0,0,1,0,1,0
1410,733854,366,-1777,12938,11527,6088,-29551,2172,0,0,1,0,1,0
1411,734375,718,-1861,9309,8167,11942,-30940,1759,0,0,1,0,1,0
1412,734895,1043,-1873,5323,4493,17337,-31140,1278,0,0,1,0,1,0
1413,735416,1327,-1813,1132,646,22066,-30143,748,0,0,1,0,1,0
1414,735937,1561,-1683,-3103,-3226,25947,-27988,189,0,0,1,0,1,0
1415,736458,1734,-1489,-7218,-6973,28831,-24758,-377,0,0,1,0,1,0
1416,736979,1841,-1238,-11056,-10453,30607,-20576,-929,0,0,1,0,1,0
1417,737500,1877,-939,-14469,-13531,31207,-15603,-1445,0,0,1,0,1,0
1418,738020,1841,-603,-17326,-16089,30607,-10031,-1905,0,0,1,0,1,0
1419,738541,1734,-245,-19518,-18028,28831,-4073,-2292,0,0,1,0,1,0
1420,739062,1561,123,-20959,-19275,25947,2041,-2592,0,0,1,0,1,0
1421,739583,1327,486,-21594,-19781,22066,8077,-2791,0,0,1,0,1,0
1422,740104,1043,830,-21400,-19527,17337,13802,-2883,0,0,1,0,1,0
1423,740625,718,1143,-20384,-18523,11942,18997,-2865,0,0,1,0,1,0
1424,741145,366,1411,-18584,-16806,6088,23462,-2736,0,0,1,0,1,0
1425,741666,0,1626,-16070,-14444,0,27026,-2502,0,0,1,0,1,0
1426,742187,-366,1777,-12938,-11527,-6088,29551,-2172,0,0,1,0,1,0
1427,742708,-718,1861,-9309,-8167,-11942,30940,-1759,0,0,1,0,1,0
1428,743229,-1043,1873,-5323,-4493,-17337,31140,-1278,0,0,1,0,1,0
1429,743750,-1327,1813,-1132,-646,-22066,30143,-748,0,0,1,0,1,0
1430,744270,-1561,1683,3103,3226,-25947,27988,-189,0,0,1,0,1,0
1431,744791,-1734,1489,7218,6973,-28831,24758,377,0,0,1,0,1,0
1432,745312,-1841,1238,11056,10453,-30607,20576,929,0,0,1,0,1,0
1433,745833,-1877,939,14469,13531,-31207,15603,1445,0,0,1,0,1,0
1434,746354,-1841,603,17326,16089,-30607,10031,1905,0,0,1,0,1,0
1435,746875,-1734,245,19518,18028,-28831,4073,2292,0,0,1,0,1,0
1436,747395,-1561,-123,20959,19275,-25947,-2041,2592,0,0,1,0,1,0
1437,747916,-1327,-486,21594,19781,-22066,-8077,2791,0,0,1,0,1,0
1438,748437,-1043,-830,21400,19527,-17337,-13802,2883,0,0,1,0,1,0
1439,748958,-718,-1143,20384,18523,-11942,-18997,2865,0,0,1,0,1,0
1440,749479,-366,-1411,18584,16806,-6088,-23462,2736,0,0,1,0,1,0
1441,750000,0,-1626,16070,14444,0,-27026,2502,0,0,1,0,1,0
1442,750520,366,-1777,12938,11527,6088,-29551,2172,0,0,1,0,1,0
1443,751041,718,-1861,9309,8167,11942,-30940,1759,0,0,1,0,1,0
1444,751562,1043,-1873,5323,4493,17337,-31140,1278,0,0,1,0,1,0
1445,752083,1327,-1813,1132,646,22066,-30143,748,0,0,1,0,1,0
1446,752604,1561,-1683,-3103,-3226,25947,-27988,189,0,0,1,0,1,0
1447,753125,1734,-1489,-7218,-6973,28831,-24758,-377,0,0,1,0,1,0
1448,753645,1841,-1238,-11056,-10453,30607,-20576,-929,0,0,1,0,1,0
1449,754166,1877,-939,-14469,-13531,31207,-15603,-1445,0,0,1,0,1,0
1450,754687,1841,-603,-17326,-16089,30607,-10031,-1905,0,0,1,0,1,0
1451,755208,1734,-245,-19518,-18028,28831,-4073,-2292,0,0,1,0,1,0
1452,755729,1561,123,-20959,-19275,25947,2041,-2592,0,0,1,0,1,0
1453,756250,1327,486,-21594,-19781,22066,8077,-2791,0,0,1,0,1,0
1454,756770,1043,830,-21400,-19527,17337,13802,-2883,0,0,1,0,1,0
1455,757291,718,1143,-20384,-18523,11942,18997,-2865,0,0,1,0,1,0
1456,757812,366,1411,-18584,-16806,6088,23462,-2736,0,0,1,0,1,0
1457,758333,0,1626,-16070,-14444,0,27026,-2502,0,0,1,0,1,0
1458,758854,-366,1777,-12938,-11527,-6088,29551,-2172,0,0,1,0,1,0
1459,759375,-718,1861,-9309,-8167,-11942,30940,-1759,0,0,1,0,1,0
1460,759895,-1043,1873,-5323,-4493,-17337,31140,-1278,0,0,1,0,1,0
1461,760416,-1327,1813,-1132,-646,-22066,30143,-748,0,0,1,0,1,0
1462,760937,-1561,1683,3103,3226,-25947,27988,-189,0,0,1,0,1,0
1463,761458,-1734,1489,7218,6973,-28831,24758,377,0,0,1,0,1,0
1464,761979,-1841,1238,11056,10453,-30607,20576,929,0,0,1,0,1,0
1465,762500,-1877,939,14469,13531,-31207,15603,1445,0,0,1,0,1,0
1466,763020,-1841,603,17326,16089,-30607,10031,1905,0,0,1,0,1,0
1467,763541,-1734,245,19518,18028,-28831,4073,2292,0,0,1,0,1,0
1468,764062,-1561,-123,20959,19275,-25947,-2041,2592,0,0,1,0,1,0
1469,764583,-1327,-486,21594,19781,-22066,-8077,2791,0,0,1,0,1,0
1470,765104,-1043,-830,21400,19527,-17337,-13802,2883,0,0,1,0,1,0
1471,765625,-718,-1143,20384,18523,-11942,-18997,2865,0,0,1,0,1,0
1472,766145,-366,-1411,18584,16806,-6088,-23462,2736,0,0,1,0,1,0
1473,766666,0,-1626,16070,14444,0,-27026,2502,0,0,1,0,1,0
1474,767187,366,-1777,12938,11527,6088,-29551,2172,0,0,1,0,1,0
1475,767708,718,-1861,9309,8167,11942,-30940,1759,0,0,1,0,1,0
1476,768229,1043,-1873,5323,4493,17337,-31140,1278,0,0,1,0,1,0
1477,768750,1327,-1813,1132,646,22066,-30143,748,0,0,1,0,1,0
1478,769270,1561,-1683,-3103,-3226,25947,-27988,189,0,0,1,0,1,0
1479,769791,1734,-1489,-7218,-6973,28831,-24758,-377,0,0,1,0,1,0
1480,770312,1841,-1238,-11056,-10453,30607,-20576,-929,0,0,1,0,1,0
1481,770833,1877,-939,-14469,-13531,31207,-15603,-1445,0,0,1,0,1,0
1482,771354,1841,-603,-17326,-16089,30607,-10031,-1905,0,0,1,0,1,0
1483,771875,1734,-245,-19518,-18028,28831,-4073,-2292,0,0,1,0,1,0
1484,772395,1561,123,-20959,-19275,25947,2041,-2592,0,0,1,0,1,0
1485,772916,1327,486,-21594,-19781,22066,8077,-2791,0,0,1,0,1,0
1486,773437,1043,830,-21400,-19527,17337,13802,-2883,0,0,1,0,1,0
1487,773958,718,1143,-20384,-18523,11942,18997,-2865,0,0,1,0,1,0
1488,774479,366,1411,-18584,-16806,6088,23462,-2736,0,0,1,0,1,0
1489,775000,0,1626,-16070,-14444,0,27026,-2502,0,0,1,0,1,0
1490,775520,-366,1777,-12938,-11527,-6088,29551,-2172,0,0,1,0,1,0
1491,776041,-718,1861,-9309,-8167,-11942,30940,-1759,0,0,1,0,1,0
1492,776562,-1043,1873,-5323,-4493,-17337,31140,-1278,0,0,1,0,1,0
1493,777083,-1327,1813,-1132,-646,-22066,30143,-748,0,0,1,0,1,0
1494,777604,-1561,1683,3103,3226,-25947,27988,-189,0,0,1,0,1,0
1495,778125,-1734,1489,7218,6973,-28831,24758,377,0,0,1,0,1,0
1496,778645,-1841,1238,11056,10453,-30607,20576,929,0,0,1,0,1,0
1497,779166,-1877,939,14469,13531,-31207,15603,1445,0,0,1,0,1,0
1498,779687,-1841,603,17326,16089,-30607,10031,1905,0,0,1,0,1,0
1499,780208,-1734,245,19518,18028,-28831,4073,2292,0,0,1,0,1,0
1500,780729,-1561,-123,20959,19275,-25947,-2041,2592,0,0,1,0,1,0
1501,781250,-1327,-486,21594,19781,-22066,-8077,2791,0,0,1,0,1,0
1502,781770,-1043,-830,21400,19527,-17337,-13802,2883,0,0,1,0,1,0
1503,782291,-718,-1143,20384,18523,-11942,-18997,2865,0,0,1,0,1,0
1504,782812,-366,-1411,18584,16806,-6088,-23462,2736,0,0,1,0,1,0
1505,783333,0,-1626,16070,14444,0,-27026,2502,0,0,1,0,1,0
1506,783854,366,-1777,12938,11527,6088,-29551,2172,0,0,1,0,1,0
1507,784375,718,-1861,9309,8167,11942,-30940,1759,0,0,1,0,1,0
1508,784895,1043,-1873,5323,4493,17337,-31140,1278,0,0,1,0,1,0
1509,785416,1327,-1813,1132,646,22066,-30143,748,0,0,1,0,1,0
1510,785937,1561,-1683,-3103,-3226,25947,-27988,189,0,0,1,0,1,0
1511,786458,1734,-1489,-7218,-6973,28831,-24758,-377,0,0,1,0,1,0
1512,786979,1841,-1238,-11056,-10453,30607,-20576,-929,0,0,1,0,1,0
1513,787500,1877,-939,-14469,-13531,31207,-15603,-1445,0,0,1,0,1,0
1514,788020,1841,-603,-17326,-16089,30607,-10031,-1905,0,0,1,0,1,0
1515,788541,1734,-245,-19518,-18028,28831,-4073,-2292,0,0,1,0,1,0
1516,789062,1561,123,-20959,-19275,25947,2041,-2592,0,0,1,0,1,0
1517,789583,1327,486,-21594,-19781,22066,8077,-2791,0,0,1,0,1,0
1518,790104,1043,830,-21400,-19527,17337,13802,-2883,0,0,1,0,1,0
1519,790625,718,1143,-20384,-18523,11942,18997,-2865,0,0,1,0,1,0
1520,791145,366,1411,-18584,-16806,6088,23462,-2736,0,0,1,0,1,0
1521,791666,0,1626,-16070,-14444,0,27026,-2502,0,0,1,0,1,0
1522,792187,-366,1777,-12938,-11527,-6088,29551,-2172,0,0,1,0,1,0
1523,792708,-718,1861,-9309,-8167,-11942,30940,-1759,0,0,1,0,1,0
1524,793229,-1043,1873,-5323,-4493,-17337,31140,-1278,0,0,1,0,1,0
1525,793750,-1327,1813,-1132,-646,-22066,30143,-748,0,0,1,0,1,0
1526,794270,-1561,1683,3103,3226,-25947,27988,-189,0,0,1,0,1,0
1527,794791,-1734,1489,7218,6973,-28831,24758,377,0,0,1,0,1,0
1528,795312,-1841,1238,11056,10453,-30607,20576,929,0,0,1,0,1,0
1529,795833,-1877,939,14469,13531,-31207,15603,1445,0,0,1,0,1,0
1530,796354,-1841,603,17326,16089,-30607,10031,1905,0,0,1,0,1,0
1531,796875,-1734,245,19518,18028,-28831,4073,2292,0,0,1,0,1,0
1532,797395,-1561,-123,20959,19275,-25947,-2041,2592,0,0,1,0,1,0
1533,797916,-1327,-486,21594,19781,-22066,-8077,2791,0,0,1,0,1,0
1534,798437,-1043,-830,21400,19527,-17337,-13802,2883,0,0,1,0,1,0
1535,798958,-718,-1143,20384,18523,-11942,-18997,2865,0,0,1,0,1,0
1536,799479,-366,-1411,18584,16806,-6088,-23462,2736,0,0,1,0,1,0
1537,800000,0,-1626,16070,14444,0,-27026,2502,0,0,1,0,1,0
1538,800520,366,-1777,12938,11527,6088,-29551,2172,0,0,1,0,1,0
1539,801041,718,-1861,9309,8167,11942,-30940,1759,0,0,1,0,1,0
1540,801562,1043,-1873,5323,4493,17337,-31140,1278,0,0,1,0,1,0
1541,802083,1327,-1813,1132,646,22066,-30143,748,0,0,1,0,1,0
1542,802604,1561,-1683,-3103,-3226,25947,-27988,189,0,0,1,0,1,0
1543,803125,1734,-1489,-7218,-6973,28831,-24758,-377,0,0,1,0,1,0
1544,803645,1841,-1238,-11056,-10453,30607,-20576,-929,0,0,1,0,1,0
1545,804166,1877,-939,-14469,-13531,31207,-15603,-1445,0,0,1,0,1,0
1546,804687,1841,-603,-17326,-16089,30607,-10031,-1905,0,0,1,0,1,0
1547,805208,1734,-245,-19518,-18028,28831,-4073,-2292,0,0,1,0,1,0
1548,805729,1561,123,-20959,-19275,25947,2041,-2592,0,0,1,0,1,0
1549,806250,1327,486,-21594,-19781,22066,8077,-2791,0,0,1,0,1,0
1550,806770,1043,830,-21400,-19527,17337,13802,-2883,0,0,1,0,1,0
1551,807291,718,1143,-20384,-18523,11942,18997,-2865,0,0,1,0,1,0
1552,807812,366,1411,-18584,-16806,6088,23462,-2736,0,0,1,0,1,0
1553,808333,0,1626,-16070,-14444,0,27026,-2502,0,0,1,0,1,0
1554,808854,-366,1777,-12938,-11527,-6088,29551,-2172,0,0,1,0,1,0
1555,809375,-718,1861,-9309,-8167,-11942,30940,-1759,0,0,1,0,1,0
1556,809895,-1043,1873,-5323,-4493,-17337,31140,-1278,0,0,1,0,1,0
1557,810416,-1327,1813,-1132,-646,-22066,30143,-748,0,0,1,0,1,0
1558,810937,-1561,1683,3103,3226,-25947,27988,-189,0,0,1,0,1,0
1559,811458,-1734,1489,7218,6973,-28831,24758,377,0,0,1,0,1,0
1560,811979,-1841,1238,11056,10453,-30607,20576,929,0,0,1,0,1,0
1561,812500,-1877,939,14469,13531,-31207,15603,1445,0,0,1,0,1,0
1562,813020,-1841,603,17326,16089,-30607,10031,1905,0,0,1,0,1,0
1563,813541,-1734,245,19518,18028,-28831,4073,2292,0,0,1,0,1,0
1564,814062,-1561,-123,20959,19275,-25947,-2041,2592,0,0,1,0,1,0
1565,814583,-1327,-486,21594,19781,-22066,-8077,2791,0,0,1,0,1,0
1566,815104,-1043,-830,21400,19527,-17337,-13802,2883,0,0,1,0,1,0
1567,815625,-718,-1143,20384,18523,-11942,-18997,2865,0,0,1,0,1,0
1568,816145,-366,-1411,18584,16806,-6088,-23462,2736,0,0,1,0,1,0
1569,816666,0,-1626,16070,14444,0,-27026,2502,0,0,1,0,1,0
1570,817187,366,-1777,12938,11527,6088,-29551,2172,0,0,1,0,1,0
1571,817708,718,-1861,9309,8167,11942,-30940,1759,0,0,1,0,1,0
1572,818229,1043,-1873,5323,4493,17337,-31140,1278,0,0,1,0,1,0
1573,818750,1327,-1813,1132,646,22066,-30143,748,0,0,1,0,1,0
1574,819270,1561,-1683,-3103,-3226,25947,-27988,189,0,0,1,0,1,0
1575,819791,1734,-1489,-7218,-6973,28831,-24758,-377,0,0,1,0,1,0
1576,820312,1841,-1238,-11056,-10453,30607,-20576,-929,0,0,1,0,1,0
1577,820833,1877,-939,-14469,-13531,31207,-15603,-1445,0,0,1,0,1,0
1578,821354,1841,-603,-17326,-16089,30607,-10031,-1905,0,0,1,0,1,0
1579,821875,1734,-245,-19518,-18028,28831,-4073,-2292,0,0,1,0,1,0
1580,822395,1561,123,-20959,-19275,25947,2041,-2592,0,0,1,0,1,0
1581,822916,1327,486,-21594,-19781,22066,8077,-2791,0,0,1,0,1,0
1582,823437,1043,830,-21400,-19527,17337,13802,-2883,0,0,1,0,1,0
1583,823958,718,1143,-20384,-18523,11942,18997,-2865,0,0,1,0,1,0
1584,824479,366,1411,-18584,-16806,6088,23462,-2736,0,0,1,0,1,0
1585,825000,0,1626,-16070,-14444,0,27026,-2502,0,0,1,0,1,0
1586,825520,-366,1777,-12938,-11527,-6088,29551,-2172,0,0,1,0,1,0
1587,826041,-718,1861,-9309,-8167,-11942,30940,-1759,0,0,1,0,1,0
1588,826562,-1043,1873,-5323,-4493,-17337,31140,-1278,0,0,1,0,1,0
1589,827083,-1327,1813,-1132,-646,-22066,30143,-748,0,0,1,0,1,0
1590,827604,-1561,1683,3103,3226,-25947,27988,-189,0,0,1,0,1,0
1591,828125,-1734,1489,7218,6973,-28831,24758,377,0,0,1,0,1,0
1592,828645,-1841,1238,11056,10453,-30607,20576,929,0,0,1,0,1,0
1593,829166,-1877,939,14469,13531,-31207,15603,1445,0,0,1,0,1,0
1594,829687,-1841,603,17326,16089,-30607,10031,1905,0,0,1,0,1,0
1595,830208,-1734,245,19518,18028,-28831,4073,2292,0,0,1,0,1,0
1596,830729,-1561,-123,20959,19275,-25947,-2041,2592,0,0,1,0,1,0
1597,831250,-1327,-486,21594,19781,-22066,-8077,2791,0,0,1,0,1,0
1598,831770,-1043,-830,21400,19527,-17337,-13802,2883,0,0,1,0,1,0
1599,832291,-718,-1143,20384,18523,-11942,-18997,2865,0,0,1,0,1,0
1600,832812,-366,-1411,18584,16806,-6088,-23462,2736,0,0,1,0,1,0
1601,833333,0,-1626,16070,14444,0,-27026,2502,0,0,1,0,1,0
1602,833854,366,-1777,12938,11527,6088,-29551,2172,0,0,1,0,1,0
1603,834375,718,-1861,9309,8167,11942,-30940,1759,0,0,1,0,1,0
1604,834895,1043,-1873,5323,4493,17337,-31140,1278,0,0,1,0,1,0
1605,835416,1327,-1813,1132,646,22066,-30143,748,0,0,1,0,1,0
1606,835937,1561,-1683,-3103,-3226,25947,-27988,189,0,0,1,0,1,0
1607,836458,1734,-1489,-7218,-6973,28831,-24758,-377,0,0,1,0,1,0
1608,836979,1841,-1238,-11056,-10453,30607,-20576,-929,0,0,1,0,1,0
1609,837500,1877,-939,-14469,-13531,31207,-15603,-1445,0,0,1,0,1,0
1610,838020,1841,-603,-17326,-16089,30607,-10031,-1905,0,0,1,0,1,0
1611,838541,1734,-245,-19518,-18028,28831,-4073,-2292,0,0,1,0,1,0
1612,839062,1561,123,-20959,-19275,25947,2041,-2592,0,0,1,0,1,0
1613,839583,1327,486,-21594,-19781,22066,8077,-2791,0,0,1,0,1,0
1614,840104,1043,830,-21400,-19527,17337,13802,-2883,0,0,1,0,1,0
1615,840625,718,1143,-20384,-18523,11942,18997,-2865,0,0,1,0,1,0
1616,841145,366,1411,-18584,-16806,6088,23462,-2736,0,0,1,0,1,0
1617,841666,0,1626,-16070,-14444,0,27026,-2502,0,0,1,0,1,0
1618,842187,-366,1777,-12938,-11527,-6088,29551,-2172,0,0,1,0,1,0
1619,842708,-718,1861,-9309,-8167,-11942,30940,-1759,0,0,1,0,1,0
1620,843229,-1043,1873,-5323,-4493,-17337,31140,-1278,0,0,1,0,1,0
1621,843750,-1327,1813,-1132,-646,-22066,30143,-748,0,0,1,0,1,0
1622,844270,-1561,1683,3103,3226,-25947,27988,-189,0,0,1,0,1,0
1623,844791,-1734,1489,7218,6973,-28831,24758,377,0,0,1,0,1,0
1624,845312,-1841,1238,11056,10453,-30607,20576,929,0,0,1,0,1,0
1625,845833,-1877,939,14469,13531,-31207,15603,1445,0,0,1,0,1,0
1626,846354,-1841,603,17326,16089,-30607,10031,1905,0,0,1,0,1,0
1627,846875,-1734,245,19518,18028,-28831,4073,2292,0,0,1,0,1,0
1628,847395,-1561,-123,20959,19275,-25947,-2041,2592,0,0,1,0,1,0
1629,847916,-1327,-486,21594,19781,-22066,-8077,2791,0,0,1,0,1,0
1630,848437,-1043,-830,21400,19527,-17337,-13802,2883,0,0,1,0,1,0
1631,848958,-718,-1143,20384,18523,-11942,-18997,2865,0,0,1,0,1,0
1632,849479,-366,-1411,18584,16806,-6088,-23462,2736,0,0,1,0,1,0
1633,850000,0,-1626,16070,14444,0,-27026,2502,0,0,1,0,1,0
1634,850520,366,-1777,12938,11527,6088,-29551,2172,0,0,1,0,1,0
1635,851041,718,-1861,9309,8167,11942,-30940,1759,0,0,1,0,1,0
1636,851562,1043,-1873,5323,4493,17337,-31140,1278,0,0,1,0,1,0
1637,852083,1327,-1813,1132,646,22066,-30143,748,0,0,1,0,1,0
1638,852604,1561,-1683,-3103,-3226,25947,-27988,189,0,0,1,0,1,0
1639,853125,1734,-1489,-7218,-6973,28831,-24758,-377,0,0,1,0,1,0
1640,853645,1841,-1238,-11056,-10453,30607,-20576,-929,0,0,1,0,1,0
1641,854166,1877,-939,-14469,-13531,31207,-15603,-1445,0,0,1,0,1,0
1642,854687,1841,-603,-17326,-16089,30607,-10031,-1905,0,0,1,0,1,0
1643,855208,1734,-245,-19518,-18028,28831,-4073,-2292,0,0,1,0,1,0
1644,855729,1561,123,-20959,-19275,25947,2041,-2592,0,0,1,0,1,0
1645,856250,1327,486,-21594,-19781,22066,8077,-2791,0,0,1,0,1,0
1646,856770,1043,830,-21400,-19527,17337,13802,-2883,0,0,1,0,1,0
1647,857291,718,1143,-20384,-18523,11942,18997,-2865,0,0,1,0,1,0
1648,857812,366,1411,-18584,-16806,6088,23462,-2736,0,0,1,0,1,0
1649,858333,0,1626,-16070,-14444,0,27026,-2502,0,0,1,0,1,0
1650,858854,-366,1777,-12938,-11527,-6088,29551,-2172,0,0,1,0,1,0
1651,859375,-718,1861,-9309,-8167,-11942,30940,-1759,0,0,1,0,1,0
1652,859895,-1043,1873,-5323,-4493,-17337,31140,-1278,0,0,1,0,1,0
1653,860416,-1327,1813,-1132,-646,-22066,30143,-748,0,0,1,0,1,0
1654,860937,-1561,1683,3103,3226,-25947,27988,-189,0,0,1,0,1,0
1655,861458,-1734,1489,7218,6973,-28831,24758,377,0,0,1,0,1,0
1656,861979,-1841,1238,11056,10453,-30607,20576,929,0,0,1,0,1,0
1657,862500,-1877,939,14469,13531,-31207,15603,1445,0,0,1,0,1,0
1658,863020,-1841,603,17326,16089,-30607,10031,1905,0,0,1,0,1,0
1659,863541,-1734,245,19518,18028,-28831,4073,2292,0,0,1,0,1,0
1660,864062,-1561,-123,20959,19275,-25947,-2041,2592,0,0,1,0,1,0
1661,864583,-1327,-486,21594,19781,-22066,-8077,2791,0,0,1,0,1,0
1662,865104,-1043,-830,21400,19527,-17337,-13802,2883,0,0,1,0,1,0
1663,865625,-718,-1143,20384,18523,-11942,-18997,2865,0,0,1,0,1,0
1664,866145,-366,-1411,18584,16806,-6088,-23462,2736,0,0,1,0,1,0
1665,866666,0,-1626,16070,14444,0,-27026,2502,0,0,1,0,1,0
1666,867187,366,-1777,12938,11527,6088,-29551,2172,0,0,1,0,1,0
1667,867708,718,-1861,9309,8167,11942,-30940,1759,0,0,1,0,1,0
1668,868229,1043,-1873,5323,4493,17337,-31140,1278,0,0,1,0,1,0
1669,868750,1327,-1813,1132,646,22066,-30143,748,0,0,1,0,1,0
1670,869270,1561,-1683,-3103,-3226,25947,-27988,189,0,0,1,0,1,0
1671,869791,1734,-1489,-7218,-6973,28831,-24758,-377,0,0,1,0,1,0
1672,870312,1841,-1238,-11056,-10453,30607,-20576,-929,0,0,1,0,1,0
1673,870833,1877,-939,-14469,-13531,31207,-15603,-1445,0,0,1,0,1,0
1674,871354,1841,-603,-17326,-16089,30607,-10031,-1905,0,0,1,0,1,0
1675,871875,1734,-245,-19518,-18028,28831,-4073,-2292,0,0,1,0,1,0
1676,872395,1561,123,-20959,-19275,25947,2041,-2592,0,0,1,0,1,0
1677,872916,1327,486,-21594,-19781,22066,8077,-2791,0,0,1,0,1,0
1678,873437,1043,830,-21400,-19527,17337,13802,-2883,0,0,1,0,1,0
1679,873958,718,1143,-20384,-18523,11942,18997,-2865,0,0,1,0,1,0
1680,874479,366,1411,-18584,-16806,6088,23462,-2736,0,0,1,0,1,0
1681,875000,0,1626,-16070,-14444,0,27026,-2502,0,0,1,0,1,0
1682,875520,-366,1777,-12938,-11527,-6088,29551,-2172,0,0,1,0,1,0
1683,876041,-718,1861,-9309,-8167,-11942,30940,-1759,0,0,1,0,1,0
1684,876562,-1043,1873,-5323,-4493,-17337,31140,-1278,0,0,1,0,1,0
1685,877083,-1327,1813,-1132,-646,-22066,30143,-748,0,0,1,0,1,0
1686,877604,-1561,1683,3103,3226,-25947,27988,-189,0,0,1,0,1,0
1687,878125,-1734,1489,7218,6973,-28831,24758,377,0,0,1,0,1,0
1688,878645,-1841,1238,11056,10453,-30607,20576,929,0,0,1,0,1,0
1689,879166,-1877,939,14469,13531,-31207,15603,1445,0,0,1,0,1,0
1690,879687,-1841,603,17326,16089,-30607,10031,1905,0,0,1,0,1,0
1691,880208,-1734,245,19518,18028,-28831,4073,2292,0,0,1,0,1,0
1692,880729,-1561,-123,20959,19275,-25947,-2041,2592,0,0,1,0,1,0
1693,881250,-1327,-486,21594,19781,-22066,-8077,2791,0,0,1,0,1,0
1694,881770,-1043,-830,21400,19527,-17337,-13802,2883,0,0,1,0,1,0
1695,882291,-718,-1143,20384,18523,-11942,-18997,2865,0,0,1,0,1,0
1696,882812,-366,-1411,18584,16806,-6088,-23462,2736,0,0,1,0,1,0
1697,883333,0,-1626,16070,14444,0,-27026,2502,0,0,1,0,1,0
1698,883854,366,-1777,12938,11527,6088,-29551,2172,0,0,1,0,1,0
1699,884375,718,-1861,9309,8167,11942,-30940,1759,0,0,1,0,1,0
1700,884895,1043,-1873,5323,4493,17337,-31140,1278,0,0,1,0,1,0
1701,885416,1327,-1813,1132,646,22066,-30143,748,0,0,1,0,1,0
1702,885937,1561,-1683,-3103,-3226,25947,-27988,189,0,0,1,0,1,0
1703,886458,1734,-1489,-7218,-6973,28831,-24758,-377,0,0,1,0,1,0
1704,886979,1841,-1238,-11056,-10453,30607,-20576,-929,0,0,1,0,1,0
1705,887500,1877,-939,-14469,-13531,31207,-15603,-1445,0,0,1,0,1,0
1706,888020,1841,-603,-17326,-16089,30607,-10031,-1905,0,0,1,0,1,0
1707,888541,1734,-245,-19518,-18028,28831,-4073,-2292,0,0,1,0,1,0
1708,889062,1561,123,-20959,-19275,25947,2041,-2592,0,0,1,0,1,0
1709,889583,1327,486,-21594,-19781,22066,8077,-2791,0,0,1,0,1,0
1710,890104,1043,830,-21400,-19527,17337,13802,-2883,0,0,1,0,1,0
1711,890625,718,1143,-20384,-18523,11942,18997,-2865,0,0,1,0,1,0
1712,891145,366,1411,-18584,-16806,6088,23462,-2736,0,0,1,0,1,0
1713,891666,0,1626,-16070,-14444,0,27026,-2502,0,0,1,0,1,0
1714,892187,-366,1777,-12938,-11527,-6088,29551,-2172,0,0,1,0,1,0
1715,892708,-718,1861,-9309,-8167,-11942,30940,-1759,0,0,1,0,1,0
1716,893229,-1043,1873,-5323,-4493,-17337,31140,-1278,0,0,1,0,1,0
1717,893750,-1327,1813,-1132,-646,-22066,30143,-748,0,0,1,0,1,0
1718,894270,-1561,1683,3103,3226,-25947,27988,-189,0,0,1,0,1,0
1719,894791,-1734,1489,7218,6973,-28831,24758,377,0,0,1,0,1,0
1720,895312,-1841,1238,11056,10453,-30607,20576,929,0,0,1,0,1,0
1721,895833,-1877,939,14469,13531,-31207,15603,1445,0,0,1,0,1,0
1722,896354,-1841,603,17326,16089,-30607,10031,1905,0,0,1,0,1,0
1723,896875,-1734,245,19518,18028,-28831,4073,2292,0,0,1,0,1,0
1724,897395,-1561,-123,20959,19275,-25947,-2041,2592,0,0,1,0,1,0
1725,897916,-1327,-486,21594,19781,-22066,-8077,2791,0,0,1,0,1,0
1726,898437,-1043,-830,21400,19527,-17337,-13802,2883,0,0,1,0,1,0
1727,898958,-718,-1143,20384,18523,-11942,-18997,2865,0,0,1,0,1,0
1728,899479,-366,-1411,18584,16806,-6088,-23462,2736,0,0,1,0,1,0
1729,900000,0,-1626,16070,14444,0,-27026,2502,0,0,1,0,1,0
1730,900520,366,-1777,12938,11527,6088,-29551,2172,0,0,1,0,1,0
1731,901041,718,-1861,9309,8167,11942,-30940,1759,0,0,1,0,1,0
1732,901562,1043,-1873,5323,4493,17337,-31140,1278,0,0,1,0,1,0
1733,902083,1327,-1813,1132,646,22066,-30143,748,0,0,1,0,1,0
1734,902604,1561,-1683,-3103,-3226,25947,-27988,189,0,0,1,0,1,0
1735,903125,1734,-1489,-7218,-6973,28831,-24758,-377,0,0,1,0,1,0
1736,903645,1841,-1238,-11056,-10453,30607,-20576,-929,0,0,1,0,1,0
1737,904166,1877,-939,-14469,-13531,31207,-15603,-1445,0,0,1,0,1,0
1738,904687,1841,-603,-17326,-16089,30607,-10031,-1905,0,0,1,0,1,0
1739,905208,1734,-245,-19518,-18028,28831,-4073,-2292,0,0,1,0,1,0
1740,905729,1561,123,-20959,-19275,25947,2041,-2592,0,0,1,0,1,0
1741,906250,1327,486,-21594,-19781,22066,8077,-2791,0,0,1,0,1,0
1742,906770,1043,830,-21400,-19527,17337,13802,-2883,0,0,1,0,1,0
1743,907291,718,1143,-20384,-18523,11942,18997,-2865,0,0,1,0,1,0
1744,907812,366,1411,-18584,-16806,6088,23462,-2736,0,0,1,0,1,0
1745,908333,0,1626,-16070,-14444,0,27026,-2502,0,0,1,0,1,0
1746,908854,-366,1777,-12938,-11527,-6088,29551,-2172,0,0,1,0,1,0
1747,909375,-718,1861,-9309,-8167,-11942,30940,-1759,0,0,1,0,1,0
1748,909895,-1043,1873,-5323,-4493,-17337,31140,-1278,0,0,1,0,1,0
1749,910416,-1327,1813,-1132,-646,-22066,30143,-748,0,0,1,0,1,0
1750,910937,-1561,1683,3103,3226,-25947,27988,-189,0,0,1,0,1,0
1751,911458,-1734,1489,7218,6973,-28831,24758,377,0,0,1,0,1,0
1752,911979,-1841,1238,11056,10453,-30607,20576,929,0,0,1,0,1,0
1753,912500,-1877,939,14469,13531,-31207,15603,1445,0,0,1,0,1,0
1754,913020,-1841,603,17326,16089,-30607,10031,1905,0,0,1,0,1,0
1755,913541,-1734,245,19518,18028,-28831,4073,2292,0,0,1,0,1,0
1756,914062,-1561,-123,20959,19275,-25947,-2041,2592,0,0,1,0,1,0
1757,914583,-1327,-486,21594,19781,-22066,-8077,2791,0,0,1,0,1,0
1758,915104,-1043,-830,21400,19527,-17337,-13802,2883,0,0,1,0,1,0
1759,915625,-718,-1143,20384,18523,-11942,-18997,2865,0,0,1,0,1,0
1760,916145,-366,-1411,18584,16806,-6088,-23462,2736,0,0,1,0,1,0
1761,916666,0,-1626,16070,14444,0,-27026,2502,0,0,1,0,1,0
1762,917187,366,-1777,12938,11527,6088,-29551,2172,0,0,1,0,1,0
1763,917708,718,-1861,9309,8167,11942,-30940,1759,0,0,1,0,1,0
1764,918229,1043,-1873,5323,4493,17337,-31140,1278,0,0,1,0,1,0
1765,918750,1327,-1813,1132,646,22066,-30143,748,0,0,1,0,1,0
1766,919270,1561,-1683,-3103,-3226,25947,-27988,189,0,0,1,0,1,0
1767,919791,1734,-1489,-7218,-6973,28831,-24758,-377,0,0,1,0,1,0
1768,920312,1841,-1238,-11056,-10453,30607,-20576,-929,0,0,1,0,1,0
1769,920833,1877,-939,-14469,-13531,31207,-15603,-1445,0,0,1,0,1,0
1770,921354,1841,-603,-17326,-16089,30607,-10031,-1905,0,0,1,0,1,0
1771,921875,1734,-245,-19518,-18028,28831,-4073,-2292,0,0,1,0,1,0
1772,922395,1561,123,-20959,-19275,25947,2041,-2592,0,0,1,0,1,0
1773,922916,1327,486,-21594,-19781,22066,8077,-2791,0,0,1,0,1,0
1774,923437,1043,830,-21400,-19527,17337,13802,-2883,0,0,1,0,1,0
1775,923958,718,1143,-20384,-18523,11942,18997,-2865,0,0,1,0,1,0
1776,924479,366,1411,-18584,-16806,6088,23462,-2736,0,0,1,0,1,0
1777,925000,0,1626,-16070,-14444,0,27026,-2502,0,0,1,0,1,0
1778,925520,-366,1777,-12938,-11527,-6088,29551,-2172,0,0,1,0,1,0
1779,926041,-718,1861,-9309,-8167,-11942,30940,-1759,0,0,1,0,1,0
1780,926562,-1043,1873,-5323,-4493,-17337,31140,-1278,0,0,1,0,1,0
1781,927083,-1327,1813,-1132,-646,-22066,30143,-748,0,0,1,0,1,0
1782,927604,-1561,1683,3103,3226,-25947,27988,-189,0,0,1,0,1,0
1783,928125,-1734,1489,7218,6973,-28831,24758,377,0,0,1,0,1,0
1784,928645,-1841,1238,11056,10453,-30607,20576,929,0,0,1,0,1,0
1785,929166,-1877,939,14469,13531,-31207,15603,1445,0,0,1,0,1,0
1786,929687,-1841,603,17326,16089,-30607,10031,1905,0,0,1,0,1,0
1787,930208,-1734,245,19518,18028,-28831,4073,2292,0,0,1,0,1,0
1788,930729,-1561,-123,20959,19275,-25947,-2041,2592,0,0,1,0,1,0
1789,931250,-1327,-486,21594,19781,-22066,-8077,2791,0,0,1,0,1,0
1790,931770,-1043,-830,21400,19527,-17337,-13802,2883,0,0,1,0,1,0
1791,932291,-718,-1143,20384,18523,-11942,-18997,2865,0,0,1,0,1,0
1792,932812,-366,-1411,18584,16806,-6088,-23462,2736,0,0,1,0,1,0
1793,933333,0,-1626,16070,14444,0,-27026,2502,0,0,1,0,1,0
1794,933854,366,-1777,12938,11527,6088,-29551,2172,0,0,1,0,1,0
1795,934375,718,-1861,9309,8167,11942,-30940,1759,0,0,1,0,1,0
1796,934895,1043,-1873,5323,4493,17337,-31140,1278,0,0,1,0,1,0
1797,935416,1327,-1813,1132,646,22066,-30143,748,0,0,1,0,1,0
1798,935937,1561,-1683,-3103,-3226,25947,-27988,189,0,0,1,0,1,0
1799,936458,1734,-1489,-7218,-6973,28831,-24758,-377,0,0,1,0,1,0
1800,936979,1841,-1238,-11056,-10453,30607,-20576,-929,0,0,1,0,1,0
1801,937500,1877,-939,-14469,-13531,31207,-15603,-1445,0,0,1,0,1,0
1802,938020,1841,-603,-17326,-16089,30607,-10031,-1905,0,0,1,0,1,0
1803,938541,1734,-245,-19518,-18028,28831,-4073,-2292,0,0,1,0,1,0
1804,939062,1561,123,-20959,-19275,25947,2041,-2592,0,0,1,0,1,0
1805,939583,1327,486,-21594,-19781,22066,8077,-2791,0,0,1,0,1,0
1806,940104,1043,830,-21400,-19527,17337,13802,-2883,0,0,1,0,1,0
1807,940625,718,1143,-20384,-18523,11942,18997,-2865,0,0,1,0,1,0
1808,941145,366,1411,-18584,-16806,6088,23462,-2736,0,0,1,0,1,0
1809,941666,0,1626,-16070,-14444,0,27026,-2502,0,0,1,0,1,0
1810,942187,-366,1777,-12938,-11527,-6088,29551,-2172,0,0,1,0,1,0
1811,942708,-718,1861,-9309,-8167,-11942,30940,-1759,0,0,1,0,1,0
1812,943229,-1043,1873,-5323,-4493,-17337,31140,-1278,0,0,1,0,1,0
1813,943750,-1327,1813,-1132,-646,-22066,30143,-748,0,0,1,0,1,0
1814,944270,-1561,1683,3103,3226,-25947,27988,-189,0,0,1,0,1,0
1815,944791,-1734,1489,7218,6973,-28831,24758,377,0,0,1,0,1,0
1816,945312,-1841,1238,11056,10453,-30607,20576,929,0,0,1,0,1,0
1817,945833,-1877,939,14469,13531,-31207,15603,1445,0,0,1,0,1,0
1818,946354,-1841,603,17326,16089,-30607,10031,1905,0,0,1,0,1,0
1819,946875,-1734,245,19518,18028,-28831,4073,2292,0,0,1,0,1,0
1820,947395,-1561,-123,20959,19275,-25947,-2041,2592,0,0,1,0,1,0
1821,947916,-1327,-486,21594,19781,-22066,-8077,2791,0,0,1,0,1,0
1822,948437,-1043,-830,21400,19527,-17337,-13802,2883,0,0,1,0,1,0
1823,948958,-718,-1143,20384,18523,-11942,-18997,2865,0,0,1,0,1,0
1824,949479,-366,-1411,18584,16806,-6088,-23462,2736,0,0,1,0,1,0
1825,950000,0,-1626,16070,14444,0,-27026,2502,0,0,1,0,1,0
1826,950520,366,-1777,12938,11527,6088,-29551,2172,0,0,1,0,1,0
1827,951041,718,-1861,9309,8167,11942,-30940,1759,0,0,1,0,1,0
1828,951562,1043,-1873,5323,4493,17337,-31140,1278,0,0,1,0,1,0
1829,952083,1327,-1813,1132,646,22066,-30143,748,0,0,1,0,1,0
1830,952604,1561,-1683,-3103,-3226,25947,-27988,189,0,0,1,0,1,0
1831,953125,1734,-1489,-7218,-6973,28831,-24758,-377,0,0,1,0,1,0
1832,953645,1841,-1238,-11056,-10453,30607,-20576,-929,0,0,1,0,1,0
1833,954166,1877,-939,-14469,-13531,31207,-15603,-1445,0,0,1,0,1,0
1834,954687,1841,-603,-17326,-16089,30607,-10031,-1905,0,0,1,0,1,0
1835,955208,1734,-245,-19518,-18028,28831,-4073,-2292,0,0,1,0,1,0
1836,955729,1561,123,-20959,-19275,25947,2041,-2592,0,0,1,0,1,0
1837,956250,1327,486,-21594,-19781,22066,8077,-2791,0,0,1,0,1,0
1838,956770,1043,830,-21400,-19527,17337,13802,-2883,0,0,1,0,1,0
1839,957291,718,1143,-20384,-18523,11942,18997,-2865,0,0,1,0,1,0
1840,957812,366,1411,-18584,-16806,6088,23462,-2736,0,0,1,0,1,0
1841,958333,0,1626,-16070,-14444,0,27026,-2502,0,0,1,0,1,0
1842,958854,-366,1777,-12938,-11527,-6088,29551,-2172,0,0,1,0,1,0
1843,959375,-718,1861,-9309,-8167,-11942,30940,-1759,0,0,1,0,1,0
1844,959895,-1043,1873,-5323,-4493,-17337,31140,-1278,0,0,1,0,1,0
1845,960416,-1327,1813,-1132,-646,-22066,30143,-748,0,0,1,0,1,0
1846,960937,-1561,1683,3103,3226,-25947,27988,-189,0,0,1,0,1,0
1847,961458,-1734,1489,7218,6973,-28831,24758,377,0,0,1,0,1,0
1848,961979,-1841,1238,11056,10453,-30607,20576,929,0,0,1,0,1,0
1849,962500,-1877,939,14469,13531,-31207,15603,1445,0,0,1,0,1,0
1850,963020,-1841,603,17326,16089,-30607,10031,1905,0,0,1,0,1,0
1851,963541,-1734,245,19518,18028,-28831,4073,2292,0,0,1,0,1,0
1852,964062,-1561,-123,20959,19275,-25947,-2041,2592,0,0,1,0,1,0
1853,964583,-1327,-486,21594,19781,-22066,-8077,2791,0,0,1,0,1,0
1854,965104,-1043,-830,21400,19527,-17337,-13802,2883,0,0,1,0,1,0
1855,965625,-718,-1143,20384,18523,-11942,-18997,2865,0,0,1,0,1,0
1856,966145,-366,-1411,18584,16806,-6088,-23462,2736,0,0,1,0,1,0
1857,966666,0,-1626,16070,14444,0,-27026,2502,0,0,1,0,1,0
1858,967187,366,-1777,12938,11527,6088,-29551,2172,0,0,1,0,1,0
1859,967708,718,-1861,9309,8167,11942,-30940,1759,0,0,1,0,1,0
1860,968229,1043,-1873,5323,4493,17337,-31140,1278,0,0,1,0,1,0
1861,968750,1327,-1813,1132,646,22066,-30143,748,0,0,1,0,1,0
1862,969270,1561,-1683,-3103,-3226,25947,-27988,189,0,0,1,0,1,0
1863,969791,1734,-1489,-7218,-6973,28831,-24758,-377,0,0,1,0,1,0
1864,970312,1841,-1238,-11056,-10453,30607,-20576,-929,0,0,1,0,1,0
1865,970833,1877,-939,-14469,-13531,31207,-15603,-1445,0,0,1,0,1,0
1866,971354,1841,-603,-17326,-16089,30607,-10031,-1905,0,0,1,0,1,0
1867,971875,1734,-245,-19518,-18028,28831,-4073,-2292,0,0,1,0,1,0
1868,972395,1561,123,-20959,-19275,25947,2041,-2592,0,0,1,0,1,0
1869,972916,1327,486,-21594,-19781,22066,8077,-2791,0,0,1,0,1,0
1870,973437,1043,830,-21400,-19527,17337,13802,-2883,0,0,1,0,1,0
1871,973958,718,1143,-20384,-18523,11942,18997,-2865,0,0,1,0,1,0
1872,974479,366,1411,-18584,-16806,6088,23462,-2736,0,0,1,0,1,0
1873,975000,0,1626,-16070,-14444,0,27026,-2502,0,0,1,0,1,0
1874,975520,-366,1777,-12938,-11527,-6088,29551,-2172,0,0,1,0,1,0
1875,976041,-718,1861,-9309,-8167,-11942,30940,-1759,0,0,1,0,1,0
1876,976562,-1043,1873,-5323,-4493,-17337,31140,-1278,0,0,1,0,1,0
1877,977083,-1327,1813,-1132,-646,-22066,30143,-748,0,0,1,0,1,0
1878,977604,-1561,1683,3103,3226,-25947,27988,-189,0,0,1,0,1,0
1879,978125,-1734,1489,7218,6973,-28831,24758,377,0,0,1,0,1,0
1880,978645,-1841,1238,11056,10453,-30607,20576,929,0,0,1,0,1,0
1881,979166,-1877,939,14469,13531,-31207,15603,1445,0,0,1,0,1,0
1882,979687,-1841,603,17326,16089,-30607,10031,1905,0,0,1,0,1,0
1883,980208,-1734,245,19518,18028,-28831,4073,2292,0,0,1,0,1,0
1884,980729,-1561,-123,20959,19275,-25947,-2041,2592,0,0,1,0,1,0
1885,981250,-1327,-486,21594,19781,-22066,-8077,2791,0,0,1,0,1,0
1886,981770,-1043,-830,21400,19527,-17337,-13802,2883,0,0,1,0,1,0
1887,982291,-718,-1143,20384,18523,-11942,-18997,2865,0,0,1,0,1,0
1888,982812,-366,-1411,18584,16806,-6088,-23462,2736,0,0,1,0,1,0
1889,983333,0,-1626,16070,14444,0,-27026,2502,0,0,1,0,1,0
1890,983854,366,-1777,12938,11527,6088,-29551,2172,0,0,1,0,1,0
1891,984375,718,-1861,9309,8167,11942,-30940,1759,0,0,1,0,1,0
1892,984895,1043,-1873,5323,4493,17337,-31140,1278,0,0,1,0,1,0
1893,985416,1327,-1813,1132,646,22066,-30143,748,0,0,1,0,1,0
1894,985937,1561,-1683,-3103,-3226,25947,-27988,189,0,0,1,0,1,0
1895,986458,1734,-1489,-7218,-6973,28831,-24758,-377,0,0,1,0,1,0
1896,986979,1841,-1238,-11056,-10453,30607,-20576,-929,0,0,1,0,1,0
1897,987500,1877,-939,-14469,-13531,31207,-15603,-1445,0,0,1,0,1,0
1898,988020,1841,-603,-17326,-16089,30607,-10031,-1905,0,0,1,0,1,0
1899,988541,1734,-245,-19518,-18028,28831,-4073,-2292,0,0,1,0,1,0
1900,989062,1561,123,-20959,-19275,25947,2041,-2592,0,0,1,0,1,0
1901,989583,1327,486,-21594,-19781,22066,8077,-2791,0,0,1,0,1,0
1902,990104,1043,830,-21400,-19527,17337,13802,-2883,0,0,1,0,1,0
1903,990625,718,1143,-20384,-18523,11942,18997,-2865,0,0,1,0,1,0
1904,991145,366,1411,-18584,-16806,6088,23462,-2736,0,0,1,0,1,0
1905,991666,0,1626,-16070,-14444,0,27026,-2502,0,0,1,0,1,0
1906,992187,-366,1777,-12938,-11527,-6088,29551,-2172,0,0,1,0,1,0
1907,992708,-718,1861,-9309,-8167,-11942,30940,-1759,0,0,1,0,1,0
1908,993229,-1043,1873,-5323,-4493,-17337,31140,-1278,0,0,1,0,1,0
1909,993750,-1327,1813,-1132,-646,-22066,30143,-748,0,0,1,0,1,0
1910,994270,-1561,1683,3103,3226,-25947,27988,-189,0,0,1,0,1,0
1911,994791,-1734,1489,7218,6973,-28831,24758,377,0,0,1,0,1,0
1912,995312,-1841,1238,11056,10453,-30607,20576,929,0,0,1,0,1,0
1913,995833,-1877,939,14469,13531,-31207,15603,1445,0,0,1,0,1,0
1914,996354,-1841,603,17326,16089,-30607,10031,1905,0,0,1,0,1,0
1915,996875,-1734,245,19518,18028,-28831,4073,2292,0,0,1,0,1,0
1916,997395,-1561,-123,20959,19275,-25947,-2041,2592,0,0,1,0,1,0
1917,997916,-1327,-486,21594,19781,-22066,-8077,2791,0,0,1,0,1,0
1918,998437,-1043,-830,21400,19527,-17337,-13802,2883,0,0,1,0,1,0
1919,998958,-718,-1143,20384,18523,-11942,-18997,2865,0,0,1,0,1,0
1920,999479,-366,-1411,18584,16806,-6088,-23462,2736,0,0,1,0,1,0
1921,1000000,0,-1626,16070,14444,0,-27026,2502,0,0,1,0,1,0
1922,1000520,366,-1777,12938,11527,6088,-29551,2172,0,0,1,0,1,0
1923,1001041,718,-1861,9309,8167,11942,-30940,1759,0,0,1,0,1,0
1924,1001562,1043,-1873,5323,4493,17337,-31140,1278,0,0,1,0,1,0
1925,1002083,1327,-1813,1132,646,22066,-30143,748,0,0,1,0,1,0
1926,1002604,1561,-1683,-3103,-3226,25947,-27988,189,0,0,1,0,1,0
1927,1003125,1734,-1489,-7218,-6973,28831,-24758,-377,0,0,1,0,1,0
1928,1003645,1841,-1238,-11056,-10453,30607,-20576,-929,0,0,1,0,1,0
1929,1004166,1877,-939,-14469,-13531,31207,-15603,-1445,0,0,1,0,1,0
1930,1004687,1841,-603,-17326,-16089,30607,-10031,-1905,0,0,1,0,1,0
1931,1005208,1734,-245,-19518,-18028,28831,-4073,-2292,0,0,1,0,1,0
1932,1005729,1561,123,-20959,-19275,25947,2041,-2592,0,0,1,0,1,0
1933,1006250,1327,486,-21594,-19781,22066,8077,-2791,0,0,1,0,1,0
1934,1006770,1043,830,-21400,-19527,17337,13802,-2883,0,0,1,0,1,0
1935,1007291,718,1143,-20384,-18523,11942,18997,-2865,0,0,1,0,1,0
1936,1007812,366,1411,-18584,-16806,6088,23462,-2736,0,0,1,0,1,0
1937,1008333,0,1626,-16070,-14444,0,27026,-2502,0,0,1,0,1,0
1938,1008854,-366,1777,-12938,-11527,-6088,29551,-2172,0,0,1,0,1,0
1939,1009374,-718,1861,-9309,-8167,-11942,30940,-1759,0,0,1,0,1,0
1940,1009895,-1043,1873,-5323,-4493,-17337,31140,-1278,0,0,1,0,1,0
1941,1010416,-1327,1813,-1132,-646,-22066,30143,-748,0,0,1,0,1,0
1942,1010937,-1561,1683,3103,3226,-25947,27988,-189,0,0,1,0,1,0
1943,1011458,-1734,1489,7218,6973,-28831,24758,377,0,0,1,0,1,0
1944,1011979,-1841,1238,11056,10453,-30607,20576,929,0,0,1,0,1,0
1945,1012500,-1877,939,14469,13531,-31207,15603,1445,0,0,1,0,1,0
1946,1013020,-1841,603,17326,16089,-30607,10031,1905,0,0,1,0,1,0
1947,1013541,-1734,245,19518,18028,-28831,4073,2292,0,0,1,0,1,0
1948,1014062,-1561,-123,20959,19275,-25947,-2041,2592,0,0,1,0,1,0
1949,1014583,-1327,-486,21594,19781,-22066,-8077,2791,0,0,1,0,1,0
1950,1015104,-1043,-830,21400,19527,-17337,-13802,2883,0,0,1,0,1,0
1951,1015625,-718,-1143,20384,18523,-11942,-18997,2865,0,0,1,0,1,0
1952,1016145,-366,-1411,18584,16806,-6088,-23462,2736,0,0,1,0,1,0
1953,1016666,0,-1626,16070,14444,0,-27026,2502,0,0,1,0,1,0
1954,1017187,366,-1777,12938,11527,6088,-29551,2172,0,0,1,0,1,0
1955,1017708,718,-1861,9309,8167,11942,-30940,1759,0,0,1,0,1,0
1956,1018229,1043,-1873,5323,4493,17337,-31140,1278,0,0,1,0,1,0
1957,1018750,1327,-1813,1132,646,22066,-30143,748,0,0,1,0,1,0
1958,1019270,1561,-1683,-3103,-3226,25947,-27988,189,0,0,1,0,1,0
1959,1019791,1734,-1489,-7218,-6973,28831,-24758,-377,0,0,1,0,1,0
1960,1020312,1841,-1238,-11056,-10453,30607,-20576,-929,0,0,1,0,1,0
1961,1020833,1877,-939,-14469,-13531,31207,-15603,-1445,0,0,1,0,1,0
1962,1021354,1841,-603,-17326,-16089,30607,-10031,-1905,0,0,1,0,1,0
1963,1021875,1734,-245,-19518,-18028,28831,-4073,-2292,0,0,1,0,1,0
1964,1022395,1561,123,-20959,-19275,25947,2041,-2592,0,0,1,0,1,0
1965,1022916,1327,486,-21594,-19781,22066,8077,-2791,0,0,1,0,1,0
1966,1023437,1043,830,-21400,-19527,17337,13802,-2883,0,0,1,0,1,0
1967,1023958,718,1143,-20384,-18523,11942,18997,-2865,0,0,1,0,1,0
1968,1024479,366,1411,-18584,-16806,6088,23462,-2736,0,0,1,0,1,0
1969,1024999,0,1626,-16070,-14444,0,27026,-2502,0,0,1,0,1,0
1970,1025520,-366,1777,-12938,-11527,-6088,29551,-2172,0,0,1,0,1,0
1971,1026041,-718,1861,-9309,-8167,-11942,30940,-1759,0,0,1,0,1,0
1972,1026562,-1043,1873,-5323,-4493,-17337,31140,-1278,0,0,1,0,1,0
1973,1027083,-1327,1813,-1132,-646,-22066,30143,-748,0,0,1,0,1,0
1974,1027604,-1561,1683,3103,3226,-25947,27988,-189,0,0,1,0,1,0
1975,1028125,-1734,1489,7218,6973,-28831,24758,377,0,0,1,0,1,0
1976,1028645,-1841,1238,11056,10453,-30607,20576,929,0,0,1,0,1,0
1977,1029166,-1877,939,14469,13531,-31207,15603,1445,0,0,1,0,1,0
1978,1029687,-1841,603,17326,16089,-30607,10031,1905,0,0,1,0,1,0
1979,1030208,-1734,245,19518,18028,-28831,4073,2292,0,0,1,0,1,0
1980,1030729,-1561,-123,20959,19275,-25947,-2041,2592,0,0,1,0,1,0
1981,1031250,-1327,-486,21594,19781,-22066,-8077,2791,0,0,1,0,1,0
1982,1031770,-1043,-830,21400,19527,-17337,-13802,2883,0,0,1,0,1,0
1983,1032291,-718,-1143,20384,18523,-11942,-18997,2865,0,0,1,0,1,0
1984,1032812,-366,-1411,18584,16806,-6088,-23462,2736,0,0,1,0,1,0
1985,1033333,0,-1626,16070,14444,0,-27026,2502,0,0,1,0,1,0
1986,1033854,366,-1777,12938,11527,6088,-29551,2172,0,0,1,0,1,0
1987,1034375,718,-1861,9309,8167,11942,-30940,1759,0,0,1,0,1,0
1988,1034895,1043,-1873,5323,4493,17337,-31140,1278,0,0,1,0,1,0
1989,1035416,1327,-1813,1132,646,22066,-30143,748,0,0,1,0,1,0
1990,1035937,1561,-1683,-3103,-3226,25947,-27988,189,0,0,1,0,1,0
1991,1036458,1734,-1489,-7218,-6973,28831,-24758,-377,0,0,1,0,1,0
1992,1036979,1841,-1238,-11056,-10453,30607,-20576,-929,0,0,1,0,1,0
1993,1037500,1877,-939,-14469,-13531,31207,-15603,-1445,0,0,1,0,1,0
1994,1038020,1841,-603,-17326,-16089,30607,-10031,-1905,0,0,1,0,1,0
1995,1038541,1734,-245,-19518,-18028,28831,-4073,-2292,0,0,1,0,1,0
1996,1039062,1561,123,-20959,-19275,25947,2041,-2592,0,0,1,0,1,0
1997,1039583,1327,486,-21594,-19781,22066,8077,-2791,0,0,1,0,1,0
1998,1040104,1043,830,-21400,-19527,17337,13802,-2883,0,0,1,0,1,0
1999,1040624,718,1143,-20384,-18523,11942,18997,-2865,0,0,1,0,1,0
2000,1041145,366,1411,-18584,-16806,6088,23462,-2736,0,0,1,0,1,0
2001,1041666,0,1626,-16070,-14444,0,27026,-2502,0,0,1,0,1,0
2002,1042187,-366,1777,-12938,-11527,-6088,29551,-2172,0,0,1,0,1,0
2003,1042708,-718,1861,-9309,-8167,-11942,30940,-1759,0,0,1,0,1,0
2004,1043229,-1043,1873,-5323,-4493,-17337,31140,-1278,0,0,1,0,1,0
2005,1043750,-1327,1813,-1132,-646,-22066,30143,-748,0,0,1,0,1,0
2006,1044270,-1561,1683,3103,3226,-25947,27988,-189,0,0,1,0,1,0
2007,1044791,-1734,1489,7218,6973,-28831,24758,377,0,0,1,0,1,0
2008,1045312,-1841,1238,11056,10453,-30607,20576,929,0,0,1,0,1,0
2009,1045833,-1877,939,14469,13531,-31207,15603,1445,0,0,1,0,1,0
2010,1046354,-1841,603,17326,16089,-30607,10031,1905,0,0,1,0,1,0
2011,1046875,-1734,245,19518,18028,-28831,4073,2292,0,0,1,0,1,0
2012,1047395,-1561,-123,20959,19275,-25947,-2041,2592,0,0,1,0,1,0
2013,1047916,-1327,-486,21594,19781,-22066,-8077,2791,0,0,1,0,1,0
2014,1048437,-1043,-830,21400,19527,-17337,-13802,2883,0,0,1,0,1,0
2015,1048958,-718,-1143,20384,18523,-11942,-18997,2865,0,0,1,0,1,0
2016,1049479,-366,-1411,18584,16806,-6088,-23462,2736,0,0,1,0,1,0
2017,1050000,0,-1626,16070,14444,0,-27026,2502,0,0,1,0,1,0
2018,1050520,366,-1777,12938,11527,6088,-29551,2172,0,0,1,0,1,0
2019,1051041,718,-1861,9309,8167,11942,-30940,1759,0,0,1,0,1,0
2020,1051562,1043,-1873,5323,4493,17337,-31140,1278,0,0,1,0,1,0
2021,1052083,1327,-1813,1132,646,22066,-30143,748,0,0,1,0,1,0
2022,1052604,1561,-1683,-3103,-3226,25947,-27988,189,0,0,1,0,1,0
2023,1053125,1734,-1489,-7218,-6973,28831,-24758,-377,0,0,1,0,1,0
2024,1053645,1841,-1238,-11056,-10453,30607,-20576,-929,0,0,1,0,1,0
2025,1054166,1877,-939,-14469,-13531,31207,-15603,-1445,0,0,1,0,1,0
2026,1054687,1841,-603,-17326,-16089,30607,-10031,-1905,0,0,1,0,1,0
2027,1055208,1734,-245,-19518,-18028,28831,-4073,-2292,0,0,1,0,1,0
2028,1055729,1561,123,-20959,-19275,25947,2041,-2592,0,0,1,0,1,0
2029,1056250,1327,486,-21594,-19781,22066,8077,-2791,0,0,1,0,1,0
2030,1056770,1043,830,-21400,-19527,17337,13802,-2883,0,0,1,0,1,0
2031,1057291,718,1143,-20384,-18523,11942,18997,-2865,0,0,1,0,1,0
2032,1057812,366,1411,-18584,-16806,6088,23462,-2736,0,0,1,0,1,0
2033,1058333,0,1626,-16070,-14444,0,27026,-2502,0,0,1,0,1,0
2034,1058854,-366,1777,-12938,-11527,-6088,29551,-2172,0,0,1,0,1,0
2035,1059375,-718,1861,-9309,-8167,-11942,30940,-1759,0,0,1,0,1,0
2036,1059895,-1043,1873,-5323,-4493,-17337,31140,-1278,0,0,1,0,1,0
2037,1060416,-1327,1813,-1132,-646,-22066,30143,-748,0,0,1,0,1,0
2038,1060937,-1561,1683,3103,3226,-25947,27988,-189,0,0,1,0,1,0
2039,1061458,-1734,1489,7218,6973,-28831,24758,377,0,0,1,0,1,0
2040,1061979,-1841,1238,11056,10453,-30607,20576,929,0,0,1,0,1,0
2041,1062500,-1877,939,14469,13531,-31207,15603,1445,0,0,1,0,1,0
2042,1063020,-1841,603,17326,16089,-30607,10031,1905,0,0,1,0,1,0
2043,1063541,-1734,245,19518,18028,-28831,4073,2292,0,0,1,0,1,0
2044,1064062,-1561,-123,20959,19275,-25947,-2041,2592,0,0,1,0,1,0
2045,1064583,-1327,-486,21594,19781,-22066,-8077,2791,0,0,1,0,1,0
2046,1065104,-1043,-830,21400,19527,-17337,-13802,2883,0,0,1,0,1,0
2047,1065625,-718,-1143,20384,18523,-11942,-18997,2865,0,0,1,0,1,0
2048,1066145,-366,-1411,18584,16806,-6088,-23462,2736,0,0,1,0,1,0
2049,1066666,0,-1626,16070,14444,0,-27026,2502,0,0,1,0,1,0
2050,1067187,366,-1777,12938,11527,6088,-29551,2172,0,0,1,0,1,0
2051,1067708,718,-1861,9309,8167,11942,-30940,1759,0,0,1,0,1,0
2052,1068229,1043,-1873,5323,4493,17337,-31140,1278,0,0,1,0,1,0
2053,1068750,1327,-1813,1132,646,22066,-30143,748,0,0,1,0,1,0
2054,1069270,1561,-1683,-3103,-3226,25947,-27988,189,0,0,1,0,1,0
2055,1069791,1734,-1489,-7218,-6973,28831,-24758,-377,0,0,1,0,1,0
2056,1070312,1841,-1238,-11056,-10453,30607,-20576,-929,0,0,1,0,1,0
2057,1070833,1877,-939,-14469,-13531,31207,-15603,-1445,0,0,1,0,1,0
2058,1071354,1841,-603,-17326,-16089,30607,-10031,-1905,0,0,1,0,1,0
2059,1071875,1734,-245,-19518,-18028,28831,-4073,-2292,0,0,1,0,1,0
2060,1072395,1561,123,-20959,-19275,25947,2041,-2592,0,0,1,0,1,0
2061,1072916,1327,486,-21594,-19781,22066,8077,-2791,0,0,1,0,1,0
2062,1073437,1043,830,-21400,-19527,17337,13802,-2883,0,0,1,0,1,0
2063,1073958,718,1143,-20384,-18523,11942,18997,-2865,0,0,1,0,1,0
2064,1074479,366,1411,-18584,-16806,6088,23462,-2736,0,0,1,0,1,0
2065,1075000,0,1626,-16070,-14444,0,27026,-2502,0,0,1,0,1,0
2066,1075520,-366,1777,-12938,-11527,-6088,29551,-2172,0,0,1,0,1,0
2067,1076041,-718,1861,-9309,-8167,-11942,30940,-1759,0,0,1,0,1,0
2068,1076562,-1043,1873,-5323,-4493,-17337,31140,-1278,0,0,1,0,1,0
2069,1077083,-1327,1813,-1132,-646,-22066,30143,-748,0,0,1,0,1,0
2070,1077604,-1561,1683,3103,3226,-25947,27988,-189,0,0,1,0,1,0
2071,1078125,-1734,1489,7218,6973,-28831,24758,377,0,0,1,0,1,0
2072,1078645,-1841,1238,11056,10453,-30607,20576,929,0,0,1,0,1,0
2073,1079166,-1877,939,14469,13531,-31207,15603,1445,0,0,1,0,1,0
2074,1079687,-1841,603,17326,16089,-30607,10031,1905,0,0,1,0,1,0
2075,1080208,-1734,245,19518,18028,-28831,4073,2292,0,0,1,0,1,0
2076,1080729,-1561,-123,20959,19275,-25947,-2041,2592,0,0,1,0,1,0
2077,1081250,-1327,-486,21594,19781,-22066,-8077,2791,0,0,1,0,1,0
2078,1081770,-1043,-830,21400,19527,-17337,-13802,2883,0,0,1,0,1,0
2079,1082291,-718,-1143,20384,18523,-11942,-18997,2865,0,0,1,0,1,0
2080,1082812,-366,-1411,18584,16806,-6088,-23462,2736,0,0,1,0,1,0
2081,1083333,0,-1626,16070,14444,0,-27026,2502,0,0,1,0,1,0
2082,1083854,366,-1777,12938,11527,6088,-29551,2172,0,0,1,0,1,0
2083,1084375,718,-1861,9309,8167,11942,-30940,1759,0,0,1,0,1,0
2084,1084895,1043,-1873,5323,4493,17337,-31140,1278,0,0,1,0,1,0
2085,1085416,1327,-1813,1132,646,22066,-30143,748,0,0,1,0,1,0
2086,1085937,1561,-1683,-3103,-3226,25947,-27988,189,0,0,1,0,1,0
2087,1086458,1734,-1489,-7218,-6973,28831,-24758,-377,0,0,1,0,1,0
2088,1086979,1841,-1238,-11056,-10453,30607,-20576,-929,0,0,1,0,1,0
2089,1087500,1877,-939,-14469,-13531,31207,-15603,-1445,0,0,1,0,1,0
2090,1088020,1841,-603,-17326,-16089,30607,-10031,-1905,0,0,1,0,1,0
2091,1088541,1734,-245,-19518,-18028,28831,-4073,-2292,0,0,1,0,1,0
2092,1089062,1561,123,-20959,-19275,25947,2041,-2592,0,0,1,0,1,0
2093,1089583,1327,486,-21594,-19781,22066,8077,-2791,0,0,1,0,1,0
2094,1090104,1043,830,-21400,-19527,17337,13802,-2883,0,0,1,0,1,0
2095,1090625,718,1143,-20384,-18523,11942,18997,-2865,0,0,1,0,1,0
2096,1091145,366,1411,-18584,-16806,6088,23462,-2736,0,0,1,0,1,0
2097,1091666,0,1626,-16070,-14444,0,27026,-2502,0,0,1,0,1,0
2098,1092187,-366,1777,-12938,-11527,-6088,29551,-2172,0,0,1,0,1,0
2099,1092708,-718,1861,-9309,-8167,-11942,30940,-1759,0,0,1,0,1,0
2100,1093229,-1043,1873,-5323,-4493,-17337,31140,-1278,0,0,1,0,1,0
2101,1093750,-1327,1813,-1132,-646,-22066,30143,-748,0,0,1,0,1,0
2102,1094270,-1561,1683,3103,3226,-25947,27988,-189,0,0,1,0,1,0
2103,1094791,-1734,1489,7218,6973,-28831,24758,377,0,0,1,0,1,0
2104,1095312,-1841,1238,11056,10453,-30607,20576,929,0,0,1,0,1,0
2105,1095833,-1877,939,14469,13531,-31207,15603,1445,0,0,1,0,1,0
2106,1096354,-1841,603,17326,16089,-30607,10031,1905,0,0,1,0,1,0
2107,1096875,-1734,245,19518,18028,-28831,4073,2292,0,0,1,0,1,0
2108,1097395,-1561,-123,20959,19275,-25947,-2041,2592,0,0,1,0,1,0
2109,1097916,-1327,-486,21594,19781,-22066,-8077,2791,0,0,1,0,1,0
2110,1098437,-1043,-830,21400,19527,-17337,-13802,2883,0,0,1,0,1,0
2111,1098958,-718,-1143,20384,18523,-11942,-18997,2865,0,0,1,0,1,0
2112,1099479,-366,-1411,18584,16806,-6088,-23462,2736,0,0,1,0,1,0
2113,1100000,0,-1626,16070,14444,0,-27026,2502,0,0,1,0,1,0
2114,1100520,366,-1777,12938,11527,6088,-29551,2172,0,0,1,0,1,0
2115,1101041,718,-1861,9309,8167,11942,-30940,1759,0,0,1,0,1,0
2116,1101562,1043,-1873,5323,4493,17337,-31140,1278,0,0,1,0,1,0
2117,1102083,1327,-1813,1132,646,22066,-30143,748,0,0,1,0,1,0
2118,1102604,1561,-1683,-3103,-3226,25947,-27988,189,0,0,1,0,1,0
2119,1103125,1734,-1489,-7218,-6973,28831,-24758,-377,0,0,1,0,1,0
2120,1103645,1841,-1238,-11056,-10453,30607,-20576,-929,0,0,1,0,1,0
2121,1104166,1877,-939,-14469,-13531,31207,-15603,-1445,0,0,1,0,1,0
2122,1104687,1841,-603,-17326,-16089,30607,-10031,-1905,0,0,1,0,1,0
2123,1105208,1734,-245,-19518,-18028,28831,-4073,-2292,0,0,1,0,1,0
2124,1105729,1561,123,-20959,-19275,25947,2041,-2592,0,0,1,0,1,0
2125,1106250,1327,486,-21594,-19781,22066,8077,-2791,0,0,1,0,1,0
2126,1106770,1043,830,-21400,-19527,17337,13802,-2883,0,0,1,0,1,0
2127,1107291,718,1143,-20384,-18523,11942,18997,-2865,0,0,1,0,1,0
2128,1107812,366,1411,-18584,-16806,6088,23462,-2736,0,0,1,0,1,0
2129,1108333,0,1626,-16070,-14444,0,27026,-2502,0,0,1,0,1,0
2130,1108854,-366,1777,-12938,-11527,-6088,29551,-2172,0,0,1,0,1,0
2131,1109375,-718,1861,-9309,-8167,-11942,30940,-1759,0,0,1,0,1,0
2132,1109895,-1043,1873,-5323,-4493,-17337,31140,-1278,0,0,1,0,1,0
2133,1110416,-1327,1813,-1132,-646,-22066,30143,-748,0,0,1,0,1,0
2134,1110937,-1561,1683,3103,3226,-25947,27988,-189,0,0,1,0,1,0
2135,1111458,-1734,1489,7218,6973,-28831,24758,377,0,0,1,0,1,0
2136,1111979,-1841,1238,11056,10453,-30607,20576,929,0,0,1,0,1,0
2137,1112500,-1877,939,14469,13531,-31207,15603,1445,0,0,1,0,1,0
2138,1113020,-1841,603,17326,16089,-30607,10031,1905,0,0,1,0,1,0
2139,1113541,-1734,245,19518,18028,-28831,4073,2292,0,0,1,0,1,0
2140,1114062,-1561,-123,20959,19275,-25947,-2041,2592,0,0,1,0,1,0
2141,1114583,-1327,-486,21594,19781,-22066,-8077,2791,0,0,1,0,1,0
2142,1115104,-1043,-830,21400,19527,-17337,-13802,2883,0,0,1,0,1,0
2143,1115625,-718,-1143,20384,18523,-11942,-18997,2865,0,0,1,0,1,0
2144,1116145,-366,-1411,18584,16806,-6088,-23462,2736,0,0,1,0,1,0
2145,1116666,0,-1626,16070,14444,0,-27026,2502,0,0,1,0,1,0
2146,1117187,366,-1777,12938,11527,6088,-29551,2172,0,0,1,0,1,0
2147,1117708,718,-1861,9309,8167,11942,-30940,1759,0,0,1,0,1,0
2148,1118229,1043,-1873,5323,4493,17337,-31140,1278,0,0,1,0,1,0
2149,1118750,1327,-1813,1132,646,22066,-30143,748,0,0,1,0,1,0
2150,1119270,1561,-1683,-3103,-3226,25947,-27988,189,0,0,1,0,1,0
2151,1119791,1734,-1489,-7218,-6973,28831,-24758,-377,0,0,1,0,1,0
2152,1120312,1841,-1238,-11056,-10453,30607,-20576,-929,0,0,1,0,1,0
2153,1120833,1877,-939,-14469,-13531,31207,-15603,-1445,0,0,1,0,1,0
2154,1121354,1841,-603,-17326,-16089,30607,-10031,-1905,0,0,1,0,1,0
2155,1121875,1734,-245,-19518,-18028,28831,-4073,-2292,0,0,1,0,1,0
2156,1122395,1561,123,-20959,-19275,25947,2041,-2592,0,0,1,0,1,0
2157,1122916,1327,486,-21594,-19781,22066,8077,-2791,0,0,1,0,1,0
2158,1123437,1043,830,-21400,-19527,17337,13802,-2883,0,0,1,0,1,0
2159,1123958,718,1143,-20384,-18523,11942,18997,-2865,0,0,1,0,1,0
2160,1124479,366,1411,-18584,-16806,6088,23462,-2736,0,0,1,0,1,0
2161,1125000,0,1626,-16070,-14444,0,27026,-2502,0,0,1,0,1,0
2162,1125520,-366,1777,-12938,-11527,-6088,29551,-2172,0,0,1,0,1,0
2163,1126041,-718,1861,-9309,-8167,-11942,30940,-1759,0,0,1,0,1,0
2164,1126562,-1043,1873,-5323,-4493,-17337,31140,-1278,0,0,1,0,1,0
2165,1127083,-1327,1813,-1132,-646,-22066,30143,-748,0,0,1,0,1,0
2166,1127604,-1561,1683,3103,3226,-25947,27988,-189,0,0,1,0,1,0
2167,1128125,-1734,1489,7218,6973,-28831,24758,377,0,0,1,0,1,0
2168,1128645,-1841,1238,11056,10453,-30607,20576,929,0,0,1,0,1,0
2169,1129166,-1877,939,14469,13531,-31207,15603,1445,0,0,1,0,1,0
2170,1129687,-1841,603,17326,16089,-30607,10031,1905,0,0,1,0,1,0
2171,1130208,-1734,245,19518,18028,-28831,4073,2292,0,0,1,0,1,0
2172,1130729,-1561,-123,20959,19275,-25947,-2041,2592,0,0,1,0,1,0
2173,1131250,-1327,-486,21594,19781,-22066,-8077,2791,0,0,1,0,1,0
2174,1131770,-1043,-830,21400,19527,-17337,-13802,2883,0,0,1,0,1,0
2175,1132291,-718,-1143,20384,18523,-11942,-18997,2865,0,0,1,0,1,0
2176,1132812,-366,-1411,18584,16806,-6088,-23462,2736,0,0,1,0,1,0
2177,1133333,0,-1626,16070,14444,0,-27026,2502,0,0,1,0,1,0
2178,1133854,366,-1777,12938,11527,6088,-29551,2172,0,0,1,0,1,0
2179,1134375,718,-1861,9309,8167,11942,-30940,1759,0,0,1,0,1,0
2180,1134895,1043,-1873,5323,4493,17337,-31140,1278,0,0,1,0,1,0
2181,1135416,1327,-1813,1132,646,22066,-30143,748,0,0,1,0,1,0
2182,1135937,1561,-1683,-3103,-3226,25947,-27988,189,0,0,1,0,1,0
2183,1136458,1734,-1489,-7218,-6973,28831,-24758,-377,0,0,1,0,1,0
2184,1136979,1841,-1238,-11056,-10453,30607,-20576,-929,0,0,1,0,1,0
2185,1137500,1877,-939,-14469,-13531,31207,-15603,-1445,0,0,1,0,1,0
2186,1138020,1841,-603,-17326,-16089,30607,-10031,-1905,0,0,1,0,1,0
2187,1138541,1734,-245,-19518,-18028,28831,-4073,-2292,0,0,1,0,1,0
2188,1139062,1561,123,-20959,-19275,25947,2041,-2592,0,0,1,0,1,0
2189,1139583,1327,486,-21594,-19781,22066,8077,-2791,0,0,1,0,1,0
2190,1140104,1043,830,-21400,-19527,17337,13802,-2883,0,0,1,0,1,0
2191,1140625,718,1143,-20384,-18523,11942,18997,-2865,0,0,1,0,1,0
2192,1141145,366,1411,-18584,-16806,6088,23462,-2736,0,0,1,0,1,0
2193,1141666,0,1626,-16070,-14444,0,27026,-2502,0,0,1,0,1,0
2194,1142187,-366,1777,-12938,-11527,-6088,29551,-2172,0,0,1,0,1,0
2195,1142708,-718,1861,-9309,-8167,-11942,30940,-1759,0,0,1,0,1,0
2196,1143229,-1043,1873,-5323,-4493,-17337,31140,-1278,0,0,1,0,1,0
2197,1143750,-1327,1813,-1132,-646,-22066,30143,-748,0,0,1,0,1,0
2198,1144270,-1561,1683,3103,3226,-25947,27988,-189,0,0,1,0,1,0
2199,1144791,-1734,1489,7218,6973,-28831,24758,377,0,0,1,0,1,0
2200,1145312,-1841,1238,11056,10453,-30607,20576,929,0,0,1,0,1,0
2201,1145833,-1877,939,14469,13531,-31207,15603,1445,0,0,1,0,1,0
2202,1146354,-1841,603,17326,16089,-30607,10031,1905,0,0,1,0,1,0
2203,1146875,-1734,245,19518,18028,-28831,4073,2292,0,0,1,0,1,0
2204,1147395,-1561,-123,20959,19275,-25947,-2041,2592,0,0,1,0,1,0
2205,1147916,-1327,-486,21594,19781,-22066,-8077,2791,0,0,1,0,1,0
2206,1148437,-1043,-830,21400,19527,-17337,-13802,2883,0,0,1,0,1,0
2207,1148958,-718,-1143,20384,18523,-11942,-18997,2865,0,0,1,0,1,0
2208,1149479,-366,-1411,18584,16806,-6088,-23462,2736,0,0,1,0,1,0
2209,1150000,0,-1626,16070,14444,0,-27026,2502,0,0,1,0,1,0
2210,1150520,366,-1777,12938,11527,6088,-29551,2172,0,0,1,0,1,0
2211,1151041,718,-1861,9309,8167,11942,-30940,1759,0,0,1,0,1,0
2212,1151562,1043,-1873,5323,4493,17337,-31140,1278,0,0,1,0,1,0
2213,1152083,1327,-1813,1132,646,22066,-30143,748,0,0,1,0,1,0
2214,1152604,1561,-1683,-3103,-3226,25947,-27988,189,0,0,1,0,1,0
2215,1153125,1734,-1489,-7218,-6973,28831,-24758,-377,0,0,1,0,1,0
2216,1153645,1841,-1238,-11056,-10453,30607,-20576,-929,0,0,1,0,1,0
2217,1154166,1877,-939,-14469,-13531,31207,-15603,-1445,0,0,1,0,1,0
2218,1154687,1841,-603,-17326,-16089,30607,-10031,-1905,0,0,1,0,1,0
2219,1155208,1734,-245,-19518,-18028,28831,-4073,-2292,0,0,1,0,1,0
2220,1155729,1561,123,-20959,-19275,25947,2041,-2592,0,0,1,0,1,0
2221,1156250,1327,486,-21594,-19781,22066,8077,-2791,0,0,1,0,1,0
2222,1156770,1043,830,-21400,-19527,17337,13802,-2883,0,0,1,0,1,0
2223,1157291,718,1143,-20384,-18523,11942,18997,-2865,0,0,1,0,1,0
2224,1157812,366,1411,-18584,-16806,6088,23462,-2736,0,0,1,0,1,0
2225,1158333,0,1626,-16070,-14444,0,27026,-2502,0,0,1,0,1,0
2226,1158854,-366,1777,-12938,-11527,-6088,29551,-2172,0,0,1,0,1,0
2227,1159375,-718,1861,-9309,-8167,-11942,30940,-1759,0,0,1,0,1,0
2228,1159895,-1043,1873,-5323,-4493,-17337,31140,-1278,0,0,1,0,1,0
2229,1160416,-1327,1813,-1132,-646,-22066,30143,-748,0,0,1,0,1,0
2230,1160937,-1561,1683,3103,3226,-25947,27988,-189,0,0,1,0,1,0
2231,1161458,-1734,1489,7218,6973,-28831,24758,377,0,0,1,0,1,0
2232,1161979,-1841,1238,11056,10453,-30607,20576,929,0,0,1,0,1,0
2233,1162500,-1877,939,14469,13531,-31207,15603,1445,0,0,1,0,1,0
2234,1163020,-1841,603,17326,16089,-30607,10031,1905,0,0,1,0,1,0
2235,1163541,-1734,245,19518,18028,-28831,4073,2292,0,0,1,0,1,0
2236,1164062,-1561,-123,20959,19275,-25947,-2041,2592,0,0,1,0,1,0
2237,1164583,-1327,-486,21594,19781,-22066,-8077,2791,0,0,1,0,1,0
2238,1165104,-1043,-830,21400,19527,-17337,-13802,2883,0,0,1,0,1,0
2239,1165625,-718,-1143,20384,18523,-11942,-18997,2865,0,0,1,0,1,0
2240,1166145,-366,-1411,18584,16806,-6088,-23462,2736,0,0,1,0,1,0
2241,1166666,0,-1626,16070,14444,0,-27026,2502,0,0,1,0,1,0
2242,1167187,366,-1777,12938,11527,6088,-29551,2172,0,0,1,0,1,0
2243,1167708,718,-1861,9309,8167,11942,-30940,1759,0,0,1,0,1,0
2244,1168229,1043,-1873,5323,4493,17337,-31140,1278,0,0,1,0,1,0
2245,1168750,1327,-1813,1132,646,22066,-30143,748,0,0,1,0,1,0
2246,1169270,1561,-1683,-3103,-3226,25947,-27988,189,0,0,1,0,1,0
2247,1169791,1734,-1489,-7218,-6973,28831,-24758,-377,0,0,1,0,1,0
2248,1170312,1841,-1238,-11056,-10453,30607,-20576,-929,0,0,1,0,1,0
2249,1170833,1877,-939,-14469,-13531,31207,-15603,-1445,0,0,1,0,1,0
2250,1171354,1841,-603,-17326,-16089,30607,-10031,-1905,0,0,1,0,1,0
2251,1171875,1734,-245,-19518,-18028,28831,-4073,-2292,0,0,1,0,1,0
2252,1172395,1561,123,-20959,-19275,25947,2041,-2592,0,0,1,0,1,0
2253,1172916,1327,486,-21594,-19781,22066,8077,-2791,0,0,1,0,1,0
2254,1173437,1043,830,-21400,-19527,17337,13802,-2883,0,0,1,0,1,0
2255,1173958,718,1143,-20384,-18523,11942,18997,-2865,0,0,1,0,1,0
2256,1174479,366,1411,-18584,-16806,6088,23462,-2736,0,0,1,0,1,0
2257,1175000,0,1626,-16070,-14444,0,27026,-2502,0,0,1,0,1,0
2258,1175520,-366,1777,-12938,-11527,-6088,29551,-2172,0,0,1,0,1,0
2259,1176041,-718,1861,-9309,-8167,-11942,30940,-1759,0,0,1,0,1,0
2260,1176562,-1043,1873,-5323,-4493,-17337,31140,-1278,0,0,1,0,1,0
2261,1177083,-1327,1813,-1132,-646,-22066,30143,-748,0,0,1,0,1,0
2262,1177604,-1561,1683,3103,3226,-25947,27988,-189,0,0,1,0,1,0
2263,1178125,-1734,1489,7218,6973,-28831,24758,377,0,0,1,0,1,0
2264,1178645,-1841,1238,11056,10453,-30607,20576,929,0,0,1,0,1,0
2265,1179166,-1877,939,14469,13531,-31207,15603,1445,0,0,1,0,1,0
2266,1179687,-1841,603,17326,16089,-30607,10031,1905,0,0,1,0,1,0
2267,1180208,-1734,245,19518,18028,-28831,4073,2292,0,0,1,0,1,0
2268,1180729,-1561,-123,20959,19275,-25947,-2041,2592,0,0,1,0,1,0
2269,1181250,-1327,-486,21594,19781,-22066,-8077,2791,0,0,1,0,1,0
2270,1181770,-1043,-830,21400,19527,-17337,-13802,2883,0,0,1,0,1,0
2271,1182291,-718,-1143,20384,18523,-11942,-18997,2865,0,0,1,0,1,0
2272,1182812,-366,-1411,18584,16806,-6088,-23462,2736,0,0,1,0,1,0
2273,1183333,0,-1626,16070,14444,0,-27026,2502,0,0,1,0,1,0
2274,1183854,366,-1777,12938,11527,6088,-29551,2172,0,0,1,0,1,0
2275,1184375,718,-1861,9309,8167,11942,-30940,1759,0,0,1,0,1,0
2276,1184895,1043,-1873,5323,4493,17337,-31140,1278,0,0,1,0,1,0
2277,1185416,1327,-1813,1132,646,22066,-30143,748,0,0,1,0,1,0
2278,1185937,1561,-1683,-3103,-3226,25947,-27988,189,0,0,1,0,1,0
2279,1186458,1734,-1489,-7218,-6973,28831,-24758,-377,0,0,1,0,1,0
2280,1186979,1841,-1238,-11056,-10453,30607,-20576,-929,0,0,1,0,1,0
2281,1187500,1877,-939,-14469,-13531,31207,-15603,-1445,0,0,1,0,1,0
2282,1188020,1841,-603,-17326,-16089,30607,-10031,-1905,0,0,1,0,1,0
2283,1188541,1734,-245,-19518,-18028,28831,-4073,-2292,0,0,1,0,1,0
2284,1189062,1561,123,-20959,-19275,25947,2041,-2592,0,0,1,0,1,0
2285,1189583,1327,486,-21594,-19781,22066,8077,-2791,0,0,1,0,1,0
2286,1190104,1043,830,-21400,-19527,17337,13802,-2883,0,0,1,0,1,0
2287,1190625,718,1143,-20384,-18523,11942,18997,-2865,0,0,1,0,1,0
2288,1191145,366,1411,-18584,-16806,6088,23462,-2736,0,0,1,0,1,0
2289,1191666,0,1626,-16070,-14444,0,27026,-2502,0,0,1,0,1,0
2290,1192187,-366,1777,-12938,-11527,-6088,29551,-2172,0,0,1,0,1,0
2291,1192708,-718,1861,-9309,-8167,-11942,30940,-1759,0,0,1,0,1,0
2292,1193229,-1043,1873,-5323,-4493,-17337,31140,-1278,0,0,1,0,1,0
2293,1193750,-1327,1813,-1132,-646,-22066,30143,-748,0,0,1,0,1,0
2294,1194270,-1561,1683,3103,3226,-25947,27988,-189,0,0,1,0,1,0
2295,1194791,-1734,1489,7218,6973,-28831,24758,377,0,0,1,0,1,0
2296,1195312,-1841,1238,11056,10453,-30607,20576,929,0,0,1,0,1,0
2297,1195833,-1877,939,14469,13531,-31207,15603,1445,0,0,1,0,1,0
2298,1196354,-1841,603,17326,16089,-30607,10031,1905,0,0,1,0,1,0
2299,1196875,-1734,245,19518,18028,-28831,4073,2292,0,0,1,0,1,0
2300,1197395,-1561,-123,20959,19275,-25947,-2041,2592,0,0,1,0,1,0
2301,1197916,-1327,-486,21594,19781,-22066,-8077,2791,0,0,1,0,1,0
2302,1198437,-1043,-830,21400,19527,-17337,-13802,2883,0,0,1,0,1,0
2303,1198958,-718,-1143,20384,18523,-11942,-18997,2865,0,0,1,0,1,0
2304,1199479,-366,-1411,18584,16806,-6088,-23462,2736,0,0,1,0,1,0
2305,1200000,0,-1626,16070,14444,0,-27026,2502,0,0,1,0,1,0
2306,1200520,366,-1777,12938,11527,6088,-29551,2172,0,0,1,0,1,0
2307,1201041,718,-1861,9309,8167,11942,-30940,1759,0,0,1,0,1,0
2308,1201562,1043,-1873,5323,4493,17337,-31140,1278,0,0,1,0,1,0
2309,1202083,1327,-1813,1132,646,22066,-30143,748,0,0,1,0,1,0
2310,1202604,1561,-1683,-3103,-3226,25947,-27988,189,0,0,1,0,1,0
2311,1203125,1734,-1489,-7218,-6973,28831,-24758,-377,0,0,1,0,1,0
2312,1203645,1841,-1238,-11056,-10453,30607,-20576,-929,0,0,1,0,1,0
2313,1204166,1877,-939,-14469,-13531,31207,-15603,-1445,0,0,1,0,1,0
2314,1204687,1841,-603,-17326,-16089,30607,-10031,-1905,0,0,1,0,1,0
2315,1205208,1734,-245,-19518,-18028,28831,-4073,-2292,0,0,1,0,1,0
2316,1205729,1561,123,-20959,-19275,25947,2041,-2592,0,0,1,0,1,0
2317,1206250,1327,486,-21594,-19781,22066,8077,-2791,0,0,1,0,1,0
2318,1206770,1043,830,-21400,-19527,17337,13802,-2883,0,0,1,0,1,0
2319,1207291,718,1143,-20384,-18523,11942,18997,-2865,0,0,1,0,1,0
2320,1207812,366,1411,-18584,-16806,6088,23462,-2736,0,0,1,0,1,0
2321,1208333,0,1626,-16070,-14444,0,27026,-2502,0,0,1,0,1,0
2322,1208854,-366,1777,-12938,-11527,-6088,29551,-2172,0,0,1,0,1,0
2323,1209375,-718,1861,-9309,-8167,-11942,30940,-1759,0,0,1,0,1,0
2324,1209895,-1043,1873,-5323,-4493,-17337,31140,-1278,0,0,1,0,1,0
2325,1210416,-1327,1813,-1132,-646,-22066,30143,-748,0,0,1,0,1,0
2326,1210937,-1561,1683,3103,3226,-25947,27988,-189,0,0,1,0,1,0
2327,1211458,-1734,1489,7218,6973,-28831,24758,377,0,0,1,0,1,0
2328,1211979,-1841,1238,11056,10453,-30607,20576,929,0,0,1,0,1,0
2329,1212500,-1877,939,14469,13531,-31207,15603,1445,0,0,1,0,1,0
2330,1213020,-1841,603,17326,16089,-30607,10031,1905,0,0,1,0,1,0
2331,1213541,-1734,245,19518,18028,-28831,4073,2292,0,0,1,0,1,0
2332,1214062,-1561,-123,20959,19275,-25947,-2041,2592,0,0,1,0,1,0
2333,1214583,-1327,-486,21594,19781,-22066,-8077,2791,0,0,1,0,1,0
2334,1215104,-1043,-830,21400,19527,-17337,-13802,2883,0,0,1,0,1,0
2335,1215625,-718,-1143,20384,18523,-11942,-18997,2865,0,0,1,0,1,0
2336,1216145,-366,-1411,18584,16806,-6088,-23462,2736,0,0,1,0,1,0
2337,1216666,0,-1626,16070,14444,0,-27026,2502,0,0,1,0,1,0
2338,1217187,366,-1777,12938,11527,6088,-29551,2172,0,0,1,0,1,0
2339,1217708,718,-1861,9309,8167,11942,-30940,1759,0,0,1,0,1,0
2340,1218229,1043,-1873,5323,4493,17337,-31140,1278,0,0,1,0,1,0
2341,1218750,1327,-1813,1132,646,22066,-30143,748,0,0,1,0,1,0
2342,1219270,1561,-1683,-3103,-3226,25947,-27988,189,0,0,1,0,1,0
2343,1219791,1734,-1489,-7218,-6973,28831,-24758,-377,0,0,1,0,1,0
2344,1220312,1841,-1238,-11056,-10453,30607,-20576,-929,0,0,1,0,1,0
2345,1220833,1877,-939,-14469,-13531,31207,-15603,-1445,0,0,1,0,1,0
2346,1221354,1841,-603,-17326,-16089,30607,-10031,-1905,0,0,1,0,1,0
2347,1221875,1734,-245,-19518,-18028,28831,-4073,-2292,0,0,1,0,1,0
2348,1222395,1561,123,-20959,-19275,25947,2041,-2592,0,0,1,0,1,0
2349,1222916,1327,486,-21594,-19781,22066,8077,-2791,0,0,1,0,1,0
2350,1223437,1043,830,-21400,-19527,17337,13802,-2883,0,0,1,0,1,0
2351,1223958,718,1143,-20384,-18523,11942,18997,-2865,0,0,1,0,1,0
2352,1224479,366,1411,-18584,-16806,6088,23462,-2736,0,0,1,0,1,0
2353,1225000,0,1626,-16070,-14444,0,27026,-2502,0,0,1,0,1,0
2354,1225520,-366,1777,-12938,-11527,-6088,29551,-2172,0,0,1,0,1,0
2355,1226041,-718,1861,-9309,-8167,-11942,30940,-1759,0,0,1,0,1,0
2356,1226562,-1043,1873,-5323,-4493,-17337,31140,-1278,0,0,1,0,1,0
2357,1227083,-1327,1813,-1132,-646,-22066,30143,-748,0,0,1,0,1,0
2358,1227604,-1561,1683,3103,3226,-25947,27988,-189,0,0,1,0,1,0
2359,1228125,-1734,1489,7218,6973,-28831,24758,377,0,0,1,0,1,0
2360,1228645,-1841,1238,11056,10453,-30607,20576,929,0,0,1,0,1,0
2361,1229166,-1877,939,14469,13531,-31207,15603,1445,0,0,1,0,1,0
2362,1229687,-1841,603,17326,16089,-30607,10031,1905,0,0,1,0,1,0
2363,1230208,-1734,245,19518,18028,-28831,4073,2292,0,0,1,0,1,0
2364,1230729,-1561,-123,20959,19275,-25947,-2041,2592,0,0,1,0,1,0
2365,1231250,-1327,-486,21594,19781,-22066,-8077,2791,0,0,1,0,1,0
2366,1231770,-1043,-830,21400,19527,-17337,-13802,2883,0,0,1,0,1,0
2367,1232291,-718,-1143,20384,18523,-11942,-18997,2865,0,0,1,0,1,0
2368,1232812,-366,-1411,18584,16806,-6088,-23462,2736,0,0,1,0,1,0
2369,1233333,0,-1626,16070,14444,0,-27026,2502,0,0,1,0,1,0
2370,1233854,366,-1777,12938,11527,6088,-29551,2172,0,0,1,0,1,0
2371,1234375,718,-1861,9309,8167,11942,-30940,1759,0,0,1,0,1,0
2372,1234895,1043,-1873,5323,4493,17337,-31140,1278,0,0,1,0,1,0
2373,1235416,1327,-1813,1132,646,22066,-30143,748,0,0,1,0,1,0
2374,1235937,1561,-1683,-3103,-3226,25947,-27988,189,0,0,1,0,1,0
2375,1236458,1734,-1489,-7218,-6973,28831,-24758,-377,0,0,1,0,1,0
2376,1236979,1841,-1238,-11056,-10453,30607,-20576,-929,0,0,1,0,1,0
2377,1237500,1877,-939,-14469,-13531,31207,-15603,-1445,0,0,1,0,1,0
2378,1238020,1841,-603,-17326,-16089,30607,-10031,-1905,0,0,1,0,1,0
2379,1238541,1734,-245,-19518,-18028,28831,-4073,-2292,0,0,1,0,1,0
2380,1239062,1561,123,-20959,-19275,25947,2041,-2592,0,0,1,0,1,0
2381,1239583,1327,486,-21594,-19781,22066,8077,-2791,0,0,1,0,1,0
2382,1240104,1043,830,-21400,-19527,17337,13802,-2883,0,0,1,0,1,0
2383,1240625,718,1143,-20384,-18523,11942,18997,-2865,0,0,1,0,1,0
2384,1241145,366,1411,-18584,-16806,6088,23462,-2736,0,0,1,0,1,0
2385,1241666,0,1626,-16070,-14444,0,27026,-2502,0,0,1,0,1,0
2386,1242187,-366,1777,-12938,-11527,-6088,29551,-2172,0,0,1,0,1,0
2387,1242708,-718,1861,-9309,-8167,-11942,30940,-1759,0,0,1,0,1,0
2388,1243229,-1043,1873,-5323,-4493,-17337,31140,-1278,0,0,1,0,1,0
2389,1243750,-1327,1813,-1132,-646,-22066,30143,-748,0,0,1,0,1,0
2390,1244270,-1561,1683,3103,3226,-25947,27988,-189,0,0,1,0,1,0
2391,1244791,-1734,1489,7218,6973,-28831,24758,377,0,0,1,0,1,0
2392,1245312,-1841,1238,11056,10453,-30607,20576,929,0,0,1,0,1,0
2393,1245833,-1877,939,14469,13531,-31207,15603,1445,0,0,1,0,1,0
2394,1246354,-1841,603,17326,16089,-30607,10031,1905,0,0,1,0,1,0
2395,1246875,-1734,245,19518,18028,-28831,4073,2292,0,0,1,0,1,0
2396,1247395,-1561,-123,20959,19275,-25947,-2041,2592,0,0,1,0,1,0
2397,1247916,-1327,-486,21594,19781,-22066,-8077,2791,0,0,1,0,1,0
2398,1248437,-1043,-830,21400,19527,-17337,-13802,2883,0,0,1,0,1,0
2399,1248958,-718,-1143,20384,18523,-11942,-18997,2865,0,0,1,0,1,0
2400,1249479,-366,-1411,18584,16806,-6088,-23462,2736,0,0,1,0,1,0
2401,1250000,0,-1626,16070,14444,0,-27026,2502,0,0,1,0,1,0
2402,1250520,366,-1777,12938,11527,6088,-29551,2172,0,0,1,0,1,0
2403,1251041,718,-1861,9309,8167,11942,-30940,1759,0,0,1,0,1,0
2404,1251562,1043,-1873,5323,4493,17337,-31140,1278,0,0,1,0,1,0
2405,1252083,1327,-1813,1132,646,22066,-30143,748,0,0,1,0,1,0
2406,1252604,1561,-1683,-3103,-3226,25947,-27988,189,0,0,1,0,1,0
2407,1253125,1734,-1489,-7218,-6973,28831,-24758,-377,0,0,1,0,1,0
2408,1253645,1841,-1238,-11056,-10453,30607,-20576,-929,0,0,1,0,1,0
2409,1254166,1877,-939,-14469,-13531,31207,-15603,-1445,0,0,1,0,1,0
2410,1254687,1841,-603,-17326,-16089,30607,-10031,-1905,0,0,1,0,1,0
2411,1255208,1734,-245,-19518,-18028,28831,-4073,-2292,0,0,1,0,1,0
2412,1255729,1561,123,-20959,-19275,25947,2041,-2592,0,0,1,0,1,0
2413,1256250,1327,486,-21594,-19781,22066,8077,-2791,0,0,1,0,1,0
2414,1256770,1043,830,-21400,-19527,17337,13802,-2883,0,0,1,0,1,0
2415,1257291,718,1143,-20384,-18523,11942,18997,-2865,0,0,1,0,1,0
2416,1257812,366,1411,-18584,-16806,6088,23462,-2736,0,0,1,0,1,0
2417,1258333,0,1626,-16070,-14444,0,27026,-2502,0,0,1,0,1,0
2418,1258854,-366,1777,-12938,-11527,-6088,29551,-2172,0,0,1,0,1,0
2419,1259375,-718,1861,-9309,-8167,-11942,30940,-1759,0,0,1,0,1,0
2420,1259895,-1043,1873,-5323,-4493,-17337,31140,-1278,0,0,1,0,1,0
2421,1260416,-1327,1813,-1132,-646,-22066,30143,-748,0,0,1,0,1,0
2422,1260937,-1561,1683,3103,3226,-25947,27988,-189,0,0,1,0,1,0
2423,1261458,-1734,1489,7218,6973,-28831,24758,377,0,0,1,0,1,0
2424,1261979,-1841,1238,11056,10453,-30607,20576,929,0,0,1,0,1,0
2425,1262500,-1877,939,14469,13531,-31207,15603,1445,0,0,1,0,1,0
2426,1263020,-1841,603,17326,16089,-30607,10031,1905,0,0,1,0,1,0
2427,1263541,-1734,245,19518,18028,-28831,4073,2292,0,0,1,0,1,0
2428,1264062,-1561,-123,20959,19275,-25947,-2041,2592,0,0,1,0,1,0
2429,1264583,-1327,-486,21594,19781,-22066,-8077,2791,0,0,1,0,1,0
2430,1265104,-1043,-830,21400,19527,-17337,-13802,2883,0,0,1,0,1,0
2431,1265625,-718,-1143,20384,18523,-11942,-18997,2865,0,0,1,0,1,0
2432,1266145,-366,-1411,18584,16806,-6088,-23462,2736,0,0,1,0,1,0
2433,1266666,0,-1626,16070,14444,0,-27026,2502,0,0,1,0,1,0
2434,1267187,366,-1777,12938,11527,6088,-29551,2172,0,0,1,0,1,0
2435,1267708,718,-1861,9309,8167,11942,-30940,1759,0,0,1,0,1,0
2436,1268229,1043,-1873,5323,4493,17337,-31140,1278,0,0,1,0,1,0
2437,1268750,1327,-1813,1132,646,22066,-30143,748,0,0,1,0,1,0
2438,1269270,1561,-1683,-3103,-3226,25947,-27988,189,0,0,1,0,1,0
2439,1269791,1734,-1489,-7218,-6973,28831,-24758,-377,0,0,1,0,1,0
2440,1270312,1841,-1238,-11056,-10453,30607,-20576,-929,0,0,1,0,1,0
2441,1270833,1877,-939,-14469,-13531,31207,-15603,-1445,0,0,1,0,1,0
2442,1271354,1841,-603,-17326,-16089,30607,-10031,-1905,0,0,1,0,1,0
2443,1271875,1734,-245,-19518,-18028,28831,-4073,-2292,0,0,1,0,1,0
2444,1272395,1561,123,-20959,-19275,25947,2041,-2592,0,0,1,0,1,0
2445,1272916,1327,486,-21594,-19781,22066,8077,-2791,0,0,1,0,1,0
2446,1273437,1043,830,-21400,-19527,17337,13802,-2883,0,0,1,0,1,0
2447,1273958,718,1143,-20384,-18523,11942,18997,-2865,0,0,1,0,1,0
2448,1274479,366,1411,-18584,-16806,6088,23462,-2736,0,0,1,0,1,0
2449,1275000,0,1626,-16070,-14444,0,27026,-2502,0,0,1,0,1,0
2450,1275520,-366,1777,-12938,-11527,-6088,29551,-2172,0,0,1,0,1,0
2451,1276041,-718,1861,-9309,-8167,-11942,30940,-1759,0,0,1,0,1,0
2452,1276562,-1043,1873,-5323,-4493,-17337,31140,-1278,0,0,1,0,1,0
2453,1277083,-1327,1813,-1132,-646,-22066,30143,-748,0,0,1,0,1,0
2454,1277604,-1561,1683,3103,3226,-25947,27988,-189,0,0,1,0,1,0
2455,1278125,-1734,1489,7218,6973,-28831,24758,377,0,0,1,0,1,0
2456,1278645,-1841,1238,11056,10453,-30607,20576,929,0,0,1,0,1,0
2457,1279166,-1877,939,14469,13531,-31207,15603,1445,0,0,1,0,1,0
2458,1279687,-1841,603,17326,16089,-30607,10031,1905,0,0,1,0,1,0
2459,1280208,-1734,245,19518,18028,-28831,4073,2292,0,0,1,0,1,0
2460,1280729,-1561,-123,20959,19275,-25947,-2041,2592,0,0,1,0,1,0
2461,1281250,-1327,-486,21594,19781,-22066,-8077,2791,0,0,1,0,1,0
2462,1281770,-1043,-830,21400,19527,-17337,-13802,2883,0,0,1,0,1,0
2463,1282291,-718,-1143,20384,18523,-11942,-18997,2865,0,0,1,0,1,0
2464,1282812,-366,-1411,18584,16806,-6088,-23462,2736,0,0,1,0,1,0
2465,1283333,0,-1626,16070,14444,0,-27026,2502,0,0,1,0,1,0
2466,1283854,366,-1777,12938,11527,6088,-29551,2172,0,0,1,0,1,0
2467,1284375,718,-1861,9309,8167,11942,-30940,1759,0,0,1,0,1,0
2468,1284895,1043,-1873,5323,4493,17337,-31140,1278,0,0,1,0,1,0
2469,1285416,1327,-1813,1132,646,22066,-30143,748,0,0,1,0,1,0
2470,1285937,1561,-1683,-3103,-3226,25947,-27988,189,0,0,1,0,1,0
2471,1286458,1734,-1489,-7218,-6973,28831,-24758,-377,0,0,1,0,1,0
2472,1286979,1841,-1238,-11056,-10453,30607,-20576,-929,0,0,1,0,1,0
2473,1287500,1877,-939,-14469,-13531,31207,-15603,-1445,0,0,1,0,1,0
2474,1288020,1841,-603,-17326,-16089,30607,-10031,-1905,0,0,1,0,1,0
2475,1288541,1734,-245,-19518,-18028,28831,-4073,-2292,0,0,1,0,1,0
2476,1289062,1561,123,-20959,-19275,25947,2041,-2592,0,0,1,0,1,0
2477,1289583,1327,486,-21594,-19781,22066,8077,-2791,0,0,1,0,1,0
2478,1290104,1043,830,-21400,-19527,17337,13802,-2883,0,0,1,0,1,0
2479,1290625,718,1143,-20384,-18523,11942,18997,-2865,0,0,1,0,1,0
2480,1291145,366,1411,-18584,-16806,6088,23462,-2736,0,0,1,0,1,0
2481,1291666,0,1626,-16070,-14444,0,27026,-2502,0,0,1,0,1,0
2482,1292187,-366,1777,-12938,-11527,-6088,29551,-2172,0,0,1,0,1,0
2483,1292708,-718,1861,-9309,-8167,-11942,30940,-1759,0,0,1,0,1,0
2484,1293229,-1043,1873,-5323,-4493,-17337,31140,-1278,0,0,1,0,1,0
2485,1293750,-1327,1813,-1132,-646,-22066,30143,-748,0,0,1,0,1,0
2486,1294270,-1561,1683,3103,3226,-25947,27988,-189,0,0,1,0,1,0
2487,1294791,-1734,1489,7218,6973,-28831,24758,377,0,0,1,0,1,0
2488,1295312,-1841,1238,11056,10453,-30607,20576,929,0,0,1,0,1,0
2489,1295833,-1877,939,14469,13531,-31207,15603,1445,0,0,1,0,1,0
2490,1296354,-1841,603,17326,16089,-30607,10031,1905,0,0,1,0,1,0
2491,1296875,-1734,245,19518,18028,-28831,4073,2292,0,0,1,0,1,0
2492,1297395,-1561,-123,20959,19275,-25947,-2041,2592,0,0,1,0,1,0
2493,1297916,-1327,-486,21594,19781,-22066,-8077,2791,0,0,1,0,1,0
2494,1298437,-1043,-830,21400,19527,-17337,-13802,2883,0,0,1,0,1,0
2495,1298958,-718,-1143,20384,18523,-11942,-18997,2865,0,0,1,0,1,0
2496,1299479,-366,-1411,18584,16806,-6088,-23462,2736,0,0,1,0,1,0
2497,1300000,0,-1626,16070,14444,0,-27026,2502,0,0,1,0,1,0
2498,1300520,366,-1777,12938,11527,6088,-29551,2172,0,0,1,0,1,0
2499,1301041,718,-1861,9309,8167,11942,-30940,1759,0,0,1,0,1,0
2500,1301562,1043,-1873,5323,4493,17337,-31140,1278,0,0,1,0,1,0
2501,1302083,1327,-1813,1132,646,22066,-30143,748,0,0,1,0,1,0
2502,1302604,1561,-1683,-3103,-3226,25947,-27988,189,0,0,1,0,1,0
2503,1303125,1734,-1489,-7218,-6973,28831,-24758,-377,0,0,1,0,1,0
2504,1303645,1841,-1238,-11056,-10453,30607,-20576,-929,0,0,1,0,1,0
2505,1304166,1877,-939,-14469,-13531,31207,-15603,-1445,0,0,1,0,1,0
2506,1304687,1841,-603,-17326,-16089,30607,-10031,-1905,0,0,1,0,1,0
2507,1305208,1734,-245,-19518,-18028,28831,-4073,-2292,0,0,1,0,1,0
2508,1305729,1561,123,-20959,-19275,25947,2041,-2592,0,0,1,0,1,0
2509,1306250,1327,486,-21594,-19781,22066,8077,-2791,0,0,1,0,1,0
2510,1306770,1043,830,-21400,-19527,17337,13802,-2883,0,0,1,0,1,0
2511,1307291,718,1143,-20384,-18523,11942,18997,-2865,0,0,1,0,1,0
2512,1307812,366,1411,-18584,-16806,6088,23462,-2736,0,0,1,0,1,0
2513,1308333,0,1626,-16070,-14444,0,27026,-2502,0,0,1,0,1,0
2514,1308854,-366,1777,-12938,-11527,-6088,29551,-2172,0,0,1,0,1,0
2515,1309375,-718,1861,-9309,-8167,-11942,30940,-1759,0,0,1,0,1,0
2516,1309895,-1043,1873,-5323,-4493,-17337,31140,-1278,0,0,1,0,1,0
2517,1310416,-1327,1813,-1132,-646,-22066,30143,-748,0,0,1,0,1,0
2518,1310937,-1561,1683,3103,3226,-25947,27988,-189,0,0,1,0,1,0
2519,1311458,-1734,1489,7218,6973,-28831,24758,377,0,0,1,0,1,0
2520,1311979,-1841,1238,11056,10453,-30607,20576,929,0,0,1,0,1,0
2521,1312500,-1877,939,14469,13531,-31207,15603,1445,0,0,1,0,1,0
2522,1313020,-1841,603,17326,16089,-30607,10031,1905,0,0,1,0,1,0
2523,1313541,-1734,245,19518,18028,-28831,4073,2292,0,0,1,0,1,0
2524,1314062,-1561,-123,20959,19275,-25947,-2041,2592,0,0,1,0,1,0
2525,1314583,-1327,-486,21594,19781,-22066,-8077,2791,0,0,1,0,1,0
2526,1315104,-1043,-830,21400,19527,-17337,-13802,2883,0,0,1,0,1,0
2527,1315625,-718,-1143,20384,18523,-11942,-18997,2865,0,0,1,0,1,0
2528,1316145,-366,-1411,18584,16806,-6088,-23462,2736,0,0,1,0,1,0
2529,1316666,0,-1626,16070,14444,0,-27026,2502,0,0,1,0,1,0
2530,1317187,366,-1777,12938,11527,6088,-29551,2172,0,0,1,0,1,0
2531,1317708,718,-1861,9309,8167,11942,-30940,1759,0,0,1,0,1,0
2532,1318229,1043,-1873,5323,4493,17337,-31140,1278,0,0,1,0,1,0
2533,1318750,1327,-1813,1132,646,22066,-30143,748,0,0,1,0,1,0
2534,1319270,1561,-1683,-3103,-3226,25947,-27988,189,0,0,1,0,1,0
2535,1319791,1734,-1489,-7218,-6973,28831,-24758,-377,0,0,1,0,1,0
2536,1320312,1841,-1238,-11056,-10453,30607,-20576,-929,0,0,1,0,1,0
2537,1320833,1877,-939,-14469,-13531,31207,-15603,-1445,0,0,1,0,1,0
2538,1321354,1841,-603,-17326,-16089,30607,-10031,-1905,0,0,1,0,1,0
2539,1321875,1734,-245,-19518,-18028,28831,-4073,-2292,0,0,1,0,1,0
2540,1322395,1561,123,-20959,-19275,25947,2041,-2592,0,0,1,0,1,0
2541,1322916,1327,486,-21594,-19781,22066,8077,-2791,0,0,1,0,1,0
2542,1323437,1043,830,-21400,-19527,17337,13802,-2883,0,0,1,0,1,0
2543,1323958,718,1143,-20384,-18523,11942,18997,-2865,0,0,1,0,1,0
2544,1324479,366,1411,-18584,-16806,6088,23462,-2736,0,0,1,0,1,0
2545,1325000,0,1626,-16070,-14444,0,27026,-2502,0,0,1,0,1,0
2546,1325520,-366,1777,-12938,-11527,-6088,29551,-2172,0,0,1,0,1,0
2547,1326041,-718,1861,-9309,-8167,-11942,30940,-1759,0,0,1,0,1,0
2548,1326562,-1043,1873,-5323,-4493,-17337,31140,-1278,0,0,1,0,1,0
2549,1327083,-1327,1813,-1132,-646,-22066,30143,-748,0,0,1,0,1,0
2550,1327604,-1561,1683,3103,3226,-25947,27988,-189,0,0,1,0,1,0
2551,1328125,-1734,1489,7218,6973,-28831,24758,377,0,0,1,0,1,0
2552,1328645,-1841,1238,11056,10453,-30607,20576,929,0,0,1,0,1,0
2553,1329166,-1877,939,14469,13531,-31207,15603,1445,0,0,1,0,1,0
2554,1329687,-1841,603,17326,16089,-30607,10031,1905,0,0,1,0,1,0
2555,1330208,-1734,245,19518,18028,-28831,4073,2292,0,0,1,0,1,0
2556,1330729,-1561,-123,20959,19275,-25947,-2041,2592,0,0,1,0,1,0
2557,1331250,-1327,-486,21594,19781,-22066,-8077,2791,0,0,1,0,1,0
2558,1331770,-1043,-830,21400,19527,-17337,-13802,2883,0,0,1,0,1,0
2559,1332291,-718,-1143,20384,18523,-11942,-18997,2865,0,0,1,0,1,0
2560,1332812,-366,-1411,18584,16806,-6088,-23462,2736,0,0,1,0,1,0
2561,1333333,0,-1626,16070,14444,0,-27026,2502,0,0,1,0,1,0
2562,1333854,366,-1777,12938,11527,6088,-29551,2172,0,0,1,0,1,0
2563,1334375,718,-1861,9309,8167,11942,-30940,1759,0,0,1,0,1,0
2564,1334895,1043,-1873,5323,4493,17337,-31140,1278,0,0,1,0,1,0
2565,1335416,1327,-1813,1132,646,22066,-30143,748,0,0,1,0,1,0
2566,1335937,1561,-1683,-3103,-3226,25947,-27988,189,0,0,1,0,1,0
2567,1336458,1734,-1489,-7218,-6973,28831,-24758,-377,0,0,1,0,1,0
2568,1336979,1841,-1238,-11056,-10453,30607,-20576,-929,0,0,1,0,1,0
2569,1337500,1877,-939,-14469,-13531,31207,-15603,-1445,0,0,1,0,1,0
2570,1338020,1841,-603,-17326,-16089,30607,-10031,-1905,0,0,1,0,1,0
2571,1338541,1734,-245,-19518,-18028,28831,-4073,-2292,0,0,1,0,1,0
2572,1339062,1561,123,-20959,-19275,25947,2041,-2592,0,0,1,0,1,0
2573,1339583,1327,486,-21594,-19781,22066,8077,-2791,0,0,1,0,1,0
2574,1340104,1043,830,-21400,-19527,17337,13802,-2883,0,0,1,0,1,0
2575,1340625,718,1143,-20384,-18523,11942,18997,-2865,0,0,1,0,1,0
2576,1341145,366,1411,-18584,-16806,6088,23462,-2736,0,0,1,0,1,0
2577,1341666,0,1626,-16070,-14444,0,27026,-2502,0,0,1,0,1,0
2578,1342187,-366,1777,-12938,-11527,-6088,29551,-2172,0,0,1,0,1,0
2579,1342708,-718,1861,-9309,-8167,-11942,30940,-1759,0,0,1,0,1,0
2580,1343229,-1043,1873,-5323,-4493,-17337,31140,-1278,0,0,1,0,1,0
2581,1343750,-1327,1813,-1132,-646,-22066,30143,-748,0,0,1,0,1,0
2582,1344270,-1561,1683,3103,3226,-25947,27988,-189,0,0,1,0,1,0
2583,1344791,-1734,1489,7218,6973,-28831,24758,377,0,0,1,0,1,0
2584,1345312,-1841,1238,11056,10453,-30607,20576,929,0,0,1,0,1,0
2585,1345833,-1877,939,14469,13531,-31207,15603,1445,0,0,1,0,1,0
2586,1346354,-1841,603,17326,16089,-30607,10031,1905,0,0,1,0,1,0
2587,1346875,-1734,245,19518,18028,-28831,4073,2292,0,0,1,0,1,0
2588,1347395,-1561,-123,20959,19275,-25947,-2041,2592,0,0,1,0,1,0
2589,1347916,-1327,-486,21594,19781,-22066,-8077,2791,0,0,1,0,1,0
2590,1348437,-1043,-830,21400,19527,-17337,-13802,2883,0,0,1,0,1,0
2591,1348958,-718,-1143,20384,18523,-11942,-18997,2865,0,0,1,0,1,0
2592,1349479,-366,-1411,18584,16806,-6088,-23462,2736,0,0,1,0,1,0
2593,1350000,0,-1626,16070,14444,0,-27026,2502,0,0,1,0,1,0
2594,1350520,366,-1777,12938,11527,6088,-29551,2172,0,0,1,0,1,0
2595,1351041,718,-1861,9309,8167,11942,-30940,1759,0,0,1,0,1,0
2596,1351562,1043,-1873,5323,4493,17337,-31140,1278,0,0,1,0,1,0
2597,1352083,1327,-1813,1132,646,22066,-30143,748,0,0,1,0,1,0
2598,1352604,1561,-1683,-3103,-3226,25947,-27988,189,0,0,1,0,1,0
2599,1353125,1734,-1489,-7218,-6973,28831,-24758,-377,0,0,1,0,1,0
2600,1353645,1841,-1238,-11056,-10453,30607,-20576,-929,0,0,1,0,1,0
2601,1354166,1877,-939,-14469,-13531,31207,-15603,-1445,0,0,1,0,1,0
2602,1354687,1841,-603,-17326,-16089,30607,-10031,-1905,0,0,1,0,1,0
2603,1355208,1734,-245,-19518,-18028,28831,-4073,-2292,0,0,1,0,1,0
2604,1355729,1561,123,-20959,-19275,25947,2041,-2592,0,0,1,0,1,0
2605,1356250,1327,486,-21594,-19781,22066,8077,-2791,0,0,1,0,1,0
2606,1356770,1043,830,-21400,-19527,17337,13802,-2883,0,0,1,0,1,0
2607,1357291,718,1143,-20384,-18523,11942,18997,-2865,0,0,1,0,1,0
2608,1357812,366,1411,-18584,-16806,6088,23462,-2736,0,0,1,0,1,0
2609,1358333,0,1626,-16070,-14444,0,27026,-2502,0,0,1,0,1,0
2610,1358854,-366,1777,-12938,-11527,-6088,29551,-2172,0,0,1,0,1,0
2611,1359375,-718,1861,-9309,-8167,-11942,30940,-1759,0,0,1,0,1,0
2612,1359895,-1043,1873,-5323,-4493,-17337,31140,-1278,0,0,1,0,1,0
2613,1360416,-1327,1813,-1132,-646,-22066,30143,-748,0,0,1,0,1,0
2614,1360937,-1561,1683,3103,3226,-25947,27988,-189,0,0,1,0,1,0
2615,1361458,-1734,1489,7218,6973,-28831,24758,377,0,0,1,0,1,0
2616,1361979,-1841,1238,11056,10453,-30607,20576,929,0,0,1,0,1,0
2617,1362500,-1877,939,14469,13531,-31207,15603,1445,0,0,1,0,1,0
2618,1363020,-1841,603,17326,16089,-30607,10031,1905,0,0,1,0,1,0
2619,1363541,-1734,245,19518,18028,-28831,4073,2292,0,0,1,0,1,0
2620,1364062,-1561,-123,20959,19275,-25947,-2041,2592,0,0,1,0,1,0
2621,1364583,-1327,-486,21594,19781,-22066,-8077,2791,0,0,1,0,1,0
2622,1365104,-1043,-830,21400,19527,-17337,-13802,2883,0,0,1,0,1,0
2623,1365625,-718,-1143,20384,18523,-11942,-18997,2865,0,0,1,0,1,0
2624,1366145,-366,-1411,18584,16806,-6088,-23462,2736,0,0,1,0,1,0
2625,1366666,0,-1626,16070,14444,0,-27026,2502,0,0,1,0,1,0
2626,1367187,366,-1777,12938,11527,6088,-29551,2172,0,0,1,0,1,0
2627,1367708,718,-1861,9309,8167,11942,-30940,1759,0,0,1,0,1,0
2628,1368229,1043,-1873,5323,4493,17337,-31140,1278,0,0,1,0,1,0
2629,1368750,1327,-1813,1132,646,22066,-30143,748,0,0,1,0,1,0
2630,1369270,1561,-1683,-3103,-3226,25947,-27988,189,0,0,1,0,1,0
2631,1369791,1734,-1489,-7218,-6973,28831,-24758,-377,0,0,1,0,1,0
2632,1370312,1841,-1238,-11056,-10453,30607,-20576,-929,0,0,1,0,1,0
2633,1370833,1877,-939,-14469,-13531,31207,-15603,-1445,0,0,1,0,1,0
2634,1371354,1841,-603,-17326,-16089,30607,-10031,-1905,0,0,1,0,1,0
2635,1371875,1734,-245,-19518,-18028,28831,-4073,-2292,0,0,1,0,1,0
2636,1372395,1561,123,-20959,-19275,25947,2041,-2592,0,0,1,0,1,0
2637,1372916,1327,486,-21594,-19781,22066,8077,-2791,0,0,1,0,1,0
2638,1373437,1043,830,-21400,-19527,17337,13802,-2883,0,0,1,0,1,0
2639,1373958,718,1143,-20384,-18523,11942,18997,-2865,0,0,1,0,1,0
2640,1374479,366,1411,-18584,-16806,6088,23462,-2736,0,0,1,0,1,0
2641,1375000,0,1626,-16070,-14444,0,27026,-2502,0,0,1,0,1,0
2642,1375520,-366,1777,-12938,-11527,-6088,29551,-2172,0,0,1,0,1,0
2643,1376041,-718,1861,-9309,-8167,-11942,30940,-1759,0,0,1,0,1,0
2644,1376562,-1043,1873,-5323,-4493,-17337,31140,-1278,0,0,1,0,1,0
2645,1377083,-1327,1813,-1132,-646,-22066,30143,-748,0,0,1,0,1,0
2646,1377604,-1561,1683,3103,3226,-25947,27988,-189,0,0,1,0,1,0
2647,1378125,-1734,1489,7218,6973,-28831,24758,377,0,0,1,0,1,0
2648,1378645,-1841,1238,11056,10453,-30607,20576,929,0,0,1,0,1,0
2649,1379166,-1877,939,14469,13531,-31207,15603,1445,0,0,1,0,1,0
2650,1379687,-1841,603,17326,16089,-30607,10031,1905,0,0,1,0,1,0
2651,1380208,-1734,245,19518,18028,-28831,4073,2292,0,0,1,0,1,0
2652,1380729,-1561,-123,20959,19275,-25947,-2041,2592,0,0,1,0,1,0
2653,1381250,-1327,-486,21594,19781,-22066,-8077,2791,0,0,1,0,1,0
2654,1381770,-1043,-830,21400,19527,-17337,-13802,2883,0,0,1,0,1,0
2655,1382291,-718,-1143,20384,18523,-11942,-18997,2865,0,0,1,0,1,0
2656,1382812,-366,-1411,18584,16806,-6088,-23462,2736,0,0,1,0,1,0
2657,1383333,0,-1626,16070,14444,0,-27026,2502,0,0,1,0,1,0
2658,1383854,366,-1777,12938,11527,6088,-29551,2172,0,0,1,0,1,0
2659,1384375,718,-1861,9309,8167,11942,-30940,1759,0,0,1,0,1,0
2660,1384895,1043,-1873,5323,4493,17337,-31140,1278,0,0,1,0,1,0
2661,1385416,1327,-1813,1132,646,22066,-30143,748,0,0,1,0,1,0
2662,1385937,1561,-1683,-3103,-3226,25947,-27988,189,0,0,1,0,1,0
2663,1386458,1734,-1489,-7218,-6973,28831,-24758,-377,0,0,1,0,1,0
2664,1386979,1841,-1238,-11056,-10453,30607,-20576,-929,0,0,1,0,1,0
2665,1387500,1877,-939,-14469,-13531,31207,-15603,-1445,0,0,1,0,1,0
2666,1388020,1841,-603,-17326,-16089,30607,-10031,-1905,0,0,1,0,1,0
2667,1388541,1734,-245,-19518,-18028,28831,-4073,-2292,0,0,1,0,1,0
2668,1389062,1561,123,-20959,-19275,25947,2041,-2592,0,0,1,0,1,0
2669,1389583,1327,486,-21594,-19781,22066,8077,-2791,0,0,1,0,1,0
2670,1390104,1043,830,-21400,-19527,17337,13802,-2883,0,0,1,0,1,0
2671,1390625,718,1143,-20384,-18523,11942,18997,-2865,0,0,1,0,1,0
2672,1391145,366,1411,-18584,-16806,6088,23462,-2736,0,0,1,0,1,0
2673,1391666,0,1626,-16070,-14444,0,27026,-2502,0,0,1,0,1,0
2674,1392187,-366,1777,-12938,-11527,-6088,29551,-2172,0,0,1,0,1,0
2675,1392708,-718,1861,-9309,-8167,-11942,30940,-1759,0,0,1,0,1,0
2676,1393229,-1043,1873,-5323,-4493,-17337,31140,-1278,0,0,1,0,1,0
2677,1393750,-1327,1813,-1132,-646,-22066,30143,-748,0,0,1,0,1,0
2678,1394270,-1561,1683,3103,3226,-25947,27988,-189,0,0,1,0,1,0
2679,1394791,-1734,1489,7218,6973,-28831,24758,377,0,0,1,0,1,0
2680,1395312,-1841,1238,11056,10453,-30607,20576,929,0,0,1,0,1,0
2681,1395833,-1877,939,14469,13531,-31207,15603,1445,0,0,1,0,1,0
2682,1396354,-1841,603,17326,16089,-30607,10031,1905,0,0,1,0,1,0
2683,1396875,-1734,245,19518,18028,-28831,4073,2292,0,0,1,0,1,0
2684,1397395,-1561,-123,20959,19275,-25947,-2041,2592,0,0,1,0,1,0
2685,1397916,-1327,-486,21594,19781,-22066,-8077,2791,0,0,1,0,1,0
2686,1398437,-1043,-830,21400,19527,-17337,-13802,2883,0,0,1,0,1,0
2687,1398958,-718,-1143,20384,18523,-11942,-18997,2865,0,0,1,0,1,0
2688,1399479,-366,-1411,18584,16806,-6088,-23462,2736,0,0,1,0,1,0
2689,1400000,0,-1626,16070,14444,0,-27026,2502,0,0,1,0,1,0
2690,1400520,366,-1777,12938,11527,6088,-29551,2172,0,0,1,0,1,0
2691,1401041,718,-1861,9309,8167,11942,-30940,1759,0,0,1,0,1,0
2692,1401562,1043,-1873,5323,4493,17337,-31140,1278,0,0,1,0,1,0
2693,1402083,1327,-1813,1132,646,22066,-30143,748,0,0,1,0,1,0
2694,1402604,1561,-1683,-3103,-3226,25947,-27988,189,0,0,1,0,1,0
2695,1403125,1734,-1489,-7218,-6973,28831,-24758,-377,0,0,1,0,1,0
2696,1403645,1841,-1238,-11056,-10453,30607,-20576,-929,0,0,1,0,1,0
2697,1404166,1877,-939,-14469,-13531,31207,-15603,-1445,0,0,1,0,1,0
2698,1404687,1841,-603,-17326,-16089,30607,-10031,-1905,0,0,1,0,1,0
2699,1405208,1734,-245,-19518,-18028,28831,-4073,-2292,0,0,1,0,1,0
2700,1405729,1561,123,-20959,-19275,25947,2041,-2592,0,0,1,0,1,0
2701,1406250,1327,486,-21594,-19781,22066,8077,-2791,0,0,1,0,1,0
2702,1406770,1043,830,-21400,-19527,17337,13802,-2883,0,0,1,0,1,0
2703,1407291,718,1143,-20384,-18523,11942,18997,-2865,0,0,1,0,1,0
2704,1407812,366,1411,-18584,-16806,6088,23462,-2736,0,0,1,0,1,0
2705,1408333,0,1626,-16070,-14444,0,27026,-2502,0,0,1,0,1,0
2706,1408854,-366,1777,-12938,-11527,-6088,29551,-2172,0,0,1,0,1,0
2707,1409375,-718,1861,-9309,-8167,-11942,30940,-1759,0,0,1,0,1,0
2708,1409895,-1043,1873,-5323,-4493,-17337,31140,-1278,0,0,1,0,1,0
2709,1410416,-1327,1813,-1132,-646,-22066,30143,-748,0,0,1,0,1,0
2710,1410937,-1561,1683,3103,3226,-25947,27988,-189,0,0,1,0,1,0
2711,1411458,-1734,1489,7218,6973,-28831,24758,377,0,0,1,0,1,0
2712,1411979,-1841,1238,11056,10453,-30607,20576,929,0,0,1,0,1,0
2713,1412500,-1877,939,14469,13531,-31207,15603,1445,0,0,1,0,1,0
2714,1413020,-1841,603,17326,16089,-30607,10031,1905,0,0,1,0,1,0
2715,1413541,-1734,245,19518,18028,-28831,4073,2292,0,0,1,0,1,0
2716,1414062,-1561,-123,20959,19275,-25947,-2041,2592,0,0,1,0,1,0
2717,1414583,-1327,-486,21594,19781,-22066,-8077,2791,0,0,1,0,1,0
2718,1415104,-1043,-830,21400,19527,-17337,-13802,2883,0,0,1,0,1,0
2719,1415625,-718,-1143,20384,18523,-11942,-18997,2865,0,0,1,0,1,0
2720,1416145,-366,-1411,18584,16806,-6088,-23462,2736,0,0,1,0,1,0
2721,1416666,0,-1626,16070,14444,0,-27026,2502,0,0,1,0,1,0
2722,1417187,366,-1777,12938,11527,6088,-29551,2172,0,0,1,0,1,0
2723,1417708,718,-1861,9309,8167,11942,-30940,1759,0,0,1,0,1,0
2724,1418229,1043,-1873,5323,4493,17337,-31140,1278,0,0,1,0,1,0
2725,1418750,1327,-1813,1132,646,22066,-30143,748,0,0,1,0,1,0
2726,1419270,1561,-1683,-3103,-3226,25947,-27988,189,0,0,1,0,1,0
2727,1419791,1734,-1489,-7218,-6973,28831,-24758,-377,0,0,1,0,1,0
2728,1420312,1841,-1238,-11056,-10453,30607,-20576,-929,0,0,1,0,1,0
2729,1420833,1877,-939,-14469,-13531,31207,-15603,-1445,0,0,1,0,1,0
2730,1421354,1841,-603,-17326,-16089,30607,-10031,-1905,0,0,1,0,1,0
2731,1421875,1734,-245,-19518,-18028,28831,-4073,-2292,0,0,1,0,1,0
2732,1422395,1561,123,-20959,-19275,25947,2041,-2592,0,0,1,0,1,0
2733,1422916,1327,486,-21594,-19781,22066,8077,-2791,0,0,1,0,1,0
2734,1423437,1043,830,-21400,-19527,17337,13802,-2883,0,0,1,0,1,0
2735,1423958,718,1143,-20384,-18523,11942,18997,-2865,0,0,1,0,1,0
2736,1424479,366,1411,-18584,-16806,6088,23462,-2736,0,0,1,0,1,0
2737,1425000,0,1626,-16070,-14444,0,27026,-2502,0,0,1,0,1,0
2738,1425520,-366,1777,-12938,-11527,-6088,29551,-2172,0,0,1,0,1,0
2739,1426041,-718,1861,-9309,-8167,-11942,30940,-1759,0,0,1,0,1,0
2740,1426562,-1043,1873,-5323,-4493,-17337,31140,-1278,0,0,1,0,1,0
2741,1427083,-1327,1813,-1132,-646,-22066,30143,-748,0,0,1,0,1,0
2742,1427604,-1561,1683,3103,3226,-25947,27988,-189,0,0,1,0,1,0
2743,1428125,-1734,1489,7218,6973,-28831,24758,377,0,0,1,0,1,0
2744,1428645,-1841,1238,11056,10453,-30607,20576,929,0,0,1,0,1,0
2745,1429166,-1877,939,14469,13531,-31207,15603,1445,0,0,1,0,1,0
2746,1429687,-1841,603,17326,16089,-30607,10031,1905,0,0,1,0,1,0
2747,1430208,-1734,245,19518,18028,-28831,4073,2292,0,0,1,0,1,0
2748,1430729,-1561,-123,20959,19275,-25947,-2041,2592,0,0,1,0,1,0
2749,1431250,-1327,-486,21594,19781,-22066,-8077,2791,0,0,1,0,1,0
2750,1431770,-1043,-830,21400,19527,-17337,-13802,2883,0,0,1,0,1,0
2751,1432291,-718,-1143,20384,18523,-11942,-18997,2865,0,0,1,0,1,0
2752,1432812,-366,-1411,18584,16806,-6088,-23462,2736,0,0,1,0,1,0
2753,1433333,0,-1626,16070,14444,0,-27026,2502,0,0,1,0,1,0
2754,1433854,366,-1777,12938,11527,6088,-29551,2172,0,0,1,0,1,0
2755,1434375,718,-1861,9309,8167,11942,-30940,1759,0,0,1,0,1,0
2756,1434895,1043,-1873,5323,4493,17337,-31140,1278,0,0,1,0,1,0
2757,1435416,1327,-1813,1132,646,22066,-30143,748,0,0,1,0,1,0
2758,1435937,1561,-1683,-3103,-3226,25947,-27988,189,0,0,1,0,1,0
2759,1436458,1734,-1489,-7218,-6973,28831,-24758,-377,0,0,1,0,1,0
2760,1436979,1841,-1238,-11056,-10453,30607,-20576,-929,0,0,1,0,1,0
2761,1437500,1877,-939,-14469,-13531,31207,-15603,-1445,0,0,1,0,1,0
2762,1438020,1841,-603,-17326,-16089,30607,-10031,-1905,0,0,1,0,1,0
2763,1438541,1734,-245,-19518,-18028,28831,-4073,-2292,0,0,1,0,1,0
2764,1439062,1561,123,-20959,-19275,25947,2041,-2592,0,0,1,0,1,0
2765,1439583,1327,486,-21594,-19781,22066,8077,-2791,0,0,1,0,1,0
2766,1440104,1043,830,-21400,-19527,17337,13802,-2883,0,0,1,0,1,0
2767,1440625,718,1143,-20384,-18523,11942,18997,-2865,0,0,1,0,1,0
2768,1441145,366,1411,-18584,-16806,6088,23462,-2736,0,0,1,0,1,0
2769,1441666,0,1626,-16070,-14444,0,27026,-2502,0,0,1,0,1,0
2770,1442187,-366,1777,-12938,-11527,-6088,29551,-2172,0,0,1,0,1,0
2771,1442708,-718,1861,-9309,-8167,-11942,30940,-1759,0,0,1,0,1,0
2772,1443229,-1043,1873,-5323,-4493,-17337,31140,-1278,0,0,1,0,1,0
2773,1443750,-1327,1813,-1132,-646,-22066,30143,-748,0,0,1,0,1,0
2774,1444270,-1561,1683,3103,3226,-25947,27988,-189,0,0,1,0,1,0
2775,1444791,-1734,1489,7218,6973,-28831,24758,377,0,0,1,0,1,0
2776,1445312,-1841,1238,11056,10453,-30607,20576,929,0,0,1,0,1,0
2777,1445833,-1877,939,14469,13531,-31207,15603,1445,0,0,1,0,1,0
2778,1446354,-1841,603,17326,16089,-30607,10031,1905,0,0,1,0,1,0
2779,1446875,-1734,245,19518,18028,-28831,4073,2292,0,0,1,0,1,0
2780,1447395,-1561,-123,20959,19275,-25947,-2041,2592,0,0,1,0,1,0
2781,1447916,-1327,-486,21594,19781,-22066,-8077,2791,0,0,1,0,1,0
2782,1448437,-1043,-830,21400,19527,-17337,-13802,2883,0,0,1,0,1,0
2783,1448958,-718,-1143,20384,18523,-11942,-18997,2865,0,0,1,0,1,0
2784,1449479,-366,-1411,18584,16806,-6088,-23462,2736,0,0,1,0,1,0
2785,1450000,0,-1626,16070,14444,0,-27026,2502,0,0,1,0,1,0
2786,1450520,366,-1777,12938,11527,6088,-29551,2172,0,0,1,0,1,0
2787,1451041,718,-1861,9309,8167,11942,-30940,1759,0,0,1,0,1,0
2788,1451562,1043,-1873,5323,4493,17337,-31140,1278,0,0,1,0,1,0
2789,1452083,1327,-1813,1132,646,22066,-30143,748,0,0,1,0,1,0
2790,1452604,1561,-1683,-3103,-3226,25947,-27988,189,0,0,1,0,1,0
2791,1453125,1734,-1489,-7218,-6973,28831,-24758,-377,0,0,1,0,1,0
2792,1453645,1841,-1238,-11056,-10453,30607,-20576,-929,0,0,1,0,1,0
2793,1454166,1877,-939,-14469,-13531,31207,-15603,-1445,0,0,1,0,1,0
2794,1454687,1841,-603,-17326,-16089,30607,-10031,-1905,0,0,1,0,1,0
2795,1455208,1734,-245,-19518,-18028,28831,-4073,-2292,0,0,1,0,1,0
2796,1455729,1561,123,-20959,-19275,25947,2041,-2592,0,0,1,0,1,0
2797,1456250,1327,486,-21594,-19781,22066,8077,-2791,0,0,1,0,1,0
2798,1456770,1043,830,-21400,-19527,17337,13802,-2883,0,0,1,0,1,0
2799,1457291,718,1143,-20384,-18523,11942,18997,-2865,0,0,1,0,1,0
2800,1457812,366,1411,-18584,-16806,6088,23462,-2736,0,0,1,0,1,0
2801,1458333,0,1626,-16070,-14444,0,27026,-2502,0,0,1,0,1,0
2802,1458854,-366,1777,-12938,-11527,-6088,29551,-2172,0,0,1,0,1,0
2803,1459375,-718,1861,-9309,-8167,-11942,30940,-1759,0,0,1,0,1,0
2804,1459895,-1043,1873,-5323,-4493,-17337,31140,-1278,0,0,1,0,1,0
2805,1460416,-1327,1813,-1132,-646,-22066,30143,-748,0,0,1,0,1,0
2806,1460937,-1561,1683,3103,3226,-25947,27988,-189,0,0,1,0,1,0
2807,1461458,-1734,1489,7218,6973,-28831,24758,377,0,0,1,0,1,0
2808,1461979,-1841,1238,11056,10453,-30607,20576,929,0,0,1,0,1,0
2809,1462500,-1877,939,14469,13531,-31207,15603,1445,0,0,1,0,1,0
2810,1463020,-1841,603,17326,16089,-30607,10031,1905,0,0,1,0,1,0
2811,1463541,-1734,245,19518,18028,-28831,4073,2292,0,0,1,0,1,0
2812,1464062,-1561,-123,20959,19275,-25947,-2041,2592,0,0,1,0,1,0
2813,1464583,-1327,-486,21594,19781,-22066,-8077,2791,0,0,1,0,1,0
2814,1465104,-1043,-830,21400,19527,-17337,-13802,2883,0,0,1,0,1,0
2815,1465625,-718,-1143,20384,18523,-11942,-18997,2865,0,0,1,0,1,0
2816,1466145,-366,-1411,18584,16806,-6088,-23462,2736,0,0,1,0,1,0
2817,1466666,0,-1626,16070,14444,0,-27026,2502,0,0,1,0,1,0
2818,1467187,366,-1777,12938,11527,6088,-29551,2172,0,0,1,0,1,0
2819,1467708,718,-1861,9309,8167,11942,-30940,1759,0,0,1,0,1,0
2820,1468229,1043,-1873,5323,4493,17337,-31140,1278,0,0,1,0,1,0
2821,1468750,1327,-1813,1132,646,22066,-30143,748,0,0,1,0,1,0
2822,1469270,1561,-1683,-3103,-3226,25947,-27988,189,0,0,1,0,1,0
2823,1469791,1734,-1489,-7218,-6973,28831,-24758,-377,0,0,1,0,1,0
2824,1470312,1841,-1238,-11056,-10453,30607,-20576,-929,0,0,1,0,1,0
2825,1470833,1877,-939,-14469,-13531,31207,-15603,-1445,0,0,1,0,1,0
2826,1471354,1841,-603,-17326,-16089,30607,-10031,-1905,0,0,1,0,1,0
2827,1471875,1734,-245,-19518,-18028,28831,-4073,-2292,0,0,1,0,1,0
2828,1472395,1561,123,-20959,-19275,25947,2041,-2592,0,0,1,0,1,0
2829,1472916,1327,486,-21594,-19781,22066,8077,-2791,0,0,1,0,1,0
2830,1473437,1043,830,-21400,-19527,17337,13802,-2883,0,0,1,0,1,0
2831,1473958,718,1143,-20384,-18523,11942,18997,-2865,0,0,1,0,1,0
2832,1474479,366,1411,-18584,-16806,6088,23462,-2736,0,0,1,0,1,0
2833,1475000,0,1626,-16070,-14444,0,27026,-2502,0,0,1,0,1,0
2834,1475520,-366,1777,-12938,-11527,-6088,29551,-2172,0,0,1,0,1,0
2835,1476041,-718,1861,-9309,-8167,-11942,30940,-1759,0,0,1,0,1,0
2836,1476562,-1043,1873,-5323,-4493,-17337,31140,-1278,0,0,1,0,1,0
2837,1477083,-1327,1813,-1132,-646,-22066,30143,-748,0,0,1,0,1,0
2838,1477604,-1561,1683,3103,3226,-25947,27988,-189,0,0,1,0,1,0
2839,1478125,-1734,1489,7218,6973,-28831,24758,377,0,0,1,0,1,0
2840,1478645,-1841,1238,11056,10453,-30607,20576,929,0,0,1,0,1,0
2841,1479166,-1877,939,14469,13531,-31207,15603,1445,0,0,1,0,1,0
2842,1479687,-1841,603,17326,16089,-30607,10031,1905,0,0,1,0,1,0
2843,1480208,-1734,245,19518,18028,-28831,4073,2292,0,0,1,0,1,0
2844,1480729,-1561,-123,20959,19275,-25947,-2041,2592,0,0,1,0,1,0
2845,1481250,-1327,-486,21594,19781,-22066,-8077,2791,0,0,1,0,1,0
2846,1481770,-1043,-830,21400,19527,-17337,-13802,2883,0,0,1,0,1,0
2847,1482291,-718,-1143,20384,18523,-11942,-18997,2865,0,0,1,0,1,0
2848,1482812,-366,-1411,18584,16806,-6088,-23462,2736,0,0,1,0,1,0
2849,1483333,0,-1626,16070,14444,0,-27026,2502,0,0,1,0,1,0
2850,1483854,366,-1777,12938,11527,6088,-29551,2172,0,0,1,0,1,0
2851,1484375,718,-1861,9309,8167,11942,-30940,1759,0,0,1,0,1,0
2852,1484895,1043,-1873,5323,4493,17337,-31140,1278,0,0,1,0,1,0
2853,1485416,1327,-1813,1132,646,22066,-30143,748,0,0,1,0,1,0
2854,1485937,1561,-1683,-3103,-3226,25947,-27988,189,0,0,1,0,1,0
2855,1486458,1734,-1489,-7218,-6973,28831,-24758,-377,0,0,1,0,1,0
2856,1486979,1841,-1238,-11056,-10453,30607,-20576,-929,0,0,1,0,1,0
2857,1487500,1877,-939,-14469,-13531,31207,-15603,-1445,0,0,1,0,1,0
2858,1488020,1841,-603,-17326,-16089,30607,-10031,-1905,0,0,1,0,1,0
2859,1488541,1734,-245,-19518,-18028,28831,-4073,-2292,0,0,1,0,1,0
2860,1489062,1561,123,-20959,-19275,25947,2041,-2592,0,0,1,0,1,0
2861,1489583,1327,486,-21594,-19781,22066,8077,-2791,0,0,1,0,1,0
2862,1490104,1043,830,-21400,-19527,17337,13802,-2883,0,0,1,0,1,0
2863,1490625,718,1143,-20384,-18523,11942,18997,-2865,0,0,1,0,1,0
2864,1491145,366,1411,-18584,-16806,6088,23462,-2736,0,0,1,0,1,0
2865,1491666,0,1626,-16070,-14444,0,27026,-2502,0,0,1,0,1,0
2866,1492187,-366,1777,-12938,-11527,-6088,29551,-2172,0,0,1,0,1,0
2867,1492708,-718,1861,-9309,-8167,-11942,30940,-1759,0,0,1,0,1,0
2868,1493229,-1043,1873,-5323,-4493,-17337,31140,-1278,0,0,1,0,1,0
2869,1493750,-1327,1813,-1132,-646,-22066,30143,-748,0,0,1,0,1,0
2870,1494270,-1561,1683,3103,3226,-25947,27988,-189,0,0,1,0,1,0
2871,1494791,-1734,1489,7218,6973,-28831,24758,377,0,0,1,0,1,0
2872,1495312,-1841,1238,11056,10453,-30607,20576,929,0,0,1,0,1,0
2873,1495833,-1877,939,14469,13531,-31207,15603,1445,0,0,1,0,1,0
2874,1496354,-1841,603,17326,16089,-30607,10031,1905,0,0,1,0,1,0
2875,1496875,-1734,245,19518,18028,-28831,4073,2292,0,0,1,0,1,0
2876,1497395,-1561,-123,20959,19275,-25947,-2041,2592,0,0,1,0,1,0
2877,1497916,-1327,-486,21594,19781,-22066,-8077,2791,0,0,1,0,1,0
2878,1498437,-1043,-830,21400,19527,-17337,-13802,2883,0,0,1,0,1,0
2879,1498958,-718,-1143,20384,18523,-11942,-18997,2865,0,0,1,0,1,0
2880,1499479,-366,-1411,18584,16806,-6088,-23462,2736,0,0,1,0,1,0
2881,1500000,0,-1626,16070,14444,0,-27026,2502,0,0,1,0,1,0
2882,1500520,366,-1777,12938,11527,6088,-29551,2172,0,0,1,0,1,0
2883,1501041,718,-1861,9309,8167,11942,-30940,1759,0,0,1,0,1,0
2884,1501562,1043,-1873,5323,4493,17337,-31140,1278,0,0,1,0,1,0
2885,1502083,1327,-1813,1132,646,22066,-30143,748,0,0,1,0,1,0
2886,1502604,1561,-1683,-3103,-3226,25947,-27988,189,0,0,1,0,1,0
2887,1503125,1734,-1489,-7218,-6973,28831,-24758,-377,0,0,1,0,1,0
2888,1503645,1841,-1238,-11056,-10453,30607,-20576,-929,0,0,1,0,1,0
2889,1504166,1877,-939,-14469,-13531,31207,-15603,-1445,0,0,1,0,1,0
2890,1504687,1841,-603,-17326,-16089,30607,-10031,-1905,0,0,1,0,1,0
2891,1505208,1734,-245,-19518,-18028,28831,-4073,-2292,0,0,1,0,1,0
2892,1505729,1561,123,-20959,-19275,25947,2041,-2592,0,0,1,0,1,0
2893,1506250,1327,486,-21594,-19781,22066,8077,-2791,0,0,1,0,1,0
2894,1506770,1043,830,-21400,-19527,17337,13802,-2883,0,0,1,0,1,0
2895,1507291,718,1143,-20384,-18523,11942,18997,-2865,0,0,1,0,1,0
2896,1507812,366,1411,-18584,-16806,6088,23462,-2736,0,0,1,0,1,0
2897,1508333,0,1626,-16070,-14444,0,27026,-2502,0,0,1,0,1,0
2898,1508854,-366,1777,-12938,-11527,-6088,29551,-2172,0,0,1,0,1,0
2899,1509375,-718,1861,-9309,-8167,-11942,30940,-1759,0,0,1,0,1,0
2900,1509895,-1043,1873,-5323,-4493,-17337,31140,-1278,0,0,1,0,1,0
2901,1510416,-1327,1813,-1132,-646,-22066,30143,-748,0,0,1,0,1,0
2902,1510937,-1561,1683,3103,3226,-25947,27988,-189,0,0,1,0,1,0
2903,1511458,-1734,1489,7218,6973,-28831,24758,377,0,0,1,0,1,0
2904,1511979,-1841,1238,11056,10453,-30607,20576,929,0,0,1,0,1,0
2905,1512500,-1877,939,14469,13531,-31207,15603,1445,0,0,1,0,1,0
2906,1513020,-1841,603,17326,16089,-30607,10031,1905,0,0,1,0,1,0
2907,1513541,-1734,245,19518,18028,-28831,4073,2292,0,0,1,0,1,0
2908,1514062,-1561,-123,20959,19275,-25947,-2041,2592,0,0,1,0,1,0
2909,1514583,-1327,-486,21594,19781,-22066,-8077,2791,0,0,1,0,1,0
2910,1515104,-1043,-830,21400,19527,-17337,-13802,2883,0,0,1,0,1,0
2911,1515625,-718,-1143,20384,18523,-11942,-18997,2865,0,0,1,0,1,0
2912,1516145,-366,-1411,18584,16806,-6088,-23462,2736,0,0,1,0,1,0
2913,1516666,0,-1626,16070,14444,0,-27026,2502,0,0,1,0,1,0
2914,1517187,366,-1777,12938,11527,6088,-29551,2172,0,0,1,0,1,0
2915,1517708,718,-1861,9309,8167,11942,-30940,1759,0,0,1,0,1,0
2916,1518229,1043,-1873,5323,4493,17337,-31140,1278,0,0,1,0,1,0
2917,1518750,1327,-1813,1132,646,22066,-30143,748,0,0,1,0,1,0
2918,1519270,1561,-1683,-3103,-3226,25947,-27988,189,0,0,1,0,1,0
2919,1519791,1734,-1489,-7218,-6973,28831,-24758,-377,0,0,1,0,1,0
2920,1520312,1841,-1238,-11056,-10453,30607,-20576,-929,0,0,1,0,1,0
2921,1520833,1877,-939,-14469,-13531,31207,-15603,-1445,0,0,1,0,1,0
2922,1521354,1841,-603,-17326,-16089,30607,-10031,-1905,0,0,1,0,1,0
2923,1521875,1734,-245,-19518,-18028,28831,-4073,-2292,0,0,1,0,1,0
2924,1522395,1561,123,-20959,-19275,25947,2041,-2592,0,0,1,0,1,0
2925,1522916,1327,486,-21594,-19781,22066,8077,-2791,0,0,1,0,1,0
2926,1523437,1043,830,-21400,-19527,17337,13802,-2883,0,0,1,0,1,0
2927,1523958,718,1143,-20384,-18523,11942,18997,-2865,0,0,1,0,1,0
2928,1524479,366,1411,-18584,-16806,6088,23462,-2736,0,0,1,0,1,0
2929,1525000,0,1626,-16070,-14444,0,27026,-2502,0,0,1,0,1,0
2930,1525520,-366,1777,-12938,-11527,-6088,29551,-2172,0,0,1,0,1,0
2931,1526041,-718,1861,-9309,-8167,-11942,30940,-1759,0,0,1,0,1,0
2932,1526562,-1043,1873,-5323,-4493,-17337,31140,-1278,0,0,1,0,1,0
2933,1527083,-1327,1813,-1132,-646,-22066,30143,-748,0,0,1,0,1,0
2934,1527604,-1561,1683,3103,3226,-25947,27988,-189,0,0,1,0,1,0
2935,1528125,-1734,1489,7218,6973,-28831,24758,377,0,0,1,0,1,0
2936,1528645,-1841,1238,11056,10453,-30607,20576,929,0,0,1,0,1,0
2937,1529166,-1877,939,14469,13531,-31207,15603,1445,0,0,1,0,1,0
2938,1529687,-1841,603,17326,16089,-30607,10031,1905,0,0,1,0,1,0
2939,1530208,-1734,245,19518,18028,-28831,4073,2292,0,0,1,0,1,0
2940,1530729,-1561,-123,20959,19275,-25947,-2041,2592,0,0,1,0,1,0
2941,1531250,-1327,-486,21594,19781,-22066,-8077,2791,0,0,1,0,1,0
2942,1531770,-1043,-830,21400,19527,-17337,-13802,2883,0,0,1,0,1,0
2943,1532291,-718,-1143,20384,18523,-11942,-18997,2865,0,0,1,0,1,0
2944,1532812,-366,-1411,18584,16806,-6088,-23462,2736,0,0,1,0,1,0
2945,1533333,0,-1626,16070,14444,0,-27026,2502,0,0,1,0,1,0
2946,1533854,366,-1777,12938,11527,6088,-29551,2172,0,0,1,0,1,0
2947,1534375,718,-1861,9309,8167,11942,-30940,1759,0,0,1,0,1,0
2948,1534895,1043,-1873,5323,4493,17337,-31140,1278,0,0,1,0,1,0
2949,1535416,1327,-1813,1132,646,22066,-30143,748,0,0,1,0,1,0
2950,1535937,1561,-1683,-3103,-3226,25947,-27988,189,0,0,1,0,1,0
2951,1536458,1734,-1489,-7218,-6973,28831,-24758,-377,0,0,1,0,1,0
2952,1536979,1841,-1238,-11056,-10453,30607,-20576,-929,0,0,1,0,1,0
2953,1537500,1877,-939,-14469,-13531,31207,-15603,-1445,0,0,1,0,1,0
2954,1538020,1841,-603,-17326,-16089,30607,-10031,-1905,0,0,1,0,1,0
2955,1538541,1734,-245,-19518,-18028,28831,-4073,-2292,0,0,1,0,1,0
2956,1539062,1561,123,-20959,-19275,25947,2041,-2592,0,0,1,0,1,0
2957,1539583,1327,486,-21594,-19781,22066,8077,-2791,0,0,1,0,1,0
2958,1540104,1043,830,-21400,-19527,17337,13802,-2883,0,0,1,0,1,0
2959,1540625,718,1143,-20384,-18523,11942,18997,-2865,0,0,1,0,1,0
2960,1541145,366,1411,-18584,-16806,6088,23462,-2736,0,0,1,0,1,0
2961,1541666,0,1626,-16070,-14444,0,27026,-2502,0,0,1,0,1,0
2962,1542187,-366,1777,-12938,-11527,-6088,29551,-2172,0,0,1,0,1,0
2963,1542708,-718,1861,-9309,-8167,-11942,30940,-1759,0,0,1,0,1,0
2964,1543229,-1043,1873,-5323,-4493,-17337,31140,-1278,0,0,1,0,1,0
2965,1543750,-1327,1813,-1132,-646,-22066,30143,-748,0,0,1,0,1,0
2966,1544270,-1561,1683,3103,3226,-25947,27988,-189,0,0,1,0,1,0
2967,1544791,-1734,1489,7218,6973,-28831,24758,377,0,0,1,0,1,0
2968,1545312,-1841,1238,11056,10453,-30607,20576,929,0,0,1,0,1,0
2969,1545833,-1877,939,14469,13531,-31207,15603,1445,0,0,1,0,1,0
2970,1546354,-1841,603,17326,16089,-30607,10031,1905,0,0,1,0,1,0
2971,1546875,-1734,245,19518,18028,-28831,4073,2292,0,0,1,0,1,0
2972,1547395,-1561,-123,20959,19275,-25947,-2041,2592,0,0,1,0,1,0
2973,1547916,-1327,-486,21594,19781,-22066,-8077,2791,0,0,1,0,1,0
2974,1548437,-1043,-830,21400,19527,-17337,-13802,2883,0,0,1,0,1,0
2975,1548958,-718,-1143,20384,18523,-11942,-18997,2865,0,0,1,0,1,0
2976,1549479,-366,-1411,18584,16806,-6088,-23462,2736,0,0,1,0,1,0
2977,1550000,0,-1626,16070,14444,0,-27026,2502,0,0,1,0,1,0
2978,1550520,366,-1777,12938,11527,6088,-29551,2172,0,0,1,0,1,0
2979,1551041,718,-1861,9309,8167,11942,-30940,1759,0,0,1,0,1,0
2980,1551562,1043,-1873,5323,4493,17337,-31140,1278,0,0,1,0,1,0
2981,1552083,1327,-1813,1132,646,22066,-30143,748,0,0,1,0,1,0
2982,1552604,1561,-1683,-3103,-3226,25947,-27988,189,0,0,1,0,1,0
2983,1553125,1734,-1489,-7218,-6973,28831,-24758,-377,0,0,1,0,1,0
2984,1553645,1841,-1238,-11056,-10453,30607,-20576,-929,0,0,1,0,1,0
2985,1554166,1877,-939,-14469,-13531,31207,-15603,-1445,0,0,1,0,1,0
2986,1554687,1841,-603,-17326,-16089,30607,-10031,-1905,0,0,1,0,1,0
2987,1555208,1734,-245,-19518,-18028,28831,-4073,-2292,0,0,1,0,1,0
2988,1555729,1561,123,-20959,-19275,25947,2041,-2592,0,0,1,0,1,0
2989,1556250,1327,486,-21594,-19781,22066,8077,-2791,0,0,1,0,1,0
2990,1556770,1043,830,-21400,-19527,17337,13802,-2883,0,0,1,0,1,0
2991,1557291,718,1143,-20384,-18523,11942,18997,-2865,0,0,1,0,1,0
2992,1557812,366,1411,-18584,-16806,6088,23462,-2736,0,0,1,0,1,0
2993,1558333,0,1626,-16070,-14444,0,27026,-2502,0,0,1,0,1,0
2994,1558854,-366,1777,-12938,-11527,-6088,29551,-2172,0,0,1,0,1,0
2995,1559375,-718,1861,-9309,-8167,-11942,30940,-1759,0,0,1,0,1,0
2996,1559895,-1043,1873,-5323,-4493,-17337,31140,-1278,0,0,1,0,1,0
2997,1560416,-1327,1813,-1132,-646,-22066,30143,-748,0,0,1,0,1,0
2998,1560937,-1561,1683,3103,3226,-25947,27988,-189,0,0,1,0,1,0
2999,1561458,-1734,1489,7218,6973,-28831,24758,377,0,0,1,0,1,0
3000,1561979,-1841,1238,11056,10453,-30607,20576,929,0,0,1,0,1,0
3001,1562500,-1877,939,14469,13531,-31207,15603,1445,0,0,1,0,1,0
3002,1563020,-1841,603,17326,16089,-30607,10031,1905,0,0,1,0,1,0
3003,1563541,-1734,245,19518,18028,-28831,4073,2292,0,0,1,0,1,0
3004,1564062,-1561,-123,20959,19275,-25947,-2041,2592,0,0,1,0,1,0
3005,1564583,-1327,-486,21594,19781,-22066,-8077,2791,0,0,1,0,1,0
3006,1565104,-1043,-830,21400,19527,-17337,-13802,2883,0,0,1,0,1,0
3007,1565625,-718,-1143,20384,18523,-11942,-18997,2865,0,0,1,0,1,0
3008,1566145,-366,-1411,18584,16806,-6088,-23462,2736,0,0,1,0,1,0
3009,1566666,0,-1626,16070,14444,0,-27026,2502,0,0,1,0,1,0
3010,1567187,366,-1777,12938,11527,6088,-29551,2172,0,0,1,0,1,0
3011,1567708,718,-1861,9309,8167,11942,-30940,1759,0,0,1,0,1,0
3012,1568229,1043,-1873,5323,4493,17337,-31140,1278,0,0,1,0,1,0
3013,1568750,1327,-1813,1132,646,22066,-30143,748,0,0,1,0,1,0
3014,1569270,1561,-1683,-3103,-3226,25947,-27988,189,0,0,1,0,1,0
3015,1569791,1734,-1489,-7218,-6973,28831,-24758,-377,0,0,1,0,1,0
3016,1570312,1841,-1238,-11056,-10453,30607,-20576,-929,0,0,1,0,1,0
3017,1570833,1877,-939,-14469,-13531,31207,-15603,-1445,0,0,1,0,1,0
3018,1571354,1841,-603,-17326,-16089,30607,-10031,-1905,0,0,1,0,1,0
3019,1571875,1734,-245,-19518,-18028,28831,-4073,-2292,0,0,1,0,1,0
3020,1572395,1561,123,-20959,-19275,25947,2041,-2592,0,0,1,0,1,0
3021,1572916,1327,486,-21594,-19781,22066,8077,-2791,0,0,1,0,1,0
3022,1573437,1043,830,-21400,-19527,17337,13802,-2883,0,0,1,0,1,0
3023,1573958,718,1143,-20384,-18523,11942,18997,-2865,0,0,1,0,1,0
3024,1574479,366,1411,-18584,-16806,6088,23462,-2736,0,0,1,0,1,0
3025,1575000,0,1626,-16070,-14444,0,27026,-2502,0,0,1,0,1,0
3026,1575520,-366,1777,-12938,-11527,-6088,29551,-2172,0,0,1,0,1,0
3027,1576041,-718,1861,-9309,-8167,-11942,30940,-1759,0,0,1,0,1,0
3028,1576562,-1043,1873,-5323,-4493,-17337,31140,-1278,0,0,1,0,1,0
3029,1577083,-1327,1813,-1132,-646,-22066,30143,-748,0,0,1,0,1,0
3030,1577604,-1561,1683,3103,3226,-25947,27988,-189,0,0,1,0,1,0
3031,1578125,-1734,1489,7218,6973,-28831,24758,377,0,0,1,0,1,0
3032,1578645,-1841,1238,11056,10453,-30607,20576,929,0,0,1,0,1,0
3033,1579166,-1877,939,14469,13531,-31207,15603,1445,0,0,1,0,1,0
3034,1579687,-1841,603,17326,16089,-30607,10031,1905,0,0,1,0,1,0
3035,1580208,-1734,245,19518,18028,-28831,4073,2292,0,0,1,0,1,0
3036,1580729,-1561,-123,20959,19275,-25947,-2041,2592,0,0,1,0,1,0
3037,1581250,-1327,-486,21594,19781,-22066,-8077,2791,0,0,1,0,1,0
3038,1581770,-1043,-830,21400,19527,-17337,-13802,2883,0,0,1,0,1,0
3039,1582291,-718,-1143,20384,18523,-11942,-18997,2865,0,0,1,0,1,0
3040,1582812,-366,-1411,18584,16806,-6088,-23462,2736,0,0,1,0,1,0
3041,1583333,0,-1626,16070,14444,0,-27026,2502,0,0,1,0,1,0
3042,1583854,366,-1777,12938,11527,6088,-29551,2172,0,0,1,0,1,0
3043,1584375,718,-1861,9309,8167,11942,-30940,1759,0,0,1,0,1,0
3044,1584895,1043,-1873,5323,4493,17337,-31140,1278,0,0,1,0,1,0
3045,1585416,1327,-1813,1132,646,22066,-30143,748,0,0,1,0,1,0
3046,1585937,1561,-1683,-3103,-3226,25947,-27988,189,0,0,1,0,1,0
3047,1586458,1734,-1489,-7218,-6973,28831,-24758,-377,0,0,1,0,1,0
3048,1586979,1841,-1238,-11056,-10453,30607,-20576,-929,0,0,1,0,1,0
3049,1587500,1877,-939,-14469,-13531,31207,-15603,-1445,0,0,1,0,1,0
3050,1588020,1841,-603,-17326,-16089,30607,-10031,-1905,0,0,1,0,1,0
3051,1588541,1734,-245,-19518,-18028,28831,-4073,-2292,0,0,1,0,1,0
3052,1589062,1561,123,-20959,-19275,25947,2041,-2592,0,0,1,0,1,0
3053,1589583,1327,486,-21594,-19781,22066,8077,-2791,0,0,1,0,1,0
3054,1590104,1043,830,-21400,-19527,17337,13802,-2883,0,0,1,0,1,0
3055,1590625,718,1143,-20384,-18523,11942,18997,-2865,0,0,1,0,1,0
3056,1591145,366,1411,-18584,-16806,6088,23462,-2736,0,0,1,0,1,0
3057,1591666,0,1626,-16070,-14444,0,27026,-2502,0,0,1,0,1,0
3058,1592187,-366,1777,-12938,-11527,-6088,29551,-2172,0,0,1,0,1,0
3059,1592708,-718,1861,-9309,-8167,-11942,30940,-1759,0,0,1,0,1,0
3060,1593229,-1043,1873,-5323,-4493,-17337,31140,-1278,0,0,1,0,1,0
3061,1593750,-1327,1813,-1132,-646,-22066,30143,-748,0,0,1,0,1,0
3062,1594270,-1561,1683,3103,3226,-25947,27988,-189,0,0,1,0,1,0
3063,1594791,-1734,1489,7218,6973,-28831,24758,377,0,0,1,0,1,0
3064,1595312,-1841,1238,11056,10453,-30607,20576,929,0,0,1,0,1,0
3065,1595833,-1877,939,14469,13531,-31207,15603,1445,0,0,1,0,1,0
3066,1596354,-1841,603,17326,16089,-30607,10031,1905,0,0,1,0,1,0
3067,1596875,-1734,245,19518,18028,-28831,4073,2292,0,0,1,0,1,0
3068,1597395,-1561,-123,20959,19275,-25947,-2041,2592,0,0,1,0,1,0
3069,1597916,-1327,-486,21594,19781,-22066,-8077,2791,0,0,1,0,1,0
3070,1598437,-1043,-830,21400,19527,-17337,-13802,2883,0,0,1,0,1,0
3071,1598958,-718,-1143,20384,18523,-11942,-18997,2865,0,0,1,0,1,0
3072,1599479,-366,-1411,18584,16806,-6088,-23462,2736,0,0,1,0,1,0
3073,1600000,0,-1626,16070,14444,0,-27026,2502,0,0,1,0,1,0
3074,1600520,366,-1777,12938,11527,6088,-29551,2172,0,0,1,0,1,0
3075,1601041,718,-1861,9309,8167,11942,-30940,1759,0,0,1,0,1,0
3076,1601562,1043,-1873,5323,4493,17337,-31140,1278,0,0,1,0,1,0
3077,1602083,1327,-1813,1132,646,22066,-30143,748,0,0,1,0,1,0
3078,1602604,1561,-1683,-3103,-3226,25947,-27988,189,0,0,1,0,1,0
3079,1603125,1734,-1489,-7218,-6973,28831,-24758,-377,0,0,1,0,1,0
3080,1603645,1841,-1238,-11056,-10453,30607,-20576,-929,0,0,1,0,1,0
3081,1604166,1877,-939,-14469,-13531,31207,-15603,-1445,0,0,1,0,1,0
3082,1604687,1841,-603,-17326,-16089,30607,-10031,-1905,0,0,1,0,1,0
3083,1605208,1734,-245,-19518,-18028,28831,-4073,-2292,0,0,1,0,1,0
3084,1605729,1561,123,-20959,-19275,25947,2041,-2592,0,0,1,0,1,0
3085,1606250,1327,486,-21594,-19781,22066,8077,-2791,0,0,1,0,1,0
3086,1606770,1043,830,-21400,-19527,17337,13802,-2883,0,0,1,0,1,0
3087,1607291,718,1143,-20384,-18523,11942,18997,-2865,0,0,1,0,1,0
3088,1607812,366,1411,-18584,-16806,6088,23462,-2736,0,0,1,0,1,0
3089,1608333,0,1626,-16070,-14444,0,27026,-2502,0,0,1,0,1,0
3090,1608854,-366,1777,-12938,-11527,-6088,29551,-2172,0,0,1,0,1,0
3091,1609375,-718,1861,-9309,-8167,-11942,30940,-1759,0,0,1,0,1,0
3092,1609895,-1043,1873,-5323,-4493,-17337,31140,-1278,0,0,1,0,1,0
3093,1610416,-1327,1813,-1132,-646,-22066,30143,-748,0,0,1,0,1,0
3094,1610937,-1561,1683,3103,3226,-25947,27988,-189,0,0,1,0,1,0
3095,1611458,-1734,1489,7218,6973,-28831,24758,377,0,0,1,0,1,0
3096,1611979,-1841,1238,11056,10453,-30607,20576,929,0,0,1,0,1,0
3097,1612500,-1877,939,14469,13531,-31207,15603,1445,0,0,1,0,1,0
3098,1613020,-1841,603,17326,16089,-30607,10031,1905,0,0,1,0,1,0
3099,1613541,-1734,245,19518,18028,-28831,4073,2292,0,0,1,0,1,0
3100,1614062,-1561,-123,20959,19275,-25947,-2041,2592,0,0,1,0,1,0
3101,1614583,-1327,-486,21594,19781,-22066,-8077,2791,0,0,1,0,1,0
3102,1615104,-1043,-830,21400,19527,-17337,-13802,2883,0,0,1,0,1,0
3103,1615625,-718,-1143,20384,18523,-11942,-18997,2865,0,0,1,0,1,0
3104,1616145,-366,-1411,18584,16806,-6088,-23462,2736,0,0,1,0,1,0
3105,1616666,0,-1626,16070,14444,0,-27026,2502,0,0,1,0,1,0
3106,1617187,366,-1777,12938,11527,6088,-29551,2172,0,0,1,0,1,0
3107,1617708,718,-1861,9309,8167,11942,-30940,1759,0,0,1,0,1,0
3108,1618229,1043,-1873,5323,4493,17337,-31140,1278,0,0,1,0,1,0
3109,1618750,1327,-1813,1132,646,22066,-30143,748,0,0,1,0,1,0
3110,1619270,1561,-1683,-3103,-3226,25947,-27988,189,0,0,1,0,1,0
3111,1619791,1734,-1489,-7218,-6973,28831,-24758,-377,0,0,1,0,1,0
3112,1620312,1841,-1238,-11056,-10453,30607,-20576,-929,0,0,1,0,1,0
3113,1620833,1877,-939,-14469,-13531,31207,-15603,-1445,0,0,1,0,1,0
3114,1621354,1841,-603,-17326,-16089,30607,-10031,-1905,0,0,1,0,1,0
3115,1621875,1734,-245,-19518,-18028,28831,-4073,-2292,0,0,1,0,1,0
3116,1622395,1561,123,-20959,-19275,25947,2041,-2592,0,0,1,0,1,0
3117,1622916,1327,486,-21594,-19781,22066,8077,-2791,0,0,1,0,1,0
3118,1623437,1043,830,-21400,-19527,17337,13802,-2883,0,0,1,0,1,0
3119,1623958,718,1143,-20384,-18523,11942,18997,-2865,0,0,1,0,1,0
3120,1624479,366,1411,-18584,-16806,6088,23462,-2736,0,0,1,0,1,0
3121,1625000,0,1626,-16070,-14444,0,27026,-2502,0,0,1,0,1,0
3122,1625520,-366,1777,-12938,-11527,-6088,29551,-2172,0,0,1,0,1,0
3123,1626041,-718,1861,-9309,-8167,-11942,30940,-1759,0,0,1,0,1,0
3124,1626562,-1043,1873,-5323,-4493,-17337,31140,-1278,0,0,1,0,1,0
3125,1627083,-1327,1813,-1132,-646,-22066,30143,-748,0,0,1,0,1,0
3126,1627604,-1561,1683,3103,3226,-25947,27988,-189,0,0,1,0,1,0
3127,1628125,-1734,1489,7218,6973,-28831,24758,377,0,0,1,0,1,0
3128,1628645,-1841,1238,11056,10453,-30607,20576,929,0,0,1,0,1,0
3129,1629166,-1877,939,14469,13531,-31207,15603,1445,0,0,1,0,1,0
3130,1629687,-1841,603,17326,16089,-30607,10031,1905,0,0,1,0,1,0
3131,1630208,-1734,245,19518,18028,-28831,4073,2292,0,0,1,0,1,0
3132,1630729,-1561,-123,20959,19275,-25947,-2041,2592,0,0,1,0,1,0
3133,1631250,-1327,-486,21594,19781,-22066,-8077,2791,0,0,1,0,1,0
3134,1631770,-1043,-830,21400,19527,-17337,-13802,2883,0,0,1,0,1,0
3135,1632291,-718,-1143,20384,18523,-11942,-18997,2865,0,0,1,0,1,0
3136,1632812,-366,-1411,18584,16806,-6088,-23462,2736,0,0,1,0,1,0
3137,1633333,0,-1626,16070,14444,0,-27026,2502,0,0,1,0,1,0
3138,1633854,366,-1777,12938,11527,6088,-29551,2172,0,0,1,0,1,0
3139,1634375,718,-1861,9309,8167,11942,-30940,1759,0,0,1,0,1,0
3140,1634895,1043,-1873,5323,4493,17337,-31140,1278,0,0,1,0,1,0
3141,1635416,1327,-1813,1132,646,22066,-30143,748,0,0,1,0,1,0
3142,1635937,1561,-1683,-3103,-3226,25947,-27988,189,0,0,1,0,1,0
3143,1636458,1734,-1489,-7218,-6973,28831,-24758,-377,0,0,1,0,1,0
3144,1636979,1841,-1238,-11056,-10453,30607,-20576,-929,0,0,1,0,1,0
3145,1637500,1877,-939,-14469,-13531,31207,-15603,-1445,0,0,1,0,1,0
3146,1638020,1841,-603,-17326,-16089,30607,-10031,-1905,0,0,1,0,1,0
3147,1638541,1734,-245,-19518,-18028,28831,-4073,-2292,0,0,1,0,1,0
3148,1639062,1561,123,-20959,-19275,25947,2041,-2592,0,0,1,0,1,0
3149,1639583,1327,486,-21594,-19781,22066,8077,-2791,0,0,1,0,1,0
3150,1640104,1043,830,-21400,-19527,17337,13802,-2883,0,0,1,0,1,0
3151,1640625,718,1143,-20384,-18523,11942,18997,-2865,0,0,1,0,1,0
3152,1641145,366,1411,-18584,-16806,6088,23462,-2736,0,0,1,0,1,0
3153,1641666,0,1626,-16070,-14444,0,27026,-2502,0,0,1,0,1,0
3154,1642187,-366,1777,-12938,-11527,-6088,29551,-2172,0,0,1,0,1,0
3155,1642708,-718,1861,-9309,-8167,-11942,30940,-1759,0,0,1,0,1,0
3156,1643229,-1043,1873,-5323,-4493,-17337,31140,-1278,0,0,1,0,1,0
3157,1643750,-1327,1813,-1132,-646,-22066,30143,-748,0,0,1,0,1,0
3158,1644270,-1561,1683,3103,3226,-25947,27988,-189,0,0,1,0,1,0
3159,1644791,-1734,1489,7218,6973,-28831,24758,377,0,0,1,0,1,0
3160,1645312,-1841,1238,11056,10453,-30607,20576,929,0,0,1,0,1,0
3161,1645833,-1877,939,14469,13531,-31207,15603,1445,0,0,1,0,1,0
3162,1646354,-1841,603,17326,16089,-30607,10031,1905,0,0,1,0,1,0
3163,1646875,-1734,245,19518,18028,-28831,4073,2292,0,0,1,0,1,0
3164,1647395,-1561,-123,20959,19275,-25947,-2041,2592,0,0,1,0,1,0
3165,1647916,-1327,-486,21594,19781,-22066,-8077,2791,0,0,1,0,1,0
3166,1648437,-1043,-830,21400,19527,-17337,-13802,2883,0,0,1,0,1,0
3167,1648958,-718,-1143,20384,18523,-11942,-18997,2865,0,0,1,0,1,0
3168,1649479,-366,-1411,18584,16806,-6088,-23462,2736,0,0,1,0,1,0
3169,1650000,0,-1626,16070,14444,0,-27026,2502,0,0,1,0,1,0
3170,1650520,366,-1777,12938,11527,6088,-29551,2172,0,0,1,0,1,0
3171,1651041,718,-1861,9309,8167,11942,-30940,1759,0,0,1,0,1,0
3172,1651562,1043,-1873,5323,4493,17337,-31140,1278,0,0,1,0,1,0
3173,1652083,1327,-1813,1132,646,22066,-30143,748,0,0,1,0,1,0
3174,1652604,1561,-1683,-3103,-3226,25947,-27988,189,0,0,1,0,1,0
3175,1653125,1734,-1489,-7218,-6973,28831,-24758,-377,0,0,1,0,1,0
3176,1653645,1841,-1238,-11056,-10453,30607,-20576,-929,0,0,1,0,1,0
3177,1654166,1877,-939,-14469,-13531,31207,-15603,-1445,0,0,1,0,1,0
3178,1654687,1841,-603,-17326,-16089,30607,-10031,-1905,0,0,1,0,1,0
3179,1655208,1734,-245,-19518,-18028,28831,-4073,-2292,0,0,1,0,1,0
3180,1655729,1561,123,-20959,-19275,25947,2041,-2592,0,0,1,0,1,0
3181,1656250,1327,486,-21594,-19781,22066,8077,-2791,0,0,1,0,1,0
3182,1656770,1043,830,-21400,-19527,17337,13802,-2883,0,0,1,0,1,0
3183,1657291,718,1143,-20384,-18523,11942,18997,-2865,0,0,1,0,1,0
3184,1657812,366,1411,-18584,-16806,6088,23462,-2736,0,0,1,0,1,0
3185,1658333,0,1626,-16070,-14444,0,27026,-2502,0,0,1,0,1,0
3186,1658854,-366,1777,-12938,-11527,-6088,29551,-2172,0,0,1,0,1,0
3187,1659375,-718,1861,-9309,-8167,-11942,30940,-1759,0,0,1,0,1,0
3188,1659895,-1043,1873,-5323,-4493,-17337,31140,-1278,0,0,1,0,1,0
3189,1660416,-1327,1813,-1132,-646,-22066,30143,-748,0,0,1,0,1,0
3190,1660937,-1561,1683,3103,3226,-25947,27988,-189,0,0,1,0,1,0
3191,1661458,-1734,1489,7218,6973,-28831,24758,377,0,0,1,0,1,0
3192,1661979,-1841,1238,11056,10453,-30607,20576,929,0,0,1,0,1,0
3193,1662500,-1877,939,14469,13531,-31207,15603,1445,0,0,1,0,1,0
3194,1663020,-1841,603,17326,16089,-30607,10031,1905,0,0,1,0,1,0
3195,1663541,-1734,245,19518,18028,-28831,4073,2292,0,0,1,0,1,0
3196,1664062,-1561,-123,20959,19275,-25947,-2041,2592,0,0,1,0,1,0
3197,1664583,-1327,-486,21594,19781,-22066,-8077,2791,0,0,1,0,1,0
3198,1665104,-1043,-830,21400,19527,-17337,-13802,2883,0,0,1,0,1,0
3199,1665625,-718,-1143,20384,18523,-11942,-18997,2865,0,0,1,0,1,0
3200,1666145,-366,-1411,18584,16806,-6088,-23462,2736,0,0,1,0,1,0
3201,1666666,0,-1626,16070,14444,0,-27026,2502,0,0,1,0,1,0
3202,1667187,366,-1777,12938,11527,6088,-29551,2172,0,0,1,0,1,0
3203,1667708,718,-1861,9309,8167,11942,-30940,1759,0,0,1,0,1,0
3204,1668229,1043,-1873,5323,4493,17337,-31140,1278,0,0,1,0,1,0
3205,1668750,1327,-1813,1132,646,22066,-30143,748,0,0,1,0,1,0
3206,1669270,1561,-1683,-3103,-3226,25947,-27988,189,0,0,1,0,1,0
3207,1669791,1734,-1489,-7218,-6973,28831,-24758,-377,0,0,1,0,1,0
3208,1670312,1841,-1238,-11056,-10453,30607,-20576,-929,0,0,1,0,1,0
3209,1670833,1877,-939,-14469,-13531,31207,-15603,-1445,0,0,1,0,1,0
3210,1671354,1841,-603,-17326,-16089,30607,-10031,-1905,0,0,1,0,1,0
3211,1671875,1734,-245,-19518,-18028,28831,-4073,-2292,0,0,1,0,1,0
3212,1672395,1561,123,-20959,-19275,25947,2041,-2592,0,0,1,0,1,0
3213,1672916,1327,486,-21594,-19781,22066,8077,-2791,0,0,1,0,1,0
3214,1673437,1043,830,-21400,-19527,17337,13802,-2883,0,0,1,0,1,0
3215,1673958,718,1143,-20384,-18523,11942,18997,-2865,0,0,1,0,1,0
3216,1674479,366,1411,-18584,-16806,6088,23462,-2736,0,0,1,0,1,0
3217,1675000,0,1626,-16070,-14444,0,27026,-2502,0,0,1,0,1,0
3218,1675520,-366,1777,-12938,-11527,-6088,29551,-2172,0,0,1,0,1,0
3219,1676041,-718,1861,-9309,-8167,-11942,30940,-1759,0,0,1,0,1,0
3220,1676562,-1043,1873,-5323,-4493,-17337,31140,-1278,0,0,1,0,1,0
3221,1677083,-1327,1813,-1132,-646,-22066,30143,-748,0,0,1,0,1,0
3222,1677604,-1561,1683,3103,3226,-25947,27988,-189,0,0,1,0,1,0
3223,1678125,-1734,1489,7218,6973,-28831,24758,377,0,0,1,0,1,0
3224,1678645,-1841,1238,11056,10453,-30607,20576,929,0,0,1,0,1,0
3225,1679166,-1877,939,14469,13531,-31207,15603,1445,0,0,1,0,1,0
3226,1679687,-1841,603,17326,16089,-30607,10031,1905,0,0,1,0,1,0
3227,1680208,-1734,245,19518,18028,-28831,4073,2292,0,0,1,0,1,0
3228,1680729,-1561,-123,20959,19275,-25947,-2041,2592,0,0,1,0,1,0
3229,1681250,-1327,-486,21594,19781,-22066,-8077,2791,0,0,1,0,1,0
3230,1681770,-1043,-830,21400,19527,-17337,-13802,2883,0,0,1,0,1,0
3231,1682291,-718,-1143,20384,18523,-11942,-18997,2865,0,0,1,0,1,0
3232,1682812,-366,-1411,18584,16806,-6088,-23462,2736,0,0,1,0,1,0
3233,1683333,0,-1626,16070,14444,0,-27026,2502,0,0,1,0,1,0
3234,1683854,366,-1777,12938,11527,6088,-29551,2172,0,0,1,0,1,0
3235,1684375,718,-1861,9309,8167,11942,-30940,1759,0,0,1,0,1,0
3236,1684895,1043,-1873,5323,4493,17337,-31140,1278,0,0,1,0,1,0
3237,1685416,1327,-1813,1132,646,22066,-30143,748,0,0,1,0,1,0
3238,1685937,1561,-1683,-3103,-3226,25947,-27988,189,0,0,1,0,1,0
3239,1686458,1734,-1489,-7218,-6973,28831,-24758,-377,0,0,1,0,1,0
3240,1686979,1841,-1238,-11056,-10453,30607,-20576,-929,0,0,1,0,1,0
3241,1687500,1877,-939,-14469,-13531,31207,-15603,-1445,0,0,1,0,1,0
3242,1688020,1841,-603,-17326,-16089,30607,-10031,-1905,0,0,1,0,1,0
3243,1688541,1734,-245,-19518,-18028,28831,-4073,-2292,0,0,1,0,1,0
3244,1689062,1561,123,-20959,-19275,25947,2041,-2592,0,0,1,0,1,0
3245,1689583,1327,486,-21594,-19781,22066,8077,-2791,0,0,1,0,1,0
3246,1690104,1043,830,-21400,-19527,17337,13802,-2883,0,0,1,0,1,0
3247,1690625,718,1143,-20384,-18523,11942,18997,-2865,0,0,1,0,1,0
3248,1691145,366,1411,-18584,-16806,6088,23462,-2736,0,0,1,0,1,0
3249,1691666,0,1626,-16070,-14444,0,27026,-2502,0,0,1,0,1,0
3250,1692187,-366,1777,-12938,-11527,-6088,29551,-2172,0,0,1,0,1,0
3251,1692708,-718,1861,-9309,-8167,-11942,30940,-1759,0,0,1,0,1,0
3252,1693229,-1043,1873,-5323,-4493,-17337,31140,-1278,0,0,1,0,1,0
3253,1693750,-1327,1813,-1132,-646,-22066,30143,-748,0,0,1,0,1,0
3254,1694270,-1561,1683,3103,3226,-25947,27988,-189,0,0,1,0,1,0
3255,1694791,-1734,1489,7218,6973,-28831,24758,377,0,0,1,0,1,0
3256,1695312,-1841,1238,11056,10453,-30607,20576,929,0,0,1,0,1,0
3257,1695833,-1877,939,14469,13531,-31207,15603,1445,0,0,1,0,1,0
3258,1696354,-1841,603,17326,16089,-30607,10031,1905,0,0,1,0,1,0
3259,1696875,-1734,245,19518,18028,-28831,4073,2292,0,0,1,0,1,0
3260,1697395,-1561,-123,20959,19275,-25947,-2041,2592,0,0,1,0,1,0
3261,1697916,-1327,-486,21594,19781,-22066,-8077,2791,0,0,1,0,1,0
3262,1698437,-1043,-830,21400,19527,-17337,-13802,2883,0,0,1,0,1,0
3263,1698958,-718,-1143,20384,18523,-11942,-18997,2865,0,0,1,0,1,0
3264,1699479,-366,-1411,18584,16806,-6088,-23462,2736,0,0,1,0,1,0
3265,1700000,0,-1626,16070,14444,0,-27026,2502,0,0,1,0,1,0
3266,1700520,366,-1777,12938,11527,6088,-29551,2172,0,0,1,0,1,0
3267,1701041,718,-1861,9309,8167,11942,-30940,1759,0,0,1,0,1,0
3268,1701562,1043,-1873,5323,4493,17337,-31140,1278,0,0,1,0,1,0
3269,1702083,1327,-1813,1132,646,22066,-30143,748,0,0,1,0,1,0
3270,1702604,1561,-1683,-3103,-3226,25947,-27988,189,0,0,1,0,1,0
3271,1703125,1734,-1489,-7218,-6973,28831,-24758,-377,0,0,1,0,1,0
3272,1703645,1841,-1238,-11056,-10453,30607,-20576,-929,0,0,1,0,1,0
3273,1704166,1877,-939,-14469,-13531,31207,-15603,-1445,0,0,1,0,1,0
3274,1704687,1841,-603,-17326,-16089,30607,-10031,-1905,0,0,1,0,1,0
3275,1705208,1734,-245,-19518,-18028,28831,-4073,-2292,0,0,1,0,1,0
3276,1705729,1561,123,-20959,-19275,25947,2041,-2592,0,0,1,0,1,0
3277,1706250,1327,486,-21594,-19781,22066,8077,-2791,0,0,1,0,1,0
3278,1706770,1043,830,-21400,-19527,17337,13802,-2883,0,0,1,0,1,0
3279,1707291,718,1143,-20384,-18523,11942,18997,-2865,0,0,1,0,1,0
3280,1707812,366,1411,-18584,-16806,6088,23462,-2736,0,0,1,0,1,0
3281,1708333,0,1626,-16070,-14444,0,27026,-2502,0,0,1,0,1,0
3282,1708854,-366,1777,-12938,-11527,-6088,29551,-2172,0,0,1,0,1,0
3283,1709375,-718,1861,-9309,-8167,-11942,30940,-1759,0,0,1,0,1,0
3284,1709895,-1043,1873,-5323,-4493,-17337,31140,-1278,0,0,1,0,1,0
3285,1710416,-1327,1813,-1132,-646,-22066,30143,-748,0,0,1,0,1,0
3286,1710937,-1561,1683,3103,3226,-25947,27988,-189,0,0,1,0,1,0
3287,1711458,-1734,1489,7218,6973,-28831,24758,377,0,0,1,0,1,0
3288,1711979,-1841,1238,11056,10453,-30607,20576,929,0,0,1,0,1,0
3289,1712500,-1877,939,14469,13531,-31207,15603,1445,0,0,1,0,1,0
3290,1713020,-1841,603,17326,16089,-30607,10031,1905,0,0,1,0,1,0
3291,1713541,-1734,245,19518,18028,-28831,4073,2292,0,0,1,0,1,0
3292,1714062,-1561,-123,20959,19275,-25947,-2041,2592,0,0,1,0,1,0
3293,1714583,-1327,-486,21594,19781,-22066,-8077,2791,0,0,1,0,1,0
3294,1715104,-1043,-830,21400,19527,-17337,-13802,2883,0,0,1,0,1,0
3295,1715625,-718,-1143,20384,18523,-11942,-18997,2865,0,0,1,0,1,0
3296,1716145,-366,-1411,18584,16806,-6088,-23462,2736,0,0,1,0,1,0
3297,1716666,0,-1626,16070,14444,0,-27026,2502,0,0,1,0,1,0
3298,1717187,366,-1777,12938,11527,6088,-29551,2172,0,0,1,0,1,0
3299,1717708,718,-1861,9309,8167,11942,-30940,1759,0,0,1,0,1,0
3300,1718229,1043,-1873,5323,4493,17337,-31140,1278,0,0,1,0,1,0
3301,1718750,1327,-1813,1132,646,22066,-30143,748,0,0,1,0,1,0
3302,1719270,1561,-1683,-3103,-3226,25947,-27988,189,0,0,1,0,1,0
3303,1719791,1734,-1489,-7218,-6973,28831,-24758,-377,0,0,1,0,1,0
3304,1720312,1841,-1238,-11056,-10453,30607,-20576,-929,0,0,1,0,1,0
3305,1720833,1877,-939,-14469,-13531,31207,-15603,-1445,0,0,1,0,1,0
3306,1721354,1841,-603,-17326,-16089,30607,-10031,-1905,0,0,1,0,1,0
3307,1721875,1734,-245,-19518,-18028,28831,-4073,-2292,0,0,1,0,1,0
3308,1722395,1561,123,-20959,-19275,25947,2041,-2592,0,0,1,0,1,0
3309,1722916,1327,486,-21594,-19781,22066,8077,-2791,0,0,1,0,1,0
3310,1723437,1043,830,-21400,-19527,17337,13802,-2883,0,0,1,0,1,0
3311,1723958,718,1143,-20384,-18523,11942,18997,-2865,0,0,1,0,1,0
3312,1724479,366,1411,-18584,-16806,6088,23462,-2736,0,0,1,0,1,0
3313,1725000,0,1626,-16070,-14444,0,27026,-2502,0,0,1,0,1,0
3314,1725520,-366,1777,-12938,-11527,-6088,29551,-2172,0,0,1,0,1,0
3315,1726041,-718,1861,-9309,-8167,-11942,30940,-1759,0,0,1,0,1,0
3316,1726562,-1043,1873,-5323,-4493,-17337,31140,-1278,0,0,1,0,1,0
3317,1727083,-1327,1813,-1132,-646,-22066,30143,-748,0,0,1,0,1,0
3318,1727604,-1561,1683,3103,3226,-25947,27988,-189,0,0,1,0,1,0
3319,1728125,-1734,1489,7218,6973,-28831,24758,377,0,0,1,0,1,0
3320,1728645,-1841,1238,11056,10453,-30607,20576,929,0,0,1,0,1,0
3321,1729166,-1877,939,14469,13531,-31207,15603,1445,0,0,1,0,1,0
3322,1729687,-1841,603,17326,16089,-30607,10031,1905,0,0,1,0,1,0
3323,1730208,-1734,245,19518,18028,-28831,4073,2292,0,0,1,0,1,0
3324,1730729,-1561,-123,20959,19275,-25947,-2041,2592,0,0,1,0,1,0
3325,1731250,-1327,-486,21594,19781,-22066,-8077,2791,0,0,1,0,1,0
3326,1731770,-1043,-830,21400,19527,-17337,-13802,2883,0,0,1,0,1,0
3327,1732291,-718,-1143,20384,18523,-11942,-18997,2865,0,0,1,0,1,0
3328,1732812,-366,-1411,18584,16806,-6088,-23462,2736,0,0,1,0,1,0
3329,1733333,0,-1626,16070,14444,0,-27026,2502,0,0,1,0,1,0
3330,1733854,366,-1777,12938,11527,6088,-29551,2172,0,0,1,0,1,0
3331,1734375,718,-1861,9309,8167,11942,-30940,1759,0,0,1,0,1,0
3332,1734895,1043,-1873,5323,4493,17337,-31140,1278,0,0,1,0,1,0
3333,1735416,1327,-1813,1132,646,22066,-30143,748,0,0,1,0,1,0
3334,1735937,1561,-1683,-3103,-3226,25947,-27988,189,0,0,1,0,1,0
3335,1736458,1734,-1489,-7218,-6973,28831,-24758,-377,0,0,1,0,1,0
3336,1736979,1841,-1238,-11056,-10453,30607,-20576,-929,0,0,1,0,1,0
3337,1737500,1877,-939,-14469,-13531,31207,-15603,-1445,0,0,1,0,1,0
3338,1738020,1841,-603,-17326,-16089,30607,-10031,-1905,0,0,1,0,1,0
3339,1738541,1734,-245,-19518,-18028,28831,-4073,-2292,0,0,1,0,1,0
3340,1739062,1561,123,-20959,-19275,25947,2041,-2592,0,0,1,0,1,0
3341,1739583,1327,486,-21594,-19781,22066,8077,-2791,0,0,1,0,1,0
3342,1740104,1043,830,-21400,-19527,17337,13802,-2883,0,0,1,0,1,0
3343,1740625,718,1143,-20384,-18523,11942,18997,-2865,0,0,1,0,1,0
3344,1741145,366,1411,-18584,-16806,6088,23462,-2736,0,0,1,0,1,0
3345,1741666,0,1626,-16070,-14444,0,27026,-2502,0,0,1,0,1,0
3346,1742187,-366,1777,-12938,-11527,-6088,29551,-2172,0,0,1,0,1,0
3347,1742708,-718,1861,-9309,-8167,-11942,30940,-1759,0,0,1,0,1,0
3348,1743229,-1043,1873,-5323,-4493,-17337,31140,-1278,0,0,1,0,1,0
3349,1743750,-1327,1813,-1132,-646,-22066,30143,-748,0,0,1,0,1,0
3350,1744270,-1561,1683,3103,3226,-25947,27988,-189,0,0,1,0,1,0
3351,1744791,-1734,1489,7218,6973,-28831,24758,377,0,0,1,0,1,0
3352,1745312,-1841,1238,11056,10453,-30607,20576,929,0,0,1,0,1,0
3353,1745833,-1877,939,14469,13531,-31207,15603,1445,0,0,1,0,1,0
3354,1746354,-1841,603,17326,16089,-30607,10031,1905,0,0,1,0,1,0
3355,1746875,-1734,245,19518,18028,-28831,4073,2292,0,0,1,0,1,0
3356,1747395,-1561,-123,20959,19275,-25947,-2041,2592,0,0,1,0,1,0
3357,1747916,-1327,-486,21594,19781,-22066,-8077,2791,0,0,1,0,1,0
3358,1748437,-1043,-830,21400,19527,-17337,-13802,2883,0,0,1,0,1,0
3359,1748958,-718,-1143,20384,18523,-11942,-18997,2865,0,0,1,0,1,0
3360,1749479,-366,-1411,18584,16806,-6088,-23462,2736,0,0,1,0,1,0
3361,1750000,0,-1626,16070,14444,0,-27026,2502,0,0,1,0,1,0
3362,1750520,366,-1777,12938,11527,6088,-29551,2172,0,0,1,0,1,0
3363,1751041,718,-1861,9309,8167,11942,-30940,1759,0,0,1,0,1,0
3364,1751562,1043,-1873,5323,4493,17337,-31140,1278,0,0,1,0,1,0
3365,1752083,1327,-1813,1132,646,22066,-30143,748,0,0,1,0,1,0
3366,1752604,1561,-1683,-3103,-3226,25947,-27988,189,0,0,1,0,1,0
3367,1753125,1734,-1489,-7218,-6973,28831,-24758,-377,0,0,1,0,1,0
3368,1753645,1841,-1238,-11056,-10453,30607,-20576,-929,0,0,1,0,1,0
3369,1754166,1877,-939,-14469,-13531,31207,-15603,-1445,0,0,1,0,1,0
3370,1754687,1841,-603,-17326,-16089,30607,-10031,-1905,0,0,1,0,1,0
3371,1755208,1734,-245,-19518,-18028,28831,-4073,-2292,0,0,1,0,1,0
3372,1755729,1561,123,-20959,-19275,25947,2041,-2592,0,0,1,0,1,0
3373,1756250,1327,486,-21594,-19781,22066,8077,-2791,0,0,1,0,1,0
3374,1756770,1043,830,-21400,-19527,17337,13802,-2883,0,0,1,0,1,0
3375,1757291,718,1143,-20384,-18523,11942,18997,-2865,0,0,1,0,1,0
3376,1757812,366,1411,-18584,-16806,6088,23462,-2736,0,0,1,0,1,0
3377,1758333,0,1626,-16070,-14444,0,27026,-2502,0,0,1,0,1,0
3378,1758854,-366,1777,-12938,-11527,-6088,29551,-2172,0,0,1,0,1,0
3379,1759375,-718,1861,-9309,-8167,-11942,30940,-1759,0,0,1,0,1,0
3380,1759895,-1043,1873,-5323,-4493,-17337,31140,-1278,0,0,1,0,1,0
3381,1760416,-1327,1813,-1132,-646,-22066,30143,-748,0,0,1,0,1,0
3382,1760937,-1561,1683,3103,3226,-25947,27988,-189,0,0,1,0,1,0
3383,1761458,-1734,1489,7218,6973,-28831,24758,377,0,0,1,0,1,0
3384,1761979,-1841,1238,11056,10453,-30607,20576,929,0,0,1,0,1,0
3385,1762500,-1877,939,14469,13531,-31207,15603,1445,0,0,1,0,1,0
3386,1763020,-1841,603,17326,16089,-30607,10031,1905,0,0,1,0,1,0
3387,1763541,-1734,245,19518,18028,-28831,4073,2292,0,0,1,0,1,0
3388,1764062,-1561,-123,20959,19275,-25947,-2041,2592,0,0,1,0,1,0
3389,1764583,-1327,-486,21594,19781,-22066,-8077,2791,0,0,1,0,1,0
3390,1765104,-1043,-830,21400,19527,-17337,-13802,2883,0,0,1,0,1,0
3391,1765625,-718,-1143,20384,18523,-11942,-18997,2865,0,0,1,0,1,0
3392,1766145,-366,-1411,18584,16806,-6088,-23462,2736,0,0,1,0,1,0
3393,1766666,0,-1626,16070,14444,0,-27026,2502,0,0,1,0,1,0
3394,1767187,366,-1777,12938,11527,6088,-29551,2172,0,0,1,0,1,0
3395,1767708,718,-1861,9309,8167,11942,-30940,1759,0,0,1,0,1,0
3396,1768229,1043,-1873,5323,4493,17337,-31140,1278,0,0,1,0,1,0
3397,1768750,1327,-1813,1132,646,22066,-30143,748,0,0,1,0,1,0
3398,1769270,1561,-1683,-3103,-3226,25947,-27988,189,0,0,1,0,1,0
3399,1769791,1734,-1489,-7218,-6973,28831,-24758,-377,0,0,1,0,1,0
3400,1770312,1841,-1238,-11056,-10453,30607,-20576,-929,0,0,1,0,1,0
3401,1770833,1877,-939,-14469,-13531,31207,-15603,-1445,0,0,1,0,1,0
3402,1771354,1841,-603,-17326,-16089,30607,-10031,-1905,0,0,1,0,1,0
3403,1771875,1734,-245,-19518,-18028,28831,-4073,-2292,0,0,1,0,1,0
3404,1772395,1561,123,-20959,-19275,25947,2041,-2592,0,0,1,0,1,0
3405,1772916,1327,486,-21594,-19781,22066,8077,-2791,0,0,1,0,1,0
3406,1773437,1043,830,-21400,-19527,17337,13802,-2883,0,0,1,0,1,0
3407,1773958,718,1143,-20384,-18523,11942,18997,-2865,0,0,1,0,1,0
3408,1774479,366,1411,-18584,-16806,6088,23462,-2736,0,0,1,0,1,0
3409,1775000,0,1626,-16070,-14444,0,27026,-2502,0,0,1,0,1,0
3410,1775520,-366,1777,-12938,-11527,-6088,29551,-2172,0,0,1,0,1,0
3411,1776041,-718,1861,-9309,-8167,-11942,30940,-1759,0,0,1,0,1,0
3412,1776562,-1043,1873,-5323,-4493,-17337,31140,-1278,0,0,1,0,1,0
3413,1777083,-1327,1813,-1132,-646,-22066,30143,-748,0,0,1,0,1,0
3414,1777604,-1561,1683,3103,3226,-25947,27988,-189,0,0,1,0,1,0
3415,1778125,-1734,1489,7218,6973,-28831,24758,377,0,0,1,0,1,0
3416,1778645,-1841,1238,11056,10453,-30607,20576,929,0,0,1,0,1,0
3417,1779166,-1877,939,14469,13531,-31207,15603,1445,0,0,1,0,1,0
3418,1779687,-1841,603,17326,16089,-30607,10031,1905,0,0,1,0,1,0
3419,1780208,-1734,245,19518,18028,-28831,4073,2292,0,0,1,0,1,0
3420,1780729,-1561,-123,20959,19275,-25947,-2041,2592,0,0,1,0,1,0
3421,1781250,-1327,-486,21594,19781,-22066,-8077,2791,0,0,1,0,1,0
3422,1781770,-1043,-830,21400,19527,-17337,-13802,2883,0,0,1,0,1,0
3423,1782291,-718,-1143,20384,18523,-11942,-18997,2865,0,0,1,0,1,0
3424,1782812,-366,-1411,18584,16806,-6088,-23462,2736,0,0,1,0,1,0
3425,1783333,0,-1626,16070,14444,0,-27026,2502,0,0,1,0,1,0
3426,1783854,366,-1777,12938,11527,6088,-29551,2172,0,0,1,0,1,0
3427,1784375,718,-1861,9309,8167,11942,-30940,1759,0,0,1,0,1,0
3428,1784895,1043,-1873,5323,4493,17337,-31140,1278,0,0,1,0,1,0
3429,1785416,1327,-1813,1132,646,22066,-30143,748,0,0,1,0,1,0
3430,1785937,1561,-1683,-3103,-3226,25947,-27988,189,0,0,1,0,1,0
3431,1786458,1734,-1489,-7218,-6973,28831,-24758,-377,0,0,1,0,1,0
3432,1786979,1841,-1238,-11056,-10453,30607,-20576,-929,0,0,1,0,1,0
3433,1787500,1877,-939,-14469,-13531,31207,-15603,-1445,0,0,1,0,1,0
3434,1788020,1841,-603,-17326,-16089,30607,-10031,-1905,0,0,1,0,1,0
3435,1788541,1734,-245,-19518,-18028,28831,-4073,-2292,0,0,1,0,1,0
3436,1789062,1561,123,-20959,-19275,25947,2041,-2592,0,0,1,0,1,0
3437,1789583,1327,486,-21594,-19781,22066,8077,-2791,0,0,1,0,1,0
3438,1790104,1043,830,-21400,-19527,17337,13802,-2883,0,0,1,0,1,0
3439,1790625,718,1143,-20384,-18523,11942,18997,-2865,0,0,1,0,1,0
3440,1791145,366,1411,-18584,-16806,6088,23462,-2736,0,0,1,0,1,0
3441,1791666,0,1626,-16070,-14444,0,27026,-2502,0,0,1,0,1,0
3442,1792187,-366,1777,-12938,-11527,-6088,29551,-2172,0,0,1,0,1,0
3443,1792708,-718,1861,-9309,-8167,-11942,30940,-1759,0,0,1,0,1,0
3444,1793229,-1043,1873,-5323,-4493,-17337,31140,-1278,0,0,1,0,1,0
3445,1793750,-1327,1813,-1132,-646,-22066,30143,-748,0,0,1,0,1,0
3446,1794270,-1561,1683,3103,3226,-25947,27988,-189,0,0,1,0,1,0
3447,1794791,-1734,1489,7218,6973,-28831,24758,377,0,0,1,0,1,0
3448,1795312,-1841,1238,11056,10453,-30607,20576,929,0,0,1,0,1,0
3449,1795833,-1877,939,14469,13531,-31207,15603,1445,0,0,1,0,1,0
3450,1796354,-1841,603,17326,16089,-30607,10031,1905,0,0,1,0,1,0
3451,1796875,-1734,245,19518,18028,-28831,4073,2292,0,0,1,0,1,0
3452,1797395,-1561,-123,20959,19275,-25947,-2041,2592,0,0,1,0,1,0
3453,1797916,-1327,-486,21594,19781,-22066,-8077,2791,0,0,1,0,1,0
3454,1798437,-1043,-830,21400,19527,-17337,-13802,2883,0,0,1,0,1,0
3455,1798958,-718,-1143,20384,18523,-11942,-18997,2865,0,0,1,0,1,0
3456,1799479,-366,-1411,18584,16806,-6088,-23462,2736,0,0,1,0,1,0
3457,1800000,0,-1626,16070,14444,0,-27026,2502,0,0,1,0,1,0
3458,1800520,366,-1777,12938,11527,6088,-29551,2172,0,0,1,0,1,0
3459,1801041,718,-1861,9309,8167,11942,-30940,1759,0,0,1,0,1,0
3460,1801562,1043,-1873,5323,4493,17337,-31140,1278,0,0,1,0,1,0
3461,1802083,1327,-1813,1132,646,22066,-30143,748,0,0,1,0,1,0
3462,1802604,1561,-1683,-3103,-3226,25947,-27988,189,0,0,1,0,1,0
3463,1803125,1734,-1489,-7218,-6973,28831,-24758,-377,0,0,1,0,1,0
3464,1803645,1841,-1238,-11056,-10453,30607,-20576,-929,0,0,1,0,1,0
3465,1804166,1877,-939,-14469,-13531,31207,-15603,-1445,0,0,1,0,1,0
3466,1804687,1841,-603,-17326,-16089,30607,-10031,-1905,0,0,1,0,1,0
3467,1805208,1734,-245,-19518,-18028,28831,-4073,-2292,0,0,1,0,1,0
3468,1805729,1561,123,-20959,-19275,25947,2041,-2592,0,0,1,0,1,0
3469,1806250,1327,486,-21594,-19781,22066,8077,-2791,0,0,1,0,1,0
3470,1806770,1043,830,-21400,-19527,17337,13802,-2883,0,0,1,0,1,0
3471,1807291,718,1143,-20384,-18523,11942,18997,-2865,0,0,1,0,1,0
3472,1807812,366,1411,-18584,-16806,6088,23462,-2736,0,0,1,0,1,0
3473,1808333,0,1626,-16070,-14444,0,27026,-2502,0,0,1,0,1,0
3474,1808854,-366,1777,-12938,-11527,-6088,29551,-2172,0,0,1,0,1,0
3475,1809375,-718,1861,-9309,-8167,-11942,30940,-1759,0,0,1,0,1,0
3476,1809895,-1043,1873,-5323,-4493,-17337,31140,-1278,0,0,1,0,1,0
3477,1810416,-1327,1813,-1132,-646,-22066,30143,-748,0,0,1,0,1,0
3478,1810937,-1561,1683,3103,3226,-25947,27988,-189,0,0,1,0,1,0
3479,1811458,-1734,1489,7218,6973,-28831,24758,377,0,0,1,0,1,0
3480,1811979,-1841,1238,11056,10453,-30607,20576,929,0,0,1,0,1,0
3481,1812500,-1877,939,14469,13531,-31207,15603,1445,0,0,1,0,1,0
3482,1813020,-1841,603,17326,16089,-30607,10031,1905,0,0,1,0,1,0
3483,1813541,-1734,245,19518,18028,-28831,4073,2292,0,0,1,0,1,0
3484,1814062,-1561,-123,20959,19275,-25947,-2041,2592,0,0,1,0,1,0
3485,1814583,-1327,-486,21594,19781,-22066,-8077,2791,0,0,1,0,1,0
3486,1815104,-1043,-830,21400,19527,-17337,-13802,2883,0,0,1,0,1,0
3487,1815625,-718,-1143,20384,18523,-11942,-18997,2865,0,0,1,0,1,0
3488,1816145,-366,-1411,18584,16806,-6088,-23462,2736,0,0,1,0,1,0
3489,1816666,0,-1626,16070,14444,0,-27026,2502,0,0,1,0,1,0
3490,1817187,366,-1777,12938,11527,6088,-29551,2172,0,0,1,0,1,0
3491,1817708,718,-1861,9309,8167,11942,-30940,1759,0,0,1,0,1,0
3492,1818229,1043,-1873,5323,4493,17337,-31140,1278,0,0,1,0,1,0
3493,1818750,1327,-1813,1132,646,22066,-30143,748,0,0,1,0,1,0
3494,1819270,1561,-1683,-3103,-3226,25947,-27988,189,0,0,1,0,1,0
3495,1819791,1734,-1489,-7218,-6973,28831,-24758,-377,0,0,1,0,1,0
3496,1820312,1841,-1238,-11056,-10453,30607,-20576,-929,0,0,1,0,1,0
3497,1820833,1877,-939,-14469,-13531,31207,-15603,-1445,0,0,1,0,1,0
3498,1821354,1841,-603,-17326,-16089,30607,-10031,-1905,0,0,1,0,1,0
3499,1821875,1734,-245,-19518,-18028,28831,-4073,-2292,0,0,1,0,1,0
3500,1822395,1561,123,-20959,-19275,25947,2041,-2592,0,0,1,0,1,0
3501,1822916,1327,486,-21594,-19781,22066,8077,-2791,0,0,1,0,1,0
3502,1823437,1043,830,-21400,-19527,17337,13802,-2883,0,0,1,0,1,0
3503,1823958,718,1143,-20384,-18523,11942,18997,-2865,0,0,1,0,1,0
3504,1824479,366,1411,-18584,-16806,6088,23462,-2736,0,0,1,0,1,0
3505,1825000,0,1626,-16070,-14444,0,27026,-2502,0,0,1,0,1,0
3506,1825520,-366,1777,-12938,-11527,-6088,29551,-2172,0,0,1,0,1,0
3507,1826041,-718,1861,-9309,-8167,-11942,30940,-1759,0,0,1,0,1,0
3508,1826562,-1043,1873,-5323,-4493,-17337,31140,-1278,0,0,1,0,1,0
3509,1827083,-1327,1813,-1132,-646,-22066,30143,-748,0,0,1,0,1,0
3510,1827604,-1561,1683,3103,3226,-25947,27988,-189,0,0,1,0,1,0
3511,1828125,-1734,1489,7218,6973,-28831,24758,377,0,0,1,0,1,0
3512,1828645,-1841,1238,11056,10453,-30607,20576,929,0,0,1,0,1,0
3513,1829166,-1877,939,14469,13531,-31207,15603,1445,0,0,1,0,1,0
3514,1829687,-1841,603,17326,16089,-30607,10031,1905,0,0,1,0,1,0
3515,1830208,-1734,245,19518,18028,-28831,4073,2292,0,0,1,0,1,0
3516,1830729,-1561,-123,20959,19275,-25947,-2041,2592,0,0,1,0,1,0
3517,1831250,-1327,-486,21594,19781,-22066,-8077,2791,0,0,1,0,1,0
3518,1831770,-1043,-830,21400,19527,-17337,-13802,2883,0,0,1,0,1,0
3519,1832291,-718,-1143,20384,18523,-11942,-18997,2865,0,0,1,0,1,0
3520,1832812,-366,-1411,18584,16806,-6088,-23462,2736,0,0,1,0,1,0
3521,1833333,0,-1626,16070,14444,0,-27026,2502,0,0,1,0,1,0
3522,1833854,366,-1777,12938,11527,6088,-29551,2172,0,0,1,0,1,0
3523,1834375,718,-1861,9309,8167,11942,-30940,1759,0,0,1,0,1,0
3524,1834895,1043,-1873,5323,4493,17337,-31140,1278,0,0,1,0,1,0
3525,1835416,1327,-1813,1132,646,22066,-30143,748,0,0,1,0,1,0
3526,1835937,1561,-1683,-3103,-3226,25947,-27988,189,0,0,1,0,1,0
3527,1836458,1734,-1489,-7218,-6973,28831,-24758,-377,0,0,1,0,1,0
3528,1836979,1841,-1238,-11056,-10453,30607,-20576,-929,0,0,1,0,1,0
3529,1837500,1877,-939,-14469,-13531,31207,-15603,-1445,0,0,1,0,1,0
3530,1838020,1841,-603,-17326,-16089,30607,-10031,-1905,0,0,1,0,1,0
3531,1838541,1734,-245,-19518,-18028,28831,-4073,-2292,0,0,1,0,1,0
3532,1839062,1561,123,-20959,-19275,25947,2041,-2592,0,0,1,0,1,0
3533,1839583,1327,486,-21594,-19781,22066,8077,-2791,0,0,1,0,1,0
3534,1840104,1043,830,-21400,-19527,17337,13802,-2883,0,0,1,0,1,0
3535,1840625,718,1143,-20384,-18523,11942,18997,-2865,0,0,1,0,1,0
3536,1841145,366,1411,-18584,-16806,6088,23462,-2736,0,0,1,0,1,0
3537,1841666,0,1626,-16070,-14444,0,27026,-2502,0,0,1,0,1,0
3538,1842187,-366,1777,-12938,-11527,-6088,29551,-2172,0,0,1,0,1,0
3539,1842708,-718,1861,-9309,-8167,-11942,30940,-1759,0,0,1,0,1,0
3540,1843229,-1043,1873,-5323,-4493,-17337,31140,-1278,0,0,1,0,1,0
3541,1843750,-1327,1813,-1132,-646,-22066,30143,-748,0,0,1,0,1,0
3542,1844270,-1561,1683,3103,3226,-25947,27988,-189,0,0,1,0,1,0
3543,1844791,-1734,1489,7218,6973,-28831,24758,377,0,0,1,0,1,0
3544,1845312,-1841,1238,11056,10453,-30607,20576,929,0,0,1,0,1,0
3545,1845833,-1877,939,14469,13531,-31207,15603,1445,0,0,1,0,1,0
3546,1846354,-1841,603,17326,16089,-30607,10031,1905,0,0,1,0,1,0
3547,1846875,-1734,245,19518,18028,-28831,4073,2292,0,0,1,0,1,0
3548,1847395,-1561,-123,20959,19275,-25947,-2041,2592,0,0,1,0,1,0
3549,1847916,-1327,-486,21594,19781,-22066,-8077,2791,0,0,1,0,1,0
3550,1848437,-1043,-830,21400,19527,-17337,-13802,2883,0,0,1,0,1,0
3551,1848958,-718,-1143,20384,18523,-11942,-18997,2865,0,0,1,0,1,0
3552,1849479,-366,-1411,18584,16806,-6088,-23462,2736,0,0,1,0,1,0
3553,1850000,0,-1626,16070,14444,0,-27026,2502,0,0,1,0,1,0
3554,1850520,366,-1777,12938,11527,6088,-29551,2172,0,0,1,0,1,0
3555,1851041,718,-1861,9309,8167,11942,-30940,1759,0,0,1,0,1,0
3556,1851562,1043,-1873,5323,4493,17337,-31140,1278,0,0,1,0,1,0
3557,1852083,1327,-1813,1132,646,22066,-30143,748,0,0,1,0,1,0
3558,1852604,1561,-1683,-3103,-3226,25947,-27988,189,0,0,1,0,1,0
3559,1853125,1734,-1489,-7218,-6973,28831,-24758,-377,0,0,1,0,1,0
3560,1853645,1841,-1238,-11056,-10453,30607,-20576,-929,0,0,1,0,1,0
3561,1854166,1877,-939,-14469,-13531,31207,-15603,-1445,0,0,1,0,1,0
3562,1854687,1841,-603,-17326,-16089,30607,-10031,-1905,0,0,1,0,1,0
3563,1855208,1734,-245,-19518,-18028,28831,-4073,-2292,0,0,1,0,1,0
3564,1855729,1561,123,-20959,-19275,25947,2041,-2592,0,0,1,0,1,0
3565,1856250,1327,486,-21594,-19781,22066,8077,-2791,0,0,1,0,1,0
3566,1856770,1043,830,-21400,-19527,17337,13802,-2883,0,0,1,0,1,0
3567,1857291,718,1143,-20384,-18523,11942,18997,-2865,0,0,1,0,1,0
3568,1857812,366,1411,-18584,-16806,6088,23462,-2736,0,0,1,0,1,0
3569,1858333,0,1626,-16070,-14444,0,27026,-2502,0,0,1,0,1,0
3570,1858854,-366,1777,-12938,-11527,-6088,29551,-2172,0,0,1,0,1,0
3571,1859375,-718,1861,-9309,-8167,-11942,30940,-1759,0,0,1,0,1,0
3572,1859895,-1043,1873,-5323,-4493,-17337,31140,-1278,0,0,1,0,1,0
3573,1860416,-1327,1813,-1132,-646,-22066,30143,-748,0,0,1,0,1,0
3574,1860937,-1561,1683,3103,3226,-25947,27988,-189,0,0,1,0,1,0
3575,1861458,-1734,1489,7218,6973,-28831,24758,377,0,0,1,0,1,0
3576,1861979,-1841,1238,11056,10453,-30607,20576,929,0,0,1,0,1,0
3577,1862500,-1877,939,14469,13531,-31207,15603,1445,0,0,1,0,1,0
3578,1863020,-1841,603,17326,16089,-30607,10031,1905,0,0,1,0,1,0
3579,1863541,-1734,245,19518,18028,-28831,4073,2292,0,0,1,0,1,0
3580,1864062,-1561,-123,20959,19275,-25947,-2041,2592,0,0,1,0,1,0
3581,1864583,-1327,-486,21594,19781,-22066,-8077,2791,0,0,1,0,1,0
3582,1865104,-1043,-830,21400,19527,-17337,-13802,2883,0,0,1,0,1,0
3583,1865625,-718,-1143,20384,18523,-11942,-18997,2865,0,0,1,0,1,0
3584,1866145,-366,-1411,18584,16806,-6088,-23462,2736,0,0,1,0,1,0
3585,1866666,0,-1626,16070,14444,0,-27026,2502,0,0,1,0,1,0
3586,1867187,366,-1777,12938,11527,6088,-29551,2172,0,0,1,0,1,0
3587,1867708,718,-1861,9309,8167,11942,-30940,1759,0,0,1,0,1,0
3588,1868229,1043,-1873,5323,4493,17337,-31140,1278,0,0,1,0,1,0
3589,1868750,1327,-1813,1132,646,22066,-30143,748,0,0,1,0,1,0
3590,1869270,1561,-1683,-3103,-3226,25947,-27988,189,0,0,1,0,1,0
3591,1869791,1734,-1489,-7218,-6973,28831,-24758,-377,0,0,1,0,1,0
3592,1870312,1841,-1238,-11056,-10453,30607,-20576,-929,0,0,1,0,1,0
3593,1870833,1877,-939,-14469,-13531,31207,-15603,-1445,0,0,1,0,1,0
3594,1871354,1841,-603,-17326,-16089,30607,-10031,-1905,0,0,1,0,1,0
3595,1871875,1734,-245,-19518,-18028,28831,-4073,-2292,0,0,1,0,1,0
3596,1872395,1561,123,-20959,-19275,25947,2041,-2592,0,0,1,0,1,0
3597,1872916,1327,486,-21594,-19781,22066,8077,-2791,0,0,1,0,1,0
3598,1873437,1043,830,-21400,-19527,17337,13802,-2883,0,0,1,0,1,0
3599,1873958,718,1143,-20384,-18523,11942,18997,-2865,0,0,1,0,1,0
3600,1874479,366,1411,-18584,-16806,6088,23462,-2736,0,0,1,0,1,0
3601,1875000,0,1626,-16070,-14444,0,27026,-2502,0,0,1,0,1,0
3602,1875520,-366,1777,-12938,-11527,-6088,29551,-2172,0,0,1,0,1,0
3603,1876041,-718,1861,-9309,-8167,-11942,30940,-1759,0,0,1,0,1,0
3604,1876562,-1043,1873,-5323,-4493,-17337,31140,-1278,0,0,1,0,1,0
3605,1877083,-1327,1813,-1132,-646,-22066,30143,-748,0,0,1,0,1,0
3606,1877604,-1561,1683,3103,3226,-25947,27988,-189,0,0,1,0,1,0
3607,1878125,-1734,1489,7218,6973,-28831,24758,377,0,0,1,0,1,0
3608,1878645,-1841,1238,11056,10453,-30607,20576,929,0,0,1,0,1,0
3609,1879166,-1877,939,14469,13531,-31207,15603,1445,0,0,1,0,1,0
3610,1879687,-1841,603,17326,16089,-30607,10031,1905,0,0,1,0,1,0
3611,1880208,-1734,245,19518,18028,-28831,4073,2292,0,0,1,0,1,0
3612,1880729,-1561,-123,20959,19275,-25947,-2041,2592,0,0,1,0,1,0
3613,1881250,-1327,-486,21594,19781,-22066,-8077,2791,0,0,1,0,1,0
3614,1881770,-1043,-830,21400,19527,-17337,-13802,2883,0,0,1,0,1,0
3615,1882291,-718,-1143,20384,18523,-11942,-18997,2865,0,0,1,0,1,0
3616,1882812,-366,-1411,18584,16806,-6088,-23462,2736,0,0,1,0,1,0
3617,1883333,0,-1626,16070,14444,0,-27026,2502,0,0,1,0,1,0
3618,1883854,366,-1777,12938,11527,6088,-29551,2172,0,0,1,0,1,0
3619,1884375,718,-1861,9309,8167,11942,-30940,1759,0,0,1,0,1,0
3620,1884895,1043,-1873,5323,4493,17337,-31140,1278,0,0,1,0,1,0
3621,1885416,1327,-1813,1132,646,22066,-30143,748,0,0,1,0,1,0
3622,1885937,1561,-1683,-3103,-3226,25947,-27988,189,0,0,1,0,1,0
3623,1886458,1734,-1489,-7218,-6973,28831,-24758,-377,0,0,1,0,1,0
3624,1886979,1841,-1238,-11056,-10453,30607,-20576,-929,0,0,1,0,1,0
3625,1887500,1877,-939,-14469,-13531,31207,-15603,-1445,0,0,1,0,1,0
3626,1888020,1841,-603,-17326,-16089,30607,-10031,-1905,0,0,1,0,1,0
3627,1888541,1734,-245,-19518,-18028,28831,-4073,-2292,0,0,1,0,1,0
3628,1889062,1561,123,-20959,-19275,25947,2041,-2592,0,0,1,0,1,0
3629,1889583,1327,486,-21594,-19781,22066,8077,-2791,0,0,1,0,1,0
3630,1890104,1043,830,-21400,-19527,17337,13802,-2883,0,0,1,0,1,0
3631,1890625,718,1143,-20384,-18523,11942,18997,-2865,0,0,1,0,1,0
3632,1891145,366,1411,-18584,-16806,6088,23462,-2736,0,0,1,0,1,0
3633,1891666,0,1626,-16070,-14444,0,27026,-2502,0,0,1,0,1,0
3634,1892187,-366,1777,-12938,-11527,-6088,29551,-2172,0,0,1,0,1,0
3635,1892708,-718,1861,-9309,-8167,-11942,30940,-1759,0,0,1,0,1,0
3636,1893229,-1043,1873,-5323,-4493,-17337,31140,-1278,0,0,1,0,1,0
3637,1893750,-1327,1813,-1132,-646,-22066,30143,-748,0,0,1,0,1,0
3638,1894270,-1561,1683,3103,3226,-25947,27988,-189,0,0,1,0,1,0
3639,1894791,-1734,1489,7218,6973,-28831,24758,377,0,0,1,0,1,0
3640,1895312,-1841,1238,11056,10453,-30607,20576,929,0,0,1,0,1,0
3641,1895833,-1877,939,14469,13531,-31207,15603,1445,0,0,1,0,1,0
3642,1896354,-1841,603,17326,16089,-30607,10031,1905,0,0,1,0,1,0
3643,1896875,-1734,245,19518,18028,-28831,4073,2292,0,0,1,0,1,0
3644,1897395,-1561,-123,20959,19275,-25947,-2041,2592,0,0,1,0,1,0
3645,1897916,-1327,-486,21594,19781,-22066,-8077,2791,0,0,1,0,1,0
3646,1898437,-1043,-830,21400,19527,-17337,-13802,2883,0,0,1,0,1,0
3647,1898958,-718,-1143,20384,18523,-11942,-18997,2865,0,0,1,0,1,0
3648,1899479,-366,-1411,18584,16806,-6088,-23462,2736,0,0,1,0,1,0
3649,1900000,0,-1626,16070,14444,0,-27026,2502,0,0,1,0,1,0
3650,1900520,366,-1777,12938,11527,6088,-29551,2172,0,0,1,0,1,0
3651,1901041,718,-1861,9309,8167,11942,-30940,1759,0,0,1,0,1,0
3652,1901562,1043,-1873,5323,4493,17337,-31140,1278,0,0,1,0,1,0
3653,1902083,1327,-1813,1132,646,22066,-30143,748,0,0,1,0,1,0
3654,1902604,1561,-1683,-3103,-3226,25947,-27988,189,0,0,1,0,1,0
3655,1903125,1734,-1489,-7218,-6973,28831,-24758,-377,0,0,1,0,1,0
3656,1903645,1841,-1238,-11056,-10453,30607,-20576,-929,0,0,1,0,1,0
3657,1904166,1877,-939,-14469,-13531,31207,-15603,-1445,0,0,1,0,1,0
3658,1904687,1841,-603,-17326,-16089,30607,-10031,-1905,0,0,1,0,1,0
3659,1905208,1734,-245,-19518,-18028,28831,-4073,-2292,0,0,1,0,1,0
3660,1905729,1561,123,-20959,-19275,25947,2041,-2592,0,0,1,0,1,0
3661,1906250,1327,486,-21594,-19781,22066,8077,-2791,0,0,1,0,1,0
3662,1906770,1043,830,-21400,-19527,17337,13802,-2883,0,0,1,0,1,0
3663,1907291,718,1143,-20384,-18523,11942,18997,-2865,0,0,1,0,1,0
3664,1907812,366,1411,-18584,-16806,6088,23462,-2736,0,0,1,0,1,0
3665,1908333,0,1626,-16070,-14444,0,27026,-2502,0,0,1,0,1,0
3666,1908854,-366,1777,-12938,-11527,-6088,29551,-2172,0,0,1,0,1,0
3667,1909375,-718,1861,-9309,-8167,-11942,30940,-1759,0,0,1,0,1,0
3668,1909895,-1043,1873,-5323,-4493,-17337,31140,-1278,0,0,1,0,1,0
3669,1910416,-1327,1813,-1132,-646,-22066,30143,-748,0,0,1,0,1,0
3670,1910937,-1561,1683,3103,3226,-25947,27988,-189,0,0,1,0,1,0
3671,1911458,-1734,1489,7218,6973,-28831,24758,377,0,0,1,0,1,0
3672,1911979,-1841,1238,11056,10453,-30607,20576,929,0,0,1,0,1,0
3673,1912500,-1877,939,14469,13531,-31207,15603,1445,0,0,1,0,1,0
3674,1913020,-1841,603,17326,16089,-30607,10031,1905,0,0,1,0,1,0
3675,1913541,-1734,245,19518,18028,-28831,4073,2292,0,0,1,0,1,0
3676,1914062,-1561,-123,20959,19275,-25947,-2041,2592,0,0,1,0,1,0
3677,1914583,-1327,-486,21594,19781,-22066,-8077,2791,0,0,1,0,1,0
3678,1915104,-1043,-830,21400,19527,-17337,-13802,2883,0,0,1,0,1,0
3679,1915625,-718,-1143,20384,18523,-11942,-18997,2865,0,0,1,0,1,0
3680,1916145,-366,-1411,18584,16806,-6088,-23462,2736,0,0,1,0,1,0
3681,1916666,0,-1626,16070,14444,0,-27026,2502,0,0,1,0,1,0
3682,1917187,366,-1777,12938,11527,6088,-29551,2172,0,0,1,0,1,0
3683,1917708,718,-1861,9309,8167,11942,-30940,1759,0,0,1,0,1,0
3684,1918229,1043,-1873,5323,4493,17337,-31140,1278,0,0,1,0,1,0
3685,1918750,1327,-1813,1132,646,22066,-30143,748,0,0,1,0,1,0
3686,1919270,1561,-1683,-3103,-3226,25947,-27988,189,0,0,1,0,1,0
3687,1919791,1734,-1489,-7218,-6973,28831,-24758,-377,0,0,1,0,1,0
3688,1920312,1841,-1238,-11056,-10453,30607,-20576,-929,0,0,1,0,1,0
3689,1920833,1877,-939,-14469,-13531,31207,-15603,-1445,0,0,1,0,1,0
3690,1921354,1841,-603,-17326,-16089,30607,-10031,-1905,0,0,1,0,1,0
3691,1921875,1734,-245,-19518,-18028,28831,-4073,-2292,0,0,1,0,1,0
3692,1922395,1561,123,-20959,-19275,25947,2041,-2592,0,0,1,0,1,0
3693,1922916,1327,486,-21594,-19781,22066,8077,-2791,0,0,1,0,1,0
3694,1923437,1043,830,-21400,-19527,17337,13802,-2883,0,0,1,0,1,0
3695,1923958,718,1143,-20384,-18523,11942,18997,-2865,0,0,1,0,1,0
3696,1924479,366,1411,-18584,-16806,6088,23462,-2736,0,0,1,0,1,0
3697,1925000,0,1626,-16070,-14444,0,27026,-2502,0,0,1,0,1,0
3698,1925520,-366,1777,-12938,-11527,-6088,29551,-2172,0,0,1,0,1,0
3699,1926041,-718,1861,-9309,-8167,-11942,30940,-1759,0,0,1,0,1,0
3700,1926562,-1043,1873,-5323,-4493,-17337,31140,-1278,0,0,1,0,1,0
3701,1927083,-1327,1813,-1132,-646,-22066,30143,-748,0,0,1,0,1,0
3702,1927604,-1561,1683,3103,3226,-25947,27988,-189,0,0,1,0,1,0
3703,1928125,-1734,1489,7218,6973,-28831,24758,377,0,0,1,0,1,0
3704,1928645,-1841,1238,11056,10453,-30607,20576,929,0,0,1,0,1,0
3705,1929166,-1877,939,14469,13531,-31207,15603,1445,0,0,1,0,1,0
3706,1929687,-1841,603,17326,16089,-30607,10031,1905,0,0,1,0,1,0
3707,1930208,-1734,245,19518,18028,-28831,4073,2292,0,0,1,0,1,0
3708,1930729,-1561,-123,20959,19275,-25947,-2041,2592,0,0,1,0,1,0
3709,1931250,-1327,-486,21594,19781,-22066,-8077,2791,0,0,1,0,1,0
3710,1931770,-1043,-830,21400,19527,-17337,-13802,2883,0,0,1,0,1,0
3711,1932291,-718,-1143,20384,18523,-11942,-18997,2865,0,0,1,0,1,0
3712,1932812,-366,-1411,18584,16806,-6088,-23462,2736,0,0,1,0,1,0
3713,1933333,0,-1626,16070,14444,0,-27026,2502,0,0,1,0,1,0
3714,1933854,366,-1777,12938,11527,6088,-29551,2172,0,0,1,0,1,0
3715,1934375,718,-1861,9309,8167,11942,-30940,1759,0,0,1,0,1,0
3716,1934895,1043,-1873,5323,4493,17337,-31140,1278,0,0,1,0,1,0
3717,1935416,1327,-1813,1132,646,22066,-30143,748,0,0,1,0,1,0
3718,1935937,1561,-1683,-3103,-3226,25947,-27988,189,0,0,1,0,1,0
3719,1936458,1734,-1489,-7218,-6973,28831,-24758,-377,0,0,1,0,1,0
3720,1936979,1841,-1238,-11056,-10453,30607,-20576,-929,0,0,1,0,1,0
3721,1937500,1877,-939,-14469,-13531,31207,-15603,-1445,0,0,1,0,1,0
3722,1938020,1841,-603,-17326,-16089,30607,-10031,-1905,0,0,1,0,1,0
3723,1938541,1734,-245,-19518,-18028,28831,-4073,-2292,0,0,1,0,1,0
3724,1939062,1561,123,-20959,-19275,25947,2041,-2592,0,0,1,0,1,0
3725,1939583,1327,486,-21594,-19781,22066,8077,-2791,0,0,1,0,1,0
3726,1940104,1043,830,-21400,-19527,17337,13802,-2883,0,0,1,0,1,0
3727,1940625,718,1143,-20384,-18523,11942,18997,-2865,0,0,1,0,1,0
3728,1941145,366,1411,-18584,-16806,6088,23462,-2736,0,0,1,0,1,0
3729,1941666,0,1626,-16070,-14444,0,27026,-2502,0,0,1,0,1,0
3730,1942187,-366,1777,-12938,-11527,-6088,29551,-2172,0,0,1,0,1,0
3731,1942708,-718,1861,-9309,-8167,-11942,30940,-1759,0,0,1,0,1,0
3732,1943229,-1043,1873,-5323,-4493,-17337,31140,-1278,0,0,1,0,1,0
3733,1943750,-1327,1813,-1132,-646,-22066,30143,-748,0,0,1,0,1,0
3734,1944270,-1561,1683,3103,3226,-25947,27988,-189,0,0,1,0,1,0
3735,1944791,-1734,1489,7218,6973,-28831,24758,377,0,0,1,0,1,0
3736,1945312,-1841,1238,11056,10453,-30607,20576,929,0,0,1,0,1,0
3737,1945833,-1877,939,14469,13531,-31207,15603,1445,0,0,1,0,1,0
3738,1946354,-1841,603,17326,16089,-30607,10031,1905,0,0,1,0,1,0
3739,1946875,-1734,245,19518,18028,-28831,4073,2292,0,0,1,0,1,0
3740,1947395,-1561,-123,20959,19275,-25947,-2041,2592,0,0,1,0,1,0
3741,1947916,-1327,-486,21594,19781,-22066,-8077,2791,0,0,1,0,1,0
3742,1948437,-1043,-830,21400,19527,-17337,-13802,2883,0,0,1,0,1,0
3743,1948958,-718,-1143,20384,18523,-11942,-18997,2865,0,0,1,0,1,0
3744,1949479,-366,-1411,18584,16806,-6088,-23462,2736,0,0,1,0,1,0
3745,1950000,0,-1626,16070,14444,0,-27026,2502,0,0,1,0,1,0
3746,1950520,366,-1777,12938,11527,6088,-29551,2172,0,0,1,0,1,0
3747,1951041,718,-1861,9309,8167,11942,-30940,1759,0,0,1,0,1,0
3748,1951562,1043,-1873,5323,4493,17337,-31140,1278,0,0,1,0,1,0
3749,1952083,1327,-1813,1132,646,22066,-30143,748,0,0,1,0,1,0
3750,1952604,1561,-1683,-3103,-3226,25947,-27988,189,0,0,1,0,1,0
3751,1953125,1734,-1489,-7218,-6973,28831,-24758,-377,0,0,1,0,1,0
3752,1953645,1841,-1238,-11056,-10453,30607,-20576,-929,0,0,1,0,1,0
3753,1954166,1877,-939,-14469,-13531,31207,-15603,-1445,0,0,1,0,1,0
3754,1954687,1841,-603,-17326,-16089,30607,-10031,-1905,0,0,1,0,1,0
3755,1955208,1734,-245,-19518,-18028,28831,-4073,-2292,0,0,1,0,1,0
3756,1955729,1561,123,-20959,-19275,25947,2041,-2592,0,0,1,0,1,0
3757,1956250,1327,486,-21594,-19781,22066,8077,-2791,0,0,1,0,1,0
3758,1956770,1043,830,-21400,-19527,17337,13802,-2883,0,0,1,0,1,0
3759,1957291,718,1143,-20384,-18523,11942,18997,-2865,0,0,1,0,1,0
3760,1957812,366,1411,-18584,-16806,6088,23462,-2736,0,0,1,0,1,0
3761,1958333,0,1626,-16070,-14444,0,27026,-2502,0,0,1,0,1,0
3762,1958854,-366,1777,-12938,-11527,-6088,29551,-2172,0,0,1,0,1,0
3763,1959375,-718,1861,-9309,-8167,-11942,30940,-1759,0,0,1,0,1,0
3764,1959895,-1043,1873,-5323,-4493,-17337,31140,-1278,0,0,1,0,1,0
3765,1960416,-1327,1813,-1132,-646,-22066,30143,-748,0,0,1,0,1,0
3766,1960937,-1561,1683,3103,3226,-25947,27988,-189,0,0,1,0,1,0
3767,1961458,-1734,1489,7218,6973,-28831,24758,377,0,0,1,0,1,0
3768,1961979,-1841,1238,11056,10453,-30607,20576,929,0,0,1,0,1,0
3769,1962500,-1877,939,14469,13531,-31207,15603,1445,0,0,1,0,1,0
3770,1963020,-1841,603,17326,16089,-30607,10031,1905,0,0,1,0,1,0
3771,1963541,-1734,245,19518,18028,-28831,4073,2292,0,0,1,0,1,0
3772,1964062,-1561,-123,20959,19275,-25947,-2041,2592,0,0,1,0,1,0
3773,1964583,-1327,-486,21594,19781,-22066,-8077,2791,0,0,1,0,1,0
3774,1965104,-1043,-830,21400,19527,-17337,-13802,2883,0,0,1,0,1,0
3775,1965625,-718,-1143,20384,18523,-11942,-18997,2865,0,0,1,0,1,0
3776,1966145,-366,-1411,18584,16806,-6088,-23462,2736,0,0,1,0,1,0
3777,1966666,0,-1626,16070,14444,0,-27026,2502,0,0,1,0,1,0
3778,1967187,366,-1777,12938,11527,6088,-29551,2172,0,0,1,0,1,0
3779,1967708,718,-1861,9309,8167,11942,-30940,1759,0,0,1,0,1,0
3780,1968229,1043,-1873,5323,4493,17337,-31140,1278,0,0,1,0,1,0
3781,1968750,1327,-1813,1132,646,22066,-30143,748,0,0,1,0,1,0
3782,1969270,1561,-1683,-3103,-3226,25947,-27988,189,0,0,1,0,1,0
3783,1969791,1734,-1489,-7218,-6973,28831,-24758,-377,0,0,1,0,1,0
3784,1970312,1841,-1238,-11056,-10453,30607,-20576,-929,0,0,1,0,1,0
3785,1970833,1877,-939,-14469,-13531,31207,-15603,-1445,0,0,1,0,1,0
3786,1971354,1841,-603,-17326,-16089,30607,-10031,-1905,0,0,1,0,1,0
3787,1971875,1734,-245,-19518,-18028,28831,-4073,-2292,0,0,1,0,1,0
3788,1972395,1561,123,-20959,-19275,25947,2041,-2592,0,0,1,0,1,0
3789,1972916,1327,486,-21594,-19781,22066,8077,-2791,0,0,1,0,1,0
3790,1973437,1043,830,-21400,-19527,17337,13802,-2883,0,0,1,0,1,0
3791,1973958,718,1143,-20384,-18523,11942,18997,-2865,0,0,1,0,1,0
3792,1974479,366,1411,-18584,-16806,6088,23462,-2736,0,0,1,0,1,0
3793,1975000,0,1626,-16070,-14444,0,27026,-2502,0,0,1,0,1,0
3794,1975520,-366,1777,-12938,-11527,-6088,29551,-2172,0,0,1,0,1,0
3795,1976041,-718,1861,-9309,-8167,-11942,30940,-1759,0,0,1,0,1,0
3796,1976562,-1043,1873,-5323,-4493,-17337,31140,-1278,0,0,1,0,1,0
3797,1977083,-1327,1813,-1132,-646,-22066,30143,-748,0,0,1,0,1,0
3798,1977604,-1561,1683,3103,3226,-25947,27988,-189,0,0,1,0,1,0
3799,1978125,-1734,1489,7218,6973,-28831,24758,377,0,0,1,0,1,0
3800,1978645,-1841,1238,11056,10453,-30607,20576,929,0,0,1,0,1,0
3801,1979166,-1877,939,14469,13531,-31207,15603,1445,0,0,1,0,1,0
3802,1979687,-1841,603,17326,16089,-30607,10031,1905,0,0,1,0,1,0
3803,1980208,-1734,245,19518,18028,-28831,4073,2292,0,0,1,0,1,0
3804,1980729,-1561,-123,20959,19275,-25947,-2041,2592,0,0,1,0,1,0
3805,1981250,-1327,-486,21594,19781,-22066,-8077,2791,0,0,1,0,1,0
3806,1981770,-1043,-830,21400,19527,-17337,-13802,2883,0,0,1,0,1,0
3807,1982291,-718,-1143,20384,18523,-11942,-18997,2865,0,0,1,0,1,0
3808,1982812,-366,-1411,18584,16806,-6088,-23462,2736,0,0,1,0,1,0
3809,1983333,0,-1626,16070,14444,0,-27026,2502,0,0,1,0,1,0
3810,1983854,366,-1777,12938,11527,6088,-29551,2172,0,0,1,0,1,0
3811,1984375,718,-1861,9309,8167,11942,-30940,1759,0,0,1,0,1,0
3812,1984895,1043,-1873,5323,4493,17337,-31140,1278,0,0,1,0,1,0
3813,1985416,1327,-1813,1132,646,22066,-30143,748,0,0,1,0,1,0
3814,1985937,1561,-1683,-3103,-3226,25947,-27988,189,0,0,1,0,1,0
3815,1986458,1734,-1489,-7218,-6973,28831,-24758,-377,0,0,1,0,1,0
3816,1986979,1841,-1238,-11056,-10453,30607,-20576,-929,0,0,1,0,1,0
3817,1987500,1877,-939,-14469,-13531,31207,-15603,-1445,0,0,1,0,1,0
3818,1988020,1841,-603,-17326,-16089,30607,-10031,-1905,0,0,1,0,1,0
3819,1988541,1734,-245,-19518,-18028,28831,-4073,-2292,0,0,1,0,1,0
3820,1989062,1561,123,-20959,-19275,25947,2041,-2592,0,0,1,0,1,0
3821,1989583,1327,486,-21594,-19781,22066,8077,-2791,0,0,1,0,1,0
3822,1990104,1043,830,-21400,-19527,17337,13802,-2883,0,0,1,0,1,0
3823,1990625,718,1143,-20384,-18523,11942,18997,-2865,0,0,1,0,1,0
3824,1991145,366,1411,-18584,-16806,6088,23462,-2736,0,0,1,0,1,0
3825,1991666,0,1626,-16070,-14444,0,27026,-2502,0,0,1,0,1,0
3826,1992187,-366,1777,-12938,-11527,-6088,29551,-2172,0,0,1,0,1,0
3827,1992708,-718,1861,-9309,-8167,-11942,30940,-1759,0,0,1,0,1,0
3828,1993229,-1043,1873,-5323,-4493,-17337,31140,-1278,0,0,1,0,1,0
3829,1993750,-1327,1813,-1132,-646,-22066,30143,-748,0,0,1,0,1,0
3830,1994270,-1561,1683,3103,3226,-25947,27988,-189,0,0,1,0,1,0
3831,1994791,-1734,1489,7218,6973,-28831,24758,377,0,0,1,0,1,0
3832,1995312,-1841,1238,11056,10453,-30607,20576,929,0,0,1,0,1,0
3833,1995833,-1877,939,14469,13531,-31207,15603,1445,0,0,1,0,1,0
3834,1996354,-1841,603,17326,16089,-30607,10031,1905,0,0,1,0,1,0
3835,1996875,-1734,245,19518,18028,-28831,4073,2292,0,0,1,0,1,0
3836,1997395,-1561,-123,20959,19275,-25947,-2041,2592,0,0,1,0,1,0
3837,1997916,-1327,-486,21594,19781,-22066,-8077,2791,0,0,1,0,1,0
3838,1998437,-1043,-830,21400,19527,-17337,-13802,2883,0,0,1,0,1,0
3839,1998958,-718,-1143,20384,18523,-11942,-18997,2865,0,0,1,0,1,0
3840,1999479,-366,-1411,18584,16806,-6088,-23462,2736,0,0,1,0,1,0
3841,2000000,0,-1626,16070,14444,0,-27026,2502,0,0,1,0,1,0
3842,2000520,366,-1777,12938,11527,6088,-29551,2172,0,0,1,0,1,0
3843,2001041,718,-1861,9309,8167,11942,-30940,1759,0,0,1,0,1,0
3844,2001562,1043,-1873,5323,4493,17337,-31140,1278,0,0,1,0,1,0
3845,2002083,1327,-1813,1132,646,22066,-30143,748,0,0,1,0,1,0
3846,2002604,1561,-1683,-3103,-3226,25947,-27988,189,0,0,1,0,1,0
3847,2003124,1734,-1489,-7218,-6973,28831,-24758,-377,0,0,1,0,1,0
3848,2003645,1841,-1238,-11056,-10453,30607,-20576,-929,0,0,1,0,1,0
3849,2004166,1877,-939,-14469,-13531,31207,-15603,-1445,0,0,1,0,1,0
3850,2004687,1841,-603,-17326,-16089,30607,-10031,-1905,0,0,1,0,1,0
3851,2005208,1734,-245,-19518,-18028,28831,-4073,-2292,0,0,1,0,1,0
3852,2005729,1561,123,-20959,-19275,25947,2041,-2592,0,0,1,0,1,0
3853,2006250,1327,486,-21594,-19781,22066,8077,-2791,0,0,1,0,1,0
3854,2006770,1043,830,-21400,-19527,17337,13802,-2883,0,0,1,0,1,0
3855,2007291,718,1143,-20384,-18523,11942,18997,-2865,0,0,1,0,1,0
3856,2007812,366,1411,-18584,-16806,6088,23462,-2736,0,0,1,0,1,0
3857,2008333,0,1626,-16070,-14444,0,27026,-2502,0,0,1,0,1,0
3858,2008854,-366,1777,-12938,-11527,-6088,29551,-2172,0,0,1,0,1,0
3859,2009375,-718,1861,-9309,-8167,-11942,30940,-1759,0,0,1,0,1,0
3860,2009895,-1043,1873,-5323,-4493,-17337,31140,-1278,0,0,1,0,1,0
3861,2010416,-1327,1813,-1132,-646,-22066,30143,-748,0,0,1,0,1,0
3862,2010937,-1561,1683,3103,3226,-25947,27988,-189,0,0,1,0,1,0
3863,2011458,-1734,1489,7218,6973,-28831,24758,377,0,0,1,0,1,0
3864,2011979,-1841,1238,11056,10453,-30607,20576,929,0,0,1,0,1,0
3865,2012500,-1877,939,14469,13531,-31207,15603,1445,0,0,1,0,1,0
3866,2013020,-1841,603,17326,16089,-30607,10031,1905,0,0,1,0,1,0
3867,2013541,-1734,245,19518,18028,-28831,4073,2292,0,0,1,0,1,0
3868,2014062,-1561,-123,20959,19275,-25947,-2041,2592,0,0,1,0,1,0
3869,2014583,-1327,-486,21594,19781,-22066,-8077,2791,0,0,1,0,1,0
3870,2015104,-1043,-830,21400,19527,-17337,-13802,2883,0,0,1,0,1,0
3871,2015625,-718,-1143,20384,18523,-11942,-18997,2865,0,0,1,0,1,0
3872,2016145,-366,-1411,18584,16806,-6088,-23462,2736,0,0,1,0,1,0
3873,2016666,0,-1626,16070,14444,0,-27026,2502,0,0,1,0,1,0
3874,2017187,366,-1777,12938,11527,6088,-29551,2172,0,0,1,0,1,0
3875,2017708,718,-1861,9309,8167,11942,-30940,1759,0,0,1,0,1,0
3876,2018229,1043,-1873,5323,4493,17337,-31140,1278,0,0,1,0,1,0
3877,2018749,1327,-1813,1132,646,22066,-30143,748,0,0,1,0,1,0
3878,2019270,1561,-1683,-3103,-3226,25947,-27988,189,0,0,1,0,1,0
3879,2019791,1734,-1489,-7218,-6973,28831,-24758,-377,0,0,1,0,1,0
3880,2020312,1841,-1238,-11056,-10453,30607,-20576,-929,0,0,1,0,1,0
3881,2020833,1877,-939,-14469,-13531,31207,-15603,-1445,0,0,1,0,1,0
3882,2021354,1841,-603,-17326,-16089,30607,-10031,-1905,0,0,1,0,1,0
3883,2021875,1734,-245,-19518,-18028,28831,-4073,-2292,0,0,1,0,1,0
3884,2022395,1561,123,-20959,-19275,25947,2041,-2592,0,0,1,0,1,0
3885,2022916,1327,486,-21594,-19781,22066,8077,-2791,0,0,1,0,1,0
3886,2023437,1043,830,-21400,-19527,17337,13802,-2883,0,0,1,0,1,0
3887,2023958,718,1143,-20384,-18523,11942,18997,-2865,0,0,1,0,1,0
3888,2024479,366,1411,-18584,-16806,6088,23462,-2736,0,0,1,0,1,0
3889,2025000,0,1626,-16070,-14444,0,27026,-2502,0,0,1,0,1,0
3890,2025520,-366,1777,-12938,-11527,-6088,29551,-2172,0,0,1,0,1,0
3891,2026041,-718,1861,-9309,-8167,-11942,30940,-1759,0,0,1,0,1,0
3892,2026562,-1043,1873,-5323,-4493,-17337,31140,-1278,0,0,1,0,1,0
3893,2027083,-1327,1813,-1132,-646,-22066,30143,-748,0,0,1,0,1,0
3894,2027604,-1561,1683,3103,3226,-25947,27988,-189,0,0,1,0,1,0
3895,2028125,-1734,1489,7218,6973,-28831,24758,377,0,0,1,0,1,0
3896,2028645,-1841,1238,11056,10453,-30607,20576,929,0,0,1,0,1,0
3897,2029166,-1877,939,14469,13531,-31207,15603,1445,0,0,1,0,1,0
3898,2029687,-1841,603,17326,16089,-30607,10031,1905,0,0,1,0,1,0
3899,2030208,-1734,245,19518,18028,-28831,4073,2292,0,0,1,0,1,0
3900,2030729,-1561,-123,20959,19275,-25947,-2041,2592,0,0,1,0,1,0
3901,2031250,-1327,-486,21594,19781,-22066,-8077,2791,0,0,1,0,1,0
3902,2031770,-1043,-830,21400,19527,-17337,-13802,2883,0,0,1,0,1,0
3903,2032291,-718,-1143,20384,18523,-11942,-18997,2865,0,0,1,0,1,0
3904,2032812,-366,-1411,18584,16806,-6088,-23462,2736,0,0,1,0,1,0
3905,2033333,0,-1626,16070,14444,0,-27026,2502,0,0,1,0,1,0
3906,2033854,366,-1777,12938,11527,6088,-29551,2172,0,0,1,0,1,0
3907,2034374,718,-1861,9309,8167,11942,-30940,1759,0,0,1,0,1,0
3908,2034895,1043,-1873,5323,4493,17337,-31140,1278,0,0,1,0,1,0
3909,2035416,1327,-1813,1132,646,22066,-30143,748,0,0,1,0,1,0
3910,2035937,1561,-1683,-3103,-3226,25947,-27988,189,0,0,1,0,1,0
3911,2036458,1734,-1489,-7218,-6973,28831,-24758,-377,0,0,1,0,1,0
3912,2036979,1841,-1238,-11056,-10453,30607,-20576,-929,0,0,1,0,1,0
3913,2037500,1877,-939,-14469,-13531,31207,-15603,-1445,0,0,1,0,1,0
3914,2038020,1841,-603,-17326,-16089,30607,-10031,-1905,0,0,1,0,1,0
3915,2038541,1734,-245,-19518,-18028,28831,-4073,-2292,0,0,1,0,1,0
3916,2039062,1561,123,-20959,-19275,25947,2041,-2592,0,0,1,0,1,0
3917,2039583,1327,486,-21594,-19781,22066,8077,-2791,0,0,1,0,1,0
3918,2040104,1043,830,-21400,-19527,17337,13802,-2883,0,0,1,0,1,0
3919,2040625,718,1143,-20384,-18523,11942,18997,-2865,0,0,1,0,1,0
3920,2041145,366,1411,-18584,-16806,6088,23462,-2736,0,0,1,0,1,0
3921,2041666,0,1626,-16070,-14444,0,27026,-2502,0,0,1,0,1,0
3922,2042187,-366,1777,-12938,-11527,-6088,29551,-2172,0,0,1,0,1,0
3923,2042708,-718,1861,-9309,-8167,-11942,30940,-1759,0,0,1,0,1,0
3924,2043229,-1043,1873,-5323,-4493,-17337,31140,-1278,0,0,1,0,1,0
3925,2043750,-1327,1813,-1132,-646,-22066,30143,-748,0,0,1,0,1,0
3926,2044270,-1561,1683,3103,3226,-25947,27988,-189,0,0,1,0,1,0
3927,2044791,-1734,1489,7218,6973,-28831,24758,377,0,0,1,0,1,0
3928,2045312,-1841,1238,11056,10453,-30607,20576,929,0,0,1,0,1,0
3929,2045833,-1877,939,14469,13531,-31207,15603,1445,0,0,1,0,1,0
3930,2046354,-1841,603,17326,16089,-30607,10031,1905,0,0,1,0,1,0
3931,2046875,-1734,245,19518,18028,-28831,4073,2292,0,0,1,0,1,0
3932,2047395,-1561,-123,20959,19275,-25947,-2041,2592,0,0,1,0,1,0
3933,2047916,-1327,-486,21594,19781,-22066,-8077,2791,0,0,1,0,1,0
3934,2048437,-1043,-830,21400,19527,-17337,-13802,2883,0,0,1,0,1,0
3935,2048958,-718,-1143,20384,18523,-11942,-18997,2865,0,0,1,0,1,0
3936,2049479,-366,-1411,18584,16806,-6088,-23462,2736,0,0,1,0,1,0
3937,2049999,0,-1626,16070,14444,0,-27026,2502,0,0,1,0,1,0
3938,2050520,366,-1777,12938,11527,6088,-29551,2172,0,0,1,0,1,0
3939,2051041,718,-1861,9309,8167,11942,-30940,1759,0,0,1,0,1,0
3940,2051562,1043,-1873,5323,4493,17337,-31140,1278,0,0,1,0,1,0
3941,2052083,1327,-1813,1132,646,22066,-30143,748,0,0,1,0,1,0
3942,2052604,1561,-1683,-3103,-3226,25947,-27988,189,0,0,1,0,1,0
3943,2053125,1734,-1489,-7218,-6973,28831,-24758,-377,0,0,1,0,1,0
3944,2053645,1841,-1238,-11056,-10453,30607,-20576,-929,0,0,1,0,1,0
3945,2054166,1877,-939,-14469,-13531,31207,-15603,-1445,0,0,1,0,1,0
3946,2054687,1841,-603,-17326,-16089,30607,-10031,-1905,0,0,1,0,1,0
3947,2055208,1734,-245,-19518,-18028,28831,-4073,-2292,0,0,1,0,1,0
3948,2055729,1561,123,-20959,-19275,25947,2041,-2592,0,0,1,0,1,0
3949,2056250,1327,486,-21594,-19781,22066,8077,-2791,0,0,1,0,1,0
3950,2056770,1043,830,-21400,-19527,17337,13802,-2883,0,0,1,0,1,0
3951,2057291,718,1143,-20384,-18523,11942,18997,-2865,0,0,1,0,1,0
3952,2057812,366,1411,-18584,-16806,6088,23462,-2736,0,0,1,0,1,0
3953,2058333,0,1626,-16070,-14444,0,27026,-2502,0,0,1,0,1,0
3954,2058854,-366,1777,-12938,-11527,-6088,29551,-2172,0,0,1,0,1,0
3955,2059375,-718,1861,-9309,-8167,-11942,30940,-1759,0,0,1,0,1,0
3956,2059895,-1043,1873,-5323,-4493,-17337,31140,-1278,0,0,1,0,1,0
3957,2060416,-1327,1813,-1132,-646,-22066,30143,-748,0,0,1,0,1,0
3958,2060937,-1561,1683,3103,3226,-25947,27988,-189,0,0,1,0,1,0
3959,2061458,-1734,1489,7218,6973,-28831,24758,377,0,0,1,0,1,0
3960,2061979,-1841,1238,11056,10453,-30607,20576,929,0,0,1,0,1,0
3961,2062500,-1877,939,14469,13531,-31207,15603,1445,0,0,1,0,1,0
3962,2063020,-1841,603,17326,16089,-30607,10031,1905,0,0,1,0,1,0
3963,2063541,-1734,245,19518,18028,-28831,4073,2292,0,0,1,0,1,0
3964,2064062,-1561,-123,20959,19275,-25947,-2041,2592,0,0,1,0,1,0
3965,2064583,-1327,-486,21594,19781,-22066,-8077,2791,0,0,1,0,1,0
3966,2065104,-1043,-830,21400,19527,-17337,-13802,2883,0,0,1,0,1,0
3967,2065624,-718,-1143,20384,18523,-11942,-18997,2865,0,0,1,0,1,0
3968,2066145,-366,-1411,18584,16806,-6088,-23462,2736,0,0,1,0,1,0
3969,2066666,0,-1626,16070,14444,0,-27026,2502,0,0,1,0,1,0
3970,2067187,366,-1777,12938,11527,6088,-29551,2172,0,0,1,0,1,0
3971,2067708,718,-1861,9309,8167,11942,-30940,1759,0,0,1,0,1,0
3972,2068229,1043,-1873,5323,4493,17337,-31140,1278,0,0,1,0,1,0
3973,2068750,1327,-1813,1132,646,22066,-30143,748,0,0,1,0,1,0
3974,2069270,1561,-1683,-3103,-3226,25947,-27988,189,0,0,1,0,1,0
3975,2069791,1734,-1489,-7218,-6973,28831,-24758,-377,0,0,1,0,1,0
3976,2070312,1841,-1238,-11056,-10453,30607,-20576,-929,0,0,1,0,1,0
3977,2070833,1877,-939,-14469,-13531,31207,-15603,-1445,0,0,1,0,1,0
3978,2071354,1841,-603,-17326,-16089,30607,-10031,-1905,0,0,1,0,1,0
3979,2071875,1734,-245,-19518,-18028,28831,-4073,-2292,0,0,1,0,1,0
3980,2072395,1561,123,-20959,-19275,25947,2041,-2592,0,0,1,0,1,0
3981,2072916,1327,486,-21594,-19781,22066,8077,-2791,0,0,1,0,1,0
3982,2073437,1043,830,-21400,-19527,17337,13802,-2883,0,0,1,0,1,0
3983,2073958,718,1143,-20384,-18523,11942,18997,-2865,0,0,1,0,1,0
3984,2074479,366,1411,-18584,-16806,6088,23462,-2736,0,0,1,0,1,0
3985,2075000,0,1626,-16070,-14444,0,27026,-2502,0,0,1,0,1,0
3986,2075520,-366,1777,-12938,-11527,-6088,29551,-2172,0,0,1,0,1,0
3987,2076041,-718,1861,-9309,-8167,-11942,30940,-1759,0,0,1,0,1,0
3988,2076562,-1043,1873,-5323,-4493,-17337,31140,-1278,0,0,1,0,1,0
3989,2077083,-1327,1813,-1132,-646,-22066,30143,-748,0,0,1,0,1,0
3990,2077604,-1561,1683,3103,3226,-25947,27988,-189,0,0,1,0,1,0
3991,2078125,-1734,1489,7218,6973,-28831,24758,377,0,0,1,0,1,0
3992,2078645,-1841,1238,11056,10453,-30607,20576,929,0,0,1,0,1,0
3993,2079166,-1877,939,14469,13531,-31207,15603,1445,0,0,1,0,1,0
3994,2079687,-1841,603,17326,16089,-30607,10031,1905,0,0,1,0,1,0
3995,2080208,-1734,245,19518,18028,-28831,4073,2292,0,0,1,0,1,0
3996,2080729,-1561,-123,20959,19275,-25947,-2041,2592,0,0,1,0,1,0
3997,2081249,-1327,-486,21594,19781,-22066,-8077,2791,0,0,1,0,1,0
3998,2081770,-1043,-830,21400,19527,-17337,-13802,2883,0,0,1,0,1,0
3999,2082291,-718,-1143,20384,18523,-11942,-18997,2865,0,0,1,0,1,0
4000,2082812,-366,-1411,18584,16806,-6088,-23462,2736,0,0,1,0,1,0
4001,2083333,0,-1626,16070,14444,0,-27026,2502,0,0,1,0,1,0
4002,2083854,366,-1777,12938,11527,6088,-29551,2172,0,0,1,0,1,0
4003,2084375,718,-1861,9309,8167,11942,-30940,1759,0,0,1,0,1,0
4004,2084895,1043,-1873,5323,4493,17337,-31140,1278,0,0,1,0,1,0
4005,2085416,1327,-1813,1132,646,22066,-30143,748,0,0,1,0,1,0
4006,2085937,1561,-1683,-3103,-3226,25947,-27988,189,0,0,1,0,1,0
4007,2086458,1734,-1489,-7218,-6973,28831,-24758,-377,0,0,1,0,1,0
4008,2086979,1841,-1238,-11056,-10453,30607,-20576,-929,0,0,1,0,1,0
4009,2087500,1877,-939,-14469,-13531,31207,-15603,-1445,0,0,1,0,1,0
4010,2088020,1841,-603,-17326,-16089,30607,-10031,-1905,0,0,1,0,1,0
4011,2088541,1734,-245,-19518,-18028,28831,-4073,-2292,0,0,1,0,1,0
4012,2089062,1561,123,-20959,-19275,25947,2041,-2592,0,0,1,0,1,0
4013,2089583,1327,486,-21594,-19781,22066,8077,-2791,0,0,1,0,1,0
4014,2090104,1043,830,-21400,-19527,17337,13802,-2883,0,0,1,0,1,0
4015,2090625,718,1143,-20384,-18523,11942,18997,-2865,0,0,1,0,1,0
4016,2091145,366,1411,-18584,-16806,6088,23462,-2736,0,0,1,0,1,0
4017,2091666,0,1626,-16070,-14444,0,27026,-2502,0,0,1,0,1,0
4018,2092187,-366,1777,-12938,-11527,-6088,29551,-2172,0,0,1,0,1,0
4019,2092708,-718,1861,-9309,-8167,-11942,30940,-1759,0,0,1,0,1,0
4020,2093229,-1043,1873,-5323,-4493,-17337,31140,-1278,0,0,1,0,1,0
4021,2093750,-1327,1813,-1132,-646,-22066,30143,-748,0,0,1,0,1,0
4022,2094270,-1561,1683,3103,3226,-25947,27988,-189,0,0,1,0,1,0
4023,2094791,-1734,1489,7218,6973,-28831,24758,377,0,0,1,0,1,0
4024,2095312,-1841,1238,11056,10453,-30607,20576,929,0,0,1,0,1,0
4025,2095833,-1877,939,14469,13531,-31207,15603,1445,0,0,1,0,1,0
4026,2096354,-1841,603,17326,16089,-30607,10031,1905,0,0,1,0,1,0
4027,2096874,-1734,245,19518,18028,-28831,4073,2292,0,0,1,0,1,0
4028,2097395,-1561,-123,20959,19275,-25947,-2041,2592,0,0,1,0,1,0
4029,2097916,-1327,-486,21594,19781,-22066,-8077,2791,0,0,1,0,1,0
4030,2098437,-1043,-830,21400,19527,-17337,-13802,2883,0,0,1,0,1,0
4031,2098958,-718,-1143,20384,18523,-11942,-18997,2865,0,0,1,0,1,0
4032,2099479,-366,-1411,18584,16806,-6088,-23462,2736,0,0,1,0,1,0
4033,2100000,0,-1626,16070,14444,0,-27026,2502,0,0,1,0,1,0
4034,2100520,366,-1777,12938,11527,6088,-29551,2172,0,0,1,0,1,0
4035,2101041,718,-1861,9309,8167,11942,-30940,1759,0,0,1,0,1,0
4036,2101562,1043,-1873,5323,4493,17337,-31140,1278,0,0,1,0,1,0
4037,2102083,1327,-1813,1132,646,22066,-30143,748,0,0,1,0,1,0
4038,2102604,1561,-1683,-3103,-3226,25947,-27988,189,0,0,1,0,1,0
4039,2103125,1734,-1489,-7218,-6973,28831,-24758,-377,0,0,1,0,1,0
4040,2103645,1841,-1238,-11056,-10453,30607,-20576,-929,0,0,1,0,1,0
4041,2104166,1877,-939,-14469,-13531,31207,-15603,-1445,0,0,1,0,1,0
4042,2104687,1841,-603,-17326,-16089,30607,-10031,-1905,0,0,1,0,1,0
4043,2105208,1734,-245,-19518,-18028,28831,-4073,-2292,0,0,1,0,1,0
4044,2105729,1561,123,-20959,-19275,25947,2041,-2592,0,0,1,0,1,0
4045,2106250,1327,486,-21594,-19781,22066,8077,-2791,0,0,1,0,1,0
4046,2106770,1043,830,-21400,-19527,17337,13802,-2883,0,0,1,0,1,0
4047,2107291,718,1143,-20384,-18523,11942,18997,-2865,0,0,1,0,1,0
4048,2107812,366,1411,-18584,-16806,6088,23462,-2736,0,0,1,0,1,0
4049,2108333,0,1626,-16070,-14444,0,27026,-2502,0,0,1,0,1,0
4050,2108854,-366,1777,-12938,-11527,-6088,29551,-2172,0,0,1,0,1,0
4051,2109375,-718,1861,-9309,-8167,-11942,30940,-1759,0,0,1,0,1,0
4052,2109895,-1043,1873,-5323,-4493,-17337,31140,-1278,0,0,1,0,1,0
4053,2110416,-1327,1813,-1132,-646,-22066,30143,-748,0,0,1,0,1,0
4054,2110937,-1561,1683,3103,3226,-25947,27988,-189,0,0,1,0,1,0
4055,2111458,-1734,1489,7218,6973,-28831,24758,377,0,0,1,0,1,0
4056,2111979,-1841,1238,11056,10453,-30607,20576,929,0,0,1,0,1,0
4057,2112500,-1877,939,14469,13531,-31207,15603,1445,0,0,1,0,1,0
4058,2113020,-1841,603,17326,16089,-30607,10031,1905,0,0,1,0,1,0
4059,2113541,-1734,245,19518,18028,-28831,4073,2292,0,0,1,0,1,0
4060,2114062,-1561,-123,20959,19275,-25947,-2041,2592,0,0,1,0,1,0
4061,2114583,-1327,-486,21594,19781,-22066,-8077,2791,0,0,1,0,1,0
4062,2115104,-1043,-830,21400,19527,-17337,-13802,2883,0,0,1,0,1,0
4063,2115625,-718,-1143,20384,18523,-11942,-18997,2865,0,0,1,0,1,0
4064,2116145,-366,-1411,18584,16806,-6088,-23462,2736,0,0,1,0,1,0
4065,2116666,0,-1626,16070,14444,0,-27026,2502,0,0,1,0,1,0
4066,2117187,366,-1777,12938,11527,6088,-29551,2172,0,0,1,0,1,0
4067,2117708,718,-1861,9309,8167,11942,-30940,1759,0,0,1,0,1,0
4068,2118229,1043,-1873,5323,4493,17337,-31140,1278,0,0,1,0,1,0
4069,2118750,1327,-1813,1132,646,22066,-30143,748,0,0,1,0,1,0
4070,2119270,1561,-1683,-3103,-3226,25947,-27988,189,0,0,1,0,1,0
4071,2119791,1734,-1489,-7218,-6973,28831,-24758,-377,0,0,1,0,1,0
4072,2120312,1841,-1238,-11056,-10453,30607,-20576,-929,0,0,1,0,1,0
4073,2120833,1877,-939,-14469,-13531,31207,-15603,-1445,0,0,1,0,1,0
4074,2121354,1841,-603,-17326,-16089,30607,-10031,-1905,0,0,1,0,1,0
4075,2121875,1734,-245,-19518,-18028,28831,-4073,-2292,0,0,1,0,1,0
4076,2122395,1561,123,-20959,-19275,25947,2041,-2592,0,0,1,0,1,0
4077,2122916,1327,486,-21594,-19781,22066,8077,-2791,0,0,1,0,1,0
4078,2123437,1043,830,-21400,-19527,17337,13802,-2883,0,0,1,0,1,0
4079,2123958,718,1143,-20384,-18523,11942,18997,-2865,0,0,1,0,1,0
4080,2124479,366,1411,-18584,-16806,6088,23462,-2736,0,0,1,0,1,0
4081,2125000,0,1626,-16070,-14444,0,27026,-2502,0,0,1,0,1,0
4082,2125520,-366,1777,-12938,-11527,-6088,29551,-2172,0,0,1,0,1,0
4083,2126041,-718,1861,-9309,-8167,-11942,30940,-1759,0,0,1,0,1,0
4084,2126562,-1043,1873,-5323,-4493,-17337,31140,-1278,0,0,1,0,1,0
4085,2127083,-1327,1813,-1132,-646,-22066,30143,-748,0,0,1,0,1,0
4086,2127604,-1561,1683,3103,3226,-25947,27988,-189,0,0,1,0,1,0
4087,2128125,-1734,1489,7218,6973,-28831,24758,377,0,0,1,0,1,0
4088,2128645,-1841,1238,11056,10453,-30607,20576,929,0,0,1,0,1,0
4089,2129166,-1877,939,14469,13531,-31207,15603,1445,0,0,1,0,1,0
4090,2129687,-1841,603,17326,16089,-30607,10031,1905,0,0,1,0,1,0
4091,2130208,-1734,245,19518,18028,-28831,4073,2292,0,0,1,0,1,0
4092,2130729,-1561,-123,20959,19275,-25947,-2041,2592,0,0,1,0,1,0
4093,2131250,-1327,-486,21594,19781,-22066,-8077,2791,0,0,1,0,1,0
4094,2131770,-1043,-830,21400,19527,-17337,-13802,2883,0,0,1,0,1,0
4095,2132291,-718,-1143,20384,18523,-11942,-18997,2865,0,0,1,0,1,0
4096,2132812,-366,-1411,18584,16806,-6088,-23462,2736,0,0,1,0,1,0
4097,2133333,0,-1626,16070,14444,0,-27026,2502,0,0,1,0,1,0
4098,2133854,366,-1777,12938,11527,6088,-29551,2172,0,0,1,0,1,0
4099,2134375,718,-1861,9309,8167,11942,-30940,1759,0,0,1,0,1,0
4100,2134895,1043,-1873,5323,4493,17337,-31140,1278,0,0,1,0,1,0
4101,2135416,1327,-1813,1132,646,22066,-30143,748,0,0,1,0,1,0
4102,2135937,1561,-1683,-3103,-3226,25947,-27988,189,0,0,1,0,1,0
4103,2136458,1734,-1489,-7218,-6973,28831,-24758,-377,0,0,1,0,1,0
4104,2136979,1841,-1238,-11056,-10453,30607,-20576,-929,0,0,1,0,1,0
4105,2137500,1877,-939,-14469,-13531,31207,-15603,-1445,0,0,1,0,1,0
4106,2138020,1841,-603,-17326,-16089,30607,-10031,-1905,0,0,1,0,1,0
4107,2138541,1734,-245,-19518,-18028,28831,-4073,-2292,0,0,1,0,1,0
4108,2139062,1561,123,-20959,-19275,25947,2041,-2592,0,0,1,0,1,0
4109,2139583,1327,486,-21594,-19781,22066,8077,-2791,0,0,1,0,1,0
4110,2140104,1043,830,-21400,-19527,17337,13802,-2883,0,0,1,0,1,0
4111,2140625,718,1143,-20384,-18523,11942,18997,-2865,0,0,1,0,1,0
4112,2141145,366,1411,-18584,-16806,6088,23462,-2736,0,0,1,0,1,0
4113,2141666,0,1626,-16070,-14444,0,27026,-2502,0,0,1,0,1,0
4114,2142187,-366,1777,-12938,-11527,-6088,29551,-2172,0,0,1,0,1,0
4115,2142708,-718,1861,-9309,-8167,-11942,30940,-1759,0,0,1,0,1,0
4116,2143229,-1043,1873,-5323,-4493,-17337,31140,-1278,0,0,1,0,1,0
4117,2143750,-1327,1813,-1132,-646,-22066,30143,-748,0,0,1,0,1,0
4118,2144270,-1561,1683,3103,3226,-25947,27988,-189,0,0,1,0,1,0
4119,2144791,-1734,1489,7218,6973,-28831,24758,377,0,0,1,0,1,0
4120,2145312,-1841,1238,11056,10453,-30607,20576,929,0,0,1,0,1,0
4121,2145833,-1877,939,14469,13531,-31207,15603,1445,0,0,1,0,1,0
4122,2146354,-1841,603,17326,16089,-30607,10031,1905,0,0,1,0,1,0
4123,2146875,-1734,245,19518,18028,-28831,4073,2292,0,0,1,0,1,0
4124,2147395,-1561,-123,20959,19275,-25947,-2041,2592,0,0,1,0,1,0
4125,2147916,-1327,-486,21594,19781,-22066,-8077,2791,0,0,1,0,1,0
4126,2148437,-1043,-830,21400,19527,-17337,-13802,2883,0,0,1,0,1,0
4127,2148958,-718,-1143,20384,18523,-11942,-18997,2865,0,0,1,0,1,0
4128,2149479,-366,-1411,18584,16806,-6088,-23462,2736,0,0,1,0,1,0
4129,2150000,0,-1626,16070,14444,0,-27026,2502,0,0,1,0,1,0
4130,2150520,366,-1777,12938,11527,6088,-29551,2172,0,0,1,0,1,0
4131,2151041,718,-1861,9309,8167,11942,-30940,1759,0,0,1,0,1,0
4132,2151562,1043,-1873,5323,4493,17337,-31140,1278,0,0,1,0,1,0
4133,2152083,1327,-1813,1132,646,22066,-30143,748,0,0,1,0,1,0
4134,2152604,1561,-1683,-3103,-3226,25947,-27988,189,0,0,1,0,1,0
4135,2153125,1734,-1489,-7218,-6973,28831,-24758,-377,0,0,1,0,1,0
4136,2153645,1841,-1238,-11056,-10453,30607,-20576,-929,0,0,1,0,1,0
4137,2154166,1877,-939,-14469,-13531,31207,-15603,-1445,0,0,1,0,1,0
4138,2154687,1841,-603,-17326,-16089,30607,-10031,-1905,0,0,1,0,1,0
4139,2155208,1734,-245,-19518,-18028,28831,-4073,-2292,0,0,1,0,1,0
4140,2155729,1561,123,-20959,-19275,25947,2041,-2592,0,0,1,0,1,0
4141,2156250,1327,486,-21594,-19781,22066,8077,-2791,0,0,1,0,1,0
4142,2156770,1043,830,-21400,-19527,17337,13802,-2883,0,0,1,0,1,0
4143,2157291,718,1143,-20384,-18523,11942,18997,-2865,0,0,1,0,1,0
4144,2157812,366,1411,-18584,-16806,6088,23462,-2736,0,0,1,0,1,0
4145,2158333,0,1626,-16070,-14444,0,27026,-2502,0,0,1,0,1,0
4146,2158854,-366,1777,-12938,-11527,-6088,29551,-2172,0,0,1,0,1,0
4147,2159375,-718,1861,-9309,-8167,-11942,30940,-1759,0,0,1,0,1,0
4148,2159895,-1043,1873,-5323,-4493,-17337,31140,-1278,0,0,1,0,1,0
4149,2160416,-1327,1813,-1132,-646,-22066,30143,-748,0,0,1,0,1,0
4150,2160937,-1561,1683,3103,3226,-25947,27988,-189,0,0,1,0,1,0
4151,2161458,-1734,1489,7218,6973,-28831,24758,377,0,0,1,0,1,0
4152,2161979,-1841,1238,11056,10453,-30607,20576,929,0,0,1,0,1,0
4153,2162500,-1877,939,14469,13531,-31207,15603,1445,0,0,1,0,1,0
4154,2163020,-1841,603,17326,16089,-30607,10031,1905,0,0,1,0,1,0
4155,2163541,-1734,245,19518,18028,-28831,4073,2292,0,0,1,0,1,0
4156,2164062,-1561,-123,20959,19275,-25947,-2041,2592,0,0,1,0,1,0
4157,2164583,-1327,-486,21594,19781,-22066,-8077,2791,0,0,1,0,1,0
4158,2165104,-1043,-830,21400,19527,-17337,-13802,2883,0,0,1,0,1,0
4159,2165625,-718,-1143,20384,18523,-11942,-18997,2865,0,0,1,0,1,0
4160,2166145,-366,-1411,18584,16806,-6088,-23462,2736,0,0,1,0,1,0
4161,2166666,0,-1626,16070,14444,0,-27026,2502,0,0,1,0,1,0
4162,2167187,366,-1777,12938,11527,6088,-29551,2172,0,0,1,0,1,0
4163,2167708,718,-1861,9309,8167,11942,-30940,1759,0,0,1,0,1,0
4164,2168229,1043,-1873,5323,4493,17337,-31140,1278,0,0,1,0,1,0
4165,2168750,1327,-1813,1132,646,22066,-30143,748,0,0,1,0,1,0
4166,2169270,1561,-1683,-3103,-3226,25947,-27988,189,0,0,1,0,1,0
4167,2169791,1734,-1489,-7218,-6973,28831,-24758,-377,0,0,1,0,1,0
4168,2170312,1841,-1238,-11056,-10453,30607,-20576,-929,0,0,1,0,1,0
4169,2170833,1877,-939,-14469,-13531,31207,-15603,-1445,0,0,1,0,1,0
4170,2171354,1841,-603,-17326,-16089,30607,-10031,-1905,0,0,1,0,1,0
4171,2171875,1734,-245,-19518,-18028,28831,-4073,-2292,0,0,1,0,1,0
4172,2172395,1561,123,-20959,-19275,25947,2041,-2592,0,0,1,0,1,0
4173,2172916,1327,486,-21594,-19781,22066,8077,-2791,0,0,1,0,1,0
4174,2173437,1043,830,-21400,-19527,17337,13802,-2883,0,0,1,0,1,0
4175,2173958,718,1143,-20384,-18523,11942,18997,-2865,0,0,1,0,1,0
4176,2174479,366,1411,-18584,-16806,6088,23462,-2736,0,0,1,0,1,0
4177,2175000,0,1626,-16070,-14444,0,27026,-2502,0,0,1,0,1,0
4178,2175520,-366,1777,-12938,-11527,-6088,29551,-2172,0,0,1,0,1,0
4179,2176041,-718,1861,-9309,-8167,-11942,30940,-1759,0,0,1,0,1,0
4180,2176562,-1043,1873,-5323,-4493,-17337,31140,-1278,0,0,1,0,1,0
4181,2177083,-1327,1813,-1132,-646,-22066,30143,-748,0,0,1,0,1,0
4182,2177604,-1561,1683,3103,3226,-25947,27988,-189,0,0,1,0,1,0
4183,2178125,-1734,1489,7218,6973,-28831,24758,377,0,0,1,0,1,0
4184,2178645,-1841,1238,11056,10453,-30607,20576,929,0,0,1,0,1,0
4185,2179166,-1877,939,14469,13531,-31207,15603,1445,0,0,1,0,1,0
4186,2179687,-1841,603,17326,16089,-30607,10031,1905,0,0,1,0,1,0
4187,2180208,-1734,245,19518,18028,-28831,4073,2292,0,0,1,0,1,0
4188,2180729,-1561,-123,20959,19275,-25947,-2041,2592,0,0,1,0,1,0
4189,2181250,-1327,-486,21594,19781,-22066,-8077,2791,0,0,1,0,1,0
4190,2181770,-1043,-830,21400,19527,-17337,-13802,2883,0,0,1,0,1,0
4191,2182291,-718,-1143,20384,18523,-11942,-18997,2865,0,0,1,0,1,0
4192,2182812,-366,-1411,18584,16806,-6088,-23462,2736,0,0,1,0,1,0
4193,2183333,0,-1626,16070,14444,0,-27026,2502,0,0,1,0,1,0
4194,2183854,366,-1777,12938,11527,6088,-29551,2172,0,0,1,0,1,0
4195,2184375,718,-1861,9309,8167,11942,-30940,1759,0,0,1,0,1,0
4196,2184895,1043,-1873,5323,4493,17337,-31140,1278,0,0,1,0,1,0
4197,2185416,1327,-1813,1132,646,22066,-30143,748,0,0,1,0,1,0
4198,2185937,1561,-1683,-3103,-3226,25947,-27988,189,0,0,1,0,1,0
4199,2186458,1734,-1489,-7218,-6973,28831,-24758,-377,0,0,1,0,1,0
4200,2186979,1841,-1238,-11056,-10453,30607,-20576,-929,0,0,1,0,1,0
4201,2187500,1877,-939,-14469,-13531,31207,-15603,-1445,0,0,1,0,1,0
4202,2188020,1841,-603,-17326,-16089,30607,-10031,-1905,0,0,1,0,1,0
4203,2188541,1734,-245,-19518,-18028,28831,-4073,-2292,0,0,1,0,1,0
4204,2189062,1561,123,-20959,-19275,25947,2041,-2592,0,0,1,0,1,0
4205,2189583,1327,486,-21594,-19781,22066,8077,-2791,0,0,1,0,1,0
4206,2190104,1043,830,-21400,-19527,17337,13802,-2883,0,0,1,0,1,0
4207,2190625,718,1143,-20384,-18523,11942,18997,-2865,0,0,1,0,1,0
4208,2191145,366,1411,-18584,-16806,6088,23462,-2736,0,0,1,0,1,0
4209,2191666,0,1626,-16070,-14444,0,27026,-2502,0,0,1,0,1,0
4210,2192187,-366,1777,-12938,-11527,-6088,29551,-2172,0,0,1,0,1,0
4211,2192708,-718,1861,-9309,-8167,-11942,30940,-1759,0,0,1,0,1,0
4212,2193229,-1043,1873,-5323,-4493,-17337,31140,-1278,0,0,1,0,1,0
4213,2193750,-1327,1813,-1132,-646,-22066,30143,-748,0,0,1,0,1,0
4214,2194270,-1561,1683,3103,3226,-25947,27988,-189,0,0,1,0,1,0
4215,2194791,-1734,1489,7218,6973,-28831,24758,377,0,0,1,0,1,0
4216,2195312,-1841,1238,11056,10453,-30607,20576,929,0,0,1,0,1,0
4217,2195833,-1877,939,14469,13531,-31207,15603,1445,0,0,1,0,1,0
4218,2196354,-1841,603,17326,16089,-30607,10031,1905,0,0,1,0,1,0
4219,2196875,-1734,245,19518,18028,-28831,4073,2292,0,0,1,0,1,0
4220,2197395,-1561,-123,20959,19275,-25947,-2041,2592,0,0,1,0,1,0
4221,2197916,-1327,-486,21594,19781,-22066,-8077,2791,0,0,1,0,1,0
4222,2198437,-1043,-830,21400,19527,-17337,-13802,2883,0,0,1,0,1,0
4223,2198958,-718,-1143,20384,18523,-11942,-18997,2865,0,0,1,0,1,0
4224,2199479,-366,-1411,18584,16806,-6088,-23462,2736,0,0,1,0,1,0
4225,2200000,0,-1626,16070,14444,0,-27026,2502,0,0,1,0,1,0
4226,2200520,366,-1777,12938,11527,6088,-29551,2172,0,0,1,0,1,0
4227,2201041,718,-1861,9309,8167,11942,-30940,1759,0,0,1,0,1,0
4228,2201562,1043,-1873,5323,4493,17337,-31140,1278,0,0,1,0,1,0
4229,2202083,1327,-1813,1132,646,22066,-30143,748,0,0,1,0,1,0
4230,2202604,1561,-1683,-3103,-3226,25947,-27988,189,0,0,1,0,1,0
4231,2203125,1734,-1489,-7218,-6973,28831,-24758,-377,0,0,1,0,1,0
4232,2203645,1841,-1238,-11056,-10453,30607,-20576,-929,0,0,1,0,1,0
4233,2204166,1877,-939,-14469,-13531,31207,-15603,-1445,0,0,1,0,1,0
4234,2204687,1841,-603,-17326,-16089,30607,-10031,-1905,0,0,1,0,1,0
4235,2205208,1734,-245,-19518,-18028,28831,-4073,-2292,0,0,1,0,1,0
4236,2205729,1561,123,-20959,-19275,25947,2041,-2592,0,0,1,0,1,0
4237,2206250,1327,486,-21594,-19781,22066,8077,-2791,0,0,1,0,1,0
4238,2206770,1043,830,-21400,-19527,17337,13802,-2883,0,0,1,0,1,0
4239,2207291,718,1143,-20384,-18523,11942,18997,-2865,0,0,1,0,1,0
4240,2207812,366,1411,-18584,-16806,6088,23462,-2736,0,0,1,0,1,0
4241,2208333,0,1626,-16070,-14444,0,27026,-2502,0,0,1,0,1,0
4242,2208854,-366,1777,-12938,-11527,-6088,29551,-2172,0,0,1,0,1,0
4243,2209375,-718,1861,-9309,-8167,-11942,30940,-1759,0,0,1,0,1,0
4244,2209895,-1043,1873,-5323,-4493,-17337,31140,-1278,0,0,1,0,1,0
4245,2210416,-1327,1813,-1132,-646,-22066,30143,-748,0,0,1,0,1,0
4246,2210937,-1561,1683,3103,3226,-25947,27988,-189,0,0,1,0,1,0
4247,2211458,-1734,1489,7218,6973,-28831,24758,377,0,0,1,0,1,0
4248,2211979,-1841,1238,11056,10453,-30607,20576,929,0,0,1,0,1,0
4249,2212500,-1877,939,14469,13531,-31207,15603,1445,0,0,1,0,1,0
4250,2213020,-1841,603,17326,16089,-30607,10031,1905,0,0,1,0,1,0
4251,2213541,-1734,245,19518,18028,-28831,4073,2292,0,0,1,0,1,0
4252,2214062,-1561,-123,20959,19275,-25947,-2041,2592,0,0,1,0,1,0
4253,2214583,-1327,-486,21594,19781,-22066,-8077,2791,0,0,1,0,1,0
4254,2215104,-1043,-830,21400,19527,-17337,-13802,2883,0,0,1,0,1,0
4255,2215625,-718,-1143,20384,18523,-11942,-18997,2865,0,0,1,0,1,0
4256,2216145,-366,-1411,18584,16806,-6088,-23462,2736,0,0,1,0,1,0
4257,2216666,0,-1626,16070,14444,0,-27026,2502,0,0,1,0,1,0
4258,2217187,366,-1777,12938,11527,6088,-29551,2172,0,0,1,0,1,0
4259,2217708,718,-1861,9309,8167,11942,-30940,1759,0,0,1,0,1,0
4260,2218229,1043,-1873,5323,4493,17337,-31140,1278,0,0,1,0,1,0
4261,2218750,1327,-1813,1132,646,22066,-30143,748,0,0,1,0,1,0
4262,2219270,1561,-1683,-3103,-3226,25947,-27988,189,0,0,1,0,1,0
4263,2219791,1734,-1489,-7218,-6973,28831,-24758,-377,0,0,1,0,1,0
4264,2220312,1841,-1238,-11056,-10453,30607,-20576,-929,0,0,1,0,1,0
4265,2220833,1877,-939,-14469,-13531,31207,-15603,-1445,0,0,1,0,1,0
4266,2221354,1841,-603,-17326,-16089,30607,-10031,-1905,0,0,1,0,1,0
4267,2221875,1734,-245,-19518,-18028,28831,-4073,-2292,0,0,1,0,1,0
4268,2222395,1561,123,-20959,-19275,25947,2041,-2592,0,0,1,0,1,0
4269,2222916,1327,486,-21594,-19781,22066,8077,-2791,0,0,1,0,1,0
4270,2223437,1043,830,-21400,-19527,17337,13802,-2883,0,0,1,0,1,0
4271,2223958,718,1143,-20384,-18523,11942,18997,-2865,0,0,1,0,1,0
4272,2224479,366,1411,-18584,-16806,6088,23462,-2736,0,0,1,0,1,0
4273,2225000,0,1626,-16070,-14444,0,27026,-2502,0,0,1,0,1,0
4274,2225520,-366,1777,-12938,-11527,-6088,29551,-2172,0,0,1,0,1,0
4275,2226041,-718,1861,-9309,-8167,-11942,30940,-1759,0,0,1,0,1,0
4276,2226562,-1043,1873,-5323,-4493,-17337,31140,-1278,0,0,1,0,1,0
4277,2227083,-1327,1813,-1132,-646,-22066,30143,-748,0,0,1,0,1,0
4278,2227604,-1561,1683,3103,3226,-25947,27988,-189,0,0,1,0,1,0
4279,2228125,-1734,1489,7218,6973,-28831,24758,377,0,0,1,0,1,0
4280,2228645,-1841,1238,11056,10453,-30607,20576,929,0,0,1,0,1,0
4281,2229166,-1877,939,14469,13531,-31207,15603,1445,0,0,1,0,1,0
4282,2229687,-1841,603,17326,16089,-30607,10031,1905,0,0,1,0,1,0
4283,2230208,-1734,245,19518,18028,-28831,4073,2292,0,0,1,0,1,0
4284,2230729,-1561,-123,20959,19275,-25947,-2041,2592,0,0,1,0,1,0
4285,2231250,-1327,-486,21594,19781,-22066,-8077,2791,0,0,1,0,1,0
4286,2231770,-1043,-830,21400,19527,-17337,-13802,2883,0,0,1,0,1,0
4287,2232291,-718,-1143,20384,18523,-11942,-18997,2865,0,0,1,0,1,0
4288,2232812,-366,-1411,18584,16806,-6088,-23462,2736,0,0,1,0,1,0
4289,2233333,0,-1626,16070,14444,0,-27026,2502,0,0,1,0,1,0
4290,2233854,366,-1777,12938,11527,6088,-29551,2172,0,0,1,0,1,0
4291,2234375,718,-1861,9309,8167,11942,-30940,1759,0,0,1,0,1,0
4292,2234895,1043,-1873,5323,4493,17337,-31140,1278,0,0,1,0,1,0
4293,2235416,1327,-1813,1132,646,22066,-30143,748,0,0,1,0,1,0
4294,2235937,1561,-1683,-3103,-3226,25947,-27988,189,0,0,1,0,1,0
4295,2236458,1734,-1489,-7218,-6973,28831,-24758,-377,0,0,1,0,1,0
4296,2236979,1841,-1238,-11056,-10453,30607,-20576,-929,0,0,1,0,1,0
4297,2237500,1877,-939,-14469,-13531,31207,-15603,-1445,0,0,1,0,1,0
4298,2238020,1841,-603,-17326,-16089,30607,-10031,-1905,0,0,1,0,1,0
4299,2238541,1734,-245,-19518,-18028,28831,-4073,-2292,0,0,1,0,1,0
4300,2239062,1561,123,-20959,-19275,25947,2041,-2592,0,0,1,0,1,0
4301,2239583,1327,486,-21594,-19781,22066,8077,-2791,0,0,1,0,1,0
4302,2240104,1043,830,-21400,-19527,17337,13802,-2883,0,0,1,0,1,0
4303,2240625,718,1143,-20384,-18523,11942,18997,-2865,0,0,1,0,1,0
4304,2241145,366,1411,-18584,-16806,6088,23462,-2736,0,0,1,0,1,0
4305,2241666,0,1626,-16070,-14444,0,27026,-2502,0,0,1,0,1,0
4306,2242187,-366,1777,-12938,-11527,-6088,29551,-2172,0,0,1,0,1,0
4307,2242708,-718,1861,-9309,-8167,-11942,30940,-1759,0,0,1,0,1,0
4308,2243229,-1043,1873,-5323,-4493,-17337,31140,-1278,0,0,1,0,1,0
4309,2243750,-1327,1813,-1132,-646,-22066,30143,-748,0,0,1,0,1,0
4310,2244270,-1561,1683,3103,3226,-25947,27988,-189,0,0,1,0,1,0
4311,2244791,-1734,1489,7218,6973,-28831,24758,377,0,0,1,0,1,0
4312,2245312,-1841,1238,11056,10453,-30607,20576,929,0,0,1,0,1,0
4313,2245833,-1877,939,14469,13531,-31207,15603,1445,0,0,1,0,1,0
4314,2246354,-1841,603,17326,16089,-30607,10031,1905,0,0,1,0,1,0
4315,2246875,-1734,245,19518,18028,-28831,4073,2292,0,0,1,0,1,0
4316,2247395,-1561,-123,20959,19275,-25947,-2041,2592,0,0,1,0,1,0
4317,2247916,-1327,-486,21594,19781,-22066,-8077,2791,0,0,1,0,1,0
4318,2248437,-1043,-830,21400,19527,-17337,-13802,2883,0,0,1,0,1,0
4319,2248958,-718,-1143,20384,18523,-11942,-18997,2865,0,0,1,0,1,0
4320,2249479,-366,-1411,18584,16806,-6088,-23462,2736,0,0,1,0,1,0
4321,2250000,0,-1626,16070,14444,0,-27026,2502,0,0,1,0,1,0
4322,2250520,366,-1777,12938,11527,6088,-29551,2172,0,0,1,0,1,0
4323,2251041,718,-1861,9309,8167,11942,-30940,1759,0,0,1,0,1,0
4324,2251562,1043,-1873,5323,4493,17337,-31140,1278,0,0,1,0,1,0
4325,2252083,1327,-1813,1132,646,22066,-30143,748,0,0,1,0,1,0
4326,2252604,1561,-1683,-3103,-3226,25947,-27988,189,0,0,1,0,1,0
4327,2253125,1734,-1489,-7218,-6973,28831,-24758,-377,0,0,1,0,1,0
4328,2253645,1841,-1238,-11056,-10453,30607,-20576,-929,0,0,1,0,1,0
4329,2254166,1877,-939,-14469,-13531,31207,-15603,-1445,0,0,1,0,1,0
4330,2254687,1841,-603,-17326,-16089,30607,-10031,-1905,0,0,1,0,1,0
4331,2255208,1734,-245,-19518,-18028,28831,-4073,-2292,0,0,1,0,1,0
4332,2255729,1561,123,-20959,-19275,25947,2041,-2592,0,0,1,0,1,0
4333,2256250,1327,486,-21594,-19781,22066,8077,-2791,0,0,1,0,1,0
4334,2256770,1043,830,-21400,-19527,17337,13802,-2883,0,0,1,0,1,0
4335,2257291,718,1143,-20384,-18523,11942,18997,-2865,0,0,1,0,1,0
4336,2257812,366,1411,-18584,-16806,6088,23462,-2736,0,0,1,0,1,0
4337,2258333,0,1626,-16070,-14444,0,27026,-2502,0,0,1,0,1,0
4338,2258854,-366,1777,-12938,-11527,-6088,29551,-2172,0,0,1,0,1,0
4339,2259375,-718,1861,-9309,-8167,-11942,30940,-1759,0,0,1,0,1,0
4340,2259895,-1043,1873,-5323,-4493,-17337,31140,-1278,0,0,1,0,1,0
4341,2260416,-1327,1813,-1132,-646,-22066,30143,-748,0,0,1,0,1,0
4342,2260937,-1561,1683,3103,3226,-25947,27988,-189,0,0,1,0,1,0
4343,2261458,-1734,1489,7218,6973,-28831,24758,377,0,0,1,0,1,0
4344,2261979,-1841,1238,11056,10453,-30607,20576,929,0,0,1,0,1,0
4345,2262500,-1877,939,14469,13531,-31207,15603,1445,0,0,1,0,1,0
4346,2263020,-1841,603,17326,16089,-30607,10031,1905,0,0,1,0,1,0
4347,2263541,-1734,245,19518,18028,-28831,4073,2292,0,0,1,0,1,0
4348,2264062,-1561,-123,20959,19275,-25947,-2041,2592,0,0,1,0,1,0
4349,2264583,-1327,-486,21594,19781,-22066,-8077,2791,0,0,1,0,1,0
4350,2265104,-1043,-830,21400,19527,-17337,-13802,2883,0,0,1,0,1,0
4351,2265625,-718,-1143,20384,18523,-11942,-18997,2865,0,0,1,0,1,0
4352,2266145,-366,-1411,18584,16806,-6088,-23462,2736,0,0,1,0,1,0
4353,2266666,0,-1626,16070,14444,0,-27026,2502,0,0,1,0,1,0
4354,2267187,366,-1777,12938,11527,6088,-29551,2172,0,0,1,0,1,0
4355,2267708,718,-1861,9309,8167,11942,-30940,1759,0,0,1,0,1,0
4356,2268229,1043,-1873,5323,4493,17337,-31140,1278,0,0,1,0,1,0
4357,2268750,1327,-1813,1132,646,22066,-30143,748,0,0,1,0,1,0
4358,2269270,1561,-1683,-3103,-3226,25947,-27988,189,0,0,1,0,1,0
4359,2269791,1734,-1489,-7218,-6973,28831,-24758,-377,0,0,1,0,1,0
4360,2270312,1841,-1238,-11056,-10453,30607,-20576,-929,0,0,1,0,1,0
4361,2270833,1877,-939,-14469,-13531,31207,-15603,-1445,0,0,1,0,1,0
4362,2271354,1841,-603,-17326,-16089,30607,-10031,-1905,0,0,1,0,1,0
4363,2271875,1734,-245,-19518,-18028,28831,-4073,-2292,0,0,1,0,1,0
4364,2272395,1561,123,-20959,-19275,25947,2041,-2592,0,0,1,0,1,0
4365,2272916,1327,486,-21594,-19781,22066,8077,-2791,0,0,1,0,1,0
4366,2273437,1043,830,-21400,-19527,17337,13802,-2883,0,0,1,0,1,0
4367,2273958,718,1143,-20384,-18523,11942,18997,-2865,0,0,1,0,1,0
4368,2274479,366,1411,-18584,-16806,6088,23462,-2736,0,0,1,0,1,0
4369,2275000,0,1626,-16070,-14444,0,27026,-2502,0,0,1,0,1,0
4370,2275520,-366,1777,-12938,-11527,-6088,29551,-2172,0,0,1,0,1,0
4371,2276041,-718,1861,-9309,-8167,-11942,30940,-1759,0,0,1,0,1,0
4372,2276562,-1043,1873,-5323,-4493,-17337,31140,-1278,0,0,1,0,1,0
4373,2277083,-1327,1813,-1132,-646,-22066,30143,-748,0,0,1,0,1,0
4374,2277604,-1561,1683,3103,3226,-25947,27988,-189,0,0,1,0,1,0
4375,2278125,-1734,1489,7218,6973,-28831,24758,377,0,0,1,0,1,0
4376,2278645,-1841,1238,11056,10453,-30607,20576,929,0,0,1,0,1,0
4377,2279166,-1877,939,14469,13531,-31207,15603,1445,0,0,1,0,1,0
4378,2279687,-1841,603,17326,16089,-30607,10031,1905,0,0,1,0,1,0
4379,2280208,-1734,245,19518,18028,-28831,4073,2292,0,0,1,0,1,0
4380,2280729,-1561,-123,20959,19275,-25947,-2041,2592,0,0,1,0,1,0
4381,2281250,-1327,-486,21594,19781,-22066,-8077,2791,0,0,1,0,1,0
4382,2281770,-1043,-830,21400,19527,-17337,-13802,2883,0,0,1,0,1,0
4383,2282291,-718,-1143,20384,18523,-11942,-18997,2865,0,0,1,0,1,0
4384,2282812,-366,-1411,18584,16806,-6088,-23462,2736,0,0,1,0,1,0
4385,2283333,0,-1626,16070,14444,0,-27026,2502,0,0,1,0,1,0
4386,2283854,366,-1777,12938,11527,6088,-29551,2172,0,0,1,0,1,0
4387,2284375,718,-1861,9309,8167,11942,-30940,1759,0,0,1,0,1,0
4388,2284895,1043,-1873,5323,4493,17337,-31140,1278,0,0,1,0,1,0
4389,2285416,1327,-1813,1132,646,22066,-30143,748,0,0,1,0,1,0
4390,2285937,1561,-1683,-3103,-3226,25947,-27988,189,0,0,1,0,1,0
4391,2286458,1734,-1489,-7218,-6973,28831,-24758,-377,0,0,1,0,1,0
4392,2286979,1841,-1238,-11056,-10453,30607,-20576,-929,0,0,1,0,1,0
4393,2287500,1877,-939,-14469,-13531,31207,-15603,-1445,0,0,1,0,1,0
4394,2288020,1841,-603,-17326,-16089,30607,-10031,-1905,0,0,1,0,1,0
4395,2288541,1734,-245,-19518,-18028,28831,-4073,-2292,0,0,1,0,1,0
4396,2289062,1561,123,-20959,-19275,25947,2041,-2592,0,0,1,0,1,0
4397,2289583,1327,486,-21594,-19781,22066,8077,-2791,0,0,1,0,1,0
4398,2290104,1043,830,-21400,-19527,17337,13802,-2883,0,0,1,0,1,0
4399,2290625,718,1143,-20384,-18523,11942,18997,-2865,0,0,1,0,1,0
4400,2291145,366,1411,-18584,-16806,6088,23462,-2736,0,0,1,0,1,0
4401,2291666,0,1626,-16070,-14444,0,27026,-2502,0,0,1,0,1,0
4402,2292187,-366,1777,-12938,-11527,-6088,29551,-2172,0,0,1,0,1,0
4403,2292708,-718,1861,-9309,-8167,-11942,30940,-1759,0,0,1,0,1,0
4404,2293229,-1043,1873,-5323,-4493,-17337,31140,-1278,0,0,1,0,1,0
4405,2293750,-1327,1813,-1132,-646,-22066,30143,-748,0,0,1,0,1,0
4406,2294270,-1561,1683,3103,3226,-25947,27988,-189,0,0,1,0,1,0
4407,2294791,-1734,1489,7218,6973,-28831,24758,377,0,0,1,0,1,0
4408,2295312,-1841,1238,11056,10453,-30607,20576,929,0,0,1,0,1,0
4409,2295833,-1877,939,14469,13531,-31207,15603,1445,0,0,1,0,1,0
4410,2296354,-1841,603,17326,16089,-30607,10031,1905,0,0,1,0,1,0
4411,2296875,-1734,245,19518,18028,-28831,4073,2292,0,0,1,0,1,0
4412,2297395,-1561,-123,20959,19275,-25947,-2041,2592,0,0,1,0,1,0
4413,2297916,-1327,-486,21594,19781,-22066,-8077,2791,0,0,1,0,1,0
4414,2298437,-1043,-830,21400,19527,-17337,-13802,2883,0,0,1,0,1,0
4415,2298958,-718,-1143,20384,18523,-11942,-18997,2865,0,0,1,0,1,0
4416,2299479,-366,-1411,18584,16806,-6088,-23462,2736,0,0,1,0,1,0
4417,2300000,0,-1626,16070,14444,0,-27026,2502,0,0,1,0,1,0
4418,2300520,366,-1777,12938,11527,6088,-29551,2172,0,0,1,0,1,0
4419,2301041,718,-1861,9309,8167,11942,-30940,1759,0,0,1,0,1,0
4420,2301562,1043,-1873,5323,4493,17337,-31140,1278,0,0,1,0,1,0
4421,2302083,1327,-1813,1132,646,22066,-30143,748,0,0,1,0,1,0
4422,2302604,1561,-1683,-3103,-3226,25947,-27988,189,0,0,1,0,1,0
4423,2303125,1734,-1489,-7218,-6973,28831,-24758,-377,0,0,1,0,1,0
4424,2303645,1841,-1238,-11056,-10453,30607,-20576,-929,0,0,1,0,1,0
4425,2304166,1877,-939,-14469,-13531,31207,-15603,-1445,0,0,1,0,1,0
4426,2304687,1841,-603,-17326,-16089,30607,-10031,-1905,0,0,1,0,1,0
4427,2305208,1734,-245,-19518,-18028,28831,-4073,-2292,0,0,1,0,1,0
4428,2305729,1561,123,-20959,-19275,25947,2041,-2592,0,0,1,0,1,0
4429,2306250,1327,486,-21594,-19781,22066,8077,-2791,0,0,1,0,1,0
4430,2306770,1043,830,-21400,-19527,17337,13802,-2883,0,0,1,0,1,0
4431,2307291,718,1143,-20384,-18523,11942,18997,-2865,0,0,1,0,1,0
4432,2307812,366,1411,-18584,-16806,6088,23462,-2736,0,0,1,0,1,0
4433,2308333,0,1626,-16070,-14444,0,27026,-2502,0,0,1,0,1,0
4434,2308854,-366,1777,-12938,-11527,-6088,29551,-2172,0,0,1,0,1,0
4435,2309375,-718,1861,-9309,-8167,-11942,30940,-1759,0,0,1,0,1,0
4436,2309895,-1043,1873,-5323,-4493,-17337,31140,-1278,0,0,1,0,1,0
4437,2310416,-1327,1813,-1132,-646,-22066,30143,-748,0,0,1,0,1,0
4438,2310937,-1561,1683,3103,3226,-25947,27988,-189,0,0,1,0,1,0
4439,2311458,-1734,1489,7218,6973,-28831,24758,377,0,0,1,0,1,0
4440,2311979,-1841,1238,11056,10453,-30607,20576,929,0,0,1,0,1,0
4441,2312500,-1877,939,14469,13531,-31207,15603,1445,0,0,1,0,1,0
4442,2313020,-1841,603,17326,16089,-30607,10031,1905,0,0,1,0,1,0
4443,2313541,-1734,245,19518,18028,-28831,4073,2292,0,0,1,0,1,0
4444,2314062,-1561,-123,20959,19275,-25947,-2041,2592,0,0,1,0,1,0
4445,2314583,-1327,-486,21594,19781,-22066,-8077,2791,0,0,1,0,1,0
4446,2315104,-1043,-830,21400,19527,-17337,-13802,2883,0,0,1,0,1,0
4447,2315625,-718,-1143,20384,18523,-11942,-18997,2865,0,0,1,0,1,0
4448,2316145,-366,-1411,18584,16806,-6088,-23462,2736,0,0,1,0,1,0
4449,2316666,0,-1626,16070,14444,0,-27026,2502,0,0,1,0,1,0
4450,2317187,366,-1777,12938,11527,6088,-29551,2172,0,0,1,0,1,0
4451,2317708,718,-1861,9309,8167,11942,-30940,1759,0,0,1,0,1,0
4452,2318229,1043,-1873,5323,4493,17337,-31140,1278,0,0,1,0,1,0
4453,2318750,1327,-1813,1132,646,22066,-30143,748,0,0,1,0,1,0
4454,2319270,1561,-1683,-3103,-3226,25947,-27988,189,0,0,1,0,1,0
4455,2319791,1734,-1489,-7218,-6973,28831,-24758,-377,0,0,1,0,1,0
4456,2320312,1841,-1238,-11056,-10453,30607,-20576,-929,0,0,1,0,1,0
4457,2320833,1877,-939,-14469,-13531,31207,-15603,-1445,0,0,1,0,1,0
4458,2321354,1841,-603,-17326,-16089,30607,-10031,-1905,0,0,1,0,1,0
4459,2321875,1734,-245,-19518,-18028,28831,-4073,-2292,0,0,1,0,1,0
4460,2322395,1561,123,-20959,-19275,25947,2041,-2592,0,0,1,0,1,0
4461,2322916,1327,486,-21594,-19781,22066,8077,-2791,0,0,1,0,1,0
4462,2323437,1043,830,-21400,-19527,17337,13802,-2883,0,0,1,0,1,0
4463,2323958,718,1143,-20384,-18523,11942,18997,-2865,0,0,1,0,1,0
4464,2324479,366,1411,-18584,-16806,6088,23462,-2736,0,0,1,0,1,0
4465,2325000,0,1626,-16070,-14444,0,27026,-2502,0,0,1,0,1,0
4466,2325520,-366,1777,-12938,-11527,-6088,29551,-2172,0,0,1,0,1,0
4467,2326041,-718,1861,-9309,-8167,-11942,30940,-1759,0,0,1,0,1,0
4468,2326562,-1043,1873,-5323,-4493,-17337,31140,-1278,0,0,1,0,1,0
4469,2327083,-1327,1813,-1132,-646,-22066,30143,-748,0,0,1,0,1,0
4470,2327604,-1561,1683,3103,3226,-25947,27988,-189,0,0,1,0,1,0
4471,2328125,-1734,1489,7218,6973,-28831,24758,377,0,0,1,0,1,0
4472,2328645,-1841,1238,11056,10453,-30607,20576,929,0,0,1,0,1,0
4473,2329166,-1877,939,14469,13531,-31207,15603,1445,0,0,1,0,1,0
4474,2329687,-1841,603,17326,16089,-30607,10031,1905,0,0,1,0,1,0
4475,2330208,-1734,245,19518,18028,-28831,4073,2292,0,0,1,0,1,0
4476,2330729,-1561,-123,20959,19275,-25947,-2041,2592,0,0,1,0,1,0
4477,2331250,-1327,-486,21594,19781,-22066,-8077,2791,0,0,1,0,1,0
4478,2331770,-1043,-830,21400,19527,-17337,-13802,2883,0,0,1,0,1,0
4479,2332291,-718,-1143,20384,18523,-11942,-18997,2865,0,0,1,0,1,0
4480,2332812,-366,-1411,18584,16806,-6088,-23462,2736,0,0,1,0,1,0
4481,2333333,0,-1626,16070,14444,0,-27026,2502,0,0,1,0,1,0
4482,2333854,366,-1777,12938,11527,6088,-29551,2172,0,0,1,0,1,0
4483,2334375,718,-1861,9309,8167,11942,-30940,1759,0,0,1,0,1,0
4484,2334895,1043,-1873,5323,4493,17337,-31140,1278,0,0,1,0,1,0
4485,2335416,1327,-1813,1132,646,22066,-30143,748,0,0,1,0,1,0
4486,2335937,1561,-1683,-3103,-3226,25947,-27988,189,0,0,1,0,1,0
4487,2336458,1734,-1489,-7218,-6973,28831,-24758,-377,0,0,1,0,1,0
4488,2336979,1841,-1238,-11056,-10453,30607,-20576,-929,0,0,1,0,1,0
4489,2337500,1877,-939,-14469,-13531,31207,-15603,-1445,0,0,1,0,1,0
4490,2338020,1841,-603,-17326,-16089,30607,-10031,-1905,0,0,1,0,1,0
4491,2338541,1734,-245,-19518,-18028,28831,-4073,-2292,0,0,1,0,1,0
4492,2339062,1561,123,-20959,-19275,25947,2041,-2592,0,0,1,0,1,0
4493,2339583,1327,486,-21594,-19781,22066,8077,-2791,0,0,1,0,1,0
4494,2340104,1043,830,-21400,-19527,17337,13802,-2883,0,0,1,0,1,0
4495,2340625,718,1143,-20384,-18523,11942,18997,-2865,0,0,1,0,1,0
4496,2341145,366,1411,-18584,-16806,6088,23462,-2736,0,0,1,0,1,0
4497,2341666,0,1626,-16070,-14444,0,27026,-2502,0,0,1,0,1,0
4498,2342187,-366,1777,-12938,-11527,-6088,29551,-2172,0,0,1,0,1,0
4499,2342708,-718,1861,-9309,-8167,-11942,30940,-1759,0,0,1,0,1,0
4500,2343229,-1043,1873,-5323,-4493,-17337,31140,-1278,0,0,1,0,1,0
4501,2343750,-1327,1813,-1132,-646,-22066,30143,-748,0,0,1,0,1,0
4502,2344270,-1561,1683,3103,3226,-25947,27988,-189,0,0,1,0,1,0
4503,2344791,-1734,1489,7218,6973,-28831,24758,377,0,0,1,0,1,0
4504,2345312,-1841,1238,11056,10453,-30607,20576,929,0,0,1,0,1,0
4505,2345833,-1877,939,14469,13531,-31207,15603,1445,0,0,1,0,1,0
4506,2346354,-1841,603,17326,16089,-30607,10031,1905,0,0,1,0,1,0
4507,2346875,-1734,245,19518,18028,-28831,4073,2292,0,0,1,0,1,0
4508,2347395,-1561,-123,20959,19275,-25947,-2041,2592,0,0,1,0,1,0
4509,2347916,-1327,-486,21594,19781,-22066,-8077,2791,0,0,1,0,1,0
4510,2348437,-1043,-830,21400,19527,-17337,-13802,2883,0,0,1,0,1,0
4511,2348958,-718,-1143,20384,18523,-11942,-18997,2865,0,0,1,0,1,0
4512,2349479,-366,-1411,18584,16806,-6088,-23462,2736,0,0,1,0,1,0
4513,2350000,0,-1626,16070,14444,0,-27026,2502,0,0,1,0,1,0
4514,2350520,366,-1777,12938,11527,6088,-29551,2172,0,0,1,0,1,0
4515,2351041,718,-1861,9309,8167,11942,-30940,1759,0,0,1,0,1,0
4516,2351562,1043,-1873,5323,4493,17337,-31140,1278,0,0,1,0,1,0
4517,2352083,1327,-1813,1132,646,22066,-30143,748,0,0,1,0,1,0
4518,2352604,1561,-1683,-3103,-3226,25947,-27988,189,0,0,1,0,1,0
4519,2353125,1734,-1489,-7218,-6973,28831,-24758,-377,0,0,1,0,1,0
4520,2353645,1841,-1238,-11056,-10453,30607,-20576,-929,0,0,1,0,1,0
4521,2354166,1877,-939,-14469,-13531,31207,-15603,-1445,0,0,1,0,1,0
4522,2354687,1841,-603,-17326,-16089,30607,-10031,-1905,0,0,1,0,1,0
4523,2355208,1734,-245,-19518,-18028,28831,-4073,-2292,0,0,1,0,1,0
4524,2355729,1561,123,-20959,-19275,25947,2041,-2592,0,0,1,0,1,0
4525,2356250,1327,486,-21594,-19781,22066,8077,-2791,0,0,1,0,1,0
4526,2356770,1043,830,-21400,-19527,17337,13802,-2883,0,0,1,0,1,0
4527,2357291,718,1143,-20384,-18523,11942,18997,-2865,0,0,1,0,1,0
4528,2357812,366,1411,-18584,-16806,6088,23462,-2736,0,0,1,0,1,0
4529,2358333,0,1626,-16070,-14444,0,27026,-2502,0,0,1,0,1,0
4530,2358854,-366,1777,-12938,-11527,-6088,29551,-2172,0,0,1,0,1,0
4531,2359375,-718,1861,-9309,-8167,-11942,30940,-1759,0,0,1,0,1,0
4532,2359895,-1043,1873,-5323,-4493,-17337,31140,-1278,0,0,1,0,1,0
4533,2360416,-1327,1813,-1132,-646,-22066,30143,-748,0,0,1,0,1,0
4534,2360937,-1561,1683,3103,3226,-25947,27988,-189,0,0,1,0,1,0
4535,2361458,-1734,1489,7218,6973,-28831,24758,377,0,0,1,0,1,0
4536,2361979,-1841,1238,11056,10453,-30607,20576,929,0,0,1,0,1,0
4537,2362500,-1877,939,14469,13531,-31207,15603,1445,0,0,1,0,1,0
4538,2363020,-1841,603,17326,16089,-30607,10031,1905,0,0,1,0,1,0
4539,2363541,-1734,245,19518,18028,-28831,4073,2292,0,0,1,0,1,0
4540,2364062,-1561,-123,20959,19275,-25947,-2041,2592,0,0,1,0,1,0
4541,2364583,-1327,-486,21594,19781,-22066,-8077,2791,0,0,1,0,1,0
4542,2365104,-1043,-830,21400,19527,-17337,-13802,2883,0,0,1,0,1,0
4543,2365625,-718,-1143,20384,18523,-11942,-18997,2865,0,0,1,0,1,0
4544,2366145,-366,-1411,18584,16806,-6088,-23462,2736,0,0,1,0,1,0
4545,2366666,0,-1626,16070,14444,0,-27026,2502,0,0,1,0,1,0
4546,2367187,366,-1777,12938,11527,6088,-29551,2172,0,0,1,0,1,0
4547,2367708,718,-1861,9309,8167,11942,-30940,1759,0,0,1,0,1,0
4548,2368229,1043,-1873,5323,4493,17337,-31140,1278,0,0,1,0,1,0
4549,2368750,1327,-1813,1132,646,22066,-30143,748,0,0,1,0,1,0
4550,2369270,1561,-1683,-3103,-3226,25947,-27988,189,0,0,1,0,1,0
4551,2369791,1734,-1489,-7218,-6973,28831,-24758,-377,0,0,1,0,1,0
4552,2370312,1841,-1238,-11056,-10453,30607,-20576,-929,0,0,1,0,1,0
4553,2370833,1877,-939,-14469,-13531,31207,-15603,-1445,0,0,1,0,1,0
4554,2371354,1841,-603,-17326,-16089,30607,-10031,-1905,0,0,1,0,1,0
4555,2371875,1734,-245,-19518,-18028,28831,-4073,-2292,0,0,1,0,1,0
4556,2372395,1561,123,-20959,-19275,25947,2041,-2592,0,0,1,0,1,0
4557,2372916,1327,486,-21594,-19781,22066,8077,-2791,0,0,1,0,1,0
4558,2373437,1043,830,-21400,-19527,17337,13802,-2883,0,0,1,0,1,0
4559,2373958,718,1143,-20384,-18523,11942,18997,-2865,0,0,1,0,1,0
4560,2374479,366,1411,-18584,-16806,6088,23462,-2736,0,0,1,0,1,0
4561,2375000,0,1626,-16070,-14444,0,27026,-2502,0,0,1,0,1,0
4562,2375520,-366,1777,-12938,-11527,-6088,29551,-2172,0,0,1,0,1,0
4563,2376041,-718,1861,-9309,-8167,-11942,30940,-1759,0,0,1,0,1,0
4564,2376562,-1043,1873,-5323,-4493,-17337,31140,-1278,0,0,1,0,1,0
4565,2377083,-1327,1813,-1132,-646,-22066,30143,-748,0,0,1,0,1,0
4566,2377604,-1561,1683,3103,3226,-25947,27988,-189,0,0,1,0,1,0
4567,2378125,-1734,1489,7218,6973,-28831,24758,377,0,0,1,0,1,0
4568,2378645,-1841,1238,11056,10453,-30607,20576,929,0,0,1,0,1,0
4569,2379166,-1877,939,14469,13531,-31207,15603,1445,0,0,1,0,1,0
4570,2379687,-1841,603,17326,16089,-30607,10031,1905,0,0,1,0,1,0
4571,2380208,-1734,245,19518,18028,-28831,4073,2292,0,0,1,0,1,0
4572,2380729,-1561,-123,20959,19275,-25947,-2041,2592,0,0,1,0,1,0
4573,2381250,-1327,-486,21594,19781,-22066,-8077,2791,0,0,1,0,1,0
4574,2381770,-1043,-830,21400,19527,-17337,-13802,2883,0,0,1,0,1,0
4575,2382291,-718,-1143,20384,18523,-11942,-18997,2865,0,0,1,0,1,0
4576,2382812,-366,-1411,18584,16806,-6088,-23462,2736,0,0,1,0,1,0
4577,2383333,0,-1626,16070,14444,0,-27026,2502,0,0,1,0,1,0
4578,2383854,366,-1777,12938,11527,6088,-29551,2172,0,0,1,0,1,0
4579,2384375,718,-1861,9309,8167,11942,-30940,1759,0,0,1,0,1,0
4580,2384895,1043,-1873,5323,4493,17337,-31140,1278,0,0,1,0,1,0
4581,2385416,1327,-1813,1132,646,22066,-30143,748,0,0,1,0,1,0
4582,2385937,1561,-1683,-3103,-3226,25947,-27988,189,0,0,1,0,1,0
4583,2386458,1734,-1489,-7218,-6973,28831,-24758,-377,0,0,1,0,1,0
4584,2386979,1841,-1238,-11056,-10453,30607,-20576,-929,0,0,1,0,1,0
4585,2387500,1877,-939,-14469,-13531,31207,-15603,-1445,0,0,1,0,1,0
4586,2388020,1841,-603,-17326,-16089,30607,-10031,-1905,0,0,1,0,1,0
4587,2388541,1734,-245,-19518,-18028,28831,-4073,-2292,0,0,1,0,1,0
4588,2389062,1561,123,-20959,-19275,25947,2041,-2592,0,0,1,0,1,0
4589,2389583,1327,486,-21594,-19781,22066,8077,-2791,0,0,1,0,1,0
4590,2390104,1043,830,-21400,-19527,17337,13802,-2883,0,0,1,0,1,0
4591,2390625,718,1143,-20384,-18523,11942,18997,-2865,0,0,1,0,1,0
4592,2391145,366,1411,-18584,-16806,6088,23462,-2736,0,0,1,0,1,0
4593,2391666,0,1626,-16070,-14444,0,27026,-2502,0,0,1,0,1,0
4594,2392187,-366,1777,-12938,-11527,-6088,29551,-2172,0,0,1,0,1,0
4595,2392708,-718,1861,-9309,-8167,-11942,30940,-1759,0,0,1,0,1,0
4596,2393229,-1043,1873,-5323,-4493,-17337,31140,-1278,0,0,1,0,1,0
4597,2393750,-1327,1813,-1132,-646,-22066,30143,-748,0,0,1,0,1,0
4598,2394270,-1561,1683,3103,3226,-25947,27988,-189,0,0,1,0,1,0
4599,2394791,-1734,1489,7218,6973,-28831,24758,377,0,0,1,0,1,0
4600,2395312,-1841,1238,11056,10453,-30607,20576,929,0,0,1,0,1,0
4601,2395833,-1877,939,14469,13531,-31207,15603,1445,0,0,1,0,1,0
4602,2396354,-1841,603,17326,16089,-30607,10031,1905,0,0,1,0,1,0
4603,2396875,-1734,245,19518,18028,-28831,4073,2292,0,0,1,0,1,0
4604,2397395,-1561,-123,20959,19275,-25947,-2041,2592,0,0,1,0,1,0
4605,2397916,-1327,-486,21594,19781,-22066,-8077,2791,0,0,1,0,1,0
4606,2398437,-1043,-830,21400,19527,-17337,-13802,2883,0,0,1,0,1,0
4607,2398958,-718,-1143,20384,18523,-11942,-18997,2865,0,0,1,0,1,0
4608,2399479,-366,-1411,18584,16806,-6088,-23462,2736,0,0,1,0,1,0
4609,2400000,0,-1626,16070,14444,0,-27026,2502,0,0,1,0,1,0
4610,2400520,366,-1777,12938,11527,6088,-29551,2172,0,0,1,0,1,0
4611,2401041,718,-1861,9309,8167,11942,-30940,1759,0,0,1,0,1,0
4612,2401562,1043,-1873,5323,4493,17337,-31140,1278,0,0,1,0,1,0
4613,2402083,1327,-1813,1132,646,22066,-30143,748,0,0,1,0,1,0
4614,2402604,1561,-1683,-3103,-3226,25947,-27988,189,0,0,1,0,1,0
4615,2403125,1734,-1489,-7218,-6973,28831,-24758,-377,0,0,1,0,1,0
4616,2403645,1841,-1238,-11056,-10453,30607,-20576,-929,0,0,1,0,1,0
4617,2404166,1877,-939,-14469,-13531,31207,-15603,-1445,0,0,1,0,1,0
4618,2404687,1841,-603,-17326,-16089,30607,-10031,-1905,0,0,1,0,1,0
4619,2405208,1734,-245,-19518,-18028,28831,-4073,-2292,0,0,1,0,1,0
4620,2405729,1561,123,-20959,-19275,25947,2041,-2592,0,0,1,0,1,0
4621,2406250,1327,486,-21594,-19781,22066,8077,-2791,0,0,1,0,1,0
4622,2406770,1043,830,-21400,-19527,17337,13802,-2883,0,0,1,0,1,0
4623,2407291,718,1143,-20384,-18523,11942,18997,-2865,0,0,1,0,1,0
4624,2407812,366,1411,-18584,-16806,6088,23462,-2736,0,0,1,0,1,0
4625,2408333,0,1626,-16070,-14444,0,27026,-2502,0,0,1,0,1,0
4626,2408854,-366,1777,-12938,-11527,-6088,29551,-2172,0,0,1,0,1,0
4627,2409375,-718,1861,-9309,-8167,-11942,30940,-1759,0,0,1,0,1,0
4628,2409895,-1043,1873,-5323,-4493,-17337,31140,-1278,0,0,1,0,1,0
4629,2410416,-1327,1813,-1132,-646,-22066,30143,-748,0,0,1,0,1,0
4630,2410937,-1561,1683,3103,3226,-25947,27988,-189,0,0,1,0,1,0
4631,2411458,-1734,1489,7218,6973,-28831,24758,377,0,0,1,0,1,0
4632,2411979,-1841,1238,11056,10453,-30607,20576,929,0,0,1,0,1,0
4633,2412500,-1877,939,14469,13531,-31207,15603,1445,0,0,1,0,1,0
4634,2413020,-1841,603,17326,16089,-30607,10031,1905,0,0,1,0,1,0
4635,2413541,-1734,245,19518,18028,-28831,4073,2292,0,0,1,0,1,0
4636,2414062,-1561,-123,20959,19275,-25947,-2041,2592,0,0,1,0,1,0
4637,2414583,-1327,-486,21594,19781,-22066,-8077,2791,0,0,1,0,1,0
4638,2415104,-1043,-830,21400,19527,-17337,-13802,2883,0,0,1,0,1,0
4639,2415625,-718,-1143,20384,18523,-11942,-18997,2865,0,0,1,0,1,0
4640,2416145,-366,-1411,18584,16806,-6088,-23462,2736,0,0,1,0,1,0
4641,2416666,0,-1626,16070,14444,0,-27026,2502,0,0,1,0,1,0
4642,2417187,366,-1777,12938,11527,6088,-29551,2172,0,0,1,0,1,0
4643,2417708,718,-1861,9309,8167,11942,-30940,1759,0,0,1,0,1,0
4644,2418229,1043,-1873,5323,4493,17337,-31140,1278,0,0,1,0,1,0
4645,2418750,1327,-1813,1132,646,22066,-30143,748,0,0,1,0,1,0
4646,2419270,1561,-1683,-3103,-3226,25947,-27988,189,0,0,1,0,1,0
4647,2419791,1734,-1489,-7218,-6973,28831,-24758,-377,0,0,1,0,1,0
4648,2420312,1841,-1238,-11056,-10453,30607,-20576,-929,0,0,1,0,1,0
4649,2420833,1877,-939,-14469,-13531,31207,-15603,-1445,0,0,1,0,1,0
4650,2421354,1841,-603,-17326,-16089,30607,-10031,-1905,0,0,1,0,1,0
4651,2421875,1734,-245,-19518,-18028,28831,-4073,-2292,0,0,1,0,1,0
4652,2422395,1561,123,-20959,-19275,25947,2041,-2592,0,0,1,0,1,0
4653,2422916,1327,486,-21594,-19781,22066,8077,-2791,0,0,1,0,1,0
4654,2423437,1043,830,-21400,-19527,17337,13802,-2883,0,0,1,0,1,0
4655,2423958,718,1143,-20384,-18523,11942,18997,-2865,0,0,1,0,1,0
4656,2424479,366,1411,-18584,-16806,6088,23462,-2736,0,0,1,0,1,0
4657,2425000,0,1626,-16070,-14444,0,27026,-2502,0,0,1,0,1,0
4658,2425520,-366,1777,-12938,-11527,-6088,29551,-2172,0,0,1,0,1,0
4659,2426041,-718,1861,-9309,-8167,-11942,30940,-1759,0,0,1,0,1,0
4660,2426562,-1043,1873,-5323,-4493,-17337,31140,-1278,0,0,1,0,1,0
4661,2427083,-1327,1813,-1132,-646,-22066,30143,-748,0,0,1,0,1,0
4662,2427604,-1561,1683,3103,3226,-25947,27988,-189,0,0,1,0,1,0
4663,2428125,-1734,1489,7218,6973,-28831,24758,377,0,0,1,0,1,0
4664,2428645,-1841,1238,11056,10453,-30607,20576,929,0,0,1,0,1,0
4665,2429166,-1877,939,14469,13531,-31207,15603,1445,0,0,1,0,1,0
4666,2429687,-1841,603,17326,16089,-30607,10031,1905,0,0,1,0,1,0
4667,2430208,-1734,245,19518,18028,-28831,4073,2292,0,0,1,0,1,0
4668,2430729,-1561,-123,20959,19275,-25947,-2041,2592,0,0,1,0,1,0
4669,2431250,-1327,-486,21594,19781,-22066,-8077,2791,0,0,1,0,1,0
4670,2431770,-1043,-830,21400,19527,-17337,-13802,2883,0,0,1,0,1,0
4671,2432291,-718,-1143,20384,18523,-11942,-18997,2865,0,0,1,0,1,0
4672,2432812,-366,-1411,18584,16806,-6088,-23462,2736,0,0,1,0,1,0
4673,2433333,0,-1626,16070,14444,0,-27026,2502,0,0,1,0,1,0
4674,2433854,366,-1777,12938,11527,6088,-29551,2172,0,0,1,0,1,0
4675,2434375,718,-1861,9309,8167,11942,-30940,1759,0,0,1,0,1,0
4676,2434895,1043,-1873,5323,4493,17337,-31140,1278,0,0,1,0,1,0
4677,2435416,1327,-1813,1132,646,22066,-30143,748,0,0,1,0,1,0
4678,2435937,1561,-1683,-3103,-3226,25947,-27988,189,0,0,1,0,1,0
4679,2436458,1734,-1489,-7218,-6973,28831,-24758,-377,0,0,1,0,1,0
4680,2436979,1841,-1238,-11056,-10453,30607,-20576,-929,0,0,1,0,1,0
4681,2437500,1877,-939,-14469,-13531,31207,-15603,-1445,0,0,1,0,1,0
4682,2438020,1841,-603,-17326,-16089,30607,-10031,-1905,0,0,1,0,1,0
4683,2438541,1734,-245,-19518,-18028,28831,-4073,-2292,0,0,1,0,1,0
4684,2439062,1561,123,-20959,-19275,25947,2041,-2592,0,0,1,0,1,0
4685,2439583,1327,486,-21594,-19781,22066,8077,-2791,0,0,1,0,1,0
4686,2440104,1043,830,-21400,-19527,17337,13802,-2883,0,0,1,0,1,0
4687,2440625,718,1143,-20384,-18523,11942,18997,-2865,0,0,1,0,1,0
4688,2441145,366,1411,-18584,-16806,6088,23462,-2736,0,0,1,0,1,0
4689,2441666,0,1626,-16070,-14444,0,27026,-2502,0,0,1,0,1,0
4690,2442187,-366,1777,-12938,-11527,-6088,29551,-2172,0,0,1,0,1,0
4691,2442708,-718,1861,-9309,-8167,-11942,30940,-1759,0,0,1,0,1,0
4692,2443229,-1043,1873,-5323,-4493,-17337,31140,-1278,0,0,1,0,1,0
4693,2443750,-1327,1813,-1132,-646,-22066,30143,-748,0,0,1,0,1,0
4694,2444270,-1561,1683,3103,3226,-25947,27988,-189,0,0,1,0,1,0
4695,2444791,-1734,1489,7218,6973,-28831,24758,377,0,0,1,0,1,0
4696,2445312,-1841,1238,11056,10453,-30607,20576,929,0,0,1,0,1,0
4697,2445833,-1877,939,14469,13531,-31207,15603,1445,0,0,1,0,1,0
4698,2446354,-1841,603,17326,16089,-30607,10031,1905,0,0,1,0,1,0
4699,2446875,-1734,245,19518,18028,-28831,4073,2292,0,0,1,0,1,0
4700,2447395,-1561,-123,20959,19275,-25947,-2041,2592,0,0,1,0,1,0
4701,2447916,-1327,-486,21594,19781,-22066,-8077,2791,0,0,1,0,1,0
4702,2448437,-1043,-830,21400,19527,-17337,-13802,2883,0,0,1,0,1,0
4703,2448958,-718,-1143,20384,18523,-11942,-18997,2865,0,0,1,0,1,0
4704,2449479,-366,-1411,18584,16806,-6088,-23462,2736,0,0,1,0,1,0
4705,2450000,0,-1626,16070,14444,0,-27026,2502,0,0,1,0,1,0
4706,2450520,366,-1777,12938,11527,6088,-29551,2172,0,0,1,0,1,0
4707,2451041,718,-1861,9309,8167,11942,-30940,1759,0,0,1,0,1,0
4708,2451562,1043,-1873,5323,4493,17337,-31140,1278,0,0,1,0,1,0
4709,2452083,1327,-1813,1132,646,22066,-30143,748,0,0,1,0,1,0
4710,2452604,1561,-1683,-3103,-3226,25947,-27988,189,0,0,1,0,1,0
4711,2453125,1734,-1489,-7218,-6973,28831,-24758,-377,0,0,1,0,1,0
4712,2453645,1841,-1238,-11056,-10453,30607,-20576,-929,0,0,1,0,1,0
4713,2454166,1877,-939,-14469,-13531,31207,-15603,-1445,0,0,1,0,1,0
4714,2454687,1841,-603,-17326,-16089,30607,-10031,-1905,0,0,1,0,1,0
4715,2455208,1734,-245,-19518,-18028,28831,-4073,-2292,0,0,1,0,1,0
4716,2455729,1561,123,-20959,-19275,25947,2041,-2592,0,0,1,0,1,0
4717,2456250,1327,486,-21594,-19781,22066,8077,-2791,0,0,1,0,1,0
4718,2456770,1043,830,-21400,-19527,17337,13802,-2883,0,0,1,0,1,0
4719,2457291,718,1143,-20384,-18523,11942,18997,-2865,0,0,1,0,1,0
4720,2457812,366,1411,-18584,-16806,6088,23462,-2736,0,0,1,0,1,0
4721,2458333,0,1626,-16070,-14444,0,27026,-2502,0,0,1,0,1,0
4722,2458854,-366,1777,-12938,-11527,-6088,29551,-2172,0,0,1,0,1,0
4723,2459375,-718,1861,-9309,-8167,-11942,30940,-1759,0,0,1,0,1,0
4724,2459895,-1043,1873,-5323,-4493,-17337,31140,-1278,0,0,1,0,1,0
4725,2460416,-1327,1813,-1132,-646,-22066,30143,-748,0,0,1,0,1,0
4726,2460937,-1561,1683,3103,3226,-25947,27988,-189,0,0,1,0,1,0
4727,2461458,-1734,1489,7218,6973,-28831,24758,377,0,0,1,0,1,0
4728,2461979,-1841,1238,11056,10453,-30607,20576,929,0,0,1,0,1,0
4729,2462500,-1877,939,14469,13531,-31207,15603,1445,0,0,1,0,1,0
4730,2463020,-1841,603,17326,16089,-30607,10031,1905,0,0,1,0,1,0
4731,2463541,-1734,245,19518,18028,-28831,4073,2292,0,0,1,0,1,0
4732,2464062,-1561,-123,20959,19275,-25947,-2041,2592,0,0,1,0,1,0
4733,2464583,-1327,-486,21594,19781,-22066,-8077,2791,0,0,1,0,1,0
4734,2465104,-1043,-830,21400,19527,-17337,-13802,2883,0,0,1,0,1,0
4735,2465625,-718,-1143,20384,18523,-11942,-18997,2865,0,0,1,0,1,0
4736,2466145,-366,-1411,18584,16806,-6088,-23462,2736,0,0,1,0,1,0
4737,2466666,0,-1626,16070,14444,0,-27026,2502,0,0,1,0,1,0
4738,2467187,366,-1777,12938,11527,6088,-29551,2172,0,0,1,0,1,0
4739,2467708,718,-1861,9309,8167,11942,-30940,1759,0,0,1,0,1,0
4740,2468229,1043,-1873,5323,4493,17337,-31140,1278,0,0,1,0,1,0
4741,2468750,1327,-1813,1132,646,22066,-30143,748,0,0,1,0,1,0
4742,2469270,1561,-1683,-3103,-3226,25947,-27988,189,0,0,1,0,1,0
4743,2469791,1734,-1489,-7218,-6973,28831,-24758,-377,0,0,1,0,1,0
4744,2470312,1841,-1238,-11056,-10453,30607,-20576,-929,0,0,1,0,1,0
4745,2470833,1877,-939,-14469,-13531,31207,-15603,-1445,0,0,1,0,1,0
4746,2471354,1841,-603,-17326,-16089,30607,-10031,-1905,0,0,1,0,1,0
4747,2471875,1734,-245,-19518,-18028,28831,-4073,-2292,0,0,1,0,1,0
4748,2472395,1561,123,-20959,-19275,25947,2041,-2592,0,0,1,0,1,0
4749,2472916,1327,486,-21594,-19781,22066,8077,-2791,0,0,1,0,1,0
4750,2473437,1043,830,-21400,-19527,17337,13802,-2883,0,0,1,0,1,0
4751,2473958,718,1143,-20384,-18523,11942,18997,-2865,0,0,1,0,1,0
4752,2474479,366,1411,-18584,-16806,6088,23462,-2736,0,0,1,0,1,0
4753,2475000,0,1626,-16070,-14444,0,27026,-2502,0,0,1,0,1,0
4754,2475520,-366,1777,-12938,-11527,-6088,29551,-2172,0,0,1,0,1,0
4755,2476041,-718,1861,-9309,-8167,-11942,30940,-1759,0,0,1,0,1,0
4756,2476562,-1043,1873,-5323,-4493,-17337,31140,-1278,0,0,1,0,1,0
4757,2477083,-1327,1813,-1132,-646,-22066,30143,-748,0,0,1,0,1,0
4758,2477604,-1561,1683,3103,3226,-25947,27988,-189,0,0,1,0,1,0
4759,2478125,-1734,1489,7218,6973,-28831,24758,377,0,0,1,0,1,0
4760,2478645,-1841,1238,11056,10453,-30607,20576,929,0,0,1,0,1,0
4761,2479166,-1877,939,14469,13531,-31207,15603,1445,0,0,1,0,1,0
4762,2479687,-1841,603,17326,16089,-30607,10031,1905,0,0,1,0,1,0
4763,2480208,-1734,245,19518,18028,-28831,4073,2292,0,0,1,0,1,0
4764,2480729,-1561,-123,20959,19275,-25947,-2041,2592,0,0,1,0,1,0
4765,2481250,-1327,-486,21594,19781,-22066,-8077,2791,0,0,1,0,1,0
4766,2481770,-1043,-830,21400,19527,-17337,-13802,2883,0,0,1,0,1,0
4767,2482291,-718,-1143,20384,18523,-11942,-18997,2865,0,0,1,0,1,0
4768,2482812,-366,-1411,18584,16806,-6088,-23462,2736,0,0,1,0,1,0
4769,2483333,0,-1626,16070,14444,0,-27026,2502,0,0,1,0,1,0
4770,2483854,366,-1777,12938,11527,6088,-29551,2172,0,0,1,0,1,0
4771,2484375,718,-1861,9309,8167,11942,-30940,1759,0,0,1,0,1,0
4772,2484895,1043,-1873,5323,4493,17337,-31140,1278,0,0,1,0,1,0
4773,2485416,1327,-1813,1132,646,22066,-30143,748,0,0,1,0,1,0
4774,2485937,1561,-1683,-3103,-3226,25947,-27988,189,0,0,1,0,1,0
4775,2486458,1734,-1489,-7218,-6973,28831,-24758,-377,0,0,1,0,1,0
4776,2486979,1841,-1238,-11056,-10453,30607,-20576,-929,0,0,1,0,1,0
4777,2487500,1877,-939,-14469,-13531,31207,-15603,-1445,0,0,1,0,1,0
4778,2488020,1841,-603,-17326,-16089,30607,-10031,-1905,0,0,1,0,1,0
4779,2488541,1734,-245,-19518,-18028,28831,-4073,-2292,0,0,1,0,1,0
4780,2489062,1561,123,-20959,-19275,25947,2041,-2592,0,0,1,0,1,0
4781,2489583,1327,486,-21594,-19781,22066,8077,-2791,0,0,1,0,1,0
4782,2490104,1043,830,-21400,-19527,17337,13802,-2883,0,0,1,0,1,0
4783,2490625,718,1143,-20384,-18523,11942,18997,-2865,0,0,1,0,1,0
4784,2491145,366,1411,-18584,-16806,6088,23462,-2736,0,0,1,0,1,0
4785,2491666,0,1626,-16070,-14444,0,27026,-2502,0,0,1,0,1,0
4786,2492187,-366,1777,-12938,-11527,-6088,29551,-2172,0,0,1,0,1,0
4787,2492708,-718,1861,-9309,-8167,-11942,30940,-1759,0,0,1,0,1,0
4788,2493229,-1043,1873,-5323,-4493,-17337,31140,-1278,0,0,1,0,1,0
4789,2493750,-1327,1813,-1132,-646,-22066,30143,-748,0,0,1,0,1,0
4790,2494270,-1561,1683,3103,3226,-25947,27988,-189,0,0,1,0,1,0
4791,2494791,-1734,1489,7218,6973,-28831,24758,377,0,0,1,0,1,0
4792,2495312,-1841,1238,11056,10453,-30607,20576,929,0,0,1,0,1,0
4793,2495833,-1877,939,14469,13531,-31207,15603,1445,0,0,1,0,1,0
4794,2496354,-1841,603,17326,16089,-30607,10031,1905,0,0,1,0,1,0
4795,2496875,-1734,245,19518,18028,-28831,4073,2292,0,0,1,0,1,0
4796,2497395,-1561,-123,20959,19275,-25947,-2041,2592,0,0,1,0,1,0
4797,2497916,-1327,-486,21594,19781,-22066,-8077,2791,0,0,1,0,1,0
4798,2498437,-1043,-830,21400,19527,-17337,-13802,2883,0,0,1,0,1,0
4799,2498958,-718,-1143,20384,18523,-11942,-18997,2865,0,0,1,0,1,0
4800,2499479,-366,-1411,18584,16806,-6088,-23462,2736,0,0,1,0,1,0
4801,2500000,0,-1626,16070,14444,0,-27026,2502,0,0,1,0,1,0
4802,2500520,366,-1777,12938,11527,6088,-29551,2172,0,0,1,0,1,0
4803,2501041,718,-1861,9309,8167,11942,-30940,1759,0,0,1,0,1,0
4804,2501562,1043,-1873,5323,4493,17337,-31140,1278,0,0,1,0,1,0
4805,2502083,1327,-1813,1132,646,22066,-30143,748,0,0,1,0,1,0
4806,2502604,1561,-1683,-3103,-3226,25947,-27988,189,0,0,1,0,1,0
4807,2503125,1734,-1489,-7218,-6973,28831,-24758,-377,0,0,1,0,1,0
4808,2503645,1841,-1238,-11056,-10453,30607,-20576,-929,0,0,1,0,1,0
4809,2504166,1877,-939,-14469,-13531,31207,-15603,-1445,0,0,1,0,1,0
4810,2504687,1841,-603,-17326,-16089,30607,-10031,-1905,0,0,1,0,1,0
4811,2505208,1734,-245,-19518,-18028,28831,-4073,-2292,0,0,1,0,1,0
4812,2505729,1561,123,-20959,-19275,25947,2041,-2592,0,0,1,0,1,0
4813,2506250,1327,486,-21594,-19781,22066,8077,-2791,0,0,1,0,1,0
4814,2506770,1043,830,-21400,-19527,17337,13802,-2883,0,0,1,0,1,0
4815,2507291,718,1143,-20384,-18523,11942,18997,-2865,0,0,1,0,1,0
4816,2507812,366,1411,-18584,-16806,6088,23462,-2736,0,0,1,0,1,0
4817,2508333,0,1626,-16070,-14444,0,27026,-2502,0,0,1,0,1,0
4818,2508854,-366,1777,-12938,-11527,-6088,29551,-2172,0,0,1,0,1,0
4819,2509375,-718,1861,-9309,-8167,-11942,30940,-1759,0,0,1,0,1,0
4820,2509895,-1043,1873,-5323,-4493,-17337,31140,-1278,0,0,1,0,1,0
4821,2510416,-1327,1813,-1132,-646,-22066,30143,-748,0,0,1,0,1,0
4822,2510937,-1561,1683,3103,3226,-25947,27988,-189,0,0,1,0,1,0
4823,2511458,-1734,1489,7218,6973,-28831,24758,377,0,0,1,0,1,0
4824,2511979,-1841,1238,11056,10453,-30607,20576,929,0,0,1,0,1,0
4825,2512500,-1877,939,14469,13531,-31207,15603,1445,0,0,1,0,1,0
4826,2513020,-1841,603,17326,16089,-30607,10031,1905,0,0,1,0,1,0
4827,2513541,-1734,245,19518,18028,-28831,4073,2292,0,0,1,0,1,0
4828,2514062,-1561,-123,20959,19275,-25947,-2041,2592,0,0,1,0,1,0
4829,2514583,-1327,-486,21594,19781,-22066,-8077,2791,0,0,1,0,1,0
4830,2515104,-1043,-830,21400,19527,-17337,-13802,2883,0,0,1,0,1,0
4831,2515625,-718,-1143,20384,18523,-11942,-18997,2865,0,0,1,0,1,0
4832,2516145,-366,-1411,18584,16806,-6088,-23462,2736,0,0,1,0,1,0
4833,2516666,0,-1626,16070,14444,0,-27026,2502,0,0,1,0,1,0
4834,2517187,366,-1777,12938,11527,6088,-29551,2172,0,0,1,0,1,0
4835,2517708,718,-1861,9309,8167,11942,-30940,1759,0,0,1,0,1,0
4836,2518229,1043,-1873,5323,4493,17337,-31140,1278,0,0,1,0,1,0
4837,2518750,1327,-1813,1132,646,22066,-30143,748,0,0,1,0,1,0
4838,2519270,1561,-1683,-3103,-3226,25947,-27988,189,0,0,1,0,1,0
4839,2519791,1734,-1489,-7218,-6973,28831,-24758,-377,0,0,1,0,1,0
4840,2520312,1841,-1238,-11056,-10453,30607,-20576,-929,0,0,1,0,1,0
4841,2520833,1877,-939,-14469,-13531,31207,-15603,-1445,0,0,1,0,1,0
4842,2521354,1841,-603,-17326,-16089,30607,-10031,-1905,0,0,1,0,1,0
4843,2521875,1734,-245,-19518,-18028,28831,-4073,-2292,0,0,1,0,1,0
4844,2522395,1561,123,-20959,-19275,25947,2041,-2592,0,0,1,0,1,0
4845,2522916,1327,486,-21594,-19781,22066,8077,-2791,0,0,1,0,1,0
4846,2523437,1043,830,-21400,-19527,17337,13802,-2883,0,0,1,0,1,0
4847,2523958,718,1143,-20384,-18523,11942,18997,-2865,0,0,1,0,1,0
4848,2524479,366,1411,-18584,-16806,6088,23462,-2736,0,0,1,0,1,0
4849,2525000,0,1626,-16070,-14444,0,27026,-2502,0,0,1,0,1,0
4850,2525520,-366,1777,-12938,-11527,-6088,29551,-2172,0,0,1,0,1,0
4851,2526041,-718,1861,-9309,-8167,-11942,30940,-1759,0,0,1,0,1,0
4852,2526562,-1043,1873,-5323,-4493,-17337,31140,-1278,0,0,1,0,1,0
4853,2527083,-1327,1813,-1132,-646,-22066,30143,-748,0,0,1,0,1,0
4854,2527604,-1561,1683,3103,3226,-25947,27988,-189,0,0,1,0,1,0
4855,2528125,-1734,1489,7218,6973,-28831,24758,377,0,0,1,0,1,0
4856,2528645,-1841,1238,11056,10453,-30607,20576,929,0,0,1,0,1,0
4857,2529166,-1877,939,14469,13531,-31207,15603,1445,0,0,1,0,1,0
4858,2529687,-1841,603,17326,16089,-30607,10031,1905,0,0,1,0,1,0
4859,2530208,-1734,245,19518,18028,-28831,4073,2292,0,0,1,0,1,0
4860,2530729,-1561,-123,20959,19275,-25947,-2041,2592,0,0,1,0,1,0
4861,2531250,-1327,-486,21594,19781,-22066,-8077,2791,0,0,1,0,1,0
4862,2531770,-1043,-830,21400,19527,-17337,-13802,2883,0,0,1,0,1,0
4863,2532291,-718,-1143,20384,18523,-11942,-18997,2865,0,0,1,0,1,0
4864,2532812,-366,-1411,18584,16806,-6088,-23462,2736,0,0,1,0,1,0
4865,2533333,0,-1626,16070,14444,0,-27026,2502,0,0,1,0,1,0
4866,2533854,366,-1777,12938,11527,6088,-29551,2172,0,0,1,0,1,0
4867,2534375,718,-1861,9309,8167,11942,-30940,1759,0,0,1,0,1,0
4868,2534895,1043,-1873,5323,4493,17337,-31140,1278,0,0,1,0,1,0
4869,2535416,1327,-1813,1132,646,22066,-30143,748,0,0,1,0,1,0
4870,2535937,1561,-1683,-3103,-3226,25947,-27988,189,0,0,1,0,1,0
4871,2536458,1734,-1489,-7218,-6973,28831,-24758,-377,0,0,1,0,1,0
4872,2536979,1841,-1238,-11056,-10453,30607,-20576,-929,0,0,1,0,1,0
4873,2537500,1877,-939,-14469,-13531,31207,-15603,-1445,0,0,1,0,1,0
4874,2538020,1841,-603,-17326,-16089,30607,-10031,-1905,0,0,1,0,1,0
4875,2538541,1734,-245,-19518,-18028,28831,-4073,-2292,0,0,1,0,1,0
4876,2539062,1561,123,-20959,-19275,25947,2041,-2592,0,0,1,0,1,0
4877,2539583,1327,486,-21594,-19781,22066,8077,-2791,0,0,1,0,1,0
4878,2540104,1043,830,-21400,-19527,17337,13802,-2883,0,0,1,0,1,0
4879,2540625,718,1143,-20384,-18523,11942,18997,-2865,0,0,1,0,1,0
4880,2541145,366,1411,-18584,-16806,6088,23462,-2736,0,0,1,0,1,0
4881,2541666,0,1626,-16070,-14444,0,27026,-2502,0,0,1,0,1,0
4882,2542187,-366,1777,-12938,-11527,-6088,29551,-2172,0,0,1,0,1,0
4883,2542708,-718,1861,-9309,-8167,-11942,30940,-1759,0,0,1,0,1,0
4884,2543229,-1043,1873,-5323,-4493,-17337,31140,-1278,0,0,1,0,1,0
4885,2543750,-1327,1813,-1132,-646,-22066,30143,-748,0,0,1,0,1,0
4886,2544270,-1561,1683,3103,3226,-25947,27988,-189,0,0,1,0,1,0
4887,2544791,-1734,1489,7218,6973,-28831,24758,377,0,0,1,0,1,0
4888,2545312,-1841,1238,11056,10453,-30607,20576,929,0,0,1,0,1,0
4889,2545833,-1877,939,14469,13531,-31207,15603,1445,0,0,1,0,1,0
4890,2546354,-1841,603,17326,16089,-30607,10031,1905,0,0,1,0,1,0
4891,2546875,-1734,245,19518,18028,-28831,4073,2292,0,0,1,0,1,0
4892,2547395,-1561,-123,20959,19275,-25947,-2041,2592,0,0,1,0,1,0
4893,2547916,-1327,-486,21594,19781,-22066,-8077,2791,0,0,1,0,1,0
4894,2548437,-1043,-830,21400,19527,-17337,-13802,2883,0,0,1,0,1,0
4895,2548958,-718,-1143,20384,18523,-11942,-18997,2865,0,0,1,0,1,0
4896,2549479,-366,-1411,18584,16806,-6088,-23462,2736,0,0,1,0,1,0
4897,2550000,0,-1626,16070,14444,0,-27026,2502,0,0,1,0,1,0
4898,2550520,366,-1777,12938,11527,6088,-29551,2172,0,0,1,0,1,0
4899,2551041,718,-1861,9309,8167,11942,-30940,1759,0,0,1,0,1,0
4900,2551562,1043,-1873,5323,4493,17337,-31140,1278,0,0,1,0,1,0
4901,2552083,1327,-1813,1132,646,22066,-30143,748,0,0,1,0,1,0
4902,2552604,1561,-1683,-3103,-3226,25947,-27988,189,0,0,1,0,1,0
4903,2553125,1734,-1489,-7218,-6973,28831,-24758,-377,0,0,1,0,1,0
4904,2553645,1841,-1238,-11056,-10453,30607,-20576,-929,0,0,1,0,1,0
4905,2554166,1877,-939,-14469,-13531,31207,-15603,-1445,0,0,1,0,1,0
4906,2554687,1841,-603,-17326,-16089,30607,-10031,-1905,0,0,1,0,1,0
4907,2555208,1734,-245,-19518,-18028,28831,-4073,-2292,0,0,1,0,1,0
4908,2555729,1561,123,-20959,-19275,25947,2041,-2592,0,0,1,0,1,0
4909,2556250,1327,486,-21594,-19781,22066,8077,-2791,0,0,1,0,1,0
4910,2556770,1043,830,-21400,-19527,17337,13802,-2883,0,0,1,0,1,0
4911,2557291,718,1143,-20384,-18523,11942,18997,-2865,0,0,1,0,1,0
4912,2557812,366,1411,-18584,-16806,6088,23462,-2736,0,0,1,0,1,0
4913,2558333,0,1626,-16070,-14444,0,27026,-2502,0,0,1,0,1,0
4914,2558854,-366,1777,-12938,-11527,-6088,29551,-2172,0,0,1,0,1,0
4915,2559375,-718,1861,-9309,-8167,-11942,30940,-1759,0,0,1,0,1,0
4916,2559895,-1043,1873,-5323,-4493,-17337,31140,-1278,0,0,1,0,1,0
4917,2560416,-1327,1813,-1132,-646,-22066,30143,-748,0,0,1,0,1,0
4918,2560937,-1561,1683,3103,3226,-25947,27988,-189,0,0,1,0,1,0
4919,2561458,-1734,1489,7218,6973,-28831,24758,377,0,0,1,0,1,0
4920,2561979,-1841,1238,11056,10453,-30607,20576,929,0,0,1,0,1,0
4921,2562500,-1877,939,14469,13531,-31207,15603,1445,0,0,1,0,1,0
4922,2563020,-1841,603,17326,16089,-30607,10031,1905,0,0,1,0,1,0
4923,2563541,-1734,245,19518,18028,-28831,4073,2292,0,0,1,0,1,0
4924,2564062,-1561,-123,20959,19275,-25947,-2041,2592,0,0,1,0,1,0
4925,2564583,-1327,-486,21594,19781,-22066,-8077,2791,0,0,1,0,1,0
4926,2565104,-1043,-830,21400,19527,-17337,-13802,2883,0,0,1,0,1,0
4927,2565625,-718,-1143,20384,18523,-11942,-18997,2865,0,0,1,0,1,0
4928,2566145,-366,-1411,18584,16806,-6088,-23462,2736,0,0,1,0,1,0
4929,2566666,0,-1626,16070,14444,0,-27026,2502,0,0,1,0,1,0
4930,2567187,366,-1777,12938,11527,6088,-29551,2172,0,0,1,0,1,0
4931,2567708,718,-1861,9309,8167,11942,-30940,1759,0,0,1,0,1,0
4932,2568229,1043,-1873,5323,4493,17337,-31140,1278,0,0,1,0,1,0
4933,2568750,1327,-1813,1132,646,22066,-30143,748,0,0,1,0,1,0
4934,2569270,1561,-1683,-3103,-3226,25947,-27988,189,0,0,1,0,1,0
4935,2569791,1734,-1489,-7218,-6973,28831,-24758,-377,0,0,1,0,1,0
4936,2570312,1841,-1238,-11056,-10453,30607,-20576,-929,0,0,1,0,1,0
4937,2570833,1877,-939,-14469,-13531,31207,-15603,-1445,0,0,1,0,1,0
4938,2571354,1841,-603,-17326,-16089,30607,-10031,-1905,0,0,1,0,1,0
4939,2571875,1734,-245,-19518,-18028,28831,-4073,-2292,0,0,1,0,1,0
4940,2572395,1561,123,-20959,-19275,25947,2041,-2592,0,0,1,0,1,0
4941,2572916,1327,486,-21594,-19781,22066,8077,-2791,0,0,1,0,1,0
4942,2573437,1043,830,-21400,-19527,17337,13802,-2883,0,0,1,0,1,0
4943,2573958,718,1143,-20384,-18523,11942,18997,-2865,0,0,1,0,1,0
4944,2574479,366,1411,-18584,-16806,6088,23462,-2736,0,0,1,0,1,0
4945,2575000,0,1626,-16070,-14444,0,27026,-2502,0,0,1,0,1,0
4946,2575520,-366,1777,-12938,-11527,-6088,29551,-2172,0,0,1,0,1,0
4947,2576041,-718,1861,-9309,-8167,-11942,30940,-1759,0,0,1,0,1,0
4948,2576562,-1043,1873,-5323,-4493,-17337,31140,-1278,0,0,1,0,1,0
4949,2577083,-1327,1813,-1132,-646,-22066,30143,-748,0,0,1,0,1,0
4950,2577604,-1561,1683,3103,3226,-25947,27988,-189,0,0,1,0,1,0
4951,2578125,-1734,1489,7218,6973,-28831,24758,377,0,0,1,0,1,0
4952,2578645,-1841,1238,11056,10453,-30607,20576,929,0,0,1,0,1,0
4953,2579166,-1877,939,14469,13531,-31207,15603,1445,0,0,1,0,1,0
4954,2579687,-1841,603,17326,16089,-30607,10031,1905,0,0,1,0,1,0
4955,2580208,-1734,245,19518,18028,-28831,4073,2292,0,0,1,0,1,0
4956,2580729,-1561,-123,20959,19275,-25947,-2041,2592,0,0,1,0,1,0
4957,2581250,-1327,-486,21594,19781,-22066,-8077,2791,0,0,1,0,1,0
4958,2581770,-1043,-830,21400,19527,-17337,-13802,2883,0,0,1,0,1,0
4959,2582291,-718,-1143,20384,18523,-11942,-18997,2865,0,0,1,0,1,0
4960,2582812,-366,-1411,18584,16806,-6088,-23462,2736,0,0,1,0,1,0
4961,2583333,0,-1626,16070,14444,0,-27026,2502,0,0,1,0,1,0
4962,2583854,366,-1777,12938,11527,6088,-29551,2172,0,0,1,0,1,0
4963,2584375,718,-1861,9309,8167,11942,-30940,1759,0,0,1,0,1,0
4964,2584895,1043,-1873,5323,4493,17337,-31140,1278,0,0,1,0,1,0
4965,2585416,1327,-1813,1132,646,22066,-30143,748,0,0,1,0,1,0
4966,2585937,1561,-1683,-3103,-3226,25947,-27988,189,0,0,1,0,1,0
4967,2586458,1734,-1489,-7218,-6973,28831,-24758,-377,0,0,1,0,1,0
4968,2586979,1841,-1238,-11056,-10453,30607,-20576,-929,0,0,1,0,1,0
4969,2587500,1877,-939,-14469,-13531,31207,-15603,-1445,0,0,1,0,1,0
4970,2588020,1841,-603,-17326,-16089,30607,-10031,-1905,0,0,1,0,1,0
4971,2588541,1734,-245,-19518,-18028,28831,-4073,-2292,0,0,1,0,1,0
4972,2589062,1561,123,-20959,-19275,25947,2041,-2592,0,0,1,0,1,0
4973,2589583,1327,486,-21594,-19781,22066,8077,-2791,0,0,1,0,1,0
4974,2590104,1043,830,-21400,-19527,17337,13802,-2883,0,0,1,0,1,0
4975,2590625,718,1143,-20384,-18523,11942,18997,-2865,0,0,1,0,1,0
4976,2591145,366,1411,-18584,-16806,6088,23462,-2736,0,0,1,0,1,0
4977,2591666,0,1626,-16070,-14444,0,27026,-2502,0,0,1,0,1,0
4978,2592187,-366,1777,-12938,-11527,-6088,29551,-2172,0,0,1,0,1,0
4979,2592708,-718,1861,-9309,-8167,-11942,30940,-1759,0,0,1,0,1,0
4980,2593229,-1043,1873,-5323,-4493,-17337,31140,-1278,0,0,1,0,1,0
4981,2593750,-1327,1813,-1132,-646,-22066,30143,-748,0,0,1,0,1,0
4982,2594270,-1561,1683,3103,3226,-25947,27988,-189,0,0,1,0,1,0
4983,2594791,-1734,1489,7218,6973,-28831,24758,377,0,0,1,0,1,0
4984,2595312,-1841,1238,11056,10453,-30607,20576,929,0,0,1,0,1,0
4985,2595833,-1877,939,14469,13531,-31207,15603,1445,0,0,1,0,1,0
4986,2596354,-1841,603,17326,16089,-30607,10031,1905,0,0,1,0,1,0
4987,2596875,-1734,245,19518,18028,-28831,4073,2292,0,0,1,0,1,0
4988,2597395,-1561,-123,20959,19275,-25947,-2041,2592,0,0,1,0,1,0
4989,2597916,-1327,-486,21594,19781,-22066,-8077,2791,0,0,1,0,1,0
4990,2598437,-1043,-830,21400,19527,-17337,-13802,2883,0,0,1,0,1,0
4991,2598958,-718,-1143,20384,18523,-11942,-18997,2865,0,0,1,0,1,0
4992,2599479,-366,-1411,18584,16806,-6088,-23462,2736,0,0,1,0,1,0
4993,2600000,0,-1626,16070,14444,0,-27026,2502,0,0,1,0,1,0
4994,2600520,366,-1777,12938,11527,6088,-29551,2172,0,0,1,0,1,0
4995,2601041,718,-1861,9309,8167,11942,-30940,1759,0,0,1,0,1,0
4996,2601562,1043,-1873,5323,4493,17337,-31140,1278,0,0,1,0,1,0
4997,2602083,1327,-1813,1132,646,22066,-30143,748,0,0,1,0,1,0
4998,2602604,1561,-1683,-3103,-3226,25947,-27988,189,0,0,1,0,1,0
4999,2603125,1734,-1489,-7218,-6973,28831,-24758,-377,0,0,1,0,1,0
5000,2603645,1841,-1238,-11056,-10453,30607,-20576,-929,0,0,1,0,1,0
5001,2604166,1877,-939,-14469,-13531,31207,-15603,-1445,0,0,1,0,1,0
5002,2604687,1841,-603,-17326,-16089,30607,-10031,-1905,0,0,1,0,1,0
5003,2605208,1734,-245,-19518,-18028,28831,-4073,-2292,0,0,1,0,1,0
5004,2605729,1561,123,-20959,-19275,25947,2041,-2592,0,0,1,0,1,0
5005,2606250,1327,486,-21594,-19781,22066,8077,-2791,0,0,1,0,1,0
5006,2606770,1043,830,-21400,-19527,17337,13802,-2883,0,0,1,0,1,0
5007,2607291,718,1143,-20384,-18523,11942,18997,-2865,0,0,1,0,1,0
5008,2607812,366,1411,-18584,-16806,6088,23462,-2736,0,0,1,0,1,0
5009,2608333,0,1626,-16070,-14444,0,27026,-2502,0,0,1,0,1,0
5010,2608854,-366,1777,-12938,-11527,-6088,29551,-2172,0,0,1,0,1,0
5011,2609375,-718,1861,-9309,-8167,-11942,30940,-1759,0,0,1,0,1,0
5012,2609895,-1043,1873,-5323,-4493,-17337,31140,-1278,0,0,1,0,1,0
5013,2610416,-1327,1813,-1132,-646,-22066,30143,-748,0,0,1,0,1,0
5014,2610937,-1561,1683,3103,3226,-25947,27988,-189,0,0,1,0,1,0
5015,2611458,-1734,1489,7218,6973,-28831,24758,377,0,0,1,0,1,0
5016,2611979,-1841,1238,11056,10453,-30607,20576,929,0,0,1,0,1,0
5017,2612500,-1877,939,14469,13531,-31207,15603,1445,0,0,1,0,1,0
5018,2613020,-1841,603,17326,16089,-30607,10031,1905,0,0,1,0,1,0
5019,2613541,-1734,245,19518,18028,-28831,4073,2292,0,0,1,0,1,0
5020,2614062,-1561,-123,20959,19275,-25947,-2041,2592,0,0,1,0,1,0
5021,2614583,-1327,-486,21594,19781,-22066,-8077,2791,0,0,1,0,1,0
5022,2615104,-1043,-830,21400,19527,-17337,-13802,2883,0,0,1,0,1,0
5023,2615625,-718,-1143,20384,18523,-11942,-18997,2865,0,0,1,0,1,0
5024,2616145,-366,-1411,18584,16806,-6088,-23462,2736,0,0,1,0,1,0
5025,2616666,0,-1626,16070,14444,0,-27026,2502,0,0,1,0,1,0
5026,2617187,366,-1777,12938,11527,6088,-29551,2172,0,0,1,0,1,0
5027,2617708,718,-1861,9309,8167,11942,-30940,1759,0,0,1,0,1,0
5028,2618229,1043,-1873,5323,4493,17337,-31140,1278,0,0,1,0,1,0
5029,2618750,1327,-1813,1132,646,22066,-30143,748,0,0,1,0,1,0
5030,2619270,1561,-1683,-3103,-3226,25947,-27988,189,0,0,1,0,1,0
5031,2619791,1734,-1489,-7218,-6973,28831,-24758,-377,0,0,1,0,1,0
5032,2620312,1841,-1238,-11056,-10453,30607,-20576,-929,0,0,1,0,1,0
5033,2620833,1877,-939,-14469,-13531,31207,-15603,-1445,0,0,1,0,1,0
5034,2621354,1841,-603,-17326,-16089,30607,-10031,-1905,0,0,1,0,1,0
5035,2621875,1734,-245,-19518,-18028,28831,-4073,-2292,0,0,1,0,1,0
5036,2622395,1561,123,-20959,-19275,25947,2041,-2592,0,0,1,0,1,0
5037,2622916,1327,486,-21594,-19781,22066,8077,-2791,0,0,1,0,1,0
5038,2623437,1043,830,-21400,-19527,17337,13802,-2883,0,0,1,0,1,0
5039,2623958,718,1143,-20384,-18523,11942,18997,-2865,0,0,1,0,1,0
5040,2624479,366,1411,-18584,-16806,6088,23462,-2736,0,0,1,0,1,0
5041,2625000,0,1626,-16070,-14444,0,27026,-2502,0,0,1,0,1,0
5042,2625520,-366,1777,-12938,-11527,-6088,29551,-2172,0,0,1,0,1,0
5043,2626041,-718,1861,-9309,-8167,-11942,30940,-1759,0,0,1,0,1,0
5044,2626562,-1043,1873,-5323,-4493,-17337,31140,-1278,0,0,1,0,1,0
5045,2627083,-1327,1813,-1132,-646,-22066,30143,-748,0,0,1,0,1,0
5046,2627604,-1561,1683,3103,3226,-25947,27988,-189,0,0,1,0,1,0
5047,2628125,-1734,1489,7218,6973,-28831,24758,377,0,0,1,0,1,0
5048,2628645,-1841,1238,11056,10453,-30607,20576,929,0,0,1,0,1,0
5049,2629166,-1877,939,14469,13531,-31207,15603,1445,0,0,1,0,1,0
5050,2629687,-1841,603,17326,16089,-30607,10031,1905,0,0,1,0,1,0
5051,2630208,-1734,245,19518,18028,-28831,4073,2292,0,0,1,0,1,0
5052,2630729,-1561,-123,20959,19275,-25947,-2041,2592,0,0,1,0,1,0
5053,2631250,-1327,-486,21594,19781,-22066,-8077,2791,0,0,1,0,1,0
5054,2631770,-1043,-830,21400,19527,-17337,-13802,2883,0,0,1,0,1,0
5055,2632291,-718,-1143,20384,18523,-11942,-18997,2865,0,0,1,0,1,0
5056,2632812,-366,-1411,18584,16806,-6088,-23462,2736,0,0,1,0,1,0
5057,2633333,0,-1626,16070,14444,0,-27026,2502,0,0,1,0,1,0
5058,2633854,366,-1777,12938,11527,6088,-29551,2172,0,0,1,0,1,0
5059,2634375,718,-1861,9309,8167,11942,-30940,1759,0,0,1,0,1,0
5060,2634895,1043,-1873,5323,4493,17337,-31140,1278,0,0,1,0,1,0
5061,2635416,1327,-1813,1132,646,22066,-30143,748,0,0,1,0,1,0
5062,2635937,1561,-1683,-3103,-3226,25947,-27988,189,0,0,1,0,1,0
5063,2636458,1734,-1489,-7218,-6973,28831,-24758,-377,0,0,1,0,1,0
5064,2636979,1841,-1238,-11056,-10453,30607,-20576,-929,0,0,1,0,1,0
5065,2637500,1877,-939,-14469,-13531,31207,-15603,-1445,0,0,1,0,1,0
5066,2638020,1841,-603,-17326,-16089,30607,-10031,-1905,0,0,1,0,1,0
5067,2638541,1734,-245,-19518,-18028,28831,-4073,-2292,0,0,1,0,1,0
5068,2639062,1561,123,-20959,-19275,25947,2041,-2592,0,0,1,0,1,0
5069,2639583,1327,486,-21594,-19781,22066,8077,-2791,0,0,1,0,1,0
5070,2640104,1043,830,-21400,-19527,17337,13802,-2883,0,0,1,0,1,0
5071,2640625,718,1143,-20384,-18523,11942,18997,-2865,0,0,1,0,1,0
5072,2641145,366,1411,-18584,-16806,6088,23462,-2736,0,0,1,0,1,0
5073,2641666,0,1626,-16070,-14444,0,27026,-2502,0,0,1,0,1,0
5074,2642187,-366,1777,-12938,-11527,-6088,29551,-2172,0,0,1,0,1,0
5075,2642708,-718,1861,-9309,-8167,-11942,30940,-1759,0,0,1,0,1,0
5076,2643229,-1043,1873,-5323,-4493,-17337,31140,-1278,0,0,1,0,1,0
5077,2643750,-1327,1813,-1132,-646,-22066,30143,-748,0,0,1,0,1,0
5078,2644270,-1561,1683,3103,3226,-25947,27988,-189,0,0,1,0,1,0
5079,2644791,-1734,1489,7218,6973,-28831,24758,377,0,0,1,0,1,0
5080,2645312,-1841,1238,11056,10453,-30607,20576,929,0,0,1,0,1,0
5081,2645833,-1877,939,14469,13531,-31207,15603,1445,0,0,1,0,1,0
5082,2646354,-1841,603,17326,16089,-30607,10031,1905,0,0,1,0,1,0
5083,2646875,-1734,245,19518,18028,-28831,4073,2292,0,0,1,0,1,0
5084,2647395,-1561,-123,20959,19275,-25947,-2041,2592,0,0,1,0,1,0
5085,2647916,-1327,-486,21594,19781,-22066,-8077,2791,0,0,1,0,1,0
5086,2648437,-1043,-830,21400,19527,-17337,-13802,2883,0,0,1,0,1,0
5087,2648958,-718,-1143,20384,18523,-11942,-18997,2865,0,0,1,0,1,0
5088,2649479,-366,-1411,18584,16806,-6088,-23462,2736,0,0,1,0,1,0
5089,2650000,0,-1626,16070,14444,0,-27026,2502,0,0,1,0,1,0
5090,2650520,366,-1777,12938,11527,6088,-29551,2172,0,0,1,0,1,0
5091,2651041,718,-1861,9309,8167,11942,-30940,1759,0,0,1,0,1,0
5092,2651562,1043,-1873,5323,4493,17337,-31140,1278,0,0,1,0,1,0
5093,2652083,1327,-1813,1132,646,22066,-30143,748,0,0,1,0,1,0
5094,2652604,1561,-1683,-3103,-3226,25947,-27988,189,0,0,1,0,1,0
5095,2653125,1734,-1489,-7218,-6973,28831,-24758,-377,0,0,1,0,1,0
5096,2653645,1841,-1238,-11056,-10453,30607,-20576,-929,0,0,1,0,1,0
5097,2654166,1877,-939,-14469,-13531,31207,-15603,-1445,0,0,1,0,1,0
5098,2654687,1841,-603,-17326,-16089,30607,-10031,-1905,0,0,1,0,1,0
5099,2655208,1734,-245,-19518,-18028,28831,-4073,-2292,0,0,1,0,1,0
5100,2655729,1561,123,-20959,-19275,25947,2041,-2592,0,0,1,0,1,0
5101,2656250,1327,486,-21594,-19781,22066,8077,-2791,0,0,1,0,1,0
5102,2656770,1043,830,-21400,-19527,17337,13802,-2883,0,0,1,0,1,0
5103,2657291,718,1143,-20384,-18523,11942,18997,-2865,0,0,1,0,1,0
5104,2657812,366,1411,-18584,-16806,6088,23462,-2736,0,0,1,0,1,0
5105,2658333,0,1626,-16070,-14444,0,27026,-2502,0,0,1,0,1,0
5106,2658854,-366,1777,-12938,-11527,-6088,29551,-2172,0,0,1,0,1,0
5107,2659375,-718,1861,-9309,-8167,-11942,30940,-1759,0,0,1,0,1,0
5108,2659895,-1043,1873,-5323,-4493,-17337,31140,-1278,0,0,1,0,1,0
5109,2660416,-1327,1813,-1132,-646,-22066,30143,-748,0,0,1,0,1,0
5110,2660937,-1561,1683,3103,3226,-25947,27988,-189,0,0,1,0,1,0
5111,2661458,-1734,1489,7218,6973,-28831,24758,377,0,0,1,0,1,0
5112,2661979,-1841,1238,11056,10453,-30607,20576,929,0,0,1,0,1,0
5113,2662500,-1877,939,14469,13531,-31207,15603,1445,0,0,1,0,1,0
5114,2663020,-1841,603,17326,16089,-30607,10031,1905,0,0,1,0,1,0
5115,2663541,-1734,245,19518,18028,-28831,4073,2292,0,0,1,0,1,0
5116,2664062,-1561,-123,20959,19275,-25947,-2041,2592,0,0,1,0,1,0
5117,2664583,-1327,-486,21594,19781,-22066,-8077,2791,0,0,1,0,1,0
5118,2665104,-1043,-830,21400,19527,-17337,-13802,2883,0,0,1,0,1,0
5119,2665625,-718,-1143,20384,18523,-11942,-18997,2865,0,0,1,0,1,0
5120,2666145,-366,-1411,18584,16806,-6088,-23462,2736,0,0,1,0,1,0
5121,2666666,0,-1626,16070,14444,0,-27026,2502,0,0,1,0,1,0
5122,2667187,366,-1777,12938,11527,6088,-29551,2172,0,0,1,0,1,0
5123,2667708,718,-1861,9309,8167,11942,-30940,1759,0,0,1,0,1,0
5124,2668229,1043,-1873,5323,4493,17337,-31140,1278,0,0,1,0,1,0
5125,2668750,1327,-1813,1132,646,22066,-30143,748,0,0,1,0,1,0
5126,2669270,1561,-1683,-3103,-3226,25947,-27988,189,0,0,1,0,1,0
5127,2669791,1734,-1489,-7218,-6973,28831,-24758,-377,0,0,1,0,1,0
5128,2670312,1841,-1238,-11056,-10453,30607,-20576,-929,0,0,1,0,1,0
5129,2670833,1877,-939,-14469,-13531,31207,-15603,-1445,0,0,1,0,1,0
5130,2671354,1841,-603,-17326,-16089,30607,-10031,-1905,0,0,1,0,1,0
5131,2671875,1734,-245,-19518,-18028,28831,-4073,-2292,0,0,1,0,1,0
5132,2672395,1561,123,-20959,-19275,25947,2041,-2592,0,0,1,0,1,0
5133,2672916,1327,486,-21594,-19781,22066,8077,-2791,0,0,1,0,1,0
5134,2673437,1043,830,-21400,-19527,17337,13802,-2883,0,0,1,0,1,0
5135,2673958,718,1143,-20384,-18523,11942,18997,-2865,0,0,1,0,1,0
5136,2674479,366,1411,-18584,-16806,6088,23462,-2736,0,0,1,0,1,0
5137,2675000,0,1626,-16070,-14444,0,27026,-2502,0,0,1,0,1,0
5138,2675520,-366,1777,-12938,-11527,-6088,29551,-2172,0,0,1,0,1,0
5139,2676041,-718,1861,-9309,-8167,-11942,30940,-1759,0,0,1,0,1,0
5140,2676562,-1043,1873,-5323,-4493,-17337,31140,-1278,0,0,1,0,1,0
5141,2677083,-1327,1813,-1132,-646,-22066,30143,-748,0,0,1,0,1,0
5142,2677604,-1561,1683,3103,3226,-25947,27988,-189,0,0,1,0,1,0
5143,2678125,-1734,1489,7218,6973,-28831,24758,377,0,0,1,0,1,0
5144,2678645,-1841,1238,11056,10453,-30607,20576,929,0,0,1,0,1,0
5145,2679166,-1877,939,14469,13531,-31207,15603,1445,0,0,1,0,1,0
5146,2679687,-1841,603,17326,16089,-30607,10031,1905,0,0,1,0,1,0
5147,2680208,-1734,245,19518,18028,-28831,4073,2292,0,0,1,0,1,0
5148,2680729,-1561,-123,20959,19275,-25947,-2041,2592,0,0,1,0,1,0
5149,2681250,-1327,-486,21594,19781,-22066,-8077,2791,0,0,1,0,1,0
5150,2681770,-1043,-830,21400,19527,-17337,-13802,2883,0,0,1,0,1,0
5151,2682291,-718,-1143,20384,18523,-11942,-18997,2865,0,0,1,0,1,0
5152,2682812,-366,-1411,18584,16806,-6088,-23462,2736,0,0,1,0,1,0
5153,2683333,0,-1626,16070,14444,0,-27026,2502,0,0,1,0,1,0
5154,2683854,366,-1777,12938,11527,6088,-29551,2172,0,0,1,0,1,0
5155,2684375,718,-1861,9309,8167,11942,-30940,1759,0,0,1,0,1,0
5156,2684895,1043,-1873,5323,4493,17337,-31140,1278,0,0,1,0,1,0
5157,2685416,1327,-1813,1132,646,22066,-30143,748,0,0,1,0,1,0
5158,2685937,1561,-1683,-3103,-3226,25947,-27988,189,0,0,1,0,1,0
5159,2686458,1734,-1489,-7218,-6973,28831,-24758,-377,0,0,1,0,1,0
5160,2686979,1841,-1238,-11056,-10453,30607,-20576,-929,0,0,1,0,1,0
5161,2687500,1877,-939,-14469,-13531,31207,-15603,-1445,0,0,1,0,1,0
5162,2688020,1841,-603,-17326,-16089,30607,-10031,-1905,0,0,1,0,1,0
5163,2688541,1734,-245,-19518,-18028,28831,-4073,-2292,0,0,1,0,1,0
5164,2689062,1561,123,-20959,-19275,25947,2041,-2592,0,0,1,0,1,0
5165,2689583,1327,486,-21594,-19781,22066,8077,-2791,0,0,1,0,1,0
5166,2690104,1043,830,-21400,-19527,17337,13802,-2883,0,0,1,0,1,0
5167,2690625,718,1143,-20384,-18523,11942,18997,-2865,0,0,1,0,1,0
5168,2691145,366,1411,-18584,-16806,6088,23462,-2736,0,0,1,0,1,0
5169,2691666,0,1626,-16070,-14444,0,27026,-2502,0,0,1,0,1,0
5170,2692187,-366,1777,-12938,-11527,-6088,29551,-2172,0,0,1,0,1,0
5171,2692708,-718,1861,-9309,-8167,-11942,30940,-1759,0,0,1,0,1,0
5172,2693229,-1043,1873,-5323,-4493,-17337,31140,-1278,0,0,1,0,1,0
5173,2693750,-1327,1813,-1132,-646,-22066,30143,-748,0,0,1,0,1,0
5174,2694270,-1561,1683,3103,3226,-25947,27988,-189,0,0,1,0,1,0
5175,2694791,-1734,1489,7218,6973,-28831,24758,377,0,0,1,0,1,0
5176,2695312,-1841,1238,11056,10453,-30607,20576,929,0,0,1,0,1,0
5177,2695833,-1877,939,14469,13531,-31207,15603,1445,0,0,1,0,1,0
5178,2696354,-1841,603,17326,16089,-30607,10031,1905,0,0,1,0,1,0
5179,2696875,-1734,245,19518,18028,-28831,4073,2292,0,0,1,0,1,0
5180,2697395,-1561,-123,20959,19275,-25947,-2041,2592,0,0,1,0,1,0
5181,2697916,-1327,-486,21594,19781,-22066,-8077,2791,0,0,1,0,1,0
5182,2698437,-1043,-830,21400,19527,-17337,-13802,2883,0,0,1,0,1,0
5183,2698958,-718,-1143,20384,18523,-11942,-18997,2865,0,0,1,0,1,0
5184,2699479,-366,-1411,18584,16806,-6088,-23462,2736,0,0,1,0,1,0
5185,2700000,0,-1626,16070,14444,0,-27026,2502,0,0,1,0,1,0
5186,2700520,366,-1777,12938,11527,6088,-29551,2172,0,0,1,0,1,0
5187,2701041,718,-1861,9309,8167,11942,-30940,1759,0,0,1,0,1,0
5188,2701562,1043,-1873,5323,4493,17337,-31140,1278,0,0,1,0,1,0
5189,2702083,1327,-1813,1132,646,22066,-30143,748,0,0,1,0,1,0
5190,2702604,1561,-1683,-3103,-3226,25947,-27988,189,0,0,1,0,1,0
5191,2703125,1734,-1489,-7218,-6973,28831,-24758,-377,0,0,1,0,1,0
5192,2703645,1841,-1238,-11056,-10453,30607,-20576,-929,0,0,1,0,1,0
5193,2704166,1877,-939,-14469,-13531,31207,-15603,-1445,0,0,1,0,1,0
5194,2704687,1841,-603,-17326,-16089,30607,-10031,-1905,0,0,1,0,1,0
5195,2705208,1734,-245,-19518,-18028,28831,-4073,-2292,0,0,1,0,1,0
5196,2705729,1561,123,-20959,-19275,25947,2041,-2592,0,0,1,0,1,0
5197,2706250,1327,486,-21594,-19781,22066,8077,-2791,0,0,1,0,1,0
5198,2706770,1043,830,-21400,-19527,17337,13802,-2883,0,0,1,0,1,0
5199,2707291,718,1143,-20384,-18523,11942,18997,-2865,0,0,1,0,1,0
5200,2707812,366,1411,-18584,-16806,6088,23462,-2736,0,0,1,0,1,0
5201,2708333,0,1626,-16070,-14444,0,27026,-2502,0,0,1,0,1,0
5202,2708854,-366,1777,-12938,-11527,-6088,29551,-2172,0,0,1,0,1,0
5203,2709375,-718,1861,-9309,-8167,-11942,30940,-1759,0,0,1,0,1,0
5204,2709895,-1043,1873,-5323,-4493,-17337,31140,-1278,0,0,1,0,1,0
5205,2710416,-1327,1813,-1132,-646,-22066,30143,-748,0,0,1,0,1,0
5206,2710937,-1561,1683,3103,3226,-25947,27988,-189,0,0,1,0,1,0
5207,2711458,-1734,1489,7218,6973,-28831,24758,377,0,0,1,0,1,0
5208,2711979,-1841,1238,11056,10453,-30607,20576,929,0,0,1,0,1,0
5209,2712500,-1877,939,14469,13531,-31207,15603,1445,0,0,1,0,1,0
5210,2713020,-1841,603,17326,16089,-30607,10031,1905,0,0,1,0,1,0
5211,2713541,-1734,245,19518,18028,-28831,4073,2292,0,0,1,0,1,0
5212,2714062,-1561,-123,20959,19275,-25947,-2041,2592,0,0,1,0,1,0
5213,2714583,-1327,-486,21594,19781,-22066,-8077,2791,0,0,1,0,1,0
5214,2715104,-1043,-830,21400,19527,-17337,-13802,2883,0,0,1,0,1,0
5215,2715625,-718,-1143,20384,18523,-11942,-18997,2865,0,0,1,0,1,0
5216,2716145,-366,-1411,18584,16806,-6088,-23462,2736,0,0,1,0,1,0
5217,2716666,0,-1626,16070,14444,0,-27026,2502,0,0,1,0,1,0
5218,2717187,366,-1777,12938,11527,6088,-29551,2172,0,0,1,0,1,0
5219,2717708,718,-1861,9309,8167,11942,-30940,1759,0,0,1,0,1,0
5220,2718229,1043,-1873,5323,4493,17337,-31140,1278,0,0,1,0,1,0
5221,2718750,1327,-1813,1132,646,22066,-30143,748,0,0,1,0,1,0
5222,2719270,1561,-1683,-3103,-3226,25947,-27988,189,0,0,1,0,1,0
5223,2719791,1734,-1489,-7218,-6973,28831,-24758,-377,0,0,1,0,1,0
5224,2720312,1841,-1238,-11056,-10453,30607,-20576,-929,0,0,1,0,1,0
5225,2720833,1877,-939,-14469,-13531,31207,-15603,-1445,0,0,1,0,1,0
5226,2721354,1841,-603,-17326,-16089,30607,-10031,-1905,0,0,1,0,1,0
5227,2721875,1734,-245,-19518,-18028,28831,-4073,-2292,0,0,1,0,1,0
5228,2722395,1561,123,-20959,-19275,25947,2041,-2592,0,0,1,0,1,0
5229,2722916,1327,486,-21594,-19781,22066,8077,-2791,0,0,1,0,1,0
5230,2723437,1043,830,-21400,-19527,17337,13802,-2883,0,0,1,0,1,0
5231,2723958,718,1143,-20384,-18523,11942,18997,-2865,0,0,1,0,1,0
5232,2724479,366,1411,-18584,-16806,6088,23462,-2736,0,0,1,0,1,0
5233,2725000,0,1626,-16070,-14444,0,27026,-2502,0,0,1,0,1,0
5234,2725520,-366,1777,-12938,-11527,-6088,29551,-2172,0,0,1,0,1,0
5235,2726041,-718,1861,-9309,-8167,-11942,30940,-1759,0,0,1,0,1,0
5236,2726562,-1043,1873,-5323,-4493,-17337,31140,-1278,0,0,1,0,1,0
5237,2727083,-1327,1813,-1132,-646,-22066,30143,-748,0,0,1,0,1,0
5238,2727604,-1561,1683,3103,3226,-25947,27988,-189,0,0,1,0,1,0
5239,2728125,-1734,1489,7218,6973,-28831,24758,377,0,0,1,0,1,0
5240,2728645,-1841,1238,11056,10453,-30607,20576,929,0,0,1,0,1,0
5241,2729166,-1877,939,14469,13531,-31207,15603,1445,0,0,1,0,1,0
5242,2729687,-1841,603,17326,16089,-30607,10031,1905,0,0,1,0,1,0
5243,2730208,-1734,245,19518,18028,-28831,4073,2292,0,0,1,0,1,0
5244,2730729,-1561,-123,20959,19275,-25947,-2041,2592,0,0,1,0,1,0
5245,2731250,-1327,-486,21594,19781,-22066,-8077,2791,0,0,1,0,1,0
5246,2731770,-1043,-830,21400,19527,-17337,-13802,2883,0,0,1,0,1,0
5247,2732291,-718,-1143,20384,18523,-11942,-18997,2865,0,0,1,0,1,0
5248,2732812,-366,-1411,18584,16806,-6088,-23462,2736,0,0,1,0,1,0
5249,2733333,0,-1626,16070,14444,0,-27026,2502,0,0,1,0,1,0
5250,2733854,366,-1777,12938,11527,6088,-29551,2172,0,0,1,0,1,0
5251,2734375,718,-1861,9309,8167,11942,-30940,1759,0,0,1,0,1,0
5252,2734895,1043,-1873,5323,4493,17337,-31140,1278,0,0,1,0,1,0
5253,2735416,1327,-1813,1132,646,22066,-30143,748,0,0,1,0,1,0
5254,2735937,1561,-1683,-3103,-3226,25947,-27988,189,0,0,1,0,1,0
5255,2736458,1734,-1489,-7218,-6973,28831,-24758,-377,0,0,1,0,1,0
5256,2736979,1841,-1238,-11056,-10453,30607,-20576,-929,0,0,1,0,1,0
5257,2737500,1877,-939,-14469,-13531,31207,-15603,-1445,0,0,1,0,1,0
5258,2738020,1841,-603,-17326,-16089,30607,-10031,-1905,0,0,1,0,1,0
5259,2738541,1734,-245,-19518,-18028,28831,-4073,-2292,0,0,1,0,1,0
5260,2739062,1561,123,-20959,-19275,25947,2041,-2592,0,0,1,0,1,0
5261,2739583,1327,486,-21594,-19781,22066,8077,-2791,0,0,1,0,1,0
5262,2740104,1043,830,-21400,-19527,17337,13802,-2883,0,0,1,0,1,0
5263,2740625,718,1143,-20384,-18523,11942,18997,-2865,0,0,1,0,1,0
5264,2741145,366,1411,-18584,-16806,6088,23462,-2736,0,0,1,0,1,0
5265,2741666,0,1626,-16070,-14444,0,27026,-2502,0,0,1,0,1,0
5266,2742187,-366,1777,-12938,-11527,-6088,29551,-2172,0,0,1,0,1,0
5267,2742708,-718,1861,-9309,-8167,-11942,30940,-1759,0,0,1,0,1,0
5268,2743229,-1043,1873,-5323,-4493,-17337,31140,-1278,0,0,1,0,1,0
5269,2743750,-1327,1813,-1132,-646,-22066,30143,-748,0,0,1,0,1,0
5270,2744270,-1561,1683,3103,3226,-25947,27988,-189,0,0,1,0,1,0
5271,2744791,-1734,1489,7218,6973,-28831,24758,377,0,0,1,0,1,0
5272,2745312,-1841,1238,11056,10453,-30607,20576,929,0,0,1,0,1,0
5273,2745833,-1877,939,14469,13531,-31207,15603,1445,0,0,1,0,1,0
5274,2746354,-1841,603,17326,16089,-30607,10031,1905,0,0,1,0,1,0
5275,2746875,-1734,245,19518,18028,-28831,4073,2292,0,0,1,0,1,0
5276,2747395,-1561,-123,20959,19275,-25947,-2041,2592,0,0,1,0,1,0
5277,2747916,-1327,-486,21594,19781,-22066,-8077,2791,0,0,1,0,1,0
5278,2748437,-1043,-830,21400,19527,-17337,-13802,2883,0,0,1,0,1,0
5279,2748958,-718,-1143,20384,18523,-11942,-18997,2865,0,0,1,0,1,0
5280,2749479,-366,-1411,18584,16806,-6088,-23462,2736,0,0,1,0,1,0
5281,2750000,0,-1626,16070,14444,0,-27026,2502,0,0,1,0,1,0
5282,2750520,366,-1777,12938,11527,6088,-29551,2172,0,0,1,0,1,0
5283,2751041,718,-1861,9309,8167,11942,-30940,1759,0,0,1,0,1,0
5284,2751562,1043,-1873,5323,4493,17337,-31140,1278,0,0,1,0,1,0
5285,2752083,1327,-1813,1132,646,22066,-30143,748,0,0,1,0,1,0
5286,2752604,1561,-1683,-3103,-3226,25947,-27988,189,0,0,1,0,1,0
5287,2753125,1734,-1489,-7218,-6973,28831,-24758,-377,0,0,1,0,1,0
5288,2753645,1841,-1238,-11056,-10453,30607,-20576,-929,0,0,1,0,1,0
5289,2754166,1877,-939,-14469,-13531,31207,-15603,-1445,0,0,1,0,1,0
5290,2754687,1841,-603,-17326,-16089,30607,-10031,-1905,0,0,1,0,1,0
5291,2755208,1734,-245,-19518,-18028,28831,-4073,-2292,0,0,1,0,1,0
5292,2755729,1561,123,-20959,-19275,25947,2041,-2592,0,0,1,0,1,0
5293,2756250,1327,486,-21594,-19781,22066,8077,-2791,0,0,1,0,1,0
5294,2756770,1043,830,-21400,-19527,17337,13802,-2883,0,0,1,0,1,0
5295,2757291,718,1143,-20384,-18523,11942,18997,-2865,0,0,1,0,1,0
5296,2757812,366,1411,-18584,-16806,6088,23462,-2736,0,0,1,0,1,0
5297,2758333,0,1626,-16070,-14444,0,27026,-2502,0,0,1,0,1,0
5298,2758854,-366,1777,-12938,-11527,-6088,29551,-2172,0,0,1,0,1,0
5299,2759375,-718,1861,-9309,-8167,-11942,30940,-1759,0,0,1,0,1,0
5300,2759895,-1043,1873,-5323,-4493,-17337,31140,-1278,0,0,1,0,1,0
5301,2760416,-1327,1813,-1132,-646,-22066,30143,-748,0,0,1,0,1,0
5302,2760937,-1561,1683,3103,3226,-25947,27988,-189,0,0,1,0,1,0
5303,2761458,-1734,1489,7218,6973,-28831,24758,377,0,0,1,0,1,0
5304,2761979,-1841,1238,11056,10453,-30607,20576,929,0,0,1,0,1,0
5305,2762500,-1877,939,14469,13531,-31207,15603,1445,0,0,1,0,1,0
5306,2763020,-1841,603,17326,16089,-30607,10031,1905,0,0,1,0,1,0
5307,2763541,-1734,245,19518,18028,-28831,4073,2292,0,0,1,0,1,0
5308,2764062,-1561,-123,20959,19275,-25947,-2041,2592,0,0,1,0,1,0
5309,2764583,-1327,-486,21594,19781,-22066,-8077,2791,0,0,1,0,1,0
5310,2765104,-1043,-830,21400,19527,-17337,-13802,2883,0,0,1,0,1,0
5311,2765625,-718,-1143,20384,18523,-11942,-18997,2865,0,0,1,0,1,0
5312,2766145,-366,-1411,18584,16806,-6088,-23462,2736,0,0,1,0,1,0
5313,2766666,0,-1626,16070,14444,0,-27026,2502,0,0,1,0,1,0
5314,2767187,366,-1777,12938,11527,6088,-29551,2172,0,0,1,0,1,0
5315,2767708,718,-1861,9309,8167,11942,-30940,1759,0,0,1,0,1,0
5316,2768229,1043,-1873,5323,4493,17337,-31140,1278,0,0,1,0,1,0
5317,2768750,1327,-1813,1132,646,22066,-30143,748,0,0,1,0,1,0
5318,2769270,1561,-1683,-3103,-3226,25947,-27988,189,0,0,1,0,1,0
5319,2769791,1734,-1489,-7218,-6973,28831,-24758,-377,0,0,1,0,1,0
5320,2770312,1841,-1238,-11056,-10453,30607,-20576,-929,0,0,1,0,1,0
5321,2770833,1877,-939,-14469,-13531,31207,-15603,-1445,0,0,1,0,1,0
5322,2771354,1841,-603,-17326,-16089,30607,-10031,-1905,0,0,1,0,1,0
5323,2771875,1734,-245,-19518,-18028,28831,-4073,-2292,0,0,1,0,1,0
5324,2772395,1561,123,-20959,-19275,25947,2041,-2592,0,0,1,0,1,0
5325,2772916,1327,486,-21594,-19781,22066,8077,-2791,0,0,1,0,1,0
5326,2773437,1043,830,-21400,-19527,17337,13802,-2883,0,0,1,0,1,0
5327,2773958,718,1143,-20384,-18523,11942,18997,-2865,0,0,1,0,1,0
5328,2774479,366,1411,-18584,-16806,6088,23462,-2736,0,0,1,0,1,0
5329,2775000,0,1626,-16070,-14444,0,27026,-2502,0,0,1,0,1,0
5330,2775520,-366,1777,-12938,-11527,-6088,29551,-2172,0,0,1,0,1,0
5331,2776041,-718,1861,-9309,-8167,-11942,30940,-1759,0,0,1,0,1,0
5332,2776562,-1043,1873,-5323,-4493,-17337,31140,-1278,0,0,1,0,1,0
5333,2777083,-1327,1813,-1132,-646,-22066,30143,-748,0,0,1,0,1,0
5334,2777604,-1561,1683,3103,3226,-25947,27988,-189,0,0,1,0,1,0
5335,2778125,-1734,1489,7218,6973,-28831,24758,377,0,0,1,0,1,0
5336,2778645,-1841,1238,11056,10453,-30607,20576,929,0,0,1,0,1,0
5337,2779166,-1877,939,14469,13531,-31207,15603,1445,0,0,1,0,1,0
5338,2779687,-1841,603,17326,16089,-30607,10031,1905,0,0,1,0,1,0
5339,2780208,-1734,245,19518,18028,-28831,4073,2292,0,0,1,0,1,0
5340,2780729,-1561,-123,20959,19275,-25947,-2041,2592,0,0,1,0,1,0
5341,2781250,-1327,-486,21594,19781,-22066,-8077,2791,0,0,1,0,1,0
5342,2781770,-1043,-830,21400,19527,-17337,-13802,2883,0,0,1,0,1,0
5343,2782291,-718,-1143,20384,18523,-11942,-18997,2865,0,0,1,0,1,0
5344,2782812,-366,-1411,18584,16806,-6088,-23462,2736,0,0,1,0,1,0
5345,2783333,0,-1626,16070,14444,0,-27026,2502,0,0,1,0,1,0
5346,2783854,366,-1777,12938,11527,6088,-29551,2172,0,0,1,0,1,0
5347,2784375,718,-1861,9309,8167,11942,-30940,1759,0,0,1,0,1,0
5348,2784895,1043,-1873,5323,4493,17337,-31140,1278,0,0,1,0,1,0
5349,2785416,1327,-1813,1132,646,22066,-30143,748,0,0,1,0,1,0
5350,2785937,1561,-1683,-3103,-3226,25947,-27988,189,0,0,1,0,1,0
5351,2786458,1734,-1489,-7218,-6973,28831,-24758,-377,0,0,1,0,1,0
5352,2786979,1841,-1238,-11056,-10453,30607,-20576,-929,0,0,1,0,1,0
5353,2787500,1877,-939,-14469,-13531,31207,-15603,-1445,0,0,1,0,1,0
5354,2788020,1841,-603,-17326,-16089,30607,-10031,-1905,0,0,1,0,1,0
5355,2788541,1734,-245,-19518,-18028,28831,-4073,-2292,0,0,1,0,1,0
5356,2789062,1561,123,-20959,-19275,25947,2041,-2592,0,0,1,0,1,0
5357,2789583,1327,486,-21594,-19781,22066,8077,-2791,0,0,1,0,1,0
5358,2790104,1043,830,-21400,-19527,17337,13802,-2883,0,0,1,0,1,0
5359,2790625,718,1143,-20384,-18523,11942,18997,-2865,0,0,1,0,1,0
5360,2791145,366,1411,-18584,-16806,6088,23462,-2736,0,0,1,0,1,0
5361,2791666,0,1626,-16070,-14444,0,27026,-2502,0,0,1,0,1,0
5362,2792187,-366,1777,-12938,-11527,-6088,29551,-2172,0,0,1,0,1,0
5363,2792708,-718,1861,-9309,-8167,-11942,30940,-1759,0,0,1,0,1,0
5364,2793229,-1043,1873,-5323,-4493,-17337,31140,-1278,0,0,1,0,1,0
5365,2793750,-1327,1813,-1132,-646,-22066,30143,-748,0,0,1,0,1,0
5366,2794270,-1561,1683,3103,3226,-25947,27988,-189,0,0,1,0,1,0
5367,2794791,-1734,1489,7218,6973,-28831,24758,377,0,0,1,0,1,0
5368,2795312,-1841,1238,11056,10453,-30607,20576,929,0,0,1,0,1,0
5369,2795833,-1877,939,14469,13531,-31207,15603,1445,0,0,1,0,1,0
5370,2796354,-1841,603,17326,16089,-30607,10031,1905,0,0,1,0,1,0
5371,2796875,-1734,245,19518,18028,-28831,4073,2292,0,0,1,0,1,0
5372,2797395,-1561,-123,20959,19275,-25947,-2041,2592,0,0,1,0,1,0
5373,2797916,-1327,-486,21594,19781,-22066,-8077,2791,0,0,1,0,1,0
5374,2798437,-1043,-830,21400,19527,-17337,-13802,2883,0,0,1,0,1,0
5375,2798958,-718,-1143,20384,18523,-11942,-18997,2865,0,0,1,0,1,0
5376,2799479,-366,-1411,18584,16806,-6088,-23462,2736,0,0,1,0,1,0
5377,2800000,0,-1626,16070,14444,0,-27026,2502,0,0,1,0,1,0
5378,2800520,366,-1777,12938,11527,6088,-29551,2172,0,0,1,0,1,0
5379,2801041,718,-1861,9309,8167,11942,-30940,1759,0,0,1,0,1,0
5380,2801562,1043,-1873,5323,4493,17337,-31140,1278,0,0,1,0,1,0
5381,2802083,1327,-1813,1132,646,22066,-30143,748,0,0,1,0,1,0
5382,2802604,1561,-1683,-3103,-3226,25947,-27988,189,0,0,1,0,1,0
5383,2803125,1734,-1489,-7218,-6973,28831,-24758,-377,0,0,1,0,1,0
5384,2803645,1841,-1238,-11056,-10453,30607,-20576,-929,0,0,1,0,1,0
5385,2804166,1877,-939,-14469,-13531,31207,-15603,-1445,0,0,1,0,1,0
5386,2804687,1841,-603,-17326,-16089,30607,-10031,-1905,0,0,1,0,1,0
5387,2805208,1734,-245,-19518,-18028,28831,-4073,-2292,0,0,1,0,1,0
5388,2805729,1561,123,-20959,-19275,25947,2041,-2592,0,0,1,0,1,0
5389,2806250,1327,486,-21594,-19781,22066,8077,-2791,0,0,1,0,1,0
5390,2806770,1043,830,-21400,-19527,17337,13802,-2883,0,0,1,0,1,0
5391,2807291,718,1143,-20384,-18523,11942,18997,-2865,0,0,1,0,1,0
5392,2807812,366,1411,-18584,-16806,6088,23462,-2736,0,0,1,0,1,0
5393,2808333,0,1626,-16070,-14444,0,27026,-2502,0,0,1,0,1,0
5394,2808854,-366,1777,-12938,-11527,-6088,29551,-2172,0,0,1,0,1,0
5395,2809375,-718,1861,-9309,-8167,-11942,30940,-1759,0,0,1,0,1,0
5396,2809895,-1043,1873,-5323,-4493,-17337,31140,-1278,0,0,1,0,1,0
5397,2810416,-1327,1813,-1132,-646,-22066,30143,-748,0,0,1,0,1,0
5398,2810937,-1561,1683,3103,3226,-25947,27988,-189,0,0,1,0,1,0
5399,2811458,-1734,1489,7218,6973,-28831,24758,377,0,0,1,0,1,0
5400,2811979,-1841,1238,11056,10453,-30607,20576,929,0,0,1,0,1,0
5401,2812500,-1877,939,14469,13531,-31207,15603,1445,0,0,1,0,1,0
5402,2813020,-1841,603,17326,16089,-30607,10031,1905,0,0,1,0,1,0
5403,2813541,-1734,245,19518,18028,-28831,4073,2292,0,0,1,0,1,0
5404,2814062,-1561,-123,20959,19275,-25947,-2041,2592,0,0,1,0,1,0
5405,2814583,-1327,-486,21594,19781,-22066,-8077,2791,0,0,1,0,1,0
5406,2815104,-1043,-830,21400,19527,-17337,-13802,2883,0,0,1,0,1,0
5407,2815625,-718,-1143,20384,18523,-11942,-18997,2865,0,0,1,0,1,0
5408,2816145,-366,-1411,18584,16806,-6088,-23462,2736,0,0,1,0,1,0
5409,2816666,0,-1626,16070,14444,0,-27026,2502,0,0,1,0,1,0
5410,2817187,366,-1777,12938,11527,6088,-29551,2172,0,0,1,0,1,0
5411,2817708,718,-1861,9309,8167,11942,-30940,1759,0,0,1,0,1,0
5412,2818229,1043,-1873,5323,4493,17337,-31140,1278,0,0,1,0,1,0
5413,2818750,1327,-1813,1132,646,22066,-30143,748,0,0,1,0,1,0
5414,2819270,1561,-1683,-3103,-3226,25947,-27988,189,0,0,1,0,1,0
5415,2819791,1734,-1489,-7218,-6973,28831,-24758,-377,0,0,1,0,1,0
5416,2820312,1841,-1238,-11056,-10453,30607,-20576,-929,0,0,1,0,1,0
5417,2820833,1877,-939,-14469,-13531,31207,-15603,-1445,0,0,1,0,1,0
5418,2821354,1841,-603,-17326,-16089,30607,-10031,-1905,0,0,1,0,1,0
5419,2821875,1734,-245,-19518,-18028,28831,-4073,-2292,0,0,1,0,1,0
5420,2822395,1561,123,-20959,-19275,25947,2041,-2592,0,0,1,0,1,0
5421,2822916,1327,486,-21594,-19781,22066,8077,-2791,0,0,1,0,1,0
5422,2823437,1043,830,-21400,-19527,17337,13802,-2883,0,0,1,0,1,0
5423,2823958,718,1143,-20384,-18523,11942,18997,-2865,0,0,1,0,1,0
5424,2824479,366,1411,-18584,-16806,6088,23462,-2736,0,0,1,0,1,0
5425,2825000,0,1626,-16070,-14444,0,27026,-2502,0,0,1,0,1,0
5426,2825520,-366,1777,-12938,-11527,-6088,29551,-2172,0,0,1,0,1,0
5427,2826041,-718,1861,-9309,-8167,-11942,30940,-1759,0,0,1,0,1,0
5428,2826562,-1043,1873,-5323,-4493,-17337,31140,-1278,0,0,1,0,1,0
5429,2827083,-1327,1813,-1132,-646,-22066,30143,-748,0,0,1,0,1,0
5430,2827604,-1561,1683,3103,3226,-25947,27988,-189,0,0,1,0,1,0
5431,2828125,-1734,1489,7218,6973,-28831,24758,377,0,0,1,0,1,0
5432,2828645,-1841,1238,11056,10453,-30607,20576,929,0,0,1,0,1,0
5433,2829166,-1877,939,14469,13531,-31207,15603,1445,0,0,1,0,1,0
5434,2829687,-1841,603,17326,16089,-30607,10031,1905,0,0,1,0,1,0
5435,2830208,-1734,245,19518,18028,-28831,4073,2292,0,0,1,0,1,0
5436,2830729,-1561,-123,20959,19275,-25947,-2041,2592,0,0,1,0,1,0
5437,2831250,-1327,-486,21594,19781,-22066,-8077,2791,0,0,1,0,1,0
5438,2831770,-1043,-830,21400,19527,-17337,-13802,2883,0,0,1,0,1,0
5439,2832291,-718,-1143,20384,18523,-11942,-18997,2865,0,0,1,0,1,0
5440,2832812,-366,-1411,18584,16806,-6088,-23462,2736,0,0,1,0,1,0
5441,2833333,0,-1626,16070,14444,0,-27026,2502,0,0,1,0,1,0
5442,2833854,366,-1777,12938,11527,6088,-29551,2172,0,0,1,0,1,0
5443,2834375,718,-1861,9309,8167,11942,-30940,1759,0,0,1,0,1,0
5444,2834895,1043,-1873,5323,4493,17337,-31140,1278,0,0,1,0,1,0
5445,2835416,1327,-1813,1132,646,22066,-30143,748,0,0,1,0,1,0
5446,2835937,1561,-1683,-3103,-3226,25947,-27988,189,0,0,1,0,1,0
5447,2836458,1734,-1489,-7218,-6973,28831,-24758,-377,0,0,1,0,1,0
5448,2836979,1841,-1238,-11056,-10453,30607,-20576,-929,0,0,1,0,1,0
5449,2837500,1877,-939,-14469,-13531,31207,-15603,-1445,0,0,1,0,1,0
5450,2838020,1841,-603,-17326,-16089,30607,-10031,-1905,0,0,1,0,1,0
5451,2838541,1734,-245,-19518,-18028,28831,-4073,-2292,0,0,1,0,1,0
5452,2839062,1561,123,-20959,-19275,25947,2041,-2592,0,0,1,0,1,0
5453,2839583,1327,486,-21594,-19781,22066,8077,-2791,0,0,1,0,1,0
5454,2840104,1043,830,-21400,-19527,17337,13802,-2883,0,0,1,0,1,0
5455,2840625,718,1143,-20384,-18523,11942,18997,-2865,0,0,1,0,1,0
5456,2841145,366,1411,-18584,-16806,6088,23462,-2736,0,0,1,0,1,0
5457,2841666,0,1626,-16070,-14444,0,27026,-2502,0,0,1,0,1,0
5458,2842187,-366,1777,-12938,-11527,-6088,29551,-2172,0,0,1,0,1,0
5459,2842708,-718,1861,-9309,-8167,-11942,30940,-1759,0,0,1,0,1,0
5460,2843229,-1043,1873,-5323,-4493,-17337,31140,-1278,0,0,1,0,1,0
5461,2843750,-1327,1813,-1132,-646,-22066,30143,-748,0,0,1,0,1,0
5462,2844270,-1561,1683,3103,3226,-25947,27988,-189,0,0,1,0,1,0
5463,2844791,-1734,1489,7218,6973,-28831,24758,377,0,0,1,0,1,0
5464,2845312,-1841,1238,11056,10453,-30607,20576,929,0,0,1,0,1,0
5465,2845833,-1877,939,14469,13531,-31207,15603,1445,0,0,1,0,1,0
5466,2846354,-1841,603,17326,16089,-30607,10031,1905,0,0,1,0,1,0
5467,2846875,-1734,245,19518,18028,-28831,4073,2292,0,0,1,0,1,0
5468,2847395,-1561,-123,20959,19275,-25947,-2041,2592,0,0,1,0,1,0
5469,2847916,-1327,-486,21594,19781,-22066,-8077,2791,0,0,1,0,1,0
5470,2848437,-1043,-830,21400,19527,-17337,-13802,2883,0,0,1,0,1,0
5471,2848958,-718,-1143,20384,18523,-11942,-18997,2865,0,0,1,0,1,0
5472,2849479,-366,-1411,18584,16806,-6088,-23462,2736,0,0,1,0,1,0
5473,2850000,0,-1626,16070,14444,0,-27026,2502,0,0,1,0,1,0
5474,2850520,366,-1777,12938,11527,6088,-29551,2172,0,0,1,0,1,0
5475,2851041,718,-1861,9309,8167,11942,-30940,1759,0,0,1,0,1,0
5476,2851562,1043,-1873,5323,4493,17337,-31140,1278,0,0,1,0,1,0
5477,2852083,1327,-1813,1132,646,22066,-30143,748,0,0,1,0,1,0
5478,2852604,1561,-1683,-3103,-3226,25947,-27988,189,0,0,1,0,1,0
5479,2853125,1734,-1489,-7218,-6973,28831,-24758,-377,0,0,1,0,1,0
5480,2853645,1841,-1238,-11056,-10453,30607,-20576,-929,0,0,1,0,1,0
5481,2854166,1877,-939,-14469,-13531,31207,-15603,-1445,0,0,1,0,1,0
5482,2854687,1841,-603,-17326,-16089,30607,-10031,-1905,0,0,1,0,1,0
5483,2855208,1734,-245,-19518,-18028,28831,-4073,-2292,0,0,1,0,1,0
5484,2855729,1561,123,-20959,-19275,25947,2041,-2592,0,0,1,0,1,0
5485,2856250,1327,486,-21594,-19781,22066,8077,-2791,0,0,1,0,1,0
5486,2856770,1043,830,-21400,-19527,17337,13802,-2883,0,0,1,0,1,0
5487,2857291,718,1143,-20384,-18523,11942,18997,-2865,0,0,1,0,1,0
5488,2857812,366,1411,-18584,-16806,6088,23462,-2736,0,0,1,0,1,0
5489,2858333,0,1626,-16070,-14444,0,27026,-2502,0,0,1,0,1,0
5490,2858854,-366,1777,-12938,-11527,-6088,29551,-2172,0,0,1,0,1,0
5491,2859375,-718,1861,-9309,-8167,-11942,30940,-1759,0,0,1,0,1,0
5492,2859895,-1043,1873,-5323,-4493,-17337,31140,-1278,0,0,1,0,1,0
5493,2860416,-1327,1813,-1132,-646,-22066,30143,-748,0,0,1,0,1,0
5494,2860937,-1561,1683,3103,3226,-25947,27988,-189,0,0,1,0,1,0
5495,2861458,-1734,1489,7218,6973,-28831,24758,377,0,0,1,0,1,0
5496,2861979,-1841,1238,11056,10453,-30607,20576,929,0,0,1,0,1,0
5497,2862500,-1877,939,14469,13531,-31207,15603,1445,0,0,1,0,1,0
5498,2863020,-1841,603,17326,16089,-30607,10031,1905,0,0,1,0,1,0
5499,2863541,-1734,245,19518,18028,-28831,4073,2292,0,0,1,0,1,0
5500,2864062,-1561,-123,20959,19275,-25947,-2041,2592,0,0,1,0,1,0
5501,2864583,-1327,-486,21594,19781,-22066,-8077,2791,0,0,1,0,1,0
5502,2865104,-1043,-830,21400,19527,-17337,-13802,2883,0,0,1,0,1,0
5503,2865625,-718,-1143,20384,18523,-11942,-18997,2865,0,0,1,0,1,0
5504,2866145,-366,-1411,18584,16806,-6088,-23462,2736,0,0,1,0,1,0
5505,2866666,0,-1626,16070,14444,0,-27026,2502,0,0,1,0,1,0
5506,2867187,366,-1777,12938,11527,6088,-29551,2172,0,0,1,0,1,0
5507,2867708,718,-1861,9309,8167,11942,-30940,1759,0,0,1,0,1,0
5508,2868229,1043,-1873,5323,4493,17337,-31140,1278,0,0,1,0,1,0
5509,2868750,1327,-1813,1132,646,22066,-30143,748,0,0,1,0,1,0
5510,2869270,1561,-1683,-3103,-3226,25947,-27988,189,0,0,1,0,1,0
5511,2869791,1734,-1489,-7218,-6973,28831,-24758,-377,0,0,1,0,1,0
5512,2870312,1841,-1238,-11056,-10453,30607,-20576,-929,0,0,1,0,1,0
5513,2870833,1877,-939,-14469,-13531,31207,-15603,-1445,0,0,1,0,1,0
5514,2871354,1841,-603,-17326,-16089,30607,-10031,-1905,0,0,1,0,1,0
5515,2871875,1734,-245,-19518,-18028,28831,-4073,-2292,0,0,1,0,1,0
5516,2872395,1561,123,-20959,-19275,25947,2041,-2592,0,0,1,0,1,0
5517,2872916,1327,486,-21594,-19781,22066,8077,-2791,0,0,1,0,1,0
5518,2873437,1043,830,-21400,-19527,17337,13802,-2883,0,0,1,0,1,0
5519,2873958,718,1143,-20384,-18523,11942,18997,-2865,0,0,1,0,1,0
5520,2874479,366,1411,-18584,-16806,6088,23462,-2736,0,0,1,0,1,0
5521,2875000,0,1626,-16070,-14444,0,27026,-2502,0,0,1,0,1,0
5522,2875520,-366,1777,-12938,-11527,-6088,29551,-2172,0,0,1,0,1,0
5523,2876041,-718,1861,-9309,-8167,-11942,30940,-1759,0,0,1,0,1,0
5524,2876562,-1043,1873,-5323,-4493,-17337,31140,-1278,0,0,1,0,1,0
5525,2877083,-1327,1813,-1132,-646,-22066,30143,-748,0,0,1,0,1,0
5526,2877604,-1561,1683,3103,3226,-25947,27988,-189,0,0,1,0,1,0
5527,2878125,-1734,1489,7218,6973,-28831,24758,377,0,0,1,0,1,0
5528,2878645,-1841,1238,11056,10453,-30607,20576,929,0,0,1,0,1,0
5529,2879166,-1877,939,14469,13531,-31207,15603,1445,0,0,1,0,1,0
5530,2879687,-1841,603,17326,16089,-30607,10031,1905,0,0,1,0,1,0
5531,2880208,-1734,245,19518,18028,-28831,4073,2292,0,0,1,0,1,0
5532,2880729,-1561,-123,20959,19275,-25947,-2041,2592,0,0,1,0,1,0
5533,2881250,-1327,-486,21594,19781,-22066,-8077,2791,0,0,1,0,1,0
5534,2881770,-1043,-830,21400,19527,-17337,-13802,2883,0,0,1,0,1,0
5535,2882291,-718,-1143,20384,18523,-11942,-18997,2865,0,0,1,0,1,0
5536,2882812,-366,-1411,18584,16806,-6088,-23462,2736,0,0,1,0,1,0
5537,2883333,0,-1626,16070,14444,0,-27026,2502,0,0,1,0,1,0
5538,2883854,366,-1777,12938,11527,6088,-29551,2172,0,0,1,0,1,0
5539,2884375,718,-1861,9309,8167,11942,-30940,1759,0,0,1,0,1,0
5540,2884895,1043,-1873,5323,4493,17337,-31140,1278,0,0,1,0,1,0
5541,2885416,1327,-1813,1132,646,22066,-30143,748,0,0,1,0,1,0
5542,2885937,1561,-1683,-3103,-3226,25947,-27988,189,0,0,1,0,1,0
5543,2886458,1734,-1489,-7218,-6973,28831,-24758,-377,0,0,1,0,1,0
5544,2886979,1841,-1238,-11056,-10453,30607,-20576,-929,0,0,1,0,1,0
5545,2887500,1877,-939,-14469,-13531,31207,-15603,-1445,0,0,1,0,1,0
5546,2888020,1841,-603,-17326,-16089,30607,-10031,-1905,0,0,1,0,1,0
5547,2888541,1734,-245,-19518,-18028,28831,-4073,-2292,0,0,1,0,1,0
5548,2889062,1561,123,-20959,-19275,25947,2041,-2592,0,0,1,0,1,0
5549,2889583,1327,486,-21594,-19781,22066,8077,-2791,0,0,1,0,1,0
5550,2890104,1043,830,-21400,-19527,17337,13802,-2883,0,0,1,0,1,0
5551,2890625,718,1143,-20384,-18523,11942,18997,-2865,0,0,1,0,1,0
5552,2891145,366,1411,-18584,-16806,6088,23462,-2736,0,0,1,0,1,0
5553,2891666,0,1626,-16070,-14444,0,27026,-2502,0,0,1,0,1,0
5554,2892187,-366,1777,-12938,-11527,-6088,29551,-2172,0,0,1,0,1,0
5555,2892708,-718,1861,-9309,-8167,-11942,30940,-1759,0,0,1,0,1,0
5556,2893229,-1043,1873,-5323,-4493,-17337,31140,-1278,0,0,1,0,1,0
5557,2893750,-1327,1813,-1132,-646,-22066,30143,-748,0,0,1,0,1,0
5558,2894270,-1561,1683,3103,3226,-25947,27988,-189,0,0,1,0,1,0
5559,2894791,-1734,1489,7218,6973,-28831,24758,377,0,0,1,0,1,0
5560,2895312,-1841,1238,11056,10453,-30607,20576,929,0,0,1,0,1,0
5561,2895833,-1877,939,14469,13531,-31207,15603,1445,0,0,1,0,1,0
5562,2896354,-1841,603,17326,16089,-30607,10031,1905,0,0,1,0,1,0
5563,2896875,-1734,245,19518,18028,-28831,4073,2292,0,0,1,0,1,0
5564,2897395,-1561,-123,20959,19275,-25947,-2041,2592,0,0,1,0,1,0
5565,2897916,-1327,-486,21594,19781,-22066,-8077,2791,0,0,1,0,1,0
5566,2898437,-1043,-830,21400,19527,-17337,-13802,2883,0,0,1,0,1,0
5567,2898958,-718,-1143,20384,18523,-11942,-18997,2865,0,0,1,0,1,0
5568,2899479,-366,-1411,18584,16806,-6088,-23462,2736,0,0,1,0,1,0
5569,2900000,0,-1626,16070,14444,0,-27026,2502,0,0,1,0,1,0
5570,2900520,366,-1777,12938,11527,6088,-29551,2172,0,0,1,0,1,0
5571,2901041,718,-1861,9309,8167,11942,-30940,1759,0,0,1,0,1,0
5572,2901562,1043,-1873,5323,4493,17337,-31140,1278,0,0,1,0,1,0
5573,2902083,1327,-1813,1132,646,22066,-30143,748,0,0,1,0,1,0
5574,2902604,1561,-1683,-3103,-3226,25947,-27988,189,0,0,1,0,1,0
5575,2903125,1734,-1489,-7218,-6973,28831,-24758,-377,0,0,1,0,1,0
5576,2903645,1841,-1238,-11056,-10453,30607,-20576,-929,0,0,1,0,1,0
5577,2904166,1877,-939,-14469,-13531,31207,-15603,-1445,0,0,1,0,1,0
5578,2904687,1841,-603,-17326,-16089,30607,-10031,-1905,0,0,1,0,1,0
5579,2905208,1734,-245,-19518,-18028,28831,-4073,-2292,0,0,1,0,1,0
5580,2905729,1561,123,-20959,-19275,25947,2041,-2592,0,0,1,0,1,0
5581,2906250,1327,486,-21594,-19781,22066,8077,-2791,0,0,1,0,1,0
5582,2906770,1043,830,-21400,-19527,17337,13802,-2883,0,0,1,0,1,0
5583,2907291,718,1143,-20384,-18523,11942,18997,-2865,0,0,1,0,1,0
5584,2907812,366,1411,-18584,-16806,6088,23462,-2736,0,0,1,0,1,0
5585,2908333,0,1626,-16070,-14444,0,27026,-2502,0,0,1,0,1,0
5586,2908854,-366,1777,-12938,-11527,-6088,29551,-2172,0,0,1,0,1,0
5587,2909375,-718,1861,-9309,-8167,-11942,30940,-1759,0,0,1,0,1,0
5588,2909895,-1043,1873,-5323,-4493,-17337,31140,-1278,0,0,1,0,1,0
5589,2910416,-1327,1813,-1132,-646,-22066,30143,-748,0,0,1,0,1,0
5590,2910937,-1561,1683,3103,3226,-25947,27988,-189,0,0,1,0,1,0
5591,2911458,-1734,1489,7218,6973,-28831,24758,377,0,0,1,0,1,0
5592,2911979,-1841,1238,11056,10453,-30607,20576,929,0,0,1,0,1,0
5593,2912500,-1877,939,14469,13531,-31207,15603,1445,0,0,1,0,1,0
5594,2913020,-1841,603,17326,16089,-30607,10031,1905,0,0,1,0,1,0
5595,2913541,-1734,245,19518,18028,-28831,4073,2292,0,0,1,0,1,0
5596,2914062,-1561,-123,20959,19275,-25947,-2041,2592,0,0,1,0,1,0
5597,2914583,-1327,-486,21594,19781,-22066,-8077,2791,0,0,1,0,1,0
5598,2915104,-1043,-830,21400,19527,-17337,-13802,2883,0,0,1,0,1,0
5599,2915625,-718,-1143,20384,18523,-11942,-18997,2865,0,0,1,0,1,0
5600,2916145,-366,-1411,18584,16806,-6088,-23462,2736,0,0,1,0,1,0
5601,2916666,0,-1626,16070,14444,0,-27026,2502,0,0,1,0,1,0
5602,2917187,366,-1777,12938,11527,6088,-29551,2172,0,0,1,0,1,0
5603,2917708,718,-1861,9309,8167,11942,-30940,1759,0,0,1,0,1,0
5604,2918229,1043,-1873,5323,4493,17337,-31140,1278,0,0,1,0,1,0
5605,2918750,1327,-1813,1132,646,22066,-30143,748,0,0,1,0,1,0
5606,2919270,1561,-1683,-3103,-3226,25947,-27988,189,0,0,1,0,1,0
5607,2919791,1734,-1489,-7218,-6973,28831,-24758,-377,0,0,1,0,1,0
5608,2920312,1841,-1238,-11056,-10453,30607,-20576,-929,0,0,1,0,1,0
5609,2920833,1877,-939,-14469,-13531,31207,-15603,-1445,0,0,1,0,1,0
5610,2921354,1841,-603,-17326,-16089,30607,-10031,-1905,0,0,1,0,1,0
5611,2921875,1734,-245,-19518,-18028,28831,-4073,-2292,0,0,1,0,1,0
5612,2922395,1561,123,-20959,-19275,25947,2041,-2592,0,0,1,0,1,0
5613,2922916,1327,486,-21594,-19781,22066,8077,-2791,0,0,1,0,1,0
5614,2923437,1043,830,-21400,-19527,17337,13802,-2883,0,0,1,0,1,0
5615,2923958,718,1143,-20384,-18523,11942,18997,-2865,0,0,1,0,1,0
5616,2924479,366,1411,-18584,-16806,6088,23462,-2736,0,0,1,0,1,0
5617,2925000,0,1626,-16070,-14444,0,27026,-2502,0,0,1,0,1,0
5618,2925520,-366,1777,-12938,-11527,-6088,29551,-2172,0,0,1,0,1,0
5619,2926041,-718,1861,-9309,-8167,-11942,30940,-1759,0,0,1,0,1,0
5620,2926562,-1043,1873,-5323,-4493,-17337,31140,-1278,0,0,1,0,1,0
5621,2927083,-1327,1813,-1132,-646,-22066,30143,-748,0,0,1,0,1,0
5622,2927604,-1561,1683,3103,3226,-25947,27988,-189,0,0,1,0,1,0
5623,2928125,-1734,1489,7218,6973,-28831,24758,377,0,0,1,0,1,0
5624,2928645,-1841,1238,11056,10453,-30607,20576,929,0,0,1,0,1,0
5625,2929166,-1877,939,14469,13531,-31207,15603,1445,0,0,1,0,1,0
5626,2929687,-1841,603,17326,16089,-30607,10031,1905,0,0,1,0,1,0
5627,2930208,-1734,245,19518,18028,-28831,4073,2292,0,0,1,0,1,0
5628,2930729,-1561,-123,20959,19275,-25947,-2041,2592,0,0,1,0,1,0
5629,2931250,-1327,-486,21594,19781,-22066,-8077,2791,0,0,1,0,1,0
5630,2931770,-1043,-830,21400,19527,-17337,-13802,2883,0,0,1,0,1,0
5631,2932291,-718,-1143,20384,18523,-11942,-18997,2865,0,0,1,0,1,0
5632,2932812,-366,-1411,18584,16806,-6088,-23462,2736,0,0,1,0,1,0
5633,2933333,0,-1626,16070,14444,0,-27026,2502,0,0,1,0,1,0
5634,2933854,366,-1777,12938,11527,6088,-29551,2172,0,0,1,0,1,0
5635,2934375,718,-1861,9309,8167,11942,-30940,1759,0,0,1,0,1,0
5636,2934895,1043,-1873,5323,4493,17337,-31140,1278,0,0,1,0,1,0
5637,2935416,1327,-1813,1132,646,22066,-30143,748,0,0,1,0,1,0
5638,2935937,1561,-1683,-3103,-3226,25947,-27988,189,0,0,1,0,1,0
5639,2936458,1734,-1489,-7218,-6973,28831,-24758,-377,0,0,1,0,1,0
5640,2936979,1841,-1238,-11056,-10453,30607,-20576,-929,0,0,1,0,1,0
5641,2937500,1877,-939,-14469,-13531,31207,-15603,-1445,0,0,1,0,1,0
5642,2938020,1841,-603,-17326,-16089,30607,-10031,-1905,0,0,1,0,1,0
5643,2938541,1734,-245,-19518,-18028,28831,-4073,-2292,0,0,1,0,1,0
5644,2939062,1561,123,-20959,-19275,25947,2041,-2592,0,0,1,0,1,0
5645,2939583,1327,486,-21594,-19781,22066,8077,-2791,0,0,1,0,1,0
5646,2940104,1043,830,-21400,-19527,17337,13802,-2883,0,0,1,0,1,0
5647,2940625,718,1143,-20384,-18523,11942,18997,-2865,0,0,1,0,1,0
5648,2941145,366,1411,-18584,-16806,6088,23462,-2736,0,0,1,0,1,0
5649,2941666,0,1626,-16070,-14444,0,27026,-2502,0,0,1,0,1,0
5650,2942187,-366,1777,-12938,-11527,-6088,29551,-2172,0,0,1,0,1,0
5651,2942708,-718,1861,-9309,-8167,-11942,30940,-1759,0,0,1,0,1,0
5652,2943229,-1043,1873,-5323,-4493,-17337,31140,-1278,0,0,1,0,1,0
5653,2943750,-1327,1813,-1132,-646,-22066,30143,-748,0,0,1,0,1,0
5654,2944270,-1561,1683,3103,3226,-25947,27988,-189,0,0,1,0,1,0
5655,2944791,-1734,1489,7218,6973,-28831,24758,377,0,0,1,0,1,0
5656,2945312,-1841,1238,11056,10453,-30607,20576,929,0,0,1,0,1,0
5657,2945833,-1877,939,14469,13531,-31207,15603,1445,0,0,1,0,1,0
5658,2946354,-1841,603,17326,16089,-30607,10031,1905,0,0,1,0,1,0
5659,2946875,-1734,245,19518,18028,-28831,4073,2292,0,0,1,0,1,0
5660,2947395,-1561,-123,20959,19275,-25947,-2041,2592,0,0,1,0,1,0
5661,2947916,-1327,-486,21594,19781,-22066,-8077,2791,0,0,1,0,1,0
5662,2948437,-1043,-830,21400,19527,-17337,-13802,2883,0,0,1,0,1,0
5663,2948958,-718,-1143,20384,18523,-11942,-18997,2865,0,0,1,0,1,0
5664,2949479,-366,-1411,18584,16806,-6088,-23462,2736,0,0,1,0,1,0
5665,2950000,0,-1626,16070,14444,0,-27026,2502,0,0,1,0,1,0
5666,2950520,366,-1777,12938,11527,6088,-29551,2172,0,0,1,0,1,0
5667,2951041,718,-1861,9309,8167,11942,-30940,1759,0,0,1,0,1,0
5668,2951562,1043,-1873,5323,4493,17337,-31140,1278,0,0,1,0,1,0
5669,2952083,1327,-1813,1132,646,22066,-30143,748,0,0,1,0,1,0
5670,2952604,1561,-1683,-3103,-3226,25947,-27988,189,0,0,1,0,1,0
5671,2953125,1734,-1489,-7218,-6973,28831,-24758,-377,0,0,1,0,1,0
5672,2953645,1841,-1238,-11056,-10453,30607,-20576,-929,0,0,1,0,1,0
5673,2954166,1877,-939,-14469,-13531,31207,-15603,-1445,0,0,1,0,1,0
5674,2954687,1841,-603,-17326,-16089,30607,-10031,-1905,0,0,1,0,1,0
5675,2955208,1734,-245,-19518,-18028,28831,-4073,-2292,0,0,1,0,1,0
5676,2955729,1561,123,-20959,-19275,25947,2041,-2592,0,0,1,0,1,0
5677,2956250,1327,486,-21594,-19781,22066,8077,-2791,0,0,1,0,1,0
5678,2956770,1043,830,-21400,-19527,17337,13802,-2883,0,0,1,0,1,0
5679,2957291,718,1143,-20384,-18523,11942,18997,-2865,0,0,1,0,1,0
5680,2957812,366,1411,-18584,-16806,6088,23462,-2736,0,0,1,0,1,0
5681,2958333,0,1626,-16070,-14444,0,27026,-2502,0,0,1,0,1,0
5682,2958854,-366,1777,-12938,-11527,-6088,29551,-2172,0,0,1,0,1,0
5683,2959375,-718,1861,-9309,-8167,-11942,30940,-1759,0,0,1,0,1,0
5684,2959895,-1043,1873,-5323,-4493,-17337,31140,-1278,0,0,1,0,1,0
5685,2960416,-1327,1813,-1132,-646,-22066,30143,-748,0,0,1,0,1,0
5686,2960937,-1561,1683,3103,3226,-25947,27988,-189,0,0,1,0,1,0
5687,2961458,-1734,1489,7218,6973,-28831,24758,377,0,0,1,0,1,0
5688,2961979,-1841,1238,11056,10453,-30607,20576,929,0,0,1,0,1,0
5689,2962500,-1877,939,14469,13531,-31207,15603,1445,0,0,1,0,1,0
5690,2963020,-1841,603,17326,16089,-30607,10031,1905,0,0,1,0,1,0
5691,2963541,-1734,245,19518,18028,-28831,4073,2292,0,0,1,0,1,0
5692,2964062,-1561,-123,20959,19275,-25947,-2041,2592,0,0,1,0,1,0
5693,2964583,-1327,-486,21594,19781,-22066,-8077,2791,0,0,1,0,1,0
5694,2965104,-1043,-830,21400,19527,-17337,-13802,2883,0,0,1,0,1,0
5695,2965625,-718,-1143,20384,18523,-11942,-18997,2865,0,0,1,0,1,0
5696,2966145,-366,-1411,18584,16806,-6088,-23462,2736,0,0,1,0,1,0
5697,2966666,0,-1626,16070,14444,0,-27026,2502,0,0,1,0,1,0
5698,2967187,366,-1777,12938,11527,6088,-29551,2172,0,0,1,0,1,0
5699,2967708,718,-1861,9309,8167,11942,-30940,1759,0,0,1,0,1,0
5700,2968229,1043,-1873,5323,4493,17337,-31140,1278,0,0,1,0,1,0
5701,2968750,1327,-1813,1132,646,22066,-30143,748,0,0,1,0,1,0
5702,2969270,1561,-1683,-3103,-3226,25947,-27988,189,0,0,1,0,1,0
5703,2969791,1734,-1489,-7218,-6973,28831,-24758,-377,0,0,1,0,1,0
5704,2970312,1841,-1238,-11056,-10453,30607,-20576,-929,0,0,1,0,1,0
5705,2970833,1877,-939,-14469,-13531,31207,-15603,-1445,0,0,1,0,1,0
5706,2971354,1841,-603,-17326,-16089,30607,-10031,-1905,0,0,1,0,1,0
5707,2971875,1734,-245,-19518,-18028,28831,-4073,-2292,0,0,1,0,1,0
5708,2972395,1561,123,-20959,-19275,25947,2041,-2592,0,0,1,0,1,0
5709,2972916,1327,486,-21594,-19781,22066,8077,-2791,0,0,1,0,1,0
5710,2973437,1043,830,-21400,-19527,17337,13802,-2883,0,0,1,0,1,0
5711,2973958,718,1143,-20384,-18523,11942,18997,-2865,0,0,1,0,1,0
5712,2974479,366,1411,-18584,-16806,6088,23462,-2736,0,0,1,0,1,0
5713,2975000,0,1626,-16070,-14444,0,27026,-2502,0,0,1,0,1,0
5714,2975520,-366,1777,-12938,-11527,-6088,29551,-2172,0,0,1,0,1,0
5715,2976041,-718,1861,-9309,-8167,-11942,30940,-1759,0,0,1,0,1,0
5716,2976562,-1043,1873,-5323,-4493,-17337,31140,-1278,0,0,1,0,1,0
5717,2977083,-1327,1813,-1132,-646,-22066,30143,-748,0,0,1,0,1,0
5718,2977604,-1561,1683,3103,3226,-25947,27988,-189,0,0,1,0,1,0
5719,2978125,-1734,1489,7218,6973,-28831,24758,377,0,0,1,0,1,0
5720,2978645,-1841,1238,11056,10453,-30607,20576,929,0,0,1,0,1,0
5721,2979166,-1877,939,14469,13531,-31207,15603,1445,0,0,1,0,1,0
5722,2979687,-1841,603,17326,16089,-30607,10031,1905,0,0,1,0,1,0
5723,2980208,-1734,245,19518,18028,-28831,4073,2292,0,0,1,0,1,0
5724,2980729,-1561,-123,20959,19275,-25947,-2041,2592,0,0,1,0,1,0
5725,2981250,-1327,-486,21594,19781,-22066,-8077,2791,0,0,1,0,1,0
5726,2981770,-1043,-830,21400,19527,-17337,-13802,2883,0,0,1,0,1,0
5727,2982291,-718,-1143,20384,18523,-11942,-18997,2865,0,0,1,0,1,0
5728,2982812,-366,-1411,18584,16806,-6088,-23462,2736,0,0,1,0,1,0
5729,2983333,0,-1626,16070,14444,0,-27026,2502,0,0,1,0,1,0
5730,2983854,366,-1777,12938,11527,6088,-29551,2172,0,0,1,0,1,0
5731,2984375,718,-1861,9309,8167,11942,-30940,1759,0,0,1,0,1,0
5732,2984895,1043,-1873,5323,4493,17337,-31140,1278,0,0,1,0,1,0
5733,2985416,1327,-1813,1132,646,22066,-30143,748,0,0,1,0,1,0
5734,2985937,1561,-1683,-3103,-3226,25947,-27988,189,0,0,1,0,1,0
5735,2986458,1734,-1489,-7218,-6973,28831,-24758,-377,0,0,1,0,1,0
5736,2986979,1841,-1238,-11056,-10453,30607,-20576,-929,0,0,1,0,1,0
5737,2987500,1877,-939,-14469,-13531,31207,-15603,-1445,0,0,1,0,1,0
5738,2988020,1841,-603,-17326,-16089,30607,-10031,-1905,0,0,1,0,1,0
5739,2988541,1734,-245,-19518,-18028,28831,-4073,-2292,0,0,1,0,1,0
5740,2989062,1561,123,-20959,-19275,25947,2041,-2592,0,0,1,0,1,0
5741,2989583,1327,486,-21594,-19781,22066,8077,-2791,0,0,1,0,1,0
5742,2990104,1043,830,-21400,-19527,17337,13802,-2883,0,0,1,0,1,0
5743,2990625,718,1143,-20384,-18523,11942,18997,-2865,0,0,1,0,1,0
5744,2991145,366,1411,-18584,-16806,6088,23462,-2736,0,0,1,0,1,0
5745,2991666,0,1626,-16070,-14444,0,27026,-2502,0,0,1,0,1,0
5746,2992187,-366,1777,-12938,-11527,-6088,29551,-2172,0,0,1,0,1,0
5747,2992708,-718,1861,-9309,-8167,-11942,30940,-1759,0,0,1,0,1,0
5748,2993229,-1043,1873,-5323,-4493,-17337,31140,-1278,0,0,1,0,1,0
5749,2993750,-1327,1813,-1132,-646,-22066,30143,-748,0,0,1,0,1,0
5750,2994270,-1561,1683,3103,3226,-25947,27988,-189,0,0,1,0,1,0
5751,2994791,-1734,1489,7218,6973,-28831,24758,377,0,0,1,0,1,0
5752,2995312,-1841,1238,11056,10453,-30607,20576,929,0,0,1,0,1,0
5753,2995833,-1877,939,14469,13531,-31207,15603,1445,0,0,1,0,1,0
5754,2996354,-1841,603,17326,16089,-30607,10031,1905,0,0,1,0,1,0
5755,2996875,-1734,245,19518,18028,-28831,4073,2292,0,0,1,0,1,0
5756,2997395,-1561,-123,20959,19275,-25947,-2041,2592,0,0,1,0,1,0
5757,2997916,-1327,-486,21594,19781,-22066,-8077,2791,0,0,1,0,1,0
5758,2998437,-1043,-830,21400,19527,-17337,-13802,2883,0,0,1,0,1,0
5759,2998958,-718,-1143,20384,18523,-11942,-18997,2865,0,0,1,0,1,0
5760,2999479,-366,-1411,18584,16806,-6088,-23462,2736,0,0,1,0,1,0
5761,3000000,0,-1626,16070,14444,0,-27026,2502,0,0,1,0,1,0
5762,3000520,366,-1777,12938,11527,6088,-29551,2172,0,0,1,0,1,0
5763,3001041,718,-1861,9309,8167,11942,-30940,1759,0,0,1,0,1,0
5764,3001562,1043,-1873,5323,4493,17337,-31140,1278,0,0,1,0,1,0
5765,3002083,1327,-1813,1132,646,22066,-30143,748,0,0,1,0,1,0
5766,3002604,1561,-1683,-3103,-3226,25947,-27988,189,0,0,1,0,1,0
5767,3003125,1734,-1489,-7218,-6973,28831,-24758,-377,0,0,1,0,1,0
5768,3003645,1841,-1238,-11056,-10453,30607,-20576,-929,0,0,1,0,1,0
5769,3004166,1877,-939,-14469,-13531,31207,-15603,-1445,0,0,1,0,1,0
5770,3004687,1841,-603,-17326,-16089,30607,-10031,-1905,0,0,1,0,1,0
5771,3005208,1734,-245,-19518,-18028,28831,-4073,-2292,0,0,1,0,1,0
5772,3005729,1561,123,-20959,-19275,25947,2041,-2592,0,0,1,0,1,0
5773,3006250,1327,486,-21594,-19781,22066,8077,-2791,0,0,1,0,1,0
5774,3006770,1043,830,-21400,-19527,17337,13802,-2883,0,0,1,0,1,0
5775,3007291,718,1143,-20384,-18523,11942,18997,-2865,0,0,1,0,1,0
5776,3007812,366,1411,-18584,-16806,6088,23462,-2736,0,0,1,0,1,0
5777,3008333,0,1626,-16070,-14444,0,27026,-2502,0,0,1,0,1,0
5778,3008854,-366,1777,-12938,-11527,-6088,29551,-2172,0,0,1,0,1,0
5779,3009375,-718,1861,-9309,-8167,-11942,30940,-1759,0,0,1,0,1,0
5780,3009895,-1043,1873,-5323,-4493,-17337,31140,-1278,0,0,1,0,1,0
5781,3010416,-1327,1813,-1132,-646,-22066,30143,-748,0,0,1,0,1,0
5782,3010937,-1561,1683,3103,3226,-25947,27988,-189,0,0,1,0,1,0
5783,3011458,-1734,1489,7218,6973,-28831,24758,377,0,0,1,0,1,0
5784,3011979,-1841,1238,11056,10453,-30607,20576,929,0,0,1,0,1,0
5785,3012500,-1877,939,14469,13531,-31207,15603,1445,0,0,1,0,1,0
5786,3013020,-1841,603,17326,16089,-30607,10031,1905,0,0,1,0,1,0
5787,3013541,-1734,245,19518,18028,-28831,4073,2292,0,0,1,0,1,0
5788,3014062,-1561,-123,20959,19275,-25947,-2041,2592,0,0,1,0,1,0
5789,3014583,-1327,-486,21594,19781,-22066,-8077,2791,0,0,1,0,1,0
5790,3015104,-1043,-830,21400,19527,-17337,-13802,2883,0,0,1,0,1,0
5791,3015625,-718,-1143,20384,18523,-11942,-18997,2865,0,0,1,0,1,0
5792,3016145,-366,-1411,18584,16806,-6088,-23462,2736,0,0,1,0,1,0
5793,3016666,0,-1626,16070,14444,0,-27026,2502,0,0,1,0,1,0
5794,3017187,366,-1777,12938,11527,6088,-29551,2172,0,0,1,0,1,0
5795,3017708,718,-1861,9309,8167,11942,-30940,1759,0,0,1,0,1,0
5796,3018229,1043,-1873,5323,4493,17337,-31140,1278,0,0,1,0,1,0
5797,3018750,1327,-1813,1132,646,22066,-30143,748,0,0,1,0,1,0
5798,3019270,1561,-1683,-3103,-3226,25947,-27988,189,0,0,1,0,1,0
5799,3019791,1734,-1489,-7218,-6973,28831,-24758,-377,0,0,1,0,1,0
5800,3020312,1841,-1238,-11056,-10453,30607,-20576,-929,0,0,1,0,1,0
5801,3020833,1877,-939,-14469,-13531,31207,-15603,-1445,0,0,1,0,1,0
5802,3021354,1841,-603,-17326,-16089,30607,-10031,-1905,0,0,1,0,1,0
5803,3021875,1734,-245,-19518,-18028,28831,-4073,-2292,0,0,1,0,1,0
5804,3022395,1561,123,-20959,-19275,25947,2041,-2592,0,0,1,0,1,0
5805,3022916,1327,486,-21594,-19781,22066,8077,-2791,0,0,1,0,1,0
5806,3023437,1043,830,-21400,-19527,17337,13802,-2883,0,0,1,0,1,0
5807,3023958,718,1143,-20384,-18523,11942,18997,-2865,0,0,1,0,1,0
5808,3024479,366,1411,-18584,-16806,6088,23462,-2736,0,0,1,0,1,0
5809,3025000,0,1626,-16070,-14444,0,27026,-2502,0,0,1,0,1,0
5810,3025520,-366,1777,-12938,-11527,-6088,29551,-2172,0,0,1,0,1,0
5811,3026041,-718,1861,-9309,-8167,-11942,30940,-1759,0,0,1,0,1,0
5812,3026562,-1043,1873,-5323,-4493,-17337,31140,-1278,0,0,1,0,1,0
5813,3027083,-1327,1813,-1132,-646,-22066,30143,-748,0,0,1,0,1,0
5814,3027604,-1561,1683,3103,3226,-25947,27988,-189,0,0,1,0,1,0
5815,3028125,-1734,1489,7218,6973,-28831,24758,377,0,0,1,0,1,0
5816,3028645,-1841,1238,11056,10453,-30607,20576,929,0,0,1,0,1,0
5817,3029166,-1877,939,14469,13531,-31207,15603,1445,0,0,1,0,1,0
5818,3029687,-1841,603,17326,16089,-30607,10031,1905,0,0,1,0,1,0
5819,3030208,-1734,245,19518,18028,-28831,4073,2292,0,0,1,0,1,0
5820,3030729,-1561,-123,20959,19275,-25947,-2041,2592,0,0,1,0,1,0
5821,3031250,-1327,-486,21594,19781,-22066,-8077,2791,0,0,1,0,1,0
5822,3031770,-1043,-830,21400,19527,-17337,-13802,2883,0,0,1,0,1,0
5823,3032291,-718,-1143,20384,18523,-11942,-18997,2865,0,0,1,0,1,0
5824,3032812,-366,-1411,18584,16806,-6088,-23462,2736,0,0,1,0,1,0
5825,3033333,0,-1626,16070,14444,0,-27026,2502,0,0,1,0,1,0
5826,3033854,366,-1777,12938,11527,6088,-29551,2172,0,0,1,0,1,0
5827,3034375,718,-1861,9309,8167,11942,-30940,1759,0,0,1,0,1,0
5828,3034895,1043,-1873,5323,4493,17337,-31140,1278,0,0,1,0,1,0
5829,3035416,1327,-1813,1132,646,22066,-30143,748,0,0,1,0,1,0
5830,3035937,1561,-1683,-3103,-3226,25947,-27988,189,0,0,1,0,1,0
5831,3036458,1734,-1489,-7218,-6973,28831,-24758,-377,0,0,1,0,1,0
5832,3036979,1841,-1238,-11056,-10453,30607,-20576,-929,0,0,1,0,1,0
5833,3037500,1877,-939,-14469,-13531,31207,-15603,-1445,0,0,1,0,1,0
5834,3038020,1841,-603,-17326,-16089,30607,-10031,-1905,0,0,1,0,1,0
5835,3038541,1734,-245,-19518,-18028,28831,-4073,-2292,0,0,1,0,1,0
5836,3039062,1561,123,-20959,-19275,25947,2041,-2592,0,0,1,0,1,0
5837,3039583,1327,486,-21594,-19781,22066,8077,-2791,0,0,1,0,1,0
5838,3040104,1043,830,-21400,-19527,17337,13802,-2883,0,0,1,0,1,0
5839,3040625,718,1143,-20384,-18523,11942,18997,-2865,0,0,1,0,1,0
5840,3041145,366,1411,-18584,-16806,6088,23462,-2736,0,0,1,0,1,0
5841,3041666,0,1626,-16070,-14444,0,27026,-2502,0,0,1,0,1,0
5842,3042187,-366,1777,-12938,-11527,-6088,29551,-2172,0,0,1,0,1,0
5843,3042708,-718,1861,-9309,-8167,-11942,30940,-1759,0,0,1,0,1,0
5844,3043229,-1043,1873,-5323,-4493,-17337,31140,-1278,0,0,1,0,1,0
5845,3043750,-1327,1813,-1132,-646,-22066,30143,-748,0,0,1,0,1,0
5846,3044270,-1561,1683,3103,3226,-25947,27988,-189,0,0,1,0,1,0
5847,3044791,-1734,1489,7218,6973,-28831,24758,377,0,0,1,0,1,0
5848,3045312,-1841,1238,11056,10453,-30607,20576,929,0,0,1,0,1,0
5849,3045833,-1877,939,14469,13531,-31207,15603,1445,0,0,1,0,1,0
5850,3046354,-1841,603,17326,16089,-30607,10031,1905,0,0,1,0,1,0
5851,3046875,-1734,245,19518,18028,-28831,4073,2292,0,0,1,0,1,0
5852,3047395,-1561,-123,20959,19275,-25947,-2041,2592,0,0,1,0,1,0
5853,3047916,-1327,-486,21594,19781,-22066,-8077,2791,0,0,1,0,1,0
5854,3048437,-1043,-830,21400,19527,-17337,-13802,2883,0,0,1,0,1,0
5855,3048958,-718,-1143,20384,18523,-11942,-18997,2865,0,0,1,0,1,0
5856,3049479,-366,-1411,18584,16806,-6088,-23462,2736,0,0,1,0,1,0
5857,3050000,0,-1626,16070,14444,0,-27026,2502,0,0,1,0,1,0
5858,3050520,366,-1777,12938,11527,6088,-29551,2172,0,0,1,0,1,0
5859,3051041,718,-1861,9309,8167,11942,-30940,1759,0,0,1,0,1,0
5860,3051562,1043,-1873,5323,4493,17337,-31140,1278,0,0,1,0,1,0
5861,3052083,1327,-1813,1132,646,22066,-30143,748,0,0,1,0,1,0
5862,3052604,1561,-1683,-3103,-3226,25947,-27988,189,0,0,1,0,1,0
5863,3053125,1734,-1489,-7218,-6973,28831,-24758,-377,0,0,1,0,1,0
5864,3053645,1841,-1238,-11056,-10453,30607,-20576,-929,0,0,1,0,1,0
5865,3054166,1877,-939,-14469,-13531,31207,-15603,-1445,0,0,1,0,1,0
5866,3054687,1841,-603,-17326,-16089,30607,-10031,-1905,0,0,1,0,1,0
5867,3055208,1734,-245,-19518,-18028,28831,-4073,-2292,0,0,1,0,1,0
5868,3055729,1561,123,-20959,-19275,25947,2041,-2592,0,0,1,0,1,0
5869,3056250,1327,486,-21594,-19781,22066,8077,-2791,0,0,1,0,1,0
5870,3056770,1043,830,-21400,-19527,17337,13802,-2883,0,0,1,0,1,0
5871,3057291,718,1143,-20384,-18523,11942,18997,-2865,0,0,1,0,1,0
5872,3057812,366,1411,-18584,-16806,6088,23462,-2736,0,0,1,0,1,0
5873,3058333,0,1626,-16070,-14444,0,27026,-2502,0,0,1,0,1,0
5874,3058854,-366,1777,-12938,-11527,-6088,29551,-2172,0,0,1,0,1,0
5875,3059375,-718,1861,-9309,-8167,-11942,30940,-1759,0,0,1,0,1,0
5876,3059895,-1043,1873,-5323,-4493,-17337,31140,-1278,0,0,1,0,1,0
5877,3060416,-1327,1813,-1132,-646,-22066,30143,-748,0,0,1,0,1,0
5878,3060937,-1561,1683,3103,3226,-25947,27988,-189,0,0,1,0,1,0
5879,3061458,-1734,1489,7218,6973,-28831,24758,377,0,0,1,0,1,0
5880,3061979,-1841,1238,11056,10453,-30607,20576,929,0,0,1,0,1,0
5881,3062500,-1877,939,14469,13531,-31207,15603,1445,0,0,1,0,1,0
5882,3063020,-1841,603,17326,16089,-30607,10031,1905,0,0,1,0,1,0
5883,3063541,-1734,245,19518,18028,-28831,4073,2292,0,0,1,0,1,0
5884,3064062,-1561,-123,20959,19275,-25947,-2041,2592,0,0,1,0,1,0
5885,3064583,-1327,-486,21594,19781,-22066,-8077,2791,0,0,1,0,1,0
5886,3065104,-1043,-830,21400,19527,-17337,-13802,2883,0,0,1,0,1,0
5887,3065625,-718,-1143,20384,18523,-11942,-18997,2865,0,0,1,0,1,0
5888,3066145,-366,-1411,18584,16806,-6088,-23462,2736,0,0,1,0,1,0
5889,3066666,0,-1626,16070,14444,0,-27026,2502,0,0,1,0,1,0
5890,3067187,366,-1777,12938,11527,6088,-29551,2172,0,0,1,0,1,0
5891,3067708,718,-1861,9309,8167,11942,-30940,1759,0,0,1,0,1,0
5892,3068229,1043,-1873,5323,4493,17337,-31140,1278,0,0,1,0,1,0
5893,3068750,1327,-1813,1132,646,22066,-30143,748,0,0,1,0,1,0
5894,3069270,1561,-1683,-3103,-3226,25947,-27988,189,0,0,1,0,1,0
5895,3069791,1734,-1489,-7218,-6973,28831,-24758,-377,0,0,1,0,1,0
5896,3070312,1841,-1238,-11056,-10453,30607,-20576,-929,0,0,1,0,1,0
5897,3070833,1877,-939,-14469,-13531,31207,-15603,-1445,0,0,1,0,1,0
5898,3071354,1841,-603,-17326,-16089,30607,-10031,-1905,0,0,1,0,1,0
5899,3071875,1734,-245,-19518,-18028,28831,-4073,-2292,0,0,1,0,1,0
5900,3072395,1561,123,-20959,-19275,25947,2041,-2592,0,0,1,0,1,0
5901,3072916,1327,486,-21594,-19781,22066,8077,-2791,0,0,1,0,1,0
5902,3073437,1043,830,-21400,-19527,17337,13802,-2883,0,0,1,0,1,0
5903,3073958,718,1143,-20384,-18523,11942,18997,-2865,0,0,1,0,1,0
5904,3074479,366,1411,-18584,-16806,6088,23462,-2736,0,0,1,0,1,0
5905,3075000,0,1626,-16070,-14444,0,27026,-2502,0,0,1,0,1,0
5906,3075520,-366,1777,-12938,-11527,-6088,29551,-2172,0,0,1,0,1,0
5907,3076041,-718,1861,-9309,-8167,-11942,30940,-1759,0,0,1,0,1,0
5908,3076562,-1043,1873,-5323,-4493,-17337,31140,-1278,0,0,1,0,1,0
5909,3077083,-1327,1813,-1132,-646,-22066,30143,-748,0,0,1,0,1,0
5910,3077604,-1561,1683,3103,3226,-25947,27988,-189,0,0,1,0,1,0
5911,3078125,-1734,1489,7218,6973,-28831,24758,377,0,0,1,0,1,0
5912,3078645,-1841,1238,11056,10453,-30607,20576,929,0,0,1,0,1,0
5913,3079166,-1877,939,14469,13531,-31207,15603,1445,0,0,1,0,1,0
5914,3079687,-1841,603,17326,16089,-30607,10031,1905,0,0,1,0,1,0
5915,3080208,-1734,245,19518,18028,-28831,4073,2292,0,0,1,0,1,0
5916,3080729,-1561,-123,20959,19275,-25947,-2041,2592,0,0,1,0,1,0
5917,3081250,-1327,-486,21594,19781,-22066,-8077,2791,0,0,1,0,1,0
5918,3081770,-1043,-830,21400,19527,-17337,-13802,2883,0,0,1,0,1,0
5919,3082291,-718,-1143,20384,18523,-11942,-18997,2865,0,0,1,0,1,0
5920,3082812,-366,-1411,18584,16806,-6088,-23462,2736,0,0,1,0,1,0
5921,3083333,0,-1626,16070,14444,0,-27026,2502,0,0,1,0,1,0
5922,3083854,366,-1777,12938,11527,6088,-29551,2172,0,0,1,0,1,0
5923,3084375,718,-1861,9309,8167,11942,-30940,1759,0,0,1,0,1,0
5924,3084895,1043,-1873,5323,4493,17337,-31140,1278,0,0,1,0,1,0
5925,3085416,1327,-1813,1132,646,22066,-30143,748,0,0,1,0,1,0
5926,3085937,1561,-1683,-3103,-3226,25947,-27988,189,0,0,1,0,1,0
5927,3086458,1734,-1489,-7218,-6973,28831,-24758,-377,0,0,1,0,1,0
5928,3086979,1841,-1238,-11056,-10453,30607,-20576,-929,0,0,1,0,1,0
5929,3087500,1877,-939,-14469,-13531,31207,-15603,-1445,0,0,1,0,1,0
5930,3088020,1841,-603,-17326,-16089,30607,-10031,-1905,0,0,1,0,1,0
5931,3088541,1734,-245,-19518,-18028,28831,-4073,-2292,0,0,1,0,1,0
5932,3089062,1561,123,-20959,-19275,25947,2041,-2592,0,0,1,0,1,0
5933,3089583,1327,486,-21594,-19781,22066,8077,-2791,0,0,1,0,1,0
5934,3090104,1043,830,-21400,-19527,17337,13802,-2883,0,0,1,0,1,0
5935,3090625,718,1143,-20384,-18523,11942,18997,-2865,0,0,1,0,1,0
5936,3091145,366,1411,-18584,-16806,6088,23462,-2736,0,0,1,0,1,0
5937,3091666,0,1626,-16070,-14444,0,27026,-2502,0,0,1,0,1,0
5938,3092187,-366,1777,-12938,-11527,-6088,29551,-2172,0,0,1,0,1,0
5939,3092708,-718,1861,-9309,-8167,-11942,30940,-1759,0,0,1,0,1,0
5940,3093229,-1043,1873,-5323,-4493,-17337,31140,-1278,0,0,1,0,1,0
5941,3093750,-1327,1813,-1132,-646,-22066,30143,-748,0,0,1,0,1,0
5942,3094270,-1561,1683,3103,3226,-25947,27988,-189,0,0,1,0,1,0
5943,3094791,-1734,1489,7218,6973,-28831,24758,377,0,0,1,0,1,0
5944,3095312,-1841,1238,11056,10453,-30607,20576,929,0,0,1,0,1,0
5945,3095833,-1877,939,14469,13531,-31207,15603,1445,0,0,1,0,1,0
5946,3096354,-1841,603,17326,16089,-30607,10031,1905,0,0,1,0,1,0
5947,3096875,-1734,245,19518,18028,-28831,4073,2292,0,0,1,0,1,0
5948,3097395,-1561,-123,20959,19275,-25947,-2041,2592,0,0,1,0,1,0
5949,3097916,-1327,-486,21594,19781,-22066,-8077,2791,0,0,1,0,1,0
5950,3098437,-1043,-830,21400,19527,-17337,-13802,2883,0,0,1,0,1,0
5951,3098958,-718,-1143,20384,18523,-11942,-18997,2865,0,0,1,0,1,0
5952,3099479,-366,-1411,18584,16806,-6088,-23462,2736,0,0,1,0,1,0
5953,3100000,0,-1626,16070,14444,0,-27026,2502,0,0,1,0,1,0
5954,3100520,366,-1777,12938,11527,6088,-29551,2172,0,0,1,0,1,0
5955,3101041,718,-1861,9309,8167,11942,-30940,1759,0,0,1,0,1,0
5956,3101562,1043,-1873,5323,4493,17337,-31140,1278,0,0,1,0,1,0
5957,3102083,1327,-1813,1132,646,22066,-30143,748,0,0,1,0,1,0
5958,3102604,1561,-1683,-3103,-3226,25947,-27988,189,0,0,1,0,1,0
5959,3103125,1734,-1489,-7218,-6973,28831,-24758,-377,0,0,1,0,1,0
5960,3103645,1841,-1238,-11056,-10453,30607,-20576,-929,0,0,1,0,1,0
5961,3104166,1877,-939,-14469,-13531,31207,-15603,-1445,0,0,1,0,1,0
5962,3104687,1841,-603,-17326,-16089,30607,-10031,-1905,0,0,1,0,1,0
5963,3105208,1734,-245,-19518,-18028,28831,-4073,-2292,0,0,1,0,1,0
5964,3105729,1561,123,-20959,-19275,25947,2041,-2592,0,0,1,0,1,0
5965,3106250,1327,486,-21594,-19781,22066,8077,-2791,0,0,1,0,1,0
5966,3106770,1043,830,-21400,-19527,17337,13802,-2883,0,0,1,0,1,0
5967,3107291,718,1143,-20384,-18523,11942,18997,-2865,0,0,1,0,1,0
5968,3107812,366,1411,-18584,-16806,6088,23462,-2736,0,0,1,0,1,0
5969,3108333,0,1626,-16070,-14444,0,27026,-2502,0,0,1,0,1,0
5970,3108854,-366,1777,-12938,-11527,-6088,29551,-2172,0,0,1,0,1,0
5971,3109375,-718,1861,-9309,-8167,-11942,30940,-1759,0,0,1,0,1,0
5972,3109895,-1043,1873,-5323,-4493,-17337,31140,-1278,0,0,1,0,1,0
5973,3110416,-1327,1813,-1132,-646,-22066,30143,-748,0,0,1,0,1,0
5974,3110937,-1561,1683,3103,3226,-25947,27988,-189,0,0,1,0,1,0
5975,3111458,-1734,1489,7218,6973,-28831,24758,377,0,0,1,0,1,0
5976,3111979,-1841,1238,11056,10453,-30607,20576,929,0,0,1,0,1,0
5977,3112500,-1877,939,14469,13531,-31207,15603,1445,0,0,1,0,1,0
5978,3113020,-1841,603,17326,16089,-30607,10031,1905,0,0,1,0,1,0
5979,3113541,-1734,245,19518,18028,-28831,4073,2292,0,0,1,0,1,0
5980,3114062,-1561,-123,20959,19275,-25947,-2041,2592,0,0,1,0,1,0
5981,3114583,-1327,-486,21594,19781,-22066,-8077,2791,0,0,1,0,1,0
5982,3115104,-1043,-830,21400,19527,-17337,-13802,2883,0,0,1,0,1,0
5983,3115625,-718,-1143,20384,18523,-11942,-18997,2865,0,0,1,0,1,0
5984,3116145,-366,-1411,18584,16806,-6088,-23462,2736,0,0,1,0,1,0
5985,3116666,0,-1626,16070,14444,0,-27026,2502,0,0,1,0,1,0
5986,3117187,366,-1777,12938,11527,6088,-29551,2172,0,0,1,0,1,0
5987,3117708,718,-1861,9309,8167,11942,-30940,1759,0,0,1,0,1,0
5988,3118229,1043,-1873,5323,4493,17337,-31140,1278,0,0,1,0,1,0
5989,3118750,1327,-1813,1132,646,22066,-30143,748,0,0,1,0,1,0
5990,3119270,1561,-1683,-3103,-3226,25947,-27988,189,0,0,1,0,1,0
5991,3119791,1734,-1489,-7218,-6973,28831,-24758,-377,0,0,1,0,1,0
5992,3120312,1841,-1238,-11056,-10453,30607,-20576,-929,0,0,1,0,1,0
5993,3120833,1877,-939,-14469,-13531,31207,-15603,-1445,0,0,1,0,1,0
5994,3121354,1841,-603,-17326,-16089,30607,-10031,-1905,0,0,1,0,1,0
5995,3121875,1734,-245,-19518,-18028,28831,-4073,-2292,0,0,1,0,1,0
5996,3122395,1561,123,-20959,-19275,25947,2041,-2592,0,0,1,0,1,0
5997,3122916,1327,486,-21594,-19781,22066,8077,-2791,0,0,1,0,1,0
5998,3123437,1043,830,-21400,-19527,17337,13802,-2883,0,0,1,0,1,0
5999,3123958,718,1143,-20384,-18523,11942,18997,-2865,0,0,1,0,1,0
6000,3124479,366,1411,-18584,-16806,6088,23462,-2736,0,0,1,0,1,0
6001,3125000,0,1626,-16070,-14444,0,27026,-2502,0,0,1,0,1,0
6002,3125520,-366,1777,-12938,-11527,-6088,29551,-2172,0,0,1,0,1,0
6003,3126041,-718,1861,-9309,-8167,-11942,30940,-1759,0,0,1,0,1,0
6004,3126562,-1043,1873,-5323,-4493,-17337,31140,-1278,0,0,1,0,1,0
6005,3127083,-1327,1813,-1132,-646,-22066,30143,-748,0,0,1,0,1,0
6006,3127604,-1561,1683,3103,3226,-25947,27988,-189,0,0,1,0,1,0
6007,3128125,-1734,1489,7218,6973,-28831,24758,377,0,0,1,0,1,0
6008,3128645,-1841,1238,11056,10453,-30607,20576,929,0,0,1,0,1,0
6009,3129166,-1877,939,14469,13531,-31207,15603,1445,0,0,1,0,1,0
6010,3129687,-1841,603,17326,16089,-30607,10031,1905,0,0,1,0,1,0
6011,3130208,-1734,245,19518,18028,-28831,4073,2292,0,0,1,0,1,0
6012,3130729,-1561,-123,20959,19275,-25947,-2041,2592,0,0,1,0,1,0
6013,3131250,-1327,-486,21594,19781,-22066,-8077,2791,0,0,1,0,1,0
6014,3131770,-1043,-830,21400,19527,-17337,-13802,2883,0,0,1,0,1,0
6015,3132291,-718,-1143,20384,18523,-11942,-18997,2865,0,0,1,0,1,0
6016,3132812,-366,-1411,18584,16806,-6088,-23462,2736,0,0,1,0,1,0
6017,3133333,0,-1626,16070,14444,0,-27026,2502,0,0,1,0,1,0
6018,3133854,366,-1777,12938,11527,6088,-29551,2172,0,0,1,0,1,0
6019,3134375,718,-1861,9309,8167,11942,-30940,1759,0,0,1,0,1,0
6020,3134895,1043,-1873,5323,4493,17337,-31140,1278,0,0,1,0,1,0
6021,3135416,1327,-1813,1132,646,22066,-30143,748,0,0,1,0,1,0
6022,3135937,1561,-1683,-3103,-3226,25947,-27988,189,0,0,1,0,1,0
6023,3136458,1734,-1489,-7218,-6973,28831,-24758,-377,0,0,1,0,1,0
6024,3136979,1841,-1238,-11056,-10453,30607,-20576,-929,0,0,1,0,1,0
6025,3137500,1877,-939,-14469,-13531,31207,-15603,-1445,0,0,1,0,1,0
6026,3138020,1841,-603,-17326,-16089,30607,-10031,-1905,0,0,1,0,1,0
6027,3138541,1734,-245,-19518,-18028,28831,-4073,-2292,0,0,1,0,1,0
6028,3139062,1561,123,-20959,-19275,25947,2041,-2592,0,0,1,0,1,0
6029,3139583,1327,486,-21594,-19781,22066,8077,-2791,0,0,1,0,1,0
6030,3140104,1043,830,-21400,-19527,17337,13802,-2883,0,0,1,0,1,0
6031,3140625,718,1143,-20384,-18523,11942,18997,-2865,0,0,1,0,1,0
6032,3141145,366,1411,-18584,-16806,6088,23462,-2736,0,0,1,0,1,0
6033,3141666,0,1626,-16070,-14444,0,27026,-2502,0,0,1,0,1,0
6034,3142187,-366,1777,-12938,-11527,-6088,29551,-2172,0,0,1,0,1,0
6035,3142708,-718,1861,-9309,-8167,-11942,30940,-1759,0,0,1,0,1,0
6036,3143229,-1043,1873,-5323,-4493,-17337,31140,-1278,0,0,1,0,1,0
6037,3143750,-1327,1813,-1132,-646,-22066,30143,-748,0,0,1,0,1,0
6038,3144270,-1561,1683,3103,3226,-25947,27988,-189,0,0,1,0,1,0
6039,3144791,-1734,1489,7218,6973,-28831,24758,377,0,0,1,0,1,0
6040,3145312,-1841,1238,11056,10453,-30607,20576,929,0,0,1,0,1,0
6041,3145833,-1877,939,14469,13531,-31207,15603,1445,0,0,1,0,1,0
6042,3146354,-1841,603,17326,16089,-30607,10031,1905,0,0,1,0,1,0
6043,3146875,-1734,245,19518,18028,-28831,4073,2292,0,0,1,0,1,0
6044,3147395,-1561,-123,20959,19275,-25947,-2041,2592,0,0,1,0,1,0
6045,3147916,-1327,-486,21594,19781,-22066,-8077,2791,0,0,1,0,1,0
6046,3148437,-1043,-830,21400,19527,-17337,-13802,2883,0,0,1,0,1,0
6047,3148958,-718,-1143,20384,18523,-11942,-18997,2865,0,0,1,0,1,0
6048,3149479,-366,-1411,18584,16806,-6088,-23462,2736,0,0,1,0,1,0
6049,3150000,0,-1626,16070,14444,0,-27026,2502,0,0,1,0,1,0
6050,3150520,366,-1777,12938,11527,6088,-29551,2172,0,0,1,0,1,0
6051,3151041,718,-1861,9309,8167,11942,-30940,1759,0,0,1,0,1,0
6052,3151562,1043,-1873,5323,4493,17337,-31140,1278,0,0,1,0,1,0
6053,3152083,1327,-1813,1132,646,22066,-30143,748,0,0,1,0,1,0
6054,3152604,1561,-1683,-3103,-3226,25947,-27988,189,0,0,1,0,1,0
6055,3153125,1734,-1489,-7218,-6973,28831,-24758,-377,0,0,1,0,1,0
6056,3153645,1841,-1238,-11056,-10453,30607,-20576,-929,0,0,1,0,1,0
6057,3154166,1877,-939,-14469,-13531,31207,-15603,-1445,0,0,1,0,1,0
6058,3154687,1841,-603,-17326,-16089,30607,-10031,-1905,0,0,1,0,1,0
6059,3155208,1734,-245,-19518,-18028,28831,-4073,-2292,0,0,1,0,1,0
6060,3155729,1561,123,-20959,-19275,25947,2041,-2592,0,0,1,0,1,0
6061,3156250,1327,486,-21594,-19781,22066,8077,-2791,0,0,1,0,1,0
6062,3156770,1043,830,-21400,-19527,17337,13802,-2883,0,0,1,0,1,0
6063,3157291,718,1143,-20384,-18523,11942,18997,-2865,0,0,1,0,1,0
6064,3157812,366,1411,-18584,-16806,6088,23462,-2736,0,0,1,0,1,0
6065,3158333,0,1626,-16070,-14444,0,27026,-2502,0,0,1,0,1,0
6066,3158854,-366,1777,-12938,-11527,-6088,29551,-2172,0,0,1,0,1,0
6067,3159375,-718,1861,-9309,-8167,-11942,30940,-1759,0,0,1,0,1,0
6068,3159895,-1043,1873,-5323,-4493,-17337,31140,-1278,0,0,1,0,1,0
6069,3160416,-1327,1813,-1132,-646,-22066,30143,-748,0,0,1,0,1,0
6070,3160937,-1561,1683,3103,3226,-25947,27988,-189,0,0,1,0,1,0
6071,3161458,-1734,1489,7218,6973,-28831,24758,377,0,0,1,0,1,0
6072,3161979,-1841,1238,11056,10453,-30607,20576,929,0,0,1,0,1,0
6073,3162500,-1877,939,14469,13531,-31207,15603,1445,0,0,1,0,1,0
6074,3163020,-1841,603,17326,16089,-30607,10031,1905,0,0,1,0,1,0
6075,3163541,-1734,245,19518,18028,-28831,4073,2292,0,0,1,0,1,0
6076,3164062,-1561,-123,20959,19275,-25947,-2041,2592,0,0,1,0,1,0
6077,3164583,0,0,0,0,0,0,0,1,0,0,0,0,0
6078,3165104,0,0,0,0,0,0,0,1,0,0,0,0,0
6079,3165625,0,0,0,0,0,0,0,1,0,0,0,0,0
6080,3166145,0,0,0,0,0,0,0,1,0,0,0,0,0
6081,3166666,0,0,0,0,0,0,0,1,0,0,0,0,0
6082,3167187,0,0,0,0,0,0,0,1,0,0,0,0,0
6083,3167708,0,0,0,0,0,0,0,1,0,0,0,0,0
6084,3168229,0,0,0,0,0,0,0,1,0,0,0,0,0
6085,3168750,0,0,0,0,0,0,0,1,0,0,0,0,0
6086,3169270,0,0,0,0,0,0,0,1,0,0,0,0,0
6087,3169791,0,0,0,0,0,0,0,1,0,0,0,0,0
6088,3170312,0,0,0,0,0,0,0,1,0,0,0,0,0
6089,3170833,0,0,0,0,0,0,0,1,0,0,0,0,0
6090,3171354,0,0,0,0,0,0,0,1,0,0,0,0,0
6091,3171875,0,0,0,0,0,0,0,1,0,0,0,0,0
6092,3172395,0,0,0,0,0,0,0,1,0,0,0,0,0
6093,3172916,0,0,0,0,0,0,0,1,0,0,0,0,0
6094,3173437,0,0,0,0,0,0,0,1,0,0,0,0,0
6095,3173958,0,0,0,0,0,0,0,1,0,0,0,0,0
6096,3174479,0,0,0,0,0,0,0,1,0,0,0,0,0
6097,3175000,0,0,0,0,0,0,0,1,0,0,0,0,0
6098,3175520,0,0,0,0,0,0,0,1,0,0,0,0,0
6099,3176041,0,0,0,0,0,0,0,1,0,0,0,0,0
6100,3176562,0,0,0,0,0,0,0,1,0,0,0,0,0
6101,3177083,0,0,0,0,0,0,0,1,0,0,0,0,0
6102,3177604,0,0,0,0,0,0,0,1,0,0,0,0,0
6103,3178125,0,0,0,0,0,0,0,1,0,0,0,0,0
6104,3178645,0,0,0,0,0,0,0,1,0,0,0,0,0
6105,3179166,0,0,0,0,0,0,0,1,0,0,0,0,0
6106,3179687,0,0,0,0,0,0,0,1,0,0,0,0,0
6107,3180208,0,0,0,0,0,0,0,1,0,0,0,0,0
6108,3180729,0,0,0,0,0,0,0,1,0,0,0,0,0
6109,3181250,0,0,0,0,0,0,0,1,0,0,0,0,0
6110,3181770,0,0,0,0,0,0,0,1,0,0,0,0,0
6111,3182291,0,0,0,0,0,0,0,1,0,0,0,0,0
6112,3182812,0,0,0,0,0,0,0,1,0,0,0,0,0
6113,3183333,0,0,0,0,0,0,0,1,0,0,0,0,0
6114,3183854,0,0,0,0,0,0,0,1,0,0,0,0,0
6115,3184375,0,0,0,0,0,0,0,1,0,0,0,0,0
6116,3184895,0,0,0,0,0,0,0,1,0,0,0,0,0
6117,3185416,0,0,0,0,0,0,0,1,0,0,0,0,0
6118,3185937,0,0,0,0,0,0,0,1,0,0,0,0,0
6119,3186458,0,0,0,0,0,0,0,1,0,0,0,0,0
6120,3186979,0,0,0,0,0,0,0,1,0,0,0,0,0
6121,3187500,0,0,0,0,0,0,0,1,0,0,0,0,0
6122,3188020,0,0,0,0,0,0,0,1,0,0,0,0,0
6123,3188541,0,0,0,0,0,0,0,1,0,0,0,0,0
6124,3189062,0,0,0,0,0,0,0,1,0,0,0,0,0
6125,3189583,0,0,0,0,0,0,0,1,0,0,0,0,0
6126,3190104,0,0,0,0,0,0,0,1,0,0,0,0,0
6127,3190625,0,0,0,0,0,0,0,1,0,0,0,0,0
6128,3191145,0,0,0,0,0,0,0,1,0,0,0,0,0
6129,3191666,0,0,0,0,0,0,0,1,0,0,0,0,0
6130,3192187,0,0,0,0,0,0,0,1,0,0,0,0,0
6131,3192708,0,0,0,0,0,0,0,1,0,0,0,0,0
6132,3193229,0,0,0,0,0,0,0,1,0,0,0,0,0
6133,3193750,0,0,0,0,0,0,0,1,0,0,0,0,0
6134,3194270,0,0,0,0,0,0,0,1,0,0,0,0,0
6135,3194791,0,0,0,0,0,0,0,1,0,0,0,0,0
6136,3195312,0,0,0,0,0,0,0,1,0,0,0,0,0
6137,3195833,0,0,0,0,0,0,0,1,0,0,0,0,0
6138,3196354,0,0,0,0,0,0,0,1,0,0,0,0,0
6139,3196875,0,0,0,0,0,0,0,1,0,0,0,0,0
6140,3197395,0,0,0,0,0,0,0,1,0,0,0,0,0
6141,3197916,0,0,0,0,0,0,0,1,0,0,0,0,0
6142,3198437,0,0,0,0,0,0,0,1,0,0,0,0,0
6143,3198958,0,0,0,0,0,0,0,1,0,0,0,0,0
6144,3199479,0,0,0,0,0,0,0,1,0,0,0,0,0
6145,3200000,0,0,0,0,0,0,0,1,0,0,0,0,0
6146,3200520,0,0,0,0,0,0,0,1,0,0,0,0,0
6147,3201041,0,0,0,0,0,0,0,1,0,0,0,0,0
6148,3201562,0,0,0,0,0,0,0,1,0,0,0,0,0
6149,3202083,0,0,0,0,0,0,0,1,0,0,0,0,0
6150,3202604,0,0,0,0,0,0,0,1,0,0,0,0,0
6151,3203125,0,0,0,0,0,0,0,1,0,0,0,0,0
6152,3203645,0,0,0,0,0,0,0,1,0,0,0,0,0
6153,3204166,0,0,0,0,0,0,0,1,0,0,0,0,0
6154,3204687,0,0,0,0,0,0,0,1,0,0,0,0,0
6155,3205208,0,0,0,0,0,0,0,1,0,0,0,0,0
6156,3205729,0,0,0,0,0,0,0,1,0,0,0,0,0
6157,3206250,0,0,0,0,0,0,0,1,0,0,0,0,0
6158,3206770,0,0,0,0,0,0,0,1,0,0,0,0,0
6159,3207291,0,0,0,0,0,0,0,1,0,0,0,0,0
6160,3207812,0,0,0,0,0,0,0,1,0,0,0,0,0
6161,3208333,0,0,0,0,0,0,0,1,0,0,0,0,0
6162,3208854,0,0,0,0,0,0,0,1,0,0,0,0,0
6163,3209375,0,0,0,0,0,0,0,1,0,0,0,0,0
6164,3209895,0,0,0,0,0,0,0,1,0,0,0,0,0
6165,3210416,0,0,0,0,0,0,0,1,0,0,0,0,0
6166,3210937,0,0,0,0,0,0,0,1,0,0,0,0,0
6167,3211458,0,0,0,0,0,0,0,1,0,0,0,0,0
6168,3211979,0,0,0,0,0,0,0,1,0,0,0,0,0
6169,3212500,0,0,0,0,0,0,0,1,0,0,0,0,0
6170,3213020,0,0,0,0,0,0,0,1,0,0,0,0,0
6171,3213541,0,0,0,0,0,0,0,1,0,0,0,0,0
6172,3214062,0,0,0,0,0,0,0,1,0,0,0,0,0
6173,3214583,0,0,0,0,0,0,0,1,0,0,0,0,0
6174,3215104,0,0,0,0,0,0,0,1,0,0,0,0,0
6175,3215625,0,0,0,0,0,0,0,1,0,0,0,0,0
6176,3216145,0,0,0,0,0,0,0,1,0,0,0,0,0
6177,3216666,0,0,0,0,0,0,0,1,0,0,0,0,0
6178,3217187,0,0,0,0,0,0,0,1,0,0,0,0,0
6179,3217708,0,0,0,0,0,0,0,1,0,0,0,0,0
6180,3218229,0,0,0,0,0,0,0,1,0,0,0,0,0
6181,3218750,0,0,0,0,0,0,0,1,0,0,0,0,0
6182,3219270,0,0,0,0,0,0,0,1,0,0,0,0,0
6183,3219791,0,0,0,0,0,0,0,1,0,0,0,0,0
6184,3220312,0,0,0,0,0,0,0,1,0,0,0,0,0
6185,3220833,0,0,0,0,0,0,0,1,0,0,0,0,0
6186,3221354,0,0,0,0,0,0,0,1,0,0,0,0,0
6187,3221875,0,0,0,0,0,0,0,1,0,0,0,0,0
6188,3222395,0,0,0,0,0,0,0,1,0,0,0,0,0
6189,3222916,0,0,0,0,0,0,0,1,0,0,0,0,0
6190,3223437,0,0,0,0,0,0,0,1,0,0,0,0,0
6191,3223958,0,0,0,0,0,0,0,1,0,0,0,0,0
6192,3224479,0,0,0,0,0,0,0,1,0,0,0,0,0
6193,3225000,0,0,0,0,0,0,0,1,0,0,0,0,0
6194,3225520,0,0,0,0,0,0,0,1,0,0,0,0,0
6195,3226041,0,0,0,0,0,0,0,1,0,0,0,0,0
6196,3226562,0,0,0,0,0,0,0,1,0,0,0,0,0
6197,3227083,0,0,0,0,0,0,0,1,0,0,0,0,0
6198,3227604,0,0,0,0,0,0,0,1,0,0,0,0,0
6199,3228125,0,0,0,0,0,0,0,1,0,0,0,0,0
6200,3228645,0,0,0,0,0,0,0,1,0,0,0,0,0
6201,3229166,0,0,0,0,0,0,0,1,0,0,0,0,0
6202,3229687,0,0,0,0,0,0,0,1,0,0,0,0,0
6203,3230208,0,0,0,0,0,0,0,1,0,0,0,0,0
6204,3230729,0,0,0,0,0,0,0,1,0,0,0,0,0
6205,3231250,0,0,0,0,0,0,0,1,0,0,0,0,0
6206,3231770,0,0,0,0,0,0,0,1,0,0,0,0,0
6207,3232291,0,0,0,0,0,0,0,1,0,0,0,0,0
6208,3232812,0,0,0,0,0,0,0,1,0,0,0,0,0
6209,3233333,0,0,0,0,0,0,0,1,0,0,0,0,0
6210,3233854,0,0,0,0,0,0,0,1,0,0,0,0,0
6211,3234375,0,0,0,0,0,0,0,1,0,0,0,0,0
6212,3234895,0,0,0,0,0,0,0,1,0,0,0,0,0
6213,3235416,0,0,0,0,0,0,0,1,0,0,0,0,0
6214,3235937,0,0,0,0,0,0,0,1,0,0,0,0,0
6215,3236458,0,0,0,0,0,0,0,1,0,0,0,0,0
6216,3236979,0,0,0,0,0,0,0,1,0,0,0,0,0
6217,3237500,0,0,0,0,0,0,0,1,0,0,0,0,0
6218,3238020,0,0,0,0,0,0,0,1,0,0,0,0,0
6219,3238541,0,0,0,0,0,0,0,1,0,0,0,0,0
6220,3239062,0,0,0,0,0,0,0,1,0,0,0,0,0
6221,3239583,0,0,0,0,0,0,0,1,0,0,0,0,0
6222,3240104,0,0,0,0,0,0,0,1,0,0,0,0,0
6223,3240625,0,0,0,0,0,0,0,1,0,0,0,0,0
6224,3241145,0,0,0,0,0,0,0,1,0,0,0,0,0
6225,3241666,0,0,0,0,0,0,0,1,0,0,0,0,0
6226,3242187,0,0,0,0,0,0,0,1,0,0,0,0,0
6227,3242708,0,0,0,0,0,0,0,1,0,0,0,0,0
6228,3243229,0,0,0,0,0,0,0,1,0,0,0,0,0
6229,3243750,0,0,0,0,0,0,0,1,0,0,0,0,0
6230,3244270,0,0,0,0,0,0,0,1,0,0,0,0,0
6231,3244791,0,0,0,0,0,0,0,1,0,0,0,0,0
6232,3245312,0,0,0,0,0,0,0,1,0,0,0,0,0
6233,3245833,0,0,0,0,0,0,0,1,0,0,0,0,0
6234,3246354,0,0,0,0,0,0,0,1,0,0,0,0,0
6235,3246875,0,0,0,0,0,0,0,1,0,0,0,0,0
6236,3247395,0,0,0,0,0,0,0,1,0,0,0,0,0
6237,3247916,0,0,0,0,0,0,0,1,0,0,0,0,0
6238,3248437,0,0,0,0,0,0,0,1,0,0,0,0,0
6239,3248958,0,0,0,0,0,0,0,1,0,0,0,0,0
6240,3249479,0,0,0,0,0,0,0,1,0,0,0,0,0
6241,3250000,0,0,0,0,0,0,0,1,0,0,0,0,0
6242,3250520,0,0,0,0,0,0,0,1,0,0,0,0,0
6243,3251041,0,0,0,0,0,0,0,1,0,0,0,0,0
6244,3251562,0,0,0,0,0,0,0,1,0,0,0,0,0
6245,3252083,0,0,0,0,0,0,0,1,0,0,0,0,0
6246,3252604,0,0,0,0,0,0,0,1,0,0,0,0,0
6247,3253125,0,0,0,0,0,0,0,1,0,0,0,0,0
6248,3253645,0,0,0,0,0,0,0,1,0,0,0,0,0
6249,3254166,0,0,0,0,0,0,0,1,0,0,0,0,0
6250,3254687,0,0,0,0,0,0,0,1,0,0,0,0,0
6251,3255208,0,0,0,0,0,0,0,1,0,0,0,0,0
6252,3255729,0,0,0,0,0,0,0,1,0,0,0,0,0
6253,3256250,0,0,0,0,0,0,0,1,0,0,0,0,0
6254,3256770,0,0,0,0,0,0,0,1,0,0,0,0,0
6255,3257291,0,0,0,0,0,0,0,1,0,0,0,0,0
6256,3257812,0,0,0,0,0,0,0,1,0,0,0,0,0
6257,3258333,0,0,0,0,0,0,0,1,0,0,0,0,0
6258,3258854,0,0,0,0,0,0,0,1,0,0,0,0,0
6259,3259375,0,0,0,0,0,0,0,1,0,0,0,0,0
6260,3259895,0,0,0,0,0,0,0,1,0,0,0,0,0
6261,3260416,0,0,0,0,0,0,0,1,0,0,0,0,0
6262,3260937,0,0,0,0,0,0,0,1,0,0,0,0,0
6263,3261458,0,0,0,0,0,0,0,1,0,0,0,0,0
6264,3261979,0,0,0,0,0,0,0,1,0,0,0,0,0
6265,3262500,0,0,0,0,0,0,0,1,0,0,0,0,0
6266,3263020,0,0,0,0,0,0,0,1,0,0,0,0,0
6267,3263541,0,0,0,0,0,0,0,1,0,0,0,0,0
6268,3264062,0,0,0,0,0,0,0,1,0,0,0,0,0
6269,3264583,0,0,0,0,0,0,0,1,0,0,0,0,0
6270,3265104,0,0,0,0,0,0,0,1,0,0,0,0,0
6271,3265625,0,0,0,0,0,0,0,1,0,0,0,0,0
6272,3266145,0,0,0,0,0,0,0,1,0,0,0,0,0
6273,3266666,0,0,0,0,0,0,0,1,0,0,0,0,0
6274,3267187,0,0,0,0,0,0,0,1,0,0,0,0,0
6275,3267708,0,0,0,0,0,0,0,1,0,0,0,0,0
6276,3268229,0,0,0,0,0,0,0,1,0,0,0,0,0
6277,3268750,0,0,0,0,0,0,0,1,0,0,0,0,0
6278,3269270,0,0,0,0,0,0,0,1,0,0,0,0,0
6279,3269791,0,0,0,0,0,0,0,1,0,0,0,0,0
6280,3270312,0,0,0,0,0,0,0,1,0,0,0,0,0
6281,3270833,0,0,0,0,0,0,0,1,0,0,0,0,0
6282,3271354,0,0,0,0,0,0,0,1,0,0,0,0,0
6283,3271875,0,0,0,0,0,0,0,1,0,0,0,0,0
6284,3272395,0,0,0,0,0,0,0,1,0,0,0,0,0
6285,3272916,0,0,0,0,0,0,0,1,0,0,0,0,0
6286,3273437,0,0,0,0,0,0,0,1,0,0,0,0,0
6287,3273958,0,0,0,0,0,0,0,1,0,0,0,0,0
6288,3274479,0,0,0,0,0,0,0,1,0,0,0,0,0
6289,3275000,0,0,0,0,0,0,0,1,0,0,0,0,0
6290,3275520,0,0,0,0,0,0,0,1,0,0,0,0,0
6291,3276041,0,0,0,0,0,0,0,1,0,0,0,0,0
6292,3276562,0,0,0,0,0,0,0,1,0,0,0,0,0
6293,3277083,0,0,0,0,0,0,0,1,0,0,0,0,0
6294,3277604,0,0,0,0,0,0,0,1,0,0,0,0,0
6295,3278125,0,0,0,0,0,0,0,1,0,0,0,0,0
6296,3278645,0,0,0,0,0,0,0,1,0,0,0,0,0
6297,3279166,0,0,0,0,0,0,0,1,0,0,0,0,0
6298,3279687,0,0,0,0,0,0,0,1,0,0,0,0,0
6299,3280208,0,0,0,0,0,0,0,1,0,0,0,0,0
6300,3280729,0,0,0,0,0,0,0,1,0,0,0,0,0
6301,3281250,0,0,0,0,0,0,0,1,0,0,0,0,0
6302,3281770,0,0,0,0,0,0,0,1,0,0,0,0,0
6303,3282291,0,0,0,0,0,0,0,1,0,0,0,0,0
6304,3282812,0,0,0,0,0,0,0,1,0,0,0,0,0
6305,3283333,0,0,0,0,0,0,0,1,0,0,0,0,0
6306,3283854,0,0,0,0,0,0,0,1,0,0,0,0,0
6307,3284375,0,0,0,0,0,0,0,1,0,0,0,0,0
6308,3284895,0,0,0,0,0,0,0,1,0,0,0,0,0
6309,3285416,0,0,0,0,0,0,0,1,0,0,0,0,0
6310,3285937,0,0,0,0,0,0,0,1,0,0,0,0,0
6311,3286458,0,0,0,0,0,0,0,1,0,0,0,0,0
6312,3286979,0,0,0,0,0,0,0,1,0,0,0,0,0
6313,3287500,0,0,0,0,0,0,0,1,0,0,0,0,0
6314,3288020,0,0,0,0,0,0,0,1,0,0,0,0,0
6315,3288541,0,0,0,0,0,0,0,1,0,0,0,0,0
6316,3289062,0,0,0,0,0,0,0,1,0,0,0,0,0
6317,3289583,0,0,0,0,0,0,0,1,0,0,0,0,0
6318,3290104,0,0,0,0,0,0,0,1,0,0,0,0,0
6319,3290625,0,0,0,0,0,0,0,1,0,0,0,0,0
6320,3291145,0,0,0,0,0,0,0,1,0,0,0,0,0
6321,3291666,0,0,0,0,0,0,0,1,0,0,0,0,0
6322,3292187,0,0,0,0,0,0,0,1,0,0,0,0,0
6323,3292708,0,0,0,0,0,0,0,1,0,0,0,0,0
6324,3293229,0,0,0,0,0,0,0,1,0,0,0,0,0
6325,3293750,0,0,0,0,0,0,0,1,0,0,0,0,0
6326,3294270,0,0,0,0,0,0,0,1,0,0,0,0,0
6327,3294791,0,0,0,0,0,0,0,1,0,0,0,0,0
6328,3295312,0,0,0,0,0,0,0,1,0,0,0,0,0
6329,3295833,0,0,0,0,0,0,0,1,0,0,0,0,0
6330,3296354,0,0,0,0,0,0,0,1,0,0,0,0,0
6331,3296875,0,0,0,0,0,0,0,1,0,0,0,0,0
6332,3297395,0,0,0,0,0,0,0,1,0,0,0,0,0
6333,3297916,0,0,0,0,0,0,0,1,0,0,0,0,0
6334,3298437,0,0,0,0,0,0,0,1,0,0,0,0,0
6335,3298958,0,0,0,0,0,0,0,1,0,0,0,0,0
6336,3299479,0,0,0,0,0,0,0,1,0,0,0,0,0
6337,3300000,0,0,0,0,0,0,0,1,0,0,0,0,0
6338,3300520,0,0,0,0,0,0,0,1,0,0,0,0,0
6339,3301041,0,0,0,0,0,0,0,1,0,0,0,0,0
6340,3301562,0,0,0,0,0,0,0,1,0,0,0,0,0
6341,3302083,0,0,0,0,0,0,0,1,0,0,0,0,0
6342,3302604,0,0,0,0,0,0,0,1,0,0,0,0,0
6343,3303125,0,0,0,0,0,0,0,1,0,0,0,0,0
6344,3303645,0,0,0,0,0,0,0,1,0,0,0,0,0
6345,3304166,0,0,0,0,0,0,0,1,0,0,0,0,0
6346,3304687,0,0,0,0,0,0,0,1,0,0,0,0,0
6347,3305208,0,0,0,0,0,0,0,1,0,0,0,0,0
6348,3305729,0,0,0,0,0,0,0,1,0,0,0,0,0
6349,3306250,0,0,0,0,0,0,0,1,0,0,0,0,0
6350,3306770,0,0,0,0,0,0,0,1,0,0,0,0,0
6351,3307291,0,0,0,0,0,0,0,1,0,0,0,0,0
6352,3307812,0,0,0,0,0,0,0,1,0,0,0,0,0
6353,3308333,0,0,0,0,0,0,0,1,0,0,0,0,0
6354,3308854,0,0,0,0,0,0,0,1,0,0,0,0,0
6355,3309375,0,0,0,0,0,0,0,1,0,0,0,0,0
6356,3309895,0,0,0,0,0,0,0,1,0,0,0,0,0
6357,3310416,0,0,0,0,0,0,0,1,0,0,0,0,0
6358,3310937,0,0,0,0,0,0,0,1,0,0,0,0,0
6359,3311458,0,0,0,0,0,0,0,1,0,0,0,0,0
6360,3311979,0,0,0,0,0,0,0,1,0,0,0,0,0
6361,3312500,0,0,0,0,0,0,0,1,0,0,0,0,0
6362,3313020,0,0,0,0,0,0,0,1,0,0,0,0,0
6363,3313541,0,0,0,0,0,0,0,1,0,0,0,0,0
6364,3314062,0,0,0,0,0,0,0,1,0,0,0,0,0
6365,3314583,0,0,0,0,0,0,0,1,0,0,0,0,0
6366,3315104,0,0,0,0,0,0,0,1,0,0,0,0,0
6367,3315625,0,0,0,0,0,0,0,1,0,0,0,0,0
6368,3316145,0,0,0,0,0,0,0,1,0,0,0,0,0
6369,3316666,0,0,0,0,0,0,0,1,0,0,0,0,0
6370,3317187,0,0,0,0,0,0,0,1,0,0,0,0,0
6371,3317708,0,0,0,0,0,0,0,1,0,0,0,0,0
6372,3318229,0,0,0,0,0,0,0,1,0,0,0,0,0
6373,3318750,0,0,0,0,0,0,0,1,0,0,0,0,0
6374,3319270,0,0,0,0,0,0,0,1,0,0,0,0,0
6375,3319791,0,0,0,0,0,0,0,1,0,0,0,0,0
6376,3320312,0,0,0,0,0,0,0,1,0,0,0,0,0
6377,3320833,0,0,0,0,0,0,0,1,0,0,0,0,0
6378,3321354,0,0,0,0,0,0,0,1,0,0,0,0,0
6379,3321875,0,0,0,0,0,0,0,1,0,0,0,0,0
6380,3322395,0,0,0,0,0,0,0,1,0,0,0,0,0
6381,3322916,0,0,0,0,0,0,0,1,0,0,0,0,0
6382,3323437,0,0,0,0,0,0,0,1,0,0,0,0,0
6383,3323958,0,0,0,0,0,0,0,1,0,0,0,0,0
6384,3324479,0,0,0,0,0,0,0,1,0,0,0,0,0
6385,3325000,0,0,0,0,0,0,0,1,0,0,0,0,0
6386,3325520,0,0,0,0,0,0,0,1,0,0,0,0,0
6387,3326041,0,0,0,0,0,0,0,1,0,0,0,0,0
6388,3326562,0,0,0,0,0,0,0,1,0,0,0,0,0
6389,3327083,0,0,0,0,0,0,0,1,0,0,0,0,0
6390,3327604,0,0,0,0,0,0,0,1,0,0,0,0,0
6391,3328125,0,0,0,0,0,0,0,1,0,0,0,0,0
6392,3328645,0,0,0,0,0,0,0,1,0,0,0,0,0
6393,3329166,0,0,0,0,0,0,0,1,0,0,0,0,0
6394,3329687,0,0,0,0,0,0,0,1,0,0,0,0,0
6395,3330208,0,0,0,0,0,0,0,1,0,0,0,0,0
6396,3330729,0,0,0,0,0,0,0,1,0,0,0,0,0
6397,3331250,0,0,0,0,0,0,0,1,0,0,0,0,0
6398,3331770,0,0,0,0,0,0,0,1,0,0,0,0,0
6399,3332291,0,0,0,0,0,0,0,1,0,0,0,0,0
6400,3332812,0,0,0,0,0,0,0,1,0,0,0,0,0
6401,3333333,0,0,0,0,0,0,0,1,0,0,0,0,0
6402,3333854,0,0,0,0,0,0,0,1,0,0,0,0,0
6403,3334375,0,0,0,0,0,0,0,1,0,0,0,0,0
6404,3334895,0,0,0,0,0,0,0,1,0,0,0,0,0
6405,3335416,0,0,0,0,0,0,0,1,0,0,0,0,0
6406,3335937,0,0,0,0,0,0,0,1,0,0,0,0,0
6407,3336458,0,0,0,0,0,0,0,1,0,0,0,0,0
6408,3336979,0,0,0,0,0,0,0,1,0,0,0,0,0
6409,3337500,0,0,0,0,0,0,0,1,0,0,0,0,0
6410,3338020,0,0,0,0,0,0,0,1,0,0,0,0,0
6411,3338541,0,0,0,0,0,0,0,1,0,0,0,0,0
6412,3339062,0,0,0,0,0,0,0,1,0,0,0,0,0
6413,3339583,0,0,0,0,0,0,0,1,0,0,0,0,0
6414,3340104,0,0,0,0,0,0,0,1,0,0,0,0,0
6415,3340625,0,0,0,0,0,0,0,1,0,0,0,0,0
6416,3341145,0,0,0,0,0,0,0,1,0,0,0,0,0
6417,3341666,0,0,0,0,0,0,0,1,0,0,0,0,0
6418,3342187,0,0,0,0,0,0,0,1,0,0,0,0,0
6419,3342708,0,0,0,0,0,0,0,1,0,0,0,0,0
6420,3343229,0,0,0,0,0,0,0,1,0,0,0,0,0
6421,3343750,0,0,0,0,0,0,0,1,0,0,0,0,0
6422,3344270,0,0,0,0,0,0,0,1,0,0,0,0,0
6423,3344791,0,0,0,0,0,0,0,1,0,0,0,0,0
6424,3345312,0,0,0,0,0,0,0,1,0,0,0,0,0
6425,3345833,0,0,0,0,0,0,0,1,0,0,0,0,0
6426,3346354,0,0,0,0,0,0,0,1,0,0,0,0,0
6427,3346875,0,0,0,0,0,0,0,1,0,0,0,0,0
6428,3347395,0,0,0,0,0,0,0,1,0,0,0,0,0
6429,3347916,0,0,0,0,0,0,0,1,0,0,0,0,0
6430,3348437,0,0,0,0,0,0,0,1,0,0,0,0,0
6431,3348958,0,0,0,0,0,0,0,1,0,0,0,0,0
6432,3349479,0,0,0,0,0,0,0,1,0,0,0,0,0
6433,3350000,0,0,0,0,0,0,0,1,0,0,0,0,0
6434,3350520,0,0,0,0,0,0,0,1,0,0,0,0,0
6435,3351041,0,0,0,0,0,0,0,1,0,0,0,0,0
6436,3351562,0,0,0,0,0,0,0,1,0,0,0,0,0
6437,3352083,0,0,0,0,0,0,0,1,0,0,0,0,0
6438,3352604,0,0,0,0,0,0,0,1,0,0,0,0,0
6439,3353125,0,0,0,0,0,0,0,1,0,0,0,0,0
6440,3353645,0,0,0,0,0,0,0,1,0,0,0,0,0
6441,3354166,0,0,0,0,0,0,0,1,0,0,0,0,0
6442,3354687,0,0,0,0,0,0,0,1,0,0,0,0,0
6443,3355208,0,0,0,0,0,0,0,1,0,0,0,0,0
6444,3355729,0,0,0,0,0,0,0,1,0,0,0,0,0
6445,3356250,0,0,0,0,0,0,0,1,0,0,0,0,0
6446,3356770,0,0,0,0,0,0,0,1,0,0,0,0,0
6447,3357291,0,0,0,0,0,0,0,1,0,0,0,0,0
6448,3357812,0,0,0,0,0,0,0,1,0,0,0,0,0
6449,3358333,0,0,0,0,0,0,0,1,0,0,0,0,0
6450,3358854,0,0,0,0,0,0,0,1,0,0,0,0,0
6451,3359375,0,0,0,0,0,0,0,1,0,0,0,0,0
6452,3359895,0,0,0,0,0,0,0,1,0,0,0,0,0
6453,3360416,0,0,0,0,0,0,0,1,0,0,0,0,0
6454,3360937,0,0,0,0,0,0,0,1,0,0,0,0,0
6455,3361458,0,0,0,0,0,0,0,1,0,0,0,0,0
6456,3361979,0,0,0,0,0,0,0,1,0,0,0,0,0
6457,3362500,0,0,0,0,0,0,0,1,0,0,0,0,0
6458,3363020,0,0,0,0,0,0,0,1,0,0,0,0,0
6459,3363541,0,0,0,0,0,0,0,1,0,0,0,0,0
6460,3364062,0,0,0,0,0,0,0,1,0,0,0,0,0
6461,3364583,0,0,0,0,0,0,0,1,0,0,0,0,0
6462,3365104,0,0,0,0,0,0,0,1,0,0,0,0,0
6463,3365625,0,0,0,0,0,0,0,1,0,0,0,0,0
6464,3366145,0,0,0,0,0,0,0,1,0,0,0,0,0
6465,3366666,0,0,0,0,0,0,0,1,0,0,0,0,0
6466,3367187,0,0,0,0,0,0,0,1,0,0,0,0,0
6467,3367708,0,0,0,0,0,0,0,1,0,0,0,0,0
6468,3368229,0,0,0,0,0,0,0,1,0,0,0,0,0
6469,3368750,0,0,0,0,0,0,0,1,0,0,0,0,0
