1,0,0,-10066,10066,0,0,-27026,27026,0,0,0,0,1,0
2,520,2268,-11006,8739,0,6088,-29551,23462,0,0,0,0,1,0
3,1041,4448,-11524,7076,0,11942,-30940,18997,0,0,0,0,1,0
4,1562,6458,-11598,5141,0,17337,-31140,13802,0,0,0,0,1,0
5,2083,8219,-11227,3008,0,22066,-30143,8077,0,0,0,0,1,0
6,2604,9664,-10425,760,0,25947,-27988,2041,0,0,0,0,1,0
7,3125,10739,-9221,-1517,0,28831,-24758,-4073,0,0,0,0,1,0
8,3645,11400,-7664,-3736,0,30607,-20576,-10031,0,0,0,0,1,0
9,4166,11623,-5812,-5812,0,31207,-15603,-15603,0,0,0,0,1,0
10,4687,11400,-3736,-7664,0,30607,-10031,-20576,0,0,0,0,1,0
11,5208,10739,-1517,-9221,0,28831,-4073,-24758,0,0,0,0,1,0
12,5729,9664,760,-10425,0,25947,2041,-27988,0,0,0,0,1,0
13,6250,8219,3008,-11227,0,22066,8077,-30143,0,0,0,0,1,0
14,6770,6458,5141,-11598,0,17337,13802,-31140,0,0,0,0,1,0
15,7291,4448,7076,-11524,0,11942,18997,-30940,0,0,0,0,1,0
16,7812,2268,8739,-11006,0,6088,23462,-29551,0,0,0,0,1,0
17,8333,0,10066,-10066,0,0,27026,-27026,0,0,0,0,1,0
18,8854,-2268,11006,-8739,0,-6088,29551,-23462,0,0,0,0,1,0
19,9375,-4448,11524,-7076,0,-11942,30940,-18997,0,0,0,0,1,0
20,9895,-6458,11598,-5141,0,-17337,31140,-13802,0,0,0,0,1,0
21,10416,-8219,11227,-3008,0,-22066,30143,-8077,0,0,0,0,1,0
22,10937,-9664,10425,-760,0,-25947,27988,-2041,0,0,0,0,1,0
23,11458,-10739,9221,1517,0,-28831,24758,4073,0,0,0,0,1,0
24,11979,-11400,7664,3736,0,-30607,20576,10031,0,0,0,0,1,0
25,12500,-11623,5812,5812,0,-31207,15603,15603,0,0,0,0,1,0
26,13020,-11400,3736,7664,0,-30607,10031,20576,0,0,0,0,1,0
27,13541,-10739,1517,9221,0,-28831,4073,24758,0,0,0,0,1,0
28,14062,-9664,-760,10425,0,-25947,-2041,27988,0,0,0,0,1,0
29,14583,-8219,-3008,11227,0,-22066,-8077,30143,0,0,0,0,1,0
30,15104,-6458,-5141,11598,0,-17337,-13802,31140,0,0,0,0,1,0
31,15625,-4448,-7076,11524,0,-11942,-18997,30940,0,0,0,0,1,0
32,16145,-2268,-8739,11006,0,-6088,-23462,29551,0,0,0,0,1,0
33,16666,0,-10066,10066,0,0,-27026,27026,0,0,0,0,1,0
34,17187,2268,-11006,8739,0,6088,-29551,23462,0,0,0,0,1,0
35,17708,4448,-11524,7076,0,11942,-30940,18997,0,0,0,0,1,0
36,18229,6458,-11598,5141,0,17337,-31140,13802,0,0,0,0,1,0
37,18750,8219,-11227,3008,0,22066,-30143,8077,0,0,0,0,1,0
38,19270,9664,-10425,760,0,25947,-27988,2041,0,0,0,0,1,0
39,19791,10739,-9221,-1517,0,28831,-24758,-4073,0,0,0,0,1,0
40,20312,11400,-7664,-3736,0,30607,-20576,-10031,0,0,0,0,1,0
41,20833,11623,-5812,-5812,0,31207,-15603,-15603,0,0,0,0,1,0
42,21354,11400,-3736,-7664,0,30607,-10031,-20576,0,0,0,0,1,0
43,21875,10739,-1517,-9221,0,28831,-4073,-24758,0,0,0,0,1,0
44,22395,9664,760,-10425,0,25947,2041,-27988,0,0,0,0,1,0
45,22916,8219,3008,-11227,0,22066,8077,-30143,0,0,0,0,1,0
46,23437,6458,5141,-11598,0,17337,13802,-31140,0,0,0,0,1,0
47,23958,4448,7076,-11524,0,11942,18997,-30940,0,0,0,0,1,0
48,24479,2268,8739,-11006,0,6088,23462,-29551,0,0,0,0,1,0
49,25000,0,10066,-10066,0,0,27026,-27026,0,0,0,0,1,0
50,25520,-2268,11006,-8739,0,-6088,29551,-23462,0,0,0,0,1,0
51,26041,-4448,11524,-7076,0,-11942,30940,-18997,0,0,0,0,1,0
52,26562,-6458,11598,-5141,0,-17337,31140,-13802,0,0,0,0,1,0
53,27083,-8219,11227,-3008,0,-22066,30143,-8077,0,0,0,0,1,0
54,27604,-9664,10425,-760,0,-25947,27988,-2041,0,0,0,0,1,0
55,28125,-10739,9221,1517,0,-28831,24758,4073,0,0,0,0,1,0
56,28645,-11400,7664,3736,0,-30607,20576,10031,0,0,0,0,1,0
57,29166,-11623,5812,5812,0,-31207,15603,15603,0,0,0,0,1,0
58,29687,-11400,3736,7664,0,-30607,10031,20576,0,0,0,0,1,0
59,30208,-10739,1517,9221,0,-28831,4073,24758,0,0,0,0,1,0
60,30729,-9664,-760,10425,0,-25947,-2041,27988,0,0,0,0,1,0
61,31250,-8219,-3008,11227,0,-22066,-8077,30143,0,0,0,0,1,0
62,31770,-6458,-5141,11598,0,-17337,-13802,31140,0,0,0,0,1,0
63,32291,-4448,-7076,11524,0,-11942,-18997,30940,0,0,0,0,1,0
64,32812,-2268,-8739,11006,0,-6088,-23462,29551,0,0,0,0,1,0
65,33333,0,-10066,10066,0,0,-27026,27026,0,0,0,0,1,0
66,33854,2268,-11006,8739,0,6088,-29551,23462,0,0,0,0,1,0
67,34375,4448,-11524,7076,0,11942,-30940,18997,0,0,0,0,1,0
68,34895,6458,-11598,5141,0,17337,-31140,13802,0,0,0,0,1,0
69,35416,8219,-11227,3008,0,22066,-30143,8077,0,0,0,0,1,0
70,35937,9664,-10425,760,0,25947,-27988,2041,0,0,0,0,1,0
71,36458,10739,-9221,-1517,0,28831,-24758,-4073,0,0,0,0,1,0
72,36979,11400,-7664,-3736,0,30607,-20576,-10031,0,0,0,0,1,0
73,37500,11623,-5812,-5812,0,31207,-15603,-15603,0,0,0,0,1,0
74,38020,11400,-3736,-7664,0,30607,-10031,-20576,0,0,0,0,1,0
75,38541,10739,-1517,-9221,0,28831,-4073,-24758,0,0,0,0,1,0
76,39062,9664,760,-10425,0,25947,2041,-27988,0,0,0,0,1,0
77,39583,8219,3008,-11227,0,22066,8077,-30143,0,0,0,0,1,0
78,40104,6458,5141,-11598,0,17337,13802,-31140,0,0,0,0,1,0
79,40625,4448,7076,-11524,0,11942,18997,-30940,0,0,0,0,1,0
80,41145,2268,8739,-11006,0,6088,23462,-29551,0,0,0,0,1,0
81,41666,0,10066,-10066,0,0,27026,-27026,0,0,0,0,1,0
82,42187,-2268,11006,-8739,0,-6088,29551,-23462,0,0,0,0,1,0
83,42708,-4448,11524,-7076,0,-11942,30940,-18997,0,0,0,0,1,0
84,43229,-6458,11598,-5141,0,-17337,31140,-13802,0,0,0,0,1,0
85,43750,-8219,11227,-3008,0,-22066,30143,-8077,0,0,0,0,1,0
86,44270,-9664,10425,-760,0,-25947,27988,-2041,0,0,0,0,1,0
87,44791,-10739,9221,1517,0,-28831,24758,4073,0,0,0,0,1,0
88,45312,-11400,7664,3736,0,-30607,20576,10031,0,0,0,0,1,0
89,45833,-11623,5812,5812,0,-31207,15603,15603,0,0,0,0,1,0
90,46354,-11400,3736,7664,0,-30607,10031,20576,0,0,0,0,1,0
91,46875,-10739,1517,9221,0,-28831,4073,24758,0,0,0,0,1,0
92,47395,-9664,-760,10425,0,-25947,-2041,27988,0,0,0,0,1,0
93,47916,-8219,-3008,11227,0,-22066,-8077,30143,0,0,0,0,1,0
94,48437,-6458,-5141,11598,0,-17337,-13802,31140,0,0,0,0,1,0
95,48958,-4448,-7076,11524,0,-11942,-18997,30940,0,0,0,0,1,0
96,49479,-2268,-8739,11006,0,-6088,-23462,29551,0,0,0,0,1,0
97,50000,0,-10066,10066,0,0,-27026,27026,0,0,0,0,1,0
98,50520,2268,-11006,8739,0,6088,-29551,23462,0,0,0,0,1,0
99,51041,4448,-11524,7076,0,11942,-30940,18997,0,0,0,0,1,0
100,51562,6458,-11598,5141,0,17337,-31140,13802,0,0,0,0,1,0
101,52083,8219,-11227,3008,0,22066,-30143,8077,0,0,0,0,1,0
102,52604,9664,-10425,760,0,25947,-27988,2041,0,0,0,0,1,0
103,53125,10739,-9221,-1517,0,28831,-24758,-4073,0,0,0,0,1,0
104,53645,11400,-7664,-3736,0,30607,-20576,-10031,0,0,0,0,1,0
105,54166,11623,-5812,-5812,0,31207,-15603,-15603,0,0,0,0,1,0
106,54687,11400,-3736,-7664,0,30607,-10031,-20576,0,0,0,0,1,0
107,55208,10739,-1517,-9221,0,28831,-4073,-24758,0,0,0,0,1,0
108,55729,9664,760,-10425,0,25947,2041,-27988,0,0,0,0,1,0
109,56250,8219,3008,-11227,0,22066,8077,-30143,0,0,0,0,1,0
110,56770,6458,5141,-11598,0,17337,13802,-31140,0,0,0,0,1,0
111,57291,4448,7076,-11524,0,11942,18997,-30940,0,0,0,0,1,0
112,57812,2268,8739,-11006,0,6088,23462,-29551,0,0,0,0,1,0
113,58333,0,10066,-10066,0,0,27026,-27026,0,0,0,0,1,0
114,58854,-2268,11006,-8739,0,-6088,29551,-23462,0,0,0,0,1,0
115,59375,-4448,11524,-7076,0,-11942,30940,-18997,0,0,0,0,1,0
116,59895,-6458,11598,-5141,0,-17337,31140,-13802,0,0,0,0,1,0
117,60416,-8219,11227,-3008,0,-22066,30143,-8077,0,0,0,0,1,0
118,60937,-9664,10425,-760,0,-25947,27988,-2041,0,0,0,0,1,0
119,61458,-10739,9221,1517,0,-28831,24758,4073,0,0,0,0,1,0
120,61979,-11400,7664,3736,0,-30607,20576,10031,0,0,0,0,1,0
121,62500,-11623,5812,5812,0,-31207,15603,15603,0,0,0,0,1,0
122,63020,-11400,3736,7664,0,-30607,10031,20576,0,0,0,0,1,0
123,63541,-10739,1517,9221,0,-28831,4073,24758,0,0,0,0,1,0
124,64062,-9664,-760,10425,0,-25947,-2041,27988,0,0,0,0,1,0
125,64583,-8219,-3008,11227,0,-22066,-8077,30143,0,0,0,0,1,0
126,65104,-6458,-5141,11598,0,-17337,-13802,31140,0,0,0,0,1,0
127,65625,-4448,-7076,11524,0,-11942,-18997,30940,0,0,0,0,1,0
128,66145,-2268,-8739,11006,0,-6088,-23462,29551,0,0,0,0,1,0
129,66666,0,-10066,10066,0,0,-27026,27026,0,0,0,0,1,0
130,67187,2268,-11006,8739,0,6088,-29551,23462,0,0,0,0,1,0
131,67708,4448,-11524,7076,0,11942,-30940,18997,0,0,0,0,1,0
132,68229,6458,-11598,5141,0,17337,-31140,13802,0,0,0,0,1,0
133,68750,8219,-11227,3008,0,22066,-30143,8077,0,0,0,0,1,0
134,69270,9664,-10425,760,0,25947,-27988,2041,0,0,0,0,1,0
135,69791,10739,-9221,-1517,0,28831,-24758,-4073,0,0,0,0,1,0
136,70312,11400,-7664,-3736,0,30607,-20576,-10031,0,0,0,0,1,0
137,70833,11623,-5812,-5812,0,31207,-15603,-15603,0,0,0,0,1,0
138,71354,11400,-3736,-7664,0,30607,-10031,-20576,0,0,0,0,1,0
139,71875,10739,-1517,-9221,0,28831,-4073,-24758,0,0,0,0,1,0
140,72395,9664,760,-10425,0,25947,2041,-27988,0,0,0,0,1,0
141,72916,8219,3008,-11227,0,22066,8077,-30143,0,0,0,0,1,0
142,73437,6458,5141,-11598,0,17337,13802,-31140,0,0,0,0,1,0
143,73958,4448,7076,-11524,0,11942,18997,-30940,0,0,0,0,1,0
144,74479,2268,8739,-11006,0,6088,23462,-29551,0,0,0,0,1,0
145,75000,0,10066,-10066,0,0,27026,-27026,0,0,0,0,1,0
146,75520,-2268,11006,-8739,0,-6088,29551,-23462,0,0,0,0,1,0
147,76041,-4448,11524,-7076,0,-11942,30940,-18997,0,0,0,0,1,0
148,76562,-6458,11598,-5141,0,-17337,31140,-13802,0,0,0,0,1,0
149,77083,-8219,11227,-3008,0,-22066,30143,-8077,0,0,0,0,1,0
150,77604,-9664,10425,-760,0,-25947,27988,-2041,0,0,0,0,1,0
151,78125,-10739,9221,1517,0,-28831,24758,4073,0,0,0,0,1,0
152,78645,-11400,7664,3736,0,-30607,20576,10031,0,0,0,0,1,0
153,79166,-11623,5812,5812,0,-31207,15603,15603,0,0,0,0,1,0
154,79687,-11400,3736,7664,0,-30607,10031,20576,0,0,0,0,1,0
155,80208,-10739,1517,9221,0,-28831,4073,24758,0,0,0,0,1,0
156,80729,-9664,-760,10425,0,-25947,-2041,27988,0,0,0,0,1,0
157,81250,-8219,-3008,11227,0,-22066,-8077,30143,0,0,0,0,1,0
158,81770,-6458,-5141,11598,0,-17337,-13802,31140,0,0,0,0,1,0
159,82291,-4448,-7076,11524,0,-11942,-18997,30940,0,0,0,0,1,0
160,82812,-2268,-8739,11006,0,-6088,-23462,29551,0,0,0,0,1,0
161,83333,0,-10066,10066,0,0,-27026,27026,0,0,0,0,1,0
162,83854,2268,-11006,8739,0,6088,-29551,23462,0,0,0,0,1,0
163,84375,4448,-11524,7076,0,11942,-30940,18997,0,0,0,0,1,0
164,84895,6458,-11598,5141,0,17337,-31140,13802,0,0,0,0,1,0
165,85416,8219,-11227,3008,0,22066,-30143,8077,0,0,0,0,1,0
166,85937,9664,-10425,760,0,25947,-27988,2041,0,0,0,0,1,0
167,86458,10739,-9221,-1517,0,28831,-24758,-4073,0,0,0,0,1,0
168,86979,11400,-7664,-3736,0,30607,-20576,-10031,0,0,0,0,1,0
169,87500,11623,-5812,-5812,0,31207,-15603,-15603,0,0,0,0,1,0
170,88020,11400,-3736,-7664,0,30607,-10031,-20576,0,0,0,0,1,0
171,88541,10739,-1517,-9221,0,28831,-4073,-24758,0,0,0,0,1,0
172,89062,9664,760,-10425,0,25947,2041,-27988,0,0,0,0,1,0
173,89583,8219,3008,-11227,0,22066,8077,-30143,0,0,0,0,1,0
174,90104,6458,5141,-11598,0,17337,13802,-31140,0,0,0,0,1,0
175,90625,4448,7076,-11524,0,11942,18997,-30940,0,0,0,0,1,0
176,91145,2268,8739,-11006,0,6088,23462,-29551,0,0,0,0,1,0
177,91666,0,10066,-10066,0,0,27026,-27026,0,0,0,0,1,0
178,92187,-2268,11006,-8739,0,-6088,29551,-23462,0,0,0,0,1,0
179,92708,-4448,11524,-7076,0,-11942,30940,-18997,0,0,0,0,1,0
180,93229,-6458,11598,-5141,0,-17337,31140,-13802,0,0,0,0,1,0
181,93750,-8219,11227,-3008,0,-22066,30143,-8077,0,0,0,0,1,0
182,94270,-9664,10425,-760,0,-25947,27988,-2041,0,0,0,0,1,0
183,94791,-10739,9221,1517,0,-28831,24758,4073,0,0,0,0,1,0
184,95312,-11400,7664,3736,0,-30607,20576,10031,0,0,0,0,1,0
185,95833,-11623,5812,5812,0,-31207,15603,15603,0,0,0,0,1,0
186,96354,-11400,3736,7664,0,-30607,10031,20576,0,0,0,0,1,0
187,96875,-10739,1517,9221,0,-28831,4073,24758,0,0,0,0,1,0
188,97395,-9664,-760,10425,0,-25947,-2041,27988,0,0,0,0,1,0
189,97916,-8219,-3008,11227,0,-22066,-8077,30143,0,0,0,0,1,0
190,98437,-6458,-5141,11598,0,-17337,-13802,31140,0,0,0,0,1,0
191,98958,-4448,-7076,11524,0,-11942,-18997,30940,0,0,0,0,1,0
192,99479,-2268,-8739,11006,0,-6088,-23462,29551,0,0,0,0,1,0
193,100000,0,-10066,10066,0,0,-27026,27026,0,0,0,0,1,0
194,100520,2268,-11006,8739,0,6088,-29551,23462,0,0,0,0,1,0
195,101041,4448,-11524,7076,0,11942,-30940,18997,0,0,0,0,1,0
196,101562,6458,-11598,5141,0,17337,-31140,13802,0,0,0,0,1,0
197,102083,8219,-11227,3008,0,22066,-30143,8077,0,0,0,0,1,0
198,102604,9664,-10425,760,0,25947,-27988,2041,0,0,0,0,1,0
199,103125,10739,-9221,-1517,0,28831,-24758,-4073,0,0,0,0,1,0
200,103645,11400,-7664,-3736,0,30607,-20576,-10031,0,0,0,0,1,0
201,104166,11623,-5812,-5812,0,31207,-15603,-15603,0,0,0,0,1,0
202,104687,11400,-3736,-7664,0,30607,-10031,-20576,0,0,0,0,1,0
203,105208,10739,-1517,-9221,0,28831,-4073,-24758,0,0,0,0,1,0
204,105729,9664,760,-10425,0,25947,2041,-27988,0,0,0,0,1,0
205,106250,8219,3008,-11227,0,22066,8077,-30143,0,0,0,0,1,0
206,106770,6458,5141,-11598,0,17337,13802,-31140,0,0,0,0,1,0
207,107291,4448,7076,-11524,0,11942,18997,-30940,0,0,0,0,1,0
208,107812,2268,8739,-11006,0,6088,23462,-29551,0,0,0,0,1,0
209,108333,0,10066,-10066,0,0,27026,-27026,0,0,0,0,1,0
210,108854,-2268,11006,-8739,0,-6088,29551,-23462,0,0,0,0,1,0
211,109375,-4448,11524,-7076,0,-11942,30940,-18997,0,0,0,0,1,0
212,109895,-6458,11598,-5141,0,-17337,31140,-13802,0,0,0,0,1,0
213,110416,-8219,11227,-3008,0,-22066,30143,-8077,0,0,0,0,1,0
214,110937,-9664,10425,-760,0,-25947,27988,-2041,0,0,0,0,1,0
215,111458,-10739,9221,1517,0,-28831,24758,4073,0,0,0,0,1,0
216,111979,-11400,7664,3736,0,-30607,20576,10031,0,0,0,0,1,0
217,112500,-11623,5812,5812,0,-31207,15603,15603,0,0,0,0,1,0
218,113020,-11400,3736,7664,0,-30607,10031,20576,0,0,0,0,1,0
219,113541,-10739,1517,9221,0,-28831,4073,24758,0,0,0,0,1,0
220,114062,-9664,-760,10425,0,-25947,-2041,27988,0,0,0,0,1,0
221,114583,-8219,-3008,11227,0,-22066,-8077,30143,0,0,0,0,1,0
222,115104,-6458,-5141,11598,0,-17337,-13802,31140,0,0,0,0,1,0
223,115625,-4448,-7076,11524,0,-11942,-18997,30940,0,0,0,0,1,0
224,116145,-2268,-8739,11006,0,-6088,-23462,29551,0,0,0,0,1,0
225,116666,0,-10066,10066,0,0,-27026,27026,0,0,0,0,1,0
226,117187,2268,-11006,8739,0,6088,-29551,23462,0,0,0,0,1,0
227,117708,4448,-11524,7076,0,11942,-30940,18997,0,0,0,0,1,0
228,118229,6458,-11598,5141,0,17337,-31140,13802,0,0,0,0,1,0
229,118750,8219,-11227,3008,0,22066,-30143,8077,0,0,0,0,1,0
230,119270,9664,-10425,760,0,25947,-27988,2041,0,0,0,0,1,0
231,119791,10739,-9221,-1517,0,28831,-24758,-4073,0,0,0,0,1,0
232,120312,11400,-7664,-3736,0,30607,-20576,-10031,0,0,0,0,1,0
233,120833,11623,-5812,-5812,0,31207,-15603,-15603,0,0,0,0,1,0
234,121354,11400,-3736,-7664,0,30607,-10031,-20576,0,0,0,0,1,0
235,121875,10739,-1517,-9221,0,28831,-4073,-24758,0,0,0,0,1,0
236,122395,9664,760,-10425,0,25947,2041,-27988,0,0,0,0,1,0
237,122916,8219,3008,-11227,0,22066,8077,-30143,0,0,0,0,1,0
238,123437,6458,5141,-11598,0,17337,13802,-31140,0,0,0,0,1,0
239,123958,4448,7076,-11524,0,11942,18997,-30940,0,0,0,0,1,0
240,124479,2268,8739,-11006,0,6088,23462,-29551,0,0,0,0,1,0
241,125000,0,10066,-10066,0,0,27026,-27026,0,0,0,0,1,0
242,125520,-2268,11006,-8739,0,-6088,29551,-23462,0,0,0,0,1,0
243,126041,-4448,11524,-7076,0,-11942,30940,-18997,0,0,0,0,1,0
244,126562,-6458,11598,-5141,0,-17337,31140,-13802,0,0,0,0,1,0
245,127083,-8219,11227,-3008,0,-22066,30143,-8077,0,0,0,0,1,0
246,127604,-9664,10425,-760,0,-25947,27988,-2041,0,0,0,0,1,0
247,128124,-10739,9221,1517,0,-28831,24758,4073,0,0,0,0,1,0
248,128645,-11400,7664,3736,0,-30607,20576,10031,0,0,0,0,1,0
249,129166,-11623,5812,5812,0,-31207,15603,15603,0,0,0,0,1,0
250,129687,-11400,3736,7664,0,-30607,10031,20576,0,0,0,0,1,0
251,130208,-10739,1517,9221,0,-28831,4073,24758,0,0,0,0,1,0
252,130729,-9664,-760,10425,0,-25947,-2041,27988,0,0,0,0,1,0
253,131250,-8219,-3008,11227,0,-22066,-8077,30143,0,0,0,0,1,0
254,131770,-6458,-5141,11598,0,-17337,-13802,31140,0,0,0,0,1,0
255,132291,-4448,-7076,11524,0,-11942,-18997,30940,0,0,0,0,1,0
256,132812,-2268,-8739,11006,0,-6088,-23462,29551,0,0,0,0,1,0
257,133333,0,-10066,10066,0,0,-27026,27026,0,0,0,0,1,0
258,133854,2268,-11006,8739,0,6088,-29551,23462,0,0,0,0,1,0
259,134375,4448,-11524,7076,0,11942,-30940,18997,0,0,0,0,1,0
260,134895,6458,-11598,5141,0,17337,-31140,13802,0,0,0,0,1,0
261,135416,8219,-11227,3008,0,22066,-30143,8077,0,0,0,0,1,0
262,135937,9664,-10425,760,0,25947,-27988,2041,0,0,0,0,1,0
263,136458,10739,-9221,-1517,0,28831,-24758,-4073,0,0,0,0,1,0
264,136979,11400,-7664,-3736,0,30607,-20576,-10031,0,0,0,0,1,0
265,137500,11623,-5812,-5812,0,31207,-15603,-15603,0,0,0,0,1,0
266,138020,11400,-3736,-7664,0,30607,-10031,-20576,0,0,0,0,1,0
267,138541,10739,-1517,-9221,0,28831,-4073,-24758,0,0,0,0,1,0
268,139062,9664,760,-10425,0,25947,2041,-27988,0,0,0,0,1,0
269,139583,8219,3008,-11227,0,22066,8077,-30143,0,0,0,0,1,0
270,140104,6458,5141,-11598,0,17337,13802,-31140,0,0,0,0,1,0
271,140625,4448,7076,-11524,0,11942,18997,-30940,0,0,0,0,1,0
272,141145,2268,8739,-11006,0,6088,23462,-29551,0,0,0,0,1,0
273,141666,0,10066,-10066,0,0,27026,-27026,0,0,0,0,1,0
274,142187,-2268,11006,-8739,0,-6088,29551,-23462,0,0,0,0,1,0
275,142708,-4448,11524,-7076,0,-11942,30940,-18997,0,0,0,0,1,0
276,143229,-6458,11598,-5141,0,-17337,31140,-13802,0,0,0,0,1,0
277,143750,-8219,11227,-3008,0,-22066,30143,-8077,0,0,0,0,1,0
278,144270,-9664,10425,-760,0,-25947,27988,-2041,0,0,0,0,1,0
279,144791,-10739,9221,1517,0,-28831,24758,4073,0,0,0,0,1,0
280,145312,-11400,7664,3736,0,-30607,20576,10031,0,0,0,0,1,0
281,145833,-11623,5812,5812,0,-31207,15603,15603,0,0,0,0,1,0
282,146354,-11400,3736,7664,0,-30607,10031,20576,0,0,0,0,1,0
283,146875,-10739,1517,9221,0,-28831,4073,24758,0,0,0,0,1,0
284,147395,-9664,-760,10425,0,-25947,-2041,27988,0,0,0,0,1,0
285,147916,-8219,-3008,11227,0,-22066,-8077,30143,0,0,0,0,1,0
286,148437,-6458,-5141,11598,0,-17337,-13802,31140,0,0,0,0,1,0
287,148958,-4448,-7076,11524,0,-11942,-18997,30940,0,0,0,0,1,0
288,149479,-2268,-8739,11006,0,-6088,-23462,29551,0,0,0,0,1,0
289,150000,0,-10066,10066,0,0,-27026,27026,0,0,0,0,1,0
290,150520,2268,-11006,8739,0,6088,-29551,23462,0,0,0,0,1,0
291,151041,4448,-11524,7076,0,11942,-30940,18997,0,0,0,0,1,0
292,151562,6458,-11598,5141,0,17337,-31140,13802,0,0,0,0,1,0
293,152083,8219,-11227,3008,0,22066,-30143,8077,0,0,0,0,1,0
294,152604,9664,-10425,760,0,25947,-27988,2041,0,0,0,0,1,0
295,153125,10739,-9221,-1517,0,28831,-24758,-4073,0,0,0,0,1,0
296,153645,11400,-7664,-3736,0,30607,-20576,-10031,0,0,0,0,1,0
297,154166,11623,-5812,-5812,0,31207,-15603,-15603,0,0,0,0,1,0
298,154687,11400,-3736,-7664,0,30607,-10031,-20576,0,0,0,0,1,0
299,155208,10739,-1517,-9221,0,28831,-4073,-24758,0,0,0,0,1,0
300,155729,9664,760,-10425,0,25947,2041,-27988,0,0,0,0,1,0
301,156250,8219,3008,-11227,0,22066,8077,-30143,0,0,0,0,1,0
302,156770,6458,5141,-11598,0,17337,13802,-31140,0,0,0,0,1,0
303,157291,4448,7076,-11524,0,11942,18997,-30940,0,0,0,0,1,0
304,157812,2268,8739,-11006,0,6088,23462,-29551,0,0,0,0,1,0
305,158333,0,10066,-10066,0,0,27026,-27026,0,0,0,0,1,0
306,158854,-2268,11006,-8739,0,-6088,29551,-23462,0,0,0,0,1,0
307,159375,-4448,11524,-7076,0,-11942,30940,-18997,0,0,0,0,1,0
308,159895,-6458,11598,-5141,0,-17337,31140,-13802,0,0,0,0,1,0
309,160416,-8219,11227,-3008,0,-22066,30143,-8077,0,0,0,0,1,0
310,160937,-9664,10425,-760,0,-25947,27988,-2041,0,0,0,0,1,0
311,161458,-10739,9221,1517,0,-28831,24758,4073,0,0,0,0,1,0
312,161979,-11400,7664,3736,0,-30607,20576,10031,0,0,0,0,1,0
313,162500,-11623,5812,5812,0,-31207,15603,15603,0,0,0,0,1,0
314,163020,-11400,3736,7664,0,-30607,10031,20576,0,0,0,0,1,0
315,163541,-10739,1517,9221,0,-28831,4073,24758,0,0,0,0,1,0
316,164062,-9664,-760,10425,0,-25947,-2041,27988,0,0,0,0,1,0
317,164583,-22094,-8087,30182,0,-22066,-8077,30143,0,0,0,0,1,0
318,165104,-17358,-13818,31176,0,-17337,-13802,31140,0,0,0,0,1,0
319,165625,-11955,-19017,30972,0,-11942,-18997,30940,0,0,0,0,1,0
320,166145,-6094,-23485,29579,0,-6088,-23462,29551,0,0,0,0,1,0
321,166666,0,-27049,27049,0,0,-27026,27026,0,0,0,0,1,0
322,167187,6093,-29572,23480,0,6088,-29551,23462,0,0,0,0,1,0
323,167708,11950,-30959,19009,0,11942,-30940,18997,0,0,0,0,1,0
324,168229,17347,-31156,13810,0,17337,-31140,13802,0,0,0,0,1,0
325,168750,22076,-30156,8080,0,22066,-30143,8077,0,0,0,0,1,0
326,169270,25956,-27997,2042,0,25947,-27988,2041,0,0,0,0,1,0
327,169791,28837,-24763,-4074,0,28831,-24758,-4073,0,0,0,0,1,0
328,170312,30610,-20578,-10032,0,30607,-20576,-10031,0,0,0,0,1,0
329,170833,31207,-15603,-15603,0,31207,-15603,-15603,0,0,0,0,1,0
330,171354,30604,-10030,-20574,0,30607,-10031,-20576,0,0,0,0,1,0
331,171875,28825,-4072,-24753,0,28831,-4073,-24758,0,0,0,0,1,0
332,172395,25939,2040,-27980,0,25947,2041,-27988,0,0,0,0,1,0
333,172916,22057,8073,-30131,0,22066,8077,-30143,0,0,0,0,1,0
334,173437,17328,13795,-31123,0,17337,13802,-31140,0,0,0,0,1,0
335,173958,11935,18985,-30920,0,11942,18997,-30940,0,0,0,0,1,0
336,174479,6084,23445,-29529,0,6088,23462,-29551,0,0,0,0,1,0
337,175000,0,27003,-27003,0,0,27026,-27026,0,0,0,0,1,0
338,175520,-6082,29522,-23440,0,-6088,29551,-23462,0,0,0,0,1,0
339,176041,-11930,30907,-18977,0,-11942,30940,-18997,0,0,0,0,1,0
340,176562,-17317,31104,-13786,0,-17337,31140,-13802,0,0,0,0,1,0
341,177083,-22039,30105,-8067,0,-22066,30143,-8077,0,0,0,0,1,0
342,177604,-25912,27950,-2038,0,-25947,27988,-2041,0,0,0,0,1,0
343,178125,-28789,24721,4067,0,-28831,24758,4073,0,0,0,0,1,0
344,178645,-30559,20543,10015,0,-30607,20576,10031,0,0,0,0,1,0
345,179166,-31154,15577,15577,0,-31207,15603,15603,0,0,0,0,1,0
346,179687,-30552,10013,20539,0,-30607,10031,20576,0,0,0,0,1,0
347,180208,-28777,4066,24711,0,-28831,4073,24758,0,0,0,0,1,0
348,180729,-25895,-2037,27932,0,-25947,-2041,27988,0,0,0,0,1,0
349,181250,-22020,-8060,30080,0,-22066,-8077,30143,0,0,0,0,1,0
350,181770,-17299,-13772,31071,0,-17337,-13802,31140,0,0,0,0,1,0
351,182291,-11915,-18953,30868,0,-11942,-18997,30940,0,0,0,0,1,0
352,182812,-6073,-23406,29479,0,-6088,-23462,29551,0,0,0,0,1,0
353,183333,0,-26958,26958,0,0,-27026,27026,0,0,0,0,1,0
354,183854,6072,-29473,23401,0,6088,-29551,23462,0,0,0,0,1,0
355,184375,11910,-30855,18945,0,11942,-30940,18997,0,0,0,0,1,0
356,184895,17288,-31051,13763,0,17337,-31140,13802,0,0,0,0,1,0
357,185416,22001,-30055,8053,0,22066,-30143,8077,0,0,0,0,1,0
358,185937,25868,-27903,2035,0,25947,-27988,2041,0,0,0,0,1,0
359,186458,28740,-24680,-4060,0,28831,-24758,-4073,0,0,0,0,1,0
360,186979,30507,-20509,-9998,0,30607,-20576,-10031,0,0,0,0,1,0
361,187500,31102,-15551,-15551,0,31207,-15603,-15603,0,0,0,0,1,0
362,188020,30501,-9996,-20505,0,30607,-10031,-20576,0,0,0,0,1,0
363,188541,28728,-4059,-24669,0,28831,-4073,-24758,0,0,0,0,1,0
364,189062,25852,2034,-27885,0,25947,2041,-27988,0,0,0,0,1,0
365,189583,21983,8046,-30029,0,22066,8077,-30143,0,0,0,0,1,0
366,190104,17270,13749,-31019,0,17337,13802,-31140,0,0,0,0,1,0
367,190625,11895,18922,-30816,0,11942,18997,-30940,0,0,0,0,1,0
368,191145,6063,23366,-29429,0,6088,23462,-29551,0,0,0,0,1,0
369,191666,0,26912,-26912,0,0,27026,-27026,0,0,0,0,1,0
370,192187,-6062,29423,-23361,0,-6088,29551,-23462,0,0,0,0,1,0
371,192708,-11890,30803,-18914,0,-11942,30940,-18997,0,0,0,0,1,0
372,193229,-17259,30999,-13740,0,-17337,31140,-13802,0,0,0,0,1,0
373,193750,-21965,30004,-8040,0,-22066,30143,-8077,0,0,0,0,1,0
374,194270,-25825,27856,-2031,0,-25947,27988,-2041,0,0,0,0,1,0
375,194791,-28692,24638,4054,0,-28831,24758,4073,0,0,0,0,1,0
376,195312,-30456,20475,9982,0,-30607,20576,10031,0,0,0,0,1,0
377,195833,-31049,15525,15525,0,-31207,15603,15603,0,0,0,0,1,0
378,196354,-30450,9979,20470,0,-30607,10031,20576,0,0,0,0,1,0
379,196875,-28680,4052,24628,0,-28831,4073,24758,0,0,0,0,1,0
380,197395,-25809,-2030,27839,0,-25947,-2041,27988,0,0,0,0,1,0
381,197916,-21946,-8033,29979,0,-22066,-8077,30143,0,0,0,0,1,0
382,198437,-17241,-13726,30967,0,-17337,-13802,31140,0,0,0,0,1,0
383,198958,-11875,-18890,30765,0,-11942,-18997,30940,0,0,0,0,1,0
384,199479,-6053,-23327,29380,0,-6088,-23462,29551,0,0,0,0,1,0
385,200000,0,-26867,26867,0,0,-27026,27026,0,0,0,0,1,0
386,200520,6052,-29374,23322,0,6088,-29551,23462,0,0,0,0,1,0
387,201041,11870,-30752,18882,0,11942,-30940,18997,0,0,0,0,1,0
388,201562,17230,-30947,13717,0,17337,-31140,13802,0,0,0,0,1,0
389,202083,21928,-29954,8026,0,22066,-30143,8077,0,0,0,0,1,0
390,202604,25782,-27810,2028,0,25947,-27988,2041,0,0,0,0,1,0
391,203125,28644,-24597,-4047,0,28831,-24758,-4073,0,0,0,0,1,0
392,203645,30405,-20440,-9965,0,30607,-20576,-10031,0,0,0,0,1,0
393,204166,30998,-15499,-15499,0,31207,-15603,-15603,0,0,0,0,1,0
394,204687,30399,-9963,-20436,0,30607,-10031,-20576,0,0,0,0,1,0
395,205208,28632,-4045,-24587,0,28831,-4073,-24758,0,0,0,0,1,0
396,205729,25765,2027,-27792,0,25947,2041,-27988,0,0,0,0,1,0
397,206250,21909,8019,-29929,0,22066,8077,-30143,0,0,0,0,1,0
398,206770,17212,13703,-30915,0,17337,13802,-31140,0,0,0,0,1,0
399,207291,11855,18858,-30713,0,11942,18997,-30940,0,0,0,0,1,0
400,207812,6043,23288,-29331,0,6088,23462,-29551,0,0,0,0,1,0
401,208333,0,26822,-26822,0,0,27026,-27026,0,0,0,0,1,0
402,208854,-6042,29325,-23283,0,-6088,29551,-23462,0,0,0,0,1,0
403,209375,-11850,30700,-18850,0,-11942,30940,-18997,0,0,0,0,1,0
404,209895,-17202,30896,-13694,0,-17337,31140,-13802,0,0,0,0,1,0
405,210416,-21891,29904,-8013,0,-22066,30143,-8077,0,0,0,0,1,0
406,210937,-25738,27763,-2025,0,-25947,27988,-2041,0,0,0,0,1,0
407,211458,-28596,24556,4040,0,-28831,24758,4073,0,0,0,0,1,0
408,211979,-30354,20406,9948,0,-30607,20576,10031,0,0,0,0,1,0
409,212500,-30946,15473,15473,0,-31207,15603,15603,0,0,0,0,1,0
410,213020,-30348,9946,20402,0,-30607,10031,20576,0,0,0,0,1,0
411,213541,-28584,4038,24546,0,-28831,4073,24758,0,0,0,0,1,0
412,214062,-25722,-2023,27746,0,-25947,-2041,27988,0,0,0,0,1,0
413,214583,-21873,-8006,29879,0,-22066,-8077,30143,0,0,0,0,1,0
414,215104,-17184,-13680,30863,0,-17337,-13802,31140,0,0,0,0,1,0
415,215625,-11835,-18827,30662,0,-11942,-18997,30940,0,0,0,0,1,0
416,216145,-6033,-23249,29282,0,-6088,-23462,29551,0,0,0,0,1,0
417,216666,0,-26777,26777,0,0,-27026,27026,0,0,0,0,1,0
418,217187,6032,-29276,23244,0,6088,-29551,23462,0,0,0,0,1,0
419,217708,11830,-30649,18819,0,11942,-30940,18997,0,0,0,0,1,0
420,218229,17173,-30844,13671,0,17337,-31140,13802,0,0,0,0,1,0
421,218750,21855,-29854,7999,0,22066,-30143,8077,0,0,0,0,1,0
422,219270,25696,-27717,2021,0,25947,-27988,2041,0,0,0,0,1,0
423,219791,28548,-24515,-4033,0,28831,-24758,-4073,0,0,0,0,1,0
424,220312,30304,-20372,-9932,0,30607,-20576,-10031,0,0,0,0,1,0
425,220833,30894,-15447,-15447,0,31207,-15603,-15603,0,0,0,0,1,0
426,221354,30297,-9930,-20368,0,30607,-10031,-20576,0,0,0,0,1,0
427,221875,28537,-4032,-24505,0,28831,-4073,-24758,0,0,0,0,1,0
428,222395,25680,2020,-27699,0,25947,2041,-27988,0,0,0,0,1,0
429,222916,21836,7993,-29829,0,22066,8077,-30143,0,0,0,0,1,0
430,223437,17155,13657,-30812,0,17337,13802,-31140,0,0,0,0,1,0
431,223958,11815,18795,-30611,0,11942,18997,-30940,0,0,0,0,1,0
432,224479,6023,23211,-29233,0,6088,23462,-29551,0,0,0,0,1,0
433,225000,0,26733,-26733,0,0,27026,-27026,0,0,0,0,1,0
434,225520,-6022,29227,-23206,0,-6088,29551,-23462,0,0,0,0,1,0
435,226041,-11810,30598,-18788,0,-11942,30940,-18997,0,0,0,0,1,0
436,226562,-17144,30793,-13648,0,-17337,31140,-13802,0,0,0,0,1,0
437,227083,-21818,29804,-7986,0,-22066,30143,-8077,0,0,0,0,1,0
438,227604,-25653,27671,-2018,0,-25947,27988,-2041,0,0,0,0,1,0
439,228125,-28501,24474,4027,0,-28831,24758,4073,0,0,0,0,1,0
440,228645,-30253,20338,9915,0,-30607,20576,10031,0,0,0,0,1,0
441,229166,-30843,15421,15421,0,-31207,15603,15603,0,0,0,0,1,0
442,229687,-30247,9913,20334,0,-30607,10031,20576,0,0,0,0,1,0
443,230208,-28489,4025,24464,0,-28831,4073,24758,0,0,0,0,1,0
444,230729,-25637,-2017,27653,0,-25947,-2041,27988,0,0,0,0,1,0
445,231250,-21800,-7979,29779,0,-22066,-8077,30143,0,0,0,0,1,0
446,231770,-17126,-13634,30761,0,-17337,-13802,31140,0,0,0,0,1,0
447,232291,-11796,-18764,30560,0,-11942,-18997,30940,0,0,0,0,1,0
448,232812,-6013,-23172,29185,0,-6088,-23462,29551,0,0,0,0,1,0
449,233333,0,-26688,26688,0,0,-27026,27026,0,0,0,0,1,0
450,233854,6012,-29179,23167,0,6088,-29551,23462,0,0,0,0,1,0
451,234375,11791,-30547,18756,0,11942,-30940,18997,0,0,0,0,1,0
452,234895,17116,-30742,13626,0,17337,-31140,13802,0,0,0,0,1,0
453,235416,21782,-29755,7973,0,22066,-30143,8077,0,0,0,0,1,0
454,235937,25610,-27625,2014,0,25947,-27988,2041,0,0,0,0,1,0
455,236458,28454,-24434,-4020,0,28831,-24758,-4073,0,0,0,0,1,0
456,236979,30203,-20304,-9899,0,30607,-20576,-10031,0,0,0,0,1,0
457,237500,30792,-15396,-15396,0,31207,-15603,-15603,0,0,0,0,1,0
458,238020,30197,-9897,-20300,0,30607,-10031,-20576,0,0,0,0,1,0
459,238541,28442,-4018,-24424,0,28831,-4073,-24758,0,0,0,0,1,0
460,239062,25594,2013,-27608,0,25947,2041,-27988,0,0,0,0,1,0
461,239583,21764,7966,-29730,0,22066,8077,-30143,0,0,0,0,1,0
462,240104,17098,13612,-30710,0,17337,13802,-31140,0,0,0,0,1,0
463,240625,11776,18733,-30509,0,11942,18997,-30940,0,0,0,0,1,0
464,241145,6003,23134,-29136,0,6088,23462,-29551,0,0,0,0,1,0
465,241666,0,26644,-26644,0,0,27026,-27026,0,0,0,0,1,0
466,242187,-6002,29130,-23129,0,-6088,29551,-23462,0,0,0,0,1,0
467,242708,-11771,30497,-18725,0,-11942,30940,-18997,0,0,0,0,1,0
468,243229,-17087,30691,-13603,0,-17337,31140,-13802,0,0,0,0,1,0
469,243750,-21746,29705,-7960,0,-22066,30143,-8077,0,0,0,0,1,0
470,244270,-25568,27579,-2011,0,-25947,27988,-2041,0,0,0,0,1,0
471,244791,-28406,24393,4013,0,-28831,24758,4073,0,0,0,0,1,0
472,245312,-30153,20271,9882,0,-30607,20576,10031,0,0,0,0,1,0
473,245833,-30741,15370,15370,0,-31207,15603,15603,0,0,0,0,1,0
474,246354,-30147,9880,20267,0,-30607,10031,20576,0,0,0,0,1,0
475,246875,-28395,4012,24383,0,-28831,4073,24758,0,0,0,0,1,0
476,247395,-25552,-2010,27562,0,-25947,-2041,27988,0,0,0,0,1,0
477,247916,-21728,-7953,29681,0,-22066,-8077,30143,0,0,0,0,1,0
478,248437,-17070,-13589,30659,0,-17337,-13802,31140,0,0,0,0,1,0
479,248958,-11757,-18702,30459,0,-11942,-18997,30940,0,0,0,0,1,0
480,249479,-5993,-23095,29088,0,-6088,-23462,29551,0,0,0,0,1,0
481,250000,0,-26600,26600,0,0,-27026,27026,0,0,0,0,1,0
482,250520,5992,-29082,23091,0,6088,-29551,23462,0,0,0,0,1,0
483,251041,11752,-30446,18694,0,11942,-30940,18997,0,0,0,0,1,0
484,251562,17059,-30640,13581,0,17337,-31140,13802,0,0,0,0,1,0
485,252083,21710,-29656,7946,0,22066,-30143,8077,0,0,0,0,1,0
486,252604,25526,-27533,2008,0,25947,-27988,2041,0,0,0,0,1,0
487,253125,28360,-24353,-4007,0,28831,-24758,-4073,0,0,0,0,1,0
488,253645,30103,-20237,-9866,0,30607,-20576,-10031,0,0,0,0,1,0
489,254166,30690,-15345,-15345,0,31207,-15603,-15603,0,0,0,0,1,0
490,254687,30097,-9864,-20233,0,30607,-10031,-20576,0,0,0,0,1,0
491,255208,28348,-4005,-24343,0,28831,-4073,-24758,0,0,0,0,1,0
492,255729,25510,2007,-27516,0,25947,2041,-27988,0,0,0,0,1,0
493,256249,21692,7940,-29632,0,22066,8077,-30143,0,0,0,0,1,0
494,256770,17042,13567,-30608,0,17337,13802,-31140,0,0,0,0,1,0
495,257291,11737,18671,-30408,0,11942,18997,-30940,0,0,0,0,1,0
496,257812,5983,23057,-29040,0,6088,23462,-29551,0,0,0,0,1,0
497,258333,0,26556,-26556,0,0,27026,-27026,0,0,0,0,1,0
498,258854,-5982,29034,-23052,0,-6088,29551,-23462,0,0,0,0,1,0
499,259375,-11732,30396,-18664,0,-11942,30940,-18997,0,0,0,0,1,0
500,259895,-17031,30589,-13558,0,-17337,31140,-13802,0,0,0,0,1,0
501,260416,-21674,29607,-7933,0,-22066,30143,-8077,0,0,0,0,1,0
502,260937,-25483,27488,-2005,0,-25947,27988,-2041,0,0,0,0,1,0
503,261458,-28313,24313,4000,0,-28831,24758,4073,0,0,0,0,1,0
504,261979,-30054,20204,9850,0,-30607,20576,10031,0,0,0,0,1,0
505,262500,-30639,15320,15320,0,-31207,15603,15603,0,0,0,0,1,0
506,263020,-30047,9848,20200,0,-30607,10031,20576,0,0,0,0,1,0
507,263541,-28301,3998,24303,0,-28831,4073,24758,0,0,0,0,1,0
508,264062,-25468,-2003,27471,0,-25947,-2041,27988,0,0,0,0,1,0
509,264583,-21656,-7927,29583,0,-22066,-8077,30143,0,0,0,0,1,0
510,265104,-17013,-13544,30558,0,-17337,-13802,31140,0,0,0,0,1,0
511,265625,-11718,-18640,30358,0,-11942,-18997,30940,0,0,0,0,1,0
512,266145,-5973,-23019,28992,0,-6088,-23462,29551,0,0,0,0,1,0
513,266666,0,-26512,26512,0,0,-27026,27026,0,0,0,0,1,0
514,267187,5972,-28986,23014,0,6088,-29551,23462,0,0,0,0,1,0
515,267708,11713,-30346,18633,0,11942,-30940,18997,0,0,0,0,1,0
516,268229,17003,-30539,13536,0,17337,-31140,13802,0,0,0,0,1,0
517,268750,21638,-29559,7920,0,22066,-30143,8077,0,0,0,0,1,0
518,269270,25442,-27443,2001,0,25947,-27988,2041,0,0,0,0,1,0
519,269791,28266,-24273,-3993,0,28831,-24758,-4073,0,0,0,0,1,0
520,270312,30004,-20171,-9833,0,30607,-20576,-10031,0,0,0,0,1,0
521,270833,30589,-15294,-15294,0,31207,-15603,-15603,0,0,0,0,1,0
522,271354,29998,-9831,-20167,0,30607,-10031,-20576,0,0,0,0,1,0
523,271875,28255,-3992,-24263,0,28831,-4073,-24758,0,0,0,0,1,0
524,272395,25426,2000,-27426,0,25947,2041,-27988,0,0,0,0,1,0
525,272916,21621,7914,-29534,0,22066,8077,-30143,0,0,0,0,1,0
526,273437,16986,13522,-30508,0,17337,13802,-31140,0,0,0,0,1,0
527,273958,11699,18610,-30308,0,11942,18997,-30940,0,0,0,0,1,0
528,274479,5963,22981,-28945,0,6088,23462,-29551,0,0,0,0,1,0
529,275000,0,26469,-26469,0,0,27026,-27026,0,0,0,0,1,0
530,275520,-5962,28939,-22977,0,-6088,29551,-23462,0,0,0,0,1,0
531,276041,-11694,30296,-18602,0,-11942,30940,-18997,0,0,0,0,1,0
532,276562,-16975,30489,-13514,0,-17337,31140,-13802,0,0,0,0,1,0
533,277083,-21603,29510,-7907,0,-22066,30143,-8077,0,0,0,0,1,0
534,277604,-25400,27398,-1998,0,-25947,27988,-2041,0,0,0,0,1,0
535,278125,-28220,24233,3987,0,-28831,24758,4073,0,0,0,0,1,0
536,278645,-29955,20138,9817,0,-30607,20576,10031,0,0,0,0,1,0
537,279166,-30539,15269,15269,0,-31207,15603,15603,0,0,0,0,1,0
538,279687,-29949,9815,20133,0,-30607,10031,20576,0,0,0,0,1,0
539,280208,-28208,3985,24223,0,-28831,4073,24758,0,0,0,0,1,0
540,280729,-25384,-1997,27381,0,-25947,-2041,27988,0,0,0,0,1,0
541,281250,-21585,-7901,29486,0,-22066,-8077,30143,0,0,0,0,1,0
542,281770,-16958,-13500,30458,0,-17337,-13802,31140,0,0,0,0,1,0
543,282291,-11679,-18579,30259,0,-11942,-18997,30940,0,0,0,0,1,0
544,282812,-5954,-22944,28897,0,-6088,-23462,29551,0,0,0,0,1,0
545,283333,0,-26426,26426,0,0,-27026,27026,0,0,0,0,1,0
546,283854,5952,-28891,22939,0,6088,-29551,23462,0,0,0,0,1,0
547,284375,11675,-30246,18572,0,11942,-30940,18997,0,0,0,0,1,0
548,284895,16947,-30439,13492,0,17337,-31140,13802,0,0,0,0,1,0
549,285416,21568,-29462,7894,0,22066,-30143,8077,0,0,0,0,1,0
550,285937,25358,-27353,1995,0,25947,-27988,2041,0,0,0,0,1,0
551,286458,28174,-24193,-3980,0,28831,-24758,-4073,0,0,0,0,1,0
552,286979,29906,-20105,-9801,0,30607,-20576,-10031,0,0,0,0,1,0
553,287500,30489,-15244,-15244,0,31207,-15603,-15603,0,0,0,0,1,0
554,288020,29900,-9799,-20100,0,30607,-10031,-20576,0,0,0,0,1,0
555,288541,28162,-3979,-24183,0,28831,-4073,-24758,0,0,0,0,1,0
556,289062,25343,1993,-27336,0,25947,2041,-27988,0,0,0,0,1,0
557,289583,21550,7888,-29438,0,22066,8077,-30143,0,0,0,0,1,0
558,290104,16930,13478,-30408,0,17337,13802,-31140,0,0,0,0,1,0
559,290625,11660,18549,-30209,0,11942,18997,-30940,0,0,0,0,1,0
560,291145,5944,22906,-28850,0,6088,23462,-29551,0,0,0,0,1,0
561,291666,0,26382,-26382,0,0,27026,-27026,0,0,0,0,1,0
562,292187,-5943,28844,-22901,0,-6088,29551,-23462,0,0,0,0,1,0
563,292708,-11656,30197,-18541,0,-11942,30940,-18997,0,0,0,0,1,0
564,293229,-16920,30389,-13470,0,-17337,31140,-13802,0,0,0,0,1,0
565,293750,-21532,29414,-7881,0,-22066,30143,-8077,0,0,0,0,1,0
566,294270,-25317,27308,-1991,0,-25947,27988,-2041,0,0,0,0,1,0
567,294791,-28128,24154,3974,0,-28831,24758,4073,0,0,0,0,1,0
568,295312,-29857,20072,9785,0,-30607,20576,10031,0,0,0,0,1,0
569,295833,-30439,15219,15219,0,-31207,15603,15603,0,0,0,0,1,0
570,296354,-29851,9783,20068,0,-30607,10031,20576,0,0,0,0,1,0
571,296875,-28116,3972,24144,0,-28831,4073,24758,0,0,0,0,1,0
572,297395,-25301,-1990,27291,0,-25947,-2041,27988,0,0,0,0,1,0
573,297916,-21515,-7875,29390,0,-22066,-8077,30143,0,0,0,0,1,0
574,298437,-16902,-13456,30358,0,-17337,-13802,31140,0,0,0,0,1,0
575,298958,-11641,-18519,30160,0,-11942,-18997,30940,0,0,0,0,1,0
576,299479,-5934,-22869,28803,0,-6088,-23462,29551,0,0,0,0,1,0
577,300000,0,-26339,26339,0,0,-27026,27026,0,0,0,0,1,0
578,300520,5933,-28797,22864,0,6088,-29551,23462,0,0,0,0,1,0
579,301041,11637,-30148,18511,0,11942,-30940,18997,0,0,0,0,1,0
580,301562,16892,-30340,13448,0,17337,-31140,13802,0,0,0,0,1,0
581,302083,21497,-29366,7869,0,22066,-30143,8077,0,0,0,0,1,0
582,302604,25275,-27264,1988,0,25947,-27988,2041,0,0,0,0,1,0
583,303125,28082,-24114,-3967,0,28831,-24758,-4073,0,0,0,0,1,0
584,303645,29808,-20039,-9769,0,30607,-20576,-10031,0,0,0,0,1,0
585,304166,30389,-15195,-15195,0,31207,-15603,-15603,0,0,0,0,1,0
586,304687,29802,-9767,-20035,0,30607,-10031,-20576,0,0,0,0,1,0
587,305208,28070,-3966,-24104,0,28831,-4073,-24758,0,0,0,0,1,0
588,305729,25260,1987,-27247,0,25947,2041,-27988,0,0,0,0,1,0
589,306250,21480,7862,-29342,0,22066,8077,-30143,0,0,0,0,1,0
590,306770,16875,13434,-30309,0,17337,13802,-31140,0,0,0,0,1,0
591,307291,11622,18488,-30111,0,11942,18997,-30940,0,0,0,0,1,0
592,307812,5924,22832,-28756,0,6088,23462,-29551,0,0,0,0,1,0
593,308333,0,26296,-26296,0,0,27026,-27026,0,0,0,0,1,0
594,308854,-5923,28750,-22827,0,-6088,29551,-23462,0,0,0,0,1,0
595,309375,-11618,30099,-18481,0,-11942,30940,-18997,0,0,0,0,1,0
596,309895,-16864,30290,-13426,0,-17337,31140,-13802,0,0,0,0,1,0
597,310416,-21462,29318,-7856,0,-22066,30143,-8077,0,0,0,0,1,0
598,310937,-25234,27219,-1985,0,-25947,27988,-2041,0,0,0,0,1,0
599,311458,-28036,24075,3961,0,-28831,24758,4073,0,0,0,0,1,0
600,311979,-29760,20006,9753,0,-30607,20576,10031,0,0,0,0,1,0
601,312500,-30340,15170,15170,0,-31207,15603,15603,0,0,0,0,1,0
602,313020,-29754,9751,20002,0,-30607,10031,20576,0,0,0,0,1,0
603,313541,-28025,3959,24065,0,-28831,4073,24758,0,0,0,0,1,0
604,314062,-25219,-1984,27203,0,-25947,-2041,27988,0,0,0,0,1,0
605,314583,-21445,-7849,29294,0,-22066,-8077,30143,0,0,0,0,1,0
606,315104,-16847,-13412,30259,0,-17337,-13802,31140,0,0,0,0,1,0
607,315625,-11603,-18458,30062,0,-11942,-18997,30940,0,0,0,0,1,0
608,316145,-5915,-22794,28709,0,-6088,-23462,29551,0,0,0,0,1,0
609,316666,0,-26254,26254,0,0,-27026,27026,0,0,0,0,1,0
610,317187,5914,-28703,22790,0,6088,-29551,23462,0,0,0,0,1,0
611,317708,11599,-30050,18451,0,11942,-30940,18997,0,0,0,0,1,0
612,318229,16837,-30241,13404,0,17337,-31140,13802,0,0,0,0,1,0
613,318750,21427,-29270,7843,0,22066,-30143,8077,0,0,0,0,1,0
614,319270,25193,-27175,1982,0,25947,-27988,2041,0,0,0,0,1,0
615,319791,27990,-24036,-3955,0,28831,-24758,-4073,0,0,0,0,1,0
616,320312,29712,-19974,-9738,0,30607,-20576,-10031,0,0,0,0,1,0
617,320833,30291,-15145,-15145,0,31207,-15603,-15603,0,0,0,0,1,0
618,321354,29705,-9736,-19970,0,30607,-10031,-20576,0,0,0,0,1,0
619,321875,27979,-3953,-24026,0,28831,-4073,-24758,0,0,0,0,1,0
620,322395,25178,1980,-27158,0,25947,2041,-27988,0,0,0,0,1,0
621,322916,21410,7837,-29247,0,22066,8077,-30143,0,0,0,0,1,0
622,323437,16820,13390,-30210,0,17337,13802,-31140,0,0,0,0,1,0
623,323958,11585,18428,-30013,0,11942,18997,-30940,0,0,0,0,1,0
624,324479,5905,22757,-28663,0,6088,23462,-29551,0,0,0,0,1,0
625,325000,0,26211,-26211,0,0,27026,-27026,0,0,0,0,1,0
626,325520,-5904,28657,-22753,0,-6088,29551,-23462,0,0,0,0,1,0
627,326041,-11580,30001,-18421,0,-11942,30940,-18997,0,0,0,0,1,0
628,326562,-16810,30192,-13382,0,-17337,31140,-13802,0,0,0,0,1,0
629,327083,-21393,29223,-7830,0,-22066,30143,-8077,0,0,0,0,1,0
630,327604,-25153,27131,-1978,0,-25947,27988,-2041,0,0,0,0,1,0
631,328125,-27945,23997,3948,0,-28831,24758,4073,0,0,0,0,1,0
632,328645,-29663,19942,9722,0,-30607,20576,10031,0,0,0,0,1,0
633,329166,-30241,15121,15121,0,-31207,15603,15603,0,0,0,0,1,0
634,329687,-29657,9720,19938,0,-30607,10031,20576,0,0,0,0,1,0
635,330208,-27934,3947,23987,0,-28831,4073,24758,0,0,0,0,1,0
636,330729,-25137,-1977,27115,0,-25947,-2041,27988,0,0,0,0,1,0
637,331250,-21375,-7824,29199,0,-22066,-8077,30143,0,0,0,0,1,0
638,331770,-16793,-13369,30161,0,-17337,-13802,31140,0,0,0,0,1,0
639,332291,-11566,-18399,29965,0,-11942,-18997,30940,0,0,0,0,1,0
640,332812,-5896,-22721,28616,0,-6088,-23462,29551,0,0,0,0,1,0
641,333333,0,-26169,26169,0,0,-27026,27026,0,0,0,0,1,0
642,333854,5894,-28611,22716,0,6088,-29551,23462,0,0,0,0,1,0
643,334375,11561,-29952,18391,0,11942,-30940,18997,0,0,0,0,1,0
644,334895,16783,-30143,13361,0,17337,-31140,13802,0,0,0,0,1,0
645,335416,21358,-29176,7818,0,22066,-30143,8077,0,0,0,0,1,0
646,335937,25112,-27087,1975,0,25947,-27988,2041,0,0,0,0,1,0
647,336458,27900,-23958,-3942,0,28831,-24758,-4073,0,0,0,0,1,0
648,336979,29615,-19909,-9706,0,30607,-20576,-10031,0,0,0,0,1,0
649,337500,30193,-15096,-15096,0,31207,-15603,-15603,0,0,0,0,1,0
650,338020,29610,-9704,-19905,0,30607,-10031,-20576,0,0,0,0,1,0
651,338541,27889,-3940,-23949,0,28831,-4073,-24758,0,0,0,0,1,0
652,339062,25097,1974,-27071,0,25947,2041,-27988,0,0,0,0,1,0
653,339583,21341,7811,-29152,0,22066,8077,-30143,0,0,0,0,1,0
654,340104,16766,13347,-30113,0,17337,13802,-31140,0,0,0,0,1,0
655,340625,11547,18369,-29916,0,11942,18997,-30940,0,0,0,0,1,0
656,341145,5886,22684,-28570,0,6088,23462,-29551,0,0,0,0,1,0
657,341666,0,26127,-26127,0,0,27026,-27026,0,0,0,0,1,0
658,342187,-5885,28564,-22679,0,-6088,29551,-23462,0,0,0,0,1,0
659,342708,-11543,29904,-18362,0,-11942,30940,-18997,0,0,0,0,1,0
660,343229,-16756,30095,-13339,0,-17337,31140,-13802,0,0,0,0,1,0
661,343750,-21324,29129,-7805,0,-22066,30143,-8077,0,0,0,0,1,0
662,344270,-25071,27043,-1972,0,-25947,27988,-2041,0,0,0,0,1,0
663,344791,-27855,23920,3935,0,-28831,24758,4073,0,0,0,0,1,0
664,345312,-29568,19877,9690,0,-30607,20576,10031,0,0,0,0,1,0
665,345833,-30144,15072,15072,0,-31207,15603,15603,0,0,0,0,1,0
666,346354,-29562,9688,19873,0,-30607,10031,20576,0,0,0,0,1,0
667,346875,-27844,3934,23910,0,-28831,4073,24758,0,0,0,0,1,0
668,347395,-25056,-1971,27027,0,-25947,-2041,27988,0,0,0,0,1,0
669,347916,-21306,-7799,29105,0,-22066,-8077,30143,0,0,0,0,1,0
670,348437,-16739,-13326,30064,0,-17337,-13802,31140,0,0,0,0,1,0
671,348958,-11529,-18339,29868,0,-11942,-18997,30940,0,0,0,0,1,0
672,349479,-5877,-22647,28524,0,-6088,-23462,29551,0,0,0,0,1,0
673,350000,0,-26084,26084,0,0,-27026,27026,0,0,0,0,1,0
674,350520,5875,-28518,22643,0,6088,-29551,23462,0,0,0,0,1,0
675,351041,11524,-29856,18332,0,11942,-30940,18997,0,0,0,0,1,0
676,351562,16729,-30046,13318,0,17337,-31140,13802,0,0,0,0,1,0
677,352083,21289,-29082,7792,0,22066,-30143,8077,0,0,0,0,1,0
678,352604,25031,-27000,1969,0,25947,-27988,2041,0,0,0,0,1,0
679,353125,27810,-23881,-3929,0,28831,-24758,-4073,0,0,0,0,1,0
680,353645,29520,-19845,-9675,0,30607,-20576,-10031,0,0,0,0,1,0
681,354166,30096,-15048,-15048,0,31207,-15603,-15603,0,0,0,0,1,0
682,354687,29514,-9673,-19841,0,30607,-10031,-20576,0,0,0,0,1,0
683,355208,27799,-3927,-23872,0,28831,-4073,-24758,0,0,0,0,1,0
684,355729,25016,1968,-26984,0,25947,2041,-27988,0,0,0,0,1,0
685,356250,21272,7786,-29058,0,22066,8077,-30143,0,0,0,0,1,0
686,356770,16712,13304,-30016,0,17337,13802,-31140,0,0,0,0,1,0
687,357291,11510,18310,-29820,0,11942,18997,-30940,0,0,0,0,1,0
688,357812,5867,22611,-28478,0,6088,23462,-29551,0,0,0,0,1,0
689,358333,0,26043,-26043,0,0,27026,-27026,0,0,0,0,1,0
690,358854,-5866,28473,-22607,0,-6088,29551,-23462,0,0,0,0,1,0
691,359375,-11505,29808,-18303,0,-11942,30940,-18997,0,0,0,0,1,0
692,359895,-16702,29998,-13296,0,-17337,31140,-13802,0,0,0,0,1,0
693,360416,-21255,29035,-7780,0,-22066,30143,-8077,0,0,0,0,1,0
694,360937,-24991,26957,-1966,0,-25947,27988,-2041,0,0,0,0,1,0
695,361458,-27766,23843,3923,0,-28831,24758,4073,0,0,0,0,1,0
696,361979,-29473,19813,9659,0,-30607,20576,10031,0,0,0,0,1,0
697,362500,-30047,15024,15024,0,-31207,15603,15603,0,0,0,0,1,0
698,363020,-29467,9657,19810,0,-30607,10031,20576,0,0,0,0,1,0
699,363541,-27754,3921,23833,0,-28831,4073,24758,0,0,0,0,1,0
700,364062,-24976,-1965,26940,0,-25947,-2041,27988,0,0,0,0,1,0
701,364583,-21238,-7774,29012,0,-22066,-8077,30143,0,0,0,0,1,0
702,365104,-16685,-13283,29968,0,-17337,-13802,31140,0,0,0,0,1,0
703,365625,-11492,-18281,29772,0,-11942,-18997,30940,0,0,0,0,1,0
704,366145,-5858,-22575,28433,0,-6088,-23462,29551,0,0,0,0,1,0
705,366666,0,-26001,26001,0,0,-27026,27026,0,0,0,0,1,0
706,367187,5857,-28427,22570,0,6088,-29551,23462,0,0,0,0,1,0
707,367708,11487,-29760,18273,0,11942,-30940,18997,0,0,0,0,1,0
708,368229,16675,-29950,13275,0,17337,-31140,13802,0,0,0,0,1,0
709,368750,21221,-28989,7767,0,22066,-30143,8077,0,0,0,0,1,0
710,369270,24951,-26913,1963,0,25947,-27988,2041,0,0,0,0,1,0
711,369791,27721,-23805,-3916,0,28831,-24758,-4073,0,0,0,0,1,0
712,370312,29426,-19782,-9644,0,30607,-20576,-10031,0,0,0,0,1,0
713,370833,29999,-15000,-15000,0,31207,-15603,-15603,0,0,0,0,1,0
714,371354,29420,-9642,-19778,0,30607,-10031,-20576,0,0,0,0,1,0
715,371875,27710,-3915,-23795,0,28831,-4073,-24758,0,0,0,0,1,0
716,372395,24936,1961,-26897,0,25947,2041,-27988,0,0,0,0,1,0
717,372916,21204,7761,-28965,0,22066,8077,-30143,0,0,0,0,1,0
718,373437,16658,13262,-29920,0,17337,13802,-31140,0,0,0,0,1,0
719,373958,11473,18251,-29725,0,11942,18997,-30940,0,0,0,0,1,0
720,374479,5848,22539,-28387,0,6088,23462,-29551,0,0,0,0,1,0
721,375000,0,25959,-25959,0,0,27026,-27026,0,0,0,0,1,0
722,375520,-5847,28382,-22534,0,-6088,29551,-23462,0,0,0,0,1,0
723,376041,-11469,29713,-18244,0,-11942,30940,-18997,0,0,0,0,1,0
724,376562,-16648,29902,-13254,0,-17337,31140,-13802,0,0,0,0,1,0
725,377083,-21187,28942,-7755,0,-22066,30143,-8077,0,0,0,0,1,0
726,377604,-24911,26870,-1959,0,-25947,27988,-2041,0,0,0,0,1,0
727,378125,-27677,23767,3910,0,-28831,24758,4073,0,0,0,0,1,0
728,378645,-29379,19750,9628,0,-30607,20576,10031,0,0,0,0,1,0
729,379166,-29951,14976,14976,0,-31207,15603,15603,0,0,0,0,1,0
730,379687,-29373,9627,19746,0,-30607,10031,20576,0,0,0,0,1,0
731,380208,-27666,3909,23757,0,-28831,4073,24758,0,0,0,0,1,0
732,380729,-24896,-1958,26854,0,-25947,-2041,27988,0,0,0,0,1,0
733,381250,-21170,-7749,28919,0,-22066,-8077,30143,0,0,0,0,1,0
734,381770,-16632,-13240,29872,0,-17337,-13802,31140,0,0,0,0,1,0
735,382291,-11455,-18222,29677,0,-11942,-18997,30940,0,0,0,0,1,0
736,382812,-5839,-22503,28342,0,-6088,-23462,29551,0,0,0,0,1,0
737,383333,0,-25918,25918,0,0,-27026,27026,0,0,0,0,1,0
738,383854,5838,-28336,22498,0,6088,-29551,23462,0,0,0,0,1,0
739,384375,11450,-29665,18215,0,11942,-30940,18997,0,0,0,0,1,0
740,384895,16622,-29854,13233,0,17337,-31140,13802,0,0,0,0,1,0
741,385416,21153,-28896,7743,0,22066,-30143,8077,0,0,0,0,1,0
742,385937,24871,-26828,1956,0,25947,-27988,2041,0,0,0,0,1,0
743,386458,27633,-23729,-3904,0,28831,-24758,-4073,0,0,0,0,1,0
744,386979,29332,-19719,-9613,0,30607,-20576,-10031,0,0,0,0,1,0
745,387500,29903,-14952,-14952,0,31207,-15603,-15603,0,0,0,0,1,0
746,388020,29326,-9611,-19715,0,30607,-10031,-20576,0,0,0,0,1,0
747,388541,27622,-3902,-23719,0,28831,-4073,-24758,0,0,0,0,1,0
748,389062,24856,1955,-26812,0,25947,2041,-27988,0,0,0,0,1,0
749,389583,21137,7737,-28873,0,22066,8077,-30143,0,0,0,0,1,0
750,390104,16605,13219,-29825,0,17337,13802,-31140,0,0,0,0,1,0
751,390625,11437,18193,-29630,0,11942,18997,-30940,0,0,0,0,1,0
752,391145,5830,22467,-28297,0,6088,23462,-29551,0,0,0,0,1,0
753,391666,0,25877,-25877,0,0,27026,-27026,0,0,0,0,1,0
754,392187,-5829,28291,-22463,0,-6088,29551,-23462,0,0,0,0,1,0
755,392708,-11432,29618,-18186,0,-11942,30940,-18997,0,0,0,0,1,0
756,393229,-16595,29807,-13212,0,-17337,31140,-13802,0,0,0,0,1,0
757,393750,-21120,28850,-7730,0,-22066,30143,-8077,0,0,0,0,1,0
758,394270,-24832,26785,-1953,0,-25947,27988,-2041,0,0,0,0,1,0
759,394791,-27589,23691,3898,0,-28831,24758,4073,0,0,0,0,1,0
760,395312,-29285,19687,9598,0,-30607,20576,10031,0,0,0,0,1,0
761,395833,-29856,14928,14928,0,-31207,15603,15603,0,0,0,0,1,0
762,396354,-29279,9596,19683,0,-30607,10031,20576,0,0,0,0,1,0
763,396875,-27578,3896,23682,0,-28831,4073,24758,0,0,0,0,1,0
764,397395,-24817,-1952,26769,0,-25947,-2041,27988,0,0,0,0,1,0
765,397916,-21103,-7724,28827,0,-22066,-8077,30143,0,0,0,0,1,0
766,398437,-16579,-13198,29777,0,-17337,-13802,31140,0,0,0,0,1,0
767,398958,-11419,-18164,29583,0,-11942,-18997,30940,0,0,0,0,1,0
768,399479,-5821,-22431,28252,0,-6088,-23462,29551,0,0,0,0,1,0
769,400000,0,-25835,25835,0,0,-27026,27026,0,0,0,0,1,0
770,400520,5819,-28246,22427,0,6088,-29551,23462,0,0,0,0,1,0
771,401041,11414,-29571,18157,0,11942,-30940,18997,0,0,0,0,1,0
772,401562,16569,-29760,13191,0,17337,-31140,13802,0,0,0,0,1,0
773,402083,21086,-28804,7718,0,22066,-30143,8077,0,0,0,0,1,0
774,402604,24792,-26742,1950,0,25947,-27988,2041,0,0,0,0,1,0
775,403125,27545,-23653,-3892,0,28831,-24758,-4073,0,0,0,0,1,0
776,403645,29239,-19656,-9583,0,30607,-20576,-10031,0,0,0,0,1,0
777,404166,29809,-14904,-14904,0,31207,-15603,-15603,0,0,0,0,1,0
778,404687,29233,-9581,-19652,0,30607,-10031,-20576,0,0,0,0,1,0
779,405208,27534,-3890,-23644,0,28831,-4073,-24758,0,0,0,0,1,0
780,405729,24778,1949,-26727,0,25947,2041,-27988,0,0,0,0,1,0
781,406250,21069,7712,-28781,0,22066,8077,-30143,0,0,0,0,1,0
782,406770,16553,13177,-29730,0,17337,13802,-31140,0,0,0,0,1,0
783,407291,11400,18136,-29536,0,11942,18997,-30940,0,0,0,0,1,0
784,407812,5811,22396,-28207,0,6088,23462,-29551,0,0,0,0,1,0
785,408333,0,25795,-25795,0,0,27026,-27026,0,0,0,0,1,0
786,408854,-5810,28201,-22391,0,-6088,29551,-23462,0,0,0,0,1,0
787,409375,-11396,29524,-18128,0,-11942,30940,-18997,0,0,0,0,1,0
788,409895,-16543,29712,-13170,0,-17337,31140,-13802,0,0,0,0,1,0
789,410416,-21053,28759,-7706,0,-22066,30143,-8077,0,0,0,0,1,0
790,410937,-24753,26700,-1947,0,-25947,27988,-2041,0,0,0,0,1,0
791,411458,-27501,23616,3885,0,-28831,24758,4073,0,0,0,0,1,0
792,411979,-29192,19625,9567,0,-30607,20576,10031,0,0,0,0,1,0
793,412500,-29761,14881,14881,0,-31207,15603,15603,0,0,0,0,1,0
794,413020,-29187,9566,19621,0,-30607,10031,20576,0,0,0,0,1,0
795,413541,-27491,3884,23607,0,-28831,4073,24758,0,0,0,0,1,0
796,414062,-24738,-1946,26684,0,-25947,-2041,27988,0,0,0,0,1,0
797,414583,-21036,-7700,28736,0,-22066,-8077,30143,0,0,0,0,1,0
798,415104,-16526,-13157,29683,0,-17337,-13802,31140,0,0,0,0,1,0
799,415625,-11382,-18107,29489,0,-11942,-18997,30940,0,0,0,0,1,0
800,416145,-5802,-22360,28162,0,-6088,-23462,29551,0,0,0,0,1,0
801,416666,0,-25754,25754,0,0,-27026,27026,0,0,0,0,1,0
802,417187,5801,-28157,22356,0,6088,-29551,23462,0,0,0,0,1,0
803,417708,11378,-29478,18100,0,11942,-30940,18997,0,0,0,0,1,0
804,418229,16517,-29665,13149,0,17337,-31140,13802,0,0,0,0,1,0
805,418750,21020,-28713,7694,0,22066,-30143,8077,0,0,0,0,1,0
806,419270,24714,-26658,1944,0,25947,-27988,2041,0,0,0,0,1,0
807,419791,27458,-23579,-3879,0,28831,-24758,-4073,0,0,0,0,1,0
808,420312,29146,-19594,-9552,0,30607,-20576,-10031,0,0,0,0,1,0
809,420833,29714,-14857,-14857,0,31207,-15603,-15603,0,0,0,0,1,0
810,421354,29141,-9550,-19590,0,30607,-10031,-20576,0,0,0,0,1,0
811,421875,27447,-3878,-23569,0,28831,-4073,-24758,0,0,0,0,1,0
812,422395,24699,1943,-26642,0,25947,2041,-27988,0,0,0,0,1,0
813,422916,21003,7688,-28691,0,22066,8077,-30143,0,0,0,0,1,0
814,423437,16500,13136,-29636,0,17337,13802,-31140,0,0,0,0,1,0
815,423958,11364,18078,-29443,0,11942,18997,-30940,0,0,0,0,1,0
816,424479,5793,22325,-28118,0,6088,23462,-29551,0,0,0,0,1,0
817,425000,0,25713,-25713,0,0,27026,-27026,0,0,0,0,1,0
818,425520,-5792,28113,-22321,0,-6088,29551,-23462,0,0,0,0,1,0
819,426041,-11360,29431,-18071,0,-11942,30940,-18997,0,0,0,0,1,0
820,426562,-16491,29619,-13128,0,-17337,31140,-13802,0,0,0,0,1,0
821,427083,-20986,28668,-7682,0,-22066,30143,-8077,0,0,0,0,1,0
822,427604,-24675,26616,-1941,0,-25947,27988,-2041,0,0,0,0,1,0
823,428125,-27415,23542,3873,0,-28831,24758,4073,0,0,0,0,1,0
824,428645,-29100,19563,9537,0,-30607,20576,10031,0,0,0,0,1,0
825,429166,-29668,14834,14834,0,-31207,15603,15603,0,0,0,0,1,0
826,429687,-29095,9535,19559,0,-30607,10031,20576,0,0,0,0,1,0
827,430208,-27404,3872,23532,0,-28831,4073,24758,0,0,0,0,1,0
828,430729,-24660,-1940,26600,0,-25947,-2041,27988,0,0,0,0,1,0
829,431250,-20970,-7676,28645,0,-22066,-8077,30143,0,0,0,0,1,0
830,431770,-16474,-13115,29590,0,-17337,-13802,31140,0,0,0,0,1,0
831,432291,-11347,-18050,29396,0,-11942,-18997,30940,0,0,0,0,1,0
832,432812,-5784,-22290,28074,0,-6088,-23462,29551,0,0,0,0,1,0
833,433333,0,-25673,25673,0,0,-27026,27026,0,0,0,0,1,0
834,433854,5783,-28068,22286,0,6088,-29551,23462,0,0,0,0,1,0
835,434375,11342,-29385,18043,0,11942,-30940,18997,0,0,0,0,1,0
836,434895,16465,-29572,13107,0,17337,-31140,13802,0,0,0,0,1,0
837,435416,20953,-28623,7669,0,22066,-30143,8077,0,0,0,0,1,0
838,435937,24636,-26574,1938,0,25947,-27988,2041,0,0,0,0,1,0
839,436458,27372,-23505,-3867,0,28831,-24758,-4073,0,0,0,0,1,0
840,436979,29055,-19532,-9522,0,30607,-20576,-10031,0,0,0,0,1,0
841,437500,29621,-14810,-14810,0,31207,-15603,-15603,0,0,0,0,1,0
842,438020,29049,-9520,-19529,0,30607,-10031,-20576,0,0,0,0,1,0
843,438541,27361,-3866,-23495,0,28831,-4073,-24758,0,0,0,0,1,0
844,439062,24622,1937,-26558,0,25947,2041,-27988,0,0,0,0,1,0
845,439583,20937,7663,-28600,0,22066,8077,-30143,0,0,0,0,1,0
846,440104,16448,13095,-29543,0,17337,13802,-31140,0,0,0,0,1,0
847,440625,11329,18021,-29350,0,11942,18997,-30940,0,0,0,0,1,0
848,441145,5775,22255,-28030,0,6088,23462,-29551,0,0,0,0,1,0
849,441666,0,25632,-25632,0,0,27026,-27026,0,0,0,0,1,0
850,442187,-5774,28024,-22251,0,-6088,29551,-23462,0,0,0,0,1,0
851,442708,-11324,29339,-18014,0,-11942,30940,-18997,0,0,0,0,1,0
852,443229,-16439,29526,-13087,0,-17337,31140,-13802,0,0,0,0,1,0
853,443750,-20921,28578,-7657,0,-22066,30143,-8077,0,0,0,0,1,0
854,444270,-24598,26532,-1935,0,-25947,27988,-2041,0,0,0,0,1,0
855,444791,-27329,23468,3861,0,-28831,24758,4073,0,0,0,0,1,0
856,445312,-29009,19502,9507,0,-30607,20576,10031,0,0,0,0,1,0
857,445833,-29575,14787,14787,0,-31207,15603,15603,0,0,0,0,1,0
858,446354,-29003,9505,19498,0,-30607,10031,20576,0,0,0,0,1,0
859,446875,-27318,3859,23458,0,-28831,4073,24758,0,0,0,0,1,0
860,447395,-24583,-1934,26517,0,-25947,-2041,27988,0,0,0,0,1,0
861,447916,-20904,-7651,28556,0,-22066,-8077,30143,0,0,0,0,1,0
862,448437,-16423,-13074,29497,0,-17337,-13802,31140,0,0,0,0,1,0
863,448958,-11311,-17993,29304,0,-11942,-18997,30940,0,0,0,0,1,0
864,449479,-5766,-22220,27986,0,-6088,-23462,29551,0,0,0,0,1,0
865,450000,0,-25592,25592,0,0,-27026,27026,0,0,0,0,1,0
866,450520,5765,-27980,22216,0,6088,-29551,23462,0,0,0,0,1,0
867,451041,11307,-29293,17986,0,11942,-30940,18997,0,0,0,0,1,0
868,451562,16413,-29479,13066,0,17337,-31140,13802,0,0,0,0,1,0
869,452083,20888,-28533,7645,0,22066,-30143,8077,0,0,0,0,1,0
870,452604,24559,-26491,1932,0,25947,-27988,2041,0,0,0,0,1,0
871,453125,27286,-23431,-3855,0,28831,-24758,-4073,0,0,0,0,1,0
872,453645,28964,-19471,-9492,0,30607,-20576,-10031,0,0,0,0,1,0
873,454166,29528,-14764,-14764,0,31207,-15603,-15603,0,0,0,0,1,0
874,454687,28958,-9491,-19467,0,30607,-10031,-20576,0,0,0,0,1,0
875,455208,27275,-3853,-23422,0,28831,-4073,-24758,0,0,0,0,1,0
876,455729,24545,1931,-26475,0,25947,2041,-27988,0,0,0,0,1,0
877,456250,20871,7639,-28511,0,22066,8077,-30143,0,0,0,0,1,0
878,456770,16397,13054,-29451,0,17337,13802,-31140,0,0,0,0,1,0
879,457291,11293,17965,-29258,0,11942,18997,-30940,0,0,0,0,1,0
880,457812,5757,22185,-27942,0,6088,23462,-29551,0,0,0,0,1,0
881,458333,0,25552,-25552,0,0,27026,-27026,0,0,0,0,1,0
882,458854,-5756,27937,-22181,0,-6088,29551,-23462,0,0,0,0,1,0
883,459375,-11289,29247,-17958,0,-11942,30940,-18997,0,0,0,0,1,0
884,459895,-16387,29433,-13046,0,-17337,31140,-13802,0,0,0,0,1,0
885,460416,-20855,28489,-7634,0,-22066,30143,-8077,0,0,0,0,1,0
886,460937,-24521,26450,-1929,0,-25947,27988,-2041,0,0,0,0,1,0
887,461458,-27243,23394,3849,0,-28831,24758,4073,0,0,0,0,1,0
888,461979,-28919,19441,9478,0,-30607,20576,10031,0,0,0,0,1,0
889,462500,-29482,14741,14741,0,-31207,15603,15603,0,0,0,0,1,0
890,463020,-28913,9476,19437,0,-30607,10031,20576,0,0,0,0,1,0
891,463541,-27233,3847,23385,0,-28831,4073,24758,0,0,0,0,1,0
892,464062,-24506,-1928,26434,0,-25947,-2041,27988,0,0,0,0,1,0
893,464583,-20839,-7628,28466,0,-22066,-8077,30143,0,0,0,0,1,0
894,465104,-16371,-13033,29405,0,-17337,-13802,31140,0,0,0,0,1,0
895,465625,-11276,-17937,29213,0,-11942,-18997,30940,0,0,0,0,1,0
896,466145,-5748,-22151,27899,0,-6088,-23462,29551,0,0,0,0,1,0
897,466666,0,-25512,25512,0,0,-27026,27026,0,0,0,0,1,0
898,467187,5747,-27893,22146,0,6088,-29551,23462,0,0,0,0,1,0
899,467708,11271,-29201,17930,0,11942,-30940,18997,0,0,0,0,1,0
900,468229,16362,-29388,13026,0,17337,-31140,13802,0,0,0,0,1,0
901,468750,20823,-28444,7622,0,22066,-30143,8077,0,0,0,0,1,0
902,469270,24483,-26408,1926,0,25947,-27988,2041,0,0,0,0,1,0
903,469791,27201,-23358,-3843,0,28831,-24758,-4073,0,0,0,0,1,0
904,470312,28873,-19411,-9463,0,30607,-20576,-10031,0,0,0,0,1,0
905,470833,29436,-14718,-14718,0,31207,-15603,-15603,0,0,0,0,1,0
906,471354,28868,-9461,-19407,0,30607,-10031,-20576,0,0,0,0,1,0
907,471875,27190,-3841,-23349,0,28831,-4073,-24758,0,0,0,0,1,0
908,472395,24468,1925,-26393,0,25947,2041,-27988,0,0,0,0,1,0
909,472916,20806,7616,-28422,0,22066,8077,-30143,0,0,0,0,1,0
910,473437,16346,13013,-29359,0,17337,13802,-31140,0,0,0,0,1,0
911,473958,11258,17909,-29167,0,11942,18997,-30940,0,0,0,0,1,0
912,474479,5739,22116,-27855,0,6088,23462,-29551,0,0,0,0,1,0
913,475000,0,25473,-25473,0,0,27026,-27026,0,0,0,0,1,0
914,475520,-5738,27850,-22112,0,-6088,29551,-23462,0,0,0,0,1,0
915,476041,-11254,29156,-17902,0,-11942,30940,-18997,0,0,0,0,1,0
916,476562,-16336,29342,-13005,0,-17337,31140,-13802,0,0,0,0,1,0
917,477083,-20790,28400,-7610,0,-22066,30143,-8077,0,0,0,0,1,0
918,477604,-24444,26367,-1923,0,-25947,27988,-2041,0,0,0,0,1,0
919,478125,-27159,23322,3837,0,-28831,24758,4073,0,0,0,0,1,0
920,478645,-28829,19380,9448,0,-30607,20576,10031,0,0,0,0,1,0
921,479166,-29391,14695,14695,0,-31207,15603,15603,0,0,0,0,1,0
922,479687,-28823,9446,19377,0,-30607,10031,20576,0,0,0,0,1,0
923,480208,-27148,3835,23313,0,-28831,4073,24758,0,0,0,0,1,0
924,480729,-24430,-1922,26352,0,-25947,-2041,27988,0,0,0,0,1,0
925,481250,-20774,-7604,28378,0,-22066,-8077,30143,0,0,0,0,1,0
926,481770,-16321,-12993,29313,0,-17337,-13802,31140,0,0,0,0,1,0
927,482291,-11241,-17881,29122,0,-11942,-18997,30940,0,0,0,0,1,0
928,482812,-5730,-22082,27812,0,-6088,-23462,29551,0,0,0,0,1,0
929,483333,0,-25433,25433,0,0,-27026,27026,0,0,0,0,1,0
930,483854,5729,-27807,22078,0,6088,-29551,23462,0,0,0,0,1,0
931,484375,11236,-29111,17874,0,11942,-30940,18997,0,0,0,0,1,0
932,484895,16311,-29296,12985,0,17337,-31140,13802,0,0,0,0,1,0
933,485416,20758,-28356,7598,0,22066,-30143,8077,0,0,0,0,1,0
934,485937,24407,-26326,1920,0,25947,-27988,2041,0,0,0,0,1,0
935,486458,27116,-23285,-3831,0,28831,-24758,-4073,0,0,0,0,1,0
936,486979,28784,-19350,-9434,0,30607,-20576,-10031,0,0,0,0,1,0
937,487500,29345,-14672,-14672,0,31207,-15603,-15603,0,0,0,0,1,0
938,488020,28778,-9432,-19347,0,30607,-10031,-20576,0,0,0,0,1,0
939,488541,27106,-3830,-23276,0,28831,-4073,-24758,0,0,0,0,1,0
940,489062,24392,1919,-26311,0,25947,2041,-27988,0,0,0,0,1,0
941,489583,20742,7592,-28334,0,22066,8077,-30143,0,0,0,0,1,0
942,490104,16295,12973,-29268,0,17337,13802,-31140,0,0,0,0,1,0
943,490625,11223,17854,-29077,0,11942,18997,-30940,0,0,0,0,1,0
944,491145,5721,22048,-27769,0,6088,23462,-29551,0,0,0,0,1,0
945,491666,0,25394,-25394,0,0,27026,-27026,0,0,0,0,1,0
946,492187,-5720,27763,-22044,0,-6088,29551,-23462,0,0,0,0,1,0
947,492708,-11219,29066,-17847,0,-11942,30940,-18997,0,0,0,0,1,0
948,493229,-16286,29251,-12965,0,-17337,31140,-13802,0,0,0,0,1,0
949,493750,-20726,28312,-7586,0,-22066,30143,-8077,0,0,0,0,1,0
950,494270,-24369,26286,-1917,0,-25947,27988,-2041,0,0,0,0,1,0
951,494791,-27075,23249,3825,0,-28831,24758,4073,0,0,0,0,1,0
952,495312,-28739,19320,9419,0,-30607,20576,10031,0,0,0,0,1,0
953,495833,-29300,14650,14650,0,-31207,15603,15603,0,0,0,0,1,0
954,496354,-28734,9417,19317,0,-30607,10031,20576,0,0,0,0,1,0
955,496875,-27064,3824,23240,0,-28831,4073,24758,0,0,0,0,1,0
956,497395,-24355,-1916,26270,0,-25947,-2041,27988,0,0,0,0,1,0
957,497916,-20710,-7580,28290,0,-22066,-8077,30143,0,0,0,0,1,0
958,498437,-16270,-12953,29223,0,-17337,-13802,31140,0,0,0,0,1,0
959,498958,-11206,-17826,29032,0,-11942,-18997,30940,0,0,0,0,1,0
960,499479,-5712,-22014,27726,0,-6088,-23462,29551,0,0,0,0,1,0
961,500000,0,-25355,25355,0,0,-27026,27026,0,0,0,0,1,0
962,500520,5711,-27721,22009,0,6088,-29551,23462,0,0,0,0,1,0
963,501041,11202,-29021,17819,0,11942,-30940,18997,0,0,0,0,1,0
964,501562,16261,-29206,12945,0,17337,-31140,13802,0,0,0,0,1,0
965,502083,20694,-28268,7575,0,22066,-30143,8077,0,0,0,0,1,0
966,502604,24331,-26245,1914,0,25947,-27988,2041,0,0,0,0,1,0
967,503125,27033,-23214,-3819,0,28831,-24758,-4073,0,0,0,0,1,0
968,503645,28695,-19291,-9404,0,30607,-20576,-10031,0,0,0,0,1,0
969,504166,29254,-14627,-14627,0,31207,-15603,-15603,0,0,0,0,1,0
970,504687,28690,-9403,-19287,0,30607,-10031,-20576,0,0,0,0,1,0
971,505208,27022,-3818,-23205,0,28831,-4073,-24758,0,0,0,0,1,0
972,505729,24317,1913,-26230,0,25947,2041,-27988,0,0,0,0,1,0
973,506250,20678,7569,-28247,0,22066,8077,-30143,0,0,0,0,1,0
974,506770,16245,12933,-29178,0,17337,13802,-31140,0,0,0,0,1,0
975,507291,11189,17799,-28987,0,11942,18997,-30940,0,0,0,0,1,0
976,507812,5703,21980,-27683,0,6088,23462,-29551,0,0,0,0,1,0
977,508333,0,25316,-25316,0,0,27026,-27026,0,0,0,0,1,0
978,508854,-5702,27678,-21976,0,-6088,29551,-23462,0,0,0,0,1,0
979,509375,-11184,28976,-17792,0,-11942,30940,-18997,0,0,0,0,1,0
980,509895,-16236,29161,-12925,0,-17337,31140,-13802,0,0,0,0,1,0
981,510416,-20662,28225,-7563,0,-22066,30143,-8077,0,0,0,0,1,0
982,510937,-24294,26205,-1911,0,-25947,27988,-2041,0,0,0,0,1,0
983,511458,-26991,23178,3813,0,-28831,24758,4073,0,0,0,0,1,0
984,511979,-28651,19261,9390,0,-30607,20576,10031,0,0,0,0,1,0
985,512499,-29209,14605,14605,0,-31207,15603,15603,0,0,0,0,1,0
986,513020,-28645,9388,19257,0,-30607,10031,20576,0,0,0,0,1,0
987,513541,-26981,3812,23169,0,-28831,4073,24758,0,0,0,0,1,0
988,514062,-24280,-1910,26190,0,-25947,-2041,27988,0,0,0,0,1,0
989,514583,-20646,-7557,28203,0,-22066,-8077,30143,0,0,0,0,1,0
990,515104,-16220,-12913,29133,0,-17337,-13802,31140,0,0,0,0,1,0
991,515625,-11172,-17771,28943,0,-11942,-18997,30940,0,0,0,0,1,0
992,516145,-5695,-21946,27641,0,-6088,-23462,29551,0,0,0,0,1,0
993,516666,0,-25277,25277,0,0,-27026,27026,0,0,0,0,1,0
994,517187,5694,-27635,21942,0,6088,-29551,23462,0,0,0,0,1,0
995,517708,11167,-28932,17764,0,11942,-30940,18997,0,0,0,0,1,0
996,518229,16211,-29116,12905,0,17337,-31140,13802,0,0,0,0,1,0
997,518750,20630,-28182,7551,0,22066,-30143,8077,0,0,0,0,1,0
998,519270,24256,-26164,1908,0,25947,-27988,2041,0,0,0,0,1,0
999,519791,26950,-23142,-3807,0,28831,-24758,-4073,0,0,0,0,1,0
1000,520312,28607,-19231,-9376,0,30607,-20576,-10031,0,0,0,0,1,0
1001,520833,29165,-14582,-14582,0,31207,-15603,-15603,0,0,0,0,1,0
1002,521354,28601,-9374,-19228,0,30607,-10031,-20576,0,0,0,0,1,0
1003,521875,26939,-3806,-23133,0,28831,-4073,-24758,0,0,0,0,1,0
1004,522395,24242,1907,-26149,0,25947,2041,-27988,0,0,0,0,1,0
1005,522916,20615,7545,-28160,0,22066,8077,-30143,0,0,0,0,1,0
1006,523437,16195,12893,-29088,0,17337,13802,-31140,0,0,0,0,1,0
1007,523958,11154,17744,-28898,0,11942,18997,-30940,0,0,0,0,1,0
1008,524479,5686,21912,-27598,0,6088,23462,-29551,0,0,0,0,1,0
1009,525000,0,25238,-25238,0,0,27026,-27026,0,0,0,0,1,0
1010,525520,-5685,27593,-21908,0,-6088,29551,-23462,0,0,0,0,1,0
1011,526041,-11150,28887,-17737,0,-11942,30940,-18997,0,0,0,0,1,0
1012,526562,-16186,29071,-12886,0,-17337,31140,-13802,0,0,0,0,1,0
1013,527083,-20599,28138,-7540,0,-22066,30143,-8077,0,0,0,0,1,0
1014,527604,-24219,26124,-1905,0,-25947,27988,-2041,0,0,0,0,1,0
1015,528125,-26908,23107,3802,0,-28831,24758,4073,0,0,0,0,1,0
1016,528645,-28563,19202,9361,0,-30607,20576,10031,0,0,0,0,1,0
1017,529166,-29120,14560,14560,0,-31207,15603,15603,0,0,0,0,1,0
1018,529687,-28558,9359,19198,0,-30607,10031,20576,0,0,0,0,1,0
1019,530208,-26898,3800,23098,0,-28831,4073,24758,0,0,0,0,1,0
1020,530729,-24205,-1904,26109,0,-25947,-2041,27988,0,0,0,0,1,0
1021,531250,-20583,-7534,28117,0,-22066,-8077,30143,0,0,0,0,1,0
1022,531770,-16170,-12873,29044,0,-17337,-13802,31140,0,0,0,0,1,0
1023,532291,-11137,-17717,28854,0,-11942,-18997,30940,0,0,0,0,1,0
1024,532812,-5677,-21879,27556,0,-6088,-23462,29551,0,0,0,0,1,0
1025,533333,0,-25199,25199,0,0,-27026,27026,0,0,0,0,1,0
1026,533854,5676,-27551,21875,0,6088,-29551,23462,0,0,0,0,1,0
1027,534375,11133,-28843,17710,0,11942,-30940,18997,0,0,0,0,1,0
1028,534895,16161,-29027,12866,0,17337,-31140,13802,0,0,0,0,1,0
1029,535416,20567,-28095,7528,0,22066,-30143,8077,0,0,0,0,1,0
1030,535937,24182,-26084,1902,0,25947,-27988,2041,0,0,0,0,1,0
1031,536458,26867,-23071,-3796,0,28831,-24758,-4073,0,0,0,0,1,0
1032,536979,28519,-19173,-9347,0,30607,-20576,-10031,0,0,0,0,1,0
1033,537500,29075,-14538,-14538,0,31207,-15603,-15603,0,0,0,0,1,0
1034,538020,28514,-9345,-19169,0,30607,-10031,-20576,0,0,0,0,1,0
1035,538541,26857,-3794,-23063,0,28831,-4073,-24758,0,0,0,0,1,0
1036,539062,24168,1901,-26069,0,25947,2041,-27988,0,0,0,0,1,0
1037,539583,20552,7522,-28074,0,22066,8077,-30143,0,0,0,0,1,0
1038,540104,16146,12854,-28999,0,17337,13802,-31140,0,0,0,0,1,0
1039,540625,11120,17690,-28810,0,11942,18997,-30940,0,0,0,0,1,0
1040,541145,5669,21845,-27514,0,6088,23462,-29551,0,0,0,0,1,0
1041,541666,0,25161,-25161,0,0,27026,-27026,0,0,0,0,1,0
1042,542187,-5667,27509,-21841,0,-6088,29551,-23462,0,0,0,0,1,0
1043,542708,-11116,28799,-17683,0,-11942,30940,-18997,0,0,0,0,1,0
1044,543229,-16136,28983,-12846,0,-17337,31140,-13802,0,0,0,0,1,0
1045,543750,-20536,28053,-7517,0,-22066,30143,-8077,0,0,0,0,1,0
1046,544270,-24145,26045,-1899,0,-25947,27988,-2041,0,0,0,0,1,0
1047,544791,-26826,23036,3790,0,-28831,24758,4073,0,0,0,0,1,0
1048,545312,-28476,19143,9333,0,-30607,20576,10031,0,0,0,0,1,0
1049,545833,-29031,14516,14516,0,-31207,15603,15603,0,0,0,0,1,0
1050,546354,-28470,9331,19140,0,-30607,10031,20576,0,0,0,0,1,0
1051,546875,-26816,3789,23027,0,-28831,4073,24758,0,0,0,0,1,0
1052,547395,-24132,-1898,26030,0,-25947,-2041,27988,0,0,0,0,1,0
1053,547916,-20520,-7511,28031,0,-22066,-8077,30143,0,0,0,0,1,0
1054,548437,-16121,-12834,28955,0,-17337,-13802,31140,0,0,0,0,1,0
1055,548958,-11103,-17663,28766,0,-11942,-18997,30940,0,0,0,0,1,0
1056,549479,-5660,-21812,27472,0,-6088,-23462,29551,0,0,0,0,1,0
1057,550000,0,-25122,25122,0,0,-27026,27026,0,0,0,0,1,0
1058,550520,5659,-27467,21808,0,6088,-29551,23462,0,0,0,0,1,0
1059,551041,11099,-28755,17656,0,11942,-30940,18997,0,0,0,0,1,0
1060,551562,16112,-28939,12827,0,17337,-31140,13802,0,0,0,0,1,0
1061,552083,20505,-28010,7505,0,22066,-30143,8077,0,0,0,0,1,0
1062,552604,24109,-26005,1896,0,25947,-27988,2041,0,0,0,0,1,0
1063,553125,26785,-23001,-3784,0,28831,-24758,-4073,0,0,0,0,1,0
1064,553645,28433,-19114,-9318,0,30607,-20576,-10031,0,0,0,0,1,0
1065,554166,28987,-14493,-14493,0,31207,-15603,-15603,0,0,0,0,1,0
1066,554687,28427,-9317,-19111,0,30607,-10031,-20576,0,0,0,0,1,0
1067,555208,26775,-3783,-22992,0,28831,-4073,-24758,0,0,0,0,1,0
1068,555729,24095,1895,-25990,0,25947,2041,-27988,0,0,0,0,1,0
1069,556250,20489,7500,-27989,0,22066,8077,-30143,0,0,0,0,1,0
1070,556770,16097,12814,-28911,0,17337,13802,-31140,0,0,0,0,1,0
1071,557291,11086,17636,-28723,0,11942,18997,-30940,0,0,0,0,1,0
1072,557812,5651,21779,-27430,0,6088,23462,-29551,0,0,0,0,1,0
1073,558333,0,25084,-25084,0,0,27026,-27026,0,0,0,0,1,0
1074,558854,-5650,27425,-21775,0,-6088,29551,-23462,0,0,0,0,1,0
1075,559375,-11082,28712,-17629,0,-11942,30940,-18997,0,0,0,0,1,0
1076,559895,-16087,28895,-12807,0,-17337,31140,-13802,0,0,0,0,1,0
1077,560416,-20473,27967,-7494,0,-22066,30143,-8077,0,0,0,0,1,0
1078,560937,-24072,25965,-1893,0,-25947,27988,-2041,0,0,0,0,1,0
1079,561458,-26745,22966,3779,0,-28831,24758,4073,0,0,0,0,1,0
1080,561979,-28389,19085,9304,0,-30607,20576,10031,0,0,0,0,1,0
1081,562500,-28943,14471,14471,0,-31207,15603,15603,0,0,0,0,1,0
1082,563020,-28384,9303,19082,0,-30607,10031,20576,0,0,0,0,1,0
1083,563541,-26735,3777,22958,0,-28831,4073,24758,0,0,0,0,1,0
1084,564062,-24058,-1892,25951,0,-25947,-2041,27988,0,0,0,0,1,0
1085,564583,-20458,-7488,27946,0,-22066,-8077,30143,0,0,0,0,1,0
1086,565104,-16072,-12795,28867,0,-17337,-13802,31140,0,0,0,0,1,0
1087,565625,-11070,-17609,28679,0,-11942,-18997,30940,0,0,0,0,1,0
1088,566145,-5643,-21746,27389,0,-6088,-23462,29551,0,0,0,0,1,0
1089,566666,0,-25046,25046,0,0,-27026,27026,0,0,0,0,1,0
1090,567187,5642,-27384,21742,0,6088,-29551,23462,0,0,0,0,1,0
1091,567708,11065,-28668,17603,0,11942,-30940,18997,0,0,0,0,1,0
1092,568229,16063,-28851,12788,0,17337,-31140,13802,0,0,0,0,1,0
1093,568750,20442,-27925,7482,0,22066,-30143,8077,0,0,0,0,1,0
1094,569270,24036,-25926,1891,0,25947,-27988,2041,0,0,0,0,1,0
1095,569791,26704,-22932,-3773,0,28831,-24758,-4073,0,0,0,0,1,0
1096,570312,28346,-19056,-9290,0,30607,-20576,-10031,0,0,0,0,1,0
1097,570833,28899,-14450,-14450,0,31207,-15603,-15603,0,0,0,0,1,0
1098,571354,28341,-9288,-19053,0,30607,-10031,-20576,0,0,0,0,1,0
1099,571875,26694,-3771,-22923,0,28831,-4073,-24758,0,0,0,0,1,0
1100,572395,24022,1890,-25911,0,25947,2041,-27988,0,0,0,0,1,0
1101,572916,20427,7477,-27904,0,22066,8077,-30143,0,0,0,0,1,0
1102,573437,16048,12776,-28824,0,17337,13802,-31140,0,0,0,0,1,0
1103,573958,11053,17583,-28636,0,11942,18997,-30940,0,0,0,0,1,0
1104,574479,5634,21713,-27347,0,6088,23462,-29551,0,0,0,0,1,0
1105,575000,0,25008,-25008,0,0,27026,-27026,0,0,0,0,1,0
1106,575520,-5633,27342,-21709,0,-6088,29551,-23462,0,0,0,0,1,0
1107,576041,-11049,28625,-17576,0,-11942,30940,-18997,0,0,0,0,1,0
1108,576562,-16039,28807,-12768,0,-17337,31140,-13802,0,0,0,0,1,0
1109,577083,-20412,27883,-7471,0,-22066,30143,-8077,0,0,0,0,1,0
1110,577604,-23999,25887,-1888,0,-25947,27988,-2041,0,0,0,0,1,0
1111,578125,-26664,22897,3767,0,-28831,24758,4073,0,0,0,0,1,0
1112,578645,-28304,19027,9276,0,-30607,20576,10031,0,0,0,0,1,0
1113,579166,-28855,14428,14428,0,-31207,15603,15603,0,0,0,0,1,0
1114,579687,-28298,9274,19024,0,-30607,10031,20576,0,0,0,0,1,0
1115,580208,-26654,3766,22888,0,-28831,4073,24758,0,0,0,0,1,0
1116,580729,-23986,-1887,25872,0,-25947,-2041,27988,0,0,0,0,1,0
1117,581250,-20396,-7466,27862,0,-22066,-8077,30143,0,0,0,0,1,0
1118,581770,-16024,-12756,28780,0,-17337,-13802,31140,0,0,0,0,1,0
1119,582291,-11036,-17556,28592,0,-11942,-18997,30940,0,0,0,0,1,0
1120,582812,-5626,-21680,27306,0,-6088,-23462,29551,0,0,0,0,1,0
1121,583333,0,-24971,24971,0,0,-27026,27026,0,0,0,0,1,0
1122,583854,5625,-27301,21676,0,6088,-29551,23462,0,0,0,0,1,0
1123,584375,11032,-28582,17550,0,11942,-30940,18997,0,0,0,0,1,0
1124,584895,16015,-28764,12749,0,17337,-31140,13802,0,0,0,0,1,0
1125,585416,20381,-27841,7460,0,22066,-30143,8077,0,0,0,0,1,0
1126,585937,23963,-25848,1885,0,25947,-27988,2041,0,0,0,0,1,0
1127,586458,26624,-22862,-3761,0,28831,-24758,-4073,0,0,0,0,1,0
1128,586979,28261,-18999,-9262,0,30607,-20576,-10031,0,0,0,0,1,0
1129,587500,28812,-14406,-14406,0,31207,-15603,-15603,0,0,0,0,1,0
1130,588020,28256,-9260,-18995,0,30607,-10031,-20576,0,0,0,0,1,0
1131,588541,26614,-3760,-22854,0,28831,-4073,-24758,0,0,0,0,1,0
1132,589062,23949,1884,-25833,0,25947,2041,-27988,0,0,0,0,1,0
1133,589583,20365,7454,-27820,0,22066,8077,-30143,0,0,0,0,1,0
1134,590104,16000,12737,-28737,0,17337,13802,-31140,0,0,0,0,1,0
1135,590625,11020,17530,-28549,0,11942,18997,-30940,0,0,0,0,1,0
1136,591145,5617,21648,-27265,0,6088,23462,-29551,0,0,0,0,1,0
1137,591666,0,24933,-24933,0,0,27026,-27026,0,0,0,0,1,0
1138,592187,-5616,27260,-21644,0,-6088,29551,-23462,0,0,0,0,1,0
1139,592708,-11015,28539,-17523,0,-11942,30940,-18997,0,0,0,0,1,0
1140,593229,-15991,28721,-12730,0,-17337,31140,-13802,0,0,0,0,1,0
1141,593750,-20350,27799,-7449,0,-22066,30143,-8077,0,0,0,0,1,0
1142,594270,-23927,25809,-1882,0,-25947,27988,-2041,0,0,0,0,1,0
1143,594791,-26584,22828,3756,0,-28831,24758,4073,0,0,0,0,1,0
1144,595312,-28218,18970,9248,0,-30607,20576,10031,0,0,0,0,1,0
1145,595833,-28769,14384,14384,0,-31207,15603,15603,0,0,0,0,1,0
1146,596354,-28213,9247,18967,0,-30607,10031,20576,0,0,0,0,1,0
1147,596875,-26574,3754,22819,0,-28831,4073,24758,0,0,0,0,1,0
1148,597395,-23914,-1881,25795,0,-25947,-2041,27988,0,0,0,0,1,0
1149,597916,-20335,-7443,27778,0,-22066,-8077,30143,0,0,0,0,1,0
1150,598437,-15975,-12718,28694,0,-17337,-13802,31140,0,0,0,0,1,0
1151,598958,-11003,-17503,28506,0,-11942,-18997,30940,0,0,0,0,1,0
1152,599479,-5609,-21615,27224,0,-6088,-23462,29551,0,0,0,0,1,0
1153,600000,0,-24896,24896,0,0,-27026,27026,0,0,0,0,1,0
1154,600520,5608,-27219,21611,0,6088,-29551,23462,0,0,0,0,1,0
1155,601041,10999,-28496,17497,0,11942,-30940,18997,0,0,0,0,1,0
1156,601562,15967,-28677,12711,0,17337,-31140,13802,0,0,0,0,1,0
1157,602083,20320,-27757,7437,0,22066,-30143,8077,0,0,0,0,1,0
1158,602604,23891,-25770,1879,0,25947,-27988,2041,0,0,0,0,1,0
1159,603125,26544,-22794,-3750,0,28831,-24758,-4073,0,0,0,0,1,0
1160,603645,28176,-18942,-9234,0,30607,-20576,-10031,0,0,0,0,1,0
1161,604166,28725,-14363,-14363,0,31207,-15603,-15603,0,0,0,0,1,0
1162,604687,28171,-9233,-18938,0,30607,-10031,-20576,0,0,0,0,1,0
1163,605208,26534,-3749,-22785,0,28831,-4073,-24758,0,0,0,0,1,0
1164,605729,23878,1878,-25756,0,25947,2041,-27988,0,0,0,0,1,0
1165,606250,20304,7432,-27736,0,22066,8077,-30143,0,0,0,0,1,0
1166,606770,15952,12699,-28651,0,17337,13802,-31140,0,0,0,0,1,0
1167,607291,10987,17477,-28464,0,11942,18997,-30940,0,0,0,0,1,0
1168,607812,5600,21583,-27183,0,6088,23462,-29551,0,0,0,0,1,0
1169,608333,0,24858,-24858,0,0,27026,-27026,0,0,0,0,1,0
1170,608854,-5599,27178,-21579,0,-6088,29551,-23462,0,0,0,0,1,0
1171,609375,-10982,28453,-17471,0,-11942,30940,-18997,0,0,0,0,1,0
1172,609895,-15943,28634,-12692,0,-17337,31140,-13802,0,0,0,0,1,0
1173,610416,-20289,27716,-7426,0,-22066,30143,-8077,0,0,0,0,1,0
1174,610937,-23855,25732,-1876,0,-25947,27988,-2041,0,0,0,0,1,0
1175,611458,-26504,22760,3745,0,-28831,24758,4073,0,0,0,0,1,0
1176,611979,-28134,18913,9221,0,-30607,20576,10031,0,0,0,0,1,0
1177,612500,-28683,14341,14341,0,-31207,15603,15603,0,0,0,0,1,0
1178,613020,-28129,9219,18910,0,-30607,10031,20576,0,0,0,0,1,0
1179,613541,-26494,3743,22751,0,-28831,4073,24758,0,0,0,0,1,0
1180,614062,-23842,-1875,25717,0,-25947,-2041,27988,0,0,0,0,1,0
1181,614583,-20274,-7421,27695,0,-22066,-8077,30143,0,0,0,0,1,0
1182,615104,-15928,-12680,28608,0,-17337,-13802,31140,0,0,0,0,1,0
1183,615625,-10970,-17451,28421,0,-11942,-18997,30940,0,0,0,0,1,0
1184,616145,-5592,-21551,27143,0,-6088,-23462,29551,0,0,0,0,1,0
1185,616666,0,-24821,24821,0,0,-27026,27026,0,0,0,0,1,0
1186,617187,5591,-27138,21547,0,6088,-29551,23462,0,0,0,0,1,0
1187,617708,10966,-28411,17445,0,11942,-30940,18997,0,0,0,0,1,0
1188,618229,15919,-28592,12673,0,17337,-31140,13802,0,0,0,0,1,0
1189,618750,20259,-27674,7415,0,22066,-30143,8077,0,0,0,0,1,0
1190,619270,23820,-25693,1874,0,25947,-27988,2041,0,0,0,0,1,0
1191,619791,26465,-22726,-3739,0,28831,-24758,-4073,0,0,0,0,1,0
1192,620312,28092,-18885,-9207,0,30607,-20576,-10031,0,0,0,0,1,0
1193,620833,28640,-14320,-14320,0,31207,-15603,-15603,0,0,0,0,1,0
1194,621354,28087,-9205,-18882,0,30607,-10031,-20576,0,0,0,0,1,0
1195,621875,26455,-3738,-22717,0,28831,-4073,-24758,0,0,0,0,1,0
1196,622395,23806,1873,-25679,0,25947,2041,-27988,0,0,0,0,1,0
1197,622916,20244,7410,-27654,0,22066,8077,-30143,0,0,0,0,1,0
1198,623437,15904,12661,-28565,0,17337,13802,-31140,0,0,0,0,1,0
1199,623958,10954,17425,-28379,0,11942,18997,-30940,0,0,0,0,1,0
1200,624479,5584,21518,-27102,0,6088,23462,-29551,0,0,0,0,1,0
1201,625000,0,24784,-24784,0,0,27026,-27026,0,0,0,0,1,0
1202,625520,-5583,27097,-21514,0,-6088,29551,-23462,0,0,0,0,1,0
1203,626041,-10950,28368,-17419,0,-11942,30940,-18997,0,0,0,0,1,0
1204,626562,-15895,28549,-12654,0,-17337,31140,-13802,0,0,0,0,1,0
1205,627083,-20229,27633,-7404,0,-22066,30143,-8077,0,0,0,0,1,0
1206,627604,-23784,25655,-1871,0,-25947,27988,-2041,0,0,0,0,1,0
1207,628125,-26425,22692,3733,0,-28831,24758,4073,0,0,0,0,1,0
1208,628645,-28050,18857,9193,0,-30607,20576,10031,0,0,0,0,1,0
1209,629166,-28597,14299,14299,0,-31207,15603,15603,0,0,0,0,1,0
1210,629687,-28045,9191,18854,0,-30607,10031,20576,0,0,0,0,1,0
1211,630208,-26415,3732,22683,0,-28831,4073,24758,0,0,0,0,1,0
1212,630729,-23771,-1870,25641,0,-25947,-2041,27988,0,0,0,0,1,0
1213,631250,-20214,-7399,27612,0,-22066,-8077,30143,0,0,0,0,1,0
1214,631770,-15880,-12642,28523,0,-17337,-13802,31140,0,0,0,0,1,0
1215,632291,-10938,-17399,28337,0,-11942,-18997,30940,0,0,0,0,1,0
1216,632812,-5575,-21486,27062,0,-6088,-23462,29551,0,0,0,0,1,0
1217,633333,0,-24747,24747,0,0,-27026,27026,0,0,0,0,1,0
1218,633854,5574,-27057,21482,0,6088,-29551,23462,0,0,0,0,1,0
1219,634375,10933,-28326,17393,0,11942,-30940,18997,0,0,0,0,1,0
1220,634895,15871,-28507,12635,0,17337,-31140,13802,0,0,0,0,1,0
1221,635416,20199,-27592,7393,0,22066,-30143,8077,0,0,0,0,1,0
1222,635937,23749,-25617,1868,0,25947,-27988,2041,0,0,0,0,1,0
1223,636458,26386,-22658,-3728,0,28831,-24758,-4073,0,0,0,0,1,0
1224,636979,28009,-18829,-9179,0,30607,-20576,-10031,0,0,0,0,1,0
1225,637500,28555,-14277,-14277,0,31207,-15603,-15603,0,0,0,0,1,0
1226,638020,28003,-9178,-18826,0,30607,-10031,-20576,0,0,0,0,1,0
1227,638541,26376,-3726,-22650,0,28831,-4073,-24758,0,0,0,0,1,0
1228,639062,23736,1867,-25603,0,25947,2041,-27988,0,0,0,0,1,0
1229,639583,20184,7388,-27571,0,22066,8077,-30143,0,0,0,0,1,0
1230,640104,15857,12624,-28480,0,17337,13802,-31140,0,0,0,0,1,0
1231,640625,10921,17373,-28295,0,11942,18997,-30940,0,0,0,0,1,0
1232,641145,5567,21455,-27022,0,6088,23462,-29551,0,0,0,0,1,0
1233,641666,0,24711,-24711,0,0,27026,-27026,0,0,0,0,1,0
1234,642187,-5566,27017,-21451,0,-6088,29551,-23462,0,0,0,0,1,0
1235,642708,-10917,28284,-17367,0,-11942,30940,-18997,0,0,0,0,1,0
1236,643229,-15848,28464,-12616,0,-17337,31140,-13802,0,0,0,0,1,0
1237,643750,-20169,27551,-7382,0,-22066,30143,-8077,0,0,0,0,1,0
1238,644270,-23714,25579,-1865,0,-25947,27988,-2041,0,0,0,0,1,0
1239,644791,-26347,22624,3722,0,-28831,24758,4073,0,0,0,0,1,0
1240,645312,-27967,18801,9166,0,-30607,20576,10031,0,0,0,0,1,0
1241,645833,-28512,14256,14256,0,-31207,15603,15603,0,0,0,0,1,0
1242,646354,-27962,9164,18798,0,-30607,10031,20576,0,0,0,0,1,0
1243,646875,-26337,3721,22616,0,-28831,4073,24758,0,0,0,0,1,0
1244,647395,-23701,-1864,25565,0,-25947,-2041,27988,0,0,0,0,1,0
1245,647916,-20154,-7377,27531,0,-22066,-8077,30143,0,0,0,0,1,0
1246,648437,-15833,-12605,28438,0,-17337,-13802,31140,0,0,0,0,1,0
1247,648958,-10905,-17348,28253,0,-11942,-18997,30940,0,0,0,0,1,0
1248,649479,-5559,-21423,26982,0,-6088,-23462,29551,0,0,0,0,1,0
1249,650000,0,-24674,24674,0,0,-27026,27026,0,0,0,0,1,0
1250,650520,5558,-26977,21419,0,6088,-29551,23462,0,0,0,0,1,0
1251,651041,10901,-28242,17341,0,11942,-30940,18997,0,0,0,0,1,0
1252,651562,15824,-28422,12598,0,17337,-31140,13802,0,0,0,0,1,0
1253,652083,20139,-27510,7371,0,22066,-30143,8077,0,0,0,0,1,0
1254,652604,23679,-25541,1863,0,25947,-27988,2041,0,0,0,0,1,0
1255,653125,26308,-22591,-3717,0,28831,-24758,-4073,0,0,0,0,1,0
1256,653645,27926,-18773,-9152,0,30607,-20576,-10031,0,0,0,0,1,0
1257,654166,28470,-14235,-14235,0,31207,-15603,-15603,0,0,0,0,1,0
1258,654687,27921,-9151,-18770,0,30607,-10031,-20576,0,0,0,0,1,0
1259,655208,26298,-3715,-22583,0,28831,-4073,-24758,0,0,0,0,1,0
1260,655729,23665,1862,-25527,0,25947,2041,-27988,0,0,0,0,1,0
1261,656250,20124,7366,-27490,0,22066,8077,-30143,0,0,0,0,1,0
1262,656770,15810,12586,-28396,0,17337,13802,-31140,0,0,0,0,1,0
1263,657291,10889,17322,-28211,0,11942,18997,-30940,0,0,0,0,1,0
1264,657812,5551,21391,-26942,0,6088,23462,-29551,0,0,0,0,1,0
1265,658333,0,24638,-24638,0,0,27026,-27026,0,0,0,0,1,0
1266,658854,-5550,26937,-21387,0,-6088,29551,-23462,0,0,0,0,1,0
1267,659375,-10885,28201,-17316,0,-11942,30940,-18997,0,0,0,0,1,0
1268,659895,-15801,28380,-12579,0,-17337,31140,-13802,0,0,0,0,1,0
1269,660416,-20109,27470,-7360,0,-22066,30143,-8077,0,0,0,0,1,0
1270,660937,-23644,25503,-1860,0,-25947,27988,-2041,0,0,0,0,1,0
1271,661458,-26269,22558,3711,0,-28831,24758,4073,0,0,0,0,1,0
1272,661979,-27884,18746,9139,0,-30607,20576,10031,0,0,0,0,1,0
1273,662500,-28428,14214,14214,0,-31207,15603,15603,0,0,0,0,1,0
1274,663020,-27879,9137,18742,0,-30607,10031,20576,0,0,0,0,1,0
1275,663541,-26259,3710,22549,0,-28831,4073,24758,0,0,0,0,1,0
1276,664062,-23631,-1859,25489,0,-25947,-2041,27988,0,0,0,0,1,0
1277,664583,-20094,-7355,27449,0,-22066,-8077,30143,0,0,0,0,1,0
1278,665104,-15787,-12568,28354,0,-17337,-13802,31140,0,0,0,0,1,0
1279,665625,-10873,-17296,28169,0,-11942,-18997,30940,0,0,0,0,1,0
1280,666145,-5542,-21360,26902,0,-6088,-23462,29551,0,0,0,0,1,0
1281,666666,0,-24601,24601,0,0,-27026,27026,0,0,0,0,1,0
1282,667187,5541,-26897,21356,0,6088,-29551,23462,0,0,0,0,1,0
1283,667708,10869,-28159,17290,0,11942,-30940,18997,0,0,0,0,1,0
1284,668229,15778,-28339,12561,0,17337,-31140,13802,0,0,0,0,1,0
1285,668750,20080,-27429,7350,0,22066,-30143,8077,0,0,0,0,1,0
1286,669270,23609,-25466,1857,0,25947,-27988,2041,0,0,0,0,1,0
1287,669791,26230,-22525,-3706,0,28831,-24758,-4073,0,0,0,0,1,0
1288,670312,27843,-18718,-9125,0,30607,-20576,-10031,0,0,0,0,1,0
1289,670833,28386,-14193,-14193,0,31207,-15603,-15603,0,0,0,0,1,0
1290,671354,27838,-9124,-18715,0,30607,-10031,-20576,0,0,0,0,1,0
1291,671875,26221,-3704,-22516,0,28831,-4073,-24758,0,0,0,0,1,0
1292,672395,23596,1856,-25452,0,25947,2041,-27988,0,0,0,0,1,0
1293,672916,20065,7344,-27409,0,22066,8077,-30143,0,0,0,0,1,0
1294,673437,15763,12549,-28313,0,17337,13802,-31140,0,0,0,0,1,0
1295,673958,10857,17271,-28128,0,11942,18997,-30940,0,0,0,0,1,0
1296,674479,5534,21328,-26863,0,6088,23462,-29551,0,0,0,0,1,0
1297,675000,0,24565,-24565,0,0,27026,-27026,0,0,0,0,1,0
1298,675520,-5533,26858,-21324,0,-6088,29551,-23462,0,0,0,0,1,0
1299,676041,-10853,28118,-17265,0,-11942,30940,-18997,0,0,0,0,1,0
1300,676562,-15755,28297,-12542,0,-17337,31140,-13802,0,0,0,0,1,0
1301,677083,-20050,27389,-7339,0,-22066,30143,-8077,0,0,0,0,1,0
1302,677604,-23574,25429,-1854,0,-25947,27988,-2041,0,0,0,0,1,0
1303,678125,-26192,22491,3700,0,-28831,24758,4073,0,0,0,0,1,0
1304,678645,-27803,18691,9112,0,-30607,20576,10031,0,0,0,0,1,0
1305,679166,-28345,14172,14172,0,-31207,15603,15603,0,0,0,0,1,0
1306,679687,-27797,9110,18687,0,-30607,10031,20576,0,0,0,0,1,0
1307,680208,-26182,3699,22483,0,-28831,4073,24758,0,0,0,0,1,0
1308,680729,-23561,-1853,25415,0,-25947,-2041,27988,0,0,0,0,1,0
1309,681250,-20035,-7333,27369,0,-22066,-8077,30143,0,0,0,0,1,0
1310,681770,-15740,-12531,28271,0,-17337,-13802,31140,0,0,0,0,1,0
1311,682291,-10841,-17246,28087,0,-11942,-18997,30940,0,0,0,0,1,0
1312,682812,-5526,-21297,26823,0,-6088,-23462,29551,0,0,0,0,1,0
1313,683333,0,-24529,24529,0,0,-27026,27026,0,0,0,0,1,0
1314,683854,5525,-26818,21293,0,6088,-29551,23462,0,0,0,0,1,0
1315,684375,10837,-28076,17239,0,11942,-30940,18997,0,0,0,0,1,0
1316,684895,15732,-28255,12524,0,17337,-31140,13802,0,0,0,0,1,0
1317,685416,20021,-27349,7328,0,22066,-30143,8077,0,0,0,0,1,0
1318,685937,23540,-25391,1852,0,25947,-27988,2041,0,0,0,0,1,0
1319,686458,26154,-22459,-3695,0,28831,-24758,-4073,0,0,0,0,1,0
1320,686979,27762,-18663,-9099,0,30607,-20576,-10031,0,0,0,0,1,0
1321,687500,28303,-14152,-14152,0,31207,-15603,-15603,0,0,0,0,1,0
1322,688020,27757,-9097,-18660,0,30607,-10031,-20576,0,0,0,0,1,0
1323,688541,26144,-3694,-22450,0,28831,-4073,-24758,0,0,0,0,1,0
1324,689062,23527,1851,-25377,0,25947,2041,-27988,0,0,0,0,1,0
1325,689583,20006,7323,-27329,0,22066,8077,-30143,0,0,0,0,1,0
1326,690104,15717,12512,-28230,0,17337,13802,-31140,0,0,0,0,1,0
1327,690625,10825,17220,-28046,0,11942,18997,-30940,0,0,0,0,1,0
1328,691145,5518,21266,-26784,0,6088,23462,-29551,0,0,0,0,1,0
1329,691666,0,24493,-24493,0,0,27026,-27026,0,0,0,0,1,0
1330,692187,-5517,26779,-21262,0,-6088,29551,-23462,0,0,0,0,1,0
1331,692708,-10821,28035,-17214,0,-11942,30940,-18997,0,0,0,0,1,0
1332,693229,-15709,28214,-12506,0,-17337,31140,-13802,0,0,0,0,1,0
1333,693750,-19991,27309,-7317,0,-22066,30143,-8077,0,0,0,0,1,0
1334,694270,-23505,25354,-1849,0,-25947,27988,-2041,0,0,0,0,1,0
1335,694791,-26115,22426,3690,0,-28831,24758,4073,0,0,0,0,1,0
1336,695312,-27721,18636,9085,0,-30607,20576,10031,0,0,0,0,1,0
1337,695833,-28262,14131,14131,0,-31207,15603,15603,0,0,0,0,1,0
1338,696354,-27716,9084,18633,0,-30607,10031,20576,0,0,0,0,1,0
1339,696875,-26106,3688,22418,0,-28831,4073,24758,0,0,0,0,1,0
1340,697395,-23492,-1848,25340,0,-25947,-2041,27988,0,0,0,0,1,0
1341,697916,-19977,-7312,27289,0,-22066,-8077,30143,0,0,0,0,1,0
1342,698437,-15694,-12494,28188,0,-17337,-13802,31140,0,0,0,0,1,0
1343,698958,-10809,-17195,28005,0,-11942,-18997,30940,0,0,0,0,1,0
1344,699479,-5510,-21235,26745,0,-6088,-23462,29551,0,0,0,0,1,0
1345,700000,0,-24458,24458,0,0,-27026,27026,0,0,0,0,1,0
1346,700520,5509,-26740,21231,0,6088,-29551,23462,0,0,0,0,1,0
1347,701041,10805,-27995,17189,0,11942,-30940,18997,0,0,0,0,1,0
1348,701562,15686,-28173,12487,0,17337,-31140,13802,0,0,0,0,1,0
1349,702083,19962,-27269,7307,0,22066,-30143,8077,0,0,0,0,1,0
1350,702604,23471,-25317,1846,0,25947,-27988,2041,0,0,0,0,1,0
1351,703125,26077,-22393,-3684,0,28831,-24758,-4073,0,0,0,0,1,0
1352,703645,27681,-18609,-9072,0,30607,-20576,-10031,0,0,0,0,1,0
1353,704166,28221,-14110,-14110,0,31207,-15603,-15603,0,0,0,0,1,0
1354,704687,27676,-9070,-18605,0,30607,-10031,-20576,0,0,0,0,1,0
1355,705208,26068,-3683,-22385,0,28831,-4073,-24758,0,0,0,0,1,0
1356,705729,23458,1845,-25303,0,25947,2041,-27988,0,0,0,0,1,0
1357,706250,19948,7301,-27249,0,22066,8077,-30143,0,0,0,0,1,0
1358,706770,15671,12476,-28147,0,17337,13802,-31140,0,0,0,0,1,0
1359,707291,10794,17170,-27964,0,11942,18997,-30940,0,0,0,0,1,0
1360,707812,5502,21204,-26706,0,6088,23462,-29551,0,0,0,0,1,0
1361,708333,0,24422,-24422,0,0,27026,-27026,0,0,0,0,1,0
1362,708854,-5501,26701,-21200,0,-6088,29551,-23462,0,0,0,0,1,0
1363,709375,-10790,27954,-17164,0,-11942,30940,-18997,0,0,0,0,1,0
1364,709895,-15663,28132,-12469,0,-17337,31140,-13802,0,0,0,0,1,0
1365,710416,-19933,27229,-7296,0,-22066,30143,-8077,0,0,0,0,1,0
1366,710937,-23437,25280,-1844,0,-25947,27988,-2041,0,0,0,0,1,0
1367,711458,-26039,22360,3679,0,-28831,24758,4073,0,0,0,0,1,0
1368,711979,-27641,18582,9059,0,-30607,20576,10031,0,0,0,0,1,0
1369,712500,-28180,14090,14090,0,-31207,15603,15603,0,0,0,0,1,0
1370,713020,-27636,9057,18578,0,-30607,10031,20576,0,0,0,0,1,0
1371,713541,-26030,3678,22352,0,-28831,4073,24758,0,0,0,0,1,0
1372,714062,-23424,-1843,25267,0,-25947,-2041,27988,0,0,0,0,1,0
1373,714583,-19919,-7291,27210,0,-22066,-8077,30143,0,0,0,0,1,0
1374,715104,-15649,-12458,28107,0,-17337,-13802,31140,0,0,0,0,1,0
1375,715625,-10778,-17145,27923,0,-11942,-18997,30940,0,0,0,0,1,0
1376,716145,-5494,-21173,26667,0,-6088,-23462,29551,0,0,0,0,1,0
1377,716666,0,-24387,24387,0,0,-27026,27026,0,0,0,0,1,0
1378,717187,5493,-26662,21169,0,6088,-29551,23462,0,0,0,0,1,0
1379,717708,10774,-27913,17139,0,11942,-30940,18997,0,0,0,0,1,0
1380,718229,15640,-28091,12451,0,17337,-31140,13802,0,0,0,0,1,0
1381,718750,19904,-27190,7285,0,22066,-30143,8077,0,0,0,0,1,0
1382,719270,23403,-25244,1841,0,25947,-27988,2041,0,0,0,0,1,0
1383,719791,26002,-22328,-3674,0,28831,-24758,-4073,0,0,0,0,1,0
1384,720312,27601,-18555,-9046,0,30607,-20576,-10031,0,0,0,0,1,0
1385,720833,28139,-14069,-14069,0,31207,-15603,-15603,0,0,0,0,1,0
1386,721354,27596,-9044,-18552,0,30607,-10031,-20576,0,0,0,0,1,0
1387,721875,25992,-3672,-22320,0,28831,-4073,-24758,0,0,0,0,1,0
1388,722395,23390,1840,-25230,0,25947,2041,-27988,0,0,0,0,1,0
1389,722916,19890,7280,-27170,0,22066,8077,-30143,0,0,0,0,1,0
1390,723437,15626,12440,-28066,0,17337,13802,-31140,0,0,0,0,1,0
1391,723958,10762,17121,-27883,0,11942,18997,-30940,0,0,0,0,1,0
1392,724479,5486,21142,-26629,0,6088,23462,-29551,0,0,0,0,1,0
1393,725000,0,24351,-24351,0,0,27026,-27026,0,0,0,0,1,0
1394,725520,-5485,26624,-21139,0,-6088,29551,-23462,0,0,0,0,1,0
1395,726041,-10759,27873,-17114,0,-11942,30940,-18997,0,0,0,0,1,0
1396,726562,-15618,28051,-12433,0,-17337,31140,-13802,0,0,0,0,1,0
1397,727083,-19876,27150,-7275,0,-22066,30143,-8077,0,0,0,0,1,0
1398,727604,-23369,25207,-1838,0,-25947,27988,-2041,0,0,0,0,1,0
1399,728125,-25964,22296,3668,0,-28831,24758,4073,0,0,0,0,1,0
1400,728645,-27561,18528,9033,0,-30607,20576,10031,0,0,0,0,1,0
1401,729166,-28098,14049,14049,0,-31207,15603,15603,0,0,0,0,1,0
1402,729687,-27556,9031,18525,0,-30607,10031,20576,0,0,0,0,1,0
1403,730208,-25955,3667,22288,0,-28831,4073,24758,0,0,0,0,1,0
1404,730729,-23356,-1837,25194,0,-25947,-2041,27988,0,0,0,0,1,0
1405,731250,-19861,-7270,27131,0,-22066,-8077,30143,0,0,0,0,1,0
1406,731770,-15603,-12422,28025,0,-17337,-13802,31140,0,0,0,0,1,0
1407,732291,-10747,-17096,27843,0,-11942,-18997,30940,0,0,0,0,1,0
1408,732812,-5478,-21112,26590,0,-6088,-23462,29551,0,0,0,0,1,0
1409,733333,0,-24316,24316,0,0,-27026,27026,0,0,0,0,1,0
1410,733854,5477,-26585,21108,0,6088,-29551,23462,0,0,0,0,1,0
1411,734375,10743,-27833,17090,0,11942,-30940,18997,0,0,0,0,1,0
1412,734895,15595,-28010,12415,0,17337,-31140,13802,0,0,0,0,1,0
1413,735416,19847,-27111,7264,0,22066,-30143,8077,0,0,0,0,1,0
1414,735937,23335,-25171,1836,0,25947,-27988,2041,0,0,0,0,1,0
1415,736458,25926,-22264,-3663,0,28831,-24758,-4073,0,0,0,0,1,0
1416,736979,27521,-18501,-9020,0,30607,-20576,-10031,0,0,0,0,1,0
1417,737500,28058,-14029,-14029,0,31207,-15603,-15603,0,0,0,0,1,0
1418,738020,27516,-9018,-18498,0,30607,-10031,-20576,0,0,0,0,1,0
1419,738541,25917,-3662,-22256,0,28831,-4073,-24758,0,0,0,0,1,0
1420,739062,23323,1835,-25157,0,25947,2041,-27988,0,0,0,0,1,0
1421,739583,19833,7259,-27092,0,22066,8077,-30143,0,0,0,0,1,0
1422,740104,15581,12404,-27985,0,17337,13802,-31140,0,0,0,0,1,0
1423,740625,10731,17071,-27802,0,11942,18997,-30940,0,0,0,0,1,0
1424,741145,5470,21081,-26552,0,6088,23462,-29551,0,0,0,0,1,0
1425,741666,0,24281,-24281,0,0,27026,-27026,0,0,0,0,1,0
1426,742187,-5469,26547,-21078,0,-6088,29551,-23462,0,0,0,0,1,0
1427,742708,-10727,27792,-17065,0,-11942,30940,-18997,0,0,0,0,1,0
1428,743229,-15572,27970,-12397,0,-17337,31140,-13802,0,0,0,0,1,0
1429,743750,-19818,27072,-7254,0,-22066,30143,-8077,0,0,0,0,1,0
1430,744270,-23302,25135,-1833,0,-25947,27988,-2041,0,0,0,0,1,0
1431,744791,-25889,22232,3658,0,-28831,24758,4073,0,0,0,0,1,0
1432,745312,-27481,18475,9007,0,-30607,20576,10031,0,0,0,0,1,0
1433,745833,-28017,14009,14009,0,-31207,15603,15603,0,0,0,0,1,0
1434,746354,-27476,9005,18471,0,-30607,10031,20576,0,0,0,0,1,0
1435,746875,-25880,3656,22224,0,-28831,4073,24758,0,0,0,0,1,0
1436,747395,-23289,-1832,25121,0,-25947,-2041,27988,0,0,0,0,1,0
1437,747916,-19804,-7249,27053,0,-22066,-8077,30143,0,0,0,0,1,0
1438,748437,-15559,-12386,27945,0,-17337,-13802,31140,0,0,0,0,1,0
1439,748958,-10716,-17047,27762,0,-11942,-18997,30940,0,0,0,0,1,0
1440,749479,-5462,-21051,26514,0,-6088,-23462,29551,0,0,0,0,1,0
1441,750000,0,-24246,24246,0,0,-27026,27026,0,0,0,0,1,0
1442,750520,5461,-26509,21047,0,6088,-29551,23462,0,0,0,0,1,0
1443,751041,10712,-27753,17040,0,11942,-30940,18997,0,0,0,0,1,0
1444,751562,15550,-27930,12379,0,17337,-31140,13802,0,0,0,0,1,0
1445,752083,19790,-27033,7244,0,22066,-30143,8077,0,0,0,0,1,0
1446,752604,23268,-25098,1830,0,25947,-27988,2041,0,0,0,0,1,0
1447,753125,25852,-22200,-3652,0,28831,-24758,-4073,0,0,0,0,1,0
1448,753645,27442,-18448,-8994,0,30607,-20576,-10031,0,0,0,0,1,0
1449,754166,27977,-13988,-13988,0,31207,-15603,-15603,0,0,0,0,1,0
1450,754687,27437,-8992,-18445,0,30607,-10031,-20576,0,0,0,0,1,0
1451,755208,25843,-3651,-22192,0,28831,-4073,-24758,0,0,0,0,1,0
1452,755729,23256,1829,-25085,0,25947,2041,-27988,0,0,0,0,1,0
1453,756250,19776,7238,-27014,0,22066,8077,-30143,0,0,0,0,1,0
1454,756770,15536,12368,-27905,0,17337,13802,-31140,0,0,0,0,1,0
1455,757291,10701,17022,-27723,0,11942,18997,-30940,0,0,0,0,1,0
1456,757812,5455,21021,-26476,0,6088,23462,-29551,0,0,0,0,1,0
1457,758333,0,24211,-24211,0,0,27026,-27026,0,0,0,0,1,0
1458,758854,-5454,26471,-21017,0,-6088,29551,-23462,0,0,0,0,1,0
1459,759375,-10697,27713,-17016,0,-11942,30940,-18997,0,0,0,0,1,0
1460,759895,-15528,27890,-12362,0,-17337,31140,-13802,0,0,0,0,1,0
1461,760416,-19761,26995,-7233,0,-22066,30143,-8077,0,0,0,0,1,0
1462,760937,-23235,25063,-1828,0,-25947,27988,-2041,0,0,0,0,1,0
1463,761458,-25815,22168,3647,0,-28831,24758,4073,0,0,0,0,1,0
1464,761979,-27403,18422,8981,0,-30607,20576,10031,0,0,0,0,1,0
1465,762500,-27937,13968,13968,0,-31207,15603,15603,0,0,0,0,1,0
1466,763020,-27398,8979,18418,0,-30607,10031,20576,0,0,0,0,1,0
1467,763541,-25806,3646,22160,0,-28831,4073,24758,0,0,0,0,1,0
1468,764062,-23222,-1827,25049,0,-25947,-2041,27988,0,0,0,0,1,0
1469,764583,-19747,-7228,26975,0,-22066,-8077,30143,0,0,0,0,1,0
1470,765104,-15514,-12351,27865,0,-17337,-13802,31140,0,0,0,0,1,0
1471,765625,-10685,-16998,27683,0,-11942,-18997,30940,0,0,0,0,1,0
1472,766145,-5447,-20991,26438,0,-6088,-23462,29551,0,0,0,0,1,0
1473,766666,0,-24177,24177,0,0,-27026,27026,0,0,0,0,1,0
1474,767187,5446,-26433,20987,0,6088,-29551,23462,0,0,0,0,1,0
1475,767708,10681,-27673,16992,0,11942,-30940,18997,0,0,0,0,1,0
1476,768229,15506,-27850,12344,0,17337,-31140,13802,0,0,0,0,1,0
1477,768750,19733,-26956,7223,0,22066,-30143,8077,0,0,0,0,1,0
1478,769270,23202,-25027,1825,0,25947,-27988,2041,0,0,0,0,1,0
1479,769791,25778,-22136,-3642,0,28831,-24758,-4073,0,0,0,0,1,0
1480,770312,27363,-18395,-8968,0,30607,-20576,-10031,0,0,0,0,1,0
1481,770833,27897,-13948,-13948,0,31207,-15603,-15603,0,0,0,0,1,0
1482,771354,27358,-8966,-18392,0,30607,-10031,-20576,0,0,0,0,1,0
1483,771875,25769,-3641,-22128,0,28831,-4073,-24758,0,0,0,0,1,0
1484,772395,23189,1824,-25013,0,25947,2041,-27988,0,0,0,0,1,0
1485,772916,19719,7218,-26937,0,22066,8077,-30143,0,0,0,0,1,0
1486,773437,15492,12333,-27825,0,17337,13802,-31140,0,0,0,0,1,0
1487,773958,10670,16973,-27643,0,11942,18997,-30940,0,0,0,0,1,0
1488,774479,5439,20961,-26400,0,6088,23462,-29551,0,0,0,0,1,0
1489,775000,0,24142,-24142,0,0,27026,-27026,0,0,0,0,1,0
1490,775520,-5438,26395,-20957,0,-6088,29551,-23462,0,0,0,0,1,0
1491,776041,-10666,27634,-16967,0,-11942,30940,-18997,0,0,0,0,1,0
1492,776562,-15484,27810,-12326,0,-17337,31140,-13802,0,0,0,0,1,0
1493,777083,-19705,26918,-7213,0,-22066,30143,-8077,0,0,0,0,1,0
1494,777604,-23169,24991,-1822,0,-25947,27988,-2041,0,0,0,0,1,0
1495,778125,-25741,22105,3637,0,-28831,24758,4073,0,0,0,0,1,0
1496,778645,-27324,18369,8955,0,-30607,20576,10031,0,0,0,0,1,0
1497,779166,-27857,13929,13929,0,-31207,15603,15603,0,0,0,0,1,0
1498,779687,-27319,8954,18366,0,-30607,10031,20576,0,0,0,0,1,0
1499,780208,-25732,3635,22097,0,-28831,4073,24758,0,0,0,0,1,0
1500,780729,-23156,-1821,24978,0,-25947,-2041,27988,0,0,0,0,1,0
1501,781250,-19691,-7207,26898,0,-22066,-8077,30143,0,0,0,0,1,0
1502,781770,-15470,-12315,27785,0,-17337,-13802,31140,0,0,0,0,1,0
1503,782291,-10655,-16949,27604,0,-11942,-18997,30940,0,0,0,0,1,0
1504,782812,-5431,-20931,26362,0,-6088,-23462,29551,0,0,0,0,1,0
1505,783333,0,-24108,24108,0,0,-27026,27026,0,0,0,0,1,0
1506,783854,5430,-26358,20927,0,6088,-29551,23462,0,0,0,0,1,0
1507,784375,10651,-27594,16943,0,11942,-30940,18997,0,0,0,0,1,0
1508,784895,15461,-27770,12309,0,17337,-31140,13802,0,0,0,0,1,0
1509,785416,19677,-26879,7202,0,22066,-30143,8077,0,0,0,0,1,0
1510,785937,23136,-24955,1820,0,25947,-27988,2041,0,0,0,0,1,0
1511,786458,25705,-22073,-3632,0,28831,-24758,-4073,0,0,0,0,1,0
1512,786979,27285,-18343,-8942,0,30607,-20576,-10031,0,0,0,0,1,0
1513,787500,27818,-13909,-13909,0,31207,-15603,-15603,0,0,0,0,1,0
1514,788020,27281,-8941,-18340,0,30607,-10031,-20576,0,0,0,0,1,0
1515,788541,25696,-3630,-22065,0,28831,-4073,-24758,0,0,0,0,1,0
1516,789062,23123,1819,-24942,0,25947,2041,-27988,0,0,0,0,1,0
1517,789583,19663,7197,-26860,0,22066,8077,-30143,0,0,0,0,1,0
1518,790104,15448,12298,-27746,0,17337,13802,-31140,0,0,0,0,1,0
1519,790625,10640,16925,-27565,0,11942,18997,-30940,0,0,0,0,1,0
1520,791145,5424,20901,-26325,0,6088,23462,-29551,0,0,0,0,1,0
1521,791666,0,24074,-24074,0,0,27026,-27026,0,0,0,0,1,0
1522,792187,-5423,26320,-20898,0,-6088,29551,-23462,0,0,0,0,1,0
1523,792708,-10636,27555,-16919,0,-11942,30940,-18997,0,0,0,0,1,0
1524,793229,-15440,27731,-12291,0,-17337,31140,-13802,0,0,0,0,1,0
1525,793750,-19649,26841,-7192,0,-22066,30143,-8077,0,0,0,0,1,0
1526,794270,-23103,24920,-1817,0,-25947,27988,-2041,0,0,0,0,1,0
1527,794791,-25668,22042,3626,0,-28831,24758,4073,0,0,0,0,1,0
1528,795312,-27247,18317,8930,0,-30607,20576,10031,0,0,0,0,1,0
1529,795833,-27778,13889,13889,0,-31207,15603,15603,0,0,0,0,1,0
1530,796354,-27242,8928,18314,0,-30607,10031,20576,0,0,0,0,1,0
1531,796875,-25659,3625,22034,0,-28831,4073,24758,0,0,0,0,1,0
1532,797395,-23091,-1816,24907,0,-25947,-2041,27988,0,0,0,0,1,0
1533,797916,-19635,-7187,26822,0,-22066,-8077,30143,0,0,0,0,1,0
1534,798437,-15426,-12281,27706,0,-17337,-13802,31140,0,0,0,0,1,0
1535,798958,-10625,-16901,27526,0,-11942,-18997,30940,0,0,0,0,1,0
1536,799479,-5416,-20872,26288,0,-6088,-23462,29551,0,0,0,0,1,0
1537,800000,0,-24040,24040,0,0,-27026,27026,0,0,0,0,1,0
1538,800520,5415,-26283,20868,0,6088,-29551,23462,0,0,0,0,1,0
1539,801041,10621,-27516,16895,0,11942,-30940,18997,0,0,0,0,1,0
1540,801562,15418,-27692,12274,0,17337,-31140,13802,0,0,0,0,1,0
1541,802083,19621,-26803,7182,0,22066,-30143,8077,0,0,0,0,1,0
1542,802604,23070,-24885,1815,0,25947,-27988,2041,0,0,0,0,1,0
1543,803125,25632,-22011,-3621,0,28831,-24758,-4073,0,0,0,0,1,0
1544,803645,27208,-18291,-8917,0,30607,-20576,-10031,0,0,0,0,1,0
1545,804166,27739,-13869,-13869,0,31207,-15603,-15603,0,0,0,0,1,0
1546,804687,27203,-8916,-18288,0,30607,-10031,-20576,0,0,0,0,1,0
1547,805208,25623,-3620,-22003,0,28831,-4073,-24758,0,0,0,0,1,0
1548,805729,23058,1814,-24872,0,25947,2041,-27988,0,0,0,0,1,0
1549,806250,19607,7177,-26784,0,22066,8077,-30143,0,0,0,0,1,0
1550,806770,15404,12263,-27667,0,17337,13802,-31140,0,0,0,0,1,0
1551,807291,10610,16877,-27487,0,11942,18997,-30940,0,0,0,0,1,0
1552,807812,5408,20842,-26250,0,6088,23462,-29551,0,0,0,0,1,0
1553,808333,0,24006,-24006,0,0,27026,-27026,0,0,0,0,1,0
1554,808854,-5407,26246,-20839,0,-6088,29551,-23462,0,0,0,0,1,0
1555,809375,-10606,27477,-16871,0,-11942,30940,-18997,0,0,0,0,1,0
1556,809895,-15396,27653,-12257,0,-17337,31140,-13802,0,0,0,0,1,0
1557,810416,-19594,26765,-7172,0,-22066,30143,-8077,0,0,0,0,1,0
1558,810937,-23038,24850,-1812,0,-25947,27988,-2041,0,0,0,0,1,0
1559,811458,-25596,21979,3616,0,-28831,24758,4073,0,0,0,0,1,0
1560,811979,-27170,18265,8905,0,-30607,20576,10031,0,0,0,0,1,0
1561,812500,-27700,13850,13850,0,-31207,15603,15603,0,0,0,0,1,0
1562,813020,-27165,8903,18262,0,-30607,10031,20576,0,0,0,0,1,0
1563,813541,-25587,3615,21972,0,-28831,4073,24758,0,0,0,0,1,0
1564,814062,-23025,-1811,24837,0,-25947,-2041,27988,0,0,0,0,1,0
1565,814583,-19580,-7167,26746,0,-22066,-8077,30143,0,0,0,0,1,0
1566,815104,-15382,-12246,27628,0,-17337,-13802,31140,0,0,0,0,1,0
1567,815625,-10595,-16854,27448,0,-11942,-18997,30940,0,0,0,0,1,0
1568,816145,-5401,-20813,26213,0,-6088,-23462,29551,0,0,0,0,1,0
1569,816666,0,-23972,23972,0,0,-27026,27026,0,0,0,0,1,0
1570,817187,5400,-26209,20809,0,6088,-29551,23462,0,0,0,0,1,0
1571,817708,10591,-27439,16848,0,11942,-30940,18997,0,0,0,0,1,0
1572,818229,15374,-27614,12239,0,17337,-31140,13802,0,0,0,0,1,0
1573,818750,19566,-26728,7162,0,22066,-30143,8077,0,0,0,0,1,0
1574,819270,23005,-24815,1810,0,25947,-27988,2041,0,0,0,0,1,0
1575,819791,25560,-21949,-3611,0,28831,-24758,-4073,0,0,0,0,1,0
1576,820312,27132,-18240,-8892,0,30607,-20576,-10031,0,0,0,0,1,0
1577,820833,27661,-13830,-13830,0,31207,-15603,-15603,0,0,0,0,1,0
1578,821354,27127,-8890,-18236,0,30607,-10031,-20576,0,0,0,0,1,0
1579,821875,25551,-3610,-21941,0,28831,-4073,-24758,0,0,0,0,1,0
1580,822395,22993,1809,-24802,0,25947,2041,-27988,0,0,0,0,1,0
1581,822916,19552,7157,-26709,0,22066,8077,-30143,0,0,0,0,1,0
1582,823437,15361,12229,-27589,0,17337,13802,-31140,0,0,0,0,1,0
1583,823958,10580,16830,-27410,0,11942,18997,-30940,0,0,0,0,1,0
1584,824479,5393,20784,-26177,0,6088,23462,-29551,0,0,0,0,1,0
1585,825000,0,23938,-23938,0,0,27026,-27026,0,0,0,0,1,0
1586,825520,-5392,26172,-20780,0,-6088,29551,-23462,0,0,0,0,1,0
1587,826041,-10576,27400,-16824,0,-11942,30940,-18997,0,0,0,0,1,0
1588,826562,-15353,27575,-12222,0,-17337,31140,-13802,0,0,0,0,1,0
1589,827083,-19538,26690,-7152,0,-22066,30143,-8077,0,0,0,0,1,0
1590,827604,-22973,24780,-1807,0,-25947,27988,-2041,0,0,0,0,1,0
1591,828125,-25524,21918,3606,0,-28831,24758,4073,0,0,0,0,1,0
1592,828645,-27093,18214,8880,0,-30607,20576,10031,0,0,0,0,1,0
1593,829166,-27622,13811,13811,0,-31207,15603,15603,0,0,0,0,1,0
1594,829687,-27089,8878,18211,0,-30607,10031,20576,0,0,0,0,1,0
1595,830208,-25515,3605,21910,0,-28831,4073,24758,0,0,0,0,1,0
1596,830729,-22961,-1806,24767,0,-25947,-2041,27988,0,0,0,0,1,0
1597,831250,-19525,-7147,26671,0,-22066,-8077,30143,0,0,0,0,1,0
1598,831770,-15339,-12211,27551,0,-17337,-13802,31140,0,0,0,0,1,0
1599,832291,-10565,-16806,27371,0,-11942,-18997,30940,0,0,0,0,1,0
1600,832812,-5385,-20754,26140,0,-6088,-23462,29551,0,0,0,0,1,0
1601,833333,0,-23904,23904,0,0,-27026,27026,0,0,0,0,1,0
1602,833854,5385,-26135,20751,0,6088,-29551,23462,0,0,0,0,1,0
1603,834375,10561,-27362,16800,0,11942,-30940,18997,0,0,0,0,1,0
1604,834895,15331,-27536,12205,0,17337,-31140,13802,0,0,0,0,1,0
1605,835416,19511,-26653,7142,0,22066,-30143,8077,0,0,0,0,1,0
1606,835937,22941,-24745,1804,0,25947,-27988,2041,0,0,0,0,1,0
1607,836458,25488,-21887,-3601,0,28831,-24758,-4073,0,0,0,0,1,0
1608,836979,27055,-18188,-8867,0,30607,-20576,-10031,0,0,0,0,1,0
1609,837500,27583,-13792,-13792,0,31207,-15603,-15603,0,0,0,0,1,0
1610,838020,27051,-8866,-18185,0,30607,-10031,-20576,0,0,0,0,1,0
1611,838541,25479,-3600,-21879,0,28831,-4073,-24758,0,0,0,0,1,0
1612,839062,22929,1804,-24732,0,25947,2041,-27988,0,0,0,0,1,0
1613,839583,19497,7137,-26634,0,22066,8077,-30143,0,0,0,0,1,0
1614,840104,15318,12194,-27512,0,17337,13802,-31140,0,0,0,0,1,0
1615,840625,10550,16783,-27333,0,11942,18997,-30940,0,0,0,0,1,0
1616,841145,5378,20725,-26103,0,6088,23462,-29551,0,0,0,0,1,0
1617,841666,0,23871,-23871,0,0,27026,-27026,0,0,0,0,1,0
1618,842187,-5377,26099,-20722,0,-6088,29551,-23462,0,0,0,0,1,0
1619,842708,-10546,27323,-16777,0,-11942,30940,-18997,0,0,0,0,1,0
1620,843229,-15310,27498,-12188,0,-17337,31140,-13802,0,0,0,0,1,0
1621,843750,-19484,26615,-7132,0,-22066,30143,-8077,0,0,0,0,1,0
1622,844270,-22908,24710,-1802,0,-25947,27988,-2041,0,0,0,0,1,0
1623,844791,-25452,21856,3596,0,-28831,24758,4073,0,0,0,0,1,0
1624,845312,-27018,18163,8855,0,-30607,20576,10031,0,0,0,0,1,0
1625,845833,-27545,13772,13772,0,-31207,15603,15603,0,0,0,0,1,0
1626,846354,-27013,8853,18160,0,-30607,10031,20576,0,0,0,0,1,0
1627,846875,-25443,3595,21849,0,-28831,4073,24758,0,0,0,0,1,0
1628,847395,-22896,-1801,24698,0,-25947,-2041,27988,0,0,0,0,1,0
1629,847916,-19470,-7127,26597,0,-22066,-8077,30143,0,0,0,0,1,0
1630,848437,-15296,-12177,27474,0,-17337,-13802,31140,0,0,0,0,1,0
1631,848958,-10535,-16759,27295,0,-11942,-18997,30940,0,0,0,0,1,0
1632,849479,-5370,-20696,26067,0,-6088,-23462,29551,0,0,0,0,1,0
1633,850000,0,-23838,23838,0,0,-27026,27026,0,0,0,0,1,0
1634,850520,5369,-26062,20693,0,6088,-29551,23462,0,0,0,0,1,0
1635,851041,10532,-27285,16753,0,11942,-30940,18997,0,0,0,0,1,0
1636,851562,15288,-27459,12171,0,17337,-31140,13802,0,0,0,0,1,0
1637,852083,19457,-26578,7122,0,22066,-30143,8077,0,0,0,0,1,0
1638,852604,22877,-24676,1799,0,25947,-27988,2041,0,0,0,0,1,0
1639,853125,25417,-21826,-3591,0,28831,-24758,-4073,0,0,0,0,1,0
1640,853645,26980,-18138,-8842,0,30607,-20576,-10031,0,0,0,0,1,0
1641,854166,27506,-13753,-13753,0,31207,-15603,-15603,0,0,0,0,1,0
1642,854687,26975,-8841,-18135,0,30607,-10031,-20576,0,0,0,0,1,0
1643,855208,25408,-3590,-21818,0,28831,-4073,-24758,0,0,0,0,1,0
1644,855729,22865,1799,-24663,0,25947,2041,-27988,0,0,0,0,1,0
1645,856250,19443,7117,-26560,0,22066,8077,-30143,0,0,0,0,1,0
1646,856770,15275,12160,-27435,0,17337,13802,-31140,0,0,0,0,1,0
1647,857291,10521,16736,-27257,0,11942,18997,-30940,0,0,0,0,1,0
1648,857812,5363,20668,-26031,0,6088,23462,-29551,0,0,0,0,1,0
1649,858333,0,23804,-23804,0,0,27026,-27026,0,0,0,0,1,0
1650,858854,-5362,26026,-20664,0,-6088,29551,-23462,0,0,0,0,1,0
1651,859375,-10517,27247,-16730,0,-11942,30940,-18997,0,0,0,0,1,0
1652,859895,-15267,27421,-12154,0,-17337,31140,-13802,0,0,0,0,1,0
1653,860416,-19430,26541,-7112,0,-22066,30143,-8077,0,0,0,0,1,0
1654,860937,-22845,24642,-1797,0,-25947,27988,-2041,0,0,0,0,1,0
1655,861458,-25381,21796,3586,0,-28831,24758,4073,0,0,0,0,1,0
1656,861979,-26942,18112,8830,0,-30607,20576,10031,0,0,0,0,1,0
1657,862500,-27468,13734,13734,0,-31207,15603,15603,0,0,0,0,1,0
1658,863020,-26938,8829,18109,0,-30607,10031,20576,0,0,0,0,1,0
1659,863541,-25373,3585,21788,0,-28831,4073,24758,0,0,0,0,1,0
1660,864062,-22833,-1796,24629,0,-25947,-2041,27988,0,0,0,0,1,0
1661,864583,-19416,-7107,26523,0,-22066,-8077,30143,0,0,0,0,1,0
1662,865104,-15254,-12143,27397,0,-17337,-13802,31140,0,0,0,0,1,0
1663,865625,-10506,-16713,27219,0,-11942,-18997,30940,0,0,0,0,1,0
1664,866145,-5355,-20639,25994,0,-6088,-23462,29551,0,0,0,0,1,0
1665,866666,0,-23771,23771,0,0,-27026,27026,0,0,0,0,1,0
1666,867187,5355,-25990,20635,0,6088,-29551,23462,0,0,0,0,1,0
1667,867708,10502,-27209,16707,0,11942,-30940,18997,0,0,0,0,1,0
1668,868229,15246,-27383,12137,0,17337,-31140,13802,0,0,0,0,1,0
1669,868750,19403,-26504,7102,0,22066,-30143,8077,0,0,0,0,1,0
1670,869270,22813,-24607,1794,0,25947,-27988,2041,0,0,0,0,1,0
1671,869791,25346,-21765,-3581,0,28831,-24758,-4073,0,0,0,0,1,0
1672,870312,26905,-18087,-8818,0,30607,-20576,-10031,0,0,0,0,1,0
1673,870833,27430,-13715,-13715,0,31207,-15603,-15603,0,0,0,0,1,0
1674,871354,26900,-8816,-18084,0,30607,-10031,-20576,0,0,0,0,1,0
1675,871875,25337,-3580,-21758,0,28831,-4073,-24758,0,0,0,0,1,0
1676,872395,22801,1794,-24595,0,25947,2041,-27988,0,0,0,0,1,0
1677,872916,19389,7097,-26486,0,22066,8077,-30143,0,0,0,0,1,0
1678,873437,15233,12127,-27359,0,17337,13802,-31140,0,0,0,0,1,0
1679,873958,10491,16690,-27181,0,11942,18997,-30940,0,0,0,0,1,0
1680,874479,5348,20610,-25958,0,6088,23462,-29551,0,0,0,0,1,0
1681,875000,0,23738,-23738,0,0,27026,-27026,0,0,0,0,1,0
1682,875520,-5347,25954,-20607,0,-6088,29551,-23462,0,0,0,0,1,0
1683,876041,-10488,27172,-16684,0,-11942,30940,-18997,0,0,0,0,1,0
1684,876562,-15225,27345,-12120,0,-17337,31140,-13802,0,0,0,0,1,0
1685,877083,-19376,26468,-7092,0,-22066,30143,-8077,0,0,0,0,1,0
1686,877604,-22781,24573,-1792,0,-25947,27988,-2041,0,0,0,0,1,0
1687,878125,-25311,21735,3576,0,-28831,24758,4073,0,0,0,0,1,0
1688,878645,-26868,18062,8806,0,-30607,20576,10031,0,0,0,0,1,0
1689,879166,-27392,13696,13696,0,-31207,15603,15603,0,0,0,0,1,0
1690,879687,-26863,8804,18059,0,-30607,10031,20576,0,0,0,0,1,0
1691,880208,-25302,3575,21728,0,-28831,4073,24758,0,0,0,0,1,0
1692,880729,-22770,-1791,24561,0,-25947,-2041,27988,0,0,0,0,1,0
1693,881250,-19362,-7087,26449,0,-22066,-8077,30143,0,0,0,0,1,0
1694,881770,-15212,-12110,27321,0,-17337,-13802,31140,0,0,0,0,1,0
1695,882291,-10477,-16666,27143,0,-11942,-18997,30940,0,0,0,0,1,0
1696,882812,-5341,-20582,25923,0,-6088,-23462,29551,0,0,0,0,1,0
1697,883333,0,-23706,23706,0,0,-27026,27026,0,0,0,0,1,0
1698,883854,5340,-25918,20578,0,6088,-29551,23462,0,0,0,0,1,0
1699,884375,10473,-27134,16661,0,11942,-30940,18997,0,0,0,0,1,0
1700,884895,15204,-27307,12104,0,17337,-31140,13802,0,0,0,0,1,0
1701,885416,19349,-26431,7082,0,22066,-30143,8077,0,0,0,0,1,0
1702,885937,22750,-24539,1790,0,25947,-27988,2041,0,0,0,0,1,0
1703,886458,25276,-21705,-3571,0,28831,-24758,-4073,0,0,0,0,1,0
1704,886979,26831,-18037,-8793,0,30607,-20576,-10031,0,0,0,0,1,0
1705,887500,27354,-13677,-13677,0,31207,-15603,-15603,0,0,0,0,1,0
1706,888020,26826,-8792,-18034,0,30607,-10031,-20576,0,0,0,0,1,0
1707,888541,25268,-3570,-21698,0,28831,-4073,-24758,0,0,0,0,1,0
1708,889062,22738,1789,-24527,0,25947,2041,-27988,0,0,0,0,1,0
1709,889583,19336,7077,-26413,0,22066,8077,-30143,0,0,0,0,1,0
1710,890104,15191,12093,-27284,0,17337,13802,-31140,0,0,0,0,1,0
1711,890625,10463,16644,-27106,0,11942,18997,-30940,0,0,0,0,1,0
1712,891145,5333,20553,-25887,0,6088,23462,-29551,0,0,0,0,1,0
1713,891666,0,23673,-23673,0,0,27026,-27026,0,0,0,0,1,0
1714,892187,-5332,25882,-20550,0,-6088,29551,-23462,0,0,0,0,1,0
1715,892708,-10459,27097,-16638,0,-11942,30940,-18997,0,0,0,0,1,0
1716,893229,-15183,27270,-12087,0,-17337,31140,-13802,0,0,0,0,1,0
1717,893750,-19322,26395,-7072,0,-22066,30143,-8077,0,0,0,0,1,0
1718,894270,-22719,24506,-1787,0,-25947,27988,-2041,0,0,0,0,1,0
1719,894791,-25241,21675,3566,0,-28831,24758,4073,0,0,0,0,1,0
1720,895312,-26794,18013,8781,0,-30607,20576,10031,0,0,0,0,1,0
1721,895833,-27316,13658,13658,0,-31207,15603,15603,0,0,0,0,1,0
1722,896354,-26789,8780,18009,0,-30607,10031,20576,0,0,0,0,1,0
1723,896875,-25233,3565,21668,0,-28831,4073,24758,0,0,0,0,1,0
1724,897395,-22707,-1786,24493,0,-25947,-2041,27988,0,0,0,0,1,0
1725,897916,-19309,-7068,26377,0,-22066,-8077,30143,0,0,0,0,1,0
1726,898437,-15170,-12077,27246,0,-17337,-13802,31140,0,0,0,0,1,0
1727,898958,-10448,-16621,27069,0,-11942,-18997,30940,0,0,0,0,1,0
1728,899479,-5326,-20525,25851,0,-6088,-23462,29551,0,0,0,0,1,0
1729,900000,0,-23640,23640,0,0,-27026,27026,0,0,0,0,1,0
1730,900520,5325,-25847,20522,0,6088,-29551,23462,0,0,0,0,1,0
1731,901041,10445,-27059,16615,0,11942,-30940,18997,0,0,0,0,1,0
1732,901562,15162,-27232,12070,0,17337,-31140,13802,0,0,0,0,1,0
1733,902083,19296,-26358,7063,0,22066,-30143,8077,0,0,0,0,1,0
1734,902604,22687,-24472,1785,0,25947,-27988,2041,0,0,0,0,1,0
1735,903125,25207,-21646,-3561,0,28831,-24758,-4073,0,0,0,0,1,0
1736,903645,26757,-17988,-8769,0,30607,-20576,-10031,0,0,0,0,1,0
1737,904166,27279,-13639,-13639,0,31207,-15603,-15603,0,0,0,0,1,0
1738,904687,26752,-8768,-17985,0,30607,-10031,-20576,0,0,0,0,1,0
1739,905208,25198,-3560,-21638,0,28831,-4073,-24758,0,0,0,0,1,0
1740,905729,22676,1784,-24459,0,25947,2041,-27988,0,0,0,0,1,0
1741,906250,19282,7058,-26340,0,22066,8077,-30143,0,0,0,0,1,0
1742,906770,15149,12060,-27209,0,17337,13802,-31140,0,0,0,0,1,0
1743,907291,10434,16598,-27032,0,11942,18997,-30940,0,0,0,0,1,0
1744,907812,5319,20497,-25816,0,6088,23462,-29551,0,0,0,0,1,0
1745,908333,0,23608,-23608,0,0,27026,-27026,0,0,0,0,1,0
1746,908854,-5318,25811,-20494,0,-6088,29551,-23462,0,0,0,0,1,0
1747,909375,-10430,27022,-16592,0,-11942,30940,-18997,0,0,0,0,1,0
1748,909895,-15141,27195,-12054,0,-17337,31140,-13802,0,0,0,0,1,0
1749,910416,-19269,26322,-7053,0,-22066,30143,-8077,0,0,0,0,1,0
1750,910937,-22656,24438,-1782,0,-25947,27988,-2041,0,0,0,0,1,0
1751,911458,-25172,21616,3556,0,-28831,24758,4073,0,0,0,0,1,0
1752,911979,-26720,17963,8757,0,-30607,20576,10031,0,0,0,0,1,0
1753,912500,-27242,13621,13621,0,-31207,15603,15603,0,0,0,0,1,0
1754,913020,-26716,8756,17960,0,-30607,10031,20576,0,0,0,0,1,0
1755,913541,-25164,3555,21608,0,-28831,4073,24758,0,0,0,0,1,0
1756,914062,-22645,-1781,24426,0,-25947,-2041,27988,0,0,0,0,1,0
1757,914583,-19256,-7048,26304,0,-22066,-8077,30143,0,0,0,0,1,0
1758,915104,-15128,-12043,27172,0,-17337,-13802,31140,0,0,0,0,1,0
1759,915625,-10420,-16575,26995,0,-11942,-18997,30940,0,0,0,0,1,0
1760,916145,-5311,-20469,25780,0,-6088,-23462,29551,0,0,0,0,1,0
1761,916666,0,-23576,23576,0,0,-27026,27026,0,0,0,0,1,0
1762,917187,5310,-25776,20466,0,6088,-29551,23462,0,0,0,0,1,0
1763,917708,10416,-26985,16569,0,11942,-30940,18997,0,0,0,0,1,0
1764,918229,15120,-27158,12037,0,17337,-31140,13802,0,0,0,0,1,0
1765,918750,19243,-26286,7043,0,22066,-30143,8077,0,0,0,0,1,0
1766,919270,22625,-24405,1780,0,25947,-27988,2041,0,0,0,0,1,0
1767,919791,25138,-21586,-3551,0,28831,-24758,-4073,0,0,0,0,1,0
1768,920312,26684,-17939,-8745,0,30607,-20576,-10031,0,0,0,0,1,0
1769,920833,27204,-13602,-13602,0,31207,-15603,-15603,0,0,0,0,1,0
1770,921354,26679,-8744,-17936,0,30607,-10031,-20576,0,0,0,0,1,0
1771,921875,25129,-3550,-21579,0,28831,-4073,-24758,0,0,0,0,1,0
1772,922395,22614,1779,-24393,0,25947,2041,-27988,0,0,0,0,1,0
1773,922916,19230,7039,-26268,0,22066,8077,-30143,0,0,0,0,1,0
1774,923437,15107,12027,-27135,0,17337,13802,-31140,0,0,0,0,1,0
1775,923958,10405,16552,-26958,0,11942,18997,-30940,0,0,0,0,1,0
1776,924479,5304,20441,-25745,0,6088,23462,-29551,0,0,0,0,1,0
1777,925000,0,23544,-23544,0,0,27026,-27026,0,0,0,0,1,0
1778,925520,-5303,25741,-20438,0,-6088,29551,-23462,0,0,0,0,1,0
1779,926041,-10402,26949,-16547,0,-11942,30940,-18997,0,0,0,0,1,0
1780,926562,-15100,27121,-12021,0,-17337,31140,-13802,0,0,0,0,1,0
1781,927083,-19217,26250,-7034,0,-22066,30143,-8077,0,0,0,0,1,0
1782,927604,-22595,24372,-1777,0,-25947,27988,-2041,0,0,0,0,1,0
1783,928125,-25104,21557,3547,0,-28831,24758,4073,0,0,0,0,1,0
1784,928645,-26648,17914,8733,0,-30607,20576,10031,0,0,0,0,1,0
1785,929166,-27167,13584,13584,0,-31207,15603,15603,0,0,0,0,1,0
1786,929687,-26643,8732,17911,0,-30607,10031,20576,0,0,0,0,1,0
1787,930208,-25095,3545,21550,0,-28831,4073,24758,0,0,0,0,1,0
1788,930729,-22583,-1776,24359,0,-25947,-2041,27988,0,0,0,0,1,0
1789,931250,-19204,-7029,26233,0,-22066,-8077,30143,0,0,0,0,1,0
1790,931770,-15087,-12011,27098,0,-17337,-13802,31140,0,0,0,0,1,0
1791,932291,-10391,-16530,26921,0,-11942,-18997,30940,0,0,0,0,1,0
1792,932812,-5297,-20413,25710,0,-6088,-23462,29551,0,0,0,0,1,0
1793,933333,0,-23512,23512,0,0,-27026,27026,0,0,0,0,1,0
1794,933854,5296,-25706,20410,0,6088,-29551,23462,0,0,0,0,1,0
1795,934375,10388,-26912,16524,0,11942,-30940,18997,0,0,0,0,1,0
1796,934895,15079,-27084,12005,0,17337,-31140,13802,0,0,0,0,1,0
1797,935416,19191,-26215,7024,0,22066,-30143,8077,0,0,0,0,1,0
1798,935937,22564,-24339,1775,0,25947,-27988,2041,0,0,0,0,1,0
1799,936458,25069,-21528,-3542,0,28831,-24758,-4073,0,0,0,0,1,0
1800,936979,26611,-17890,-8721,0,30607,-20576,-10031,0,0,0,0,1,0
1801,937500,27130,-13565,-13565,0,31207,-15603,-15603,0,0,0,0,1,0
1802,938020,26607,-8720,-17887,0,30607,-10031,-20576,0,0,0,0,1,0
1803,938541,25061,-3541,-21520,0,28831,-4073,-24758,0,0,0,0,1,0
1804,939062,22552,1774,-24326,0,25947,2041,-27988,0,0,0,0,1,0
1805,939583,19178,7019,-26197,0,22066,8077,-30143,0,0,0,0,1,0
1806,940104,15066,11994,-27061,0,17337,13802,-31140,0,0,0,0,1,0
1807,940625,10377,16507,-26885,0,11942,18997,-30940,0,0,0,0,1,0
1808,941145,5290,20386,-25675,0,6088,23462,-29551,0,0,0,0,1,0
1809,941666,0,23480,-23480,0,0,27026,-27026,0,0,0,0,1,0
1810,942187,-5289,25671,-20382,0,-6088,29551,-23462,0,0,0,0,1,0
1811,942708,-10374,26875,-16502,0,-11942,30940,-18997,0,0,0,0,1,0
1812,943229,-15059,27047,-11988,0,-17337,31140,-13802,0,0,0,0,1,0
1813,943750,-19165,26179,-7015,0,-22066,30143,-8077,0,0,0,0,1,0
1814,944270,-22533,24306,-1772,0,-25947,27988,-2041,0,0,0,0,1,0
1815,944791,-25035,21498,3537,0,-28831,24758,4073,0,0,0,0,1,0
1816,945312,-26575,17866,8710,0,-30607,20576,10031,0,0,0,0,1,0
1817,945833,-27094,13547,13547,0,-31207,15603,15603,0,0,0,0,1,0
1818,946354,-26571,8708,17862,0,-30607,10031,20576,0,0,0,0,1,0
1819,946875,-25027,3536,21491,0,-28831,4073,24758,0,0,0,0,1,0
1820,947395,-22522,-1772,24293,0,-25947,-2041,27988,0,0,0,0,1,0
1821,947916,-19152,-7010,26161,0,-22066,-8077,30143,0,0,0,0,1,0
1822,948437,-15046,-11978,27024,0,-17337,-13802,31140,0,0,0,0,1,0
1823,948958,-10363,-16485,26848,0,-11942,-18997,30940,0,0,0,0,1,0
1824,949479,-5283,-20358,25640,0,-6088,-23462,29551,0,0,0,0,1,0
1825,950000,0,-23448,23448,0,0,-27026,27026,0,0,0,0,1,0
1826,950520,5282,-25636,20354,0,6088,-29551,23462,0,0,0,0,1,0
1827,951041,10359,-26839,16480,0,11942,-30940,18997,0,0,0,0,1,0
1828,951562,15038,-27010,11972,0,17337,-31140,13802,0,0,0,0,1,0
1829,952083,19139,-26144,7005,0,22066,-30143,8077,0,0,0,0,1,0
1830,952604,22503,-24273,1770,0,25947,-27988,2041,0,0,0,0,1,0
1831,953125,25002,-21469,-3532,0,28831,-24758,-4073,0,0,0,0,1,0
1832,953645,26539,-17841,-8698,0,30607,-20576,-10031,0,0,0,0,1,0
1833,954166,27057,-13528,-13528,0,31207,-15603,-15603,0,0,0,0,1,0
1834,954687,26535,-8696,-17838,0,30607,-10031,-20576,0,0,0,0,1,0
1835,955208,24993,-3531,-21462,0,28831,-4073,-24758,0,0,0,0,1,0
1836,955729,22491,1769,-24260,0,25947,2041,-27988,0,0,0,0,1,0
1837,956250,19126,7000,-26126,0,22066,8077,-30143,0,0,0,0,1,0
1838,956770,15026,11962,-26988,0,17337,13802,-31140,0,0,0,0,1,0
1839,957291,10349,16463,-26812,0,11942,18997,-30940,0,0,0,0,1,0
1840,957812,5275,20330,-25606,0,6088,23462,-29551,0,0,0,0,1,0
1841,958333,0,23416,-23416,0,0,27026,-27026,0,0,0,0,1,0
1842,958854,-5275,25602,-20327,0,-6088,29551,-23462,0,0,0,0,1,0
1843,959375,-10345,26803,-16457,0,-11942,30940,-18997,0,0,0,0,1,0
1844,959895,-15018,26974,-11956,0,-17337,31140,-13802,0,0,0,0,1,0
1845,960416,-19113,26108,-6996,0,-22066,30143,-8077,0,0,0,0,1,0
1846,960937,-22472,24240,-1768,0,-25947,27988,-2041,0,0,0,0,1,0
1847,961458,-24968,21440,3527,0,-28831,24758,4073,0,0,0,0,1,0
1848,961979,-26503,17817,8686,0,-30607,20576,10031,0,0,0,0,1,0
1849,962500,-27020,13510,13510,0,-31207,15603,15603,0,0,0,0,1,0
1850,963020,-26499,8685,17814,0,-30607,10031,20576,0,0,0,0,1,0
1851,963541,-24959,3526,21433,0,-28831,4073,24758,0,0,0,0,1,0
1852,964062,-22461,-1767,24228,0,-25947,-2041,27988,0,0,0,0,1,0
1853,964583,-19100,-6991,26091,0,-22066,-8077,30143,0,0,0,0,1,0
1854,965104,-15005,-11946,26951,0,-17337,-13802,31140,0,0,0,0,1,0
1855,965625,-10335,-16441,26776,0,-11942,-18997,30940,0,0,0,0,1,0
1856,966145,-5268,-20303,25571,0,-6088,-23462,29551,0,0,0,0,1,0
1857,966666,0,-23385,23385,0,0,-27026,27026,0,0,0,0,1,0
1858,967187,5267,-25567,20300,0,6088,-29551,23462,0,0,0,0,1,0
1859,967708,10332,-26767,16435,0,11942,-30940,18997,0,0,0,0,1,0
1860,968229,14998,-26938,11940,0,17337,-31140,13802,0,0,0,0,1,0
1861,968750,19087,-26073,6986,0,22066,-30143,8077,0,0,0,0,1,0
1862,969270,22442,-24207,1765,0,25947,-27988,2041,0,0,0,0,1,0
1863,969791,24934,-21411,-3523,0,28831,-24758,-4073,0,0,0,0,1,0
1864,970312,26468,-17793,-8674,0,30607,-20576,-10031,0,0,0,0,1,0
1865,970833,26984,-13492,-13492,0,31207,-15603,-15603,0,0,0,0,1,0
1866,971354,26463,-8673,-17790,0,30607,-10031,-20576,0,0,0,0,1,0
1867,971875,24926,-3522,-21404,0,28831,-4073,-24758,0,0,0,0,1,0
1868,972395,22431,1764,-24195,0,25947,2041,-27988,0,0,0,0,1,0
1869,972916,19074,6982,-26056,0,22066,8077,-30143,0,0,0,0,1,0
1870,973437,14985,11930,-26915,0,17337,13802,-31140,0,0,0,0,1,0
1871,973958,10321,16419,-26740,0,11942,18997,-30940,0,0,0,0,1,0
1872,974479,5261,20276,-25537,0,6088,23462,-29551,0,0,0,0,1,0
1873,975000,0,23353,-23353,0,0,27026,-27026,0,0,0,0,1,0
1874,975520,-5260,25533,-20272,0,-6088,29551,-23462,0,0,0,0,1,0
1875,976041,-10318,26731,-16413,0,-11942,30940,-18997,0,0,0,0,1,0
1876,976562,-14978,26901,-11924,0,-17337,31140,-13802,0,0,0,0,1,0
1877,977083,-19061,26038,-6977,0,-22066,30143,-8077,0,0,0,0,1,0
1878,977604,-22412,24175,-1763,0,-25947,27988,-2041,0,0,0,0,1,0
1879,978125,-24901,21383,3518,0,-28831,24758,4073,0,0,0,0,1,0
1880,978645,-26432,17769,8663,0,-30607,20576,10031,0,0,0,0,1,0
1881,979166,-26948,13474,13474,0,-31207,15603,15603,0,0,0,0,1,0
1882,979687,-26428,8661,17766,0,-30607,10031,20576,0,0,0,0,1,0
1883,980208,-24892,3517,21376,0,-28831,4073,24758,0,0,0,0,1,0
1884,980729,-22401,-1762,24163,0,-25947,-2041,27988,0,0,0,0,1,0
1885,981250,-19049,-6972,26021,0,-22066,-8077,30143,0,0,0,0,1,0
1886,981770,-14965,-11914,26879,0,-17337,-13802,31140,0,0,0,0,1,0
1887,982291,-10307,-16397,26704,0,-11942,-18997,30940,0,0,0,0,1,0
1888,982812,-5254,-20249,25503,0,-6088,-23462,29551,0,0,0,0,1,0
1889,983333,0,-23322,23322,0,0,-27026,27026,0,0,0,0,1,0
1890,983854,5253,-25498,20245,0,6088,-29551,23462,0,0,0,0,1,0
1891,984375,10304,-26695,16391,0,11942,-30940,18997,0,0,0,0,1,0
1892,984895,14958,-26865,11908,0,17337,-31140,13802,0,0,0,0,1,0
1893,985416,19036,-26003,6968,0,22066,-30143,8077,0,0,0,0,1,0
1894,985937,22382,-24142,1761,0,25947,-27988,2041,0,0,0,0,1,0
1895,986458,24867,-21354,-3513,0,28831,-24758,-4073,0,0,0,0,1,0
1896,986979,26397,-17746,-8651,0,30607,-20576,-10031,0,0,0,0,1,0
1897,987500,26912,-13456,-13456,0,31207,-15603,-15603,0,0,0,0,1,0
1898,988020,26392,-8650,-17743,0,30607,-10031,-20576,0,0,0,0,1,0
1899,988541,24859,-3512,-21347,0,28831,-4073,-24758,0,0,0,0,1,0
1900,989062,22371,1760,-24130,0,25947,2041,-27988,0,0,0,0,1,0
1901,989583,19023,6963,-25986,0,22066,8077,-30143,0,0,0,0,1,0
1902,990104,14945,11898,-26843,0,17337,13802,-31140,0,0,0,0,1,0
1903,990625,10294,16375,-26668,0,11942,18997,-30940,0,0,0,0,1,0
1904,991145,5247,20221,-25469,0,6088,23462,-29551,0,0,0,0,1,0
1905,991666,0,23291,-23291,0,0,27026,-27026,0,0,0,0,1,0
1906,992187,-5246,25464,-20218,0,-6088,29551,-23462,0,0,0,0,1,0
1907,992708,-10290,26659,-16369,0,-11942,30940,-18997,0,0,0,0,1,0
1908,993229,-14938,26829,-11892,0,-17337,31140,-13802,0,0,0,0,1,0
1909,993750,-19010,25969,-6958,0,-22066,30143,-8077,0,0,0,0,1,0
1910,994270,-22352,24110,-1758,0,-25947,27988,-2041,0,0,0,0,1,0
1911,994791,-24834,21326,3509,0,-28831,24758,4073,0,0,0,0,1,0
1912,995312,-26362,17722,8640,0,-30607,20576,10031,0,0,0,0,1,0
1913,995833,-26876,13438,13438,0,-31207,15603,15603,0,0,0,0,1,0
1914,996354,-26357,8638,17719,0,-30607,10031,20576,0,0,0,0,1,0
1915,996875,-24826,3507,21318,0,-28831,4073,24758,0,0,0,0,1,0
1916,997395,-22341,-1757,24098,0,-25947,-2041,27988,0,0,0,0,1,0
1917,997916,-18998,-6954,25951,0,-22066,-8077,30143,0,0,0,0,1,0
1918,998437,-14925,-11882,26807,0,-17337,-13802,31140,0,0,0,0,1,0
1919,998958,-10280,-16353,26633,0,-11942,-18997,30940,0,0,0,0,1,0
1920,999479,-5240,-20194,25435,0,-6088,-23462,29551,0,0,0,0,1,0
1921,1000000,0,-23260,23260,0,0,-27026,27026,0,0,0,0,1,0
1922,1000520,5239,-25430,20191,0,6088,-29551,23462,0,0,0,0,1,0
1923,1001041,10276,-26624,16347,0,11942,-30940,18997,0,0,0,0,1,0
1924,1001562,14918,-26794,11876,0,17337,-31140,13802,0,0,0,0,1,0
1925,1002083,18985,-25934,6949,0,22066,-30143,8077,0,0,0,0,1,0
1926,1002604,22322,-24078,1756,0,25947,-27988,2041,0,0,0,0,1,0
1927,1003125,24801,-21297,-3504,0,28831,-24758,-4073,0,0,0,0,1,0
1928,1003645,26326,-17698,-8628,0,30607,-20576,-10031,0,0,0,0,1,0
1929,1004166,26840,-13420,-13420,0,31207,-15603,-15603,0,0,0,0,1,0
1930,1004687,26322,-8627,-17695,0,30607,-10031,-20576,0,0,0,0,1,0
1931,1005208,24793,-3503,-21290,0,28831,-4073,-24758,0,0,0,0,1,0
1932,1005729,22311,1755,-24066,0,25947,2041,-27988,0,0,0,0,1,0
1933,1006250,18972,6944,-25917,0,22066,8077,-30143,0,0,0,0,1,0
1934,1006770,14905,11866,-26771,0,17337,13802,-31140,0,0,0,0,1,0
1935,1007291,10266,16331,-26597,0,11942,18997,-30940,0,0,0,0,1,0
1936,1007812,5233,20168,-25401,0,6088,23462,-29551,0,0,0,0,1,0
1937,1008333,0,23229,-23229,0,0,27026,-27026,0,0,0,0,1,0
1938,1008854,-5232,25397,-20164,0,-6088,29551,-23462,0,0,0,0,1,0
1939,1009374,-10263,26588,-16326,0,-11942,30940,-18997,0,0,0,0,1,0
1940,1009895,-14898,26758,-11860,0,-17337,31140,-13802,0,0,0,0,1,0
1941,1010416,-18960,25900,-6940,0,-22066,30143,-8077,0,0,0,0,1,0
1942,1010937,-22293,24046,-1754,0,-25947,27988,-2041,0,0,0,0,1,0
1943,1011458,-24768,21269,3499,0,-28831,24758,4073,0,0,0,0,1,0
1944,1011979,-26291,17675,8617,0,-30607,20576,10031,0,0,0,0,1,0
1945,1012500,-26804,13402,13402,0,-31207,15603,15603,0,0,0,0,1,0
1946,1013020,-26287,8615,17672,0,-30607,10031,20576,0,0,0,0,1,0
1947,1013541,-24760,3498,21262,0,-28831,4073,24758,0,0,0,0,1,0
1948,1014062,-22281,-1753,24034,0,-25947,-2041,27988,0,0,0,0,1,0
1949,1014583,-18947,-6935,25882,0,-22066,-8077,30143,0,0,0,0,1,0
1950,1015104,-14885,-11850,26736,0,-17337,-13802,31140,0,0,0,0,1,0
1951,1015625,-10252,-16309,26562,0,-11942,-18997,30940,0,0,0,0,1,0
1952,1016145,-5226,-20141,25367,0,-6088,-23462,29551,0,0,0,0,1,0
1953,1016666,0,-23198,23198,0,0,-27026,27026,0,0,0,0,1,0
1954,1017187,5225,-25363,20138,0,6088,-29551,23462,0,0,0,0,1,0
1955,1017708,10249,-26553,16304,0,11942,-30940,18997,0,0,0,0,1,0
1956,1018229,14878,-26723,11844,0,17337,-31140,13802,0,0,0,0,1,0
1957,1018750,18935,-25865,6931,0,22066,-30143,8077,0,0,0,0,1,0
1958,1019270,22263,-24014,1751,0,25947,-27988,2041,0,0,0,0,1,0
1959,1019791,24735,-21241,-3495,0,28831,-24758,-4073,0,0,0,0,1,0
1960,1020312,26257,-17651,-8605,0,30607,-20576,-10031,0,0,0,0,1,0
1961,1020833,26769,-13384,-13384,0,31207,-15603,-15603,0,0,0,0,1,0
1962,1021354,26252,-8604,-17648,0,30607,-10031,-20576,0,0,0,0,1,0
1963,1021875,24727,-3493,-21234,0,28831,-4073,-24758,0,0,0,0,1,0
1964,1022395,22252,1750,-24002,0,25947,2041,-27988,0,0,0,0,1,0
1965,1022916,18922,6926,-25848,0,22066,8077,-30143,0,0,0,0,1,0
1966,1023437,14866,11835,-26700,0,17337,13802,-31140,0,0,0,0,1,0
1967,1023958,10239,16288,-26527,0,11942,18997,-30940,0,0,0,0,1,0
1968,1024479,5219,20114,-25333,0,6088,23462,-29551,0,0,0,0,1,0
1969,1024999,0,23167,-23167,0,0,27026,-27026,0,0,0,0,1,0
1970,1025520,-5218,25329,-20111,0,-6088,29551,-23462,0,0,0,0,1,0
1971,1026041,-10235,26518,-16282,0,-11942,30940,-18997,0,0,0,0,1,0
1972,1026562,-14858,26687,-11829,0,-17337,31140,-13802,0,0,0,0,1,0
1973,1027083,-18910,25831,-6921,0,-22066,30143,-8077,0,0,0,0,1,0
1974,1027604,-22234,23982,-1749,0,-25947,27988,-2041,0,0,0,0,1,0
1975,1028125,-24703,21213,3490,0,-28831,24758,4073,0,0,0,0,1,0
1976,1028645,-26222,17628,8594,0,-30607,20576,10031,0,0,0,0,1,0
1977,1029166,-26733,13367,13367,0,-31207,15603,15603,0,0,0,0,1,0
1978,1029687,-26218,8592,17625,0,-30607,10031,20576,0,0,0,0,1,0
1979,1030208,-24694,3489,21206,0,-28831,4073,24758,0,0,0,0,1,0
1980,1030729,-22222,-1748,23971,0,-25947,-2041,27988,0,0,0,0,1,0
1981,1031250,-18897,-6917,25814,0,-22066,-8077,30143,0,0,0,0,1,0
1982,1031770,-14846,-11819,26665,0,-17337,-13802,31140,0,0,0,0,1,0
1983,1032291,-10225,-16266,26492,0,-11942,-18997,30940,0,0,0,0,1,0
1984,1032812,-5212,-20088,25300,0,-6088,-23462,29551,0,0,0,0,1,0
1985,1033333,0,-23137,23137,0,0,-27026,27026,0,0,0,0,1,0
1986,1033854,5212,-25296,20084,0,6088,-29551,23462,0,0,0,0,1,0
1987,1034375,10222,-26483,16261,0,11942,-30940,18997,0,0,0,0,1,0
1988,1034895,14839,-26652,11813,0,17337,-31140,13802,0,0,0,0,1,0
1989,1035416,18885,-25797,6912,0,22066,-30143,8077,0,0,0,0,1,0
1990,1035937,22204,-23951,1747,0,25947,-27988,2041,0,0,0,0,1,0
1991,1036458,24670,-21185,-3485,0,28831,-24758,-4073,0,0,0,0,1,0
1992,1036979,26187,-17605,-8583,0,30607,-20576,-10031,0,0,0,0,1,0
1993,1037500,26698,-13349,-13349,0,31207,-15603,-15603,0,0,0,0,1,0
1994,1038020,26183,-8581,-17602,0,30607,-10031,-20576,0,0,0,0,1,0
1995,1038541,24662,-3484,-21178,0,28831,-4073,-24758,0,0,0,0,1,0
1996,1039062,22193,1746,-23939,0,25947,2041,-27988,0,0,0,0,1,0
1997,1039583,18872,6908,-25780,0,22066,8077,-30143,0,0,0,0,1,0
1998,1040104,14827,11803,-26630,0,17337,13802,-31140,0,0,0,0,1,0
1999,1040624,10212,16245,-26457,0,11942,18997,-30940,0,0,0,0,1,0
2000,1041145,5206,20061,-25267,0,6088,23462,-29551,0,0,0,0,1,0
2001,1041666,0,23106,-23106,0,0,27026,-27026,0,0,0,0,1,0
2002,1042187,-5205,25263,-20058,0,-6088,29551,-23462,0,0,0,0,1,0
2003,1042708,-10209,26448,-16239,0,-11942,30940,-18997,0,0,0,0,1,0
2004,1043229,-14819,26617,-11798,0,-17337,31140,-13802,0,0,0,0,1,0
2005,1043750,-18860,25763,-6903,0,-22066,30143,-8077,0,0,0,0,1,0
2006,1044270,-22175,23919,-1744,0,-25947,27988,-2041,0,0,0,0,1,0
2007,1044791,-24637,21157,3481,0,-28831,24758,4073,0,0,0,0,1,0
2008,1045312,-26153,17582,8571,0,-30607,20576,10031,0,0,0,0,1,0
2009,1045833,-26663,13332,13332,0,-31207,15603,15603,0,0,0,0,1,0
2010,1046354,-26149,8570,17579,0,-30607,10031,20576,0,0,0,0,1,0
2011,1046875,-24629,3480,21150,0,-28831,4073,24758,0,0,0,0,1,0
2012,1047395,-22164,-1743,23907,0,-25947,-2041,27988,0,0,0,0,1,0
2013,1047916,-18847,-6899,25746,0,-22066,-8077,30143,0,0,0,0,1,0
2014,1048437,-14807,-11788,26595,0,-17337,-13802,31140,0,0,0,0,1,0
2015,1048958,-10198,-16223,26422,0,-11942,-18997,30940,0,0,0,0,1,0
2016,1049479,-5199,-20035,25234,0,-6088,-23462,29551,0,0,0,0,1,0
2017,1050000,0,-23076,23076,0,0,-27026,27026,0,0,0,0,1,0
2018,1050520,5198,-25229,20032,0,6088,-29551,23462,0,0,0,0,1,0
2019,1051041,10195,-26413,16218,0,11942,-30940,18997,0,0,0,0,1,0
2020,1051562,14800,-26582,11782,0,17337,-31140,13802,0,0,0,0,1,0
2021,1052083,18835,-25729,6894,0,22066,-30143,8077,0,0,0,0,1,0
2022,1052604,22146,-23888,1742,0,25947,-27988,2041,0,0,0,0,1,0
2023,1053125,24605,-21129,-3476,0,28831,-24758,-4073,0,0,0,0,1,0
2024,1053645,26119,-17559,-8560,0,30607,-20576,-10031,0,0,0,0,1,0
2025,1054166,26628,-13314,-13314,0,31207,-15603,-15603,0,0,0,0,1,0
2026,1054687,26114,-8559,-17556,0,30607,-10031,-20576,0,0,0,0,1,0
2027,1055208,24597,-3475,-21122,0,28831,-4073,-24758,0,0,0,0,1,0
2028,1055729,22135,1741,-23876,0,25947,2041,-27988,0,0,0,0,1,0
2029,1056250,18823,6890,-25712,0,22066,8077,-30143,0,0,0,0,1,0
2030,1056770,14788,11772,-26560,0,17337,13802,-31140,0,0,0,0,1,0
2031,1057291,10185,16202,-26387,0,11942,18997,-30940,0,0,0,0,1,0
2032,1057812,5192,20009,-25200,0,6088,23462,-29551,0,0,0,0,1,0
2033,1058333,0,23045,-23045,0,0,27026,-27026,0,0,0,0,1,0
2034,1058854,-5191,25196,-20005,0,-6088,29551,-23462,0,0,0,0,1,0
2035,1059375,-10182,26379,-16197,0,-11942,30940,-18997,0,0,0,0,1,0
2036,1059895,-14780,26547,-11767,0,-17337,31140,-13802,0,0,0,0,1,0
2037,1060416,-18810,25695,-6885,0,-22066,30143,-8077,0,0,0,0,1,0
2038,1060937,-22117,23857,-1740,0,-25947,27988,-2041,0,0,0,0,1,0
2039,1061458,-24573,21101,3472,0,-28831,24758,4073,0,0,0,0,1,0
2040,1061979,-26084,17536,8549,0,-30607,20576,10031,0,0,0,0,1,0
2041,1062500,-26593,13297,13297,0,-31207,15603,15603,0,0,0,0,1,0
2042,1063020,-26080,8547,17533,0,-30607,10031,20576,0,0,0,0,1,0
2043,1063541,-24565,3471,21094,0,-28831,4073,24758,0,0,0,0,1,0
2044,1064062,-22106,-1739,23845,0,-25947,-2041,27988,0,0,0,0,1,0
2045,1064583,-18798,-6881,25679,0,-22066,-8077,30143,0,0,0,0,1,0
2046,1065104,-14768,-11757,26525,0,-17337,-13802,31140,0,0,0,0,1,0
2047,1065625,-10172,-16181,26353,0,-11942,-18997,30940,0,0,0,0,1,0
2048,1066145,-5185,-19982,25168,0,-6088,-23462,29551,0,0,0,0,1,0
2049,1066666,0,-23015,23015,0,0,-27026,27026,0,0,0,0,1,0
2050,1067187,5184,-25163,19979,0,6088,-29551,23462,0,0,0,0,1,0
2051,1067708,10168,-26344,16176,0,11942,-30940,18997,0,0,0,0,1,0
2052,1068229,14761,-26512,11751,0,17337,-31140,13802,0,0,0,0,1,0
2053,1068750,18786,-25662,6876,0,22066,-30143,8077,0,0,0,0,1,0
2054,1069270,22088,-23825,1737,0,25947,-27988,2041,0,0,0,0,1,0
2055,1069791,24541,-21074,-3467,0,28831,-24758,-4073,0,0,0,0,1,0
2056,1070312,26050,-17513,-8538,0,30607,-20576,-10031,0,0,0,0,1,0
2057,1070833,26559,-13279,-13279,0,31207,-15603,-15603,0,0,0,0,1,0
2058,1071354,26046,-8536,-17510,0,30607,-10031,-20576,0,0,0,0,1,0
2059,1071875,24533,-3466,-21067,0,28831,-4073,-24758,0,0,0,0,1,0
2060,1072395,22077,1737,-23814,0,25947,2041,-27988,0,0,0,0,1,0
2061,1072916,18774,6872,-25645,0,22066,8077,-30143,0,0,0,0,1,0
2062,1073437,14749,11742,-26491,0,17337,13802,-31140,0,0,0,0,1,0
2063,1073958,10159,16160,-26318,0,11942,18997,-30940,0,0,0,0,1,0
2064,1074479,5178,19956,-25135,0,6088,23462,-29551,0,0,0,0,1,0
2065,1075000,0,22985,-22985,0,0,27026,-27026,0,0,0,0,1,0
2066,1075520,-5178,25131,-19953,0,-6088,29551,-23462,0,0,0,0,1,0
2067,1076041,-10155,26310,-16155,0,-11942,30940,-18997,0,0,0,0,1,0
2068,1076562,-14742,26478,-11736,0,-17337,31140,-13802,0,0,0,0,1,0
2069,1077083,-18761,25628,-6867,0,-22066,30143,-8077,0,0,0,0,1,0
2070,1077604,-22059,23794,-1735,0,-25947,27988,-2041,0,0,0,0,1,0
2071,1078125,-24509,21046,3463,0,-28831,24758,4073,0,0,0,0,1,0
2072,1078645,-26016,17490,8527,0,-30607,20576,10031,0,0,0,0,1,0
2073,1079166,-26524,13262,13262,0,-31207,15603,15603,0,0,0,0,1,0
2074,1079687,-26012,8525,17487,0,-30607,10031,20576,0,0,0,0,1,0
2075,1080208,-24501,3462,21039,0,-28831,4073,24758,0,0,0,0,1,0
2076,1080729,-22048,-1734,23783,0,-25947,-2041,27988,0,0,0,0,1,0
2077,1081250,-18749,-6863,25612,0,-22066,-8077,30143,0,0,0,0,1,0
2078,1081770,-14730,-11726,26456,0,-17337,-13802,31140,0,0,0,0,1,0
2079,1082291,-10145,-16139,26284,0,-11942,-18997,30940,0,0,0,0,1,0
2080,1082812,-5172,-19930,25102,0,-6088,-23462,29551,0,0,0,0,1,0
2081,1083333,0,-22955,22955,0,0,-27026,27026,0,0,0,0,1,0
2082,1083854,5171,-25098,19927,0,6088,-29551,23462,0,0,0,0,1,0
2083,1084375,10142,-26276,16134,0,11942,-30940,18997,0,0,0,0,1,0
2084,1084895,14723,-26443,11721,0,17337,-31140,13802,0,0,0,0,1,0
2085,1085416,18737,-25595,6858,0,22066,-30143,8077,0,0,0,0,1,0
2086,1085937,22031,-23763,1733,0,25947,-27988,2041,0,0,0,0,1,0
2087,1086458,24477,-21019,-3458,0,28831,-24758,-4073,0,0,0,0,1,0
2088,1086979,25983,-17467,-8515,0,30607,-20576,-10031,0,0,0,0,1,0
2089,1087500,26489,-13245,-13245,0,31207,-15603,-15603,0,0,0,0,1,0
2090,1088020,25978,-8514,-17464,0,30607,-10031,-20576,0,0,0,0,1,0
2091,1088541,24469,-3457,-21012,0,28831,-4073,-24758,0,0,0,0,1,0
2092,1089062,22020,1732,-23752,0,25947,2041,-27988,0,0,0,0,1,0
2093,1089583,18725,6854,-25579,0,22066,8077,-30143,0,0,0,0,1,0
2094,1090104,14711,11711,-26422,0,17337,13802,-31140,0,0,0,0,1,0
2095,1090625,10132,16118,-26250,0,11942,18997,-30940,0,0,0,0,1,0
2096,1091145,5165,19905,-25069,0,6088,23462,-29551,0,0,0,0,1,0
2097,1091666,0,22926,-22926,0,0,27026,-27026,0,0,0,0,1,0
2098,1092187,-5164,25065,-19901,0,-6088,29551,-23462,0,0,0,0,1,0
2099,1092708,-10129,26242,-16113,0,-11942,30940,-18997,0,0,0,0,1,0
2100,1093229,-14704,26409,-11706,0,-17337,31140,-13802,0,0,0,0,1,0
2101,1093750,-18713,25562,-6849,0,-22066,30143,-8077,0,0,0,0,1,0
2102,1094270,-22002,23733,-1731,0,-25947,27988,-2041,0,0,0,0,1,0
2103,1094791,-24445,20992,3454,0,-28831,24758,4073,0,0,0,0,1,0
2104,1095312,-25949,17445,8504,0,-30607,20576,10031,0,0,0,0,1,0
2105,1095833,-26455,13228,13228,0,-31207,15603,15603,0,0,0,0,1,0
2106,1096354,-25945,8503,17442,0,-30607,10031,20576,0,0,0,0,1,0
2107,1096875,-24437,3453,20985,0,-28831,4073,24758,0,0,0,0,1,0
2108,1097395,-21991,-1730,23721,0,-25947,-2041,27988,0,0,0,0,1,0
2109,1097916,-18701,-6845,25545,0,-22066,-8077,30143,0,0,0,0,1,0
2110,1098437,-14692,-11696,26388,0,-17337,-13802,31140,0,0,0,0,1,0
2111,1098958,-10119,-16097,26216,0,-11942,-18997,30940,0,0,0,0,1,0
2112,1099479,-5158,-19879,25037,0,-6088,-23462,29551,0,0,0,0,1,0
2113,1100000,0,-22896,22896,0,0,-27026,27026,0,0,0,0,1,0
2114,1100520,5157,-25033,19876,0,6088,-29551,23462,0,0,0,0,1,0
2115,1101041,10116,-26208,16092,0,11942,-30940,18997,0,0,0,0,1,0
2116,1101562,14685,-26375,11690,0,17337,-31140,13802,0,0,0,0,1,0
2117,1102083,18689,-25529,6840,0,22066,-30143,8077,0,0,0,0,1,0
2118,1102604,21974,-23702,1728,0,25947,-27988,2041,0,0,0,0,1,0
2119,1103125,24414,-20965,-3449,0,28831,-24758,-4073,0,0,0,0,1,0
2120,1103645,25915,-17422,-8493,0,30607,-20576,-10031,0,0,0,0,1,0
2121,1104166,26421,-13211,-13211,0,31207,-15603,-15603,0,0,0,0,1,0
2122,1104687,25911,-8492,-17419,0,30607,-10031,-20576,0,0,0,0,1,0
2123,1105208,24406,-3448,-20958,0,28831,-4073,-24758,0,0,0,0,1,0
2124,1105729,21963,1728,-23691,0,25947,2041,-27988,0,0,0,0,1,0
2125,1106250,18676,6836,-25513,0,22066,8077,-30143,0,0,0,0,1,0
2126,1106770,14673,11681,-26354,0,17337,13802,-31140,0,0,0,0,1,0
2127,1107291,10106,16076,-26182,0,11942,18997,-30940,0,0,0,0,1,0
2128,1107812,5152,19853,-25005,0,6088,23462,-29551,0,0,0,0,1,0
2129,1108333,0,22867,-22867,0,0,27026,-27026,0,0,0,0,1,0
2130,1108854,-5151,25001,-19850,0,-6088,29551,-23462,0,0,0,0,1,0
2131,1109375,-10103,26174,-16071,0,-11942,30940,-18997,0,0,0,0,1,0
2132,1109895,-14666,26341,-11675,0,-17337,31140,-13802,0,0,0,0,1,0
2133,1110416,-18664,25496,-6832,0,-22066,30143,-8077,0,0,0,0,1,0
2134,1110937,-21945,23671,-1726,0,-25947,27988,-2041,0,0,0,0,1,0
2135,1111458,-24382,20938,3445,0,-28831,24758,4073,0,0,0,0,1,0
2136,1111979,-25882,17400,8482,0,-30607,20576,10031,0,0,0,0,1,0
2137,1112500,-26387,13193,13193,0,-31207,15603,15603,0,0,0,0,1,0
2138,1113020,-25878,8481,17397,0,-30607,10031,20576,0,0,0,0,1,0
2139,1113541,-24374,3444,20931,0,-28831,4073,24758,0,0,0,0,1,0
2140,1114062,-21935,-1725,23660,0,-25947,-2041,27988,0,0,0,0,1,0
2141,1114583,-18652,-6827,25480,0,-22066,-8077,30143,0,0,0,0,1,0
2142,1115104,-14654,-11666,26320,0,-17337,-13802,31140,0,0,0,0,1,0
2143,1115625,-10093,-16056,26149,0,-11942,-18997,30940,0,0,0,0,1,0
2144,1116145,-5145,-19828,24973,0,-6088,-23462,29551,0,0,0,0,1,0
2145,1116666,0,-22837,22837,0,0,-27026,27026,0,0,0,0,1,0
2146,1117187,5144,-24969,19824,0,6088,-29551,23462,0,0,0,0,1,0
2147,1117708,10090,-26140,16050,0,11942,-30940,18997,0,0,0,0,1,0
2148,1118229,14647,-26307,11660,0,17337,-31140,13802,0,0,0,0,1,0
2149,1118750,18640,-25463,6823,0,22066,-30143,8077,0,0,0,0,1,0
2150,1119270,21917,-23641,1724,0,25947,-27988,2041,0,0,0,0,1,0
2151,1119791,24351,-20911,-3440,0,28831,-24758,-4073,0,0,0,0,1,0
2152,1120312,25849,-17377,-8472,0,30607,-20576,-10031,0,0,0,0,1,0
2153,1120833,26353,-13177,-13177,0,31207,-15603,-15603,0,0,0,0,1,0
2154,1121354,25845,-8470,-17374,0,30607,-10031,-20576,0,0,0,0,1,0
2155,1121875,24343,-3439,-20904,0,28831,-4073,-24758,0,0,0,0,1,0
2156,1122395,21907,1723,-23630,0,25947,2041,-27988,0,0,0,0,1,0
2157,1122916,18628,6818,-25447,0,22066,8077,-30143,0,0,0,0,1,0
2158,1123437,14635,11651,-26286,0,17337,13802,-31140,0,0,0,0,1,0
2159,1123958,10080,16035,-26115,0,11942,18997,-30940,0,0,0,0,1,0
2160,1124479,5138,19802,-24941,0,6088,23462,-29551,0,0,0,0,1,0
2161,1125000,0,22808,-22808,0,0,27026,-27026,0,0,0,0,1,0
2162,1125520,-5138,24937,-19799,0,-6088,29551,-23462,0,0,0,0,1,0
2163,1126041,-10077,26107,-16030,0,-11942,30940,-18997,0,0,0,0,1,0
2164,1126562,-14628,26273,-11645,0,-17337,31140,-13802,0,0,0,0,1,0
2165,1127083,-18617,25431,-6814,0,-22066,30143,-8077,0,0,0,0,1,0
2166,1127604,-21889,23611,-1722,0,-25947,27988,-2041,0,0,0,0,1,0
2167,1128125,-24320,20884,3436,0,-28831,24758,4073,0,0,0,0,1,0
2168,1128645,-25816,17355,8461,0,-30607,20576,10031,0,0,0,0,1,0
2169,1129166,-26319,13160,13160,0,-31207,15603,15603,0,0,0,0,1,0
2170,1129687,-25812,8459,17352,0,-30607,10031,20576,0,0,0,0,1,0
2171,1130208,-24312,3435,20877,0,-28831,4073,24758,0,0,0,0,1,0
2172,1130729,-21878,-1721,23599,0,-25947,-2041,27988,0,0,0,0,1,0
2173,1131250,-18605,-6810,25414,0,-22066,-8077,30143,0,0,0,0,1,0
2174,1131770,-14616,-11636,26252,0,-17337,-13802,31140,0,0,0,0,1,0
2175,1132291,-10067,-16014,26082,0,-11942,-18997,30940,0,0,0,0,1,0
2176,1132812,-5132,-19777,24909,0,-6088,-23462,29551,0,0,0,0,1,0
2177,1133333,0,-22779,22779,0,0,-27026,27026,0,0,0,0,1,0
2178,1133854,5131,-24905,19774,0,6088,-29551,23462,0,0,0,0,1,0
2179,1134375,10064,-26073,16009,0,11942,-30940,18997,0,0,0,0,1,0
2180,1134895,14609,-26240,11630,0,17337,-31140,13802,0,0,0,0,1,0
2181,1135416,18593,-25398,6805,0,22066,-30143,8077,0,0,0,0,1,0
2182,1135937,21861,-23581,1720,0,25947,-27988,2041,0,0,0,0,1,0
2183,1136458,24289,-20857,-3432,0,28831,-24758,-4073,0,0,0,0,1,0
2184,1136979,25783,-17333,-8450,0,30607,-20576,-10031,0,0,0,0,1,0
2185,1137500,26286,-13143,-13143,0,31207,-15603,-15603,0,0,0,0,1,0
2186,1138020,25779,-8449,-17330,0,30607,-10031,-20576,0,0,0,0,1,0
2187,1138541,24281,-3430,-20850,0,28831,-4073,-24758,0,0,0,0,1,0
2188,1139062,21850,1719,-23569,0,25947,2041,-27988,0,0,0,0,1,0
2189,1139583,18581,6801,-25382,0,22066,8077,-30143,0,0,0,0,1,0
2190,1140104,14598,11621,-26219,0,17337,13802,-31140,0,0,0,0,1,0
2191,1140625,10054,15994,-26048,0,11942,18997,-30940,0,0,0,0,1,0
2192,1141145,5125,19752,-24877,0,6088,23462,-29551,0,0,0,0,1,0
2193,1141666,0,22750,-22750,0,0,27026,-27026,0,0,0,0,1,0
2194,1142187,-5124,24873,-19748,0,-6088,29551,-23462,0,0,0,0,1,0
2195,1142708,-10051,26040,-15989,0,-11942,30940,-18997,0,0,0,0,1,0
2196,1143229,-14591,26206,-11616,0,-17337,31140,-13802,0,0,0,0,1,0
2197,1143750,-18569,25366,-6797,0,-22066,30143,-8077,0,0,0,0,1,0
2198,1144270,-21833,23550,-1717,0,-25947,27988,-2041,0,0,0,0,1,0
2199,1144791,-24258,20831,3427,0,-28831,24758,4073,0,0,0,0,1,0
2200,1145312,-25750,17311,8439,0,-30607,20576,10031,0,0,0,0,1,0
2201,1145833,-26252,13126,13126,0,-31207,15603,15603,0,0,0,0,1,0
2202,1146354,-25746,8438,17308,0,-30607,10031,20576,0,0,0,0,1,0
2203,1146875,-24250,3426,20824,0,-28831,4073,24758,0,0,0,0,1,0
2204,1147395,-21823,-1717,23539,0,-25947,-2041,27988,0,0,0,0,1,0
2205,1147916,-18557,-6792,25350,0,-22066,-8077,30143,0,0,0,0,1,0
2206,1148437,-14579,-11606,26186,0,-17337,-13802,31140,0,0,0,0,1,0
2207,1148958,-10041,-15974,26015,0,-11942,-18997,30940,0,0,0,0,1,0
2208,1149479,-5119,-19726,24845,0,-6088,-23462,29551,0,0,0,0,1,0
2209,1150000,0,-22721,22721,0,0,-27026,27026,0,0,0,0,1,0
2210,1150520,5118,-24841,19723,0,6088,-29551,23462,0,0,0,0,1,0
2211,1151041,10038,-26007,15969,0,11942,-30940,18997,0,0,0,0,1,0
2212,1151562,14572,-26173,11601,0,17337,-31140,13802,0,0,0,0,1,0
2213,1152083,18545,-25333,6788,0,22066,-30143,8077,0,0,0,0,1,0
2214,1152604,21805,-23520,1715,0,25947,-27988,2041,0,0,0,0,1,0
2215,1153125,24227,-20804,-3423,0,28831,-24758,-4073,0,0,0,0,1,0
2216,1153645,25717,-17289,-8428,0,30607,-20576,-10031,0,0,0,0,1,0
2217,1154166,26219,-13109,-13109,0,31207,-15603,-15603,0,0,0,0,1,0
2218,1154687,25713,-8427,-17286,0,30607,-10031,-20576,0,0,0,0,1,0
2219,1155208,24219,-3422,-20797,0,28831,-4073,-24758,0,0,0,0,1,0
2220,1155729,21795,1714,-23509,0,25947,2041,-27988,0,0,0,0,1,0
2221,1156250,18534,6784,-25317,0,22066,8077,-30143,0,0,0,0,1,0
2222,1156770,14561,11592,-26152,0,17337,13802,-31140,0,0,0,0,1,0
2223,1157291,10029,15953,-25982,0,11942,18997,-30940,0,0,0,0,1,0
2224,1157812,5112,19701,-24814,0,6088,23462,-29551,0,0,0,0,1,0
2225,1158333,0,22692,-22692,0,0,27026,-27026,0,0,0,0,1,0
2226,1158854,-5111,24810,-19698,0,-6088,29551,-23462,0,0,0,0,1,0
2227,1159375,-10026,25974,-15948,0,-11942,30940,-18997,0,0,0,0,1,0
2228,1159895,-14554,26140,-11586,0,-17337,31140,-13802,0,0,0,0,1,0
2229,1160416,-18522,25301,-6779,0,-22066,30143,-8077,0,0,0,0,1,0
2230,1160937,-21778,23491,-1713,0,-25947,27988,-2041,0,0,0,0,1,0
2231,1161458,-24196,20778,3418,0,-28831,24758,4073,0,0,0,0,1,0
2232,1161979,-25684,17267,8418,0,-30607,20576,10031,0,0,0,0,1,0
2233,1162500,-26185,13093,13093,0,-31207,15603,15603,0,0,0,0,1,0
2234,1163020,-25680,8416,17264,0,-30607,10031,20576,0,0,0,0,1,0
2235,1163541,-24188,3417,20771,0,-28831,4073,24758,0,0,0,0,1,0
2236,1164062,-21767,-1712,23479,0,-25947,-2041,27988,0,0,0,0,1,0
2237,1164583,-18510,-6775,25285,0,-22066,-8077,30143,0,0,0,0,1,0
2238,1165104,-14542,-11577,26119,0,-17337,-13802,31140,0,0,0,0,1,0
2239,1165625,-10016,-15933,25949,0,-11942,-18997,30940,0,0,0,0,1,0
2240,1166145,-5106,-19676,24782,0,-6088,-23462,29551,0,0,0,0,1,0
2241,1166666,0,-22663,22663,0,0,-27026,27026,0,0,0,0,1,0
2242,1167187,5105,-24778,19673,0,6088,-29551,23462,0,0,0,0,1,0
2243,1167708,10013,-25941,15928,0,11942,-30940,18997,0,0,0,0,1,0
2244,1168229,14535,-26107,11571,0,17337,-31140,13802,0,0,0,0,1,0
2245,1168750,18498,-25269,6771,0,22066,-30143,8077,0,0,0,0,1,0
2246,1169270,21750,-23461,1711,0,25947,-27988,2041,0,0,0,0,1,0
2247,1169791,24165,-20751,-3414,0,28831,-24758,-4073,0,0,0,0,1,0
2248,1170312,25652,-17245,-8407,0,30607,-20576,-10031,0,0,0,0,1,0
2249,1170833,26152,-13076,-13076,0,31207,-15603,-15603,0,0,0,0,1,0
2250,1171354,25648,-8406,-17242,0,30607,-10031,-20576,0,0,0,0,1,0
2251,1171875,24158,-3413,-20745,0,28831,-4073,-24758,0,0,0,0,1,0
2252,1172395,21740,1710,-23450,0,25947,2041,-27988,0,0,0,0,1,0
2253,1172916,18487,6767,-25253,0,22066,8077,-30143,0,0,0,0,1,0
2254,1173437,14524,11562,-26086,0,17337,13802,-31140,0,0,0,0,1,0
2255,1173958,10003,15913,-25916,0,11942,18997,-30940,0,0,0,0,1,0
2256,1174479,5099,19652,-24751,0,6088,23462,-29551,0,0,0,0,1,0
2257,1175000,0,22634,-22634,0,0,27026,-27026,0,0,0,0,1,0
2258,1175520,-5098,24747,-19648,0,-6088,29551,-23462,0,0,0,0,1,0
2259,1176041,-10000,25908,-15908,0,-11942,30940,-18997,0,0,0,0,1,0
2260,1176562,-14517,26074,-11557,0,-17337,31140,-13802,0,0,0,0,1,0
2261,1177083,-18475,25237,-6762,0,-22066,30143,-8077,0,0,0,0,1,0
2262,1177604,-21723,23431,-1709,0,-25947,27988,-2041,0,0,0,0,1,0
2263,1178125,-24135,20725,3410,0,-28831,24758,4073,0,0,0,0,1,0
2264,1178645,-25620,17223,8396,0,-30607,20576,10031,0,0,0,0,1,0
2265,1179166,-26119,13060,13060,0,-31207,15603,15603,0,0,0,0,1,0
2266,1179687,-25615,8395,17220,0,-30607,10031,20576,0,0,0,0,1,0
2267,1180208,-24127,3409,20719,0,-28831,4073,24758,0,0,0,0,1,0
2268,1180729,-21712,-1708,23420,0,-25947,-2041,27988,0,0,0,0,1,0
2269,1181250,-18463,-6758,25221,0,-22066,-8077,30143,0,0,0,0,1,0
2270,1181770,-14505,-11548,26053,0,-17337,-13802,31140,0,0,0,0,1,0
2271,1182291,-9991,-15893,25884,0,-11942,-18997,30940,0,0,0,0,1,0
2272,1182812,-5093,-19627,24720,0,-6088,-23462,29551,0,0,0,0,1,0
2273,1183333,0,-22606,22606,0,0,-27026,27026,0,0,0,0,1,0
2274,1183854,5092,-24716,19624,0,6088,-29551,23462,0,0,0,0,1,0
2275,1184375,9988,-25876,15888,0,11942,-30940,18997,0,0,0,0,1,0
2276,1184895,14499,-26041,11542,0,17337,-31140,13802,0,0,0,0,1,0
2277,1185416,18452,-25206,6754,0,22066,-30143,8077,0,0,0,0,1,0
2278,1185937,21695,-23402,1707,0,25947,-27988,2041,0,0,0,0,1,0
2279,1186458,24105,-20699,-3406,0,28831,-24758,-4073,0,0,0,0,1,0
2280,1186979,25587,-17201,-8386,0,30607,-20576,-10031,0,0,0,0,1,0
2281,1187500,26086,-13043,-13043,0,31207,-15603,-15603,0,0,0,0,1,0
2282,1188020,25583,-8385,-17199,0,30607,-10031,-20576,0,0,0,0,1,0
2283,1188541,24097,-3404,-20693,0,28831,-4073,-24758,0,0,0,0,1,0
2284,1189062,21685,1706,-23391,0,25947,2041,-27988,0,0,0,0,1,0
2285,1189583,18440,6750,-25190,0,22066,8077,-30143,0,0,0,0,1,0
2286,1190104,14487,11533,-26020,0,17337,13802,-31140,0,0,0,0,1,0
2287,1190625,9978,15873,-25851,0,11942,18997,-30940,0,0,0,0,1,0
2288,1191145,5086,19602,-24689,0,6088,23462,-29551,0,0,0,0,1,0
2289,1191666,0,22577,-22577,0,0,27026,-27026,0,0,0,0,1,0
2290,1192187,-5086,24685,-19599,0,-6088,29551,-23462,0,0,0,0,1,0
2291,1192708,-9975,25843,-15868,0,-11942,30940,-18997,0,0,0,0,1,0
2292,1193229,-14480,26008,-11528,0,-17337,31140,-13802,0,0,0,0,1,0
2293,1193750,-18429,25174,-6745,0,-22066,30143,-8077,0,0,0,0,1,0
2294,1194270,-21668,23372,-1704,0,-25947,27988,-2041,0,0,0,0,1,0
2295,1194791,-24074,20673,3401,0,-28831,24758,4073,0,0,0,0,1,0
2296,1195312,-25555,17180,8375,0,-30607,20576,10031,0,0,0,0,1,0
2297,1195833,-26054,13027,13027,0,-31207,15603,15603,0,0,0,0,1,0
2298,1196354,-25551,8374,17177,0,-30607,10031,20576,0,0,0,0,1,0
2299,1196875,-24067,3400,20667,0,-28831,4073,24758,0,0,0,0,1,0
2300,1197395,-21658,-1704,23361,0,-25947,-2041,27988,0,0,0,0,1,0
2301,1197916,-18417,-6741,25158,0,-22066,-8077,30143,0,0,0,0,1,0
2302,1198437,-14469,-11519,25988,0,-17337,-13802,31140,0,0,0,0,1,0
2303,1198958,-9966,-15853,25819,0,-11942,-18997,30940,0,0,0,0,1,0
2304,1199479,-5080,-19578,24658,0,-6088,-23462,29551,0,0,0,0,1,0
2305,1200000,0,-22549,22549,0,0,-27026,27026,0,0,0,0,1,0
2306,1200520,5079,-24654,19574,0,6088,-29551,23462,0,0,0,0,1,0
2307,1201041,9963,-25811,15848,0,11942,-30940,18997,0,0,0,0,1,0
2308,1201562,14462,-25976,11513,0,17337,-31140,13802,0,0,0,0,1,0
2309,1202083,18405,-25142,6737,0,22066,-30143,8077,0,0,0,0,1,0
2310,1202604,21641,-23343,1702,0,25947,-27988,2041,0,0,0,0,1,0
2311,1203125,24044,-20647,-3397,0,28831,-24758,-4073,0,0,0,0,1,0
2312,1203645,25523,-17158,-8365,0,30607,-20576,-10031,0,0,0,0,1,0
2313,1204166,26021,-13011,-13011,0,31207,-15603,-15603,0,0,0,0,1,0
2314,1204687,25519,-8364,-17156,0,30607,-10031,-20576,0,0,0,0,1,0
2315,1205208,24037,-3396,-20641,0,28831,-4073,-24758,0,0,0,0,1,0
2316,1205729,21631,1701,-23332,0,25947,2041,-27988,0,0,0,0,1,0
2317,1206250,18394,6733,-25127,0,22066,8077,-30143,0,0,0,0,1,0
2318,1206770,14451,11504,-25955,0,17337,13802,-31140,0,0,0,0,1,0
2319,1207291,9953,15833,-25786,0,11942,18997,-30940,0,0,0,0,1,0
2320,1207812,5074,19553,-24627,0,6088,23462,-29551,0,0,0,0,1,0
2321,1208333,0,22521,-22521,0,0,27026,-27026,0,0,0,0,1,0
2322,1208854,-5073,24623,-19550,0,-6088,29551,-23462,0,0,0,0,1,0
2323,1209375,-9950,25778,-15828,0,-11942,30940,-18997,0,0,0,0,1,0
2324,1209895,-14444,25943,-11499,0,-17337,31140,-13802,0,0,0,0,1,0
2325,1210416,-18382,25111,-6728,0,-22066,30143,-8077,0,0,0,0,1,0
2326,1210937,-21614,23314,-1700,0,-25947,27988,-2041,0,0,0,0,1,0
2327,1211458,-24014,20621,3393,0,-28831,24758,4073,0,0,0,0,1,0
2328,1211979,-25491,17137,8354,0,-30607,20576,10031,0,0,0,0,1,0
2329,1212500,-25989,12994,12994,0,-31207,15603,15603,0,0,0,0,1,0
2330,1213020,-25487,8353,17134,0,-30607,10031,20576,0,0,0,0,1,0
2331,1213541,-24007,3392,20615,0,-28831,4073,24758,0,0,0,0,1,0
2332,1214062,-21604,-1699,23303,0,-25947,-2041,27988,0,0,0,0,1,0
2333,1214583,-18371,-6724,25095,0,-22066,-8077,30143,0,0,0,0,1,0
2334,1215104,-14433,-11490,25923,0,-17337,-13802,31140,0,0,0,0,1,0
2335,1215625,-9941,-15813,25754,0,-11942,-18997,30940,0,0,0,0,1,0
2336,1216145,-5067,-19529,24596,0,-6088,-23462,29551,0,0,0,0,1,0
2337,1216666,0,-22493,22493,0,0,-27026,27026,0,0,0,0,1,0
2338,1217187,5067,-24592,19526,0,6088,-29551,23462,0,0,0,0,1,0
2339,1217708,9938,-25746,15809,0,11942,-30940,18997,0,0,0,0,1,0
2340,1218229,14426,-25911,11485,0,17337,-31140,13802,0,0,0,0,1,0
2341,1218750,18360,-25080,6720,0,22066,-30143,8077,0,0,0,0,1,0
2342,1219270,21587,-23285,1698,0,25947,-27988,2041,0,0,0,0,1,0
2343,1219791,23984,-20596,-3389,0,28831,-24758,-4073,0,0,0,0,1,0
2344,1220312,25460,-17116,-8344,0,30607,-20576,-10031,0,0,0,0,1,0
2345,1220833,25956,-12978,-12978,0,31207,-15603,-15603,0,0,0,0,1,0
2346,1221354,25456,-8343,-17113,0,30607,-10031,-20576,0,0,0,0,1,0
2347,1221875,23977,-3387,-20589,0,28831,-4073,-24758,0,0,0,0,1,0
2348,1222395,21577,1697,-23274,0,25947,2041,-27988,0,0,0,0,1,0
2349,1222916,18348,6716,-25064,0,22066,8077,-30143,0,0,0,0,1,0
2350,1223437,14415,11476,-25891,0,17337,13802,-31140,0,0,0,0,1,0
2351,1223958,9928,15794,-25722,0,11942,18997,-30940,0,0,0,0,1,0
2352,1224479,5061,19504,-24565,0,6088,23462,-29551,0,0,0,0,1,0
2353,1225000,0,22465,-22465,0,0,27026,-27026,0,0,0,0,1,0
2354,1225520,-5060,24562,-19501,0,-6088,29551,-23462,0,0,0,0,1,0
2355,1226041,-9925,25714,-15789,0,-11942,30940,-18997,0,0,0,0,1,0
2356,1226562,-14408,25879,-11470,0,-17337,31140,-13802,0,0,0,0,1,0
2357,1227083,-18337,25048,-6712,0,-22066,30143,-8077,0,0,0,0,1,0
2358,1227604,-21560,23256,-1696,0,-25947,27988,-2041,0,0,0,0,1,0
2359,1228125,-23954,20570,3384,0,-28831,24758,4073,0,0,0,0,1,0
2360,1228645,-25428,17094,8334,0,-30607,20576,10031,0,0,0,0,1,0
2361,1229166,-25924,12962,12962,0,-31207,15603,15603,0,0,0,0,1,0
2362,1229687,-25424,8332,17092,0,-30607,10031,20576,0,0,0,0,1,0
2363,1230208,-23947,3383,20564,0,-28831,4073,24758,0,0,0,0,1,0
2364,1230729,-21550,-1695,23245,0,-25947,-2041,27988,0,0,0,0,1,0
2365,1231250,-18325,-6708,25033,0,-22066,-8077,30143,0,0,0,0,1,0
2366,1231770,-14397,-11461,25859,0,-17337,-13802,31140,0,0,0,0,1,0
2367,1232291,-9916,-15774,25690,0,-11942,-18997,30940,0,0,0,0,1,0
2368,1232812,-5055,-19480,24535,0,-6088,-23462,29551,0,0,0,0,1,0
2369,1233333,0,-22437,22437,0,0,-27026,27026,0,0,0,0,1,0
2370,1233854,5054,-24531,19477,0,6088,-29551,23462,0,0,0,0,1,0
2371,1234375,9913,-25682,15769,0,11942,-30940,18997,0,0,0,0,1,0
2372,1234895,14390,-25847,11456,0,17337,-31140,13802,0,0,0,0,1,0
2373,1235416,18314,-25017,6703,0,22066,-30143,8077,0,0,0,0,1,0
2374,1235937,21533,-23227,1694,0,25947,-27988,2041,0,0,0,0,1,0
2375,1236458,23925,-20545,-3380,0,28831,-24758,-4073,0,0,0,0,1,0
2376,1236979,25396,-17073,-8323,0,30607,-20576,-10031,0,0,0,0,1,0
2377,1237500,25892,-12946,-12946,0,31207,-15603,-15603,0,0,0,0,1,0
2378,1238020,25392,-8322,-17070,0,30607,-10031,-20576,0,0,0,0,1,0
2379,1238541,23917,-3379,-20538,0,28831,-4073,-24758,0,0,0,0,1,0
2380,1239062,21523,1693,-23216,0,25947,2041,-27988,0,0,0,0,1,0
2381,1239583,18303,6699,-25002,0,22066,8077,-30143,0,0,0,0,1,0
2382,1240104,14379,11447,-25827,0,17337,13802,-31140,0,0,0,0,1,0
2383,1240625,9904,15755,-25659,0,11942,18997,-30940,0,0,0,0,1,0
2384,1241145,5049,19456,-24505,0,6088,23462,-29551,0,0,0,0,1,0
2385,1241666,0,22409,-22409,0,0,27026,-27026,0,0,0,0,1,0
2386,1242187,-5048,24501,-19453,0,-6088,29551,-23462,0,0,0,0,1,0
2387,1242708,-9901,25651,-15750,0,-11942,30940,-18997,0,0,0,0,1,0
2388,1243229,-14373,25815,-11442,0,-17337,31140,-13802,0,0,0,0,1,0
2389,1243750,-18291,24987,-6695,0,-22066,30143,-8077,0,0,0,0,1,0
2390,1244270,-21507,23198,-1692,0,-25947,27988,-2041,0,0,0,0,1,0
2391,1244791,-23895,20519,3376,0,-28831,24758,4073,0,0,0,0,1,0
2392,1245312,-25365,17052,8313,0,-30607,20576,10031,0,0,0,0,1,0
2393,1245833,-25860,12930,12930,0,-31207,15603,15603,0,0,0,0,1,0
2394,1246354,-25361,8312,17049,0,-30607,10031,20576,0,0,0,0,1,0
2395,1246875,-23888,3375,20513,0,-28831,4073,24758,0,0,0,0,1,0
2396,1247395,-21497,-1691,23188,0,-25947,-2041,27988,0,0,0,0,1,0
2397,1247916,-18280,-6691,24971,0,-22066,-8077,30143,0,0,0,0,1,0
2398,1248437,-14361,-11433,25795,0,-17337,-13802,31140,0,0,0,0,1,0
2399,1248958,-9892,-15735,25627,0,-11942,-18997,30940,0,0,0,0,1,0
2400,1249479,-5042,-19432,24474,0,-6088,-23462,29551,0,0,0,0,1,0
2401,1250000,0,-22382,22382,0,0,-27026,27026,0,0,0,0,1,0
2402,1250520,5042,-24471,19429,0,6088,-29551,23462,0,0,0,0,1,0
2403,1251041,9889,-25619,15730,0,11942,-30940,18997,0,0,0,0,1,0
2404,1251562,14355,-25783,11428,0,17337,-31140,13802,0,0,0,0,1,0
2405,1252083,18269,-24956,6687,0,22066,-30143,8077,0,0,0,0,1,0
2406,1252604,21480,-23170,1690,0,25947,-27988,2041,0,0,0,0,1,0
2407,1253125,23866,-20494,-3372,0,28831,-24758,-4073,0,0,0,0,1,0
2408,1253645,25334,-17031,-8303,0,30607,-20576,-10031,0,0,0,0,1,0
2409,1254166,25828,-12914,-12914,0,31207,-15603,-15603,0,0,0,0,1,0
2410,1254687,25330,-8302,-17028,0,30607,-10031,-20576,0,0,0,0,1,0
2411,1255208,23858,-3371,-20488,0,28831,-4073,-24758,0,0,0,0,1,0
2412,1255729,21470,1689,-23159,0,25947,2041,-27988,0,0,0,0,1,0
2413,1256250,18258,6683,-24940,0,22066,8077,-30143,0,0,0,0,1,0
2414,1256770,14344,11419,-25763,0,17337,13802,-31140,0,0,0,0,1,0
2415,1257291,9879,15716,-25595,0,11942,18997,-30940,0,0,0,0,1,0
2416,1257812,5036,19408,-24444,0,6088,23462,-29551,0,0,0,0,1,0
2417,1258333,0,22354,-22354,0,0,27026,-27026,0,0,0,0,1,0
2418,1258854,-5035,24440,-19405,0,-6088,29551,-23462,0,0,0,0,1,0
2419,1259375,-9876,25587,-15711,0,-11942,30940,-18997,0,0,0,0,1,0
2420,1259895,-14337,25751,-11414,0,-17337,31140,-13802,0,0,0,0,1,0
2421,1260416,-18246,24925,-6679,0,-22066,30143,-8077,0,0,0,0,1,0
2422,1260937,-21454,23141,-1688,0,-25947,27988,-2041,0,0,0,0,1,0
2423,1261458,-23836,20469,3368,0,-28831,24758,4073,0,0,0,0,1,0
2424,1261979,-25303,17010,8293,0,-30607,20576,10031,0,0,0,0,1,0
2425,1262500,-25796,12898,12898,0,-31207,15603,15603,0,0,0,0,1,0
2426,1263020,-25299,8291,17007,0,-30607,10031,20576,0,0,0,0,1,0
2427,1263541,-23829,3367,20462,0,-28831,4073,24758,0,0,0,0,1,0
2428,1264062,-21444,-1687,23131,0,-25947,-2041,27988,0,0,0,0,1,0
2429,1264583,-18235,-6675,24910,0,-22066,-8077,30143,0,0,0,0,1,0
2430,1265104,-14326,-11405,25731,0,-17337,-13802,31140,0,0,0,0,1,0
2431,1265625,-9867,-15697,25564,0,-11942,-18997,30940,0,0,0,0,1,0
2432,1266145,-5030,-19384,24414,0,-6088,-23462,29551,0,0,0,0,1,0
2433,1266666,0,-22327,22327,0,0,-27026,27026,0,0,0,0,1,0
2434,1267187,5029,-24410,19381,0,6088,-29551,23462,0,0,0,0,1,0
2435,1267708,9864,-25556,15692,0,11942,-30940,18997,0,0,0,0,1,0
2436,1268229,14320,-25719,11400,0,17337,-31140,13802,0,0,0,0,1,0
2437,1268750,18224,-24894,6670,0,22066,-30143,8077,0,0,0,0,1,0
2438,1269270,21428,-23113,1685,0,25947,-27988,2041,0,0,0,0,1,0
2439,1269791,23807,-20444,-3363,0,28831,-24758,-4073,0,0,0,0,1,0
2440,1270312,25272,-16989,-8282,0,30607,-20576,-10031,0,0,0,0,1,0
2441,1270833,25765,-12882,-12882,0,31207,-15603,-15603,0,0,0,0,1,0
2442,1271354,25268,-8281,-16987,0,30607,-10031,-20576,0,0,0,0,1,0
2443,1271875,23800,-3362,-20437,0,28831,-4073,-24758,0,0,0,0,1,0
2444,1272395,21418,1685,-23102,0,25947,2041,-27988,0,0,0,0,1,0
2445,1272916,18213,6666,-24879,0,22066,8077,-30143,0,0,0,0,1,0
2446,1273437,14309,11391,-25700,0,17337,13802,-31140,0,0,0,0,1,0
2447,1273958,9855,15677,-25533,0,11942,18997,-30940,0,0,0,0,1,0
2448,1274479,5024,19361,-24384,0,6088,23462,-29551,0,0,0,0,1,0
2449,1275000,0,22299,-22299,0,0,27026,-27026,0,0,0,0,1,0
2450,1275520,-5023,24381,-19358,0,-6088,29551,-23462,0,0,0,0,1,0
2451,1276041,-9852,25525,-15673,0,-11942,30940,-18997,0,0,0,0,1,0
2452,1276562,-14302,25688,-11386,0,-17337,31140,-13802,0,0,0,0,1,0
2453,1277083,-18202,24864,-6662,0,-22066,30143,-8077,0,0,0,0,1,0
2454,1277604,-21401,23085,-1683,0,-25947,27988,-2041,0,0,0,0,1,0
2455,1278125,-23778,20419,3359,0,-28831,24758,4073,0,0,0,0,1,0
2456,1278645,-25241,16968,8272,0,-30607,20576,10031,0,0,0,0,1,0
2457,1279166,-25733,12867,12867,0,-31207,15603,15603,0,0,0,0,1,0
2458,1279687,-25237,8271,16966,0,-30607,10031,20576,0,0,0,0,1,0
2459,1280208,-23771,3358,20412,0,-28831,4073,24758,0,0,0,0,1,0
2460,1280729,-21392,-1683,23074,0,-25947,-2041,27988,0,0,0,0,1,0
2461,1281250,-18191,-6658,24849,0,-22066,-8077,30143,0,0,0,0,1,0
2462,1281770,-14291,-11377,25668,0,-17337,-13802,31140,0,0,0,0,1,0
2463,1282291,-9843,-15658,25501,0,-11942,-18997,30940,0,0,0,0,1,0
2464,1282812,-5018,-19337,24355,0,-6088,-23462,29551,0,0,0,0,1,0
2465,1283333,0,-22272,22272,0,0,-27026,27026,0,0,0,0,1,0
2466,1283854,5017,-24351,19334,0,6088,-29551,23462,0,0,0,0,1,0
2467,1284375,9840,-25494,15653,0,11942,-30940,18997,0,0,0,0,1,0
2468,1284895,14285,-25657,11372,0,17337,-31140,13802,0,0,0,0,1,0
2469,1285416,18179,-24834,6654,0,22066,-30143,8077,0,0,0,0,1,0
2470,1285937,21375,-23057,1681,0,25947,-27988,2041,0,0,0,0,1,0
2471,1286458,23749,-20394,-3355,0,28831,-24758,-4073,0,0,0,0,1,0
2472,1286979,25210,-16948,-8262,0,30607,-20576,-10031,0,0,0,0,1,0
2473,1287500,25702,-12851,-12851,0,31207,-15603,-15603,0,0,0,0,1,0
2474,1288020,25206,-8261,-16945,0,30607,-10031,-20576,0,0,0,0,1,0
2475,1288541,23742,-3354,-20388,0,28831,-4073,-24758,0,0,0,0,1,0
2476,1289062,21365,1681,-23046,0,25947,2041,-27988,0,0,0,0,1,0
2477,1289583,18168,6650,-24819,0,22066,8077,-30143,0,0,0,0,1,0
2478,1290104,14274,11363,-25637,0,17337,13802,-31140,0,0,0,0,1,0
2479,1290625,9831,15639,-25470,0,11942,18997,-30940,0,0,0,0,1,0
2480,1291145,5012,19313,-24325,0,6088,23462,-29551,0,0,0,0,1,0
2481,1291666,0,22245,-22245,0,0,27026,-27026,0,0,0,0,1,0
2482,1292187,-5011,24321,-19310,0,-6088,29551,-23462,0,0,0,0,1,0
2483,1292708,-9828,25463,-15634,0,-11942,30940,-18997,0,0,0,0,1,0
2484,1293229,-14267,25625,-11358,0,-17337,31140,-13802,0,0,0,0,1,0
2485,1293750,-18157,24803,-6646,0,-22066,30143,-8077,0,0,0,0,1,0
2486,1294270,-21349,23029,-1679,0,-25947,27988,-2041,0,0,0,0,1,0
2487,1294791,-23720,20369,3351,0,-28831,24758,4073,0,0,0,0,1,0
2488,1295312,-25179,16927,8252,0,-30607,20576,10031,0,0,0,0,1,0
2489,1295833,-25671,12835,12835,0,-31207,15603,15603,0,0,0,0,1,0
2490,1296354,-25175,8251,16925,0,-30607,10031,20576,0,0,0,0,1,0
2491,1296875,-23713,3350,20363,0,-28831,4073,24758,0,0,0,0,1,0
2492,1297395,-21339,-1679,23018,0,-25947,-2041,27988,0,0,0,0,1,0
2493,1297916,-18146,-6642,24788,0,-22066,-8077,30143,0,0,0,0,1,0
2494,1298437,-14256,-11350,25606,0,-17337,-13802,31140,0,0,0,0,1,0
2495,1298958,-9819,-15620,25439,0,-11942,-18997,30940,0,0,0,0,1,0
2496,1299479,-5005,-19290,24295,0,-6088,-23462,29551,0,0,0,0,1,0
2497,1300000,0,-22218,22218,0,0,-27026,27026,0,0,0,0,1,0
2498,1300520,5005,-24292,19287,0,6088,-29551,23462,0,0,0,0,1,0
2499,1301041,9816,-25432,15615,0,11942,-30940,18997,0,0,0,0,1,0
2500,1301562,14250,-25594,11344,0,17337,-31140,13802,0,0,0,0,1,0
2501,1302083,18135,-24773,6638,0,22066,-30143,8077,0,0,0,0,1,0
2502,1302604,21323,-23001,1677,0,25947,-27988,2041,0,0,0,0,1,0
2503,1303125,23691,-20344,-3347,0,28831,-24758,-4073,0,0,0,0,1,0
2504,1303645,25149,-16907,-8242,0,30607,-20576,-10031,0,0,0,0,1,0
2505,1304166,25639,-12820,-12820,0,31207,-15603,-15603,0,0,0,0,1,0
2506,1304687,25145,-8241,-16904,0,30607,-10031,-20576,0,0,0,0,1,0
2507,1305208,23684,-3346,-20338,0,28831,-4073,-24758,0,0,0,0,1,0
2508,1305729,21314,1677,-22990,0,25947,2041,-27988,0,0,0,0,1,0
2509,1306250,18124,6634,-24758,0,22066,8077,-30143,0,0,0,0,1,0
2510,1306770,14239,11336,-25575,0,17337,13802,-31140,0,0,0,0,1,0
2511,1307291,9807,15601,-25409,0,11942,18997,-30940,0,0,0,0,1,0
2512,1307812,4999,19267,-24266,0,6088,23462,-29551,0,0,0,0,1,0
2513,1308333,0,22191,-22191,0,0,27026,-27026,0,0,0,0,1,0
2514,1308854,-4999,24262,-19264,0,-6088,29551,-23462,0,0,0,0,1,0
2515,1309375,-9804,25401,-15597,0,-11942,30940,-18997,0,0,0,0,1,0
2516,1309895,-14233,25563,-11331,0,-17337,31140,-13802,0,0,0,0,1,0
2517,1310416,-18113,24743,-6630,0,-22066,30143,-8077,0,0,0,0,1,0
2518,1310937,-21297,22973,-1675,0,-25947,27988,-2041,0,0,0,0,1,0
2519,1311458,-23663,20320,3343,0,-28831,24758,4073,0,0,0,0,1,0
2520,1311979,-25118,16886,8232,0,-30607,20576,10031,0,0,0,0,1,0
2521,1312500,-25608,12804,12804,0,-31207,15603,15603,0,0,0,0,1,0
2522,1313020,-25115,8231,16884,0,-30607,10031,20576,0,0,0,0,1,0
2523,1313541,-23656,3342,20313,0,-28831,4073,24758,0,0,0,0,1,0
2524,1314062,-21288,-1674,22962,0,-25947,-2041,27988,0,0,0,0,1,0
2525,1314583,-18102,-6626,24728,0,-22066,-8077,30143,0,0,0,0,1,0
2526,1315104,-14222,-11322,25544,0,-17337,-13802,31140,0,0,0,0,1,0
2527,1315625,-9795,-15582,25378,0,-11942,-18997,30940,0,0,0,0,1,0
2528,1316145,-4993,-19243,24237,0,-6088,-23462,29551,0,0,0,0,1,0
2529,1316666,0,-22164,22164,0,0,-27026,27026,0,0,0,0,1,0
2530,1317187,4993,-24233,19240,0,6088,-29551,23462,0,0,0,0,1,0
2531,1317708,9793,-25370,15578,0,11942,-30940,18997,0,0,0,0,1,0
2532,1318229,14215,-25532,11317,0,17337,-31140,13802,0,0,0,0,1,0
2533,1318750,18092,-24713,6622,0,22066,-30143,8077,0,0,0,0,1,0
2534,1319270,21272,-22945,1673,0,25947,-27988,2041,0,0,0,0,1,0
2535,1319791,23634,-20295,-3339,0,28831,-24758,-4073,0,0,0,0,1,0
2536,1320312,25088,-16866,-8222,0,30607,-20576,-10031,0,0,0,0,1,0
2537,1320833,25578,-12789,-12789,0,31207,-15603,-15603,0,0,0,0,1,0
2538,1321354,25084,-8221,-16863,0,30607,-10031,-20576,0,0,0,0,1,0
2539,1321875,23627,-3338,-20289,0,28831,-4073,-24758,0,0,0,0,1,0
2540,1322395,21262,1672,-22935,0,25947,2041,-27988,0,0,0,0,1,0
2541,1322916,18081,6618,-24699,0,22066,8077,-30143,0,0,0,0,1,0
2542,1323437,14205,11308,-25513,0,17337,13802,-31140,0,0,0,0,1,0
2543,1323958,9784,15564,-25347,0,11942,18997,-30940,0,0,0,0,1,0
2544,1324479,4987,19220,-24207,0,6088,23462,-29551,0,0,0,0,1,0
2545,1325000,0,22137,-22137,0,0,27026,-27026,0,0,0,0,1,0
2546,1325520,-4987,24204,-19217,0,-6088,29551,-23462,0,0,0,0,1,0
2547,1326041,-9781,25340,-15559,0,-11942,30940,-18997,0,0,0,0,1,0
2548,1326562,-14198,25502,-11303,0,-17337,31140,-13802,0,0,0,0,1,0
2549,1327083,-18070,24684,-6614,0,-22066,30143,-8077,0,0,0,0,1,0
2550,1327604,-21246,22917,-1671,0,-25947,27988,-2041,0,0,0,0,1,0
2551,1328125,-23606,20271,3335,0,-28831,24758,4073,0,0,0,0,1,0
2552,1328645,-25058,16845,8212,0,-30607,20576,10031,0,0,0,0,1,0
2553,1329166,-25547,12773,12773,0,-31207,15603,15603,0,0,0,0,1,0
2554,1329687,-25054,8211,16843,0,-30607,10031,20576,0,0,0,0,1,0
2555,1330208,-23599,3334,20265,0,-28831,4073,24758,0,0,0,0,1,0
2556,1330729,-21237,-1670,22907,0,-25947,-2041,27988,0,0,0,0,1,0
2557,1331250,-18059,-6610,24669,0,-22066,-8077,30143,0,0,0,0,1,0
2558,1331770,-14188,-11295,25483,0,-17337,-13802,31140,0,0,0,0,1,0
2559,1332291,-9772,-15545,25317,0,-11942,-18997,30940,0,0,0,0,1,0
2560,1332812,-4981,-19197,24178,0,-6088,-23462,29551,0,0,0,0,1,0
2561,1333333,0,-22111,22111,0,0,-27026,27026,0,0,0,0,1,0
2562,1333854,4981,-24175,19194,0,6088,-29551,23462,0,0,0,0,1,0
2563,1334375,9769,-25309,15540,0,11942,-30940,18997,0,0,0,0,1,0
2564,1334895,14181,-25471,11290,0,17337,-31140,13802,0,0,0,0,1,0
2565,1335416,18048,-24654,6606,0,22066,-30143,8077,0,0,0,0,1,0
2566,1335937,21221,-22890,1669,0,25947,-27988,2041,0,0,0,0,1,0
2567,1336458,23577,-20246,-3331,0,28831,-24758,-4073,0,0,0,0,1,0
2568,1336979,25028,-16825,-8203,0,30607,-20576,-10031,0,0,0,0,1,0
2569,1337500,25516,-12758,-12758,0,31207,-15603,-15603,0,0,0,0,1,0
2570,1338020,25024,-8201,-16823,0,30607,-10031,-20576,0,0,0,0,1,0
2571,1338541,23570,-3330,-20240,0,28831,-4073,-24758,0,0,0,0,1,0
2572,1339062,21211,1668,-22880,0,25947,2041,-27988,0,0,0,0,1,0
2573,1339583,18037,6602,-24639,0,22066,8077,-30143,0,0,0,0,1,0
2574,1340104,14171,11281,-25452,0,17337,13802,-31140,0,0,0,0,1,0
2575,1340625,9760,15526,-25287,0,11942,18997,-30940,0,0,0,0,1,0
2576,1341145,4975,19174,-24149,0,6088,23462,-29551,0,0,0,0,1,0
2577,1341666,0,22084,-22084,0,0,27026,-27026,0,0,0,0,1,0
2578,1342187,-4975,24146,-19171,0,-6088,29551,-23462,0,0,0,0,1,0
2579,1342708,-9757,25279,-15522,0,-11942,30940,-18997,0,0,0,0,1,0
2580,1343229,-14164,25441,-11276,0,-17337,31140,-13802,0,0,0,0,1,0
2581,1343750,-18026,24625,-6598,0,-22066,30143,-8077,0,0,0,0,1,0
2582,1344270,-21195,22862,-1667,0,-25947,27988,-2041,0,0,0,0,1,0
2583,1344791,-23549,20222,3327,0,-28831,24758,4073,0,0,0,0,1,0
2584,1345312,-24998,16805,8193,0,-30607,20576,10031,0,0,0,0,1,0
2585,1345833,-25486,12743,12743,0,-31207,15603,15603,0,0,0,0,1,0
2586,1346354,-24994,8191,16803,0,-30607,10031,20576,0,0,0,0,1,0
2587,1346875,-23542,3326,20216,0,-28831,4073,24758,0,0,0,0,1,0
2588,1347395,-21186,-1666,22852,0,-25947,-2041,27988,0,0,0,0,1,0
2589,1347916,-18016,-6594,24610,0,-22066,-8077,30143,0,0,0,0,1,0
2590,1348437,-14154,-11268,25422,0,-17337,-13802,31140,0,0,0,0,1,0
2591,1348958,-9749,-15508,25256,0,-11942,-18997,30940,0,0,0,0,1,0
2592,1349479,-4969,-19151,24120,0,-6088,-23462,29551,0,0,0,0,1,0
2593,1350000,0,-22058,22058,0,0,-27026,27026,0,0,0,0,1,0
2594,1350520,4969,-24117,19148,0,6088,-29551,23462,0,0,0,0,1,0
2595,1351041,9746,-25249,15503,0,11942,-30940,18997,0,0,0,0,1,0
2596,1351562,14147,-25410,11263,0,17337,-31140,13802,0,0,0,0,1,0
2597,1352083,18005,-24595,6590,0,22066,-30143,8077,0,0,0,0,1,0
2598,1352604,21170,-22835,1665,0,25947,-27988,2041,0,0,0,0,1,0
2599,1353125,23521,-20198,-3323,0,28831,-24758,-4073,0,0,0,0,1,0
2600,1353645,24968,-16785,-8183,0,30607,-20576,-10031,0,0,0,0,1,0
2601,1354166,25455,-12728,-12728,0,31207,-15603,-15603,0,0,0,0,1,0
2602,1354687,24964,-8182,-16783,0,30607,-10031,-20576,0,0,0,0,1,0
2603,1355208,23514,-3322,-20192,0,28831,-4073,-24758,0,0,0,0,1,0
2604,1355729,21161,1664,-22825,0,25947,2041,-27988,0,0,0,0,1,0
2605,1356250,17994,6586,-24581,0,22066,8077,-30143,0,0,0,0,1,0
2606,1356770,14137,11254,-25391,0,17337,13802,-31140,0,0,0,0,1,0
2607,1357291,9737,15489,-25226,0,11942,18997,-30940,0,0,0,0,1,0
2608,1357812,4963,19128,-24092,0,6088,23462,-29551,0,0,0,0,1,0
2609,1358333,0,22032,-22032,0,0,27026,-27026,0,0,0,0,1,0
2610,1358854,-4963,24088,-19125,0,-6088,29551,-23462,0,0,0,0,1,0
2611,1359375,-9734,25219,-15485,0,-11942,30940,-18997,0,0,0,0,1,0
2612,1359895,-14131,25380,-11249,0,-17337,31140,-13802,0,0,0,0,1,0
2613,1360416,-17983,24566,-6582,0,-22066,30143,-8077,0,0,0,0,1,0
2614,1360937,-21145,22808,-1663,0,-25947,27988,-2041,0,0,0,0,1,0
2615,1361458,-23493,20174,3319,0,-28831,24758,4073,0,0,0,0,1,0
2616,1361979,-24938,16765,8173,0,-30607,20576,10031,0,0,0,0,1,0
2617,1362500,-25425,12712,12712,0,-31207,15603,15603,0,0,0,0,1,0
2618,1363020,-24935,8172,16763,0,-30607,10031,20576,0,0,0,0,1,0
2619,1363541,-23486,3318,20168,0,-28831,4073,24758,0,0,0,0,1,0
2620,1364062,-21135,-1662,22798,0,-25947,-2041,27988,0,0,0,0,1,0
2621,1364583,-17973,-6578,24551,0,-22066,-8077,30143,0,0,0,0,1,0
2622,1365104,-14120,-11241,25361,0,-17337,-13802,31140,0,0,0,0,1,0
2623,1365625,-9725,-15471,25196,0,-11942,-18997,30940,0,0,0,0,1,0
2624,1366145,-4958,-19106,24063,0,-6088,-23462,29551,0,0,0,0,1,0
2625,1366666,0,-22006,22006,0,0,-27026,27026,0,0,0,0,1,0
2626,1367187,4957,-24060,19103,0,6088,-29551,23462,0,0,0,0,1,0
2627,1367708,9722,-25189,15466,0,11942,-30940,18997,0,0,0,0,1,0
2628,1368229,14114,-25350,11236,0,17337,-31140,13802,0,0,0,0,1,0
2629,1368750,17962,-24537,6575,0,22066,-30143,8077,0,0,0,0,1,0
2630,1369270,21120,-22781,1661,0,25947,-27988,2041,0,0,0,0,1,0
2631,1369791,23465,-20150,-3315,0,28831,-24758,-4073,0,0,0,0,1,0
2632,1370312,24909,-16745,-8163,0,30607,-20576,-10031,0,0,0,0,1,0
2633,1370833,25395,-12697,-12697,0,31207,-15603,-15603,0,0,0,0,1,0
2634,1371354,24905,-8162,-16743,0,30607,-10031,-20576,0,0,0,0,1,0
2635,1371875,23458,-3314,-20144,0,28831,-4073,-24758,0,0,0,0,1,0
2636,1372395,21110,1661,-22771,0,25947,2041,-27988,0,0,0,0,1,0
2637,1372916,17951,6571,-24522,0,22066,8077,-30143,0,0,0,0,1,0
2638,1373437,14103,11228,-25331,0,17337,13802,-31140,0,0,0,0,1,0
2639,1373958,9714,15452,-25166,0,11942,18997,-30940,0,0,0,0,1,0
2640,1374479,4952,19083,-24035,0,6088,23462,-29551,0,0,0,0,1,0
2641,1375000,0,21979,-21979,0,0,27026,-27026,0,0,0,0,1,0
2642,1375520,-4951,24031,-19080,0,-6088,29551,-23462,0,0,0,0,1,0
2643,1376041,-9711,25159,-15448,0,-11942,30940,-18997,0,0,0,0,1,0
2644,1376562,-14097,25320,-11223,0,-17337,31140,-13802,0,0,0,0,1,0
2645,1377083,-17941,24508,-6567,0,-22066,30143,-8077,0,0,0,0,1,0
2646,1377604,-21095,22754,-1659,0,-25947,27988,-2041,0,0,0,0,1,0
2647,1378125,-23437,20126,3311,0,-28831,24758,4073,0,0,0,0,1,0
2648,1378645,-24879,16725,8154,0,-30607,20576,10031,0,0,0,0,1,0
2649,1379166,-25365,12682,12682,0,-31207,15603,15603,0,0,0,0,1,0
2650,1379687,-24875,8153,16723,0,-30607,10031,20576,0,0,0,0,1,0
2651,1380208,-23430,3310,20120,0,-28831,4073,24758,0,0,0,0,1,0
2652,1380729,-21085,-1659,22744,0,-25947,-2041,27988,0,0,0,0,1,0
2653,1381250,-17930,-6563,24493,0,-22066,-8077,30143,0,0,0,0,1,0
2654,1381770,-14087,-11214,25301,0,-17337,-13802,31140,0,0,0,0,1,0
2655,1382291,-9702,-15434,25137,0,-11942,-18997,30940,0,0,0,0,1,0
2656,1382812,-4946,-19060,24006,0,-6088,-23462,29551,0,0,0,0,1,0
2657,1383333,0,-21953,21953,0,0,-27026,27026,0,0,0,0,1,0
2658,1383854,4945,-24003,19058,0,6088,-29551,23462,0,0,0,0,1,0
2659,1384375,9699,-25129,15430,0,11942,-30940,18997,0,0,0,0,1,0
2660,1384895,14080,-25290,11209,0,17337,-31140,13802,0,0,0,0,1,0
2661,1385416,17920,-24479,6559,0,22066,-30143,8077,0,0,0,0,1,0
2662,1385937,21070,-22727,1657,0,25947,-27988,2041,0,0,0,0,1,0
2663,1386458,23410,-20102,-3307,0,28831,-24758,-4073,0,0,0,0,1,0
2664,1386979,24850,-16706,-8144,0,30607,-20576,-10031,0,0,0,0,1,0
2665,1387500,25335,-12667,-12667,0,31207,-15603,-15603,0,0,0,0,1,0
2666,1388020,24846,-8143,-16703,0,30607,-10031,-20576,0,0,0,0,1,0
2667,1388541,23403,-3306,-20096,0,28831,-4073,-24758,0,0,0,0,1,0
2668,1389062,21060,1657,-22717,0,25947,2041,-27988,0,0,0,0,1,0
2669,1389583,17909,6555,-24464,0,22066,8077,-30143,0,0,0,0,1,0
2670,1390104,14070,11201,-25271,0,17337,13802,-31140,0,0,0,0,1,0
2671,1390625,9691,15416,-25107,0,11942,18997,-30940,0,0,0,0,1,0
2672,1391145,4940,19038,-23978,0,6088,23462,-29551,0,0,0,0,1,0
2673,1391666,0,21928,-21928,0,0,27026,-27026,0,0,0,0,1,0
2674,1392187,-4939,23974,-19035,0,-6088,29551,-23462,0,0,0,0,1,0
2675,1392708,-9688,25100,-15411,0,-11942,30940,-18997,0,0,0,0,1,0
2676,1393229,-14064,25260,-11196,0,-17337,31140,-13802,0,0,0,0,1,0
2677,1393750,-17899,24450,-6551,0,-22066,30143,-8077,0,0,0,0,1,0
2678,1394270,-21045,22700,-1655,0,-25947,27988,-2041,0,0,0,0,1,0
2679,1394791,-23382,20079,3303,0,-28831,24758,4073,0,0,0,0,1,0
2680,1395312,-24821,16686,8135,0,-30607,20576,10031,0,0,0,0,1,0
2681,1395833,-25305,12652,12652,0,-31207,15603,15603,0,0,0,0,1,0
2682,1396354,-24817,8133,16683,0,-30607,10031,20576,0,0,0,0,1,0
2683,1396875,-23375,3302,20073,0,-28831,4073,24758,0,0,0,0,1,0
2684,1397395,-21036,-1655,22690,0,-25947,-2041,27988,0,0,0,0,1,0
2685,1397916,-17888,-6547,24435,0,-22066,-8077,30143,0,0,0,0,1,0
2686,1398437,-14053,-11188,25241,0,-17337,-13802,31140,0,0,0,0,1,0
2687,1398958,-9680,-15398,25077,0,-11942,-18997,30940,0,0,0,0,1,0
2688,1399479,-4934,-19015,23950,0,-6088,-23462,29551,0,0,0,0,1,0
2689,1400000,0,-21902,21902,0,0,-27026,27026,0,0,0,0,1,0
2690,1400520,4933,-23946,19013,0,6088,-29551,23462,0,0,0,0,1,0
2691,1401041,9677,-25070,15393,0,11942,-30940,18997,0,0,0,0,1,0
2692,1401562,14047,-25230,11183,0,17337,-31140,13802,0,0,0,0,1,0
2693,1402083,17878,-24421,6544,0,22066,-30143,8077,0,0,0,0,1,0
2694,1402604,21020,-22674,1653,0,25947,-27988,2041,0,0,0,0,1,0
2695,1403125,23355,-20055,-3300,0,28831,-24758,-4073,0,0,0,0,1,0
2696,1403645,24791,-16666,-8125,0,30607,-20576,-10031,0,0,0,0,1,0
2697,1404166,25275,-12638,-12638,0,31207,-15603,-15603,0,0,0,0,1,0
2698,1404687,24788,-8124,-16664,0,30607,-10031,-20576,0,0,0,0,1,0
2699,1405208,23348,-3299,-20049,0,28831,-4073,-24758,0,0,0,0,1,0
2700,1405729,21011,1653,-22664,0,25947,2041,-27988,0,0,0,0,1,0
2701,1406250,17867,6540,-24407,0,22066,8077,-30143,0,0,0,0,1,0
2702,1406770,14037,11175,-25212,0,17337,13802,-31140,0,0,0,0,1,0
2703,1407291,9668,15380,-25048,0,11942,18997,-30940,0,0,0,0,1,0
2704,1407812,4928,18993,-23922,0,6088,23462,-29551,0,0,0,0,1,0
2705,1408333,0,21876,-21876,0,0,27026,-27026,0,0,0,0,1,0
2706,1408854,-4928,23918,-18990,0,-6088,29551,-23462,0,0,0,0,1,0
2707,1409375,-9665,25041,-15375,0,-11942,30940,-18997,0,0,0,0,1,0
2708,1409895,-14031,25201,-11170,0,-17337,31140,-13802,0,0,0,0,1,0
2709,1410416,-17857,24393,-6536,0,-22066,30143,-8077,0,0,0,0,1,0
2710,1410937,-20996,22647,-1652,0,-25947,27988,-2041,0,0,0,0,1,0
2711,1411458,-23327,20032,3296,0,-28831,24758,4073,0,0,0,0,1,0
2712,1411979,-24762,16647,8116,0,-30607,20576,10031,0,0,0,0,1,0
2713,1412500,-25246,12623,12623,0,-31207,15603,15603,0,0,0,0,1,0
2714,1413020,-24759,8114,16644,0,-30607,10031,20576,0,0,0,0,1,0
2715,1413541,-23320,3295,20026,0,-28831,4073,24758,0,0,0,0,1,0
2716,1414062,-20986,-1651,22637,0,-25947,-2041,27988,0,0,0,0,1,0
2717,1414583,-17846,-6532,24378,0,-22066,-8077,30143,0,0,0,0,1,0
2718,1415104,-14021,-11162,25182,0,-17337,-13802,31140,0,0,0,0,1,0
2719,1415625,-9657,-15362,25019,0,-11942,-18997,30940,0,0,0,0,1,0
2720,1416145,-4923,-18971,23894,0,-6088,-23462,29551,0,0,0,0,1,0
2721,1416666,0,-21851,21851,0,0,-27026,27026,0,0,0,0,1,0
2722,1417187,4922,-23890,18968,0,6088,-29551,23462,0,0,0,0,1,0
2723,1417708,9654,-25011,15357,0,11942,-30940,18997,0,0,0,0,1,0
2724,1418229,14014,-25171,11157,0,17337,-31140,13802,0,0,0,0,1,0
2725,1418750,17836,-24364,6528,0,22066,-30143,8077,0,0,0,0,1,0
2726,1419270,20971,-22621,1650,0,25947,-27988,2041,0,0,0,0,1,0
2727,1419791,23300,-20008,-3292,0,28831,-24758,-4073,0,0,0,0,1,0
2728,1420312,24733,-16627,-8106,0,30607,-20576,-10031,0,0,0,0,1,0
2729,1420833,25216,-12608,-12608,0,31207,-15603,-15603,0,0,0,0,1,0
2730,1421354,24730,-8105,-16625,0,30607,-10031,-20576,0,0,0,0,1,0
2731,1421875,23293,-3291,-20002,0,28831,-4073,-24758,0,0,0,0,1,0
2732,1422395,20962,1649,-22611,0,25947,2041,-27988,0,0,0,0,1,0
2733,1422916,17825,6525,-24350,0,22066,8077,-30143,0,0,0,0,1,0
2734,1423437,14004,11149,-25153,0,17337,13802,-31140,0,0,0,0,1,0
2735,1423958,9646,15344,-24989,0,11942,18997,-30940,0,0,0,0,1,0
2736,1424479,4917,18949,-23866,0,6088,23462,-29551,0,0,0,0,1,0
2737,1425000,0,21825,-21825,0,0,27026,-27026,0,0,0,0,1,0
2738,1425520,-4916,23862,-18946,0,-6088,29551,-23462,0,0,0,0,1,0
2739,1426041,-9643,24982,-15339,0,-11942,30940,-18997,0,0,0,0,1,0
2740,1426562,-13998,25142,-11144,0,-17337,31140,-13802,0,0,0,0,1,0
2741,1427083,-17815,24336,-6521,0,-22066,30143,-8077,0,0,0,0,1,0
2742,1427604,-20947,22594,-1648,0,-25947,27988,-2041,0,0,0,0,1,0
2743,1428125,-23273,19985,3288,0,-28831,24758,4073,0,0,0,0,1,0
2744,1428645,-24705,16608,8097,0,-30607,20576,10031,0,0,0,0,1,0
2745,1429166,-25187,12593,12593,0,-31207,15603,15603,0,0,0,0,1,0
2746,1429687,-24701,8095,16606,0,-30607,10031,20576,0,0,0,0,1,0
2747,1430208,-23266,3287,19979,0,-28831,4073,24758,0,0,0,0,1,0
2748,1430729,-20937,-1647,22584,0,-25947,-2041,27988,0,0,0,0,1,0
2749,1431250,-17805,-6517,24321,0,-22066,-8077,30143,0,0,0,0,1,0
2750,1431770,-13988,-11136,25124,0,-17337,-13802,31140,0,0,0,0,1,0
2751,1432291,-9634,-15326,24960,0,-11942,-18997,30940,0,0,0,0,1,0
2752,1432812,-4911,-18927,23838,0,-6088,-23462,29551,0,0,0,0,1,0
2753,1433333,0,-21800,21800,0,0,-27026,27026,0,0,0,0,1,0
2754,1433854,4910,-23835,18924,0,6088,-29551,23462,0,0,0,0,1,0
2755,1434375,9632,-24953,15322,0,11942,-30940,18997,0,0,0,0,1,0
2756,1434895,13982,-25113,11131,0,17337,-31140,13802,0,0,0,0,1,0
2757,1435416,17794,-24307,6513,0,22066,-30143,8077,0,0,0,0,1,0
2758,1435937,20922,-22568,1646,0,25947,-27988,2041,0,0,0,0,1,0
2759,1436458,23246,-19962,-3284,0,28831,-24758,-4073,0,0,0,0,1,0
2760,1436979,24676,-16589,-8087,0,30607,-20576,-10031,0,0,0,0,1,0
2761,1437500,25158,-12579,-12579,0,31207,-15603,-15603,0,0,0,0,1,0
2762,1438020,24672,-8086,-16586,0,30607,-10031,-20576,0,0,0,0,1,0
2763,1438541,23239,-3283,-19956,0,28831,-4073,-24758,0,0,0,0,1,0
2764,1439062,20913,1645,-22558,0,25947,2041,-27988,0,0,0,0,1,0
2765,1439583,17784,6509,-24293,0,22066,8077,-30143,0,0,0,0,1,0
2766,1440104,13972,11123,-25095,0,17337,13802,-31140,0,0,0,0,1,0
2767,1440625,9623,15308,-24931,0,11942,18997,-30940,0,0,0,0,1,0
2768,1441145,4905,18905,-23810,0,6088,23462,-29551,0,0,0,0,1,0
2769,1441666,0,21774,-21774,0,0,27026,-27026,0,0,0,0,1,0
2770,1442187,-4905,23807,-18902,0,-6088,29551,-23462,0,0,0,0,1,0
2771,1442708,-9620,24924,-15304,0,-11942,30940,-18997,0,0,0,0,1,0
2772,1443229,-13966,25084,-11118,0,-17337,31140,-13802,0,0,0,0,1,0
2773,1443750,-17774,24279,-6506,0,-22066,30143,-8077,0,0,0,0,1,0
2774,1444270,-20898,22542,-1644,0,-25947,27988,-2041,0,0,0,0,1,0
2775,1444791,-23219,19939,3280,0,-28831,24758,4073,0,0,0,0,1,0
2776,1445312,-24647,16569,8078,0,-30607,20576,10031,0,0,0,0,1,0
2777,1445833,-25128,12564,12564,0,-31207,15603,15603,0,0,0,0,1,0
2778,1446354,-24644,8077,16567,0,-30607,10031,20576,0,0,0,0,1,0
2779,1446875,-23212,3279,19933,0,-28831,4073,24758,0,0,0,0,1,0
2780,1447395,-20889,-1643,22532,0,-25947,-2041,27988,0,0,0,0,1,0
2781,1447916,-17763,-6502,24265,0,-22066,-8077,30143,0,0,0,0,1,0
2782,1448437,-13956,-11110,25065,0,-17337,-13802,31140,0,0,0,0,1,0
2783,1448958,-9612,-15291,24903,0,-11942,-18997,30940,0,0,0,0,1,0
2784,1449479,-4900,-18883,23783,0,-6088,-23462,29551,0,0,0,0,1,0
2785,1450000,0,-21749,21749,0,0,-27026,27026,0,0,0,0,1,0
2786,1450520,4899,-23779,18880,0,6088,-29551,23462,0,0,0,0,1,0
2787,1451041,9609,-24895,15286,0,11942,-30940,18997,0,0,0,0,1,0
2788,1451562,13949,-25055,11105,0,17337,-31140,13802,0,0,0,0,1,0
2789,1452083,17753,-24251,6498,0,22066,-30143,8077,0,0,0,0,1,0
2790,1452604,20874,-22516,1642,0,25947,-27988,2041,0,0,0,0,1,0
2791,1453125,23192,-19916,-3277,0,28831,-24758,-4073,0,0,0,0,1,0
2792,1453645,24619,-16550,-8068,0,30607,-20576,-10031,0,0,0,0,1,0
2793,1454166,25099,-12550,-12550,0,31207,-15603,-15603,0,0,0,0,1,0
2794,1454687,24615,-8067,-16548,0,30607,-10031,-20576,0,0,0,0,1,0
2795,1455208,23185,-3276,-19910,0,28831,-4073,-24758,0,0,0,0,1,0
2796,1455729,20865,1641,-22506,0,25947,2041,-27988,0,0,0,0,1,0
2797,1456250,17743,6494,-24237,0,22066,8077,-30143,0,0,0,0,1,0
2798,1456770,13939,11097,-25037,0,17337,13802,-31140,0,0,0,0,1,0
2799,1457291,9601,15273,-24874,0,11942,18997,-30940,0,0,0,0,1,0
2800,1457812,4894,18861,-23755,0,6088,23462,-29551,0,0,0,0,1,0
2801,1458333,0,21724,-21724,0,0,27026,-27026,0,0,0,0,1,0
2802,1458854,-4893,23752,-18858,0,-6088,29551,-23462,0,0,0,0,1,0
2803,1459375,-9598,24867,-15268,0,-11942,30940,-18997,0,0,0,0,1,0
2804,1459895,-13933,25026,-11092,0,-17337,31140,-13802,0,0,0,0,1,0
2805,1460416,-17733,24223,-6491,0,-22066,30143,-8077,0,0,0,0,1,0
2806,1460937,-20850,22490,-1640,0,-25947,27988,-2041,0,0,0,0,1,0
2807,1461458,-23165,19893,3273,0,-28831,24758,4073,0,0,0,0,1,0
2808,1461979,-24590,16531,8059,0,-30607,20576,10031,0,0,0,0,1,0
2809,1462500,-25070,12535,12535,0,-31207,15603,15603,0,0,0,0,1,0
2810,1463020,-24587,8058,16529,0,-30607,10031,20576,0,0,0,0,1,0
2811,1463541,-23159,3272,19887,0,-28831,4073,24758,0,0,0,0,1,0
2812,1464062,-20841,-1639,22480,0,-25947,-2041,27988,0,0,0,0,1,0
2813,1464583,-17722,-6487,24209,0,-22066,-8077,30143,0,0,0,0,1,0
2814,1465104,-13923,-11084,25008,0,-17337,-13802,31140,0,0,0,0,1,0
2815,1465625,-9590,-15255,24845,0,-11942,-18997,30940,0,0,0,0,1,0
2816,1466145,-4889,-18839,23728,0,-6088,-23462,29551,0,0,0,0,1,0
2817,1466666,0,-21699,21699,0,0,-27026,27026,0,0,0,0,1,0
2818,1467187,4888,-23725,18837,0,6088,-29551,23462,0,0,0,0,1,0
2819,1467708,9587,-24838,15251,0,11942,-30940,18997,0,0,0,0,1,0
2820,1468229,13917,-24997,11080,0,17337,-31140,13802,0,0,0,0,1,0
2821,1468750,17712,-24195,6483,0,22066,-30143,8077,0,0,0,0,1,0
2822,1469270,20826,-22464,1638,0,25947,-27988,2041,0,0,0,0,1,0
2823,1469791,23139,-19870,-3269,0,28831,-24758,-4073,0,0,0,0,1,0
2824,1470312,24562,-16512,-8050,0,30607,-20576,-10031,0,0,0,0,1,0
2825,1470833,25042,-12521,-12521,0,31207,-15603,-15603,0,0,0,0,1,0
2826,1471354,24559,-8049,-16510,0,30607,-10031,-20576,0,0,0,0,1,0
2827,1471875,23132,-3268,-19864,0,28831,-4073,-24758,0,0,0,0,1,0
2828,1472395,20817,1637,-22454,0,25947,2041,-27988,0,0,0,0,1,0
2829,1472916,17702,6479,-24181,0,22066,8077,-30143,0,0,0,0,1,0
2830,1473437,13907,11072,-24979,0,17337,13802,-31140,0,0,0,0,1,0
2831,1473958,9579,15238,-24817,0,11942,18997,-30940,0,0,0,0,1,0
2832,1474479,4883,18818,-23701,0,6088,23462,-29551,0,0,0,0,1,0
2833,1475000,0,21674,-21674,0,0,27026,-27026,0,0,0,0,1,0
2834,1475520,-4882,23697,-18815,0,-6088,29551,-23462,0,0,0,0,1,0
2835,1476041,-9576,24810,-15233,0,-11942,30940,-18997,0,0,0,0,1,0
2836,1476562,-13901,24968,-11067,0,-17337,31140,-13802,0,0,0,0,1,0
2837,1477083,-17692,24168,-6476,0,-22066,30143,-8077,0,0,0,0,1,0
2838,1477604,-20802,22438,-1636,0,-25947,27988,-2041,0,0,0,0,1,0
2839,1478125,-23112,19847,3265,0,-28831,24758,4073,0,0,0,0,1,0
2840,1478645,-24534,16493,8041,0,-30607,20576,10031,0,0,0,0,1,0
2841,1479166,-25013,12506,12506,0,-31207,15603,15603,0,0,0,0,1,0
2842,1479687,-24531,8040,16491,0,-30607,10031,20576,0,0,0,0,1,0
2843,1480208,-23106,3264,19841,0,-28831,4073,24758,0,0,0,0,1,0
2844,1480729,-20793,-1636,22429,0,-25947,-2041,27988,0,0,0,0,1,0
2845,1481250,-17682,-6472,24154,0,-22066,-8077,30143,0,0,0,0,1,0
2846,1481770,-13891,-11059,24950,0,-17337,-13802,31140,0,0,0,0,1,0
2847,1482291,-9568,-15220,24788,0,-11942,-18997,30940,0,0,0,0,1,0
2848,1482812,-4877,-18796,23674,0,-6088,-23462,29551,0,0,0,0,1,0
2849,1483333,0,-21649,21649,0,0,-27026,27026,0,0,0,0,1,0
2850,1483854,4877,-23670,18794,0,6088,-29551,23462,0,0,0,0,1,0
2851,1484375,9565,-24781,15216,0,11942,-30940,18997,0,0,0,0,1,0
2852,1484895,13886,-24940,11054,0,17337,-31140,13802,0,0,0,0,1,0
2853,1485416,17672,-24140,6468,0,22066,-30143,8077,0,0,0,0,1,0
2854,1485937,20778,-22413,1634,0,25947,-27988,2041,0,0,0,0,1,0
2855,1486458,23086,-19824,-3262,0,28831,-24758,-4073,0,0,0,0,1,0
2856,1486979,24506,-16474,-8032,0,30607,-20576,-10031,0,0,0,0,1,0
2857,1487500,24984,-12492,-12492,0,31207,-15603,-15603,0,0,0,0,1,0
2858,1488020,24503,-8030,-16472,0,30607,-10031,-20576,0,0,0,0,1,0
2859,1488541,23079,-3261,-19819,0,28831,-4073,-24758,0,0,0,0,1,0
2860,1489062,20769,1634,-22403,0,25947,2041,-27988,0,0,0,0,1,0
2861,1489583,17662,6465,-24126,0,22066,8077,-30143,0,0,0,0,1,0
2862,1490104,13876,11046,-24922,0,17337,13802,-31140,0,0,0,0,1,0
2863,1490625,9557,15203,-24760,0,11942,18997,-30940,0,0,0,0,1,0
2864,1491145,4872,18775,-23647,0,6088,23462,-29551,0,0,0,0,1,0
2865,1491666,0,21625,-21625,0,0,27026,-27026,0,0,0,0,1,0
2866,1492187,-4871,23643,-18772,0,-6088,29551,-23462,0,0,0,0,1,0
2867,1492708,-9554,24753,-15199,0,-11942,30940,-18997,0,0,0,0,1,0
2868,1493229,-13870,24911,-11042,0,-17337,31140,-13802,0,0,0,0,1,0
2869,1493750,-17651,24112,-6461,0,-22066,30143,-8077,0,0,0,0,1,0
2870,1494270,-20754,22387,-1633,0,-25947,27988,-2041,0,0,0,0,1,0
2871,1494791,-23060,19802,3258,0,-28831,24758,4073,0,0,0,0,1,0
2872,1495312,-24478,16456,8022,0,-30607,20576,10031,0,0,0,0,1,0
2873,1495833,-24956,12478,12478,0,-31207,15603,15603,0,0,0,0,1,0
2874,1496354,-24475,8021,16453,0,-30607,10031,20576,0,0,0,0,1,0
2875,1496875,-23053,3257,19796,0,-28831,4073,24758,0,0,0,0,1,0
2876,1497395,-20746,-1632,22377,0,-25947,-2041,27988,0,0,0,0,1,0
2877,1497916,-17641,-6457,24099,0,-22066,-8077,30143,0,0,0,0,1,0
2878,1498437,-13860,-11034,24894,0,-17337,-13802,31140,0,0,0,0,1,0
2879,1498958,-9546,-15186,24732,0,-11942,-18997,30940,0,0,0,0,1,0
2880,1499479,-4866,-18753,23620,0,-6088,-23462,29551,0,0,0,0,1,0
2881,1500000,0,-21600,21600,0,0,-27026,27026,0,0,0,0,1,0
2882,1500520,4866,-23616,18751,0,6088,-29551,23462,0,0,0,0,1,0
2883,1501041,9543,-24725,15181,0,11942,-30940,18997,0,0,0,0,1,0
2884,1501562,13854,-24883,11029,0,17337,-31140,13802,0,0,0,0,1,0
2885,1502083,17631,-24085,6454,0,22066,-30143,8077,0,0,0,0,1,0
2886,1502604,20731,-22362,1631,0,25947,-27988,2041,0,0,0,0,1,0
2887,1503125,23033,-19779,-3254,0,28831,-24758,-4073,0,0,0,0,1,0
2888,1503645,24450,-16437,-8013,0,30607,-20576,-10031,0,0,0,0,1,0
2889,1504166,24928,-12464,-12464,0,31207,-15603,-15603,0,0,0,0,1,0
2890,1504687,24447,-8012,-16435,0,30607,-10031,-20576,0,0,0,0,1,0
2891,1505208,23027,-3253,-19774,0,28831,-4073,-24758,0,0,0,0,1,0
2892,1505729,20722,1630,-22352,0,25947,2041,-27988,0,0,0,0,1,0
2893,1506250,17621,6450,-24071,0,22066,8077,-30143,0,0,0,0,1,0
2894,1506770,13844,11021,-24865,0,17337,13802,-31140,0,0,0,0,1,0
2895,1507291,9535,15168,-24704,0,11942,18997,-30940,0,0,0,0,1,0
2896,1507812,4861,18732,-23593,0,6088,23462,-29551,0,0,0,0,1,0
2897,1508333,0,21576,-21576,0,0,27026,-27026,0,0,0,0,1,0
2898,1508854,-4860,23590,-18730,0,-6088,29551,-23462,0,0,0,0,1,0
2899,1509375,-9533,24697,-15164,0,-11942,30940,-18997,0,0,0,0,1,0
2900,1509895,-13838,24855,-11017,0,-17337,31140,-13802,0,0,0,0,1,0
2901,1510416,-17611,24058,-6446,0,-22066,30143,-8077,0,0,0,0,1,0
2902,1510937,-20707,22336,-1629,0,-25947,27988,-2041,0,0,0,0,1,0
2903,1511458,-23007,19757,3250,0,-28831,24758,4073,0,0,0,0,1,0
2904,1511979,-24423,16418,8004,0,-30607,20576,10031,0,0,0,0,1,0
2905,1512500,-24899,12450,12450,0,-31207,15603,15603,0,0,0,0,1,0
2906,1513020,-24419,8003,16416,0,-30607,10031,20576,0,0,0,0,1,0
2907,1513541,-23001,3250,19751,0,-28831,4073,24758,0,0,0,0,1,0
2908,1514062,-20699,-1628,22327,0,-25947,-2041,27988,0,0,0,0,1,0
2909,1514583,-17601,-6443,24044,0,-22066,-8077,30143,0,0,0,0,1,0
2910,1515104,-13828,-11009,24837,0,-17337,-13802,31140,0,0,0,0,1,0
2911,1515625,-9524,-15151,24676,0,-11942,-18997,30940,0,0,0,0,1,0
2912,1516145,-4855,-18711,23566,0,-6088,-23462,29551,0,0,0,0,1,0
2913,1516666,0,-21551,21551,0,0,-27026,27026,0,0,0,0,1,0
2914,1517187,4855,-23563,18708,0,6088,-29551,23462,0,0,0,0,1,0
2915,1517708,9522,-24669,15147,0,11942,-30940,18997,0,0,0,0,1,0
2916,1518229,13823,-24827,11004,0,17337,-31140,13802,0,0,0,0,1,0
2917,1518750,17592,-24030,6439,0,22066,-30143,8077,0,0,0,0,1,0
2918,1519270,20684,-22311,1627,0,25947,-27988,2041,0,0,0,0,1,0
2919,1519791,22981,-19734,-3247,0,28831,-24758,-4073,0,0,0,0,1,0
2920,1520312,24395,-16400,-7995,0,30607,-20576,-10031,0,0,0,0,1,0
2921,1520833,24871,-12436,-12436,0,31207,-15603,-15603,0,0,0,0,1,0
2922,1521354,24392,-7994,-16398,0,30607,-10031,-20576,0,0,0,0,1,0
2923,1521875,22975,-3246,-19729,0,28831,-4073,-24758,0,0,0,0,1,0
2924,1522395,20675,1626,-22302,0,25947,2041,-27988,0,0,0,0,1,0
2925,1522916,17582,6435,-24017,0,22066,8077,-30143,0,0,0,0,1,0
2926,1523437,13813,10996,-24809,0,17337,13802,-31140,0,0,0,0,1,0
2927,1523958,9514,15134,-24648,0,11942,18997,-30940,0,0,0,0,1,0
2928,1524479,4850,18690,-23540,0,6088,23462,-29551,0,0,0,0,1,0
2929,1525000,0,21527,-21527,0,0,27026,-27026,0,0,0,0,1,0
2930,1525520,-4849,23536,-18687,0,-6088,29551,-23462,0,0,0,0,1,0
2931,1526041,-9511,24641,-15130,0,-11942,30940,-18997,0,0,0,0,1,0
2932,1526562,-13807,24799,-10992,0,-17337,31140,-13802,0,0,0,0,1,0
2933,1527083,-17572,24003,-6432,0,-22066,30143,-8077,0,0,0,0,1,0
2934,1527604,-20661,22286,-1625,0,-25947,27988,-2041,0,0,0,0,1,0
2935,1528125,-22955,19712,3243,0,-28831,24758,4073,0,0,0,0,1,0
2936,1528645,-24367,16381,7986,0,-30607,20576,10031,0,0,0,0,1,0
2937,1529166,-24843,12422,12422,0,-31207,15603,15603,0,0,0,0,1,0
2938,1529687,-24364,7985,16379,0,-30607,10031,20576,0,0,0,0,1,0
2939,1530208,-22949,3242,19707,0,-28831,4073,24758,0,0,0,0,1,0
2940,1530729,-20652,-1624,22276,0,-25947,-2041,27988,0,0,0,0,1,0
2941,1531250,-17562,-6428,23990,0,-22066,-8077,30143,0,0,0,0,1,0
2942,1531770,-13797,-10984,24781,0,-17337,-13802,31140,0,0,0,0,1,0
2943,1532291,-9503,-15117,24620,0,-11942,-18997,30940,0,0,0,0,1,0
2944,1532812,-4844,-18669,23513,0,-6088,-23462,29551,0,0,0,0,1,0
2945,1533333,0,-21503,21503,0,0,-27026,27026,0,0,0,0,1,0
2946,1533854,4844,-23510,18666,0,6088,-29551,23462,0,0,0,0,1,0
2947,1534375,9500,-24613,15113,0,11942,-30940,18997,0,0,0,0,1,0
2948,1534895,13791,-24771,10979,0,17337,-31140,13802,0,0,0,0,1,0
2949,1535416,17552,-23976,6424,0,22066,-30143,8077,0,0,0,0,1,0
2950,1535937,20637,-22261,1623,0,25947,-27988,2041,0,0,0,0,1,0
2951,1536458,22929,-19690,-3239,0,28831,-24758,-4073,0,0,0,0,1,0
2952,1536979,24340,-16363,-7977,0,30607,-20576,-10031,0,0,0,0,1,0
2953,1537500,24815,-12408,-12408,0,31207,-15603,-15603,0,0,0,0,1,0
2954,1538020,24337,-7976,-16361,0,30607,-10031,-20576,0,0,0,0,1,0
2955,1538541,22923,-3239,-19684,0,28831,-4073,-24758,0,0,0,0,1,0
2956,1539062,20629,1623,-22251,0,25947,2041,-27988,0,0,0,0,1,0
2957,1539583,17542,6421,-23963,0,22066,8077,-30143,0,0,0,0,1,0
2958,1540104,13782,10972,-24753,0,17337,13802,-31140,0,0,0,0,1,0
2959,1540625,9492,15100,-24593,0,11942,18997,-30940,0,0,0,0,1,0
2960,1541145,4839,18648,-23487,0,6088,23462,-29551,0,0,0,0,1,0
2961,1541666,0,21479,-21479,0,0,27026,-27026,0,0,0,0,1,0
2962,1542187,-4838,23483,-18645,0,-6088,29551,-23462,0,0,0,0,1,0
2963,1542708,-9490,24586,-15096,0,-11942,30940,-18997,0,0,0,0,1,0
2964,1543229,-13776,24743,-10967,0,-17337,31140,-13802,0,0,0,0,1,0
2965,1543750,-17532,23949,-6417,0,-22066,30143,-8077,0,0,0,0,1,0
2966,1544270,-20614,22236,-1622,0,-25947,27988,-2041,0,0,0,0,1,0
2967,1544791,-22904,19668,3236,0,-28831,24758,4073,0,0,0,0,1,0
2968,1545312,-24313,16345,7968,0,-30607,20576,10031,0,0,0,0,1,0
2969,1545833,-24787,12394,12394,0,-31207,15603,15603,0,0,0,0,1,0
2970,1546354,-24309,7967,16342,0,-30607,10031,20576,0,0,0,0,1,0
2971,1546875,-22897,3235,19662,0,-28831,4073,24758,0,0,0,0,1,0
2972,1547395,-20606,-1621,22226,0,-25947,-2041,27988,0,0,0,0,1,0
2973,1547916,-17522,-6414,23936,0,-22066,-8077,30143,0,0,0,0,1,0
2974,1548437,-13766,-10959,24726,0,-17337,-13802,31140,0,0,0,0,1,0
2975,1548958,-9482,-15083,24565,0,-11942,-18997,30940,0,0,0,0,1,0
2976,1549479,-4833,-18627,23460,0,-6088,-23462,29551,0,0,0,0,1,0
2977,1550000,0,-21454,21454,0,0,-27026,27026,0,0,0,0,1,0
2978,1550520,4833,-23457,18624,0,6088,-29551,23462,0,0,0,0,1,0
2979,1551041,9479,-24558,15079,0,11942,-30940,18997,0,0,0,0,1,0
2980,1551562,13761,-24715,10955,0,17337,-31140,13802,0,0,0,0,1,0
2981,1552083,17513,-23923,6410,0,22066,-30143,8077,0,0,0,0,1,0
2982,1552604,20591,-22211,1620,0,25947,-27988,2041,0,0,0,0,1,0
2983,1553125,22878,-19646,-3232,0,28831,-24758,-4073,0,0,0,0,1,0
2984,1553645,24286,-16326,-7959,0,30607,-20576,-10031,0,0,0,0,1,0
2985,1554166,24760,-12380,-12380,0,31207,-15603,-15603,0,0,0,0,1,0
2986,1554687,24282,-7958,-16324,0,30607,-10031,-20576,0,0,0,0,1,0
2987,1555208,22872,-3231,-19640,0,28831,-4073,-24758,0,0,0,0,1,0
2988,1555729,20583,1619,-22202,0,25947,2041,-27988,0,0,0,0,1,0
2989,1556250,17503,6406,-23909,0,22066,8077,-30143,0,0,0,0,1,0
2990,1556770,13751,10947,-24698,0,17337,13802,-31140,0,0,0,0,1,0
2991,1557291,9471,15066,-24538,0,11942,18997,-30940,0,0,0,0,1,0
2992,1557812,4828,18606,-23434,0,6088,23462,-29551,0,0,0,0,1,0
2993,1558333,0,21431,-21431,0,0,27026,-27026,0,0,0,0,1,0
2994,1558854,-4827,23431,-18604,0,-6088,29551,-23462,0,0,0,0,1,0
2995,1559375,-9469,24531,-15062,0,-11942,30940,-18997,0,0,0,0,1,0
2996,1559895,-13745,24688,-10943,0,-17337,31140,-13802,0,0,0,0,1,0
2997,1560416,-17493,23896,-6403,0,-22066,30143,-8077,0,0,0,0,1,0
2998,1560937,-20568,22186,-1618,0,-25947,27988,-2041,0,0,0,0,1,0
2999,1561458,-22853,19624,3229,0,-28831,24758,4073,0,0,0,0,1,0
3000,1561979,-24259,16308,7950,0,-30607,20576,10031,0,0,0,0,1,0
3001,1562500,-24732,12366,12366,0,-31207,15603,15603,0,0,0,0,1,0
3002,1563020,-24255,7949,16306,0,-30607,10031,20576,0,0,0,0,1,0
3003,1563541,-22846,3228,19619,0,-28831,4073,24758,0,0,0,0,1,0
3004,1564062,-20560,-1617,22177,0,-25947,-2041,27988,0,0,0,0,1,0
3005,1564583,-17483,-6399,23883,0,-22066,-8077,30143,0,0,0,0,1,0
3006,1565104,-13736,-10935,24671,0,-17337,-13802,31140,0,0,0,0,1,0
3007,1565625,-9461,-15050,24510,0,-11942,-18997,30940,0,0,0,0,1,0
3008,1566145,-4823,-18585,23408,0,-6088,-23462,29551,0,0,0,0,1,0
3009,1566666,0,-21407,21407,0,0,-27026,27026,0,0,0,0,1,0
3010,1567187,4822,-23405,18583,0,6088,-29551,23462,0,0,0,0,1,0
3011,1567708,9458,-24503,15045,0,11942,-30940,18997,0,0,0,0,1,0
3012,1568229,13730,-24660,10930,0,17337,-31140,13802,0,0,0,0,1,0
3013,1568750,17474,-23869,6396,0,22066,-30143,8077,0,0,0,0,1,0
3014,1569270,20545,-22161,1616,0,25947,-27988,2041,0,0,0,0,1,0
3015,1569791,22827,-19602,-3225,0,28831,-24758,-4073,0,0,0,0,1,0
3016,1570312,24232,-16290,-7942,0,30607,-20576,-10031,0,0,0,0,1,0
3017,1570833,24705,-12352,-12352,0,31207,-15603,-15603,0,0,0,0,1,0
3018,1571354,24228,-7940,-16288,0,30607,-10031,-20576,0,0,0,0,1,0
3019,1571875,22821,-3224,-19597,0,28831,-4073,-24758,0,0,0,0,1,0
3020,1572395,20537,1615,-22152,0,25947,2041,-27988,0,0,0,0,1,0
3021,1572916,17464,6392,-23856,0,22066,8077,-30143,0,0,0,0,1,0
3022,1573437,13720,10923,-24643,0,17337,13802,-31140,0,0,0,0,1,0
3023,1573958,9450,15033,-24483,0,11942,18997,-30940,0,0,0,0,1,0
3024,1574479,4817,18565,-23382,0,6088,23462,-29551,0,0,0,0,1,0
3025,1575000,0,21383,-21383,0,0,27026,-27026,0,0,0,0,1,0
3026,1575520,-4817,23379,-18562,0,-6088,29551,-23462,0,0,0,0,1,0
3027,1576041,-9447,24476,-15029,0,-11942,30940,-18997,0,0,0,0,1,0
3028,1576562,-13715,24633,-10918,0,-17337,31140,-13802,0,0,0,0,1,0
3029,1577083,-17454,23843,-6389,0,-22066,30143,-8077,0,0,0,0,1,0
3030,1577604,-20523,22137,-1614,0,-25947,27988,-2041,0,0,0,0,1,0
3031,1578125,-22802,19580,3221,0,-28831,24758,4073,0,0,0,0,1,0
3032,1578645,-24205,16272,7933,0,-30607,20576,10031,0,0,0,0,1,0
3033,1579166,-24677,12339,12339,0,-31207,15603,15603,0,0,0,0,1,0
3034,1579687,-24201,7932,16270,0,-30607,10031,20576,0,0,0,0,1,0
3035,1580208,-22796,3221,19575,0,-28831,4073,24758,0,0,0,0,1,0
3036,1580729,-20514,-1614,22128,0,-25947,-2041,27988,0,0,0,0,1,0
3037,1581250,-17445,-6385,23830,0,-22066,-8077,30143,0,0,0,0,1,0
3038,1581770,-13705,-10911,24616,0,-17337,-13802,31140,0,0,0,0,1,0
3039,1582291,-9440,-15016,24456,0,-11942,-18997,30940,0,0,0,0,1,0
3040,1582812,-4812,-18544,23356,0,-6088,-23462,29551,0,0,0,0,1,0
3041,1583333,0,-21359,21359,0,0,-27026,27026,0,0,0,0,1,0
3042,1583854,4811,-23353,18542,0,6088,-29551,23462,0,0,0,0,1,0
3043,1584375,9437,-24449,15012,0,11942,-30940,18997,0,0,0,0,1,0
3044,1584895,13699,-24606,10906,0,17337,-31140,13802,0,0,0,0,1,0
3045,1585416,17435,-23817,6382,0,22066,-30143,8077,0,0,0,0,1,0
3046,1585937,20500,-22112,1613,0,25947,-27988,2041,0,0,0,0,1,0
3047,1586458,22777,-19559,-3218,0,28831,-24758,-4073,0,0,0,0,1,0
3048,1586979,24178,-16254,-7924,0,30607,-20576,-10031,0,0,0,0,1,0
3049,1587500,24650,-12325,-12325,0,31207,-15603,-15603,0,0,0,0,1,0
3050,1588020,24175,-7923,-16252,0,30607,-10031,-20576,0,0,0,0,1,0
3051,1588541,22770,-3217,-19553,0,28831,-4073,-24758,0,0,0,0,1,0
3052,1589062,20491,1612,-22103,0,25947,2041,-27988,0,0,0,0,1,0
3053,1589583,17425,6378,-23803,0,22066,8077,-30143,0,0,0,0,1,0
3054,1590104,13690,10899,-24589,0,17337,13802,-31140,0,0,0,0,1,0
3055,1590625,9429,15000,-24429,0,11942,18997,-30940,0,0,0,0,1,0
3056,1591145,4807,18524,-23330,0,6088,23462,-29551,0,0,0,0,1,0
3057,1591666,0,21336,-21336,0,0,27026,-27026,0,0,0,0,1,0
3058,1592187,-4806,23327,-18521,0,-6088,29551,-23462,0,0,0,0,1,0
3059,1592708,-9427,24422,-14996,0,-11942,30940,-18997,0,0,0,0,1,0
3060,1593229,-13684,24578,-10894,0,-17337,31140,-13802,0,0,0,0,1,0
3061,1593750,-17416,23790,-6375,0,-22066,30143,-8077,0,0,0,0,1,0
3062,1594270,-20477,22088,-1611,0,-25947,27988,-2041,0,0,0,0,1,0
3063,1594791,-22752,19537,3214,0,-28831,24758,4073,0,0,0,0,1,0
3064,1595312,-24151,16236,7915,0,-30607,20576,10031,0,0,0,0,1,0
3065,1595833,-24623,12311,12311,0,-31207,15603,15603,0,0,0,0,1,0
3066,1596354,-24148,7914,16234,0,-30607,10031,20576,0,0,0,0,1,0
3067,1596875,-22745,3213,19532,0,-28831,4073,24758,0,0,0,0,1,0
3068,1597395,-20469,-1610,22079,0,-25947,-2041,27988,0,0,0,0,1,0
3069,1597916,-17406,-6371,23777,0,-22066,-8077,30143,0,0,0,0,1,0
3070,1598437,-13675,-10887,24562,0,-17337,-13802,31140,0,0,0,0,1,0
3071,1598958,-9419,-14983,24402,0,-11942,-18997,30940,0,0,0,0,1,0
3072,1599479,-4801,-18503,23305,0,-6088,-23462,29551,0,0,0,0,1,0
3073,1600000,0,-21312,21312,0,0,-27026,27026,0,0,0,0,1,0
3074,1600520,4801,-23302,18501,0,6088,-29551,23462,0,0,0,0,1,0
3075,1601041,9416,-24395,14979,0,11942,-30940,18997,0,0,0,0,1,0
3076,1601562,13669,-24551,10882,0,17337,-31140,13802,0,0,0,0,1,0
3077,1602083,17397,-23764,6368,0,22066,-30143,8077,0,0,0,0,1,0
3078,1602604,20455,-22064,1609,0,25947,-27988,2041,0,0,0,0,1,0
3079,1603125,22727,-19516,-3211,0,28831,-24758,-4073,0,0,0,0,1,0
3080,1603645,24125,-16218,-7907,0,30607,-20576,-10031,0,0,0,0,1,0
3081,1604166,24596,-12298,-12298,0,31207,-15603,-15603,0,0,0,0,1,0
3082,1604687,24121,-7905,-16216,0,30607,-10031,-20576,0,0,0,0,1,0
3083,1605208,22720,-3210,-19510,0,28831,-4073,-24758,0,0,0,0,1,0
3084,1605729,20446,1608,-22055,0,25947,2041,-27988,0,0,0,0,1,0
3085,1606250,17387,6364,-23751,0,22066,8077,-30143,0,0,0,0,1,0
3086,1606770,13660,10875,-24535,0,17337,13802,-31140,0,0,0,0,1,0
3087,1607291,9408,14967,-24375,0,11942,18997,-30940,0,0,0,0,1,0
3088,1607812,4796,18483,-23279,0,6088,23462,-29551,0,0,0,0,1,0
3089,1608333,0,21289,-21289,0,0,27026,-27026,0,0,0,0,1,0
3090,1608854,-4795,23276,-18481,0,-6088,29551,-23462,0,0,0,0,1,0
3091,1609375,-9406,24369,-14963,0,-11942,30940,-18997,0,0,0,0,1,0
3092,1609895,-13654,24524,-10870,0,-17337,31140,-13802,0,0,0,0,1,0
3093,1610416,-17377,23738,-6361,0,-22066,30143,-8077,0,0,0,0,1,0
3094,1610937,-20432,22040,-1607,0,-25947,27988,-2041,0,0,0,0,1,0
3095,1611458,-22702,19494,3207,0,-28831,24758,4073,0,0,0,0,1,0
3096,1611979,-24098,16200,7898,0,-30607,20576,10031,0,0,0,0,1,0
3097,1612500,-24569,12284,12284,0,-31207,15603,15603,0,0,0,0,1,0
3098,1613020,-24095,7897,16198,0,-30607,10031,20576,0,0,0,0,1,0
3099,1613541,-22695,3206,19489,0,-28831,4073,24758,0,0,0,0,1,0
3100,1614062,-20424,-1607,22030,0,-25947,-2041,27988,0,0,0,0,1,0
3101,1614583,-17368,-6357,23725,0,-22066,-8077,30143,0,0,0,0,1,0
3102,1615104,-13645,-10863,24508,0,-17337,-13802,31140,0,0,0,0,1,0
3103,1615625,-9398,-14950,24349,0,-11942,-18997,30940,0,0,0,0,1,0
3104,1616145,-4791,-18463,23254,0,-6088,-23462,29551,0,0,0,0,1,0
3105,1616666,0,-21265,21265,0,0,-27026,27026,0,0,0,0,1,0
3106,1617187,4790,-23251,18460,0,6088,-29551,23462,0,0,0,0,1,0
3107,1617708,9396,-24342,14946,0,11942,-30940,18997,0,0,0,0,1,0
3108,1618229,13639,-24498,10858,0,17337,-31140,13802,0,0,0,0,1,0
3109,1618750,17358,-23712,6354,0,22066,-30143,8077,0,0,0,0,1,0
3110,1619270,20410,-22015,1605,0,25947,-27988,2041,0,0,0,0,1,0
3111,1619791,22677,-19473,-3204,0,28831,-24758,-4073,0,0,0,0,1,0
3112,1620312,24072,-16183,-7889,0,30607,-20576,-10031,0,0,0,0,1,0
3113,1620833,24542,-12271,-12271,0,31207,-15603,-15603,0,0,0,0,1,0
3114,1621354,24069,-7888,-16180,0,30607,-10031,-20576,0,0,0,0,1,0
3115,1621875,22671,-3203,-19468,0,28831,-4073,-24758,0,0,0,0,1,0
3116,1622395,20402,1605,-22006,0,25947,2041,-27988,0,0,0,0,1,0
3117,1622916,17349,6350,-23699,0,22066,8077,-30143,0,0,0,0,1,0
3118,1623437,13630,10851,-24481,0,17337,13802,-31140,0,0,0,0,1,0
3119,1623958,9388,14934,-24322,0,11942,18997,-30940,0,0,0,0,1,0
3120,1624479,4786,18443,-23228,0,6088,23462,-29551,0,0,0,0,1,0
3121,1625000,0,21242,-21242,0,0,27026,-27026,0,0,0,0,1,0
3122,1625520,-4785,23225,-18440,0,-6088,29551,-23462,0,0,0,0,1,0
3123,1626041,-9385,24315,-14930,0,-11942,30940,-18997,0,0,0,0,1,0
3124,1626562,-13624,24471,-10846,0,-17337,31140,-13802,0,0,0,0,1,0
3125,1627083,-17340,23686,-6347,0,-22066,30143,-8077,0,0,0,0,1,0
3126,1627604,-20388,21991,-1604,0,-25947,27988,-2041,0,0,0,0,1,0
3127,1628125,-22652,19452,3200,0,-28831,24758,4073,0,0,0,0,1,0
3128,1628645,-24046,16165,7881,0,-30607,20576,10031,0,0,0,0,1,0
3129,1629166,-24515,12258,12258,0,-31207,15603,15603,0,0,0,0,1,0
3130,1629687,-24042,7880,16163,0,-30607,10031,20576,0,0,0,0,1,0
3131,1630208,-22646,3199,19446,0,-28831,4073,24758,0,0,0,0,1,0
3132,1630729,-20379,-1603,21982,0,-25947,-2041,27988,0,0,0,0,1,0
3133,1631250,-17330,-6343,23673,0,-22066,-8077,30143,0,0,0,0,1,0
3134,1631770,-13615,-10839,24454,0,-17337,-13802,31140,0,0,0,0,1,0
3135,1632291,-9378,-14918,24295,0,-11942,-18997,30940,0,0,0,0,1,0
3136,1632812,-4780,-18423,23203,0,-6088,-23462,29551,0,0,0,0,1,0
3137,1633333,0,-21219,21219,0,0,-27026,27026,0,0,0,0,1,0
3138,1633854,4780,-23200,18420,0,6088,-29551,23462,0,0,0,0,1,0
3139,1634375,9375,-24289,14914,0,11942,-30940,18997,0,0,0,0,1,0
3140,1634895,13610,-24444,10835,0,17337,-31140,13802,0,0,0,0,1,0
3141,1635416,17321,-23660,6340,0,22066,-30143,8077,0,0,0,0,1,0
3142,1635937,20366,-21967,1602,0,25947,-27988,2041,0,0,0,0,1,0
3143,1636458,22627,-19431,-3197,0,28831,-24758,-4073,0,0,0,0,1,0
3144,1636979,24020,-16147,-7872,0,30607,-20576,-10031,0,0,0,0,1,0
3145,1637500,24488,-12244,-12244,0,31207,-15603,-15603,0,0,0,0,1,0
3146,1638020,24016,-7871,-16145,0,30607,-10031,-20576,0,0,0,0,1,0
3147,1638541,22621,-3196,-19425,0,28831,-4073,-24758,0,0,0,0,1,0
3148,1639062,20357,1601,-21959,0,25947,2041,-27988,0,0,0,0,1,0
3149,1639583,17311,6336,-23648,0,22066,8077,-30143,0,0,0,0,1,0
3150,1640104,13600,10827,-24428,0,17337,13802,-31140,0,0,0,0,1,0
3151,1640625,9368,14902,-24269,0,11942,18997,-30940,0,0,0,0,1,0
3152,1641145,4775,18403,-23178,0,6088,23462,-29551,0,0,0,0,1,0
3153,1641666,0,21196,-21196,0,0,27026,-27026,0,0,0,0,1,0
3154,1642187,-4775,23175,-18400,0,-6088,29551,-23462,0,0,0,0,1,0
3155,1642708,-9365,24262,-14898,0,-11942,30940,-18997,0,0,0,0,1,0
3156,1643229,-13595,24418,-10823,0,-17337,31140,-13802,0,0,0,0,1,0
3157,1643750,-17302,23635,-6333,0,-22066,30143,-8077,0,0,0,0,1,0
3158,1644270,-20343,21944,-1600,0,-25947,27988,-2041,0,0,0,0,1,0
3159,1644791,-22603,19410,3193,0,-28831,24758,4073,0,0,0,0,1,0
3160,1645312,-23993,16130,7864,0,-30607,20576,10031,0,0,0,0,1,0
3161,1645833,-24462,12231,12231,0,-31207,15603,15603,0,0,0,0,1,0
3162,1646354,-23990,7862,16128,0,-30607,10031,20576,0,0,0,0,1,0
3163,1646875,-22597,3192,19404,0,-28831,4073,24758,0,0,0,0,1,0
3164,1647395,-20335,-1600,21935,0,-25947,-2041,27988,0,0,0,0,1,0
3165,1647916,-17292,-6329,23622,0,-22066,-8077,30143,0,0,0,0,1,0
3166,1648437,-13586,-10816,24401,0,-17337,-13802,31140,0,0,0,0,1,0
3167,1648958,-9357,-14885,24243,0,-11942,-18997,30940,0,0,0,0,1,0
3168,1649479,-4770,-18383,23153,0,-6088,-23462,29551,0,0,0,0,1,0
3169,1650000,0,-21173,21173,0,0,-27026,27026,0,0,0,0,1,0
3170,1650520,4769,-23150,18380,0,6088,-29551,23462,0,0,0,0,1,0
3171,1651041,9355,-24236,14881,0,11942,-30940,18997,0,0,0,0,1,0
3172,1651562,13580,-24391,10811,0,17337,-31140,13802,0,0,0,0,1,0
3173,1652083,17283,-23609,6326,0,22066,-30143,8077,0,0,0,0,1,0
3174,1652604,20321,-21920,1598,0,25947,-27988,2041,0,0,0,0,1,0
3175,1653125,22578,-19389,-3190,0,28831,-24758,-4073,0,0,0,0,1,0
3176,1653645,23968,-16113,-7855,0,30607,-20576,-10031,0,0,0,0,1,0
3177,1654166,24435,-12218,-12218,0,31207,-15603,-15603,0,0,0,0,1,0
3178,1654687,23964,-7854,-16110,0,30607,-10031,-20576,0,0,0,0,1,0
3179,1655208,22572,-3189,-19383,0,28831,-4073,-24758,0,0,0,0,1,0
3180,1655729,20313,1598,-21911,0,25947,2041,-27988,0,0,0,0,1,0
3181,1656250,17274,6323,-23596,0,22066,8077,-30143,0,0,0,0,1,0
3182,1656770,13571,10804,-24375,0,17337,13802,-31140,0,0,0,0,1,0
3183,1657291,9347,14869,-24217,0,11942,18997,-30940,0,0,0,0,1,0
3184,1657812,4765,18363,-23128,0,6088,23462,-29551,0,0,0,0,1,0
3185,1658333,0,21150,-21150,0,0,27026,-27026,0,0,0,0,1,0
3186,1658854,-4764,23125,-18360,0,-6088,29551,-23462,0,0,0,0,1,0
3187,1659375,-9345,24210,-14865,0,-11942,30940,-18997,0,0,0,0,1,0
3188,1659895,-13566,24365,-10800,0,-17337,31140,-13802,0,0,0,0,1,0
3189,1660416,-17264,23584,-6319,0,-22066,30143,-8077,0,0,0,0,1,0
3190,1660937,-20300,21896,-1597,0,-25947,27988,-2041,0,0,0,0,1,0
3191,1661458,-22554,19368,3186,0,-28831,24758,4073,0,0,0,0,1,0
3192,1661979,-23942,16095,7847,0,-30607,20576,10031,0,0,0,0,1,0
3193,1662500,-24409,12205,12205,0,-31207,15603,15603,0,0,0,0,1,0
3194,1663020,-23938,7846,16093,0,-30607,10031,20576,0,0,0,0,1,0
3195,1663541,-22548,3186,19362,0,-28831,4073,24758,0,0,0,0,1,0
3196,1664062,-20291,-1596,21887,0,-25947,-2041,27988,0,0,0,0,1,0
3197,1664583,-17255,-6316,23571,0,-22066,-8077,30143,0,0,0,0,1,0
3198,1665104,-13556,-10792,24349,0,-17337,-13802,31140,0,0,0,0,1,0
3199,1665625,-9337,-14853,24191,0,-11942,-18997,30940,0,0,0,0,1,0
3200,1666145,-4760,-18343,23103,0,-6088,-23462,29551,0,0,0,0,1,0
3201,1666666,0,-21128,21128,0,0,-27026,27026,0,0,0,0,1,0
3202,1667187,4759,-23100,18341,0,6088,-29551,23462,0,0,0,0,1,0
3203,1667708,9335,-24184,14849,0,11942,-30940,18997,0,0,0,0,1,0
3204,1668229,13551,-24339,10788,0,17337,-31140,13802,0,0,0,0,1,0
3205,1668750,17246,-23558,6312,0,22066,-30143,8077,0,0,0,0,1,0
3206,1669270,20278,-21873,1595,0,25947,-27988,2041,0,0,0,0,1,0
3207,1669791,22530,-19347,-3183,0,28831,-24758,-4073,0,0,0,0,1,0
3208,1670312,23916,-16078,-7838,0,30607,-20576,-10031,0,0,0,0,1,0
3209,1670833,24383,-12191,-12191,0,31207,-15603,-15603,0,0,0,0,1,0
3210,1671354,23913,-7837,-16076,0,30607,-10031,-20576,0,0,0,0,1,0
3211,1671875,22524,-3182,-19342,0,28831,-4073,-24758,0,0,0,0,1,0
3212,1672395,20270,1594,-21864,0,25947,2041,-27988,0,0,0,0,1,0
3213,1672916,17237,6309,-23546,0,22066,8077,-30143,0,0,0,0,1,0
3214,1673437,13542,10781,-24323,0,17337,13802,-31140,0,0,0,0,1,0
3215,1673958,9327,14837,-24165,0,11942,18997,-30940,0,0,0,0,1,0
3216,1674479,4755,18323,-23078,0,6088,23462,-29551,0,0,0,0,1,0
3217,1675000,0,21105,-21105,0,0,27026,-27026,0,0,0,0,1,0
3218,1675520,-4754,23075,-18321,0,-6088,29551,-23462,0,0,0,0,1,0
3219,1676041,-9325,24158,-14833,0,-11942,30940,-18997,0,0,0,0,1,0
3220,1676562,-13536,24313,-10776,0,-17337,31140,-13802,0,0,0,0,1,0
3221,1677083,-17227,23533,-6306,0,-22066,30143,-8077,0,0,0,0,1,0
3222,1677604,-20256,21849,-1593,0,-25947,27988,-2041,0,0,0,0,1,0
3223,1678125,-22506,19326,3180,0,-28831,24758,4073,0,0,0,0,1,0
3224,1678645,-23890,16061,7830,0,-30607,20576,10031,0,0,0,0,1,0
3225,1679166,-24357,12178,12178,0,-31207,15603,15603,0,0,0,0,1,0
3226,1679687,-23887,7829,16058,0,-30607,10031,20576,0,0,0,0,1,0
3227,1680208,-22500,3179,19321,0,-28831,4073,24758,0,0,0,0,1,0
3228,1680729,-20248,-1593,21841,0,-25947,-2041,27988,0,0,0,0,1,0
3229,1681250,-17218,-6302,23521,0,-22066,-8077,30143,0,0,0,0,1,0
3230,1681770,-13527,-10769,24296,0,-17337,-13802,31140,0,0,0,0,1,0
3231,1682291,-9317,-14821,24139,0,-11942,-18997,30940,0,0,0,0,1,0
3232,1682812,-4750,-18304,23053,0,-6088,-23462,29551,0,0,0,0,1,0
3233,1683333,0,-21082,21082,0,0,-27026,27026,0,0,0,0,1,0
3234,1683854,4749,-23050,18301,0,6088,-29551,23462,0,0,0,0,1,0
3235,1684375,9315,-24132,14818,0,11942,-30940,18997,0,0,0,0,1,0
3236,1684895,13522,-24287,10765,0,17337,-31140,13802,0,0,0,0,1,0
3237,1685416,17209,-23508,6299,0,22066,-30143,8077,0,0,0,0,1,0
3238,1685937,20234,-21826,1592,0,25947,-27988,2041,0,0,0,0,1,0
3239,1686458,22482,-19305,-3176,0,28831,-24758,-4073,0,0,0,0,1,0
3240,1686979,23865,-16043,-7821,0,30607,-20576,-10031,0,0,0,0,1,0
3241,1687500,24331,-12165,-12165,0,31207,-15603,-15603,0,0,0,0,1,0
3242,1688020,23862,-7820,-16041,0,30607,-10031,-20576,0,0,0,0,1,0
3243,1688541,22476,-3175,-19300,0,28831,-4073,-24758,0,0,0,0,1,0
3244,1689062,20226,1591,-21817,0,25947,2041,-27988,0,0,0,0,1,0
3245,1689583,17200,6296,-23495,0,22066,8077,-30143,0,0,0,0,1,0
3246,1690104,13513,10758,-24271,0,17337,13802,-31140,0,0,0,0,1,0
3247,1690625,9307,14806,-24113,0,11942,18997,-30940,0,0,0,0,1,0
3248,1691145,4744,18284,-23029,0,6088,23462,-29551,0,0,0,0,1,0
3249,1691666,0,21060,-21060,0,0,27026,-27026,0,0,0,0,1,0
3250,1692187,-4744,23026,-18282,0,-6088,29551,-23462,0,0,0,0,1,0
3251,1692708,-9305,24106,-14802,0,-11942,30940,-18997,0,0,0,0,1,0
3252,1693229,-13508,24261,-10753,0,-17337,31140,-13802,0,0,0,0,1,0
3253,1693750,-17191,23483,-6292,0,-22066,30143,-8077,0,0,0,0,1,0
3254,1694270,-20213,21803,-1590,0,-25947,27988,-2041,0,0,0,0,1,0
3255,1694791,-22458,19285,3173,0,-28831,24758,4073,0,0,0,0,1,0
3256,1695312,-23839,16026,7813,0,-30607,20576,10031,0,0,0,0,1,0
3257,1695833,-24305,12152,12152,0,-31207,15603,15603,0,0,0,0,1,0
3258,1696354,-23836,7812,16024,0,-30607,10031,20576,0,0,0,0,1,0
3259,1696875,-22452,3172,19280,0,-28831,4073,24758,0,0,0,0,1,0
3260,1697395,-20205,-1589,21794,0,-25947,-2041,27988,0,0,0,0,1,0
3261,1697916,-17181,-6289,23470,0,-22066,-8077,30143,0,0,0,0,1,0
3262,1698437,-13499,-10746,24245,0,-17337,-13802,31140,0,0,0,0,1,0
3263,1698958,-9297,-14790,24087,0,-11942,-18997,30940,0,0,0,0,1,0
3264,1699479,-4739,-18265,23004,0,-6088,-23462,29551,0,0,0,0,1,0
3265,1700000,0,-21037,21037,0,0,-27026,27026,0,0,0,0,1,0
3266,1700520,4739,-23001,18262,0,6088,-29551,23462,0,0,0,0,1,0
3267,1701041,9295,-24081,14786,0,11942,-30940,18997,0,0,0,0,1,0
3268,1701562,13493,-24235,10742,0,17337,-31140,13802,0,0,0,0,1,0
3269,1702083,17172,-23458,6286,0,22066,-30143,8077,0,0,0,0,1,0
3270,1702604,20191,-21779,1588,0,25947,-27988,2041,0,0,0,0,1,0
3271,1703125,22434,-19264,-3169,0,28831,-24758,-4073,0,0,0,0,1,0
3272,1703645,23814,-16009,-7805,0,30607,-20576,-10031,0,0,0,0,1,0
3273,1704166,24279,-12139,-12139,0,31207,-15603,-15603,0,0,0,0,1,0
3274,1704687,23811,-7804,-16007,0,30607,-10031,-20576,0,0,0,0,1,0
3275,1705208,22428,-3169,-19259,0,28831,-4073,-24758,0,0,0,0,1,0
3276,1705729,20183,1588,-21771,0,25947,2041,-27988,0,0,0,0,1,0
3277,1706250,17163,6282,-23445,0,22066,8077,-30143,0,0,0,0,1,0
3278,1706770,13484,10735,-24219,0,17337,13802,-31140,0,0,0,0,1,0
3279,1707291,9287,14774,-24062,0,11942,18997,-30940,0,0,0,0,1,0
3280,1707812,4734,18245,-22980,0,6088,23462,-29551,0,0,0,0,1,0
3281,1708333,0,21015,-21015,0,0,27026,-27026,0,0,0,0,1,0
3282,1708854,-4734,22977,-18243,0,-6088,29551,-23462,0,0,0,0,1,0
3283,1709375,-9285,24055,-14770,0,-11942,30940,-18997,0,0,0,0,1,0
3284,1709895,-13479,24209,-10730,0,-17337,31140,-13802,0,0,0,0,1,0
3285,1710416,-17154,23433,-6279,0,-22066,30143,-8077,0,0,0,0,1,0
3286,1710937,-20170,21756,-1587,0,-25947,27988,-2041,0,0,0,0,1,0
3287,1711458,-22410,19244,3166,0,-28831,24758,4073,0,0,0,0,1,0
3288,1711979,-23789,15992,7796,0,-30607,20576,10031,0,0,0,0,1,0
3289,1712500,-24253,12127,12127,0,-31207,15603,15603,0,0,0,0,1,0
3290,1713020,-23786,7795,15990,0,-30607,10031,20576,0,0,0,0,1,0
3291,1713541,-22404,3165,19239,0,-28831,4073,24758,0,0,0,0,1,0
3292,1714062,-20162,-1586,21748,0,-25947,-2041,27988,0,0,0,0,1,0
3293,1714583,-17145,-6276,23421,0,-22066,-8077,30143,0,0,0,0,1,0
3294,1715104,-13470,-10723,24193,0,-17337,-13802,31140,0,0,0,0,1,0
3295,1715625,-9278,-14759,24036,0,-11942,-18997,30940,0,0,0,0,1,0
3296,1716145,-4729,-18226,22955,0,-6088,-23462,29551,0,0,0,0,1,0
3297,1716666,0,-20993,20993,0,0,-27026,27026,0,0,0,0,1,0
3298,1717187,4729,-22952,18224,0,6088,-29551,23462,0,0,0,0,1,0
3299,1717708,9275,-24030,14755,0,11942,-30940,18997,0,0,0,0,1,0
3300,1718229,13465,-24184,10719,0,17337,-31140,13802,0,0,0,0,1,0
3301,1718750,17136,-23408,6272,0,22066,-30143,8077,0,0,0,0,1,0
3302,1719270,20148,-21733,1585,0,25947,-27988,2041,0,0,0,0,1,0
3303,1719791,22386,-19224,-3163,0,28831,-24758,-4073,0,0,0,0,1,0
3304,1720312,23764,-15975,-7788,0,30607,-20576,-10031,0,0,0,0,1,0
3305,1720833,24228,-12114,-12114,0,31207,-15603,-15603,0,0,0,0,1,0
3306,1721354,23760,-7787,-15973,0,30607,-10031,-20576,0,0,0,0,1,0
3307,1721875,22380,-3162,-19218,0,28831,-4073,-24758,0,0,0,0,1,0
3308,1722395,20140,1584,-21725,0,25947,2041,-27988,0,0,0,0,1,0
3309,1722916,17127,6269,-23396,0,22066,8077,-30143,0,0,0,0,1,0
3310,1723437,13456,10712,-24168,0,17337,13802,-31140,0,0,0,0,1,0
3311,1723958,9268,14743,-24011,0,11942,18997,-30940,0,0,0,0,1,0
3312,1724479,4724,18207,-22931,0,6088,23462,-29551,0,0,0,0,1,0
3313,1725000,0,20971,-20971,0,0,27026,-27026,0,0,0,0,1,0
3314,1725520,-4724,22928,-18204,0,-6088,29551,-23462,0,0,0,0,1,0
3315,1726041,-9265,24004,-14739,0,-11942,30940,-18997,0,0,0,0,1,0
3316,1726562,-13450,24158,-10708,0,-17337,31140,-13802,0,0,0,0,1,0
3317,1727083,-17118,23384,-6266,0,-22066,30143,-8077,0,0,0,0,1,0
3318,1727604,-20127,21710,-1583,0,-25947,27988,-2041,0,0,0,0,1,0
3319,1728125,-22363,19203,3159,0,-28831,24758,4073,0,0,0,0,1,0
3320,1728645,-23739,15959,7780,0,-30607,20576,10031,0,0,0,0,1,0
3321,1729166,-24202,12101,12101,0,-31207,15603,15603,0,0,0,0,1,0
3322,1729687,-23735,7779,15956,0,-30607,10031,20576,0,0,0,0,1,0
3323,1730208,-22357,3159,19198,0,-28831,4073,24758,0,0,0,0,1,0
3324,1730729,-20119,-1583,21702,0,-25947,-2041,27988,0,0,0,0,1,0
3325,1731250,-17109,-6262,23371,0,-22066,-8077,30143,0,0,0,0,1,0
3326,1731770,-13442,-10701,24142,0,-17337,-13802,31140,0,0,0,0,1,0
3327,1732291,-9258,-14727,23986,0,-11942,-18997,30940,0,0,0,0,1,0
3328,1732812,-4719,-18188,22907,0,-6088,-23462,29551,0,0,0,0,1,0
3329,1733333,0,-20949,20949,0,0,-27026,27026,0,0,0,0,1,0
3330,1733854,4719,-22904,18185,0,6088,-29551,23462,0,0,0,0,1,0
3331,1734375,9256,-23979,14724,0,11942,-30940,18997,0,0,0,0,1,0
3332,1734895,13436,-24133,10697,0,17337,-31140,13802,0,0,0,0,1,0
3333,1735416,17100,-23359,6259,0,22066,-30143,8077,0,0,0,0,1,0
3334,1735937,20106,-21688,1582,0,25947,-27988,2041,0,0,0,0,1,0
3335,1736458,22339,-19183,-3156,0,28831,-24758,-4073,0,0,0,0,1,0
3336,1736979,23714,-15942,-7772,0,30607,-20576,-10031,0,0,0,0,1,0
3337,1737500,24177,-12088,-12088,0,31207,-15603,-15603,0,0,0,0,1,0
3338,1738020,23710,-7771,-15940,0,30607,-10031,-20576,0,0,0,0,1,0
3339,1738541,22333,-3155,-19178,0,28831,-4073,-24758,0,0,0,0,1,0
3340,1739062,20098,1581,-21679,0,25947,2041,-27988,0,0,0,0,1,0
3341,1739583,17091,6256,-23347,0,22066,8077,-30143,0,0,0,0,1,0
3342,1740104,13427,10690,-24117,0,17337,13802,-31140,0,0,0,0,1,0
3343,1740625,9248,14712,-23960,0,11942,18997,-30940,0,0,0,0,1,0
3344,1741145,4714,18169,-22883,0,6088,23462,-29551,0,0,0,0,1,0
3345,1741666,0,20927,-20927,0,0,27026,-27026,0,0,0,0,1,0
3346,1742187,-4714,22880,-18166,0,-6088,29551,-23462,0,0,0,0,1,0
3347,1742708,-9246,23954,-14708,0,-11942,30940,-18997,0,0,0,0,1,0
3348,1743229,-13422,24107,-10685,0,-17337,31140,-13802,0,0,0,0,1,0
3349,1743750,-17082,23334,-6252,0,-22066,30143,-8077,0,0,0,0,1,0
3350,1744270,-20085,21665,-1580,0,-25947,27988,-2041,0,0,0,0,1,0
3351,1744791,-22316,19163,3153,0,-28831,24758,4073,0,0,0,0,1,0
3352,1745312,-23689,15925,7764,0,-30607,20576,10031,0,0,0,0,1,0
3353,1745833,-24151,12076,12076,0,-31207,15603,15603,0,0,0,0,1,0
3354,1746354,-23686,7763,15923,0,-30607,10031,20576,0,0,0,0,1,0
3355,1746875,-22310,3152,19158,0,-28831,4073,24758,0,0,0,0,1,0
3356,1747395,-20077,-1579,21656,0,-25947,-2041,27988,0,0,0,0,1,0
3357,1747916,-17073,-6249,23322,0,-22066,-8077,30143,0,0,0,0,1,0
3358,1748437,-13413,-10678,24092,0,-17337,-13802,31140,0,0,0,0,1,0
3359,1748958,-9239,-14697,23935,0,-11942,-18997,30940,0,0,0,0,1,0
3360,1749479,-4710,-18150,22859,0,-6088,-23462,29551,0,0,0,0,1,0
3361,1750000,0,-20905,20905,0,0,-27026,27026,0,0,0,0,1,0
3362,1750520,4709,-22856,18147,0,6088,-29551,23462,0,0,0,0,1,0
3363,1751041,9236,-23929,14693,0,11942,-30940,18997,0,0,0,0,1,0
3364,1751562,13408,-24082,10674,0,17337,-31140,13802,0,0,0,0,1,0
3365,1752083,17064,-23310,6246,0,22066,-30143,8077,0,0,0,0,1,0
3366,1752604,20064,-21642,1578,0,25947,-27988,2041,0,0,0,0,1,0
3367,1753125,22292,-19143,-3149,0,28831,-24758,-4073,0,0,0,0,1,0
3368,1753645,23664,-15908,-7756,0,30607,-20576,-10031,0,0,0,0,1,0
3369,1754166,24126,-12063,-12063,0,31207,-15603,-15603,0,0,0,0,1,0
3370,1754687,23661,-7755,-15906,0,30607,-10031,-20576,0,0,0,0,1,0
3371,1755208,22287,-3149,-19138,0,28831,-4073,-24758,0,0,0,0,1,0
3372,1755729,20056,1578,-21634,0,25947,2041,-27988,0,0,0,0,1,0
3373,1756250,17055,6243,-23298,0,22066,8077,-30143,0,0,0,0,1,0
3374,1756770,13399,10667,-24067,0,17337,13802,-31140,0,0,0,0,1,0
3375,1757291,9229,14681,-23910,0,11942,18997,-30940,0,0,0,0,1,0
3376,1757812,4705,18131,-22835,0,6088,23462,-29551,0,0,0,0,1,0
3377,1758333,0,20883,-20883,0,0,27026,-27026,0,0,0,0,1,0
3378,1758854,-4704,22832,-18128,0,-6088,29551,-23462,0,0,0,0,1,0
3379,1759375,-9227,23904,-14677,0,-11942,30940,-18997,0,0,0,0,1,0
3380,1759895,-13394,24057,-10663,0,-17337,31140,-13802,0,0,0,0,1,0
3381,1760416,-17046,23286,-6239,0,-22066,30143,-8077,0,0,0,0,1,0
3382,1760937,-20043,21620,-1577,0,-25947,27988,-2041,0,0,0,0,1,0
3383,1761458,-22269,19123,3146,0,-28831,24758,4073,0,0,0,0,1,0
3384,1761979,-23639,15892,7747,0,-30607,20576,10031,0,0,0,0,1,0
3385,1762500,-24101,12050,12050,0,-31207,15603,15603,0,0,0,0,1,0
3386,1763020,-23636,7746,15890,0,-30607,10031,20576,0,0,0,0,1,0
3387,1763541,-22263,3145,19118,0,-28831,4073,24758,0,0,0,0,1,0
3388,1764062,-20035,-1576,21611,0,-25947,-2041,27988,0,0,0,0,1,0
3389,1764583,-17037,-6236,23274,0,-22066,-8077,30143,0,0,0,0,1,0
3390,1765104,-13385,-10656,24041,0,-17337,-13802,31140,0,0,0,0,1,0
3391,1765625,-9219,-14666,23885,0,-11942,-18997,30940,0,0,0,0,1,0
3392,1766145,-4700,-18112,22811,0,-6088,-23462,29551,0,0,0,0,1,0
3393,1766666,0,-20861,20861,0,0,-27026,27026,0,0,0,0,1,0
3394,1767187,4699,-22808,18109,0,6088,-29551,23462,0,0,0,0,1,0
3395,1767708,9217,-23879,14662,0,11942,-30940,18997,0,0,0,0,1,0
3396,1768229,13380,-24032,10652,0,17337,-31140,13802,0,0,0,0,1,0
3397,1768750,17029,-23262,6233,0,22066,-30143,8077,0,0,0,0,1,0
3398,1769270,20022,-21597,1575,0,25947,-27988,2041,0,0,0,0,1,0
3399,1769791,22246,-19103,-3143,0,28831,-24758,-4073,0,0,0,0,1,0
3400,1770312,23615,-15875,-7739,0,30607,-20576,-10031,0,0,0,0,1,0
3401,1770833,24076,-12038,-12038,0,31207,-15603,-15603,0,0,0,0,1,0
3402,1771354,23612,-7738,-15873,0,30607,-10031,-20576,0,0,0,0,1,0
3403,1771875,22240,-3142,-19098,0,28831,-4073,-24758,0,0,0,0,1,0
3404,1772395,20014,1574,-21589,0,25947,2041,-27988,0,0,0,0,1,0
3405,1772916,17020,6230,-23249,0,22066,8077,-30143,0,0,0,0,1,0
3406,1773437,13371,10645,-24016,0,17337,13802,-31140,0,0,0,0,1,0
3407,1773958,9210,14651,-23861,0,11942,18997,-30940,0,0,0,0,1,0
3408,1774479,4695,18093,-22788,0,6088,23462,-29551,0,0,0,0,1,0
3409,1775000,0,20839,-20839,0,0,27026,-27026,0,0,0,0,1,0
3410,1775520,-4694,22785,-18091,0,-6088,29551,-23462,0,0,0,0,1,0
3411,1776041,-9207,23854,-14647,0,-11942,30940,-18997,0,0,0,0,1,0
3412,1776562,-13366,24007,-10641,0,-17337,31140,-13802,0,0,0,0,1,0
3413,1777083,-17011,23237,-6226,0,-22066,30143,-8077,0,0,0,0,1,0
3414,1777604,-20001,21575,-1573,0,-25947,27988,-2041,0,0,0,0,1,0
3415,1778125,-22223,19083,3140,0,-28831,24758,4073,0,0,0,0,1,0
3416,1778645,-23590,15859,7731,0,-30607,20576,10031,0,0,0,0,1,0
3417,1779166,-24051,12025,12025,0,-31207,15603,15603,0,0,0,0,1,0
3418,1779687,-23587,7730,15857,0,-30607,10031,20576,0,0,0,0,1,0
3419,1780208,-22217,3139,19078,0,-28831,4073,24758,0,0,0,0,1,0
3420,1780729,-19994,-1573,21566,0,-25947,-2041,27988,0,0,0,0,1,0
3421,1781250,-17002,-6223,23225,0,-22066,-8077,30143,0,0,0,0,1,0
3422,1781770,-13358,-10634,23992,0,-17337,-13802,31140,0,0,0,0,1,0
3423,1782291,-9200,-14636,23836,0,-11942,-18997,30940,0,0,0,0,1,0
3424,1782812,-4690,-18074,22764,0,-6088,-23462,29551,0,0,0,0,1,0
3425,1783333,0,-20818,20818,0,0,-27026,27026,0,0,0,0,1,0
3426,1783854,4689,-22761,18072,0,6088,-29551,23462,0,0,0,0,1,0
3427,1784375,9198,-23830,14632,0,11942,-30940,18997,0,0,0,0,1,0
3428,1784895,13352,-23982,10630,0,17337,-31140,13802,0,0,0,0,1,0
3429,1785416,16993,-23213,6220,0,22066,-30143,8077,0,0,0,0,1,0
3430,1785937,19981,-21552,1572,0,25947,-27988,2041,0,0,0,0,1,0
3431,1786458,22200,-19064,-3136,0,28831,-24758,-4073,0,0,0,0,1,0
3432,1786979,23566,-15842,-7723,0,30607,-20576,-10031,0,0,0,0,1,0
3433,1787500,24026,-12013,-12013,0,31207,-15603,-15603,0,0,0,0,1,0
3434,1788020,23563,-7722,-15840,0,30607,-10031,-20576,0,0,0,0,1,0
3435,1788541,22194,-3136,-19059,0,28831,-4073,-24758,0,0,0,0,1,0
3436,1789062,19973,1571,-21544,0,25947,2041,-27988,0,0,0,0,1,0
3437,1789583,16985,6217,-23201,0,22066,8077,-30143,0,0,0,0,1,0
3438,1790104,13344,10623,-23967,0,17337,13802,-31140,0,0,0,0,1,0
3439,1790625,9191,14620,-23811,0,11942,18997,-30940,0,0,0,0,1,0
3440,1791145,4685,18056,-22741,0,6088,23462,-29551,0,0,0,0,1,0
3441,1791666,0,20796,-20796,0,0,27026,-27026,0,0,0,0,1,0
3442,1792187,-4685,22738,-18053,0,-6088,29551,-23462,0,0,0,0,1,0
3443,1792708,-9188,23805,-14617,0,-11942,30940,-18997,0,0,0,0,1,0
3444,1793229,-13339,23958,-10619,0,-17337,31140,-13802,0,0,0,0,1,0
3445,1793750,-16976,23189,-6214,0,-22066,30143,-8077,0,0,0,0,1,0
3446,1794270,-19960,21530,-1570,0,-25947,27988,-2041,0,0,0,0,1,0
3447,1794791,-22177,19044,3133,0,-28831,24758,4073,0,0,0,0,1,0
3448,1795312,-23542,15826,7715,0,-30607,20576,10031,0,0,0,0,1,0
3449,1795833,-24001,12001,12001,0,-31207,15603,15603,0,0,0,0,1,0
3450,1796354,-23539,7714,15824,0,-30607,10031,20576,0,0,0,0,1,0
3451,1796875,-22171,3132,19039,0,-28831,4073,24758,0,0,0,0,1,0
3452,1797395,-19952,-1569,21522,0,-25947,-2041,27988,0,0,0,0,1,0
3453,1797916,-16967,-6210,23177,0,-22066,-8077,30143,0,0,0,0,1,0
3454,1798437,-13330,-10612,23942,0,-17337,-13802,31140,0,0,0,0,1,0
3455,1798958,-9181,-14605,23787,0,-11942,-18997,30940,0,0,0,0,1,0
3456,1799479,-4680,-18037,22717,0,-6088,-23462,29551,0,0,0,0,1,0
3457,1800000,0,-20775,20775,0,0,-27026,27026,0,0,0,0,1,0
3458,1800520,4680,-22714,18035,0,6088,-29551,23462,0,0,0,0,1,0
3459,1801041,9179,-23781,14602,0,11942,-30940,18997,0,0,0,0,1,0
3460,1801562,13325,-23933,10608,0,17337,-31140,13802,0,0,0,0,1,0
3461,1802083,16958,-23166,6207,0,22066,-30143,8077,0,0,0,0,1,0
3462,1802604,19940,-21508,1568,0,25947,-27988,2041,0,0,0,0,1,0
3463,1803125,22154,-19024,-3130,0,28831,-24758,-4073,0,0,0,0,1,0
3464,1803645,23517,-15810,-7708,0,30607,-20576,-10031,0,0,0,0,1,0
3465,1804166,23977,-11988,-11988,0,31207,-15603,-15603,0,0,0,0,1,0
3466,1804687,23514,-7707,-15808,0,30607,-10031,-20576,0,0,0,0,1,0
3467,1805208,22149,-3129,-19019,0,28831,-4073,-24758,0,0,0,0,1,0
3468,1805729,19932,1568,-21500,0,25947,2041,-27988,0,0,0,0,1,0
3469,1806250,16950,6204,-23154,0,22066,8077,-30143,0,0,0,0,1,0
3470,1806770,13316,10601,-23918,0,17337,13802,-31140,0,0,0,0,1,0
3471,1807291,9172,14590,-23762,0,11942,18997,-30940,0,0,0,0,1,0
3472,1807812,4676,18018,-22694,0,6088,23462,-29551,0,0,0,0,1,0
3473,1808333,0,20754,-20754,0,0,27026,-27026,0,0,0,0,1,0
3474,1808854,-4675,22691,-18016,0,-6088,29551,-23462,0,0,0,0,1,0
3475,1809375,-9170,23756,-14587,0,-11942,30940,-18997,0,0,0,0,1,0
3476,1809895,-13311,23908,-10597,0,-17337,31140,-13802,0,0,0,0,1,0
3477,1810416,-16941,23142,-6201,0,-22066,30143,-8077,0,0,0,0,1,0
3478,1810937,-19919,21486,-1567,0,-25947,27988,-2041,0,0,0,0,1,0
3479,1811458,-22132,19005,3127,0,-28831,24758,4073,0,0,0,0,1,0
3480,1811979,-23493,15794,7700,0,-30607,20576,10031,0,0,0,0,1,0
3481,1812500,-23952,11976,11976,0,-31207,15603,15603,0,0,0,0,1,0
3482,1813020,-23490,7699,15792,0,-30607,10031,20576,0,0,0,0,1,0
3483,1813541,-22126,3126,19000,0,-28831,4073,24758,0,0,0,0,1,0
3484,1814062,-19912,-1566,21478,0,-25947,-2041,27988,0,0,0,0,1,0
3485,1814583,-16932,-6198,23130,0,-22066,-8077,30143,0,0,0,0,1,0
3486,1815104,-13303,-10590,23893,0,-17337,-13802,31140,0,0,0,0,1,0
3487,1815625,-9163,-14575,23738,0,-11942,-18997,30940,0,0,0,0,1,0
3488,1816145,-4671,-18000,22671,0,-6088,-23462,29551,0,0,0,0,1,0
3489,1816666,0,-20732,20732,0,0,-27026,27026,0,0,0,0,1,0
3490,1817187,4670,-22668,17998,0,6088,-29551,23462,0,0,0,0,1,0
3491,1817708,9160,-23732,14572,0,11942,-30940,18997,0,0,0,0,1,0
3492,1818229,13298,-23884,10586,0,17337,-31140,13802,0,0,0,0,1,0
3493,1818750,16924,-23118,6194,0,22066,-30143,8077,0,0,0,0,1,0
3494,1819270,19899,-21464,1565,0,25947,-27988,2041,0,0,0,0,1,0
3495,1819791,22109,-18985,-3124,0,28831,-24758,-4073,0,0,0,0,1,0
3496,1820312,23469,-15778,-7692,0,30607,-20576,-10031,0,0,0,0,1,0
3497,1820833,23928,-11964,-11964,0,31207,-15603,-15603,0,0,0,0,1,0
3498,1821354,23466,-7691,-15776,0,30607,-10031,-20576,0,0,0,0,1,0
3499,1821875,22103,-3123,-18981,0,28831,-4073,-24758,0,0,0,0,1,0
3500,1822395,19891,1565,-21456,0,25947,2041,-27988,0,0,0,0,1,0
3501,1822916,16915,6191,-23106,0,22066,8077,-30143,0,0,0,0,1,0
3502,1823437,13289,10580,-23869,0,17337,13802,-31140,0,0,0,0,1,0
3503,1823958,9153,14561,-23714,0,11942,18997,-30940,0,0,0,0,1,0
3504,1824479,4666,17982,-22648,0,6088,23462,-29551,0,0,0,0,1,0
3505,1825000,0,20711,-20711,0,0,27026,-27026,0,0,0,0,1,0
3506,1825520,-4665,22645,-17979,0,-6088,29551,-23462,0,0,0,0,1,0
3507,1826041,-9151,23708,-14557,0,-11942,30940,-18997,0,0,0,0,1,0
3508,1826562,-13284,23860,-10575,0,-17337,31140,-13802,0,0,0,0,1,0
3509,1827083,-16906,23095,-6188,0,-22066,30143,-8077,0,0,0,0,1,0
3510,1827604,-19879,21442,-1564,0,-25947,27988,-2041,0,0,0,0,1,0
3511,1828125,-22087,18966,3120,0,-28831,24758,4073,0,0,0,0,1,0
3512,1828645,-23445,15761,7684,0,-30607,20576,10031,0,0,0,0,1,0
3513,1829166,-23903,11952,11952,0,-31207,15603,15603,0,0,0,0,1,0
3514,1829687,-23442,7683,15759,0,-30607,10031,20576,0,0,0,0,1,0
3515,1830208,-22081,3120,18961,0,-28831,4073,24758,0,0,0,0,1,0
3516,1830729,-19871,-1563,21434,0,-25947,-2041,27988,0,0,0,0,1,0
3517,1831250,-16898,-6185,23083,0,-22066,-8077,30143,0,0,0,0,1,0
3518,1831770,-13276,-10569,23844,0,-17337,-13802,31140,0,0,0,0,1,0
3519,1832291,-9144,-14546,23690,0,-11942,-18997,30940,0,0,0,0,1,0
3520,1832812,-4661,-17963,22625,0,-6088,-23462,29551,0,0,0,0,1,0
3521,1833333,0,-20690,20690,0,0,-27026,27026,0,0,0,0,1,0
3522,1833854,4661,-22622,17961,0,6088,-29551,23462,0,0,0,0,1,0
3523,1834375,9142,-23684,14542,0,11942,-30940,18997,0,0,0,0,1,0
3524,1834895,13271,-23835,10565,0,17337,-31140,13802,0,0,0,0,1,0
3525,1835416,16889,-23071,6182,0,22066,-30143,8077,0,0,0,0,1,0
3526,1835937,19858,-21420,1562,0,25947,-27988,2041,0,0,0,0,1,0
3527,1836458,22064,-18947,-3117,0,28831,-24758,-4073,0,0,0,0,1,0
3528,1836979,23422,-15745,-7676,0,30607,-20576,-10031,0,0,0,0,1,0
3529,1837500,23879,-11939,-11939,0,31207,-15603,-15603,0,0,0,0,1,0
3530,1838020,23419,-7675,-15743,0,30607,-10031,-20576,0,0,0,0,1,0
3531,1838541,22058,-3116,-18942,0,28831,-4073,-24758,0,0,0,0,1,0
3532,1839062,19851,1561,-21412,0,25947,2041,-27988,0,0,0,0,1,0
3533,1839583,16881,6179,-23059,0,22066,8077,-30143,0,0,0,0,1,0
3534,1840104,13262,10558,-23820,0,17337,13802,-31140,0,0,0,0,1,0
3535,1840625,9135,14531,-23666,0,11942,18997,-30940,0,0,0,0,1,0
3536,1841145,4656,17945,-22602,0,6088,23462,-29551,0,0,0,0,1,0
3537,1841666,0,20669,-20669,0,0,27026,-27026,0,0,0,0,1,0
3538,1842187,-4656,22599,-17943,0,-6088,29551,-23462,0,0,0,0,1,0
3539,1842708,-9132,23660,-14527,0,-11942,30940,-18997,0,0,0,0,1,0
3540,1843229,-13257,23811,-10554,0,-17337,31140,-13802,0,0,0,0,1,0
3541,1843750,-16872,23048,-6176,0,-22066,30143,-8077,0,0,0,0,1,0
3542,1844270,-19838,21399,-1560,0,-25947,27988,-2041,0,0,0,0,1,0
3543,1844791,-22042,18928,3114,0,-28831,24758,4073,0,0,0,0,1,0
3544,1845312,-23398,15730,7668,0,-30607,20576,10031,0,0,0,0,1,0
3545,1845833,-23855,11927,11927,0,-31207,15603,15603,0,0,0,0,1,0
3546,1846354,-23395,7667,15728,0,-30607,10031,20576,0,0,0,0,1,0
3547,1846875,-22036,3113,18923,0,-28831,4073,24758,0,0,0,0,1,0
3548,1847395,-19831,-1560,21391,0,-25947,-2041,27988,0,0,0,0,1,0
3549,1847916,-16864,-6173,23036,0,-22066,-8077,30143,0,0,0,0,1,0
3550,1848437,-13249,-10547,23796,0,-17337,-13802,31140,0,0,0,0,1,0
3551,1848958,-9125,-14516,23642,0,-11942,-18997,30940,0,0,0,0,1,0
3552,1849479,-4652,-17927,22579,0,-6088,-23462,29551,0,0,0,0,1,0
3553,1850000,0,-20648,20648,0,0,-27026,27026,0,0,0,0,1,0
3554,1850520,4651,-22576,17925,0,6088,-29551,23462,0,0,0,0,1,0
3555,1851041,9123,-23636,14513,0,11942,-30940,18997,0,0,0,0,1,0
3556,1851562,13244,-23787,10543,0,17337,-31140,13802,0,0,0,0,1,0
3557,1852083,16855,-23024,6169,0,22066,-30143,8077,0,0,0,0,1,0
3558,1852604,19818,-21377,1559,0,25947,-27988,2041,0,0,0,0,1,0
3559,1853125,22019,-18909,-3111,0,28831,-24758,-4073,0,0,0,0,1,0
3560,1853645,23374,-15714,-7661,0,30607,-20576,-10031,0,0,0,0,1,0
3561,1854166,23831,-11915,-11915,0,31207,-15603,-15603,0,0,0,0,1,0
3562,1854687,23371,-7660,-15712,0,30607,-10031,-20576,0,0,0,0,1,0
3563,1855208,22014,-3110,-18904,0,28831,-4073,-24758,0,0,0,0,1,0
3564,1855729,19811,1558,-21369,0,25947,2041,-27988,0,0,0,0,1,0
3565,1856250,16847,6166,-23013,0,22066,8077,-30143,0,0,0,0,1,0
3566,1856770,13235,10537,-23772,0,17337,13802,-31140,0,0,0,0,1,0
3567,1857291,9116,14502,-23618,0,11942,18997,-30940,0,0,0,0,1,0
3568,1857812,4647,17909,-22556,0,6088,23462,-29551,0,0,0,0,1,0
3569,1858333,0,20628,-20628,0,0,27026,-27026,0,0,0,0,1,0
3570,1858854,-4646,22553,-17907,0,-6088,29551,-23462,0,0,0,0,1,0
3571,1859375,-9114,23612,-14498,0,-11942,30940,-18997,0,0,0,0,1,0
3572,1859895,-13230,23763,-10533,0,-17337,31140,-13802,0,0,0,0,1,0
3573,1860416,-16838,23001,-6163,0,-22066,30143,-8077,0,0,0,0,1,0
3574,1860937,-19798,21356,-1557,0,-25947,27988,-2041,0,0,0,0,1,0
3575,1861458,-21997,18889,3108,0,-28831,24758,4073,0,0,0,0,1,0
3576,1861979,-23351,15698,7653,0,-30607,20576,10031,0,0,0,0,1,0
3577,1862500,-23807,11903,11903,0,-31207,15603,15603,0,0,0,0,1,0
3578,1863020,-23348,7652,15696,0,-30607,10031,20576,0,0,0,0,1,0
3579,1863541,-21992,3107,18885,0,-28831,4073,24758,0,0,0,0,1,0
3580,1864062,-19791,-1557,21348,0,-25947,-2041,27988,0,0,0,0,1,0
3581,1864583,-16830,-6160,22990,0,-22066,-8077,30143,0,0,0,0,1,0
3582,1865104,-13222,-10526,23748,0,-17337,-13802,31140,0,0,0,0,1,0
3583,1865625,-9107,-14487,23594,0,-11942,-18997,30940,0,0,0,0,1,0
3584,1866145,-4642,-17891,22533,0,-6088,-23462,29551,0,0,0,0,1,0
3585,1866666,0,-20607,20607,0,0,-27026,27026,0,0,0,0,1,0
3586,1867187,4642,-22531,17889,0,6088,-29551,23462,0,0,0,0,1,0
3587,1867708,9105,-23588,14483,0,11942,-30940,18997,0,0,0,0,1,0
3588,1868229,13217,-23739,10522,0,17337,-31140,13802,0,0,0,0,1,0
3589,1868750,16821,-22978,6157,0,22066,-30143,8077,0,0,0,0,1,0
3590,1869270,19778,-21334,1556,0,25947,-27988,2041,0,0,0,0,1,0
3591,1869791,21975,-18871,-3105,0,28831,-24758,-4073,0,0,0,0,1,0
3592,1870312,23327,-15682,-7645,0,30607,-20576,-10031,0,0,0,0,1,0
3593,1870833,23783,-11891,-11891,0,31207,-15603,-15603,0,0,0,0,1,0
3594,1871354,23324,-7644,-15680,0,30607,-10031,-20576,0,0,0,0,1,0
3595,1871875,21970,-3104,-18866,0,28831,-4073,-24758,0,0,0,0,1,0
3596,1872395,19771,1555,-21326,0,25947,2041,-27988,0,0,0,0,1,0
3597,1872916,16813,6154,-22967,0,22066,8077,-30143,0,0,0,0,1,0
3598,1873437,13209,10516,-23724,0,17337,13802,-31140,0,0,0,0,1,0
3599,1873958,9098,14473,-23570,0,11942,18997,-30940,0,0,0,0,1,0
3600,1874479,4638,17873,-22511,0,6088,23462,-29551,0,0,0,0,1,0
3601,1875000,0,20586,-20586,0,0,27026,-27026,0,0,0,0,1,0
3602,1875520,-4637,22508,-17871,0,-6088,29551,-23462,0,0,0,0,1,0
3603,1876041,-9096,23565,-14469,0,-11942,30940,-18997,0,0,0,0,1,0
3604,1876562,-13204,23716,-10512,0,-17337,31140,-13802,0,0,0,0,1,0
3605,1877083,-16804,22955,-6151,0,-22066,30143,-8077,0,0,0,0,1,0
3606,1877604,-19759,21313,-1554,0,-25947,27988,-2041,0,0,0,0,1,0
3607,1878125,-21953,18852,3102,0,-28831,24758,4073,0,0,0,0,1,0
3608,1878645,-23304,15666,7638,0,-30607,20576,10031,0,0,0,0,1,0
3609,1879166,-23759,11879,11879,0,-31207,15603,15603,0,0,0,0,1,0
3610,1879687,-23301,7637,15664,0,-30607,10031,20576,0,0,0,0,1,0
3611,1880208,-21948,3101,18847,0,-28831,4073,24758,0,0,0,0,1,0
3612,1880729,-19751,-1554,21305,0,-25947,-2041,27988,0,0,0,0,1,0
3613,1881250,-16796,-6148,22944,0,-22066,-8077,30143,0,0,0,0,1,0
3614,1881770,-13196,-10505,23701,0,-17337,-13802,31140,0,0,0,0,1,0
3615,1882291,-9089,-14458,23547,0,-11942,-18997,30940,0,0,0,0,1,0
3616,1882812,-4633,-17855,22488,0,-6088,-23462,29551,0,0,0,0,1,0
3617,1883333,0,-20566,20566,0,0,-27026,27026,0,0,0,0,1,0
3618,1883854,4633,-22485,17853,0,6088,-29551,23462,0,0,0,0,1,0
3619,1884375,9086,-23541,14455,0,11942,-30940,18997,0,0,0,0,1,0
3620,1884895,13191,-23692,10501,0,17337,-31140,13802,0,0,0,0,1,0
3621,1885416,16788,-22932,6145,0,22066,-30143,8077,0,0,0,0,1,0
3622,1885937,19739,-21291,1553,0,25947,-27988,2041,0,0,0,0,1,0
3623,1886458,21931,-18833,-3098,0,28831,-24758,-4073,0,0,0,0,1,0
3624,1886979,23281,-15651,-7630,0,30607,-20576,-10031,0,0,0,0,1,0
3625,1887500,23735,-11868,-11868,0,31207,-15603,-15603,0,0,0,0,1,0
3626,1888020,23278,-7629,-15649,0,30607,-10031,-20576,0,0,0,0,1,0
3627,1888541,21926,-3098,-18828,0,28831,-4073,-24758,0,0,0,0,1,0
3628,1889062,19731,1552,-21284,0,25947,2041,-27988,0,0,0,0,1,0
3629,1889583,16779,6142,-22921,0,22066,8077,-30143,0,0,0,0,1,0
3630,1890104,13182,10495,-23677,0,17337,13802,-31140,0,0,0,0,1,0
3631,1890625,9080,14444,-23523,0,11942,18997,-30940,0,0,0,0,1,0
3632,1891145,4628,17837,-22466,0,6088,23462,-29551,0,0,0,0,1,0
3633,1891666,0,20545,-20545,0,0,27026,-27026,0,0,0,0,1,0
3634,1892187,-4628,22463,-17835,0,-6088,29551,-23462,0,0,0,0,1,0
3635,1892708,-9077,23518,-14440,0,-11942,30940,-18997,0,0,0,0,1,0
3636,1893229,-13178,23668,-10491,0,-17337,31140,-13802,0,0,0,0,1,0
3637,1893750,-16771,22909,-6139,0,-22066,30143,-8077,0,0,0,0,1,0
3638,1894270,-19719,21270,-1551,0,-25947,27988,-2041,0,0,0,0,1,0
3639,1894791,-21909,18814,3095,0,-28831,24758,4073,0,0,0,0,1,0
3640,1895312,-23257,15635,7622,0,-30607,20576,10031,0,0,0,0,1,0
3641,1895833,-23712,11856,11856,0,-31207,15603,15603,0,0,0,0,1,0
3642,1896354,-23255,7621,15633,0,-30607,10031,20576,0,0,0,0,1,0
3643,1896875,-21904,3095,18809,0,-28831,4073,24758,0,0,0,0,1,0
3644,1897395,-19712,-1551,21262,0,-25947,-2041,27988,0,0,0,0,1,0
3645,1897916,-16762,-6135,22898,0,-22066,-8077,30143,0,0,0,0,1,0
3646,1898437,-13169,-10484,23654,0,-17337,-13802,31140,0,0,0,0,1,0
3647,1898958,-9071,-14429,23500,0,-11942,-18997,30940,0,0,0,0,1,0
3648,1899479,-4624,-17820,22443,0,-6088,-23462,29551,0,0,0,0,1,0
3649,1900000,0,-20525,20525,0,0,-27026,27026,0,0,0,0,1,0
3650,1900520,4623,-22441,17817,0,6088,-29551,23462,0,0,0,0,1,0
3651,1901041,9068,-23494,14426,0,11942,-30940,18997,0,0,0,0,1,0
3652,1901562,13164,-23645,10480,0,17337,-31140,13802,0,0,0,0,1,0
3653,1902083,16754,-22887,6132,0,22066,-30143,8077,0,0,0,0,1,0
3654,1902604,19700,-21249,1550,0,25947,-27988,2041,0,0,0,0,1,0
3655,1903125,21888,-18795,-3092,0,28831,-24758,-4073,0,0,0,0,1,0
3656,1903645,23234,-15620,-7615,0,30607,-20576,-10031,0,0,0,0,1,0
3657,1904166,23688,-11844,-11844,0,31207,-15603,-15603,0,0,0,0,1,0
3658,1904687,23231,-7614,-15618,0,30607,-10031,-20576,0,0,0,0,1,0
3659,1905208,21882,-3092,-18791,0,28831,-4073,-24758,0,0,0,0,1,0
3660,1905729,19692,1549,-21241,0,25947,2041,-27988,0,0,0,0,1,0
3661,1906250,16746,6129,-22875,0,22066,8077,-30143,0,0,0,0,1,0
3662,1906770,13156,10474,-23630,0,17337,13802,-31140,0,0,0,0,1,0
3663,1907291,9062,14415,-23477,0,11942,18997,-30940,0,0,0,0,1,0
3664,1907812,4619,17802,-22421,0,6088,23462,-29551,0,0,0,0,1,0
3665,1908333,0,20504,-20504,0,0,27026,-27026,0,0,0,0,1,0
3666,1908854,-4619,22418,-17800,0,-6088,29551,-23462,0,0,0,0,1,0
3667,1909375,-9059,23471,-14411,0,-11942,30940,-18997,0,0,0,0,1,0
3668,1909895,-13151,23621,-10470,0,-17337,31140,-13802,0,0,0,0,1,0
3669,1910416,-16738,22864,-6126,0,-22066,30143,-8077,0,0,0,0,1,0
3670,1910937,-19680,21228,-1548,0,-25947,27988,-2041,0,0,0,0,1,0
3671,1911458,-21866,18777,3089,0,-28831,24758,4073,0,0,0,0,1,0
3672,1911979,-23211,15604,7607,0,-30607,20576,10031,0,0,0,0,1,0
3673,1912500,-23665,11832,11832,0,-31207,15603,15603,0,0,0,0,1,0
3674,1913020,-23208,7606,15602,0,-30607,10031,20576,0,0,0,0,1,0
3675,1913541,-21861,3088,18772,0,-28831,4073,24758,0,0,0,0,1,0
3676,1914062,-19673,-1547,21220,0,-25947,-2041,27988,0,0,0,0,1,0
3677,1914583,-16729,-6123,22853,0,-22066,-8077,30143,0,0,0,0,1,0
3678,1915104,-13143,-10463,23607,0,-17337,-13802,31140,0,0,0,0,1,0
3679,1915625,-9053,-14401,23453,0,-11942,-18997,30940,0,0,0,0,1,0
3680,1916145,-4615,-17784,22399,0,-6088,-23462,29551,0,0,0,0,1,0
3681,1916666,0,-20484,20484,0,0,-27026,27026,0,0,0,0,1,0
3682,1917187,4614,-22396,17782,0,6088,-29551,23462,0,0,0,0,1,0
3683,1917708,9050,-23448,14397,0,11942,-30940,18997,0,0,0,0,1,0
3684,1918229,13138,-23598,10459,0,17337,-31140,13802,0,0,0,0,1,0
3685,1918750,16721,-22841,6120,0,22066,-30143,8077,0,0,0,0,1,0
3686,1919270,19661,-21207,1547,0,25947,-27988,2041,0,0,0,0,1,0
3687,1919791,21844,-18758,-3086,0,28831,-24758,-4073,0,0,0,0,1,0
3688,1920312,23188,-15589,-7600,0,30607,-20576,-10031,0,0,0,0,1,0
3689,1920833,23641,-11821,-11821,0,31207,-15603,-15603,0,0,0,0,1,0
3690,1921354,23186,-7599,-15587,0,30607,-10031,-20576,0,0,0,0,1,0
3691,1921875,21839,-3085,-18754,0,28831,-4073,-24758,0,0,0,0,1,0
3692,1922395,19653,1546,-21199,0,25947,2041,-27988,0,0,0,0,1,0
3693,1922916,16713,6117,-22830,0,22066,8077,-30143,0,0,0,0,1,0
3694,1923437,13130,10453,-23583,0,17337,13802,-31140,0,0,0,0,1,0
3695,1923958,9044,14387,-23430,0,11942,18997,-30940,0,0,0,0,1,0
3696,1924479,4610,17767,-22377,0,6088,23462,-29551,0,0,0,0,1,0
3697,1925000,0,20464,-20464,0,0,27026,-27026,0,0,0,0,1,0
3698,1925520,-4610,22374,-17765,0,-6088,29551,-23462,0,0,0,0,1,0
3699,1926041,-9042,23425,-14383,0,-11942,30940,-18997,0,0,0,0,1,0
3700,1926562,-13126,23575,-10449,0,-17337,31140,-13802,0,0,0,0,1,0
3701,1927083,-16705,22819,-6114,0,-22066,30143,-8077,0,0,0,0,1,0
3702,1927604,-19641,21186,-1545,0,-25947,27988,-2041,0,0,0,0,1,0
3703,1928125,-21823,18740,3083,0,-28831,24758,4073,0,0,0,0,1,0
3704,1928645,-23166,15573,7592,0,-30607,20576,10031,0,0,0,0,1,0
3705,1929166,-23618,11809,11809,0,-31207,15603,15603,0,0,0,0,1,0
3706,1929687,-23163,7591,15571,0,-30607,10031,20576,0,0,0,0,1,0
3707,1930208,-21818,3082,18735,0,-28831,4073,24758,0,0,0,0,1,0
3708,1930729,-19634,-1544,21178,0,-25947,-2041,27988,0,0,0,0,1,0
3709,1931250,-16696,-6111,22808,0,-22066,-8077,30143,0,0,0,0,1,0
3710,1931770,-13117,-10443,23560,0,-17337,-13802,31140,0,0,0,0,1,0
3711,1932291,-9035,-14372,23407,0,-11942,-18997,30940,0,0,0,0,1,0
3712,1932812,-4606,-17749,22355,0,-6088,-23462,29551,0,0,0,0,1,0
3713,1933333,0,-20444,20444,0,0,-27026,27026,0,0,0,0,1,0
3714,1933854,4605,-22352,17747,0,6088,-29551,23462,0,0,0,0,1,0
3715,1934375,9033,-23402,14369,0,11942,-30940,18997,0,0,0,0,1,0
3716,1934895,13113,-23552,10439,0,17337,-31140,13802,0,0,0,0,1,0
3717,1935416,16688,-22796,6108,0,22066,-30143,8077,0,0,0,0,1,0
3718,1935937,19622,-21165,1543,0,25947,-27988,2041,0,0,0,0,1,0
3719,1936458,21801,-18721,-3080,0,28831,-24758,-4073,0,0,0,0,1,0
3720,1936979,23143,-15558,-7585,0,30607,-20576,-10031,0,0,0,0,1,0
3721,1937500,23595,-11797,-11797,0,31207,-15603,-15603,0,0,0,0,1,0
3722,1938020,23140,-7584,-15556,0,30607,-10031,-20576,0,0,0,0,1,0
3723,1938541,21796,-3079,-18717,0,28831,-4073,-24758,0,0,0,0,1,0
3724,1939062,19615,1543,-21158,0,25947,2041,-27988,0,0,0,0,1,0
3725,1939583,16680,6105,-22785,0,22066,8077,-30143,0,0,0,0,1,0
3726,1940104,13105,10433,-23537,0,17337,13802,-31140,0,0,0,0,1,0
3727,1940625,9026,14358,-23384,0,11942,18997,-30940,0,0,0,0,1,0
3728,1941145,4601,17732,-22333,0,6088,23462,-29551,0,0,0,0,1,0
3729,1941666,0,20424,-20424,0,0,27026,-27026,0,0,0,0,1,0
3730,1942187,-4601,22330,-17730,0,-6088,29551,-23462,0,0,0,0,1,0
3731,1942708,-9024,23379,-14355,0,-11942,30940,-18997,0,0,0,0,1,0
3732,1943229,-13100,23528,-10429,0,-17337,31140,-13802,0,0,0,0,1,0
3733,1943750,-16672,22774,-6102,0,-22066,30143,-8077,0,0,0,0,1,0
3734,1944270,-19603,21145,-1542,0,-25947,27988,-2041,0,0,0,0,1,0
3735,1944791,-21780,18703,3077,0,-28831,24758,4073,0,0,0,0,1,0
3736,1945312,-23120,15543,7577,0,-30607,20576,10031,0,0,0,0,1,0
3737,1945833,-23572,11786,11786,0,-31207,15603,15603,0,0,0,0,1,0
3738,1946354,-23117,7576,15541,0,-30607,10031,20576,0,0,0,0,1,0
3739,1946875,-21775,3076,18698,0,-28831,4073,24758,0,0,0,0,1,0
3740,1947395,-19596,-1541,21137,0,-25947,-2041,27988,0,0,0,0,1,0
3741,1947916,-16664,-6099,22763,0,-22066,-8077,30143,0,0,0,0,1,0
3742,1948437,-13092,-10422,23514,0,-17337,-13802,31140,0,0,0,0,1,0
3743,1948958,-9017,-14344,23362,0,-11942,-18997,30940,0,0,0,0,1,0
3744,1949479,-4597,-17715,22311,0,-6088,-23462,29551,0,0,0,0,1,0
3745,1950000,0,-20404,20404,0,0,-27026,27026,0,0,0,0,1,0
3746,1950520,4596,-22309,17712,0,6088,-29551,23462,0,0,0,0,1,0
3747,1951041,9015,-23356,14341,0,11942,-30940,18997,0,0,0,0,1,0
3748,1951562,13087,-23506,10419,0,17337,-31140,13802,0,0,0,0,1,0
3749,1952083,16656,-22752,6096,0,22066,-30143,8077,0,0,0,0,1,0
3750,1952604,19584,-21124,1540,0,25947,-27988,2041,0,0,0,0,1,0
3751,1953125,21759,-18685,-3074,0,28831,-24758,-4073,0,0,0,0,1,0
3752,1953645,23098,-15528,-7570,0,30607,-20576,-10031,0,0,0,0,1,0
3753,1954166,23549,-11774,-11774,0,31207,-15603,-15603,0,0,0,0,1,0
3754,1954687,23095,-7569,-15526,0,30607,-10031,-20576,0,0,0,0,1,0
3755,1955208,21754,-3073,-18680,0,28831,-4073,-24758,0,0,0,0,1,0
3756,1955729,19577,1540,-21116,0,25947,2041,-27988,0,0,0,0,1,0
3757,1956250,16647,6093,-22741,0,22066,8077,-30143,0,0,0,0,1,0
3758,1956770,13079,10412,-23491,0,17337,13802,-31140,0,0,0,0,1,0
3759,1957291,9008,14330,-23339,0,11942,18997,-30940,0,0,0,0,1,0
3760,1957812,4592,17697,-22290,0,6088,23462,-29551,0,0,0,0,1,0
3761,1958333,0,20384,-20384,0,0,27026,-27026,0,0,0,0,1,0
3762,1958854,-4592,22287,-17695,0,-6088,29551,-23462,0,0,0,0,1,0
3763,1959375,-9006,23333,-14327,0,-11942,30940,-18997,0,0,0,0,1,0
3764,1959895,-13074,23483,-10408,0,-17337,31140,-13802,0,0,0,0,1,0
3765,1960416,-16639,22730,-6090,0,-22066,30143,-8077,0,0,0,0,1,0
3766,1960937,-19565,21104,-1539,0,-25947,27988,-2041,0,0,0,0,1,0
3767,1961458,-21738,18667,3071,0,-28831,24758,4073,0,0,0,0,1,0
3768,1961979,-23075,15513,7563,0,-30607,20576,10031,0,0,0,0,1,0
3769,1962500,-23526,11763,11763,0,-31207,15603,15603,0,0,0,0,1,0
3770,1963020,-23072,7562,15511,0,-30607,10031,20576,0,0,0,0,1,0
3771,1963541,-21732,3070,18662,0,-28831,4073,24758,0,0,0,0,1,0
3772,1964062,-19557,-1538,21096,0,-25947,-2041,27988,0,0,0,0,1,0
3773,1964583,-16631,-6087,22719,0,-22066,-8077,30143,0,0,0,0,1,0
3774,1965104,-13066,-10402,23468,0,-17337,-13802,31140,0,0,0,0,1,0
3775,1965625,-9000,-14316,23316,0,-11942,-18997,30940,0,0,0,0,1,0
3776,1966145,-4588,-17680,22268,0,-6088,-23462,29551,0,0,0,0,1,0
3777,1966666,0,-20364,20364,0,0,-27026,27026,0,0,0,0,1,0
3778,1967187,4587,-22265,17678,0,6088,-29551,23462,0,0,0,0,1,0
3779,1967708,8998,-23310,14313,0,11942,-30940,18997,0,0,0,0,1,0
3780,1968229,13062,-23460,10398,0,17337,-31140,13802,0,0,0,0,1,0
3781,1968750,16623,-22708,6085,0,22066,-30143,8077,0,0,0,0,1,0
3782,1969270,19546,-21083,1537,0,25947,-27988,2041,0,0,0,0,1,0
3783,1969791,21717,-18648,-3068,0,28831,-24758,-4073,0,0,0,0,1,0
3784,1970312,23053,-15498,-7555,0,30607,-20576,-10031,0,0,0,0,1,0
3785,1970833,23503,-11752,-11752,0,31207,-15603,-15603,0,0,0,0,1,0
3786,1971354,23050,-7554,-15496,0,30607,-10031,-20576,0,0,0,0,1,0
3787,1971875,21711,-3067,-18644,0,28831,-4073,-24758,0,0,0,0,1,0
3788,1972395,19539,1537,-21075,0,25947,2041,-27988,0,0,0,0,1,0
3789,1972916,16615,6082,-22697,0,22066,8077,-30143,0,0,0,0,1,0
3790,1973437,13054,10392,-23446,0,17337,13802,-31140,0,0,0,0,1,0
3791,1973958,8991,14303,-23294,0,11942,18997,-30940,0,0,0,0,1,0
3792,1974479,4583,17663,-22246,0,6088,23462,-29551,0,0,0,0,1,0
3793,1975000,0,20344,-20344,0,0,27026,-27026,0,0,0,0,1,0
3794,1975520,-4583,22244,-17661,0,-6088,29551,-23462,0,0,0,0,1,0
3795,1976041,-8989,23288,-14299,0,-11942,30940,-18997,0,0,0,0,1,0
3796,1976562,-13049,23437,-10388,0,-17337,31140,-13802,0,0,0,0,1,0
3797,1977083,-16607,22686,-6079,0,-22066,30143,-8077,0,0,0,0,1,0
3798,1977604,-19527,21063,-1536,0,-25947,27988,-2041,0,0,0,0,1,0
3799,1978125,-21696,18630,3065,0,-28831,24758,4073,0,0,0,0,1,0
3800,1978645,-23031,15483,7548,0,-30607,20576,10031,0,0,0,0,1,0
3801,1979166,-23480,11740,11740,0,-31207,15603,15603,0,0,0,0,1,0
3802,1979687,-23028,7547,15481,0,-30607,10031,20576,0,0,0,0,1,0
3803,1980208,-21690,3064,18626,0,-28831,4073,24758,0,0,0,0,1,0
3804,1980729,-19520,-1535,21055,0,-25947,-2041,27988,0,0,0,0,1,0
3805,1981250,-16599,-6076,22675,0,-22066,-8077,30143,0,0,0,0,1,0
3806,1981770,-13041,-10382,23423,0,-17337,-13802,31140,0,0,0,0,1,0
3807,1982291,-8982,-14289,23271,0,-11942,-18997,30940,0,0,0,0,1,0
3808,1982812,-4579,-17646,22225,0,-6088,-23462,29551,0,0,0,0,1,0
3809,1983333,0,-20325,20325,0,0,-27026,27026,0,0,0,0,1,0
3810,1983854,4578,-22222,17644,0,6088,-29551,23462,0,0,0,0,1,0
3811,1984375,8980,-23265,14285,0,11942,-30940,18997,0,0,0,0,1,0
3812,1984895,13036,-23415,10378,0,17337,-31140,13802,0,0,0,0,1,0
3813,1985416,16591,-22664,6073,0,22066,-30143,8077,0,0,0,0,1,0
3814,1985937,19508,-21042,1534,0,25947,-27988,2041,0,0,0,0,1,0
3815,1986458,21675,-18612,-3062,0,28831,-24758,-4073,0,0,0,0,1,0
3816,1986979,23008,-15468,-7541,0,30607,-20576,-10031,0,0,0,0,1,0
3817,1987500,23458,-11729,-11729,0,31207,-15603,-15603,0,0,0,0,1,0
3818,1988020,23006,-7540,-15466,0,30607,-10031,-20576,0,0,0,0,1,0
3819,1988541,21669,-3061,-18608,0,28831,-4073,-24758,0,0,0,0,1,0
3820,1989062,19501,1534,-21035,0,25947,2041,-27988,0,0,0,0,1,0
3821,1989583,16583,6070,-22653,0,22066,8077,-30143,0,0,0,0,1,0
3822,1990104,13028,10372,-23400,0,17337,13802,-31140,0,0,0,0,1,0
3823,1990625,8974,14275,-23249,0,11942,18997,-30940,0,0,0,0,1,0
3824,1991145,4574,17629,-22203,0,6088,23462,-29551,0,0,0,0,1,0
3825,1991666,0,20305,-20305,0,0,27026,-27026,0,0,0,0,1,0
3826,1992187,-4574,22201,-17627,0,-6088,29551,-23462,0,0,0,0,1,0
3827,1992708,-8971,23243,-14272,0,-11942,30940,-18997,0,0,0,0,1,0
3828,1993229,-13024,23392,-10368,0,-17337,31140,-13802,0,0,0,0,1,0
3829,1993750,-16575,22642,-6067,0,-22066,30143,-8077,0,0,0,0,1,0
3830,1994270,-19489,21022,-1533,0,-25947,27988,-2041,0,0,0,0,1,0
3831,1994791,-21654,18595,3059,0,-28831,24758,4073,0,0,0,0,1,0
3832,1995312,-22986,15453,7533,0,-30607,20576,10031,0,0,0,0,1,0
3833,1995833,-23435,11718,11718,0,-31207,15603,15603,0,0,0,0,1,0
3834,1996354,-22983,7533,15451,0,-30607,10031,20576,0,0,0,0,1,0
3835,1996875,-21649,3059,18590,0,-28831,4073,24758,0,0,0,0,1,0
3836,1997395,-19482,-1532,21015,0,-25947,-2041,27988,0,0,0,0,1,0
3837,1997916,-16567,-6064,22631,0,-22066,-8077,30143,0,0,0,0,1,0
3838,1998437,-13016,-10362,23378,0,-17337,-13802,31140,0,0,0,0,1,0
3839,1998958,-8965,-14261,23226,0,-11942,-18997,30940,0,0,0,0,1,0
3840,1999479,-4570,-17612,22182,0,-6088,-23462,29551,0,0,0,0,1,0
3841,2000000,0,-20286,20286,0,0,-27026,27026,0,0,0,0,1,0
3842,2000520,4570,-22179,17610,0,6088,-29551,23462,0,0,0,0,1,0
3843,2001041,8963,-23221,14258,0,11942,-30940,18997,0,0,0,0,1,0
3844,2001562,13011,-23370,10358,0,17337,-31140,13802,0,0,0,0,1,0
3845,2002083,16559,-22620,6061,0,22066,-30143,8077,0,0,0,0,1,0
3846,2002604,19470,-21002,1532,0,25947,-27988,2041,0,0,0,0,1,0
3847,2003124,21633,-18577,-3056,0,28831,-24758,-4073,0,0,0,0,1,0
3848,2003645,22964,-15438,-7526,0,30607,-20576,-10031,0,0,0,0,1,0
3849,2004166,23413,-11706,-11706,0,31207,-15603,-15603,0,0,0,0,1,0
3850,2004687,22961,-7525,-15436,0,30607,-10031,-20576,0,0,0,0,1,0
3851,2005208,21628,-3056,-18572,0,28831,-4073,-24758,0,0,0,0,1,0
3852,2005729,19463,1531,-20994,0,25947,2041,-27988,0,0,0,0,1,0
3853,2006250,16551,6058,-22610,0,22066,8077,-30143,0,0,0,0,1,0
3854,2006770,13004,10352,-23356,0,17337,13802,-31140,0,0,0,0,1,0
3855,2007291,8956,14248,-23204,0,11942,18997,-30940,0,0,0,0,1,0
3856,2007812,4566,17595,-22161,0,6088,23462,-29551,0,0,0,0,1,0
3857,2008333,0,20266,-20266,0,0,27026,-27026,0,0,0,0,1,0
3858,2008854,-4565,22158,-17593,0,-6088,29551,-23462,0,0,0,0,1,0
3859,2009375,-8954,23199,-14244,0,-11942,30940,-18997,0,0,0,0,1,0
3860,2009895,-12999,23347,-10348,0,-17337,31140,-13802,0,0,0,0,1,0
3861,2010416,-16543,22599,-6055,0,-22066,30143,-8077,0,0,0,0,1,0
3862,2010937,-19452,20982,-1530,0,-25947,27988,-2041,0,0,0,0,1,0
3863,2011458,-21612,18559,3053,0,-28831,24758,4073,0,0,0,0,1,0
3864,2011979,-22942,15423,7519,0,-30607,20576,10031,0,0,0,0,1,0
3865,2012500,-23390,11695,11695,0,-31207,15603,15603,0,0,0,0,1,0
3866,2013020,-22940,7518,15421,0,-30607,10031,20576,0,0,0,0,1,0
3867,2013541,-21607,3053,18555,0,-28831,4073,24758,0,0,0,0,1,0
3868,2014062,-19445,-1530,20974,0,-25947,-2041,27988,0,0,0,0,1,0
3869,2014583,-16536,-6052,22588,0,-22066,-8077,30143,0,0,0,0,1,0
3870,2015104,-12991,-10342,23333,0,-17337,-13802,31140,0,0,0,0,1,0
3871,2015625,-8948,-14234,23182,0,-11942,-18997,30940,0,0,0,0,1,0
3872,2016145,-4561,-17578,22140,0,-6088,-23462,29551,0,0,0,0,1,0
3873,2016666,0,-20247,20247,0,0,-27026,27026,0,0,0,0,1,0
3874,2017187,4561,-22137,17576,0,6088,-29551,23462,0,0,0,0,1,0
3875,2017708,8946,-23176,14231,0,11942,-30940,18997,0,0,0,0,1,0
3876,2018229,12986,-23325,10338,0,17337,-31140,13802,0,0,0,0,1,0
3877,2018749,16528,-22577,6050,0,22066,-30143,8077,0,0,0,0,1,0
3878,2019270,19433,-20962,1529,0,25947,-27988,2041,0,0,0,0,1,0
3879,2019791,21592,-18541,-3051,0,28831,-24758,-4073,0,0,0,0,1,0
3880,2020312,22920,-15409,-7512,0,30607,-20576,-10031,0,0,0,0,1,0
3881,2020833,23368,-11684,-11684,0,31207,-15603,-15603,0,0,0,0,1,0
3882,2021354,22918,-7511,-15407,0,30607,-10031,-20576,0,0,0,0,1,0
3883,2021875,21587,-3050,-18537,0,28831,-4073,-24758,0,0,0,0,1,0
3884,2022395,19426,1528,-20954,0,25947,2041,-27988,0,0,0,0,1,0
3885,2022916,16520,6047,-22566,0,22066,8077,-30143,0,0,0,0,1,0
3886,2023437,12979,10332,-23311,0,17337,13802,-31140,0,0,0,0,1,0
3887,2023958,8939,14220,-23160,0,11942,18997,-30940,0,0,0,0,1,0
3888,2024479,4557,17562,-22119,0,6088,23462,-29551,0,0,0,0,1,0
3889,2025000,0,20228,-20228,0,0,27026,-27026,0,0,0,0,1,0
3890,2025520,-4556,22116,-17560,0,-6088,29551,-23462,0,0,0,0,1,0
3891,2026041,-8937,23154,-14217,0,-11942,30940,-18997,0,0,0,0,1,0
3892,2026562,-12974,23303,-10329,0,-17337,31140,-13802,0,0,0,0,1,0
3893,2027083,-16512,22556,-6044,0,-22066,30143,-8077,0,0,0,0,1,0
3894,2027604,-19415,20942,-1527,0,-25947,27988,-2041,0,0,0,0,1,0
3895,2028125,-21571,18524,3048,0,-28831,24758,4073,0,0,0,0,1,0
3896,2028645,-22899,15394,7505,0,-30607,20576,10031,0,0,0,0,1,0
3897,2029166,-23346,11673,11673,0,-31207,15603,15603,0,0,0,0,1,0
3898,2029687,-22896,7504,15392,0,-30607,10031,20576,0,0,0,0,1,0
3899,2030208,-21566,3047,18519,0,-28831,4073,24758,0,0,0,0,1,0
3900,2030729,-19408,-1527,20935,0,-25947,-2041,27988,0,0,0,0,1,0
3901,2031250,-16504,-6041,22545,0,-22066,-8077,30143,0,0,0,0,1,0
3902,2031770,-12966,-10323,23289,0,-17337,-13802,31140,0,0,0,0,1,0
3903,2032291,-8931,-14207,23138,0,-11942,-18997,30940,0,0,0,0,1,0
3904,2032812,-4553,-17545,22098,0,-6088,-23462,29551,0,0,0,0,1,0
3905,2033333,0,-20208,20208,0,0,-27026,27026,0,0,0,0,1,0
3906,2033854,4552,-22095,17543,0,6088,-29551,23462,0,0,0,0,1,0
3907,2034374,8929,-23132,14204,0,11942,-30940,18997,0,0,0,0,1,0
3908,2034895,12962,-23281,10319,0,17337,-31140,13802,0,0,0,0,1,0
3909,2035416,16496,-22534,6038,0,22066,-30143,8077,0,0,0,0,1,0
3910,2035937,19396,-20922,1526,0,25947,-27988,2041,0,0,0,0,1,0
3911,2036458,21551,-18506,-3045,0,28831,-24758,-4073,0,0,0,0,1,0
3912,2036979,22877,-15379,-7498,0,30607,-20576,-10031,0,0,0,0,1,0
3913,2037500,23324,-11662,-11662,0,31207,-15603,-15603,0,0,0,0,1,0
3914,2038020,22874,-7497,-15377,0,30607,-10031,-20576,0,0,0,0,1,0
3915,2038541,21546,-3044,-18502,0,28831,-4073,-24758,0,0,0,0,1,0
3916,2039062,19390,1525,-20915,0,25947,2041,-27988,0,0,0,0,1,0
3917,2039583,16488,6035,-22524,0,22066,8077,-30143,0,0,0,0,1,0
3918,2040104,12954,10313,-23267,0,17337,13802,-31140,0,0,0,0,1,0
3919,2040625,8922,14194,-23116,0,11942,18997,-30940,0,0,0,0,1,0
3920,2041145,4548,17528,-22077,0,6088,23462,-29551,0,0,0,0,1,0
3921,2041666,0,20189,-20189,0,0,27026,-27026,0,0,0,0,1,0
3922,2042187,-4548,22074,-17526,0,-6088,29551,-23462,0,0,0,0,1,0
3923,2042708,-8920,23111,-14190,0,-11942,30940,-18997,0,0,0,0,1,0
3924,2043229,-12950,23259,-10309,0,-17337,31140,-13802,0,0,0,0,1,0
3925,2043750,-16481,22513,-6032,0,-22066,30143,-8077,0,0,0,0,1,0
3926,2044270,-19378,20902,-1524,0,-25947,27988,-2041,0,0,0,0,1,0
3927,2044791,-21530,18489,3042,0,-28831,24758,4073,0,0,0,0,1,0
3928,2045312,-22855,15365,7491,0,-30607,20576,10031,0,0,0,0,1,0
3929,2045833,-23302,11651,11651,0,-31207,15603,15603,0,0,0,0,1,0
3930,2046354,-22853,7490,15363,0,-30607,10031,20576,0,0,0,0,1,0
3931,2046875,-21525,3041,18484,0,-28831,4073,24758,0,0,0,0,1,0
3932,2047395,-19371,-1524,20895,0,-25947,-2041,27988,0,0,0,0,1,0
3933,2047916,-16473,-6029,22502,0,-22066,-8077,30143,0,0,0,0,1,0
3934,2048437,-12942,-10303,23245,0,-17337,-13802,31140,0,0,0,0,1,0
3935,2048958,-8914,-14180,23094,0,-11942,-18997,30940,0,0,0,0,1,0
3936,2049479,-4544,-17512,22056,0,-6088,-23462,29551,0,0,0,0,1,0
3937,2049999,0,-20170,20170,0,0,-27026,27026,0,0,0,0,1,0
3938,2050520,4544,-22053,17510,0,6088,-29551,23462,0,0,0,0,1,0
3939,2051041,8912,-23089,14177,0,11942,-30940,18997,0,0,0,0,1,0
3940,2051562,12937,-23237,10299,0,17337,-31140,13802,0,0,0,0,1,0
3941,2052083,16465,-22492,6027,0,22066,-30143,8077,0,0,0,0,1,0
3942,2052604,19360,-20883,1523,0,25947,-27988,2041,0,0,0,0,1,0
3943,2053125,21510,-18471,-3039,0,28831,-24758,-4073,0,0,0,0,1,0
3944,2053645,22834,-15350,-7483,0,30607,-20576,-10031,0,0,0,0,1,0
3945,2054166,23280,-11640,-11640,0,31207,-15603,-15603,0,0,0,0,1,0
3946,2054687,22831,-7483,-15348,0,30607,-10031,-20576,0,0,0,0,1,0
3947,2055208,21505,-3038,-18467,0,28831,-4073,-24758,0,0,0,0,1,0
3948,2055729,19353,1522,-20875,0,25947,2041,-27988,0,0,0,0,1,0
3949,2056250,16457,6024,-22481,0,22066,8077,-30143,0,0,0,0,1,0
3950,2056770,12930,10293,-23223,0,17337,13802,-31140,0,0,0,0,1,0
3951,2057291,8906,14167,-23072,0,11942,18997,-30940,0,0,0,0,1,0
3952,2057812,4540,17495,-22035,0,6088,23462,-29551,0,0,0,0,1,0
3953,2058333,0,20151,-20151,0,0,27026,-27026,0,0,0,0,1,0
3954,2058854,-4539,22033,-17493,0,-6088,29551,-23462,0,0,0,0,1,0
3955,2059375,-8904,23067,-14163,0,-11942,30940,-18997,0,0,0,0,1,0
3956,2059895,-12925,23215,-10290,0,-17337,31140,-13802,0,0,0,0,1,0
3957,2060416,-16450,22471,-6021,0,-22066,30143,-8077,0,0,0,0,1,0
3958,2060937,-19342,20863,-1521,0,-25947,27988,-2041,0,0,0,0,1,0
3959,2061458,-21490,18454,3036,0,-28831,24758,4073,0,0,0,0,1,0
3960,2061979,-22812,15336,7476,0,-30607,20576,10031,0,0,0,0,1,0
3961,2062500,-23258,11629,11629,0,-31207,15603,15603,0,0,0,0,1,0
3962,2063020,-22810,7476,15334,0,-30607,10031,20576,0,0,0,0,1,0
3963,2063541,-21485,3035,18450,0,-28831,4073,24758,0,0,0,0,1,0
3964,2064062,-19335,-1521,20856,0,-25947,-2041,27988,0,0,0,0,1,0
3965,2064583,-16442,-6018,22460,0,-22066,-8077,30143,0,0,0,0,1,0
3966,2065104,-12918,-10284,23201,0,-17337,-13802,31140,0,0,0,0,1,0
3967,2065624,-8897,-14154,23051,0,-11942,-18997,30940,0,0,0,0,1,0
3968,2066145,-4536,-17479,22015,0,-6088,-23462,29551,0,0,0,0,1,0
3969,2066666,0,-20132,20132,0,0,-27026,27026,0,0,0,0,1,0
3970,2067187,4535,-22012,17477,0,6088,-29551,23462,0,0,0,0,1,0
3971,2067708,8895,-23045,14150,0,11942,-30940,18997,0,0,0,0,1,0
3972,2068229,12913,-23193,10280,0,17337,-31140,13802,0,0,0,0,1,0
3973,2068750,16434,-22450,6015,0,22066,-30143,8077,0,0,0,0,1,0
3974,2069270,19323,-20843,1520,0,25947,-27988,2041,0,0,0,0,1,0
3975,2069791,21470,-18437,-3033,0,28831,-24758,-4073,0,0,0,0,1,0
3976,2070312,22791,-15322,-7469,0,30607,-20576,-10031,0,0,0,0,1,0
3977,2070833,23236,-11618,-11618,0,31207,-15603,-15603,0,0,0,0,1,0
3978,2071354,22788,-7469,-15320,0,30607,-10031,-20576,0,0,0,0,1,0
3979,2071875,21465,-3033,-18432,0,28831,-4073,-24758,0,0,0,0,1,0
3980,2072395,19317,1519,-20836,0,25947,2041,-27988,0,0,0,0,1,0
3981,2072916,16427,6013,-22439,0,22066,8077,-30143,0,0,0,0,1,0
3982,2073437,12906,10274,-23180,0,17337,13802,-31140,0,0,0,0,1,0
3983,2073958,8889,14140,-23029,0,11942,18997,-30940,0,0,0,0,1,0
3984,2074479,4531,17463,-21994,0,6088,23462,-29551,0,0,0,0,1,0
3985,2075000,0,20114,-20114,0,0,27026,-27026,0,0,0,0,1,0
3986,2075520,-4531,21991,-17461,0,-6088,29551,-23462,0,0,0,0,1,0
3987,2076041,-8887,23024,-14137,0,-11942,30940,-18997,0,0,0,0,1,0
3988,2076562,-12901,23171,-10270,0,-17337,31140,-13802,0,0,0,0,1,0
3989,2077083,-16419,22429,-6010,0,-22066,30143,-8077,0,0,0,0,1,0
3990,2077604,-19305,20824,-1519,0,-25947,27988,-2041,0,0,0,0,1,0
3991,2078125,-21450,18419,3030,0,-28831,24758,4073,0,0,0,0,1,0
3992,2078645,-22770,15307,7462,0,-30607,20576,10031,0,0,0,0,1,0
3993,2079166,-23214,11607,11607,0,-31207,15603,15603,0,0,0,0,1,0
3994,2079687,-22767,7462,15305,0,-30607,10031,20576,0,0,0,0,1,0
3995,2080208,-21445,3030,18415,0,-28831,4073,24758,0,0,0,0,1,0
3996,2080729,-19299,-1518,20817,0,-25947,-2041,27988,0,0,0,0,1,0
3997,2081249,-16411,-6007,22418,0,-22066,-8077,30143,0,0,0,0,1,0
3998,2081770,-12893,-10264,23158,0,-17337,-13802,31140,0,0,0,0,1,0
3999,2082291,-8881,-14127,23008,0,-11942,-18997,30940,0,0,0,0,1,0
4000,2082812,-4527,-17446,21973,0,-6088,-23462,29551,0,0,0,0,1,0
4001,2083333,0,-20095,20095,0,0,-27026,27026,0,0,0,0,1,0
4002,2083854,4527,-21971,17444,0,6088,-29551,23462,0,0,0,0,1,0
4003,2084375,8879,-23002,14124,0,11942,-30940,18997,0,0,0,0,1,0
4004,2084895,12889,-23150,10261,0,17337,-31140,13802,0,0,0,0,1,0
4005,2085416,16404,-22408,6004,0,22066,-30143,8077,0,0,0,0,1,0
4006,2085937,19287,-20805,1517,0,25947,-27988,2041,0,0,0,0,1,0
4007,2086458,21430,-18402,-3028,0,28831,-24758,-4073,0,0,0,0,1,0
4008,2086979,22748,-15293,-7456,0,30607,-20576,-10031,0,0,0,0,1,0
4009,2087500,23193,-11596,-11596,0,31207,-15603,-15603,0,0,0,0,1,0
4010,2088020,22746,-7455,-15291,0,30607,-10031,-20576,0,0,0,0,1,0
4011,2088541,21425,-3027,-18398,0,28831,-4073,-24758,0,0,0,0,1,0
4012,2089062,19281,1517,-20797,0,25947,2041,-27988,0,0,0,0,1,0
4013,2089583,16396,6001,-22397,0,22066,8077,-30143,0,0,0,0,1,0
4014,2090104,12881,10255,-23136,0,17337,13802,-31140,0,0,0,0,1,0
4015,2090625,8872,14114,-22986,0,11942,18997,-30940,0,0,0,0,1,0
4016,2091145,4523,17430,-21953,0,6088,23462,-29551,0,0,0,0,1,0
4017,2091666,0,20076,-20076,0,0,27026,-27026,0,0,0,0,1,0
4018,2092187,-4522,21950,-17428,0,-6088,29551,-23462,0,0,0,0,1,0
4019,2092708,-8870,22981,-14111,0,-11942,30940,-18997,0,0,0,0,1,0
4020,2093229,-12877,23128,-10251,0,-17337,31140,-13802,0,0,0,0,1,0
4021,2093750,-16388,22387,-5999,0,-22066,30143,-8077,0,0,0,0,1,0
4022,2094270,-19270,20785,-1516,0,-25947,27988,-2041,0,0,0,0,1,0
4023,2094791,-21410,18385,3025,0,-28831,24758,4073,0,0,0,0,1,0
4024,2095312,-22727,15279,7449,0,-30607,20576,10031,0,0,0,0,1,0
4025,2095833,-23171,11586,11586,0,-31207,15603,15603,0,0,0,0,1,0
4026,2096354,-22725,7448,15277,0,-30607,10031,20576,0,0,0,0,1,0
4027,2096874,-21405,3024,18381,0,-28831,4073,24758,0,0,0,0,1,0
4028,2097395,-19263,-1515,20778,0,-25947,-2041,27988,0,0,0,0,1,0
4029,2097916,-16381,-5996,22377,0,-22066,-8077,30143,0,0,0,0,1,0
4030,2098437,-12870,-10245,23115,0,-17337,-13802,31140,0,0,0,0,1,0
4031,2098958,-8864,-14101,22965,0,-11942,-18997,30940,0,0,0,0,1,0
4032,2099479,-4519,-17414,21933,0,-6088,-23462,29551,0,0,0,0,1,0
4033,2100000,0,-20058,20058,0,0,-27026,27026,0,0,0,0,1,0
4034,2100520,4518,-21930,17412,0,6088,-29551,23462,0,0,0,0,1,0
4035,2101041,8862,-22960,14098,0,11942,-30940,18997,0,0,0,0,1,0
4036,2101562,12865,-23107,10242,0,17337,-31140,13802,0,0,0,0,1,0
4037,2102083,16373,-22366,5993,0,22066,-30143,8077,0,0,0,0,1,0
4038,2102604,19252,-20766,1514,0,25947,-27988,2041,0,0,0,0,1,0
4039,2103125,21390,-18368,-3022,0,28831,-24758,-4073,0,0,0,0,1,0
4040,2103645,22706,-15265,-7442,0,30607,-20576,-10031,0,0,0,0,1,0
4041,2104166,23150,-11575,-11575,0,31207,-15603,-15603,0,0,0,0,1,0
4042,2104687,22704,-7441,-15263,0,30607,-10031,-20576,0,0,0,0,1,0
4043,2105208,21385,-3021,-18364,0,28831,-4073,-24758,0,0,0,0,1,0
4044,2105729,19245,1514,-20759,0,25947,2041,-27988,0,0,0,0,1,0
4045,2106250,16366,5990,-22356,0,22066,8077,-30143,0,0,0,0,1,0
4046,2106770,12858,10236,-23094,0,17337,13802,-31140,0,0,0,0,1,0
4047,2107291,8856,14088,-22944,0,11942,18997,-30940,0,0,0,0,1,0
4048,2107812,4514,17398,-21912,0,6088,23462,-29551,0,0,0,0,1,0
4049,2108333,0,20039,-20039,0,0,27026,-27026,0,0,0,0,1,0
4050,2108854,-4514,21910,-17396,0,-6088,29551,-23462,0,0,0,0,1,0
4051,2109375,-8854,22939,-14085,0,-11942,30940,-18997,0,0,0,0,1,0
4052,2109895,-12853,23086,-10232,0,-17337,31140,-13802,0,0,0,0,1,0
4053,2110416,-16358,22346,-5987,0,-22066,30143,-8077,0,0,0,0,1,0
4054,2110937,-19234,20747,-1513,0,-25947,27988,-2041,0,0,0,0,1,0
4055,2111458,-21370,18351,3019,0,-28831,24758,4073,0,0,0,0,1,0
4056,2111979,-22685,15251,7435,0,-30607,20576,10031,0,0,0,0,1,0
4057,2112500,-23128,11564,11564,0,-31207,15603,15603,0,0,0,0,1,0
4058,2113020,-22683,7434,15249,0,-30607,10031,20576,0,0,0,0,1,0
4059,2113541,-21365,3019,18347,0,-28831,4073,24758,0,0,0,0,1,0
4060,2114062,-19227,-1512,20740,0,-25947,-2041,27988,0,0,0,0,1,0
4061,2114583,-16351,-5985,22335,0,-22066,-8077,30143,0,0,0,0,1,0
4062,2115104,-12846,-10227,23072,0,-17337,-13802,31140,0,0,0,0,1,0
4063,2115625,-8848,-14075,22923,0,-11942,-18997,30940,0,0,0,0,1,0
4064,2116145,-4510,-17382,21892,0,-6088,-23462,29551,0,0,0,0,1,0
4065,2116666,0,-20021,20021,0,0,-27026,27026,0,0,0,0,1,0
4066,2117187,4510,-21890,17380,0,6088,-29551,23462,0,0,0,0,1,0
4067,2117708,8846,-22917,14072,0,11942,-30940,18997,0,0,0,0,1,0
4068,2118229,12841,-23064,10223,0,17337,-31140,13802,0,0,0,0,1,0
4069,2118750,16343,-22325,5982,0,22066,-30143,8077,0,0,0,0,1,0
4070,2119270,19216,-20728,1512,0,25947,-27988,2041,0,0,0,0,1,0
4071,2119791,21351,-18334,-3016,0,28831,-24758,-4073,0,0,0,0,1,0
4072,2120312,22665,-15237,-7428,0,30607,-20576,-10031,0,0,0,0,1,0
4073,2120833,23107,-11554,-11554,0,31207,-15603,-15603,0,0,0,0,1,0
4074,2121354,22662,-7427,-15235,0,30607,-10031,-20576,0,0,0,0,1,0
4075,2121875,21346,-3016,-18330,0,28831,-4073,-24758,0,0,0,0,1,0
4076,2122395,19210,1511,-20721,0,25947,2041,-27988,0,0,0,0,1,0
4077,2122916,16336,5979,-22315,0,22066,8077,-30143,0,0,0,0,1,0
4078,2123437,12834,10217,-23051,0,17337,13802,-31140,0,0,0,0,1,0
4079,2123958,8840,14062,-22902,0,11942,18997,-30940,0,0,0,0,1,0
4080,2124479,4506,17366,-21872,0,6088,23462,-29551,0,0,0,0,1,0
4081,2125000,0,20002,-20002,0,0,27026,-27026,0,0,0,0,1,0
4082,2125520,-4506,21870,-17364,0,-6088,29551,-23462,0,0,0,0,1,0
4083,2126041,-8838,22896,-14059,0,-11942,30940,-18997,0,0,0,0,1,0
4084,2126562,-12830,23043,-10214,0,-17337,31140,-13802,0,0,0,0,1,0
4085,2127083,-16328,22304,-5976,0,-22066,30143,-8077,0,0,0,0,1,0
4086,2127604,-19199,20709,-1510,0,-25947,27988,-2041,0,0,0,0,1,0
4087,2128125,-21331,18317,3014,0,-28831,24758,4073,0,0,0,0,1,0
4088,2128645,-22644,15223,7421,0,-30607,20576,10031,0,0,0,0,1,0
4089,2129166,-23086,11543,11543,0,-31207,15603,15603,0,0,0,0,1,0
4090,2129687,-22641,7420,15221,0,-30607,10031,20576,0,0,0,0,1,0
4091,2130208,-21326,3013,18313,0,-28831,4073,24758,0,0,0,0,1,0
4092,2130729,-19192,-1510,20702,0,-25947,-2041,27988,0,0,0,0,1,0
4093,2131250,-16321,-5974,22294,0,-22066,-8077,30143,0,0,0,0,1,0
4094,2131770,-12822,-10208,23030,0,-17337,-13802,31140,0,0,0,0,1,0
4095,2132291,-8832,-14049,22881,0,-11942,-18997,30940,0,0,0,0,1,0
4096,2132812,-4502,-17350,21852,0,-6088,-23462,29551,0,0,0,0,1,0
4097,2133333,0,-19984,19984,0,0,-27026,27026,0,0,0,0,1,0
4098,2133854,4502,-21850,17348,0,6088,-29551,23462,0,0,0,0,1,0
4099,2134375,8830,-22875,14046,0,11942,-30940,18997,0,0,0,0,1,0
4100,2134895,12818,-23022,10204,0,17337,-31140,13802,0,0,0,0,1,0
4101,2135416,16313,-22284,5971,0,22066,-30143,8077,0,0,0,0,1,0
4102,2135937,19181,-20690,1509,0,25947,-27988,2041,0,0,0,0,1,0
4103,2136458,21312,-18301,-3011,0,28831,-24758,-4073,0,0,0,0,1,0
4104,2136979,22623,-15209,-7414,0,30607,-20576,-10031,0,0,0,0,1,0
4105,2137500,23065,-11532,-11532,0,31207,-15603,-15603,0,0,0,0,1,0
4106,2138020,22620,-7414,-15207,0,30607,-10031,-20576,0,0,0,0,1,0
4107,2138541,21307,-3010,-18297,0,28831,-4073,-24758,0,0,0,0,1,0
4108,2139062,19174,1508,-20683,0,25947,2041,-27988,0,0,0,0,1,0
4109,2139583,16306,5968,-22274,0,22066,8077,-30143,0,0,0,0,1,0
4110,2140104,12811,10198,-23009,0,17337,13802,-31140,0,0,0,0,1,0
4111,2140625,8824,14036,-22860,0,11942,18997,-30940,0,0,0,0,1,0
4112,2141145,4498,17334,-21832,0,6088,23462,-29551,0,0,0,0,1,0
4113,2141666,0,19966,-19966,0,0,27026,-27026,0,0,0,0,1,0
4114,2142187,-4497,21830,-17332,0,-6088,29551,-23462,0,0,0,0,1,0
4115,2142708,-8822,22855,-14033,0,-11942,30940,-18997,0,0,0,0,1,0
4116,2143229,-12806,23001,-10195,0,-17337,31140,-13802,0,0,0,0,1,0
4117,2143750,-16298,22264,-5966,0,-22066,30143,-8077,0,0,0,0,1,0
4118,2144270,-19164,20671,-1507,0,-25947,27988,-2041,0,0,0,0,1,0
4119,2144791,-21292,18284,3008,0,-28831,24758,4073,0,0,0,0,1,0
4120,2145312,-22602,15195,7408,0,-30607,20576,10031,0,0,0,0,1,0
4121,2145833,-23044,11522,11522,0,-31207,15603,15603,0,0,0,0,1,0
4122,2146354,-22600,7407,15193,0,-30607,10031,20576,0,0,0,0,1,0
4123,2146875,-21287,3007,18280,0,-28831,4073,24758,0,0,0,0,1,0
4124,2147395,-19157,-1507,20664,0,-25947,-2041,27988,0,0,0,0,1,0
4125,2147916,-16291,-5963,22254,0,-22066,-8077,30143,0,0,0,0,1,0
4126,2148437,-12799,-10189,22988,0,-17337,-13802,31140,0,0,0,0,1,0
4127,2148958,-8815,-14023,22839,0,-11942,-18997,30940,0,0,0,0,1,0
4128,2149479,-4494,-17318,21812,0,-6088,-23462,29551,0,0,0,0,1,0
4129,2150000,0,-19948,19948,0,0,-27026,27026,0,0,0,0,1,0
4130,2150520,4493,-21810,17316,0,6088,-29551,23462,0,0,0,0,1,0
4131,2151041,8813,-22834,14020,0,11942,-30940,18997,0,0,0,0,1,0
4132,2151562,12794,-22980,10186,0,17337,-31140,13802,0,0,0,0,1,0
4133,2152083,16283,-22243,5960,0,22066,-30143,8077,0,0,0,0,1,0
4134,2152604,19146,-20652,1506,0,25947,-27988,2041,0,0,0,0,1,0
4135,2153125,21273,-18267,-3005,0,28831,-24758,-4073,0,0,0,0,1,0
4136,2153645,22582,-15181,-7401,0,30607,-20576,-10031,0,0,0,0,1,0
4137,2154166,23023,-11511,-11511,0,31207,-15603,-15603,0,0,0,0,1,0
4138,2154687,22579,-7400,-15179,0,30607,-10031,-20576,0,0,0,0,1,0
4139,2155208,21268,-3005,-18263,0,28831,-4073,-24758,0,0,0,0,1,0
4140,2155729,19140,1506,-20645,0,25947,2041,-27988,0,0,0,0,1,0
4141,2156250,16276,5957,-22233,0,22066,8077,-30143,0,0,0,0,1,0
4142,2156770,12787,10180,-22967,0,17337,13802,-31140,0,0,0,0,1,0
4143,2157291,8807,14011,-22818,0,11942,18997,-30940,0,0,0,0,1,0
4144,2157812,4490,17303,-21792,0,6088,23462,-29551,0,0,0,0,1,0
4145,2158333,0,19929,-19929,0,0,27026,-27026,0,0,0,0,1,0
4146,2158854,-4489,21790,-17301,0,-6088,29551,-23462,0,0,0,0,1,0
4147,2159375,-8805,22813,-14008,0,-11942,30940,-18997,0,0,0,0,1,0
4148,2159895,-12783,22959,-10176,0,-17337,31140,-13802,0,0,0,0,1,0
4149,2160416,-16269,22223,-5955,0,-22066,30143,-8077,0,0,0,0,1,0
4150,2160937,-19129,20633,-1505,0,-25947,27988,-2041,0,0,0,0,1,0
4151,2161458,-21254,18251,3003,0,-28831,24758,4073,0,0,0,0,1,0
4152,2161979,-22561,15167,7394,0,-30607,20576,10031,0,0,0,0,1,0
4153,2162500,-23002,11501,11501,0,-31207,15603,15603,0,0,0,0,1,0
4154,2163020,-22559,7393,15165,0,-30607,10031,20576,0,0,0,0,1,0
4155,2163541,-21249,3002,18247,0,-28831,4073,24758,0,0,0,0,1,0
4156,2164062,-19122,-1504,20626,0,-25947,-2041,27988,0,0,0,0,1,0
4157,2164583,-16261,-5952,22213,0,-22066,-8077,30143,0,0,0,0,1,0
4158,2165104,-12776,-10171,22946,0,-17337,-13802,31140,0,0,0,0,1,0
4159,2165625,-8800,-13998,22798,0,-11942,-18997,30940,0,0,0,0,1,0
4160,2166145,-4486,-17287,21773,0,-6088,-23462,29551,0,0,0,0,1,0
4161,2166666,0,-19911,19911,0,0,-27026,27026,0,0,0,0,1,0
4162,2167187,4485,-21770,17285,0,6088,-29551,23462,0,0,0,0,1,0
4163,2167708,8798,-22792,13995,0,11942,-30940,18997,0,0,0,0,1,0
4164,2168229,12771,-22939,10167,0,17337,-31140,13802,0,0,0,0,1,0
4165,2168750,16254,-22203,5949,0,22066,-30143,8077,0,0,0,0,1,0
4166,2169270,19111,-20615,1503,0,25947,-27988,2041,0,0,0,0,1,0
4167,2169791,21234,-18234,-3000,0,28831,-24758,-4073,0,0,0,0,1,0
4168,2170312,22541,-15153,-7388,0,30607,-20576,-10031,0,0,0,0,1,0
4169,2170833,22981,-11491,-11491,0,31207,-15603,-15603,0,0,0,0,1,0
4170,2171354,22538,-7387,-15152,0,30607,-10031,-20576,0,0,0,0,1,0
4171,2171875,21230,-2999,-18230,0,28831,-4073,-24758,0,0,0,0,1,0
4172,2172395,19105,1503,-20608,0,25947,2041,-27988,0,0,0,0,1,0
4173,2172916,16247,5947,-22193,0,22066,8077,-30143,0,0,0,0,1,0
4174,2173437,12764,10161,-22926,0,17337,13802,-31140,0,0,0,0,1,0
4175,2173958,8792,13985,-22777,0,11942,18997,-30940,0,0,0,0,1,0
4176,2174479,4482,17271,-21753,0,6088,23462,-29551,0,0,0,0,1,0
4177,2175000,0,19893,-19893,0,0,27026,-27026,0,0,0,0,1,0
4178,2175520,-4481,21751,-17269,0,-6088,29551,-23462,0,0,0,0,1,0
4179,2176041,-8790,22772,-13982,0,-11942,30940,-18997,0,0,0,0,1,0
4180,2176562,-12760,22918,-10158,0,-17337,31140,-13802,0,0,0,0,1,0
4181,2177083,-16239,22183,-5944,0,-22066,30143,-8077,0,0,0,0,1,0
4182,2177604,-19094,20596,-1502,0,-25947,27988,-2041,0,0,0,0,1,0
4183,2178125,-21215,18218,2997,0,-28831,24758,4073,0,0,0,0,1,0
4184,2178645,-22521,15140,7381,0,-30607,20576,10031,0,0,0,0,1,0
4185,2179166,-22961,11480,11480,0,-31207,15603,15603,0,0,0,0,1,0
4186,2179687,-22518,7380,15138,0,-30607,10031,20576,0,0,0,0,1,0
4187,2180208,-21210,2997,18214,0,-28831,4073,24758,0,0,0,0,1,0
4188,2180729,-19088,-1501,20589,0,-25947,-2041,27988,0,0,0,0,1,0
4189,2181250,-16232,-5941,22173,0,-22066,-8077,30143,0,0,0,0,1,0
4190,2181770,-12753,-10152,22905,0,-17337,-13802,31140,0,0,0,0,1,0
4191,2182291,-8784,-13973,22756,0,-11942,-18997,30940,0,0,0,0,1,0
4192,2182812,-4478,-17256,21734,0,-6088,-23462,29551,0,0,0,0,1,0
4193,2183333,0,-19876,19876,0,0,-27026,27026,0,0,0,0,1,0
4194,2183854,4477,-21731,17254,0,6088,-29551,23462,0,0,0,0,1,0
4195,2184375,8782,-22751,13970,0,11942,-30940,18997,0,0,0,0,1,0
4196,2184895,12748,-22897,10149,0,17337,-31140,13802,0,0,0,0,1,0
4197,2185416,16225,-22163,5939,0,22066,-30143,8077,0,0,0,0,1,0
4198,2185937,19077,-20578,1501,0,25947,-27988,2041,0,0,0,0,1,0
4199,2186458,21196,-18202,-2995,0,28831,-24758,-4073,0,0,0,0,1,0
4200,2186979,22500,-15126,-7374,0,30607,-20576,-10031,0,0,0,0,1,0
4201,2187500,22940,-11470,-11470,0,31207,-15603,-15603,0,0,0,0,1,0
4202,2188020,22498,-7373,-15125,0,30607,-10031,-20576,0,0,0,0,1,0
4203,2188541,21191,-2994,-18197,0,28831,-4073,-24758,0,0,0,0,1,0
4204,2189062,19071,1500,-20571,0,25947,2041,-27988,0,0,0,0,1,0
4205,2189583,16217,5936,-22153,0,22066,8077,-30143,0,0,0,0,1,0
4206,2190104,12741,10143,-22884,0,17337,13802,-31140,0,0,0,0,1,0
4207,2190625,8776,13960,-22736,0,11942,18997,-30940,0,0,0,0,1,0
4208,2191145,4474,17240,-21714,0,6088,23462,-29551,0,0,0,0,1,0
4209,2191666,0,19858,-19858,0,0,27026,-27026,0,0,0,0,1,0
4210,2192187,-4473,21712,-17238,0,-6088,29551,-23462,0,0,0,0,1,0
4211,2192708,-8774,22731,-13957,0,-11942,30940,-18997,0,0,0,0,1,0
4212,2193229,-12737,22877,-10140,0,-17337,31140,-13802,0,0,0,0,1,0
4213,2193750,-16210,22143,-5933,0,-22066,30143,-8077,0,0,0,0,1,0
4214,2194270,-19060,20559,-1499,0,-25947,27988,-2041,0,0,0,0,1,0
4215,2194791,-21177,18185,2992,0,-28831,24758,4073,0,0,0,0,1,0
4216,2195312,-22480,15113,7368,0,-30607,20576,10031,0,0,0,0,1,0
4217,2195833,-22919,11460,11460,0,-31207,15603,15603,0,0,0,0,1,0
4218,2196354,-22478,7367,15111,0,-30607,10031,20576,0,0,0,0,1,0
4219,2196875,-21172,2991,18181,0,-28831,4073,24758,0,0,0,0,1,0
4220,2197395,-19054,-1499,20552,0,-25947,-2041,27988,0,0,0,0,1,0
4221,2197916,-16203,-5931,22134,0,-22066,-8077,30143,0,0,0,0,1,0
4222,2198437,-12730,-10134,22864,0,-17337,-13802,31140,0,0,0,0,1,0
4223,2198958,-8768,-13948,22716,0,-11942,-18997,30940,0,0,0,0,1,0
4224,2199479,-4470,-17225,21695,0,-6088,-23462,29551,0,0,0,0,1,0
4225,2200000,0,-19840,19840,0,0,-27026,27026,0,0,0,0,1,0
4226,2200520,4469,-21692,17223,0,6088,-29551,23462,0,0,0,0,1,0
4227,2201041,8766,-22711,13945,0,11942,-30940,18997,0,0,0,0,1,0
4228,2201562,12726,-22856,10131,0,17337,-31140,13802,0,0,0,0,1,0
4229,2202083,16196,-22124,5928,0,22066,-30143,8077,0,0,0,0,1,0
4230,2202604,19043,-20541,1498,0,25947,-27988,2041,0,0,0,0,1,0
4231,2203125,21158,-18169,-2989,0,28831,-24758,-4073,0,0,0,0,1,0
4232,2203645,22460,-15099,-7361,0,30607,-20576,-10031,0,0,0,0,1,0
4233,2204166,22899,-11449,-11449,0,31207,-15603,-15603,0,0,0,0,1,0
4234,2204687,22458,-7360,-15097,0,30607,-10031,-20576,0,0,0,0,1,0
4235,2205208,21154,-2989,-18165,0,28831,-4073,-24758,0,0,0,0,1,0
4236,2205729,19037,1497,-20534,0,25947,2041,-27988,0,0,0,0,1,0
4237,2206250,16188,5925,-22114,0,22066,8077,-30143,0,0,0,0,1,0
4238,2206770,12718,10125,-22844,0,17337,13802,-31140,0,0,0,0,1,0
4239,2207291,8760,13935,-22695,0,11942,18997,-30940,0,0,0,0,1,0
4240,2207812,4466,17210,-21675,0,6088,23462,-29551,0,0,0,0,1,0
4241,2208333,0,19822,-19822,0,0,27026,-27026,0,0,0,0,1,0
4242,2208854,-4465,21673,-17208,0,-6088,29551,-23462,0,0,0,0,1,0
4243,2209375,-8758,22690,-13932,0,-11942,30940,-18997,0,0,0,0,1,0
4244,2209895,-12714,22836,-10122,0,-17337,31140,-13802,0,0,0,0,1,0
