1,0,0,-276,276,0,0,-25024,25024,0,0,0,0,1,0
2,520,62,-302,240,0,5637,-27362,21724,0,0,0,0,1,0
3,1041,122,-316,194,0,11058,-28648,17590,0,0,0,0,1,0
4,1562,177,-319,141,0,16053,-28833,12780,0,0,0,0,1,0
5,2083,226,-308,83,0,20432,-27910,7479,0,0,0,0,1,0
6,2604,265,-286,21,0,24025,-25915,1890,0,0,0,0,1,0
7,3125,295,-253,-42,0,26696,-22924,-3772,0,0,0,0,1,0
8,3645,313,-210,-103,0,28340,-19052,-9288,0,0,0,0,1,0
9,4166,319,-160,-160,0,28895,-14448,-14448,0,0,0,0,1,0
10,4687,313,-103,-210,0,28340,-9288,-19052,0,0,0,0,1,0
11,5208,295,-42,-253,0,26696,-3772,-22924,0,0,0,0,1,0
12,5729,265,21,-286,0,24025,1890,-25915,0,0,0,0,1,0
13,6250,226,83,-308,0,20432,7479,-27910,0,0,0,0,1,0
14,6770,177,141,-319,0,16053,12780,-28833,0,0,0,0,1,0
15,7291,122,194,-316,0,11058,17590,-28648,0,0,0,0,1,0
16,7812,62,240,-302,0,5637,21724,-27362,0,0,0,0,1,0
17,8333,0,276,-276,0,0,25024,-25024,0,0,0,0,1,0
18,8854,-62,302,-240,0,-5637,27362,-21724,0,0,0,0,1,0
19,9375,-122,316,-194,0,-11058,28648,-17590,0,0,0,0,1,0
20,9895,-177,319,-141,0,-16053,28833,-12780,0,0,0,0,1,0
21,10416,-226,308,-83,0,-20432,27910,-7479,0,0,0,0,1,0
22,10937,-265,286,-21,0,-24025,25915,-1890,0,0,0,0,1,0
23,11458,-295,253,42,0,-26696,22924,3772,0,0,0,0,1,0
24,11979,-313,210,103,0,-28340,19052,9288,0,0,0,0,1,0
25,12500,-319,160,160,0,-28895,14448,14448,0,0,0,0,1,0
26,13020,-313,103,210,0,-28340,9288,19052,0,0,0,0,1,0
27,13541,-295,42,253,0,-26696,3772,22924,0,0,0,0,1,0
28,14062,-265,-21,286,0,-24025,-1890,25915,0,0,0,0,1,0
29,14583,-226,-83,308,0,-20432,-7479,27910,0,0,0,0,1,0
30,15104,-177,-141,319,0,-16053,-12780,28833,0,0,0,0,1,0
31,15625,-122,-194,316,0,-11058,-17590,28648,0,0,0,0,1,0
32,16145,-62,-240,302,0,-5637,-21724,27362,0,0,0,0,1,0
33,16666,0,-276,276,0,0,-25024,25024,0,0,0,0,1,0
34,17187,62,-302,240,0,5637,-27362,21724,0,0,0,0,1,0
35,17708,122,-316,194,0,11058,-28648,17590,0,0,0,0,1,0
36,18229,177,-319,141,0,16053,-28833,12780,0,0,0,0,1,0
37,18750,226,-308,83,0,20432,-27910,7479,0,0,0,0,1,0
38,19270,265,-286,21,0,24025,-25915,1890,0,0,0,0,1,0
39,19791,295,-253,-42,0,26696,-22924,-3772,0,0,0,0,1,0
40,20312,313,-210,-103,0,28340,-19052,-9288,0,0,0,0,1,0
41,20833,319,-160,-160,0,28895,-14448,-14448,0,0,0,0,1,0
42,21354,313,-103,-210,0,28340,-9288,-19052,0,0,0,0,1,0
43,21875,295,-42,-253,0,26696,-3772,-22924,0,0,0,0,1,0
44,22395,265,21,-286,0,24025,1890,-25915,0,0,0,0,1,0
45,22916,226,83,-308,0,20432,7479,-27910,0,0,0,0,1,0
46,23437,177,141,-319,0,16053,12780,-28833,0,0,0,0,1,0
47,23958,122,194,-316,0,11058,17590,-28648,0,0,0,0,1,0
48,24479,62,240,-302,0,5637,21724,-27362,0,0,0,0,1,0
49,25000,0,276,-276,0,0,25024,-25024,0,0,0,0,1,0
50,25520,-62,302,-240,0,-5637,27362,-21724,0,0,0,0,1,0
51,26041,-122,316,-194,0,-11058,28648,-17590,0,0,0,0,1,0
52,26562,-177,319,-141,0,-16053,28833,-12780,0,0,0,0,1,0
53,27083,-226,308,-83,0,-20432,27910,-7479,0,0,0,0,1,0
54,27604,-265,286,-21,0,-24025,25915,-1890,0,0,0,0,1,0
55,28125,-295,253,42,0,-26696,22924,3772,0,0,0,0,1,0
56,28645,-313,210,103,0,-28340,19052,9288,0,0,0,0,1,0
57,29166,-319,160,160,0,-28895,14448,14448,0,0,0,0,1,0
58,29687,-313,103,210,0,-28340,9288,19052,0,0,0,0,1,0
59,30208,-295,42,253,0,-26696,3772,22924,0,0,0,0,1,0
60,30729,-265,-21,286,0,-24025,-1890,25915,0,0,0,0,1,0
61,31250,-226,-83,308,0,-20432,-7479,27910,0,0,0,0,1,0
62,31770,-177,-141,319,0,-16053,-12780,28833,0,0,0,0,1,0
63,32291,-122,-194,316,0,-11058,-17590,28648,0,0,0,0,1,0
64,32812,-62,-240,302,0,-5637,-21724,27362,0,0,0,0,1,0
65,33333,0,-276,276,0,0,-25024,25024,0,0,0,0,1,0
66,33854,62,-302,240,0,5637,-27362,21724,0,0,0,0,1,0
67,34375,122,-316,194,0,11058,-28648,17590,0,0,0,0,1,0
68,34895,177,-319,141,0,16053,-28833,12780,0,0,0,0,1,0
69,35416,226,-308,83,0,20432,-27910,7479,0,0,0,0,1,0
70,35937,265,-286,21,0,24025,-25915,1890,0,0,0,0,1,0
71,36458,295,-253,-42,0,26696,-22924,-3772,0,0,0,0,1,0
72,36979,313,-210,-103,0,28340,-19052,-9288,0,0,0,0,1,0
73,37500,319,-160,-160,0,28895,-14448,-14448,0,0,0,0,1,0
74,38020,313,-103,-210,0,28340,-9288,-19052,0,0,0,0,1,0
75,38541,295,-42,-253,0,26696,-3772,-22924,0,0,0,0,1,0
76,39062,265,21,-286,0,24025,1890,-25915,0,0,0,0,1,0
77,39583,226,83,-308,0,20432,7479,-27910,0,0,0,0,1,0
78,40104,177,141,-319,0,16053,12780,-28833,0,0,0,0,1,0
79,40625,122,194,-316,0,11058,17590,-28648,0,0,0,0,1,0
80,41145,62,240,-302,0,5637,21724,-27362,0,0,0,0,1,0
81,41666,0,276,-276,0,0,25024,-25024,0,0,0,0,1,0
82,42187,-62,302,-240,0,-5637,27362,-21724,0,0,0,0,1,0
83,42708,-122,316,-194,0,-11058,28648,-17590,0,0,0,0,1,0
84,43229,-177,319,-141,0,-16053,28833,-12780,0,0,0,0,1,0
85,43750,-226,308,-83,0,-20432,27910,-7479,0,0,0,0,1,0
86,44270,-265,286,-21,0,-24025,25915,-1890,0,0,0,0,1,0
87,44791,-295,253,42,0,-26696,22924,3772,0,0,0,0,1,0
88,45312,-313,210,103,0,-28340,19052,9288,0,0,0,0,1,0
89,45833,-319,160,160,0,-28895,14448,14448,0,0,0,0,1,0
90,46354,-313,103,210,0,-28340,9288,19052,0,0,0,0,1,0
91,46875,-295,42,253,0,-26696,3772,22924,0,0,0,0,1,0
92,47395,-265,-21,286,0,-24025,-1890,25915,0,0,0,0,1,0
93,47916,-226,-83,308,0,-20432,-7479,27910,0,0,0,0,1,0
94,48437,-177,-141,319,0,-16053,-12780,28833,0,0,0,0,1,0
95,48958,-122,-194,316,0,-11058,-17590,28648,0,0,0,0,1,0
96,49479,-62,-240,302,0,-5637,-21724,27362,0,0,0,0,1,0
97,50000,0,-276,30860,30584,0,-27026,2502,0,1,0,0,1,0
98,50520,62,-302,27472,27232,6088,-29551,2172,0,1,0,0,1,0
99,51041,122,-316,23598,23404,11942,-30940,1759,0,1,0,0,1,0
100,51562,177,-319,19376,19235,17337,-31140,1278,0,1,0,0,1,0
101,52083,226,-308,14957,14875,22066,-30143,748,0,1,0,0,1,0
102,52604,265,-286,10501,10480,25947,-27988,189,0,1,0,0,1,0
103,53125,295,-253,6167,6209,28831,-24758,-377,0,1,0,0,1,0
104,53645,313,-210,2113,2216,30607,-20576,-929,0,1,0,0,1,0
105,54166,319,-160,-1516,-1356,31207,-15603,-1445,0,1,0,0,1,0
106,54687,313,-103,-4590,-4379,30607,-10031,-1905,0,1,0,0,1,0
107,55208,295,-42,-7001,-6747,28831,-4073,-2292,0,1,0,0,1,0
108,55729,265,21,-8665,-8379,25947,2041,-2592,0,1,0,0,1,0
109,56250,226,83,-9528,-9220,22066,8077,-2791,0,1,0,0,1,0
110,56770,177,141,-9566,-9248,17337,13802,-2883,0,1,0,0,1,0
111,57291,122,194,-8786,-8470,11942,18997,-2865,0,1,0,0,1,0
112,57812,62,240,-7228,-6925,6088,23462,-2736,0,1,0,0,1,0
113,58333,0,276,-4958,-4682,0,27026,-2502,0,1,0,0,1,0
114,58854,-62,302,-2074,-1834,-6088,29551,-2172,0,1,0,0,1,0
115,59375,-122,316,1306,1501,-11942,30940,-1759,0,1,0,0,1,0
116,59895,-177,319,5044,5185,-17337,31140,-1278,0,1,0,0,1,0
117,60416,-226,308,8988,9071,-22066,30143,-748,0,1,0,0,1,0
118,60937,-265,286,12979,13000,-25947,27988,-189,0,1,0,0,1,0
119,61458,-295,253,16856,16815,-28831,24758,377,0,1,0,0,1,0
120,61979,-313,210,20463,20360,-30607,20576,929,0,1,0,0,1,0
121,62500,-319,160,23653,23493,-31207,15603,1445,0,1,0,0,1,0
122,63020,-313,103,26296,26086,-30607,10031,1905,0,1,0,0,1,0
123,63541,-295,42,28285,28032,-28831,4073,2292,0,1,0,0,1,0
124,64062,-265,-21,29536,29249,-25947,-2041,2592,0,1,0,0,1,0
125,64583,-226,-83,29993,29685,-22066,-8077,2791,0,1,0,0,1,0
126,65104,-177,-141,29633,29314,-17337,-13802,2883,0,1,0,0,1,0
127,65625,-122,-194,28463,28147,-11942,-18997,2865,0,1,0,0,1,0
128,66145,-62,-240,26522,26219,-6088,-23462,2736,0,1,0,0,1,0
129,66666,0,-276,23877,23601,0,-27026,2502,0,1,0,0,1,0
130,67187,62,-302,20625,20385,6088,-29551,2172,0,1,0,0,1,0
131,67708,122,-316,16884,16690,11942,-30940,1759,0,1,0,0,1,0
132,68229,177,-319,12793,12651,17337,-31140,1278,0,1,0,0,1,0
133,68750,226,-308,8502,8419,22066,-30143,748,0,1,0,0,1,0
134,69270,0,0,0,0,0,0,0,1,0,0,0,0,0
135,69791,0,0,0,0,0,0,0,1,0,0,0,0,0
136,70312,0,0,0,0,0,0,0,1,0,0,0,0,0
137,70833,0,0,0,0,0,0,0,1,0,0,0,0,0
138,71354,0,0,0,0,0,0,0,1,0,0,0,0,0
139,71875,0,0,0,0,0,0,0,1,0,0,0,0,0
140,72395,0,0,0,0,0,0,0,1,0,0,0,0,0
141,72916,0,0,0,0,0,0,0,1,0,0,0,0,0
142,73437,0,0,0,0,0,0,0,1,0,0,0,0,0
143,73958,0,0,0,0,0,0,0,1,0,0,0,0,0
144,74479,0,0,0,0,0,0,0,1,0,0,0,0,0
145,75000,0,0,0,0,0,0,0,1,0,0,0,0,0
146,75520,0,0,0,0,0,0,0,1,0,0,0,0,0
147,76041,0,0,0,0,0,0,0,1,0,0,0,0,0
148,76562,0,0,0,0,0,0,0,1,0,0,0,0,0
149,77083,0,0,0,0,0,0,0,1,0,0,0,0,0
150,77604,0,0,0,0,0,0,0,1,0,0,0,0,0
151,78125,0,0,0,0,0,0,0,1,0,0,0,0,0
152,78645,0,0,0,0,0,0,0,1,0,0,0,0,0
153,79166,0,0,0,0,0,0,0,1,0,0,0,0,0
154,79687,0,0,0,0,0,0,0,1,0,0,0,0,0
155,80208,0,0,0,0,0,0,0,1,0,0,0,0,0
156,80729,0,0,0,0,0,0,0,1,0,0,0,0,0
157,81250,0,0,0,0,0,0,0,1,0,0,0,0,0
158,81770,0,0,0,0,0,0,0,1,0,0,0,0,0
159,82291,0,0,0,0,0,0,0,1,0,0,0,0,0
160,82812,0,0,0,0,0,0,0,1,0,0,0,0,0
161,83333,0,0,0,0,0,0,0,1,0,0,0,0,0
162,83854,0,0,0,0,0,0,0,1,0,0,0,0,0
163,84375,0,0,0,0,0,0,0,1,0,0,0,0,0
164,84895,0,0,0,0,0,0,0,1,0,0,0,0,0
165,85416,0,0,0,0,0,0,0,1,0,0,0,0,0
166,85937,0,0,0,0,0,0,0,1,0,0,0,0,0
167,86458,0,0,0,0,0,0,0,1,0,0,0,0,0
168,86979,0,0,0,0,0,0,0,1,0,0,0,0,0
169,87500,0,0,0,0,0,0,0,1,0,0,0,0,0
170,88020,0,0,0,0,0,0,0,1,0,0,0,0,0
171,88541,0,0,0,0,0,0,0,1,0,0,0,0,0
172,89062,0,0,0,0,0,0,0,1,0,0,0,0,0
173,89583,0,0,0,0,0,0,0,1,0,0,0,0,0
174,90104,0,0,0,0,0,0,0,1,0,0,0,0,0
175,90625,0,0,0,0,0,0,0,1,0,0,0,0,0
176,91145,0,0,0,0,0,0,0,1,0,0,0,0,0
177,91666,0,0,0,0,0,0,0,1,0,0,0,0,0
178,92187,0,0,0,0,0,0,0,1,0,0,0,0,0
179,92708,0,0,0,0,0,0,0,1,0,0,0,0,0
180,93229,0,0,0,0,0,0,0,1,0,0,0,0,0
181,93750,0,0,0,0,0,0,0,1,0,0,0,0,0
182,94270,0,0,0,0,0,0,0,1,0,0,0,0,0
183,94791,0,0,0,0,0,0,0,1,0,0,0,0,0
184,95312,0,0,0,0,0,0,0,1,0,0,0,0,0
185,95833,0,0,0,0,0,0,0,1,0,0,0,0,0
186,96354,0,0,0,0,0,0,0,1,0,0,0,0,0
187,96875,0,0,0,0,0,0,0,1,0,0,0,0,0
188,97395,0,0,0,0,0,0,0,1,0,0,0,0,0
189,97916,0,0,0,0,0,0,0,1,0,0,0,0,0
190,98437,0,0,0,0,0,0,0,1,0,0,0,0,0
191,98958,0,0,0,0,0,0,0,1,0,0,0,0,0
192,99479,0,0,0,0,0,0,0,1,0,0,0,0,0
193,100000,0,0,0,0,0,0,0,1,0,0,0,0,0
194,100520,0,0,0,0,0,0,0,1,0,0,0,0,0
195,101041,0,0,0,0,0,0,0,1,0,0,0,0,0
196,101562,0,0,0,0,0,0,0,1,0,0,0,0,0
197,102083,0,0,0,0,0,0,0,1,0,0,0,0,0
198,102604,0,0,0,0,0,0,0,1,0,0,0,0,0
199,103125,0,0,0,0,0,0,0,1,0,0,0,0,0
200,103645,0,0,0,0,0,0,0,1,0,0,0,0,0
201,104166,0,0,0,0,0,0,0,1,0,0,0,0,0
202,104687,0,0,0,0,0,0,0,1,0,0,0,0,0
203,105208,0,0,0,0,0,0,0,1,0,0,0,0,0
204,105729,0,0,0,0,0,0,0,1,0,0,0,0,0
205,106250,0,0,0,0,0,0,0,1,0,0,0,0,0
206,106770,0,0,0,0,0,0,0,1,0,0,0,0,0
207,107291,0,0,0,0,0,0,0,1,0,0,0,0,0
208,107812,0,0,0,0,0,0,0,1,0,0,0,0,0
209,108333,0,0,0,0,0,0,0,1,0,0,0,0,0
210,108854,0,0,0,0,0,0,0,1,0,0,0,0,0
211,109375,0,0,0,0,0,0,0,1,0,0,0,0,0
212,109895,0,0,0,0,0,0,0,1,0,0,0,0,0
213,110416,0,0,0,0,0,0,0,1,0,0,0,0,0
214,110937,0,0,0,0,0,0,0,1,0,0,0,0,0
215,111458,0,0,0,0,0,0,0,1,0,0,0,0,0
216,111979,0,0,0,0,0,0,0,1,0,0,0,0,0
217,112500,0,0,0,0,0,0,0,1,0,0,0,0,0
218,113020,0,0,0,0,0,0,0,1,0,0,0,0,0
219,113541,0,0,0,0,0,0,0,1,0,0,0,0,0
220,114062,0,0,0,0,0,0,0,1,0,0,0,0,0
221,114583,0,0,0,0,0,0,0,1,0,0,0,0,0
222,115104,0,0,0,0,0,0,0,1,0,0,0,0,0
223,115625,0,0,0,0,0,0,0,1,0,0,0,0,0
224,116145,0,0,0,0,0,0,0,1,0,0,0,0,0
225,116666,0,0,0,0,0,0,0,1,0,0,0,0,0
226,117187,0,0,0,0,0,0,0,1,0,0,0,0,0
227,117708,0,0,0,0,0,0,0,1,0,0,0,0,0
228,118229,0,0,0,0,0,0,0,1,0,0,0,0,0
229,118750,0,0,0,0,0,0,0,1,0,0,0,0,0
230,119270,0,0,0,0,0,0,0,1,0,0,0,0,0
231,119791,0,0,0,0,0,0,0,1,0,0,0,0,0
232,120312,0,0,0,0,0,0,0,1,0,0,0,0,0
233,120833,0,0,0,0,0,0,0,1,0,0,0,0,0
234,121354,0,0,0,0,0,0,0,1,0,0,0,0,0
235,121875,0,0,0,0,0,0,0,1,0,0,0,0,0
236,122395,0,0,0,0,0,0,0,1,0,0,0,0,0
237,122916,0,0,0,0,0,0,0,1,0,0,0,0,0
238,123437,0,0,0,0,0,0,0,1,0,0,0,0,0
239,123958,0,0,0,0,0,0,0,1,0,0,0,0,0
240,124479,0,0,0,0,0,0,0,1,0,0,0,0,0
241,125000,0,0,0,0,0,0,0,1,0,0,0,0,0
242,125520,0,0,0,0,0,0,0,1,0,0,0,0,0
243,126041,0,0,0,0,0,0,0,1,0,0,0,0,0
244,126562,0,0,0,0,0,0,0,1,0,0,0,0,0
245,127083,0,0,0,0,0,0,0,1,0,0,0,0,0
246,127604,0,0,0,0,0,0,0,1,0,0,0,0,0
247,128124,0,0,0,0,0,0,0,1,0,0,0,0,0
248,128645,0,0,0,0,0,0,0,1,0,0,0,0,0
249,129166,0,0,0,0,0,0,0,1,0,0,0,0,0
250,129687,0,0,0,0,0,0,0,1,0,0,0,0,0
251,130208,0,0,0,0,0,0,0,1,0,0,0,0,0
252,130729,0,0,0,0,0,0,0,1,0,0,0,0,0
253,131250,0,0,0,0,0,0,0,1,0,0,0,0,0
254,131770,0,0,0,0,0,0,0,1,0,0,0,0,0
255,132291,0,0,0,0,0,0,0,1,0,0,0,0,0
256,132812,0,0,0,0,0,0,0,1,0,0,0,0,0
257,133333,0,0,0,0,0,0,0,1,0,0,0,0,0
258,133854,0,0,0,0,0,0,0,1,0,0,0,0,0
259,134375,0,0,0,0,0,0,0,1,0,0,0,0,0
260,134895,0,0,0,0,0,0,0,1,0,0,0,0,0
261,135416,0,0,0,0,0,0,0,1,0,0,0,0,0
262,135937,0,0,0,0,0,0,0,1,0,0,0,0,0
263,136458,0,0,0,0,0,0,0,1,0,0,0,0,0
264,136979,0,0,0,0,0,0,0,1,0,0,0,0,0
265,137500,0,0,0,0,0,0,0,1,0,0,0,0,0
266,138020,0,0,0,0,0,0,0,1,0,0,0,0,0
267,138541,0,0,0,0,0,0,0,1,0,0,0,0,0
268,139062,0,0,0,0,0,0,0,1,0,0,0,0,0
269,139583,0,0,0,0,0,0,0,1,0,0,0,0,0
270,140104,0,0,0,0,0,0,0,1,0,0,0,0,0
271,140625,0,0,0,0,0,0,0,1,0,0,0,0,0
272,141145,0,0,0,0,0,0,0,1,0,0,0,0,0
273,141666,0,0,0,0,0,0,0,1,0,0,0,0,0
274,142187,0,0,0,0,0,0,0,1,0,0,0,0,0
275,142708,0,0,0,0,0,0,0,1,0,0,0,0,0
276,143229,0,0,0,0,0,0,0,1,0,0,0,0,0
277,143750,0,0,0,0,0,0,0,1,0,0,0,0,0
278,144270,0,0,0,0,0,0,0,1,0,0,0,0,0
279,144791,0,0,0,0,0,0,0,1,0,0,0,0,0
280,145312,0,0,0,0,0,0,0,1,0,0,0,0,0
281,145833,0,0,0,0,0,0,0,1,0,0,0,0,0
282,146354,0,0,0,0,0,0,0,1,0,0,0,0,0
283,146875,0,0,0,0,0,0,0,1,0,0,0,0,0
284,147395,0,0,0,0,0,0,0,1,0,0,0,0,0
285,147916,0,0,0,0,0,0,0,1,0,0,0,0,0
286,148437,0,0,0,0,0,0,0,1,0,0,0,0,0
287,148958,0,0,0,0,0,0,0,1,0,0,0,0,0
288,149479,0,0,0,0,0,0,0,1,0,0,0,0,0
289,150000,0,0,0,0,0,0,0,1,0,0,0,0,0
290,150520,0,0,0,0,0,0,0,1,0,0,0,0,0
291,151041,0,0,0,0,0,0,0,1,0,0,0,0,0
292,151562,0,0,0,0,0,0,0,1,0,0,0,0,0
293,152083,0,0,0,0,0,0,0,1,0,0,0,0,0
294,152604,0,0,0,0,0,0,0,1,0,0,0,0,0
295,153125,0,0,0,0,0,0,0,1,0,0,0,0,0
296,153645,0,0,0,0,0,0,0,1,0,0,0,0,0
297,154166,0,0,0,0,0,0,0,1,0,0,0,0,0
298,154687,0,0,0,0,0,0,0,1,0,0,0,0,0
299,155208,0,0,0,0,0,0,0,1,0,0,0,0,0
300,155729,0,0,0,0,0,0,0,1,0,0,0,0,0
301,156250,0,0,0,0,0,0,0,1,0,0,0,0,0
302,156770,0,0,0,0,0,0,0,1,0,0,0,0,0
303,157291,0,0,0,0,0,0,0,1,0,0,0,0,0
304,157812,0,0,0,0,0,0,0,1,0,0,0,0,0
305,158333,0,0,0,0,0,0,0,1,0,0,0,0,0
306,158854,0,0,0,0,0,0,0,1,0,0,0,0,0
307,159375,0,0,0,0,0,0,0,1,0,0,0,0,0
308,159895,0,0,0,0,0,0,0,1,0,0,0,0,0
309,160416,0,0,0,0,0,0,0,1,0,0,0,0,0
310,160937,0,0,0,0,0,0,0,1,0,0,0,0,0
311,161458,0,0,0,0,0,0,0,1,0,0,0,0,0
312,161979,0,0,0,0,0,0,0,1,0,0,0,0,0
313,162500,0,0,0,0,0,0,0,1,0,0,0,0,0
314,163020,0,0,0,0,0,0,0,1,0,0,0,0,0
315,163541,0,0,0,0,0,0,0,1,0,0,0,0,0
316,164062,0,0,0,0,0,0,0,1,0,0,0,0,0
317,164583,0,0,0,0,0,0,0,1,0,0,0,0,0
318,165104,0,0,0,0,0,0,0,1,0,0,0,0,0
319,165625,0,0,0,0,0,0,0,1,0,0,0,0,0
320,166145,0,0,0,0,0,0,0,1,0,0,0,0,0
321,166666,0,0,0,0,0,0,0,1,0,0,0,0,0
322,167187,0,0,0,0,0,0,0,1,0,0,0,0,0
323,167708,0,0,0,0,0,0,0,1,0,0,0,0,0
324,168229,0,0,0,0,0,0,0,1,0,0,0,0,0
325,168750,0,0,0,0,0,0,0,1,0,0,0,0,0
326,169270,0,0,0,0,0,0,0,1,0,0,0,0,0
327,169791,0,0,0,0,0,0,0,1,0,0,0,0,0
328,170312,0,0,0,0,0,0,0,1,0,0,0,0,0
329,170833,0,0,0,0,0,0,0,1,0,0,0,0,0
330,171354,0,0,0,0,0,0,0,1,0,0,0,0,0
331,171875,0,0,0,0,0,0,0,1,0,0,0,0,0
332,172395,0,0,0,0,0,0,0,1,0,0,0,0,0
333,172916,0,0,0,0,0,0,0,1,0,0,0,0,0
334,173437,0,0,0,0,0,0,0,1,0,0,0,0,0
335,173958,0,0,0,0,0,0,0,1,0,0,0,0,0
336,174479,0,0,0,0,0,0,0,1,0,0,0,0,0
337,175000,0,0,0,0,0,0,0,1,0,0,0,0,0
338,175520,0,0,0,0,0,0,0,1,0,0,0,0,0
339,176041,0,0,0,0,0,0,0,1,0,0,0,0,0
340,176562,0,0,0,0,0,0,0,1,0,0,0,0,0
341,177083,0,0,0,0,0,0,0,1,0,0,0,0,0
342,177604,0,0,0,0,0,0,0,1,0,0,0,0,0
343,178125,0,0,0,0,0,0,0,1,0,0,0,0,0
344,178645,0,0,0,0,0,0,0,1,0,0,0,0,0
345,179166,0,0,0,0,0,0,0,1,0,0,0,0,0
346,179687,0,0,0,0,0,0,0,1,0,0,0,0,0
347,180208,0,0,0,0,0,0,0,1,0,0,0,0,0
348,180729,0,0,0,0,0,0,0,1,0,0,0,0,0
349,181250,0,0,0,0,0,0,0,1,0,0,0,0,0
350,181770,0,0,0,0,0,0,0,1,0,0,0,0,0
351,182291,0,0,0,0,0,0,0,1,0,0,0,0,0
352,182812,0,0,0,0,0,0,0,1,0,0,0,0,0
353,183333,0,0,0,0,0,0,0,1,0,0,0,0,0
354,183854,0,0,0,0,0,0,0,1,0,0,0,0,0
355,184375,0,0,0,0,0,0,0,1,0,0,0,0,0
356,184895,0,0,0,0,0,0,0,1,0,0,0,0,0
357,185416,0,0,0,0,0,0,0,1,0,0,0,0,0
358,185937,0,0,0,0,0,0,0,1,0,0,0,0,0
359,186458,0,0,0,0,0,0,0,1,0,0,0,0,0
360,186979,0,0,0,0,0,0,0,1,0,0,0,0,0
361,187500,0,0,0,0,0,0,0,1,0,0,0,0,0
362,188020,0,0,0,0,0,0,0,1,0,0,0,0,0
363,188541,0,0,0,0,0,0,0,1,0,0,0,0,0
364,189062,0,0,0,0,0,0,0,1,0,0,0,0,0
365,189583,0,0,0,0,0,0,0,1,0,0,0,0,0
366,190104,0,0,0,0,0,0,0,1,0,0,0,0,0
367,190625,0,0,0,0,0,0,0,1,0,0,0,0,0
368,191145,0,0,0,0,0,0,0,1,0,0,0,0,0
369,191666,0,0,0,0,0,0,0,1,0,0,0,0,0
370,192187,0,0,0,0,0,0,0,1,0,0,0,0,0
371,192708,0,0,0,0,0,0,0,1,0,0,0,0,0
372,193229,0,0,0,0,0,0,0,1,0,0,0,0,0
373,193750,0,0,0,0,0,0,0,1,0,0,0,0,0
374,194270,0,0,0,0,0,0,0,1,0,0,0,0,0
375,194791,0,0,0,0,0,0,0,1,0,0,0,0,0
376,195312,0,0,0,0,0,0,0,1,0,0,0,0,0
377,195833,0,0,0,0,0,0,0,1,0,0,0,0,0
378,196354,0,0,0,0,0,0,0,1,0,0,0,0,0
379,196875,0,0,0,0,0,0,0,1,0,0,0,0,0
380,197395,0,0,0,0,0,0,0,1,0,0,0,0,0
381,197916,0,0,0,0,0,0,0,1,0,0,0,0,0
382,198437,0,0,0,0,0,0,0,1,0,0,0,0,0
383,198958,0,0,0,0,0,0,0,1,0,0,0,0,0
384,199479,0,0,0,0,0,0,0,1,0,0,0,0,0
385,200000,0,0,0,0,0,0,0,1,0,0,0,0,0
386,200520,0,0,0,0,0,0,0,1,0,0,0,0,0
387,201041,0,0,0,0,0,0,0,1,0,0,0,0,0
388,201562,0,0,0,0,0,0,0,1,0,0,0,0,0
389,202083,0,0,0,0,0,0,0,1,0,0,0,0,0
390,202604,0,0,0,0,0,0,0,1,0,0,0,0,0
391,203125,0,0,0,0,0,0,0,1,0,0,0,0,0
392,203645,0,0,0,0,0,0,0,1,0,0,0,0,0
393,204166,0,0,0,0,0,0,0,1,0,0,0,0,0
394,204687,0,0,0,0,0,0,0,1,0,0,0,0,0
395,205208,0,0,0,0,0,0,0,1,0,0,0,0,0
396,205729,0,0,0,0,0,0,0,1,0,0,0,0,0
397,206250,0,0,0,0,0,0,0,1,0,0,0,0,0
398,206770,0,0,0,0,0,0,0,1,0,0,0,0,0
399,207291,0,0,0,0,0,0,0,1,0,0,0,0,0
400,207812,0,0,0,0,0,0,0,1,0,0,0,0,0
401,208333,0,0,0,0,0,0,0,1,0,0,0,0,0
402,208854,0,0,0,0,0,0,0,1,0,0,0,0,0
403,209375,0,0,0,0,0,0,0,1,0,0,0,0,0
404,209895,0,0,0,0,0,0,0,1,0,0,0,0,0
405,210416,0,0,0,0,0,0,0,1,0,0,0,0,0
406,210937,0,0,0,0,0,0,0,1,0,0,0,0,0
407,211458,0,0,0,0,0,0,0,1,0,0,0,0,0
408,211979,0,0,0,0,0,0,0,1,0,0,0,0,0
409,212500,0,0,0,0,0,0,0,1,0,0,0,0,0
410,213020,0,0,0,0,0,0,0,1,0,0,0,0,0
411,213541,0,0,0,0,0,0,0,1,0,0,0,0,0
412,214062,0,0,0,0,0,0,0,1,0,0,0,0,0
413,214583,0,0,0,0,0,0,0,1,0,0,0,0,0
414,215104,0,0,0,0,0,0,0,1,0,0,0,0,0
415,215625,0,0,0,0,0,0,0,1,0,0,0,0,0
416,216145,0,0,0,0,0,0,0,1,0,0,0,0,0
417,216666,0,0,0,0,0,0,0,1,0,0,0,0,0
418,217187,0,0,0,0,0,0,0,1,0,0,0,0,0
419,217708,0,0,0,0,0,0,0,1,0,0,0,0,0
420,218229,0,0,0,0,0,0,0,1,0,0,0,0,0
421,218750,0,0,0,0,0,0,0,1,0,0,0,0,0
422,219270,0,0,0,0,0,0,0,1,0,0,0,0,0
423,219791,0,0,0,0,0,0,0,1,0,0,0,0,0
424,220312,0,0,0,0,0,0,0,1,0,0,0,0,0
425,220833,0,0,0,0,0,0,0,1,0,0,0,0,0
426,221354,0,0,0,0,0,0,0,1,0,0,0,0,0
427,221875,0,0,0,0,0,0,0,1,0,0,0,0,0
428,222395,0,0,0,0,0,0,0,1,0,0,0,0,0
429,222916,0,0,0,0,0,0,0,1,0,0,0,0,0
430,223437,0,0,0,0,0,0,0,1,0,0,0,0,0
431,223958,0,0,0,0,0,0,0,1,0,0,0,0,0
432,224479,0,0,0,0,0,0,0,1,0,0,0,0,0
433,225000,0,0,0,0,0,0,0,1,0,0,0,0,0
434,225520,0,0,0,0,0,0,0,1,0,0,0,0,0
435,226041,0,0,0,0,0,0,0,1,0,0,0,0,0
436,226562,0,0,0,0,0,0,0,1,0,0,0,0,0
437,227083,0,0,0,0,0,0,0,1,0,0,0,0,0
438,227604,0,0,0,0,0,0,0,1,0,0,0,0,0
439,228125,0,0,0,0,0,0,0,1,0,0,0,0,0
440,228645,0,0,0,0,0,0,0,1,0,0,0,0,0
441,229166,0,0,0,0,0,0,0,1,0,0,0,0,0
442,229687,0,0,0,0,0,0,0,1,0,0,0,0,0
443,230208,0,0,0,0,0,0,0,1,0,0,0,0,0
444,230729,0,0,0,0,0,0,0,1,0,0,0,0,0
445,231250,0,0,0,0,0,0,0,1,0,0,0,0,0
446,231770,0,0,0,0,0,0,0,1,0,0,0,0,0
447,232291,0,0,0,0,0,0,0,1,0,0,0,0,0
448,232812,0,0,0,0,0,0,0,1,0,0,0,0,0
449,233333,0,0,0,0,0,0,0,1,0,0,0,0,0
450,233854,0,0,0,0,0,0,0,1,0,0,0,0,0
451,234375,0,0,0,0,0,0,0,1,0,0,0,0,0
452,234895,0,0,0,0,0,0,0,1,0,0,0,0,0
453,235416,0,0,0,0,0,0,0,1,0,0,0,0,0
454,235937,0,0,0,0,0,0,0,1,0,0,0,0,0
455,236458,0,0,0,0,0,0,0,1,0,0,0,0,0
456,236979,0,0,0,0,0,0,0,1,0,0,0,0,0
457,237500,0,0,0,0,0,0,0,1,0,0,0,0,0
458,238020,0,0,0,0,0,0,0,1,0,0,0,0,0
459,238541,0,0,0,0,0,0,0,1,0,0,0,0,0
460,239062,0,0,0,0,0,0,0,1,0,0,0,0,0
461,239583,0,0,0,0,0,0,0,1,0,0,0,0,0
462,240104,0,0,0,0,0,0,0,1,0,0,0,0,0
463,240625,0,0,0,0,0,0,0,1,0,0,0,0,0
464,241145,0,0,0,0,0,0,0,1,0,0,0,0,0
465,241666,0,0,0,0,0,0,0,1,0,0,0,0,0
466,242187,0,0,0,0,0,0,0,1,0,0,0,0,0
467,242708,0,0,0,0,0,0,0,1,0,0,0,0,0
468,243229,0,0,0,0,0,0,0,1,0,0,0,0,0
469,243750,0,0,0,0,0,0,0,1,0,0,0,0,0
470,244270,0,0,0,0,0,0,0,1,0,0,0,0,0
471,244791,0,0,0,0,0,0,0,1,0,0,0,0,0
472,245312,0,0,0,0,0,0,0,1,0,0,0,0,0
473,245833,0,0,0,0,0,0,0,1,0,0,0,0,0
474,246354,0,0,0,0,0,0,0,1,0,0,0,0,0
475,246875,0,0,0,0,0,0,0,1,0,0,0,0,0
476,247395,0,0,0,0,0,0,0,1,0,0,0,0,0
477,247916,0,0,0,0,0,0,0,1,0,0,0,0,0
478,248437,0,0,0,0,0,0,0,1,0,0,0,0,0
479,248958,0,0,0,0,0,0,0,1,0,0,0,0,0
480,249479,0,0,0,0,0,0,0,1,0,0,0,0,0
481,250000,0,0,0,0,0,0,0,1,0,0,0,0,0
482,250520,0,0,0,0,0,0,0,1,0,0,0,0,0
483,251041,0,0,0,0,0,0,0,1,0,0,0,0,0
484,251562,0,0,0,0,0,0,0,1,0,0,0,0,0
485,252083,0,0,0,0,0,0,0,1,0,0,0,0,0
486,252604,0,0,0,0,0,0,0,1,0,0,0,0,0
487,253125,0,0,0,0,0,0,0,1,0,0,0,0,0
488,253645,0,0,0,0,0,0,0,1,0,0,0,0,0
489,254166,0,0,0,0,0,0,0,1,0,0,0,0,0
490,254687,0,0,0,0,0,0,0,1,0,0,0,0,0
491,255208,0,0,0,0,0,0,0,1,0,0,0,0,0
492,255729,0,0,0,0,0,0,0,1,0,0,0,0,0
493,256249,0,0,0,0,0,0,0,1,0,0,0,0,0
494,256770,0,0,0,0,0,0,0,1,0,0,0,0,0
495,257291,0,0,0,0,0,0,0,1,0,0,0,0,0
496,257812,0,0,0,0,0,0,0,1,0,0,0,0,0
497,258333,0,0,0,0,0,0,0,1,0,0,0,0,0
498,258854,0,0,0,0,0,0,0,1,0,0,0,0,0
499,259375,0,0,0,0,0,0,0,1,0,0,0,0,0
500,259895,0,0,0,0,0,0,0,1,0,0,0,0,0
501,260416,0,0,0,0,0,0,0,1,0,0,0,0,0
502,260937,0,0,0,0,0,0,0,1,0,0,0,0,0
503,261458,0,0,0,0,0,0,0,1,0,0,0,0,0
504,261979,0,0,0,0,0,0,0,1,0,0,0,0,0
505,262500,0,0,0,0,0,0,0,1,0,0,0,0,0
506,263020,0,0,0,0,0,0,0,1,0,0,0,0,0
507,263541,0,0,0,0,0,0,0,1,0,0,0,0,0
508,264062,0,0,0,0,0,0,0,1,0,0,0,0,0
509,264583,0,0,0,0,0,0,0,1,0,0,0,0,0
510,265104,0,0,0,0,0,0,0,1,0,0,0,0,0
511,265625,0,0,0,0,0,0,0,1,0,0,0,0,0
512,266145,0,0,0,0,0,0,0,1,0,0,0,0,0
513,266666,0,0,0,0,0,0,0,1,0,0,0,0,0
514,267187,0,0,0,0,0,0,0,1,0,0,0,0,0
515,267708,0,0,0,0,0,0,0,1,0,0,0,0,0
516,268229,0,0,0,0,0,0,0,1,0,0,0,0,0
517,268750,0,0,0,0,0,0,0,1,0,0,0,0,0
518,269270,0,0,0,0,0,0,0,1,0,0,0,0,0
519,269791,0,0,0,0,0,0,0,1,0,0,0,0,0
520,270312,0,0,0,0,0,0,0,1,0,0,0,0,0
521,270833,0,0,0,0,0,0,0,1,0,0,0,0,0
522,271354,0,0,0,0,0,0,0,1,0,0,0,0,0
523,271875,0,0,0,0,0,0,0,1,0,0,0,0,0
524,272395,0,0,0,0,0,0,0,1,0,0,0,0,0
525,272916,0,0,0,0,0,0,0,1,0,0,0,0,0
526,273437,0,0,0,0,0,0,0,1,0,0,0,0,0
527,273958,0,0,0,0,0,0,0,1,0,0,0,0,0
528,274479,0,0,0,0,0,0,0,1,0,0,0,0,0
529,275000,0,0,0,0,0,0,0,1,0,0,0,0,0
530,275520,0,0,0,0,0,0,0,1,0,0,0,0,0
531,276041,0,0,0,0,0,0,0,1,0,0,0,0,0
532,276562,0,0,0,0,0,0,0,1,0,0,0,0,0
533,277083,0,0,0,0,0,0,0,1,0,0,0,0,0
534,277604,0,0,0,0,0,0,0,1,0,0,0,0,0
535,278125,0,0,0,0,0,0,0,1,0,0,0,0,0
536,278645,0,0,0,0,0,0,0,1,0,0,0,0,0
537,279166,0,0,0,0,0,0,0,1,0,0,0,0,0
538,279687,0,0,0,0,0,0,0,1,0,0,0,0,0
539,280208,0,0,0,0,0,0,0,1,0,0,0,0,0
540,280729,0,0,0,0,0,0,0,1,0,0,0,0,0
541,281250,0,0,0,0,0,0,0,1,0,0,0,0,0
542,281770,0,0,0,0,0,0,0,1,0,0,0,0,0
543,282291,0,0,0,0,0,0,0,1,0,0,0,0,0
544,282812,0,0,0,0,0,0,0,1,0,0,0,0,0
545,283333,0,0,0,0,0,0,0,1,0,0,0,0,0
546,283854,0,0,0,0,0,0,0,1,0,0,0,0,0
547,284375,0,0,0,0,0,0,0,1,0,0,0,0,0
548,284895,0,0,0,0,0,0,0,1,0,0,0,0,0
549,285416,0,0,0,0,0,0,0,1,0,0,0,0,0
550,285937,0,0,0,0,0,0,0,1,0,0,0,0,0
551,286458,0,0,0,0,0,0,0,1,0,0,0,0,0
552,286979,0,0,0,0,0,0,0,1,0,0,0,0,0
553,287500,0,0,0,0,0,0,0,1,0,0,0,0,0
554,288020,0,0,0,0,0,0,0,1,0,0,0,0,0
555,288541,0,0,0,0,0,0,0,1,0,0,0,0,0
556,289062,0,0,0,0,0,0,0,1,0,0,0,0,0
557,289583,0,0,0,0,0,0,0,1,0,0,0,0,0
558,290104,0,0,0,0,0,0,0,1,0,0,0,0,0
559,290625,0,0,0,0,0,0,0,1,0,0,0,0,0
560,291145,0,0,0,0,0,0,0,1,0,0,0,0,0
561,291666,0,0,0,0,0,0,0,1,0,0,0,0,0
562,292187,0,0,0,0,0,0,0,1,0,0,0,0,0
563,292708,0,0,0,0,0,0,0,1,0,0,0,0,0
564,293229,0,0,0,0,0,0,0,1,0,0,0,0,0
565,293750,0,0,0,0,0,0,0,1,0,0,0,0,0
566,294270,0,0,0,0,0,0,0,1,0,0,0,0,0
567,294791,0,0,0,0,0,0,0,1,0,0,0,0,0
568,295312,0,0,0,0,0,0,0,1,0,0,0,0,0
569,295833,0,0,0,0,0,0,0,1,0,0,0,0,0
570,296354,0,0,0,0,0,0,0,1,0,0,0,0,0
571,296875,0,0,0,0,0,0,0,1,0,0,0,0,0
572,297395,0,0,0,0,0,0,0,1,0,0,0,0,0
573,297916,0,0,0,0,0,0,0,1,0,0,0,0,0
574,298437,0,0,0,0,0,0,0,1,0,0,0,0,0
575,298958,0,0,0,0,0,0,0,1,0,0,0,0,0
576,299479,0,0,0,0,0,0,0,1,0,0,0,0,0
577,300000,0,0,0,0,0,0,0,1,0,0,0,0,0
578,300520,0,0,0,0,0,0,0,1,0,0,0,0,0
579,301041,0,0,0,0,0,0,0,1,0,0,0,0,0
580,301562,0,0,0,0,0,0,0,1,0,0,0,0,0
581,302083,0,0,0,0,0,0,0,1,0,0,0,0,0
582,302604,0,0,0,0,0,0,0,1,0,0,0,0,0
583,303125,0,0,0,0,0,0,0,1,0,0,0,0,0
584,303645,0,0,0,0,0,0,0,1,0,0,0,0,0
585,304166,0,0,0,0,0,0,0,1,0,0,0,0,0
586,304687,0,0,0,0,0,0,0,1,0,0,0,0,0
587,305208,0,0,0,0,0,0,0,1,0,0,0,0,0
588,305729,0,0,0,0,0,0,0,1,0,0,0,0,0
589,306250,0,0,0,0,0,0,0,1,0,0,0,0,0
590,306770,0,0,0,0,0,0,0,1,0,0,0,0,0
591,307291,0,0,0,0,0,0,0,1,0,0,0,0,0
592,307812,0,0,0,0,0,0,0,1,0,0,0,0,0
593,308333,0,0,0,0,0,0,0,1,0,0,0,0,0
594,308854,0,0,0,0,0,0,0,1,0,0,0,0,0
595,309375,0,0,0,0,0,0,0,1,0,0,0,0,0
596,309895,0,0,0,0,0,0,0,1,0,0,0,0,0
597,310416,0,0,0,0,0,0,0,1,0,0,0,0,0
598,310937,0,0,0,0,0,0,0,1,0,0,0,0,0
599,311458,0,0,0,0,0,0,0,1,0,0,0,0,0
600,311979,0,0,0,0,0,0,0,1,0,0,0,0,0
601,312500,0,0,0,0,0,0,0,1,0,0,0,0,0
602,313020,0,0,0,0,0,0,0,1,0,0,0,0,0
603,313541,0,0,0,0,0,0,0,1,0,0,0,0,0
604,314062,0,0,0,0,0,0,0,1,0,0,0,0,0
605,314583,0,0,0,0,0,0,0,1,0,0,0,0,0
606,315104,0,0,0,0,0,0,0,1,0,0,0,0,0
607,315625,0,0,0,0,0,0,0,1,0,0,0,0,0
608,316145,0,0,0,0,0,0,0,1,0,0,0,0,0
609,316666,0,0,0,0,0,0,0,1,0,0,0,0,0
610,317187,0,0,0,0,0,0,0,1,0,0,0,0,0
611,317708,0,0,0,0,0,0,0,1,0,0,0,0,0
612,318229,0,0,0,0,0,0,0,1,0,0,0,0,0
613,318750,0,0,0,0,0,0,0,1,0,0,0,0,0
614,319270,0,0,0,0,0,0,0,1,0,0,0,0,0
615,319791,0,0,0,0,0,0,0,1,0,0,0,0,0
616,320312,0,0,0,0,0,0,0,1,0,0,0,0,0
617,320833,0,0,0,0,0,0,0,1,0,0,0,0,0
618,321354,0,0,0,0,0,0,0,1,0,0,0,0,0
619,321875,0,0,0,0,0,0,0,1,0,0,0,0,0
620,322395,0,0,0,0,0,0,0,1,0,0,0,0,0
621,322916,0,0,0,0,0,0,0,1,0,0,0,0,0
622,323437,0,0,0,0,0,0,0,1,0,0,0,0,0
623,323958,0,0,0,0,0,0,0,1,0,0,0,0,0
624,324479,0,0,0,0,0,0,0,1,0,0,0,0,0
625,325000,0,0,0,0,0,0,0,1,0,0,0,0,0
626,325520,0,0,0,0,0,0,0,1,0,0,0,0,0
627,326041,0,0,0,0,0,0,0,1,0,0,0,0,0
628,326562,0,0,0,0,0,0,0,1,0,0,0,0,0
629,327083,0,0,0,0,0,0,0,1,0,0,0,0,0
630,327604,0,0,0,0,0,0,0,1,0,0,0,0,0
631,328125,0,0,0,0,0,0,0,1,0,0,0,0,0
632,328645,0,0,0,0,0,0,0,1,0,0,0,0,0
633,329166,0,0,0,0,0,0,0,1,0,0,0,0,0
634,329687,0,0,0,0,0,0,0,1,0,0,0,0,0
635,330208,0,0,0,0,0,0,0,1,0,0,0,0,0
636,330729,0,0,0,0,0,0,0,1,0,0,0,0,0
637,331250,0,0,0,0,0,0,0,1,0,0,0,0,0
638,331770,0,0,0,0,0,0,0,1,0,0,0,0,0
639,332291,0,0,0,0,0,0,0,1,0,0,0,0,0
640,332812,0,0,0,0,0,0,0,1,0,0,0,0,0
641,333333,0,0,0,0,0,0,0,1,0,0,0,0,0
642,333854,0,0,0,0,0,0,0,1,0,0,0,0,0
643,334375,0,0,0,0,0,0,0,1,0,0,0,0,0
644,334895,0,0,0,0,0,0,0,1,0,0,0,0,0
645,335416,0,0,0,0,0,0,0,1,0,0,0,0,0
646,335937,0,0,0,0,0,0,0,1,0,0,0,0,0
647,336458,0,0,0,0,0,0,0,1,0,0,0,0,0
648,336979,0,0,0,0,0,0,0,1,0,0,0,0,0
649,337500,0,0,0,0,0,0,0,1,0,0,0,0,0
650,338020,0,0,0,0,0,0,0,1,0,0,0,0,0
651,338541,0,0,0,0,0,0,0,1,0,0,0,0,0
652,339062,0,0,0,0,0,0,0,1,0,0,0,0,0
653,339583,0,0,0,0,0,0,0,1,0,0,0,0,0
654,340104,0,0,0,0,0,0,0,1,0,0,0,0,0
655,340625,0,0,0,0,0,0,0,1,0,0,0,0,0
656,341145,0,0,0,0,0,0,0,1,0,0,0,0,0
657,341666,0,0,0,0,0,0,0,1,0,0,0,0,0
658,342187,0,0,0,0,0,0,0,1,0,0,0,0,0
659,342708,0,0,0,0,0,0,0,1,0,0,0,0,0
660,343229,0,0,0,0,0,0,0,1,0,0,0,0,0
661,343750,0,0,0,0,0,0,0,1,0,0,0,0,0
662,344270,0,0,0,0,0,0,0,1,0,0,0,0,0
663,344791,0,0,0,0,0,0,0,1,0,0,0,0,0
664,345312,0,0,0,0,0,0,0,1,0,0,0,0,0
665,345833,0,0,0,0,0,0,0,1,0,0,0,0,0
666,346354,0,0,0,0,0,0,0,1,0,0,0,0,0
667,346875,0,0,0,0,0,0,0,1,0,0,0,0,0
668,347395,0,0,0,0,0,0,0,1,0,0,0,0,0
669,347916,0,0,0,0,0,0,0,1,0,0,0,0,0
670,348437,0,0,0,0,0,0,0,1,0,0,0,0,0
671,348958,0,0,0,0,0,0,0,1,0,0,0,0,0
672,349479,0,0,0,0,0,0,0,1,0,0,0,0,0
673,350000,0,0,0,0,0,0,0,1,0,0,0,0,0
674,350520,0,0,0,0,0,0,0,1,0,0,0,0,0
675,351041,0,0,0,0,0,0,0,1,0,0,0,0,0
676,351562,0,0,0,0,0,0,0,1,0,0,0,0,0
677,352083,0,0,0,0,0,0,0,1,0,0,0,0,0
678,352604,0,0,0,0,0,0,0,1,0,0,0,0,0
679,353125,0,0,0,0,0,0,0,1,0,0,0,0,0
680,353645,0,0,0,0,0,0,0,1,0,0,0,0,0
681,354166,0,0,0,0,0,0,0,1,0,0,0,0,0
682,354687,0,0,0,0,0,0,0,1,0,0,0,0,0
683,355208,0,0,0,0,0,0,0,1,0,0,0,0,0
684,355729,0,0,0,0,0,0,0,1,0,0,0,0,0
685,356250,0,0,0,0,0,0,0,1,0,0,0,0,0
686,356770,0,0,0,0,0,0,0,1,0,0,0,0,0
687,357291,0,0,0,0,0,0,0,1,0,0,0,0,0
688,357812,0,0,0,0,0,0,0,1,0,0,0,0,0
689,358333,0,0,0,0,0,0,0,1,0,0,0,0,0
690,358854,0,0,0,0,0,0,0,1,0,0,0,0,0
691,359375,0,0,0,0,0,0,0,1,0,0,0,0,0
692,359895,0,0,0,0,0,0,0,1,0,0,0,0,0
693,360416,0,0,0,0,0,0,0,1,0,0,0,0,0
694,360937,0,0,0,0,0,0,0,1,0,0,0,0,0
695,361458,0,0,0,0,0,0,0,1,0,0,0,0,0
696,361979,0,0,0,0,0,0,0,1,0,0,0,0,0
697,362500,0,0,0,0,0,0,0,1,0,0,0,0,0
698,363020,0,0,0,0,0,0,0,1,0,0,0,0,0
699,363541,0,0,0,0,0,0,0,1,0,0,0,0,0
700,364062,0,0,0,0,0,0,0,1,0,0,0,0,0
701,364583,0,0,0,0,0,0,0,1,0,0,0,0,0
702,365104,0,0,0,0,0,0,0,1,0,0,0,0,0
703,365625,0,0,0,0,0,0,0,1,0,0,0,0,0
704,366145,0,0,0,0,0,0,0,1,0,0,0,0,0
705,366666,0,0,0,0,0,0,0,1,0,0,0,0,0
706,367187,0,0,0,0,0,0,0,1,0,0,0,0,0
707,367708,0,0,0,0,0,0,0,1,0,0,0,0,0
708,368229,0,0,0,0,0,0,0,1,0,0,0,0,0
709,368750,0,0,0,0,0,0,0,1,0,0,0,0,0
710,369270,0,0,0,0,0,0,0,1,0,0,0,0,0
711,369791,0,0,0,0,0,0,0,1,0,0,0,0,0
712,370312,0,0,0,0,0,0,0,1,0,0,0,0,0
713,370833,0,0,0,0,0,0,0,1,0,0,0,0,0
714,371354,0,0,0,0,0,0,0,1,0,0,0,0,0
715,371875,0,0,0,0,0,0,0,1,0,0,0,0,0
716,372395,0,0,0,0,0,0,0,1,0,0,0,0,0
717,372916,0,0,0,0,0,0,0,1,0,0,0,0,0
718,373437,0,0,0,0,0,0,0,1,0,0,0,0,0
719,373958,0,0,0,0,0,0,0,1,0,0,0,0,0
720,374479,0,0,0,0,0,0,0,1,0,0,0,0,0
721,375000,0,0,0,0,0,0,0,1,0,0,0,0,0
722,375520,0,0,0,0,0,0,0,1,0,0,0,0,0
723,376041,0,0,0,0,0,0,0,1,0,0,0,0,0
724,376562,0,0,0,0,0,0,0,1,0,0,0,0,0
725,377083,0,0,0,0,0,0,0,1,0,0,0,0,0
726,377604,0,0,0,0,0,0,0,1,0,0,0,0,0
727,378125,0,0,0,0,0,0,0,1,0,0,0,0,0
728,378645,0,0,0,0,0,0,0,1,0,0,0,0,0
729,379166,0,0,0,0,0,0,0,1,0,0,0,0,0
730,379687,0,0,0,0,0,0,0,1,0,0,0,0,0
731,380208,0,0,0,0,0,0,0,1,0,0,0,0,0
732,380729,0,0,0,0,0,0,0,1,0,0,0,0,0
733,381250,0,0,0,0,0,0,0,1,0,0,0,0,0
734,381770,0,0,0,0,0,0,0,1,0,0,0,0,0
735,382291,0,0,0,0,0,0,0,1,0,0,0,0,0
736,382812,0,0,0,0,0,0,0,1,0,0,0,0,0
737,383333,0,0,0,0,0,0,0,1,0,0,0,0,0
738,383854,0,0,0,0,0,0,0,1,0,0,0,0,0
739,384375,0,0,0,0,0,0,0,1,0,0,0,0,0
740,384895,0,0,0,0,0,0,0,1,0,0,0,0,0
741,385416,0,0,0,0,0,0,0,1,0,0,0,0,0
742,385937,0,0,0,0,0,0,0,1,0,0,0,0,0
743,386458,0,0,0,0,0,0,0,1,0,0,0,0,0
744,386979,0,0,0,0,0,0,0,1,0,0,0,0,0
745,387500,0,0,0,0,0,0,0,1,0,0,0,0,0
746,388020,0,0,0,0,0,0,0,1,0,0,0,0,0
747,388541,0,0,0,0,0,0,0,1,0,0,0,0,0
748,389062,0,0,0,0,0,0,0,1,0,0,0,0,0
749,389583,0,0,0,0,0,0,0,1,0,0,0,0,0
750,390104,0,0,0,0,0,0,0,1,0,0,0,0,0
751,390625,0,0,0,0,0,0,0,1,0,0,0,0,0
752,391145,0,0,0,0,0,0,0,1,0,0,0,0,0
753,391666,0,0,0,0,0,0,0,1,0,0,0,0,0
754,392187,0,0,0,0,0,0,0,1,0,0,0,0,0
755,392708,0,0,0,0,0,0,0,1,0,0,0,0,0
756,393229,0,0,0,0,0,0,0,1,0,0,0,0,0
757,393750,0,0,0,0,0,0,0,1,0,0,0,0,0
758,394270,0,0,0,0,0,0,0,1,0,0,0,0,0
759,394791,0,0,0,0,0,0,0,1,0,0,0,0,0
760,395312,0,0,0,0,0,0,0,1,0,0,0,0,0
761,395833,0,0,0,0,0,0,0,1,0,0,0,0,0
762,396354,0,0,0,0,0,0,0,1,0,0,0,0,0
763,396875,0,0,0,0,0,0,0,1,0,0,0,0,0
764,397395,0,0,0,0,0,0,0,1,0,0,0,0,0
765,397916,0,0,0,0,0,0,0,1,0,0,0,0,0
766,398437,0,0,0,0,0,0,0,1,0,0,0,0,0
767,398958,0,0,0,0,0,0,0,1,0,0,0,0,0
768,399479,0,0,0,0,0,0,0,1,0,0,0,0,0
769,400000,0,0,0,0,0,0,0,1,0,0,0,0,0
770,400520,0,0,0,0,0,0,0,1,0,0,0,0,0
771,401041,0,0,0,0,0,0,0,1,0,0,0,0,0
772,401562,0,0,0,0,0,0,0,1,0,0,0,0,0
773,402083,0,0,0,0,0,0,0,1,0,0,0,0,0
774,402604,0,0,0,0,0,0,0,1,0,0,0,0,0
775,403125,0,0,0,0,0,0,0,1,0,0,0,0,0
776,403645,0,0,0,0,0,0,0,1,0,0,0,0,0
777,404166,0,0,0,0,0,0,0,1,0,0,0,0,0
778,404687,0,0,0,0,0,0,0,1,0,0,0,0,0
779,405208,0,0,0,0,0,0,0,1,0,0,0,0,0
780,405729,0,0,0,0,0,0,0,1,0,0,0,0,0
781,406250,0,0,0,0,0,0,0,1,0,0,0,0,0
782,406770,0,0,0,0,0,0,0,1,0,0,0,0,0
783,407291,0,0,0,0,0,0,0,1,0,0,0,0,0
784,407812,0,0,0,0,0,0,0,1,0,0,0,0,0
785,408333,0,0,0,0,0,0,0,1,0,0,0,0,0
786,408854,0,0,0,0,0,0,0,1,0,0,0,0,0
787,409375,0,0,0,0,0,0,0,1,0,0,0,0,0
788,409895,0,0,0,0,0,0,0,1,0,0,0,0,0
789,410416,0,0,0,0,0,0,0,1,0,0,0,0,0
790,410937,0,0,0,0,0,0,0,1,0,0,0,0,0
791,411458,0,0,0,0,0,0,0,1,0,0,0,0,0
792,411979,0,0,0,0,0,0,0,1,0,0,0,0,0
793,412500,0,0,0,0,0,0,0,1,0,0,0,0,0
794,413020,0,0,0,0,0,0,0,1,0,0,0,0,0
795,413541,0,0,0,0,0,0,0,1,0,0,0,0,0
796,414062,0,0,0,0,0,0,0,1,0,0,0,0,0
797,414583,0,0,0,0,0,0,0,1,0,0,0,0,0
798,415104,0,0,0,0,0,0,0,1,0,0,0,0,0
799,415625,0,0,0,0,0,0,0,1,0,0,0,0,0
800,416145,0,0,0,0,0,0,0,1,0,0,0,0,0
801,416666,0,0,0,0,0,0,0,1,0,0,0,0,0
802,417187,0,0,0,0,0,0,0,1,0,0,0,0,0
803,417708,0,0,0,0,0,0,0,1,0,0,0,0,0
804,418229,0,0,0,0,0,0,0,1,0,0,0,0,0
805,418750,0,0,0,0,0,0,0,1,0,0,0,0,0
806,419270,0,0,0,0,0,0,0,1,0,0,0,0,0
807,419791,0,0,0,0,0,0,0,1,0,0,0,0,0
808,420312,0,0,0,0,0,0,0,1,0,0,0,0,0
809,420833,0,0,0,0,0,0,0,1,0,0,0,0,0
810,421354,0,0,0,0,0,0,0,1,0,0,0,0,0
811,421875,0,0,0,0,0,0,0,1,0,0,0,0,0
812,422395,0,0,0,0,0,0,0,1,0,0,0,0,0
813,422916,0,0,0,0,0,0,0,1,0,0,0,0,0
814,423437,0,0,0,0,0,0,0,1,0,0,0,0,0
815,423958,0,0,0,0,0,0,0,1,0,0,0,0,0
816,424479,0,0,0,0,0,0,0,1,0,0,0,0,0
817,425000,0,0,0,0,0,0,0,1,0,0,0,0,0
818,425520,0,0,0,0,0,0,0,1,0,0,0,0,0
819,426041,0,0,0,0,0,0,0,1,0,0,0,0,0
820,426562,0,0,0,0,0,0,0,1,0,0,0,0,0
821,427083,0,0,0,0,0,0,0,1,0,0,0,0,0
822,427604,0,0,0,0,0,0,0,1,0,0,0,0,0
823,428125,0,0,0,0,0,0,0,1,0,0,0,0,0
824,428645,0,0,0,0,0,0,0,1,0,0,0,0,0
825,429166,0,0,0,0,0,0,0,1,0,0,0,0,0
826,429687,0,0,0,0,0,0,0,1,0,0,0,0,0
827,430208,0,0,0,0,0,0,0,1,0,0,0,0,0
828,430729,0,0,0,0,0,0,0,1,0,0,0,0,0
829,431250,0,0,0,0,0,0,0,1,0,0,0,0,0
830,431770,0,0,0,0,0,0,0,1,0,0,0,0,0
831,432291,0,0,0,0,0,0,0,1,0,0,0,0,0
832,432812,0,0,0,0,0,0,0,1,0,0,0,0,0
833,433333,0,0,0,0,0,0,0,1,0,0,0,0,0
834,433854,0,0,0,0,0,0,0,1,0,0,0,0,0
835,434375,0,0,0,0,0,0,0,1,0,0,0,0,0
836,434895,0,0,0,0,0,0,0,1,0,0,0,0,0
837,435416,0,0,0,0,0,0,0,1,0,0,0,0,0
838,435937,0,0,0,0,0,0,0,1,0,0,0,0,0
839,436458,0,0,0,0,0,0,0,1,0,0,0,0,0
840,436979,0,0,0,0,0,0,0,1,0,0,0,0,0
841,437500,0,0,0,0,0,0,0,1,0,0,0,0,0
842,438020,0,0,0,0,0,0,0,1,0,0,0,0,0
843,438541,0,0,0,0,0,0,0,1,0,0,0,0,0
844,439062,0,0,0,0,0,0,0,1,0,0,0,0,0
845,439583,0,0,0,0,0,0,0,1,0,0,0,0,0
846,440104,0,0,0,0,0,0,0,1,0,0,0,0,0
847,440625,0,0,0,0,0,0,0,1,0,0,0,0,0
848,441145,0,0,0,0,0,0,0,1,0,0,0,0,0
849,441666,0,0,0,0,0,0,0,1,0,0,0,0,0
850,442187,0,0,0,0,0,0,0,1,0,0,0,0,0
851,442708,0,0,0,0,0,0,0,1,0,0,0,0,0
852,443229,0,0,0,0,0,0,0,1,0,0,0,0,0
853,443750,0,0,0,0,0,0,0,1,0,0,0,0,0
854,444270,0,0,0,0,0,0,0,1,0,0,0,0,0
855,444791,0,0,0,0,0,0,0,1,0,0,0,0,0
856,445312,0,0,0,0,0,0,0,1,0,0,0,0,0
857,445833,0,0,0,0,0,0,0,1,0,0,0,0,0
858,446354,0,0,0,0,0,0,0,1,0,0,0,0,0
859,446875,0,0,0,0,0,0,0,1,0,0,0,0,0
860,447395,0,0,0,0,0,0,0,1,0,0,0,0,0
861,447916,0,0,0,0,0,0,0,1,0,0,0,0,0
862,448437,0,0,0,0,0,0,0,1,0,0,0,0,0
863,448958,0,0,0,0,0,0,0,1,0,0,0,0,0
864,449479,0,0,0,0,0,0,0,1,0,0,0,0,0
865,450000,0,0,0,0,0,0,0,1,0,0,0,0,0
866,450520,0,0,0,0,0,0,0,1,0,0,0,0,0
867,451041,0,0,0,0,0,0,0,1,0,0,0,0,0
868,451562,0,0,0,0,0,0,0,1,0,0,0,0,0
869,452083,0,0,0,0,0,0,0,1,0,0,0,0,0
870,452604,0,0,0,0,0,0,0,1,0,0,0,0,0
871,453125,0,0,0,0,0,0,0,1,0,0,0,0,0
872,453645,0,0,0,0,0,0,0,1,0,0,0,0,0
873,454166,0,0,0,0,0,0,0,1,0,0,0,0,0
874,454687,0,0,0,0,0,0,0,1,0,0,0,0,0
875,455208,0,0,0,0,0,0,0,1,0,0,0,0,0
876,455729,0,0,0,0,0,0,0,1,0,0,0,0,0
877,456250,0,0,0,0,0,0,0,1,0,0,0,0,0
878,456770,0,0,0,0,0,0,0,1,0,0,0,0,0
879,457291,0,0,0,0,0,0,0,1,0,0,0,0,0
880,457812,0,0,0,0,0,0,0,1,0,0,0,0,0
881,458333,0,0,0,0,0,0,0,1,0,0,0,0,0
882,458854,0,0,0,0,0,0,0,1,0,0,0,0,0
883,459375,0,0,0,0,0,0,0,1,0,0,0,0,0
884,459895,0,0,0,0,0,0,0,1,0,0,0,0,0
885,460416,0,0,0,0,0,0,0,1,0,0,0,0,0
886,460937,0,0,0,0,0,0,0,1,0,0,0,0,0
887,461458,0,0,0,0,0,0,0,1,0,0,0,0,0
888,461979,0,0,0,0,0,0,0,1,0,0,0,0,0
889,462500,0,0,0,0,0,0,0,1,0,0,0,0,0
890,463020,0,0,0,0,0,0,0,1,0,0,0,0,0
891,463541,0,0,0,0,0,0,0,1,0,0,0,0,0
892,464062,0,0,0,0,0,0,0,1,0,0,0,0,0
893,464583,0,0,0,0,0,0,0,1,0,0,0,0,0
894,465104,0,0,0,0,0,0,0,1,0,0,0,0,0
895,465625,0,0,0,0,0,0,0,1,0,0,0,0,0
896,466145,0,0,0,0,0,0,0,1,0,0,0,0,0
897,466666,0,0,0,0,0,0,0,1,0,0,0,0,0
898,467187,0,0,0,0,0,0,0,1,0,0,0,0,0
899,467708,0,0,0,0,0,0,0,1,0,0,0,0,0
900,468229,0,0,0,0,0,0,0,1,0,0,0,0,0
901,468750,0,0,0,0,0,0,0,1,0,0,0,0,0
902,469270,0,0,0,0,0,0,0,1,0,0,0,0,0
903,469791,0,0,0,0,0,0,0,1,0,0,0,0,0
904,470312,0,0,0,0,0,0,0,1,0,0,0,0,0
905,470833,0,0,0,0,0,0,0,1,0,0,0,0,0
906,471354,0,0,0,0,0,0,0,1,0,0,0,0,0
907,471875,0,0,0,0,0,0,0,1,0,0,0,0,0
908,472395,0,0,0,0,0,0,0,1,0,0,0,0,0
909,472916,0,0,0,0,0,0,0,1,0,0,0,0,0
910,473437,0,0,0,0,0,0,0,1,0,0,0,0,0
911,473958,0,0,0,0,0,0,0,1,0,0,0,0,0
912,474479,0,0,0,0,0,0,0,1,0,0,0,0,0
913,475000,0,0,0,0,0,0,0,1,0,0,0,0,0
914,475520,0,0,0,0,0,0,0,1,0,0,0,0,0
915,476041,0,0,0,0,0,0,0,1,0,0,0,0,0
916,476562,0,0,0,0,0,0,0,1,0,0,0,0,0
917,477083,0,0,0,0,0,0,0,1,0,0,0,0,0
918,477604,0,0,0,0,0,0,0,1,0,0,0,0,0
919,478125,0,0,0,0,0,0,0,1,0,0,0,0,0
920,478645,0,0,0,0,0,0,0,1,0,0,0,0,0
921,479166,0,0,0,0,0,0,0,1,0,0,0,0,0
922,479687,0,0,0,0,0,0,0,1,0,0,0,0,0
923,480208,0,0,0,0,0,0,0,1,0,0,0,0,0
924,480729,0,0,0,0,0,0,0,1,0,0,0,0,0
925,481250,0,0,0,0,0,0,0,1,0,0,0,0,0
926,481770,0,0,0,0,0,0,0,1,0,0,0,0,0
927,482291,0,0,0,0,0,0,0,1,0,0,0,0,0
928,482812,0,0,0,0,0,0,0,1,0,0,0,0,0
929,483333,0,0,0,0,0,0,0,1,0,0,0,0,0
930,483854,0,0,0,0,0,0,0,1,0,0,0,0,0
931,484375,0,0,0,0,0,0,0,1,0,0,0,0,0
932,484895,0,0,0,0,0,0,0,1,0,0,0,0,0
933,485416,0,0,0,0,0,0,0,1,0,0,0,0,0
934,485937,0,0,0,0,0,0,0,1,0,0,0,0,0
935,486458,0,0,0,0,0,0,0,1,0,0,0,0,0
936,486979,0,0,0,0,0,0,0,1,0,0,0,0,0
937,487500,0,0,0,0,0,0,0,1,0,0,0,0,0
938,488020,0,0,0,0,0,0,0,1,0,0,0,0,0
939,488541,0,0,0,0,0,0,0,1,0,0,0,0,0
940,489062,0,0,0,0,0,0,0,1,0,0,0,0,0
941,489583,0,0,0,0,0,0,0,1,0,0,0,0,0
942,490104,0,0,0,0,0,0,0,1,0,0,0,0,0
943,490625,0,0,0,0,0,0,0,1,0,0,0,0,0
944,491145,0,0,0,0,0,0,0,1,0,0,0,0,0
945,491666,0,0,0,0,0,0,0,1,0,0,0,0,0
946,492187,0,0,0,0,0,0,0,1,0,0,0,0,0
947,492708,0,0,0,0,0,0,0,1,0,0,0,0,0
948,493229,0,0,0,0,0,0,0,1,0,0,0,0,0
949,493750,0,0,0,0,0,0,0,1,0,0,0,0,0
950,494270,0,0,0,0,0,0,0,1,0,0,0,0,0
951,494791,0,0,0,0,0,0,0,1,0,0,0,0,0
952,495312,0,0,0,0,0,0,0,1,0,0,0,0,0
953,495833,0,0,0,0,0,0,0,1,0,0,0,0,0
954,496354,0,0,0,0,0,0,0,1,0,0,0,0,0
955,496875,0,0,0,0,0,0,0,1,0,0,0,0,0
956,497395,0,0,0,0,0,0,0,1,0,0,0,0,0
957,497916,0,0,0,0,0,0,0,1,0,0,0,0,0
958,498437,0,0,0,0,0,0,0,1,0,0,0,0,0
959,498958,0,0,0,0,0,0,0,1,0,0,0,0,0
960,499479,0,0,0,0,0,0,0,1,0,0,0,0,0
961,500000,0,0,0,0,0,0,0,1,0,0,0,0,0
962,500520,0,0,0,0,0,0,0,1,0,0,0,0,0
963,501041,0,0,0,0,0,0,0,1,0,0,0,0,0
964,501562,0,0,0,0,0,0,0,1,0,0,0,0,0
965,502083,0,0,0,0,0,0,0,1,0,0,0,0,0
966,502604,0,0,0,0,0,0,0,1,0,0,0,0,0
967,503125,0,0,0,0,0,0,0,1,0,0,0,0,0
968,503645,0,0,0,0,0,0,0,1,0,0,0,0,0
969,504166,0,0,0,0,0,0,0,1,0,0,0,0,0
970,504687,0,0,0,0,0,0,0,1,0,0,0,0,0
971,505208,0,0,0,0,0,0,0,1,0,0,0,0,0
972,505729,0,0,0,0,0,0,0,1,0,0,0,0,0
973,506250,0,0,0,0,0,0,0,1,0,0,0,0,0
974,506770,0,0,0,0,0,0,0,1,0,0,0,0,0
975,507291,0,0,0,0,0,0,0,1,0,0,0,0,0
976,507812,0,0,0,0,0,0,0,1,0,0,0,0,0
977,508333,0,0,0,0,0,0,0,1,0,0,0,0,0
978,508854,0,0,0,0,0,0,0,1,0,0,0,0,0
979,509375,0,0,0,0,0,0,0,1,0,0,0,0,0
980,509895,0,0,0,0,0,0,0,1,0,0,0,0,0
981,510416,0,0,0,0,0,0,0,1,0,0,0,0,0
982,510937,0,0,0,0,0,0,0,1,0,0,0,0,0
983,511458,0,0,0,0,0,0,0,1,0,0,0,0,0
984,511979,0,0,0,0,0,0,0,1,0,0,0,0,0
985,512499,0,0,0,0,0,0,0,1,0,0,0,0,0
986,513020,0,0,0,0,0,0,0,1,0,0,0,0,0
987,513541,0,0,0,0,0,0,0,1,0,0,0,0,0
988,514062,0,0,0,0,0,0,0,1,0,0,0,0,0
989,514583,0,0,0,0,0,0,0,1,0,0,0,0,0
990,515104,0,0,0,0,0,0,0,1,0,0,0,0,0
991,515625,0,0,0,0,0,0,0,1,0,0,0,0,0
992,516145,0,0,0,0,0,0,0,1,0,0,0,0,0
993,516666,0,0,0,0,0,0,0,1,0,0,0,0,0
994,517187,0,0,0,0,0,0,0,1,0,0,0,0,0
995,517708,0,0,0,0,0,0,0,1,0,0,0,0,0
996,518229,0,0,0,0,0,0,0,1,0,0,0,0,0
997,518750,0,0,0,0,0,0,0,1,0,0,0,0,0
998,519270,0,0,0,0,0,0,0,1,0,0,0,0,0
999,519791,0,0,0,0,0,0,0,1,0,0,0,0,0
1000,520312,0,0,0,0,0,0,0,1,0,0,0,0,0
1001,520833,0,0,0,0,0,0,0,1,0,0,0,0,0
1002,521354,0,0,0,0,0,0,0,1,0,0,0,0,0
1003,521875,0,0,0,0,0,0,0,1,0,0,0,0,0
1004,522395,0,0,0,0,0,0,0,1,0,0,0,0,0
1005,522916,0,0,0,0,0,0,0,1,0,0,0,0,0
1006,523437,0,0,0,0,0,0,0,1,0,0,0,0,0
1007,523958,0,0,0,0,0,0,0,1,0,0,0,0,0
1008,524479,0,0,0,0,0,0,0,1,0,0,0,0,0
1009,525000,0,0,0,0,0,0,0,1,0,0,0,0,0
1010,525520,0,0,0,0,0,0,0,1,0,0,0,0,0
1011,526041,0,0,0,0,0,0,0,1,0,0,0,0,0
1012,526562,0,0,0,0,0,0,0,1,0,0,0,0,0
1013,527083,0,0,0,0,0,0,0,1,0,0,0,0,0
1014,527604,0,0,0,0,0,0,0,1,0,0,0,0,0
1015,528125,0,0,0,0,0,0,0,1,0,0,0,0,0
1016,528645,0,0,0,0,0,0,0,1,0,0,0,0,0
1017,529166,0,0,0,0,0,0,0,1,0,0,0,0,0
1018,529687,0,0,0,0,0,0,0,1,0,0,0,0,0
1019,530208,0,0,0,0,0,0,0,1,0,0,0,0,0
1020,530729,0,0,0,0,0,0,0,1,0,0,0,0,0
1021,531250,0,0,0,0,0,0,0,1,0,0,0,0,0
1022,531770,0,0,0,0,0,0,0,1,0,0,0,0,0
1023,532291,0,0,0,0,0,0,0,1,0,0,0,0,0
1024,532812,0,0,0,0,0,0,0,1,0,0,0,0,0
1025,533333,0,0,0,0,0,0,0,1,0,0,0,0,0
1026,533854,0,0,0,0,0,0,0,1,0,0,0,0,0
1027,534375,0,0,0,0,0,0,0,1,0,0,0,0,0
1028,534895,0,0,0,0,0,0,0,1,0,0,0,0,0
1029,535416,0,0,0,0,0,0,0,1,0,0,0,0,0
1030,535937,0,0,0,0,0,0,0,1,0,0,0,0,0
1031,536458,0,0,0,0,0,0,0,1,0,0,0,0,0
1032,536979,0,0,0,0,0,0,0,1,0,0,0,0,0
1033,537500,0,0,0,0,0,0,0,1,0,0,0,0,0
1034,538020,0,0,0,0,0,0,0,1,0,0,0,0,0
1035,538541,0,0,0,0,0,0,0,1,0,0,0,0,0
1036,539062,0,0,0,0,0,0,0,1,0,0,0,0,0
1037,539583,0,0,0,0,0,0,0,1,0,0,0,0,0
1038,540104,0,0,0,0,0,0,0,1,0,0,0,0,0
1039,540625,0,0,0,0,0,0,0,1,0,0,0,0,0
1040,541145,0,0,0,0,0,0,0,1,0,0,0,0,0
1041,541666,0,0,0,0,0,0,0,1,0,0,0,0,0
1042,542187,0,0,0,0,0,0,0,1,0,0,0,0,0
1043,542708,0,0,0,0,0,0,0,1,0,0,0,0,0
1044,543229,0,0,0,0,0,0,0,1,0,0,0,0,0
1045,543750,0,0,0,0,0,0,0,1,0,0,0,0,0
1046,544270,0,0,0,0,0,0,0,1,0,0,0,0,0
1047,544791,0,0,0,0,0,0,0,1,0,0,0,0,0
1048,545312,0,0,0,0,0,0,0,1,0,0,0,0,0
1049,545833,0,0,0,0,0,0,0,1,0,0,0,0,0
1050,546354,0,0,0,0,0,0,0,1,0,0,0,0,0
1051,546875,0,0,0,0,0,0,0,1,0,0,0,0,0
1052,547395,0,0,0,0,0,0,0,1,0,0,0,0,0
1053,547916,0,0,0,0,0,0,0,1,0,0,0,0,0
1054,548437,0,0,0,0,0,0,0,1,0,0,0,0,0
1055,548958,0,0,0,0,0,0,0,1,0,0,0,0,0
1056,549479,0,0,0,0,0,0,0,1,0,0,0,0,0
1057,550000,0,0,0,0,0,0,0,1,0,0,0,0,0
1058,550520,0,0,0,0,0,0,0,1,0,0,0,0,0
1059,551041,0,0,0,0,0,0,0,1,0,0,0,0,0
1060,551562,0,0,0,0,0,0,0,1,0,0,0,0,0
1061,552083,0,0,0,0,0,0,0,1,0,0,0,0,0
1062,552604,0,0,0,0,0,0,0,1,0,0,0,0,0
1063,553125,0,0,0,0,0,0,0,1,0,0,0,0,0
1064,553645,0,0,0,0,0,0,0,1,0,0,0,0,0
1065,554166,0,0,0,0,0,0,0,1,0,0,0,0,0
1066,554687,0,0,0,0,0,0,0,1,0,0,0,0,0
1067,555208,0,0,0,0,0,0,0,1,0,0,0,0,0
1068,555729,0,0,0,0,0,0,0,1,0,0,0,0,0
1069,556250,0,0,0,0,0,0,0,1,0,0,0,0,0
1070,556770,0,0,0,0,0,0,0,1,0,0,0,0,0
1071,557291,0,0,0,0,0,0,0,1,0,0,0,0,0
1072,557812,0,0,0,0,0,0,0,1,0,0,0,0,0
1073,558333,0,0,0,0,0,0,0,1,0,0,0,0,0
1074,558854,0,0,0,0,0,0,0,1,0,0,0,0,0
1075,559375,0,0,0,0,0,0,0,1,0,0,0,0,0
1076,559895,0,0,0,0,0,0,0,1,0,0,0,0,0
1077,560416,0,0,0,0,0,0,0,1,0,0,0,0,0
1078,560937,0,0,0,0,0,0,0,1,0,0,0,0,0
1079,561458,0,0,0,0,0,0,0,1,0,0,0,0,0
1080,561979,0,0,0,0,0,0,0,1,0,0,0,0,0
1081,562500,0,0,0,0,0,0,0,1,0,0,0,0,0
1082,563020,0,0,0,0,0,0,0,1,0,0,0,0,0
1083,563541,0,0,0,0,0,0,0,1,0,0,0,0,0
1084,564062,0,0,0,0,0,0,0,1,0,0,0,0,0
1085,564583,0,0,0,0,0,0,0,1,0,0,0,0,0
1086,565104,0,0,0,0,0,0,0,1,0,0,0,0,0
1087,565625,0,0,0,0,0,0,0,1,0,0,0,0,0
1088,566145,0,0,0,0,0,0,0,1,0,0,0,0,0
1089,566666,0,0,0,0,0,0,0,1,0,0,0,0,0
1090,567187,0,0,0,0,0,0,0,1,0,0,0,0,0
1091,567708,0,0,0,0,0,0,0,1,0,0,0,0,0
1092,568229,0,0,0,0,0,0,0,1,0,0,0,0,0
1093,568750,0,0,0,0,0,0,0,1,0,0,0,0,0
1094,569270,0,0,0,0,0,0,0,1,0,0,0,0,0
1095,569791,0,0,0,0,0,0,0,1,0,0,0,0,0
1096,570312,0,0,0,0,0,0,0,1,0,0,0,0,0
1097,570833,0,0,0,0,0,0,0,1,0,0,0,0,0
1098,571354,0,0,0,0,0,0,0,1,0,0,0,0,0
1099,571875,0,0,0,0,0,0,0,1,0,0,0,0,0
1100,572395,0,0,0,0,0,0,0,1,0,0,0,0,0
1101,572916,0,0,0,0,0,0,0,1,0,0,0,0,0
1102,573437,0,0,0,0,0,0,0,1,0,0,0,0,0
1103,573958,0,0,0,0,0,0,0,1,0,0,0,0,0
1104,574479,0,0,0,0,0,0,0,1,0,0,0,0,0
1105,575000,0,0,0,0,0,0,0,1,0,0,0,0,0
1106,575520,0,0,0,0,0,0,0,1,0,0,0,0,0
1107,576041,0,0,0,0,0,0,0,1,0,0,0,0,0
1108,576562,0,0,0,0,0,0,0,1,0,0,0,0,0
1109,577083,0,0,0,0,0,0,0,1,0,0,0,0,0
1110,577604,0,0,0,0,0,0,0,1,0,0,0,0,0
1111,578125,0,0,0,0,0,0,0,1,0,0,0,0,0
1112,578645,0,0,0,0,0,0,0,1,0,0,0,0,0
1113,579166,0,0,0,0,0,0,0,1,0,0,0,0,0
1114,579687,0,0,0,0,0,0,0,1,0,0,0,0,0
1115,580208,0,0,0,0,0,0,0,1,0,0,0,0,0
1116,580729,0,0,0,0,0,0,0,1,0,0,0,0,0
1117,581250,0,0,0,0,0,0,0,1,0,0,0,0,0
1118,581770,0,0,0,0,0,0,0,1,0,0,0,0,0
1119,582291,0,0,0,0,0,0,0,1,0,0,0,0,0
1120,582812,0,0,0,0,0,0,0,1,0,0,0,0,0
1121,583333,0,0,0,0,0,0,0,1,0,0,0,0,0
1122,583854,0,0,0,0,0,0,0,1,0,0,0,0,0
1123,584375,0,0,0,0,0,0,0,1,0,0,0,0,0
1124,584895,0,0,0,0,0,0,0,1,0,0,0,0,0
1125,585416,0,0,0,0,0,0,0,1,0,0,0,0,0
1126,585937,0,0,0,0,0,0,0,1,0,0,0,0,0
1127,586458,0,0,0,0,0,0,0,1,0,0,0,0,0
1128,586979,0,0,0,0,0,0,0,1,0,0,0,0,0
1129,587500,0,0,0,0,0,0,0,1,0,0,0,0,0
1130,588020,0,0,0,0,0,0,0,1,0,0,0,0,0
1131,588541,0,0,0,0,0,0,0,1,0,0,0,0,0
1132,589062,0,0,0,0,0,0,0,1,0,0,0,0,0
1133,589583,0,0,0,0,0,0,0,1,0,0,0,0,0
1134,590104,0,0,0,0,0,0,0,1,0,0,0,0,0
1135,590625,0,0,0,0,0,0,0,1,0,0,0,0,0
1136,591145,0,0,0,0,0,0,0,1,0,0,0,0,0
1137,591666,0,0,0,0,0,0,0,1,0,0,0,0,0
1138,592187,0,0,0,0,0,0,0,1,0,0,0,0,0
1139,592708,0,0,0,0,0,0,0,1,0,0,0,0,0
1140,593229,0,0,0,0,0,0,0,1,0,0,0,0,0
1141,593750,0,0,0,0,0,0,0,1,0,0,0,0,0
1142,594270,0,0,0,0,0,0,0,1,0,0,0,0,0
1143,594791,0,0,0,0,0,0,0,1,0,0,0,0,0
1144,595312,0,0,0,0,0,0,0,1,0,0,0,0,0
1145,595833,0,0,0,0,0,0,0,1,0,0,0,0,0
1146,596354,0,0,0,0,0,0,0,1,0,0,0,0,0
1147,596875,0,0,0,0,0,0,0,1,0,0,0,0,0
1148,597395,0,0,0,0,0,0,0,1,0,0,0,0,0
1149,597916,0,0,0,0,0,0,0,1,0,0,0,0,0
1150,598437,0,0,0,0,0,0,0,1,0,0,0,0,0
1151,598958,0,0,0,0,0,0,0,1,0,0,0,0,0
1152,599479,0,0,0,0,0,0,0,1,0,0,0,0,0
1153,600000,0,0,0,0,0,0,0,1,0,0,0,0,0
1154,600520,0,0,0,0,0,0,0,1,0,0,0,0,0
1155,601041,0,0,0,0,0,0,0,1,0,0,0,0,0
1156,601562,0,0,0,0,0,0,0,1,0,0,0,0,0
1157,602083,0,0,0,0,0,0,0,1,0,0,0,0,0
1158,602604,0,0,0,0,0,0,0,1,0,0,0,0,0
1159,603125,0,0,0,0,0,0,0,1,0,0,0,0,0
1160,603645,0,0,0,0,0,0,0,1,0,0,0,0,0
1161,604166,0,0,0,0,0,0,0,1,0,0,0,0,0
1162,604687,0,0,0,0,0,0,0,1,0,0,0,0,0
1163,605208,0,0,0,0,0,0,0,1,0,0,0,0,0
1164,605729,0,0,0,0,0,0,0,1,0,0,0,0,0
1165,606250,0,0,0,0,0,0,0,1,0,0,0,0,0
1166,606770,0,0,0,0,0,0,0,1,0,0,0,0,0
1167,607291,0,0,0,0,0,0,0,1,0,0,0,0,0
1168,607812,0,0,0,0,0,0,0,1,0,0,0,0,0
1169,608333,0,0,0,0,0,0,0,1,0,0,0,0,0
1170,608854,0,0,0,0,0,0,0,1,0,0,0,0,0
1171,609375,0,0,0,0,0,0,0,1,0,0,0,0,0
1172,609895,0,0,0,0,0,0,0,1,0,0,0,0,0
1173,610416,0,0,0,0,0,0,0,1,0,0,0,0,0
1174,610937,0,0,0,0,0,0,0,1,0,0,0,0,0
1175,611458,0,0,0,0,0,0,0,1,0,0,0,0,0
1176,611979,0,0,0,0,0,0,0,1,0,0,0,0,0
1177,612500,0,0,0,0,0,0,0,1,0,0,0,0,0
1178,613020,0,0,0,0,0,0,0,1,0,0,0,0,0
1179,613541,0,0,0,0,0,0,0,1,0,0,0,0,0
1180,614062,0,0,0,0,0,0,0,1,0,0,0,0,0
1181,614583,0,0,0,0,0,0,0,1,0,0,0,0,0
1182,615104,0,0,0,0,0,0,0,1,0,0,0,0,0
1183,615625,0,0,0,0,0,0,0,1,0,0,0,0,0
1184,616145,0,0,0,0,0,0,0,1,0,0,0,0,0
1185,616666,0,0,0,0,0,0,0,1,0,0,0,0,0
1186,617187,0,0,0,0,0,0,0,1,0,0,0,0,0
1187,617708,0,0,0,0,0,0,0,1,0,0,0,0,0
1188,618229,0,0,0,0,0,0,0,1,0,0,0,0,0
1189,618750,0,0,0,0,0,0,0,1,0,0,0,0,0
1190,619270,0,0,0,0,0,0,0,1,0,0,0,0,0
1191,619791,0,0,0,0,0,0,0,1,0,0,0,0,0
1192,620312,0,0,0,0,0,0,0,1,0,0,0,0,0
1193,620833,0,0,0,0,0,0,0,1,0,0,0,0,0
1194,621354,0,0,0,0,0,0,0,1,0,0,0,0,0
1195,621875,0,0,0,0,0,0,0,1,0,0,0,0,0
1196,622395,0,0,0,0,0,0,0,1,0,0,0,0,0
1197,622916,0,0,0,0,0,0,0,1,0,0,0,0,0
1198,623437,0,0,0,0,0,0,0,1,0,0,0,0,0
1199,623958,0,0,0,0,0,0,0,1,0,0,0,0,0
1200,624479,0,0,0,0,0,0,0,1,0,0,0,0,0
1201,625000,0,0,0,0,0,0,0,1,0,0,0,0,0
1202,625520,0,0,0,0,0,0,0,1,0,0,0,0,0
1203,626041,0,0,0,0,0,0,0,1,0,0,0,0,0
1204,626562,0,0,0,0,0,0,0,1,0,0,0,0,0
1205,627083,0,0,0,0,0,0,0,1,0,0,0,0,0
1206,627604,0,0,0,0,0,0,0,1,0,0,0,0,0
1207,628125,0,0,0,0,0,0,0,1,0,0,0,0,0
1208,628645,0,0,0,0,0,0,0,1,0,0,0,0,0
1209,629166,0,0,0,0,0,0,0,1,0,0,0,0,0
1210,629687,0,0,0,0,0,0,0,1,0,0,0,0,0
1211,630208,0,0,0,0,0,0,0,1,0,0,0,0,0
1212,630729,0,0,0,0,0,0,0,1,0,0,0,0,0
1213,631250,0,0,0,0,0,0,0,1,0,0,0,0,0
1214,631770,0,0,0,0,0,0,0,1,0,0,0,0,0
1215,632291,0,0,0,0,0,0,0,1,0,0,0,0,0
1216,632812,0,0,0,0,0,0,0,1,0,0,0,0,0
1217,633333,0,0,0,0,0,0,0,1,0,0,0,0,0
1218,633854,0,0,0,0,0,0,0,1,0,0,0,0,0
1219,634375,0,0,0,0,0,0,0,1,0,0,0,0,0
1220,634895,0,0,0,0,0,0,0,1,0,0,0,0,0
1221,635416,0,0,0,0,0,0,0,1,0,0,0,0,0
1222,635937,0,0,0,0,0,0,0,1,0,0,0,0,0
1223,636458,0,0,0,0,0,0,0,1,0,0,0,0,0
1224,636979,0,0,0,0,0,0,0,1,0,0,0,0,0
1225,637500,0,0,0,0,0,0,0,1,0,0,0,0,0
1226,638020,0,0,0,0,0,0,0,1,0,0,0,0,0
1227,638541,0,0,0,0,0,0,0,1,0,0,0,0,0
1228,639062,0,0,0,0,0,0,0,1,0,0,0,0,0
1229,639583,0,0,0,0,0,0,0,1,0,0,0,0,0
1230,640104,0,0,0,0,0,0,0,1,0,0,0,0,0
1231,640625,0,0,0,0,0,0,0,1,0,0,0,0,0
1232,641145,0,0,0,0,0,0,0,1,0,0,0,0,0
1233,641666,0,0,0,0,0,0,0,1,0,0,0,0,0
1234,642187,0,0,0,0,0,0,0,1,0,0,0,0,0
1235,642708,0,0,0,0,0,0,0,1,0,0,0,0,0
1236,643229,0,0,0,0,0,0,0,1,0,0,0,0,0
1237,643750,0,0,0,0,0,0,0,1,0,0,0,0,0
1238,644270,0,0,0,0,0,0,0,1,0,0,0,0,0
1239,644791,0,0,0,0,0,0,0,1,0,0,0,0,0
1240,645312,0,0,0,0,0,0,0,1,0,0,0,0,0
1241,645833,0,0,0,0,0,0,0,1,0,0,0,0,0
1242,646354,0,0,0,0,0,0,0,1,0,0,0,0,0
1243,646875,0,0,0,0,0,0,0,1,0,0,0,0,0
1244,647395,0,0,0,0,0,0,0,1,0,0,0,0,0
1245,647916,0,0,0,0,0,0,0,1,0,0,0,0,0
1246,648437,0,0,0,0,0,0,0,1,0,0,0,0,0
1247,648958,0,0,0,0,0,0,0,1,0,0,0,0,0
1248,649479,0,0,0,0,0,0,0,1,0,0,0,0,0
1249,650000,0,0,0,0,0,0,0,1,0,0,0,0,0
1250,650520,0,0,0,0,0,0,0,1,0,0,0,0,0
1251,651041,0,0,0,0,0,0,0,1,0,0,0,0,0
1252,651562,0,0,0,0,0,0,0,1,0,0,0,0,0
1253,652083,0,0,0,0,0,0,0,1,0,0,0,0,0
1254,652604,0,0,0,0,0,0,0,1,0,0,0,0,0
1255,653125,0,0,0,0,0,0,0,1,0,0,0,0,0
1256,653645,0,0,0,0,0,0,0,1,0,0,0,0,0
1257,654166,0,0,0,0,0,0,0,1,0,0,0,0,0
1258,654687,0,0,0,0,0,0,0,1,0,0,0,0,0
1259,655208,0,0,0,0,0,0,0,1,0,0,0,0,0
1260,655729,0,0,0,0,0,0,0,1,0,0,0,0,0
1261,656250,0,0,0,0,0,0,0,1,0,0,0,0,0
1262,656770,0,0,0,0,0,0,0,1,0,0,0,0,0
1263,657291,0,0,0,0,0,0,0,1,0,0,0,0,0
1264,657812,0,0,0,0,0,0,0,1,0,0,0,0,0
1265,658333,0,0,0,0,0,0,0,1,0,0,0,0,0
1266,658854,0,0,0,0,0,0,0,1,0,0,0,0,0
1267,659375,0,0,0,0,0,0,0,1,0,0,0,0,0
1268,659895,0,0,0,0,0,0,0,1,0,0,0,0,0
1269,660416,0,0,0,0,0,0,0,1,0,0,0,0,0
1270,660937,0,0,0,0,0,0,0,1,0,0,0,0,0
1271,661458,0,0,0,0,0,0,0,1,0,0,0,0,0
1272,661979,0,0,0,0,0,0,0,1,0,0,0,0,0
1273,662500,0,0,0,0,0,0,0,1,0,0,0,0,0
1274,663020,0,0,0,0,0,0,0,1,0,0,0,0,0
1275,663541,0,0,0,0,0,0,0,1,0,0,0,0,0
1276,664062,0,0,0,0,0,0,0,1,0,0,0,0,0
1277,664583,0,0,0,0,0,0,0,1,0,0,0,0,0
1278,665104,0,0,0,0,0,0,0,1,0,0,0,0,0
1279,665625,0,0,0,0,0,0,0,1,0,0,0,0,0
1280,666145,0,0,0,0,0,0,0,1,0,0,0,0,0
1281,666666,0,0,0,0,0,0,0,1,0,0,0,0,0
1282,667187,0,0,0,0,0,0,0,1,0,0,0,0,0
1283,667708,0,0,0,0,0,0,0,1,0,0,0,0,0
1284,668229,0,0,0,0,0,0,0,1,0,0,0,0,0
1285,668750,0,0,0,0,0,0,0,1,0,0,0,0,0
1286,669270,0,0,0,0,0,0,0,1,0,0,0,0,0
1287,669791,0,0,0,0,0,0,0,1,0,0,0,0,0
1288,670312,0,0,0,0,0,0,0,1,0,0,0,0,0
1289,670833,0,0,0,0,0,0,0,1,0,0,0,0,0
1290,671354,0,0,0,0,0,0,0,1,0,0,0,0,0
1291,671875,0,0,0,0,0,0,0,1,0,0,0,0,0
1292,672395,0,0,0,0,0,0,0,1,0,0,0,0,0
1293,672916,0,0,0,0,0,0,0,1,0,0,0,0,0
1294,673437,0,0,0,0,0,0,0,1,0,0,0,0,0
1295,673958,0,0,0,0,0,0,0,1,0,0,0,0,0
1296,674479,0,0,0,0,0,0,0,1,0,0,0,0,0
1297,675000,0,0,0,0,0,0,0,1,0,0,0,0,0
1298,675520,0,0,0,0,0,0,0,1,0,0,0,0,0
1299,676041,0,0,0,0,0,0,0,1,0,0,0,0,0
1300,676562,0,0,0,0,0,0,0,1,0,0,0,0,0
1301,677083,0,0,0,0,0,0,0,1,0,0,0,0,0
1302,677604,0,0,0,0,0,0,0,1,0,0,0,0,0
1303,678125,0,0,0,0,0,0,0,1,0,0,0,0,0
1304,678645,0,0,0,0,0,0,0,1,0,0,0,0,0
1305,679166,0,0,0,0,0,0,0,1,0,0,0,0,0
1306,679687,0,0,0,0,0,0,0,1,0,0,0,0,0
1307,680208,0,0,0,0,0,0,0,1,0,0,0,0,0
1308,680729,0,0,0,0,0,0,0,1,0,0,0,0,0
1309,681250,0,0,0,0,0,0,0,1,0,0,0,0,0
1310,681770,0,0,0,0,0,0,0,1,0,0,0,0,0
1311,682291,0,0,0,0,0,0,0,1,0,0,0,0,0
1312,682812,0,0,0,0,0,0,0,1,0,0,0,0,0
1313,683333,0,0,0,0,0,0,0,1,0,0,0,0,0
1314,683854,0,0,0,0,0,0,0,1,0,0,0,0,0
1315,684375,0,0,0,0,0,0,0,1,0,0,0,0,0
1316,684895,0,0,0,0,0,0,0,1,0,0,0,0,0
1317,685416,0,0,0,0,0,0,0,1,0,0,0,0,0
1318,685937,0,0,0,0,0,0,0,1,0,0,0,0,0
1319,686458,0,0,0,0,0,0,0,1,0,0,0,0,0
1320,686979,0,0,0,0,0,0,0,1,0,0,0,0,0
1321,687500,0,0,0,0,0,0,0,1,0,0,0,0,0
1322,688020,0,0,0,0,0,0,0,1,0,0,0,0,0
1323,688541,0,0,0,0,0,0,0,1,0,0,0,0,0
1324,689062,0,0,0,0,0,0,0,1,0,0,0,0,0
1325,689583,0,0,0,0,0,0,0,1,0,0,0,0,0
1326,690104,0,0,0,0,0,0,0,1,0,0,0,0,0
1327,690625,0,0,0,0,0,0,0,1,0,0,0,0,0
1328,691145,0,0,0,0,0,0,0,1,0,0,0,0,0
1329,691666,0,0,0,0,0,0,0,1,0,0,0,0,0
1330,692187,0,0,0,0,0,0,0,1,0,0,0,0,0
1331,692708,0,0,0,0,0,0,0,1,0,0,0,0,0
1332,693229,0,0,0,0,0,0,0,1,0,0,0,0,0
1333,693750,0,0,0,0,0,0,0,1,0,0,0,0,0
1334,694270,0,0,0,0,0,0,0,1,0,0,0,0,0
1335,694791,0,0,0,0,0,0,0,1,0,0,0,0,0
1336,695312,0,0,0,0,0,0,0,1,0,0,0,0,0
1337,695833,0,0,0,0,0,0,0,1,0,0,0,0,0
1338,696354,0,0,0,0,0,0,0,1,0,0,0,0,0
1339,696875,0,0,0,0,0,0,0,1,0,0,0,0,0
1340,697395,0,0,0,0,0,0,0,1,0,0,0,0,0
1341,697916,0,0,0,0,0,0,0,1,0,0,0,0,0
1342,698437,0,0,0,0,0,0,0,1,0,0,0,0,0
1343,698958,0,0,0,0,0,0,0,1,0,0,0,0,0
1344,699479,0,0,0,0,0,0,0,1,0,0,0,0,0
1345,700000,0,0,0,0,0,0,0,1,0,0,0,0,0
1346,700520,0,0,0,0,0,0,0,1,0,0,0,0,0
1347,701041,0,0,0,0,0,0,0,1,0,0,0,0,0
1348,701562,0,0,0,0,0,0,0,1,0,0,0,0,0
1349,702083,0,0,0,0,0,0,0,1,0,0,0,0,0
1350,702604,0,0,0,0,0,0,0,1,0,0,0,0,0
1351,703125,0,0,0,0,0,0,0,1,0,0,0,0,0
1352,703645,0,0,0,0,0,0,0,1,0,0,0,0,0
1353,704166,0,0,0,0,0,0,0,1,0,0,0,0,0
1354,704687,0,0,0,0,0,0,0,1,0,0,0,0,0
1355,705208,0,0,0,0,0,0,0,1,0,0,0,0,0
1356,705729,0,0,0,0,0,0,0,1,0,0,0,0,0
1357,706250,0,0,0,0,0,0,0,1,0,0,0,0,0
1358,706770,0,0,0,0,0,0,0,1,0,0,0,0,0
1359,707291,0,0,0,0,0,0,0,1,0,0,0,0,0
1360,707812,0,0,0,0,0,0,0,1,0,0,0,0,0
1361,708333,0,0,0,0,0,0,0,1,0,0,0,0,0
1362,708854,0,0,0,0,0,0,0,1,0,0,0,0,0
1363,709375,0,0,0,0,0,0,0,1,0,0,0,0,0
1364,709895,0,0,0,0,0,0,0,1,0,0,0,0,0
1365,710416,0,0,0,0,0,0,0,1,0,0,0,0,0
1366,710937,0,0,0,0,0,0,0,1,0,0,0,0,0
1367,711458,0,0,0,0,0,0,0,1,0,0,0,0,0
1368,711979,0,0,0,0,0,0,0,1,0,0,0,0,0
1369,712500,0,0,0,0,0,0,0,1,0,0,0,0,0
1370,713020,0,0,0,0,0,0,0,1,0,0,0,0,0
1371,713541,0,0,0,0,0,0,0,1,0,0,0,0,0
1372,714062,0,0,0,0,0,0,0,1,0,0,0,0,0
1373,714583,0,0,0,0,0,0,0,1,0,0,0,0,0
1374,715104,0,0,0,0,0,0,0,1,0,0,0,0,0
1375,715625,0,0,0,0,0,0,0,1,0,0,0,0,0
1376,716145,0,0,0,0,0,0,0,1,0,0,0,0,0
1377,716666,0,0,0,0,0,0,0,1,0,0,0,0,0
1378,717187,0,0,0,0,0,0,0,1,0,0,0,0,0
1379,717708,0,0,0,0,0,0,0,1,0,0,0,0,0
1380,718229,0,0,0,0,0,0,0,1,0,0,0,0,0
1381,718750,0,0,0,0,0,0,0,1,0,0,0,0,0
1382,719270,0,0,0,0,0,0,0,1,0,0,0,0,0
1383,719791,0,0,0,0,0,0,0,1,0,0,0,0,0
1384,720312,0,0,0,0,0,0,0,1,0,0,0,0,0
1385,720833,0,0,0,0,0,0,0,1,0,0,0,0,0
1386,721354,0,0,0,0,0,0,0,1,0,0,0,0,0
1387,721875,0,0,0,0,0,0,0,1,0,0,0,0,0
1388,722395,0,0,0,0,0,0,0,1,0,0,0,0,0
1389,722916,0,0,0,0,0,0,0,1,0,0,0,0,0
1390,723437,0,0,0,0,0,0,0,1,0,0,0,0,0
1391,723958,0,0,0,0,0,0,0,1,0,0,0,0,0
1392,724479,0,0,0,0,0,0,0,1,0,0,0,0,0
1393,725000,0,0,0,0,0,0,0,1,0,0,0,0,0
1394,725520,0,0,0,0,0,0,0,1,0,0,0,0,0
1395,726041,0,0,0,0,0,0,0,1,0,0,0,0,0
1396,726562,0,0,0,0,0,0,0,1,0,0,0,0,0
1397,727083,0,0,0,0,0,0,0,1,0,0,0,0,0
1398,727604,0,0,0,0,0,0,0,1,0,0,0,0,0
1399,728125,0,0,0,0,0,0,0,1,0,0,0,0,0
1400,728645,0,0,0,0,0,0,0,1,0,0,0,0,0
1401,729166,0,0,0,0,0,0,0,1,0,0,0,0,0
1402,729687,0,0,0,0,0,0,0,1,0,0,0,0,0
1403,730208,0,0,0,0,0,0,0,1,0,0,0,0,0
1404,730729,0,0,0,0,0,0,0,1,0,0,0,0,0
1405,731250,0,0,0,0,0,0,0,1,0,0,0,0,0
1406,731770,0,0,0,0,0,0,0,1,0,0,0,0,0
1407,732291,0,0,0,0,0,0,0,1,0,0,0,0,0
1408,732812,0,0,0,0,0,0,0,1,0,0,0,0,0
1409,733333,0,0,0,0,0,0,0,1,0,0,0,0,0
1410,733854,0,0,0,0,0,0,0,1,0,0,0,0,0
1411,734375,0,0,0,0,0,0,0,1,0,0,0,0,0
1412,734895,0,0,0,0,0,0,0,1,0,0,0,0,0
1413,735416,0,0,0,0,0,0,0,1,0,0,0,0,0
1414,735937,0,0,0,0,0,0,0,1,0,0,0,0,0
1415,736458,0,0,0,0,0,0,0,1,0,0,0,0,0
1416,736979,0,0,0,0,0,0,0,1,0,0,0,0,0
1417,737500,0,0,0,0,0,0,0,1,0,0,0,0,0
1418,738020,0,0,0,0,0,0,0,1,0,0,0,0,0
1419,738541,0,0,0,0,0,0,0,1,0,0,0,0,0
1420,739062,0,0,0,0,0,0,0,1,0,0,0,0,0
1421,739583,0,0,0,0,0,0,0,1,0,0,0,0,0
1422,740104,0,0,0,0,0,0,0,1,0,0,0,0,0
1423,740625,0,0,0,0,0,0,0,1,0,0,0,0,0
1424,741145,0,0,0,0,0,0,0,1,0,0,0,0,0
1425,741666,0,0,0,0,0,0,0,1,0,0,0,0,0
1426,742187,0,0,0,0,0,0,0,1,0,0,0,0,0
1427,742708,0,0,0,0,0,0,0,1,0,0,0,0,0
1428,743229,0,0,0,0,0,0,0,1,0,0,0,0,0
1429,743750,0,0,0,0,0,0,0,1,0,0,0,0,0
1430,744270,0,0,0,0,0,0,0,1,0,0,0,0,0
1431,744791,0,0,0,0,0,0,0,1,0,0,0,0,0
1432,745312,0,0,0,0,0,0,0,1,0,0,0,0,0
1433,745833,0,0,0,0,0,0,0,1,0,0,0,0,0
1434,746354,0,0,0,0,0,0,0,1,0,0,0,0,0
1435,746875,0,0,0,0,0,0,0,1,0,0,0,0,0
1436,747395,0,0,0,0,0,0,0,1,0,0,0,0,0
1437,747916,0,0,0,0,0,0,0,1,0,0,0,0,0
1438,748437,0,0,0,0,0,0,0,1,0,0,0,0,0
1439,748958,0,0,0,0,0,0,0,1,0,0,0,0,0
1440,749479,0,0,0,0,0,0,0,1,0,0,0,0,0
1441,750000,0,0,0,0,0,0,0,1,0,0,0,0,0
1442,750520,0,0,0,0,0,0,0,1,0,0,0,0,0
1443,751041,0,0,0,0,0,0,0,1,0,0,0,0,0
1444,751562,0,0,0,0,0,0,0,1,0,0,0,0,0
1445,752083,0,0,0,0,0,0,0,1,0,0,0,0,0
1446,752604,0,0,0,0,0,0,0,1,0,0,0,0,0
1447,753125,0,0,0,0,0,0,0,1,0,0,0,0,0
1448,753645,0,0,0,0,0,0,0,1,0,0,0,0,0
1449,754166,0,0,0,0,0,0,0,1,0,0,0,0,0
1450,754687,0,0,0,0,0,0,0,1,0,0,0,0,0
1451,755208,0,0,0,0,0,0,0,1,0,0,0,0,0
1452,755729,0,0,0,0,0,0,0,1,0,0,0,0,0
1453,756250,0,0,0,0,0,0,0,1,0,0,0,0,0
1454,756770,0,0,0,0,0,0,0,1,0,0,0,0,0
1455,757291,0,0,0,0,0,0,0,1,0,0,0,0,0
1456,757812,0,0,0,0,0,0,0,1,0,0,0,0,0
1457,758333,0,0,0,0,0,0,0,1,0,0,0,0,0
1458,758854,0,0,0,0,0,0,0,1,0,0,0,0,0
1459,759375,0,0,0,0,0,0,0,1,0,0,0,0,0
1460,759895,0,0,0,0,0,0,0,1,0,0,0,0,0
1461,760416,0,0,0,0,0,0,0,1,0,0,0,0,0
1462,760937,0,0,0,0,0,0,0,1,0,0,0,0,0
1463,761458,0,0,0,0,0,0,0,1,0,0,0,0,0
1464,761979,0,0,0,0,0,0,0,1,0,0,0,0,0
1465,762500,0,0,0,0,0,0,0,1,0,0,0,0,0
1466,763020,0,0,0,0,0,0,0,1,0,0,0,0,0
1467,763541,0,0,0,0,0,0,0,1,0,0,0,0,0
1468,764062,0,0,0,0,0,0,0,1,0,0,0,0,0
1469,764583,0,0,0,0,0,0,0,1,0,0,0,0,0
1470,765104,0,0,0,0,0,0,0,1,0,0,0,0,0
1471,765625,0,0,0,0,0,0,0,1,0,0,0,0,0
1472,766145,0,0,0,0,0,0,0,1,0,0,0,0,0
1473,766666,0,0,0,0,0,0,0,1,0,0,0,0,0
1474,767187,0,0,0,0,0,0,0,1,0,0,0,0,0
1475,767708,0,0,0,0,0,0,0,1,0,0,0,0,0
1476,768229,0,0,0,0,0,0,0,1,0,0,0,0,0
1477,768750,0,0,0,0,0,0,0,1,0,0,0,0,0
1478,769270,0,0,0,0,0,0,0,1,0,0,0,0,0
1479,769791,0,0,0,0,0,0,0,1,0,0,0,0,0
1480,770312,0,0,0,0,0,0,0,1,0,0,0,0,0
1481,770833,0,0,0,0,0,0,0,1,0,0,0,0,0
1482,771354,0,0,0,0,0,0,0,1,0,0,0,0,0
1483,771875,0,0,0,0,0,0,0,1,0,0,0,0,0
1484,772395,0,0,0,0,0,0,0,1,0,0,0,0,0
1485,772916,0,0,0,0,0,0,0,1,0,0,0,0,0
1486,773437,0,0,0,0,0,0,0,1,0,0,0,0,0
1487,773958,0,0,0,0,0,0,0,1,0,0,0,0,0
1488,774479,0,0,0,0,0,0,0,1,0,0,0,0,0
1489,775000,0,0,0,0,0,0,0,1,0,0,0,0,0
1490,775520,0,0,0,0,0,0,0,1,0,0,0,0,0
1491,776041,0,0,0,0,0,0,0,1,0,0,0,0,0
1492,776562,0,0,0,0,0,0,0,1,0,0,0,0,0
1493,777083,0,0,0,0,0,0,0,1,0,0,0,0,0
1494,777604,0,0,0,0,0,0,0,1,0,0,0,0,0
1495,778125,0,0,0,0,0,0,0,1,0,0,0,0,0
1496,778645,0,0,0,0,0,0,0,1,0,0,0,0,0
1497,779166,0,0,0,0,0,0,0,1,0,0,0,0,0
1498,779687,0,0,0,0,0,0,0,1,0,0,0,0,0
1499,780208,0,0,0,0,0,0,0,1,0,0,0,0,0
1500,780729,0,0,0,0,0,0,0,1,0,0,0,0,0
1501,781250,0,0,0,0,0,0,0,1,0,0,0,0,0
1502,781770,0,0,0,0,0,0,0,1,0,0,0,0,0
1503,782291,0,0,0,0,0,0,0,1,0,0,0,0,0
1504,782812,0,0,0,0,0,0,0,1,0,0,0,0,0
1505,783333,0,0,0,0,0,0,0,1,0,0,0,0,0
1506,783854,0,0,0,0,0,0,0,1,0,0,0,0,0
1507,784375,0,0,0,0,0,0,0,1,0,0,0,0,0
1508,784895,0,0,0,0,0,0,0,1,0,0,0,0,0
1509,785416,0,0,0,0,0,0,0,1,0,0,0,0,0
1510,785937,0,0,0,0,0,0,0,1,0,0,0,0,0
1511,786458,0,0,0,0,0,0,0,1,0,0,0,0,0
1512,786979,0,0,0,0,0,0,0,1,0,0,0,0,0
1513,787500,0,0,0,0,0,0,0,1,0,0,0,0,0
1514,788020,0,0,0,0,0,0,0,1,0,0,0,0,0
1515,788541,0,0,0,0,0,0,0,1,0,0,0,0,0
1516,789062,0,0,0,0,0,0,0,1,0,0,0,0,0
1517,789583,0,0,0,0,0,0,0,1,0,0,0,0,0
1518,790104,0,0,0,0,0,0,0,1,0,0,0,0,0
1519,790625,0,0,0,0,0,0,0,1,0,0,0,0,0
1520,791145,0,0,0,0,0,0,0,1,0,0,0,0,0
1521,791666,0,0,0,0,0,0,0,1,0,0,0,0,0
1522,792187,0,0,0,0,0,0,0,1,0,0,0,0,0
1523,792708,0,0,0,0,0,0,0,1,0,0,0,0,0
1524,793229,0,0,0,0,0,0,0,1,0,0,0,0,0
1525,793750,0,0,0,0,0,0,0,1,0,0,0,0,0
1526,794270,0,0,0,0,0,0,0,1,0,0,0,0,0
1527,794791,0,0,0,0,0,0,0,1,0,0,0,0,0
1528,795312,0,0,0,0,0,0,0,1,0,0,0,0,0
1529,795833,0,0,0,0,0,0,0,1,0,0,0,0,0
1530,796354,0,0,0,0,0,0,0,1,0,0,0,0,0
1531,796875,0,0,0,0,0,0,0,1,0,0,0,0,0
1532,797395,0,0,0,0,0,0,0,1,0,0,0,0,0
1533,797916,0,0,0,0,0,0,0,1,0,0,0,0,0
1534,798437,0,0,0,0,0,0,0,1,0,0,0,0,0
1535,798958,0,0,0,0,0,0,0,1,0,0,0,0,0
1536,799479,0,0,0,0,0,0,0,1,0,0,0,0,0
1537,800000,0,0,0,0,0,0,0,1,0,0,0,0,0
1538,800520,0,0,0,0,0,0,0,1,0,0,0,0,0
1539,801041,0,0,0,0,0,0,0,1,0,0,0,0,0
1540,801562,0,0,0,0,0,0,0,1,0,0,0,0,0
1541,802083,0,0,0,0,0,0,0,1,0,0,0,0,0
1542,802604,0,0,0,0,0,0,0,1,0,0,0,0,0
1543,803125,0,0,0,0,0,0,0,1,0,0,0,0,0
1544,803645,0,0,0,0,0,0,0,1,0,0,0,0,0
1545,804166,0,0,0,0,0,0,0,1,0,0,0,0,0
1546,804687,0,0,0,0,0,0,0,1,0,0,0,0,0
1547,805208,0,0,0,0,0,0,0,1,0,0,0,0,0
1548,805729,0,0,0,0,0,0,0,1,0,0,0,0,0
1549,806250,0,0,0,0,0,0,0,1,0,0,0,0,0
1550,806770,0,0,0,0,0,0,0,1,0,0,0,0,0
1551,807291,0,0,0,0,0,0,0,1,0,0,0,0,0
1552,807812,0,0,0,0,0,0,0,1,0,0,0,0,0
1553,808333,0,0,0,0,0,0,0,1,0,0,0,0,0
1554,808854,0,0,0,0,0,0,0,1,0,0,0,0,0
1555,809375,0,0,0,0,0,0,0,1,0,0,0,0,0
1556,809895,0,0,0,0,0,0,0,1,0,0,0,0,0
1557,810416,0,0,0,0,0,0,0,1,0,0,0,0,0
1558,810937,0,0,0,0,0,0,0,1,0,0,0,0,0
1559,811458,0,0,0,0,0,0,0,1,0,0,0,0,0
1560,811979,0,0,0,0,0,0,0,1,0,0,0,0,0
1561,812500,0,0,0,0,0,0,0,1,0,0,0,0,0
1562,813020,0,0,0,0,0,0,0,1,0,0,0,0,0
1563,813541,0,0,0,0,0,0,0,1,0,0,0,0,0
1564,814062,0,0,0,0,0,0,0,1,0,0,0,0,0
1565,814583,0,0,0,0,0,0,0,1,0,0,0,0,0
1566,815104,0,0,0,0,0,0,0,1,0,0,0,0,0
1567,815625,0,0,0,0,0,0,0,1,0,0,0,0,0
1568,816145,0,0,0,0,0,0,0,1,0,0,0,0,0
1569,816666,0,0,0,0,0,0,0,1,0,0,0,0,0
1570,817187,0,0,0,0,0,0,0,1,0,0,0,0,0
1571,817708,0,0,0,0,0,0,0,1,0,0,0,0,0
1572,818229,0,0,0,0,0,0,0,1,0,0,0,0,0
1573,818750,0,0,0,0,0,0,0,1,0,0,0,0,0
1574,819270,0,0,0,0,0,0,0,1,0,0,0,0,0
1575,819791,0,0,0,0,0,0,0,1,0,0,0,0,0
1576,820312,0,0,0,0,0,0,0,1,0,0,0,0,0
1577,820833,0,0,0,0,0,0,0,1,0,0,0,0,0
1578,821354,0,0,0,0,0,0,0,1,0,0,0,0,0
1579,821875,0,0,0,0,0,0,0,1,0,0,0,0,0
1580,822395,0,0,0,0,0,0,0,1,0,0,0,0,0
1581,822916,0,0,0,0,0,0,0,1,0,0,0,0,0
1582,823437,0,0,0,0,0,0,0,1,0,0,0,0,0
1583,823958,0,0,0,0,0,0,0,1,0,0,0,0,0
1584,824479,0,0,0,0,0,0,0,1,0,0,0,0,0
1585,825000,0,0,0,0,0,0,0,1,0,0,0,0,0
1586,825520,0,0,0,0,0,0,0,1,0,0,0,0,0
1587,826041,0,0,0,0,0,0,0,1,0,0,0,0,0
1588,826562,0,0,0,0,0,0,0,1,0,0,0,0,0
1589,827083,0,0,0,0,0,0,0,1,0,0,0,0,0
1590,827604,0,0,0,0,0,0,0,1,0,0,0,0,0
1591,828125,0,0,0,0,0,0,0,1,0,0,0,0,0
1592,828645,0,0,0,0,0,0,0,1,0,0,0,0,0
1593,829166,0,0,0,0,0,0,0,1,0,0,0,0,0
1594,829687,0,0,0,0,0,0,0,1,0,0,0,0,0
1595,830208,0,0,0,0,0,0,0,1,0,0,0,0,0
1596,830729,0,0,0,0,0,0,0,1,0,0,0,0,0
1597,831250,0,0,0,0,0,0,0,1,0,0,0,0,0
1598,831770,0,0,0,0,0,0,0,1,0,0,0,0,0
1599,832291,0,0,0,0,0,0,0,1,0,0,0,0,0
1600,832812,0,0,0,0,0,0,0,1,0,0,0,0,0
1601,833333,0,0,0,0,0,0,0,1,0,0,0,0,0
1602,833854,0,0,0,0,0,0,0,1,0,0,0,0,0
1603,834375,0,0,0,0,0,0,0,1,0,0,0,0,0
1604,834895,0,0,0,0,0,0,0,1,0,0,0,0,0
1605,835416,0,0,0,0,0,0,0,1,0,0,0,0,0
1606,835937,0,0,0,0,0,0,0,1,0,0,0,0,0
1607,836458,0,0,0,0,0,0,0,1,0,0,0,0,0
1608,836979,0,0,0,0,0,0,0,1,0,0,0,0,0
1609,837500,0,0,0,0,0,0,0,1,0,0,0,0,0
1610,838020,0,0,0,0,0,0,0,1,0,0,0,0,0
1611,838541,0,0,0,0,0,0,0,1,0,0,0,0,0
1612,839062,0,0,0,0,0,0,0,1,0,0,0,0,0
1613,839583,0,0,0,0,0,0,0,1,0,0,0,0,0
1614,840104,0,0,0,0,0,0,0,1,0,0,0,0,0
1615,840625,0,0,0,0,0,0,0,1,0,0,0,0,0
1616,841145,0,0,0,0,0,0,0,1,0,0,0,0,0
1617,841666,0,0,0,0,0,0,0,1,0,0,0,0,0
1618,842187,0,0,0,0,0,0,0,1,0,0,0,0,0
1619,842708,0,0,0,0,0,0,0,1,0,0,0,0,0
1620,843229,0,0,0,0,0,0,0,1,0,0,0,0,0
1621,843750,0,0,0,0,0,0,0,1,0,0,0,0,0
1622,844270,0,0,0,0,0,0,0,1,0,0,0,0,0
1623,844791,0,0,0,0,0,0,0,1,0,0,0,0,0
1624,845312,0,0,0,0,0,0,0,1,0,0,0,0,0
1625,845833,0,0,0,0,0,0,0,1,0,0,0,0,0
1626,846354,0,0,0,0,0,0,0,1,0,0,0,0,0
1627,846875,0,0,0,0,0,0,0,1,0,0,0,0,0
1628,847395,0,0,0,0,0,0,0,1,0,0,0,0,0
1629,847916,0,0,0,0,0,0,0,1,0,0,0,0,0
1630,848437,0,0,0,0,0,0,0,1,0,0,0,0,0
1631,848958,0,0,0,0,0,0,0,1,0,0,0,0,0
1632,849479,0,0,0,0,0,0,0,1,0,0,0,0,0
1633,850000,0,0,0,0,0,0,0,1,0,0,0,0,0
1634,850520,0,0,0,0,0,0,0,1,0,0,0,0,0
1635,851041,0,0,0,0,0,0,0,1,0,0,0,0,0
1636,851562,0,0,0,0,0,0,0,1,0,0,0,0,0
1637,852083,0,0,0,0,0,0,0,1,0,0,0,0,0
1638,852604,0,0,0,0,0,0,0,1,0,0,0,0,0
1639,853125,0,0,0,0,0,0,0,1,0,0,0,0,0
1640,853645,0,0,0,0,0,0,0,1,0,0,0,0,0
1641,854166,0,0,0,0,0,0,0,1,0,0,0,0,0
1642,854687,0,0,0,0,0,0,0,1,0,0,0,0,0
1643,855208,0,0,0,0,0,0,0,1,0,0,0,0,0
1644,855729,0,0,0,0,0,0,0,1,0,0,0,0,0
1645,856250,0,0,0,0,0,0,0,1,0,0,0,0,0
1646,856770,0,0,0,0,0,0,0,1,0,0,0,0,0
1647,857291,0,0,0,0,0,0,0,1,0,0,0,0,0
1648,857812,0,0,0,0,0,0,0,1,0,0,0,0,0
1649,858333,0,0,0,0,0,0,0,1,0,0,0,0,0
1650,858854,0,0,0,0,0,0,0,1,0,0,0,0,0
1651,859375,0,0,0,0,0,0,0,1,0,0,0,0,0
1652,859895,0,0,0,0,0,0,0,1,0,0,0,0,0
1653,860416,0,0,0,0,0,0,0,1,0,0,0,0,0
1654,860937,0,0,0,0,0,0,0,1,0,0,0,0,0
1655,861458,0,0,0,0,0,0,0,1,0,0,0,0,0
1656,861979,0,0,0,0,0,0,0,1,0,0,0,0,0
1657,862500,0,0,0,0,0,0,0,1,0,0,0,0,0
1658,863020,0,0,0,0,0,0,0,1,0,0,0,0,0
1659,863541,0,0,0,0,0,0,0,1,0,0,0,0,0
1660,864062,0,0,0,0,0,0,0,1,0,0,0,0,0
1661,864583,0,0,0,0,0,0,0,1,0,0,0,0,0
1662,865104,0,0,0,0,0,0,0,1,0,0,0,0,0
1663,865625,0,0,0,0,0,0,0,1,0,0,0,0,0
1664,866145,0,0,0,0,0,0,0,1,0,0,0,0,0
1665,866666,0,0,0,0,0,0,0,1,0,0,0,0,0
1666,867187,0,0,0,0,0,0,0,1,0,0,0,0,0
1667,867708,0,0,0,0,0,0,0,1,0,0,0,0,0
1668,868229,0,0,0,0,0,0,0,1,0,0,0,0,0
1669,868750,0,0,0,0,0,0,0,1,0,0,0,0,0
1670,869270,0,0,0,0,0,0,0,1,0,0,0,0,0
1671,869791,0,0,0,0,0,0,0,1,0,0,0,0,0
1672,870312,0,0,0,0,0,0,0,1,0,0,0,0,0
1673,870833,0,0,0,0,0,0,0,1,0,0,0,0,0
1674,871354,0,0,0,0,0,0,0,1,0,0,0,0,0
1675,871875,0,0,0,0,0,0,0,1,0,0,0,0,0
1676,872395,0,0,0,0,0,0,0,1,0,0,0,0,0
1677,872916,0,0,0,0,0,0,0,1,0,0,0,0,0
1678,873437,0,0,0,0,0,0,0,1,0,0,0,0,0
1679,873958,0,0,0,0,0,0,0,1,0,0,0,0,0
1680,874479,0,0,0,0,0,0,0,1,0,0,0,0,0
1681,875000,0,0,0,0,0,0,0,1,0,0,0,0,0
1682,875520,0,0,0,0,0,0,0,1,0,0,0,0,0
1683,876041,0,0,0,0,0,0,0,1,0,0,0,0,0
1684,876562,0,0,0,0,0,0,0,1,0,0,0,0,0
1685,877083,0,0,0,0,0,0,0,1,0,0,0,0,0
1686,877604,0,0,0,0,0,0,0,1,0,0,0,0,0
1687,878125,0,0,0,0,0,0,0,1,0,0,0,0,0
1688,878645,0,0,0,0,0,0,0,1,0,0,0,0,0
1689,879166,0,0,0,0,0,0,0,1,0,0,0,0,0
1690,879687,0,0,0,0,0,0,0,1,0,0,0,0,0
1691,880208,0,0,0,0,0,0,0,1,0,0,0,0,0
1692,880729,0,0,0,0,0,0,0,1,0,0,0,0,0
1693,881250,0,0,0,0,0,0,0,1,0,0,0,0,0
1694,881770,0,0,0,0,0,0,0,1,0,0,0,0,0
1695,882291,0,0,0,0,0,0,0,1,0,0,0,0,0
1696,882812,0,0,0,0,0,0,0,1,0,0,0,0,0
1697,883333,0,0,0,0,0,0,0,1,0,0,0,0,0
1698,883854,0,0,0,0,0,0,0,1,0,0,0,0,0
1699,884375,0,0,0,0,0,0,0,1,0,0,0,0,0
1700,884895,0,0,0,0,0,0,0,1,0,0,0,0,0
1701,885416,0,0,0,0,0,0,0,1,0,0,0,0,0
1702,885937,0,0,0,0,0,0,0,1,0,0,0,0,0
1703,886458,0,0,0,0,0,0,0,1,0,0,0,0,0
1704,886979,0,0,0,0,0,0,0,1,0,0,0,0,0
1705,887500,0,0,0,0,0,0,0,1,0,0,0,0,0
1706,888020,0,0,0,0,0,0,0,1,0,0,0,0,0
1707,888541,0,0,0,0,0,0,0,1,0,0,0,0,0
1708,889062,0,0,0,0,0,0,0,1,0,0,0,0,0
1709,889583,0,0,0,0,0,0,0,1,0,0,0,0,0
1710,890104,0,0,0,0,0,0,0,1,0,0,0,0,0
1711,890625,0,0,0,0,0,0,0,1,0,0,0,0,0
1712,891145,0,0,0,0,0,0,0,1,0,0,0,0,0
1713,891666,0,0,0,0,0,0,0,1,0,0,0,0,0
1714,892187,0,0,0,0,0,0,0,1,0,0,0,0,0
1715,892708,0,0,0,0,0,0,0,1,0,0,0,0,0
1716,893229,0,0,0,0,0,0,0,1,0,0,0,0,0
1717,893750,0,0,0,0,0,0,0,1,0,0,0,0,0
1718,894270,0,0,0,0,0,0,0,1,0,0,0,0,0
1719,894791,0,0,0,0,0,0,0,1,0,0,0,0,0
1720,895312,0,0,0,0,0,0,0,1,0,0,0,0,0
1721,895833,0,0,0,0,0,0,0,1,0,0,0,0,0
1722,896354,0,0,0,0,0,0,0,1,0,0,0,0,0
1723,896875,0,0,0,0,0,0,0,1,0,0,0,0,0
1724,897395,0,0,0,0,0,0,0,1,0,0,0,0,0
1725,897916,0,0,0,0,0,0,0,1,0,0,0,0,0
1726,898437,0,0,0,0,0,0,0,1,0,0,0,0,0
1727,898958,0,0,0,0,0,0,0,1,0,0,0,0,0
1728,899479,0,0,0,0,0,0,0,1,0,0,0,0,0
1729,900000,0,0,0,0,0,0,0,1,0,0,0,0,0
1730,900520,0,0,0,0,0,0,0,1,0,0,0,0,0
1731,901041,0,0,0,0,0,0,0,1,0,0,0,0,0
1732,901562,0,0,0,0,0,0,0,1,0,0,0,0,0
1733,902083,0,0,0,0,0,0,0,1,0,0,0,0,0
1734,902604,265,-286,21,0,24025,-25915,1890,0,0,0,1,1,0
1735,903125,295,-253,-42,0,26696,-22924,-3772,0,0,0,1,1,0
1736,903645,313,-210,-103,0,28340,-19052,-9288,0,0,0,1,1,0
1737,904166,319,-160,-160,0,28895,-14448,-14448,0,0,0,1,1,0
1738,904687,313,-103,-210,0,28340,-9288,-19052,0,0,0,1,1,0
1739,905208,295,-42,-253,0,26696,-3772,-22924,0,0,0,1,1,0
1740,905729,265,21,-286,0,24025,1890,-25915,0,0,0,1,1,0
1741,906250,226,83,-308,0,20432,7479,-27910,0,0,0,1,1,0
1742,906770,177,141,-319,0,16053,12780,-28833,0,0,0,1,1,0
1743,907291,122,194,-316,0,11058,17590,-28648,0,0,0,1,1,0
1744,907812,62,240,-302,0,5637,21724,-27362,0,0,0,1,1,0
1745,908333,0,276,-276,0,0,25024,-25024,0,0,0,1,1,0
1746,908854,-62,302,-240,0,-5637,27362,-21724,0,0,0,1,1,0
1747,909375,-122,316,-194,0,-11058,28648,-17590,0,0,0,1,1,0
1748,909895,-177,319,-141,0,-16053,28833,-12780,0,0,0,1,1,0
1749,910416,-226,308,-83,0,-20432,27910,-7479,0,0,0,1,1,0
1750,910937,-265,286,-21,0,-24025,25915,-1890,0,0,0,1,1,0
1751,911458,-295,253,42,0,-26696,22924,3772,0,0,0,1,1,0
1752,911979,-313,210,103,0,-28340,19052,9288,0,0,0,1,1,0
1753,912500,-319,160,160,0,-28895,14448,14448,0,0,0,0,1,0
1754,913020,-313,103,210,0,-28340,9288,19052,0,0,0,0,1,0
1755,913541,-295,42,253,0,-26696,3772,22924,0,0,0,0,1,0
1756,914062,-265,-21,286,0,-24025,-1890,25915,0,0,0,0,1,0
1757,914583,-226,-83,308,0,-20432,-7479,27910,0,0,0,0,1,0
1758,915104,-177,-141,319,0,-16053,-12780,28833,0,0,0,0,1,0
1759,915625,-122,-194,316,0,-11058,-17590,28648,0,0,0,0,1,0
1760,916145,-62,-240,302,0,-5637,-21724,27362,0,0,0,0,1,0
1761,916666,0,-276,276,0,0,-25024,25024,0,0,0,0,1,0
1762,917187,62,-302,240,0,5637,-27362,21724,0,0,0,0,1,0
1763,917708,122,-316,194,0,11058,-28648,17590,0,0,0,0,1,0
1764,918229,177,-319,141,0,16053,-28833,12780,0,0,0,0,1,0
1765,918750,226,-308,83,0,20432,-27910,7479,0,0,0,0,1,0
1766,919270,265,-286,21,0,24025,-25915,1890,0,0,0,0,1,0
1767,919791,295,-253,-42,0,26696,-22924,-3772,0,0,0,0,1,0
1768,920312,313,-210,-103,0,28340,-19052,-9288,0,0,0,0,1,0
1769,920833,319,-160,628,788,31207,-15603,-1445,0,0,1,0,1,0
1770,921354,313,-103,-2464,-2254,30607,-10031,-1905,0,0,1,0,1,0
1771,921875,295,-42,-4897,-4644,28831,-4073,-2292,0,0,1,0,1,0
1772,922395,265,21,-6589,-6303,25947,2041,-2592,0,0,1,0,1,0
1773,922916,226,83,-7485,-7177,22066,8077,-2791,0,0,1,0,1,0
1774,923437,177,141,-7561,-7242,17337,13802,-2883,0,0,1,0,1,0
1775,923958,122,194,-6825,-6508,11942,18997,-2865,0,0,1,0,1,0
1776,924479,62,240,-5314,-5012,6088,23462,-2736,0,0,1,0,1,0
1777,925000,0,276,-3098,-2822,0,27026,-2502,0,0,1,0,1,0
1778,925520,-62,302,-271,-31,-6088,29551,-2172,0,0,1,0,1,0
1779,926041,-122,316,3049,3243,-11942,30940,-1759,0,0,1,0,1,0
1780,926562,-177,319,6724,6866,-17337,31140,-1278,0,0,1,0,1,0
1781,927083,-226,308,10605,10688,-22066,30143,-748,0,0,1,0,1,0
1782,927604,-265,286,14534,14554,-25947,27988,-189,0,0,1,0,1,0
1783,928125,-295,253,18349,18308,-28831,24758,377,0,0,1,0,1,0
1784,928645,-313,210,21897,21794,-30607,20576,929,0,0,1,0,1,0
1785,929166,-319,160,25032,24872,-31207,15603,1445,0,0,1,0,1,0
1786,929687,-313,103,27625,27415,-30607,10031,1905,0,0,1,0,1,0
1787,930208,-295,42,29569,29316,-28831,4073,2292,0,0,1,0,1,0
1788,930729,-265,-21,30781,30495,-25947,-2041,2592,0,0,1,0,1,0
1789,931250,-226,-83,31207,30898,-22066,-8077,2791,0,0,1,0,1,0
1790,931770,-177,-141,30821,30503,-17337,-13802,2883,0,0,1,0,1,0
1791,932291,-122,-194,29633,29316,-11942,-18997,2865,0,0,1,0,1,0
1792,932812,-62,-240,27679,27377,-6088,-23462,2736,0,0,1,0,1,0
1793,933333,0,-276,25028,24752,0,-27026,2502,0,0,1,0,1,0
1794,933854,62,-302,21775,21535,6088,-29551,2172,0,0,1,0,1,0
1795,934375,122,-316,18037,17842,11942,-30940,1759,0,0,1,0,1,0
1796,934895,177,-319,13951,13810,17337,-31140,1278,0,0,1,0,1,0
1797,935416,226,-308,9668,9586,22066,-30143,748,0,0,1,0,1,0
1798,935937,265,-286,5346,5325,25947,-27988,189,0,0,1,0,1,0
1799,936458,295,-253,1144,1185,28831,-24758,-377,0,0,1,0,1,0
1800,936979,313,-210,-2783,-2681,30607,-20576,-929,0,0,1,0,1,0
1801,937500,319,-160,-6290,-6130,31207,-15603,-1445,0,0,1,0,1,0
1802,938020,313,-103,-9248,-9037,30607,-10031,-1905,0,0,1,0,1,0
1803,938541,295,-42,-11549,-11296,28831,-4073,-2292,0,0,1,0,1,0
1804,939062,265,21,-13111,-12825,25947,2041,-2592,0,0,1,0,1,0
1805,939583,226,83,-13880,-13572,22066,8077,-2791,0,0,1,0,1,0
1806,940104,177,141,-13832,-13513,17337,13802,-2883,0,0,1,0,1,0
1807,940625,122,194,-12974,-12657,11942,18997,-2865,0,0,1,0,1,0
1808,941145,62,240,-11344,-11042,6088,23462,-2736,0,0,1,0,1,0
1809,941666,0,276,-9011,-8734,0,27026,-2502,0,0,1,0,1,0
1810,942187,-62,302,-6069,-5829,-6088,29551,-2172,0,0,1,0,1,0
1811,942708,-122,316,-2636,-2442,-11942,30940,-1759,0,0,1,0,1,0
1812,943229,-177,319,1150,1291,-17337,31140,-1278,0,0,1,0,1,0
1813,943750,-226,308,5140,5222,-22066,30143,-748,0,0,1,0,1,0
1814,944270,-265,286,9174,9195,-25947,27988,-189,0,0,1,0,1,0
1815,944791,-295,253,13094,13052,-28831,24758,377,0,0,1,0,1,0
1816,945312,-313,210,16744,16641,-30607,20576,929,0,0,1,0,1,0
1817,945833,-319,160,19979,19819,-31207,15603,1445,0,0,1,0,1,0
1818,946354,-313,103,22671,22460,-30607,10031,1905,0,0,1,0,1,0
1819,946875,-295,42,24711,24458,-28831,4073,2292,0,0,1,0,1,0
1820,947395,-265,-21,26018,25731,-25947,-2041,2592,0,0,1,0,1,0
1821,947916,-226,-83,26535,26227,-22066,-8077,2791,0,0,1,0,1,0
1822,948437,-177,-141,26241,25923,-17337,-13802,2883,0,0,1,0,1,0
1823,948958,-122,-194,25142,24825,-11942,-18997,2865,0,0,1,0,1,0
1824,949479,-62,-240,23275,22973,-6088,-23462,2736,0,0,1,0,1,0
1825,950000,0,-276,20710,20433,0,-27026,2502,0,0,1,0,1,0
1826,950520,62,-302,17540,17300,6088,-29551,2172,0,0,1,0,1,0
1827,951041,122,-316,13885,13690,11942,-30940,1759,0,0,1,0,1,0
1828,951562,177,-319,9880,9739,17337,-31140,1278,0,0,1,0,1,0
1829,952083,226,-308,5676,5593,22066,-30143,748,0,0,1,0,1,0
1830,952604,265,-286,1431,1410,25947,-27988,189,0,0,1,0,1,0
1831,953125,295,-253,-2695,-2653,28831,-24758,-377,0,0,1,0,1,0
1832,953645,313,-210,-6547,-6444,30607,-20576,-929,0,0,1,0,1,0
1833,954166,319,-160,-9980,-9821,31207,-15603,-1445,0,0,1,0,1,0
1834,954687,313,-103,-12866,-12656,30607,-10031,-1905,0,0,1,0,1,0
1835,955208,295,-42,-15097,-14844,28831,-4073,-2292,0,0,1,0,1,0
1836,955729,265,21,-16591,-16304,25947,2041,-2592,0,0,1,0,1,0
1837,956250,226,83,-17292,-16984,22066,8077,-2791,0,0,1,0,1,0
1838,956770,177,141,-17177,-16859,17337,13802,-2883,0,0,1,0,1,0
1839,957291,122,194,-16254,-15938,11942,18997,-2865,0,0,1,0,1,0
1840,957812,62,240,-14561,-14258,6088,23462,-2736,0,0,1,0,1,0
1841,958333,0,276,-12165,-11888,0,27026,-2502,0,0,1,0,1,0
1842,958854,-62,302,-9161,-8921,-6088,29551,-2172,0,0,1,0,1,0
1843,959375,-122,316,-5669,-5474,-11942,30940,-1759,0,0,1,0,1,0
1844,959895,-177,319,-1823,-1682,-17337,31140,-1278,0,0,1,0,1,0
1845,960416,-226,308,2224,2306,-22066,30143,-748,0,0,1,0,1,0
1846,960937,-265,286,6315,6336,-25947,27988,-189,0,0,1,0,1,0
1847,961458,-295,253,10290,10249,-28831,24758,377,0,0,1,0,1,0
1848,961979,-313,210,13995,13892,-30607,20576,929,0,0,1,0,1,0
1849,962500,-319,160,17283,17124,-31207,15603,1445,0,0,1,0,1,0
1850,963020,-313,103,20028,19817,-30607,10031,1905,0,0,1,0,1,0
1851,963541,-295,42,22119,21866,-28831,4073,2292,0,0,1,0,1,0
1852,964062,-265,-21,23476,23190,-25947,-2041,2592,0,0,1,0,1,0
1853,964583,-226,-83,24043,23735,-22066,-8077,2791,0,0,1,0,1,0
1854,965104,-177,-141,23798,23479,-17337,-13802,2883,0,0,1,0,1,0
1855,965625,-122,-194,22746,22429,-11942,-18997,2865,0,0,1,0,1,0
1856,966145,-62,-240,20926,20623,-6088,-23462,2736,0,0,1,0,1,0
1857,966666,0,-276,18406,18130,0,-27026,2502,0,0,1,0,1,0
1858,967187,62,-302,15281,15041,6088,-29551,2172,0,0,1,0,1,0
1859,967708,122,-316,11670,11475,11942,-30940,1759,0,0,1,0,1,0
1860,968229,177,-319,7708,7567,17337,-31140,1278,0,0,1,0,1,0
1861,968750,226,-308,3546,3464,22066,-30143,748,0,0,1,0,1,0
1862,969270,265,-286,-657,-678,25947,-27988,189,0,0,1,0,1,0
1863,969791,295,-253,-4743,-4701,28831,-24758,-377,0,0,1,0,1,0
1864,970312,313,-210,-8555,-8452,30607,-20576,-929,0,0,1,0,1,0
1865,970833,319,-160,-11949,-11790,31207,-15603,-1445,0,0,1,0,1,0
1866,971354,313,-103,-14797,-14587,30607,-10031,-1905,0,0,1,0,1,0
1867,971875,295,-42,-16991,-16737,28831,-4073,-2292,0,0,1,0,1,0
1868,972395,265,21,-18447,-18161,25947,2041,-2592,0,0,1,0,1,0
1869,972916,226,83,-19112,-18804,22066,8077,-2791,0,0,1,0,1,0
1870,973437,177,141,-18962,-18644,17337,13802,-2883,0,0,1,0,1,0
1871,973958,122,194,-18004,-17688,11942,18997,-2865,0,0,1,0,1,0
1872,974479,62,240,-16277,-15974,6088,23462,-2736,0,0,1,0,1,0
1873,975000,0,276,-13847,-13571,0,27026,-2502,0,0,1,0,1,0
1874,975520,-62,302,-10811,-10571,-6088,29551,-2172,0,0,1,0,1,0
1875,976041,-122,316,-7286,-7092,-11942,30940,-1759,0,0,1,0,1,0
1876,976562,-177,319,-3410,-3269,-17337,31140,-1278,0,0,1,0,1,0
1877,977083,-226,308,668,751,-22066,30143,-748,0,0,1,0,1,0
1878,977604,-265,286,4790,4811,-25947,27988,-189,0,0,1,0,1,0
1879,978125,-295,253,8795,8753,-28831,24758,377,0,0,1,0,1,0
1880,978645,-313,210,12528,12426,-30607,20576,929,0,0,1,0,1,0
1881,979166,-319,160,15845,15686,-31207,15603,1445,0,0,1,0,1,0
1882,979687,-313,103,18617,18407,-30607,10031,1905,0,0,1,0,1,0
1883,980208,-295,42,20737,20483,-28831,4073,2292,0,0,1,0,1,0
1884,980729,-265,-21,22120,21834,-25947,-2041,2592,0,0,1,0,1,0
1885,981250,-226,-83,22714,22406,-22066,-8077,2791,0,0,1,0,1,0
1886,981770,-177,-141,22494,22175,-17337,-13802,2883,0,0,1,0,1,0
1887,982291,-122,-194,21467,21151,-11942,-18997,2865,0,0,1,0,1,0
1888,982812,-62,-240,19672,19370,-6088,-23462,2736,0,0,1,0,1,0
1889,983333,0,-276,17177,16901,0,-27026,2502,0,0,1,0,1,0
1890,983854,62,-302,14076,13836,6088,-29551,2172,0,0,1,0,1,0
1891,984375,122,-316,10488,10294,11942,-30940,1759,0,0,1,0,1,0
1892,984895,177,-319,6549,6408,17337,-31140,1278,0,0,1,0,1,0
1893,985416,226,-308,2410,2327,22066,-30143,748,0,0,1,0,1,0
1894,985937,265,-286,-1771,-1792,25947,-27988,189,0,0,1,0,1,0
1895,986458,295,-253,-5835,-5793,28831,-24758,-377,0,0,1,0,1,0
1896,986979,313,-210,-9626,-9523,30607,-20576,-929,0,0,1,0,1,0
1897,987500,319,-160,-13000,-12840,31207,-15603,-1445,0,0,1,0,1,0
1898,988020,313,-103,-15827,-15617,30607,-10031,-1905,0,0,1,0,1,0
1899,988541,295,-42,-18000,-17747,28831,-4073,-2292,0,0,1,0,1,0
1900,989062,265,21,-19437,-19151,25947,2041,-2592,0,0,1,0,1,0
1901,989583,226,83,-20083,-19775,22066,8077,-2791,0,0,1,0,1,0
1902,990104,177,141,-19914,-19596,17337,13802,-2883,0,0,1,0,1,0
1903,990625,122,194,-18938,-18621,11942,18997,-2865,0,0,1,0,1,0
1904,991145,62,240,-17192,-16890,6088,23462,-2736,0,0,1,0,1,0
1905,991666,0,276,-14745,-14469,0,27026,-2502,0,0,1,0,1,0
1906,992187,-62,302,-11692,-11452,-6088,29551,-2172,0,0,1,0,1,0
1907,992708,-122,316,-8150,-7955,-11942,30940,-1759,0,0,1,0,1,0
1908,993229,-177,319,-4256,-4115,-17337,31140,-1278,0,0,1,0,1,0
1909,993750,-226,308,-162,-79,-22066,30143,-748,0,0,1,0,1,0
1910,994270,-265,286,3976,3997,-25947,27988,-189,0,0,1,0,1,0
1911,994791,-295,253,7997,7955,-28831,24758,377,0,0,1,0,1,0
1912,995312,-313,210,11746,11643,-30607,20576,929,0,0,1,0,1,0
1913,995833,-319,160,15078,14919,-31207,15603,1445,0,0,1,0,1,0
1914,996354,-313,103,17865,17655,-30607,10031,1905,0,0,1,0,1,0
1915,996875,-295,42,19999,19746,-28831,4073,2292,0,0,1,0,1,0
1916,997395,-265,-21,21397,21111,-25947,-2041,2592,0,0,1,0,1,0
1917,997916,-226,-83,22005,21696,-22066,-8077,2791,0,0,1,0,1,0
1918,998437,-177,-141,21798,21480,-17337,-13802,2883,0,0,1,0,1,0
1919,998958,-122,-194,20785,20469,-11942,-18997,2865,0,0,1,0,1,0
1920,999479,-62,-240,19004,18701,-6088,-23462,2736,0,0,1,0,1,0
1921,1000000,0,-276,16521,16245,0,-27026,2502,0,0,1,0,1,0
1922,1000520,62,-302,13433,13193,6088,-29551,2172,0,0,1,0,1,0
1923,1001041,122,-316,9858,9663,11942,-30940,1759,0,0,1,0,1,0
1924,1001562,177,-319,5931,5790,17337,-31140,1278,0,0,1,0,1,0
1925,1002083,226,-308,1804,1721,22066,-30143,748,0,0,1,0,1,0
1926,1002604,265,-286,-2366,-2386,25947,-27988,189,0,0,1,0,1,0
1927,1003125,295,-253,-6418,-6376,28831,-24758,-377,0,0,1,0,1,0
1928,1003645,313,-210,-10198,-10095,30607,-20576,-929,0,0,1,0,1,0
1929,1004166,319,-160,-13560,-13400,31207,-15603,-1445,0,0,1,0,1,0
1930,1004687,313,-103,-16376,-16166,30607,-10031,-1905,0,0,1,0,1,0
1931,1005208,295,-42,-18539,-18286,28831,-4073,-2292,0,0,1,0,1,0
1932,1005729,265,21,-19966,-19679,25947,2041,-2592,0,0,1,0,1,0
1933,1006250,226,83,-20601,-20293,22066,8077,-2791,0,0,1,0,1,0
1934,1006770,177,141,-20422,-20104,17337,13802,-2883,0,0,1,0,1,0
1935,1007291,122,194,-19436,-19119,11942,18997,-2865,0,0,1,0,1,0
1936,1007812,62,240,-17680,-17378,6088,23462,-2736,0,0,1,0,1,0
1937,1008333,0,276,-15224,-14947,0,27026,-2502,0,0,1,0,1,0
1938,1008854,-62,302,-12161,-11921,-6088,29551,-2172,0,0,1,0,1,0
1939,1009374,-122,316,-8610,-8416,-11942,30940,-1759,0,0,1,0,1,0
1940,1009895,-177,319,-4708,-4567,-17337,31140,-1278,0,0,1,0,1,0
1941,1010416,-226,308,-604,-522,-22066,30143,-748,0,0,1,0,1,0
1942,1010937,-265,286,3542,3563,-25947,27988,-189,0,0,1,0,1,0
1943,1011458,-295,253,7571,7529,-28831,24758,377,0,0,1,0,1,0
1944,1011979,-313,210,11328,11226,-30607,20576,929,0,0,1,0,1,0
1945,1012500,-319,160,14669,14509,-31207,15603,1445,0,0,1,0,1,0
1946,1013020,-313,103,17464,17253,-30607,10031,1905,0,0,1,0,1,0
1947,1013541,-295,42,19605,19352,-28831,4073,2292,0,0,1,0,1,0
1948,1014062,-265,-21,21011,20725,-25947,-2041,2592,0,0,1,0,1,0
1949,1014583,-226,-83,21626,21318,-22066,-8077,2791,0,0,1,0,1,0
1950,1015104,-177,-141,21427,21109,-17337,-13802,2883,0,0,1,0,1,0
1951,1015625,-122,-194,20422,20105,-11942,-18997,2865,0,0,1,0,1,0
1952,1016145,-62,-240,18647,18345,-6088,-23462,2736,0,0,1,0,1,0
1953,1016666,0,-276,16172,15895,0,-27026,2502,0,0,1,0,1,0
1954,1017187,62,-302,13090,12850,6088,-29551,2172,0,0,1,0,1,0
1955,1017708,122,-316,9521,9327,11942,-30940,1759,0,0,1,0,1,0
1956,1018229,177,-319,5601,5460,17337,-31140,1278,0,0,1,0,1,0
1957,1018750,226,-308,1481,1398,22066,-30143,748,0,0,1,0,1,0
1958,1019270,265,-286,-2683,-2704,25947,-27988,189,0,0,1,0,1,0
1959,1019791,295,-253,-6729,-6687,28831,-24758,-377,0,0,1,0,1,0
1960,1020312,313,-210,-10502,-10400,30607,-20576,-929,0,0,1,0,1,0
1961,1020833,319,-160,-13859,-13699,31207,-15603,-1445,0,0,1,0,1,0
1962,1021354,313,-103,-16670,-16459,30607,-10031,-1905,0,0,1,0,1,0
1963,1021875,295,-42,-18827,-18573,28831,-4073,-2292,0,0,1,0,1,0
1964,1022395,265,21,-20247,-19961,25947,2041,-2592,0,0,1,0,1,0
1965,1022916,226,83,-20878,-20569,22066,8077,-2791,0,0,1,0,1,0
1966,1023437,177,141,-20693,-20375,17337,13802,-2883,0,0,1,0,1,0
1967,1023958,122,194,-19702,-19385,11942,18997,-2865,0,0,1,0,1,0
1968,1024479,62,240,-17941,-17639,6088,23462,-2736,0,0,1,0,1,0
1969,1024999,0,276,-15479,-15203,0,27026,-2502,0,0,1,0,1,0
1970,1025520,-62,302,-12412,-12172,-6088,29551,-2172,0,0,1,0,1,0
1971,1026041,-122,316,-8856,-8661,-11942,30940,-1759,0,0,1,0,1,0
1972,1026562,-177,319,-4949,-4807,-17337,31140,-1278,0,0,1,0,1,0
1973,1027083,-226,308,-841,-758,-22066,30143,-748,0,0,1,0,1,0
1974,1027604,-265,286,3310,3331,-25947,27988,-189,0,0,1,0,1,0
1975,1028125,-295,253,7344,7302,-28831,24758,377,0,0,1,0,1,0
1976,1028645,-313,210,11106,11003,-30607,20576,929,0,0,1,0,1,0
1977,1029166,-319,160,14451,14291,-31207,15603,1445,0,0,1,0,1,0
1978,1029687,-313,103,17250,17039,-30607,10031,1905,0,0,1,0,1,0
1979,1030208,-295,42,19395,19142,-28831,4073,2292,0,0,1,0,1,0
1980,1030729,-265,-21,20805,20519,-25947,-2041,2592,0,0,1,0,1,0
1981,1031250,-226,-83,21425,21116,-22066,-8077,2791,0,0,1,0,1,0
1982,1031770,-177,-141,21230,20911,-17337,-13802,2883,0,0,1,0,1,0
1983,1032291,-122,-194,20227,19911,-11942,-18997,2865,0,0,1,0,1,0
1984,1032812,-62,-240,18457,18154,-6088,-23462,2736,0,0,1,0,1,0
1985,1033333,0,-276,15985,15709,0,-27026,2502,0,0,1,0,1,0
1986,1033854,62,-302,12907,12667,6088,-29551,2172,0,0,1,0,1,0
1987,1034375,122,-316,9342,9148,11942,-30940,1759,0,0,1,0,1,0
1988,1034895,177,-319,5425,5284,17337,-31140,1278,0,0,1,0,1,0
1989,1035416,226,-308,1308,1225,22066,-30143,748,0,0,1,0,1,0
1990,1035937,265,-286,-2852,-2873,25947,-27988,189,0,0,1,0,1,0
1991,1036458,295,-253,-6895,-6853,28831,-24758,-377,0,0,1,0,1,0
1992,1036979,313,-210,-10665,-10562,30607,-20576,-929,0,0,1,0,1,0
1993,1037500,319,-160,-14018,-13859,31207,-15603,-1445,0,0,1,0,1,0
1994,1038020,313,-103,-16826,-16616,30607,-10031,-1905,0,0,1,0,1,0
1995,1038541,295,-42,-18980,-18727,28831,-4073,-2292,0,0,1,0,1,0
1996,1039062,265,21,-20398,-20112,25947,2041,-2592,0,0,1,0,1,0
1997,1039583,226,83,-21025,-20717,22066,8077,-2791,0,0,1,0,1,0
1998,1040104,177,141,-20838,-20519,17337,13802,-2883,0,0,1,0,1,0
1999,1040624,122,194,-19843,-19527,11942,18997,-2865,0,0,1,0,1,0
2000,1041145,62,240,-18080,-17778,6088,23462,-2736,0,0,1,0,1,0
2001,1041666,0,276,-15616,-15339,0,27026,-2502,0,0,1,0,1,0
2002,1042187,-62,302,-12545,-12305,-6088,29551,-2172,0,0,1,0,1,0
2003,1042708,-122,316,-8987,-8792,-11942,30940,-1759,0,0,1,0,1,0
2004,1043229,-177,319,-5077,-4936,-17337,31140,-1278,0,0,1,0,1,0
2005,1043750,-226,308,-967,-884,-22066,30143,-748,0,0,1,0,1,0
2006,1044270,-265,286,3187,3207,-25947,27988,-189,0,0,1,0,1,0
2007,1044791,-295,253,7223,7181,-28831,24758,377,0,0,1,0,1,0
2008,1045312,-313,210,10987,10884,-30607,20576,929,0,0,1,0,1,0
2009,1045833,-319,160,14334,14174,-31207,15603,1445,0,0,1,0,1,0
2010,1046354,-313,103,17135,16925,-30607,10031,1905,0,0,1,0,1,0
2011,1046875,-295,42,19283,19030,-28831,4073,2292,0,0,1,0,1,0
2012,1047395,-265,-21,20695,20409,-25947,-2041,2592,0,0,1,0,1,0
2013,1047916,-226,-83,21317,21009,-22066,-8077,2791,0,0,1,0,1,0
2014,1048437,-177,-141,21124,20805,-17337,-13802,2883,0,0,1,0,1,0
2015,1048958,-122,-194,20124,19807,-11942,-18997,2865,0,0,1,0,1,0
2016,1049479,-62,-240,18355,18053,-6088,-23462,2736,0,0,1,0,1,0
2017,1050000,0,-276,15885,15609,0,-27026,2502,0,0,1,0,1,0
2018,1050520,62,-302,12810,12570,6088,-29551,2172,0,0,1,0,1,0
2019,1051041,122,-316,9246,9052,11942,-30940,1759,0,0,1,0,1,0
2020,1051562,177,-319,5331,5190,17337,-31140,1278,0,0,1,0,1,0
2021,1052083,226,-308,1216,1133,22066,-30143,748,0,0,1,0,1,0
2022,1052604,265,-286,-2942,-2963,25947,-27988,189,0,0,1,0,1,0
2023,1053125,295,-253,-6983,-6941,28831,-24758,-377,0,0,1,0,1,0
2024,1053645,313,-210,-10752,-10649,30607,-20576,-929,0,0,1,0,1,0
2025,1054166,319,-160,-14104,-13944,31207,-15603,-1445,0,0,1,0,1,0
2026,1054687,313,-103,-16909,-16699,30607,-10031,-1905,0,0,1,0,1,0
2027,1055208,295,-42,-19062,-18809,28831,-4073,-2292,0,0,1,0,1,0
2028,1055729,265,21,-20478,-20192,25947,2041,-2592,0,0,1,0,1,0
2029,1056250,226,83,-21104,-20795,22066,8077,-2791,0,0,1,0,1,0
2030,1056770,177,141,-20915,-20596,17337,13802,-2883,0,0,1,0,1,0
2031,1057291,122,194,-19919,-19603,11942,18997,-2865,0,0,1,0,1,0
2032,1057812,62,240,-18154,-17852,6088,23462,-2736,0,0,1,0,1,0
2033,1058333,0,276,-15688,-15412,0,27026,-2502,0,0,1,0,1,0
2034,1058854,-62,302,-12617,-12377,-6088,29551,-2172,0,0,1,0,1,0
2035,1059375,-122,316,-9057,-8862,-11942,30940,-1759,0,0,1,0,1,0
2036,1059895,-177,319,-5146,-5004,-17337,31140,-1278,0,0,1,0,1,0
2037,1060416,-226,308,-1034,-951,-22066,30143,-748,0,0,1,0,1,0
2038,1060937,-265,286,3121,3142,-25947,27988,-189,0,0,1,0,1,0
2039,1061458,-295,253,7158,7117,-28831,24758,377,0,0,1,0,1,0
2040,1061979,-313,210,10924,10821,-30607,20576,929,0,0,1,0,1,0
2041,1062500,-319,160,14272,14112,-31207,15603,1445,0,0,1,0,1,0
2042,1063020,-313,103,17075,16864,-30607,10031,1905,0,0,1,0,1,0
2043,1063541,-295,42,19224,18970,-28831,4073,2292,0,0,1,0,1,0
2044,1064062,-265,-21,20637,20350,-25947,-2041,2592,0,0,1,0,1,0
2045,1064583,-226,-83,21259,20951,-22066,-8077,2791,0,0,1,0,1,0
2046,1065104,-177,-141,21068,20749,-17337,-13802,2883,0,0,1,0,1,0
2047,1065625,-122,-194,20069,19752,-11942,-18997,2865,0,0,1,0,1,0
2048,1066145,-62,-240,18301,17999,-6088,-23462,2736,0,0,1,0,1,0
2049,1066666,0,-276,15832,15556,0,-27026,2502,0,0,1,0,1,0
2050,1067187,62,-302,12758,12518,6088,-29551,2172,0,0,1,0,1,0
2051,1067708,122,-316,9195,9001,11942,-30940,1759,0,0,1,0,1,0
2052,1068229,177,-319,5281,5140,17337,-31140,1278,0,0,1,0,1,0
2053,1068750,226,-308,1167,1084,22066,-30143,748,0,0,1,0,1,0
2054,1069270,265,-286,-2990,-3011,25947,-27988,189,0,0,1,0,1,0
2055,1069791,295,-253,-7030,-6989,28831,-24758,-377,0,0,1,0,1,0
2056,1070312,313,-210,-10798,-10696,30607,-20576,-929,0,0,1,0,1,0
2057,1070833,319,-160,-14149,-13989,31207,-15603,-1445,0,0,1,0,1,0
2058,1071354,313,-103,-16954,-16743,30607,-10031,-1905,0,0,1,0,1,0
2059,1071875,295,-42,-19105,-18852,28831,-4073,-2292,0,0,1,0,1,0
2060,1072395,265,21,-20521,-20235,25947,2041,-2592,0,0,1,0,1,0
2061,1072916,226,83,-21146,-20837,22066,8077,-2791,0,0,1,0,1,0
2062,1073437,177,141,-20956,-20638,17337,13802,-2883,0,0,1,0,1,0
2063,1073958,122,194,-19959,-19643,11942,18997,-2865,0,0,1,0,1,0
2064,1074479,62,240,-18194,-17891,6088,23462,-2736,0,0,1,0,1,0
2065,1075000,0,276,-15727,-15451,0,27026,-2502,0,0,1,0,1,0
2066,1075520,-62,302,-12655,-12415,-6088,29551,-2172,0,0,1,0,1,0
2067,1076041,-122,316,-9094,-8900,-11942,30940,-1759,0,0,1,0,1,0
2068,1076562,-177,319,-5182,-5041,-17337,31140,-1278,0,0,1,0,1,0
2069,1077083,-226,308,-1070,-987,-22066,30143,-748,0,0,1,0,1,0
2070,1077604,-265,286,3086,3106,-25947,27988,-189,0,0,1,0,1,0
2071,1078125,-295,253,7124,7082,-28831,24758,377,0,0,1,0,1,0
2072,1078645,-313,210,10890,10787,-30607,20576,929,0,0,1,0,1,0
2073,1079166,-319,160,14239,14079,-31207,15603,1445,0,0,1,0,1,0
2074,1079687,-313,103,17042,16832,-30607,10031,1905,0,0,1,0,1,0
2075,1080208,-295,42,19192,18939,-28831,4073,2292,0,0,1,0,1,0
2076,1080729,-265,-21,20606,20319,-25947,-2041,2592,0,0,1,0,1,0
2077,1081250,-226,-83,21229,20920,-22066,-8077,2791,0,0,1,0,1,0
2078,1081770,-177,-141,21038,20719,-17337,-13802,2883,0,0,1,0,1,0
2079,1082291,-122,-194,20039,19723,-11942,-18997,2865,0,0,1,0,1,0
2080,1082812,-62,-240,18272,17970,-6088,-23462,2736,0,0,1,0,1,0
2081,1083333,0,-276,15804,15528,0,-27026,2502,0,0,1,0,1,0
2082,1083854,62,-302,12730,12490,6088,-29551,2172,0,0,1,0,1,0
2083,1084375,122,-316,9168,8973,11942,-30940,1759,0,0,1,0,1,0
2084,1084895,177,-319,5255,5113,17337,-31140,1278,0,0,1,0,1,0
2085,1085416,226,-308,1141,1058,22066,-30143,748,0,0,1,0,1,0
2086,1085937,265,-286,-3016,-3037,25947,-27988,189,0,0,1,0,1,0
2087,1086458,295,-253,-7056,-7014,28831,-24758,-377,0,0,1,0,1,0
2088,1086979,313,-210,-10823,-10720,30607,-20576,-929,0,0,1,0,1,0
2089,1087500,319,-160,-14173,-14014,31207,-15603,-1445,0,0,1,0,1,0
2090,1088020,313,-103,-16978,-16767,30607,-10031,-1905,0,0,1,0,1,0
2091,1088541,295,-42,-19129,-18875,28831,-4073,-2292,0,0,1,0,1,0
2092,1089062,265,21,-20544,-20257,25947,2041,-2592,0,0,1,0,1,0
2093,1089583,226,83,-21168,-20860,22066,8077,-2791,0,0,1,0,1,0
2094,1090104,177,141,-20978,-20660,17337,13802,-2883,0,0,1,0,1,0
2095,1090625,122,194,-19981,-19664,11942,18997,-2865,0,0,1,0,1,0
2096,1091145,62,240,-18215,-17913,6088,23462,-2736,0,0,1,0,1,0
2097,1091666,0,276,-15748,-15471,0,27026,-2502,0,0,1,0,1,0
2098,1092187,-62,302,-12675,-12435,-6088,29551,-2172,0,0,1,0,1,0
2099,1092708,-122,316,-9114,-8920,-11942,30940,-1759,0,0,1,0,1,0
2100,1093229,-177,319,-5202,-5061,-17337,31140,-1278,0,0,1,0,1,0
2101,1093750,-226,308,-1089,-1006,-22066,30143,-748,0,0,1,0,1,0
2102,1094270,-265,286,3067,3088,-25947,27988,-189,0,0,1,0,1,0
2103,1094791,-295,253,7105,7064,-28831,24758,377,0,0,1,0,1,0
2104,1095312,-313,210,10872,10769,-30607,20576,929,0,0,1,0,1,0
2105,1095833,-319,160,14221,14061,-31207,15603,1445,0,0,1,0,1,0
2106,1096354,-313,103,17025,16814,-30607,10031,1905,0,0,1,0,1,0
2107,1096875,-295,42,19175,18922,-28831,4073,2292,0,0,1,0,1,0
2108,1097395,-265,-21,20589,20303,-25947,-2041,2592,0,0,1,0,1,0
2109,1097916,-226,-83,21212,20904,-22066,-8077,2791,0,0,1,0,1,0
2110,1098437,-177,-141,21021,20703,-17337,-13802,2883,0,0,1,0,1,0
2111,1098958,-122,-194,20023,19707,-11942,-18997,2865,0,0,1,0,1,0
2112,1099479,-62,-240,18257,17954,-6088,-23462,2736,0,0,1,0,1,0
2113,1100000,0,-276,15789,15512,0,-27026,2502,0,0,1,0,1,0
2114,1100520,62,-302,12715,12475,6088,-29551,2172,0,0,1,0,1,0
2115,1101041,122,-316,9153,8959,11942,-30940,1759,0,0,1,0,1,0
2116,1101562,177,-319,5240,5099,17337,-31140,1278,0,0,1,0,1,0
2117,1102083,226,-308,1127,1044,22066,-30143,748,0,0,1,0,1,0
2118,1102604,265,-286,-3030,-3051,25947,-27988,189,0,0,1,0,1,0
2119,1103125,295,-253,-7069,-7027,28831,-24758,-377,0,0,1,0,1,0
2120,1103645,313,-210,-10836,-10733,30607,-20576,-929,0,0,1,0,1,0
2121,1104166,319,-160,-14186,-14026,31207,-15603,-1445,0,0,1,0,1,0
2122,1104687,313,-103,-16990,-16780,30607,-10031,-1905,0,0,1,0,1,0
2123,1105208,295,-42,-19141,-18888,28831,-4073,-2292,0,0,1,0,1,0
2124,1105729,265,21,-20556,-20270,25947,2041,-2592,0,0,1,0,1,0
2125,1106250,226,83,-21180,-20872,22066,8077,-2791,0,0,1,0,1,0
2126,1106770,177,141,-20990,-20671,17337,13802,-2883,0,0,1,0,1,0
2127,1107291,122,194,-19992,-19676,11942,18997,-2865,0,0,1,0,1,0
2128,1107812,62,240,-18226,-17924,6088,23462,-2736,0,0,1,0,1,0
2129,1108333,0,276,-15759,-15483,0,27026,-2502,0,0,1,0,1,0
2130,1108854,-62,302,-12686,-12446,-6088,29551,-2172,0,0,1,0,1,0
2131,1109375,-122,316,-9125,-8930,-11942,30940,-1759,0,0,1,0,1,0
2132,1109895,-177,319,-5212,-5071,-17337,31140,-1278,0,0,1,0,1,0
2133,1110416,-226,308,-1099,-1016,-22066,30143,-748,0,0,1,0,1,0
2134,1110937,-265,286,3057,3078,-25947,27988,-189,0,0,1,0,1,0
2135,1111458,-295,253,7096,7054,-28831,24758,377,0,0,1,0,1,0
2136,1111979,-313,210,10862,10759,-30607,20576,929,0,0,1,0,1,0
2137,1112500,-319,160,14212,14052,-31207,15603,1445,0,0,1,0,1,0
2138,1113020,-313,103,17015,16805,-30607,10031,1905,0,0,1,0,1,0
2139,1113541,-295,42,19166,18913,-28831,4073,2292,0,0,1,0,1,0
2140,1114062,-265,-21,20580,20294,-25947,-2041,2592,0,0,1,0,1,0
2141,1114583,-226,-83,21204,20895,-22066,-8077,2791,0,0,1,0,1,0
2142,1115104,-177,-141,21013,20694,-17337,-13802,2883,0,0,1,0,1,0
2143,1115625,-122,-194,20015,19699,-11942,-18997,2865,0,0,1,0,1,0
2144,1116145,-62,-240,18248,17946,-6088,-23462,2736,0,0,1,0,1,0
2145,1116666,0,-276,15781,15504,0,-27026,2502,0,0,1,0,1,0
2146,1117187,62,-302,12707,12467,6088,-29551,2172,0,0,1,0,1,0
2147,1117708,122,-316,9146,8951,11942,-30940,1759,0,0,1,0,1,0
2148,1118229,177,-319,5233,5092,17337,-31140,1278,0,0,1,0,1,0
2149,1118750,226,-308,1119,1037,22066,-30143,748,0,0,1,0,1,0
2150,1119270,265,-286,-3037,-3058,25947,-27988,189,0,0,1,0,1,0
2151,1119791,295,-253,-7076,-7034,28831,-24758,-377,0,0,1,0,1,0
2152,1120312,313,-210,-10843,-10740,30607,-20576,-929,0,0,1,0,1,0
2153,1120833,319,-160,-14193,-14033,31207,-15603,-1445,0,0,1,0,1,0
2154,1121354,313,-103,-16997,-16787,30607,-10031,-1905,0,0,1,0,1,0
2155,1121875,295,-42,-19148,-18895,28831,-4073,-2292,0,0,1,0,1,0
2156,1122395,265,21,-20562,-20276,25947,2041,-2592,0,0,1,0,1,0
2157,1122916,226,83,-21186,-20878,22066,8077,-2791,0,0,1,0,1,0
2158,1123437,177,141,-20996,-20677,17337,13802,-2883,0,0,1,0,1,0
2159,1123958,122,194,-19998,-19682,11942,18997,-2865,0,0,1,0,1,0
2160,1124479,62,240,-18232,-17930,6088,23462,-2736,0,0,1,0,1,0
2161,1125000,0,276,-15765,-15488,0,27026,-2502,0,0,1,0,1,0
2162,1125520,-62,302,-12692,-12452,-6088,29551,-2172,0,0,1,0,1,0
2163,1126041,-122,316,-9130,-8936,-11942,30940,-1759,0,0,1,0,1,0
2164,1126562,-177,319,-5218,-5077,-17337,31140,-1278,0,0,1,0,1,0
2165,1127083,-226,308,-1104,-1022,-22066,30143,-748,0,0,1,0,1,0
2166,1127604,-265,286,3051,3072,-25947,27988,-189,0,0,1,0,1,0
2167,1128125,-295,253,7090,7049,-28831,24758,377,0,0,1,0,1,0
2168,1128645,-313,210,10857,10754,-30607,20576,929,0,0,1,0,1,0
2169,1129166,-319,160,14207,14047,-31207,15603,1445,0,0,1,0,1,0
2170,1129687,-313,103,17010,16800,-30607,10031,1905,0,0,1,0,1,0
2171,1130208,-295,42,19161,18908,-28831,4073,2292,0,0,1,0,1,0
2172,1130729,-265,-21,20575,20289,-25947,-2041,2592,0,0,1,0,1,0
2173,1131250,-226,-83,21199,20891,-22066,-8077,2791,0,0,1,0,1,0
2174,1131770,-177,-141,21008,20690,-17337,-13802,2883,0,0,1,0,1,0
2175,1132291,-122,-194,20011,19694,-11942,-18997,2865,0,0,1,0,1,0
2176,1132812,-62,-240,18244,17942,-6088,-23462,2736,0,0,1,0,1,0
2177,1133333,0,-276,15777,15500,0,-27026,2502,0,0,1,0,1,0
2178,1133854,62,-302,12703,12463,6088,-29551,2172,0,0,1,0,1,0
2179,1134375,122,-316,9141,8947,11942,-30940,1759,0,0,1,0,1,0
2180,1134895,177,-319,5229,5088,17337,-31140,1278,0,0,1,0,1,0
2181,1135416,226,-308,1115,1033,22066,-30143,748,0,0,1,0,1,0
2182,1135937,265,-286,-3041,-3062,25947,-27988,189,0,0,1,0,1,0
2183,1136458,295,-253,-7080,-7038,28831,-24758,-377,0,0,1,0,1,0
2184,1136979,313,-210,-10847,-10744,30607,-20576,-929,0,0,1,0,1,0
2185,1137500,319,-160,-14197,-14037,31207,-15603,-1445,0,0,1,0,1,0
2186,1138020,313,-103,-17001,-16790,30607,-10031,-1905,0,0,1,0,1,0
2187,1138541,295,-42,-19151,-18898,28831,-4073,-2292,0,0,1,0,1,0
2188,1139062,265,21,-20566,-20280,25947,2041,-2592,0,0,1,0,1,0
2189,1139583,226,83,-21190,-20881,22066,8077,-2791,0,0,1,0,1,0
2190,1140104,177,141,-20999,-20681,17337,13802,-2883,0,0,1,0,1,0
2191,1140625,122,194,-20002,-19685,11942,18997,-2865,0,0,1,0,1,0
2192,1141145,62,240,-18235,-17933,6088,23462,-2736,0,0,1,0,1,0
2193,1141666,0,276,-15768,-15492,0,27026,-2502,0,0,1,0,1,0
2194,1142187,-62,302,-12695,-12455,-6088,29551,-2172,0,0,1,0,1,0
2195,1142708,-122,316,-9133,-8939,-11942,30940,-1759,0,0,1,0,1,0
2196,1143229,-177,319,-5221,-5079,-17337,31140,-1278,0,0,1,0,1,0
2197,1143750,-226,308,-1107,-1025,-22066,30143,-748,0,0,1,0,1,0
2198,1144270,-265,286,3049,3069,-25947,27988,-189,0,0,1,0,1,0
2199,1144791,-295,253,7088,7046,-28831,24758,377,0,0,1,0,1,0
2200,1145312,-313,210,10854,10752,-30607,20576,929,0,0,1,0,1,0
2201,1145833,-319,160,14204,14044,-31207,15603,1445,0,0,1,0,1,0
2202,1146354,0,0,0,0,0,0,0,1,0,0,0,0,0
2203,1146875,0,0,0,0,0,0,0,1,0,0,0,0,0
2204,1147395,0,0,0,0,0,0,0,1,0,0,0,0,0
2205,1147916,0,0,0,0,0,0,0,1,0,0,0,0,0
2206,1148437,0,0,0,0,0,0,0,1,0,0,0,0,0
2207,1148958,0,0,0,0,0,0,0,1,0,0,0,0,0
2208,1149479,0,0,0,0,0,0,0,1,0,0,0,0,0
2209,1150000,0,0,0,0,0,0,0,1,0,0,0,0,0
2210,1150520,0,0,0,0,0,0,0,1,0,0,0,0,0
2211,1151041,0,0,0,0,0,0,0,1,0,0,0,0,0
2212,1151562,0,0,0,0,0,0,0,1,0,0,0,0,0
2213,1152083,0,0,0,0,0,0,0,1,0,0,0,0,0
2214,1152604,0,0,0,0,0,0,0,1,0,0,0,0,0
2215,1153125,0,0,0,0,0,0,0,1,0,0,0,0,0
2216,1153645,0,0,0,0,0,0,0,1,0,0,0,0,0
2217,1154166,0,0,0,0,0,0,0,1,0,0,0,0,0
2218,1154687,0,0,0,0,0,0,0,1,0,0,0,0,0
2219,1155208,0,0,0,0,0,0,0,1,0,0,0,0,0
2220,1155729,0,0,0,0,0,0,0,1,0,0,0,0,0
2221,1156250,0,0,0,0,0,0,0,1,0,0,0,0,0
2222,1156770,0,0,0,0,0,0,0,1,0,0,0,0,0
2223,1157291,0,0,0,0,0,0,0,1,0,0,0,0,0
2224,1157812,0,0,0,0,0,0,0,1,0,0,0,0,0
2225,1158333,0,0,0,0,0,0,0,1,0,0,0,0,0
2226,1158854,0,0,0,0,0,0,0,1,0,0,0,0,0
2227,1159375,0,0,0,0,0,0,0,1,0,0,0,0,0
2228,1159895,0,0,0,0,0,0,0,1,0,0,0,0,0
2229,1160416,0,0,0,0,0,0,0,1,0,0,0,0,0
2230,1160937,0,0,0,0,0,0,0,1,0,0,0,0,0
2231,1161458,0,0,0,0,0,0,0,1,0,0,0,0,0
2232,1161979,0,0,0,0,0,0,0,1,0,0,0,0,0
2233,1162500,0,0,0,0,0,0,0,1,0,0,0,0,0
2234,1163020,0,0,0,0,0,0,0,1,0,0,0,0,0
2235,1163541,0,0,0,0,0,0,0,1,0,0,0,0,0
2236,1164062,0,0,0,0,0,0,0,1,0,0,0,0,0
2237,1164583,0,0,0,0,0,0,0,1,0,0,0,0,0
2238,1165104,0,0,0,0,0,0,0,1,0,0,0,0,0
2239,1165625,0,0,0,0,0,0,0,1,0,0,0,0,0
2240,1166145,0,0,0,0,0,0,0,1,0,0,0,0,0
2241,1166666,0,0,0,0,0,0,0,1,0,0,0,0,0
2242,1167187,0,0,0,0,0,0,0,1,0,0,0,0,0
2243,1167708,0,0,0,0,0,0,0,1,0,0,0,0,0
2244,1168229,0,0,0,0,0,0,0,1,0,0,0,0,0
2245,1168750,0,0,0,0,0,0,0,1,0,0,0,0,0
2246,1169270,0,0,0,0,0,0,0,1,0,0,0,0,0
2247,1169791,0,0,0,0,0,0,0,1,0,0,0,0,0
2248,1170312,0,0,0,0,0,0,0,1,0,0,0,0,0
2249,1170833,0,0,0,0,0,0,0,1,0,0,0,0,0
2250,1171354,0,0,0,0,0,0,0,1,0,0,0,0,0
2251,1171875,0,0,0,0,0,0,0,1,0,0,0,0,0
2252,1172395,0,0,0,0,0,0,0,1,0,0,0,0,0
2253,1172916,0,0,0,0,0,0,0,1,0,0,0,0,0
2254,1173437,0,0,0,0,0,0,0,1,0,0,0,0,0
2255,1173958,0,0,0,0,0,0,0,1,0,0,0,0,0
2256,1174479,0,0,0,0,0,0,0,1,0,0,0,0,0
2257,1175000,0,0,0,0,0,0,0,1,0,0,0,0,0
2258,1175520,0,0,0,0,0,0,0,1,0,0,0,0,0
2259,1176041,0,0,0,0,0,0,0,1,0,0,0,0,0
2260,1176562,0,0,0,0,0,0,0,1,0,0,0,0,0
2261,1177083,0,0,0,0,0,0,0,1,0,0,0,0,0
2262,1177604,0,0,0,0,0,0,0,1,0,0,0,0,0
2263,1178125,0,0,0,0,0,0,0,1,0,0,0,0,0
2264,1178645,0,0,0,0,0,0,0,1,0,0,0,0,0
2265,1179166,0,0,0,0,0,0,0,1,0,0,0,0,0
2266,1179687,0,0,0,0,0,0,0,1,0,0,0,0,0
2267,1180208,0,0,0,0,0,0,0,1,0,0,0,0,0
2268,1180729,0,0,0,0,0,0,0,1,0,0,0,0,0
2269,1181250,0,0,0,0,0,0,0,1,0,0,0,0,0
2270,1181770,0,0,0,0,0,0,0,1,0,0,0,0,0
2271,1182291,0,0,0,0,0,0,0,1,0,0,0,0,0
2272,1182812,0,0,0,0,0,0,0,1,0,0,0,0,0
2273,1183333,0,0,0,0,0,0,0,1,0,0,0,0,0
2274,1183854,0,0,0,0,0,0,0,1,0,0,0,0,0
2275,1184375,0,0,0,0,0,0,0,1,0,0,0,0,0
2276,1184895,0,0,0,0,0,0,0,1,0,0,0,0,0
2277,1185416,0,0,0,0,0,0,0,1,0,0,0,0,0
2278,1185937,0,0,0,0,0,0,0,1,0,0,0,0,0
2279,1186458,0,0,0,0,0,0,0,1,0,0,0,0,0
2280,1186979,0,0,0,0,0,0,0,1,0,0,0,0,0
2281,1187500,0,0,0,0,0,0,0,1,0,0,0,0,0
2282,1188020,0,0,0,0,0,0,0,1,0,0,0,0,0
2283,1188541,0,0,0,0,0,0,0,1,0,0,0,0,0
2284,1189062,0,0,0,0,0,0,0,1,0,0,0,0,0
2285,1189583,0,0,0,0,0,0,0,1,0,0,0,0,0
2286,1190104,0,0,0,0,0,0,0,1,0,0,0,0,0
2287,1190625,0,0,0,0,0,0,0,1,0,0,0,0,0
2288,1191145,0,0,0,0,0,0,0,1,0,0,0,0,0
2289,1191666,0,0,0,0,0,0,0,1,0,0,0,0,0
2290,1192187,0,0,0,0,0,0,0,1,0,0,0,0,0
2291,1192708,0,0,0,0,0,0,0,1,0,0,0,0,0
2292,1193229,0,0,0,0,0,0,0,1,0,0,0,0,0
2293,1193750,0,0,0,0,0,0,0,1,0,0,0,0,0
2294,1194270,0,0,0,0,0,0,0,1,0,0,0,0,0
2295,1194791,0,0,0,0,0,0,0,1,0,0,0,0,0
2296,1195312,0,0,0,0,0,0,0,1,0,0,0,0,0
2297,1195833,0,0,0,0,0,0,0,1,0,0,0,0,0
2298,1196354,0,0,0,0,0,0,0,1,0,0,0,0,0
2299,1196875,0,0,0,0,0,0,0,1,0,0,0,0,0
2300,1197395,0,0,0,0,0,0,0,1,0,0,0,0,0
2301,1197916,0,0,0,0,0,0,0,1,0,0,0,0,0
2302,1198437,0,0,0,0,0,0,0,1,0,0,0,0,0
2303,1198958,0,0,0,0,0,0,0,1,0,0,0,0,0
2304,1199479,0,0,0,0,0,0,0,1,0,0,0,0,0
2305,1200000,0,0,0,0,0,0,0,1,0,0,0,0,0
2306,1200520,0,0,0,0,0,0,0,1,0,0,0,0,0
2307,1201041,0,0,0,0,0,0,0,1,0,0,0,0,0
2308,1201562,0,0,0,0,0,0,0,1,0,0,0,0,0
2309,1202083,0,0,0,0,0,0,0,1,0,0,0,0,0
2310,1202604,0,0,0,0,0,0,0,1,0,0,0,0,0
2311,1203125,0,0,0,0,0,0,0,1,0,0,0,0,0
2312,1203645,0,0,0,0,0,0,0,1,0,0,0,0,0
2313,1204166,0,0,0,0,0,0,0,1,0,0,0,0,0
2314,1204687,0,0,0,0,0,0,0,1,0,0,0,0,0
2315,1205208,0,0,0,0,0,0,0,1,0,0,0,0,0
2316,1205729,0,0,0,0,0,0,0,1,0,0,0,0,0
2317,1206250,0,0,0,0,0,0,0,1,0,0,0,0,0
2318,1206770,0,0,0,0,0,0,0,1,0,0,0,0,0
2319,1207291,0,0,0,0,0,0,0,1,0,0,0,0,0
2320,1207812,0,0,0,0,0,0,0,1,0,0,0,0,0
2321,1208333,0,0,0,0,0,0,0,1,0,0,0,0,0
2322,1208854,0,0,0,0,0,0,0,1,0,0,0,0,0
2323,1209375,0,0,0,0,0,0,0,1,0,0,0,0,0
2324,1209895,0,0,0,0,0,0,0,1,0,0,0,0,0
2325,1210416,0,0,0,0,0,0,0,1,0,0,0,0,0
2326,1210937,0,0,0,0,0,0,0,1,0,0,0,0,0
2327,1211458,0,0,0,0,0,0,0,1,0,0,0,0,0
2328,1211979,0,0,0,0,0,0,0,1,0,0,0,0,0
2329,1212500,0,0,0,0,0,0,0,1,0,0,0,0,0
2330,1213020,0,0,0,0,0,0,0,1,0,0,0,0,0
2331,1213541,0,0,0,0,0,0,0,1,0,0,0,0,0
2332,1214062,0,0,0,0,0,0,0,1,0,0,0,0,0
2333,1214583,0,0,0,0,0,0,0,1,0,0,0,0,0
2334,1215104,0,0,0,0,0,0,0,1,0,0,0,0,0
2335,1215625,0,0,0,0,0,0,0,1,0,0,0,0,0
2336,1216145,0,0,0,0,0,0,0,1,0,0,0,0,0
2337,1216666,0,0,0,0,0,0,0,1,0,0,0,0,0
2338,1217187,0,0,0,0,0,0,0,1,0,0,0,0,0
2339,1217708,0,0,0,0,0,0,0,1,0,0,0,0,0
2340,1218229,0,0,0,0,0,0,0,1,0,0,0,0,0
2341,1218750,0,0,0,0,0,0,0,1,0,0,0,0,0
2342,1219270,0,0,0,0,0,0,0,1,0,0,0,0,0
2343,1219791,0,0,0,0,0,0,0,1,0,0,0,0,0
2344,1220312,0,0,0,0,0,0,0,1,0,0,0,0,0
2345,1220833,0,0,0,0,0,0,0,1,0,0,0,0,0
2346,1221354,0,0,0,0,0,0,0,1,0,0,0,0,0
2347,1221875,0,0,0,0,0,0,0,1,0,0,0,0,0
2348,1222395,0,0,0,0,0,0,0,1,0,0,0,0,0
2349,1222916,0,0,0,0,0,0,0,1,0,0,0,0,0
2350,1223437,0,0,0,0,0,0,0,1,0,0,0,0,0
2351,1223958,0,0,0,0,0,0,0,1,0,0,0,0,0
2352,1224479,0,0,0,0,0,0,0,1,0,0,0,0,0
2353,1225000,0,0,0,0,0,0,0,1,0,0,0,0,0
2354,1225520,0,0,0,0,0,0,0,1,0,0,0,0,0
2355,1226041,0,0,0,0,0,0,0,1,0,0,0,0,0
2356,1226562,0,0,0,0,0,0,0,1,0,0,0,0,0
2357,1227083,0,0,0,0,0,0,0,1,0,0,0,0,0
2358,1227604,0,0,0,0,0,0,0,1,0,0,0,0,0
2359,1228125,0,0,0,0,0,0,0,1,0,0,0,0,0
2360,1228645,0,0,0,0,0,0,0,1,0,0,0,0,0
2361,1229166,0,0,0,0,0,0,0,1,0,0,0,0,0
2362,1229687,0,0,0,0,0,0,0,1,0,0,0,0,0
2363,1230208,0,0,0,0,0,0,0,1,0,0,0,0,0
2364,1230729,0,0,0,0,0,0,0,1,0,0,0,0,0
2365,1231250,0,0,0,0,0,0,0,1,0,0,0,0,0
2366,1231770,0,0,0,0,0,0,0,1,0,0,0,0,0
2367,1232291,0,0,0,0,0,0,0,1,0,0,0,0,0
2368,1232812,0,0,0,0,0,0,0,1,0,0,0,0,0
2369,1233333,0,0,0,0,0,0,0,1,0,0,0,0,0
2370,1233854,0,0,0,0,0,0,0,1,0,0,0,0,0
2371,1234375,0,0,0,0,0,0,0,1,0,0,0,0,0
2372,1234895,0,0,0,0,0,0,0,1,0,0,0,0,0
2373,1235416,0,0,0,0,0,0,0,1,0,0,0,0,0
2374,1235937,0,0,0,0,0,0,0,1,0,0,0,0,0
2375,1236458,0,0,0,0,0,0,0,1,0,0,0,0,0
2376,1236979,0,0,0,0,0,0,0,1,0,0,0,0,0
2377,1237500,0,0,0,0,0,0,0,1,0,0,0,0,0
2378,1238020,0,0,0,0,0,0,0,1,0,0,0,0,0
2379,1238541,0,0,0,0,0,0,0,1,0,0,0,0,0
2380,1239062,0,0,0,0,0,0,0,1,0,0,0,0,0
2381,1239583,0,0,0,0,0,0,0,1,0,0,0,0,0
2382,1240104,0,0,0,0,0,0,0,1,0,0,0,0,0
2383,1240625,0,0,0,0,0,0,0,1,0,0,0,0,0
2384,1241145,0,0,0,0,0,0,0,1,0,0,0,0,0
2385,1241666,0,0,0,0,0,0,0,1,0,0,0,0,0
2386,1242187,0,0,0,0,0,0,0,1,0,0,0,0,0
2387,1242708,0,0,0,0,0,0,0,1,0,0,0,0,0
2388,1243229,0,0,0,0,0,0,0,1,0,0,0,0,0
2389,1243750,0,0,0,0,0,0,0,1,0,0,0,0,0
2390,1244270,0,0,0,0,0,0,0,1,0,0,0,0,0
2391,1244791,0,0,0,0,0,0,0,1,0,0,0,0,0
2392,1245312,0,0,0,0,0,0,0,1,0,0,0,0,0
2393,1245833,0,0,0,0,0,0,0,1,0,0,0,0,0
2394,1246354,0,0,0,0,0,0,0,1,0,0,0,0,0
2395,1246875,0,0,0,0,0,0,0,1,0,0,0,0,0
2396,1247395,0,0,0,0,0,0,0,1,0,0,0,0,0
2397,1247916,0,0,0,0,0,0,0,1,0,0,0,0,0
2398,1248437,0,0,0,0,0,0,0,1,0,0,0,0,0
2399,1248958,0,0,0,0,0,0,0,1,0,0,0,0,0
2400,1249479,0,0,0,0,0,0,0,1,0,0,0,0,0
2401,1250000,0,0,0,0,0,0,0,1,0,0,0,0,0
2402,1250520,0,0,0,0,0,0,0,1,0,0,0,0,0
2403,1251041,0,0,0,0,0,0,0,1,0,0,0,0,0
2404,1251562,0,0,0,0,0,0,0,1,0,0,0,0,0
2405,1252083,0,0,0,0,0,0,0,1,0,0,0,0,0
2406,1252604,0,0,0,0,0,0,0,1,0,0,0,0,0
2407,1253125,0,0,0,0,0,0,0,1,0,0,0,0,0
2408,1253645,0,0,0,0,0,0,0,1,0,0,0,0,0
2409,1254166,0,0,0,0,0,0,0,1,0,0,0,0,0
2410,1254687,0,0,0,0,0,0,0,1,0,0,0,0,0
2411,1255208,0,0,0,0,0,0,0,1,0,0,0,0,0
2412,1255729,0,0,0,0,0,0,0,1,0,0,0,0,0
2413,1256250,0,0,0,0,0,0,0,1,0,0,0,0,0
2414,1256770,0,0,0,0,0,0,0,1,0,0,0,0,0
2415,1257291,0,0,0,0,0,0,0,1,0,0,0,0,0
2416,1257812,0,0,0,0,0,0,0,1,0,0,0,0,0
2417,1258333,0,0,0,0,0,0,0,1,0,0,0,0,0
2418,1258854,0,0,0,0,0,0,0,1,0,0,0,0,0
2419,1259375,0,0,0,0,0,0,0,1,0,0,0,0,0
2420,1259895,0,0,0,0,0,0,0,1,0,0,0,0,0
2421,1260416,0,0,0,0,0,0,0,1,0,0,0,0,0
2422,1260937,0,0,0,0,0,0,0,1,0,0,0,0,0
2423,1261458,0,0,0,0,0,0,0,1,0,0,0,0,0
2424,1261979,0,0,0,0,0,0,0,1,0,0,0,0,0
2425,1262500,0,0,0,0,0,0,0,1,0,0,0,0,0
2426,1263020,0,0,0,0,0,0,0,1,0,0,0,0,0
2427,1263541,0,0,0,0,0,0,0,1,0,0,0,0,0
2428,1264062,0,0,0,0,0,0,0,1,0,0,0,0,0
2429,1264583,0,0,0,0,0,0,0,1,0,0,0,0,0
2430,1265104,0,0,0,0,0,0,0,1,0,0,0,0,0
2431,1265625,0,0,0,0,0,0,0,1,0,0,0,0,0
2432,1266145,0,0,0,0,0,0,0,1,0,0,0,0,0
2433,1266666,0,0,0,0,0,0,0,1,0,0,0,0,0
2434,1267187,0,0,0,0,0,0,0,1,0,0,0,0,0
2435,1267708,0,0,0,0,0,0,0,1,0,0,0,0,0
2436,1268229,0,0,0,0,0,0,0,1,0,0,0,0,0
2437,1268750,0,0,0,0,0,0,0,1,0,0,0,0,0
2438,1269270,0,0,0,0,0,0,0,1,0,0,0,0,0
2439,1269791,0,0,0,0,0,0,0,1,0,0,0,0,0
2440,1270312,0,0,0,0,0,0,0,1,0,0,0,0,0
2441,1270833,0,0,0,0,0,0,0,1,0,0,0,0,0
2442,1271354,0,0,0,0,0,0,0,1,0,0,0,0,0
2443,1271875,0,0,0,0,0,0,0,1,0,0,0,0,0
2444,1272395,0,0,0,0,0,0,0,1,0,0,0,0,0
2445,1272916,0,0,0,0,0,0,0,1,0,0,0,0,0
2446,1273437,0,0,0,0,0,0,0,1,0,0,0,0,0
2447,1273958,0,0,0,0,0,0,0,1,0,0,0,0,0
2448,1274479,0,0,0,0,0,0,0,1,0,0,0,0,0
2449,1275000,0,0,0,0,0,0,0,1,0,0,0,0,0
2450,1275520,0,0,0,0,0,0,0,1,0,0,0,0,0
2451,1276041,0,0,0,0,0,0,0,1,0,0,0,0,0
2452,1276562,0,0,0,0,0,0,0,1,0,0,0,0,0
2453,1277083,0,0,0,0,0,0,0,1,0,0,0,0,0
2454,1277604,0,0,0,0,0,0,0,1,0,0,0,0,0
2455,1278125,0,0,0,0,0,0,0,1,0,0,0,0,0
2456,1278645,0,0,0,0,0,0,0,1,0,0,0,0,0
2457,1279166,0,0,0,0,0,0,0,1,0,0,0,0,0
2458,1279687,0,0,0,0,0,0,0,1,0,0,0,0,0
2459,1280208,0,0,0,0,0,0,0,1,0,0,0,0,0
2460,1280729,0,0,0,0,0,0,0,1,0,0,0,0,0
2461,1281250,0,0,0,0,0,0,0,1,0,0,0,0,0
2462,1281770,0,0,0,0,0,0,0,1,0,0,0,0,0
2463,1282291,0,0,0,0,0,0,0,1,0,0,0,0,0
2464,1282812,0,0,0,0,0,0,0,1,0,0,0,0,0
2465,1283333,0,0,0,0,0,0,0,1,0,0,0,0,0
2466,1283854,0,0,0,0,0,0,0,1,0,0,0,0,0
2467,1284375,0,0,0,0,0,0,0,1,0,0,0,0,0
2468,1284895,0,0,0,0,0,0,0,1,0,0,0,0,0
2469,1285416,0,0,0,0,0,0,0,1,0,0,0,0,0
2470,1285937,0,0,0,0,0,0,0,1,0,0,0,0,0
2471,1286458,0,0,0,0,0,0,0,1,0,0,0,0,0
2472,1286979,0,0,0,0,0,0,0,1,0,0,0,0,0
2473,1287500,0,0,0,0,0,0,0,1,0,0,0,0,0
2474,1288020,0,0,0,0,0,0,0,1,0,0,0,0,0
2475,1288541,0,0,0,0,0,0,0,1,0,0,0,0,0
2476,1289062,0,0,0,0,0,0,0,1,0,0,0,0,0
2477,1289583,0,0,0,0,0,0,0,1,0,0,0,0,0
2478,1290104,0,0,0,0,0,0,0,1,0,0,0,0,0
2479,1290625,0,0,0,0,0,0,0,1,0,0,0,0,0
2480,1291145,0,0,0,0,0,0,0,1,0,0,0,0,0
2481,1291666,0,0,0,0,0,0,0,1,0,0,0,0,0
2482,1292187,0,0,0,0,0,0,0,1,0,0,0,0,0
2483,1292708,0,0,0,0,0,0,0,1,0,0,0,0,0
2484,1293229,0,0,0,0,0,0,0,1,0,0,0,0,0
2485,1293750,0,0,0,0,0,0,0,1,0,0,0,0,0
2486,1294270,0,0,0,0,0,0,0,1,0,0,0,0,0
2487,1294791,0,0,0,0,0,0,0,1,0,0,0,0,0
2488,1295312,0,0,0,0,0,0,0,1,0,0,0,0,0
2489,1295833,0,0,0,0,0,0,0,1,0,0,0,0,0
2490,1296354,0,0,0,0,0,0,0,1,0,0,0,0,0
2491,1296875,0,0,0,0,0,0,0,1,0,0,0,0,0
2492,1297395,0,0,0,0,0,0,0,1,0,0,0,0,0
2493,1297916,0,0,0,0,0,0,0,1,0,0,0,0,0
2494,1298437,0,0,0,0,0,0,0,1,0,0,0,0,0
2495,1298958,0,0,0,0,0,0,0,1,0,0,0,0,0
2496,1299479,0,0,0,0,0,0,0,1,0,0,0,0,0
2497,1300000,0,0,0,0,0,0,0,1,0,0,0,0,0
2498,1300520,0,0,0,0,0,0,0,1,0,0,0,0,0
2499,1301041,0,0,0,0,0,0,0,1,0,0,0,0,0
2500,1301562,0,0,0,0,0,0,0,1,0,0,0,0,0
2501,1302083,0,0,0,0,0,0,0,1,0,0,0,0,0
2502,1302604,0,0,0,0,0,0,0,1,0,0,0,0,0
2503,1303125,0,0,0,0,0,0,0,1,0,0,0,0,0
2504,1303645,0,0,0,0,0,0,0,1,0,0,0,0,0
2505,1304166,0,0,0,0,0,0,0,1,0,0,0,0,0
2506,1304687,0,0,0,0,0,0,0,1,0,0,0,0,0
2507,1305208,0,0,0,0,0,0,0,1,0,0,0,0,0
2508,1305729,0,0,0,0,0,0,0,1,0,0,0,0,0
2509,1306250,0,0,0,0,0,0,0,1,0,0,0,0,0
2510,1306770,0,0,0,0,0,0,0,1,0,0,0,0,0
2511,1307291,0,0,0,0,0,0,0,1,0,0,0,0,0
2512,1307812,0,0,0,0,0,0,0,1,0,0,0,0,0
2513,1308333,0,0,0,0,0,0,0,1,0,0,0,0,0
2514,1308854,0,0,0,0,0,0,0,1,0,0,0,0,0
2515,1309375,0,0,0,0,0,0,0,1,0,0,0,0,0
2516,1309895,0,0,0,0,0,0,0,1,0,0,0,0,0
2517,1310416,0,0,0,0,0,0,0,1,0,0,0,0,0
2518,1310937,0,0,0,0,0,0,0,1,0,0,0,0,0
2519,1311458,0,0,0,0,0,0,0,1,0,0,0,0,0
2520,1311979,0,0,0,0,0,0,0,1,0,0,0,0,0
2521,1312500,0,0,0,0,0,0,0,1,0,0,0,0,0
2522,1313020,0,0,0,0,0,0,0,1,0,0,0,0,0
2523,1313541,0,0,0,0,0,0,0,1,0,0,0,0,0
2524,1314062,0,0,0,0,0,0,0,1,0,0,0,0,0
2525,1314583,0,0,0,0,0,0,0,1,0,0,0,0,0
2526,1315104,0,0,0,0,0,0,0,1,0,0,0,0,0
2527,1315625,0,0,0,0,0,0,0,1,0,0,0,0,0
2528,1316145,0,0,0,0,0,0,0,1,0,0,0,0,0
2529,1316666,0,0,0,0,0,0,0,1,0,0,0,0,0
2530,1317187,0,0,0,0,0,0,0,1,0,0,0,0,0
2531,1317708,0,0,0,0,0,0,0,1,0,0,0,0,0
2532,1318229,0,0,0,0,0,0,0,1,0,0,0,0,0
2533,1318750,0,0,0,0,0,0,0,1,0,0,0,0,0
2534,1319270,0,0,0,0,0,0,0,1,0,0,0,0,0
2535,1319791,0,0,0,0,0,0,0,1,0,0,0,0,0
2536,1320312,0,0,0,0,0,0,0,1,0,0,0,0,0
2537,1320833,0,0,0,0,0,0,0,1,0,0,0,0,0
2538,1321354,0,0,0,0,0,0,0,1,0,0,0,0,0
2539,1321875,0,0,0,0,0,0,0,1,0,0,0,0,0
2540,1322395,0,0,0,0,0,0,0,1,0,0,0,0,0
2541,1322916,0,0,0,0,0,0,0,1,0,0,0,0,0
2542,1323437,0,0,0,0,0,0,0,1,0,0,0,0,0
2543,1323958,0,0,0,0,0,0,0,1,0,0,0,0,0
2544,1324479,0,0,0,0,0,0,0,1,0,0,0,0,0
2545,1325000,0,0,0,0,0,0,0,1,0,0,0,0,0
2546,1325520,0,0,0,0,0,0,0,1,0,0,0,0,0
2547,1326041,0,0,0,0,0,0,0,1,0,0,0,0,0
2548,1326562,0,0,0,0,0,0,0,1,0,0,0,0,0
2549,1327083,0,0,0,0,0,0,0,1,0,0,0,0,0
2550,1327604,0,0,0,0,0,0,0,1,0,0,0,0,0
2551,1328125,0,0,0,0,0,0,0,1,0,0,0,0,0
2552,1328645,0,0,0,0,0,0,0,1,0,0,0,0,0
2553,1329166,0,0,0,0,0,0,0,1,0,0,0,0,0
2554,1329687,0,0,0,0,0,0,0,1,0,0,0,0,0
2555,1330208,0,0,0,0,0,0,0,1,0,0,0,0,0
2556,1330729,0,0,0,0,0,0,0,1,0,0,0,0,0
2557,1331250,0,0,0,0,0,0,0,1,0,0,0,0,0
2558,1331770,0,0,0,0,0,0,0,1,0,0,0,0,0
2559,1332291,0,0,0,0,0,0,0,1,0,0,0,0,0
2560,1332812,0,0,0,0,0,0,0,1,0,0,0,0,0
2561,1333333,0,0,0,0,0,0,0,1,0,0,0,0,0
2562,1333854,0,0,0,0,0,0,0,1,0,0,0,0,0
2563,1334375,0,0,0,0,0,0,0,1,0,0,0,0,0
2564,1334895,0,0,0,0,0,0,0,1,0,0,0,0,0
2565,1335416,0,0,0,0,0,0,0,1,0,0,0,0,0
2566,1335937,0,0,0,0,0,0,0,1,0,0,0,0,0
2567,1336458,0,0,0,0,0,0,0,1,0,0,0,0,0
2568,1336979,0,0,0,0,0,0,0,1,0,0,0,0,0
2569,1337500,0,0,0,0,0,0,0,1,0,0,0,0,0
2570,1338020,0,0,0,0,0,0,0,1,0,0,0,0,0
2571,1338541,0,0,0,0,0,0,0,1,0,0,0,0,0
2572,1339062,0,0,0,0,0,0,0,1,0,0,0,0,0
2573,1339583,0,0,0,0,0,0,0,1,0,0,0,0,0
2574,1340104,0,0,0,0,0,0,0,1,0,0,0,0,0
2575,1340625,0,0,0,0,0,0,0,1,0,0,0,0,0
2576,1341145,0,0,0,0,0,0,0,1,0,0,0,0,0
2577,1341666,0,0,0,0,0,0,0,1,0,0,0,0,0
2578,1342187,0,0,0,0,0,0,0,1,0,0,0,0,0
2579,1342708,0,0,0,0,0,0,0,1,0,0,0,0,0
2580,1343229,0,0,0,0,0,0,0,1,0,0,0,0,0
2581,1343750,0,0,0,0,0,0,0,1,0,0,0,0,0
2582,1344270,0,0,0,0,0,0,0,1,0,0,0,0,0
2583,1344791,0,0,0,0,0,0,0,1,0,0,0,0,0
2584,1345312,0,0,0,0,0,0,0,1,0,0,0,0,0
2585,1345833,0,0,0,0,0,0,0,1,0,0,0,0,0
2586,1346354,0,0,0,0,0,0,0,1,0,0,0,0,0
2587,1346875,0,0,0,0,0,0,0,1,0,0,0,0,0
2588,1347395,0,0,0,0,0,0,0,1,0,0,0,0,0
2589,1347916,0,0,0,0,0,0,0,1,0,0,0,0,0
2590,1348437,0,0,0,0,0,0,0,1,0,0,0,0,0
2591,1348958,0,0,0,0,0,0,0,1,0,0,0,0,0
2592,1349479,0,0,0,0,0,0,0,1,0,0,0,0,0
2593,1350000,0,0,0,0,0,0,0,1,0,0,0,0,0
2594,1350520,0,0,0,0,0,0,0,1,0,0,0,0,0
2595,1351041,0,0,0,0,0,0,0,1,0,0,0,0,0
2596,1351562,0,0,0,0,0,0,0,1,0,0,0,0,0
2597,1352083,0,0,0,0,0,0,0,1,0,0,0,0,0
2598,1352604,0,0,0,0,0,0,0,1,0,0,0,0,0
2599,1353125,0,0,0,0,0,0,0,1,0,0,0,0,0
2600,1353645,0,0,0,0,0,0,0,1,0,0,0,0,0
2601,1354166,0,0,0,0,0,0,0,1,0,0,0,0,0
2602,1354687,0,0,0,0,0,0,0,1,0,0,0,0,0
2603,1355208,0,0,0,0,0,0,0,1,0,0,0,0,0
2604,1355729,0,0,0,0,0,0,0,1,0,0,0,0,0
2605,1356250,0,0,0,0,0,0,0,1,0,0,0,0,0
2606,1356770,0,0,0,0,0,0,0,1,0,0,0,0,0
2607,1357291,0,0,0,0,0,0,0,1,0,0,0,0,0
2608,1357812,0,0,0,0,0,0,0,1,0,0,0,0,0
2609,1358333,0,0,0,0,0,0,0,1,0,0,0,0,0
2610,1358854,0,0,0,0,0,0,0,1,0,0,0,0,0
2611,1359375,0,0,0,0,0,0,0,1,0,0,0,0,0
2612,1359895,0,0,0,0,0,0,0,1,0,0,0,0,0
2613,1360416,0,0,0,0,0,0,0,1,0,0,0,0,0
2614,1360937,0,0,0,0,0,0,0,1,0,0,0,0,0
2615,1361458,0,0,0,0,0,0,0,1,0,0,0,0,0
2616,1361979,0,0,0,0,0,0,0,1,0,0,0,0,0
2617,1362500,0,0,0,0,0,0,0,1,0,0,0,0,0
2618,1363020,0,0,0,0,0,0,0,1,0,0,0,0,0
2619,1363541,0,0,0,0,0,0,0,1,0,0,0,0,0
2620,1364062,0,0,0,0,0,0,0,1,0,0,0,0,0
2621,1364583,0,0,0,0,0,0,0,1,0,0,0,0,0
2622,1365104,0,0,0,0,0,0,0,1,0,0,0,0,0
2623,1365625,0,0,0,0,0,0,0,1,0,0,0,0,0
2624,1366145,0,0,0,0,0,0,0,1,0,0,0,0,0
2625,1366666,0,0,0,0,0,0,0,1,0,0,0,0,0
2626,1367187,0,0,0,0,0,0,0,1,0,0,0,0,0
2627,1367708,0,0,0,0,0,0,0,1,0,0,0,0,0
2628,1368229,0,0,0,0,0,0,0,1,0,0,0,0,0
2629,1368750,0,0,0,0,0,0,0,1,0,0,0,0,0
2630,1369270,0,0,0,0,0,0,0,1,0,0,0,0,0
2631,1369791,0,0,0,0,0,0,0,1,0,0,0,0,0
2632,1370312,0,0,0,0,0,0,0,1,0,0,0,0,0
2633,1370833,0,0,0,0,0,0,0,1,0,0,0,0,0
2634,1371354,0,0,0,0,0,0,0,1,0,0,0,0,0
2635,1371875,0,0,0,0,0,0,0,1,0,0,0,0,0
2636,1372395,0,0,0,0,0,0,0,1,0,0,0,0,0
2637,1372916,0,0,0,0,0,0,0,1,0,0,0,0,0
2638,1373437,0,0,0,0,0,0,0,1,0,0,0,0,0
2639,1373958,0,0,0,0,0,0,0,1,0,0,0,0,0
2640,1374479,0,0,0,0,0,0,0,1,0,0,0,0,0
2641,1375000,0,0,0,0,0,0,0,1,0,0,0,0,0
2642,1375520,0,0,0,0,0,0,0,1,0,0,0,0,0
2643,1376041,0,0,0,0,0,0,0,1,0,0,0,0,0
2644,1376562,0,0,0,0,0,0,0,1,0,0,0,0,0
2645,1377083,0,0,0,0,0,0,0,1,0,0,0,0,0
2646,1377604,0,0,0,0,0,0,0,1,0,0,0,0,0
2647,1378125,0,0,0,0,0,0,0,1,0,0,0,0,0
2648,1378645,0,0,0,0,0,0,0,1,0,0,0,0,0
2649,1379166,0,0,0,0,0,0,0,1,0,0,0,0,0
2650,1379687,0,0,0,0,0,0,0,1,0,0,0,0,0
2651,1380208,0,0,0,0,0,0,0,1,0,0,0,0,0
2652,1380729,0,0,0,0,0,0,0,1,0,0,0,0,0
2653,1381250,0,0,0,0,0,0,0,1,0,0,0,0,0
2654,1381770,0,0,0,0,0,0,0,1,0,0,0,0,0
2655,1382291,0,0,0,0,0,0,0,1,0,0,0,0,0
2656,1382812,0,0,0,0,0,0,0,1,0,0,0,0,0
2657,1383333,0,0,0,0,0,0,0,1,0,0,0,0,0
2658,1383854,0,0,0,0,0,0,0,1,0,0,0,0,0
2659,1384375,0,0,0,0,0,0,0,1,0,0,0,0,0
2660,1384895,0,0,0,0,0,0,0,1,0,0,0,0,0
2661,1385416,0,0,0,0,0,0,0,1,0,0,0,0,0
2662,1385937,0,0,0,0,0,0,0,1,0,0,0,0,0
2663,1386458,0,0,0,0,0,0,0,1,0,0,0,0,0
2664,1386979,0,0,0,0,0,0,0,1,0,0,0,0,0
2665,1387500,0,0,0,0,0,0,0,1,0,0,0,0,0
2666,1388020,0,0,0,0,0,0,0,1,0,0,0,0,0
2667,1388541,0,0,0,0,0,0,0,1,0,0,0,0,0
2668,1389062,0,0,0,0,0,0,0,1,0,0,0,0,0
2669,1389583,0,0,0,0,0,0,0,1,0,0,0,0,0
2670,1390104,0,0,0,0,0,0,0,1,0,0,0,0,0
2671,1390625,0,0,0,0,0,0,0,1,0,0,0,0,0
2672,1391145,0,0,0,0,0,0,0,1,0,0,0,0,0
2673,1391666,0,0,0,0,0,0,0,1,0,0,0,0,0
2674,1392187,0,0,0,0,0,0,0,1,0,0,0,0,0
2675,1392708,0,0,0,0,0,0,0,1,0,0,0,0,0
2676,1393229,0,0,0,0,0,0,0,1,0,0,0,0,0
2677,1393750,0,0,0,0,0,0,0,1,0,0,0,0,0
2678,1394270,0,0,0,0,0,0,0,1,0,0,0,0,0
2679,1394791,0,0,0,0,0,0,0,1,0,0,0,0,0
2680,1395312,0,0,0,0,0,0,0,1,0,0,0,0,0
2681,1395833,0,0,0,0,0,0,0,1,0,0,0,0,0
2682,1396354,0,0,0,0,0,0,0,1,0,0,0,0,0
2683,1396875,0,0,0,0,0,0,0,1,0,0,0,0,0
2684,1397395,0,0,0,0,0,0,0,1,0,0,0,0,0
2685,1397916,0,0,0,0,0,0,0,1,0,0,0,0,0
2686,1398437,0,0,0,0,0,0,0,1,0,0,0,0,0
2687,1398958,0,0,0,0,0,0,0,1,0,0,0,0,0
2688,1399479,0,0,0,0,0,0,0,1,0,0,0,0,0
2689,1400000,0,0,0,0,0,0,0,1,0,0,0,0,0
2690,1400520,0,0,0,0,0,0,0,1,0,0,0,0,0
2691,1401041,0,0,0,0,0,0,0,1,0,0,0,0,0
2692,1401562,0,0,0,0,0,0,0,1,0,0,0,0,0
2693,1402083,0,0,0,0,0,0,0,1,0,0,0,0,0
2694,1402604,0,0,0,0,0,0,0,1,0,0,0,0,0
2695,1403125,0,0,0,0,0,0,0,1,0,0,0,0,0
2696,1403645,0,0,0,0,0,0,0,1,0,0,0,0,0
2697,1404166,0,0,0,0,0,0,0,1,0,0,0,0,0
2698,1404687,0,0,0,0,0,0,0,1,0,0,0,0,0
2699,1405208,0,0,0,0,0,0,0,1,0,0,0,0,0
2700,1405729,0,0,0,0,0,0,0,1,0,0,0,0,0
2701,1406250,0,0,0,0,0,0,0,1,0,0,0,0,0
2702,1406770,0,0,0,0,0,0,0,1,0,0,0,0,0
2703,1407291,0,0,0,0,0,0,0,1,0,0,0,0,0
2704,1407812,0,0,0,0,0,0,0,1,0,0,0,0,0
2705,1408333,0,0,0,0,0,0,0,1,0,0,0,0,0
2706,1408854,0,0,0,0,0,0,0,1,0,0,0,0,0
2707,1409375,0,0,0,0,0,0,0,1,0,0,0,0,0
2708,1409895,0,0,0,0,0,0,0,1,0,0,0,0,0
2709,1410416,0,0,0,0,0,0,0,1,0,0,0,0,0
2710,1410937,0,0,0,0,0,0,0,1,0,0,0,0,0
2711,1411458,0,0,0,0,0,0,0,1,0,0,0,0,0
2712,1411979,0,0,0,0,0,0,0,1,0,0,0,0,0
2713,1412500,0,0,0,0,0,0,0,1,0,0,0,0,0
2714,1413020,0,0,0,0,0,0,0,1,0,0,0,0,0
2715,1413541,0,0,0,0,0,0,0,1,0,0,0,0,0
2716,1414062,0,0,0,0,0,0,0,1,0,0,0,0,0
2717,1414583,0,0,0,0,0,0,0,1,0,0,0,0,0
2718,1415104,0,0,0,0,0,0,0,1,0,0,0,0,0
2719,1415625,0,0,0,0,0,0,0,1,0,0,0,0,0
2720,1416145,0,0,0,0,0,0,0,1,0,0,0,0,0
2721,1416666,0,0,0,0,0,0,0,1,0,0,0,0,0
2722,1417187,0,0,0,0,0,0,0,1,0,0,0,0,0
2723,1417708,0,0,0,0,0,0,0,1,0,0,0,0,0
2724,1418229,0,0,0,0,0,0,0,1,0,0,0,0,0
2725,1418750,0,0,0,0,0,0,0,1,0,0,0,0,0
2726,1419270,0,0,0,0,0,0,0,1,0,0,0,0,0
2727,1419791,0,0,0,0,0,0,0,1,0,0,0,0,0
2728,1420312,0,0,0,0,0,0,0,1,0,0,0,0,0
2729,1420833,0,0,0,0,0,0,0,1,0,0,0,0,0
2730,1421354,0,0,0,0,0,0,0,1,0,0,0,0,0
2731,1421875,0,0,0,0,0,0,0,1,0,0,0,0,0
2732,1422395,0,0,0,0,0,0,0,1,0,0,0,0,0
2733,1422916,0,0,0,0,0,0,0,1,0,0,0,0,0
2734,1423437,0,0,0,0,0,0,0,1,0,0,0,0,0
2735,1423958,0,0,0,0,0,0,0,1,0,0,0,0,0
2736,1424479,0,0,0,0,0,0,0,1,0,0,0,0,0
2737,1425000,0,0,0,0,0,0,0,1,0,0,0,0,0
2738,1425520,0,0,0,0,0,0,0,1,0,0,0,0,0
2739,1426041,0,0,0,0,0,0,0,1,0,0,0,0,0
