1,0,0,-5155,5155,0,0,-27026,27026,0,0,0,0,1,0
2,520,1161,-5637,4475,0,6088,-29551,23462,0,0,0,0,1,0
3,1041,2278,-5902,3624,0,11942,-30940,18997,0,0,0,0,1,0
4,1562,3307,-5940,2633,0,17337,-31140,13802,0,0,0,0,1,0
5,2083,4209,-5750,1541,0,22066,-30143,8077,0,0,0,0,1,0
6,2604,4950,-5339,389,0,25947,-27988,2041,0,0,0,0,1,0
7,3125,5500,-4723,-777,0,28831,-24758,-4073,0,0,0,0,1,0
8,3645,5838,-3925,-1913,0,30607,-20576,-10031,0,0,0,0,1,0
9,4166,5953,-2976,-2976,0,31207,-15603,-15603,0,0,0,0,1,0
10,4687,5838,-1913,-3925,0,30607,-10031,-20576,0,0,0,0,1,0
11,5208,5500,-777,-4723,0,28831,-4073,-24758,0,0,0,0,1,0
12,5729,4950,389,-5339,0,25947,2041,-27988,0,0,0,0,1,0
13,6250,4209,1541,-5750,0,22066,8077,-30143,0,0,0,0,1,0
14,6770,3307,2633,-5940,0,17337,13802,-31140,0,0,0,0,1,0
15,7291,2278,3624,-5902,0,11942,18997,-30940,0,0,0,0,1,0
16,7812,1161,4475,-5637,0,6088,23462,-29551,0,0,0,0,1,0
17,8333,0,5155,-5155,0,0,27026,-27026,0,0,0,0,1,0
18,8854,-1161,5637,-4475,0,-6088,29551,-23462,0,0,0,0,1,0
19,9375,-2278,5902,-3624,0,-11942,30940,-18997,0,0,0,0,1,0
20,9895,-3307,5940,-2633,0,-17337,31140,-13802,0,0,0,0,1,0
21,10416,-4209,5750,-1541,0,-22066,30143,-8077,0,0,0,0,1,0
22,10937,-4950,5339,-389,0,-25947,27988,-2041,0,0,0,0,1,0
23,11458,-5500,4723,777,0,-28831,24758,4073,0,0,0,0,1,0
24,11979,-5838,3925,1913,0,-30607,20576,10031,0,0,0,0,1,0
25,12500,-5953,2976,2976,0,-31207,15603,15603,0,0,0,0,1,0
26,13020,-5838,1913,3925,0,-30607,10031,20576,0,0,0,0,1,0
27,13541,-5500,777,4723,0,-28831,4073,24758,0,0,0,0,1,0
28,14062,-4950,-389,5339,0,-25947,-2041,27988,0,0,0,0,1,0
29,14583,-4209,-1541,5750,0,-22066,-8077,30143,0,0,0,0,1,0
30,15104,-3307,-2633,5940,0,-17337,-13802,31140,0,0,0,0,1,0
31,15625,-2278,-3624,5902,0,-11942,-18997,30940,0,0,0,0,1,0
32,16145,-1161,-4475,5637,0,-6088,-23462,29551,0,0,0,0,1,0
33,16666,0,-5155,5155,0,0,-27026,27026,0,0,0,0,1,0
34,17187,1161,-5637,4475,0,6088,-29551,23462,0,0,0,0,1,0
35,17708,2278,-5902,3624,0,11942,-30940,18997,0,0,0,0,1,0
36,18229,3307,-5940,2633,0,17337,-31140,13802,0,0,0,0,1,0
37,18750,4209,-5750,1541,0,22066,-30143,8077,0,0,0,0,1,0
38,19270,4950,-5339,389,0,25947,-27988,2041,0,0,0,0,1,0
39,19791,5500,-4723,-777,0,28831,-24758,-4073,0,0,0,0,1,0
40,20312,5838,-3925,-1913,0,30607,-20576,-10031,0,0,0,0,1,0
41,20833,5953,-2976,-2976,0,31207,-15603,-15603,0,0,0,0,1,0
42,21354,5838,-1913,-3925,0,30607,-10031,-20576,0,0,0,0,1,0
43,21875,5500,-777,-4723,0,28831,-4073,-24758,0,0,0,0,1,0
44,22395,4950,389,-5339,0,25947,2041,-27988,0,0,0,0,1,0
45,22916,4209,1541,-5750,0,22066,8077,-30143,0,0,0,0,1,0
46,23437,3307,2633,-5940,0,17337,13802,-31140,0,0,0,0,1,0
47,23958,2278,3624,-5902,0,11942,18997,-30940,0,0,0,0,1,0
48,24479,1161,4475,-5637,0,6088,23462,-29551,0,0,0,0,1,0
49,25000,0,5155,-5155,0,0,27026,-27026,0,0,0,0,1,0
50,25520,-1161,5637,-4475,0,-6088,29551,-23462,0,0,0,0,1,0
51,26041,-2278,5902,-3624,0,-11942,30940,-18997,0,0,0,0,1,0
52,26562,-3307,5940,-2633,0,-17337,31140,-13802,0,0,0,0,1,0
53,27083,-4209,5750,-1541,0,-22066,30143,-8077,0,0,0,0,1,0
54,27604,-4950,5339,-389,0,-25947,27988,-2041,0,0,0,0,1,0
55,28125,-5500,4723,777,0,-28831,24758,4073,0,0,0,0,1,0
56,28645,-5838,3925,1913,0,-30607,20576,10031,0,0,0,0,1,0
57,29166,-5953,2976,2976,0,-31207,15603,15603,0,0,0,0,1,0
58,29687,-5838,1913,3925,0,-30607,10031,20576,0,0,0,0,1,0
59,30208,-5500,777,4723,0,-28831,4073,24758,0,0,0,0,1,0
60,30729,-4950,-389,5339,0,-25947,-2041,27988,0,0,0,0,1,0
61,31250,-4209,-1541,5750,0,-22066,-8077,30143,0,0,0,0,1,0
62,31770,-3307,-2633,5940,0,-17337,-13802,31140,0,0,0,0,1,0
63,32291,-2278,-3624,5902,0,-11942,-18997,30940,0,0,0,0,1,0
64,32812,-1161,-4475,5637,0,-6088,-23462,29551,0,0,0,0,1,0
65,33333,0,-5155,5155,0,0,-27026,27026,0,0,0,0,1,0
66,33854,1161,-5637,4475,0,6088,-29551,23462,0,0,0,0,1,0
67,34375,2278,-5902,3624,0,11942,-30940,18997,0,0,0,0,1,0
68,34895,3307,-5940,2633,0,17337,-31140,13802,0,0,0,0,1,0
69,35416,4209,-5750,1541,0,22066,-30143,8077,0,0,0,0,1,0
70,35937,4950,-5339,389,0,25947,-27988,2041,0,0,0,0,1,0
71,36458,5500,-4723,-777,0,28831,-24758,-4073,0,0,0,0,1,0
72,36979,5838,-3925,-1913,0,30607,-20576,-10031,0,0,0,0,1,0
73,37500,5953,-2976,-2976,0,31207,-15603,-15603,0,0,0,0,1,0
74,38020,5838,-1913,-3925,0,30607,-10031,-20576,0,0,0,0,1,0
75,38541,5500,-777,-4723,0,28831,-4073,-24758,0,0,0,0,1,0
76,39062,4950,389,-5339,0,25947,2041,-27988,0,0,0,0,1,0
77,39583,4209,1541,-5750,0,22066,8077,-30143,0,0,0,0,1,0
78,40104,3307,2633,-5940,0,17337,13802,-31140,0,0,0,0,1,0
79,40625,2278,3624,-5902,0,11942,18997,-30940,0,0,0,0,1,0
80,41145,1161,4475,-5637,0,6088,23462,-29551,0,0,0,0,1,0
81,41666,0,5155,-5155,0,0,27026,-27026,0,0,0,0,1,0
82,42187,-1161,5637,-4475,0,-6088,29551,-23462,0,0,0,0,1,0
83,42708,-2278,5902,-3624,0,-11942,30940,-18997,0,0,0,0,1,0
84,43229,-3307,5940,-2633,0,-17337,31140,-13802,0,0,0,0,1,0
85,43750,-4209,5750,-1541,0,-22066,30143,-8077,0,0,0,0,1,0
86,44270,-4950,5339,-389,0,-25947,27988,-2041,0,0,0,0,1,0
87,44791,-5500,4723,777,0,-28831,24758,4073,0,0,0,0,1,0
88,45312,-5838,3925,1913,0,-30607,20576,10031,0,0,0,0,1,0
89,45833,-5953,2976,2976,0,-31207,15603,15603,0,0,0,0,1,0
90,46354,-5838,1913,3925,0,-30607,10031,20576,0,0,0,0,1,0
91,46875,-5500,777,4723,0,-28831,4073,24758,0,0,0,0,1,0
92,47395,-4950,-389,5339,0,-25947,-2041,27988,0,0,0,0,1,0
93,47916,-4209,-1541,5750,0,-22066,-8077,30143,0,0,0,0,1,0
94,48437,-3307,-2633,5940,0,-17337,-13802,31140,0,0,0,0,1,0
95,48958,-2278,-3624,5902,0,-11942,-18997,30940,0,0,0,0,1,0
96,49479,-1161,-4475,5637,0,-6088,-23462,29551,0,0,0,0,1,0
97,50000,0,-5155,5155,0,0,-27026,27026,0,0,0,0,1,0
98,50520,1161,-5637,4475,0,6088,-29551,23462,0,0,0,0,1,0
99,51041,2278,-5902,3624,0,11942,-30940,18997,0,0,0,0,1,0
100,51562,3307,-5940,2633,0,17337,-31140,13802,0,0,0,0,1,0
101,52083,4209,-5750,1541,0,22066,-30143,8077,0,0,0,0,1,0
102,52604,4950,-5339,389,0,25947,-27988,2041,0,0,0,0,1,0
103,53125,5500,-4723,-777,0,28831,-24758,-4073,0,0,0,0,1,0
104,53645,5838,-3925,-1913,0,30607,-20576,-10031,0,0,0,0,1,0
105,54166,5953,-2976,-2976,0,31207,-15603,-15603,0,0,0,0,1,0
106,54687,5838,-1913,-3925,0,30607,-10031,-20576,0,0,0,0,1,0
107,55208,5500,-777,-4723,0,28831,-4073,-24758,0,0,0,0,1,0
108,55729,4950,389,-5339,0,25947,2041,-27988,0,0,0,0,1,0
109,56250,4209,1541,-5750,0,22066,8077,-30143,0,0,0,0,1,0
110,56770,3307,2633,-5940,0,17337,13802,-31140,0,0,0,0,1,0
111,57291,2278,3624,-5902,0,11942,18997,-30940,0,0,0,0,1,0
112,57812,1161,4475,-5637,0,6088,23462,-29551,0,0,0,0,1,0
113,58333,0,5155,-5155,0,0,27026,-27026,0,0,0,0,1,0
114,58854,-1161,5637,-4475,0,-6088,29551,-23462,0,0,0,0,1,0
115,59375,-2278,5902,-3624,0,-11942,30940,-18997,0,0,0,0,1,0
116,59895,-3307,5940,-2633,0,-17337,31140,-13802,0,0,0,0,1,0
117,60416,-4209,5750,-1541,0,-22066,30143,-8077,0,0,0,0,1,0
118,60937,-4950,5339,-389,0,-25947,27988,-2041,0,0,0,0,1,0
119,61458,-5500,4723,777,0,-28831,24758,4073,0,0,0,0,1,0
120,61979,-5838,3925,1913,0,-30607,20576,10031,0,0,0,0,1,0
121,62500,-5953,2976,2976,0,-31207,15603,15603,0,0,0,0,1,0
122,63020,-5838,1913,3925,0,-30607,10031,20576,0,0,0,0,1,0
123,63541,-5500,777,4723,0,-28831,4073,24758,0,0,0,0,1,0
124,64062,-4950,-389,5339,0,-25947,-2041,27988,0,0,0,0,1,0
125,64583,-4209,-1541,5750,0,-22066,-8077,30143,0,0,0,0,1,0
126,65104,-3307,-2633,5940,0,-17337,-13802,31140,0,0,0,0,1,0
127,65625,-2278,-3624,5902,0,-11942,-18997,30940,0,0,0,0,1,0
128,66145,-1161,-4475,5637,0,-6088,-23462,29551,0,0,0,0,1,0
129,66666,0,-5155,5155,0,0,-27026,27026,0,0,0,0,1,0
130,67187,1161,-5637,4475,0,6088,-29551,23462,0,0,0,0,1,0
131,67708,2278,-5902,3624,0,11942,-30940,18997,0,0,0,0,1,0
132,68229,3307,-5940,2633,0,17337,-31140,13802,0,0,0,0,1,0
133,68750,4209,-5750,1541,0,22066,-30143,8077,0,0,0,0,1,0
134,69270,4950,-5339,389,0,25947,-27988,2041,0,0,0,0,1,0
135,69791,5500,-4723,-777,0,28831,-24758,-4073,0,0,0,0,1,0
136,70312,5838,-3925,-1913,0,30607,-20576,-10031,0,0,0,0,1,0
137,70833,5953,-2976,-2976,0,31207,-15603,-15603,0,0,0,0,1,0
138,71354,5838,-1913,-3925,0,30607,-10031,-20576,0,0,0,0,1,0
139,71875,5500,-777,-4723,0,28831,-4073,-24758,0,0,0,0,1,0
140,72395,4950,389,-5339,0,25947,2041,-27988,0,0,0,0,1,0
141,72916,4209,1541,-5750,0,22066,8077,-30143,0,0,0,0,1,0
142,73437,3307,2633,-5940,0,17337,13802,-31140,0,0,0,0,1,0
143,73958,2278,3624,-5902,0,11942,18997,-30940,0,0,0,0,1,0
144,74479,1161,4475,-5637,0,6088,23462,-29551,0,0,0,0,1,0
145,75000,0,5155,-5155,0,0,27026,-27026,0,0,0,0,1,0
146,75520,-1161,5637,-4475,0,-6088,29551,-23462,0,0,0,0,1,0
147,76041,-2278,5902,-3624,0,-11942,30940,-18997,0,0,0,0,1,0
148,76562,-3307,5940,-2633,0,-17337,31140,-13802,0,0,0,0,1,0
149,77083,-4209,5750,-1541,0,-22066,30143,-8077,0,0,0,0,1,0
150,77604,-4950,5339,-389,0,-25947,27988,-2041,0,0,0,0,1,0
151,78125,-5500,4723,777,0,-28831,24758,4073,0,0,0,0,1,0
152,78645,-5838,3925,1913,0,-30607,20576,10031,0,0,0,0,1,0
153,79166,-5953,2976,2976,0,-31207,15603,15603,0,0,0,0,1,0
154,79687,-5838,1913,3925,0,-30607,10031,20576,0,0,0,0,1,0
155,80208,-5500,777,4723,0,-28831,4073,24758,0,0,0,0,1,0
156,80729,-4950,-389,5339,0,-25947,-2041,27988,0,0,0,0,1,0
157,81250,-4209,-1541,5750,0,-22066,-8077,30143,0,0,0,0,1,0
158,81770,-3307,-2633,5940,0,-17337,-13802,31140,0,0,0,0,1,0
159,82291,-2278,-3624,5902,0,-11942,-18997,30940,0,0,0,0,1,0
160,82812,-1161,-4475,5637,0,-6088,-23462,29551,0,0,0,0,1,0
161,83333,0,-5155,5155,0,0,-27026,27026,0,0,0,0,1,0
162,83854,1161,-5637,4475,0,6088,-29551,23462,0,0,0,0,1,0
163,84375,2278,-5902,3624,0,11942,-30940,18997,0,0,0,0,1,0
164,84895,3307,-5940,2633,0,17337,-31140,13802,0,0,0,0,1,0
165,85416,4209,-5750,1541,0,22066,-30143,8077,0,0,0,0,1,0
166,85937,4950,-5339,389,0,25947,-27988,2041,0,0,0,0,1,0
167,86458,5500,-4723,-777,0,28831,-24758,-4073,0,0,0,0,1,0
168,86979,5838,-3925,-1913,0,30607,-20576,-10031,0,0,0,0,1,0
169,87500,5953,-2976,-2976,0,31207,-15603,-15603,0,0,0,0,1,0
170,88020,5838,-1913,-3925,0,30607,-10031,-20576,0,0,0,0,1,0
171,88541,5500,-777,-4723,0,28831,-4073,-24758,0,0,0,0,1,0
172,89062,4950,389,-5339,0,25947,2041,-27988,0,0,0,0,1,0
173,89583,4209,1541,-5750,0,22066,8077,-30143,0,0,0,0,1,0
174,90104,3307,2633,-5940,0,17337,13802,-31140,0,0,0,0,1,0
175,90625,2278,3624,-5902,0,11942,18997,-30940,0,0,0,0,1,0
176,91145,1161,4475,-5637,0,6088,23462,-29551,0,0,0,0,1,0
177,91666,0,5155,-5155,0,0,27026,-27026,0,0,0,0,1,0
178,92187,-1161,5637,-4475,0,-6088,29551,-23462,0,0,0,0,1,0
179,92708,-2278,5902,-3624,0,-11942,30940,-18997,0,0,0,0,1,0
180,93229,-3307,5940,-2633,0,-17337,31140,-13802,0,0,0,0,1,0
181,93750,-4209,5750,-1541,0,-22066,30143,-8077,0,0,0,0,1,0
182,94270,-4950,5339,-389,0,-25947,27988,-2041,0,0,0,0,1,0
183,94791,-5500,4723,777,0,-28831,24758,4073,0,0,0,0,1,0
184,95312,-5838,3925,1913,0,-30607,20576,10031,0,0,0,0,1,0
185,95833,-5953,2976,2976,0,-31207,15603,15603,0,0,0,0,1,0
186,96354,-5838,1913,3925,0,-30607,10031,20576,0,0,0,0,1,0
187,96875,-5500,777,4723,0,-28831,4073,24758,0,0,0,0,1,0
188,97395,-4950,-389,5339,0,-25947,-2041,27988,0,0,0,0,1,0
189,97916,-4209,-1541,5750,0,-22066,-8077,30143,0,0,0,0,1,0
190,98437,-3307,-2633,5940,0,-17337,-13802,31140,0,0,0,0,1,0
191,98958,-2278,-3624,5902,0,-11942,-18997,30940,0,0,0,0,1,0
192,99479,-1161,-4475,5637,0,-6088,-23462,29551,0,0,0,0,1,0
193,100000,0,-5155,5155,0,0,-27026,27026,0,0,0,0,1,0
194,100520,1161,-5637,4475,0,6088,-29551,23462,0,0,0,0,1,0
195,101041,2278,-5902,3624,0,11942,-30940,18997,0,0,0,0,1,0
196,101562,3307,-5940,2633,0,17337,-31140,13802,0,0,0,0,1,0
197,102083,4209,-5750,1541,0,22066,-30143,8077,0,0,0,0,1,0
198,102604,4950,-5339,389,0,25947,-27988,2041,0,0,0,0,1,0
199,103125,5500,-4723,-777,0,28831,-24758,-4073,0,0,0,0,1,0
200,103645,5838,-3925,-1913,0,30607,-20576,-10031,0,0,0,0,1,0
201,104166,5953,-2976,-2976,0,31207,-15603,-15603,0,0,0,0,1,0
202,104687,5838,-1913,-3925,0,30607,-10031,-20576,0,0,0,0,1,0
203,105208,5500,-777,-4723,0,28831,-4073,-24758,0,0,0,0,1,0
204,105729,4950,389,-5339,0,25947,2041,-27988,0,0,0,0,1,0
205,106250,4209,1541,-5750,0,22066,8077,-30143,0,0,0,0,1,0
206,106770,3307,2633,-5940,0,17337,13802,-31140,0,0,0,0,1,0
207,107291,2278,3624,-5902,0,11942,18997,-30940,0,0,0,0,1,0
208,107812,1161,4475,-5637,0,6088,23462,-29551,0,0,0,0,1,0
209,108333,0,5155,-5155,0,0,27026,-27026,0,0,0,0,1,0
210,108854,-1161,5637,-4475,0,-6088,29551,-23462,0,0,0,0,1,0
211,109375,-2278,5902,-3624,0,-11942,30940,-18997,0,0,0,0,1,0
212,109895,-3307,5940,-2633,0,-17337,31140,-13802,0,0,0,0,1,0
213,110416,-4209,5750,-1541,0,-22066,30143,-8077,0,0,0,0,1,0
214,110937,-4950,5339,-389,0,-25947,27988,-2041,0,0,0,0,1,0
215,111458,-5500,4723,777,0,-28831,24758,4073,0,0,0,0,1,0
216,111979,-5838,3925,1913,0,-30607,20576,10031,0,0,0,0,1,0
217,112500,-5953,2976,2976,0,-31207,15603,15603,0,0,0,0,1,0
218,113020,-5838,1913,3925,0,-30607,10031,20576,0,0,0,0,1,0
219,113541,-5500,777,4723,0,-28831,4073,24758,0,0,0,0,1,0
220,114062,-4950,-389,5339,0,-25947,-2041,27988,0,0,0,0,1,0
221,114583,-4209,-1541,5750,0,-22066,-8077,30143,0,0,0,0,1,0
222,115104,-3307,-2633,5940,0,-17337,-13802,31140,0,0,0,0,1,0
223,115625,-2278,-3624,5902,0,-11942,-18997,30940,0,0,0,0,1,0
224,116145,-1161,-4475,5637,0,-6088,-23462,29551,0,0,0,0,1,0
225,116666,0,-5155,5155,0,0,-27026,27026,0,0,0,0,1,0
226,117187,1161,-5637,4475,0,6088,-29551,23462,0,0,0,0,1,0
227,117708,2278,-5902,3624,0,11942,-30940,18997,0,0,0,0,1,0
228,118229,3307,-5940,2633,0,17337,-31140,13802,0,0,0,0,1,0
229,118750,4209,-5750,1541,0,22066,-30143,8077,0,0,0,0,1,0
230,119270,4950,-5339,389,0,25947,-27988,2041,0,0,0,0,1,0
231,119791,5500,-4723,-777,0,28831,-24758,-4073,0,0,0,0,1,0
232,120312,5838,-3925,-1913,0,30607,-20576,-10031,0,0,0,0,1,0
233,120833,5953,-2976,-2976,0,31207,-15603,-15603,0,0,0,0,1,0
234,121354,5838,-1913,-3925,0,30607,-10031,-20576,0,0,0,0,1,0
235,121875,5500,-777,-4723,0,28831,-4073,-24758,0,0,0,0,1,0
236,122395,4950,389,-5339,0,25947,2041,-27988,0,0,0,0,1,0
237,122916,4209,1541,-5750,0,22066,8077,-30143,0,0,0,0,1,0
238,123437,3307,2633,-5940,0,17337,13802,-31140,0,0,0,0,1,0
239,123958,2278,3624,-5902,0,11942,18997,-30940,0,0,0,0,1,0
240,124479,1161,4475,-5637,0,6088,23462,-29551,0,0,0,0,1,0
241,125000,0,5155,-5155,0,0,27026,-27026,0,0,0,0,1,0
242,125520,-1161,5637,-4475,0,-6088,29551,-23462,0,0,0,0,1,0
243,126041,-2278,5902,-3624,0,-11942,30940,-18997,0,0,0,0,1,0
244,126562,-3307,5940,-2633,0,-17337,31140,-13802,0,0,0,0,1,0
245,127083,-4209,5750,-1541,0,-22066,30143,-8077,0,0,0,0,1,0
246,127604,-4950,5339,-389,0,-25947,27988,-2041,0,0,0,0,1,0
247,128124,-5500,4723,777,0,-28831,24758,4073,0,0,0,0,1,0
248,128645,-5838,3925,1913,0,-30607,20576,10031,0,0,0,0,1,0
249,129166,-5953,2976,2976,0,-31207,15603,15603,0,0,0,0,1,0
250,129687,-5838,1913,3925,0,-30607,10031,20576,0,0,0,0,1,0
251,130208,-5500,777,4723,0,-28831,4073,24758,0,0,0,0,1,0
252,130729,-4950,-389,5339,0,-25947,-2041,27988,0,0,0,0,1,0
253,131250,-22098,-8089,30187,0,-22066,-8077,30143,0,0,0,0,1,0
254,131770,-17360,-13821,31181,0,-17337,-13802,31140,0,0,0,0,1,0
255,132291,-11957,-19020,30977,0,-11942,-18997,30940,0,0,0,0,1,0
256,132812,-6095,-23488,29582,0,-6088,-23462,29551,0,0,0,0,1,0
257,133333,0,-27052,27052,0,0,-27026,27026,0,0,0,0,1,0
258,133854,6093,-29575,23482,0,6088,-29551,23462,0,0,0,0,1,0
259,134375,11951,-30962,19011,0,11942,-30940,18997,0,0,0,0,1,0
260,134895,17348,-31159,13811,0,17337,-31140,13802,0,0,0,0,1,0
261,135416,22077,-30158,8081,0,22066,-30143,8077,0,0,0,0,1,0
262,135937,25957,-27998,2042,0,25947,-27988,2041,0,0,0,0,1,0
263,136458,28838,-24764,-4074,0,28831,-24758,-4073,0,0,0,0,1,0
264,136979,30611,-20578,-10032,0,30607,-20576,-10031,0,0,0,0,1,0
265,137500,31207,-15603,-15603,0,31207,-15603,-15603,0,0,0,0,1,0
266,138020,30603,-10030,-20574,0,30607,-10031,-20576,0,0,0,0,1,0
267,138541,28824,-4072,-24752,0,28831,-4073,-24758,0,0,0,0,1,0
268,139062,25938,2040,-27978,0,25947,2041,-27988,0,0,0,0,1,0
269,139583,22056,8073,-30129,0,22066,8077,-30143,0,0,0,0,1,0
270,140104,17327,13794,-31121,0,17337,13802,-31140,0,0,0,0,1,0
271,140625,11934,18984,-30917,0,11942,18997,-30940,0,0,0,0,1,0
272,141145,6083,23443,-29526,0,6088,23462,-29551,0,0,0,0,1,0
273,141666,0,27000,-27000,0,0,27026,-27026,0,0,0,0,1,0
274,142187,-6082,29519,-23437,0,-6088,29551,-23462,0,0,0,0,1,0
275,142708,-11928,30903,-18975,0,-11942,30940,-18997,0,0,0,0,1,0
276,143229,-17315,31099,-13784,0,-17337,31140,-13802,0,0,0,0,1,0
277,143750,-22035,30100,-8065,0,-22066,30143,-8077,0,0,0,0,1,0
278,144270,-25907,27945,-2038,0,-25947,27988,-2041,0,0,0,0,1,0
279,144791,-28783,24716,4066,0,-28831,24758,4073,0,0,0,0,1,0
280,145312,-30552,20539,10013,0,-30607,20576,10031,0,0,0,0,1,0
281,145833,-31147,15574,15574,0,-31207,15603,15603,0,0,0,0,1,0
282,146354,-30545,10011,20534,0,-30607,10031,20576,0,0,0,0,1,0
283,146875,-28769,4065,24705,0,-28831,4073,24758,0,0,0,0,1,0
284,147395,-25889,-2036,27925,0,-25947,-2041,27988,0,0,0,0,1,0
285,147916,-22014,-8058,30071,0,-22066,-8077,30143,0,0,0,0,1,0
286,148437,-17294,-13768,31062,0,-17337,-13802,31140,0,0,0,0,1,0
287,148958,-11911,-18948,30858,0,-11942,-18997,30940,0,0,0,0,1,0
288,149479,-6071,-23398,29469,0,-6088,-23462,29551,0,0,0,0,1,0
289,150000,0,-26948,26948,0,0,-27026,27026,0,0,0,0,1,0
290,150520,6070,-29462,23392,0,6088,-29551,23462,0,0,0,0,1,0
291,151041,11905,-30844,18938,0,11942,-30940,18997,0,0,0,0,1,0
292,151562,17282,-31040,13758,0,17337,-31140,13802,0,0,0,0,1,0
293,152083,21993,-30043,8050,0,22066,-30143,8077,0,0,0,0,1,0
294,152604,25858,-27892,2034,0,25947,-27988,2041,0,0,0,0,1,0
295,153125,28728,-24669,-4059,0,28831,-24758,-4073,0,0,0,0,1,0
296,153645,30494,-20500,-9994,0,30607,-20576,-10031,0,0,0,0,1,0
297,154166,31088,-15544,-15544,0,31207,-15603,-15603,0,0,0,0,1,0
298,154687,30487,-9992,-20495,0,30607,-10031,-20576,0,0,0,0,1,0
299,155208,28714,-4057,-24658,0,28831,-4073,-24758,0,0,0,0,1,0
300,155729,25839,2032,-27872,0,25947,2041,-27988,0,0,0,0,1,0
301,156250,21972,8042,-30014,0,22066,8077,-30143,0,0,0,0,1,0
302,156770,17261,13741,-31003,0,17337,13802,-31140,0,0,0,0,1,0
303,157291,11888,18911,-30800,0,11942,18997,-30940,0,0,0,0,1,0
304,157812,6060,23353,-29413,0,6088,23462,-29551,0,0,0,0,1,0
305,158333,0,26897,-26897,0,0,27026,-27026,0,0,0,0,1,0
306,158854,-6058,29406,-23348,0,-6088,29551,-23462,0,0,0,0,1,0
307,159375,-11883,30785,-18902,0,-11942,30940,-18997,0,0,0,0,1,0
308,159895,-17249,30980,-13732,0,-17337,31140,-13802,0,0,0,0,1,0
309,160416,-21951,29985,-8035,0,-22066,30143,-8077,0,0,0,0,1,0
310,160937,-25808,27838,-2030,0,-25947,27988,-2041,0,0,0,0,1,0
311,161458,-28673,24622,4051,0,-28831,24758,4073,0,0,0,0,1,0
312,161979,-30436,20461,9975,0,-30607,20576,10031,0,0,0,0,1,0
313,162500,-31028,15514,15514,0,-31207,15603,15603,0,0,0,0,1,0
314,163020,-30429,9973,20456,0,-30607,10031,20576,0,0,0,0,1,0
315,163541,-28660,4049,24611,0,-28831,4073,24758,0,0,0,0,1,0
316,164062,-25790,-2029,27819,0,-25947,-2041,27988,0,0,0,0,1,0
317,164583,-21930,-8027,29957,0,-22066,-8077,30143,0,0,0,0,1,0
318,165104,-17228,-13715,30944,0,-17337,-13802,31140,0,0,0,0,1,0
319,165625,-11866,-18875,30741,0,-11942,-18997,30940,0,0,0,0,1,0
320,166145,-6048,-23309,29357,0,-6088,-23462,29551,0,0,0,0,1,0
321,166666,0,-26846,26846,0,0,-27026,27026,0,0,0,0,1,0
322,167187,6047,-29350,23303,0,6088,-29551,23462,0,0,0,0,1,0
323,167708,11860,-30726,18866,0,11942,-30940,18997,0,0,0,0,1,0
324,168229,17216,-30921,13706,0,17337,-31140,13802,0,0,0,0,1,0
325,168750,21909,-29928,8019,0,22066,-30143,8077,0,0,0,0,1,0
326,169270,25759,-27786,2026,0,25947,-27988,2041,0,0,0,0,1,0
327,169791,28619,-24576,-4043,0,28831,-24758,-4073,0,0,0,0,1,0
328,170312,30378,-20422,-9956,0,30607,-20576,-10031,0,0,0,0,1,0
329,170833,30969,-15485,-15485,0,31207,-15603,-15603,0,0,0,0,1,0
330,171354,30371,-9954,-20417,0,30607,-10031,-20576,0,0,0,0,1,0
331,171875,28605,-4041,-24564,0,28831,-4073,-24758,0,0,0,0,1,0
332,172395,25741,2025,-27766,0,25947,2041,-27988,0,0,0,0,1,0
333,172916,21888,8012,-29900,0,22066,8077,-30143,0,0,0,0,1,0
334,173437,17195,13689,-30885,0,17337,13802,-31140,0,0,0,0,1,0
335,173958,11843,18840,-30683,0,11942,18997,-30940,0,0,0,0,1,0
336,174479,6037,23265,-29301,0,6088,23462,-29551,0,0,0,0,1,0
337,175000,0,26795,-26795,0,0,27026,-27026,0,0,0,0,1,0
338,175520,-6035,29295,-23259,0,-6088,29551,-23462,0,0,0,0,1,0
339,176041,-11837,30668,-18831,0,-11942,30940,-18997,0,0,0,0,1,0
340,176562,-17183,30863,-13680,0,-17337,31140,-13802,0,0,0,0,1,0
341,177083,-21867,29872,-8004,0,-22066,30143,-8077,0,0,0,0,1,0
342,177604,-25710,27733,-2022,0,-25947,27988,-2041,0,0,0,0,1,0
343,178125,-28564,24529,4036,0,-28831,24758,4073,0,0,0,0,1,0
344,178645,-30320,20383,9937,0,-30607,20576,10031,0,0,0,0,1,0
345,179166,-30911,15455,15455,0,-31207,15603,15603,0,0,0,0,1,0
346,179687,-30313,9935,20378,0,-30607,10031,20576,0,0,0,0,1,0
347,180208,-28551,4034,24517,0,-28831,4073,24758,0,0,0,0,1,0
348,180729,-25692,-2021,27713,0,-25947,-2041,27988,0,0,0,0,1,0
349,181250,-21847,-7996,29843,0,-22066,-8077,30143,0,0,0,0,1,0
350,181770,-17163,-13663,30826,0,-17337,-13802,31140,0,0,0,0,1,0
351,182291,-11821,-18804,30624,0,-11942,-18997,30940,0,0,0,0,1,0
352,182812,-6025,-23221,29246,0,-6088,-23462,29551,0,0,0,0,1,0
353,183333,0,-26744,26744,0,0,-27026,27026,0,0,0,0,1,0
354,183854,6024,-29239,23215,0,6088,-29551,23462,0,0,0,0,1,0
355,184375,11815,-30610,18795,0,11942,-30940,18997,0,0,0,0,1,0
356,184895,17151,-30804,13654,0,17337,-31140,13802,0,0,0,0,1,0
357,185416,21826,-29815,7989,0,22066,-30143,8077,0,0,0,0,1,0
358,185937,25662,-27680,2019,0,25947,-27988,2041,0,0,0,0,1,0
359,186458,28510,-24482,-4028,0,28831,-24758,-4073,0,0,0,0,1,0
360,186979,30263,-20345,-9918,0,30607,-20576,-10031,0,0,0,0,1,0
361,187500,30852,-15426,-15426,0,31207,-15603,-15603,0,0,0,0,1,0
362,188020,30256,-9916,-20340,0,30607,-10031,-20576,0,0,0,0,1,0
363,188541,28497,-4026,-24471,0,28831,-4073,-24758,0,0,0,0,1,0
364,189062,25644,2017,-27661,0,25947,2041,-27988,0,0,0,0,1,0
365,189583,21805,7981,-29787,0,22066,8077,-30143,0,0,0,0,1,0
366,190104,17130,13637,-30768,0,17337,13802,-31140,0,0,0,0,1,0
367,190625,11798,18768,-30566,0,11942,18997,-30940,0,0,0,0,1,0
368,191145,6014,23177,-29191,0,6088,23462,-29551,0,0,0,0,1,0
369,191666,0,26693,-26693,0,0,27026,-27026,0,0,0,0,1,0
370,192187,-6013,29184,-23171,0,-6088,29551,-23462,0,0,0,0,1,0
371,192708,-11793,30552,-18759,0,-11942,30940,-18997,0,0,0,0,1,0
372,193229,-17118,30746,-13628,0,-17337,31140,-13802,0,0,0,0,1,0
373,193750,-21785,29759,-7974,0,-22066,30143,-8077,0,0,0,0,1,0
374,194270,-25613,27628,-2015,0,-25947,27988,-2041,0,0,0,0,1,0
375,194791,-28457,24436,4020,0,-28831,24758,4073,0,0,0,0,1,0
376,195312,-30206,20306,9900,0,-30607,20576,10031,0,0,0,0,1,0
377,195833,-30794,15397,15397,0,-31207,15603,15603,0,0,0,0,1,0
378,196354,-30199,9897,20301,0,-30607,10031,20576,0,0,0,0,1,0
379,196875,-28443,4018,24425,0,-28831,4073,24758,0,0,0,0,1,0
380,197395,-25595,-2013,27608,0,-25947,-2041,27988,0,0,0,0,1,0
381,197916,-21764,-7966,29731,0,-22066,-8077,30143,0,0,0,0,1,0
382,198437,-17098,-13612,30710,0,-17337,-13802,31140,0,0,0,0,1,0
383,198958,-11776,-18733,30509,0,-11942,-18997,30940,0,0,0,0,1,0
384,199479,-6003,-23133,29136,0,-6088,-23462,29551,0,0,0,0,1,0
385,200000,0,-26643,26643,0,0,-27026,27026,0,0,0,0,1,0
386,200520,6001,-29129,23127,0,6088,-29551,23462,0,0,0,0,1,0
387,201041,11770,-30494,18724,0,11942,-30940,18997,0,0,0,0,1,0
388,201562,17086,-30688,13602,0,17337,-31140,13802,0,0,0,0,1,0
389,202083,21744,-29702,7959,0,22066,-30143,8077,0,0,0,0,1,0
390,202604,25565,-27576,2011,0,25947,-27988,2041,0,0,0,0,1,0
391,203125,28403,-24390,-4013,0,28831,-24758,-4073,0,0,0,0,1,0
392,203645,30149,-20268,-9881,0,30607,-20576,-10031,0,0,0,0,1,0
393,204166,30736,-15368,-15368,0,31207,-15603,-15603,0,0,0,0,1,0
394,204687,30142,-9879,-20263,0,30607,-10031,-20576,0,0,0,0,1,0
395,205208,28389,-4011,-24379,0,28831,-4073,-24758,0,0,0,0,1,0
396,205729,25547,2010,-27556,0,25947,2041,-27988,0,0,0,0,1,0
397,206250,21723,7951,-29674,0,22066,8077,-30143,0,0,0,0,1,0
398,206770,17066,13586,-30652,0,17337,13802,-31140,0,0,0,0,1,0
399,207291,11754,18698,-30451,0,11942,18997,-30940,0,0,0,0,1,0
400,207812,5991,23089,-29081,0,6088,23462,-29551,0,0,0,0,1,0
401,208333,0,26593,-26593,0,0,27026,-27026,0,0,0,0,1,0
402,208854,-5990,29074,-23084,0,-6088,29551,-23462,0,0,0,0,1,0
403,209375,-11748,30437,-18689,0,-11942,30940,-18997,0,0,0,0,1,0
404,209895,-17054,30630,-13576,0,-17337,31140,-13802,0,0,0,0,1,0
405,210416,-21703,29647,-7944,0,-22066,30143,-8077,0,0,0,0,1,0
406,210937,-25517,27524,-2007,0,-25947,27988,-2041,0,0,0,0,1,0
407,211458,-28349,24344,4005,0,-28831,24758,4073,0,0,0,0,1,0
408,211979,-30092,20230,9862,0,-30607,20576,10031,0,0,0,0,1,0
409,212500,-30678,15339,15339,0,-31207,15603,15603,0,0,0,0,1,0
410,213020,-30085,9860,20225,0,-30607,10031,20576,0,0,0,0,1,0
411,213541,-28336,4003,24333,0,-28831,4073,24758,0,0,0,0,1,0
412,214062,-25499,-2006,27504,0,-25947,-2041,27988,0,0,0,0,1,0
413,214583,-21682,-7936,29619,0,-22066,-8077,30143,0,0,0,0,1,0
414,215104,-17034,-13561,30594,0,-17337,-13802,31140,0,0,0,0,1,0
415,215625,-11732,-18662,30394,0,-11942,-18997,30940,0,0,0,0,1,0
416,216145,-5980,-23046,29026,0,-6088,-23462,29551,0,0,0,0,1,0
417,216666,0,-26543,26543,0,0,-27026,27026,0,0,0,0,1,0
418,217187,5979,-29019,23040,0,6088,-29551,23462,0,0,0,0,1,0
419,217708,11726,-30380,18654,0,11942,-30940,18997,0,0,0,0,1,0
420,218229,17022,-30573,13551,0,17337,-31140,13802,0,0,0,0,1,0
421,218750,21662,-29591,7929,0,22066,-30143,8077,0,0,0,0,1,0
422,219270,25469,-27472,2003,0,25947,-27988,2041,0,0,0,0,1,0
423,219791,28296,-24298,-3998,0,28831,-24758,-4073,0,0,0,0,1,0
424,220312,30035,-20192,-9844,0,30607,-20576,-10031,0,0,0,0,1,0
425,220833,30620,-15310,-15310,0,31207,-15603,-15603,0,0,0,0,1,0
426,221354,30028,-9841,-20187,0,30607,-10031,-20576,0,0,0,0,1,0
427,221875,28283,-3996,-24287,0,28831,-4073,-24758,0,0,0,0,1,0
428,222395,25451,2002,-27453,0,25947,2041,-27988,0,0,0,0,1,0
429,222916,21642,7921,-29563,0,22066,8077,-30143,0,0,0,0,1,0
430,223437,17002,13535,-30537,0,17337,13802,-31140,0,0,0,0,1,0
431,223958,11710,18627,-30337,0,11942,18997,-30940,0,0,0,0,1,0
432,224479,5969,23003,-28971,0,6088,23462,-29551,0,0,0,0,1,0
433,225000,0,26493,-26493,0,0,27026,-27026,0,0,0,0,1,0
434,225520,-5967,28965,-22997,0,-6088,29551,-23462,0,0,0,0,1,0
435,226041,-11704,30323,-18619,0,-11942,30940,-18997,0,0,0,0,1,0
436,226562,-16990,30515,-13526,0,-17337,31140,-13802,0,0,0,0,1,0
437,227083,-21621,29535,-7914,0,-22066,30143,-8077,0,0,0,0,1,0
438,227604,-25421,27421,-2000,0,-25947,27988,-2041,0,0,0,0,1,0
439,228125,-28243,24253,3990,0,-28831,24758,4073,0,0,0,0,1,0
440,228645,-29979,20154,9825,0,-30607,20576,10031,0,0,0,0,1,0
441,229166,-30563,15281,15281,0,-31207,15603,15603,0,0,0,0,1,0
442,229687,-29972,9823,20149,0,-30607,10031,20576,0,0,0,0,1,0
443,230208,-28230,3988,24241,0,-28831,4073,24758,0,0,0,0,1,0
444,230729,-25403,-1998,27401,0,-25947,-2041,27988,0,0,0,0,1,0
445,231250,-21601,-7907,29508,0,-22066,-8077,30143,0,0,0,0,1,0
446,231770,-16970,-13510,30480,0,-17337,-13802,31140,0,0,0,0,1,0
447,232291,-11688,-18592,30280,0,-11942,-18997,30940,0,0,0,0,1,0
448,232812,-5958,-22960,28917,0,-6088,-23462,29551,0,0,0,0,1,0
449,233333,0,-26443,26443,0,0,-27026,27026,0,0,0,0,1,0
450,233854,5956,-28910,22954,0,6088,-29551,23462,0,0,0,0,1,0
451,234375,11682,-30266,18584,0,11942,-30940,18997,0,0,0,0,1,0
452,234895,16958,-30458,13500,0,17337,-31140,13802,0,0,0,0,1,0
453,235416,21581,-29480,7899,0,22066,-30143,8077,0,0,0,0,1,0
454,235937,25373,-27369,1996,0,25947,-27988,2041,0,0,0,0,1,0
455,236458,28190,-24207,-3983,0,28831,-24758,-4073,0,0,0,0,1,0
456,236979,29923,-20116,-9807,0,30607,-20576,-10031,0,0,0,0,1,0
457,237500,30506,-15253,-15253,0,31207,-15603,-15603,0,0,0,0,1,0
458,238020,29916,-9805,-20111,0,30607,-10031,-20576,0,0,0,0,1,0
459,238541,28177,-3981,-24196,0,28831,-4073,-24758,0,0,0,0,1,0
460,239062,25356,1994,-27350,0,25947,2041,-27988,0,0,0,0,1,0
461,239583,21561,7892,-29452,0,22066,8077,-30143,0,0,0,0,1,0
462,240104,16938,13484,-30423,0,17337,13802,-31140,0,0,0,0,1,0
463,240625,11666,18558,-30224,0,11942,18997,-30940,0,0,0,0,1,0
464,241145,5947,22917,-28863,0,6088,23462,-29551,0,0,0,0,1,0
465,241666,0,26394,-26394,0,0,27026,-27026,0,0,0,0,1,0
466,242187,-5945,28856,-22911,0,-6088,29551,-23462,0,0,0,0,1,0
467,242708,-11660,30209,-18549,0,-11942,30940,-18997,0,0,0,0,1,0
468,243229,-16926,30401,-13475,0,-17337,31140,-13802,0,0,0,0,1,0
469,243750,-21541,29425,-7884,0,-22066,30143,-8077,0,0,0,0,1,0
470,244270,-25326,27318,-1992,0,-25947,27988,-2041,0,0,0,0,1,0
471,244791,-28138,24162,3975,0,-28831,24758,4073,0,0,0,0,1,0
472,245312,-29867,20079,9789,0,-30607,20576,10031,0,0,0,0,1,0
473,245833,-30449,15224,15224,0,-31207,15603,15603,0,0,0,0,1,0
474,246354,-29860,9786,20074,0,-30607,10031,20576,0,0,0,0,1,0
475,246875,-28124,3973,24151,0,-28831,4073,24758,0,0,0,0,1,0
476,247395,-25308,-1991,27299,0,-25947,-2041,27988,0,0,0,0,1,0
477,247916,-21520,-7877,29398,0,-22066,-8077,30143,0,0,0,0,1,0
478,248437,-16907,-13459,30366,0,-17337,-13802,31140,0,0,0,0,1,0
479,248958,-11644,-18523,30167,0,-11942,-18997,30940,0,0,0,0,1,0
480,249479,-5935,-22874,28809,0,-6088,-23462,29551,0,0,0,0,1,0
481,250000,0,-26345,26345,0,0,-27026,27026,0,0,0,0,1,0
482,250520,5934,-28803,22869,0,6088,-29551,23462,0,0,0,0,1,0
483,251041,11639,-30153,18514,0,11942,-30940,18997,0,0,0,0,1,0
484,251562,16895,-30345,13450,0,17337,-31140,13802,0,0,0,0,1,0
485,252083,21500,-29370,7870,0,22066,-30143,8077,0,0,0,0,1,0
486,252604,25279,-27267,1988,0,25947,-27988,2041,0,0,0,0,1,0
487,253125,28085,-24117,-3968,0,28831,-24758,-4073,0,0,0,0,1,0
488,253645,29812,-20041,-9770,0,30607,-20576,-10031,0,0,0,0,1,0
489,254166,30392,-15196,-15196,0,31207,-15603,-15603,0,0,0,0,1,0
490,254687,29805,-9768,-20037,0,30607,-10031,-20576,0,0,0,0,1,0
491,255208,28072,-3966,-24106,0,28831,-4073,-24758,0,0,0,0,1,0
492,255729,25261,1987,-27248,0,25947,2041,-27988,0,0,0,0,1,0
493,256249,21480,7862,-29343,0,22066,8077,-30143,0,0,0,0,1,0
494,256770,16875,13434,-30309,0,17337,13802,-31140,0,0,0,0,1,0
495,257291,11622,18489,-30111,0,11942,18997,-30940,0,0,0,0,1,0
496,257812,5924,22831,-28756,0,6088,23462,-29551,0,0,0,0,1,0
497,258333,0,26296,-26296,0,0,27026,-27026,0,0,0,0,1,0
498,258854,-5923,28749,-22826,0,-6088,29551,-23462,0,0,0,0,1,0
499,259375,-11617,30097,-18480,0,-11942,30940,-18997,0,0,0,0,1,0
500,259895,-16863,30288,-13425,0,-17337,31140,-13802,0,0,0,0,1,0
501,260416,-21460,29315,-7855,0,-22066,30143,-8077,0,0,0,0,1,0
502,260937,-25232,27217,-1985,0,-25947,27988,-2041,0,0,0,0,1,0
503,261458,-28033,24072,3960,0,-28831,24758,4073,0,0,0,0,1,0
504,261979,-29756,20004,9752,0,-30607,20576,10031,0,0,0,0,1,0
505,262500,-30336,15168,15168,0,-31207,15603,15603,0,0,0,0,1,0
506,263020,-29749,9750,19999,0,-30607,10031,20576,0,0,0,0,1,0
507,263541,-28020,3959,24061,0,-28831,4073,24758,0,0,0,0,1,0
508,264062,-25214,-1983,27198,0,-25947,-2041,27988,0,0,0,0,1,0
509,264583,-21440,-7848,29288,0,-22066,-8077,30143,0,0,0,0,1,0
510,265104,-16844,-13409,30253,0,-17337,-13802,31140,0,0,0,0,1,0
511,265625,-11601,-18454,30055,0,-11942,-18997,30940,0,0,0,0,1,0
512,266145,-5913,-22789,28702,0,-6088,-23462,29551,0,0,0,0,1,0
513,266666,0,-26247,26247,0,0,-27026,27026,0,0,0,0,1,0
514,267187,5912,-28696,22784,0,6088,-29551,23462,0,0,0,0,1,0
515,267708,11595,-30041,18446,0,11942,-30940,18997,0,0,0,0,1,0
516,268229,16832,-30232,13400,0,17337,-31140,13802,0,0,0,0,1,0
517,268750,21421,-29261,7840,0,22066,-30143,8077,0,0,0,0,1,0
518,269270,25185,-27166,1981,0,25947,-27988,2041,0,0,0,0,1,0
519,269791,27981,-24028,-3953,0,28831,-24758,-4073,0,0,0,0,1,0
520,270312,29701,-19967,-9734,0,30607,-20576,-10031,0,0,0,0,1,0
521,270833,30279,-15140,-15140,0,31207,-15603,-15603,0,0,0,0,1,0
522,271354,29694,-9732,-19962,0,30607,-10031,-20576,0,0,0,0,1,0
523,271875,27968,-3951,-24017,0,28831,-4073,-24758,0,0,0,0,1,0
524,272395,25167,1980,-27147,0,25947,2041,-27988,0,0,0,0,1,0
525,272916,21401,7833,-29234,0,22066,8077,-30143,0,0,0,0,1,0
526,273437,16812,13384,-30197,0,17337,13802,-31140,0,0,0,0,1,0
527,273958,11579,18420,-29999,0,11942,18997,-30940,0,0,0,0,1,0
528,274479,5902,22747,-28649,0,6088,23462,-29551,0,0,0,0,1,0
529,275000,0,26198,-26198,0,0,27026,-27026,0,0,0,0,1,0
530,275520,-5901,28642,-22741,0,-6088,29551,-23462,0,0,0,0,1,0
531,276041,-11574,29985,-18411,0,-11942,30940,-18997,0,0,0,0,1,0
532,276562,-16801,30176,-13375,0,-17337,31140,-13802,0,0,0,0,1,0
533,277083,-21381,29207,-7826,0,-22066,30143,-8077,0,0,0,0,1,0
534,277604,-25138,27116,-1977,0,-25947,27988,-2041,0,0,0,0,1,0
535,278125,-27929,23983,3946,0,-28831,24758,4073,0,0,0,0,1,0
536,278645,-29646,19930,9716,0,-30607,20576,10031,0,0,0,0,1,0
537,279166,-30223,15112,15112,0,-31207,15603,15603,0,0,0,0,1,0
538,279687,-29639,9714,19925,0,-30607,10031,20576,0,0,0,0,1,0
539,280208,-27916,3944,23972,0,-28831,4073,24758,0,0,0,0,1,0
540,280729,-25121,-1976,27097,0,-25947,-2041,27988,0,0,0,0,1,0
541,281250,-21361,-7819,29180,0,-22066,-8077,30143,0,0,0,0,1,0
542,281770,-16781,-13360,30141,0,-17337,-13802,31140,0,0,0,0,1,0
543,282291,-11558,-18386,29944,0,-11942,-18997,30940,0,0,0,0,1,0
544,282812,-5891,-22705,28596,0,-6088,-23462,29551,0,0,0,0,1,0
545,283333,0,-26150,26150,0,0,-27026,27026,0,0,0,0,1,0
546,283854,5890,-28589,22699,0,6088,-29551,23462,0,0,0,0,1,0
547,284375,11553,-29930,18377,0,11942,-30940,18997,0,0,0,0,1,0
548,284895,16770,-30120,13350,0,17337,-31140,13802,0,0,0,0,1,0
549,285416,21341,-29153,7811,0,22066,-30143,8077,0,0,0,0,1,0
550,285937,25092,-27066,1974,0,25947,-27988,2041,0,0,0,0,1,0
551,286458,27877,-23939,-3939,0,28831,-24758,-4073,0,0,0,0,1,0
552,286979,29591,-19893,-9698,0,30607,-20576,-10031,0,0,0,0,1,0
553,287500,30167,-15084,-15084,0,31207,-15603,-15603,0,0,0,0,1,0
554,288020,29584,-9696,-19888,0,30607,-10031,-20576,0,0,0,0,1,0
555,288541,27864,-3937,-23928,0,28831,-4073,-24758,0,0,0,0,1,0
556,289062,25074,1972,-27047,0,25947,2041,-27988,0,0,0,0,1,0
557,289583,21322,7804,-29126,0,22066,8077,-30143,0,0,0,0,1,0
558,290104,16750,13335,-30085,0,17337,13802,-31140,0,0,0,0,1,0
559,290625,11537,18352,-29888,0,11942,18997,-30940,0,0,0,0,1,0
560,291145,5881,22663,-28543,0,6088,23462,-29551,0,0,0,0,1,0
561,291666,0,26101,-26101,0,0,27026,-27026,0,0,0,0,1,0
562,292187,-5879,28537,-22657,0,-6088,29551,-23462,0,0,0,0,1,0
563,292708,-11531,29875,-18343,0,-11942,30940,-18997,0,0,0,0,1,0
564,293229,-16739,30064,-13326,0,-17337,31140,-13802,0,0,0,0,1,0
565,293750,-21302,29099,-7797,0,-22066,30143,-8077,0,0,0,0,1,0
566,294270,-25046,27016,-1970,0,-25947,27988,-2041,0,0,0,0,1,0
567,294791,-27826,23895,3931,0,-28831,24758,4073,0,0,0,0,1,0
568,295312,-29536,19856,9680,0,-30607,20576,10031,0,0,0,0,1,0
569,295833,-30112,15056,15056,0,-31207,15603,15603,0,0,0,0,1,0
570,296354,-29530,9678,19852,0,-30607,10031,20576,0,0,0,0,1,0
571,296875,-27813,3929,23884,0,-28831,4073,24758,0,0,0,0,1,0
572,297395,-25028,-1969,26997,0,-25947,-2041,27988,0,0,0,0,1,0
573,297916,-21282,-7790,29072,0,-22066,-8077,30143,0,0,0,0,1,0
574,298437,-16719,-13310,30030,0,-17337,-13802,31140,0,0,0,0,1,0
575,298958,-11515,-18318,29833,0,-11942,-18997,30940,0,0,0,0,1,0
576,299479,-5870,-22621,28491,0,-6088,-23462,29551,0,0,0,0,1,0
577,300000,0,-26053,26053,0,0,-27026,27026,0,0,0,0,1,0
578,300520,5868,-28484,22616,0,6088,-29551,23462,0,0,0,0,1,0
579,301041,11510,-29820,18310,0,11942,-30940,18997,0,0,0,0,1,0
580,301562,16708,-30009,13301,0,17337,-31140,13802,0,0,0,0,1,0
581,302083,21263,-29045,7783,0,22066,-30143,8077,0,0,0,0,1,0
582,302604,24999,-26966,1966,0,25947,-27988,2041,0,0,0,0,1,0
583,303125,27775,-23851,-3924,0,28831,-24758,-4073,0,0,0,0,1,0
584,303645,29482,-19820,-9662,0,30607,-20576,-10031,0,0,0,0,1,0
585,304166,30056,-15028,-15028,0,31207,-15603,-15603,0,0,0,0,1,0
586,304687,29475,-9660,-19815,0,30607,-10031,-20576,0,0,0,0,1,0
587,305208,27762,-3922,-23840,0,28831,-4073,-24758,0,0,0,0,1,0
588,305729,24982,1965,-26947,0,25947,2041,-27988,0,0,0,0,1,0
589,306250,21243,7776,-29019,0,22066,8077,-30143,0,0,0,0,1,0
590,306770,16689,13286,-29975,0,17337,13802,-31140,0,0,0,0,1,0
591,307291,11494,18284,-29778,0,11942,18997,-30940,0,0,0,0,1,0
592,307812,5859,22579,-28438,0,6088,23462,-29551,0,0,0,0,1,0
593,308333,0,26005,-26005,0,0,27026,-27026,0,0,0,0,1,0
594,308854,-5858,28432,-22574,0,-6088,29551,-23462,0,0,0,0,1,0
595,309375,-11489,29765,-18276,0,-11942,30940,-18997,0,0,0,0,1,0
596,309895,-16677,29954,-13277,0,-17337,31140,-13802,0,0,0,0,1,0
597,310416,-21224,28992,-7768,0,-22066,30143,-8077,0,0,0,0,1,0
598,310937,-24953,26916,-1963,0,-25947,27988,-2041,0,0,0,0,1,0
599,311458,-27724,23807,3917,0,-28831,24758,4073,0,0,0,0,1,0
600,311979,-29428,19783,9645,0,-30607,20576,10031,0,0,0,0,1,0
601,312500,-30001,15000,15000,0,-31207,15603,15603,0,0,0,0,1,0
602,313020,-29421,9642,19779,0,-30607,10031,20576,0,0,0,0,1,0
603,313541,-27711,3915,23796,0,-28831,4073,24758,0,0,0,0,1,0
604,314062,-24936,-1961,26898,0,-25947,-2041,27988,0,0,0,0,1,0
605,314583,-21204,-7761,28965,0,-22066,-8077,30143,0,0,0,0,1,0
606,315104,-16658,-13261,29920,0,-17337,-13802,31140,0,0,0,0,1,0
607,315625,-11473,-18251,29724,0,-11942,-18997,30940,0,0,0,0,1,0
608,316145,-5848,-22538,28386,0,-6088,-23462,29551,0,0,0,0,1,0
609,316666,0,-25958,25958,0,0,-27026,27026,0,0,0,0,1,0
610,317187,5847,-28379,22533,0,6088,-29551,23462,0,0,0,0,1,0
611,317708,11468,-29710,18242,0,11942,-30940,18997,0,0,0,0,1,0
612,318229,16647,-29899,13252,0,17337,-31140,13802,0,0,0,0,1,0
613,318750,21185,-28939,7754,0,22066,-30143,8077,0,0,0,0,1,0
614,319270,24908,-26867,1959,0,25947,-27988,2041,0,0,0,0,1,0
615,319791,27673,-23763,-3910,0,28831,-24758,-4073,0,0,0,0,1,0
616,320312,29374,-19747,-9627,0,30607,-20576,-10031,0,0,0,0,1,0
617,320833,29946,-14973,-14973,0,31207,-15603,-15603,0,0,0,0,1,0
618,321354,29367,-9625,-19742,0,30607,-10031,-20576,0,0,0,0,1,0
619,321875,27660,-3908,-23752,0,28831,-4073,-24758,0,0,0,0,1,0
620,322395,24891,1958,-26848,0,25947,2041,-27988,0,0,0,0,1,0
621,322916,21165,7747,-28912,0,22066,8077,-30143,0,0,0,0,1,0
622,323437,16628,13237,-29865,0,17337,13802,-31140,0,0,0,0,1,0
623,323958,11452,18217,-29669,0,11942,18997,-30940,0,0,0,0,1,0
624,324479,5837,22497,-28334,0,6088,23462,-29551,0,0,0,0,1,0
625,325000,0,25910,-25910,0,0,27026,-27026,0,0,0,0,1,0
626,325520,-5836,28328,-22491,0,-6088,29551,-23462,0,0,0,0,1,0
627,326041,-11447,29656,-18209,0,-11942,30940,-18997,0,0,0,0,1,0
628,326562,-16616,29844,-13228,0,-17337,31140,-13802,0,0,0,0,1,0
629,327083,-21146,28886,-7740,0,-22066,30143,-8077,0,0,0,0,1,0
630,327604,-24862,26818,-1956,0,-25947,27988,-2041,0,0,0,0,1,0
631,328125,-27622,23720,3902,0,-28831,24758,4073,0,0,0,0,1,0
632,328645,-29320,19711,9609,0,-30607,20576,10031,0,0,0,0,1,0
633,329166,-29891,14946,14946,0,-31207,15603,15603,0,0,0,0,1,0
634,329687,-29313,9607,19706,0,-30607,10031,20576,0,0,0,0,1,0
635,330208,-27610,3901,23709,0,-28831,4073,24758,0,0,0,0,1,0
636,330729,-24845,-1954,26799,0,-25947,-2041,27988,0,0,0,0,1,0
637,331250,-21127,-7733,28859,0,-22066,-8077,30143,0,0,0,0,1,0
638,331770,-16597,-13213,29810,0,-17337,-13802,31140,0,0,0,0,1,0
639,332291,-11431,-18184,29615,0,-11942,-18997,30940,0,0,0,0,1,0
640,332812,-5827,-22455,28282,0,-6088,-23462,29551,0,0,0,0,1,0
641,333333,0,-25863,25863,0,0,-27026,27026,0,0,0,0,1,0
642,333854,5825,-28276,22450,0,6088,-29551,23462,0,0,0,0,1,0
643,334375,11426,-29602,18176,0,11942,-30940,18997,0,0,0,0,1,0
644,334895,16586,-29790,13204,0,17337,-31140,13802,0,0,0,0,1,0
645,335416,21107,-28833,7726,0,22066,-30143,8077,0,0,0,0,1,0
646,335937,24817,-26769,1952,0,25947,-27988,2041,0,0,0,0,1,0
647,336458,27572,-23676,-3895,0,28831,-24758,-4073,0,0,0,0,1,0
648,336979,29267,-19675,-9592,0,30607,-20576,-10031,0,0,0,0,1,0
649,337500,29837,-14918,-14918,0,31207,-15603,-15603,0,0,0,0,1,0
650,338020,29260,-9590,-19670,0,30607,-10031,-20576,0,0,0,0,1,0
651,338541,27559,-3894,-23666,0,28831,-4073,-24758,0,0,0,0,1,0
652,339062,24800,1951,-26750,0,25947,2041,-27988,0,0,0,0,1,0
653,339583,21088,7719,-28807,0,22066,8077,-30143,0,0,0,0,1,0
654,340104,16567,13189,-29756,0,17337,13802,-31140,0,0,0,0,1,0
655,340625,11410,18151,-29561,0,11942,18997,-30940,0,0,0,0,1,0
656,341145,5816,22414,-28231,0,6088,23462,-29551,0,0,0,0,1,0
657,341666,0,25816,-25816,0,0,27026,-27026,0,0,0,0,1,0
658,342187,-5815,28224,-22409,0,-6088,29551,-23462,0,0,0,0,1,0
659,342708,-11405,29548,-18143,0,-11942,30940,-18997,0,0,0,0,1,0
660,343229,-16556,29735,-13180,0,-17337,31140,-13802,0,0,0,0,1,0
661,343750,-21069,28781,-7712,0,-22066,30143,-8077,0,0,0,0,1,0
662,344270,-24771,26720,-1949,0,-25947,27988,-2041,0,0,0,0,1,0
663,344791,-27521,23633,3888,0,-28831,24758,4073,0,0,0,0,1,0
664,345312,-29213,19639,9574,0,-30607,20576,10031,0,0,0,0,1,0
665,345833,-29782,14891,14891,0,-31207,15603,15603,0,0,0,0,1,0
666,346354,-29207,9572,19635,0,-30607,10031,20576,0,0,0,0,1,0
667,346875,-27509,3886,23622,0,-28831,4073,24758,0,0,0,0,1,0
668,347395,-24755,-1947,26702,0,-25947,-2041,27988,0,0,0,0,1,0
669,347916,-21050,-7705,28754,0,-22066,-8077,30143,0,0,0,0,1,0
670,348437,-16537,-13165,29702,0,-17337,-13802,31140,0,0,0,0,1,0
671,348958,-11389,-18118,29507,0,-11942,-18997,30940,0,0,0,0,1,0
672,349479,-5806,-22374,28179,0,-6088,-23462,29551,0,0,0,0,1,0
673,350000,0,-25769,25769,0,0,-27026,27026,0,0,0,0,1,0
674,350520,5804,-28173,22369,0,6088,-29551,23462,0,0,0,0,1,0
675,351041,11384,-29494,18110,0,11942,-30940,18997,0,0,0,0,1,0
676,351562,16525,-29681,13156,0,17337,-31140,13802,0,0,0,0,1,0
677,352083,21030,-28728,7698,0,22066,-30143,8077,0,0,0,0,1,0
678,352604,24726,-26671,1945,0,25947,-27988,2041,0,0,0,0,1,0
679,353125,27471,-23590,-3881,0,28831,-24758,-4073,0,0,0,0,1,0
680,353645,29160,-19603,-9557,0,30607,-20576,-10031,0,0,0,0,1,0
681,354166,29728,-14864,-14864,0,31207,-15603,-15603,0,0,0,0,1,0
682,354687,29154,-9555,-19599,0,30607,-10031,-20576,0,0,0,0,1,0
683,355208,27459,-3879,-23579,0,28831,-4073,-24758,0,0,0,0,1,0
684,355729,24710,1944,-26653,0,25947,2041,-27988,0,0,0,0,1,0
685,356250,21011,7691,-28702,0,22066,8077,-30143,0,0,0,0,1,0
686,356770,16507,13141,-29648,0,17337,13802,-31140,0,0,0,0,1,0
687,357291,11369,18085,-29454,0,11942,18997,-30940,0,0,0,0,1,0
688,357812,5795,22333,-28128,0,6088,23462,-29551,0,0,0,0,1,0
689,358333,0,25722,-25722,0,0,27026,-27026,0,0,0,0,1,0
690,358854,-5794,28122,-22328,0,-6088,29551,-23462,0,0,0,0,1,0
691,359375,-11364,29440,-18077,0,-11942,30940,-18997,0,0,0,0,1,0
692,359895,-16495,29627,-13132,0,-17337,31140,-13802,0,0,0,0,1,0
693,360416,-20992,28676,-7684,0,-22066,30143,-8077,0,0,0,0,1,0
694,360937,-24681,26623,-1941,0,-25947,27988,-2041,0,0,0,0,1,0
695,361458,-27421,23547,3874,0,-28831,24758,4073,0,0,0,0,1,0
696,361979,-29107,19568,9540,0,-30607,20576,10031,0,0,0,0,1,0
697,362500,-29674,14837,14837,0,-31207,15603,15603,0,0,0,0,1,0
698,363020,-29101,9537,19563,0,-30607,10031,20576,0,0,0,0,1,0
699,363541,-27409,3872,23537,0,-28831,4073,24758,0,0,0,0,1,0
700,364062,-24665,-1940,26605,0,-25947,-2041,27988,0,0,0,0,1,0
701,364583,-20973,-7677,28650,0,-22066,-8077,30143,0,0,0,0,1,0
702,365104,-16477,-13117,29594,0,-17337,-13802,31140,0,0,0,0,1,0
703,365625,-11348,-18052,29400,0,-11942,-18997,30940,0,0,0,0,1,0
704,366145,-5785,-22292,28077,0,-6088,-23462,29551,0,0,0,0,1,0
705,366666,0,-25675,25675,0,0,-27026,27026,0,0,0,0,1,0
706,367187,5783,-28071,22287,0,6088,-29551,23462,0,0,0,0,1,0
707,367708,11343,-29387,18044,0,11942,-30940,18997,0,0,0,0,1,0
708,368229,16465,-29574,13108,0,17337,-31140,13802,0,0,0,0,1,0
709,368750,20954,-28624,7670,0,22066,-30143,8077,0,0,0,0,1,0
710,369270,24637,-26575,1938,0,25947,-27988,2041,0,0,0,0,1,0
711,369791,27372,-23505,-3867,0,28831,-24758,-4073,0,0,0,0,1,0
712,370312,29054,-19532,-9522,0,30607,-20576,-10031,0,0,0,0,1,0
713,370833,29620,-14810,-14810,0,31207,-15603,-15603,0,0,0,0,1,0
714,371354,29048,-9520,-19528,0,30607,-10031,-20576,0,0,0,0,1,0
715,371875,27359,-3865,-23494,0,28831,-4073,-24758,0,0,0,0,1,0
716,372395,24620,1937,-26557,0,25947,2041,-27988,0,0,0,0,1,0
717,372916,20935,7663,-28598,0,22066,8077,-30143,0,0,0,0,1,0
718,373437,16447,13093,-29540,0,17337,13802,-31140,0,0,0,0,1,0
719,373958,11328,18019,-29347,0,11942,18997,-30940,0,0,0,0,1,0
720,374479,5774,22252,-28026,0,6088,23462,-29551,0,0,0,0,1,0
721,375000,0,25629,-25629,0,0,27026,-27026,0,0,0,0,1,0
722,375520,-5773,28020,-22247,0,-6088,29551,-23462,0,0,0,0,1,0
723,376041,-11322,29334,-18011,0,-11942,30940,-18997,0,0,0,0,1,0
724,376562,-16436,29520,-13084,0,-17337,31140,-13802,0,0,0,0,1,0
725,377083,-20916,28572,-7656,0,-22066,30143,-8077,0,0,0,0,1,0
726,377604,-24592,26527,-1934,0,-25947,27988,-2041,0,0,0,0,1,0
727,378125,-27322,23462,3860,0,-28831,24758,4073,0,0,0,0,1,0
728,378645,-29002,19497,9505,0,-30607,20576,10031,0,0,0,0,1,0
729,379166,-29567,14783,14783,0,-31207,15603,15603,0,0,0,0,1,0
730,379687,-28995,9503,19493,0,-30607,10031,20576,0,0,0,0,1,0
731,380208,-27310,3858,23452,0,-28831,4073,24758,0,0,0,0,1,0
732,380729,-24576,-1933,26509,0,-25947,-2041,27988,0,0,0,0,1,0
733,381250,-20897,-7649,28546,0,-22066,-8077,30143,0,0,0,0,1,0
734,381770,-16417,-13070,29487,0,-17337,-13802,31140,0,0,0,0,1,0
735,382291,-11307,-17987,29294,0,-11942,-18997,30940,0,0,0,0,1,0
736,382812,-5764,-22212,27976,0,-6088,-23462,29551,0,0,0,0,1,0
737,383333,0,-25582,25582,0,0,-27026,27026,0,0,0,0,1,0
738,383854,5762,-27969,22207,0,6088,-29551,23462,0,0,0,0,1,0
739,384375,11302,-29281,17979,0,11942,-30940,18997,0,0,0,0,1,0
740,384895,16406,-29467,13061,0,17337,-31140,13802,0,0,0,0,1,0
741,385416,20879,-28521,7642,0,22066,-30143,8077,0,0,0,0,1,0
742,385937,24548,-26479,1931,0,25947,-27988,2041,0,0,0,0,1,0
743,386458,27273,-23420,-3853,0,28831,-24758,-4073,0,0,0,0,1,0
744,386979,28950,-19462,-9488,0,30607,-20576,-10031,0,0,0,0,1,0
745,387500,29513,-14757,-14757,0,31207,-15603,-15603,0,0,0,0,1,0
746,388020,28943,-9486,-19457,0,30607,-10031,-20576,0,0,0,0,1,0
747,388541,27261,-3851,-23409,0,28831,-4073,-24758,0,0,0,0,1,0
748,389062,24531,1930,-26461,0,25947,2041,-27988,0,0,0,0,1,0
749,389583,20860,7635,-28495,0,22066,8077,-30143,0,0,0,0,1,0
750,390104,16388,13046,-29434,0,17337,13802,-31140,0,0,0,0,1,0
751,390625,11287,17955,-29241,0,11942,18997,-30940,0,0,0,0,1,0
752,391145,5753,22172,-27925,0,6088,23462,-29551,0,0,0,0,1,0
753,391666,0,25536,-25536,0,0,27026,-27026,0,0,0,0,1,0
754,392187,-5752,27919,-22167,0,-6088,29551,-23462,0,0,0,0,1,0
755,392708,-11282,29228,-17946,0,-11942,30940,-18997,0,0,0,0,1,0
756,393229,-16377,29414,-13037,0,-17337,31140,-13802,0,0,0,0,1,0
757,393750,-20841,28469,-7628,0,-22066,30143,-8077,0,0,0,0,1,0
758,394270,-24504,26431,-1927,0,-25947,27988,-2041,0,0,0,0,1,0
759,394791,-27224,23378,3846,0,-28831,24758,4073,0,0,0,0,1,0
760,395312,-28898,19427,9471,0,-30607,20576,10031,0,0,0,0,1,0
761,395833,-29460,14730,14730,0,-31207,15603,15603,0,0,0,0,1,0
762,396354,-28891,9469,19422,0,-30607,10031,20576,0,0,0,0,1,0
763,396875,-27212,3844,23367,0,-28831,4073,24758,0,0,0,0,1,0
764,397395,-24487,-1926,26413,0,-25947,-2041,27988,0,0,0,0,1,0
765,397916,-20822,-7621,28444,0,-22066,-8077,30143,0,0,0,0,1,0
766,398437,-16358,-13023,29381,0,-17337,-13802,31140,0,0,0,0,1,0
767,398958,-11266,-17922,29189,0,-11942,-18997,30940,0,0,0,0,1,0
768,399479,-5743,-22132,27875,0,-6088,-23462,29551,0,0,0,0,1,0
769,400000,0,-25490,25490,0,0,-27026,27026,0,0,0,0,1,0
770,400520,5742,-27869,22127,0,6088,-29551,23462,0,0,0,0,1,0
771,401041,11261,-29175,17914,0,11942,-30940,18997,0,0,0,0,1,0
772,401562,16347,-29361,13014,0,17337,-31140,13802,0,0,0,0,1,0
773,402083,20804,-28418,7615,0,22066,-30143,8077,0,0,0,0,1,0
774,402604,24460,-26384,1924,0,25947,-27988,2041,0,0,0,0,1,0
775,403125,27175,-23336,-3839,0,28831,-24758,-4073,0,0,0,0,1,0
776,403645,28846,-19392,-9454,0,30607,-20576,-10031,0,0,0,0,1,0
777,404166,29407,-14704,-14704,0,31207,-15603,-15603,0,0,0,0,1,0
778,404687,28839,-9452,-19387,0,30607,-10031,-20576,0,0,0,0,1,0
779,405208,27163,-3838,-23325,0,28831,-4073,-24758,0,0,0,0,1,0
780,405729,24443,1923,-26366,0,25947,2041,-27988,0,0,0,0,1,0
781,406250,20785,7608,-28393,0,22066,8077,-30143,0,0,0,0,1,0
782,406770,16329,12999,-29328,0,17337,13802,-31140,0,0,0,0,1,0
783,407291,11246,17890,-29136,0,11942,18997,-30940,0,0,0,0,1,0
784,407812,5733,22092,-27825,0,6088,23462,-29551,0,0,0,0,1,0
785,408333,0,25445,-25445,0,0,27026,-27026,0,0,0,0,1,0
786,408854,-5731,27819,-22087,0,-6088,29551,-23462,0,0,0,0,1,0
787,409375,-11241,29123,-17882,0,-11942,30940,-18997,0,0,0,0,1,0
788,409895,-16318,29308,-12991,0,-17337,31140,-13802,0,0,0,0,1,0
789,410416,-20766,28367,-7601,0,-22066,30143,-8077,0,0,0,0,1,0
790,410937,-24416,26336,-1921,0,-25947,27988,-2041,0,0,0,0,1,0
791,411458,-27126,23294,3832,0,-28831,24758,4073,0,0,0,0,1,0
792,411979,-28794,19357,9437,0,-30607,20576,10031,0,0,0,0,1,0
793,412500,-29355,14677,14677,0,-31207,15603,15603,0,0,0,0,1,0
794,413020,-28787,9435,19353,0,-30607,10031,20576,0,0,0,0,1,0
795,413541,-27114,3831,23283,0,-28831,4073,24758,0,0,0,0,1,0
796,414062,-24399,-1919,26319,0,-25947,-2041,27988,0,0,0,0,1,0
797,414583,-20748,-7594,28342,0,-22066,-8077,30143,0,0,0,0,1,0
798,415104,-16299,-12976,29275,0,-17337,-13802,31140,0,0,0,0,1,0
799,415625,-11226,-17858,29084,0,-11942,-18997,30940,0,0,0,0,1,0
800,416145,-5722,-22053,27775,0,-6088,-23462,29551,0,0,0,0,1,0
801,416666,0,-25399,25399,0,0,-27026,27026,0,0,0,0,1,0
802,417187,5721,-27769,22048,0,6088,-29551,23462,0,0,0,0,1,0
803,417708,11221,-29071,17850,0,11942,-30940,18997,0,0,0,0,1,0
804,418229,16289,-29256,12967,0,17337,-31140,13802,0,0,0,0,1,0
805,418750,20729,-28316,7587,0,22066,-30143,8077,0,0,0,0,1,0
806,419270,24372,-26289,1917,0,25947,-27988,2041,0,0,0,0,1,0
807,419791,27078,-23252,-3826,0,28831,-24758,-4073,0,0,0,0,1,0
808,420312,28742,-19322,-9420,0,30607,-20576,-10031,0,0,0,0,1,0
809,420833,29302,-14651,-14651,0,31207,-15603,-15603,0,0,0,0,1,0
810,421354,28736,-9418,-19318,0,30607,-10031,-20576,0,0,0,0,1,0
811,421875,27066,-3824,-23242,0,28831,-4073,-24758,0,0,0,0,1,0
812,422395,24356,1916,-26272,0,25947,2041,-27988,0,0,0,0,1,0
813,422916,20711,7581,-28291,0,22066,8077,-30143,0,0,0,0,1,0
814,423437,16270,12953,-29223,0,17337,13802,-31140,0,0,0,0,1,0
815,423958,11206,17826,-29032,0,11942,18997,-30940,0,0,0,0,1,0
816,424479,5712,22013,-27725,0,6088,23462,-29551,0,0,0,0,1,0
817,425000,0,25354,-25354,0,0,27026,-27026,0,0,0,0,1,0
818,425520,-5711,27719,-22008,0,-6088,29551,-23462,0,0,0,0,1,0
819,426041,-11201,29019,-17818,0,-11942,30940,-18997,0,0,0,0,1,0
820,426562,-16259,29204,-12944,0,-17337,31140,-13802,0,0,0,0,1,0
821,427083,-20692,28266,-7574,0,-22066,30143,-8077,0,0,0,0,1,0
822,427604,-24329,26242,-1914,0,-25947,27988,-2041,0,0,0,0,1,0
823,428125,-27029,23211,3819,0,-28831,24758,4073,0,0,0,0,1,0
824,428645,-28691,19288,9403,0,-30607,20576,10031,0,0,0,0,1,0
825,429166,-29250,14625,14625,0,-31207,15603,15603,0,0,0,0,1,0
826,429687,-28685,9401,19284,0,-30607,10031,20576,0,0,0,0,1,0
827,430208,-27017,3817,23200,0,-28831,4073,24758,0,0,0,0,1,0
828,430729,-24312,-1912,26225,0,-25947,-2041,27988,0,0,0,0,1,0
829,431250,-20674,-7567,28241,0,-22066,-8077,30143,0,0,0,0,1,0
830,431770,-16241,-12930,29171,0,-17337,-13802,31140,0,0,0,0,1,0
831,432291,-11186,-17794,28980,0,-11942,-18997,30940,0,0,0,0,1,0
832,432812,-5702,-21974,27676,0,-6088,-23462,29551,0,0,0,0,1,0
833,433333,0,-25309,25309,0,0,-27026,27026,0,0,0,0,1,0
834,433854,5701,-27670,21969,0,6088,-29551,23462,0,0,0,0,1,0
835,434375,11181,-28967,17786,0,11942,-30940,18997,0,0,0,0,1,0
836,434895,16230,-29151,12921,0,17337,-31140,13802,0,0,0,0,1,0
837,435416,20655,-28215,7560,0,22066,-30143,8077,0,0,0,0,1,0
838,435937,24285,-26195,1910,0,25947,-27988,2041,0,0,0,0,1,0
839,436458,26981,-23169,-3812,0,28831,-24758,-4073,0,0,0,0,1,0
840,436979,28640,-19254,-9386,0,30607,-20576,-10031,0,0,0,0,1,0
841,437500,29198,-14599,-14599,0,31207,-15603,-15603,0,0,0,0,1,0
842,438020,28634,-9384,-19249,0,30607,-10031,-20576,0,0,0,0,1,0
843,438541,26969,-3810,-23159,0,28831,-4073,-24758,0,0,0,0,1,0
844,439062,24269,1909,-26178,0,25947,2041,-27988,0,0,0,0,1,0
845,439583,20637,7554,-28190,0,22066,8077,-30143,0,0,0,0,1,0
846,440104,16212,12907,-29119,0,17337,13802,-31140,0,0,0,0,1,0
847,440625,11166,17763,-28929,0,11942,18997,-30940,0,0,0,0,1,0
848,441145,5692,21935,-27627,0,6088,23462,-29551,0,0,0,0,1,0
849,441666,0,25264,-25264,0,0,27026,-27026,0,0,0,0,1,0
850,442187,-5691,27621,-21930,0,-6088,29551,-23462,0,0,0,0,1,0
851,442708,-11161,28916,-17755,0,-11942,30940,-18997,0,0,0,0,1,0
852,443229,-16202,29100,-12898,0,-17337,31140,-13802,0,0,0,0,1,0
853,443750,-20618,28165,-7547,0,-22066,30143,-8077,0,0,0,0,1,0
854,444270,-24242,26149,-1907,0,-25947,27988,-2041,0,0,0,0,1,0
855,444791,-26933,23128,3805,0,-28831,24758,4073,0,0,0,0,1,0
856,445312,-28589,19219,9370,0,-30607,20576,10031,0,0,0,0,1,0
857,445833,-29146,14573,14573,0,-31207,15603,15603,0,0,0,0,1,0
858,446354,-28583,9368,19215,0,-30607,10031,20576,0,0,0,0,1,0
859,446875,-26921,3803,23118,0,-28831,4073,24758,0,0,0,0,1,0
860,447395,-24226,-1906,26131,0,-25947,-2041,27988,0,0,0,0,1,0
861,447916,-20600,-7540,28140,0,-22066,-8077,30143,0,0,0,0,1,0
862,448437,-16184,-12884,29067,0,-17337,-13802,31140,0,0,0,0,1,0
863,448958,-11146,-17731,28877,0,-11942,-18997,30940,0,0,0,0,1,0
864,449479,-5682,-21896,27578,0,-6088,-23462,29551,0,0,0,0,1,0
865,450000,0,-25219,25219,0,0,-27026,27026,0,0,0,0,1,0
866,450520,5680,-27572,21891,0,6088,-29551,23462,0,0,0,0,1,0
867,451041,11141,-28864,17723,0,11942,-30940,18997,0,0,0,0,1,0
868,451562,16173,-29048,12875,0,17337,-31140,13802,0,0,0,0,1,0
869,452083,20582,-28115,7533,0,22066,-30143,8077,0,0,0,0,1,0
870,452604,24199,-26102,1903,0,25947,-27988,2041,0,0,0,0,1,0
871,453125,26885,-23087,-3798,0,28831,-24758,-4073,0,0,0,0,1,0
872,453645,28538,-19185,-9353,0,30607,-20576,-10031,0,0,0,0,1,0
873,454166,29094,-14547,-14547,0,31207,-15603,-15603,0,0,0,0,1,0
874,454687,28532,-9351,-19181,0,30607,-10031,-20576,0,0,0,0,1,0
875,455208,26874,-3797,-23077,0,28831,-4073,-24758,0,0,0,0,1,0
876,455729,24183,1902,-26085,0,25947,2041,-27988,0,0,0,0,1,0
877,456250,20564,7527,-28090,0,22066,8077,-30143,0,0,0,0,1,0
878,456770,16155,12861,-29016,0,17337,13802,-31140,0,0,0,0,1,0
879,457291,11126,17700,-28826,0,11942,18997,-30940,0,0,0,0,1,0
880,457812,5672,21857,-27529,0,6088,23462,-29551,0,0,0,0,1,0
881,458333,0,25174,-25174,0,0,27026,-27026,0,0,0,0,1,0
882,458854,-5670,27523,-21852,0,-6088,29551,-23462,0,0,0,0,1,0
883,459375,-11122,28813,-17692,0,-11942,30940,-18997,0,0,0,0,1,0
884,459895,-16144,28997,-12852,0,-17337,31140,-13802,0,0,0,0,1,0
885,460416,-20545,28065,-7520,0,-22066,30143,-8077,0,0,0,0,1,0
886,460937,-24156,26056,-1900,0,-25947,27988,-2041,0,0,0,0,1,0
887,461458,-26838,23046,3792,0,-28831,24758,4073,0,0,0,0,1,0
888,461979,-28488,19151,9336,0,-30607,20576,10031,0,0,0,0,1,0
889,462500,-29043,14521,14521,0,-31207,15603,15603,0,0,0,0,1,0
890,463020,-28481,9334,19147,0,-30607,10031,20576,0,0,0,0,1,0
891,463541,-26826,3790,23036,0,-28831,4073,24758,0,0,0,0,1,0
892,464062,-24140,-1899,26039,0,-25947,-2041,27988,0,0,0,0,1,0
893,464583,-20527,-7513,28041,0,-22066,-8077,30143,0,0,0,0,1,0
894,465104,-16126,-12838,28964,0,-17337,-13802,31140,0,0,0,0,1,0
895,465625,-11107,-17668,28775,0,-11942,-18997,30940,0,0,0,0,1,0
896,466145,-5662,-21819,27480,0,-6088,-23462,29551,0,0,0,0,1,0
897,466666,0,-25129,25129,0,0,-27026,27026,0,0,0,0,1,0
898,467187,5660,-27474,21814,0,6088,-29551,23462,0,0,0,0,1,0
899,467708,11102,-28762,17661,0,11942,-30940,18997,0,0,0,0,1,0
900,468229,16116,-28945,12830,0,17337,-31140,13802,0,0,0,0,1,0
901,468750,20509,-28016,7507,0,22066,-30143,8077,0,0,0,0,1,0
902,469270,24113,-26010,1897,0,25947,-27988,2041,0,0,0,0,1,0
903,469791,26790,-23005,-3785,0,28831,-24758,-4073,0,0,0,0,1,0
904,470312,28437,-19117,-9320,0,30607,-20576,-10031,0,0,0,0,1,0
905,470833,28991,-14496,-14496,0,31207,-15603,-15603,0,0,0,0,1,0
906,471354,28431,-9318,-19113,0,30607,-10031,-20576,0,0,0,0,1,0
907,471875,26779,-3783,-22995,0,28831,-4073,-24758,0,0,0,0,1,0
908,472395,24097,1895,-25993,0,25947,2041,-27988,0,0,0,0,1,0
909,472916,20491,7500,-27991,0,22066,8077,-30143,0,0,0,0,1,0
910,473437,16098,12815,-28913,0,17337,13802,-31140,0,0,0,0,1,0
911,473958,11087,17637,-28724,0,11942,18997,-30940,0,0,0,0,1,0
912,474479,5652,21780,-27432,0,6088,23462,-29551,0,0,0,0,1,0
913,475000,0,25085,-25085,0,0,27026,-27026,0,0,0,0,1,0
914,475520,-5650,27426,-21775,0,-6088,29551,-23462,0,0,0,0,1,0
915,476041,-11082,28712,-17629,0,-11942,30940,-18997,0,0,0,0,1,0
916,476562,-16087,28894,-12807,0,-17337,31140,-13802,0,0,0,0,1,0
917,477083,-20473,27966,-7494,0,-22066,30143,-8077,0,0,0,0,1,0
918,477604,-24071,25964,-1893,0,-25947,27988,-2041,0,0,0,0,1,0
919,478125,-26743,22965,3778,0,-28831,24758,4073,0,0,0,0,1,0
920,478645,-28387,19084,9304,0,-30607,20576,10031,0,0,0,0,1,0
921,479166,-28940,14470,14470,0,-31207,15603,15603,0,0,0,0,1,0
922,479687,-28381,9302,19080,0,-30607,10031,20576,0,0,0,0,1,0
923,480208,-26731,3777,22955,0,-28831,4073,24758,0,0,0,0,1,0
924,480729,-24055,-1892,25947,0,-25947,-2041,27988,0,0,0,0,1,0
925,481250,-20455,-7487,27942,0,-22066,-8077,30143,0,0,0,0,1,0
926,481770,-16069,-12793,28862,0,-17337,-13802,31140,0,0,0,0,1,0
927,482291,-11068,-17606,28674,0,-11942,-18997,30940,0,0,0,0,1,0
928,482812,-5642,-21742,27383,0,-6088,-23462,29551,0,0,0,0,1,0
929,483333,0,-25041,25041,0,0,-27026,27026,0,0,0,0,1,0
930,483854,5640,-27377,21737,0,6088,-29551,23462,0,0,0,0,1,0
931,484375,11063,-28661,17598,0,11942,-30940,18997,0,0,0,0,1,0
932,484895,16059,-28843,12784,0,17337,-31140,13802,0,0,0,0,1,0
933,485416,20437,-27917,7480,0,22066,-30143,8077,0,0,0,0,1,0
934,485937,24029,-25919,1890,0,25947,-27988,2041,0,0,0,0,1,0
935,486458,26696,-22924,-3772,0,28831,-24758,-4073,0,0,0,0,1,0
936,486979,28337,-19050,-9287,0,30607,-20576,-10031,0,0,0,0,1,0
937,487500,28889,-14445,-14445,0,31207,-15603,-15603,0,0,0,0,1,0
938,488020,28331,-9285,-19046,0,30607,-10031,-20576,0,0,0,0,1,0
939,488541,26684,-3770,-22914,0,28831,-4073,-24758,0,0,0,0,1,0
940,489062,24013,1889,-25902,0,25947,2041,-27988,0,0,0,0,1,0
941,489583,20419,7474,-27893,0,22066,8077,-30143,0,0,0,0,1,0
942,490104,16041,12770,-28812,0,17337,13802,-31140,0,0,0,0,1,0
943,490625,11048,17575,-28623,0,11942,18997,-30940,0,0,0,0,1,0
944,491145,5632,21703,-27335,0,6088,23462,-29551,0,0,0,0,1,0
945,491666,0,24997,-24997,0,0,27026,-27026,0,0,0,0,1,0
946,492187,-5630,27329,-21699,0,-6088,29551,-23462,0,0,0,0,1,0
947,492708,-11043,28611,-17567,0,-11942,30940,-18997,0,0,0,0,1,0
948,493229,-16031,28793,-12762,0,-17337,31140,-13802,0,0,0,0,1,0
949,493750,-20401,27868,-7467,0,-22066,30143,-8077,0,0,0,0,1,0
950,494270,-23986,25873,-1887,0,-25947,27988,-2041,0,0,0,0,1,0
951,494791,-26649,22884,3765,0,-28831,24758,4073,0,0,0,0,1,0
952,495312,-28288,19017,9271,0,-30607,20576,10031,0,0,0,0,1,0
953,495833,-28839,14419,14419,0,-31207,15603,15603,0,0,0,0,1,0
954,496354,-28281,9269,19013,0,-30607,10031,20576,0,0,0,0,1,0
955,496875,-26638,3763,22874,0,-28831,4073,24758,0,0,0,0,1,0
956,497395,-23971,-1886,25856,0,-25947,-2041,27988,0,0,0,0,1,0
957,497916,-20383,-7461,27844,0,-22066,-8077,30143,0,0,0,0,1,0
958,498437,-16013,-12748,28761,0,-17337,-13802,31140,0,0,0,0,1,0
959,498958,-11029,-17544,28573,0,-11942,-18997,30940,0,0,0,0,1,0
960,499479,-5622,-21665,27287,0,-6088,-23462,29551,0,0,0,0,1,0
961,500000,0,-24953,24953,0,0,-27026,27026,0,0,0,0,1,0
962,500520,5621,-27281,21661,0,6088,-29551,23462,0,0,0,0,1,0
963,501041,11024,-28561,17537,0,11942,-30940,18997,0,0,0,0,1,0
964,501562,16003,-28742,12740,0,17337,-31140,13802,0,0,0,0,1,0
965,502083,20365,-27819,7454,0,22066,-30143,8077,0,0,0,0,1,0
966,502604,23944,-25828,1883,0,25947,-27988,2041,0,0,0,0,1,0
967,503125,26603,-22844,-3758,0,28831,-24758,-4073,0,0,0,0,1,0
968,503645,28238,-18983,-9255,0,30607,-20576,-10031,0,0,0,0,1,0
969,504166,28788,-14394,-14394,0,31207,-15603,-15603,0,0,0,0,1,0
970,504687,28232,-9253,-18979,0,30607,-10031,-20576,0,0,0,0,1,0
971,505208,26591,-3757,-22834,0,28831,-4073,-24758,0,0,0,0,1,0
972,505729,23929,1882,-25811,0,25947,2041,-27988,0,0,0,0,1,0
973,506250,20347,7448,-27795,0,22066,8077,-30143,0,0,0,0,1,0
974,506770,15985,12726,-28711,0,17337,13802,-31140,0,0,0,0,1,0
975,507291,11010,17514,-28523,0,11942,18997,-30940,0,0,0,0,1,0
976,507812,5612,21627,-27239,0,6088,23462,-29551,0,0,0,0,1,0
977,508333,0,24909,-24909,0,0,27026,-27026,0,0,0,0,1,0
978,508854,-5611,27234,-21623,0,-6088,29551,-23462,0,0,0,0,1,0
979,509375,-11005,28511,-17506,0,-11942,30940,-18997,0,0,0,0,1,0
980,509895,-15975,28692,-12717,0,-17337,31140,-13802,0,0,0,0,1,0
981,510416,-20330,27771,-7441,0,-22066,30143,-8077,0,0,0,0,1,0
982,510937,-23902,25783,-1880,0,-25947,27988,-2041,0,0,0,0,1,0
983,511458,-26556,22804,3752,0,-28831,24758,4073,0,0,0,0,1,0
984,511979,-28189,18950,9238,0,-30607,20576,10031,0,0,0,0,1,0
985,512499,-28738,14369,14369,0,-31207,15603,15603,0,0,0,0,1,0
986,513020,-28183,9236,18946,0,-30607,10031,20576,0,0,0,0,1,0
987,513541,-26544,3750,22794,0,-28831,4073,24758,0,0,0,0,1,0
988,514062,-23887,-1879,25766,0,-25947,-2041,27988,0,0,0,0,1,0
989,514583,-20312,-7435,27746,0,-22066,-8077,30143,0,0,0,0,1,0
990,515104,-15957,-12703,28661,0,-17337,-13802,31140,0,0,0,0,1,0
991,515625,-10990,-17483,28473,0,-11942,-18997,30940,0,0,0,0,1,0
992,516145,-5602,-21590,27192,0,-6088,-23462,29551,0,0,0,0,1,0
993,516666,0,-24866,24866,0,0,-27026,27026,0,0,0,0,1,0
994,517187,5601,-27186,21585,0,6088,-29551,23462,0,0,0,0,1,0
995,517708,10985,-28461,17475,0,11942,-30940,18997,0,0,0,0,1,0
996,518229,15947,-28642,12695,0,17337,-31140,13802,0,0,0,0,1,0
997,518750,20294,-27722,7428,0,22066,-30143,8077,0,0,0,0,1,0
998,519270,23861,-25738,1877,0,25947,-27988,2041,0,0,0,0,1,0
999,519791,26510,-22764,-3745,0,28831,-24758,-4073,0,0,0,0,1,0
1000,520312,28139,-18917,-9222,0,30607,-20576,-10031,0,0,0,0,1,0
1001,520833,28688,-14344,-14344,0,31207,-15603,-15603,0,0,0,0,1,0
1002,521354,28133,-9220,-18913,0,30607,-10031,-20576,0,0,0,0,1,0
1003,521875,26498,-3744,-22754,0,28831,-4073,-24758,0,0,0,0,1,0
1004,522395,23845,1876,-25721,0,25947,2041,-27988,0,0,0,0,1,0
1005,522916,20276,7422,-27698,0,22066,8077,-30143,0,0,0,0,1,0
1006,523437,15929,12681,-28611,0,17337,13802,-31140,0,0,0,0,1,0
1007,523958,10971,17453,-28424,0,11942,18997,-30940,0,0,0,0,1,0
1008,524479,5592,21552,-27144,0,6088,23462,-29551,0,0,0,0,1,0
1009,525000,0,24823,-24823,0,0,27026,-27026,0,0,0,0,1,0
1010,525520,-5591,27139,-21547,0,-6088,29551,-23462,0,0,0,0,1,0
1011,526041,-10966,28411,-17445,0,-11942,30940,-18997,0,0,0,0,1,0
1012,526562,-15919,28592,-12673,0,-17337,31140,-13802,0,0,0,0,1,0
1013,527083,-20259,27674,-7415,0,-22066,30143,-8077,0,0,0,0,1,0
1014,527604,-23819,25693,-1874,0,-25947,27988,-2041,0,0,0,0,1,0
1015,528125,-26464,22725,3739,0,-28831,24758,4073,0,0,0,0,1,0
1016,528645,-28091,18884,9206,0,-30607,20576,10031,0,0,0,0,1,0
1017,529166,-28638,14319,14319,0,-31207,15603,15603,0,0,0,0,1,0
1018,529687,-28084,9204,18880,0,-30607,10031,20576,0,0,0,0,1,0
1019,530208,-26452,3737,22715,0,-28831,4073,24758,0,0,0,0,1,0
1020,530729,-23804,-1872,25676,0,-25947,-2041,27988,0,0,0,0,1,0
1021,531250,-20241,-7409,27650,0,-22066,-8077,30143,0,0,0,0,1,0
1022,531770,-15902,-12659,28561,0,-17337,-13802,31140,0,0,0,0,1,0
1023,532291,-10952,-17422,28374,0,-11942,-18997,30940,0,0,0,0,1,0
1024,532812,-5583,-21515,27097,0,-6088,-23462,29551,0,0,0,0,1,0
1025,533333,0,-24779,24779,0,0,-27026,27026,0,0,0,0,1,0
1026,533854,5581,-27091,21510,0,6088,-29551,23462,0,0,0,0,1,0
1027,534375,10947,-28362,17415,0,11942,-30940,18997,0,0,0,0,1,0
1028,534895,15891,-28542,12651,0,17337,-31140,13802,0,0,0,0,1,0
1029,535416,20224,-27626,7402,0,22066,-30143,8077,0,0,0,0,1,0
1030,535937,23778,-25648,1870,0,25947,-27988,2041,0,0,0,0,1,0
1031,536458,26418,-22685,-3732,0,28831,-24758,-4073,0,0,0,0,1,0
1032,536979,28042,-18851,-9190,0,30607,-20576,-10031,0,0,0,0,1,0
1033,537500,28588,-14294,-14294,0,31207,-15603,-15603,0,0,0,0,1,0
1034,538020,28036,-9188,-18847,0,30607,-10031,-20576,0,0,0,0,1,0
1035,538541,26406,-3731,-22675,0,28831,-4073,-24758,0,0,0,0,1,0
1036,539062,23762,1869,-25631,0,25947,2041,-27988,0,0,0,0,1,0
1037,539583,20206,7396,-27602,0,22066,8077,-30143,0,0,0,0,1,0
1038,540104,15874,12637,-28511,0,17337,13802,-31140,0,0,0,0,1,0
1039,540625,10933,17392,-28325,0,11942,18997,-30940,0,0,0,0,1,0
1040,541145,5573,21477,-27050,0,6088,23462,-29551,0,0,0,0,1,0
1041,541666,0,24736,-24736,0,0,27026,-27026,0,0,0,0,1,0
1042,542187,-5572,27044,-21473,0,-6088,29551,-23462,0,0,0,0,1,0
1043,542708,-10928,28313,-17384,0,-11942,30940,-18997,0,0,0,0,1,0
1044,543229,-15864,28493,-12629,0,-17337,31140,-13802,0,0,0,0,1,0
1045,543750,-20188,27578,-7389,0,-22066,30143,-8077,0,0,0,0,1,0
1046,544270,-23737,25604,-1867,0,-25947,27988,-2041,0,0,0,0,1,0
1047,544791,-26372,22646,3726,0,-28831,24758,4073,0,0,0,0,1,0
1048,545312,-27993,18819,9174,0,-30607,20576,10031,0,0,0,0,1,0
1049,545833,-28538,14269,14269,0,-31207,15603,15603,0,0,0,0,1,0
1050,546354,-27987,9172,18815,0,-30607,10031,20576,0,0,0,0,1,0
1051,546875,-26360,3724,22636,0,-28831,4073,24758,0,0,0,0,1,0
1052,547395,-23721,-1866,25587,0,-25947,-2041,27988,0,0,0,0,1,0
1053,547916,-20171,-7383,27554,0,-22066,-8077,30143,0,0,0,0,1,0
1054,548437,-15847,-12615,28462,0,-17337,-13802,31140,0,0,0,0,1,0
1055,548958,-10914,-17362,28276,0,-11942,-18997,30940,0,0,0,0,1,0
1056,549479,-5563,-21440,27003,0,-6088,-23462,29551,0,0,0,0,1,0
1057,550000,0,-24694,24694,0,0,-27026,27026,0,0,0,0,1,0
1058,550520,5562,-26998,21435,0,6088,-29551,23462,0,0,0,0,1,0
1059,551041,10909,-28264,17354,0,11942,-30940,18997,0,0,0,0,1,0
1060,551562,15836,-28443,12607,0,17337,-31140,13802,0,0,0,0,1,0
1061,552083,20154,-27530,7377,0,22066,-30143,8077,0,0,0,0,1,0
1062,552604,23695,-25559,1864,0,25947,-27988,2041,0,0,0,0,1,0
1063,553125,26326,-22607,-3719,0,28831,-24758,-4073,0,0,0,0,1,0
1064,553645,27945,-18786,-9159,0,30607,-20576,-10031,0,0,0,0,1,0
1065,554166,28489,-14245,-14245,0,31207,-15603,-15603,0,0,0,0,1,0
1066,554687,27939,-9157,-18782,0,30607,-10031,-20576,0,0,0,0,1,0
1067,555208,26315,-3718,-22597,0,28831,-4073,-24758,0,0,0,0,1,0
1068,555729,23680,1863,-25543,0,25947,2041,-27988,0,0,0,0,1,0
1069,556250,20136,7370,-27506,0,22066,8077,-30143,0,0,0,0,1,0
1070,556770,15819,12594,-28413,0,17337,13802,-31140,0,0,0,0,1,0
1071,557291,10895,17332,-28227,0,11942,18997,-30940,0,0,0,0,1,0
1072,557812,5554,21403,-26957,0,6088,23462,-29551,0,0,0,0,1,0
1073,558333,0,24651,-24651,0,0,27026,-27026,0,0,0,0,1,0
1074,558854,-5553,26951,-21398,0,-6088,29551,-23462,0,0,0,0,1,0
1075,559375,-10891,28215,-17324,0,-11942,30940,-18997,0,0,0,0,1,0
1076,559895,-15809,28394,-12585,0,-17337,31140,-13802,0,0,0,0,1,0
1077,560416,-20119,27483,-7364,0,-22066,30143,-8077,0,0,0,0,1,0
1078,560937,-23655,25515,-1861,0,-25947,27988,-2041,0,0,0,0,1,0
1079,561458,-26281,22568,3713,0,-28831,24758,4073,0,0,0,0,1,0
1080,561979,-27896,18754,9143,0,-30607,20576,10031,0,0,0,0,1,0
1081,562500,-28440,14220,14220,0,-31207,15603,15603,0,0,0,0,1,0
1082,563020,-27890,9141,18750,0,-30607,10031,20576,0,0,0,0,1,0
1083,563541,-26269,3711,22558,0,-28831,4073,24758,0,0,0,0,1,0
1084,564062,-23639,-1859,25499,0,-25947,-2041,27988,0,0,0,0,1,0
1085,564583,-20101,-7358,27459,0,-22066,-8077,30143,0,0,0,0,1,0
1086,565104,-15792,-12572,28364,0,-17337,-13802,31140,0,0,0,0,1,0
1087,565625,-10876,-17302,28178,0,-11942,-18997,30940,0,0,0,0,1,0
1088,566145,-5544,-21366,26910,0,-6088,-23462,29551,0,0,0,0,1,0
1089,566666,0,-24608,24608,0,0,-27026,27026,0,0,0,0,1,0
1090,567187,5543,-26904,21362,0,6088,-29551,23462,0,0,0,0,1,0
1091,567708,10872,-28166,17294,0,11942,-30940,18997,0,0,0,0,1,0
1092,568229,15782,-28345,12564,0,17337,-31140,13802,0,0,0,0,1,0
1093,568750,20084,-27435,7351,0,22066,-30143,8077,0,0,0,0,1,0
1094,569270,23614,-25471,1857,0,25947,-27988,2041,0,0,0,0,1,0
1095,569791,26235,-22529,-3707,0,28831,-24758,-4073,0,0,0,0,1,0
1096,570312,27848,-18721,-9127,0,30607,-20576,-10031,0,0,0,0,1,0
1097,570833,28391,-14195,-14195,0,31207,-15603,-15603,0,0,0,0,1,0
1098,571354,27842,-9125,-18717,0,30607,-10031,-20576,0,0,0,0,1,0
1099,571875,26224,-3705,-22519,0,28831,-4073,-24758,0,0,0,0,1,0
1100,572395,23599,1856,-25455,0,25947,2041,-27988,0,0,0,0,1,0
1101,572916,20067,7345,-27412,0,22066,8077,-30143,0,0,0,0,1,0
1102,573437,15765,12550,-28315,0,17337,13802,-31140,0,0,0,0,1,0
1103,573958,10858,17272,-28130,0,11942,18997,-30940,0,0,0,0,1,0
1104,574479,5535,21329,-26864,0,6088,23462,-29551,0,0,0,0,1,0
1105,575000,0,24566,-24566,0,0,27026,-27026,0,0,0,0,1,0
1106,575520,-5533,26858,-21325,0,-6088,29551,-23462,0,0,0,0,1,0
1107,576041,-10853,28118,-17265,0,-11942,30940,-18997,0,0,0,0,1,0
1108,576562,-15755,28297,-12542,0,-17337,31140,-13802,0,0,0,0,1,0
1109,577083,-20050,27388,-7339,0,-22066,30143,-8077,0,0,0,0,1,0
1110,577604,-23573,25427,-1854,0,-25947,27988,-2041,0,0,0,0,1,0
1111,578125,-26190,22490,3700,0,-28831,24758,4073,0,0,0,0,1,0
1112,578645,-27801,18689,9111,0,-30607,20576,10031,0,0,0,0,1,0
1113,579166,-28342,14171,14171,0,-31207,15603,15603,0,0,0,0,1,0
1114,579687,-27795,9109,18685,0,-30607,10031,20576,0,0,0,0,1,0
1115,580208,-26179,3699,22480,0,-28831,4073,24758,0,0,0,0,1,0
1116,580729,-23558,-1853,25411,0,-25947,-2041,27988,0,0,0,0,1,0
1117,581250,-20032,-7332,27365,0,-22066,-8077,30143,0,0,0,0,1,0
1118,581770,-15738,-12529,28266,0,-17337,-13802,31140,0,0,0,0,1,0
1119,582291,-10839,-17242,28082,0,-11942,-18997,30940,0,0,0,0,1,0
1120,582812,-5525,-21293,26818,0,-6088,-23462,29551,0,0,0,0,1,0
1121,583333,0,-24524,24524,0,0,-27026,27026,0,0,0,0,1,0
1122,583854,5524,-26812,21288,0,6088,-29551,23462,0,0,0,0,1,0
1123,584375,10834,-28070,17235,0,11942,-30940,18997,0,0,0,0,1,0
1124,584895,15727,-28248,12521,0,17337,-31140,13802,0,0,0,0,1,0
1125,585416,20015,-27341,7326,0,22066,-30143,8077,0,0,0,0,1,0
1126,585937,23533,-25384,1851,0,25947,-27988,2041,0,0,0,0,1,0
1127,586458,26145,-22452,-3694,0,28831,-24758,-4073,0,0,0,0,1,0
1128,586979,27753,-18657,-9096,0,30607,-20576,-10031,0,0,0,0,1,0
1129,587500,28294,-14147,-14147,0,31207,-15603,-15603,0,0,0,0,1,0
1130,588020,27747,-9094,-18653,0,30607,-10031,-20576,0,0,0,0,1,0
1131,588541,26134,-3692,-22442,0,28831,-4073,-24758,0,0,0,0,1,0
1132,589062,23518,1850,-25368,0,25947,2041,-27988,0,0,0,0,1,0
1133,589583,19998,7320,-27318,0,22066,8077,-30143,0,0,0,0,1,0
1134,590104,15711,12507,-28218,0,17337,13802,-31140,0,0,0,0,1,0
1135,590625,10821,17213,-28033,0,11942,18997,-30940,0,0,0,0,1,0
1136,591145,5516,21256,-26772,0,6088,23462,-29551,0,0,0,0,1,0
1137,591666,0,24482,-24482,0,0,27026,-27026,0,0,0,0,1,0
1138,592187,-5514,26766,-21252,0,-6088,29551,-23462,0,0,0,0,1,0
1139,592708,-10816,28021,-17206,0,-11942,30940,-18997,0,0,0,0,1,0
1140,593229,-15701,28200,-12499,0,-17337,31140,-13802,0,0,0,0,1,0
1141,593750,-19981,27294,-7314,0,-22066,30143,-8077,0,0,0,0,1,0
1142,594270,-23492,25340,-1848,0,-25947,27988,-2041,0,0,0,0,1,0
1143,594791,-26101,22413,3688,0,-28831,24758,4073,0,0,0,0,1,0
1144,595312,-27705,18625,9080,0,-30607,20576,10031,0,0,0,0,1,0
1145,595833,-28245,14123,14123,0,-31207,15603,15603,0,0,0,0,1,0
1146,596354,-27699,9078,18621,0,-30607,10031,20576,0,0,0,0,1,0
1147,596875,-26090,3686,22404,0,-28831,4073,24758,0,0,0,0,1,0
1148,597395,-23477,-1847,25324,0,-25947,-2041,27988,0,0,0,0,1,0
1149,597916,-19964,-7307,27271,0,-22066,-8077,30143,0,0,0,0,1,0
1150,598437,-15684,-12486,28170,0,-17337,-13802,31140,0,0,0,0,1,0
1151,598958,-10802,-17184,27986,0,-11942,-18997,30940,0,0,0,0,1,0
1152,599479,-5506,-21220,26726,0,-6088,-23462,29551,0,0,0,0,1,0
1153,600000,0,-24440,24440,0,0,-27026,27026,0,0,0,0,1,0
1154,600520,5505,-26720,21215,0,6088,-29551,23462,0,0,0,0,1,0
1155,601041,10797,-27974,17176,0,11942,-30940,18997,0,0,0,0,1,0
1156,601562,15674,-28152,12478,0,17337,-31140,13802,0,0,0,0,1,0
1157,602083,19947,-27248,7301,0,22066,-30143,8077,0,0,0,0,1,0
1158,602604,23452,-25297,1845,0,25947,-27988,2041,0,0,0,0,1,0
1159,603125,26056,-22375,-3681,0,28831,-24758,-4073,0,0,0,0,1,0
1160,603645,27658,-18593,-9065,0,30607,-20576,-10031,0,0,0,0,1,0
1161,604166,28197,-14098,-14098,0,31207,-15603,-15603,0,0,0,0,1,0
1162,604687,27652,-9063,-18590,0,30607,-10031,-20576,0,0,0,0,1,0
1163,605208,26045,-3680,-22365,0,28831,-4073,-24758,0,0,0,0,1,0
1164,605729,23437,1844,-25281,0,25947,2041,-27988,0,0,0,0,1,0
1165,606250,19930,7295,-27224,0,22066,8077,-30143,0,0,0,0,1,0
1166,606770,15657,12465,-28122,0,17337,13802,-31140,0,0,0,0,1,0
1167,607291,10784,17154,-27938,0,11942,18997,-30940,0,0,0,0,1,0
1168,607812,5497,21184,-26681,0,6088,23462,-29551,0,0,0,0,1,0
1169,608333,0,24398,-24398,0,0,27026,-27026,0,0,0,0,1,0
1170,608854,-5496,26675,-21179,0,-6088,29551,-23462,0,0,0,0,1,0
1171,609375,-10779,27926,-17147,0,-11942,30940,-18997,0,0,0,0,1,0
1172,609895,-15647,28104,-12457,0,-17337,31140,-13802,0,0,0,0,1,0
1173,610416,-19913,27201,-7289,0,-22066,30143,-8077,0,0,0,0,1,0
1174,610937,-23412,25254,-1842,0,-25947,27988,-2041,0,0,0,0,1,0
1175,611458,-26012,22337,3675,0,-28831,24758,4073,0,0,0,0,1,0
1176,611979,-27611,18562,9049,0,-30607,20576,10031,0,0,0,0,1,0
1177,612500,-28149,14074,14074,0,-31207,15603,15603,0,0,0,0,1,0
1178,613020,-27605,9047,18558,0,-30607,10031,20576,0,0,0,0,1,0
1179,613541,-26001,3673,22327,0,-28831,4073,24758,0,0,0,0,1,0
1180,614062,-23397,-1840,25238,0,-25947,-2041,27988,0,0,0,0,1,0
1181,614583,-19896,-7282,27178,0,-22066,-8077,30143,0,0,0,0,1,0
1182,615104,-15630,-12443,28074,0,-17337,-13802,31140,0,0,0,0,1,0
1183,615625,-10765,-17125,27890,0,-11942,-18997,30940,0,0,0,0,1,0
1184,616145,-5487,-21148,26635,0,-6088,-23462,29551,0,0,0,0,1,0
1185,616666,0,-24357,24357,0,0,-27026,27026,0,0,0,0,1,0
1186,617187,5486,-26629,21143,0,6088,-29551,23462,0,0,0,0,1,0
1187,617708,10761,-27878,17118,0,11942,-30940,18997,0,0,0,0,1,0
1188,618229,15620,-28056,12435,0,17337,-31140,13802,0,0,0,0,1,0
1189,618750,19879,-27155,7276,0,22066,-30143,8077,0,0,0,0,1,0
1190,619270,23373,-25211,1838,0,25947,-27988,2041,0,0,0,0,1,0
1191,619791,25967,-22299,-3669,0,28831,-24758,-4073,0,0,0,0,1,0
1192,620312,27564,-18530,-9034,0,30607,-20576,-10031,0,0,0,0,1,0
1193,620833,28101,-14050,-14050,0,31207,-15603,-15603,0,0,0,0,1,0
1194,621354,27558,-9032,-18526,0,30607,-10031,-20576,0,0,0,0,1,0
1195,621875,25956,-3667,-22289,0,28831,-4073,-24758,0,0,0,0,1,0
1196,622395,23358,1837,-25195,0,25947,2041,-27988,0,0,0,0,1,0
1197,622916,19862,7270,-27132,0,22066,8077,-30143,0,0,0,0,1,0
1198,623437,15604,12422,-28026,0,17337,13802,-31140,0,0,0,0,1,0
1199,623958,10747,17096,-27843,0,11942,18997,-30940,0,0,0,0,1,0
1200,624479,5478,21112,-26590,0,6088,23462,-29551,0,0,0,0,1,0
1201,625000,0,24316,-24316,0,0,27026,-27026,0,0,0,0,1,0
1202,625520,-5477,26584,-21107,0,-6088,29551,-23462,0,0,0,0,1,0
1203,626041,-10742,27831,-17089,0,-11942,30940,-18997,0,0,0,0,1,0
1204,626562,-15594,28008,-12414,0,-17337,31140,-13802,0,0,0,0,1,0
1205,627083,-19845,27109,-7264,0,-22066,30143,-8077,0,0,0,0,1,0
1206,627604,-23333,25168,-1835,0,-25947,27988,-2041,0,0,0,0,1,0
1207,628125,-25923,22261,3662,0,-28831,24758,4073,0,0,0,0,1,0
1208,628645,-27517,18499,9018,0,-30607,20576,10031,0,0,0,0,1,0
1209,629166,-28053,14027,14027,0,-31207,15603,15603,0,0,0,0,1,0
1210,629687,-27511,9016,18495,0,-30607,10031,20576,0,0,0,0,1,0
1211,630208,-25912,3661,22251,0,-28831,4073,24758,0,0,0,0,1,0
1212,630729,-23318,-1834,25152,0,-25947,-2041,27988,0,0,0,0,1,0
1213,631250,-19828,-7258,27086,0,-22066,-8077,30143,0,0,0,0,1,0
1214,631770,-15577,-12401,27978,0,-17337,-13802,31140,0,0,0,0,1,0
1215,632291,-10729,-17067,27796,0,-11942,-18997,30940,0,0,0,0,1,0
1216,632812,-5469,-21076,26545,0,-6088,-23462,29551,0,0,0,0,1,0
1217,633333,0,-24274,24274,0,0,-27026,27026,0,0,0,0,1,0
1218,633854,5468,-26539,21072,0,6088,-29551,23462,0,0,0,0,1,0
1219,634375,10724,-27784,17060,0,11942,-30940,18997,0,0,0,0,1,0
1220,634895,15567,-27961,12393,0,17337,-31140,13802,0,0,0,0,1,0
1221,635416,19812,-27063,7252,0,22066,-30143,8077,0,0,0,0,1,0
1222,635937,23293,-25126,1832,0,25947,-27988,2041,0,0,0,0,1,0
1223,636458,25879,-22223,-3656,0,28831,-24758,-4073,0,0,0,0,1,0
1224,636979,27471,-18467,-9003,0,30607,-20576,-10031,0,0,0,0,1,0
1225,637500,28006,-14003,-14003,0,31207,-15603,-15603,0,0,0,0,1,0
1226,638020,27465,-9001,-18464,0,30607,-10031,-20576,0,0,0,0,1,0
1227,638541,25869,-3655,-22214,0,28831,-4073,-24758,0,0,0,0,1,0
1228,639062,23279,1831,-25110,0,25947,2041,-27988,0,0,0,0,1,0
1229,639583,19795,7245,-27040,0,22066,8077,-30143,0,0,0,0,1,0
1230,640104,15551,12380,-27931,0,17337,13802,-31140,0,0,0,0,1,0
1231,640625,10711,17038,-27749,0,11942,18997,-30940,0,0,0,0,1,0
1232,641145,5460,21040,-26500,0,6088,23462,-29551,0,0,0,0,1,0
1233,641666,0,24233,-24233,0,0,27026,-27026,0,0,0,0,1,0
1234,642187,-5458,26494,-21036,0,-6088,29551,-23462,0,0,0,0,1,0
1235,642708,-10706,27737,-17031,0,-11942,30940,-18997,0,0,0,0,1,0
1236,643229,-15541,27913,-12372,0,-17337,31140,-13802,0,0,0,0,1,0
1237,643750,-19778,27017,-7239,0,-22066,30143,-8077,0,0,0,0,1,0
1238,644270,-23254,25083,-1829,0,-25947,27988,-2041,0,0,0,0,1,0
1239,644791,-25836,22186,3650,0,-28831,24758,4073,0,0,0,0,1,0
1240,645312,-27424,18436,8988,0,-30607,20576,10031,0,0,0,0,1,0
1241,645833,-27959,13979,13979,0,-31207,15603,15603,0,0,0,0,1,0
1242,646354,-27418,8986,18432,0,-30607,10031,20576,0,0,0,0,1,0
1243,646875,-25825,3649,22176,0,-28831,4073,24758,0,0,0,0,1,0
1244,647395,-23239,-1828,25067,0,-25947,-2041,27988,0,0,0,0,1,0
1245,647916,-19761,-7233,26994,0,-22066,-8077,30143,0,0,0,0,1,0
1246,648437,-15525,-12359,27884,0,-17337,-13802,31140,0,0,0,0,1,0
1247,648958,-10692,-17009,27702,0,-11942,-18997,30940,0,0,0,0,1,0
1248,649479,-5450,-21005,26455,0,-6088,-23462,29551,0,0,0,0,1,0
1249,650000,0,-24192,24192,0,0,-27026,27026,0,0,0,0,1,0
1250,650520,5449,-26450,21000,0,6088,-29551,23462,0,0,0,0,1,0
1251,651041,10688,-27690,17002,0,11942,-30940,18997,0,0,0,0,1,0
1252,651562,15515,-27866,12351,0,17337,-31140,13802,0,0,0,0,1,0
1253,652083,19745,-26972,7227,0,22066,-30143,8077,0,0,0,0,1,0
1254,652604,23215,-25041,1826,0,25947,-27988,2041,0,0,0,0,1,0
1255,653125,25792,-22148,-3644,0,28831,-24758,-4073,0,0,0,0,1,0
1256,653645,27378,-18405,-8973,0,30607,-20576,-10031,0,0,0,0,1,0
1257,654166,27911,-13956,-13956,0,31207,-15603,-15603,0,0,0,0,1,0
1258,654687,27372,-8971,-18401,0,30607,-10031,-20576,0,0,0,0,1,0
1259,655208,25781,-3642,-22139,0,28831,-4073,-24758,0,0,0,0,1,0
1260,655729,23200,1825,-25025,0,25947,2041,-27988,0,0,0,0,1,0
1261,656250,19728,7221,-26949,0,22066,8077,-30143,0,0,0,0,1,0
1262,656770,15499,12338,-27837,0,17337,13802,-31140,0,0,0,0,1,0
1263,657291,10674,16981,-27655,0,11942,18997,-30940,0,0,0,0,1,0
1264,657812,5441,20969,-26411,0,6088,23462,-29551,0,0,0,0,1,0
1265,658333,0,24152,-24152,0,0,27026,-27026,0,0,0,0,1,0
1266,658854,-5440,26405,-20965,0,-6088,29551,-23462,0,0,0,0,1,0
1267,659375,-10670,27644,-16974,0,-11942,30940,-18997,0,0,0,0,1,0
1268,659895,-15489,27819,-12331,0,-17337,31140,-13802,0,0,0,0,1,0
1269,660416,-19711,26926,-7215,0,-22066,30143,-8077,0,0,0,0,1,0
1270,660937,-23176,24999,-1823,0,-25947,27988,-2041,0,0,0,0,1,0
1271,661458,-25749,22111,3638,0,-28831,24758,4073,0,0,0,0,1,0
1272,661979,-27332,18374,8958,0,-30607,20576,10031,0,0,0,0,1,0
1273,662500,-27864,13932,13932,0,-31207,15603,15603,0,0,0,0,1,0
1274,663020,-27326,8956,18370,0,-30607,10031,20576,0,0,0,0,1,0
1275,663541,-25738,3636,22102,0,-28831,4073,24758,0,0,0,0,1,0
1276,664062,-23161,-1822,24983,0,-25947,-2041,27988,0,0,0,0,1,0
1277,664583,-19695,-7209,26904,0,-22066,-8077,30143,0,0,0,0,1,0
1278,665104,-15473,-12318,27790,0,-17337,-13802,31140,0,0,0,0,1,0
1279,665625,-10657,-16952,27609,0,-11942,-18997,30940,0,0,0,0,1,0
1280,666145,-5432,-20934,26366,0,-6088,-23462,29551,0,0,0,0,1,0
1281,666666,0,-24111,24111,0,0,-27026,27026,0,0,0,0,1,0
1282,667187,5431,-26361,20930,0,6088,-29551,23462,0,0,0,0,1,0
1283,667708,10652,-27597,16945,0,11942,-30940,18997,0,0,0,0,1,0
1284,668229,15463,-27773,12310,0,17337,-31140,13802,0,0,0,0,1,0
1285,668750,19678,-26881,7203,0,22066,-30143,8077,0,0,0,0,1,0
1286,669270,23137,-24957,1820,0,25947,-27988,2041,0,0,0,0,1,0
1287,669791,25706,-22074,-3632,0,28831,-24758,-4073,0,0,0,0,1,0
1288,670312,27286,-18343,-8943,0,30607,-20576,-10031,0,0,0,0,1,0
1289,670833,27818,-13909,-13909,0,31207,-15603,-15603,0,0,0,0,1,0
1290,671354,27280,-8941,-18340,0,30607,-10031,-20576,0,0,0,0,1,0
1291,671875,25695,-3630,-22065,0,28831,-4073,-24758,0,0,0,0,1,0
1292,672395,23122,1819,-24941,0,25947,2041,-27988,0,0,0,0,1,0
1293,672916,19662,7197,-26859,0,22066,8077,-30143,0,0,0,0,1,0
1294,673437,15447,12297,-27744,0,17337,13802,-31140,0,0,0,0,1,0
1295,673958,10639,16924,-27562,0,11942,18997,-30940,0,0,0,0,1,0
1296,674479,5423,20899,-26322,0,6088,23462,-29551,0,0,0,0,1,0
1297,675000,0,24071,-24071,0,0,27026,-27026,0,0,0,0,1,0
1298,675520,-5422,26317,-20895,0,-6088,29551,-23462,0,0,0,0,1,0
1299,676041,-10634,27551,-16917,0,-11942,30940,-18997,0,0,0,0,1,0
1300,676562,-15437,27726,-12289,0,-17337,31140,-13802,0,0,0,0,1,0
1301,677083,-19645,26836,-7191,0,-22066,30143,-8077,0,0,0,0,1,0
1302,677604,-23098,24915,-1817,0,-25947,27988,-2041,0,0,0,0,1,0
1303,678125,-25663,22037,3626,0,-28831,24758,4073,0,0,0,0,1,0
1304,678645,-27240,18313,8928,0,-30607,20576,10031,0,0,0,0,1,0
1305,679166,-27771,13886,13886,0,-31207,15603,15603,0,0,0,0,1,0
1306,679687,-27235,8926,18309,0,-30607,10031,20576,0,0,0,0,1,0
1307,680208,-25652,3624,22028,0,-28831,4073,24758,0,0,0,0,1,0
1308,680729,-23084,-1816,24899,0,-25947,-2041,27988,0,0,0,0,1,0
1309,681250,-19629,-7185,26814,0,-22066,-8077,30143,0,0,0,0,1,0
1310,681770,-15421,-12276,27697,0,-17337,-13802,31140,0,0,0,0,1,0
1311,682291,-10621,-16895,27516,0,-11942,-18997,30940,0,0,0,0,1,0
1312,682812,-5414,-20864,26278,0,-6088,-23462,29551,0,0,0,0,1,0
1313,683333,0,-24030,24030,0,0,-27026,27026,0,0,0,0,1,0
1314,683854,5413,-26273,20860,0,6088,-29551,23462,0,0,0,0,1,0
1315,684375,10616,-27505,16888,0,11942,-30940,18997,0,0,0,0,1,0
1316,684895,15411,-27680,12269,0,17337,-31140,13802,0,0,0,0,1,0
1317,685416,19613,-26791,7179,0,22066,-30143,8077,0,0,0,0,1,0
1318,685937,23060,-24873,1814,0,25947,-27988,2041,0,0,0,0,1,0
1319,686458,25620,-22000,-3620,0,28831,-24758,-4073,0,0,0,0,1,0
1320,686979,27195,-18282,-8913,0,30607,-20576,-10031,0,0,0,0,1,0
1321,687500,27725,-13862,-13862,0,31207,-15603,-15603,0,0,0,0,1,0
1322,688020,27189,-8911,-18278,0,30607,-10031,-20576,0,0,0,0,1,0
1323,688541,25609,-3618,-21991,0,28831,-4073,-24758,0,0,0,0,1,0
1324,689062,23045,1813,-24858,0,25947,2041,-27988,0,0,0,0,1,0
1325,689583,19596,7173,-26769,0,22066,8077,-30143,0,0,0,0,1,0
1326,690104,15395,12256,-27651,0,17337,13802,-31140,0,0,0,0,1,0
1327,690625,10603,16867,-27470,0,11942,18997,-30940,0,0,0,0,1,0
1328,691145,5405,20829,-26234,0,6088,23462,-29551,0,0,0,0,1,0
1329,691666,0,23990,-23990,0,0,27026,-27026,0,0,0,0,1,0
1330,692187,-5404,26229,-20825,0,-6088,29551,-23462,0,0,0,0,1,0
1331,692708,-10599,27459,-16860,0,-11942,30940,-18997,0,0,0,0,1,0
1332,693229,-15385,27634,-12248,0,-17337,31140,-13802,0,0,0,0,1,0
1333,693750,-19580,26747,-7167,0,-22066,30143,-8077,0,0,0,0,1,0
1334,694270,-23021,24832,-1811,0,-25947,27988,-2041,0,0,0,0,1,0
1335,694791,-25577,21963,3614,0,-28831,24758,4073,0,0,0,0,1,0
1336,695312,-27150,18252,8898,0,-30607,20576,10031,0,0,0,0,1,0
1337,695833,-27679,13839,13839,0,-31207,15603,15603,0,0,0,0,1,0
1338,696354,-27144,8896,18248,0,-30607,10031,20576,0,0,0,0,1,0
1339,696875,-25566,3612,21954,0,-28831,4073,24758,0,0,0,0,1,0
1340,697395,-23007,-1810,24816,0,-25947,-2041,27988,0,0,0,0,1,0
1341,697916,-19564,-7161,26724,0,-22066,-8077,30143,0,0,0,0,1,0
1342,698437,-15369,-12236,27605,0,-17337,-13802,31140,0,0,0,0,1,0
1343,698958,-10586,-16839,27425,0,-11942,-18997,30940,0,0,0,0,1,0
1344,699479,-5396,-20795,26191,0,-6088,-23462,29551,0,0,0,0,1,0
1345,700000,0,-23950,23950,0,0,-27026,27026,0,0,0,0,1,0
1346,700520,5395,-26185,20790,0,6088,-29551,23462,0,0,0,0,1,0
1347,701041,10581,-27413,16832,0,11942,-30940,18997,0,0,0,0,1,0
1348,701562,15360,-27588,12228,0,17337,-31140,13802,0,0,0,0,1,0
1349,702083,19547,-26702,7155,0,22066,-30143,8077,0,0,0,0,1,0
1350,702604,22983,-24791,1808,0,25947,-27988,2041,0,0,0,0,1,0
1351,703125,25534,-21927,-3608,0,28831,-24758,-4073,0,0,0,0,1,0
1352,703645,27104,-18221,-8883,0,30607,-20576,-10031,0,0,0,0,1,0
1353,704166,27632,-13816,-13816,0,31207,-15603,-15603,0,0,0,0,1,0
1354,704687,27099,-8881,-18217,0,30607,-10031,-20576,0,0,0,0,1,0
1355,705208,25524,-3606,-21918,0,28831,-4073,-24758,0,0,0,0,1,0
1356,705729,22968,1807,-24775,0,25947,2041,-27988,0,0,0,0,1,0
1357,706250,19531,7149,-26680,0,22066,8077,-30143,0,0,0,0,1,0
1358,706770,15344,12215,-27559,0,17337,13802,-31140,0,0,0,0,1,0
1359,707291,10568,16811,-27379,0,11942,18997,-30940,0,0,0,0,1,0
1360,707812,5387,20760,-26147,0,6088,23462,-29551,0,0,0,0,1,0
1361,708333,0,23911,-23911,0,0,27026,-27026,0,0,0,0,1,0
1362,708854,-5386,26142,-20756,0,-6088,29551,-23462,0,0,0,0,1,0
1363,709375,-10564,27368,-16804,0,-11942,30940,-18997,0,0,0,0,1,0
1364,709895,-15334,27542,-12208,0,-17337,31140,-13802,0,0,0,0,1,0
1365,710416,-19515,26658,-7143,0,-22066,30143,-8077,0,0,0,0,1,0
1366,710937,-22945,24749,-1805,0,-25947,27988,-2041,0,0,0,0,1,0
1367,711458,-25492,21890,3602,0,-28831,24758,4073,0,0,0,0,1,0
1368,711979,-27059,18191,8868,0,-30607,20576,10031,0,0,0,0,1,0
1369,712500,-27587,13793,13793,0,-31207,15603,15603,0,0,0,0,1,0
1370,713020,-27054,8867,18187,0,-30607,10031,20576,0,0,0,0,1,0
1371,713541,-25481,3600,21881,0,-28831,4073,24758,0,0,0,0,1,0
1372,714062,-22930,-1804,24734,0,-25947,-2041,27988,0,0,0,0,1,0
1373,714583,-19499,-7137,26636,0,-22066,-8077,30143,0,0,0,0,1,0
1374,715104,-15318,-12195,27513,0,-17337,-13802,31140,0,0,0,0,1,0
1375,715625,-10550,-16783,27334,0,-11942,-18997,30940,0,0,0,0,1,0
1376,716145,-5378,-20726,26104,0,-6088,-23462,29551,0,0,0,0,1,0
1377,716666,0,-23871,23871,0,0,-27026,27026,0,0,0,0,1,0
1378,717187,5377,-26098,20721,0,6088,-29551,23462,0,0,0,0,1,0
1379,717708,10546,-27322,16776,0,11942,-30940,18997,0,0,0,0,1,0
1380,718229,15309,-27496,12187,0,17337,-31140,13802,0,0,0,0,1,0
1381,718750,19482,-26614,7131,0,22066,-30143,8077,0,0,0,0,1,0
1382,719270,22907,-24708,1802,0,25947,-27988,2041,0,0,0,0,1,0
1383,719791,25450,-21854,-3596,0,28831,-24758,-4073,0,0,0,0,1,0
1384,720312,27015,-18161,-8854,0,30607,-20576,-10031,0,0,0,0,1,0
1385,720833,27541,-13770,-13770,0,31207,-15603,-15603,0,0,0,0,1,0
1386,721354,27009,-8852,-18157,0,30607,-10031,-20576,0,0,0,0,1,0
1387,721875,25439,-3594,-21845,0,28831,-4073,-24758,0,0,0,0,1,0
1388,722395,22892,1801,-24693,0,25947,2041,-27988,0,0,0,0,1,0
1389,722916,19466,7125,-26592,0,22066,8077,-30143,0,0,0,0,1,0
1390,723437,15293,12175,-27468,0,17337,13802,-31140,0,0,0,0,1,0
1391,723958,10533,16755,-27288,0,11942,18997,-30940,0,0,0,0,1,0
1392,724479,5369,20691,-26060,0,6088,23462,-29551,0,0,0,0,1,0
1393,725000,0,23831,-23831,0,0,27026,-27026,0,0,0,0,1,0
1394,725520,-5368,26055,-20687,0,-6088,29551,-23462,0,0,0,0,1,0
1395,726041,-10529,27277,-16749,0,-11942,30940,-18997,0,0,0,0,1,0
1396,726562,-15284,27451,-12167,0,-17337,31140,-13802,0,0,0,0,1,0
1397,727083,-19450,26570,-7119,0,-22066,30143,-8077,0,0,0,0,1,0
1398,727604,-22869,24668,-1799,0,-25947,27988,-2041,0,0,0,0,1,0
1399,728125,-25408,21818,3590,0,-28831,24758,4073,0,0,0,0,1,0
1400,728645,-26970,18131,8839,0,-30607,20576,10031,0,0,0,0,1,0
1401,729166,-27495,13748,13748,0,-31207,15603,15603,0,0,0,0,1,0
1402,729687,-26964,8837,18127,0,-30607,10031,20576,0,0,0,0,1,0
1403,730208,-25397,3588,21809,0,-28831,4073,24758,0,0,0,0,1,0
1404,730729,-22855,-1798,24652,0,-25947,-2041,27988,0,0,0,0,1,0
1405,731250,-19434,-7113,26548,0,-22066,-8077,30143,0,0,0,0,1,0
1406,731770,-15268,-12155,27422,0,-17337,-13802,31140,0,0,0,0,1,0
1407,732291,-10516,-16728,27243,0,-11942,-18997,30940,0,0,0,0,1,0
1408,732812,-5360,-20657,26017,0,-6088,-23462,29551,0,0,0,0,1,0
1409,733333,0,-23792,23792,0,0,-27026,27026,0,0,0,0,1,0
1410,733854,5359,-26012,20653,0,6088,-29551,23462,0,0,0,0,1,0
1411,734375,10511,-27232,16721,0,11942,-30940,18997,0,0,0,0,1,0
1412,734895,15258,-27405,12147,0,17337,-31140,13802,0,0,0,0,1,0
1413,735416,19418,-26526,7108,0,22066,-30143,8077,0,0,0,0,1,0
1414,735937,22831,-24627,1796,0,25947,-27988,2041,0,0,0,0,1,0
1415,736458,25366,-21782,-3584,0,28831,-24758,-4073,0,0,0,0,1,0
1416,736979,26925,-18101,-8824,0,30607,-20576,-10031,0,0,0,0,1,0
1417,737500,27450,-13725,-13725,0,31207,-15603,-15603,0,0,0,0,1,0
1418,738020,26920,-8823,-18097,0,30607,-10031,-20576,0,0,0,0,1,0
1419,738541,25355,-3582,-21773,0,28831,-4073,-24758,0,0,0,0,1,0
1420,739062,22817,1795,-24612,0,25947,2041,-27988,0,0,0,0,1,0
1421,739583,19402,7102,-26504,0,22066,8077,-30143,0,0,0,0,1,0
1422,740104,15243,12135,-27377,0,17337,13802,-31140,0,0,0,0,1,0
1423,740625,10498,16700,-27198,0,11942,18997,-30940,0,0,0,0,1,0
1424,741145,5351,20623,-25975,0,6088,23462,-29551,0,0,0,0,1,0
1425,741666,0,23753,-23753,0,0,27026,-27026,0,0,0,0,1,0
1426,742187,-5350,25969,-20619,0,-6088,29551,-23462,0,0,0,0,1,0
1427,742708,-10494,27187,-16693,0,-11942,30940,-18997,0,0,0,0,1,0
1428,743229,-15233,27360,-12127,0,-17337,31140,-13802,0,0,0,0,1,0
1429,743750,-19386,26482,-7096,0,-22066,30143,-8077,0,0,0,0,1,0
1430,744270,-22793,24586,-1793,0,-25947,27988,-2041,0,0,0,0,1,0
1431,744791,-25324,21746,3578,0,-28831,24758,4073,0,0,0,0,1,0
1432,745312,-26881,18071,8810,0,-30607,20576,10031,0,0,0,0,1,0
1433,745833,-27405,13702,13702,0,-31207,15603,15603,0,0,0,0,1,0
1434,746354,-26876,8808,18067,0,-30607,10031,20576,0,0,0,0,1,0
1435,746875,-25314,3576,21737,0,-28831,4073,24758,0,0,0,0,1,0
1436,747395,-22779,-1792,24571,0,-25947,-2041,27988,0,0,0,0,1,0
1437,747916,-19370,-7090,26460,0,-22066,-8077,30143,0,0,0,0,1,0
1438,748437,-15218,-12115,27332,0,-17337,-13802,31140,0,0,0,0,1,0
1439,748958,-10481,-16673,27154,0,-11942,-18997,30940,0,0,0,0,1,0
1440,749479,-5343,-20589,25932,0,-6088,-23462,29551,0,0,0,0,1,0
1441,750000,0,-23714,23714,0,0,-27026,27026,0,0,0,0,1,0
1442,750520,5342,-25927,20585,0,6088,-29551,23462,0,0,0,0,1,0
1443,751041,10477,-27143,16666,0,11942,-30940,18997,0,0,0,0,1,0
1444,751562,15208,-27315,12107,0,17337,-31140,13802,0,0,0,0,1,0
1445,752083,19354,-26439,7084,0,22066,-30143,8077,0,0,0,0,1,0
1446,752604,22756,-24546,1790,0,25947,-27988,2041,0,0,0,0,1,0
1447,753125,25283,-21711,-3572,0,28831,-24758,-4073,0,0,0,0,1,0
1448,753645,26837,-18042,-8795,0,30607,-20576,-10031,0,0,0,0,1,0
1449,754166,27360,-13680,-13680,0,31207,-15603,-15603,0,0,0,0,1,0
1450,754687,26832,-8794,-18038,0,30607,-10031,-20576,0,0,0,0,1,0
1451,755208,25272,-3570,-21702,0,28831,-4073,-24758,0,0,0,0,1,0
1452,755729,22742,1789,-24531,0,25947,2041,-27988,0,0,0,0,1,0
1453,756250,19338,7078,-26417,0,22066,8077,-30143,0,0,0,0,1,0
1454,756770,15193,12095,-27287,0,17337,13802,-31140,0,0,0,0,1,0
1455,757291,10464,16645,-27109,0,11942,18997,-30940,0,0,0,0,1,0
1456,757812,5334,20556,-25889,0,6088,23462,-29551,0,0,0,0,1,0
1457,758333,0,23675,-23675,0,0,27026,-27026,0,0,0,0,1,0
1458,758854,-5333,25884,-20551,0,-6088,29551,-23462,0,0,0,0,1,0
1459,759375,-10459,27098,-16639,0,-11942,30940,-18997,0,0,0,0,1,0
1460,759895,-15183,27271,-12087,0,-17337,31140,-13802,0,0,0,0,1,0
1461,760416,-19323,26395,-7073,0,-22066,30143,-8077,0,0,0,0,1,0
1462,760937,-22719,24506,-1787,0,-25947,27988,-2041,0,0,0,0,1,0
1463,761458,-25241,21675,3566,0,-28831,24758,4073,0,0,0,0,1,0
1464,761979,-26793,18012,8781,0,-30607,20576,10031,0,0,0,0,1,0
1465,762500,-27315,13658,13658,0,-31207,15603,15603,0,0,0,0,1,0
1466,763020,-26788,8779,18008,0,-30607,10031,20576,0,0,0,0,1,0
1467,763541,-25231,3565,21666,0,-28831,4073,24758,0,0,0,0,1,0
1468,764062,-22705,-1786,24491,0,-25947,-2041,27988,0,0,0,0,1,0
1469,764583,-19307,-7067,26374,0,-22066,-8077,30143,0,0,0,0,1,0
1470,765104,-15168,-12075,27243,0,-17337,-13802,31140,0,0,0,0,1,0
1471,765625,-10447,-16618,27065,0,-11942,-18997,30940,0,0,0,0,1,0
1472,766145,-5325,-20522,25847,0,-6088,-23462,29551,0,0,0,0,1,0
1473,766666,0,-23636,23636,0,0,-27026,27026,0,0,0,0,1,0
1474,767187,5324,-25842,20518,0,6088,-29551,23462,0,0,0,0,1,0
1475,767708,10442,-27054,16611,0,11942,-30940,18997,0,0,0,0,1,0
1476,768229,15158,-27226,12068,0,17337,-31140,13802,0,0,0,0,1,0
1477,768750,19291,-26352,7061,0,22066,-30143,8077,0,0,0,0,1,0
1478,769270,22682,-24466,1784,0,25947,-27988,2041,0,0,0,0,1,0
1479,769791,25200,-21640,-3560,0,28831,-24758,-4073,0,0,0,0,1,0
1480,770312,26749,-17983,-8767,0,30607,-20576,-10031,0,0,0,0,1,0
1481,770833,27271,-13635,-13635,0,31207,-15603,-15603,0,0,0,0,1,0
1482,771354,26744,-8765,-17979,0,30607,-10031,-20576,0,0,0,0,1,0
1483,771875,25190,-3559,-21631,0,28831,-4073,-24758,0,0,0,0,1,0
1484,772395,22668,1783,-24451,0,25947,2041,-27988,0,0,0,0,1,0
1485,772916,19275,7055,-26331,0,22066,8077,-30143,0,0,0,0,1,0
1486,773437,15143,12055,-27198,0,17337,13802,-31140,0,0,0,0,1,0
1487,773958,10430,16591,-27021,0,11942,18997,-30940,0,0,0,0,1,0
1488,774479,5316,20488,-25805,0,6088,23462,-29551,0,0,0,0,1,0
1489,775000,0,23598,-23598,0,0,27026,-27026,0,0,0,0,1,0
1490,775520,-5315,25800,-20484,0,-6088,29551,-23462,0,0,0,0,1,0
1491,776041,-10425,27010,-16584,0,-11942,30940,-18997,0,0,0,0,1,0
1492,776562,-15134,27182,-12048,0,-17337,31140,-13802,0,0,0,0,1,0
1493,777083,-19260,26309,-7049,0,-22066,30143,-8077,0,0,0,0,1,0
1494,777604,-22645,24426,-1781,0,-25947,27988,-2041,0,0,0,0,1,0
1495,778125,-25159,21604,3554,0,-28831,24758,4073,0,0,0,0,1,0
1496,778645,-26706,17953,8752,0,-30607,20576,10031,0,0,0,0,1,0
1497,779166,-27226,13613,13613,0,-31207,15603,15603,0,0,0,0,1,0
1498,779687,-26700,8751,17950,0,-30607,10031,20576,0,0,0,0,1,0
1499,780208,-25148,3553,21595,0,-28831,4073,24758,0,0,0,0,1,0
1500,780729,-22631,-1780,24411,0,-25947,-2041,27988,0,0,0,0,1,0
1501,781250,-19244,-7044,26288,0,-22066,-8077,30143,0,0,0,0,1,0
1502,781770,-15118,-12036,27154,0,-17337,-13802,31140,0,0,0,0,1,0
1503,782291,-10413,-16564,26977,0,-11942,-18997,30940,0,0,0,0,1,0
1504,782812,-5308,-20455,25763,0,-6088,-23462,29551,0,0,0,0,1,0
1505,783333,0,-23559,23559,0,0,-27026,27026,0,0,0,0,1,0
1506,783854,5307,-25758,20451,0,6088,-29551,23462,0,0,0,0,1,0
1507,784375,10408,-26966,16557,0,11942,-30940,18997,0,0,0,0,1,0
1508,784895,15109,-27137,12028,0,17337,-31140,13802,0,0,0,0,1,0
1509,785416,19228,-26266,7038,0,22066,-30143,8077,0,0,0,0,1,0
1510,785937,22608,-24386,1778,0,25947,-27988,2041,0,0,0,0,1,0
1511,786458,25118,-21569,-3549,0,28831,-24758,-4073,0,0,0,0,1,0
1512,786979,26662,-17924,-8738,0,30607,-20576,-10031,0,0,0,0,1,0
1513,787500,27182,-13591,-13591,0,31207,-15603,-15603,0,0,0,0,1,0
1514,788020,26657,-8736,-17920,0,30607,-10031,-20576,0,0,0,0,1,0
1515,788541,25108,-3547,-21560,0,28831,-4073,-24758,0,0,0,0,1,0
1516,789062,22594,1777,-24371,0,25947,2041,-27988,0,0,0,0,1,0
1517,789583,19213,7032,-26245,0,22066,8077,-30143,0,0,0,0,1,0
1518,790104,15094,12016,-27110,0,17337,13802,-31140,0,0,0,0,1,0
1519,790625,10396,16537,-26933,0,11942,18997,-30940,0,0,0,0,1,0
1520,791145,5299,20422,-25721,0,6088,23462,-29551,0,0,0,0,1,0
1521,791666,0,23521,-23521,0,0,27026,-27026,0,0,0,0,1,0
1522,792187,-5298,25716,-20418,0,-6088,29551,-23462,0,0,0,0,1,0
1523,792708,-10391,26922,-16530,0,-11942,30940,-18997,0,0,0,0,1,0
1524,793229,-15085,27093,-12009,0,-17337,31140,-13802,0,0,0,0,1,0
1525,793750,-19197,26224,-7027,0,-22066,30143,-8077,0,0,0,0,1,0
1526,794270,-22571,24346,-1775,0,-25947,27988,-2041,0,0,0,0,1,0
1527,794791,-25077,21534,3543,0,-28831,24758,4073,0,0,0,0,1,0
1528,795312,-26619,17895,8724,0,-30607,20576,10031,0,0,0,0,1,0
1529,795833,-27138,13569,13569,0,-31207,15603,15603,0,0,0,0,1,0
1530,796354,-26614,8722,17891,0,-30607,10031,20576,0,0,0,0,1,0
1531,796875,-25067,3541,21525,0,-28831,4073,24758,0,0,0,0,1,0
1532,797395,-22557,-1774,24332,0,-25947,-2041,27988,0,0,0,0,1,0
1533,797916,-19181,-7021,26202,0,-22066,-8077,30143,0,0,0,0,1,0
1534,798437,-15069,-11997,27066,0,-17337,-13802,31140,0,0,0,0,1,0
1535,798958,-10379,-16510,26889,0,-11942,-18997,30940,0,0,0,0,1,0
1536,799479,-5291,-20389,25679,0,-6088,-23462,29551,0,0,0,0,1,0
1537,800000,0,-23483,23483,0,0,-27026,27026,0,0,0,0,1,0
1538,800520,5289,-25674,20385,0,6088,-29551,23462,0,0,0,0,1,0
1539,801041,10375,-26878,16504,0,11942,-30940,18997,0,0,0,0,1,0
1540,801562,15060,-27049,11989,0,17337,-31140,13802,0,0,0,0,1,0
1541,802083,19166,-26181,7015,0,22066,-30143,8077,0,0,0,0,1,0
1542,802604,22534,-24307,1773,0,25947,-27988,2041,0,0,0,0,1,0
1543,803125,25036,-21499,-3537,0,28831,-24758,-4073,0,0,0,0,1,0
1544,803645,26576,-17866,-8710,0,30607,-20576,-10031,0,0,0,0,1,0
1545,804166,27094,-13547,-13547,0,31207,-15603,-15603,0,0,0,0,1,0
1546,804687,26570,-8708,-17862,0,30607,-10031,-20576,0,0,0,0,1,0
1547,805208,25026,-3536,-21491,0,28831,-4073,-24758,0,0,0,0,1,0
1548,805729,22521,1771,-24292,0,25947,2041,-27988,0,0,0,0,1,0
1549,806250,19150,7010,-26160,0,22066,8077,-30143,0,0,0,0,1,0
1550,806770,15045,11977,-27022,0,17337,13802,-31140,0,0,0,0,1,0
1551,807291,10362,16484,-26846,0,11942,18997,-30940,0,0,0,0,1,0
1552,807812,5282,20356,-25638,0,6088,23462,-29551,0,0,0,0,1,0
1553,808333,0,23445,-23445,0,0,27026,-27026,0,0,0,0,1,0
1554,808854,-5281,25633,-20352,0,-6088,29551,-23462,0,0,0,0,1,0
1555,809375,-10358,26835,-16477,0,-11942,30940,-18997,0,0,0,0,1,0
1556,809895,-15036,27006,-11970,0,-17337,31140,-13802,0,0,0,0,1,0
1557,810416,-19135,26139,-7004,0,-22066,30143,-8077,0,0,0,0,1,0
1558,810937,-22498,24268,-1770,0,-25947,27988,-2041,0,0,0,0,1,0
1559,811458,-24996,21464,3531,0,-28831,24758,4073,0,0,0,0,1,0
1560,811979,-26533,17837,8696,0,-30607,20576,10031,0,0,0,0,1,0
1561,812500,-27050,13525,13525,0,-31207,15603,15603,0,0,0,0,1,0
1562,813020,-26527,8694,17833,0,-30607,10031,20576,0,0,0,0,1,0
1563,813541,-24986,3530,21456,0,-28831,4073,24758,0,0,0,0,1,0
1564,814062,-22484,-1769,24253,0,-25947,-2041,27988,0,0,0,0,1,0
1565,814583,-19119,-6998,26118,0,-22066,-8077,30143,0,0,0,0,1,0
1566,815104,-15021,-11958,26978,0,-17337,-13802,31140,0,0,0,0,1,0
1567,815625,-10345,-16457,26802,0,-11942,-18997,30940,0,0,0,0,1,0
1568,816145,-5273,-20323,25596,0,-6088,-23462,29551,0,0,0,0,1,0
1569,816666,0,-23407,23407,0,0,-27026,27026,0,0,0,0,1,0
1570,817187,5272,-25591,20319,0,6088,-29551,23462,0,0,0,0,1,0
1571,817708,10341,-26791,16450,0,11942,-30940,18997,0,0,0,0,1,0
1572,818229,15011,-26962,11951,0,17337,-31140,13802,0,0,0,0,1,0
1573,818750,19104,-26097,6993,0,22066,-30143,8077,0,0,0,0,1,0
1574,819270,22462,-24229,1767,0,25947,-27988,2041,0,0,0,0,1,0
1575,819791,24956,-21430,-3526,0,28831,-24758,-4073,0,0,0,0,1,0
1576,820312,26490,-17808,-8682,0,30607,-20576,-10031,0,0,0,0,1,0
1577,820833,27006,-13503,-13503,0,31207,-15603,-15603,0,0,0,0,1,0
1578,821354,26485,-8680,-17805,0,30607,-10031,-20576,0,0,0,0,1,0
1579,821875,24946,-3524,-21421,0,28831,-4073,-24758,0,0,0,0,1,0
1580,822395,22448,1766,-24214,0,25947,2041,-27988,0,0,0,0,1,0
1581,822916,19089,6987,-26076,0,22066,8077,-30143,0,0,0,0,1,0
1582,823437,14996,11939,-26935,0,17337,13802,-31140,0,0,0,0,1,0
1583,823958,10329,16430,-26759,0,11942,18997,-30940,0,0,0,0,1,0
1584,824479,5265,20290,-25555,0,6088,23462,-29551,0,0,0,0,1,0
1585,825000,0,23369,-23369,0,0,27026,-27026,0,0,0,0,1,0
1586,825520,-5264,25550,-20286,0,-6088,29551,-23462,0,0,0,0,1,0
1587,826041,-10324,26748,-16424,0,-11942,30940,-18997,0,0,0,0,1,0
1588,826562,-14987,26919,-11931,0,-17337,31140,-13802,0,0,0,0,1,0
1589,827083,-19073,26055,-6981,0,-22066,30143,-8077,0,0,0,0,1,0
1590,827604,-22426,24190,-1764,0,-25947,27988,-2041,0,0,0,0,1,0
1591,828125,-24915,21395,3520,0,-28831,24758,4073,0,0,0,0,1,0
1592,828645,-26447,17780,8668,0,-30607,20576,10031,0,0,0,0,1,0
1593,829166,-26963,13481,13481,0,-31207,15603,15603,0,0,0,0,1,0
1594,829687,-26442,8666,17776,0,-30607,10031,20576,0,0,0,0,1,0
1595,830208,-24905,3519,21387,0,-28831,4073,24758,0,0,0,0,1,0
1596,830729,-22412,-1763,24175,0,-25947,-2041,27988,0,0,0,0,1,0
1597,831250,-19058,-6976,26034,0,-22066,-8077,30143,0,0,0,0,1,0
1598,831770,-14972,-11919,26892,0,-17337,-13802,31140,0,0,0,0,1,0
1599,832291,-10312,-16404,26716,0,-11942,-18997,30940,0,0,0,0,1,0
1600,832812,-5256,-20258,25514,0,-6088,-23462,29551,0,0,0,0,1,0
1601,833333,0,-23332,23332,0,0,-27026,27026,0,0,0,0,1,0
1602,833854,5255,-25509,20253,0,6088,-29551,23462,0,0,0,0,1,0
1603,834375,10308,-26705,16397,0,11942,-30940,18997,0,0,0,0,1,0
1604,834895,14963,-26875,11912,0,17337,-31140,13802,0,0,0,0,1,0
1605,835416,19043,-26013,6970,0,22066,-30143,8077,0,0,0,0,1,0
1606,835937,22390,-24151,1761,0,25947,-27988,2041,0,0,0,0,1,0
1607,836458,24875,-21361,-3514,0,28831,-24758,-4073,0,0,0,0,1,0
1608,836979,26405,-17751,-8654,0,30607,-20576,-10031,0,0,0,0,1,0
1609,837500,26920,-13460,-13460,0,31207,-15603,-15603,0,0,0,0,1,0
1610,838020,26400,-8652,-17748,0,30607,-10031,-20576,0,0,0,0,1,0
1611,838541,24865,-3513,-21352,0,28831,-4073,-24758,0,0,0,0,1,0
1612,839062,22376,1760,-24136,0,25947,2041,-27988,0,0,0,0,1,0
1613,839583,19027,6965,-25992,0,22066,8077,-30143,0,0,0,0,1,0
1614,840104,14948,11900,-26849,0,17337,13802,-31140,0,0,0,0,1,0
1615,840625,10295,16378,-26673,0,11942,18997,-30940,0,0,0,0,1,0
1616,841145,5248,20225,-25473,0,6088,23462,-29551,0,0,0,0,1,0
1617,841666,0,23294,-23294,0,0,27026,-27026,0,0,0,0,1,0
1618,842187,-5247,25468,-20221,0,-6088,29551,-23462,0,0,0,0,1,0
1619,842708,-10291,26663,-16371,0,-11942,30940,-18997,0,0,0,0,1,0
1620,843229,-14939,26832,-11893,0,-17337,31140,-13802,0,0,0,0,1,0
1621,843750,-19012,25971,-6959,0,-22066,30143,-8077,0,0,0,0,1,0
1622,844270,-22354,24112,-1758,0,-25947,27988,-2041,0,0,0,0,1,0
1623,844791,-24836,21327,3509,0,-28831,24758,4073,0,0,0,0,1,0
1624,845312,-26363,17723,8640,0,-30607,20576,10031,0,0,0,0,1,0
1625,845833,-26876,13438,13438,0,-31207,15603,15603,0,0,0,0,1,0
1626,846354,-26357,8638,17719,0,-30607,10031,20576,0,0,0,0,1,0
1627,846875,-24826,3507,21318,0,-28831,4073,24758,0,0,0,0,1,0
1628,847395,-22340,-1757,24098,0,-25947,-2041,27988,0,0,0,0,1,0
1629,847916,-18997,-6953,25950,0,-22066,-8077,30143,0,0,0,0,1,0
1630,848437,-14924,-11881,26806,0,-17337,-13802,31140,0,0,0,0,1,0
1631,848958,-10279,-16352,26631,0,-11942,-18997,30940,0,0,0,0,1,0
1632,849479,-5240,-20193,25432,0,-6088,-23462,29551,0,0,0,0,1,0
1633,850000,0,-23257,23257,0,0,-27026,27026,0,0,0,0,1,0
1634,850520,5239,-25427,20189,0,6088,-29551,23462,0,0,0,0,1,0
1635,851041,10275,-26620,16345,0,11942,-30940,18997,0,0,0,0,1,0
1636,851562,14915,-26789,11874,0,17337,-31140,13802,0,0,0,0,1,0
1637,852083,18982,-25930,6948,0,22066,-30143,8077,0,0,0,0,1,0
1638,852604,22318,-24073,1756,0,25947,-27988,2041,0,0,0,0,1,0
1639,853125,24796,-21293,-3503,0,28831,-24758,-4073,0,0,0,0,1,0
1640,853645,26321,-17694,-8626,0,30607,-20576,-10031,0,0,0,0,1,0
1641,854166,26834,-13417,-13417,0,31207,-15603,-15603,0,0,0,0,1,0
1642,854687,26315,-8625,-17691,0,30607,-10031,-20576,0,0,0,0,1,0
1643,855208,24786,-3502,-21284,0,28831,-4073,-24758,0,0,0,0,1,0
1644,855729,22305,1754,-24059,0,25947,2041,-27988,0,0,0,0,1,0
1645,856250,18967,6942,-25909,0,22066,8077,-30143,0,0,0,0,1,0
1646,856770,14900,11862,-26763,0,17337,13802,-31140,0,0,0,0,1,0
1647,857291,10263,16325,-26588,0,11942,18997,-30940,0,0,0,0,1,0
1648,857812,5231,20160,-25392,0,6088,23462,-29551,0,0,0,0,1,0
1649,858333,0,23220,-23220,0,0,27026,-27026,0,0,0,0,1,0
1650,858854,-5230,25387,-20156,0,-6088,29551,-23462,0,0,0,0,1,0
1651,859375,-10259,26577,-16319,0,-11942,30940,-18997,0,0,0,0,1,0
1652,859895,-14892,26747,-11855,0,-17337,31140,-13802,0,0,0,0,1,0
1653,860416,-18951,25888,-6937,0,-22066,30143,-8077,0,0,0,0,1,0
1654,860937,-22282,24035,-1753,0,-25947,27988,-2041,0,0,0,0,1,0
1655,861458,-24756,21259,3498,0,-28831,24758,4073,0,0,0,0,1,0
1656,861979,-26279,17666,8612,0,-30607,20576,10031,0,0,0,0,1,0
1657,862500,-26791,13395,13395,0,-31207,15603,15603,0,0,0,0,1,0
1658,863020,-26273,8611,17663,0,-30607,10031,20576,0,0,0,0,1,0
1659,863541,-24747,3496,21250,0,-28831,4073,24758,0,0,0,0,1,0
1660,864062,-22269,-1752,24021,0,-25947,-2041,27988,0,0,0,0,1,0
1661,864583,-18936,-6931,25868,0,-22066,-8077,30143,0,0,0,0,1,0
1662,865104,-14877,-11843,26720,0,-17337,-13802,31140,0,0,0,0,1,0
1663,865625,-10246,-16299,26546,0,-11942,-18997,30940,0,0,0,0,1,0
1664,866145,-5223,-20128,25351,0,-6088,-23462,29551,0,0,0,0,1,0
1665,866666,0,-23183,23183,0,0,-27026,27026,0,0,0,0,1,0
1666,867187,5222,-25346,20124,0,6088,-29551,23462,0,0,0,0,1,0
1667,867708,10242,-26535,16293,0,11942,-30940,18997,0,0,0,0,1,0
1668,868229,14868,-26704,11836,0,17337,-31140,13802,0,0,0,0,1,0
1669,868750,18921,-25847,6926,0,22066,-30143,8077,0,0,0,0,1,0
1670,869270,22247,-23997,1750,0,25947,-27988,2041,0,0,0,0,1,0
1671,869791,24717,-21225,-3492,0,28831,-24758,-4073,0,0,0,0,1,0
1672,870312,26237,-17638,-8599,0,30607,-20576,-10031,0,0,0,0,1,0
1673,870833,26748,-13374,-13374,0,31207,-15603,-15603,0,0,0,0,1,0
1674,871354,26232,-8597,-17635,0,30607,-10031,-20576,0,0,0,0,1,0
1675,871875,24707,-3491,-21217,0,28831,-4073,-24758,0,0,0,0,1,0
1676,872395,22234,1749,-23983,0,25947,2041,-27988,0,0,0,0,1,0
1677,872916,18906,6920,-25826,0,22066,8077,-30143,0,0,0,0,1,0
1678,873437,14853,11825,-26678,0,17337,13802,-31140,0,0,0,0,1,0
1679,873958,10230,16274,-26504,0,11942,18997,-30940,0,0,0,0,1,0
1680,874479,5215,20096,-25311,0,6088,23462,-29551,0,0,0,0,1,0
1681,875000,0,23146,-23146,0,0,27026,-27026,0,0,0,0,1,0
1682,875520,-5214,25306,-20092,0,-6088,29551,-23462,0,0,0,0,1,0
1683,876041,-10226,26493,-16267,0,-11942,30940,-18997,0,0,0,0,1,0
1684,876562,-14844,26662,-11818,0,-17337,31140,-13802,0,0,0,0,1,0
1685,877083,-18891,25806,-6915,0,-22066,30143,-8077,0,0,0,0,1,0
1686,877604,-22212,23959,-1747,0,-25947,27988,-2041,0,0,0,0,1,0
1687,878125,-24678,21191,3486,0,-28831,24758,4073,0,0,0,0,1,0
1688,878645,-26195,17610,8585,0,-30607,20576,10031,0,0,0,0,1,0
1689,879166,-26706,13353,13353,0,-31207,15603,15603,0,0,0,0,1,0
1690,879687,-26190,8583,17607,0,-30607,10031,20576,0,0,0,0,1,0
1691,880208,-24668,3485,21183,0,-28831,4073,24758,0,0,0,0,1,0
1692,880729,-22198,-1746,23945,0,-25947,-2041,27988,0,0,0,0,1,0
1693,881250,-18876,-6909,25786,0,-22066,-8077,30143,0,0,0,0,1,0
1694,881770,-14830,-11806,26635,0,-17337,-13802,31140,0,0,0,0,1,0
1695,882291,-10214,-16248,26462,0,-11942,-18997,30940,0,0,0,0,1,0
1696,882812,-5206,-20065,25271,0,-6088,-23462,29551,0,0,0,0,1,0
1697,883333,0,-23110,23110,0,0,-27026,27026,0,0,0,0,1,0
1698,883854,5205,-25266,20061,0,6088,-29551,23462,0,0,0,0,1,0
1699,884375,10210,-26451,16241,0,11942,-30940,18997,0,0,0,0,1,0
1700,884895,14821,-26620,11799,0,17337,-31140,13802,0,0,0,0,1,0
1701,885416,18861,-25765,6904,0,22066,-30143,8077,0,0,0,0,1,0
1702,885937,22176,-23921,1744,0,25947,-27988,2041,0,0,0,0,1,0
1703,886458,24639,-21158,-3481,0,28831,-24758,-4073,0,0,0,0,1,0
1704,886979,26154,-17582,-8572,0,30607,-20576,-10031,0,0,0,0,1,0
1705,887500,26663,-13332,-13332,0,31207,-15603,-15603,0,0,0,0,1,0
1706,888020,26149,-8570,-17579,0,30607,-10031,-20576,0,0,0,0,1,0
1707,888541,24629,-3480,-21149,0,28831,-4073,-24758,0,0,0,0,1,0
1708,889062,22163,1743,-23907,0,25947,2041,-27988,0,0,0,0,1,0
1709,889583,18846,6898,-25745,0,22066,8077,-30143,0,0,0,0,1,0
1710,890104,14806,11787,-26593,0,17337,13802,-31140,0,0,0,0,1,0
1711,890625,10198,16222,-26420,0,11942,18997,-30940,0,0,0,0,1,0
1712,891145,5198,20033,-25231,0,6088,23462,-29551,0,0,0,0,1,0
1713,891666,0,23073,-23073,0,0,27026,-27026,0,0,0,0,1,0
1714,892187,-5197,25226,-20029,0,-6088,29551,-23462,0,0,0,0,1,0
1715,892708,-10194,26409,-16216,0,-11942,30940,-18997,0,0,0,0,1,0
1716,893229,-14797,26577,-11780,0,-17337,31140,-13802,0,0,0,0,1,0
1717,893750,-18832,25724,-6893,0,-22066,30143,-8077,0,0,0,0,1,0
1718,894270,-22141,23883,-1742,0,-25947,27988,-2041,0,0,0,0,1,0
1719,894791,-24600,21124,3475,0,-28831,24758,4073,0,0,0,0,1,0
1720,895312,-26112,17554,8558,0,-30607,20576,10031,0,0,0,0,1,0
1721,895833,-26621,13311,13311,0,-31207,15603,15603,0,0,0,0,1,0
1722,896354,-26107,8556,17551,0,-30607,10031,20576,0,0,0,0,1,0
1723,896875,-24590,3474,21116,0,-28831,4073,24758,0,0,0,0,1,0
1724,897395,-22128,-1741,23869,0,-25947,-2041,27988,0,0,0,0,1,0
1725,897916,-18817,-6887,25704,0,-22066,-8077,30143,0,0,0,0,1,0
1726,898437,-14783,-11769,26551,0,-17337,-13802,31140,0,0,0,0,1,0
1727,898958,-10182,-16196,26378,0,-11942,-18997,30940,0,0,0,0,1,0
1728,899479,-5190,-20001,25191,0,-6088,-23462,29551,0,0,0,0,1,0
1729,900000,0,-23037,23037,0,0,-27026,27026,0,0,0,0,1,0
1730,900520,5189,-25186,19997,0,6088,-29551,23462,0,0,0,0,1,0
1731,901041,10177,-26368,16190,0,11942,-30940,18997,0,0,0,0,1,0
1732,901562,14774,-26536,11762,0,17337,-31140,13802,0,0,0,0,1,0
1733,902083,18802,-25684,6882,0,22066,-30143,8077,0,0,0,0,1,0
1734,902604,22106,-23845,1739,0,25947,-27988,2041,0,0,0,0,1,0
1735,903125,24561,-21091,-3470,0,28831,-24758,-4073,0,0,0,0,1,0
1736,903645,26071,-17527,-8545,0,30607,-20576,-10031,0,0,0,0,1,0
1737,904166,26579,-13290,-13290,0,31207,-15603,-15603,0,0,0,0,1,0
1738,904687,26066,-8543,-17523,0,30607,-10031,-20576,0,0,0,0,1,0
1739,905208,24551,-3469,-21083,0,28831,-4073,-24758,0,0,0,0,1,0
1740,905729,22093,1738,-23831,0,25947,2041,-27988,0,0,0,0,1,0
1741,906250,18787,6877,-25664,0,22066,8077,-30143,0,0,0,0,1,0
1742,906770,14759,11750,-26509,0,17337,13802,-31140,0,0,0,0,1,0
1743,907291,10165,16171,-26336,0,11942,18997,-30940,0,0,0,0,1,0
1744,907812,5182,19970,-25151,0,6088,23462,-29551,0,0,0,0,1,0
1745,908333,0,23000,-23000,0,0,27026,-27026,0,0,0,0,1,0
1746,908854,-5181,25147,-19966,0,-6088,29551,-23462,0,0,0,0,1,0
1747,909375,-10161,26326,-16165,0,-11942,30940,-18997,0,0,0,0,1,0
1748,909895,-14751,26494,-11743,0,-17337,31140,-13802,0,0,0,0,1,0
1749,910416,-18772,25643,-6871,0,-22066,30143,-8077,0,0,0,0,1,0
1750,910937,-22072,23808,-1736,0,-25947,27988,-2041,0,0,0,0,1,0
1751,911458,-24522,21058,3465,0,-28831,24758,4073,0,0,0,0,1,0
1752,911979,-26030,17499,8531,0,-30607,20576,10031,0,0,0,0,1,0
1753,912500,-26538,13269,13269,0,-31207,15603,15603,0,0,0,0,1,0
1754,913020,-26025,8529,17496,0,-30607,10031,20576,0,0,0,0,1,0
1755,913541,-24513,3463,21050,0,-28831,4073,24758,0,0,0,0,1,0
1756,914062,-22059,-1735,23794,0,-25947,-2041,27988,0,0,0,0,1,0
1757,914583,-18758,-6866,25623,0,-22066,-8077,30143,0,0,0,0,1,0
1758,915104,-14736,-11732,26468,0,-17337,-13802,31140,0,0,0,0,1,0
1759,915625,-10150,-16146,26295,0,-11942,-18997,30940,0,0,0,0,1,0
1760,916145,-5174,-19938,25112,0,-6088,-23462,29551,0,0,0,0,1,0
1761,916666,0,-22964,22964,0,0,-27026,27026,0,0,0,0,1,0
1762,917187,5173,-25107,19934,0,6088,-29551,23462,0,0,0,0,1,0
1763,917708,10146,-26285,16139,0,11942,-30940,18997,0,0,0,0,1,0
1764,918229,14728,-26452,11725,0,17337,-31140,13802,0,0,0,0,1,0
1765,918750,18743,-25603,6860,0,22066,-30143,8077,0,0,0,0,1,0
1766,919270,22037,-23770,1733,0,25947,-27988,2041,0,0,0,0,1,0
1767,919791,24484,-21025,-3459,0,28831,-24758,-4073,0,0,0,0,1,0
1768,920312,25989,-17472,-8518,0,30607,-20576,-10031,0,0,0,0,1,0
1769,920833,26496,-13248,-13248,0,31207,-15603,-15603,0,0,0,0,1,0
1770,921354,25984,-8516,-17468,0,30607,-10031,-20576,0,0,0,0,1,0
1771,921875,24474,-3458,-21017,0,28831,-4073,-24758,0,0,0,0,1,0
1772,922395,22024,1732,-23757,0,25947,2041,-27988,0,0,0,0,1,0
1773,922916,18728,6855,-25583,0,22066,8077,-30143,0,0,0,0,1,0
1774,923437,14713,11713,-26426,0,17337,13802,-31140,0,0,0,0,1,0
1775,923958,10134,16120,-26254,0,11942,18997,-30940,0,0,0,0,1,0
1776,924479,5166,19907,-25073,0,6088,23462,-29551,0,0,0,0,1,0
1777,925000,0,22928,-22928,0,0,27026,-27026,0,0,0,0,1,0
1778,925520,-5165,25068,-19903,0,-6088,29551,-23462,0,0,0,0,1,0
1779,926041,-10130,26244,-16114,0,-11942,30940,-18997,0,0,0,0,1,0
1780,926562,-14705,26411,-11706,0,-17337,31140,-13802,0,0,0,0,1,0
1781,927083,-18713,25563,-6850,0,-22066,30143,-8077,0,0,0,0,1,0
1782,927604,-22003,23733,-1731,0,-25947,27988,-2041,0,0,0,0,1,0
1783,928125,-24446,20992,3454,0,-28831,24758,4073,0,0,0,0,1,0
1784,928645,-25949,17444,8504,0,-30607,20576,10031,0,0,0,0,1,0
1785,929166,-26454,13227,13227,0,-31207,15603,15603,0,0,0,0,1,0
1786,929687,-25944,8503,17441,0,-30607,10031,20576,0,0,0,0,1,0
1787,930208,-24436,3452,20984,0,-28831,4073,24758,0,0,0,0,1,0
1788,930729,-21990,-1730,23719,0,-25947,-2041,27988,0,0,0,0,1,0
1789,931250,-18699,-6844,25543,0,-22066,-8077,30143,0,0,0,0,1,0
1790,931770,-14690,-11695,26385,0,-17337,-13802,31140,0,0,0,0,1,0
1791,932291,-10118,-16095,26213,0,-11942,-18997,30940,0,0,0,0,1,0
1792,932812,-5157,-19876,25033,0,-6088,-23462,29551,0,0,0,0,1,0
1793,933333,0,-22892,22892,0,0,-27026,27026,0,0,0,0,1,0
1794,933854,5156,-25029,19872,0,6088,-29551,23462,0,0,0,0,1,0
1795,934375,10114,-26203,16089,0,11942,-30940,18997,0,0,0,0,1,0
1796,934895,14682,-26369,11688,0,17337,-31140,13802,0,0,0,0,1,0
1797,935416,18684,-25523,6839,0,22066,-30143,8077,0,0,0,0,1,0
1798,935937,21968,-23696,1728,0,25947,-27988,2041,0,0,0,0,1,0
1799,936458,24407,-20959,-3448,0,28831,-24758,-4073,0,0,0,0,1,0
1800,936979,25908,-17417,-8491,0,30607,-20576,-10031,0,0,0,0,1,0
1801,937500,26413,-13207,-13207,0,31207,-15603,-15603,0,0,0,0,1,0
1802,938020,25903,-8489,-17414,0,30607,-10031,-20576,0,0,0,0,1,0
1803,938541,24398,-3447,-20951,0,28831,-4073,-24758,0,0,0,0,1,0
1804,939062,21955,1727,-23682,0,25947,2041,-27988,0,0,0,0,1,0
1805,939583,18670,6834,-25503,0,22066,8077,-30143,0,0,0,0,1,0
1806,940104,14667,11677,-26344,0,17337,13802,-31140,0,0,0,0,1,0
1807,940625,10102,16070,-26172,0,11942,18997,-30940,0,0,0,0,1,0
1808,941145,5149,19845,-24994,0,6088,23462,-29551,0,0,0,0,1,0
1809,941666,0,22857,-22857,0,0,27026,-27026,0,0,0,0,1,0
1810,942187,-5148,24989,-19841,0,-6088,29551,-23462,0,0,0,0,1,0
1811,942708,-10098,26162,-16064,0,-11942,30940,-18997,0,0,0,0,1,0
1812,943229,-14659,26328,-11670,0,-17337,31140,-13802,0,0,0,0,1,0
1813,943750,-18655,25483,-6828,0,-22066,30143,-8077,0,0,0,0,1,0
1814,944270,-21934,23659,-1725,0,-25947,27988,-2041,0,0,0,0,1,0
1815,944791,-24369,20926,3443,0,-28831,24758,4073,0,0,0,0,1,0
1816,945312,-25868,17390,8478,0,-30607,20576,10031,0,0,0,0,1,0
1817,945833,-26372,13186,13186,0,-31207,15603,15603,0,0,0,0,1,0
1818,946354,-25863,8476,17387,0,-30607,10031,20576,0,0,0,0,1,0
1819,946875,-24360,3442,20918,0,-28831,4073,24758,0,0,0,0,1,0
1820,947395,-21921,-1724,23645,0,-25947,-2041,27988,0,0,0,0,1,0
1821,947916,-18641,-6823,25463,0,-22066,-8077,30143,0,0,0,0,1,0
1822,948437,-14644,-11658,26303,0,-17337,-13802,31140,0,0,0,0,1,0
1823,948958,-10086,-16045,26131,0,-11942,-18997,30940,0,0,0,0,1,0
1824,949479,-5141,-19814,24955,0,-6088,-23462,29551,0,0,0,0,1,0
1825,950000,0,-22821,22821,0,0,-27026,27026,0,0,0,0,1,0
1826,950520,5140,-24951,19810,0,6088,-29551,23462,0,0,0,0,1,0
1827,951041,10082,-26121,16039,0,11942,-30940,18997,0,0,0,0,1,0
1828,951562,14636,-26287,11652,0,17337,-31140,13802,0,0,0,0,1,0
1829,952083,18626,-25444,6818,0,22066,-30143,8077,0,0,0,0,1,0
1830,952604,21900,-23622,1723,0,25947,-27988,2041,0,0,0,0,1,0
1831,953125,24331,-20894,-3438,0,28831,-24758,-4073,0,0,0,0,1,0
1832,953645,25828,-17363,-8465,0,30607,-20576,-10031,0,0,0,0,1,0
1833,954166,26331,-13166,-13166,0,31207,-15603,-15603,0,0,0,0,1,0
1834,954687,25823,-8463,-17360,0,30607,-10031,-20576,0,0,0,0,1,0
1835,955208,24322,-3436,-20886,0,28831,-4073,-24758,0,0,0,0,1,0
1836,955729,21887,1722,-23609,0,25947,2041,-27988,0,0,0,0,1,0
1837,956250,18612,6812,-25424,0,22066,8077,-30143,0,0,0,0,1,0
1838,956770,14622,11640,-26262,0,17337,13802,-31140,0,0,0,0,1,0
1839,957291,10071,16020,-26091,0,11942,18997,-30940,0,0,0,0,1,0
1840,957812,5133,19783,-24917,0,6088,23462,-29551,0,0,0,0,1,0
1841,958333,0,22786,-22786,0,0,27026,-27026,0,0,0,0,1,0
1842,958854,-5132,24912,-19779,0,-6088,29551,-23462,0,0,0,0,1,0
1843,959375,-10067,26080,-16014,0,-11942,30940,-18997,0,0,0,0,1,0
1844,959895,-14613,26247,-11633,0,-17337,31140,-13802,0,0,0,0,1,0
1845,960416,-18597,25404,-6807,0,-22066,30143,-8077,0,0,0,0,1,0
1846,960937,-21866,23586,-1720,0,-25947,27988,-2041,0,0,0,0,1,0
1847,961458,-24294,20861,3432,0,-28831,24758,4073,0,0,0,0,1,0
1848,961979,-25788,17336,8452,0,-30607,20576,10031,0,0,0,0,1,0
1849,962500,-26290,13145,13145,0,-31207,15603,15603,0,0,0,0,1,0
1850,963020,-25783,8450,17333,0,-30607,10031,20576,0,0,0,0,1,0
1851,963541,-24284,3431,20853,0,-28831,4073,24758,0,0,0,0,1,0
1852,964062,-21853,-1719,23572,0,-25947,-2041,27988,0,0,0,0,1,0
1853,964583,-18583,-6802,25385,0,-22066,-8077,30143,0,0,0,0,1,0
1854,965104,-14599,-11622,26221,0,-17337,-13802,31140,0,0,0,0,1,0
1855,965625,-10055,-15995,26050,0,-11942,-18997,30940,0,0,0,0,1,0
1856,966145,-5125,-19753,24878,0,-6088,-23462,29551,0,0,0,0,1,0
1857,966666,0,-22750,22750,0,0,-27026,27026,0,0,0,0,1,0
1858,967187,5124,-24873,19749,0,6088,-29551,23462,0,0,0,0,1,0
1859,967708,10051,-26040,15989,0,11942,-30940,18997,0,0,0,0,1,0
1860,968229,14590,-26206,11615,0,17337,-31140,13802,0,0,0,0,1,0
1861,968750,18568,-25365,6797,0,22066,-30143,8077,0,0,0,0,1,0
1862,969270,21832,-23549,1717,0,25947,-27988,2041,0,0,0,0,1,0
1863,969791,24256,-20829,-3427,0,28831,-24758,-4073,0,0,0,0,1,0
1864,970312,25748,-17309,-8438,0,30607,-20576,-10031,0,0,0,0,1,0
1865,970833,26250,-13125,-13125,0,31207,-15603,-15603,0,0,0,0,1,0
1866,971354,25743,-8437,-17306,0,30607,-10031,-20576,0,0,0,0,1,0
1867,971875,24247,-3426,-20821,0,28831,-4073,-24758,0,0,0,0,1,0
1868,972395,21819,1716,-23536,0,25947,2041,-27988,0,0,0,0,1,0
1869,972916,18554,6791,-25345,0,22066,8077,-30143,0,0,0,0,1,0
1870,973437,14576,11604,-26181,0,17337,13802,-31140,0,0,0,0,1,0
1871,973958,10039,15970,-26010,0,11942,18997,-30940,0,0,0,0,1,0
1872,974479,5118,19722,-24840,0,6088,23462,-29551,0,0,0,0,1,0
1873,975000,0,22715,-22715,0,0,27026,-27026,0,0,0,0,1,0
1874,975520,-5117,24835,-19718,0,-6088,29551,-23462,0,0,0,0,1,0
1875,976041,-10036,26000,-15964,0,-11942,30940,-18997,0,0,0,0,1,0
1876,976562,-14568,26165,-11598,0,-17337,31140,-13802,0,0,0,0,1,0
1877,977083,-18540,25326,-6786,0,-22066,30143,-8077,0,0,0,0,1,0
1878,977604,-21798,23513,-1715,0,-25947,27988,-2041,0,0,0,0,1,0
1879,978125,-24219,20797,3422,0,-28831,24758,4073,0,0,0,0,1,0
1880,978645,-25708,17282,8425,0,-30607,20576,10031,0,0,0,0,1,0
1881,979166,-26209,13104,13104,0,-31207,15603,15603,0,0,0,0,1,0
1882,979687,-25703,8424,17279,0,-30607,10031,20576,0,0,0,0,1,0
1883,980208,-24209,3420,20789,0,-28831,4073,24758,0,0,0,0,1,0
1884,980729,-21786,-1714,23499,0,-25947,-2041,27988,0,0,0,0,1,0
1885,981250,-18525,-6781,25306,0,-22066,-8077,30143,0,0,0,0,1,0
1886,981770,-14554,-11586,26140,0,-17337,-13802,31140,0,0,0,0,1,0
1887,982291,-10024,-15946,25970,0,-11942,-18997,30940,0,0,0,0,1,0
1888,982812,-5110,-19692,24801,0,-6088,-23462,29551,0,0,0,0,1,0
1889,983333,0,-22680,22680,0,0,-27026,27026,0,0,0,0,1,0
1890,983854,5109,-24797,19688,0,6088,-29551,23462,0,0,0,0,1,0
1891,984375,10020,-25960,15940,0,11942,-30940,18997,0,0,0,0,1,0
1892,984895,14546,-26125,11580,0,17337,-31140,13802,0,0,0,0,1,0
1893,985416,18511,-25287,6776,0,22066,-30143,8077,0,0,0,0,1,0
1894,985937,21765,-23477,1712,0,25947,-27988,2041,0,0,0,0,1,0
1895,986458,24181,-20765,-3416,0,28831,-24758,-4073,0,0,0,0,1,0
1896,986979,25668,-17256,-8412,0,30607,-20576,-10031,0,0,0,0,1,0
1897,987500,26169,-13084,-13084,0,31207,-15603,-15603,0,0,0,0,1,0
1898,988020,25663,-8411,-17253,0,30607,-10031,-20576,0,0,0,0,1,0
1899,988541,24172,-3415,-20757,0,28831,-4073,-24758,0,0,0,0,1,0
1900,989062,21752,1711,-23463,0,25947,2041,-27988,0,0,0,0,1,0
1901,989583,18497,6770,-25267,0,22066,8077,-30143,0,0,0,0,1,0
1902,990104,14532,11569,-26100,0,17337,13802,-31140,0,0,0,0,1,0
1903,990625,10009,15921,-25930,0,11942,18997,-30940,0,0,0,0,1,0
1904,991145,5102,19661,-24763,0,6088,23462,-29551,0,0,0,0,1,0
1905,991666,0,22645,-22645,0,0,27026,-27026,0,0,0,0,1,0
1906,992187,-5101,24758,-19658,0,-6088,29551,-23462,0,0,0,0,1,0
1907,992708,-10005,25920,-15915,0,-11942,30940,-18997,0,0,0,0,1,0
1908,993229,-14523,26085,-11562,0,-17337,31140,-13802,0,0,0,0,1,0
1909,993750,-18483,25248,-6765,0,-22066,30143,-8077,0,0,0,0,1,0
1910,994270,-21731,23441,-1709,0,-25947,27988,-2041,0,0,0,0,1,0
1911,994791,-24144,20733,3411,0,-28831,24758,4073,0,0,0,0,1,0
1912,995312,-25629,17229,8400,0,-30607,20576,10031,0,0,0,0,1,0
1913,995833,-26128,13064,13064,0,-31207,15603,15603,0,0,0,0,1,0
1914,996354,-25624,8398,17226,0,-30607,10031,20576,0,0,0,0,1,0
1915,996875,-24135,3410,20725,0,-28831,4073,24758,0,0,0,0,1,0
1916,997395,-21719,-1708,23427,0,-25947,-2041,27988,0,0,0,0,1,0
1917,997916,-18468,-6760,25228,0,-22066,-8077,30143,0,0,0,0,1,0
1918,998437,-14509,-11551,26060,0,-17337,-13802,31140,0,0,0,0,1,0
1919,998958,-9993,-15897,25890,0,-11942,-18997,30940,0,0,0,0,1,0
1920,999479,-5094,-19631,24725,0,-6088,-23462,29551,0,0,0,0,1,0
1921,1000000,0,-22611,22611,0,0,-27026,27026,0,0,0,0,1,0
1922,1000520,5093,-24720,19627,0,6088,-29551,23462,0,0,0,0,1,0
1923,1001041,9989,-25880,15891,0,11942,-30940,18997,0,0,0,0,1,0
1924,1001562,14501,-26045,11544,0,17337,-31140,13802,0,0,0,0,1,0
1925,1002083,18454,-25209,6755,0,22066,-30143,8077,0,0,0,0,1,0
1926,1002604,21698,-23405,1707,0,25947,-27988,2041,0,0,0,0,1,0
1927,1003125,24107,-20701,-3406,0,28831,-24758,-4073,0,0,0,0,1,0
1928,1003645,25590,-17203,-8387,0,30607,-20576,-10031,0,0,0,0,1,0
1929,1004166,26088,-13044,-13044,0,31207,-15603,-15603,0,0,0,0,1,0
1930,1004687,25585,-8385,-17200,0,30607,-10031,-20576,0,0,0,0,1,0
1931,1005208,24098,-3405,-20693,0,28831,-4073,-24758,0,0,0,0,1,0
1932,1005729,21685,1706,-23391,0,25947,2041,-27988,0,0,0,0,1,0
1933,1006250,18440,6750,-25190,0,22066,8077,-30143,0,0,0,0,1,0
1934,1006770,14487,11533,-26020,0,17337,13802,-31140,0,0,0,0,1,0
1935,1007291,9978,15872,-25850,0,11942,18997,-30940,0,0,0,0,1,0
1936,1007812,5086,19601,-24687,0,6088,23462,-29551,0,0,0,0,1,0
1937,1008333,0,22576,-22576,0,0,27026,-27026,0,0,0,0,1,0
1938,1008854,-5085,24683,-19597,0,-6088,29551,-23462,0,0,0,0,1,0
1939,1009374,-9974,25840,-15866,0,-11942,30940,-18997,0,0,0,0,1,0
1940,1009895,-14479,26005,-11526,0,-17337,31140,-13802,0,0,0,0,1,0
1941,1010416,-18426,25171,-6744,0,-22066,30143,-8077,0,0,0,0,1,0
1942,1010937,-21665,23369,-1704,0,-25947,27988,-2041,0,0,0,0,1,0
1943,1011458,-24070,20670,3401,0,-28831,24758,4073,0,0,0,0,1,0
1944,1011979,-25550,17177,8374,0,-30607,20576,10031,0,0,0,0,1,0
1945,1012500,-26048,13024,13024,0,-31207,15603,15603,0,0,0,0,1,0
1946,1013020,-25546,8372,17173,0,-30607,10031,20576,0,0,0,0,1,0
1947,1013541,-24061,3399,20662,0,-28831,4073,24758,0,0,0,0,1,0
1948,1014062,-21652,-1703,23355,0,-25947,-2041,27988,0,0,0,0,1,0
1949,1014583,-18412,-6739,25151,0,-22066,-8077,30143,0,0,0,0,1,0
1950,1015104,-14465,-11515,25980,0,-17337,-13802,31140,0,0,0,0,1,0
1951,1015625,-9963,-15848,25811,0,-11942,-18997,30940,0,0,0,0,1,0
1952,1016145,-5078,-19571,24650,0,-6088,-23462,29551,0,0,0,0,1,0
1953,1016666,0,-22541,22541,0,0,-27026,27026,0,0,0,0,1,0
1954,1017187,5077,-24645,19567,0,6088,-29551,23462,0,0,0,0,1,0
1955,1017708,9959,-25801,15842,0,11942,-30940,18997,0,0,0,0,1,0
1956,1018229,14457,-25965,11509,0,17337,-31140,13802,0,0,0,0,1,0
1957,1018750,18398,-25132,6734,0,22066,-30143,8077,0,0,0,0,1,0
1958,1019270,21632,-23333,1702,0,25947,-27988,2041,0,0,0,0,1,0
1959,1019791,24034,-20638,-3395,0,28831,-24758,-4073,0,0,0,0,1,0
1960,1020312,25511,-17150,-8361,0,30607,-20576,-10031,0,0,0,0,1,0
1961,1020833,26009,-13004,-13004,0,31207,-15603,-15603,0,0,0,0,1,0
1962,1021354,25507,-8359,-17147,0,30607,-10031,-20576,0,0,0,0,1,0
1963,1021875,24024,-3394,-20630,0,28831,-4073,-24758,0,0,0,0,1,0
1964,1022395,21619,1701,-23320,0,25947,2041,-27988,0,0,0,0,1,0
1965,1022916,18384,6729,-25113,0,22066,8077,-30143,0,0,0,0,1,0
1966,1023437,14443,11498,-25941,0,17337,13802,-31140,0,0,0,0,1,0
1967,1023958,9947,15824,-25771,0,11942,18997,-30940,0,0,0,0,1,0
1968,1024479,5071,19541,-24612,0,6088,23462,-29551,0,0,0,0,1,0
1969,1024999,0,22507,-22507,0,0,27026,-27026,0,0,0,0,1,0
1970,1025520,-5070,24607,-19538,0,-6088,29551,-23462,0,0,0,0,1,0
1971,1026041,-9944,25762,-15818,0,-11942,30940,-18997,0,0,0,0,1,0
1972,1026562,-14435,25926,-11491,0,-17337,31140,-13802,0,0,0,0,1,0
1973,1027083,-18370,25094,-6724,0,-22066,30143,-8077,0,0,0,0,1,0
1974,1027604,-21599,23298,-1699,0,-25947,27988,-2041,0,0,0,0,1,0
1975,1028125,-23997,20607,3390,0,-28831,24758,4073,0,0,0,0,1,0
1976,1028645,-25473,17124,8348,0,-30607,20576,10031,0,0,0,0,1,0
1977,1029166,-25969,12985,12985,0,-31207,15603,15603,0,0,0,0,1,0
1978,1029687,-25468,8347,17121,0,-30607,10031,20576,0,0,0,0,1,0
1979,1030208,-23988,3389,20599,0,-28831,4073,24758,0,0,0,0,1,0
1980,1030729,-21586,-1698,23284,0,-25947,-2041,27988,0,0,0,0,1,0
1981,1031250,-18356,-6719,25075,0,-22066,-8077,30143,0,0,0,0,1,0
1982,1031770,-14421,-11480,25901,0,-17337,-13802,31140,0,0,0,0,1,0
1983,1032291,-9932,-15800,25732,0,-11942,-18997,30940,0,0,0,0,1,0
1984,1032812,-5063,-19512,24575,0,-6088,-23462,29551,0,0,0,0,1,0
1985,1033333,0,-22473,22473,0,0,-27026,27026,0,0,0,0,1,0
1986,1033854,5062,-24570,19508,0,6088,-29551,23462,0,0,0,0,1,0
1987,1034375,9929,-25723,15794,0,11942,-30940,18997,0,0,0,0,1,0
1988,1034895,14413,-25886,11474,0,17337,-31140,13802,0,0,0,0,1,0
1989,1035416,18342,-25056,6714,0,22066,-30143,8077,0,0,0,0,1,0
1990,1035937,21566,-23262,1696,0,25947,-27988,2041,0,0,0,0,1,0
1991,1036458,23960,-20575,-3385,0,28831,-24758,-4073,0,0,0,0,1,0
1992,1036979,25434,-17098,-8336,0,30607,-20576,-10031,0,0,0,0,1,0
1993,1037500,25930,-12965,-12965,0,31207,-15603,-15603,0,0,0,0,1,0
1994,1038020,25429,-8334,-17095,0,30607,-10031,-20576,0,0,0,0,1,0
1995,1038541,23951,-3384,-20568,0,28831,-4073,-24758,0,0,0,0,1,0
1996,1039062,21554,1695,-23249,0,25947,2041,-27988,0,0,0,0,1,0
1997,1039583,18328,6709,-25037,0,22066,8077,-30143,0,0,0,0,1,0
1998,1040104,14399,11463,-25862,0,17337,13802,-31140,0,0,0,0,1,0
1999,1040624,9917,15776,-25693,0,11942,18997,-30940,0,0,0,0,1,0
2000,1041145,5055,19482,-24537,0,6088,23462,-29551,0,0,0,0,1,0
2001,1041666,0,22439,-22439,0,0,27026,-27026,0,0,0,0,1,0
2002,1042187,-5054,24533,-19478,0,-6088,29551,-23462,0,0,0,0,1,0
2003,1042708,-9913,25684,-15770,0,-11942,30940,-18997,0,0,0,0,1,0
2004,1043229,-14391,25847,-11456,0,-17337,31140,-13802,0,0,0,0,1,0
2005,1043750,-18314,25018,-6703,0,-22066,30143,-8077,0,0,0,0,1,0
2006,1044270,-21533,23227,-1694,0,-25947,27988,-2041,0,0,0,0,1,0
2007,1044791,-23924,20544,3380,0,-28831,24758,4073,0,0,0,0,1,0
2008,1045312,-25395,17072,8323,0,-30607,20576,10031,0,0,0,0,1,0
2009,1045833,-25890,12945,12945,0,-31207,15603,15603,0,0,0,0,1,0
2010,1046354,-25391,8321,17069,0,-30607,10031,20576,0,0,0,0,1,0
2011,1046875,-23915,3379,20536,0,-28831,4073,24758,0,0,0,0,1,0
2012,1047395,-21521,-1693,23214,0,-25947,-2041,27988,0,0,0,0,1,0
2013,1047916,-18300,-6698,24999,0,-22066,-8077,30143,0,0,0,0,1,0
2014,1048437,-14377,-11446,25823,0,-17337,-13802,31140,0,0,0,0,1,0
2015,1048958,-9902,-15752,25654,0,-11942,-18997,30940,0,0,0,0,1,0
2016,1049479,-5048,-19453,24500,0,-6088,-23462,29551,0,0,0,0,1,0
2017,1050000,0,-22405,22405,0,0,-27026,27026,0,0,0,0,1,0
2018,1050520,5047,-24496,19449,0,6088,-29551,23462,0,0,0,0,1,0
2019,1051041,9898,-25645,15746,0,11942,-30940,18997,0,0,0,0,1,0
2020,1051562,14369,-25808,11439,0,17337,-31140,13802,0,0,0,0,1,0
2021,1052083,18287,-24980,6693,0,22066,-30143,8077,0,0,0,0,1,0
2022,1052604,21501,-23192,1691,0,25947,-27988,2041,0,0,0,0,1,0
2023,1053125,23888,-20513,-3375,0,28831,-24758,-4073,0,0,0,0,1,0
2024,1053645,25357,-17047,-8310,0,30607,-20576,-10031,0,0,0,0,1,0
2025,1054166,25851,-12926,-12926,0,31207,-15603,-15603,0,0,0,0,1,0
2026,1054687,25352,-8309,-17043,0,30607,-10031,-20576,0,0,0,0,1,0
2027,1055208,23879,-3374,-20505,0,28831,-4073,-24758,0,0,0,0,1,0
2028,1055729,21488,1690,-23179,0,25947,2041,-27988,0,0,0,0,1,0
2029,1056250,18273,6688,-24961,0,22066,8077,-30143,0,0,0,0,1,0
2030,1056770,14355,11428,-25784,0,17337,13802,-31140,0,0,0,0,1,0
2031,1057291,9887,15728,-25616,0,11942,18997,-30940,0,0,0,0,1,0
2032,1057812,5040,19423,-24463,0,6088,23462,-29551,0,0,0,0,1,0
2033,1058333,0,22371,-22371,0,0,27026,-27026,0,0,0,0,1,0
2034,1058854,-5039,24459,-19420,0,-6088,29551,-23462,0,0,0,0,1,0
2035,1059375,-9884,25606,-15722,0,-11942,30940,-18997,0,0,0,0,1,0
2036,1059895,-14347,25769,-11422,0,-17337,31140,-13802,0,0,0,0,1,0
2037,1060416,-18259,24942,-6683,0,-22066,30143,-8077,0,0,0,0,1,0
2038,1060937,-21468,23157,-1689,0,-25947,27988,-2041,0,0,0,0,1,0
2039,1061458,-23852,20482,3370,0,-28831,24758,4073,0,0,0,0,1,0
2040,1061979,-25319,17021,8298,0,-30607,20576,10031,0,0,0,0,1,0
2041,1062500,-25812,12906,12906,0,-31207,15603,15603,0,0,0,0,1,0
2042,1063020,-25314,8296,17018,0,-30607,10031,20576,0,0,0,0,1,0
2043,1063541,-23843,3369,20474,0,-28831,4073,24758,0,0,0,0,1,0
2044,1064062,-21456,-1688,23144,0,-25947,-2041,27988,0,0,0,0,1,0
2045,1064583,-18245,-6678,24923,0,-22066,-8077,30143,0,0,0,0,1,0
2046,1065104,-14334,-11411,25745,0,-17337,-13802,31140,0,0,0,0,1,0
2047,1065625,-9872,-15705,25577,0,-11942,-18997,30940,0,0,0,0,1,0
2048,1066145,-5032,-19394,24426,0,-6088,-23462,29551,0,0,0,0,1,0
2049,1066666,0,-22337,22337,0,0,-27026,27026,0,0,0,0,1,0
2050,1067187,5031,-24422,19390,0,6088,-29551,23462,0,0,0,0,1,0
2051,1067708,9869,-25567,15699,0,11942,-30940,18997,0,0,0,0,1,0
2052,1068229,14326,-25730,11405,0,17337,-31140,13802,0,0,0,0,1,0
2053,1068750,18231,-24905,6673,0,22066,-30143,8077,0,0,0,0,1,0
2054,1069270,21436,-23122,1686,0,25947,-27988,2041,0,0,0,0,1,0
2055,1069791,23816,-20451,-3365,0,28831,-24758,-4073,0,0,0,0,1,0
2056,1070312,25281,-16995,-8285,0,30607,-20576,-10031,0,0,0,0,1,0
2057,1070833,25773,-12887,-12887,0,31207,-15603,-15603,0,0,0,0,1,0
2058,1071354,25276,-8284,-16992,0,30607,-10031,-20576,0,0,0,0,1,0
2059,1071875,23807,-3363,-20444,0,28831,-4073,-24758,0,0,0,0,1,0
2060,1072395,21424,1685,-23109,0,25947,2041,-27988,0,0,0,0,1,0
2061,1072916,18218,6668,-24886,0,22066,8077,-30143,0,0,0,0,1,0
2062,1073437,14312,11394,-25706,0,17337,13802,-31140,0,0,0,0,1,0
2063,1073958,9858,15681,-25539,0,11942,18997,-30940,0,0,0,0,1,0
2064,1074479,5025,19365,-24390,0,6088,23462,-29551,0,0,0,0,1,0
2065,1075000,0,22304,-22304,0,0,27026,-27026,0,0,0,0,1,0
2066,1075520,-5024,24385,-19361,0,-6088,29551,-23462,0,0,0,0,1,0
2067,1076041,-9854,25529,-15675,0,-11942,30940,-18997,0,0,0,0,1,0
2068,1076562,-14304,25692,-11388,0,-17337,31140,-13802,0,0,0,0,1,0
2069,1077083,-18204,24867,-6663,0,-22066,30143,-8077,0,0,0,0,1,0
2070,1077604,-21404,23087,-1684,0,-25947,27988,-2041,0,0,0,0,1,0
2071,1078125,-23780,20421,3360,0,-28831,24758,4073,0,0,0,0,1,0
2072,1078645,-25243,16970,8273,0,-30607,20576,10031,0,0,0,0,1,0
2073,1079166,-25735,12867,12867,0,-31207,15603,15603,0,0,0,0,1,0
2074,1079687,-25238,8271,16967,0,-30607,10031,20576,0,0,0,0,1,0
2075,1080208,-23771,3358,20413,0,-28831,4073,24758,0,0,0,0,1,0
2076,1080729,-21392,-1683,23074,0,-25947,-2041,27988,0,0,0,0,1,0
2077,1081250,-18190,-6658,24849,0,-22066,-8077,30143,0,0,0,0,1,0
2078,1081770,-14291,-11377,25668,0,-17337,-13802,31140,0,0,0,0,1,0
2079,1082291,-9843,-15658,25500,0,-11942,-18997,30940,0,0,0,0,1,0
2080,1082812,-5017,-19336,24353,0,-6088,-23462,29551,0,0,0,0,1,0
2081,1083333,0,-22270,22270,0,0,-27026,27026,0,0,0,0,1,0
2082,1083854,5016,-24349,19332,0,6088,-29551,23462,0,0,0,0,1,0
2083,1084375,9839,-25491,15652,0,11942,-30940,18997,0,0,0,0,1,0
2084,1084895,14283,-25653,11370,0,17337,-31140,13802,0,0,0,0,1,0
2085,1085416,18177,-24830,6653,0,22066,-30143,8077,0,0,0,0,1,0
2086,1085937,21372,-23053,1681,0,25947,-27988,2041,0,0,0,0,1,0
2087,1086458,23745,-20390,-3355,0,28831,-24758,-4073,0,0,0,0,1,0
2088,1086979,25205,-16944,-8261,0,30607,-20576,-10031,0,0,0,0,1,0
2089,1087500,25696,-12848,-12848,0,31207,-15603,-15603,0,0,0,0,1,0
2090,1088020,25200,-8259,-16941,0,30607,-10031,-20576,0,0,0,0,1,0
2091,1088541,23736,-3353,-20382,0,28831,-4073,-24758,0,0,0,0,1,0
2092,1089062,21360,1680,-23040,0,25947,2041,-27988,0,0,0,0,1,0
2093,1089583,18163,6648,-24811,0,22066,8077,-30143,0,0,0,0,1,0
2094,1090104,14269,11360,-25629,0,17337,13802,-31140,0,0,0,0,1,0
2095,1090625,9828,15634,-25462,0,11942,18997,-30940,0,0,0,0,1,0
2096,1091145,5010,19307,-24317,0,6088,23462,-29551,0,0,0,0,1,0
2097,1091666,0,22237,-22237,0,0,27026,-27026,0,0,0,0,1,0
2098,1092187,-5009,24312,-19303,0,-6088,29551,-23462,0,0,0,0,1,0
2099,1092708,-9824,25453,-15628,0,-11942,30940,-18997,0,0,0,0,1,0
2100,1093229,-14261,25615,-11353,0,-17337,31140,-13802,0,0,0,0,1,0
2101,1093750,-18150,24793,-6643,0,-22066,30143,-8077,0,0,0,0,1,0
2102,1094270,-21340,23018,-1679,0,-25947,27988,-2041,0,0,0,0,1,0
2103,1094791,-23709,20360,3350,0,-28831,24758,4073,0,0,0,0,1,0
2104,1095312,-25167,16919,8248,0,-30607,20576,10031,0,0,0,0,1,0
2105,1095833,-25658,12829,12829,0,-31207,15603,15603,0,0,0,0,1,0
2106,1096354,-25163,8247,16916,0,-30607,10031,20576,0,0,0,0,1,0
2107,1096875,-23700,3348,20352,0,-28831,4073,24758,0,0,0,0,1,0
2108,1097395,-21328,-1678,23005,0,-25947,-2041,27988,0,0,0,0,1,0
2109,1097916,-18136,-6638,24774,0,-22066,-8077,30143,0,0,0,0,1,0
2110,1098437,-14248,-11343,25591,0,-17337,-13802,31140,0,0,0,0,1,0
2111,1098958,-9813,-15611,25424,0,-11942,-18997,30940,0,0,0,0,1,0
2112,1099479,-5002,-19278,24280,0,-6088,-23462,29551,0,0,0,0,1,0
2113,1100000,0,-22204,22204,0,0,-27026,27026,0,0,0,0,1,0
2114,1100520,5001,-24276,19274,0,6088,-29551,23462,0,0,0,0,1,0
2115,1101041,9810,-25415,15605,0,11942,-30940,18997,0,0,0,0,1,0
2116,1101562,14240,-25577,11337,0,17337,-31140,13802,0,0,0,0,1,0
2117,1102083,18123,-24756,6633,0,22066,-30143,8077,0,0,0,0,1,0
2118,1102604,21308,-22984,1676,0,25947,-27988,2041,0,0,0,0,1,0
2119,1103125,23674,-20329,-3345,0,28831,-24758,-4073,0,0,0,0,1,0
2120,1103645,25130,-16894,-8236,0,30607,-20576,-10031,0,0,0,0,1,0
2121,1104166,25620,-12810,-12810,0,31207,-15603,-15603,0,0,0,0,1,0
2122,1104687,25125,-8234,-16891,0,30607,-10031,-20576,0,0,0,0,1,0
2123,1105208,23665,-3343,-20322,0,28831,-4073,-24758,0,0,0,0,1,0
2124,1105729,21296,1675,-22971,0,25947,2041,-27988,0,0,0,0,1,0
2125,1106250,18109,6628,-24737,0,22066,8077,-30143,0,0,0,0,1,0
2126,1106770,14227,11326,-25553,0,17337,13802,-31140,0,0,0,0,1,0
2127,1107291,9799,15588,-25386,0,11942,18997,-30940,0,0,0,0,1,0
2128,1107812,4995,19249,-24244,0,6088,23462,-29551,0,0,0,0,1,0
2129,1108333,0,22171,-22171,0,0,27026,-27026,0,0,0,0,1,0
2130,1108854,-4994,24240,-19246,0,-6088,29551,-23462,0,0,0,0,1,0
2131,1109375,-9795,25377,-15582,0,-11942,30940,-18997,0,0,0,0,1,0
2132,1109895,-14219,25539,-11320,0,-17337,31140,-13802,0,0,0,0,1,0
2133,1110416,-18096,24719,-6623,0,-22066,30143,-8077,0,0,0,0,1,0
2134,1110937,-21276,22950,-1674,0,-25947,27988,-2041,0,0,0,0,1,0
2135,1111458,-23639,20299,3340,0,-28831,24758,4073,0,0,0,0,1,0
2136,1111979,-25092,16869,8224,0,-30607,20576,10031,0,0,0,0,1,0
2137,1112500,-25582,12791,12791,0,-31207,15603,15603,0,0,0,0,1,0
2138,1113020,-25088,8222,16866,0,-30607,10031,20576,0,0,0,0,1,0
2139,1113541,-23630,3338,20291,0,-28831,4073,24758,0,0,0,0,1,0
2140,1114062,-21264,-1673,22937,0,-25947,-2041,27988,0,0,0,0,1,0
2141,1114583,-18082,-6619,24701,0,-22066,-8077,30143,0,0,0,0,1,0
2142,1115104,-14206,-11309,25515,0,-17337,-13802,31140,0,0,0,0,1,0
2143,1115625,-9784,-15564,25349,0,-11942,-18997,30940,0,0,0,0,1,0
2144,1116145,-4987,-19221,24208,0,-6088,-23462,29551,0,0,0,0,1,0
2145,1116666,0,-22138,22138,0,0,-27026,27026,0,0,0,0,1,0
2146,1117187,4987,-24204,19217,0,6088,-29551,23462,0,0,0,0,1,0
2147,1117708,9781,-25339,15559,0,11942,-30940,18997,0,0,0,0,1,0
2148,1118229,14198,-25501,11303,0,17337,-31140,13802,0,0,0,0,1,0
2149,1118750,18069,-24682,6614,0,22066,-30143,8077,0,0,0,0,1,0
2150,1119270,21245,-22916,1671,0,25947,-27988,2041,0,0,0,0,1,0
2151,1119791,23604,-20269,-3335,0,28831,-24758,-4073,0,0,0,0,1,0
2152,1120312,25055,-16844,-8211,0,30607,-20576,-10031,0,0,0,0,1,0
2153,1120833,25544,-12772,-12772,0,31207,-15603,-15603,0,0,0,0,1,0
2154,1121354,25050,-8210,-16841,0,30607,-10031,-20576,0,0,0,0,1,0
2155,1121875,23595,-3333,-20261,0,28831,-4073,-24758,0,0,0,0,1,0
2156,1122395,21233,1670,-22903,0,25947,2041,-27988,0,0,0,0,1,0
2157,1122916,18055,6609,-24664,0,22066,8077,-30143,0,0,0,0,1,0
2158,1123437,14185,11292,-25477,0,17337,13802,-31140,0,0,0,0,1,0
2159,1123958,9770,15541,-25311,0,11942,18997,-30940,0,0,0,0,1,0
2160,1124479,4980,19192,-24172,0,6088,23462,-29551,0,0,0,0,1,0
2161,1125000,0,22105,-22105,0,0,27026,-27026,0,0,0,0,1,0
2162,1125520,-4979,24168,-19189,0,-6088,29551,-23462,0,0,0,0,1,0
2163,1126041,-9766,25302,-15536,0,-11942,30940,-18997,0,0,0,0,1,0
2164,1126562,-14177,25463,-11286,0,-17337,31140,-13802,0,0,0,0,1,0
2165,1127083,-18042,24646,-6604,0,-22066,30143,-8077,0,0,0,0,1,0
2166,1127604,-21213,22882,-1669,0,-25947,27988,-2041,0,0,0,0,1,0
2167,1128125,-23569,20239,3330,0,-28831,24758,4073,0,0,0,0,1,0
2168,1128645,-25018,16819,8199,0,-30607,20576,10031,0,0,0,0,1,0
2169,1129166,-25506,12753,12753,0,-31207,15603,15603,0,0,0,0,1,0
2170,1129687,-25013,8198,16816,0,-30607,10031,20576,0,0,0,0,1,0
2171,1130208,-23560,3329,20231,0,-28831,4073,24758,0,0,0,0,1,0
2172,1130729,-21201,-1668,22869,0,-25947,-2041,27988,0,0,0,0,1,0
2173,1131250,-18029,-6599,24628,0,-22066,-8077,30143,0,0,0,0,1,0
2174,1131770,-14164,-11276,25439,0,-17337,-13802,31140,0,0,0,0,1,0
2175,1132291,-9755,-15518,25274,0,-11942,-18997,30940,0,0,0,0,1,0
2176,1132812,-4973,-19164,24137,0,-6088,-23462,29551,0,0,0,0,1,0
2177,1133333,0,-22072,22072,0,0,-27026,27026,0,0,0,0,1,0
2178,1133854,4972,-24132,19160,0,6088,-29551,23462,0,0,0,0,1,0
2179,1134375,9752,-25264,15513,0,11942,-30940,18997,0,0,0,0,1,0
2180,1134895,14156,-25425,11269,0,17337,-31140,13802,0,0,0,0,1,0
2181,1135416,18015,-24609,6594,0,22066,-30143,8077,0,0,0,0,1,0
2182,1135937,21182,-22848,1666,0,25947,-27988,2041,0,0,0,0,1,0
2183,1136458,23534,-20209,-3325,0,28831,-24758,-4073,0,0,0,0,1,0
2184,1136979,24981,-16794,-8187,0,30607,-20576,-10031,0,0,0,0,1,0
2185,1137500,25468,-12734,-12734,0,31207,-15603,-15603,0,0,0,0,1,0
2186,1138020,24977,-8186,-16791,0,30607,-10031,-20576,0,0,0,0,1,0
2187,1138541,23525,-3324,-20202,0,28831,-4073,-24758,0,0,0,0,1,0
2188,1139062,21170,1665,-22835,0,25947,2041,-27988,0,0,0,0,1,0
2189,1139583,18002,6589,-24591,0,22066,8077,-30143,0,0,0,0,1,0
2190,1140104,14143,11259,-25402,0,17337,13802,-31140,0,0,0,0,1,0
2191,1140625,9741,15495,-25236,0,11942,18997,-30940,0,0,0,0,1,0
2192,1141145,4965,19136,-24101,0,6088,23462,-29551,0,0,0,0,1,0
2193,1141666,0,22040,-22040,0,0,27026,-27026,0,0,0,0,1,0
2194,1142187,-4964,24097,-19132,0,-6088,29551,-23462,0,0,0,0,1,0
2195,1142708,-9737,25227,-15490,0,-11942,30940,-18997,0,0,0,0,1,0
2196,1143229,-14135,25388,-11253,0,-17337,31140,-13802,0,0,0,0,1,0
2197,1143750,-17989,24573,-6584,0,-22066,30143,-8077,0,0,0,0,1,0
2198,1144270,-21151,22814,-1664,0,-25947,27988,-2041,0,0,0,0,1,0
2199,1144791,-23499,20179,3320,0,-28831,24758,4073,0,0,0,0,1,0
2200,1145312,-24944,16769,8175,0,-30607,20576,10031,0,0,0,0,1,0
2201,1145833,-25431,12715,12715,0,-31207,15603,15603,0,0,0,0,1,0
2202,1146354,-24940,8174,16766,0,-30607,10031,20576,0,0,0,0,1,0
2203,1146875,-23491,3319,20172,0,-28831,4073,24758,0,0,0,0,1,0
2204,1147395,-21139,-1663,22802,0,-25947,-2041,27988,0,0,0,0,1,0
2205,1147916,-17976,-6580,24555,0,-22066,-8077,30143,0,0,0,0,1,0
2206,1148437,-14122,-11243,25365,0,-17337,-13802,31140,0,0,0,0,1,0
2207,1148958,-9727,-15473,25199,0,-11942,-18997,30940,0,0,0,0,1,0
2208,1149479,-4958,-19107,24066,0,-6088,-23462,29551,0,0,0,0,1,0
2209,1150000,0,-22007,22007,0,0,-27026,27026,0,0,0,0,1,0
2210,1150520,4957,-24061,19104,0,6088,-29551,23462,0,0,0,0,1,0
2211,1151041,9723,-25190,15467,0,11942,-30940,18997,0,0,0,0,1,0
2212,1151562,14114,-25351,11236,0,17337,-31140,13802,0,0,0,0,1,0
2213,1152083,17962,-24537,6575,0,22066,-30143,8077,0,0,0,0,1,0
2214,1152604,21120,-22781,1661,0,25947,-27988,2041,0,0,0,0,1,0
2215,1153125,23465,-20150,-3315,0,28831,-24758,-4073,0,0,0,0,1,0
2216,1153645,24908,-16745,-8163,0,30607,-20576,-10031,0,0,0,0,1,0
2217,1154166,25393,-12697,-12697,0,31207,-15603,-15603,0,0,0,0,1,0
2218,1154687,24903,-8162,-16741,0,30607,-10031,-20576,0,0,0,0,1,0
2219,1155208,23456,-3314,-20142,0,28831,-4073,-24758,0,0,0,0,1,0
2220,1155729,21108,1660,-22768,0,25947,2041,-27988,0,0,0,0,1,0
2221,1156250,17949,6570,-24519,0,22066,8077,-30143,0,0,0,0,1,0
2222,1156770,14101,11226,-25327,0,17337,13802,-31140,0,0,0,0,1,0
2223,1157291,9712,15450,-25162,0,11942,18997,-30940,0,0,0,0,1,0
2224,1157812,4951,19079,-24030,0,6088,23462,-29551,0,0,0,0,1,0
2225,1158333,0,21975,-21975,0,0,27026,-27026,0,0,0,0,1,0
2226,1158854,-4950,24026,-19076,0,-6088,29551,-23462,0,0,0,0,1,0
2227,1159375,-9709,25153,-15444,0,-11942,30940,-18997,0,0,0,0,1,0
2228,1159895,-14094,25313,-11220,0,-17337,31140,-13802,0,0,0,0,1,0
2229,1160416,-17936,24501,-6565,0,-22066,30143,-8077,0,0,0,0,1,0
2230,1160937,-21089,22747,-1659,0,-25947,27988,-2041,0,0,0,0,1,0
2231,1161458,-23430,20120,3310,0,-28831,24758,4073,0,0,0,0,1,0
2232,1161979,-24871,16720,8151,0,-30607,20576,10031,0,0,0,0,1,0
2233,1162500,-25356,12678,12678,0,-31207,15603,15603,0,0,0,0,1,0
2234,1163020,-24867,8150,16717,0,-30607,10031,20576,0,0,0,0,1,0
2235,1163541,-23422,3309,20113,0,-28831,4073,24758,0,0,0,0,1,0
2236,1164062,-21077,-1658,22735,0,-25947,-2041,27988,0,0,0,0,1,0
2237,1164583,-17923,-6560,24483,0,-22066,-8077,30143,0,0,0,0,1,0
2238,1165104,-14081,-11210,25290,0,-17337,-13802,31140,0,0,0,0,1,0
2239,1165625,-9698,-15427,25125,0,-11942,-18997,30940,0,0,0,0,1,0
2240,1166145,-4944,-19052,23995,0,-6088,-23462,29551,0,0,0,0,1,0
2241,1166666,0,-21943,21943,0,0,-27026,27026,0,0,0,0,1,0
2242,1167187,4943,-23991,19048,0,6088,-29551,23462,0,0,0,0,1,0
2243,1167708,9694,-25116,15422,0,11942,-30940,18997,0,0,0,0,1,0
2244,1168229,14073,-25276,11203,0,17337,-31140,13802,0,0,0,0,1,0
2245,1168750,17910,-24465,6555,0,22066,-30143,8077,0,0,0,0,1,0
2246,1169270,21058,-22714,1656,0,25947,-27988,2041,0,0,0,0,1,0
2247,1169791,23396,-20091,-3305,0,28831,-24758,-4073,0,0,0,0,1,0
2248,1170312,24835,-16696,-8139,0,30607,-20576,-10031,0,0,0,0,1,0
2249,1170833,25319,-12660,-12660,0,31207,-15603,-15603,0,0,0,0,1,0
2250,1171354,24830,-8138,-16692,0,30607,-10031,-20576,0,0,0,0,1,0
2251,1171875,23387,-3304,-20083,0,28831,-4073,-24758,0,0,0,0,1,0
2252,1172395,21046,1655,-22702,0,25947,2041,-27988,0,0,0,0,1,0
2253,1172916,17897,6551,-24447,0,22066,8077,-30143,0,0,0,0,1,0
2254,1173437,14060,11193,-25253,0,17337,13802,-31140,0,0,0,0,1,0
2255,1173958,9684,15405,-25089,0,11942,18997,-30940,0,0,0,0,1,0
2256,1174479,4936,19024,-23960,0,6088,23462,-29551,0,0,0,0,1,0
2257,1175000,0,21911,-21911,0,0,27026,-27026,0,0,0,0,1,0
2258,1175520,-4935,23956,-19020,0,-6088,29551,-23462,0,0,0,0,1,0
2259,1176041,-9680,25080,-15399,0,-11942,30940,-18997,0,0,0,0,1,0
2260,1176562,-14052,25239,-11187,0,-17337,31140,-13802,0,0,0,0,1,0
2261,1177083,-17884,24430,-6546,0,-22066,30143,-8077,0,0,0,0,1,0
2262,1177604,-21027,22681,-1654,0,-25947,27988,-2041,0,0,0,0,1,0
2263,1178125,-23362,20061,3301,0,-28831,24758,4073,0,0,0,0,1,0
2264,1178645,-24799,16671,8127,0,-30607,20576,10031,0,0,0,0,1,0
2265,1179166,-25282,12641,12641,0,-31207,15603,15603,0,0,0,0,1,0
2266,1179687,-24794,8126,16668,0,-30607,10031,20576,0,0,0,0,1,0
2267,1180208,-23353,3299,20054,0,-28831,4073,24758,0,0,0,0,1,0
2268,1180729,-21016,-1653,22669,0,-25947,-2041,27988,0,0,0,0,1,0
2269,1181250,-17871,-6541,24412,0,-22066,-8077,30143,0,0,0,0,1,0
2270,1181770,-14040,-11177,25216,0,-17337,-13802,31140,0,0,0,0,1,0
2271,1182291,-9670,-15382,25052,0,-11942,-18997,30940,0,0,0,0,1,0
2272,1182812,-4929,-18996,23925,0,-6088,-23462,29551,0,0,0,0,1,0
2273,1183333,0,-21879,21879,0,0,-27026,27026,0,0,0,0,1,0
2274,1183854,4928,-23921,18993,0,6088,-29551,23462,0,0,0,0,1,0
2275,1184375,9666,-25043,15377,0,11942,-30940,18997,0,0,0,0,1,0
2276,1184895,14032,-25203,11171,0,17337,-31140,13802,0,0,0,0,1,0
2277,1185416,17858,-24394,6536,0,22066,-30143,8077,0,0,0,0,1,0
2278,1185937,20996,-22648,1652,0,25947,-27988,2041,0,0,0,0,1,0
2279,1186458,23328,-20032,-3296,0,28831,-24758,-4073,0,0,0,0,1,0
2280,1186979,24762,-16647,-8116,0,30607,-20576,-10031,0,0,0,0,1,0
2281,1187500,25245,-12623,-12623,0,31207,-15603,-15603,0,0,0,0,1,0
2282,1188020,24758,-8114,-16644,0,30607,-10031,-20576,0,0,0,0,1,0
2283,1188541,23319,-3295,-20025,0,28831,-4073,-24758,0,0,0,0,1,0
2284,1189062,20985,1651,-22636,0,25947,2041,-27988,0,0,0,0,1,0
2285,1189583,17845,6532,-24376,0,22066,8077,-30143,0,0,0,0,1,0
2286,1190104,14019,11161,-25180,0,17337,13802,-31140,0,0,0,0,1,0
2287,1190625,9656,15360,-25016,0,11942,18997,-30940,0,0,0,0,1,0
2288,1191145,4922,18968,-23890,0,6088,23462,-29551,0,0,0,0,1,0
2289,1191666,0,21847,-21847,0,0,27026,-27026,0,0,0,0,1,0
2290,1192187,-4921,23886,-18965,0,-6088,29551,-23462,0,0,0,0,1,0
2291,1192708,-9652,25007,-15354,0,-11942,30940,-18997,0,0,0,0,1,0
2292,1193229,-14012,25166,-11155,0,-17337,31140,-13802,0,0,0,0,1,0
2293,1193750,-17832,24359,-6527,0,-22066,30143,-8077,0,0,0,0,1,0
2294,1194270,-20966,22615,-1649,0,-25947,27988,-2041,0,0,0,0,1,0
2295,1194791,-23294,20003,3291,0,-28831,24758,4073,0,0,0,0,1,0
2296,1195312,-24727,16623,8104,0,-30607,20576,10031,0,0,0,0,1,0
2297,1195833,-25209,12604,12604,0,-31207,15603,15603,0,0,0,0,1,0
2298,1196354,-24722,8102,16620,0,-30607,10031,20576,0,0,0,0,1,0
2299,1196875,-23286,3290,19996,0,-28831,4073,24758,0,0,0,0,1,0
2300,1197395,-20955,-1648,22603,0,-25947,-2041,27988,0,0,0,0,1,0
2301,1197916,-17819,-6522,24341,0,-22066,-8077,30143,0,0,0,0,1,0
2302,1198437,-13999,-11144,25143,0,-17337,-13802,31140,0,0,0,0,1,0
2303,1198958,-9642,-15338,24979,0,-11942,-18997,30940,0,0,0,0,1,0
2304,1199479,-4915,-18941,23856,0,-6088,-23462,29551,0,0,0,0,1,0
2305,1200000,0,-21816,21816,0,0,-27026,27026,0,0,0,0,1,0
2306,1200520,4914,-23851,18937,0,6088,-29551,23462,0,0,0,0,1,0
2307,1201041,9638,-24970,15332,0,11942,-30940,18997,0,0,0,0,1,0
2308,1201562,13991,-25130,11138,0,17337,-31140,13802,0,0,0,0,1,0
2309,1202083,17806,-24323,6517,0,22066,-30143,8077,0,0,0,0,1,0
2310,1202604,20936,-22582,1647,0,25947,-27988,2041,0,0,0,0,1,0
2311,1203125,23260,-19974,-3286,0,28831,-24758,-4073,0,0,0,0,1,0
2312,1203645,24691,-16599,-8092,0,30607,-20576,-10031,0,0,0,0,1,0
2313,1204166,25172,-12586,-12586,0,31207,-15603,-15603,0,0,0,0,1,0
2314,1204687,24686,-8091,-16596,0,30607,-10031,-20576,0,0,0,0,1,0
2315,1205208,23252,-3285,-19967,0,28831,-4073,-24758,0,0,0,0,1,0
2316,1205729,20924,1646,-22570,0,25947,2041,-27988,0,0,0,0,1,0
2317,1206250,17793,6513,-24306,0,22066,8077,-30143,0,0,0,0,1,0
2318,1206770,13979,11128,-25107,0,17337,13802,-31140,0,0,0,0,1,0
2319,1207291,9628,15316,-24943,0,11942,18997,-30940,0,0,0,0,1,0
2320,1207812,4908,18913,-23821,0,6088,23462,-29551,0,0,0,0,1,0
2321,1208333,0,21784,-21784,0,0,27026,-27026,0,0,0,0,1,0
2322,1208854,-4907,23817,-18910,0,-6088,29551,-23462,0,0,0,0,1,0
2323,1209375,-9624,24934,-15310,0,-11942,30940,-18997,0,0,0,0,1,0
2324,1209895,-13971,25093,-11122,0,-17337,31140,-13802,0,0,0,0,1,0
2325,1210416,-17780,24288,-6508,0,-22066,30143,-8077,0,0,0,0,1,0
2326,1210937,-20905,22550,-1644,0,-25947,27988,-2041,0,0,0,0,1,0
2327,1211458,-23227,19945,3281,0,-28831,24758,4073,0,0,0,0,1,0
2328,1211979,-24655,16575,8080,0,-30607,20576,10031,0,0,0,0,1,0
2329,1212500,-25136,12568,12568,0,-31207,15603,15603,0,0,0,0,1,0
2330,1213020,-24651,8079,16572,0,-30607,10031,20576,0,0,0,0,1,0
2331,1213541,-23218,3280,19938,0,-28831,4073,24758,0,0,0,0,1,0
2332,1214062,-20894,-1644,22538,0,-25947,-2041,27988,0,0,0,0,1,0
2333,1214583,-17767,-6503,24271,0,-22066,-8077,30143,0,0,0,0,1,0
2334,1215104,-13958,-11112,25071,0,-17337,-13802,31140,0,0,0,0,1,0
2335,1215625,-9614,-15293,24907,0,-11942,-18997,30940,0,0,0,0,1,0
2336,1216145,-4901,-18886,23787,0,-6088,-23462,29551,0,0,0,0,1,0
2337,1216666,0,-21753,21753,0,0,-27026,27026,0,0,0,0,1,0
2338,1217187,4900,-23783,18883,0,6088,-29551,23462,0,0,0,0,1,0
2339,1217708,9610,-24898,15288,0,11942,-30940,18997,0,0,0,0,1,0
2340,1218229,13951,-25057,11106,0,17337,-31140,13802,0,0,0,0,1,0
2341,1218750,17754,-24253,6499,0,22066,-30143,8077,0,0,0,0,1,0
2342,1219270,20875,-22517,1642,0,25947,-27988,2041,0,0,0,0,1,0
2343,1219791,23193,-19916,-3277,0,28831,-24758,-4073,0,0,0,0,1,0
2344,1220312,24620,-16551,-8069,0,30607,-20576,-10031,0,0,0,0,1,0
2345,1220833,25100,-12550,-12550,0,31207,-15603,-15603,0,0,0,0,1,0
2346,1221354,24615,-8067,-16548,0,30607,-10031,-20576,0,0,0,0,1,0
2347,1221875,23185,-3276,-19909,0,28831,-4073,-24758,0,0,0,0,1,0
2348,1222395,20864,1641,-22505,0,25947,2041,-27988,0,0,0,0,1,0
2349,1222916,17742,6494,-24236,0,22066,8077,-30143,0,0,0,0,1,0
2350,1223437,13938,11096,-25035,0,17337,13802,-31140,0,0,0,0,1,0
2351,1223958,9600,15271,-24871,0,11942,18997,-30940,0,0,0,0,1,0
2352,1224479,4894,18859,-23753,0,6088,23462,-29551,0,0,0,0,1,0
2353,1225000,0,21721,-21721,0,0,27026,-27026,0,0,0,0,1,0
2354,1225520,-4893,23748,-18856,0,-6088,29551,-23462,0,0,0,0,1,0
2355,1226041,-9597,24862,-15266,0,-11942,30940,-18997,0,0,0,0,1,0
2356,1226562,-13931,25021,-11090,0,-17337,31140,-13802,0,0,0,0,1,0
2357,1227083,-17729,24218,-6489,0,-22066,30143,-8077,0,0,0,0,1,0
2358,1227604,-20845,22485,-1640,0,-25947,27988,-2041,0,0,0,0,1,0
2359,1228125,-23160,19888,3272,0,-28831,24758,4073,0,0,0,0,1,0
2360,1228645,-24584,16527,8057,0,-30607,20576,10031,0,0,0,0,1,0
2361,1229166,-25064,12532,12532,0,-31207,15603,15603,0,0,0,0,1,0
2362,1229687,-24580,8056,16524,0,-30607,10031,20576,0,0,0,0,1,0
2363,1230208,-23152,3271,19881,0,-28831,4073,24758,0,0,0,0,1,0
2364,1230729,-20834,-1639,22473,0,-25947,-2041,27988,0,0,0,0,1,0
2365,1231250,-17716,-6485,24201,0,-22066,-8077,30143,0,0,0,0,1,0
2366,1231770,-13918,-11080,24999,0,-17337,-13802,31140,0,0,0,0,1,0
2367,1232291,-9586,-15249,24836,0,-11942,-18997,30940,0,0,0,0,1,0
2368,1232812,-4887,-18832,23719,0,-6088,-23462,29551,0,0,0,0,1,0
2369,1233333,0,-21690,21690,0,0,-27026,27026,0,0,0,0,1,0
2370,1233854,4886,-23714,18829,0,6088,-29551,23462,0,0,0,0,1,0
2371,1234375,9583,-24827,15244,0,11942,-30940,18997,0,0,0,0,1,0
2372,1234895,13911,-24985,11074,0,17337,-31140,13802,0,0,0,0,1,0
2373,1235416,17704,-24183,6480,0,22066,-30143,8077,0,0,0,0,1,0
2374,1235937,20815,-22453,1637,0,25947,-27988,2041,0,0,0,0,1,0
2375,1236458,23127,-19859,-3267,0,28831,-24758,-4073,0,0,0,0,1,0
2376,1236979,24549,-16503,-8046,0,30607,-20576,-10031,0,0,0,0,1,0
2377,1237500,25028,-12514,-12514,0,31207,-15603,-15603,0,0,0,0,1,0
2378,1238020,24544,-8044,-16500,0,30607,-10031,-20576,0,0,0,0,1,0
2379,1238541,23118,-3266,-19852,0,28831,-4073,-24758,0,0,0,0,1,0
2380,1239062,20804,1636,-22441,0,25947,2041,-27988,0,0,0,0,1,0
2381,1239583,17691,6475,-24166,0,22066,8077,-30143,0,0,0,0,1,0
2382,1240104,13898,11064,-24963,0,17337,13802,-31140,0,0,0,0,1,0
2383,1240625,9572,15228,-24800,0,11942,18997,-30940,0,0,0,0,1,0
2384,1241145,4880,18805,-23685,0,6088,23462,-29551,0,0,0,0,1,0
2385,1241666,0,21659,-21659,0,0,27026,-27026,0,0,0,0,1,0
2386,1242187,-4879,23680,-18802,0,-6088,29551,-23462,0,0,0,0,1,0
2387,1242708,-9569,24791,-15222,0,-11942,30940,-18997,0,0,0,0,1,0
2388,1243229,-13891,24949,-11059,0,-17337,31140,-13802,0,0,0,0,1,0
2389,1243750,-17678,24149,-6471,0,-22066,30143,-8077,0,0,0,0,1,0
2390,1244270,-20785,22420,-1635,0,-25947,27988,-2041,0,0,0,0,1,0
2391,1244791,-23094,19831,3263,0,-28831,24758,4073,0,0,0,0,1,0
2392,1245312,-24514,16480,8034,0,-30607,20576,10031,0,0,0,0,1,0
2393,1245833,-24992,12496,12496,0,-31207,15603,15603,0,0,0,0,1,0
2394,1246354,-24509,8033,16477,0,-30607,10031,20576,0,0,0,0,1,0
2395,1246875,-23085,3261,19824,0,-28831,4073,24758,0,0,0,0,1,0
2396,1247395,-20774,-1634,22408,0,-25947,-2041,27988,0,0,0,0,1,0
2397,1247916,-17666,-6466,24132,0,-22066,-8077,30143,0,0,0,0,1,0
2398,1248437,-13878,-11049,24927,0,-17337,-13802,31140,0,0,0,0,1,0
2399,1248958,-9559,-15206,24765,0,-11942,-18997,30940,0,0,0,0,1,0
2400,1249479,-4873,-18778,23651,0,-6088,-23462,29551,0,0,0,0,1,0
2401,1250000,0,-21628,21628,0,0,-27026,27026,0,0,0,0,1,0
2402,1250520,4872,-23646,18775,0,6088,-29551,23462,0,0,0,0,1,0
2403,1251041,9555,-24756,15200,0,11942,-30940,18997,0,0,0,0,1,0
2404,1251562,13871,-24914,11043,0,17337,-31140,13802,0,0,0,0,1,0
2405,1252083,17653,-24114,6461,0,22066,-30143,8077,0,0,0,0,1,0
2406,1252604,20756,-22388,1633,0,25947,-27988,2041,0,0,0,0,1,0
2407,1253125,23061,-19803,-3258,0,28831,-24758,-4073,0,0,0,0,1,0
2408,1253645,24479,-16456,-8023,0,30607,-20576,-10031,0,0,0,0,1,0
2409,1254166,24956,-12478,-12478,0,31207,-15603,-15603,0,0,0,0,1,0
2410,1254687,24474,-8021,-16453,0,30607,-10031,-20576,0,0,0,0,1,0
2411,1255208,23052,-3257,-19795,0,28831,-4073,-24758,0,0,0,0,1,0
2412,1255729,20745,1632,-22376,0,25947,2041,-27988,0,0,0,0,1,0
2413,1256250,17640,6457,-24097,0,22066,8077,-30143,0,0,0,0,1,0
2414,1256770,13859,11033,-24892,0,17337,13802,-31140,0,0,0,0,1,0
2415,1257291,9545,15184,-24729,0,11942,18997,-30940,0,0,0,0,1,0
2416,1257812,4866,18751,-23617,0,6088,23462,-29551,0,0,0,0,1,0
2417,1258333,0,21597,-21597,0,0,27026,-27026,0,0,0,0,1,0
2418,1258854,-4865,23613,-18748,0,-6088,29551,-23462,0,0,0,0,1,0
2419,1259375,-9542,24721,-15179,0,-11942,30940,-18997,0,0,0,0,1,0
2420,1259895,-13851,24878,-11027,0,-17337,31140,-13802,0,0,0,0,1,0
2421,1260416,-17628,24080,-6452,0,-22066,30143,-8077,0,0,0,0,1,0
2422,1260937,-20726,22357,-1630,0,-25947,27988,-2041,0,0,0,0,1,0
2423,1261458,-23028,19774,3253,0,-28831,24758,4073,0,0,0,0,1,0
2424,1261979,-24444,16433,8011,0,-30607,20576,10031,0,0,0,0,1,0
2425,1262500,-24921,12460,12460,0,-31207,15603,15603,0,0,0,0,1,0
2426,1263020,-24440,8010,16430,0,-30607,10031,20576,0,0,0,0,1,0
2427,1263541,-23020,3252,19767,0,-28831,4073,24758,0,0,0,0,1,0
2428,1264062,-20715,-1629,22345,0,-25947,-2041,27988,0,0,0,0,1,0
2429,1264583,-17615,-6448,24063,0,-22066,-8077,30143,0,0,0,0,1,0
2430,1265104,-13839,-11017,24856,0,-17337,-13802,31140,0,0,0,0,1,0
2431,1265625,-9532,-15163,24694,0,-11942,-18997,30940,0,0,0,0,1,0
2432,1266145,-4859,-18725,23583,0,-6088,-23462,29551,0,0,0,0,1,0
2433,1266666,0,-21567,21567,0,0,-27026,27026,0,0,0,0,1,0
2434,1267187,4858,-23579,18721,0,6088,-29551,23462,0,0,0,0,1,0
2435,1267708,9528,-24685,15157,0,11942,-30940,18997,0,0,0,0,1,0
2436,1268229,13832,-24843,11011,0,17337,-31140,13802,0,0,0,0,1,0
2437,1268750,17603,-24046,6443,0,22066,-30143,8077,0,0,0,0,1,0
2438,1269270,20697,-22325,1628,0,25947,-27988,2041,0,0,0,0,1,0
2439,1269791,22995,-19746,-3249,0,28831,-24758,-4073,0,0,0,0,1,0
2440,1270312,24409,-16409,-8000,0,30607,-20576,-10031,0,0,0,0,1,0
2441,1270833,24885,-12443,-12443,0,31207,-15603,-15603,0,0,0,0,1,0
2442,1271354,24405,-7998,-16407,0,30607,-10031,-20576,0,0,0,0,1,0
2443,1271875,22987,-3248,-19739,0,28831,-4073,-24758,0,0,0,0,1,0
2444,1272395,20686,1627,-22313,0,25947,2041,-27988,0,0,0,0,1,0
2445,1272916,17590,6438,-24029,0,22066,8077,-30143,0,0,0,0,1,0
2446,1273437,13819,11002,-24821,0,17337,13802,-31140,0,0,0,0,1,0
2447,1273958,9518,15141,-24659,0,11942,18997,-30940,0,0,0,0,1,0
2448,1274479,4852,18698,-23550,0,6088,23462,-29551,0,0,0,0,1,0
2449,1275000,0,21536,-21536,0,0,27026,-27026,0,0,0,0,1,0
2450,1275520,-4851,23546,-18695,0,-6088,29551,-23462,0,0,0,0,1,0
2451,1276041,-9515,24650,-15136,0,-11942,30940,-18997,0,0,0,0,1,0
2452,1276562,-13812,24808,-10996,0,-17337,31140,-13802,0,0,0,0,1,0
2453,1277083,-17578,24012,-6434,0,-22066,30143,-8077,0,0,0,0,1,0
2454,1277604,-20667,22293,-1626,0,-25947,27988,-2041,0,0,0,0,1,0
2455,1278125,-22962,19718,3244,0,-28831,24758,4073,0,0,0,0,1,0
2456,1278645,-24375,16386,7988,0,-30607,20576,10031,0,0,0,0,1,0
2457,1279166,-24850,12425,12425,0,-31207,15603,15603,0,0,0,0,1,0
2458,1279687,-24370,7987,16383,0,-30607,10031,20576,0,0,0,0,1,0
2459,1280208,-22954,3243,19711,0,-28831,4073,24758,0,0,0,0,1,0
2460,1280729,-20657,-1625,22281,0,-25947,-2041,27988,0,0,0,0,1,0
2461,1281250,-17565,-6429,23995,0,-22066,-8077,30143,0,0,0,0,1,0
2462,1281770,-13800,-10986,24786,0,-17337,-13802,31140,0,0,0,0,1,0
2463,1282291,-9505,-15120,24624,0,-11942,-18997,30940,0,0,0,0,1,0
2464,1282812,-4845,-18672,23517,0,-6088,-23462,29551,0,0,0,0,1,0
2465,1283333,0,-21505,21505,0,0,-27026,27026,0,0,0,0,1,0
2466,1283854,4844,-23512,18668,0,6088,-29551,23462,0,0,0,0,1,0
2467,1284375,9501,-24616,15114,0,11942,-30940,18997,0,0,0,0,1,0
2468,1284895,13792,-24773,10980,0,17337,-31140,13802,0,0,0,0,1,0
2469,1285416,17553,-23978,6425,0,22066,-30143,8077,0,0,0,0,1,0
2470,1285937,20638,-22262,1623,0,25947,-27988,2041,0,0,0,0,1,0
2471,1286458,22930,-19690,-3240,0,28831,-24758,-4073,0,0,0,0,1,0
2472,1286979,24340,-16363,-7977,0,30607,-20576,-10031,0,0,0,0,1,0
2473,1287500,24815,-12407,-12407,0,31207,-15603,-15603,0,0,0,0,1,0
2474,1288020,24336,-7976,-16360,0,30607,-10031,-20576,0,0,0,0,1,0
2475,1288541,22922,-3238,-19683,0,28831,-4073,-24758,0,0,0,0,1,0
2476,1289062,20627,1623,-22250,0,25947,2041,-27988,0,0,0,0,1,0
2477,1289583,17541,6420,-23961,0,22066,8077,-30143,0,0,0,0,1,0
2478,1290104,13780,10970,-24751,0,17337,13802,-31140,0,0,0,0,1,0
2479,1290625,9491,15098,-24590,0,11942,18997,-30940,0,0,0,0,1,0
2480,1291145,4838,18645,-23483,0,6088,23462,-29551,0,0,0,0,1,0
2481,1291666,0,21475,-21475,0,0,27026,-27026,0,0,0,0,1,0
2482,1292187,-4837,23479,-18642,0,-6088,29551,-23462,0,0,0,0,1,0
2483,1292708,-9488,24581,-15093,0,-11942,30940,-18997,0,0,0,0,1,0
2484,1293229,-13773,24738,-10965,0,-17337,31140,-13802,0,0,0,0,1,0
2485,1293750,-17528,23944,-6416,0,-22066,30143,-8077,0,0,0,0,1,0
2486,1294270,-20609,22230,-1621,0,-25947,27988,-2041,0,0,0,0,1,0
2487,1294791,-22898,19663,3235,0,-28831,24758,4073,0,0,0,0,1,0
2488,1295312,-24306,16340,7966,0,-30607,20576,10031,0,0,0,0,1,0
2489,1295833,-24780,12390,12390,0,-31207,15603,15603,0,0,0,0,1,0
2490,1296354,-24302,7965,16337,0,-30607,10031,20576,0,0,0,0,1,0
2491,1296875,-22890,3234,19656,0,-28831,4073,24758,0,0,0,0,1,0
2492,1297395,-20598,-1620,22219,0,-25947,-2041,27988,0,0,0,0,1,0
2493,1297916,-17516,-6411,23927,0,-22066,-8077,30143,0,0,0,0,1,0
2494,1298437,-13761,-10955,24716,0,-17337,-13802,31140,0,0,0,0,1,0
2495,1298958,-9478,-15077,24555,0,-11942,-18997,30940,0,0,0,0,1,0
2496,1299479,-4831,-18619,23450,0,-6088,-23462,29551,0,0,0,0,1,0
2497,1300000,0,-21445,21445,0,0,-27026,27026,0,0,0,0,1,0
2498,1300520,4830,-23446,18616,0,6088,-29551,23462,0,0,0,0,1,0
2499,1301041,9475,-24546,15072,0,11942,-30940,18997,0,0,0,0,1,0
2500,1301562,13754,-24703,10949,0,17337,-31140,13802,0,0,0,0,1,0
2501,1302083,17504,-23910,6407,0,22066,-30143,8077,0,0,0,0,1,0
2502,1302604,20580,-22199,1619,0,25947,-27988,2041,0,0,0,0,1,0
2503,1303125,22865,-19635,-3230,0,28831,-24758,-4073,0,0,0,0,1,0
2504,1303645,24272,-16317,-7955,0,30607,-20576,-10031,0,0,0,0,1,0
2505,1304166,24745,-12373,-12373,0,31207,-15603,-15603,0,0,0,0,1,0
2506,1304687,24267,-7953,-16314,0,30607,-10031,-20576,0,0,0,0,1,0
2507,1305208,22857,-3229,-19628,0,28831,-4073,-24758,0,0,0,0,1,0
2508,1305729,20569,1618,-22187,0,25947,2041,-27988,0,0,0,0,1,0
2509,1306250,17491,6402,-23893,0,22066,8077,-30143,0,0,0,0,1,0
2510,1306770,13742,10940,-24681,0,17337,13802,-31140,0,0,0,0,1,0
2511,1307291,9465,15056,-24520,0,11942,18997,-30940,0,0,0,0,1,0
2512,1307812,4825,18593,-23417,0,6088,23462,-29551,0,0,0,0,1,0
2513,1308333,0,21415,-21415,0,0,27026,-27026,0,0,0,0,1,0
2514,1308854,-4824,23413,-18590,0,-6088,29551,-23462,0,0,0,0,1,0
2515,1309375,-9461,24512,-15051,0,-11942,30940,-18997,0,0,0,0,1,0
2516,1309895,-13734,24668,-10934,0,-17337,31140,-13802,0,0,0,0,1,0
2517,1310416,-17479,23877,-6398,0,-22066,30143,-8077,0,0,0,0,1,0
2518,1310937,-20551,22168,-1617,0,-25947,27988,-2041,0,0,0,0,1,0
2519,1311458,-22833,19607,3226,0,-28831,24758,4073,0,0,0,0,1,0
2520,1311979,-24238,16294,7944,0,-30607,20576,10031,0,0,0,0,1,0
2521,1312500,-24710,12355,12355,0,-31207,15603,15603,0,0,0,0,1,0
2522,1313020,-24233,7942,16291,0,-30607,10031,20576,0,0,0,0,1,0
2523,1313541,-22825,3225,19601,0,-28831,4073,24758,0,0,0,0,1,0
2524,1314062,-20540,-1616,22156,0,-25947,-2041,27988,0,0,0,0,1,0
2525,1314583,-17467,-6393,23860,0,-22066,-8077,30143,0,0,0,0,1,0
2526,1315104,-13722,-10924,24647,0,-17337,-13802,31140,0,0,0,0,1,0
2527,1315625,-9451,-15035,24486,0,-11942,-18997,30940,0,0,0,0,1,0
2528,1316145,-4818,-18567,23385,0,-6088,-23462,29551,0,0,0,0,1,0
2529,1316666,0,-21385,21385,0,0,-27026,27026,0,0,0,0,1,0
2530,1317187,4817,-23381,18564,0,6088,-29551,23462,0,0,0,0,1,0
2531,1317708,9448,-24477,15030,0,11942,-30940,18997,0,0,0,0,1,0
2532,1318229,13715,-24634,10919,0,17337,-31140,13802,0,0,0,0,1,0
2533,1318750,17454,-23843,6389,0,22066,-30143,8077,0,0,0,0,1,0
2534,1319270,20523,-22137,1614,0,25947,-27988,2041,0,0,0,0,1,0
2535,1319791,22801,-19580,-3221,0,28831,-24758,-4073,0,0,0,0,1,0
2536,1320312,24204,-16271,-7932,0,30607,-20576,-10031,0,0,0,0,1,0
2537,1320833,24676,-12338,-12338,0,31207,-15603,-15603,0,0,0,0,1,0
2538,1321354,24199,-7931,-16268,0,30607,-10031,-20576,0,0,0,0,1,0
2539,1321875,22793,-3220,-19573,0,28831,-4073,-24758,0,0,0,0,1,0
2540,1322395,20512,1613,-22125,0,25947,2041,-27988,0,0,0,0,1,0
2541,1322916,17442,6384,-23827,0,22066,8077,-30143,0,0,0,0,1,0
2542,1323437,13703,10909,-24612,0,17337,13802,-31140,0,0,0,0,1,0
2543,1323958,9438,15014,-24452,0,11942,18997,-30940,0,0,0,0,1,0
2544,1324479,4811,18541,-23352,0,6088,23462,-29551,0,0,0,0,1,0
2545,1325000,0,21355,-21355,0,0,27026,-27026,0,0,0,0,1,0
2546,1325520,-4810,23348,-18538,0,-6088,29551,-23462,0,0,0,0,1,0
2547,1326041,-9435,24443,-15009,0,-11942,30940,-18997,0,0,0,0,1,0
2548,1326562,-13696,24599,-10903,0,-17337,31140,-13802,0,0,0,0,1,0
2549,1327083,-17430,23810,-6380,0,-22066,30143,-8077,0,0,0,0,1,0
2550,1327604,-20494,22106,-1612,0,-25947,27988,-2041,0,0,0,0,1,0
2551,1328125,-22770,19553,3217,0,-28831,24758,4073,0,0,0,0,1,0
2552,1328645,-24170,16249,7921,0,-30607,20576,10031,0,0,0,0,1,0
2553,1329166,-24641,12321,12321,0,-31207,15603,15603,0,0,0,0,1,0
2554,1329687,-24166,7920,16246,0,-30607,10031,20576,0,0,0,0,1,0
2555,1330208,-22762,3216,19546,0,-28831,4073,24758,0,0,0,0,1,0
2556,1330729,-20483,-1611,22094,0,-25947,-2041,27988,0,0,0,0,1,0
2557,1331250,-17418,-6375,23793,0,-22066,-8077,30143,0,0,0,0,1,0
2558,1331770,-13684,-10894,24578,0,-17337,-13802,31140,0,0,0,0,1,0
2559,1332291,-9425,-14993,24418,0,-11942,-18997,30940,0,0,0,0,1,0
2560,1332812,-4804,-18515,23319,0,-6088,-23462,29551,0,0,0,0,1,0
2561,1333333,0,-21325,21325,0,0,-27026,27026,0,0,0,0,1,0
2562,1333854,4804,-23315,18512,0,6088,-29551,23462,0,0,0,0,1,0
2563,1334375,9422,-24409,14988,0,11942,-30940,18997,0,0,0,0,1,0
2564,1334895,13677,-24565,10888,0,17337,-31140,13802,0,0,0,0,1,0
2565,1335416,17406,-23777,6371,0,22066,-30143,8077,0,0,0,0,1,0
2566,1335937,20465,-22075,1610,0,25947,-27988,2041,0,0,0,0,1,0
2567,1336458,22738,-19525,-3212,0,28831,-24758,-4073,0,0,0,0,1,0
2568,1336979,24136,-16226,-7910,0,30607,-20576,-10031,0,0,0,0,1,0
2569,1337500,24607,-12303,-12303,0,31207,-15603,-15603,0,0,0,0,1,0
2570,1338020,24132,-7909,-16223,0,30607,-10031,-20576,0,0,0,0,1,0
2571,1338541,22730,-3211,-19519,0,28831,-4073,-24758,0,0,0,0,1,0
2572,1339062,20455,1609,-22064,0,25947,2041,-27988,0,0,0,0,1,0
2573,1339583,17394,6367,-23760,0,22066,8077,-30143,0,0,0,0,1,0
2574,1340104,13665,10879,-24544,0,17337,13802,-31140,0,0,0,0,1,0
2575,1340625,9412,14972,-24384,0,11942,18997,-30940,0,0,0,0,1,0
2576,1341145,4798,18489,-23287,0,6088,23462,-29551,0,0,0,0,1,0
2577,1341666,0,21295,-21295,0,0,27026,-27026,0,0,0,0,1,0
2578,1342187,-4797,23283,-18486,0,-6088,29551,-23462,0,0,0,0,1,0
2579,1342708,-9409,24375,-14967,0,-11942,30940,-18997,0,0,0,0,1,0
2580,1343229,-13658,24531,-10873,0,-17337,31140,-13802,0,0,0,0,1,0
2581,1343750,-17382,23744,-6362,0,-22066,30143,-8077,0,0,0,0,1,0
2582,1344270,-20437,22044,-1608,0,-25947,27988,-2041,0,0,0,0,1,0
2583,1344791,-22706,19498,3208,0,-28831,24758,4073,0,0,0,0,1,0
2584,1345312,-24103,16203,7899,0,-30607,20576,10031,0,0,0,0,1,0
2585,1345833,-24573,12286,12286,0,-31207,15603,15603,0,0,0,0,1,0
2586,1346354,-24099,7898,16201,0,-30607,10031,20576,0,0,0,0,1,0
2587,1346875,-22698,3207,19492,0,-28831,4073,24758,0,0,0,0,1,0
2588,1347395,-20426,-1607,22033,0,-25947,-2041,27988,0,0,0,0,1,0
2589,1347916,-17370,-6358,23727,0,-22066,-8077,30143,0,0,0,0,1,0
2590,1348437,-13646,-10864,24510,0,-17337,-13802,31140,0,0,0,0,1,0
2591,1348958,-9399,-14951,24350,0,-11942,-18997,30940,0,0,0,0,1,0
2592,1349479,-4791,-18464,23255,0,-6088,-23462,29551,0,0,0,0,1,0
2593,1350000,0,-21266,21266,0,0,-27026,27026,0,0,0,0,1,0
2594,1350520,4790,-23251,18460,0,6088,-29551,23462,0,0,0,0,1,0
2595,1351041,9395,-24341,14946,0,11942,-30940,18997,0,0,0,0,1,0
2596,1351562,13639,-24497,10858,0,17337,-31140,13802,0,0,0,0,1,0
2597,1352083,17358,-23711,6353,0,22066,-30143,8077,0,0,0,0,1,0
2598,1352604,20409,-22014,1605,0,25947,-27988,2041,0,0,0,0,1,0
2599,1353125,22675,-19471,-3204,0,28831,-24758,-4073,0,0,0,0,1,0
2600,1353645,24069,-16181,-7888,0,30607,-20576,-10031,0,0,0,0,1,0
2601,1354166,24539,-12269,-12269,0,31207,-15603,-15603,0,0,0,0,1,0
2602,1354687,24065,-7887,-16178,0,30607,-10031,-20576,0,0,0,0,1,0
2603,1355208,22667,-3202,-19465,0,28831,-4073,-24758,0,0,0,0,1,0
2604,1355729,20398,1604,-22002,0,25947,2041,-27988,0,0,0,0,1,0
2605,1356250,17346,6349,-23694,0,22066,8077,-30143,0,0,0,0,1,0
2606,1356770,13627,10849,-24476,0,17337,13802,-31140,0,0,0,0,1,0
2607,1357291,9386,14931,-24316,0,11942,18997,-30940,0,0,0,0,1,0
2608,1357812,4784,18438,-23222,0,6088,23462,-29551,0,0,0,0,1,0
2609,1358333,0,21236,-21236,0,0,27026,-27026,0,0,0,0,1,0
2610,1358854,-4784,23218,-18435,0,-6088,29551,-23462,0,0,0,0,1,0
2611,1359375,-9382,24308,-14925,0,-11942,30940,-18997,0,0,0,0,1,0
2612,1359895,-13620,24463,-10843,0,-17337,31140,-13802,0,0,0,0,1,0
2613,1360416,-17334,23678,-6345,0,-22066,30143,-8077,0,0,0,0,1,0
2614,1360937,-20380,21983,-1603,0,-25947,27988,-2041,0,0,0,0,1,0
2615,1361458,-22643,19444,3199,0,-28831,24758,4073,0,0,0,0,1,0
2616,1361979,-24036,16159,7878,0,-30607,20576,10031,0,0,0,0,1,0
2617,1362500,-24505,12252,12252,0,-31207,15603,15603,0,0,0,0,1,0
2618,1363020,-24032,7876,16156,0,-30607,10031,20576,0,0,0,0,1,0
2619,1363541,-22636,3198,19438,0,-28831,4073,24758,0,0,0,0,1,0
2620,1364062,-20370,-1602,21972,0,-25947,-2041,27988,0,0,0,0,1,0
2621,1364583,-17322,-6340,23662,0,-22066,-8077,30143,0,0,0,0,1,0
2622,1365104,-13608,-10834,24442,0,-17337,-13802,31140,0,0,0,0,1,0
2623,1365625,-9373,-14910,24283,0,-11942,-18997,30940,0,0,0,0,1,0
2624,1366145,-4778,-18413,23190,0,-6088,-23462,29551,0,0,0,0,1,0
2625,1366666,0,-21207,21207,0,0,-27026,27026,0,0,0,0,1,0
2626,1367187,4777,-23186,18409,0,6088,-29551,23462,0,0,0,0,1,0
2627,1367708,9370,-24274,14905,0,11942,-30940,18997,0,0,0,0,1,0
2628,1368229,13601,-24429,10828,0,17337,-31140,13802,0,0,0,0,1,0
2629,1368750,17310,-23645,6336,0,22066,-30143,8077,0,0,0,0,1,0
2630,1369270,20352,-21953,1601,0,25947,-27988,2041,0,0,0,0,1,0
2631,1369791,22612,-19418,-3195,0,28831,-24758,-4073,0,0,0,0,1,0
2632,1370312,24003,-16136,-7867,0,30607,-20576,-10031,0,0,0,0,1,0
2633,1370833,24471,-12236,-12236,0,31207,-15603,-15603,0,0,0,0,1,0
2634,1371354,23999,-7865,-16134,0,30607,-10031,-20576,0,0,0,0,1,0
2635,1371875,22604,-3194,-19411,0,28831,-4073,-24758,0,0,0,0,1,0
2636,1372395,20342,1600,-21942,0,25947,2041,-27988,0,0,0,0,1,0
2637,1372916,17298,6331,-23629,0,22066,8077,-30143,0,0,0,0,1,0
2638,1373437,13590,10819,-24408,0,17337,13802,-31140,0,0,0,0,1,0
2639,1373958,9360,14889,-24249,0,11942,18997,-30940,0,0,0,0,1,0
2640,1374479,4771,18387,-23158,0,6088,23462,-29551,0,0,0,0,1,0
2641,1375000,0,21178,-21178,0,0,27026,-27026,0,0,0,0,1,0
2642,1375520,-4770,23154,-18384,0,-6088,29551,-23462,0,0,0,0,1,0
2643,1376041,-9357,24241,-14884,0,-11942,30940,-18997,0,0,0,0,1,0
2644,1376562,-13583,24396,-10813,0,-17337,31140,-13802,0,0,0,0,1,0
2645,1377083,-17286,23613,-6327,0,-22066,30143,-8077,0,0,0,0,1,0
2646,1377604,-20324,21923,-1599,0,-25947,27988,-2041,0,0,0,0,1,0
2647,1378125,-22581,19391,3190,0,-28831,24758,4073,0,0,0,0,1,0
2648,1378645,-23970,16114,7856,0,-30607,20576,10031,0,0,0,0,1,0
2649,1379166,-24437,12219,12219,0,-31207,15603,15603,0,0,0,0,1,0
2650,1379687,-23966,7854,16111,0,-30607,10031,20576,0,0,0,0,1,0
2651,1380208,-22573,3189,19384,0,-28831,4073,24758,0,0,0,0,1,0
2652,1380729,-20314,-1598,21912,0,-25947,-2041,27988,0,0,0,0,1,0
2653,1381250,-17274,-6323,23597,0,-22066,-8077,30143,0,0,0,0,1,0
2654,1381770,-13571,-10804,24375,0,-17337,-13802,31140,0,0,0,0,1,0
2655,1382291,-9347,-14869,24216,0,-11942,-18997,30940,0,0,0,0,1,0
2656,1382812,-4765,-18362,23127,0,-6088,-23462,29551,0,0,0,0,1,0
2657,1383333,0,-21149,21149,0,0,-27026,27026,0,0,0,0,1,0
2658,1383854,4764,-23123,18359,0,6088,-29551,23462,0,0,0,0,1,0
2659,1384375,9344,-24208,14864,0,11942,-30940,18997,0,0,0,0,1,0
2660,1384895,13564,-24362,10798,0,17337,-31140,13802,0,0,0,0,1,0
2661,1385416,17262,-23580,6318,0,22066,-30143,8077,0,0,0,0,1,0
2662,1385937,20296,-21893,1597,0,25947,-27988,2041,0,0,0,0,1,0
2663,1386458,22550,-19364,-3186,0,28831,-24758,-4073,0,0,0,0,1,0
2664,1386979,23937,-16092,-7845,0,30607,-20576,-10031,0,0,0,0,1,0
2665,1387500,24404,-12202,-12202,0,31207,-15603,-15603,0,0,0,0,1,0
2666,1388020,23933,-7844,-16089,0,30607,-10031,-20576,0,0,0,0,1,0
2667,1388541,22542,-3185,-19358,0,28831,-4073,-24758,0,0,0,0,1,0
2668,1389062,20286,1596,-21882,0,25947,2041,-27988,0,0,0,0,1,0
2669,1389583,17250,6314,-23564,0,22066,8077,-30143,0,0,0,0,1,0
2670,1390104,13552,10789,-24341,0,17337,13802,-31140,0,0,0,0,1,0
2671,1390625,9334,14849,-24183,0,11942,18997,-30940,0,0,0,0,1,0
2672,1391145,4758,18337,-23095,0,6088,23462,-29551,0,0,0,0,1,0
2673,1391666,0,21120,-21120,0,0,27026,-27026,0,0,0,0,1,0
2674,1392187,-4757,23091,-18334,0,-6088,29551,-23462,0,0,0,0,1,0
2675,1392708,-9331,24174,-14843,0,-11942,30940,-18997,0,0,0,0,1,0
2676,1393229,-13545,24329,-10783,0,-17337,31140,-13802,0,0,0,0,1,0
2677,1393750,-17238,23548,-6310,0,-22066,30143,-8077,0,0,0,0,1,0
2678,1394270,-20269,21863,-1594,0,-25947,27988,-2041,0,0,0,0,1,0
2679,1394791,-22519,19338,3182,0,-28831,24758,4073,0,0,0,0,1,0
2680,1395312,-23904,16070,7834,0,-30607,20576,10031,0,0,0,0,1,0
2681,1395833,-24371,12185,12185,0,-31207,15603,15603,0,0,0,0,1,0
2682,1396354,-23900,7833,16067,0,-30607,10031,20576,0,0,0,0,1,0
2683,1396875,-22512,3180,19331,0,-28831,4073,24758,0,0,0,0,1,0
2684,1397395,-20258,-1593,21852,0,-25947,-2041,27988,0,0,0,0,1,0
2685,1397916,-17227,-6305,23532,0,-22066,-8077,30143,0,0,0,0,1,0
2686,1398437,-13534,-10774,24308,0,-17337,-13802,31140,0,0,0,0,1,0
2687,1398958,-9321,-14828,24150,0,-11942,-18997,30940,0,0,0,0,1,0
2688,1399479,-4752,-18312,23063,0,-6088,-23462,29551,0,0,0,0,1,0
2689,1400000,0,-21091,21091,0,0,-27026,27026,0,0,0,0,1,0
2690,1400520,4751,-23059,18309,0,6088,-29551,23462,0,0,0,0,1,0
2691,1401041,9318,-24141,14823,0,11942,-30940,18997,0,0,0,0,1,0
2692,1401562,13527,-24295,10769,0,17337,-31140,13802,0,0,0,0,1,0
2693,1402083,17215,-23516,6301,0,22066,-30143,8077,0,0,0,0,1,0
2694,1402604,20241,-21833,1592,0,25947,-27988,2041,0,0,0,0,1,0
2695,1403125,22489,-19311,-3177,0,28831,-24758,-4073,0,0,0,0,1,0
2696,1403645,23872,-16048,-7824,0,30607,-20576,-10031,0,0,0,0,1,0
2697,1404166,24337,-12169,-12169,0,31207,-15603,-15603,0,0,0,0,1,0
2698,1404687,23868,-7822,-16045,0,30607,-10031,-20576,0,0,0,0,1,0
2699,1405208,22481,-3176,-19305,0,28831,-4073,-24758,0,0,0,0,1,0
2700,1405729,20231,1591,-21822,0,25947,2041,-27988,0,0,0,0,1,0
2701,1406250,17203,6297,-23500,0,22066,8077,-30143,0,0,0,0,1,0
2702,1406770,13515,10760,-24275,0,17337,13802,-31140,0,0,0,0,1,0
2703,1407291,9309,14808,-24117,0,11942,18997,-30940,0,0,0,0,1,0
2704,1407812,4745,18287,-23032,0,6088,23462,-29551,0,0,0,0,1,0
2705,1408333,0,21062,-21062,0,0,27026,-27026,0,0,0,0,1,0
2706,1408854,-4744,23028,-18284,0,-6088,29551,-23462,0,0,0,0,1,0
2707,1409375,-9306,24108,-14803,0,-11942,30940,-18997,0,0,0,0,1,0
2708,1409895,-13508,24262,-10754,0,-17337,31140,-13802,0,0,0,0,1,0
2709,1410416,-17191,23484,-6293,0,-22066,30143,-8077,0,0,0,0,1,0
2710,1410937,-20213,21803,-1590,0,-25947,27988,-2041,0,0,0,0,1,0
2711,1411458,-22458,19285,3173,0,-28831,24758,4073,0,0,0,0,1,0
2712,1411979,-23839,16026,7813,0,-30607,20576,10031,0,0,0,0,1,0
2713,1412500,-24304,12152,12152,0,-31207,15603,15603,0,0,0,0,1,0
2714,1413020,-23835,7812,16023,0,-30607,10031,20576,0,0,0,0,1,0
2715,1413541,-22450,3172,19278,0,-28831,4073,24758,0,0,0,0,1,0
2716,1414062,-20203,-1589,21792,0,-25947,-2041,27988,0,0,0,0,1,0
2717,1414583,-17180,-6288,23468,0,-22066,-8077,30143,0,0,0,0,1,0
2718,1415104,-13497,-10745,24242,0,-17337,-13802,31140,0,0,0,0,1,0
2719,1415625,-9296,-14788,24084,0,-11942,-18997,30940,0,0,0,0,1,0
2720,1416145,-4739,-18262,23001,0,-6088,-23462,29551,0,0,0,0,1,0
2721,1416666,0,-21034,21034,0,0,-27026,27026,0,0,0,0,1,0
2722,1417187,4738,-22997,18259,0,6088,-29551,23462,0,0,0,0,1,0
2723,1417708,9293,-24076,14783,0,11942,-30940,18997,0,0,0,0,1,0
2724,1418229,13490,-24229,10739,0,17337,-31140,13802,0,0,0,0,1,0
2725,1418750,17168,-23452,6284,0,22066,-30143,8077,0,0,0,0,1,0
2726,1419270,20186,-21774,1588,0,25947,-27988,2041,0,0,0,0,1,0
2727,1419791,22427,-19259,-3169,0,28831,-24758,-4073,0,0,0,0,1,0
2728,1420312,23807,-16004,-7802,0,30607,-20576,-10031,0,0,0,0,1,0
2729,1420833,24271,-12136,-12136,0,31207,-15603,-15603,0,0,0,0,1,0
2730,1421354,23803,-7801,-16002,0,30607,-10031,-20576,0,0,0,0,1,0
2731,1421875,22420,-3167,-19252,0,28831,-4073,-24758,0,0,0,0,1,0
2732,1422395,20176,1587,-21763,0,25947,2041,-27988,0,0,0,0,1,0
2733,1422916,17156,6280,-23436,0,22066,8077,-30143,0,0,0,0,1,0
2734,1423437,13479,10730,-24209,0,17337,13802,-31140,0,0,0,0,1,0
2735,1423958,9283,14768,-24051,0,11942,18997,-30940,0,0,0,0,1,0
2736,1424479,4732,18237,-22969,0,6088,23462,-29551,0,0,0,0,1,0
2737,1425000,0,21005,-21005,0,0,27026,-27026,0,0,0,0,1,0
2738,1425520,-4731,22966,-18234,0,-6088,29551,-23462,0,0,0,0,1,0
2739,1426041,-9280,24043,-14763,0,-11942,30940,-18997,0,0,0,0,1,0
2740,1426562,-13472,24197,-10725,0,-17337,31140,-13802,0,0,0,0,1,0
2741,1427083,-17145,23420,-6275,0,-22066,30143,-8077,0,0,0,0,1,0
2742,1427604,-20158,21744,-1586,0,-25947,27988,-2041,0,0,0,0,1,0
2743,1428125,-22397,19233,3164,0,-28831,24758,4073,0,0,0,0,1,0
2744,1428645,-23775,15983,7792,0,-30607,20576,10031,0,0,0,0,1,0
2745,1429166,-24238,12119,12119,0,-31207,15603,15603,0,0,0,0,1,0
2746,1429687,-23770,7790,15980,0,-30607,10031,20576,0,0,0,0,1,0
2747,1430208,-22389,3163,19226,0,-28831,4073,24758,0,0,0,0,1,0
2748,1430729,-20148,-1585,21733,0,-25947,-2041,27988,0,0,0,0,1,0
2749,1431250,-17133,-6271,23404,0,-22066,-8077,30143,0,0,0,0,1,0
2750,1431770,-13460,-10716,24176,0,-17337,-13802,31140,0,0,0,0,1,0
2751,1432291,-9271,-14748,24019,0,-11942,-18997,30940,0,0,0,0,1,0
2752,1432812,-4726,-18212,22938,0,-6088,-23462,29551,0,0,0,0,1,0
2753,1433333,0,-20977,20977,0,0,-27026,27026,0,0,0,0,1,0
2754,1433854,4725,-22934,18209,0,6088,-29551,23462,0,0,0,0,1,0
2755,1434375,9268,-24011,14743,0,11942,-30940,18997,0,0,0,0,1,0
2756,1434895,13454,-24164,10710,0,17337,-31140,13802,0,0,0,0,1,0
2757,1435416,17122,-23389,6267,0,22066,-30143,8077,0,0,0,0,1,0
2758,1435937,20131,-21715,1584,0,25947,-27988,2041,0,0,0,0,1,0
2759,1436458,22367,-19207,-3160,0,28831,-24758,-4073,0,0,0,0,1,0
2760,1436979,23742,-15961,-7781,0,30607,-20576,-10031,0,0,0,0,1,0
2761,1437500,24205,-12103,-12103,0,31207,-15603,-15603,0,0,0,0,1,0
2762,1438020,23738,-7780,-15958,0,30607,-10031,-20576,0,0,0,0,1,0
2763,1438541,22359,-3159,-19200,0,28831,-4073,-24758,0,0,0,0,1,0
2764,1439062,20121,1583,-21704,0,25947,2041,-27988,0,0,0,0,1,0
2765,1439583,17110,6263,-23373,0,22066,8077,-30143,0,0,0,0,1,0
2766,1440104,13442,10701,-24143,0,17337,13802,-31140,0,0,0,0,1,0
2767,1440625,9258,14728,-23986,0,11942,18997,-30940,0,0,0,0,1,0
2768,1441145,4719,18188,-22907,0,6088,23462,-29551,0,0,0,0,1,0
2769,1441666,0,20948,-20948,0,0,27026,-27026,0,0,0,0,1,0
2770,1442187,-4719,22903,-18185,0,-6088,29551,-23462,0,0,0,0,1,0
2771,1442708,-9255,23978,-14723,0,-11942,30940,-18997,0,0,0,0,1,0
2772,1443229,-13435,24131,-10696,0,-17337,31140,-13802,0,0,0,0,1,0
2773,1443750,-17099,23357,-6259,0,-22066,30143,-8077,0,0,0,0,1,0
2774,1444270,-20104,21685,-1581,0,-25947,27988,-2041,0,0,0,0,1,0
2775,1444791,-22337,19181,3156,0,-28831,24758,4073,0,0,0,0,1,0
2776,1445312,-23710,15940,7771,0,-30607,20576,10031,0,0,0,0,1,0
2777,1445833,-24173,12086,12086,0,-31207,15603,15603,0,0,0,0,1,0
2778,1446354,-23706,7769,15937,0,-30607,10031,20576,0,0,0,0,1,0
2779,1446875,-22329,3155,19174,0,-28831,4073,24758,0,0,0,0,1,0
2780,1447395,-20094,-1581,21674,0,-25947,-2041,27988,0,0,0,0,1,0
2781,1447916,-17087,-6254,23341,0,-22066,-8077,30143,0,0,0,0,1,0
2782,1448437,-13424,-10687,24111,0,-17337,-13802,31140,0,0,0,0,1,0
2783,1448958,-9246,-14708,23954,0,-11942,-18997,30940,0,0,0,0,1,0
2784,1449479,-4713,-18163,22877,0,-6088,-23462,29551,0,0,0,0,1,0
2785,1450000,0,-20920,20920,0,0,-27026,27026,0,0,0,0,1,0
2786,1450520,4712,-22873,18160,0,6088,-29551,23462,0,0,0,0,1,0
2787,1451041,9243,-23946,14703,0,11942,-30940,18997,0,0,0,0,1,0
2788,1451562,13417,-24099,10681,0,17337,-31140,13802,0,0,0,0,1,0
2789,1452083,17076,-23326,6250,0,22066,-30143,8077,0,0,0,0,1,0
2790,1452604,20077,-21656,1579,0,25947,-27988,2041,0,0,0,0,1,0
2791,1453125,22307,-19155,-3151,0,28831,-24758,-4073,0,0,0,0,1,0
2792,1453645,23678,-15918,-7760,0,30607,-20576,-10031,0,0,0,0,1,0
2793,1454166,24140,-12070,-12070,0,31207,-15603,-15603,0,0,0,0,1,0
2794,1454687,23675,-7759,-15915,0,30607,-10031,-20576,0,0,0,0,1,0
2795,1455208,22299,-3150,-19149,0,28831,-4073,-24758,0,0,0,0,1,0
2796,1455729,20067,1578,-21645,0,25947,2041,-27988,0,0,0,0,1,0
2797,1456250,17064,6246,-23310,0,22066,8077,-30143,0,0,0,0,1,0
2798,1456770,13406,10673,-24079,0,17337,13802,-31140,0,0,0,0,1,0
2799,1457291,9233,14688,-23922,0,11942,18997,-30940,0,0,0,0,1,0
2800,1457812,4707,18139,-22846,0,6088,23462,-29551,0,0,0,0,1,0
2801,1458333,0,20892,-20892,0,0,27026,-27026,0,0,0,0,1,0
2802,1458854,-4706,22842,-18136,0,-6088,29551,-23462,0,0,0,0,1,0
2803,1459375,-9230,23914,-14683,0,-11942,30940,-18997,0,0,0,0,1,0
2804,1459895,-13399,24066,-10667,0,-17337,31140,-13802,0,0,0,0,1,0
2805,1460416,-17053,23294,-6242,0,-22066,30143,-8077,0,0,0,0,1,0
2806,1460937,-20050,21627,-1577,0,-25947,27988,-2041,0,0,0,0,1,0
2807,1461458,-22277,19129,3147,0,-28831,24758,4073,0,0,0,0,1,0
2808,1461979,-23647,15897,7750,0,-30607,20576,10031,0,0,0,0,1,0
2809,1462500,-24108,12054,12054,0,-31207,15603,15603,0,0,0,0,1,0
2810,1463020,-23643,7749,15894,0,-30607,10031,20576,0,0,0,0,1,0
2811,1463541,-22269,3146,19123,0,-28831,4073,24758,0,0,0,0,1,0
2812,1464062,-20040,-1576,21616,0,-25947,-2041,27988,0,0,0,0,1,0
2813,1464583,-17041,-6238,23279,0,-22066,-8077,30143,0,0,0,0,1,0
2814,1465104,-13388,-10658,24046,0,-17337,-13802,31140,0,0,0,0,1,0
2815,1465625,-9221,-14669,23890,0,-11942,-18997,30940,0,0,0,0,1,0
2816,1466145,-4700,-18115,22815,0,-6088,-23462,29551,0,0,0,0,1,0
2817,1466666,0,-20864,20864,0,0,-27026,27026,0,0,0,0,1,0
2818,1467187,4700,-22811,18112,0,6088,-29551,23462,0,0,0,0,1,0
2819,1467708,9218,-23882,14664,0,11942,-30940,18997,0,0,0,0,1,0
2820,1468229,13381,-24034,10653,0,17337,-31140,13802,0,0,0,0,1,0
2821,1468750,17030,-23263,6233,0,22066,-30143,8077,0,0,0,0,1,0
2822,1469270,20023,-21598,1575,0,25947,-27988,2041,0,0,0,0,1,0
2823,1469791,22247,-19104,-3143,0,28831,-24758,-4073,0,0,0,0,1,0
2824,1470312,23615,-15876,-7740,0,30607,-20576,-10031,0,0,0,0,1,0
2825,1470833,24076,-12038,-12038,0,31207,-15603,-15603,0,0,0,0,1,0
2826,1471354,23611,-7738,-15873,0,30607,-10031,-20576,0,0,0,0,1,0
2827,1471875,22239,-3142,-19097,0,28831,-4073,-24758,0,0,0,0,1,0
2828,1472395,20013,1574,-21587,0,25947,2041,-27988,0,0,0,0,1,0
2829,1472916,17018,6229,-23248,0,22066,8077,-30143,0,0,0,0,1,0
2830,1473437,13370,10644,-24014,0,17337,13802,-31140,0,0,0,0,1,0
2831,1473958,9209,14649,-23858,0,11942,18997,-30940,0,0,0,0,1,0
2832,1474479,4694,18091,-22785,0,6088,23462,-29551,0,0,0,0,1,0
2833,1475000,0,20836,-20836,0,0,27026,-27026,0,0,0,0,1,0
2834,1475520,-4693,22781,-18087,0,-6088,29551,-23462,0,0,0,0,1,0
2835,1476041,-9206,23850,-14644,0,-11942,30940,-18997,0,0,0,0,1,0
2836,1476562,-13363,24002,-10639,0,-17337,31140,-13802,0,0,0,0,1,0
2837,1477083,-17007,23232,-6225,0,-22066,30143,-8077,0,0,0,0,1,0
2838,1477604,-19997,21569,-1573,0,-25947,27988,-2041,0,0,0,0,1,0
2839,1478125,-22217,19078,3139,0,-28831,24758,4073,0,0,0,0,1,0
2840,1478645,-23584,15854,7729,0,-30607,20576,10031,0,0,0,0,1,0
2841,1479166,-24044,12022,12022,0,-31207,15603,15603,0,0,0,0,1,0
2842,1479687,-23580,7728,15852,0,-30607,10031,20576,0,0,0,0,1,0
2843,1480208,-22210,3138,19072,0,-28831,4073,24758,0,0,0,0,1,0
2844,1480729,-19987,-1572,21559,0,-25947,-2041,27988,0,0,0,0,1,0
2845,1481250,-16996,-6221,23217,0,-22066,-8077,30143,0,0,0,0,1,0
2846,1481770,-13352,-10630,23982,0,-17337,-13802,31140,0,0,0,0,1,0
2847,1482291,-9196,-14630,23826,0,-11942,-18997,30940,0,0,0,0,1,0
2848,1482812,-4688,-18066,22754,0,-6088,-23462,29551,0,0,0,0,1,0
2849,1483333,0,-20808,20808,0,0,-27026,27026,0,0,0,0,1,0
2850,1483854,4687,-22751,18063,0,6088,-29551,23462,0,0,0,0,1,0
2851,1484375,9193,-23818,14625,0,11942,-30940,18997,0,0,0,0,1,0
2852,1484895,13346,-23970,10624,0,17337,-31140,13802,0,0,0,0,1,0
2853,1485416,16984,-23201,6217,0,22066,-30143,8077,0,0,0,0,1,0
2854,1485937,19970,-21541,1571,0,25947,-27988,2041,0,0,0,0,1,0
2855,1486458,22188,-19053,-3135,0,28831,-24758,-4073,0,0,0,0,1,0
2856,1486979,23552,-15833,-7719,0,30607,-20576,-10031,0,0,0,0,1,0
2857,1487500,24012,-12006,-12006,0,31207,-15603,-15603,0,0,0,0,1,0
2858,1488020,23548,-7718,-15831,0,30607,-10031,-20576,0,0,0,0,1,0
2859,1488541,22180,-3134,-19047,0,28831,-4073,-24758,0,0,0,0,1,0
2860,1489062,19960,1570,-21530,0,25947,2041,-27988,0,0,0,0,1,0
2861,1489583,16973,6213,-23186,0,22066,8077,-30143,0,0,0,0,1,0
2862,1490104,13335,10616,-23950,0,17337,13802,-31140,0,0,0,0,1,0
2863,1490625,9184,14610,-23794,0,11942,18997,-30940,0,0,0,0,1,0
2864,1491145,4682,18042,-22724,0,6088,23462,-29551,0,0,0,0,1,0
2865,1491666,0,20781,-20781,0,0,27026,-27026,0,0,0,0,1,0
2866,1492187,-4681,22720,-18039,0,-6088,29551,-23462,0,0,0,0,1,0
2867,1492708,-9181,23786,-14605,0,-11942,30940,-18997,0,0,0,0,1,0
2868,1493229,-13328,23938,-10610,0,-17337,31140,-13802,0,0,0,0,1,0
2869,1493750,-16962,23170,-6208,0,-22066,30143,-8077,0,0,0,0,1,0
2870,1494270,-19943,21512,-1569,0,-25947,27988,-2041,0,0,0,0,1,0
2871,1494791,-22158,19028,3131,0,-28831,24758,4073,0,0,0,0,1,0
2872,1495312,-23521,15812,7709,0,-30607,20576,10031,0,0,0,0,1,0
2873,1495833,-23980,11990,11990,0,-31207,15603,15603,0,0,0,0,1,0
2874,1496354,-23517,7707,15810,0,-30607,10031,20576,0,0,0,0,1,0
2875,1496875,-22151,3129,19021,0,-28831,4073,24758,0,0,0,0,1,0
2876,1497395,-19933,-1568,21501,0,-25947,-2041,27988,0,0,0,0,1,0
2877,1497916,-16951,-6204,23155,0,-22066,-8077,30143,0,0,0,0,1,0
2878,1498437,-13317,-10602,23918,0,-17337,-13802,31140,0,0,0,0,1,0
2879,1498958,-9172,-14591,23763,0,-11942,-18997,30940,0,0,0,0,1,0
2880,1499479,-4675,-18018,22694,0,-6088,-23462,29551,0,0,0,0,1,0
2881,1500000,0,-20753,20753,0,0,-27026,27026,0,0,0,0,1,0
2882,1500520,4675,-22690,18015,0,6088,-29551,23462,0,0,0,0,1,0
2883,1501041,9169,-23755,14586,0,11942,-30940,18997,0,0,0,0,1,0
2884,1501562,13310,-23907,10596,0,17337,-31140,13802,0,0,0,0,1,0
2885,1502083,16939,-23140,6200,0,22066,-30143,8077,0,0,0,0,1,0
2886,1502604,19917,-21484,1567,0,25947,-27988,2041,0,0,0,0,1,0
2887,1503125,22129,-19002,-3126,0,28831,-24758,-4073,0,0,0,0,1,0
2888,1503645,23490,-15791,-7698,0,30607,-20576,-10031,0,0,0,0,1,0
2889,1504166,23948,-11974,-11974,0,31207,-15603,-15603,0,0,0,0,1,0
2890,1504687,23486,-7697,-15789,0,30607,-10031,-20576,0,0,0,0,1,0
2891,1505208,22121,-3125,-18996,0,28831,-4073,-24758,0,0,0,0,1,0
2892,1505729,19907,1566,-21473,0,25947,2041,-27988,0,0,0,0,1,0
2893,1506250,16928,6196,-23124,0,22066,8077,-30143,0,0,0,0,1,0
2894,1506770,13299,10588,-23887,0,17337,13802,-31140,0,0,0,0,1,0
2895,1507291,9160,14571,-23731,0,11942,18997,-30940,0,0,0,0,1,0
2896,1507812,4669,17995,-22664,0,6088,23462,-29551,0,0,0,0,1,0
2897,1508333,0,20726,-20726,0,0,27026,-27026,0,0,0,0,1,0
2898,1508854,-4669,22660,-17992,0,-6088,29551,-23462,0,0,0,0,1,0
2899,1509375,-9157,23723,-14567,0,-11942,30940,-18997,0,0,0,0,1,0
2900,1509895,-13293,23875,-10582,0,-17337,31140,-13802,0,0,0,0,1,0
2901,1510416,-16917,23109,-6192,0,-22066,30143,-8077,0,0,0,0,1,0
2902,1510937,-19891,21455,-1565,0,-25947,27988,-2041,0,0,0,0,1,0
2903,1511458,-22099,18977,3122,0,-28831,24758,4073,0,0,0,0,1,0
2904,1511979,-23459,15770,7688,0,-30607,20576,10031,0,0,0,0,1,0
2905,1512500,-23916,11958,11958,0,-31207,15603,15603,0,0,0,0,1,0
2906,1513020,-23455,7687,15768,0,-30607,10031,20576,0,0,0,0,1,0
2907,1513541,-22092,3121,18971,0,-28831,4073,24758,0,0,0,0,1,0
2908,1514062,-19881,-1564,21445,0,-25947,-2041,27988,0,0,0,0,1,0
2909,1514583,-16906,-6188,23094,0,-22066,-8077,30143,0,0,0,0,1,0
2910,1515104,-13282,-10574,23855,0,-17337,-13802,31140,0,0,0,0,1,0
2911,1515625,-9148,-14552,23700,0,-11942,-18997,30940,0,0,0,0,1,0
2912,1516145,-4663,-17971,22634,0,-6088,-23462,29551,0,0,0,0,1,0
2913,1516666,0,-20698,20698,0,0,-27026,27026,0,0,0,0,1,0
2914,1517187,4662,-22630,17968,0,6088,-29551,23462,0,0,0,0,1,0
2915,1517708,9145,-23692,14547,0,11942,-30940,18997,0,0,0,0,1,0
2916,1518229,13275,-23843,10568,0,17337,-31140,13802,0,0,0,0,1,0
2917,1518750,16895,-23079,6184,0,22066,-30143,8077,0,0,0,0,1,0
2918,1519270,19864,-21427,1563,0,25947,-27988,2041,0,0,0,0,1,0
2919,1519791,22070,-18952,-3118,0,28831,-24758,-4073,0,0,0,0,1,0
2920,1520312,23428,-15750,-7678,0,30607,-20576,-10031,0,0,0,0,1,0
2921,1520833,23885,-11942,-11942,0,31207,-15603,-15603,0,0,0,0,1,0
2922,1521354,23424,-7677,-15747,0,30607,-10031,-20576,0,0,0,0,1,0
2923,1521875,22063,-3117,-18946,0,28831,-4073,-24758,0,0,0,0,1,0
2924,1522395,19855,1562,-21416,0,25947,2041,-27988,0,0,0,0,1,0
2925,1522916,16884,6180,-23063,0,22066,8077,-30143,0,0,0,0,1,0
2926,1523437,13264,10560,-23824,0,17337,13802,-31140,0,0,0,0,1,0
2927,1523958,9136,14533,-23669,0,11942,18997,-30940,0,0,0,0,1,0
2928,1524479,4657,17947,-22604,0,6088,23462,-29551,0,0,0,0,1,0
2929,1525000,0,20671,-20671,0,0,27026,-27026,0,0,0,0,1,0
2930,1525520,-4656,22601,-17944,0,-6088,29551,-23462,0,0,0,0,1,0
2931,1526041,-9133,23661,-14528,0,-11942,30940,-18997,0,0,0,0,1,0
2932,1526562,-13258,23812,-10554,0,-17337,31140,-13802,0,0,0,0,1,0
2933,1527083,-16872,23048,-6176,0,-22066,30143,-8077,0,0,0,0,1,0
2934,1527604,-19838,21399,-1560,0,-25947,27988,-2041,0,0,0,0,1,0
2935,1528125,-22041,18927,3114,0,-28831,24758,4073,0,0,0,0,1,0
2936,1528645,-23397,15729,7668,0,-30607,20576,10031,0,0,0,0,1,0
2937,1529166,-23853,11927,11927,0,-31207,15603,15603,0,0,0,0,1,0
2938,1529687,-23393,7667,15726,0,-30607,10031,20576,0,0,0,0,1,0
2939,1530208,-22034,3113,18921,0,-28831,4073,24758,0,0,0,0,1,0
2940,1530729,-19829,-1560,21388,0,-25947,-2041,27988,0,0,0,0,1,0
2941,1531250,-16861,-6172,23033,0,-22066,-8077,30143,0,0,0,0,1,0
2942,1531770,-13247,-10546,23793,0,-17337,-13802,31140,0,0,0,0,1,0
2943,1532291,-9124,-14514,23638,0,-11942,-18997,30940,0,0,0,0,1,0
2944,1532812,-4651,-17924,22575,0,-6088,-23462,29551,0,0,0,0,1,0
2945,1533333,0,-20644,20644,0,0,-27026,27026,0,0,0,0,1,0
2946,1533854,4650,-22571,17921,0,6088,-29551,23462,0,0,0,0,1,0
2947,1534375,9121,-23630,14509,0,11942,-30940,18997,0,0,0,0,1,0
2948,1534895,13240,-23781,10541,0,17337,-31140,13802,0,0,0,0,1,0
2949,1535416,16850,-23018,6168,0,22066,-30143,8077,0,0,0,0,1,0
2950,1535937,19812,-21371,1558,0,25947,-27988,2041,0,0,0,0,1,0
2951,1536458,22012,-18902,-3110,0,28831,-24758,-4073,0,0,0,0,1,0
2952,1536979,23366,-15708,-7658,0,30607,-20576,-10031,0,0,0,0,1,0
2953,1537500,23822,-11911,-11911,0,31207,-15603,-15603,0,0,0,0,1,0
2954,1538020,23363,-7657,-15706,0,30607,-10031,-20576,0,0,0,0,1,0
2955,1538541,22005,-3109,-18896,0,28831,-4073,-24758,0,0,0,0,1,0
2956,1539062,19803,1558,-21360,0,25947,2041,-27988,0,0,0,0,1,0
2957,1539583,16839,6164,-23003,0,22066,8077,-30143,0,0,0,0,1,0
2958,1540104,13229,10532,-23761,0,17337,13802,-31140,0,0,0,0,1,0
2959,1540625,9112,14495,-23607,0,11942,18997,-30940,0,0,0,0,1,0
2960,1541145,4645,17900,-22545,0,6088,23462,-29551,0,0,0,0,1,0
2961,1541666,0,20617,-20617,0,0,27026,-27026,0,0,0,0,1,0
2962,1542187,-4644,22541,-17897,0,-6088,29551,-23462,0,0,0,0,1,0
2963,1542708,-9109,23599,-14490,0,-11942,30940,-18997,0,0,0,0,1,0
2964,1543229,-13223,23750,-10527,0,-17337,31140,-13802,0,0,0,0,1,0
2965,1543750,-16828,22988,-6160,0,-22066,30143,-8077,0,0,0,0,1,0
2966,1544270,-19786,21343,-1556,0,-25947,27988,-2041,0,0,0,0,1,0
2967,1544791,-21984,18878,3106,0,-28831,24758,4073,0,0,0,0,1,0
2968,1545312,-23336,15688,7648,0,-30607,20576,10031,0,0,0,0,1,0
2969,1545833,-23791,11896,11896,0,-31207,15603,15603,0,0,0,0,1,0
2970,1546354,-23332,7647,15685,0,-30607,10031,20576,0,0,0,0,1,0
2971,1546875,-21976,3105,18872,0,-28831,4073,24758,0,0,0,0,1,0
2972,1547395,-19777,-1556,21332,0,-25947,-2041,27988,0,0,0,0,1,0
2973,1547916,-16817,-6156,22973,0,-22066,-8077,30143,0,0,0,0,1,0
2974,1548437,-13212,-10518,23730,0,-17337,-13802,31140,0,0,0,0,1,0
2975,1548958,-9100,-14476,23576,0,-11942,-18997,30940,0,0,0,0,1,0
2976,1549479,-4639,-17877,22516,0,-6088,-23462,29551,0,0,0,0,1,0
2977,1550000,0,-20590,20590,0,0,-27026,27026,0,0,0,0,1,0
2978,1550520,4638,-22512,17874,0,6088,-29551,23462,0,0,0,0,1,0
2979,1551041,9097,-23568,14471,0,11942,-30940,18997,0,0,0,0,1,0
2980,1551562,13206,-23719,10513,0,17337,-31140,13802,0,0,0,0,1,0
2981,1552083,16806,-22958,6152,0,22066,-30143,8077,0,0,0,0,1,0
2982,1552604,19761,-21315,1554,0,25947,-27988,2041,0,0,0,0,1,0
2983,1553125,21955,-18853,-3102,0,28831,-24758,-4073,0,0,0,0,1,0
2984,1553645,23305,-15667,-7638,0,30607,-20576,-10031,0,0,0,0,1,0
2985,1554166,23760,-11880,-11880,0,31207,-15603,-15603,0,0,0,0,1,0
2986,1554687,23302,-7637,-15665,0,30607,-10031,-20576,0,0,0,0,1,0
2987,1555208,21948,-3101,-18847,0,28831,-4073,-24758,0,0,0,0,1,0
2988,1555729,19751,1554,-21304,0,25947,2041,-27988,0,0,0,0,1,0
2989,1556250,16795,6148,-22943,0,22066,8077,-30143,0,0,0,0,1,0
2990,1556770,13195,10505,-23699,0,17337,13802,-31140,0,0,0,0,1,0
2991,1557291,9088,14457,-23545,0,11942,18997,-30940,0,0,0,0,1,0
2992,1557812,4633,17854,-22486,0,6088,23462,-29551,0,0,0,0,1,0
2993,1558333,0,20563,-20563,0,0,27026,-27026,0,0,0,0,1,0
2994,1558854,-4632,22483,-17851,0,-6088,29551,-23462,0,0,0,0,1,0
2995,1559375,-9085,23538,-14452,0,-11942,30940,-18997,0,0,0,0,1,0
2996,1559895,-13189,23688,-10499,0,-17337,31140,-13802,0,0,0,0,1,0
2997,1560416,-16784,22928,-6144,0,-22066,30143,-8077,0,0,0,0,1,0
2998,1560937,-19735,21287,-1552,0,-25947,27988,-2041,0,0,0,0,1,0
2999,1561458,-21926,18829,3098,0,-28831,24758,4073,0,0,0,0,1,0
3000,1561979,-23275,15647,7628,0,-30607,20576,10031,0,0,0,0,1,0
3001,1562500,-23729,11865,11865,0,-31207,15603,15603,0,0,0,0,1,0
3002,1563020,-23271,7627,15644,0,-30607,10031,20576,0,0,0,0,1,0
3003,1563541,-21919,3097,18822,0,-28831,4073,24758,0,0,0,0,1,0
3004,1564062,-19725,-1552,21277,0,-25947,-2041,27988,0,0,0,0,1,0
3005,1564583,-16774,-6140,22913,0,-22066,-8077,30143,0,0,0,0,1,0
3006,1565104,-13178,-10491,23669,0,-17337,-13802,31140,0,0,0,0,1,0
3007,1565625,-9076,-14438,23515,0,-11942,-18997,30940,0,0,0,0,1,0
3008,1566145,-4627,-17830,22457,0,-6088,-23462,29551,0,0,0,0,1,0
3009,1566666,0,-20537,20537,0,0,-27026,27026,0,0,0,0,1,0
3010,1567187,4626,-22453,17827,0,6088,-29551,23462,0,0,0,0,1,0
3011,1567708,9073,-23507,14434,0,11942,-30940,18997,0,0,0,0,1,0
3012,1568229,13171,-23657,10486,0,17337,-31140,13802,0,0,0,0,1,0
3013,1568750,16763,-22898,6136,0,22066,-30143,8077,0,0,0,0,1,0
3014,1569270,19709,-21260,1550,0,25947,-27988,2041,0,0,0,0,1,0
3015,1569791,21898,-18804,-3094,0,28831,-24758,-4073,0,0,0,0,1,0
3016,1570312,23245,-15627,-7618,0,30607,-20576,-10031,0,0,0,0,1,0
3017,1570833,23698,-11849,-11849,0,31207,-15603,-15603,0,0,0,0,1,0
3018,1571354,23241,-7617,-15624,0,30607,-10031,-20576,0,0,0,0,1,0
3019,1571875,21891,-3093,-18798,0,28831,-4073,-24758,0,0,0,0,1,0
3020,1572395,19700,1550,-21249,0,25947,2041,-27988,0,0,0,0,1,0
3021,1572916,16752,6132,-22883,0,22066,8077,-30143,0,0,0,0,1,0
3022,1573437,13161,10477,-23638,0,17337,13802,-31140,0,0,0,0,1,0
3023,1573958,9065,14420,-23484,0,11942,18997,-30940,0,0,0,0,1,0
3024,1574479,4621,17807,-22428,0,6088,23462,-29551,0,0,0,0,1,0
3025,1575000,0,20510,-20510,0,0,27026,-27026,0,0,0,0,1,0
3026,1575520,-4620,22424,-17804,0,-6088,29551,-23462,0,0,0,0,1,0
3027,1576041,-9062,23477,-14415,0,-11942,30940,-18997,0,0,0,0,1,0
3028,1576562,-13154,23627,-10472,0,-17337,31140,-13802,0,0,0,0,1,0
3029,1577083,-16741,22869,-6128,0,-22066,30143,-8077,0,0,0,0,1,0
3030,1577604,-19684,21232,-1548,0,-25947,27988,-2041,0,0,0,0,1,0
3031,1578125,-21870,18780,3090,0,-28831,24758,4073,0,0,0,0,1,0
3032,1578645,-23215,15606,7608,0,-30607,20576,10031,0,0,0,0,1,0
3033,1579166,-23668,11834,11834,0,-31207,15603,15603,0,0,0,0,1,0
3034,1579687,-23211,7607,15604,0,-30607,10031,20576,0,0,0,0,1,0
3035,1580208,-21863,3089,18774,0,-28831,4073,24758,0,0,0,0,1,0
3036,1580729,-19674,-1548,21222,0,-25947,-2041,27988,0,0,0,0,1,0
3037,1581250,-16730,-6124,22854,0,-22066,-8077,30143,0,0,0,0,1,0
3038,1581770,-13144,-10464,23607,0,-17337,-13802,31140,0,0,0,0,1,0
3039,1582291,-9053,-14401,23454,0,-11942,-18997,30940,0,0,0,0,1,0
3040,1582812,-4615,-17784,22399,0,-6088,-23462,29551,0,0,0,0,1,0
3041,1583333,0,-20484,20484,0,0,-27026,27026,0,0,0,0,1,0
3042,1583854,4614,-22395,17781,0,6088,-29551,23462,0,0,0,0,1,0
3043,1584375,9050,-23446,14396,0,11942,-30940,18997,0,0,0,0,1,0
3044,1584895,13137,-23596,10459,0,17337,-31140,13802,0,0,0,0,1,0
3045,1585416,16719,-22839,6120,0,22066,-30143,8077,0,0,0,0,1,0
3046,1585937,19658,-21205,1546,0,25947,-27988,2041,0,0,0,0,1,0
3047,1586458,21841,-18756,-3086,0,28831,-24758,-4073,0,0,0,0,1,0
3048,1586979,23185,-15586,-7599,0,30607,-20576,-10031,0,0,0,0,1,0
3049,1587500,23637,-11819,-11819,0,31207,-15603,-15603,0,0,0,0,1,0
3050,1588020,23181,-7597,-15584,0,30607,-10031,-20576,0,0,0,0,1,0
3051,1588541,21834,-3085,-18750,0,28831,-4073,-24758,0,0,0,0,1,0
3052,1589062,19649,1546,-21194,0,25947,2041,-27988,0,0,0,0,1,0
3053,1589583,16709,6116,-22824,0,22066,8077,-30143,0,0,0,0,1,0
3054,1590104,13127,10450,-23577,0,17337,13802,-31140,0,0,0,0,1,0
3055,1590625,9041,14382,-23424,0,11942,18997,-30940,0,0,0,0,1,0
3056,1591145,4609,17761,-22370,0,6088,23462,-29551,0,0,0,0,1,0
3057,1591666,0,20457,-20457,0,0,27026,-27026,0,0,0,0,1,0
3058,1592187,-4608,22366,-17758,0,-6088,29551,-23462,0,0,0,0,1,0
3059,1592708,-9038,23416,-14378,0,-11942,30940,-18997,0,0,0,0,1,0
3060,1593229,-13120,23566,-10445,0,-17337,31140,-13802,0,0,0,0,1,0
3061,1593750,-16698,22810,-6112,0,-22066,30143,-8077,0,0,0,0,1,0
3062,1594270,-19633,21177,-1544,0,-25947,27988,-2041,0,0,0,0,1,0
3063,1594791,-21813,18731,3082,0,-28831,24758,4073,0,0,0,0,1,0
3064,1595312,-23155,15566,7589,0,-30607,20576,10031,0,0,0,0,1,0
3065,1595833,-23607,11803,11803,0,-31207,15603,15603,0,0,0,0,1,0
3066,1596354,-23151,7588,15564,0,-30607,10031,20576,0,0,0,0,1,0
3067,1596875,-21806,3081,18725,0,-28831,4073,24758,0,0,0,0,1,0
3068,1597395,-19623,-1544,21167,0,-25947,-2041,27988,0,0,0,0,1,0
3069,1597916,-16687,-6108,22795,0,-22066,-8077,30143,0,0,0,0,1,0
3070,1598437,-13110,-10437,23547,0,-17337,-13802,31140,0,0,0,0,1,0
3071,1598958,-9030,-14364,23393,0,-11942,-18997,30940,0,0,0,0,1,0
3072,1599479,-4603,-17738,22341,0,-6088,-23462,29551,0,0,0,0,1,0
3073,1600000,0,-20431,20431,0,0,-27026,27026,0,0,0,0,1,0
3074,1600520,4602,-22338,17736,0,6088,-29551,23462,0,0,0,0,1,0
3075,1601041,9027,-23386,14359,0,11942,-30940,18997,0,0,0,0,1,0
3076,1601562,13104,-23535,10432,0,17337,-31140,13802,0,0,0,0,1,0
3077,1602083,16676,-22780,6104,0,22066,-30143,8077,0,0,0,0,1,0
3078,1602604,19608,-21150,1542,0,25947,-27988,2041,0,0,0,0,1,0
3079,1603125,21785,-18707,-3078,0,28831,-24758,-4073,0,0,0,0,1,0
3080,1603645,23125,-15546,-7579,0,30607,-20576,-10031,0,0,0,0,1,0
3081,1604166,23576,-11788,-11788,0,31207,-15603,-15603,0,0,0,0,1,0
3082,1604687,23121,-7578,-15544,0,30607,-10031,-20576,0,0,0,0,1,0
3083,1605208,21778,-3077,-18701,0,28831,-4073,-24758,0,0,0,0,1,0
3084,1605729,19598,1542,-21140,0,25947,2041,-27988,0,0,0,0,1,0
3085,1606250,16666,6100,-22766,0,22066,8077,-30143,0,0,0,0,1,0
3086,1606770,13093,10423,-23516,0,17337,13802,-31140,0,0,0,0,1,0
3087,1607291,9018,14345,-23363,0,11942,18997,-30940,0,0,0,0,1,0
3088,1607812,4597,17716,-22313,0,6088,23462,-29551,0,0,0,0,1,0
3089,1608333,0,20405,-20405,0,0,27026,-27026,0,0,0,0,1,0
3090,1608854,-4596,22309,-17713,0,-6088,29551,-23462,0,0,0,0,1,0
3091,1609375,-9015,23356,-14341,0,-11942,30940,-18997,0,0,0,0,1,0
3092,1609895,-13087,23505,-10418,0,-17337,31140,-13802,0,0,0,0,1,0
3093,1610416,-16655,22751,-6096,0,-22066,30143,-8077,0,0,0,0,1,0
3094,1610937,-19583,21123,-1540,0,-25947,27988,-2041,0,0,0,0,1,0
3095,1611458,-21757,18683,3074,0,-28831,24758,4073,0,0,0,0,1,0
3096,1611979,-23096,15526,7569,0,-30607,20576,10031,0,0,0,0,1,0
3097,1612500,-23546,11773,11773,0,-31207,15603,15603,0,0,0,0,1,0
3098,1613020,-23092,7568,15524,0,-30607,10031,20576,0,0,0,0,1,0
3099,1613541,-21750,3073,18677,0,-28831,4073,24758,0,0,0,0,1,0
3100,1614062,-19573,-1540,21113,0,-25947,-2041,27988,0,0,0,0,1,0
3101,1614583,-16644,-6092,22737,0,-22066,-8077,30143,0,0,0,0,1,0
3102,1615104,-13076,-10410,23486,0,-17337,-13802,31140,0,0,0,0,1,0
3103,1615625,-9006,-14327,23334,0,-11942,-18997,30940,0,0,0,0,1,0
3104,1616145,-4591,-17693,22284,0,-6088,-23462,29551,0,0,0,0,1,0
3105,1616666,0,-20379,20379,0,0,-27026,27026,0,0,0,0,1,0
3106,1617187,4590,-22281,17690,0,6088,-29551,23462,0,0,0,0,1,0
3107,1617708,9004,-23326,14323,0,11942,-30940,18997,0,0,0,0,1,0
3108,1618229,13070,-23475,10405,0,17337,-31140,13802,0,0,0,0,1,0
3109,1618750,16634,-22722,6088,0,22066,-30143,8077,0,0,0,0,1,0
3110,1619270,19558,-21096,1538,0,25947,-27988,2041,0,0,0,0,1,0
3111,1619791,21729,-18660,-3070,0,28831,-24758,-4073,0,0,0,0,1,0
3112,1620312,23066,-15506,-7560,0,30607,-20576,-10031,0,0,0,0,1,0
3113,1620833,23516,-11758,-11758,0,31207,-15603,-15603,0,0,0,0,1,0
3114,1621354,23062,-7558,-15504,0,30607,-10031,-20576,0,0,0,0,1,0
3115,1621875,21723,-3069,-18654,0,28831,-4073,-24758,0,0,0,0,1,0
3116,1622395,19548,1538,-21086,0,25947,2041,-27988,0,0,0,0,1,0
3117,1622916,16623,6084,-22708,0,22066,8077,-30143,0,0,0,0,1,0
3118,1623437,13060,10397,-23456,0,17337,13802,-31140,0,0,0,0,1,0
3119,1623958,8995,14309,-23304,0,11942,18997,-30940,0,0,0,0,1,0
3120,1624479,4585,17670,-22256,0,6088,23462,-29551,0,0,0,0,1,0
3121,1625000,0,20353,-20353,0,0,27026,-27026,0,0,0,0,1,0
3122,1625520,-4584,22252,-17668,0,-6088,29551,-23462,0,0,0,0,1,0
3123,1626041,-8992,23296,-14304,0,-11942,30940,-18997,0,0,0,0,1,0
3124,1626562,-13053,23445,-10392,0,-17337,31140,-13802,0,0,0,0,1,0
3125,1627083,-16612,22693,-6081,0,-22066,30143,-8077,0,0,0,0,1,0
3126,1627604,-19533,21069,-1536,0,-25947,27988,-2041,0,0,0,0,1,0
3127,1628125,-21702,18636,3066,0,-28831,24758,4073,0,0,0,0,1,0
3128,1628645,-23037,15487,7550,0,-30607,20576,10031,0,0,0,0,1,0
3129,1629166,-23486,11743,11743,0,-31207,15603,15603,0,0,0,0,1,0
3130,1629687,-23033,7549,15484,0,-30607,10031,20576,0,0,0,0,1,0
3131,1630208,-21695,3065,18630,0,-28831,4073,24758,0,0,0,0,1,0
3132,1630729,-19523,-1536,21059,0,-25947,-2041,27988,0,0,0,0,1,0
3133,1631250,-16602,-6077,22679,0,-22066,-8077,30143,0,0,0,0,1,0
3134,1631770,-13043,-10384,23427,0,-17337,-13802,31140,0,0,0,0,1,0
3135,1632291,-8983,-14291,23274,0,-11942,-18997,30940,0,0,0,0,1,0
3136,1632812,-4579,-17648,22227,0,-6088,-23462,29551,0,0,0,0,1,0
3137,1633333,0,-20327,20327,0,0,-27026,27026,0,0,0,0,1,0
3138,1633854,4579,-22224,17645,0,6088,-29551,23462,0,0,0,0,1,0
3139,1634375,8981,-23267,14286,0,11942,-30940,18997,0,0,0,0,1,0
3140,1634895,13037,-23415,10379,0,17337,-31140,13802,0,0,0,0,1,0
3141,1635416,16591,-22664,6073,0,22066,-30143,8077,0,0,0,0,1,0
3142,1635937,19508,-21042,1534,0,25947,-27988,2041,0,0,0,0,1,0
3143,1636458,21674,-18612,-3062,0,28831,-24758,-4073,0,0,0,0,1,0
3144,1636979,23007,-15467,-7540,0,30607,-20576,-10031,0,0,0,0,1,0
3145,1637500,23456,-11728,-11728,0,31207,-15603,-15603,0,0,0,0,1,0
3146,1638020,23004,-7539,-15465,0,30607,-10031,-20576,0,0,0,0,1,0
3147,1638541,21667,-3061,-18606,0,28831,-4073,-24758,0,0,0,0,1,0
3148,1639062,19499,1534,-21032,0,25947,2041,-27988,0,0,0,0,1,0
3149,1639583,16581,6069,-22650,0,22066,8077,-30143,0,0,0,0,1,0
3150,1640104,13026,10370,-23397,0,17337,13802,-31140,0,0,0,0,1,0
3151,1640625,8972,14272,-23245,0,11942,18997,-30940,0,0,0,0,1,0
3152,1641145,4574,17626,-22199,0,6088,23462,-29551,0,0,0,0,1,0
3153,1641666,0,20301,-20301,0,0,27026,-27026,0,0,0,0,1,0
3154,1642187,-4573,22196,-17623,0,-6088,29551,-23462,0,0,0,0,1,0
3155,1642708,-8969,23237,-14268,0,-11942,30940,-18997,0,0,0,0,1,0
3156,1643229,-13020,23386,-10365,0,-17337,31140,-13802,0,0,0,0,1,0
3157,1643750,-16570,22635,-6065,0,-22066,30143,-8077,0,0,0,0,1,0
3158,1644270,-19483,21016,-1533,0,-25947,27988,-2041,0,0,0,0,1,0
3159,1644791,-21647,18588,3058,0,-28831,24758,4073,0,0,0,0,1,0
3160,1645312,-22978,15447,7531,0,-30607,20576,10031,0,0,0,0,1,0
3161,1645833,-23427,11713,11713,0,-31207,15603,15603,0,0,0,0,1,0
3162,1646354,-22975,7530,15445,0,-30607,10031,20576,0,0,0,0,1,0
3163,1646875,-21640,3057,18583,0,-28831,4073,24758,0,0,0,0,1,0
3164,1647395,-19474,-1532,21006,0,-25947,-2041,27988,0,0,0,0,1,0
3165,1647916,-16560,-6061,22621,0,-22066,-8077,30143,0,0,0,0,1,0
3166,1648437,-13010,-10357,23367,0,-17337,-13802,31140,0,0,0,0,1,0
3167,1648958,-8961,-14254,23215,0,-11942,-18997,30940,0,0,0,0,1,0
3168,1649479,-4568,-17603,22171,0,-6088,-23462,29551,0,0,0,0,1,0
3169,1650000,0,-20275,20275,0,0,-27026,27026,0,0,0,0,1,0
3170,1650520,4567,-22167,17600,0,6088,-29551,23462,0,0,0,0,1,0
3171,1651041,8958,-23208,14250,0,11942,-30940,18997,0,0,0,0,1,0
3172,1651562,13004,-23356,10352,0,17337,-31140,13802,0,0,0,0,1,0
3173,1652083,16549,-22607,6057,0,22066,-30143,8077,0,0,0,0,1,0
3174,1652604,19458,-20989,1531,0,25947,-27988,2041,0,0,0,0,1,0
3175,1653125,21619,-18565,-3054,0,28831,-24758,-4073,0,0,0,0,1,0
3176,1653645,22949,-15428,-7521,0,30607,-20576,-10031,0,0,0,0,1,0
3177,1654166,23397,-11698,-11698,0,31207,-15603,-15603,0,0,0,0,1,0
3178,1654687,22946,-7520,-15425,0,30607,-10031,-20576,0,0,0,0,1,0
3179,1655208,21613,-3053,-18559,0,28831,-4073,-24758,0,0,0,0,1,0
3180,1655729,19449,1530,-20979,0,25947,2041,-27988,0,0,0,0,1,0
3181,1656250,16539,6054,-22593,0,22066,8077,-30143,0,0,0,0,1,0
3182,1656770,12993,10344,-23338,0,17337,13802,-31140,0,0,0,0,1,0
3183,1657291,8949,14236,-23186,0,11942,18997,-30940,0,0,0,0,1,0
3184,1657812,4562,17581,-22143,0,6088,23462,-29551,0,0,0,0,1,0
3185,1658333,0,20250,-20250,0,0,27026,-27026,0,0,0,0,1,0
3186,1658854,-4561,22140,-17578,0,-6088,29551,-23462,0,0,0,0,1,0
3187,1659375,-8947,23178,-14232,0,-11942,30940,-18997,0,0,0,0,1,0
3188,1659895,-12987,23327,-10339,0,-17337,31140,-13802,0,0,0,0,1,0
3189,1660416,-16528,22578,-6050,0,-22066,30143,-8077,0,0,0,0,1,0
3190,1660937,-19434,20963,-1529,0,-25947,27988,-2041,0,0,0,0,1,0
3191,1661458,-21592,18542,3051,0,-28831,24758,4073,0,0,0,0,1,0
3192,1661979,-22920,15408,7512,0,-30607,20576,10031,0,0,0,0,1,0
3193,1662500,-23367,11684,11684,0,-31207,15603,15603,0,0,0,0,1,0
3194,1663020,-22917,7511,15406,0,-30607,10031,20576,0,0,0,0,1,0
3195,1663541,-21585,3050,18536,0,-28831,4073,24758,0,0,0,0,1,0
3196,1664062,-19425,-1528,20953,0,-25947,-2041,27988,0,0,0,0,1,0
3197,1664583,-16518,-6046,22564,0,-22066,-8077,30143,0,0,0,0,1,0
3198,1665104,-12977,-10331,23308,0,-17337,-13802,31140,0,0,0,0,1,0
3199,1665625,-8938,-14218,23157,0,-11942,-18997,30940,0,0,0,0,1,0
3200,1666145,-4556,-17559,22115,0,-6088,-23462,29551,0,0,0,0,1,0
3201,1666666,0,-20224,20224,0,0,-27026,27026,0,0,0,0,1,0
3202,1667187,4556,-22112,17556,0,6088,-29551,23462,0,0,0,0,1,0
3203,1667708,8935,-23149,14214,0,11942,-30940,18997,0,0,0,0,1,0
3204,1668229,12971,-23297,10326,0,17337,-31140,13802,0,0,0,0,1,0
3205,1668750,16508,-22550,6042,0,22066,-30143,8077,0,0,0,0,1,0
3206,1669270,19409,-20936,1527,0,25947,-27988,2041,0,0,0,0,1,0
3207,1669791,21565,-18518,-3047,0,28831,-24758,-4073,0,0,0,0,1,0
3208,1670312,22891,-15389,-7502,0,30607,-20576,-10031,0,0,0,0,1,0
3209,1670833,23338,-11669,-11669,0,31207,-15603,-15603,0,0,0,0,1,0
3210,1671354,22888,-7501,-15387,0,30607,-10031,-20576,0,0,0,0,1,0
3211,1671875,21558,-3046,-18512,0,28831,-4073,-24758,0,0,0,0,1,0
3212,1672395,19400,1526,-20926,0,25947,2041,-27988,0,0,0,0,1,0
3213,1672916,16497,6038,-22536,0,22066,8077,-30143,0,0,0,0,1,0
3214,1673437,12961,10318,-23279,0,17337,13802,-31140,0,0,0,0,1,0
3215,1673958,8927,14201,-23127,0,11942,18997,-30940,0,0,0,0,1,0
3216,1674479,4551,17537,-22087,0,6088,23462,-29551,0,0,0,0,1,0
3217,1675000,0,20199,-20199,0,0,27026,-27026,0,0,0,0,1,0
3218,1675520,-4550,22084,-17534,0,-6088,29551,-23462,0,0,0,0,1,0
3219,1676041,-8924,23120,-14196,0,-11942,30940,-18997,0,0,0,0,1,0
3220,1676562,-12955,23268,-10313,0,-17337,31140,-13802,0,0,0,0,1,0
3221,1677083,-16487,22522,-6035,0,-22066,30143,-8077,0,0,0,0,1,0
3222,1677604,-19385,20910,-1525,0,-25947,27988,-2041,0,0,0,0,1,0
3223,1678125,-21538,18495,3043,0,-28831,24758,4073,0,0,0,0,1,0
3224,1678645,-22863,15370,7493,0,-30607,20576,10031,0,0,0,0,1,0
3225,1679166,-23309,11654,11654,0,-31207,15603,15603,0,0,0,0,1,0
3226,1679687,-22859,7492,15367,0,-30607,10031,20576,0,0,0,0,1,0
3227,1680208,-21531,3042,18489,0,-28831,4073,24758,0,0,0,0,1,0
3228,1680729,-19376,-1524,20900,0,-25947,-2041,27988,0,0,0,0,1,0
3229,1681250,-16477,-6031,22507,0,-22066,-8077,30143,0,0,0,0,1,0
3230,1681770,-12945,-10305,23250,0,-17337,-13802,31140,0,0,0,0,1,0
3231,1682291,-8916,-14183,23098,0,-11942,-18997,30940,0,0,0,0,1,0
3232,1682812,-4545,-17515,22060,0,-6088,-23462,29551,0,0,0,0,1,0
3233,1683333,0,-20173,20173,0,0,-27026,27026,0,0,0,0,1,0
3234,1683854,4544,-22056,17512,0,6088,-29551,23462,0,0,0,0,1,0
3235,1684375,8913,-23091,14178,0,11942,-30940,18997,0,0,0,0,1,0
3236,1684895,12938,-23239,10300,0,17337,-31140,13802,0,0,0,0,1,0
3237,1685416,16466,-22493,6027,0,22066,-30143,8077,0,0,0,0,1,0
3238,1685937,19361,-20884,1523,0,25947,-27988,2041,0,0,0,0,1,0
3239,1686458,21511,-18472,-3039,0,28831,-24758,-4073,0,0,0,0,1,0
3240,1686979,22834,-15350,-7484,0,30607,-20576,-10031,0,0,0,0,1,0
3241,1687500,23280,-11640,-11640,0,31207,-15603,-15603,0,0,0,0,1,0
3242,1688020,22830,-7482,-15348,0,30607,-10031,-20576,0,0,0,0,1,0
3243,1688541,21504,-3038,-18466,0,28831,-4073,-24758,0,0,0,0,1,0
3244,1689062,19352,1522,-20874,0,25947,2041,-27988,0,0,0,0,1,0
3245,1689583,16456,6023,-22479,0,22066,8077,-30143,0,0,0,0,1,0
3246,1690104,12928,10292,-23221,0,17337,13802,-31140,0,0,0,0,1,0
3247,1690625,8905,14165,-23070,0,11942,18997,-30940,0,0,0,0,1,0
3248,1691145,4539,17493,-22032,0,6088,23462,-29551,0,0,0,0,1,0
3249,1691666,0,20148,-20148,0,0,27026,-27026,0,0,0,0,1,0
3250,1692187,-4538,22029,-17490,0,-6088,29551,-23462,0,0,0,0,1,0
3251,1692708,-8902,23062,-14161,0,-11942,30940,-18997,0,0,0,0,1,0
3252,1693229,-12922,23210,-10287,0,-17337,31140,-13802,0,0,0,0,1,0
3253,1693750,-16446,22465,-6020,0,-22066,30143,-8077,0,0,0,0,1,0
3254,1694270,-19337,20858,-1521,0,-25947,27988,-2041,0,0,0,0,1,0
3255,1694791,-21484,18449,3035,0,-28831,24758,4073,0,0,0,0,1,0
3256,1695312,-22806,15331,7474,0,-30607,20576,10031,0,0,0,0,1,0
3257,1695833,-23251,11625,11625,0,-31207,15603,15603,0,0,0,0,1,0
3258,1696354,-22802,7473,15329,0,-30607,10031,20576,0,0,0,0,1,0
3259,1696875,-21477,3034,18443,0,-28831,4073,24758,0,0,0,0,1,0
3260,1697395,-19328,-1520,20848,0,-25947,-2041,27988,0,0,0,0,1,0
3261,1697916,-16435,-6016,22451,0,-22066,-8077,30143,0,0,0,0,1,0
3262,1698437,-12912,-10279,23192,0,-17337,-13802,31140,0,0,0,0,1,0
3263,1698958,-8893,-14147,23041,0,-11942,-18997,30940,0,0,0,0,1,0
3264,1699479,-4533,-17471,22005,0,-6088,-23462,29551,0,0,0,0,1,0
3265,1700000,0,-20123,20123,0,0,-27026,27026,0,0,0,0,1,0
3266,1700520,4533,-22001,17468,0,6088,-29551,23462,0,0,0,0,1,0
3267,1701041,8891,-23034,14143,0,11942,-30940,18997,0,0,0,0,1,0
3268,1701562,12906,-23181,10275,0,17337,-31140,13802,0,0,0,0,1,0
3269,1702083,16425,-22437,6012,0,22066,-30143,8077,0,0,0,0,1,0
3270,1702604,19313,-20832,1519,0,25947,-27988,2041,0,0,0,0,1,0
3271,1703125,21457,-18426,-3031,0,28831,-24758,-4073,0,0,0,0,1,0
3272,1703645,22777,-15312,-7465,0,30607,-20576,-10031,0,0,0,0,1,0
3273,1704166,23222,-11611,-11611,0,31207,-15603,-15603,0,0,0,0,1,0
3274,1704687,22774,-7464,-15310,0,30607,-10031,-20576,0,0,0,0,1,0
3275,1705208,21451,-3031,-18420,0,28831,-4073,-24758,0,0,0,0,1,0
3276,1705729,19304,1518,-20822,0,25947,2041,-27988,0,0,0,0,1,0
3277,1706250,16415,6008,-22423,0,22066,8077,-30143,0,0,0,0,1,0
3278,1706770,12896,10267,-23163,0,17337,13802,-31140,0,0,0,0,1,0
3279,1707291,8882,14130,-23012,0,11942,18997,-30940,0,0,0,0,1,0
3280,1707812,4528,17449,-21977,0,6088,23462,-29551,0,0,0,0,1,0
3281,1708333,0,20098,-20098,0,0,27026,-27026,0,0,0,0,1,0
3282,1708854,-4527,21974,-17447,0,-6088,29551,-23462,0,0,0,0,1,0
3283,1709375,-8880,23005,-14125,0,-11942,30940,-18997,0,0,0,0,1,0
3284,1709895,-12890,23152,-10262,0,-17337,31140,-13802,0,0,0,0,1,0
3285,1710416,-16405,22409,-6005,0,-22066,30143,-8077,0,0,0,0,1,0
3286,1710937,-19289,20806,-1517,0,-25947,27988,-2041,0,0,0,0,1,0
3287,1711458,-21431,18403,3028,0,-28831,24758,4073,0,0,0,0,1,0
3288,1711979,-22749,15293,7456,0,-30607,20576,10031,0,0,0,0,1,0
3289,1712500,-23193,11596,11596,0,-31207,15603,15603,0,0,0,0,1,0
3290,1713020,-22745,7454,15291,0,-30607,10031,20576,0,0,0,0,1,0
3291,1713541,-21424,3027,18397,0,-28831,4073,24758,0,0,0,0,1,0
3292,1714062,-19280,-1517,20796,0,-25947,-2041,27988,0,0,0,0,1,0
3293,1714583,-16395,-6001,22396,0,-22066,-8077,30143,0,0,0,0,1,0
3294,1715104,-12880,-10254,23134,0,-17337,-13802,31140,0,0,0,0,1,0
3295,1715625,-8871,-14112,22984,0,-11942,-18997,30940,0,0,0,0,1,0
3296,1716145,-4522,-17428,21950,0,-6088,-23462,29551,0,0,0,0,1,0
3297,1716666,0,-20073,20073,0,0,-27026,27026,0,0,0,0,1,0
3298,1717187,4522,-21947,17425,0,6088,-29551,23462,0,0,0,0,1,0
3299,1717708,8869,-22977,14108,0,11942,-30940,18997,0,0,0,0,1,0
3300,1718229,12874,-23123,10249,0,17337,-31140,13802,0,0,0,0,1,0
3301,1718750,16385,-22382,5997,0,22066,-30143,8077,0,0,0,0,1,0
3302,1719270,19265,-20780,1515,0,25947,-27988,2041,0,0,0,0,1,0
3303,1719791,21404,-18380,-3024,0,28831,-24758,-4073,0,0,0,0,1,0
3304,1720312,22721,-15274,-7446,0,30607,-20576,-10031,0,0,0,0,1,0
3305,1720833,23164,-11582,-11582,0,31207,-15603,-15603,0,0,0,0,1,0
3306,1721354,22717,-7445,-15272,0,30607,-10031,-20576,0,0,0,0,1,0
3307,1721875,21397,-3023,-18374,0,28831,-4073,-24758,0,0,0,0,1,0
3308,1722395,19256,1515,-20770,0,25947,2041,-27988,0,0,0,0,1,0
3309,1722916,16374,5993,-22368,0,22066,8077,-30143,0,0,0,0,1,0
3310,1723437,12864,10241,-23106,0,17337,13802,-31140,0,0,0,0,1,0
3311,1723958,8860,14095,-22955,0,11942,18997,-30940,0,0,0,0,1,0
3312,1724479,4517,17406,-21923,0,6088,23462,-29551,0,0,0,0,1,0
3313,1725000,0,20048,-20048,0,0,27026,-27026,0,0,0,0,1,0
3314,1725520,-4516,21919,-17404,0,-6088,29551,-23462,0,0,0,0,1,0
3315,1726041,-8858,22948,-14090,0,-11942,30940,-18997,0,0,0,0,1,0
3316,1726562,-12858,23095,-10236,0,-17337,31140,-13802,0,0,0,0,1,0
3317,1727083,-16364,22354,-5990,0,-22066,30143,-8077,0,0,0,0,1,0
3318,1727604,-19241,20754,-1513,0,-25947,27988,-2041,0,0,0,0,1,0
3319,1728125,-21378,18357,3020,0,-28831,24758,4073,0,0,0,0,1,0
3320,1728645,-22693,15255,7437,0,-30607,20576,10031,0,0,0,0,1,0
3321,1729166,-23135,11568,11568,0,-31207,15603,15603,0,0,0,0,1,0
3322,1729687,-22689,7436,15253,0,-30607,10031,20576,0,0,0,0,1,0
3323,1730208,-21371,3019,18352,0,-28831,4073,24758,0,0,0,0,1,0
3324,1730729,-19232,-1513,20745,0,-25947,-2041,27988,0,0,0,0,1,0
3325,1731250,-16354,-5986,22340,0,-22066,-8077,30143,0,0,0,0,1,0
3326,1731770,-12848,-10229,23077,0,-17337,-13802,31140,0,0,0,0,1,0
3327,1732291,-8849,-14077,22927,0,-11942,-18997,30940,0,0,0,0,1,0
3328,1732812,-4511,-17385,21896,0,-6088,-23462,29551,0,0,0,0,1,0
3329,1733333,0,-20024,20024,0,0,-27026,27026,0,0,0,0,1,0
3330,1733854,4510,-21892,17382,0,6088,-29551,23462,0,0,0,0,1,0
3331,1734375,8847,-22920,14073,0,11942,-30940,18997,0,0,0,0,1,0
3332,1734895,12842,-23066,10224,0,17337,-31140,13802,0,0,0,0,1,0
3333,1735416,16344,-22326,5982,0,22066,-30143,8077,0,0,0,0,1,0
3334,1735937,19217,-20729,1512,0,25947,-27988,2041,0,0,0,0,1,0
3335,1736458,21351,-18335,-3017,0,28831,-24758,-4073,0,0,0,0,1,0
3336,1736979,22665,-15237,-7428,0,30607,-20576,-10031,0,0,0,0,1,0
3337,1737500,23107,-11553,-11553,0,31207,-15603,-15603,0,0,0,0,1,0
3338,1738020,22661,-7427,-15234,0,30607,-10031,-20576,0,0,0,0,1,0
3339,1738541,21345,-3016,-18329,0,28831,-4073,-24758,0,0,0,0,1,0
3340,1739062,19208,1511,-20719,0,25947,2041,-27988,0,0,0,0,1,0
3341,1739583,16334,5979,-22313,0,22066,8077,-30143,0,0,0,0,1,0
3342,1740104,12833,10216,-23049,0,17337,13802,-31140,0,0,0,0,1,0
3343,1740625,8839,14060,-22899,0,11942,18997,-30940,0,0,0,0,1,0
3344,1741145,4506,17363,-21869,0,6088,23462,-29551,0,0,0,0,1,0
3345,1741666,0,19999,-19999,0,0,27026,-27026,0,0,0,0,1,0
3346,1742187,-4505,21866,-17361,0,-6088,29551,-23462,0,0,0,0,1,0
3347,1742708,-8836,22892,-14056,0,-11942,30940,-18997,0,0,0,0,1,0
3348,1743229,-12827,23038,-10211,0,-17337,31140,-13802,0,0,0,0,1,0
3349,1743750,-16324,22299,-5975,0,-22066,30143,-8077,0,0,0,0,1,0
3350,1744270,-19194,20703,-1510,0,-25947,27988,-2041,0,0,0,0,1,0
3351,1744791,-21325,18312,3013,0,-28831,24758,4073,0,0,0,0,1,0
3352,1745312,-22637,15218,7419,0,-30607,20576,10031,0,0,0,0,1,0
3353,1745833,-23079,11539,11539,0,-31207,15603,15603,0,0,0,0,1,0
3354,1746354,-22633,7418,15216,0,-30607,10031,20576,0,0,0,0,1,0
3355,1746875,-21319,3012,18307,0,-28831,4073,24758,0,0,0,0,1,0
3356,1747395,-19185,-1509,20694,0,-25947,-2041,27988,0,0,0,0,1,0
3357,1747916,-16314,-5971,22285,0,-22066,-8077,30143,0,0,0,0,1,0
3358,1748437,-12817,-10203,23020,0,-17337,-13802,31140,0,0,0,0,1,0
3359,1748958,-8828,-14043,22871,0,-11942,-18997,30940,0,0,0,0,1,0
3360,1749479,-4500,-17342,21842,0,-6088,-23462,29551,0,0,0,0,1,0
3361,1750000,0,-19974,19974,0,0,-27026,27026,0,0,0,0,1,0
3362,1750520,4499,-21839,17339,0,6088,-29551,23462,0,0,0,0,1,0
3363,1751041,8825,-22864,14039,0,11942,-30940,18997,0,0,0,0,1,0
3364,1751562,12811,-23010,10199,0,17337,-31140,13802,0,0,0,0,1,0
3365,1752083,16304,-22272,5968,0,22066,-30143,8077,0,0,0,0,1,0
3366,1752604,19170,-20678,1508,0,25947,-27988,2041,0,0,0,0,1,0
3367,1753125,21299,-18290,-3009,0,28831,-24758,-4073,0,0,0,0,1,0
3368,1753645,22609,-15199,-7410,0,30607,-20576,-10031,0,0,0,0,1,0
3369,1754166,23050,-11525,-11525,0,31207,-15603,-15603,0,0,0,0,1,0
3370,1754687,22606,-7409,-15197,0,30607,-10031,-20576,0,0,0,0,1,0
3371,1755208,21292,-3008,-18284,0,28831,-4073,-24758,0,0,0,0,1,0
3372,1755729,19161,1507,-20668,0,25947,2041,-27988,0,0,0,0,1,0
3373,1756250,16294,5964,-22258,0,22066,8077,-30143,0,0,0,0,1,0
3374,1756770,12801,10191,-22992,0,17337,13802,-31140,0,0,0,0,1,0
3375,1757291,8817,14026,-22843,0,11942,18997,-30940,0,0,0,0,1,0
3376,1757812,4494,17321,-21815,0,6088,23462,-29551,0,0,0,0,1,0
3377,1758333,0,19950,-19950,0,0,27026,-27026,0,0,0,0,1,0
3378,1758854,-4494,21812,-17318,0,-6088,29551,-23462,0,0,0,0,1,0
3379,1759375,-8814,22836,-14021,0,-11942,30940,-18997,0,0,0,0,1,0
3380,1759895,-12795,22982,-10186,0,-17337,31140,-13802,0,0,0,0,1,0
3381,1760416,-16284,22244,-5960,0,-22066,30143,-8077,0,0,0,0,1,0
3382,1760937,-19147,20653,-1506,0,-25947,27988,-2041,0,0,0,0,1,0
3383,1761458,-21273,18267,3005,0,-28831,24758,4073,0,0,0,0,1,0
3384,1761979,-22581,15181,7401,0,-30607,20576,10031,0,0,0,0,1,0
3385,1762500,-23022,11511,11511,0,-31207,15603,15603,0,0,0,0,1,0
3386,1763020,-22578,7400,15178,0,-30607,10031,20576,0,0,0,0,1,0
3387,1763541,-21266,3005,18262,0,-28831,4073,24758,0,0,0,0,1,0
3388,1764062,-19138,-1505,20643,0,-25947,-2041,27988,0,0,0,0,1,0
3389,1764583,-16274,-5957,22231,0,-22066,-8077,30143,0,0,0,0,1,0
3390,1765104,-12786,-10179,22964,0,-17337,-13802,31140,0,0,0,0,1,0
3391,1765625,-8806,-14009,22815,0,-11942,-18997,30940,0,0,0,0,1,0
3392,1766145,-4489,-17300,21789,0,-6088,-23462,29551,0,0,0,0,1,0
3393,1766666,0,-19926,19926,0,0,-27026,27026,0,0,0,0,1,0
3394,1767187,4488,-21785,17297,0,6088,-29551,23462,0,0,0,0,1,0
3395,1767708,8803,-22808,14004,0,11942,-30940,18997,0,0,0,0,1,0
3396,1768229,12780,-22954,10174,0,17337,-31140,13802,0,0,0,0,1,0
3397,1768750,16264,-22217,5953,0,22066,-30143,8077,0,0,0,0,1,0
3398,1769270,19123,-20627,1504,0,25947,-27988,2041,0,0,0,0,1,0
3399,1769791,21247,-18245,-3002,0,28831,-24758,-4073,0,0,0,0,1,0
3400,1770312,22554,-15162,-7392,0,30607,-20576,-10031,0,0,0,0,1,0
3401,1770833,22994,-11497,-11497,0,31207,-15603,-15603,0,0,0,0,1,0
3402,1771354,22551,-7391,-15160,0,30607,-10031,-20576,0,0,0,0,1,0
3403,1771875,21241,-3001,-18240,0,28831,-4073,-24758,0,0,0,0,1,0
3404,1772395,19115,1504,-20618,0,25947,2041,-27988,0,0,0,0,1,0
3405,1772916,16254,5949,-22204,0,22066,8077,-30143,0,0,0,0,1,0
3406,1773437,12770,10166,-22936,0,17337,13802,-31140,0,0,0,0,1,0
3407,1773958,8795,13992,-22787,0,11942,18997,-30940,0,0,0,0,1,0
3408,1774479,4484,17279,-21762,0,6088,23462,-29551,0,0,0,0,1,0
3409,1775000,0,19901,-19901,0,0,27026,-27026,0,0,0,0,1,0
3410,1775520,-4483,21759,-17276,0,-6088,29551,-23462,0,0,0,0,1,0
3411,1776041,-8793,22780,-13987,0,-11942,30940,-18997,0,0,0,0,1,0
3412,1776562,-12764,22926,-10162,0,-17337,31140,-13802,0,0,0,0,1,0
3413,1777083,-16244,22190,-5946,0,-22066,30143,-8077,0,0,0,0,1,0
3414,1777604,-19100,20602,-1502,0,-25947,27988,-2041,0,0,0,0,1,0
3415,1778125,-21221,18223,2998,0,-28831,24758,4073,0,0,0,0,1,0
3416,1778645,-22527,15144,7383,0,-30607,20576,10031,0,0,0,0,1,0
3417,1779166,-22966,11483,11483,0,-31207,15603,15603,0,0,0,0,1,0
3418,1779687,-22523,7382,15141,0,-30607,10031,20576,0,0,0,0,1,0
3419,1780208,-21215,2997,18217,0,-28831,4073,24758,0,0,0,0,1,0
3420,1780729,-19091,-1502,20593,0,-25947,-2041,27988,0,0,0,0,1,0
3421,1781250,-16235,-5942,22177,0,-22066,-8077,30143,0,0,0,0,1,0
3422,1781770,-12754,-10154,22908,0,-17337,-13802,31140,0,0,0,0,1,0
3423,1782291,-8785,-13975,22759,0,-11942,-18997,30940,0,0,0,0,1,0
3424,1782812,-4478,-17258,21736,0,-6088,-23462,29551,0,0,0,0,1,0
3425,1783333,0,-19877,19877,0,0,-27026,27026,0,0,0,0,1,0
3426,1783854,4477,-21732,17255,0,6088,-29551,23462,0,0,0,0,1,0
3427,1784375,8782,-22752,13970,0,11942,-30940,18997,0,0,0,0,1,0
3428,1784895,12749,-22898,10149,0,17337,-31140,13802,0,0,0,0,1,0
3429,1785416,16225,-22163,5939,0,22066,-30143,8077,0,0,0,0,1,0
3430,1785937,19077,-20577,1501,0,25947,-27988,2041,0,0,0,0,1,0
3431,1786458,21195,-18201,-2995,0,28831,-24758,-4073,0,0,0,0,1,0
3432,1786979,22499,-15125,-7374,0,30607,-20576,-10031,0,0,0,0,1,0
3433,1787500,22938,-11469,-11469,0,31207,-15603,-15603,0,0,0,0,1,0
3434,1788020,22496,-7373,-15123,0,30607,-10031,-20576,0,0,0,0,1,0
3435,1788541,21189,-2994,-18195,0,28831,-4073,-24758,0,0,0,0,1,0
3436,1789062,19068,1500,-20568,0,25947,2041,-27988,0,0,0,0,1,0
3437,1789583,16215,5935,-22150,0,22066,8077,-30143,0,0,0,0,1,0
3438,1790104,12739,10142,-22881,0,17337,13802,-31140,0,0,0,0,1,0
3439,1790625,8774,13958,-22732,0,11942,18997,-30940,0,0,0,0,1,0
3440,1791145,4473,17237,-21709,0,6088,23462,-29551,0,0,0,0,1,0
3441,1791666,0,19853,-19853,0,0,27026,-27026,0,0,0,0,1,0
3442,1792187,-4472,21706,-17234,0,-6088,29551,-23462,0,0,0,0,1,0
3443,1792708,-8771,22725,-13953,0,-11942,30940,-18997,0,0,0,0,1,0
3444,1793229,-12733,22870,-10137,0,-17337,31140,-13802,0,0,0,0,1,0
3445,1793750,-16205,22137,-5931,0,-22066,30143,-8077,0,0,0,0,1,0
3446,1794270,-19054,20553,-1499,0,-25947,27988,-2041,0,0,0,0,1,0
3447,1794791,-21170,18179,2991,0,-28831,24758,4073,0,0,0,0,1,0
3448,1795312,-22472,15107,7365,0,-30607,20576,10031,0,0,0,0,1,0
3449,1795833,-22911,11455,11455,0,-31207,15603,15603,0,0,0,0,1,0
3450,1796354,-22469,7364,15105,0,-30607,10031,20576,0,0,0,0,1,0
3451,1796875,-21163,2990,18173,0,-28831,4073,24758,0,0,0,0,1,0
3452,1797395,-19045,-1498,20543,0,-25947,-2041,27988,0,0,0,0,1,0
3453,1797916,-16195,-5928,22123,0,-22066,-8077,30143,0,0,0,0,1,0
3454,1798437,-12724,-10129,22853,0,-17337,-13802,31140,0,0,0,0,1,0
3455,1798958,-8764,-13941,22704,0,-11942,-18997,30940,0,0,0,0,1,0
3456,1799479,-4467,-17216,21683,0,-6088,-23462,29551,0,0,0,0,1,0
3457,1800000,0,-19829,19829,0,0,-27026,27026,0,0,0,0,1,0
3458,1800520,4467,-21680,17213,0,6088,-29551,23462,0,0,0,0,1,0
3459,1801041,8761,-22697,13937,0,11942,-30940,18997,0,0,0,0,1,0
3460,1801562,12718,-22843,10125,0,17337,-31140,13802,0,0,0,0,1,0
3461,1802083,16186,-22110,5924,0,22066,-30143,8077,0,0,0,0,1,0
3462,1802604,19031,-20528,1497,0,25947,-27988,2041,0,0,0,0,1,0
3463,1803125,21144,-18157,-2987,0,28831,-24758,-4073,0,0,0,0,1,0
3464,1803645,22445,-15089,-7356,0,30607,-20576,-10031,0,0,0,0,1,0
3465,1804166,22883,-11441,-11441,0,31207,-15603,-15603,0,0,0,0,1,0
3466,1804687,22442,-7355,-15087,0,30607,-10031,-20576,0,0,0,0,1,0
3467,1805208,21138,-2986,-18152,0,28831,-4073,-24758,0,0,0,0,1,0
3468,1805729,19022,1496,-20518,0,25947,2041,-27988,0,0,0,0,1,0
3469,1806250,16176,5921,-22097,0,22066,8077,-30143,0,0,0,0,1,0
3470,1806770,12708,10117,-22825,0,17337,13802,-31140,0,0,0,0,1,0
3471,1807291,8753,13924,-22677,0,11942,18997,-30940,0,0,0,0,1,0
3472,1807812,4462,17195,-21657,0,6088,23462,-29551,0,0,0,0,1,0
3473,1808333,0,19805,-19805,0,0,27026,-27026,0,0,0,0,1,0
3474,1808854,-4461,21654,-17193,0,-6088,29551,-23462,0,0,0,0,1,0
3475,1809375,-8750,22670,-13920,0,-11942,30940,-18997,0,0,0,0,1,0
3476,1809895,-12703,22815,-10112,0,-17337,31140,-13802,0,0,0,0,1,0
3477,1810416,-16166,22083,-5917,0,-22066,30143,-8077,0,0,0,0,1,0
3478,1810937,-19008,20503,-1495,0,-25947,27988,-2041,0,0,0,0,1,0
3479,1811458,-21119,18135,2984,0,-28831,24758,4073,0,0,0,0,1,0
3480,1811979,-22418,15071,7347,0,-30607,20576,10031,0,0,0,0,1,0
3481,1812500,-22855,11428,11428,0,-31207,15603,15603,0,0,0,0,1,0
3482,1813020,-22415,7346,15068,0,-30607,10031,20576,0,0,0,0,1,0
3483,1813541,-21112,2983,18130,0,-28831,4073,24758,0,0,0,0,1,0
3484,1814062,-18999,-1494,20494,0,-25947,-2041,27988,0,0,0,0,1,0
3485,1814583,-16156,-5914,22070,0,-22066,-8077,30143,0,0,0,0,1,0
3486,1815104,-12693,-10105,22798,0,-17337,-13802,31140,0,0,0,0,1,0
3487,1815625,-8742,-13907,22650,0,-11942,-18997,30940,0,0,0,0,1,0
3488,1816145,-4457,-17175,21631,0,-6088,-23462,29551,0,0,0,0,1,0
3489,1816666,0,-19781,19781,0,0,-27026,27026,0,0,0,0,1,0
3490,1817187,4456,-21628,17172,0,6088,-29551,23462,0,0,0,0,1,0
3491,1817708,8740,-22643,13903,0,11942,-30940,18997,0,0,0,0,1,0
3492,1818229,12687,-22788,10100,0,17337,-31140,13802,0,0,0,0,1,0
3493,1818750,16147,-22057,5910,0,22066,-30143,8077,0,0,0,0,1,0
3494,1819270,18985,-20478,1493,0,25947,-27988,2041,0,0,0,0,1,0
3495,1819791,21093,-18113,-2980,0,28831,-24758,-4073,0,0,0,0,1,0
3496,1820312,22391,-15053,-7338,0,30607,-20576,-10031,0,0,0,0,1,0
3497,1820833,22828,-11414,-11414,0,31207,-15603,-15603,0,0,0,0,1,0
3498,1821354,22388,-7337,-15050,0,30607,-10031,-20576,0,0,0,0,1,0
3499,1821875,21087,-2979,-18108,0,28831,-4073,-24758,0,0,0,0,1,0
3500,1822395,18977,1493,-20469,0,25947,2041,-27988,0,0,0,0,1,0
3501,1822916,16137,5907,-22044,0,22066,8077,-30143,0,0,0,0,1,0
3502,1823437,12678,10093,-22771,0,17337,13802,-31140,0,0,0,0,1,0
3503,1823958,8732,13891,-22623,0,11942,18997,-30940,0,0,0,0,1,0
3504,1824479,4451,17154,-21605,0,6088,23462,-29551,0,0,0,0,1,0
3505,1825000,0,19758,-19758,0,0,27026,-27026,0,0,0,0,1,0
3506,1825520,-4451,21602,-17151,0,-6088,29551,-23462,0,0,0,0,1,0
3507,1826041,-8729,22616,-13886,0,-11942,30940,-18997,0,0,0,0,1,0
3508,1826562,-12672,22760,-10088,0,-17337,31140,-13802,0,0,0,0,1,0
3509,1827083,-16127,22030,-5903,0,-22066,30143,-8077,0,0,0,0,1,0
3510,1827604,-18962,20454,-1492,0,-25947,27988,-2041,0,0,0,0,1,0
3511,1828125,-21068,18092,2977,0,-28831,24758,4073,0,0,0,0,1,0
3512,1828645,-22364,15035,7330,0,-30607,20576,10031,0,0,0,0,1,0
3513,1829166,-22801,11400,11400,0,-31207,15603,15603,0,0,0,0,1,0
3514,1829687,-22361,7328,15032,0,-30607,10031,20576,0,0,0,0,1,0
3515,1830208,-21062,2976,18086,0,-28831,4073,24758,0,0,0,0,1,0
3516,1830729,-18954,-1491,20445,0,-25947,-2041,27988,0,0,0,0,1,0
3517,1831250,-16118,-5899,22017,0,-22066,-8077,30143,0,0,0,0,1,0
3518,1831770,-12663,-10081,22743,0,-17337,-13802,31140,0,0,0,0,1,0
3519,1832291,-8722,-13874,22596,0,-11942,-18997,30940,0,0,0,0,1,0
3520,1832812,-4446,-17134,21579,0,-6088,-23462,29551,0,0,0,0,1,0
3521,1833333,0,-19734,19734,0,0,-27026,27026,0,0,0,0,1,0
3522,1833854,4445,-21576,17131,0,6088,-29551,23462,0,0,0,0,1,0
3523,1834375,8719,-22589,13870,0,11942,-30940,18997,0,0,0,0,1,0
3524,1834895,12657,-22733,10076,0,17337,-31140,13802,0,0,0,0,1,0
3525,1835416,16108,-22004,5896,0,22066,-30143,8077,0,0,0,0,1,0
3526,1835937,18940,-20429,1490,0,25947,-27988,2041,0,0,0,0,1,0
3527,1836458,21043,-18070,-2973,0,28831,-24758,-4073,0,0,0,0,1,0
3528,1836979,22338,-15017,-7321,0,30607,-20576,-10031,0,0,0,0,1,0
3529,1837500,22773,-11387,-11387,0,31207,-15603,-15603,0,0,0,0,1,0
3530,1838020,22334,-7320,-15014,0,30607,-10031,-20576,0,0,0,0,1,0
3531,1838541,21037,-2972,-18065,0,28831,-4073,-24758,0,0,0,0,1,0
3532,1839062,18931,1489,-20420,0,25947,2041,-27988,0,0,0,0,1,0
3533,1839583,16098,5892,-21991,0,22066,8077,-30143,0,0,0,0,1,0
3534,1840104,12648,10069,-22716,0,17337,13802,-31140,0,0,0,0,1,0
3535,1840625,8711,13857,-22569,0,11942,18997,-30940,0,0,0,0,1,0
3536,1841145,4441,17113,-21554,0,6088,23462,-29551,0,0,0,0,1,0
3537,1841666,0,19711,-19711,0,0,27026,-27026,0,0,0,0,1,0
3538,1842187,-4440,21550,-17111,0,-6088,29551,-23462,0,0,0,0,1,0
3539,1842708,-8709,22562,-13853,0,-11942,30940,-18997,0,0,0,0,1,0
3540,1843229,-12642,22706,-10064,0,-17337,31140,-13802,0,0,0,0,1,0
3541,1843750,-16089,21978,-5889,0,-22066,30143,-8077,0,0,0,0,1,0
3542,1844270,-18917,20405,-1488,0,-25947,27988,-2041,0,0,0,0,1,0
3543,1844791,-21018,18049,2969,0,-28831,24758,4073,0,0,0,0,1,0
3544,1845312,-22311,14999,7312,0,-30607,20576,10031,0,0,0,0,1,0
3545,1845833,-22746,11373,11373,0,-31207,15603,15603,0,0,0,0,1,0
3546,1846354,-22308,7311,14997,0,-30607,10031,20576,0,0,0,0,1,0
3547,1846875,-21012,2969,18043,0,-28831,4073,24758,0,0,0,0,1,0
3548,1847395,-18909,-1487,20396,0,-25947,-2041,27988,0,0,0,0,1,0
3549,1847916,-16079,-5885,21965,0,-22066,-8077,30143,0,0,0,0,1,0
3550,1848437,-12633,-10057,22689,0,-17337,-13802,31140,0,0,0,0,1,0
3551,1848958,-8701,-13841,22542,0,-11942,-18997,30940,0,0,0,0,1,0
3552,1849479,-4435,-17093,21528,0,-6088,-23462,29551,0,0,0,0,1,0
3553,1850000,0,-19687,19687,0,0,-27026,27026,0,0,0,0,1,0
3554,1850520,4435,-21525,17090,0,6088,-29551,23462,0,0,0,0,1,0
3555,1851041,8698,-22535,13837,0,11942,-30940,18997,0,0,0,0,1,0
3556,1851562,12627,-22679,10052,0,17337,-31140,13802,0,0,0,0,1,0
3557,1852083,16070,-21952,5882,0,22066,-30143,8077,0,0,0,0,1,0
3558,1852604,18895,-20381,1486,0,25947,-27988,2041,0,0,0,0,1,0
3559,1853125,20993,-18027,-2966,0,28831,-24758,-4073,0,0,0,0,1,0
3560,1853645,22285,-14981,-7303,0,30607,-20576,-10031,0,0,0,0,1,0
3561,1854166,22719,-11360,-11360,0,31207,-15603,-15603,0,0,0,0,1,0
3562,1854687,22281,-7302,-14979,0,30607,-10031,-20576,0,0,0,0,1,0
3563,1855208,20987,-2965,-18022,0,28831,-4073,-24758,0,0,0,0,1,0
3564,1855729,18886,1486,-20372,0,25947,2041,-27988,0,0,0,0,1,0
3565,1856250,16060,5878,-21939,0,22066,8077,-30143,0,0,0,0,1,0
3566,1856770,12618,10045,-22662,0,17337,13802,-31140,0,0,0,0,1,0
3567,1857291,8690,13825,-22515,0,11942,18997,-30940,0,0,0,0,1,0
3568,1857812,4430,17073,-21503,0,6088,23462,-29551,0,0,0,0,1,0
3569,1858333,0,19664,-19664,0,0,27026,-27026,0,0,0,0,1,0
3570,1858854,-4429,21499,-17070,0,-6088,29551,-23462,0,0,0,0,1,0
3571,1859375,-8688,22508,-13820,0,-11942,30940,-18997,0,0,0,0,1,0
3572,1859895,-12612,22652,-10040,0,-17337,31140,-13802,0,0,0,0,1,0
3573,1860416,-16051,21926,-5875,0,-22066,30143,-8077,0,0,0,0,1,0
3574,1860937,-18872,20357,-1484,0,-25947,27988,-2041,0,0,0,0,1,0
3575,1861458,-20968,18006,2962,0,-28831,24758,4073,0,0,0,0,1,0
3576,1861979,-22258,14963,7295,0,-30607,20576,10031,0,0,0,0,1,0
3577,1862500,-22693,11346,11346,0,-31207,15603,15603,0,0,0,0,1,0
3578,1863020,-22255,7294,14961,0,-30607,10031,20576,0,0,0,0,1,0
3579,1863541,-20962,2962,18001,0,-28831,4073,24758,0,0,0,0,1,0
3580,1864062,-18864,-1484,20348,0,-25947,-2041,27988,0,0,0,0,1,0
3581,1864583,-16041,-5872,21913,0,-22066,-8077,30143,0,0,0,0,1,0
3582,1865104,-12603,-10033,22636,0,-17337,-13802,31140,0,0,0,0,1,0
3583,1865625,-8680,-13808,22488,0,-11942,-18997,30940,0,0,0,0,1,0
3584,1866145,-4425,-17052,21477,0,-6088,-23462,29551,0,0,0,0,1,0
3585,1866666,0,-19641,19641,0,0,-27026,27026,0,0,0,0,1,0
3586,1867187,4424,-21474,17050,0,6088,-29551,23462,0,0,0,0,1,0
3587,1867708,8678,-22482,13804,0,11942,-30940,18997,0,0,0,0,1,0
3588,1868229,12597,-22626,10028,0,17337,-31140,13802,0,0,0,0,1,0
3589,1868750,16032,-21900,5868,0,22066,-30143,8077,0,0,0,0,1,0
3590,1869270,18850,-20333,1483,0,25947,-27988,2041,0,0,0,0,1,0
3591,1869791,20944,-17985,-2959,0,28831,-24758,-4073,0,0,0,0,1,0
3592,1870312,22232,-14946,-7286,0,30607,-20576,-10031,0,0,0,0,1,0
3593,1870833,22666,-11333,-11333,0,31207,-15603,-15603,0,0,0,0,1,0
3594,1871354,22229,-7285,-14943,0,30607,-10031,-20576,0,0,0,0,1,0
3595,1871875,20937,-2958,-17979,0,28831,-4073,-24758,0,0,0,0,1,0
3596,1872395,18842,1482,-20324,0,25947,2041,-27988,0,0,0,0,1,0
3597,1872916,16022,5865,-21887,0,22066,8077,-30143,0,0,0,0,1,0
3598,1873437,12588,10021,-22609,0,17337,13802,-31140,0,0,0,0,1,0
3599,1873958,8670,13792,-22462,0,11942,18997,-30940,0,0,0,0,1,0
3600,1874479,4420,17032,-21452,0,6088,23462,-29551,0,0,0,0,1,0
3601,1875000,0,19618,-19618,0,0,27026,-27026,0,0,0,0,1,0
3602,1875520,-4419,21449,-17030,0,-6088,29551,-23462,0,0,0,0,1,0
3603,1876041,-8667,22455,-13788,0,-11942,30940,-18997,0,0,0,0,1,0
3604,1876562,-12582,22599,-10017,0,-17337,31140,-13802,0,0,0,0,1,0
3605,1877083,-16013,21874,-5861,0,-22066,30143,-8077,0,0,0,0,1,0
3606,1877604,-18828,20309,-1481,0,-25947,27988,-2041,0,0,0,0,1,0
3607,1878125,-20919,17963,2955,0,-28831,24758,4073,0,0,0,0,1,0
3608,1878645,-22206,14928,7278,0,-30607,20576,10031,0,0,0,0,1,0
3609,1879166,-22639,11320,11320,0,-31207,15603,15603,0,0,0,0,1,0
3610,1879687,-22202,7277,14926,0,-30607,10031,20576,0,0,0,0,1,0
3611,1880208,-20913,2955,17958,0,-28831,4073,24758,0,0,0,0,1,0
3612,1880729,-18820,-1480,20300,0,-25947,-2041,27988,0,0,0,0,1,0
3613,1881250,-16004,-5858,21861,0,-22066,-8077,30143,0,0,0,0,1,0
3614,1881770,-12573,-10009,22582,0,-17337,-13802,31140,0,0,0,0,1,0
3615,1882291,-8660,-13776,22435,0,-11942,-18997,30940,0,0,0,0,1,0
3616,1882812,-4414,-17012,21427,0,-6088,-23462,29551,0,0,0,0,1,0
3617,1883333,0,-19594,19594,0,0,-27026,27026,0,0,0,0,1,0
3618,1883854,4414,-21423,17010,0,6088,-29551,23462,0,0,0,0,1,0
3619,1884375,8657,-22429,13772,0,11942,-30940,18997,0,0,0,0,1,0
3620,1884895,12567,-22572,10005,0,17337,-31140,13802,0,0,0,0,1,0
3621,1885416,15994,-21848,5854,0,22066,-30143,8077,0,0,0,0,1,0
3622,1885937,18806,-20285,1479,0,25947,-27988,2041,0,0,0,0,1,0
3623,1886458,20894,-17942,-2952,0,28831,-24758,-4073,0,0,0,0,1,0
3624,1886979,22180,-14911,-7269,0,30607,-20576,-10031,0,0,0,0,1,0
3625,1887500,22612,-11306,-11306,0,31207,-15603,-15603,0,0,0,0,1,0
3626,1888020,22176,-7268,-14908,0,30607,-10031,-20576,0,0,0,0,1,0
3627,1888541,20888,-2951,-17937,0,28831,-4073,-24758,0,0,0,0,1,0
3628,1889062,18797,1479,-20276,0,25947,2041,-27988,0,0,0,0,1,0
3629,1889583,15985,5851,-21836,0,22066,8077,-30143,0,0,0,0,1,0
3630,1890104,12558,9998,-22556,0,17337,13802,-31140,0,0,0,0,1,0
3631,1890625,8650,13760,-22409,0,11942,18997,-30940,0,0,0,0,1,0
3632,1891145,4409,16992,-21401,0,6088,23462,-29551,0,0,0,0,1,0
3633,1891666,0,19572,-19572,0,0,27026,-27026,0,0,0,0,1,0
3634,1892187,-4409,21398,-16990,0,-6088,29551,-23462,0,0,0,0,1,0
3635,1892708,-8647,22403,-13756,0,-11942,30940,-18997,0,0,0,0,1,0
3636,1893229,-12553,22546,-9993,0,-17337,31140,-13802,0,0,0,0,1,0
3637,1893750,-15975,21823,-5847,0,-22066,30143,-8077,0,0,0,0,1,0
3638,1894270,-18784,20261,-1478,0,-25947,27988,-2041,0,0,0,0,1,0
3639,1894791,-20870,17921,2948,0,-28831,24758,4073,0,0,0,0,1,0
3640,1895312,-22154,14893,7261,0,-30607,20576,10031,0,0,0,0,1,0
3641,1895833,-22586,11293,11293,0,-31207,15603,15603,0,0,0,0,1,0
3642,1896354,-22150,7260,14891,0,-30607,10031,20576,0,0,0,0,1,0
3643,1896875,-20864,2948,17916,0,-28831,4073,24758,0,0,0,0,1,0
3644,1897395,-18775,-1477,20252,0,-25947,-2041,27988,0,0,0,0,1,0
3645,1897916,-15966,-5844,21810,0,-22066,-8077,30143,0,0,0,0,1,0
3646,1898437,-12544,-9986,22529,0,-17337,-13802,31140,0,0,0,0,1,0
3647,1898958,-8640,-13743,22383,0,-11942,-18997,30940,0,0,0,0,1,0
3648,1899479,-4404,-16972,21376,0,-6088,-23462,29551,0,0,0,0,1,0
3649,1900000,0,-19549,19549,0,0,-27026,27026,0,0,0,0,1,0
3650,1900520,4403,-21373,16970,0,6088,-29551,23462,0,0,0,0,1,0
3651,1901041,8637,-22376,13739,0,11942,-30940,18997,0,0,0,0,1,0
3652,1901562,12538,-22520,9982,0,17337,-31140,13802,0,0,0,0,1,0
3653,1902083,15957,-21797,5841,0,22066,-30143,8077,0,0,0,0,1,0
3654,1902604,18762,-20238,1476,0,25947,-27988,2041,0,0,0,0,1,0
3655,1903125,20845,-17900,-2945,0,28831,-24758,-4073,0,0,0,0,1,0
3656,1903645,22128,-14876,-7252,0,30607,-20576,-10031,0,0,0,0,1,0
3657,1904166,22560,-11280,-11280,0,31207,-15603,-15603,0,0,0,0,1,0
3658,1904687,22125,-7251,-14874,0,30607,-10031,-20576,0,0,0,0,1,0
3659,1905208,20839,-2944,-17895,0,28831,-4073,-24758,0,0,0,0,1,0
3660,1905729,18754,1475,-20229,0,25947,2041,-27988,0,0,0,0,1,0
3661,1906250,15947,5837,-21785,0,22066,8077,-30143,0,0,0,0,1,0
3662,1906770,12529,9974,-22503,0,17337,13802,-31140,0,0,0,0,1,0
3663,1907291,8629,13727,-22357,0,11942,18997,-30940,0,0,0,0,1,0
3664,1907812,4399,16953,-21352,0,6088,23462,-29551,0,0,0,0,1,0
3665,1908333,0,19526,-19526,0,0,27026,-27026,0,0,0,0,1,0
3666,1908854,-4398,21348,-16950,0,-6088,29551,-23462,0,0,0,0,1,0
3667,1909375,-8627,22350,-13723,0,-11942,30940,-18997,0,0,0,0,1,0
3668,1909895,-12523,22493,-9970,0,-17337,31140,-13802,0,0,0,0,1,0
3669,1910416,-15938,21772,-5834,0,-22066,30143,-8077,0,0,0,0,1,0
3670,1910937,-18740,20214,-1474,0,-25947,27988,-2041,0,0,0,0,1,0
3671,1911458,-20821,17880,2942,0,-28831,24758,4073,0,0,0,0,1,0
3672,1911979,-22102,14858,7244,0,-30607,20576,10031,0,0,0,0,1,0
3673,1912500,-22533,11267,11267,0,-31207,15603,15603,0,0,0,0,1,0
3674,1913020,-22099,7243,14856,0,-30607,10031,20576,0,0,0,0,1,0
3675,1913541,-20815,2941,17874,0,-28831,4073,24758,0,0,0,0,1,0
3676,1914062,-18732,-1473,20205,0,-25947,-2041,27988,0,0,0,0,1,0
3677,1914583,-15929,-5830,21759,0,-22066,-8077,30143,0,0,0,0,1,0
3678,1915104,-12514,-9963,22477,0,-17337,-13802,31140,0,0,0,0,1,0
3679,1915625,-8619,-13711,22331,0,-11942,-18997,30940,0,0,0,0,1,0
3680,1916145,-4394,-16933,21327,0,-6088,-23462,29551,0,0,0,0,1,0
3681,1916666,0,-19503,19503,0,0,-27026,27026,0,0,0,0,1,0
3682,1917187,4393,-21324,16930,0,6088,-29551,23462,0,0,0,0,1,0
3683,1917708,8617,-22324,13707,0,11942,-30940,18997,0,0,0,0,1,0
3684,1918229,12509,-22467,9958,0,17337,-31140,13802,0,0,0,0,1,0
3685,1918750,15920,-21747,5827,0,22066,-30143,8077,0,0,0,0,1,0
3686,1919270,18718,-20190,1472,0,25947,-27988,2041,0,0,0,0,1,0
3687,1919791,20797,-17859,-2938,0,28831,-24758,-4073,0,0,0,0,1,0
3688,1920312,22076,-14841,-7235,0,30607,-20576,-10031,0,0,0,0,1,0
3689,1920833,22507,-11254,-11254,0,31207,-15603,-15603,0,0,0,0,1,0
3690,1921354,22073,-7234,-14839,0,30607,-10031,-20576,0,0,0,0,1,0
3691,1921875,20791,-2937,-17854,0,28831,-4073,-24758,0,0,0,0,1,0
3692,1922395,18710,1472,-20182,0,25947,2041,-27988,0,0,0,0,1,0
3693,1922916,15910,5824,-21734,0,22066,8077,-30143,0,0,0,0,1,0
3694,1923437,12500,9951,-22451,0,17337,13802,-31140,0,0,0,0,1,0
3695,1923958,8609,13696,-22305,0,11942,18997,-30940,0,0,0,0,1,0
3696,1924479,4389,16913,-21302,0,6088,23462,-29551,0,0,0,0,1,0
3697,1925000,0,19481,-19481,0,0,27026,-27026,0,0,0,0,1,0
3698,1925520,-4388,21299,-16911,0,-6088,29551,-23462,0,0,0,0,1,0
3699,1926041,-8607,22298,-13692,0,-11942,30940,-18997,0,0,0,0,1,0
3700,1926562,-12494,22441,-9947,0,-17337,31140,-13802,0,0,0,0,1,0
3701,1927083,-15901,21721,-5820,0,-22066,30143,-8077,0,0,0,0,1,0
3702,1927604,-18696,20167,-1471,0,-25947,27988,-2041,0,0,0,0,1,0
3703,1928125,-20773,17838,2935,0,-28831,24758,4073,0,0,0,0,1,0
3704,1928645,-22051,14824,7227,0,-30607,20576,10031,0,0,0,0,1,0
3705,1929166,-22481,11241,11241,0,-31207,15603,15603,0,0,0,0,1,0
3706,1929687,-22048,7226,14822,0,-30607,10031,20576,0,0,0,0,1,0
3707,1930208,-20767,2934,17833,0,-28831,4073,24758,0,0,0,0,1,0
3708,1930729,-18688,-1470,20158,0,-25947,-2041,27988,0,0,0,0,1,0
3709,1931250,-15892,-5817,21709,0,-22066,-8077,30143,0,0,0,0,1,0
3710,1931770,-12485,-9940,22425,0,-17337,-13802,31140,0,0,0,0,1,0
3711,1932291,-8599,-13680,22279,0,-11942,-18997,30940,0,0,0,0,1,0
3712,1932812,-4384,-16894,21277,0,-6088,-23462,29551,0,0,0,0,1,0
3713,1933333,0,-19458,19458,0,0,-27026,27026,0,0,0,0,1,0
3714,1933854,4383,-21274,16891,0,6088,-29551,23462,0,0,0,0,1,0
3715,1934375,8597,-22273,13676,0,11942,-30940,18997,0,0,0,0,1,0
3716,1934895,12480,-22415,9935,0,17337,-31140,13802,0,0,0,0,1,0
3717,1935416,15883,-21696,5814,0,22066,-30143,8077,0,0,0,0,1,0
3718,1935937,18675,-20144,1469,0,25947,-27988,2041,0,0,0,0,1,0
3719,1936458,20749,-17817,-2931,0,28831,-24758,-4073,0,0,0,0,1,0
3720,1936979,22025,-14807,-7218,0,30607,-20576,-10031,0,0,0,0,1,0
3721,1937500,22455,-11228,-11228,0,31207,-15603,-15603,0,0,0,0,1,0
3722,1938020,22022,-7217,-14805,0,30607,-10031,-20576,0,0,0,0,1,0
3723,1938541,20743,-2931,-17812,0,28831,-4073,-24758,0,0,0,0,1,0
3724,1939062,18667,1468,-20135,0,25947,2041,-27988,0,0,0,0,1,0
3725,1939583,15874,5810,-21684,0,22066,8077,-30143,0,0,0,0,1,0
3726,1940104,12471,9928,-22399,0,17337,13802,-31140,0,0,0,0,1,0
3727,1940625,8590,13664,-22253,0,11942,18997,-30940,0,0,0,0,1,0
3728,1941145,4379,16874,-21253,0,6088,23462,-29551,0,0,0,0,1,0
3729,1941666,0,19436,-19436,0,0,27026,-27026,0,0,0,0,1,0
3730,1942187,-4378,21250,-16872,0,-6088,29551,-23462,0,0,0,0,1,0
3731,1942708,-8587,22247,-13660,0,-11942,30940,-18997,0,0,0,0,1,0
3732,1943229,-12466,22389,-9924,0,-17337,31140,-13802,0,0,0,0,1,0
3733,1943750,-15864,21671,-5807,0,-22066,30143,-8077,0,0,0,0,1,0
3734,1944270,-18653,20121,-1467,0,-25947,27988,-2041,0,0,0,0,1,0
3735,1944791,-20725,17797,2928,0,-28831,24758,4073,0,0,0,0,1,0
3736,1945312,-22000,14790,7210,0,-30607,20576,10031,0,0,0,0,1,0
3737,1945833,-22429,11215,11215,0,-31207,15603,15603,0,0,0,0,1,0
3738,1946354,-21997,7209,14788,0,-30607,10031,20576,0,0,0,0,1,0
3739,1946875,-20719,2927,17792,0,-28831,4073,24758,0,0,0,0,1,0
3740,1947395,-18645,-1467,20112,0,-25947,-2041,27988,0,0,0,0,1,0
3741,1947916,-15855,-5803,21659,0,-22066,-8077,30143,0,0,0,0,1,0
3742,1948437,-12457,-9917,22373,0,-17337,-13802,31140,0,0,0,0,1,0
3743,1948958,-8580,-13648,22228,0,-11942,-18997,30940,0,0,0,0,1,0
3744,1949479,-4374,-16855,21228,0,-6088,-23462,29551,0,0,0,0,1,0
3745,1950000,0,-19413,19413,0,0,-27026,27026,0,0,0,0,1,0
3746,1950520,4373,-21225,16852,0,6088,-29551,23462,0,0,0,0,1,0
3747,1951041,8577,-22221,13644,0,11942,-30940,18997,0,0,0,0,1,0
3748,1951562,12451,-22364,9912,0,17337,-31140,13802,0,0,0,0,1,0
3749,1952083,15846,-21646,5800,0,22066,-30143,8077,0,0,0,0,1,0
3750,1952604,18632,-20097,1466,0,25947,-27988,2041,0,0,0,0,1,0
3751,1953125,20701,-17776,-2925,0,28831,-24758,-4073,0,0,0,0,1,0
3752,1953645,21975,-14773,-7202,0,30607,-20576,-10031,0,0,0,0,1,0
3753,1954166,22404,-11202,-11202,0,31207,-15603,-15603,0,0,0,0,1,0
3754,1954687,21971,-7201,-14771,0,30607,-10031,-20576,0,0,0,0,1,0
3755,1955208,20695,-2924,-17771,0,28831,-4073,-24758,0,0,0,0,1,0
3756,1955729,18624,1465,-20089,0,25947,2041,-27988,0,0,0,0,1,0
3757,1956250,15837,5797,-21634,0,22066,8077,-30143,0,0,0,0,1,0
3758,1956770,12442,9905,-22348,0,17337,13802,-31140,0,0,0,0,1,0
3759,1957291,8570,13633,-22202,0,11942,18997,-30940,0,0,0,0,1,0
3760,1957812,4369,16835,-21204,0,6088,23462,-29551,0,0,0,0,1,0
3761,1958333,0,19391,-19391,0,0,27026,-27026,0,0,0,0,1,0
3762,1958854,-4368,21201,-16833,0,-6088,29551,-23462,0,0,0,0,1,0
3763,1959375,-8567,22196,-13629,0,-11942,30940,-18997,0,0,0,0,1,0
3764,1959895,-12437,22338,-9901,0,-17337,31140,-13802,0,0,0,0,1,0
3765,1960416,-15828,21622,-5793,0,-22066,30143,-8077,0,0,0,0,1,0
3766,1960937,-18611,20074,-1464,0,-25947,27988,-2041,0,0,0,0,1,0
3767,1961458,-20677,17756,2921,0,-28831,24758,4073,0,0,0,0,1,0
3768,1961979,-21949,14756,7194,0,-30607,20576,10031,0,0,0,0,1,0
3769,1962500,-22378,11189,11189,0,-31207,15603,15603,0,0,0,0,1,0
3770,1963020,-21946,7193,14754,0,-30607,10031,20576,0,0,0,0,1,0
3771,1963541,-20671,2920,17751,0,-28831,4073,24758,0,0,0,0,1,0
3772,1964062,-18603,-1463,20066,0,-25947,-2041,27988,0,0,0,0,1,0
3773,1964583,-15819,-5790,21609,0,-22066,-8077,30143,0,0,0,0,1,0
3774,1965104,-12428,-9894,22322,0,-17337,-13802,31140,0,0,0,0,1,0
3775,1965625,-8560,-13617,22177,0,-11942,-18997,30940,0,0,0,0,1,0
3776,1966145,-4364,-16816,21180,0,-6088,-23462,29551,0,0,0,0,1,0
3777,1966666,0,-19369,19369,0,0,-27026,27026,0,0,0,0,1,0
3778,1967187,4363,-21177,16814,0,6088,-29551,23462,0,0,0,0,1,0
3779,1967708,8558,-22171,13613,0,11942,-30940,18997,0,0,0,0,1,0
3780,1968229,12423,-22312,9890,0,17337,-31140,13802,0,0,0,0,1,0
3781,1968750,15810,-21597,5787,0,22066,-30143,8077,0,0,0,0,1,0
3782,1969270,18589,-20051,1462,0,25947,-27988,2041,0,0,0,0,1,0
3783,1969791,20654,-17736,-2918,0,28831,-24758,-4073,0,0,0,0,1,0
3784,1970312,21924,-14739,-7185,0,30607,-20576,-10031,0,0,0,0,1,0
3785,1970833,22352,-11176,-11176,0,31207,-15603,-15603,0,0,0,0,1,0
3786,1971354,21921,-7184,-14737,0,30607,-10031,-20576,0,0,0,0,1,0
3787,1971875,20648,-2917,-17731,0,28831,-4073,-24758,0,0,0,0,1,0
3788,1972395,18581,1462,-20043,0,25947,2041,-27988,0,0,0,0,1,0
3789,1972916,15801,5784,-21585,0,22066,8077,-30143,0,0,0,0,1,0
3790,1973437,12414,9883,-22296,0,17337,13802,-31140,0,0,0,0,1,0
3791,1973958,8550,13601,-22152,0,11942,18997,-30940,0,0,0,0,1,0
3792,1974479,4359,16797,-21156,0,6088,23462,-29551,0,0,0,0,1,0
3793,1975000,0,19347,-19347,0,0,27026,-27026,0,0,0,0,1,0
3794,1975520,-4358,21152,-16795,0,-6088,29551,-23462,0,0,0,0,1,0
3795,1976041,-8548,22145,-13598,0,-11942,30940,-18997,0,0,0,0,1,0
3796,1976562,-12409,22287,-9878,0,-17337,31140,-13802,0,0,0,0,1,0
3797,1977083,-15792,21572,-5780,0,-22066,30143,-8077,0,0,0,0,1,0
3798,1977604,-18568,20029,-1461,0,-25947,27988,-2041,0,0,0,0,1,0
3799,1978125,-20630,17716,2915,0,-28831,24758,4073,0,0,0,0,1,0
3800,1978645,-21899,14722,7177,0,-30607,20576,10031,0,0,0,0,1,0
3801,1979166,-22327,11163,11163,0,-31207,15603,15603,0,0,0,0,1,0
3802,1979687,-21896,7176,14720,0,-30607,10031,20576,0,0,0,0,1,0
3803,1980208,-20624,2914,17711,0,-28831,4073,24758,0,0,0,0,1,0
3804,1980729,-18560,-1460,20020,0,-25947,-2041,27988,0,0,0,0,1,0
3805,1981250,-15783,-5777,21560,0,-22066,-8077,30143,0,0,0,0,1,0
3806,1981770,-12400,-9871,22271,0,-17337,-13802,31140,0,0,0,0,1,0
3807,1982291,-8540,-13586,22126,0,-11942,-18997,30940,0,0,0,0,1,0
3808,1982812,-4354,-16778,21131,0,-6088,-23462,29551,0,0,0,0,1,0
3809,1983333,0,-19325,19325,0,0,-27026,27026,0,0,0,0,1,0
3810,1983854,4353,-21128,16775,0,6088,-29551,23462,0,0,0,0,1,0
3811,1984375,8538,-22120,13582,0,11942,-30940,18997,0,0,0,0,1,0
3812,1984895,12394,-22262,9867,0,17337,-31140,13802,0,0,0,0,1,0
3813,1985416,15774,-21548,5774,0,22066,-30143,8077,0,0,0,0,1,0
3814,1985937,18547,-20006,1459,0,25947,-27988,2041,0,0,0,0,1,0
3815,1986458,20607,-17695,-2911,0,28831,-24758,-4073,0,0,0,0,1,0
3816,1986979,21875,-14705,-7169,0,30607,-20576,-10031,0,0,0,0,1,0
3817,1987500,22301,-11151,-11151,0,31207,-15603,-15603,0,0,0,0,1,0
3818,1988020,21871,-7168,-14703,0,30607,-10031,-20576,0,0,0,0,1,0
3819,1988541,20601,-2911,-17690,0,28831,-4073,-24758,0,0,0,0,1,0
3820,1989062,18539,1458,-19997,0,25947,2041,-27988,0,0,0,0,1,0
3821,1989583,15765,5770,-21535,0,22066,8077,-30143,0,0,0,0,1,0
3822,1990104,12386,9860,-22246,0,17337,13802,-31140,0,0,0,0,1,0
3823,1990625,8531,13570,-22101,0,11942,18997,-30940,0,0,0,0,1,0
3824,1991145,4349,16759,-21107,0,6088,23462,-29551,0,0,0,0,1,0
3825,1991666,0,19303,-19303,0,0,27026,-27026,0,0,0,0,1,0
3826,1992187,-4348,21104,-16756,0,-6088,29551,-23462,0,0,0,0,1,0
3827,1992708,-8528,22095,-13567,0,-11942,30940,-18997,0,0,0,0,1,0
3828,1993229,-12380,22236,-9856,0,-17337,31140,-13802,0,0,0,0,1,0
3829,1993750,-15756,21523,-5767,0,-22066,30143,-8077,0,0,0,0,1,0
3830,1994270,-18526,19983,-1457,0,-25947,27988,-2041,0,0,0,0,1,0
3831,1994791,-20583,17675,2908,0,-28831,24758,4073,0,0,0,0,1,0
3832,1995312,-21850,14689,7161,0,-30607,20576,10031,0,0,0,0,1,0
3833,1995833,-22276,11138,11138,0,-31207,15603,15603,0,0,0,0,1,0
3834,1996354,-21847,7160,14687,0,-30607,10031,20576,0,0,0,0,1,0
3835,1996875,-20578,2907,17670,0,-28831,4073,24758,0,0,0,0,1,0
3836,1997395,-18518,-1457,19975,0,-25947,-2041,27988,0,0,0,0,1,0
3837,1997916,-15747,-5764,21511,0,-22066,-8077,30143,0,0,0,0,1,0
3838,1998437,-12372,-9849,22221,0,-17337,-13802,31140,0,0,0,0,1,0
3839,1998958,-8521,-13555,22076,0,-11942,-18997,30940,0,0,0,0,1,0
3840,1999479,-4344,-16740,21084,0,-6088,-23462,29551,0,0,0,0,1,0
3841,2000000,0,-19281,19281,0,0,-27026,27026,0,0,0,0,1,0
3842,2000520,4343,-21081,16737,0,6088,-29551,23462,0,0,0,0,1,0
3843,2001041,8519,-22070,13551,0,11942,-30940,18997,0,0,0,0,1,0
3844,2001562,12366,-22211,9845,0,17337,-31140,13802,0,0,0,0,1,0
3845,2002083,15738,-21499,5761,0,22066,-30143,8077,0,0,0,0,1,0
3846,2002604,18505,-19961,1456,0,25947,-27988,2041,0,0,0,0,1,0
3847,2003124,20560,-17655,-2905,0,28831,-24758,-4073,0,0,0,0,1,0
3848,2003645,21825,-14672,-7153,0,30607,-20576,-10031,0,0,0,0,1,0
3849,2004166,22251,-11126,-11126,0,31207,-15603,-15603,0,0,0,0,1,0
3850,2004687,21822,-7152,-14670,0,30607,-10031,-20576,0,0,0,0,1,0
3851,2005208,20554,-2904,-17650,0,28831,-4073,-24758,0,0,0,0,1,0
3852,2005729,18497,1455,-19952,0,25947,2041,-27988,0,0,0,0,1,0
3853,2006250,15729,5757,-21487,0,22066,8077,-30143,0,0,0,0,1,0
3854,2006770,12358,9838,-22196,0,17337,13802,-31140,0,0,0,0,1,0
3855,2007291,8511,13540,-22051,0,11942,18997,-30940,0,0,0,0,1,0
3856,2007812,4339,16721,-21060,0,6088,23462,-29551,0,0,0,0,1,0
3857,2008333,0,19259,-19259,0,0,27026,-27026,0,0,0,0,1,0
3858,2008854,-4338,21057,-16719,0,-6088,29551,-23462,0,0,0,0,1,0
3859,2009375,-8509,22045,-13536,0,-11942,30940,-18997,0,0,0,0,1,0
3860,2009895,-12352,22186,-9834,0,-17337,31140,-13802,0,0,0,0,1,0
3861,2010416,-15721,21475,-5754,0,-22066,30143,-8077,0,0,0,0,1,0
3862,2010937,-18484,19938,-1454,0,-25947,27988,-2041,0,0,0,0,1,0
3863,2011458,-20537,17636,2901,0,-28831,24758,4073,0,0,0,0,1,0
3864,2011979,-21800,14656,7145,0,-30607,20576,10031,0,0,0,0,1,0
3865,2012500,-22226,11113,11113,0,-31207,15603,15603,0,0,0,0,1,0
3866,2013020,-21797,7144,14654,0,-30607,10031,20576,0,0,0,0,1,0
3867,2013541,-20531,2901,17631,0,-28831,4073,24758,0,0,0,0,1,0
3868,2014062,-18476,-1453,19930,0,-25947,-2041,27988,0,0,0,0,1,0
3869,2014583,-15712,-5751,21463,0,-22066,-8077,30143,0,0,0,0,1,0
3870,2015104,-12344,-9827,22171,0,-17337,-13802,31140,0,0,0,0,1,0
3871,2015625,-8502,-13525,22026,0,-11942,-18997,30940,0,0,0,0,1,0
3872,2016145,-4334,-16702,21036,0,-6088,-23462,29551,0,0,0,0,1,0
3873,2016666,0,-19237,19237,0,0,-27026,27026,0,0,0,0,1,0
3874,2017187,4333,-21033,16700,0,6088,-29551,23462,0,0,0,0,1,0
3875,2017708,8500,-22020,13521,0,11942,-30940,18997,0,0,0,0,1,0
3876,2018229,12339,-22161,9823,0,17337,-31140,13802,0,0,0,0,1,0
3877,2018749,15703,-21451,5748,0,22066,-30143,8077,0,0,0,0,1,0
3878,2019270,18463,-19916,1452,0,25947,-27988,2041,0,0,0,0,1,0
3879,2019791,20514,-17616,-2898,0,28831,-24758,-4073,0,0,0,0,1,0
3880,2020312,21776,-14639,-7137,0,30607,-20576,-10031,0,0,0,0,1,0
3881,2020833,22201,-11100,-11100,0,31207,-15603,-15603,0,0,0,0,1,0
3882,2021354,21773,-7136,-14637,0,30607,-10031,-20576,0,0,0,0,1,0
3883,2021875,20508,-2897,-17611,0,28831,-4073,-24758,0,0,0,0,1,0
3884,2022395,18456,1452,-19907,0,25947,2041,-27988,0,0,0,0,1,0
3885,2022916,15694,5744,-21438,0,22066,8077,-30143,0,0,0,0,1,0
3886,2023437,12330,9816,-22146,0,17337,13802,-31140,0,0,0,0,1,0
3887,2023958,8492,13509,-22002,0,11942,18997,-30940,0,0,0,0,1,0
3888,2024479,4329,16683,-21012,0,6088,23462,-29551,0,0,0,0,1,0
3889,2025000,0,19216,-19216,0,0,27026,-27026,0,0,0,0,1,0
3890,2025520,-4328,21009,-16681,0,-6088,29551,-23462,0,0,0,0,1,0
3891,2026041,-8490,21996,-13506,0,-11942,30940,-18997,0,0,0,0,1,0
3892,2026562,-12325,22136,-9812,0,-17337,31140,-13802,0,0,0,0,1,0
3893,2027083,-15685,21426,-5741,0,-22066,30143,-8077,0,0,0,0,1,0
3894,2027604,-18443,19893,-1451,0,-25947,27988,-2041,0,0,0,0,1,0
3895,2028125,-20491,17596,2895,0,-28831,24758,4073,0,0,0,0,1,0
3896,2028645,-21751,14623,7129,0,-30607,20576,10031,0,0,0,0,1,0
3897,2029166,-22176,11088,11088,0,-31207,15603,15603,0,0,0,0,1,0
3898,2029687,-21748,7128,14621,0,-30607,10031,20576,0,0,0,0,1,0
3899,2030208,-20485,2894,17591,0,-28831,4073,24758,0,0,0,0,1,0
3900,2030729,-18435,-1450,19885,0,-25947,-2041,27988,0,0,0,0,1,0
3901,2031250,-15676,-5738,21414,0,-22066,-8077,30143,0,0,0,0,1,0
3902,2031770,-12316,-9805,22121,0,-17337,-13802,31140,0,0,0,0,1,0
3903,2032291,-8483,-13494,21977,0,-11942,-18997,30940,0,0,0,0,1,0
3904,2032812,-4324,-16665,20989,0,-6088,-23462,29551,0,0,0,0,1,0
3905,2033333,0,-19194,19194,0,0,-27026,27026,0,0,0,0,1,0
3906,2033854,4324,-20986,16662,0,6088,-29551,23462,0,0,0,0,1,0
3907,2034374,8480,-21971,13490,0,11942,-30940,18997,0,0,0,0,1,0
3908,2034895,12311,-22112,9801,0,17337,-31140,13802,0,0,0,0,1,0
3909,2035416,15668,-21402,5735,0,22066,-30143,8077,0,0,0,0,1,0
3910,2035937,18422,-19871,1449,0,25947,-27988,2041,0,0,0,0,1,0
3911,2036458,20468,-17576,-2892,0,28831,-24758,-4073,0,0,0,0,1,0
3912,2036979,21727,-14606,-7121,0,30607,-20576,-10031,0,0,0,0,1,0
3913,2037500,22151,-11076,-11076,0,31207,-15603,-15603,0,0,0,0,1,0
3914,2038020,21724,-7120,-14604,0,30607,-10031,-20576,0,0,0,0,1,0
3915,2038541,20462,-2891,-17571,0,28831,-4073,-24758,0,0,0,0,1,0
3916,2039062,18414,1448,-19863,0,25947,2041,-27988,0,0,0,0,1,0
3917,2039583,15659,5732,-21391,0,22066,8077,-30143,0,0,0,0,1,0
3918,2040104,12302,9794,-22096,0,17337,13802,-31140,0,0,0,0,1,0
3919,2040625,8473,13479,-21953,0,11942,18997,-30940,0,0,0,0,1,0
3920,2041145,4319,16646,-20965,0,6088,23462,-29551,0,0,0,0,1,0
3921,2041666,0,19173,-19173,0,0,27026,-27026,0,0,0,0,1,0
3922,2042187,-4319,20963,-16644,0,-6088,29551,-23462,0,0,0,0,1,0
3923,2042708,-8471,21946,-13475,0,-11942,30940,-18997,0,0,0,0,1,0
3924,2043229,-12297,22087,-9790,0,-17337,31140,-13802,0,0,0,0,1,0
3925,2043750,-15650,21379,-5728,0,-22066,30143,-8077,0,0,0,0,1,0
3926,2044270,-18401,19849,-1447,0,-25947,27988,-2041,0,0,0,0,1,0
3927,2044791,-20445,17557,2889,0,-28831,24758,4073,0,0,0,0,1,0
3928,2045312,-21703,14590,7113,0,-30607,20576,10031,0,0,0,0,1,0
3929,2045833,-22127,11063,11063,0,-31207,15603,15603,0,0,0,0,1,0
3930,2046354,-21700,7112,14588,0,-30607,10031,20576,0,0,0,0,1,0
3931,2046875,-20439,2888,17552,0,-28831,4073,24758,0,0,0,0,1,0
3932,2047395,-18394,-1447,19841,0,-25947,-2041,27988,0,0,0,0,1,0
3933,2047916,-15642,-5725,21367,0,-22066,-8077,30143,0,0,0,0,1,0
3934,2048437,-12289,-9783,22072,0,-17337,-13802,31140,0,0,0,0,1,0
3935,2048958,-8464,-13464,21928,0,-11942,-18997,30940,0,0,0,0,1,0
3936,2049479,-4315,-16628,20942,0,-6088,-23462,29551,0,0,0,0,1,0
3937,2049999,0,-19152,19152,0,0,-27026,27026,0,0,0,0,1,0
3938,2050520,4314,-20939,16625,0,6088,-29551,23462,0,0,0,0,1,0
3939,2051041,8462,-21922,13460,0,11942,-30940,18997,0,0,0,0,1,0
3940,2051562,12283,-22062,9779,0,17337,-31140,13802,0,0,0,0,1,0
3941,2052083,15633,-21355,5722,0,22066,-30143,8077,0,0,0,0,1,0
3942,2052604,18381,-19827,1446,0,25947,-27988,2041,0,0,0,0,1,0
3943,2053125,20422,-17537,-2885,0,28831,-24758,-4073,0,0,0,0,1,0
3944,2053645,21679,-14574,-7105,0,30607,-20576,-10031,0,0,0,0,1,0
3945,2054166,22102,-11051,-11051,0,31207,-15603,-15603,0,0,0,0,1,0
3946,2054687,21676,-7104,-14572,0,30607,-10031,-20576,0,0,0,0,1,0
3947,2055208,20417,-2884,-17532,0,28831,-4073,-24758,0,0,0,0,1,0
3948,2055729,18373,1445,-19819,0,25947,2041,-27988,0,0,0,0,1,0
3949,2056250,15624,5719,-21343,0,22066,8077,-30143,0,0,0,0,1,0
3950,2056770,12275,9772,-22047,0,17337,13802,-31140,0,0,0,0,1,0
3951,2057291,8455,13449,-21904,0,11942,18997,-30940,0,0,0,0,1,0
3952,2057812,4310,16609,-20919,0,6088,23462,-29551,0,0,0,0,1,0
3953,2058333,0,19130,-19130,0,0,27026,-27026,0,0,0,0,1,0
3954,2058854,-4309,20916,-16607,0,-6088,29551,-23462,0,0,0,0,1,0
3955,2059375,-8452,21898,-13446,0,-11942,30940,-18997,0,0,0,0,1,0
3956,2059895,-12270,22038,-9768,0,-17337,31140,-13802,0,0,0,0,1,0
3957,2060416,-15615,21331,-5716,0,-22066,30143,-8077,0,0,0,0,1,0
3958,2060937,-18361,19805,-1444,0,-25947,27988,-2041,0,0,0,0,1,0
3959,2061458,-20400,17518,2882,0,-28831,24758,4073,0,0,0,0,1,0
3960,2061979,-21655,14558,7097,0,-30607,20576,10031,0,0,0,0,1,0
3961,2062500,-22077,11039,11039,0,-31207,15603,15603,0,0,0,0,1,0
3962,2063020,-21652,7096,14556,0,-30607,10031,20576,0,0,0,0,1,0
3963,2063541,-20394,2881,17513,0,-28831,4073,24758,0,0,0,0,1,0
3964,2064062,-18353,-1444,19797,0,-25947,-2041,27988,0,0,0,0,1,0
3965,2064583,-15607,-5712,21319,0,-22066,-8077,30143,0,0,0,0,1,0
3966,2065104,-12261,-9761,22023,0,-17337,-13802,31140,0,0,0,0,1,0
3967,2065624,-8445,-13434,21880,0,-11942,-18997,30940,0,0,0,0,1,0
3968,2066145,-4305,-16591,20896,0,-6088,-23462,29551,0,0,0,0,1,0
3969,2066666,0,-19109,19109,0,0,-27026,27026,0,0,0,0,1,0
3970,2067187,4304,-20893,16588,0,6088,-29551,23462,0,0,0,0,1,0
3971,2067708,8443,-21873,13431,0,11942,-30940,18997,0,0,0,0,1,0
3972,2068229,12256,-22013,9757,0,17337,-31140,13802,0,0,0,0,1,0
3973,2068750,15598,-21308,5709,0,22066,-30143,8077,0,0,0,0,1,0
3974,2069270,18340,-19783,1443,0,25947,-27988,2041,0,0,0,0,1,0
3975,2069791,20377,-17498,-2879,0,28831,-24758,-4073,0,0,0,0,1,0
3976,2070312,21631,-14542,-7089,0,30607,-20576,-10031,0,0,0,0,1,0
3977,2070833,22053,-11027,-11027,0,31207,-15603,-15603,0,0,0,0,1,0
3978,2071354,21628,-7088,-14540,0,30607,-10031,-20576,0,0,0,0,1,0
3979,2071875,20372,-2878,-17493,0,28831,-4073,-24758,0,0,0,0,1,0
3980,2072395,18333,1442,-19775,0,25947,2041,-27988,0,0,0,0,1,0
3981,2072916,15590,5706,-21296,0,22066,8077,-30143,0,0,0,0,1,0
3982,2073437,12248,9750,-21998,0,17337,13802,-31140,0,0,0,0,1,0
3983,2073958,8436,13420,-21855,0,11942,18997,-30940,0,0,0,0,1,0
3984,2074479,4300,16572,-20873,0,6088,23462,-29551,0,0,0,0,1,0
3985,2075000,0,19088,-19088,0,0,27026,-27026,0,0,0,0,1,0
3986,2075520,-4300,20870,-16570,0,-6088,29551,-23462,0,0,0,0,1,0
3987,2076041,-8434,21849,-13416,0,-11942,30940,-18997,0,0,0,0,1,0
3988,2076562,-12243,21989,-9746,0,-17337,31140,-13802,0,0,0,0,1,0
3989,2077083,-15581,21284,-5703,0,-22066,30143,-8077,0,0,0,0,1,0
3990,2077604,-18320,19761,-1441,0,-25947,27988,-2041,0,0,0,0,1,0
3991,2078125,-20355,17479,2876,0,-28831,24758,4073,0,0,0,0,1,0
3992,2078645,-21607,14526,7081,0,-30607,20576,10031,0,0,0,0,1,0
3993,2079166,-22029,11014,11014,0,-31207,15603,15603,0,0,0,0,1,0
3994,2079687,-21604,7080,14524,0,-30607,10031,20576,0,0,0,0,1,0
3995,2080208,-20349,2875,17474,0,-28831,4073,24758,0,0,0,0,1,0
3996,2080729,-18312,-1440,19753,0,-25947,-2041,27988,0,0,0,0,1,0
3997,2081249,-15572,-5700,21272,0,-22066,-8077,30143,0,0,0,0,1,0
3998,2081770,-12234,-9740,21974,0,-17337,-13802,31140,0,0,0,0,1,0
3999,2082291,-8427,-13405,21831,0,-11942,-18997,30940,0,0,0,0,1,0
4000,2082812,-4296,-16554,20850,0,-6088,-23462,29551,0,0,0,0,1,0
4001,2083333,0,-19067,19067,0,0,-27026,27026,0,0,0,0,1,0
4002,2083854,4295,-20847,16552,0,6088,-29551,23462,0,0,0,0,1,0
4003,2084375,8424,-21825,13401,0,11942,-30940,18997,0,0,0,0,1,0
4004,2084895,12229,-21965,9736,0,17337,-31140,13802,0,0,0,0,1,0
4005,2085416,15564,-21261,5697,0,22066,-30143,8077,0,0,0,0,1,0
4006,2085937,18300,-19739,1439,0,25947,-27988,2041,0,0,0,0,1,0
4007,2086458,20332,-17460,-2873,0,28831,-24758,-4073,0,0,0,0,1,0
4008,2086979,21583,-14510,-7074,0,30607,-20576,-10031,0,0,0,0,1,0
4009,2087500,22005,-11002,-11002,0,31207,-15603,-15603,0,0,0,0,1,0
4010,2088020,21580,-7073,-14508,0,30607,-10031,-20576,0,0,0,0,1,0
4011,2088541,20327,-2872,-17455,0,28831,-4073,-24758,0,0,0,0,1,0
4012,2089062,18292,1439,-19731,0,25947,2041,-27988,0,0,0,0,1,0
4013,2089583,15555,5694,-21249,0,22066,8077,-30143,0,0,0,0,1,0
4014,2090104,12221,9729,-21950,0,17337,13802,-31140,0,0,0,0,1,0
4015,2090625,8417,13390,-21807,0,11942,18997,-30940,0,0,0,0,1,0
4016,2091145,4291,16536,-20827,0,6088,23462,-29551,0,0,0,0,1,0
4017,2091666,0,19046,-19046,0,0,27026,-27026,0,0,0,0,1,0
4018,2092187,-4290,20824,-16534,0,-6088,29551,-23462,0,0,0,0,1,0
4019,2092708,-8415,21801,-13386,0,-11942,30940,-18997,0,0,0,0,1,0
4020,2093229,-12216,21941,-9725,0,-17337,31140,-13802,0,0,0,0,1,0
4021,2093750,-15547,21237,-5691,0,-22066,30143,-8077,0,0,0,0,1,0
4022,2094270,-18280,19718,-1438,0,-25947,27988,-2041,0,0,0,0,1,0
4023,2094791,-20310,17441,2869,0,-28831,24758,4073,0,0,0,0,1,0
4024,2095312,-21560,14494,7066,0,-30607,20576,10031,0,0,0,0,1,0
4025,2095833,-21980,10990,10990,0,-31207,15603,15603,0,0,0,0,1,0
4026,2096354,-21557,7065,14492,0,-30607,10031,20576,0,0,0,0,1,0
4027,2096874,-20304,2869,17436,0,-28831,4073,24758,0,0,0,0,1,0
4028,2097395,-18272,-1437,19710,0,-25947,-2041,27988,0,0,0,0,1,0
4029,2097916,-15538,-5687,21226,0,-22066,-8077,30143,0,0,0,0,1,0
4030,2098437,-12207,-9718,21926,0,-17337,-13802,31140,0,0,0,0,1,0
4031,2098958,-8408,-13375,21783,0,-11942,-18997,30940,0,0,0,0,1,0
4032,2099479,-4286,-16518,20804,0,-6088,-23462,29551,0,0,0,0,1,0
4033,2100000,0,-19025,19025,0,0,-27026,27026,0,0,0,0,1,0
4034,2100520,4286,-20801,16516,0,6088,-29551,23462,0,0,0,0,1,0
4035,2101041,8406,-21777,13372,0,11942,-30940,18997,0,0,0,0,1,0
4036,2101562,12202,-21917,9714,0,17337,-31140,13802,0,0,0,0,1,0
4037,2102083,15530,-21214,5684,0,22066,-30143,8077,0,0,0,0,1,0
4038,2102604,18260,-19696,1436,0,25947,-27988,2041,0,0,0,0,1,0
4039,2103125,20288,-17422,-2866,0,28831,-24758,-4073,0,0,0,0,1,0
4040,2103645,21536,-14478,-7058,0,30607,-20576,-10031,0,0,0,0,1,0
4041,2104166,21956,-10978,-10978,0,31207,-15603,-15603,0,0,0,0,1,0
4042,2104687,21533,-7057,-14476,0,30607,-10031,-20576,0,0,0,0,1,0
4043,2105208,20282,-2865,-17417,0,28831,-4073,-24758,0,0,0,0,1,0
4044,2105729,18252,1436,-19688,0,25947,2041,-27988,0,0,0,0,1,0
4045,2106250,15521,5681,-21202,0,22066,8077,-30143,0,0,0,0,1,0
4046,2106770,12194,9708,-21902,0,17337,13802,-31140,0,0,0,0,1,0
4047,2107291,8399,13361,-21760,0,11942,18997,-30940,0,0,0,0,1,0
4048,2107812,4281,16500,-20781,0,6088,23462,-29551,0,0,0,0,1,0
4049,2108333,0,19004,-19004,0,0,27026,-27026,0,0,0,0,1,0
4050,2108854,-4281,20778,-16498,0,-6088,29551,-23462,0,0,0,0,1,0
4051,2109375,-8397,21754,-13357,0,-11942,30940,-18997,0,0,0,0,1,0
4052,2109895,-12189,21893,-9704,0,-17337,31140,-13802,0,0,0,0,1,0
4053,2110416,-15513,21191,-5678,0,-22066,30143,-8077,0,0,0,0,1,0
4054,2110937,-18240,19675,-1435,0,-25947,27988,-2041,0,0,0,0,1,0
4055,2111458,-20266,17403,2863,0,-28831,24758,4073,0,0,0,0,1,0
4056,2111979,-21512,14462,7050,0,-30607,20576,10031,0,0,0,0,1,0
4057,2112500,-21932,10966,10966,0,-31207,15603,15603,0,0,0,0,1,0
4058,2113020,-21510,7049,14460,0,-30607,10031,20576,0,0,0,0,1,0
4059,2113541,-20260,2862,17398,0,-28831,4073,24758,0,0,0,0,1,0
4060,2114062,-18232,-1434,19667,0,-25947,-2041,27988,0,0,0,0,1,0
4061,2114583,-15504,-5675,21179,0,-22066,-8077,30143,0,0,0,0,1,0
4062,2115104,-12181,-9697,21878,0,-17337,-13802,31140,0,0,0,0,1,0
4063,2115625,-8390,-13346,21736,0,-11942,-18997,30940,0,0,0,0,1,0
4064,2116145,-4277,-16482,20759,0,-6088,-23462,29551,0,0,0,0,1,0
4065,2116666,0,-18984,18984,0,0,-27026,27026,0,0,0,0,1,0
4066,2117187,4276,-20756,16480,0,6088,-29551,23462,0,0,0,0,1,0
4067,2117708,8387,-21730,13343,0,11942,-30940,18997,0,0,0,0,1,0
4068,2118229,12176,-21869,9693,0,17337,-31140,13802,0,0,0,0,1,0
4069,2118750,15496,-21168,5672,0,22066,-30143,8077,0,0,0,0,1,0
4070,2119270,18220,-19653,1433,0,25947,-27988,2041,0,0,0,0,1,0
4071,2119791,20244,-17384,-2860,0,28831,-24758,-4073,0,0,0,0,1,0
4072,2120312,21489,-14446,-7043,0,30607,-20576,-10031,0,0,0,0,1,0
4073,2120833,21909,-10954,-10954,0,31207,-15603,-15603,0,0,0,0,1,0
4074,2121354,21486,-7042,-14444,0,30607,-10031,-20576,0,0,0,0,1,0
4075,2121875,20238,-2859,-17379,0,28831,-4073,-24758,0,0,0,0,1,0
4076,2122395,18213,1433,-19645,0,25947,2041,-27988,0,0,0,0,1,0
4077,2122916,15488,5669,-21156,0,22066,8077,-30143,0,0,0,0,1,0
4078,2123437,12168,9687,-21854,0,17337,13802,-31140,0,0,0,0,1,0
4079,2123958,8381,13332,-21712,0,11942,18997,-30940,0,0,0,0,1,0
4080,2124479,4272,16464,-20736,0,6088,23462,-29551,0,0,0,0,1,0
4081,2125000,0,18963,-18963,0,0,27026,-27026,0,0,0,0,1,0
4082,2125520,-4272,20733,-16462,0,-6088,29551,-23462,0,0,0,0,1,0
4083,2126041,-8378,21706,-13328,0,-11942,30940,-18997,0,0,0,0,1,0
4084,2126562,-12163,21845,-9683,0,-17337,31140,-13802,0,0,0,0,1,0
4085,2127083,-15479,21145,-5666,0,-22066,30143,-8077,0,0,0,0,1,0
4086,2127604,-18200,19632,-1432,0,-25947,27988,-2041,0,0,0,0,1,0
4087,2128125,-20222,17365,2857,0,-28831,24758,4073,0,0,0,0,1,0
4088,2128645,-21466,14431,7035,0,-30607,20576,10031,0,0,0,0,1,0
4089,2129166,-21885,10942,10942,0,-31207,15603,15603,0,0,0,0,1,0
4090,2129687,-21463,7034,14429,0,-30607,10031,20576,0,0,0,0,1,0
4091,2130208,-20216,2856,17360,0,-28831,4073,24758,0,0,0,0,1,0
4092,2130729,-18193,-1431,19624,0,-25947,-2041,27988,0,0,0,0,1,0
4093,2131250,-15471,-5663,21133,0,-22066,-8077,30143,0,0,0,0,1,0
4094,2131770,-12154,-9676,21831,0,-17337,-13802,31140,0,0,0,0,1,0
4095,2132291,-8372,-13317,21689,0,-11942,-18997,30940,0,0,0,0,1,0
4096,2132812,-4268,-16446,20714,0,-6088,-23462,29551,0,0,0,0,1,0
4097,2133333,0,-18943,18943,0,0,-27026,27026,0,0,0,0,1,0
4098,2133854,4267,-20711,16444,0,6088,-29551,23462,0,0,0,0,1,0
4099,2134375,8369,-21683,13314,0,11942,-30940,18997,0,0,0,0,1,0
4100,2134895,12150,-21822,9672,0,17337,-31140,13802,0,0,0,0,1,0
4101,2135416,15462,-21122,5660,0,22066,-30143,8077,0,0,0,0,1,0
4102,2135937,18181,-19611,1430,0,25947,-27988,2041,0,0,0,0,1,0
4103,2136458,20200,-17346,-2854,0,28831,-24758,-4073,0,0,0,0,1,0
4104,2136979,21443,-14415,-7028,0,30607,-20576,-10031,0,0,0,0,1,0
4105,2137500,21861,-10931,-10931,0,31207,-15603,-15603,0,0,0,0,1,0
4106,2138020,21440,-7027,-14413,0,30607,-10031,-20576,0,0,0,0,1,0
4107,2138541,20194,-2853,-17341,0,28831,-4073,-24758,0,0,0,0,1,0
4108,2139062,18173,1430,-19603,0,25947,2041,-27988,0,0,0,0,1,0
4109,2139583,15454,5657,-21111,0,22066,8077,-30143,0,0,0,0,1,0
4110,2140104,12141,9666,-21807,0,17337,13802,-31140,0,0,0,0,1,0
4111,2140625,8363,13303,-21665,0,11942,18997,-30940,0,0,0,0,1,0
4112,2141145,4263,16428,-20691,0,6088,23462,-29551,0,0,0,0,1,0
4113,2141666,0,18922,-18922,0,0,27026,-27026,0,0,0,0,1,0
4114,2142187,-4262,20688,-16426,0,-6088,29551,-23462,0,0,0,0,1,0
4115,2142708,-8360,21660,-13299,0,-11942,30940,-18997,0,0,0,0,1,0
4116,2143229,-12136,21798,-9662,0,-17337,31140,-13802,0,0,0,0,1,0
4117,2143750,-15446,21099,-5654,0,-22066,30143,-8077,0,0,0,0,1,0
4118,2144270,-18161,19590,-1429,0,-25947,27988,-2041,0,0,0,0,1,0
4119,2144791,-20178,17327,2851,0,-28831,24758,4073,0,0,0,0,1,0
4120,2145312,-21419,14400,7020,0,-30607,20576,10031,0,0,0,0,1,0
4121,2145833,-21838,10919,10919,0,-31207,15603,15603,0,0,0,0,1,0
4122,2146354,-21417,7019,14398,0,-30607,10031,20576,0,0,0,0,1,0
4123,2146875,-20173,2850,17323,0,-28831,4073,24758,0,0,0,0,1,0
4124,2147395,-18154,-1428,19582,0,-25947,-2041,27988,0,0,0,0,1,0
4125,2147916,-15437,-5650,21088,0,-22066,-8077,30143,0,0,0,0,1,0
4126,2148437,-12128,-9655,21784,0,-17337,-13802,31140,0,0,0,0,1,0
4127,2148958,-8354,-13289,21642,0,-11942,-18997,30940,0,0,0,0,1,0
4128,2149479,-4258,-16411,20669,0,-6088,-23462,29551,0,0,0,0,1,0
4129,2150000,0,-18902,18902,0,0,-27026,27026,0,0,0,0,1,0
4130,2150520,4258,-20666,16408,0,6088,-29551,23462,0,0,0,0,1,0
4131,2151041,8351,-21636,13285,0,11942,-30940,18997,0,0,0,0,1,0
4132,2151562,12123,-21775,9651,0,17337,-31140,13802,0,0,0,0,1,0
4133,2152083,15429,-21076,5647,0,22066,-30143,8077,0,0,0,0,1,0
4134,2152604,18141,-19568,1427,0,25947,-27988,2041,0,0,0,0,1,0
4135,2153125,20156,-17309,-2848,0,28831,-24758,-4073,0,0,0,0,1,0
4136,2153645,21396,-14384,-7012,0,30607,-20576,-10031,0,0,0,0,1,0
4137,2154166,21814,-10907,-10907,0,31207,-15603,-15603,0,0,0,0,1,0
4138,2154687,21394,-7011,-14382,0,30607,-10031,-20576,0,0,0,0,1,0
4139,2155208,20151,-2847,-17304,0,28831,-4073,-24758,0,0,0,0,1,0
4140,2155729,18134,1426,-19561,0,25947,2041,-27988,0,0,0,0,1,0
4141,2156250,15421,5644,-21065,0,22066,8077,-30143,0,0,0,0,1,0
4142,2156770,12115,9645,-21760,0,17337,13802,-31140,0,0,0,0,1,0
4143,2157291,8345,13274,-21619,0,11942,18997,-30940,0,0,0,0,1,0
4144,2157812,4254,16393,-20647,0,6088,23462,-29551,0,0,0,0,1,0
4145,2158333,0,18881,-18881,0,0,27026,-27026,0,0,0,0,1,0
4146,2158854,-4253,20644,-16391,0,-6088,29551,-23462,0,0,0,0,1,0
4147,2159375,-8342,21613,-13271,0,-11942,30940,-18997,0,0,0,0,1,0
4148,2159895,-12110,21751,-9641,0,-17337,31140,-13802,0,0,0,0,1,0
4149,2160416,-15413,21054,-5641,0,-22066,30143,-8077,0,0,0,0,1,0
4150,2160937,-18122,19547,-1425,0,-25947,27988,-2041,0,0,0,0,1,0
4151,2161458,-20135,17290,2845,0,-28831,24758,4073,0,0,0,0,1,0
4152,2161979,-21373,14369,7005,0,-30607,20576,10031,0,0,0,0,1,0
4153,2162500,-21791,10895,10895,0,-31207,15603,15603,0,0,0,0,1,0
4154,2163020,-21371,7004,14367,0,-30607,10031,20576,0,0,0,0,1,0
4155,2163541,-20129,2844,17285,0,-28831,4073,24758,0,0,0,0,1,0
4156,2164062,-18115,-1425,19540,0,-25947,-2041,27988,0,0,0,0,1,0
4157,2164583,-15404,-5638,21043,0,-22066,-8077,30143,0,0,0,0,1,0
4158,2165104,-12102,-9635,21737,0,-17337,-13802,31140,0,0,0,0,1,0
4159,2165625,-8336,-13260,21596,0,-11942,-18997,30940,0,0,0,0,1,0
4160,2166145,-4249,-16375,20625,0,-6088,-23462,29551,0,0,0,0,1,0
4161,2166666,0,-18861,18861,0,0,-27026,27026,0,0,0,0,1,0
4162,2167187,4249,-20622,16373,0,6088,-29551,23462,0,0,0,0,1,0
4163,2167708,8333,-21590,13256,0,11942,-30940,18997,0,0,0,0,1,0
4164,2168229,12097,-21728,9631,0,17337,-31140,13802,0,0,0,0,1,0
4165,2168750,15396,-21031,5635,0,22066,-30143,8077,0,0,0,0,1,0
4166,2169270,18103,-19527,1424,0,25947,-27988,2041,0,0,0,0,1,0
4167,2169791,20113,-17272,-2842,0,28831,-24758,-4073,0,0,0,0,1,0
4168,2170312,21351,-14353,-6997,0,30607,-20576,-10031,0,0,0,0,1,0
4169,2170833,21767,-10884,-10884,0,31207,-15603,-15603,0,0,0,0,1,0
4170,2171354,21348,-6996,-14351,0,30607,-10031,-20576,0,0,0,0,1,0
4171,2171875,20108,-2841,-17267,0,28831,-4073,-24758,0,0,0,0,1,0
4172,2172395,18095,1423,-19519,0,25947,2041,-27988,0,0,0,0,1,0
4173,2172916,15388,5632,-21020,0,22066,8077,-30143,0,0,0,0,1,0
4174,2173437,12089,9624,-21714,0,17337,13802,-31140,0,0,0,0,1,0
4175,2173958,8327,13246,-21573,0,11942,18997,-30940,0,0,0,0,1,0
4176,2174479,4245,16358,-20603,0,6088,23462,-29551,0,0,0,0,1,0
4177,2175000,0,18841,-18841,0,0,27026,-27026,0,0,0,0,1,0
4178,2175520,-4244,20600,-16356,0,-6088,29551,-23462,0,0,0,0,1,0
4179,2176041,-8324,21567,-13242,0,-11942,30940,-18997,0,0,0,0,1,0
4180,2176562,-12084,21705,-9620,0,-17337,31140,-13802,0,0,0,0,1,0
4181,2177083,-15380,21009,-5629,0,-22066,30143,-8077,0,0,0,0,1,0
4182,2177604,-18083,19506,-1422,0,-25947,27988,-2041,0,0,0,0,1,0
4183,2178125,-20092,17253,2839,0,-28831,24758,4073,0,0,0,0,1,0
4184,2178645,-21328,14338,6990,0,-30607,20576,10031,0,0,0,0,1,0
4185,2179166,-21744,10872,10872,0,-31207,15603,15603,0,0,0,0,1,0
4186,2179687,-21325,6989,14336,0,-30607,10031,20576,0,0,0,0,1,0
4187,2180208,-20086,2838,17249,0,-28831,4073,24758,0,0,0,0,1,0
4188,2180729,-18076,-1422,19498,0,-25947,-2041,27988,0,0,0,0,1,0
4189,2181250,-15371,-5626,20998,0,-22066,-8077,30143,0,0,0,0,1,0
4190,2181770,-12076,-9614,21690,0,-17337,-13802,31140,0,0,0,0,1,0
4191,2182291,-8318,-13232,21550,0,-11942,-18997,30940,0,0,0,0,1,0
4192,2182812,-4240,-16341,20581,0,-6088,-23462,29551,0,0,0,0,1,0
4193,2183333,0,-18821,18821,0,0,-27026,27026,0,0,0,0,1,0
4194,2183854,4240,-20578,16338,0,6088,-29551,23462,0,0,0,0,1,0
4195,2184375,8316,-21544,13228,0,11942,-30940,18997,0,0,0,0,1,0
4196,2184895,12072,-21682,9610,0,17337,-31140,13802,0,0,0,0,1,0
4197,2185416,15363,-20987,5623,0,22066,-30143,8077,0,0,0,0,1,0
4198,2185937,18064,-19485,1421,0,25947,-27988,2041,0,0,0,0,1,0
4199,2186458,20070,-17235,-2836,0,28831,-24758,-4073,0,0,0,0,1,0
4200,2186979,21305,-14323,-6982,0,30607,-20576,-10031,0,0,0,0,1,0
4201,2187500,21721,-10861,-10861,0,31207,-15603,-15603,0,0,0,0,1,0
4202,2188020,21302,-6982,-14321,0,30607,-10031,-20576,0,0,0,0,1,0
4203,2188541,20065,-2835,-17230,0,28831,-4073,-24758,0,0,0,0,1,0
4204,2189062,18057,1420,-19477,0,25947,2041,-27988,0,0,0,0,1,0
4205,2189583,15355,5620,-20975,0,22066,8077,-30143,0,0,0,0,1,0
4206,2190104,12064,9604,-21667,0,17337,13802,-31140,0,0,0,0,1,0
4207,2190625,8309,13218,-21527,0,11942,18997,-30940,0,0,0,0,1,0
4208,2191145,4236,16323,-20559,0,6088,23462,-29551,0,0,0,0,1,0
4209,2191666,0,18801,-18801,0,0,27026,-27026,0,0,0,0,1,0
4210,2192187,-4235,20556,-16321,0,-6088,29551,-23462,0,0,0,0,1,0
4211,2192708,-8307,21521,-13214,0,-11942,30940,-18997,0,0,0,0,1,0
4212,2193229,-12059,21659,-9600,0,-17337,31140,-13802,0,0,0,0,1,0
4213,2193750,-15347,20964,-5617,0,-22066,30143,-8077,0,0,0,0,1,0
4214,2194270,-18045,19464,-1419,0,-25947,27988,-2041,0,0,0,0,1,0
4215,2194791,-20049,17217,2833,0,-28831,24758,4073,0,0,0,0,1,0
4216,2195312,-21283,14307,6975,0,-30607,20576,10031,0,0,0,0,1,0
4217,2195833,-21698,10849,10849,0,-31207,15603,15603,0,0,0,0,1,0
4218,2196354,-21280,6974,14306,0,-30607,10031,20576,0,0,0,0,1,0
4219,2196875,-20044,2832,17212,0,-28831,4073,24758,0,0,0,0,1,0
4220,2197395,-18038,-1419,19457,0,-25947,-2041,27988,0,0,0,0,1,0
4221,2197916,-15339,-5614,20953,0,-22066,-8077,30143,0,0,0,0,1,0
4222,2198437,-12051,-9594,21644,0,-17337,-13802,31140,0,0,0,0,1,0
4223,2198958,-8300,-13204,21504,0,-11942,-18997,30940,0,0,0,0,1,0
4224,2199479,-4231,-16306,20537,0,-6088,-23462,29551,0,0,0,0,1,0
4225,2200000,0,-18781,18781,0,0,-27026,27026,0,0,0,0,1,0
4226,2200520,4231,-20534,16304,0,6088,-29551,23462,0,0,0,0,1,0
4227,2201041,8298,-21498,13200,0,11942,-30940,18997,0,0,0,0,1,0
4228,2201562,12046,-21636,9590,0,17337,-31140,13802,0,0,0,0,1,0
4229,2202083,15331,-20942,5611,0,22066,-30143,8077,0,0,0,0,1,0
4230,2202604,18026,-19444,1418,0,25947,-27988,2041,0,0,0,0,1,0
4231,2203125,20028,-17198,-2830,0,28831,-24758,-4073,0,0,0,0,1,0
4232,2203645,21260,-14292,-6968,0,30607,-20576,-10031,0,0,0,0,1,0
4233,2204166,21675,-10838,-10838,0,31207,-15603,-15603,0,0,0,0,1,0
4234,2204687,21257,-6967,-14290,0,30607,-10031,-20576,0,0,0,0,1,0
4235,2205208,20023,-2829,-17194,0,28831,-4073,-24758,0,0,0,0,1,0
4236,2205729,18019,1417,-19436,0,25947,2041,-27988,0,0,0,0,1,0
4237,2206250,15323,5608,-20931,0,22066,8077,-30143,0,0,0,0,1,0
4238,2206770,12038,9584,-21622,0,17337,13802,-31140,0,0,0,0,1,0
4239,2207291,8291,13190,-21481,0,11942,18997,-30940,0,0,0,0,1,0
4240,2207812,4227,16289,-20515,0,6088,23462,-29551,0,0,0,0,1,0
4241,2208333,0,18761,-18761,0,0,27026,-27026,0,0,0,0,1,0
4242,2208854,-4226,20513,-16287,0,-6088,29551,-23462,0,0,0,0,1,0
4243,2209375,-8289,21476,-13186,0,-11942,30940,-18997,0,0,0,0,1,0
4244,2209895,-12033,21613,-9580,0,-17337,31140,-13802,0,0,0,0,1,0
4245,2210416,-15315,20920,-5606,0,-22066,30143,-8077,0,0,0,0,1,0
4246,2210937,-18007,19423,-1416,0,-25947,27988,-2041,0,0,0,0,1,0
4247,2211458,-20007,17180,2827,0,-28831,24758,4073,0,0,0,0,1,0
4248,2211979,-21238,14277,6960,0,-30607,20576,10031,0,0,0,0,1,0
4249,2212500,-21652,10826,10826,0,-31207,15603,15603,0,0,0,0,1,0
4250,2213020,-21235,6959,14275,0,-30607,10031,20576,0,0,0,0,1,0
4251,2213541,-20001,2826,17176,0,-28831,4073,24758,0,0,0,0,1,0
4252,2214062,-18000,-1416,19416,0,-25947,-2041,27988,0,0,0,0,1,0
4253,2214583,-15306,-5603,20909,0,-22066,-8077,30143,0,0,0,0,1,0
4254,2215104,-12025,-9573,21599,0,-17337,-13802,31140,0,0,0,0,1,0
4255,2215625,-8283,-13176,21459,0,-11942,-18997,30940,0,0,0,0,1,0
4256,2216145,-4222,-16272,20494,0,-6088,-23462,29551,0,0,0,0,1,0
4257,2216666,0,-18742,18742,0,0,-27026,27026,0,0,0,0,1,0
4258,2217187,4222,-20491,16269,0,6088,-29551,23462,0,0,0,0,1,0
4259,2217708,8281,-21453,13172,0,11942,-30940,18997,0,0,0,0,1,0
4260,2218229,12021,-21590,9570,0,17337,-31140,13802,0,0,0,0,1,0
4261,2218750,15298,-20898,5600,0,22066,-30143,8077,0,0,0,0,1,0
4262,2219270,17988,-19403,1415,0,25947,-27988,2041,0,0,0,0,1,0
4263,2219791,19986,-17162,-2824,0,28831,-24758,-4073,0,0,0,0,1,0
4264,2220312,21215,-14262,-6953,0,30607,-20576,-10031,0,0,0,0,1,0
4265,2220833,21630,-10815,-10815,0,31207,-15603,-15603,0,0,0,0,1,0
4266,2221354,21213,-6952,-14260,0,30607,-10031,-20576,0,0,0,0,1,0
4267,2221875,19980,-2823,-17158,0,28831,-4073,-24758,0,0,0,0,1,0
4268,2222395,17981,1414,-19395,0,25947,2041,-27988,0,0,0,0,1,0
4269,2222916,15290,5597,-20887,0,22066,8077,-30143,0,0,0,0,1,0
4270,2223437,12013,9563,-21576,0,17337,13802,-31140,0,0,0,0,1,0
4271,2223958,8274,13162,-21436,0,11942,18997,-30940,0,0,0,0,1,0
4272,2224479,4218,16254,-20472,0,6088,23462,-29551,0,0,0,0,1,0
4273,2225000,0,18722,-18722,0,0,27026,-27026,0,0,0,0,1,0
4274,2225520,-4217,20470,-16252,0,-6088,29551,-23462,0,0,0,0,1,0
4275,2226041,-8272,21430,-13159,0,-11942,30940,-18997,0,0,0,0,1,0
4276,2226562,-12008,21568,-9560,0,-17337,31140,-13802,0,0,0,0,1,0
4277,2227083,-15282,20876,-5594,0,-22066,30143,-8077,0,0,0,0,1,0
4278,2227604,-17969,19382,-1413,0,-25947,27988,-2041,0,0,0,0,1,0
4279,2228125,-19965,17144,2821,0,-28831,24758,4073,0,0,0,0,1,0
4280,2228645,-21193,14247,6946,0,-30607,20576,10031,0,0,0,0,1,0
4281,2229166,-21607,10803,10803,0,-31207,15603,15603,0,0,0,0,1,0
4282,2229687,-21190,6945,14245,0,-30607,10031,20576,0,0,0,0,1,0
4283,2230208,-19960,2820,17140,0,-28831,4073,24758,0,0,0,0,1,0
4284,2230729,-17962,-1413,19375,0,-25947,-2041,27988,0,0,0,0,1,0
4285,2231250,-15274,-5591,20865,0,-22066,-8077,30143,0,0,0,0,1,0
4286,2231770,-12000,-9553,21554,0,-17337,-13802,31140,0,0,0,0,1,0
4287,2232291,-8265,-13148,21414,0,-11942,-18997,30940,0,0,0,0,1,0
4288,2232812,-4213,-16237,20451,0,-6088,-23462,29551,0,0,0,0,1,0
4289,2233333,0,-18702,18702,0,0,-27026,27026,0,0,0,0,1,0
4290,2233854,4213,-20448,16235,0,6088,-29551,23462,0,0,0,0,1,0
4291,2234375,8263,-21408,13145,0,11942,-30940,18997,0,0,0,0,1,0
4292,2234895,11995,-21545,9550,0,17337,-31140,13802,0,0,0,0,1,0
4293,2235416,15266,-20854,5588,0,22066,-30143,8077,0,0,0,0,1,0
4294,2235937,17950,-19362,1412,0,25947,-27988,2041,0,0,0,0,1,0
4295,2236458,19944,-17126,-2818,0,28831,-24758,-4073,0,0,0,0,1,0
4296,2236979,21171,-14232,-6938,0,30607,-20576,-10031,0,0,0,0,1,0
4297,2237500,21584,-10792,-10792,0,31207,-15603,-15603,0,0,0,0,1,0
4298,2238020,21168,-6938,-14231,0,30607,-10031,-20576,0,0,0,0,1,0
4299,2238541,19939,-2817,-17122,0,28831,-4073,-24758,0,0,0,0,1,0
4300,2239062,17943,1411,-19355,0,25947,2041,-27988,0,0,0,0,1,0
4301,2239583,15258,5585,-20843,0,22066,8077,-30143,0,0,0,0,1,0
4302,2240104,11988,9543,-21531,0,17337,13802,-31140,0,0,0,0,1,0
4303,2240625,8257,13135,-21391,0,11942,18997,-30940,0,0,0,0,1,0
4304,2241145,4209,16220,-20429,0,6088,23462,-29551,0,0,0,0,1,0
4305,2241666,0,18683,-18683,0,0,27026,-27026,0,0,0,0,1,0
4306,2242187,-4208,20427,-16218,0,-6088,29551,-23462,0,0,0,0,1,0
4307,2242708,-8255,21386,-13131,0,-11942,30940,-18997,0,0,0,0,1,0
4308,2243229,-11983,21523,-9540,0,-17337,31140,-13802,0,0,0,0,1,0
4309,2243750,-15250,20832,-5582,0,-22066,30143,-8077,0,0,0,0,1,0
4310,2244270,-17931,19342,-1410,0,-25947,27988,-2041,0,0,0,0,1,0
4311,2244791,-19923,17108,2815,0,-28831,24758,4073,0,0,0,0,1,0
4312,2245312,-21149,14218,6931,0,-30607,20576,10031,0,0,0,0,1,0
4313,2245833,-21562,10781,10781,0,-31207,15603,15603,0,0,0,0,1,0
4314,2246354,-21146,6930,14216,0,-30607,10031,20576,0,0,0,0,1,0
4315,2246875,-19918,2814,17104,0,-28831,4073,24758,0,0,0,0,1,0
4316,2247395,-17924,-1410,19334,0,-25947,-2041,27988,0,0,0,0,1,0
4317,2247916,-15242,-5579,20822,0,-22066,-8077,30143,0,0,0,0,1,0
4318,2248437,-11975,-9533,21509,0,-17337,-13802,31140,0,0,0,0,1,0
4319,2248958,-8248,-13121,21369,0,-11942,-18997,30940,0,0,0,0,1,0
4320,2249479,-4205,-16204,20408,0,-6088,-23462,29551,0,0,0,0,1,0
4321,2250000,0,-18663,18663,0,0,-27026,27026,0,0,0,0,1,0
4322,2250520,4204,-20406,16201,0,6088,-29551,23462,0,0,0,0,1,0
4323,2251041,8246,-21363,13117,0,11942,-30940,18997,0,0,0,0,1,0
4324,2251562,11970,-21500,9530,0,17337,-31140,13802,0,0,0,0,1,0
4325,2252083,15235,-20811,5576,0,22066,-30143,8077,0,0,0,0,1,0
4326,2252604,17913,-19322,1409,0,25947,-27988,2041,0,0,0,0,1,0
4327,2253125,19902,-17091,-2812,0,28831,-24758,-4073,0,0,0,0,1,0
4328,2253645,21127,-14203,-6924,0,30607,-20576,-10031,0,0,0,0,1,0
4329,2254166,21539,-10770,-10770,0,31207,-15603,-15603,0,0,0,0,1,0
4330,2254687,21124,-6923,-14201,0,30607,-10031,-20576,0,0,0,0,1,0
4331,2255208,19897,-2811,-17086,0,28831,-4073,-24758,0,0,0,0,1,0
4332,2255729,17906,1408,-19314,0,25947,2041,-27988,0,0,0,0,1,0
4333,2256250,15227,5573,-20800,0,22066,8077,-30143,0,0,0,0,1,0
4334,2256770,11963,9524,-21486,0,17337,13802,-31140,0,0,0,0,1,0
4335,2257291,8240,13107,-21347,0,11942,18997,-30940,0,0,0,0,1,0
4336,2257812,4200,16187,-20387,0,6088,23462,-29551,0,0,0,0,1,0
4337,2258333,0,18644,-18644,0,0,27026,-27026,0,0,0,0,1,0
4338,2258854,-4200,20384,-16185,0,-6088,29551,-23462,0,0,0,0,1,0
4339,2259375,-8237,21341,-13104,0,-11942,30940,-18997,0,0,0,0,1,0
4340,2259895,-11958,21478,-9520,0,-17337,31140,-13802,0,0,0,0,1,0
4341,2260416,-15219,20789,-5570,0,-22066,30143,-8077,0,0,0,0,1,0
4342,2260937,-17894,19302,-1408,0,-25947,27988,-2041,0,0,0,0,1,0
4343,2261458,-19882,17073,2809,0,-28831,24758,4073,0,0,0,0,1,0
4344,2261979,-21105,14188,6917,0,-30607,20576,10031,0,0,0,0,1,0
4345,2262500,-21517,10759,10759,0,-31207,15603,15603,0,0,0,0,1,0
4346,2263020,-21102,6916,14186,0,-30607,10031,20576,0,0,0,0,1,0
4347,2263541,-19877,2808,17068,0,-28831,4073,24758,0,0,0,0,1,0
4348,2264062,-17887,-1407,19294,0,-25947,-2041,27988,0,0,0,0,1,0
4349,2264583,-15211,-5568,20778,0,-22066,-8077,30143,0,0,0,0,1,0
4350,2265104,-11950,-9514,21464,0,-17337,-13802,31140,0,0,0,0,1,0
4351,2265625,-8231,-13094,21325,0,-11942,-18997,30940,0,0,0,0,1,0
4352,2266145,-4196,-16170,20366,0,-6088,-23462,29551,0,0,0,0,1,0
4353,2266666,0,-18625,18625,0,0,-27026,27026,0,0,0,0,1,0
4354,2267187,4195,-20363,16168,0,6088,-29551,23462,0,0,0,0,1,0
4355,2267708,8229,-21319,13090,0,11942,-30940,18997,0,0,0,0,1,0
4356,2268229,11946,-21456,9510,0,17337,-31140,13802,0,0,0,0,1,0
4357,2268750,15203,-20768,5565,0,22066,-30143,8077,0,0,0,0,1,0
4358,2269270,17876,-19282,1406,0,25947,-27988,2041,0,0,0,0,1,0
4359,2269791,19861,-17055,-2806,0,28831,-24758,-4073,0,0,0,0,1,0
4360,2270312,21083,-14173,-6910,0,30607,-20576,-10031,0,0,0,0,1,0
4361,2270833,21495,-10747,-10747,0,31207,-15603,-15603,0,0,0,0,1,0
4362,2271354,21080,-6909,-14172,0,30607,-10031,-20576,0,0,0,0,1,0
4363,2271875,19856,-2805,-17051,0,28831,-4073,-24758,0,0,0,0,1,0
4364,2272395,17869,1406,-19274,0,25947,2041,-27988,0,0,0,0,1,0
4365,2272916,15195,5562,-20757,0,22066,8077,-30143,0,0,0,0,1,0
4366,2273437,11938,9504,-21442,0,17337,13802,-31140,0,0,0,0,1,0
4367,2273958,8223,13080,-21303,0,11942,18997,-30940,0,0,0,0,1,0
4368,2274479,4192,16153,-20345,0,6088,23462,-29551,0,0,0,0,1,0
4369,2275000,0,18605,-18605,0,0,27026,-27026,0,0,0,0,1,0
4370,2275520,-4191,20342,-16151,0,-6088,29551,-23462,0,0,0,0,1,0
4371,2276041,-8220,21297,-13077,0,-11942,30940,-18997,0,0,0,0,1,0
4372,2276562,-11933,21434,-9500,0,-17337,31140,-13802,0,0,0,0,1,0
4373,2277083,-15187,20746,-5559,0,-22066,30143,-8077,0,0,0,0,1,0
4374,2277604,-17857,19262,-1405,0,-25947,27988,-2041,0,0,0,0,1,0
4375,2278125,-19841,17038,2803,0,-28831,24758,4073,0,0,0,0,1,0
4376,2278645,-21061,14159,6903,0,-30607,20576,10031,0,0,0,0,1,0
4377,2279166,-21473,10736,10736,0,-31207,15603,15603,0,0,0,0,1,0
4378,2279687,-21059,6902,14157,0,-30607,10031,20576,0,0,0,0,1,0
4379,2280208,-19836,2802,17033,0,-28831,4073,24758,0,0,0,0,1,0
4380,2280729,-17850,-1404,19254,0,-25947,-2041,27988,0,0,0,0,1,0
4381,2281250,-15180,-5556,20736,0,-22066,-8077,30143,0,0,0,0,1,0
4382,2281770,-11926,-9494,21420,0,-17337,-13802,31140,0,0,0,0,1,0
4383,2282291,-8214,-13067,21281,0,-11942,-18997,30940,0,0,0,0,1,0
4384,2282812,-4187,-16137,20324,0,-6088,-23462,29551,0,0,0,0,1,0
4385,2283333,0,-18586,18586,0,0,-27026,27026,0,0,0,0,1,0
4386,2283854,4187,-20321,16135,0,6088,-29551,23462,0,0,0,0,1,0
4387,2284375,8212,-21275,13063,0,11942,-30940,18997,0,0,0,0,1,0
4388,2284895,11921,-21411,9490,0,17337,-31140,13802,0,0,0,0,1,0
4389,2285416,15172,-20725,5553,0,22066,-30143,8077,0,0,0,0,1,0
4390,2285937,17839,-19242,1403,0,25947,-27988,2041,0,0,0,0,1,0
4391,2286458,19820,-17020,-2800,0,28831,-24758,-4073,0,0,0,0,1,0
4392,2286979,21040,-14144,-6895,0,30607,-20576,-10031,0,0,0,0,1,0
4393,2287500,21451,-10725,-10725,0,31207,-15603,-15603,0,0,0,0,1,0
4394,2288020,21037,-6895,-14142,0,30607,-10031,-20576,0,0,0,0,1,0
4395,2288541,19815,-2799,-17016,0,28831,-4073,-24758,0,0,0,0,1,0
4396,2289062,17832,1403,-19235,0,25947,2041,-27988,0,0,0,0,1,0
4397,2289583,15164,5550,-20714,0,22066,8077,-30143,0,0,0,0,1,0
4398,2290104,11913,9484,-21398,0,17337,13802,-31140,0,0,0,0,1,0
4399,2290625,8206,13053,-21259,0,11942,18997,-30940,0,0,0,0,1,0
4400,2291145,4183,16120,-20303,0,6088,23462,-29551,0,0,0,0,1,0
4401,2291666,0,18567,-18567,0,0,27026,-27026,0,0,0,0,1,0
4402,2292187,-4182,20300,-16118,0,-6088,29551,-23462,0,0,0,0,1,0
4403,2292708,-8204,21253,-13050,0,-11942,30940,-18997,0,0,0,0,1,0
4404,2293229,-11909,21390,-9481,0,-17337,31140,-13802,0,0,0,0,1,0
4405,2293750,-15156,20704,-5548,0,-22066,30143,-8077,0,0,0,0,1,0
4406,2294270,-17821,19222,-1402,0,-25947,27988,-2041,0,0,0,0,1,0
4407,2294791,-19800,17003,2797,0,-28831,24758,4073,0,0,0,0,1,0
4408,2295312,-21018,14130,6888,0,-30607,20576,10031,0,0,0,0,1,0
4409,2295833,-21429,10714,10714,0,-31207,15603,15603,0,0,0,0,1,0
4410,2296354,-21015,6888,14128,0,-30607,10031,20576,0,0,0,0,1,0
4411,2296875,-19795,2797,16998,0,-28831,4073,24758,0,0,0,0,1,0
4412,2297395,-17814,-1401,19215,0,-25947,-2041,27988,0,0,0,0,1,0
4413,2297916,-15148,-5545,20693,0,-22066,-8077,30143,0,0,0,0,1,0
4414,2298437,-11901,-9475,21376,0,-17337,-13802,31140,0,0,0,0,1,0
4415,2298958,-8197,-13040,21237,0,-11942,-18997,30940,0,0,0,0,1,0
4416,2299479,-4179,-16104,20282,0,-6088,-23462,29551,0,0,0,0,1,0
4417,2300000,0,-18548,18548,0,0,-27026,27026,0,0,0,0,1,0
4418,2300520,4178,-20280,16102,0,6088,-29551,23462,0,0,0,0,1,0
4419,2301041,8195,-21232,13037,0,11942,-30940,18997,0,0,0,0,1,0
4420,2301562,11897,-21368,9471,0,17337,-31140,13802,0,0,0,0,1,0
4421,2302083,15141,-20683,5542,0,22066,-30143,8077,0,0,0,0,1,0
4422,2302604,17802,-19203,1400,0,25947,-27988,2041,0,0,0,0,1,0
4423,2303125,19780,-16985,-2794,0,28831,-24758,-4073,0,0,0,0,1,0
4424,2303645,20997,-14115,-6881,0,30607,-20576,-10031,0,0,0,0,1,0
4425,2304166,21407,-10703,-10703,0,31207,-15603,-15603,0,0,0,0,1,0
4426,2304687,20994,-6881,-14113,0,30607,-10031,-20576,0,0,0,0,1,0
4427,2305208,19775,-2794,-16981,0,28831,-4073,-24758,0,0,0,0,1,0
4428,2305729,17796,1400,-19195,0,25947,2041,-27988,0,0,0,0,1,0
4429,2306250,15133,5539,-20672,0,22066,8077,-30143,0,0,0,0,1,0
4430,2306770,11889,9465,-21354,0,17337,13802,-31140,0,0,0,0,1,0
4431,2307291,8189,13027,-21215,0,11942,18997,-30940,0,0,0,0,1,0
4432,2307812,4174,16087,-20262,0,6088,23462,-29551,0,0,0,0,1,0
4433,2308333,0,18529,-18529,0,0,27026,-27026,0,0,0,0,1,0
4434,2308854,-4174,20259,-16085,0,-6088,29551,-23462,0,0,0,0,1,0
4435,2309375,-8187,21210,-13023,0,-11942,30940,-18997,0,0,0,0,1,0
4436,2309895,-11885,21346,-9461,0,-17337,31140,-13802,0,0,0,0,1,0
4437,2310416,-15125,20661,-5536,0,-22066,30143,-8077,0,0,0,0,1,0
4438,2310937,-17784,19183,-1399,0,-25947,27988,-2041,0,0,0,0,1,0
4439,2311458,-19760,16968,2792,0,-28831,24758,4073,0,0,0,0,1,0
4440,2311979,-20975,14101,6874,0,-30607,20576,10031,0,0,0,0,1,0
4441,2312500,-21385,10692,10692,0,-31207,15603,15603,0,0,0,0,1,0
4442,2313020,-20973,6873,14099,0,-30607,10031,20576,0,0,0,0,1,0
4443,2313541,-19754,2791,16964,0,-28831,4073,24758,0,0,0,0,1,0
4444,2314062,-17777,-1398,19176,0,-25947,-2041,27988,0,0,0,0,1,0
4445,2314583,-15118,-5533,20651,0,-22066,-8077,30143,0,0,0,0,1,0
4446,2315104,-11877,-9455,21332,0,-17337,-13802,31140,0,0,0,0,1,0
4447,2315625,-8180,-13013,21194,0,-11942,-18997,30940,0,0,0,0,1,0
4448,2316145,-4170,-16071,20241,0,-6088,-23462,29551,0,0,0,0,1,0
4449,2316666,0,-18510,18510,0,0,-27026,27026,0,0,0,0,1,0
4450,2317187,4170,-20238,16069,0,6088,-29551,23462,0,0,0,0,1,0
4451,2317708,8178,-21188,13010,0,11942,-30940,18997,0,0,0,0,1,0
4452,2318229,11872,-21324,9452,0,17337,-31140,13802,0,0,0,0,1,0
4453,2318750,15110,-20640,5531,0,22066,-30143,8077,0,0,0,0,1,0
4454,2319270,17766,-19164,1397,0,25947,-27988,2041,0,0,0,0,1,0
4455,2319791,19739,-16951,-2789,0,28831,-24758,-4073,0,0,0,0,1,0
4456,2320312,20954,-14087,-6867,0,30607,-20576,-10031,0,0,0,0,1,0
4457,2320833,21363,-10682,-10682,0,31207,-15603,-15603,0,0,0,0,1,0
4458,2321354,20951,-6867,-14085,0,30607,-10031,-20576,0,0,0,0,1,0
4459,2321875,19734,-2788,-16946,0,28831,-4073,-24758,0,0,0,0,1,0
4460,2322395,17759,1397,-19156,0,25947,2041,-27988,0,0,0,0,1,0
4461,2322916,15102,5528,-20630,0,22066,8077,-30143,0,0,0,0,1,0
4462,2323437,11865,9446,-21311,0,17337,13802,-31140,0,0,0,0,1,0
4463,2323958,8172,13000,-21172,0,11942,18997,-30940,0,0,0,0,1,0
4464,2324479,4166,16054,-20220,0,6088,23462,-29551,0,0,0,0,1,0
4465,2325000,0,18492,-18492,0,0,27026,-27026,0,0,0,0,1,0
4466,2325520,-4165,20218,-16052,0,-6088,29551,-23462,0,0,0,0,1,0
4467,2326041,-8170,21167,-12997,0,-11942,30940,-18997,0,0,0,0,1,0
4468,2326562,-11860,21302,-9442,0,-17337,31140,-13802,0,0,0,0,1,0
4469,2327083,-15095,20619,-5525,0,-22066,30143,-8077,0,0,0,0,1,0
4470,2327604,-17748,19144,-1396,0,-25947,27988,-2041,0,0,0,0,1,0
4471,2328125,-19719,16933,2786,0,-28831,24758,4073,0,0,0,0,1,0
4472,2328645,-20933,14072,6860,0,-30607,20576,10031,0,0,0,0,1,0
4473,2329166,-21341,10671,10671,0,-31207,15603,15603,0,0,0,0,1,0
4474,2329687,-20930,6860,14071,0,-30607,10031,20576,0,0,0,0,1,0
4475,2330208,-19714,2785,16929,0,-28831,4073,24758,0,0,0,0,1,0
4476,2330729,-17741,-1396,19137,0,-25947,-2041,27988,0,0,0,0,1,0
4477,2331250,-15087,-5522,20609,0,-22066,-8077,30143,0,0,0,0,1,0
4478,2331770,-11853,-9436,21289,0,-17337,-13802,31140,0,0,0,0,1,0
4479,2332291,-8164,-12987,21151,0,-11942,-18997,30940,0,0,0,0,1,0
4480,2332812,-4162,-16038,20200,0,-6088,-23462,29551,0,0,0,0,1,0
4481,2333333,0,-18473,18473,0,0,-27026,27026,0,0,0,0,1,0
4482,2333854,4161,-20197,16036,0,6088,-29551,23462,0,0,0,0,1,0
4483,2334375,8162,-21145,12984,0,11942,-30940,18997,0,0,0,0,1,0
4484,2334895,11848,-21281,9433,0,17337,-31140,13802,0,0,0,0,1,0
4485,2335416,15079,-20599,5519,0,22066,-30143,8077,0,0,0,0,1,0
4486,2335937,17730,-19125,1395,0,25947,-27988,2041,0,0,0,0,1,0
4487,2336458,19699,-16916,-2783,0,28831,-24758,-4073,0,0,0,0,1,0
4488,2336979,20912,-14058,-6853,0,30607,-20576,-10031,0,0,0,0,1,0
4489,2337500,21320,-10660,-10660,0,31207,-15603,-15603,0,0,0,0,1,0
4490,2338020,20909,-6853,-14056,0,30607,-10031,-20576,0,0,0,0,1,0
4491,2338541,19695,-2782,-16912,0,28831,-4073,-24758,0,0,0,0,1,0
4492,2339062,17723,1394,-19118,0,25947,2041,-27988,0,0,0,0,1,0
4493,2339583,15072,5517,-20588,0,22066,8077,-30143,0,0,0,0,1,0
4494,2340104,11841,9427,-21268,0,17337,13802,-31140,0,0,0,0,1,0
4495,2340625,8156,12974,-21129,0,11942,18997,-30940,0,0,0,0,1,0
4496,2341145,4157,16022,-20180,0,6088,23462,-29551,0,0,0,0,1,0
4497,2341666,0,18454,-18454,0,0,27026,-27026,0,0,0,0,1,0
4498,2342187,-4157,20177,-16020,0,-6088,29551,-23462,0,0,0,0,1,0
4499,2342708,-8154,21124,-12971,0,-11942,30940,-18997,0,0,0,0,1,0
4500,2343229,-11836,21259,-9423,0,-17337,31140,-13802,0,0,0,0,1,0
4501,2343750,-15064,20578,-5514,0,-22066,30143,-8077,0,0,0,0,1,0
4502,2344270,-17712,19106,-1393,0,-25947,27988,-2041,0,0,0,0,1,0
4503,2344791,-19680,16899,2780,0,-28831,24758,4073,0,0,0,0,1,0
4504,2345312,-20890,14044,6847,0,-30607,20576,10031,0,0,0,0,1,0
4505,2345833,-21298,10649,10649,0,-31207,15603,15603,0,0,0,0,1,0
4506,2346354,-20888,6846,14042,0,-30607,10031,20576,0,0,0,0,1,0
4507,2346875,-19675,2780,16895,0,-28831,4073,24758,0,0,0,0,1,0
4508,2347395,-17706,-1393,19098,0,-25947,-2041,27988,0,0,0,0,1,0
4509,2347916,-15056,-5511,20567,0,-22066,-8077,30143,0,0,0,0,1,0
4510,2348437,-11829,-9417,21246,0,-17337,-13802,31140,0,0,0,0,1,0
4511,2348958,-8147,-12961,21108,0,-11942,-18997,30940,0,0,0,0,1,0
4512,2349479,-4153,-16006,20159,0,-6088,-23462,29551,0,0,0,0,1,0
4513,2350000,0,-18436,18436,0,0,-27026,27026,0,0,0,0,1,0
4514,2350520,4153,-20157,16004,0,6088,-29551,23462,0,0,0,0,1,0
4515,2351041,8145,-21103,12957,0,11942,-30940,18997,0,0,0,0,1,0
4516,2351562,11825,-21238,9414,0,17337,-31140,13802,0,0,0,0,1,0
4517,2352083,15049,-20557,5508,0,22066,-30143,8077,0,0,0,0,1,0
4518,2352604,17695,-19086,1392,0,25947,-27988,2041,0,0,0,0,1,0
4519,2353125,19660,-16882,-2778,0,28831,-24758,-4073,0,0,0,0,1,0
4520,2353645,20869,-14030,-6840,0,30607,-20576,-10031,0,0,0,0,1,0
4521,2354166,21277,-10638,-10638,0,31207,-15603,-15603,0,0,0,0,1,0
4522,2354687,20867,-6839,-14028,0,30607,-10031,-20576,0,0,0,0,1,0
4523,2355208,19655,-2777,-16878,0,28831,-4073,-24758,0,0,0,0,1,0
4524,2355729,17688,1391,-19079,0,25947,2041,-27988,0,0,0,0,1,0
4525,2356250,15041,5506,-20547,0,22066,8077,-30143,0,0,0,0,1,0
4526,2356770,11817,9408,-21225,0,17337,13802,-31140,0,0,0,0,1,0
4527,2357291,8139,12948,-21087,0,11942,18997,-30940,0,0,0,0,1,0
4528,2357812,4149,15990,-20139,0,6088,23462,-29551,0,0,0,0,1,0
4529,2358333,0,18417,-18417,0,0,27026,-27026,0,0,0,0,1,0
4530,2358854,-4149,20136,-15988,0,-6088,29551,-23462,0,0,0,0,1,0
4531,2359375,-8137,21082,-12944,0,-11942,30940,-18997,0,0,0,0,1,0
4532,2359895,-11813,21217,-9404,0,-17337,31140,-13802,0,0,0,0,1,0
4533,2360416,-15034,20537,-5503,0,-22066,30143,-8077,0,0,0,0,1,0
4534,2360937,-17677,19067,-1390,0,-25947,27988,-2041,0,0,0,0,1,0
4535,2361458,-19640,16865,2775,0,-28831,24758,4073,0,0,0,0,1,0
4536,2361979,-20849,14016,6833,0,-30607,20576,10031,0,0,0,0,1,0
4537,2362500,-21256,10628,10628,0,-31207,15603,15603,0,0,0,0,1,0
4538,2363020,-20846,6832,14014,0,-30607,10031,20576,0,0,0,0,1,0
4539,2363541,-19635,2774,16861,0,-28831,4073,24758,0,0,0,0,1,0
4540,2364062,-17670,-1390,19060,0,-25947,-2041,27988,0,0,0,0,1,0
4541,2364583,-15026,-5500,20526,0,-22066,-8077,30143,0,0,0,0,1,0
4542,2365104,-11805,-9398,21204,0,-17337,-13802,31140,0,0,0,0,1,0
4543,2365625,-8131,-12935,21066,0,-11942,-18997,30940,0,0,0,0,1,0
4544,2366145,-4145,-15974,20119,0,-6088,-23462,29551,0,0,0,0,1,0
4545,2366666,0,-18399,18399,0,0,-27026,27026,0,0,0,0,1,0
4546,2367187,4144,-20116,15972,0,6088,-29551,23462,0,0,0,0,1,0
4547,2367708,8129,-21061,12932,0,11942,-30940,18997,0,0,0,0,1,0
4548,2368229,11801,-21196,9395,0,17337,-31140,13802,0,0,0,0,1,0
4549,2368750,15019,-20516,5497,0,22066,-30143,8077,0,0,0,0,1,0
4550,2369270,17659,-19048,1389,0,25947,-27988,2041,0,0,0,0,1,0
4551,2369791,19621,-16849,-2772,0,28831,-24758,-4073,0,0,0,0,1,0
4552,2370312,20828,-14002,-6826,0,30607,-20576,-10031,0,0,0,0,1,0
4553,2370833,21234,-10617,-10617,0,31207,-15603,-15603,0,0,0,0,1,0
4554,2371354,20825,-6825,-14000,0,30607,-10031,-20576,0,0,0,0,1,0
4555,2371875,19616,-2771,-16844,0,28831,-4073,-24758,0,0,0,0,1,0
4556,2372395,17652,1389,-19041,0,25947,2041,-27988,0,0,0,0,1,0
4557,2372916,15011,5495,-20506,0,22066,8077,-30143,0,0,0,0,1,0
4558,2373437,11794,9389,-21182,0,17337,13802,-31140,0,0,0,0,1,0
4559,2373958,8123,12922,-21045,0,11942,18997,-30940,0,0,0,0,1,0
4560,2374479,4141,15958,-20099,0,6088,23462,-29551,0,0,0,0,1,0
4561,2375000,0,18380,-18380,0,0,27026,-27026,0,0,0,0,1,0
4562,2375520,-4140,20096,-15956,0,-6088,29551,-23462,0,0,0,0,1,0
4563,2376041,-8121,21040,-12919,0,-11942,30940,-18997,0,0,0,0,1,0
4564,2376562,-11789,21174,-9385,0,-17337,31140,-13802,0,0,0,0,1,0
4565,2377083,-15004,20496,-5492,0,-22066,30143,-8077,0,0,0,0,1,0
4566,2377604,-17642,19029,-1388,0,-25947,27988,-2041,0,0,0,0,1,0
4567,2378125,-19601,16832,2769,0,-28831,24758,4073,0,0,0,0,1,0
4568,2378645,-20807,13988,6819,0,-30607,20576,10031,0,0,0,0,1,0
4569,2379166,-21213,10607,10607,0,-31207,15603,15603,0,0,0,0,1,0
4570,2379687,-20804,6818,13986,0,-30607,10031,20576,0,0,0,0,1,0
4571,2380208,-19596,2769,16828,0,-28831,4073,24758,0,0,0,0,1,0
4572,2380729,-17635,-1387,19022,0,-25947,-2041,27988,0,0,0,0,1,0
4573,2381250,-14996,-5489,20485,0,-22066,-8077,30143,0,0,0,0,1,0
4574,2381770,-11782,-9379,21161,0,-17337,-13802,31140,0,0,0,0,1,0
4575,2382291,-8115,-12909,21024,0,-11942,-18997,30940,0,0,0,0,1,0
4576,2382812,-4137,-15942,20079,0,-6088,-23462,29551,0,0,0,0,1,0
4577,2383333,0,-18362,18362,0,0,-27026,27026,0,0,0,0,1,0
4578,2383854,4136,-20076,15940,0,6088,-29551,23462,0,0,0,0,1,0
4579,2384375,8113,-21019,12906,0,11942,-30940,18997,0,0,0,0,1,0
4580,2384895,11777,-21153,9376,0,17337,-31140,13802,0,0,0,0,1,0
4581,2385416,14989,-20475,5486,0,22066,-30143,8077,0,0,0,0,1,0
4582,2385937,17624,-19010,1386,0,25947,-27988,2041,0,0,0,0,1,0
4583,2386458,19581,-16815,-2766,0,28831,-24758,-4073,0,0,0,0,1,0
4584,2386979,20786,-13974,-6812,0,30607,-20576,-10031,0,0,0,0,1,0
4585,2387500,21192,-10596,-10596,0,31207,-15603,-15603,0,0,0,0,1,0
4586,2388020,20784,-6812,-13972,0,30607,-10031,-20576,0,0,0,0,1,0
4587,2388541,19577,-2766,-16811,0,28831,-4073,-24758,0,0,0,0,1,0
4588,2389062,17617,1386,-19003,0,25947,2041,-27988,0,0,0,0,1,0
4589,2389583,14981,5484,-20465,0,22066,8077,-30143,0,0,0,0,1,0
4590,2390104,11770,9370,-21140,0,17337,13802,-31140,0,0,0,0,1,0
4591,2390625,8107,12896,-21003,0,11942,18997,-30940,0,0,0,0,1,0
4592,2391145,4133,15926,-20059,0,6088,23462,-29551,0,0,0,0,1,0
4593,2391666,0,18344,-18344,0,0,27026,-27026,0,0,0,0,1,0
4594,2392187,-4132,20056,-15924,0,-6088,29551,-23462,0,0,0,0,1,0
4595,2392708,-8105,20998,-12893,0,-11942,30940,-18997,0,0,0,0,1,0
4596,2393229,-11766,21132,-9367,0,-17337,31140,-13802,0,0,0,0,1,0
4597,2393750,-14974,20455,-5481,0,-22066,30143,-8077,0,0,0,0,1,0
4598,2394270,-17607,18991,-1385,0,-25947,27988,-2041,0,0,0,0,1,0
4599,2394791,-19562,16798,2764,0,-28831,24758,4073,0,0,0,0,1,0
4600,2395312,-20766,13960,6806,0,-30607,20576,10031,0,0,0,0,1,0
4601,2395833,-21171,10586,10586,0,-31207,15603,15603,0,0,0,0,1,0
4602,2396354,-20763,6805,13958,0,-30607,10031,20576,0,0,0,0,1,0
4603,2396875,-19557,2763,16794,0,-28831,4073,24758,0,0,0,0,1,0
4604,2397395,-17600,-1384,18984,0,-25947,-2041,27988,0,0,0,0,1,0
4605,2397916,-14967,-5478,20445,0,-22066,-8077,30143,0,0,0,0,1,0
4606,2398437,-11758,-9361,21119,0,-17337,-13802,31140,0,0,0,0,1,0
4607,2398958,-8099,-12883,20982,0,-11942,-18997,30940,0,0,0,0,1,0
4608,2399479,-4129,-15910,20039,0,-6088,-23462,29551,0,0,0,0,1,0
4609,2400000,0,-18326,18326,0,0,-27026,27026,0,0,0,0,1,0
4610,2400520,4128,-20037,15909,0,6088,-29551,23462,0,0,0,0,1,0
4611,2401041,8097,-20977,12880,0,11942,-30940,18997,0,0,0,0,1,0
4612,2401562,11754,-21112,9357,0,17337,-31140,13802,0,0,0,0,1,0
4613,2402083,14959,-20435,5475,0,22066,-30143,8077,0,0,0,0,1,0
4614,2402604,17589,-18973,1384,0,25947,-27988,2041,0,0,0,0,1,0
4615,2403125,19543,-16782,-2761,0,28831,-24758,-4073,0,0,0,0,1,0
4616,2403645,20745,-13946,-6799,0,30607,-20576,-10031,0,0,0,0,1,0
4617,2404166,21150,-10575,-10575,0,31207,-15603,-15603,0,0,0,0,1,0
4618,2404687,20743,-6798,-13945,0,30607,-10031,-20576,0,0,0,0,1,0
4619,2405208,19538,-2760,-16778,0,28831,-4073,-24758,0,0,0,0,1,0
4620,2405729,17583,1383,-18966,0,25947,2041,-27988,0,0,0,0,1,0
4621,2406250,14952,5473,-20425,0,22066,8077,-30143,0,0,0,0,1,0
4622,2406770,11747,9352,-21099,0,17337,13802,-31140,0,0,0,0,1,0
4623,2407291,8091,12871,-20962,0,11942,18997,-30940,0,0,0,0,1,0
4624,2407812,4124,15895,-20019,0,6088,23462,-29551,0,0,0,0,1,0
4625,2408333,0,18308,-18308,0,0,27026,-27026,0,0,0,0,1,0
4626,2408854,-4124,20017,-15893,0,-6088,29551,-23462,0,0,0,0,1,0
4627,2409375,-8089,20956,-12868,0,-11942,30940,-18997,0,0,0,0,1,0
4628,2409895,-11743,21091,-9348,0,-17337,31140,-13802,0,0,0,0,1,0
4629,2410416,-14944,20415,-5470,0,-22066,30143,-8077,0,0,0,0,1,0
4630,2410937,-17572,18954,-1382,0,-25947,27988,-2041,0,0,0,0,1,0
4631,2411458,-19524,16765,2758,0,-28831,24758,4073,0,0,0,0,1,0
4632,2411979,-20725,13933,6792,0,-30607,20576,10031,0,0,0,0,1,0
4633,2412500,-21130,10565,10565,0,-31207,15603,15603,0,0,0,0,1,0
4634,2413020,-20722,6791,13931,0,-30607,10031,20576,0,0,0,0,1,0
4635,2413541,-19519,2758,16761,0,-28831,4073,24758,0,0,0,0,1,0
4636,2414062,-17565,-1382,18947,0,-25947,-2041,27988,0,0,0,0,1,0
4637,2414583,-14937,-5467,20405,0,-22066,-8077,30143,0,0,0,0,1,0
4638,2415104,-11735,-9342,21078,0,-17337,-13802,31140,0,0,0,0,1,0
4639,2415625,-8083,-12858,20941,0,-11942,-18997,30940,0,0,0,0,1,0
4640,2416145,-4120,-15879,20000,0,-6088,-23462,29551,0,0,0,0,1,0
4641,2416666,0,-18290,18290,0,0,-27026,27026,0,0,0,0,1,0
4642,2417187,4120,-19997,15877,0,6088,-29551,23462,0,0,0,0,1,0
4643,2417708,8081,-20936,12855,0,11942,-30940,18997,0,0,0,0,1,0
4644,2418229,11731,-21070,9339,0,17337,-31140,13802,0,0,0,0,1,0
4645,2418750,14930,-20394,5465,0,22066,-30143,8077,0,0,0,0,1,0
4646,2419270,17555,-18935,1381,0,25947,-27988,2041,0,0,0,0,1,0
4647,2419791,19504,-16749,-2756,0,28831,-24758,-4073,0,0,0,0,1,0
4648,2420312,20704,-13919,-6786,0,30607,-20576,-10031,0,0,0,0,1,0
4649,2420833,21109,-10554,-10554,0,31207,-15603,-15603,0,0,0,0,1,0
4650,2421354,20702,-6785,-13917,0,30607,-10031,-20576,0,0,0,0,1,0
4651,2421875,19500,-2755,-16745,0,28831,-4073,-24758,0,0,0,0,1,0
4652,2422395,17548,1380,-18928,0,25947,2041,-27988,0,0,0,0,1,0
4653,2422916,14922,5462,-20384,0,22066,8077,-30143,0,0,0,0,1,0
4654,2423437,11724,9333,-21057,0,17337,13802,-31140,0,0,0,0,1,0
4655,2423958,8075,12845,-20920,0,11942,18997,-30940,0,0,0,0,1,0
4656,2424479,4116,15864,-19980,0,6088,23462,-29551,0,0,0,0,1,0
4657,2425000,0,18272,-18272,0,0,27026,-27026,0,0,0,0,1,0
4658,2425520,-4116,19977,-15862,0,-6088,29551,-23462,0,0,0,0,1,0
4659,2426041,-8073,20915,-12842,0,-11942,30940,-18997,0,0,0,0,1,0
4660,2426562,-11719,21049,-9330,0,-17337,31140,-13802,0,0,0,0,1,0
4661,2427083,-14915,20375,-5459,0,-22066,30143,-8077,0,0,0,0,1,0
4662,2427604,-17537,18917,-1379,0,-25947,27988,-2041,0,0,0,0,1,0
4663,2428125,-19485,16732,2753,0,-28831,24758,4073,0,0,0,0,1,0
4664,2428645,-20684,13905,6779,0,-30607,20576,10031,0,0,0,0,1,0
4665,2429166,-21088,10544,10544,0,-31207,15603,15603,0,0,0,0,1,0
4666,2429687,-20682,6778,13903,0,-30607,10031,20576,0,0,0,0,1,0
4667,2430208,-19480,2752,16728,0,-28831,4073,24758,0,0,0,0,1,0
4668,2430729,-17531,-1379,18910,0,-25947,-2041,27988,0,0,0,0,1,0
4669,2431250,-14908,-5457,20365,0,-22066,-8077,30143,0,0,0,0,1,0
4670,2431770,-11712,-9324,21037,0,-17337,-13802,31140,0,0,0,0,1,0
4671,2432291,-8067,-12833,20900,0,-11942,-18997,30940,0,0,0,0,1,0
4672,2432812,-4112,-15848,19960,0,-6088,-23462,29551,0,0,0,0,1,0
4673,2433333,0,-18254,18254,0,0,-27026,27026,0,0,0,0,1,0
4674,2433854,4112,-19958,15846,0,6088,-29551,23462,0,0,0,0,1,0
4675,2434375,8065,-20895,12830,0,11942,-30940,18997,0,0,0,0,1,0
4676,2434895,11708,-21029,9321,0,17337,-31140,13802,0,0,0,0,1,0
4677,2435416,14901,-20355,5454,0,22066,-30143,8077,0,0,0,0,1,0
4678,2435937,17520,-18898,1378,0,25947,-27988,2041,0,0,0,0,1,0
4679,2436458,19466,-16716,-2750,0,28831,-24758,-4073,0,0,0,0,1,0
4680,2436979,20664,-13892,-6772,0,30607,-20576,-10031,0,0,0,0,1,0
4681,2437500,21068,-10534,-10534,0,31207,-15603,-15603,0,0,0,0,1,0
4682,2438020,20661,-6772,-13890,0,30607,-10031,-20576,0,0,0,0,1,0
4683,2438541,19461,-2750,-16712,0,28831,-4073,-24758,0,0,0,0,1,0
4684,2439062,17514,1378,-18891,0,25947,2041,-27988,0,0,0,0,1,0
4685,2439583,14893,5451,-20345,0,22066,8077,-30143,0,0,0,0,1,0
4686,2440104,11701,9315,-21016,0,17337,13802,-31140,0,0,0,0,1,0
4687,2440625,8059,12820,-20880,0,11942,18997,-30940,0,0,0,0,1,0
4688,2441145,4108,15833,-19941,0,6088,23462,-29551,0,0,0,0,1,0
4689,2441666,0,18236,-18236,0,0,27026,-27026,0,0,0,0,1,0
4690,2442187,-4108,19939,-15831,0,-6088,29551,-23462,0,0,0,0,1,0
4691,2442708,-8057,20875,-12817,0,-11942,30940,-18997,0,0,0,0,1,0
4692,2443229,-11697,21008,-9312,0,-17337,31140,-13802,0,0,0,0,1,0
4693,2443750,-14886,20335,-5449,0,-22066,30143,-8077,0,0,0,0,1,0
4694,2444270,-17503,18880,-1377,0,-25947,27988,-2041,0,0,0,0,1,0
4695,2444791,-19447,16700,2748,0,-28831,24758,4073,0,0,0,0,1,0
4696,2445312,-20644,13878,6766,0,-30607,20576,10031,0,0,0,0,1,0
4697,2445833,-21047,10523,10523,0,-31207,15603,15603,0,0,0,0,1,0
4698,2446354,-20641,6765,13876,0,-30607,10031,20576,0,0,0,0,1,0
4699,2446875,-19443,2747,16696,0,-28831,4073,24758,0,0,0,0,1,0
4700,2447395,-17497,-1376,18873,0,-25947,-2041,27988,0,0,0,0,1,0
4701,2447916,-14879,-5446,20325,0,-22066,-8077,30143,0,0,0,0,1,0
4702,2448437,-11690,-9306,20996,0,-17337,-13802,31140,0,0,0,0,1,0
4703,2448958,-8051,-12808,20859,0,-11942,-18997,30940,0,0,0,0,1,0
4704,2449479,-4104,-15817,19922,0,-6088,-23462,29551,0,0,0,0,1,0
4705,2450000,0,-18218,18218,0,0,-27026,27026,0,0,0,0,1,0
4706,2450520,4104,-19919,15815,0,6088,-29551,23462,0,0,0,0,1,0
4707,2451041,8049,-20854,12805,0,11942,-30940,18997,0,0,0,0,1,0
4708,2451562,11685,-20988,9303,0,17337,-31140,13802,0,0,0,0,1,0
4709,2452083,14872,-20315,5443,0,22066,-30143,8077,0,0,0,0,1,0
4710,2452604,17486,-18862,1375,0,25947,-27988,2041,0,0,0,0,1,0
4711,2453125,19428,-16684,-2745,0,28831,-24758,-4073,0,0,0,0,1,0
4712,2453645,20624,-13865,-6759,0,30607,-20576,-10031,0,0,0,0,1,0
4713,2454166,21027,-10513,-10513,0,31207,-15603,-15603,0,0,0,0,1,0
4714,2454687,20621,-6758,-13863,0,30607,-10031,-20576,0,0,0,0,1,0
4715,2455208,19424,-2744,-16679,0,28831,-4073,-24758,0,0,0,0,1,0
4716,2455729,17480,1375,-18855,0,25947,2041,-27988,0,0,0,0,1,0
4717,2456250,14864,5441,-20305,0,22066,8077,-30143,0,0,0,0,1,0
4718,2456770,11678,9297,-20975,0,17337,13802,-31140,0,0,0,0,1,0
4719,2457291,8044,12796,-20839,0,11942,18997,-30940,0,0,0,0,1,0
4720,2457812,4100,15802,-19902,0,6088,23462,-29551,0,0,0,0,1,0
4721,2458333,0,18201,-18201,0,0,27026,-27026,0,0,0,0,1,0
4722,2458854,-4100,19900,-15800,0,-6088,29551,-23462,0,0,0,0,1,0
4723,2459375,-8042,20834,-12792,0,-11942,30940,-18997,0,0,0,0,1,0
4724,2459895,-11674,20968,-9294,0,-17337,31140,-13802,0,0,0,0,1,0
4725,2460416,-14857,20295,-5438,0,-22066,30143,-8077,0,0,0,0,1,0
4726,2460937,-17469,18843,-1374,0,-25947,27988,-2041,0,0,0,0,1,0
4727,2461458,-19410,16667,2742,0,-28831,24758,4073,0,0,0,0,1,0
4728,2461979,-20604,13851,6753,0,-30607,20576,10031,0,0,0,0,1,0
4729,2462500,-21006,10503,10503,0,-31207,15603,15603,0,0,0,0,1,0
4730,2463020,-20601,6752,13850,0,-30607,10031,20576,0,0,0,0,1,0
4731,2463541,-19405,2742,16663,0,-28831,4073,24758,0,0,0,0,1,0
4732,2464062,-17463,-1374,18836,0,-25947,-2041,27988,0,0,0,0,1,0
4733,2464583,-14850,-5435,20286,0,-22066,-8077,30143,0,0,0,0,1,0
4734,2465104,-11667,-9288,20955,0,-17337,-13802,31140,0,0,0,0,1,0
4735,2465625,-8036,-12783,20819,0,-11942,-18997,30940,0,0,0,0,1,0
4736,2466145,-4096,-15787,19883,0,-6088,-23462,29551,0,0,0,0,1,0
4737,2466666,0,-18183,18183,0,0,-27026,27026,0,0,0,0,1,0
4738,2467187,4096,-19881,15785,0,6088,-29551,23462,0,0,0,0,1,0
4739,2467708,8034,-20814,12780,0,11942,-30940,18997,0,0,0,0,1,0
4740,2468229,11663,-20947,9285,0,17337,-31140,13802,0,0,0,0,1,0
4741,2468750,14843,-20276,5433,0,22066,-30143,8077,0,0,0,0,1,0
4742,2469270,17452,-18825,1373,0,25947,-27988,2041,0,0,0,0,1,0
4743,2469791,19391,-16651,-2740,0,28831,-24758,-4073,0,0,0,0,1,0
4744,2470312,20584,-13838,-6746,0,30607,-20576,-10031,0,0,0,0,1,0
4745,2470833,20986,-10493,-10493,0,31207,-15603,-15603,0,0,0,0,1,0
4746,2471354,20581,-6745,-13836,0,30607,-10031,-20576,0,0,0,0,1,0
4747,2471875,19386,-2739,-16647,0,28831,-4073,-24758,0,0,0,0,1,0
4748,2472395,17446,1372,-18818,0,25947,2041,-27988,0,0,0,0,1,0
4749,2472916,14836,5430,-20266,0,22066,8077,-30143,0,0,0,0,1,0
4750,2473437,11656,9279,-20935,0,17337,13802,-31140,0,0,0,0,1,0
4751,2473958,8028,12771,-20799,0,11942,18997,-30940,0,0,0,0,1,0
4752,2474479,4092,15771,-19864,0,6088,23462,-29551,0,0,0,0,1,0
4753,2475000,0,18166,-18166,0,0,27026,-27026,0,0,0,0,1,0
4754,2475520,-4092,19861,-15770,0,-6088,29551,-23462,0,0,0,0,1,0
4755,2476041,-8026,20794,-12768,0,-11942,30940,-18997,0,0,0,0,1,0
4756,2476562,-11651,20927,-9276,0,-17337,31140,-13802,0,0,0,0,1,0
4757,2477083,-14829,20256,-5428,0,-22066,30143,-8077,0,0,0,0,1,0
4758,2477604,-17436,18807,-1371,0,-25947,27988,-2041,0,0,0,0,1,0
4759,2478125,-19372,16635,2737,0,-28831,24758,4073,0,0,0,0,1,0
4760,2478645,-20564,13825,6740,0,-30607,20576,10031,0,0,0,0,1,0
4761,2479166,-20966,10483,10483,0,-31207,15603,15603,0,0,0,0,1,0
4762,2479687,-20562,6739,13823,0,-30607,10031,20576,0,0,0,0,1,0
4763,2480208,-19368,2736,16631,0,-28831,4073,24758,0,0,0,0,1,0
4764,2480729,-17429,-1371,18800,0,-25947,-2041,27988,0,0,0,0,1,0
4765,2481250,-14821,-5425,20247,0,-22066,-8077,30143,0,0,0,0,1,0
4766,2481770,-11644,-9270,20915,0,-17337,-13802,31140,0,0,0,0,1,0
4767,2482291,-8020,-12759,20779,0,-11942,-18997,30940,0,0,0,0,1,0
4768,2482812,-4088,-15756,19845,0,-6088,-23462,29551,0,0,0,0,1,0
4769,2483333,0,-18148,18148,0,0,-27026,27026,0,0,0,0,1,0
4770,2483854,4088,-19842,15754,0,6088,-29551,23462,0,0,0,0,1,0
4771,2484375,8018,-20774,12755,0,11942,-30940,18997,0,0,0,0,1,0
4772,2484895,11640,-20907,9267,0,17337,-31140,13802,0,0,0,0,1,0
4773,2485416,14814,-20237,5422,0,22066,-30143,8077,0,0,0,0,1,0
4774,2485937,17419,-18789,1370,0,25947,-27988,2041,0,0,0,0,1,0
4775,2486458,19354,-16619,-2734,0,28831,-24758,-4073,0,0,0,0,1,0
4776,2486979,20544,-13811,-6733,0,30607,-20576,-10031,0,0,0,0,1,0
4777,2487500,20946,-10473,-10473,0,31207,-15603,-15603,0,0,0,0,1,0
4778,2488020,20542,-6732,-13810,0,30607,-10031,-20576,0,0,0,0,1,0
4779,2488541,19349,-2734,-16615,0,28831,-4073,-24758,0,0,0,0,1,0
4780,2489062,17413,1370,-18782,0,25947,2041,-27988,0,0,0,0,1,0
4781,2489583,14807,5420,-20227,0,22066,8077,-30143,0,0,0,0,1,0
4782,2490104,11633,9261,-20895,0,17337,13802,-31140,0,0,0,0,1,0
4783,2490625,8013,12746,-20759,0,11942,18997,-30940,0,0,0,0,1,0
4784,2491145,4085,15741,-19826,0,6088,23462,-29551,0,0,0,0,1,0
4785,2491666,0,18131,-18131,0,0,27026,-27026,0,0,0,0,1,0
4786,2492187,-4084,19823,-15739,0,-6088,29551,-23462,0,0,0,0,1,0
4787,2492708,-8011,20754,-12743,0,-11942,30940,-18997,0,0,0,0,1,0
4788,2493229,-11629,20887,-9258,0,-17337,31140,-13802,0,0,0,0,1,0
4789,2493750,-14800,20217,-5417,0,-22066,30143,-8077,0,0,0,0,1,0
4790,2494270,-17402,18771,-1369,0,-25947,27988,-2041,0,0,0,0,1,0
4791,2494791,-19335,16603,2732,0,-28831,24758,4073,0,0,0,0,1,0
4792,2495312,-20525,13798,6727,0,-30607,20576,10031,0,0,0,0,1,0
4793,2495833,-20926,10463,10463,0,-31207,15603,15603,0,0,0,0,1,0
4794,2496354,-20522,6726,13796,0,-30607,10031,20576,0,0,0,0,1,0
4795,2496875,-19330,2731,16599,0,-28831,4073,24758,0,0,0,0,1,0
4796,2497395,-17396,-1368,18764,0,-25947,-2041,27988,0,0,0,0,1,0
4797,2497916,-14793,-5415,20208,0,-22066,-8077,30143,0,0,0,0,1,0
4798,2498437,-11622,-9252,20875,0,-17337,-13802,31140,0,0,0,0,1,0
4799,2498958,-8005,-12734,20739,0,-11942,-18997,30940,0,0,0,0,1,0
4800,2499479,-4081,-15726,19807,0,-6088,-23462,29551,0,0,0,0,1,0
4801,2500000,0,-18113,18113,0,0,-27026,27026,0,0,0,0,1,0
4802,2500520,4080,-19804,15724,0,6088,-29551,23462,0,0,0,0,1,0
4803,2501041,8003,-20734,12731,0,11942,-30940,18997,0,0,0,0,1,0
4804,2501562,11618,-20867,9249,0,17337,-31140,13802,0,0,0,0,1,0
4805,2502083,14786,-20198,5412,0,22066,-30143,8077,0,0,0,0,1,0
4806,2502604,17386,-18753,1368,0,25947,-27988,2041,0,0,0,0,1,0
4807,2503125,19317,-16588,-2729,0,28831,-24758,-4073,0,0,0,0,1,0
4808,2503645,20505,-13785,-6720,0,30607,-20576,-10031,0,0,0,0,1,0
4809,2504166,20906,-10453,-10453,0,31207,-15603,-15603,0,0,0,0,1,0
4810,2504687,20503,-6719,-13783,0,30607,-10031,-20576,0,0,0,0,1,0
4811,2505208,19312,-2728,-16584,0,28831,-4073,-24758,0,0,0,0,1,0
4812,2505729,17379,1367,-18746,0,25947,2041,-27988,0,0,0,0,1,0
4813,2506250,14779,5409,-20188,0,22066,8077,-30143,0,0,0,0,1,0
4814,2506770,11611,9244,-20855,0,17337,13802,-31140,0,0,0,0,1,0
4815,2507291,7997,12722,-20719,0,11942,18997,-30940,0,0,0,0,1,0
4816,2507812,4077,15711,-19788,0,6088,23462,-29551,0,0,0,0,1,0
4817,2508333,0,18096,-18096,0,0,27026,-27026,0,0,0,0,1,0
4818,2508854,-4076,19786,-15709,0,-6088,29551,-23462,0,0,0,0,1,0
4819,2509375,-7995,20714,-12719,0,-11942,30940,-18997,0,0,0,0,1,0
4820,2509895,-11607,20847,-9240,0,-17337,31140,-13802,0,0,0,0,1,0
4821,2510416,-14772,20179,-5407,0,-22066,30143,-8077,0,0,0,0,1,0
4822,2510937,-17369,18735,-1366,0,-25947,27988,-2041,0,0,0,0,1,0
4823,2511458,-19298,16572,2726,0,-28831,24758,4073,0,0,0,0,1,0
4824,2511979,-20486,13772,6714,0,-30607,20576,10031,0,0,0,0,1,0
4825,2512500,-20886,10443,10443,0,-31207,15603,15603,0,0,0,0,1,0
4826,2513020,-20483,6713,13770,0,-30607,10031,20576,0,0,0,0,1,0
4827,2513541,-19294,2726,16568,0,-28831,4073,24758,0,0,0,0,1,0
4828,2514062,-17363,-1366,18729,0,-25947,-2041,27988,0,0,0,0,1,0
4829,2514583,-14765,-5404,20169,0,-22066,-8077,30143,0,0,0,0,1,0
4830,2515104,-11600,-9235,20835,0,-17337,-13802,31140,0,0,0,0,1,0
4831,2515625,-7990,-12710,20700,0,-11942,-18997,30940,0,0,0,0,1,0
4832,2516145,-4073,-15696,19769,0,-6088,-23462,29551,0,0,0,0,1,0
4833,2516666,0,-18079,18079,0,0,-27026,27026,0,0,0,0,1,0
4834,2517187,4072,-19767,15694,0,6088,-29551,23462,0,0,0,0,1,0
4835,2517708,7988,-20695,12707,0,11942,-30940,18997,0,0,0,0,1,0
4836,2518229,11596,-20827,9232,0,17337,-31140,13802,0,0,0,0,1,0
4837,2518750,14758,-20160,5402,0,22066,-30143,8077,0,0,0,0,1,0
4838,2519270,17352,-18717,1365,0,25947,-27988,2041,0,0,0,0,1,0
4839,2519791,19280,-16556,-2724,0,28831,-24758,-4073,0,0,0,0,1,0
4840,2520312,20466,-13759,-6708,0,30607,-20576,-10031,0,0,0,0,1,0
4841,2520833,20866,-10433,-10433,0,31207,-15603,-15603,0,0,0,0,1,0
4842,2521354,20464,-6707,-13757,0,30607,-10031,-20576,0,0,0,0,1,0
4843,2521875,19275,-2723,-16552,0,28831,-4073,-24758,0,0,0,0,1,0
4844,2522395,17346,1364,-18711,0,25947,2041,-27988,0,0,0,0,1,0
4845,2522916,14751,5399,-20150,0,22066,8077,-30143,0,0,0,0,1,0
4846,2523437,11589,9226,-20815,0,17337,13802,-31140,0,0,0,0,1,0
4847,2523958,7982,12698,-20680,0,11942,18997,-30940,0,0,0,0,1,0
4848,2524479,4069,15681,-19750,0,6088,23462,-29551,0,0,0,0,1,0
4849,2525000,0,18062,-18062,0,0,27026,-27026,0,0,0,0,1,0
4850,2525520,-4069,19748,-15680,0,-6088,29551,-23462,0,0,0,0,1,0
4851,2526041,-7980,20675,-12695,0,-11942,30940,-18997,0,0,0,0,1,0
4852,2526562,-11585,20808,-9223,0,-17337,31140,-13802,0,0,0,0,1,0
4853,2527083,-14744,20141,-5397,0,-22066,30143,-8077,0,0,0,0,1,0
4854,2527604,-17336,18700,-1364,0,-25947,27988,-2041,0,0,0,0,1,0
4855,2528125,-19262,16540,2721,0,-28831,24758,4073,0,0,0,0,1,0
4856,2528645,-20447,13746,6701,0,-30607,20576,10031,0,0,0,0,1,0
4857,2529166,-20846,10423,10423,0,-31207,15603,15603,0,0,0,0,1,0
4858,2529687,-20444,6700,13744,0,-30607,10031,20576,0,0,0,0,1,0
4859,2530208,-19257,2721,16536,0,-28831,4073,24758,0,0,0,0,1,0
4860,2530729,-17330,-1363,18693,0,-25947,-2041,27988,0,0,0,0,1,0
4861,2531250,-14737,-5394,20131,0,-22066,-8077,30143,0,0,0,0,1,0
4862,2531770,-11578,-9217,20795,0,-17337,-13802,31140,0,0,0,0,1,0
4863,2532291,-7975,-12686,20661,0,-11942,-18997,30940,0,0,0,0,1,0
4864,2532812,-4065,-15667,19732,0,-6088,-23462,29551,0,0,0,0,1,0
4865,2533333,0,-18045,18045,0,0,-27026,27026,0,0,0,0,1,0
4866,2533854,4065,-19729,15665,0,6088,-29551,23462,0,0,0,0,1,0
4867,2534375,7973,-20656,12683,0,11942,-30940,18997,0,0,0,0,1,0
4868,2534895,11574,-20788,9214,0,17337,-31140,13802,0,0,0,0,1,0
4869,2535416,14730,-20122,5392,0,22066,-30143,8077,0,0,0,0,1,0
4870,2535937,17320,-18682,1362,0,25947,-27988,2041,0,0,0,0,1,0
4871,2536458,19244,-16525,-2719,0,28831,-24758,-4073,0,0,0,0,1,0
4872,2536979,20428,-13733,-6695,0,30607,-20576,-10031,0,0,0,0,1,0
4873,2537500,20827,-10413,-10413,0,31207,-15603,-15603,0,0,0,0,1,0
4874,2538020,20425,-6694,-13731,0,30607,-10031,-20576,0,0,0,0,1,0
4875,2538541,19239,-2718,-16521,0,28831,-4073,-24758,0,0,0,0,1,0
4876,2539062,17314,1362,-18675,0,25947,2041,-27988,0,0,0,0,1,0
4877,2539583,14723,5389,-20112,0,22066,8077,-30143,0,0,0,0,1,0
4878,2540104,11567,9209,-20776,0,17337,13802,-31140,0,0,0,0,1,0
4879,2540625,7967,12674,-20641,0,11942,18997,-30940,0,0,0,0,1,0
4880,2541145,4061,15652,-19713,0,6088,23462,-29551,0,0,0,0,1,0
4881,2541666,0,18028,-18028,0,0,27026,-27026,0,0,0,0,1,0
4882,2542187,-4061,19711,-15650,0,-6088,29551,-23462,0,0,0,0,1,0
4883,2542708,-7965,20636,-12671,0,-11942,30940,-18997,0,0,0,0,1,0
4884,2543229,-11563,20769,-9205,0,-17337,31140,-13802,0,0,0,0,1,0
4885,2543750,-14716,20103,-5387,0,-22066,30143,-8077,0,0,0,0,1,0
4886,2544270,-17303,18665,-1361,0,-25947,27988,-2041,0,0,0,0,1,0
4887,2544791,-19225,16509,2716,0,-28831,24758,4073,0,0,0,0,1,0
4888,2545312,-20408,13720,6689,0,-30607,20576,10031,0,0,0,0,1,0
4889,2545833,-20807,10403,10403,0,-31207,15603,15603,0,0,0,0,1,0
4890,2546354,-20406,6688,13718,0,-30607,10031,20576,0,0,0,0,1,0
4891,2546875,-19221,2716,16505,0,-28831,4073,24758,0,0,0,0,1,0
4892,2547395,-17297,-1361,18658,0,-25947,-2041,27988,0,0,0,0,1,0
4893,2547916,-14709,-5384,20093,0,-22066,-8077,30143,0,0,0,0,1,0
4894,2548437,-11556,-9200,20756,0,-17337,-13802,31140,0,0,0,0,1,0
4895,2548958,-7960,-12662,20622,0,-11942,-18997,30940,0,0,0,0,1,0
4896,2549479,-4058,-15637,19695,0,-6088,-23462,29551,0,0,0,0,1,0
4897,2550000,0,-18011,18011,0,0,-27026,27026,0,0,0,0,1,0
4898,2550520,4057,-19692,15635,0,6088,-29551,23462,0,0,0,0,1,0
4899,2551041,7958,-20617,12659,0,11942,-30940,18997,0,0,0,0,1,0
4900,2551562,11552,-20749,9197,0,17337,-31140,13802,0,0,0,0,1,0
4901,2552083,14702,-20084,5381,0,22066,-30143,8077,0,0,0,0,1,0
4902,2552604,17287,-18647,1360,0,25947,-27988,2041,0,0,0,0,1,0
4903,2553125,19207,-16494,-2714,0,28831,-24758,-4073,0,0,0,0,1,0
4904,2553645,20389,-13707,-6682,0,30607,-20576,-10031,0,0,0,0,1,0
4905,2554166,20787,-10394,-10394,0,31207,-15603,-15603,0,0,0,0,1,0
4906,2554687,20387,-6682,-13705,0,30607,-10031,-20576,0,0,0,0,1,0
4907,2555208,19203,-2713,-16490,0,28831,-4073,-24758,0,0,0,0,1,0
4908,2555729,17281,1359,-18640,0,25947,2041,-27988,0,0,0,0,1,0
4909,2556250,14696,5379,-20074,0,22066,8077,-30143,0,0,0,0,1,0
4910,2556770,11546,9191,-20737,0,17337,13802,-31140,0,0,0,0,1,0
4911,2557291,7952,12650,-20602,0,11942,18997,-30940,0,0,0,0,1,0
4912,2557812,4054,15622,-19676,0,6088,23462,-29551,0,0,0,0,1,0
4913,2558333,0,17994,-17994,0,0,27026,-27026,0,0,0,0,1,0
4914,2558854,-4053,19674,-15621,0,-6088,29551,-23462,0,0,0,0,1,0
4915,2559375,-7950,20598,-12647,0,-11942,30940,-18997,0,0,0,0,1,0
4916,2559895,-11541,20730,-9188,0,-17337,31140,-13802,0,0,0,0,1,0
4917,2560416,-14689,20065,-5376,0,-22066,30143,-8077,0,0,0,0,1,0
4918,2560937,-17271,18630,-1359,0,-25947,27988,-2041,0,0,0,0,1,0
4919,2561458,-19189,16478,2711,0,-28831,24758,4073,0,0,0,0,1,0
4920,2561979,-20370,13694,6676,0,-30607,20576,10031,0,0,0,0,1,0
4921,2562500,-20768,10384,10384,0,-31207,15603,15603,0,0,0,0,1,0
4922,2563020,-20368,6675,13693,0,-30607,10031,20576,0,0,0,0,1,0
4923,2563541,-19185,2710,16474,0,-28831,4073,24758,0,0,0,0,1,0
4924,2564062,-17265,-1358,18623,0,-25947,-2041,27988,0,0,0,0,1,0
4925,2564583,-14682,-5374,20056,0,-22066,-8077,30143,0,0,0,0,1,0
4926,2565104,-11535,-9183,20718,0,-17337,-13802,31140,0,0,0,0,1,0
4927,2565625,-7945,-12638,20583,0,-11942,-18997,30940,0,0,0,0,1,0
4928,2566145,-4050,-15608,19658,0,-6088,-23462,29551,0,0,0,0,1,0
4929,2566666,0,-17977,17977,0,0,-27026,27026,0,0,0,0,1,0
4930,2567187,4050,-19656,15606,0,6088,-29551,23462,0,0,0,0,1,0
4931,2567708,7943,-20578,12635,0,11942,-30940,18997,0,0,0,0,1,0
4932,2568229,11531,-20710,9180,0,17337,-31140,13802,0,0,0,0,1,0
4933,2568750,14675,-20046,5371,0,22066,-30143,8077,0,0,0,0,1,0
4934,2569270,17255,-18612,1357,0,25947,-27988,2041,0,0,0,0,1,0
4935,2569791,19172,-16463,-2709,0,28831,-24758,-4073,0,0,0,0,1,0
4936,2570312,20351,-13681,-6670,0,30607,-20576,-10031,0,0,0,0,1,0
4937,2570833,20749,-10374,-10374,0,31207,-15603,-15603,0,0,0,0,1,0
4938,2571354,20349,-6669,-13680,0,30607,-10031,-20576,0,0,0,0,1,0
4939,2571875,19167,-2708,-16459,0,28831,-4073,-24758,0,0,0,0,1,0
4940,2572395,17249,1357,-18606,0,25947,2041,-27988,0,0,0,0,1,0
4941,2572916,14668,5369,-20037,0,22066,8077,-30143,0,0,0,0,1,0
4942,2573437,11524,9174,-20698,0,17337,13802,-31140,0,0,0,0,1,0
4943,2573958,7937,12627,-20564,0,11942,18997,-30940,0,0,0,0,1,0
4944,2574479,4046,15593,-19640,0,6088,23462,-29551,0,0,0,0,1,0
4945,2575000,0,17961,-17961,0,0,27026,-27026,0,0,0,0,1,0
4946,2575520,-4046,19637,-15592,0,-6088,29551,-23462,0,0,0,0,1,0
4947,2576041,-7936,20559,-12624,0,-11942,30940,-18997,0,0,0,0,1,0
4948,2576562,-11520,20691,-9171,0,-17337,31140,-13802,0,0,0,0,1,0
4949,2577083,-14661,20028,-5366,0,-22066,30143,-8077,0,0,0,0,1,0
4950,2577604,-17239,18595,-1356,0,-25947,27988,-2041,0,0,0,0,1,0
4951,2578125,-19154,16448,2706,0,-28831,24758,4073,0,0,0,0,1,0
4952,2578645,-20332,13669,6664,0,-30607,20576,10031,0,0,0,0,1,0
4953,2579166,-20729,10365,10365,0,-31207,15603,15603,0,0,0,0,1,0
4954,2579687,-20330,6663,13667,0,-30607,10031,20576,0,0,0,0,1,0
4955,2580208,-19149,2705,16444,0,-28831,4073,24758,0,0,0,0,1,0
4956,2580729,-17233,-1356,18588,0,-25947,-2041,27988,0,0,0,0,1,0
4957,2581250,-14655,-5364,20018,0,-22066,-8077,30143,0,0,0,0,1,0
4958,2581770,-11513,-9166,20679,0,-17337,-13802,31140,0,0,0,0,1,0
4959,2582291,-7930,-12615,20545,0,-11942,-18997,30940,0,0,0,0,1,0
4960,2582812,-4042,-15579,19621,0,-6088,-23462,29551,0,0,0,0,1,0
4961,2583333,0,-17944,17944,0,0,-27026,27026,0,0,0,0,1,0
4962,2583854,4042,-19619,15577,0,6088,-29551,23462,0,0,0,0,1,0
4963,2584375,7928,-20540,12612,0,11942,-30940,18997,0,0,0,0,1,0
4964,2584895,11509,-20672,9163,0,17337,-31140,13802,0,0,0,0,1,0
4965,2585416,14648,-20009,5361,0,22066,-30143,8077,0,0,0,0,1,0
4966,2585937,17223,-18578,1355,0,25947,-27988,2041,0,0,0,0,1,0
4967,2586458,19136,-16432,-2704,0,28831,-24758,-4073,0,0,0,0,1,0
4968,2586979,20313,-13656,-6657,0,30607,-20576,-10031,0,0,0,0,1,0
4969,2587500,20710,-10355,-10355,0,31207,-15603,-15603,0,0,0,0,1,0
4970,2588020,20311,-6657,-13654,0,30607,-10031,-20576,0,0,0,0,1,0
4971,2588541,19132,-2703,-16429,0,28831,-4073,-24758,0,0,0,0,1,0
4972,2589062,17217,1354,-18571,0,25947,2041,-27988,0,0,0,0,1,0
4973,2589583,14641,5359,-20000,0,22066,8077,-30143,0,0,0,0,1,0
4974,2590104,11503,9157,-20660,0,17337,13802,-31140,0,0,0,0,1,0
4975,2590625,7923,12603,-20526,0,11942,18997,-30940,0,0,0,0,1,0
4976,2591145,4039,15564,-19603,0,6088,23462,-29551,0,0,0,0,1,0
4977,2591666,0,17927,-17927,0,0,27026,-27026,0,0,0,0,1,0
4978,2592187,-4038,19601,-15563,0,-6088,29551,-23462,0,0,0,0,1,0
4979,2592708,-7921,20521,-12600,0,-11942,30940,-18997,0,0,0,0,1,0
4980,2593229,-11499,20653,-9154,0,-17337,31140,-13802,0,0,0,0,1,0
4981,2593750,-14634,19991,-5356,0,-22066,30143,-8077,0,0,0,0,1,0
4982,2594270,-17207,18561,-1353,0,-25947,27988,-2041,0,0,0,0,1,0
4983,2594791,-19118,16417,2701,0,-28831,24758,4073,0,0,0,0,1,0
4984,2595312,-20295,13643,6651,0,-30607,20576,10031,0,0,0,0,1,0
4985,2595833,-20691,10346,10346,0,-31207,15603,15603,0,0,0,0,1,0
4986,2596354,-20292,6651,13642,0,-30607,10031,20576,0,0,0,0,1,0
4987,2596875,-19114,2700,16413,0,-28831,4073,24758,0,0,0,0,1,0
4988,2597395,-17201,-1353,18554,0,-25947,-2041,27988,0,0,0,0,1,0
4989,2597916,-14627,-5354,19981,0,-22066,-8077,30143,0,0,0,0,1,0
4990,2598437,-11492,-9149,20641,0,-17337,-13802,31140,0,0,0,0,1,0
4991,2598958,-7915,-12592,20507,0,-11942,-18997,30940,0,0,0,0,1,0
4992,2599479,-4035,-15550,19585,0,-6088,-23462,29551,0,0,0,0,1,0
4993,2600000,0,-17911,17911,0,0,-27026,27026,0,0,0,0,1,0
4994,2600520,4035,-19583,15548,0,6088,-29551,23462,0,0,0,0,1,0
4995,2601041,7914,-20502,12589,0,11942,-30940,18997,0,0,0,0,1,0
4996,2601562,11488,-20634,9146,0,17337,-31140,13802,0,0,0,0,1,0
4997,2602083,14621,-19972,5352,0,22066,-30143,8077,0,0,0,0,1,0
4998,2602604,17191,-18543,1352,0,25947,-27988,2041,0,0,0,0,1,0
4999,2603125,19101,-16402,-2699,0,28831,-24758,-4073,0,0,0,0,1,0
5000,2603645,20276,-13631,-6645,0,30607,-20576,-10031,0,0,0,0,1,0
5001,2604166,20672,-10336,-10336,0,31207,-15603,-15603,0,0,0,0,1,0
5002,2604687,20274,-6644,-13629,0,30607,-10031,-20576,0,0,0,0,1,0
5003,2605208,19096,-2698,-16398,0,28831,-4073,-24758,0,0,0,0,1,0
5004,2605729,17185,1352,-18537,0,25947,2041,-27988,0,0,0,0,1,0
5005,2606250,14614,5349,-19963,0,22066,8077,-30143,0,0,0,0,1,0
5006,2606770,11481,9140,-20622,0,17337,13802,-31140,0,0,0,0,1,0
5007,2607291,7908,12580,-20488,0,11942,18997,-30940,0,0,0,0,1,0
5008,2607812,4031,15536,-19567,0,6088,23462,-29551,0,0,0,0,1,0
5009,2608333,0,17894,-17894,0,0,27026,-27026,0,0,0,0,1,0
5010,2608854,-4031,19565,-15534,0,-6088,29551,-23462,0,0,0,0,1,0
5011,2609375,-7906,20483,-12577,0,-11942,30940,-18997,0,0,0,0,1,0
5012,2609895,-11478,20615,-9137,0,-17337,31140,-13802,0,0,0,0,1,0
5013,2610416,-14607,19954,-5347,0,-22066,30143,-8077,0,0,0,0,1,0
5014,2610937,-17175,18526,-1351,0,-25947,27988,-2041,0,0,0,0,1,0
5015,2611458,-19083,16387,2696,0,-28831,24758,4073,0,0,0,0,1,0
5016,2611979,-20257,13618,6639,0,-30607,20576,10031,0,0,0,0,1,0
5017,2612500,-20653,10327,10327,0,-31207,15603,15603,0,0,0,0,1,0
5018,2613020,-20255,6638,13617,0,-30607,10031,20576,0,0,0,0,1,0
5019,2613541,-19079,2695,16383,0,-28831,4073,24758,0,0,0,0,1,0
5020,2614062,-17169,-1351,18520,0,-25947,-2041,27988,0,0,0,0,1,0
5021,2614583,-14601,-5344,19945,0,-22066,-8077,30143,0,0,0,0,1,0
5022,2615104,-11471,-9132,20603,0,-17337,-13802,31140,0,0,0,0,1,0
5023,2615625,-7901,-12568,20469,0,-11942,-18997,30940,0,0,0,0,1,0
5024,2616145,-4028,-15522,19549,0,-6088,-23462,29551,0,0,0,0,1,0
5025,2616666,0,-17878,17878,0,0,-27026,27026,0,0,0,0,1,0
5026,2617187,4027,-19547,15520,0,6088,-29551,23462,0,0,0,0,1,0
5027,2617708,7899,-20465,12566,0,11942,-30940,18997,0,0,0,0,1,0
5028,2618229,11467,-20596,9129,0,17337,-31140,13802,0,0,0,0,1,0
5029,2618750,14594,-19936,5342,0,22066,-30143,8077,0,0,0,0,1,0
5030,2619270,17160,-18509,1350,0,25947,-27988,2041,0,0,0,0,1,0
5031,2619791,19066,-16372,-2694,0,28831,-24758,-4073,0,0,0,0,1,0
5032,2620312,20239,-13606,-6633,0,30607,-20576,-10031,0,0,0,0,1,0
5033,2620833,20634,-10317,-10317,0,31207,-15603,-15603,0,0,0,0,1,0
5034,2621354,20237,-6632,-13604,0,30607,-10031,-20576,0,0,0,0,1,0
5035,2621875,19061,-2693,-16368,0,28831,-4073,-24758,0,0,0,0,1,0
5036,2622395,17154,1349,-18503,0,25947,2041,-27988,0,0,0,0,1,0
5037,2622916,14587,5339,-19927,0,22066,8077,-30143,0,0,0,0,1,0
5038,2623437,11460,9124,-20584,0,17337,13802,-31140,0,0,0,0,1,0
5039,2623958,7894,12557,-20451,0,11942,18997,-30940,0,0,0,0,1,0
5040,2624479,4024,15507,-19531,0,6088,23462,-29551,0,0,0,0,1,0
5041,2625000,0,17862,-17862,0,0,27026,-27026,0,0,0,0,1,0
5042,2625520,-4023,19529,-15506,0,-6088,29551,-23462,0,0,0,0,1,0
5043,2626041,-7892,20446,-12554,0,-11942,30940,-18997,0,0,0,0,1,0
5044,2626562,-11457,20577,-9121,0,-17337,31140,-13802,0,0,0,0,1,0
5045,2627083,-14581,19917,-5337,0,-22066,30143,-8077,0,0,0,0,1,0
5046,2627604,-17144,18493,-1349,0,-25947,27988,-2041,0,0,0,0,1,0
5047,2628125,-19048,16357,2691,0,-28831,24758,4073,0,0,0,0,1,0
5048,2628645,-20220,13593,6627,0,-30607,20576,10031,0,0,0,0,1,0
5049,2629166,-20615,10308,10308,0,-31207,15603,15603,0,0,0,0,1,0
5050,2629687,-20218,6626,13592,0,-30607,10031,20576,0,0,0,0,1,0
5051,2630208,-19044,2691,16353,0,-28831,4073,24758,0,0,0,0,1,0
5052,2630729,-17138,-1348,18486,0,-25947,-2041,27988,0,0,0,0,1,0
5053,2631250,-14574,-5334,19908,0,-22066,-8077,30143,0,0,0,0,1,0
5054,2631770,-11450,-9115,20565,0,-17337,-13802,31140,0,0,0,0,1,0
5055,2632291,-7886,-12546,20432,0,-11942,-18997,30940,0,0,0,0,1,0
5056,2632812,-4020,-15493,19514,0,-6088,-23462,29551,0,0,0,0,1,0
5057,2633333,0,-17845,17845,0,0,-27026,27026,0,0,0,0,1,0
5058,2633854,4020,-19511,15491,0,6088,-29551,23462,0,0,0,0,1,0
5059,2634375,7885,-20427,12543,0,11942,-30940,18997,0,0,0,0,1,0
5060,2634895,11446,-20558,9112,0,17337,-31140,13802,0,0,0,0,1,0
5061,2635416,14567,-19899,5332,0,22066,-30143,8077,0,0,0,0,1,0
5062,2635937,17128,-18476,1347,0,25947,-27988,2041,0,0,0,0,1,0
5063,2636458,19031,-16342,-2689,0,28831,-24758,-4073,0,0,0,0,1,0
5064,2636979,20202,-13581,-6621,0,30607,-20576,-10031,0,0,0,0,1,0
5065,2637500,20597,-10298,-10298,0,31207,-15603,-15603,0,0,0,0,1,0
5066,2638020,20200,-6620,-13579,0,30607,-10031,-20576,0,0,0,0,1,0
5067,2638541,19027,-2688,-16339,0,28831,-4073,-24758,0,0,0,0,1,0
5068,2639062,17123,1347,-18469,0,25947,2041,-27988,0,0,0,0,1,0
5069,2639583,14561,5330,-19890,0,22066,8077,-30143,0,0,0,0,1,0
5070,2640104,11440,9107,-20547,0,17337,13802,-31140,0,0,0,0,1,0
5071,2640625,7879,12534,-20413,0,11942,18997,-30940,0,0,0,0,1,0
5072,2641145,4017,15479,-19496,0,6088,23462,-29551,0,0,0,0,1,0
5073,2641666,0,17829,-17829,0,0,27026,-27026,0,0,0,0,1,0
5074,2642187,-4016,19494,-15477,0,-6088,29551,-23462,0,0,0,0,1,0
5075,2642708,-7877,20409,-12531,0,-11942,30940,-18997,0,0,0,0,1,0
5076,2643229,-11436,20540,-9104,0,-17337,31140,-13802,0,0,0,0,1,0
5077,2643750,-14554,19881,-5327,0,-22066,30143,-8077,0,0,0,0,1,0
5078,2644270,-17113,18459,-1346,0,-25947,27988,-2041,0,0,0,0,1,0
5079,2644791,-19014,16327,2686,0,-28831,24758,4073,0,0,0,0,1,0
5080,2645312,-20184,13569,6615,0,-30607,20576,10031,0,0,0,0,1,0
5081,2645833,-20578,10289,10289,0,-31207,15603,15603,0,0,0,0,1,0
5082,2646354,-20181,6614,13567,0,-30607,10031,20576,0,0,0,0,1,0
5083,2646875,-19009,2686,16324,0,-28831,4073,24758,0,0,0,0,1,0
5084,2647395,-17107,-1346,18453,0,-25947,-2041,27988,0,0,0,0,1,0
5085,2647916,-14547,-5325,19872,0,-22066,-8077,30143,0,0,0,0,1,0
5086,2648437,-11429,-9099,20528,0,-17337,-13802,31140,0,0,0,0,1,0
5087,2648958,-7872,-12523,20395,0,-11942,-18997,30940,0,0,0,0,1,0
5088,2649479,-4013,-15465,19478,0,-6088,-23462,29551,0,0,0,0,1,0
5089,2650000,0,-17813,17813,0,0,-27026,27026,0,0,0,0,1,0
5090,2650520,4013,-19476,15463,0,6088,-29551,23462,0,0,0,0,1,0
5091,2651041,7870,-20390,12520,0,11942,-30940,18997,0,0,0,0,1,0
5092,2651562,11425,-20521,9096,0,17337,-31140,13802,0,0,0,0,1,0
5093,2652083,14541,-19863,5322,0,22066,-30143,8077,0,0,0,0,1,0
5094,2652604,17097,-18442,1345,0,25947,-27988,2041,0,0,0,0,1,0
5095,2653125,18996,-16313,-2684,0,28831,-24758,-4073,0,0,0,0,1,0
5096,2653645,20165,-13556,-6609,0,30607,-20576,-10031,0,0,0,0,1,0
5097,2654166,20559,-10280,-10280,0,31207,-15603,-15603,0,0,0,0,1,0
5098,2654687,20163,-6608,-13555,0,30607,-10031,-20576,0,0,0,0,1,0
5099,2655208,18992,-2683,-16309,0,28831,-4073,-24758,0,0,0,0,1,0
5100,2655729,17092,1344,-18436,0,25947,2041,-27988,0,0,0,0,1,0
5101,2656250,14534,5320,-19854,0,22066,8077,-30143,0,0,0,0,1,0
5102,2656770,11419,9091,-20509,0,17337,13802,-31140,0,0,0,0,1,0
5103,2657291,7865,12511,-20376,0,11942,18997,-30940,0,0,0,0,1,0
5104,2657812,4009,15451,-19461,0,6088,23462,-29551,0,0,0,0,1,0
5105,2658333,0,17797,-17797,0,0,27026,-27026,0,0,0,0,1,0
5106,2658854,-4009,19458,-15449,0,-6088,29551,-23462,0,0,0,0,1,0
5107,2659375,-7863,20372,-12509,0,-11942,30940,-18997,0,0,0,0,1,0
5108,2659895,-11415,20503,-9087,0,-17337,31140,-13802,0,0,0,0,1,0
5109,2660416,-14528,19845,-5318,0,-22066,30143,-8077,0,0,0,0,1,0
5110,2660937,-17082,18426,-1344,0,-25947,27988,-2041,0,0,0,0,1,0
5111,2661458,-18979,16298,2681,0,-28831,24758,4073,0,0,0,0,1,0
5112,2661979,-20147,13544,6603,0,-30607,20576,10031,0,0,0,0,1,0
5113,2662500,-20541,10270,10270,0,-31207,15603,15603,0,0,0,0,1,0
5114,2663020,-20145,6602,13543,0,-30607,10031,20576,0,0,0,0,1,0
5115,2663541,-18975,2681,16294,0,-28831,4073,24758,0,0,0,0,1,0
5116,2664062,-17076,-1343,18419,0,-25947,-2041,27988,0,0,0,0,1,0
5117,2664583,-14521,-5315,19836,0,-22066,-8077,30143,0,0,0,0,1,0
5118,2665104,-11409,-9082,20491,0,-17337,-13802,31140,0,0,0,0,1,0
5119,2665625,-7858,-12500,20358,0,-11942,-18997,30940,0,0,0,0,1,0
5120,2666145,-4006,-15437,19443,0,-6088,-23462,29551,0,0,0,0,1,0
5121,2666666,0,-17781,17781,0,0,-27026,27026,0,0,0,0,1,0
5122,2667187,4005,-19441,15436,0,6088,-29551,23462,0,0,0,0,1,0
5123,2667708,7856,-20354,12497,0,11942,-30940,18997,0,0,0,0,1,0
5124,2668229,11405,-20484,9079,0,17337,-31140,13802,0,0,0,0,1,0
5125,2668750,14515,-19827,5313,0,22066,-30143,8077,0,0,0,0,1,0
5126,2669270,17067,-18409,1342,0,25947,-27988,2041,0,0,0,0,1,0
5127,2669791,18962,-16283,-2679,0,28831,-24758,-4073,0,0,0,0,1,0
5128,2670312,20129,-13532,-6597,0,30607,-20576,-10031,0,0,0,0,1,0
5129,2670833,20522,-10261,-10261,0,31207,-15603,-15603,0,0,0,0,1,0
5130,2671354,20127,-6596,-13531,0,30607,-10031,-20576,0,0,0,0,1,0
5131,2671875,18958,-2678,-16280,0,28831,-4073,-24758,0,0,0,0,1,0
5132,2672395,17061,1342,-18403,0,25947,2041,-27988,0,0,0,0,1,0
5133,2672916,14508,5310,-19819,0,22066,8077,-30143,0,0,0,0,1,0
5134,2673437,11398,9074,-20473,0,17337,13802,-31140,0,0,0,0,1,0
5135,2673958,7851,12489,-20340,0,11942,18997,-30940,0,0,0,0,1,0
5136,2674479,4002,15423,-19426,0,6088,23462,-29551,0,0,0,0,1,0
5137,2675000,0,17765,-17765,0,0,27026,-27026,0,0,0,0,1,0
5138,2675520,-4002,19423,-15422,0,-6088,29551,-23462,0,0,0,0,1,0
5139,2676041,-7849,20335,-12486,0,-11942,30940,-18997,0,0,0,0,1,0
5140,2676562,-11395,20466,-9071,0,-17337,31140,-13802,0,0,0,0,1,0
5141,2677083,-14502,19810,-5308,0,-22066,30143,-8077,0,0,0,0,1,0
5142,2677604,-17051,18392,-1341,0,-25947,27988,-2041,0,0,0,0,1,0
5143,2678125,-18945,16269,2677,0,-28831,24758,4073,0,0,0,0,1,0
5144,2678645,-20111,13520,6591,0,-30607,20576,10031,0,0,0,0,1,0
5145,2679166,-20504,10252,10252,0,-31207,15603,15603,0,0,0,0,1,0
5146,2679687,-20109,6590,13518,0,-30607,10031,20576,0,0,0,0,1,0
5147,2680208,-18941,2676,16265,0,-28831,4073,24758,0,0,0,0,1,0
5148,2680729,-17045,-1341,18386,0,-25947,-2041,27988,0,0,0,0,1,0
5149,2681250,-14495,-5306,19801,0,-22066,-8077,30143,0,0,0,0,1,0
5150,2681770,-11388,-9066,20454,0,-17337,-13802,31140,0,0,0,0,1,0
5151,2682291,-7844,-12478,20322,0,-11942,-18997,30940,0,0,0,0,1,0
5152,2682812,-3999,-15410,19408,0,-6088,-23462,29551,0,0,0,0,1,0
5153,2683333,0,-17749,17749,0,0,-27026,27026,0,0,0,0,1,0
5154,2683854,3998,-19406,15408,0,6088,-29551,23462,0,0,0,0,1,0
5155,2684375,7842,-20317,12475,0,11942,-30940,18997,0,0,0,0,1,0
5156,2684895,11384,-20447,9063,0,17337,-31140,13802,0,0,0,0,1,0
5157,2685416,14489,-19792,5303,0,22066,-30143,8077,0,0,0,0,1,0
5158,2685937,17036,-18376,1340,0,25947,-27988,2041,0,0,0,0,1,0
5159,2686458,18928,-16254,-2674,0,28831,-24758,-4073,0,0,0,0,1,0
5160,2686979,20093,-13508,-6585,0,30607,-20576,-10031,0,0,0,0,1,0
5161,2687500,20486,-10243,-10243,0,31207,-15603,-15603,0,0,0,0,1,0
5162,2688020,20091,-6584,-13506,0,30607,-10031,-20576,0,0,0,0,1,0
5163,2688541,18924,-2674,-16250,0,28831,-4073,-24758,0,0,0,0,1,0
5164,2689062,17030,1340,-18370,0,25947,2041,-27988,0,0,0,0,1,0
5165,2689583,14482,5301,-19783,0,22066,8077,-30143,0,0,0,0,1,0
5166,2690104,11378,9058,-20436,0,17337,13802,-31140,0,0,0,0,1,0
5167,2690625,7837,12467,-20303,0,11942,18997,-30940,0,0,0,0,1,0
5168,2691145,3995,15396,-19391,0,6088,23462,-29551,0,0,0,0,1,0
5169,2691666,0,17733,-17733,0,0,27026,-27026,0,0,0,0,1,0
5170,2692187,-3995,19389,-15394,0,-6088,29551,-23462,0,0,0,0,1,0
5171,2692708,-7835,20299,-12464,0,-11942,30940,-18997,0,0,0,0,1,0
5172,2693229,-11374,20429,-9055,0,-17337,31140,-13802,0,0,0,0,1,0
5173,2693750,-14476,19774,-5298,0,-22066,30143,-8077,0,0,0,0,1,0
5174,2694270,-17021,18360,-1339,0,-25947,27988,-2041,0,0,0,0,1,0
5175,2694791,-18911,16240,2672,0,-28831,24758,4073,0,0,0,0,1,0
5176,2695312,-20075,13496,6579,0,-30607,20576,10031,0,0,0,0,1,0
5177,2695833,-20467,10234,10234,0,-31207,15603,15603,0,0,0,0,1,0
5178,2696354,-20073,6579,13494,0,-30607,10031,20576,0,0,0,0,1,0
5179,2696875,-18907,2671,16236,0,-28831,4073,24758,0,0,0,0,1,0
5180,2697395,-17015,-1338,18353,0,-25947,-2041,27988,0,0,0,0,1,0
5181,2697916,-14469,-5296,19765,0,-22066,-8077,30143,0,0,0,0,1,0
5182,2698437,-11368,-9050,20418,0,-17337,-13802,31140,0,0,0,0,1,0
5183,2698958,-7830,-12456,20285,0,-11942,-18997,30940,0,0,0,0,1,0
5184,2699479,-3991,-15382,19374,0,-6088,-23462,29551,0,0,0,0,1,0
5185,2700000,0,-17717,17717,0,0,-27026,27026,0,0,0,0,1,0
5186,2700520,3991,-19371,15380,0,6088,-29551,23462,0,0,0,0,1,0
5187,2701041,7828,-20281,12453,0,11942,-30940,18997,0,0,0,0,1,0
5188,2701562,11364,-20411,9047,0,17337,-31140,13802,0,0,0,0,1,0
5189,2702083,14463,-19757,5294,0,22066,-30143,8077,0,0,0,0,1,0
5190,2702604,17006,-18343,1338,0,25947,-27988,2041,0,0,0,0,1,0
5191,2703125,18895,-16225,-2669,0,28831,-24758,-4073,0,0,0,0,1,0
5192,2703645,20057,-13484,-6574,0,30607,-20576,-10031,0,0,0,0,1,0
5193,2704166,20449,-10225,-10225,0,31207,-15603,-15603,0,0,0,0,1,0
5194,2704687,20055,-6573,-13482,0,30607,-10031,-20576,0,0,0,0,1,0
5195,2705208,18890,-2669,-16222,0,28831,-4073,-24758,0,0,0,0,1,0
5196,2705729,17000,1337,-18337,0,25947,2041,-27988,0,0,0,0,1,0
5197,2706250,14456,5291,-19748,0,22066,8077,-30143,0,0,0,0,1,0
5198,2706770,11358,9042,-20400,0,17337,13802,-31140,0,0,0,0,1,0
5199,2707291,7823,12444,-20267,0,11942,18997,-30940,0,0,0,0,1,0
5200,2707812,3988,15368,-19356,0,6088,23462,-29551,0,0,0,0,1,0
5201,2708333,0,17702,-17702,0,0,27026,-27026,0,0,0,0,1,0
5202,2708854,-3987,19354,-15367,0,-6088,29551,-23462,0,0,0,0,1,0
5203,2709375,-7821,20263,-12442,0,-11942,30940,-18997,0,0,0,0,1,0
5204,2709895,-11354,20393,-9039,0,-17337,31140,-13802,0,0,0,0,1,0
5205,2710416,-14450,19739,-5289,0,-22066,30143,-8077,0,0,0,0,1,0
5206,2710937,-16991,18327,-1336,0,-25947,27988,-2041,0,0,0,0,1,0
5207,2711458,-18878,16211,2667,0,-28831,24758,4073,0,0,0,0,1,0
5208,2711979,-20039,13472,6568,0,-30607,20576,10031,0,0,0,0,1,0
5209,2712500,-20431,10215,10215,0,-31207,15603,15603,0,0,0,0,1,0
5210,2713020,-20037,6567,13470,0,-30607,10031,20576,0,0,0,0,1,0
5211,2713541,-18874,2666,16207,0,-28831,4073,24758,0,0,0,0,1,0
5212,2714062,-16985,-1336,18321,0,-25947,-2041,27988,0,0,0,0,1,0
5213,2714583,-14444,-5287,19730,0,-22066,-8077,30143,0,0,0,0,1,0
5214,2715104,-11348,-9034,20382,0,-17337,-13802,31140,0,0,0,0,1,0
5215,2715625,-7816,-12433,20249,0,-11942,-18997,30940,0,0,0,0,1,0
5216,2716145,-3984,-15355,19339,0,-6088,-23462,29551,0,0,0,0,1,0
5217,2716666,0,-17686,17686,0,0,-27026,27026,0,0,0,0,1,0
5218,2717187,3984,-19337,15353,0,6088,-29551,23462,0,0,0,0,1,0
5219,2717708,7814,-20245,12431,0,11942,-30940,18997,0,0,0,0,1,0
5220,2718229,11344,-20375,9031,0,17337,-31140,13802,0,0,0,0,1,0
5221,2718750,14437,-19722,5284,0,22066,-30143,8077,0,0,0,0,1,0
5222,2719270,16976,-18311,1335,0,25947,-27988,2041,0,0,0,0,1,0
5223,2719791,18861,-16196,-2665,0,28831,-24758,-4073,0,0,0,0,1,0
5224,2720312,20022,-13460,-6562,0,30607,-20576,-10031,0,0,0,0,1,0
5225,2720833,20413,-10206,-10206,0,31207,-15603,-15603,0,0,0,0,1,0
5226,2721354,20020,-6561,-13458,0,30607,-10031,-20576,0,0,0,0,1,0
5227,2721875,18857,-2664,-16193,0,28831,-4073,-24758,0,0,0,0,1,0
5228,2722395,16970,1335,-18305,0,25947,2041,-27988,0,0,0,0,1,0
5229,2722916,14431,5282,-19713,0,22066,8077,-30143,0,0,0,0,1,0
5230,2723437,11338,9026,-20364,0,17337,13802,-31140,0,0,0,0,1,0
5231,2723958,7809,12422,-20232,0,11942,18997,-30940,0,0,0,0,1,0
5232,2724479,3981,15341,-19322,0,6088,23462,-29551,0,0,0,0,1,0
5233,2725000,0,17670,-17670,0,0,27026,-27026,0,0,0,0,1,0
5234,2725520,-3980,19320,-15340,0,-6088,29551,-23462,0,0,0,0,1,0
5235,2726041,-7807,20227,-12420,0,-11942,30940,-18997,0,0,0,0,1,0
5236,2726562,-11334,20357,-9023,0,-17337,31140,-13802,0,0,0,0,1,0
5237,2727083,-14425,19704,-5280,0,-22066,30143,-8077,0,0,0,0,1,0
5238,2727604,-16961,18295,-1334,0,-25947,27988,-2041,0,0,0,0,1,0
5239,2728125,-18845,16182,2662,0,-28831,24758,4073,0,0,0,0,1,0
5240,2728645,-20004,13448,6556,0,-30607,20576,10031,0,0,0,0,1,0
5241,2729166,-20395,10197,10197,0,-31207,15603,15603,0,0,0,0,1,0
5242,2729687,-20002,6555,13447,0,-30607,10031,20576,0,0,0,0,1,0
5243,2730208,-18840,2662,16179,0,-28831,4073,24758,0,0,0,0,1,0
5244,2730729,-16955,-1334,18289,0,-25947,-2041,27988,0,0,0,0,1,0
5245,2731250,-14418,-5277,19696,0,-22066,-8077,30143,0,0,0,0,1,0
5246,2731770,-11328,-9018,20346,0,-17337,-13802,31140,0,0,0,0,1,0
5247,2732291,-7802,-12412,20214,0,-11942,-18997,30940,0,0,0,0,1,0
5248,2732812,-3977,-15328,19305,0,-6088,-23462,29551,0,0,0,0,1,0
5249,2733333,0,-17655,17655,0,0,-27026,27026,0,0,0,0,1,0
5250,2733854,3977,-19303,15326,0,6088,-29551,23462,0,0,0,0,1,0
5251,2734375,7801,-20209,12409,0,11942,-30940,18997,0,0,0,0,1,0
5252,2734895,11324,-20339,9015,0,17337,-31140,13802,0,0,0,0,1,0
5253,2735416,14412,-19687,5275,0,22066,-30143,8077,0,0,0,0,1,0
5254,2735937,16946,-18279,1333,0,25947,-27988,2041,0,0,0,0,1,0
5255,2736458,18828,-16168,-2660,0,28831,-24758,-4073,0,0,0,0,1,0
5256,2736979,19987,-13436,-6550,0,30607,-20576,-10031,0,0,0,0,1,0
5257,2737500,20377,-10189,-10189,0,31207,-15603,-15603,0,0,0,0,1,0
5258,2738020,19984,-6550,-13435,0,30607,-10031,-20576,0,0,0,0,1,0
5259,2738541,18824,-2659,-16164,0,28831,-4073,-24758,0,0,0,0,1,0
5260,2739062,16940,1333,-18273,0,25947,2041,-27988,0,0,0,0,1,0
5261,2739583,14406,5273,-19678,0,22066,8077,-30143,0,0,0,0,1,0
5262,2740104,11318,9010,-20328,0,17337,13802,-31140,0,0,0,0,1,0
5263,2740625,7795,12401,-20196,0,11942,18997,-30940,0,0,0,0,1,0
5264,2741145,3974,15314,-19288,0,6088,23462,-29551,0,0,0,0,1,0
5265,2741666,0,17639,-17639,0,0,27026,-27026,0,0,0,0,1,0
5266,2742187,-3973,19286,-15313,0,-6088,29551,-23462,0,0,0,0,1,0
5267,2742708,-7794,20192,-12398,0,-11942,30940,-18997,0,0,0,0,1,0
5268,2743229,-11314,20321,-9007,0,-17337,31140,-13802,0,0,0,0,1,0
5269,2743750,-14399,19670,-5270,0,-22066,30143,-8077,0,0,0,0,1,0
5270,2744270,-16931,18263,-1332,0,-25947,27988,-2041,0,0,0,0,1,0
5271,2744791,-18811,16154,2658,0,-28831,24758,4073,0,0,0,0,1,0
5272,2745312,-19969,13424,6545,0,-30607,20576,10031,0,0,0,0,1,0
5273,2745833,-20359,10180,10180,0,-31207,15603,15603,0,0,0,0,1,0
5274,2746354,-19967,6544,13423,0,-30607,10031,20576,0,0,0,0,1,0
5275,2746875,-18807,2657,16150,0,-28831,4073,24758,0,0,0,0,1,0
5276,2747395,-16925,-1331,18257,0,-25947,-2041,27988,0,0,0,0,1,0
5277,2747916,-14393,-5268,19661,0,-22066,-8077,30143,0,0,0,0,1,0
5278,2748437,-11308,-9002,20310,0,-17337,-13802,31140,0,0,0,0,1,0
5279,2748958,-7789,-12390,20178,0,-11942,-18997,30940,0,0,0,0,1,0
5280,2749479,-3970,-15301,19271,0,-6088,-23462,29551,0,0,0,0,1,0
5281,2750000,0,-17624,17624,0,0,-27026,27026,0,0,0,0,1,0
5282,2750520,3970,-19269,15299,0,6088,-29551,23462,0,0,0,0,1,0
5283,2751041,7787,-20174,12387,0,11942,-30940,18997,0,0,0,0,1,0
5284,2751562,11304,-20303,8999,0,17337,-31140,13802,0,0,0,0,1,0
5285,2752083,14387,-19653,5266,0,22066,-30143,8077,0,0,0,0,1,0
5286,2752604,16916,-18247,1331,0,25947,-27988,2041,0,0,0,0,1,0
5287,2753125,18795,-16140,-2655,0,28831,-24758,-4073,0,0,0,0,1,0
5288,2753645,19952,-13413,-6539,0,30607,-20576,-10031,0,0,0,0,1,0
5289,2754166,20341,-10171,-10171,0,31207,-15603,-15603,0,0,0,0,1,0
5290,2754687,19949,-6538,-13411,0,30607,-10031,-20576,0,0,0,0,1,0
5291,2755208,18791,-2655,-16136,0,28831,-4073,-24758,0,0,0,0,1,0
5292,2755729,16910,1330,-18241,0,25947,2041,-27988,0,0,0,0,1,0
5293,2756250,14380,5264,-19644,0,22066,8077,-30143,0,0,0,0,1,0
5294,2756770,11298,8994,-20292,0,17337,13802,-31140,0,0,0,0,1,0
5295,2757291,7782,12379,-20161,0,11942,18997,-30940,0,0,0,0,1,0
5296,2757812,3967,15288,-19255,0,6088,23462,-29551,0,0,0,0,1,0
5297,2758333,0,17609,-17609,0,0,27026,-27026,0,0,0,0,1,0
5298,2758854,-3966,19252,-15286,0,-6088,29551,-23462,0,0,0,0,1,0
5299,2759375,-7780,20156,-12376,0,-11942,30940,-18997,0,0,0,0,1,0
5300,2759895,-11294,20286,-8991,0,-17337,31140,-13802,0,0,0,0,1,0
5301,2760416,-14374,19635,-5261,0,-22066,30143,-8077,0,0,0,0,1,0
5302,2760937,-16901,18231,-1329,0,-25947,27988,-2041,0,0,0,0,1,0
5303,2761458,-18779,16126,2653,0,-28831,24758,4073,0,0,0,0,1,0
5304,2761979,-19934,13401,6533,0,-30607,20576,10031,0,0,0,0,1,0
5305,2762500,-20324,10162,10162,0,-31207,15603,15603,0,0,0,0,1,0
5306,2763020,-19932,6532,13400,0,-30607,10031,20576,0,0,0,0,1,0
5307,2763541,-18775,2652,16122,0,-28831,4073,24758,0,0,0,0,1,0
5308,2764062,-16896,-1329,18225,0,-25947,-2041,27988,0,0,0,0,1,0
5309,2764583,-14368,-5259,19627,0,-22066,-8077,30143,0,0,0,0,1,0
5310,2765104,-11288,-8987,20275,0,-17337,-13802,31140,0,0,0,0,1,0
5311,2765625,-7775,-12368,20143,0,-11942,-18997,30940,0,0,0,0,1,0
5312,2766145,-3963,-15274,19238,0,-6088,-23462,29551,0,0,0,0,1,0
5313,2766666,0,-17593,17593,0,0,-27026,27026,0,0,0,0,1,0
5314,2767187,3963,-19236,15273,0,6088,-29551,23462,0,0,0,0,1,0
