1,0,0,-2859,2859,0,0,-27026,27026,0,0,0,0,1,0
2,520,644,-3126,2482,0,6088,-29551,23462,0,0,0,0,1,0
3,1041,1263,-3273,2010,0,11942,-30940,18997,0,0,0,0,1,0
4,1562,1834,-3294,1460,0,17337,-31140,13802,0,0,0,0,1,0
5,2083,2334,-3189,854,0,22066,-30143,8077,0,0,0,0,1,0
6,2604,2745,-2961,216,0,25947,-27988,2041,0,0,0,0,1,0
7,3125,3050,-2619,-431,0,28831,-24758,-4073,0,0,0,0,1,0
8,3645,3238,-2177,-1061,0,30607,-20576,-10031,0,0,0,0,1,0
9,4166,3301,-1651,-1651,0,31207,-15603,-15603,0,0,0,0,1,0
10,4687,3238,-1061,-2177,0,30607,-10031,-20576,0,0,0,0,1,0
11,5208,3050,-431,-2619,0,28831,-4073,-24758,0,0,0,0,1,0
12,5729,2745,216,-2961,0,25947,2041,-27988,0,0,0,0,1,0
13,6250,2334,854,-3189,0,22066,8077,-30143,0,0,0,0,1,0
14,6770,1834,1460,-3294,0,17337,13802,-31140,0,0,0,0,1,0
15,7291,1263,2010,-3273,0,11942,18997,-30940,0,0,0,0,1,0
16,7812,644,2482,-3126,0,6088,23462,-29551,0,0,0,0,1,0
17,8333,0,2859,-2859,0,0,27026,-27026,0,0,0,0,1,0
18,8854,-644,3126,-2482,0,-6088,29551,-23462,0,0,0,0,1,0
19,9375,-1263,3273,-2010,0,-11942,30940,-18997,0,0,0,0,1,0
20,9895,-1834,3294,-1460,0,-17337,31140,-13802,0,0,0,0,1,0
21,10416,-2334,3189,-854,0,-22066,30143,-8077,0,0,0,0,1,0
22,10937,-2745,2961,-216,0,-25947,27988,-2041,0,0,0,0,1,0
23,11458,-3050,2619,431,0,-28831,24758,4073,0,0,0,0,1,0
24,11979,-3238,2177,1061,0,-30607,20576,10031,0,0,0,0,1,0
25,12500,-3301,1651,1651,0,-31207,15603,15603,0,0,0,0,1,0
26,13020,-3238,1061,2177,0,-30607,10031,20576,0,0,0,0,1,0
27,13541,-3050,431,2619,0,-28831,4073,24758,0,0,0,0,1,0
28,14062,-2745,-216,2961,0,-25947,-2041,27988,0,0,0,0,1,0
29,14583,-2334,-854,3189,0,-22066,-8077,30143,0,0,0,0,1,0
30,15104,-1834,-1460,3294,0,-17337,-13802,31140,0,0,0,0,1,0
31,15625,-1263,-2010,3273,0,-11942,-18997,30940,0,0,0,0,1,0
32,16145,-644,-2482,3126,0,-6088,-23462,29551,0,0,0,0,1,0
33,16666,0,-2859,2859,0,0,-27026,27026,0,0,0,0,1,0
34,17187,644,-3126,2482,0,6088,-29551,23462,0,0,0,0,1,0
35,17708,1263,-3273,2010,0,11942,-30940,18997,0,0,0,0,1,0
36,18229,1834,-3294,1460,0,17337,-31140,13802,0,0,0,0,1,0
37,18750,2334,-3189,854,0,22066,-30143,8077,0,0,0,0,1,0
38,19270,2745,-2961,216,0,25947,-27988,2041,0,0,0,0,1,0
39,19791,3050,-2619,-431,0,28831,-24758,-4073,0,0,0,0,1,0
40,20312,3238,-2177,-1061,0,30607,-20576,-10031,0,0,0,0,1,0
41,20833,3301,-1651,-1651,0,31207,-15603,-15603,0,0,0,0,1,0
42,21354,3238,-1061,-2177,0,30607,-10031,-20576,0,0,0,0,1,0
43,21875,3050,-431,-2619,0,28831,-4073,-24758,0,0,0,0,1,0
44,22395,2745,216,-2961,0,25947,2041,-27988,0,0,0,0,1,0
45,22916,2334,854,-3189,0,22066,8077,-30143,0,0,0,0,1,0
46,23437,1834,1460,-3294,0,17337,13802,-31140,0,0,0,0,1,0
47,23958,1263,2010,-3273,0,11942,18997,-30940,0,0,0,0,1,0
48,24479,644,2482,-3126,0,6088,23462,-29551,0,0,0,0,1,0
49,25000,0,2859,-2859,0,0,27026,-27026,0,0,0,0,1,0
50,25520,-644,3126,-2482,0,-6088,29551,-23462,0,0,0,0,1,0
51,26041,-1263,3273,-2010,0,-11942,30940,-18997,0,0,0,0,1,0
52,26562,-1834,3294,-1460,0,-17337,31140,-13802,0,0,0,0,1,0
53,27083,-2334,3189,-854,0,-22066,30143,-8077,0,0,0,0,1,0
54,27604,-2745,2961,-216,0,-25947,27988,-2041,0,0,0,0,1,0
55,28125,-3050,2619,431,0,-28831,24758,4073,0,0,0,0,1,0
56,28645,-3238,2177,1061,0,-30607,20576,10031,0,0,0,0,1,0
57,29166,-3301,1651,1651,0,-31207,15603,15603,0,0,0,0,1,0
58,29687,-3238,1061,2177,0,-30607,10031,20576,0,0,0,0,1,0
59,30208,-3050,431,2619,0,-28831,4073,24758,0,0,0,0,1,0
60,30729,-2745,-216,2961,0,-25947,-2041,27988,0,0,0,0,1,0
61,31250,-2334,-854,3189,0,-22066,-8077,30143,0,0,0,0,1,0
62,31770,-1834,-1460,3294,0,-17337,-13802,31140,0,0,0,0,1,0
63,32291,-1263,-2010,3273,0,-11942,-18997,30940,0,0,0,0,1,0
64,32812,-644,-2482,3126,0,-6088,-23462,29551,0,0,0,0,1,0
65,33333,0,-2859,2859,0,0,-27026,27026,0,0,0,0,1,0
66,33854,644,-3126,2482,0,6088,-29551,23462,0,0,0,0,1,0
67,34375,1263,-3273,2010,0,11942,-30940,18997,0,0,0,0,1,0
68,34895,1834,-3294,1460,0,17337,-31140,13802,0,0,0,0,1,0
69,35416,2334,-3189,854,0,22066,-30143,8077,0,0,0,0,1,0
70,35937,2745,-2961,216,0,25947,-27988,2041,0,0,0,0,1,0
71,36458,3050,-2619,-431,0,28831,-24758,-4073,0,0,0,0,1,0
72,36979,3238,-2177,-1061,0,30607,-20576,-10031,0,0,0,0,1,0
73,37500,3301,-1651,-1651,0,31207,-15603,-15603,0,0,0,0,1,0
74,38020,3238,-1061,-2177,0,30607,-10031,-20576,0,0,0,0,1,0
75,38541,3050,-431,-2619,0,28831,-4073,-24758,0,0,0,0,1,0
76,39062,2745,216,-2961,0,25947,2041,-27988,0,0,0,0,1,0
77,39583,2334,854,-3189,0,22066,8077,-30143,0,0,0,0,1,0
78,40104,1834,1460,-3294,0,17337,13802,-31140,0,0,0,0,1,0
79,40625,1263,2010,-3273,0,11942,18997,-30940,0,0,0,0,1,0
80,41145,644,2482,-3126,0,6088,23462,-29551,0,0,0,0,1,0
81,41666,0,2859,-2859,0,0,27026,-27026,0,0,0,0,1,0
82,42187,-644,3126,-2482,0,-6088,29551,-23462,0,0,0,0,1,0
83,42708,-1263,3273,-2010,0,-11942,30940,-18997,0,0,0,0,1,0
84,43229,-1834,3294,-1460,0,-17337,31140,-13802,0,0,0,0,1,0
85,43750,-2334,3189,-854,0,-22066,30143,-8077,0,0,0,0,1,0
86,44270,-2745,2961,-216,0,-25947,27988,-2041,0,0,0,0,1,0
87,44791,-3050,2619,431,0,-28831,24758,4073,0,0,0,0,1,0
88,45312,-3238,2177,1061,0,-30607,20576,10031,0,0,0,0,1,0
89,45833,-3301,1651,1651,0,-31207,15603,15603,0,0,0,0,1,0
90,46354,-3238,1061,2177,0,-30607,10031,20576,0,0,0,0,1,0
91,46875,-3050,431,2619,0,-28831,4073,24758,0,0,0,0,1,0
92,47395,-2745,-216,2961,0,-25947,-2041,27988,0,0,0,0,1,0
93,47916,-2334,-854,3189,0,-22066,-8077,30143,0,0,0,0,1,0
94,48437,-1834,-1460,3294,0,-17337,-13802,31140,0,0,0,0,1,0
95,48958,-1263,-2010,3273,0,-11942,-18997,30940,0,0,0,0,1,0
96,49479,-644,-2482,3126,0,-6088,-23462,29551,0,0,0,0,1,0
97,50000,0,-2859,2859,0,0,-27026,27026,0,0,0,0,1,0
98,50520,644,-3126,2482,0,6088,-29551,23462,0,0,0,0,1,0
99,51041,1263,-3273,2010,0,11942,-30940,18997,0,0,0,0,1,0
100,51562,1834,-3294,1460,0,17337,-31140,13802,0,0,0,0,1,0
101,52083,2334,-3189,854,0,22066,-30143,8077,0,0,0,0,1,0
102,52604,2745,-2961,216,0,25947,-27988,2041,0,0,0,0,1,0
103,53125,3050,-2619,-431,0,28831,-24758,-4073,0,0,0,0,1,0
104,53645,3238,-2177,-1061,0,30607,-20576,-10031,0,0,0,0,1,0
105,54166,3301,-1651,-1651,0,31207,-15603,-15603,0,0,0,0,1,0
106,54687,3238,-1061,-2177,0,30607,-10031,-20576,0,0,0,0,1,0
107,55208,3050,-431,-2619,0,28831,-4073,-24758,0,0,0,0,1,0
108,55729,2745,216,-2961,0,25947,2041,-27988,0,0,0,0,1,0
109,56250,2334,854,-3189,0,22066,8077,-30143,0,0,0,0,1,0
110,56770,1834,1460,-3294,0,17337,13802,-31140,0,0,0,0,1,0
111,57291,1263,2010,-3273,0,11942,18997,-30940,0,0,0,0,1,0
112,57812,644,2482,-3126,0,6088,23462,-29551,0,0,0,0,1,0
113,58333,0,2859,-2859,0,0,27026,-27026,0,0,0,0,1,0
114,58854,-644,3126,-2482,0,-6088,29551,-23462,0,0,0,0,1,0
115,59375,-1263,3273,-2010,0,-11942,30940,-18997,0,0,0,0,1,0
116,59895,-1834,3294,-1460,0,-17337,31140,-13802,0,0,0,0,1,0
117,60416,-2334,3189,-854,0,-22066,30143,-8077,0,0,0,0,1,0
118,60937,-2745,2961,-216,0,-25947,27988,-2041,0,0,0,0,1,0
119,61458,-3050,2619,431,0,-28831,24758,4073,0,0,0,0,1,0
120,61979,-3238,2177,1061,0,-30607,20576,10031,0,0,0,0,1,0
121,62500,-3301,1651,1651,0,-31207,15603,15603,0,0,0,0,1,0
122,63020,-3238,1061,2177,0,-30607,10031,20576,0,0,0,0,1,0
123,63541,-3050,431,2619,0,-28831,4073,24758,0,0,0,0,1,0
124,64062,-2745,-216,2961,0,-25947,-2041,27988,0,0,0,0,1,0
125,64583,-2334,-854,3189,0,-22066,-8077,30143,0,0,0,0,1,0
126,65104,-1834,-1460,3294,0,-17337,-13802,31140,0,0,0,0,1,0
127,65625,-1263,-2010,3273,0,-11942,-18997,30940,0,0,0,0,1,0
128,66145,-644,-2482,3126,0,-6088,-23462,29551,0,0,0,0,1,0
129,66666,0,-2859,2859,0,0,-27026,27026,0,0,0,0,1,0
130,67187,644,-3126,2482,0,6088,-29551,23462,0,0,0,0,1,0
131,67708,1263,-3273,2010,0,11942,-30940,18997,0,0,0,0,1,0
132,68229,1834,-3294,1460,0,17337,-31140,13802,0,0,0,0,1,0
133,68750,2334,-3189,854,0,22066,-30143,8077,0,0,0,0,1,0
134,69270,2745,-2961,216,0,25947,-27988,2041,0,0,0,0,1,0
135,69791,3050,-2619,-431,0,28831,-24758,-4073,0,0,0,0,1,0
136,70312,3238,-2177,-1061,0,30607,-20576,-10031,0,0,0,0,1,0
137,70833,3301,-1651,-1651,0,31207,-15603,-15603,0,0,0,0,1,0
138,71354,3238,-1061,-2177,0,30607,-10031,-20576,0,0,0,0,1,0
139,71875,3050,-431,-2619,0,28831,-4073,-24758,0,0,0,0,1,0
140,72395,2745,216,-2961,0,25947,2041,-27988,0,0,0,0,1,0
141,72916,2334,854,-3189,0,22066,8077,-30143,0,0,0,0,1,0
142,73437,1834,1460,-3294,0,17337,13802,-31140,0,0,0,0,1,0
143,73958,1263,2010,-3273,0,11942,18997,-30940,0,0,0,0,1,0
144,74479,644,2482,-3126,0,6088,23462,-29551,0,0,0,0,1,0
145,75000,0,2859,-2859,0,0,27026,-27026,0,0,0,0,1,0
146,75520,-644,3126,-2482,0,-6088,29551,-23462,0,0,0,0,1,0
147,76041,-1263,3273,-2010,0,-11942,30940,-18997,0,0,0,0,1,0
148,76562,-1834,3294,-1460,0,-17337,31140,-13802,0,0,0,0,1,0
149,77083,-2334,3189,-854,0,-22066,30143,-8077,0,0,0,0,1,0
150,77604,-2745,2961,-216,0,-25947,27988,-2041,0,0,0,0,1,0
151,78125,-3050,2619,431,0,-28831,24758,4073,0,0,0,0,1,0
152,78645,-3238,2177,1061,0,-30607,20576,10031,0,0,0,0,1,0
153,79166,-3301,1651,1651,0,-31207,15603,15603,0,0,0,0,1,0
154,79687,-3238,1061,2177,0,-30607,10031,20576,0,0,0,0,1,0
155,80208,-3050,431,2619,0,-28831,4073,24758,0,0,0,0,1,0
156,80729,-2745,-216,2961,0,-25947,-2041,27988,0,0,0,0,1,0
157,81250,-2334,-854,3189,0,-22066,-8077,30143,0,0,0,0,1,0
158,81770,-1834,-1460,3294,0,-17337,-13802,31140,0,0,0,0,1,0
159,82291,-1263,-2010,3273,0,-11942,-18997,30940,0,0,0,0,1,0
160,82812,-644,-2482,3126,0,-6088,-23462,29551,0,0,0,0,1,0
161,83333,0,-2859,2859,0,0,-27026,27026,0,0,0,0,1,0
162,83854,644,-3126,2482,0,6088,-29551,23462,0,0,0,0,1,0
163,84375,1263,-3273,2010,0,11942,-30940,18997,0,0,0,0,1,0
164,84895,1834,-3294,1460,0,17337,-31140,13802,0,0,0,0,1,0
165,85416,2334,-3189,854,0,22066,-30143,8077,0,0,0,0,1,0
166,85937,2745,-2961,216,0,25947,-27988,2041,0,0,0,0,1,0
167,86458,3050,-2619,-431,0,28831,-24758,-4073,0,0,0,0,1,0
168,86979,3238,-2177,-1061,0,30607,-20576,-10031,0,0,0,0,1,0
169,87500,3301,-1651,-1651,0,31207,-15603,-15603,0,0,0,0,1,0
170,88020,3238,-1061,-2177,0,30607,-10031,-20576,0,0,0,0,1,0
171,88541,3050,-431,-2619,0,28831,-4073,-24758,0,0,0,0,1,0
172,89062,2745,216,-2961,0,25947,2041,-27988,0,0,0,0,1,0
173,89583,2334,854,-3189,0,22066,8077,-30143,0,0,0,0,1,0
174,90104,1834,1460,-3294,0,17337,13802,-31140,0,0,0,0,1,0
175,90625,1263,2010,-3273,0,11942,18997,-30940,0,0,0,0,1,0
176,91145,644,2482,-3126,0,6088,23462,-29551,0,0,0,0,1,0
177,91666,0,2859,-2859,0,0,27026,-27026,0,0,0,0,1,0
178,92187,-644,3126,-2482,0,-6088,29551,-23462,0,0,0,0,1,0
179,92708,-1263,3273,-2010,0,-11942,30940,-18997,0,0,0,0,1,0
180,93229,-1834,3294,-1460,0,-17337,31140,-13802,0,0,0,0,1,0
181,93750,-2334,3189,-854,0,-22066,30143,-8077,0,0,0,0,1,0
182,94270,-2745,2961,-216,0,-25947,27988,-2041,0,0,0,0,1,0
183,94791,-3050,2619,431,0,-28831,24758,4073,0,0,0,0,1,0
184,95312,-3238,2177,1061,0,-30607,20576,10031,0,0,0,0,1,0
185,95833,-3301,1651,1651,0,-31207,15603,15603,0,0,0,0,1,0
186,96354,-3238,1061,2177,0,-30607,10031,20576,0,0,0,0,1,0
187,96875,-3050,431,2619,0,-28831,4073,24758,0,0,0,0,1,0
188,97395,-2745,-216,2961,0,-25947,-2041,27988,0,0,0,0,1,0
189,97916,-2334,-854,3189,0,-22066,-8077,30143,0,0,0,0,1,0
190,98437,-1834,-1460,3294,0,-17337,-13802,31140,0,0,0,0,1,0
191,98958,-1263,-2010,3273,0,-11942,-18997,30940,0,0,0,0,1,0
192,99479,-644,-2482,3126,0,-6088,-23462,29551,0,0,0,0,1,0
193,100000,0,-2859,2859,0,0,-27026,27026,0,0,0,0,1,0
194,100520,644,-3126,2482,0,6088,-29551,23462,0,0,0,0,1,0
195,101041,1263,-3273,2010,0,11942,-30940,18997,0,0,0,0,1,0
196,101562,1834,-3294,1460,0,17337,-31140,13802,0,0,0,0,1,0
197,102083,2334,-3189,854,0,22066,-30143,8077,0,0,0,0,1,0
198,102604,2745,-2961,216,0,25947,-27988,2041,0,0,0,0,1,0
199,103125,3050,-2619,-431,0,28831,-24758,-4073,0,0,0,0,1,0
200,103645,3238,-2177,-1061,0,30607,-20576,-10031,0,0,0,0,1,0
201,104166,3301,-1651,-1651,0,31207,-15603,-15603,0,0,0,0,1,0
202,104687,3238,-1061,-2177,0,30607,-10031,-20576,0,0,0,0,1,0
203,105208,3050,-431,-2619,0,28831,-4073,-24758,0,0,0,0,1,0
204,105729,2745,216,-2961,0,25947,2041,-27988,0,0,0,0,1,0
205,106250,2334,854,-3189,0,22066,8077,-30143,0,0,0,0,1,0
206,106770,1834,1460,-3294,0,17337,13802,-31140,0,0,0,0,1,0
207,107291,1263,2010,-3273,0,11942,18997,-30940,0,0,0,0,1,0
208,107812,644,2482,-3126,0,6088,23462,-29551,0,0,0,0,1,0
209,108333,0,2859,-2859,0,0,27026,-27026,0,0,0,0,1,0
210,108854,-644,3126,-2482,0,-6088,29551,-23462,0,0,0,0,1,0
211,109375,-1263,3273,-2010,0,-11942,30940,-18997,0,0,0,0,1,0
212,109895,-1834,3294,-1460,0,-17337,31140,-13802,0,0,0,0,1,0
213,110416,-2334,3189,-854,0,-22066,30143,-8077,0,0,0,0,1,0
214,110937,-2745,2961,-216,0,-25947,27988,-2041,0,0,0,0,1,0
215,111458,-3050,2619,431,0,-28831,24758,4073,0,0,0,0,1,0
216,111979,-3238,2177,1061,0,-30607,20576,10031,0,0,0,0,1,0
217,112500,-3301,1651,1651,0,-31207,15603,15603,0,0,0,0,1,0
218,113020,-3238,1061,2177,0,-30607,10031,20576,0,0,0,0,1,0
219,113541,-3050,431,2619,0,-28831,4073,24758,0,0,0,0,1,0
220,114062,-2745,-216,2961,0,-25947,-2041,27988,0,0,0,0,1,0
221,114583,-2334,-854,3189,0,-22066,-8077,30143,0,0,0,0,1,0
222,115104,-1834,-1460,3294,0,-17337,-13802,31140,0,0,0,0,1,0
223,115625,-1263,-2010,3273,0,-11942,-18997,30940,0,0,0,0,1,0
224,116145,-644,-2482,3126,0,-6088,-23462,29551,0,0,0,0,1,0
225,116666,0,-2859,2859,0,0,-27026,27026,0,0,0,0,1,0
226,117187,644,-3126,2482,0,6088,-29551,23462,0,0,0,0,1,0
227,117708,1263,-3273,2010,0,11942,-30940,18997,0,0,0,0,1,0
228,118229,1834,-3294,1460,0,17337,-31140,13802,0,0,0,0,1,0
229,118750,2334,-3189,854,0,22066,-30143,8077,0,0,0,0,1,0
230,119270,2745,-2961,216,0,25947,-27988,2041,0,0,0,0,1,0
231,119791,3050,-2619,-431,0,28831,-24758,-4073,0,0,0,0,1,0
232,120312,3238,-2177,-1061,0,30607,-20576,-10031,0,0,0,0,1,0
233,120833,3301,-1651,-1651,0,31207,-15603,-15603,0,0,0,0,1,0
234,121354,3238,-1061,-2177,0,30607,-10031,-20576,0,0,0,0,1,0
235,121875,3050,-431,-2619,0,28831,-4073,-24758,0,0,0,0,1,0
236,122395,2745,216,-2961,0,25947,2041,-27988,0,0,0,0,1,0
237,122916,2334,854,-3189,0,22066,8077,-30143,0,0,0,0,1,0
238,123437,1834,1460,-3294,0,17337,13802,-31140,0,0,0,0,1,0
239,123958,1263,2010,-3273,0,11942,18997,-30940,0,0,0,0,1,0
240,124479,644,2482,-3126,0,6088,23462,-29551,0,0,0,0,1,0
241,125000,0,2859,-2859,0,0,27026,-27026,0,0,0,0,1,0
242,125520,-644,3126,-2482,0,-6088,29551,-23462,0,0,0,0,1,0
243,126041,-1263,3273,-2010,0,-11942,30940,-18997,0,0,0,0,1,0
244,126562,-1834,3294,-1460,0,-17337,31140,-13802,0,0,0,0,1,0
245,127083,-2334,3189,-854,0,-22066,30143,-8077,0,0,0,0,1,0
246,127604,-2745,2961,-216,0,-25947,27988,-2041,0,0,0,0,1,0
247,128124,-3050,2619,431,0,-28831,24758,4073,0,0,0,0,1,0
248,128645,-3238,2177,1061,0,-30607,20576,10031,0,0,0,0,1,0
249,129166,-3301,1651,1651,0,-31207,15603,15603,0,0,0,0,1,0
250,129687,-3238,1061,2177,0,-30607,10031,20576,0,0,0,0,1,0
251,130208,-3050,431,2619,0,-28831,4073,24758,0,0,0,0,1,0
252,130729,-2745,-216,2961,0,-25947,-2041,27988,0,0,0,0,1,0
253,131250,-2334,-854,3189,0,-22066,-8077,30143,0,0,0,0,1,0
254,131770,-1834,-1460,3294,0,-17337,-13802,31140,0,0,0,0,1,0
255,132291,-1263,-2010,3273,0,-11942,-18997,30940,0,0,0,0,1,0
256,132812,-644,-2482,3126,0,-6088,-23462,29551,0,0,0,0,1,0
257,133333,0,-2859,2859,0,0,-27026,27026,0,0,0,0,1,0
258,133854,644,-3126,2482,0,6088,-29551,23462,0,0,0,0,1,0
259,134375,1263,-3273,2010,0,11942,-30940,18997,0,0,0,0,1,0
260,134895,1834,-3294,1460,0,17337,-31140,13802,0,0,0,0,1,0
261,135416,2334,-3189,854,0,22066,-30143,8077,0,0,0,0,1,0
262,135937,2745,-2961,216,0,25947,-27988,2041,0,0,0,0,1,0
263,136458,3050,-2619,-431,0,28831,-24758,-4073,0,0,0,0,1,0
264,136979,3238,-2177,-1061,0,30607,-20576,-10031,0,0,0,0,1,0
265,137500,3301,-1651,-1651,0,31207,-15603,-15603,0,0,0,0,1,0
266,138020,3238,-1061,-2177,0,30607,-10031,-20576,0,0,0,0,1,0
267,138541,3050,-431,-2619,0,28831,-4073,-24758,0,0,0,0,1,0
268,139062,2745,216,-2961,0,25947,2041,-27988,0,0,0,0,1,0
269,139583,2334,854,-3189,0,22066,8077,-30143,0,0,0,0,1,0
270,140104,1834,1460,-3294,0,17337,13802,-31140,0,0,0,0,1,0
271,140625,1263,2010,-3273,0,11942,18997,-30940,0,0,0,0,1,0
272,141145,644,2482,-3126,0,6088,23462,-29551,0,0,0,0,1,0
273,141666,0,2859,-2859,0,0,27026,-27026,0,0,0,0,1,0
274,142187,-644,3126,-2482,0,-6088,29551,-23462,0,0,0,0,1,0
275,142708,-1263,3273,-2010,0,-11942,30940,-18997,0,0,0,0,1,0
276,143229,-1834,3294,-1460,0,-17337,31140,-13802,0,0,0,0,1,0
277,143750,-2334,3189,-854,0,-22066,30143,-8077,0,0,0,0,1,0
278,144270,-2745,2961,-216,0,-25947,27988,-2041,0,0,0,0,1,0
279,144791,-3050,2619,431,0,-28831,24758,4073,0,0,0,0,1,0
280,145312,-3238,2177,1061,0,-30607,20576,10031,0,0,0,0,1,0
281,145833,-3301,1651,1651,0,-31207,15603,15603,0,0,0,0,1,0
282,146354,-3238,1061,2177,0,-30607,10031,20576,0,0,0,0,1,0
283,146875,-3050,431,2619,0,-28831,4073,24758,0,0,0,0,1,0
284,147395,-2745,-216,2961,0,-25947,-2041,27988,0,0,0,0,1,0
285,147916,-2334,-854,3189,0,-22066,-8077,30143,0,0,0,0,1,0
286,148437,-1834,-1460,3294,0,-17337,-13802,31140,0,0,0,0,1,0
287,148958,-1263,-2010,3273,0,-11942,-18997,30940,0,0,0,0,1,0
288,149479,-644,-2482,3126,0,-6088,-23462,29551,0,0,0,0,1,0
289,150000,0,-2859,2859,0,0,-27026,27026,0,0,0,0,1,0
290,150520,644,-3126,2482,0,6088,-29551,23462,0,0,0,0,1,0
291,151041,1263,-3273,2010,0,11942,-30940,18997,0,0,0,0,1,0
292,151562,1834,-3294,1460,0,17337,-31140,13802,0,0,0,0,1,0
293,152083,2334,-3189,854,0,22066,-30143,8077,0,0,0,0,1,0
294,152604,2745,-2961,216,0,25947,-27988,2041,0,0,0,0,1,0
295,153125,3050,-2619,-431,0,28831,-24758,-4073,0,0,0,0,1,0
296,153645,3238,-2177,-1061,0,30607,-20576,-10031,0,0,0,0,1,0
297,154166,3301,-1651,-1651,0,31207,-15603,-15603,0,0,0,0,1,0
298,154687,3238,-1061,-2177,0,30607,-10031,-20576,0,0,0,0,1,0
299,155208,3050,-431,-2619,0,28831,-4073,-24758,0,0,0,0,1,0
300,155729,2745,216,-2961,0,25947,2041,-27988,0,0,0,0,1,0
301,156250,2334,854,-3189,0,22066,8077,-30143,0,0,0,0,1,0
302,156770,1834,1460,-3294,0,17337,13802,-31140,0,0,0,0,1,0
303,157291,1263,2010,-3273,0,11942,18997,-30940,0,0,0,0,1,0
304,157812,644,2482,-3126,0,6088,23462,-29551,0,0,0,0,1,0
305,158333,0,2859,-2859,0,0,27026,-27026,0,0,0,0,1,0
306,158854,-644,3126,-2482,0,-6088,29551,-23462,0,0,0,0,1,0
307,159375,-1263,3273,-2010,0,-11942,30940,-18997,0,0,0,0,1,0
308,159895,-1834,3294,-1460,0,-17337,31140,-13802,0,0,0,0,1,0
309,160416,-2334,3189,-854,0,-22066,30143,-8077,0,0,0,0,1,0
310,160937,-2745,2961,-216,0,-25947,27988,-2041,0,0,0,0,1,0
311,161458,-3050,2619,431,0,-28831,24758,4073,0,0,0,0,1,0
312,161979,-3238,2177,1061,0,-30607,20576,10031,0,0,0,0,1,0
313,162500,-3301,1651,1651,0,-31207,15603,15603,0,0,0,0,1,0
314,163020,-3238,1061,2177,0,-30607,10031,20576,0,0,0,0,1,0
315,163541,-3050,431,2619,0,-28831,4073,24758,0,0,0,0,1,0
316,164062,-2745,-216,2961,0,-25947,-2041,27988,0,0,0,0,1,0
317,164583,-2334,-854,3189,0,-22066,-8077,30143,0,0,0,0,1,0
318,165104,-1834,-1460,3294,0,-17337,-13802,31140,0,0,0,0,1,0
319,165625,-1263,-2010,3273,0,-11942,-18997,30940,0,0,0,0,1,0
320,166145,-644,-2482,3126,0,-6088,-23462,29551,0,0,0,0,1,0
321,166666,0,-2859,2859,0,0,-27026,27026,0,0,0,0,1,0
322,167187,644,-3126,2482,0,6088,-29551,23462,0,0,0,0,1,0
323,167708,1263,-3273,2010,0,11942,-30940,18997,0,0,0,0,1,0
324,168229,1834,-3294,1460,0,17337,-31140,13802,0,0,0,0,1,0
325,168750,2334,-3189,854,0,22066,-30143,8077,0,0,0,0,1,0
326,169270,2745,-2961,216,0,25947,-27988,2041,0,0,0,0,1,0
327,169791,3050,-2619,-431,0,28831,-24758,-4073,0,0,0,0,1,0
328,170312,3238,-2177,-1061,0,30607,-20576,-10031,0,0,0,0,1,0
329,170833,3301,-1651,-1651,0,31207,-15603,-15603,0,0,0,0,1,0
330,171354,3238,-1061,-2177,0,30607,-10031,-20576,0,0,0,0,1,0
331,171875,3050,-431,-2619,0,28831,-4073,-24758,0,0,0,0,1,0
332,172395,2745,216,-2961,0,25947,2041,-27988,0,0,0,0,1,0
333,172916,2334,854,-3189,0,22066,8077,-30143,0,0,0,0,1,0
334,173437,1834,1460,-3294,0,17337,13802,-31140,0,0,0,0,1,0
335,173958,1263,2010,-3273,0,11942,18997,-30940,0,0,0,0,1,0
336,174479,644,2482,-3126,0,6088,23462,-29551,0,0,0,0,1,0
337,175000,0,2859,-2859,0,0,27026,-27026,0,0,0,0,1,0
338,175520,-644,3126,-2482,0,-6088,29551,-23462,0,0,0,0,1,0
339,176041,-1263,3273,-2010,0,-11942,30940,-18997,0,0,0,0,1,0
340,176562,-1834,3294,-1460,0,-17337,31140,-13802,0,0,0,0,1,0
341,177083,-2334,3189,-854,0,-22066,30143,-8077,0,0,0,0,1,0
342,177604,-2745,2961,-216,0,-25947,27988,-2041,0,0,0,0,1,0
343,178125,-3050,2619,431,0,-28831,24758,4073,0,0,0,0,1,0
344,178645,-30611,20579,10032,0,-30607,20576,10031,0,0,0,0,1,0
345,179166,-31207,15603,15603,0,-31207,15603,15603,0,0,0,0,1,0
346,179687,-30603,10030,20573,0,-30607,10031,20576,0,0,0,0,1,0
347,180208,-28824,4072,24752,0,-28831,4073,24758,0,0,0,0,1,0
348,180729,-25937,-2040,27978,0,-25947,-2041,27988,0,0,0,0,1,0
349,181250,-22055,-8073,30128,0,-22066,-8077,30143,0,0,0,0,1,0
350,181770,-17326,-13793,31120,0,-17337,-13802,31140,0,0,0,0,1,0
351,182291,-11933,-18983,30916,0,-11942,-18997,30940,0,0,0,0,1,0
352,182812,-6083,-23441,29524,0,-6088,-23462,29551,0,0,0,0,1,0
353,183333,0,-26998,26998,0,0,-27026,27026,0,0,0,0,1,0
354,183854,6081,-29516,23435,0,6088,-29551,23462,0,0,0,0,1,0
355,184375,11927,-30900,18973,0,11942,-30940,18997,0,0,0,0,1,0
356,184895,17313,-31096,13783,0,17337,-31140,13802,0,0,0,0,1,0
357,185416,22032,-30097,8064,0,22066,-30143,8077,0,0,0,0,1,0
358,185937,25904,-27942,2038,0,25947,-27988,2041,0,0,0,0,1,0
359,186458,28779,-24713,-4066,0,28831,-24758,-4073,0,0,0,0,1,0
360,186979,30548,-20536,-10012,0,30607,-20576,-10031,0,0,0,0,1,0
361,187500,31143,-15571,-15571,0,31207,-15603,-15603,0,0,0,0,1,0
362,188020,30540,-10009,-20531,0,30607,-10031,-20576,0,0,0,0,1,0
363,188541,28765,-4064,-24701,0,28831,-4073,-24758,0,0,0,0,1,0
364,189062,25884,2036,-27920,0,25947,2041,-27988,0,0,0,0,1,0
365,189583,22010,8056,-30066,0,22066,8077,-30143,0,0,0,0,1,0
366,190104,17291,13765,-31056,0,17337,13802,-31140,0,0,0,0,1,0
367,190625,11909,18944,-30852,0,11942,18997,-30940,0,0,0,0,1,0
368,191145,6070,23393,-29463,0,6088,23462,-29551,0,0,0,0,1,0
369,191666,0,26943,-26943,0,0,27026,-27026,0,0,0,0,1,0
370,192187,-6069,29456,-23387,0,-6088,29551,-23462,0,0,0,0,1,0
371,192708,-11902,30837,-18934,0,-11942,30940,-18997,0,0,0,0,1,0
372,193229,-17278,31032,-13755,0,-17337,31140,-13802,0,0,0,0,1,0
373,193750,-21987,30035,-8048,0,-22066,30143,-8077,0,0,0,0,1,0
374,194270,-25851,27884,-2033,0,-25947,27988,-2041,0,0,0,0,1,0
375,194791,-28720,24663,4058,0,-28831,24758,4073,0,0,0,0,1,0
376,195312,-30486,20494,9991,0,-30607,20576,10031,0,0,0,0,1,0
377,195833,-31079,15539,15539,0,-31207,15603,15603,0,0,0,0,1,0
378,196354,-30478,9989,20489,0,-30607,10031,20576,0,0,0,0,1,0
379,196875,-28706,4056,24650,0,-28831,4073,24758,0,0,0,0,1,0
380,197395,-25831,-2032,27863,0,-25947,-2041,27988,0,0,0,0,1,0
381,197916,-21965,-8040,30004,0,-22066,-8077,30143,0,0,0,0,1,0
382,198437,-17255,-13737,30992,0,-17337,-13802,31140,0,0,0,0,1,0
383,198958,-11884,-18905,30789,0,-11942,-18997,30940,0,0,0,0,1,0
384,199479,-6058,-23345,29403,0,-6088,-23462,29551,0,0,0,0,1,0
385,200000,0,-26887,26887,0,0,-27026,27026,0,0,0,0,1,0
386,200520,6056,-29396,23339,0,6088,-29551,23462,0,0,0,0,1,0
387,201041,11878,-30773,18895,0,11942,-30940,18997,0,0,0,0,1,0
388,201562,17242,-30969,13726,0,17337,-31140,13802,0,0,0,0,1,0
389,202083,21942,-29974,8031,0,22066,-30143,8077,0,0,0,0,1,0
390,202604,25798,-27827,2029,0,25947,-27988,2041,0,0,0,0,1,0
391,203125,28662,-24612,-4049,0,28831,-24758,-4073,0,0,0,0,1,0
392,203645,30423,-20452,-9971,0,30607,-20576,-10031,0,0,0,0,1,0
393,204166,31015,-15508,-15508,0,31207,-15603,-15603,0,0,0,0,1,0
394,204687,30415,-9968,-20447,0,30607,-10031,-20576,0,0,0,0,1,0
395,205208,28647,-4047,-24600,0,28831,-4073,-24758,0,0,0,0,1,0
396,205729,25778,2028,-27806,0,25947,2041,-27988,0,0,0,0,1,0
397,206250,21920,8023,-29943,0,22066,8077,-30143,0,0,0,0,1,0
398,206770,17220,13709,-30929,0,17337,13802,-31140,0,0,0,0,1,0
399,207291,11860,18866,-30726,0,11942,18997,-30940,0,0,0,0,1,0
400,207812,6045,23298,-29343,0,6088,23462,-29551,0,0,0,0,1,0
401,208333,0,26833,-26833,0,0,27026,-27026,0,0,0,0,1,0
402,208854,-6044,29335,-23292,0,-6088,29551,-23462,0,0,0,0,1,0
403,209375,-11854,30711,-18857,0,-11942,30940,-18997,0,0,0,0,1,0
404,209895,-17207,30905,-13698,0,-17337,31140,-13802,0,0,0,0,1,0
405,210416,-21897,29912,-8015,0,-22066,30143,-8077,0,0,0,0,1,0
406,210937,-25745,27771,-2025,0,-25947,27988,-2041,0,0,0,0,1,0
407,211458,-28603,24562,4041,0,-28831,24758,4073,0,0,0,0,1,0
408,211979,-30361,20411,9950,0,-30607,20576,10031,0,0,0,0,1,0
409,212500,-30952,15476,15476,0,-31207,15603,15603,0,0,0,0,1,0
410,213020,-30353,9948,20405,0,-30607,10031,20576,0,0,0,0,1,0
411,213541,-28588,4039,24549,0,-28831,4073,24758,0,0,0,0,1,0
412,214062,-25726,-2024,27749,0,-25947,-2041,27988,0,0,0,0,1,0
413,214583,-21875,-8007,29882,0,-22066,-8077,30143,0,0,0,0,1,0
414,215104,-17185,-13681,30866,0,-17337,-13802,31140,0,0,0,0,1,0
415,215625,-11836,-18828,30664,0,-11942,-18997,30940,0,0,0,0,1,0
416,216145,-6033,-23250,29283,0,-6088,-23462,29551,0,0,0,0,1,0
417,216666,0,-26778,26778,0,0,-27026,27026,0,0,0,0,1,0
418,217187,6031,-29276,23244,0,6088,-29551,23462,0,0,0,0,1,0
419,217708,11830,-30648,18818,0,11942,-30940,18997,0,0,0,0,1,0
420,218229,17172,-30842,13670,0,17337,-31140,13802,0,0,0,0,1,0
421,218750,21853,-29851,7999,0,22066,-30143,8077,0,0,0,0,1,0
422,219270,25693,-27714,2021,0,25947,-27988,2041,0,0,0,0,1,0
423,219791,28545,-24512,-4033,0,28831,-24758,-4073,0,0,0,0,1,0
424,220312,30299,-20369,-9930,0,30607,-20576,-10031,0,0,0,0,1,0
425,220833,30889,-15444,-15444,0,31207,-15603,-15603,0,0,0,0,1,0
426,221354,30291,-9928,-20364,0,30607,-10031,-20576,0,0,0,0,1,0
427,221875,28530,-4031,-24499,0,28831,-4073,-24758,0,0,0,0,1,0
428,222395,25673,2019,-27693,0,25947,2041,-27988,0,0,0,0,1,0
429,222916,21831,7991,-29821,0,22066,8077,-30143,0,0,0,0,1,0
430,223437,17150,13653,-30803,0,17337,13802,-31140,0,0,0,0,1,0
431,223958,11812,18789,-30601,0,11942,18997,-30940,0,0,0,0,1,0
432,224479,6021,23203,-29223,0,6088,23462,-29551,0,0,0,0,1,0
433,225000,0,26723,-26723,0,0,27026,-27026,0,0,0,0,1,0
434,225520,-6019,29216,-23197,0,-6088,29551,-23462,0,0,0,0,1,0
435,226041,-11806,30585,-18780,0,-11942,30940,-18997,0,0,0,0,1,0
436,226562,-17137,30779,-13643,0,-17337,31140,-13802,0,0,0,0,1,0
437,227083,-21808,29791,-7982,0,-22066,30143,-8077,0,0,0,0,1,0
438,227604,-25641,27657,-2017,0,-25947,27988,-2041,0,0,0,0,1,0
439,228125,-28487,24462,4025,0,-28831,24758,4073,0,0,0,0,1,0
440,228645,-30237,20327,9910,0,-30607,20576,10031,0,0,0,0,1,0
441,229166,-30826,15413,15413,0,-31207,15603,15603,0,0,0,0,1,0
442,229687,-30230,9907,20322,0,-30607,10031,20576,0,0,0,0,1,0
443,230208,-28472,4023,24450,0,-28831,4073,24758,0,0,0,0,1,0
444,230729,-25621,-2015,27636,0,-25947,-2041,27988,0,0,0,0,1,0
445,231250,-21786,-7974,29760,0,-22066,-8077,30143,0,0,0,0,1,0
446,231770,-17115,-13625,30740,0,-17337,-13802,31140,0,0,0,0,1,0
447,232291,-11788,-18751,30539,0,-11942,-18997,30940,0,0,0,0,1,0
448,232812,-6008,-23155,29164,0,-6088,-23462,29551,0,0,0,0,1,0
449,233333,0,-26669,26669,0,0,-27026,27026,0,0,0,0,1,0
450,233854,6007,-29157,23150,0,6088,-29551,23462,0,0,0,0,1,0
451,234375,11782,-30523,18742,0,11942,-30940,18997,0,0,0,0,1,0
452,234895,17102,-30717,13615,0,17337,-31140,13802,0,0,0,0,1,0
453,235416,21764,-29730,7966,0,22066,-30143,8077,0,0,0,0,1,0
454,235937,25588,-27601,2013,0,25947,-27988,2041,0,0,0,0,1,0
455,236458,28429,-24412,-4016,0,28831,-24758,-4073,0,0,0,0,1,0
456,236979,30176,-20286,-9890,0,30607,-20576,-10031,0,0,0,0,1,0
457,237500,30763,-15382,-15382,0,31207,-15603,-15603,0,0,0,0,1,0
458,238020,30168,-9887,-20281,0,30607,-10031,-20576,0,0,0,0,1,0
459,238541,28414,-4014,-24400,0,28831,-4073,-24758,0,0,0,0,1,0
460,239062,25569,2011,-27580,0,25947,2041,-27988,0,0,0,0,1,0
461,239583,21742,7958,-29700,0,22066,8077,-30143,0,0,0,0,1,0
462,240104,17080,13598,-30678,0,17337,13802,-31140,0,0,0,0,1,0
463,240625,11764,18713,-30477,0,11942,18997,-30940,0,0,0,0,1,0
464,241145,5996,23108,-29105,0,6088,23462,-29551,0,0,0,0,1,0
465,241666,0,26615,-26615,0,0,27026,-27026,0,0,0,0,1,0
466,242187,-5995,29097,-23103,0,-6088,29551,-23462,0,0,0,0,1,0
467,242708,-11758,30461,-18704,0,-11942,30940,-18997,0,0,0,0,1,0
468,243229,-17067,30654,-13587,0,-17337,31140,-13802,0,0,0,0,1,0
469,243750,-21720,29670,-7950,0,-22066,30143,-8077,0,0,0,0,1,0
470,244270,-25536,27545,-2009,0,-25947,27988,-2041,0,0,0,0,1,0
471,244791,-28371,24363,4008,0,-28831,24758,4073,0,0,0,0,1,0
472,245312,-30115,20245,9870,0,-30607,20576,10031,0,0,0,0,1,0
473,245833,-30701,15350,15350,0,-31207,15603,15603,0,0,0,0,1,0
474,246354,-30107,9867,20240,0,-30607,10031,20576,0,0,0,0,1,0
475,246875,-28357,4006,24350,0,-28831,4073,24758,0,0,0,0,1,0
476,247395,-25517,-2007,27524,0,-25947,-2041,27988,0,0,0,0,1,0
477,247916,-21698,-7942,29640,0,-22066,-8077,30143,0,0,0,0,1,0
478,248437,-17046,-13570,30616,0,-17337,-13802,31140,0,0,0,0,1,0
479,248958,-11740,-18675,30415,0,-11942,-18997,30940,0,0,0,0,1,0
480,249479,-5984,-23062,29046,0,-6088,-23462,29551,0,0,0,0,1,0
481,250000,0,-26561,26561,0,0,-27026,27026,0,0,0,0,1,0
482,250520,5983,-29038,23056,0,6088,-29551,23462,0,0,0,0,1,0
483,251041,11734,-30400,18666,0,11942,-30940,18997,0,0,0,0,1,0
484,251562,17033,-30592,13560,0,17337,-31140,13802,0,0,0,0,1,0
485,252083,21676,-29610,7934,0,22066,-30143,8077,0,0,0,0,1,0
486,252604,25485,-27489,2005,0,25947,-27988,2041,0,0,0,0,1,0
487,253125,28313,-24313,-4000,0,28831,-24758,-4073,0,0,0,0,1,0
488,253645,30054,-20204,-9850,0,30607,-20576,-10031,0,0,0,0,1,0
489,254166,30639,-15319,-15319,0,31207,-15603,-15603,0,0,0,0,1,0
490,254687,30046,-9847,-20199,0,30607,-10031,-20576,0,0,0,0,1,0
491,255208,28299,-3998,-24301,0,28831,-4073,-24758,0,0,0,0,1,0
492,255729,25465,2003,-27468,0,25947,2041,-27988,0,0,0,0,1,0
493,256249,21654,7926,-29580,0,22066,8077,-30143,0,0,0,0,1,0
494,256770,17011,13542,-30554,0,17337,13802,-31140,0,0,0,0,1,0
495,257291,11716,18637,-30353,0,11942,18997,-30940,0,0,0,0,1,0
496,257812,5972,23015,-28987,0,6088,23462,-29551,0,0,0,0,1,0
497,258333,0,26507,-26507,0,0,27026,-27026,0,0,0,0,1,0
498,258854,-5970,28979,-23009,0,-6088,29551,-23462,0,0,0,0,1,0
499,259375,-11710,30338,-18628,0,-11942,30940,-18997,0,0,0,0,1,0
500,259895,-16998,30530,-13532,0,-17337,31140,-13802,0,0,0,0,1,0
501,260416,-21632,29550,-7918,0,-22066,30143,-8077,0,0,0,0,1,0
502,260937,-25433,27434,-2001,0,-25947,27988,-2041,0,0,0,0,1,0
503,261458,-28256,24264,3992,0,-28831,24758,4073,0,0,0,0,1,0
504,261979,-29993,20163,9830,0,-30607,20576,10031,0,0,0,0,1,0
505,262500,-30577,15288,15288,0,-31207,15603,15603,0,0,0,0,1,0
506,263020,-29985,9827,20158,0,-30607,10031,20576,0,0,0,0,1,0
507,263541,-28242,3990,24252,0,-28831,4073,24758,0,0,0,0,1,0
508,264062,-25414,-1999,27413,0,-25947,-2041,27988,0,0,0,0,1,0
509,264583,-21610,-7910,29520,0,-22066,-8077,30143,0,0,0,0,1,0
510,265104,-16977,-13515,30492,0,-17337,-13802,31140,0,0,0,0,1,0
511,265625,-11692,-18600,30292,0,-11942,-18997,30940,0,0,0,0,1,0
512,266145,-5960,-22968,28928,0,-6088,-23462,29551,0,0,0,0,1,0
513,266666,0,-26453,26453,0,0,-27026,27026,0,0,0,0,1,0
514,267187,5958,-28921,22963,0,6088,-29551,23462,0,0,0,0,1,0
515,267708,11686,-30277,18590,0,11942,-30940,18997,0,0,0,0,1,0
516,268229,16964,-30469,13505,0,17337,-31140,13802,0,0,0,0,1,0
517,268750,21588,-29490,7902,0,22066,-30143,8077,0,0,0,0,1,0
518,269270,25382,-27378,1997,0,25947,-27988,2041,0,0,0,0,1,0
519,269791,28199,-24215,-3984,0,28831,-24758,-4073,0,0,0,0,1,0
520,270312,29932,-20122,-9810,0,30607,-20576,-10031,0,0,0,0,1,0
521,270833,30515,-15257,-15257,0,31207,-15603,-15603,0,0,0,0,1,0
522,271354,29925,-9807,-20117,0,30607,-10031,-20576,0,0,0,0,1,0
523,271875,28185,-3982,-24203,0,28831,-4073,-24758,0,0,0,0,1,0
524,272395,25362,1995,-27357,0,25947,2041,-27988,0,0,0,0,1,0
525,272916,21566,7894,-29460,0,22066,8077,-30143,0,0,0,0,1,0
526,273437,16942,13488,-30430,0,17337,13802,-31140,0,0,0,0,1,0
527,273958,11669,18562,-30231,0,11942,18997,-30940,0,0,0,0,1,0
528,274479,5948,22922,-28870,0,6088,23462,-29551,0,0,0,0,1,0
529,275000,0,26400,-26400,0,0,27026,-27026,0,0,0,0,1,0
530,275520,-5946,28863,-22916,0,-6088,29551,-23462,0,0,0,0,1,0
531,276041,-11663,30216,-18553,0,-11942,30940,-18997,0,0,0,0,1,0
532,276562,-16930,30407,-13478,0,-17337,31140,-13802,0,0,0,0,1,0
533,277083,-21545,29430,-7886,0,-22066,30143,-8077,0,0,0,0,1,0
534,277604,-25331,27323,-1992,0,-25947,27988,-2041,0,0,0,0,1,0
535,278125,-28142,24166,3976,0,-28831,24758,4073,0,0,0,0,1,0
536,278645,-29872,20082,9790,0,-30607,20576,10031,0,0,0,0,1,0
537,279166,-30453,15227,15227,0,-31207,15603,15603,0,0,0,0,1,0
538,279687,-29864,9788,20077,0,-30607,10031,20576,0,0,0,0,1,0
539,280208,-28128,3974,24154,0,-28831,4073,24758,0,0,0,0,1,0
540,280729,-25311,-1991,27302,0,-25947,-2041,27988,0,0,0,0,1,0
541,281250,-21523,-7878,29401,0,-22066,-8077,30143,0,0,0,0,1,0
542,281770,-16908,-13461,30369,0,-17337,-13802,31140,0,0,0,0,1,0
543,282291,-11645,-18525,30170,0,-11942,-18997,30940,0,0,0,0,1,0
544,282812,-5936,-22876,28812,0,-6088,-23462,29551,0,0,0,0,1,0
545,283333,0,-26347,26347,0,0,-27026,27026,0,0,0,0,1,0
546,283854,5934,-28804,22870,0,6088,-29551,23462,0,0,0,0,1,0
547,284375,11639,-30155,18515,0,11942,-30940,18997,0,0,0,0,1,0
548,284895,16895,-30346,13450,0,17337,-31140,13802,0,0,0,0,1,0
549,285416,21501,-29371,7870,0,22066,-30143,8077,0,0,0,0,1,0
550,285937,25279,-27268,1988,0,25947,-27988,2041,0,0,0,0,1,0
551,286458,28086,-24118,-3968,0,28831,-24758,-4073,0,0,0,0,1,0
552,286979,29812,-20041,-9770,0,30607,-20576,-10031,0,0,0,0,1,0
553,287500,30392,-15196,-15196,0,31207,-15603,-15603,0,0,0,0,1,0
554,288020,29804,-9768,-20036,0,30607,-10031,-20576,0,0,0,0,1,0
555,288541,28071,-3966,-24105,0,28831,-4073,-24758,0,0,0,0,1,0
556,289062,25260,1987,-27247,0,25947,2041,-27988,0,0,0,0,1,0
557,289583,21480,7862,-29342,0,22066,8077,-30143,0,0,0,0,1,0
558,290104,16874,13434,-30308,0,17337,13802,-31140,0,0,0,0,1,0
559,290625,11622,18487,-30109,0,11942,18997,-30940,0,0,0,0,1,0
560,291145,5924,22830,-28754,0,6088,23462,-29551,0,0,0,0,1,0
561,291666,0,26294,-26294,0,0,27026,-27026,0,0,0,0,1,0
562,292187,-5922,28746,-22824,0,-6088,29551,-23462,0,0,0,0,1,0
563,292708,-11616,30094,-18478,0,-11942,30940,-18997,0,0,0,0,1,0
564,293229,-16861,30285,-13423,0,-17337,31140,-13802,0,0,0,0,1,0
565,293750,-21458,29312,-7854,0,-22066,30143,-8077,0,0,0,0,1,0
566,294270,-25229,27213,-1984,0,-25947,27988,-2041,0,0,0,0,1,0
567,294791,-28029,24069,3960,0,-28831,24758,4073,0,0,0,0,1,0
568,295312,-29752,20001,9751,0,-30607,20576,10031,0,0,0,0,1,0
569,295833,-30331,15165,15165,0,-31207,15603,15603,0,0,0,0,1,0
570,296354,-29744,9748,19996,0,-30607,10031,20576,0,0,0,0,1,0
571,296875,-28015,3958,24057,0,-28831,4073,24758,0,0,0,0,1,0
572,297395,-25210,-1983,27193,0,-25947,-2041,27988,0,0,0,0,1,0
573,297916,-21436,-7846,29283,0,-22066,-8077,30143,0,0,0,0,1,0
574,298437,-16840,-13407,30247,0,-17337,-13802,31140,0,0,0,0,1,0
575,298958,-11598,-18450,30049,0,-11942,-18997,30940,0,0,0,0,1,0
576,299479,-5912,-22784,28696,0,-6088,-23462,29551,0,0,0,0,1,0
577,300000,0,-26241,26241,0,0,-27026,27026,0,0,0,0,1,0
578,300520,5911,-28689,22778,0,6088,-29551,23462,0,0,0,0,1,0
579,301041,11593,-30034,18441,0,11942,-30940,18997,0,0,0,0,1,0
580,301562,16828,-30224,13396,0,17337,-31140,13802,0,0,0,0,1,0
581,302083,21415,-29253,7838,0,22066,-30143,8077,0,0,0,0,1,0
582,302604,25178,-27158,1980,0,25947,-27988,2041,0,0,0,0,1,0
583,303125,27973,-24021,-3952,0,28831,-24758,-4073,0,0,0,0,1,0
584,303645,29692,-19961,-9731,0,30607,-20576,-10031,0,0,0,0,1,0
585,304166,30270,-15135,-15135,0,31207,-15603,-15603,0,0,0,0,1,0
586,304687,29685,-9729,-19956,0,30607,-10031,-20576,0,0,0,0,1,0
587,305208,27959,-3950,-24009,0,28831,-4073,-24758,0,0,0,0,1,0
588,305729,25159,1979,-27138,0,25947,2041,-27988,0,0,0,0,1,0
589,306250,21393,7831,-29224,0,22066,8077,-30143,0,0,0,0,1,0
590,306770,16807,13380,-30186,0,17337,13802,-31140,0,0,0,0,1,0
591,307291,11575,18413,-29988,0,11942,18997,-30940,0,0,0,0,1,0
592,307812,5900,22738,-28638,0,6088,23462,-29551,0,0,0,0,1,0
593,308333,0,26188,-26188,0,0,27026,-27026,0,0,0,0,1,0
594,308854,-5899,28631,-22732,0,-6088,29551,-23462,0,0,0,0,1,0
595,309375,-11569,29973,-18404,0,-11942,30940,-18997,0,0,0,0,1,0
596,309895,-16794,30163,-13370,0,-17337,31140,-13802,0,0,0,0,1,0
597,310416,-21372,29195,-7823,0,-22066,30143,-8077,0,0,0,0,1,0
598,310937,-25128,27104,-1977,0,-25947,27988,-2041,0,0,0,0,1,0
599,311458,-27917,23973,3944,0,-28831,24758,4073,0,0,0,0,1,0
600,311979,-29633,19921,9712,0,-30607,20576,10031,0,0,0,0,1,0
601,312500,-30209,15105,15105,0,-31207,15603,15603,0,0,0,0,1,0
602,313020,-29625,9709,19916,0,-30607,10031,20576,0,0,0,0,1,0
603,313541,-27903,3942,23961,0,-28831,4073,24758,0,0,0,0,1,0
604,314062,-25109,-1975,27084,0,-25947,-2041,27988,0,0,0,0,1,0
605,314583,-21350,-7815,29165,0,-22066,-8077,30143,0,0,0,0,1,0
606,315104,-16773,-13353,30126,0,-17337,-13802,31140,0,0,0,0,1,0
607,315625,-11552,-18376,29928,0,-11942,-18997,30940,0,0,0,0,1,0
608,316145,-5888,-22693,28581,0,-6088,-23462,29551,0,0,0,0,1,0
609,316666,0,-26136,26136,0,0,-27026,27026,0,0,0,0,1,0
610,317187,5887,-28574,22687,0,6088,-29551,23462,0,0,0,0,1,0
611,317708,11546,-29913,18367,0,11942,-30940,18997,0,0,0,0,1,0
612,318229,16760,-30103,13343,0,17337,-31140,13802,0,0,0,0,1,0
613,318750,21329,-29136,7807,0,22066,-30143,8077,0,0,0,0,1,0
614,319270,25077,-27050,1973,0,25947,-27988,2041,0,0,0,0,1,0
615,319791,27861,-23925,-3936,0,28831,-24758,-4073,0,0,0,0,1,0
616,320312,29573,-19881,-9692,0,30607,-20576,-10031,0,0,0,0,1,0
617,320833,30149,-15074,-15074,0,31207,-15603,-15603,0,0,0,0,1,0
618,321354,29566,-9690,-19876,0,30607,-10031,-20576,0,0,0,0,1,0
619,321875,27847,-3934,-23913,0,28831,-4073,-24758,0,0,0,0,1,0
620,322395,25058,1971,-27030,0,25947,2041,-27988,0,0,0,0,1,0
621,322916,21308,7799,-29107,0,22066,8077,-30143,0,0,0,0,1,0
622,323437,16739,13326,-30065,0,17337,13802,-31140,0,0,0,0,1,0
623,323958,11529,18340,-29868,0,11942,18997,-30940,0,0,0,0,1,0
624,324479,5877,22647,-28524,0,6088,23462,-29551,0,0,0,0,1,0
625,325000,0,26084,-26084,0,0,27026,-27026,0,0,0,0,1,0
626,325520,-5875,28517,-22642,0,-6088,29551,-23462,0,0,0,0,1,0
627,326041,-11523,29854,-18331,0,-11942,30940,-18997,0,0,0,0,1,0
628,326562,-16727,30043,-13316,0,-17337,31140,-13802,0,0,0,0,1,0
629,327083,-21286,29078,-7791,0,-22066,30143,-8077,0,0,0,0,1,0
630,327604,-25027,26996,-1969,0,-25947,27988,-2041,0,0,0,0,1,0
631,328125,-27805,23877,3928,0,-28831,24758,4073,0,0,0,0,1,0
632,328645,-29514,19841,9673,0,-30607,20576,10031,0,0,0,0,1,0
633,329166,-30089,15044,15044,0,-31207,15603,15603,0,0,0,0,1,0
634,329687,-29507,9670,19836,0,-30607,10031,20576,0,0,0,0,1,0
635,330208,-27791,3926,23865,0,-28831,4073,24758,0,0,0,0,1,0
636,330729,-25008,-1967,26976,0,-25947,-2041,27988,0,0,0,0,1,0
637,331250,-21265,-7784,29049,0,-22066,-8077,30143,0,0,0,0,1,0
638,331770,-16706,-13300,30005,0,-17337,-13802,31140,0,0,0,0,1,0
639,332291,-11506,-18303,29809,0,-11942,-18997,30940,0,0,0,0,1,0
640,332812,-5865,-22602,28467,0,-6088,-23462,29551,0,0,0,0,1,0
641,333333,0,-26032,26032,0,0,-27026,27026,0,0,0,0,1,0
642,333854,5863,-28460,22596,0,6088,-29551,23462,0,0,0,0,1,0
643,334375,11500,-29794,18294,0,11942,-30940,18997,0,0,0,0,1,0
644,334895,16693,-29983,13290,0,17337,-31140,13802,0,0,0,0,1,0
645,335416,21244,-29020,7776,0,22066,-30143,8077,0,0,0,0,1,0
646,335937,24977,-26942,1965,0,25947,-27988,2041,0,0,0,0,1,0
647,336458,27750,-23829,-3920,0,28831,-24758,-4073,0,0,0,0,1,0
648,336979,29455,-19802,-9654,0,30607,-20576,-10031,0,0,0,0,1,0
649,337500,30029,-15014,-15014,0,31207,-15603,-15603,0,0,0,0,1,0
650,338020,29448,-9651,-19797,0,30607,-10031,-20576,0,0,0,0,1,0
651,338541,27736,-3919,-23817,0,28831,-4073,-24758,0,0,0,0,1,0
652,339062,24959,1963,-26922,0,25947,2041,-27988,0,0,0,0,1,0
653,339583,21223,7768,-28991,0,22066,8077,-30143,0,0,0,0,1,0
654,340104,16673,13273,-29946,0,17337,13802,-31140,0,0,0,0,1,0
655,340625,11483,18267,-29749,0,11942,18997,-30940,0,0,0,0,1,0
656,341145,5853,22557,-28410,0,6088,23462,-29551,0,0,0,0,1,0
657,341666,0,25980,-25980,0,0,27026,-27026,0,0,0,0,1,0
658,342187,-5852,28403,-22551,0,-6088,29551,-23462,0,0,0,0,1,0
659,342708,-11477,29735,-18258,0,-11942,30940,-18997,0,0,0,0,1,0
660,343229,-16660,29923,-13263,0,-17337,31140,-13802,0,0,0,0,1,0
661,343750,-21202,28962,-7760,0,-22066,30143,-8077,0,0,0,0,1,0
662,344270,-24927,26888,-1961,0,-25947,27988,-2041,0,0,0,0,1,0
663,344791,-27694,23782,3913,0,-28831,24758,4073,0,0,0,0,1,0
664,345312,-29397,19762,9634,0,-30607,20576,10031,0,0,0,0,1,0
665,345833,-29969,14984,14984,0,-31207,15603,15603,0,0,0,0,1,0
666,346354,-29389,9632,19757,0,-30607,10031,20576,0,0,0,0,1,0
667,346875,-27681,3911,23770,0,-28831,4073,24758,0,0,0,0,1,0
668,347395,-24909,-1959,26868,0,-25947,-2041,27988,0,0,0,0,1,0
669,347916,-21181,-7753,28933,0,-22066,-8077,30143,0,0,0,0,1,0
670,348437,-16639,-13247,29886,0,-17337,-13802,31140,0,0,0,0,1,0
671,348958,-11460,-18230,29690,0,-11942,-18997,30940,0,0,0,0,1,0
672,349479,-5842,-22512,28354,0,-6088,-23462,29551,0,0,0,0,1,0
673,350000,0,-25928,25928,0,0,-27026,27026,0,0,0,0,1,0
674,350520,5840,-28347,22507,0,6088,-29551,23462,0,0,0,0,1,0
675,351041,11454,-29676,18221,0,11942,-30940,18997,0,0,0,0,1,0
676,351562,16627,-29864,13237,0,17337,-31140,13802,0,0,0,0,1,0
677,352083,21160,-28905,7745,0,22066,-30143,8077,0,0,0,0,1,0
678,352604,24878,-26835,1957,0,25947,-27988,2041,0,0,0,0,1,0
679,353125,27639,-23735,-3905,0,28831,-24758,-4073,0,0,0,0,1,0
680,353645,29338,-19723,-9615,0,30607,-20576,-10031,0,0,0,0,1,0
681,354166,29909,-14955,-14955,0,31207,-15603,-15603,0,0,0,0,1,0
682,354687,29331,-9613,-19718,0,30607,-10031,-20576,0,0,0,0,1,0
683,355208,27626,-3903,-23723,0,28831,-4073,-24758,0,0,0,0,1,0
684,355729,24859,1955,-26815,0,25947,2041,-27988,0,0,0,0,1,0
685,356250,21139,7737,-28876,0,22066,8077,-30143,0,0,0,0,1,0
686,356770,16606,13220,-29827,0,17337,13802,-31140,0,0,0,0,1,0
687,357291,11437,18194,-29631,0,11942,18997,-30940,0,0,0,0,1,0
688,357812,5830,22467,-28297,0,6088,23462,-29551,0,0,0,0,1,0
689,358333,0,25876,-25876,0,0,27026,-27026,0,0,0,0,1,0
690,358854,-5828,28290,-22462,0,-6088,29551,-23462,0,0,0,0,1,0
691,359375,-11432,29617,-18185,0,-11942,30940,-18997,0,0,0,0,1,0
692,359895,-16594,29804,-13210,0,-17337,31140,-13802,0,0,0,0,1,0
693,360416,-21118,28847,-7730,0,-22066,30143,-8077,0,0,0,0,1,0
694,360937,-24829,26782,-1953,0,-25947,27988,-2041,0,0,0,0,1,0
695,361458,-27585,23687,3897,0,-28831,24758,4073,0,0,0,0,1,0
696,361979,-29280,19684,9596,0,-30607,20576,10031,0,0,0,0,1,0
697,362500,-29850,14925,14925,0,-31207,15603,15603,0,0,0,0,1,0
698,363020,-29273,9594,19679,0,-30607,10031,20576,0,0,0,0,1,0
699,363541,-27571,3895,23676,0,-28831,4073,24758,0,0,0,0,1,0
700,364062,-24810,-1952,26762,0,-25947,-2041,27988,0,0,0,0,1,0
701,364583,-21097,-7722,28819,0,-22066,-8077,30143,0,0,0,0,1,0
702,365104,-16573,-13194,29768,0,-17337,-13802,31140,0,0,0,0,1,0
703,365625,-11415,-18158,29573,0,-11942,-18997,30940,0,0,0,0,1,0
704,366145,-5818,-22423,28241,0,-6088,-23462,29551,0,0,0,0,1,0
705,366666,0,-25825,25825,0,0,-27026,27026,0,0,0,0,1,0
706,367187,5817,-28234,22417,0,6088,-29551,23462,0,0,0,0,1,0
707,367708,11409,-29558,18149,0,11942,-30940,18997,0,0,0,0,1,0
708,368229,16561,-29745,13184,0,17337,-31140,13802,0,0,0,0,1,0
709,368750,21076,-28790,7714,0,22066,-30143,8077,0,0,0,0,1,0
710,369270,24779,-26728,1949,0,25947,-27988,2041,0,0,0,0,1,0
711,369791,27530,-23640,-3889,0,28831,-24758,-4073,0,0,0,0,1,0
712,370312,29222,-19645,-9577,0,30607,-20576,-10031,0,0,0,0,1,0
713,370833,29791,-14895,-14895,0,31207,-15603,-15603,0,0,0,0,1,0
714,371354,29215,-9575,-19640,0,30607,-10031,-20576,0,0,0,0,1,0
715,371875,27516,-3888,-23629,0,28831,-4073,-24758,0,0,0,0,1,0
716,372395,24761,1948,-26709,0,25947,2041,-27988,0,0,0,0,1,0
717,372916,21055,7707,-28761,0,22066,8077,-30143,0,0,0,0,1,0
718,373437,16541,13168,-29709,0,17337,13802,-31140,0,0,0,0,1,0
719,373958,11392,18122,-29514,0,11942,18997,-30940,0,0,0,0,1,0
720,374479,5807,22379,-28185,0,6088,23462,-29551,0,0,0,0,1,0
721,375000,0,25774,-25774,0,0,27026,-27026,0,0,0,0,1,0
722,375520,-5805,28178,-22373,0,-6088,29551,-23462,0,0,0,0,1,0
723,376041,-11386,29499,-18113,0,-11942,30940,-18997,0,0,0,0,1,0
724,376562,-16528,29687,-13158,0,-17337,31140,-13802,0,0,0,0,1,0
725,377083,-21034,28733,-7699,0,-22066,30143,-8077,0,0,0,0,1,0
726,377604,-24730,26676,-1945,0,-25947,27988,-2041,0,0,0,0,1,0
727,378125,-27475,23594,3882,0,-28831,24758,4073,0,0,0,0,1,0
728,378645,-29164,19606,9558,0,-30607,20576,10031,0,0,0,0,1,0
729,379166,-29732,14866,14866,0,-31207,15603,15603,0,0,0,0,1,0
730,379687,-29157,9556,19601,0,-30607,10031,20576,0,0,0,0,1,0
731,380208,-27462,3880,23582,0,-28831,4073,24758,0,0,0,0,1,0
732,380729,-24712,-1944,26656,0,-25947,-2041,27988,0,0,0,0,1,0
733,381250,-21013,-7691,28705,0,-22066,-8077,30143,0,0,0,0,1,0
734,381770,-16508,-13142,29650,0,-17337,-13802,31140,0,0,0,0,1,0
735,382291,-11369,-18086,29456,0,-11942,-18997,30940,0,0,0,0,1,0
736,382812,-5795,-22334,28130,0,-6088,-23462,29551,0,0,0,0,1,0
737,383333,0,-25723,25723,0,0,-27026,27026,0,0,0,0,1,0
738,383854,5794,-28123,22329,0,6088,-29551,23462,0,0,0,0,1,0
739,384375,11364,-29441,18077,0,11942,-30940,18997,0,0,0,0,1,0
740,384895,16496,-29628,13132,0,17337,-31140,13802,0,0,0,0,1,0
741,385416,20992,-28676,7684,0,22066,-30143,8077,0,0,0,0,1,0
742,385937,24681,-26623,1941,0,25947,-27988,2041,0,0,0,0,1,0
743,386458,27421,-23547,-3874,0,28831,-24758,-4073,0,0,0,0,1,0
744,386979,29107,-19567,-9539,0,30607,-20576,-10031,0,0,0,0,1,0
745,387500,29673,-14837,-14837,0,31207,-15603,-15603,0,0,0,0,1,0
746,388020,29099,-9537,-19562,0,30607,-10031,-20576,0,0,0,0,1,0
747,388541,27408,-3872,-23535,0,28831,-4073,-24758,0,0,0,0,1,0
748,389062,24663,1940,-26603,0,25947,2041,-27988,0,0,0,0,1,0
749,389583,20972,7676,-28648,0,22066,8077,-30143,0,0,0,0,1,0
750,390104,16475,13116,-29591,0,17337,13802,-31140,0,0,0,0,1,0
751,390625,11347,18051,-29398,0,11942,18997,-30940,0,0,0,0,1,0
752,391145,5784,22290,-28074,0,6088,23462,-29551,0,0,0,0,1,0
753,391666,0,25672,-25672,0,0,27026,-27026,0,0,0,0,1,0
754,392187,-5783,28067,-22285,0,-6088,29551,-23462,0,0,0,0,1,0
755,392708,-11341,29383,-18042,0,-11942,30940,-18997,0,0,0,0,1,0
756,393229,-16463,29569,-13106,0,-17337,31140,-13802,0,0,0,0,1,0
757,393750,-20951,28620,-7669,0,-22066,30143,-8077,0,0,0,0,1,0
758,394270,-24633,26570,-1938,0,-25947,27988,-2041,0,0,0,0,1,0
759,394791,-27367,23501,3866,0,-28831,24758,4073,0,0,0,0,1,0
760,395312,-29049,19529,9520,0,-30607,20576,10031,0,0,0,0,1,0
761,395833,-29615,14807,14807,0,-31207,15603,15603,0,0,0,0,1,0
762,396354,-29042,9518,19524,0,-30607,10031,20576,0,0,0,0,1,0
763,396875,-27354,3865,23489,0,-28831,4073,24758,0,0,0,0,1,0
764,397395,-24615,-1936,26551,0,-25947,-2041,27988,0,0,0,0,1,0
765,397916,-20930,-7661,28591,0,-22066,-8077,30143,0,0,0,0,1,0
766,398437,-16443,-13090,29533,0,-17337,-13802,31140,0,0,0,0,1,0
767,398958,-11325,-18015,29340,0,-11942,-18997,30940,0,0,0,0,1,0
768,399479,-5773,-22246,28019,0,-6088,-23462,29551,0,0,0,0,1,0
769,400000,0,-25622,25622,0,0,-27026,27026,0,0,0,0,1,0
770,400520,5771,-28012,22241,0,6088,-29551,23462,0,0,0,0,1,0
771,401041,11319,-29325,18006,0,11942,-30940,18997,0,0,0,0,1,0
772,401562,16431,-29511,13081,0,17337,-31140,13802,0,0,0,0,1,0
773,402083,20910,-28563,7654,0,22066,-30143,8077,0,0,0,0,1,0
774,402604,24584,-26518,1934,0,25947,-27988,2041,0,0,0,0,1,0
775,403125,27313,-23454,-3859,0,28831,-24758,-4073,0,0,0,0,1,0
776,403645,28992,-19490,-9502,0,30607,-20576,-10031,0,0,0,0,1,0
777,404166,29556,-14778,-14778,0,31207,-15603,-15603,0,0,0,0,1,0
778,404687,28985,-9499,-19485,0,30607,-10031,-20576,0,0,0,0,1,0
779,405208,27300,-3857,-23443,0,28831,-4073,-24758,0,0,0,0,1,0
780,405729,24566,1932,-26499,0,25947,2041,-27988,0,0,0,0,1,0
781,406250,20889,7646,-28535,0,22066,8077,-30143,0,0,0,0,1,0
782,406770,16411,13064,-29475,0,17337,13802,-31140,0,0,0,0,1,0
783,407291,11302,17980,-29282,0,11942,18997,-30940,0,0,0,0,1,0
784,407812,5761,22203,-27964,0,6088,23462,-29551,0,0,0,0,1,0
785,408333,0,25571,-25571,0,0,27026,-27026,0,0,0,0,1,0
786,408854,-5760,27957,-22197,0,-6088,29551,-23462,0,0,0,0,1,0
787,409375,-11297,29268,-17971,0,-11942,30940,-18997,0,0,0,0,1,0
788,409895,-16398,29453,-13055,0,-17337,31140,-13802,0,0,0,0,1,0
789,410416,-20869,28507,-7638,0,-22066,30143,-8077,0,0,0,0,1,0
790,410937,-24536,26466,-1930,0,-25947,27988,-2041,0,0,0,0,1,0
791,411458,-27260,23408,3851,0,-28831,24758,4073,0,0,0,0,1,0
792,411979,-28935,19452,9483,0,-30607,20576,10031,0,0,0,0,1,0
793,412500,-29498,14749,14749,0,-31207,15603,15603,0,0,0,0,1,0
794,413020,-28928,9481,19447,0,-30607,10031,20576,0,0,0,0,1,0
795,413541,-27246,3849,23397,0,-28831,4073,24758,0,0,0,0,1,0
796,414062,-24518,-1929,26446,0,-25947,-2041,27988,0,0,0,0,1,0
797,414583,-20848,-7631,28479,0,-22066,-8077,30143,0,0,0,0,1,0
798,415104,-16378,-13039,29417,0,-17337,-13802,31140,0,0,0,0,1,0
799,415625,-11280,-17944,29224,0,-11942,-18997,30940,0,0,0,0,1,0
800,416145,-5750,-22159,27909,0,-6088,-23462,29551,0,0,0,0,1,0
801,416666,0,-25521,25521,0,0,-27026,27026,0,0,0,0,1,0
802,417187,5748,-27902,22154,0,6088,-29551,23462,0,0,0,0,1,0
803,417708,11275,-29210,17935,0,11942,-30940,18997,0,0,0,0,1,0
804,418229,16366,-29395,13029,0,17337,-31140,13802,0,0,0,0,1,0
805,418750,20828,-28451,7623,0,22066,-30143,8077,0,0,0,0,1,0
806,419270,24488,-26414,1926,0,25947,-27988,2041,0,0,0,0,1,0
807,419791,27206,-23362,-3844,0,28831,-24758,-4073,0,0,0,0,1,0
808,420312,28878,-19414,-9464,0,30607,-20576,-10031,0,0,0,0,1,0
809,420833,29440,-14720,-14720,0,31207,-15603,-15603,0,0,0,0,1,0
810,421354,28871,-9462,-19409,0,30607,-10031,-20576,0,0,0,0,1,0
811,421875,27193,-3842,-23351,0,28831,-4073,-24758,0,0,0,0,1,0
812,422395,24470,1925,-26395,0,25947,2041,-27988,0,0,0,0,1,0
813,422916,20807,7616,-28423,0,22066,8077,-30143,0,0,0,0,1,0
814,423437,16346,13013,-29359,0,17337,13802,-31140,0,0,0,0,1,0
815,423958,11258,17909,-29167,0,11942,18997,-30940,0,0,0,0,1,0
816,424479,5739,22116,-27854,0,6088,23462,-29551,0,0,0,0,1,0
817,425000,0,25471,-25471,0,0,27026,-27026,0,0,0,0,1,0
818,425520,-5737,27847,-22110,0,-6088,29551,-23462,0,0,0,0,1,0
819,426041,-11253,29153,-17900,0,-11942,30940,-18997,0,0,0,0,1,0
820,426562,-16334,29338,-13004,0,-17337,31140,-13802,0,0,0,0,1,0
821,427083,-20787,28396,-7609,0,-22066,30143,-8077,0,0,0,0,1,0
822,427604,-24440,26362,-1922,0,-25947,27988,-2041,0,0,0,0,1,0
823,428125,-27153,23317,3836,0,-28831,24758,4073,0,0,0,0,1,0
824,428645,-28822,19376,9446,0,-30607,20576,10031,0,0,0,0,1,0
825,429166,-29383,14691,14691,0,-31207,15603,15603,0,0,0,0,1,0
826,429687,-28815,9444,19371,0,-30607,10031,20576,0,0,0,0,1,0
827,430208,-27140,3834,23305,0,-28831,4073,24758,0,0,0,0,1,0
828,430729,-24422,-1921,26343,0,-25947,-2041,27988,0,0,0,0,1,0
829,431250,-20767,-7601,28368,0,-22066,-8077,30143,0,0,0,0,1,0
830,431770,-16314,-12988,29302,0,-17337,-13802,31140,0,0,0,0,1,0
831,432291,-11236,-17874,29110,0,-11942,-18997,30940,0,0,0,0,1,0
832,432812,-5727,-22072,27800,0,-6088,-23462,29551,0,0,0,0,1,0
833,433333,0,-25421,25421,0,0,-27026,27026,0,0,0,0,1,0
834,433854,5726,-27793,22067,0,6088,-29551,23462,0,0,0,0,1,0
835,434375,11231,-29096,17865,0,11942,-30940,18997,0,0,0,0,1,0
836,434895,16302,-29280,12978,0,17337,-31140,13802,0,0,0,0,1,0
837,435416,20746,-28340,7594,0,22066,-30143,8077,0,0,0,0,1,0
838,435937,24392,-26311,1919,0,25947,-27988,2041,0,0,0,0,1,0
839,436458,27100,-23271,-3829,0,28831,-24758,-4073,0,0,0,0,1,0
840,436979,28765,-19338,-9427,0,30607,-20576,-10031,0,0,0,0,1,0
841,437500,29325,-14663,-14663,0,31207,-15603,-15603,0,0,0,0,1,0
842,438020,28758,-9425,-19333,0,30607,-10031,-20576,0,0,0,0,1,0
843,438541,27086,-3827,-23260,0,28831,-4073,-24758,0,0,0,0,1,0
844,439062,24374,1917,-26291,0,25947,2041,-27988,0,0,0,0,1,0
845,439583,20726,7586,-28312,0,22066,8077,-30143,0,0,0,0,1,0
846,440104,16282,12962,-29245,0,17337,13802,-31140,0,0,0,0,1,0
847,440625,11214,17839,-29053,0,11942,18997,-30940,0,0,0,0,1,0
848,441145,5716,22029,-27745,0,6088,23462,-29551,0,0,0,0,1,0
849,441666,0,25372,-25372,0,0,27026,-27026,0,0,0,0,1,0
850,442187,-5715,27739,-22024,0,-6088,29551,-23462,0,0,0,0,1,0
851,442708,-11209,29039,-17830,0,-11942,30940,-18997,0,0,0,0,1,0
852,443229,-16270,29223,-12953,0,-17337,31140,-13802,0,0,0,0,1,0
853,443750,-20706,28285,-7579,0,-22066,30143,-8077,0,0,0,0,1,0
854,444270,-24344,26259,-1915,0,-25947,27988,-2041,0,0,0,0,1,0
855,444791,-27047,23226,3821,0,-28831,24758,4073,0,0,0,0,1,0
856,445312,-28709,19300,9409,0,-30607,20576,10031,0,0,0,0,1,0
857,445833,-29268,14634,14634,0,-31207,15603,15603,0,0,0,0,1,0
858,446354,-28702,9407,19295,0,-30607,10031,20576,0,0,0,0,1,0
859,446875,-27034,3819,23214,0,-28831,4073,24758,0,0,0,0,1,0
860,447395,-24327,-1914,26240,0,-25947,-2041,27988,0,0,0,0,1,0
861,447916,-20686,-7571,28257,0,-22066,-8077,30143,0,0,0,0,1,0
862,448437,-16251,-12937,29188,0,-17337,-13802,31140,0,0,0,0,1,0
863,448958,-11192,-17804,28997,0,-11942,-18997,30940,0,0,0,0,1,0
864,449479,-5705,-21986,27691,0,-6088,-23462,29551,0,0,0,0,1,0
865,450000,0,-25322,25322,0,0,-27026,27026,0,0,0,0,1,0
866,450520,5704,-27684,21981,0,6088,-29551,23462,0,0,0,0,1,0
867,451041,11187,-28982,17796,0,11942,-30940,18997,0,0,0,0,1,0
868,451562,16239,-29166,12928,0,17337,-31140,13802,0,0,0,0,1,0
869,452083,20665,-28230,7564,0,22066,-30143,8077,0,0,0,0,1,0
870,452604,24297,-26208,1911,0,25947,-27988,2041,0,0,0,0,1,0
871,453125,26994,-23180,-3814,0,28831,-24758,-4073,0,0,0,0,1,0
872,453645,28653,-19263,-9391,0,30607,-20576,-10031,0,0,0,0,1,0
873,454166,29211,-14606,-14606,0,31207,-15603,-15603,0,0,0,0,1,0
874,454687,28646,-9388,-19258,0,30607,-10031,-20576,0,0,0,0,1,0
875,455208,26981,-3812,-23169,0,28831,-4073,-24758,0,0,0,0,1,0
876,455729,24279,1910,-26189,0,25947,2041,-27988,0,0,0,0,1,0
877,456250,20645,7557,-28202,0,22066,8077,-30143,0,0,0,0,1,0
878,456770,16219,12912,-29131,0,17337,13802,-31140,0,0,0,0,1,0
879,457291,11170,17770,-28940,0,11942,18997,-30940,0,0,0,0,1,0
880,457812,5694,21943,-27637,0,6088,23462,-29551,0,0,0,0,1,0
881,458333,0,25273,-25273,0,0,27026,-27026,0,0,0,0,1,0
882,458854,-5693,27631,-21938,0,-6088,29551,-23462,0,0,0,0,1,0
883,459375,-11165,28926,-17761,0,-11942,30940,-18997,0,0,0,0,1,0
884,459895,-16207,29110,-12902,0,-17337,31140,-13802,0,0,0,0,1,0
885,460416,-20625,28175,-7549,0,-22066,30143,-8077,0,0,0,0,1,0
886,460937,-24250,26157,-1907,0,-25947,27988,-2041,0,0,0,0,1,0
887,461458,-26942,23135,3806,0,-28831,24758,4073,0,0,0,0,1,0
888,461979,-28598,19225,9372,0,-30607,20576,10031,0,0,0,0,1,0
889,462500,-29154,14577,14577,0,-31207,15603,15603,0,0,0,0,1,0
890,463020,-28591,9370,19220,0,-30607,10031,20576,0,0,0,0,1,0
891,463541,-26928,3804,23124,0,-28831,4073,24758,0,0,0,0,1,0
892,464062,-24232,-1906,26138,0,-25947,-2041,27988,0,0,0,0,1,0
893,464583,-20605,-7542,28147,0,-22066,-8077,30143,0,0,0,0,1,0
894,465104,-16187,-12887,29074,0,-17337,-13802,31140,0,0,0,0,1,0
895,465625,-11149,-17735,28884,0,-11942,-18997,30940,0,0,0,0,1,0
896,466145,-5683,-21901,27584,0,-6088,-23462,29551,0,0,0,0,1,0
897,466666,0,-25224,25224,0,0,-27026,27026,0,0,0,0,1,0
898,467187,5682,-27577,21895,0,6088,-29551,23462,0,0,0,0,1,0
899,467708,11143,-28870,17726,0,11942,-30940,18997,0,0,0,0,1,0
900,468229,16176,-29053,12877,0,17337,-31140,13802,0,0,0,0,1,0
901,468750,20585,-28120,7535,0,22066,-30143,8077,0,0,0,0,1,0
902,469270,24203,-26106,1904,0,25947,-27988,2041,0,0,0,0,1,0
903,469791,26889,-23090,-3799,0,28831,-24758,-4073,0,0,0,0,1,0
904,470312,28542,-19188,-9354,0,30607,-20576,-10031,0,0,0,0,1,0
905,470833,29098,-14549,-14549,0,31207,-15603,-15603,0,0,0,0,1,0
906,471354,28535,-9352,-19183,0,30607,-10031,-20576,0,0,0,0,1,0
907,471875,26876,-3797,-23079,0,28831,-4073,-24758,0,0,0,0,1,0
908,472395,24185,1902,-26087,0,25947,2041,-27988,0,0,0,0,1,0
909,472916,20565,7527,-28093,0,22066,8077,-30143,0,0,0,0,1,0
910,473437,16156,12862,-29018,0,17337,13802,-31140,0,0,0,0,1,0
911,473958,11127,17701,-28828,0,11942,18997,-30940,0,0,0,0,1,0
912,474479,5672,21858,-27530,0,6088,23462,-29551,0,0,0,0,1,0
913,475000,0,25175,-25175,0,0,27026,-27026,0,0,0,0,1,0
914,475520,-5670,27523,-21853,0,-6088,29551,-23462,0,0,0,0,1,0
915,476041,-11122,28814,-17692,0,-11942,30940,-18997,0,0,0,0,1,0
916,476562,-16144,28997,-12852,0,-17337,31140,-13802,0,0,0,0,1,0
917,477083,-20545,28065,-7520,0,-22066,30143,-8077,0,0,0,0,1,0
918,477604,-24156,26056,-1900,0,-25947,27988,-2041,0,0,0,0,1,0
919,478125,-26837,23046,3792,0,-28831,24758,4073,0,0,0,0,1,0
920,478645,-28487,19151,9336,0,-30607,20576,10031,0,0,0,0,1,0
921,479166,-29041,14521,14521,0,-31207,15603,15603,0,0,0,0,1,0
922,479687,-28480,9334,19146,0,-30607,10031,20576,0,0,0,0,1,0
923,480208,-26824,3790,23034,0,-28831,4073,24758,0,0,0,0,1,0
924,480729,-24138,-1899,26037,0,-25947,-2041,27988,0,0,0,0,1,0
925,481250,-20525,-7513,28038,0,-22066,-8077,30143,0,0,0,0,1,0
926,481770,-16125,-12837,28962,0,-17337,-13802,31140,0,0,0,0,1,0
927,482291,-11106,-17666,28772,0,-11942,-18997,30940,0,0,0,0,1,0
928,482812,-5661,-21816,27477,0,-6088,-23462,29551,0,0,0,0,1,0
929,483333,0,-25126,25126,0,0,-27026,27026,0,0,0,0,1,0
930,483854,5659,-27470,21811,0,6088,-29551,23462,0,0,0,0,1,0
931,484375,11100,-28758,17658,0,11942,-30940,18997,0,0,0,0,1,0
932,484895,16113,-28940,12828,0,17337,-31140,13802,0,0,0,0,1,0
933,485416,20505,-28011,7506,0,22066,-30143,8077,0,0,0,0,1,0
934,485937,24109,-26005,1896,0,25947,-27988,2041,0,0,0,0,1,0
935,486458,26785,-23001,-3784,0,28831,-24758,-4073,0,0,0,0,1,0
936,486979,28432,-19113,-9318,0,30607,-20576,-10031,0,0,0,0,1,0
937,487500,28985,-14493,-14493,0,31207,-15603,-15603,0,0,0,0,1,0
938,488020,28425,-9316,-19109,0,30607,-10031,-20576,0,0,0,0,1,0
939,488541,26772,-3782,-22990,0,28831,-4073,-24758,0,0,0,0,1,0
940,489062,24091,1895,-25986,0,25947,2041,-27988,0,0,0,0,1,0
941,489583,20486,7498,-27984,0,22066,8077,-30143,0,0,0,0,1,0
942,490104,16093,12812,-28906,0,17337,13802,-31140,0,0,0,0,1,0
943,490625,11084,17632,-28716,0,11942,18997,-30940,0,0,0,0,1,0
944,491145,5650,21774,-27424,0,6088,23462,-29551,0,0,0,0,1,0
945,491666,0,25078,-25078,0,0,27026,-27026,0,0,0,0,1,0
946,492187,-5649,27417,-21768,0,-6088,29551,-23462,0,0,0,0,1,0
947,492708,-11079,28702,-17624,0,-11942,30940,-18997,0,0,0,0,1,0
948,493229,-16082,28885,-12803,0,-17337,31140,-13802,0,0,0,0,1,0
949,493750,-20466,27957,-7491,0,-22066,30143,-8077,0,0,0,0,1,0
950,494270,-24062,25955,-1893,0,-25947,27988,-2041,0,0,0,0,1,0
951,494791,-26733,22957,3777,0,-28831,24758,4073,0,0,0,0,1,0
952,495312,-28377,19077,9300,0,-30607,20576,10031,0,0,0,0,1,0
953,495833,-28929,14465,14465,0,-31207,15603,15603,0,0,0,0,1,0
954,496354,-28370,9298,19072,0,-30607,10031,20576,0,0,0,0,1,0
955,496875,-26721,3775,22945,0,-28831,4073,24758,0,0,0,0,1,0
956,497395,-24045,-1891,25936,0,-25947,-2041,27988,0,0,0,0,1,0
957,497916,-20446,-7484,27930,0,-22066,-8077,30143,0,0,0,0,1,0
958,498437,-16062,-12787,28850,0,-17337,-13802,31140,0,0,0,0,1,0
959,498958,-11063,-17598,28661,0,-11942,-18997,30940,0,0,0,0,1,0
960,499479,-5639,-21732,27371,0,-6088,-23462,29551,0,0,0,0,1,0
961,500000,0,-25029,25029,0,0,-27026,27026,0,0,0,0,1,0
962,500520,5638,-27364,21726,0,6088,-29551,23462,0,0,0,0,1,0
963,501041,11057,-28647,17590,0,11942,-30940,18997,0,0,0,0,1,0
964,501562,16051,-28829,12778,0,17337,-31140,13802,0,0,0,0,1,0
965,502083,20426,-27903,7477,0,22066,-30143,8077,0,0,0,0,1,0
966,502604,24016,-25905,1889,0,25947,-27988,2041,0,0,0,0,1,0
967,503125,26682,-22912,-3770,0,28831,-24758,-4073,0,0,0,0,1,0
968,503645,28322,-19040,-9282,0,30607,-20576,-10031,0,0,0,0,1,0
969,504166,28873,-14437,-14437,0,31207,-15603,-15603,0,0,0,0,1,0
970,504687,28315,-9280,-19035,0,30607,-10031,-20576,0,0,0,0,1,0
971,505208,26669,-3768,-22901,0,28831,-4073,-24758,0,0,0,0,1,0
972,505729,23999,1888,-25886,0,25947,2041,-27988,0,0,0,0,1,0
973,506250,20407,7469,-27876,0,22066,8077,-30143,0,0,0,0,1,0
974,506770,16031,12763,-28794,0,17337,13802,-31140,0,0,0,0,1,0
975,507291,11041,17564,-28606,0,11942,18997,-30940,0,0,0,0,1,0
976,507812,5628,21690,-27318,0,6088,23462,-29551,0,0,0,0,1,0
977,508333,0,24981,-24981,0,0,27026,-27026,0,0,0,0,1,0
978,508854,-5627,27311,-21685,0,-6088,29551,-23462,0,0,0,0,1,0
979,509375,-11036,28592,-17556,0,-11942,30940,-18997,0,0,0,0,1,0
980,509895,-16020,28773,-12753,0,-17337,31140,-13802,0,0,0,0,1,0
981,510416,-20387,27849,-7462,0,-22066,30143,-8077,0,0,0,0,1,0
982,510937,-23970,25855,-1885,0,-25947,27988,-2041,0,0,0,0,1,0
983,511458,-26630,22868,3762,0,-28831,24758,4073,0,0,0,0,1,0
984,511979,-28267,19003,9264,0,-30607,20576,10031,0,0,0,0,1,0
985,512499,-28818,14409,14409,0,-31207,15603,15603,0,0,0,0,1,0
986,513020,-28261,9262,18999,0,-30607,10031,20576,0,0,0,0,1,0
987,513541,-26618,3761,22857,0,-28831,4073,24758,0,0,0,0,1,0
988,514062,-23952,-1884,25836,0,-25947,-2041,27988,0,0,0,0,1,0
989,514583,-20367,-7455,27822,0,-22066,-8077,30143,0,0,0,0,1,0
990,515104,-16001,-12738,28739,0,-17337,-13802,31140,0,0,0,0,1,0
991,515625,-11020,-17530,28550,0,-11942,-18997,30940,0,0,0,0,1,0
992,516145,-5617,-21648,27265,0,-6088,-23462,29551,0,0,0,0,1,0
993,516666,0,-24933,24933,0,0,-27026,27026,0,0,0,0,1,0
994,517187,5616,-27259,21643,0,6088,-29551,23462,0,0,0,0,1,0
995,517708,11015,-28537,17522,0,11942,-30940,18997,0,0,0,0,1,0
996,518229,15989,-28718,12729,0,17337,-31140,13802,0,0,0,0,1,0
997,518750,20348,-27796,7448,0,22066,-30143,8077,0,0,0,0,1,0
998,519270,23924,-25805,1882,0,25947,-27988,2041,0,0,0,0,1,0
999,519791,26579,-22824,-3755,0,28831,-24758,-4073,0,0,0,0,1,0
1000,520312,28213,-18967,-9246,0,30607,-20576,-10031,0,0,0,0,1,0
1001,520833,28762,-14381,-14381,0,31207,-15603,-15603,0,0,0,0,1,0
1002,521354,28206,-9244,-18962,0,30607,-10031,-20576,0,0,0,0,1,0
1003,521875,26566,-3753,-22813,0,28831,-4073,-24758,0,0,0,0,1,0
1004,522395,23906,1880,-25787,0,25947,2041,-27988,0,0,0,0,1,0
1005,522916,20328,7441,-27769,0,22066,8077,-30143,0,0,0,0,1,0
1006,523437,15970,12714,-28683,0,17337,13802,-31140,0,0,0,0,1,0
1007,523958,10999,17497,-28496,0,11942,18997,-30940,0,0,0,0,1,0
1008,524479,5607,21606,-27213,0,6088,23462,-29551,0,0,0,0,1,0
1009,525000,0,24885,-24885,0,0,27026,-27026,0,0,0,0,1,0
1010,525520,-5605,27206,-21601,0,-6088,29551,-23462,0,0,0,0,1,0
1011,526041,-10994,28482,-17488,0,-11942,30940,-18997,0,0,0,0,1,0
1012,526562,-15958,28663,-12704,0,-17337,31140,-13802,0,0,0,0,1,0
1013,527083,-20309,27742,-7434,0,-22066,30143,-8077,0,0,0,0,1,0
1014,527604,-23878,25756,-1878,0,-25947,27988,-2041,0,0,0,0,1,0
1015,528125,-26528,22780,3748,0,-28831,24758,4073,0,0,0,0,1,0
1016,528645,-28159,18930,9229,0,-30607,20576,10031,0,0,0,0,1,0
1017,529166,-28707,14354,14354,0,-31207,15603,15603,0,0,0,0,1,0
1018,529687,-28152,9226,18926,0,-30607,10031,20576,0,0,0,0,1,0
1019,530208,-26516,3746,22769,0,-28831,4073,24758,0,0,0,0,1,0
1020,530729,-23860,-1877,25737,0,-25947,-2041,27988,0,0,0,0,1,0
1021,531250,-20289,-7426,27716,0,-22066,-8077,30143,0,0,0,0,1,0
1022,531770,-15939,-12689,28628,0,-17337,-13802,31140,0,0,0,0,1,0
1023,532291,-10978,-17463,28441,0,-11942,-18997,30940,0,0,0,0,1,0
1024,532812,-5596,-21565,27161,0,-6088,-23462,29551,0,0,0,0,1,0
1025,533333,0,-24837,24837,0,0,-27026,27026,0,0,0,0,1,0
1026,533854,5594,-27154,21560,0,6088,-29551,23462,0,0,0,0,1,0
1027,534375,10973,-28427,17455,0,11942,-30940,18997,0,0,0,0,1,0
1028,534895,15928,-28608,12680,0,17337,-31140,13802,0,0,0,0,1,0
1029,535416,20270,-27689,7419,0,22066,-30143,8077,0,0,0,0,1,0
1030,535937,23832,-25706,1875,0,25947,-27988,2041,0,0,0,0,1,0
1031,536458,26477,-22737,-3741,0,28831,-24758,-4073,0,0,0,0,1,0
1032,536979,28105,-18894,-9211,0,30607,-20576,-10031,0,0,0,0,1,0
1033,537500,28652,-14326,-14326,0,31207,-15603,-15603,0,0,0,0,1,0
1034,538020,28098,-9209,-18889,0,30607,-10031,-20576,0,0,0,0,1,0
1035,538541,26465,-3739,-22726,0,28831,-4073,-24758,0,0,0,0,1,0
1036,539062,23815,1873,-25688,0,25947,2041,-27988,0,0,0,0,1,0
1037,539583,20250,7412,-27663,0,22066,8077,-30143,0,0,0,0,1,0
1038,540104,15909,12665,-28574,0,17337,13802,-31140,0,0,0,0,1,0
1039,540625,10957,17430,-28387,0,11942,18997,-30940,0,0,0,0,1,0
1040,541145,5585,21524,-27109,0,6088,23462,-29551,0,0,0,0,1,0
1041,541666,0,24790,-24790,0,0,27026,-27026,0,0,0,0,1,0
1042,542187,-5584,27102,-21519,0,-6088,29551,-23462,0,0,0,0,1,0
1043,542708,-10952,28373,-17421,0,-11942,30940,-18997,0,0,0,0,1,0
1044,543229,-15897,28553,-12656,0,-17337,31140,-13802,0,0,0,0,1,0
1045,543750,-20231,27636,-7405,0,-22066,30143,-8077,0,0,0,0,1,0
1046,544270,-23786,25657,-1871,0,-25947,27988,-2041,0,0,0,0,1,0
1047,544791,-26427,22693,3734,0,-28831,24758,4073,0,0,0,0,1,0
1048,545312,-28051,18858,9193,0,-30607,20576,10031,0,0,0,0,1,0
1049,545833,-28597,14299,14299,0,-31207,15603,15603,0,0,0,0,1,0
1050,546354,-28044,9191,18853,0,-30607,10031,20576,0,0,0,0,1,0
1051,546875,-26414,3732,22682,0,-28831,4073,24758,0,0,0,0,1,0
1052,547395,-23769,-1870,25639,0,-25947,-2041,27988,0,0,0,0,1,0
1053,547916,-20212,-7398,27610,0,-22066,-8077,30143,0,0,0,0,1,0
1054,548437,-15878,-12641,28519,0,-17337,-13802,31140,0,0,0,0,1,0
1055,548958,-10936,-17396,28332,0,-11942,-18997,30940,0,0,0,0,1,0
1056,549479,-5574,-21483,27057,0,-6088,-23462,29551,0,0,0,0,1,0
1057,550000,0,-24742,24742,0,0,-27026,27026,0,0,0,0,1,0
1058,550520,5573,-27051,21477,0,6088,-29551,23462,0,0,0,0,1,0
1059,551041,10931,-28319,17388,0,11942,-30940,18997,0,0,0,0,1,0
1060,551562,15867,-28499,12632,0,17337,-31140,13802,0,0,0,0,1,0
1061,552083,20192,-27583,7391,0,22066,-30143,8077,0,0,0,0,1,0
1062,552604,23741,-25608,1867,0,25947,-27988,2041,0,0,0,0,1,0
1063,553125,26376,-22650,-3726,0,28831,-24758,-4073,0,0,0,0,1,0
1064,553645,27998,-18822,-9176,0,30607,-20576,-10031,0,0,0,0,1,0
1065,554166,28543,-14271,-14271,0,31207,-15603,-15603,0,0,0,0,1,0
1066,554687,27991,-9174,-18817,0,30607,-10031,-20576,0,0,0,0,1,0
1067,555208,26364,-3725,-22639,0,28831,-4073,-24758,0,0,0,0,1,0
1068,555729,23724,1866,-25590,0,25947,2041,-27988,0,0,0,0,1,0
1069,556250,20173,7384,-27557,0,22066,8077,-30143,0,0,0,0,1,0
1070,556770,15848,12617,-28465,0,17337,13802,-31140,0,0,0,0,1,0
1071,557291,10915,17363,-28278,0,11942,18997,-30940,0,0,0,0,1,0
1072,557812,5564,21442,-27005,0,6088,23462,-29551,0,0,0,0,1,0
1073,558333,0,24695,-24695,0,0,27026,-27026,0,0,0,0,1,0
1074,558854,-5562,26999,-21436,0,-6088,29551,-23462,0,0,0,0,1,0
1075,559375,-10910,28265,-17355,0,-11942,30940,-18997,0,0,0,0,1,0
1076,559895,-15837,28444,-12608,0,-17337,31140,-13802,0,0,0,0,1,0
1077,560416,-20154,27531,-7377,0,-22066,30143,-8077,0,0,0,0,1,0
1078,560937,-23696,25559,-1864,0,-25947,27988,-2041,0,0,0,0,1,0
1079,561458,-26326,22607,3719,0,-28831,24758,4073,0,0,0,0,1,0
1080,561979,-27944,18786,9158,0,-30607,20576,10031,0,0,0,0,1,0
1081,562500,-28488,14244,14244,0,-31207,15603,15603,0,0,0,0,1,0
1082,563020,-27938,9156,18781,0,-30607,10031,20576,0,0,0,0,1,0
1083,563541,-26313,3718,22596,0,-28831,4073,24758,0,0,0,0,1,0
1084,564062,-23679,-1863,25541,0,-25947,-2041,27988,0,0,0,0,1,0
1085,564583,-20135,-7370,27504,0,-22066,-8077,30143,0,0,0,0,1,0
1086,565104,-15818,-12593,28410,0,-17337,-13802,31140,0,0,0,0,1,0
1087,565625,-10894,-17330,28224,0,-11942,-18997,30940,0,0,0,0,1,0
1088,566145,-5553,-21401,26954,0,-6088,-23462,29551,0,0,0,0,1,0
1089,566666,0,-24648,24648,0,0,-27026,27026,0,0,0,0,1,0
1090,567187,5552,-26948,21396,0,6088,-29551,23462,0,0,0,0,1,0
1091,567708,10889,-28211,17322,0,11942,-30940,18997,0,0,0,0,1,0
1092,568229,15807,-28390,12584,0,17337,-31140,13802,0,0,0,0,1,0
1093,568750,20115,-27478,7363,0,22066,-30143,8077,0,0,0,0,1,0
1094,569270,23651,-25511,1860,0,25947,-27988,2041,0,0,0,0,1,0
1095,569791,26276,-22564,-3712,0,28831,-24758,-4073,0,0,0,0,1,0
1096,570312,27891,-18750,-9141,0,30607,-20576,-10031,0,0,0,0,1,0
1097,570833,28434,-14217,-14217,0,31207,-15603,-15603,0,0,0,0,1,0
1098,571354,27884,-9139,-18746,0,30607,-10031,-20576,0,0,0,0,1,0
1099,571875,26263,-3711,-22553,0,28831,-4073,-24758,0,0,0,0,1,0
1100,572395,23634,1859,-25493,0,25947,2041,-27988,0,0,0,0,1,0
1101,572916,20096,7356,-27452,0,22066,8077,-30143,0,0,0,0,1,0
1102,573437,15788,12569,-28356,0,17337,13802,-31140,0,0,0,0,1,0
1103,573958,10873,17297,-28171,0,11942,18997,-30940,0,0,0,0,1,0
1104,574479,5543,21360,-26903,0,6088,23462,-29551,0,0,0,0,1,0
1105,575000,0,24601,-24601,0,0,27026,-27026,0,0,0,0,1,0
1106,575520,-5541,26896,-21355,0,-6088,29551,-23462,0,0,0,0,1,0
1107,576041,-10868,28157,-17289,0,-11942,30940,-18997,0,0,0,0,1,0
1108,576562,-15776,28336,-12560,0,-17337,31140,-13802,0,0,0,0,1,0
1109,577083,-20077,27426,-7349,0,-22066,30143,-8077,0,0,0,0,1,0
1110,577604,-23606,25462,-1857,0,-25947,27988,-2041,0,0,0,0,1,0
1111,578125,-26226,22521,3705,0,-28831,24758,4073,0,0,0,0,1,0
1112,578645,-27838,18715,9124,0,-30607,20576,10031,0,0,0,0,1,0
1113,579166,-28380,14190,14190,0,-31207,15603,15603,0,0,0,0,1,0
1114,579687,-27831,9121,18710,0,-30607,10031,20576,0,0,0,0,1,0
1115,580208,-26214,3703,22510,0,-28831,4073,24758,0,0,0,0,1,0
1116,580729,-23589,-1855,25444,0,-25947,-2041,27988,0,0,0,0,1,0
1117,581250,-20058,-7342,27400,0,-22066,-8077,30143,0,0,0,0,1,0
1118,581770,-15758,-12545,28303,0,-17337,-13802,31140,0,0,0,0,1,0
1119,582291,-10853,-17264,28117,0,-11942,-18997,30940,0,0,0,0,1,0
1120,582812,-5532,-21320,26852,0,-6088,-23462,29551,0,0,0,0,1,0
1121,583333,0,-24555,24555,0,0,-27026,27026,0,0,0,0,1,0
1122,583854,5531,-26845,21314,0,6088,-29551,23462,0,0,0,0,1,0
1123,584375,10848,-28104,17256,0,11942,-30940,18997,0,0,0,0,1,0
1124,584895,15747,-28282,12536,0,17337,-31140,13802,0,0,0,0,1,0
1125,585416,20039,-27374,7335,0,22066,-30143,8077,0,0,0,0,1,0
1126,585937,23561,-25414,1853,0,25947,-27988,2041,0,0,0,0,1,0
1127,586458,26176,-22478,-3698,0,28831,-24758,-4073,0,0,0,0,1,0
1128,586979,27785,-18679,-9106,0,30607,-20576,-10031,0,0,0,0,1,0
1129,587500,28326,-14163,-14163,0,31207,-15603,-15603,0,0,0,0,1,0
1130,588020,27779,-9104,-18675,0,30607,-10031,-20576,0,0,0,0,1,0
1131,588541,26164,-3696,-22467,0,28831,-4073,-24758,0,0,0,0,1,0
1132,589062,23544,1852,-25396,0,25947,2041,-27988,0,0,0,0,1,0
1133,589583,20020,7328,-27348,0,22066,8077,-30143,0,0,0,0,1,0
1134,590104,15728,12521,-28249,0,17337,13802,-31140,0,0,0,0,1,0
1135,590625,10832,17232,-28064,0,11942,18997,-30940,0,0,0,0,1,0
1136,591145,5522,21279,-26801,0,6088,23462,-29551,0,0,0,0,1,0
1137,591666,0,24508,-24508,0,0,27026,-27026,0,0,0,0,1,0
1138,592187,-5520,26794,-21274,0,-6088,29551,-23462,0,0,0,0,1,0
1139,592708,-10827,28051,-17224,0,-11942,30940,-18997,0,0,0,0,1,0
1140,593229,-15717,28229,-12512,0,-17337,31140,-13802,0,0,0,0,1,0
1141,593750,-20001,27322,-7321,0,-22066,30143,-8077,0,0,0,0,1,0
1142,594270,-23516,25366,-1850,0,-25947,27988,-2041,0,0,0,0,1,0
1143,594791,-26127,22436,3691,0,-28831,24758,4073,0,0,0,0,1,0
1144,595312,-27733,18644,9089,0,-30607,20576,10031,0,0,0,0,1,0
1145,595833,-28273,14136,14136,0,-31207,15603,15603,0,0,0,0,1,0
1146,596354,-27726,9087,18639,0,-30607,10031,20576,0,0,0,0,1,0
1147,596875,-26114,3689,22425,0,-28831,4073,24758,0,0,0,0,1,0
1148,597395,-23500,-1848,25348,0,-25947,-2041,27988,0,0,0,0,1,0
1149,597916,-19982,-7314,27296,0,-22066,-8077,30143,0,0,0,0,1,0
1150,598437,-15698,-12497,28195,0,-17337,-13802,31140,0,0,0,0,1,0
1151,598958,-10812,-17199,28011,0,-11942,-18997,30940,0,0,0,0,1,0
1152,599479,-5511,-21239,26750,0,-6088,-23462,29551,0,0,0,0,1,0
1153,600000,0,-24462,24462,0,0,-27026,27026,0,0,0,0,1,0
1154,600520,5510,-26744,21234,0,6088,-29551,23462,0,0,0,0,1,0
1155,601041,10807,-27998,17191,0,11942,-30940,18997,0,0,0,0,1,0
1156,601562,15687,-28175,12488,0,17337,-31140,13802,0,0,0,0,1,0
1157,602083,19963,-27271,7307,0,22066,-30143,8077,0,0,0,0,1,0
1158,602604,23472,-25318,1846,0,25947,-27988,2041,0,0,0,0,1,0
1159,603125,26077,-22393,-3684,0,28831,-24758,-4073,0,0,0,0,1,0
1160,603645,27680,-18608,-9072,0,30607,-20576,-10031,0,0,0,0,1,0
1161,604166,28219,-14110,-14110,0,31207,-15603,-15603,0,0,0,0,1,0
1162,604687,27674,-9070,-18604,0,30607,-10031,-20576,0,0,0,0,1,0
1163,605208,26065,-3682,-22383,0,28831,-4073,-24758,0,0,0,0,1,0
1164,605729,23455,1845,-25300,0,25947,2041,-27988,0,0,0,0,1,0
1165,606250,19945,7300,-27245,0,22066,8077,-30143,0,0,0,0,1,0
1166,606770,15669,12474,-28142,0,17337,13802,-31140,0,0,0,0,1,0
1167,607291,10791,17167,-27958,0,11942,18997,-30940,0,0,0,0,1,0
1168,607812,5501,21199,-26700,0,6088,23462,-29551,0,0,0,0,1,0
1169,608333,0,24415,-24415,0,0,27026,-27026,0,0,0,0,1,0
1170,608854,-5499,26693,-21194,0,-6088,29551,-23462,0,0,0,0,1,0
1171,609375,-10786,27945,-17159,0,-11942,30940,-18997,0,0,0,0,1,0
1172,609895,-15657,28122,-12465,0,-17337,31140,-13802,0,0,0,0,1,0
1173,610416,-19926,27219,-7293,0,-22066,30143,-8077,0,0,0,0,1,0
1174,610937,-23427,25270,-1843,0,-25947,27988,-2041,0,0,0,0,1,0
1175,611458,-26028,22351,3677,0,-28831,24758,4073,0,0,0,0,1,0
1176,611979,-27628,18573,9055,0,-30607,20576,10031,0,0,0,0,1,0
1177,612500,-28166,14083,14083,0,-31207,15603,15603,0,0,0,0,1,0
1178,613020,-27622,9053,18569,0,-30607,10031,20576,0,0,0,0,1,0
1179,613541,-26016,3676,22340,0,-28831,4073,24758,0,0,0,0,1,0
1180,614062,-23411,-1841,25252,0,-25947,-2041,27988,0,0,0,0,1,0
1181,614583,-19907,-7286,27193,0,-22066,-8077,30143,0,0,0,0,1,0
1182,615104,-15639,-12450,28089,0,-17337,-13802,31140,0,0,0,0,1,0
1183,615625,-10771,-17134,27905,0,-11942,-18997,30940,0,0,0,0,1,0
1184,616145,-5490,-21159,26649,0,-6088,-23462,29551,0,0,0,0,1,0
1185,616666,0,-24369,24369,0,0,-27026,27026,0,0,0,0,1,0
1186,617187,5489,-26643,21154,0,6088,-29551,23462,0,0,0,0,1,0
1187,617708,10766,-27892,17126,0,11942,-30940,18997,0,0,0,0,1,0
1188,618229,15628,-28069,12441,0,17337,-31140,13802,0,0,0,0,1,0
1189,618750,19888,-27168,7280,0,22066,-30143,8077,0,0,0,0,1,0
1190,619270,23383,-25223,1839,0,25947,-27988,2041,0,0,0,0,1,0
1191,619791,25979,-22309,-3670,0,28831,-24758,-4073,0,0,0,0,1,0
1192,620312,27576,-18538,-9038,0,30607,-20576,-10031,0,0,0,0,1,0
1193,620833,28113,-14056,-14056,0,31207,-15603,-15603,0,0,0,0,1,0
1194,621354,27570,-9036,-18534,0,30607,-10031,-20576,0,0,0,0,1,0
1195,621875,25967,-3669,-22298,0,28831,-4073,-24758,0,0,0,0,1,0
1196,622395,23367,1838,-25205,0,25947,2041,-27988,0,0,0,0,1,0
1197,622916,19870,7273,-27142,0,22066,8077,-30143,0,0,0,0,1,0
1198,623437,15610,12427,-28036,0,17337,13802,-31140,0,0,0,0,1,0
1199,623958,10751,17102,-27853,0,11942,18997,-30940,0,0,0,0,1,0
1200,624479,5480,21119,-26599,0,6088,23462,-29551,0,0,0,0,1,0
1201,625000,0,24324,-24324,0,0,27026,-27026,0,0,0,0,1,0
1202,625520,-5479,26593,-21114,0,-6088,29551,-23462,0,0,0,0,1,0
1203,626041,-10746,27840,-17094,0,-11942,30940,-18997,0,0,0,0,1,0
1204,626562,-15599,28016,-12418,0,-17337,31140,-13802,0,0,0,0,1,0
1205,627083,-19851,27117,-7266,0,-22066,30143,-8077,0,0,0,0,1,0
1206,627604,-23339,25175,-1836,0,-25947,27988,-2041,0,0,0,0,1,0
1207,628125,-25930,22267,3663,0,-28831,24758,4073,0,0,0,0,1,0
1208,628645,-27524,18503,9021,0,-30607,20576,10031,0,0,0,0,1,0
1209,629166,-28060,14030,14030,0,-31207,15603,15603,0,0,0,0,1,0
1210,629687,-27518,9019,18499,0,-30607,10031,20576,0,0,0,0,1,0
1211,630208,-25918,3662,22256,0,-28831,4073,24758,0,0,0,0,1,0
1212,630729,-23323,-1835,25157,0,-25947,-2041,27988,0,0,0,0,1,0
1213,631250,-19832,-7259,27091,0,-22066,-8077,30143,0,0,0,0,1,0
1214,631770,-15580,-12403,27984,0,-17337,-13802,31140,0,0,0,0,1,0
1215,632291,-10731,-17070,27800,0,-11942,-18997,30940,0,0,0,0,1,0
1216,632812,-5470,-21079,26549,0,-6088,-23462,29551,0,0,0,0,1,0
1217,633333,0,-24278,24278,0,0,-27026,27026,0,0,0,0,1,0
1218,633854,5468,-26543,21074,0,6088,-29551,23462,0,0,0,0,1,0
1219,634375,10726,-27787,17062,0,11942,-30940,18997,0,0,0,0,1,0
1220,634895,15569,-27964,12395,0,17337,-31140,13802,0,0,0,0,1,0
1221,635416,19814,-27066,7252,0,22066,-30143,8077,0,0,0,0,1,0
1222,635937,23296,-25128,1832,0,25947,-27988,2041,0,0,0,0,1,0
1223,636458,25882,-22225,-3657,0,28831,-24758,-4073,0,0,0,0,1,0
1224,636979,27473,-18469,-9004,0,30607,-20576,-10031,0,0,0,0,1,0
1225,637500,28007,-14004,-14004,0,31207,-15603,-15603,0,0,0,0,1,0
1226,638020,27466,-9002,-18464,0,30607,-10031,-20576,0,0,0,0,1,0
1227,638541,25869,-3655,-22215,0,28831,-4073,-24758,0,0,0,0,1,0
1228,639062,23279,1831,-25110,0,25947,2041,-27988,0,0,0,0,1,0
1229,639583,19795,7245,-27040,0,22066,8077,-30143,0,0,0,0,1,0
1230,640104,15551,12380,-27931,0,17337,13802,-31140,0,0,0,0,1,0
1231,640625,10710,17038,-27748,0,11942,18997,-30940,0,0,0,0,1,0
1232,641145,5460,21040,-26499,0,6088,23462,-29551,0,0,0,0,1,0
1233,641666,0,24232,-24232,0,0,27026,-27026,0,0,0,0,1,0
1234,642187,-5458,26493,-21035,0,-6088,29551,-23462,0,0,0,0,1,0
1235,642708,-10705,27735,-17030,0,-11942,30940,-18997,0,0,0,0,1,0
1236,643229,-15540,27911,-12371,0,-17337,31140,-13802,0,0,0,0,1,0
1237,643750,-19776,27015,-7239,0,-22066,30143,-8077,0,0,0,0,1,0
1238,644270,-23252,25081,-1829,0,-25947,27988,-2041,0,0,0,0,1,0
1239,644791,-25833,22183,3650,0,-28831,24758,4073,0,0,0,0,1,0
1240,645312,-27421,18434,8987,0,-30607,20576,10031,0,0,0,0,1,0
1241,645833,-27955,13978,13978,0,-31207,15603,15603,0,0,0,0,1,0
1242,646354,-27415,8985,18430,0,-30607,10031,20576,0,0,0,0,1,0
1243,646875,-25821,3648,22173,0,-28831,4073,24758,0,0,0,0,1,0
1244,647395,-23236,-1828,25063,0,-25947,-2041,27988,0,0,0,0,1,0
1245,647916,-19758,-7232,26990,0,-22066,-8077,30143,0,0,0,0,1,0
1246,648437,-15522,-12357,27879,0,-17337,-13802,31140,0,0,0,0,1,0
1247,648958,-10690,-17006,27696,0,-11942,-18997,30940,0,0,0,0,1,0
1248,649479,-5449,-21000,26450,0,-6088,-23462,29551,0,0,0,0,1,0
1249,650000,0,-24187,24187,0,0,-27026,27026,0,0,0,0,1,0
1250,650520,5448,-26444,20996,0,6088,-29551,23462,0,0,0,0,1,0
1251,651041,10685,-27683,16998,0,11942,-30940,18997,0,0,0,0,1,0
1252,651562,15511,-27859,12348,0,17337,-31140,13802,0,0,0,0,1,0
1253,652083,19739,-26965,7225,0,22066,-30143,8077,0,0,0,0,1,0
1254,652604,23208,-25034,1826,0,25947,-27988,2041,0,0,0,0,1,0
1255,653125,25785,-22142,-3643,0,28831,-24758,-4073,0,0,0,0,1,0
1256,653645,27370,-18400,-8970,0,30607,-20576,-10031,0,0,0,0,1,0
1257,654166,27903,-13951,-13951,0,31207,-15603,-15603,0,0,0,0,1,0
1258,654687,27363,-8968,-18395,0,30607,-10031,-20576,0,0,0,0,1,0
1259,655208,25773,-3641,-22132,0,28831,-4073,-24758,0,0,0,0,1,0
1260,655729,23192,1824,-25016,0,25947,2041,-27988,0,0,0,0,1,0
1261,656250,19721,7218,-26939,0,22066,8077,-30143,0,0,0,0,1,0
1262,656770,15493,12334,-27827,0,17337,13802,-31140,0,0,0,0,1,0
1263,657291,10670,16974,-27645,0,11942,18997,-30940,0,0,0,0,1,0
1264,657812,5439,20961,-26400,0,6088,23462,-29551,0,0,0,0,1,0
1265,658333,0,24142,-24142,0,0,27026,-27026,0,0,0,0,1,0
1266,658854,-5438,26394,-20956,0,-6088,29551,-23462,0,0,0,0,1,0
1267,659375,-10665,27632,-16966,0,-11942,30940,-18997,0,0,0,0,1,0
1268,659895,-15482,27807,-12325,0,-17337,31140,-13802,0,0,0,0,1,0
1269,660416,-19703,26914,-7212,0,-22066,30143,-8077,0,0,0,0,1,0
1270,660937,-23165,24987,-1822,0,-25947,27988,-2041,0,0,0,0,1,0
1271,661458,-25737,22101,3636,0,-28831,24758,4073,0,0,0,0,1,0
1272,661979,-27319,18365,8953,0,-30607,20576,10031,0,0,0,0,1,0
1273,662500,-27851,13925,13925,0,-31207,15603,15603,0,0,0,0,1,0
1274,663020,-27312,8951,18361,0,-30607,10031,20576,0,0,0,0,1,0
1275,663541,-25725,3634,22090,0,-28831,4073,24758,0,0,0,0,1,0
1276,664062,-23149,-1821,24970,0,-25947,-2041,27988,0,0,0,0,1,0
1277,664583,-19684,-7205,26889,0,-22066,-8077,30143,0,0,0,0,1,0
1278,665104,-15464,-12311,27775,0,-17337,-13802,31140,0,0,0,0,1,0
1279,665625,-10651,-16943,27593,0,-11942,-18997,30940,0,0,0,0,1,0
1280,666145,-5429,-20922,26351,0,-6088,-23462,29551,0,0,0,0,1,0
1281,666666,0,-24097,24097,0,0,-27026,27026,0,0,0,0,1,0
1282,667187,5428,-26345,20917,0,6088,-29551,23462,0,0,0,0,1,0
1283,667708,10646,-27580,16935,0,11942,-30940,18997,0,0,0,0,1,0
1284,668229,15453,-27755,12302,0,17337,-31140,13802,0,0,0,0,1,0
1285,668750,19666,-26864,7198,0,22066,-30143,8077,0,0,0,0,1,0
1286,669270,23122,-24941,1819,0,25947,-27988,2041,0,0,0,0,1,0
1287,669791,25689,-22059,-3629,0,28831,-24758,-4073,0,0,0,0,1,0
1288,670312,27268,-18331,-8937,0,30607,-20576,-10031,0,0,0,0,1,0
1289,670833,27799,-13899,-13899,0,31207,-15603,-15603,0,0,0,0,1,0
1290,671354,27261,-8935,-18327,0,30607,-10031,-20576,0,0,0,0,1,0
1291,671875,25677,-3628,-22049,0,28831,-4073,-24758,0,0,0,0,1,0
1292,672395,23106,1817,-24923,0,25947,2041,-27988,0,0,0,0,1,0
1293,672916,19648,7191,-26839,0,22066,8077,-30143,0,0,0,0,1,0
1294,673437,15435,12288,-27723,0,17337,13802,-31140,0,0,0,0,1,0
1295,673958,10631,16911,-27542,0,11942,18997,-30940,0,0,0,0,1,0
1296,674479,5419,20883,-26302,0,6088,23462,-29551,0,0,0,0,1,0
1297,675000,0,24052,-24052,0,0,27026,-27026,0,0,0,0,1,0
1298,675520,-5418,26296,-20878,0,-6088,29551,-23462,0,0,0,0,1,0
1299,676041,-10626,27529,-16903,0,-11942,30940,-18997,0,0,0,0,1,0
1300,676562,-15424,27704,-12279,0,-17337,31140,-13802,0,0,0,0,1,0
1301,677083,-19629,26814,-7185,0,-22066,30143,-8077,0,0,0,0,1,0
1302,677604,-23079,24894,-1815,0,-25947,27988,-2041,0,0,0,0,1,0
1303,678125,-25641,22018,3623,0,-28831,24758,4073,0,0,0,0,1,0
1304,678645,-27217,18297,8920,0,-30607,20576,10031,0,0,0,0,1,0
1305,679166,-27747,13874,13874,0,-31207,15603,15603,0,0,0,0,1,0
1306,679687,-27211,8918,18293,0,-30607,10031,20576,0,0,0,0,1,0
1307,680208,-25629,3621,22008,0,-28831,4073,24758,0,0,0,0,1,0
1308,680729,-23063,-1814,24877,0,-25947,-2041,27988,0,0,0,0,1,0
1309,681250,-19611,-7178,26789,0,-22066,-8077,30143,0,0,0,0,1,0
1310,681770,-15406,-12265,27672,0,-17337,-13802,31140,0,0,0,0,1,0
1311,682291,-10611,-16880,27490,0,-11942,-18997,30940,0,0,0,0,1,0
1312,682812,-5409,-20844,26253,0,-6088,-23462,29551,0,0,0,0,1,0
1313,683333,0,-24007,24007,0,0,-27026,27026,0,0,0,0,1,0
1314,683854,5408,-26247,20840,0,6088,-29551,23462,0,0,0,0,1,0
1315,684375,10606,-27478,16872,0,11942,-30940,18997,0,0,0,0,1,0
1316,684895,15396,-27652,12257,0,17337,-31140,13802,0,0,0,0,1,0
1317,685416,19593,-26764,7171,0,22066,-30143,8077,0,0,0,0,1,0
1318,685937,23036,-24848,1812,0,25947,-27988,2041,0,0,0,0,1,0
1319,686458,25593,-21977,-3616,0,28831,-24758,-4073,0,0,0,0,1,0
1320,686979,27167,-18263,-8903,0,30607,-20576,-10031,0,0,0,0,1,0
1321,687500,27696,-13848,-13848,0,31207,-15603,-15603,0,0,0,0,1,0
1322,688020,27160,-8901,-18259,0,30607,-10031,-20576,0,0,0,0,1,0
1323,688541,25581,-3614,-21967,0,28831,-4073,-24758,0,0,0,0,1,0
1324,689062,23020,1811,-24831,0,25947,2041,-27988,0,0,0,0,1,0
1325,689583,19575,7165,-26739,0,22066,8077,-30143,0,0,0,0,1,0
1326,690104,15378,12242,-27620,0,17337,13802,-31140,0,0,0,0,1,0
1327,690625,10591,16848,-27439,0,11942,18997,-30940,0,0,0,0,1,0
1328,691145,5399,20806,-26204,0,6088,23462,-29551,0,0,0,0,1,0
1329,691666,0,23963,-23963,0,0,27026,-27026,0,0,0,0,1,0
1330,692187,-5397,26198,-20801,0,-6088,29551,-23462,0,0,0,0,1,0
1331,692708,-10586,27427,-16840,0,-11942,30940,-18997,0,0,0,0,1,0
1332,693229,-15367,27601,-12234,0,-17337,31140,-13802,0,0,0,0,1,0
1333,693750,-19556,26715,-7158,0,-22066,30143,-8077,0,0,0,0,1,0
1334,694270,-22993,24802,-1809,0,-25947,27988,-2041,0,0,0,0,1,0
1335,694791,-25546,21937,3609,0,-28831,24758,4073,0,0,0,0,1,0
1336,695312,-27116,18229,8887,0,-30607,20576,10031,0,0,0,0,1,0
1337,695833,-27644,13822,13822,0,-31207,15603,15603,0,0,0,0,1,0
1338,696354,-27110,8885,18225,0,-30607,10031,20576,0,0,0,0,1,0
1339,696875,-25534,3607,21927,0,-28831,4073,24758,0,0,0,0,1,0
1340,697395,-22977,-1807,24785,0,-25947,-2041,27988,0,0,0,0,1,0
1341,697916,-19538,-7152,26690,0,-22066,-8077,30143,0,0,0,0,1,0
1342,698437,-15349,-12220,27569,0,-17337,-13802,31140,0,0,0,0,1,0
1343,698958,-10572,-16817,27389,0,-11942,-18997,30940,0,0,0,0,1,0
1344,699479,-5389,-20767,26156,0,-6088,-23462,29551,0,0,0,0,1,0
1345,700000,0,-23918,23918,0,0,-27026,27026,0,0,0,0,1,0
1346,700520,5388,-26150,20762,0,6088,-29551,23462,0,0,0,0,1,0
1347,701041,10567,-27376,16809,0,11942,-30940,18997,0,0,0,0,1,0
1348,701562,15339,-27550,12211,0,17337,-31140,13802,0,0,0,0,1,0
1349,702083,19520,-26665,7145,0,22066,-30143,8077,0,0,0,0,1,0
1350,702604,22951,-24756,1805,0,25947,-27988,2041,0,0,0,0,1,0
1351,703125,25499,-21896,-3602,0,28831,-24758,-4073,0,0,0,0,1,0
1352,703645,27066,-18195,-8871,0,30607,-20576,-10031,0,0,0,0,1,0
1353,704166,27593,-13797,-13797,0,31207,-15603,-15603,0,0,0,0,1,0
1354,704687,27060,-8868,-18191,0,30607,-10031,-20576,0,0,0,0,1,0
1355,705208,25487,-3601,-21886,0,28831,-4073,-24758,0,0,0,0,1,0
1356,705729,22935,1804,-24739,0,25947,2041,-27988,0,0,0,0,1,0
1357,706250,19502,7138,-26641,0,22066,8077,-30143,0,0,0,0,1,0
1358,706770,15321,12197,-27518,0,17337,13802,-31140,0,0,0,0,1,0
1359,707291,10552,16786,-27338,0,11942,18997,-30940,0,0,0,0,1,0
1360,707812,5379,20729,-26108,0,6088,23462,-29551,0,0,0,0,1,0
1361,708333,0,23874,-23874,0,0,27026,-27026,0,0,0,0,1,0
1362,708854,-5378,26102,-20724,0,-6088,29551,-23462,0,0,0,0,1,0
1363,709375,-10547,27325,-16778,0,-11942,30940,-18997,0,0,0,0,1,0
1364,709895,-15310,27499,-12189,0,-17337,31140,-13802,0,0,0,0,1,0
1365,710416,-19484,26616,-7132,0,-22066,30143,-8077,0,0,0,0,1,0
1366,710937,-22908,24710,-1802,0,-25947,27988,-2041,0,0,0,0,1,0
1367,711458,-25451,21856,3596,0,-28831,24758,4073,0,0,0,0,1,0
1368,711979,-27016,18162,8854,0,-30607,20576,10031,0,0,0,0,1,0
1369,712500,-27542,13771,13771,0,-31207,15603,15603,0,0,0,0,1,0
1370,713020,-27010,8852,18158,0,-30607,10031,20576,0,0,0,0,1,0
1371,713541,-25440,3594,21846,0,-28831,4073,24758,0,0,0,0,1,0
1372,714062,-22892,-1801,24693,0,-25947,-2041,27988,0,0,0,0,1,0
1373,714583,-19466,-7125,26591,0,-22066,-8077,30143,0,0,0,0,1,0
1374,715104,-15293,-12175,27467,0,-17337,-13802,31140,0,0,0,0,1,0
1375,715625,-10533,-16755,27288,0,-11942,-18997,30940,0,0,0,0,1,0
1376,716145,-5369,-20691,26059,0,-6088,-23462,29551,0,0,0,0,1,0
1377,716666,0,-23830,23830,0,0,-27026,27026,0,0,0,0,1,0
1378,717187,5368,-26053,20686,0,6088,-29551,23462,0,0,0,0,1,0
1379,717708,10528,-27275,16747,0,11942,-30940,18997,0,0,0,0,1,0
1380,718229,15282,-27448,12166,0,17337,-31140,13802,0,0,0,0,1,0
1381,718750,19448,-26567,7119,0,22066,-30143,8077,0,0,0,0,1,0
1382,719270,22866,-24665,1799,0,25947,-27988,2041,0,0,0,0,1,0
1383,719791,25405,-21815,-3589,0,28831,-24758,-4073,0,0,0,0,1,0
1384,720312,26966,-18128,-8838,0,30607,-20576,-10031,0,0,0,0,1,0
1385,720833,27491,-13746,-13746,0,31207,-15603,-15603,0,0,0,0,1,0
1386,721354,26960,-8836,-18124,0,30607,-10031,-20576,0,0,0,0,1,0
1387,721875,25393,-3588,-21805,0,28831,-4073,-24758,0,0,0,0,1,0
1388,722395,22850,1797,-24648,0,25947,2041,-27988,0,0,0,0,1,0
1389,722916,19430,7112,-26542,0,22066,8077,-30143,0,0,0,0,1,0
1390,723437,15265,12152,-27417,0,17337,13802,-31140,0,0,0,0,1,0
1391,723958,10513,16724,-27237,0,11942,18997,-30940,0,0,0,0,1,0
1392,724479,5359,20652,-26011,0,6088,23462,-29551,0,0,0,0,1,0
1393,725000,0,23786,-23786,0,0,27026,-27026,0,0,0,0,1,0
1394,725520,-5358,26005,-20648,0,-6088,29551,-23462,0,0,0,0,1,0
1395,726041,-10508,27225,-16716,0,-11942,30940,-18997,0,0,0,0,1,0
1396,726562,-15254,27398,-12144,0,-17337,31140,-13802,0,0,0,0,1,0
1397,727083,-19412,26518,-7105,0,-22066,30143,-8077,0,0,0,0,1,0
1398,727604,-22824,24619,-1795,0,-25947,27988,-2041,0,0,0,0,1,0
1399,728125,-25358,21775,3583,0,-28831,24758,4073,0,0,0,0,1,0
1400,728645,-26917,18095,8822,0,-30607,20576,10031,0,0,0,0,1,0
1401,729166,-27441,13720,13720,0,-31207,15603,15603,0,0,0,0,1,0
1402,729687,-26910,8820,18091,0,-30607,10031,20576,0,0,0,0,1,0
1403,730208,-25346,3581,21765,0,-28831,4073,24758,0,0,0,0,1,0
1404,730729,-22808,-1794,24602,0,-25947,-2041,27988,0,0,0,0,1,0
1405,731250,-19395,-7099,26494,0,-22066,-8077,30143,0,0,0,0,1,0
1406,731770,-15236,-12130,27366,0,-17337,-13802,31140,0,0,0,0,1,0
1407,732291,-10494,-16693,27187,0,-11942,-18997,30940,0,0,0,0,1,0
1408,732812,-5349,-20614,25964,0,-6088,-23462,29551,0,0,0,0,1,0
1409,733333,0,-23743,23743,0,0,-27026,27026,0,0,0,0,1,0
1410,733854,5348,-25958,20610,0,6088,-29551,23462,0,0,0,0,1,0
1411,734375,10489,-27175,16686,0,11942,-30940,18997,0,0,0,0,1,0
1412,734895,15226,-27347,12121,0,17337,-31140,13802,0,0,0,0,1,0
1413,735416,19377,-26469,7092,0,22066,-30143,8077,0,0,0,0,1,0
1414,735937,22782,-24574,1792,0,25947,-27988,2041,0,0,0,0,1,0
1415,736458,25311,-21735,-3576,0,28831,-24758,-4073,0,0,0,0,1,0
1416,736979,26867,-18062,-8805,0,30607,-20576,-10031,0,0,0,0,1,0
1417,737500,27390,-13695,-13695,0,31207,-15603,-15603,0,0,0,0,1,0
1418,738020,26861,-8803,-18058,0,30607,-10031,-20576,0,0,0,0,1,0
1419,738541,25300,-3574,-21725,0,28831,-4073,-24758,0,0,0,0,1,0
1420,739062,22766,1791,-24557,0,25947,2041,-27988,0,0,0,0,1,0
1421,739583,19359,7086,-26445,0,22066,8077,-30143,0,0,0,0,1,0
1422,740104,15209,12107,-27316,0,17337,13802,-31140,0,0,0,0,1,0
1423,740625,10475,16663,-27137,0,11942,18997,-30940,0,0,0,0,1,0
1424,741145,5339,20577,-25916,0,6088,23462,-29551,0,0,0,0,1,0
1425,741666,0,23699,-23699,0,0,27026,-27026,0,0,0,0,1,0
1426,742187,-5338,25910,-20572,0,-6088,29551,-23462,0,0,0,0,1,0
1427,742708,-10470,27125,-16655,0,-11942,30940,-18997,0,0,0,0,1,0
1428,743229,-15198,27297,-12099,0,-17337,31140,-13802,0,0,0,0,1,0
1429,743750,-19341,26421,-7079,0,-22066,30143,-8077,0,0,0,0,1,0
1430,744270,-22740,24529,-1789,0,-25947,27988,-2041,0,0,0,0,1,0
1431,744791,-25265,21695,3569,0,-28831,24758,4073,0,0,0,0,1,0
1432,745312,-26818,18029,8789,0,-30607,20576,10031,0,0,0,0,1,0
1433,745833,-27340,13670,13670,0,-31207,15603,15603,0,0,0,0,1,0
1434,746354,-26812,8787,18025,0,-30607,10031,20576,0,0,0,0,1,0
1435,746875,-25253,3568,21685,0,-28831,4073,24758,0,0,0,0,1,0
1436,747395,-22725,-1788,24512,0,-25947,-2041,27988,0,0,0,0,1,0
1437,747916,-19324,-7073,26396,0,-22066,-8077,30143,0,0,0,0,1,0
1438,748437,-15181,-12085,27266,0,-17337,-13802,31140,0,0,0,0,1,0
1439,748958,-10455,-16632,27088,0,-11942,-18997,30940,0,0,0,0,1,0
1440,749479,-5330,-20539,25868,0,-6088,-23462,29551,0,0,0,0,1,0
1441,750000,0,-23656,23656,0,0,-27026,27026,0,0,0,0,1,0
1442,750520,5328,-25862,20534,0,6088,-29551,23462,0,0,0,0,1,0
1443,751041,10451,-27075,16625,0,11942,-30940,18997,0,0,0,0,1,0
1444,751562,15170,-27247,12077,0,17337,-31140,13802,0,0,0,0,1,0
1445,752083,19306,-26372,7066,0,22066,-30143,8077,0,0,0,0,1,0
1446,752604,22699,-24484,1785,0,25947,-27988,2041,0,0,0,0,1,0
1447,753125,25218,-21656,-3563,0,28831,-24758,-4073,0,0,0,0,1,0
1448,753645,26769,-17996,-8773,0,30607,-20576,-10031,0,0,0,0,1,0
1449,754166,27290,-13645,-13645,0,31207,-15603,-15603,0,0,0,0,1,0
1450,754687,26763,-8771,-17992,0,30607,-10031,-20576,0,0,0,0,1,0
1451,755208,25207,-3561,-21646,0,28831,-4073,-24758,0,0,0,0,1,0
1452,755729,22683,1784,-24467,0,25947,2041,-27988,0,0,0,0,1,0
1453,756250,19288,7060,-26348,0,22066,8077,-30143,0,0,0,0,1,0
1454,756770,15153,12063,-27216,0,17337,13802,-31140,0,0,0,0,1,0
1455,757291,10436,16602,-27038,0,11942,18997,-30940,0,0,0,0,1,0
1456,757812,5320,20501,-25821,0,6088,23462,-29551,0,0,0,0,1,0
1457,758333,0,23612,-23612,0,0,27026,-27026,0,0,0,0,1,0
1458,758854,-5319,25815,-20497,0,-6088,29551,-23462,0,0,0,0,1,0
1459,759375,-10432,27026,-16594,0,-11942,30940,-18997,0,0,0,0,1,0
1460,759895,-15142,27197,-12055,0,-17337,31140,-13802,0,0,0,0,1,0
1461,760416,-19271,26324,-7054,0,-22066,30143,-8077,0,0,0,0,1,0
1462,760937,-22657,24439,-1782,0,-25947,27988,-2041,0,0,0,0,1,0
1463,761458,-25172,21616,3556,0,-28831,24758,4073,0,0,0,0,1,0
1464,761979,-26720,17963,8757,0,-30607,20576,10031,0,0,0,0,1,0
1465,762500,-27240,13620,13620,0,-31207,15603,15603,0,0,0,0,1,0
1466,763020,-26714,8755,17959,0,-30607,10031,20576,0,0,0,0,1,0
1467,763541,-25161,3555,21606,0,-28831,4073,24758,0,0,0,0,1,0
1468,764062,-22642,-1781,24423,0,-25947,-2041,27988,0,0,0,0,1,0
1469,764583,-19253,-7047,26300,0,-22066,-8077,30143,0,0,0,0,1,0
1470,765104,-15125,-12041,27166,0,-17337,-13802,31140,0,0,0,0,1,0
1471,765625,-10417,-16571,26989,0,-11942,-18997,30940,0,0,0,0,1,0
1472,766145,-5310,-20464,25774,0,-6088,-23462,29551,0,0,0,0,1,0
1473,766666,0,-23569,23569,0,0,-27026,27026,0,0,0,0,1,0
1474,767187,5309,-25768,20459,0,6088,-29551,23462,0,0,0,0,1,0
1475,767708,10412,-26976,16564,0,11942,-30940,18997,0,0,0,0,1,0
1476,768229,15115,-27148,12033,0,17337,-31140,13802,0,0,0,0,1,0
1477,768750,19235,-26276,7041,0,22066,-30143,8077,0,0,0,0,1,0
1478,769270,22616,-24395,1779,0,25947,-27988,2041,0,0,0,0,1,0
1479,769791,25126,-21577,-3550,0,28831,-24758,-4073,0,0,0,0,1,0
1480,770312,26671,-17930,-8741,0,30607,-20576,-10031,0,0,0,0,1,0
1481,770833,27191,-13595,-13595,0,31207,-15603,-15603,0,0,0,0,1,0
1482,771354,26665,-8739,-17926,0,30607,-10031,-20576,0,0,0,0,1,0
1483,771875,25115,-3548,-21567,0,28831,-4073,-24758,0,0,0,0,1,0
1484,772395,22600,1778,-24378,0,25947,2041,-27988,0,0,0,0,1,0
1485,772916,19218,7034,-26252,0,22066,8077,-30143,0,0,0,0,1,0
1486,773437,15098,12019,-27117,0,17337,13802,-31140,0,0,0,0,1,0
1487,773958,10398,16541,-26939,0,11942,18997,-30940,0,0,0,0,1,0
1488,774479,5300,20427,-25727,0,6088,23462,-29551,0,0,0,0,1,0
1489,775000,0,23526,-23526,0,0,27026,-27026,0,0,0,0,1,0
1490,775520,-5299,25721,-20422,0,-6088,29551,-23462,0,0,0,0,1,0
1491,776041,-10394,26927,-16534,0,-11942,30940,-18997,0,0,0,0,1,0
1492,776562,-15087,27098,-12011,0,-17337,31140,-13802,0,0,0,0,1,0
1493,777083,-19200,26228,-7028,0,-22066,30143,-8077,0,0,0,0,1,0
1494,777604,-22575,24350,-1776,0,-25947,27988,-2041,0,0,0,0,1,0
1495,778125,-25081,21537,3543,0,-28831,24758,4073,0,0,0,0,1,0
1496,778645,-26623,17897,8725,0,-30607,20576,10031,0,0,0,0,1,0
1497,779166,-27141,13571,13571,0,-31207,15603,15603,0,0,0,0,1,0
1498,779687,-26616,8723,17893,0,-30607,10031,20576,0,0,0,0,1,0
1499,780208,-25069,3542,21528,0,-28831,4073,24758,0,0,0,0,1,0
1500,780729,-22559,-1775,24334,0,-25947,-2041,27988,0,0,0,0,1,0
1501,781250,-19183,-7021,26204,0,-22066,-8077,30143,0,0,0,0,1,0
1502,781770,-15070,-11997,27068,0,-17337,-13802,31140,0,0,0,0,1,0
1503,782291,-10379,-16511,26890,0,-11942,-18997,30940,0,0,0,0,1,0
1504,782812,-5291,-20389,25680,0,-6088,-23462,29551,0,0,0,0,1,0
1505,783333,0,-23483,23483,0,0,-27026,27026,0,0,0,0,1,0
1506,783854,5290,-25674,20385,0,6088,-29551,23462,0,0,0,0,1,0
1507,784375,10375,-26878,16504,0,11942,-30940,18997,0,0,0,0,1,0
1508,784895,15060,-27049,11989,0,17337,-31140,13802,0,0,0,0,1,0
1509,785416,19165,-26180,7015,0,22066,-30143,8077,0,0,0,0,1,0
1510,785937,22534,-24306,1772,0,25947,-27988,2041,0,0,0,0,1,0
1511,786458,25035,-21498,-3537,0,28831,-24758,-4073,0,0,0,0,1,0
1512,786979,26574,-17865,-8709,0,30607,-20576,-10031,0,0,0,0,1,0
1513,787500,27092,-13546,-13546,0,31207,-15603,-15603,0,0,0,0,1,0
1514,788020,26568,-8707,-17861,0,30607,-10031,-20576,0,0,0,0,1,0
1515,788541,25024,-3535,-21488,0,28831,-4073,-24758,0,0,0,0,1,0
1516,789062,22518,1771,-24290,0,25947,2041,-27988,0,0,0,0,1,0
1517,789583,19148,7009,-26157,0,22066,8077,-30143,0,0,0,0,1,0
1518,790104,15043,11976,-27018,0,17337,13802,-31140,0,0,0,0,1,0
1519,790625,10360,16481,-26842,0,11942,18997,-30940,0,0,0,0,1,0
1520,791145,5281,20352,-25634,0,6088,23462,-29551,0,0,0,0,1,0
1521,791666,0,23441,-23441,0,0,27026,-27026,0,0,0,0,1,0
1522,792187,-5280,25628,-20348,0,-6088,29551,-23462,0,0,0,0,1,0
1523,792708,-10356,26829,-16474,0,-11942,30940,-18997,0,0,0,0,1,0
1524,793229,-15033,27000,-11967,0,-17337,31140,-13802,0,0,0,0,1,0
1525,793750,-19131,26133,-7002,0,-22066,30143,-8077,0,0,0,0,1,0
1526,794270,-22493,24262,-1769,0,-25947,27988,-2041,0,0,0,0,1,0
1527,794791,-24990,21459,3531,0,-28831,24758,4073,0,0,0,0,1,0
1528,795312,-26526,17832,8694,0,-30607,20576,10031,0,0,0,0,1,0
1529,795833,-27043,13521,13521,0,-31207,15603,15603,0,0,0,0,1,0
1530,796354,-26520,8692,17828,0,-30607,10031,20576,0,0,0,0,1,0
1531,796875,-24978,3529,21449,0,-28831,4073,24758,0,0,0,0,1,0
1532,797395,-22477,-1768,24245,0,-25947,-2041,27988,0,0,0,0,1,0
1533,797916,-19113,-6996,26109,0,-22066,-8077,30143,0,0,0,0,1,0
1534,798437,-15016,-11954,26969,0,-17337,-13802,31140,0,0,0,0,1,0
1535,798958,-10342,-16451,26793,0,-11942,-18997,30940,0,0,0,0,1,0
1536,799479,-5272,-20316,25587,0,-6088,-23462,29551,0,0,0,0,1,0
1537,800000,0,-23398,23398,0,0,-27026,27026,0,0,0,0,1,0
1538,800520,5270,-25581,20311,0,6088,-29551,23462,0,0,0,0,1,0
1539,801041,10337,-26781,16444,0,11942,-30940,18997,0,0,0,0,1,0
1540,801562,15005,-26951,11946,0,17337,-31140,13802,0,0,0,0,1,0
1541,802083,19096,-26086,6990,0,22066,-30143,8077,0,0,0,0,1,0
1542,802604,22452,-24218,1766,0,25947,-27988,2041,0,0,0,0,1,0
1543,803125,24944,-21420,-3524,0,28831,-24758,-4073,0,0,0,0,1,0
1544,803645,26478,-17800,-8678,0,30607,-20576,-10031,0,0,0,0,1,0
1545,804166,26994,-13497,-13497,0,31207,-15603,-15603,0,0,0,0,1,0
1546,804687,26472,-8676,-17796,0,30607,-10031,-20576,0,0,0,0,1,0
1547,805208,24933,-3523,-21411,0,28831,-4073,-24758,0,0,0,0,1,0
1548,805729,22437,1765,-24202,0,25947,2041,-27988,0,0,0,0,1,0
1549,806250,19079,6983,-26062,0,22066,8077,-30143,0,0,0,0,1,0
1550,806770,14988,11932,-26921,0,17337,13802,-31140,0,0,0,0,1,0
1551,807291,10323,16422,-26744,0,11942,18997,-30940,0,0,0,0,1,0
1552,807812,5262,20279,-25541,0,6088,23462,-29551,0,0,0,0,1,0
1553,808333,0,23356,-23356,0,0,27026,-27026,0,0,0,0,1,0
1554,808854,-5261,25535,-20274,0,-6088,29551,-23462,0,0,0,0,1,0
1555,809375,-10318,26732,-16414,0,-11942,30940,-18997,0,0,0,0,1,0
1556,809895,-14978,26902,-11924,0,-17337,31140,-13802,0,0,0,0,1,0
1557,810416,-19061,26038,-6977,0,-22066,30143,-8077,0,0,0,0,1,0
1558,810937,-22411,24174,-1763,0,-25947,27988,-2041,0,0,0,0,1,0
1559,811458,-24899,21382,3518,0,-28831,24758,4073,0,0,0,0,1,0
1560,811979,-26430,17768,8662,0,-30607,20576,10031,0,0,0,0,1,0
1561,812500,-26945,13472,13472,0,-31207,15603,15603,0,0,0,0,1,0
1562,813020,-26424,8660,17764,0,-30607,10031,20576,0,0,0,0,1,0
1563,813541,-24888,3516,21372,0,-28831,4073,24758,0,0,0,0,1,0
1564,814062,-22396,-1762,24158,0,-25947,-2041,27988,0,0,0,0,1,0
1565,814583,-19044,-6971,26015,0,-22066,-8077,30143,0,0,0,0,1,0
1566,815104,-14961,-11911,26872,0,-17337,-13802,31140,0,0,0,0,1,0
1567,815625,-10304,-16392,26696,0,-11942,-18997,30940,0,0,0,0,1,0
1568,816145,-5253,-20242,25495,0,-6088,-23462,29551,0,0,0,0,1,0
1569,816666,0,-23314,23314,0,0,-27026,27026,0,0,0,0,1,0
1570,817187,5251,-25489,20238,0,6088,-29551,23462,0,0,0,0,1,0
1571,817708,10300,-26684,16384,0,11942,-30940,18997,0,0,0,0,1,0
1572,818229,14951,-26854,11903,0,17337,-31140,13802,0,0,0,0,1,0
1573,818750,19027,-25991,6964,0,22066,-30143,8077,0,0,0,0,1,0
1574,819270,22371,-24131,1760,0,25947,-27988,2041,0,0,0,0,1,0
1575,819791,24854,-21343,-3511,0,28831,-24758,-4073,0,0,0,0,1,0
1576,820312,26382,-17736,-8646,0,30607,-20576,-10031,0,0,0,0,1,0
1577,820833,26896,-13448,-13448,0,31207,-15603,-15603,0,0,0,0,1,0
1578,821354,26376,-8645,-17732,0,30607,-10031,-20576,0,0,0,0,1,0
1579,821875,24843,-3510,-21333,0,28831,-4073,-24758,0,0,0,0,1,0
1580,822395,22356,1758,-24114,0,25947,2041,-27988,0,0,0,0,1,0
1581,822916,19010,6958,-25968,0,22066,8077,-30143,0,0,0,0,1,0
1582,823437,14934,11889,-26823,0,17337,13802,-31140,0,0,0,0,1,0
1583,823958,10286,16362,-26648,0,11942,18997,-30940,0,0,0,0,1,0
1584,824479,5243,20206,-25449,0,6088,23462,-29551,0,0,0,0,1,0
1585,825000,0,23272,-23272,0,0,27026,-27026,0,0,0,0,1,0
1586,825520,-5242,25443,-20201,0,-6088,29551,-23462,0,0,0,0,1,0
1587,826041,-10281,26636,-16355,0,-11942,30940,-18997,0,0,0,0,1,0
1588,826562,-14924,26805,-11881,0,-17337,31140,-13802,0,0,0,0,1,0
1589,827083,-18993,25945,-6952,0,-22066,30143,-8077,0,0,0,0,1,0
1590,827604,-22331,24087,-1757,0,-25947,27988,-2041,0,0,0,0,1,0
1591,828125,-24810,21305,3505,0,-28831,24758,4073,0,0,0,0,1,0
1592,828645,-26335,17704,8631,0,-30607,20576,10031,0,0,0,0,1,0
1593,829166,-26848,13424,13424,0,-31207,15603,15603,0,0,0,0,1,0
1594,829687,-26329,8629,17700,0,-30607,10031,20576,0,0,0,0,1,0
1595,830208,-24798,3504,21295,0,-28831,4073,24758,0,0,0,0,1,0
1596,830729,-22316,-1755,24071,0,-25947,-2041,27988,0,0,0,0,1,0
1597,831250,-18976,-6946,25921,0,-22066,-8077,30143,0,0,0,0,1,0
1598,831770,-14907,-11868,26775,0,-17337,-13802,31140,0,0,0,0,1,0
1599,832291,-10267,-16333,26600,0,-11942,-18997,30940,0,0,0,0,1,0
1600,832812,-5234,-20169,25403,0,-6088,-23462,29551,0,0,0,0,1,0
1601,833333,0,-23230,23230,0,0,-27026,27026,0,0,0,0,1,0
1602,833854,5232,-25397,20165,0,6088,-29551,23462,0,0,0,0,1,0
1603,834375,10263,-26588,16325,0,11942,-30940,18997,0,0,0,0,1,0
1604,834895,14897,-26757,11860,0,17337,-31140,13802,0,0,0,0,1,0
1605,835416,18959,-25898,6939,0,22066,-30143,8077,0,0,0,0,1,0
1606,835937,22290,-24044,1753,0,25947,-27988,2041,0,0,0,0,1,0
1607,836458,24765,-21266,-3499,0,28831,-24758,-4073,0,0,0,0,1,0
1608,836979,26287,-17672,-8615,0,30607,-20576,-10031,0,0,0,0,1,0
1609,837500,26799,-13400,-13400,0,31207,-15603,-15603,0,0,0,0,1,0
1610,838020,26282,-8613,-17668,0,30607,-10031,-20576,0,0,0,0,1,0
1611,838541,24754,-3497,-21257,0,28831,-4073,-24758,0,0,0,0,1,0
1612,839062,22275,1752,-24028,0,25947,2041,-27988,0,0,0,0,1,0
1613,839583,18942,6933,-25875,0,22066,8077,-30143,0,0,0,0,1,0
1614,840104,14881,11846,-26727,0,17337,13802,-31140,0,0,0,0,1,0
1615,840625,10249,16304,-26552,0,11942,18997,-30940,0,0,0,0,1,0
1616,841145,5224,20133,-25357,0,6088,23462,-29551,0,0,0,0,1,0
1617,841666,0,23188,-23188,0,0,27026,-27026,0,0,0,0,1,0
1618,842187,-5223,25352,-20129,0,-6088,29551,-23462,0,0,0,0,1,0
1619,842708,-10244,26540,-16296,0,-11942,30940,-18997,0,0,0,0,1,0
1620,843229,-14871,26709,-11838,0,-17337,31140,-13802,0,0,0,0,1,0
1621,843750,-18925,25851,-6927,0,-22066,30143,-8077,0,0,0,0,1,0
1622,844270,-22250,24001,-1750,0,-25947,27988,-2041,0,0,0,0,1,0
1623,844791,-24721,21228,3493,0,-28831,24758,4073,0,0,0,0,1,0
1624,845312,-26240,17640,8600,0,-30607,20576,10031,0,0,0,0,1,0
1625,845833,-26751,13376,13376,0,-31207,15603,15603,0,0,0,0,1,0
1626,846354,-26234,8598,17636,0,-30607,10031,20576,0,0,0,0,1,0
1627,846875,-24710,3491,21219,0,-28831,4073,24758,0,0,0,0,1,0
1628,847395,-22235,-1749,23985,0,-25947,-2041,27988,0,0,0,0,1,0
1629,847916,-18908,-6921,25828,0,-22066,-8077,30143,0,0,0,0,1,0
1630,848437,-14854,-11825,26679,0,-17337,-13802,31140,0,0,0,0,1,0
1631,848958,-10230,-16274,26505,0,-11942,-18997,30940,0,0,0,0,1,0
1632,849479,-5215,-20097,25312,0,-6088,-23462,29551,0,0,0,0,1,0
1633,850000,0,-23147,23147,0,0,-27026,27026,0,0,0,0,1,0
1634,850520,5214,-25306,20092,0,6088,-29551,23462,0,0,0,0,1,0
1635,851041,10226,-26493,16267,0,11942,-30940,18997,0,0,0,0,1,0
1636,851562,14844,-26661,11817,0,17337,-31140,13802,0,0,0,0,1,0
1637,852083,18891,-25805,6914,0,22066,-30143,8077,0,0,0,0,1,0
1638,852604,22211,-23958,1747,0,25947,-27988,2041,0,0,0,0,1,0
1639,853125,24676,-21190,-3486,0,28831,-24758,-4073,0,0,0,0,1,0
1640,853645,26193,-17609,-8585,0,30607,-20576,-10031,0,0,0,0,1,0
1641,854166,26703,-13352,-13352,0,31207,-15603,-15603,0,0,0,0,1,0
1642,854687,26187,-8583,-17605,0,30607,-10031,-20576,0,0,0,0,1,0
1643,855208,24665,-3485,-21181,0,28831,-4073,-24758,0,0,0,0,1,0
1644,855729,22196,1746,-23942,0,25947,2041,-27988,0,0,0,0,1,0
1645,856250,18874,6908,-25782,0,22066,8077,-30143,0,0,0,0,1,0
1646,856770,14827,11804,-26631,0,17337,13802,-31140,0,0,0,0,1,0
1647,857291,10212,16245,-26457,0,11942,18997,-30940,0,0,0,0,1,0
1648,857812,5206,20061,-25267,0,6088,23462,-29551,0,0,0,0,1,0
1649,858333,0,23105,-23105,0,0,27026,-27026,0,0,0,0,1,0
1650,858854,-5204,25261,-20057,0,-6088,29551,-23462,0,0,0,0,1,0
1651,859375,-10208,26445,-16238,0,-11942,30940,-18997,0,0,0,0,1,0
1652,859895,-14817,26614,-11796,0,-17337,31140,-13802,0,0,0,0,1,0
1653,860416,-18857,25759,-6902,0,-22066,30143,-8077,0,0,0,0,1,0
1654,860937,-22171,23915,-1744,0,-25947,27988,-2041,0,0,0,0,1,0
1655,861458,-24632,21152,3480,0,-28831,24758,4073,0,0,0,0,1,0
1656,861979,-26146,17577,8569,0,-30607,20576,10031,0,0,0,0,1,0
1657,862500,-26656,13328,13328,0,-31207,15603,15603,0,0,0,0,1,0
1658,863020,-26141,8567,17573,0,-30607,10031,20576,0,0,0,0,1,0
1659,863541,-24621,3478,21143,0,-28831,4073,24758,0,0,0,0,1,0
1660,864062,-22156,-1743,23899,0,-25947,-2041,27988,0,0,0,0,1,0
1661,864583,-18840,-6896,25736,0,-22066,-8077,30143,0,0,0,0,1,0
1662,865104,-14801,-11783,26584,0,-17337,-13802,31140,0,0,0,0,1,0
1663,865625,-10194,-16216,26410,0,-11942,-18997,30940,0,0,0,0,1,0
1664,866145,-5196,-20025,25221,0,-6088,-23462,29551,0,0,0,0,1,0
1665,866666,0,-23064,23064,0,0,-27026,27026,0,0,0,0,1,0
1666,867187,5195,-25216,20021,0,6088,-29551,23462,0,0,0,0,1,0
1667,867708,10189,-26398,16209,0,11942,-30940,18997,0,0,0,0,1,0
1668,868229,14791,-26566,11775,0,17337,-31140,13802,0,0,0,0,1,0
1669,868750,18823,-25713,6890,0,22066,-30143,8077,0,0,0,0,1,0
1670,869270,22131,-23872,1741,0,25947,-27988,2041,0,0,0,0,1,0
1671,869791,24588,-21114,-3474,0,28831,-24758,-4073,0,0,0,0,1,0
1672,870312,26100,-17546,-8554,0,30607,-20576,-10031,0,0,0,0,1,0
1673,870833,26608,-13304,-13304,0,31207,-15603,-15603,0,0,0,0,1,0
1674,871354,26094,-8552,-17542,0,30607,-10031,-20576,0,0,0,0,1,0
1675,871875,24577,-3472,-21105,0,28831,-4073,-24758,0,0,0,0,1,0
1676,872395,22116,1740,-23856,0,25947,2041,-27988,0,0,0,0,1,0
1677,872916,18806,6884,-25690,0,22066,8077,-30143,0,0,0,0,1,0
1678,873437,14774,11762,-26536,0,17337,13802,-31140,0,0,0,0,1,0
1679,873958,10176,16187,-26363,0,11942,18997,-30940,0,0,0,0,1,0
1680,874479,5187,19989,-25176,0,6088,23462,-29551,0,0,0,0,1,0
1681,875000,0,23023,-23023,0,0,27026,-27026,0,0,0,0,1,0
1682,875520,-5186,25171,-19985,0,-6088,29551,-23462,0,0,0,0,1,0
1683,876041,-10171,26351,-16180,0,-11942,30940,-18997,0,0,0,0,1,0
1684,876562,-14765,26519,-11754,0,-17337,31140,-13802,0,0,0,0,1,0
1685,877083,-18790,25667,-6878,0,-22066,30143,-8077,0,0,0,0,1,0
1686,877604,-22092,23830,-1738,0,-25947,27988,-2041,0,0,0,0,1,0
1687,878125,-24544,21077,3468,0,-28831,24758,4073,0,0,0,0,1,0
1688,878645,-26053,17515,8539,0,-30607,20576,10031,0,0,0,0,1,0
1689,879166,-26561,13280,13280,0,-31207,15603,15603,0,0,0,0,1,0
1690,879687,-26048,8537,17511,0,-30607,10031,20576,0,0,0,0,1,0
1691,880208,-24534,3466,21067,0,-28831,4073,24758,0,0,0,0,1,0
1692,880729,-22077,-1737,23814,0,-25947,-2041,27988,0,0,0,0,1,0
1693,881250,-18773,-6871,25644,0,-22066,-8077,30143,0,0,0,0,1,0
1694,881770,-14748,-11741,26489,0,-17337,-13802,31140,0,0,0,0,1,0
1695,882291,-10158,-16158,26316,0,-11942,-18997,30940,0,0,0,0,1,0
1696,882812,-5178,-19954,25132,0,-6088,-23462,29551,0,0,0,0,1,0
1697,883333,0,-22982,22982,0,0,-27026,27026,0,0,0,0,1,0
1698,883854,5177,-25126,19949,0,6088,-29551,23462,0,0,0,0,1,0
1699,884375,10153,-26304,16151,0,11942,-30940,18997,0,0,0,0,1,0
1700,884895,14738,-26472,11733,0,17337,-31140,13802,0,0,0,0,1,0
1701,885416,18756,-25622,6865,0,22066,-30143,8077,0,0,0,0,1,0
1702,885937,22053,-23787,1735,0,25947,-27988,2041,0,0,0,0,1,0
1703,886458,24501,-21039,-3461,0,28831,-24758,-4073,0,0,0,0,1,0
1704,886979,26007,-17484,-8523,0,30607,-20576,-10031,0,0,0,0,1,0
1705,887500,26514,-13257,-13257,0,31207,-15603,-15603,0,0,0,0,1,0
1706,888020,26001,-8522,-17480,0,30607,-10031,-20576,0,0,0,0,1,0
1707,888541,24490,-3460,-21030,0,28831,-4073,-24758,0,0,0,0,1,0
1708,889062,22038,1733,-23771,0,25947,2041,-27988,0,0,0,0,1,0
1709,889583,18740,6859,-25599,0,22066,8077,-30143,0,0,0,0,1,0
1710,890104,14722,11720,-26442,0,17337,13802,-31140,0,0,0,0,1,0
1711,890625,10140,16130,-26269,0,11942,18997,-30940,0,0,0,0,1,0
1712,891145,5169,19918,-25087,0,6088,23462,-29551,0,0,0,0,1,0
1713,891666,0,22941,-22941,0,0,27026,-27026,0,0,0,0,1,0
1714,892187,-5167,25081,-19914,0,-6088,29551,-23462,0,0,0,0,1,0
1715,892708,-10135,26258,-16123,0,-11942,30940,-18997,0,0,0,0,1,0
1716,893229,-14712,26425,-11712,0,-17337,31140,-13802,0,0,0,0,1,0
1717,893750,-18723,25576,-6853,0,-22066,30143,-8077,0,0,0,0,1,0
1718,894270,-22013,23745,-1732,0,-25947,27988,-2041,0,0,0,0,1,0
1719,894791,-24457,21002,3455,0,-28831,24758,4073,0,0,0,0,1,0
1720,895312,-25961,17453,8508,0,-30607,20576,10031,0,0,0,0,1,0
1721,895833,-26467,13233,13233,0,-31207,15603,15603,0,0,0,0,1,0
1722,896354,-25955,8506,17449,0,-30607,10031,20576,0,0,0,0,1,0
1723,896875,-24446,3454,20993,0,-28831,4073,24758,0,0,0,0,1,0
1724,897395,-21999,-1730,23729,0,-25947,-2041,27988,0,0,0,0,1,0
1725,897916,-18706,-6847,25553,0,-22066,-8077,30143,0,0,0,0,1,0
1726,898437,-14696,-11699,26395,0,-17337,-13802,31140,0,0,0,0,1,0
1727,898958,-10122,-16101,26223,0,-11942,-18997,30940,0,0,0,0,1,0
1728,899479,-5159,-19883,25043,0,-6088,-23462,29551,0,0,0,0,1,0
1729,900000,0,-22900,22900,0,0,-27026,27026,0,0,0,0,1,0
1730,900520,5158,-25037,19879,0,6088,-29551,23462,0,0,0,0,1,0
1731,901041,10117,-26211,16094,0,11942,-30940,18997,0,0,0,0,1,0
1732,901562,14686,-26378,11692,0,17337,-31140,13802,0,0,0,0,1,0
1733,902083,18690,-25531,6841,0,22066,-30143,8077,0,0,0,0,1,0
1734,902604,21974,-23703,1729,0,25947,-27988,2041,0,0,0,0,1,0
1735,903125,24414,-20965,-3449,0,28831,-24758,-4073,0,0,0,0,1,0
1736,903645,25915,-17422,-8493,0,30607,-20576,-10031,0,0,0,0,1,0
1737,904166,26420,-13210,-13210,0,31207,-15603,-15603,0,0,0,0,1,0
1738,904687,25909,-8491,-17418,0,30607,-10031,-20576,0,0,0,0,1,0
1739,905208,24403,-3448,-20955,0,28831,-4073,-24758,0,0,0,0,1,0
1740,905729,21960,1727,-23687,0,25947,2041,-27988,0,0,0,0,1,0
1741,906250,18673,6835,-25508,0,22066,8077,-30143,0,0,0,0,1,0
1742,906770,14670,11679,-26348,0,17337,13802,-31140,0,0,0,0,1,0
1743,907291,10104,16073,-26176,0,11942,18997,-30940,0,0,0,0,1,0
1744,907812,5150,19848,-24998,0,6088,23462,-29551,0,0,0,0,1,0
1745,908333,0,22860,-22860,0,0,27026,-27026,0,0,0,0,1,0
1746,908854,-5149,24993,-19844,0,-6088,29551,-23462,0,0,0,0,1,0
1747,909375,-10099,26165,-16065,0,-11942,30940,-18997,0,0,0,0,1,0
1748,909895,-14660,26331,-11671,0,-17337,31140,-13802,0,0,0,0,1,0
1749,910416,-18657,25486,-6829,0,-22066,30143,-8077,0,0,0,0,1,0
1750,910937,-21936,23661,-1725,0,-25947,27988,-2041,0,0,0,0,1,0
1751,911458,-24371,20928,3443,0,-28831,24758,4073,0,0,0,0,1,0
1752,911979,-25869,17391,8478,0,-30607,20576,10031,0,0,0,0,1,0
1753,912500,-26373,13186,13186,0,-31207,15603,15603,0,0,0,0,1,0
1754,913020,-25863,8476,17387,0,-30607,10031,20576,0,0,0,0,1,0
1755,913541,-24360,3442,20918,0,-28831,4073,24758,0,0,0,0,1,0
1756,914062,-21921,-1724,23645,0,-25947,-2041,27988,0,0,0,0,1,0
1757,914583,-18640,-6823,25463,0,-22066,-8077,30143,0,0,0,0,1,0
1758,915104,-14644,-11658,26302,0,-17337,-13802,31140,0,0,0,0,1,0
1759,915625,-10086,-16044,26130,0,-11942,-18997,30940,0,0,0,0,1,0
1760,916145,-5141,-19813,24954,0,-6088,-23462,29551,0,0,0,0,1,0
1761,916666,0,-22819,22819,0,0,-27026,27026,0,0,0,0,1,0
1762,917187,5140,-24949,19809,0,6088,-29551,23462,0,0,0,0,1,0
1763,917708,10081,-26118,16037,0,11942,-30940,18997,0,0,0,0,1,0
1764,918229,14634,-26285,11650,0,17337,-31140,13802,0,0,0,0,1,0
1765,918750,18624,-25441,6817,0,22066,-30143,8077,0,0,0,0,1,0
1766,919270,21897,-23619,1722,0,25947,-27988,2041,0,0,0,0,1,0
1767,919791,24328,-20891,-3437,0,28831,-24758,-4073,0,0,0,0,1,0
1768,920312,25823,-17360,-8463,0,30607,-20576,-10031,0,0,0,0,1,0
1769,920833,26326,-13163,-13163,0,31207,-15603,-15603,0,0,0,0,1,0
1770,921354,25818,-8461,-17356,0,30607,-10031,-20576,0,0,0,0,1,0
1771,921875,24317,-3436,-20882,0,28831,-4073,-24758,0,0,0,0,1,0
1772,922395,21882,1721,-23604,0,25947,2041,-27988,0,0,0,0,1,0
1773,922916,18607,6811,-25418,0,22066,8077,-30143,0,0,0,0,1,0
1774,923437,14618,11637,-26256,0,17337,13802,-31140,0,0,0,0,1,0
1775,923958,10068,16016,-26084,0,11942,18997,-30940,0,0,0,0,1,0
1776,924479,5132,19778,-24910,0,6088,23462,-29551,0,0,0,0,1,0
1777,925000,0,22779,-22779,0,0,27026,-27026,0,0,0,0,1,0
1778,925520,-5131,24905,-19774,0,-6088,29551,-23462,0,0,0,0,1,0
1779,926041,-10064,26072,-16009,0,-11942,30940,-18997,0,0,0,0,1,0
1780,926562,-14608,26238,-11630,0,-17337,31140,-13802,0,0,0,0,1,0
1781,927083,-18591,25396,-6805,0,-22066,30143,-8077,0,0,0,0,1,0
1782,927604,-21858,23578,-1719,0,-25947,27988,-2041,0,0,0,0,1,0
1783,928125,-24285,20854,3431,0,-28831,24758,4073,0,0,0,0,1,0
1784,928645,-25778,17330,8448,0,-30607,20576,10031,0,0,0,0,1,0
1785,929166,-26280,13140,13140,0,-31207,15603,15603,0,0,0,0,1,0
1786,929687,-25772,8447,17326,0,-30607,10031,20576,0,0,0,0,1,0
1787,930208,-24274,3429,20845,0,-28831,4073,24758,0,0,0,0,1,0
1788,930729,-21844,-1718,23562,0,-25947,-2041,27988,0,0,0,0,1,0
1789,931250,-18575,-6799,25373,0,-22066,-8077,30143,0,0,0,0,1,0
1790,931770,-14592,-11617,26209,0,-17337,-13802,31140,0,0,0,0,1,0
1791,932291,-10050,-15988,26038,0,-11942,-18997,30940,0,0,0,0,1,0
1792,932812,-5123,-19743,24866,0,-6088,-23462,29551,0,0,0,0,1,0
1793,933333,0,-22739,22739,0,0,-27026,27026,0,0,0,0,1,0
1794,933854,5122,-24861,19739,0,6088,-29551,23462,0,0,0,0,1,0
1795,934375,10046,-26027,15981,0,11942,-30940,18997,0,0,0,0,1,0
1796,934895,14583,-26192,11609,0,17337,-31140,13802,0,0,0,0,1,0
1797,935416,18558,-25351,6793,0,22066,-30143,8077,0,0,0,0,1,0
1798,935937,21820,-23536,1716,0,25947,-27988,2041,0,0,0,0,1,0
1799,936458,24242,-20817,-3425,0,28831,-24758,-4073,0,0,0,0,1,0
1800,936979,25733,-17299,-8434,0,30607,-20576,-10031,0,0,0,0,1,0
1801,937500,26234,-13117,-13117,0,31207,-15603,-15603,0,0,0,0,1,0
1802,938020,25727,-8432,-17295,0,30607,-10031,-20576,0,0,0,0,1,0
1803,938541,24232,-3423,-20808,0,28831,-4073,-24758,0,0,0,0,1,0
1804,939062,21805,1715,-23521,0,25947,2041,-27988,0,0,0,0,1,0
1805,939583,18542,6787,-25329,0,22066,8077,-30143,0,0,0,0,1,0
1806,940104,14567,11597,-26163,0,17337,13802,-31140,0,0,0,0,1,0
1807,940625,10033,15960,-25992,0,11942,18997,-30940,0,0,0,0,1,0
1808,941145,5114,19708,-24822,0,6088,23462,-29551,0,0,0,0,1,0
1809,941666,0,22699,-22699,0,0,27026,-27026,0,0,0,0,1,0
1810,942187,-5113,24817,-19704,0,-6088,29551,-23462,0,0,0,0,1,0
1811,942708,-10028,25981,-15953,0,-11942,30940,-18997,0,0,0,0,1,0
1812,943229,-14557,26146,-11589,0,-17337,31140,-13802,0,0,0,0,1,0
1813,943750,-18526,25307,-6781,0,-22066,30143,-8077,0,0,0,0,1,0
1814,944270,-21782,23495,-1713,0,-25947,27988,-2041,0,0,0,0,1,0
1815,944791,-24200,20781,3419,0,-28831,24758,4073,0,0,0,0,1,0
1816,945312,-25687,17269,8419,0,-30607,20576,10031,0,0,0,0,1,0
1817,945833,-26188,13094,13094,0,-31207,15603,15603,0,0,0,0,1,0
1818,946354,-25682,8417,17265,0,-30607,10031,20576,0,0,0,0,1,0
1819,946875,-24189,3417,20772,0,-28831,4073,24758,0,0,0,0,1,0
1820,947395,-21767,-1712,23479,0,-25947,-2041,27988,0,0,0,0,1,0
1821,947916,-18509,-6775,25284,0,-22066,-8077,30143,0,0,0,0,1,0
1822,948437,-14541,-11576,26117,0,-17337,-13802,31140,0,0,0,0,1,0
1823,948958,-10015,-15932,25947,0,-11942,-18997,30940,0,0,0,0,1,0
1824,949479,-5105,-19674,24779,0,-6088,-23462,29551,0,0,0,0,1,0
1825,950000,0,-22659,22659,0,0,-27026,27026,0,0,0,0,1,0
1826,950520,5104,-24774,19670,0,6088,-29551,23462,0,0,0,0,1,0
1827,951041,10011,-25935,15925,0,11942,-30940,18997,0,0,0,0,1,0
1828,951562,14532,-26100,11569,0,17337,-31140,13802,0,0,0,0,1,0
1829,952083,18493,-25262,6769,0,22066,-30143,8077,0,0,0,0,1,0
1830,952604,21743,-23454,1710,0,25947,-27988,2041,0,0,0,0,1,0
1831,953125,24157,-20744,-3413,0,28831,-24758,-4073,0,0,0,0,1,0
1832,953645,25642,-17238,-8404,0,30607,-20576,-10031,0,0,0,0,1,0
1833,954166,26142,-13071,-13071,0,31207,-15603,-15603,0,0,0,0,1,0
1834,954687,25637,-8402,-17235,0,30607,-10031,-20576,0,0,0,0,1,0
1835,955208,24147,-3411,-20735,0,28831,-4073,-24758,0,0,0,0,1,0
1836,955729,21729,1709,-23438,0,25947,2041,-27988,0,0,0,0,1,0
1837,956250,18477,6763,-25240,0,22066,8077,-30143,0,0,0,0,1,0
1838,956770,14516,11556,-26072,0,17337,13802,-31140,0,0,0,0,1,0
1839,957291,9998,15904,-25901,0,11942,18997,-30940,0,0,0,0,1,0
1840,957812,5096,19639,-24736,0,6088,23462,-29551,0,0,0,0,1,0
1841,958333,0,22620,-22620,0,0,27026,-27026,0,0,0,0,1,0
1842,958854,-5095,24730,-19635,0,-6088,29551,-23462,0,0,0,0,1,0
1843,959375,-9993,25890,-15897,0,-11942,30940,-18997,0,0,0,0,1,0
1844,959895,-14506,26055,-11548,0,-17337,31140,-13802,0,0,0,0,1,0
1845,960416,-18461,25218,-6757,0,-22066,30143,-8077,0,0,0,0,1,0
1846,960937,-21705,23413,-1707,0,-25947,27988,-2041,0,0,0,0,1,0
1847,961458,-24115,20708,3407,0,-28831,24758,4073,0,0,0,0,1,0
1848,961979,-25598,17208,8389,0,-30607,20576,10031,0,0,0,0,1,0
1849,962500,-26096,13048,13048,0,-31207,15603,15603,0,0,0,0,1,0
1850,963020,-25592,8387,17205,0,-30607,10031,20576,0,0,0,0,1,0
1851,963541,-24104,3405,20699,0,-28831,4073,24758,0,0,0,0,1,0
1852,964062,-21691,-1706,23397,0,-25947,-2041,27988,0,0,0,0,1,0
1853,964583,-18445,-6751,25196,0,-22066,-8077,30143,0,0,0,0,1,0
1854,965104,-14490,-11536,26026,0,-17337,-13802,31140,0,0,0,0,1,0
1855,965625,-9980,-15876,25856,0,-11942,-18997,30940,0,0,0,0,1,0
1856,966145,-5087,-19605,24692,0,-6088,-23462,29551,0,0,0,0,1,0
1857,966666,0,-22580,22580,0,0,-27026,27026,0,0,0,0,1,0
1858,967187,5086,-24687,19601,0,6088,-29551,23462,0,0,0,0,1,0
1859,967708,9976,-25845,15869,0,11942,-30940,18997,0,0,0,0,1,0
1860,968229,14481,-26009,11528,0,17337,-31140,13802,0,0,0,0,1,0
1861,968750,18429,-25174,6745,0,22066,-30143,8077,0,0,0,0,1,0
1862,969270,21667,-23372,1704,0,25947,-27988,2041,0,0,0,0,1,0
1863,969791,24073,-20672,-3401,0,28831,-24758,-4073,0,0,0,0,1,0
1864,970312,25553,-17178,-8375,0,30607,-20576,-10031,0,0,0,0,1,0
1865,970833,26051,-13025,-13025,0,31207,-15603,-15603,0,0,0,0,1,0
1866,971354,25547,-8373,-17175,0,30607,-10031,-20576,0,0,0,0,1,0
1867,971875,24062,-3400,-20663,0,28831,-4073,-24758,0,0,0,0,1,0
1868,972395,21653,1703,-23356,0,25947,2041,-27988,0,0,0,0,1,0
1869,972916,18413,6739,-25152,0,22066,8077,-30143,0,0,0,0,1,0
1870,973437,14465,11516,-25981,0,17337,13802,-31140,0,0,0,0,1,0
1871,973958,9963,15848,-25811,0,11942,18997,-30940,0,0,0,0,1,0
1872,974479,5078,19571,-24649,0,6088,23462,-29551,0,0,0,0,1,0
1873,975000,0,22541,-22541,0,0,27026,-27026,0,0,0,0,1,0
1874,975520,-5077,24644,-19567,0,-6088,29551,-23462,0,0,0,0,1,0
1875,976041,-9958,25800,-15841,0,-11942,30940,-18997,0,0,0,0,1,0
1876,976562,-14456,25964,-11508,0,-17337,31140,-13802,0,0,0,0,1,0
1877,977083,-18397,25130,-6734,0,-22066,30143,-8077,0,0,0,0,1,0
1878,977604,-21630,23331,-1701,0,-25947,27988,-2041,0,0,0,0,1,0
1879,978125,-24031,20636,3395,0,-28831,24758,4073,0,0,0,0,1,0
1880,978645,-25508,17148,8360,0,-30607,20576,10031,0,0,0,0,1,0
1881,979166,-26005,13003,13003,0,-31207,15603,15603,0,0,0,0,1,0
1882,979687,-25503,8358,17145,0,-30607,10031,20576,0,0,0,0,1,0
1883,980208,-24021,3394,20627,0,-28831,4073,24758,0,0,0,0,1,0
1884,980729,-21616,-1700,23316,0,-25947,-2041,27988,0,0,0,0,1,0
1885,981250,-18381,-6728,25108,0,-22066,-8077,30143,0,0,0,0,1,0
1886,981770,-14440,-11496,25935,0,-17337,-13802,31140,0,0,0,0,1,0
1887,982291,-9945,-15821,25766,0,-11942,-18997,30940,0,0,0,0,1,0
1888,982812,-5070,-19537,24606,0,-6088,-23462,29551,0,0,0,0,1,0
1889,983333,0,-22502,22502,0,0,-27026,27026,0,0,0,0,1,0
1890,983854,5068,-24601,19533,0,6088,-29551,23462,0,0,0,0,1,0
1891,984375,9941,-25755,15814,0,11942,-30940,18997,0,0,0,0,1,0
1892,984895,14430,-25919,11488,0,17337,-31140,13802,0,0,0,0,1,0
1893,985416,18365,-25086,6722,0,22066,-30143,8077,0,0,0,0,1,0
1894,985937,21592,-23290,1698,0,25947,-27988,2041,0,0,0,0,1,0
1895,986458,23989,-20600,-3389,0,28831,-24758,-4073,0,0,0,0,1,0
1896,986979,25464,-17119,-8346,0,30607,-20576,-10031,0,0,0,0,1,0
1897,987500,25960,-12980,-12980,0,31207,-15603,-15603,0,0,0,0,1,0
1898,988020,25459,-8344,-17115,0,30607,-10031,-20576,0,0,0,0,1,0
1899,988541,23979,-3388,-20591,0,28831,-4073,-24758,0,0,0,0,1,0
1900,989062,21578,1697,-23275,0,25947,2041,-27988,0,0,0,0,1,0
1901,989583,18349,6716,-25065,0,22066,8077,-30143,0,0,0,0,1,0
1902,990104,14415,11476,-25890,0,17337,13802,-31140,0,0,0,0,1,0
1903,990625,9928,15793,-25721,0,11942,18997,-30940,0,0,0,0,1,0
1904,991145,5061,19503,-24564,0,6088,23462,-29551,0,0,0,0,1,0
1905,991666,0,22463,-22463,0,0,27026,-27026,0,0,0,0,1,0
1906,992187,-5060,24558,-19499,0,-6088,29551,-23462,0,0,0,0,1,0
1907,992708,-9924,25710,-15786,0,-11942,30940,-18997,0,0,0,0,1,0
1908,993229,-14405,25874,-11468,0,-17337,31140,-13802,0,0,0,0,1,0
1909,993750,-18333,25043,-6710,0,-22066,30143,-8077,0,0,0,0,1,0
1910,994270,-21555,23250,-1695,0,-25947,27988,-2041,0,0,0,0,1,0
1911,994791,-23948,20564,3383,0,-28831,24758,4073,0,0,0,0,1,0
1912,995312,-25420,17089,8331,0,-30607,20576,10031,0,0,0,0,1,0
1913,995833,-25915,12958,12958,0,-31207,15603,15603,0,0,0,0,1,0
1914,996354,-25414,8329,17085,0,-30607,10031,20576,0,0,0,0,1,0
1915,996875,-23937,3382,20555,0,-28831,4073,24758,0,0,0,0,1,0
1916,997395,-21541,-1694,23235,0,-25947,-2041,27988,0,0,0,0,1,0
1917,997916,-18317,-6704,25021,0,-22066,-8077,30143,0,0,0,0,1,0
1918,998437,-14390,-11456,25846,0,-17337,-13802,31140,0,0,0,0,1,0
1919,998958,-9911,-15766,25677,0,-11942,-18997,30940,0,0,0,0,1,0
1920,999479,-5052,-19469,24521,0,-6088,-23462,29551,0,0,0,0,1,0
1921,1000000,0,-22424,22424,0,0,-27026,27026,0,0,0,0,1,0
1922,1000520,5051,-24516,19465,0,6088,-29551,23462,0,0,0,0,1,0
1923,1001041,9907,-25666,15759,0,11942,-30940,18997,0,0,0,0,1,0
1924,1001562,14380,-25829,11448,0,17337,-31140,13802,0,0,0,0,1,0
1925,1002083,18301,-24999,6699,0,22066,-30143,8077,0,0,0,0,1,0
1926,1002604,21517,-23210,1693,0,25947,-27988,2041,0,0,0,0,1,0
1927,1003125,23906,-20529,-3377,0,28831,-24758,-4073,0,0,0,0,1,0
1928,1003645,25376,-17059,-8317,0,30607,-20576,-10031,0,0,0,0,1,0
1929,1004166,25870,-12935,-12935,0,31207,-15603,-15603,0,0,0,0,1,0
1930,1004687,25370,-8315,-17056,0,30607,-10031,-20576,0,0,0,0,1,0
1931,1005208,23896,-3376,-20520,0,28831,-4073,-24758,0,0,0,0,1,0
1932,1005729,21503,1691,-23195,0,25947,2041,-27988,0,0,0,0,1,0
1933,1006250,18285,6693,-24978,0,22066,8077,-30143,0,0,0,0,1,0
1934,1006770,14365,11436,-25801,0,17337,13802,-31140,0,0,0,0,1,0
1935,1007291,9894,15739,-25632,0,11942,18997,-30940,0,0,0,0,1,0
1936,1007812,5043,19435,-24479,0,6088,23462,-29551,0,0,0,0,1,0
1937,1008333,0,22385,-22385,0,0,27026,-27026,0,0,0,0,1,0
1938,1008854,-5042,24473,-19431,0,-6088,29551,-23462,0,0,0,0,1,0
1939,1009374,-9889,25621,-15732,0,-11942,30940,-18997,0,0,0,0,1,0
1940,1009895,-14356,25784,-11428,0,-17337,31140,-13802,0,0,0,0,1,0
1941,1010416,-18269,24956,-6687,0,-22066,30143,-8077,0,0,0,0,1,0
1942,1010937,-21480,23170,-1690,0,-25947,27988,-2041,0,0,0,0,1,0
1943,1011458,-23865,20493,3372,0,-28831,24758,4073,0,0,0,0,1,0
1944,1011979,-25332,17030,8302,0,-30607,20576,10031,0,0,0,0,1,0
1945,1012500,-25825,12913,12913,0,-31207,15603,15603,0,0,0,0,1,0
1946,1013020,-25326,8300,17026,0,-30607,10031,20576,0,0,0,0,1,0
1947,1013541,-23854,3370,20484,0,-28831,4073,24758,0,0,0,0,1,0
1948,1014062,-21466,-1689,23155,0,-25947,-2041,27988,0,0,0,0,1,0
1949,1014583,-18253,-6681,24935,0,-22066,-8077,30143,0,0,0,0,1,0
1950,1015104,-14340,-11416,25756,0,-17337,-13802,31140,0,0,0,0,1,0
1951,1015625,-9877,-15711,25588,0,-11942,-18997,30940,0,0,0,0,1,0
1952,1016145,-5034,-19402,24436,0,-6088,-23462,29551,0,0,0,0,1,0
1953,1016666,0,-22346,22346,0,0,-27026,27026,0,0,0,0,1,0
1954,1017187,5033,-24431,19398,0,6088,-29551,23462,0,0,0,0,1,0
1955,1017708,9872,-25577,15705,0,11942,-30940,18997,0,0,0,0,1,0
1956,1018229,14331,-25740,11409,0,17337,-31140,13802,0,0,0,0,1,0
1957,1018750,18238,-24913,6675,0,22066,-30143,8077,0,0,0,0,1,0
1958,1019270,21443,-23130,1687,0,25947,-27988,2041,0,0,0,0,1,0
1959,1019791,23824,-20458,-3366,0,28831,-24758,-4073,0,0,0,0,1,0
1960,1020312,25288,-17000,-8288,0,30607,-20576,-10031,0,0,0,0,1,0
1961,1020833,25781,-12890,-12890,0,31207,-15603,-15603,0,0,0,0,1,0
1962,1021354,25283,-8286,-16997,0,30607,-10031,-20576,0,0,0,0,1,0
1963,1021875,23813,-3364,-20449,0,28831,-4073,-24758,0,0,0,0,1,0
1964,1022395,21429,1686,-23115,0,25947,2041,-27988,0,0,0,0,1,0
1965,1022916,18222,6670,-24892,0,22066,8077,-30143,0,0,0,0,1,0
1966,1023437,14315,11396,-25712,0,17337,13802,-31140,0,0,0,0,1,0
1967,1023958,9860,15684,-25544,0,11942,18997,-30940,0,0,0,0,1,0
1968,1024479,5026,19368,-24394,0,6088,23462,-29551,0,0,0,0,1,0
1969,1024999,0,22308,-22308,0,0,27026,-27026,0,0,0,0,1,0
1970,1025520,-5025,24389,-19364,0,-6088,29551,-23462,0,0,0,0,1,0
1971,1026041,-9855,25533,-15678,0,-11942,30940,-18997,0,0,0,0,1,0
1972,1026562,-14306,25695,-11389,0,-17337,31140,-13802,0,0,0,0,1,0
1973,1027083,-18206,24870,-6664,0,-22066,30143,-8077,0,0,0,0,1,0
1974,1027604,-21406,23090,-1684,0,-25947,27988,-2041,0,0,0,0,1,0
1975,1028125,-23783,20423,3360,0,-28831,24758,4073,0,0,0,0,1,0
1976,1028645,-25245,16971,8274,0,-30607,20576,10031,0,0,0,0,1,0
1977,1029166,-25736,12868,12868,0,-31207,15603,15603,0,0,0,0,1,0
1978,1029687,-25239,8272,16967,0,-30607,10031,20576,0,0,0,0,1,0
1979,1030208,-23772,3359,20414,0,-28831,4073,24758,0,0,0,0,1,0
1980,1030729,-21392,-1683,23075,0,-25947,-2041,27988,0,0,0,0,1,0
1981,1031250,-18191,-6658,24849,0,-22066,-8077,30143,0,0,0,0,1,0
1982,1031770,-14291,-11377,25668,0,-17337,-13802,31140,0,0,0,0,1,0
1983,1032291,-9843,-15657,25500,0,-11942,-18997,30940,0,0,0,0,1,0
1984,1032812,-5017,-19335,24352,0,-6088,-23462,29551,0,0,0,0,1,0
1985,1033333,0,-22269,22269,0,0,-27026,27026,0,0,0,0,1,0
1986,1033854,5016,-24347,19331,0,6088,-29551,23462,0,0,0,0,1,0
1987,1034375,9838,-25489,15651,0,11942,-30940,18997,0,0,0,0,1,0
1988,1034895,14282,-25651,11369,0,17337,-31140,13802,0,0,0,0,1,0
1989,1035416,18175,-24827,6653,0,22066,-30143,8077,0,0,0,0,1,0
1990,1035937,21369,-23050,1681,0,25947,-27988,2041,0,0,0,0,1,0
1991,1036458,23742,-20387,-3354,0,28831,-24758,-4073,0,0,0,0,1,0
1992,1036979,25201,-16942,-8259,0,30607,-20576,-10031,0,0,0,0,1,0
1993,1037500,25692,-12846,-12846,0,31207,-15603,-15603,0,0,0,0,1,0
1994,1038020,25196,-8258,-16938,0,30607,-10031,-20576,0,0,0,0,1,0
1995,1038541,23731,-3353,-20379,0,28831,-4073,-24758,0,0,0,0,1,0
1996,1039062,21355,1680,-23035,0,25947,2041,-27988,0,0,0,0,1,0
1997,1039583,18159,6647,-24806,0,22066,8077,-30143,0,0,0,0,1,0
1998,1040104,14266,11357,-25623,0,17337,13802,-31140,0,0,0,0,1,0
1999,1040624,9826,15630,-25456,0,11942,18997,-30940,0,0,0,0,1,0
2000,1041145,5009,19302,-24310,0,6088,23462,-29551,0,0,0,0,1,0
2001,1041666,0,22231,-22231,0,0,27026,-27026,0,0,0,0,1,0
2002,1042187,-5007,24305,-19298,0,-6088,29551,-23462,0,0,0,0,1,0
2003,1042708,-9821,25445,-15624,0,-11942,30940,-18997,0,0,0,0,1,0
2004,1043229,-14257,25607,-11350,0,-17337,31140,-13802,0,0,0,0,1,0
2005,1043750,-18144,24785,-6641,0,-22066,30143,-8077,0,0,0,0,1,0
2006,1044270,-21333,23011,-1678,0,-25947,27988,-2041,0,0,0,0,1,0
2007,1044791,-23701,20352,3348,0,-28831,24758,4073,0,0,0,0,1,0
2008,1045312,-25158,16913,8245,0,-30607,20576,10031,0,0,0,0,1,0
2009,1045833,-25648,12824,12824,0,-31207,15603,15603,0,0,0,0,1,0
2010,1046354,-25153,8243,16909,0,-30607,10031,20576,0,0,0,0,1,0
2011,1046875,-23691,3347,20344,0,-28831,4073,24758,0,0,0,0,1,0
2012,1047395,-21319,-1677,22996,0,-25947,-2041,27988,0,0,0,0,1,0
2013,1047916,-18128,-6635,24764,0,-22066,-8077,30143,0,0,0,0,1,0
2014,1048437,-14242,-11338,25580,0,-17337,-13802,31140,0,0,0,0,1,0
2015,1048958,-9809,-15604,25412,0,-11942,-18997,30940,0,0,0,0,1,0
2016,1049479,-5000,-19269,24269,0,-6088,-23462,29551,0,0,0,0,1,0
2017,1050000,0,-22193,22193,0,0,-27026,27026,0,0,0,0,1,0
2018,1050520,4999,-24264,19265,0,6088,-29551,23462,0,0,0,0,1,0
2019,1051041,9805,-25402,15597,0,11942,-30940,18997,0,0,0,0,1,0
2020,1051562,14233,-25563,11331,0,17337,-31140,13802,0,0,0,0,1,0
2021,1052083,18113,-24742,6630,0,22066,-30143,8077,0,0,0,0,1,0
2022,1052604,21296,-22971,1675,0,25947,-27988,2041,0,0,0,0,1,0
2023,1053125,23660,-20318,-3343,0,28831,-24758,-4073,0,0,0,0,1,0
2024,1053645,25115,-16884,-8231,0,30607,-20576,-10031,0,0,0,0,1,0
2025,1054166,25604,-12802,-12802,0,31207,-15603,-15603,0,0,0,0,1,0
2026,1054687,25110,-8229,-16880,0,30607,-10031,-20576,0,0,0,0,1,0
2027,1055208,23650,-3341,-20309,0,28831,-4073,-24758,0,0,0,0,1,0
2028,1055729,21282,1674,-22956,0,25947,2041,-27988,0,0,0,0,1,0
2029,1056250,18097,6624,-24721,0,22066,8077,-30143,0,0,0,0,1,0
2030,1056770,14217,11318,-25536,0,17337,13802,-31140,0,0,0,0,1,0
2031,1057291,9792,15577,-25369,0,11942,18997,-30940,0,0,0,0,1,0
2032,1057812,4991,19236,-24227,0,6088,23462,-29551,0,0,0,0,1,0
2033,1058333,0,22155,-22155,0,0,27026,-27026,0,0,0,0,1,0
2034,1058854,-4990,24222,-19232,0,-6088,29551,-23462,0,0,0,0,1,0
2035,1059375,-9788,25358,-15570,0,-11942,30940,-18997,0,0,0,0,1,0
2036,1059895,-14208,25519,-11311,0,-17337,31140,-13802,0,0,0,0,1,0
2037,1060416,-18082,24700,-6618,0,-22066,30143,-8077,0,0,0,0,1,0
2038,1060937,-21260,22932,-1672,0,-25947,27988,-2041,0,0,0,0,1,0
2039,1061458,-23620,20283,3337,0,-28831,24758,4073,0,0,0,0,1,0
2040,1061979,-25072,16855,8217,0,-30607,20576,10031,0,0,0,0,1,0
2041,1062500,-25561,12780,12780,0,-31207,15603,15603,0,0,0,0,1,0
2042,1063020,-25067,8215,16851,0,-30607,10031,20576,0,0,0,0,1,0
2043,1063541,-23610,3336,20274,0,-28831,4073,24758,0,0,0,0,1,0
2044,1064062,-21246,-1671,22917,0,-25947,-2041,27988,0,0,0,0,1,0
2045,1064583,-18066,-6613,24679,0,-22066,-8077,30143,0,0,0,0,1,0
2046,1065104,-14193,-11299,25492,0,-17337,-13802,31140,0,0,0,0,1,0
2047,1065625,-9775,-15550,25326,0,-11942,-18997,30940,0,0,0,0,1,0
2048,1066145,-4983,-19203,24186,0,-6088,-23462,29551,0,0,0,0,1,0
2049,1066666,0,-22117,22117,0,0,-27026,27026,0,0,0,0,1,0
2050,1067187,4982,-24181,19199,0,6088,-29551,23462,0,0,0,0,1,0
2051,1067708,9771,-25315,15544,0,11942,-30940,18997,0,0,0,0,1,0
2052,1068229,14184,-25476,11292,0,17337,-31140,13802,0,0,0,0,1,0
2053,1068750,18051,-24658,6607,0,22066,-30143,8077,0,0,0,0,1,0
2054,1069270,21223,-22893,1669,0,25947,-27988,2041,0,0,0,0,1,0
2055,1069791,23580,-20248,-3331,0,28831,-24758,-4073,0,0,0,0,1,0
2056,1070312,25029,-16826,-8203,0,30607,-20576,-10031,0,0,0,0,1,0
2057,1070833,25517,-12758,-12758,0,31207,-15603,-15603,0,0,0,0,1,0
2058,1071354,25024,-8201,-16823,0,30607,-10031,-20576,0,0,0,0,1,0
2059,1071875,23570,-3330,-20240,0,28831,-4073,-24758,0,0,0,0,1,0
2060,1072395,21210,1668,-22878,0,25947,2041,-27988,0,0,0,0,1,0
2061,1072916,18035,6601,-24637,0,22066,8077,-30143,0,0,0,0,1,0
2062,1073437,14169,11280,-25449,0,17337,13802,-31140,0,0,0,0,1,0
2063,1073958,9759,15524,-25282,0,11942,18997,-30940,0,0,0,0,1,0
2064,1074479,4974,19170,-24145,0,6088,23462,-29551,0,0,0,0,1,0
2065,1075000,0,22079,-22079,0,0,27026,-27026,0,0,0,0,1,0
2066,1075520,-4973,24140,-19166,0,-6088,29551,-23462,0,0,0,0,1,0
2067,1076041,-9754,25272,-15517,0,-11942,30940,-18997,0,0,0,0,1,0
2068,1076562,-14160,25432,-11273,0,-17337,31140,-13802,0,0,0,0,1,0
2069,1077083,-18020,24616,-6596,0,-22066,30143,-8077,0,0,0,0,1,0
2070,1077604,-21187,22854,-1667,0,-25947,27988,-2041,0,0,0,0,1,0
2071,1078125,-23539,20214,3326,0,-28831,24758,4073,0,0,0,0,1,0
2072,1078645,-24987,16798,8189,0,-30607,20576,10031,0,0,0,0,1,0
2073,1079166,-25473,12737,12737,0,-31207,15603,15603,0,0,0,0,1,0
2074,1079687,-24981,8187,16794,0,-30607,10031,20576,0,0,0,0,1,0
2075,1080208,-23529,3324,20205,0,-28831,4073,24758,0,0,0,0,1,0
2076,1080729,-21174,-1666,22839,0,-25947,-2041,27988,0,0,0,0,1,0
2077,1081250,-18005,-6590,24595,0,-22066,-8077,30143,0,0,0,0,1,0
2078,1081770,-14145,-11261,25405,0,-17337,-13802,31140,0,0,0,0,1,0
2079,1082291,-9742,-15497,25239,0,-11942,-18997,30940,0,0,0,0,1,0
2080,1082812,-4966,-19138,24104,0,-6088,-23462,29551,0,0,0,0,1,0
2081,1083333,0,-22042,22042,0,0,-27026,27026,0,0,0,0,1,0
2082,1083854,4965,-24099,19134,0,6088,-29551,23462,0,0,0,0,1,0
2083,1084375,9738,-25229,15491,0,11942,-30940,18997,0,0,0,0,1,0
2084,1084895,14136,-25389,11253,0,17337,-31140,13802,0,0,0,0,1,0
2085,1085416,17989,-24574,6585,0,22066,-30143,8077,0,0,0,0,1,0
2086,1085937,21151,-22815,1664,0,25947,-27988,2041,0,0,0,0,1,0
2087,1086458,23499,-20179,-3320,0,28831,-24758,-4073,0,0,0,0,1,0
2088,1086979,24944,-16769,-8175,0,30607,-20576,-10031,0,0,0,0,1,0
2089,1087500,25430,-12715,-12715,0,31207,-15603,-15603,0,0,0,0,1,0
2090,1088020,24939,-8173,-16766,0,30607,-10031,-20576,0,0,0,0,1,0
2091,1088541,23489,-3319,-20171,0,28831,-4073,-24758,0,0,0,0,1,0
2092,1089062,21138,1663,-22800,0,25947,2041,-27988,0,0,0,0,1,0
2093,1089583,17974,6579,-24553,0,22066,8077,-30143,0,0,0,0,1,0
2094,1090104,14121,11242,-25362,0,17337,13802,-31140,0,0,0,0,1,0
2095,1090625,9726,15471,-25197,0,11942,18997,-30940,0,0,0,0,1,0
2096,1091145,4957,19105,-24063,0,6088,23462,-29551,0,0,0,0,1,0
2097,1091666,0,22004,-22004,0,0,27026,-27026,0,0,0,0,1,0
2098,1092187,-4956,24058,-19101,0,-6088,29551,-23462,0,0,0,0,1,0
2099,1092708,-9721,25186,-15464,0,-11942,30940,-18997,0,0,0,0,1,0
2100,1093229,-14112,25346,-11234,0,-17337,31140,-13802,0,0,0,0,1,0
2101,1093750,-17959,24532,-6573,0,-22066,30143,-8077,0,0,0,0,1,0
2102,1094270,-21115,22776,-1661,0,-25947,27988,-2041,0,0,0,0,1,0
2103,1094791,-23460,20145,3314,0,-28831,24758,4073,0,0,0,0,1,0
2104,1095312,-24902,16741,8161,0,-30607,20576,10031,0,0,0,0,1,0
2105,1095833,-25387,12694,12694,0,-31207,15603,15603,0,0,0,0,1,0
2106,1096354,-24897,8160,16737,0,-30607,10031,20576,0,0,0,0,1,0
2107,1096875,-23450,3313,20137,0,-28831,4073,24758,0,0,0,0,1,0
2108,1097395,-21102,-1660,22762,0,-25947,-2041,27988,0,0,0,0,1,0
2109,1097916,-17944,-6568,24512,0,-22066,-8077,30143,0,0,0,0,1,0
2110,1098437,-14097,-11222,25319,0,-17337,-13802,31140,0,0,0,0,1,0
2111,1098958,-9709,-15445,25154,0,-11942,-18997,30940,0,0,0,0,1,0
2112,1099479,-4949,-19073,24022,0,-6088,-23462,29551,0,0,0,0,1,0
2113,1100000,0,-21967,21967,0,0,-27026,27026,0,0,0,0,1,0
2114,1100520,4948,-24017,19069,0,6088,-29551,23462,0,0,0,0,1,0
2115,1101041,9705,-25143,15438,0,11942,-30940,18997,0,0,0,0,1,0
2116,1101562,14088,-25303,11215,0,17337,-31140,13802,0,0,0,0,1,0
2117,1102083,17929,-24491,6562,0,22066,-30143,8077,0,0,0,0,1,0
2118,1102604,21080,-22738,1658,0,25947,-27988,2041,0,0,0,0,1,0
2119,1103125,23420,-20111,-3309,0,28831,-24758,-4073,0,0,0,0,1,0
2120,1103645,24860,-16712,-8147,0,30607,-20576,-10031,0,0,0,0,1,0
2121,1104166,25344,-12672,-12672,0,31207,-15603,-15603,0,0,0,0,1,0
2122,1104687,24854,-8146,-16709,0,30607,-10031,-20576,0,0,0,0,1,0
2123,1105208,23410,-3307,-20103,0,28831,-4073,-24758,0,0,0,0,1,0
2124,1105729,21066,1657,-22723,0,25947,2041,-27988,0,0,0,0,1,0
2125,1106250,17913,6557,-24470,0,22066,8077,-30143,0,0,0,0,1,0
2126,1106770,14073,11203,-25276,0,17337,13802,-31140,0,0,0,0,1,0
2127,1107291,9693,15419,-25111,0,11942,18997,-30940,0,0,0,0,1,0
2128,1107812,4941,19041,-23981,0,6088,23462,-29551,0,0,0,0,1,0
2129,1108333,0,21930,-21930,0,0,27026,-27026,0,0,0,0,1,0
2130,1108854,-4940,23976,-19037,0,-6088,29551,-23462,0,0,0,0,1,0
2131,1109375,-9689,25101,-15412,0,-11942,30940,-18997,0,0,0,0,1,0
2132,1109895,-14064,25260,-11196,0,-17337,31140,-13802,0,0,0,0,1,0
2133,1110416,-17898,24449,-6551,0,-22066,30143,-8077,0,0,0,0,1,0
2134,1110937,-21044,22699,-1655,0,-25947,27988,-2041,0,0,0,0,1,0
2135,1111458,-23380,20077,3303,0,-28831,24758,4073,0,0,0,0,1,0
2136,1111979,-24818,16684,8134,0,-30607,20576,10031,0,0,0,0,1,0
2137,1112500,-25301,12651,12651,0,-31207,15603,15603,0,0,0,0,1,0
2138,1113020,-24812,8132,16681,0,-30607,10031,20576,0,0,0,0,1,0
2139,1113541,-23370,3302,20069,0,-28831,4073,24758,0,0,0,0,1,0
2140,1114062,-21031,-1654,22685,0,-25947,-2041,27988,0,0,0,0,1,0
2141,1114583,-17883,-6546,24429,0,-22066,-8077,30143,0,0,0,0,1,0
2142,1115104,-14049,-11185,25234,0,-17337,-13802,31140,0,0,0,0,1,0
2143,1115625,-9676,-15393,25069,0,-11942,-18997,30940,0,0,0,0,1,0
2144,1116145,-4932,-19008,23941,0,-6088,-23462,29551,0,0,0,0,1,0
2145,1116666,0,-21893,21893,0,0,-27026,27026,0,0,0,0,1,0
2146,1117187,4931,-23936,19004,0,6088,-29551,23462,0,0,0,0,1,0
2147,1117708,9672,-25058,15386,0,11942,-30940,18997,0,0,0,0,1,0
2148,1118229,14040,-25218,11177,0,17337,-31140,13802,0,0,0,0,1,0
2149,1118750,17868,-24408,6540,0,22066,-30143,8077,0,0,0,0,1,0
2150,1119270,21008,-22661,1653,0,25947,-27988,2041,0,0,0,0,1,0
2151,1119791,23341,-20043,-3298,0,28831,-24758,-4073,0,0,0,0,1,0
2152,1120312,24776,-16656,-8120,0,30607,-20576,-10031,0,0,0,0,1,0
2153,1120833,25259,-12629,-12629,0,31207,-15603,-15603,0,0,0,0,1,0
2154,1121354,24771,-8118,-16652,0,30607,-10031,-20576,0,0,0,0,1,0
2155,1121875,23331,-3296,-20035,0,28831,-4073,-24758,0,0,0,0,1,0
2156,1122395,20995,1651,-22647,0,25947,2041,-27988,0,0,0,0,1,0
2157,1122916,17853,6535,-24388,0,22066,8077,-30143,0,0,0,0,1,0
2158,1123437,14026,11166,-25191,0,17337,13802,-31140,0,0,0,0,1,0
2159,1123958,9660,15367,-25027,0,11942,18997,-30940,0,0,0,0,1,0
2160,1124479,4924,18976,-23901,0,6088,23462,-29551,0,0,0,0,1,0
2161,1125000,0,21856,-21856,0,0,27026,-27026,0,0,0,0,1,0
2162,1125520,-4923,23895,-18972,0,-6088,29551,-23462,0,0,0,0,1,0
2163,1126041,-9656,25016,-15360,0,-11942,30940,-18997,0,0,0,0,1,0
2164,1126562,-14017,25175,-11159,0,-17337,31140,-13802,0,0,0,0,1,0
2165,1127083,-17838,24367,-6529,0,-22066,30143,-8077,0,0,0,0,1,0
2166,1127604,-20973,22623,-1650,0,-25947,27988,-2041,0,0,0,0,1,0
2167,1128125,-23302,20009,3292,0,-28831,24758,4073,0,0,0,0,1,0
2168,1128645,-24734,16628,8106,0,-30607,20576,10031,0,0,0,0,1,0
2169,1129166,-25216,12608,12608,0,-31207,15603,15603,0,0,0,0,1,0
2170,1129687,-24729,8105,16624,0,-30607,10031,20576,0,0,0,0,1,0
2171,1130208,-23292,3291,20001,0,-28831,4073,24758,0,0,0,0,1,0
2172,1130729,-20960,-1649,22609,0,-25947,-2041,27988,0,0,0,0,1,0
2173,1131250,-17823,-6524,24347,0,-22066,-8077,30143,0,0,0,0,1,0
2174,1131770,-14002,-11147,25149,0,-17337,-13802,31140,0,0,0,0,1,0
2175,1132291,-9644,-15341,24985,0,-11942,-18997,30940,0,0,0,0,1,0
2176,1132812,-4916,-18945,23860,0,-6088,-23462,29551,0,0,0,0,1,0
2177,1133333,0,-21819,21819,0,0,-27026,27026,0,0,0,0,1,0
2178,1133854,4915,-23855,18941,0,6088,-29551,23462,0,0,0,0,1,0
2179,1134375,9640,-24974,15334,0,11942,-30940,18997,0,0,0,0,1,0
2180,1134895,13993,-25133,11140,0,17337,-31140,13802,0,0,0,0,1,0
2181,1135416,17808,-24326,6518,0,22066,-30143,8077,0,0,0,0,1,0
2182,1135937,20938,-22585,1647,0,25947,-27988,2041,0,0,0,0,1,0
2183,1136458,23262,-19976,-3287,0,28831,-24758,-4073,0,0,0,0,1,0
2184,1136979,24693,-16600,-8093,0,30607,-20576,-10031,0,0,0,0,1,0
2185,1137500,25174,-12587,-12587,0,31207,-15603,-15603,0,0,0,0,1,0
2186,1138020,24687,-8091,-16596,0,30607,-10031,-20576,0,0,0,0,1,0
2187,1138541,23253,-3285,-19967,0,28831,-4073,-24758,0,0,0,0,1,0
2188,1139062,20925,1646,-22571,0,25947,2041,-27988,0,0,0,0,1,0
2189,1139583,17793,6513,-24306,0,22066,8077,-30143,0,0,0,0,1,0
2190,1140104,13978,11128,-25107,0,17337,13802,-31140,0,0,0,0,1,0
2191,1140625,9628,15315,-24943,0,11942,18997,-30940,0,0,0,0,1,0
2192,1141145,4908,18913,-23820,0,6088,23462,-29551,0,0,0,0,1,0
2193,1141666,0,21783,-21783,0,0,27026,-27026,0,0,0,0,1,0
2194,1142187,-4907,23815,-18909,0,-6088,29551,-23462,0,0,0,0,1,0
2195,1142708,-9623,24932,-15309,0,-11942,30940,-18997,0,0,0,0,1,0
2196,1143229,-13970,25091,-11121,0,-17337,31140,-13802,0,0,0,0,1,0
2197,1143750,-17778,24285,-6507,0,-22066,30143,-8077,0,0,0,0,1,0
2198,1144270,-20903,22547,-1644,0,-25947,27988,-2041,0,0,0,0,1,0
2199,1144791,-23223,19942,3281,0,-28831,24758,4073,0,0,0,0,1,0
2200,1145312,-24651,16572,8079,0,-30607,20576,10031,0,0,0,0,1,0
2201,1145833,-25132,12566,12566,0,-31207,15603,15603,0,0,0,0,1,0
2202,1146354,-24646,8077,16569,0,-30607,10031,20576,0,0,0,0,1,0
2203,1146875,-23214,3280,19934,0,-28831,4073,24758,0,0,0,0,1,0
2204,1147395,-20890,-1643,22533,0,-25947,-2041,27988,0,0,0,0,1,0
2205,1147916,-17763,-6502,24265,0,-22066,-8077,30143,0,0,0,0,1,0
2206,1148437,-13955,-11110,25065,0,-17337,-13802,31140,0,0,0,0,1,0
2207,1148958,-9611,-15290,24901,0,-11942,-18997,30940,0,0,0,0,1,0
2208,1149479,-4899,-18881,23780,0,-6088,-23462,29551,0,0,0,0,1,0
2209,1150000,0,-21746,21746,0,0,-27026,27026,0,0,0,0,1,0
2210,1150520,4898,-23775,18877,0,6088,-29551,23462,0,0,0,0,1,0
2211,1151041,9607,-24890,15283,0,11942,-30940,18997,0,0,0,0,1,0
2212,1151562,13946,-25049,11103,0,17337,-31140,13802,0,0,0,0,1,0
2213,1152083,17748,-24245,6496,0,22066,-30143,8077,0,0,0,0,1,0
2214,1152604,20868,-22509,1641,0,25947,-27988,2041,0,0,0,0,1,0
2215,1153125,23185,-19909,-3276,0,28831,-24758,-4073,0,0,0,0,1,0
2216,1153645,24610,-16544,-8066,0,30607,-20576,-10031,0,0,0,0,1,0
2217,1154166,25090,-12545,-12545,0,31207,-15603,-15603,0,0,0,0,1,0
2218,1154687,24605,-8064,-16541,0,30607,-10031,-20576,0,0,0,0,1,0
2219,1155208,23175,-3274,-19901,0,28831,-4073,-24758,0,0,0,0,1,0
2220,1155729,20855,1640,-22495,0,25947,2041,-27988,0,0,0,0,1,0
2221,1156250,17734,6491,-24224,0,22066,8077,-30143,0,0,0,0,1,0
2222,1156770,13932,11091,-25023,0,17337,13802,-31140,0,0,0,0,1,0
2223,1157291,9595,15264,-24859,0,11942,18997,-30940,0,0,0,0,1,0
2224,1157812,4891,18850,-23741,0,6088,23462,-29551,0,0,0,0,1,0
2225,1158333,0,21710,-21710,0,0,27026,-27026,0,0,0,0,1,0
2226,1158854,-4890,23736,-18846,0,-6088,29551,-23462,0,0,0,0,1,0
2227,1159375,-9591,24849,-15258,0,-11942,30940,-18997,0,0,0,0,1,0
2228,1159895,-13923,25007,-11084,0,-17337,31140,-13802,0,0,0,0,1,0
2229,1160416,-17719,24204,-6486,0,-22066,30143,-8077,0,0,0,0,1,0
2230,1160937,-20833,22472,-1639,0,-25947,27988,-2041,0,0,0,0,1,0
2231,1161458,-23146,19876,3270,0,-28831,24758,4073,0,0,0,0,1,0
2232,1161979,-24569,16517,8052,0,-30607,20576,10031,0,0,0,0,1,0
2233,1162500,-25048,12524,12524,0,-31207,15603,15603,0,0,0,0,1,0
2234,1163020,-24564,8050,16513,0,-30607,10031,20576,0,0,0,0,1,0
2235,1163541,-23136,3269,19867,0,-28831,4073,24758,0,0,0,0,1,0
2236,1164062,-20820,-1638,22458,0,-25947,-2041,27988,0,0,0,0,1,0
2237,1164583,-17704,-6480,24184,0,-22066,-8077,30143,0,0,0,0,1,0
2238,1165104,-13908,-11073,24981,0,-17337,-13802,31140,0,0,0,0,1,0
2239,1165625,-9579,-15238,24818,0,-11942,-18997,30940,0,0,0,0,1,0
2240,1166145,-4883,-18818,23701,0,-6088,-23462,29551,0,0,0,0,1,0
2241,1166666,0,-21674,21674,0,0,-27026,27026,0,0,0,0,1,0
2242,1167187,4882,-23696,18814,0,6088,-29551,23462,0,0,0,0,1,0
2243,1167708,9575,-24807,15232,0,11942,-30940,18997,0,0,0,0,1,0
2244,1168229,13900,-24965,11066,0,17337,-31140,13802,0,0,0,0,1,0
2245,1168750,17689,-24164,6475,0,22066,-30143,8077,0,0,0,0,1,0
2246,1169270,20798,-22434,1636,0,25947,-27988,2041,0,0,0,0,1,0
2247,1169791,23107,-19843,-3265,0,28831,-24758,-4073,0,0,0,0,1,0
2248,1170312,24528,-16489,-8039,0,30607,-20576,-10031,0,0,0,0,1,0
2249,1170833,25006,-12503,-12503,0,31207,-15603,-15603,0,0,0,0,1,0
2250,1171354,24523,-8037,-16486,0,30607,-10031,-20576,0,0,0,0,1,0
2251,1171875,23098,-3263,-19834,0,28831,-4073,-24758,0,0,0,0,1,0
2252,1172395,20785,1635,-22420,0,25947,2041,-27988,0,0,0,0,1,0
2253,1172916,17674,6469,-24144,0,22066,8077,-30143,0,0,0,0,1,0
2254,1173437,13885,11054,-24939,0,17337,13802,-31140,0,0,0,0,1,0
2255,1173958,9563,15213,-24776,0,11942,18997,-30940,0,0,0,0,1,0
2256,1174479,4875,18787,-23662,0,6088,23462,-29551,0,0,0,0,1,0
2257,1175000,0,21638,-21638,0,0,27026,-27026,0,0,0,0,1,0
2258,1175520,-4874,23657,-18783,0,-6088,29551,-23462,0,0,0,0,1,0
2259,1176041,-9559,24766,-15207,0,-11942,30940,-18997,0,0,0,0,1,0
2260,1176562,-13877,24924,-11047,0,-17337,31140,-13802,0,0,0,0,1,0
2261,1177083,-17660,24124,-6464,0,-22066,30143,-8077,0,0,0,0,1,0
2262,1177604,-20764,22397,-1633,0,-25947,27988,-2041,0,0,0,0,1,0
2263,1178125,-23069,19810,3259,0,-28831,24758,4073,0,0,0,0,1,0
2264,1178645,-24487,16462,8025,0,-30607,20576,10031,0,0,0,0,1,0
2265,1179166,-24964,12482,12482,0,-31207,15603,15603,0,0,0,0,1,0
2266,1179687,-24482,8024,16458,0,-30607,10031,20576,0,0,0,0,1,0
2267,1180208,-23059,3258,19801,0,-28831,4073,24758,0,0,0,0,1,0
2268,1180729,-20751,-1632,22383,0,-25947,-2041,27988,0,0,0,0,1,0
2269,1181250,-17645,-6459,24104,0,-22066,-8077,30143,0,0,0,0,1,0
2270,1181770,-13862,-11036,24898,0,-17337,-13802,31140,0,0,0,0,1,0
2271,1182291,-9547,-15188,24735,0,-11942,-18997,30940,0,0,0,0,1,0
2272,1182812,-4867,-18756,23622,0,-6088,-23462,29551,0,0,0,0,1,0
2273,1183333,0,-21602,21602,0,0,-27026,27026,0,0,0,0,1,0
2274,1183854,4866,-23617,18752,0,6088,-29551,23462,0,0,0,0,1,0
2275,1184375,9544,-24725,15182,0,11942,-30940,18997,0,0,0,0,1,0
2276,1184895,13854,-24882,11029,0,17337,-31140,13802,0,0,0,0,1,0
2277,1185416,17630,-24084,6453,0,22066,-30143,8077,0,0,0,0,1,0
2278,1185937,20729,-22360,1631,0,25947,-27988,2041,0,0,0,0,1,0
2279,1186458,23030,-19777,-3254,0,28831,-24758,-4073,0,0,0,0,1,0
2280,1186979,24447,-16434,-8012,0,30607,-20576,-10031,0,0,0,0,1,0
2281,1187500,24923,-12461,-12461,0,31207,-15603,-15603,0,0,0,0,1,0
2282,1188020,24441,-8010,-16431,0,30607,-10031,-20576,0,0,0,0,1,0
2283,1188541,23021,-3252,-19769,0,28831,-4073,-24758,0,0,0,0,1,0
2284,1189062,20716,1630,-22346,0,25947,2041,-27988,0,0,0,0,1,0
2285,1189583,17616,6448,-24064,0,22066,8077,-30143,0,0,0,0,1,0
2286,1190104,13839,11017,-24857,0,17337,13802,-31140,0,0,0,0,1,0
2287,1190625,9532,15163,-24694,0,11942,18997,-30940,0,0,0,0,1,0
2288,1191145,4859,18724,-23583,0,6088,23462,-29551,0,0,0,0,1,0
2289,1191666,0,21566,-21566,0,0,27026,-27026,0,0,0,0,1,0
2290,1192187,-4858,23578,-18721,0,-6088,29551,-23462,0,0,0,0,1,0
2291,1192708,-9528,24684,-15156,0,-11942,30940,-18997,0,0,0,0,1,0
2292,1193229,-13831,24841,-11011,0,-17337,31140,-13802,0,0,0,0,1,0
2293,1193750,-17601,24044,-6442,0,-22066,30143,-8077,0,0,0,0,1,0
2294,1194270,-20695,22323,-1628,0,-25947,27988,-2041,0,0,0,0,1,0
2295,1194791,-22992,19744,3248,0,-28831,24758,4073,0,0,0,0,1,0
2296,1195312,-24406,16407,7999,0,-30607,20576,10031,0,0,0,0,1,0
2297,1195833,-24882,12441,12441,0,-31207,15603,15603,0,0,0,0,1,0
2298,1196354,-24401,7997,16404,0,-30607,10031,20576,0,0,0,0,1,0
2299,1196875,-22983,3247,19736,0,-28831,4073,24758,0,0,0,0,1,0
2300,1197395,-20682,-1627,22309,0,-25947,-2041,27988,0,0,0,0,1,0
2301,1197916,-17587,-6437,24024,0,-22066,-8077,30143,0,0,0,0,1,0
2302,1198437,-13816,-10999,24815,0,-17337,-13802,31140,0,0,0,0,1,0
2303,1198958,-9516,-15138,24653,0,-11942,-18997,30940,0,0,0,0,1,0
2304,1199479,-4851,-18693,23544,0,-6088,-23462,29551,0,0,0,0,1,0
2305,1200000,0,-21530,21530,0,0,-27026,27026,0,0,0,0,1,0
2306,1200520,4850,-23539,18690,0,6088,-29551,23462,0,0,0,0,1,0
2307,1201041,9512,-24643,15131,0,11942,-30940,18997,0,0,0,0,1,0
2308,1201562,13808,-24800,10992,0,17337,-31140,13802,0,0,0,0,1,0
2309,1202083,17572,-24004,6432,0,22066,-30143,8077,0,0,0,0,1,0
2310,1202604,20660,-22286,1625,0,25947,-27988,2041,0,0,0,0,1,0
2311,1203125,22954,-19711,-3243,0,28831,-24758,-4073,0,0,0,0,1,0
2312,1203645,24366,-16380,-7986,0,30607,-20576,-10031,0,0,0,0,1,0
2313,1204166,24840,-12420,-12420,0,31207,-15603,-15603,0,0,0,0,1,0
2314,1204687,24361,-7984,-16377,0,30607,-10031,-20576,0,0,0,0,1,0
2315,1205208,22945,-3242,-19703,0,28831,-4073,-24758,0,0,0,0,1,0
2316,1205729,20648,1624,-22272,0,25947,2041,-27988,0,0,0,0,1,0
2317,1206250,17558,6427,-23984,0,22066,8077,-30143,0,0,0,0,1,0
2318,1206770,13793,10981,-24774,0,17337,13802,-31140,0,0,0,0,1,0
2319,1207291,9500,15113,-24613,0,11942,18997,-30940,0,0,0,0,1,0
2320,1207812,4843,18663,-23505,0,6088,23462,-29551,0,0,0,0,1,0
2321,1208333,0,21495,-21495,0,0,27026,-27026,0,0,0,0,1,0
2322,1208854,-4842,23500,-18659,0,-6088,29551,-23462,0,0,0,0,1,0
2323,1209375,-9496,24602,-15106,0,-11942,30940,-18997,0,0,0,0,1,0
2324,1209895,-13785,24759,-10974,0,-17337,31140,-13802,0,0,0,0,1,0
2325,1210416,-17543,23964,-6421,0,-22066,30143,-8077,0,0,0,0,1,0
2326,1210937,-20626,22249,-1622,0,-25947,27988,-2041,0,0,0,0,1,0
2327,1211458,-22916,19679,3238,0,-28831,24758,4073,0,0,0,0,1,0
2328,1211979,-24325,16353,7972,0,-30607,20576,10031,0,0,0,0,1,0
2329,1212500,-24799,12400,12400,0,-31207,15603,15603,0,0,0,0,1,0
2330,1213020,-24320,7971,16350,0,-30607,10031,20576,0,0,0,0,1,0
2331,1213541,-22907,3236,19671,0,-28831,4073,24758,0,0,0,0,1,0
2332,1214062,-20614,-1621,22235,0,-25947,-2041,27988,0,0,0,0,1,0
2333,1214583,-17529,-6416,23945,0,-22066,-8077,30143,0,0,0,0,1,0
2334,1215104,-13771,-10963,24734,0,-17337,-13802,31140,0,0,0,0,1,0
2335,1215625,-9484,-15088,24572,0,-11942,-18997,30940,0,0,0,0,1,0
2336,1216145,-4835,-18632,23466,0,-6088,-23462,29551,0,0,0,0,1,0
2337,1216666,0,-21459,21459,0,0,-27026,27026,0,0,0,0,1,0
2338,1217187,4834,-23462,18628,0,6088,-29551,23462,0,0,0,0,1,0
2339,1217708,9481,-24562,15081,0,11942,-30940,18997,0,0,0,0,1,0
2340,1218229,13762,-24718,10956,0,17337,-31140,13802,0,0,0,0,1,0
2341,1218750,17514,-23925,6411,0,22066,-30143,8077,0,0,0,0,1,0
2342,1219270,20592,-22212,1620,0,25947,-27988,2041,0,0,0,0,1,0
2343,1219791,22879,-19646,-3232,0,28831,-24758,-4073,0,0,0,0,1,0
2344,1220312,24285,-16326,-7959,0,30607,-20576,-10031,0,0,0,0,1,0
2345,1220833,24759,-12379,-12379,0,31207,-15603,-15603,0,0,0,0,1,0
2346,1221354,24280,-7958,-16323,0,30607,-10031,-20576,0,0,0,0,1,0
2347,1221875,22869,-3231,-19638,0,28831,-4073,-24758,0,0,0,0,1,0
2348,1222395,20580,1619,-22198,0,25947,2041,-27988,0,0,0,0,1,0
2349,1222916,17500,6405,-23905,0,22066,8077,-30143,0,0,0,0,1,0
2350,1223437,13748,10945,-24693,0,17337,13802,-31140,0,0,0,0,1,0
2351,1223958,9469,15063,-24532,0,11942,18997,-30940,0,0,0,0,1,0
2352,1224479,4827,18601,-23428,0,6088,23462,-29551,0,0,0,0,1,0
2353,1225000,0,21424,-21424,0,0,27026,-27026,0,0,0,0,1,0
2354,1225520,-4826,23423,-18597,0,-6088,29551,-23462,0,0,0,0,1,0
2355,1226041,-9465,24522,-15057,0,-11942,30940,-18997,0,0,0,0,1,0
2356,1226562,-13740,24678,-10938,0,-17337,31140,-13802,0,0,0,0,1,0
2357,1227083,-17485,23885,-6400,0,-22066,30143,-8077,0,0,0,0,1,0
2358,1227604,-20559,22176,-1617,0,-25947,27988,-2041,0,0,0,0,1,0
2359,1228125,-22841,19614,3227,0,-28831,24758,4073,0,0,0,0,1,0
2360,1228645,-24245,16299,7946,0,-30607,20576,10031,0,0,0,0,1,0
2361,1229166,-24718,12359,12359,0,-31207,15603,15603,0,0,0,0,1,0
2362,1229687,-24240,7944,16296,0,-30607,10031,20576,0,0,0,0,1,0
2363,1230208,-22832,3226,19606,0,-28831,4073,24758,0,0,0,0,1,0
2364,1230729,-20546,-1616,22162,0,-25947,-2041,27988,0,0,0,0,1,0
2365,1231250,-17471,-6395,23866,0,-22066,-8077,30143,0,0,0,0,1,0
2366,1231770,-13725,-10927,24652,0,-17337,-13802,31140,0,0,0,0,1,0
2367,1232291,-9453,-15038,24491,0,-11942,-18997,30940,0,0,0,0,1,0
2368,1232812,-4819,-18571,23389,0,-6088,-23462,29551,0,0,0,0,1,0
2369,1233333,0,-21389,21389,0,0,-27026,27026,0,0,0,0,1,0
2370,1233854,4818,-23385,18567,0,6088,-29551,23462,0,0,0,0,1,0
2371,1234375,9449,-24481,15032,0,11942,-30940,18997,0,0,0,0,1,0
2372,1234895,13717,-24637,10920,0,17337,-31140,13802,0,0,0,0,1,0
2373,1235416,17457,-23846,6390,0,22066,-30143,8077,0,0,0,0,1,0
2374,1235937,20525,-22139,1614,0,25947,-27988,2041,0,0,0,0,1,0
2375,1236458,22804,-19582,-3222,0,28831,-24758,-4073,0,0,0,0,1,0
2376,1236979,24206,-16273,-7933,0,30607,-20576,-10031,0,0,0,0,1,0
2377,1237500,24677,-12339,-12339,0,31207,-15603,-15603,0,0,0,0,1,0
2378,1238020,24201,-7931,-16269,0,30607,-10031,-20576,0,0,0,0,1,0
2379,1238541,22794,-3220,-19574,0,28831,-4073,-24758,0,0,0,0,1,0
2380,1239062,20512,1613,-22126,0,25947,2041,-27988,0,0,0,0,1,0
2381,1239583,17442,6384,-23827,0,22066,8077,-30143,0,0,0,0,1,0
2382,1240104,13703,10909,-24612,0,17337,13802,-31140,0,0,0,0,1,0
2383,1240625,9438,15013,-24451,0,11942,18997,-30940,0,0,0,0,1,0
2384,1241145,4811,18540,-23351,0,6088,23462,-29551,0,0,0,0,1,0
2385,1241666,0,21354,-21354,0,0,27026,-27026,0,0,0,0,1,0
2386,1242187,-4810,23346,-18536,0,-6088,29551,-23462,0,0,0,0,1,0
2387,1242708,-9434,24441,-15007,0,-11942,30940,-18997,0,0,0,0,1,0
2388,1243229,-13695,24597,-10902,0,-17337,31140,-13802,0,0,0,0,1,0
2389,1243750,-17428,23807,-6379,0,-22066,30143,-8077,0,0,0,0,1,0
2390,1244270,-20491,22103,-1612,0,-25947,27988,-2041,0,0,0,0,1,0
2391,1244791,-22766,19550,3216,0,-28831,24758,4073,0,0,0,0,1,0
2392,1245312,-24166,16246,7920,0,-30607,20576,10031,0,0,0,0,1,0
2393,1245833,-24637,12318,12318,0,-31207,15603,15603,0,0,0,0,1,0
2394,1246354,-24161,7918,16243,0,-30607,10031,20576,0,0,0,0,1,0
2395,1246875,-22757,3215,19542,0,-28831,4073,24758,0,0,0,0,1,0
2396,1247395,-20479,-1611,22089,0,-25947,-2041,27988,0,0,0,0,1,0
2397,1247916,-17414,-6374,23788,0,-22066,-8077,30143,0,0,0,0,1,0
2398,1248437,-13681,-10891,24572,0,-17337,-13802,31140,0,0,0,0,1,0
2399,1248958,-9422,-14989,24411,0,-11942,-18997,30940,0,0,0,0,1,0
2400,1249479,-4803,-18510,23313,0,-6088,-23462,29551,0,0,0,0,1,0
2401,1250000,0,-21319,21319,0,0,-27026,27026,0,0,0,0,1,0
2402,1250520,4802,-23308,18506,0,6088,-29551,23462,0,0,0,0,1,0
2403,1251041,9419,-24401,14983,0,11942,-30940,18997,0,0,0,0,1,0
2404,1251562,13672,-24557,10884,0,17337,-31140,13802,0,0,0,0,1,0
2405,1252083,17400,-23768,6369,0,22066,-30143,8077,0,0,0,0,1,0
2406,1252604,20458,-22067,1609,0,25947,-27988,2041,0,0,0,0,1,0
2407,1253125,22729,-19518,-3211,0,28831,-24758,-4073,0,0,0,0,1,0
2408,1253645,24127,-16219,-7907,0,30607,-20576,-10031,0,0,0,0,1,0
2409,1254166,24597,-12298,-12298,0,31207,-15603,-15603,0,0,0,0,1,0
2410,1254687,24122,-7906,-16216,0,30607,-10031,-20576,0,0,0,0,1,0
2411,1255208,22720,-3210,-19510,0,28831,-4073,-24758,0,0,0,0,1,0
2412,1255729,20445,1608,-22053,0,25947,2041,-27988,0,0,0,0,1,0
2413,1256250,17385,6363,-23749,0,22066,8077,-30143,0,0,0,0,1,0
2414,1256770,13658,10873,-24532,0,17337,13802,-31140,0,0,0,0,1,0
2415,1257291,9407,14964,-24371,0,11942,18997,-30940,0,0,0,0,1,0
2416,1257812,4795,18480,-23275,0,6088,23462,-29551,0,0,0,0,1,0
2417,1258333,0,21284,-21284,0,0,27026,-27026,0,0,0,0,1,0
2418,1258854,-4794,23270,-18476,0,-6088,29551,-23462,0,0,0,0,1,0
2419,1259375,-9403,24361,-14958,0,-11942,30940,-18997,0,0,0,0,1,0
2420,1259895,-13650,24517,-10867,0,-17337,31140,-13802,0,0,0,0,1,0
2421,1260416,-17371,23730,-6358,0,-22066,30143,-8077,0,0,0,0,1,0
2422,1260937,-20424,22031,-1607,0,-25947,27988,-2041,0,0,0,0,1,0
2423,1261458,-22692,19486,3206,0,-28831,24758,4073,0,0,0,0,1,0
2424,1261979,-24087,16193,7894,0,-30607,20576,10031,0,0,0,0,1,0
2425,1262500,-24557,12278,12278,0,-31207,15603,15603,0,0,0,0,1,0
2426,1263020,-24082,7893,16190,0,-30607,10031,20576,0,0,0,0,1,0
2427,1263541,-22683,3205,19478,0,-28831,4073,24758,0,0,0,0,1,0
2428,1264062,-20412,-1606,22017,0,-25947,-2041,27988,0,0,0,0,1,0
2429,1264583,-17357,-6353,23710,0,-22066,-8077,30143,0,0,0,0,1,0
2430,1265104,-13636,-10856,24492,0,-17337,-13802,31140,0,0,0,0,1,0
2431,1265625,-9392,-14940,24332,0,-11942,-18997,30940,0,0,0,0,1,0
2432,1266145,-4787,-18449,23237,0,-6088,-23462,29551,0,0,0,0,1,0
2433,1266666,0,-21249,21249,0,0,-27026,27026,0,0,0,0,1,0
2434,1267187,4786,-23232,18446,0,6088,-29551,23462,0,0,0,0,1,0
2435,1267708,9388,-24322,14934,0,11942,-30940,18997,0,0,0,0,1,0
2436,1268229,13628,-24477,10849,0,17337,-31140,13802,0,0,0,0,1,0
2437,1268750,17343,-23691,6348,0,22066,-30143,8077,0,0,0,0,1,0
2438,1269270,20391,-21995,1604,0,25947,-27988,2041,0,0,0,0,1,0
2439,1269791,22655,-19454,-3201,0,28831,-24758,-4073,0,0,0,0,1,0
2440,1270312,24048,-16167,-7881,0,30607,-20576,-10031,0,0,0,0,1,0
2441,1270833,24517,-12258,-12258,0,31207,-15603,-15603,0,0,0,0,1,0
2442,1271354,24043,-7880,-16163,0,30607,-10031,-20576,0,0,0,0,1,0
2443,1271875,22646,-3199,-19446,0,28831,-4073,-24758,0,0,0,0,1,0
2444,1272395,20379,1603,-21982,0,25947,2041,-27988,0,0,0,0,1,0
2445,1272916,17329,6343,-23672,0,22066,8077,-30143,0,0,0,0,1,0
2446,1273437,13614,10838,-24452,0,17337,13802,-31140,0,0,0,0,1,0
2447,1273958,9376,14916,-24292,0,11942,18997,-30940,0,0,0,0,1,0
2448,1274479,4780,18419,-23199,0,6088,23462,-29551,0,0,0,0,1,0
2449,1275000,0,21215,-21215,0,0,27026,-27026,0,0,0,0,1,0
2450,1275520,-4779,23194,-18416,0,-6088,29551,-23462,0,0,0,0,1,0
2451,1276041,-9373,24282,-14910,0,-11942,30940,-18997,0,0,0,0,1,0
2452,1276562,-13605,24437,-10831,0,-17337,31140,-13802,0,0,0,0,1,0
2453,1277083,-17315,23652,-6338,0,-22066,30143,-8077,0,0,0,0,1,0
2454,1277604,-20358,21959,-1601,0,-25947,27988,-2041,0,0,0,0,1,0
2455,1278125,-22618,19423,3196,0,-28831,24758,4073,0,0,0,0,1,0
2456,1278645,-24009,16140,7869,0,-30607,20576,10031,0,0,0,0,1,0
2457,1279166,-24477,12238,12238,0,-31207,15603,15603,0,0,0,0,1,0
2458,1279687,-24004,7867,16137,0,-30607,10031,20576,0,0,0,0,1,0
2459,1280208,-22609,3194,19415,0,-28831,4073,24758,0,0,0,0,1,0
2460,1280729,-20346,-1600,21946,0,-25947,-2041,27988,0,0,0,0,1,0
2461,1281250,-17301,-6332,23633,0,-22066,-8077,30143,0,0,0,0,1,0
2462,1281770,-13592,-10820,24412,0,-17337,-13802,31140,0,0,0,0,1,0
2463,1282291,-9361,-14891,24253,0,-11942,-18997,30940,0,0,0,0,1,0
2464,1282812,-4772,-18390,23161,0,-6088,-23462,29551,0,0,0,0,1,0
2465,1283333,0,-21180,21180,0,0,-27026,27026,0,0,0,0,1,0
2466,1283854,4771,-23157,18386,0,6088,-29551,23462,0,0,0,0,1,0
2467,1284375,9357,-24243,14885,0,11942,-30940,18997,0,0,0,0,1,0
2468,1284895,13583,-24397,10814,0,17337,-31140,13802,0,0,0,0,1,0
2469,1285416,17287,-23614,6327,0,22066,-30143,8077,0,0,0,0,1,0
2470,1285937,20325,-21924,1599,0,25947,-27988,2041,0,0,0,0,1,0
2471,1286458,22582,-19391,-3190,0,28831,-24758,-4073,0,0,0,0,1,0
2472,1286979,23970,-16114,-7856,0,30607,-20576,-10031,0,0,0,0,1,0
2473,1287500,24437,-12219,-12219,0,31207,-15603,-15603,0,0,0,0,1,0
2474,1288020,23965,-7854,-16111,0,30607,-10031,-20576,0,0,0,0,1,0
2475,1288541,22572,-3189,-19383,0,28831,-4073,-24758,0,0,0,0,1,0
2476,1289062,20313,1598,-21910,0,25947,2041,-27988,0,0,0,0,1,0
2477,1289583,17273,6322,-23595,0,22066,8077,-30143,0,0,0,0,1,0
2478,1290104,13570,10803,-24372,0,17337,13802,-31140,0,0,0,0,1,0
2479,1290625,9346,14867,-24213,0,11942,18997,-30940,0,0,0,0,1,0
2480,1291145,4764,18360,-23124,0,6088,23462,-29551,0,0,0,0,1,0
2481,1291666,0,21146,-21146,0,0,27026,-27026,0,0,0,0,1,0
2482,1292187,-4763,23119,-18356,0,-6088,29551,-23462,0,0,0,0,1,0
2483,1292708,-9342,24204,-14861,0,-11942,30940,-18997,0,0,0,0,1,0
2484,1293229,-13561,24358,-10796,0,-17337,31140,-13802,0,0,0,0,1,0
2485,1293750,-17259,23576,-6317,0,-22066,30143,-8077,0,0,0,0,1,0
2486,1294270,-20292,21888,-1596,0,-25947,27988,-2041,0,0,0,0,1,0
2487,1294791,-22545,19360,3185,0,-28831,24758,4073,0,0,0,0,1,0
2488,1295312,-23931,16088,7843,0,-30607,20576,10031,0,0,0,0,1,0
2489,1295833,-24398,12199,12199,0,-31207,15603,15603,0,0,0,0,1,0
2490,1296354,-23926,7842,16085,0,-30607,10031,20576,0,0,0,0,1,0
2491,1296875,-22536,3184,19352,0,-28831,4073,24758,0,0,0,0,1,0
2492,1297395,-20280,-1595,21875,0,-25947,-2041,27988,0,0,0,0,1,0
2493,1297916,-17245,-6312,23557,0,-22066,-8077,30143,0,0,0,0,1,0
2494,1298437,-13548,-10785,24333,0,-17337,-13802,31140,0,0,0,0,1,0
2495,1298958,-9331,-14843,24174,0,-11942,-18997,30940,0,0,0,0,1,0
2496,1299479,-4756,-18330,23087,0,-6088,-23462,29551,0,0,0,0,1,0
2497,1300000,0,-21112,21112,0,0,-27026,27026,0,0,0,0,1,0
2498,1300520,4755,-23082,18326,0,6088,-29551,23462,0,0,0,0,1,0
2499,1301041,9327,-24164,14837,0,11942,-30940,18997,0,0,0,0,1,0
2500,1301562,13540,-24318,10779,0,17337,-31140,13802,0,0,0,0,1,0
2501,1302083,17231,-23538,6307,0,22066,-30143,8077,0,0,0,0,1,0
2502,1302604,20259,-21853,1594,0,25947,-27988,2041,0,0,0,0,1,0
2503,1303125,22509,-19329,-3180,0,28831,-24758,-4073,0,0,0,0,1,0
2504,1303645,23893,-16062,-7830,0,30607,-20576,-10031,0,0,0,0,1,0
2505,1304166,24358,-12179,-12179,0,31207,-15603,-15603,0,0,0,0,1,0
2506,1304687,23888,-7829,-16059,0,30607,-10031,-20576,0,0,0,0,1,0
2507,1305208,22500,-3179,-19321,0,28831,-4073,-24758,0,0,0,0,1,0
2508,1305729,20247,1593,-21840,0,25947,2041,-27988,0,0,0,0,1,0
2509,1306250,17217,6302,-23519,0,22066,8077,-30143,0,0,0,0,1,0
2510,1306770,13526,10768,-24294,0,17337,13802,-31140,0,0,0,0,1,0
2511,1307291,9316,14819,-24135,0,11942,18997,-30940,0,0,0,0,1,0
2512,1307812,4749,18301,-23049,0,6088,23462,-29551,0,0,0,0,1,0
2513,1308333,0,21078,-21078,0,0,27026,-27026,0,0,0,0,1,0
2514,1308854,-4748,23045,-18297,0,-6088,29551,-23462,0,0,0,0,1,0
2515,1309375,-9312,24126,-14813,0,-11942,30940,-18997,0,0,0,0,1,0
2516,1309895,-13518,24279,-10761,0,-17337,31140,-13802,0,0,0,0,1,0
2517,1310416,-17203,23500,-6297,0,-22066,30143,-8077,0,0,0,0,1,0
2518,1310937,-20227,21818,-1591,0,-25947,27988,-2041,0,0,0,0,1,0
2519,1311458,-22472,19297,3175,0,-28831,24758,4073,0,0,0,0,1,0
2520,1311979,-23854,16036,7818,0,-30607,20576,10031,0,0,0,0,1,0
2521,1312500,-24319,12159,12159,0,-31207,15603,15603,0,0,0,0,1,0
2522,1313020,-23849,7816,16033,0,-30607,10031,20576,0,0,0,0,1,0
2523,1313541,-22463,3174,19290,0,-28831,4073,24758,0,0,0,0,1,0
2524,1314062,-20214,-1590,21804,0,-25947,-2041,27988,0,0,0,0,1,0
2525,1314583,-17189,-6292,23481,0,-22066,-8077,30143,0,0,0,0,1,0
2526,1315104,-13504,-10751,24255,0,-17337,-13802,31140,0,0,0,0,1,0
2527,1315625,-9301,-14796,24096,0,-11942,-18997,30940,0,0,0,0,1,0
2528,1316145,-4741,-18271,23012,0,-6088,-23462,29551,0,0,0,0,1,0
2529,1316666,0,-21044,21044,0,0,-27026,27026,0,0,0,0,1,0
2530,1317187,4740,-23008,18267,0,6088,-29551,23462,0,0,0,0,1,0
2531,1317708,9297,-24087,14790,0,11942,-30940,18997,0,0,0,0,1,0
2532,1318229,13496,-24240,10744,0,17337,-31140,13802,0,0,0,0,1,0
2533,1318750,17175,-23462,6287,0,22066,-30143,8077,0,0,0,0,1,0
2534,1319270,20194,-21783,1588,0,25947,-27988,2041,0,0,0,0,1,0
2535,1319791,22436,-19266,-3170,0,28831,-24758,-4073,0,0,0,0,1,0
2536,1320312,23816,-16010,-7805,0,30607,-20576,-10031,0,0,0,0,1,0
2537,1320833,24280,-12140,-12140,0,31207,-15603,-15603,0,0,0,0,1,0
2538,1321354,23811,-7804,-16007,0,30607,-10031,-20576,0,0,0,0,1,0
2539,1321875,22427,-3169,-19259,0,28831,-4073,-24758,0,0,0,0,1,0
2540,1322395,20182,1588,-21769,0,25947,2041,-27988,0,0,0,0,1,0
2541,1322916,17162,6282,-23443,0,22066,8077,-30143,0,0,0,0,1,0
2542,1323437,13482,10733,-24216,0,17337,13802,-31140,0,0,0,0,1,0
2543,1323958,9286,14772,-24058,0,11942,18997,-30940,0,0,0,0,1,0
2544,1324479,4733,18242,-22975,0,6088,23462,-29551,0,0,0,0,1,0
2545,1325000,0,21010,-21010,0,0,27026,-27026,0,0,0,0,1,0
2546,1325520,-4732,22971,-18238,0,-6088,29551,-23462,0,0,0,0,1,0
2547,1326041,-9282,24048,-14766,0,-11942,30940,-18997,0,0,0,0,1,0
2548,1326562,-13474,24201,-10727,0,-17337,31140,-13802,0,0,0,0,1,0
2549,1327083,-17148,23424,-6277,0,-22066,30143,-8077,0,0,0,0,1,0
2550,1327604,-20162,21748,-1586,0,-25947,27988,-2041,0,0,0,0,1,0
2551,1328125,-22400,19235,3165,0,-28831,24758,4073,0,0,0,0,1,0
2552,1328645,-23778,15985,7793,0,-30607,20576,10031,0,0,0,0,1,0
2553,1329166,-24241,12120,12120,0,-31207,15603,15603,0,0,0,0,1,0
2554,1329687,-23773,7791,15982,0,-30607,10031,20576,0,0,0,0,1,0
2555,1330208,-22391,3163,19228,0,-28831,4073,24758,0,0,0,0,1,0
2556,1330729,-20150,-1585,21734,0,-25947,-2041,27988,0,0,0,0,1,0
2557,1331250,-17134,-6271,23406,0,-22066,-8077,30143,0,0,0,0,1,0
2558,1331770,-13461,-10716,24177,0,-17337,-13802,31140,0,0,0,0,1,0
2559,1332291,-9271,-14748,24019,0,-11942,-18997,30940,0,0,0,0,1,0
2560,1332812,-4726,-18213,22938,0,-6088,-23462,29551,0,0,0,0,1,0
2561,1333333,0,-20976,20976,0,0,-27026,27026,0,0,0,0,1,0
2562,1333854,4725,-22934,18209,0,6088,-29551,23462,0,0,0,0,1,0
2563,1334375,9267,-24009,14742,0,11942,-30940,18997,0,0,0,0,1,0
2564,1334895,13453,-24162,10710,0,17337,-31140,13802,0,0,0,0,1,0
2565,1335416,17120,-23387,6266,0,22066,-30143,8077,0,0,0,0,1,0
2566,1335937,20129,-21713,1583,0,25947,-27988,2041,0,0,0,0,1,0
2567,1336458,22364,-19205,-3160,0,28831,-24758,-4073,0,0,0,0,1,0
2568,1336979,23739,-15959,-7780,0,30607,-20576,-10031,0,0,0,0,1,0
2569,1337500,24202,-12101,-12101,0,31207,-15603,-15603,0,0,0,0,1,0
2570,1338020,23735,-7779,-15956,0,30607,-10031,-20576,0,0,0,0,1,0
2571,1338541,22355,-3158,-19197,0,28831,-4073,-24758,0,0,0,0,1,0
2572,1339062,20117,1582,-21700,0,25947,2041,-27988,0,0,0,0,1,0
2573,1339583,17107,6261,-23368,0,22066,8077,-30143,0,0,0,0,1,0
2574,1340104,13439,10699,-24138,0,17337,13802,-31140,0,0,0,0,1,0
2575,1340625,9256,14724,-23981,0,11942,18997,-30940,0,0,0,0,1,0
2576,1341145,4718,18183,-22902,0,6088,23462,-29551,0,0,0,0,1,0
2577,1341666,0,20943,-20943,0,0,27026,-27026,0,0,0,0,1,0
2578,1342187,-4717,22897,-18180,0,-6088,29551,-23462,0,0,0,0,1,0
2579,1342708,-9252,23971,-14719,0,-11942,30940,-18997,0,0,0,0,1,0
2580,1343229,-13431,24124,-10693,0,-17337,31140,-13802,0,0,0,0,1,0
2581,1343750,-17093,23349,-6256,0,-22066,30143,-8077,0,0,0,0,1,0
2582,1344270,-20097,21678,-1581,0,-25947,27988,-2041,0,0,0,0,1,0
2583,1344791,-22329,19174,3155,0,-28831,24758,4073,0,0,0,0,1,0
2584,1345312,-23702,15934,7768,0,-30607,20576,10031,0,0,0,0,1,0
2585,1345833,-24163,12082,12082,0,-31207,15603,15603,0,0,0,0,1,0
2586,1346354,-23697,7766,15930,0,-30607,10031,20576,0,0,0,0,1,0
2587,1346875,-22320,3153,19166,0,-28831,4073,24758,0,0,0,0,1,0
2588,1347395,-20085,-1580,21665,0,-25947,-2041,27988,0,0,0,0,1,0
2589,1347916,-17079,-6251,23331,0,-22066,-8077,30143,0,0,0,0,1,0
2590,1348437,-13418,-10682,24100,0,-17337,-13802,31140,0,0,0,0,1,0
2591,1348958,-9241,-14701,23942,0,-11942,-18997,30940,0,0,0,0,1,0
2592,1349479,-4711,-18154,22865,0,-6088,-23462,29551,0,0,0,0,1,0
2593,1350000,0,-20909,20909,0,0,-27026,27026,0,0,0,0,1,0
2594,1350520,4710,-22861,18151,0,6088,-29551,23462,0,0,0,0,1,0
2595,1351041,9238,-23933,14695,0,11942,-30940,18997,0,0,0,0,1,0
2596,1351562,13410,-24085,10675,0,17337,-31140,13802,0,0,0,0,1,0
2597,1352083,17066,-23312,6246,0,22066,-30143,8077,0,0,0,0,1,0
2598,1352604,20065,-21643,1578,0,25947,-27988,2041,0,0,0,0,1,0
2599,1353125,22293,-19143,-3150,0,28831,-24758,-4073,0,0,0,0,1,0
2600,1353645,23664,-15908,-7755,0,30607,-20576,-10031,0,0,0,0,1,0
2601,1354166,24125,-12062,-12062,0,31207,-15603,-15603,0,0,0,0,1,0
2602,1354687,23659,-7754,-15905,0,30607,-10031,-20576,0,0,0,0,1,0
2603,1355208,22284,-3148,-19136,0,28831,-4073,-24758,0,0,0,0,1,0
2604,1355729,20053,1577,-21630,0,25947,2041,-27988,0,0,0,0,1,0
2605,1356250,17052,6241,-23294,0,22066,8077,-30143,0,0,0,0,1,0
2606,1356770,13396,10665,-24061,0,17337,13802,-31140,0,0,0,0,1,0
2607,1357291,9227,14678,-23904,0,11942,18997,-30940,0,0,0,0,1,0
2608,1357812,4703,18125,-22829,0,6088,23462,-29551,0,0,0,0,1,0
2609,1358333,0,20876,-20876,0,0,27026,-27026,0,0,0,0,1,0
2610,1358854,-4702,22824,-18122,0,-6088,29551,-23462,0,0,0,0,1,0
2611,1359375,-9223,23895,-14672,0,-11942,30940,-18997,0,0,0,0,1,0
2612,1359895,-13388,24047,-10658,0,-17337,31140,-13802,0,0,0,0,1,0
2613,1360416,-17039,23275,-6237,0,-22066,30143,-8077,0,0,0,0,1,0
2614,1360937,-20033,21609,-1576,0,-25947,27988,-2041,0,0,0,0,1,0
2615,1361458,-22257,19113,3145,0,-28831,24758,4073,0,0,0,0,1,0
2616,1361979,-23626,15883,7743,0,-30607,20576,10031,0,0,0,0,1,0
2617,1362500,-24086,12043,12043,0,-31207,15603,15603,0,0,0,0,1,0
2618,1363020,-23621,7742,15880,0,-30607,10031,20576,0,0,0,0,1,0
2619,1363541,-22249,3143,19105,0,-28831,4073,24758,0,0,0,0,1,0
2620,1364062,-20021,-1575,21596,0,-25947,-2041,27988,0,0,0,0,1,0
2621,1364583,-17025,-6232,23257,0,-22066,-8077,30143,0,0,0,0,1,0
2622,1365104,-13375,-10648,24023,0,-17337,-13802,31140,0,0,0,0,1,0
2623,1365625,-9212,-14654,23866,0,-11942,-18997,30940,0,0,0,0,1,0
2624,1366145,-4696,-18097,22792,0,-6088,-23462,29551,0,0,0,0,1,0
2625,1366666,0,-20843,20843,0,0,-27026,27026,0,0,0,0,1,0
2626,1367187,4695,-22788,18093,0,6088,-29551,23462,0,0,0,0,1,0
2627,1367708,9208,-23857,14648,0,11942,-30940,18997,0,0,0,0,1,0
2628,1368229,13367,-24009,10642,0,17337,-31140,13802,0,0,0,0,1,0
2629,1368750,17011,-23238,6227,0,22066,-30143,8077,0,0,0,0,1,0
2630,1369270,20001,-21575,1573,0,25947,-27988,2041,0,0,0,0,1,0
2631,1369791,22222,-19083,-3140,0,28831,-24758,-4073,0,0,0,0,1,0
2632,1370312,23588,-15858,-7731,0,30607,-20576,-10031,0,0,0,0,1,0
2633,1370833,24048,-12024,-12024,0,31207,-15603,-15603,0,0,0,0,1,0
2634,1371354,23584,-7729,-15855,0,30607,-10031,-20576,0,0,0,0,1,0
2635,1371875,22213,-3138,-19075,0,28831,-4073,-24758,0,0,0,0,1,0
2636,1372395,19989,1572,-21562,0,25947,2041,-27988,0,0,0,0,1,0
2637,1372916,16998,6222,-23220,0,22066,8077,-30143,0,0,0,0,1,0
2638,1373437,13354,10631,-23985,0,17337,13802,-31140,0,0,0,0,1,0
2639,1373958,9197,14631,-23828,0,11942,18997,-30940,0,0,0,0,1,0
2640,1374479,4688,18068,-22756,0,6088,23462,-29551,0,0,0,0,1,0
2641,1375000,0,20810,-20810,0,0,27026,-27026,0,0,0,0,1,0
2642,1375520,-4687,22752,-18064,0,-6088,29551,-23462,0,0,0,0,1,0
2643,1376041,-9194,23819,-14625,0,-11942,30940,-18997,0,0,0,0,1,0
2644,1376562,-13346,23971,-10625,0,-17337,31140,-13802,0,0,0,0,1,0
2645,1377083,-16984,23201,-6217,0,-22066,30143,-8077,0,0,0,0,1,0
2646,1377604,-19970,21540,-1571,0,-25947,27988,-2041,0,0,0,0,1,0
2647,1378125,-22187,19052,3135,0,-28831,24758,4073,0,0,0,0,1,0
2648,1378645,-23551,15833,7719,0,-30607,20576,10031,0,0,0,0,1,0
2649,1379166,-24010,12005,12005,0,-31207,15603,15603,0,0,0,0,1,0
2650,1379687,-23546,7717,15829,0,-30607,10031,20576,0,0,0,0,1,0
2651,1380208,-22178,3133,19045,0,-28831,4073,24758,0,0,0,0,1,0
2652,1380729,-19958,-1570,21528,0,-25947,-2041,27988,0,0,0,0,1,0
2653,1381250,-16971,-6212,23183,0,-22066,-8077,30143,0,0,0,0,1,0
2654,1381770,-13333,-10614,23947,0,-17337,-13802,31140,0,0,0,0,1,0
2655,1382291,-9183,-14608,23791,0,-11942,-18997,30940,0,0,0,0,1,0
2656,1382812,-4681,-18039,22720,0,-6088,-23462,29551,0,0,0,0,1,0
2657,1383333,0,-20777,20777,0,0,-27026,27026,0,0,0,0,1,0
2658,1383854,4680,-22716,18036,0,6088,-29551,23462,0,0,0,0,1,0
2659,1384375,9179,-23781,14602,0,11942,-30940,18997,0,0,0,0,1,0
2660,1384895,13325,-23933,10608,0,17337,-31140,13802,0,0,0,0,1,0
2661,1385416,16958,-23164,6207,0,22066,-30143,8077,0,0,0,0,1,0
2662,1385937,19938,-21506,1568,0,25947,-27988,2041,0,0,0,0,1,0
2663,1386458,22152,-19022,-3130,0,28831,-24758,-4073,0,0,0,0,1,0
2664,1386979,23514,-15807,-7706,0,30607,-20576,-10031,0,0,0,0,1,0
2665,1387500,23972,-11986,-11986,0,31207,-15603,-15603,0,0,0,0,1,0
2666,1388020,23509,-7705,-15804,0,30607,-10031,-20576,0,0,0,0,1,0
2667,1388541,22143,-3128,-19015,0,28831,-4073,-24758,0,0,0,0,1,0
2668,1389062,19926,1567,-21494,0,25947,2041,-27988,0,0,0,0,1,0
2669,1389583,16944,6202,-23146,0,22066,8077,-30143,0,0,0,0,1,0
2670,1390104,13312,10597,-23909,0,17337,13802,-31140,0,0,0,0,1,0
2671,1390625,9168,14585,-23753,0,11942,18997,-30940,0,0,0,0,1,0
2672,1391145,4673,18011,-22684,0,6088,23462,-29551,0,0,0,0,1,0
2673,1391666,0,20744,-20744,0,0,27026,-27026,0,0,0,0,1,0
2674,1392187,-4673,22680,-18007,0,-6088,29551,-23462,0,0,0,0,1,0
2675,1392708,-9165,23744,-14579,0,-11942,30940,-18997,0,0,0,0,1,0
2676,1393229,-13304,23895,-10591,0,-17337,31140,-13802,0,0,0,0,1,0
2677,1393750,-16931,23128,-6197,0,-22066,30143,-8077,0,0,0,0,1,0
2678,1394270,-19907,21472,-1566,0,-25947,27988,-2041,0,0,0,0,1,0
2679,1394791,-22117,18992,3125,0,-28831,24758,4073,0,0,0,0,1,0
2680,1395312,-23477,15783,7694,0,-30607,20576,10031,0,0,0,0,1,0
2681,1395833,-23934,11967,11967,0,-31207,15603,15603,0,0,0,0,1,0
2682,1396354,-23472,7693,15779,0,-30607,10031,20576,0,0,0,0,1,0
2683,1396875,-22108,3123,18985,0,-28831,4073,24758,0,0,0,0,1,0
2684,1397395,-19895,-1565,21460,0,-25947,-2041,27988,0,0,0,0,1,0
2685,1397916,-16917,-6192,23110,0,-22066,-8077,30143,0,0,0,0,1,0
2686,1398437,-13291,-10581,23871,0,-17337,-13802,31140,0,0,0,0,1,0
2687,1398958,-9154,-14562,23715,0,-11942,-18997,30940,0,0,0,0,1,0
2688,1399479,-4666,-17982,22648,0,-6088,-23462,29551,0,0,0,0,1,0
2689,1400000,0,-20711,20711,0,0,-27026,27026,0,0,0,0,1,0
2690,1400520,4665,-22644,17979,0,6088,-29551,23462,0,0,0,0,1,0
2691,1401041,9150,-23706,14556,0,11942,-30940,18997,0,0,0,0,1,0
2692,1401562,13283,-23857,10574,0,17337,-31140,13802,0,0,0,0,1,0
2693,1402083,16904,-23091,6187,0,22066,-30143,8077,0,0,0,0,1,0
2694,1402604,19875,-21439,1563,0,25947,-27988,2041,0,0,0,0,1,0
2695,1403125,22082,-18962,-3120,0,28831,-24758,-4073,0,0,0,0,1,0
2696,1403645,23440,-15758,-7682,0,30607,-20576,-10031,0,0,0,0,1,0
2697,1404166,23897,-11948,-11948,0,31207,-15603,-15603,0,0,0,0,1,0
2698,1404687,23435,-7681,-15755,0,30607,-10031,-20576,0,0,0,0,1,0
2699,1405208,22073,-3119,-18955,0,28831,-4073,-24758,0,0,0,0,1,0
2700,1405729,19863,1562,-21426,0,25947,2041,-27988,0,0,0,0,1,0
2701,1406250,16891,6182,-23073,0,22066,8077,-30143,0,0,0,0,1,0
2702,1406770,13270,10564,-23834,0,17337,13802,-31140,0,0,0,0,1,0
2703,1407291,9139,14539,-23678,0,11942,18997,-30940,0,0,0,0,1,0
2704,1407812,4659,17954,-22613,0,6088,23462,-29551,0,0,0,0,1,0
2705,1408333,0,20679,-20679,0,0,27026,-27026,0,0,0,0,1,0
2706,1408854,-4658,22608,-17950,0,-6088,29551,-23462,0,0,0,0,1,0
2707,1409375,-9136,23669,-14533,0,-11942,30940,-18997,0,0,0,0,1,0
2708,1409895,-13262,23820,-10558,0,-17337,31140,-13802,0,0,0,0,1,0
2709,1410416,-16878,23055,-6178,0,-22066,30143,-8077,0,0,0,0,1,0
2710,1410937,-19844,21405,-1561,0,-25947,27988,-2041,0,0,0,0,1,0
2711,1411458,-22047,18932,3115,0,-28831,24758,4073,0,0,0,0,1,0
2712,1411979,-23403,15733,7670,0,-30607,20576,10031,0,0,0,0,1,0
2713,1412500,-23859,11930,11930,0,-31207,15603,15603,0,0,0,0,1,0
2714,1413020,-23398,7668,15730,0,-30607,10031,20576,0,0,0,0,1,0
2715,1413541,-22039,3114,18925,0,-28831,4073,24758,0,0,0,0,1,0
2716,1414062,-19832,-1560,21392,0,-25947,-2041,27988,0,0,0,0,1,0
2717,1414583,-16864,-6173,23037,0,-22066,-8077,30143,0,0,0,0,1,0
2718,1415104,-13249,-10547,23796,0,-17337,-13802,31140,0,0,0,0,1,0
2719,1415625,-9125,-14516,23641,0,-11942,-18997,30940,0,0,0,0,1,0
2720,1416145,-4651,-17926,22577,0,-6088,-23462,29551,0,0,0,0,1,0
2721,1416666,0,-20646,20646,0,0,-27026,27026,0,0,0,0,1,0
2722,1417187,4651,-22573,17922,0,6088,-29551,23462,0,0,0,0,1,0
2723,1417708,9121,-23632,14510,0,11942,-30940,18997,0,0,0,0,1,0
2724,1418229,13241,-23782,10541,0,17337,-31140,13802,0,0,0,0,1,0
2725,1418750,16851,-23019,6168,0,22066,-30143,8077,0,0,0,0,1,0
2726,1419270,19813,-21371,1558,0,25947,-27988,2041,0,0,0,0,1,0
2727,1419791,22013,-18903,-3110,0,28831,-24758,-4073,0,0,0,0,1,0
2728,1420312,23366,-15708,-7658,0,30607,-20576,-10031,0,0,0,0,1,0
2729,1420833,23822,-11911,-11911,0,31207,-15603,-15603,0,0,0,0,1,0
2730,1421354,23362,-7656,-15705,0,30607,-10031,-20576,0,0,0,0,1,0
2731,1421875,22004,-3109,-18895,0,28831,-4073,-24758,0,0,0,0,1,0
2732,1422395,19801,1558,-21359,0,25947,2041,-27988,0,0,0,0,1,0
2733,1422916,16838,6163,-23001,0,22066,8077,-30143,0,0,0,0,1,0
2734,1423437,13228,10531,-23759,0,17337,13802,-31140,0,0,0,0,1,0
2735,1423958,9111,14493,-23604,0,11942,18997,-30940,0,0,0,0,1,0
2736,1424479,4644,17898,-22542,0,6088,23462,-29551,0,0,0,0,1,0
2737,1425000,0,20614,-20614,0,0,27026,-27026,0,0,0,0,1,0
2738,1425520,-4643,22537,-17894,0,-6088,29551,-23462,0,0,0,0,1,0
2739,1426041,-9107,23595,-14487,0,-11942,30940,-18997,0,0,0,0,1,0
2740,1426562,-13220,23745,-10525,0,-17337,31140,-13802,0,0,0,0,1,0
2741,1427083,-16825,22983,-6158,0,-22066,30143,-8077,0,0,0,0,1,0
2742,1427604,-19782,21338,-1556,0,-25947,27988,-2041,0,0,0,0,1,0
2743,1428125,-21978,18873,3105,0,-28831,24758,4073,0,0,0,0,1,0
2744,1428645,-23330,15684,7646,0,-30607,20576,10031,0,0,0,0,1,0
2745,1429166,-23784,11892,11892,0,-31207,15603,15603,0,0,0,0,1,0
2746,1429687,-23325,7644,15681,0,-30607,10031,20576,0,0,0,0,1,0
2747,1430208,-21970,3104,18866,0,-28831,4073,24758,0,0,0,0,1,0
2748,1430729,-19770,-1555,21325,0,-25947,-2041,27988,0,0,0,0,1,0
2749,1431250,-16811,-6153,22965,0,-22066,-8077,30143,0,0,0,0,1,0
2750,1431770,-13207,-10514,23722,0,-17337,-13802,31140,0,0,0,0,1,0
2751,1432291,-9097,-14470,23567,0,-11942,-18997,30940,0,0,0,0,1,0
2752,1432812,-4637,-17870,22507,0,-6088,-23462,29551,0,0,0,0,1,0
2753,1433333,0,-20582,20582,0,0,-27026,27026,0,0,0,0,1,0
2754,1433854,4636,-22502,17866,0,6088,-29551,23462,0,0,0,0,1,0
2755,1434375,9093,-23558,14465,0,11942,-30940,18997,0,0,0,0,1,0
2756,1434895,13200,-23708,10508,0,17337,-31140,13802,0,0,0,0,1,0
2757,1435416,16798,-22947,6149,0,22066,-30143,8077,0,0,0,0,1,0
2758,1435937,19751,-21304,1554,0,25947,-27988,2041,0,0,0,0,1,0
2759,1436458,21944,-18844,-3100,0,28831,-24758,-4073,0,0,0,0,1,0
2760,1436979,23293,-15659,-7634,0,30607,-20576,-10031,0,0,0,0,1,0
2761,1437500,23747,-11874,-11874,0,31207,-15603,-15603,0,0,0,0,1,0
2762,1438020,23289,-7633,-15656,0,30607,-10031,-20576,0,0,0,0,1,0
2763,1438541,21935,-3099,-18836,0,28831,-4073,-24758,0,0,0,0,1,0
2764,1439062,19739,1553,-21292,0,25947,2041,-27988,0,0,0,0,1,0
2765,1439583,16785,6144,-22929,0,22066,8077,-30143,0,0,0,0,1,0
2766,1440104,13187,10498,-23685,0,17337,13802,-31140,0,0,0,0,1,0
2767,1440625,9082,14448,-23530,0,11942,18997,-30940,0,0,0,0,1,0
2768,1441145,4630,17842,-22471,0,6088,23462,-29551,0,0,0,0,1,0
2769,1441666,0,20550,-20550,0,0,27026,-27026,0,0,0,0,1,0
2770,1442187,-4629,22467,-17838,0,-6088,29551,-23462,0,0,0,0,1,0
2771,1442708,-9079,23521,-14442,0,-11942,30940,-18997,0,0,0,0,1,0
2772,1443229,-13179,23671,-10492,0,-17337,31140,-13802,0,0,0,0,1,0
2773,1443750,-16772,22911,-6139,0,-22066,30143,-8077,0,0,0,0,1,0
2774,1444270,-19720,21271,-1551,0,-25947,27988,-2041,0,0,0,0,1,0
2775,1444791,-21910,18814,3095,0,-28831,24758,4073,0,0,0,0,1,0
2776,1445312,-23257,15635,7622,0,-30607,20576,10031,0,0,0,0,1,0
2777,1445833,-23710,11855,11855,0,-31207,15603,15603,0,0,0,0,1,0
2778,1446354,-23252,7621,15632,0,-30607,10031,20576,0,0,0,0,1,0
2779,1446875,-21901,3094,18807,0,-28831,4073,24758,0,0,0,0,1,0
2780,1447395,-19708,-1550,21259,0,-25947,-2041,27988,0,0,0,0,1,0
2781,1447916,-16759,-6134,22893,0,-22066,-8077,30143,0,0,0,0,1,0
2782,1448437,-13166,-10482,23648,0,-17337,-13802,31140,0,0,0,0,1,0
2783,1448958,-9068,-14425,23494,0,-11942,-18997,30940,0,0,0,0,1,0
2784,1449479,-4622,-17814,22436,0,-6088,-23462,29551,0,0,0,0,1,0
2785,1450000,0,-20518,20518,0,0,-27026,27026,0,0,0,0,1,0
2786,1450520,4622,-22432,17811,0,6088,-29551,23462,0,0,0,0,1,0
2787,1451041,9065,-23484,14420,0,11942,-30940,18997,0,0,0,0,1,0
2788,1451562,13159,-23634,10475,0,17337,-31140,13802,0,0,0,0,1,0
2789,1452083,16746,-22875,6129,0,22066,-30143,8077,0,0,0,0,1,0
2790,1452604,19689,-21238,1549,0,25947,-27988,2041,0,0,0,0,1,0
2791,1453125,21875,-18785,-3091,0,28831,-24758,-4073,0,0,0,0,1,0
2792,1453645,23221,-15610,-7610,0,30607,-20576,-10031,0,0,0,0,1,0
2793,1454166,23673,-11837,-11837,0,31207,-15603,-15603,0,0,0,0,1,0
2794,1454687,23216,-7609,-15607,0,30607,-10031,-20576,0,0,0,0,1,0
2795,1455208,21867,-3089,-18778,0,28831,-4073,-24758,0,0,0,0,1,0
2796,1455729,19678,1548,-21226,0,25947,2041,-27988,0,0,0,0,1,0
2797,1456250,16733,6125,-22858,0,22066,8077,-30143,0,0,0,0,1,0
2798,1456770,13146,10465,-23611,0,17337,13802,-31140,0,0,0,0,1,0
2799,1457291,9054,14403,-23457,0,11942,18997,-30940,0,0,0,0,1,0
2800,1457812,4615,17786,-22402,0,6088,23462,-29551,0,0,0,0,1,0
2801,1458333,0,20486,-20486,0,0,27026,-27026,0,0,0,0,1,0
2802,1458854,-4614,22397,-17783,0,-6088,29551,-23462,0,0,0,0,1,0
2803,1459375,-9051,23448,-14397,0,-11942,30940,-18997,0,0,0,0,1,0
2804,1459895,-13138,23597,-10459,0,-17337,31140,-13802,0,0,0,0,1,0
2805,1460416,-16720,22840,-6120,0,-22066,30143,-8077,0,0,0,0,1,0
2806,1460937,-19659,21205,-1546,0,-25947,27988,-2041,0,0,0,0,1,0
2807,1461458,-21841,18756,3086,0,-28831,24758,4073,0,0,0,0,1,0
2808,1461979,-23185,15586,7598,0,-30607,20576,10031,0,0,0,0,1,0
2809,1462500,-23636,11818,11818,0,-31207,15603,15603,0,0,0,0,1,0
2810,1463020,-23180,7597,15583,0,-30607,10031,20576,0,0,0,0,1,0
2811,1463541,-21833,3085,18748,0,-28831,4073,24758,0,0,0,0,1,0
2812,1464062,-19647,-1545,21193,0,-25947,-2041,27988,0,0,0,0,1,0
2813,1464583,-16707,-6115,22822,0,-22066,-8077,30143,0,0,0,0,1,0
2814,1465104,-13125,-10449,23574,0,-17337,-13802,31140,0,0,0,0,1,0
2815,1465625,-9040,-14381,23421,0,-11942,-18997,30940,0,0,0,0,1,0
2816,1466145,-4608,-17759,22367,0,-6088,-23462,29551,0,0,0,0,1,0
2817,1466666,0,-20454,20454,0,0,-27026,27026,0,0,0,0,1,0
2818,1467187,4607,-22363,17755,0,6088,-29551,23462,0,0,0,0,1,0
2819,1467708,9037,-23411,14375,0,11942,-30940,18997,0,0,0,0,1,0
2820,1468229,13118,-23561,10443,0,17337,-31140,13802,0,0,0,0,1,0
2821,1468750,16694,-22804,6110,0,22066,-30143,8077,0,0,0,0,1,0
2822,1469270,19628,-21172,1544,0,25947,-27988,2041,0,0,0,0,1,0
2823,1469791,21808,-18727,-3081,0,28831,-24758,-4073,0,0,0,0,1,0
2824,1470312,23149,-15562,-7587,0,30607,-20576,-10031,0,0,0,0,1,0
2825,1470833,23600,-11800,-11800,0,31207,-15603,-15603,0,0,0,0,1,0
2826,1471354,23144,-7585,-15559,0,30607,-10031,-20576,0,0,0,0,1,0
2827,1471875,21799,-3080,-18719,0,28831,-4073,-24758,0,0,0,0,1,0
2828,1472395,19617,1543,-21160,0,25947,2041,-27988,0,0,0,0,1,0
2829,1472916,16681,6106,-22787,0,22066,8077,-30143,0,0,0,0,1,0
2830,1473437,13105,10433,-23538,0,17337,13802,-31140,0,0,0,0,1,0
2831,1473958,9026,14358,-23384,0,11942,18997,-30940,0,0,0,0,1,0
2832,1474479,4601,17731,-22332,0,6088,23462,-29551,0,0,0,0,1,0
2833,1475000,0,20422,-20422,0,0,27026,-27026,0,0,0,0,1,0
2834,1475520,-4600,22328,-17728,0,-6088,29551,-23462,0,0,0,0,1,0
2835,1476041,-9023,23375,-14353,0,-11942,30940,-18997,0,0,0,0,1,0
2836,1476562,-13097,23524,-10427,0,-17337,31140,-13802,0,0,0,0,1,0
2837,1477083,-16668,22769,-6101,0,-22066,30143,-8077,0,0,0,0,1,0
2838,1477604,-19598,21139,-1542,0,-25947,27988,-2041,0,0,0,0,1,0
2839,1478125,-21774,18698,3076,0,-28831,24758,4073,0,0,0,0,1,0
2840,1478645,-23113,15538,7575,0,-30607,20576,10031,0,0,0,0,1,0
2841,1479166,-23563,11782,11782,0,-31207,15603,15603,0,0,0,0,1,0
2842,1479687,-23108,7573,15535,0,-30607,10031,20576,0,0,0,0,1,0
2843,1480208,-21765,3075,18690,0,-28831,4073,24758,0,0,0,0,1,0
2844,1480729,-19586,-1541,21127,0,-25947,-2041,27988,0,0,0,0,1,0
2845,1481250,-16655,-6096,22752,0,-22066,-8077,30143,0,0,0,0,1,0
2846,1481770,-13085,-10417,23501,0,-17337,-13802,31140,0,0,0,0,1,0
2847,1482291,-9012,-14336,23348,0,-11942,-18997,30940,0,0,0,0,1,0
2848,1482812,-4594,-17704,22298,0,-6088,-23462,29551,0,0,0,0,1,0
2849,1483333,0,-20391,20391,0,0,-27026,27026,0,0,0,0,1,0
2850,1483854,4593,-22293,17700,0,6088,-29551,23462,0,0,0,0,1,0
2851,1484375,9009,-23339,14331,0,11942,-30940,18997,0,0,0,0,1,0
2852,1484895,13077,-23488,10411,0,17337,-31140,13802,0,0,0,0,1,0
2853,1485416,16642,-22734,6092,0,22066,-30143,8077,0,0,0,0,1,0
2854,1485937,19568,-21107,1539,0,25947,-27988,2041,0,0,0,0,1,0
2855,1486458,21740,-18669,-3071,0,28831,-24758,-4073,0,0,0,0,1,0
2856,1486979,23077,-15514,-7563,0,30607,-20576,-10031,0,0,0,0,1,0
2857,1487500,23527,-11763,-11763,0,31207,-15603,-15603,0,0,0,0,1,0
2858,1488020,23073,-7562,-15511,0,30607,-10031,-20576,0,0,0,0,1,0
2859,1488541,21732,-3070,-18662,0,28831,-4073,-24758,0,0,0,0,1,0
2860,1489062,19556,1538,-21095,0,25947,2041,-27988,0,0,0,0,1,0
2861,1489583,16630,6087,-22717,0,22066,8077,-30143,0,0,0,0,1,0
2862,1490104,13065,10401,-23465,0,17337,13802,-31140,0,0,0,0,1,0
2863,1490625,8998,14314,-23312,0,11942,18997,-30940,0,0,0,0,1,0
2864,1491145,4587,17677,-22263,0,6088,23462,-29551,0,0,0,0,1,0
2865,1491666,0,20359,-20359,0,0,27026,-27026,0,0,0,0,1,0
2866,1492187,-4586,22259,-17673,0,-6088,29551,-23462,0,0,0,0,1,0
2867,1492708,-8995,23303,-14308,0,-11942,30940,-18997,0,0,0,0,1,0
2868,1493229,-13057,23452,-10395,0,-17337,31140,-13802,0,0,0,0,1,0
2869,1493750,-16617,22699,-6082,0,-22066,30143,-8077,0,0,0,0,1,0
2870,1494270,-19537,21074,-1537,0,-25947,27988,-2041,0,0,0,0,1,0
2871,1494791,-21707,18640,3067,0,-28831,24758,4073,0,0,0,0,1,0
2872,1495312,-23042,15490,7552,0,-30607,20576,10031,0,0,0,0,1,0
2873,1495833,-23491,11745,11745,0,-31207,15603,15603,0,0,0,0,1,0
2874,1496354,-23037,7550,15487,0,-30607,10031,20576,0,0,0,0,1,0
2875,1496875,-21698,3066,18633,0,-28831,4073,24758,0,0,0,0,1,0
2876,1497395,-19526,-1536,21062,0,-25947,-2041,27988,0,0,0,0,1,0
2877,1497916,-16604,-6078,22682,0,-22066,-8077,30143,0,0,0,0,1,0
2878,1498437,-13044,-10385,23429,0,-17337,-13802,31140,0,0,0,0,1,0
2879,1498958,-8984,-14292,23276,0,-11942,-18997,30940,0,0,0,0,1,0
2880,1499479,-4580,-17649,22229,0,-6088,-23462,29551,0,0,0,0,1,0
2881,1500000,0,-20328,20328,0,0,-27026,27026,0,0,0,0,1,0
2882,1500520,4579,-22225,17646,0,6088,-29551,23462,0,0,0,0,1,0
2883,1501041,8981,-23267,14286,0,11942,-30940,18997,0,0,0,0,1,0
2884,1501562,13037,-23416,10379,0,17337,-31140,13802,0,0,0,0,1,0
2885,1502083,16591,-22664,6073,0,22066,-30143,8077,0,0,0,0,1,0
2886,1502604,19507,-21042,1534,0,25947,-27988,2041,0,0,0,0,1,0
2887,1503125,21673,-18611,-3062,0,28831,-24758,-4073,0,0,0,0,1,0
2888,1503645,23006,-15466,-7540,0,30607,-20576,-10031,0,0,0,0,1,0
2889,1504166,23455,-11727,-11727,0,31207,-15603,-15603,0,0,0,0,1,0
2890,1504687,23002,-7539,-15463,0,30607,-10031,-20576,0,0,0,0,1,0
2891,1505208,21665,-3061,-18604,0,28831,-4073,-24758,0,0,0,0,1,0
2892,1505729,19496,1534,-21030,0,25947,2041,-27988,0,0,0,0,1,0
2893,1506250,16579,6068,-22647,0,22066,8077,-30143,0,0,0,0,1,0
2894,1506770,13024,10369,-23393,0,17337,13802,-31140,0,0,0,0,1,0
2895,1507291,8971,14270,-23241,0,11942,18997,-30940,0,0,0,0,1,0
2896,1507812,4573,17622,-22195,0,6088,23462,-29551,0,0,0,0,1,0
2897,1508333,0,20297,-20297,0,0,27026,-27026,0,0,0,0,1,0
2898,1508854,-4572,22191,-17619,0,-6088,29551,-23462,0,0,0,0,1,0
2899,1509375,-8967,23232,-14265,0,-11942,30940,-18997,0,0,0,0,1,0
2900,1509895,-13017,23380,-10363,0,-17337,31140,-13802,0,0,0,0,1,0
2901,1510416,-16566,22629,-6064,0,-22066,30143,-8077,0,0,0,0,1,0
2902,1510937,-19477,21010,-1532,0,-25947,27988,-2041,0,0,0,0,1,0
2903,1511458,-21640,18583,3057,0,-28831,24758,4073,0,0,0,0,1,0
2904,1511979,-22971,15442,7528,0,-30607,20576,10031,0,0,0,0,1,0
2905,1512500,-23419,11709,11709,0,-31207,15603,15603,0,0,0,0,1,0
2906,1513020,-22966,7527,15439,0,-30607,10031,20576,0,0,0,0,1,0
2907,1513541,-21632,3056,18576,0,-28831,4073,24758,0,0,0,0,1,0
2908,1514062,-19466,-1531,20997,0,-25947,-2041,27988,0,0,0,0,1,0
2909,1514583,-16553,-6059,22612,0,-22066,-8077,30143,0,0,0,0,1,0
2910,1515104,-13004,-10353,23357,0,-17337,-13802,31140,0,0,0,0,1,0
2911,1515625,-8957,-14248,23205,0,-11942,-18997,30940,0,0,0,0,1,0
2912,1516145,-4566,-17595,22161,0,-6088,-23462,29551,0,0,0,0,1,0
2913,1516666,0,-20266,20266,0,0,-27026,27026,0,0,0,0,1,0
2914,1517187,4565,-22157,17592,0,6088,-29551,23462,0,0,0,0,1,0
2915,1517708,8953,-23196,14243,0,11942,-30940,18997,0,0,0,0,1,0
2916,1518229,12997,-23344,10347,0,17337,-31140,13802,0,0,0,0,1,0
2917,1518750,16540,-22595,6054,0,22066,-30143,8077,0,0,0,0,1,0
2918,1519270,19448,-20977,1530,0,25947,-27988,2041,0,0,0,0,1,0
2919,1519791,21607,-18554,-3053,0,28831,-24758,-4073,0,0,0,0,1,0
2920,1520312,22936,-15419,-7517,0,30607,-20576,-10031,0,0,0,0,1,0
2921,1520833,23383,-11691,-11691,0,31207,-15603,-15603,0,0,0,0,1,0
2922,1521354,22931,-7515,-15416,0,30607,-10031,-20576,0,0,0,0,1,0
2923,1521875,21599,-3051,-18547,0,28831,-4073,-24758,0,0,0,0,1,0
2924,1522395,19437,1529,-20965,0,25947,2041,-27988,0,0,0,0,1,0
2925,1522916,16528,6050,-22577,0,22066,8077,-30143,0,0,0,0,1,0
2926,1523437,12985,10337,-23322,0,17337,13802,-31140,0,0,0,0,1,0
2927,1523958,8943,14226,-23169,0,11942,18997,-30940,0,0,0,0,1,0
2928,1524479,4559,17568,-22127,0,6088,23462,-29551,0,0,0,0,1,0
2929,1525000,0,20235,-20235,0,0,27026,-27026,0,0,0,0,1,0
2930,1525520,-4558,22123,-17565,0,-6088,29551,-23462,0,0,0,0,1,0
2931,1526041,-8940,23161,-14221,0,-11942,30940,-18997,0,0,0,0,1,0
2932,1526562,-12977,23308,-10331,0,-17337,31140,-13802,0,0,0,0,1,0
2933,1527083,-16515,22560,-6045,0,-22066,30143,-8077,0,0,0,0,1,0
2934,1527604,-19418,20945,-1527,0,-25947,27988,-2041,0,0,0,0,1,0
2935,1528125,-21574,18526,3048,0,-28831,24758,4073,0,0,0,0,1,0
2936,1528645,-22901,15395,7505,0,-30607,20576,10031,0,0,0,0,1,0
2937,1529166,-23347,11674,11674,0,-31207,15603,15603,0,0,0,0,1,0
2938,1529687,-22896,7504,15392,0,-30607,10031,20576,0,0,0,0,1,0
2939,1530208,-21566,3047,18519,0,-28831,4073,24758,0,0,0,0,1,0
2940,1530729,-19407,-1527,20933,0,-25947,-2041,27988,0,0,0,0,1,0
2941,1531250,-16503,-6040,22543,0,-22066,-8077,30143,0,0,0,0,1,0
2942,1531770,-12965,-10321,23286,0,-17337,-13802,31140,0,0,0,0,1,0
2943,1532291,-8929,-14205,23134,0,-11942,-18997,30940,0,0,0,0,1,0
2944,1532812,-4552,-17542,22093,0,-6088,-23462,29551,0,0,0,0,1,0
2945,1533333,0,-20204,20204,0,0,-27026,27026,0,0,0,0,1,0
2946,1533854,4551,-22089,17538,0,6088,-29551,23462,0,0,0,0,1,0
2947,1534375,8926,-23125,14199,0,11942,-30940,18997,0,0,0,0,1,0
2948,1534895,12957,-23273,10315,0,17337,-31140,13802,0,0,0,0,1,0
2949,1535416,16490,-22526,6036,0,22066,-30143,8077,0,0,0,0,1,0
2950,1535937,19388,-20913,1525,0,25947,-27988,2041,0,0,0,0,1,0
2951,1536458,21541,-18498,-3043,0,28831,-24758,-4073,0,0,0,0,1,0
2952,1536979,22866,-15372,-7494,0,30607,-20576,-10031,0,0,0,0,1,0
2953,1537500,23311,-11656,-11656,0,31207,-15603,-15603,0,0,0,0,1,0
2954,1538020,22861,-7493,-15369,0,30607,-10031,-20576,0,0,0,0,1,0
2955,1538541,21533,-3042,-18491,0,28831,-4073,-24758,0,0,0,0,1,0
2956,1539062,19377,1524,-20901,0,25947,2041,-27988,0,0,0,0,1,0
2957,1539583,16477,6031,-22509,0,22066,8077,-30143,0,0,0,0,1,0
2958,1540104,12945,10306,-23251,0,17337,13802,-31140,0,0,0,0,1,0
2959,1540625,8916,14183,-23099,0,11942,18997,-30940,0,0,0,0,1,0
2960,1541145,4545,17515,-22060,0,6088,23462,-29551,0,0,0,0,1,0
2961,1541666,0,20173,-20173,0,0,27026,-27026,0,0,0,0,1,0
2962,1542187,-4544,22055,-17512,0,-6088,29551,-23462,0,0,0,0,1,0
2963,1542708,-8912,23090,-14178,0,-11942,30940,-18997,0,0,0,0,1,0
2964,1543229,-12938,23237,-10300,0,-17337,31140,-13802,0,0,0,0,1,0
2965,1543750,-16465,22491,-6027,0,-22066,30143,-8077,0,0,0,0,1,0
2966,1544270,-19359,20882,-1523,0,-25947,27988,-2041,0,0,0,0,1,0
2967,1544791,-21508,18470,3039,0,-28831,24758,4073,0,0,0,0,1,0
2968,1545312,-22831,15348,7483,0,-30607,20576,10031,0,0,0,0,1,0
2969,1545833,-23276,11638,11638,0,-31207,15603,15603,0,0,0,0,1,0
2970,1546354,-22827,7481,15346,0,-30607,10031,20576,0,0,0,0,1,0
2971,1546875,-21500,3038,18463,0,-28831,4073,24758,0,0,0,0,1,0
2972,1547395,-19348,-1522,20870,0,-25947,-2041,27988,0,0,0,0,1,0
2973,1547916,-16452,-6022,22474,0,-22066,-8077,30143,0,0,0,0,1,0
2974,1548437,-12925,-10290,23215,0,-17337,-13802,31140,0,0,0,0,1,0
2975,1548958,-8902,-14161,23064,0,-11942,-18997,30940,0,0,0,0,1,0
2976,1549479,-4538,-17488,22026,0,-6088,-23462,29551,0,0,0,0,1,0
2977,1550000,0,-20142,20142,0,0,-27026,27026,0,0,0,0,1,0
2978,1550520,4537,-22022,17485,0,6088,-29551,23462,0,0,0,0,1,0
2979,1551041,8899,-23055,14156,0,11942,-30940,18997,0,0,0,0,1,0
2980,1551562,12918,-23202,10284,0,17337,-31140,13802,0,0,0,0,1,0
2981,1552083,16440,-22457,6017,0,22066,-30143,8077,0,0,0,0,1,0
2982,1552604,19329,-20850,1520,0,25947,-27988,2041,0,0,0,0,1,0
2983,1553125,21476,-18442,-3034,0,28831,-24758,-4073,0,0,0,0,1,0
2984,1553645,22796,-15325,-7471,0,30607,-20576,-10031,0,0,0,0,1,0
2985,1554166,23241,-11620,-11620,0,31207,-15603,-15603,0,0,0,0,1,0
2986,1554687,22792,-7470,-15322,0,30607,-10031,-20576,0,0,0,0,1,0
2987,1555208,21468,-3033,-18435,0,28831,-4073,-24758,0,0,0,0,1,0
2988,1555729,19318,1520,-20838,0,25947,2041,-27988,0,0,0,0,1,0
2989,1556250,16427,6013,-22440,0,22066,8077,-30143,0,0,0,0,1,0
2990,1556770,12906,10274,-23180,0,17337,13802,-31140,0,0,0,0,1,0
2991,1557291,8889,14140,-23029,0,11942,18997,-30940,0,0,0,0,1,0
2992,1557812,4531,17462,-21993,0,6088,23462,-29551,0,0,0,0,1,0
2993,1558333,0,20112,-20112,0,0,27026,-27026,0,0,0,0,1,0
2994,1558854,-4530,21989,-17458,0,-6088,29551,-23462,0,0,0,0,1,0
2995,1559375,-8885,23020,-14135,0,-11942,30940,-18997,0,0,0,0,1,0
2996,1559895,-12898,23167,-10268,0,-17337,31140,-13802,0,0,0,0,1,0
2997,1560416,-16415,22423,-6008,0,-22066,30143,-8077,0,0,0,0,1,0
2998,1560937,-19300,20818,-1518,0,-25947,27988,-2041,0,0,0,0,1,0
2999,1561458,-21443,18414,3030,0,-28831,24758,4073,0,0,0,0,1,0
3000,1561979,-22762,15302,7460,0,-30607,20576,10031,0,0,0,0,1,0
3001,1562500,-23206,11603,11603,0,-31207,15603,15603,0,0,0,0,1,0
3002,1563020,-22757,7458,15299,0,-30607,10031,20576,0,0,0,0,1,0
3003,1563541,-21435,3028,18407,0,-28831,4073,24758,0,0,0,0,1,0
3004,1564062,-19289,-1517,20806,0,-25947,-2041,27988,0,0,0,0,1,0
3005,1564583,-16403,-6004,22406,0,-22066,-8077,30143,0,0,0,0,1,0
3006,1565104,-12886,-10259,23145,0,-17337,-13802,31140,0,0,0,0,1,0
3007,1565625,-8875,-14119,22994,0,-11942,-18997,30940,0,0,0,0,1,0
3008,1566145,-4524,-17435,21959,0,-6088,-23462,29551,0,0,0,0,1,0
3009,1566666,0,-20081,20081,0,0,-27026,27026,0,0,0,0,1,0
3010,1567187,4523,-21955,17432,0,6088,-29551,23462,0,0,0,0,1,0
3011,1567708,8872,-22985,14113,0,11942,-30940,18997,0,0,0,0,1,0
3012,1568229,12879,-23132,10253,0,17337,-31140,13802,0,0,0,0,1,0
3013,1568750,16390,-22389,5999,0,22066,-30143,8077,0,0,0,0,1,0
3014,1569270,19271,-20787,1516,0,25947,-27988,2041,0,0,0,0,1,0
3015,1569791,21411,-18386,-3025,0,28831,-24758,-4073,0,0,0,0,1,0
3016,1570312,22727,-15279,-7449,0,30607,-20576,-10031,0,0,0,0,1,0
3017,1570833,23170,-11585,-11585,0,31207,-15603,-15603,0,0,0,0,1,0
3018,1571354,22723,-7447,-15276,0,30607,-10031,-20576,0,0,0,0,1,0
3019,1571875,21403,-3024,-18379,0,28831,-4073,-24758,0,0,0,0,1,0
3020,1572395,19260,1515,-20775,0,25947,2041,-27988,0,0,0,0,1,0
3021,1572916,16378,5995,-22372,0,22066,8077,-30143,0,0,0,0,1,0
3022,1573437,12867,10243,-23110,0,17337,13802,-31140,0,0,0,0,1,0
3023,1573958,8862,14097,-22959,0,11942,18997,-30940,0,0,0,0,1,0
3024,1574479,4517,17409,-21926,0,6088,23462,-29551,0,0,0,0,1,0
3025,1575000,0,20051,-20051,0,0,27026,-27026,0,0,0,0,1,0
3026,1575520,-4516,21922,-17406,0,-6088,29551,-23462,0,0,0,0,1,0
3027,1576041,-8859,22951,-14092,0,-11942,30940,-18997,0,0,0,0,1,0
3028,1576562,-12859,23097,-10237,0,-17337,31140,-13802,0,0,0,0,1,0
3029,1577083,-16365,22356,-5990,0,-22066,30143,-8077,0,0,0,0,1,0
3030,1577604,-19242,20755,-1514,0,-25947,27988,-2041,0,0,0,0,1,0
3031,1578125,-21378,18358,3020,0,-28831,24758,4073,0,0,0,0,1,0
3032,1578645,-22693,15256,7437,0,-30607,20576,10031,0,0,0,0,1,0
3033,1579166,-23136,11568,11568,0,-31207,15603,15603,0,0,0,0,1,0
3034,1579687,-22689,7436,15253,0,-30607,10031,20576,0,0,0,0,1,0
3035,1580208,-21370,3019,18351,0,-28831,4073,24758,0,0,0,0,1,0
3036,1580729,-19231,-1513,20744,0,-25947,-2041,27988,0,0,0,0,1,0
3037,1581250,-16353,-5986,22339,0,-22066,-8077,30143,0,0,0,0,1,0
3038,1581770,-12847,-10228,23075,0,-17337,-13802,31140,0,0,0,0,1,0
3039,1582291,-8849,-14076,22925,0,-11942,-18997,30940,0,0,0,0,1,0
3040,1582812,-4511,-17383,21893,0,-6088,-23462,29551,0,0,0,0,1,0
3041,1583333,0,-20021,20021,0,0,-27026,27026,0,0,0,0,1,0
3042,1583854,4510,-21889,17379,0,6088,-29551,23462,0,0,0,0,1,0
3043,1584375,8845,-22916,14071,0,11942,-30940,18997,0,0,0,0,1,0
3044,1584895,12840,-23062,10222,0,17337,-31140,13802,0,0,0,0,1,0
3045,1585416,16341,-22322,5981,0,22066,-30143,8077,0,0,0,0,1,0
3046,1585937,19213,-20724,1511,0,25947,-27988,2041,0,0,0,0,1,0
3047,1586458,21346,-18330,-3016,0,28831,-24758,-4073,0,0,0,0,1,0
3048,1586979,22659,-15233,-7426,0,30607,-20576,-10031,0,0,0,0,1,0
3049,1587500,23101,-11550,-11550,0,31207,-15603,-15603,0,0,0,0,1,0
3050,1588020,22655,-7425,-15230,0,30607,-10031,-20576,0,0,0,0,1,0
3051,1588541,21338,-3015,-18324,0,28831,-4073,-24758,0,0,0,0,1,0
3052,1589062,19202,1510,-20713,0,25947,2041,-27988,0,0,0,0,1,0
3053,1589583,16329,5977,-22305,0,22066,8077,-30143,0,0,0,0,1,0
3054,1590104,12828,10212,-23040,0,17337,13802,-31140,0,0,0,0,1,0
3055,1590625,8835,14055,-22890,0,11942,18997,-30940,0,0,0,0,1,0
3056,1591145,4504,17357,-21860,0,6088,23462,-29551,0,0,0,0,1,0
3057,1591666,0,19991,-19991,0,0,27026,-27026,0,0,0,0,1,0
3058,1592187,-4503,21856,-17353,0,-6088,29551,-23462,0,0,0,0,1,0
3059,1592708,-8832,22882,-14050,0,-11942,30940,-18997,0,0,0,0,1,0
3060,1593229,-12821,23027,-10207,0,-17337,31140,-13802,0,0,0,0,1,0
3061,1593750,-16316,22288,-5972,0,-22066,30143,-8077,0,0,0,0,1,0
3062,1594270,-19184,20693,-1509,0,-25947,27988,-2041,0,0,0,0,1,0
3063,1594791,-21314,18303,3011,0,-28831,24758,4073,0,0,0,0,1,0
3064,1595312,-22625,15210,7415,0,-30607,20576,10031,0,0,0,0,1,0
3065,1595833,-23066,11533,11533,0,-31207,15603,15603,0,0,0,0,1,0
3066,1596354,-22621,7414,15207,0,-30607,10031,20576,0,0,0,0,1,0
3067,1596875,-21306,3010,18296,0,-28831,4073,24758,0,0,0,0,1,0
3068,1597395,-19173,-1508,20681,0,-25947,-2041,27988,0,0,0,0,1,0
3069,1597916,-16304,-5968,22272,0,-22066,-8077,30143,0,0,0,0,1,0
3070,1598437,-12809,-10197,23006,0,-17337,-13802,31140,0,0,0,0,1,0
3071,1598958,-8822,-14034,22856,0,-11942,-18997,30940,0,0,0,0,1,0
3072,1599479,-4497,-17331,21828,0,-6088,-23462,29551,0,0,0,0,1,0
3073,1600000,0,-19961,19961,0,0,-27026,27026,0,0,0,0,1,0
3074,1600520,4496,-21823,17327,0,6088,-29551,23462,0,0,0,0,1,0
3075,1601041,8819,-22847,14029,0,11942,-30940,18997,0,0,0,0,1,0
3076,1601562,12802,-22993,10191,0,17337,-31140,13802,0,0,0,0,1,0
3077,1602083,16292,-22255,5963,0,22066,-30143,8077,0,0,0,0,1,0
3078,1602604,19155,-20662,1507,0,25947,-27988,2041,0,0,0,0,1,0
3079,1603125,21282,-18276,-3007,0,28831,-24758,-4073,0,0,0,0,1,0
3080,1603645,22591,-15187,-7404,0,30607,-20576,-10031,0,0,0,0,1,0
3081,1604166,23031,-11516,-11516,0,31207,-15603,-15603,0,0,0,0,1,0
3082,1604687,22587,-7403,-15184,0,30607,-10031,-20576,0,0,0,0,1,0
3083,1605208,21274,-3006,-18269,0,28831,-4073,-24758,0,0,0,0,1,0
3084,1605729,19145,1506,-20650,0,25947,2041,-27988,0,0,0,0,1,0
3085,1606250,16280,5959,-22238,0,22066,8077,-30143,0,0,0,0,1,0
3086,1606770,12790,10182,-22971,0,17337,13802,-31140,0,0,0,0,1,0
3087,1607291,8809,14013,-22822,0,11942,18997,-30940,0,0,0,0,1,0
3088,1607812,4490,17305,-21795,0,6088,23462,-29551,0,0,0,0,1,0
3089,1608333,0,19931,-19931,0,0,27026,-27026,0,0,0,0,1,0
3090,1608854,-4489,21791,-17301,0,-6088,29551,-23462,0,0,0,0,1,0
3091,1609375,-8806,22813,-14008,0,-11942,30940,-18997,0,0,0,0,1,0
3092,1609895,-12782,22959,-10176,0,-17337,31140,-13802,0,0,0,0,1,0
3093,1610416,-16267,22222,-5954,0,-22066,30143,-8077,0,0,0,0,1,0
3094,1610937,-19127,20631,-1504,0,-25947,27988,-2041,0,0,0,0,1,0
3095,1611458,-21250,18248,3002,0,-28831,24758,4073,0,0,0,0,1,0
3096,1611979,-22557,15164,7393,0,-30607,20576,10031,0,0,0,0,1,0
3097,1612500,-22997,11499,11499,0,-31207,15603,15603,0,0,0,0,1,0
3098,1613020,-22553,7391,15162,0,-30607,10031,20576,0,0,0,0,1,0
3099,1613541,-21243,3001,18241,0,-28831,4073,24758,0,0,0,0,1,0
3100,1614062,-19116,-1504,20620,0,-25947,-2041,27988,0,0,0,0,1,0
3101,1614583,-16255,-5950,22205,0,-22066,-8077,30143,0,0,0,0,1,0
3102,1615104,-12770,-10167,22937,0,-17337,-13802,31140,0,0,0,0,1,0
3103,1615625,-8796,-13992,22787,0,-11942,-18997,30940,0,0,0,0,1,0
3104,1616145,-4484,-17279,21762,0,-6088,-23462,29551,0,0,0,0,1,0
3105,1616666,0,-19901,19901,0,0,-27026,27026,0,0,0,0,1,0
3106,1617187,4483,-21758,17276,0,6088,-29551,23462,0,0,0,0,1,0
3107,1617708,8792,-22779,13987,0,11942,-30940,18997,0,0,0,0,1,0
3108,1618229,12763,-22924,10161,0,17337,-31140,13802,0,0,0,0,1,0
3109,1618750,16243,-22189,5945,0,22066,-30143,8077,0,0,0,0,1,0
3110,1619270,19098,-20600,1502,0,25947,-27988,2041,0,0,0,0,1,0
3111,1619791,21219,-18221,-2998,0,28831,-24758,-4073,0,0,0,0,1,0
3112,1620312,22524,-15142,-7382,0,30607,-20576,-10031,0,0,0,0,1,0
3113,1620833,22963,-11481,-11481,0,31207,-15603,-15603,0,0,0,0,1,0
3114,1621354,22519,-7380,-15139,0,30607,-10031,-20576,0,0,0,0,1,0
3115,1621875,21211,-2997,-18214,0,28831,-4073,-24758,0,0,0,0,1,0
3116,1622395,19087,1501,-20589,0,25947,2041,-27988,0,0,0,0,1,0
3117,1622916,16231,5941,-22172,0,22066,8077,-30143,0,0,0,0,1,0
3118,1623437,12751,10151,-22903,0,17337,13802,-31140,0,0,0,0,1,0
3119,1623958,8783,13971,-22754,0,11942,18997,-30940,0,0,0,0,1,0
3120,1624479,4477,17253,-21730,0,6088,23462,-29551,0,0,0,0,1,0
3121,1625000,0,19871,-19871,0,0,27026,-27026,0,0,0,0,1,0
3122,1625520,-4476,21726,-17250,0,-6088,29551,-23462,0,0,0,0,1,0
3123,1626041,-8779,22745,-13966,0,-11942,30940,-18997,0,0,0,0,1,0
3124,1626562,-12744,22890,-10146,0,-17337,31140,-13802,0,0,0,0,1,0
3125,1627083,-16219,22155,-5937,0,-22066,30143,-8077,0,0,0,0,1,0
3126,1627604,-19070,20570,-1500,0,-25947,27988,-2041,0,0,0,0,1,0
3127,1628125,-21187,18194,2993,0,-28831,24758,4073,0,0,0,0,1,0
3128,1628645,-22490,15119,7371,0,-30607,20576,10031,0,0,0,0,1,0
3129,1629166,-22929,11464,11464,0,-31207,15603,15603,0,0,0,0,1,0
3130,1629687,-22486,7369,15116,0,-30607,10031,20576,0,0,0,0,1,0
3131,1630208,-21179,2992,18187,0,-28831,4073,24758,0,0,0,0,1,0
3132,1630729,-19059,-1499,20558,0,-25947,-2041,27988,0,0,0,0,1,0
3133,1631250,-16207,-5932,22139,0,-22066,-8077,30143,0,0,0,0,1,0
3134,1631770,-12732,-10136,22869,0,-17337,-13802,31140,0,0,0,0,1,0
3135,1632291,-8769,-13950,22720,0,-11942,-18997,30940,0,0,0,0,1,0
3136,1632812,-4470,-17227,21698,0,-6088,-23462,29551,0,0,0,0,1,0
3137,1633333,0,-19842,19842,0,0,-27026,27026,0,0,0,0,1,0
3138,1633854,4469,-21694,17224,0,6088,-29551,23462,0,0,0,0,1,0
3139,1634375,8766,-22711,13945,0,11942,-30940,18997,0,0,0,0,1,0
3140,1634895,12725,-22856,10131,0,17337,-31140,13802,0,0,0,0,1,0
3141,1635416,16195,-22123,5928,0,22066,-30143,8077,0,0,0,0,1,0
3142,1635937,19041,-20539,1498,0,25947,-27988,2041,0,0,0,0,1,0
3143,1636458,21156,-18167,-2989,0,28831,-24758,-4073,0,0,0,0,1,0
3144,1636979,22457,-15097,-7360,0,30607,-20576,-10031,0,0,0,0,1,0
3145,1637500,22894,-11447,-11447,0,31207,-15603,-15603,0,0,0,0,1,0
3146,1638020,22452,-7358,-15094,0,30607,-10031,-20576,0,0,0,0,1,0
3147,1638541,21148,-2988,-18160,0,28831,-4073,-24758,0,0,0,0,1,0
3148,1639062,19031,1497,-20528,0,25947,2041,-27988,0,0,0,0,1,0
3149,1639583,16183,5923,-22106,0,22066,8077,-30143,0,0,0,0,1,0
3150,1640104,12714,10121,-22835,0,17337,13802,-31140,0,0,0,0,1,0
3151,1640625,8756,13929,-22686,0,11942,18997,-30940,0,0,0,0,1,0
3152,1641145,4464,17202,-21665,0,6088,23462,-29551,0,0,0,0,1,0
3153,1641666,0,19812,-19812,0,0,27026,-27026,0,0,0,0,1,0
3154,1642187,-4463,21661,-17199,0,-6088,29551,-23462,0,0,0,0,1,0
3155,1642708,-8753,22678,-13924,0,-11942,30940,-18997,0,0,0,0,1,0
3156,1643229,-12707,22822,-10116,0,-17337,31140,-13802,0,0,0,0,1,0
3157,1643750,-16171,22090,-5919,0,-22066,30143,-8077,0,0,0,0,1,0
3158,1644270,-19013,20509,-1496,0,-25947,27988,-2041,0,0,0,0,1,0
3159,1644791,-21124,18140,2984,0,-28831,24758,4073,0,0,0,0,1,0
3160,1645312,-22423,15074,7349,0,-30607,20576,10031,0,0,0,0,1,0
3161,1645833,-22861,11430,11430,0,-31207,15603,15603,0,0,0,0,1,0
3162,1646354,-22419,7348,15072,0,-30607,10031,20576,0,0,0,0,1,0
3163,1646875,-21116,2983,18133,0,-28831,4073,24758,0,0,0,0,1,0
3164,1647395,-19003,-1495,20497,0,-25947,-2041,27988,0,0,0,0,1,0
3165,1647916,-16159,-5915,22073,0,-22066,-8077,30143,0,0,0,0,1,0
3166,1648437,-12695,-10106,22801,0,-17337,-13802,31140,0,0,0,0,1,0
3167,1648958,-8743,-13909,22652,0,-11942,-18997,30940,0,0,0,0,1,0
3168,1649479,-4457,-17176,21633,0,-6088,-23462,29551,0,0,0,0,1,0
3169,1650000,0,-19783,19783,0,0,-27026,27026,0,0,0,0,1,0
3170,1650520,4456,-21629,17173,0,6088,-29551,23462,0,0,0,0,1,0
3171,1651041,8740,-22644,13904,0,11942,-30940,18997,0,0,0,0,1,0
3172,1651562,12688,-22788,10101,0,17337,-31140,13802,0,0,0,0,1,0
3173,1652083,16147,-22057,5910,0,22066,-30143,8077,0,0,0,0,1,0
3174,1652604,18985,-20478,1493,0,25947,-27988,2041,0,0,0,0,1,0
3175,1653125,21093,-18113,-2980,0,28831,-24758,-4073,0,0,0,0,1,0
3176,1653645,22390,-15052,-7338,0,30607,-20576,-10031,0,0,0,0,1,0
3177,1654166,22827,-11413,-11413,0,31207,-15603,-15603,0,0,0,0,1,0
3178,1654687,22386,-7337,-15049,0,30607,-10031,-20576,0,0,0,0,1,0
3179,1655208,21085,-2979,-18106,0,28831,-4073,-24758,0,0,0,0,1,0
3180,1655729,18974,1493,-20467,0,25947,2041,-27988,0,0,0,0,1,0
3181,1656250,16135,5906,-22041,0,22066,8077,-30143,0,0,0,0,1,0
3182,1656770,12676,10091,-22767,0,17337,13802,-31140,0,0,0,0,1,0
3183,1657291,8731,13888,-22619,0,11942,18997,-30940,0,0,0,0,1,0
3184,1657812,4450,17151,-21601,0,6088,23462,-29551,0,0,0,0,1,0
3185,1658333,0,19754,-19754,0,0,27026,-27026,0,0,0,0,1,0
3186,1658854,-4450,21597,-17148,0,-6088,29551,-23462,0,0,0,0,1,0
3187,1659375,-8727,22611,-13883,0,-11942,30940,-18997,0,0,0,0,1,0
3188,1659895,-12669,22755,-10086,0,-17337,31140,-13802,0,0,0,0,1,0
3189,1660416,-16123,22024,-5901,0,-22066,30143,-8077,0,0,0,0,1,0
3190,1660937,-18957,20448,-1491,0,-25947,27988,-2041,0,0,0,0,1,0
3191,1661458,-21062,18086,2976,0,-28831,24758,4073,0,0,0,0,1,0
3192,1661979,-22357,15030,7327,0,-30607,20576,10031,0,0,0,0,1,0
3193,1662500,-22793,11396,11396,0,-31207,15603,15603,0,0,0,0,1,0
3194,1663020,-22353,7326,15027,0,-30607,10031,20576,0,0,0,0,1,0
3195,1663541,-21054,2975,18080,0,-28831,4073,24758,0,0,0,0,1,0
3196,1664062,-18946,-1490,20437,0,-25947,-2041,27988,0,0,0,0,1,0
3197,1664583,-16111,-5897,22008,0,-22066,-8077,30143,0,0,0,0,1,0
3198,1665104,-12657,-10076,22734,0,-17337,-13802,31140,0,0,0,0,1,0
3199,1665625,-8718,-13868,22585,0,-11942,-18997,30940,0,0,0,0,1,0
3200,1666145,-4444,-17126,21569,0,-6088,-23462,29551,0,0,0,0,1,0
3201,1666666,0,-19725,19725,0,0,-27026,27026,0,0,0,0,1,0
3202,1667187,4443,-21565,17122,0,6088,-29551,23462,0,0,0,0,1,0
3203,1667708,8714,-22577,13863,0,11942,-30940,18997,0,0,0,0,1,0
3204,1668229,12650,-22721,10071,0,17337,-31140,13802,0,0,0,0,1,0
3205,1668750,16099,-21992,5893,0,22066,-30143,8077,0,0,0,0,1,0
3206,1669270,18929,-20418,1489,0,25947,-27988,2041,0,0,0,0,1,0
3207,1669791,21031,-18060,-2971,0,28831,-24758,-4073,0,0,0,0,1,0
3208,1670312,22324,-15008,-7316,0,30607,-20576,-10031,0,0,0,0,1,0
3209,1670833,22759,-11380,-11380,0,31207,-15603,-15603,0,0,0,0,1,0
3210,1671354,22320,-7315,-15005,0,30607,-10031,-20576,0,0,0,0,1,0
3211,1671875,21023,-2970,-18053,0,28831,-4073,-24758,0,0,0,0,1,0
3212,1672395,18919,1488,-20407,0,25947,2041,-27988,0,0,0,0,1,0
3213,1672916,16087,5888,-21976,0,22066,8077,-30143,0,0,0,0,1,0
3214,1673437,12639,10062,-22700,0,17337,13802,-31140,0,0,0,0,1,0
3215,1673958,8705,13847,-22552,0,11942,18997,-30940,0,0,0,0,1,0
3216,1674479,4437,17100,-21538,0,6088,23462,-29551,0,0,0,0,1,0
3217,1675000,0,19696,-19696,0,0,27026,-27026,0,0,0,0,1,0
3218,1675520,-4436,21534,-17097,0,-6088,29551,-23462,0,0,0,0,1,0
3219,1676041,-8702,22544,-13842,0,-11942,30940,-18997,0,0,0,0,1,0
3220,1676562,-12632,22688,-10056,0,-17337,31140,-13802,0,0,0,0,1,0
3221,1677083,-16076,21960,-5884,0,-22066,30143,-8077,0,0,0,0,1,0
3222,1677604,-18901,20388,-1487,0,-25947,27988,-2041,0,0,0,0,1,0
3223,1678125,-21000,18033,2967,0,-28831,24758,4073,0,0,0,0,1,0
3224,1678645,-22291,14986,7306,0,-30607,20576,10031,0,0,0,0,1,0
3225,1679166,-22726,11363,11363,0,-31207,15603,15603,0,0,0,0,1,0
3226,1679687,-22287,7304,14983,0,-30607,10031,20576,0,0,0,0,1,0
3227,1680208,-20992,2966,18026,0,-28831,4073,24758,0,0,0,0,1,0
3228,1680729,-18891,-1486,20377,0,-25947,-2041,27988,0,0,0,0,1,0
3229,1681250,-16064,-5880,21944,0,-22066,-8077,30143,0,0,0,0,1,0
3230,1681770,-12620,-10047,22667,0,-17337,-13802,31140,0,0,0,0,1,0
3231,1682291,-8692,-13827,22519,0,-11942,-18997,30940,0,0,0,0,1,0
3232,1682812,-4431,-17075,21506,0,-6088,-23462,29551,0,0,0,0,1,0
3233,1683333,0,-19667,19667,0,0,-27026,27026,0,0,0,0,1,0
3234,1683854,4430,-21502,17072,0,6088,-29551,23462,0,0,0,0,1,0
3235,1684375,8689,-22511,13822,0,11942,-30940,18997,0,0,0,0,1,0
3236,1684895,12613,-22654,10041,0,17337,-31140,13802,0,0,0,0,1,0
3237,1685416,16052,-21927,5875,0,22066,-30143,8077,0,0,0,0,1,0
3238,1685937,18873,-20358,1485,0,25947,-27988,2041,0,0,0,0,1,0
3239,1686458,20969,-18007,-2963,0,28831,-24758,-4073,0,0,0,0,1,0
3240,1686979,22259,-14964,-7295,0,30607,-20576,-10031,0,0,0,0,1,0
3241,1687500,22693,-11346,-11346,0,31207,-15603,-15603,0,0,0,0,1,0
3242,1688020,22255,-7294,-14961,0,30607,-10031,-20576,0,0,0,0,1,0
3243,1688541,20961,-2961,-18000,0,28831,-4073,-24758,0,0,0,0,1,0
3244,1689062,18863,1484,-20347,0,25947,2041,-27988,0,0,0,0,1,0
3245,1689583,16040,5871,-21911,0,22066,8077,-30143,0,0,0,0,1,0
3246,1690104,12602,10032,-22634,0,17337,13802,-31140,0,0,0,0,1,0
3247,1690625,8679,13807,-22486,0,11942,18997,-30940,0,0,0,0,1,0
3248,1691145,4424,17050,-21475,0,6088,23462,-29551,0,0,0,0,1,0
3249,1691666,0,19638,-19638,0,0,27026,-27026,0,0,0,0,1,0
3250,1692187,-4423,21471,-17047,0,-6088,29551,-23462,0,0,0,0,1,0
3251,1692708,-8676,22478,-13802,0,-11942,30940,-18997,0,0,0,0,1,0
3252,1693229,-12595,22621,-10027,0,-17337,31140,-13802,0,0,0,0,1,0
3253,1693750,-16028,21895,-5867,0,-22066,30143,-8077,0,0,0,0,1,0
3254,1694270,-18846,20328,-1482,0,-25947,27988,-2041,0,0,0,0,1,0
3255,1694791,-20938,17980,2958,0,-28831,24758,4073,0,0,0,0,1,0
3256,1695312,-22226,14942,7284,0,-30607,20576,10031,0,0,0,0,1,0
3257,1695833,-22659,11330,11330,0,-31207,15603,15603,0,0,0,0,1,0
3258,1696354,-22222,7283,14939,0,-30607,10031,20576,0,0,0,0,1,0
3259,1696875,-20931,2957,17974,0,-28831,4073,24758,0,0,0,0,1,0
3260,1697395,-18835,-1482,20317,0,-25947,-2041,27988,0,0,0,0,1,0
3261,1697916,-16017,-5863,21879,0,-22066,-8077,30143,0,0,0,0,1,0
3262,1698437,-12583,-10017,22601,0,-17337,-13802,31140,0,0,0,0,1,0
3263,1698958,-8667,-13787,22453,0,-11942,-18997,30940,0,0,0,0,1,0
3264,1699479,-4418,-17025,21443,0,-6088,-23462,29551,0,0,0,0,1,0
3265,1700000,0,-19609,19609,0,0,-27026,27026,0,0,0,0,1,0
3266,1700520,4417,-21439,17022,0,6088,-29551,23462,0,0,0,0,1,0
3267,1701041,8663,-22445,13782,0,11942,-30940,18997,0,0,0,0,1,0
3268,1701562,12576,-22588,10012,0,17337,-31140,13802,0,0,0,0,1,0
3269,1702083,16005,-21863,5858,0,22066,-30143,8077,0,0,0,0,1,0
3270,1702604,18818,-20298,1480,0,25947,-27988,2041,0,0,0,0,1,0
3271,1703125,20908,-17954,-2954,0,28831,-24758,-4073,0,0,0,0,1,0
3272,1703645,22194,-14920,-7274,0,30607,-20576,-10031,0,0,0,0,1,0
3273,1704166,22626,-11313,-11313,0,31207,-15603,-15603,0,0,0,0,1,0
3274,1704687,22190,-7272,-14917,0,30607,-10031,-20576,0,0,0,0,1,0
3275,1705208,20900,-2953,-17947,0,28831,-4073,-24758,0,0,0,0,1,0
3276,1705729,18808,1479,-20287,0,25947,2041,-27988,0,0,0,0,1,0
3277,1706250,15993,5854,-21847,0,22066,8077,-30143,0,0,0,0,1,0
3278,1706770,12565,10003,-22568,0,17337,13802,-31140,0,0,0,0,1,0
3279,1707291,8654,13767,-22420,0,11942,18997,-30940,0,0,0,0,1,0
3280,1707812,4411,17001,-21412,0,6088,23462,-29551,0,0,0,0,1,0
3281,1708333,0,19581,-19581,0,0,27026,-27026,0,0,0,0,1,0
3282,1708854,-4411,21408,-16997,0,-6088,29551,-23462,0,0,0,0,1,0
3283,1709375,-8651,22412,-13761,0,-11942,30940,-18997,0,0,0,0,1,0
3284,1709895,-12558,22555,-9997,0,-17337,31140,-13802,0,0,0,0,1,0
3285,1710416,-15982,21831,-5850,0,-22066,30143,-8077,0,0,0,0,1,0
3286,1710937,-18791,20269,-1478,0,-25947,27988,-2041,0,0,0,0,1,0
3287,1711458,-20877,17928,2950,0,-28831,24758,4073,0,0,0,0,1,0
3288,1711979,-22161,14898,7263,0,-30607,20576,10031,0,0,0,0,1,0
3289,1712500,-22593,11297,11297,0,-31207,15603,15603,0,0,0,0,1,0
3290,1713020,-22157,7262,14895,0,-30607,10031,20576,0,0,0,0,1,0
3291,1713541,-20870,2948,17921,0,-28831,4073,24758,0,0,0,0,1,0
3292,1714062,-18781,-1477,20258,0,-25947,-2041,27988,0,0,0,0,1,0
3293,1714583,-15970,-5845,21816,0,-22066,-8077,30143,0,0,0,0,1,0
3294,1715104,-12546,-9988,22535,0,-17337,-13802,31140,0,0,0,0,1,0
3295,1715625,-8641,-13746,22388,0,-11942,-18997,30940,0,0,0,0,1,0
3296,1716145,-4405,-16976,21381,0,-6088,-23462,29551,0,0,0,0,1,0
3297,1716666,0,-19552,19552,0,0,-27026,27026,0,0,0,0,1,0
3298,1717187,4404,-21377,16973,0,6088,-29551,23462,0,0,0,0,1,0
3299,1717708,8638,-22380,13741,0,11942,-30940,18997,0,0,0,0,1,0
3300,1718229,12540,-22522,9983,0,17337,-31140,13802,0,0,0,0,1,0
3301,1718750,15958,-21800,5841,0,22066,-30143,8077,0,0,0,0,1,0
3302,1719270,18763,-20239,1476,0,25947,-27988,2041,0,0,0,0,1,0
3303,1719791,20847,-17902,-2945,0,28831,-24758,-4073,0,0,0,0,1,0
3304,1720312,22129,-14877,-7252,0,30607,-20576,-10031,0,0,0,0,1,0
3305,1720833,22561,-11280,-11280,0,31207,-15603,-15603,0,0,0,0,1,0
3306,1721354,22125,-7251,-14874,0,30607,-10031,-20576,0,0,0,0,1,0
3307,1721875,20839,-2944,-17895,0,28831,-4073,-24758,0,0,0,0,1,0
3308,1722395,18753,1475,-20228,0,25947,2041,-27988,0,0,0,0,1,0
3309,1722916,15947,5837,-21784,0,22066,8077,-30143,0,0,0,0,1,0
3310,1723437,12528,9974,-22502,0,17337,13802,-31140,0,0,0,0,1,0
3311,1723958,8629,13726,-22355,0,11942,18997,-30940,0,0,0,0,1,0
3312,1724479,4399,16951,-21350,0,6088,23462,-29551,0,0,0,0,1,0
3313,1725000,0,19524,-19524,0,0,27026,-27026,0,0,0,0,1,0
3314,1725520,-4398,21346,-16948,0,-6088,29551,-23462,0,0,0,0,1,0
3315,1726041,-8626,22347,-13722,0,-11942,30940,-18997,0,0,0,0,1,0
3316,1726562,-12521,22490,-9968,0,-17337,31140,-13802,0,0,0,0,1,0
3317,1727083,-15935,21768,-5833,0,-22066,30143,-8077,0,0,0,0,1,0
3318,1727604,-18736,20210,-1474,0,-25947,27988,-2041,0,0,0,0,1,0
3319,1728125,-20817,17876,2941,0,-28831,24758,4073,0,0,0,0,1,0
3320,1728645,-22097,14855,7242,0,-30607,20576,10031,0,0,0,0,1,0
3321,1729166,-22528,11264,11264,0,-31207,15603,15603,0,0,0,0,1,0
3322,1729687,-22093,7241,14852,0,-30607,10031,20576,0,0,0,0,1,0
3323,1730208,-20809,2940,17869,0,-28831,4073,24758,0,0,0,0,1,0
3324,1730729,-18726,-1473,20199,0,-25947,-2041,27988,0,0,0,0,1,0
3325,1731250,-15924,-5829,21752,0,-22066,-8077,30143,0,0,0,0,1,0
3326,1731770,-12510,-9959,22469,0,-17337,-13802,31140,0,0,0,0,1,0
3327,1732291,-8616,-13707,22323,0,-11942,-18997,30940,0,0,0,0,1,0
3328,1732812,-4392,-16927,21319,0,-6088,-23462,29551,0,0,0,0,1,0
3329,1733333,0,-19495,19495,0,0,-27026,27026,0,0,0,0,1,0
3330,1733854,4391,-21315,16923,0,6088,-29551,23462,0,0,0,0,1,0
3331,1734375,8613,-22315,13702,0,11942,-30940,18997,0,0,0,0,1,0
3332,1734895,12503,-22457,9954,0,17337,-31140,13802,0,0,0,0,1,0
3333,1735416,15912,-21737,5824,0,22066,-30143,8077,0,0,0,0,1,0
3334,1735937,18709,-20181,1472,0,25947,-27988,2041,0,0,0,0,1,0
3335,1736458,20787,-17850,-2937,0,28831,-24758,-4073,0,0,0,0,1,0
3336,1736979,22065,-14833,-7231,0,30607,-20576,-10031,0,0,0,0,1,0
3337,1737500,22495,-11248,-11248,0,31207,-15603,-15603,0,0,0,0,1,0
3338,1738020,22061,-7230,-14831,0,30607,-10031,-20576,0,0,0,0,1,0
3339,1738541,20779,-2936,-17843,0,28831,-4073,-24758,0,0,0,0,1,0
3340,1739062,18699,1471,-20170,0,25947,2041,-27988,0,0,0,0,1,0
3341,1739583,15901,5820,-21721,0,22066,8077,-30143,0,0,0,0,1,0
3342,1740104,12492,9945,-22437,0,17337,13802,-31140,0,0,0,0,1,0
3343,1740625,8604,13687,-22291,0,11942,18997,-30940,0,0,0,0,1,0
3344,1741145,4386,16902,-21288,0,6088,23462,-29551,0,0,0,0,1,0
3345,1741666,0,19467,-19467,0,0,27026,-27026,0,0,0,0,1,0
3346,1742187,-4385,21284,-16899,0,-6088,29551,-23462,0,0,0,0,1,0
3347,1742708,-8601,22283,-13682,0,-11942,30940,-18997,0,0,0,0,1,0
3348,1743229,-12485,22425,-9939,0,-17337,31140,-13802,0,0,0,0,1,0
3349,1743750,-15889,21705,-5816,0,-22066,30143,-8077,0,0,0,0,1,0
3350,1744270,-18682,20152,-1470,0,-25947,27988,-2041,0,0,0,0,1,0
3351,1744791,-20757,17824,2932,0,-28831,24758,4073,0,0,0,0,1,0
3352,1745312,-22033,14812,7221,0,-30607,20576,10031,0,0,0,0,1,0
3353,1745833,-22463,11231,11231,0,-31207,15603,15603,0,0,0,0,1,0
3354,1746354,-22029,7220,14809,0,-30607,10031,20576,0,0,0,0,1,0
3355,1746875,-20749,2931,17818,0,-28831,4073,24758,0,0,0,0,1,0
3356,1747395,-18672,-1469,20141,0,-25947,-2041,27988,0,0,0,0,1,0
3357,1747916,-15878,-5812,21689,0,-22066,-8077,30143,0,0,0,0,1,0
3358,1748437,-12474,-9931,22404,0,-17337,-13802,31140,0,0,0,0,1,0
3359,1748958,-8591,-13667,22258,0,-11942,-18997,30940,0,0,0,0,1,0
3360,1749479,-4379,-16878,21257,0,-6088,-23462,29551,0,0,0,0,1,0
3361,1750000,0,-19439,19439,0,0,-27026,27026,0,0,0,0,1,0
3362,1750520,4379,-21253,16875,0,6088,-29551,23462,0,0,0,0,1,0
3363,1751041,8588,-22250,13662,0,11942,-30940,18997,0,0,0,0,1,0
3364,1751562,12467,-22392,9925,0,17337,-31140,13802,0,0,0,0,1,0
3365,1752083,15866,-21674,5807,0,22066,-30143,8077,0,0,0,0,1,0
3366,1752604,18655,-20123,1467,0,25947,-27988,2041,0,0,0,0,1,0
3367,1753125,20727,-17798,-2928,0,28831,-24758,-4073,0,0,0,0,1,0
3368,1753645,22001,-14791,-7211,0,30607,-20576,-10031,0,0,0,0,1,0
3369,1754166,22430,-11215,-11215,0,31207,-15603,-15603,0,0,0,0,1,0
3370,1754687,21997,-7209,-14788,0,30607,-10031,-20576,0,0,0,0,1,0
3371,1755208,20719,-2927,-17792,0,28831,-4073,-24758,0,0,0,0,1,0
3372,1755729,18645,1467,-20112,0,25947,2041,-27988,0,0,0,0,1,0
3373,1756250,15855,5803,-21658,0,22066,8077,-30143,0,0,0,0,1,0
3374,1756770,12456,9916,-22372,0,17337,13802,-31140,0,0,0,0,1,0
3375,1757291,8579,13647,-22226,0,11942,18997,-30940,0,0,0,0,1,0
3376,1757812,4373,16853,-21227,0,6088,23462,-29551,0,0,0,0,1,0
3377,1758333,0,19411,-19411,0,0,27026,-27026,0,0,0,0,1,0
3378,1758854,-4372,21223,-16850,0,-6088,29551,-23462,0,0,0,0,1,0
3379,1759375,-8576,22218,-13642,0,-11942,30940,-18997,0,0,0,0,1,0
3380,1759895,-12449,22360,-9911,0,-17337,31140,-13802,0,0,0,0,1,0
3381,1760416,-15843,21643,-5799,0,-22066,30143,-8077,0,0,0,0,1,0
3382,1760937,-18628,20094,-1465,0,-25947,27988,-2041,0,0,0,0,1,0
3383,1761458,-20697,17773,2924,0,-28831,24758,4073,0,0,0,0,1,0
3384,1761979,-21970,14769,7200,0,-30607,20576,10031,0,0,0,0,1,0
3385,1762500,-22398,11199,11199,0,-31207,15603,15603,0,0,0,0,1,0
3386,1763020,-21966,7199,14767,0,-30607,10031,20576,0,0,0,0,1,0
3387,1763541,-20689,2923,17766,0,-28831,4073,24758,0,0,0,0,1,0
3388,1764062,-18618,-1465,20083,0,-25947,-2041,27988,0,0,0,0,1,0
3389,1764583,-15832,-5795,21627,0,-22066,-8077,30143,0,0,0,0,1,0
3390,1765104,-12438,-9902,22340,0,-17337,-13802,31140,0,0,0,0,1,0
3391,1765625,-8567,-13628,22194,0,-11942,-18997,30940,0,0,0,0,1,0
3392,1766145,-4367,-16829,21196,0,-6088,-23462,29551,0,0,0,0,1,0
3393,1766666,0,-19383,19383,0,0,-27026,27026,0,0,0,0,1,0
3394,1767187,4366,-21192,16826,0,6088,-29551,23462,0,0,0,0,1,0
3395,1767708,8564,-22186,13623,0,11942,-30940,18997,0,0,0,0,1,0
3396,1768229,12431,-22328,9897,0,17337,-31140,13802,0,0,0,0,1,0
3397,1768750,15821,-21612,5791,0,22066,-30143,8077,0,0,0,0,1,0
3398,1769270,18602,-20065,1463,0,25947,-27988,2041,0,0,0,0,1,0
3399,1769791,20667,-17747,-2920,0,28831,-24758,-4073,0,0,0,0,1,0
3400,1770312,21938,-14748,-7190,0,30607,-20576,-10031,0,0,0,0,1,0
3401,1770833,22366,-11183,-11183,0,31207,-15603,-15603,0,0,0,0,1,0
3402,1771354,21934,-7189,-14746,0,30607,-10031,-20576,0,0,0,0,1,0
3403,1771875,20660,-2919,-17741,0,28831,-4073,-24758,0,0,0,0,1,0
3404,1772395,18592,1462,-20054,0,25947,2041,-27988,0,0,0,0,1,0
3405,1772916,15809,5787,-21596,0,22066,8077,-30143,0,0,0,0,1,0
3406,1773437,12420,9888,-22308,0,17337,13802,-31140,0,0,0,0,1,0
3407,1773958,8554,13608,-22163,0,11942,18997,-30940,0,0,0,0,1,0
3408,1774479,4361,16805,-21166,0,6088,23462,-29551,0,0,0,0,1,0
3409,1775000,0,19356,-19356,0,0,27026,-27026,0,0,0,0,1,0
3410,1775520,-4360,21162,-16802,0,-6088,29551,-23462,0,0,0,0,1,0
3411,1776041,-8551,22155,-13603,0,-11942,30940,-18997,0,0,0,0,1,0
3412,1776562,-12414,22296,-9882,0,-17337,31140,-13802,0,0,0,0,1,0
3413,1777083,-15798,21581,-5782,0,-22066,30143,-8077,0,0,0,0,1,0
3414,1777604,-18575,20036,-1461,0,-25947,27988,-2041,0,0,0,0,1,0
3415,1778125,-20637,17722,2916,0,-28831,24758,4073,0,0,0,0,1,0
3416,1778645,-21907,14727,7180,0,-30607,20576,10031,0,0,0,0,1,0
3417,1779166,-22334,11167,11167,0,-31207,15603,15603,0,0,0,0,1,0
3418,1779687,-21903,7178,14724,0,-30607,10031,20576,0,0,0,0,1,0
3419,1780208,-20630,2915,17715,0,-28831,4073,24758,0,0,0,0,1,0
3420,1780729,-18565,-1460,20025,0,-25947,-2041,27988,0,0,0,0,1,0
3421,1781250,-15787,-5778,21565,0,-22066,-8077,30143,0,0,0,0,1,0
3422,1781770,-12402,-9874,22276,0,-17337,-13802,31140,0,0,0,0,1,0
3423,1782291,-8542,-13589,22131,0,-11942,-18997,30940,0,0,0,0,1,0
3424,1782812,-4354,-16781,21135,0,-6088,-23462,29551,0,0,0,0,1,0
3425,1783333,0,-19328,19328,0,0,-27026,27026,0,0,0,0,1,0
3426,1783854,4354,-21132,16778,0,6088,-29551,23462,0,0,0,0,1,0
3427,1784375,8539,-22123,13584,0,11942,-30940,18997,0,0,0,0,1,0
3428,1784895,12396,-22264,9868,0,17337,-31140,13802,0,0,0,0,1,0
3429,1785416,15775,-21550,5774,0,22066,-30143,8077,0,0,0,0,1,0
3430,1785937,18548,-20007,1459,0,25947,-27988,2041,0,0,0,0,1,0
3431,1786458,20608,-17696,-2912,0,28831,-24758,-4073,0,0,0,0,1,0
3432,1786979,21875,-14706,-7169,0,30607,-20576,-10031,0,0,0,0,1,0
3433,1787500,22302,-11151,-11151,0,31207,-15603,-15603,0,0,0,0,1,0
3434,1788020,21871,-7168,-14703,0,30607,-10031,-20576,0,0,0,0,1,0
3435,1788541,20601,-2910,-17690,0,28831,-4073,-24758,0,0,0,0,1,0
3436,1789062,18538,1458,-19997,0,25947,2041,-27988,0,0,0,0,1,0
3437,1789583,15764,5770,-21534,0,22066,8077,-30143,0,0,0,0,1,0
3438,1790104,12385,9860,-22244,0,17337,13802,-31140,0,0,0,0,1,0
3439,1790625,8530,13569,-22099,0,11942,18997,-30940,0,0,0,0,1,0
3440,1791145,4348,16757,-21105,0,6088,23462,-29551,0,0,0,0,1,0
3441,1791666,0,19300,-19300,0,0,27026,-27026,0,0,0,0,1,0
3442,1792187,-4347,21101,-16754,0,-6088,29551,-23462,0,0,0,0,1,0
3443,1792708,-8527,22091,-13564,0,-11942,30940,-18997,0,0,0,0,1,0
3444,1793229,-12378,22232,-9854,0,-17337,31140,-13802,0,0,0,0,1,0
3445,1793750,-15753,21519,-5766,0,-22066,30143,-8077,0,0,0,0,1,0
3446,1794270,-18522,19979,-1457,0,-25947,27988,-2041,0,0,0,0,1,0
3447,1794791,-20579,17671,2907,0,-28831,24758,4073,0,0,0,0,1,0
3448,1795312,-21844,14685,7159,0,-30607,20576,10031,0,0,0,0,1,0
3449,1795833,-22270,11135,11135,0,-31207,15603,15603,0,0,0,0,1,0
3450,1796354,-21840,7158,14682,0,-30607,10031,20576,0,0,0,0,1,0
3451,1796875,-20571,2906,17665,0,-28831,4073,24758,0,0,0,0,1,0
3452,1797395,-18512,-1456,19968,0,-25947,-2041,27988,0,0,0,0,1,0
3453,1797916,-15742,-5762,21504,0,-22066,-8077,30143,0,0,0,0,1,0
3454,1798437,-12367,-9845,22213,0,-17337,-13802,31140,0,0,0,0,1,0
3455,1798958,-8518,-13550,22068,0,-11942,-18997,30940,0,0,0,0,1,0
3456,1799479,-4342,-16733,21075,0,-6088,-23462,29551,0,0,0,0,1,0
3457,1800000,0,-19273,19273,0,0,-27026,27026,0,0,0,0,1,0
3458,1800520,4341,-21071,16730,0,6088,-29551,23462,0,0,0,0,1,0
3459,1801041,8515,-22060,13545,0,11942,-30940,18997,0,0,0,0,1,0
3460,1801562,12361,-22201,9840,0,17337,-31140,13802,0,0,0,0,1,0
3461,1802083,15731,-21488,5758,0,22066,-30143,8077,0,0,0,0,1,0
3462,1802604,18496,-19950,1455,0,25947,-27988,2041,0,0,0,0,1,0
3463,1803125,20549,-17646,-2903,0,28831,-24758,-4073,0,0,0,0,1,0
3464,1803645,21813,-14664,-7149,0,30607,-20576,-10031,0,0,0,0,1,0
3465,1804166,22238,-11119,-11119,0,31207,-15603,-15603,0,0,0,0,1,0
3466,1804687,21809,-7148,-14662,0,30607,-10031,-20576,0,0,0,0,1,0
3467,1805208,20542,-2902,-17640,0,28831,-4073,-24758,0,0,0,0,1,0
3468,1805729,18486,1454,-19940,0,25947,2041,-27988,0,0,0,0,1,0
3469,1806250,15719,5754,-21473,0,22066,8077,-30143,0,0,0,0,1,0
3470,1806770,12350,9831,-22181,0,17337,13802,-31140,0,0,0,0,1,0
3471,1807291,8506,13531,-22036,0,11942,18997,-30940,0,0,0,0,1,0
3472,1807812,4336,16709,-21045,0,6088,23462,-29551,0,0,0,0,1,0
3473,1808333,0,19245,-19245,0,0,27026,-27026,0,0,0,0,1,0
3474,1808854,-4335,21041,-16706,0,-6088,29551,-23462,0,0,0,0,1,0
3475,1809375,-8503,22029,-13526,0,-11942,30940,-18997,0,0,0,0,1,0
3476,1809895,-12343,22169,-9826,0,-17337,31140,-13802,0,0,0,0,1,0
3477,1810416,-15708,21458,-5750,0,-22066,30143,-8077,0,0,0,0,1,0
3478,1810937,-18469,19922,-1453,0,-25947,27988,-2041,0,0,0,0,1,0
3479,1811458,-20520,17621,2899,0,-28831,24758,4073,0,0,0,0,1,0
3480,1811979,-21782,14643,7139,0,-30607,20576,10031,0,0,0,0,1,0
3481,1812500,-22207,11103,11103,0,-31207,15603,15603,0,0,0,0,1,0
3482,1813020,-21778,7138,14641,0,-30607,10031,20576,0,0,0,0,1,0
3483,1813541,-20513,2898,17615,0,-28831,4073,24758,0,0,0,0,1,0
3484,1814062,-18459,-1452,19911,0,-25947,-2041,27988,0,0,0,0,1,0
3485,1814583,-15697,-5746,21443,0,-22066,-8077,30143,0,0,0,0,1,0
3486,1815104,-12332,-9818,22150,0,-17337,-13802,31140,0,0,0,0,1,0
3487,1815625,-8494,-13512,22005,0,-11942,-18997,30940,0,0,0,0,1,0
3488,1816145,-4330,-16686,21015,0,-6088,-23462,29551,0,0,0,0,1,0
3489,1816666,0,-19218,19218,0,0,-27026,27026,0,0,0,0,1,0
3490,1817187,4329,-21012,16683,0,6088,-29551,23462,0,0,0,0,1,0
3491,1817708,8491,-21997,13507,0,11942,-30940,18997,0,0,0,0,1,0
3492,1818229,12325,-22138,9812,0,17337,-31140,13802,0,0,0,0,1,0
3493,1818750,15686,-21427,5741,0,22066,-30143,8077,0,0,0,0,1,0
3494,1819270,18443,-19894,1451,0,25947,-27988,2041,0,0,0,0,1,0
3495,1819791,20491,-17596,-2895,0,28831,-24758,-4073,0,0,0,0,1,0
3496,1820312,21751,-14623,-7129,0,30607,-20576,-10031,0,0,0,0,1,0
3497,1820833,22175,-11088,-11088,0,31207,-15603,-15603,0,0,0,0,1,0
3498,1821354,21747,-7127,-14620,0,30607,-10031,-20576,0,0,0,0,1,0
3499,1821875,20484,-2894,-17590,0,28831,-4073,-24758,0,0,0,0,1,0
3500,1822395,18433,1450,-19883,0,25947,2041,-27988,0,0,0,0,1,0
3501,1822916,15675,5737,-21412,0,22066,8077,-30143,0,0,0,0,1,0
3502,1823437,12315,9804,-22118,0,17337,13802,-31140,0,0,0,0,1,0
3503,1823958,8482,13492,-21974,0,11942,18997,-30940,0,0,0,0,1,0
3504,1824479,4324,16662,-20986,0,6088,23462,-29551,0,0,0,0,1,0
3505,1825000,0,19191,-19191,0,0,27026,-27026,0,0,0,0,1,0
3506,1825520,-4323,20982,-16659,0,-6088,29551,-23462,0,0,0,0,1,0
3507,1826041,-8479,21966,-13488,0,-11942,30940,-18997,0,0,0,0,1,0
3508,1826562,-12308,22106,-9798,0,-17337,31140,-13802,0,0,0,0,1,0
3509,1827083,-15664,21397,-5733,0,-22066,30143,-8077,0,0,0,0,1,0
3510,1827604,-18417,19866,-1449,0,-25947,27988,-2041,0,0,0,0,1,0
3511,1828125,-20462,17571,2891,0,-28831,24758,4073,0,0,0,0,1,0
3512,1828645,-21721,14602,7119,0,-30607,20576,10031,0,0,0,0,1,0
3513,1829166,-22144,11072,11072,0,-31207,15603,15603,0,0,0,0,1,0
3514,1829687,-21717,7117,14599,0,-30607,10031,20576,0,0,0,0,1,0
3515,1830208,-20455,2890,17565,0,-28831,4073,24758,0,0,0,0,1,0
3516,1830729,-18407,-1448,19855,0,-25947,-2041,27988,0,0,0,0,1,0
3517,1831250,-15653,-5729,21382,0,-22066,-8077,30143,0,0,0,0,1,0
3518,1831770,-12297,-9790,22087,0,-17337,-13802,31140,0,0,0,0,1,0
3519,1832291,-8470,-13473,21943,0,-11942,-18997,30940,0,0,0,0,1,0
3520,1832812,-4317,-16639,20956,0,-6088,-23462,29551,0,0,0,0,1,0
3521,1833333,0,-19164,19164,0,0,-27026,27026,0,0,0,0,1,0
3522,1833854,4317,-20952,16636,0,6088,-29551,23462,0,0,0,0,1,0
3523,1834375,8467,-21935,13469,0,11942,-30940,18997,0,0,0,0,1,0
3524,1834895,12291,-22075,9785,0,17337,-31140,13802,0,0,0,0,1,0
3525,1835416,15642,-21367,5725,0,22066,-30143,8077,0,0,0,0,1,0
3526,1835937,18391,-19838,1447,0,25947,-27988,2041,0,0,0,0,1,0
3527,1836458,20433,-17546,-2887,0,28831,-24758,-4073,0,0,0,0,1,0
3528,1836979,21690,-14581,-7109,0,30607,-20576,-10031,0,0,0,0,1,0
3529,1837500,22113,-11056,-11056,0,31207,-15603,-15603,0,0,0,0,1,0
3530,1838020,21686,-7107,-14579,0,30607,-10031,-20576,0,0,0,0,1,0
3531,1838541,20426,-2886,-17540,0,28831,-4073,-24758,0,0,0,0,1,0
3532,1839062,18381,1446,-19827,0,25947,2041,-27988,0,0,0,0,1,0
3533,1839583,15631,5721,-21352,0,22066,8077,-30143,0,0,0,0,1,0
3534,1840104,12280,9776,-22056,0,17337,13802,-31140,0,0,0,0,1,0
3535,1840625,8458,13454,-21912,0,11942,18997,-30940,0,0,0,0,1,0
3536,1841145,4311,16615,-20926,0,6088,23462,-29551,0,0,0,0,1,0
3537,1841666,0,19137,-19137,0,0,27026,-27026,0,0,0,0,1,0
3538,1842187,-4311,20923,-16612,0,-6088,29551,-23462,0,0,0,0,1,0
3539,1842708,-8455,21904,-13450,0,-11942,30940,-18997,0,0,0,0,1,0
3540,1843229,-12273,22044,-9771,0,-17337,31140,-13802,0,0,0,0,1,0
3541,1843750,-15620,21337,-5717,0,-22066,30143,-8077,0,0,0,0,1,0
3542,1844270,-18365,19810,-1445,0,-25947,27988,-2041,0,0,0,0,1,0
3543,1844791,-20404,17522,2883,0,-28831,24758,4073,0,0,0,0,1,0
3544,1845312,-21659,14561,7099,0,-30607,20576,10031,0,0,0,0,1,0
3545,1845833,-22082,11041,11041,0,-31207,15603,15603,0,0,0,0,1,0
3546,1846354,-21656,7097,14558,0,-30607,10031,20576,0,0,0,0,1,0
3547,1846875,-20397,2882,17516,0,-28831,4073,24758,0,0,0,0,1,0
3548,1847395,-18355,-1444,19799,0,-25947,-2041,27988,0,0,0,0,1,0
3549,1847916,-15609,-5713,21322,0,-22066,-8077,30143,0,0,0,0,1,0
3550,1848437,-12263,-9762,22025,0,-17337,-13802,31140,0,0,0,0,1,0
3551,1848958,-8446,-13435,21881,0,-11942,-18997,30940,0,0,0,0,1,0
3552,1849479,-4305,-16592,20897,0,-6088,-23462,29551,0,0,0,0,1,0
3553,1850000,0,-19110,19110,0,0,-27026,27026,0,0,0,0,1,0
3554,1850520,4305,-20893,16589,0,6088,-29551,23462,0,0,0,0,1,0
3555,1851041,8443,-21874,13431,0,11942,-30940,18997,0,0,0,0,1,0
3556,1851562,12256,-22013,9757,0,17337,-31140,13802,0,0,0,0,1,0
3557,1852083,15598,-21307,5709,0,22066,-30143,8077,0,0,0,0,1,0
3558,1852604,18339,-19782,1443,0,25947,-27988,2041,0,0,0,0,1,0
3559,1853125,20376,-17497,-2879,0,28831,-24758,-4073,0,0,0,0,1,0
3560,1853645,21629,-14540,-7089,0,30607,-20576,-10031,0,0,0,0,1,0
3561,1854166,22051,-11025,-11025,0,31207,-15603,-15603,0,0,0,0,1,0
3562,1854687,21625,-7087,-14538,0,30607,-10031,-20576,0,0,0,0,1,0
3563,1855208,20369,-2878,-17491,0,28831,-4073,-24758,0,0,0,0,1,0
3564,1855729,18330,1442,-19772,0,25947,2041,-27988,0,0,0,0,1,0
3565,1856250,15587,5705,-21292,0,22066,8077,-30143,0,0,0,0,1,0
3566,1856770,12245,9749,-21994,0,17337,13802,-31140,0,0,0,0,1,0
3567,1857291,8434,13417,-21851,0,11942,18997,-30940,0,0,0,0,1,0
3568,1857812,4299,16568,-20868,0,6088,23462,-29551,0,0,0,0,1,0
3569,1858333,0,19083,-19083,0,0,27026,-27026,0,0,0,0,1,0
3570,1858854,-4299,20864,-16566,0,-6088,29551,-23462,0,0,0,0,1,0
3571,1859375,-8431,21843,-13412,0,-11942,30940,-18997,0,0,0,0,1,0
3572,1859895,-12239,21982,-9743,0,-17337,31140,-13802,0,0,0,0,1,0
3573,1860416,-15576,21277,-5701,0,-22066,30143,-8077,0,0,0,0,1,0
3574,1860937,-18314,19754,-1441,0,-25947,27988,-2041,0,0,0,0,1,0
3575,1861458,-20347,17473,2875,0,-28831,24758,4073,0,0,0,0,1,0
3576,1861979,-21599,14520,7079,0,-30607,20576,10031,0,0,0,0,1,0
3577,1862500,-22020,11010,11010,0,-31207,15603,15603,0,0,0,0,1,0
3578,1863020,-21595,7077,14517,0,-30607,10031,20576,0,0,0,0,1,0
3579,1863541,-20340,2874,17467,0,-28831,4073,24758,0,0,0,0,1,0
3580,1864062,-18304,-1440,19744,0,-25947,-2041,27988,0,0,0,0,1,0
3581,1864583,-15565,-5697,21262,0,-22066,-8077,30143,0,0,0,0,1,0
3582,1865104,-12228,-9735,21963,0,-17337,-13802,31140,0,0,0,0,1,0
3583,1865625,-8422,-13398,21820,0,-11942,-18997,30940,0,0,0,0,1,0
3584,1866145,-4293,-16545,20839,0,-6088,-23462,29551,0,0,0,0,1,0
3585,1866666,0,-19056,19056,0,0,-27026,27026,0,0,0,0,1,0
3586,1867187,4292,-20835,16542,0,6088,-29551,23462,0,0,0,0,1,0
3587,1867708,8419,-21812,13393,0,11942,-30940,18997,0,0,0,0,1,0
3588,1868229,12222,-21952,9730,0,17337,-31140,13802,0,0,0,0,1,0
3589,1868750,15554,-21247,5693,0,22066,-30143,8077,0,0,0,0,1,0
3590,1869270,18288,-19727,1439,0,25947,-27988,2041,0,0,0,0,1,0
3591,1869791,20319,-17448,-2871,0,28831,-24758,-4073,0,0,0,0,1,0
3592,1870312,21568,-14500,-7069,0,30607,-20576,-10031,0,0,0,0,1,0
3593,1870833,21989,-10995,-10995,0,31207,-15603,-15603,0,0,0,0,1,0
3594,1871354,21565,-7068,-14497,0,30607,-10031,-20576,0,0,0,0,1,0
3595,1871875,20312,-2870,-17442,0,28831,-4073,-24758,0,0,0,0,1,0
3596,1872395,18279,1438,-19716,0,25947,2041,-27988,0,0,0,0,1,0
3597,1872916,15543,5689,-21232,0,22066,8077,-30143,0,0,0,0,1,0
3598,1873437,12211,9721,-21932,0,17337,13802,-31140,0,0,0,0,1,0
3599,1873958,8410,13379,-21790,0,11942,18997,-30940,0,0,0,0,1,0
3600,1874479,4287,16522,-20809,0,6088,23462,-29551,0,0,0,0,1,0
3601,1875000,0,19030,-19030,0,0,27026,-27026,0,0,0,0,1,0
3602,1875520,-4286,20806,-16519,0,-6088,29551,-23462,0,0,0,0,1,0
3603,1876041,-8408,21782,-13374,0,-11942,30940,-18997,0,0,0,0,1,0
3604,1876562,-12205,21921,-9716,0,-17337,31140,-13802,0,0,0,0,1,0
3605,1877083,-15532,21218,-5685,0,-22066,30143,-8077,0,0,0,0,1,0
3606,1877604,-18263,19699,-1437,0,-25947,27988,-2041,0,0,0,0,1,0
3607,1878125,-20291,17424,2867,0,-28831,24758,4073,0,0,0,0,1,0
3608,1878645,-21538,14479,7059,0,-30607,20576,10031,0,0,0,0,1,0
3609,1879166,-21958,10979,10979,0,-31207,15603,15603,0,0,0,0,1,0
3610,1879687,-21535,7058,14477,0,-30607,10031,20576,0,0,0,0,1,0
3611,1880208,-20283,2866,17418,0,-28831,4073,24758,0,0,0,0,1,0
3612,1880729,-18253,-1436,19689,0,-25947,-2041,27988,0,0,0,0,1,0
3613,1881250,-15522,-5681,21203,0,-22066,-8077,30143,0,0,0,0,1,0
3614,1881770,-12194,-9708,21902,0,-17337,-13802,31140,0,0,0,0,1,0
3615,1882291,-8399,-13360,21759,0,-11942,-18997,30940,0,0,0,0,1,0
3616,1882812,-4281,-16499,20780,0,-6088,-23462,29551,0,0,0,0,1,0
3617,1883333,0,-19003,19003,0,0,-27026,27026,0,0,0,0,1,0
3618,1883854,4281,-20777,16496,0,6088,-29551,23462,0,0,0,0,1,0
3619,1884375,8396,-21752,13356,0,11942,-30940,18997,0,0,0,0,1,0
3620,1884895,12188,-21890,9703,0,17337,-31140,13802,0,0,0,0,1,0
3621,1885416,15511,-21188,5677,0,22066,-30143,8077,0,0,0,0,1,0
3622,1885937,18237,-19672,1435,0,25947,-27988,2041,0,0,0,0,1,0
3623,1886458,20262,-17400,-2863,0,28831,-24758,-4073,0,0,0,0,1,0
3624,1886979,21508,-14459,-7049,0,30607,-20576,-10031,0,0,0,0,1,0
3625,1887500,21928,-10964,-10964,0,31207,-15603,-15603,0,0,0,0,1,0
3626,1888020,21505,-7048,-14457,0,30607,-10031,-20576,0,0,0,0,1,0
3627,1888541,20255,-2862,-17394,0,28831,-4073,-24758,0,0,0,0,1,0
3628,1889062,18228,1434,-19661,0,25947,2041,-27988,0,0,0,0,1,0
3629,1889583,15500,5673,-21173,0,22066,8077,-30143,0,0,0,0,1,0
3630,1890104,12177,9694,-21871,0,17337,13802,-31140,0,0,0,0,1,0
3631,1890625,8387,13342,-21729,0,11942,18997,-30940,0,0,0,0,1,0
3632,1891145,4275,16476,-20752,0,6088,23462,-29551,0,0,0,0,1,0
3633,1891666,0,18977,-18977,0,0,27026,-27026,0,0,0,0,1,0
3634,1892187,-4275,20748,-16473,0,-6088,29551,-23462,0,0,0,0,1,0
3635,1892708,-8384,21721,-13337,0,-11942,30940,-18997,0,0,0,0,1,0
3636,1893229,-12171,21860,-9689,0,-17337,31140,-13802,0,0,0,0,1,0
3637,1893750,-15489,21159,-5669,0,-22066,30143,-8077,0,0,0,0,1,0
3638,1894270,-18212,19644,-1433,0,-25947,27988,-2041,0,0,0,0,1,0
3639,1894791,-20234,17375,2859,0,-28831,24758,4073,0,0,0,0,1,0
3640,1895312,-21479,14439,7039,0,-30607,20576,10031,0,0,0,0,1,0
3641,1895833,-21897,10949,10949,0,-31207,15603,15603,0,0,0,0,1,0
3642,1896354,-21475,7038,14437,0,-30607,10031,20576,0,0,0,0,1,0
3643,1896875,-20227,2858,17369,0,-28831,4073,24758,0,0,0,0,1,0
3644,1897395,-18202,-1432,19634,0,-25947,-2041,27988,0,0,0,0,1,0
3645,1897916,-15478,-5666,21144,0,-22066,-8077,30143,0,0,0,0,1,0
3646,1898437,-12160,-9681,21841,0,-17337,-13802,31140,0,0,0,0,1,0
3647,1898958,-8375,-13323,21699,0,-11942,-18997,30940,0,0,0,0,1,0
3648,1899479,-4269,-16453,20723,0,-6088,-23462,29551,0,0,0,0,1,0
3649,1900000,0,-18951,18951,0,0,-27026,27026,0,0,0,0,1,0
3650,1900520,4269,-20719,16451,0,6088,-29551,23462,0,0,0,0,1,0
3651,1901041,8373,-21691,13319,0,11942,-30940,18997,0,0,0,0,1,0
3652,1901562,12154,-21830,9676,0,17337,-31140,13802,0,0,0,0,1,0
3653,1902083,15468,-21129,5662,0,22066,-30143,8077,0,0,0,0,1,0
3654,1902604,18187,-19617,1431,0,25947,-27988,2041,0,0,0,0,1,0
3655,1903125,20206,-17351,-2855,0,28831,-24758,-4073,0,0,0,0,1,0
3656,1903645,21449,-14419,-7030,0,30607,-20576,-10031,0,0,0,0,1,0
3657,1904166,21867,-10934,-10934,0,31207,-15603,-15603,0,0,0,0,1,0
3658,1904687,21445,-7028,-14417,0,30607,-10031,-20576,0,0,0,0,1,0
3659,1905208,20199,-2854,-17345,0,28831,-4073,-24758,0,0,0,0,1,0
3660,1905729,18177,1430,-19607,0,25947,2041,-27988,0,0,0,0,1,0
3661,1906250,15457,5658,-21115,0,22066,8077,-30143,0,0,0,0,1,0
3662,1906770,12143,9667,-21811,0,17337,13802,-31140,0,0,0,0,1,0
3663,1907291,8364,13305,-21669,0,11942,18997,-30940,0,0,0,0,1,0
3664,1907812,4263,16431,-20694,0,6088,23462,-29551,0,0,0,0,1,0
3665,1908333,0,18924,-18924,0,0,27026,-27026,0,0,0,0,1,0
3666,1908854,-4263,20691,-16428,0,-6088,29551,-23462,0,0,0,0,1,0
3667,1909375,-8361,21661,-13300,0,-11942,30940,-18997,0,0,0,0,1,0
3668,1909895,-12137,21800,-9662,0,-17337,31140,-13802,0,0,0,0,1,0
3669,1910416,-15446,21100,-5654,0,-22066,30143,-8077,0,0,0,0,1,0
3670,1910937,-18161,19590,-1429,0,-25947,27988,-2041,0,0,0,0,1,0
3671,1911458,-20178,17327,2851,0,-28831,24758,4073,0,0,0,0,1,0
3672,1911979,-21419,14399,7020,0,-30607,20576,10031,0,0,0,0,1,0
3673,1912500,-21837,10918,10918,0,-31207,15603,15603,0,0,0,0,1,0
3674,1913020,-21415,7019,14397,0,-30607,10031,20576,0,0,0,0,1,0
3675,1913541,-20171,2850,17321,0,-28831,4073,24758,0,0,0,0,1,0
3676,1914062,-18152,-1428,19580,0,-25947,-2041,27988,0,0,0,0,1,0
3677,1914583,-15436,-5650,21086,0,-22066,-8077,30143,0,0,0,0,1,0
3678,1915104,-12127,-9654,21781,0,-17337,-13802,31140,0,0,0,0,1,0
3679,1915625,-8352,-13287,21639,0,-11942,-18997,30940,0,0,0,0,1,0
3680,1916145,-4258,-16408,20666,0,-6088,-23462,29551,0,0,0,0,1,0
3681,1916666,0,-18898,18898,0,0,-27026,27026,0,0,0,0,1,0
3682,1917187,4257,-20662,16405,0,6088,-29551,23462,0,0,0,0,1,0
3683,1917708,8349,-21631,13282,0,11942,-30940,18997,0,0,0,0,1,0
3684,1918229,12120,-21769,9649,0,17337,-31140,13802,0,0,0,0,1,0
3685,1918750,15425,-21071,5646,0,22066,-30143,8077,0,0,0,0,1,0
3686,1919270,18136,-19563,1427,0,25947,-27988,2041,0,0,0,0,1,0
3687,1919791,20150,-17303,-2847,0,28831,-24758,-4073,0,0,0,0,1,0
3688,1920312,21390,-14379,-7010,0,30607,-20576,-10031,0,0,0,0,1,0
3689,1920833,21807,-10903,-10903,0,31207,-15603,-15603,0,0,0,0,1,0
3690,1921354,21386,-7009,-14377,0,30607,-10031,-20576,0,0,0,0,1,0
3691,1921875,20143,-2846,-17298,0,28831,-4073,-24758,0,0,0,0,1,0
3692,1922395,18127,1426,-19553,0,25947,2041,-27988,0,0,0,0,1,0
3693,1922916,15414,5642,-21057,0,22066,8077,-30143,0,0,0,0,1,0
3694,1923437,12110,9641,-21751,0,17337,13802,-31140,0,0,0,0,1,0
3695,1923958,8341,13268,-21609,0,11942,18997,-30940,0,0,0,0,1,0
3696,1924479,4252,16385,-20637,0,6088,23462,-29551,0,0,0,0,1,0
3697,1925000,0,18872,-18872,0,0,27026,-27026,0,0,0,0,1,0
3698,1925520,-4251,20634,-16383,0,-6088,29551,-23462,0,0,0,0,1,0
3699,1926041,-8338,21602,-13264,0,-11942,30940,-18997,0,0,0,0,1,0
3700,1926562,-12104,21740,-9636,0,-17337,31140,-13802,0,0,0,0,1,0
3701,1927083,-15404,21042,-5638,0,-22066,30143,-8077,0,0,0,0,1,0
3702,1927604,-18111,19536,-1425,0,-25947,27988,-2041,0,0,0,0,1,0
3703,1928125,-20123,17280,2843,0,-28831,24758,4073,0,0,0,0,1,0
3704,1928645,-21360,14360,7001,0,-30607,20576,10031,0,0,0,0,1,0
3705,1929166,-21777,10888,10888,0,-31207,15603,15603,0,0,0,0,1,0
3706,1929687,-21357,6999,14357,0,-30607,10031,20576,0,0,0,0,1,0
3707,1930208,-20116,2842,17274,0,-28831,4073,24758,0,0,0,0,1,0
3708,1930729,-18102,-1424,19526,0,-25947,-2041,27988,0,0,0,0,1,0
3709,1931250,-15393,-5634,21028,0,-22066,-8077,30143,0,0,0,0,1,0
3710,1931770,-12093,-9627,21721,0,-17337,-13802,31140,0,0,0,0,1,0
3711,1932291,-8329,-13250,21579,0,-11942,-18997,30940,0,0,0,0,1,0
3712,1932812,-4246,-16363,20609,0,-6088,-23462,29551,0,0,0,0,1,0
3713,1933333,0,-18846,18846,0,0,-27026,27026,0,0,0,0,1,0
3714,1933854,4245,-20605,16360,0,6088,-29551,23462,0,0,0,0,1,0
3715,1934375,8326,-21572,13245,0,11942,-30940,18997,0,0,0,0,1,0
3716,1934895,12087,-21710,9623,0,17337,-31140,13802,0,0,0,0,1,0
3717,1935416,15383,-21013,5630,0,22066,-30143,8077,0,0,0,0,1,0
3718,1935937,18087,-19509,1423,0,25947,-27988,2041,0,0,0,0,1,0
3719,1936458,20095,-17256,-2839,0,28831,-24758,-4073,0,0,0,0,1,0
3720,1936979,21331,-14340,-6991,0,30607,-20576,-10031,0,0,0,0,1,0
3721,1937500,21747,-10873,-10873,0,31207,-15603,-15603,0,0,0,0,1,0
3722,1938020,21327,-6990,-14338,0,30607,-10031,-20576,0,0,0,0,1,0
3723,1938541,20088,-2838,-17250,0,28831,-4073,-24758,0,0,0,0,1,0
3724,1939062,18077,1422,-19499,0,25947,2041,-27988,0,0,0,0,1,0
3725,1939583,15372,5627,-20999,0,22066,8077,-30143,0,0,0,0,1,0
3726,1940104,12077,9614,-21691,0,17337,13802,-31140,0,0,0,0,1,0
3727,1940625,8318,13232,-21550,0,11942,18997,-30940,0,0,0,0,1,0
3728,1941145,4240,16340,-20580,0,6088,23462,-29551,0,0,0,0,1,0
3729,1941666,0,18820,-18820,0,0,27026,-27026,0,0,0,0,1,0
3730,1942187,-4239,20577,-16338,0,-6088,29551,-23462,0,0,0,0,1,0
3731,1942708,-8315,21542,-13227,0,-11942,30940,-18997,0,0,0,0,1,0
3732,1943229,-12071,21680,-9609,0,-17337,31140,-13802,0,0,0,0,1,0
3733,1943750,-15362,20984,-5623,0,-22066,30143,-8077,0,0,0,0,1,0
3734,1944270,-18062,19483,-1421,0,-25947,27988,-2041,0,0,0,0,1,0
3735,1944791,-20067,17232,2835,0,-28831,24758,4073,0,0,0,0,1,0
3736,1945312,-21302,14320,6981,0,-30607,20576,10031,0,0,0,0,1,0
3737,1945833,-21717,10859,10859,0,-31207,15603,15603,0,0,0,0,1,0
3738,1946354,-21298,6980,14318,0,-30607,10031,20576,0,0,0,0,1,0
3739,1946875,-20061,2834,17226,0,-28831,4073,24758,0,0,0,0,1,0
3740,1947395,-18053,-1420,19473,0,-25947,-2041,27988,0,0,0,0,1,0
3741,1947916,-15351,-5619,20970,0,-22066,-8077,30143,0,0,0,0,1,0
3742,1948437,-12060,-9601,21661,0,-17337,-13802,31140,0,0,0,0,1,0
3743,1948958,-8307,-13214,21520,0,-11942,-18997,30940,0,0,0,0,1,0
3744,1949479,-4234,-16318,20552,0,-6088,-23462,29551,0,0,0,0,1,0
3745,1950000,0,-18795,18795,0,0,-27026,27026,0,0,0,0,1,0
3746,1950520,4234,-20549,16315,0,6088,-29551,23462,0,0,0,0,1,0
3747,1951041,8304,-21513,13209,0,11942,-30940,18997,0,0,0,0,1,0
3748,1951562,12054,-21650,9596,0,17337,-31140,13802,0,0,0,0,1,0
3749,1952083,15341,-20956,5615,0,22066,-30143,8077,0,0,0,0,1,0
3750,1952604,18037,-19456,1419,0,25947,-27988,2041,0,0,0,0,1,0
3751,1953125,20040,-17209,-2831,0,28831,-24758,-4073,0,0,0,0,1,0
3752,1953645,21273,-14301,-6972,0,30607,-20576,-10031,0,0,0,0,1,0
3753,1954166,21687,-10844,-10844,0,31207,-15603,-15603,0,0,0,0,1,0
3754,1954687,21269,-6971,-14298,0,30607,-10031,-20576,0,0,0,0,1,0
3755,1955208,20033,-2830,-17203,0,28831,-4073,-24758,0,0,0,0,1,0
3756,1955729,18028,1418,-19446,0,25947,2041,-27988,0,0,0,0,1,0
3757,1956250,15330,5611,-20941,0,22066,8077,-30143,0,0,0,0,1,0
3758,1956770,12044,9588,-21632,0,17337,13802,-31140,0,0,0,0,1,0
3759,1957291,8295,13196,-21491,0,11942,18997,-30940,0,0,0,0,1,0
3760,1957812,4228,16296,-20524,0,6088,23462,-29551,0,0,0,0,1,0
3761,1958333,0,18769,-18769,0,0,27026,-27026,0,0,0,0,1,0
3762,1958854,-4228,20521,-16293,0,-6088,29551,-23462,0,0,0,0,1,0
3763,1959375,-8292,21484,-13191,0,-11942,30940,-18997,0,0,0,0,1,0
3764,1959895,-12038,21621,-9583,0,-17337,31140,-13802,0,0,0,0,1,0
3765,1960416,-15320,20927,-5607,0,-22066,30143,-8077,0,0,0,0,1,0
3766,1960937,-18012,19429,-1417,0,-25947,27988,-2041,0,0,0,0,1,0
3767,1961458,-20013,17185,2827,0,-28831,24758,4073,0,0,0,0,1,0
3768,1961979,-21244,14281,6962,0,-30607,20576,10031,0,0,0,0,1,0
3769,1962500,-21658,10829,10829,0,-31207,15603,15603,0,0,0,0,1,0
3770,1963020,-21240,6961,14279,0,-30607,10031,20576,0,0,0,0,1,0
3771,1963541,-20006,2826,17179,0,-28831,4073,24758,0,0,0,0,1,0
3772,1964062,-18003,-1416,19419,0,-25947,-2041,27988,0,0,0,0,1,0
3773,1964583,-15309,-5604,20913,0,-22066,-8077,30143,0,0,0,0,1,0
3774,1965104,-12027,-9575,21602,0,-17337,-13802,31140,0,0,0,0,1,0
3775,1965625,-8284,-13178,21462,0,-11942,-18997,30940,0,0,0,0,1,0
3776,1966145,-4223,-16274,20496,0,-6088,-23462,29551,0,0,0,0,1,0
3777,1966666,0,-18744,18744,0,0,-27026,27026,0,0,0,0,1,0
3778,1967187,4222,-20493,16271,0,6088,-29551,23462,0,0,0,0,1,0
3779,1967708,8281,-21454,13173,0,11942,-30940,18997,0,0,0,0,1,0
3780,1968229,12021,-21591,9570,0,17337,-31140,13802,0,0,0,0,1,0
3781,1968750,15299,-20899,5600,0,22066,-30143,8077,0,0,0,0,1,0
3782,1969270,17988,-19403,1415,0,25947,-27988,2041,0,0,0,0,1,0
3783,1969791,19985,-17162,-2824,0,28831,-24758,-4073,0,0,0,0,1,0
3784,1970312,21215,-14262,-6953,0,30607,-20576,-10031,0,0,0,0,1,0
3785,1970833,21628,-10814,-10814,0,31207,-15603,-15603,0,0,0,0,1,0
3786,1971354,21211,-6952,-14259,0,30607,-10031,-20576,0,0,0,0,1,0
3787,1971875,19979,-2823,-17156,0,28831,-4073,-24758,0,0,0,0,1,0
3788,1972395,17979,1414,-19393,0,25947,2041,-27988,0,0,0,0,1,0
3789,1972916,15288,5596,-20884,0,22066,8077,-30143,0,0,0,0,1,0
3790,1973437,12011,9562,-21573,0,17337,13802,-31140,0,0,0,0,1,0
3791,1973958,8273,13160,-21432,0,11942,18997,-30940,0,0,0,0,1,0
3792,1974479,4217,16251,-20468,0,6088,23462,-29551,0,0,0,0,1,0
3793,1975000,0,18718,-18718,0,0,27026,-27026,0,0,0,0,1,0
3794,1975520,-4216,20465,-16249,0,-6088,29551,-23462,0,0,0,0,1,0
3795,1976041,-8270,21425,-13155,0,-11942,30940,-18997,0,0,0,0,1,0
3796,1976562,-12005,21562,-9557,0,-17337,31140,-13802,0,0,0,0,1,0
3797,1977083,-15278,20870,-5592,0,-22066,30143,-8077,0,0,0,0,1,0
3798,1977604,-17964,19377,-1413,0,-25947,27988,-2041,0,0,0,0,1,0
3799,1978125,-19958,17139,2820,0,-28831,24758,4073,0,0,0,0,1,0
3800,1978645,-21186,14242,6943,0,-30607,20576,10031,0,0,0,0,1,0
3801,1979166,-21599,10800,10800,0,-31207,15603,15603,0,0,0,0,1,0
3802,1979687,-21182,6942,14240,0,-30607,10031,20576,0,0,0,0,1,0
3803,1980208,-19952,2819,17133,0,-28831,4073,24758,0,0,0,0,1,0
3804,1980729,-17954,-1412,19367,0,-25947,-2041,27988,0,0,0,0,1,0
3805,1981250,-15268,-5588,20856,0,-22066,-8077,30143,0,0,0,0,1,0
3806,1981770,-11995,-9549,21544,0,-17337,-13802,31140,0,0,0,0,1,0
3807,1982291,-8261,-13142,21403,0,-11942,-18997,30940,0,0,0,0,1,0
3808,1982812,-4211,-16229,20441,0,-6088,-23462,29551,0,0,0,0,1,0
3809,1983333,0,-18693,18693,0,0,-27026,27026,0,0,0,0,1,0
3810,1983854,4211,-20437,16227,0,6088,-29551,23462,0,0,0,0,1,0
3811,1984375,8259,-21396,13138,0,11942,-30940,18997,0,0,0,0,1,0
3812,1984895,11989,-21533,9544,0,17337,-31140,13802,0,0,0,0,1,0
3813,1985416,15257,-20842,5585,0,22066,-30143,8077,0,0,0,0,1,0
3814,1985937,17939,-19350,1411,0,25947,-27988,2041,0,0,0,0,1,0
3815,1986458,19931,-17115,-2816,0,28831,-24758,-4073,0,0,0,0,1,0
3816,1986979,21157,-14223,-6934,0,30607,-20576,-10031,0,0,0,0,1,0
3817,1987500,21570,-10785,-10785,0,31207,-15603,-15603,0,0,0,0,1,0
3818,1988020,21154,-6933,-14221,0,30607,-10031,-20576,0,0,0,0,1,0
3819,1988541,19925,-2815,-17110,0,28831,-4073,-24758,0,0,0,0,1,0
3820,1989062,17930,1410,-19340,0,25947,2041,-27988,0,0,0,0,1,0
3821,1989583,15247,5581,-20828,0,22066,8077,-30143,0,0,0,0,1,0
3822,1990104,11978,9536,-21515,0,17337,13802,-31140,0,0,0,0,1,0
3823,1990625,8250,13124,-21374,0,11942,18997,-30940,0,0,0,0,1,0
3824,1991145,4206,16207,-20413,0,6088,23462,-29551,0,0,0,0,1,0
3825,1991666,0,18667,-18667,0,0,27026,-27026,0,0,0,0,1,0
3826,1992187,-4205,20410,-16205,0,-6088,29551,-23462,0,0,0,0,1,0
3827,1992708,-8247,21367,-13120,0,-11942,30940,-18997,0,0,0,0,1,0
3828,1993229,-11972,21504,-9531,0,-17337,31140,-13802,0,0,0,0,1,0
3829,1993750,-15237,20814,-5577,0,-22066,30143,-8077,0,0,0,0,1,0
3830,1994270,-17915,19324,-1409,0,-25947,27988,-2041,0,0,0,0,1,0
3831,1994791,-19904,17092,2812,0,-28831,24758,4073,0,0,0,0,1,0
3832,1995312,-21129,14204,6925,0,-30607,20576,10031,0,0,0,0,1,0
3833,1995833,-21541,10770,10770,0,-31207,15603,15603,0,0,0,0,1,0
3834,1996354,-21125,6923,14202,0,-30607,10031,20576,0,0,0,0,1,0
3835,1996875,-19898,2811,17086,0,-28831,4073,24758,0,0,0,0,1,0
3836,1997395,-17906,-1408,19314,0,-25947,-2041,27988,0,0,0,0,1,0
3837,1997916,-15226,-5573,20800,0,-22066,-8077,30143,0,0,0,0,1,0
3838,1998437,-11962,-9523,21485,0,-17337,-13802,31140,0,0,0,0,1,0
3839,1998958,-8239,-13106,21346,0,-11942,-18997,30940,0,0,0,0,1,0
3840,1999479,-4200,-16186,20385,0,-6088,-23462,29551,0,0,0,0,1,0
3841,2000000,0,-18642,18642,0,0,-27026,27026,0,0,0,0,1,0
3842,2000520,4199,-20382,16183,0,6088,-29551,23462,0,0,0,0,1,0
3843,2001041,8236,-21338,13102,0,11942,-30940,18997,0,0,0,0,1,0
3844,2001562,11956,-21475,9518,0,17337,-31140,13802,0,0,0,0,1,0
3845,2002083,15216,-20786,5569,0,22066,-30143,8077,0,0,0,0,1,0
3846,2002604,17891,-19298,1407,0,25947,-27988,2041,0,0,0,0,1,0
3847,2003124,19878,-17069,-2808,0,28831,-24758,-4073,0,0,0,0,1,0
3848,2003645,21100,-14185,-6915,0,30607,-20576,-10031,0,0,0,0,1,0
3849,2004166,21512,-10756,-10756,0,31207,-15603,-15603,0,0,0,0,1,0
3850,2004687,21097,-6914,-14182,0,30607,-10031,-20576,0,0,0,0,1,0
3851,2005208,19871,-2807,-17063,0,28831,-4073,-24758,0,0,0,0,1,0
3852,2005729,17882,1407,-19288,0,25947,2041,-27988,0,0,0,0,1,0
3853,2006250,15206,5566,-20772,0,22066,8077,-30143,0,0,0,0,1,0
3854,2006770,11946,9510,-21457,0,17337,13802,-31140,0,0,0,0,1,0
3855,2007291,8228,13089,-21317,0,11942,18997,-30940,0,0,0,0,1,0
3856,2007812,4194,16164,-20358,0,6088,23462,-29551,0,0,0,0,1,0
3857,2008333,0,18617,-18617,0,0,27026,-27026,0,0,0,0,1,0
3858,2008854,-4194,20355,-16161,0,-6088,29551,-23462,0,0,0,0,1,0
3859,2009375,-8225,21310,-13084,0,-11942,30940,-18997,0,0,0,0,1,0
3860,2009895,-11940,21446,-9506,0,-17337,31140,-13802,0,0,0,0,1,0
3861,2010416,-15196,20758,-5562,0,-22066,30143,-8077,0,0,0,0,1,0
3862,2010937,-17867,19272,-1405,0,-25947,27988,-2041,0,0,0,0,1,0
3863,2011458,-19851,17046,2805,0,-28831,24758,4073,0,0,0,0,1,0
3864,2011979,-21072,14166,6906,0,-30607,20576,10031,0,0,0,0,1,0
3865,2012500,-21483,10741,10741,0,-31207,15603,15603,0,0,0,0,1,0
3866,2013020,-21068,6905,14163,0,-30607,10031,20576,0,0,0,0,1,0
3867,2013541,-19844,2804,17041,0,-28831,4073,24758,0,0,0,0,1,0
3868,2014062,-17858,-1405,19262,0,-25947,-2041,27988,0,0,0,0,1,0
3869,2014583,-15185,-5558,20744,0,-22066,-8077,30143,0,0,0,0,1,0
3870,2015104,-11930,-9498,21428,0,-17337,-13802,31140,0,0,0,0,1,0
3871,2015625,-8217,-13071,21288,0,-11942,-18997,30940,0,0,0,0,1,0
3872,2016145,-4189,-16142,20331,0,-6088,-23462,29551,0,0,0,0,1,0
3873,2016666,0,-18592,18592,0,0,-27026,27026,0,0,0,0,1,0
3874,2017187,4188,-20327,16139,0,6088,-29551,23462,0,0,0,0,1,0
3875,2017708,8214,-21281,13067,0,11942,-30940,18997,0,0,0,0,1,0
3876,2018229,11924,-21417,9493,0,17337,-31140,13802,0,0,0,0,1,0
3877,2018749,15175,-20730,5555,0,22066,-30143,8077,0,0,0,0,1,0
3878,2019270,17843,-19246,1404,0,25947,-27988,2041,0,0,0,0,1,0
3879,2019791,19824,-17023,-2801,0,28831,-24758,-4073,0,0,0,0,1,0
3880,2020312,21043,-14147,-6897,0,30607,-20576,-10031,0,0,0,0,1,0
3881,2020833,21454,-10727,-10727,0,31207,-15603,-15603,0,0,0,0,1,0
3882,2021354,21040,-6896,-14144,0,30607,-10031,-20576,0,0,0,0,1,0
3883,2021875,19817,-2800,-17018,0,28831,-4073,-24758,0,0,0,0,1,0
3884,2022395,17834,1403,-19237,0,25947,2041,-27988,0,0,0,0,1,0
3885,2022916,15165,5551,-20716,0,22066,8077,-30143,0,0,0,0,1,0
3886,2023437,11914,9485,-21399,0,17337,13802,-31140,0,0,0,0,1,0
3887,2023958,8206,13054,-21260,0,11942,18997,-30940,0,0,0,0,1,0
3888,2024479,4183,16120,-20303,0,6088,23462,-29551,0,0,0,0,1,0
3889,2025000,0,18567,-18567,0,0,27026,-27026,0,0,0,0,1,0
3890,2025520,-4182,20300,-16118,0,-6088,29551,-23462,0,0,0,0,1,0
3891,2026041,-8203,21253,-13049,0,-11942,30940,-18997,0,0,0,0,1,0
3892,2026562,-11908,21388,-9480,0,-17337,31140,-13802,0,0,0,0,1,0
3893,2027083,-15155,20702,-5547,0,-22066,30143,-8077,0,0,0,0,1,0
3894,2027604,-17819,19220,-1402,0,-25947,27988,-2041,0,0,0,0,1,0
3895,2028125,-19798,17001,2797,0,-28831,24758,4073,0,0,0,0,1,0
3896,2028645,-21015,14128,6887,0,-30607,20576,10031,0,0,0,0,1,0
3897,2029166,-21425,10713,10713,0,-31207,15603,15603,0,0,0,0,1,0
3898,2029687,-21012,6886,14125,0,-30607,10031,20576,0,0,0,0,1,0
3899,2030208,-19791,2796,16995,0,-28831,4073,24758,0,0,0,0,1,0
3900,2030729,-17810,-1401,19211,0,-25947,-2041,27988,0,0,0,0,1,0
3901,2031250,-15145,-5543,20688,0,-22066,-8077,30143,0,0,0,0,1,0
3902,2031770,-11898,-9472,21370,0,-17337,-13802,31140,0,0,0,0,1,0
3903,2032291,-8195,-13036,21231,0,-11942,-18997,30940,0,0,0,0,1,0
3904,2032812,-4177,-16099,20276,0,-6088,-23462,29551,0,0,0,0,1,0
3905,2033333,0,-18542,18542,0,0,-27026,27026,0,0,0,0,1,0
3906,2033854,4177,-20273,16096,0,6088,-29551,23462,0,0,0,0,1,0
3907,2034374,8192,-21224,13032,0,11942,-30940,18997,0,0,0,0,1,0
3908,2034895,11892,-21360,9467,0,17337,-31140,13802,0,0,0,0,1,0
3909,2035416,15135,-20674,5540,0,22066,-30143,8077,0,0,0,0,1,0
3910,2035937,17795,-19195,1400,0,25947,-27988,2041,0,0,0,0,1,0
3911,2036458,19771,-16978,-2793,0,28831,-24758,-4073,0,0,0,0,1,0
3912,2036979,20987,-14109,-6878,0,30607,-20576,-10031,0,0,0,0,1,0
3913,2037500,21397,-10698,-10698,0,31207,-15603,-15603,0,0,0,0,1,0
3914,2038020,20984,-6877,-14107,0,30607,-10031,-20576,0,0,0,0,1,0
3915,2038541,19765,-2792,-16972,0,28831,-4073,-24758,0,0,0,0,1,0
3916,2039062,17786,1399,-19185,0,25947,2041,-27988,0,0,0,0,1,0
3917,2039583,15125,5536,-20661,0,22066,8077,-30143,0,0,0,0,1,0
3918,2040104,11882,9459,-21342,0,17337,13802,-31140,0,0,0,0,1,0
3919,2040625,8184,13019,-21203,0,11942,18997,-30940,0,0,0,0,1,0
3920,2041145,4172,16077,-20249,0,6088,23462,-29551,0,0,0,0,1,0
3921,2041666,0,18518,-18518,0,0,27026,-27026,0,0,0,0,1,0
3922,2042187,-4171,20246,-16075,0,-6088,29551,-23462,0,0,0,0,1,0
3923,2042708,-8181,21196,-13015,0,-11942,30940,-18997,0,0,0,0,1,0
3924,2043229,-11876,21331,-9455,0,-17337,31140,-13802,0,0,0,0,1,0
3925,2043750,-15115,20647,-5532,0,-22066,30143,-8077,0,0,0,0,1,0
3926,2044270,-17771,19169,-1398,0,-25947,27988,-2041,0,0,0,0,1,0
3927,2044791,-19745,16955,2790,0,-28831,24758,4073,0,0,0,0,1,0
3928,2045312,-20959,14090,6869,0,-30607,20576,10031,0,0,0,0,1,0
3929,2045833,-21368,10684,10684,0,-31207,15603,15603,0,0,0,0,1,0
3930,2046354,-20956,6868,14088,0,-30607,10031,20576,0,0,0,0,1,0
3931,2046875,-19738,2789,16950,0,-28831,4073,24758,0,0,0,0,1,0
3932,2047395,-17762,-1397,19160,0,-25947,-2041,27988,0,0,0,0,1,0
3933,2047916,-15104,-5529,20633,0,-22066,-8077,30143,0,0,0,0,1,0
3934,2048437,-11866,-9447,21313,0,-17337,-13802,31140,0,0,0,0,1,0
3935,2048958,-8173,-13002,21175,0,-11942,-18997,30940,0,0,0,0,1,0
3936,2049479,-4166,-16056,20222,0,-6088,-23462,29551,0,0,0,0,1,0
3937,2049999,0,-18493,18493,0,0,-27026,27026,0,0,0,0,1,0
3938,2050520,4166,-20219,16053,0,6088,-29551,23462,0,0,0,0,1,0
3939,2051041,8170,-21168,12997,0,11942,-30940,18997,0,0,0,0,1,0
3940,2051562,11861,-21303,9442,0,17337,-31140,13802,0,0,0,0,1,0
3941,2052083,15094,-20619,5525,0,22066,-30143,8077,0,0,0,0,1,0
3942,2052604,17748,-19144,1396,0,25947,-27988,2041,0,0,0,0,1,0
3943,2053125,19718,-16933,-2786,0,28831,-24758,-4073,0,0,0,0,1,0
3944,2053645,20931,-14071,-6860,0,30607,-20576,-10031,0,0,0,0,1,0
3945,2054166,21340,-10670,-10670,0,31207,-15603,-15603,0,0,0,0,1,0
3946,2054687,20928,-6859,-14069,0,30607,-10031,-20576,0,0,0,0,1,0
3947,2055208,19712,-2785,-16927,0,28831,-4073,-24758,0,0,0,0,1,0
3948,2055729,17739,1395,-19134,0,25947,2041,-27988,0,0,0,0,1,0
3949,2056250,15084,5521,-20606,0,22066,8077,-30143,0,0,0,0,1,0
3950,2056770,11851,9434,-21285,0,17337,13802,-31140,0,0,0,0,1,0
3951,2057291,8162,12984,-21146,0,11942,18997,-30940,0,0,0,0,1,0
3952,2057812,4161,16035,-20195,0,6088,23462,-29551,0,0,0,0,1,0
3953,2058333,0,18468,-18468,0,0,27026,-27026,0,0,0,0,1,0
3954,2058854,-4160,20192,-16032,0,-6088,29551,-23462,0,0,0,0,1,0
3955,2059375,-8160,21139,-12980,0,-11942,30940,-18997,0,0,0,0,1,0
3956,2059895,-11845,21274,-9430,0,-17337,31140,-13802,0,0,0,0,1,0
3957,2060416,-15074,20592,-5518,0,-22066,30143,-8077,0,0,0,0,1,0
3958,2060937,-17724,19118,-1394,0,-25947,27988,-2041,0,0,0,0,1,0
3959,2061458,-19692,16910,2782,0,-28831,24758,4073,0,0,0,0,1,0
3960,2061979,-20904,14053,6851,0,-30607,20576,10031,0,0,0,0,1,0
3961,2062500,-21311,10656,10656,0,-31207,15603,15603,0,0,0,0,1,0
3962,2063020,-20900,6850,14050,0,-30607,10031,20576,0,0,0,0,1,0
3963,2063541,-19686,2781,16905,0,-28831,4073,24758,0,0,0,0,1,0
3964,2064062,-17715,-1393,19109,0,-25947,-2041,27988,0,0,0,0,1,0
3965,2064583,-15064,-5514,20578,0,-22066,-8077,30143,0,0,0,0,1,0
3966,2065104,-11835,-9422,21257,0,-17337,-13802,31140,0,0,0,0,1,0
3967,2065624,-8151,-12967,21118,0,-11942,-18997,30940,0,0,0,0,1,0
3968,2066145,-4155,-16013,20169,0,-6088,-23462,29551,0,0,0,0,1,0
3969,2066666,0,-18444,18444,0,0,-27026,27026,0,0,0,0,1,0
3970,2067187,4155,-20165,16011,0,6088,-29551,23462,0,0,0,0,1,0
3971,2067708,8149,-21111,12963,0,11942,-30940,18997,0,0,0,0,1,0
3972,2068229,11829,-21246,9417,0,17337,-31140,13802,0,0,0,0,1,0
3973,2068750,15054,-20565,5510,0,22066,-30143,8077,0,0,0,0,1,0
3974,2069270,17701,-19093,1392,0,25947,-27988,2041,0,0,0,0,1,0
3975,2069791,19666,-16888,-2778,0,28831,-24758,-4073,0,0,0,0,1,0
3976,2070312,20876,-14034,-6842,0,30607,-20576,-10031,0,0,0,0,1,0
3977,2070833,21283,-10642,-10642,0,31207,-15603,-15603,0,0,0,0,1,0
3978,2071354,20872,-6841,-14032,0,30607,-10031,-20576,0,0,0,0,1,0
3979,2071875,19660,-2778,-16882,0,28831,-4073,-24758,0,0,0,0,1,0
3980,2072395,17692,1392,-19083,0,25947,2041,-27988,0,0,0,0,1,0
3981,2072916,15044,5507,-20551,0,22066,8077,-30143,0,0,0,0,1,0
3982,2073437,11819,9409,-21229,0,17337,13802,-31140,0,0,0,0,1,0
3983,2073958,8141,12950,-21091,0,11942,18997,-30940,0,0,0,0,1,0
3984,2074479,4150,15992,-20142,0,6088,23462,-29551,0,0,0,0,1,0
3985,2075000,0,18420,-18420,0,0,27026,-27026,0,0,0,0,1,0
3986,2075520,-4149,20139,-15990,0,-6088,29551,-23462,0,0,0,0,1,0
3987,2076041,-8138,21084,-12946,0,-11942,30940,-18997,0,0,0,0,1,0
3988,2076562,-11814,21218,-9405,0,-17337,31140,-13802,0,0,0,0,1,0
3989,2077083,-15034,20538,-5503,0,-22066,30143,-8077,0,0,0,0,1,0
3990,2077604,-17677,19068,-1390,0,-25947,27988,-2041,0,0,0,0,1,0
3991,2078125,-19640,16865,2775,0,-28831,24758,4073,0,0,0,0,1,0
3992,2078645,-20848,14016,6833,0,-30607,20576,10031,0,0,0,0,1,0
3993,2079166,-21255,10627,10627,0,-31207,15603,15603,0,0,0,0,1,0
3994,2079687,-20845,6832,14013,0,-30607,10031,20576,0,0,0,0,1,0
3995,2080208,-19634,2774,16860,0,-28831,4073,24758,0,0,0,0,1,0
3996,2080729,-17668,-1390,19058,0,-25947,-2041,27988,0,0,0,0,1,0
3997,2081249,-15025,-5499,20524,0,-22066,-8077,30143,0,0,0,0,1,0
3998,2081770,-11804,-9397,21201,0,-17337,-13802,31140,0,0,0,0,1,0
3999,2082291,-8130,-12933,21063,0,-11942,-18997,30940,0,0,0,0,1,0
4000,2082812,-4144,-15971,20115,0,-6088,-23462,29551,0,0,0,0,1,0
4001,2083333,0,-18395,18395,0,0,-27026,27026,0,0,0,0,1,0
4002,2083854,4144,-20112,15968,0,6088,-29551,23462,0,0,0,0,1,0
4003,2084375,8127,-21056,12929,0,11942,-30940,18997,0,0,0,0,1,0
4004,2084895,11798,-21190,9392,0,17337,-31140,13802,0,0,0,0,1,0
4005,2085416,15015,-20510,5496,0,22066,-30143,8077,0,0,0,0,1,0
4006,2085937,17654,-19043,1389,0,25947,-27988,2041,0,0,0,0,1,0
4007,2086458,19614,-16843,-2771,0,28831,-24758,-4073,0,0,0,0,1,0
4008,2086979,20821,-13997,-6824,0,30607,-20576,-10031,0,0,0,0,1,0
4009,2087500,21227,-10613,-10613,0,31207,-15603,-15603,0,0,0,0,1,0
4010,2088020,20817,-6823,-13995,0,30607,-10031,-20576,0,0,0,0,1,0
4011,2088541,19608,-2770,-16838,0,28831,-4073,-24758,0,0,0,0,1,0
4012,2089062,17645,1388,-19033,0,25947,2041,-27988,0,0,0,0,1,0
4013,2089583,15005,5492,-20497,0,22066,8077,-30143,0,0,0,0,1,0
4014,2090104,11788,9385,-21173,0,17337,13802,-31140,0,0,0,0,1,0
4015,2090625,8119,12916,-21035,0,11942,18997,-30940,0,0,0,0,1,0
4016,2091145,4139,15950,-20089,0,6088,23462,-29551,0,0,0,0,1,0
4017,2091666,0,18371,-18371,0,0,27026,-27026,0,0,0,0,1,0
4018,2092187,-4138,20086,-15947,0,-6088,29551,-23462,0,0,0,0,1,0
4019,2092708,-8117,21028,-12912,0,-11942,30940,-18997,0,0,0,0,1,0
4020,2093229,-11782,21162,-9380,0,-17337,31140,-13802,0,0,0,0,1,0
4021,2093750,-14995,20483,-5489,0,-22066,30143,-8077,0,0,0,0,1,0
4022,2094270,-17631,19018,-1387,0,-25947,27988,-2041,0,0,0,0,1,0
4023,2094791,-19589,16821,2767,0,-28831,24758,4073,0,0,0,0,1,0
4024,2095312,-20793,13979,6815,0,-30607,20576,10031,0,0,0,0,1,0
4025,2095833,-21199,10600,10600,0,-31207,15603,15603,0,0,0,0,1,0
4026,2096354,-20790,6814,13976,0,-30607,10031,20576,0,0,0,0,1,0
4027,2096874,-19582,2767,16816,0,-28831,4073,24758,0,0,0,0,1,0
4028,2097395,-17622,-1386,19008,0,-25947,-2041,27988,0,0,0,0,1,0
4029,2097916,-14985,-5485,20470,0,-22066,-8077,30143,0,0,0,0,1,0
4030,2098437,-11773,-9372,21145,0,-17337,-13802,31140,0,0,0,0,1,0
4031,2098958,-8109,-12899,21007,0,-11942,-18997,30940,0,0,0,0,1,0
4032,2099479,-4133,-15929,20063,0,-6088,-23462,29551,0,0,0,0,1,0
4033,2100000,0,-18347,18347,0,0,-27026,27026,0,0,0,0,1,0
4034,2100520,4133,-20059,15927,0,6088,-29551,23462,0,0,0,0,1,0
4035,2101041,8106,-21000,12895,0,11942,-30940,18997,0,0,0,0,1,0
4036,2101562,11767,-21135,9368,0,17337,-31140,13802,0,0,0,0,1,0
4037,2102083,14975,-20457,5481,0,22066,-30143,8077,0,0,0,0,1,0
4038,2102604,17608,-18993,1385,0,25947,-27988,2041,0,0,0,0,1,0
4039,2103125,19563,-16799,-2764,0,28831,-24758,-4073,0,0,0,0,1,0
4040,2103645,20766,-13960,-6806,0,30607,-20576,-10031,0,0,0,0,1,0
4041,2104166,21171,-10586,-10586,0,31207,-15603,-15603,0,0,0,0,1,0
4042,2104687,20763,-6805,-13958,0,30607,-10031,-20576,0,0,0,0,1,0
4043,2105208,19556,-2763,-16794,0,28831,-4073,-24758,0,0,0,0,1,0
4044,2105729,17599,1384,-18983,0,25947,2041,-27988,0,0,0,0,1,0
4045,2106250,14965,5478,-20443,0,22066,8077,-30143,0,0,0,0,1,0
4046,2106770,11757,9360,-21117,0,17337,13802,-31140,0,0,0,0,1,0
4047,2107291,8098,12882,-20980,0,11942,18997,-30940,0,0,0,0,1,0
4048,2107812,4128,15908,-20036,0,6088,23462,-29551,0,0,0,0,1,0
4049,2108333,0,18323,-18323,0,0,27026,-27026,0,0,0,0,1,0
4050,2108854,-4127,20033,-15906,0,-6088,29551,-23462,0,0,0,0,1,0
4051,2109375,-8095,20973,-12878,0,-11942,30940,-18997,0,0,0,0,1,0
4052,2109895,-11752,21107,-9355,0,-17337,31140,-13802,0,0,0,0,1,0
4053,2110416,-14956,20430,-5474,0,-22066,30143,-8077,0,0,0,0,1,0
4054,2110937,-17585,18968,-1383,0,-25947,27988,-2041,0,0,0,0,1,0
4055,2111458,-19537,16777,2760,0,-28831,24758,4073,0,0,0,0,1,0
4056,2111979,-20739,13942,6797,0,-30607,20576,10031,0,0,0,0,1,0
4057,2112500,-21144,10572,10572,0,-31207,15603,15603,0,0,0,0,1,0
4058,2113020,-20736,6796,13940,0,-30607,10031,20576,0,0,0,0,1,0
4059,2113541,-19531,2759,16772,0,-28831,4073,24758,0,0,0,0,1,0
4060,2114062,-17576,-1383,18958,0,-25947,-2041,27988,0,0,0,0,1,0
4061,2114583,-14946,-5471,20416,0,-22066,-8077,30143,0,0,0,0,1,0
4062,2115104,-11742,-9348,21090,0,-17337,-13802,31140,0,0,0,0,1,0
4063,2115625,-8087,-12865,20952,0,-11942,-18997,30940,0,0,0,0,1,0
4064,2116145,-4123,-15887,20010,0,-6088,-23462,29551,0,0,0,0,1,0
4065,2116666,0,-18299,18299,0,0,-27026,27026,0,0,0,0,1,0
4066,2117187,4122,-20007,15885,0,6088,-29551,23462,0,0,0,0,1,0
4067,2117708,8085,-20946,12861,0,11942,-30940,18997,0,0,0,0,1,0
4068,2118229,11736,-21079,9343,0,17337,-31140,13802,0,0,0,0,1,0
4069,2118750,14936,-20403,5467,0,22066,-30143,8077,0,0,0,0,1,0
4070,2119270,17562,-18943,1381,0,25947,-27988,2041,0,0,0,0,1,0
4071,2119791,19512,-16755,-2757,0,28831,-24758,-4073,0,0,0,0,1,0
4072,2120312,20712,-13924,-6788,0,30607,-20576,-10031,0,0,0,0,1,0
4073,2120833,21116,-10558,-10558,0,31207,-15603,-15603,0,0,0,0,1,0
4074,2121354,20709,-6787,-13922,0,30607,-10031,-20576,0,0,0,0,1,0
4075,2121875,19505,-2756,-16750,0,28831,-4073,-24758,0,0,0,0,1,0
4076,2122395,17553,1381,-18934,0,25947,2041,-27988,0,0,0,0,1,0
4077,2122916,14926,5463,-20390,0,22066,8077,-30143,0,0,0,0,1,0
4078,2123437,11727,9336,-21062,0,17337,13802,-31140,0,0,0,0,1,0
4079,2123958,8077,12848,-20925,0,11942,18997,-30940,0,0,0,0,1,0
4080,2124479,4117,15867,-19984,0,6088,23462,-29551,0,0,0,0,1,0
4081,2125000,0,18275,-18275,0,0,27026,-27026,0,0,0,0,1,0
4082,2125520,-4117,19981,-15864,0,-6088,29551,-23462,0,0,0,0,1,0
4083,2126041,-8074,20918,-12844,0,-11942,30940,-18997,0,0,0,0,1,0
4084,2126562,-11721,21052,-9331,0,-17337,31140,-13802,0,0,0,0,1,0
4085,2127083,-14917,20377,-5460,0,-22066,30143,-8077,0,0,0,0,1,0
4086,2127604,-17539,18918,-1380,0,-25947,27988,-2041,0,0,0,0,1,0
4087,2128125,-19486,16733,2753,0,-28831,24758,4073,0,0,0,0,1,0
4088,2128645,-20685,13906,6779,0,-30607,20576,10031,0,0,0,0,1,0
4089,2129166,-21088,10544,10544,0,-31207,15603,15603,0,0,0,0,1,0
4090,2129687,-20682,6778,13903,0,-30607,10031,20576,0,0,0,0,1,0
4091,2130208,-19480,2752,16728,0,-28831,4073,24758,0,0,0,0,1,0
4092,2130729,-17530,-1379,18909,0,-25947,-2041,27988,0,0,0,0,1,0
4093,2131250,-14907,-5456,20363,0,-22066,-8077,30143,0,0,0,0,1,0
4094,2131770,-11711,-9323,21035,0,-17337,-13802,31140,0,0,0,0,1,0
4095,2132291,-8066,-12832,20898,0,-11942,-18997,30940,0,0,0,0,1,0
4096,2132812,-4112,-15846,19958,0,-6088,-23462,29551,0,0,0,0,1,0
4097,2133333,0,-18251,18251,0,0,-27026,27026,0,0,0,0,1,0
4098,2133854,4111,-19955,15844,0,6088,-29551,23462,0,0,0,0,1,0
4099,2134375,8064,-20891,12827,0,11942,-30940,18997,0,0,0,0,1,0
4100,2134895,11706,-21025,9319,0,17337,-31140,13802,0,0,0,0,1,0
4101,2135416,14897,-20350,5453,0,22066,-30143,8077,0,0,0,0,1,0
4102,2135937,17516,-18894,1378,0,25947,-27988,2041,0,0,0,0,1,0
4103,2136458,19461,-16712,-2749,0,28831,-24758,-4073,0,0,0,0,1,0
4104,2136979,20658,-13888,-6770,0,30607,-20576,-10031,0,0,0,0,1,0
4105,2137500,21061,-10531,-10531,0,31207,-15603,-15603,0,0,0,0,1,0
4106,2138020,20655,-6769,-13885,0,30607,-10031,-20576,0,0,0,0,1,0
4107,2138541,19455,-2749,-16706,0,28831,-4073,-24758,0,0,0,0,1,0
4108,2139062,17507,1377,-18885,0,25947,2041,-27988,0,0,0,0,1,0
4109,2139583,14888,5449,-20337,0,22066,8077,-30143,0,0,0,0,1,0
4110,2140104,11696,9311,-21007,0,17337,13802,-31140,0,0,0,0,1,0
4111,2140625,8056,12815,-20871,0,11942,18997,-30940,0,0,0,0,1,0
4112,2141145,4106,15826,-19932,0,6088,23462,-29551,0,0,0,0,1,0
4113,2141666,0,18228,-18228,0,0,27026,-27026,0,0,0,0,1,0
4114,2142187,-4106,19929,-15823,0,-6088,29551,-23462,0,0,0,0,1,0
4115,2142708,-8053,20864,-12811,0,-11942,30940,-18997,0,0,0,0,1,0
4116,2143229,-11690,20997,-9307,0,-17337,31140,-13802,0,0,0,0,1,0
4117,2143750,-14878,20324,-5446,0,-22066,30143,-8077,0,0,0,0,1,0
4118,2144270,-17493,18869,-1376,0,-25947,27988,-2041,0,0,0,0,1,0
4119,2144791,-19436,16690,2746,0,-28831,24758,4073,0,0,0,0,1,0
4120,2145312,-20631,13870,6762,0,-30607,20576,10031,0,0,0,0,1,0
4121,2145833,-21034,10517,10517,0,-31207,15603,15603,0,0,0,0,1,0
4122,2146354,-20628,6761,13867,0,-30607,10031,20576,0,0,0,0,1,0
4123,2146875,-19430,2745,16685,0,-28831,4073,24758,0,0,0,0,1,0
4124,2147395,-17485,-1375,18860,0,-25947,-2041,27988,0,0,0,0,1,0
4125,2147916,-14868,-5442,20310,0,-22066,-8077,30143,0,0,0,0,1,0
4126,2148437,-11681,-9299,20980,0,-17337,-13802,31140,0,0,0,0,1,0
4127,2148958,-8045,-12798,20844,0,-11942,-18997,30940,0,0,0,0,1,0
4128,2149479,-4101,-15805,19906,0,-6088,-23462,29551,0,0,0,0,1,0
4129,2150000,0,-18204,18204,0,0,-27026,27026,0,0,0,0,1,0
4130,2150520,4100,-19903,15803,0,6088,-29551,23462,0,0,0,0,1,0
4131,2151041,8043,-20837,12794,0,11942,-30940,18997,0,0,0,0,1,0
4132,2151562,11675,-20970,9295,0,17337,-31140,13802,0,0,0,0,1,0
4133,2152083,14859,-20297,5439,0,22066,-30143,8077,0,0,0,0,1,0
4134,2152604,17471,-18845,1374,0,25947,-27988,2041,0,0,0,0,1,0
4135,2153125,19411,-16668,-2742,0,28831,-24758,-4073,0,0,0,0,1,0
4136,2153645,20605,-13852,-6753,0,30607,-20576,-10031,0,0,0,0,1,0
4137,2154166,21007,-10503,-10503,0,31207,-15603,-15603,0,0,0,0,1,0
4138,2154687,20601,-6752,-13849,0,30607,-10031,-20576,0,0,0,0,1,0
4139,2155208,19404,-2741,-16663,0,28831,-4073,-24758,0,0,0,0,1,0
4140,2155729,17462,1374,-18836,0,25947,2041,-27988,0,0,0,0,1,0
4141,2156250,14849,5435,-20284,0,22066,8077,-30143,0,0,0,0,1,0
4142,2156770,11666,9287,-20953,0,17337,13802,-31140,0,0,0,0,1,0
4143,2157291,8035,12782,-20817,0,11942,18997,-30940,0,0,0,0,1,0
4144,2157812,4096,15785,-19881,0,6088,23462,-29551,0,0,0,0,1,0
4145,2158333,0,18180,-18180,0,0,27026,-27026,0,0,0,0,1,0
4146,2158854,-4095,19877,-15782,0,-6088,29551,-23462,0,0,0,0,1,0
4147,2159375,-8032,20810,-12778,0,-11942,30940,-18997,0,0,0,0,1,0
4148,2159895,-11660,20943,-9283,0,-17337,31140,-13802,0,0,0,0,1,0
4149,2160416,-14840,20271,-5432,0,-22066,30143,-8077,0,0,0,0,1,0
4150,2160937,-17448,18820,-1372,0,-25947,27988,-2041,0,0,0,0,1,0
4151,2161458,-19386,16647,2739,0,-28831,24758,4073,0,0,0,0,1,0
4152,2161979,-20578,13834,6744,0,-30607,20576,10031,0,0,0,0,1,0
4153,2162500,-20979,10490,10490,0,-31207,15603,15603,0,0,0,0,1,0
4154,2163020,-20575,6743,13832,0,-30607,10031,20576,0,0,0,0,1,0
4155,2163541,-19379,2738,16641,0,-28831,4073,24758,0,0,0,0,1,0
4156,2164062,-17440,-1372,18811,0,-25947,-2041,27988,0,0,0,0,1,0
4157,2164583,-14830,-5428,20258,0,-22066,-8077,30143,0,0,0,0,1,0
4158,2165104,-11651,-9275,20926,0,-17337,-13802,31140,0,0,0,0,1,0
4159,2165625,-8025,-12765,20790,0,-11942,-18997,30940,0,0,0,0,1,0
4160,2166145,-4091,-15764,19855,0,-6088,-23462,29551,0,0,0,0,1,0
4161,2166666,0,-18157,18157,0,0,-27026,27026,0,0,0,0,1,0
4162,2167187,4090,-19852,15762,0,6088,-29551,23462,0,0,0,0,1,0
4163,2167708,8022,-20783,12761,0,11942,-30940,18997,0,0,0,0,1,0
4164,2168229,11645,-20916,9271,0,17337,-31140,13802,0,0,0,0,1,0
4165,2168750,14820,-20245,5425,0,22066,-30143,8077,0,0,0,0,1,0
4166,2169270,17426,-18796,1371,0,25947,-27988,2041,0,0,0,0,1,0
4167,2169791,19361,-16625,-2735,0,28831,-24758,-4073,0,0,0,0,1,0
4168,2170312,20552,-13816,-6735,0,30607,-20576,-10031,0,0,0,0,1,0
4169,2170833,20952,-10476,-10476,0,31207,-15603,-15603,0,0,0,0,1,0
4170,2171354,20548,-6734,-13814,0,30607,-10031,-20576,0,0,0,0,1,0
4171,2171875,19354,-2734,-16620,0,28831,-4073,-24758,0,0,0,0,1,0
4172,2172395,17417,1370,-18787,0,25947,2041,-27988,0,0,0,0,1,0
4173,2172916,14811,5421,-20232,0,22066,8077,-30143,0,0,0,0,1,0
4174,2173437,11636,9263,-20899,0,17337,13802,-31140,0,0,0,0,1,0
4175,2173958,8014,12749,-20763,0,11942,18997,-30940,0,0,0,0,1,0
4176,2174479,4085,15744,-19829,0,6088,23462,-29551,0,0,0,0,1,0
4177,2175000,0,18134,-18134,0,0,27026,-27026,0,0,0,0,1,0
4178,2175520,-4085,19826,-15742,0,-6088,29551,-23462,0,0,0,0,1,0
4179,2176041,-8012,20757,-12745,0,-11942,30940,-18997,0,0,0,0,1,0
4180,2176562,-11630,20889,-9259,0,-17337,31140,-13802,0,0,0,0,1,0
4181,2177083,-14801,20219,-5418,0,-22066,30143,-8077,0,0,0,0,1,0
4182,2177604,-17403,18772,-1369,0,-25947,27988,-2041,0,0,0,0,1,0
4183,2178125,-19336,16604,2732,0,-28831,24758,4073,0,0,0,0,1,0
4184,2178645,-20525,13798,6727,0,-30607,20576,10031,0,0,0,0,1,0
4185,2179166,-20926,10463,10463,0,-31207,15603,15603,0,0,0,0,1,0
4186,2179687,-20522,6726,13796,0,-30607,10031,20576,0,0,0,0,1,0
4187,2180208,-19330,2731,16599,0,-28831,4073,24758,0,0,0,0,1,0
4188,2180729,-17395,-1368,18763,0,-25947,-2041,27988,0,0,0,0,1,0
4189,2181250,-14792,-5414,20206,0,-22066,-8077,30143,0,0,0,0,1,0
4190,2181770,-11621,-9251,20872,0,-17337,-13802,31140,0,0,0,0,1,0
4191,2182291,-8004,-12733,20737,0,-11942,-18997,30940,0,0,0,0,1,0
4192,2182812,-4080,-15724,19804,0,-6088,-23462,29551,0,0,0,0,1,0
4193,2183333,0,-18110,18110,0,0,-27026,27026,0,0,0,0,1,0
4194,2183854,4079,-19801,15721,0,6088,-29551,23462,0,0,0,0,1,0
4195,2184375,8001,-20730,12728,0,11942,-30940,18997,0,0,0,0,1,0
4196,2184895,11615,-20862,9247,0,17337,-31140,13802,0,0,0,0,1,0
4197,2185416,14782,-20193,5411,0,22066,-30143,8077,0,0,0,0,1,0
4198,2185937,17381,-18748,1367,0,25947,-27988,2041,0,0,0,0,1,0
4199,2186458,19311,-16583,-2728,0,28831,-24758,-4073,0,0,0,0,1,0
4200,2186979,20499,-13781,-6718,0,30607,-20576,-10031,0,0,0,0,1,0
4201,2187500,20899,-10449,-10449,0,31207,-15603,-15603,0,0,0,0,1,0
4202,2188020,20496,-6717,-13778,0,30607,-10031,-20576,0,0,0,0,1,0
4203,2188541,19305,-2727,-16577,0,28831,-4073,-24758,0,0,0,0,1,0
4204,2189062,17372,1367,-18739,0,25947,2041,-27988,0,0,0,0,1,0
4205,2189583,14773,5407,-20180,0,22066,8077,-30143,0,0,0,0,1,0
4206,2190104,11606,9240,-20846,0,17337,13802,-31140,0,0,0,0,1,0
4207,2190625,7994,12716,-20710,0,11942,18997,-30940,0,0,0,0,1,0
4208,2191145,4075,15704,-19779,0,6088,23462,-29551,0,0,0,0,1,0
4209,2191666,0,18087,-18087,0,0,27026,-27026,0,0,0,0,1,0
4210,2192187,-4074,19775,-15701,0,-6088,29551,-23462,0,0,0,0,1,0
4211,2192708,-7991,20703,-12712,0,-11942,30940,-18997,0,0,0,0,1,0
4212,2193229,-11601,20836,-9235,0,-17337,31140,-13802,0,0,0,0,1,0
4213,2193750,-14763,20167,-5404,0,-22066,30143,-8077,0,0,0,0,1,0
4214,2194270,-17359,18724,-1365,0,-25947,27988,-2041,0,0,0,0,1,0
4215,2194791,-19286,16562,2725,0,-28831,24758,4073,0,0,0,0,1,0
4216,2195312,-20473,13763,6710,0,-30607,20576,10031,0,0,0,0,1,0
4217,2195833,-20872,10436,10436,0,-31207,15603,15603,0,0,0,0,1,0
4218,2196354,-20469,6709,13761,0,-30607,10031,20576,0,0,0,0,1,0
4219,2196875,-19280,2724,16556,0,-28831,4073,24758,0,0,0,0,1,0
4220,2197395,-17350,-1365,18715,0,-25947,-2041,27988,0,0,0,0,1,0
4221,2197916,-14754,-5400,20154,0,-22066,-8077,30143,0,0,0,0,1,0
4222,2198437,-11591,-9228,20819,0,-17337,-13802,31140,0,0,0,0,1,0
4223,2198958,-7984,-12700,20684,0,-11942,-18997,30940,0,0,0,0,1,0
4224,2199479,-4070,-15684,19753,0,-6088,-23462,29551,0,0,0,0,1,0
4225,2200000,0,-18064,18064,0,0,-27026,27026,0,0,0,0,1,0
4226,2200520,4069,-19750,15681,0,6088,-29551,23462,0,0,0,0,1,0
4227,2201041,7981,-20677,12696,0,11942,-30940,18997,0,0,0,0,1,0
4228,2201562,11586,-20809,9223,0,17337,-31140,13802,0,0,0,0,1,0
4229,2202083,14745,-20142,5397,0,22066,-30143,8077,0,0,0,0,1,0
4230,2202604,17336,-18700,1364,0,25947,-27988,2041,0,0,0,0,1,0
4231,2203125,19262,-16540,-2721,0,28831,-24758,-4073,0,0,0,0,1,0
4232,2203645,20446,-13745,-6701,0,30607,-20576,-10031,0,0,0,0,1,0
4233,2204166,20845,-10423,-10423,0,31207,-15603,-15603,0,0,0,0,1,0
4234,2204687,20443,-6700,-13743,0,30607,-10031,-20576,0,0,0,0,1,0
4235,2205208,19256,-2720,-16535,0,28831,-4073,-24758,0,0,0,0,1,0
4236,2205729,17328,1363,-18691,0,25947,2041,-27988,0,0,0,0,1,0
4237,2206250,14735,5393,-20129,0,22066,8077,-30143,0,0,0,0,1,0
4238,2206770,11576,9216,-20792,0,17337,13802,-31140,0,0,0,0,1,0
4239,2207291,7973,12684,-20657,0,11942,18997,-30940,0,0,0,0,1,0
4240,2207812,4064,15664,-19728,0,6088,23462,-29551,0,0,0,0,1,0
4241,2208333,0,18041,-18041,0,0,27026,-27026,0,0,0,0,1,0
4242,2208854,-4064,19725,-15661,0,-6088,29551,-23462,0,0,0,0,1,0
4243,2209375,-7971,20651,-12680,0,-11942,30940,-18997,0,0,0,0,1,0
4244,2209895,-11571,20783,-9212,0,-17337,31140,-13802,0,0,0,0,1,0
4245,2210416,-14726,20116,-5390,0,-22066,30143,-8077,0,0,0,0,1,0
4246,2210937,-17314,18676,-1362,0,-25947,27988,-2041,0,0,0,0,1,0
4247,2211458,-19237,16519,2718,0,-28831,24758,4073,0,0,0,0,1,0
4248,2211979,-20420,13728,6693,0,-30607,20576,10031,0,0,0,0,1,0
4249,2212500,-20819,10409,10409,0,-31207,15603,15603,0,0,0,0,1,0
4250,2213020,-20417,6691,13726,0,-30607,10031,20576,0,0,0,0,1,0
4251,2213541,-19231,2717,16514,0,-28831,4073,24758,0,0,0,0,1,0
4252,2214062,-17306,-1361,18667,0,-25947,-2041,27988,0,0,0,0,1,0
4253,2214583,-14717,-5387,20103,0,-22066,-8077,30143,0,0,0,0,1,0
4254,2215104,-11562,-9204,20766,0,-17337,-13802,31140,0,0,0,0,1,0
4255,2215625,-7963,-12668,20631,0,-11942,-18997,30940,0,0,0,0,1,0
4256,2216145,-4059,-15644,19703,0,-6088,-23462,29551,0,0,0,0,1,0
4257,2216666,0,-18018,18018,0,0,-27026,27026,0,0,0,0,1,0
4258,2217187,4059,-19700,15641,0,6088,-29551,23462,0,0,0,0,1,0
4259,2217708,7961,-20624,12664,0,11942,-30940,18997,0,0,0,0,1,0
4260,2218229,11556,-20756,9200,0,17337,-31140,13802,0,0,0,0,1,0
4261,2218750,14707,-20090,5383,0,22066,-30143,8077,0,0,0,0,1,0
4262,2219270,17292,-18653,1360,0,25947,-27988,2041,0,0,0,0,1,0
4263,2219791,19213,-16498,-2714,0,28831,-24758,-4073,0,0,0,0,1,0
4264,2220312,20395,-13711,-6684,0,30607,-20576,-10031,0,0,0,0,1,0
4265,2220833,20792,-10396,-10396,0,31207,-15603,-15603,0,0,0,0,1,0
4266,2221354,20391,-6683,-13708,0,30607,-10031,-20576,0,0,0,0,1,0
4267,2221875,19207,-2714,-16493,0,28831,-4073,-24758,0,0,0,0,1,0
4268,2222395,17284,1360,-18644,0,25947,2041,-27988,0,0,0,0,1,0
4269,2222916,14698,5380,-20078,0,22066,8077,-30143,0,0,0,0,1,0
4270,2223437,11547,9193,-20740,0,17337,13802,-31140,0,0,0,0,1,0
4271,2223958,7953,12652,-20605,0,11942,18997,-30940,0,0,0,0,1,0
4272,2224479,4054,15624,-19678,0,6088,23462,-29551,0,0,0,0,1,0
4273,2225000,0,17995,-17995,0,0,27026,-27026,0,0,0,0,1,0
4274,2225520,-4054,19675,-15621,0,-6088,29551,-23462,0,0,0,0,1,0
4275,2226041,-7951,20598,-12648,0,-11942,30940,-18997,0,0,0,0,1,0
4276,2226562,-11542,20730,-9188,0,-17337,31140,-13802,0,0,0,0,1,0
4277,2227083,-14689,20065,-5376,0,-22066,30143,-8077,0,0,0,0,1,0
4278,2227604,-17271,18629,-1358,0,-25947,27988,-2041,0,0,0,0,1,0
4279,2228125,-19188,16477,2711,0,-28831,24758,4073,0,0,0,0,1,0
4280,2228645,-20369,13693,6676,0,-30607,20576,10031,0,0,0,0,1,0
4281,2229166,-20766,10383,10383,0,-31207,15603,15603,0,0,0,0,1,0
4282,2229687,-20366,6675,13691,0,-30607,10031,20576,0,0,0,0,1,0
4283,2230208,-19182,2710,16472,0,-28831,4073,24758,0,0,0,0,1,0
4284,2230729,-17262,-1358,18620,0,-25947,-2041,27988,0,0,0,0,1,0
4285,2231250,-14679,-5373,20052,0,-22066,-8077,30143,0,0,0,0,1,0
4286,2231770,-11532,-9181,20713,0,-17337,-13802,31140,0,0,0,0,1,0
4287,2232291,-7943,-12636,20579,0,-11942,-18997,30940,0,0,0,0,1,0
4288,2232812,-4049,-15604,19653,0,-6088,-23462,29551,0,0,0,0,1,0
4289,2233333,0,-17973,17973,0,0,-27026,27026,0,0,0,0,1,0
4290,2233854,4048,-19650,15602,0,6088,-29551,23462,0,0,0,0,1,0
4291,2234375,7941,-20572,12632,0,11942,-30940,18997,0,0,0,0,1,0
4292,2234895,11527,-20704,9177,0,17337,-31140,13802,0,0,0,0,1,0
4293,2235416,14670,-20040,5370,0,22066,-30143,8077,0,0,0,0,1,0
4294,2235937,17249,-18605,1357,0,25947,-27988,2041,0,0,0,0,1,0
4295,2236458,19164,-16457,-2708,0,28831,-24758,-4073,0,0,0,0,1,0
4296,2236979,20343,-13676,-6667,0,30607,-20576,-10031,0,0,0,0,1,0
4297,2237500,20740,-10370,-10370,0,31207,-15603,-15603,0,0,0,0,1,0
4298,2238020,20340,-6666,-13674,0,30607,-10031,-20576,0,0,0,0,1,0
4299,2238541,19158,-2707,-16451,0,28831,-4073,-24758,0,0,0,0,1,0
4300,2239062,17241,1356,-18597,0,25947,2041,-27988,0,0,0,0,1,0
4301,2239583,14661,5366,-20027,0,22066,8077,-30143,0,0,0,0,1,0
4302,2240104,11518,9169,-20687,0,17337,13802,-31140,0,0,0,0,1,0
4303,2240625,7933,12620,-20553,0,11942,18997,-30940,0,0,0,0,1,0
4304,2241145,4044,15584,-19628,0,6088,23462,-29551,0,0,0,0,1,0
4305,2241666,0,17950,-17950,0,0,27026,-27026,0,0,0,0,1,0
4306,2242187,-4043,19625,-15582,0,-6088,29551,-23462,0,0,0,0,1,0
4307,2242708,-7931,20546,-12616,0,-11942,30940,-18997,0,0,0,0,1,0
4308,2243229,-11512,20678,-9165,0,-17337,31140,-13802,0,0,0,0,1,0
4309,2243750,-14651,20014,-5363,0,-22066,30143,-8077,0,0,0,0,1,0
4310,2244270,-17227,18582,-1355,0,-25947,27988,-2041,0,0,0,0,1,0
4311,2244791,-19140,16436,2704,0,-28831,24758,4073,0,0,0,0,1,0
4312,2245312,-20317,13659,6659,0,-30607,20576,10031,0,0,0,0,1,0
4313,2245833,-20714,10357,10357,0,-31207,15603,15603,0,0,0,0,1,0
4314,2246354,-20314,6658,13656,0,-30607,10031,20576,0,0,0,0,1,0
4315,2246875,-19134,2703,16431,0,-28831,4073,24758,0,0,0,0,1,0
4316,2247395,-17219,-1354,18573,0,-25947,-2041,27988,0,0,0,0,1,0
4317,2247916,-14642,-5359,20002,0,-22066,-8077,30143,0,0,0,0,1,0
4318,2248437,-11503,-9158,20661,0,-17337,-13802,31140,0,0,0,0,1,0
4319,2248958,-7923,-12604,20527,0,-11942,-18997,30940,0,0,0,0,1,0
4320,2249479,-4039,-15565,19604,0,-6088,-23462,29551,0,0,0,0,1,0
4321,2250000,0,-17927,17927,0,0,-27026,27026,0,0,0,0,1,0
4322,2250520,4038,-19601,15562,0,6088,-29551,23462,0,0,0,0,1,0
4323,2251041,7921,-20520,12600,0,11942,-30940,18997,0,0,0,0,1,0
4324,2251562,11498,-20652,9154,0,17337,-31140,13802,0,0,0,0,1,0
4325,2252083,14633,-19989,5356,0,22066,-30143,8077,0,0,0,0,1,0
4326,2252604,17205,-18559,1353,0,25947,-27988,2041,0,0,0,0,1,0
4327,2253125,19116,-16415,-2701,0,28831,-24758,-4073,0,0,0,0,1,0
4328,2253645,20292,-13641,-6650,0,30607,-20576,-10031,0,0,0,0,1,0
4329,2254166,20688,-10344,-10344,0,31207,-15603,-15603,0,0,0,0,1,0
4330,2254687,20289,-6649,-13639,0,30607,-10031,-20576,0,0,0,0,1,0
4331,2255208,19110,-2700,-16410,0,28831,-4073,-24758,0,0,0,0,1,0
4332,2255729,17197,1353,-18550,0,25947,2041,-27988,0,0,0,0,1,0
4333,2256250,14624,5353,-19977,0,22066,8077,-30143,0,0,0,0,1,0
4334,2256770,11489,9146,-20635,0,17337,13802,-31140,0,0,0,0,1,0
4335,2257291,7913,12588,-20501,0,11942,18997,-30940,0,0,0,0,1,0
4336,2257812,4034,15545,-19579,0,6088,23462,-29551,0,0,0,0,1,0
4337,2258333,0,17905,-17905,0,0,27026,-27026,0,0,0,0,1,0
4338,2258854,-4033,19576,-15543,0,-6088,29551,-23462,0,0,0,0,1,0
4339,2259375,-7911,20495,-12584,0,-11942,30940,-18997,0,0,0,0,1,0
4340,2259895,-11484,20626,-9142,0,-17337,31140,-13802,0,0,0,0,1,0
4341,2260416,-14615,19964,-5349,0,-22066,30143,-8077,0,0,0,0,1,0
4342,2260937,-17184,18535,-1352,0,-25947,27988,-2041,0,0,0,0,1,0
4343,2261458,-19092,16395,2697,0,-28831,24758,4073,0,0,0,0,1,0
4344,2261979,-20266,13624,6642,0,-30607,20576,10031,0,0,0,0,1,0
4345,2262500,-20662,10331,10331,0,-31207,15603,15603,0,0,0,0,1,0
4346,2263020,-20263,6641,13622,0,-30607,10031,20576,0,0,0,0,1,0
4347,2263541,-19086,2696,16390,0,-28831,4073,24758,0,0,0,0,1,0
4348,2264062,-17176,-1351,18527,0,-25947,-2041,27988,0,0,0,0,1,0
4349,2264583,-14606,-5346,19951,0,-22066,-8077,30143,0,0,0,0,1,0
4350,2265104,-11475,-9135,20609,0,-17337,-13802,31140,0,0,0,0,1,0
4351,2265625,-7903,-12572,20475,0,-11942,-18997,30940,0,0,0,0,1,0
4352,2266145,-4029,-15526,19555,0,-6088,-23462,29551,0,0,0,0,1,0
4353,2266666,0,-17882,17882,0,0,-27026,27026,0,0,0,0,1,0
4354,2267187,4028,-19551,15523,0,6088,-29551,23462,0,0,0,0,1,0
4355,2267708,7901,-20469,12568,0,11942,-30940,18997,0,0,0,0,1,0
4356,2268229,11469,-20600,9131,0,17337,-31140,13802,0,0,0,0,1,0
4357,2268750,14596,-19939,5343,0,22066,-30143,8077,0,0,0,0,1,0
4358,2269270,17162,-18512,1350,0,25947,-27988,2041,0,0,0,0,1,0
4359,2269791,19068,-16374,-2694,0,28831,-24758,-4073,0,0,0,0,1,0
4360,2270312,20241,-13607,-6634,0,30607,-20576,-10031,0,0,0,0,1,0
4361,2270833,20636,-10318,-10318,0,31207,-15603,-15603,0,0,0,0,1,0
4362,2271354,20238,-6633,-13605,0,30607,-10031,-20576,0,0,0,0,1,0
4363,2271875,19062,-2693,-16369,0,28831,-4073,-24758,0,0,0,0,1,0
4364,2272395,17154,1349,-18503,0,25947,2041,-27988,0,0,0,0,1,0
4365,2272916,14587,5339,-19927,0,22066,8077,-30143,0,0,0,0,1,0
4366,2273437,11460,9123,-20584,0,17337,13802,-31140,0,0,0,0,1,0
4367,2273958,7893,12556,-20450,0,11942,18997,-30940,0,0,0,0,1,0
4368,2274479,4024,15506,-19530,0,6088,23462,-29551,0,0,0,0,1,0
4369,2275000,0,17860,-17860,0,0,27026,-27026,0,0,0,0,1,0
4370,2275520,-4023,19527,-15504,0,-6088,29551,-23462,0,0,0,0,1,0
4371,2276041,-7891,20443,-12553,0,-11942,30940,-18997,0,0,0,0,1,0
4372,2276562,-11455,20574,-9119,0,-17337,31140,-13802,0,0,0,0,1,0
4373,2277083,-14578,19914,-5336,0,-22066,30143,-8077,0,0,0,0,1,0
4374,2277604,-17141,18489,-1348,0,-25947,27988,-2041,0,0,0,0,1,0
4375,2278125,-19044,16354,2691,0,-28831,24758,4073,0,0,0,0,1,0
4376,2278645,-20216,13590,6625,0,-30607,20576,10031,0,0,0,0,1,0
4377,2279166,-20610,10305,10305,0,-31207,15603,15603,0,0,0,0,1,0
4378,2279687,-20213,6624,13588,0,-30607,10031,20576,0,0,0,0,1,0
4379,2280208,-19038,2690,16349,0,-28831,4073,24758,0,0,0,0,1,0
4380,2280729,-17133,-1348,18480,0,-25947,-2041,27988,0,0,0,0,1,0
4381,2281250,-14569,-5333,19902,0,-22066,-8077,30143,0,0,0,0,1,0
4382,2281770,-11446,-9112,20558,0,-17337,-13802,31140,0,0,0,0,1,0
4383,2282291,-7883,-12541,20424,0,-11942,-18997,30940,0,0,0,0,1,0
4384,2282812,-4019,-15487,19506,0,-6088,-23462,29551,0,0,0,0,1,0
4385,2283333,0,-17838,17838,0,0,-27026,27026,0,0,0,0,1,0
4386,2283854,4018,-19503,15485,0,6088,-29551,23462,0,0,0,0,1,0
4387,2284375,7881,-20418,12537,0,11942,-30940,18997,0,0,0,0,1,0
4388,2284895,11441,-20548,9108,0,17337,-31140,13802,0,0,0,0,1,0
4389,2285416,14560,-19889,5329,0,22066,-30143,8077,0,0,0,0,1,0
4390,2285937,17119,-18466,1347,0,25947,-27988,2041,0,0,0,0,1,0
4391,2286458,19021,-16333,-2687,0,28831,-24758,-4073,0,0,0,0,1,0
4392,2286979,20191,-13573,-6617,0,30607,-20576,-10031,0,0,0,0,1,0
4393,2287500,20584,-10292,-10292,0,31207,-15603,-15603,0,0,0,0,1,0
4394,2288020,20187,-6616,-13571,0,30607,-10031,-20576,0,0,0,0,1,0
4395,2288541,19015,-2686,-16328,0,28831,-4073,-24758,0,0,0,0,1,0
4396,2289062,17111,1346,-18457,0,25947,2041,-27988,0,0,0,0,1,0
4397,2289583,14551,5326,-19877,0,22066,8077,-30143,0,0,0,0,1,0
4398,2290104,11432,9101,-20532,0,17337,13802,-31140,0,0,0,0,1,0
4399,2290625,7874,12525,-20399,0,11942,18997,-30940,0,0,0,0,1,0
4400,2291145,4014,15468,-19481,0,6088,23462,-29551,0,0,0,0,1,0
4401,2291666,0,17816,-17816,0,0,27026,-27026,0,0,0,0,1,0
4402,2292187,-4013,19478,-15465,0,-6088,29551,-23462,0,0,0,0,1,0
4403,2292708,-7871,20393,-12521,0,-11942,30940,-18997,0,0,0,0,1,0
4404,2293229,-11426,20523,-9097,0,-17337,31140,-13802,0,0,0,0,1,0
4405,2293750,-14542,19865,-5323,0,-22066,30143,-8077,0,0,0,0,1,0
4406,2294270,-17098,18443,-1345,0,-25947,27988,-2041,0,0,0,0,1,0
4407,2294791,-18997,16313,2684,0,-28831,24758,4073,0,0,0,0,1,0
4408,2295312,-20165,13556,6609,0,-30607,20576,10031,0,0,0,0,1,0
4409,2295833,-20559,10279,10279,0,-31207,15603,15603,0,0,0,0,1,0
4410,2296354,-20162,6608,13554,0,-30607,10031,20576,0,0,0,0,1,0
4411,2296875,-18991,2683,16308,0,-28831,4073,24758,0,0,0,0,1,0
4412,2297395,-17090,-1344,18434,0,-25947,-2041,27988,0,0,0,0,1,0
4413,2297916,-14533,-5319,19852,0,-22066,-8077,30143,0,0,0,0,1,0
4414,2298437,-11417,-9089,20507,0,-17337,-13802,31140,0,0,0,0,1,0
4415,2298958,-7864,-12510,20374,0,-11942,-18997,30940,0,0,0,0,1,0
4416,2299479,-4009,-15449,19457,0,-6088,-23462,29551,0,0,0,0,1,0
4417,2300000,0,-17793,17793,0,0,-27026,27026,0,0,0,0,1,0
4418,2300520,4008,-19454,15446,0,6088,-29551,23462,0,0,0,0,1,0
4419,2301041,7861,-20367,12506,0,11942,-30940,18997,0,0,0,0,1,0
4420,2301562,11412,-20497,9085,0,17337,-31140,13802,0,0,0,0,1,0
4421,2302083,14524,-19840,5316,0,22066,-30143,8077,0,0,0,0,1,0
4422,2302604,17077,-18420,1343,0,25947,-27988,2041,0,0,0,0,1,0
4423,2303125,18973,-16293,-2681,0,28831,-24758,-4073,0,0,0,0,1,0
4424,2303645,20140,-13540,-6601,0,30607,-20576,-10031,0,0,0,0,1,0
4425,2304166,20533,-10267,-10267,0,31207,-15603,-15603,0,0,0,0,1,0
4426,2304687,20137,-6600,-13538,0,30607,-10031,-20576,0,0,0,0,1,0
4427,2305208,18967,-2680,-16288,0,28831,-4073,-24758,0,0,0,0,1,0
4428,2305729,17069,1343,-18412,0,25947,2041,-27988,0,0,0,0,1,0
4429,2306250,14515,5313,-19828,0,22066,8077,-30143,0,0,0,0,1,0
4430,2306770,11403,9078,-20482,0,17337,13802,-31140,0,0,0,0,1,0
4431,2307291,7854,12494,-20348,0,11942,18997,-30940,0,0,0,0,1,0
4432,2307812,4004,15429,-19433,0,6088,23462,-29551,0,0,0,0,1,0
4433,2308333,0,17771,-17771,0,0,27026,-27026,0,0,0,0,1,0
4434,2308854,-4003,19430,-15427,0,-6088,29551,-23462,0,0,0,0,1,0
4435,2309375,-7852,20342,-12490,0,-11942,30940,-18997,0,0,0,0,1,0
4436,2309895,-11398,20472,-9074,0,-17337,31140,-13802,0,0,0,0,1,0
4437,2310416,-14506,19815,-5310,0,-22066,30143,-8077,0,0,0,0,1,0
4438,2310937,-17056,18397,-1342,0,-25947,27988,-2041,0,0,0,0,1,0
4439,2311458,-18950,16273,2677,0,-28831,24758,4073,0,0,0,0,1,0
4440,2311979,-20116,13523,6593,0,-30607,20576,10031,0,0,0,0,1,0
4441,2312500,-20508,10254,10254,0,-31207,15603,15603,0,0,0,0,1,0
4442,2313020,-20112,6592,13521,0,-30607,10031,20576,0,0,0,0,1,0
4443,2313541,-18944,2676,16268,0,-28831,4073,24758,0,0,0,0,1,0
4444,2314062,-17048,-1341,18389,0,-25947,-2041,27988,0,0,0,0,1,0
4445,2314583,-14497,-5306,19803,0,-22066,-8077,30143,0,0,0,0,1,0
4446,2315104,-11389,-9067,20456,0,-17337,-13802,31140,0,0,0,0,1,0
4447,2315625,-7844,-12479,20323,0,-11942,-18997,30940,0,0,0,0,1,0
4448,2316145,-3999,-15410,19409,0,-6088,-23462,29551,0,0,0,0,1,0
4449,2316666,0,-17750,17750,0,0,-27026,27026,0,0,0,0,1,0
4450,2317187,3998,-19406,15408,0,6088,-29551,23462,0,0,0,0,1,0
4451,2317708,7842,-20317,12475,0,11942,-30940,18997,0,0,0,0,1,0
4452,2318229,11384,-20447,9063,0,17337,-31140,13802,0,0,0,0,1,0
4453,2318750,14488,-19791,5303,0,22066,-30143,8077,0,0,0,0,1,0
4454,2319270,17035,-18375,1340,0,25947,-27988,2041,0,0,0,0,1,0
4455,2319791,18927,-16253,-2674,0,28831,-24758,-4073,0,0,0,0,1,0
4456,2320312,20091,-13506,-6584,0,30607,-20576,-10031,0,0,0,0,1,0
4457,2320833,20483,-10241,-10241,0,31207,-15603,-15603,0,0,0,0,1,0
4458,2321354,20088,-6583,-13504,0,30607,-10031,-20576,0,0,0,0,1,0
4459,2321875,18921,-2673,-16248,0,28831,-4073,-24758,0,0,0,0,1,0
4460,2322395,17027,1339,-18366,0,25947,2041,-27988,0,0,0,0,1,0
4461,2322916,14479,5300,-19779,0,22066,8077,-30143,0,0,0,0,1,0
4462,2323437,11375,9056,-20431,0,17337,13802,-31140,0,0,0,0,1,0
4463,2323958,7835,12463,-20298,0,11942,18997,-30940,0,0,0,0,1,0
4464,2324479,3994,15391,-19385,0,6088,23462,-29551,0,0,0,0,1,0
4465,2325000,0,17728,-17728,0,0,27026,-27026,0,0,0,0,1,0
4466,2325520,-3993,19382,-15389,0,-6088,29551,-23462,0,0,0,0,1,0
4467,2326041,-7832,20292,-12460,0,-11942,30940,-18997,0,0,0,0,1,0
4468,2326562,-11370,20422,-9052,0,-17337,31140,-13802,0,0,0,0,1,0
4469,2327083,-14470,19767,-5296,0,-22066,30143,-8077,0,0,0,0,1,0
4470,2327604,-17014,18352,-1338,0,-25947,27988,-2041,0,0,0,0,1,0
4471,2328125,-18903,16233,2671,0,-28831,24758,4073,0,0,0,0,1,0
4472,2328645,-20066,13490,6576,0,-30607,20576,10031,0,0,0,0,1,0
4473,2329166,-20458,10229,10229,0,-31207,15603,15603,0,0,0,0,1,0
4474,2329687,-20063,6575,13488,0,-30607,10031,20576,0,0,0,0,1,0
4475,2330208,-18897,2670,16228,0,-28831,4073,24758,0,0,0,0,1,0
4476,2330729,-17006,-1338,18344,0,-25947,-2041,27988,0,0,0,0,1,0
4477,2331250,-14461,-5293,19754,0,-22066,-8077,30143,0,0,0,0,1,0
4478,2331770,-11361,-9045,20406,0,-17337,-13802,31140,0,0,0,0,1,0
4479,2332291,-7825,-12448,20273,0,-11942,-18997,30940,0,0,0,0,1,0
4480,2332812,-3989,-15373,19361,0,-6088,-23462,29551,0,0,0,0,1,0
4481,2333333,0,-17706,17706,0,0,-27026,27026,0,0,0,0,1,0
4482,2333854,3988,-19358,15370,0,6088,-29551,23462,0,0,0,0,1,0
4483,2334375,7823,-20267,12444,0,11942,-30940,18997,0,0,0,0,1,0
4484,2334895,11356,-20396,9040,0,17337,-31140,13802,0,0,0,0,1,0
4485,2335416,14452,-19742,5290,0,22066,-30143,8077,0,0,0,0,1,0
4486,2335937,16993,-18330,1337,0,25947,-27988,2041,0,0,0,0,1,0
4487,2336458,18880,-16213,-2667,0,28831,-24758,-4073,0,0,0,0,1,0
4488,2336979,20041,-13473,-6568,0,30607,-20576,-10031,0,0,0,0,1,0
4489,2337500,20432,-10216,-10216,0,31207,-15603,-15603,0,0,0,0,1,0
4490,2338020,20038,-6567,-13471,0,30607,-10031,-20576,0,0,0,0,1,0
4491,2338541,18874,-2667,-16208,0,28831,-4073,-24758,0,0,0,0,1,0
4492,2339062,16985,1336,-18321,0,25947,2041,-27988,0,0,0,0,1,0
4493,2339583,14443,5287,-19730,0,22066,8077,-30143,0,0,0,0,1,0
4494,2340104,11347,9034,-20381,0,17337,13802,-31140,0,0,0,0,1,0
4495,2340625,7816,12433,-20248,0,11942,18997,-30940,0,0,0,0,1,0
4496,2341145,3984,15354,-19338,0,6088,23462,-29551,0,0,0,0,1,0
4497,2341666,0,17684,-17684,0,0,27026,-27026,0,0,0,0,1,0
4498,2342187,-3983,19335,-15351,0,-6088,29551,-23462,0,0,0,0,1,0
4499,2342708,-7813,20242,-12429,0,-11942,30940,-18997,0,0,0,0,1,0
4500,2343229,-11342,20371,-9029,0,-17337,31140,-13802,0,0,0,0,1,0
4501,2343750,-14435,19718,-5283,0,-22066,30143,-8077,0,0,0,0,1,0
4502,2344270,-16972,18307,-1335,0,-25947,27988,-2041,0,0,0,0,1,0
4503,2344791,-18857,16193,2664,0,-28831,24758,4073,0,0,0,0,1,0
4504,2345312,-20017,13457,6560,0,-30607,20576,10031,0,0,0,0,1,0
4505,2345833,-20407,10204,10204,0,-31207,15603,15603,0,0,0,0,1,0
4506,2346354,-20014,6559,13455,0,-30607,10031,20576,0,0,0,0,1,0
4507,2346875,-18851,2663,16188,0,-28831,4073,24758,0,0,0,0,1,0
4508,2347395,-16964,-1334,18299,0,-25947,-2041,27988,0,0,0,0,1,0
4509,2347916,-14426,-5280,19706,0,-22066,-8077,30143,0,0,0,0,1,0
4510,2348437,-11333,-9023,20356,0,-17337,-13802,31140,0,0,0,0,1,0
4511,2348958,-7806,-12418,20224,0,-11942,-18997,30940,0,0,0,0,1,0
4512,2349479,-3979,-15335,19314,0,-6088,-23462,29551,0,0,0,0,1,0
4513,2350000,0,-17663,17663,0,0,-27026,27026,0,0,0,0,1,0
4514,2350520,3979,-19311,15333,0,6088,-29551,23462,0,0,0,0,1,0
4515,2351041,7804,-20217,12414,0,11942,-30940,18997,0,0,0,0,1,0
4516,2351562,11328,-20347,9018,0,17337,-31140,13802,0,0,0,0,1,0
4517,2352083,14417,-19694,5277,0,22066,-30143,8077,0,0,0,0,1,0
4518,2352604,16951,-18285,1333,0,25947,-27988,2041,0,0,0,0,1,0
4519,2353125,18834,-16173,-2661,0,28831,-24758,-4073,0,0,0,0,1,0
4520,2353645,19992,-13440,-6552,0,30607,-20576,-10031,0,0,0,0,1,0
4521,2354166,20382,-10191,-10191,0,31207,-15603,-15603,0,0,0,0,1,0
4522,2354687,19989,-6551,-13438,0,30607,-10031,-20576,0,0,0,0,1,0
4523,2355208,18828,-2660,-16168,0,28831,-4073,-24758,0,0,0,0,1,0
4524,2355729,16944,1333,-18276,0,25947,2041,-27988,0,0,0,0,1,0
4525,2356250,14408,5274,-19682,0,22066,8077,-30143,0,0,0,0,1,0
4526,2356770,11320,9011,-20331,0,17337,13802,-31140,0,0,0,0,1,0
4527,2357291,7796,12402,-20199,0,11942,18997,-30940,0,0,0,0,1,0
4528,2357812,3974,15316,-19290,0,6088,23462,-29551,0,0,0,0,1,0
4529,2358333,0,17641,-17641,0,0,27026,-27026,0,0,0,0,1,0
4530,2358854,-3974,19288,-15314,0,-6088,29551,-23462,0,0,0,0,1,0
4531,2359375,-7794,20193,-12399,0,-11942,30940,-18997,0,0,0,0,1,0
4532,2359895,-11314,20322,-9007,0,-17337,31140,-13802,0,0,0,0,1,0
4533,2360416,-14399,19670,-5271,0,-22066,30143,-8077,0,0,0,0,1,0
4534,2360937,-16931,18262,-1332,0,-25947,27988,-2041,0,0,0,0,1,0
4535,2361458,-18811,16153,2658,0,-28831,24758,4073,0,0,0,0,1,0
4536,2361979,-19968,13424,6544,0,-30607,20576,10031,0,0,0,0,1,0
4537,2362500,-20358,10179,10179,0,-31207,15603,15603,0,0,0,0,1,0
4538,2363020,-19965,6543,13422,0,-30607,10031,20576,0,0,0,0,1,0
4539,2363541,-18805,2657,16148,0,-28831,4073,24758,0,0,0,0,1,0
4540,2364062,-16923,-1331,18254,0,-25947,-2041,27988,0,0,0,0,1,0
4541,2364583,-14391,-5267,19658,0,-22066,-8077,30143,0,0,0,0,1,0
4542,2365104,-11306,-9001,20306,0,-17337,-13802,31140,0,0,0,0,1,0
4543,2365625,-7787,-12387,20174,0,-11942,-18997,30940,0,0,0,0,1,0
4544,2366145,-3969,-15298,19267,0,-6088,-23462,29551,0,0,0,0,1,0
4545,2366666,0,-17619,17619,0,0,-27026,27026,0,0,0,0,1,0
4546,2367187,3969,-19264,15295,0,6088,-29551,23462,0,0,0,0,1,0
4547,2367708,7785,-20168,12384,0,11942,-30940,18997,0,0,0,0,1,0
4548,2368229,11301,-20297,8996,0,17337,-31140,13802,0,0,0,0,1,0
4549,2368750,14382,-19646,5264,0,22066,-30143,8077,0,0,0,0,1,0
4550,2369270,16910,-18240,1330,0,25947,-27988,2041,0,0,0,0,1,0
4551,2369791,18788,-16134,-2654,0,28831,-24758,-4073,0,0,0,0,1,0
4552,2370312,19944,-13407,-6536,0,30607,-20576,-10031,0,0,0,0,1,0
4553,2370833,20333,-10166,-10166,0,31207,-15603,-15603,0,0,0,0,1,0
4554,2371354,19941,-6535,-13405,0,30607,-10031,-20576,0,0,0,0,1,0
4555,2371875,18782,-2654,-16129,0,28831,-4073,-24758,0,0,0,0,1,0
4556,2372395,16902,1330,-18232,0,25947,2041,-27988,0,0,0,0,1,0
4557,2372916,14373,5261,-19634,0,22066,8077,-30143,0,0,0,0,1,0
4558,2373437,11292,8990,-20282,0,17337,13802,-31140,0,0,0,0,1,0
4559,2373958,7778,12372,-20150,0,11942,18997,-30940,0,0,0,0,1,0
4560,2374479,3965,15279,-19244,0,6088,23462,-29551,0,0,0,0,1,0
4561,2375000,0,17598,-17598,0,0,27026,-27026,0,0,0,0,1,0
4562,2375520,-3964,19241,-15277,0,-6088,29551,-23462,0,0,0,0,1,0
4563,2376041,-7775,20144,-12368,0,-11942,30940,-18997,0,0,0,0,1,0
4564,2376562,-11287,20272,-8985,0,-17337,31140,-13802,0,0,0,0,1,0
4565,2377083,-14364,19622,-5258,0,-22066,30143,-8077,0,0,0,0,1,0
4566,2377604,-16889,18218,-1329,0,-25947,27988,-2041,0,0,0,0,1,0
4567,2378125,-18765,16114,2651,0,-28831,24758,4073,0,0,0,0,1,0
4568,2378645,-19919,13391,6528,0,-30607,20576,10031,0,0,0,0,1,0
4569,2379166,-20308,10154,10154,0,-31207,15603,15603,0,0,0,0,1,0
4570,2379687,-19916,6527,13389,0,-30607,10031,20576,0,0,0,0,1,0
4571,2380208,-18759,2650,16109,0,-28831,4073,24758,0,0,0,0,1,0
4572,2380729,-16882,-1328,18210,0,-25947,-2041,27988,0,0,0,0,1,0
4573,2381250,-14356,-5255,19610,0,-22066,-8077,30143,0,0,0,0,1,0
4574,2381770,-11278,-8979,20257,0,-17337,-13802,31140,0,0,0,0,1,0
4575,2382291,-7768,-12357,20125,0,-11942,-18997,30940,0,0,0,0,1,0
4576,2382812,-3960,-15260,19220,0,-6088,-23462,29551,0,0,0,0,1,0
4577,2383333,0,-17577,17577,0,0,-27026,27026,0,0,0,0,1,0
4578,2383854,3959,-19217,15258,0,6088,-29551,23462,0,0,0,0,1,0
4579,2384375,7766,-20119,12353,0,11942,-30940,18997,0,0,0,0,1,0
4580,2384895,11273,-20248,8975,0,17337,-31140,13802,0,0,0,0,1,0
4581,2385416,14347,-19598,5251,0,22066,-30143,8077,0,0,0,0,1,0
4582,2385937,16869,-18196,1327,0,25947,-27988,2041,0,0,0,0,1,0
4583,2386458,18742,-16095,-2648,0,28831,-24758,-4073,0,0,0,0,1,0
4584,2386979,19895,-13375,-6520,0,30607,-20576,-10031,0,0,0,0,1,0
4585,2387500,20284,-10142,-10142,0,31207,-15603,-15603,0,0,0,0,1,0
4586,2388020,19892,-6519,-13373,0,30607,-10031,-20576,0,0,0,0,1,0
4587,2388541,18737,-2647,-16090,0,28831,-4073,-24758,0,0,0,0,1,0
4588,2389062,16861,1326,-18188,0,25947,2041,-27988,0,0,0,0,1,0
4589,2389583,14338,5248,-19587,0,22066,8077,-30143,0,0,0,0,1,0
4590,2390104,11265,8968,-20233,0,17337,13802,-31140,0,0,0,0,1,0
4591,2390625,7759,12342,-20101,0,11942,18997,-30940,0,0,0,0,1,0
4592,2391145,3955,15242,-19197,0,6088,23462,-29551,0,0,0,0,1,0
4593,2391666,0,17556,-17556,0,0,27026,-27026,0,0,0,0,1,0
4594,2392187,-3954,19194,-15240,0,-6088,29551,-23462,0,0,0,0,1,0
4595,2392708,-7756,20095,-12339,0,-11942,30940,-18997,0,0,0,0,1,0
4596,2393229,-11260,20223,-8964,0,-17337,31140,-13802,0,0,0,0,1,0
4597,2393750,-14330,19575,-5245,0,-22066,30143,-8077,0,0,0,0,1,0
4598,2394270,-16849,18174,-1325,0,-25947,27988,-2041,0,0,0,0,1,0
4599,2394791,-18720,16075,2645,0,-28831,24758,4073,0,0,0,0,1,0
4600,2395312,-19871,13359,6513,0,-30607,20576,10031,0,0,0,0,1,0
4601,2395833,-20259,10130,10130,0,-31207,15603,15603,0,0,0,0,1,0
4602,2396354,-19868,6512,13357,0,-30607,10031,20576,0,0,0,0,1,0
4603,2396875,-18714,2644,16070,0,-28831,4073,24758,0,0,0,0,1,0
4604,2397395,-16841,-1325,18166,0,-25947,-2041,27988,0,0,0,0,1,0
4605,2397916,-14321,-5242,19563,0,-22066,-8077,30143,0,0,0,0,1,0
4606,2398437,-11251,-8957,20208,0,-17337,-13802,31140,0,0,0,0,1,0
4607,2398958,-7749,-12327,20077,0,-11942,-18997,30940,0,0,0,0,1,0
4608,2399479,-3950,-15224,19174,0,-6088,-23462,29551,0,0,0,0,1,0
4609,2400000,0,-17534,17534,0,0,-27026,27026,0,0,0,0,1,0
4610,2400520,3950,-19171,15221,0,6088,-29551,23462,0,0,0,0,1,0
4611,2401041,7747,-20071,12324,0,11942,-30940,18997,0,0,0,0,1,0
4612,2401562,11246,-20199,8953,0,17337,-31140,13802,0,0,0,0,1,0
4613,2402083,14312,-19551,5239,0,22066,-30143,8077,0,0,0,0,1,0
4614,2402604,16828,-18152,1324,0,25947,-27988,2041,0,0,0,0,1,0
4615,2403125,18697,-16056,-2642,0,28831,-24758,-4073,0,0,0,0,1,0
4616,2403645,19847,-13343,-6505,0,30607,-20576,-10031,0,0,0,0,1,0
4617,2404166,20235,-10117,-10117,0,31207,-15603,-15603,0,0,0,0,1,0
4618,2404687,19844,-6504,-13341,0,30607,-10031,-20576,0,0,0,0,1,0
4619,2405208,18692,-2641,-16051,0,28831,-4073,-24758,0,0,0,0,1,0
4620,2405729,16821,1323,-18144,0,25947,2041,-27988,0,0,0,0,1,0
4621,2406250,14304,5236,-19539,0,22066,8077,-30143,0,0,0,0,1,0
4622,2406770,11238,8946,-20184,0,17337,13802,-31140,0,0,0,0,1,0
4623,2407291,7740,12313,-20053,0,11942,18997,-30940,0,0,0,0,1,0
4624,2407812,3946,15205,-19151,0,6088,23462,-29551,0,0,0,0,1,0
4625,2408333,0,17513,-17513,0,0,27026,-27026,0,0,0,0,1,0
4626,2408854,-3945,19148,-15203,0,-6088,29551,-23462,0,0,0,0,1,0
4627,2409375,-7738,20047,-12309,0,-11942,30940,-18997,0,0,0,0,1,0
4628,2409895,-11233,20175,-8942,0,-17337,31140,-13802,0,0,0,0,1,0
4629,2410416,-14295,19528,-5232,0,-22066,30143,-8077,0,0,0,0,1,0
4630,2410937,-16808,18130,-1322,0,-25947,27988,-2041,0,0,0,0,1,0
4631,2411458,-18675,16036,2638,0,-28831,24758,4073,0,0,0,0,1,0
4632,2411979,-19824,13327,6497,0,-30607,20576,10031,0,0,0,0,1,0
4633,2412500,-20210,10105,10105,0,-31207,15603,15603,0,0,0,0,1,0
4634,2413020,-19821,6496,13325,0,-30607,10031,20576,0,0,0,0,1,0
4635,2413541,-18669,2638,16032,0,-28831,4073,24758,0,0,0,0,1,0
4636,2414062,-16801,-1322,18122,0,-25947,-2041,27988,0,0,0,0,1,0
4637,2414583,-14287,-5229,19516,0,-22066,-8077,30143,0,0,0,0,1,0
4638,2415104,-11224,-8935,20160,0,-17337,-13802,31140,0,0,0,0,1,0
4639,2415625,-7731,-12298,20029,0,-11942,-18997,30940,0,0,0,0,1,0
4640,2416145,-3941,-15187,19128,0,-6088,-23462,29551,0,0,0,0,1,0
4641,2416666,0,-17492,17492,0,0,-27026,27026,0,0,0,0,1,0
4642,2417187,3940,-19125,15185,0,6088,-29551,23462,0,0,0,0,1,0
4643,2417708,7728,-20023,12294,0,11942,-30940,18997,0,0,0,0,1,0
4644,2418229,11219,-20151,8931,0,17337,-31140,13802,0,0,0,0,1,0
4645,2418750,14278,-19504,5226,0,22066,-30143,8077,0,0,0,0,1,0
4646,2419270,16788,-18109,1321,0,25947,-27988,2041,0,0,0,0,1,0
4647,2419791,18652,-16017,-2635,0,28831,-24758,-4073,0,0,0,0,1,0
4648,2420312,19800,-13311,-6489,0,30607,-20576,-10031,0,0,0,0,1,0
4649,2420833,20186,-10093,-10093,0,31207,-15603,-15603,0,0,0,0,1,0
4650,2421354,19797,-6488,-13309,0,30607,-10031,-20576,0,0,0,0,1,0
4651,2421875,18647,-2634,-16012,0,28831,-4073,-24758,0,0,0,0,1,0
4652,2422395,16780,1320,-18100,0,25947,2041,-27988,0,0,0,0,1,0
4653,2422916,14270,5223,-19493,0,22066,8077,-30143,0,0,0,0,1,0
4654,2423437,11211,8925,-20135,0,17337,13802,-31140,0,0,0,0,1,0
4655,2423958,7721,12283,-20005,0,11942,18997,-30940,0,0,0,0,1,0
4656,2424479,3936,15169,-19105,0,6088,23462,-29551,0,0,0,0,1,0
4657,2425000,0,17471,-17471,0,0,27026,-27026,0,0,0,0,1,0
4658,2425520,-3935,19102,-15167,0,-6088,29551,-23462,0,0,0,0,1,0
4659,2426041,-7719,19999,-12279,0,-11942,30940,-18997,0,0,0,0,1,0
4660,2426562,-11206,20126,-8921,0,-17337,31140,-13802,0,0,0,0,1,0
4661,2427083,-14261,19481,-5220,0,-22066,30143,-8077,0,0,0,0,1,0
4662,2427604,-16768,18087,-1319,0,-25947,27988,-2041,0,0,0,0,1,0
4663,2428125,-18630,15998,2632,0,-28831,24758,4073,0,0,0,0,1,0
4664,2428645,-19776,13295,6481,0,-30607,20576,10031,0,0,0,0,1,0
4665,2429166,-20162,10081,10081,0,-31207,15603,15603,0,0,0,0,1,0
4666,2429687,-19773,6480,13293,0,-30607,10031,20576,0,0,0,0,1,0
4667,2430208,-18625,2631,15993,0,-28831,4073,24758,0,0,0,0,1,0
4668,2430729,-16760,-1318,18079,0,-25947,-2041,27988,0,0,0,0,1,0
4669,2431250,-14252,-5217,19469,0,-22066,-8077,30143,0,0,0,0,1,0
4670,2431770,-11197,-8914,20111,0,-17337,-13802,31140,0,0,0,0,1,0
4671,2432291,-7712,-12268,19981,0,-11942,-18997,30940,0,0,0,0,1,0
4672,2432812,-3931,-15151,19082,0,-6088,-23462,29551,0,0,0,0,1,0
4673,2433333,0,-17450,17450,0,0,-27026,27026,0,0,0,0,1,0
4674,2433854,3931,-19079,15148,0,6088,-29551,23462,0,0,0,0,1,0
4675,2434375,7710,-19975,12265,0,11942,-30940,18997,0,0,0,0,1,0
4676,2434895,11192,-20102,8910,0,17337,-31140,13802,0,0,0,0,1,0
4677,2435416,14244,-19458,5214,0,22066,-30143,8077,0,0,0,0,1,0
4678,2435937,16748,-18065,1317,0,25947,-27988,2041,0,0,0,0,1,0
4679,2436458,18608,-15979,-2629,0,28831,-24758,-4073,0,0,0,0,1,0
4680,2436979,19753,-13279,-6474,0,30607,-20576,-10031,0,0,0,0,1,0
4681,2437500,20138,-10069,-10069,0,31207,-15603,-15603,0,0,0,0,1,0
4682,2438020,19750,-6473,-13277,0,30607,-10031,-20576,0,0,0,0,1,0
4683,2438541,18602,-2628,-15974,0,28831,-4073,-24758,0,0,0,0,1,0
4684,2439062,16740,1317,-18057,0,25947,2041,-27988,0,0,0,0,1,0
4685,2439583,14236,5211,-19446,0,22066,8077,-30143,0,0,0,0,1,0
4686,2440104,11184,8904,-20087,0,17337,13802,-31140,0,0,0,0,1,0
4687,2440625,7703,12254,-19957,0,11942,18997,-30940,0,0,0,0,1,0
4688,2441145,3927,15133,-19059,0,6088,23462,-29551,0,0,0,0,1,0
4689,2441666,0,17430,-17430,0,0,27026,-27026,0,0,0,0,1,0
4690,2442187,-3926,19057,-15130,0,-6088,29551,-23462,0,0,0,0,1,0
4691,2442708,-7701,19951,-12250,0,-11942,30940,-18997,0,0,0,0,1,0
4692,2443229,-11179,20078,-8900,0,-17337,31140,-13802,0,0,0,0,1,0
4693,2443750,-14227,19434,-5207,0,-22066,30143,-8077,0,0,0,0,1,0
4694,2444270,-16728,18044,-1316,0,-25947,27988,-2041,0,0,0,0,1,0
4695,2444791,-18586,15960,2626,0,-28831,24758,4073,0,0,0,0,1,0
4696,2445312,-19729,13263,6466,0,-30607,20576,10031,0,0,0,0,1,0
4697,2445833,-20114,10057,10057,0,-31207,15603,15603,0,0,0,0,1,0
4698,2446354,-19726,6465,13261,0,-30607,10031,20576,0,0,0,0,1,0
4699,2446875,-18580,2625,15955,0,-28831,4073,24758,0,0,0,0,1,0
4700,2447395,-16721,-1315,18036,0,-25947,-2041,27988,0,0,0,0,1,0
4701,2447916,-14219,-5204,19423,0,-22066,-8077,30143,0,0,0,0,1,0
4702,2448437,-11171,-8893,20064,0,-17337,-13802,31140,0,0,0,0,1,0
4703,2448958,-7694,-12239,19933,0,-11942,-18997,30940,0,0,0,0,1,0
4704,2449479,-3922,-15115,19037,0,-6088,-23462,29551,0,0,0,0,1,0
4705,2450000,0,-17409,17409,0,0,-27026,27026,0,0,0,0,1,0
4706,2450520,3921,-19034,15112,0,6088,-29551,23462,0,0,0,0,1,0
4707,2451041,7692,-19927,12236,0,11942,-30940,18997,0,0,0,0,1,0
4708,2451562,11166,-20055,8889,0,17337,-31140,13802,0,0,0,0,1,0
4709,2452083,14210,-19411,5201,0,22066,-30143,8077,0,0,0,0,1,0
4710,2452604,16708,-18022,1314,0,25947,-27988,2041,0,0,0,0,1,0
4711,2453125,18564,-15941,-2623,0,28831,-24758,-4073,0,0,0,0,1,0
4712,2453645,19706,-13247,-6458,0,30607,-20576,-10031,0,0,0,0,1,0
4713,2454166,20090,-10045,-10045,0,31207,-15603,-15603,0,0,0,0,1,0
4714,2454687,19703,-6457,-13245,0,30607,-10031,-20576,0,0,0,0,1,0
4715,2455208,18558,-2622,-15936,0,28831,-4073,-24758,0,0,0,0,1,0
4716,2455729,16701,1314,-18014,0,25947,2041,-27988,0,0,0,0,1,0
4717,2456250,14202,5198,-19400,0,22066,8077,-30143,0,0,0,0,1,0
4718,2456770,11157,8882,-20040,0,17337,13802,-31140,0,0,0,0,1,0
4719,2457291,7685,12225,-19909,0,11942,18997,-30940,0,0,0,0,1,0
4720,2457812,3917,15097,-19014,0,6088,23462,-29551,0,0,0,0,1,0
4721,2458333,0,17388,-17388,0,0,27026,-27026,0,0,0,0,1,0
4722,2458854,-3917,19011,-15095,0,-6088,29551,-23462,0,0,0,0,1,0
4723,2459375,-7683,19904,-12221,0,-11942,30940,-18997,0,0,0,0,1,0
4724,2459895,-11152,20031,-8878,0,-17337,31140,-13802,0,0,0,0,1,0
4725,2460416,-14193,19388,-5195,0,-22066,30143,-8077,0,0,0,0,1,0
4726,2460937,-16688,18001,-1313,0,-25947,27988,-2041,0,0,0,0,1,0
4727,2461458,-18542,15922,2620,0,-28831,24758,4073,0,0,0,0,1,0
4728,2461979,-19682,13232,6451,0,-30607,20576,10031,0,0,0,0,1,0
4729,2462500,-20066,10033,10033,0,-31207,15603,15603,0,0,0,0,1,0
4730,2463020,-19679,6450,13230,0,-30607,10031,20576,0,0,0,0,1,0
4731,2463541,-18536,2619,15917,0,-28831,4073,24758,0,0,0,0,1,0
4732,2464062,-16681,-1312,17993,0,-25947,-2041,27988,0,0,0,0,1,0
4733,2464583,-14185,-5192,19377,0,-22066,-8077,30143,0,0,0,0,1,0
4734,2465104,-11144,-8872,20016,0,-17337,-13802,31140,0,0,0,0,1,0
4735,2465625,-7676,-12210,19886,0,-11942,-18997,30940,0,0,0,0,1,0
4736,2466145,-3913,-15079,18992,0,-6088,-23462,29551,0,0,0,0,1,0
4737,2466666,0,-17368,17368,0,0,-27026,27026,0,0,0,0,1,0
4738,2467187,3912,-18989,15077,0,6088,-29551,23462,0,0,0,0,1,0
4739,2467708,7673,-19880,12207,0,11942,-30940,18997,0,0,0,0,1,0
4740,2468229,11139,-20007,8868,0,17337,-31140,13802,0,0,0,0,1,0
4741,2468750,14177,-19366,5189,0,22066,-30143,8077,0,0,0,0,1,0
4742,2469270,16669,-17980,1311,0,25947,-27988,2041,0,0,0,0,1,0
4743,2469791,18520,-15903,-2616,0,28831,-24758,-4073,0,0,0,0,1,0
4744,2470312,19659,-13216,-6443,0,30607,-20576,-10031,0,0,0,0,1,0
4745,2470833,20043,-10021,-10021,0,31207,-15603,-15603,0,0,0,0,1,0
4746,2471354,19656,-6442,-13214,0,30607,-10031,-20576,0,0,0,0,1,0
4747,2471875,18514,-2616,-15899,0,28831,-4073,-24758,0,0,0,0,1,0
4748,2472395,16661,1311,-17972,0,25947,2041,-27988,0,0,0,0,1,0
4749,2472916,14168,5186,-19354,0,22066,8077,-30143,0,0,0,0,1,0
4750,2473437,11131,8861,-19992,0,17337,13802,-31140,0,0,0,0,1,0
4751,2473958,7667,12196,-19862,0,11942,18997,-30940,0,0,0,0,1,0
4752,2474479,3908,15061,-18969,0,6088,23462,-29551,0,0,0,0,1,0
4753,2475000,0,17347,-17347,0,0,27026,-27026,0,0,0,0,1,0
4754,2475520,-3908,18966,-15059,0,-6088,29551,-23462,0,0,0,0,1,0
4755,2476041,-7664,19857,-12192,0,-11942,30940,-18997,0,0,0,0,1,0
4756,2476562,-11126,19984,-8857,0,-17337,31140,-13802,0,0,0,0,1,0
4757,2477083,-14160,19343,-5183,0,-22066,30143,-8077,0,0,0,0,1,0
4758,2477604,-16649,17959,-1310,0,-25947,27988,-2041,0,0,0,0,1,0
4759,2478125,-18498,15885,2613,0,-28831,24758,4073,0,0,0,0,1,0
4760,2478645,-19636,13200,6435,0,-30607,20576,10031,0,0,0,0,1,0
4761,2479166,-20019,10010,10010,0,-31207,15603,15603,0,0,0,0,1,0
4762,2479687,-19633,6434,13199,0,-30607,10031,20576,0,0,0,0,1,0
4763,2480208,-18493,2613,15880,0,-28831,4073,24758,0,0,0,0,1,0
4764,2480729,-16642,-1309,17951,0,-25947,-2041,27988,0,0,0,0,1,0
4765,2481250,-14151,-5180,19331,0,-22066,-8077,30143,0,0,0,0,1,0
4766,2481770,-11118,-8851,19969,0,-17337,-13802,31140,0,0,0,0,1,0
4767,2482291,-7658,-12181,19839,0,-11942,-18997,30940,0,0,0,0,1,0
4768,2482812,-3904,-15043,18947,0,-6088,-23462,29551,0,0,0,0,1,0
4769,2483333,0,-17327,17327,0,0,-27026,27026,0,0,0,0,1,0
4770,2483854,3903,-18944,15041,0,6088,-29551,23462,0,0,0,0,1,0
4771,2484375,7655,-19833,12178,0,11942,-30940,18997,0,0,0,0,1,0
4772,2484895,11113,-19960,8847,0,17337,-31140,13802,0,0,0,0,1,0
4773,2485416,14143,-19320,5177,0,22066,-30143,8077,0,0,0,0,1,0
4774,2485937,16629,-17937,1308,0,25947,-27988,2041,0,0,0,0,1,0
4775,2486458,18476,-15866,-2610,0,28831,-24758,-4073,0,0,0,0,1,0
4776,2486979,19613,-13185,-6428,0,30607,-20576,-10031,0,0,0,0,1,0
4777,2487500,19996,-9998,-9998,0,31207,-15603,-15603,0,0,0,0,1,0
4778,2488020,19610,-6427,-13183,0,30607,-10031,-20576,0,0,0,0,1,0
4779,2488541,18471,-2610,-15861,0,28831,-4073,-24758,0,0,0,0,1,0
4780,2489062,16622,1307,-17930,0,25947,2041,-27988,0,0,0,0,1,0
4781,2489583,14135,5174,-19309,0,22066,8077,-30143,0,0,0,0,1,0
4782,2490104,11105,8841,-19945,0,17337,13802,-31140,0,0,0,0,1,0
4783,2490625,7649,12167,-19816,0,11942,18997,-30940,0,0,0,0,1,0
4784,2491145,3899,15026,-18925,0,6088,23462,-29551,0,0,0,0,1,0
4785,2491666,0,17307,-17307,0,0,27026,-27026,0,0,0,0,1,0
4786,2492187,-3898,18922,-15024,0,-6088,29551,-23462,0,0,0,0,1,0
4787,2492708,-7646,19810,-12164,0,-11942,30940,-18997,0,0,0,0,1,0
4788,2493229,-11100,19937,-8837,0,-17337,31140,-13802,0,0,0,0,1,0
4789,2493750,-14127,19297,-5171,0,-22066,30143,-8077,0,0,0,0,1,0
4790,2494270,-16610,17916,-1307,0,-25947,27988,-2041,0,0,0,0,1,0
4791,2494791,-18455,15847,2607,0,-28831,24758,4073,0,0,0,0,1,0
4792,2495312,-19590,13170,6420,0,-30607,20576,10031,0,0,0,0,1,0
4793,2495833,-19972,9986,9986,0,-31207,15603,15603,0,0,0,0,1,0
4794,2496354,-19587,6419,13168,0,-30607,10031,20576,0,0,0,0,1,0
4795,2496875,-18449,2607,15843,0,-28831,4073,24758,0,0,0,0,1,0
4796,2497395,-16603,-1306,17909,0,-25947,-2041,27988,0,0,0,0,1,0
4797,2497916,-14118,-5168,19286,0,-22066,-8077,30143,0,0,0,0,1,0
4798,2498437,-11092,-8830,19922,0,-17337,-13802,31140,0,0,0,0,1,0
4799,2498958,-7640,-12153,19793,0,-11942,-18997,30940,0,0,0,0,1,0
4800,2499479,-3894,-15008,18903,0,-6088,-23462,29551,0,0,0,0,1,0
4801,2500000,0,-17286,17286,0,0,-27026,27026,0,0,0,0,1,0
4802,2500520,3894,-18900,15006,0,6088,-29551,23462,0,0,0,0,1,0
4803,2501041,7637,-19787,12149,0,11942,-30940,18997,0,0,0,0,1,0
4804,2501562,11087,-19913,8826,0,17337,-31140,13802,0,0,0,0,1,0
4805,2502083,14110,-19275,5165,0,22066,-30143,8077,0,0,0,0,1,0
4806,2502604,16590,-17895,1305,0,25947,-27988,2041,0,0,0,0,1,0
4807,2503125,18433,-15829,-2604,0,28831,-24758,-4073,0,0,0,0,1,0
4808,2503645,19567,-13154,-6413,0,30607,-20576,-10031,0,0,0,0,1,0
4809,2504166,19949,-9974,-9974,0,31207,-15603,-15603,0,0,0,0,1,0
4810,2504687,19564,-6412,-13152,0,30607,-10031,-20576,0,0,0,0,1,0
4811,2505208,18428,-2603,-15824,0,28831,-4073,-24758,0,0,0,0,1,0
4812,2505729,16583,1304,-17888,0,25947,2041,-27988,0,0,0,0,1,0
4813,2506250,14102,5162,-19263,0,22066,8077,-30143,0,0,0,0,1,0
4814,2506770,11079,8820,-19899,0,17337,13802,-31140,0,0,0,0,1,0
4815,2507291,7631,12139,-19769,0,11942,18997,-30940,0,0,0,0,1,0
4816,2507812,3890,14991,-18880,0,6088,23462,-29551,0,0,0,0,1,0
4817,2508333,0,17266,-17266,0,0,27026,-27026,0,0,0,0,1,0
4818,2508854,-3889,18878,-14988,0,-6088,29551,-23462,0,0,0,0,1,0
4819,2509375,-7629,19764,-12135,0,-11942,30940,-18997,0,0,0,0,1,0
4820,2509895,-11074,19890,-8816,0,-17337,31140,-13802,0,0,0,0,1,0
4821,2510416,-14094,19252,-5159,0,-22066,30143,-8077,0,0,0,0,1,0
4822,2510937,-16571,17875,-1303,0,-25947,27988,-2041,0,0,0,0,1,0
4823,2511458,-18411,15810,2601,0,-28831,24758,4073,0,0,0,0,1,0
4824,2511979,-19544,13139,6405,0,-30607,20576,10031,0,0,0,0,1,0
4825,2512500,-19926,9963,9963,0,-31207,15603,15603,0,0,0,0,1,0
4826,2513020,-19541,6404,13137,0,-30607,10031,20576,0,0,0,0,1,0
4827,2513541,-18406,2600,15806,0,-28831,4073,24758,0,0,0,0,1,0
4828,2514062,-16564,-1303,17867,0,-25947,-2041,27988,0,0,0,0,1,0
4829,2514583,-14085,-5156,19241,0,-22066,-8077,30143,0,0,0,0,1,0
4830,2515104,-11066,-8810,19876,0,-17337,-13802,31140,0,0,0,0,1,0
4831,2515625,-7622,-12125,19746,0,-11942,-18997,30940,0,0,0,0,1,0
4832,2516145,-3885,-14973,18858,0,-6088,-23462,29551,0,0,0,0,1,0
4833,2516666,0,-17246,17246,0,0,-27026,27026,0,0,0,0,1,0
4834,2517187,3885,-18856,14971,0,6088,-29551,23462,0,0,0,0,1,0
4835,2517708,7620,-19741,12121,0,11942,-30940,18997,0,0,0,0,1,0
4836,2518229,11061,-19867,8806,0,17337,-31140,13802,0,0,0,0,1,0
4837,2518750,14077,-19230,5153,0,22066,-30143,8077,0,0,0,0,1,0
4838,2519270,16552,-17854,1302,0,25947,-27988,2041,0,0,0,0,1,0
4839,2519791,18390,-15792,-2598,0,28831,-24758,-4073,0,0,0,0,1,0
4840,2520312,19521,-13123,-6398,0,30607,-20576,-10031,0,0,0,0,1,0
4841,2520833,19902,-9951,-9951,0,31207,-15603,-15603,0,0,0,0,1,0
4842,2521354,19518,-6397,-13122,0,30607,-10031,-20576,0,0,0,0,1,0
4843,2521875,18385,-2597,-15787,0,28831,-4073,-24758,0,0,0,0,1,0
4844,2522395,16545,1301,-17846,0,25947,2041,-27988,0,0,0,0,1,0
4845,2522916,14069,5150,-19219,0,22066,8077,-30143,0,0,0,0,1,0
4846,2523437,11053,8799,-19853,0,17337,13802,-31140,0,0,0,0,1,0
4847,2523958,7613,12110,-19723,0,11942,18997,-30940,0,0,0,0,1,0
4848,2524479,3881,14956,-18837,0,6088,23462,-29551,0,0,0,0,1,0
4849,2525000,0,17226,-17226,0,0,27026,-27026,0,0,0,0,1,0
4850,2525520,-3880,18834,-14954,0,-6088,29551,-23462,0,0,0,0,1,0
4851,2526041,-7611,19718,-12107,0,-11942,30940,-18997,0,0,0,0,1,0
4852,2526562,-11048,19844,-8796,0,-17337,31140,-13802,0,0,0,0,1,0
4853,2527083,-14061,19207,-5147,0,-22066,30143,-8077,0,0,0,0,1,0
4854,2527604,-16533,17833,-1300,0,-25947,27988,-2041,0,0,0,0,1,0
4855,2528125,-18369,15774,2595,0,-28831,24758,4073,0,0,0,0,1,0
4856,2528645,-19499,13108,6390,0,-30607,20576,10031,0,0,0,0,1,0
4857,2529166,-19879,9940,9940,0,-31207,15603,15603,0,0,0,0,1,0
4858,2529687,-19496,6390,13106,0,-30607,10031,20576,0,0,0,0,1,0
4859,2530208,-18363,2594,15769,0,-28831,4073,24758,0,0,0,0,1,0
4860,2530729,-16525,-1300,17825,0,-25947,-2041,27988,0,0,0,0,1,0
4861,2531250,-14053,-5144,19196,0,-22066,-8077,30143,0,0,0,0,1,0
4862,2531770,-11040,-8789,19829,0,-17337,-13802,31140,0,0,0,0,1,0
4863,2532291,-7604,-12096,19701,0,-11942,-18997,30940,0,0,0,0,1,0
4864,2532812,-3876,-14938,18815,0,-6088,-23462,29551,0,0,0,0,1,0
4865,2533333,0,-17206,17206,0,0,-27026,27026,0,0,0,0,1,0
4866,2533854,3876,-18812,14936,0,6088,-29551,23462,0,0,0,0,1,0
4867,2534375,7602,-19695,12093,0,11942,-30940,18997,0,0,0,0,1,0
4868,2534895,11036,-19821,8785,0,17337,-31140,13802,0,0,0,0,1,0
4869,2535416,14045,-19185,5141,0,22066,-30143,8077,0,0,0,0,1,0
4870,2535937,16513,-17812,1299,0,25947,-27988,2041,0,0,0,0,1,0
4871,2536458,18347,-15755,-2592,0,28831,-24758,-4073,0,0,0,0,1,0
4872,2536979,19476,-13093,-6383,0,30607,-20576,-10031,0,0,0,0,1,0
4873,2537500,19856,-9928,-9928,0,31207,-15603,-15603,0,0,0,0,1,0
4874,2538020,19473,-6382,-13091,0,30607,-10031,-20576,0,0,0,0,1,0
4875,2538541,18342,-2591,-15751,0,28831,-4073,-24758,0,0,0,0,1,0
4876,2539062,16506,1298,-17805,0,25947,2041,-27988,0,0,0,0,1,0
4877,2539583,14036,5138,-19174,0,22066,8077,-30143,0,0,0,0,1,0
4878,2540104,11028,8779,-19807,0,17337,13802,-31140,0,0,0,0,1,0
4879,2540625,7595,12082,-19678,0,11942,18997,-30940,0,0,0,0,1,0
4880,2541145,3872,14921,-18793,0,6088,23462,-29551,0,0,0,0,1,0
4881,2541666,0,17186,-17186,0,0,27026,-27026,0,0,0,0,1,0
4882,2542187,-3871,18790,-14919,0,-6088,29551,-23462,0,0,0,0,1,0
4883,2542708,-7593,19672,-12079,0,-11942,30940,-18997,0,0,0,0,1,0
4884,2543229,-11023,19798,-8775,0,-17337,31140,-13802,0,0,0,0,1,0
4885,2543750,-14028,19163,-5135,0,-22066,30143,-8077,0,0,0,0,1,0
4886,2544270,-16494,17792,-1297,0,-25947,27988,-2041,0,0,0,0,1,0
4887,2544791,-18326,15737,2589,0,-28831,24758,4073,0,0,0,0,1,0
4888,2545312,-19454,13078,6376,0,-30607,20576,10031,0,0,0,0,1,0
4889,2545833,-19833,9917,9917,0,-31207,15603,15603,0,0,0,0,1,0
4890,2546354,-19451,6375,13076,0,-30607,10031,20576,0,0,0,0,1,0
4891,2546875,-18321,2588,15733,0,-28831,4073,24758,0,0,0,0,1,0
4892,2547395,-16487,-1297,17784,0,-25947,-2041,27988,0,0,0,0,1,0
4893,2547916,-14020,-5132,19152,0,-22066,-8077,30143,0,0,0,0,1,0
4894,2548437,-11015,-8769,19784,0,-17337,-13802,31140,0,0,0,0,1,0
4895,2548958,-7587,-12069,19655,0,-11942,-18997,30940,0,0,0,0,1,0
4896,2549479,-3867,-14904,18771,0,-6088,-23462,29551,0,0,0,0,1,0
4897,2550000,0,-17166,17166,0,0,-27026,27026,0,0,0,0,1,0
4898,2550520,3867,-18769,14902,0,6088,-29551,23462,0,0,0,0,1,0
4899,2551041,7584,-19649,12065,0,11942,-30940,18997,0,0,0,0,1,0
4900,2551562,11010,-19775,8765,0,17337,-31140,13802,0,0,0,0,1,0
4901,2552083,14012,-19141,5129,0,22066,-30143,8077,0,0,0,0,1,0
4902,2552604,16475,-17771,1296,0,25947,-27988,2041,0,0,0,0,1,0
4903,2553125,18305,-15719,-2586,0,28831,-24758,-4073,0,0,0,0,1,0
4904,2553645,19431,-13063,-6368,0,30607,-20576,-10031,0,0,0,0,1,0
4905,2554166,19810,-9905,-9905,0,31207,-15603,-15603,0,0,0,0,1,0
4906,2554687,19428,-6367,-13061,0,30607,-10031,-20576,0,0,0,0,1,0
4907,2555208,18300,-2585,-15714,0,28831,-4073,-24758,0,0,0,0,1,0
4908,2555729,16468,1295,-17764,0,25947,2041,-27988,0,0,0,0,1,0
4909,2556250,14004,5126,-19130,0,22066,8077,-30143,0,0,0,0,1,0
4910,2556770,11002,8759,-19761,0,17337,13802,-31140,0,0,0,0,1,0
4911,2557291,7578,12055,-19632,0,11942,18997,-30940,0,0,0,0,1,0
4912,2557812,3863,14887,-18750,0,6088,23462,-29551,0,0,0,0,1,0
4913,2558333,0,17146,-17146,0,0,27026,-27026,0,0,0,0,1,0
4914,2558854,-3862,18747,-14885,0,-6088,29551,-23462,0,0,0,0,1,0
4915,2559375,-7576,19627,-12051,0,-11942,30940,-18997,0,0,0,0,1,0
4916,2559895,-10997,19752,-8755,0,-17337,31140,-13802,0,0,0,0,1,0
4917,2560416,-13996,19119,-5123,0,-22066,30143,-8077,0,0,0,0,1,0
4918,2560937,-16456,17751,-1294,0,-25947,27988,-2041,0,0,0,0,1,0
4919,2561458,-18284,15701,2583,0,-28831,24758,4073,0,0,0,0,1,0
4920,2561979,-19409,13048,6361,0,-30607,20576,10031,0,0,0,0,1,0
4921,2562500,-19788,9894,9894,0,-31207,15603,15603,0,0,0,0,1,0
4922,2563020,-19406,6360,13046,0,-30607,10031,20576,0,0,0,0,1,0
4923,2563541,-18279,2582,15696,0,-28831,4073,24758,0,0,0,0,1,0
4924,2564062,-16449,-1294,17743,0,-25947,-2041,27988,0,0,0,0,1,0
4925,2564583,-13988,-5120,19108,0,-22066,-8077,30143,0,0,0,0,1,0
4926,2565104,-10989,-8749,19738,0,-17337,-13802,31140,0,0,0,0,1,0
4927,2565625,-7569,-12041,19610,0,-11942,-18997,30940,0,0,0,0,1,0
4928,2566145,-3858,-14870,18728,0,-6088,-23462,29551,0,0,0,0,1,0
4929,2566666,0,-17127,17127,0,0,-27026,27026,0,0,0,0,1,0
4930,2567187,3858,-18725,14868,0,6088,-29551,23462,0,0,0,0,1,0
4931,2567708,7567,-19604,12037,0,11942,-30940,18997,0,0,0,0,1,0
4932,2568229,10985,-19730,8745,0,17337,-31140,13802,0,0,0,0,1,0
4933,2568750,13980,-19097,5117,0,22066,-30143,8077,0,0,0,0,1,0
4934,2569270,16437,-17730,1293,0,25947,-27988,2041,0,0,0,0,1,0
4935,2569791,18263,-15683,-2580,0,28831,-24758,-4073,0,0,0,0,1,0
4936,2570312,19387,-13033,-6354,0,30607,-20576,-10031,0,0,0,0,1,0
4937,2570833,19765,-9882,-9882,0,31207,-15603,-15603,0,0,0,0,1,0
4938,2571354,19384,-6353,-13031,0,30607,-10031,-20576,0,0,0,0,1,0
4939,2571875,18258,-2579,-15678,0,28831,-4073,-24758,0,0,0,0,1,0
4940,2572395,16430,1292,-17723,0,25947,2041,-27988,0,0,0,0,1,0
4941,2572916,13972,5114,-19086,0,22066,8077,-30143,0,0,0,0,1,0
4942,2573437,10977,8739,-19716,0,17337,13802,-31140,0,0,0,0,1,0
4943,2573958,7560,12027,-19587,0,11942,18997,-30940,0,0,0,0,1,0
4944,2574479,3854,14853,-18707,0,6088,23462,-29551,0,0,0,0,1,0
4945,2575000,0,17107,-17107,0,0,27026,-27026,0,0,0,0,1,0
4946,2575520,-3853,18704,-14851,0,-6088,29551,-23462,0,0,0,0,1,0
4947,2576041,-7558,19582,-12024,0,-11942,30940,-18997,0,0,0,0,1,0
4948,2576562,-10972,19707,-8735,0,-17337,31140,-13802,0,0,0,0,1,0
4949,2577083,-13964,19075,-5111,0,-22066,30143,-8077,0,0,0,0,1,0
4950,2577604,-16419,17710,-1291,0,-25947,27988,-2041,0,0,0,0,1,0
4951,2578125,-18242,15665,2577,0,-28831,24758,4073,0,0,0,0,1,0
4952,2578645,-19364,13018,6346,0,-30607,20576,10031,0,0,0,0,1,0
4953,2579166,-19742,9871,9871,0,-31207,15603,15603,0,0,0,0,1,0
4954,2579687,-19362,6346,13016,0,-30607,10031,20576,0,0,0,0,1,0
4955,2580208,-18237,2577,15660,0,-28831,4073,24758,0,0,0,0,1,0
4956,2580729,-16412,-1291,17703,0,-25947,-2041,27988,0,0,0,0,1,0
4957,2581250,-13956,-5108,19064,0,-22066,-8077,30143,0,0,0,0,1,0
4958,2581770,-10964,-8729,19693,0,-17337,-13802,31140,0,0,0,0,1,0
4959,2582291,-7552,-12013,19565,0,-11942,-18997,30940,0,0,0,0,1,0
4960,2582812,-3850,-14836,18685,0,-6088,-23462,29551,0,0,0,0,1,0
4961,2583333,0,-17088,17088,0,0,-27026,27026,0,0,0,0,1,0
4962,2583854,3849,-18683,14834,0,6088,-29551,23462,0,0,0,0,1,0
4963,2584375,7550,-19559,12010,0,11942,-30940,18997,0,0,0,0,1,0
4964,2584895,10960,-19685,8725,0,17337,-31140,13802,0,0,0,0,1,0
4965,2585416,13948,-19053,5105,0,22066,-30143,8077,0,0,0,0,1,0
4966,2585937,16400,-17690,1290,0,25947,-27988,2041,0,0,0,0,1,0
4967,2586458,18221,-15647,-2574,0,28831,-24758,-4073,0,0,0,0,1,0
4968,2586979,19342,-13003,-6339,0,30607,-20576,-10031,0,0,0,0,1,0
4969,2587500,19720,-9860,-9860,0,31207,-15603,-15603,0,0,0,0,1,0
4970,2588020,19340,-6338,-13001,0,30607,-10031,-20576,0,0,0,0,1,0
4971,2588541,18216,-2574,-15643,0,28831,-4073,-24758,0,0,0,0,1,0
4972,2589062,16393,1289,-17682,0,25947,2041,-27988,0,0,0,0,1,0
4973,2589583,13940,5102,-19042,0,22066,8077,-30143,0,0,0,0,1,0
4974,2590104,10952,8719,-19671,0,17337,13802,-31140,0,0,0,0,1,0
4975,2590625,7543,12000,-19543,0,11942,18997,-30940,0,0,0,0,1,0
4976,2591145,3845,14819,-18664,0,6088,23462,-29551,0,0,0,0,1,0
4977,2591666,0,17068,-17068,0,0,27026,-27026,0,0,0,0,1,0
4978,2592187,-3845,18661,-14817,0,-6088,29551,-23462,0,0,0,0,1,0
4979,2592708,-7541,19537,-11996,0,-11942,30940,-18997,0,0,0,0,1,0
4980,2593229,-10947,19662,-8715,0,-17337,31140,-13802,0,0,0,0,1,0
4981,2593750,-13932,19032,-5100,0,-22066,30143,-8077,0,0,0,0,1,0
4982,2594270,-16381,17670,-1289,0,-25947,27988,-2041,0,0,0,0,1,0
4983,2594791,-18201,15629,2571,0,-28831,24758,4073,0,0,0,0,1,0
4984,2595312,-19320,12988,6332,0,-30607,20576,10031,0,0,0,0,1,0
4985,2595833,-19697,9849,9849,0,-31207,15603,15603,0,0,0,0,1,0
4986,2596354,-19318,6331,12986,0,-30607,10031,20576,0,0,0,0,1,0
4987,2596875,-18195,2571,15625,0,-28831,4073,24758,0,0,0,0,1,0
4988,2597395,-16374,-1288,17662,0,-25947,-2041,27988,0,0,0,0,1,0
4989,2597916,-13924,-5097,19021,0,-22066,-8077,30143,0,0,0,0,1,0
4990,2598437,-10939,-8709,19648,0,-17337,-13802,31140,0,0,0,0,1,0
4991,2598958,-7535,-11986,19521,0,-11942,-18997,30940,0,0,0,0,1,0
4992,2599479,-3841,-14802,18643,0,-6088,-23462,29551,0,0,0,0,1,0
4993,2600000,0,-17049,17049,0,0,-27026,27026,0,0,0,0,1,0
4994,2600520,3840,-18640,14800,0,6088,-29551,23462,0,0,0,0,1,0
4995,2601041,7533,-19515,11982,0,11942,-30940,18997,0,0,0,0,1,0
4996,2601562,10935,-19640,8705,0,17337,-31140,13802,0,0,0,0,1,0
4997,2602083,13916,-19010,5094,0,22066,-30143,8077,0,0,0,0,1,0
4998,2602604,16363,-17650,1287,0,25947,-27988,2041,0,0,0,0,1,0
4999,2603125,18180,-15611,-2568,0,28831,-24758,-4073,0,0,0,0,1,0
5000,2603645,19298,-12974,-6325,0,30607,-20576,-10031,0,0,0,0,1,0
5001,2604166,19675,-9838,-9838,0,31207,-15603,-15603,0,0,0,0,1,0
5002,2604687,19296,-6324,-12972,0,30607,-10031,-20576,0,0,0,0,1,0
5003,2605208,18175,-2568,-15607,0,28831,-4073,-24758,0,0,0,0,1,0
5004,2605729,16356,1287,-17642,0,25947,2041,-27988,0,0,0,0,1,0
5005,2606250,13908,5091,-18999,0,22066,8077,-30143,0,0,0,0,1,0
5006,2606770,10927,8699,-19626,0,17337,13802,-31140,0,0,0,0,1,0
5007,2607291,7526,11972,-19498,0,11942,18997,-30940,0,0,0,0,1,0
5008,2607812,3837,14785,-18622,0,6088,23462,-29551,0,0,0,0,1,0
5009,2608333,0,17029,-17029,0,0,27026,-27026,0,0,0,0,1,0
5010,2608854,-3836,18619,-14783,0,-6088,29551,-23462,0,0,0,0,1,0
5011,2609375,-7524,19493,-11969,0,-11942,30940,-18997,0,0,0,0,1,0
5012,2609895,-10922,19618,-8695,0,-17337,31140,-13802,0,0,0,0,1,0
5013,2610416,-13901,18988,-5088,0,-22066,30143,-8077,0,0,0,0,1,0
5014,2610937,-16344,17630,-1286,0,-25947,27988,-2041,0,0,0,0,1,0
5015,2611458,-18159,15594,2566,0,-28831,24758,4073,0,0,0,0,1,0
5016,2611979,-19276,12959,6318,0,-30607,20576,10031,0,0,0,0,1,0
5017,2612500,-19653,9826,9826,0,-31207,15603,15603,0,0,0,0,1,0
5018,2613020,-19274,6317,12957,0,-30607,10031,20576,0,0,0,0,1,0
5019,2613541,-18154,2565,15589,0,-28831,4073,24758,0,0,0,0,1,0
5020,2614062,-16337,-1285,17622,0,-25947,-2041,27988,0,0,0,0,1,0
5021,2614583,-13893,-5085,18978,0,-22066,-8077,30143,0,0,0,0,1,0
5022,2615104,-10915,-8689,19604,0,-17337,-13802,31140,0,0,0,0,1,0
5023,2615625,-7518,-11959,19476,0,-11942,-18997,30940,0,0,0,0,1,0
5024,2616145,-3832,-14768,18601,0,-6088,-23462,29551,0,0,0,0,1,0
5025,2616666,0,-17010,17010,0,0,-27026,27026,0,0,0,0,1,0
5026,2617187,3832,-18598,14766,0,6088,-29551,23462,0,0,0,0,1,0
5027,2617708,7515,-19471,11955,0,11942,-30940,18997,0,0,0,0,1,0
5028,2618229,10910,-19595,8685,0,17337,-31140,13802,0,0,0,0,1,0
5029,2618750,13885,-18967,5082,0,22066,-30143,8077,0,0,0,0,1,0
5030,2619270,16326,-17610,1284,0,25947,-27988,2041,0,0,0,0,1,0
5031,2619791,18139,-15576,-2563,0,28831,-24758,-4073,0,0,0,0,1,0
5032,2620312,19255,-12944,-6310,0,30607,-20576,-10031,0,0,0,0,1,0
5033,2620833,19631,-9815,-9815,0,31207,-15603,-15603,0,0,0,0,1,0
5034,2621354,19252,-6310,-12942,0,30607,-10031,-20576,0,0,0,0,1,0
5035,2621875,18134,-2562,-15572,0,28831,-4073,-24758,0,0,0,0,1,0
5036,2622395,16319,1284,-17602,0,25947,2041,-27988,0,0,0,0,1,0
5037,2622916,13877,5079,-18956,0,22066,8077,-30143,0,0,0,0,1,0
5038,2623437,10902,8679,-19582,0,17337,13802,-31140,0,0,0,0,1,0
5039,2623958,7509,11945,-19454,0,11942,18997,-30940,0,0,0,0,1,0
5040,2624479,3828,14752,-18580,0,6088,23462,-29551,0,0,0,0,1,0
5041,2625000,0,16991,-16991,0,0,27026,-27026,0,0,0,0,1,0
5042,2625520,-3827,18577,-14750,0,-6088,29551,-23462,0,0,0,0,1,0
5043,2626041,-7507,19449,-11942,0,-11942,30940,-18997,0,0,0,0,1,0
5044,2626562,-10898,19573,-8676,0,-17337,31140,-13802,0,0,0,0,1,0
5045,2627083,-13869,18946,-5076,0,-22066,30143,-8077,0,0,0,0,1,0
5046,2627604,-16307,17590,-1283,0,-25947,27988,-2041,0,0,0,0,1,0
5047,2628125,-18118,15559,2560,0,-28831,24758,4073,0,0,0,0,1,0
5048,2628645,-19233,12930,6303,0,-30607,20576,10031,0,0,0,0,1,0
5049,2629166,-19608,9804,9804,0,-31207,15603,15603,0,0,0,0,1,0
5050,2629687,-19230,6302,12928,0,-30607,10031,20576,0,0,0,0,1,0
5051,2630208,-18113,2559,15554,0,-28831,4073,24758,0,0,0,0,1,0
5052,2630729,-16300,-1282,17583,0,-25947,-2041,27988,0,0,0,0,1,0
5053,2631250,-13861,-5074,18935,0,-22066,-8077,30143,0,0,0,0,1,0
5054,2631770,-10890,-8670,19560,0,-17337,-13802,31140,0,0,0,0,1,0
5055,2632291,-7501,-11932,19432,0,-11942,-18997,30940,0,0,0,0,1,0
5056,2632812,-3824,-14735,18559,0,-6088,-23462,29551,0,0,0,0,1,0
5057,2633333,0,-16972,16972,0,0,-27026,27026,0,0,0,0,1,0
5058,2633854,3823,-18556,14733,0,6088,-29551,23462,0,0,0,0,1,0
5059,2634375,7499,-19427,11928,0,11942,-30940,18997,0,0,0,0,1,0
5060,2634895,10885,-19551,8666,0,17337,-31140,13802,0,0,0,0,1,0
5061,2635416,13854,-18924,5071,0,22066,-30143,8077,0,0,0,0,1,0
5062,2635937,16289,-17570,1281,0,25947,-27988,2041,0,0,0,0,1,0
5063,2636458,18098,-15541,-2557,0,28831,-24758,-4073,0,0,0,0,1,0
5064,2636979,19211,-12915,-6296,0,30607,-20576,-10031,0,0,0,0,1,0
5065,2637500,19586,-9793,-9793,0,31207,-15603,-15603,0,0,0,0,1,0
5066,2638020,19209,-6295,-12913,0,30607,-10031,-20576,0,0,0,0,1,0
5067,2638541,18093,-2556,-15537,0,28831,-4073,-24758,0,0,0,0,1,0
5068,2639062,16282,1281,-17563,0,25947,2041,-27988,0,0,0,0,1,0
5069,2639583,13846,5068,-18914,0,22066,8077,-30143,0,0,0,0,1,0
5070,2640104,10878,8660,-19538,0,17337,13802,-31140,0,0,0,0,1,0
5071,2640625,7492,11918,-19411,0,11942,18997,-30940,0,0,0,0,1,0
5072,2641145,3819,14719,-18538,0,6088,23462,-29551,0,0,0,0,1,0
5073,2641666,0,16953,-16953,0,0,27026,-27026,0,0,0,0,1,0
5074,2642187,-3819,18535,-14717,0,-6088,29551,-23462,0,0,0,0,1,0
5075,2642708,-7490,19405,-11915,0,-11942,30940,-18997,0,0,0,0,1,0
5076,2643229,-10873,19529,-8656,0,-17337,31140,-13802,0,0,0,0,1,0
5077,2643750,-13838,18903,-5065,0,-22066,30143,-8077,0,0,0,0,1,0
5078,2644270,-16271,17550,-1280,0,-25947,27988,-2041,0,0,0,0,1,0
5079,2644791,-18078,15524,2554,0,-28831,24758,4073,0,0,0,0,1,0
5080,2645312,-19190,12901,6289,0,-30607,20576,10031,0,0,0,0,1,0
5081,2645833,-19564,9782,9782,0,-31207,15603,15603,0,0,0,0,1,0
5082,2646354,-19187,6288,12899,0,-30607,10031,20576,0,0,0,0,1,0
5083,2646875,-18073,2553,15519,0,-28831,4073,24758,0,0,0,0,1,0
5084,2647395,-16264,-1279,17543,0,-25947,-2041,27988,0,0,0,0,1,0
5085,2647916,-13830,-5062,18892,0,-22066,-8077,30143,0,0,0,0,1,0
5086,2648437,-10866,-8650,19516,0,-17337,-13802,31140,0,0,0,0,1,0
5087,2648958,-7484,-11905,19389,0,-11942,-18997,30940,0,0,0,0,1,0
5088,2649479,-3815,-14702,18517,0,-6088,-23462,29551,0,0,0,0,1,0
5089,2650000,0,-16934,16934,0,0,-27026,27026,0,0,0,0,1,0
5090,2650520,3814,-18514,14700,0,6088,-29551,23462,0,0,0,0,1,0
5091,2651041,7482,-19383,11902,0,11942,-30940,18997,0,0,0,0,1,0
5092,2651562,10861,-19508,8646,0,17337,-31140,13802,0,0,0,0,1,0
5093,2652083,13823,-18882,5059,0,22066,-30143,8077,0,0,0,0,1,0
5094,2652604,16252,-17531,1278,0,25947,-27988,2041,0,0,0,0,1,0
5095,2653125,18057,-15506,-2551,0,28831,-24758,-4073,0,0,0,0,1,0
5096,2653645,19168,-12886,-6282,0,30607,-20576,-10031,0,0,0,0,1,0
5097,2654166,19543,-9771,-9771,0,31207,-15603,-15603,0,0,0,0,1,0
5098,2654687,19166,-6281,-12884,0,30607,-10031,-20576,0,0,0,0,1,0
5099,2655208,18052,-2550,-15502,0,28831,-4073,-24758,0,0,0,0,1,0
5100,2655729,16246,1278,-17524,0,25947,2041,-27988,0,0,0,0,1,0
5101,2656250,13815,5057,-18871,0,22066,8077,-30143,0,0,0,0,1,0
5102,2656770,10853,8640,-19494,0,17337,13802,-31140,0,0,0,0,1,0
5103,2657291,7475,11892,-19367,0,11942,18997,-30940,0,0,0,0,1,0
5104,2657812,3811,14686,-18496,0,6088,23462,-29551,0,0,0,0,1,0
5105,2658333,0,16915,-16915,0,0,27026,-27026,0,0,0,0,1,0
5106,2658854,-3810,18494,-14684,0,-6088,29551,-23462,0,0,0,0,1,0
5107,2659375,-7473,19362,-11888,0,-11942,30940,-18997,0,0,0,0,1,0
5108,2659895,-10849,19486,-8637,0,-17337,31140,-13802,0,0,0,0,1,0
5109,2660416,-13807,18861,-5054,0,-22066,30143,-8077,0,0,0,0,1,0
5110,2660937,-16234,17511,-1277,0,-25947,27988,-2041,0,0,0,0,1,0
5111,2661458,-18037,15489,2548,0,-28831,24758,4073,0,0,0,0,1,0
5112,2661979,-19147,12872,6275,0,-30607,20576,10031,0,0,0,0,1,0
5113,2662500,-19521,9760,9760,0,-31207,15603,15603,0,0,0,0,1,0
5114,2663020,-19144,6274,12870,0,-30607,10031,20576,0,0,0,0,1,0
5115,2663541,-18032,2548,15485,0,-28831,4073,24758,0,0,0,0,1,0
5116,2664062,-16228,-1276,17504,0,-25947,-2041,27988,0,0,0,0,1,0
5117,2664583,-13799,-5051,18850,0,-22066,-8077,30143,0,0,0,0,1,0
5118,2665104,-10841,-8631,19472,0,-17337,-13802,31140,0,0,0,0,1,0
5119,2665625,-7467,-11879,19346,0,-11942,-18997,30940,0,0,0,0,1,0
5120,2666145,-3806,-14669,18476,0,-6088,-23462,29551,0,0,0,0,1,0
5121,2666666,0,-16896,16896,0,0,-27026,27026,0,0,0,0,1,0
5122,2667187,3806,-18473,14667,0,6088,-29551,23462,0,0,0,0,1,0
5123,2667708,7465,-19340,11875,0,11942,-30940,18997,0,0,0,0,1,0
5124,2668229,10837,-19464,8627,0,17337,-31140,13802,0,0,0,0,1,0
5125,2668750,13792,-18840,5048,0,22066,-30143,8077,0,0,0,0,1,0
5126,2669270,16216,-17492,1276,0,25947,-27988,2041,0,0,0,0,1,0
5127,2669791,18017,-15472,-2545,0,28831,-24758,-4073,0,0,0,0,1,0
5128,2670312,19126,-12857,-6268,0,30607,-20576,-10031,0,0,0,0,1,0
5129,2670833,19499,-9750,-9750,0,31207,-15603,-15603,0,0,0,0,1,0
5130,2671354,19123,-6267,-12856,0,30607,-10031,-20576,0,0,0,0,1,0
5131,2671875,18012,-2545,-15467,0,28831,-4073,-24758,0,0,0,0,1,0
5132,2672395,16209,1275,-17484,0,25947,2041,-27988,0,0,0,0,1,0
5133,2672916,13784,5045,-18829,0,22066,8077,-30143,0,0,0,0,1,0
5134,2673437,10829,8621,-19451,0,17337,13802,-31140,0,0,0,0,1,0
5135,2673958,7459,11865,-19324,0,11942,18997,-30940,0,0,0,0,1,0
5136,2674479,3802,14653,-18455,0,6088,23462,-29551,0,0,0,0,1,0
5137,2675000,0,16877,-16877,0,0,27026,-27026,0,0,0,0,1,0
5138,2675520,-3802,18453,-14651,0,-6088,29551,-23462,0,0,0,0,1,0
5139,2676041,-7457,19319,-11862,0,-11942,30940,-18997,0,0,0,0,1,0
5140,2676562,-10825,19442,-8618,0,-17337,31140,-13802,0,0,0,0,1,0
5141,2677083,-13776,18819,-5043,0,-22066,30143,-8077,0,0,0,0,1,0
5142,2677604,-16198,17472,-1274,0,-25947,27988,-2041,0,0,0,0,1,0
5143,2678125,-17997,15455,2543,0,-28831,24758,4073,0,0,0,0,1,0
5144,2678645,-19104,12843,6261,0,-30607,20576,10031,0,0,0,0,1,0
5145,2679166,-19477,9739,9739,0,-31207,15603,15603,0,0,0,0,1,0
5146,2679687,-19102,6260,12841,0,-30607,10031,20576,0,0,0,0,1,0
5147,2680208,-17992,2542,15450,0,-28831,4073,24758,0,0,0,0,1,0
5148,2680729,-16191,-1274,17465,0,-25947,-2041,27988,0,0,0,0,1,0
5149,2681250,-13769,-5040,18808,0,-22066,-8077,30143,0,0,0,0,1,0
5150,2681770,-10817,-8612,19429,0,-17337,-13802,31140,0,0,0,0,1,0
5151,2682291,-7451,-11852,19303,0,-11942,-18997,30940,0,0,0,0,1,0
5152,2682812,-3798,-14637,18435,0,-6088,-23462,29551,0,0,0,0,1,0
5153,2683333,0,-16859,16859,0,0,-27026,27026,0,0,0,0,1,0
5154,2683854,3797,-18432,14635,0,6088,-29551,23462,0,0,0,0,1,0
5155,2684375,7449,-19297,11849,0,11942,-30940,18997,0,0,0,0,1,0
5156,2684895,10813,-19421,8608,0,17337,-31140,13802,0,0,0,0,1,0
5157,2685416,13761,-18798,5037,0,22066,-30143,8077,0,0,0,0,1,0
5158,2685937,16180,-17453,1273,0,25947,-27988,2041,0,0,0,0,1,0
5159,2686458,17977,-15437,-2540,0,28831,-24758,-4073,0,0,0,0,1,0
5160,2686979,19083,-12829,-6254,0,30607,-20576,-10031,0,0,0,0,1,0
5161,2687500,19456,-9728,-9728,0,31207,-15603,-15603,0,0,0,0,1,0
5162,2688020,19081,-6253,-12827,0,30607,-10031,-20576,0,0,0,0,1,0
5163,2688541,17972,-2539,-15433,0,28831,-4073,-24758,0,0,0,0,1,0
5164,2689062,16174,1272,-17446,0,25947,2041,-27988,0,0,0,0,1,0
5165,2689583,13754,5034,-18788,0,22066,8077,-30143,0,0,0,0,1,0
5166,2690104,10805,8602,-19407,0,17337,13802,-31140,0,0,0,0,1,0
5167,2690625,7442,11839,-19281,0,11942,18997,-30940,0,0,0,0,1,0
5168,2691145,3794,14621,-18414,0,6088,23462,-29551,0,0,0,0,1,0
5169,2691666,0,16840,-16840,0,0,27026,-27026,0,0,0,0,1,0
5170,2692187,-3793,18412,-14619,0,-6088,29551,-23462,0,0,0,0,1,0
5171,2692708,-7440,19276,-11836,0,-11942,30940,-18997,0,0,0,0,1,0
5172,2693229,-10801,19399,-8599,0,-17337,31140,-13802,0,0,0,0,1,0
5173,2693750,-13746,18777,-5031,0,-22066,30143,-8077,0,0,0,0,1,0
5174,2694270,-16162,17434,-1271,0,-25947,27988,-2041,0,0,0,0,1,0
5175,2694791,-17957,15420,2537,0,-28831,24758,4073,0,0,0,0,1,0
5176,2695312,-19062,12815,6247,0,-30607,20576,10031,0,0,0,0,1,0
5177,2695833,-19434,9717,9717,0,-31207,15603,15603,0,0,0,0,1,0
5178,2696354,-19060,6247,12813,0,-30607,10031,20576,0,0,0,0,1,0
5179,2696875,-17952,2536,15416,0,-28831,4073,24758,0,0,0,0,1,0
5180,2697395,-16156,-1271,17427,0,-25947,-2041,27988,0,0,0,0,1,0
5181,2697916,-13738,-5029,18767,0,-22066,-8077,30143,0,0,0,0,1,0
5182,2698437,-10793,-8593,19386,0,-17337,-13802,31140,0,0,0,0,1,0
5183,2698958,-7434,-11826,19260,0,-11942,-18997,30940,0,0,0,0,1,0
5184,2699479,-3790,-14604,18394,0,-6088,-23462,29551,0,0,0,0,1,0
5185,2700000,0,-16821,16821,0,0,-27026,27026,0,0,0,0,1,0
5186,2700520,3789,-18392,14602,0,6088,-29551,23462,0,0,0,0,1,0
5187,2701041,7432,-19255,11823,0,11942,-30940,18997,0,0,0,0,1,0
5188,2701562,10789,-19378,8589,0,17337,-31140,13802,0,0,0,0,1,0
5189,2702083,13731,-18757,5026,0,22066,-30143,8077,0,0,0,0,1,0
5190,2702604,16145,-17415,1270,0,25947,-27988,2041,0,0,0,0,1,0
5191,2703125,17938,-15403,-2534,0,28831,-24758,-4073,0,0,0,0,1,0
5192,2703645,19041,-12801,-6241,0,30607,-20576,-10031,0,0,0,0,1,0
5193,2704166,19413,-9706,-9706,0,31207,-15603,-15603,0,0,0,0,1,0
5194,2704687,19039,-6240,-12799,0,30607,-10031,-20576,0,0,0,0,1,0
5195,2705208,17933,-2534,-15399,0,28831,-4073,-24758,0,0,0,0,1,0
5196,2705729,16138,1269,-17407,0,25947,2041,-27988,0,0,0,0,1,0
5197,2706250,13723,5023,-18746,0,22066,8077,-30143,0,0,0,0,1,0
5198,2706770,10782,8583,-19365,0,17337,13802,-31140,0,0,0,0,1,0
5199,2707291,7426,11813,-19239,0,11942,18997,-30940,0,0,0,0,1,0
5200,2707812,3785,14588,-18374,0,6088,23462,-29551,0,0,0,0,1,0
5201,2708333,0,16803,-16803,0,0,27026,-27026,0,0,0,0,1,0
5202,2708854,-3785,18371,-14586,0,-6088,29551,-23462,0,0,0,0,1,0
5203,2709375,-7424,19234,-11810,0,-11942,30940,-18997,0,0,0,0,1,0
5204,2709895,-10777,19357,-8580,0,-17337,31140,-13802,0,0,0,0,1,0
5205,2710416,-13716,18736,-5020,0,-22066,30143,-8077,0,0,0,0,1,0
5206,2710937,-16127,17395,-1269,0,-25947,27988,-2041,0,0,0,0,1,0
5207,2711458,-17918,15386,2531,0,-28831,24758,4073,0,0,0,0,1,0
5208,2711979,-19020,12787,6234,0,-30607,20576,10031,0,0,0,0,1,0
5209,2712500,-19392,9696,9696,0,-31207,15603,15603,0,0,0,0,1,0
5210,2713020,-19018,6233,12785,0,-30607,10031,20576,0,0,0,0,1,0
5211,2713541,-17913,2531,15382,0,-28831,4073,24758,0,0,0,0,1,0
5212,2714062,-16120,-1268,17388,0,-25947,-2041,27988,0,0,0,0,1,0
5213,2714583,-13708,-5018,18726,0,-22066,-8077,30143,0,0,0,0,1,0
5214,2715104,-10770,-8574,19343,0,-17337,-13802,31140,0,0,0,0,1,0
5215,2715625,-7418,-11800,19218,0,-11942,-18997,30940,0,0,0,0,1,0
5216,2716145,-3781,-14572,18354,0,-6088,-23462,29551,0,0,0,0,1,0
5217,2716666,0,-16784,16784,0,0,-27026,27026,0,0,0,0,1,0
5218,2717187,3781,-18351,14570,0,6088,-29551,23462,0,0,0,0,1,0
5219,2717708,7416,-19213,11797,0,11942,-30940,18997,0,0,0,0,1,0
5220,2718229,10765,-19335,8570,0,17337,-31140,13802,0,0,0,0,1,0
5221,2718750,13701,-18715,5015,0,22066,-30143,8077,0,0,0,0,1,0
5222,2719270,16109,-17376,1267,0,25947,-27988,2041,0,0,0,0,1,0
5223,2719791,17898,-15370,-2529,0,28831,-24758,-4073,0,0,0,0,1,0
5224,2720312,18999,-12773,-6227,0,30607,-20576,-10031,0,0,0,0,1,0
5225,2720833,19370,-9685,-9685,0,31207,-15603,-15603,0,0,0,0,1,0
5226,2721354,18997,-6226,-12771,0,30607,-10031,-20576,0,0,0,0,1,0
5227,2721875,17893,-2528,-15365,0,28831,-4073,-24758,0,0,0,0,1,0
5228,2722395,16103,1267,-17369,0,25947,2041,-27988,0,0,0,0,1,0
5229,2722916,13693,5012,-18705,0,22066,8077,-30143,0,0,0,0,1,0
5230,2723437,10758,8564,-19322,0,17337,13802,-31140,0,0,0,0,1,0
5231,2723958,7410,11787,-19197,0,11942,18997,-30940,0,0,0,0,1,0
5232,2724479,3777,14556,-18334,0,6088,23462,-29551,0,0,0,0,1,0
5233,2725000,0,16766,-16766,0,0,27026,-27026,0,0,0,0,1,0
5234,2725520,-3777,18331,-14554,0,-6088,29551,-23462,0,0,0,0,1,0
5235,2726041,-7408,19191,-11784,0,-11942,30940,-18997,0,0,0,0,1,0
5236,2726562,-10753,19314,-8561,0,-17337,31140,-13802,0,0,0,0,1,0
5237,2727083,-13686,18695,-5009,0,-22066,30143,-8077,0,0,0,0,1,0
5238,2727604,-16092,17357,-1266,0,-25947,27988,-2041,0,0,0,0,1,0
5239,2728125,-17879,15353,2526,0,-28831,24758,4073,0,0,0,0,1,0
5240,2728645,-18979,12759,6220,0,-30607,20576,10031,0,0,0,0,1,0
5241,2729166,-19349,9675,9675,0,-31207,15603,15603,0,0,0,0,1,0
5242,2729687,-18976,6219,12757,0,-30607,10031,20576,0,0,0,0,1,0
5243,2730208,-17874,2525,15349,0,-28831,4073,24758,0,0,0,0,1,0
5244,2730729,-16085,-1265,17350,0,-25947,-2041,27988,0,0,0,0,1,0
5245,2731250,-13678,-5007,18685,0,-22066,-8077,30143,0,0,0,0,1,0
5246,2731770,-10746,-8555,19301,0,-17337,-13802,31140,0,0,0,0,1,0
5247,2732291,-7402,-11774,19176,0,-11942,-18997,30940,0,0,0,0,1,0
5248,2732812,-3773,-14541,18314,0,-6088,-23462,29551,0,0,0,0,1,0
5249,2733333,0,-16748,16748,0,0,-27026,27026,0,0,0,0,1,0
5250,2733854,3773,-18311,14539,0,6088,-29551,23462,0,0,0,0,1,0
5251,2734375,7400,-19171,11771,0,11942,-30940,18997,0,0,0,0,1,0
5252,2734895,10742,-19293,8551,0,17337,-31140,13802,0,0,0,0,1,0
5253,2735416,13671,-18675,5004,0,22066,-30143,8077,0,0,0,0,1,0
5254,2735937,16074,-17338,1264,0,25947,-27988,2041,0,0,0,0,1,0
5255,2736458,17859,-15336,-2523,0,28831,-24758,-4073,0,0,0,0,1,0
5256,2736979,18958,-12745,-6213,0,30607,-20576,-10031,0,0,0,0,1,0
5257,2737500,19328,-9664,-9664,0,31207,-15603,-15603,0,0,0,0,1,0
5258,2738020,18955,-6212,-12743,0,30607,-10031,-20576,0,0,0,0,1,0
5259,2738541,17854,-2522,-15332,0,28831,-4073,-24758,0,0,0,0,1,0
5260,2739062,16067,1264,-17331,0,25947,2041,-27988,0,0,0,0,1,0
5261,2739583,13663,5001,-18664,0,22066,8077,-30143,0,0,0,0,1,0
5262,2740104,10734,8546,-19280,0,17337,13802,-31140,0,0,0,0,1,0
5263,2740625,7394,11761,-19155,0,11942,18997,-30940,0,0,0,0,1,0
5264,2741145,3769,14525,-18294,0,6088,23462,-29551,0,0,0,0,1,0
5265,2741666,0,16729,-16729,0,0,27026,-27026,0,0,0,0,1,0
5266,2742187,-3768,18291,-14523,0,-6088,29551,-23462,0,0,0,0,1,0
5267,2742708,-7391,19150,-11758,0,-11942,30940,-18997,0,0,0,0,1,0
5268,2743229,-10730,19272,-8542,0,-17337,31140,-13802,0,0,0,0,1,0
5269,2743750,-13656,18654,-4998,0,-22066,30143,-8077,0,0,0,0,1,0
5270,2744270,-16056,17319,-1263,0,-25947,27988,-2041,0,0,0,0,1,0
5271,2744791,-17840,15319,2520,0,-28831,24758,4073,0,0,0,0,1,0
5272,2745312,-18937,12731,6206,0,-30607,20576,10031,0,0,0,0,1,0
5273,2745833,-19307,9654,9654,0,-31207,15603,15603,0,0,0,0,1,0
5274,2746354,-18935,6206,12729,0,-30607,10031,20576,0,0,0,0,1,0
5275,2746875,-17835,2520,15315,0,-28831,4073,24758,0,0,0,0,1,0
5276,2747395,-16050,-1262,17312,0,-25947,-2041,27988,0,0,0,0,1,0
5277,2747916,-13648,-4996,18644,0,-22066,-8077,30143,0,0,0,0,1,0
5278,2748437,-10723,-8536,19259,0,-17337,-13802,31140,0,0,0,0,1,0
5279,2748958,-7385,-11749,19134,0,-11942,-18997,30940,0,0,0,0,1,0
5280,2749479,-3765,-14509,18274,0,-6088,-23462,29551,0,0,0,0,1,0
5281,2750000,0,-16711,16711,0,0,-27026,27026,0,0,0,0,1,0
5282,2750520,3764,-18271,14507,0,6088,-29551,23462,0,0,0,0,1,0
5283,2751041,7383,-19129,11745,0,11942,-30940,18997,0,0,0,0,1,0
5284,2751562,10718,-19251,8533,0,17337,-31140,13802,0,0,0,0,1,0
5285,2752083,13641,-18634,4993,0,22066,-30143,8077,0,0,0,0,1,0
5286,2752604,16039,-17301,1262,0,25947,-27988,2041,0,0,0,0,1,0
5287,2753125,17820,-15303,-2518,0,28831,-24758,-4073,0,0,0,0,1,0
5288,2753645,18917,-12717,-6200,0,30607,-20576,-10031,0,0,0,0,1,0
5289,2754166,19286,-9643,-9643,0,31207,-15603,-15603,0,0,0,0,1,0
5290,2754687,18914,-6199,-12715,0,30607,-10031,-20576,0,0,0,0,1,0
5291,2755208,17816,-2517,-15299,0,28831,-4073,-24758,0,0,0,0,1,0
5292,2755729,16033,1261,-17294,0,25947,2041,-27988,0,0,0,0,1,0
5293,2756250,13634,4990,-18624,0,22066,8077,-30143,0,0,0,0,1,0
5294,2756770,10711,8527,-19238,0,17337,13802,-31140,0,0,0,0,1,0
5295,2757291,7377,11736,-19113,0,11942,18997,-30940,0,0,0,0,1,0
5296,2757812,3761,14493,-18254,0,6088,23462,-29551,0,0,0,0,1,0
5297,2758333,0,16693,-16693,0,0,27026,-27026,0,0,0,0,1,0
5298,2758854,-3760,18251,-14491,0,-6088,29551,-23462,0,0,0,0,1,0
5299,2759375,-7375,19108,-11733,0,-11942,30940,-18997,0,0,0,0,1,0
5300,2759895,-10707,19230,-8524,0,-17337,31140,-13802,0,0,0,0,1,0
5301,2760416,-13626,18614,-4988,0,-22066,30143,-8077,0,0,0,0,1,0
5302,2760937,-16022,17282,-1260,0,-25947,27988,-2041,0,0,0,0,1,0
5303,2761458,-17801,15286,2515,0,-28831,24758,4073,0,0,0,0,1,0
5304,2761979,-18896,12703,6193,0,-30607,20576,10031,0,0,0,0,1,0
5305,2762500,-19265,9633,9633,0,-31207,15603,15603,0,0,0,0,1,0
5306,2763020,-18894,6192,12702,0,-30607,10031,20576,0,0,0,0,1,0
5307,2763541,-17796,2514,15282,0,-28831,4073,24758,0,0,0,0,1,0
5308,2764062,-16015,-1260,17275,0,-25947,-2041,27988,0,0,0,0,1,0
5309,2764583,-13619,-4985,18604,0,-22066,-8077,30143,0,0,0,0,1,0
5310,2765104,-10700,-8518,19217,0,-17337,-13802,31140,0,0,0,0,1,0
5311,2765625,-7369,-11723,19093,0,-11942,-18997,30940,0,0,0,0,1,0
5312,2766145,-3757,-14478,18234,0,-6088,-23462,29551,0,0,0,0,1,0
5313,2766666,0,-16675,16675,0,0,-27026,27026,0,0,0,0,1,0
5314,2767187,3756,-18232,14476,0,6088,-29551,23462,0,0,0,0,1,0
5315,2767708,7367,-19087,11720,0,11942,-30940,18997,0,0,0,0,1,0
5316,2768229,10695,-19210,8514,0,17337,-31140,13802,0,0,0,0,1,0
5317,2768750,13612,-18594,4982,0,22066,-30143,8077,0,0,0,0,1,0
5318,2769270,16004,-17263,1259,0,25947,-27988,2041,0,0,0,0,1,0
5319,2769791,17782,-15270,-2512,0,28831,-24758,-4073,0,0,0,0,1,0
5320,2770312,18876,-12690,-6186,0,30607,-20576,-10031,0,0,0,0,1,0
5321,2770833,19244,-9622,-9622,0,31207,-15603,-15603,0,0,0,0,1,0
5322,2771354,18873,-6185,-12688,0,30607,-10031,-20576,0,0,0,0,1,0
5323,2771875,17777,-2512,-15266,0,28831,-4073,-24758,0,0,0,0,1,0
5324,2772395,15998,1258,-17256,0,25947,2041,-27988,0,0,0,0,1,0
5325,2772916,13604,4979,-18584,0,22066,8077,-30143,0,0,0,0,1,0
5326,2773437,10688,8509,-19197,0,17337,13802,-31140,0,0,0,0,1,0
5327,2773958,7362,11711,-19072,0,11942,18997,-30940,0,0,0,0,1,0
5328,2774479,3753,14462,-18215,0,6088,23462,-29551,0,0,0,0,1,0
5329,2775000,0,16657,-16657,0,0,27026,-27026,0,0,0,0,1,0
5330,2775520,-3752,18212,-14460,0,-6088,29551,-23462,0,0,0,0,1,0
5331,2776041,-7360,19067,-11707,0,-11942,30940,-18997,0,0,0,0,1,0
5332,2776562,-10684,19189,-8505,0,-17337,31140,-13802,0,0,0,0,1,0
5333,2777083,-13597,18574,-4977,0,-22066,30143,-8077,0,0,0,0,1,0
5334,2777604,-15987,17245,-1258,0,-25947,27988,-2041,0,0,0,0,1,0
5335,2778125,-17763,15253,2510,0,-28831,24758,4073,0,0,0,0,1,0
5336,2778645,-18856,12676,6180,0,-30607,20576,10031,0,0,0,0,1,0
5337,2779166,-19224,9612,9612,0,-31207,15603,15603,0,0,0,0,1,0
5338,2779687,-18853,6179,12674,0,-30607,10031,20576,0,0,0,0,1,0
5339,2780208,-17758,2509,15249,0,-28831,4073,24758,0,0,0,0,1,0
5340,2780729,-15981,-1257,17238,0,-25947,-2041,27988,0,0,0,0,1,0
5341,2781250,-13590,-4974,18564,0,-22066,-8077,30143,0,0,0,0,1,0
5342,2781770,-10677,-8500,19176,0,-17337,-13802,31140,0,0,0,0,1,0
5343,2782291,-7354,-11698,19052,0,-11942,-18997,30940,0,0,0,0,1,0
5344,2782812,-3749,-14446,18195,0,-6088,-23462,29551,0,0,0,0,1,0
5345,2783333,0,-16639,16639,0,0,-27026,27026,0,0,0,0,1,0
5346,2783854,3748,-18192,14444,0,6088,-29551,23462,0,0,0,0,1,0
5347,2784375,7352,-19046,11695,0,11942,-30940,18997,0,0,0,0,1,0
5348,2784895,10672,-19168,8496,0,17337,-31140,13802,0,0,0,0,1,0
5349,2785416,13582,-18554,4971,0,22066,-30143,8077,0,0,0,0,1,0
5350,2785937,15970,-17226,1256,0,25947,-27988,2041,0,0,0,0,1,0
5351,2786458,17744,-15237,-2507,0,28831,-24758,-4073,0,0,0,0,1,0
5352,2786979,18835,-12662,-6173,0,30607,-20576,-10031,0,0,0,0,1,0
5353,2787500,19203,-9602,-9602,0,31207,-15603,-15603,0,0,0,0,1,0
5354,2788020,18833,-6172,-12661,0,30607,-10031,-20576,0,0,0,0,1,0
5355,2788541,17739,-2506,-15233,0,28831,-4073,-24758,0,0,0,0,1,0
5356,2789062,15964,1256,-17219,0,25947,2041,-27988,0,0,0,0,1,0
5357,2789583,13575,4969,-18544,0,22066,8077,-30143,0,0,0,0,1,0
5358,2790104,10665,8490,-19156,0,17337,13802,-31140,0,0,0,0,1,0
5359,2790625,7346,11685,-19031,0,11942,18997,-30940,0,0,0,0,1,0
5360,2791145,3745,14431,-18175,0,6088,23462,-29551,0,0,0,0,1,0
5361,2791666,0,16621,-16621,0,0,27026,-27026,0,0,0,0,1,0
5362,2792187,-3744,18173,-14429,0,-6088,29551,-23462,0,0,0,0,1,0
5363,2792708,-7344,19026,-11682,0,-11942,30940,-18997,0,0,0,0,1,0
5364,2793229,-10661,19148,-8487,0,-17337,31140,-13802,0,0,0,0,1,0
5365,2793750,-13568,18534,-4966,0,-22066,30143,-8077,0,0,0,0,1,0
5366,2794270,-15953,17208,-1255,0,-25947,27988,-2041,0,0,0,0,1,0
5367,2794791,-17725,15221,2504,0,-28831,24758,4073,0,0,0,0,1,0
5368,2795312,-18815,12649,6166,0,-30607,20576,10031,0,0,0,0,1,0
5369,2795833,-19182,9591,9591,0,-31207,15603,15603,0,0,0,0,1,0
5370,2796354,-18813,6166,12647,0,-30607,10031,20576,0,0,0,0,1,0
5371,2796875,-17720,2503,15216,0,-28831,4073,24758,0,0,0,0,1,0
5372,2797395,-15946,-1254,17201,0,-25947,-2041,27988,0,0,0,0,1,0
5373,2797916,-13560,-4963,18524,0,-22066,-8077,30143,0,0,0,0,1,0
5374,2798437,-10654,-8481,19135,0,-17337,-13802,31140,0,0,0,0,1,0
5375,2798958,-7338,-11673,19011,0,-11942,-18997,30940,0,0,0,0,1,0
5376,2799479,-3741,-14415,18156,0,-6088,-23462,29551,0,0,0,0,1,0
5377,2800000,0,-16604,16604,0,0,-27026,27026,0,0,0,0,1,0
5378,2800520,3740,-18154,14413,0,6088,-29551,23462,0,0,0,0,1,0
5379,2801041,7336,-19006,11670,0,11942,-30940,18997,0,0,0,0,1,0
5380,2801562,10649,-19127,8478,0,17337,-31140,13802,0,0,0,0,1,0
5381,2802083,13553,-18514,4961,0,22066,-30143,8077,0,0,0,0,1,0
5382,2802604,15936,-17189,1254,0,25947,-27988,2041,0,0,0,0,1,0
5383,2803125,17706,-15204,-2501,0,28831,-24758,-4073,0,0,0,0,1,0
5384,2803645,18795,-12635,-6160,0,30607,-20576,-10031,0,0,0,0,1,0
5385,2804166,19162,-9581,-9581,0,31207,-15603,-15603,0,0,0,0,1,0
5386,2804687,18793,-6159,-12634,0,30607,-10031,-20576,0,0,0,0,1,0
5387,2805208,17701,-2501,-15200,0,28831,-4073,-24758,0,0,0,0,1,0
5388,2805729,15929,1253,-17182,0,25947,2041,-27988,0,0,0,0,1,0
5389,2806250,13546,4958,-18504,0,22066,8077,-30143,0,0,0,0,1,0
5390,2806770,10642,8472,-19115,0,17337,13802,-31140,0,0,0,0,1,0
5391,2807291,7330,11660,-18990,0,11942,18997,-30940,0,0,0,0,1,0
5392,2807812,3737,14400,-18137,0,6088,23462,-29551,0,0,0,0,1,0
5393,2808333,0,16586,-16586,0,0,27026,-27026,0,0,0,0,1,0
5394,2808854,-3736,18134,-14398,0,-6088,29551,-23462,0,0,0,0,1,0
5395,2809375,-7328,18985,-11657,0,-11942,30940,-18997,0,0,0,0,1,0
5396,2809895,-10638,19107,-8469,0,-17337,31140,-13802,0,0,0,0,1,0
5397,2810416,-13539,18494,-4956,0,-22066,30143,-8077,0,0,0,0,1,0
5398,2810937,-15919,17171,-1252,0,-25947,27988,-2041,0,0,0,0,1,0
5399,2811458,-17687,15188,2499,0,-28831,24758,4073,0,0,0,0,1,0
5400,2811979,-18775,12622,6153,0,-30607,20576,10031,0,0,0,0,1,0
5401,2812500,-19142,9571,9571,0,-31207,15603,15603,0,0,0,0,1,0
5402,2813020,-18773,6152,12620,0,-30607,10031,20576,0,0,0,0,1,0
5403,2813541,-17682,2498,15184,0,-28831,4073,24758,0,0,0,0,1,0
5404,2814062,-15912,-1252,17164,0,-25947,-2041,27988,0,0,0,0,1,0
5405,2814583,-13532,-4953,18484,0,-22066,-8077,30143,0,0,0,0,1,0
5406,2815104,-10631,-8463,19094,0,-17337,-13802,31140,0,0,0,0,1,0
5407,2815625,-7322,-11648,18970,0,-11942,-18997,30940,0,0,0,0,1,0
5408,2816145,-3733,-14385,18117,0,-6088,-23462,29551,0,0,0,0,1,0
5409,2816666,0,-16568,16568,0,0,-27026,27026,0,0,0,0,1,0
5410,2817187,3732,-18115,14383,0,6088,-29551,23462,0,0,0,0,1,0
5411,2817708,7320,-18965,11645,0,11942,-30940,18997,0,0,0,0,1,0
5412,2818229,10627,-19087,8460,0,17337,-31140,13802,0,0,0,0,1,0
5413,2818750,13524,-18475,4950,0,22066,-30143,8077,0,0,0,0,1,0
5414,2819270,15902,-17153,1251,0,25947,-27988,2041,0,0,0,0,1,0
5415,2819791,17668,-15172,-2496,0,28831,-24758,-4073,0,0,0,0,1,0
5416,2820312,18755,-12608,-6147,0,30607,-20576,-10031,0,0,0,0,1,0
5417,2820833,19121,-9561,-9561,0,31207,-15603,-15603,0,0,0,0,1,0
5418,2821354,18753,-6146,-12607,0,30607,-10031,-20576,0,0,0,0,1,0
5419,2821875,17663,-2495,-15168,0,28831,-4073,-24758,0,0,0,0,1,0
5420,2822395,15896,1250,-17146,0,25947,2041,-27988,0,0,0,0,1,0
5421,2822916,13517,4948,-18465,0,22066,8077,-30143,0,0,0,0,1,0
5422,2823437,10620,8454,-19074,0,17337,13802,-31140,0,0,0,0,1,0
5423,2823958,7314,11636,-18950,0,11942,18997,-30940,0,0,0,0,1,0
5424,2824479,3729,14369,-18098,0,6088,23462,-29551,0,0,0,0,1,0
5425,2825000,0,16551,-16551,0,0,27026,-27026,0,0,0,0,1,0
5426,2825520,-3728,18096,-14367,0,-6088,29551,-23462,0,0,0,0,1,0
5427,2826041,-7313,18945,-11633,0,-11942,30940,-18997,0,0,0,0,1,0
5428,2826562,-10615,19066,-8451,0,-17337,31140,-13802,0,0,0,0,1,0
5429,2827083,-13510,18455,-4945,0,-22066,30143,-8077,0,0,0,0,1,0
5430,2827604,-15885,17135,-1250,0,-25947,27988,-2041,0,0,0,0,1,0
5431,2828125,-17649,15156,2494,0,-28831,24758,4073,0,0,0,0,1,0
5432,2828645,-18735,12595,6140,0,-30607,20576,10031,0,0,0,0,1,0
5433,2829166,-19101,9550,9550,0,-31207,15603,15603,0,0,0,0,1,0
5434,2829687,-18733,6139,12593,0,-30607,10031,20576,0,0,0,0,1,0
5435,2830208,-17645,2493,15152,0,-28831,4073,24758,0,0,0,0,1,0
5436,2830729,-15879,-1249,17128,0,-25947,-2041,27988,0,0,0,0,1,0
5437,2831250,-13503,-4942,18445,0,-22066,-8077,30143,0,0,0,0,1,0
5438,2831770,-10608,-8445,19054,0,-17337,-13802,31140,0,0,0,0,1,0
5439,2832291,-7307,-11623,18930,0,-11942,-18997,30940,0,0,0,0,1,0
5440,2832812,-3725,-14354,18079,0,-6088,-23462,29551,0,0,0,0,1,0
5441,2833333,0,-16533,16533,0,0,-27026,27026,0,0,0,0,1,0
5442,2833854,3724,-18076,14352,0,6088,-29551,23462,0,0,0,0,1,0
5443,2834375,7305,-18925,11620,0,11942,-30940,18997,0,0,0,0,1,0
5444,2834895,10604,-19046,8442,0,17337,-31140,13802,0,0,0,0,1,0
5445,2835416,13496,-18435,4940,0,22066,-30143,8077,0,0,0,0,1,0
5446,2835937,15868,-17116,1248,0,25947,-27988,2041,0,0,0,0,1,0
5447,2836458,17631,-15140,-2491,0,28831,-24758,-4073,0,0,0,0,1,0
5448,2836979,18715,-12582,-6134,0,30607,-20576,-10031,0,0,0,0,1,0
5449,2837500,19081,-9540,-9540,0,31207,-15603,-15603,0,0,0,0,1,0
5450,2838020,18713,-6133,-12580,0,30607,-10031,-20576,0,0,0,0,1,0
5451,2838541,17626,-2490,-15136,0,28831,-4073,-24758,0,0,0,0,1,0
5452,2839062,15862,1248,-17110,0,25947,2041,-27988,0,0,0,0,1,0
5453,2839583,13489,4937,-18426,0,22066,8077,-30143,0,0,0,0,1,0
5454,2840104,10597,8436,-19034,0,17337,13802,-31140,0,0,0,0,1,0
5455,2840625,7299,11611,-18910,0,11942,18997,-30940,0,0,0,0,1,0
5456,2841145,3721,14339,-18060,0,6088,23462,-29551,0,0,0,0,1,0
5457,2841666,0,16516,-16516,0,0,27026,-27026,0,0,0,0,1,0
5458,2842187,-3720,18057,-14337,0,-6088,29551,-23462,0,0,0,0,1,0
5459,2842708,-7297,18905,-11608,0,-11942,30940,-18997,0,0,0,0,1,0
5460,2843229,-10593,19026,-8433,0,-17337,31140,-13802,0,0,0,0,1,0
5461,2843750,-13481,18416,-4935,0,-22066,30143,-8077,0,0,0,0,1,0
5462,2844270,-15851,17098,-1247,0,-25947,27988,-2041,0,0,0,0,1,0
5463,2844791,-17612,15124,2488,0,-28831,24758,4073,0,0,0,0,1,0
5464,2845312,-18696,12568,6127,0,-30607,20576,10031,0,0,0,0,1,0
5465,2845833,-19061,9530,9530,0,-31207,15603,15603,0,0,0,0,1,0
5466,2846354,-18693,6126,12567,0,-30607,10031,20576,0,0,0,0,1,0
5467,2846875,-17607,2488,15120,0,-28831,4073,24758,0,0,0,0,1,0
5468,2847395,-15845,-1246,17092,0,-25947,-2041,27988,0,0,0,0,1,0
5469,2847916,-13474,-4932,18406,0,-22066,-8077,30143,0,0,0,0,1,0
5470,2848437,-10586,-8428,19014,0,-17337,-13802,31140,0,0,0,0,1,0
5471,2848958,-7291,-11599,18890,0,-11942,-18997,30940,0,0,0,0,1,0
5472,2849479,-3717,-14324,18041,0,-6088,-23462,29551,0,0,0,0,1,0
5473,2850000,0,-16498,16498,0,0,-27026,27026,0,0,0,0,1,0
5474,2850520,3716,-18038,14322,0,6088,-29551,23462,0,0,0,0,1,0
5475,2851041,7289,-18885,11596,0,11942,-30940,18997,0,0,0,0,1,0
5476,2851562,10582,-19006,8424,0,17337,-31140,13802,0,0,0,0,1,0
5477,2852083,13467,-18397,4929,0,22066,-30143,8077,0,0,0,0,1,0
5478,2852604,15835,-17080,1246,0,25947,-27988,2041,0,0,0,0,1,0
5479,2853125,17593,-15108,-2486,0,28831,-24758,-4073,0,0,0,0,1,0
5480,2853645,18676,-12555,-6121,0,30607,-20576,-10031,0,0,0,0,1,0
5481,2854166,19041,-9520,-9520,0,31207,-15603,-15603,0,0,0,0,1,0
5482,2854687,18673,-6120,-12553,0,30607,-10031,-20576,0,0,0,0,1,0
5483,2855208,17589,-2485,-15104,0,28831,-4073,-24758,0,0,0,0,1,0
5484,2855729,15829,1245,-17074,0,25947,2041,-27988,0,0,0,0,1,0
5485,2856250,13460,4927,-18387,0,22066,8077,-30143,0,0,0,0,1,0
5486,2856770,10575,8419,-18994,0,17337,13802,-31140,0,0,0,0,1,0
5487,2857291,7284,11587,-18870,0,11942,18997,-30940,0,0,0,0,1,0
5488,2857812,3713,14309,-18022,0,6088,23462,-29551,0,0,0,0,1,0
5489,2858333,0,16481,-16481,0,0,27026,-27026,0,0,0,0,1,0
5490,2858854,-3712,18019,-14307,0,-6088,29551,-23462,0,0,0,0,1,0
5491,2859375,-7282,18865,-11584,0,-11942,30940,-18997,0,0,0,0,1,0
5492,2859895,-10571,18986,-8415,0,-17337,31140,-13802,0,0,0,0,1,0
5493,2860416,-13453,18377,-4924,0,-22066,30143,-8077,0,0,0,0,1,0
5494,2860937,-15818,17062,-1244,0,-25947,27988,-2041,0,0,0,0,1,0
5495,2861458,-17575,15092,2483,0,-28831,24758,4073,0,0,0,0,1,0
5496,2861979,-18656,12542,6114,0,-30607,20576,10031,0,0,0,0,1,0
5497,2862500,-19021,9510,9510,0,-31207,15603,15603,0,0,0,0,1,0
5498,2863020,-18654,6114,12540,0,-30607,10031,20576,0,0,0,0,1,0
5499,2863541,-17570,2482,15088,0,-28831,4073,24758,0,0,0,0,1,0
5500,2864062,-15812,-1244,17056,0,-25947,-2041,27988,0,0,0,0,1,0
5501,2864583,-13446,-4922,18368,0,-22066,-8077,30143,0,0,0,0,1,0
5502,2865104,-10564,-8410,18974,0,-17337,-13802,31140,0,0,0,0,1,0
5503,2865625,-7276,-11574,18850,0,-11942,-18997,30940,0,0,0,0,1,0
5504,2866145,-3709,-14294,18003,0,-6088,-23462,29551,0,0,0,0,1,0
5505,2866666,0,-16464,16464,0,0,-27026,27026,0,0,0,0,1,0
5506,2867187,3709,-18001,14292,0,6088,-29551,23462,0,0,0,0,1,0
5507,2867708,7274,-18845,11571,0,11942,-30940,18997,0,0,0,0,1,0
5508,2868229,10560,-18966,8407,0,17337,-31140,13802,0,0,0,0,1,0
5509,2868750,13439,-18358,4919,0,22066,-30143,8077,0,0,0,0,1,0
5510,2869270,15802,-17045,1243,0,25947,-27988,2041,0,0,0,0,1,0
5511,2869791,17557,-15076,-2480,0,28831,-24758,-4073,0,0,0,0,1,0
5512,2870312,18637,-12529,-6108,0,30607,-20576,-10031,0,0,0,0,1,0
5513,2870833,19001,-9500,-9500,0,31207,-15603,-15603,0,0,0,0,1,0
5514,2871354,18634,-6107,-12527,0,30607,-10031,-20576,0,0,0,0,1,0
5515,2871875,17552,-2480,-15072,0,28831,-4073,-24758,0,0,0,0,1,0
5516,2872395,15795,1242,-17038,0,25947,2041,-27988,0,0,0,0,1,0
5517,2872916,13432,4916,-18348,0,22066,8077,-30143,0,0,0,0,1,0
5518,2873437,10553,8401,-18954,0,17337,13802,-31140,0,0,0,0,1,0
5519,2873958,7268,11562,-18831,0,11942,18997,-30940,0,0,0,0,1,0
5520,2874479,3705,14279,-17984,0,6088,23462,-29551,0,0,0,0,1,0
5521,2875000,0,16446,-16446,0,0,27026,-27026,0,0,0,0,1,0
5522,2875520,-3705,17982,-14277,0,-6088,29551,-23462,0,0,0,0,1,0
5523,2876041,-7266,18826,-11559,0,-11942,30940,-18997,0,0,0,0,1,0
5524,2876562,-10549,18946,-8398,0,-17337,31140,-13802,0,0,0,0,1,0
5525,2877083,-13425,18339,-4914,0,-22066,30143,-8077,0,0,0,0,1,0
5526,2877604,-15785,17027,-1242,0,-25947,27988,-2041,0,0,0,0,1,0
5527,2878125,-17538,15060,2478,0,-28831,24758,4073,0,0,0,0,1,0
5528,2878645,-18617,12516,6102,0,-30607,20576,10031,0,0,0,0,1,0
5529,2879166,-18981,9490,9490,0,-31207,15603,15603,0,0,0,0,1,0
5530,2879687,-18615,6101,12514,0,-30607,10031,20576,0,0,0,0,1,0
5531,2880208,-17534,2477,15057,0,-28831,4073,24758,0,0,0,0,1,0
5532,2880729,-15779,-1241,17020,0,-25947,-2041,27988,0,0,0,0,1,0
5533,2881250,-13418,-4911,18329,0,-22066,-8077,30143,0,0,0,0,1,0
5534,2881770,-10542,-8392,18934,0,-17337,-13802,31140,0,0,0,0,1,0
5535,2882291,-7261,-11550,18811,0,-11942,-18997,30940,0,0,0,0,1,0
5536,2882812,-3701,-14264,17965,0,-6088,-23462,29551,0,0,0,0,1,0
5537,2883333,0,-16429,16429,0,0,-27026,27026,0,0,0,0,1,0
5538,2883854,3701,-17963,14262,0,6088,-29551,23462,0,0,0,0,1,0
5539,2884375,7259,-18806,11547,0,11942,-30940,18997,0,0,0,0,1,0
5540,2884895,10538,-18927,8389,0,17337,-31140,13802,0,0,0,0,1,0
5541,2885416,13411,-18320,4909,0,22066,-30143,8077,0,0,0,0,1,0
5542,2885937,15769,-17009,1240,0,25947,-27988,2041,0,0,0,0,1,0
5543,2886458,17520,-15045,-2475,0,28831,-24758,-4073,0,0,0,0,1,0
5544,2886979,18598,-12503,-6095,0,30607,-20576,-10031,0,0,0,0,1,0
5545,2887500,18961,-9481,-9481,0,31207,-15603,-15603,0,0,0,0,1,0
5546,2888020,18596,-6094,-12501,0,30607,-10031,-20576,0,0,0,0,1,0
5547,2888541,17515,-2475,-15041,0,28831,-4073,-24758,0,0,0,0,1,0
5548,2889062,15762,1240,-17002,0,25947,2041,-27988,0,0,0,0,1,0
5549,2889583,13404,4906,-18310,0,22066,8077,-30143,0,0,0,0,1,0
5550,2890104,10531,8384,-18914,0,17337,13802,-31140,0,0,0,0,1,0
5551,2890625,7253,11538,-18791,0,11942,18997,-30940,0,0,0,0,1,0
5552,2891145,3697,14249,-17947,0,6088,23462,-29551,0,0,0,0,1,0
5553,2891666,0,16412,-16412,0,0,27026,-27026,0,0,0,0,1,0
5554,2892187,-3697,17944,-14247,0,-6088,29551,-23462,0,0,0,0,1,0
5555,2892708,-7251,18787,-11535,0,-11942,30940,-18997,0,0,0,0,1,0
5556,2893229,-10527,18907,-8380,0,-17337,31140,-13802,0,0,0,0,1,0
5557,2893750,-13397,18301,-4904,0,-22066,30143,-8077,0,0,0,0,1,0
5558,2894270,-15752,16991,-1239,0,-25947,27988,-2041,0,0,0,0,1,0
5559,2894791,-17502,15029,2473,0,-28831,24758,4073,0,0,0,0,1,0
5560,2895312,-18579,12490,6089,0,-30607,20576,10031,0,0,0,0,1,0
5561,2895833,-18941,9471,9471,0,-31207,15603,15603,0,0,0,0,1,0
5562,2896354,-18576,6088,12488,0,-30607,10031,20576,0,0,0,0,1,0
5563,2896875,-17497,2472,15025,0,-28831,4073,24758,0,0,0,0,1,0
5564,2897395,-15746,-1239,16985,0,-25947,-2041,27988,0,0,0,0,1,0
5565,2897916,-13390,-4901,18291,0,-22066,-8077,30143,0,0,0,0,1,0
5566,2898437,-10520,-8375,18895,0,-17337,-13802,31140,0,0,0,0,1,0
5567,2898958,-7246,-11526,18772,0,-11942,-18997,30940,0,0,0,0,1,0
5568,2899479,-3694,-14234,17928,0,-6088,-23462,29551,0,0,0,0,1,0
5569,2900000,0,-16395,16395,0,0,-27026,27026,0,0,0,0,1,0
5570,2900520,3693,-17926,14233,0,6088,-29551,23462,0,0,0,0,1,0
5571,2901041,7244,-18767,11523,0,11942,-30940,18997,0,0,0,0,1,0
5572,2901562,10516,-18887,8372,0,17337,-31140,13802,0,0,0,0,1,0
5573,2902083,13383,-18282,4899,0,22066,-30143,8077,0,0,0,0,1,0
5574,2902604,15736,-16974,1238,0,25947,-27988,2041,0,0,0,0,1,0
5575,2903125,17484,-15014,-2470,0,28831,-24758,-4073,0,0,0,0,1,0
5576,2903645,18559,-12477,-6083,0,30607,-20576,-10031,0,0,0,0,1,0
5577,2904166,18922,-9461,-9461,0,31207,-15603,-15603,0,0,0,0,1,0
5578,2904687,18557,-6082,-12475,0,30607,-10031,-20576,0,0,0,0,1,0
5579,2905208,17479,-2469,-15010,0,28831,-4073,-24758,0,0,0,0,1,0
5580,2905729,15730,1237,-16967,0,25947,2041,-27988,0,0,0,0,1,0
5581,2906250,13376,4896,-18272,0,22066,8077,-30143,0,0,0,0,1,0
5582,2906770,10509,8366,-18875,0,17337,13802,-31140,0,0,0,0,1,0
5583,2907291,7238,11514,-18753,0,11942,18997,-30940,0,0,0,0,1,0
5584,2907812,3690,14220,-17909,0,6088,23462,-29551,0,0,0,0,1,0
5585,2908333,0,16378,-16378,0,0,27026,-27026,0,0,0,0,1,0
5586,2908854,-3689,17907,-14218,0,-6088,29551,-23462,0,0,0,0,1,0
5587,2909375,-7236,18748,-11511,0,-11942,30940,-18997,0,0,0,0,1,0
5588,2909895,-10505,18868,-8363,0,-17337,31140,-13802,0,0,0,0,1,0
5589,2910416,-13369,18263,-4894,0,-22066,30143,-8077,0,0,0,0,1,0
5590,2910937,-15720,16956,-1237,0,-25947,27988,-2041,0,0,0,0,1,0
5591,2911458,-17466,14998,2468,0,-28831,24758,4073,0,0,0,0,1,0
5592,2911979,-18540,12464,6076,0,-30607,20576,10031,0,0,0,0,1,0
5593,2912500,-18902,9451,9451,0,-31207,15603,15603,0,0,0,0,1,0
5594,2913020,-18538,6076,12462,0,-30607,10031,20576,0,0,0,0,1,0
5595,2913541,-17461,2467,14994,0,-28831,4073,24758,0,0,0,0,1,0
5596,2914062,-15714,-1236,16950,0,-25947,-2041,27988,0,0,0,0,1,0
5597,2914583,-13362,-4891,18253,0,-22066,-8077,30143,0,0,0,0,1,0
5598,2915104,-10498,-8358,18856,0,-17337,-13802,31140,0,0,0,0,1,0
5599,2915625,-7231,-11502,18733,0,-11942,-18997,30940,0,0,0,0,1,0
5600,2916145,-3686,-14205,17891,0,-6088,-23462,29551,0,0,0,0,1,0
5601,2916666,0,-16361,16361,0,0,-27026,27026,0,0,0,0,1,0
5602,2917187,3685,-17889,14203,0,6088,-29551,23462,0,0,0,0,1,0
5603,2917708,7229,-18728,11499,0,11942,-30940,18997,0,0,0,0,1,0
5604,2918229,10494,-18848,8354,0,17337,-31140,13802,0,0,0,0,1,0
5605,2918750,13356,-18244,4888,0,22066,-30143,8077,0,0,0,0,1,0
5606,2919270,15703,-16939,1235,0,25947,-27988,2041,0,0,0,0,1,0
5607,2919791,17448,-14983,-2465,0,28831,-24758,-4073,0,0,0,0,1,0
5608,2920312,18521,-12451,-6070,0,30607,-20576,-10031,0,0,0,0,1,0
5609,2920833,18883,-9441,-9441,0,31207,-15603,-15603,0,0,0,0,1,0
5610,2921354,18519,-6069,-12449,0,30607,-10031,-20576,0,0,0,0,1,0
5611,2921875,17443,-2464,-14979,0,28831,-4073,-24758,0,0,0,0,1,0
5612,2922395,15697,1235,-16932,0,25947,2041,-27988,0,0,0,0,1,0
5613,2922916,13349,4886,-18235,0,22066,8077,-30143,0,0,0,0,1,0
5614,2923437,10487,8349,-18836,0,17337,13802,-31140,0,0,0,0,1,0
5615,2923958,7223,11491,-18714,0,11942,18997,-30940,0,0,0,0,1,0
5616,2924479,3682,14190,-17873,0,6088,23462,-29551,0,0,0,0,1,0
5617,2925000,0,16344,-16344,0,0,27026,-27026,0,0,0,0,1,0
5618,2925520,-3682,17870,-14189,0,-6088,29551,-23462,0,0,0,0,1,0
5619,2926041,-7221,18709,-11488,0,-11942,30940,-18997,0,0,0,0,1,0
5620,2926562,-10483,18829,-8346,0,-17337,31140,-13802,0,0,0,0,1,0
5621,2927083,-13342,18225,-4883,0,-22066,30143,-8077,0,0,0,0,1,0
5622,2927604,-15687,16921,-1234,0,-25947,27988,-2041,0,0,0,0,1,0
5623,2928125,-17430,14967,2462,0,-28831,24758,4073,0,0,0,0,1,0
5624,2928645,-18502,12438,6064,0,-30607,20576,10031,0,0,0,0,1,0
5625,2929166,-18863,9432,9432,0,-31207,15603,15603,0,0,0,0,1,0
5626,2929687,-18500,6063,12437,0,-30607,10031,20576,0,0,0,0,1,0
5627,2930208,-17425,2462,14963,0,-28831,4073,24758,0,0,0,0,1,0
5628,2930729,-15681,-1233,16915,0,-25947,-2041,27988,0,0,0,0,1,0
5629,2931250,-13335,-4881,18216,0,-22066,-8077,30143,0,0,0,0,1,0
5630,2931770,-10477,-8340,18817,0,-17337,-13802,31140,0,0,0,0,1,0
5631,2932291,-7216,-11479,18695,0,-11942,-18997,30940,0,0,0,0,1,0
5632,2932812,-3678,-14176,17854,0,-6088,-23462,29551,0,0,0,0,1,0
5633,2933333,0,-16328,16328,0,0,-27026,27026,0,0,0,0,1,0
5634,2933854,3678,-17852,14174,0,6088,-29551,23462,0,0,0,0,1,0
5635,2934375,7214,-18690,11476,0,11942,-30940,18997,0,0,0,0,1,0
5636,2934895,10472,-18810,8337,0,17337,-31140,13802,0,0,0,0,1,0
5637,2935416,13328,-18207,4878,0,22066,-30143,8077,0,0,0,0,1,0
5638,2935937,15671,-16904,1233,0,25947,-27988,2041,0,0,0,0,1,0
5639,2936458,17412,-14952,-2460,0,28831,-24758,-4073,0,0,0,0,1,0
5640,2936979,18483,-12425,-6058,0,30607,-20576,-10031,0,0,0,0,1,0
5641,2937500,18844,-9422,-9422,0,31207,-15603,-15603,0,0,0,0,1,0
5642,2938020,18481,-6057,-12424,0,30607,-10031,-20576,0,0,0,0,1,0
5643,2938541,17407,-2459,-14948,0,28831,-4073,-24758,0,0,0,0,1,0
5644,2939062,15665,1232,-16897,0,25947,2041,-27988,0,0,0,0,1,0
5645,2939583,13321,4876,-18197,0,22066,8077,-30143,0,0,0,0,1,0
5646,2940104,10466,8332,-18798,0,17337,13802,-31140,0,0,0,0,1,0
5647,2940625,7208,11467,-18676,0,11942,18997,-30940,0,0,0,0,1,0
5648,2941145,3675,14161,-17836,0,6088,23462,-29551,0,0,0,0,1,0
5649,2941666,0,16311,-16311,0,0,27026,-27026,0,0,0,0,1,0
5650,2942187,-3674,17834,-14159,0,-6088,29551,-23462,0,0,0,0,1,0
5651,2942708,-7207,18671,-11464,0,-11942,30940,-18997,0,0,0,0,1,0
5652,2943229,-10462,18790,-8329,0,-17337,31140,-13802,0,0,0,0,1,0
5653,2943750,-13314,18188,-4873,0,-22066,30143,-8077,0,0,0,0,1,0
5654,2944270,-15655,16887,-1231,0,-25947,27988,-2041,0,0,0,0,1,0
5655,2944791,-17394,14937,2457,0,-28831,24758,4073,0,0,0,0,1,0
5656,2945312,-18464,12413,6051,0,-30607,20576,10031,0,0,0,0,1,0
5657,2945833,-18825,9412,9412,0,-31207,15603,15603,0,0,0,0,1,0
5658,2946354,-18462,6051,12411,0,-30607,10031,20576,0,0,0,0,1,0
5659,2946875,-17390,2457,14933,0,-28831,4073,24758,0,0,0,0,1,0
5660,2947395,-15649,-1231,16880,0,-25947,-2041,27988,0,0,0,0,1,0
5661,2947916,-13308,-4871,18179,0,-22066,-8077,30143,0,0,0,0,1,0
5662,2948437,-10455,-8323,18778,0,-17337,-13802,31140,0,0,0,0,1,0
5663,2948958,-7201,-11455,18656,0,-11942,-18997,30940,0,0,0,0,1,0
5664,2949479,-3671,-14147,17818,0,-6088,-23462,29551,0,0,0,0,1,0
5665,2950000,0,-16294,16294,0,0,-27026,27026,0,0,0,0,1,0
5666,2950520,3670,-17815,14145,0,6088,-29551,23462,0,0,0,0,1,0
5667,2951041,7199,-18652,11452,0,11942,-30940,18997,0,0,0,0,1,0
5668,2951562,10451,-18771,8320,0,17337,-31140,13802,0,0,0,0,1,0
5669,2952083,13301,-18169,4868,0,22066,-30143,8077,0,0,0,0,1,0
5670,2952604,15639,-16869,1230,0,25947,-27988,2041,0,0,0,0,1,0
5671,2953125,17376,-14921,-2455,0,28831,-24758,-4073,0,0,0,0,1,0
5672,2953645,18445,-12400,-6045,0,30607,-20576,-10031,0,0,0,0,1,0
5673,2954166,18805,-9403,-9403,0,31207,-15603,-15603,0,0,0,0,1,0
5674,2954687,18443,-6044,-12399,0,30607,-10031,-20576,0,0,0,0,1,0
5675,2955208,17372,-2454,-14917,0,28831,-4073,-24758,0,0,0,0,1,0
5676,2955729,15633,1230,-16863,0,25947,2041,-27988,0,0,0,0,1,0
5677,2956250,13294,4866,-18160,0,22066,8077,-30143,0,0,0,0,1,0
5678,2956770,10444,8315,-18759,0,17337,13802,-31140,0,0,0,0,1,0
5679,2957291,7194,11444,-18637,0,11942,18997,-30940,0,0,0,0,1,0
5680,2957812,3667,14132,-17800,0,6088,23462,-29551,0,0,0,0,1,0
5681,2958333,0,16278,-16278,0,0,27026,-27026,0,0,0,0,1,0
5682,2958854,-3667,17797,-14131,0,-6088,29551,-23462,0,0,0,0,1,0
5683,2959375,-7192,18633,-11441,0,-11942,30940,-18997,0,0,0,0,1,0
5684,2959895,-10440,18752,-8312,0,-17337,31140,-13802,0,0,0,0,1,0
5685,2960416,-13287,18151,-4863,0,-22066,30143,-8077,0,0,0,0,1,0
5686,2960937,-15623,16852,-1229,0,-25947,27988,-2041,0,0,0,0,1,0
5687,2961458,-17359,14906,2452,0,-28831,24758,4073,0,0,0,0,1,0
5688,2961979,-18427,12387,6039,0,-30607,20576,10031,0,0,0,0,1,0
5689,2962500,-18786,9393,9393,0,-31207,15603,15603,0,0,0,0,1,0
5690,2963020,-18424,6038,12386,0,-30607,10031,20576,0,0,0,0,1,0
5691,2963541,-17354,2452,14902,0,-28831,4073,24758,0,0,0,0,1,0
5692,2964062,-15617,-1228,16846,0,-25947,-2041,27988,0,0,0,0,1,0
5693,2964583,-13281,-4861,18142,0,-22066,-8077,30143,0,0,0,0,1,0
5694,2965104,-10434,-8306,18740,0,-17337,-13802,31140,0,0,0,0,1,0
5695,2965625,-7186,-11432,18619,0,-11942,-18997,30940,0,0,0,0,1,0
5696,2966145,-3663,-14118,17781,0,-6088,-23462,29551,0,0,0,0,1,0
5697,2966666,0,-16261,16261,0,0,-27026,27026,0,0,0,0,1,0
5698,2967187,3663,-17779,14116,0,6088,-29551,23462,0,0,0,0,1,0
5699,2967708,7185,-18614,11429,0,11942,-30940,18997,0,0,0,0,1,0
5700,2968229,10430,-18733,8303,0,17337,-31140,13802,0,0,0,0,1,0
5701,2968750,13274,-18132,4859,0,22066,-30143,8077,0,0,0,0,1,0
5702,2969270,15607,-16835,1228,0,25947,-27988,2041,0,0,0,0,1,0
5703,2969791,17341,-14891,-2450,0,28831,-24758,-4073,0,0,0,0,1,0
5704,2970312,18408,-12375,-6033,0,30607,-20576,-10031,0,0,0,0,1,0
5705,2970833,18767,-9384,-9384,0,31207,-15603,-15603,0,0,0,0,1,0
5706,2971354,18406,-6032,-12373,0,30607,-10031,-20576,0,0,0,0,1,0
5707,2971875,17337,-2449,-14887,0,28831,-4073,-24758,0,0,0,0,1,0
5708,2972395,15601,1227,-16829,0,25947,2041,-27988,0,0,0,0,1,0
5709,2972916,13267,4856,-18123,0,22066,8077,-30143,0,0,0,0,1,0
5710,2973437,10423,8298,-18721,0,17337,13802,-31140,0,0,0,0,1,0
5711,2973958,7179,11420,-18600,0,11942,18997,-30940,0,0,0,0,1,0
5712,2974479,3660,14104,-17763,0,6088,23462,-29551,0,0,0,0,1,0
5713,2975000,0,16245,-16245,0,0,27026,-27026,0,0,0,0,1,0
5714,2975520,-3659,17761,-14102,0,-6088,29551,-23462,0,0,0,0,1,0
5715,2976041,-7177,18595,-11418,0,-11942,30940,-18997,0,0,0,0,1,0
5716,2976562,-10419,18714,-8295,0,-17337,31140,-13802,0,0,0,0,1,0
5717,2977083,-13260,18114,-4854,0,-22066,30143,-8077,0,0,0,0,1,0
5718,2977604,-15592,16818,-1226,0,-25947,27988,-2041,0,0,0,0,1,0
5719,2978125,-17323,14876,2447,0,-28831,24758,4073,0,0,0,0,1,0
5720,2978645,-18389,12362,6027,0,-30607,20576,10031,0,0,0,0,1,0
5721,2979166,-18748,9374,9374,0,-31207,15603,15603,0,0,0,0,1,0
5722,2979687,-18387,6026,12361,0,-30607,10031,20576,0,0,0,0,1,0
5723,2980208,-17319,2447,14872,0,-28831,4073,24758,0,0,0,0,1,0
5724,2980729,-15586,-1226,16812,0,-25947,-2041,27988,0,0,0,0,1,0
5725,2981250,-13254,-4851,18105,0,-22066,-8077,30143,0,0,0,0,1,0
5726,2981770,-10413,-8290,18702,0,-17337,-13802,31140,0,0,0,0,1,0
5727,2982291,-7172,-11409,18581,0,-11942,-18997,30940,0,0,0,0,1,0
5728,2982812,-3656,-14089,17745,0,-6088,-23462,29551,0,0,0,0,1,0
5729,2983333,0,-16228,16228,0,0,-27026,27026,0,0,0,0,1,0
5730,2983854,3656,-17743,14088,0,6088,-29551,23462,0,0,0,0,1,0
5731,2984375,7170,-18576,11406,0,11942,-30940,18997,0,0,0,0,1,0
5732,2984895,10409,-18695,8286,0,17337,-31140,13802,0,0,0,0,1,0
5733,2985416,13247,-18096,4849,0,22066,-30143,8077,0,0,0,0,1,0
5734,2985937,15576,-16801,1225,0,25947,-27988,2041,0,0,0,0,1,0
5735,2986458,17306,-14861,-2445,0,28831,-24758,-4073,0,0,0,0,1,0
5736,2986979,18371,-12350,-6021,0,30607,-20576,-10031,0,0,0,0,1,0
5737,2987500,18729,-9365,-9365,0,31207,-15603,-15603,0,0,0,0,1,0
5738,2988020,18368,-6020,-12348,0,30607,-10031,-20576,0,0,0,0,1,0
5739,2988541,17301,-2444,-14857,0,28831,-4073,-24758,0,0,0,0,1,0
5740,2989062,15570,1225,-16795,0,25947,2041,-27988,0,0,0,0,1,0
5741,2989583,13240,4846,-18087,0,22066,8077,-30143,0,0,0,0,1,0
5742,2990104,10402,8281,-18683,0,17337,13802,-31140,0,0,0,0,1,0
5743,2990625,7165,11397,-18562,0,11942,18997,-30940,0,0,0,0,1,0
5744,2991145,3652,14075,-17728,0,6088,23462,-29551,0,0,0,0,1,0
5745,2991666,0,16212,-16212,0,0,27026,-27026,0,0,0,0,1,0
5746,2992187,-3652,17725,-14073,0,-6088,29551,-23462,0,0,0,0,1,0
5747,2992708,-7163,18557,-11395,0,-11942,30940,-18997,0,0,0,0,1,0
5748,2993229,-10398,18676,-8278,0,-17337,31140,-13802,0,0,0,0,1,0
5749,2993750,-13234,18078,-4844,0,-22066,30143,-8077,0,0,0,0,1,0
5750,2994270,-15560,16784,-1224,0,-25947,27988,-2041,0,0,0,0,1,0
5751,2994791,-17288,14846,2443,0,-28831,24758,4073,0,0,0,0,1,0
5752,2995312,-18352,12337,6015,0,-30607,20576,10031,0,0,0,0,1,0
5753,2995833,-18711,9355,9355,0,-31207,15603,15603,0,0,0,0,1,0
5754,2996354,-18350,6014,12336,0,-30607,10031,20576,0,0,0,0,1,0
5755,2996875,-17284,2442,14842,0,-28831,4073,24758,0,0,0,0,1,0
5756,2997395,-15554,-1223,16778,0,-25947,-2041,27988,0,0,0,0,1,0
5757,2997916,-13227,-4841,18068,0,-22066,-8077,30143,0,0,0,0,1,0
5758,2998437,-10392,-8273,18665,0,-17337,-13802,31140,0,0,0,0,1,0
5759,2998958,-7158,-11386,18543,0,-11942,-18997,30940,0,0,0,0,1,0
5760,2999479,-3649,-14061,17710,0,-6088,-23462,29551,0,0,0,0,1,0
5761,3000000,0,-16196,16196,0,0,-27026,27026,0,0,0,0,1,0
5762,3000520,3648,-17708,14059,0,6088,-29551,23462,0,0,0,0,1,0
5763,3001041,7156,-18539,11383,0,11942,-30940,18997,0,0,0,0,1,0
5764,3001562,10388,-18658,8270,0,17337,-31140,13802,0,0,0,0,1,0
5765,3002083,13220,-18059,4839,0,22066,-30143,8077,0,0,0,0,1,0
5766,3002604,15545,-16767,1223,0,25947,-27988,2041,0,0,0,0,1,0
5767,3003125,17271,-14831,-2440,0,28831,-24758,-4073,0,0,0,0,1,0
5768,3003645,18334,-12325,-6009,0,30607,-20576,-10031,0,0,0,0,1,0
5769,3004166,18692,-9346,-9346,0,31207,-15603,-15603,0,0,0,0,1,0
5770,3004687,18331,-6008,-12324,0,30607,-10031,-20576,0,0,0,0,1,0
5771,3005208,17267,-2439,-14827,0,28831,-4073,-24758,0,0,0,0,1,0
5772,3005729,15539,1222,-16761,0,25947,2041,-27988,0,0,0,0,1,0
5773,3006250,13214,4837,-18050,0,22066,8077,-30143,0,0,0,0,1,0
5774,3006770,10381,8265,-18646,0,17337,13802,-31140,0,0,0,0,1,0
5775,3007291,7150,11375,-18525,0,11942,18997,-30940,0,0,0,0,1,0
5776,3007812,3645,14047,-17692,0,6088,23462,-29551,0,0,0,0,1,0
5777,3008333,0,16179,-16179,0,0,27026,-27026,0,0,0,0,1,0
5778,3008854,-3645,17690,-14045,0,-6088,29551,-23462,0,0,0,0,1,0
5779,3009375,-7149,18520,-11372,0,-11942,30940,-18997,0,0,0,0,1,0
5780,3009895,-10377,18639,-8261,0,-17337,31140,-13802,0,0,0,0,1,0
5781,3010416,-13207,18041,-4834,0,-22066,30143,-8077,0,0,0,0,1,0
5782,3010937,-15529,16750,-1222,0,-25947,27988,-2041,0,0,0,0,1,0
5783,3011458,-17254,14816,2438,0,-28831,24758,4073,0,0,0,0,1,0
5784,3011979,-18315,12313,6003,0,-30607,20576,10031,0,0,0,0,1,0
5785,3012500,-18673,9336,9336,0,-31207,15603,15603,0,0,0,0,1,0
5786,3013020,-18313,6002,12311,0,-30607,10031,20576,0,0,0,0,1,0
5787,3013541,-17249,2437,14812,0,-28831,4073,24758,0,0,0,0,1,0
5788,3014062,-15523,-1221,16744,0,-25947,-2041,27988,0,0,0,0,1,0
5789,3014583,-13201,-4832,18032,0,-22066,-8077,30143,0,0,0,0,1,0
5790,3015104,-10371,-8256,18627,0,-17337,-13802,31140,0,0,0,0,1,0
5791,3015625,-7143,-11363,18506,0,-11942,-18997,30940,0,0,0,0,1,0
5792,3016145,-3641,-14033,17674,0,-6088,-23462,29551,0,0,0,0,1,0
5793,3016666,0,-16163,16163,0,0,-27026,27026,0,0,0,0,1,0
5794,3017187,3641,-17672,14031,0,6088,-29551,23462,0,0,0,0,1,0
5795,3017708,7141,-18502,11360,0,11942,-30940,18997,0,0,0,0,1,0
5796,3018229,10367,-18620,8253,0,17337,-31140,13802,0,0,0,0,1,0
5797,3018750,13194,-18023,4829,0,22066,-30143,8077,0,0,0,0,1,0
5798,3019270,15513,-16734,1220,0,25947,-27988,2041,0,0,0,0,1,0
5799,3019791,17237,-14801,-2435,0,28831,-24758,-4073,0,0,0,0,1,0
5800,3020312,18297,-12300,-5997,0,30607,-20576,-10031,0,0,0,0,1,0
5801,3020833,18654,-9327,-9327,0,31207,-15603,-15603,0,0,0,0,1,0
5802,3021354,18295,-5996,-12299,0,30607,-10031,-20576,0,0,0,0,1,0
5803,3021875,17232,-2435,-14798,0,28831,-4073,-24758,0,0,0,0,1,0
5804,3022395,15508,1220,-16727,0,25947,2041,-27988,0,0,0,0,1,0
5805,3022916,13187,4827,-18014,0,22066,8077,-30143,0,0,0,0,1,0
5806,3023437,10361,8248,-18609,0,17337,13802,-31140,0,0,0,0,1,0
5807,3023958,7136,11352,-18488,0,11942,18997,-30940,0,0,0,0,1,0
5808,3024479,3638,14019,-17657,0,6088,23462,-29551,0,0,0,0,1,0
5809,3025000,0,16147,-16147,0,0,27026,-27026,0,0,0,0,1,0
5810,3025520,-3637,17654,-14017,0,-6088,29551,-23462,0,0,0,0,1,0
