1,0,0,-743,743,0,0,-25024,25024,0,0,0,0,1,0
2,520,167,-813,645,0,5637,-27362,21724,0,0,0,0,1,0
3,1041,329,-851,523,0,11058,-28648,17590,0,0,0,0,1,0
4,1562,477,-857,380,0,16053,-28833,12780,0,0,0,0,1,0
5,2083,607,-829,222,0,20432,-27910,7479,0,0,0,0,1,0
6,2604,714,-770,56,0,24025,-25915,1890,0,0,0,0,1,0
7,3125,793,-681,-112,0,26696,-22924,-3772,0,0,0,0,1,0
8,3645,842,-566,-276,0,28340,-19052,-9288,0,0,0,0,1,0
9,4166,858,-429,-429,0,28895,-14448,-14448,0,0,0,0,1,0
10,4687,842,-276,-566,0,28340,-9288,-19052,0,0,0,0,1,0
11,5208,793,-112,-681,0,26696,-3772,-22924,0,0,0,0,1,0
12,5729,714,56,-770,0,24025,1890,-25915,0,0,0,0,1,0
13,6250,607,222,-829,0,20432,7479,-27910,0,0,0,0,1,0
14,6770,477,380,-857,0,16053,12780,-28833,0,0,0,0,1,0
15,7291,329,523,-851,0,11058,17590,-28648,0,0,0,0,1,0
16,7812,167,645,-813,0,5637,21724,-27362,0,0,0,0,1,0
17,8333,0,743,-743,0,0,25024,-25024,0,0,0,0,1,0
18,8854,-167,813,-645,0,-5637,27362,-21724,0,0,0,0,1,0
19,9375,-329,851,-523,0,-11058,28648,-17590,0,0,0,0,1,0
20,9895,-477,857,-380,0,-16053,28833,-12780,0,0,0,0,1,0
21,10416,-607,829,-222,0,-20432,27910,-7479,0,0,0,0,1,0
22,10937,-714,770,-56,0,-24025,25915,-1890,0,0,0,0,1,0
23,11458,-793,681,112,0,-26696,22924,3772,0,0,0,0,1,0
24,11979,-842,566,276,0,-28340,19052,9288,0,0,0,0,1,0
25,12500,-858,429,429,0,-28895,14448,14448,0,0,0,0,1,0
26,13020,-842,276,566,0,-28340,9288,19052,0,0,0,0,1,0
27,13541,-793,112,681,0,-26696,3772,22924,0,0,0,0,1,0
28,14062,-714,-56,770,0,-24025,-1890,25915,0,0,0,0,1,0
29,14583,-607,-222,829,0,-20432,-7479,27910,0,0,0,0,1,0
30,15104,-477,-380,857,0,-16053,-12780,28833,0,0,0,0,1,0
31,15625,-329,-523,851,0,-11058,-17590,28648,0,0,0,0,1,0
32,16145,-167,-645,813,0,-5637,-21724,27362,0,0,0,0,1,0
33,16666,0,-743,743,0,0,-25024,25024,0,0,0,0,1,0
34,17187,167,-813,645,0,5637,-27362,21724,0,0,0,0,1,0
35,17708,329,-851,523,0,11058,-28648,17590,0,0,0,0,1,0
36,18229,477,-857,380,0,16053,-28833,12780,0,0,0,0,1,0
37,18750,607,-829,222,0,20432,-27910,7479,0,0,0,0,1,0
38,19270,714,-770,56,0,24025,-25915,1890,0,0,0,0,1,0
39,19791,793,-681,-112,0,26696,-22924,-3772,0,0,0,0,1,0
40,20312,842,-566,-276,0,28340,-19052,-9288,0,0,0,0,1,0
41,20833,858,-429,-429,0,28895,-14448,-14448,0,0,0,0,1,0
42,21354,842,-276,-566,0,28340,-9288,-19052,0,0,0,0,1,0
43,21875,793,-112,-681,0,26696,-3772,-22924,0,0,0,0,1,0
44,22395,714,56,-770,0,24025,1890,-25915,0,0,0,0,1,0
45,22916,607,222,-829,0,20432,7479,-27910,0,0,0,0,1,0
46,23437,477,380,-857,0,16053,12780,-28833,0,0,0,0,1,0
47,23958,329,523,-851,0,11058,17590,-28648,0,0,0,0,1,0
48,24479,167,645,-813,0,5637,21724,-27362,0,0,0,0,1,0
49,25000,0,743,-743,0,0,25024,-25024,0,0,0,0,1,0
50,25520,-167,813,-645,0,-5637,27362,-21724,0,0,0,0,1,0
51,26041,-329,851,-523,0,-11058,28648,-17590,0,0,0,0,1,0
52,26562,-477,857,-380,0,-16053,28833,-12780,0,0,0,0,1,0
53,27083,-607,829,-222,0,-20432,27910,-7479,0,0,0,0,1,0
54,27604,-714,770,-56,0,-24025,25915,-1890,0,0,0,0,1,0
55,28125,-793,681,112,0,-26696,22924,3772,0,0,0,0,1,0
56,28645,-842,566,276,0,-28340,19052,9288,0,0,0,0,1,0
57,29166,-858,429,429,0,-28895,14448,14448,0,0,0,0,1,0
58,29687,-842,276,566,0,-28340,9288,19052,0,0,0,0,1,0
59,30208,-793,112,681,0,-26696,3772,22924,0,0,0,0,1,0
60,30729,-714,-56,770,0,-24025,-1890,25915,0,0,0,0,1,0
61,31250,-607,-222,829,0,-20432,-7479,27910,0,0,0,0,1,0
62,31770,-477,-380,857,0,-16053,-12780,28833,0,0,0,0,1,0
63,32291,-329,-523,851,0,-11058,-17590,28648,0,0,0,0,1,0
64,32812,-167,-645,813,0,-5637,-21724,27362,0,0,0,0,1,0
65,33333,0,-743,743,0,0,-25024,25024,0,0,0,0,1,0
66,33854,167,-813,645,0,5637,-27362,21724,0,0,0,0,1,0
67,34375,329,-851,523,0,11058,-28648,17590,0,0,0,0,1,0
68,34895,477,-857,380,0,16053,-28833,12780,0,0,0,0,1,0
69,35416,607,-829,222,0,20432,-27910,7479,0,0,0,0,1,0
70,35937,714,-770,56,0,24025,-25915,1890,0,0,0,0,1,0
71,36458,793,-681,-112,0,26696,-22924,-3772,0,0,0,0,1,0
72,36979,842,-566,-276,0,28340,-19052,-9288,0,0,0,0,1,0
73,37500,858,-429,-429,0,28895,-14448,-14448,0,0,0,0,1,0
74,38020,842,-276,-566,0,28340,-9288,-19052,0,0,0,0,1,0
75,38541,793,-112,-681,0,26696,-3772,-22924,0,0,0,0,1,0
76,39062,714,56,-770,0,24025,1890,-25915,0,0,0,0,1,0
77,39583,607,222,-829,0,20432,7479,-27910,0,0,0,0,1,0
78,40104,477,380,-857,0,16053,12780,-28833,0,0,0,0,1,0
79,40625,329,523,-851,0,11058,17590,-28648,0,0,0,0,1,0
80,41145,167,645,-813,0,5637,21724,-27362,0,0,0,0,1,0
81,41666,0,743,-743,0,0,25024,-25024,0,0,0,0,1,0
82,42187,-167,813,-645,0,-5637,27362,-21724,0,0,0,0,1,0
83,42708,-329,851,-523,0,-11058,28648,-17590,0,0,0,0,1,0
84,43229,-477,857,-380,0,-16053,28833,-12780,0,0,0,0,1,0
85,43750,-607,829,-222,0,-20432,27910,-7479,0,0,0,0,1,0
86,44270,-714,770,-56,0,-24025,25915,-1890,0,0,0,0,1,0
87,44791,-793,681,112,0,-26696,22924,3772,0,0,0,0,1,0
88,45312,-842,566,276,0,-28340,19052,9288,0,0,0,0,1,0
89,45833,-858,429,429,0,-28895,14448,14448,0,0,0,0,1,0
90,46354,-842,276,566,0,-28340,9288,19052,0,0,0,0,1,0
91,46875,-793,112,681,0,-26696,3772,22924,0,0,0,0,1,0
92,47395,-714,-56,770,0,-24025,-1890,25915,0,0,0,0,1,0
93,47916,-607,-222,829,0,-20432,-7479,27910,0,0,0,0,1,0
94,48437,-477,-380,857,0,-16053,-12780,28833,0,0,0,0,1,0
95,48958,-329,-523,851,0,-11058,-17590,28648,0,0,0,0,1,0
96,49479,-167,-645,813,0,-5637,-21724,27362,0,0,0,0,1,0
97,50000,0,-5062,743,-4319,0,-2502,27026,0,1,0,0,1,0
98,50520,167,-6184,645,-5371,6088,-2736,23462,0,1,0,0,1,0
99,51041,329,-6531,523,-5680,11942,-2865,18997,0,1,0,0,1,0
100,51562,477,-6100,380,-5243,17337,-2883,13802,0,1,0,0,1,0
101,52083,607,-4918,222,-4089,22066,-2791,8077,0,1,0,0,1,0
102,52604,714,-3040,56,-2270,25947,-2592,2041,0,1,0,0,1,0
103,53125,793,-549,-112,132,28831,-2292,-4073,0,1,0,0,1,0
104,53645,842,2450,-276,3016,30607,-1905,-10031,0,1,0,0,1,0
105,54166,858,5832,-429,6261,31207,-1445,-15603,0,1,0,0,1,0
106,54687,842,9459,-566,9735,30607,-929,-20576,0,1,0,0,1,0
107,55208,793,13181,-681,13293,28831,-377,-24758,0,1,0,0,1,0
108,55729,714,16847,-770,16791,25947,189,-27988,0,1,0,0,1,0
109,56250,607,20307,-829,20084,22066,748,-30143,0,1,0,0,1,0
110,56770,477,23419,-857,23039,17337,1278,-31140,0,1,0,0,1,0
111,57291,329,26056,-851,25533,11942,1759,-30940,0,1,0,0,1,0
112,57812,167,28108,-813,27462,6088,2172,-29551,0,1,0,0,1,0
113,58333,0,29487,-743,28744,0,2502,-27026,0,1,0,0,1,0
114,58854,-167,30134,-645,29321,-6088,2736,-23462,0,1,0,0,1,0
115,59375,-329,30015,-523,29164,-11942,2865,-18997,0,1,0,0,1,0
116,59895,-477,29128,-380,28271,-17337,2883,-13802,0,1,0,0,1,0
117,60416,-607,27498,-222,26669,-22066,2791,-8077,0,1,0,0,1,0
118,60937,-714,25181,-56,24411,-25947,2592,-2041,0,1,0,0,1,0
119,61458,-793,22260,112,21579,-28831,2292,4073,0,1,0,0,1,0
120,61979,-842,18839,276,18273,-30607,1905,10031,0,1,0,0,1,0
121,62500,-858,15042,429,14613,-31207,1445,15603,0,1,0,0,1,0
122,63020,-842,11010,566,10734,-30607,929,20576,0,1,0,0,1,0
123,63541,-793,6890,681,6778,-28831,377,24758,0,1,0,0,1,0
124,64062,-714,2834,770,2890,-25947,-189,27988,0,1,0,0,1,0
125,64583,-607,-1009,829,-787,-22066,-748,30143,0,1,0,0,1,0
126,65104,-477,-4497,857,-4117,-17337,-1278,31140,0,1,0,0,1,0
127,65625,-329,-7501,851,-6979,-11942,-1759,30940,0,1,0,0,1,0
128,66145,-167,-9914,813,-9268,-6088,-2172,29551,0,1,0,0,1,0
129,66666,0,-11647,743,-10904,0,-2502,27026,0,1,0,0,1,0
130,67187,167,-12641,645,-11828,6088,-2736,23462,0,1,0,0,1,0
131,67708,329,-12862,523,-12011,11942,-2865,18997,0,1,0,0,1,0
132,68229,477,-12308,380,-11451,17337,-2883,13802,0,1,0,0,1,0
133,68750,607,-11005,222,-10176,22066,-2791,8077,0,1,0,0,1,0
134,69270,714,-9009,56,-8239,25947,-2592,2041,0,1,0,0,1,0
135,69791,793,-6402,-112,-5721,28831,-2292,-4073,0,1,0,0,1,0
136,70312,842,-3290,-276,-2724,30607,-1905,-10031,0,1,0,0,1,0
137,70833,858,204,-429,634,31207,-1445,-15603,0,1,0,0,1,0
138,71354,0,0,0,0,0,0,0,1,0,0,0,0,0
139,71875,0,0,0,0,0,0,0,1,0,0,0,0,0
140,72395,0,0,0,0,0,0,0,1,0,0,0,0,0
141,72916,0,0,0,0,0,0,0,1,0,0,0,0,0
142,73437,0,0,0,0,0,0,0,1,0,0,0,0,0
143,73958,0,0,0,0,0,0,0,1,0,0,0,0,0
144,74479,0,0,0,0,0,0,0,1,0,0,0,0,0
145,75000,0,0,0,0,0,0,0,1,0,0,0,0,0
146,75520,0,0,0,0,0,0,0,1,0,0,0,0,0
147,76041,0,0,0,0,0,0,0,1,0,0,0,0,0
148,76562,0,0,0,0,0,0,0,1,0,0,0,0,0
149,77083,0,0,0,0,0,0,0,1,0,0,0,0,0
150,77604,0,0,0,0,0,0,0,1,0,0,0,0,0
151,78125,0,0,0,0,0,0,0,1,0,0,0,0,0
152,78645,0,0,0,0,0,0,0,1,0,0,0,0,0
153,79166,0,0,0,0,0,0,0,1,0,0,0,0,0
154,79687,0,0,0,0,0,0,0,1,0,0,0,0,0
155,80208,0,0,0,0,0,0,0,1,0,0,0,0,0
156,80729,0,0,0,0,0,0,0,1,0,0,0,0,0
157,81250,0,0,0,0,0,0,0,1,0,0,0,0,0
158,81770,0,0,0,0,0,0,0,1,0,0,0,0,0
159,82291,0,0,0,0,0,0,0,1,0,0,0,0,0
160,82812,0,0,0,0,0,0,0,1,0,0,0,0,0
161,83333,0,0,0,0,0,0,0,1,0,0,0,0,0
162,83854,0,0,0,0,0,0,0,1,0,0,0,0,0
163,84375,0,0,0,0,0,0,0,1,0,0,0,0,0
164,84895,0,0,0,0,0,0,0,1,0,0,0,0,0
165,85416,0,0,0,0,0,0,0,1,0,0,0,0,0
166,85937,0,0,0,0,0,0,0,1,0,0,0,0,0
167,86458,0,0,0,0,0,0,0,1,0,0,0,0,0
168,86979,0,0,0,0,0,0,0,1,0,0,0,0,0
169,87500,0,0,0,0,0,0,0,1,0,0,0,0,0
170,88020,0,0,0,0,0,0,0,1,0,0,0,0,0
171,88541,0,0,0,0,0,0,0,1,0,0,0,0,0
172,89062,0,0,0,0,0,0,0,1,0,0,0,0,0
173,89583,0,0,0,0,0,0,0,1,0,0,0,0,0
174,90104,0,0,0,0,0,0,0,1,0,0,0,0,0
175,90625,0,0,0,0,0,0,0,1,0,0,0,0,0
176,91145,0,0,0,0,0,0,0,1,0,0,0,0,0
177,91666,0,0,0,0,0,0,0,1,0,0,0,0,0
178,92187,0,0,0,0,0,0,0,1,0,0,0,0,0
179,92708,0,0,0,0,0,0,0,1,0,0,0,0,0
180,93229,0,0,0,0,0,0,0,1,0,0,0,0,0
181,93750,0,0,0,0,0,0,0,1,0,0,0,0,0
182,94270,0,0,0,0,0,0,0,1,0,0,0,0,0
183,94791,0,0,0,0,0,0,0,1,0,0,0,0,0
184,95312,0,0,0,0,0,0,0,1,0,0,0,0,0
185,95833,0,0,0,0,0,0,0,1,0,0,0,0,0
186,96354,0,0,0,0,0,0,0,1,0,0,0,0,0
187,96875,0,0,0,0,0,0,0,1,0,0,0,0,0
188,97395,0,0,0,0,0,0,0,1,0,0,0,0,0
189,97916,0,0,0,0,0,0,0,1,0,0,0,0,0
190,98437,0,0,0,0,0,0,0,1,0,0,0,0,0
191,98958,0,0,0,0,0,0,0,1,0,0,0,0,0
192,99479,0,0,0,0,0,0,0,1,0,0,0,0,0
193,100000,0,0,0,0,0,0,0,1,0,0,0,0,0
194,100520,0,0,0,0,0,0,0,1,0,0,0,0,0
195,101041,0,0,0,0,0,0,0,1,0,0,0,0,0
196,101562,0,0,0,0,0,0,0,1,0,0,0,0,0
197,102083,0,0,0,0,0,0,0,1,0,0,0,0,0
198,102604,0,0,0,0,0,0,0,1,0,0,0,0,0
199,103125,0,0,0,0,0,0,0,1,0,0,0,0,0
200,103645,0,0,0,0,0,0,0,1,0,0,0,0,0
201,104166,0,0,0,0,0,0,0,1,0,0,0,0,0
202,104687,0,0,0,0,0,0,0,1,0,0,0,0,0
203,105208,0,0,0,0,0,0,0,1,0,0,0,0,0
204,105729,0,0,0,0,0,0,0,1,0,0,0,0,0
205,106250,0,0,0,0,0,0,0,1,0,0,0,0,0
206,106770,0,0,0,0,0,0,0,1,0,0,0,0,0
207,107291,0,0,0,0,0,0,0,1,0,0,0,0,0
208,107812,0,0,0,0,0,0,0,1,0,0,0,0,0
209,108333,0,0,0,0,0,0,0,1,0,0,0,0,0
210,108854,0,0,0,0,0,0,0,1,0,0,0,0,0
211,109375,0,0,0,0,0,0,0,1,0,0,0,0,0
212,109895,0,0,0,0,0,0,0,1,0,0,0,0,0
213,110416,0,0,0,0,0,0,0,1,0,0,0,0,0
214,110937,0,0,0,0,0,0,0,1,0,0,0,0,0
215,111458,0,0,0,0,0,0,0,1,0,0,0,0,0
216,111979,0,0,0,0,0,0,0,1,0,0,0,0,0
217,112500,0,0,0,0,0,0,0,1,0,0,0,0,0
218,113020,0,0,0,0,0,0,0,1,0,0,0,0,0
219,113541,0,0,0,0,0,0,0,1,0,0,0,0,0
220,114062,0,0,0,0,0,0,0,1,0,0,0,0,0
221,114583,0,0,0,0,0,0,0,1,0,0,0,0,0
222,115104,0,0,0,0,0,0,0,1,0,0,0,0,0
223,115625,0,0,0,0,0,0,0,1,0,0,0,0,0
224,116145,0,0,0,0,0,0,0,1,0,0,0,0,0
225,116666,0,0,0,0,0,0,0,1,0,0,0,0,0
226,117187,0,0,0,0,0,0,0,1,0,0,0,0,0
227,117708,0,0,0,0,0,0,0,1,0,0,0,0,0
228,118229,0,0,0,0,0,0,0,1,0,0,0,0,0
229,118750,0,0,0,0,0,0,0,1,0,0,0,0,0
230,119270,0,0,0,0,0,0,0,1,0,0,0,0,0
231,119791,0,0,0,0,0,0,0,1,0,0,0,0,0
232,120312,0,0,0,0,0,0,0,1,0,0,0,0,0
233,120833,0,0,0,0,0,0,0,1,0,0,0,0,0
234,121354,0,0,0,0,0,0,0,1,0,0,0,0,0
235,121875,0,0,0,0,0,0,0,1,0,0,0,0,0
236,122395,0,0,0,0,0,0,0,1,0,0,0,0,0
237,122916,0,0,0,0,0,0,0,1,0,0,0,0,0
238,123437,0,0,0,0,0,0,0,1,0,0,0,0,0
239,123958,0,0,0,0,0,0,0,1,0,0,0,0,0
240,124479,0,0,0,0,0,0,0,1,0,0,0,0,0
241,125000,0,0,0,0,0,0,0,1,0,0,0,0,0
242,125520,0,0,0,0,0,0,0,1,0,0,0,0,0
243,126041,0,0,0,0,0,0,0,1,0,0,0,0,0
244,126562,0,0,0,0,0,0,0,1,0,0,0,0,0
245,127083,0,0,0,0,0,0,0,1,0,0,0,0,0
246,127604,0,0,0,0,0,0,0,1,0,0,0,0,0
247,128124,0,0,0,0,0,0,0,1,0,0,0,0,0
248,128645,0,0,0,0,0,0,0,1,0,0,0,0,0
249,129166,0,0,0,0,0,0,0,1,0,0,0,0,0
250,129687,0,0,0,0,0,0,0,1,0,0,0,0,0
251,130208,0,0,0,0,0,0,0,1,0,0,0,0,0
252,130729,0,0,0,0,0,0,0,1,0,0,0,0,0
253,131250,0,0,0,0,0,0,0,1,0,0,0,0,0
254,131770,0,0,0,0,0,0,0,1,0,0,0,0,0
255,132291,0,0,0,0,0,0,0,1,0,0,0,0,0
256,132812,0,0,0,0,0,0,0,1,0,0,0,0,0
257,133333,0,0,0,0,0,0,0,1,0,0,0,0,0
258,133854,0,0,0,0,0,0,0,1,0,0,0,0,0
259,134375,0,0,0,0,0,0,0,1,0,0,0,0,0
260,134895,0,0,0,0,0,0,0,1,0,0,0,0,0
261,135416,0,0,0,0,0,0,0,1,0,0,0,0,0
262,135937,0,0,0,0,0,0,0,1,0,0,0,0,0
263,136458,0,0,0,0,0,0,0,1,0,0,0,0,0
264,136979,0,0,0,0,0,0,0,1,0,0,0,0,0
265,137500,0,0,0,0,0,0,0,1,0,0,0,0,0
266,138020,0,0,0,0,0,0,0,1,0,0,0,0,0
267,138541,0,0,0,0,0,0,0,1,0,0,0,0,0
268,139062,0,0,0,0,0,0,0,1,0,0,0,0,0
269,139583,0,0,0,0,0,0,0,1,0,0,0,0,0
270,140104,0,0,0,0,0,0,0,1,0,0,0,0,0
271,140625,0,0,0,0,0,0,0,1,0,0,0,0,0
272,141145,0,0,0,0,0,0,0,1,0,0,0,0,0
273,141666,0,0,0,0,0,0,0,1,0,0,0,0,0
274,142187,0,0,0,0,0,0,0,1,0,0,0,0,0
275,142708,0,0,0,0,0,0,0,1,0,0,0,0,0
276,143229,0,0,0,0,0,0,0,1,0,0,0,0,0
277,143750,0,0,0,0,0,0,0,1,0,0,0,0,0
278,144270,0,0,0,0,0,0,0,1,0,0,0,0,0
279,144791,0,0,0,0,0,0,0,1,0,0,0,0,0
280,145312,0,0,0,0,0,0,0,1,0,0,0,0,0
281,145833,0,0,0,0,0,0,0,1,0,0,0,0,0
282,146354,0,0,0,0,0,0,0,1,0,0,0,0,0
283,146875,0,0,0,0,0,0,0,1,0,0,0,0,0
284,147395,0,0,0,0,0,0,0,1,0,0,0,0,0
285,147916,0,0,0,0,0,0,0,1,0,0,0,0,0
286,148437,0,0,0,0,0,0,0,1,0,0,0,0,0
287,148958,0,0,0,0,0,0,0,1,0,0,0,0,0
288,149479,0,0,0,0,0,0,0,1,0,0,0,0,0
289,150000,0,0,0,0,0,0,0,1,0,0,0,0,0
290,150520,0,0,0,0,0,0,0,1,0,0,0,0,0
291,151041,0,0,0,0,0,0,0,1,0,0,0,0,0
292,151562,0,0,0,0,0,0,0,1,0,0,0,0,0
293,152083,0,0,0,0,0,0,0,1,0,0,0,0,0
294,152604,0,0,0,0,0,0,0,1,0,0,0,0,0
295,153125,0,0,0,0,0,0,0,1,0,0,0,0,0
296,153645,0,0,0,0,0,0,0,1,0,0,0,0,0
297,154166,0,0,0,0,0,0,0,1,0,0,0,0,0
298,154687,0,0,0,0,0,0,0,1,0,0,0,0,0
299,155208,0,0,0,0,0,0,0,1,0,0,0,0,0
300,155729,0,0,0,0,0,0,0,1,0,0,0,0,0
301,156250,0,0,0,0,0,0,0,1,0,0,0,0,0
302,156770,0,0,0,0,0,0,0,1,0,0,0,0,0
303,157291,0,0,0,0,0,0,0,1,0,0,0,0,0
304,157812,0,0,0,0,0,0,0,1,0,0,0,0,0
305,158333,0,0,0,0,0,0,0,1,0,0,0,0,0
306,158854,0,0,0,0,0,0,0,1,0,0,0,0,0
307,159375,0,0,0,0,0,0,0,1,0,0,0,0,0
308,159895,0,0,0,0,0,0,0,1,0,0,0,0,0
309,160416,0,0,0,0,0,0,0,1,0,0,0,0,0
310,160937,0,0,0,0,0,0,0,1,0,0,0,0,0
311,161458,0,0,0,0,0,0,0,1,0,0,0,0,0
312,161979,0,0,0,0,0,0,0,1,0,0,0,0,0
313,162500,0,0,0,0,0,0,0,1,0,0,0,0,0
314,163020,0,0,0,0,0,0,0,1,0,0,0,0,0
315,163541,0,0,0,0,0,0,0,1,0,0,0,0,0
316,164062,0,0,0,0,0,0,0,1,0,0,0,0,0
317,164583,0,0,0,0,0,0,0,1,0,0,0,0,0
318,165104,0,0,0,0,0,0,0,1,0,0,0,0,0
319,165625,0,0,0,0,0,0,0,1,0,0,0,0,0
320,166145,0,0,0,0,0,0,0,1,0,0,0,0,0
321,166666,0,0,0,0,0,0,0,1,0,0,0,0,0
322,167187,0,0,0,0,0,0,0,1,0,0,0,0,0
323,167708,0,0,0,0,0,0,0,1,0,0,0,0,0
324,168229,0,0,0,0,0,0,0,1,0,0,0,0,0
325,168750,0,0,0,0,0,0,0,1,0,0,0,0,0
326,169270,0,0,0,0,0,0,0,1,0,0,0,0,0
327,169791,0,0,0,0,0,0,0,1,0,0,0,0,0
328,170312,0,0,0,0,0,0,0,1,0,0,0,0,0
329,170833,0,0,0,0,0,0,0,1,0,0,0,0,0
330,171354,0,0,0,0,0,0,0,1,0,0,0,0,0
331,171875,0,0,0,0,0,0,0,1,0,0,0,0,0
332,172395,0,0,0,0,0,0,0,1,0,0,0,0,0
333,172916,0,0,0,0,0,0,0,1,0,0,0,0,0
334,173437,0,0,0,0,0,0,0,1,0,0,0,0,0
335,173958,0,0,0,0,0,0,0,1,0,0,0,0,0
336,174479,0,0,0,0,0,0,0,1,0,0,0,0,0
337,175000,0,0,0,0,0,0,0,1,0,0,0,0,0
338,175520,0,0,0,0,0,0,0,1,0,0,0,0,0
339,176041,0,0,0,0,0,0,0,1,0,0,0,0,0
340,176562,0,0,0,0,0,0,0,1,0,0,0,0,0
341,177083,0,0,0,0,0,0,0,1,0,0,0,0,0
342,177604,0,0,0,0,0,0,0,1,0,0,0,0,0
343,178125,0,0,0,0,0,0,0,1,0,0,0,0,0
344,178645,0,0,0,0,0,0,0,1,0,0,0,0,0
345,179166,0,0,0,0,0,0,0,1,0,0,0,0,0
346,179687,0,0,0,0,0,0,0,1,0,0,0,0,0
347,180208,0,0,0,0,0,0,0,1,0,0,0,0,0
348,180729,0,0,0,0,0,0,0,1,0,0,0,0,0
349,181250,0,0,0,0,0,0,0,1,0,0,0,0,0
350,181770,0,0,0,0,0,0,0,1,0,0,0,0,0
351,182291,0,0,0,0,0,0,0,1,0,0,0,0,0
352,182812,0,0,0,0,0,0,0,1,0,0,0,0,0
353,183333,0,0,0,0,0,0,0,1,0,0,0,0,0
354,183854,0,0,0,0,0,0,0,1,0,0,0,0,0
355,184375,0,0,0,0,0,0,0,1,0,0,0,0,0
356,184895,0,0,0,0,0,0,0,1,0,0,0,0,0
357,185416,0,0,0,0,0,0,0,1,0,0,0,0,0
358,185937,0,0,0,0,0,0,0,1,0,0,0,0,0
359,186458,0,0,0,0,0,0,0,1,0,0,0,0,0
360,186979,0,0,0,0,0,0,0,1,0,0,0,0,0
361,187500,0,0,0,0,0,0,0,1,0,0,0,0,0
362,188020,0,0,0,0,0,0,0,1,0,0,0,0,0
363,188541,0,0,0,0,0,0,0,1,0,0,0,0,0
364,189062,0,0,0,0,0,0,0,1,0,0,0,0,0
365,189583,0,0,0,0,0,0,0,1,0,0,0,0,0
366,190104,0,0,0,0,0,0,0,1,0,0,0,0,0
367,190625,0,0,0,0,0,0,0,1,0,0,0,0,0
368,191145,0,0,0,0,0,0,0,1,0,0,0,0,0
369,191666,0,0,0,0,0,0,0,1,0,0,0,0,0
370,192187,0,0,0,0,0,0,0,1,0,0,0,0,0
371,192708,0,0,0,0,0,0,0,1,0,0,0,0,0
372,193229,0,0,0,0,0,0,0,1,0,0,0,0,0
373,193750,0,0,0,0,0,0,0,1,0,0,0,0,0
374,194270,0,0,0,0,0,0,0,1,0,0,0,0,0
375,194791,0,0,0,0,0,0,0,1,0,0,0,0,0
376,195312,0,0,0,0,0,0,0,1,0,0,0,0,0
377,195833,0,0,0,0,0,0,0,1,0,0,0,0,0
378,196354,0,0,0,0,0,0,0,1,0,0,0,0,0
379,196875,0,0,0,0,0,0,0,1,0,0,0,0,0
380,197395,0,0,0,0,0,0,0,1,0,0,0,0,0
381,197916,0,0,0,0,0,0,0,1,0,0,0,0,0
382,198437,0,0,0,0,0,0,0,1,0,0,0,0,0
383,198958,0,0,0,0,0,0,0,1,0,0,0,0,0
384,199479,0,0,0,0,0,0,0,1,0,0,0,0,0
385,200000,0,0,0,0,0,0,0,1,0,0,0,0,0
386,200520,0,0,0,0,0,0,0,1,0,0,0,0,0
387,201041,0,0,0,0,0,0,0,1,0,0,0,0,0
388,201562,0,0,0,0,0,0,0,1,0,0,0,0,0
389,202083,0,0,0,0,0,0,0,1,0,0,0,0,0
390,202604,0,0,0,0,0,0,0,1,0,0,0,0,0
391,203125,0,0,0,0,0,0,0,1,0,0,0,0,0
392,203645,0,0,0,0,0,0,0,1,0,0,0,0,0
393,204166,0,0,0,0,0,0,0,1,0,0,0,0,0
394,204687,0,0,0,0,0,0,0,1,0,0,0,0,0
395,205208,0,0,0,0,0,0,0,1,0,0,0,0,0
396,205729,0,0,0,0,0,0,0,1,0,0,0,0,0
397,206250,0,0,0,0,0,0,0,1,0,0,0,0,0
398,206770,0,0,0,0,0,0,0,1,0,0,0,0,0
399,207291,0,0,0,0,0,0,0,1,0,0,0,0,0
400,207812,0,0,0,0,0,0,0,1,0,0,0,0,0
401,208333,0,0,0,0,0,0,0,1,0,0,0,0,0
402,208854,0,0,0,0,0,0,0,1,0,0,0,0,0
403,209375,0,0,0,0,0,0,0,1,0,0,0,0,0
404,209895,0,0,0,0,0,0,0,1,0,0,0,0,0
405,210416,0,0,0,0,0,0,0,1,0,0,0,0,0
406,210937,0,0,0,0,0,0,0,1,0,0,0,0,0
407,211458,0,0,0,0,0,0,0,1,0,0,0,0,0
408,211979,0,0,0,0,0,0,0,1,0,0,0,0,0
409,212500,0,0,0,0,0,0,0,1,0,0,0,0,0
410,213020,0,0,0,0,0,0,0,1,0,0,0,0,0
411,213541,0,0,0,0,0,0,0,1,0,0,0,0,0
412,214062,0,0,0,0,0,0,0,1,0,0,0,0,0
413,214583,0,0,0,0,0,0,0,1,0,0,0,0,0
414,215104,0,0,0,0,0,0,0,1,0,0,0,0,0
415,215625,0,0,0,0,0,0,0,1,0,0,0,0,0
416,216145,0,0,0,0,0,0,0,1,0,0,0,0,0
417,216666,0,0,0,0,0,0,0,1,0,0,0,0,0
418,217187,0,0,0,0,0,0,0,1,0,0,0,0,0
419,217708,0,0,0,0,0,0,0,1,0,0,0,0,0
420,218229,0,0,0,0,0,0,0,1,0,0,0,0,0
421,218750,0,0,0,0,0,0,0,1,0,0,0,0,0
422,219270,0,0,0,0,0,0,0,1,0,0,0,0,0
423,219791,0,0,0,0,0,0,0,1,0,0,0,0,0
424,220312,0,0,0,0,0,0,0,1,0,0,0,0,0
425,220833,0,0,0,0,0,0,0,1,0,0,0,0,0
426,221354,0,0,0,0,0,0,0,1,0,0,0,0,0
427,221875,0,0,0,0,0,0,0,1,0,0,0,0,0
428,222395,0,0,0,0,0,0,0,1,0,0,0,0,0
429,222916,0,0,0,0,0,0,0,1,0,0,0,0,0
430,223437,0,0,0,0,0,0,0,1,0,0,0,0,0
431,223958,0,0,0,0,0,0,0,1,0,0,0,0,0
432,224479,0,0,0,0,0,0,0,1,0,0,0,0,0
433,225000,0,0,0,0,0,0,0,1,0,0,0,0,0
434,225520,0,0,0,0,0,0,0,1,0,0,0,0,0
435,226041,0,0,0,0,0,0,0,1,0,0,0,0,0
436,226562,0,0,0,0,0,0,0,1,0,0,0,0,0
437,227083,0,0,0,0,0,0,0,1,0,0,0,0,0
438,227604,0,0,0,0,0,0,0,1,0,0,0,0,0
439,228125,0,0,0,0,0,0,0,1,0,0,0,0,0
440,228645,0,0,0,0,0,0,0,1,0,0,0,0,0
441,229166,0,0,0,0,0,0,0,1,0,0,0,0,0
442,229687,0,0,0,0,0,0,0,1,0,0,0,0,0
443,230208,0,0,0,0,0,0,0,1,0,0,0,0,0
444,230729,0,0,0,0,0,0,0,1,0,0,0,0,0
445,231250,0,0,0,0,0,0,0,1,0,0,0,0,0
446,231770,0,0,0,0,0,0,0,1,0,0,0,0,0
447,232291,0,0,0,0,0,0,0,1,0,0,0,0,0
448,232812,0,0,0,0,0,0,0,1,0,0,0,0,0
449,233333,0,0,0,0,0,0,0,1,0,0,0,0,0
450,233854,0,0,0,0,0,0,0,1,0,0,0,0,0
451,234375,0,0,0,0,0,0,0,1,0,0,0,0,0
452,234895,0,0,0,0,0,0,0,1,0,0,0,0,0
453,235416,0,0,0,0,0,0,0,1,0,0,0,0,0
454,235937,0,0,0,0,0,0,0,1,0,0,0,0,0
455,236458,0,0,0,0,0,0,0,1,0,0,0,0,0
456,236979,0,0,0,0,0,0,0,1,0,0,0,0,0
457,237500,0,0,0,0,0,0,0,1,0,0,0,0,0
458,238020,0,0,0,0,0,0,0,1,0,0,0,0,0
459,238541,0,0,0,0,0,0,0,1,0,0,0,0,0
460,239062,0,0,0,0,0,0,0,1,0,0,0,0,0
461,239583,0,0,0,0,0,0,0,1,0,0,0,0,0
462,240104,0,0,0,0,0,0,0,1,0,0,0,0,0
463,240625,0,0,0,0,0,0,0,1,0,0,0,0,0
464,241145,0,0,0,0,0,0,0,1,0,0,0,0,0
465,241666,0,0,0,0,0,0,0,1,0,0,0,0,0
466,242187,0,0,0,0,0,0,0,1,0,0,0,0,0
467,242708,0,0,0,0,0,0,0,1,0,0,0,0,0
468,243229,0,0,0,0,0,0,0,1,0,0,0,0,0
469,243750,0,0,0,0,0,0,0,1,0,0,0,0,0
470,244270,0,0,0,0,0,0,0,1,0,0,0,0,0
471,244791,0,0,0,0,0,0,0,1,0,0,0,0,0
472,245312,0,0,0,0,0,0,0,1,0,0,0,0,0
473,245833,0,0,0,0,0,0,0,1,0,0,0,0,0
474,246354,0,0,0,0,0,0,0,1,0,0,0,0,0
475,246875,0,0,0,0,0,0,0,1,0,0,0,0,0
476,247395,0,0,0,0,0,0,0,1,0,0,0,0,0
477,247916,0,0,0,0,0,0,0,1,0,0,0,0,0
478,248437,0,0,0,0,0,0,0,1,0,0,0,0,0
479,248958,0,0,0,0,0,0,0,1,0,0,0,0,0
480,249479,0,0,0,0,0,0,0,1,0,0,0,0,0
481,250000,0,0,0,0,0,0,0,1,0,0,0,0,0
482,250520,0,0,0,0,0,0,0,1,0,0,0,0,0
483,251041,0,0,0,0,0,0,0,1,0,0,0,0,0
484,251562,0,0,0,0,0,0,0,1,0,0,0,0,0
485,252083,0,0,0,0,0,0,0,1,0,0,0,0,0
486,252604,0,0,0,0,0,0,0,1,0,0,0,0,0
487,253125,0,0,0,0,0,0,0,1,0,0,0,0,0
488,253645,0,0,0,0,0,0,0,1,0,0,0,0,0
489,254166,0,0,0,0,0,0,0,1,0,0,0,0,0
490,254687,0,0,0,0,0,0,0,1,0,0,0,0,0
491,255208,0,0,0,0,0,0,0,1,0,0,0,0,0
492,255729,0,0,0,0,0,0,0,1,0,0,0,0,0
493,256249,0,0,0,0,0,0,0,1,0,0,0,0,0
494,256770,0,0,0,0,0,0,0,1,0,0,0,0,0
495,257291,0,0,0,0,0,0,0,1,0,0,0,0,0
496,257812,0,0,0,0,0,0,0,1,0,0,0,0,0
497,258333,0,0,0,0,0,0,0,1,0,0,0,0,0
498,258854,0,0,0,0,0,0,0,1,0,0,0,0,0
499,259375,0,0,0,0,0,0,0,1,0,0,0,0,0
500,259895,0,0,0,0,0,0,0,1,0,0,0,0,0
501,260416,0,0,0,0,0,0,0,1,0,0,0,0,0
502,260937,0,0,0,0,0,0,0,1,0,0,0,0,0
503,261458,0,0,0,0,0,0,0,1,0,0,0,0,0
504,261979,0,0,0,0,0,0,0,1,0,0,0,0,0
505,262500,0,0,0,0,0,0,0,1,0,0,0,0,0
506,263020,0,0,0,0,0,0,0,1,0,0,0,0,0
507,263541,0,0,0,0,0,0,0,1,0,0,0,0,0
508,264062,0,0,0,0,0,0,0,1,0,0,0,0,0
509,264583,0,0,0,0,0,0,0,1,0,0,0,0,0
510,265104,0,0,0,0,0,0,0,1,0,0,0,0,0
511,265625,0,0,0,0,0,0,0,1,0,0,0,0,0
512,266145,0,0,0,0,0,0,0,1,0,0,0,0,0
513,266666,0,0,0,0,0,0,0,1,0,0,0,0,0
514,267187,0,0,0,0,0,0,0,1,0,0,0,0,0
515,267708,0,0,0,0,0,0,0,1,0,0,0,0,0
516,268229,0,0,0,0,0,0,0,1,0,0,0,0,0
517,268750,0,0,0,0,0,0,0,1,0,0,0,0,0
518,269270,0,0,0,0,0,0,0,1,0,0,0,0,0
519,269791,0,0,0,0,0,0,0,1,0,0,0,0,0
520,270312,0,0,0,0,0,0,0,1,0,0,0,0,0
521,270833,0,0,0,0,0,0,0,1,0,0,0,0,0
522,271354,0,0,0,0,0,0,0,1,0,0,0,0,0
523,271875,0,0,0,0,0,0,0,1,0,0,0,0,0
524,272395,0,0,0,0,0,0,0,1,0,0,0,0,0
525,272916,0,0,0,0,0,0,0,1,0,0,0,0,0
526,273437,0,0,0,0,0,0,0,1,0,0,0,0,0
527,273958,0,0,0,0,0,0,0,1,0,0,0,0,0
528,274479,0,0,0,0,0,0,0,1,0,0,0,0,0
529,275000,0,0,0,0,0,0,0,1,0,0,0,0,0
530,275520,0,0,0,0,0,0,0,1,0,0,0,0,0
531,276041,0,0,0,0,0,0,0,1,0,0,0,0,0
532,276562,0,0,0,0,0,0,0,1,0,0,0,0,0
533,277083,0,0,0,0,0,0,0,1,0,0,0,0,0
534,277604,0,0,0,0,0,0,0,1,0,0,0,0,0
535,278125,0,0,0,0,0,0,0,1,0,0,0,0,0
536,278645,0,0,0,0,0,0,0,1,0,0,0,0,0
537,279166,0,0,0,0,0,0,0,1,0,0,0,0,0
538,279687,0,0,0,0,0,0,0,1,0,0,0,0,0
539,280208,0,0,0,0,0,0,0,1,0,0,0,0,0
540,280729,0,0,0,0,0,0,0,1,0,0,0,0,0
541,281250,0,0,0,0,0,0,0,1,0,0,0,0,0
542,281770,0,0,0,0,0,0,0,1,0,0,0,0,0
543,282291,0,0,0,0,0,0,0,1,0,0,0,0,0
544,282812,0,0,0,0,0,0,0,1,0,0,0,0,0
545,283333,0,0,0,0,0,0,0,1,0,0,0,0,0
546,283854,0,0,0,0,0,0,0,1,0,0,0,0,0
547,284375,0,0,0,0,0,0,0,1,0,0,0,0,0
548,284895,0,0,0,0,0,0,0,1,0,0,0,0,0
549,285416,0,0,0,0,0,0,0,1,0,0,0,0,0
550,285937,0,0,0,0,0,0,0,1,0,0,0,0,0
551,286458,0,0,0,0,0,0,0,1,0,0,0,0,0
552,286979,0,0,0,0,0,0,0,1,0,0,0,0,0
553,287500,0,0,0,0,0,0,0,1,0,0,0,0,0
554,288020,0,0,0,0,0,0,0,1,0,0,0,0,0
555,288541,0,0,0,0,0,0,0,1,0,0,0,0,0
556,289062,0,0,0,0,0,0,0,1,0,0,0,0,0
557,289583,0,0,0,0,0,0,0,1,0,0,0,0,0
558,290104,0,0,0,0,0,0,0,1,0,0,0,0,0
559,290625,0,0,0,0,0,0,0,1,0,0,0,0,0
560,291145,0,0,0,0,0,0,0,1,0,0,0,0,0
561,291666,0,0,0,0,0,0,0,1,0,0,0,0,0
562,292187,0,0,0,0,0,0,0,1,0,0,0,0,0
563,292708,0,0,0,0,0,0,0,1,0,0,0,0,0
564,293229,0,0,0,0,0,0,0,1,0,0,0,0,0
565,293750,0,0,0,0,0,0,0,1,0,0,0,0,0
566,294270,0,0,0,0,0,0,0,1,0,0,0,0,0
567,294791,0,0,0,0,0,0,0,1,0,0,0,0,0
568,295312,0,0,0,0,0,0,0,1,0,0,0,0,0
569,295833,0,0,0,0,0,0,0,1,0,0,0,0,0
570,296354,0,0,0,0,0,0,0,1,0,0,0,0,0
571,296875,0,0,0,0,0,0,0,1,0,0,0,0,0
572,297395,0,0,0,0,0,0,0,1,0,0,0,0,0
573,297916,0,0,0,0,0,0,0,1,0,0,0,0,0
574,298437,0,0,0,0,0,0,0,1,0,0,0,0,0
575,298958,0,0,0,0,0,0,0,1,0,0,0,0,0
576,299479,0,0,0,0,0,0,0,1,0,0,0,0,0
577,300000,0,0,0,0,0,0,0,1,0,0,0,0,0
578,300520,0,0,0,0,0,0,0,1,0,0,0,0,0
579,301041,0,0,0,0,0,0,0,1,0,0,0,0,0
580,301562,0,0,0,0,0,0,0,1,0,0,0,0,0
581,302083,0,0,0,0,0,0,0,1,0,0,0,0,0
582,302604,0,0,0,0,0,0,0,1,0,0,0,0,0
583,303125,0,0,0,0,0,0,0,1,0,0,0,0,0
584,303645,0,0,0,0,0,0,0,1,0,0,0,0,0
585,304166,0,0,0,0,0,0,0,1,0,0,0,0,0
586,304687,0,0,0,0,0,0,0,1,0,0,0,0,0
587,305208,0,0,0,0,0,0,0,1,0,0,0,0,0
588,305729,0,0,0,0,0,0,0,1,0,0,0,0,0
589,306250,0,0,0,0,0,0,0,1,0,0,0,0,0
590,306770,0,0,0,0,0,0,0,1,0,0,0,0,0
591,307291,0,0,0,0,0,0,0,1,0,0,0,0,0
592,307812,0,0,0,0,0,0,0,1,0,0,0,0,0
593,308333,0,0,0,0,0,0,0,1,0,0,0,0,0
594,308854,0,0,0,0,0,0,0,1,0,0,0,0,0
595,309375,0,0,0,0,0,0,0,1,0,0,0,0,0
596,309895,0,0,0,0,0,0,0,1,0,0,0,0,0
597,310416,0,0,0,0,0,0,0,1,0,0,0,0,0
598,310937,0,0,0,0,0,0,0,1,0,0,0,0,0
599,311458,0,0,0,0,0,0,0,1,0,0,0,0,0
600,311979,0,0,0,0,0,0,0,1,0,0,0,0,0
601,312500,0,0,0,0,0,0,0,1,0,0,0,0,0
602,313020,0,0,0,0,0,0,0,1,0,0,0,0,0
603,313541,0,0,0,0,0,0,0,1,0,0,0,0,0
604,314062,0,0,0,0,0,0,0,1,0,0,0,0,0
605,314583,0,0,0,0,0,0,0,1,0,0,0,0,0
606,315104,0,0,0,0,0,0,0,1,0,0,0,0,0
607,315625,0,0,0,0,0,0,0,1,0,0,0,0,0
608,316145,0,0,0,0,0,0,0,1,0,0,0,0,0
609,316666,0,0,0,0,0,0,0,1,0,0,0,0,0
610,317187,0,0,0,0,0,0,0,1,0,0,0,0,0
611,317708,0,0,0,0,0,0,0,1,0,0,0,0,0
612,318229,0,0,0,0,0,0,0,1,0,0,0,0,0
613,318750,0,0,0,0,0,0,0,1,0,0,0,0,0
614,319270,0,0,0,0,0,0,0,1,0,0,0,0,0
615,319791,0,0,0,0,0,0,0,1,0,0,0,0,0
616,320312,0,0,0,0,0,0,0,1,0,0,0,0,0
617,320833,0,0,0,0,0,0,0,1,0,0,0,0,0
618,321354,0,0,0,0,0,0,0,1,0,0,0,0,0
619,321875,0,0,0,0,0,0,0,1,0,0,0,0,0
620,322395,0,0,0,0,0,0,0,1,0,0,0,0,0
621,322916,0,0,0,0,0,0,0,1,0,0,0,0,0
622,323437,0,0,0,0,0,0,0,1,0,0,0,0,0
623,323958,0,0,0,0,0,0,0,1,0,0,0,0,0
624,324479,0,0,0,0,0,0,0,1,0,0,0,0,0
625,325000,0,0,0,0,0,0,0,1,0,0,0,0,0
626,325520,0,0,0,0,0,0,0,1,0,0,0,0,0
627,326041,0,0,0,0,0,0,0,1,0,0,0,0,0
628,326562,0,0,0,0,0,0,0,1,0,0,0,0,0
629,327083,0,0,0,0,0,0,0,1,0,0,0,0,0
630,327604,0,0,0,0,0,0,0,1,0,0,0,0,0
631,328125,0,0,0,0,0,0,0,1,0,0,0,0,0
632,328645,0,0,0,0,0,0,0,1,0,0,0,0,0
633,329166,0,0,0,0,0,0,0,1,0,0,0,0,0
634,329687,0,0,0,0,0,0,0,1,0,0,0,0,0
635,330208,0,0,0,0,0,0,0,1,0,0,0,0,0
636,330729,0,0,0,0,0,0,0,1,0,0,0,0,0
637,331250,0,0,0,0,0,0,0,1,0,0,0,0,0
638,331770,0,0,0,0,0,0,0,1,0,0,0,0,0
639,332291,0,0,0,0,0,0,0,1,0,0,0,0,0
640,332812,0,0,0,0,0,0,0,1,0,0,0,0,0
641,333333,0,0,0,0,0,0,0,1,0,0,0,0,0
642,333854,0,0,0,0,0,0,0,1,0,0,0,0,0
643,334375,0,0,0,0,0,0,0,1,0,0,0,0,0
644,334895,0,0,0,0,0,0,0,1,0,0,0,0,0
645,335416,0,0,0,0,0,0,0,1,0,0,0,0,0
646,335937,0,0,0,0,0,0,0,1,0,0,0,0,0
647,336458,0,0,0,0,0,0,0,1,0,0,0,0,0
648,336979,0,0,0,0,0,0,0,1,0,0,0,0,0
649,337500,0,0,0,0,0,0,0,1,0,0,0,0,0
650,338020,0,0,0,0,0,0,0,1,0,0,0,0,0
651,338541,0,0,0,0,0,0,0,1,0,0,0,0,0
652,339062,0,0,0,0,0,0,0,1,0,0,0,0,0
653,339583,0,0,0,0,0,0,0,1,0,0,0,0,0
654,340104,0,0,0,0,0,0,0,1,0,0,0,0,0
655,340625,0,0,0,0,0,0,0,1,0,0,0,0,0
656,341145,0,0,0,0,0,0,0,1,0,0,0,0,0
657,341666,0,0,0,0,0,0,0,1,0,0,0,0,0
658,342187,0,0,0,0,0,0,0,1,0,0,0,0,0
659,342708,0,0,0,0,0,0,0,1,0,0,0,0,0
660,343229,0,0,0,0,0,0,0,1,0,0,0,0,0
661,343750,0,0,0,0,0,0,0,1,0,0,0,0,0
662,344270,0,0,0,0,0,0,0,1,0,0,0,0,0
663,344791,0,0,0,0,0,0,0,1,0,0,0,0,0
664,345312,0,0,0,0,0,0,0,1,0,0,0,0,0
665,345833,0,0,0,0,0,0,0,1,0,0,0,0,0
666,346354,0,0,0,0,0,0,0,1,0,0,0,0,0
667,346875,0,0,0,0,0,0,0,1,0,0,0,0,0
668,347395,0,0,0,0,0,0,0,1,0,0,0,0,0
669,347916,0,0,0,0,0,0,0,1,0,0,0,0,0
670,348437,0,0,0,0,0,0,0,1,0,0,0,0,0
671,348958,0,0,0,0,0,0,0,1,0,0,0,0,0
672,349479,0,0,0,0,0,0,0,1,0,0,0,0,0
673,350000,0,0,0,0,0,0,0,1,0,0,0,0,0
674,350520,0,0,0,0,0,0,0,1,0,0,0,0,0
675,351041,0,0,0,0,0,0,0,1,0,0,0,0,0
676,351562,0,0,0,0,0,0,0,1,0,0,0,0,0
677,352083,0,0,0,0,0,0,0,1,0,0,0,0,0
678,352604,0,0,0,0,0,0,0,1,0,0,0,0,0
679,353125,0,0,0,0,0,0,0,1,0,0,0,0,0
680,353645,0,0,0,0,0,0,0,1,0,0,0,0,0
681,354166,0,0,0,0,0,0,0,1,0,0,0,0,0
682,354687,0,0,0,0,0,0,0,1,0,0,0,0,0
683,355208,0,0,0,0,0,0,0,1,0,0,0,0,0
684,355729,0,0,0,0,0,0,0,1,0,0,0,0,0
685,356250,0,0,0,0,0,0,0,1,0,0,0,0,0
686,356770,0,0,0,0,0,0,0,1,0,0,0,0,0
687,357291,0,0,0,0,0,0,0,1,0,0,0,0,0
688,357812,0,0,0,0,0,0,0,1,0,0,0,0,0
689,358333,0,0,0,0,0,0,0,1,0,0,0,0,0
690,358854,0,0,0,0,0,0,0,1,0,0,0,0,0
691,359375,0,0,0,0,0,0,0,1,0,0,0,0,0
692,359895,0,0,0,0,0,0,0,1,0,0,0,0,0
693,360416,0,0,0,0,0,0,0,1,0,0,0,0,0
694,360937,0,0,0,0,0,0,0,1,0,0,0,0,0
695,361458,0,0,0,0,0,0,0,1,0,0,0,0,0
696,361979,0,0,0,0,0,0,0,1,0,0,0,0,0
697,362500,0,0,0,0,0,0,0,1,0,0,0,0,0
698,363020,0,0,0,0,0,0,0,1,0,0,0,0,0
699,363541,0,0,0,0,0,0,0,1,0,0,0,0,0
700,364062,0,0,0,0,0,0,0,1,0,0,0,0,0
701,364583,0,0,0,0,0,0,0,1,0,0,0,0,0
702,365104,0,0,0,0,0,0,0,1,0,0,0,0,0
703,365625,0,0,0,0,0,0,0,1,0,0,0,0,0
704,366145,0,0,0,0,0,0,0,1,0,0,0,0,0
705,366666,0,0,0,0,0,0,0,1,0,0,0,0,0
706,367187,0,0,0,0,0,0,0,1,0,0,0,0,0
707,367708,0,0,0,0,0,0,0,1,0,0,0,0,0
708,368229,0,0,0,0,0,0,0,1,0,0,0,0,0
709,368750,0,0,0,0,0,0,0,1,0,0,0,0,0
710,369270,0,0,0,0,0,0,0,1,0,0,0,0,0
711,369791,0,0,0,0,0,0,0,1,0,0,0,0,0
712,370312,0,0,0,0,0,0,0,1,0,0,0,0,0
713,370833,0,0,0,0,0,0,0,1,0,0,0,0,0
714,371354,0,0,0,0,0,0,0,1,0,0,0,0,0
715,371875,0,0,0,0,0,0,0,1,0,0,0,0,0
716,372395,0,0,0,0,0,0,0,1,0,0,0,0,0
717,372916,0,0,0,0,0,0,0,1,0,0,0,0,0
718,373437,0,0,0,0,0,0,0,1,0,0,0,0,0
719,373958,0,0,0,0,0,0,0,1,0,0,0,0,0
720,374479,0,0,0,0,0,0,0,1,0,0,0,0,0
721,375000,0,0,0,0,0,0,0,1,0,0,0,0,0
722,375520,0,0,0,0,0,0,0,1,0,0,0,0,0
723,376041,0,0,0,0,0,0,0,1,0,0,0,0,0
724,376562,0,0,0,0,0,0,0,1,0,0,0,0,0
725,377083,0,0,0,0,0,0,0,1,0,0,0,0,0
726,377604,0,0,0,0,0,0,0,1,0,0,0,0,0
727,378125,0,0,0,0,0,0,0,1,0,0,0,0,0
728,378645,0,0,0,0,0,0,0,1,0,0,0,0,0
729,379166,0,0,0,0,0,0,0,1,0,0,0,0,0
730,379687,0,0,0,0,0,0,0,1,0,0,0,0,0
731,380208,0,0,0,0,0,0,0,1,0,0,0,0,0
732,380729,0,0,0,0,0,0,0,1,0,0,0,0,0
733,381250,0,0,0,0,0,0,0,1,0,0,0,0,0
734,381770,0,0,0,0,0,0,0,1,0,0,0,0,0
735,382291,0,0,0,0,0,0,0,1,0,0,0,0,0
736,382812,0,0,0,0,0,0,0,1,0,0,0,0,0
737,383333,0,0,0,0,0,0,0,1,0,0,0,0,0
738,383854,0,0,0,0,0,0,0,1,0,0,0,0,0
739,384375,0,0,0,0,0,0,0,1,0,0,0,0,0
740,384895,0,0,0,0,0,0,0,1,0,0,0,0,0
741,385416,0,0,0,0,0,0,0,1,0,0,0,0,0
742,385937,0,0,0,0,0,0,0,1,0,0,0,0,0
743,386458,0,0,0,0,0,0,0,1,0,0,0,0,0
744,386979,0,0,0,0,0,0,0,1,0,0,0,0,0
745,387500,0,0,0,0,0,0,0,1,0,0,0,0,0
746,388020,0,0,0,0,0,0,0,1,0,0,0,0,0
747,388541,0,0,0,0,0,0,0,1,0,0,0,0,0
748,389062,0,0,0,0,0,0,0,1,0,0,0,0,0
749,389583,0,0,0,0,0,0,0,1,0,0,0,0,0
750,390104,0,0,0,0,0,0,0,1,0,0,0,0,0
751,390625,0,0,0,0,0,0,0,1,0,0,0,0,0
752,391145,0,0,0,0,0,0,0,1,0,0,0,0,0
753,391666,0,0,0,0,0,0,0,1,0,0,0,0,0
754,392187,0,0,0,0,0,0,0,1,0,0,0,0,0
755,392708,0,0,0,0,0,0,0,1,0,0,0,0,0
756,393229,0,0,0,0,0,0,0,1,0,0,0,0,0
757,393750,0,0,0,0,0,0,0,1,0,0,0,0,0
758,394270,0,0,0,0,0,0,0,1,0,0,0,0,0
759,394791,0,0,0,0,0,0,0,1,0,0,0,0,0
760,395312,0,0,0,0,0,0,0,1,0,0,0,0,0
761,395833,0,0,0,0,0,0,0,1,0,0,0,0,0
762,396354,0,0,0,0,0,0,0,1,0,0,0,0,0
763,396875,0,0,0,0,0,0,0,1,0,0,0,0,0
764,397395,0,0,0,0,0,0,0,1,0,0,0,0,0
765,397916,0,0,0,0,0,0,0,1,0,0,0,0,0
766,398437,0,0,0,0,0,0,0,1,0,0,0,0,0
767,398958,0,0,0,0,0,0,0,1,0,0,0,0,0
768,399479,0,0,0,0,0,0,0,1,0,0,0,0,0
769,400000,0,0,0,0,0,0,0,1,0,0,0,0,0
770,400520,0,0,0,0,0,0,0,1,0,0,0,0,0
771,401041,0,0,0,0,0,0,0,1,0,0,0,0,0
772,401562,0,0,0,0,0,0,0,1,0,0,0,0,0
773,402083,0,0,0,0,0,0,0,1,0,0,0,0,0
774,402604,0,0,0,0,0,0,0,1,0,0,0,0,0
775,403125,0,0,0,0,0,0,0,1,0,0,0,0,0
776,403645,0,0,0,0,0,0,0,1,0,0,0,0,0
777,404166,0,0,0,0,0,0,0,1,0,0,0,0,0
778,404687,0,0,0,0,0,0,0,1,0,0,0,0,0
779,405208,0,0,0,0,0,0,0,1,0,0,0,0,0
780,405729,0,0,0,0,0,0,0,1,0,0,0,0,0
781,406250,0,0,0,0,0,0,0,1,0,0,0,0,0
782,406770,0,0,0,0,0,0,0,1,0,0,0,0,0
783,407291,0,0,0,0,0,0,0,1,0,0,0,0,0
784,407812,0,0,0,0,0,0,0,1,0,0,0,0,0
785,408333,0,0,0,0,0,0,0,1,0,0,0,0,0
786,408854,0,0,0,0,0,0,0,1,0,0,0,0,0
787,409375,0,0,0,0,0,0,0,1,0,0,0,0,0
788,409895,0,0,0,0,0,0,0,1,0,0,0,0,0
789,410416,0,0,0,0,0,0,0,1,0,0,0,0,0
790,410937,0,0,0,0,0,0,0,1,0,0,0,0,0
791,411458,0,0,0,0,0,0,0,1,0,0,0,0,0
792,411979,0,0,0,0,0,0,0,1,0,0,0,0,0
793,412500,0,0,0,0,0,0,0,1,0,0,0,0,0
794,413020,0,0,0,0,0,0,0,1,0,0,0,0,0
795,413541,0,0,0,0,0,0,0,1,0,0,0,0,0
796,414062,0,0,0,0,0,0,0,1,0,0,0,0,0
797,414583,0,0,0,0,0,0,0,1,0,0,0,0,0
798,415104,0,0,0,0,0,0,0,1,0,0,0,0,0
799,415625,0,0,0,0,0,0,0,1,0,0,0,0,0
800,416145,0,0,0,0,0,0,0,1,0,0,0,0,0
801,416666,0,0,0,0,0,0,0,1,0,0,0,0,0
802,417187,0,0,0,0,0,0,0,1,0,0,0,0,0
803,417708,0,0,0,0,0,0,0,1,0,0,0,0,0
804,418229,0,0,0,0,0,0,0,1,0,0,0,0,0
805,418750,0,0,0,0,0,0,0,1,0,0,0,0,0
806,419270,0,0,0,0,0,0,0,1,0,0,0,0,0
807,419791,0,0,0,0,0,0,0,1,0,0,0,0,0
808,420312,0,0,0,0,0,0,0,1,0,0,0,0,0
809,420833,0,0,0,0,0,0,0,1,0,0,0,0,0
810,421354,0,0,0,0,0,0,0,1,0,0,0,0,0
811,421875,0,0,0,0,0,0,0,1,0,0,0,0,0
812,422395,0,0,0,0,0,0,0,1,0,0,0,0,0
813,422916,0,0,0,0,0,0,0,1,0,0,0,0,0
814,423437,0,0,0,0,0,0,0,1,0,0,0,0,0
815,423958,0,0,0,0,0,0,0,1,0,0,0,0,0
816,424479,0,0,0,0,0,0,0,1,0,0,0,0,0
817,425000,0,0,0,0,0,0,0,1,0,0,0,0,0
818,425520,0,0,0,0,0,0,0,1,0,0,0,0,0
819,426041,0,0,0,0,0,0,0,1,0,0,0,0,0
820,426562,0,0,0,0,0,0,0,1,0,0,0,0,0
821,427083,0,0,0,0,0,0,0,1,0,0,0,0,0
822,427604,0,0,0,0,0,0,0,1,0,0,0,0,0
823,428125,0,0,0,0,0,0,0,1,0,0,0,0,0
824,428645,0,0,0,0,0,0,0,1,0,0,0,0,0
825,429166,0,0,0,0,0,0,0,1,0,0,0,0,0
826,429687,0,0,0,0,0,0,0,1,0,0,0,0,0
827,430208,0,0,0,0,0,0,0,1,0,0,0,0,0
828,430729,0,0,0,0,0,0,0,1,0,0,0,0,0
829,431250,0,0,0,0,0,0,0,1,0,0,0,0,0
830,431770,0,0,0,0,0,0,0,1,0,0,0,0,0
831,432291,0,0,0,0,0,0,0,1,0,0,0,0,0
832,432812,0,0,0,0,0,0,0,1,0,0,0,0,0
833,433333,0,0,0,0,0,0,0,1,0,0,0,0,0
834,433854,0,0,0,0,0,0,0,1,0,0,0,0,0
835,434375,0,0,0,0,0,0,0,1,0,0,0,0,0
836,434895,0,0,0,0,0,0,0,1,0,0,0,0,0
837,435416,0,0,0,0,0,0,0,1,0,0,0,0,0
838,435937,0,0,0,0,0,0,0,1,0,0,0,0,0
839,436458,0,0,0,0,0,0,0,1,0,0,0,0,0
840,436979,0,0,0,0,0,0,0,1,0,0,0,0,0
841,437500,0,0,0,0,0,0,0,1,0,0,0,0,0
842,438020,0,0,0,0,0,0,0,1,0,0,0,0,0
843,438541,0,0,0,0,0,0,0,1,0,0,0,0,0
844,439062,0,0,0,0,0,0,0,1,0,0,0,0,0
845,439583,0,0,0,0,0,0,0,1,0,0,0,0,0
846,440104,0,0,0,0,0,0,0,1,0,0,0,0,0
847,440625,0,0,0,0,0,0,0,1,0,0,0,0,0
848,441145,0,0,0,0,0,0,0,1,0,0,0,0,0
849,441666,0,0,0,0,0,0,0,1,0,0,0,0,0
850,442187,0,0,0,0,0,0,0,1,0,0,0,0,0
851,442708,0,0,0,0,0,0,0,1,0,0,0,0,0
852,443229,0,0,0,0,0,0,0,1,0,0,0,0,0
853,443750,0,0,0,0,0,0,0,1,0,0,0,0,0
854,444270,0,0,0,0,0,0,0,1,0,0,0,0,0
855,444791,0,0,0,0,0,0,0,1,0,0,0,0,0
856,445312,0,0,0,0,0,0,0,1,0,0,0,0,0
857,445833,0,0,0,0,0,0,0,1,0,0,0,0,0
858,446354,0,0,0,0,0,0,0,1,0,0,0,0,0
859,446875,0,0,0,0,0,0,0,1,0,0,0,0,0
860,447395,0,0,0,0,0,0,0,1,0,0,0,0,0
861,447916,0,0,0,0,0,0,0,1,0,0,0,0,0
862,448437,0,0,0,0,0,0,0,1,0,0,0,0,0
863,448958,0,0,0,0,0,0,0,1,0,0,0,0,0
864,449479,0,0,0,0,0,0,0,1,0,0,0,0,0
865,450000,0,0,0,0,0,0,0,1,0,0,0,0,0
866,450520,0,0,0,0,0,0,0,1,0,0,0,0,0
867,451041,0,0,0,0,0,0,0,1,0,0,0,0,0
868,451562,0,0,0,0,0,0,0,1,0,0,0,0,0
869,452083,0,0,0,0,0,0,0,1,0,0,0,0,0
870,452604,0,0,0,0,0,0,0,1,0,0,0,0,0
871,453125,0,0,0,0,0,0,0,1,0,0,0,0,0
872,453645,0,0,0,0,0,0,0,1,0,0,0,0,0
873,454166,0,0,0,0,0,0,0,1,0,0,0,0,0
874,454687,0,0,0,0,0,0,0,1,0,0,0,0,0
875,455208,0,0,0,0,0,0,0,1,0,0,0,0,0
876,455729,0,0,0,0,0,0,0,1,0,0,0,0,0
877,456250,0,0,0,0,0,0,0,1,0,0,0,0,0
878,456770,0,0,0,0,0,0,0,1,0,0,0,0,0
879,457291,0,0,0,0,0,0,0,1,0,0,0,0,0
880,457812,0,0,0,0,0,0,0,1,0,0,0,0,0
881,458333,0,0,0,0,0,0,0,1,0,0,0,0,0
882,458854,0,0,0,0,0,0,0,1,0,0,0,0,0
883,459375,0,0,0,0,0,0,0,1,0,0,0,0,0
884,459895,0,0,0,0,0,0,0,1,0,0,0,0,0
885,460416,0,0,0,0,0,0,0,1,0,0,0,0,0
886,460937,0,0,0,0,0,0,0,1,0,0,0,0,0
887,461458,0,0,0,0,0,0,0,1,0,0,0,0,0
888,461979,0,0,0,0,0,0,0,1,0,0,0,0,0
889,462500,0,0,0,0,0,0,0,1,0,0,0,0,0
890,463020,0,0,0,0,0,0,0,1,0,0,0,0,0
891,463541,0,0,0,0,0,0,0,1,0,0,0,0,0
892,464062,0,0,0,0,0,0,0,1,0,0,0,0,0
893,464583,0,0,0,0,0,0,0,1,0,0,0,0,0
894,465104,0,0,0,0,0,0,0,1,0,0,0,0,0
895,465625,0,0,0,0,0,0,0,1,0,0,0,0,0
896,466145,0,0,0,0,0,0,0,1,0,0,0,0,0
897,466666,0,0,0,0,0,0,0,1,0,0,0,0,0
898,467187,0,0,0,0,0,0,0,1,0,0,0,0,0
899,467708,0,0,0,0,0,0,0,1,0,0,0,0,0
900,468229,0,0,0,0,0,0,0,1,0,0,0,0,0
901,468750,0,0,0,0,0,0,0,1,0,0,0,0,0
902,469270,0,0,0,0,0,0,0,1,0,0,0,0,0
903,469791,0,0,0,0,0,0,0,1,0,0,0,0,0
904,470312,0,0,0,0,0,0,0,1,0,0,0,0,0
905,470833,0,0,0,0,0,0,0,1,0,0,0,0,0
906,471354,0,0,0,0,0,0,0,1,0,0,0,0,0
907,471875,0,0,0,0,0,0,0,1,0,0,0,0,0
908,472395,0,0,0,0,0,0,0,1,0,0,0,0,0
909,472916,0,0,0,0,0,0,0,1,0,0,0,0,0
910,473437,0,0,0,0,0,0,0,1,0,0,0,0,0
911,473958,0,0,0,0,0,0,0,1,0,0,0,0,0
912,474479,0,0,0,0,0,0,0,1,0,0,0,0,0
913,475000,0,0,0,0,0,0,0,1,0,0,0,0,0
914,475520,0,0,0,0,0,0,0,1,0,0,0,0,0
915,476041,0,0,0,0,0,0,0,1,0,0,0,0,0
916,476562,0,0,0,0,0,0,0,1,0,0,0,0,0
917,477083,0,0,0,0,0,0,0,1,0,0,0,0,0
918,477604,0,0,0,0,0,0,0,1,0,0,0,0,0
919,478125,0,0,0,0,0,0,0,1,0,0,0,0,0
920,478645,0,0,0,0,0,0,0,1,0,0,0,0,0
921,479166,0,0,0,0,0,0,0,1,0,0,0,0,0
922,479687,0,0,0,0,0,0,0,1,0,0,0,0,0
923,480208,0,0,0,0,0,0,0,1,0,0,0,0,0
924,480729,0,0,0,0,0,0,0,1,0,0,0,0,0
925,481250,0,0,0,0,0,0,0,1,0,0,0,0,0
926,481770,0,0,0,0,0,0,0,1,0,0,0,0,0
927,482291,0,0,0,0,0,0,0,1,0,0,0,0,0
928,482812,0,0,0,0,0,0,0,1,0,0,0,0,0
929,483333,0,0,0,0,0,0,0,1,0,0,0,0,0
930,483854,0,0,0,0,0,0,0,1,0,0,0,0,0
931,484375,0,0,0,0,0,0,0,1,0,0,0,0,0
932,484895,0,0,0,0,0,0,0,1,0,0,0,0,0
933,485416,0,0,0,0,0,0,0,1,0,0,0,0,0
934,485937,0,0,0,0,0,0,0,1,0,0,0,0,0
935,486458,0,0,0,0,0,0,0,1,0,0,0,0,0
936,486979,0,0,0,0,0,0,0,1,0,0,0,0,0
937,487500,0,0,0,0,0,0,0,1,0,0,0,0,0
938,488020,0,0,0,0,0,0,0,1,0,0,0,0,0
939,488541,0,0,0,0,0,0,0,1,0,0,0,0,0
940,489062,0,0,0,0,0,0,0,1,0,0,0,0,0
941,489583,0,0,0,0,0,0,0,1,0,0,0,0,0
942,490104,0,0,0,0,0,0,0,1,0,0,0,0,0
943,490625,0,0,0,0,0,0,0,1,0,0,0,0,0
944,491145,0,0,0,0,0,0,0,1,0,0,0,0,0
945,491666,0,0,0,0,0,0,0,1,0,0,0,0,0
946,492187,0,0,0,0,0,0,0,1,0,0,0,0,0
947,492708,0,0,0,0,0,0,0,1,0,0,0,0,0
948,493229,0,0,0,0,0,0,0,1,0,0,0,0,0
949,493750,0,0,0,0,0,0,0,1,0,0,0,0,0
950,494270,0,0,0,0,0,0,0,1,0,0,0,0,0
951,494791,0,0,0,0,0,0,0,1,0,0,0,0,0
952,495312,0,0,0,0,0,0,0,1,0,0,0,0,0
953,495833,0,0,0,0,0,0,0,1,0,0,0,0,0
954,496354,0,0,0,0,0,0,0,1,0,0,0,0,0
955,496875,0,0,0,0,0,0,0,1,0,0,0,0,0
956,497395,0,0,0,0,0,0,0,1,0,0,0,0,0
957,497916,0,0,0,0,0,0,0,1,0,0,0,0,0
958,498437,0,0,0,0,0,0,0,1,0,0,0,0,0
959,498958,0,0,0,0,0,0,0,1,0,0,0,0,0
960,499479,0,0,0,0,0,0,0,1,0,0,0,0,0
961,500000,0,0,0,0,0,0,0,1,0,0,0,0,0
962,500520,0,0,0,0,0,0,0,1,0,0,0,0,0
963,501041,0,0,0,0,0,0,0,1,0,0,0,0,0
964,501562,0,0,0,0,0,0,0,1,0,0,0,0,0
965,502083,0,0,0,0,0,0,0,1,0,0,0,0,0
966,502604,0,0,0,0,0,0,0,1,0,0,0,0,0
967,503125,0,0,0,0,0,0,0,1,0,0,0,0,0
968,503645,0,0,0,0,0,0,0,1,0,0,0,0,0
969,504166,0,0,0,0,0,0,0,1,0,0,0,0,0
970,504687,0,0,0,0,0,0,0,1,0,0,0,0,0
971,505208,0,0,0,0,0,0,0,1,0,0,0,0,0
972,505729,0,0,0,0,0,0,0,1,0,0,0,0,0
973,506250,0,0,0,0,0,0,0,1,0,0,0,0,0
974,506770,0,0,0,0,0,0,0,1,0,0,0,0,0
975,507291,0,0,0,0,0,0,0,1,0,0,0,0,0
976,507812,0,0,0,0,0,0,0,1,0,0,0,0,0
977,508333,0,0,0,0,0,0,0,1,0,0,0,0,0
978,508854,0,0,0,0,0,0,0,1,0,0,0,0,0
979,509375,0,0,0,0,0,0,0,1,0,0,0,0,0
980,509895,0,0,0,0,0,0,0,1,0,0,0,0,0
981,510416,0,0,0,0,0,0,0,1,0,0,0,0,0
982,510937,0,0,0,0,0,0,0,1,0,0,0,0,0
983,511458,0,0,0,0,0,0,0,1,0,0,0,0,0
984,511979,0,0,0,0,0,0,0,1,0,0,0,0,0
985,512499,0,0,0,0,0,0,0,1,0,0,0,0,0
986,513020,0,0,0,0,0,0,0,1,0,0,0,0,0
987,513541,0,0,0,0,0,0,0,1,0,0,0,0,0
988,514062,0,0,0,0,0,0,0,1,0,0,0,0,0
989,514583,0,0,0,0,0,0,0,1,0,0,0,0,0
990,515104,0,0,0,0,0,0,0,1,0,0,0,0,0
991,515625,0,0,0,0,0,0,0,1,0,0,0,0,0
992,516145,0,0,0,0,0,0,0,1,0,0,0,0,0
993,516666,0,0,0,0,0,0,0,1,0,0,0,0,0
994,517187,0,0,0,0,0,0,0,1,0,0,0,0,0
995,517708,0,0,0,0,0,0,0,1,0,0,0,0,0
996,518229,0,0,0,0,0,0,0,1,0,0,0,0,0
997,518750,0,0,0,0,0,0,0,1,0,0,0,0,0
998,519270,0,0,0,0,0,0,0,1,0,0,0,0,0
999,519791,0,0,0,0,0,0,0,1,0,0,0,0,0
1000,520312,0,0,0,0,0,0,0,1,0,0,0,0,0
1001,520833,0,0,0,0,0,0,0,1,0,0,0,0,0
1002,521354,0,0,0,0,0,0,0,1,0,0,0,0,0
1003,521875,0,0,0,0,0,0,0,1,0,0,0,0,0
1004,522395,0,0,0,0,0,0,0,1,0,0,0,0,0
1005,522916,0,0,0,0,0,0,0,1,0,0,0,0,0
1006,523437,0,0,0,0,0,0,0,1,0,0,0,0,0
1007,523958,0,0,0,0,0,0,0,1,0,0,0,0,0
1008,524479,0,0,0,0,0,0,0,1,0,0,0,0,0
1009,525000,0,0,0,0,0,0,0,1,0,0,0,0,0
1010,525520,0,0,0,0,0,0,0,1,0,0,0,0,0
1011,526041,0,0,0,0,0,0,0,1,0,0,0,0,0
1012,526562,0,0,0,0,0,0,0,1,0,0,0,0,0
1013,527083,0,0,0,0,0,0,0,1,0,0,0,0,0
1014,527604,0,0,0,0,0,0,0,1,0,0,0,0,0
1015,528125,0,0,0,0,0,0,0,1,0,0,0,0,0
1016,528645,0,0,0,0,0,0,0,1,0,0,0,0,0
1017,529166,0,0,0,0,0,0,0,1,0,0,0,0,0
1018,529687,0,0,0,0,0,0,0,1,0,0,0,0,0
1019,530208,0,0,0,0,0,0,0,1,0,0,0,0,0
1020,530729,0,0,0,0,0,0,0,1,0,0,0,0,0
1021,531250,0,0,0,0,0,0,0,1,0,0,0,0,0
1022,531770,0,0,0,0,0,0,0,1,0,0,0,0,0
1023,532291,0,0,0,0,0,0,0,1,0,0,0,0,0
1024,532812,0,0,0,0,0,0,0,1,0,0,0,0,0
1025,533333,0,0,0,0,0,0,0,1,0,0,0,0,0
1026,533854,0,0,0,0,0,0,0,1,0,0,0,0,0
1027,534375,0,0,0,0,0,0,0,1,0,0,0,0,0
1028,534895,0,0,0,0,0,0,0,1,0,0,0,0,0
1029,535416,0,0,0,0,0,0,0,1,0,0,0,0,0
1030,535937,0,0,0,0,0,0,0,1,0,0,0,0,0
1031,536458,0,0,0,0,0,0,0,1,0,0,0,0,0
1032,536979,0,0,0,0,0,0,0,1,0,0,0,0,0
1033,537500,0,0,0,0,0,0,0,1,0,0,0,0,0
1034,538020,0,0,0,0,0,0,0,1,0,0,0,0,0
1035,538541,0,0,0,0,0,0,0,1,0,0,0,0,0
1036,539062,0,0,0,0,0,0,0,1,0,0,0,0,0
1037,539583,0,0,0,0,0,0,0,1,0,0,0,0,0
1038,540104,0,0,0,0,0,0,0,1,0,0,0,0,0
1039,540625,0,0,0,0,0,0,0,1,0,0,0,0,0
1040,541145,0,0,0,0,0,0,0,1,0,0,0,0,0
1041,541666,0,0,0,0,0,0,0,1,0,0,0,0,0
1042,542187,0,0,0,0,0,0,0,1,0,0,0,0,0
1043,542708,0,0,0,0,0,0,0,1,0,0,0,0,0
1044,543229,0,0,0,0,0,0,0,1,0,0,0,0,0
1045,543750,0,0,0,0,0,0,0,1,0,0,0,0,0
1046,544270,0,0,0,0,0,0,0,1,0,0,0,0,0
1047,544791,0,0,0,0,0,0,0,1,0,0,0,0,0
1048,545312,0,0,0,0,0,0,0,1,0,0,0,0,0
1049,545833,0,0,0,0,0,0,0,1,0,0,0,0,0
1050,546354,0,0,0,0,0,0,0,1,0,0,0,0,0
1051,546875,0,0,0,0,0,0,0,1,0,0,0,0,0
1052,547395,0,0,0,0,0,0,0,1,0,0,0,0,0
1053,547916,0,0,0,0,0,0,0,1,0,0,0,0,0
1054,548437,0,0,0,0,0,0,0,1,0,0,0,0,0
1055,548958,0,0,0,0,0,0,0,1,0,0,0,0,0
1056,549479,0,0,0,0,0,0,0,1,0,0,0,0,0
1057,550000,0,0,0,0,0,0,0,1,0,0,0,0,0
1058,550520,0,0,0,0,0,0,0,1,0,0,0,0,0
1059,551041,0,0,0,0,0,0,0,1,0,0,0,0,0
1060,551562,0,0,0,0,0,0,0,1,0,0,0,0,0
1061,552083,0,0,0,0,0,0,0,1,0,0,0,0,0
1062,552604,0,0,0,0,0,0,0,1,0,0,0,0,0
1063,553125,0,0,0,0,0,0,0,1,0,0,0,0,0
1064,553645,0,0,0,0,0,0,0,1,0,0,0,0,0
1065,554166,0,0,0,0,0,0,0,1,0,0,0,0,0
1066,554687,0,0,0,0,0,0,0,1,0,0,0,0,0
1067,555208,0,0,0,0,0,0,0,1,0,0,0,0,0
1068,555729,0,0,0,0,0,0,0,1,0,0,0,0,0
1069,556250,0,0,0,0,0,0,0,1,0,0,0,0,0
1070,556770,0,0,0,0,0,0,0,1,0,0,0,0,0
1071,557291,0,0,0,0,0,0,0,1,0,0,0,0,0
1072,557812,0,0,0,0,0,0,0,1,0,0,0,0,0
1073,558333,0,0,0,0,0,0,0,1,0,0,0,0,0
1074,558854,0,0,0,0,0,0,0,1,0,0,0,0,0
1075,559375,0,0,0,0,0,0,0,1,0,0,0,0,0
1076,559895,0,0,0,0,0,0,0,1,0,0,0,0,0
1077,560416,0,0,0,0,0,0,0,1,0,0,0,0,0
1078,560937,0,0,0,0,0,0,0,1,0,0,0,0,0
1079,561458,0,0,0,0,0,0,0,1,0,0,0,0,0
1080,561979,0,0,0,0,0,0,0,1,0,0,0,0,0
1081,562500,0,0,0,0,0,0,0,1,0,0,0,0,0
1082,563020,0,0,0,0,0,0,0,1,0,0,0,0,0
1083,563541,0,0,0,0,0,0,0,1,0,0,0,0,0
1084,564062,0,0,0,0,0,0,0,1,0,0,0,0,0
1085,564583,0,0,0,0,0,0,0,1,0,0,0,0,0
1086,565104,0,0,0,0,0,0,0,1,0,0,0,0,0
1087,565625,0,0,0,0,0,0,0,1,0,0,0,0,0
1088,566145,0,0,0,0,0,0,0,1,0,0,0,0,0
1089,566666,0,0,0,0,0,0,0,1,0,0,0,0,0
1090,567187,0,0,0,0,0,0,0,1,0,0,0,0,0
1091,567708,0,0,0,0,0,0,0,1,0,0,0,0,0
1092,568229,0,0,0,0,0,0,0,1,0,0,0,0,0
1093,568750,0,0,0,0,0,0,0,1,0,0,0,0,0
1094,569270,0,0,0,0,0,0,0,1,0,0,0,0,0
1095,569791,0,0,0,0,0,0,0,1,0,0,0,0,0
1096,570312,0,0,0,0,0,0,0,1,0,0,0,0,0
1097,570833,0,0,0,0,0,0,0,1,0,0,0,0,0
1098,571354,0,0,0,0,0,0,0,1,0,0,0,0,0
1099,571875,0,0,0,0,0,0,0,1,0,0,0,0,0
1100,572395,0,0,0,0,0,0,0,1,0,0,0,0,0
1101,572916,0,0,0,0,0,0,0,1,0,0,0,0,0
1102,573437,0,0,0,0,0,0,0,1,0,0,0,0,0
1103,573958,0,0,0,0,0,0,0,1,0,0,0,0,0
1104,574479,0,0,0,0,0,0,0,1,0,0,0,0,0
1105,575000,0,0,0,0,0,0,0,1,0,0,0,0,0
1106,575520,0,0,0,0,0,0,0,1,0,0,0,0,0
1107,576041,0,0,0,0,0,0,0,1,0,0,0,0,0
1108,576562,0,0,0,0,0,0,0,1,0,0,0,0,0
1109,577083,0,0,0,0,0,0,0,1,0,0,0,0,0
1110,577604,0,0,0,0,0,0,0,1,0,0,0,0,0
1111,578125,0,0,0,0,0,0,0,1,0,0,0,0,0
1112,578645,0,0,0,0,0,0,0,1,0,0,0,0,0
1113,579166,0,0,0,0,0,0,0,1,0,0,0,0,0
1114,579687,0,0,0,0,0,0,0,1,0,0,0,0,0
1115,580208,0,0,0,0,0,0,0,1,0,0,0,0,0
1116,580729,0,0,0,0,0,0,0,1,0,0,0,0,0
1117,581250,0,0,0,0,0,0,0,1,0,0,0,0,0
1118,581770,0,0,0,0,0,0,0,1,0,0,0,0,0
1119,582291,0,0,0,0,0,0,0,1,0,0,0,0,0
1120,582812,0,0,0,0,0,0,0,1,0,0,0,0,0
1121,583333,0,0,0,0,0,0,0,1,0,0,0,0,0
1122,583854,0,0,0,0,0,0,0,1,0,0,0,0,0
1123,584375,0,0,0,0,0,0,0,1,0,0,0,0,0
1124,584895,0,0,0,0,0,0,0,1,0,0,0,0,0
1125,585416,0,0,0,0,0,0,0,1,0,0,0,0,0
1126,585937,0,0,0,0,0,0,0,1,0,0,0,0,0
1127,586458,0,0,0,0,0,0,0,1,0,0,0,0,0
1128,586979,0,0,0,0,0,0,0,1,0,0,0,0,0
1129,587500,0,0,0,0,0,0,0,1,0,0,0,0,0
1130,588020,0,0,0,0,0,0,0,1,0,0,0,0,0
1131,588541,0,0,0,0,0,0,0,1,0,0,0,0,0
1132,589062,0,0,0,0,0,0,0,1,0,0,0,0,0
1133,589583,0,0,0,0,0,0,0,1,0,0,0,0,0
1134,590104,0,0,0,0,0,0,0,1,0,0,0,0,0
1135,590625,0,0,0,0,0,0,0,1,0,0,0,0,0
1136,591145,0,0,0,0,0,0,0,1,0,0,0,0,0
1137,591666,0,0,0,0,0,0,0,1,0,0,0,0,0
1138,592187,0,0,0,0,0,0,0,1,0,0,0,0,0
1139,592708,0,0,0,0,0,0,0,1,0,0,0,0,0
1140,593229,0,0,0,0,0,0,0,1,0,0,0,0,0
1141,593750,0,0,0,0,0,0,0,1,0,0,0,0,0
1142,594270,0,0,0,0,0,0,0,1,0,0,0,0,0
1143,594791,0,0,0,0,0,0,0,1,0,0,0,0,0
1144,595312,0,0,0,0,0,0,0,1,0,0,0,0,0
1145,595833,0,0,0,0,0,0,0,1,0,0,0,0,0
1146,596354,0,0,0,0,0,0,0,1,0,0,0,0,0
1147,596875,0,0,0,0,0,0,0,1,0,0,0,0,0
1148,597395,0,0,0,0,0,0,0,1,0,0,0,0,0
1149,597916,0,0,0,0,0,0,0,1,0,0,0,0,0
1150,598437,0,0,0,0,0,0,0,1,0,0,0,0,0
1151,598958,0,0,0,0,0,0,0,1,0,0,0,0,0
1152,599479,0,0,0,0,0,0,0,1,0,0,0,0,0
1153,600000,0,0,0,0,0,0,0,1,0,0,0,0,0
1154,600520,0,0,0,0,0,0,0,1,0,0,0,0,0
1155,601041,0,0,0,0,0,0,0,1,0,0,0,0,0
1156,601562,0,0,0,0,0,0,0,1,0,0,0,0,0
1157,602083,0,0,0,0,0,0,0,1,0,0,0,0,0
1158,602604,0,0,0,0,0,0,0,1,0,0,0,0,0
1159,603125,0,0,0,0,0,0,0,1,0,0,0,0,0
1160,603645,0,0,0,0,0,0,0,1,0,0,0,0,0
1161,604166,0,0,0,0,0,0,0,1,0,0,0,0,0
1162,604687,0,0,0,0,0,0,0,1,0,0,0,0,0
1163,605208,0,0,0,0,0,0,0,1,0,0,0,0,0
1164,605729,0,0,0,0,0,0,0,1,0,0,0,0,0
1165,606250,0,0,0,0,0,0,0,1,0,0,0,0,0
1166,606770,0,0,0,0,0,0,0,1,0,0,0,0,0
1167,607291,0,0,0,0,0,0,0,1,0,0,0,0,0
1168,607812,0,0,0,0,0,0,0,1,0,0,0,0,0
1169,608333,0,0,0,0,0,0,0,1,0,0,0,0,0
1170,608854,0,0,0,0,0,0,0,1,0,0,0,0,0
1171,609375,0,0,0,0,0,0,0,1,0,0,0,0,0
1172,609895,0,0,0,0,0,0,0,1,0,0,0,0,0
1173,610416,0,0,0,0,0,0,0,1,0,0,0,0,0
1174,610937,0,0,0,0,0,0,0,1,0,0,0,0,0
1175,611458,0,0,0,0,0,0,0,1,0,0,0,0,0
1176,611979,0,0,0,0,0,0,0,1,0,0,0,0,0
1177,612500,0,0,0,0,0,0,0,1,0,0,0,0,0
1178,613020,0,0,0,0,0,0,0,1,0,0,0,0,0
1179,613541,0,0,0,0,0,0,0,1,0,0,0,0,0
1180,614062,0,0,0,0,0,0,0,1,0,0,0,0,0
1181,614583,0,0,0,0,0,0,0,1,0,0,0,0,0
1182,615104,0,0,0,0,0,0,0,1,0,0,0,0,0
1183,615625,0,0,0,0,0,0,0,1,0,0,0,0,0
1184,616145,0,0,0,0,0,0,0,1,0,0,0,0,0
1185,616666,0,0,0,0,0,0,0,1,0,0,0,0,0
1186,617187,0,0,0,0,0,0,0,1,0,0,0,0,0
1187,617708,0,0,0,0,0,0,0,1,0,0,0,0,0
1188,618229,0,0,0,0,0,0,0,1,0,0,0,0,0
1189,618750,0,0,0,0,0,0,0,1,0,0,0,0,0
1190,619270,0,0,0,0,0,0,0,1,0,0,0,0,0
1191,619791,0,0,0,0,0,0,0,1,0,0,0,0,0
1192,620312,0,0,0,0,0,0,0,1,0,0,0,0,0
1193,620833,0,0,0,0,0,0,0,1,0,0,0,0,0
1194,621354,0,0,0,0,0,0,0,1,0,0,0,0,0
1195,621875,0,0,0,0,0,0,0,1,0,0,0,0,0
1196,622395,0,0,0,0,0,0,0,1,0,0,0,0,0
1197,622916,0,0,0,0,0,0,0,1,0,0,0,0,0
1198,623437,0,0,0,0,0,0,0,1,0,0,0,0,0
1199,623958,0,0,0,0,0,0,0,1,0,0,0,0,0
1200,624479,0,0,0,0,0,0,0,1,0,0,0,0,0
1201,625000,0,0,0,0,0,0,0,1,0,0,0,0,0
1202,625520,0,0,0,0,0,0,0,1,0,0,0,0,0
1203,626041,0,0,0,0,0,0,0,1,0,0,0,0,0
1204,626562,0,0,0,0,0,0,0,1,0,0,0,0,0
1205,627083,0,0,0,0,0,0,0,1,0,0,0,0,0
1206,627604,0,0,0,0,0,0,0,1,0,0,0,0,0
1207,628125,0,0,0,0,0,0,0,1,0,0,0,0,0
1208,628645,0,0,0,0,0,0,0,1,0,0,0,0,0
1209,629166,0,0,0,0,0,0,0,1,0,0,0,0,0
1210,629687,0,0,0,0,0,0,0,1,0,0,0,0,0
1211,630208,0,0,0,0,0,0,0,1,0,0,0,0,0
1212,630729,0,0,0,0,0,0,0,1,0,0,0,0,0
1213,631250,0,0,0,0,0,0,0,1,0,0,0,0,0
1214,631770,0,0,0,0,0,0,0,1,0,0,0,0,0
1215,632291,0,0,0,0,0,0,0,1,0,0,0,0,0
1216,632812,0,0,0,0,0,0,0,1,0,0,0,0,0
1217,633333,0,0,0,0,0,0,0,1,0,0,0,0,0
1218,633854,0,0,0,0,0,0,0,1,0,0,0,0,0
1219,634375,0,0,0,0,0,0,0,1,0,0,0,0,0
1220,634895,0,0,0,0,0,0,0,1,0,0,0,0,0
1221,635416,0,0,0,0,0,0,0,1,0,0,0,0,0
1222,635937,0,0,0,0,0,0,0,1,0,0,0,0,0
1223,636458,0,0,0,0,0,0,0,1,0,0,0,0,0
1224,636979,0,0,0,0,0,0,0,1,0,0,0,0,0
1225,637500,0,0,0,0,0,0,0,1,0,0,0,0,0
1226,638020,0,0,0,0,0,0,0,1,0,0,0,0,0
1227,638541,0,0,0,0,0,0,0,1,0,0,0,0,0
1228,639062,0,0,0,0,0,0,0,1,0,0,0,0,0
1229,639583,0,0,0,0,0,0,0,1,0,0,0,0,0
1230,640104,0,0,0,0,0,0,0,1,0,0,0,0,0
1231,640625,0,0,0,0,0,0,0,1,0,0,0,0,0
1232,641145,0,0,0,0,0,0,0,1,0,0,0,0,0
1233,641666,0,0,0,0,0,0,0,1,0,0,0,0,0
1234,642187,0,0,0,0,0,0,0,1,0,0,0,0,0
1235,642708,0,0,0,0,0,0,0,1,0,0,0,0,0
1236,643229,0,0,0,0,0,0,0,1,0,0,0,0,0
1237,643750,0,0,0,0,0,0,0,1,0,0,0,0,0
1238,644270,0,0,0,0,0,0,0,1,0,0,0,0,0
1239,644791,0,0,0,0,0,0,0,1,0,0,0,0,0
1240,645312,0,0,0,0,0,0,0,1,0,0,0,0,0
1241,645833,0,0,0,0,0,0,0,1,0,0,0,0,0
1242,646354,0,0,0,0,0,0,0,1,0,0,0,0,0
1243,646875,0,0,0,0,0,0,0,1,0,0,0,0,0
1244,647395,0,0,0,0,0,0,0,1,0,0,0,0,0
1245,647916,0,0,0,0,0,0,0,1,0,0,0,0,0
1246,648437,0,0,0,0,0,0,0,1,0,0,0,0,0
1247,648958,0,0,0,0,0,0,0,1,0,0,0,0,0
1248,649479,0,0,0,0,0,0,0,1,0,0,0,0,0
1249,650000,0,0,0,0,0,0,0,1,0,0,0,0,0
1250,650520,0,0,0,0,0,0,0,1,0,0,0,0,0
1251,651041,0,0,0,0,0,0,0,1,0,0,0,0,0
1252,651562,0,0,0,0,0,0,0,1,0,0,0,0,0
1253,652083,0,0,0,0,0,0,0,1,0,0,0,0,0
1254,652604,0,0,0,0,0,0,0,1,0,0,0,0,0
1255,653125,0,0,0,0,0,0,0,1,0,0,0,0,0
1256,653645,0,0,0,0,0,0,0,1,0,0,0,0,0
1257,654166,0,0,0,0,0,0,0,1,0,0,0,0,0
1258,654687,0,0,0,0,0,0,0,1,0,0,0,0,0
1259,655208,0,0,0,0,0,0,0,1,0,0,0,0,0
1260,655729,0,0,0,0,0,0,0,1,0,0,0,0,0
1261,656250,0,0,0,0,0,0,0,1,0,0,0,0,0
1262,656770,0,0,0,0,0,0,0,1,0,0,0,0,0
1263,657291,0,0,0,0,0,0,0,1,0,0,0,0,0
1264,657812,0,0,0,0,0,0,0,1,0,0,0,0,0
1265,658333,0,0,0,0,0,0,0,1,0,0,0,0,0
1266,658854,0,0,0,0,0,0,0,1,0,0,0,0,0
1267,659375,0,0,0,0,0,0,0,1,0,0,0,0,0
1268,659895,0,0,0,0,0,0,0,1,0,0,0,0,0
1269,660416,0,0,0,0,0,0,0,1,0,0,0,0,0
1270,660937,0,0,0,0,0,0,0,1,0,0,0,0,0
1271,661458,0,0,0,0,0,0,0,1,0,0,0,0,0
1272,661979,0,0,0,0,0,0,0,1,0,0,0,0,0
1273,662500,0,0,0,0,0,0,0,1,0,0,0,0,0
1274,663020,0,0,0,0,0,0,0,1,0,0,0,0,0
1275,663541,0,0,0,0,0,0,0,1,0,0,0,0,0
1276,664062,0,0,0,0,0,0,0,1,0,0,0,0,0
1277,664583,0,0,0,0,0,0,0,1,0,0,0,0,0
1278,665104,0,0,0,0,0,0,0,1,0,0,0,0,0
1279,665625,0,0,0,0,0,0,0,1,0,0,0,0,0
1280,666145,0,0,0,0,0,0,0,1,0,0,0,0,0
1281,666666,0,0,0,0,0,0,0,1,0,0,0,0,0
1282,667187,0,0,0,0,0,0,0,1,0,0,0,0,0
1283,667708,0,0,0,0,0,0,0,1,0,0,0,0,0
1284,668229,0,0,0,0,0,0,0,1,0,0,0,0,0
1285,668750,0,0,0,0,0,0,0,1,0,0,0,0,0
1286,669270,0,0,0,0,0,0,0,1,0,0,0,0,0
1287,669791,0,0,0,0,0,0,0,1,0,0,0,0,0
1288,670312,0,0,0,0,0,0,0,1,0,0,0,0,0
1289,670833,0,0,0,0,0,0,0,1,0,0,0,0,0
1290,671354,0,0,0,0,0,0,0,1,0,0,0,0,0
1291,671875,0,0,0,0,0,0,0,1,0,0,0,0,0
1292,672395,0,0,0,0,0,0,0,1,0,0,0,0,0
1293,672916,0,0,0,0,0,0,0,1,0,0,0,0,0
1294,673437,0,0,0,0,0,0,0,1,0,0,0,0,0
1295,673958,0,0,0,0,0,0,0,1,0,0,0,0,0
1296,674479,0,0,0,0,0,0,0,1,0,0,0,0,0
1297,675000,0,0,0,0,0,0,0,1,0,0,0,0,0
1298,675520,0,0,0,0,0,0,0,1,0,0,0,0,0
1299,676041,0,0,0,0,0,0,0,1,0,0,0,0,0
1300,676562,0,0,0,0,0,0,0,1,0,0,0,0,0
1301,677083,0,0,0,0,0,0,0,1,0,0,0,0,0
1302,677604,0,0,0,0,0,0,0,1,0,0,0,0,0
1303,678125,0,0,0,0,0,0,0,1,0,0,0,0,0
1304,678645,0,0,0,0,0,0,0,1,0,0,0,0,0
1305,679166,0,0,0,0,0,0,0,1,0,0,0,0,0
1306,679687,0,0,0,0,0,0,0,1,0,0,0,0,0
1307,680208,0,0,0,0,0,0,0,1,0,0,0,0,0
1308,680729,0,0,0,0,0,0,0,1,0,0,0,0,0
1309,681250,0,0,0,0,0,0,0,1,0,0,0,0,0
1310,681770,0,0,0,0,0,0,0,1,0,0,0,0,0
1311,682291,0,0,0,0,0,0,0,1,0,0,0,0,0
1312,682812,0,0,0,0,0,0,0,1,0,0,0,0,0
1313,683333,0,0,0,0,0,0,0,1,0,0,0,0,0
1314,683854,0,0,0,0,0,0,0,1,0,0,0,0,0
1315,684375,0,0,0,0,0,0,0,1,0,0,0,0,0
1316,684895,0,0,0,0,0,0,0,1,0,0,0,0,0
1317,685416,0,0,0,0,0,0,0,1,0,0,0,0,0
1318,685937,0,0,0,0,0,0,0,1,0,0,0,0,0
1319,686458,0,0,0,0,0,0,0,1,0,0,0,0,0
1320,686979,0,0,0,0,0,0,0,1,0,0,0,0,0
1321,687500,0,0,0,0,0,0,0,1,0,0,0,0,0
1322,688020,0,0,0,0,0,0,0,1,0,0,0,0,0
1323,688541,0,0,0,0,0,0,0,1,0,0,0,0,0
1324,689062,0,0,0,0,0,0,0,1,0,0,0,0,0
1325,689583,0,0,0,0,0,0,0,1,0,0,0,0,0
1326,690104,0,0,0,0,0,0,0,1,0,0,0,0,0
1327,690625,0,0,0,0,0,0,0,1,0,0,0,0,0
1328,691145,0,0,0,0,0,0,0,1,0,0,0,0,0
1329,691666,0,0,0,0,0,0,0,1,0,0,0,0,0
1330,692187,0,0,0,0,0,0,0,1,0,0,0,0,0
1331,692708,0,0,0,0,0,0,0,1,0,0,0,0,0
1332,693229,0,0,0,0,0,0,0,1,0,0,0,0,0
1333,693750,0,0,0,0,0,0,0,1,0,0,0,0,0
1334,694270,0,0,0,0,0,0,0,1,0,0,0,0,0
1335,694791,0,0,0,0,0,0,0,1,0,0,0,0,0
1336,695312,0,0,0,0,0,0,0,1,0,0,0,0,0
1337,695833,0,0,0,0,0,0,0,1,0,0,0,0,0
1338,696354,0,0,0,0,0,0,0,1,0,0,0,0,0
1339,696875,0,0,0,0,0,0,0,1,0,0,0,0,0
1340,697395,0,0,0,0,0,0,0,1,0,0,0,0,0
1341,697916,0,0,0,0,0,0,0,1,0,0,0,0,0
1342,698437,0,0,0,0,0,0,0,1,0,0,0,0,0
1343,698958,0,0,0,0,0,0,0,1,0,0,0,0,0
1344,699479,0,0,0,0,0,0,0,1,0,0,0,0,0
1345,700000,0,0,0,0,0,0,0,1,0,0,0,0,0
1346,700520,0,0,0,0,0,0,0,1,0,0,0,0,0
1347,701041,0,0,0,0,0,0,0,1,0,0,0,0,0
1348,701562,0,0,0,0,0,0,0,1,0,0,0,0,0
1349,702083,0,0,0,0,0,0,0,1,0,0,0,0,0
1350,702604,0,0,0,0,0,0,0,1,0,0,0,0,0
1351,703125,0,0,0,0,0,0,0,1,0,0,0,0,0
1352,703645,0,0,0,0,0,0,0,1,0,0,0,0,0
1353,704166,0,0,0,0,0,0,0,1,0,0,0,0,0
1354,704687,0,0,0,0,0,0,0,1,0,0,0,0,0
1355,705208,0,0,0,0,0,0,0,1,0,0,0,0,0
1356,705729,0,0,0,0,0,0,0,1,0,0,0,0,0
1357,706250,0,0,0,0,0,0,0,1,0,0,0,0,0
1358,706770,0,0,0,0,0,0,0,1,0,0,0,0,0
1359,707291,0,0,0,0,0,0,0,1,0,0,0,0,0
1360,707812,0,0,0,0,0,0,0,1,0,0,0,0,0
1361,708333,0,0,0,0,0,0,0,1,0,0,0,0,0
1362,708854,0,0,0,0,0,0,0,1,0,0,0,0,0
1363,709375,0,0,0,0,0,0,0,1,0,0,0,0,0
1364,709895,0,0,0,0,0,0,0,1,0,0,0,0,0
1365,710416,0,0,0,0,0,0,0,1,0,0,0,0,0
1366,710937,0,0,0,0,0,0,0,1,0,0,0,0,0
1367,711458,0,0,0,0,0,0,0,1,0,0,0,0,0
1368,711979,0,0,0,0,0,0,0,1,0,0,0,0,0
1369,712500,0,0,0,0,0,0,0,1,0,0,0,0,0
1370,713020,0,0,0,0,0,0,0,1,0,0,0,0,0
1371,713541,0,0,0,0,0,0,0,1,0,0,0,0,0
1372,714062,0,0,0,0,0,0,0,1,0,0,0,0,0
1373,714583,0,0,0,0,0,0,0,1,0,0,0,0,0
1374,715104,0,0,0,0,0,0,0,1,0,0,0,0,0
1375,715625,0,0,0,0,0,0,0,1,0,0,0,0,0
1376,716145,0,0,0,0,0,0,0,1,0,0,0,0,0
1377,716666,0,0,0,0,0,0,0,1,0,0,0,0,0
1378,717187,0,0,0,0,0,0,0,1,0,0,0,0,0
1379,717708,0,0,0,0,0,0,0,1,0,0,0,0,0
1380,718229,0,0,0,0,0,0,0,1,0,0,0,0,0
1381,718750,0,0,0,0,0,0,0,1,0,0,0,0,0
1382,719270,0,0,0,0,0,0,0,1,0,0,0,0,0
1383,719791,0,0,0,0,0,0,0,1,0,0,0,0,0
1384,720312,0,0,0,0,0,0,0,1,0,0,0,0,0
1385,720833,0,0,0,0,0,0,0,1,0,0,0,0,0
1386,721354,0,0,0,0,0,0,0,1,0,0,0,0,0
1387,721875,0,0,0,0,0,0,0,1,0,0,0,0,0
1388,722395,0,0,0,0,0,0,0,1,0,0,0,0,0
1389,722916,0,0,0,0,0,0,0,1,0,0,0,0,0
1390,723437,0,0,0,0,0,0,0,1,0,0,0,0,0
1391,723958,0,0,0,0,0,0,0,1,0,0,0,0,0
1392,724479,0,0,0,0,0,0,0,1,0,0,0,0,0
1393,725000,0,0,0,0,0,0,0,1,0,0,0,0,0
1394,725520,0,0,0,0,0,0,0,1,0,0,0,0,0
1395,726041,0,0,0,0,0,0,0,1,0,0,0,0,0
1396,726562,0,0,0,0,0,0,0,1,0,0,0,0,0
1397,727083,0,0,0,0,0,0,0,1,0,0,0,0,0
1398,727604,0,0,0,0,0,0,0,1,0,0,0,0,0
1399,728125,0,0,0,0,0,0,0,1,0,0,0,0,0
1400,728645,0,0,0,0,0,0,0,1,0,0,0,0,0
1401,729166,0,0,0,0,0,0,0,1,0,0,0,0,0
1402,729687,0,0,0,0,0,0,0,1,0,0,0,0,0
1403,730208,0,0,0,0,0,0,0,1,0,0,0,0,0
1404,730729,0,0,0,0,0,0,0,1,0,0,0,0,0
1405,731250,0,0,0,0,0,0,0,1,0,0,0,0,0
1406,731770,0,0,0,0,0,0,0,1,0,0,0,0,0
1407,732291,0,0,0,0,0,0,0,1,0,0,0,0,0
1408,732812,0,0,0,0,0,0,0,1,0,0,0,0,0
1409,733333,0,0,0,0,0,0,0,1,0,0,0,0,0
1410,733854,0,0,0,0,0,0,0,1,0,0,0,0,0
1411,734375,0,0,0,0,0,0,0,1,0,0,0,0,0
1412,734895,0,0,0,0,0,0,0,1,0,0,0,0,0
1413,735416,0,0,0,0,0,0,0,1,0,0,0,0,0
1414,735937,0,0,0,0,0,0,0,1,0,0,0,0,0
1415,736458,0,0,0,0,0,0,0,1,0,0,0,0,0
1416,736979,0,0,0,0,0,0,0,1,0,0,0,0,0
1417,737500,0,0,0,0,0,0,0,1,0,0,0,0,0
1418,738020,0,0,0,0,0,0,0,1,0,0,0,0,0
1419,738541,0,0,0,0,0,0,0,1,0,0,0,0,0
1420,739062,0,0,0,0,0,0,0,1,0,0,0,0,0
1421,739583,0,0,0,0,0,0,0,1,0,0,0,0,0
1422,740104,0,0,0,0,0,0,0,1,0,0,0,0,0
1423,740625,0,0,0,0,0,0,0,1,0,0,0,0,0
1424,741145,0,0,0,0,0,0,0,1,0,0,0,0,0
1425,741666,0,0,0,0,0,0,0,1,0,0,0,0,0
1426,742187,0,0,0,0,0,0,0,1,0,0,0,0,0
1427,742708,0,0,0,0,0,0,0,1,0,0,0,0,0
1428,743229,0,0,0,0,0,0,0,1,0,0,0,0,0
1429,743750,0,0,0,0,0,0,0,1,0,0,0,0,0
1430,744270,0,0,0,0,0,0,0,1,0,0,0,0,0
1431,744791,0,0,0,0,0,0,0,1,0,0,0,0,0
1432,745312,0,0,0,0,0,0,0,1,0,0,0,0,0
1433,745833,0,0,0,0,0,0,0,1,0,0,0,0,0
1434,746354,0,0,0,0,0,0,0,1,0,0,0,0,0
1435,746875,0,0,0,0,0,0,0,1,0,0,0,0,0
1436,747395,0,0,0,0,0,0,0,1,0,0,0,0,0
1437,747916,0,0,0,0,0,0,0,1,0,0,0,0,0
1438,748437,0,0,0,0,0,0,0,1,0,0,0,0,0
1439,748958,0,0,0,0,0,0,0,1,0,0,0,0,0
1440,749479,0,0,0,0,0,0,0,1,0,0,0,0,0
1441,750000,0,0,0,0,0,0,0,1,0,0,0,0,0
1442,750520,0,0,0,0,0,0,0,1,0,0,0,0,0
1443,751041,0,0,0,0,0,0,0,1,0,0,0,0,0
1444,751562,0,0,0,0,0,0,0,1,0,0,0,0,0
1445,752083,0,0,0,0,0,0,0,1,0,0,0,0,0
1446,752604,0,0,0,0,0,0,0,1,0,0,0,0,0
1447,753125,0,0,0,0,0,0,0,1,0,0,0,0,0
1448,753645,0,0,0,0,0,0,0,1,0,0,0,0,0
1449,754166,0,0,0,0,0,0,0,1,0,0,0,0,0
1450,754687,0,0,0,0,0,0,0,1,0,0,0,0,0
1451,755208,0,0,0,0,0,0,0,1,0,0,0,0,0
1452,755729,0,0,0,0,0,0,0,1,0,0,0,0,0
1453,756250,0,0,0,0,0,0,0,1,0,0,0,0,0
1454,756770,0,0,0,0,0,0,0,1,0,0,0,0,0
1455,757291,0,0,0,0,0,0,0,1,0,0,0,0,0
1456,757812,0,0,0,0,0,0,0,1,0,0,0,0,0
1457,758333,0,0,0,0,0,0,0,1,0,0,0,0,0
1458,758854,0,0,0,0,0,0,0,1,0,0,0,0,0
1459,759375,0,0,0,0,0,0,0,1,0,0,0,0,0
1460,759895,0,0,0,0,0,0,0,1,0,0,0,0,0
1461,760416,0,0,0,0,0,0,0,1,0,0,0,0,0
1462,760937,0,0,0,0,0,0,0,1,0,0,0,0,0
1463,761458,0,0,0,0,0,0,0,1,0,0,0,0,0
1464,761979,0,0,0,0,0,0,0,1,0,0,0,0,0
1465,762500,0,0,0,0,0,0,0,1,0,0,0,0,0
1466,763020,0,0,0,0,0,0,0,1,0,0,0,0,0
1467,763541,0,0,0,0,0,0,0,1,0,0,0,0,0
1468,764062,0,0,0,0,0,0,0,1,0,0,0,0,0
1469,764583,0,0,0,0,0,0,0,1,0,0,0,0,0
1470,765104,0,0,0,0,0,0,0,1,0,0,0,0,0
1471,765625,0,0,0,0,0,0,0,1,0,0,0,0,0
1472,766145,0,0,0,0,0,0,0,1,0,0,0,0,0
1473,766666,0,0,0,0,0,0,0,1,0,0,0,0,0
1474,767187,0,0,0,0,0,0,0,1,0,0,0,0,0
1475,767708,0,0,0,0,0,0,0,1,0,0,0,0,0
1476,768229,0,0,0,0,0,0,0,1,0,0,0,0,0
1477,768750,0,0,0,0,0,0,0,1,0,0,0,0,0
1478,769270,0,0,0,0,0,0,0,1,0,0,0,0,0
1479,769791,0,0,0,0,0,0,0,1,0,0,0,0,0
1480,770312,0,0,0,0,0,0,0,1,0,0,0,0,0
1481,770833,0,0,0,0,0,0,0,1,0,0,0,0,0
1482,771354,0,0,0,0,0,0,0,1,0,0,0,0,0
1483,771875,0,0,0,0,0,0,0,1,0,0,0,0,0
1484,772395,0,0,0,0,0,0,0,1,0,0,0,0,0
1485,772916,0,0,0,0,0,0,0,1,0,0,0,0,0
1486,773437,0,0,0,0,0,0,0,1,0,0,0,0,0
1487,773958,0,0,0,0,0,0,0,1,0,0,0,0,0
1488,774479,0,0,0,0,0,0,0,1,0,0,0,0,0
1489,775000,0,0,0,0,0,0,0,1,0,0,0,0,0
1490,775520,0,0,0,0,0,0,0,1,0,0,0,0,0
1491,776041,0,0,0,0,0,0,0,1,0,0,0,0,0
1492,776562,0,0,0,0,0,0,0,1,0,0,0,0,0
1493,777083,0,0,0,0,0,0,0,1,0,0,0,0,0
1494,777604,0,0,0,0,0,0,0,1,0,0,0,0,0
1495,778125,0,0,0,0,0,0,0,1,0,0,0,0,0
1496,778645,0,0,0,0,0,0,0,1,0,0,0,0,0
1497,779166,0,0,0,0,0,0,0,1,0,0,0,0,0
1498,779687,0,0,0,0,0,0,0,1,0,0,0,0,0
1499,780208,0,0,0,0,0,0,0,1,0,0,0,0,0
1500,780729,0,0,0,0,0,0,0,1,0,0,0,0,0
1501,781250,0,0,0,0,0,0,0,1,0,0,0,0,0
1502,781770,0,0,0,0,0,0,0,1,0,0,0,0,0
1503,782291,0,0,0,0,0,0,0,1,0,0,0,0,0
1504,782812,0,0,0,0,0,0,0,1,0,0,0,0,0
1505,783333,0,0,0,0,0,0,0,1,0,0,0,0,0
1506,783854,0,0,0,0,0,0,0,1,0,0,0,0,0
1507,784375,0,0,0,0,0,0,0,1,0,0,0,0,0
1508,784895,0,0,0,0,0,0,0,1,0,0,0,0,0
1509,785416,0,0,0,0,0,0,0,1,0,0,0,0,0
1510,785937,0,0,0,0,0,0,0,1,0,0,0,0,0
1511,786458,0,0,0,0,0,0,0,1,0,0,0,0,0
1512,786979,0,0,0,0,0,0,0,1,0,0,0,0,0
1513,787500,0,0,0,0,0,0,0,1,0,0,0,0,0
1514,788020,0,0,0,0,0,0,0,1,0,0,0,0,0
1515,788541,0,0,0,0,0,0,0,1,0,0,0,0,0
1516,789062,0,0,0,0,0,0,0,1,0,0,0,0,0
1517,789583,0,0,0,0,0,0,0,1,0,0,0,0,0
1518,790104,0,0,0,0,0,0,0,1,0,0,0,0,0
1519,790625,0,0,0,0,0,0,0,1,0,0,0,0,0
1520,791145,0,0,0,0,0,0,0,1,0,0,0,0,0
1521,791666,0,0,0,0,0,0,0,1,0,0,0,0,0
1522,792187,0,0,0,0,0,0,0,1,0,0,0,0,0
1523,792708,0,0,0,0,0,0,0,1,0,0,0,0,0
1524,793229,0,0,0,0,0,0,0,1,0,0,0,0,0
1525,793750,0,0,0,0,0,0,0,1,0,0,0,0,0
1526,794270,0,0,0,0,0,0,0,1,0,0,0,0,0
1527,794791,0,0,0,0,0,0,0,1,0,0,0,0,0
1528,795312,0,0,0,0,0,0,0,1,0,0,0,0,0
1529,795833,0,0,0,0,0,0,0,1,0,0,0,0,0
1530,796354,0,0,0,0,0,0,0,1,0,0,0,0,0
1531,796875,0,0,0,0,0,0,0,1,0,0,0,0,0
1532,797395,0,0,0,0,0,0,0,1,0,0,0,0,0
1533,797916,0,0,0,0,0,0,0,1,0,0,0,0,0
1534,798437,0,0,0,0,0,0,0,1,0,0,0,0,0
1535,798958,0,0,0,0,0,0,0,1,0,0,0,0,0
1536,799479,0,0,0,0,0,0,0,1,0,0,0,0,0
1537,800000,0,0,0,0,0,0,0,1,0,0,0,0,0
1538,800520,0,0,0,0,0,0,0,1,0,0,0,0,0
1539,801041,0,0,0,0,0,0,0,1,0,0,0,0,0
1540,801562,0,0,0,0,0,0,0,1,0,0,0,0,0
1541,802083,0,0,0,0,0,0,0,1,0,0,0,0,0
1542,802604,0,0,0,0,0,0,0,1,0,0,0,0,0
1543,803125,0,0,0,0,0,0,0,1,0,0,0,0,0
1544,803645,0,0,0,0,0,0,0,1,0,0,0,0,0
1545,804166,0,0,0,0,0,0,0,1,0,0,0,0,0
1546,804687,0,0,0,0,0,0,0,1,0,0,0,0,0
1547,805208,0,0,0,0,0,0,0,1,0,0,0,0,0
1548,805729,0,0,0,0,0,0,0,1,0,0,0,0,0
1549,806250,0,0,0,0,0,0,0,1,0,0,0,0,0
1550,806770,0,0,0,0,0,0,0,1,0,0,0,0,0
1551,807291,0,0,0,0,0,0,0,1,0,0,0,0,0
1552,807812,0,0,0,0,0,0,0,1,0,0,0,0,0
1553,808333,0,0,0,0,0,0,0,1,0,0,0,0,0
1554,808854,0,0,0,0,0,0,0,1,0,0,0,0,0
1555,809375,0,0,0,0,0,0,0,1,0,0,0,0,0
1556,809895,0,0,0,0,0,0,0,1,0,0,0,0,0
1557,810416,0,0,0,0,0,0,0,1,0,0,0,0,0
1558,810937,0,0,0,0,0,0,0,1,0,0,0,0,0
1559,811458,0,0,0,0,0,0,0,1,0,0,0,0,0
1560,811979,0,0,0,0,0,0,0,1,0,0,0,0,0
1561,812500,0,0,0,0,0,0,0,1,0,0,0,0,0
1562,813020,0,0,0,0,0,0,0,1,0,0,0,0,0
1563,813541,0,0,0,0,0,0,0,1,0,0,0,0,0
1564,814062,0,0,0,0,0,0,0,1,0,0,0,0,0
1565,814583,0,0,0,0,0,0,0,1,0,0,0,0,0
1566,815104,0,0,0,0,0,0,0,1,0,0,0,0,0
1567,815625,0,0,0,0,0,0,0,1,0,0,0,0,0
1568,816145,0,0,0,0,0,0,0,1,0,0,0,0,0
1569,816666,0,0,0,0,0,0,0,1,0,0,0,0,0
1570,817187,0,0,0,0,0,0,0,1,0,0,0,0,0
1571,817708,0,0,0,0,0,0,0,1,0,0,0,0,0
1572,818229,0,0,0,0,0,0,0,1,0,0,0,0,0
1573,818750,0,0,0,0,0,0,0,1,0,0,0,0,0
1574,819270,0,0,0,0,0,0,0,1,0,0,0,0,0
1575,819791,0,0,0,0,0,0,0,1,0,0,0,0,0
1576,820312,0,0,0,0,0,0,0,1,0,0,0,0,0
1577,820833,0,0,0,0,0,0,0,1,0,0,0,0,0
1578,821354,0,0,0,0,0,0,0,1,0,0,0,0,0
1579,821875,0,0,0,0,0,0,0,1,0,0,0,0,0
1580,822395,0,0,0,0,0,0,0,1,0,0,0,0,0
1581,822916,0,0,0,0,0,0,0,1,0,0,0,0,0
1582,823437,0,0,0,0,0,0,0,1,0,0,0,0,0
1583,823958,0,0,0,0,0,0,0,1,0,0,0,0,0
1584,824479,0,0,0,0,0,0,0,1,0,0,0,0,0
1585,825000,0,0,0,0,0,0,0,1,0,0,0,0,0
1586,825520,0,0,0,0,0,0,0,1,0,0,0,0,0
1587,826041,0,0,0,0,0,0,0,1,0,0,0,0,0
1588,826562,0,0,0,0,0,0,0,1,0,0,0,0,0
1589,827083,0,0,0,0,0,0,0,1,0,0,0,0,0
1590,827604,0,0,0,0,0,0,0,1,0,0,0,0,0
1591,828125,0,0,0,0,0,0,0,1,0,0,0,0,0
1592,828645,0,0,0,0,0,0,0,1,0,0,0,0,0
1593,829166,0,0,0,0,0,0,0,1,0,0,0,0,0
1594,829687,0,0,0,0,0,0,0,1,0,0,0,0,0
1595,830208,0,0,0,0,0,0,0,1,0,0,0,0,0
1596,830729,0,0,0,0,0,0,0,1,0,0,0,0,0
1597,831250,0,0,0,0,0,0,0,1,0,0,0,0,0
1598,831770,0,0,0,0,0,0,0,1,0,0,0,0,0
1599,832291,0,0,0,0,0,0,0,1,0,0,0,0,0
1600,832812,0,0,0,0,0,0,0,1,0,0,0,0,0
1601,833333,0,0,0,0,0,0,0,1,0,0,0,0,0
1602,833854,0,0,0,0,0,0,0,1,0,0,0,0,0
1603,834375,0,0,0,0,0,0,0,1,0,0,0,0,0
1604,834895,0,0,0,0,0,0,0,1,0,0,0,0,0
1605,835416,0,0,0,0,0,0,0,1,0,0,0,0,0
1606,835937,0,0,0,0,0,0,0,1,0,0,0,0,0
1607,836458,0,0,0,0,0,0,0,1,0,0,0,0,0
1608,836979,0,0,0,0,0,0,0,1,0,0,0,0,0
1609,837500,0,0,0,0,0,0,0,1,0,0,0,0,0
1610,838020,0,0,0,0,0,0,0,1,0,0,0,0,0
1611,838541,0,0,0,0,0,0,0,1,0,0,0,0,0
1612,839062,0,0,0,0,0,0,0,1,0,0,0,0,0
1613,839583,0,0,0,0,0,0,0,1,0,0,0,0,0
1614,840104,0,0,0,0,0,0,0,1,0,0,0,0,0
1615,840625,0,0,0,0,0,0,0,1,0,0,0,0,0
1616,841145,0,0,0,0,0,0,0,1,0,0,0,0,0
1617,841666,0,0,0,0,0,0,0,1,0,0,0,0,0
1618,842187,0,0,0,0,0,0,0,1,0,0,0,0,0
1619,842708,0,0,0,0,0,0,0,1,0,0,0,0,0
1620,843229,0,0,0,0,0,0,0,1,0,0,0,0,0
1621,843750,0,0,0,0,0,0,0,1,0,0,0,0,0
1622,844270,0,0,0,0,0,0,0,1,0,0,0,0,0
1623,844791,0,0,0,0,0,0,0,1,0,0,0,0,0
1624,845312,0,0,0,0,0,0,0,1,0,0,0,0,0
1625,845833,0,0,0,0,0,0,0,1,0,0,0,0,0
1626,846354,0,0,0,0,0,0,0,1,0,0,0,0,0
1627,846875,0,0,0,0,0,0,0,1,0,0,0,0,0
1628,847395,0,0,0,0,0,0,0,1,0,0,0,0,0
1629,847916,0,0,0,0,0,0,0,1,0,0,0,0,0
1630,848437,0,0,0,0,0,0,0,1,0,0,0,0,0
1631,848958,0,0,0,0,0,0,0,1,0,0,0,0,0
1632,849479,0,0,0,0,0,0,0,1,0,0,0,0,0
1633,850000,0,0,0,0,0,0,0,1,0,0,0,0,0
1634,850520,0,0,0,0,0,0,0,1,0,0,0,0,0
1635,851041,0,0,0,0,0,0,0,1,0,0,0,0,0
1636,851562,0,0,0,0,0,0,0,1,0,0,0,0,0
1637,852083,0,0,0,0,0,0,0,1,0,0,0,0,0
1638,852604,0,0,0,0,0,0,0,1,0,0,0,0,0
1639,853125,0,0,0,0,0,0,0,1,0,0,0,0,0
1640,853645,0,0,0,0,0,0,0,1,0,0,0,0,0
1641,854166,0,0,0,0,0,0,0,1,0,0,0,0,0
1642,854687,0,0,0,0,0,0,0,1,0,0,0,0,0
1643,855208,0,0,0,0,0,0,0,1,0,0,0,0,0
1644,855729,0,0,0,0,0,0,0,1,0,0,0,0,0
1645,856250,0,0,0,0,0,0,0,1,0,0,0,0,0
1646,856770,0,0,0,0,0,0,0,1,0,0,0,0,0
1647,857291,0,0,0,0,0,0,0,1,0,0,0,0,0
1648,857812,0,0,0,0,0,0,0,1,0,0,0,0,0
1649,858333,0,0,0,0,0,0,0,1,0,0,0,0,0
1650,858854,0,0,0,0,0,0,0,1,0,0,0,0,0
1651,859375,-329,851,-523,0,-11058,28648,-17590,0,0,0,1,1,0
1652,859895,-477,857,-380,0,-16053,28833,-12780,0,0,0,1,1,0
1653,860416,-607,829,-222,0,-20432,27910,-7479,0,0,0,1,1,0
1654,860937,-714,770,-56,0,-24025,25915,-1890,0,0,0,1,1,0
1655,861458,-793,681,112,0,-26696,22924,3772,0,0,0,1,1,0
1656,861979,-842,566,276,0,-28340,19052,9288,0,0,0,1,1,0
1657,862500,-858,429,429,0,-28895,14448,14448,0,0,0,1,1,0
1658,863020,-842,276,566,0,-28340,9288,19052,0,0,0,1,1,0
1659,863541,-793,112,681,0,-26696,3772,22924,0,0,0,1,1,0
1660,864062,-714,-56,770,0,-24025,-1890,25915,0,0,0,1,1,0
1661,864583,-607,-222,829,0,-20432,-7479,27910,0,0,0,1,1,0
1662,865104,-477,-380,857,0,-16053,-12780,28833,0,0,0,1,1,0
1663,865625,-329,-523,851,0,-11058,-17590,28648,0,0,0,1,1,0
1664,866145,-167,-645,813,0,-5637,-21724,27362,0,0,0,1,1,0
1665,866666,0,-743,743,0,0,-25024,25024,0,0,0,1,1,0
1666,867187,167,-813,645,0,5637,-27362,21724,0,0,0,1,1,0
1667,867708,329,-851,523,0,11058,-28648,17590,0,0,0,1,1,0
1668,868229,477,-857,380,0,16053,-28833,12780,0,0,0,1,1,0
1669,868750,607,-829,222,0,20432,-27910,7479,0,0,0,1,1,0
1670,869270,714,-770,56,0,24025,-25915,1890,0,0,0,0,1,0
1671,869791,793,-681,-112,0,26696,-22924,-3772,0,0,0,0,1,0
1672,870312,842,-566,-276,0,28340,-19052,-9288,0,0,0,0,1,0
1673,870833,858,-429,-429,0,28895,-14448,-14448,0,0,0,0,1,0
1674,871354,842,-276,-566,0,28340,-9288,-19052,0,0,0,0,1,0
1675,871875,793,-112,-681,0,26696,-3772,-22924,0,0,0,0,1,0
1676,872395,714,56,-770,0,24025,1890,-25915,0,0,0,0,1,0
1677,872916,607,222,-829,0,20432,7479,-27910,0,0,0,0,1,0
1678,873437,477,25061,-857,24681,17337,1278,-31140,0,0,1,0,1,0
1679,873958,329,27503,-851,26981,11942,1759,-30940,0,0,1,0,1,0
1680,874479,167,29393,-813,28747,6088,2172,-29551,0,0,1,0,1,0
1681,875000,0,30647,-743,29903,0,2502,-27026,0,0,1,0,1,0
1682,875520,-167,31207,-645,30394,-6088,2736,-23462,0,0,1,0,1,0
1683,876041,-329,31042,-523,30191,-11942,2865,-18997,0,0,1,0,1,0
1684,876562,-477,30151,-380,29294,-17337,2883,-13802,0,0,1,0,1,0
1685,877083,-607,28557,-222,27728,-22066,2791,-8077,0,0,1,0,1,0
1686,877604,-714,26313,-56,25543,-25947,2592,-2041,0,0,1,0,1,0
1687,878125,-793,23497,112,22816,-28831,2292,4073,0,0,1,0,1,0
1688,878645,-842,20209,276,19643,-30607,1905,10031,0,0,1,0,1,0
1689,879166,-858,16566,429,16137,-31207,1445,15603,0,0,1,0,1,0
1690,879687,-842,12700,566,12424,-30607,929,20576,0,0,1,0,1,0
1691,880208,-793,8752,681,8640,-28831,377,24758,0,0,1,0,1,0
1692,880729,-714,4865,770,4922,-25947,-189,27988,0,0,1,0,1,0
1693,881250,-607,1182,829,1404,-22066,-748,30143,0,0,1,0,1,0
1694,881770,-477,-2164,857,-1784,-17337,-1278,31140,0,0,1,0,1,0
1695,882291,-329,-5052,851,-4529,-11942,-1759,30940,0,0,1,0,1,0
1696,882812,-167,-7378,813,-6732,-6088,-2172,29551,0,0,1,0,1,0
1697,883333,0,-9060,743,-8316,0,-2502,27026,0,0,1,0,1,0
1698,883854,167,-10039,645,-9227,6088,-2736,23462,0,0,1,0,1,0
1699,884375,329,-10287,523,-9436,11942,-2865,18997,0,0,1,0,1,0
1700,884895,477,-9799,380,-8942,17337,-2883,13802,0,0,1,0,1,0
1701,885416,607,-8601,222,-7771,22066,-2791,8077,0,0,1,0,1,0
1702,885937,714,-6745,56,-5975,25947,-2592,2041,0,0,1,0,1,0
1703,886458,793,-4310,-112,-3628,28831,-2292,-4073,0,0,1,0,1,0
1704,886979,842,-1394,-276,-828,30607,-1905,-10031,0,0,1,0,1,0
1705,887500,858,1883,-429,2312,31207,-1445,-15603,0,0,1,0,1,0
1706,888020,842,5390,-566,5666,30607,-929,-20576,0,0,1,0,1,0
1707,888541,793,8987,-681,9099,28831,-377,-24758,0,0,1,0,1,0
1708,889062,714,12528,-770,12472,25947,189,-27988,0,0,1,0,1,0
1709,889583,607,15873,-829,15651,22066,748,-30143,0,0,1,0,1,0
1710,890104,477,18888,-857,18508,17337,1278,-31140,0,0,1,0,1,0
1711,890625,329,21451,-851,20928,11942,1759,-30940,0,0,1,0,1,0
1712,891145,167,23458,-813,22812,6088,2172,-29551,0,0,1,0,1,0
1713,891666,0,24827,-743,24083,0,2502,-27026,0,0,1,0,1,0
1714,892187,-167,25500,-645,24687,-6088,2736,-23462,0,0,1,0,1,0
1715,892708,-329,25447,-523,24596,-11942,2865,-18997,0,0,1,0,1,0
1716,893229,-477,24664,-380,23807,-17337,2883,-13802,0,0,1,0,1,0
1717,893750,-607,23177,-222,22347,-22066,2791,-8077,0,0,1,0,1,0
1718,894270,-714,21038,-56,20268,-25947,2592,-2041,0,0,1,0,1,0
1719,894791,-793,18324,112,17643,-28831,2292,4073,0,0,1,0,1,0
1720,895312,-842,15137,276,14570,-30607,1905,10031,0,0,1,0,1,0
1721,895833,-858,11592,429,11163,-31207,1445,15603,0,0,1,0,1,0
1722,896354,-842,7823,566,7547,-30607,929,20576,0,0,1,0,1,0
1723,896875,-793,3970,681,3858,-28831,377,24758,0,0,1,0,1,0
1724,897395,-714,176,770,232,-25947,-189,27988,0,0,1,0,1,0
1725,897916,-607,-3416,829,-3194,-22066,-748,30143,0,0,1,0,1,0
1726,898437,-477,-6673,857,-6293,-17337,-1278,31140,0,0,1,0,1,0
1727,898958,-329,-9473,851,-8950,-11942,-1759,30940,0,0,1,0,1,0
1728,899479,-167,-11713,813,-11068,-6088,-2172,29551,0,0,1,0,1,0
1729,900000,0,-13310,743,-12567,0,-2502,27026,0,0,1,0,1,0
1730,900520,167,-14208,645,-13395,6088,-2736,23462,0,0,1,0,1,0
1731,901041,329,-14374,523,-13523,11942,-2865,18997,0,0,1,0,1,0
1732,901562,477,-13806,380,-12950,17337,-2883,13802,0,0,1,0,1,0
1733,902083,607,-12530,222,-11701,22066,-2791,8077,0,0,1,0,1,0
1734,902604,714,-10598,56,-9828,25947,-2592,2041,0,0,1,0,1,0
1735,903125,793,-8088,-112,-7407,28831,-2292,-4073,0,0,1,0,1,0
1736,903645,842,-5099,-276,-4533,30607,-1905,-10031,0,0,1,0,1,0
1737,904166,858,-1750,-429,-1321,31207,-1445,-15603,0,0,1,0,1,0
1738,904687,842,1828,-566,2104,30607,-929,-20576,0,0,1,0,1,0
1739,905208,793,5494,-681,5606,28831,-377,-24758,0,0,1,0,1,0
1740,905729,714,9103,-770,9047,25947,189,-27988,0,0,1,0,1,0
1741,906250,607,12515,-829,12293,22066,748,-30143,0,0,1,0,1,0
1742,906770,477,15595,-857,15215,17337,1278,-31140,0,0,1,0,1,0
1743,907291,329,18221,-851,17699,11942,1759,-30940,0,0,1,0,1,0
1744,907812,167,20291,-813,19646,6088,2172,-29551,0,0,1,0,1,0
1745,908333,0,21722,-743,20978,0,2502,-27026,0,0,1,0,1,0
1746,908854,-167,22456,-645,21643,-6088,2736,-23462,0,0,1,0,1,0
1747,909375,-329,22461,-523,21610,-11942,2865,-18997,0,0,1,0,1,0
1748,909895,-477,21737,-380,20880,-17337,2883,-13802,0,0,1,0,1,0
1749,910416,-607,20306,-222,19477,-22066,2791,-8077,0,0,1,0,1,0
1750,910937,-714,18223,-56,17453,-25947,2592,-2041,0,0,1,0,1,0
1751,911458,-793,15565,112,14884,-28831,2292,4073,0,0,1,0,1,0
1752,911979,-842,12430,276,11864,-30607,1905,10031,0,0,1,0,1,0
1753,912500,-858,8939,429,8509,-31207,1445,15603,0,0,1,0,1,0
1754,913020,-842,5221,566,4945,-30607,929,20576,0,0,1,0,1,0
1755,913541,-793,1418,681,1306,-28831,377,24758,0,0,1,0,1,0
1756,914062,-714,-2325,770,-2269,-25947,-189,27988,0,0,1,0,1,0
1757,914583,-607,-5869,829,-5647,-22066,-748,30143,0,0,1,0,1,0
1758,915104,-477,-9078,857,-8698,-17337,-1278,31140,0,0,1,0,1,0
1759,915625,-329,-11832,851,-11309,-11942,-1759,30940,0,0,1,0,1,0
1760,916145,-167,-14026,813,-13380,-6088,-2172,29551,0,0,1,0,1,0
1761,916666,0,-15578,743,-14835,0,-2502,27026,0,0,1,0,1,0
1762,917187,167,-16431,645,-15618,6088,-2736,23462,0,0,1,0,1,0
1763,917708,329,-16554,523,-15703,11942,-2865,18997,0,0,1,0,1,0
1764,918229,477,-15944,380,-15088,17337,-2883,13802,0,0,1,0,1,0
1765,918750,607,-14627,222,-13797,22066,-2791,8077,0,0,1,0,1,0
1766,919270,714,-12654,56,-11884,25947,-2592,2041,0,0,1,0,1,0
1767,919791,793,-10104,-112,-9423,28831,-2292,-4073,0,0,1,0,1,0
1768,920312,842,-7076,-276,-6510,30607,-1905,-10031,0,0,1,0,1,0
1769,920833,858,-3688,-429,-3259,31207,-1445,-15603,0,0,1,0,1,0
1770,921354,842,-72,-566,203,30607,-929,-20576,0,0,1,0,1,0
1771,921875,793,3630,-681,3742,28831,-377,-24758,0,0,1,0,1,0
1772,922395,714,7276,-770,7220,25947,189,-27988,0,0,1,0,1,0
1773,922916,607,10723,-829,10501,22066,748,-30143,0,0,1,0,1,0
1774,923437,477,13838,-857,13458,17337,1278,-31140,0,0,1,0,1,0
1775,923958,329,16499,-851,15976,11942,1759,-30940,0,0,1,0,1,0
1776,924479,167,18602,-813,17957,6088,2172,-29551,0,0,1,0,1,0
1777,925000,0,20066,-743,19322,0,2502,-27026,0,0,1,0,1,0
1778,925520,-167,20831,-645,20019,-6088,2736,-23462,0,0,1,0,1,0
1779,926041,-329,20869,-523,20018,-11942,2865,-18997,0,0,1,0,1,0
1780,926562,-477,20175,-380,19318,-17337,2883,-13802,0,0,1,0,1,0
1781,927083,-607,18775,-222,17946,-22066,2791,-8077,0,0,1,0,1,0
1782,927604,-714,16722,-56,15952,-25947,2592,-2041,0,0,1,0,1,0
1783,928125,-793,14092,112,13411,-28831,2292,4073,0,0,1,0,1,0
1784,928645,-842,10987,276,10421,-30607,1905,10031,0,0,1,0,1,0
1785,929166,-858,7523,429,7094,-31207,1445,15603,0,0,1,0,1,0
1786,929687,-842,3833,566,3557,-30607,929,20576,0,0,1,0,1,0
1787,930208,-793,57,681,-55,-28831,377,24758,0,0,1,0,1,0
1788,930729,-714,-3660,770,-3604,-25947,-189,27988,0,0,1,0,1,0
1789,931250,-607,-7178,829,-6955,-22066,-748,30143,0,0,1,0,1,0
1790,931770,-477,-10361,857,-9982,-17337,-1278,31140,0,0,1,0,1,0
1791,932291,-329,-13090,851,-12567,-11942,-1759,30940,0,0,1,0,1,0
1792,932812,-167,-15259,813,-14614,-6088,-2172,29551,0,0,1,0,1,0
1793,933333,0,-16788,743,-16044,0,-2502,27026,0,0,1,0,1,0
1794,933854,167,-17618,645,-16805,6088,-2736,23462,0,0,1,0,1,0
1795,934375,329,-17717,523,-16866,11942,-2865,18997,0,0,1,0,1,0
1796,934895,477,-17085,380,-16228,17337,-2883,13802,0,0,1,0,1,0
1797,935416,607,-15745,222,-14916,22066,-2791,8077,0,0,1,0,1,0
1798,935937,714,-13751,56,-12981,25947,-2592,2041,0,0,1,0,1,0
1799,936458,793,-11179,-112,-10498,28831,-2292,-4073,0,0,1,0,1,0
1800,936979,842,-8130,-276,-7564,30607,-1905,-10031,0,0,1,0,1,0
1801,937500,858,-4722,-429,-4293,31207,-1445,-15603,0,0,1,0,1,0
1802,938020,842,-1086,-566,-810,30607,-929,-20576,0,0,1,0,1,0
1803,938541,793,2636,-681,2748,28831,-377,-24758,0,0,1,0,1,0
1804,939062,714,6301,-770,6245,25947,189,-27988,0,0,1,0,1,0
1805,939583,607,9767,-829,9545,22066,748,-30143,0,0,1,0,1,0
1806,940104,477,12901,-857,12521,17337,1278,-31140,0,0,1,0,1,0
1807,940625,329,15580,-851,15057,11942,1759,-30940,0,0,1,0,1,0
1808,941145,167,17701,-813,17056,6088,2172,-29551,0,0,1,0,1,0
1809,941666,0,19182,-743,18438,0,2502,-27026,0,0,1,0,1,0
1810,942187,-167,19965,-645,19152,-6088,2736,-23462,0,0,1,0,1,0
1811,942708,-329,20019,-523,19168,-11942,2865,-18997,0,0,1,0,1,0
1812,943229,-477,19342,-380,18485,-17337,2883,-13802,0,0,1,0,1,0
1813,943750,-607,17958,-222,17129,-22066,2791,-8077,0,0,1,0,1,0
1814,944270,-714,15921,-56,15151,-25947,2592,-2041,0,0,1,0,1,0
1815,944791,-793,13307,112,12626,-28831,2292,4073,0,0,1,0,1,0
1816,945312,-842,10217,276,9651,-30607,1905,10031,0,0,1,0,1,0
1817,945833,-858,6768,429,6339,-31207,1445,15603,0,0,1,0,1,0
1818,946354,-842,3093,566,2817,-30607,929,20576,0,0,1,0,1,0
1819,946875,-793,-669,681,-781,-28831,377,24758,0,0,1,0,1,0
1820,947395,-714,-4372,770,-4316,-25947,-189,27988,0,0,1,0,1,0
1821,947916,-607,-7876,829,-7654,-22066,-748,30143,0,0,1,0,1,0
1822,948437,-477,-11046,857,-10666,-17337,-1278,31140,0,0,1,0,1,0
1823,948958,-329,-13761,851,-13238,-11942,-1759,30940,0,0,1,0,1,0
1824,949479,-167,-15918,813,-15272,-6088,-2172,29551,0,0,1,0,1,0
1825,950000,0,-17433,743,-16690,0,-2502,27026,0,0,1,0,1,0
1826,950520,167,-18250,645,-17437,6088,-2736,23462,0,0,1,0,1,0
1827,951041,329,-18338,523,-17487,11942,-2865,18997,0,0,1,0,1,0
1828,951562,477,-17693,380,-16837,17337,-2883,13802,0,0,1,0,1,0
1829,952083,607,-16342,222,-15513,22066,-2791,8077,0,0,1,0,1,0
1830,952604,714,-14336,56,-13566,25947,-2592,2041,0,0,1,0,1,0
1831,953125,793,-11753,-112,-11072,28831,-2292,-4073,0,0,1,0,1,0
1832,953645,842,-8693,-276,-8127,30607,-1905,-10031,0,0,1,0,1,0
1833,954166,858,-5273,-429,-4844,31207,-1445,-15603,0,0,1,0,1,0
1834,954687,842,-1627,-566,-1351,30607,-929,-20576,0,0,1,0,1,0
1835,955208,793,2106,-681,2218,28831,-377,-24758,0,0,1,0,1,0
1836,955729,714,5781,-770,5725,25947,189,-27988,0,0,1,0,1,0
1837,956250,607,9257,-829,9035,22066,748,-30143,0,0,1,0,1,0
1838,956770,477,12401,-857,12021,17337,1278,-31140,0,0,1,0,1,0
1839,957291,329,15089,-851,14567,11942,1759,-30940,0,0,1,0,1,0
1840,957812,167,17220,-813,16575,6088,2172,-29551,0,0,1,0,1,0
1841,958333,0,18711,-743,17967,0,2502,-27026,0,0,1,0,1,0
1842,958854,-167,19503,-645,18690,-6088,2736,-23462,0,0,1,0,1,0
1843,959375,-329,19566,-523,18715,-11942,2865,-18997,0,0,1,0,1,0
1844,959895,-477,18897,-380,18041,-17337,2883,-13802,0,0,1,0,1,0
1845,960416,-607,17522,-222,16693,-22066,2791,-8077,0,0,1,0,1,0
1846,960937,-714,15493,-56,14723,-25947,2592,-2041,0,0,1,0,1,0
1847,961458,-793,12888,112,12207,-28831,2292,4073,0,0,1,0,1,0
1848,961979,-842,9806,276,9240,-30607,1905,10031,0,0,1,0,1,0
1849,962500,-858,6365,429,5936,-31207,1445,15603,0,0,1,0,1,0
1850,963020,-842,2698,566,2422,-30607,929,20576,0,0,1,0,1,0
1851,963541,-793,-1056,681,-1168,-28831,377,24758,0,0,1,0,1,0
1852,964062,-714,-4752,770,-4696,-25947,-189,27988,0,0,1,0,1,0
1853,964583,-607,-8248,829,-8026,-22066,-748,30143,0,0,1,0,1,0
1854,965104,-477,-11411,857,-11031,-17337,-1278,31140,0,0,1,0,1,0
1855,965625,-329,-14119,851,-13597,-11942,-1759,30940,0,0,1,0,1,0
1856,966145,-167,-16269,813,-15623,-6088,-2172,29551,0,0,1,0,1,0
1857,966666,0,-17778,743,-17034,0,-2502,27026,0,0,1,0,1,0
1858,967187,167,-18588,645,-17775,6088,-2736,23462,0,0,1,0,1,0
1859,967708,329,-18669,523,-17818,11942,-2865,18997,0,0,1,0,1,0
1860,968229,477,-18018,380,-17161,17337,-2883,13802,0,0,1,0,1,0
1861,968750,607,-16660,222,-15831,22066,-2791,8077,0,0,1,0,1,0
1862,969270,714,-14648,56,-13878,25947,-2592,2041,0,0,1,0,1,0
1863,969791,793,-12059,-112,-11378,28831,-2292,-4073,0,0,1,0,1,0
1864,970312,842,-8993,-276,-8427,30607,-1905,-10031,0,0,1,0,1,0
1865,970833,858,-5568,-429,-5138,31207,-1445,-15603,0,0,1,0,1,0
1866,971354,842,-1916,-566,-1640,30607,-929,-20576,0,0,1,0,1,0
1867,971875,793,1823,-681,1935,28831,-377,-24758,0,0,1,0,1,0
1868,972395,714,5504,-770,5447,25947,189,-27988,0,0,1,0,1,0
1869,972916,607,8985,-829,8763,22066,748,-30143,0,0,1,0,1,0
1870,973437,477,12134,-857,11754,17337,1278,-31140,0,0,1,0,1,0
1871,973958,329,14828,-851,14305,11942,1759,-30940,0,0,1,0,1,0
1872,974479,167,16964,-813,16318,6088,2172,-29551,0,0,1,0,1,0
1873,975000,0,18459,-743,17716,0,2502,-27026,0,0,1,0,1,0
1874,975520,-167,19256,-645,18443,-6088,2736,-23462,0,0,1,0,1,0
1875,976041,-329,19324,-523,18473,-11942,2865,-18997,0,0,1,0,1,0
1876,976562,-477,18660,-380,17804,-17337,2883,-13802,0,0,1,0,1,0
1877,977083,-607,17290,-222,16461,-22066,2791,-8077,0,0,1,0,1,0
1878,977604,-714,15265,-56,14495,-25947,2592,-2041,0,0,1,0,1,0
1879,978125,-793,12664,112,11983,-28831,2292,4073,0,0,1,0,1,0
1880,978645,-842,9587,276,9021,-30607,1905,10031,0,0,1,0,1,0
1881,979166,-858,6150,429,5721,-31207,1445,15603,0,0,1,0,1,0
1882,979687,-842,2487,566,2211,-30607,929,20576,0,0,1,0,1,0
1883,980208,-793,-1263,681,-1375,-28831,377,24758,0,0,1,0,1,0
1884,980729,-714,-4955,770,-4898,-25947,-189,27988,0,0,1,0,1,0
1885,981250,-607,-8447,829,-8225,-22066,-748,30143,0,0,1,0,1,0
1886,981770,-477,-11606,857,-11226,-17337,-1278,31140,0,0,1,0,1,0
1887,982291,-329,-14310,851,-13788,-11942,-1759,30940,0,0,1,0,1,0
1888,982812,-167,-16456,813,-15811,-6088,-2172,29551,0,0,1,0,1,0
1889,983333,0,-17961,743,-17218,0,-2502,27026,0,0,1,0,1,0
1890,983854,167,-18768,645,-17955,6088,-2736,23462,0,0,1,0,1,0
1891,984375,329,-18846,523,-17995,11942,-2865,18997,0,0,1,0,1,0
1892,984895,477,-18191,380,-17335,17337,-2883,13802,0,0,1,0,1,0
1893,985416,607,-16830,222,-16001,22066,-2791,8077,0,0,1,0,1,0
1894,985937,714,-14814,56,-14044,25947,-2592,2041,0,0,1,0,1,0
1895,986458,793,-12222,-112,-11541,28831,-2292,-4073,0,0,1,0,1,0
1896,986979,842,-9153,-276,-8587,30607,-1905,-10031,0,0,1,0,1,0
1897,987500,858,-5725,-429,-5295,31207,-1445,-15603,0,0,1,0,1,0
1898,988020,842,-2070,-566,-1794,30607,-929,-20576,0,0,1,0,1,0
1899,988541,793,1672,-681,1784,28831,-377,-24758,0,0,1,0,1,0
1900,989062,714,5356,-770,5299,25947,189,-27988,0,0,1,0,1,0
1901,989583,607,8840,-829,8618,22066,748,-30143,0,0,1,0,1,0
1902,990104,477,11992,-857,11612,17337,1278,-31140,0,0,1,0,1,0
1903,990625,329,14688,-851,14166,11942,1759,-30940,0,0,1,0,1,0
1904,991145,167,16827,-813,16181,6088,2172,-29551,0,0,1,0,1,0
1905,991666,0,18325,-743,17581,0,2502,-27026,0,0,1,0,1,0
1906,992187,-167,19125,-645,18312,-6088,2736,-23462,0,0,1,0,1,0
1907,992708,-329,19195,-523,18344,-11942,2865,-18997,0,0,1,0,1,0
1908,993229,-477,18534,-380,17677,-17337,2883,-13802,0,0,1,0,1,0
1909,993750,-607,17166,-222,16337,-22066,2791,-8077,0,0,1,0,1,0
1910,994270,-714,15144,-56,14374,-25947,2592,-2041,0,0,1,0,1,0
1911,994791,-793,12545,112,11864,-28831,2292,4073,0,0,1,0,1,0
1912,995312,-842,9470,276,8904,-30607,1905,10031,0,0,1,0,1,0
1913,995833,-858,6035,429,5606,-31207,1445,15603,0,0,1,0,1,0
1914,996354,-842,2374,566,2098,-30607,929,20576,0,0,1,0,1,0
1915,996875,-793,-1373,681,-1485,-28831,377,24758,0,0,1,0,1,0
1916,997395,-714,-5063,770,-5007,-25947,-189,27988,0,0,1,0,1,0
1917,997916,-607,-8553,829,-8331,-22066,-748,30143,0,0,1,0,1,0
1918,998437,-477,-11710,857,-11330,-17337,-1278,31140,0,0,1,0,1,0
1919,998958,-329,-14412,851,-13890,-11942,-1759,30940,0,0,1,0,1,0
1920,999479,-167,-16556,813,-15911,-6088,-2172,29551,0,0,1,0,1,0
1921,1000000,0,-18059,743,-17316,0,-2502,27026,0,0,1,0,1,0
1922,1000520,167,-18864,645,-18051,6088,-2736,23462,0,0,1,0,1,0
1923,1001041,329,-18940,523,-18089,11942,-2865,18997,0,0,1,0,1,0
1924,1001562,477,-18284,380,-17427,17337,-2883,13802,0,0,1,0,1,0
1925,1002083,607,-16920,222,-16091,22066,-2791,8077,0,0,1,0,1,0
1926,1002604,714,-14903,56,-14133,25947,-2592,2041,0,0,1,0,1,0
1927,1003125,793,-12309,-112,-11628,28831,-2292,-4073,0,0,1,0,1,0
1928,1003645,842,-9238,-276,-8672,30607,-1905,-10031,0,0,1,0,1,0
1929,1004166,858,-5808,-429,-5379,31207,-1445,-15603,0,0,1,0,1,0
1930,1004687,842,-2152,-566,-1876,30607,-929,-20576,0,0,1,0,1,0
1931,1005208,793,1591,-681,1703,28831,-377,-24758,0,0,1,0,1,0
1932,1005729,714,5277,-770,5220,25947,189,-27988,0,0,1,0,1,0
1933,1006250,607,8763,-829,8541,22066,748,-30143,0,0,1,0,1,0
1934,1006770,477,11916,-857,11536,17337,1278,-31140,0,0,1,0,1,0
1935,1007291,329,14614,-851,14091,11942,1759,-30940,0,0,1,0,1,0
1936,1007812,167,16754,-813,16108,6088,2172,-29551,0,0,1,0,1,0
1937,1008333,0,18253,-743,17510,0,2502,-27026,0,0,1,0,1,0
1938,1008854,-167,19054,-645,18241,-6088,2736,-23462,0,0,1,0,1,0
1939,1009374,-329,19126,-523,18275,-11942,2865,-18997,0,0,1,0,1,0
1940,1009895,-477,18466,-380,17610,-17337,2883,-13802,0,0,1,0,1,0
1941,1010416,-607,17100,-222,16271,-22066,2791,-8077,0,0,1,0,1,0
1942,1010937,-714,15079,-56,14309,-25947,2592,-2041,0,0,1,0,1,0
1943,1011458,-793,12481,112,11800,-28831,2292,4073,0,0,1,0,1,0
1944,1011979,-842,9407,276,8841,-30607,1905,10031,0,0,1,0,1,0
1945,1012500,-858,5974,429,5545,-31207,1445,15603,0,0,1,0,1,0
1946,1013020,-842,2314,566,2038,-30607,929,20576,0,0,1,0,1,0
1947,1013541,-793,-1432,681,-1544,-28831,377,24758,0,0,1,0,1,0
1948,1014062,-714,-5120,770,-5064,-25947,-189,27988,0,0,1,0,1,0
1949,1014583,-607,-8610,829,-8387,-22066,-748,30143,0,0,1,0,1,0
1950,1015104,-477,-11765,857,-11386,-17337,-1278,31140,0,0,1,0,1,0
1951,1015625,-329,-14467,851,-13944,-11942,-1759,30940,0,0,1,0,1,0
1952,1016145,-167,-16609,813,-15964,-6088,-2172,29551,0,0,1,0,1,0
1953,1016666,0,-18112,743,-17368,0,-2502,27026,0,0,1,0,1,0
1954,1017187,167,-18916,645,-18103,6088,-2736,23462,0,0,1,0,1,0
1955,1017708,329,-18990,523,-18139,11942,-2865,18997,0,0,1,0,1,0
1956,1018229,477,-18333,380,-17476,17337,-2883,13802,0,0,1,0,1,0
1957,1018750,607,-16969,222,-16140,22066,-2791,8077,0,0,1,0,1,0
1958,1019270,714,-14951,56,-14181,25947,-2592,2041,0,0,1,0,1,0
1959,1019791,793,-12356,-112,-11675,28831,-2292,-4073,0,0,1,0,1,0
1960,1020312,842,-9284,-276,-8718,30607,-1905,-10031,0,0,1,0,1,0
1961,1020833,858,-5853,-429,-5424,31207,-1445,-15603,0,0,1,0,1,0
1962,1021354,842,-2196,-566,-1920,30607,-929,-20576,0,0,1,0,1,0
1963,1021875,793,1548,-681,1660,28831,-377,-24758,0,0,1,0,1,0
1964,1022395,714,5234,-770,5178,25947,189,-27988,0,0,1,0,1,0
1965,1022916,607,8721,-829,8499,22066,748,-30143,0,0,1,0,1,0
1966,1023437,477,11875,-857,11495,17337,1278,-31140,0,0,1,0,1,0
1967,1023958,329,14574,-851,14052,11942,1759,-30940,0,0,1,0,1,0
1968,1024479,167,16715,-813,16069,6088,2172,-29551,0,0,1,0,1,0
1969,1024999,0,18215,-743,17472,0,2502,-27026,0,0,1,0,1,0
1970,1025520,-167,19017,-645,18204,-6088,2736,-23462,0,0,1,0,1,0
1971,1026041,-329,19090,-523,18239,-11942,2865,-18997,0,0,1,0,1,0
1972,1026562,-477,18430,-380,17574,-17337,2883,-13802,0,0,1,0,1,0
1973,1027083,-607,17064,-222,16235,-22066,2791,-8077,0,0,1,0,1,0
1974,1027604,-714,15044,-56,14274,-25947,2592,-2041,0,0,1,0,1,0
1975,1028125,-793,12448,112,11766,-28831,2292,4073,0,0,1,0,1,0
1976,1028645,-842,9374,276,8808,-30607,1905,10031,0,0,1,0,1,0
1977,1029166,-858,5942,429,5512,-31207,1445,15603,0,0,1,0,1,0
1978,1029687,-842,2282,566,2006,-30607,929,20576,0,0,1,0,1,0
1979,1030208,-793,-1463,681,-1575,-28831,377,24758,0,0,1,0,1,0
1980,1030729,-714,-5151,770,-5095,-25947,-189,27988,0,0,1,0,1,0
1981,1031250,-607,-8640,829,-8418,-22066,-748,30143,0,0,1,0,1,0
1982,1031770,-477,-11795,857,-11415,-17337,-1278,31140,0,0,1,0,1,0
1983,1032291,-329,-14496,851,-13973,-11942,-1759,30940,0,0,1,0,1,0
1984,1032812,-167,-16638,813,-15992,-6088,-2172,29551,0,0,1,0,1,0
1985,1033333,0,-18140,743,-17396,0,-2502,27026,0,0,1,0,1,0
1986,1033854,167,-18943,645,-18130,6088,-2736,23462,0,0,1,0,1,0
1987,1034375,329,-19017,523,-18166,11942,-2865,18997,0,0,1,0,1,0
1988,1034895,477,-18359,380,-17503,17337,-2883,13802,0,0,1,0,1,0
1989,1035416,607,-16995,222,-16165,22066,-2791,8077,0,0,1,0,1,0
1990,1035937,714,-14976,56,-14206,25947,-2592,2041,0,0,1,0,1,0
1991,1036458,793,-12380,-112,-11699,28831,-2292,-4073,0,0,1,0,1,0
1992,1036979,842,-9308,-276,-8742,30607,-1905,-10031,0,0,1,0,1,0
1993,1037500,858,-5877,-429,-5448,31207,-1445,-15603,0,0,1,0,1,0
1994,1038020,842,-2219,-566,-1943,30607,-929,-20576,0,0,1,0,1,0
1995,1038541,793,1525,-681,1637,28831,-377,-24758,0,0,1,0,1,0
1996,1039062,714,5212,-770,5156,25947,189,-27988,0,0,1,0,1,0
1997,1039583,607,8699,-829,8477,22066,748,-30143,0,0,1,0,1,0
1998,1040104,477,11853,-857,11474,17337,1278,-31140,0,0,1,0,1,0
1999,1040624,329,14553,-851,14030,11942,1759,-30940,0,0,1,0,1,0
2000,1041145,167,16694,-813,16049,6088,2172,-29551,0,0,1,0,1,0
2001,1041666,0,18195,-743,17451,0,2502,-27026,0,0,1,0,1,0
2002,1042187,-167,18997,-645,18184,-6088,2736,-23462,0,0,1,0,1,0
2003,1042708,-329,19070,-523,18219,-11942,2865,-18997,0,0,1,0,1,0
2004,1043229,-477,18411,-380,17555,-17337,2883,-13802,0,0,1,0,1,0
2005,1043750,-607,17046,-222,16216,-22066,2791,-8077,0,0,1,0,1,0
2006,1044270,-714,15026,-56,14256,-25947,2592,-2041,0,0,1,0,1,0
2007,1044791,-793,12429,112,11748,-28831,2292,4073,0,0,1,0,1,0
2008,1045312,-842,9356,276,8790,-30607,1905,10031,0,0,1,0,1,0
2009,1045833,-858,5924,429,5495,-31207,1445,15603,0,0,1,0,1,0
2010,1046354,-842,2265,566,1989,-30607,929,20576,0,0,1,0,1,0
2011,1046875,-793,-1480,681,-1592,-28831,377,24758,0,0,1,0,1,0
2012,1047395,-714,-5168,770,-5111,-25947,-189,27988,0,0,1,0,1,0
2013,1047916,-607,-8656,829,-8434,-22066,-748,30143,0,0,1,0,1,0
2014,1048437,-477,-11811,857,-11431,-17337,-1278,31140,0,0,1,0,1,0
2015,1048958,-329,-14511,851,-13988,-11942,-1759,30940,0,0,1,0,1,0
2016,1049479,-167,-16653,813,-16008,-6088,-2172,29551,0,0,1,0,1,0
2017,1050000,0,-18154,743,-17411,0,-2502,27026,0,0,1,0,1,0
2018,1050520,167,-18957,645,-18145,6088,-2736,23462,0,0,1,0,1,0
2019,1051041,329,-19031,523,-18180,11942,-2865,18997,0,0,1,0,1,0
2020,1051562,477,-18373,380,-17517,17337,-2883,13802,0,0,1,0,1,0
2021,1052083,607,-17008,222,-16179,22066,-2791,8077,0,0,1,0,1,0
2022,1052604,714,-14989,56,-14219,25947,-2592,2041,0,0,1,0,1,0
2023,1053125,793,-12394,-112,-11713,28831,-2292,-4073,0,0,1,0,1,0
2024,1053645,842,-9321,-276,-8755,30607,-1905,-10031,0,0,1,0,1,0
2025,1054166,858,-5890,-429,-5460,31207,-1445,-15603,0,0,1,0,1,0
2026,1054687,842,-2231,-566,-1956,30607,-929,-20576,0,0,1,0,1,0
2027,1055208,793,1513,-681,1625,28831,-377,-24758,0,0,1,0,1,0
2028,1055729,714,5200,-770,5144,25947,189,-27988,0,0,1,0,1,0
2029,1056250,607,8688,-829,8465,22066,748,-30143,0,0,1,0,1,0
2030,1056770,477,11842,-857,11462,17337,1278,-31140,0,0,1,0,1,0
2031,1057291,329,14542,-851,14019,11942,1759,-30940,0,0,1,0,1,0
2032,1057812,167,16683,-813,16038,6088,2172,-29551,0,0,1,0,1,0
2033,1058333,0,18184,-743,17440,0,2502,-27026,0,0,1,0,1,0
2034,1058854,-167,18986,-645,18173,-6088,2736,-23462,0,0,1,0,1,0
2035,1059375,-329,19060,-523,18208,-11942,2865,-18997,0,0,1,0,1,0
2036,1059895,-477,18401,-380,17544,-17337,2883,-13802,0,0,1,0,1,0
2037,1060416,-607,17036,-222,16206,-22066,2791,-8077,0,0,1,0,1,0
2038,1060937,-714,15016,-56,14246,-25947,2592,-2041,0,0,1,0,1,0
2039,1061458,-793,12420,112,11739,-28831,2292,4073,0,0,1,0,1,0
2040,1061979,-842,9347,276,8781,-30607,1905,10031,0,0,1,0,1,0
2041,1062500,-858,5915,429,5486,-31207,1445,15603,0,0,1,0,1,0
2042,1063020,-842,2256,566,1980,-30607,929,20576,0,0,1,0,1,0
2043,1063541,-793,-1489,681,-1601,-28831,377,24758,0,0,1,0,1,0
2044,1064062,-714,-5176,770,-5120,-25947,-189,27988,0,0,1,0,1,0
2045,1064583,-607,-8664,829,-8442,-22066,-748,30143,0,0,1,0,1,0
2046,1065104,-477,-11819,857,-11439,-17337,-1278,31140,0,0,1,0,1,0
2047,1065625,-329,-14519,851,-13997,-11942,-1759,30940,0,0,1,0,1,0
2048,1066145,-167,-16661,813,-16016,-6088,-2172,29551,0,0,1,0,1,0
2049,1066666,0,-18162,743,-17419,0,-2502,27026,0,0,1,0,1,0
2050,1067187,167,-18965,645,-18152,6088,-2736,23462,0,0,1,0,1,0
2051,1067708,329,-19039,523,-18188,11942,-2865,18997,0,0,1,0,1,0
2052,1068229,477,-18381,380,-17524,17337,-2883,13802,0,0,1,0,1,0
2053,1068750,607,-17016,222,-16186,22066,-2791,8077,0,0,1,0,1,0
2054,1069270,714,-14996,56,-14227,25947,-2592,2041,0,0,1,0,1,0
2055,1069791,793,-12401,-112,-11720,28831,-2292,-4073,0,0,1,0,1,0
2056,1070312,842,-9328,-276,-8762,30607,-1905,-10031,0,0,1,0,1,0
2057,1070833,858,-5896,-429,-5467,31207,-1445,-15603,0,0,1,0,1,0
2058,1071354,842,-2238,-566,-1962,30607,-929,-20576,0,0,1,0,1,0
2059,1071875,793,1507,-681,1619,28831,-377,-24758,0,0,1,0,1,0
2060,1072395,714,5194,-770,5137,25947,189,-27988,0,0,1,0,1,0
2061,1072916,607,8681,-829,8459,22066,748,-30143,0,0,1,0,1,0
2062,1073437,477,11836,-857,11456,17337,1278,-31140,0,0,1,0,1,0
2063,1073958,329,14536,-851,14013,11942,1759,-30940,0,0,1,0,1,0
2064,1074479,167,16677,-813,16032,6088,2172,-29551,0,0,1,0,1,0
2065,1075000,0,18178,-743,17435,0,2502,-27026,0,0,1,0,1,0
2066,1075520,-167,18981,-645,18168,-6088,2736,-23462,0,0,1,0,1,0
2067,1076041,-329,19054,-523,18203,-11942,2865,-18997,0,0,1,0,1,0
2068,1076562,-477,18395,-380,17539,-17337,2883,-13802,0,0,1,0,1,0
2069,1077083,-607,17030,-222,16201,-22066,2791,-8077,0,0,1,0,1,0
2070,1077604,-714,15011,-56,14241,-25947,2592,-2041,0,0,1,0,1,0
2071,1078125,-793,12415,112,11734,-28831,2292,4073,0,0,1,0,1,0
2072,1078645,-842,9342,276,8776,-30607,1905,10031,0,0,1,0,1,0
2073,1079166,-858,5910,429,5481,-31207,1445,15603,0,0,1,0,1,0
2074,1079687,-842,2251,566,1975,-30607,929,20576,0,0,1,0,1,0
2075,1080208,-793,-1494,681,-1606,-28831,377,24758,0,0,1,0,1,0
2076,1080729,-714,-5181,770,-5125,-25947,-189,27988,0,0,1,0,1,0
2077,1081250,-607,-8669,829,-8447,-22066,-748,30143,0,0,1,0,1,0
2078,1081770,-477,-11824,857,-11444,-17337,-1278,31140,0,0,1,0,1,0
2079,1082291,-329,-14524,851,-14001,-11942,-1759,30940,0,0,1,0,1,0
2080,1082812,-167,-16665,813,-16020,-6088,-2172,29551,0,0,1,0,1,0
2081,1083333,0,-18167,743,-17423,0,-2502,27026,0,0,1,0,1,0
2082,1083854,167,-18969,645,-18156,6088,-2736,23462,0,0,1,0,1,0
2083,1084375,329,-19043,523,-18192,11942,-2865,18997,0,0,1,0,1,0
2084,1084895,477,-18385,380,-17528,17337,-2883,13802,0,0,1,0,1,0
2085,1085416,607,-17020,222,-16190,22066,-2791,8077,0,0,1,0,1,0
2086,1085937,714,-15000,56,-14230,25947,-2592,2041,0,0,1,0,1,0
2087,1086458,793,-12404,-112,-11723,28831,-2292,-4073,0,0,1,0,1,0
2088,1086979,842,-9332,-276,-8766,30607,-1905,-10031,0,0,1,0,1,0
2089,1087500,858,-5900,-429,-5471,31207,-1445,-15603,0,0,1,0,1,0
2090,1088020,842,-2242,-566,-1966,30607,-929,-20576,0,0,1,0,1,0
2091,1088541,793,1503,-681,1615,28831,-377,-24758,0,0,1,0,1,0
2092,1089062,714,5190,-770,5134,25947,189,-27988,0,0,1,0,1,0
2093,1089583,607,8678,-829,8456,22066,748,-30143,0,0,1,0,1,0
2094,1090104,477,11833,-857,11453,17337,1278,-31140,0,0,1,0,1,0
2095,1090625,329,14532,-851,14010,11942,1759,-30940,0,0,1,0,1,0
2096,1091145,167,16674,-813,16029,6088,2172,-29551,0,0,1,0,1,0
2097,1091666,0,18175,-743,17431,0,2502,-27026,0,0,1,0,1,0
2098,1092187,-167,18978,-645,18165,-6088,2736,-23462,0,0,1,0,1,0
2099,1092708,-329,19051,-523,18200,-11942,2865,-18997,0,0,1,0,1,0
2100,1093229,-477,18393,-380,17536,-17337,2883,-13802,0,0,1,0,1,0
2101,1093750,-607,17027,-222,16198,-22066,2791,-8077,0,0,1,0,1,0
2102,1094270,-714,15008,-56,14238,-25947,2592,-2041,0,0,1,0,1,0
2103,1094791,-793,12412,112,11731,-28831,2292,4073,0,0,1,0,1,0
2104,1095312,-842,9339,276,8773,-30607,1905,10031,0,0,1,0,1,0
2105,1095833,-858,5907,429,5478,-31207,1445,15603,0,0,1,0,1,0
2106,1096354,-842,2249,566,1973,-30607,929,20576,0,0,1,0,1,0
2107,1096875,-793,-1496,681,-1608,-28831,377,24758,0,0,1,0,1,0
2108,1097395,-714,-5183,770,-5127,-25947,-189,27988,0,0,1,0,1,0
2109,1097916,-607,-8671,829,-8449,-22066,-748,30143,0,0,1,0,1,0
2110,1098437,-477,-11826,857,-11446,-17337,-1278,31140,0,0,1,0,1,0
2111,1098958,-329,-14526,851,-14003,-11942,-1759,30940,0,0,1,0,1,0
2112,1099479,-167,-16668,813,-16022,-6088,-2172,29551,0,0,1,0,1,0
2113,1100000,0,-18169,743,-17425,0,-2502,27026,0,0,1,0,1,0
2114,1100520,167,-18972,645,-18159,6088,-2736,23462,0,0,1,0,1,0
2115,1101041,329,-19045,523,-18194,11942,-2865,18997,0,0,1,0,1,0
2116,1101562,477,-18387,380,-17530,17337,-2883,13802,0,0,1,0,1,0
2117,1102083,607,-17022,222,-16192,22066,-2791,8077,0,0,1,0,1,0
2118,1102604,714,-15002,56,-14232,25947,-2592,2041,0,0,1,0,1,0
2119,1103125,793,-12406,-112,-11725,28831,-2292,-4073,0,0,1,0,1,0
2120,1103645,842,-9334,-276,-8768,30607,-1905,-10031,0,0,1,0,1,0
2121,1104166,858,-5902,-429,-5473,31207,-1445,-15603,0,0,1,0,1,0
2122,1104687,842,-2244,-566,-1968,30607,-929,-20576,0,0,1,0,1,0
2123,1105208,793,1501,-681,1613,28831,-377,-24758,0,0,1,0,1,0
2124,1105729,714,5188,-770,5132,25947,189,-27988,0,0,1,0,1,0
2125,1106250,607,8676,-829,8454,22066,748,-30143,0,0,1,0,1,0
2126,1106770,477,11831,-857,11451,17337,1278,-31140,0,0,1,0,1,0
2127,1107291,329,14531,-851,14008,11942,1759,-30940,0,0,1,0,1,0
2128,1107812,167,16672,-813,16027,6088,2172,-29551,0,0,1,0,1,0
2129,1108333,0,18173,-743,17430,0,2502,-27026,0,0,1,0,1,0
2130,1108854,-167,18976,-645,18163,-6088,2736,-23462,0,0,1,0,1,0
2131,1109375,-329,19049,-523,18198,-11942,2865,-18997,0,0,1,0,1,0
2132,1109895,-477,18391,-380,17534,-17337,2883,-13802,0,0,1,0,1,0
2133,1110416,-607,17026,-222,16197,-22066,2791,-8077,0,0,1,0,1,0
2134,1110937,-714,15006,-56,14236,-25947,2592,-2041,0,0,1,0,1,0
2135,1111458,-793,12410,112,11729,-28831,2292,4073,0,0,1,0,1,0
2136,1111979,-842,9338,276,8771,-30607,1905,10031,0,0,1,0,1,0
2137,1112500,-858,5906,429,5477,-31207,1445,15603,0,0,1,0,1,0
2138,1113020,-842,2247,566,1971,-30607,929,20576,0,0,1,0,1,0
2139,1113541,-793,-1498,681,-1610,-28831,377,24758,0,0,1,0,1,0
2140,1114062,-714,-5185,770,-5129,-25947,-189,27988,0,0,1,0,1,0
2141,1114583,-607,-8673,829,-8451,-22066,-748,30143,0,0,1,0,1,0
2142,1115104,-477,-11827,857,-11448,-17337,-1278,31140,0,0,1,0,1,0
2143,1115625,-329,-14527,851,-14005,-11942,-1759,30940,0,0,1,0,1,0
2144,1116145,-167,-16669,813,-16024,-6088,-2172,29551,0,0,1,0,1,0
2145,1116666,0,-18170,743,-17427,0,-2502,27026,0,0,1,0,1,0
2146,1117187,167,-18973,645,-18160,6088,-2736,23462,0,0,1,0,1,0
2147,1117708,329,-19046,523,-18195,11942,-2865,18997,0,0,1,0,1,0
2148,1118229,477,-18388,380,-17531,17337,-2883,13802,0,0,1,0,1,0
2149,1118750,607,-17023,222,-16194,22066,-2791,8077,0,0,1,0,1,0
2150,1119270,714,-15003,56,-14234,25947,-2592,2041,0,0,1,0,1,0
2151,1119791,793,-12408,-112,-11726,28831,-2292,-4073,0,0,1,0,1,0
2152,1120312,842,-9335,-276,-8769,30607,-1905,-10031,0,0,1,0,1,0
2153,1120833,858,-5903,-429,-5474,31207,-1445,-15603,0,0,1,0,1,0
2154,1121354,842,-2245,-566,-1969,30607,-929,-20576,0,0,1,0,1,0
2155,1121875,793,1500,-681,1612,28831,-377,-24758,0,0,1,0,1,0
2156,1122395,714,5187,-770,5131,25947,189,-27988,0,0,1,0,1,0
2157,1122916,607,8675,-829,8453,22066,748,-30143,0,0,1,0,1,0
2158,1123437,477,11830,-857,11450,17337,1278,-31140,0,0,1,0,1,0
2159,1123958,329,14530,-851,14007,11942,1759,-30940,0,0,1,0,1,0
2160,1124479,167,16671,-813,16026,6088,2172,-29551,0,0,1,0,1,0
2161,1125000,0,18172,-743,17429,0,2502,-27026,0,0,1,0,1,0
2162,1125520,-167,18975,-645,18162,-6088,2736,-23462,0,0,1,0,1,0
2163,1126041,-329,19049,-523,18198,-11942,2865,-18997,0,0,1,0,1,0
2164,1126562,-477,18390,-380,17534,-17337,2883,-13802,0,0,1,0,1,0
2165,1127083,-607,17025,-222,16196,-22066,2791,-8077,0,0,1,0,1,0
2166,1127604,-714,15006,-56,14236,-25947,2592,-2041,0,0,1,0,1,0
2167,1128125,-793,12410,112,11729,-28831,2292,4073,0,0,1,0,1,0
2168,1128645,-842,9337,276,8771,-30607,1905,10031,0,0,1,0,1,0
2169,1129166,-858,5905,429,5476,-31207,1445,15603,0,0,1,0,1,0
2170,1129687,-842,2247,566,1971,-30607,929,20576,0,0,1,0,1,0
2171,1130208,-793,-1498,681,-1610,-28831,377,24758,0,0,1,0,1,0
2172,1130729,-714,-5185,770,-5129,-25947,-189,27988,0,0,1,0,1,0
2173,1131250,-607,-8673,829,-8451,-22066,-748,30143,0,0,1,0,1,0
2174,1131770,-477,-11828,857,-11448,-17337,-1278,31140,0,0,1,0,1,0
2175,1132291,-329,-14528,851,-14005,-11942,-1759,30940,0,0,1,0,1,0
2176,1132812,-167,-16670,813,-16024,-6088,-2172,29551,0,0,1,0,1,0
2177,1133333,0,-18171,743,-17427,0,-2502,27026,0,0,1,0,1,0
2178,1133854,167,-18973,645,-18160,6088,-2736,23462,0,0,1,0,1,0
2179,1134375,329,-19047,523,-18196,11942,-2865,18997,0,0,1,0,1,0
2180,1134895,477,-18389,380,-17532,17337,-2883,13802,0,0,1,0,1,0
2181,1135416,607,-17023,222,-16194,22066,-2791,8077,0,0,1,0,1,0
2182,1135937,714,-15004,56,-14234,25947,-2592,2041,0,0,1,0,1,0
2183,1136458,793,-12408,-112,-11727,28831,-2292,-4073,0,0,1,0,1,0
2184,1136979,842,-9335,-276,-8769,30607,-1905,-10031,0,0,1,0,1,0
2185,1137500,858,-5904,-429,-5474,31207,-1445,-15603,0,0,1,0,1,0
2186,1138020,842,-2245,-566,-1969,30607,-929,-20576,0,0,1,0,1,0
2187,1138541,793,1500,-681,1612,28831,-377,-24758,0,0,1,0,1,0
2188,1139062,714,5187,-770,5131,25947,189,-27988,0,0,1,0,1,0
2189,1139583,607,8675,-829,8453,22066,748,-30143,0,0,1,0,1,0
2190,1140104,477,11829,-857,11450,17337,1278,-31140,0,0,1,0,1,0
2191,1140625,329,14529,-851,14007,11942,1759,-30940,0,0,1,0,1,0
2192,1141145,167,16671,-813,16026,6088,2172,-29551,0,0,1,0,1,0
2193,1141666,0,18172,-743,17428,0,2502,-27026,0,0,1,0,1,0
2194,1142187,-167,18975,-645,18162,-6088,2736,-23462,0,0,1,0,1,0
2195,1142708,-329,19048,-523,18197,-11942,2865,-18997,0,0,1,0,1,0
2196,1143229,-477,18390,-380,17533,-17337,2883,-13802,0,0,1,0,1,0
2197,1143750,-607,17025,-222,16195,-22066,2791,-8077,0,0,1,0,1,0
2198,1144270,-714,15005,-56,14235,-25947,2592,-2041,0,0,1,0,1,0
2199,1144791,-793,12409,112,11728,-28831,2292,4073,0,0,1,0,1,0
2200,1145312,-842,9336,276,8770,-30607,1905,10031,0,0,1,0,1,0
2201,1145833,-858,5905,429,5475,-31207,1445,15603,0,0,1,0,1,0
2202,1146354,-842,2246,566,1970,-30607,929,20576,0,0,1,0,1,0
2203,1146875,-793,-1499,681,-1611,-28831,377,24758,0,0,1,0,1,0
2204,1147395,-714,-5186,770,-5130,-25947,-189,27988,0,0,1,0,1,0
2205,1147916,-607,-8674,829,-8452,-22066,-748,30143,0,0,1,0,1,0
2206,1148437,-477,-11828,857,-11449,-17337,-1278,31140,0,0,1,0,1,0
2207,1148958,-329,-14528,851,-14006,-11942,-1759,30940,0,0,1,0,1,0
2208,1149479,-167,-16670,813,-16025,-6088,-2172,29551,0,0,1,0,1,0
2209,1150000,0,-18171,743,-17428,0,-2502,27026,0,0,1,0,1,0
2210,1150520,167,-18974,645,-18161,6088,-2736,23462,0,0,1,0,1,0
2211,1151041,329,-19047,523,-18196,11942,-2865,18997,0,0,1,0,1,0
2212,1151562,477,-18389,380,-17532,17337,-2883,13802,0,0,1,0,1,0
2213,1152083,607,-17024,222,-16194,22066,-2791,8077,0,0,1,0,1,0
2214,1152604,714,-15004,56,-14234,25947,-2592,2041,0,0,1,0,1,0
2215,1153125,793,-12408,-112,-11727,28831,-2292,-4073,0,0,1,0,1,0
2216,1153645,842,-9336,-276,-8769,30607,-1905,-10031,0,0,1,0,1,0
2217,1154166,858,-5904,-429,-5475,31207,-1445,-15603,0,0,1,0,1,0
2218,1154687,842,-2245,-566,-1969,30607,-929,-20576,0,0,1,0,1,0
2219,1155208,793,1499,-681,1611,28831,-377,-24758,0,0,1,0,1,0
2220,1155729,714,5187,-770,5130,25947,189,-27988,0,0,1,0,1,0
2221,1156250,607,8675,-829,8452,22066,748,-30143,0,0,1,0,1,0
2222,1156770,477,11829,-857,11449,17337,1278,-31140,0,0,1,0,1,0
2223,1157291,329,14529,-851,14006,11942,1759,-30940,0,0,1,0,1,0
2224,1157812,167,16671,-813,16025,6088,2172,-29551,0,0,1,0,1,0
2225,1158333,0,18172,-743,17428,0,2502,-27026,0,0,1,0,1,0
2226,1158854,-167,18974,-645,18161,-6088,2736,-23462,0,0,1,0,1,0
2227,1159375,-329,19048,-523,18197,-11942,2865,-18997,0,0,1,0,1,0
2228,1159895,-477,18389,-380,17533,-17337,2883,-13802,0,0,1,0,1,0
2229,1160416,-607,17024,-222,16195,-22066,2791,-8077,0,0,1,0,1,0
2230,1160937,-714,15005,-56,14235,-25947,2592,-2041,0,0,1,0,1,0
2231,1161458,-793,12409,112,11728,-28831,2292,4073,0,0,1,0,1,0
2232,1161979,-842,9336,276,8770,-30607,1905,10031,0,0,1,0,1,0
2233,1162500,-858,5905,429,5475,-31207,1445,15603,0,0,1,0,1,0
2234,1163020,-842,2246,566,1970,-30607,929,20576,0,0,1,0,1,0
2235,1163541,-793,-1499,681,-1611,-28831,377,24758,0,0,1,0,1,0
2236,1164062,-714,-5186,770,-5130,-25947,-189,27988,0,0,1,0,1,0
2237,1164583,-607,-8674,829,-8452,-22066,-748,30143,0,0,1,0,1,0
2238,1165104,-477,-11829,857,-11449,-17337,-1278,31140,0,0,1,0,1,0
2239,1165625,-329,-14529,851,-14006,-11942,-1759,30940,0,0,1,0,1,0
2240,1166145,-167,-16670,813,-16025,-6088,-2172,29551,0,0,1,0,1,0
2241,1166666,0,-18171,743,-17428,0,-2502,27026,0,0,1,0,1,0
2242,1167187,167,-18974,645,-18161,6088,-2736,23462,0,0,1,0,1,0
2243,1167708,329,-19047,523,-18196,11942,-2865,18997,0,0,1,0,1,0
2244,1168229,477,-18389,380,-17532,17337,-2883,13802,0,0,1,0,1,0
2245,1168750,607,-17024,222,-16195,22066,-2791,8077,0,0,1,0,1,0
2246,1169270,714,-15005,56,-14235,25947,-2592,2041,0,0,1,0,1,0
2247,1169791,793,-12409,-112,-11727,28831,-2292,-4073,0,0,1,0,1,0
2248,1170312,842,-9336,-276,-8770,30607,-1905,-10031,0,0,1,0,1,0
2249,1170833,858,-5904,-429,-5475,31207,-1445,-15603,0,0,1,0,1,0
2250,1171354,842,-2246,-566,-1970,30607,-929,-20576,0,0,1,0,1,0
2251,1171875,793,1499,-681,1611,28831,-377,-24758,0,0,1,0,1,0
2252,1172395,714,5186,-770,5130,25947,189,-27988,0,0,1,0,1,0
2253,1172916,607,8674,-829,8452,22066,748,-30143,0,0,1,0,1,0
2254,1173437,477,11829,-857,11449,17337,1278,-31140,0,0,1,0,1,0
2255,1173958,329,14529,-851,14006,11942,1759,-30940,0,0,1,0,1,0
2256,1174479,167,16671,-813,16025,6088,2172,-29551,0,0,1,0,1,0
2257,1175000,0,18172,-743,17428,0,2502,-27026,0,0,1,0,1,0
2258,1175520,-167,18974,-645,18161,-6088,2736,-23462,0,0,1,0,1,0
2259,1176041,-329,19048,-523,18197,-11942,2865,-18997,0,0,1,0,1,0
2260,1176562,-477,18389,-380,17533,-17337,2883,-13802,0,0,1,0,1,0
2261,1177083,-607,17024,-222,16195,-22066,2791,-8077,0,0,1,0,1,0
2262,1177604,-714,15005,-56,14235,-25947,2592,-2041,0,0,1,0,1,0
2263,1178125,-793,12409,112,11728,-28831,2292,4073,0,0,1,0,1,0
2264,1178645,-842,9336,276,8770,-30607,1905,10031,0,0,1,0,1,0
2265,1179166,-858,5904,429,5475,-31207,1445,15603,0,0,1,0,1,0
2266,1179687,-842,2246,566,1970,-30607,929,20576,0,0,1,0,1,0
2267,1180208,-793,-1499,681,-1611,-28831,377,24758,0,0,1,0,1,0
2268,1180729,-714,-5186,770,-5130,-25947,-189,27988,0,0,1,0,1,0
2269,1181250,-607,-8674,829,-8452,-22066,-748,30143,0,0,1,0,1,0
2270,1181770,-477,-11829,857,-11449,-17337,-1278,31140,0,0,1,0,1,0
2271,1182291,-329,-14529,851,-14006,-11942,-1759,30940,0,0,1,0,1,0
2272,1182812,-167,-16670,813,-16025,-6088,-2172,29551,0,0,1,0,1,0
2273,1183333,0,-18171,743,-17428,0,-2502,27026,0,0,1,0,1,0
2274,1183854,167,-18974,645,-18161,6088,-2736,23462,0,0,1,0,1,0
2275,1184375,329,-19048,523,-18196,11942,-2865,18997,0,0,1,0,1,0
2276,1184895,477,-18389,380,-17532,17337,-2883,13802,0,0,1,0,1,0
2277,1185416,607,-17024,222,-16195,22066,-2791,8077,0,0,1,0,1,0
2278,1185937,714,-15005,56,-14235,25947,-2592,2041,0,0,1,0,1,0
2279,1186458,793,-12409,-112,-11728,28831,-2292,-4073,0,0,1,0,1,0
2280,1186979,842,-9336,-276,-8770,30607,-1905,-10031,0,0,1,0,1,0
2281,1187500,858,-5904,-429,-5475,31207,-1445,-15603,0,0,1,0,1,0
2282,1188020,842,-2246,-566,-1970,30607,-929,-20576,0,0,1,0,1,0
2283,1188541,793,1499,-681,1611,28831,-377,-24758,0,0,1,0,1,0
2284,1189062,714,5186,-770,5130,25947,189,-27988,0,0,1,0,1,0
2285,1189583,607,8674,-829,8452,22066,748,-30143,0,0,1,0,1,0
2286,1190104,477,11829,-857,11449,17337,1278,-31140,0,0,1,0,1,0
2287,1190625,329,14529,-851,14006,11942,1759,-30940,0,0,1,0,1,0
2288,1191145,167,16670,-813,16025,6088,2172,-29551,0,0,1,0,1,0
2289,1191666,0,18172,-743,17428,0,2502,-27026,0,0,1,0,1,0
2290,1192187,-167,18974,-645,18161,-6088,2736,-23462,0,0,1,0,1,0
2291,1192708,-329,19048,-523,18197,-11942,2865,-18997,0,0,1,0,1,0
2292,1193229,-477,18389,-380,17533,-17337,2883,-13802,0,0,1,0,1,0
2293,1193750,-607,17024,-222,16195,-22066,2791,-8077,0,0,1,0,1,0
2294,1194270,-714,15005,-56,14235,-25947,2592,-2041,0,0,1,0,1,0
2295,1194791,-793,12409,112,11728,-28831,2292,4073,0,0,1,0,1,0
2296,1195312,-842,9336,276,8770,-30607,1905,10031,0,0,1,0,1,0
2297,1195833,-858,5904,429,5475,-31207,1445,15603,0,0,1,0,1,0
2298,1196354,-842,2246,566,1970,-30607,929,20576,0,0,1,0,1,0
2299,1196875,-793,-1499,681,-1611,-28831,377,24758,0,0,1,0,1,0
2300,1197395,-714,-5186,770,-5130,-25947,-189,27988,0,0,1,0,1,0
2301,1197916,-607,-8674,829,-8452,-22066,-748,30143,0,0,1,0,1,0
2302,1198437,-477,-11829,857,-11449,-17337,-1278,31140,0,0,1,0,1,0
2303,1198958,-329,-14529,851,-14006,-11942,-1759,30940,0,0,1,0,1,0
2304,1199479,-167,-16670,813,-16025,-6088,-2172,29551,0,0,1,0,1,0
2305,1200000,0,-18171,743,-17428,0,-2502,27026,0,0,1,0,1,0
2306,1200520,167,-18974,645,-18161,6088,-2736,23462,0,0,1,0,1,0
2307,1201041,329,-19048,523,-18196,11942,-2865,18997,0,0,1,0,1,0
2308,1201562,477,-18389,380,-17533,17337,-2883,13802,0,0,1,0,1,0
2309,1202083,607,-17024,222,-16195,22066,-2791,8077,0,0,1,0,1,0
2310,1202604,714,-15005,56,-14235,25947,-2592,2041,0,0,1,0,1,0
2311,1203125,793,-12409,-112,-11728,28831,-2292,-4073,0,0,1,0,1,0
2312,1203645,842,-9336,-276,-8770,30607,-1905,-10031,0,0,1,0,1,0
2313,1204166,858,-5904,-429,-5475,31207,-1445,-15603,0,0,1,0,1,0
2314,1204687,842,-2246,-566,-1970,30607,-929,-20576,0,0,1,0,1,0
2315,1205208,793,1499,-681,1611,28831,-377,-24758,0,0,1,0,1,0
2316,1205729,714,5186,-770,5130,25947,189,-27988,0,0,1,0,1,0
2317,1206250,607,8674,-829,8452,22066,748,-30143,0,0,1,0,1,0
2318,1206770,477,11829,-857,11449,17337,1278,-31140,0,0,1,0,1,0
2319,1207291,329,14529,-851,14006,11942,1759,-30940,0,0,1,0,1,0
2320,1207812,167,16670,-813,16025,6088,2172,-29551,0,0,1,0,1,0
2321,1208333,0,18171,-743,17428,0,2502,-27026,0,0,1,0,1,0
2322,1208854,-167,18974,-645,18161,-6088,2736,-23462,0,0,1,0,1,0
2323,1209375,-329,19048,-523,18197,-11942,2865,-18997,0,0,1,0,1,0
2324,1209895,-477,18389,-380,17533,-17337,2883,-13802,0,0,1,0,1,0
2325,1210416,-607,17024,-222,16195,-22066,2791,-8077,0,0,1,0,1,0
2326,1210937,-714,15005,-56,14235,-25947,2592,-2041,0,0,1,0,1,0
2327,1211458,-793,12409,112,11728,-28831,2292,4073,0,0,1,0,1,0
2328,1211979,-842,9336,276,8770,-30607,1905,10031,0,0,1,0,1,0
2329,1212500,-858,5904,429,5475,-31207,1445,15603,0,0,1,0,1,0
2330,1213020,-842,2246,566,1970,-30607,929,20576,0,0,1,0,1,0
2331,1213541,-793,-1499,681,-1611,-28831,377,24758,0,0,1,0,1,0
2332,1214062,-714,-5186,770,-5130,-25947,-189,27988,0,0,1,0,1,0
2333,1214583,-607,-8674,829,-8452,-22066,-748,30143,0,0,1,0,1,0
2334,1215104,-477,-11829,857,-11449,-17337,-1278,31140,0,0,1,0,1,0
2335,1215625,-329,-14529,851,-14006,-11942,-1759,30940,0,0,1,0,1,0
2336,1216145,-167,-16670,813,-16025,-6088,-2172,29551,0,0,1,0,1,0
2337,1216666,0,-18171,743,-17428,0,-2502,27026,0,0,1,0,1,0
2338,1217187,167,-18974,645,-18161,6088,-2736,23462,0,0,1,0,1,0
2339,1217708,329,-19048,523,-18197,11942,-2865,18997,0,0,1,0,1,0
2340,1218229,477,-18389,380,-17533,17337,-2883,13802,0,0,1,0,1,0
2341,1218750,607,-17024,222,-16195,22066,-2791,8077,0,0,1,0,1,0
2342,1219270,714,-15005,56,-14235,25947,-2592,2041,0,0,1,0,1,0
2343,1219791,793,-12409,-112,-11728,28831,-2292,-4073,0,0,1,0,1,0
2344,1220312,842,-9336,-276,-8770,30607,-1905,-10031,0,0,1,0,1,0
2345,1220833,858,-5904,-429,-5475,31207,-1445,-15603,0,0,1,0,1,0
2346,1221354,842,-2246,-566,-1970,30607,-929,-20576,0,0,1,0,1,0
2347,1221875,793,1499,-681,1611,28831,-377,-24758,0,0,1,0,1,0
2348,1222395,714,5186,-770,5130,25947,189,-27988,0,0,1,0,1,0
2349,1222916,607,8674,-829,8452,22066,748,-30143,0,0,1,0,1,0
2350,1223437,477,11829,-857,11449,17337,1278,-31140,0,0,1,0,1,0
2351,1223958,329,14529,-851,14006,11942,1759,-30940,0,0,1,0,1,0
2352,1224479,167,16670,-813,16025,6088,2172,-29551,0,0,1,0,1,0
2353,1225000,0,18171,-743,17428,0,2502,-27026,0,0,1,0,1,0
2354,1225520,-167,18974,-645,18161,-6088,2736,-23462,0,0,1,0,1,0
2355,1226041,-329,19048,-523,18197,-11942,2865,-18997,0,0,1,0,1,0
2356,1226562,-477,18389,-380,17533,-17337,2883,-13802,0,0,1,0,1,0
2357,1227083,-607,17024,-222,16195,-22066,2791,-8077,0,0,1,0,1,0
2358,1227604,-714,15005,-56,14235,-25947,2592,-2041,0,0,1,0,1,0
2359,1228125,-793,12409,112,11728,-28831,2292,4073,0,0,1,0,1,0
2360,1228645,-842,9336,276,8770,-30607,1905,10031,0,0,1,0,1,0
2361,1229166,-858,5904,429,5475,-31207,1445,15603,0,0,1,0,1,0
2362,1229687,-842,2246,566,1970,-30607,929,20576,0,0,1,0,1,0
2363,1230208,-793,-1499,681,-1611,-28831,377,24758,0,0,1,0,1,0
2364,1230729,-714,-5186,770,-5130,-25947,-189,27988,0,0,1,0,1,0
2365,1231250,-607,-8674,829,-8452,-22066,-748,30143,0,0,1,0,1,0
2366,1231770,-477,-11829,857,-11449,-17337,-1278,31140,0,0,1,0,1,0
2367,1232291,-329,-14529,851,-14006,-11942,-1759,30940,0,0,1,0,1,0
2368,1232812,-167,-16670,813,-16025,-6088,-2172,29551,0,0,1,0,1,0
2369,1233333,0,-18171,743,-17428,0,-2502,27026,0,0,1,0,1,0
2370,1233854,167,-18974,645,-18161,6088,-2736,23462,0,0,1,0,1,0
2371,1234375,329,-19048,523,-18197,11942,-2865,18997,0,0,1,0,1,0
2372,1234895,477,-18389,380,-17533,17337,-2883,13802,0,0,1,0,1,0
2373,1235416,607,-17024,222,-16195,22066,-2791,8077,0,0,1,0,1,0
2374,1235937,714,-15005,56,-14235,25947,-2592,2041,0,0,1,0,1,0
2375,1236458,793,-12409,-112,-11728,28831,-2292,-4073,0,0,1,0,1,0
2376,1236979,842,-9336,-276,-8770,30607,-1905,-10031,0,0,1,0,1,0
2377,1237500,858,-5904,-429,-5475,31207,-1445,-15603,0,0,1,0,1,0
2378,1238020,842,-2246,-566,-1970,30607,-929,-20576,0,0,1,0,1,0
2379,1238541,793,1499,-681,1611,28831,-377,-24758,0,0,1,0,1,0
2380,1239062,714,5186,-770,5130,25947,189,-27988,0,0,1,0,1,0
2381,1239583,607,8674,-829,8452,22066,748,-30143,0,0,1,0,1,0
2382,1240104,477,11829,-857,11449,17337,1278,-31140,0,0,1,0,1,0
2383,1240625,329,14529,-851,14006,11942,1759,-30940,0,0,1,0,1,0
2384,1241145,167,16670,-813,16025,6088,2172,-29551,0,0,1,0,1,0
2385,1241666,0,18171,-743,17428,0,2502,-27026,0,0,1,0,1,0
2386,1242187,-167,18974,-645,18161,-6088,2736,-23462,0,0,1,0,1,0
2387,1242708,-329,19048,-523,18197,-11942,2865,-18997,0,0,1,0,1,0
2388,1243229,-477,18389,-380,17533,-17337,2883,-13802,0,0,1,0,1,0
2389,1243750,-607,17024,-222,16195,-22066,2791,-8077,0,0,1,0,1,0
2390,1244270,-714,15005,-56,14235,-25947,2592,-2041,0,0,1,0,1,0
2391,1244791,-793,12409,112,11728,-28831,2292,4073,0,0,1,0,1,0
2392,1245312,-842,9336,276,8770,-30607,1905,10031,0,0,1,0,1,0
2393,1245833,-858,5904,429,5475,-31207,1445,15603,0,0,1,0,1,0
2394,1246354,-842,2246,566,1970,-30607,929,20576,0,0,1,0,1,0
2395,1246875,-793,-1499,681,-1611,-28831,377,24758,0,0,1,0,1,0
2396,1247395,-714,-5186,770,-5130,-25947,-189,27988,0,0,1,0,1,0
2397,1247916,-607,-8674,829,-8452,-22066,-748,30143,0,0,1,0,1,0
2398,1248437,-477,-11829,857,-11449,-17337,-1278,31140,0,0,1,0,1,0
2399,1248958,-329,-14529,851,-14006,-11942,-1759,30940,0,0,1,0,1,0
2400,1249479,-167,-16670,813,-16025,-6088,-2172,29551,0,0,1,0,1,0
2401,1250000,0,-18171,743,-17428,0,-2502,27026,0,0,1,0,1,0
2402,1250520,167,-18974,645,-18161,6088,-2736,23462,0,0,1,0,1,0
2403,1251041,329,-19048,523,-18197,11942,-2865,18997,0,0,1,0,1,0
2404,1251562,0,0,0,0,0,0,0,1,0,0,0,0,1
2405,1252083,0,0,0,0,0,0,0,1,0,0,0,0,1
2406,1252604,0,0,0,0,0,0,0,1,0,0,0,0,1
2407,1253125,0,0,0,0,0,0,0,1,0,0,0,0,1
2408,1253645,0,0,0,0,0,0,0,1,0,0,0,0,1
2409,1254166,0,0,0,0,0,0,0,1,0,0,0,0,1
2410,1254687,0,0,0,0,0,0,0,1,0,0,0,0,1
2411,1255208,0,0,0,0,0,0,0,1,0,0,0,0,1
2412,1255729,0,0,0,0,0,0,0,1,0,0,0,0,1
2413,1256250,0,0,0,0,0,0,0,1,0,0,0,0,1
2414,1256770,0,0,0,0,0,0,0,1,0,0,0,0,1
2415,1257291,0,0,0,0,0,0,0,1,0,0,0,0,1
2416,1257812,0,0,0,0,0,0,0,1,0,0,0,0,1
2417,1258333,0,0,0,0,0,0,0,1,0,0,0,0,1
2418,1258854,0,0,0,0,0,0,0,1,0,0,0,0,1
2419,1259375,0,0,0,0,0,0,0,1,0,0,0,0,1
2420,1259895,0,0,0,0,0,0,0,1,0,0,0,0,1
2421,1260416,0,0,0,0,0,0,0,1,0,0,0,0,1
2422,1260937,0,0,0,0,0,0,0,1,0,0,0,0,1
2423,1261458,0,0,0,0,0,0,0,1,0,0,0,0,1
2424,1261979,0,0,0,0,0,0,0,1,0,0,0,0,1
2425,1262500,0,0,0,0,0,0,0,1,0,0,0,0,1
2426,1263020,0,0,0,0,0,0,0,1,0,0,0,0,1
2427,1263541,0,0,0,0,0,0,0,1,0,0,0,0,1
2428,1264062,0,0,0,0,0,0,0,1,0,0,0,0,1
2429,1264583,0,0,0,0,0,0,0,1,0,0,0,0,1
2430,1265104,0,0,0,0,0,0,0,1,0,0,0,0,1
2431,1265625,0,0,0,0,0,0,0,1,0,0,0,0,1
2432,1266145,0,0,0,0,0,0,0,1,0,0,0,0,1
2433,1266666,0,0,0,0,0,0,0,1,0,0,0,0,1
2434,1267187,0,0,0,0,0,0,0,1,0,0,0,0,1
2435,1267708,0,0,0,0,0,0,0,1,0,0,0,0,1
2436,1268229,0,0,0,0,0,0,0,1,0,0,0,0,1
2437,1268750,0,0,0,0,0,0,0,1,0,0,0,0,1
2438,1269270,0,0,0,0,0,0,0,1,0,0,0,0,1
2439,1269791,0,0,0,0,0,0,0,1,0,0,0,0,1
2440,1270312,0,0,0,0,0,0,0,1,0,0,0,0,1
2441,1270833,0,0,0,0,0,0,0,1,0,0,0,0,1
2442,1271354,0,0,0,0,0,0,0,1,0,0,0,0,1
2443,1271875,0,0,0,0,0,0,0,1,0,0,0,0,1
2444,1272395,0,0,0,0,0,0,0,1,0,0,0,0,1
2445,1272916,0,0,0,0,0,0,0,1,0,0,0,0,1
2446,1273437,0,0,0,0,0,0,0,1,0,0,0,0,1
2447,1273958,0,0,0,0,0,0,0,1,0,0,0,0,1
2448,1274479,0,0,0,0,0,0,0,1,0,0,0,0,1
2449,1275000,0,0,0,0,0,0,0,1,0,0,0,0,1
2450,1275520,0,0,0,0,0,0,0,1,0,0,0,0,1
2451,1276041,0,0,0,0,0,0,0,1,0,0,0,0,1
2452,1276562,0,0,0,0,0,0,0,1,0,0,0,0,1
2453,1277083,0,0,0,0,0,0,0,1,0,0,0,0,1
2454,1277604,0,0,0,0,0,0,0,1,0,0,0,0,1
2455,1278125,0,0,0,0,0,0,0,1,0,0,0,0,1
2456,1278645,0,0,0,0,0,0,0,1,0,0,0,0,1
2457,1279166,0,0,0,0,0,0,0,1,0,0,0,0,1
2458,1279687,0,0,0,0,0,0,0,1,0,0,0,0,1
2459,1280208,0,0,0,0,0,0,0,1,0,0,0,0,1
2460,1280729,0,0,0,0,0,0,0,1,0,0,0,0,1
2461,1281250,0,0,0,0,0,0,0,1,0,0,0,0,1
2462,1281770,0,0,0,0,0,0,0,1,0,0,0,0,1
2463,1282291,0,0,0,0,0,0,0,1,0,0,0,0,1
2464,1282812,0,0,0,0,0,0,0,1,0,0,0,0,1
2465,1283333,0,0,0,0,0,0,0,1,0,0,0,0,1
2466,1283854,0,0,0,0,0,0,0,1,0,0,0,0,1
2467,1284375,0,0,0,0,0,0,0,1,0,0,0,0,1
2468,1284895,0,0,0,0,0,0,0,1,0,0,0,0,1
2469,1285416,0,0,0,0,0,0,0,1,0,0,0,0,1
2470,1285937,0,0,0,0,0,0,0,1,0,0,0,0,1
2471,1286458,0,0,0,0,0,0,0,1,0,0,0,0,1
2472,1286979,0,0,0,0,0,0,0,1,0,0,0,0,1
2473,1287500,0,0,0,0,0,0,0,1,0,0,0,0,1
2474,1288020,0,0,0,0,0,0,0,1,0,0,0,0,1
2475,1288541,0,0,0,0,0,0,0,1,0,0,0,0,1
2476,1289062,0,0,0,0,0,0,0,1,0,0,0,0,1
2477,1289583,0,0,0,0,0,0,0,1,0,0,0,0,1
2478,1290104,0,0,0,0,0,0,0,1,0,0,0,0,1
2479,1290625,0,0,0,0,0,0,0,1,0,0,0,0,1
2480,1291145,0,0,0,0,0,0,0,1,0,0,0,0,1
2481,1291666,0,0,0,0,0,0,0,1,0,0,0,0,1
2482,1292187,0,0,0,0,0,0,0,1,0,0,0,0,1
2483,1292708,0,0,0,0,0,0,0,1,0,0,0,0,1
2484,1293229,0,0,0,0,0,0,0,1,0,0,0,0,1
2485,1293750,0,0,0,0,0,0,0,1,0,0,0,0,1
2486,1294270,0,0,0,0,0,0,0,1,0,0,0,0,1
2487,1294791,0,0,0,0,0,0,0,1,0,0,0,0,1
2488,1295312,0,0,0,0,0,0,0,1,0,0,0,0,1
2489,1295833,0,0,0,0,0,0,0,1,0,0,0,0,1
2490,1296354,0,0,0,0,0,0,0,1,0,0,0,0,1
2491,1296875,0,0,0,0,0,0,0,1,0,0,0,0,1
2492,1297395,0,0,0,0,0,0,0,1,0,0,0,0,1
2493,1297916,0,0,0,0,0,0,0,1,0,0,0,0,1
2494,1298437,0,0,0,0,0,0,0,1,0,0,0,0,1
2495,1298958,0,0,0,0,0,0,0,1,0,0,0,0,1
2496,1299479,0,0,0,0,0,0,0,1,0,0,0,0,1
2497,1300000,0,0,0,0,0,0,0,1,0,0,0,0,1
2498,1300520,0,0,0,0,0,0,0,1,0,0,0,0,1
2499,1301041,0,0,0,0,0,0,0,1,0,0,0,0,1
2500,1301562,0,0,0,0,0,0,0,1,0,0,0,0,1
2501,1302083,0,0,0,0,0,0,0,1,0,0,0,0,1
2502,1302604,0,0,0,0,0,0,0,1,0,0,0,0,1
2503,1303125,0,0,0,0,0,0,0,1,0,0,0,0,1
2504,1303645,0,0,0,0,0,0,0,1,0,0,0,0,1
2505,1304166,0,0,0,0,0,0,0,1,0,0,0,0,1
2506,1304687,0,0,0,0,0,0,0,1,0,0,0,0,1
2507,1305208,0,0,0,0,0,0,0,1,0,0,0,0,1
2508,1305729,0,0,0,0,0,0,0,1,0,0,0,0,1
2509,1306250,0,0,0,0,0,0,0,1,0,0,0,0,1
2510,1306770,0,0,0,0,0,0,0,1,0,0,0,0,1
2511,1307291,0,0,0,0,0,0,0,1,0,0,0,0,1
2512,1307812,0,0,0,0,0,0,0,1,0,0,0,0,1
2513,1308333,0,0,0,0,0,0,0,1,0,0,0,0,1
2514,1308854,0,0,0,0,0,0,0,1,0,0,0,0,1
2515,1309375,0,0,0,0,0,0,0,1,0,0,0,0,1
2516,1309895,0,0,0,0,0,0,0,1,0,0,0,0,1
2517,1310416,0,0,0,0,0,0,0,1,0,0,0,0,1
2518,1310937,0,0,0,0,0,0,0,1,0,0,0,0,1
2519,1311458,0,0,0,0,0,0,0,1,0,0,0,0,1
2520,1311979,0,0,0,0,0,0,0,1,0,0,0,0,1
2521,1312500,0,0,0,0,0,0,0,1,0,0,0,0,1
2522,1313020,0,0,0,0,0,0,0,1,0,0,0,0,1
2523,1313541,0,0,0,0,0,0,0,1,0,0,0,0,1
2524,1314062,0,0,0,0,0,0,0,1,0,0,0,0,1
2525,1314583,0,0,0,0,0,0,0,1,0,0,0,0,1
2526,1315104,0,0,0,0,0,0,0,1,0,0,0,0,1
2527,1315625,0,0,0,0,0,0,0,1,0,0,0,0,1
2528,1316145,0,0,0,0,0,0,0,1,0,0,0,0,1
2529,1316666,0,0,0,0,0,0,0,1,0,0,0,0,1
2530,1317187,0,0,0,0,0,0,0,1,0,0,0,0,1
2531,1317708,0,0,0,0,0,0,0,1,0,0,0,0,1
2532,1318229,0,0,0,0,0,0,0,1,0,0,0,0,1
2533,1318750,0,0,0,0,0,0,0,1,0,0,0,0,1
2534,1319270,0,0,0,0,0,0,0,1,0,0,0,0,1
2535,1319791,0,0,0,0,0,0,0,1,0,0,0,0,1
2536,1320312,0,0,0,0,0,0,0,1,0,0,0,0,1
2537,1320833,0,0,0,0,0,0,0,1,0,0,0,0,1
2538,1321354,0,0,0,0,0,0,0,1,0,0,0,0,1
2539,1321875,0,0,0,0,0,0,0,1,0,0,0,0,1
2540,1322395,0,0,0,0,0,0,0,1,0,0,0,0,1
2541,1322916,0,0,0,0,0,0,0,1,0,0,0,0,1
2542,1323437,0,0,0,0,0,0,0,1,0,0,0,0,1
2543,1323958,0,0,0,0,0,0,0,1,0,0,0,0,1
2544,1324479,0,0,0,0,0,0,0,1,0,0,0,0,1
2545,1325000,0,0,0,0,0,0,0,1,0,0,0,0,1
2546,1325520,0,0,0,0,0,0,0,1,0,0,0,0,1
2547,1326041,0,0,0,0,0,0,0,1,0,0,0,0,1
2548,1326562,0,0,0,0,0,0,0,1,0,0,0,0,1
2549,1327083,0,0,0,0,0,0,0,1,0,0,0,0,1
2550,1327604,0,0,0,0,0,0,0,1,0,0,0,0,1
2551,1328125,0,0,0,0,0,0,0,1,0,0,0,0,1
2552,1328645,0,0,0,0,0,0,0,1,0,0,0,0,1
2553,1329166,0,0,0,0,0,0,0,1,0,0,0,0,1
2554,1329687,0,0,0,0,0,0,0,1,0,0,0,0,1
2555,1330208,0,0,0,0,0,0,0,1,0,0,0,0,1
2556,1330729,0,0,0,0,0,0,0,1,0,0,0,0,1
2557,1331250,0,0,0,0,0,0,0,1,0,0,0,0,1
2558,1331770,0,0,0,0,0,0,0,1,0,0,0,0,1
2559,1332291,0,0,0,0,0,0,0,1,0,0,0,0,1
2560,1332812,0,0,0,0,0,0,0,1,0,0,0,0,1
2561,1333333,0,0,0,0,0,0,0,1,0,0,0,0,1
2562,1333854,0,0,0,0,0,0,0,1,0,0,0,0,1
2563,1334375,0,0,0,0,0,0,0,1,0,0,0,0,1
2564,1334895,0,0,0,0,0,0,0,1,0,0,0,0,1
2565,1335416,0,0,0,0,0,0,0,1,0,0,0,0,1
2566,1335937,0,0,0,0,0,0,0,1,0,0,0,0,1
2567,1336458,0,0,0,0,0,0,0,1,0,0,0,0,1
2568,1336979,0,0,0,0,0,0,0,1,0,0,0,0,1
2569,1337500,0,0,0,0,0,0,0,1,0,0,0,0,1
2570,1338020,0,0,0,0,0,0,0,1,0,0,0,0,1
2571,1338541,0,0,0,0,0,0,0,1,0,0,0,0,1
2572,1339062,0,0,0,0,0,0,0,1,0,0,0,0,1
2573,1339583,0,0,0,0,0,0,0,1,0,0,0,0,1
2574,1340104,0,0,0,0,0,0,0,1,0,0,0,0,1
2575,1340625,0,0,0,0,0,0,0,1,0,0,0,0,1
2576,1341145,0,0,0,0,0,0,0,1,0,0,0,0,1
2577,1341666,0,0,0,0,0,0,0,1,0,0,0,0,1
2578,1342187,0,0,0,0,0,0,0,1,0,0,0,0,1
2579,1342708,0,0,0,0,0,0,0,1,0,0,0,0,1
2580,1343229,0,0,0,0,0,0,0,1,0,0,0,0,1
2581,1343750,0,0,0,0,0,0,0,1,0,0,0,0,1
2582,1344270,0,0,0,0,0,0,0,1,0,0,0,0,1
2583,1344791,0,0,0,0,0,0,0,1,0,0,0,0,1
2584,1345312,0,0,0,0,0,0,0,1,0,0,0,0,1
2585,1345833,0,0,0,0,0,0,0,1,0,0,0,0,1
2586,1346354,0,0,0,0,0,0,0,1,0,0,0,0,1
2587,1346875,0,0,0,0,0,0,0,1,0,0,0,0,1
2588,1347395,0,0,0,0,0,0,0,1,0,0,0,0,1
2589,1347916,0,0,0,0,0,0,0,1,0,0,0,0,1
2590,1348437,0,0,0,0,0,0,0,1,0,0,0,0,1
2591,1348958,0,0,0,0,0,0,0,1,0,0,0,0,1
2592,1349479,0,0,0,0,0,0,0,1,0,0,0,0,1
2593,1350000,0,0,0,0,0,0,0,1,0,0,0,0,1
2594,1350520,0,0,0,0,0,0,0,1,0,0,0,0,1
2595,1351041,0,0,0,0,0,0,0,1,0,0,0,0,1
2596,1351562,0,0,0,0,0,0,0,1,0,0,0,0,1
2597,1352083,0,0,0,0,0,0,0,1,0,0,0,0,1
2598,1352604,0,0,0,0,0,0,0,1,0,0,0,0,1
2599,1353125,0,0,0,0,0,0,0,1,0,0,0,0,1
2600,1353645,0,0,0,0,0,0,0,1,0,0,0,0,1
2601,1354166,0,0,0,0,0,0,0,1,0,0,0,0,1
2602,1354687,0,0,0,0,0,0,0,1,0,0,0,0,1
2603,1355208,0,0,0,0,0,0,0,1,0,0,0,0,1
2604,1355729,0,0,0,0,0,0,0,1,0,0,0,0,1
2605,1356250,0,0,0,0,0,0,0,1,0,0,0,0,1
2606,1356770,0,0,0,0,0,0,0,1,0,0,0,0,1
2607,1357291,0,0,0,0,0,0,0,1,0,0,0,0,1
2608,1357812,0,0,0,0,0,0,0,1,0,0,0,0,1
2609,1358333,0,0,0,0,0,0,0,1,0,0,0,0,1
2610,1358854,0,0,0,0,0,0,0,1,0,0,0,0,1
2611,1359375,0,0,0,0,0,0,0,1,0,0,0,0,1
2612,1359895,0,0,0,0,0,0,0,1,0,0,0,0,1
2613,1360416,0,0,0,0,0,0,0,1,0,0,0,0,1
2614,1360937,0,0,0,0,0,0,0,1,0,0,0,0,1
2615,1361458,0,0,0,0,0,0,0,1,0,0,0,0,1
2616,1361979,0,0,0,0,0,0,0,1,0,0,0,0,1
2617,1362500,0,0,0,0,0,0,0,1,0,0,0,0,1
2618,1363020,0,0,0,0,0,0,0,1,0,0,0,0,1
2619,1363541,0,0,0,0,0,0,0,1,0,0,0,0,1
2620,1364062,0,0,0,0,0,0,0,1,0,0,0,0,1
2621,1364583,0,0,0,0,0,0,0,1,0,0,0,0,1
2622,1365104,0,0,0,0,0,0,0,1,0,0,0,0,1
2623,1365625,0,0,0,0,0,0,0,1,0,0,0,0,1
2624,1366145,0,0,0,0,0,0,0,1,0,0,0,0,1
2625,1366666,0,0,0,0,0,0,0,1,0,0,0,0,1
2626,1367187,0,0,0,0,0,0,0,1,0,0,0,0,1
2627,1367708,0,0,0,0,0,0,0,1,0,0,0,0,1
2628,1368229,0,0,0,0,0,0,0,1,0,0,0,0,1
2629,1368750,0,0,0,0,0,0,0,1,0,0,0,0,1
2630,1369270,0,0,0,0,0,0,0,1,0,0,0,0,1
2631,1369791,0,0,0,0,0,0,0,1,0,0,0,0,1
2632,1370312,0,0,0,0,0,0,0,1,0,0,0,0,1
2633,1370833,0,0,0,0,0,0,0,1,0,0,0,0,1
2634,1371354,0,0,0,0,0,0,0,1,0,0,0,0,1
2635,1371875,0,0,0,0,0,0,0,1,0,0,0,0,1
2636,1372395,0,0,0,0,0,0,0,1,0,0,0,0,1
2637,1372916,0,0,0,0,0,0,0,1,0,0,0,0,1
2638,1373437,0,0,0,0,0,0,0,1,0,0,0,0,1
2639,1373958,0,0,0,0,0,0,0,1,0,0,0,0,1
2640,1374479,0,0,0,0,0,0,0,1,0,0,0,0,1
2641,1375000,0,0,0,0,0,0,0,1,0,0,0,0,1
2642,1375520,0,0,0,0,0,0,0,1,0,0,0,0,1
2643,1376041,0,0,0,0,0,0,0,1,0,0,0,0,1
2644,1376562,0,0,0,0,0,0,0,1,0,0,0,0,1
2645,1377083,0,0,0,0,0,0,0,1,0,0,0,0,1
2646,1377604,0,0,0,0,0,0,0,1,0,0,0,0,1
2647,1378125,0,0,0,0,0,0,0,1,0,0,0,0,1
2648,1378645,0,0,0,0,0,0,0,1,0,0,0,0,1
2649,1379166,0,0,0,0,0,0,0,1,0,0,0,0,1
2650,1379687,0,0,0,0,0,0,0,1,0,0,0,0,1
2651,1380208,0,0,0,0,0,0,0,1,0,0,0,0,1
2652,1380729,0,0,0,0,0,0,0,1,0,0,0,0,1
2653,1381250,0,0,0,0,0,0,0,1,0,0,0,0,1
2654,1381770,0,0,0,0,0,0,0,1,0,0,0,0,1
2655,1382291,0,0,0,0,0,0,0,1,0,0,0,0,1
2656,1382812,0,0,0,0,0,0,0,1,0,0,0,0,1
2657,1383333,0,0,0,0,0,0,0,1,0,0,0,0,1
2658,1383854,0,0,0,0,0,0,0,1,0,0,0,0,1
2659,1384375,0,0,0,0,0,0,0,1,0,0,0,0,1
2660,1384895,0,0,0,0,0,0,0,1,0,0,0,0,1
2661,1385416,0,0,0,0,0,0,0,1,0,0,0,0,1
2662,1385937,0,0,0,0,0,0,0,1,0,0,0,0,1
2663,1386458,0,0,0,0,0,0,0,1,0,0,0,0,1
2664,1386979,0,0,0,0,0,0,0,1,0,0,0,0,1
2665,1387500,0,0,0,0,0,0,0,1,0,0,0,0,1
2666,1388020,0,0,0,0,0,0,0,1,0,0,0,0,1
2667,1388541,0,0,0,0,0,0,0,1,0,0,0,0,1
2668,1389062,0,0,0,0,0,0,0,1,0,0,0,0,1
2669,1389583,0,0,0,0,0,0,0,1,0,0,0,0,1
2670,1390104,0,0,0,0,0,0,0,1,0,0,0,0,1
2671,1390625,0,0,0,0,0,0,0,1,0,0,0,0,1
2672,1391145,0,0,0,0,0,0,0,1,0,0,0,0,1
2673,1391666,0,0,0,0,0,0,0,1,0,0,0,0,1
2674,1392187,0,0,0,0,0,0,0,1,0,0,0,0,1
2675,1392708,0,0,0,0,0,0,0,1,0,0,0,0,1
2676,1393229,0,0,0,0,0,0,0,1,0,0,0,0,1
2677,1393750,0,0,0,0,0,0,0,1,0,0,0,0,1
2678,1394270,0,0,0,0,0,0,0,1,0,0,0,0,1
2679,1394791,0,0,0,0,0,0,0,1,0,0,0,0,1
2680,1395312,0,0,0,0,0,0,0,1,0,0,0,0,1
2681,1395833,0,0,0,0,0,0,0,1,0,0,0,0,1
2682,1396354,0,0,0,0,0,0,0,1,0,0,0,0,1
2683,1396875,0,0,0,0,0,0,0,1,0,0,0,0,1
2684,1397395,0,0,0,0,0,0,0,1,0,0,0,0,1
2685,1397916,0,0,0,0,0,0,0,1,0,0,0,0,1
2686,1398437,0,0,0,0,0,0,0,1,0,0,0,0,1
2687,1398958,0,0,0,0,0,0,0,1,0,0,0,0,1
2688,1399479,0,0,0,0,0,0,0,1,0,0,0,0,1
2689,1400000,0,0,0,0,0,0,0,1,0,0,0,0,1
2690,1400520,0,0,0,0,0,0,0,1,0,0,0,0,1
2691,1401041,0,0,0,0,0,0,0,1,0,0,0,0,1
2692,1401562,0,0,0,0,0,0,0,1,0,0,0,0,1
2693,1402083,0,0,0,0,0,0,0,1,0,0,0,0,1
2694,1402604,0,0,0,0,0,0,0,1,0,0,0,0,1
2695,1403125,0,0,0,0,0,0,0,1,0,0,0,0,1
2696,1403645,0,0,0,0,0,0,0,1,0,0,0,0,1
2697,1404166,0,0,0,0,0,0,0,1,0,0,0,0,1
2698,1404687,0,0,0,0,0,0,0,1,0,0,0,0,1
2699,1405208,0,0,0,0,0,0,0,1,0,0,0,0,1
2700,1405729,0,0,0,0,0,0,0,1,0,0,0,0,1
2701,1406250,0,0,0,0,0,0,0,1,0,0,0,0,1
2702,1406770,0,0,0,0,0,0,0,1,0,0,0,0,1
2703,1407291,0,0,0,0,0,0,0,1,0,0,0,0,1
2704,1407812,0,0,0,0,0,0,0,1,0,0,0,0,1
2705,1408333,0,0,0,0,0,0,0,1,0,0,0,0,1
2706,1408854,0,0,0,0,0,0,0,1,0,0,0,0,1
2707,1409375,0,0,0,0,0,0,0,1,0,0,0,0,1
2708,1409895,0,0,0,0,0,0,0,1,0,0,0,0,1
2709,1410416,0,0,0,0,0,0,0,1,0,0,0,0,1
2710,1410937,0,0,0,0,0,0,0,1,0,0,0,0,1
2711,1411458,0,0,0,0,0,0,0,1,0,0,0,0,1
2712,1411979,0,0,0,0,0,0,0,1,0,0,0,0,1
2713,1412500,0,0,0,0,0,0,0,1,0,0,0,0,1
2714,1413020,0,0,0,0,0,0,0,1,0,0,0,0,1
2715,1413541,0,0,0,0,0,0,0,1,0,0,0,0,1
2716,1414062,0,0,0,0,0,0,0,1,0,0,0,0,1
2717,1414583,0,0,0,0,0,0,0,1,0,0,0,0,1
2718,1415104,0,0,0,0,0,0,0,1,0,0,0,0,1
2719,1415625,0,0,0,0,0,0,0,1,0,0,0,0,1
2720,1416145,0,0,0,0,0,0,0,1,0,0,0,0,1
2721,1416666,0,0,0,0,0,0,0,1,0,0,0,0,1
2722,1417187,0,0,0,0,0,0,0,1,0,0,0,0,1
2723,1417708,0,0,0,0,0,0,0,1,0,0,0,0,1
2724,1418229,0,0,0,0,0,0,0,1,0,0,0,0,1
2725,1418750,0,0,0,0,0,0,0,1,0,0,0,0,1
2726,1419270,0,0,0,0,0,0,0,1,0,0,0,0,1
2727,1419791,0,0,0,0,0,0,0,1,0,0,0,0,1
2728,1420312,0,0,0,0,0,0,0,1,0,0,0,0,1
2729,1420833,0,0,0,0,0,0,0,1,0,0,0,0,1
2730,1421354,0,0,0,0,0,0,0,1,0,0,0,0,1
2731,1421875,0,0,0,0,0,0,0,1,0,0,0,0,1
2732,1422395,0,0,0,0,0,0,0,1,0,0,0,0,1
2733,1422916,0,0,0,0,0,0,0,1,0,0,0,0,1
2734,1423437,0,0,0,0,0,0,0,1,0,0,0,0,1
2735,1423958,0,0,0,0,0,0,0,1,0,0,0,0,1
2736,1424479,0,0,0,0,0,0,0,1,0,0,0,0,1
2737,1425000,0,0,0,0,0,0,0,1,0,0,0,0,1
2738,1425520,0,0,0,0,0,0,0,1,0,0,0,0,1
2739,1426041,0,0,0,0,0,0,0,1,0,0,0,0,1
2740,1426562,0,0,0,0,0,0,0,1,0,0,0,0,1
2741,1427083,0,0,0,0,0,0,0,1,0,0,0,0,1
2742,1427604,0,0,0,0,0,0,0,1,0,0,0,0,1
2743,1428125,0,0,0,0,0,0,0,1,0,0,0,0,1
2744,1428645,0,0,0,0,0,0,0,1,0,0,0,0,1
2745,1429166,0,0,0,0,0,0,0,1,0,0,0,0,1
2746,1429687,0,0,0,0,0,0,0,1,0,0,0,0,1
2747,1430208,0,0,0,0,0,0,0,1,0,0,0,0,1
2748,1430729,0,0,0,0,0,0,0,1,0,0,0,0,1
2749,1431250,0,0,0,0,0,0,0,1,0,0,0,0,1
2750,1431770,0,0,0,0,0,0,0,1,0,0,0,0,1
2751,1432291,0,0,0,0,0,0,0,1,0,0,0,0,1
2752,1432812,0,0,0,0,0,0,0,1,0,0,0,0,1
2753,1433333,0,0,0,0,0,0,0,1,0,0,0,0,1
2754,1433854,0,0,0,0,0,0,0,1,0,0,0,0,1
2755,1434375,0,0,0,0,0,0,0,1,0,0,0,0,1
2756,1434895,0,0,0,0,0,0,0,1,0,0,0,0,1
2757,1435416,0,0,0,0,0,0,0,1,0,0,0,0,1
2758,1435937,0,0,0,0,0,0,0,1,0,0,0,0,1
2759,1436458,0,0,0,0,0,0,0,1,0,0,0,0,1
2760,1436979,0,0,0,0,0,0,0,1,0,0,0,0,1
2761,1437500,0,0,0,0,0,0,0,1,0,0,0,0,1
2762,1438020,0,0,0,0,0,0,0,1,0,0,0,0,1
2763,1438541,0,0,0,0,0,0,0,1,0,0,0,0,1
2764,1439062,0,0,0,0,0,0,0,1,0,0,0,0,1
2765,1439583,0,0,0,0,0,0,0,1,0,0,0,0,1
2766,1440104,0,0,0,0,0,0,0,1,0,0,0,0,1
2767,1440625,0,0,0,0,0,0,0,1,0,0,0,0,1
2768,1441145,0,0,0,0,0,0,0,1,0,0,0,0,1
2769,1441666,0,0,0,0,0,0,0,1,0,0,0,0,1
2770,1442187,0,0,0,0,0,0,0,1,0,0,0,0,1
2771,1442708,0,0,0,0,0,0,0,1,0,0,0,0,1
2772,1443229,0,0,0,0,0,0,0,1,0,0,0,0,1
2773,1443750,0,0,0,0,0,0,0,1,0,0,0,0,1
2774,1444270,0,0,0,0,0,0,0,1,0,0,0,0,1
2775,1444791,0,0,0,0,0,0,0,1,0,0,0,0,1
2776,1445312,0,0,0,0,0,0,0,1,0,0,0,0,1
2777,1445833,0,0,0,0,0,0,0,1,0,0,0,0,1
2778,1446354,0,0,0,0,0,0,0,1,0,0,0,0,1
2779,1446875,0,0,0,0,0,0,0,1,0,0,0,0,1
2780,1447395,0,0,0,0,0,0,0,1,0,0,0,0,1
2781,1447916,0,0,0,0,0,0,0,1,0,0,0,0,1
2782,1448437,0,0,0,0,0,0,0,1,0,0,0,0,1
2783,1448958,0,0,0,0,0,0,0,1,0,0,0,0,1
2784,1449479,0,0,0,0,0,0,0,1,0,0,0,0,1
2785,1450000,0,0,0,0,0,0,0,1,0,0,0,0,1
2786,1450520,0,0,0,0,0,0,0,1,0,0,0,0,1
2787,1451041,0,0,0,0,0,0,0,1,0,0,0,0,1
2788,1451562,0,0,0,0,0,0,0,1,0,0,0,0,1
2789,1452083,0,0,0,0,0,0,0,1,0,0,0,0,1
2790,1452604,0,0,0,0,0,0,0,1,0,0,0,0,1
2791,1453125,0,0,0,0,0,0,0,1,0,0,0,0,1
2792,1453645,0,0,0,0,0,0,0,1,0,0,0,0,1
2793,1454166,0,0,0,0,0,0,0,1,0,0,0,0,1
2794,1454687,0,0,0,0,0,0,0,1,0,0,0,0,1
2795,1455208,0,0,0,0,0,0,0,1,0,0,0,0,1
2796,1455729,0,0,0,0,0,0,0,1,0,0,0,0,1
2797,1456250,0,0,0,0,0,0,0,1,0,0,0,0,1
2798,1456770,0,0,0,0,0,0,0,1,0,0,0,0,1
2799,1457291,0,0,0,0,0,0,0,1,0,0,0,0,1
2800,1457812,0,0,0,0,0,0,0,1,0,0,0,0,1
2801,1458333,0,0,0,0,0,0,0,1,0,0,0,0,1
2802,1458854,0,0,0,0,0,0,0,1,0,0,0,0,1
2803,1459375,0,0,0,0,0,0,0,1,0,0,0,0,1
2804,1459895,0,0,0,0,0,0,0,1,0,0,0,0,1
2805,1460416,0,0,0,0,0,0,0,1,0,0,0,0,1
2806,1460937,0,0,0,0,0,0,0,1,0,0,0,0,1
2807,1461458,0,0,0,0,0,0,0,1,0,0,0,0,1
2808,1461979,0,0,0,0,0,0,0,1,0,0,0,0,1
2809,1462500,0,0,0,0,0,0,0,1,0,0,0,0,1
2810,1463020,0,0,0,0,0,0,0,1,0,0,0,0,1
2811,1463541,0,0,0,0,0,0,0,1,0,0,0,0,1
2812,1464062,0,0,0,0,0,0,0,1,0,0,0,0,1
2813,1464583,0,0,0,0,0,0,0,1,0,0,0,0,1
2814,1465104,0,0,0,0,0,0,0,1,0,0,0,0,1
2815,1465625,0,0,0,0,0,0,0,1,0,0,0,0,1
2816,1466145,0,0,0,0,0,0,0,1,0,0,0,0,1
2817,1466666,0,0,0,0,0,0,0,1,0,0,0,0,1
2818,1467187,0,0,0,0,0,0,0,1,0,0,0,0,1
2819,1467708,0,0,0,0,0,0,0,1,0,0,0,0,1
2820,1468229,0,0,0,0,0,0,0,1,0,0,0,0,1
2821,1468750,0,0,0,0,0,0,0,1,0,0,0,0,1
2822,1469270,0,0,0,0,0,0,0,1,0,0,0,0,1
2823,1469791,0,0,0,0,0,0,0,1,0,0,0,0,1
2824,1470312,0,0,0,0,0,0,0,1,0,0,0,0,1
2825,1470833,0,0,0,0,0,0,0,1,0,0,0,0,1
2826,1471354,0,0,0,0,0,0,0,1,0,0,0,0,1
2827,1471875,0,0,0,0,0,0,0,1,0,0,0,0,1
2828,1472395,0,0,0,0,0,0,0,1,0,0,0,0,1
2829,1472916,0,0,0,0,0,0,0,1,0,0,0,0,1
2830,1473437,0,0,0,0,0,0,0,1,0,0,0,0,1
2831,1473958,0,0,0,0,0,0,0,1,0,0,0,0,1
2832,1474479,0,0,0,0,0,0,0,1,0,0,0,0,1
2833,1475000,0,0,0,0,0,0,0,1,0,0,0,0,1
2834,1475520,0,0,0,0,0,0,0,1,0,0,0,0,1
2835,1476041,0,0,0,0,0,0,0,1,0,0,0,0,1
2836,1476562,0,0,0,0,0,0,0,1,0,0,0,0,1
2837,1477083,0,0,0,0,0,0,0,1,0,0,0,0,1
2838,1477604,0,0,0,0,0,0,0,1,0,0,0,0,1
2839,1478125,0,0,0,0,0,0,0,1,0,0,0,0,1
2840,1478645,0,0,0,0,0,0,0,1,0,0,0,0,1
2841,1479166,0,0,0,0,0,0,0,1,0,0,0,0,1
2842,1479687,0,0,0,0,0,0,0,1,0,0,0,0,1
2843,1480208,0,0,0,0,0,0,0,1,0,0,0,0,1
2844,1480729,0,0,0,0,0,0,0,1,0,0,0,0,1
2845,1481250,0,0,0,0,0,0,0,1,0,0,0,0,1
2846,1481770,0,0,0,0,0,0,0,1,0,0,0,0,1
2847,1482291,0,0,0,0,0,0,0,1,0,0,0,0,1
2848,1482812,0,0,0,0,0,0,0,1,0,0,0,0,1
2849,1483333,0,0,0,0,0,0,0,1,0,0,0,0,1
2850,1483854,0,0,0,0,0,0,0,1,0,0,0,0,1
2851,1484375,0,0,0,0,0,0,0,1,0,0,0,0,1
2852,1484895,0,0,0,0,0,0,0,1,0,0,0,0,1
2853,1485416,0,0,0,0,0,0,0,1,0,0,0,0,1
2854,1485937,0,0,0,0,0,0,0,1,0,0,0,0,1
2855,1486458,0,0,0,0,0,0,0,1,0,0,0,0,1
2856,1486979,0,0,0,0,0,0,0,1,0,0,0,0,1
2857,1487500,0,0,0,0,0,0,0,1,0,0,0,0,1
2858,1488020,0,0,0,0,0,0,0,1,0,0,0,0,1
2859,1488541,0,0,0,0,0,0,0,1,0,0,0,0,1
2860,1489062,0,0,0,0,0,0,0,1,0,0,0,0,1
2861,1489583,0,0,0,0,0,0,0,1,0,0,0,0,1
2862,1490104,0,0,0,0,0,0,0,1,0,0,0,0,1
2863,1490625,0,0,0,0,0,0,0,1,0,0,0,0,1
2864,1491145,0,0,0,0,0,0,0,1,0,0,0,0,1
2865,1491666,0,0,0,0,0,0,0,1,0,0,0,0,1
2866,1492187,0,0,0,0,0,0,0,1,0,0,0,0,1
2867,1492708,0,0,0,0,0,0,0,1,0,0,0,0,1
2868,1493229,0,0,0,0,0,0,0,1,0,0,0,0,1
2869,1493750,0,0,0,0,0,0,0,1,0,0,0,0,1
2870,1494270,0,0,0,0,0,0,0,1,0,0,0,0,1
2871,1494791,0,0,0,0,0,0,0,1,0,0,0,0,1
2872,1495312,0,0,0,0,0,0,0,1,0,0,0,0,1
2873,1495833,0,0,0,0,0,0,0,1,0,0,0,0,1
2874,1496354,0,0,0,0,0,0,0,1,0,0,0,0,1
2875,1496875,0,0,0,0,0,0,0,1,0,0,0,0,1
2876,1497395,0,0,0,0,0,0,0,1,0,0,0,0,1
2877,1497916,0,0,0,0,0,0,0,1,0,0,0,0,1
2878,1498437,0,0,0,0,0,0,0,1,0,0,0,0,1
2879,1498958,0,0,0,0,0,0,0,1,0,0,0,0,1
2880,1499479,0,0,0,0,0,0,0,1,0,0,0,0,1
2881,1500000,0,0,0,0,0,0,0,1,0,0,0,0,1
2882,1500520,0,0,0,0,0,0,0,1,0,0,0,0,1
2883,1501041,0,0,0,0,0,0,0,1,0,0,0,0,1
2884,1501562,0,0,0,0,0,0,0,1,0,0,0,0,1
2885,1502083,0,0,0,0,0,0,0,1,0,0,0,0,1
2886,1502604,0,0,0,0,0,0,0,1,0,0,0,0,1
2887,1503125,0,0,0,0,0,0,0,1,0,0,0,0,1
2888,1503645,0,0,0,0,0,0,0,1,0,0,0,0,1
2889,1504166,0,0,0,0,0,0,0,1,0,0,0,0,1
2890,1504687,0,0,0,0,0,0,0,1,0,0,0,0,1
2891,1505208,0,0,0,0,0,0,0,1,0,0,0,0,1
2892,1505729,0,0,0,0,0,0,0,1,0,0,0,0,1
2893,1506250,0,0,0,0,0,0,0,1,0,0,0,0,1
2894,1506770,0,0,0,0,0,0,0,1,0,0,0,0,1
2895,1507291,0,0,0,0,0,0,0,1,0,0,0,0,1
2896,1507812,0,0,0,0,0,0,0,1,0,0,0,0,1
2897,1508333,0,0,0,0,0,0,0,1,0,0,0,0,1
2898,1508854,0,0,0,0,0,0,0,1,0,0,0,0,1
2899,1509375,0,0,0,0,0,0,0,1,0,0,0,0,1
2900,1509895,0,0,0,0,0,0,0,1,0,0,0,0,1
2901,1510416,0,0,0,0,0,0,0,1,0,0,0,0,1
2902,1510937,0,0,0,0,0,0,0,1,0,0,0,0,1
2903,1511458,0,0,0,0,0,0,0,1,0,0,0,0,1
2904,1511979,0,0,0,0,0,0,0,1,0,0,0,0,1
2905,1512500,0,0,0,0,0,0,0,1,0,0,0,0,1
2906,1513020,0,0,0,0,0,0,0,1,0,0,0,0,1
2907,1513541,0,0,0,0,0,0,0,1,0,0,0,0,1
2908,1514062,0,0,0,0,0,0,0,1,0,0,0,0,1
2909,1514583,0,0,0,0,0,0,0,1,0,0,0,0,1
2910,1515104,0,0,0,0,0,0,0,1,0,0,0,0,1
2911,1515625,0,0,0,0,0,0,0,1,0,0,0,0,1
2912,1516145,0,0,0,0,0,0,0,1,0,0,0,0,1
2913,1516666,0,0,0,0,0,0,0,1,0,0,0,0,1
2914,1517187,0,0,0,0,0,0,0,1,0,0,0,0,1
2915,1517708,0,0,0,0,0,0,0,1,0,0,0,0,1
2916,1518229,0,0,0,0,0,0,0,1,0,0,0,0,1
2917,1518750,0,0,0,0,0,0,0,1,0,0,0,0,1
2918,1519270,0,0,0,0,0,0,0,1,0,0,0,0,1
2919,1519791,0,0,0,0,0,0,0,1,0,0,0,0,1
2920,1520312,0,0,0,0,0,0,0,1,0,0,0,0,1
2921,1520833,0,0,0,0,0,0,0,1,0,0,0,0,1
2922,1521354,0,0,0,0,0,0,0,1,0,0,0,0,1
2923,1521875,0,0,0,0,0,0,0,1,0,0,0,0,1
2924,1522395,0,0,0,0,0,0,0,1,0,0,0,0,1
2925,1522916,0,0,0,0,0,0,0,1,0,0,0,0,1
2926,1523437,0,0,0,0,0,0,0,1,0,0,0,0,1
2927,1523958,0,0,0,0,0,0,0,1,0,0,0,0,1
2928,1524479,0,0,0,0,0,0,0,1,0,0,0,0,1
2929,1525000,0,0,0,0,0,0,0,1,0,0,0,0,1
