1,0,0,-4991,4991,0,0,-27026,27026,0,0,0,0,1,0
2,520,1124,-5457,4333,0,6088,-29551,23462,0,0,0,0,1,0
3,1041,2205,-5714,3508,0,11942,-30940,18997,0,0,0,0,1,0
4,1562,3202,-5751,2549,0,17337,-31140,13802,0,0,0,0,1,0
5,2083,4075,-5567,1492,0,22066,-30143,8077,0,0,0,0,1,0
6,2604,4792,-5169,377,0,25947,-27988,2041,0,0,0,0,1,0
7,3125,5324,-4572,-752,0,28831,-24758,-4073,0,0,0,0,1,0
8,3645,5652,-3800,-1852,0,30607,-20576,-10031,0,0,0,0,1,0
9,4166,5763,-2882,-2882,0,31207,-15603,-15603,0,0,0,0,1,0
10,4687,5652,-1852,-3800,0,30607,-10031,-20576,0,0,0,0,1,0
11,5208,5324,-752,-4572,0,28831,-4073,-24758,0,0,0,0,1,0
12,5729,4792,377,-5169,0,25947,2041,-27988,0,0,0,0,1,0
13,6250,4075,1492,-5567,0,22066,8077,-30143,0,0,0,0,1,0
14,6770,3202,2549,-5751,0,17337,13802,-31140,0,0,0,0,1,0
15,7291,2205,3508,-5714,0,11942,18997,-30940,0,0,0,0,1,0
16,7812,1124,4333,-5457,0,6088,23462,-29551,0,0,0,0,1,0
17,8333,0,4991,-4991,0,0,27026,-27026,0,0,0,0,1,0
18,8854,-1124,5457,-4333,0,-6088,29551,-23462,0,0,0,0,1,0
19,9375,-2205,5714,-3508,0,-11942,30940,-18997,0,0,0,0,1,0
20,9895,-3202,5751,-2549,0,-17337,31140,-13802,0,0,0,0,1,0
21,10416,-4075,5567,-1492,0,-22066,30143,-8077,0,0,0,0,1,0
22,10937,-4792,5169,-377,0,-25947,27988,-2041,0,0,0,0,1,0
23,11458,-5324,4572,752,0,-28831,24758,4073,0,0,0,0,1,0
24,11979,-5652,3800,1852,0,-30607,20576,10031,0,0,0,0,1,0
25,12500,-5763,2882,2882,0,-31207,15603,15603,0,0,0,0,1,0
26,13020,-5652,1852,3800,0,-30607,10031,20576,0,0,0,0,1,0
27,13541,-5324,752,4572,0,-28831,4073,24758,0,0,0,0,1,0
28,14062,-4792,-377,5169,0,-25947,-2041,27988,0,0,0,0,1,0
29,14583,-4075,-1492,5567,0,-22066,-8077,30143,0,0,0,0,1,0
30,15104,-3202,-2549,5751,0,-17337,-13802,31140,0,0,0,0,1,0
31,15625,-2205,-3508,5714,0,-11942,-18997,30940,0,0,0,0,1,0
32,16145,-1124,-4333,5457,0,-6088,-23462,29551,0,0,0,0,1,0
33,16666,0,-4991,4991,0,0,-27026,27026,0,0,0,0,1,0
34,17187,1124,-5457,4333,0,6088,-29551,23462,0,0,0,0,1,0
35,17708,2205,-5714,3508,0,11942,-30940,18997,0,0,0,0,1,0
36,18229,3202,-5751,2549,0,17337,-31140,13802,0,0,0,0,1,0
37,18750,4075,-5567,1492,0,22066,-30143,8077,0,0,0,0,1,0
38,19270,4792,-5169,377,0,25947,-27988,2041,0,0,0,0,1,0
39,19791,5324,-4572,-752,0,28831,-24758,-4073,0,0,0,0,1,0
40,20312,5652,-3800,-1852,0,30607,-20576,-10031,0,0,0,0,1,0
41,20833,5763,-2882,-2882,0,31207,-15603,-15603,0,0,0,0,1,0
42,21354,5652,-1852,-3800,0,30607,-10031,-20576,0,0,0,0,1,0
43,21875,5324,-752,-4572,0,28831,-4073,-24758,0,0,0,0,1,0
44,22395,4792,377,-5169,0,25947,2041,-27988,0,0,0,0,1,0
45,22916,4075,1492,-5567,0,22066,8077,-30143,0,0,0,0,1,0
46,23437,3202,2549,-5751,0,17337,13802,-31140,0,0,0,0,1,0
47,23958,2205,3508,-5714,0,11942,18997,-30940,0,0,0,0,1,0
48,24479,1124,4333,-5457,0,6088,23462,-29551,0,0,0,0,1,0
49,25000,0,4991,-4991,0,0,27026,-27026,0,0,0,0,1,0
50,25520,-1124,5457,-4333,0,-6088,29551,-23462,0,0,0,0,1,0
51,26041,-2205,5714,-3508,0,-11942,30940,-18997,0,0,0,0,1,0
52,26562,-3202,5751,-2549,0,-17337,31140,-13802,0,0,0,0,1,0
53,27083,-4075,5567,-1492,0,-22066,30143,-8077,0,0,0,0,1,0
54,27604,-4792,5169,-377,0,-25947,27988,-2041,0,0,0,0,1,0
55,28125,-5324,4572,752,0,-28831,24758,4073,0,0,0,0,1,0
56,28645,-5652,3800,1852,0,-30607,20576,10031,0,0,0,0,1,0
57,29166,-5763,2882,2882,0,-31207,15603,15603,0,0,0,0,1,0
58,29687,-5652,1852,3800,0,-30607,10031,20576,0,0,0,0,1,0
59,30208,-5324,752,4572,0,-28831,4073,24758,0,0,0,0,1,0
60,30729,-4792,-377,5169,0,-25947,-2041,27988,0,0,0,0,1,0
61,31250,-4075,-1492,5567,0,-22066,-8077,30143,0,0,0,0,1,0
62,31770,-3202,-2549,5751,0,-17337,-13802,31140,0,0,0,0,1,0
63,32291,-2205,-3508,5714,0,-11942,-18997,30940,0,0,0,0,1,0
64,32812,-1124,-4333,5457,0,-6088,-23462,29551,0,0,0,0,1,0
65,33333,0,-4991,4991,0,0,-27026,27026,0,0,0,0,1,0
66,33854,1124,-5457,4333,0,6088,-29551,23462,0,0,0,0,1,0
67,34375,2205,-5714,3508,0,11942,-30940,18997,0,0,0,0,1,0
68,34895,3202,-5751,2549,0,17337,-31140,13802,0,0,0,0,1,0
69,35416,4075,-5567,1492,0,22066,-30143,8077,0,0,0,0,1,0
70,35937,4792,-5169,377,0,25947,-27988,2041,0,0,0,0,1,0
71,36458,5324,-4572,-752,0,28831,-24758,-4073,0,0,0,0,1,0
72,36979,5652,-3800,-1852,0,30607,-20576,-10031,0,0,0,0,1,0
73,37500,5763,-2882,-2882,0,31207,-15603,-15603,0,0,0,0,1,0
74,38020,5652,-1852,-3800,0,30607,-10031,-20576,0,0,0,0,1,0
75,38541,5324,-752,-4572,0,28831,-4073,-24758,0,0,0,0,1,0
76,39062,4792,377,-5169,0,25947,2041,-27988,0,0,0,0,1,0
77,39583,4075,1492,-5567,0,22066,8077,-30143,0,0,0,0,1,0
78,40104,3202,2549,-5751,0,17337,13802,-31140,0,0,0,0,1,0
79,40625,2205,3508,-5714,0,11942,18997,-30940,0,0,0,0,1,0
80,41145,1124,4333,-5457,0,6088,23462,-29551,0,0,0,0,1,0
81,41666,0,4991,-4991,0,0,27026,-27026,0,0,0,0,1,0
82,42187,-1124,5457,-4333,0,-6088,29551,-23462,0,0,0,0,1,0
83,42708,-2205,5714,-3508,0,-11942,30940,-18997,0,0,0,0,1,0
84,43229,-3202,5751,-2549,0,-17337,31140,-13802,0,0,0,0,1,0
85,43750,-4075,5567,-1492,0,-22066,30143,-8077,0,0,0,0,1,0
86,44270,-4792,5169,-377,0,-25947,27988,-2041,0,0,0,0,1,0
87,44791,-5324,4572,752,0,-28831,24758,4073,0,0,0,0,1,0
88,45312,-5652,3800,1852,0,-30607,20576,10031,0,0,0,0,1,0
89,45833,-5763,2882,2882,0,-31207,15603,15603,0,0,0,0,1,0
90,46354,-5652,1852,3800,0,-30607,10031,20576,0,0,0,0,1,0
91,46875,-5324,752,4572,0,-28831,4073,24758,0,0,0,0,1,0
92,47395,-4792,-377,5169,0,-25947,-2041,27988,0,0,0,0,1,0
93,47916,-4075,-1492,5567,0,-22066,-8077,30143,0,0,0,0,1,0
94,48437,-3202,-2549,5751,0,-17337,-13802,31140,0,0,0,0,1,0
95,48958,-2205,-3508,5714,0,-11942,-18997,30940,0,0,0,0,1,0
96,49479,-1124,-4333,5457,0,-6088,-23462,29551,0,0,0,0,1,0
97,50000,0,-4991,4991,0,0,-27026,27026,0,0,0,0,1,0
98,50520,1124,-5457,4333,0,6088,-29551,23462,0,0,0,0,1,0
99,51041,2205,-5714,3508,0,11942,-30940,18997,0,0,0,0,1,0
100,51562,3202,-5751,2549,0,17337,-31140,13802,0,0,0,0,1,0
101,52083,4075,-5567,1492,0,22066,-30143,8077,0,0,0,0,1,0
102,52604,4792,-5169,377,0,25947,-27988,2041,0,0,0,0,1,0
103,53125,5324,-4572,-752,0,28831,-24758,-4073,0,0,0,0,1,0
104,53645,5652,-3800,-1852,0,30607,-20576,-10031,0,0,0,0,1,0
105,54166,5763,-2882,-2882,0,31207,-15603,-15603,0,0,0,0,1,0
106,54687,5652,-1852,-3800,0,30607,-10031,-20576,0,0,0,0,1,0
107,55208,5324,-752,-4572,0,28831,-4073,-24758,0,0,0,0,1,0
108,55729,4792,377,-5169,0,25947,2041,-27988,0,0,0,0,1,0
109,56250,4075,1492,-5567,0,22066,8077,-30143,0,0,0,0,1,0
110,56770,3202,2549,-5751,0,17337,13802,-31140,0,0,0,0,1,0
111,57291,2205,3508,-5714,0,11942,18997,-30940,0,0,0,0,1,0
112,57812,1124,4333,-5457,0,6088,23462,-29551,0,0,0,0,1,0
113,58333,0,4991,-4991,0,0,27026,-27026,0,0,0,0,1,0
114,58854,-1124,5457,-4333,0,-6088,29551,-23462,0,0,0,0,1,0
115,59375,-2205,5714,-3508,0,-11942,30940,-18997,0,0,0,0,1,0
116,59895,-3202,5751,-2549,0,-17337,31140,-13802,0,0,0,0,1,0
117,60416,-4075,5567,-1492,0,-22066,30143,-8077,0,0,0,0,1,0
118,60937,-4792,5169,-377,0,-25947,27988,-2041,0,0,0,0,1,0
119,61458,-5324,4572,752,0,-28831,24758,4073,0,0,0,0,1,0
120,61979,-5652,3800,1852,0,-30607,20576,10031,0,0,0,0,1,0
121,62500,-5763,2882,2882,0,-31207,15603,15603,0,0,0,0,1,0
122,63020,-5652,1852,3800,0,-30607,10031,20576,0,0,0,0,1,0
123,63541,-5324,752,4572,0,-28831,4073,24758,0,0,0,0,1,0
124,64062,-4792,-377,5169,0,-25947,-2041,27988,0,0,0,0,1,0
125,64583,-4075,-1492,5567,0,-22066,-8077,30143,0,0,0,0,1,0
126,65104,-3202,-2549,5751,0,-17337,-13802,31140,0,0,0,0,1,0
127,65625,-2205,-3508,5714,0,-11942,-18997,30940,0,0,0,0,1,0
128,66145,-1124,-4333,5457,0,-6088,-23462,29551,0,0,0,0,1,0
129,66666,0,-4991,4991,0,0,-27026,27026,0,0,0,0,1,0
130,67187,1124,-5457,4333,0,6088,-29551,23462,0,0,0,0,1,0
131,67708,2205,-5714,3508,0,11942,-30940,18997,0,0,0,0,1,0
132,68229,3202,-5751,2549,0,17337,-31140,13802,0,0,0,0,1,0
133,68750,4075,-5567,1492,0,22066,-30143,8077,0,0,0,0,1,0
134,69270,4792,-5169,377,0,25947,-27988,2041,0,0,0,0,1,0
135,69791,5324,-4572,-752,0,28831,-24758,-4073,0,0,0,0,1,0
136,70312,5652,-3800,-1852,0,30607,-20576,-10031,0,0,0,0,1,0
137,70833,5763,-2882,-2882,0,31207,-15603,-15603,0,0,0,0,1,0
138,71354,5652,-1852,-3800,0,30607,-10031,-20576,0,0,0,0,1,0
139,71875,5324,-752,-4572,0,28831,-4073,-24758,0,0,0,0,1,0
140,72395,4792,377,-5169,0,25947,2041,-27988,0,0,0,0,1,0
141,72916,4075,1492,-5567,0,22066,8077,-30143,0,0,0,0,1,0
142,73437,3202,2549,-5751,0,17337,13802,-31140,0,0,0,0,1,0
143,73958,2205,3508,-5714,0,11942,18997,-30940,0,0,0,0,1,0
144,74479,1124,4333,-5457,0,6088,23462,-29551,0,0,0,0,1,0
145,75000,0,4991,-4991,0,0,27026,-27026,0,0,0,0,1,0
146,75520,-1124,5457,-4333,0,-6088,29551,-23462,0,0,0,0,1,0
147,76041,-2205,5714,-3508,0,-11942,30940,-18997,0,0,0,0,1,0
148,76562,-3202,5751,-2549,0,-17337,31140,-13802,0,0,0,0,1,0
149,77083,-4075,5567,-1492,0,-22066,30143,-8077,0,0,0,0,1,0
150,77604,-4792,5169,-377,0,-25947,27988,-2041,0,0,0,0,1,0
151,78125,-5324,4572,752,0,-28831,24758,4073,0,0,0,0,1,0
152,78645,-5652,3800,1852,0,-30607,20576,10031,0,0,0,0,1,0
153,79166,-5763,2882,2882,0,-31207,15603,15603,0,0,0,0,1,0
154,79687,-5652,1852,3800,0,-30607,10031,20576,0,0,0,0,1,0
155,80208,-5324,752,4572,0,-28831,4073,24758,0,0,0,0,1,0
156,80729,-4792,-377,5169,0,-25947,-2041,27988,0,0,0,0,1,0
157,81250,-4075,-1492,5567,0,-22066,-8077,30143,0,0,0,0,1,0
158,81770,-3202,-2549,5751,0,-17337,-13802,31140,0,0,0,0,1,0
159,82291,-2205,-3508,5714,0,-11942,-18997,30940,0,0,0,0,1,0
160,82812,-1124,-4333,5457,0,-6088,-23462,29551,0,0,0,0,1,0
161,83333,0,-4991,4991,0,0,-27026,27026,0,0,0,0,1,0
162,83854,1124,-5457,4333,0,6088,-29551,23462,0,0,0,0,1,0
163,84375,2205,-5714,3508,0,11942,-30940,18997,0,0,0,0,1,0
164,84895,3202,-5751,2549,0,17337,-31140,13802,0,0,0,0,1,0
165,85416,4075,-5567,1492,0,22066,-30143,8077,0,0,0,0,1,0
166,85937,4792,-5169,377,0,25947,-27988,2041,0,0,0,0,1,0
167,86458,5324,-4572,-752,0,28831,-24758,-4073,0,0,0,0,1,0
168,86979,5652,-3800,-1852,0,30607,-20576,-10031,0,0,0,0,1,0
169,87500,5763,-2882,-2882,0,31207,-15603,-15603,0,0,0,0,1,0
170,88020,5652,-1852,-3800,0,30607,-10031,-20576,0,0,0,0,1,0
171,88541,5324,-752,-4572,0,28831,-4073,-24758,0,0,0,0,1,0
172,89062,4792,377,-5169,0,25947,2041,-27988,0,0,0,0,1,0
173,89583,4075,1492,-5567,0,22066,8077,-30143,0,0,0,0,1,0
174,90104,3202,2549,-5751,0,17337,13802,-31140,0,0,0,0,1,0
175,90625,2205,3508,-5714,0,11942,18997,-30940,0,0,0,0,1,0
176,91145,1124,4333,-5457,0,6088,23462,-29551,0,0,0,0,1,0
177,91666,0,4991,-4991,0,0,27026,-27026,0,0,0,0,1,0
178,92187,-1124,5457,-4333,0,-6088,29551,-23462,0,0,0,0,1,0
179,92708,-2205,5714,-3508,0,-11942,30940,-18997,0,0,0,0,1,0
180,93229,-3202,5751,-2549,0,-17337,31140,-13802,0,0,0,0,1,0
181,93750,-4075,5567,-1492,0,-22066,30143,-8077,0,0,0,0,1,0
182,94270,-4792,5169,-377,0,-25947,27988,-2041,0,0,0,0,1,0
183,94791,-5324,4572,752,0,-28831,24758,4073,0,0,0,0,1,0
184,95312,-5652,3800,1852,0,-30607,20576,10031,0,0,0,0,1,0
185,95833,-5763,2882,2882,0,-31207,15603,15603,0,0,0,0,1,0
186,96354,-5652,1852,3800,0,-30607,10031,20576,0,0,0,0,1,0
187,96875,-5324,752,4572,0,-28831,4073,24758,0,0,0,0,1,0
188,97395,-4792,-377,5169,0,-25947,-2041,27988,0,0,0,0,1,0
189,97916,-4075,-1492,5567,0,-22066,-8077,30143,0,0,0,0,1,0
190,98437,-3202,-2549,5751,0,-17337,-13802,31140,0,0,0,0,1,0
191,98958,-2205,-3508,5714,0,-11942,-18997,30940,0,0,0,0,1,0
192,99479,-1124,-4333,5457,0,-6088,-23462,29551,0,0,0,0,1,0
193,100000,0,-4991,4991,0,0,-27026,27026,0,0,0,0,1,0
194,100520,1124,-5457,4333,0,6088,-29551,23462,0,0,0,0,1,0
195,101041,2205,-5714,3508,0,11942,-30940,18997,0,0,0,0,1,0
196,101562,3202,-5751,2549,0,17337,-31140,13802,0,0,0,0,1,0
197,102083,4075,-5567,1492,0,22066,-30143,8077,0,0,0,0,1,0
198,102604,4792,-5169,377,0,25947,-27988,2041,0,0,0,0,1,0
199,103125,5324,-4572,-752,0,28831,-24758,-4073,0,0,0,0,1,0
200,103645,5652,-3800,-1852,0,30607,-20576,-10031,0,0,0,0,1,0
201,104166,5763,-2882,-2882,0,31207,-15603,-15603,0,0,0,0,1,0
202,104687,5652,-1852,-3800,0,30607,-10031,-20576,0,0,0,0,1,0
203,105208,5324,-752,-4572,0,28831,-4073,-24758,0,0,0,0,1,0
204,105729,4792,377,-5169,0,25947,2041,-27988,0,0,0,0,1,0
205,106250,4075,1492,-5567,0,22066,8077,-30143,0,0,0,0,1,0
206,106770,3202,2549,-5751,0,17337,13802,-31140,0,0,0,0,1,0
207,107291,2205,3508,-5714,0,11942,18997,-30940,0,0,0,0,1,0
208,107812,1124,4333,-5457,0,6088,23462,-29551,0,0,0,0,1,0
209,108333,0,4991,-4991,0,0,27026,-27026,0,0,0,0,1,0
210,108854,-1124,5457,-4333,0,-6088,29551,-23462,0,0,0,0,1,0
211,109375,-2205,5714,-3508,0,-11942,30940,-18997,0,0,0,0,1,0
212,109895,-3202,5751,-2549,0,-17337,31140,-13802,0,0,0,0,1,0
213,110416,-4075,5567,-1492,0,-22066,30143,-8077,0,0,0,0,1,0
214,110937,-4792,5169,-377,0,-25947,27988,-2041,0,0,0,0,1,0
215,111458,-5324,4572,752,0,-28831,24758,4073,0,0,0,0,1,0
216,111979,-5652,3800,1852,0,-30607,20576,10031,0,0,0,0,1,0
217,112500,-5763,2882,2882,0,-31207,15603,15603,0,0,0,0,1,0
218,113020,-5652,1852,3800,0,-30607,10031,20576,0,0,0,0,1,0
219,113541,-5324,752,4572,0,-28831,4073,24758,0,0,0,0,1,0
220,114062,-4792,-377,5169,0,-25947,-2041,27988,0,0,0,0,1,0
221,114583,-4075,-1492,5567,0,-22066,-8077,30143,0,0,0,0,1,0
222,115104,-3202,-2549,5751,0,-17337,-13802,31140,0,0,0,0,1,0
223,115625,-2205,-3508,5714,0,-11942,-18997,30940,0,0,0,0,1,0
224,116145,-1124,-4333,5457,0,-6088,-23462,29551,0,0,0,0,1,0
225,116666,0,-4991,4991,0,0,-27026,27026,0,0,0,0,1,0
226,117187,1124,-5457,4333,0,6088,-29551,23462,0,0,0,0,1,0
227,117708,2205,-5714,3508,0,11942,-30940,18997,0,0,0,0,1,0
228,118229,3202,-5751,2549,0,17337,-31140,13802,0,0,0,0,1,0
229,118750,4075,-5567,1492,0,22066,-30143,8077,0,0,0,0,1,0
230,119270,4792,-5169,377,0,25947,-27988,2041,0,0,0,0,1,0
231,119791,5324,-4572,-752,0,28831,-24758,-4073,0,0,0,0,1,0
232,120312,5652,-3800,-1852,0,30607,-20576,-10031,0,0,0,0,1,0
233,120833,5763,-2882,-2882,0,31207,-15603,-15603,0,0,0,0,1,0
234,121354,5652,-1852,-3800,0,30607,-10031,-20576,0,0,0,0,1,0
235,121875,5324,-752,-4572,0,28831,-4073,-24758,0,0,0,0,1,0
236,122395,4792,377,-5169,0,25947,2041,-27988,0,0,0,0,1,0
237,122916,4075,1492,-5567,0,22066,8077,-30143,0,0,0,0,1,0
238,123437,3202,2549,-5751,0,17337,13802,-31140,0,0,0,0,1,0
239,123958,2205,3508,-5714,0,11942,18997,-30940,0,0,0,0,1,0
240,124479,1124,4333,-5457,0,6088,23462,-29551,0,0,0,0,1,0
241,125000,0,4991,-4991,0,0,27026,-27026,0,0,0,0,1,0
242,125520,-1124,5457,-4333,0,-6088,29551,-23462,0,0,0,0,1,0
243,126041,-2205,5714,-3508,0,-11942,30940,-18997,0,0,0,0,1,0
244,126562,-3202,5751,-2549,0,-17337,31140,-13802,0,0,0,0,1,0
245,127083,-4075,5567,-1492,0,-22066,30143,-8077,0,0,0,0,1,0
246,127604,-4792,5169,-377,0,-25947,27988,-2041,0,0,0,0,1,0
247,128124,-5324,4572,752,0,-28831,24758,4073,0,0,0,0,1,0
248,128645,-5652,3800,1852,0,-30607,20576,10031,0,0,0,0,1,0
249,129166,-5763,2882,2882,0,-31207,15603,15603,0,0,0,0,1,0
250,129687,-5652,1852,3800,0,-30607,10031,20576,0,0,0,0,1,0
251,130208,-5324,752,4572,0,-28831,4073,24758,0,0,0,0,1,0
252,130729,-4792,-377,5169,0,-25947,-2041,27988,0,0,0,0,1,0
253,131250,-4075,-1492,5567,0,-22066,-8077,30143,0,0,0,0,1,0
254,131770,-3202,-2549,5751,0,-17337,-13802,31140,0,0,0,0,1,0
255,132291,-2205,-3508,5714,0,-11942,-18997,30940,0,0,0,0,1,0
256,132812,-1124,-4333,5457,0,-6088,-23462,29551,0,0,0,0,1,0
257,133333,0,-4991,4991,0,0,-27026,27026,0,0,0,0,1,0
258,133854,1124,-5457,4333,0,6088,-29551,23462,0,0,0,0,1,0
259,134375,2205,-5714,3508,0,11942,-30940,18997,0,0,0,0,1,0
260,134895,3202,-5751,2549,0,17337,-31140,13802,0,0,0,0,1,0
261,135416,4075,-5567,1492,0,22066,-30143,8077,0,0,0,0,1,0
262,135937,4792,-5169,377,0,25947,-27988,2041,0,0,0,0,1,0
263,136458,5324,-4572,-752,0,28831,-24758,-4073,0,0,0,0,1,0
264,136979,5652,-3800,-1852,0,30607,-20576,-10031,0,0,0,0,1,0
265,137500,5763,-2882,-2882,0,31207,-15603,-15603,0,0,0,0,1,0
266,138020,5652,-1852,-3800,0,30607,-10031,-20576,0,0,0,0,1,0
267,138541,5324,-752,-4572,0,28831,-4073,-24758,0,0,0,0,1,0
268,139062,4792,377,-5169,0,25947,2041,-27988,0,0,0,0,1,0
269,139583,4075,1492,-5567,0,22066,8077,-30143,0,0,0,0,1,0
270,140104,3202,2549,-5751,0,17337,13802,-31140,0,0,0,0,1,0
271,140625,2205,3508,-5714,0,11942,18997,-30940,0,0,0,0,1,0
272,141145,1124,4333,-5457,0,6088,23462,-29551,0,0,0,0,1,0
273,141666,0,4991,-4991,0,0,27026,-27026,0,0,0,0,1,0
274,142187,-1124,5457,-4333,0,-6088,29551,-23462,0,0,0,0,1,0
275,142708,-2205,5714,-3508,0,-11942,30940,-18997,0,0,0,0,1,0
276,143229,-3202,5751,-2549,0,-17337,31140,-13802,0,0,0,0,1,0
277,143750,-4075,5567,-1492,0,-22066,30143,-8077,0,0,0,0,1,0
278,144270,-4792,5169,-377,0,-25947,27988,-2041,0,0,0,0,1,0
279,144791,-5324,4572,752,0,-28831,24758,4073,0,0,0,0,1,0
280,145312,-5652,3800,1852,0,-30607,20576,10031,0,0,0,0,1,0
281,145833,-5763,2882,2882,0,-31207,15603,15603,0,0,0,0,1,0
282,146354,-5652,1852,3800,0,-30607,10031,20576,0,0,0,0,1,0
283,146875,-5324,752,4572,0,-28831,4073,24758,0,0,0,0,1,0
284,147395,-4792,-377,5169,0,-25947,-2041,27988,0,0,0,0,1,0
285,147916,-4075,-1492,5567,0,-22066,-8077,30143,0,0,0,0,1,0
286,148437,-3202,-2549,5751,0,-17337,-13802,31140,0,0,0,0,1,0
287,148958,-2205,-3508,5714,0,-11942,-18997,30940,0,0,0,0,1,0
288,149479,-1124,-4333,5457,0,-6088,-23462,29551,0,0,0,0,1,0
289,150000,0,-4991,4991,0,0,-27026,27026,0,0,0,0,1,0
290,150520,1124,-5457,4333,0,6088,-29551,23462,0,0,0,0,1,0
291,151041,2205,-5714,3508,0,11942,-30940,18997,0,0,0,0,1,0
292,151562,3202,-5751,2549,0,17337,-31140,13802,0,0,0,0,1,0
293,152083,4075,-5567,1492,0,22066,-30143,8077,0,0,0,0,1,0
294,152604,4792,-5169,377,0,25947,-27988,2041,0,0,0,0,1,0
295,153125,5324,-4572,-752,0,28831,-24758,-4073,0,0,0,0,1,0
296,153645,5652,-3800,-1852,0,30607,-20576,-10031,0,0,0,0,1,0
297,154166,5763,-2882,-2882,0,31207,-15603,-15603,0,0,0,0,1,0
298,154687,5652,-1852,-3800,0,30607,-10031,-20576,0,0,0,0,1,0
299,155208,5324,-752,-4572,0,28831,-4073,-24758,0,0,0,0,1,0
300,155729,4792,377,-5169,0,25947,2041,-27988,0,0,0,0,1,0
301,156250,4075,1492,-5567,0,22066,8077,-30143,0,0,0,0,1,0
302,156770,3202,2549,-5751,0,17337,13802,-31140,0,0,0,0,1,0
303,157291,2205,3508,-5714,0,11942,18997,-30940,0,0,0,0,1,0
304,157812,1124,4333,-5457,0,6088,23462,-29551,0,0,0,0,1,0
305,158333,0,4991,-4991,0,0,27026,-27026,0,0,0,0,1,0
306,158854,-1124,5457,-4333,0,-6088,29551,-23462,0,0,0,0,1,0
307,159375,-2205,5714,-3508,0,-11942,30940,-18997,0,0,0,0,1,0
308,159895,-3202,5751,-2549,0,-17337,31140,-13802,0,0,0,0,1,0
309,160416,-4075,5567,-1492,0,-22066,30143,-8077,0,0,0,0,1,0
310,160937,-4792,5169,-377,0,-25947,27988,-2041,0,0,0,0,1,0
311,161458,-5324,4572,752,0,-28831,24758,4073,0,0,0,0,1,0
312,161979,-5652,3800,1852,0,-30607,20576,10031,0,0,0,0,1,0
313,162500,-5763,2882,2882,0,-31207,15603,15603,0,0,0,0,1,0
314,163020,-5652,1852,3800,0,-30607,10031,20576,0,0,0,0,1,0
315,163541,-5324,752,4572,0,-28831,4073,24758,0,0,0,0,1,0
316,164062,-4792,-377,5169,0,-25947,-2041,27988,0,0,0,0,1,0
317,164583,-4075,-1492,5567,0,-22066,-8077,30143,0,0,0,0,1,0
318,165104,-3202,-2549,5751,0,-17337,-13802,31140,0,0,0,0,1,0
319,165625,-2205,-3508,5714,0,-11942,-18997,30940,0,0,0,0,1,0
320,166145,-1124,-4333,5457,0,-6088,-23462,29551,0,0,0,0,1,0
321,166666,0,-4991,4991,0,0,-27026,27026,0,0,0,0,1,0
322,167187,1124,-5457,4333,0,6088,-29551,23462,0,0,0,0,1,0
323,167708,2205,-5714,3508,0,11942,-30940,18997,0,0,0,0,1,0
324,168229,3202,-5751,2549,0,17337,-31140,13802,0,0,0,0,1,0
325,168750,4075,-5567,1492,0,22066,-30143,8077,0,0,0,0,1,0
326,169270,4792,-5169,377,0,25947,-27988,2041,0,0,0,0,1,0
327,169791,5324,-4572,-752,0,28831,-24758,-4073,0,0,0,0,1,0
328,170312,5652,-3800,-1852,0,30607,-20576,-10031,0,0,0,0,1,0
329,170833,5763,-2882,-2882,0,31207,-15603,-15603,0,0,0,0,1,0
330,171354,5652,-1852,-3800,0,30607,-10031,-20576,0,0,0,0,1,0
331,171875,5324,-752,-4572,0,28831,-4073,-24758,0,0,0,0,1,0
332,172395,4792,377,-5169,0,25947,2041,-27988,0,0,0,0,1,0
333,172916,4075,1492,-5567,0,22066,8077,-30143,0,0,0,0,1,0
334,173437,3202,2549,-5751,0,17337,13802,-31140,0,0,0,0,1,0
335,173958,2205,3508,-5714,0,11942,18997,-30940,0,0,0,0,1,0
336,174479,1124,4333,-5457,0,6088,23462,-29551,0,0,0,0,1,0
337,175000,0,27055,-27055,0,0,27026,-27026,0,0,0,0,1,0
338,175520,-6094,29578,-23485,0,-6088,29551,-23462,0,0,0,0,1,0
339,176041,-11952,30965,-19013,0,-11942,30940,-18997,0,0,0,0,1,0
340,176562,-17349,31161,-13812,0,-17337,31140,-13802,0,0,0,0,1,0
341,177083,-22078,30160,-8081,0,-22066,30143,-8077,0,0,0,0,1,0
342,177604,-25958,28000,-2042,0,-25947,27988,-2041,0,0,0,0,1,0
343,178125,-28839,24765,4074,0,-28831,24758,4073,0,0,0,0,1,0
344,178645,-30611,20579,10032,0,-30607,20576,10031,0,0,0,0,1,0
345,179166,-31207,15603,15603,0,-31207,15603,15603,0,0,0,0,1,0
346,179687,-30603,10030,20573,0,-30607,10031,20576,0,0,0,0,1,0
347,180208,-28823,4072,24751,0,-28831,4073,24758,0,0,0,0,1,0
348,180729,-25937,-2040,27977,0,-25947,-2041,27988,0,0,0,0,1,0
349,181250,-22055,-8073,30127,0,-22066,-8077,30143,0,0,0,0,1,0
350,181770,-17326,-13793,31119,0,-17337,-13802,31140,0,0,0,0,1,0
351,182291,-11933,-18982,30915,0,-11942,-18997,30940,0,0,0,0,1,0
352,182812,-6082,-23440,29523,0,-6088,-23462,29551,0,0,0,0,1,0
353,183333,0,-26997,26997,0,0,-27026,27026,0,0,0,0,1,0
354,183854,6081,-29515,23434,0,6088,-29551,23462,0,0,0,0,1,0
355,184375,11926,-30898,18972,0,11942,-30940,18997,0,0,0,0,1,0
356,184895,17312,-31094,13782,0,17337,-31140,13802,0,0,0,0,1,0
357,185416,22031,-30095,8064,0,22066,-30143,8077,0,0,0,0,1,0
358,185937,25902,-27940,2037,0,25947,-27988,2041,0,0,0,0,1,0
359,186458,28777,-24711,-4066,0,28831,-24758,-4073,0,0,0,0,1,0
360,186979,30545,-20535,-10011,0,30607,-20576,-10031,0,0,0,0,1,0
361,187500,31140,-15570,-15570,0,31207,-15603,-15603,0,0,0,0,1,0
362,188020,30537,-10008,-20529,0,30607,-10031,-20576,0,0,0,0,1,0
363,188541,28762,-4063,-24698,0,28831,-4073,-24758,0,0,0,0,1,0
364,189062,25881,2036,-27917,0,25947,2041,-27988,0,0,0,0,1,0
365,189583,22007,8055,-30063,0,22066,8077,-30143,0,0,0,0,1,0
366,190104,17289,13764,-31052,0,17337,13802,-31140,0,0,0,0,1,0
367,190625,11907,18941,-30848,0,11942,18997,-30940,0,0,0,0,1,0
368,191145,6069,23390,-29459,0,6088,23462,-29551,0,0,0,0,1,0
369,191666,0,26939,-26939,0,0,27026,-27026,0,0,0,0,1,0
370,192187,-6068,29452,-23384,0,-6088,29551,-23462,0,0,0,0,1,0
371,192708,-11901,30832,-18931,0,-11942,30940,-18997,0,0,0,0,1,0
372,193229,-17275,31027,-13752,0,-17337,31140,-13802,0,0,0,0,1,0
373,193750,-21984,30030,-8047,0,-22066,30143,-8077,0,0,0,0,1,0
374,194270,-25847,27880,-2033,0,-25947,27988,-2041,0,0,0,0,1,0
375,194791,-28715,24659,4057,0,-28831,24758,4073,0,0,0,0,1,0
376,195312,-30480,20491,9989,0,-30607,20576,10031,0,0,0,0,1,0
377,195833,-31073,15537,15537,0,-31207,15603,15603,0,0,0,0,1,0
378,196354,-30472,9987,20485,0,-30607,10031,20576,0,0,0,0,1,0
379,196875,-28700,4055,24645,0,-28831,4073,24758,0,0,0,0,1,0
380,197395,-25826,-2031,27857,0,-25947,-2041,27988,0,0,0,0,1,0
381,197916,-21960,-8038,29998,0,-22066,-8077,30143,0,0,0,0,1,0
382,198437,-17252,-13734,30986,0,-17337,-13802,31140,0,0,0,0,1,0
383,198958,-11882,-18901,30783,0,-11942,-18997,30940,0,0,0,0,1,0
384,199479,-6056,-23340,29397,0,-6088,-23462,29551,0,0,0,0,1,0
385,200000,0,-26881,26881,0,0,-27026,27026,0,0,0,0,1,0
386,200520,6055,-29389,23334,0,6088,-29551,23462,0,0,0,0,1,0
387,201041,11875,-30766,18891,0,11942,-30940,18997,0,0,0,0,1,0
388,201562,17238,-30961,13723,0,17337,-31140,13802,0,0,0,0,1,0
389,202083,21937,-29966,8029,0,22066,-30143,8077,0,0,0,0,1,0
390,202604,25791,-27820,2029,0,25947,-27988,2041,0,0,0,0,1,0
391,203125,28654,-24606,-4048,0,28831,-24758,-4073,0,0,0,0,1,0
392,203645,30415,-20447,-9968,0,30607,-20576,-10031,0,0,0,0,1,0
393,204166,31007,-15503,-15503,0,31207,-15603,-15603,0,0,0,0,1,0
394,204687,30407,-9965,-20441,0,30607,-10031,-20576,0,0,0,0,1,0
395,205208,28639,-4046,-24593,0,28831,-4073,-24758,0,0,0,0,1,0
396,205729,25771,2027,-27798,0,25947,2041,-27988,0,0,0,0,1,0
397,206250,21913,8021,-29934,0,22066,8077,-30143,0,0,0,0,1,0
398,206770,17215,13705,-30920,0,17337,13802,-31140,0,0,0,0,1,0
399,207291,11856,18861,-30717,0,11942,18997,-30940,0,0,0,0,1,0
400,207812,6043,23290,-29334,0,6088,23462,-29551,0,0,0,0,1,0
401,208333,0,26824,-26824,0,0,27026,-27026,0,0,0,0,1,0
402,208854,-6042,29326,-23284,0,-6088,29551,-23462,0,0,0,0,1,0
403,209375,-11850,30701,-18851,0,-11942,30940,-18997,0,0,0,0,1,0
404,209895,-17201,30895,-13694,0,-17337,31140,-13802,0,0,0,0,1,0
405,210416,-21890,29902,-8012,0,-22066,30143,-8077,0,0,0,0,1,0
406,210937,-25737,27761,-2024,0,-25947,27988,-2041,0,0,0,0,1,0
407,211458,-28593,24553,4040,0,-28831,24758,4073,0,0,0,0,1,0
408,211979,-30350,20403,9947,0,-30607,20576,10031,0,0,0,0,1,0
409,212500,-30941,15470,15470,0,-31207,15603,15603,0,0,0,0,1,0
410,213020,-30342,9944,20398,0,-30607,10031,20576,0,0,0,0,1,0
411,213541,-28578,4038,24540,0,-28831,4073,24758,0,0,0,0,1,0
412,214062,-25716,-2023,27739,0,-25947,-2041,27988,0,0,0,0,1,0
413,214583,-21867,-8004,29871,0,-22066,-8077,30143,0,0,0,0,1,0
414,215104,-17178,-13676,30854,0,-17337,-13802,31140,0,0,0,0,1,0
415,215625,-11831,-18821,30652,0,-11942,-18997,30940,0,0,0,0,1,0
416,216145,-6031,-23241,29271,0,-6088,-23462,29551,0,0,0,0,1,0
417,216666,0,-26767,26767,0,0,-27026,27026,0,0,0,0,1,0
418,217187,6029,-29264,23235,0,6088,-29551,23462,0,0,0,0,1,0
419,217708,11825,-30635,18811,0,11942,-30940,18997,0,0,0,0,1,0
420,218229,17165,-30829,13665,0,17337,-31140,13802,0,0,0,0,1,0
421,218750,21844,-29839,7995,0,22066,-30143,8077,0,0,0,0,1,0
422,219270,25682,-27702,2020,0,25947,-27988,2041,0,0,0,0,1,0
423,219791,28532,-24501,-4031,0,28831,-24758,-4073,0,0,0,0,1,0
424,220312,30286,-20360,-9926,0,30607,-20576,-10031,0,0,0,0,1,0
425,220833,30875,-15438,-15438,0,31207,-15603,-15603,0,0,0,0,1,0
426,221354,30278,-9923,-20355,0,30607,-10031,-20576,0,0,0,0,1,0
427,221875,28517,-4029,-24488,0,28831,-4073,-24758,0,0,0,0,1,0
428,222395,25661,2019,-27680,0,25947,2041,-27988,0,0,0,0,1,0
429,222916,21820,7987,-29807,0,22066,8077,-30143,0,0,0,0,1,0
430,223437,17142,13647,-30789,0,17337,13802,-31140,0,0,0,0,1,0
431,223958,11806,18781,-30587,0,11942,18997,-30940,0,0,0,0,1,0
432,224479,6018,23192,-29209,0,6088,23462,-29551,0,0,0,0,1,0
433,225000,0,26710,-26710,0,0,27026,-27026,0,0,0,0,1,0
434,225520,-6016,29202,-23185,0,-6088,29551,-23462,0,0,0,0,1,0
435,226041,-11800,30570,-18771,0,-11942,30940,-18997,0,0,0,0,1,0
436,226562,-17128,30764,-13636,0,-17337,31140,-13802,0,0,0,0,1,0
437,227083,-21797,29776,-7978,0,-22066,30143,-8077,0,0,0,0,1,0
438,227604,-25627,27643,-2016,0,-25947,27988,-2041,0,0,0,0,1,0
439,228125,-28472,24449,4023,0,-28831,24758,4073,0,0,0,0,1,0
440,228645,-30222,20317,9905,0,-30607,20576,10031,0,0,0,0,1,0
441,229166,-30810,15405,15405,0,-31207,15603,15603,0,0,0,0,1,0
442,229687,-30214,9902,20312,0,-30607,10031,20576,0,0,0,0,1,0
443,230208,-28457,4020,24436,0,-28831,4073,24758,0,0,0,0,1,0
444,230729,-25607,-2014,27621,0,-25947,-2041,27988,0,0,0,0,1,0
445,231250,-21774,-7970,29744,0,-22066,-8077,30143,0,0,0,0,1,0
446,231770,-17106,-13618,30723,0,-17337,-13802,31140,0,0,0,0,1,0
447,232291,-11781,-18741,30522,0,-11942,-18997,30940,0,0,0,0,1,0
448,232812,-6005,-23142,29148,0,-6088,-23462,29551,0,0,0,0,1,0
449,233333,0,-26654,26654,0,0,-27026,27026,0,0,0,0,1,0
450,233854,6004,-29140,23136,0,6088,-29551,23462,0,0,0,0,1,0
451,234375,11775,-30506,18731,0,11942,-30940,18997,0,0,0,0,1,0
452,234895,17092,-30699,13607,0,17337,-31140,13802,0,0,0,0,1,0
453,235416,21751,-29713,7961,0,22066,-30143,8077,0,0,0,0,1,0
454,235937,25573,-27585,2012,0,25947,-27988,2041,0,0,0,0,1,0
455,236458,28412,-24398,-4014,0,28831,-24758,-4073,0,0,0,0,1,0
456,236979,30158,-20274,-9884,0,30607,-20576,-10031,0,0,0,0,1,0
457,237500,30745,-15372,-15372,0,31207,-15603,-15603,0,0,0,0,1,0
458,238020,30150,-9881,-20269,0,30607,-10031,-20576,0,0,0,0,1,0
459,238541,28397,-4012,-24385,0,28831,-4073,-24758,0,0,0,0,1,0
460,239062,25553,2010,-27563,0,25947,2041,-27988,0,0,0,0,1,0
461,239583,21728,7953,-29681,0,22066,8077,-30143,0,0,0,0,1,0
462,240104,17070,13589,-30659,0,17337,13802,-31140,0,0,0,0,1,0
463,240625,11756,18701,-30457,0,11942,18997,-30940,0,0,0,0,1,0
464,241145,5992,23094,-29086,0,6088,23462,-29551,0,0,0,0,1,0
465,241666,0,26597,-26597,0,0,27026,-27026,0,0,0,0,1,0
466,242187,-5991,29078,-23088,0,-6088,29551,-23462,0,0,0,0,1,0
467,242708,-11750,30441,-18691,0,-11942,30940,-18997,0,0,0,0,1,0
468,243229,-17056,30634,-13578,0,-17337,31140,-13802,0,0,0,0,1,0
469,243750,-21705,29650,-7945,0,-22066,30143,-8077,0,0,0,0,1,0
470,244270,-25519,27527,-2007,0,-25947,27988,-2041,0,0,0,0,1,0
471,244791,-28352,24346,4006,0,-28831,24758,4073,0,0,0,0,1,0
472,245312,-30094,20231,9863,0,-30607,20576,10031,0,0,0,0,1,0
473,245833,-30680,15340,15340,0,-31207,15603,15603,0,0,0,0,1,0
474,246354,-30086,9860,20226,0,-30607,10031,20576,0,0,0,0,1,0
475,246875,-28337,4003,24334,0,-28831,4073,24758,0,0,0,0,1,0
476,247395,-25499,-2006,27505,0,-25947,-2041,27988,0,0,0,0,1,0
477,247916,-21682,-7936,29619,0,-22066,-8077,30143,0,0,0,0,1,0
478,248437,-17034,-13560,30594,0,-17337,-13802,31140,0,0,0,0,1,0
479,248958,-11731,-18662,30393,0,-11942,-18997,30940,0,0,0,0,1,0
480,249479,-5980,-23045,29025,0,-6088,-23462,29551,0,0,0,0,1,0
481,250000,0,-26542,26542,0,0,-27026,27026,0,0,0,0,1,0
482,250520,5978,-29017,23039,0,6088,-29551,23462,0,0,0,0,1,0
483,251041,11725,-30377,18652,0,11942,-30940,18997,0,0,0,0,1,0
484,251562,17020,-30570,13550,0,17337,-31140,13802,0,0,0,0,1,0
485,252083,21660,-29588,7928,0,22066,-30143,8077,0,0,0,0,1,0
486,252604,25466,-27469,2003,0,25947,-27988,2041,0,0,0,0,1,0
487,253125,28292,-24295,-3997,0,28831,-24758,-4073,0,0,0,0,1,0
488,253645,30031,-20189,-9842,0,30607,-20576,-10031,0,0,0,0,1,0
489,254166,30615,-15308,-15308,0,31207,-15603,-15603,0,0,0,0,1,0
490,254687,30023,-9840,-20183,0,30607,-10031,-20576,0,0,0,0,1,0
491,255208,28277,-3995,-24282,0,28831,-4073,-24758,0,0,0,0,1,0
492,255729,25446,2002,-27447,0,25947,2041,-27988,0,0,0,0,1,0
493,256249,21637,7920,-29557,0,22066,8077,-30143,0,0,0,0,1,0
494,256770,16998,13532,-30530,0,17337,13802,-31140,0,0,0,0,1,0
495,257291,11707,18623,-30330,0,11942,18997,-30940,0,0,0,0,1,0
496,257812,5967,22997,-28964,0,6088,23462,-29551,0,0,0,0,1,0
497,258333,0,26486,-26486,0,0,27026,-27026,0,0,0,0,1,0
498,258854,-5966,28956,-22991,0,-6088,29551,-23462,0,0,0,0,1,0
499,259375,-11701,30314,-18613,0,-11942,30940,-18997,0,0,0,0,1,0
500,259895,-16984,30506,-13521,0,-17337,31140,-13802,0,0,0,0,1,0
501,260416,-21614,29526,-7911,0,-22066,30143,-8077,0,0,0,0,1,0
502,260937,-25412,27411,-1999,0,-25947,27988,-2041,0,0,0,0,1,0
503,261458,-28233,24244,3989,0,-28831,24758,4073,0,0,0,0,1,0
504,261979,-29968,20146,9822,0,-30607,20576,10031,0,0,0,0,1,0
505,262500,-30551,15276,15276,0,-31207,15603,15603,0,0,0,0,1,0
506,263020,-29960,9819,20141,0,-30607,10031,20576,0,0,0,0,1,0
507,263541,-28218,3987,24232,0,-28831,4073,24758,0,0,0,0,1,0
508,264062,-25392,-1997,27390,0,-25947,-2041,27988,0,0,0,0,1,0
509,264583,-21592,-7903,29495,0,-22066,-8077,30143,0,0,0,0,1,0
510,265104,-16962,-13504,30466,0,-17337,-13802,31140,0,0,0,0,1,0
511,265625,-11682,-18584,30266,0,-11942,-18997,30940,0,0,0,0,1,0
512,266145,-5955,-22949,28903,0,-6088,-23462,29551,0,0,0,0,1,0
513,266666,0,-26430,26430,0,0,-27026,27026,0,0,0,0,1,0
514,267187,5953,-28896,22943,0,6088,-29551,23462,0,0,0,0,1,0
515,267708,11676,-30250,18574,0,11942,-30940,18997,0,0,0,0,1,0
516,268229,16949,-30442,13493,0,17337,-31140,13802,0,0,0,0,1,0
517,268750,21569,-29464,7895,0,22066,-30143,8077,0,0,0,0,1,0
518,269270,25359,-27354,1995,0,25947,-27988,2041,0,0,0,0,1,0
519,269791,28174,-24194,-3980,0,28831,-24758,-4073,0,0,0,0,1,0
520,270312,29905,-20104,-9801,0,30607,-20576,-10031,0,0,0,0,1,0
521,270833,30487,-15244,-15244,0,31207,-15603,-15603,0,0,0,0,1,0
522,271354,29898,-9799,-20099,0,30607,-10031,-20576,0,0,0,0,1,0
523,271875,28159,-3978,-24181,0,28831,-4073,-24758,0,0,0,0,1,0
524,272395,25339,1993,-27333,0,25947,2041,-27988,0,0,0,0,1,0
525,272916,21547,7887,-29433,0,22066,8077,-30143,0,0,0,0,1,0
526,273437,16927,13475,-30402,0,17337,13802,-31140,0,0,0,0,1,0
527,273958,11658,18545,-30203,0,11942,18997,-30940,0,0,0,0,1,0
528,274479,5942,22901,-28843,0,6088,23462,-29551,0,0,0,0,1,0
529,275000,0,26375,-26375,0,0,27026,-27026,0,0,0,0,1,0
530,275520,-5941,28835,-22895,0,-6088,29551,-23462,0,0,0,0,1,0
531,276041,-11652,30187,-18535,0,-11942,30940,-18997,0,0,0,0,1,0
532,276562,-16914,30378,-13465,0,-17337,31140,-13802,0,0,0,0,1,0
533,277083,-21524,29402,-7878,0,-22066,30143,-8077,0,0,0,0,1,0
534,277604,-25306,27297,-1991,0,-25947,27988,-2041,0,0,0,0,1,0
535,278125,-28115,24143,3972,0,-28831,24758,4073,0,0,0,0,1,0
536,278645,-29843,20062,9781,0,-30607,20576,10031,0,0,0,0,1,0
537,279166,-30424,15212,15212,0,-31207,15603,15603,0,0,0,0,1,0
538,279687,-29835,9778,20057,0,-30607,10031,20576,0,0,0,0,1,0
539,280208,-28101,3970,24131,0,-28831,4073,24758,0,0,0,0,1,0
540,280729,-25287,-1989,27276,0,-25947,-2041,27988,0,0,0,0,1,0
541,281250,-21502,-7870,29372,0,-22066,-8077,30143,0,0,0,0,1,0
542,281770,-16892,-13447,30339,0,-17337,-13802,31140,0,0,0,0,1,0
543,282291,-11634,-18506,30140,0,-11942,-18997,30940,0,0,0,0,1,0
544,282812,-5930,-22853,28783,0,-6088,-23462,29551,0,0,0,0,1,0
545,283333,0,-26320,26320,0,0,-27026,27026,0,0,0,0,1,0
546,283854,5928,-28775,22847,0,6088,-29551,23462,0,0,0,0,1,0
547,284375,11628,-30124,18497,0,11942,-30940,18997,0,0,0,0,1,0
548,284895,16878,-30315,13437,0,17337,-31140,13802,0,0,0,0,1,0
549,285416,21479,-29341,7862,0,22066,-30143,8077,0,0,0,0,1,0
550,285937,25254,-27240,1986,0,25947,-27988,2041,0,0,0,0,1,0
551,286458,28057,-24093,-3964,0,28831,-24758,-4073,0,0,0,0,1,0
552,286979,29781,-20021,-9760,0,30607,-20576,-10031,0,0,0,0,1,0
553,287500,30361,-15180,-15180,0,31207,-15603,-15603,0,0,0,0,1,0
554,288020,29773,-9758,-20015,0,30607,-10031,-20576,0,0,0,0,1,0
555,288541,28042,-3962,-24080,0,28831,-4073,-24758,0,0,0,0,1,0
556,289062,25234,1985,-27219,0,25947,2041,-27988,0,0,0,0,1,0
557,289583,21457,7854,-29311,0,22066,8077,-30143,0,0,0,0,1,0
558,290104,16856,13419,-30276,0,17337,13802,-31140,0,0,0,0,1,0
559,290625,11609,18468,-30077,0,11942,18997,-30940,0,0,0,0,1,0
560,291145,5918,22806,-28723,0,6088,23462,-29551,0,0,0,0,1,0
561,291666,0,26266,-26266,0,0,27026,-27026,0,0,0,0,1,0
562,292187,-5916,28716,-22800,0,-6088,29551,-23462,0,0,0,0,1,0
563,292708,-11603,30062,-18458,0,-11942,30940,-18997,0,0,0,0,1,0
564,293229,-16843,30252,-13409,0,-17337,31140,-13802,0,0,0,0,1,0
565,293750,-21435,29280,-7846,0,-22066,30143,-8077,0,0,0,0,1,0
566,294270,-25201,27184,-1982,0,-25947,27988,-2041,0,0,0,0,1,0
567,294791,-27999,24043,3956,0,-28831,24758,4073,0,0,0,0,1,0
568,295312,-29719,19979,9740,0,-30607,20576,10031,0,0,0,0,1,0
569,295833,-30298,15149,15149,0,-31207,15603,15603,0,0,0,0,1,0
570,296354,-29712,9738,19974,0,-30607,10031,20576,0,0,0,0,1,0
571,296875,-27984,3954,24030,0,-28831,4073,24758,0,0,0,0,1,0
572,297395,-25182,-1981,27163,0,-25947,-2041,27988,0,0,0,0,1,0
573,297916,-21413,-7838,29250,0,-22066,-8077,30143,0,0,0,0,1,0
574,298437,-16822,-13392,30213,0,-17337,-13802,31140,0,0,0,0,1,0
575,298958,-11585,-18430,30015,0,-11942,-18997,30940,0,0,0,0,1,0
576,299479,-5905,-22758,28664,0,-6088,-23462,29551,0,0,0,0,1,0
577,300000,0,-26211,26211,0,0,-27026,27026,0,0,0,0,1,0
578,300520,5904,-28656,22752,0,6088,-29551,23462,0,0,0,0,1,0
579,301041,11579,-30000,18420,0,11942,-30940,18997,0,0,0,0,1,0
580,301562,16808,-30190,13381,0,17337,-31140,13802,0,0,0,0,1,0
581,302083,21390,-29220,7829,0,22066,-30143,8077,0,0,0,0,1,0
582,302604,25149,-27127,1978,0,25947,-27988,2041,0,0,0,0,1,0
583,303125,27941,-23993,-3947,0,28831,-24758,-4073,0,0,0,0,1,0
584,303645,29658,-19938,-9720,0,30607,-20576,-10031,0,0,0,0,1,0
585,304166,30235,-15117,-15117,0,31207,-15603,-15603,0,0,0,0,1,0
586,304687,29650,-9717,-19933,0,30607,-10031,-20576,0,0,0,0,1,0
587,305208,27926,-3945,-23981,0,28831,-4073,-24758,0,0,0,0,1,0
588,305729,25130,1977,-27106,0,25947,2041,-27988,0,0,0,0,1,0
589,306250,21368,7821,-29190,0,22066,8077,-30143,0,0,0,0,1,0
590,306770,16787,13364,-30151,0,17337,13802,-31140,0,0,0,0,1,0
591,307291,11561,18392,-29953,0,11942,18997,-30940,0,0,0,0,1,0
592,307812,5893,22711,-28604,0,6088,23462,-29551,0,0,0,0,1,0
593,308333,0,26157,-26157,0,0,27026,-27026,0,0,0,0,1,0
594,308854,-5892,28597,-22705,0,-6088,29551,-23462,0,0,0,0,1,0
595,309375,-11555,29938,-18382,0,-11942,30940,-18997,0,0,0,0,1,0
596,309895,-16774,30127,-13354,0,-17337,31140,-13802,0,0,0,0,1,0
597,310416,-21346,29159,-7813,0,-22066,30143,-8077,0,0,0,0,1,0
598,310937,-25097,27071,-1974,0,-25947,27988,-2041,0,0,0,0,1,0
599,311458,-27883,23944,3939,0,-28831,24758,4073,0,0,0,0,1,0
600,311979,-29597,19897,9700,0,-30607,20576,10031,0,0,0,0,1,0
601,312500,-30173,15086,15086,0,-31207,15603,15603,0,0,0,0,1,0
602,313020,-29589,9697,19892,0,-30607,10031,20576,0,0,0,0,1,0
603,313541,-27869,3937,23931,0,-28831,4073,24758,0,0,0,0,1,0
604,314062,-25078,-1973,27050,0,-25947,-2041,27988,0,0,0,0,1,0
605,314583,-21324,-7805,29129,0,-22066,-8077,30143,0,0,0,0,1,0
606,315104,-16752,-13336,30089,0,-17337,-13802,31140,0,0,0,0,1,0
607,315625,-11538,-18354,29891,0,-11942,-18997,30940,0,0,0,0,1,0
608,316145,-5881,-22664,28546,0,-6088,-23462,29551,0,0,0,0,1,0
609,316666,0,-26103,26103,0,0,-27026,27026,0,0,0,0,1,0
610,317187,5880,-28538,22659,0,6088,-29551,23462,0,0,0,0,1,0
611,317708,11532,-29876,18344,0,11942,-30940,18997,0,0,0,0,1,0
612,318229,16739,-30065,13326,0,17337,-31140,13802,0,0,0,0,1,0
613,318750,21302,-29099,7797,0,22066,-30143,8077,0,0,0,0,1,0
614,319270,25046,-27016,1970,0,25947,-27988,2041,0,0,0,0,1,0
615,319791,27826,-23894,-3931,0,28831,-24758,-4073,0,0,0,0,1,0
616,320312,29536,-19856,-9680,0,30607,-20576,-10031,0,0,0,0,1,0
617,320833,30110,-15055,-15055,0,31207,-15603,-15603,0,0,0,0,1,0
618,321354,29528,-9677,-19851,0,30607,-10031,-20576,0,0,0,0,1,0
619,321875,27811,-3929,-23882,0,28831,-4073,-24758,0,0,0,0,1,0
620,322395,25026,1969,-26995,0,25947,2041,-27988,0,0,0,0,1,0
621,322916,21280,7789,-29070,0,22066,8077,-30143,0,0,0,0,1,0
622,323437,16718,13309,-30027,0,17337,13802,-31140,0,0,0,0,1,0
623,323958,11514,18316,-29830,0,11942,18997,-30940,0,0,0,0,1,0
624,324479,5869,22618,-28487,0,6088,23462,-29551,0,0,0,0,1,0
625,325000,0,26050,-26050,0,0,27026,-27026,0,0,0,0,1,0
626,325520,-5867,28480,-22612,0,-6088,29551,-23462,0,0,0,0,1,0
627,326041,-11508,29815,-18307,0,-11942,30940,-18997,0,0,0,0,1,0
628,326562,-16705,30004,-13299,0,-17337,31140,-13802,0,0,0,0,1,0
629,327083,-21259,29040,-7781,0,-22066,30143,-8077,0,0,0,0,1,0
630,327604,-24994,26960,-1966,0,-25947,27988,-2041,0,0,0,0,1,0
631,328125,-27769,23845,3923,0,-28831,24758,4073,0,0,0,0,1,0
632,328645,-29475,19815,9660,0,-30607,20576,10031,0,0,0,0,1,0
633,329166,-30049,15024,15024,0,-31207,15603,15603,0,0,0,0,1,0
634,329687,-29468,9658,19810,0,-30607,10031,20576,0,0,0,0,1,0
635,330208,-27754,3921,23833,0,-28831,4073,24758,0,0,0,0,1,0
636,330729,-24975,-1965,26940,0,-25947,-2041,27988,0,0,0,0,1,0
637,331250,-21237,-7773,29010,0,-22066,-8077,30143,0,0,0,0,1,0
638,331770,-16683,-13282,29965,0,-17337,-13802,31140,0,0,0,0,1,0
639,332291,-11490,-18278,29769,0,-11942,-18997,30940,0,0,0,0,1,0
640,332812,-5857,-22572,28429,0,-6088,-23462,29551,0,0,0,0,1,0
641,333333,0,-25996,25996,0,0,-27026,27026,0,0,0,0,1,0
642,333854,5855,-28421,22566,0,6088,-29551,23462,0,0,0,0,1,0
643,334375,11484,-29754,18269,0,11942,-30940,18997,0,0,0,0,1,0
644,334895,16671,-29942,13271,0,17337,-31140,13802,0,0,0,0,1,0
645,335416,21215,-28980,7765,0,22066,-30143,8077,0,0,0,0,1,0
646,335937,24943,-26905,1962,0,25947,-27988,2041,0,0,0,0,1,0
647,336458,27712,-23797,-3915,0,28831,-24758,-4073,0,0,0,0,1,0
648,336979,29415,-19774,-9640,0,30607,-20576,-10031,0,0,0,0,1,0
649,337500,29987,-14994,-14994,0,31207,-15603,-15603,0,0,0,0,1,0
650,338020,29407,-9638,-19769,0,30607,-10031,-20576,0,0,0,0,1,0
651,338541,27698,-3913,-23784,0,28831,-4073,-24758,0,0,0,0,1,0
652,339062,24924,1961,-26884,0,25947,2041,-27988,0,0,0,0,1,0
653,339583,21193,7757,-28951,0,22066,8077,-30143,0,0,0,0,1,0
654,340104,16649,13255,-29904,0,17337,13802,-31140,0,0,0,0,1,0
655,340625,11467,18241,-29708,0,11942,18997,-30940,0,0,0,0,1,0
656,341145,5845,22525,-28370,0,6088,23462,-29551,0,0,0,0,1,0
657,341666,0,25943,-25943,0,0,27026,-27026,0,0,0,0,1,0
658,342187,-5843,28363,-22520,0,-6088,29551,-23462,0,0,0,0,1,0
659,342708,-11461,29693,-18232,0,-11942,30940,-18997,0,0,0,0,1,0
660,343229,-16637,29881,-13244,0,-17337,31140,-13802,0,0,0,0,1,0
661,343750,-21172,28921,-7749,0,-22066,30143,-8077,0,0,0,0,1,0
662,344270,-24892,26850,-1958,0,-25947,27988,-2041,0,0,0,0,1,0
663,344791,-27655,23748,3907,0,-28831,24758,4073,0,0,0,0,1,0
664,345312,-29355,19734,9621,0,-30607,20576,10031,0,0,0,0,1,0
665,345833,-29926,14963,14963,0,-31207,15603,15603,0,0,0,0,1,0
666,346354,-29347,9618,19729,0,-30607,10031,20576,0,0,0,0,1,0
667,346875,-27641,3905,23736,0,-28831,4073,24758,0,0,0,0,1,0
668,347395,-24873,-1957,26830,0,-25947,-2041,27988,0,0,0,0,1,0
669,347916,-21150,-7741,28892,0,-22066,-8077,30143,0,0,0,0,1,0
670,348437,-16615,-13228,29843,0,-17337,-13802,31140,0,0,0,0,1,0
671,348958,-11443,-18204,29647,0,-11942,-18997,30940,0,0,0,0,1,0
672,349479,-5833,-22480,28313,0,-6088,-23462,29551,0,0,0,0,1,0
673,350000,0,-25890,25890,0,0,-27026,27026,0,0,0,0,1,0
674,350520,5832,-28305,22474,0,6088,-29551,23462,0,0,0,0,1,0
675,351041,11438,-29632,18195,0,11942,-30940,18997,0,0,0,0,1,0
676,351562,16603,-29820,13217,0,17337,-31140,13802,0,0,0,0,1,0
677,352083,21129,-28862,7734,0,22066,-30143,8077,0,0,0,0,1,0
678,352604,24841,-26795,1954,0,25947,-27988,2041,0,0,0,0,1,0
679,353125,27599,-23700,-3899,0,28831,-24758,-4073,0,0,0,0,1,0
680,353645,29295,-19694,-9601,0,30607,-20576,-10031,0,0,0,0,1,0
681,354166,29865,-14933,-14933,0,31207,-15603,-15603,0,0,0,0,1,0
682,354687,29288,-9599,-19689,0,30607,-10031,-20576,0,0,0,0,1,0
683,355208,27585,-3897,-23688,0,28831,-4073,-24758,0,0,0,0,1,0
684,355729,24822,1953,-26775,0,25947,2041,-27988,0,0,0,0,1,0
685,356250,21107,7726,-28833,0,22066,8077,-30143,0,0,0,0,1,0
686,356770,16582,13201,-29782,0,17337,13802,-31140,0,0,0,0,1,0
687,357291,11420,18167,-29587,0,11942,18997,-30940,0,0,0,0,1,0
688,357812,5821,22434,-28255,0,6088,23462,-29551,0,0,0,0,1,0
689,358333,0,25838,-25838,0,0,27026,-27026,0,0,0,0,1,0
690,358854,-5820,28248,-22428,0,-6088,29551,-23462,0,0,0,0,1,0
691,359375,-11414,29572,-18158,0,-11942,30940,-18997,0,0,0,0,1,0
692,359895,-16569,29760,-13191,0,-17337,31140,-13802,0,0,0,0,1,0
693,360416,-21086,28804,-7718,0,-22066,30143,-8077,0,0,0,0,1,0
694,360937,-24791,26741,-1950,0,-25947,27988,-2041,0,0,0,0,1,0
695,361458,-27543,23652,3891,0,-28831,24758,4073,0,0,0,0,1,0
696,361979,-29236,19654,9582,0,-30607,20576,10031,0,0,0,0,1,0
697,362500,-29805,14902,14902,0,-31207,15603,15603,0,0,0,0,1,0
698,363020,-29228,9579,19649,0,-30607,10031,20576,0,0,0,0,1,0
699,363541,-27529,3889,23640,0,-28831,4073,24758,0,0,0,0,1,0
700,364062,-24772,-1949,26721,0,-25947,-2041,27988,0,0,0,0,1,0
701,364583,-21064,-7710,28774,0,-22066,-8077,30143,0,0,0,0,1,0
702,365104,-16548,-13174,29722,0,-17337,-13802,31140,0,0,0,0,1,0
703,365625,-11397,-18130,29527,0,-11942,-18997,30940,0,0,0,0,1,0
704,366145,-5809,-22388,28198,0,-6088,-23462,29551,0,0,0,0,1,0
705,366666,0,-25785,25785,0,0,-27026,27026,0,0,0,0,1,0
706,367187,5808,-28191,22383,0,6088,-29551,23462,0,0,0,0,1,0
707,367708,11391,-29512,18121,0,11942,-30940,18997,0,0,0,0,1,0
708,368229,16535,-29699,13164,0,17337,-31140,13802,0,0,0,0,1,0
709,368750,21043,-28745,7702,0,22066,-30143,8077,0,0,0,0,1,0
710,369270,24741,-26687,1946,0,25947,-27988,2041,0,0,0,0,1,0
711,369791,27487,-23604,-3883,0,28831,-24758,-4073,0,0,0,0,1,0
712,370312,29176,-19614,-9562,0,30607,-20576,-10031,0,0,0,0,1,0
713,370833,29744,-14872,-14872,0,31207,-15603,-15603,0,0,0,0,1,0
714,371354,29169,-9560,-19609,0,30607,-10031,-20576,0,0,0,0,1,0
715,371875,27473,-3881,-23592,0,28831,-4073,-24758,0,0,0,0,1,0
716,372395,24722,1945,-26667,0,25947,2041,-27988,0,0,0,0,1,0
717,372916,21022,7694,-28716,0,22066,8077,-30143,0,0,0,0,1,0
718,373437,16515,13147,-29662,0,17337,13802,-31140,0,0,0,0,1,0
719,373958,11374,18093,-29467,0,11942,18997,-30940,0,0,0,0,1,0
720,374479,5798,22343,-28141,0,6088,23462,-29551,0,0,0,0,1,0
721,375000,0,25733,-25733,0,0,27026,-27026,0,0,0,0,1,0
722,375520,-5796,28134,-22337,0,-6088,29551,-23462,0,0,0,0,1,0
723,376041,-11368,29453,-18084,0,-11942,30940,-18997,0,0,0,0,1,0
724,376562,-16502,29639,-13137,0,-17337,31140,-13802,0,0,0,0,1,0
725,377083,-21000,28687,-7687,0,-22066,30143,-8077,0,0,0,0,1,0
726,377604,-24691,26633,-1942,0,-25947,27988,-2041,0,0,0,0,1,0
727,378125,-27432,23556,3876,0,-28831,24758,4073,0,0,0,0,1,0
728,378645,-29117,19575,9543,0,-30607,20576,10031,0,0,0,0,1,0
729,379166,-29684,14842,14842,0,-31207,15603,15603,0,0,0,0,1,0
730,379687,-29110,9540,19570,0,-30607,10031,20576,0,0,0,0,1,0
731,380208,-27418,3874,23544,0,-28831,4073,24758,0,0,0,0,1,0
732,380729,-24672,-1941,26613,0,-25947,-2041,27988,0,0,0,0,1,0
733,381250,-20979,-7679,28658,0,-22066,-8077,30143,0,0,0,0,1,0
734,381770,-16481,-13121,29602,0,-17337,-13802,31140,0,0,0,0,1,0
735,382291,-11351,-18057,29408,0,-11942,-18997,30940,0,0,0,0,1,0
736,382812,-5786,-22298,28084,0,-6088,-23462,29551,0,0,0,0,1,0
737,383333,0,-25681,25681,0,0,-27026,27026,0,0,0,0,1,0
738,383854,5785,-28077,22292,0,6088,-29551,23462,0,0,0,0,1,0
739,384375,11345,-29393,18048,0,11942,-30940,18997,0,0,0,0,1,0
740,384895,16469,-29580,13111,0,17337,-31140,13802,0,0,0,0,1,0
741,385416,20958,-28629,7671,0,22066,-30143,8077,0,0,0,0,1,0
742,385937,24641,-26579,1938,0,25947,-27988,2041,0,0,0,0,1,0
743,386458,27376,-23509,-3868,0,28831,-24758,-4073,0,0,0,0,1,0
744,386979,29059,-19535,-9524,0,30607,-20576,-10031,0,0,0,0,1,0
745,387500,29624,-14812,-14812,0,31207,-15603,-15603,0,0,0,0,1,0
746,388020,29052,-9521,-19530,0,30607,-10031,-20576,0,0,0,0,1,0
747,388541,27363,-3866,-23497,0,28831,-4073,-24758,0,0,0,0,1,0
748,389062,24623,1937,-26559,0,25947,2041,-27988,0,0,0,0,1,0
749,389583,20937,7664,-28601,0,22066,8077,-30143,0,0,0,0,1,0
750,390104,16448,13094,-29542,0,17337,13802,-31140,0,0,0,0,1,0
751,390625,11328,18021,-29349,0,11942,18997,-30940,0,0,0,0,1,0
752,391145,5774,22253,-28028,0,6088,23462,-29551,0,0,0,0,1,0
753,391666,0,25630,-25630,0,0,27026,-27026,0,0,0,0,1,0
754,392187,-5773,28021,-22248,0,-6088,29551,-23462,0,0,0,0,1,0
755,392708,-11323,29334,-18012,0,-11942,30940,-18997,0,0,0,0,1,0
756,393229,-16436,29520,-13084,0,-17337,31140,-13802,0,0,0,0,1,0
757,393750,-20916,28572,-7656,0,-22066,30143,-8077,0,0,0,0,1,0
758,394270,-24592,26526,-1934,0,-25947,27988,-2041,0,0,0,0,1,0
759,394791,-27321,23461,3860,0,-28831,24758,4073,0,0,0,0,1,0
760,395312,-29001,19496,9505,0,-30607,20576,10031,0,0,0,0,1,0
761,395833,-29565,14782,14782,0,-31207,15603,15603,0,0,0,0,1,0
762,396354,-28993,9502,19491,0,-30607,10031,20576,0,0,0,0,1,0
763,396875,-27308,3858,23450,0,-28831,4073,24758,0,0,0,0,1,0
764,397395,-24573,-1933,26506,0,-25947,-2041,27988,0,0,0,0,1,0
765,397916,-20895,-7648,28543,0,-22066,-8077,30143,0,0,0,0,1,0
766,398437,-16415,-13068,29483,0,-17337,-13802,31140,0,0,0,0,1,0
767,398958,-11306,-17984,29290,0,-11942,-18997,30940,0,0,0,0,1,0
768,399479,-5763,-22209,27971,0,-6088,-23462,29551,0,0,0,0,1,0
769,400000,0,-25578,25578,0,0,-27026,27026,0,0,0,0,1,0
770,400520,5761,-27964,22203,0,6088,-29551,23462,0,0,0,0,1,0
771,401041,11300,-29275,17975,0,11942,-30940,18997,0,0,0,0,1,0
772,401562,16403,-29461,13058,0,17337,-31140,13802,0,0,0,0,1,0
773,402083,20874,-28515,7640,0,22066,-30143,8077,0,0,0,0,1,0
774,402604,24542,-26473,1930,0,25947,-27988,2041,0,0,0,0,1,0
775,403125,27267,-23414,-3852,0,28831,-24758,-4073,0,0,0,0,1,0
776,403645,28942,-19457,-9486,0,30607,-20576,-10031,0,0,0,0,1,0
777,404166,29506,-14753,-14753,0,31207,-15603,-15603,0,0,0,0,1,0
778,404687,28935,-9483,-19452,0,30607,-10031,-20576,0,0,0,0,1,0
779,405208,27253,-3850,-23403,0,28831,-4073,-24758,0,0,0,0,1,0
780,405729,24524,1929,-26453,0,25947,2041,-27988,0,0,0,0,1,0
781,406250,20853,7633,-28486,0,22066,8077,-30143,0,0,0,0,1,0
782,406770,16382,13042,-29424,0,17337,13802,-31140,0,0,0,0,1,0
783,407291,11283,17949,-29231,0,11942,18997,-30940,0,0,0,0,1,0
784,407812,5751,22164,-27915,0,6088,23462,-29551,0,0,0,0,1,0
785,408333,0,25527,-25527,0,0,27026,-27026,0,0,0,0,1,0
786,408854,-5750,27908,-22159,0,-6088,29551,-23462,0,0,0,0,1,0
787,409375,-11277,29217,-17940,0,-11942,30940,-18997,0,0,0,0,1,0
788,409895,-16370,29402,-13032,0,-17337,31140,-13802,0,0,0,0,1,0
789,410416,-20832,28458,-7625,0,-22066,30143,-8077,0,0,0,0,1,0
790,410937,-24493,26420,-1927,0,-25947,27988,-2041,0,0,0,0,1,0
791,411458,-27212,23368,3845,0,-28831,24758,4073,0,0,0,0,1,0
792,411979,-28885,19418,9467,0,-30607,20576,10031,0,0,0,0,1,0
793,412500,-29447,14723,14723,0,-31207,15603,15603,0,0,0,0,1,0
794,413020,-28877,9464,19413,0,-30607,10031,20576,0,0,0,0,1,0
795,413541,-27199,3843,23356,0,-28831,4073,24758,0,0,0,0,1,0
796,414062,-24475,-1925,26400,0,-25947,-2041,27988,0,0,0,0,1,0
797,414583,-20812,-7618,28429,0,-22066,-8077,30143,0,0,0,0,1,0
798,415104,-16350,-13016,29365,0,-17337,-13802,31140,0,0,0,0,1,0
799,415625,-11260,-17913,29173,0,-11942,-18997,30940,0,0,0,0,1,0
800,416145,-5740,-22120,27860,0,-6088,-23462,29551,0,0,0,0,1,0
801,416666,0,-25476,25476,0,0,-27026,27026,0,0,0,0,1,0
802,417187,5738,-27853,22114,0,6088,-29551,23462,0,0,0,0,1,0
803,417708,11255,-29159,17904,0,11942,-30940,18997,0,0,0,0,1,0
804,418229,16337,-29344,13006,0,17337,-31140,13802,0,0,0,0,1,0
805,418750,20791,-28401,7610,0,22066,-30143,8077,0,0,0,0,1,0
806,419270,24445,-26367,1923,0,25947,-27988,2041,0,0,0,0,1,0
807,419791,27158,-23321,-3837,0,28831,-24758,-4073,0,0,0,0,1,0
808,420312,28827,-19379,-9448,0,30607,-20576,-10031,0,0,0,0,1,0
809,420833,29388,-14694,-14694,0,31207,-15603,-15603,0,0,0,0,1,0
810,421354,28820,-9445,-19375,0,30607,-10031,-20576,0,0,0,0,1,0
811,421875,27144,-3835,-23309,0,28831,-4073,-24758,0,0,0,0,1,0
812,422395,24426,1921,-26348,0,25947,2041,-27988,0,0,0,0,1,0
813,422916,20770,7602,-28373,0,22066,8077,-30143,0,0,0,0,1,0
814,423437,16317,12990,-29307,0,17337,13802,-31140,0,0,0,0,1,0
815,423958,11238,17877,-29115,0,11942,18997,-30940,0,0,0,0,1,0
816,424479,5728,22076,-27804,0,6088,23462,-29551,0,0,0,0,1,0
817,425000,0,25426,-25426,0,0,27026,-27026,0,0,0,0,1,0
818,425520,-5727,27797,-22071,0,-6088,29551,-23462,0,0,0,0,1,0
819,426041,-11232,29101,-17868,0,-11942,30940,-18997,0,0,0,0,1,0
820,426562,-16305,29285,-12980,0,-17337,31140,-13802,0,0,0,0,1,0
821,427083,-20750,28345,-7595,0,-22066,30143,-8077,0,0,0,0,1,0
822,427604,-24396,26315,-1919,0,-25947,27988,-2041,0,0,0,0,1,0
823,428125,-27104,23275,3829,0,-28831,24758,4073,0,0,0,0,1,0
824,428645,-28770,19341,9429,0,-30607,20576,10031,0,0,0,0,1,0
825,429166,-29330,14665,14665,0,-31207,15603,15603,0,0,0,0,1,0
826,429687,-28763,9427,19336,0,-30607,10031,20576,0,0,0,0,1,0
827,430208,-27091,3827,23263,0,-28831,4073,24758,0,0,0,0,1,0
828,430729,-24378,-1918,26295,0,-25947,-2041,27988,0,0,0,0,1,0
829,431250,-20729,-7587,28316,0,-22066,-8077,30143,0,0,0,0,1,0
830,431770,-16285,-12964,29249,0,-17337,-13802,31140,0,0,0,0,1,0
831,432291,-11216,-17842,29057,0,-11942,-18997,30940,0,0,0,0,1,0
832,432812,-5717,-22032,27749,0,-6088,-23462,29551,0,0,0,0,1,0
833,433333,0,-25375,25375,0,0,-27026,27026,0,0,0,0,1,0
834,433854,5716,-27742,22027,0,6088,-29551,23462,0,0,0,0,1,0
835,434375,11210,-29043,17833,0,11942,-30940,18997,0,0,0,0,1,0
836,434895,16273,-29227,12955,0,17337,-31140,13802,0,0,0,0,1,0
837,435416,20709,-28288,7580,0,22066,-30143,8077,0,0,0,0,1,0
838,435937,24348,-26263,1915,0,25947,-27988,2041,0,0,0,0,1,0
839,436458,27050,-23229,-3822,0,28831,-24758,-4073,0,0,0,0,1,0
840,436979,28713,-19303,-9410,0,30607,-20576,-10031,0,0,0,0,1,0
841,437500,29272,-14636,-14636,0,31207,-15603,-15603,0,0,0,0,1,0
842,438020,28706,-9408,-19298,0,30607,-10031,-20576,0,0,0,0,1,0
843,438541,27037,-3820,-23217,0,28831,-4073,-24758,0,0,0,0,1,0
844,439062,24330,1914,-26243,0,25947,2041,-27988,0,0,0,0,1,0
845,439583,20688,7572,-28260,0,22066,8077,-30143,0,0,0,0,1,0
846,440104,16252,12939,-29191,0,17337,13802,-31140,0,0,0,0,1,0
847,440625,11194,17806,-29000,0,11942,18997,-30940,0,0,0,0,1,0
848,441145,5706,21989,-27694,0,6088,23462,-29551,0,0,0,0,1,0
849,441666,0,25325,-25325,0,0,27026,-27026,0,0,0,0,1,0
850,442187,-5704,27688,-21983,0,-6088,29551,-23462,0,0,0,0,1,0
851,442708,-11188,28986,-17798,0,-11942,30940,-18997,0,0,0,0,1,0
852,443229,-16240,29169,-12929,0,-17337,31140,-13802,0,0,0,0,1,0
853,443750,-20668,28232,-7565,0,-22066,30143,-8077,0,0,0,0,1,0
854,444270,-24300,26211,-1911,0,-25947,27988,-2041,0,0,0,0,1,0
855,444791,-26997,23183,3814,0,-28831,24758,4073,0,0,0,0,1,0
856,445312,-28656,19264,9392,0,-30607,20576,10031,0,0,0,0,1,0
857,445833,-29214,14607,14607,0,-31207,15603,15603,0,0,0,0,1,0
858,446354,-28649,9389,19260,0,-30607,10031,20576,0,0,0,0,1,0
859,446875,-26984,3812,23171,0,-28831,4073,24758,0,0,0,0,1,0
860,447395,-24282,-1910,26192,0,-25947,-2041,27988,0,0,0,0,1,0
861,447916,-20647,-7557,28205,0,-22066,-8077,30143,0,0,0,0,1,0
862,448437,-16220,-12913,29133,0,-17337,-13802,31140,0,0,0,0,1,0
863,448958,-11171,-17771,28943,0,-11942,-18997,30940,0,0,0,0,1,0
864,449479,-5694,-21945,27640,0,-6088,-23462,29551,0,0,0,0,1,0
865,450000,0,-25275,25275,0,0,-27026,27026,0,0,0,0,1,0
866,450520,5693,-27633,21940,0,6088,-29551,23462,0,0,0,0,1,0
867,451041,11166,-28928,17762,0,11942,-30940,18997,0,0,0,0,1,0
868,451562,16208,-29112,12904,0,17337,-31140,13802,0,0,0,0,1,0
869,452083,20627,-28177,7550,0,22066,-30143,8077,0,0,0,0,1,0
870,452604,24252,-26159,1908,0,25947,-27988,2041,0,0,0,0,1,0
871,453125,26944,-23137,-3807,0,28831,-24758,-4073,0,0,0,0,1,0
872,453645,28600,-19227,-9373,0,30607,-20576,-10031,0,0,0,0,1,0
873,454166,29156,-14578,-14578,0,31207,-15603,-15603,0,0,0,0,1,0
874,454687,28593,-9371,-19222,0,30607,-10031,-20576,0,0,0,0,1,0
875,455208,26930,-3805,-23126,0,28831,-4073,-24758,0,0,0,0,1,0
876,455729,24234,1906,-26140,0,25947,2041,-27988,0,0,0,0,1,0
877,456250,20607,7543,-28149,0,22066,8077,-30143,0,0,0,0,1,0
878,456770,16189,12888,-29076,0,17337,13802,-31140,0,0,0,0,1,0
879,457291,11149,17736,-28886,0,11942,18997,-30940,0,0,0,0,1,0
880,457812,5683,21902,-27585,0,6088,23462,-29551,0,0,0,0,1,0
881,458333,0,25225,-25225,0,0,27026,-27026,0,0,0,0,1,0
882,458854,-5682,27579,-21897,0,-6088,29551,-23462,0,0,0,0,1,0
883,459375,-11144,28872,-17728,0,-11942,30940,-18997,0,0,0,0,1,0
884,459895,-16177,29055,-12878,0,-17337,31140,-13802,0,0,0,0,1,0
885,460416,-20586,28121,-7535,0,-22066,30143,-8077,0,0,0,0,1,0
886,460937,-24204,26108,-1904,0,-25947,27988,-2041,0,0,0,0,1,0
887,461458,-26891,23092,3799,0,-28831,24758,4073,0,0,0,0,1,0
888,461979,-28544,19189,9355,0,-30607,20576,10031,0,0,0,0,1,0
889,462500,-29099,14550,14550,0,-31207,15603,15603,0,0,0,0,1,0
890,463020,-28537,9352,19184,0,-30607,10031,20576,0,0,0,0,1,0
891,463541,-26878,3797,23080,0,-28831,4073,24758,0,0,0,0,1,0
892,464062,-24186,-1902,26089,0,-25947,-2041,27988,0,0,0,0,1,0
893,464583,-20566,-7528,28094,0,-22066,-8077,30143,0,0,0,0,1,0
894,465104,-16157,-12862,29019,0,-17337,-13802,31140,0,0,0,0,1,0
895,465625,-11128,-17701,28829,0,-11942,-18997,30940,0,0,0,0,1,0
896,466145,-5672,-21859,27531,0,-6088,-23462,29551,0,0,0,0,1,0
897,466666,0,-25176,25176,0,0,-27026,27026,0,0,0,0,1,0
898,467187,5671,-27525,21854,0,6088,-29551,23462,0,0,0,0,1,0
899,467708,11122,-28815,17693,0,11942,-30940,18997,0,0,0,0,1,0
900,468229,16145,-28998,12853,0,17337,-31140,13802,0,0,0,0,1,0
901,468750,20546,-28066,7520,0,22066,-30143,8077,0,0,0,0,1,0
902,469270,24157,-26057,1900,0,25947,-27988,2041,0,0,0,0,1,0
903,469791,26838,-23046,-3792,0,28831,-24758,-4073,0,0,0,0,1,0
904,470312,28488,-19151,-9336,0,30607,-20576,-10031,0,0,0,0,1,0
905,470833,29042,-14521,-14521,0,31207,-15603,-15603,0,0,0,0,1,0
906,471354,28481,-9334,-19147,0,30607,-10031,-20576,0,0,0,0,1,0
907,471875,26825,-3790,-23035,0,28831,-4073,-24758,0,0,0,0,1,0
908,472395,24139,1899,-26038,0,25947,2041,-27988,0,0,0,0,1,0
909,472916,20526,7513,-28039,0,22066,8077,-30143,0,0,0,0,1,0
910,473437,16125,12837,-28962,0,17337,13802,-31140,0,0,0,0,1,0
911,473958,11106,17667,-28773,0,11942,18997,-30940,0,0,0,0,1,0
912,474479,5661,21816,-27477,0,6088,23462,-29551,0,0,0,0,1,0
913,475000,0,25127,-25127,0,0,27026,-27026,0,0,0,0,1,0
914,475520,-5660,27471,-21811,0,-6088,29551,-23462,0,0,0,0,1,0
915,476041,-11100,28759,-17658,0,-11942,30940,-18997,0,0,0,0,1,0
916,476562,-16113,28941,-12828,0,-17337,31140,-13802,0,0,0,0,1,0
917,477083,-20506,28012,-7506,0,-22066,30143,-8077,0,0,0,0,1,0
918,477604,-24109,26006,-1896,0,-25947,27988,-2041,0,0,0,0,1,0
919,478125,-26786,23001,3784,0,-28831,24758,4073,0,0,0,0,1,0
920,478645,-28432,19114,9318,0,-30607,20576,10031,0,0,0,0,1,0
921,479166,-28985,14493,14493,0,-31207,15603,15603,0,0,0,0,1,0
922,479687,-28425,9316,19109,0,-30607,10031,20576,0,0,0,0,1,0
923,480208,-26773,3782,22990,0,-28831,4073,24758,0,0,0,0,1,0
924,480729,-24092,-1895,25987,0,-25947,-2041,27988,0,0,0,0,1,0
925,481250,-20486,-7498,27984,0,-22066,-8077,30143,0,0,0,0,1,0
926,481770,-16094,-12812,28906,0,-17337,-13802,31140,0,0,0,0,1,0
927,482291,-11084,-17632,28717,0,-11942,-18997,30940,0,0,0,0,1,0
928,482812,-5650,-21774,27424,0,-6088,-23462,29551,0,0,0,0,1,0
929,483333,0,-25078,25078,0,0,-27026,27026,0,0,0,0,1,0
930,483854,5649,-27417,21769,0,6088,-29551,23462,0,0,0,0,1,0
931,484375,11079,-28703,17624,0,11942,-30940,18997,0,0,0,0,1,0
932,484895,16082,-28885,12803,0,17337,-31140,13802,0,0,0,0,1,0
933,485416,20466,-27957,7491,0,22066,-30143,8077,0,0,0,0,1,0
934,485937,24062,-25955,1893,0,25947,-27988,2041,0,0,0,0,1,0
935,486458,26733,-22957,-3777,0,28831,-24758,-4073,0,0,0,0,1,0
936,486979,28377,-19077,-9300,0,30607,-20576,-10031,0,0,0,0,1,0
937,487500,28929,-14465,-14465,0,31207,-15603,-15603,0,0,0,0,1,0
938,488020,28370,-9298,-19072,0,30607,-10031,-20576,0,0,0,0,1,0
939,488541,26720,-3775,-22945,0,28831,-4073,-24758,0,0,0,0,1,0
940,489062,24045,1891,-25936,0,25947,2041,-27988,0,0,0,0,1,0
941,489583,20446,7484,-27930,0,22066,8077,-30143,0,0,0,0,1,0
942,490104,16062,12787,-28850,0,17337,13802,-31140,0,0,0,0,1,0
943,490625,11063,17598,-28661,0,11942,18997,-30940,0,0,0,0,1,0
944,491145,5639,21732,-27370,0,6088,23462,-29551,0,0,0,0,1,0
945,491666,0,25029,-25029,0,0,27026,-27026,0,0,0,0,1,0
946,492187,-5638,27364,-21726,0,-6088,29551,-23462,0,0,0,0,1,0
947,492708,-11057,28647,-17589,0,-11942,30940,-18997,0,0,0,0,1,0
948,493229,-16051,28829,-12778,0,-17337,31140,-13802,0,0,0,0,1,0
949,493750,-20426,27903,-7476,0,-22066,30143,-8077,0,0,0,0,1,0
950,494270,-24016,25905,-1889,0,-25947,27988,-2041,0,0,0,0,1,0
951,494791,-26682,22912,3770,0,-28831,24758,4073,0,0,0,0,1,0
952,495312,-28322,19040,9282,0,-30607,20576,10031,0,0,0,0,1,0
953,495833,-28873,14436,14436,0,-31207,15603,15603,0,0,0,0,1,0
954,496354,-28315,9280,19035,0,-30607,10031,20576,0,0,0,0,1,0
955,496875,-26669,3768,22901,0,-28831,4073,24758,0,0,0,0,1,0
956,497395,-23998,-1888,25886,0,-25947,-2041,27988,0,0,0,0,1,0
957,497916,-20406,-7469,27876,0,-22066,-8077,30143,0,0,0,0,1,0
958,498437,-16031,-12762,28794,0,-17337,-13802,31140,0,0,0,0,1,0
959,498958,-11041,-17564,28605,0,-11942,-18997,30940,0,0,0,0,1,0
960,499479,-5628,-21689,27317,0,-6088,-23462,29551,0,0,0,0,1,0
961,500000,0,-24980,24980,0,0,-27026,27026,0,0,0,0,1,0
962,500520,5627,-27311,21684,0,6088,-29551,23462,0,0,0,0,1,0
963,501041,11036,-28591,17555,0,11942,-30940,18997,0,0,0,0,1,0
964,501562,16020,-28773,12753,0,17337,-31140,13802,0,0,0,0,1,0
965,502083,20387,-27849,7462,0,22066,-30143,8077,0,0,0,0,1,0
966,502604,23969,-25855,1885,0,25947,-27988,2041,0,0,0,0,1,0
967,503125,26630,-22868,-3762,0,28831,-24758,-4073,0,0,0,0,1,0
968,503645,28267,-19003,-9264,0,30607,-20576,-10031,0,0,0,0,1,0
969,504166,28817,-14408,-14408,0,31207,-15603,-15603,0,0,0,0,1,0
970,504687,28260,-9262,-18998,0,30607,-10031,-20576,0,0,0,0,1,0
971,505208,26617,-3760,-22856,0,28831,-4073,-24758,0,0,0,0,1,0
972,505729,23952,1884,-25836,0,25947,2041,-27988,0,0,0,0,1,0
973,506250,20367,7455,-27822,0,22066,8077,-30143,0,0,0,0,1,0
974,506770,16000,12738,-28738,0,17337,13802,-31140,0,0,0,0,1,0
975,507291,11020,17530,-28550,0,11942,18997,-30940,0,0,0,0,1,0
976,507812,5617,21647,-27265,0,6088,23462,-29551,0,0,0,0,1,0
977,508333,0,24932,-24932,0,0,27026,-27026,0,0,0,0,1,0
978,508854,-5616,27258,-21642,0,-6088,29551,-23462,0,0,0,0,1,0
979,509375,-11014,28536,-17521,0,-11942,30940,-18997,0,0,0,0,1,0
980,509895,-15989,28717,-12728,0,-17337,31140,-13802,0,0,0,0,1,0
981,510416,-20347,27795,-7448,0,-22066,30143,-8077,0,0,0,0,1,0
982,510937,-23923,25805,-1882,0,-25947,27988,-2041,0,0,0,0,1,0
983,511458,-26578,22823,3755,0,-28831,24758,4073,0,0,0,0,1,0
984,511979,-28212,18966,9246,0,-30607,20576,10031,0,0,0,0,1,0
985,512499,-28761,14381,14381,0,-31207,15603,15603,0,0,0,0,1,0
986,513020,-28205,9244,18961,0,-30607,10031,20576,0,0,0,0,1,0
987,513541,-26566,3753,22812,0,-28831,4073,24758,0,0,0,0,1,0
988,514062,-23905,-1880,25786,0,-25947,-2041,27988,0,0,0,0,1,0
989,514583,-20328,-7440,27768,0,-22066,-8077,30143,0,0,0,0,1,0
990,515104,-15969,-12713,28682,0,-17337,-13802,31140,0,0,0,0,1,0
991,515625,-10999,-17496,28495,0,-11942,-18997,30940,0,0,0,0,1,0
992,516145,-5606,-21606,27212,0,-6088,-23462,29551,0,0,0,0,1,0
993,516666,0,-24884,24884,0,0,-27026,27026,0,0,0,0,1,0
994,517187,5605,-27205,21600,0,6088,-29551,23462,0,0,0,0,1,0
995,517708,10993,-28481,17488,0,11942,-30940,18997,0,0,0,0,1,0
996,518229,15958,-28662,12704,0,17337,-31140,13802,0,0,0,0,1,0
997,518750,20308,-27741,7433,0,22066,-30143,8077,0,0,0,0,1,0
998,519270,23877,-25755,1878,0,25947,-27988,2041,0,0,0,0,1,0
999,519791,26527,-22779,-3748,0,28831,-24758,-4073,0,0,0,0,1,0
1000,520312,28158,-18929,-9228,0,30607,-20576,-10031,0,0,0,0,1,0
1001,520833,28706,-14353,-14353,0,31207,-15603,-15603,0,0,0,0,1,0
1002,521354,28151,-9226,-18925,0,30607,-10031,-20576,0,0,0,0,1,0
1003,521875,26514,-3746,-22768,0,28831,-4073,-24758,0,0,0,0,1,0
1004,522395,23859,1877,-25736,0,25947,2041,-27988,0,0,0,0,1,0
1005,522916,20288,7426,-27714,0,22066,8077,-30143,0,0,0,0,1,0
1006,523437,15939,12689,-28627,0,17337,13802,-31140,0,0,0,0,1,0
1007,523958,10977,17462,-28440,0,11942,18997,-30940,0,0,0,0,1,0
1008,524479,5596,21564,-27160,0,6088,23462,-29551,0,0,0,0,1,0
1009,525000,0,24836,-24836,0,0,27026,-27026,0,0,0,0,1,0
1010,525520,-5594,27153,-21559,0,-6088,29551,-23462,0,0,0,0,1,0
1011,526041,-10972,28426,-17454,0,-11942,30940,-18997,0,0,0,0,1,0
1012,526562,-15927,28607,-12680,0,-17337,31140,-13802,0,0,0,0,1,0
1013,527083,-20269,27688,-7419,0,-22066,30143,-8077,0,0,0,0,1,0
1014,527604,-23831,25705,-1875,0,-25947,27988,-2041,0,0,0,0,1,0
1015,528125,-26476,22736,3741,0,-28831,24758,4073,0,0,0,0,1,0
1016,528645,-28104,18893,9211,0,-30607,20576,10031,0,0,0,0,1,0
1017,529166,-28651,14325,14325,0,-31207,15603,15603,0,0,0,0,1,0
1018,529687,-28097,9208,18889,0,-30607,10031,20576,0,0,0,0,1,0
1019,530208,-26464,3739,22725,0,-28831,4073,24758,0,0,0,0,1,0
1020,530729,-23814,-1873,25687,0,-25947,-2041,27988,0,0,0,0,1,0
1021,531250,-20249,-7412,27661,0,-22066,-8077,30143,0,0,0,0,1,0
1022,531770,-15908,-12664,28572,0,-17337,-13802,31140,0,0,0,0,1,0
1023,532291,-10956,-17429,28385,0,-11942,-18997,30940,0,0,0,0,1,0
1024,532812,-5585,-21523,27108,0,-6088,-23462,29551,0,0,0,0,1,0
1025,533333,0,-24789,24789,0,0,-27026,27026,0,0,0,0,1,0
1026,533854,5583,-27101,21518,0,6088,-29551,23462,0,0,0,0,1,0
1027,534375,10951,-28372,17421,0,11942,-30940,18997,0,0,0,0,1,0
1028,534895,15897,-28552,12655,0,17337,-31140,13802,0,0,0,0,1,0
1029,535416,20230,-27635,7405,0,22066,-30143,8077,0,0,0,0,1,0
1030,535937,23785,-25656,1871,0,25947,-27988,2041,0,0,0,0,1,0
1031,536458,26426,-22692,-3733,0,28831,-24758,-4073,0,0,0,0,1,0
1032,536979,28050,-18857,-9193,0,30607,-20576,-10031,0,0,0,0,1,0
1033,537500,28596,-14298,-14298,0,31207,-15603,-15603,0,0,0,0,1,0
1034,538020,28043,-9191,-18852,0,30607,-10031,-20576,0,0,0,0,1,0
1035,538541,26413,-3732,-22681,0,28831,-4073,-24758,0,0,0,0,1,0
1036,539062,23768,1870,-25638,0,25947,2041,-27988,0,0,0,0,1,0
1037,539583,20211,7398,-27608,0,22066,8077,-30143,0,0,0,0,1,0
1038,540104,15878,12640,-28518,0,17337,13802,-31140,0,0,0,0,1,0
1039,540625,10935,17396,-28331,0,11942,18997,-30940,0,0,0,0,1,0
1040,541145,5574,21482,-27056,0,6088,23462,-29551,0,0,0,0,1,0
1041,541666,0,24741,-24741,0,0,27026,-27026,0,0,0,0,1,0
1042,542187,-5573,27049,-21476,0,-6088,29551,-23462,0,0,0,0,1,0
1043,542708,-10930,28317,-17387,0,-11942,30940,-18997,0,0,0,0,1,0
1044,543229,-15866,28497,-12631,0,-17337,31140,-13802,0,0,0,0,1,0
1045,543750,-20191,27582,-7391,0,-22066,30143,-8077,0,0,0,0,1,0
1046,544270,-23740,25607,-1867,0,-25947,27988,-2041,0,0,0,0,1,0
1047,544791,-26375,22649,3726,0,-28831,24758,4073,0,0,0,0,1,0
1048,545312,-27996,18821,9175,0,-30607,20576,10031,0,0,0,0,1,0
1049,545833,-28541,14271,14271,0,-31207,15603,15603,0,0,0,0,1,0
1050,546354,-27990,9173,18816,0,-30607,10031,20576,0,0,0,0,1,0
1051,546875,-26362,3725,22638,0,-28831,4073,24758,0,0,0,0,1,0
1052,547395,-23723,-1866,25589,0,-25947,-2041,27988,0,0,0,0,1,0
1053,547916,-20172,-7384,27556,0,-22066,-8077,30143,0,0,0,0,1,0
1054,548437,-15847,-12616,28463,0,-17337,-13802,31140,0,0,0,0,1,0
1055,548958,-10914,-17362,28277,0,-11942,-18997,30940,0,0,0,0,1,0
1056,549479,-5563,-21441,27004,0,-6088,-23462,29551,0,0,0,0,1,0
1057,550000,0,-24694,24694,0,0,-27026,27026,0,0,0,0,1,0
1058,550520,5562,-26998,21435,0,6088,-29551,23462,0,0,0,0,1,0
1059,551041,10909,-28263,17354,0,11942,-30940,18997,0,0,0,0,1,0
1060,551562,15836,-28443,12607,0,17337,-31140,13802,0,0,0,0,1,0
1061,552083,20153,-27529,7376,0,22066,-30143,8077,0,0,0,0,1,0
1062,552604,23695,-25558,1864,0,25947,-27988,2041,0,0,0,0,1,0
1063,553125,26325,-22606,-3719,0,28831,-24758,-4073,0,0,0,0,1,0
1064,553645,27943,-18785,-9158,0,30607,-20576,-10031,0,0,0,0,1,0
1065,554166,28487,-14243,-14243,0,31207,-15603,-15603,0,0,0,0,1,0
1066,554687,27936,-9156,-18781,0,30607,-10031,-20576,0,0,0,0,1,0
1067,555208,26312,-3717,-22595,0,28831,-4073,-24758,0,0,0,0,1,0
1068,555729,23678,1862,-25540,0,25947,2041,-27988,0,0,0,0,1,0
1069,556250,20134,7369,-27503,0,22066,8077,-30143,0,0,0,0,1,0
1070,556770,15817,12592,-28409,0,17337,13802,-31140,0,0,0,0,1,0
1071,557291,10894,17329,-28223,0,11942,18997,-30940,0,0,0,0,1,0
1072,557812,5553,21400,-26953,0,6088,23462,-29551,0,0,0,0,1,0
1073,558333,0,24647,-24647,0,0,27026,-27026,0,0,0,0,1,0
1074,558854,-5552,26946,-21395,0,-6088,29551,-23462,0,0,0,0,1,0
1075,559375,-10889,28210,-17321,0,-11942,30940,-18997,0,0,0,0,1,0
1076,559895,-15806,28389,-12583,0,-17337,31140,-13802,0,0,0,0,1,0
1077,560416,-20115,27477,-7362,0,-22066,30143,-8077,0,0,0,0,1,0
1078,560937,-23649,25510,-1860,0,-25947,27988,-2041,0,0,0,0,1,0
1079,561458,-26275,22563,3712,0,-28831,24758,4073,0,0,0,0,1,0
1080,561979,-27890,18749,9141,0,-30607,20576,10031,0,0,0,0,1,0
1081,562500,-28433,14216,14216,0,-31207,15603,15603,0,0,0,0,1,0
1082,563020,-27883,9138,18745,0,-30607,10031,20576,0,0,0,0,1,0
1083,563541,-26262,3710,22552,0,-28831,4073,24758,0,0,0,0,1,0
1084,564062,-23633,-1859,25492,0,-25947,-2041,27988,0,0,0,0,1,0
1085,564583,-20096,-7355,27451,0,-22066,-8077,30143,0,0,0,0,1,0
1086,565104,-15787,-12568,28355,0,-17337,-13802,31140,0,0,0,0,1,0
1087,565625,-10873,-17297,28170,0,-11942,-18997,30940,0,0,0,0,1,0
1088,566145,-5542,-21359,26902,0,-6088,-23462,29551,0,0,0,0,1,0
1089,566666,0,-24600,24600,0,0,-27026,27026,0,0,0,0,1,0
1090,567187,5541,-26895,21354,0,6088,-29551,23462,0,0,0,0,1,0
1091,567708,10868,-28156,17288,0,11942,-30940,18997,0,0,0,0,1,0
1092,568229,15776,-28335,12559,0,17337,-31140,13802,0,0,0,0,1,0
1093,568750,20077,-27425,7349,0,22066,-30143,8077,0,0,0,0,1,0
1094,569270,23605,-25461,1857,0,25947,-27988,2041,0,0,0,0,1,0
1095,569791,26225,-22520,-3705,0,28831,-24758,-4073,0,0,0,0,1,0
1096,570312,27837,-18714,-9123,0,30607,-20576,-10031,0,0,0,0,1,0
1097,570833,28379,-14190,-14190,0,31207,-15603,-15603,0,0,0,0,1,0
1098,571354,27830,-9121,-18709,0,30607,-10031,-20576,0,0,0,0,1,0
1099,571875,26213,-3703,-22509,0,28831,-4073,-24758,0,0,0,0,1,0
1100,572395,23588,1855,-25443,0,25947,2041,-27988,0,0,0,0,1,0
1101,572916,20058,7342,-27399,0,22066,8077,-30143,0,0,0,0,1,0
1102,573437,15757,12544,-28302,0,17337,13802,-31140,0,0,0,0,1,0
1103,573958,10852,17264,-28116,0,11942,18997,-30940,0,0,0,0,1,0
1104,574479,5532,21319,-26851,0,6088,23462,-29551,0,0,0,0,1,0
1105,575000,0,24554,-24554,0,0,27026,-27026,0,0,0,0,1,0
1106,575520,-5531,26844,-21314,0,-6088,29551,-23462,0,0,0,0,1,0
1107,576041,-10847,28103,-17256,0,-11942,30940,-18997,0,0,0,0,1,0
1108,576562,-15746,28282,-12535,0,-17337,31140,-13802,0,0,0,0,1,0
1109,577083,-20039,27373,-7335,0,-22066,30143,-8077,0,0,0,0,1,0
1110,577604,-23560,25413,-1853,0,-25947,27988,-2041,0,0,0,0,1,0
1111,578125,-26175,22477,3698,0,-28831,24758,4073,0,0,0,0,1,0
1112,578645,-27784,18678,9106,0,-30607,20576,10031,0,0,0,0,1,0
1113,579166,-28325,14163,14163,0,-31207,15603,15603,0,0,0,0,1,0
1114,579687,-27778,9104,18674,0,-30607,10031,20576,0,0,0,0,1,0
1115,580208,-26163,3696,22467,0,-28831,4073,24758,0,0,0,0,1,0
1116,580729,-23543,-1852,25395,0,-25947,-2041,27988,0,0,0,0,1,0
1117,581250,-20020,-7328,27347,0,-22066,-8077,30143,0,0,0,0,1,0
1118,581770,-15728,-12521,28248,0,-17337,-13802,31140,0,0,0,0,1,0
1119,582291,-10832,-17231,28063,0,-11942,-18997,30940,0,0,0,0,1,0
1120,582812,-5521,-21279,26800,0,-6088,-23462,29551,0,0,0,0,1,0
1121,583333,0,-24507,24507,0,0,-27026,27026,0,0,0,0,1,0
1122,583854,5520,-26794,21274,0,6088,-29551,23462,0,0,0,0,1,0
1123,584375,10827,-28050,17223,0,11942,-30940,18997,0,0,0,0,1,0
1124,584895,15716,-28228,12512,0,17337,-31140,13802,0,0,0,0,1,0
1125,585416,20001,-27322,7321,0,22066,-30143,8077,0,0,0,0,1,0
1126,585937,23516,-25365,1850,0,25947,-27988,2041,0,0,0,0,1,0
1127,586458,26126,-22435,-3691,0,28831,-24758,-4073,0,0,0,0,1,0
1128,586979,27732,-18643,-9089,0,30607,-20576,-10031,0,0,0,0,1,0
1129,587500,28272,-14136,-14136,0,31207,-15603,-15603,0,0,0,0,1,0
1130,588020,27726,-9087,-18639,0,30607,-10031,-20576,0,0,0,0,1,0
1131,588541,26114,-3689,-22425,0,28831,-4073,-24758,0,0,0,0,1,0
1132,589062,23499,1848,-25348,0,25947,2041,-27988,0,0,0,0,1,0
1133,589583,19982,7314,-27296,0,22066,8077,-30143,0,0,0,0,1,0
1134,590104,15698,12497,-28195,0,17337,13802,-31140,0,0,0,0,1,0
1135,590625,10812,17199,-28011,0,11942,18997,-30940,0,0,0,0,1,0
1136,591145,5511,21239,-26750,0,6088,23462,-29551,0,0,0,0,1,0
1137,591666,0,24461,-24461,0,0,27026,-27026,0,0,0,0,1,0
1138,592187,-5510,26743,-21234,0,-6088,29551,-23462,0,0,0,0,1,0
1139,592708,-10807,27997,-17191,0,-11942,30940,-18997,0,0,0,0,1,0
1140,593229,-15687,28175,-12488,0,-17337,31140,-13802,0,0,0,0,1,0
1141,593750,-19963,27270,-7307,0,-22066,30143,-8077,0,0,0,0,1,0
1142,594270,-23472,25318,-1846,0,-25947,27988,-2041,0,0,0,0,1,0
1143,594791,-26077,22393,3684,0,-28831,24758,4073,0,0,0,0,1,0
1144,595312,-27680,18608,9072,0,-30607,20576,10031,0,0,0,0,1,0
1145,595833,-28219,14110,14110,0,-31207,15603,15603,0,0,0,0,1,0
1146,596354,-27674,9070,18604,0,-30607,10031,20576,0,0,0,0,1,0
1147,596875,-26065,3682,22382,0,-28831,4073,24758,0,0,0,0,1,0
1148,597395,-23455,-1845,25300,0,-25947,-2041,27988,0,0,0,0,1,0
1149,597916,-19945,-7300,27245,0,-22066,-8077,30143,0,0,0,0,1,0
1150,598437,-15668,-12474,28142,0,-17337,-13802,31140,0,0,0,0,1,0
1151,598958,-10791,-17167,27958,0,-11942,-18997,30940,0,0,0,0,1,0
1152,599479,-5501,-21199,26700,0,-6088,-23462,29551,0,0,0,0,1,0
1153,600000,0,-24416,24416,0,0,-27026,27026,0,0,0,0,1,0
1154,600520,5499,-26693,21194,0,6088,-29551,23462,0,0,0,0,1,0
1155,601041,10786,-27945,17159,0,11942,-30940,18997,0,0,0,0,1,0
1156,601562,15657,-28122,12465,0,17337,-31140,13802,0,0,0,0,1,0
1157,602083,19926,-27219,7293,0,22066,-30143,8077,0,0,0,0,1,0
1158,602604,23428,-25270,1843,0,25947,-27988,2041,0,0,0,0,1,0
1159,603125,26028,-22351,-3677,0,28831,-24758,-4073,0,0,0,0,1,0
1160,603645,27628,-18573,-9055,0,30607,-20576,-10031,0,0,0,0,1,0
1161,604166,28166,-14083,-14083,0,31207,-15603,-15603,0,0,0,0,1,0
1162,604687,27622,-9053,-18569,0,30607,-10031,-20576,0,0,0,0,1,0
1163,605208,26016,-3676,-22341,0,28831,-4073,-24758,0,0,0,0,1,0
1164,605729,23411,1842,-25253,0,25947,2041,-27988,0,0,0,0,1,0
1165,606250,19907,7287,-27194,0,22066,8077,-30143,0,0,0,0,1,0
1166,606770,15639,12450,-28090,0,17337,13802,-31140,0,0,0,0,1,0
1167,607291,10771,17135,-27906,0,11942,18997,-30940,0,0,0,0,1,0
1168,607812,5490,21159,-26650,0,6088,23462,-29551,0,0,0,0,1,0
1169,608333,0,24370,-24370,0,0,27026,-27026,0,0,0,0,1,0
1170,608854,-5489,26643,-21154,0,-6088,29551,-23462,0,0,0,0,1,0
1171,609375,-10766,27893,-17127,0,-11942,30940,-18997,0,0,0,0,1,0
1172,609895,-15628,28070,-12442,0,-17337,31140,-13802,0,0,0,0,1,0
1173,610416,-19889,27168,-7280,0,-22066,30143,-8077,0,0,0,0,1,0
1174,610937,-23384,25223,-1839,0,-25947,27988,-2041,0,0,0,0,1,0
1175,611458,-25980,22309,3670,0,-28831,24758,4073,0,0,0,0,1,0
1176,611979,-27577,18539,9038,0,-30607,20576,10031,0,0,0,0,1,0
1177,612500,-28114,14057,14057,0,-31207,15603,15603,0,0,0,0,1,0
1178,613020,-27570,9036,18534,0,-30607,10031,20576,0,0,0,0,1,0
1179,613541,-25968,3669,22299,0,-28831,4073,24758,0,0,0,0,1,0
1180,614062,-23367,-1838,25206,0,-25947,-2041,27988,0,0,0,0,1,0
1181,614583,-19870,-7273,27143,0,-22066,-8077,30143,0,0,0,0,1,0
1182,615104,-15610,-12427,28037,0,-17337,-13802,31140,0,0,0,0,1,0
1183,615625,-10751,-17103,27854,0,-11942,-18997,30940,0,0,0,0,1,0
1184,616145,-5480,-21120,26600,0,-6088,-23462,29551,0,0,0,0,1,0
1185,616666,0,-24324,24324,0,0,-27026,27026,0,0,0,0,1,0
1186,617187,5479,-26594,21115,0,6088,-29551,23462,0,0,0,0,1,0
1187,617708,10746,-27841,17095,0,11942,-30940,18997,0,0,0,0,1,0
1188,618229,15599,-28018,12418,0,17337,-31140,13802,0,0,0,0,1,0
1189,618750,19852,-27118,7266,0,22066,-30143,8077,0,0,0,0,1,0
1190,619270,23340,-25176,1836,0,25947,-27988,2041,0,0,0,0,1,0
1191,619791,25931,-22268,-3664,0,28831,-24758,-4073,0,0,0,0,1,0
1192,620312,27525,-18504,-9021,0,30607,-20576,-10031,0,0,0,0,1,0
1193,620833,28061,-14031,-14031,0,31207,-15603,-15603,0,0,0,0,1,0
1194,621354,27519,-9019,-18500,0,30607,-10031,-20576,0,0,0,0,1,0
1195,621875,25919,-3662,-22257,0,28831,-4073,-24758,0,0,0,0,1,0
1196,622395,23324,1835,-25159,0,25947,2041,-27988,0,0,0,0,1,0
1197,622916,19833,7259,-27093,0,22066,8077,-30143,0,0,0,0,1,0
1198,623437,15581,12404,-27985,0,17337,13802,-31140,0,0,0,0,1,0
1199,623958,10731,17071,-27802,0,11942,18997,-30940,0,0,0,0,1,0
1200,624479,5470,21080,-26551,0,6088,23462,-29551,0,0,0,0,1,0
1201,625000,0,24279,-24279,0,0,27026,-27026,0,0,0,0,1,0
1202,625520,-5469,26544,-21076,0,-6088,29551,-23462,0,0,0,0,1,0
1203,626041,-10726,27789,-17063,0,-11942,30940,-18997,0,0,0,0,1,0
1204,626562,-15570,27966,-12395,0,-17337,31140,-13802,0,0,0,0,1,0
1205,627083,-19815,27067,-7253,0,-22066,30143,-8077,0,0,0,0,1,0
1206,627604,-23297,25129,-1833,0,-25947,27988,-2041,0,0,0,0,1,0
1207,628125,-25883,22226,3657,0,-28831,24758,4073,0,0,0,0,1,0
1208,628645,-27474,18470,9004,0,-30607,20576,10031,0,0,0,0,1,0
1209,629166,-28009,14005,14005,0,-31207,15603,15603,0,0,0,0,1,0
1210,629687,-27468,9002,18466,0,-30607,10031,20576,0,0,0,0,1,0
1211,630208,-25871,3655,22216,0,-28831,4073,24758,0,0,0,0,1,0
1212,630729,-23281,-1831,25112,0,-25947,-2041,27988,0,0,0,0,1,0
1213,631250,-19796,-7246,27042,0,-22066,-8077,30143,0,0,0,0,1,0
1214,631770,-15552,-12381,27933,0,-17337,-13802,31140,0,0,0,0,1,0
1215,632291,-10711,-17039,27750,0,-11942,-18997,30940,0,0,0,0,1,0
1216,632812,-5460,-21041,26501,0,-6088,-23462,29551,0,0,0,0,1,0
1217,633333,0,-24234,24234,0,0,-27026,27026,0,0,0,0,1,0
1218,633854,5459,-26495,21037,0,6088,-29551,23462,0,0,0,0,1,0
1219,634375,10706,-27738,17031,0,11942,-30940,18997,0,0,0,0,1,0
1220,634895,15541,-27914,12372,0,17337,-31140,13802,0,0,0,0,1,0
1221,635416,19778,-27017,7239,0,22066,-30143,8077,0,0,0,0,1,0
1222,635937,23254,-25083,1829,0,25947,-27988,2041,0,0,0,0,1,0
1223,636458,25835,-22185,-3650,0,28831,-24758,-4073,0,0,0,0,1,0
1224,636979,27423,-18436,-8988,0,30607,-20576,-10031,0,0,0,0,1,0
1225,637500,27957,-13979,-13979,0,31207,-15603,-15603,0,0,0,0,1,0
1226,638020,27417,-8986,-18431,0,30607,-10031,-20576,0,0,0,0,1,0
1227,638541,25823,-3648,-22175,0,28831,-4073,-24758,0,0,0,0,1,0
1228,639062,23238,1828,-25066,0,25947,2041,-27988,0,0,0,0,1,0
1229,639583,19760,7233,-26992,0,22066,8077,-30143,0,0,0,0,1,0
1230,640104,15523,12358,-27881,0,17337,13802,-31140,0,0,0,0,1,0
1231,640625,10691,17008,-27699,0,11942,18997,-30940,0,0,0,0,1,0
1232,641145,5450,21003,-26452,0,6088,23462,-29551,0,0,0,0,1,0
1233,641666,0,24189,-24189,0,0,27026,-27026,0,0,0,0,1,0
1234,642187,-5449,26446,-20998,0,-6088,29551,-23462,0,0,0,0,1,0
1235,642708,-10687,27686,-17000,0,-11942,30940,-18997,0,0,0,0,1,0
1236,643229,-15513,27862,-12350,0,-17337,31140,-13802,0,0,0,0,1,0
1237,643750,-19742,26967,-7226,0,-22066,30143,-8077,0,0,0,0,1,0
1238,644270,-23211,25037,-1826,0,-25947,27988,-2041,0,0,0,0,1,0
1239,644791,-25788,22144,3643,0,-28831,24758,4073,0,0,0,0,1,0
1240,645312,-27373,18402,8971,0,-30607,20576,10031,0,0,0,0,1,0
1241,645833,-27906,13953,13953,0,-31207,15603,15603,0,0,0,0,1,0
1242,646354,-27367,8969,18397,0,-30607,10031,20576,0,0,0,0,1,0
1243,646875,-25776,3642,22134,0,-28831,4073,24758,0,0,0,0,1,0
1244,647395,-23195,-1824,25019,0,-25947,-2041,27988,0,0,0,0,1,0
1245,647916,-19723,-7219,26943,0,-22066,-8077,30143,0,0,0,0,1,0
1246,648437,-15495,-12335,27830,0,-17337,-13802,31140,0,0,0,0,1,0
1247,648958,-10672,-16976,27648,0,-11942,-18997,30940,0,0,0,0,1,0
1248,649479,-5440,-20964,26404,0,-6088,-23462,29551,0,0,0,0,1,0
1249,650000,0,-24145,24145,0,0,-27026,27026,0,0,0,0,1,0
1250,650520,5439,-26398,20959,0,6088,-29551,23462,0,0,0,0,1,0
1251,651041,10667,-27635,16968,0,11942,-30940,18997,0,0,0,0,1,0
1252,651562,15484,-27811,12327,0,17337,-31140,13802,0,0,0,0,1,0
1253,652083,19705,-26918,7213,0,22066,-30143,8077,0,0,0,0,1,0
1254,652604,23168,-24991,1822,0,25947,-27988,2041,0,0,0,0,1,0
1255,653125,25740,-22104,-3637,0,28831,-24758,-4073,0,0,0,0,1,0
1256,653645,27322,-18368,-8955,0,30607,-20576,-10031,0,0,0,0,1,0
1257,654166,27855,-13927,-13927,0,31207,-15603,-15603,0,0,0,0,1,0
1258,654687,27316,-8953,-18364,0,30607,-10031,-20576,0,0,0,0,1,0
1259,655208,25728,-3635,-22093,0,28831,-4073,-24758,0,0,0,0,1,0
1260,655729,23152,1821,-24973,0,25947,2041,-27988,0,0,0,0,1,0
1261,656250,19687,7206,-26893,0,22066,8077,-30143,0,0,0,0,1,0
1262,656770,15466,12313,-27779,0,17337,13802,-31140,0,0,0,0,1,0
1263,657291,10652,16945,-27597,0,11942,18997,-30940,0,0,0,0,1,0
1264,657812,5430,20925,-26355,0,6088,23462,-29551,0,0,0,0,1,0
1265,658333,0,24101,-24101,0,0,27026,-27026,0,0,0,0,1,0
1266,658854,-5429,26349,-20921,0,-6088,29551,-23462,0,0,0,0,1,0
1267,659375,-10647,27585,-16937,0,-11942,30940,-18997,0,0,0,0,1,0
1268,659895,-15456,27760,-12304,0,-17337,31140,-13802,0,0,0,0,1,0
1269,660416,-19669,26868,-7199,0,-22066,30143,-8077,0,0,0,0,1,0
1270,660937,-23126,24945,-1819,0,-25947,27988,-2041,0,0,0,0,1,0
1271,661458,-25693,22063,3630,0,-28831,24758,4073,0,0,0,0,1,0
1272,661979,-27272,18334,8938,0,-30607,20576,10031,0,0,0,0,1,0
1273,662500,-27803,13902,13902,0,-31207,15603,15603,0,0,0,0,1,0
1274,663020,-27266,8936,18330,0,-30607,10031,20576,0,0,0,0,1,0
1275,663541,-25681,3628,22053,0,-28831,4073,24758,0,0,0,0,1,0
1276,664062,-23110,-1818,24928,0,-25947,-2041,27988,0,0,0,0,1,0
1277,664583,-19651,-7193,26844,0,-22066,-8077,30143,0,0,0,0,1,0
1278,665104,-15438,-12290,27728,0,-17337,-13802,31140,0,0,0,0,1,0
1279,665625,-10633,-16914,27547,0,-11942,-18997,30940,0,0,0,0,1,0
1280,666145,-5420,-20887,26307,0,-6088,-23462,29551,0,0,0,0,1,0
1281,666666,0,-24056,24056,0,0,-27026,27026,0,0,0,0,1,0
1282,667187,5419,-26301,20882,0,6088,-29551,23462,0,0,0,0,1,0
1283,667708,10628,-27534,16906,0,11942,-30940,18997,0,0,0,0,1,0
1284,668229,15427,-27709,12282,0,17337,-31140,13802,0,0,0,0,1,0
1285,668750,19633,-26819,7186,0,22066,-30143,8077,0,0,0,0,1,0
1286,669270,23083,-24899,1816,0,25947,-27988,2041,0,0,0,0,1,0
1287,669791,25646,-22023,-3623,0,28831,-24758,-4073,0,0,0,0,1,0
1288,670312,27222,-18301,-8922,0,30607,-20576,-10031,0,0,0,0,1,0
1289,670833,27753,-13876,-13876,0,31207,-15603,-15603,0,0,0,0,1,0
1290,671354,27216,-8920,-18296,0,30607,-10031,-20576,0,0,0,0,1,0
1291,671875,25634,-3622,-22013,0,28831,-4073,-24758,0,0,0,0,1,0
1292,672395,23068,1814,-24882,0,25947,2041,-27988,0,0,0,0,1,0
1293,672916,19615,7180,-26795,0,22066,8077,-30143,0,0,0,0,1,0
1294,673437,15410,12268,-27677,0,17337,13802,-31140,0,0,0,0,1,0
1295,673958,10613,16883,-27496,0,11942,18997,-30940,0,0,0,0,1,0
1296,674479,5410,20849,-26259,0,6088,23462,-29551,0,0,0,0,1,0
1297,675000,0,24012,-24012,0,0,27026,-27026,0,0,0,0,1,0
1298,675520,-5409,26253,-20844,0,-6088,29551,-23462,0,0,0,0,1,0
1299,676041,-10608,27484,-16875,0,-11942,30940,-18997,0,0,0,0,1,0
1300,676562,-15399,27658,-12259,0,-17337,31140,-13802,0,0,0,0,1,0
1301,677083,-19597,26770,-7173,0,-22066,30143,-8077,0,0,0,0,1,0
1302,677604,-23041,24854,-1812,0,-25947,27988,-2041,0,0,0,0,1,0
1303,678125,-25599,21982,3617,0,-28831,24758,4073,0,0,0,0,1,0
1304,678645,-27173,18267,8906,0,-30607,20576,10031,0,0,0,0,1,0
1305,679166,-27702,13851,13851,0,-31207,15603,15603,0,0,0,0,1,0
1306,679687,-27167,8903,18263,0,-30607,10031,20576,0,0,0,0,1,0
1307,680208,-25587,3615,21972,0,-28831,4073,24758,0,0,0,0,1,0
1308,680729,-23025,-1811,24837,0,-25947,-2041,27988,0,0,0,0,1,0
1309,681250,-19579,-7167,26746,0,-22066,-8077,30143,0,0,0,0,1,0
1310,681770,-15382,-12245,27627,0,-17337,-13802,31140,0,0,0,0,1,0
1311,682291,-10594,-16852,27446,0,-11942,-18997,30940,0,0,0,0,1,0
1312,682812,-5400,-20811,26211,0,-6088,-23462,29551,0,0,0,0,1,0
1313,683333,0,-23969,23969,0,0,-27026,27026,0,0,0,0,1,0
1314,683854,5399,-26205,20806,0,6088,-29551,23462,0,0,0,0,1,0
1315,684375,10589,-27434,16845,0,11942,-30940,18997,0,0,0,0,1,0
1316,684895,15371,-27608,12237,0,17337,-31140,13802,0,0,0,0,1,0
1317,685416,19562,-26722,7160,0,22066,-30143,8077,0,0,0,0,1,0
1318,685937,22999,-24808,1809,0,25947,-27988,2041,0,0,0,0,1,0
1319,686458,25553,-21942,-3610,0,28831,-24758,-4073,0,0,0,0,1,0
1320,686979,27123,-18234,-8889,0,30607,-20576,-10031,0,0,0,0,1,0
1321,687500,27652,-13826,-13826,0,31207,-15603,-15603,0,0,0,0,1,0
1322,688020,27117,-8887,-18230,0,30607,-10031,-20576,0,0,0,0,1,0
1323,688541,25541,-3608,-21932,0,28831,-4073,-24758,0,0,0,0,1,0
1324,689062,22984,1808,-24791,0,25947,2041,-27988,0,0,0,0,1,0
1325,689583,19544,7154,-26697,0,22066,8077,-30143,0,0,0,0,1,0
1326,690104,15354,12223,-27577,0,17337,13802,-31140,0,0,0,0,1,0
1327,690625,10575,16822,-27396,0,11942,18997,-30940,0,0,0,0,1,0
1328,691145,5390,20773,-26163,0,6088,23462,-29551,0,0,0,0,1,0
1329,691666,0,23925,-23925,0,0,27026,-27026,0,0,0,0,1,0
1330,692187,-5389,26157,-20768,0,-6088,29551,-23462,0,0,0,0,1,0
1331,692708,-10570,27384,-16814,0,-11942,30940,-18997,0,0,0,0,1,0
1332,693229,-15343,27558,-12215,0,-17337,31140,-13802,0,0,0,0,1,0
1333,693750,-19526,26673,-7147,0,-22066,30143,-8077,0,0,0,0,1,0
1334,694270,-22958,24763,-1806,0,-25947,27988,-2041,0,0,0,0,1,0
1335,694791,-25506,21903,3604,0,-28831,24758,4073,0,0,0,0,1,0
1336,695312,-27074,18201,8873,0,-30607,20576,10031,0,0,0,0,1,0
1337,695833,-27601,13801,13801,0,-31207,15603,15603,0,0,0,0,1,0
1338,696354,-27068,8871,18197,0,-30607,10031,20576,0,0,0,0,1,0
1339,696875,-25495,3602,21893,0,-28831,4073,24758,0,0,0,0,1,0
1340,697395,-22942,-1805,24747,0,-25947,-2041,27988,0,0,0,0,1,0
1341,697916,-19508,-7141,26649,0,-22066,-8077,30143,0,0,0,0,1,0
1342,698437,-15326,-12201,27527,0,-17337,-13802,31140,0,0,0,0,1,0
1343,698958,-10555,-16791,27347,0,-11942,-18997,30940,0,0,0,0,1,0
1344,699479,-5381,-20735,26116,0,-6088,-23462,29551,0,0,0,0,1,0
1345,700000,0,-23882,23882,0,0,-27026,27026,0,0,0,0,1,0
1346,700520,5379,-26110,20731,0,6088,-29551,23462,0,0,0,0,1,0
1347,701041,10551,-27334,16784,0,11942,-30940,18997,0,0,0,0,1,0
1348,701562,15315,-27508,12193,0,17337,-31140,13802,0,0,0,0,1,0
1349,702083,19491,-26625,7134,0,22066,-30143,8077,0,0,0,0,1,0
1350,702604,22916,-24719,1803,0,25947,-27988,2041,0,0,0,0,1,0
1351,703125,25460,-21863,-3597,0,28831,-24758,-4073,0,0,0,0,1,0
1352,703645,27025,-18168,-8857,0,30607,-20576,-10031,0,0,0,0,1,0
1353,704166,27552,-13776,-13776,0,31207,-15603,-15603,0,0,0,0,1,0
1354,704687,27019,-8855,-18164,0,30607,-10031,-20576,0,0,0,0,1,0
1355,705208,25449,-3595,-21853,0,28831,-4073,-24758,0,0,0,0,1,0
1356,705729,22901,1801,-24702,0,25947,2041,-27988,0,0,0,0,1,0
1357,706250,19473,7128,-26601,0,22066,8077,-30143,0,0,0,0,1,0
1358,706770,15298,12179,-27477,0,17337,13802,-31140,0,0,0,0,1,0
1359,707291,10536,16761,-27297,0,11942,18997,-30940,0,0,0,0,1,0
1360,707812,5371,20698,-26069,0,6088,23462,-29551,0,0,0,0,1,0
1361,708333,0,23839,-23839,0,0,27026,-27026,0,0,0,0,1,0
1362,708854,-5370,26063,-20693,0,-6088,29551,-23462,0,0,0,0,1,0
1363,709375,-10532,27285,-16753,0,-11942,30940,-18997,0,0,0,0,1,0
1364,709895,-15288,27458,-12171,0,-17337,31140,-13802,0,0,0,0,1,0
1365,710416,-19456,26577,-7121,0,-22066,30143,-8077,0,0,0,0,1,0
1366,710937,-22875,24674,-1799,0,-25947,27988,-2041,0,0,0,0,1,0
1367,711458,-25414,21824,3591,0,-28831,24758,4073,0,0,0,0,1,0
1368,711979,-26976,18135,8841,0,-30607,20576,10031,0,0,0,0,1,0
1369,712500,-27502,13751,13751,0,-31207,15603,15603,0,0,0,0,1,0
1370,713020,-26970,8839,18131,0,-30607,10031,20576,0,0,0,0,1,0
1371,713541,-25403,3589,21814,0,-28831,4073,24758,0,0,0,0,1,0
1372,714062,-22859,-1798,24657,0,-25947,-2041,27988,0,0,0,0,1,0
1373,714583,-19438,-7115,26553,0,-22066,-8077,30143,0,0,0,0,1,0
1374,715104,-15271,-12157,27428,0,-17337,-13802,31140,0,0,0,0,1,0
1375,715625,-10517,-16731,27248,0,-11942,-18997,30940,0,0,0,0,1,0
1376,716145,-5361,-20661,26022,0,-6088,-23462,29551,0,0,0,0,1,0
1377,716666,0,-23796,23796,0,0,-27026,27026,0,0,0,0,1,0
1378,717187,5360,-26016,20656,0,6088,-29551,23462,0,0,0,0,1,0
1379,717708,10513,-27236,16723,0,11942,-30940,18997,0,0,0,0,1,0
1380,718229,15260,-27409,12149,0,17337,-31140,13802,0,0,0,0,1,0
1381,718750,19421,-26529,7108,0,22066,-30143,8077,0,0,0,0,1,0
1382,719270,22834,-24630,1796,0,25947,-27988,2041,0,0,0,0,1,0
1383,719791,25368,-21784,-3584,0,28831,-24758,-4073,0,0,0,0,1,0
1384,720312,26928,-18103,-8825,0,30607,-20576,-10031,0,0,0,0,1,0
1385,720833,27452,-13726,-13726,0,31207,-15603,-15603,0,0,0,0,1,0
1386,721354,26922,-8823,-18099,0,30607,-10031,-20576,0,0,0,0,1,0
1387,721875,25357,-3582,-21775,0,28831,-4073,-24758,0,0,0,0,1,0
1388,722395,22818,1795,-24613,0,25947,2041,-27988,0,0,0,0,1,0
1389,722916,19403,7102,-26505,0,22066,8077,-30143,0,0,0,0,1,0
1390,723437,15243,12135,-27378,0,17337,13802,-31140,0,0,0,0,1,0
1391,723958,10499,16701,-27199,0,11942,18997,-30940,0,0,0,0,1,0
1392,724479,5352,20624,-25975,0,6088,23462,-29551,0,0,0,0,1,0
1393,725000,0,23753,-23753,0,0,27026,-27026,0,0,0,0,1,0
1394,725520,-5350,25969,-20619,0,-6088,29551,-23462,0,0,0,0,1,0
1395,726041,-10494,27187,-16693,0,-11942,30940,-18997,0,0,0,0,1,0
1396,726562,-15233,27360,-12127,0,-17337,31140,-13802,0,0,0,0,1,0
1397,727083,-19386,26481,-7096,0,-22066,30143,-8077,0,0,0,0,1,0
1398,727604,-22793,24585,-1793,0,-25947,27988,-2041,0,0,0,0,1,0
1399,728125,-25323,21745,3578,0,-28831,24758,4073,0,0,0,0,1,0
1400,728645,-26880,18070,8809,0,-30607,20576,10031,0,0,0,0,1,0
1401,729166,-27403,13702,13702,0,-31207,15603,15603,0,0,0,0,1,0
1402,729687,-26874,8808,18066,0,-30607,10031,20576,0,0,0,0,1,0
1403,730208,-25312,3576,21736,0,-28831,4073,24758,0,0,0,0,1,0
1404,730729,-22777,-1792,24569,0,-25947,-2041,27988,0,0,0,0,1,0
1405,731250,-19368,-7089,26458,0,-22066,-8077,30143,0,0,0,0,1,0
1406,731770,-15216,-12113,27329,0,-17337,-13802,31140,0,0,0,0,1,0
1407,732291,-10480,-16671,27151,0,-11942,-18997,30940,0,0,0,0,1,0
1408,732812,-5342,-20587,25929,0,-6088,-23462,29551,0,0,0,0,1,0
1409,733333,0,-23711,23711,0,0,-27026,27026,0,0,0,0,1,0
1410,733854,5341,-25923,20582,0,6088,-29551,23462,0,0,0,0,1,0
1411,734375,10475,-27138,16663,0,11942,-30940,18997,0,0,0,0,1,0
1412,734895,15206,-27311,12105,0,17337,-31140,13802,0,0,0,0,1,0
1413,735416,19351,-26434,7083,0,22066,-30143,8077,0,0,0,0,1,0
1414,735937,22752,-24542,1790,0,25947,-27988,2041,0,0,0,0,1,0
1415,736458,25278,-21706,-3571,0,28831,-24758,-4073,0,0,0,0,1,0
1416,736979,26832,-18038,-8794,0,30607,-20576,-10031,0,0,0,0,1,0
1417,737500,27354,-13677,-13677,0,31207,-15603,-15603,0,0,0,0,1,0
1418,738020,26826,-8792,-18034,0,30607,-10031,-20576,0,0,0,0,1,0
1419,738541,25266,-3570,-21697,0,28831,-4073,-24758,0,0,0,0,1,0
1420,739062,22737,1788,-24525,0,25947,2041,-27988,0,0,0,0,1,0
1421,739583,19334,7077,-26410,0,22066,8077,-30143,0,0,0,0,1,0
1422,740104,15189,12092,-27281,0,17337,13802,-31140,0,0,0,0,1,0
1423,740625,10461,16641,-27102,0,11942,18997,-30940,0,0,0,0,1,0
1424,741145,5332,20550,-25882,0,6088,23462,-29551,0,0,0,0,1,0
1425,741666,0,23668,-23668,0,0,27026,-27026,0,0,0,0,1,0
1426,742187,-5331,25877,-20545,0,-6088,29551,-23462,0,0,0,0,1,0
1427,742708,-10456,27090,-16634,0,-11942,30940,-18997,0,0,0,0,1,0
1428,743229,-15179,27262,-12084,0,-17337,31140,-13802,0,0,0,0,1,0
1429,743750,-19317,26387,-7070,0,-22066,30143,-8077,0,0,0,0,1,0
1430,744270,-22711,24498,-1786,0,-25947,27988,-2041,0,0,0,0,1,0
1431,744791,-25233,21668,3565,0,-28831,24758,4073,0,0,0,0,1,0
1432,745312,-26784,18006,8778,0,-30607,20576,10031,0,0,0,0,1,0
1433,745833,-27306,13653,13653,0,-31207,15603,15603,0,0,0,0,1,0
1434,746354,-26778,8776,18002,0,-30607,10031,20576,0,0,0,0,1,0
1435,746875,-25221,3563,21658,0,-28831,4073,24758,0,0,0,0,1,0
1436,747395,-22696,-1785,24481,0,-25947,-2041,27988,0,0,0,0,1,0
1437,747916,-19299,-7064,26363,0,-22066,-8077,30143,0,0,0,0,1,0
1438,748437,-15162,-12070,27232,0,-17337,-13802,31140,0,0,0,0,1,0
1439,748958,-10442,-16611,27054,0,-11942,-18997,30940,0,0,0,0,1,0
1440,749479,-5323,-20513,25836,0,-6088,-23462,29551,0,0,0,0,1,0
1441,750000,0,-23626,23626,0,0,-27026,27026,0,0,0,0,1,0
1442,750520,5322,-25831,20509,0,6088,-29551,23462,0,0,0,0,1,0
1443,751041,10438,-27042,16604,0,11942,-30940,18997,0,0,0,0,1,0
1444,751562,15152,-27214,12062,0,17337,-31140,13802,0,0,0,0,1,0
1445,752083,19282,-26340,7058,0,22066,-30143,8077,0,0,0,0,1,0
1446,752604,22671,-24454,1783,0,25947,-27988,2041,0,0,0,0,1,0
1447,753125,25188,-21629,-3559,0,28831,-24758,-4073,0,0,0,0,1,0
1448,753645,26736,-17974,-8762,0,30607,-20576,-10031,0,0,0,0,1,0
1449,754166,27257,-13629,-13629,0,31207,-15603,-15603,0,0,0,0,1,0
1450,754687,26730,-8761,-17970,0,30607,-10031,-20576,0,0,0,0,1,0
1451,755208,25177,-3557,-21620,0,28831,-4073,-24758,0,0,0,0,1,0
1452,755729,22656,1782,-24438,0,25947,2041,-27988,0,0,0,0,1,0
1453,756250,19265,7052,-26317,0,22066,8077,-30143,0,0,0,0,1,0
1454,756770,15135,12049,-27184,0,17337,13802,-31140,0,0,0,0,1,0
1455,757291,10424,16582,-27006,0,11942,18997,-30940,0,0,0,0,1,0
1456,757812,5313,20477,-25791,0,6088,23462,-29551,0,0,0,0,1,0
1457,758333,0,23584,-23584,0,0,27026,-27026,0,0,0,0,1,0
1458,758854,-5312,25785,-20473,0,-6088,29551,-23462,0,0,0,0,1,0
1459,759375,-10419,26994,-16575,0,-11942,30940,-18997,0,0,0,0,1,0
1460,759895,-15125,27166,-12041,0,-17337,31140,-13802,0,0,0,0,1,0
1461,760416,-19248,26293,-7045,0,-22066,30143,-8077,0,0,0,0,1,0
1462,760937,-22631,24411,-1780,0,-25947,27988,-2041,0,0,0,0,1,0
1463,761458,-25143,21591,3552,0,-28831,24758,4073,0,0,0,0,1,0
1464,761979,-26689,17942,8747,0,-30607,20576,10031,0,0,0,0,1,0
1465,762500,-27209,13604,13604,0,-31207,15603,15603,0,0,0,0,1,0
1466,763020,-26683,8745,17938,0,-30607,10031,20576,0,0,0,0,1,0
1467,763541,-25132,3551,21581,0,-28831,4073,24758,0,0,0,0,1,0
1468,764062,-22616,-1779,24395,0,-25947,-2041,27988,0,0,0,0,1,0
1469,764583,-19231,-7039,26270,0,-22066,-8077,30143,0,0,0,0,1,0
1470,765104,-15108,-12027,27136,0,-17337,-13802,31140,0,0,0,0,1,0
1471,765625,-10405,-16553,26958,0,-11942,-18997,30940,0,0,0,0,1,0
1472,766145,-5304,-20441,25745,0,-6088,-23462,29551,0,0,0,0,1,0
1473,766666,0,-23543,23543,0,0,-27026,27026,0,0,0,0,1,0
1474,767187,5303,-25739,20436,0,6088,-29551,23462,0,0,0,0,1,0
1475,767708,10401,-26946,16545,0,11942,-30940,18997,0,0,0,0,1,0
1476,768229,15098,-27118,12020,0,17337,-31140,13802,0,0,0,0,1,0
1477,768750,19214,-26247,7033,0,22066,-30143,8077,0,0,0,0,1,0
1478,769270,22591,-24368,1777,0,25947,-27988,2041,0,0,0,0,1,0
1479,769791,25099,-21553,-3546,0,28831,-24758,-4073,0,0,0,0,1,0
1480,770312,26642,-17910,-8731,0,30607,-20576,-10031,0,0,0,0,1,0
1481,770833,27161,-13580,-13580,0,31207,-15603,-15603,0,0,0,0,1,0
1482,771354,26636,-8730,-17906,0,30607,-10031,-20576,0,0,0,0,1,0
1483,771875,25088,-3544,-21543,0,28831,-4073,-24758,0,0,0,0,1,0
1484,772395,22576,1776,-24352,0,25947,2041,-27988,0,0,0,0,1,0
1485,772916,19197,7027,-26224,0,22066,8077,-30143,0,0,0,0,1,0
1486,773437,15081,12006,-27088,0,17337,13802,-31140,0,0,0,0,1,0
1487,773958,10387,16523,-26911,0,11942,18997,-30940,0,0,0,0,1,0
1488,774479,5295,20405,-25699,0,6088,23462,-29551,0,0,0,0,1,0
1489,775000,0,23501,-23501,0,0,27026,-27026,0,0,0,0,1,0
1490,775520,-5294,25694,-20400,0,-6088,29551,-23462,0,0,0,0,1,0
1491,776041,-10383,26899,-16516,0,-11942,30940,-18997,0,0,0,0,1,0
1492,776562,-15071,27070,-11998,0,-17337,31140,-13802,0,0,0,0,1,0
1493,777083,-19180,26201,-7020,0,-22066,30143,-8077,0,0,0,0,1,0
1494,777604,-22551,24325,-1774,0,-25947,27988,-2041,0,0,0,0,1,0
1495,778125,-25055,21515,3540,0,-28831,24758,4073,0,0,0,0,1,0
1496,778645,-26595,17879,8716,0,-30607,20576,10031,0,0,0,0,1,0
1497,779166,-27113,13556,13556,0,-31207,15603,15603,0,0,0,0,1,0
1498,779687,-26589,8714,17875,0,-30607,10031,20576,0,0,0,0,1,0
1499,780208,-25044,3538,21505,0,-28831,4073,24758,0,0,0,0,1,0
1500,780729,-22536,-1773,24309,0,-25947,-2041,27988,0,0,0,0,1,0
1501,781250,-19163,-7014,26178,0,-22066,-8077,30143,0,0,0,0,1,0
1502,781770,-15055,-11985,27040,0,-17337,-13802,31140,0,0,0,0,1,0
1503,782291,-10369,-16494,26863,0,-11942,-18997,30940,0,0,0,0,1,0
1504,782812,-5285,-20369,25654,0,-6088,-23462,29551,0,0,0,0,1,0
1505,783333,0,-23460,23460,0,0,-27026,27026,0,0,0,0,1,0
1506,783854,5284,-25649,20364,0,6088,-29551,23462,0,0,0,0,1,0
1507,784375,10364,-26851,16487,0,11942,-30940,18997,0,0,0,0,1,0
1508,784895,15045,-27022,11977,0,17337,-31140,13802,0,0,0,0,1,0
1509,785416,19146,-26155,7008,0,22066,-30143,8077,0,0,0,0,1,0
1510,785937,22511,-24282,1771,0,25947,-27988,2041,0,0,0,0,1,0
1511,786458,25011,-21477,-3534,0,28831,-24758,-4073,0,0,0,0,1,0
1512,786979,26548,-17847,-8701,0,30607,-20576,-10031,0,0,0,0,1,0
1513,787500,27065,-13533,-13533,0,31207,-15603,-15603,0,0,0,0,1,0
1514,788020,26542,-8699,-17843,0,30607,-10031,-20576,0,0,0,0,1,0
1515,788541,25000,-3532,-21468,0,28831,-4073,-24758,0,0,0,0,1,0
1516,789062,22497,1770,-24266,0,25947,2041,-27988,0,0,0,0,1,0
1517,789583,19130,7002,-26132,0,22066,8077,-30143,0,0,0,0,1,0
1518,790104,15028,11964,-26993,0,17337,13802,-31140,0,0,0,0,1,0
1519,790625,10351,16466,-26816,0,11942,18997,-30940,0,0,0,0,1,0
1520,791145,5276,20333,-25609,0,6088,23462,-29551,0,0,0,0,1,0
1521,791666,0,23419,-23419,0,0,27026,-27026,0,0,0,0,1,0
1522,792187,-5275,25604,-20329,0,-6088,29551,-23462,0,0,0,0,1,0
1523,792708,-10346,26804,-16458,0,-11942,30940,-18997,0,0,0,0,1,0
1524,793229,-15019,26975,-11956,0,-17337,31140,-13802,0,0,0,0,1,0
1525,793750,-19113,26109,-6996,0,-22066,30143,-8077,0,0,0,0,1,0
1526,794270,-22472,24240,-1768,0,-25947,27988,-2041,0,0,0,0,1,0
1527,794791,-24967,21439,3527,0,-28831,24758,4073,0,0,0,0,1,0
1528,795312,-26502,17816,8686,0,-30607,20576,10031,0,0,0,0,1,0
1529,795833,-27018,13509,13509,0,-31207,15603,15603,0,0,0,0,1,0
1530,796354,-26496,8684,17812,0,-30607,10031,20576,0,0,0,0,1,0
1531,796875,-24956,3526,21430,0,-28831,4073,24758,0,0,0,0,1,0
1532,797395,-22457,-1766,24224,0,-25947,-2041,27988,0,0,0,0,1,0
1533,797916,-19096,-6990,26086,0,-22066,-8077,30143,0,0,0,0,1,0
1534,798437,-15002,-11943,26945,0,-17337,-13802,31140,0,0,0,0,1,0
1535,798958,-10333,-16437,26769,0,-11942,-18997,30940,0,0,0,0,1,0
1536,799479,-5267,-20298,25565,0,-6088,-23462,29551,0,0,0,0,1,0
1537,800000,0,-23378,23378,0,0,-27026,27026,0,0,0,0,1,0
1538,800520,5266,-25559,20293,0,6088,-29551,23462,0,0,0,0,1,0
1539,801041,10328,-26758,16430,0,11942,-30940,18997,0,0,0,0,1,0
1540,801562,14992,-26928,11935,0,17337,-31140,13802,0,0,0,0,1,0
1541,802083,19080,-26063,6984,0,22066,-30143,8077,0,0,0,0,1,0
1542,802604,22433,-24197,1765,0,25947,-27988,2041,0,0,0,0,1,0
1543,803125,24923,-21402,-3521,0,28831,-24758,-4073,0,0,0,0,1,0
1544,803645,26455,-17785,-8670,0,30607,-20576,-10031,0,0,0,0,1,0
1545,804166,26971,-13485,-13485,0,31207,-15603,-15603,0,0,0,0,1,0
1546,804687,26450,-8669,-17781,0,30607,-10031,-20576,0,0,0,0,1,0
1547,805208,24912,-3520,-21393,0,28831,-4073,-24758,0,0,0,0,1,0
1548,805729,22418,1763,-24182,0,25947,2041,-27988,0,0,0,0,1,0
1549,806250,19063,6978,-26040,0,22066,8077,-30143,0,0,0,0,1,0
1550,806770,14976,11922,-26898,0,17337,13802,-31140,0,0,0,0,1,0
1551,807291,10315,16408,-26723,0,11942,18997,-30940,0,0,0,0,1,0
1552,807812,5258,20262,-25520,0,6088,23462,-29551,0,0,0,0,1,0
1553,808333,0,23337,-23337,0,0,27026,-27026,0,0,0,0,1,0
1554,808854,-5257,25514,-20258,0,-6088,29551,-23462,0,0,0,0,1,0
1555,809375,-10310,26711,-16401,0,-11942,30940,-18997,0,0,0,0,1,0
1556,809895,-14966,26881,-11915,0,-17337,31140,-13802,0,0,0,0,1,0
1557,810416,-19046,26018,-6971,0,-22066,30143,-8077,0,0,0,0,1,0
1558,810937,-22394,24155,-1761,0,-25947,27988,-2041,0,0,0,0,1,0
1559,811458,-24880,21365,3515,0,-28831,24758,4073,0,0,0,0,1,0
1560,811979,-26409,17754,8655,0,-30607,20576,10031,0,0,0,0,1,0
1561,812500,-26924,13462,13462,0,-31207,15603,15603,0,0,0,0,1,0
1562,813020,-26404,8653,17750,0,-30607,10031,20576,0,0,0,0,1,0
1563,813541,-24869,3514,21356,0,-28831,4073,24758,0,0,0,0,1,0
1564,814062,-22379,-1760,24139,0,-25947,-2041,27988,0,0,0,0,1,0
1565,814583,-19030,-6965,25995,0,-22066,-8077,30143,0,0,0,0,1,0
1566,815104,-14950,-11902,26852,0,-17337,-13802,31140,0,0,0,0,1,0
1567,815625,-10297,-16380,26676,0,-11942,-18997,30940,0,0,0,0,1,0
1568,816145,-5249,-20227,25476,0,-6088,-23462,29551,0,0,0,0,1,0
1569,816666,0,-23297,23297,0,0,-27026,27026,0,0,0,0,1,0
1570,817187,5247,-25470,20223,0,6088,-29551,23462,0,0,0,0,1,0
1571,817708,10292,-26665,16372,0,11942,-30940,18997,0,0,0,0,1,0
1572,818229,14940,-26834,11894,0,17337,-31140,13802,0,0,0,0,1,0
1573,818750,19013,-25973,6959,0,22066,-30143,8077,0,0,0,0,1,0
1574,819270,22355,-24113,1758,0,25947,-27988,2041,0,0,0,0,1,0
1575,819791,24837,-21328,-3509,0,28831,-24758,-4073,0,0,0,0,1,0
1576,820312,26364,-17723,-8640,0,30607,-20576,-10031,0,0,0,0,1,0
1577,820833,26877,-13439,-13439,0,31207,-15603,-15603,0,0,0,0,1,0
1578,821354,26358,-8638,-17719,0,30607,-10031,-20576,0,0,0,0,1,0
1579,821875,24826,-3507,-21319,0,28831,-4073,-24758,0,0,0,0,1,0
1580,822395,22340,1757,-24098,0,25947,2041,-27988,0,0,0,0,1,0
1581,822916,18997,6953,-25950,0,22066,8077,-30143,0,0,0,0,1,0
1582,823437,14924,11881,-26805,0,17337,13802,-31140,0,0,0,0,1,0
1583,823958,10279,16351,-26630,0,11942,18997,-30940,0,0,0,0,1,0
1584,824479,5240,20192,-25432,0,6088,23462,-29551,0,0,0,0,1,0
1585,825000,0,23256,-23256,0,0,27026,-27026,0,0,0,0,1,0
1586,825520,-5238,25426,-20188,0,-6088,29551,-23462,0,0,0,0,1,0
1587,826041,-10274,26618,-16344,0,-11942,30940,-18997,0,0,0,0,1,0
1588,826562,-14914,26788,-11873,0,-17337,31140,-13802,0,0,0,0,1,0
1589,827083,-18980,25928,-6947,0,-22066,30143,-8077,0,0,0,0,1,0
1590,827604,-22316,24072,-1755,0,-25947,27988,-2041,0,0,0,0,1,0
1591,828125,-24794,21291,3503,0,-28831,24758,4073,0,0,0,0,1,0
1592,828645,-26318,17693,8625,0,-30607,20576,10031,0,0,0,0,1,0
1593,829166,-26831,13415,13415,0,-31207,15603,15603,0,0,0,0,1,0
1594,829687,-26312,8624,17689,0,-30607,10031,20576,0,0,0,0,1,0
1595,830208,-24783,3501,21282,0,-28831,4073,24758,0,0,0,0,1,0
1596,830729,-22302,-1754,24056,0,-25947,-2041,27988,0,0,0,0,1,0
1597,831250,-18964,-6941,25905,0,-22066,-8077,30143,0,0,0,0,1,0
1598,831770,-14898,-11861,26759,0,-17337,-13802,31140,0,0,0,0,1,0
1599,832291,-10261,-16323,26584,0,-11942,-18997,30940,0,0,0,0,1,0
1600,832812,-5230,-20157,25388,0,-6088,-23462,29551,0,0,0,0,1,0
1601,833333,0,-23216,23216,0,0,-27026,27026,0,0,0,0,1,0
1602,833854,5229,-25382,20153,0,6088,-29551,23462,0,0,0,0,1,0
1603,834375,10257,-26573,16316,0,11942,-30940,18997,0,0,0,0,1,0
1604,834895,14889,-26742,11853,0,17337,-31140,13802,0,0,0,0,1,0
1605,835416,18948,-25883,6935,0,22066,-30143,8077,0,0,0,0,1,0
1606,835937,22278,-24030,1752,0,25947,-27988,2041,0,0,0,0,1,0
1607,836458,24751,-21254,-3497,0,28831,-24758,-4073,0,0,0,0,1,0
1608,836979,26273,-17662,-8611,0,30607,-20576,-10031,0,0,0,0,1,0
1609,837500,26784,-13392,-13392,0,31207,-15603,-15603,0,0,0,0,1,0
1610,838020,26267,-8609,-17658,0,30607,-10031,-20576,0,0,0,0,1,0
1611,838541,24740,-3495,-21245,0,28831,-4073,-24758,0,0,0,0,1,0
1612,839062,22263,1751,-24015,0,25947,2041,-27988,0,0,0,0,1,0
1613,839583,18931,6929,-25861,0,22066,8077,-30143,0,0,0,0,1,0
1614,840104,14873,11840,-26713,0,17337,13802,-31140,0,0,0,0,1,0
1615,840625,10243,16295,-26538,0,11942,18997,-30940,0,0,0,0,1,0
1616,841145,5221,20122,-25344,0,6088,23462,-29551,0,0,0,0,1,0
1617,841666,0,23176,-23176,0,0,27026,-27026,0,0,0,0,1,0
1618,842187,-5220,25338,-20118,0,-6088,29551,-23462,0,0,0,0,1,0
1619,842708,-10239,26527,-16288,0,-11942,30940,-18997,0,0,0,0,1,0
1620,843229,-14863,26696,-11832,0,-17337,31140,-13802,0,0,0,0,1,0
1621,843750,-18915,25838,-6923,0,-22066,30143,-8077,0,0,0,0,1,0
1622,844270,-22239,23989,-1749,0,-25947,27988,-2041,0,0,0,0,1,0
1623,844791,-24708,21218,3491,0,-28831,24758,4073,0,0,0,0,1,0
1624,845312,-26228,17632,8596,0,-30607,20576,10031,0,0,0,0,1,0
1625,845833,-26738,13369,13369,0,-31207,15603,15603,0,0,0,0,1,0
1626,846354,-26222,8594,17628,0,-30607,10031,20576,0,0,0,0,1,0
1627,846875,-24698,3489,21208,0,-28831,4073,24758,0,0,0,0,1,0
1628,847395,-22225,-1748,23973,0,-25947,-2041,27988,0,0,0,0,1,0
1629,847916,-18899,-6917,25816,0,-22066,-8077,30143,0,0,0,0,1,0
1630,848437,-14847,-11820,26667,0,-17337,-13802,31140,0,0,0,0,1,0
1631,848958,-10226,-16267,26493,0,-11942,-18997,30940,0,0,0,0,1,0
1632,849479,-5212,-20088,25300,0,-6088,-23462,29551,0,0,0,0,1,0
1633,850000,0,-23136,23136,0,0,-27026,27026,0,0,0,0,1,0
1634,850520,5211,-25295,20084,0,6088,-29551,23462,0,0,0,0,1,0
1635,851041,10221,-26481,16260,0,11942,-30940,18997,0,0,0,0,1,0
1636,851562,14838,-26650,11812,0,17337,-31140,13802,0,0,0,0,1,0
1637,852083,18883,-25794,6912,0,22066,-30143,8077,0,0,0,0,1,0
1638,852604,22201,-23948,1746,0,25947,-27988,2041,0,0,0,0,1,0
1639,853125,24666,-21181,-3485,0,28831,-24758,-4073,0,0,0,0,1,0
1640,853645,26183,-17602,-8581,0,30607,-20576,-10031,0,0,0,0,1,0
1641,854166,26693,-13346,-13346,0,31207,-15603,-15603,0,0,0,0,1,0
1642,854687,26177,-8579,-17598,0,30607,-10031,-20576,0,0,0,0,1,0
1643,855208,24656,-3483,-21172,0,28831,-4073,-24758,0,0,0,0,1,0
1644,855729,22187,1745,-23932,0,25947,2041,-27988,0,0,0,0,1,0
1645,856250,18866,6906,-25772,0,22066,8077,-30143,0,0,0,0,1,0
1646,856770,14822,11800,-26621,0,17337,13802,-31140,0,0,0,0,1,0
1647,857291,10208,16239,-26447,0,11942,18997,-30940,0,0,0,0,1,0
1648,857812,5204,20054,-25257,0,6088,23462,-29551,0,0,0,0,1,0
1649,858333,0,23097,-23097,0,0,27026,-27026,0,0,0,0,1,0
1650,858854,-5202,25252,-20049,0,-6088,29551,-23462,0,0,0,0,1,0
1651,859375,-10204,26436,-16232,0,-11942,30940,-18997,0,0,0,0,1,0
1652,859895,-14812,26604,-11792,0,-17337,31140,-13802,0,0,0,0,1,0
1653,860416,-18850,25750,-6900,0,-22066,30143,-8077,0,0,0,0,1,0
1654,860937,-22163,23907,-1743,0,-25947,27988,-2041,0,0,0,0,1,0
1655,861458,-24624,21145,3479,0,-28831,24758,4073,0,0,0,0,1,0
1656,861979,-26138,17571,8566,0,-30607,20576,10031,0,0,0,0,1,0
1657,862500,-26647,13324,13324,0,-31207,15603,15603,0,0,0,0,1,0
1658,863020,-26132,8564,17568,0,-30607,10031,20576,0,0,0,0,1,0
1659,863541,-24613,3477,21136,0,-28831,4073,24758,0,0,0,0,1,0
1660,864062,-22149,-1742,23891,0,-25947,-2041,27988,0,0,0,0,1,0
1661,864583,-18834,-6894,25728,0,-22066,-8077,30143,0,0,0,0,1,0
1662,865104,-14796,-11779,26576,0,-17337,-13802,31140,0,0,0,0,1,0
1663,865625,-10191,-16211,26402,0,-11942,-18997,30940,0,0,0,0,1,0
1664,866145,-5195,-20019,25214,0,-6088,-23462,29551,0,0,0,0,1,0
1665,866666,0,-23057,23057,0,0,-27026,27026,0,0,0,0,1,0
1666,867187,5194,-25209,20015,0,6088,-29551,23462,0,0,0,0,1,0
1667,867708,10187,-26391,16204,0,11942,-30940,18997,0,0,0,0,1,0
1668,868229,14787,-26559,11772,0,17337,-31140,13802,0,0,0,0,1,0
1669,868750,18818,-25706,6888,0,22066,-30143,8077,0,0,0,0,1,0
1670,869270,22126,-23866,1740,0,25947,-27988,2041,0,0,0,0,1,0
1671,869791,24582,-21109,-3473,0,28831,-24758,-4073,0,0,0,0,1,0
1672,870312,26093,-17542,-8552,0,30607,-20576,-10031,0,0,0,0,1,0
1673,870833,26602,-13301,-13301,0,31207,-15603,-15603,0,0,0,0,1,0
1674,871354,26088,-8550,-17538,0,30607,-10031,-20576,0,0,0,0,1,0
1675,871875,24571,-3471,-21100,0,28831,-4073,-24758,0,0,0,0,1,0
1676,872395,22111,1739,-23851,0,25947,2041,-27988,0,0,0,0,1,0
1677,872916,18802,6882,-25684,0,22066,8077,-30143,0,0,0,0,1,0
1678,873437,14771,11759,-26531,0,17337,13802,-31140,0,0,0,0,1,0
1679,873958,10174,16184,-26357,0,11942,18997,-30940,0,0,0,0,1,0
1680,874479,5186,19985,-25171,0,6088,23462,-29551,0,0,0,0,1,0
1681,875000,0,23018,-23018,0,0,27026,-27026,0,0,0,0,1,0
1682,875520,-5185,25166,-19981,0,-6088,29551,-23462,0,0,0,0,1,0
1683,876041,-10169,26346,-16177,0,-11942,30940,-18997,0,0,0,0,1,0
1684,876562,-14762,26514,-11752,0,-17337,31140,-13802,0,0,0,0,1,0
1685,877083,-18786,25662,-6876,0,-22066,30143,-8077,0,0,0,0,1,0
1686,877604,-22088,23825,-1737,0,-25947,27988,-2041,0,0,0,0,1,0
1687,878125,-24540,21073,3467,0,-28831,24758,4073,0,0,0,0,1,0
1688,878645,-26049,17512,8537,0,-30607,20576,10031,0,0,0,0,1,0
1689,879166,-26556,13278,13278,0,-31207,15603,15603,0,0,0,0,1,0
1690,879687,-26043,8535,17508,0,-30607,10031,20576,0,0,0,0,1,0
1691,880208,-24530,3466,21064,0,-28831,4073,24758,0,0,0,0,1,0
1692,880729,-22074,-1736,23810,0,-25947,-2041,27988,0,0,0,0,1,0
1693,881250,-18770,-6870,25641,0,-22066,-8077,30143,0,0,0,0,1,0
1694,881770,-14746,-11739,26486,0,-17337,-13802,31140,0,0,0,0,1,0
1695,882291,-10156,-16156,26313,0,-11942,-18997,30940,0,0,0,0,1,0
1696,882812,-5177,-19951,25128,0,-6088,-23462,29551,0,0,0,0,1,0
1697,883333,0,-22979,22979,0,0,-27026,27026,0,0,0,0,1,0
1698,883854,5176,-25123,19947,0,6088,-29551,23462,0,0,0,0,1,0
1699,884375,10152,-26301,16149,0,11942,-30940,18997,0,0,0,0,1,0
1700,884895,14737,-26469,11732,0,17337,-31140,13802,0,0,0,0,1,0
1701,885416,18754,-25619,6865,0,22066,-30143,8077,0,0,0,0,1,0
1702,885937,22051,-23785,1734,0,25947,-27988,2041,0,0,0,0,1,0
1703,886458,24499,-21037,-3461,0,28831,-24758,-4073,0,0,0,0,1,0
1704,886979,26005,-17482,-8523,0,30607,-20576,-10031,0,0,0,0,1,0
1705,887500,26512,-13256,-13256,0,31207,-15603,-15603,0,0,0,0,1,0
1706,888020,25999,-8521,-17478,0,30607,-10031,-20576,0,0,0,0,1,0
1707,888541,24488,-3460,-21029,0,28831,-4073,-24758,0,0,0,0,1,0
1708,889062,22037,1733,-23770,0,25947,2041,-27988,0,0,0,0,1,0
1709,889583,18739,6859,-25597,0,22066,8077,-30143,0,0,0,0,1,0
1710,890104,14721,11720,-26441,0,17337,13802,-31140,0,0,0,0,1,0
1711,890625,10139,16129,-26268,0,11942,18997,-30940,0,0,0,0,1,0
1712,891145,5168,19918,-25086,0,6088,23462,-29551,0,0,0,0,1,0
1713,891666,0,22940,-22940,0,0,27026,-27026,0,0,0,0,1,0
1714,892187,-5167,25081,-19913,0,-6088,29551,-23462,0,0,0,0,1,0
1715,892708,-10135,26257,-16122,0,-11942,30940,-18997,0,0,0,0,1,0
1716,893229,-14712,26424,-11712,0,-17337,31140,-13802,0,0,0,0,1,0
1717,893750,-18723,25576,-6853,0,-22066,30143,-8077,0,0,0,0,1,0
1718,894270,-22013,23745,-1732,0,-25947,27988,-2041,0,0,0,0,1,0
1719,894791,-24457,21002,3455,0,-28831,24758,4073,0,0,0,0,1,0
1720,895312,-25961,17453,8508,0,-30607,20576,10031,0,0,0,0,1,0
1721,895833,-26467,13233,13233,0,-31207,15603,15603,0,0,0,0,1,0
1722,896354,-25955,8507,17449,0,-30607,10031,20576,0,0,0,0,1,0
1723,896875,-24447,3454,20993,0,-28831,4073,24758,0,0,0,0,1,0
1724,897395,-21999,-1730,23730,0,-25947,-2041,27988,0,0,0,0,1,0
1725,897916,-18707,-6847,25554,0,-22066,-8077,30143,0,0,0,0,1,0
1726,898437,-14696,-11700,26396,0,-17337,-13802,31140,0,0,0,0,1,0
1727,898958,-10122,-16102,26224,0,-11942,-18997,30940,0,0,0,0,1,0
1728,899479,-5160,-19884,25044,0,-6088,-23462,29551,0,0,0,0,1,0
1729,900000,0,-22902,22902,0,0,-27026,27026,0,0,0,0,1,0
1730,900520,5159,-25038,19880,0,6088,-29551,23462,0,0,0,0,1,0
1731,901041,10118,-26213,16095,0,11942,-30940,18997,0,0,0,0,1,0
1732,901562,14687,-26380,11692,0,17337,-31140,13802,0,0,0,0,1,0
1733,902083,18691,-25533,6841,0,22066,-30143,8077,0,0,0,0,1,0
1734,902604,21976,-23705,1729,0,25947,-27988,2041,0,0,0,0,1,0
1735,903125,24416,-20967,-3450,0,28831,-24758,-4073,0,0,0,0,1,0
1736,903645,25917,-17423,-8494,0,30607,-20576,-10031,0,0,0,0,1,0
1737,904166,26422,-13211,-13211,0,31207,-15603,-15603,0,0,0,0,1,0
1738,904687,25912,-8492,-17420,0,30607,-10031,-20576,0,0,0,0,1,0
1739,905208,24406,-3448,-20958,0,28831,-4073,-24758,0,0,0,0,1,0
1740,905729,21962,1728,-23690,0,25947,2041,-27988,0,0,0,0,1,0
1741,906250,18676,6836,-25511,0,22066,8077,-30143,0,0,0,0,1,0
1742,906770,14672,11680,-26352,0,17337,13802,-31140,0,0,0,0,1,0
1743,907291,10105,16075,-26180,0,11942,18997,-30940,0,0,0,0,1,0
1744,907812,5151,19851,-25002,0,6088,23462,-29551,0,0,0,0,1,0
1745,908333,0,22863,-22863,0,0,27026,-27026,0,0,0,0,1,0
1746,908854,-5150,24996,-19847,0,-6088,29551,-23462,0,0,0,0,1,0
1747,909375,-10101,26169,-16068,0,-11942,30940,-18997,0,0,0,0,1,0
1748,909895,-14662,26335,-11673,0,-17337,31140,-13802,0,0,0,0,1,0
1749,910416,-18660,25490,-6830,0,-22066,30143,-8077,0,0,0,0,1,0
1750,910937,-21939,23665,-1726,0,-25947,27988,-2041,0,0,0,0,1,0
1751,911458,-24375,20931,3444,0,-28831,24758,4073,0,0,0,0,1,0
1752,911979,-25874,17394,8480,0,-30607,20576,10031,0,0,0,0,1,0
1753,912500,-26378,13189,13189,0,-31207,15603,15603,0,0,0,0,1,0
1754,913020,-25868,8478,17390,0,-30607,10031,20576,0,0,0,0,1,0
1755,913541,-24365,3442,20923,0,-28831,4073,24758,0,0,0,0,1,0
1756,914062,-21926,-1725,23650,0,-25947,-2041,27988,0,0,0,0,1,0
1757,914583,-18644,-6824,25468,0,-22066,-8077,30143,0,0,0,0,1,0
1758,915104,-14647,-11661,26308,0,-17337,-13802,31140,0,0,0,0,1,0
1759,915625,-10088,-16048,26136,0,-11942,-18997,30940,0,0,0,0,1,0
1760,916145,-5142,-19817,24960,0,-6088,-23462,29551,0,0,0,0,1,0
1761,916666,0,-22825,22825,0,0,-27026,27026,0,0,0,0,1,0
1762,917187,5141,-24955,19813,0,6088,-29551,23462,0,0,0,0,1,0
1763,917708,10084,-26125,16041,0,11942,-30940,18997,0,0,0,0,1,0
1764,918229,14638,-26291,11653,0,17337,-31140,13802,0,0,0,0,1,0
1765,918750,18629,-25447,6819,0,22066,-30143,8077,0,0,0,0,1,0
1766,919270,21903,-23625,1723,0,25947,-27988,2041,0,0,0,0,1,0
1767,919791,24334,-20896,-3438,0,28831,-24758,-4073,0,0,0,0,1,0
1768,920312,25831,-17365,-8466,0,30607,-20576,-10031,0,0,0,0,1,0
1769,920833,26334,-13167,-13167,0,31207,-15603,-15603,0,0,0,0,1,0
1770,921354,25825,-8464,-17361,0,30607,-10031,-20576,0,0,0,0,1,0
1771,921875,24324,-3437,-20888,0,28831,-4073,-24758,0,0,0,0,1,0
1772,922395,21889,1722,-23611,0,25947,2041,-27988,0,0,0,0,1,0
1773,922916,18613,6813,-25426,0,22066,8077,-30143,0,0,0,0,1,0
1774,923437,14623,11641,-26264,0,17337,13802,-31140,0,0,0,0,1,0
1775,923958,10071,16021,-26092,0,11942,18997,-30940,0,0,0,0,1,0
1776,924479,5134,19784,-24918,0,6088,23462,-29551,0,0,0,0,1,0
1777,925000,0,22787,-22787,0,0,27026,-27026,0,0,0,0,1,0
1778,925520,-5133,24913,-19780,0,-6088,29551,-23462,0,0,0,0,1,0
1779,926041,-10067,26081,-16014,0,-11942,30940,-18997,0,0,0,0,1,0
1780,926562,-14614,26247,-11634,0,-17337,31140,-13802,0,0,0,0,1,0
1781,927083,-18598,25405,-6807,0,-22066,30143,-8077,0,0,0,0,1,0
1782,927604,-21866,23586,-1720,0,-25947,27988,-2041,0,0,0,0,1,0
1783,928125,-24294,20862,3432,0,-28831,24758,4073,0,0,0,0,1,0
1784,928645,-25787,17336,8451,0,-30607,20576,10031,0,0,0,0,1,0
1785,929166,-26290,13145,13145,0,-31207,15603,15603,0,0,0,0,1,0
1786,929687,-25782,8450,17332,0,-30607,10031,20576,0,0,0,0,1,0
1787,930208,-24284,3431,20853,0,-28831,4073,24758,0,0,0,0,1,0
1788,930729,-21852,-1719,23571,0,-25947,-2041,27988,0,0,0,0,1,0
1789,931250,-18582,-6801,25384,0,-22066,-8077,30143,0,0,0,0,1,0
1790,931770,-14598,-11622,26220,0,-17337,-13802,31140,0,0,0,0,1,0
1791,932291,-10054,-15994,26049,0,-11942,-18997,30940,0,0,0,0,1,0
1792,932812,-5125,-19751,24877,0,-6088,-23462,29551,0,0,0,0,1,0
1793,933333,0,-22749,22749,0,0,-27026,27026,0,0,0,0,1,0
1794,933854,5124,-24871,19747,0,6088,-29551,23462,0,0,0,0,1,0
1795,934375,10050,-26038,15988,0,11942,-30940,18997,0,0,0,0,1,0
1796,934895,14589,-26204,11614,0,17337,-31140,13802,0,0,0,0,1,0
1797,935416,18567,-25362,6796,0,22066,-30143,8077,0,0,0,0,1,0
1798,935937,21830,-23547,1717,0,25947,-27988,2041,0,0,0,0,1,0
1799,936458,24253,-20827,-3427,0,28831,-24758,-4073,0,0,0,0,1,0
1800,936979,25745,-17307,-8437,0,30607,-20576,-10031,0,0,0,0,1,0
1801,937500,26246,-13123,-13123,0,31207,-15603,-15603,0,0,0,0,1,0
1802,938020,25739,-8436,-17304,0,30607,-10031,-20576,0,0,0,0,1,0
1803,938541,24243,-3425,-20818,0,28831,-4073,-24758,0,0,0,0,1,0
1804,939062,21816,1716,-23532,0,25947,2041,-27988,0,0,0,0,1,0
1805,939583,18551,6790,-25341,0,22066,8077,-30143,0,0,0,0,1,0
1806,940104,14574,11602,-26176,0,17337,13802,-31140,0,0,0,0,1,0
1807,940625,10038,15968,-26005,0,11942,18997,-30940,0,0,0,0,1,0
1808,941145,5117,19719,-24835,0,6088,23462,-29551,0,0,0,0,1,0
1809,941666,0,22711,-22711,0,0,27026,-27026,0,0,0,0,1,0
1810,942187,-5116,24830,-19715,0,-6088,29551,-23462,0,0,0,0,1,0
1811,942708,-10034,25995,-15961,0,-11942,30940,-18997,0,0,0,0,1,0
1812,943229,-14565,26160,-11595,0,-17337,31140,-13802,0,0,0,0,1,0
1813,943750,-18536,25320,-6785,0,-22066,30143,-8077,0,0,0,0,1,0
1814,944270,-21794,23508,-1714,0,-25947,27988,-2041,0,0,0,0,1,0
1815,944791,-24213,20792,3421,0,-28831,24758,4073,0,0,0,0,1,0
1816,945312,-25702,17278,8423,0,-30607,20576,10031,0,0,0,0,1,0
1817,945833,-26203,13101,13101,0,-31207,15603,15603,0,0,0,0,1,0
1818,946354,-25697,8422,17275,0,-30607,10031,20576,0,0,0,0,1,0
1819,946875,-24203,3419,20784,0,-28831,4073,24758,0,0,0,0,1,0
1820,947395,-21780,-1713,23493,0,-25947,-2041,27988,0,0,0,0,1,0
1821,947916,-18520,-6779,25299,0,-22066,-8077,30143,0,0,0,0,1,0
1822,948437,-14550,-11583,26133,0,-17337,-13802,31140,0,0,0,0,1,0
1823,948958,-10021,-15941,25962,0,-11942,-18997,30940,0,0,0,0,1,0
1824,949479,-5108,-19686,24794,0,-6088,-23462,29551,0,0,0,0,1,0
1825,950000,0,-22673,22673,0,0,-27026,27026,0,0,0,0,1,0
1826,950520,5107,-24789,19682,0,6088,-29551,23462,0,0,0,0,1,0
1827,951041,10017,-25952,15935,0,11942,-30940,18997,0,0,0,0,1,0
1828,951562,14541,-26117,11576,0,17337,-31140,13802,0,0,0,0,1,0
1829,952083,18505,-25279,6773,0,22066,-30143,8077,0,0,0,0,1,0
1830,952604,21758,-23469,1711,0,25947,-27988,2041,0,0,0,0,1,0
1831,953125,24173,-20758,-3415,0,28831,-24758,-4073,0,0,0,0,1,0
1832,953645,25659,-17250,-8410,0,30607,-20576,-10031,0,0,0,0,1,0
1833,954166,26159,-13080,-13080,0,31207,-15603,-15603,0,0,0,0,1,0
1834,954687,25654,-8408,-17246,0,30607,-10031,-20576,0,0,0,0,1,0
1835,955208,24163,-3414,-20749,0,28831,-4073,-24758,0,0,0,0,1,0
1836,955729,21744,1710,-23454,0,25947,2041,-27988,0,0,0,0,1,0
1837,956250,18490,6768,-25258,0,22066,8077,-30143,0,0,0,0,1,0
1838,956770,14526,11564,-26090,0,17337,13802,-31140,0,0,0,0,1,0
1839,957291,10005,15915,-25920,0,11942,18997,-30940,0,0,0,0,1,0
1840,957812,5100,19654,-24753,0,6088,23462,-29551,0,0,0,0,1,0
1841,958333,0,22636,-22636,0,0,27026,-27026,0,0,0,0,1,0
1842,958854,-5099,24748,-19649,0,-6088,29551,-23462,0,0,0,0,1,0
1843,959375,-10000,25909,-15908,0,-11942,30940,-18997,0,0,0,0,1,0
1844,959895,-14517,26074,-11557,0,-17337,31140,-13802,0,0,0,0,1,0
1845,960416,-18475,25237,-6762,0,-22066,30143,-8077,0,0,0,0,1,0
1846,960937,-21722,23430,-1709,0,-25947,27988,-2041,0,0,0,0,1,0
1847,961458,-24133,20724,3410,0,-28831,24758,4073,0,0,0,0,1,0
1848,961979,-25617,17221,8396,0,-30607,20576,10031,0,0,0,0,1,0
1849,962500,-26116,13058,13058,0,-31207,15603,15603,0,0,0,0,1,0
1850,963020,-25612,8394,17218,0,-30607,10031,20576,0,0,0,0,1,0
1851,963541,-24123,3408,20715,0,-28831,4073,24758,0,0,0,0,1,0
1852,964062,-21708,-1708,23416,0,-25947,-2041,27988,0,0,0,0,1,0
1853,964583,-18459,-6757,25216,0,-22066,-8077,30143,0,0,0,0,1,0
1854,965104,-14502,-11545,26047,0,-17337,-13802,31140,0,0,0,0,1,0
1855,965625,-9988,-15889,25877,0,-11942,-18997,30940,0,0,0,0,1,0
1856,966145,-5091,-19621,24713,0,-6088,-23462,29551,0,0,0,0,1,0
1857,966666,0,-22599,22599,0,0,-27026,27026,0,0,0,0,1,0
1858,967187,5090,-24708,19617,0,6088,-29551,23462,0,0,0,0,1,0
1859,967708,9984,-25866,15882,0,11942,-30940,18997,0,0,0,0,1,0
1860,968229,14493,-26031,11538,0,17337,-31140,13802,0,0,0,0,1,0
1861,968750,18444,-25195,6751,0,22066,-30143,8077,0,0,0,0,1,0
1862,969270,21686,-23392,1706,0,25947,-27988,2041,0,0,0,0,1,0
1863,969791,24094,-20690,-3404,0,28831,-24758,-4073,0,0,0,0,1,0
1864,970312,25575,-17193,-8382,0,30607,-20576,-10031,0,0,0,0,1,0
1865,970833,26073,-13037,-13037,0,31207,-15603,-15603,0,0,0,0,1,0
1866,971354,25570,-8380,-17190,0,30607,-10031,-20576,0,0,0,0,1,0
1867,971875,24084,-3403,-20681,0,28831,-4073,-24758,0,0,0,0,1,0
1868,972395,21673,1705,-23377,0,25947,2041,-27988,0,0,0,0,1,0
1869,972916,18429,6746,-25175,0,22066,8077,-30143,0,0,0,0,1,0
1870,973437,14478,11526,-26004,0,17337,13802,-31140,0,0,0,0,1,0
1871,973958,9972,15863,-25835,0,11942,18997,-30940,0,0,0,0,1,0
1872,974479,5083,19589,-24672,0,6088,23462,-29551,0,0,0,0,1,0
1873,975000,0,22562,-22562,0,0,27026,-27026,0,0,0,0,1,0
1874,975520,-5082,24667,-19585,0,-6088,29551,-23462,0,0,0,0,1,0
1875,976041,-9968,25824,-15856,0,-11942,30940,-18997,0,0,0,0,1,0
1876,976562,-14469,25988,-11519,0,-17337,31140,-13802,0,0,0,0,1,0
1877,977083,-18414,25154,-6740,0,-22066,30143,-8077,0,0,0,0,1,0
1878,977604,-21650,23354,-1703,0,-25947,27988,-2041,0,0,0,0,1,0
1879,978125,-24054,20656,3398,0,-28831,24758,4073,0,0,0,0,1,0
1880,978645,-25533,17165,8368,0,-30607,20576,10031,0,0,0,0,1,0
1881,979166,-26031,13015,13015,0,-31207,15603,15603,0,0,0,0,1,0
1882,979687,-25528,8366,17162,0,-30607,10031,20576,0,0,0,0,1,0
1883,980208,-24044,3397,20647,0,-28831,4073,24758,0,0,0,0,1,0
1884,980729,-21637,-1702,23339,0,-25947,-2041,27988,0,0,0,0,1,0
1885,981250,-18399,-6735,25134,0,-22066,-8077,30143,0,0,0,0,1,0
1886,981770,-14455,-11507,25962,0,-17337,-13802,31140,0,0,0,0,1,0
1887,982291,-9955,-15837,25792,0,-11942,-18997,30940,0,0,0,0,1,0
1888,982812,-5075,-19557,24632,0,-6088,-23462,29551,0,0,0,0,1,0
1889,983333,0,-22525,22525,0,0,-27026,27026,0,0,0,0,1,0
1890,983854,5074,-24627,19553,0,6088,-29551,23462,0,0,0,0,1,0
1891,984375,9951,-25782,15830,0,11942,-30940,18997,0,0,0,0,1,0
1892,984895,14446,-25946,11500,0,17337,-31140,13802,0,0,0,0,1,0
1893,985416,18384,-25113,6729,0,22066,-30143,8077,0,0,0,0,1,0
1894,985937,21615,-23315,1700,0,25947,-27988,2041,0,0,0,0,1,0
1895,986458,24015,-20622,-3393,0,28831,-24758,-4073,0,0,0,0,1,0
1896,986979,25492,-17137,-8355,0,30607,-20576,-10031,0,0,0,0,1,0
1897,987500,25988,-12994,-12994,0,31207,-15603,-15603,0,0,0,0,1,0
1898,988020,25486,-8353,-17134,0,30607,-10031,-20576,0,0,0,0,1,0
1899,988541,24005,-3391,-20614,0,28831,-4073,-24758,0,0,0,0,1,0
1900,989062,21602,1699,-23301,0,25947,2041,-27988,0,0,0,0,1,0
1901,989583,18369,6724,-25093,0,22066,8077,-30143,0,0,0,0,1,0
1902,990104,14431,11489,-25920,0,17337,13802,-31140,0,0,0,0,1,0
1903,990625,9939,15811,-25750,0,11942,18997,-30940,0,0,0,0,1,0
1904,991145,5066,19525,-24592,0,6088,23462,-29551,0,0,0,0,1,0
1905,991666,0,22488,-22488,0,0,27026,-27026,0,0,0,0,1,0
1906,992187,-5065,24587,-19521,0,-6088,29551,-23462,0,0,0,0,1,0
1907,992708,-9935,25740,-15805,0,-11942,30940,-18997,0,0,0,0,1,0
1908,993229,-14422,25904,-11481,0,-17337,31140,-13802,0,0,0,0,1,0
1909,993750,-18354,25072,-6718,0,-22066,30143,-8077,0,0,0,0,1,0
1910,994270,-21580,23277,-1697,0,-25947,27988,-2041,0,0,0,0,1,0
1911,994791,-23976,20589,3387,0,-28831,24758,4073,0,0,0,0,1,0
1912,995312,-25450,17109,8341,0,-30607,20576,10031,0,0,0,0,1,0
1913,995833,-25946,12973,12973,0,-31207,15603,15603,0,0,0,0,1,0
1914,996354,-25445,8339,17106,0,-30607,10031,20576,0,0,0,0,1,0
1915,996875,-23966,3386,20580,0,-28831,4073,24758,0,0,0,0,1,0
1916,997395,-21567,-1696,23263,0,-25947,-2041,27988,0,0,0,0,1,0
1917,997916,-18339,-6713,25052,0,-22066,-8077,30143,0,0,0,0,1,0
1918,998437,-14408,-11470,25877,0,-17337,-13802,31140,0,0,0,0,1,0
1919,998958,-9923,-15785,25708,0,-11942,-18997,30940,0,0,0,0,1,0
1920,999479,-5058,-19493,24552,0,-6088,-23462,29551,0,0,0,0,1,0
1921,1000000,0,-22452,22452,0,0,-27026,27026,0,0,0,0,1,0
1922,1000520,5057,-24547,19489,0,6088,-29551,23462,0,0,0,0,1,0
1923,1001041,9919,-25698,15779,0,11942,-30940,18997,0,0,0,0,1,0
1924,1001562,14399,-25862,11463,0,17337,-31140,13802,0,0,0,0,1,0
1925,1002083,18324,-25032,6707,0,22066,-30143,8077,0,0,0,0,1,0
1926,1002604,21545,-23240,1695,0,25947,-27988,2041,0,0,0,0,1,0
1927,1003125,23937,-20555,-3382,0,28831,-24758,-4073,0,0,0,0,1,0
1928,1003645,25409,-17081,-8327,0,30607,-20576,-10031,0,0,0,0,1,0
1929,1004166,25904,-12952,-12952,0,31207,-15603,-15603,0,0,0,0,1,0
1930,1004687,25404,-8326,-17078,0,30607,-10031,-20576,0,0,0,0,1,0
1931,1005208,23927,-3380,-20547,0,28831,-4073,-24758,0,0,0,0,1,0
1932,1005729,21532,1694,-23226,0,25947,2041,-27988,0,0,0,0,1,0
1933,1006250,18309,6702,-25011,0,22066,8077,-30143,0,0,0,0,1,0
1934,1006770,14384,11451,-25835,0,17337,13802,-31140,0,0,0,0,1,0
1935,1007291,9907,15760,-25667,0,11942,18997,-30940,0,0,0,0,1,0
1936,1007812,5050,19462,-24512,0,6088,23462,-29551,0,0,0,0,1,0
1937,1008333,0,22415,-22415,0,0,27026,-27026,0,0,0,0,1,0
1938,1008854,-5049,24507,-19458,0,-6088,29551,-23462,0,0,0,0,1,0
1939,1009374,-9903,25656,-15753,0,-11942,30940,-18997,0,0,0,0,1,0
1940,1009895,-14375,25820,-11444,0,-17337,31140,-13802,0,0,0,0,1,0
1941,1010416,-18295,24991,-6696,0,-22066,30143,-8077,0,0,0,0,1,0
1942,1010937,-21510,23202,-1692,0,-25947,27988,-2041,0,0,0,0,1,0
1943,1011458,-23898,20522,3376,0,-28831,24758,4073,0,0,0,0,1,0
1944,1011979,-25368,17054,8314,0,-30607,20576,10031,0,0,0,0,1,0
1945,1012500,-25862,12931,12931,0,-31207,15603,15603,0,0,0,0,1,0
1946,1013020,-25363,8312,17050,0,-30607,10031,20576,0,0,0,0,1,0
1947,1013541,-23889,3375,20514,0,-28831,4073,24758,0,0,0,0,1,0
1948,1014062,-21497,-1691,23188,0,-25947,-2041,27988,0,0,0,0,1,0
1949,1014583,-18280,-6691,24971,0,-22066,-8077,30143,0,0,0,0,1,0
1950,1015104,-14361,-11433,25794,0,-17337,-13802,31140,0,0,0,0,1,0
1951,1015625,-9891,-15734,25625,0,-11942,-18997,30940,0,0,0,0,1,0
1952,1016145,-5042,-19430,24472,0,-6088,-23462,29551,0,0,0,0,1,0
1953,1016666,0,-22379,22379,0,0,-27026,27026,0,0,0,0,1,0
1954,1017187,5041,-24467,19427,0,6088,-29551,23462,0,0,0,0,1,0
1955,1017708,9887,-25615,15728,0,11942,-30940,18997,0,0,0,0,1,0
1956,1018229,14352,-25778,11426,0,17337,-31140,13802,0,0,0,0,1,0
1957,1018750,18265,-24951,6686,0,22066,-30143,8077,0,0,0,0,1,0
1958,1019270,21475,-23165,1689,0,25947,-27988,2041,0,0,0,0,1,0
1959,1019791,23860,-20489,-3371,0,28831,-24758,-4073,0,0,0,0,1,0
1960,1020312,25327,-17026,-8301,0,30607,-20576,-10031,0,0,0,0,1,0
1961,1020833,25820,-12910,-12910,0,31207,-15603,-15603,0,0,0,0,1,0
1962,1021354,25322,-8299,-17023,0,30607,-10031,-20576,0,0,0,0,1,0
1963,1021875,23850,-3370,-20481,0,28831,-4073,-24758,0,0,0,0,1,0
1964,1022395,21462,1688,-23151,0,25947,2041,-27988,0,0,0,0,1,0
1965,1022916,18250,6680,-24931,0,22066,8077,-30143,0,0,0,0,1,0
1966,1023437,14338,11414,-25752,0,17337,13802,-31140,0,0,0,0,1,0
1967,1023958,9875,15709,-25584,0,11942,18997,-30940,0,0,0,0,1,0
1968,1024479,5034,19399,-24433,0,6088,23462,-29551,0,0,0,0,1,0
1969,1024999,0,22343,-22343,0,0,27026,-27026,0,0,0,0,1,0
1970,1025520,-5033,24428,-19395,0,-6088,29551,-23462,0,0,0,0,1,0
1971,1026041,-9871,25574,-15703,0,-11942,30940,-18997,0,0,0,0,1,0
1972,1026562,-14329,25737,-11407,0,-17337,31140,-13802,0,0,0,0,1,0
1973,1027083,-18236,24911,-6675,0,-22066,30143,-8077,0,0,0,0,1,0
1974,1027604,-21441,23127,-1687,0,-25947,27988,-2041,0,0,0,0,1,0
1975,1028125,-23821,20456,3366,0,-28831,24758,4073,0,0,0,0,1,0
1976,1028645,-25286,16999,8287,0,-30607,20576,10031,0,0,0,0,1,0
1977,1029166,-25779,12890,12890,0,-31207,15603,15603,0,0,0,0,1,0
1978,1029687,-25281,8286,16996,0,-30607,10031,20576,0,0,0,0,1,0
1979,1030208,-23812,3364,20448,0,-28831,4073,24758,0,0,0,0,1,0
1980,1030729,-21428,-1686,23114,0,-25947,-2041,27988,0,0,0,0,1,0
1981,1031250,-18221,-6669,24891,0,-22066,-8077,30143,0,0,0,0,1,0
1982,1031770,-14315,-11396,25711,0,-17337,-13802,31140,0,0,0,0,1,0
1983,1032291,-9859,-15684,25543,0,-11942,-18997,30940,0,0,0,0,1,0
1984,1032812,-5026,-19368,24394,0,-6088,-23462,29551,0,0,0,0,1,0
1985,1033333,0,-22307,22307,0,0,-27026,27026,0,0,0,0,1,0
1986,1033854,5025,-24389,19364,0,6088,-29551,23462,0,0,0,0,1,0
1987,1034375,9855,-25533,15678,0,11942,-30940,18997,0,0,0,0,1,0
1988,1034895,14306,-25695,11389,0,17337,-31140,13802,0,0,0,0,1,0
1989,1035416,18207,-24871,6664,0,22066,-30143,8077,0,0,0,0,1,0
1990,1035937,21407,-23090,1684,0,25947,-27988,2041,0,0,0,0,1,0
1991,1036458,23783,-20423,-3360,0,28831,-24758,-4073,0,0,0,0,1,0
1992,1036979,25246,-16972,-8274,0,30607,-20576,-10031,0,0,0,0,1,0
1993,1037500,25738,-12869,-12869,0,31207,-15603,-15603,0,0,0,0,1,0
1994,1038020,25241,-8272,-16968,0,30607,-10031,-20576,0,0,0,0,1,0
1995,1038541,23774,-3359,-20415,0,28831,-4073,-24758,0,0,0,0,1,0
1996,1039062,21394,1683,-23077,0,25947,2041,-27988,0,0,0,0,1,0
1997,1039583,18192,6659,-24851,0,22066,8077,-30143,0,0,0,0,1,0
1998,1040104,14292,11378,-25670,0,17337,13802,-31140,0,0,0,0,1,0
1999,1040624,9843,15659,-25502,0,11942,18997,-30940,0,0,0,0,1,0
2000,1041145,5018,19337,-24355,0,6088,23462,-29551,0,0,0,0,1,0
2001,1041666,0,22272,-22272,0,0,27026,-27026,0,0,0,0,1,0
2002,1042187,-5017,24350,-19333,0,-6088,29551,-23462,0,0,0,0,1,0
2003,1042708,-9840,25492,-15652,0,-11942,30940,-18997,0,0,0,0,1,0
2004,1043229,-14283,25654,-11371,0,-17337,31140,-13802,0,0,0,0,1,0
2005,1043750,-18178,24831,-6653,0,-22066,30143,-8077,0,0,0,0,1,0
2006,1044270,-21372,23054,-1681,0,-25947,27988,-2041,0,0,0,0,1,0
2007,1044791,-23745,20391,3355,0,-28831,24758,4073,0,0,0,0,1,0
2008,1045312,-25205,16945,8261,0,-30607,20576,10031,0,0,0,0,1,0
2009,1045833,-25697,12848,12848,0,-31207,15603,15603,0,0,0,0,1,0
2010,1046354,-25200,8259,16941,0,-30607,10031,20576,0,0,0,0,1,0
2011,1046875,-23736,3353,20382,0,-28831,4073,24758,0,0,0,0,1,0
2012,1047395,-21360,-1680,23040,0,-25947,-2041,27988,0,0,0,0,1,0
2013,1047916,-18163,-6648,24811,0,-22066,-8077,30143,0,0,0,0,1,0
2014,1048437,-14269,-11360,25629,0,-17337,-13802,31140,0,0,0,0,1,0
2015,1048958,-9828,-15634,25462,0,-11942,-18997,30940,0,0,0,0,1,0
2016,1049479,-5010,-19306,24316,0,-6088,-23462,29551,0,0,0,0,1,0
2017,1050000,0,-22236,22236,0,0,-27026,27026,0,0,0,0,1,0
2018,1050520,5009,-24311,19302,0,6088,-29551,23462,0,0,0,0,1,0
2019,1051041,9824,-25451,15628,0,11942,-30940,18997,0,0,0,0,1,0
2020,1051562,14261,-25614,11353,0,17337,-31140,13802,0,0,0,0,1,0
2021,1052083,18149,-24791,6643,0,22066,-30143,8077,0,0,0,0,1,0
2022,1052604,21338,-23017,1678,0,25947,-27988,2041,0,0,0,0,1,0
2023,1053125,23708,-20358,-3349,0,28831,-24758,-4073,0,0,0,0,1,0
2024,1053645,25165,-16918,-8248,0,30607,-20576,-10031,0,0,0,0,1,0
2025,1054166,25656,-12828,-12828,0,31207,-15603,-15603,0,0,0,0,1,0
2026,1054687,25160,-8246,-16914,0,30607,-10031,-20576,0,0,0,0,1,0
2027,1055208,23698,-3348,-20350,0,28831,-4073,-24758,0,0,0,0,1,0
2028,1055729,21326,1677,-23003,0,25947,2041,-27988,0,0,0,0,1,0
2029,1056250,18134,6638,-24772,0,22066,8077,-30143,0,0,0,0,1,0
2030,1056770,14246,11342,-25588,0,17337,13802,-31140,0,0,0,0,1,0
2031,1057291,9812,15609,-25421,0,11942,18997,-30940,0,0,0,0,1,0
2032,1057812,5002,19276,-24277,0,6088,23462,-29551,0,0,0,0,1,0
2033,1058333,0,22201,-22201,0,0,27026,-27026,0,0,0,0,1,0
2034,1058854,-5001,24273,-19272,0,-6088,29551,-23462,0,0,0,0,1,0
2035,1059375,-9808,25411,-15603,0,-11942,30940,-18997,0,0,0,0,1,0
2036,1059895,-14238,25573,-11335,0,-17337,31140,-13802,0,0,0,0,1,0
2037,1060416,-18120,24752,-6632,0,-22066,30143,-8077,0,0,0,0,1,0
2038,1060937,-21304,22980,-1676,0,-25947,27988,-2041,0,0,0,0,1,0
2039,1061458,-23670,20326,3344,0,-28831,24758,4073,0,0,0,0,1,0
2040,1061979,-25125,16891,8235,0,-30607,20576,10031,0,0,0,0,1,0
2041,1062500,-25615,12808,12808,0,-31207,15603,15603,0,0,0,0,1,0
2042,1063020,-25120,8233,16888,0,-30607,10031,20576,0,0,0,0,1,0
2043,1063541,-23661,3343,20318,0,-28831,4073,24758,0,0,0,0,1,0
2044,1064062,-21292,-1675,22967,0,-25947,-2041,27988,0,0,0,0,1,0
2045,1064583,-18105,-6627,24732,0,-22066,-8077,30143,0,0,0,0,1,0
2046,1065104,-14224,-11324,25548,0,-17337,-13802,31140,0,0,0,0,1,0
2047,1065625,-9797,-15584,25381,0,-11942,-18997,30940,0,0,0,0,1,0
2048,1066145,-4994,-19245,24239,0,-6088,-23462,29551,0,0,0,0,1,0
2049,1066666,0,-22166,22166,0,0,-27026,27026,0,0,0,0,1,0
2050,1067187,4993,-24234,19241,0,6088,-29551,23462,0,0,0,0,1,0
2051,1067708,9793,-25371,15578,0,11942,-30940,18997,0,0,0,0,1,0
2052,1068229,14215,-25532,11317,0,17337,-31140,13802,0,0,0,0,1,0
2053,1068750,18091,-24713,6622,0,22066,-30143,8077,0,0,0,0,1,0
2054,1069270,21271,-22944,1673,0,25947,-27988,2041,0,0,0,0,1,0
2055,1069791,23632,-20294,-3339,0,28831,-24758,-4073,0,0,0,0,1,0
2056,1070312,25086,-16864,-8221,0,30607,-20576,-10031,0,0,0,0,1,0
2057,1070833,25575,-12787,-12787,0,31207,-15603,-15603,0,0,0,0,1,0
2058,1071354,25081,-8220,-16861,0,30607,-10031,-20576,0,0,0,0,1,0
2059,1071875,23623,-3337,-20286,0,28831,-4073,-24758,0,0,0,0,1,0
2060,1072395,21258,1672,-22930,0,25947,2041,-27988,0,0,0,0,1,0
2061,1072916,18077,6617,-24693,0,22066,8077,-30143,0,0,0,0,1,0
2062,1073437,14201,11306,-25507,0,17337,13802,-31140,0,0,0,0,1,0
2063,1073958,9781,15560,-25341,0,11942,18997,-30940,0,0,0,0,1,0
2064,1074479,4986,19215,-24201,0,6088,23462,-29551,0,0,0,0,1,0
2065,1075000,0,22131,-22131,0,0,27026,-27026,0,0,0,0,1,0
2066,1075520,-4985,24196,-19211,0,-6088,29551,-23462,0,0,0,0,1,0
2067,1076041,-9777,25331,-15553,0,-11942,30940,-18997,0,0,0,0,1,0
2068,1076562,-14193,25492,-11299,0,-17337,31140,-13802,0,0,0,0,1,0
2069,1077083,-18063,24674,-6611,0,-22066,30143,-8077,0,0,0,0,1,0
2070,1077604,-21237,22908,-1671,0,-25947,27988,-2041,0,0,0,0,1,0
2071,1078125,-23595,20262,3334,0,-28831,24758,4073,0,0,0,0,1,0
2072,1078645,-25046,16838,8209,0,-30607,20576,10031,0,0,0,0,1,0
2073,1079166,-25534,12767,12767,0,-31207,15603,15603,0,0,0,0,1,0
2074,1079687,-25041,8207,16834,0,-30607,10031,20576,0,0,0,0,1,0
2075,1080208,-23586,3332,20254,0,-28831,4073,24758,0,0,0,0,1,0
2076,1080729,-21225,-1670,22894,0,-25947,-2041,27988,0,0,0,0,1,0
2077,1081250,-18048,-6606,24654,0,-22066,-8077,30143,0,0,0,0,1,0
2078,1081770,-14179,-11288,25467,0,-17337,-13802,31140,0,0,0,0,1,0
2079,1082291,-9766,-15535,25301,0,-11942,-18997,30940,0,0,0,0,1,0
2080,1082812,-4978,-19184,24163,0,-6088,-23462,29551,0,0,0,0,1,0
2081,1083333,0,-22096,22096,0,0,-27026,27026,0,0,0,0,1,0
2082,1083854,4977,-24158,19181,0,6088,-29551,23462,0,0,0,0,1,0
2083,1084375,9762,-25291,15529,0,11942,-30940,18997,0,0,0,0,1,0
2084,1084895,14171,-25452,11281,0,17337,-31140,13802,0,0,0,0,1,0
2085,1085416,18034,-24635,6601,0,22066,-30143,8077,0,0,0,0,1,0
2086,1085937,21204,-22872,1668,0,25947,-27988,2041,0,0,0,0,1,0
2087,1086458,23558,-20230,-3328,0,28831,-24758,-4073,0,0,0,0,1,0
2088,1086979,25007,-16811,-8196,0,30607,-20576,-10031,0,0,0,0,1,0
2089,1087500,25494,-12747,-12747,0,31207,-15603,-15603,0,0,0,0,1,0
2090,1088020,25002,-8194,-16808,0,30607,-10031,-20576,0,0,0,0,1,0
2091,1088541,23549,-3327,-20222,0,28831,-4073,-24758,0,0,0,0,1,0
2092,1089062,21191,1667,-22858,0,25947,2041,-27988,0,0,0,0,1,0
2093,1089583,18020,6596,-24616,0,22066,8077,-30143,0,0,0,0,1,0
2094,1090104,14157,11270,-25427,0,17337,13802,-31140,0,0,0,0,1,0
2095,1090625,9750,15511,-25261,0,11942,18997,-30940,0,0,0,0,1,0
2096,1091145,4970,19154,-24125,0,6088,23462,-29551,0,0,0,0,1,0
2097,1091666,0,22061,-22061,0,0,27026,-27026,0,0,0,0,1,0
2098,1092187,-4969,24120,-19151,0,-6088,29551,-23462,0,0,0,0,1,0
2099,1092708,-9747,25251,-15505,0,-11942,30940,-18997,0,0,0,0,1,0
2100,1093229,-14149,25412,-11264,0,-17337,31140,-13802,0,0,0,0,1,0
2101,1093750,-18006,24596,-6591,0,-22066,30143,-8077,0,0,0,0,1,0
2102,1094270,-21171,22836,-1665,0,-25947,27988,-2041,0,0,0,0,1,0
2103,1094791,-23521,20198,3323,0,-28831,24758,4073,0,0,0,0,1,0
2104,1095312,-24968,16785,8183,0,-30607,20576,10031,0,0,0,0,1,0
2105,1095833,-25454,12727,12727,0,-31207,15603,15603,0,0,0,0,1,0
2106,1096354,-24963,8181,16781,0,-30607,10031,20576,0,0,0,0,1,0
2107,1096875,-23512,3322,20190,0,-28831,4073,24758,0,0,0,0,1,0
2108,1097395,-21158,-1664,22822,0,-25947,-2041,27988,0,0,0,0,1,0
2109,1097916,-17992,-6585,24577,0,-22066,-8077,30143,0,0,0,0,1,0
2110,1098437,-14135,-11253,25387,0,-17337,-13802,31140,0,0,0,0,1,0
2111,1098958,-9735,-15486,25222,0,-11942,-18997,30940,0,0,0,0,1,0
2112,1099479,-4962,-19124,24087,0,-6088,-23462,29551,0,0,0,0,1,0
2113,1100000,0,-22027,22027,0,0,-27026,27026,0,0,0,0,1,0
2114,1100520,4962,-24082,19121,0,6088,-29551,23462,0,0,0,0,1,0
2115,1101041,9731,-25212,15480,0,11942,-30940,18997,0,0,0,0,1,0
2116,1101562,14126,-25372,11246,0,17337,-31140,13802,0,0,0,0,1,0
2117,1102083,17978,-24558,6580,0,22066,-30143,8077,0,0,0,0,1,0
2118,1102604,21138,-22800,1663,0,25947,-27988,2041,0,0,0,0,1,0
2119,1103125,23484,-20167,-3318,0,28831,-24758,-4073,0,0,0,0,1,0
2120,1103645,24929,-16759,-8170,0,30607,-20576,-10031,0,0,0,0,1,0
2121,1104166,25414,-12707,-12707,0,31207,-15603,-15603,0,0,0,0,1,0
2122,1104687,24924,-8168,-16755,0,30607,-10031,-20576,0,0,0,0,1,0
2123,1105208,23475,-3317,-20159,0,28831,-4073,-24758,0,0,0,0,1,0
2124,1105729,21125,1662,-22787,0,25947,2041,-27988,0,0,0,0,1,0
2125,1106250,17964,6575,-24539,0,22066,8077,-30143,0,0,0,0,1,0
2126,1106770,14113,11235,-25348,0,17337,13802,-31140,0,0,0,0,1,0
2127,1107291,9720,15462,-25182,0,11942,18997,-30940,0,0,0,0,1,0
2128,1107812,4955,19095,-24049,0,6088,23462,-29551,0,0,0,0,1,0
2129,1108333,0,21992,-21992,0,0,27026,-27026,0,0,0,0,1,0
2130,1108854,-4954,24045,-19091,0,-6088,29551,-23462,0,0,0,0,1,0
2131,1109375,-9716,25172,-15456,0,-11942,30940,-18997,0,0,0,0,1,0
2132,1109895,-14104,25333,-11228,0,-17337,31140,-13802,0,0,0,0,1,0
2133,1110416,-17950,24520,-6570,0,-22066,30143,-8077,0,0,0,0,1,0
2134,1110937,-21105,22765,-1660,0,-25947,27988,-2041,0,0,0,0,1,0
2135,1111458,-23448,20135,3313,0,-28831,24758,4073,0,0,0,0,1,0
2136,1111979,-24890,16732,8157,0,-30607,20576,10031,0,0,0,0,1,0
2137,1112500,-25375,12687,12687,0,-31207,15603,15603,0,0,0,0,1,0
2138,1113020,-24885,8156,16729,0,-30607,10031,20576,0,0,0,0,1,0
2139,1113541,-23439,3311,20127,0,-28831,4073,24758,0,0,0,0,1,0
2140,1114062,-21092,-1659,22751,0,-25947,-2041,27988,0,0,0,0,1,0
2141,1114583,-17936,-6565,24501,0,-22066,-8077,30143,0,0,0,0,1,0
2142,1115104,-14091,-11218,25308,0,-17337,-13802,31140,0,0,0,0,1,0
2143,1115625,-9705,-15438,25143,0,-11942,-18997,30940,0,0,0,0,1,0
2144,1116145,-4947,-19065,24012,0,-6088,-23462,29551,0,0,0,0,1,0
2145,1116666,0,-21958,21958,0,0,-27026,27026,0,0,0,0,1,0
2146,1117187,4946,-24007,19061,0,6088,-29551,23462,0,0,0,0,1,0
2147,1117708,9701,-25133,15432,0,11942,-30940,18997,0,0,0,0,1,0
2148,1118229,14082,-25294,11211,0,17337,-31140,13802,0,0,0,0,1,0
2149,1118750,17922,-24482,6560,0,22066,-30143,8077,0,0,0,0,1,0
2150,1119270,21072,-22729,1658,0,25947,-27988,2041,0,0,0,0,1,0
2151,1119791,23412,-20104,-3308,0,28831,-24758,-4073,0,0,0,0,1,0
2152,1120312,24851,-16706,-8145,0,30607,-20576,-10031,0,0,0,0,1,0
2153,1120833,25336,-12668,-12668,0,31207,-15603,-15603,0,0,0,0,1,0
2154,1121354,24846,-8143,-16703,0,30607,-10031,-20576,0,0,0,0,1,0
2155,1121875,23402,-3306,-20096,0,28831,-4073,-24758,0,0,0,0,1,0
2156,1122395,21060,1657,-22716,0,25947,2041,-27988,0,0,0,0,1,0
2157,1122916,17908,6555,-24463,0,22066,8077,-30143,0,0,0,0,1,0
2158,1123437,14069,11200,-25269,0,17337,13802,-31140,0,0,0,0,1,0
2159,1123958,9690,15414,-25104,0,11942,18997,-30940,0,0,0,0,1,0
2160,1124479,4939,19035,-23975,0,6088,23462,-29551,0,0,0,0,1,0
2161,1125000,0,21924,-21924,0,0,27026,-27026,0,0,0,0,1,0
2162,1125520,-4938,23970,-19032,0,-6088,29551,-23462,0,0,0,0,1,0
2163,1126041,-9686,25094,-15408,0,-11942,30940,-18997,0,0,0,0,1,0
2164,1126562,-14061,25254,-11194,0,-17337,31140,-13802,0,0,0,0,1,0
2165,1127083,-17894,24444,-6550,0,-22066,30143,-8077,0,0,0,0,1,0
2166,1127604,-21039,22694,-1655,0,-25947,27988,-2041,0,0,0,0,1,0
2167,1128125,-23375,20073,3302,0,-28831,24758,4073,0,0,0,0,1,0
2168,1128645,-24813,16681,8132,0,-30607,20576,10031,0,0,0,0,1,0
2169,1129166,-25296,12648,12648,0,-31207,15603,15603,0,0,0,0,1,0
2170,1129687,-24808,8130,16677,0,-30607,10031,20576,0,0,0,0,1,0
2171,1130208,-23366,3301,20065,0,-28831,4073,24758,0,0,0,0,1,0
2172,1130729,-21027,-1654,22681,0,-25947,-2041,27988,0,0,0,0,1,0
2173,1131250,-17880,-6545,24425,0,-22066,-8077,30143,0,0,0,0,1,0
2174,1131770,-14047,-11183,25230,0,-17337,-13802,31140,0,0,0,0,1,0
2175,1132291,-9675,-15391,25065,0,-11942,-18997,30940,0,0,0,0,1,0
2176,1132812,-4932,-19006,23938,0,-6088,-23462,29551,0,0,0,0,1,0
2177,1133333,0,-21890,21890,0,0,-27026,27026,0,0,0,0,1,0
2178,1133854,4931,-23933,19002,0,6088,-29551,23462,0,0,0,0,1,0
2179,1134375,9671,-25056,15385,0,11942,-30940,18997,0,0,0,0,1,0
2180,1134895,14039,-25215,11176,0,17337,-31140,13802,0,0,0,0,1,0
2181,1135416,17867,-24406,6540,0,22066,-30143,8077,0,0,0,0,1,0
2182,1135937,21007,-22659,1652,0,25947,-27988,2041,0,0,0,0,1,0
2183,1136458,23339,-20042,-3297,0,28831,-24758,-4073,0,0,0,0,1,0
2184,1136979,24774,-16655,-8119,0,30607,-20576,-10031,0,0,0,0,1,0
2185,1137500,25257,-12629,-12629,0,31207,-15603,-15603,0,0,0,0,1,0
2186,1138020,24770,-8118,-16652,0,30607,-10031,-20576,0,0,0,0,1,0
2187,1138541,23330,-3296,-20034,0,28831,-4073,-24758,0,0,0,0,1,0
2188,1139062,20995,1651,-22646,0,25947,2041,-27988,0,0,0,0,1,0
2189,1139583,17853,6535,-24387,0,22066,8077,-30143,0,0,0,0,1,0
2190,1140104,14025,11166,-25191,0,17337,13802,-31140,0,0,0,0,1,0
2191,1140625,9660,15367,-25027,0,11942,18997,-30940,0,0,0,0,1,0
2192,1141145,4924,18977,-23901,0,6088,23462,-29551,0,0,0,0,1,0
2193,1141666,0,21857,-21857,0,0,27026,-27026,0,0,0,0,1,0
2194,1142187,-4923,23896,-18973,0,-6088,29551,-23462,0,0,0,0,1,0
2195,1142708,-9656,25017,-15361,0,-11942,30940,-18997,0,0,0,0,1,0
2196,1143229,-14017,25177,-11159,0,-17337,31140,-13802,0,0,0,0,1,0
2197,1143750,-17839,24369,-6530,0,-22066,30143,-8077,0,0,0,0,1,0
2198,1144270,-20974,22624,-1650,0,-25947,27988,-2041,0,0,0,0,1,0
2199,1144791,-23303,20011,3292,0,-28831,24758,4073,0,0,0,0,1,0
2200,1145312,-24736,16629,8107,0,-30607,20576,10031,0,0,0,0,1,0
2201,1145833,-25219,12609,12609,0,-31207,15603,15603,0,0,0,0,1,0
2202,1146354,-24732,8105,16626,0,-30607,10031,20576,0,0,0,0,1,0
2203,1146875,-23294,3291,20003,0,-28831,4073,24758,0,0,0,0,1,0
2204,1147395,-20962,-1649,22611,0,-25947,-2041,27988,0,0,0,0,1,0
2205,1147916,-17825,-6525,24350,0,-22066,-8077,30143,0,0,0,0,1,0
2206,1148437,-14004,-11149,25152,0,-17337,-13802,31140,0,0,0,0,1,0
2207,1148958,-9645,-15343,24988,0,-11942,-18997,30940,0,0,0,0,1,0
2208,1149479,-4917,-18948,23864,0,-6088,-23462,29551,0,0,0,0,1,0
2209,1150000,0,-21823,21823,0,0,-27026,27026,0,0,0,0,1,0
2210,1150520,4916,-23860,18944,0,6088,-29551,23462,0,0,0,0,1,0
2211,1151041,9641,-24979,15337,0,11942,-30940,18997,0,0,0,0,1,0
2212,1151562,13996,-25138,11142,0,17337,-31140,13802,0,0,0,0,1,0
2213,1152083,17812,-24331,6520,0,22066,-30143,8077,0,0,0,0,1,0
2214,1152604,20942,-22590,1647,0,25947,-27988,2041,0,0,0,0,1,0
2215,1153125,23268,-19980,-3287,0,28831,-24758,-4073,0,0,0,0,1,0
2216,1153645,24698,-16604,-8095,0,30607,-20576,-10031,0,0,0,0,1,0
2217,1154166,25180,-12590,-12590,0,31207,-15603,-15603,0,0,0,0,1,0
2218,1154687,24694,-8093,-16601,0,30607,-10031,-20576,0,0,0,0,1,0
2219,1155208,23259,-3286,-19973,0,28831,-4073,-24758,0,0,0,0,1,0
2220,1155729,20930,1646,-22577,0,25947,2041,-27988,0,0,0,0,1,0
2221,1156250,17798,6515,-24313,0,22066,8077,-30143,0,0,0,0,1,0
2222,1156770,13983,11131,-25114,0,17337,13802,-31140,0,0,0,0,1,0
2223,1157291,9630,15320,-24950,0,11942,18997,-30940,0,0,0,0,1,0
2224,1157812,4909,18919,-23828,0,6088,23462,-29551,0,0,0,0,1,0
2225,1158333,0,21790,-21790,0,0,27026,-27026,0,0,0,0,1,0
2226,1158854,-4908,23823,-18915,0,-6088,29551,-23462,0,0,0,0,1,0
2227,1159375,-9627,24941,-15314,0,-11942,30940,-18997,0,0,0,0,1,0
2228,1159895,-13975,25100,-11125,0,-17337,31140,-13802,0,0,0,0,1,0
2229,1160416,-17784,24294,-6510,0,-22066,30143,-8077,0,0,0,0,1,0
2230,1160937,-20910,22555,-1645,0,-25947,27988,-2041,0,0,0,0,1,0
2231,1161458,-23232,19950,3282,0,-28831,24758,4073,0,0,0,0,1,0
2232,1161979,-24661,16579,8082,0,-30607,20576,10031,0,0,0,0,1,0
2233,1162500,-25141,12571,12571,0,-31207,15603,15603,0,0,0,0,1,0
2234,1163020,-24656,8081,16575,0,-30607,10031,20576,0,0,0,0,1,0
2235,1163541,-23223,3281,19942,0,-28831,4073,24758,0,0,0,0,1,0
2236,1164062,-20898,-1644,22542,0,-25947,-2041,27988,0,0,0,0,1,0
2237,1164583,-17771,-6505,24276,0,-22066,-8077,30143,0,0,0,0,1,0
2238,1165104,-13961,-11114,25076,0,-17337,-13802,31140,0,0,0,0,1,0
2239,1165625,-9616,-15296,24912,0,-11942,-18997,30940,0,0,0,0,1,0
2240,1166145,-4902,-18890,23791,0,-6088,-23462,29551,0,0,0,0,1,0
2241,1166666,0,-21757,21757,0,0,-27026,27026,0,0,0,0,1,0
2242,1167187,4901,-23787,18886,0,6088,-29551,23462,0,0,0,0,1,0
2243,1167708,9612,-24903,15291,0,11942,-30940,18997,0,0,0,0,1,0
2244,1168229,13953,-25061,11108,0,17337,-31140,13802,0,0,0,0,1,0
2245,1168750,17757,-24257,6500,0,22066,-30143,8077,0,0,0,0,1,0
2246,1169270,20879,-22521,1642,0,25947,-27988,2041,0,0,0,0,1,0
2247,1169791,23197,-19920,-3277,0,28831,-24758,-4073,0,0,0,0,1,0
2248,1170312,24623,-16553,-8070,0,30607,-20576,-10031,0,0,0,0,1,0
2249,1170833,25103,-12552,-12552,0,31207,-15603,-15603,0,0,0,0,1,0
2250,1171354,24619,-8068,-16550,0,30607,-10031,-20576,0,0,0,0,1,0
2251,1171875,23188,-3276,-19912,0,28831,-4073,-24758,0,0,0,0,1,0
2252,1172395,20867,1641,-22508,0,25947,2041,-27988,0,0,0,0,1,0
2253,1172916,17744,6495,-24239,0,22066,8077,-30143,0,0,0,0,1,0
2254,1173437,13940,11098,-25038,0,17337,13802,-31140,0,0,0,0,1,0
2255,1173958,9601,15273,-24874,0,11942,18997,-30940,0,0,0,0,1,0
2256,1174479,4894,18861,-23755,0,6088,23462,-29551,0,0,0,0,1,0
2257,1175000,0,21724,-21724,0,0,27026,-27026,0,0,0,0,1,0
2258,1175520,-4893,23751,-18857,0,-6088,29551,-23462,0,0,0,0,1,0
2259,1176041,-9597,24865,-15267,0,-11942,30940,-18997,0,0,0,0,1,0
2260,1176562,-13932,25023,-11091,0,-17337,31140,-13802,0,0,0,0,1,0
2261,1177083,-17730,24220,-6490,0,-22066,30143,-8077,0,0,0,0,1,0
2262,1177604,-20847,22487,-1640,0,-25947,27988,-2041,0,0,0,0,1,0
2263,1178125,-23162,19889,3272,0,-28831,24758,4073,0,0,0,0,1,0
2264,1178645,-24586,16528,8058,0,-30607,20576,10031,0,0,0,0,1,0
2265,1179166,-25065,12533,12533,0,-31207,15603,15603,0,0,0,0,1,0
2266,1179687,-24581,8056,16525,0,-30607,10031,20576,0,0,0,0,1,0
2267,1180208,-23153,3271,19882,0,-28831,4073,24758,0,0,0,0,1,0
2268,1180729,-20835,-1639,22474,0,-25947,-2041,27988,0,0,0,0,1,0
2269,1181250,-17717,-6485,24202,0,-22066,-8077,30143,0,0,0,0,1,0
2270,1181770,-13919,-11081,25000,0,-17337,-13802,31140,0,0,0,0,1,0
2271,1182291,-9587,-15250,24837,0,-11942,-18997,30940,0,0,0,0,1,0
2272,1182812,-4887,-18832,23719,0,-6088,-23462,29551,0,0,0,0,1,0
2273,1183333,0,-21691,21691,0,0,-27026,27026,0,0,0,0,1,0
2274,1183854,4886,-23715,18829,0,6088,-29551,23462,0,0,0,0,1,0
2275,1184375,9583,-24827,15244,0,11942,-30940,18997,0,0,0,0,1,0
2276,1184895,13911,-24985,11074,0,17337,-31140,13802,0,0,0,0,1,0
2277,1185416,17704,-24184,6480,0,22066,-30143,8077,0,0,0,0,1,0
2278,1185937,20815,-22453,1637,0,25947,-27988,2041,0,0,0,0,1,0
2279,1186458,23127,-19859,-3267,0,28831,-24758,-4073,0,0,0,0,1,0
2280,1186979,24549,-16503,-8045,0,30607,-20576,-10031,0,0,0,0,1,0
2281,1187500,25027,-12514,-12514,0,31207,-15603,-15603,0,0,0,0,1,0
2282,1188020,24544,-8044,-16500,0,30607,-10031,-20576,0,0,0,0,1,0
2283,1188541,23118,-3266,-19852,0,28831,-4073,-24758,0,0,0,0,1,0
2284,1189062,20803,1636,-22440,0,25947,2041,-27988,0,0,0,0,1,0
2285,1189583,17690,6475,-24165,0,22066,8077,-30143,0,0,0,0,1,0
2286,1190104,13898,11064,-24962,0,17337,13802,-31140,0,0,0,0,1,0
2287,1190625,9572,15227,-24799,0,11942,18997,-30940,0,0,0,0,1,0
2288,1191145,4879,18804,-23683,0,6088,23462,-29551,0,0,0,0,1,0
2289,1191666,0,21658,-21658,0,0,27026,-27026,0,0,0,0,1,0
2290,1192187,-4878,23679,-18800,0,-6088,29551,-23462,0,0,0,0,1,0
2291,1192708,-9568,24790,-15221,0,-11942,30940,-18997,0,0,0,0,1,0
2292,1193229,-13890,24948,-11058,0,-17337,31140,-13802,0,0,0,0,1,0
2293,1193750,-17677,24147,-6470,0,-22066,30143,-8077,0,0,0,0,1,0
2294,1194270,-20784,22419,-1635,0,-25947,27988,-2041,0,0,0,0,1,0
2295,1194791,-23092,19829,3262,0,-28831,24758,4073,0,0,0,0,1,0
2296,1195312,-24512,16478,8033,0,-30607,20576,10031,0,0,0,0,1,0
2297,1195833,-24990,12495,12495,0,-31207,15603,15603,0,0,0,0,1,0
2298,1196354,-24507,8032,16475,0,-30607,10031,20576,0,0,0,0,1,0
2299,1196875,-23083,3261,19822,0,-28831,4073,24758,0,0,0,0,1,0
2300,1197395,-20772,-1634,22406,0,-25947,-2041,27988,0,0,0,0,1,0
2301,1197916,-17664,-6465,24129,0,-22066,-8077,30143,0,0,0,0,1,0
2302,1198437,-13877,-11047,24924,0,-17337,-13802,31140,0,0,0,0,1,0
2303,1198958,-9558,-15204,24762,0,-11942,-18997,30940,0,0,0,0,1,0
2304,1199479,-4872,-18776,23648,0,-6088,-23462,29551,0,0,0,0,1,0
2305,1200000,0,-21625,21625,0,0,-27026,27026,0,0,0,0,1,0
2306,1200520,4871,-23643,18772,0,6088,-29551,23462,0,0,0,0,1,0
2307,1201041,9554,-24752,15198,0,11942,-30940,18997,0,0,0,0,1,0
2308,1201562,13869,-24910,11041,0,17337,-31140,13802,0,0,0,0,1,0
2309,1202083,17650,-24111,6460,0,22066,-30143,8077,0,0,0,0,1,0
2310,1202604,20753,-22385,1632,0,25947,-27988,2041,0,0,0,0,1,0
2311,1203125,23057,-19799,-3257,0,28831,-24758,-4073,0,0,0,0,1,0
2312,1203645,24475,-16454,-8021,0,30607,-20576,-10031,0,0,0,0,1,0
2313,1204166,24952,-12476,-12476,0,31207,-15603,-15603,0,0,0,0,1,0
2314,1204687,24470,-8020,-16450,0,30607,-10031,-20576,0,0,0,0,1,0
2315,1205208,23048,-3256,-19792,0,28831,-4073,-24758,0,0,0,0,1,0
2316,1205729,20741,1631,-22372,0,25947,2041,-27988,0,0,0,0,1,0
2317,1206250,17637,6456,-24093,0,22066,8077,-30143,0,0,0,0,1,0
2318,1206770,13856,11031,-24887,0,17337,13802,-31140,0,0,0,0,1,0
2319,1207291,9543,15181,-24725,0,11942,18997,-30940,0,0,0,0,1,0
2320,1207812,4865,18748,-23612,0,6088,23462,-29551,0,0,0,0,1,0
2321,1208333,0,21593,-21593,0,0,27026,-27026,0,0,0,0,1,0
2322,1208854,-4864,23608,-18744,0,-6088,29551,-23462,0,0,0,0,1,0
2323,1209375,-9540,24715,-15176,0,-11942,30940,-18997,0,0,0,0,1,0
2324,1209895,-13848,24873,-11025,0,-17337,31140,-13802,0,0,0,0,1,0
2325,1210416,-17624,24075,-6451,0,-22066,30143,-8077,0,0,0,0,1,0
2326,1210937,-20722,22351,-1630,0,-25947,27988,-2041,0,0,0,0,1,0
2327,1211458,-23022,19770,3253,0,-28831,24758,4073,0,0,0,0,1,0
2328,1211979,-24438,16429,8009,0,-30607,20576,10031,0,0,0,0,1,0
2329,1212500,-24915,12457,12457,0,-31207,15603,15603,0,0,0,0,1,0
2330,1213020,-24434,8008,16426,0,-30607,10031,20576,0,0,0,0,1,0
2331,1213541,-23014,3251,19762,0,-28831,4073,24758,0,0,0,0,1,0
2332,1214062,-20710,-1629,22339,0,-25947,-2041,27988,0,0,0,0,1,0
2333,1214583,-17611,-6446,24057,0,-22066,-8077,30143,0,0,0,0,1,0
2334,1215104,-13835,-11014,24850,0,-17337,-13802,31140,0,0,0,0,1,0
2335,1215625,-9529,-15159,24688,0,-11942,-18997,30940,0,0,0,0,1,0
2336,1216145,-4857,-18720,23577,0,-6088,-23462,29551,0,0,0,0,1,0
2337,1216666,0,-21561,21561,0,0,-27026,27026,0,0,0,0,1,0
2338,1217187,4857,-23573,18716,0,6088,-29551,23462,0,0,0,0,1,0
2339,1217708,9526,-24678,15153,0,11942,-30940,18997,0,0,0,0,1,0
2340,1218229,13828,-24836,11008,0,17337,-31140,13802,0,0,0,0,1,0
2341,1218750,17598,-24039,6441,0,22066,-30143,8077,0,0,0,0,1,0
2342,1219270,20691,-22318,1628,0,25947,-27988,2041,0,0,0,0,1,0
2343,1219791,22988,-19740,-3248,0,28831,-24758,-4073,0,0,0,0,1,0
2344,1220312,24402,-16404,-7997,0,30607,-20576,-10031,0,0,0,0,1,0
2345,1220833,24877,-12439,-12439,0,31207,-15603,-15603,0,0,0,0,1,0
2346,1221354,24397,-7996,-16401,0,30607,-10031,-20576,0,0,0,0,1,0
2347,1221875,22979,-3247,-19733,0,28831,-4073,-24758,0,0,0,0,1,0
2348,1222395,20679,1627,-22306,0,25947,2041,-27988,0,0,0,0,1,0
2349,1222916,17584,6436,-24021,0,22066,8077,-30143,0,0,0,0,1,0
2350,1223437,13815,10998,-24813,0,17337,13802,-31140,0,0,0,0,1,0
2351,1223958,9515,15136,-24651,0,11942,18997,-30940,0,0,0,0,1,0
2352,1224479,4850,18692,-23542,0,6088,23462,-29551,0,0,0,0,1,0
2353,1225000,0,21528,-21528,0,0,27026,-27026,0,0,0,0,1,0
2354,1225520,-4849,23537,-18688,0,-6088,29551,-23462,0,0,0,0,1,0
2355,1226041,-9511,24642,-15130,0,-11942,30940,-18997,0,0,0,0,1,0
2356,1226562,-13807,24799,-10992,0,-17337,31140,-13802,0,0,0,0,1,0
2357,1227083,-17571,24003,-6432,0,-22066,30143,-8077,0,0,0,0,1,0
2358,1227604,-20660,22285,-1625,0,-25947,27988,-2041,0,0,0,0,1,0
2359,1228125,-22954,19711,3243,0,-28831,24758,4073,0,0,0,0,1,0
2360,1228645,-24365,16380,7985,0,-30607,20576,10031,0,0,0,0,1,0
2361,1229166,-24840,12420,12420,0,-31207,15603,15603,0,0,0,0,1,0
2362,1229687,-24361,7984,16377,0,-30607,10031,20576,0,0,0,0,1,0
2363,1230208,-22945,3242,19704,0,-28831,4073,24758,0,0,0,0,1,0
2364,1230729,-20648,-1624,22272,0,-25947,-2041,27988,0,0,0,0,1,0
2365,1231250,-17558,-6427,23985,0,-22066,-8077,30143,0,0,0,0,1,0
2366,1231770,-13794,-10982,24776,0,-17337,-13802,31140,0,0,0,0,1,0
2367,1232291,-9501,-15113,24614,0,-11942,-18997,30940,0,0,0,0,1,0
2368,1232812,-4843,-18664,23507,0,-6088,-23462,29551,0,0,0,0,1,0
2369,1233333,0,-21496,21496,0,0,-27026,27026,0,0,0,0,1,0
2370,1233854,4842,-23502,18660,0,6088,-29551,23462,0,0,0,0,1,0
2371,1234375,9497,-24605,15108,0,11942,-30940,18997,0,0,0,0,1,0
2372,1234895,13787,-24762,10975,0,17337,-31140,13802,0,0,0,0,1,0
2373,1235416,17545,-23967,6422,0,22066,-30143,8077,0,0,0,0,1,0
2374,1235937,20629,-22252,1623,0,25947,-27988,2041,0,0,0,0,1,0
2375,1236458,22920,-19682,-3238,0,28831,-24758,-4073,0,0,0,0,1,0
2376,1236979,24329,-16356,-7974,0,30607,-20576,-10031,0,0,0,0,1,0
2377,1237500,24804,-12402,-12402,0,31207,-15603,-15603,0,0,0,0,1,0
2378,1238020,24325,-7972,-16353,0,30607,-10031,-20576,0,0,0,0,1,0
2379,1238541,22911,-3237,-19674,0,28831,-4073,-24758,0,0,0,0,1,0
2380,1239062,20618,1622,-22239,0,25947,2041,-27988,0,0,0,0,1,0
2381,1239583,17532,6417,-23950,0,22066,8077,-30143,0,0,0,0,1,0
2382,1240104,13774,10965,-24739,0,17337,13802,-31140,0,0,0,0,1,0
2383,1240625,9487,15091,-24578,0,11942,18997,-30940,0,0,0,0,1,0
2384,1241145,4836,18636,-23472,0,6088,23462,-29551,0,0,0,0,1,0
2385,1241666,0,21465,-21465,0,0,27026,-27026,0,0,0,0,1,0
2386,1242187,-4835,23468,-18633,0,-6088,29551,-23462,0,0,0,0,1,0
2387,1242708,-9483,24569,-15085,0,-11942,30940,-18997,0,0,0,0,1,0
2388,1243229,-13766,24725,-10959,0,-17337,31140,-13802,0,0,0,0,1,0
2389,1243750,-17519,23932,-6413,0,-22066,30143,-8077,0,0,0,0,1,0
2390,1244270,-20599,22219,-1620,0,-25947,27988,-2041,0,0,0,0,1,0
2391,1244791,-22886,19653,3233,0,-28831,24758,4073,0,0,0,0,1,0
2392,1245312,-24293,16331,7962,0,-30607,20576,10031,0,0,0,0,1,0
2393,1245833,-24767,12383,12383,0,-31207,15603,15603,0,0,0,0,1,0
2394,1246354,-24289,7960,16328,0,-30607,10031,20576,0,0,0,0,1,0
2395,1246875,-22877,3232,19645,0,-28831,4073,24758,0,0,0,0,1,0
2396,1247395,-20587,-1619,22207,0,-25947,-2041,27988,0,0,0,0,1,0
2397,1247916,-17506,-6408,23914,0,-22066,-8077,30143,0,0,0,0,1,0
2398,1248437,-13753,-10949,24702,0,-17337,-13802,31140,0,0,0,0,1,0
2399,1248958,-9473,-15069,24541,0,-11942,-18997,30940,0,0,0,0,1,0
2400,1249479,-4829,-18609,23437,0,-6088,-23462,29551,0,0,0,0,1,0
2401,1250000,0,-21433,21433,0,0,-27026,27026,0,0,0,0,1,0
2402,1250520,4828,-23433,18605,0,6088,-29551,23462,0,0,0,0,1,0
2403,1251041,9469,-24532,15063,0,11942,-30940,18997,0,0,0,0,1,0
2404,1251562,13746,-24689,10943,0,17337,-31140,13802,0,0,0,0,1,0
2405,1252083,17493,-23897,6403,0,22066,-30143,8077,0,0,0,0,1,0
2406,1252604,20568,-22186,1618,0,25947,-27988,2041,0,0,0,0,1,0
2407,1253125,22852,-19624,-3229,0,28831,-24758,-4073,0,0,0,0,1,0
2408,1253645,24257,-16307,-7950,0,30607,-20576,-10031,0,0,0,0,1,0
2409,1254166,24730,-12365,-12365,0,31207,-15603,-15603,0,0,0,0,1,0
2410,1254687,24253,-7949,-16304,0,30607,-10031,-20576,0,0,0,0,1,0
2411,1255208,22844,-3227,-19616,0,28831,-4073,-24758,0,0,0,0,1,0
2412,1255729,20557,1617,-22174,0,25947,2041,-27988,0,0,0,0,1,0
2413,1256250,17481,6398,-23879,0,22066,8077,-30143,0,0,0,0,1,0
2414,1256770,13733,10933,-24666,0,17337,13802,-31140,0,0,0,0,1,0
2415,1257291,9459,15047,-24505,0,11942,18997,-30940,0,0,0,0,1,0
2416,1257812,4822,18581,-23403,0,6088,23462,-29551,0,0,0,0,1,0
2417,1258333,0,21401,-21401,0,0,27026,-27026,0,0,0,0,1,0
2418,1258854,-4821,23399,-18578,0,-6088,29551,-23462,0,0,0,0,1,0
2419,1259375,-9455,24496,-15041,0,-11942,30940,-18997,0,0,0,0,1,0
2420,1259895,-13726,24653,-10927,0,-17337,31140,-13802,0,0,0,0,1,0
2421,1260416,-17468,23861,-6394,0,-22066,30143,-8077,0,0,0,0,1,0
2422,1260937,-20538,22154,-1616,0,-25947,27988,-2041,0,0,0,0,1,0
2423,1261458,-22819,19595,3224,0,-28831,24758,4073,0,0,0,0,1,0
2424,1261979,-24222,16283,7938,0,-30607,20576,10031,0,0,0,0,1,0
2425,1262500,-24694,12347,12347,0,-31207,15603,15603,0,0,0,0,1,0
2426,1263020,-24217,7937,16280,0,-30607,10031,20576,0,0,0,0,1,0
2427,1263541,-22810,3223,19588,0,-28831,4073,24758,0,0,0,0,1,0
2428,1264062,-20527,-1615,22141,0,-25947,-2041,27988,0,0,0,0,1,0
2429,1264583,-17455,-6389,23844,0,-22066,-8077,30143,0,0,0,0,1,0
2430,1265104,-13713,-10917,24630,0,-17337,-13802,31140,0,0,0,0,1,0
2431,1265625,-9445,-15025,24469,0,-11942,-18997,30940,0,0,0,0,1,0
2432,1266145,-4814,-18554,23369,0,-6088,-23462,29551,0,0,0,0,1,0
2433,1266666,0,-21370,21370,0,0,-27026,27026,0,0,0,0,1,0
2434,1267187,4814,-23364,18551,0,6088,-29551,23462,0,0,0,0,1,0
2435,1267708,9441,-24460,15019,0,11942,-30940,18997,0,0,0,0,1,0
2436,1268229,13705,-24616,10911,0,17337,-31140,13802,0,0,0,0,1,0
2437,1268750,17442,-23826,6384,0,22066,-30143,8077,0,0,0,0,1,0
2438,1269270,20508,-22121,1613,0,25947,-27988,2041,0,0,0,0,1,0
2439,1269791,22785,-19566,-3219,0,28831,-24758,-4073,0,0,0,0,1,0
2440,1270312,24186,-16260,-7927,0,30607,-20576,-10031,0,0,0,0,1,0
2441,1270833,24658,-12329,-12329,0,31207,-15603,-15603,0,0,0,0,1,0
2442,1271354,24182,-7925,-16257,0,30607,-10031,-20576,0,0,0,0,1,0
2443,1271875,22777,-3218,-19559,0,28831,-4073,-24758,0,0,0,0,1,0
2444,1272395,20497,1612,-22109,0,25947,2041,-27988,0,0,0,0,1,0
2445,1272916,17429,6380,-23809,0,22066,8077,-30143,0,0,0,0,1,0
2446,1273437,13693,10901,-24594,0,17337,13802,-31140,0,0,0,0,1,0
2447,1273958,9431,15003,-24434,0,11942,18997,-30940,0,0,0,0,1,0
2448,1274479,4807,18527,-23334,0,6088,23462,-29551,0,0,0,0,1,0
2449,1275000,0,21339,-21339,0,0,27026,-27026,0,0,0,0,1,0
2450,1275520,-4807,23330,-18524,0,-6088,29551,-23462,0,0,0,0,1,0
2451,1276041,-9428,24425,-14997,0,-11942,30940,-18997,0,0,0,0,1,0
2452,1276562,-13685,24580,-10895,0,-17337,31140,-13802,0,0,0,0,1,0
2453,1277083,-17417,23792,-6375,0,-22066,30143,-8077,0,0,0,0,1,0
2454,1277604,-20478,22089,-1611,0,-25947,27988,-2041,0,0,0,0,1,0
2455,1278125,-22752,19537,3214,0,-28831,24758,4073,0,0,0,0,1,0
2456,1278645,-24151,16236,7915,0,-30607,20576,10031,0,0,0,0,1,0
2457,1279166,-24622,12311,12311,0,-31207,15603,15603,0,0,0,0,1,0
2458,1279687,-24147,7914,16233,0,-30607,10031,20576,0,0,0,0,1,0
2459,1280208,-22744,3213,19530,0,-28831,4073,24758,0,0,0,0,1,0
2460,1280729,-20467,-1610,22077,0,-25947,-2041,27988,0,0,0,0,1,0
2461,1281250,-17404,-6370,23774,0,-22066,-8077,30143,0,0,0,0,1,0
2462,1281770,-13673,-10885,24558,0,-17337,-13802,31140,0,0,0,0,1,0
2463,1282291,-9417,-14981,24398,0,-11942,-18997,30940,0,0,0,0,1,0
2464,1282812,-4800,-18500,23300,0,-6088,-23462,29551,0,0,0,0,1,0
2465,1283333,0,-21308,21308,0,0,-27026,27026,0,0,0,0,1,0
2466,1283854,4800,-23296,18497,0,6088,-29551,23462,0,0,0,0,1,0
2467,1284375,9414,-24389,14975,0,11942,-30940,18997,0,0,0,0,1,0
2468,1284895,13666,-24545,10879,0,17337,-31140,13802,0,0,0,0,1,0
2469,1285416,17391,-23757,6366,0,22066,-30143,8077,0,0,0,0,1,0
2470,1285937,20448,-22057,1608,0,25947,-27988,2041,0,0,0,0,1,0
2471,1286458,22719,-19509,-3210,0,28831,-24758,-4073,0,0,0,0,1,0
2472,1286979,24116,-16212,-7904,0,30607,-20576,-10031,0,0,0,0,1,0
2473,1287500,24586,-12293,-12293,0,31207,-15603,-15603,0,0,0,0,1,0
2474,1288020,24112,-7902,-16209,0,30607,-10031,-20576,0,0,0,0,1,0
2475,1288541,22711,-3209,-19502,0,28831,-4073,-24758,0,0,0,0,1,0
2476,1289062,20437,1608,-22045,0,25947,2041,-27988,0,0,0,0,1,0
2477,1289583,17379,6361,-23740,0,22066,8077,-30143,0,0,0,0,1,0
2478,1290104,13653,10869,-24522,0,17337,13802,-31140,0,0,0,0,1,0
2479,1290625,9404,14959,-24363,0,11942,18997,-30940,0,0,0,0,1,0
2480,1291145,4793,18473,-23267,0,6088,23462,-29551,0,0,0,0,1,0
2481,1291666,0,21277,-21277,0,0,27026,-27026,0,0,0,0,1,0
2482,1292187,-4793,23262,-18470,0,-6088,29551,-23462,0,0,0,0,1,0
2483,1292708,-9400,24354,-14954,0,-11942,30940,-18997,0,0,0,0,1,0
2484,1293229,-13646,24509,-10863,0,-17337,31140,-13802,0,0,0,0,1,0
2485,1293750,-17366,23723,-6356,0,-22066,30143,-8077,0,0,0,0,1,0
2486,1294270,-20419,22025,-1606,0,-25947,27988,-2041,0,0,0,0,1,0
2487,1294791,-22686,19481,3205,0,-28831,24758,4073,0,0,0,0,1,0
2488,1295312,-24081,16189,7892,0,-30607,20576,10031,0,0,0,0,1,0
2489,1295833,-24551,12275,12275,0,-31207,15603,15603,0,0,0,0,1,0
2490,1296354,-24077,7891,16186,0,-30607,10031,20576,0,0,0,0,1,0
2491,1296875,-22678,3204,19474,0,-28831,4073,24758,0,0,0,0,1,0
2492,1297395,-20407,-1605,22013,0,-25947,-2041,27988,0,0,0,0,1,0
2493,1297916,-17354,-6352,23705,0,-22066,-8077,30143,0,0,0,0,1,0
2494,1298437,-13633,-10854,24487,0,-17337,-13802,31140,0,0,0,0,1,0
2495,1298958,-9390,-14937,24327,0,-11942,-18997,30940,0,0,0,0,1,0
2496,1299479,-4787,-18446,23233,0,-6088,-23462,29551,0,0,0,0,1,0
2497,1300000,0,-21246,21246,0,0,-27026,27026,0,0,0,0,1,0
2498,1300520,4786,-23229,18443,0,6088,-29551,23462,0,0,0,0,1,0
2499,1301041,9387,-24319,14932,0,11942,-30940,18997,0,0,0,0,1,0
2500,1301562,13626,-24474,10848,0,17337,-31140,13802,0,0,0,0,1,0
2501,1302083,17341,-23688,6347,0,22066,-30143,8077,0,0,0,0,1,0
2502,1302604,20389,-21993,1604,0,25947,-27988,2041,0,0,0,0,1,0
2503,1303125,22653,-19453,-3200,0,28831,-24758,-4073,0,0,0,0,1,0
2504,1303645,24046,-16165,-7881,0,30607,-20576,-10031,0,0,0,0,1,0
2505,1304166,24515,-12258,-12258,0,31207,-15603,-15603,0,0,0,0,1,0
2506,1304687,24042,-7879,-16162,0,30607,-10031,-20576,0,0,0,0,1,0
2507,1305208,22645,-3199,-19446,0,28831,-4073,-24758,0,0,0,0,1,0
2508,1305729,20378,1603,-21981,0,25947,2041,-27988,0,0,0,0,1,0
2509,1306250,17329,6343,-23671,0,22066,8077,-30143,0,0,0,0,1,0
2510,1306770,13614,10838,-24452,0,17337,13802,-31140,0,0,0,0,1,0
2511,1307291,9376,14916,-24292,0,11942,18997,-30940,0,0,0,0,1,0
2512,1307812,4780,18420,-23199,0,6088,23462,-29551,0,0,0,0,1,0
2513,1308333,0,21215,-21215,0,0,27026,-27026,0,0,0,0,1,0
2514,1308854,-4779,23195,-18416,0,-6088,29551,-23462,0,0,0,0,1,0
2515,1309375,-9373,24283,-14910,0,-11942,30940,-18997,0,0,0,0,1,0
2516,1309895,-13606,24438,-10832,0,-17337,31140,-13802,0,0,0,0,1,0
2517,1310416,-17316,23654,-6338,0,-22066,30143,-8077,0,0,0,0,1,0
2518,1310937,-20360,21961,-1601,0,-25947,27988,-2041,0,0,0,0,1,0
2519,1311458,-22620,19425,3196,0,-28831,24758,4073,0,0,0,0,1,0
2520,1311979,-24012,16142,7869,0,-30607,20576,10031,0,0,0,0,1,0
2521,1312500,-24480,12240,12240,0,-31207,15603,15603,0,0,0,0,1,0
2522,1313020,-24007,7868,16139,0,-30607,10031,20576,0,0,0,0,1,0
2523,1313541,-22612,3195,19418,0,-28831,4073,24758,0,0,0,0,1,0
2524,1314062,-20349,-1601,21949,0,-25947,-2041,27988,0,0,0,0,1,0
2525,1314583,-17304,-6334,23637,0,-22066,-8077,30143,0,0,0,0,1,0
2526,1315104,-13594,-10822,24416,0,-17337,-13802,31140,0,0,0,0,1,0
2527,1315625,-9363,-14894,24257,0,-11942,-18997,30940,0,0,0,0,1,0
2528,1316145,-4773,-18393,23166,0,-6088,-23462,29551,0,0,0,0,1,0
2529,1316666,0,-21185,21185,0,0,-27026,27026,0,0,0,0,1,0
2530,1317187,4772,-23162,18390,0,6088,-29551,23462,0,0,0,0,1,0
2531,1317708,9360,-24249,14889,0,11942,-30940,18997,0,0,0,0,1,0
2532,1318229,13587,-24403,10816,0,17337,-31140,13802,0,0,0,0,1,0
2533,1318750,17291,-23620,6329,0,22066,-30143,8077,0,0,0,0,1,0
2534,1319270,20330,-21930,1599,0,25947,-27988,2041,0,0,0,0,1,0
2535,1319791,22588,-19397,-3191,0,28831,-24758,-4073,0,0,0,0,1,0
2536,1320312,23977,-16119,-7858,0,30607,-20576,-10031,0,0,0,0,1,0
2537,1320833,24445,-12222,-12222,0,31207,-15603,-15603,0,0,0,0,1,0
2538,1321354,23973,-7857,-16116,0,30607,-10031,-20576,0,0,0,0,1,0
2539,1321875,22580,-3190,-19390,0,28831,-4073,-24758,0,0,0,0,1,0
2540,1322395,20320,1598,-21918,0,25947,2041,-27988,0,0,0,0,1,0
2541,1322916,17279,6324,-23603,0,22066,8077,-30143,0,0,0,0,1,0
2542,1323437,13575,10807,-24381,0,17337,13802,-31140,0,0,0,0,1,0
2543,1323958,9350,14873,-24222,0,11942,18997,-30940,0,0,0,0,1,0
2544,1324479,4766,18367,-23133,0,6088,23462,-29551,0,0,0,0,1,0
2545,1325000,0,21155,-21155,0,0,27026,-27026,0,0,0,0,1,0
2546,1325520,-4765,23129,-18364,0,-6088,29551,-23462,0,0,0,0,1,0
2547,1326041,-9346,24214,-14868,0,-11942,30940,-18997,0,0,0,0,1,0
2548,1326562,-13567,24368,-10801,0,-17337,31140,-13802,0,0,0,0,1,0
2549,1327083,-17266,23586,-6320,0,-22066,30143,-8077,0,0,0,0,1,0
2550,1327604,-20301,21898,-1597,0,-25947,27988,-2041,0,0,0,0,1,0
2551,1328125,-22556,19369,3187,0,-28831,24758,4073,0,0,0,0,1,0
2552,1328645,-23943,16096,7847,0,-30607,20576,10031,0,0,0,0,1,0
2553,1329166,-24410,12205,12205,0,-31207,15603,15603,0,0,0,0,1,0
2554,1329687,-23939,7846,16093,0,-30607,10031,20576,0,0,0,0,1,0
2555,1330208,-22548,3186,19362,0,-28831,4073,24758,0,0,0,0,1,0
2556,1330729,-20290,-1596,21887,0,-25947,-2041,27988,0,0,0,0,1,0
2557,1331250,-17254,-6315,23570,0,-22066,-8077,30143,0,0,0,0,1,0
2558,1331770,-13555,-10791,24347,0,-17337,-13802,31140,0,0,0,0,1,0
2559,1332291,-9336,-14852,24188,0,-11942,-18997,30940,0,0,0,0,1,0
2560,1332812,-4759,-18341,23100,0,-6088,-23462,29551,0,0,0,0,1,0
2561,1333333,0,-21124,21124,0,0,-27026,27026,0,0,0,0,1,0
2562,1333854,4758,-23096,18337,0,6088,-29551,23462,0,0,0,0,1,0
2563,1334375,9333,-24179,14846,0,11942,-30940,18997,0,0,0,0,1,0
2564,1334895,13548,-24334,10786,0,17337,-31140,13802,0,0,0,0,1,0
2565,1335416,17242,-23553,6311,0,22066,-30143,8077,0,0,0,0,1,0
2566,1335937,20272,-21867,1595,0,25947,-27988,2041,0,0,0,0,1,0
2567,1336458,22523,-19341,-3182,0,28831,-24758,-4073,0,0,0,0,1,0
2568,1336979,23909,-16073,-7836,0,30607,-20576,-10031,0,0,0,0,1,0
2569,1337500,24375,-12187,-12187,0,31207,-15603,-15603,0,0,0,0,1,0
2570,1338020,23904,-7834,-16070,0,30607,-10031,-20576,0,0,0,0,1,0
2571,1338541,22515,-3181,-19334,0,28831,-4073,-24758,0,0,0,0,1,0
2572,1339062,20262,1594,-21855,0,25947,2041,-27988,0,0,0,0,1,0
2573,1339583,17230,6306,-23536,0,22066,8077,-30143,0,0,0,0,1,0
2574,1340104,13536,10776,-24312,0,17337,13802,-31140,0,0,0,0,1,0
2575,1340625,9323,14831,-24153,0,11942,18997,-30940,0,0,0,0,1,0
2576,1341145,4752,18315,-23067,0,6088,23462,-29551,0,0,0,0,1,0
2577,1341666,0,21094,-21094,0,0,27026,-27026,0,0,0,0,1,0
2578,1342187,-4751,23063,-18311,0,-6088,29551,-23462,0,0,0,0,1,0
2579,1342708,-9320,24145,-14825,0,-11942,30940,-18997,0,0,0,0,1,0
2580,1343229,-13529,24299,-10770,0,-17337,31140,-13802,0,0,0,0,1,0
2581,1343750,-17217,23519,-6302,0,-22066,30143,-8077,0,0,0,0,1,0
2582,1344270,-20244,21836,-1592,0,-25947,27988,-2041,0,0,0,0,1,0
2583,1344791,-22491,19314,3178,0,-28831,24758,4073,0,0,0,0,1,0
2584,1345312,-23875,16050,7825,0,-30607,20576,10031,0,0,0,0,1,0
2585,1345833,-24340,12170,12170,0,-31207,15603,15603,0,0,0,0,1,0
2586,1346354,-23870,7823,16047,0,-30607,10031,20576,0,0,0,0,1,0
2587,1346875,-22483,3176,19307,0,-28831,4073,24758,0,0,0,0,1,0
2588,1347395,-20233,-1592,21824,0,-25947,-2041,27988,0,0,0,0,1,0
2589,1347916,-17205,-6297,23503,0,-22066,-8077,30143,0,0,0,0,1,0
2590,1348437,-13517,-10761,24277,0,-17337,-13802,31140,0,0,0,0,1,0
2591,1348958,-9310,-14810,24119,0,-11942,-18997,30940,0,0,0,0,1,0
2592,1349479,-4746,-18289,23034,0,-6088,-23462,29551,0,0,0,0,1,0
2593,1350000,0,-21064,21064,0,0,-27026,27026,0,0,0,0,1,0
2594,1350520,4745,-23030,18285,0,6088,-29551,23462,0,0,0,0,1,0
2595,1351041,9306,-24111,14804,0,11942,-30940,18997,0,0,0,0,1,0
2596,1351562,13510,-24264,10755,0,17337,-31140,13802,0,0,0,0,1,0
2597,1352083,17193,-23486,6293,0,22066,-30143,8077,0,0,0,0,1,0
2598,1352604,20215,-21805,1590,0,25947,-27988,2041,0,0,0,0,1,0
2599,1353125,22460,-19286,-3173,0,28831,-24758,-4073,0,0,0,0,1,0
2600,1353645,23841,-16027,-7814,0,30607,-20576,-10031,0,0,0,0,1,0
2601,1354166,24306,-12153,-12153,0,31207,-15603,-15603,0,0,0,0,1,0
2602,1354687,23837,-7812,-16024,0,30607,-10031,-20576,0,0,0,0,1,0
2603,1355208,22452,-3172,-19280,0,28831,-4073,-24758,0,0,0,0,1,0
2604,1355729,20204,1589,-21793,0,25947,2041,-27988,0,0,0,0,1,0
2605,1356250,17181,6289,-23469,0,22066,8077,-30143,0,0,0,0,1,0
2606,1356770,13498,10745,-24243,0,17337,13802,-31140,0,0,0,0,1,0
2607,1357291,9296,14789,-24085,0,11942,18997,-30940,0,0,0,0,1,0
2608,1357812,4739,18263,-23002,0,6088,23462,-29551,0,0,0,0,1,0
2609,1358333,0,21035,-21035,0,0,27026,-27026,0,0,0,0,1,0
2610,1358854,-4738,22998,-18260,0,-6088,29551,-23462,0,0,0,0,1,0
2611,1359375,-9293,24077,-14783,0,-11942,30940,-18997,0,0,0,0,1,0
2612,1359895,-13490,24230,-10740,0,-17337,31140,-13802,0,0,0,0,1,0
2613,1360416,-17169,23453,-6284,0,-22066,30143,-8077,0,0,0,0,1,0
2614,1360937,-20186,21774,-1588,0,-25947,27988,-2041,0,0,0,0,1,0
2615,1361458,-22428,19259,3169,0,-28831,24758,4073,0,0,0,0,1,0
2616,1361979,-23807,16005,7802,0,-30607,20576,10031,0,0,0,0,1,0
2617,1362500,-24271,12136,12136,0,-31207,15603,15603,0,0,0,0,1,0
2618,1363020,-23803,7801,16002,0,-30607,10031,20576,0,0,0,0,1,0
2619,1363541,-22420,3168,19252,0,-28831,4073,24758,0,0,0,0,1,0
2620,1364062,-20176,-1587,21763,0,-25947,-2041,27988,0,0,0,0,1,0
2621,1364583,-17156,-6280,23436,0,-22066,-8077,30143,0,0,0,0,1,0
2622,1365104,-13479,-10730,24209,0,-17337,-13802,31140,0,0,0,0,1,0
2623,1365625,-9283,-14768,24051,0,-11942,-18997,30940,0,0,0,0,1,0
2624,1366145,-4732,-18237,22969,0,-6088,-23462,29551,0,0,0,0,1,0
2625,1366666,0,-21005,21005,0,0,-27026,27026,0,0,0,0,1,0
2626,1367187,4731,-22965,18234,0,6088,-29551,23462,0,0,0,0,1,0
2627,1367708,9280,-24043,14763,0,11942,-30940,18997,0,0,0,0,1,0
2628,1368229,13471,-24196,10725,0,17337,-31140,13802,0,0,0,0,1,0
2629,1368750,17144,-23420,6275,0,22066,-30143,8077,0,0,0,0,1,0
2630,1369270,20158,-21744,1586,0,25947,-27988,2041,0,0,0,0,1,0
2631,1369791,22396,-19232,-3164,0,28831,-24758,-4073,0,0,0,0,1,0
2632,1370312,23774,-15982,-7792,0,30607,-20576,-10031,0,0,0,0,1,0
2633,1370833,24237,-12119,-12119,0,31207,-15603,-15603,0,0,0,0,1,0
2634,1371354,23770,-7790,-15979,0,30607,-10031,-20576,0,0,0,0,1,0
2635,1371875,22388,-3163,-19225,0,28831,-4073,-24758,0,0,0,0,1,0
2636,1372395,20147,1585,-21732,0,25947,2041,-27988,0,0,0,0,1,0
2637,1372916,17132,6271,-23403,0,22066,8077,-30143,0,0,0,0,1,0
2638,1373437,13460,10715,-24175,0,17337,13802,-31140,0,0,0,0,1,0
2639,1373958,9270,14747,-24017,0,11942,18997,-30940,0,0,0,0,1,0
2640,1374479,4726,18211,-22937,0,6088,23462,-29551,0,0,0,0,1,0
2641,1375000,0,20975,-20975,0,0,27026,-27026,0,0,0,0,1,0
2642,1375520,-4725,22933,-18208,0,-6088,29551,-23462,0,0,0,0,1,0
2643,1376041,-9267,24009,-14742,0,-11942,30940,-18997,0,0,0,0,1,0
2644,1376562,-13453,24162,-10710,0,-17337,31140,-13802,0,0,0,0,1,0
2645,1377083,-17120,23387,-6266,0,-22066,30143,-8077,0,0,0,0,1,0
2646,1377604,-20130,21713,-1583,0,-25947,27988,-2041,0,0,0,0,1,0
2647,1378125,-22365,19205,3160,0,-28831,24758,4073,0,0,0,0,1,0
2648,1378645,-23740,15960,7781,0,-30607,20576,10031,0,0,0,0,1,0
2649,1379166,-24203,12102,12102,0,-31207,15603,15603,0,0,0,0,1,0
2650,1379687,-23736,7779,15957,0,-30607,10031,20576,0,0,0,0,1,0
2651,1380208,-22357,3159,19198,0,-28831,4073,24758,0,0,0,0,1,0
2652,1380729,-20119,-1583,21702,0,-25947,-2041,27988,0,0,0,0,1,0
2653,1381250,-17108,-6262,23370,0,-22066,-8077,30143,0,0,0,0,1,0
2654,1381770,-13441,-10700,24141,0,-17337,-13802,31140,0,0,0,0,1,0
2655,1382291,-9257,-14726,23984,0,-11942,-18997,30940,0,0,0,0,1,0
2656,1382812,-4719,-18186,22905,0,-6088,-23462,29551,0,0,0,0,1,0
2657,1383333,0,-20946,20946,0,0,-27026,27026,0,0,0,0,1,0
2658,1383854,4718,-22901,18183,0,6088,-29551,23462,0,0,0,0,1,0
2659,1384375,9254,-23975,14721,0,11942,-30940,18997,0,0,0,0,1,0
2660,1384895,13434,-24128,10695,0,17337,-31140,13802,0,0,0,0,1,0
2661,1385416,17096,-23354,6258,0,22066,-30143,8077,0,0,0,0,1,0
2662,1385937,20101,-21683,1581,0,25947,-27988,2041,0,0,0,0,1,0
2663,1386458,22334,-19178,-3155,0,28831,-24758,-4073,0,0,0,0,1,0
2664,1386979,23707,-15937,-7770,0,30607,-20576,-10031,0,0,0,0,1,0
2665,1387500,24169,-12085,-12085,0,31207,-15603,-15603,0,0,0,0,1,0
2666,1388020,23703,-7768,-15935,0,30607,-10031,-20576,0,0,0,0,1,0
2667,1388541,22326,-3154,-19172,0,28831,-4073,-24758,0,0,0,0,1,0
2668,1389062,20091,1580,-21671,0,25947,2041,-27988,0,0,0,0,1,0
2669,1389583,17084,6253,-23338,0,22066,8077,-30143,0,0,0,0,1,0
2670,1390104,13422,10685,-24107,0,17337,13802,-31140,0,0,0,0,1,0
2671,1390625,9244,14706,-23950,0,11942,18997,-30940,0,0,0,0,1,0
2672,1391145,4712,18161,-22873,0,6088,23462,-29551,0,0,0,0,1,0
2673,1391666,0,20917,-20917,0,0,27026,-27026,0,0,0,0,1,0
2674,1392187,-4712,22869,-18157,0,-6088,29551,-23462,0,0,0,0,1,0
2675,1392708,-9241,23942,-14701,0,-11942,30940,-18997,0,0,0,0,1,0
2676,1393229,-13415,24095,-10680,0,-17337,31140,-13802,0,0,0,0,1,0
2677,1393750,-17073,23322,-6249,0,-22066,30143,-8077,0,0,0,0,1,0
2678,1394270,-20073,21652,-1579,0,-25947,27988,-2041,0,0,0,0,1,0
2679,1394791,-22302,19152,3151,0,-28831,24758,4073,0,0,0,0,1,0
2680,1395312,-23674,15915,7759,0,-30607,20576,10031,0,0,0,0,1,0
2681,1395833,-24136,12068,12068,0,-31207,15603,15603,0,0,0,0,1,0
2682,1396354,-23670,7758,15912,0,-30607,10031,20576,0,0,0,0,1,0
2683,1396875,-22295,3150,19145,0,-28831,4073,24758,0,0,0,0,1,0
2684,1397395,-20063,-1578,21641,0,-25947,-2041,27988,0,0,0,0,1,0
2685,1397916,-17061,-6245,23305,0,-22066,-8077,30143,0,0,0,0,1,0
2686,1398437,-13403,-10670,24074,0,-17337,-13802,31140,0,0,0,0,1,0
2687,1398958,-9232,-14685,23917,0,-11942,-18997,30940,0,0,0,0,1,0
2688,1399479,-4706,-18135,22841,0,-6088,-23462,29551,0,0,0,0,1,0
2689,1400000,0,-20888,20888,0,0,-27026,27026,0,0,0,0,1,0
2690,1400520,4705,-22837,18132,0,6088,-29551,23462,0,0,0,0,1,0
2691,1401041,9228,-23909,14680,0,11942,-30940,18997,0,0,0,0,1,0
2692,1401562,13396,-24061,10665,0,17337,-31140,13802,0,0,0,0,1,0
2693,1402083,17049,-23289,6240,0,22066,-30143,8077,0,0,0,0,1,0
2694,1402604,20046,-21622,1577,0,25947,-27988,2041,0,0,0,0,1,0
2695,1403125,22272,-19125,-3147,0,28831,-24758,-4073,0,0,0,0,1,0
2696,1403645,23641,-15893,-7748,0,30607,-20576,-10031,0,0,0,0,1,0
2697,1404166,24102,-12051,-12051,0,31207,-15603,-15603,0,0,0,0,1,0
2698,1404687,23637,-7747,-15890,0,30607,-10031,-20576,0,0,0,0,1,0
2699,1405208,22264,-3145,-19118,0,28831,-4073,-24758,0,0,0,0,1,0
2700,1405729,20035,1576,-21611,0,25947,2041,-27988,0,0,0,0,1,0
2701,1406250,17037,6236,-23273,0,22066,8077,-30143,0,0,0,0,1,0
2702,1406770,13385,10656,-24040,0,17337,13802,-31140,0,0,0,0,1,0
2703,1407291,9219,14665,-23884,0,11942,18997,-30940,0,0,0,0,1,0
2704,1407812,4699,18110,-22809,0,6088,23462,-29551,0,0,0,0,1,0
2705,1408333,0,20859,-20859,0,0,27026,-27026,0,0,0,0,1,0
2706,1408854,-4698,22805,-18107,0,-6088,29551,-23462,0,0,0,0,1,0
2707,1409375,-9216,23875,-14660,0,-11942,30940,-18997,0,0,0,0,1,0
2708,1409895,-13378,24028,-10650,0,-17337,31140,-13802,0,0,0,0,1,0
2709,1410416,-17025,23257,-6232,0,-22066,30143,-8077,0,0,0,0,1,0
2710,1410937,-20018,21592,-1575,0,-25947,27988,-2041,0,0,0,0,1,0
2711,1411458,-22241,19099,3142,0,-28831,24758,4073,0,0,0,0,1,0
2712,1411979,-23609,15871,7737,0,-30607,20576,10031,0,0,0,0,1,0
2713,1412500,-24069,12034,12034,0,-31207,15603,15603,0,0,0,0,1,0
2714,1413020,-23604,7736,15868,0,-30607,10031,20576,0,0,0,0,1,0
2715,1413541,-22233,3141,19092,0,-28831,4073,24758,0,0,0,0,1,0
2716,1414062,-20007,-1574,21581,0,-25947,-2041,27988,0,0,0,0,1,0
2717,1414583,-17013,-6227,23241,0,-22066,-8077,30143,0,0,0,0,1,0
2718,1415104,-13366,-10641,24007,0,-17337,-13802,31140,0,0,0,0,1,0
2719,1415625,-9206,-14645,23851,0,-11942,-18997,30940,0,0,0,0,1,0
2720,1416145,-4693,-18085,22778,0,-6088,-23462,29551,0,0,0,0,1,0
2721,1416666,0,-20830,20830,0,0,-27026,27026,0,0,0,0,1,0
2722,1417187,4692,-22774,18082,0,6088,-29551,23462,0,0,0,0,1,0
2723,1417708,9203,-23842,14640,0,11942,-30940,18997,0,0,0,0,1,0
2724,1418229,13359,-23995,10635,0,17337,-31140,13802,0,0,0,0,1,0
2725,1418750,17002,-23225,6223,0,22066,-30143,8077,0,0,0,0,1,0
2726,1419270,19990,-21563,1572,0,25947,-27988,2041,0,0,0,0,1,0
2727,1419791,22210,-19072,-3138,0,28831,-24758,-4073,0,0,0,0,1,0
2728,1420312,23576,-15849,-7727,0,30607,-20576,-10031,0,0,0,0,1,0
2729,1420833,24036,-12018,-12018,0,31207,-15603,-15603,0,0,0,0,1,0
2730,1421354,23572,-7725,-15847,0,30607,-10031,-20576,0,0,0,0,1,0
2731,1421875,22202,-3137,-19066,0,28831,-4073,-24758,0,0,0,0,1,0
2732,1422395,19980,1572,-21551,0,25947,2041,-27988,0,0,0,0,1,0
2733,1422916,16990,6219,-23209,0,22066,8077,-30143,0,0,0,0,1,0
2734,1423437,13348,10626,-23974,0,17337,13802,-31140,0,0,0,0,1,0
2735,1423958,9193,14625,-23818,0,11942,18997,-30940,0,0,0,0,1,0
2736,1424479,4686,18060,-22747,0,6088,23462,-29551,0,0,0,0,1,0
2737,1425000,0,20801,-20801,0,0,27026,-27026,0,0,0,0,1,0
2738,1425520,-4686,22743,-18057,0,-6088,29551,-23462,0,0,0,0,1,0
2739,1426041,-9190,23810,-14619,0,-11942,30940,-18997,0,0,0,0,1,0
2740,1426562,-13341,23962,-10621,0,-17337,31140,-13802,0,0,0,0,1,0
2741,1427083,-16978,23193,-6215,0,-22066,30143,-8077,0,0,0,0,1,0
2742,1427604,-19963,21533,-1570,0,-25947,27988,-2041,0,0,0,0,1,0
2743,1428125,-22179,19046,3134,0,-28831,24758,4073,0,0,0,0,1,0
2744,1428645,-23544,15827,7716,0,-30607,20576,10031,0,0,0,0,1,0
2745,1429166,-24003,12001,12001,0,-31207,15603,15603,0,0,0,0,1,0
2746,1429687,-23540,7715,15825,0,-30607,10031,20576,0,0,0,0,1,0
2747,1430208,-22172,3132,19039,0,-28831,4073,24758,0,0,0,0,1,0
2748,1430729,-19952,-1569,21522,0,-25947,-2041,27988,0,0,0,0,1,0
2749,1431250,-16967,-6210,23177,0,-22066,-8077,30143,0,0,0,0,1,0
2750,1431770,-13330,-10612,23941,0,-17337,-13802,31140,0,0,0,0,1,0
2751,1432291,-9181,-14604,23785,0,-11942,-18997,30940,0,0,0,0,1,0
2752,1432812,-4680,-18035,22715,0,-6088,-23462,29551,0,0,0,0,1,0
2753,1433333,0,-20773,20773,0,0,-27026,27026,0,0,0,0,1,0
2754,1433854,4679,-22711,18032,0,6088,-29551,23462,0,0,0,0,1,0
2755,1434375,9178,-23777,14599,0,11942,-30940,18997,0,0,0,0,1,0
2756,1434895,13323,-23929,10606,0,17337,-31140,13802,0,0,0,0,1,0
2757,1435416,16955,-23161,6206,0,22066,-30143,8077,0,0,0,0,1,0
2758,1435937,19935,-21503,1568,0,25947,-27988,2041,0,0,0,0,1,0
2759,1436458,22149,-19020,-3129,0,28831,-24758,-4073,0,0,0,0,1,0
2760,1436979,23511,-15806,-7706,0,30607,-20576,-10031,0,0,0,0,1,0
2761,1437500,23970,-11985,-11985,0,31207,-15603,-15603,0,0,0,0,1,0
2762,1438020,23507,-7704,-15803,0,30607,-10031,-20576,0,0,0,0,1,0
2763,1438541,22142,-3128,-19013,0,28831,-4073,-24758,0,0,0,0,1,0
2764,1439062,19925,1567,-21492,0,25947,2041,-27988,0,0,0,0,1,0
2765,1439583,16943,6202,-23145,0,22066,8077,-30143,0,0,0,0,1,0
2766,1440104,13311,10597,-23908,0,17337,13802,-31140,0,0,0,0,1,0
2767,1440625,9168,14584,-23753,0,11942,18997,-30940,0,0,0,0,1,0
2768,1441145,4673,18011,-22684,0,6088,23462,-29551,0,0,0,0,1,0
2769,1441666,0,20744,-20744,0,0,27026,-27026,0,0,0,0,1,0
2770,1442187,-4673,22680,-18008,0,-6088,29551,-23462,0,0,0,0,1,0
2771,1442708,-9165,23745,-14579,0,-11942,30940,-18997,0,0,0,0,1,0
2772,1443229,-13304,23896,-10592,0,-17337,31140,-13802,0,0,0,0,1,0
2773,1443750,-16932,23129,-6198,0,-22066,30143,-8077,0,0,0,0,1,0
2774,1444270,-19908,21474,-1566,0,-25947,27988,-2041,0,0,0,0,1,0
2775,1444791,-22119,18994,3125,0,-28831,24758,4073,0,0,0,0,1,0
2776,1445312,-23479,15784,7695,0,-30607,20576,10031,0,0,0,0,1,0
2777,1445833,-23937,11969,11969,0,-31207,15603,15603,0,0,0,0,1,0
2778,1446354,-23475,7694,15782,0,-30607,10031,20576,0,0,0,0,1,0
2779,1446875,-22111,3124,18987,0,-28831,4073,24758,0,0,0,0,1,0
2780,1447395,-19898,-1565,21463,0,-25947,-2041,27988,0,0,0,0,1,0
2781,1447916,-16920,-6193,23114,0,-22066,-8077,30143,0,0,0,0,1,0
2782,1448437,-13293,-10583,23876,0,-17337,-13802,31140,0,0,0,0,1,0
2783,1448958,-9156,-14565,23720,0,-11942,-18997,30940,0,0,0,0,1,0
2784,1449479,-4667,-17986,22653,0,-6088,-23462,29551,0,0,0,0,1,0
2785,1450000,0,-20716,20716,0,0,-27026,27026,0,0,0,0,1,0
2786,1450520,4666,-22649,17983,0,6088,-29551,23462,0,0,0,0,1,0
2787,1451041,9153,-23712,14560,0,11942,-30940,18997,0,0,0,0,1,0
2788,1451562,13286,-23864,10577,0,17337,-31140,13802,0,0,0,0,1,0
2789,1452083,16909,-23098,6189,0,22066,-30143,8077,0,0,0,0,1,0
2790,1452604,19881,-21445,1564,0,25947,-27988,2041,0,0,0,0,1,0
2791,1453125,22089,-18968,-3121,0,28831,-24758,-4073,0,0,0,0,1,0
2792,1453645,23447,-15763,-7685,0,30607,-20576,-10031,0,0,0,0,1,0
2793,1454166,23905,-11952,-11952,0,31207,-15603,-15603,0,0,0,0,1,0
2794,1454687,23443,-7683,-15760,0,30607,-10031,-20576,0,0,0,0,1,0
2795,1455208,22081,-3120,-18962,0,28831,-4073,-24758,0,0,0,0,1,0
2796,1455729,19871,1563,-21434,0,25947,2041,-27988,0,0,0,0,1,0
2797,1456250,16897,6185,-23082,0,22066,8077,-30143,0,0,0,0,1,0
2798,1456770,13275,10568,-23843,0,17337,13802,-31140,0,0,0,0,1,0
2799,1457291,9143,14545,-23688,0,11942,18997,-30940,0,0,0,0,1,0
2800,1457812,4661,17962,-22623,0,6088,23462,-29551,0,0,0,0,1,0
2801,1458333,0,20688,-20688,0,0,27026,-27026,0,0,0,0,1,0
2802,1458854,-4660,22619,-17959,0,-6088,29551,-23462,0,0,0,0,1,0
2803,1459375,-9140,23680,-14540,0,-11942,30940,-18997,0,0,0,0,1,0
2804,1459895,-13268,23831,-10563,0,-17337,31140,-13802,0,0,0,0,1,0
2805,1460416,-16886,23067,-6181,0,-22066,30143,-8077,0,0,0,0,1,0
2806,1460937,-19854,21416,-1562,0,-25947,27988,-2041,0,0,0,0,1,0
2807,1461458,-22059,18942,3116,0,-28831,24758,4073,0,0,0,0,1,0
2808,1461979,-23415,15741,7674,0,-30607,20576,10031,0,0,0,0,1,0
2809,1462500,-23872,11936,11936,0,-31207,15603,15603,0,0,0,0,1,0
2810,1463020,-23412,7673,15739,0,-30607,10031,20576,0,0,0,0,1,0
2811,1463541,-22051,3115,18936,0,-28831,4073,24758,0,0,0,0,1,0
2812,1464062,-19844,-1561,21405,0,-25947,-2041,27988,0,0,0,0,1,0
2813,1464583,-16874,-6176,23051,0,-22066,-8077,30143,0,0,0,0,1,0
2814,1465104,-13257,-10554,23811,0,-17337,-13802,31140,0,0,0,0,1,0
2815,1465625,-9131,-14525,23656,0,-11942,-18997,30940,0,0,0,0,1,0
2816,1466145,-4654,-17937,22592,0,-6088,-23462,29551,0,0,0,0,1,0
2817,1466666,0,-20660,20660,0,0,-27026,27026,0,0,0,0,1,0
2818,1467187,4654,-22588,17934,0,6088,-29551,23462,0,0,0,0,1,0
2819,1467708,9128,-23648,14520,0,11942,-30940,18997,0,0,0,0,1,0
2820,1468229,13250,-23799,10549,0,17337,-31140,13802,0,0,0,0,1,0
2821,1468750,16863,-23035,6172,0,22066,-30143,8077,0,0,0,0,1,0
2822,1469270,19827,-21387,1560,0,25947,-27988,2041,0,0,0,0,1,0
2823,1469791,22029,-18917,-3112,0,28831,-24758,-4073,0,0,0,0,1,0
2824,1470312,23384,-15720,-7664,0,30607,-20576,-10031,0,0,0,0,1,0
2825,1470833,23840,-11920,-11920,0,31207,-15603,-15603,0,0,0,0,1,0
2826,1471354,23380,-7662,-15717,0,30607,-10031,-20576,0,0,0,0,1,0
2827,1471875,22022,-3111,-18910,0,28831,-4073,-24758,0,0,0,0,1,0
2828,1472395,19817,1559,-21376,0,25947,2041,-27988,0,0,0,0,1,0
2829,1472916,16852,6168,-23020,0,22066,8077,-30143,0,0,0,0,1,0
2830,1473437,13239,10540,-23779,0,17337,13802,-31140,0,0,0,0,1,0
2831,1473958,9119,14505,-23624,0,11942,18997,-30940,0,0,0,0,1,0
2832,1474479,4648,17913,-22561,0,6088,23462,-29551,0,0,0,0,1,0
2833,1475000,0,20632,-20632,0,0,27026,-27026,0,0,0,0,1,0
2834,1475520,-4647,22558,-17910,0,-6088,29551,-23462,0,0,0,0,1,0
2835,1476041,-9115,23616,-14501,0,-11942,30940,-18997,0,0,0,0,1,0
2836,1476562,-13232,23767,-10534,0,-17337,31140,-13802,0,0,0,0,1,0
2837,1477083,-16840,23004,-6164,0,-22066,30143,-8077,0,0,0,0,1,0
2838,1477604,-19800,21358,-1557,0,-25947,27988,-2041,0,0,0,0,1,0
2839,1478125,-21999,18891,3108,0,-28831,24758,4073,0,0,0,0,1,0
2840,1478645,-23352,15699,7653,0,-30607,20576,10031,0,0,0,0,1,0
2841,1479166,-23808,11904,11904,0,-31207,15603,15603,0,0,0,0,1,0
2842,1479687,-23348,7652,15696,0,-30607,10031,20576,0,0,0,0,1,0
2843,1480208,-21992,3107,18885,0,-28831,4073,24758,0,0,0,0,1,0
2844,1480729,-19791,-1557,21347,0,-25947,-2041,27988,0,0,0,0,1,0
2845,1481250,-16829,-6160,22989,0,-22066,-8077,30143,0,0,0,0,1,0
2846,1481770,-13221,-10526,23747,0,-17337,-13802,31140,0,0,0,0,1,0
2847,1482291,-9106,-14486,23592,0,-11942,-18997,30940,0,0,0,0,1,0
2848,1482812,-4642,-17889,22531,0,-6088,-23462,29551,0,0,0,0,1,0
2849,1483333,0,-20604,20604,0,0,-27026,27026,0,0,0,0,1,0
2850,1483854,4641,-22527,17886,0,6088,-29551,23462,0,0,0,0,1,0
2851,1484375,9103,-23584,14481,0,11942,-30940,18997,0,0,0,0,1,0
2852,1484895,13215,-23735,10520,0,17337,-31140,13802,0,0,0,0,1,0
2853,1485416,16818,-22973,6156,0,22066,-30143,8077,0,0,0,0,1,0
2854,1485937,19774,-21329,1555,0,25947,-27988,2041,0,0,0,0,1,0
2855,1486458,21970,-18866,-3104,0,28831,-24758,-4073,0,0,0,0,1,0
2856,1486979,23321,-15678,-7643,0,30607,-20576,-10031,0,0,0,0,1,0
2857,1487500,23776,-11888,-11888,0,31207,-15603,-15603,0,0,0,0,1,0
2858,1488020,23317,-7642,-15675,0,30607,-10031,-20576,0,0,0,0,1,0
2859,1488541,21962,-3103,-18860,0,28831,-4073,-24758,0,0,0,0,1,0
2860,1489062,19764,1555,-21319,0,25947,2041,-27988,0,0,0,0,1,0
2861,1489583,16806,6152,-22958,0,22066,8077,-30143,0,0,0,0,1,0
2862,1490104,13204,10511,-23715,0,17337,13802,-31140,0,0,0,0,1,0
2863,1490625,9094,14467,-23561,0,11942,18997,-30940,0,0,0,0,1,0
2864,1491145,4636,17865,-22501,0,6088,23462,-29551,0,0,0,0,1,0
2865,1491666,0,20577,-20577,0,0,27026,-27026,0,0,0,0,1,0
2866,1492187,-4635,22497,-17862,0,-6088,29551,-23462,0,0,0,0,1,0
2867,1492708,-9091,23553,-14462,0,-11942,30940,-18997,0,0,0,0,1,0
2868,1493229,-13197,23703,-10506,0,-17337,31140,-13802,0,0,0,0,1,0
2869,1493750,-16795,22943,-6147,0,-22066,30143,-8077,0,0,0,0,1,0
2870,1494270,-19747,21301,-1553,0,-25947,27988,-2041,0,0,0,0,1,0
2871,1494791,-21940,18841,3100,0,-28831,24758,4073,0,0,0,0,1,0
2872,1495312,-23290,15657,7633,0,-30607,20576,10031,0,0,0,0,1,0
2873,1495833,-23744,11872,11872,0,-31207,15603,15603,0,0,0,0,1,0
2874,1496354,-23286,7632,15654,0,-30607,10031,20576,0,0,0,0,1,0
2875,1496875,-21933,3099,18834,0,-28831,4073,24758,0,0,0,0,1,0
2876,1497395,-19738,-1553,21290,0,-25947,-2041,27988,0,0,0,0,1,0
2877,1497916,-16784,-6143,22927,0,-22066,-8077,30143,0,0,0,0,1,0
2878,1498437,-13186,-10497,23683,0,-17337,-13802,31140,0,0,0,0,1,0
2879,1498958,-9082,-14447,23529,0,-11942,-18997,30940,0,0,0,0,1,0
2880,1499479,-4630,-17841,22471,0,-6088,-23462,29551,0,0,0,0,1,0
2881,1500000,0,-20549,20549,0,0,-27026,27026,0,0,0,0,1,0
2882,1500520,4629,-22467,17838,0,6088,-29551,23462,0,0,0,0,1,0
2883,1501041,9079,-23521,14442,0,11942,-30940,18997,0,0,0,0,1,0
2884,1501562,13179,-23672,10492,0,17337,-31140,13802,0,0,0,0,1,0
2885,1502083,16773,-22912,6139,0,22066,-30143,8077,0,0,0,0,1,0
2886,1502604,19721,-21272,1551,0,25947,-27988,2041,0,0,0,0,1,0
2887,1503125,21911,-18815,-3096,0,28831,-24758,-4073,0,0,0,0,1,0
2888,1503645,23259,-15636,-7623,0,30607,-20576,-10031,0,0,0,0,1,0
2889,1504166,23712,-11856,-11856,0,31207,-15603,-15603,0,0,0,0,1,0
2890,1504687,23255,-7621,-15633,0,30607,-10031,-20576,0,0,0,0,1,0
2891,1505208,21904,-3095,-18809,0,28831,-4073,-24758,0,0,0,0,1,0
2892,1505729,19711,1550,-21262,0,25947,2041,-27988,0,0,0,0,1,0
2893,1506250,16762,6135,-22897,0,22066,8077,-30143,0,0,0,0,1,0
2894,1506770,13168,10483,-23652,0,17337,13802,-31140,0,0,0,0,1,0
2895,1507291,9070,14428,-23498,0,11942,18997,-30940,0,0,0,0,1,0
2896,1507812,4623,17818,-22441,0,6088,23462,-29551,0,0,0,0,1,0
2897,1508333,0,20522,-20522,0,0,27026,-27026,0,0,0,0,1,0
2898,1508854,-4623,22437,-17815,0,-6088,29551,-23462,0,0,0,0,1,0
2899,1509375,-9067,23490,-14423,0,-11942,30940,-18997,0,0,0,0,1,0
2900,1509895,-13162,23640,-10478,0,-17337,31140,-13802,0,0,0,0,1,0
2901,1510416,-16751,22882,-6131,0,-22066,30143,-8077,0,0,0,0,1,0
2902,1510937,-19695,21244,-1549,0,-25947,27988,-2041,0,0,0,0,1,0
2903,1511458,-21882,18790,3091,0,-28831,24758,4073,0,0,0,0,1,0
2904,1511979,-23228,15615,7613,0,-30607,20576,10031,0,0,0,0,1,0
2905,1512500,-23681,11840,11840,0,-31207,15603,15603,0,0,0,0,1,0
2906,1513020,-23224,7611,15613,0,-30607,10031,20576,0,0,0,0,1,0
2907,1513541,-21875,3090,18784,0,-28831,4073,24758,0,0,0,0,1,0
2908,1514062,-19685,-1548,21233,0,-25947,-2041,27988,0,0,0,0,1,0
2909,1514583,-16739,-6127,22866,0,-22066,-8077,30143,0,0,0,0,1,0
2910,1515104,-13151,-10469,23620,0,-17337,-13802,31140,0,0,0,0,1,0
2911,1515625,-9058,-14409,23467,0,-11942,-18997,30940,0,0,0,0,1,0
2912,1516145,-4617,-17794,22411,0,-6088,-23462,29551,0,0,0,0,1,0
2913,1516666,0,-20495,20495,0,0,-27026,27026,0,0,0,0,1,0
2914,1517187,4616,-22407,17791,0,6088,-29551,23462,0,0,0,0,1,0
2915,1517708,9055,-23459,14404,0,11942,-30940,18997,0,0,0,0,1,0
2916,1518229,13144,-23609,10464,0,17337,-31140,13802,0,0,0,0,1,0
2917,1518750,16728,-22851,6123,0,22066,-30143,8077,0,0,0,0,1,0
2918,1519270,19669,-21216,1547,0,25947,-27988,2041,0,0,0,0,1,0
2919,1519791,21853,-18766,-3087,0,28831,-24758,-4073,0,0,0,0,1,0
2920,1520312,23197,-15595,-7603,0,30607,-20576,-10031,0,0,0,0,1,0
2921,1520833,23650,-11825,-11825,0,31207,-15603,-15603,0,0,0,0,1,0
2922,1521354,23193,-7601,-15592,0,30607,-10031,-20576,0,0,0,0,1,0
2923,1521875,21846,-3086,-18759,0,28831,-4073,-24758,0,0,0,0,1,0
2924,1522395,19659,1546,-21205,0,25947,2041,-27988,0,0,0,0,1,0
2925,1522916,16717,6119,-22836,0,22066,8077,-30143,0,0,0,0,1,0
2926,1523437,13134,10456,-23589,0,17337,13802,-31140,0,0,0,0,1,0
2927,1523958,9046,14390,-23436,0,11942,18997,-30940,0,0,0,0,1,0
2928,1524479,4611,17770,-22382,0,6088,23462,-29551,0,0,0,0,1,0
2929,1525000,0,20468,-20468,0,0,27026,-27026,0,0,0,0,1,0
2930,1525520,-4610,22378,-17767,0,-6088,29551,-23462,0,0,0,0,1,0
2931,1526041,-9043,23428,-14385,0,-11942,30940,-18997,0,0,0,0,1,0
2932,1526562,-13127,23578,-10450,0,-17337,31140,-13802,0,0,0,0,1,0
2933,1527083,-16706,22821,-6115,0,-22066,30143,-8077,0,0,0,0,1,0
2934,1527604,-19643,21188,-1545,0,-25947,27988,-2041,0,0,0,0,1,0
2935,1528125,-21824,18741,3083,0,-28831,24758,4073,0,0,0,0,1,0
2936,1528645,-23166,15574,7593,0,-30607,20576,10031,0,0,0,0,1,0
2937,1529166,-23618,11809,11809,0,-31207,15603,15603,0,0,0,0,1,0
2938,1529687,-23163,7591,15571,0,-30607,10031,20576,0,0,0,0,1,0
2939,1530208,-21817,3082,18735,0,-28831,4073,24758,0,0,0,0,1,0
2940,1530729,-19633,-1544,21177,0,-25947,-2041,27988,0,0,0,0,1,0
2941,1531250,-16695,-6111,22806,0,-22066,-8077,30143,0,0,0,0,1,0
2942,1531770,-13116,-10442,23558,0,-17337,-13802,31140,0,0,0,0,1,0
2943,1532291,-9034,-14371,23405,0,-11942,-18997,30940,0,0,0,0,1,0
2944,1532812,-4605,-17747,22352,0,-6088,-23462,29551,0,0,0,0,1,0
2945,1533333,0,-20441,20441,0,0,-27026,27026,0,0,0,0,1,0
2946,1533854,4604,-22348,17744,0,6088,-29551,23462,0,0,0,0,1,0
2947,1534375,9031,-23397,14366,0,11942,-30940,18997,0,0,0,0,1,0
2948,1534895,13110,-23546,10437,0,17337,-31140,13802,0,0,0,0,1,0
2949,1535416,16684,-22791,6107,0,22066,-30143,8077,0,0,0,0,1,0
2950,1535937,19617,-21160,1543,0,25947,-27988,2041,0,0,0,0,1,0
2951,1536458,21795,-18716,-3079,0,28831,-24758,-4073,0,0,0,0,1,0
2952,1536979,23136,-15553,-7583,0,30607,-20576,-10031,0,0,0,0,1,0
2953,1537500,23587,-11794,-11794,0,31207,-15603,-15603,0,0,0,0,1,0
2954,1538020,23132,-7581,-15551,0,30607,-10031,-20576,0,0,0,0,1,0
2955,1538541,21788,-3078,-18710,0,28831,-4073,-24758,0,0,0,0,1,0
2956,1539062,19607,1542,-21150,0,25947,2041,-27988,0,0,0,0,1,0
2957,1539583,16673,6103,-22776,0,22066,8077,-30143,0,0,0,0,1,0
2958,1540104,13099,10428,-23527,0,17337,13802,-31140,0,0,0,0,1,0
2959,1540625,9022,14352,-23374,0,11942,18997,-30940,0,0,0,0,1,0
2960,1541145,4599,17724,-22323,0,6088,23462,-29551,0,0,0,0,1,0
2961,1541666,0,20414,-20414,0,0,27026,-27026,0,0,0,0,1,0
2962,1542187,-4598,22319,-17721,0,-6088,29551,-23462,0,0,0,0,1,0
2963,1542708,-9019,23366,-14347,0,-11942,30940,-18997,0,0,0,0,1,0
2964,1543229,-13093,23516,-10423,0,-17337,31140,-13802,0,0,0,0,1,0
2965,1543750,-16662,22761,-6099,0,-22066,30143,-8077,0,0,0,0,1,0
2966,1544270,-19591,21132,-1541,0,-25947,27988,-2041,0,0,0,0,1,0
2967,1544791,-21767,18692,3075,0,-28831,24758,4073,0,0,0,0,1,0
2968,1545312,-23106,15533,7573,0,-30607,20576,10031,0,0,0,0,1,0
2969,1545833,-23556,11778,11778,0,-31207,15603,15603,0,0,0,0,1,0
2970,1546354,-23102,7571,15531,0,-30607,10031,20576,0,0,0,0,1,0
2971,1546875,-21760,3074,18685,0,-28831,4073,24758,0,0,0,0,1,0
2972,1547395,-19582,-1540,21122,0,-25947,-2041,27988,0,0,0,0,1,0
2973,1547916,-16651,-6095,22746,0,-22066,-8077,30143,0,0,0,0,1,0
2974,1548437,-13082,-10414,23496,0,-17337,-13802,31140,0,0,0,0,1,0
2975,1548958,-9010,-14333,23343,0,-11942,-18997,30940,0,0,0,0,1,0
2976,1549479,-4593,-17701,22294,0,-6088,-23462,29551,0,0,0,0,1,0
2977,1550000,0,-20387,20387,0,0,-27026,27026,0,0,0,0,1,0
2978,1550520,4592,-22290,17698,0,6088,-29551,23462,0,0,0,0,1,0
2979,1551041,9007,-23336,14329,0,11942,-30940,18997,0,0,0,0,1,0
2980,1551562,13075,-23485,10409,0,17337,-31140,13802,0,0,0,0,1,0
2981,1552083,16641,-22731,6091,0,22066,-30143,8077,0,0,0,0,1,0
2982,1552604,19566,-21105,1539,0,25947,-27988,2041,0,0,0,0,1,0
2983,1553125,21738,-18667,-3071,0,28831,-24758,-4073,0,0,0,0,1,0
2984,1553645,23075,-15513,-7563,0,30607,-20576,-10031,0,0,0,0,1,0
2985,1554166,23526,-11763,-11763,0,31207,-15603,-15603,0,0,0,0,1,0
2986,1554687,23072,-7561,-15510,0,30607,-10031,-20576,0,0,0,0,1,0
2987,1555208,21731,-3070,-18661,0,28831,-4073,-24758,0,0,0,0,1,0
2988,1555729,19556,1538,-21094,0,25947,2041,-27988,0,0,0,0,1,0
2989,1556250,16630,6087,-22717,0,22066,8077,-30143,0,0,0,0,1,0
2990,1556770,13065,10401,-23466,0,17337,13802,-31140,0,0,0,0,1,0
2991,1557291,8998,14315,-23313,0,11942,18997,-30940,0,0,0,0,1,0
2992,1557812,4587,17677,-22264,0,6088,23462,-29551,0,0,0,0,1,0
2993,1558333,0,20361,-20361,0,0,27026,-27026,0,0,0,0,1,0
2994,1558854,-4586,22261,-17675,0,-6088,29551,-23462,0,0,0,0,1,0
2995,1559375,-8996,23305,-14310,0,-11942,30940,-18997,0,0,0,0,1,0
2996,1559895,-13058,23454,-10396,0,-17337,31140,-13802,0,0,0,0,1,0
2997,1560416,-16619,22702,-6083,0,-22066,30143,-8077,0,0,0,0,1,0
2998,1560937,-19540,21077,-1537,0,-25947,27988,-2041,0,0,0,0,1,0
2999,1561458,-21710,18643,3067,0,-28831,24758,4073,0,0,0,0,1,0
3000,1561979,-23045,15493,7553,0,-30607,20576,10031,0,0,0,0,1,0
3001,1562500,-23495,11748,11748,0,-31207,15603,15603,0,0,0,0,1,0
3002,1563020,-23042,7552,15490,0,-30607,10031,20576,0,0,0,0,1,0
3003,1563541,-21703,3066,18637,0,-28831,4073,24758,0,0,0,0,1,0
3004,1564062,-19531,-1536,21067,0,-25947,-2041,27988,0,0,0,0,1,0
3005,1564583,-16608,-6079,22687,0,-22066,-8077,30143,0,0,0,0,1,0
3006,1565104,-13048,-10387,23435,0,-17337,-13802,31140,0,0,0,0,1,0
3007,1565625,-8987,-14296,23283,0,-11942,-18997,30940,0,0,0,0,1,0
3008,1566145,-4581,-17654,22236,0,-6088,-23462,29551,0,0,0,0,1,0
3009,1566666,0,-20334,20334,0,0,-27026,27026,0,0,0,0,1,0
3010,1567187,4580,-22232,17652,0,6088,-29551,23462,0,0,0,0,1,0
3011,1567708,8984,-23275,14291,0,11942,-30940,18997,0,0,0,0,1,0
3012,1568229,13041,-23424,10382,0,17337,-31140,13802,0,0,0,0,1,0
3013,1568750,16597,-22672,6075,0,22066,-30143,8077,0,0,0,0,1,0
3014,1569270,19515,-21050,1535,0,25947,-27988,2041,0,0,0,0,1,0
3015,1569791,21682,-18619,-3063,0,28831,-24758,-4073,0,0,0,0,1,0
3016,1570312,23016,-15473,-7543,0,30607,-20576,-10031,0,0,0,0,1,0
3017,1570833,23465,-11732,-11732,0,31207,-15603,-15603,0,0,0,0,1,0
3018,1571354,23012,-7542,-15470,0,30607,-10031,-20576,0,0,0,0,1,0
3019,1571875,21675,-3062,-18613,0,28831,-4073,-24758,0,0,0,0,1,0
3020,1572395,19505,1534,-21040,0,25947,2041,-27988,0,0,0,0,1,0
3021,1572916,16587,6071,-22658,0,22066,8077,-30143,0,0,0,0,1,0
3022,1573437,13031,10374,-23405,0,17337,13802,-31140,0,0,0,0,1,0
3023,1573958,8975,14277,-23253,0,11942,18997,-30940,0,0,0,0,1,0
3024,1574479,4575,17632,-22207,0,6088,23462,-29551,0,0,0,0,1,0
3025,1575000,0,20308,-20308,0,0,27026,-27026,0,0,0,0,1,0
3026,1575520,-4574,22203,-17629,0,-6088,29551,-23462,0,0,0,0,1,0
3027,1576041,-8972,23245,-14273,0,-11942,30940,-18997,0,0,0,0,1,0
3028,1576562,-13025,23393,-10369,0,-17337,31140,-13802,0,0,0,0,1,0
3029,1577083,-16576,22643,-6067,0,-22066,30143,-8077,0,0,0,0,1,0
3030,1577604,-19490,21023,-1533,0,-25947,27988,-2041,0,0,0,0,1,0
3031,1578125,-21654,18595,3059,0,-28831,24758,4073,0,0,0,0,1,0
3032,1578645,-22986,15453,7533,0,-30607,20576,10031,0,0,0,0,1,0
3033,1579166,-23434,11717,11717,0,-31207,15603,15603,0,0,0,0,1,0
3034,1579687,-22982,7532,15450,0,-30607,10031,20576,0,0,0,0,1,0
3035,1580208,-21647,3058,18589,0,-28831,4073,24758,0,0,0,0,1,0
3036,1580729,-19480,-1532,21012,0,-25947,-2041,27988,0,0,0,0,1,0
3037,1581250,-16565,-6063,22628,0,-22066,-8077,30143,0,0,0,0,1,0
3038,1581770,-13014,-10361,23375,0,-17337,-13802,31140,0,0,0,0,1,0
3039,1582291,-8964,-14259,23223,0,-11942,-18997,30940,0,0,0,0,1,0
3040,1582812,-4569,-17609,22178,0,-6088,-23462,29551,0,0,0,0,1,0
3041,1583333,0,-20282,20282,0,0,-27026,27026,0,0,0,0,1,0
3042,1583854,4568,-22174,17606,0,6088,-29551,23462,0,0,0,0,1,0
3043,1584375,8961,-23215,14254,0,11942,-30940,18997,0,0,0,0,1,0
3044,1584895,13008,-23363,10356,0,17337,-31140,13802,0,0,0,0,1,0
3045,1585416,16554,-22614,6059,0,22066,-30143,8077,0,0,0,0,1,0
3046,1585937,19464,-20996,1531,0,25947,-27988,2041,0,0,0,0,1,0
3047,1586458,21626,-18571,-3055,0,28831,-24758,-4073,0,0,0,0,1,0
3048,1586979,22956,-15433,-7524,0,30607,-20576,-10031,0,0,0,0,1,0
3049,1587500,23404,-11702,-11702,0,31207,-15603,-15603,0,0,0,0,1,0
3050,1588020,22952,-7522,-15430,0,30607,-10031,-20576,0,0,0,0,1,0
3051,1588541,21619,-3054,-18565,0,28831,-4073,-24758,0,0,0,0,1,0
3052,1589062,19455,1530,-20985,0,25947,2041,-27988,0,0,0,0,1,0
3053,1589583,16544,6055,-22599,0,22066,8077,-30143,0,0,0,0,1,0
3054,1590104,12997,10347,-23345,0,17337,13802,-31140,0,0,0,0,1,0
3055,1590625,8952,14241,-23193,0,11942,18997,-30940,0,0,0,0,1,0
3056,1591145,4563,17586,-22150,0,6088,23462,-29551,0,0,0,0,1,0
3057,1591666,0,20255,-20255,0,0,27026,-27026,0,0,0,0,1,0
3058,1592187,-4563,22146,-17583,0,-6088,29551,-23462,0,0,0,0,1,0
3059,1592708,-8949,23185,-14236,0,-11942,30940,-18997,0,0,0,0,1,0
3060,1593229,-12991,23333,-10342,0,-17337,31140,-13802,0,0,0,0,1,0
3061,1593750,-16533,22585,-6052,0,-22066,30143,-8077,0,0,0,0,1,0
3062,1594270,-19439,20969,-1529,0,-25947,27988,-2041,0,0,0,0,1,0
3063,1594791,-21598,18547,3051,0,-28831,24758,4073,0,0,0,0,1,0
3064,1595312,-22927,15413,7514,0,-30607,20576,10031,0,0,0,0,1,0
3065,1595833,-23374,11687,11687,0,-31207,15603,15603,0,0,0,0,1,0
3066,1596354,-22923,7513,15410,0,-30607,10031,20576,0,0,0,0,1,0
3067,1596875,-21591,3050,18541,0,-28831,4073,24758,0,0,0,0,1,0
3068,1597395,-19430,-1528,20958,0,-25947,-2041,27988,0,0,0,0,1,0
3069,1597916,-16523,-6048,22570,0,-22066,-8077,30143,0,0,0,0,1,0
3070,1598437,-12981,-10334,23315,0,-17337,-13802,31140,0,0,0,0,1,0
3071,1598958,-8941,-14222,23163,0,-11942,-18997,30940,0,0,0,0,1,0
3072,1599479,-4557,-17564,22121,0,-6088,-23462,29551,0,0,0,0,1,0
3073,1600000,0,-20230,20230,0,0,-27026,27026,0,0,0,0,1,0
3074,1600520,4557,-22118,17561,0,6088,-29551,23462,0,0,0,0,1,0
3075,1601041,8938,-23155,14218,0,11942,-30940,18997,0,0,0,0,1,0
3076,1601562,12974,-23303,10329,0,17337,-31140,13802,0,0,0,0,1,0
3077,1602083,16512,-22556,6044,0,22066,-30143,8077,0,0,0,0,1,0
3078,1602604,19415,-20942,1527,0,25947,-27988,2041,0,0,0,0,1,0
3079,1603125,21571,-18523,-3048,0,28831,-24758,-4073,0,0,0,0,1,0
3080,1603645,22897,-15393,-7504,0,30607,-20576,-10031,0,0,0,0,1,0
3081,1604166,23344,-11672,-11672,0,31207,-15603,-15603,0,0,0,0,1,0
3082,1604687,22894,-7503,-15391,0,30607,-10031,-20576,0,0,0,0,1,0
3083,1605208,21564,-3047,-18517,0,28831,-4073,-24758,0,0,0,0,1,0
3084,1605729,19405,1526,-20932,0,25947,2041,-27988,0,0,0,0,1,0
3085,1606250,16501,6040,-22541,0,22066,8077,-30143,0,0,0,0,1,0
3086,1606770,12964,10321,-23285,0,17337,13802,-31140,0,0,0,0,1,0
3087,1607291,8929,14204,-23133,0,11942,18997,-30940,0,0,0,0,1,0
3088,1607812,4552,17541,-22093,0,6088,23462,-29551,0,0,0,0,1,0
3089,1608333,0,20204,-20204,0,0,27026,-27026,0,0,0,0,1,0
3090,1608854,-4551,22089,-17538,0,-6088,29551,-23462,0,0,0,0,1,0
3091,1609375,-8926,23126,-14200,0,-11942,30940,-18997,0,0,0,0,1,0
3092,1609895,-12958,23274,-10316,0,-17337,31140,-13802,0,0,0,0,1,0
3093,1610416,-16491,22527,-6036,0,-22066,30143,-8077,0,0,0,0,1,0
3094,1610937,-19390,20915,-1525,0,-25947,27988,-2041,0,0,0,0,1,0
3095,1611458,-21543,18499,3044,0,-28831,24758,4073,0,0,0,0,1,0
3096,1611979,-22868,15373,7495,0,-30607,20576,10031,0,0,0,0,1,0
3097,1612500,-23314,11657,11657,0,-31207,15603,15603,0,0,0,0,1,0
3098,1613020,-22865,7494,15371,0,-30607,10031,20576,0,0,0,0,1,0
3099,1613541,-21536,3043,18494,0,-28831,4073,24758,0,0,0,0,1,0
3100,1614062,-19381,-1524,20905,0,-25947,-2041,27988,0,0,0,0,1,0
3101,1614583,-16480,-6032,22513,0,-22066,-8077,30143,0,0,0,0,1,0
3102,1615104,-12948,-10308,23255,0,-17337,-13802,31140,0,0,0,0,1,0
3103,1615625,-8918,-14186,23104,0,-11942,-18997,30940,0,0,0,0,1,0
3104,1616145,-4546,-17519,22065,0,-6088,-23462,29551,0,0,0,0,1,0
3105,1616666,0,-20178,20178,0,0,-27026,27026,0,0,0,0,1,0
3106,1617187,4545,-22061,17516,0,6088,-29551,23462,0,0,0,0,1,0
3107,1617708,8915,-23097,14182,0,11942,-30940,18997,0,0,0,0,1,0
3108,1618229,12941,-23244,10303,0,17337,-31140,13802,0,0,0,0,1,0
3109,1618750,16470,-22498,6028,0,22066,-30143,8077,0,0,0,0,1,0
3110,1619270,19365,-20888,1523,0,25947,-27988,2041,0,0,0,0,1,0
3111,1619791,21516,-18476,-3040,0,28831,-24758,-4073,0,0,0,0,1,0
3112,1620312,22839,-15354,-7485,0,30607,-20576,-10031,0,0,0,0,1,0
3113,1620833,23285,-11642,-11642,0,31207,-15603,-15603,0,0,0,0,1,0
3114,1621354,22835,-7484,-15351,0,30607,-10031,-20576,0,0,0,0,1,0
3115,1621875,21509,-3039,-18470,0,28831,-4073,-24758,0,0,0,0,1,0
3116,1622395,19356,1523,-20878,0,25947,2041,-27988,0,0,0,0,1,0
3117,1622916,16460,6025,-22484,0,22066,8077,-30143,0,0,0,0,1,0
3118,1623437,12931,10294,-23226,0,17337,13802,-31140,0,0,0,0,1,0
3119,1623958,8906,14168,-23075,0,11942,18997,-30940,0,0,0,0,1,0
3120,1624479,4540,17497,-22037,0,6088,23462,-29551,0,0,0,0,1,0
3121,1625000,0,20152,-20152,0,0,27026,-27026,0,0,0,0,1,0
3122,1625520,-4539,22033,-17494,0,-6088,29551,-23462,0,0,0,0,1,0
3123,1626041,-8904,23067,-14164,0,-11942,30940,-18997,0,0,0,0,1,0
3124,1626562,-12925,23215,-10290,0,-17337,31140,-13802,0,0,0,0,1,0
3125,1627083,-16449,22470,-6021,0,-22066,30143,-8077,0,0,0,0,1,0
3126,1627604,-19341,20862,-1521,0,-25947,27988,-2041,0,0,0,0,1,0
3127,1628125,-21488,18453,3036,0,-28831,24758,4073,0,0,0,0,1,0
3128,1628645,-22810,15334,7476,0,-30607,20576,10031,0,0,0,0,1,0
3129,1629166,-23255,11628,11628,0,-31207,15603,15603,0,0,0,0,1,0
3130,1629687,-22807,7475,15332,0,-30607,10031,20576,0,0,0,0,1,0
3131,1630208,-21482,3035,18447,0,-28831,4073,24758,0,0,0,0,1,0
3132,1630729,-19331,-1521,20852,0,-25947,-2041,27988,0,0,0,0,1,0
3133,1631250,-16439,-6017,22456,0,-22066,-8077,30143,0,0,0,0,1,0
3134,1631770,-12915,-10281,23196,0,-17337,-13802,31140,0,0,0,0,1,0
3135,1632291,-8895,-14150,23045,0,-11942,-18997,30940,0,0,0,0,1,0
3136,1632812,-4534,-17475,22009,0,-6088,-23462,29551,0,0,0,0,1,0
3137,1633333,0,-20127,20127,0,0,-27026,27026,0,0,0,0,1,0
3138,1633854,4534,-22005,17472,0,6088,-29551,23462,0,0,0,0,1,0
3139,1634375,8892,-23038,14146,0,11942,-30940,18997,0,0,0,0,1,0
3140,1634895,12909,-23185,10277,0,17337,-31140,13802,0,0,0,0,1,0
3141,1635416,16428,-22442,6013,0,22066,-30143,8077,0,0,0,0,1,0
3142,1635937,19316,-20836,1519,0,25947,-27988,2041,0,0,0,0,1,0
3143,1636458,21461,-18429,-3032,0,28831,-24758,-4073,0,0,0,0,1,0
3144,1636979,22781,-15315,-7466,0,30607,-20576,-10031,0,0,0,0,1,0
3145,1637500,23226,-11613,-11613,0,31207,-15603,-15603,0,0,0,0,1,0
3146,1638020,22778,-7465,-15313,0,30607,-10031,-20576,0,0,0,0,1,0
3147,1638541,21455,-3031,-18423,0,28831,-4073,-24758,0,0,0,0,1,0
3148,1639062,19307,1519,-20826,0,25947,2041,-27988,0,0,0,0,1,0
3149,1639583,16418,6009,-22427,0,22066,8077,-30143,0,0,0,0,1,0
3150,1640104,12899,10269,-23167,0,17337,13802,-31140,0,0,0,0,1,0
3151,1640625,8884,14132,-23016,0,11942,18997,-30940,0,0,0,0,1,0
3152,1641145,4529,17453,-21981,0,6088,23462,-29551,0,0,0,0,1,0
3153,1641666,0,20102,-20102,0,0,27026,-27026,0,0,0,0,1,0
3154,1642187,-4528,21978,-17450,0,-6088,29551,-23462,0,0,0,0,1,0
3155,1642708,-8881,23009,-14128,0,-11942,30940,-18997,0,0,0,0,1,0
3156,1643229,-12892,23156,-10264,0,-17337,31140,-13802,0,0,0,0,1,0
3157,1643750,-16408,22413,-6006,0,-22066,30143,-8077,0,0,0,0,1,0
3158,1644270,-19292,20809,-1517,0,-25947,27988,-2041,0,0,0,0,1,0
3159,1644791,-21434,18406,3028,0,-28831,24758,4073,0,0,0,0,1,0
3160,1645312,-22753,15296,7457,0,-30607,20576,10031,0,0,0,0,1,0
3161,1645833,-23197,11598,11598,0,-31207,15603,15603,0,0,0,0,1,0
3162,1646354,-22749,7456,15293,0,-30607,10031,20576,0,0,0,0,1,0
3163,1646875,-21428,3027,18400,0,-28831,4073,24758,0,0,0,0,1,0
3164,1647395,-19283,-1517,20800,0,-25947,-2041,27988,0,0,0,0,1,0
3165,1647916,-16397,-6002,22399,0,-22066,-8077,30143,0,0,0,0,1,0
3166,1648437,-12882,-10256,23138,0,-17337,-13802,31140,0,0,0,0,1,0
3167,1648958,-8873,-14115,22987,0,-11942,-18997,30940,0,0,0,0,1,0
3168,1649479,-4523,-17431,21954,0,-6088,-23462,29551,0,0,0,0,1,0
3169,1650000,0,-20076,20076,0,0,-27026,27026,0,0,0,0,1,0
3170,1650520,4522,-21950,17428,0,6088,-29551,23462,0,0,0,0,1,0
3171,1651041,8870,-22980,14110,0,11942,-30940,18997,0,0,0,0,1,0
3172,1651562,12876,-23127,10251,0,17337,-31140,13802,0,0,0,0,1,0
3173,1652083,16387,-22385,5998,0,22066,-30143,8077,0,0,0,0,1,0
3174,1652604,19268,-20783,1516,0,25947,-27988,2041,0,0,0,0,1,0
3175,1653125,21407,-18383,-3024,0,28831,-24758,-4073,0,0,0,0,1,0
3176,1653645,22724,-15277,-7448,0,30607,-20576,-10031,0,0,0,0,1,0
3177,1654166,23168,-11584,-11584,0,31207,-15603,-15603,0,0,0,0,1,0
3178,1654687,22721,-7446,-15274,0,30607,-10031,-20576,0,0,0,0,1,0
3179,1655208,21401,-3024,-18377,0,28831,-4073,-24758,0,0,0,0,1,0
3180,1655729,19259,1515,-20774,0,25947,2041,-27988,0,0,0,0,1,0
3181,1656250,16377,5994,-22371,0,22066,8077,-30143,0,0,0,0,1,0
3182,1656770,12866,10243,-23109,0,17337,13802,-31140,0,0,0,0,1,0
3183,1657291,8862,14097,-22959,0,11942,18997,-30940,0,0,0,0,1,0
3184,1657812,4517,17409,-21926,0,6088,23462,-29551,0,0,0,0,1,0
3185,1658333,0,20051,-20051,0,0,27026,-27026,0,0,0,0,1,0
3186,1658854,-4517,21923,-17406,0,-6088,29551,-23462,0,0,0,0,1,0
3187,1659375,-8859,22952,-14093,0,-11942,30940,-18997,0,0,0,0,1,0
3188,1659895,-12860,23098,-10238,0,-17337,31140,-13802,0,0,0,0,1,0
3189,1660416,-16367,22357,-5991,0,-22066,30143,-8077,0,0,0,0,1,0
3190,1660937,-19244,20757,-1514,0,-25947,27988,-2041,0,0,0,0,1,0
3191,1661458,-21381,18360,3021,0,-28831,24758,4073,0,0,0,0,1,0
3192,1661979,-22696,15258,7438,0,-30607,20576,10031,0,0,0,0,1,0
3193,1662500,-23139,11569,11569,0,-31207,15603,15603,0,0,0,0,1,0
3194,1663020,-22692,7437,15255,0,-30607,10031,20576,0,0,0,0,1,0
3195,1663541,-21374,3020,18354,0,-28831,4073,24758,0,0,0,0,1,0
3196,1664062,-19235,-1513,20748,0,-25947,-2041,27988,0,0,0,0,1,0
3197,1664583,-16356,-5987,22343,0,-22066,-8077,30143,0,0,0,0,1,0
3198,1665104,-12850,-10230,23080,0,-17337,-13802,31140,0,0,0,0,1,0
3199,1665625,-8851,-14079,22930,0,-11942,-18997,30940,0,0,0,0,1,0
3200,1666145,-4512,-17387,21899,0,-6088,-23462,29551,0,0,0,0,1,0
3201,1666666,0,-20026,20026,0,0,-27026,27026,0,0,0,0,1,0
3202,1667187,4511,-21895,17384,0,6088,-29551,23462,0,0,0,0,1,0
3203,1667708,8848,-22923,14075,0,11942,-30940,18997,0,0,0,0,1,0
3204,1668229,12844,-23069,10225,0,17337,-31140,13802,0,0,0,0,1,0
3205,1668750,16346,-22329,5983,0,22066,-30143,8077,0,0,0,0,1,0
3206,1669270,19220,-20731,1512,0,25947,-27988,2041,0,0,0,0,1,0
3207,1669791,21354,-18337,-3017,0,28831,-24758,-4073,0,0,0,0,1,0
3208,1670312,22668,-15239,-7429,0,30607,-20576,-10031,0,0,0,0,1,0
3209,1670833,23110,-11555,-11555,0,31207,-15603,-15603,0,0,0,0,1,0
3210,1671354,22664,-7428,-15236,0,30607,-10031,-20576,0,0,0,0,1,0
3211,1671875,21347,-3016,-18331,0,28831,-4073,-24758,0,0,0,0,1,0
3212,1672395,19211,1511,-20722,0,25947,2041,-27988,0,0,0,0,1,0
3213,1672916,16336,5979,-22316,0,22066,8077,-30143,0,0,0,0,1,0
3214,1673437,12834,10217,-23052,0,17337,13802,-31140,0,0,0,0,1,0
3215,1673958,8840,14062,-22902,0,11942,18997,-30940,0,0,0,0,1,0
3216,1674479,4506,17366,-21872,0,6088,23462,-29551,0,0,0,0,1,0
3217,1675000,0,20001,-20001,0,0,27026,-27026,0,0,0,0,1,0
3218,1675520,-4505,21868,-17363,0,-6088,29551,-23462,0,0,0,0,1,0
3219,1676041,-8837,22894,-14058,0,-11942,30940,-18997,0,0,0,0,1,0
3220,1676562,-12828,23041,-10213,0,-17337,31140,-13802,0,0,0,0,1,0
3221,1677083,-16326,22302,-5976,0,-22066,30143,-8077,0,0,0,0,1,0
3222,1677604,-19196,20706,-1510,0,-25947,27988,-2041,0,0,0,0,1,0
3223,1678125,-21328,18314,3013,0,-28831,24758,4073,0,0,0,0,1,0
3224,1678645,-22640,15220,7420,0,-30607,20576,10031,0,0,0,0,1,0
3225,1679166,-23081,11541,11541,0,-31207,15603,15603,0,0,0,0,1,0
3226,1679687,-22636,7419,15217,0,-30607,10031,20576,0,0,0,0,1,0
3227,1680208,-21321,3012,18309,0,-28831,4073,24758,0,0,0,0,1,0
3228,1680729,-19187,-1509,20696,0,-25947,-2041,27988,0,0,0,0,1,0
3229,1681250,-16316,-5972,22288,0,-22066,-8077,30143,0,0,0,0,1,0
3230,1681770,-12818,-10205,23023,0,-17337,-13802,31140,0,0,0,0,1,0
3231,1682291,-8829,-14044,22873,0,-11942,-18997,30940,0,0,0,0,1,0
3232,1682812,-4500,-17344,21845,0,-6088,-23462,29551,0,0,0,0,1,0
3233,1683333,0,-19977,19977,0,0,-27026,27026,0,0,0,0,1,0
3234,1683854,4500,-21841,17341,0,6088,-29551,23462,0,0,0,0,1,0
3235,1684375,8826,-22866,14040,0,11942,-30940,18997,0,0,0,0,1,0
3236,1684895,12812,-23012,10200,0,17337,-31140,13802,0,0,0,0,1,0
3237,1685416,16306,-22274,5968,0,22066,-30143,8077,0,0,0,0,1,0
3238,1685937,19172,-20680,1508,0,25947,-27988,2041,0,0,0,0,1,0
3239,1686458,21301,-18292,-3009,0,28831,-24758,-4073,0,0,0,0,1,0
3240,1686979,22612,-15201,-7411,0,30607,-20576,-10031,0,0,0,0,1,0
3241,1687500,23053,-11526,-11526,0,31207,-15603,-15603,0,0,0,0,1,0
3242,1688020,22608,-7409,-15199,0,30607,-10031,-20576,0,0,0,0,1,0
3243,1688541,21295,-3009,-18286,0,28831,-4073,-24758,0,0,0,0,1,0
3244,1689062,19163,1507,-20671,0,25947,2041,-27988,0,0,0,0,1,0
3245,1689583,16296,5965,-22260,0,22066,8077,-30143,0,0,0,0,1,0
3246,1690104,12802,10192,-22995,0,17337,13802,-31140,0,0,0,0,1,0
3247,1690625,8818,14027,-22845,0,11942,18997,-30940,0,0,0,0,1,0
3248,1691145,4495,17323,-21818,0,6088,23462,-29551,0,0,0,0,1,0
3249,1691666,0,19952,-19952,0,0,27026,-27026,0,0,0,0,1,0
3250,1692187,-4494,21814,-17320,0,-6088,29551,-23462,0,0,0,0,1,0
3251,1692708,-8815,22838,-14023,0,-11942,30940,-18997,0,0,0,0,1,0
3252,1693229,-12797,22984,-10187,0,-17337,31140,-13802,0,0,0,0,1,0
3253,1693750,-16286,22247,-5961,0,-22066,30143,-8077,0,0,0,0,1,0
3254,1694270,-19148,20655,-1506,0,-25947,27988,-2041,0,0,0,0,1,0
3255,1694791,-21275,18269,3006,0,-28831,24758,4073,0,0,0,0,1,0
3256,1695312,-22584,15182,7402,0,-30607,20576,10031,0,0,0,0,1,0
3257,1695833,-23024,11512,11512,0,-31207,15603,15603,0,0,0,0,1,0
3258,1696354,-22580,7400,15180,0,-30607,10031,20576,0,0,0,0,1,0
3259,1696875,-21268,3005,18264,0,-28831,4073,24758,0,0,0,0,1,0
3260,1697395,-19140,-1506,20645,0,-25947,-2041,27988,0,0,0,0,1,0
3261,1697916,-16276,-5957,22233,0,-22066,-8077,30143,0,0,0,0,1,0
3262,1698437,-12787,-10180,22966,0,-17337,-13802,31140,0,0,0,0,1,0
3263,1698958,-8807,-14010,22817,0,-11942,-18997,30940,0,0,0,0,1,0
3264,1699479,-4489,-17301,21791,0,-6088,-23462,29551,0,0,0,0,1,0
3265,1700000,0,-19927,19927,0,0,-27026,27026,0,0,0,0,1,0
3266,1700520,4489,-21787,17299,0,6088,-29551,23462,0,0,0,0,1,0
3267,1701041,8804,-22810,14006,0,11942,-30940,18997,0,0,0,0,1,0
3268,1701562,12781,-22956,10175,0,17337,-31140,13802,0,0,0,0,1,0
3269,1702083,16266,-22219,5954,0,22066,-30143,8077,0,0,0,0,1,0
3270,1702604,19125,-20629,1504,0,25947,-27988,2041,0,0,0,0,1,0
3271,1703125,21249,-18247,-3002,0,28831,-24758,-4073,0,0,0,0,1,0
3272,1703645,22556,-15164,-7392,0,30607,-20576,-10031,0,0,0,0,1,0
3273,1704166,22996,-11498,-11498,0,31207,-15603,-15603,0,0,0,0,1,0
3274,1704687,22553,-7391,-15161,0,30607,-10031,-20576,0,0,0,0,1,0
3275,1705208,21242,-3001,-18241,0,28831,-4073,-24758,0,0,0,0,1,0
3276,1705729,19116,1504,-20620,0,25947,2041,-27988,0,0,0,0,1,0
3277,1706250,16256,5950,-22206,0,22066,8077,-30143,0,0,0,0,1,0
3278,1706770,12771,10167,-22938,0,17337,13802,-31140,0,0,0,0,1,0
3279,1707291,8796,13993,-22789,0,11942,18997,-30940,0,0,0,0,1,0
3280,1707812,4484,17280,-21764,0,6088,23462,-29551,0,0,0,0,1,0
3281,1708333,0,19903,-19903,0,0,27026,-27026,0,0,0,0,1,0
3282,1708854,-4483,21761,-17278,0,-6088,29551,-23462,0,0,0,0,1,0
3283,1709375,-8794,22782,-13988,0,-11942,30940,-18997,0,0,0,0,1,0
3284,1709895,-12765,22928,-10162,0,-17337,31140,-13802,0,0,0,0,1,0
3285,1710416,-16246,22192,-5946,0,-22066,30143,-8077,0,0,0,0,1,0
3286,1710937,-19102,20604,-1503,0,-25947,27988,-2041,0,0,0,0,1,0
3287,1711458,-21223,18225,2998,0,-28831,24758,4073,0,0,0,0,1,0
3288,1711979,-22528,15145,7383,0,-30607,20576,10031,0,0,0,0,1,0
3289,1712500,-22968,11484,11484,0,-31207,15603,15603,0,0,0,0,1,0
3290,1713020,-22525,7382,15143,0,-30607,10031,20576,0,0,0,0,1,0
3291,1713541,-21216,2997,18219,0,-28831,4073,24758,0,0,0,0,1,0
3292,1714062,-19093,-1502,20595,0,-25947,-2041,27988,0,0,0,0,1,0
3293,1714583,-16236,-5943,22179,0,-22066,-8077,30143,0,0,0,0,1,0
3294,1715104,-12755,-10155,22910,0,-17337,-13802,31140,0,0,0,0,1,0
3295,1715625,-8785,-13976,22761,0,-11942,-18997,30940,0,0,0,0,1,0
3296,1716145,-4478,-17259,21738,0,-6088,-23462,29551,0,0,0,0,1,0
3297,1716666,0,-19879,19879,0,0,-27026,27026,0,0,0,0,1,0
3298,1717187,4478,-21734,17256,0,6088,-29551,23462,0,0,0,0,1,0
3299,1717708,8783,-22754,13971,0,11942,-30940,18997,0,0,0,0,1,0
3300,1718229,12750,-22900,10150,0,17337,-31140,13802,0,0,0,0,1,0
3301,1718750,16226,-22165,5939,0,22066,-30143,8077,0,0,0,0,1,0
3302,1719270,19078,-20579,1501,0,25947,-27988,2041,0,0,0,0,1,0
3303,1719791,21197,-18202,-2995,0,28831,-24758,-4073,0,0,0,0,1,0
3304,1720312,22501,-15127,-7374,0,30607,-20576,-10031,0,0,0,0,1,0
3305,1720833,22940,-11470,-11470,0,31207,-15603,-15603,0,0,0,0,1,0
3306,1721354,22498,-7373,-15124,0,30607,-10031,-20576,0,0,0,0,1,0
3307,1721875,21191,-2994,-18197,0,28831,-4073,-24758,0,0,0,0,1,0
3308,1722395,19070,1500,-20570,0,25947,2041,-27988,0,0,0,0,1,0
3309,1722916,16216,5936,-22152,0,22066,8077,-30143,0,0,0,0,1,0
3310,1723437,12740,10142,-22882,0,17337,13802,-31140,0,0,0,0,1,0
3311,1723958,8775,13959,-22733,0,11942,18997,-30940,0,0,0,0,1,0
3312,1724479,4473,17238,-21711,0,6088,23462,-29551,0,0,0,0,1,0
3313,1725000,0,19855,-19855,0,0,27026,-27026,0,0,0,0,1,0
3314,1725520,-4472,21708,-17235,0,-6088,29551,-23462,0,0,0,0,1,0
3315,1726041,-8772,22727,-13954,0,-11942,30940,-18997,0,0,0,0,1,0
3316,1726562,-12734,22872,-10138,0,-17337,31140,-13802,0,0,0,0,1,0
3317,1727083,-16206,22138,-5932,0,-22066,30143,-8077,0,0,0,0,1,0
3318,1727604,-19055,20554,-1499,0,-25947,27988,-2041,0,0,0,0,1,0
3319,1728125,-21171,18180,2991,0,-28831,24758,4073,0,0,0,0,1,0
3320,1728645,-22474,15108,7365,0,-30607,20576,10031,0,0,0,0,1,0
3321,1729166,-22912,11456,11456,0,-31207,15603,15603,0,0,0,0,1,0
3322,1729687,-22470,7364,15106,0,-30607,10031,20576,0,0,0,0,1,0
3323,1730208,-21165,2990,18175,0,-28831,4073,24758,0,0,0,0,1,0
3324,1730729,-19046,-1498,20545,0,-25947,-2041,27988,0,0,0,0,1,0
3325,1731250,-16196,-5928,22125,0,-22066,-8077,30143,0,0,0,0,1,0
3326,1731770,-12725,-10130,22854,0,-17337,-13802,31140,0,0,0,0,1,0
3327,1732291,-8764,-13942,22706,0,-11942,-18997,30940,0,0,0,0,1,0
3328,1732812,-4468,-17217,21685,0,-6088,-23462,29551,0,0,0,0,1,0
3329,1733333,0,-19831,19831,0,0,-27026,27026,0,0,0,0,1,0
3330,1733854,4467,-21681,17215,0,6088,-29551,23462,0,0,0,0,1,0
3331,1734375,8761,-22699,13938,0,11942,-30940,18997,0,0,0,0,1,0
3332,1734895,12719,-22844,10125,0,17337,-31140,13802,0,0,0,0,1,0
3333,1735416,16187,-22111,5925,0,22066,-30143,8077,0,0,0,0,1,0
3334,1735937,19032,-20529,1497,0,25947,-27988,2041,0,0,0,0,1,0
3335,1736458,21146,-18158,-2987,0,28831,-24758,-4073,0,0,0,0,1,0
3336,1736979,22446,-15090,-7357,0,30607,-20576,-10031,0,0,0,0,1,0
3337,1737500,22884,-11442,-11442,0,31207,-15603,-15603,0,0,0,0,1,0
3338,1738020,22443,-7355,-15088,0,30607,-10031,-20576,0,0,0,0,1,0
3339,1738541,21139,-2987,-18153,0,28831,-4073,-24758,0,0,0,0,1,0
3340,1739062,19023,1496,-20520,0,25947,2041,-27988,0,0,0,0,1,0
3341,1739583,16177,5921,-22098,0,22066,8077,-30143,0,0,0,0,1,0
3342,1740104,12709,10118,-22827,0,17337,13802,-31140,0,0,0,0,1,0
3343,1740625,8754,13925,-22678,0,11942,18997,-30940,0,0,0,0,1,0
3344,1741145,4462,17196,-21659,0,6088,23462,-29551,0,0,0,0,1,0
3345,1741666,0,19807,-19807,0,0,27026,-27026,0,0,0,0,1,0
3346,1742187,-4462,21655,-17194,0,-6088,29551,-23462,0,0,0,0,1,0
3347,1742708,-8751,22672,-13921,0,-11942,30940,-18997,0,0,0,0,1,0
3348,1743229,-12703,22817,-10113,0,-17337,31140,-13802,0,0,0,0,1,0
3349,1743750,-16167,22085,-5918,0,-22066,30143,-8077,0,0,0,0,1,0
3350,1744270,-19009,20504,-1495,0,-25947,27988,-2041,0,0,0,0,1,0
3351,1744791,-21120,18136,2984,0,-28831,24758,4073,0,0,0,0,1,0
3352,1745312,-22419,15072,7348,0,-30607,20576,10031,0,0,0,0,1,0
3353,1745833,-22857,11428,11428,0,-31207,15603,15603,0,0,0,0,1,0
3354,1746354,-22416,7347,15069,0,-30607,10031,20576,0,0,0,0,1,0
3355,1746875,-21114,2983,18131,0,-28831,4073,24758,0,0,0,0,1,0
3356,1747395,-19001,-1495,20495,0,-25947,-2041,27988,0,0,0,0,1,0
3357,1747916,-16157,-5914,22071,0,-22066,-8077,30143,0,0,0,0,1,0
3358,1748437,-12694,-10106,22799,0,-17337,-13802,31140,0,0,0,0,1,0
3359,1748958,-8743,-13908,22651,0,-11942,-18997,30940,0,0,0,0,1,0
3360,1749479,-4457,-17176,21632,0,-6088,-23462,29551,0,0,0,0,1,0
3361,1750000,0,-19783,19783,0,0,-27026,27026,0,0,0,0,1,0
3362,1750520,4456,-21629,17173,0,6088,-29551,23462,0,0,0,0,1,0
3363,1751041,8740,-22644,13904,0,11942,-30940,18997,0,0,0,0,1,0
3364,1751562,12688,-22789,10101,0,17337,-31140,13802,0,0,0,0,1,0
3365,1752083,16148,-22058,5910,0,22066,-30143,8077,0,0,0,0,1,0
3366,1752604,18986,-20480,1493,0,25947,-27988,2041,0,0,0,0,1,0
3367,1753125,21095,-18115,-2980,0,28831,-24758,-4073,0,0,0,0,1,0
3368,1753645,22392,-15054,-7339,0,30607,-20576,-10031,0,0,0,0,1,0
3369,1754166,22829,-11415,-11415,0,31207,-15603,-15603,0,0,0,0,1,0
3370,1754687,22389,-7338,-15051,0,30607,-10031,-20576,0,0,0,0,1,0
3371,1755208,21088,-2979,-18109,0,28831,-4073,-24758,0,0,0,0,1,0
3372,1755729,18978,1493,-20471,0,25947,2041,-27988,0,0,0,0,1,0
3373,1756250,16138,5907,-22045,0,22066,8077,-30143,0,0,0,0,1,0
3374,1756770,12679,10093,-22772,0,17337,13802,-31140,0,0,0,0,1,0
3375,1757291,8733,13891,-22624,0,11942,18997,-30940,0,0,0,0,1,0
3376,1757812,4451,17155,-21607,0,6088,23462,-29551,0,0,0,0,1,0
3377,1758333,0,19759,-19759,0,0,27026,-27026,0,0,0,0,1,0
3378,1758854,-4451,21603,-17153,0,-6088,29551,-23462,0,0,0,0,1,0
3379,1759375,-8730,22617,-13887,0,-11942,30940,-18997,0,0,0,0,1,0
3380,1759895,-12673,22762,-10089,0,-17337,31140,-13802,0,0,0,0,1,0
3381,1760416,-16128,22032,-5903,0,-22066,30143,-8077,0,0,0,0,1,0
3382,1760937,-18964,20455,-1492,0,-25947,27988,-2041,0,0,0,0,1,0
3383,1761458,-21070,18093,2977,0,-28831,24758,4073,0,0,0,0,1,0
3384,1761979,-22366,15036,7330,0,-30607,20576,10031,0,0,0,0,1,0
3385,1762500,-22802,11401,11401,0,-31207,15603,15603,0,0,0,0,1,0
3386,1763020,-22362,7329,15033,0,-30607,10031,20576,0,0,0,0,1,0
3387,1763541,-21063,2976,18087,0,-28831,4073,24758,0,0,0,0,1,0
3388,1764062,-18955,-1491,20446,0,-25947,-2041,27988,0,0,0,0,1,0
3389,1764583,-16119,-5900,22019,0,-22066,-8077,30143,0,0,0,0,1,0
3390,1765104,-12663,-10081,22745,0,-17337,-13802,31140,0,0,0,0,1,0
3391,1765625,-8722,-13875,22597,0,-11942,-18997,30940,0,0,0,0,1,0
3392,1766145,-4446,-17135,21581,0,-6088,-23462,29551,0,0,0,0,1,0
3393,1766666,0,-19735,19735,0,0,-27026,27026,0,0,0,0,1,0
3394,1767187,4445,-21578,17132,0,6088,-29551,23462,0,0,0,0,1,0
3395,1767708,8719,-22590,13871,0,11942,-30940,18997,0,0,0,0,1,0
3396,1768229,12658,-22735,10077,0,17337,-31140,13802,0,0,0,0,1,0
3397,1768750,16109,-22005,5896,0,22066,-30143,8077,0,0,0,0,1,0
3398,1769270,18941,-20431,1490,0,25947,-27988,2041,0,0,0,0,1,0
3399,1769791,21044,-18071,-2973,0,28831,-24758,-4073,0,0,0,0,1,0
3400,1770312,22339,-15018,-7321,0,30607,-20576,-10031,0,0,0,0,1,0
3401,1770833,22775,-11387,-11387,0,31207,-15603,-15603,0,0,0,0,1,0
3402,1771354,22336,-7320,-15015,0,30607,-10031,-20576,0,0,0,0,1,0
3403,1771875,21038,-2972,-18066,0,28831,-4073,-24758,0,0,0,0,1,0
3404,1772395,18932,1489,-20422,0,25947,2041,-27988,0,0,0,0,1,0
3405,1772916,16100,5893,-21992,0,22066,8077,-30143,0,0,0,0,1,0
3406,1773437,12648,10069,-22718,0,17337,13802,-31140,0,0,0,0,1,0
3407,1773958,8712,13858,-22570,0,11942,18997,-30940,0,0,0,0,1,0
3408,1774479,4441,17114,-21555,0,6088,23462,-29551,0,0,0,0,1,0
3409,1775000,0,19712,-19712,0,0,27026,-27026,0,0,0,0,1,0
3410,1775520,-4440,21552,-17112,0,-6088,29551,-23462,0,0,0,0,1,0
3411,1776041,-8709,22563,-13854,0,-11942,30940,-18997,0,0,0,0,1,0
3412,1776562,-12643,22708,-10065,0,-17337,31140,-13802,0,0,0,0,1,0
3413,1777083,-16090,21979,-5889,0,-22066,30143,-8077,0,0,0,0,1,0
3414,1777604,-18918,20406,-1488,0,-25947,27988,-2041,0,0,0,0,1,0
3415,1778125,-21019,18050,2970,0,-28831,24758,4073,0,0,0,0,1,0
3416,1778645,-22312,15000,7313,0,-30607,20576,10031,0,0,0,0,1,0
3417,1779166,-22748,11374,11374,0,-31207,15603,15603,0,0,0,0,1,0
3418,1779687,-22309,7312,14998,0,-30607,10031,20576,0,0,0,0,1,0
3419,1780208,-21013,2969,18044,0,-28831,4073,24758,0,0,0,0,1,0
3420,1780729,-18910,-1487,20397,0,-25947,-2041,27988,0,0,0,0,1,0
3421,1781250,-16080,-5886,21966,0,-22066,-8077,30143,0,0,0,0,1,0
3422,1781770,-12633,-10057,22691,0,-17337,-13802,31140,0,0,0,0,1,0
3423,1782291,-8701,-13842,22543,0,-11942,-18997,30940,0,0,0,0,1,0
3424,1782812,-4436,-17094,21529,0,-6088,-23462,29551,0,0,0,0,1,0
3425,1783333,0,-19689,19689,0,0,-27026,27026,0,0,0,0,1,0
3426,1783854,4435,-21526,17091,0,6088,-29551,23462,0,0,0,0,1,0
3427,1784375,8699,-22537,13838,0,11942,-30940,18997,0,0,0,0,1,0
3428,1784895,12628,-22681,10053,0,17337,-31140,13802,0,0,0,0,1,0
3429,1785416,16071,-21953,5882,0,22066,-30143,8077,0,0,0,0,1,0
3430,1785937,18896,-20382,1486,0,25947,-27988,2041,0,0,0,0,1,0
3431,1786458,20995,-18028,-2966,0,28831,-24758,-4073,0,0,0,0,1,0
3432,1786979,22286,-14982,-7304,0,30607,-20576,-10031,0,0,0,0,1,0
3433,1787500,22721,-11360,-11360,0,31207,-15603,-15603,0,0,0,0,1,0
3434,1788020,22283,-7303,-14980,0,30607,-10031,-20576,0,0,0,0,1,0
3435,1788541,20988,-2965,-18023,0,28831,-4073,-24758,0,0,0,0,1,0
3436,1789062,18888,1486,-20373,0,25947,2041,-27988,0,0,0,0,1,0
3437,1789583,16061,5879,-21940,0,22066,8077,-30143,0,0,0,0,1,0
3438,1790104,12618,10045,-22664,0,17337,13802,-31140,0,0,0,0,1,0
3439,1790625,8691,13825,-22517,0,11942,18997,-30940,0,0,0,0,1,0
3440,1791145,4430,17074,-21504,0,6088,23462,-29551,0,0,0,0,1,0
3441,1791666,0,19665,-19665,0,0,27026,-27026,0,0,0,0,1,0
3442,1792187,-4430,21501,-17071,0,-6088,29551,-23462,0,0,0,0,1,0
3443,1792708,-8689,22510,-13821,0,-11942,30940,-18997,0,0,0,0,1,0
3444,1793229,-12613,22654,-10041,0,-17337,31140,-13802,0,0,0,0,1,0
3445,1793750,-16052,21927,-5875,0,-22066,30143,-8077,0,0,0,0,1,0
3446,1794270,-18874,20358,-1485,0,-25947,27988,-2041,0,0,0,0,1,0
3447,1794791,-20970,18007,2963,0,-28831,24758,4073,0,0,0,0,1,0
3448,1795312,-22260,14964,7295,0,-30607,20576,10031,0,0,0,0,1,0
3449,1795833,-22694,11347,11347,0,-31207,15603,15603,0,0,0,0,1,0
3450,1796354,-22256,7294,14962,0,-30607,10031,20576,0,0,0,0,1,0
3451,1796875,-20964,2962,18002,0,-28831,4073,24758,0,0,0,0,1,0
3452,1797395,-18865,-1484,20349,0,-25947,-2041,27988,0,0,0,0,1,0
3453,1797916,-16042,-5872,21914,0,-22066,-8077,30143,0,0,0,0,1,0
3454,1798437,-12604,-10034,22637,0,-17337,-13802,31140,0,0,0,0,1,0
3455,1798958,-8681,-13809,22490,0,-11942,-18997,30940,0,0,0,0,1,0
3456,1799479,-4425,-17054,21479,0,-6088,-23462,29551,0,0,0,0,1,0
3457,1800000,0,-19642,19642,0,0,-27026,27026,0,0,0,0,1,0
3458,1800520,4424,-21476,17051,0,6088,-29551,23462,0,0,0,0,1,0
3459,1801041,8678,-22483,13805,0,11942,-30940,18997,0,0,0,0,1,0
3460,1801562,12598,-22627,10029,0,17337,-31140,13802,0,0,0,0,1,0
3461,1802083,16033,-21901,5868,0,22066,-30143,8077,0,0,0,0,1,0
3462,1802604,18851,-20334,1483,0,25947,-27988,2041,0,0,0,0,1,0
3463,1803125,20945,-17986,-2959,0,28831,-24758,-4073,0,0,0,0,1,0
3464,1803645,22234,-14947,-7287,0,30607,-20576,-10031,0,0,0,0,1,0
3465,1804166,22667,-11334,-11334,0,31207,-15603,-15603,0,0,0,0,1,0
3466,1804687,22230,-7286,-14945,0,30607,-10031,-20576,0,0,0,0,1,0
3467,1805208,20939,-2958,-17981,0,28831,-4073,-24758,0,0,0,0,1,0
3468,1805729,18843,1482,-20325,0,25947,2041,-27988,0,0,0,0,1,0
3469,1806250,16024,5865,-21889,0,22066,8077,-30143,0,0,0,0,1,0
3470,1806770,12589,10022,-22611,0,17337,13802,-31140,0,0,0,0,1,0
3471,1807291,8671,13793,-22464,0,11942,18997,-30940,0,0,0,0,1,0
3472,1807812,4420,17034,-21453,0,6088,23462,-29551,0,0,0,0,1,0
3473,1808333,0,19619,-19619,0,0,27026,-27026,0,0,0,0,1,0
3474,1808854,-4419,21450,-17031,0,-6088,29551,-23462,0,0,0,0,1,0
3475,1809375,-8668,22457,-13789,0,-11942,30940,-18997,0,0,0,0,1,0
3476,1809895,-12583,22601,-10017,0,-17337,31140,-13802,0,0,0,0,1,0
3477,1810416,-16014,21876,-5862,0,-22066,30143,-8077,0,0,0,0,1,0
3478,1810937,-18829,20310,-1481,0,-25947,27988,-2041,0,0,0,0,1,0
3479,1811458,-20920,17965,2956,0,-28831,24758,4073,0,0,0,0,1,0
3480,1811979,-22207,14929,7278,0,-30607,20576,10031,0,0,0,0,1,0
3481,1812500,-22641,11320,11320,0,-31207,15603,15603,0,0,0,0,1,0
3482,1813020,-22204,7277,14927,0,-30607,10031,20576,0,0,0,0,1,0
3483,1813541,-20914,2955,17960,0,-28831,4073,24758,0,0,0,0,1,0
3484,1814062,-18821,-1480,20302,0,-25947,-2041,27988,0,0,0,0,1,0
3485,1814583,-16005,-5858,21863,0,-22066,-8077,30143,0,0,0,0,1,0
3486,1815104,-12574,-10010,22584,0,-17337,-13802,31140,0,0,0,0,1,0
3487,1815625,-8660,-13777,22437,0,-11942,-18997,30940,0,0,0,0,1,0
3488,1816145,-4415,-17014,21428,0,-6088,-23462,29551,0,0,0,0,1,0
3489,1816666,0,-19596,19596,0,0,-27026,27026,0,0,0,0,1,0
3490,1817187,4414,-21425,17011,0,6088,-29551,23462,0,0,0,0,1,0
3491,1817708,8658,-22431,13773,0,11942,-30940,18997,0,0,0,0,1,0
3492,1818229,12568,-22574,10006,0,17337,-31140,13802,0,0,0,0,1,0
3493,1818750,15995,-21850,5855,0,22066,-30143,8077,0,0,0,0,1,0
3494,1819270,18807,-20287,1479,0,25947,-27988,2041,0,0,0,0,1,0
3495,1819791,20896,-17944,-2952,0,28831,-24758,-4073,0,0,0,0,1,0
3496,1820312,22182,-14912,-7270,0,30607,-20576,-10031,0,0,0,0,1,0
3497,1820833,22614,-11307,-11307,0,31207,-15603,-15603,0,0,0,0,1,0
3498,1821354,22178,-7269,-14910,0,30607,-10031,-20576,0,0,0,0,1,0
3499,1821875,20890,-2951,-17939,0,28831,-4073,-24758,0,0,0,0,1,0
3500,1822395,18799,1479,-20278,0,25947,2041,-27988,0,0,0,0,1,0
3501,1822916,15986,5851,-21838,0,22066,8077,-30143,0,0,0,0,1,0
3502,1823437,12559,9998,-22558,0,17337,13802,-31140,0,0,0,0,1,0
3503,1823958,8650,13761,-22411,0,11942,18997,-30940,0,0,0,0,1,0
3504,1824479,4410,16994,-21403,0,6088,23462,-29551,0,0,0,0,1,0
3505,1825000,0,19573,-19573,0,0,27026,-27026,0,0,0,0,1,0
3506,1825520,-4409,21400,-16991,0,-6088,29551,-23462,0,0,0,0,1,0
3507,1826041,-8648,22405,-13757,0,-11942,30940,-18997,0,0,0,0,1,0
3508,1826562,-12554,22548,-9994,0,-17337,31140,-13802,0,0,0,0,1,0
3509,1827083,-15977,21825,-5848,0,-22066,30143,-8077,0,0,0,0,1,0
3510,1827604,-18785,20263,-1478,0,-25947,27988,-2041,0,0,0,0,1,0
3511,1828125,-20872,17923,2949,0,-28831,24758,4073,0,0,0,0,1,0
3512,1828645,-22156,14894,7261,0,-30607,20576,10031,0,0,0,0,1,0
3513,1829166,-22588,11294,11294,0,-31207,15603,15603,0,0,0,0,1,0
3514,1829687,-22153,7260,14892,0,-30607,10031,20576,0,0,0,0,1,0
3515,1830208,-20866,2948,17918,0,-28831,4073,24758,0,0,0,0,1,0
3516,1830729,-18777,-1477,20254,0,-25947,-2041,27988,0,0,0,0,1,0
3517,1831250,-15968,-5845,21812,0,-22066,-8077,30143,0,0,0,0,1,0
3518,1831770,-12545,-9987,22532,0,-17337,-13802,31140,0,0,0,0,1,0
3519,1832291,-8640,-13745,22385,0,-11942,-18997,30940,0,0,0,0,1,0
3520,1832812,-4404,-16974,21379,0,-6088,-23462,29551,0,0,0,0,1,0
3521,1833333,0,-19551,19551,0,0,-27026,27026,0,0,0,0,1,0
3522,1833854,4404,-21375,16972,0,6088,-29551,23462,0,0,0,0,1,0
3523,1834375,8638,-22379,13741,0,11942,-30940,18997,0,0,0,0,1,0
3524,1834895,12539,-22522,9983,0,17337,-31140,13802,0,0,0,0,1,0
3525,1835416,15958,-21799,5841,0,22066,-30143,8077,0,0,0,0,1,0
3526,1835937,18764,-20240,1476,0,25947,-27988,2041,0,0,0,0,1,0
3527,1836458,20848,-17902,-2945,0,28831,-24758,-4073,0,0,0,0,1,0
3528,1836979,22130,-14877,-7253,0,30607,-20576,-10031,0,0,0,0,1,0
3529,1837500,22562,-11281,-11281,0,31207,-15603,-15603,0,0,0,0,1,0
3530,1838020,22127,-7252,-14875,0,30607,-10031,-20576,0,0,0,0,1,0
3531,1838541,20842,-2944,-17897,0,28831,-4073,-24758,0,0,0,0,1,0
3532,1839062,18756,1475,-20231,0,25947,2041,-27988,0,0,0,0,1,0
3533,1839583,15949,5838,-21787,0,22066,8077,-30143,0,0,0,0,1,0
3534,1840104,12530,9975,-22506,0,17337,13802,-31140,0,0,0,0,1,0
3535,1840625,8630,13729,-22359,0,11942,18997,-30940,0,0,0,0,1,0
3536,1841145,4399,16954,-21354,0,6088,23462,-29551,0,0,0,0,1,0
3537,1841666,0,19528,-19528,0,0,27026,-27026,0,0,0,0,1,0
3538,1842187,-4399,21351,-16952,0,-6088,29551,-23462,0,0,0,0,1,0
3539,1842708,-8628,22353,-13725,0,-11942,30940,-18997,0,0,0,0,1,0
3540,1843229,-12525,22496,-9971,0,-17337,31140,-13802,0,0,0,0,1,0
3541,1843750,-15940,21774,-5834,0,-22066,30143,-8077,0,0,0,0,1,0
3542,1844270,-18742,20216,-1474,0,-25947,27988,-2041,0,0,0,0,1,0
3543,1844791,-20823,17882,2942,0,-28831,24758,4073,0,0,0,0,1,0
3544,1845312,-22104,14860,7244,0,-30607,20576,10031,0,0,0,0,1,0
3545,1845833,-22536,11268,11268,0,-31207,15603,15603,0,0,0,0,1,0
3546,1846354,-22101,7243,14858,0,-30607,10031,20576,0,0,0,0,1,0
3547,1846875,-20817,2941,17876,0,-28831,4073,24758,0,0,0,0,1,0
3548,1847395,-18734,-1474,20207,0,-25947,-2041,27988,0,0,0,0,1,0
3549,1847916,-15931,-5831,21762,0,-22066,-8077,30143,0,0,0,0,1,0
3550,1848437,-12516,-9964,22480,0,-17337,-13802,31140,0,0,0,0,1,0
3551,1848958,-8620,-13713,22333,0,-11942,-18997,30940,0,0,0,0,1,0
3552,1849479,-4394,-16935,21329,0,-6088,-23462,29551,0,0,0,0,1,0
3553,1850000,0,-19505,19505,0,0,-27026,27026,0,0,0,0,1,0
3554,1850520,4394,-21326,16932,0,6088,-29551,23462,0,0,0,0,1,0
3555,1851041,8618,-22327,13709,0,11942,-30940,18997,0,0,0,0,1,0
3556,1851562,12510,-22470,9959,0,17337,-31140,13802,0,0,0,0,1,0
3557,1852083,15922,-21749,5828,0,22066,-30143,8077,0,0,0,0,1,0
3558,1852604,18720,-20193,1473,0,25947,-27988,2041,0,0,0,0,1,0
3559,1853125,20799,-17861,-2939,0,28831,-24758,-4073,0,0,0,0,1,0
3560,1853645,22079,-14843,-7236,0,30607,-20576,-10031,0,0,0,0,1,0
3561,1854166,22510,-11255,-11255,0,31207,-15603,-15603,0,0,0,0,1,0
3562,1854687,22076,-7235,-14841,0,30607,-10031,-20576,0,0,0,0,1,0
3563,1855208,20794,-2938,-17856,0,28831,-4073,-24758,0,0,0,0,1,0
3564,1855729,18712,1472,-20184,0,25947,2041,-27988,0,0,0,0,1,0
3565,1856250,15912,5824,-21737,0,22066,8077,-30143,0,0,0,0,1,0
3566,1856770,12501,9952,-22454,0,17337,13802,-31140,0,0,0,0,1,0
3567,1857291,8610,13697,-22308,0,11942,18997,-30940,0,0,0,0,1,0
3568,1857812,4389,16915,-21305,0,6088,23462,-29551,0,0,0,0,1,0
3569,1858333,0,19483,-19483,0,0,27026,-27026,0,0,0,0,1,0
3570,1858854,-4389,21302,-16913,0,-6088,29551,-23462,0,0,0,0,1,0
3571,1859375,-8608,22301,-13693,0,-11942,30940,-18997,0,0,0,0,1,0
3572,1859895,-12496,22444,-9948,0,-17337,31140,-13802,0,0,0,0,1,0
3573,1860416,-15903,21724,-5821,0,-22066,30143,-8077,0,0,0,0,1,0
3574,1860937,-18699,20170,-1471,0,-25947,27988,-2041,0,0,0,0,1,0
3575,1861458,-20776,17840,2935,0,-28831,24758,4073,0,0,0,0,1,0
3576,1861979,-22054,14826,7228,0,-30607,20576,10031,0,0,0,0,1,0
3577,1862500,-22484,11242,11242,0,-31207,15603,15603,0,0,0,0,1,0
3578,1863020,-22051,7227,14824,0,-30607,10031,20576,0,0,0,0,1,0
3579,1863541,-20770,2934,17835,0,-28831,4073,24758,0,0,0,0,1,0
3580,1864062,-18691,-1470,20161,0,-25947,-2041,27988,0,0,0,0,1,0
3581,1864583,-15894,-5818,21712,0,-22066,-8077,30143,0,0,0,0,1,0
3582,1865104,-12487,-9941,22428,0,-17337,-13802,31140,0,0,0,0,1,0
3583,1865625,-8601,-13682,22282,0,-11942,-18997,30940,0,0,0,0,1,0
3584,1866145,-4384,-16896,21280,0,-6088,-23462,29551,0,0,0,0,1,0
3585,1866666,0,-19461,19461,0,0,-27026,27026,0,0,0,0,1,0
3586,1867187,4384,-21277,16894,0,6088,-29551,23462,0,0,0,0,1,0
3587,1867708,8598,-22276,13678,0,11942,-30940,18997,0,0,0,0,1,0
3588,1868229,12482,-22418,9937,0,17337,-31140,13802,0,0,0,0,1,0
3589,1868750,15885,-21699,5814,0,22066,-30143,8077,0,0,0,0,1,0
3590,1869270,18678,-20147,1469,0,25947,-27988,2041,0,0,0,0,1,0
3591,1869791,20752,-17820,-2932,0,28831,-24758,-4073,0,0,0,0,1,0
3592,1870312,22028,-14809,-7220,0,30607,-20576,-10031,0,0,0,0,1,0
3593,1870833,22458,-11229,-11229,0,31207,-15603,-15603,0,0,0,0,1,0
3594,1871354,22025,-7219,-14807,0,30607,-10031,-20576,0,0,0,0,1,0
3595,1871875,20746,-2931,-17815,0,28831,-4073,-24758,0,0,0,0,1,0
3596,1872395,18670,1469,-20138,0,25947,2041,-27988,0,0,0,0,1,0
3597,1872916,15876,5811,-21687,0,22066,8077,-30143,0,0,0,0,1,0
3598,1873437,12473,9930,-22402,0,17337,13802,-31140,0,0,0,0,1,0
3599,1873958,8591,13666,-22257,0,11942,18997,-30940,0,0,0,0,1,0
3600,1874479,4379,16877,-21256,0,6088,23462,-29551,0,0,0,0,1,0
3601,1875000,0,19439,-19439,0,0,27026,-27026,0,0,0,0,1,0
3602,1875520,-4379,21253,-16874,0,-6088,29551,-23462,0,0,0,0,1,0
3603,1876041,-8588,22250,-13662,0,-11942,30940,-18997,0,0,0,0,1,0
3604,1876562,-12467,22393,-9925,0,-17337,31140,-13802,0,0,0,0,1,0
3605,1877083,-15867,21675,-5808,0,-22066,30143,-8077,0,0,0,0,1,0
3606,1877604,-18656,20124,-1467,0,-25947,27988,-2041,0,0,0,0,1,0
3607,1878125,-20728,17800,2928,0,-28831,24758,4073,0,0,0,0,1,0
3608,1878645,-22003,14792,7211,0,-30607,20576,10031,0,0,0,0,1,0
3609,1879166,-22433,11216,11216,0,-31207,15603,15603,0,0,0,0,1,0
3610,1879687,-22000,7210,14790,0,-30607,10031,20576,0,0,0,0,1,0
3611,1880208,-20722,2928,17795,0,-28831,4073,24758,0,0,0,0,1,0
3612,1880729,-18648,-1467,20115,0,-25947,-2041,27988,0,0,0,0,1,0
3613,1881250,-15858,-5804,21662,0,-22066,-8077,30143,0,0,0,0,1,0
3614,1881770,-12459,-9918,22377,0,-17337,-13802,31140,0,0,0,0,1,0
3615,1882291,-8581,-13650,22231,0,-11942,-18997,30940,0,0,0,0,1,0
3616,1882812,-4374,-16858,21232,0,-6088,-23462,29551,0,0,0,0,1,0
3617,1883333,0,-19416,19416,0,0,-27026,27026,0,0,0,0,1,0
3618,1883854,4374,-21229,16855,0,6088,-29551,23462,0,0,0,0,1,0
3619,1884375,8579,-22225,13647,0,11942,-30940,18997,0,0,0,0,1,0
3620,1884895,12453,-22367,9914,0,17337,-31140,13802,0,0,0,0,1,0
3621,1885416,15849,-21650,5801,0,22066,-30143,8077,0,0,0,0,1,0
3622,1885937,18635,-20101,1466,0,25947,-27988,2041,0,0,0,0,1,0
3623,1886458,20705,-17780,-2925,0,28831,-24758,-4073,0,0,0,0,1,0
3624,1886979,21978,-14775,-7203,0,30607,-20576,-10031,0,0,0,0,1,0
3625,1887500,22407,-11204,-11204,0,31207,-15603,-15603,0,0,0,0,1,0
3626,1888020,21975,-7202,-14773,0,30607,-10031,-20576,0,0,0,0,1,0
3627,1888541,20699,-2924,-17775,0,28831,-4073,-24758,0,0,0,0,1,0
3628,1889062,18627,1465,-20092,0,25947,2041,-27988,0,0,0,0,1,0
3629,1889583,15840,5798,-21638,0,22066,8077,-30143,0,0,0,0,1,0
3630,1890104,12445,9907,-22352,0,17337,13802,-31140,0,0,0,0,1,0
3631,1890625,8571,13635,-22206,0,11942,18997,-30940,0,0,0,0,1,0
3632,1891145,4369,16838,-21208,0,6088,23462,-29551,0,0,0,0,1,0
3633,1891666,0,19394,-19394,0,0,27026,-27026,0,0,0,0,1,0
3634,1892187,-4369,21205,-16836,0,-6088,29551,-23462,0,0,0,0,1,0
3635,1892708,-8569,22200,-13631,0,-11942,30940,-18997,0,0,0,0,1,0
3636,1893229,-12439,22342,-9903,0,-17337,31140,-13802,0,0,0,0,1,0
3637,1893750,-15831,21626,-5795,0,-22066,30143,-8077,0,0,0,0,1,0
3638,1894270,-18614,20078,-1464,0,-25947,27988,-2041,0,0,0,0,1,0
3639,1894791,-20681,17759,2922,0,-28831,24758,4073,0,0,0,0,1,0
3640,1895312,-21954,14759,7195,0,-30607,20576,10031,0,0,0,0,1,0
3641,1895833,-22382,11191,11191,0,-31207,15603,15603,0,0,0,0,1,0
3642,1896354,-21950,7194,14757,0,-30607,10031,20576,0,0,0,0,1,0
3643,1896875,-20675,2921,17754,0,-28831,4073,24758,0,0,0,0,1,0
3644,1897395,-18606,-1464,20070,0,-25947,-2041,27988,0,0,0,0,1,0
3645,1897916,-15822,-5791,21613,0,-22066,-8077,30143,0,0,0,0,1,0
3646,1898437,-12430,-9896,22326,0,-17337,-13802,31140,0,0,0,0,1,0
3647,1898958,-8562,-13620,22181,0,-11942,-18997,30940,0,0,0,0,1,0
3648,1899479,-4364,-16819,21184,0,-6088,-23462,29551,0,0,0,0,1,0
3649,1900000,0,-19373,19373,0,0,-27026,27026,0,0,0,0,1,0
3650,1900520,4364,-21181,16817,0,6088,-29551,23462,0,0,0,0,1,0
3651,1901041,8559,-22175,13616,0,11942,-30940,18997,0,0,0,0,1,0
3652,1901562,12425,-22317,9892,0,17337,-31140,13802,0,0,0,0,1,0
3653,1902083,15813,-21601,5788,0,22066,-30143,8077,0,0,0,0,1,0
3654,1902604,18593,-20056,1463,0,25947,-27988,2041,0,0,0,0,1,0
3655,1903125,20658,-17739,-2919,0,28831,-24758,-4073,0,0,0,0,1,0
3656,1903645,21929,-14742,-7187,0,30607,-20576,-10031,0,0,0,0,1,0
3657,1904166,22357,-11178,-11178,0,31207,-15603,-15603,0,0,0,0,1,0
3658,1904687,21926,-7186,-14740,0,30607,-10031,-20576,0,0,0,0,1,0
3659,1905208,20652,-2918,-17734,0,28831,-4073,-24758,0,0,0,0,1,0
3660,1905729,18585,1462,-20047,0,25947,2041,-27988,0,0,0,0,1,0
3661,1906250,15804,5785,-21589,0,22066,8077,-30143,0,0,0,0,1,0
3662,1906770,12416,9885,-22301,0,17337,13802,-31140,0,0,0,0,1,0
3663,1907291,8552,13604,-22156,0,11942,18997,-30940,0,0,0,0,1,0
3664,1907812,4359,16801,-21160,0,6088,23462,-29551,0,0,0,0,1,0
3665,1908333,0,19351,-19351,0,0,27026,-27026,0,0,0,0,1,0
3666,1908854,-4359,21157,-16798,0,-6088,29551,-23462,0,0,0,0,1,0
3667,1909375,-8550,22150,-13600,0,-11942,30940,-18997,0,0,0,0,1,0
3668,1909895,-12411,22292,-9881,0,-17337,31140,-13802,0,0,0,0,1,0
3669,1910416,-15795,21577,-5782,0,-22066,30143,-8077,0,0,0,0,1,0
3670,1910937,-18572,20033,-1461,0,-25947,27988,-2041,0,0,0,0,1,0
3671,1911458,-20635,17720,2915,0,-28831,24758,4073,0,0,0,0,1,0
3672,1911979,-21904,14725,7179,0,-30607,20576,10031,0,0,0,0,1,0
3673,1912500,-22332,11166,11166,0,-31207,15603,15603,0,0,0,0,1,0
3674,1913020,-21901,7178,14723,0,-30607,10031,20576,0,0,0,0,1,0
3675,1913541,-20629,2914,17715,0,-28831,4073,24758,0,0,0,0,1,0
3676,1914062,-18564,-1460,20025,0,-25947,-2041,27988,0,0,0,0,1,0
3677,1914583,-15787,-5778,21565,0,-22066,-8077,30143,0,0,0,0,1,0
3678,1915104,-12403,-9874,22276,0,-17337,-13802,31140,0,0,0,0,1,0
3679,1915625,-8542,-13589,22131,0,-11942,-18997,30940,0,0,0,0,1,0
3680,1916145,-4355,-16782,21136,0,-6088,-23462,29551,0,0,0,0,1,0
3681,1916666,0,-19329,19329,0,0,-27026,27026,0,0,0,0,1,0
3682,1917187,4354,-21133,16779,0,6088,-29551,23462,0,0,0,0,1,0
3683,1917708,8540,-22125,13585,0,11942,-30940,18997,0,0,0,0,1,0
3684,1918229,12397,-22267,9870,0,17337,-31140,13802,0,0,0,0,1,0
3685,1918750,15778,-21553,5775,0,22066,-30143,8077,0,0,0,0,1,0
3686,1919270,18551,-20011,1459,0,25947,-27988,2041,0,0,0,0,1,0
3687,1919791,20612,-17700,-2912,0,28831,-24758,-4073,0,0,0,0,1,0
3688,1920312,21880,-14709,-7171,0,30607,-20576,-10031,0,0,0,0,1,0
3689,1920833,22307,-11153,-11153,0,31207,-15603,-15603,0,0,0,0,1,0
3690,1921354,21877,-7170,-14707,0,30607,-10031,-20576,0,0,0,0,1,0
3691,1921875,20606,-2911,-17695,0,28831,-4073,-24758,0,0,0,0,1,0
3692,1922395,18544,1459,-20002,0,25947,2041,-27988,0,0,0,0,1,0
3693,1922916,15769,5772,-21541,0,22066,8077,-30143,0,0,0,0,1,0
3694,1923437,12389,9863,-22251,0,17337,13802,-31140,0,0,0,0,1,0
3695,1923958,8533,13574,-22107,0,11942,18997,-30940,0,0,0,0,1,0
3696,1924479,4350,16763,-21113,0,6088,23462,-29551,0,0,0,0,1,0
3697,1925000,0,19308,-19308,0,0,27026,-27026,0,0,0,0,1,0
3698,1925520,-4349,21110,-16761,0,-6088,29551,-23462,0,0,0,0,1,0
3699,1926041,-8531,22101,-13570,0,-11942,30940,-18997,0,0,0,0,1,0
3700,1926562,-12384,22242,-9859,0,-17337,31140,-13802,0,0,0,0,1,0
3701,1927083,-15760,21529,-5769,0,-22066,30143,-8077,0,0,0,0,1,0
3702,1927604,-18531,19988,-1458,0,-25947,27988,-2041,0,0,0,0,1,0
3703,1928125,-20589,17680,2909,0,-28831,24758,4073,0,0,0,0,1,0
3704,1928645,-21855,14693,7163,0,-30607,20576,10031,0,0,0,0,1,0
3705,1929166,-22282,11141,11141,0,-31207,15603,15603,0,0,0,0,1,0
3706,1929687,-21852,7162,14691,0,-30607,10031,20576,0,0,0,0,1,0
3707,1930208,-20583,2908,17675,0,-28831,4073,24758,0,0,0,0,1,0
3708,1930729,-18523,-1457,19980,0,-25947,-2041,27988,0,0,0,0,1,0
3709,1931250,-15751,-5765,21517,0,-22066,-8077,30143,0,0,0,0,1,0
3710,1931770,-12375,-9852,22227,0,-17337,-13802,31140,0,0,0,0,1,0
3711,1932291,-8523,-13559,22082,0,-11942,-18997,30940,0,0,0,0,1,0
3712,1932812,-4345,-16744,21089,0,-6088,-23462,29551,0,0,0,0,1,0
3713,1933333,0,-19286,19286,0,0,-27026,27026,0,0,0,0,1,0
3714,1933854,4344,-21086,16742,0,6088,-29551,23462,0,0,0,0,1,0
3715,1934375,8521,-22076,13555,0,11942,-30940,18997,0,0,0,0,1,0
3716,1934895,12370,-22217,9848,0,17337,-31140,13802,0,0,0,0,1,0
3717,1935416,15743,-21505,5762,0,22066,-30143,8077,0,0,0,0,1,0
3718,1935937,18510,-19966,1456,0,25947,-27988,2041,0,0,0,0,1,0
3719,1936458,20566,-17660,-2906,0,28831,-24758,-4073,0,0,0,0,1,0
3720,1936979,21831,-14676,-7155,0,30607,-20576,-10031,0,0,0,0,1,0
3721,1937500,22257,-11129,-11129,0,31207,-15603,-15603,0,0,0,0,1,0
3722,1938020,21828,-7154,-14674,0,30607,-10031,-20576,0,0,0,0,1,0
3723,1938541,20560,-2905,-17655,0,28831,-4073,-24758,0,0,0,0,1,0
3724,1939062,18502,1455,-19958,0,25947,2041,-27988,0,0,0,0,1,0
3725,1939583,15734,5759,-21493,0,22066,8077,-30143,0,0,0,0,1,0
3726,1940104,12361,9841,-22202,0,17337,13802,-31140,0,0,0,0,1,0
3727,1940625,8514,13544,-22058,0,11942,18997,-30940,0,0,0,0,1,0
3728,1941145,4340,16726,-21066,0,6088,23462,-29551,0,0,0,0,1,0
3729,1941666,0,19265,-19265,0,0,27026,-27026,0,0,0,0,1,0
3730,1942187,-4339,21063,-16723,0,-6088,29551,-23462,0,0,0,0,1,0
3731,1942708,-8512,22052,-13540,0,-11942,30940,-18997,0,0,0,0,1,0
3732,1943229,-12356,22193,-9837,0,-17337,31140,-13802,0,0,0,0,1,0
3733,1943750,-15725,21481,-5756,0,-22066,30143,-8077,0,0,0,0,1,0
3734,1944270,-18490,19944,-1454,0,-25947,27988,-2041,0,0,0,0,1,0
3735,1944791,-20543,17641,2902,0,-28831,24758,4073,0,0,0,0,1,0
3736,1945312,-21807,14660,7147,0,-30607,20576,10031,0,0,0,0,1,0
3737,1945833,-22233,11116,11116,0,-31207,15603,15603,0,0,0,0,1,0
3738,1946354,-21804,7146,14658,0,-30607,10031,20576,0,0,0,0,1,0
3739,1946875,-20537,2902,17636,0,-28831,4073,24758,0,0,0,0,1,0
3740,1947395,-18482,-1454,19936,0,-25947,-2041,27988,0,0,0,0,1,0
3741,1947916,-15717,-5753,21469,0,-22066,-8077,30143,0,0,0,0,1,0
3742,1948437,-12348,-9830,22177,0,-17337,-13802,31140,0,0,0,0,1,0
3743,1948958,-8505,-13529,22033,0,-11942,-18997,30940,0,0,0,0,1,0
3744,1949479,-4335,-16707,21043,0,-6088,-23462,29551,0,0,0,0,1,0
3745,1950000,0,-19243,19243,0,0,-27026,27026,0,0,0,0,1,0
3746,1950520,4335,-21040,16705,0,6088,-29551,23462,0,0,0,0,1,0
3747,1951041,8502,-22027,13525,0,11942,-30940,18997,0,0,0,0,1,0
3748,1951562,12342,-22168,9826,0,17337,-31140,13802,0,0,0,0,1,0
3749,1952083,15708,-21457,5749,0,22066,-30143,8077,0,0,0,0,1,0
3750,1952604,18469,-19922,1453,0,25947,-27988,2041,0,0,0,0,1,0
3751,1953125,20520,-17621,-2899,0,28831,-24758,-4073,0,0,0,0,1,0
3752,1953645,21783,-14644,-7139,0,30607,-20576,-10031,0,0,0,0,1,0
3753,1954166,22208,-11104,-11104,0,31207,-15603,-15603,0,0,0,0,1,0
3754,1954687,21780,-7138,-14642,0,30607,-10031,-20576,0,0,0,0,1,0
3755,1955208,20515,-2898,-17616,0,28831,-4073,-24758,0,0,0,0,1,0
3756,1955729,18462,1452,-19914,0,25947,2041,-27988,0,0,0,0,1,0
3757,1956250,15699,5746,-21446,0,22066,8077,-30143,0,0,0,0,1,0
3758,1956770,12334,9819,-22153,0,17337,13802,-31140,0,0,0,0,1,0
3759,1957291,8495,13514,-22009,0,11942,18997,-30940,0,0,0,0,1,0
3760,1957812,4331,16689,-21019,0,6088,23462,-29551,0,0,0,0,1,0
3761,1958333,0,19222,-19222,0,0,27026,-27026,0,0,0,0,1,0
3762,1958854,-4330,21017,-16687,0,-6088,29551,-23462,0,0,0,0,1,0
3763,1959375,-8493,22003,-13510,0,-11942,30940,-18997,0,0,0,0,1,0
3764,1959895,-12329,22144,-9815,0,-17337,31140,-13802,0,0,0,0,1,0
3765,1960416,-15691,21434,-5743,0,-22066,30143,-8077,0,0,0,0,1,0
3766,1960937,-18449,19900,-1451,0,-25947,27988,-2041,0,0,0,0,1,0
3767,1961458,-20498,17602,2896,0,-28831,24758,4073,0,0,0,0,1,0
3768,1961979,-21759,14628,7131,0,-30607,20576,10031,0,0,0,0,1,0
3769,1962500,-22184,11092,11092,0,-31207,15603,15603,0,0,0,0,1,0
3770,1963020,-21756,7130,14626,0,-30607,10031,20576,0,0,0,0,1,0
3771,1963541,-20492,2895,17597,0,-28831,4073,24758,0,0,0,0,1,0
3772,1964062,-18441,-1451,19892,0,-25947,-2041,27988,0,0,0,0,1,0
3773,1964583,-15682,-5740,21422,0,-22066,-8077,30143,0,0,0,0,1,0
3774,1965104,-12320,-9808,22129,0,-17337,-13802,31140,0,0,0,0,1,0
3775,1965625,-8486,-13499,21985,0,-11942,-18997,30940,0,0,0,0,1,0
3776,1966145,-4326,-16671,20996,0,-6088,-23462,29551,0,0,0,0,1,0
3777,1966666,0,-19201,19201,0,0,-27026,27026,0,0,0,0,1,0
3778,1967187,4325,-20994,16668,0,6088,-29551,23462,0,0,0,0,1,0
3779,1967708,8484,-21979,13495,0,11942,-30940,18997,0,0,0,0,1,0
3780,1968229,12315,-22120,9804,0,17337,-31140,13802,0,0,0,0,1,0
3781,1968750,15673,-21410,5737,0,22066,-30143,8077,0,0,0,0,1,0
3782,1969270,18429,-19878,1450,0,25947,-27988,2041,0,0,0,0,1,0
3783,1969791,20475,-17583,-2893,0,28831,-24758,-4073,0,0,0,0,1,0
3784,1970312,21735,-14612,-7123,0,30607,-20576,-10031,0,0,0,0,1,0
3785,1970833,22159,-11080,-11080,0,31207,-15603,-15603,0,0,0,0,1,0
3786,1971354,21732,-7122,-14610,0,30607,-10031,-20576,0,0,0,0,1,0
3787,1971875,20470,-2892,-17578,0,28831,-4073,-24758,0,0,0,0,1,0
3788,1972395,18421,1449,-19870,0,25947,2041,-27988,0,0,0,0,1,0
3789,1972916,15665,5734,-21399,0,22066,8077,-30143,0,0,0,0,1,0
3790,1973437,12307,9798,-22105,0,17337,13802,-31140,0,0,0,0,1,0
3791,1973958,8477,13484,-21961,0,11942,18997,-30940,0,0,0,0,1,0
3792,1974479,4321,16652,-20973,0,6088,23462,-29551,0,0,0,0,1,0
3793,1975000,0,19180,-19180,0,0,27026,-27026,0,0,0,0,1,0
3794,1975520,-4320,20971,-16650,0,-6088,29551,-23462,0,0,0,0,1,0
3795,1976041,-8474,21955,-13481,0,-11942,30940,-18997,0,0,0,0,1,0
3796,1976562,-12302,22095,-9794,0,-17337,31140,-13802,0,0,0,0,1,0
3797,1977083,-15656,21387,-5731,0,-22066,30143,-8077,0,0,0,0,1,0
3798,1977604,-18409,19857,-1448,0,-25947,27988,-2041,0,0,0,0,1,0
3799,1978125,-20453,17564,2890,0,-28831,24758,4073,0,0,0,0,1,0
3800,1978645,-21711,14596,7116,0,-30607,20576,10031,0,0,0,0,1,0
3801,1979166,-22135,11068,11068,0,-31207,15603,15603,0,0,0,0,1,0
3802,1979687,-21709,7115,14594,0,-30607,10031,20576,0,0,0,0,1,0
3803,1980208,-20448,2889,17559,0,-28831,4073,24758,0,0,0,0,1,0
3804,1980729,-18401,-1447,19849,0,-25947,-2041,27988,0,0,0,0,1,0
3805,1981250,-15648,-5727,21375,0,-22066,-8077,30143,0,0,0,0,1,0
3806,1981770,-12294,-9787,22080,0,-17337,-13802,31140,0,0,0,0,1,0
3807,1982291,-8467,-13470,21937,0,-11942,-18997,30940,0,0,0,0,1,0
3808,1982812,-4316,-16634,20951,0,-6088,-23462,29551,0,0,0,0,1,0
3809,1983333,0,-19159,19159,0,0,-27026,27026,0,0,0,0,1,0
3810,1983854,4316,-20948,16632,0,6088,-29551,23462,0,0,0,0,1,0
3811,1984375,8465,-21931,13466,0,11942,-30940,18997,0,0,0,0,1,0
3812,1984895,12289,-22071,9783,0,17337,-31140,13802,0,0,0,0,1,0
3813,1985416,15639,-21364,5724,0,22066,-30143,8077,0,0,0,0,1,0
3814,1985937,18389,-19835,1446,0,25947,-27988,2041,0,0,0,0,1,0
3815,1986458,20431,-17544,-2886,0,28831,-24758,-4073,0,0,0,0,1,0
3816,1986979,21688,-14580,-7108,0,30607,-20576,-10031,0,0,0,0,1,0
3817,1987500,22111,-11056,-11056,0,31207,-15603,-15603,0,0,0,0,1,0
3818,1988020,21685,-7107,-14578,0,30607,-10031,-20576,0,0,0,0,1,0
3819,1988541,20425,-2886,-17540,0,28831,-4073,-24758,0,0,0,0,1,0
3820,1989062,18381,1446,-19827,0,25947,2041,-27988,0,0,0,0,1,0
3821,1989583,15631,5721,-21352,0,22066,8077,-30143,0,0,0,0,1,0
3822,1990104,12280,9776,-22056,0,17337,13802,-31140,0,0,0,0,1,0
3823,1990625,8458,13455,-21913,0,11942,18997,-30940,0,0,0,0,1,0
3824,1991145,4312,16616,-20928,0,6088,23462,-29551,0,0,0,0,1,0
3825,1991666,0,19139,-19139,0,0,27026,-27026,0,0,0,0,1,0
3826,1992187,-4311,20925,-16614,0,-6088,29551,-23462,0,0,0,0,1,0
3827,1992708,-8456,21907,-13451,0,-11942,30940,-18997,0,0,0,0,1,0
3828,1993229,-12275,22048,-9772,0,-17337,31140,-13802,0,0,0,0,1,0
3829,1993750,-15622,21341,-5718,0,-22066,30143,-8077,0,0,0,0,1,0
3830,1994270,-18369,19814,-1445,0,-25947,27988,-2041,0,0,0,0,1,0
3831,1994791,-20409,17525,2883,0,-28831,24758,4073,0,0,0,0,1,0
3832,1995312,-21664,14564,7100,0,-30607,20576,10031,0,0,0,0,1,0
3833,1995833,-22087,11044,11044,0,-31207,15603,15603,0,0,0,0,1,0
3834,1996354,-21662,7099,14562,0,-30607,10031,20576,0,0,0,0,1,0
3835,1996875,-20403,2883,17521,0,-28831,4073,24758,0,0,0,0,1,0
3836,1997395,-18361,-1444,19806,0,-25947,-2041,27988,0,0,0,0,1,0
3837,1997916,-15614,-5715,21329,0,-22066,-8077,30143,0,0,0,0,1,0
3838,1998437,-12267,-9766,22033,0,-17337,-13802,31140,0,0,0,0,1,0
3839,1998958,-8449,-13440,21890,0,-11942,-18997,30940,0,0,0,0,1,0
3840,1999479,-4307,-16598,20905,0,-6088,-23462,29551,0,0,0,0,1,0
3841,2000000,0,-19118,19118,0,0,-27026,27026,0,0,0,0,1,0
3842,2000520,4306,-20902,16596,0,6088,-29551,23462,0,0,0,0,1,0
3843,2001041,8447,-21884,13437,0,11942,-30940,18997,0,0,0,0,1,0
3844,2001562,12262,-22024,9762,0,17337,-31140,13802,0,0,0,0,1,0
3845,2002083,15605,-21317,5712,0,22066,-30143,8077,0,0,0,0,1,0
3846,2002604,18349,-19792,1443,0,25947,-27988,2041,0,0,0,0,1,0
3847,2003124,20387,-17507,-2880,0,28831,-24758,-4073,0,0,0,0,1,0
3848,2003645,21641,-14548,-7093,0,30607,-20576,-10031,0,0,0,0,1,0
3849,2004166,22064,-11032,-11032,0,31207,-15603,-15603,0,0,0,0,1,0
3850,2004687,21638,-7092,-14547,0,30607,-10031,-20576,0,0,0,0,1,0
3851,2005208,20381,-2879,-17502,0,28831,-4073,-24758,0,0,0,0,1,0
3852,2005729,18341,1443,-19784,0,25947,2041,-27988,0,0,0,0,1,0
3853,2006250,15597,5709,-21306,0,22066,8077,-30143,0,0,0,0,1,0
3854,2006770,12254,9755,-22009,0,17337,13802,-31140,0,0,0,0,1,0
3855,2007291,8440,13426,-21866,0,11942,18997,-30940,0,0,0,0,1,0
3856,2007812,4302,16580,-20883,0,6088,23462,-29551,0,0,0,0,1,0
3857,2008333,0,19097,-19097,0,0,27026,-27026,0,0,0,0,1,0
3858,2008854,-4302,20880,-16578,0,-6088,29551,-23462,0,0,0,0,1,0
3859,2009375,-8438,21860,-13422,0,-11942,30940,-18997,0,0,0,0,1,0
3860,2009895,-12249,22000,-9751,0,-17337,31140,-13802,0,0,0,0,1,0
3861,2010416,-15589,21295,-5706,0,-22066,30143,-8077,0,0,0,0,1,0
3862,2010937,-18329,19771,-1442,0,-25947,27988,-2041,0,0,0,0,1,0
3863,2011458,-20365,17488,2877,0,-28831,24758,4073,0,0,0,0,1,0
3864,2011979,-21618,14533,7085,0,-30607,20576,10031,0,0,0,0,1,0
3865,2012500,-22040,11020,11020,0,-31207,15603,15603,0,0,0,0,1,0
3866,2013020,-21615,7084,14531,0,-30607,10031,20576,0,0,0,0,1,0
3867,2013541,-20359,2876,17483,0,-28831,4073,24758,0,0,0,0,1,0
3868,2014062,-18322,-1441,19763,0,-25947,-2041,27988,0,0,0,0,1,0
3869,2014583,-15580,-5703,21283,0,-22066,-8077,30143,0,0,0,0,1,0
3870,2015104,-12241,-9745,21985,0,-17337,-13802,31140,0,0,0,0,1,0
3871,2015625,-8431,-13412,21843,0,-11942,-18997,30940,0,0,0,0,1,0
3872,2016145,-4298,-16563,20860,0,-6088,-23462,29551,0,0,0,0,1,0
3873,2016666,0,-19077,19077,0,0,-27026,27026,0,0,0,0,1,0
3874,2017187,4297,-20858,16560,0,6088,-29551,23462,0,0,0,0,1,0
3875,2017708,8429,-21837,13408,0,11942,-30940,18997,0,0,0,0,1,0
3876,2018229,12236,-21976,9741,0,17337,-31140,13802,0,0,0,0,1,0
3877,2018749,15572,-21272,5700,0,22066,-30143,8077,0,0,0,0,1,0
3878,2019270,18310,-19750,1440,0,25947,-27988,2041,0,0,0,0,1,0
3879,2019791,20343,-17469,-2874,0,28831,-24758,-4073,0,0,0,0,1,0
3880,2020312,21595,-14517,-7077,0,30607,-20576,-10031,0,0,0,0,1,0
3881,2020833,22016,-11008,-11008,0,31207,-15603,-15603,0,0,0,0,1,0
3882,2021354,21592,-7076,-14515,0,30607,-10031,-20576,0,0,0,0,1,0
3883,2021875,20338,-2873,-17464,0,28831,-4073,-24758,0,0,0,0,1,0
3884,2022395,18302,1440,-19742,0,25947,2041,-27988,0,0,0,0,1,0
3885,2022916,15564,5697,-21260,0,22066,8077,-30143,0,0,0,0,1,0
3886,2023437,12228,9734,-21962,0,17337,13802,-31140,0,0,0,0,1,0
3887,2023958,8422,13397,-21819,0,11942,18997,-30940,0,0,0,0,1,0
3888,2024479,4293,16545,-20838,0,6088,23462,-29551,0,0,0,0,1,0
3889,2025000,0,19056,-19056,0,0,27026,-27026,0,0,0,0,1,0
3890,2025520,-4293,20835,-16543,0,-6088,29551,-23462,0,0,0,0,1,0
3891,2026041,-8420,21813,-13394,0,-11942,30940,-18997,0,0,0,0,1,0
3892,2026562,-12223,21953,-9730,0,-17337,31140,-13802,0,0,0,0,1,0
3893,2027083,-15555,21249,-5694,0,-22066,30143,-8077,0,0,0,0,1,0
3894,2027604,-18290,19729,-1439,0,-25947,27988,-2041,0,0,0,0,1,0
3895,2028125,-20321,17450,2871,0,-28831,24758,4073,0,0,0,0,1,0
3896,2028645,-21572,14502,7070,0,-30607,20576,10031,0,0,0,0,1,0
3897,2029166,-21993,10996,10996,0,-31207,15603,15603,0,0,0,0,1,0
3898,2029687,-21569,7069,14500,0,-30607,10031,20576,0,0,0,0,1,0
3899,2030208,-20316,2870,17446,0,-28831,4073,24758,0,0,0,0,1,0
3900,2030729,-18283,-1438,19721,0,-25947,-2041,27988,0,0,0,0,1,0
3901,2031250,-15547,-5691,21238,0,-22066,-8077,30143,0,0,0,0,1,0
3902,2031770,-12214,-9724,21938,0,-17337,-13802,31140,0,0,0,0,1,0
3903,2032291,-8413,-13383,21796,0,-11942,-18997,30940,0,0,0,0,1,0
3904,2032812,-4289,-16527,20816,0,-6088,-23462,29551,0,0,0,0,1,0
3905,2033333,0,-19036,19036,0,0,-27026,27026,0,0,0,0,1,0
3906,2033854,4288,-20813,16525,0,6088,-29551,23462,0,0,0,0,1,0
3907,2034374,8411,-21790,13379,0,11942,-30940,18997,0,0,0,0,1,0
3908,2034895,12210,-21930,9720,0,17337,-31140,13802,0,0,0,0,1,0
3909,2035416,15539,-21226,5688,0,22066,-30143,8077,0,0,0,0,1,0
3910,2035937,18271,-19708,1437,0,25947,-27988,2041,0,0,0,0,1,0
3911,2036458,20300,-17432,-2868,0,28831,-24758,-4073,0,0,0,0,1,0
3912,2036979,21549,-14486,-7062,0,30607,-20576,-10031,0,0,0,0,1,0
3913,2037500,21969,-10985,-10985,0,31207,-15603,-15603,0,0,0,0,1,0
3914,2038020,21546,-7061,-14484,0,30607,-10031,-20576,0,0,0,0,1,0
3915,2038541,20294,-2867,-17427,0,28831,-4073,-24758,0,0,0,0,1,0
3916,2039062,18263,1437,-19700,0,25947,2041,-27988,0,0,0,0,1,0
3917,2039583,15531,5685,-21215,0,22066,8077,-30143,0,0,0,0,1,0
3918,2040104,12202,9714,-21915,0,17337,13802,-31140,0,0,0,0,1,0
3919,2040625,8404,13369,-21773,0,11942,18997,-30940,0,0,0,0,1,0
3920,2041145,4284,16510,-20794,0,6088,23462,-29551,0,0,0,0,1,0
3921,2041666,0,19016,-19016,0,0,27026,-27026,0,0,0,0,1,0
3922,2042187,-4283,20791,-16508,0,-6088,29551,-23462,0,0,0,0,1,0
3923,2042708,-8402,21767,-13365,0,-11942,30940,-18997,0,0,0,0,1,0
3924,2043229,-12197,21906,-9710,0,-17337,31140,-13802,0,0,0,0,1,0
3925,2043750,-15522,21204,-5682,0,-22066,30143,-8077,0,0,0,0,1,0
3926,2044270,-18251,19687,-1436,0,-25947,27988,-2041,0,0,0,0,1,0
3927,2044791,-20278,17413,2865,0,-28831,24758,4073,0,0,0,0,1,0
3928,2045312,-21526,14471,7055,0,-30607,20576,10031,0,0,0,0,1,0
3929,2045833,-21946,10973,10973,0,-31207,15603,15603,0,0,0,0,1,0
3930,2046354,-21523,7054,14469,0,-30607,10031,20576,0,0,0,0,1,0
3931,2046875,-20273,2864,17409,0,-28831,4073,24758,0,0,0,0,1,0
3932,2047395,-18244,-1435,19679,0,-25947,-2041,27988,0,0,0,0,1,0
3933,2047916,-15514,-5679,21193,0,-22066,-8077,30143,0,0,0,0,1,0
3934,2048437,-12189,-9703,21892,0,-17337,-13802,31140,0,0,0,0,1,0
3935,2048958,-8395,-13355,21750,0,-11942,-18997,30940,0,0,0,0,1,0
3936,2049479,-4280,-16492,20772,0,-6088,-23462,29551,0,0,0,0,1,0
3937,2049999,0,-18996,18996,0,0,-27026,27026,0,0,0,0,1,0
3938,2050520,4279,-20769,16490,0,6088,-29551,23462,0,0,0,0,1,0
3939,2051041,8393,-21744,13351,0,11942,-30940,18997,0,0,0,0,1,0
3940,2051562,12184,-21883,9699,0,17337,-31140,13802,0,0,0,0,1,0
3941,2052083,15506,-21182,5676,0,22066,-30143,8077,0,0,0,0,1,0
3942,2052604,18232,-19666,1434,0,25947,-27988,2041,0,0,0,0,1,0
3943,2053125,20257,-17395,-2862,0,28831,-24758,-4073,0,0,0,0,1,0
3944,2053645,21503,-14456,-7047,0,30607,-20576,-10031,0,0,0,0,1,0
3945,2054166,21923,-10962,-10962,0,31207,-15603,-15603,0,0,0,0,1,0
3946,2054687,21500,-7046,-14454,0,30607,-10031,-20576,0,0,0,0,1,0
3947,2055208,20252,-2861,-17390,0,28831,-4073,-24758,0,0,0,0,1,0
3948,2055729,18225,1434,-19658,0,25947,2041,-27988,0,0,0,0,1,0
3949,2056250,15498,5673,-21170,0,22066,8077,-30143,0,0,0,0,1,0
3950,2056770,12176,9693,-21869,0,17337,13802,-31140,0,0,0,0,1,0
3951,2057291,8386,13341,-21727,0,11942,18997,-30940,0,0,0,0,1,0
3952,2057812,4275,16475,-20750,0,6088,23462,-29551,0,0,0,0,1,0
3953,2058333,0,18976,-18976,0,0,27026,-27026,0,0,0,0,1,0
3954,2058854,-4274,20747,-16473,0,-6088,29551,-23462,0,0,0,0,1,0
3955,2059375,-8384,21721,-13337,0,-11942,30940,-18997,0,0,0,0,1,0
3956,2059895,-12171,21860,-9689,0,-17337,31140,-13802,0,0,0,0,1,0
3957,2060416,-15490,21159,-5670,0,-22066,30143,-8077,0,0,0,0,1,0
3958,2060937,-18213,19645,-1433,0,-25947,27988,-2041,0,0,0,0,1,0
3959,2061458,-20236,17377,2859,0,-28831,24758,4073,0,0,0,0,1,0
3960,2061979,-21481,14441,7040,0,-30607,20576,10031,0,0,0,0,1,0
3961,2062500,-21900,10950,10950,0,-31207,15603,15603,0,0,0,0,1,0
3962,2063020,-21478,7039,14439,0,-30607,10031,20576,0,0,0,0,1,0
3963,2063541,-20230,2858,17372,0,-28831,4073,24758,0,0,0,0,1,0
3964,2064062,-18206,-1432,19638,0,-25947,-2041,27988,0,0,0,0,1,0
3965,2064583,-15482,-5667,21148,0,-22066,-8077,30143,0,0,0,0,1,0
3966,2065104,-12163,-9683,21846,0,-17337,-13802,31140,0,0,0,0,1,0
3967,2065624,-8377,-13327,21704,0,-11942,-18997,30940,0,0,0,0,1,0
3968,2066145,-4271,-16458,20728,0,-6088,-23462,29551,0,0,0,0,1,0
3969,2066666,0,-18956,18956,0,0,-27026,27026,0,0,0,0,1,0
3970,2067187,4270,-20726,16456,0,6088,-29551,23462,0,0,0,0,1,0
3971,2067708,8375,-21698,13323,0,11942,-30940,18997,0,0,0,0,1,0
3972,2068229,12158,-21837,9679,0,17337,-31140,13802,0,0,0,0,1,0
3973,2068750,15473,-21137,5664,0,22066,-30143,8077,0,0,0,0,1,0
3974,2069270,18194,-19625,1431,0,25947,-27988,2041,0,0,0,0,1,0
3975,2069791,20214,-17359,-2856,0,28831,-24758,-4073,0,0,0,0,1,0
3976,2070312,21458,-14425,-7033,0,30607,-20576,-10031,0,0,0,0,1,0
3977,2070833,21877,-10939,-10939,0,31207,-15603,-15603,0,0,0,0,1,0
3978,2071354,21455,-7032,-14424,0,30607,-10031,-20576,0,0,0,0,1,0
3979,2071875,20209,-2855,-17354,0,28831,-4073,-24758,0,0,0,0,1,0
3980,2072395,18187,1431,-19617,0,25947,2041,-27988,0,0,0,0,1,0
3981,2072916,15465,5661,-21126,0,22066,8077,-30143,0,0,0,0,1,0
3982,2073437,12150,9673,-21823,0,17337,13802,-31140,0,0,0,0,1,0
3983,2073958,8369,13313,-21681,0,11942,18997,-30940,0,0,0,0,1,0
3984,2074479,4266,16441,-20707,0,6088,23462,-29551,0,0,0,0,1,0
3985,2075000,0,18936,-18936,0,0,27026,-27026,0,0,0,0,1,0
3986,2075520,-4265,20704,-16438,0,-6088,29551,-23462,0,0,0,0,1,0
3987,2076041,-8367,21676,-13309,0,-11942,30940,-18997,0,0,0,0,1,0
3988,2076562,-12146,21815,-9669,0,-17337,31140,-13802,0,0,0,0,1,0
3989,2077083,-15457,21115,-5658,0,-22066,30143,-8077,0,0,0,0,1,0
3990,2077604,-18175,19604,-1430,0,-25947,27988,-2041,0,0,0,0,1,0
3991,2078125,-20193,17340,2853,0,-28831,24758,4073,0,0,0,0,1,0
3992,2078645,-21436,14410,7025,0,-30607,20576,10031,0,0,0,0,1,0
3993,2079166,-21854,10927,10927,0,-31207,15603,15603,0,0,0,0,1,0
3994,2079687,-21433,7024,14409,0,-30607,10031,20576,0,0,0,0,1,0
3995,2080208,-20188,2852,17336,0,-28831,4073,24758,0,0,0,0,1,0
3996,2080729,-18168,-1429,19597,0,-25947,-2041,27988,0,0,0,0,1,0
3997,2081249,-15449,-5655,21104,0,-22066,-8077,30143,0,0,0,0,1,0
3998,2081770,-12138,-9663,21800,0,-17337,-13802,31140,0,0,0,0,1,0
3999,2082291,-8360,-13299,21659,0,-11942,-18997,30940,0,0,0,0,1,0
4000,2082812,-4262,-16423,20685,0,-6088,-23462,29551,0,0,0,0,1,0
4001,2083333,0,-18916,18916,0,0,-27026,27026,0,0,0,0,1,0
4002,2083854,4261,-20682,16421,0,6088,-29551,23462,0,0,0,0,1,0
4003,2084375,8358,-21653,13295,0,11942,-30940,18997,0,0,0,0,1,0
4004,2084895,12133,-21792,9659,0,17337,-31140,13802,0,0,0,0,1,0
4005,2085416,15441,-21093,5652,0,22066,-30143,8077,0,0,0,0,1,0
4006,2085937,18156,-19584,1428,0,25947,-27988,2041,0,0,0,0,1,0
4007,2086458,20172,-17322,-2850,0,28831,-24758,-4073,0,0,0,0,1,0
4008,2086979,21413,-14395,-7018,0,30607,-20576,-10031,0,0,0,0,1,0
4009,2087500,21832,-10916,-10916,0,31207,-15603,-15603,0,0,0,0,1,0
4010,2088020,21411,-7017,-14394,0,30607,-10031,-20576,0,0,0,0,1,0
4011,2088541,20167,-2849,-17318,0,28831,-4073,-24758,0,0,0,0,1,0
4012,2089062,18149,1428,-19576,0,25947,2041,-27988,0,0,0,0,1,0
4013,2089583,15433,5649,-21082,0,22066,8077,-30143,0,0,0,0,1,0
4014,2090104,12125,9653,-21778,0,17337,13802,-31140,0,0,0,0,1,0
4015,2090625,8351,13285,-21636,0,11942,18997,-30940,0,0,0,0,1,0
4016,2091145,4257,16406,-20664,0,6088,23462,-29551,0,0,0,0,1,0
4017,2091666,0,18897,-18897,0,0,27026,-27026,0,0,0,0,1,0
4018,2092187,-4257,20661,-16404,0,-6088,29551,-23462,0,0,0,0,1,0
4019,2092708,-8349,21631,-13282,0,-11942,30940,-18997,0,0,0,0,1,0
4020,2093229,-12120,21769,-9649,0,-17337,31140,-13802,0,0,0,0,1,0
4021,2093750,-15425,21071,-5646,0,-22066,30143,-8077,0,0,0,0,1,0
4022,2094270,-18137,19564,-1427,0,-25947,27988,-2041,0,0,0,0,1,0
4023,2094791,-20151,17304,2847,0,-28831,24758,4073,0,0,0,0,1,0
4024,2095312,-21391,14381,7011,0,-30607,20576,10031,0,0,0,0,1,0
4025,2095833,-21809,10904,10904,0,-31207,15603,15603,0,0,0,0,1,0
4026,2096354,-21388,7010,14379,0,-30607,10031,20576,0,0,0,0,1,0
4027,2096874,-20146,2846,17300,0,-28831,4073,24758,0,0,0,0,1,0
4028,2097395,-18130,-1426,19556,0,-25947,-2041,27988,0,0,0,0,1,0
4029,2097916,-15417,-5643,21060,0,-22066,-8077,30143,0,0,0,0,1,0
4030,2098437,-12112,-9643,21755,0,-17337,-13802,31140,0,0,0,0,1,0
4031,2098958,-8343,-13271,21614,0,-11942,-18997,30940,0,0,0,0,1,0
4032,2099479,-4253,-16389,20642,0,-6088,-23462,29551,0,0,0,0,1,0
4033,2100000,0,-18877,18877,0,0,-27026,27026,0,0,0,0,1,0
4034,2100520,4252,-20640,16387,0,6088,-29551,23462,0,0,0,0,1,0
4035,2101041,8341,-21608,13268,0,11942,-30940,18997,0,0,0,0,1,0
4036,2101562,12108,-21747,9639,0,17337,-31140,13802,0,0,0,0,1,0
4037,2102083,15409,-21050,5640,0,22066,-30143,8077,0,0,0,0,1,0
4038,2102604,18118,-19543,1425,0,25947,-27988,2041,0,0,0,0,1,0
4039,2103125,20131,-17287,-2844,0,28831,-24758,-4073,0,0,0,0,1,0
4040,2103645,21369,-14366,-7003,0,30607,-20576,-10031,0,0,0,0,1,0
4041,2104166,21786,-10893,-10893,0,31207,-15603,-15603,0,0,0,0,1,0
4042,2104687,21366,-7003,-14364,0,30607,-10031,-20576,0,0,0,0,1,0
4043,2105208,20125,-2843,-17282,0,28831,-4073,-24758,0,0,0,0,1,0
4044,2105729,18111,1425,-19536,0,25947,2041,-27988,0,0,0,0,1,0
4045,2106250,15401,5637,-21039,0,22066,8077,-30143,0,0,0,0,1,0
4046,2106770,12100,9633,-21733,0,17337,13802,-31140,0,0,0,0,1,0
4047,2107291,8334,13258,-21592,0,11942,18997,-30940,0,0,0,0,1,0
4048,2107812,4248,16373,-20621,0,6088,23462,-29551,0,0,0,0,1,0
4049,2108333,0,18858,-18858,0,0,27026,-27026,0,0,0,0,1,0
4050,2108854,-4248,20618,-16370,0,-6088,29551,-23462,0,0,0,0,1,0
4051,2109375,-8332,21586,-13254,0,-11942,30940,-18997,0,0,0,0,1,0
4052,2109895,-12095,21724,-9629,0,-17337,31140,-13802,0,0,0,0,1,0
4053,2110416,-15393,21028,-5634,0,-22066,30143,-8077,0,0,0,0,1,0
4054,2110937,-18100,19523,-1424,0,-25947,27988,-2041,0,0,0,0,1,0
4055,2111458,-20110,17269,2841,0,-28831,24758,4073,0,0,0,0,1,0
4056,2111979,-21347,14351,6996,0,-30607,20576,10031,0,0,0,0,1,0
4057,2112500,-21764,10882,10882,0,-31207,15603,15603,0,0,0,0,1,0
4058,2113020,-21344,6995,14349,0,-30607,10031,20576,0,0,0,0,1,0
4059,2113541,-20105,2840,17264,0,-28831,4073,24758,0,0,0,0,1,0
4060,2114062,-18093,-1423,19516,0,-25947,-2041,27988,0,0,0,0,1,0
4061,2114583,-15386,-5632,21017,0,-22066,-8077,30143,0,0,0,0,1,0
4062,2115104,-12088,-9623,21710,0,-17337,-13802,31140,0,0,0,0,1,0
4063,2115625,-8326,-13244,21570,0,-11942,-18997,30940,0,0,0,0,1,0
4064,2116145,-4244,-16356,20600,0,-6088,-23462,29551,0,0,0,0,1,0
4065,2116666,0,-18839,18839,0,0,-27026,27026,0,0,0,0,1,0
4066,2117187,4244,-20597,16354,0,6088,-29551,23462,0,0,0,0,1,0
4067,2117708,8323,-21564,13241,0,11942,-30940,18997,0,0,0,0,1,0
4068,2118229,12083,-21702,9619,0,17337,-31140,13802,0,0,0,0,1,0
4069,2118750,15378,-21006,5629,0,22066,-30143,8077,0,0,0,0,1,0
4070,2119270,18081,-19503,1422,0,25947,-27988,2041,0,0,0,0,1,0
4071,2119791,20089,-17251,-2838,0,28831,-24758,-4073,0,0,0,0,1,0
4072,2120312,21325,-14336,-6989,0,30607,-20576,-10031,0,0,0,0,1,0
4073,2120833,21742,-10871,-10871,0,31207,-15603,-15603,0,0,0,0,1,0
4074,2121354,21323,-6988,-14334,0,30607,-10031,-20576,0,0,0,0,1,0
4075,2121875,20084,-2838,-17247,0,28831,-4073,-24758,0,0,0,0,1,0
4076,2122395,18074,1422,-19496,0,25947,2041,-27988,0,0,0,0,1,0
4077,2122916,15370,5626,-20996,0,22066,8077,-30143,0,0,0,0,1,0
4078,2123437,12075,9613,-21688,0,17337,13802,-31140,0,0,0,0,1,0
4079,2123958,8317,13230,-21548,0,11942,18997,-30940,0,0,0,0,1,0
4080,2124479,4240,16339,-20579,0,6088,23462,-29551,0,0,0,0,1,0
4081,2125000,0,18819,-18819,0,0,27026,-27026,0,0,0,0,1,0
4082,2125520,-4239,20576,-16337,0,-6088,29551,-23462,0,0,0,0,1,0
4083,2126041,-8315,21542,-13227,0,-11942,30940,-18997,0,0,0,0,1,0
4084,2126562,-12071,21680,-9609,0,-17337,31140,-13802,0,0,0,0,1,0
4085,2127083,-15362,20985,-5623,0,-22066,30143,-8077,0,0,0,0,1,0
4086,2127604,-18063,19483,-1421,0,-25947,27988,-2041,0,0,0,0,1,0
4087,2128125,-20069,17234,2835,0,-28831,24758,4073,0,0,0,0,1,0
4088,2128645,-21304,14322,6982,0,-30607,20576,10031,0,0,0,0,1,0
4089,2129166,-21720,10860,10860,0,-31207,15603,15603,0,0,0,0,1,0
4090,2129687,-21301,6981,14320,0,-30607,10031,20576,0,0,0,0,1,0
4091,2130208,-20064,2835,17229,0,-28831,4073,24758,0,0,0,0,1,0
4092,2130729,-18056,-1420,19476,0,-25947,-2041,27988,0,0,0,0,1,0
4093,2131250,-15354,-5620,20974,0,-22066,-8077,30143,0,0,0,0,1,0
4094,2131770,-12063,-9603,21666,0,-17337,-13802,31140,0,0,0,0,1,0
4095,2132291,-8309,-13217,21526,0,-11942,-18997,30940,0,0,0,0,1,0
4096,2132812,-4235,-16322,20558,0,-6088,-23462,29551,0,0,0,0,1,0
4097,2133333,0,-18800,18800,0,0,-27026,27026,0,0,0,0,1,0
4098,2133854,4235,-20555,16320,0,6088,-29551,23462,0,0,0,0,1,0
4099,2134375,8306,-21520,13214,0,11942,-30940,18997,0,0,0,0,1,0
4100,2134895,12058,-21658,9600,0,17337,-31140,13802,0,0,0,0,1,0
4101,2135416,15346,-20964,5617,0,22066,-30143,8077,0,0,0,0,1,0
4102,2135937,18044,-19464,1419,0,25947,-27988,2041,0,0,0,0,1,0
4103,2136458,20048,-17216,-2832,0,28831,-24758,-4073,0,0,0,0,1,0
4104,2136979,21282,-14307,-6975,0,30607,-20576,-10031,0,0,0,0,1,0
4105,2137500,21698,-10849,-10849,0,31207,-15603,-15603,0,0,0,0,1,0
4106,2138020,21279,-6974,-14305,0,30607,-10031,-20576,0,0,0,0,1,0
4107,2138541,20043,-2832,-17212,0,28831,-4073,-24758,0,0,0,0,1,0
4108,2139062,18037,1419,-19456,0,25947,2041,-27988,0,0,0,0,1,0
4109,2139583,15339,5614,-20953,0,22066,8077,-30143,0,0,0,0,1,0
4110,2140104,12051,9594,-21644,0,17337,13802,-31140,0,0,0,0,1,0
4111,2140625,8300,13204,-21504,0,11942,18997,-30940,0,0,0,0,1,0
4112,2141145,4231,16306,-20537,0,6088,23462,-29551,0,0,0,0,1,0
4113,2141666,0,18781,-18781,0,0,27026,-27026,0,0,0,0,1,0
4114,2142187,-4231,20534,-16304,0,-6088,29551,-23462,0,0,0,0,1,0
4115,2142708,-8298,21498,-13200,0,-11942,30940,-18997,0,0,0,0,1,0
4116,2143229,-12046,21636,-9590,0,-17337,31140,-13802,0,0,0,0,1,0
4117,2143750,-15331,20942,-5611,0,-22066,30143,-8077,0,0,0,0,1,0
4118,2144270,-18026,19444,-1418,0,-25947,27988,-2041,0,0,0,0,1,0
4119,2144791,-20028,17199,2830,0,-28831,24758,4073,0,0,0,0,1,0
4120,2145312,-21260,14293,6968,0,-30607,20576,10031,0,0,0,0,1,0
4121,2145833,-21676,10838,10838,0,-31207,15603,15603,0,0,0,0,1,0
4122,2146354,-21258,6967,14291,0,-30607,10031,20576,0,0,0,0,1,0
4123,2146875,-20023,2829,17194,0,-28831,4073,24758,0,0,0,0,1,0
4124,2147395,-18019,-1417,19437,0,-25947,-2041,27988,0,0,0,0,1,0
4125,2147916,-15323,-5609,20932,0,-22066,-8077,30143,0,0,0,0,1,0
4126,2148437,-12038,-9584,21622,0,-17337,-13802,31140,0,0,0,0,1,0
4127,2148958,-8292,-13190,21482,0,-11942,-18997,30940,0,0,0,0,1,0
4128,2149479,-4227,-16289,20516,0,-6088,-23462,29551,0,0,0,0,1,0
4129,2150000,0,-18762,18762,0,0,-27026,27026,0,0,0,0,1,0
4130,2150520,4226,-20514,16287,0,6088,-29551,23462,0,0,0,0,1,0
4131,2151041,8290,-21477,13187,0,11942,-30940,18997,0,0,0,0,1,0
4132,2151562,12034,-21614,9580,0,17337,-31140,13802,0,0,0,0,1,0
4133,2152083,15315,-20921,5606,0,22066,-30143,8077,0,0,0,0,1,0
4134,2152604,18008,-19424,1416,0,25947,-27988,2041,0,0,0,0,1,0
4135,2153125,20008,-17181,-2827,0,28831,-24758,-4073,0,0,0,0,1,0
4136,2153645,21239,-14278,-6961,0,30607,-20576,-10031,0,0,0,0,1,0
4137,2154166,21654,-10827,-10827,0,31207,-15603,-15603,0,0,0,0,1,0
4138,2154687,21236,-6960,-14276,0,30607,-10031,-20576,0,0,0,0,1,0
4139,2155208,20003,-2826,-17177,0,28831,-4073,-24758,0,0,0,0,1,0
4140,2155729,18001,1416,-19417,0,25947,2041,-27988,0,0,0,0,1,0
4141,2156250,15308,5603,-20911,0,22066,8077,-30143,0,0,0,0,1,0
4142,2156770,12026,9574,-21601,0,17337,13802,-31140,0,0,0,0,1,0
4143,2157291,8283,13177,-21460,0,11942,18997,-30940,0,0,0,0,1,0
4144,2157812,4223,16273,-20495,0,6088,23462,-29551,0,0,0,0,1,0
4145,2158333,0,18743,-18743,0,0,27026,-27026,0,0,0,0,1,0
4146,2158854,-4222,20493,-16271,0,-6088,29551,-23462,0,0,0,0,1,0
4147,2159375,-8281,21455,-13174,0,-11942,30940,-18997,0,0,0,0,1,0
4148,2159895,-12022,21592,-9571,0,-17337,31140,-13802,0,0,0,0,1,0
4149,2160416,-15300,20900,-5600,0,-22066,30143,-8077,0,0,0,0,1,0
4150,2160937,-17990,19405,-1415,0,-25947,27988,-2041,0,0,0,0,1,0
4151,2161458,-19988,17164,2824,0,-28831,24758,4073,0,0,0,0,1,0
4152,2161979,-21218,14264,6954,0,-30607,20576,10031,0,0,0,0,1,0
4153,2162500,-21632,10816,10816,0,-31207,15603,15603,0,0,0,0,1,0
4154,2163020,-21215,6953,14262,0,-30607,10031,20576,0,0,0,0,1,0
4155,2163541,-19983,2823,17160,0,-28831,4073,24758,0,0,0,0,1,0
4156,2164062,-17983,-1415,19397,0,-25947,-2041,27988,0,0,0,0,1,0
4157,2164583,-15292,-5597,20890,0,-22066,-8077,30143,0,0,0,0,1,0
4158,2165104,-12014,-9565,21579,0,-17337,-13802,31140,0,0,0,0,1,0
4159,2165625,-8275,-13164,21439,0,-11942,-18997,30940,0,0,0,0,1,0
4160,2166145,-4218,-16257,20475,0,-6088,-23462,29551,0,0,0,0,1,0
4161,2166666,0,-18724,18724,0,0,-27026,27026,0,0,0,0,1,0
4162,2167187,4218,-20472,16255,0,6088,-29551,23462,0,0,0,0,1,0
4163,2167708,8273,-21433,13160,0,11942,-30940,18997,0,0,0,0,1,0
4164,2168229,12010,-21571,9561,0,17337,-31140,13802,0,0,0,0,1,0
4165,2168750,15285,-20879,5595,0,22066,-30143,8077,0,0,0,0,1,0
4166,2169270,17972,-19385,1414,0,25947,-27988,2041,0,0,0,0,1,0
4167,2169791,19968,-17147,-2821,0,28831,-24758,-4073,0,0,0,0,1,0
4168,2170312,21196,-14250,-6947,0,30607,-20576,-10031,0,0,0,0,1,0
4169,2170833,21610,-10805,-10805,0,31207,-15603,-15603,0,0,0,0,1,0
4170,2171354,21194,-6946,-14248,0,30607,-10031,-20576,0,0,0,0,1,0
4171,2171875,19963,-2820,-17142,0,28831,-4073,-24758,0,0,0,0,1,0
4172,2172395,17965,1413,-19378,0,25947,2041,-27988,0,0,0,0,1,0
4173,2172916,15277,5592,-20869,0,22066,8077,-30143,0,0,0,0,1,0
4174,2173437,12002,9555,-21557,0,17337,13802,-31140,0,0,0,0,1,0
4175,2173958,8267,13151,-21417,0,11942,18997,-30940,0,0,0,0,1,0
4176,2174479,4214,16240,-20454,0,6088,23462,-29551,0,0,0,0,1,0
4177,2175000,0,18706,-18706,0,0,27026,-27026,0,0,0,0,1,0
4178,2175520,-4214,20452,-16238,0,-6088,29551,-23462,0,0,0,0,1,0
4179,2176041,-8265,21412,-13147,0,-11942,30940,-18997,0,0,0,0,1,0
4180,2176562,-11998,21549,-9551,0,-17337,31140,-13802,0,0,0,0,1,0
4181,2177083,-15269,20858,-5589,0,-22066,30143,-8077,0,0,0,0,1,0
4182,2177604,-17954,19366,-1412,0,-25947,27988,-2041,0,0,0,0,1,0
4183,2178125,-19948,17130,2818,0,-28831,24758,4073,0,0,0,0,1,0
4184,2178645,-21175,14235,6940,0,-30607,20576,10031,0,0,0,0,1,0
4185,2179166,-21589,10794,10794,0,-31207,15603,15603,0,0,0,0,1,0
4186,2179687,-21173,6939,14234,0,-30607,10031,20576,0,0,0,0,1,0
4187,2180208,-19943,2818,17125,0,-28831,4073,24758,0,0,0,0,1,0
4188,2180729,-17947,-1412,19359,0,-25947,-2041,27988,0,0,0,0,1,0
4189,2181250,-15262,-5586,20848,0,-22066,-8077,30143,0,0,0,0,1,0
4190,2181770,-11990,-9545,21536,0,-17337,-13802,31140,0,0,0,0,1,0
4191,2182291,-8259,-13137,21396,0,-11942,-18997,30940,0,0,0,0,1,0
4192,2182812,-4210,-16224,20434,0,-6088,-23462,29551,0,0,0,0,1,0
4193,2183333,0,-18687,18687,0,0,-27026,27026,0,0,0,0,1,0
4194,2183854,4209,-20432,16222,0,6088,-29551,23462,0,0,0,0,1,0
4195,2184375,8257,-21391,13134,0,11942,-30940,18997,0,0,0,0,1,0
4196,2184895,11986,-21528,9542,0,17337,-31140,13802,0,0,0,0,1,0
4197,2185416,15254,-20838,5583,0,22066,-30143,8077,0,0,0,0,1,0
4198,2185937,17936,-19347,1411,0,25947,-27988,2041,0,0,0,0,1,0
4199,2186458,19928,-17113,-2815,0,28831,-24758,-4073,0,0,0,0,1,0
4200,2186979,21154,-14221,-6933,0,30607,-20576,-10031,0,0,0,0,1,0
4201,2187500,21567,-10784,-10784,0,31207,-15603,-15603,0,0,0,0,1,0
4202,2188020,21152,-6932,-14219,0,30607,-10031,-20576,0,0,0,0,1,0
4203,2188541,19923,-2815,-17108,0,28831,-4073,-24758,0,0,0,0,1,0
4204,2189062,17929,1410,-19339,0,25947,2041,-27988,0,0,0,0,1,0
4205,2189583,15247,5581,-20827,0,22066,8077,-30143,0,0,0,0,1,0
4206,2190104,11978,9536,-21514,0,17337,13802,-31140,0,0,0,0,1,0
4207,2190625,8250,13124,-21375,0,11942,18997,-30940,0,0,0,0,1,0
4208,2191145,4206,16208,-20414,0,6088,23462,-29551,0,0,0,0,1,0
4209,2191666,0,18669,-18669,0,0,27026,-27026,0,0,0,0,1,0
4210,2192187,-4205,20411,-16206,0,-6088,29551,-23462,0,0,0,0,1,0
4211,2192708,-8248,21369,-13121,0,-11942,30940,-18997,0,0,0,0,1,0
4212,2193229,-11974,21506,-9532,0,-17337,31140,-13802,0,0,0,0,1,0
4213,2193750,-15239,20817,-5578,0,-22066,30143,-8077,0,0,0,0,1,0
4214,2194270,-17918,19328,-1409,0,-25947,27988,-2041,0,0,0,0,1,0
4215,2194791,-19908,17096,2813,0,-28831,24758,4073,0,0,0,0,1,0
4216,2195312,-21133,14207,6926,0,-30607,20576,10031,0,0,0,0,1,0
4217,2195833,-21546,10773,10773,0,-31207,15603,15603,0,0,0,0,1,0
4218,2196354,-21131,6925,14205,0,-30607,10031,20576,0,0,0,0,1,0
4219,2196875,-19903,2812,17091,0,-28831,4073,24758,0,0,0,0,1,0
4220,2197395,-17911,-1409,19320,0,-25947,-2041,27988,0,0,0,0,1,0
4221,2197916,-15231,-5575,20807,0,-22066,-8077,30143,0,0,0,0,1,0
4222,2198437,-11967,-9527,21493,0,-17337,-13802,31140,0,0,0,0,1,0
4223,2198958,-8242,-13111,21354,0,-11942,-18997,30940,0,0,0,0,1,0
4224,2199479,-4202,-16192,20394,0,-6088,-23462,29551,0,0,0,0,1,0
4225,2200000,0,-18650,18650,0,0,-27026,27026,0,0,0,0,1,0
4226,2200520,4201,-20391,16190,0,6088,-29551,23462,0,0,0,0,1,0
4227,2201041,8240,-21348,13108,0,11942,-30940,18997,0,0,0,0,1,0
4228,2201562,11962,-21485,9523,0,17337,-31140,13802,0,0,0,0,1,0
4229,2202083,15224,-20796,5572,0,22066,-30143,8077,0,0,0,0,1,0
4230,2202604,17900,-19308,1408,0,25947,-27988,2041,0,0,0,0,1,0
4231,2203125,19889,-17079,-2810,0,28831,-24758,-4073,0,0,0,0,1,0
4232,2203645,21112,-14193,-6919,0,30607,-20576,-10031,0,0,0,0,1,0
4233,2204166,21525,-10762,-10762,0,31207,-15603,-15603,0,0,0,0,1,0
4234,2204687,21110,-6918,-14191,0,30607,-10031,-20576,0,0,0,0,1,0
4235,2205208,19884,-2809,-17075,0,28831,-4073,-24758,0,0,0,0,1,0
4236,2205729,17894,1408,-19301,0,25947,2041,-27988,0,0,0,0,1,0
4237,2206250,15216,5570,-20786,0,22066,8077,-30143,0,0,0,0,1,0
4238,2206770,11955,9517,-21472,0,17337,13802,-31140,0,0,0,0,1,0
4239,2207291,8234,13099,-21333,0,11942,18997,-30940,0,0,0,0,1,0
4240,2207812,4197,16176,-20374,0,6088,23462,-29551,0,0,0,0,1,0
4241,2208333,0,18632,-18632,0,0,27026,-27026,0,0,0,0,1,0
4242,2208854,-4197,20371,-16174,0,-6088,29551,-23462,0,0,0,0,1,0
4243,2209375,-8232,21327,-13095,0,-11942,30940,-18997,0,0,0,0,1,0
4244,2209895,-11950,21464,-9514,0,-17337,31140,-13802,0,0,0,0,1,0
4245,2210416,-15209,20776,-5567,0,-22066,30143,-8077,0,0,0,0,1,0
4246,2210937,-17883,19289,-1407,0,-25947,27988,-2041,0,0,0,0,1,0
4247,2211458,-19869,17062,2807,0,-28831,24758,4073,0,0,0,0,1,0
4248,2211979,-21092,14179,6912,0,-30607,20576,10031,0,0,0,0,1,0
4249,2212500,-21503,10752,10752,0,-31207,15603,15603,0,0,0,0,1,0
4250,2213020,-21089,6912,14177,0,-30607,10031,20576,0,0,0,0,1,0
4251,2213541,-19864,2806,17058,0,-28831,4073,24758,0,0,0,0,1,0
4252,2214062,-17876,-1406,19282,0,-25947,-2041,27988,0,0,0,0,1,0
4253,2214583,-15202,-5564,20766,0,-22066,-8077,30143,0,0,0,0,1,0
4254,2215104,-11943,-9508,21451,0,-17337,-13802,31140,0,0,0,0,1,0
4255,2215625,-8226,-13086,21312,0,-11942,-18997,30940,0,0,0,0,1,0
4256,2216145,-4193,-16160,20354,0,-6088,-23462,29551,0,0,0,0,1,0
4257,2216666,0,-18613,18613,0,0,-27026,27026,0,0,0,0,1,0
4258,2217187,4193,-20351,16158,0,6088,-29551,23462,0,0,0,0,1,0
4259,2217708,8224,-21306,13082,0,11942,-30940,18997,0,0,0,0,1,0
4260,2218229,11939,-21443,9504,0,17337,-31140,13802,0,0,0,0,1,0
4261,2218750,15194,-20756,5561,0,22066,-30143,8077,0,0,0,0,1,0
4262,2219270,17865,-19271,1405,0,25947,-27988,2041,0,0,0,0,1,0
4263,2219791,19850,-17045,-2804,0,28831,-24758,-4073,0,0,0,0,1,0
4264,2220312,21071,-14165,-6906,0,30607,-20576,-10031,0,0,0,0,1,0
4265,2220833,21482,-10741,-10741,0,31207,-15603,-15603,0,0,0,0,1,0
4266,2221354,21068,-6905,-14163,0,30607,-10031,-20576,0,0,0,0,1,0
4267,2221875,19845,-2804,-17041,0,28831,-4073,-24758,0,0,0,0,1,0
4268,2222395,17859,1405,-19263,0,25947,2041,-27988,0,0,0,0,1,0
4269,2222916,15187,5559,-20745,0,22066,8077,-30143,0,0,0,0,1,0
4270,2223437,11931,9499,-21430,0,17337,13802,-31140,0,0,0,0,1,0
4271,2223958,8218,13073,-21291,0,11942,18997,-30940,0,0,0,0,1,0
4272,2224479,4189,16144,-20334,0,6088,23462,-29551,0,0,0,0,1,0
4273,2225000,0,18595,-18595,0,0,27026,-27026,0,0,0,0,1,0
4274,2225520,-4189,20331,-16142,0,-6088,29551,-23462,0,0,0,0,1,0
4275,2226041,-8216,21286,-13070,0,-11942,30940,-18997,0,0,0,0,1,0
4276,2226562,-11927,21422,-9495,0,-17337,31140,-13802,0,0,0,0,1,0
4277,2227083,-15179,20735,-5556,0,-22066,30143,-8077,0,0,0,0,1,0
4278,2227604,-17848,19252,-1404,0,-25947,27988,-2041,0,0,0,0,1,0
4279,2228125,-19830,17029,2802,0,-28831,24758,4073,0,0,0,0,1,0
4280,2228645,-21050,14151,6899,0,-30607,20576,10031,0,0,0,0,1,0
4281,2229166,-21461,10731,10731,0,-31207,15603,15603,0,0,0,0,1,0
4282,2229687,-21048,6898,14150,0,-30607,10031,20576,0,0,0,0,1,0
4283,2230208,-19825,2801,17024,0,-28831,4073,24758,0,0,0,0,1,0
4284,2230729,-17841,-1403,19245,0,-25947,-2041,27988,0,0,0,0,1,0
4285,2231250,-15172,-5553,20725,0,-22066,-8077,30143,0,0,0,0,1,0
4286,2231770,-11920,-9489,21409,0,-17337,-13802,31140,0,0,0,0,1,0
4287,2232291,-8210,-13060,21270,0,-11942,-18997,30940,0,0,0,0,1,0
4288,2232812,-4185,-16129,20314,0,-6088,-23462,29551,0,0,0,0,1,0
4289,2233333,0,-18577,18577,0,0,-27026,27026,0,0,0,0,1,0
4290,2233854,4185,-20311,16127,0,6088,-29551,23462,0,0,0,0,1,0
4291,2234375,8208,-21265,13057,0,11942,-30940,18997,0,0,0,0,1,0
4292,2234895,11915,-21401,9486,0,17337,-31140,13802,0,0,0,0,1,0
4293,2235416,15165,-20715,5551,0,22066,-30143,8077,0,0,0,0,1,0
4294,2235937,17830,-19233,1403,0,25947,-27988,2041,0,0,0,0,1,0
4295,2236458,19811,-17012,-2799,0,28831,-24758,-4073,0,0,0,0,1,0
4296,2236979,21030,-14138,-6892,0,30607,-20576,-10031,0,0,0,0,1,0
4297,2237500,21441,-10720,-10720,0,31207,-15603,-15603,0,0,0,0,1,0
4298,2238020,21027,-6891,-14136,0,30607,-10031,-20576,0,0,0,0,1,0
4299,2238541,19806,-2798,-17008,0,28831,-4073,-24758,0,0,0,0,1,0
4300,2239062,17824,1402,-19226,0,25947,2041,-27988,0,0,0,0,1,0
4301,2239583,15157,5548,-20705,0,22066,8077,-30143,0,0,0,0,1,0
4302,2240104,11908,9480,-21388,0,17337,13802,-31140,0,0,0,0,1,0
4303,2240625,8202,13047,-21249,0,11942,18997,-30940,0,0,0,0,1,0
4304,2241145,4181,16113,-20294,0,6088,23462,-29551,0,0,0,0,1,0
4305,2241666,0,18559,-18559,0,0,27026,-27026,0,0,0,0,1,0
4306,2242187,-4181,20292,-16111,0,-6088,29551,-23462,0,0,0,0,1,0
4307,2242708,-8200,21244,-13044,0,-11942,30940,-18997,0,0,0,0,1,0
4308,2243229,-11904,21380,-9477,0,-17337,31140,-13802,0,0,0,0,1,0
4309,2243750,-15150,20695,-5545,0,-22066,30143,-8077,0,0,0,0,1,0
4310,2244270,-17813,19214,-1401,0,-25947,27988,-2041,0,0,0,0,1,0
4311,2244791,-19792,16996,2796,0,-28831,24758,4073,0,0,0,0,1,0
4312,2245312,-21010,14124,6886,0,-30607,20576,10031,0,0,0,0,1,0
4313,2245833,-21420,10710,10710,0,-31207,15603,15603,0,0,0,0,1,0
4314,2246354,-21007,6885,14122,0,-30607,10031,20576,0,0,0,0,1,0
4315,2246875,-19787,2796,16991,0,-28831,4073,24758,0,0,0,0,1,0
4316,2247395,-17807,-1401,19207,0,-25947,-2041,27988,0,0,0,0,1,0
4317,2247916,-15142,-5543,20685,0,-22066,-8077,30143,0,0,0,0,1,0
4318,2248437,-11897,-9471,21368,0,-17337,-13802,31140,0,0,0,0,1,0
4319,2248958,-8194,-13035,21229,0,-11942,-18997,30940,0,0,0,0,1,0
4320,2249479,-4177,-16098,20275,0,-6088,-23462,29551,0,0,0,0,1,0
4321,2250000,0,-18541,18541,0,0,-27026,27026,0,0,0,0,1,0
4322,2250520,4177,-20272,16096,0,6088,-29551,23462,0,0,0,0,1,0
4323,2251041,8192,-21224,13032,0,11942,-30940,18997,0,0,0,0,1,0
4324,2251562,11892,-21360,9467,0,17337,-31140,13802,0,0,0,0,1,0
4325,2252083,15135,-20675,5540,0,22066,-30143,8077,0,0,0,0,1,0
4326,2252604,17796,-19196,1400,0,25947,-27988,2041,0,0,0,0,1,0
4327,2253125,19773,-16979,-2793,0,28831,-24758,-4073,0,0,0,0,1,0
4328,2253645,20989,-14110,-6879,0,30607,-20576,-10031,0,0,0,0,1,0
4329,2254166,21399,-10700,-10700,0,31207,-15603,-15603,0,0,0,0,1,0
4330,2254687,20987,-6878,-14109,0,30607,-10031,-20576,0,0,0,0,1,0
4331,2255208,19768,-2793,-16975,0,28831,-4073,-24758,0,0,0,0,1,0
4332,2255729,17790,1399,-19189,0,25947,2041,-27988,0,0,0,0,1,0
4333,2256250,15128,5537,-20665,0,22066,8077,-30143,0,0,0,0,1,0
4334,2256770,11885,9462,-21347,0,17337,13802,-31140,0,0,0,0,1,0
4335,2257291,8186,13022,-21209,0,11942,18997,-30940,0,0,0,0,1,0
4336,2257812,4173,16082,-20255,0,6088,23462,-29551,0,0,0,0,1,0
4337,2258333,0,18523,-18523,0,0,27026,-27026,0,0,0,0,1,0
4338,2258854,-4173,20253,-16080,0,-6088,29551,-23462,0,0,0,0,1,0
4339,2259375,-8184,21203,-13019,0,-11942,30940,-18997,0,0,0,0,1,0
4340,2259895,-11881,21339,-9458,0,-17337,31140,-13802,0,0,0,0,1,0
4341,2260416,-15121,20655,-5535,0,-22066,30143,-8077,0,0,0,0,1,0
4342,2260937,-17779,19177,-1398,0,-25947,27988,-2041,0,0,0,0,1,0
4343,2261458,-19754,16963,2791,0,-28831,24758,4073,0,0,0,0,1,0
4344,2261979,-20969,14097,6872,0,-30607,20576,10031,0,0,0,0,1,0
4345,2262500,-21379,10689,10689,0,-31207,15603,15603,0,0,0,0,1,0
4346,2263020,-20967,6872,14095,0,-30607,10031,20576,0,0,0,0,1,0
4347,2263541,-19749,2790,16959,0,-28831,4073,24758,0,0,0,0,1,0
4348,2264062,-17773,-1398,19171,0,-25947,-2041,27988,0,0,0,0,1,0
4349,2264583,-15113,-5532,20645,0,-22066,-8077,30143,0,0,0,0,1,0
4350,2265104,-11874,-9453,21327,0,-17337,-13802,31140,0,0,0,0,1,0
4351,2265625,-8178,-13010,21188,0,-11942,-18997,30940,0,0,0,0,1,0
4352,2266145,-4169,-16067,20236,0,-6088,-23462,29551,0,0,0,0,1,0
4353,2266666,0,-18506,18506,0,0,-27026,27026,0,0,0,0,1,0
4354,2267187,4169,-20233,16065,0,6088,-29551,23462,0,0,0,0,1,0
4355,2267708,8176,-21183,13007,0,11942,-30940,18997,0,0,0,0,1,0
4356,2268229,11870,-21319,9449,0,17337,-31140,13802,0,0,0,0,1,0
4357,2268750,15106,-20635,5529,0,22066,-30143,8077,0,0,0,0,1,0
4358,2269270,17762,-19159,1397,0,25947,-27988,2041,0,0,0,0,1,0
4359,2269791,19735,-16947,-2788,0,28831,-24758,-4073,0,0,0,0,1,0
4360,2270312,20949,-14083,-6866,0,30607,-20576,-10031,0,0,0,0,1,0
4361,2270833,21358,-10679,-10679,0,31207,-15603,-15603,0,0,0,0,1,0
4362,2271354,20947,-6865,-14082,0,30607,-10031,-20576,0,0,0,0,1,0
4363,2271875,19730,-2787,-16943,0,28831,-4073,-24758,0,0,0,0,1,0
4364,2272395,17756,1397,-19152,0,25947,2041,-27988,0,0,0,0,1,0
4365,2272916,15099,5527,-20626,0,22066,8077,-30143,0,0,0,0,1,0
4366,2273437,11862,9444,-21306,0,17337,13802,-31140,0,0,0,0,1,0
4367,2273958,8171,12997,-21168,0,11942,18997,-30940,0,0,0,0,1,0
4368,2274479,4165,16051,-20216,0,6088,23462,-29551,0,0,0,0,1,0
4369,2275000,0,18488,-18488,0,0,27026,-27026,0,0,0,0,1,0
4370,2275520,-4165,20214,-16049,0,-6088,29551,-23462,0,0,0,0,1,0
4371,2276041,-8169,21163,-12994,0,-11942,30940,-18997,0,0,0,0,1,0
4372,2276562,-11858,21299,-9440,0,-17337,31140,-13802,0,0,0,0,1,0
4373,2277083,-15092,20616,-5524,0,-22066,30143,-8077,0,0,0,0,1,0
4374,2277604,-17745,19141,-1396,0,-25947,27988,-2041,0,0,0,0,1,0
4375,2278125,-19716,16930,2785,0,-28831,24758,4073,0,0,0,0,1,0
4376,2278645,-20929,14070,6859,0,-30607,20576,10031,0,0,0,0,1,0
4377,2279166,-21338,10669,10669,0,-31207,15603,15603,0,0,0,0,1,0
4378,2279687,-20927,6858,14068,0,-30607,10031,20576,0,0,0,0,1,0
4379,2280208,-19711,2785,16926,0,-28831,4073,24758,0,0,0,0,1,0
4380,2280729,-17739,-1395,19134,0,-25947,-2041,27988,0,0,0,0,1,0
4381,2281250,-15085,-5521,20606,0,-22066,-8077,30143,0,0,0,0,1,0
4382,2281770,-11851,-9435,21286,0,-17337,-13802,31140,0,0,0,0,1,0
4383,2282291,-8163,-12985,21148,0,-11942,-18997,30940,0,0,0,0,1,0
4384,2282812,-4161,-16036,20197,0,-6088,-23462,29551,0,0,0,0,1,0
4385,2283333,0,-18470,18470,0,0,-27026,27026,0,0,0,0,1,0
4386,2283854,4161,-20195,16034,0,6088,-29551,23462,0,0,0,0,1,0
4387,2284375,8161,-21143,12982,0,11942,-30940,18997,0,0,0,0,1,0
4388,2284895,11847,-21278,9431,0,17337,-31140,13802,0,0,0,0,1,0
4389,2285416,15077,-20596,5519,0,22066,-30143,8077,0,0,0,0,1,0
4390,2285937,17728,-19123,1394,0,25947,-27988,2041,0,0,0,0,1,0
4391,2286458,19697,-16914,-2783,0,28831,-24758,-4073,0,0,0,0,1,0
4392,2286979,20909,-14056,-6853,0,30607,-20576,-10031,0,0,0,0,1,0
4393,2287500,21318,-10659,-10659,0,31207,-15603,-15603,0,0,0,0,1,0
4394,2288020,20907,-6852,-14055,0,30607,-10031,-20576,0,0,0,0,1,0
4395,2288541,19693,-2782,-16910,0,28831,-4073,-24758,0,0,0,0,1,0
4396,2289062,17722,1394,-19116,0,25947,2041,-27988,0,0,0,0,1,0
4397,2289583,15070,5516,-20586,0,22066,8077,-30143,0,0,0,0,1,0
4398,2290104,11840,9426,-21266,0,17337,13802,-31140,0,0,0,0,1,0
4399,2290625,8155,12973,-21128,0,11942,18997,-30940,0,0,0,0,1,0
4400,2291145,4157,16021,-20178,0,6088,23462,-29551,0,0,0,0,1,0
4401,2291666,0,18453,-18453,0,0,27026,-27026,0,0,0,0,1,0
4402,2292187,-4157,20176,-16019,0,-6088,29551,-23462,0,0,0,0,1,0
4403,2292708,-8153,21123,-12970,0,-11942,30940,-18997,0,0,0,0,1,0
4404,2293229,-11836,21258,-9422,0,-17337,31140,-13802,0,0,0,0,1,0
4405,2293750,-15063,20577,-5513,0,-22066,30143,-8077,0,0,0,0,1,0
4406,2294270,-17711,19104,-1393,0,-25947,27988,-2041,0,0,0,0,1,0
4407,2294791,-19679,16898,2780,0,-28831,24758,4073,0,0,0,0,1,0
4408,2295312,-20889,14043,6846,0,-30607,20576,10031,0,0,0,0,1,0
4409,2295833,-21297,10649,10649,0,-31207,15603,15603,0,0,0,0,1,0
4410,2296354,-20887,6845,14042,0,-30607,10031,20576,0,0,0,0,1,0
4411,2296875,-19674,2780,16894,0,-28831,4073,24758,0,0,0,0,1,0
4412,2297395,-17705,-1393,19098,0,-25947,-2041,27988,0,0,0,0,1,0
4413,2297916,-15056,-5511,20567,0,-22066,-8077,30143,0,0,0,0,1,0
4414,2298437,-11829,-9417,21246,0,-17337,-13802,31140,0,0,0,0,1,0
4415,2298958,-8147,-12960,21108,0,-11942,-18997,30940,0,0,0,0,1,0
4416,2299479,-4153,-16006,20159,0,-6088,-23462,29551,0,0,0,0,1,0
4417,2300000,0,-18435,18435,0,0,-27026,27026,0,0,0,0,1,0
4418,2300520,4153,-20156,16004,0,6088,-29551,23462,0,0,0,0,1,0
4419,2301041,8145,-21103,12957,0,11942,-30940,18997,0,0,0,0,1,0
4420,2301562,11825,-21238,9413,0,17337,-31140,13802,0,0,0,0,1,0
4421,2302083,15049,-20557,5508,0,22066,-30143,8077,0,0,0,0,1,0
4422,2302604,17695,-19086,1392,0,25947,-27988,2041,0,0,0,0,1,0
4423,2303125,19660,-16882,-2778,0,28831,-24758,-4073,0,0,0,0,1,0
4424,2303645,20870,-14030,-6840,0,30607,-20576,-10031,0,0,0,0,1,0
4425,2304166,21277,-10639,-10639,0,31207,-15603,-15603,0,0,0,0,1,0
4426,2304687,20867,-6839,-14028,0,30607,-10031,-20576,0,0,0,0,1,0
4427,2305208,19655,-2777,-16878,0,28831,-4073,-24758,0,0,0,0,1,0
4428,2305729,17688,1391,-19080,0,25947,2041,-27988,0,0,0,0,1,0
4429,2306250,15042,5506,-20547,0,22066,8077,-30143,0,0,0,0,1,0
4430,2306770,11818,9408,-21226,0,17337,13802,-31140,0,0,0,0,1,0
4431,2307291,8140,12948,-21088,0,11942,18997,-30940,0,0,0,0,1,0
4432,2307812,4149,15991,-20140,0,6088,23462,-29551,0,0,0,0,1,0
4433,2308333,0,18418,-18418,0,0,27026,-27026,0,0,0,0,1,0
4434,2308854,-4149,20137,-15989,0,-6088,29551,-23462,0,0,0,0,1,0
4435,2309375,-8138,21083,-12945,0,-11942,30940,-18997,0,0,0,0,1,0
4436,2309895,-11813,21218,-9405,0,-17337,31140,-13802,0,0,0,0,1,0
4437,2310416,-15035,20538,-5503,0,-22066,30143,-8077,0,0,0,0,1,0
4438,2310937,-17678,19068,-1391,0,-25947,27988,-2041,0,0,0,0,1,0
4439,2311458,-19642,16867,2775,0,-28831,24758,4073,0,0,0,0,1,0
4440,2311979,-20850,14017,6833,0,-30607,20576,10031,0,0,0,0,1,0
4441,2312500,-21257,10629,10629,0,-31207,15603,15603,0,0,0,0,1,0
4442,2313020,-20848,6833,14015,0,-30607,10031,20576,0,0,0,0,1,0
4443,2313541,-19637,2774,16863,0,-28831,4073,24758,0,0,0,0,1,0
4444,2314062,-17672,-1390,19062,0,-25947,-2041,27988,0,0,0,0,1,0
4445,2314583,-15028,-5501,20528,0,-22066,-8077,30143,0,0,0,0,1,0
4446,2315104,-11806,-9399,21206,0,-17337,-13802,31140,0,0,0,0,1,0
4447,2315625,-8132,-12936,21068,0,-11942,-18997,30940,0,0,0,0,1,0
4448,2316145,-4145,-15976,20121,0,-6088,-23462,29551,0,0,0,0,1,0
4449,2316666,0,-18401,18401,0,0,-27026,27026,0,0,0,0,1,0
4450,2317187,4145,-20119,15974,0,6088,-29551,23462,0,0,0,0,1,0
4451,2317708,8130,-21063,12933,0,11942,-30940,18997,0,0,0,0,1,0
4452,2318229,11802,-21198,9396,0,17337,-31140,13802,0,0,0,0,1,0
4453,2318750,15021,-20519,5498,0,22066,-30143,8077,0,0,0,0,1,0
4454,2319270,17661,-19051,1389,0,25947,-27988,2041,0,0,0,0,1,0
4455,2319791,19623,-16851,-2772,0,28831,-24758,-4073,0,0,0,0,1,0
4456,2320312,20831,-14004,-6827,0,30607,-20576,-10031,0,0,0,0,1,0
4457,2320833,21237,-10619,-10619,0,31207,-15603,-15603,0,0,0,0,1,0
4458,2321354,20828,-6826,-14002,0,30607,-10031,-20576,0,0,0,0,1,0
4459,2321875,19619,-2772,-16847,0,28831,-4073,-24758,0,0,0,0,1,0
4460,2322395,17655,1389,-19044,0,25947,2041,-27988,0,0,0,0,1,0
4461,2322916,15014,5495,-20509,0,22066,8077,-30143,0,0,0,0,1,0
4462,2323437,11795,9390,-21186,0,17337,13802,-31140,0,0,0,0,1,0
4463,2323958,8124,12924,-21048,0,11942,18997,-30940,0,0,0,0,1,0
4464,2324479,4142,15961,-20102,0,6088,23462,-29551,0,0,0,0,1,0
4465,2325000,0,18384,-18384,0,0,27026,-27026,0,0,0,0,1,0
4466,2325520,-4141,20100,-15959,0,-6088,29551,-23462,0,0,0,0,1,0
4467,2326041,-8122,21044,-12921,0,-11942,30940,-18997,0,0,0,0,1,0
4468,2326562,-11791,21178,-9387,0,-17337,31140,-13802,0,0,0,0,1,0
4469,2327083,-15007,20499,-5493,0,-22066,30143,-8077,0,0,0,0,1,0
4470,2327604,-17645,19033,-1388,0,-25947,27988,-2041,0,0,0,0,1,0
4471,2328125,-19605,16835,2770,0,-28831,24758,4073,0,0,0,0,1,0
4472,2328645,-20811,13991,6821,0,-30607,20576,10031,0,0,0,0,1,0
4473,2329166,-21218,10609,10609,0,-31207,15603,15603,0,0,0,0,1,0
4474,2329687,-20809,6820,13989,0,-30607,10031,20576,0,0,0,0,1,0
4475,2330208,-19600,2769,16831,0,-28831,4073,24758,0,0,0,0,1,0
4476,2330729,-17639,-1387,19026,0,-25947,-2041,27988,0,0,0,0,1,0
4477,2331250,-15000,-5490,20490,0,-22066,-8077,30143,0,0,0,0,1,0
4478,2331770,-11784,-9382,21166,0,-17337,-13802,31140,0,0,0,0,1,0
4479,2332291,-8117,-12912,21029,0,-11942,-18997,30940,0,0,0,0,1,0
4480,2332812,-4138,-15946,20083,0,-6088,-23462,29551,0,0,0,0,1,0
4481,2333333,0,-18367,18367,0,0,-27026,27026,0,0,0,0,1,0
4482,2333854,4137,-20081,15944,0,6088,-29551,23462,0,0,0,0,1,0
4483,2334375,8115,-21024,12909,0,11942,-30940,18997,0,0,0,0,1,0
4484,2334895,11780,-21159,9378,0,17337,-31140,13802,0,0,0,0,1,0
4485,2335416,14993,-20480,5488,0,22066,-30143,8077,0,0,0,0,1,0
4486,2335937,17629,-19015,1387,0,25947,-27988,2041,0,0,0,0,1,0
4487,2336458,19587,-16819,-2767,0,28831,-24758,-4073,0,0,0,0,1,0
4488,2336979,20792,-13978,-6814,0,30607,-20576,-10031,0,0,0,0,1,0
4489,2337500,21198,-10599,-10599,0,31207,-15603,-15603,0,0,0,0,1,0
4490,2338020,20789,-6813,-13976,0,30607,-10031,-20576,0,0,0,0,1,0
4491,2338541,19582,-2767,-16816,0,28831,-4073,-24758,0,0,0,0,1,0
4492,2339062,17622,1386,-19009,0,25947,2041,-27988,0,0,0,0,1,0
4493,2339583,14986,5485,-20471,0,22066,8077,-30143,0,0,0,0,1,0
4494,2340104,11774,9373,-21146,0,17337,13802,-31140,0,0,0,0,1,0
4495,2340625,8109,12900,-21009,0,11942,18997,-30940,0,0,0,0,1,0
4496,2341145,4134,15931,-20065,0,6088,23462,-29551,0,0,0,0,1,0
4497,2341666,0,18349,-18349,0,0,27026,-27026,0,0,0,0,1,0
4498,2342187,-4133,20063,-15929,0,-6088,29551,-23462,0,0,0,0,1,0
4499,2342708,-8107,21004,-12897,0,-11942,30940,-18997,0,0,0,0,1,0
4500,2343229,-11769,21139,-9370,0,-17337,31140,-13802,0,0,0,0,1,0
4501,2343750,-14979,20461,-5483,0,-22066,30143,-8077,0,0,0,0,1,0
4502,2344270,-17612,18998,-1385,0,-25947,27988,-2041,0,0,0,0,1,0
4503,2344791,-19569,16804,2765,0,-28831,24758,4073,0,0,0,0,1,0
4504,2345312,-20773,13965,6808,0,-30607,20576,10031,0,0,0,0,1,0
4505,2345833,-21178,10589,10589,0,-31207,15603,15603,0,0,0,0,1,0
4506,2346354,-20770,6807,13963,0,-30607,10031,20576,0,0,0,0,1,0
4507,2346875,-19564,2764,16800,0,-28831,4073,24758,0,0,0,0,1,0
4508,2347395,-17606,-1385,18991,0,-25947,-2041,27988,0,0,0,0,1,0
4509,2347916,-14972,-5480,20452,0,-22066,-8077,30143,0,0,0,0,1,0
4510,2348437,-11763,-9364,21127,0,-17337,-13802,31140,0,0,0,0,1,0
4511,2348958,-8102,-12888,20990,0,-11942,-18997,30940,0,0,0,0,1,0
4512,2349479,-4130,-15916,20046,0,-6088,-23462,29551,0,0,0,0,1,0
4513,2350000,0,-18333,18333,0,0,-27026,27026,0,0,0,0,1,0
4514,2350520,4130,-20044,15914,0,6088,-29551,23462,0,0,0,0,1,0
4515,2351041,8100,-20985,12885,0,11942,-30940,18997,0,0,0,0,1,0
4516,2351562,11759,-21120,9361,0,17337,-31140,13802,0,0,0,0,1,0
4517,2352083,14965,-20443,5478,0,22066,-30143,8077,0,0,0,0,1,0
4518,2352604,17596,-18980,1384,0,25947,-27988,2041,0,0,0,0,1,0
4519,2353125,19550,-16788,-2762,0,28831,-24758,-4073,0,0,0,0,1,0
4520,2353645,20753,-13952,-6802,0,30607,-20576,-10031,0,0,0,0,1,0
4521,2354166,21159,-10579,-10579,0,31207,-15603,-15603,0,0,0,0,1,0
4522,2354687,20751,-6801,-13950,0,30607,-10031,-20576,0,0,0,0,1,0
4523,2355208,19546,-2761,-16785,0,28831,-4073,-24758,0,0,0,0,1,0
4524,2355729,17590,1384,-18974,0,25947,2041,-27988,0,0,0,0,1,0
4525,2356250,14958,5475,-20433,0,22066,8077,-30143,0,0,0,0,1,0
4526,2356770,11752,9356,-21107,0,17337,13802,-31140,0,0,0,0,1,0
4527,2357291,8094,12876,-20971,0,11942,18997,-30940,0,0,0,0,1,0
4528,2357812,4126,15902,-20028,0,6088,23462,-29551,0,0,0,0,1,0
4529,2358333,0,18316,-18316,0,0,27026,-27026,0,0,0,0,1,0
4530,2358854,-4126,20026,-15900,0,-6088,29551,-23462,0,0,0,0,1,0
4531,2359375,-8092,20966,-12873,0,-11942,30940,-18997,0,0,0,0,1,0
4532,2359895,-11748,21100,-9352,0,-17337,31140,-13802,0,0,0,0,1,0
4533,2360416,-14951,20424,-5473,0,-22066,30143,-8077,0,0,0,0,1,0
4534,2360937,-17580,18963,-1383,0,-25947,27988,-2041,0,0,0,0,1,0
4535,2361458,-19533,16773,2760,0,-28831,24758,4073,0,0,0,0,1,0
4536,2361979,-20734,13939,6795,0,-30607,20576,10031,0,0,0,0,1,0
4537,2362500,-21139,10570,10570,0,-31207,15603,15603,0,0,0,0,1,0
4538,2363020,-20732,6795,13937,0,-30607,10031,20576,0,0,0,0,1,0
4539,2363541,-19528,2759,16769,0,-28831,4073,24758,0,0,0,0,1,0
4540,2364062,-17574,-1382,18956,0,-25947,-2041,27988,0,0,0,0,1,0
4541,2364583,-14944,-5470,20414,0,-22066,-8077,30143,0,0,0,0,1,0
4542,2365104,-11741,-9347,21088,0,-17337,-13802,31140,0,0,0,0,1,0
4543,2365625,-8087,-12864,20951,0,-11942,-18997,30940,0,0,0,0,1,0
4544,2366145,-4122,-15887,20010,0,-6088,-23462,29551,0,0,0,0,1,0
4545,2366666,0,-18299,18299,0,0,-27026,27026,0,0,0,0,1,0
4546,2367187,4122,-20007,15885,0,6088,-29551,23462,0,0,0,0,1,0
4547,2367708,8085,-20947,12862,0,11942,-30940,18997,0,0,0,0,1,0
4548,2368229,11737,-21081,9344,0,17337,-31140,13802,0,0,0,0,1,0
4549,2368750,14938,-20405,5468,0,22066,-30143,8077,0,0,0,0,1,0
4550,2369270,17564,-18945,1382,0,25947,-27988,2041,0,0,0,0,1,0
4551,2369791,19515,-16758,-2757,0,28831,-24758,-4073,0,0,0,0,1,0
4552,2370312,20715,-13926,-6789,0,30607,-20576,-10031,0,0,0,0,1,0
4553,2370833,21120,-10560,-10560,0,31207,-15603,-15603,0,0,0,0,1,0
4554,2371354,20713,-6788,-13925,0,30607,-10031,-20576,0,0,0,0,1,0
4555,2371875,19510,-2756,-16754,0,28831,-4073,-24758,0,0,0,0,1,0
4556,2372395,17558,1381,-18939,0,25947,2041,-27988,0,0,0,0,1,0
4557,2372916,14931,5465,-20396,0,22066,8077,-30143,0,0,0,0,1,0
4558,2373437,11730,9339,-21069,0,17337,13802,-31140,0,0,0,0,1,0
4559,2373958,8080,12853,-20932,0,11942,18997,-30940,0,0,0,0,1,0
4560,2374479,4119,15873,-19991,0,6088,23462,-29551,0,0,0,0,1,0
4561,2375000,0,18282,-18282,0,0,27026,-27026,0,0,0,0,1,0
4562,2375520,-4118,19989,-15871,0,-6088,29551,-23462,0,0,0,0,1,0
4563,2376041,-8078,20927,-12850,0,-11942,30940,-18997,0,0,0,0,1,0
4564,2376562,-11726,21062,-9335,0,-17337,31140,-13802,0,0,0,0,1,0
4565,2377083,-14924,20387,-5463,0,-22066,30143,-8077,0,0,0,0,1,0
4566,2377604,-17548,18928,-1380,0,-25947,27988,-2041,0,0,0,0,1,0
4567,2378125,-19497,16742,2755,0,-28831,24758,4073,0,0,0,0,1,0
4568,2378645,-20697,13914,6783,0,-30607,20576,10031,0,0,0,0,1,0
4569,2379166,-21101,10550,10550,0,-31207,15603,15603,0,0,0,0,1,0
4570,2379687,-20694,6782,13912,0,-30607,10031,20576,0,0,0,0,1,0
4571,2380208,-19492,2754,16739,0,-28831,4073,24758,0,0,0,0,1,0
4572,2380729,-17542,-1380,18922,0,-25947,-2041,27988,0,0,0,0,1,0
4573,2381250,-14917,-5460,20377,0,-22066,-8077,30143,0,0,0,0,1,0
4574,2381770,-11720,-9330,21050,0,-17337,-13802,31140,0,0,0,0,1,0
4575,2382291,-8072,-12841,20913,0,-11942,-18997,30940,0,0,0,0,1,0
4576,2382812,-4115,-15858,19973,0,-6088,-23462,29551,0,0,0,0,1,0
4577,2383333,0,-18266,18266,0,0,-27026,27026,0,0,0,0,1,0
4578,2383854,4114,-19971,15856,0,6088,-29551,23462,0,0,0,0,1,0
4579,2384375,8070,-20908,12838,0,11942,-30940,18997,0,0,0,0,1,0
4580,2384895,11716,-21043,9327,0,17337,-31140,13802,0,0,0,0,1,0
4581,2385416,14910,-20368,5458,0,22066,-30143,8077,0,0,0,0,1,0
4582,2385937,17532,-18911,1379,0,25947,-27988,2041,0,0,0,0,1,0
4583,2386458,19479,-16727,-2752,0,28831,-24758,-4073,0,0,0,0,1,0
4584,2386979,20678,-13901,-6777,0,30607,-20576,-10031,0,0,0,0,1,0
4585,2387500,21082,-10541,-10541,0,31207,-15603,-15603,0,0,0,0,1,0
4586,2388020,20675,-6776,-13899,0,30607,-10031,-20576,0,0,0,0,1,0
4587,2388541,19475,-2751,-16723,0,28831,-4073,-24758,0,0,0,0,1,0
4588,2389062,17526,1379,-18904,0,25947,2041,-27988,0,0,0,0,1,0
4589,2389583,14904,5455,-20359,0,22066,8077,-30143,0,0,0,0,1,0
4590,2390104,11709,9322,-21031,0,17337,13802,-31140,0,0,0,0,1,0
4591,2390625,8065,12829,-20894,0,11942,18997,-30940,0,0,0,0,1,0
4592,2391145,4111,15844,-19955,0,6088,23462,-29551,0,0,0,0,1,0
4593,2391666,0,18249,-18249,0,0,27026,-27026,0,0,0,0,1,0
4594,2392187,-4111,19953,-15842,0,-6088,29551,-23462,0,0,0,0,1,0
4595,2392708,-8063,20890,-12826,0,-11942,30940,-18997,0,0,0,0,1,0
4596,2393229,-11705,21024,-9318,0,-17337,31140,-13802,0,0,0,0,1,0
4597,2393750,-14897,20350,-5453,0,-22066,30143,-8077,0,0,0,0,1,0
4598,2394270,-17516,18894,-1378,0,-25947,27988,-2041,0,0,0,0,1,0
4599,2394791,-19462,16712,2750,0,-28831,24758,4073,0,0,0,0,1,0
4600,2395312,-20659,13888,6771,0,-30607,20576,10031,0,0,0,0,1,0
4601,2395833,-21063,10531,10531,0,-31207,15603,15603,0,0,0,0,1,0
4602,2396354,-20657,6770,13887,0,-30607,10031,20576,0,0,0,0,1,0
4603,2396875,-19457,2749,16708,0,-28831,4073,24758,0,0,0,0,1,0
4604,2397395,-17510,-1377,18887,0,-25947,-2041,27988,0,0,0,0,1,0
4605,2397916,-14890,-5450,20340,0,-22066,-8077,30143,0,0,0,0,1,0
4606,2398437,-11698,-9313,21012,0,-17337,-13802,31140,0,0,0,0,1,0
4607,2398958,-8058,-12818,20875,0,-11942,-18997,30940,0,0,0,0,1,0
4608,2399479,-4108,-15830,19937,0,-6088,-23462,29551,0,0,0,0,1,0
4609,2400000,0,-18233,18233,0,0,-27026,27026,0,0,0,0,1,0
4610,2400520,4107,-19935,15828,0,6088,-29551,23462,0,0,0,0,1,0
4611,2401041,8056,-20871,12815,0,11942,-30940,18997,0,0,0,0,1,0
4612,2401562,11695,-21005,9310,0,17337,-31140,13802,0,0,0,0,1,0
4613,2402083,14883,-20331,5448,0,22066,-30143,8077,0,0,0,0,1,0
4614,2402604,17500,-18877,1377,0,25947,-27988,2041,0,0,0,0,1,0
4615,2403125,19444,-16697,-2747,0,28831,-24758,-4073,0,0,0,0,1,0
4616,2403645,20641,-13876,-6765,0,30607,-20576,-10031,0,0,0,0,1,0
4617,2404166,21044,-10522,-10522,0,31207,-15603,-15603,0,0,0,0,1,0
4618,2404687,20638,-6764,-13874,0,30607,-10031,-20576,0,0,0,0,1,0
4619,2405208,19440,-2746,-16693,0,28831,-4073,-24758,0,0,0,0,1,0
4620,2405729,17494,1376,-18870,0,25947,2041,-27988,0,0,0,0,1,0
4621,2406250,14877,5445,-20322,0,22066,8077,-30143,0,0,0,0,1,0
4622,2406770,11688,9305,-20993,0,17337,13802,-31140,0,0,0,0,1,0
4623,2407291,8050,12806,-20857,0,11942,18997,-30940,0,0,0,0,1,0
4624,2407812,4104,15815,-19919,0,6088,23462,-29551,0,0,0,0,1,0
4625,2408333,0,18216,-18216,0,0,27026,-27026,0,0,0,0,1,0
4626,2408854,-4103,19917,-15814,0,-6088,29551,-23462,0,0,0,0,1,0
4627,2409375,-8049,20852,-12803,0,-11942,30940,-18997,0,0,0,0,1,0
4628,2409895,-11684,20986,-9302,0,-17337,31140,-13802,0,0,0,0,1,0
4629,2410416,-14870,20313,-5443,0,-22066,30143,-8077,0,0,0,0,1,0
4630,2410937,-17484,18860,-1375,0,-25947,27988,-2041,0,0,0,0,1,0
4631,2411458,-19427,16682,2745,0,-28831,24758,4073,0,0,0,0,1,0
4632,2411979,-20622,13863,6759,0,-30607,20576,10031,0,0,0,0,1,0
4633,2412500,-21025,10512,10512,0,-31207,15603,15603,0,0,0,0,1,0
4634,2413020,-20620,6758,13862,0,-30607,10031,20576,0,0,0,0,1,0
4635,2413541,-19422,2744,16678,0,-28831,4073,24758,0,0,0,0,1,0
4636,2414062,-17479,-1375,18853,0,-25947,-2041,27988,0,0,0,0,1,0
4637,2414583,-14863,-5440,20304,0,-22066,-8077,30143,0,0,0,0,1,0
4638,2415104,-11678,-9296,20974,0,-17337,-13802,31140,0,0,0,0,1,0
4639,2415625,-8043,-12795,20838,0,-11942,-18997,30940,0,0,0,0,1,0
4640,2416145,-4100,-15801,19901,0,-6088,-23462,29551,0,0,0,0,1,0
4641,2416666,0,-18200,18200,0,0,-27026,27026,0,0,0,0,1,0
4642,2417187,4100,-19899,15799,0,6088,-29551,23462,0,0,0,0,1,0
4643,2417708,8041,-20833,12792,0,11942,-30940,18997,0,0,0,0,1,0
4644,2418229,11674,-20967,9293,0,17337,-31140,13802,0,0,0,0,1,0
4645,2418750,14857,-20295,5438,0,22066,-30143,8077,0,0,0,0,1,0
4646,2419270,17469,-18843,1374,0,25947,-27988,2041,0,0,0,0,1,0
4647,2419791,19409,-16667,-2742,0,28831,-24758,-4073,0,0,0,0,1,0
4648,2420312,20604,-13851,-6753,0,30607,-20576,-10031,0,0,0,0,1,0
4649,2420833,21006,-10503,-10503,0,31207,-15603,-15603,0,0,0,0,1,0
4650,2421354,20601,-6752,-13849,0,30607,-10031,-20576,0,0,0,0,1,0
4651,2421875,19405,-2742,-16663,0,28831,-4073,-24758,0,0,0,0,1,0
4652,2422395,17463,1374,-18837,0,25947,2041,-27988,0,0,0,0,1,0
4653,2422916,14850,5436,-20286,0,22066,8077,-30143,0,0,0,0,1,0
4654,2423437,11667,9288,-20955,0,17337,13802,-31140,0,0,0,0,1,0
4655,2423958,8036,12783,-20819,0,11942,18997,-30940,0,0,0,0,1,0
4656,2424479,4096,15787,-19884,0,6088,23462,-29551,0,0,0,0,1,0
4657,2425000,0,18184,-18184,0,0,27026,-27026,0,0,0,0,1,0
4658,2425520,-4096,19881,-15785,0,-6088,29551,-23462,0,0,0,0,1,0
4659,2426041,-8034,20815,-12781,0,-11942,30940,-18997,0,0,0,0,1,0
4660,2426562,-11663,20948,-9285,0,-17337,31140,-13802,0,0,0,0,1,0
4661,2427083,-14844,20277,-5433,0,-22066,30143,-8077,0,0,0,0,1,0
4662,2427604,-17453,18826,-1373,0,-25947,27988,-2041,0,0,0,0,1,0
4663,2428125,-19392,16652,2740,0,-28831,24758,4073,0,0,0,0,1,0
4664,2428645,-20585,13839,6747,0,-30607,20576,10031,0,0,0,0,1,0
4665,2429166,-20987,10494,10494,0,-31207,15603,15603,0,0,0,0,1,0
4666,2429687,-20583,6746,13837,0,-30607,10031,20576,0,0,0,0,1,0
4667,2430208,-19388,2739,16649,0,-28831,4073,24758,0,0,0,0,1,0
4668,2430729,-17447,-1372,18820,0,-25947,-2041,27988,0,0,0,0,1,0
4669,2431250,-14837,-5431,20268,0,-22066,-8077,30143,0,0,0,0,1,0
4670,2431770,-11657,-9280,20937,0,-17337,-13802,31140,0,0,0,0,1,0
4671,2432291,-8029,-12772,20801,0,-11942,-18997,30940,0,0,0,0,1,0
4672,2432812,-4093,-15773,19866,0,-6088,-23462,29551,0,0,0,0,1,0
4673,2433333,0,-18168,18168,0,0,-27026,27026,0,0,0,0,1,0
4674,2433854,4092,-19864,15771,0,6088,-29551,23462,0,0,0,0,1,0
4675,2434375,8027,-20796,12769,0,11942,-30940,18997,0,0,0,0,1,0
4676,2434895,11653,-20930,9277,0,17337,-31140,13802,0,0,0,0,1,0
4677,2435416,14830,-20259,5428,0,22066,-30143,8077,0,0,0,0,1,0
4678,2435937,17438,-18809,1372,0,25947,-27988,2041,0,0,0,0,1,0
4679,2436458,19375,-16637,-2737,0,28831,-24758,-4073,0,0,0,0,1,0
4680,2436979,20567,-13826,-6741,0,30607,-20576,-10031,0,0,0,0,1,0
4681,2437500,20969,-10484,-10484,0,31207,-15603,-15603,0,0,0,0,1,0
4682,2438020,20565,-6740,-13825,0,30607,-10031,-20576,0,0,0,0,1,0
4683,2438541,19370,-2737,-16634,0,28831,-4073,-24758,0,0,0,0,1,0
4684,2439062,17432,1371,-18803,0,25947,2041,-27988,0,0,0,0,1,0
4685,2439583,14824,5426,-20250,0,22066,8077,-30143,0,0,0,0,1,0
4686,2440104,11646,9272,-20918,0,17337,13802,-31140,0,0,0,0,1,0
4687,2440625,8022,12761,-20782,0,11942,18997,-30940,0,0,0,0,1,0
4688,2441145,4089,15759,-19848,0,6088,23462,-29551,0,0,0,0,1,0
4689,2441666,0,18151,-18151,0,0,27026,-27026,0,0,0,0,1,0
4690,2442187,-4089,19846,-15757,0,-6088,29551,-23462,0,0,0,0,1,0
4691,2442708,-8020,20778,-12758,0,-11942,30940,-18997,0,0,0,0,1,0
4692,2443229,-11643,20911,-9269,0,-17337,31140,-13802,0,0,0,0,1,0
4693,2443750,-14817,20241,-5424,0,-22066,30143,-8077,0,0,0,0,1,0
4694,2444270,-17422,18793,-1370,0,-25947,27988,-2041,0,0,0,0,1,0
4695,2444791,-19358,16623,2735,0,-28831,24758,4073,0,0,0,0,1,0
4696,2445312,-20549,13814,6735,0,-30607,20576,10031,0,0,0,0,1,0
4697,2445833,-20950,10475,10475,0,-31207,15603,15603,0,0,0,0,1,0
4698,2446354,-20547,6734,13813,0,-30607,10031,20576,0,0,0,0,1,0
4699,2446875,-19353,2734,16619,0,-28831,4073,24758,0,0,0,0,1,0
4700,2447395,-17417,-1370,18787,0,-25947,-2041,27988,0,0,0,0,1,0
4701,2447916,-14811,-5421,20232,0,-22066,-8077,30143,0,0,0,0,1,0
4702,2448437,-11636,-9263,20900,0,-17337,-13802,31140,0,0,0,0,1,0
4703,2448958,-8015,-12749,20764,0,-11942,-18997,30940,0,0,0,0,1,0
4704,2449479,-4086,-15745,19831,0,-6088,-23462,29551,0,0,0,0,1,0
4705,2450000,0,-18135,18135,0,0,-27026,27026,0,0,0,0,1,0
4706,2450520,4085,-19829,15743,0,6088,-29551,23462,0,0,0,0,1,0
4707,2451041,8013,-20760,12747,0,11942,-30940,18997,0,0,0,0,1,0
4708,2451562,11632,-20893,9260,0,17337,-31140,13802,0,0,0,0,1,0
4709,2452083,14804,-20223,5419,0,22066,-30143,8077,0,0,0,0,1,0
4710,2452604,17407,-18776,1369,0,25947,-27988,2041,0,0,0,0,1,0
4711,2453125,19341,-16608,-2732,0,28831,-24758,-4073,0,0,0,0,1,0
4712,2453645,20531,-13802,-6729,0,30607,-20576,-10031,0,0,0,0,1,0
4713,2454166,20932,-10466,-10466,0,31207,-15603,-15603,0,0,0,0,1,0
4714,2454687,20528,-6728,-13801,0,30607,-10031,-20576,0,0,0,0,1,0
4715,2455208,19336,-2732,-16604,0,28831,-4073,-24758,0,0,0,0,1,0
4716,2455729,17401,1369,-18770,0,25947,2041,-27988,0,0,0,0,1,0
4717,2456250,14798,5416,-20214,0,22066,8077,-30143,0,0,0,0,1,0
4718,2456770,11626,9255,-20881,0,17337,13802,-31140,0,0,0,0,1,0
4719,2457291,8008,12738,-20746,0,11942,18997,-30940,0,0,0,0,1,0
4720,2457812,4082,15731,-19813,0,6088,23462,-29551,0,0,0,0,1,0
4721,2458333,0,18120,-18120,0,0,27026,-27026,0,0,0,0,1,0
4722,2458854,-4082,19811,-15730,0,-6088,29551,-23462,0,0,0,0,1,0
4723,2459375,-8006,20741,-12735,0,-11942,30940,-18997,0,0,0,0,1,0
4724,2459895,-11622,20874,-9252,0,-17337,31140,-13802,0,0,0,0,1,0
4725,2460416,-14791,20205,-5414,0,-22066,30143,-8077,0,0,0,0,1,0
4726,2460937,-17392,18760,-1368,0,-25947,27988,-2041,0,0,0,0,1,0
4727,2461458,-19324,16594,2730,0,-28831,24758,4073,0,0,0,0,1,0
4728,2461979,-20513,13790,6723,0,-30607,20576,10031,0,0,0,0,1,0
4729,2462500,-20913,10457,10457,0,-31207,15603,15603,0,0,0,0,1,0
4730,2463020,-20510,6722,13788,0,-30607,10031,20576,0,0,0,0,1,0
4731,2463541,-19319,2729,16590,0,-28831,4073,24758,0,0,0,0,1,0
4732,2464062,-17386,-1368,18754,0,-25947,-2041,27988,0,0,0,0,1,0
4733,2464583,-14785,-5412,20196,0,-22066,-8077,30143,0,0,0,0,1,0
4734,2465104,-11616,-9247,20863,0,-17337,-13802,31140,0,0,0,0,1,0
4735,2465625,-8001,-12727,20728,0,-11942,-18997,30940,0,0,0,0,1,0
4736,2466145,-4078,-15718,19796,0,-6088,-23462,29551,0,0,0,0,1,0
4737,2466666,0,-18104,18104,0,0,-27026,27026,0,0,0,0,1,0
4738,2467187,4078,-19794,15716,0,6088,-29551,23462,0,0,0,0,1,0
4739,2467708,7999,-20723,12724,0,11942,-30940,18997,0,0,0,0,1,0
4740,2468229,11612,-20856,9244,0,17337,-31140,13802,0,0,0,0,1,0
4741,2468750,14778,-20188,5409,0,22066,-30143,8077,0,0,0,0,1,0
4742,2469270,17377,-18743,1367,0,25947,-27988,2041,0,0,0,0,1,0
4743,2469791,19307,-16579,-2728,0,28831,-24758,-4073,0,0,0,0,1,0
4744,2470312,20495,-13778,-6717,0,30607,-20576,-10031,0,0,0,0,1,0
4745,2470833,20895,-10448,-10448,0,31207,-15603,-15603,0,0,0,0,1,0
4746,2471354,20493,-6716,-13776,0,30607,-10031,-20576,0,0,0,0,1,0
4747,2471875,19303,-2727,-16575,0,28831,-4073,-24758,0,0,0,0,1,0
4748,2472395,17371,1366,-18737,0,25947,2041,-27988,0,0,0,0,1,0
4749,2472916,14772,5407,-20179,0,22066,8077,-30143,0,0,0,0,1,0
4750,2473437,11606,9239,-20845,0,17337,13802,-31140,0,0,0,0,1,0
4751,2473958,7994,12716,-20710,0,11942,18997,-30940,0,0,0,0,1,0
4752,2474479,4075,15704,-19779,0,6088,23462,-29551,0,0,0,0,1,0
4753,2475000,0,18088,-18088,0,0,27026,-27026,0,0,0,0,1,0
4754,2475520,-4074,19777,-15702,0,-6088,29551,-23462,0,0,0,0,1,0
4755,2476041,-7992,20705,-12713,0,-11942,30940,-18997,0,0,0,0,1,0
4756,2476562,-11602,20838,-9236,0,-17337,31140,-13802,0,0,0,0,1,0
4757,2477083,-14765,20170,-5405,0,-22066,30143,-8077,0,0,0,0,1,0
4758,2477604,-17361,18727,-1366,0,-25947,27988,-2041,0,0,0,0,1,0
4759,2478125,-19290,16565,2725,0,-28831,24758,4073,0,0,0,0,1,0
4760,2478645,-20477,13766,6711,0,-30607,20576,10031,0,0,0,0,1,0
4761,2479166,-20877,10439,10439,0,-31207,15603,15603,0,0,0,0,1,0
4762,2479687,-20475,6710,13764,0,-30607,10031,20576,0,0,0,0,1,0
4763,2480208,-19286,2725,16561,0,-28831,4073,24758,0,0,0,0,1,0
4764,2480729,-17356,-1365,18721,0,-25947,-2041,27988,0,0,0,0,1,0
4765,2481250,-14759,-5402,20161,0,-22066,-8077,30143,0,0,0,0,1,0
4766,2481770,-11595,-9231,20827,0,-17337,-13802,31140,0,0,0,0,1,0
4767,2482291,-7987,-12705,20692,0,-11942,-18997,30940,0,0,0,0,1,0
4768,2482812,-4071,-15690,19762,0,-6088,-23462,29551,0,0,0,0,1,0
4769,2483333,0,-18072,18072,0,0,-27026,27026,0,0,0,0,1,0
4770,2483854,4071,-19759,15689,0,6088,-29551,23462,0,0,0,0,1,0
4771,2484375,7985,-20687,12702,0,11942,-30940,18997,0,0,0,0,1,0
4772,2484895,11592,-20820,9228,0,17337,-31140,13802,0,0,0,0,1,0
4773,2485416,14753,-20153,5400,0,22066,-30143,8077,0,0,0,0,1,0
4774,2485937,17346,-18711,1364,0,25947,-27988,2041,0,0,0,0,1,0
4775,2486458,19273,-16550,-2723,0,28831,-24758,-4073,0,0,0,0,1,0
4776,2486979,20459,-13754,-6705,0,30607,-20576,-10031,0,0,0,0,1,0
4777,2487500,20859,-10429,-10429,0,31207,-15603,-15603,0,0,0,0,1,0
4778,2488020,20457,-6705,-13752,0,30607,-10031,-20576,0,0,0,0,1,0
4779,2488541,19269,-2722,-16547,0,28831,-4073,-24758,0,0,0,0,1,0
4780,2489062,17341,1364,-18705,0,25947,2041,-27988,0,0,0,0,1,0
4781,2489583,14746,5398,-20144,0,22066,8077,-30143,0,0,0,0,1,0
4782,2490104,11585,9223,-20809,0,17337,13802,-31140,0,0,0,0,1,0
4783,2490625,7980,12694,-20674,0,11942,18997,-30940,0,0,0,0,1,0
4784,2491145,4068,15677,-19744,0,6088,23462,-29551,0,0,0,0,1,0
4785,2491666,0,18057,-18057,0,0,27026,-27026,0,0,0,0,1,0
4786,2492187,-4067,19742,-15675,0,-6088,29551,-23462,0,0,0,0,1,0
4787,2492708,-7978,20669,-12691,0,-11942,30940,-18997,0,0,0,0,1,0
4788,2493229,-11582,20802,-9220,0,-17337,31140,-13802,0,0,0,0,1,0
4789,2493750,-14740,20135,-5395,0,-22066,30143,-8077,0,0,0,0,1,0
4790,2494270,-17331,18695,-1363,0,-25947,27988,-2041,0,0,0,0,1,0
4791,2494791,-19257,16536,2721,0,-28831,24758,4073,0,0,0,0,1,0
4792,2495312,-20442,13742,6699,0,-30607,20576,10031,0,0,0,0,1,0
4793,2495833,-20841,10420,10420,0,-31207,15603,15603,0,0,0,0,1,0
4794,2496354,-20439,6699,13741,0,-30607,10031,20576,0,0,0,0,1,0
4795,2496875,-19252,2720,16532,0,-28831,4073,24758,0,0,0,0,1,0
4796,2497395,-17326,-1363,18689,0,-25947,-2041,27988,0,0,0,0,1,0
4797,2497916,-14734,-5393,20126,0,-22066,-8077,30143,0,0,0,0,1,0
4798,2498437,-11575,-9215,20791,0,-17337,-13802,31140,0,0,0,0,1,0
4799,2498958,-7973,-12683,20656,0,-11942,-18997,30940,0,0,0,0,1,0
4800,2499479,-4064,-15663,19727,0,-6088,-23462,29551,0,0,0,0,1,0
4801,2500000,0,-18041,18041,0,0,-27026,27026,0,0,0,0,1,0
4802,2500520,4064,-19725,15661,0,6088,-29551,23462,0,0,0,0,1,0
4803,2501041,7971,-20652,12680,0,11942,-30940,18997,0,0,0,0,1,0
4804,2501562,11572,-20784,9212,0,17337,-31140,13802,0,0,0,0,1,0
4805,2502083,14727,-20118,5391,0,22066,-30143,8077,0,0,0,0,1,0
4806,2502604,17316,-18679,1362,0,25947,-27988,2041,0,0,0,0,1,0
4807,2503125,19240,-16522,-2718,0,28831,-24758,-4073,0,0,0,0,1,0
4808,2503645,20424,-13730,-6694,0,30607,-20576,-10031,0,0,0,0,1,0
4809,2504166,20823,-10412,-10412,0,31207,-15603,-15603,0,0,0,0,1,0
4810,2504687,20422,-6693,-13729,0,30607,-10031,-20576,0,0,0,0,1,0
4811,2505208,19236,-2718,-16518,0,28831,-4073,-24758,0,0,0,0,1,0
4812,2505729,17311,1362,-18673,0,25947,2041,-27988,0,0,0,0,1,0
4813,2506250,14721,5388,-20109,0,22066,8077,-30143,0,0,0,0,1,0
4814,2506770,11566,9207,-20773,0,17337,13802,-31140,0,0,0,0,1,0
4815,2507291,7966,12672,-20638,0,11942,18997,-30940,0,0,0,0,1,0
4816,2507812,4061,15650,-19711,0,6088,23462,-29551,0,0,0,0,1,0
4817,2508333,0,18026,-18026,0,0,27026,-27026,0,0,0,0,1,0
4818,2508854,-4060,19708,-15648,0,-6088,29551,-23462,0,0,0,0,1,0
4819,2509375,-7964,20634,-12669,0,-11942,30940,-18997,0,0,0,0,1,0
4820,2509895,-11562,20766,-9204,0,-17337,31140,-13802,0,0,0,0,1,0
4821,2510416,-14715,20101,-5386,0,-22066,30143,-8077,0,0,0,0,1,0
4822,2510937,-17302,18663,-1361,0,-25947,27988,-2041,0,0,0,0,1,0
4823,2511458,-19224,16508,2716,0,-28831,24758,4073,0,0,0,0,1,0
4824,2511979,-20406,13719,6688,0,-30607,20576,10031,0,0,0,0,1,0
4825,2512500,-20805,10403,10403,0,-31207,15603,15603,0,0,0,0,1,0
4826,2513020,-20404,6687,13717,0,-30607,10031,20576,0,0,0,0,1,0
4827,2513541,-19219,2715,16504,0,-28831,4073,24758,0,0,0,0,1,0
4828,2514062,-17296,-1361,18657,0,-25947,-2041,27988,0,0,0,0,1,0
4829,2514583,-14708,-5384,20092,0,-22066,-8077,30143,0,0,0,0,1,0
4830,2515104,-11556,-9199,20755,0,-17337,-13802,31140,0,0,0,0,1,0
4831,2515625,-7959,-12661,20621,0,-11942,-18997,30940,0,0,0,0,1,0
4832,2516145,-4057,-15636,19694,0,-6088,-23462,29551,0,0,0,0,1,0
4833,2516666,0,-18010,18010,0,0,-27026,27026,0,0,0,0,1,0
4834,2517187,4057,-19692,15635,0,6088,-29551,23462,0,0,0,0,1,0
4835,2517708,7958,-20616,12659,0,11942,-30940,18997,0,0,0,0,1,0
4836,2518229,11552,-20748,9196,0,17337,-31140,13802,0,0,0,0,1,0
4837,2518750,14702,-20083,5381,0,22066,-30143,8077,0,0,0,0,1,0
4838,2519270,17287,-18647,1360,0,25947,-27988,2041,0,0,0,0,1,0
4839,2519791,19207,-16494,-2714,0,28831,-24758,-4073,0,0,0,0,1,0
4840,2520312,20389,-13707,-6682,0,30607,-20576,-10031,0,0,0,0,1,0
4841,2520833,20787,-10394,-10394,0,31207,-15603,-15603,0,0,0,0,1,0
4842,2521354,20387,-6682,-13705,0,30607,-10031,-20576,0,0,0,0,1,0
4843,2521875,19203,-2713,-16490,0,28831,-4073,-24758,0,0,0,0,1,0
4844,2522395,17281,1359,-18641,0,25947,2041,-27988,0,0,0,0,1,0
4845,2522916,14696,5379,-20075,0,22066,8077,-30143,0,0,0,0,1,0
4846,2523437,11546,9192,-20737,0,17337,13802,-31140,0,0,0,0,1,0
4847,2523958,7952,12651,-20603,0,11942,18997,-30940,0,0,0,0,1,0
4848,2524479,4054,15623,-19677,0,6088,23462,-29551,0,0,0,0,1,0
4849,2525000,0,17995,-17995,0,0,27026,-27026,0,0,0,0,1,0
4850,2525520,-4053,19675,-15621,0,-6088,29551,-23462,0,0,0,0,1,0
4851,2526041,-7951,20599,-12648,0,-11942,30940,-18997,0,0,0,0,1,0
4852,2526562,-11542,20731,-9189,0,-17337,31140,-13802,0,0,0,0,1,0
4853,2527083,-14690,20066,-5377,0,-22066,30143,-8077,0,0,0,0,1,0
4854,2527604,-17272,18631,-1359,0,-25947,27988,-2041,0,0,0,0,1,0
4855,2528125,-19191,16480,2711,0,-28831,24758,4073,0,0,0,0,1,0
4856,2528645,-20372,13695,6677,0,-30607,20576,10031,0,0,0,0,1,0
4857,2529166,-20770,10385,10385,0,-31207,15603,15603,0,0,0,0,1,0
4858,2529687,-20370,6676,13694,0,-30607,10031,20576,0,0,0,0,1,0
4859,2530208,-19187,2711,16476,0,-28831,4073,24758,0,0,0,0,1,0
4860,2530729,-17267,-1358,18625,0,-25947,-2041,27988,0,0,0,0,1,0
4861,2531250,-14683,-5374,20058,0,-22066,-8077,30143,0,0,0,0,1,0
4862,2531770,-11536,-9184,20720,0,-17337,-13802,31140,0,0,0,0,1,0
4863,2532291,-7946,-12640,20586,0,-11942,-18997,30940,0,0,0,0,1,0
4864,2532812,-4050,-15610,19660,0,-6088,-23462,29551,0,0,0,0,1,0
4865,2533333,0,-17980,17980,0,0,-27026,27026,0,0,0,0,1,0
4866,2533854,4050,-19658,15608,0,6088,-29551,23462,0,0,0,0,1,0
4867,2534375,7944,-20581,12637,0,11942,-30940,18997,0,0,0,0,1,0
4868,2534895,11532,-20713,9181,0,17337,-31140,13802,0,0,0,0,1,0
4869,2535416,14677,-20049,5372,0,22066,-30143,8077,0,0,0,0,1,0
4870,2535937,17258,-18615,1357,0,25947,-27988,2041,0,0,0,0,1,0
4871,2536458,19175,-16466,-2709,0,28831,-24758,-4073,0,0,0,0,1,0
4872,2536979,20355,-13684,-6671,0,30607,-20576,-10031,0,0,0,0,1,0
4873,2537500,20752,-10376,-10376,0,31207,-15603,-15603,0,0,0,0,1,0
4874,2538020,20352,-6670,-13682,0,30607,-10031,-20576,0,0,0,0,1,0
4875,2538541,19170,-2708,-16462,0,28831,-4073,-24758,0,0,0,0,1,0
4876,2539062,17252,1357,-18609,0,25947,2041,-27988,0,0,0,0,1,0
4877,2539583,14671,5370,-20041,0,22066,8077,-30143,0,0,0,0,1,0
4878,2540104,11526,9176,-20702,0,17337,13802,-31140,0,0,0,0,1,0
4879,2540625,7939,12629,-20568,0,11942,18997,-30940,0,0,0,0,1,0
4880,2541145,4047,15597,-19644,0,6088,23462,-29551,0,0,0,0,1,0
4881,2541666,0,17964,-17964,0,0,27026,-27026,0,0,0,0,1,0
4882,2542187,-4047,19642,-15595,0,-6088,29551,-23462,0,0,0,0,1,0
4883,2542708,-7937,20564,-12626,0,-11942,30940,-18997,0,0,0,0,1,0
4884,2543229,-11523,20696,-9173,0,-17337,31140,-13802,0,0,0,0,1,0
4885,2543750,-14665,20032,-5368,0,-22066,30143,-8077,0,0,0,0,1,0
4886,2544270,-17243,18599,-1356,0,-25947,27988,-2041,0,0,0,0,1,0
4887,2544791,-19158,16452,2707,0,-28831,24758,4073,0,0,0,0,1,0
4888,2545312,-20337,13672,6665,0,-30607,20576,10031,0,0,0,0,1,0
4889,2545833,-20735,10367,10367,0,-31207,15603,15603,0,0,0,0,1,0
4890,2546354,-20335,6665,13671,0,-30607,10031,20576,0,0,0,0,1,0
4891,2546875,-19154,2706,16448,0,-28831,4073,24758,0,0,0,0,1,0
4892,2547395,-17238,-1356,18593,0,-25947,-2041,27988,0,0,0,0,1,0
4893,2547916,-14659,-5365,20024,0,-22066,-8077,30143,0,0,0,0,1,0
4894,2548437,-11517,-9168,20685,0,-17337,-13802,31140,0,0,0,0,1,0
4895,2548958,-7932,-12618,20551,0,-11942,-18997,30940,0,0,0,0,1,0
4896,2549479,-4044,-15583,19627,0,-6088,-23462,29551,0,0,0,0,1,0
4897,2550000,0,-17949,17949,0,0,-27026,27026,0,0,0,0,1,0
4898,2550520,4043,-19625,15582,0,6088,-29551,23462,0,0,0,0,1,0
4899,2551041,7931,-20546,12616,0,11942,-30940,18997,0,0,0,0,1,0
4900,2551562,11513,-20678,9165,0,17337,-31140,13802,0,0,0,0,1,0
4901,2552083,14652,-20016,5363,0,22066,-30143,8077,0,0,0,0,1,0
4902,2552604,17228,-18584,1355,0,25947,-27988,2041,0,0,0,0,1,0
4903,2553125,19142,-16438,-2704,0,28831,-24758,-4073,0,0,0,0,1,0
4904,2553645,20320,-13661,-6660,0,30607,-20576,-10031,0,0,0,0,1,0
4905,2554166,20717,-10359,-10359,0,31207,-15603,-15603,0,0,0,0,1,0
4906,2554687,20318,-6659,-13659,0,30607,-10031,-20576,0,0,0,0,1,0
4907,2555208,19138,-2704,-16434,0,28831,-4073,-24758,0,0,0,0,1,0
4908,2555729,17223,1355,-18578,0,25947,2041,-27988,0,0,0,0,1,0
4909,2556250,14646,5361,-20007,0,22066,8077,-30143,0,0,0,0,1,0
4910,2556770,11507,9161,-20668,0,17337,13802,-31140,0,0,0,0,1,0
4911,2557291,7926,12608,-20534,0,11942,18997,-30940,0,0,0,0,1,0
4912,2557812,4040,15570,-19611,0,6088,23462,-29551,0,0,0,0,1,0
4913,2558333,0,17934,-17934,0,0,27026,-27026,0,0,0,0,1,0
4914,2558854,-4040,19609,-15569,0,-6088,29551,-23462,0,0,0,0,1,0
4915,2559375,-7924,20529,-12605,0,-11942,30940,-18997,0,0,0,0,1,0
4916,2559895,-11503,20661,-9158,0,-17337,31140,-13802,0,0,0,0,1,0
4917,2560416,-14640,19999,-5359,0,-22066,30143,-8077,0,0,0,0,1,0
4918,2560937,-17214,18568,-1354,0,-25947,27988,-2041,0,0,0,0,1,0
4919,2561458,-19126,16424,2702,0,-28831,24758,4073,0,0,0,0,1,0
4920,2561979,-20303,13649,6654,0,-30607,20576,10031,0,0,0,0,1,0
4921,2562500,-20700,10350,10350,0,-31207,15603,15603,0,0,0,0,1,0
4922,2563020,-20301,6653,13648,0,-30607,10031,20576,0,0,0,0,1,0
4923,2563541,-19122,2702,16421,0,-28831,4073,24758,0,0,0,0,1,0
4924,2564062,-17209,-1354,18562,0,-25947,-2041,27988,0,0,0,0,1,0
4925,2564583,-14634,-5356,19990,0,-22066,-8077,30143,0,0,0,0,1,0
4926,2565104,-11497,-9153,20650,0,-17337,-13802,31140,0,0,0,0,1,0
4927,2565625,-7919,-12597,20516,0,-11942,-18997,30940,0,0,0,0,1,0
4928,2566145,-4037,-15557,19594,0,-6088,-23462,29551,0,0,0,0,1,0
4929,2566666,0,-17919,17919,0,0,-27026,27026,0,0,0,0,1,0
4930,2567187,4036,-19592,15556,0,6088,-29551,23462,0,0,0,0,1,0
4931,2567708,7917,-20512,12595,0,11942,-30940,18997,0,0,0,0,1,0
4932,2568229,11494,-20644,9150,0,17337,-31140,13802,0,0,0,0,1,0
4933,2568750,14628,-19982,5354,0,22066,-30143,8077,0,0,0,0,1,0
4934,2569270,17200,-18553,1353,0,25947,-27988,2041,0,0,0,0,1,0
4935,2569791,19110,-16410,-2700,0,28831,-24758,-4073,0,0,0,0,1,0
4936,2570312,20286,-13638,-6649,0,30607,-20576,-10031,0,0,0,0,1,0
4937,2570833,20683,-10341,-10341,0,31207,-15603,-15603,0,0,0,0,1,0
4938,2571354,20284,-6648,-13636,0,30607,-10031,-20576,0,0,0,0,1,0
4939,2571875,19106,-2699,-16407,0,28831,-4073,-24758,0,0,0,0,1,0
4940,2572395,17194,1353,-18547,0,25947,2041,-27988,0,0,0,0,1,0
4941,2572916,14622,5352,-19974,0,22066,8077,-30143,0,0,0,0,1,0
4942,2573437,11488,9145,-20633,0,17337,13802,-31140,0,0,0,0,1,0
4943,2573958,7912,12587,-20499,0,11942,18997,-30940,0,0,0,0,1,0
4944,2574479,4034,15544,-19578,0,6088,23462,-29551,0,0,0,0,1,0
4945,2575000,0,17904,-17904,0,0,27026,-27026,0,0,0,0,1,0
4946,2575520,-4033,19576,-15543,0,-6088,29551,-23462,0,0,0,0,1,0
4947,2576041,-7911,20495,-12584,0,-11942,30940,-18997,0,0,0,0,1,0
4948,2576562,-11484,20627,-9142,0,-17337,31140,-13802,0,0,0,0,1,0
4949,2577083,-14616,19966,-5350,0,-22066,30143,-8077,0,0,0,0,1,0
4950,2577604,-17185,18537,-1352,0,-25947,27988,-2041,0,0,0,0,1,0
4951,2578125,-19094,16397,2698,0,-28831,24758,4073,0,0,0,0,1,0
4952,2578645,-20269,13626,6643,0,-30607,20576,10031,0,0,0,0,1,0
4953,2579166,-20666,10333,10333,0,-31207,15603,15603,0,0,0,0,1,0
4954,2579687,-20267,6642,13625,0,-30607,10031,20576,0,0,0,0,1,0
4955,2580208,-19090,2697,16393,0,-28831,4073,24758,0,0,0,0,1,0
4956,2580729,-17180,-1351,18531,0,-25947,-2041,27988,0,0,0,0,1,0
4957,2581250,-14610,-5348,19957,0,-22066,-8077,30143,0,0,0,0,1,0
4958,2581770,-11478,-9138,20616,0,-17337,-13802,31140,0,0,0,0,1,0
4959,2582291,-7906,-12576,20482,0,-11942,-18997,30940,0,0,0,0,1,0
4960,2582812,-4030,-15532,19562,0,-6088,-23462,29551,0,0,0,0,1,0
4961,2583333,0,-17889,17889,0,0,-27026,27026,0,0,0,0,1,0
4962,2583854,4030,-19560,15530,0,6088,-29551,23462,0,0,0,0,1,0
4963,2584375,7904,-20478,12574,0,11942,-30940,18997,0,0,0,0,1,0
4964,2584895,11475,-20610,9135,0,17337,-31140,13802,0,0,0,0,1,0
4965,2585416,14604,-19949,5345,0,22066,-30143,8077,0,0,0,0,1,0
4966,2585937,17171,-18522,1351,0,25947,-27988,2041,0,0,0,0,1,0
4967,2586458,19079,-16383,-2695,0,28831,-24758,-4073,0,0,0,0,1,0
4968,2586979,20253,-13615,-6638,0,30607,-20576,-10031,0,0,0,0,1,0
4969,2587500,20648,-10324,-10324,0,31207,-15603,-15603,0,0,0,0,1,0
4970,2588020,20251,-6637,-13614,0,30607,-10031,-20576,0,0,0,0,1,0
4971,2588541,19075,-2695,-16380,0,28831,-4073,-24758,0,0,0,0,1,0
4972,2589062,17166,1350,-18516,0,25947,2041,-27988,0,0,0,0,1,0
4973,2589583,14598,5343,-19941,0,22066,8077,-30143,0,0,0,0,1,0
4974,2590104,11469,9130,-20599,0,17337,13802,-31140,0,0,0,0,1,0
4975,2590625,7899,12566,-20465,0,11942,18997,-30940,0,0,0,0,1,0
4976,2591145,4027,15519,-19546,0,6088,23462,-29551,0,0,0,0,1,0
4977,2591666,0,17875,-17875,0,0,27026,-27026,0,0,0,0,1,0
4978,2592187,-4026,19544,-15517,0,-6088,29551,-23462,0,0,0,0,1,0
4979,2592708,-7898,20461,-12563,0,-11942,30940,-18997,0,0,0,0,1,0
4980,2593229,-11465,20593,-9127,0,-17337,31140,-13802,0,0,0,0,1,0
4981,2593750,-14592,19933,-5341,0,-22066,30143,-8077,0,0,0,0,1,0
4982,2594270,-17157,18507,-1350,0,-25947,27988,-2041,0,0,0,0,1,0
4983,2594791,-19063,16370,2693,0,-28831,24758,4073,0,0,0,0,1,0
4984,2595312,-20236,13604,6632,0,-30607,20576,10031,0,0,0,0,1,0
4985,2595833,-20631,10316,10316,0,-31207,15603,15603,0,0,0,0,1,0
4986,2596354,-20234,6631,13603,0,-30607,10031,20576,0,0,0,0,1,0
4987,2596875,-19059,2693,16366,0,-28831,4073,24758,0,0,0,0,1,0
4988,2597395,-17152,-1349,18501,0,-25947,-2041,27988,0,0,0,0,1,0
4989,2597916,-14586,-5339,19924,0,-22066,-8077,30143,0,0,0,0,1,0
4990,2598437,-11459,-9123,20582,0,-17337,-13802,31140,0,0,0,0,1,0
4991,2598958,-7893,-12556,20449,0,-11942,-18997,30940,0,0,0,0,1,0
4992,2599479,-4024,-15506,19530,0,-6088,-23462,29551,0,0,0,0,1,0
4993,2600000,0,-17860,17860,0,0,-27026,27026,0,0,0,0,1,0
4994,2600520,4023,-19528,15504,0,6088,-29551,23462,0,0,0,0,1,0
4995,2601041,7891,-20444,12553,0,11942,-30940,18997,0,0,0,0,1,0
4996,2601562,11456,-20576,9120,0,17337,-31140,13802,0,0,0,0,1,0
4997,2602083,14580,-19916,5337,0,22066,-30143,8077,0,0,0,0,1,0
4998,2602604,17143,-18491,1348,0,25947,-27988,2041,0,0,0,0,1,0
4999,2603125,19047,-16356,-2691,0,28831,-24758,-4073,0,0,0,0,1,0
5000,2603645,20219,-13593,-6627,0,30607,-20576,-10031,0,0,0,0,1,0
5001,2604166,20615,-10307,-10307,0,31207,-15603,-15603,0,0,0,0,1,0
5002,2604687,20217,-6626,-13591,0,30607,-10031,-20576,0,0,0,0,1,0
5003,2605208,19043,-2690,-16353,0,28831,-4073,-24758,0,0,0,0,1,0
5004,2605729,17138,1348,-18486,0,25947,2041,-27988,0,0,0,0,1,0
5005,2606250,14574,5334,-19908,0,22066,8077,-30143,0,0,0,0,1,0
5006,2606770,11450,9115,-20565,0,17337,13802,-31140,0,0,0,0,1,0
5007,2607291,7886,12545,-20432,0,11942,18997,-30940,0,0,0,0,1,0
5008,2607812,4020,15493,-19514,0,6088,23462,-29551,0,0,0,0,1,0
5009,2608333,0,17845,-17845,0,0,27026,-27026,0,0,0,0,1,0
5010,2608854,-4020,19512,-15492,0,-6088,29551,-23462,0,0,0,0,1,0
5011,2609375,-7885,20428,-12543,0,-11942,30940,-18997,0,0,0,0,1,0
5012,2609895,-11446,20559,-9112,0,-17337,31140,-13802,0,0,0,0,1,0
5013,2610416,-14568,19900,-5332,0,-22066,30143,-8077,0,0,0,0,1,0
5014,2610937,-17129,18476,-1347,0,-25947,27988,-2041,0,0,0,0,1,0
5015,2611458,-19032,16343,2689,0,-28831,24758,4073,0,0,0,0,1,0
5016,2611979,-20203,13582,6621,0,-30607,20576,10031,0,0,0,0,1,0
5017,2612500,-20598,10299,10299,0,-31207,15603,15603,0,0,0,0,1,0
5018,2613020,-20201,6621,13580,0,-30607,10031,20576,0,0,0,0,1,0
5019,2613541,-19028,2688,16340,0,-28831,4073,24758,0,0,0,0,1,0
5020,2614062,-17124,-1347,18471,0,-25947,-2041,27988,0,0,0,0,1,0
5021,2614583,-14562,-5330,19892,0,-22066,-8077,30143,0,0,0,0,1,0
5022,2615104,-11441,-9108,20548,0,-17337,-13802,31140,0,0,0,0,1,0
5023,2615625,-7880,-12535,20415,0,-11942,-18997,30940,0,0,0,0,1,0
5024,2616145,-4017,-15481,19498,0,-6088,-23462,29551,0,0,0,0,1,0
5025,2616666,0,-17831,17831,0,0,-27026,27026,0,0,0,0,1,0
5026,2617187,4017,-19496,15479,0,6088,-29551,23462,0,0,0,0,1,0
5027,2617708,7878,-20411,12533,0,11942,-30940,18997,0,0,0,0,1,0
5028,2618229,11437,-20542,9105,0,17337,-31140,13802,0,0,0,0,1,0
5029,2618750,14556,-19884,5328,0,22066,-30143,8077,0,0,0,0,1,0
5030,2619270,17115,-18461,1346,0,25947,-27988,2041,0,0,0,0,1,0
5031,2619791,19016,-16330,-2687,0,28831,-24758,-4073,0,0,0,0,1,0
5032,2620312,20186,-13571,-6616,0,30607,-20576,-10031,0,0,0,0,1,0
5033,2620833,20581,-10290,-10290,0,31207,-15603,-15603,0,0,0,0,1,0
5034,2621354,20184,-6615,-13569,0,30607,-10031,-20576,0,0,0,0,1,0
5035,2621875,19012,-2686,-16326,0,28831,-4073,-24758,0,0,0,0,1,0
5036,2622395,17110,1346,-18456,0,25947,2041,-27988,0,0,0,0,1,0
5037,2622916,14550,5326,-19876,0,22066,8077,-30143,0,0,0,0,1,0
5038,2623437,11431,9100,-20532,0,17337,13802,-31140,0,0,0,0,1,0
5039,2623958,7874,12525,-20399,0,11942,18997,-30940,0,0,0,0,1,0
5040,2624479,4014,15468,-19482,0,6088,23462,-29551,0,0,0,0,1,0
5041,2625000,0,17816,-17816,0,0,27026,-27026,0,0,0,0,1,0
5042,2625520,-4013,19480,-15466,0,-6088,29551,-23462,0,0,0,0,1,0
5043,2626041,-7872,20394,-12523,0,-11942,30940,-18997,0,0,0,0,1,0
5044,2626562,-11428,20525,-9098,0,-17337,31140,-13802,0,0,0,0,1,0
5045,2627083,-14544,19868,-5323,0,-22066,30143,-8077,0,0,0,0,1,0
5046,2627604,-17101,18446,-1345,0,-25947,27988,-2041,0,0,0,0,1,0
5047,2628125,-19001,16316,2684,0,-28831,24758,4073,0,0,0,0,1,0
5048,2628645,-20170,13560,6610,0,-30607,20576,10031,0,0,0,0,1,0
5049,2629166,-20564,10282,10282,0,-31207,15603,15603,0,0,0,0,1,0
5050,2629687,-20168,6610,13558,0,-30607,10031,20576,0,0,0,0,1,0
5051,2630208,-18997,2684,16313,0,-28831,4073,24758,0,0,0,0,1,0
5052,2630729,-17096,-1345,18441,0,-25947,-2041,27988,0,0,0,0,1,0
5053,2631250,-14538,-5321,19859,0,-22066,-8077,30143,0,0,0,0,1,0
5054,2631770,-11422,-9093,20515,0,-17337,-13802,31140,0,0,0,0,1,0
5055,2632291,-7867,-12515,20382,0,-11942,-18997,30940,0,0,0,0,1,0
5056,2632812,-4010,-15456,19466,0,-6088,-23462,29551,0,0,0,0,1,0
5057,2633333,0,-17802,17802,0,0,-27026,27026,0,0,0,0,1,0
5058,2633854,4010,-19464,15454,0,6088,-29551,23462,0,0,0,0,1,0
5059,2634375,7866,-20378,12512,0,11942,-30940,18997,0,0,0,0,1,0
5060,2634895,11419,-20509,9090,0,17337,-31140,13802,0,0,0,0,1,0
5061,2635416,14532,-19851,5319,0,22066,-30143,8077,0,0,0,0,1,0
5062,2635937,17087,-18431,1344,0,25947,-27988,2041,0,0,0,0,1,0
5063,2636458,18985,-16303,-2682,0,28831,-24758,-4073,0,0,0,0,1,0
5064,2636979,20154,-13549,-6605,0,30607,-20576,-10031,0,0,0,0,1,0
5065,2637500,20548,-10274,-10274,0,31207,-15603,-15603,0,0,0,0,1,0
5066,2638020,20152,-6604,-13547,0,30607,-10031,-20576,0,0,0,0,1,0
5067,2638541,18982,-2682,-16300,0,28831,-4073,-24758,0,0,0,0,1,0
5068,2639062,17082,1344,-18426,0,25947,2041,-27988,0,0,0,0,1,0
5069,2639583,14526,5317,-19843,0,22066,8077,-30143,0,0,0,0,1,0
5070,2640104,11413,9086,-20498,0,17337,13802,-31140,0,0,0,0,1,0
5071,2640625,7861,12505,-20366,0,11942,18997,-30940,0,0,0,0,1,0
5072,2641145,4007,15443,-19450,0,6088,23462,-29551,0,0,0,0,1,0
5073,2641666,0,17788,-17788,0,0,27026,-27026,0,0,0,0,1,0
5074,2642187,-4007,19448,-15442,0,-6088,29551,-23462,0,0,0,0,1,0
5075,2642708,-7859,20362,-12502,0,-11942,30940,-18997,0,0,0,0,1,0
5076,2643229,-11409,20492,-9083,0,-17337,31140,-13802,0,0,0,0,1,0
5077,2643750,-14521,19835,-5315,0,-22066,30143,-8077,0,0,0,0,1,0
5078,2644270,-17074,18417,-1343,0,-25947,27988,-2041,0,0,0,0,1,0
5079,2644791,-18970,16290,2680,0,-28831,24758,4073,0,0,0,0,1,0
5080,2645312,-20138,13538,6600,0,-30607,20576,10031,0,0,0,0,1,0
5081,2645833,-20531,10266,10266,0,-31207,15603,15603,0,0,0,0,1,0
5082,2646354,-20136,6599,13536,0,-30607,10031,20576,0,0,0,0,1,0
5083,2646875,-18966,2680,16287,0,-28831,4073,24758,0,0,0,0,1,0
5084,2647395,-17068,-1343,18411,0,-25947,-2041,27988,0,0,0,0,1,0
5085,2647916,-14515,-5313,19828,0,-22066,-8077,30143,0,0,0,0,1,0
5086,2648437,-11404,-9078,20482,0,-17337,-13802,31140,0,0,0,0,1,0
5087,2648958,-7855,-12495,20349,0,-11942,-18997,30940,0,0,0,0,1,0
5088,2649479,-4004,-15431,19435,0,-6088,-23462,29551,0,0,0,0,1,0
5089,2650000,0,-17773,17773,0,0,-27026,27026,0,0,0,0,1,0
5090,2650520,4004,-19433,15429,0,6088,-29551,23462,0,0,0,0,1,0
5091,2651041,7853,-20345,12492,0,11942,-30940,18997,0,0,0,0,1,0
5092,2651562,11400,-20476,9076,0,17337,-31140,13802,0,0,0,0,1,0
5093,2652083,14509,-19820,5311,0,22066,-30143,8077,0,0,0,0,1,0
5094,2652604,17060,-18402,1342,0,25947,-27988,2041,0,0,0,0,1,0
5095,2653125,18955,-16277,-2678,0,28831,-24758,-4073,0,0,0,0,1,0
5096,2653645,20121,-13527,-6595,0,30607,-20576,-10031,0,0,0,0,1,0
5097,2654166,20515,-10257,-10257,0,31207,-15603,-15603,0,0,0,0,1,0
5098,2654687,20119,-6594,-13526,0,30607,-10031,-20576,0,0,0,0,1,0
5099,2655208,18951,-2677,-16274,0,28831,-4073,-24758,0,0,0,0,1,0
5100,2655729,17055,1342,-18396,0,25947,2041,-27988,0,0,0,0,1,0
5101,2656250,14503,5309,-19812,0,22066,8077,-30143,0,0,0,0,1,0
5102,2656770,11394,9071,-20466,0,17337,13802,-31140,0,0,0,0,1,0
5103,2657291,7848,12485,-20333,0,11942,18997,-30940,0,0,0,0,1,0
5104,2657812,4001,15418,-19419,0,6088,23462,-29551,0,0,0,0,1,0
5105,2658333,0,17759,-17759,0,0,27026,-27026,0,0,0,0,1,0
5106,2658854,-4000,19417,-15417,0,-6088,29551,-23462,0,0,0,0,1,0
5107,2659375,-7847,20329,-12482,0,-11942,30940,-18997,0,0,0,0,1,0
5108,2659895,-11391,20459,-9068,0,-17337,31140,-13802,0,0,0,0,1,0
5109,2660416,-14497,19804,-5306,0,-22066,30143,-8077,0,0,0,0,1,0
5110,2660937,-17046,18387,-1341,0,-25947,27988,-2041,0,0,0,0,1,0
5111,2661458,-18940,16264,2676,0,-28831,24758,4073,0,0,0,0,1,0
5112,2661979,-20105,13516,6589,0,-30607,20576,10031,0,0,0,0,1,0
5113,2662500,-20498,10249,10249,0,-31207,15603,15603,0,0,0,0,1,0
5114,2663020,-20103,6589,13515,0,-30607,10031,20576,0,0,0,0,1,0
5115,2663541,-18936,2675,16261,0,-28831,4073,24758,0,0,0,0,1,0
5116,2664062,-17041,-1340,18382,0,-25947,-2041,27988,0,0,0,0,1,0
5117,2664583,-14492,-5304,19796,0,-22066,-8077,30143,0,0,0,0,1,0
5118,2665104,-11385,-9064,20449,0,-17337,-13802,31140,0,0,0,0,1,0
5119,2665625,-7842,-12475,20317,0,-11942,-18997,30940,0,0,0,0,1,0
5120,2666145,-3998,-15406,19404,0,-6088,-23462,29551,0,0,0,0,1,0
5121,2666666,0,-17745,17745,0,0,-27026,27026,0,0,0,0,1,0
5122,2667187,3997,-19402,15405,0,6088,-29551,23462,0,0,0,0,1,0
5123,2667708,7840,-20313,12472,0,11942,-30940,18997,0,0,0,0,1,0
5124,2668229,11382,-20443,9061,0,17337,-31140,13802,0,0,0,0,1,0
5125,2668750,14486,-19788,5302,0,22066,-30143,8077,0,0,0,0,1,0
5126,2669270,17033,-18372,1340,0,25947,-27988,2041,0,0,0,0,1,0
5127,2669791,18925,-16251,-2674,0,28831,-24758,-4073,0,0,0,0,1,0
5128,2670312,20089,-13505,-6584,0,30607,-20576,-10031,0,0,0,0,1,0
5129,2670833,20482,-10241,-10241,0,31207,-15603,-15603,0,0,0,0,1,0
5130,2671354,20087,-6583,-13504,0,30607,-10031,-20576,0,0,0,0,1,0
5131,2671875,18921,-2673,-16248,0,28831,-4073,-24758,0,0,0,0,1,0
5132,2672395,17028,1339,-18367,0,25947,2041,-27988,0,0,0,0,1,0
5133,2672916,14480,5300,-19780,0,22066,8077,-30143,0,0,0,0,1,0
5134,2673437,11376,9057,-20433,0,17337,13802,-31140,0,0,0,0,1,0
5135,2673958,7836,12465,-20301,0,11942,18997,-30940,0,0,0,0,1,0
5136,2674479,3994,15394,-19388,0,6088,23462,-29551,0,0,0,0,1,0
5137,2675000,0,17731,-17731,0,0,27026,-27026,0,0,0,0,1,0
5138,2675520,-3994,19386,-15392,0,-6088,29551,-23462,0,0,0,0,1,0
5139,2676041,-7834,20297,-12462,0,-11942,30940,-18997,0,0,0,0,1,0
5140,2676562,-11373,20427,-9054,0,-17337,31140,-13802,0,0,0,0,1,0
5141,2677083,-14474,19772,-5298,0,-22066,30143,-8077,0,0,0,0,1,0
5142,2677604,-17019,18358,-1339,0,-25947,27988,-2041,0,0,0,0,1,0
5143,2678125,-18910,16238,2672,0,-28831,24758,4073,0,0,0,0,1,0
5144,2678645,-20073,13495,6579,0,-30607,20576,10031,0,0,0,0,1,0
5145,2679166,-20466,10233,10233,0,-31207,15603,15603,0,0,0,0,1,0
5146,2679687,-20072,6578,13493,0,-30607,10031,20576,0,0,0,0,1,0
5147,2680208,-18906,2671,16235,0,-28831,4073,24758,0,0,0,0,1,0
5148,2680729,-17014,-1338,18352,0,-25947,-2041,27988,0,0,0,0,1,0
5149,2681250,-14469,-5296,19764,0,-22066,-8077,30143,0,0,0,0,1,0
5150,2681770,-11367,-9050,20417,0,-17337,-13802,31140,0,0,0,0,1,0
5151,2682291,-7830,-12455,20285,0,-11942,-18997,30940,0,0,0,0,1,0
5152,2682812,-3991,-15382,19373,0,-6088,-23462,29551,0,0,0,0,1,0
5153,2683333,0,-17717,17717,0,0,-27026,27026,0,0,0,0,1,0
5154,2683854,3991,-19371,15380,0,6088,-29551,23462,0,0,0,0,1,0
5155,2684375,7828,-20281,12453,0,11942,-30940,18997,0,0,0,0,1,0
5156,2684895,11364,-20411,9047,0,17337,-31140,13802,0,0,0,0,1,0
5157,2685416,14463,-19757,5294,0,22066,-30143,8077,0,0,0,0,1,0
5158,2685937,17006,-18343,1338,0,25947,-27988,2041,0,0,0,0,1,0
5159,2686458,18895,-16225,-2669,0,28831,-24758,-4073,0,0,0,0,1,0
5160,2686979,20058,-13484,-6574,0,30607,-20576,-10031,0,0,0,0,1,0
5161,2687500,20450,-10225,-10225,0,31207,-15603,-15603,0,0,0,0,1,0
5162,2688020,20056,-6573,-13483,0,30607,-10031,-20576,0,0,0,0,1,0
5163,2688541,18891,-2669,-16222,0,28831,-4073,-24758,0,0,0,0,1,0
5164,2689062,17001,1337,-18338,0,25947,2041,-27988,0,0,0,0,1,0
5165,2689583,14457,5292,-19749,0,22066,8077,-30143,0,0,0,0,1,0
5166,2690104,11358,9042,-20401,0,17337,13802,-31140,0,0,0,0,1,0
5167,2690625,7823,12445,-20269,0,11942,18997,-30940,0,0,0,0,1,0
5168,2691145,3988,15370,-19358,0,6088,23462,-29551,0,0,0,0,1,0
5169,2691666,0,17703,-17703,0,0,27026,-27026,0,0,0,0,1,0
5170,2692187,-3988,19356,-15368,0,-6088,29551,-23462,0,0,0,0,1,0
5171,2692708,-7822,20265,-12443,0,-11942,30940,-18997,0,0,0,0,1,0
5172,2693229,-11355,20395,-9040,0,-17337,31140,-13802,0,0,0,0,1,0
5173,2693750,-14452,19741,-5290,0,-22066,30143,-8077,0,0,0,0,1,0
5174,2694270,-16992,18329,-1337,0,-25947,27988,-2041,0,0,0,0,1,0
5175,2694791,-18880,16213,2667,0,-28831,24758,4073,0,0,0,0,1,0
5176,2695312,-20042,13473,6568,0,-30607,20576,10031,0,0,0,0,1,0
5177,2695833,-20434,10217,10217,0,-31207,15603,15603,0,0,0,0,1,0
5178,2696354,-20040,6568,13472,0,-30607,10031,20576,0,0,0,0,1,0
5179,2696875,-18876,2667,16209,0,-28831,4073,24758,0,0,0,0,1,0
5180,2697395,-16987,-1336,18324,0,-25947,-2041,27988,0,0,0,0,1,0
5181,2697916,-14446,-5288,19733,0,-22066,-8077,30143,0,0,0,0,1,0
5182,2698437,-11349,-9035,20385,0,-17337,-13802,31140,0,0,0,0,1,0
5183,2698958,-7817,-12435,20253,0,-11942,-18997,30940,0,0,0,0,1,0
5184,2699479,-3985,-15357,19342,0,-6088,-23462,29551,0,0,0,0,1,0
5185,2700000,0,-17689,17689,0,0,-27026,27026,0,0,0,0,1,0
5186,2700520,3985,-19341,15356,0,6088,-29551,23462,0,0,0,0,1,0
5187,2701041,7816,-20249,12433,0,11942,-30940,18997,0,0,0,0,1,0
5188,2701562,11346,-20379,9033,0,17337,-31140,13802,0,0,0,0,1,0
5189,2702083,14440,-19726,5285,0,22066,-30143,8077,0,0,0,0,1,0
5190,2702604,16979,-18315,1336,0,25947,-27988,2041,0,0,0,0,1,0
5191,2703125,18865,-16200,-2665,0,28831,-24758,-4073,0,0,0,0,1,0
5192,2703645,20026,-13463,-6563,0,30607,-20576,-10031,0,0,0,0,1,0
5193,2704166,20418,-10209,-10209,0,31207,-15603,-15603,0,0,0,0,1,0
5194,2704687,20024,-6563,-13462,0,30607,-10031,-20576,0,0,0,0,1,0
5195,2705208,18862,-2665,-16197,0,28831,-4073,-24758,0,0,0,0,1,0
5196,2705729,16974,1335,-18309,0,25947,2041,-27988,0,0,0,0,1,0
5197,2706250,14435,5283,-19718,0,22066,8077,-30143,0,0,0,0,1,0
5198,2706770,11341,9028,-20369,0,17337,13802,-31140,0,0,0,0,1,0
5199,2707291,7811,12426,-20237,0,11942,18997,-30940,0,0,0,0,1,0
5200,2707812,3982,15345,-19327,0,6088,23462,-29551,0,0,0,0,1,0
5201,2708333,0,17675,-17675,0,0,27026,-27026,0,0,0,0,1,0
5202,2708854,-3982,19326,-15344,0,-6088,29551,-23462,0,0,0,0,1,0
5203,2709375,-7810,20233,-12423,0,-11942,30940,-18997,0,0,0,0,1,0
5204,2709895,-11337,20363,-9026,0,-17337,31140,-13802,0,0,0,0,1,0
5205,2710416,-14429,19710,-5281,0,-22066,30143,-8077,0,0,0,0,1,0
5206,2710937,-16966,18300,-1335,0,-25947,27988,-2041,0,0,0,0,1,0
5207,2711458,-18850,16187,2663,0,-28831,24758,4073,0,0,0,0,1,0
5208,2711979,-20011,13452,6558,0,-30607,20576,10031,0,0,0,0,1,0
5209,2712500,-20402,10201,10201,0,-31207,15603,15603,0,0,0,0,1,0
5210,2713020,-20009,6558,13451,0,-30607,10031,20576,0,0,0,0,1,0
5211,2713541,-18847,2663,16184,0,-28831,4073,24758,0,0,0,0,1,0
5212,2714062,-16961,-1334,18295,0,-25947,-2041,27988,0,0,0,0,1,0
5213,2714583,-14423,-5279,19703,0,-22066,-8077,30143,0,0,0,0,1,0
5214,2715104,-11332,-9021,20353,0,-17337,-13802,31140,0,0,0,0,1,0
5215,2715625,-7805,-12416,20221,0,-11942,-18997,30940,0,0,0,0,1,0
5216,2716145,-3979,-15334,19312,0,-6088,-23462,29551,0,0,0,0,1,0
5217,2716666,0,-17661,17661,0,0,-27026,27026,0,0,0,0,1,0
5218,2717187,3978,-19310,15332,0,6088,-29551,23462,0,0,0,0,1,0
5219,2717708,7804,-20217,12414,0,11942,-30940,18997,0,0,0,0,1,0
5220,2718229,11328,-20347,9019,0,17337,-31140,13802,0,0,0,0,1,0
5221,2718750,14418,-19695,5277,0,22066,-30143,8077,0,0,0,0,1,0
5222,2719270,16953,-18286,1333,0,25947,-27988,2041,0,0,0,0,1,0
5223,2719791,18836,-16175,-2661,0,28831,-24758,-4073,0,0,0,0,1,0
5224,2720312,19995,-13442,-6553,0,30607,-20576,-10031,0,0,0,0,1,0
5225,2720833,20386,-10193,-10193,0,31207,-15603,-15603,0,0,0,0,1,0
5226,2721354,19993,-6552,-13441,0,30607,-10031,-20576,0,0,0,0,1,0
5227,2721875,18832,-2661,-16172,0,28831,-4073,-24758,0,0,0,0,1,0
5228,2722395,16948,1333,-18281,0,25947,2041,-27988,0,0,0,0,1,0
5229,2722916,14412,5275,-19687,0,22066,8077,-30143,0,0,0,0,1,0
5230,2723437,11323,9014,-20337,0,17337,13802,-31140,0,0,0,0,1,0
5231,2723958,7799,12406,-20206,0,11942,18997,-30940,0,0,0,0,1,0
5232,2724479,3976,15322,-19297,0,6088,23462,-29551,0,0,0,0,1,0
5233,2725000,0,17648,-17648,0,0,27026,-27026,0,0,0,0,1,0
5234,2725520,-3975,19296,-15320,0,-6088,29551,-23462,0,0,0,0,1,0
5235,2726041,-7798,20202,-12404,0,-11942,30940,-18997,0,0,0,0,1,0
5236,2726562,-11320,20331,-9012,0,-17337,31140,-13802,0,0,0,0,1,0
5237,2727083,-14407,19680,-5273,0,-22066,30143,-8077,0,0,0,0,1,0
5238,2727604,-16940,18272,-1332,0,-25947,27988,-2041,0,0,0,0,1,0
5239,2728125,-18821,16162,2659,0,-28831,24758,4073,0,0,0,0,1,0
5240,2728645,-19980,13432,6548,0,-30607,20576,10031,0,0,0,0,1,0
5241,2729166,-20370,10185,10185,0,-31207,15603,15603,0,0,0,0,1,0
5242,2729687,-19978,6547,13430,0,-30607,10031,20576,0,0,0,0,1,0
5243,2730208,-18818,2659,16159,0,-28831,4073,24758,0,0,0,0,1,0
5244,2730729,-16935,-1332,18267,0,-25947,-2041,27988,0,0,0,0,1,0
5245,2731250,-14401,-5271,19672,0,-22066,-8077,30143,0,0,0,0,1,0
5246,2731770,-11314,-9007,20322,0,-17337,-13802,31140,0,0,0,0,1,0
5247,2732291,-7793,-12397,20190,0,-11942,-18997,30940,0,0,0,0,1,0
5248,2732812,-3973,-15310,19282,0,-6088,-23462,29551,0,0,0,0,1,0
5249,2733333,0,-17634,17634,0,0,-27026,27026,0,0,0,0,1,0
5250,2733854,3972,-19281,15308,0,6088,-29551,23462,0,0,0,0,1,0
5251,2734375,7792,-20186,12395,0,11942,-30940,18997,0,0,0,0,1,0
5252,2734895,11311,-20316,9005,0,17337,-31140,13802,0,0,0,0,1,0
5253,2735416,14395,-19665,5269,0,22066,-30143,8077,0,0,0,0,1,0
5254,2735937,16926,-18258,1331,0,25947,-27988,2041,0,0,0,0,1,0
5255,2736458,18807,-16150,-2657,0,28831,-24758,-4073,0,0,0,0,1,0
5256,2736979,19964,-13421,-6543,0,30607,-20576,-10031,0,0,0,0,1,0
5257,2737500,20354,-10177,-10177,0,31207,-15603,-15603,0,0,0,0,1,0
5258,2738020,19962,-6542,-13420,0,30607,-10031,-20576,0,0,0,0,1,0
5259,2738541,18803,-2657,-16147,0,28831,-4073,-24758,0,0,0,0,1,0
5260,2739062,16922,1331,-18253,0,25947,2041,-27988,0,0,0,0,1,0
5261,2739583,14390,5267,-19657,0,22066,8077,-30143,0,0,0,0,1,0
5262,2740104,11306,9000,-20306,0,17337,13802,-31140,0,0,0,0,1,0
5263,2740625,7787,12387,-20174,0,11942,18997,-30940,0,0,0,0,1,0
5264,2741145,3970,15298,-19268,0,6088,23462,-29551,0,0,0,0,1,0
5265,2741666,0,17621,-17621,0,0,27026,-27026,0,0,0,0,1,0
5266,2742187,-3969,19266,-15297,0,-6088,29551,-23462,0,0,0,0,1,0
5267,2742708,-7786,20171,-12385,0,-11942,30940,-18997,0,0,0,0,1,0
5268,2743229,-11302,20300,-8998,0,-17337,31140,-13802,0,0,0,0,1,0
5269,2743750,-14384,19649,-5265,0,-22066,30143,-8077,0,0,0,0,1,0
5270,2744270,-16913,18244,-1330,0,-25947,27988,-2041,0,0,0,0,1,0
5271,2744791,-18792,16137,2655,0,-28831,24758,4073,0,0,0,0,1,0
5272,2745312,-19949,13411,6538,0,-30607,20576,10031,0,0,0,0,1,0
5273,2745833,-20339,10169,10169,0,-31207,15603,15603,0,0,0,0,1,0
5274,2746354,-19947,6537,13410,0,-30607,10031,20576,0,0,0,0,1,0
5275,2746875,-18789,2654,16134,0,-28831,4073,24758,0,0,0,0,1,0
5276,2747395,-16909,-1330,18239,0,-25947,-2041,27988,0,0,0,0,1,0
5277,2747916,-14379,-5263,19642,0,-22066,-8077,30143,0,0,0,0,1,0
5278,2748437,-11297,-8993,20290,0,-17337,-13802,31140,0,0,0,0,1,0
5279,2748958,-7781,-12378,20159,0,-11942,-18997,30940,0,0,0,0,1,0
5280,2749479,-3967,-15286,19253,0,-6088,-23462,29551,0,0,0,0,1,0
5281,2750000,0,-17607,17607,0,0,-27026,27026,0,0,0,0,1,0
5282,2750520,3966,-19251,15285,0,6088,-29551,23462,0,0,0,0,1,0
5283,2751041,7780,-20155,12376,0,11942,-30940,18997,0,0,0,0,1,0
5284,2751562,11294,-20285,8991,0,17337,-31140,13802,0,0,0,0,1,0
5285,2752083,14373,-19634,5261,0,22066,-30143,8077,0,0,0,0,1,0
5286,2752604,16901,-18230,1329,0,25947,-27988,2041,0,0,0,0,1,0
5287,2753125,18778,-16125,-2653,0,28831,-24758,-4073,0,0,0,0,1,0
5288,2753645,19934,-13401,-6533,0,30607,-20576,-10031,0,0,0,0,1,0
5289,2754166,20323,-10162,-10162,0,31207,-15603,-15603,0,0,0,0,1,0
5290,2754687,19932,-6532,-13399,0,30607,-10031,-20576,0,0,0,0,1,0
5291,2755208,18774,-2652,-16122,0,28831,-4073,-24758,0,0,0,0,1,0
5292,2755729,16896,1329,-18225,0,25947,2041,-27988,0,0,0,0,1,0
5293,2756250,14368,5259,-19627,0,22066,8077,-30143,0,0,0,0,1,0
5294,2756770,11288,8987,-20275,0,17337,13802,-31140,0,0,0,0,1,0
5295,2757291,7775,12368,-20144,0,11942,18997,-30940,0,0,0,0,1,0
5296,2757812,3964,15275,-19238,0,6088,23462,-29551,0,0,0,0,1,0
5297,2758333,0,17594,-17594,0,0,27026,-27026,0,0,0,0,1,0
5298,2758854,-3963,19236,-15273,0,-6088,29551,-23462,0,0,0,0,1,0
5299,2759375,-7774,20140,-12366,0,-11942,30940,-18997,0,0,0,0,1,0
5300,2759895,-11285,20269,-8984,0,-17337,31140,-13802,0,0,0,0,1,0
5301,2760416,-14362,19619,-5257,0,-22066,30143,-8077,0,0,0,0,1,0
5302,2760937,-16888,18216,-1328,0,-25947,27988,-2041,0,0,0,0,1,0
5303,2761458,-18764,16113,2651,0,-28831,24758,4073,0,0,0,0,1,0
5304,2761979,-19918,13390,6528,0,-30607,20576,10031,0,0,0,0,1,0
5305,2762500,-20308,10154,10154,0,-31207,15603,15603,0,0,0,0,1,0
5306,2763020,-19917,6527,13389,0,-30607,10031,20576,0,0,0,0,1,0
5307,2763541,-18760,2650,16110,0,-28831,4073,24758,0,0,0,0,1,0
5308,2764062,-16883,-1328,18211,0,-25947,-2041,27988,0,0,0,0,1,0
5309,2764583,-14357,-5255,19612,0,-22066,-8077,30143,0,0,0,0,1,0
5310,2765104,-11280,-8980,20259,0,-17337,-13802,31140,0,0,0,0,1,0
5311,2765625,-7769,-12359,20128,0,-11942,-18997,30940,0,0,0,0,1,0
5312,2766145,-3961,-15263,19224,0,-6088,-23462,29551,0,0,0,0,1,0
5313,2766666,0,-17580,17580,0,0,-27026,27026,0,0,0,0,1,0
5314,2767187,3960,-19222,15262,0,6088,-29551,23462,0,0,0,0,1,0
5315,2767708,7768,-20124,12357,0,11942,-30940,18997,0,0,0,0,1,0
5316,2768229,11276,-20254,8977,0,17337,-31140,13802,0,0,0,0,1,0
5317,2768750,14352,-19605,5253,0,22066,-30143,8077,0,0,0,0,1,0
5318,2769270,16875,-18202,1327,0,25947,-27988,2041,0,0,0,0,1,0
5319,2769791,18749,-16101,-2649,0,28831,-24758,-4073,0,0,0,0,1,0
5320,2770312,19903,-13380,-6523,0,30607,-20576,-10031,0,0,0,0,1,0
5321,2770833,20292,-10146,-10146,0,31207,-15603,-15603,0,0,0,0,1,0
5322,2771354,19901,-6522,-13379,0,30607,-10031,-20576,0,0,0,0,1,0
5323,2771875,18746,-2648,-16097,0,28831,-4073,-24758,0,0,0,0,1,0
5324,2772395,16870,1327,-18197,0,25947,2041,-27988,0,0,0,0,1,0
5325,2772916,14346,5251,-19597,0,22066,8077,-30143,0,0,0,0,1,0
5326,2773437,11271,8973,-20244,0,17337,13802,-31140,0,0,0,0,1,0
5327,2773958,7763,12350,-20113,0,11942,18997,-30940,0,0,0,0,1,0
5328,2774479,3958,15252,-19209,0,6088,23462,-29551,0,0,0,0,1,0
5329,2775000,0,17567,-17567,0,0,27026,-27026,0,0,0,0,1,0
5330,2775520,-3957,19207,-15250,0,-6088,29551,-23462,0,0,0,0,1,0
5331,2776041,-7762,20109,-12347,0,-11942,30940,-18997,0,0,0,0,1,0
5332,2776562,-11268,20238,-8970,0,-17337,31140,-13802,0,0,0,0,1,0
5333,2777083,-14341,19590,-5249,0,-22066,30143,-8077,0,0,0,0,1,0
5334,2777604,-16862,18188,-1326,0,-25947,27988,-2041,0,0,0,0,1,0
5335,2778125,-18735,16088,2647,0,-28831,24758,4073,0,0,0,0,1,0
5336,2778645,-19888,13370,6518,0,-30607,20576,10031,0,0,0,0,1,0
5337,2779166,-20277,10139,10139,0,-31207,15603,15603,0,0,0,0,1,0
5338,2779687,-19886,6518,13369,0,-30607,10031,20576,0,0,0,0,1,0
5339,2780208,-18732,2646,16085,0,-28831,4073,24758,0,0,0,0,1,0
5340,2780729,-16857,-1326,18183,0,-25947,-2041,27988,0,0,0,0,1,0
5341,2781250,-14335,-5247,19582,0,-22066,-8077,30143,0,0,0,0,1,0
5342,2781770,-11263,-8966,20229,0,-17337,-13802,31140,0,0,0,0,1,0
5343,2782291,-7757,-12340,20098,0,-11942,-18997,30940,0,0,0,0,1,0
5344,2782812,-3955,-15240,19195,0,-6088,-23462,29551,0,0,0,0,1,0
5345,2783333,0,-17554,17554,0,0,-27026,27026,0,0,0,0,1,0
5346,2783854,3954,-19193,15239,0,6088,-29551,23462,0,0,0,0,1,0
5347,2784375,7756,-20094,12338,0,11942,-30940,18997,0,0,0,0,1,0
5348,2784895,11259,-20223,8964,0,17337,-31140,13802,0,0,0,0,1,0
5349,2785416,14330,-19575,5245,0,22066,-30143,8077,0,0,0,0,1,0
5350,2785937,16849,-18175,1325,0,25947,-27988,2041,0,0,0,0,1,0
5351,2786458,18721,-16076,-2645,0,28831,-24758,-4073,0,0,0,0,1,0
5352,2786979,19873,-13360,-6513,0,30607,-20576,-10031,0,0,0,0,1,0
5353,2787500,20262,-10131,-10131,0,31207,-15603,-15603,0,0,0,0,1,0
5354,2788020,19872,-6513,-13359,0,30607,-10031,-20576,0,0,0,0,1,0
5355,2788541,18718,-2644,-16073,0,28831,-4073,-24758,0,0,0,0,1,0
5356,2789062,16845,1325,-18170,0,25947,2041,-27988,0,0,0,0,1,0
5357,2789583,14325,5243,-19568,0,22066,8077,-30143,0,0,0,0,1,0
5358,2790104,11254,8959,-20214,0,17337,13802,-31140,0,0,0,0,1,0
5359,2790625,7752,12331,-20083,0,11942,18997,-30940,0,0,0,0,1,0
5360,2791145,3952,15229,-19180,0,6088,23462,-29551,0,0,0,0,1,0
5361,2791666,0,17541,-17541,0,0,27026,-27026,0,0,0,0,1,0
5362,2792187,-3951,19178,-15227,0,-6088,29551,-23462,0,0,0,0,1,0
5363,2792708,-7750,20079,-12329,0,-11942,30940,-18997,0,0,0,0,1,0
5364,2793229,-11251,20208,-8957,0,-17337,31140,-13802,0,0,0,0,1,0
5365,2793750,-14319,19560,-5241,0,-22066,30143,-8077,0,0,0,0,1,0
5366,2794270,-16837,18161,-1324,0,-25947,27988,-2041,0,0,0,0,1,0
5367,2794791,-18707,16064,2643,0,-28831,24758,4073,0,0,0,0,1,0
5368,2795312,-19858,13350,6508,0,-30607,20576,10031,0,0,0,0,1,0
5369,2795833,-20247,10123,10123,0,-31207,15603,15603,0,0,0,0,1,0
5370,2796354,-19857,6508,13349,0,-30607,10031,20576,0,0,0,0,1,0
5371,2796875,-18704,2642,16061,0,-28831,4073,24758,0,0,0,0,1,0
5372,2797395,-16832,-1324,18156,0,-25947,-2041,27988,0,0,0,0,1,0
5373,2797916,-14314,-5239,19553,0,-22066,-8077,30143,0,0,0,0,1,0
5374,2798437,-11246,-8953,20199,0,-17337,-13802,31140,0,0,0,0,1,0
5375,2798958,-7746,-12322,20068,0,-11942,-18997,30940,0,0,0,0,1,0
5376,2799479,-3949,-15217,19166,0,-6088,-23462,29551,0,0,0,0,1,0
5377,2800000,0,-17528,17528,0,0,-27026,27026,0,0,0,0,1,0
5378,2800520,3948,-19164,15216,0,6088,-29551,23462,0,0,0,0,1,0
5379,2801041,7744,-20064,12320,0,11942,-30940,18997,0,0,0,0,1,0
5380,2801562,11243,-20193,8950,0,17337,-31140,13802,0,0,0,0,1,0
5381,2802083,14308,-19546,5237,0,22066,-30143,8077,0,0,0,0,1,0
5382,2802604,16824,-18148,1323,0,25947,-27988,2041,0,0,0,0,1,0
5383,2803125,18693,-16052,-2641,0,28831,-24758,-4073,0,0,0,0,1,0
5384,2803645,19844,-13340,-6503,0,30607,-20576,-10031,0,0,0,0,1,0
5385,2804166,20231,-10116,-10116,0,31207,-15603,-15603,0,0,0,0,1,0
5386,2804687,19842,-6503,-13339,0,30607,-10031,-20576,0,0,0,0,1,0
5387,2805208,18690,-2640,-16049,0,28831,-4073,-24758,0,0,0,0,1,0
5388,2805729,16820,1323,-18143,0,25947,2041,-27988,0,0,0,0,1,0
5389,2806250,14303,5235,-19538,0,22066,8077,-30143,0,0,0,0,1,0
5390,2806770,11237,8946,-20183,0,17337,13802,-31140,0,0,0,0,1,0
5391,2807291,7740,12313,-20053,0,11942,18997,-30940,0,0,0,0,1,0
5392,2807812,3946,15206,-19152,0,6088,23462,-29551,0,0,0,0,1,0
5393,2808333,0,17514,-17514,0,0,27026,-27026,0,0,0,0,1,0
5394,2808854,-3945,19150,-15204,0,-6088,29551,-23462,0,0,0,0,1,0
5395,2809375,-7739,20049,-12310,0,-11942,30940,-18997,0,0,0,0,1,0
5396,2809895,-11234,20178,-8944,0,-17337,31140,-13802,0,0,0,0,1,0
5397,2810416,-14298,19531,-5233,0,-22066,30143,-8077,0,0,0,0,1,0
5398,2810937,-16812,18134,-1322,0,-25947,27988,-2041,0,0,0,0,1,0
5399,2811458,-18679,16040,2639,0,-28831,24758,4073,0,0,0,0,1,0
5400,2811979,-19829,13330,6499,0,-30607,20576,10031,0,0,0,0,1,0
5401,2812500,-20216,10108,10108,0,-31207,15603,15603,0,0,0,0,1,0
5402,2813020,-19827,6498,13329,0,-30607,10031,20576,0,0,0,0,1,0
5403,2813541,-18676,2639,16037,0,-28831,4073,24758,0,0,0,0,1,0
5404,2814062,-16807,-1322,18129,0,-25947,-2041,27988,0,0,0,0,1,0
5405,2814583,-14293,-5231,19524,0,-22066,-8077,30143,0,0,0,0,1,0
5406,2815104,-11229,-8939,20168,0,-17337,-13802,31140,0,0,0,0,1,0
5407,2815625,-7734,-12304,20038,0,-11942,-18997,30940,0,0,0,0,1,0
5408,2816145,-3943,-15195,19137,0,-6088,-23462,29551,0,0,0,0,1,0
5409,2816666,0,-17501,17501,0,0,-27026,27026,0,0,0,0,1,0
5410,2817187,3942,-19136,15193,0,6088,-29551,23462,0,0,0,0,1,0
5411,2817708,7733,-20034,12301,0,11942,-30940,18997,0,0,0,0,1,0
5412,2818229,11226,-20163,8937,0,17337,-31140,13802,0,0,0,0,1,0
5413,2818750,14287,-19517,5229,0,22066,-30143,8077,0,0,0,0,1,0
5414,2819270,16799,-18121,1321,0,25947,-27988,2041,0,0,0,0,1,0
5415,2819791,18665,-16028,-2637,0,28831,-24758,-4073,0,0,0,0,1,0
5416,2820312,19814,-13320,-6494,0,30607,-20576,-10031,0,0,0,0,1,0
5417,2820833,20201,-10101,-10101,0,31207,-15603,-15603,0,0,0,0,1,0
5418,2821354,19812,-6493,-13319,0,30607,-10031,-20576,0,0,0,0,1,0
5419,2821875,18662,-2637,-16025,0,28831,-4073,-24758,0,0,0,0,1,0
5420,2822395,16795,1321,-18116,0,25947,2041,-27988,0,0,0,0,1,0
5421,2822916,14282,5228,-19510,0,22066,8077,-30143,0,0,0,0,1,0
5422,2823437,11221,8933,-20154,0,17337,13802,-31140,0,0,0,0,1,0
5423,2823958,7729,12294,-20023,0,11942,18997,-30940,0,0,0,0,1,0
5424,2824479,3940,15183,-19123,0,6088,23462,-29551,0,0,0,0,1,0
5425,2825000,0,17489,-17489,0,0,27026,-27026,0,0,0,0,1,0
5426,2825520,-3939,19121,-15182,0,-6088,29551,-23462,0,0,0,0,1,0
5427,2826041,-7727,20019,-12292,0,-11942,30940,-18997,0,0,0,0,1,0
5428,2826562,-11218,20148,-8930,0,-17337,31140,-13802,0,0,0,0,1,0
5429,2827083,-14277,19502,-5226,0,-22066,30143,-8077,0,0,0,0,1,0
5430,2827604,-16787,18107,-1320,0,-25947,27988,-2041,0,0,0,0,1,0
5431,2828125,-18652,16017,2635,0,-28831,24758,4073,0,0,0,0,1,0
5432,2828645,-19800,13311,6489,0,-30607,20576,10031,0,0,0,0,1,0
5433,2829166,-20187,10093,10093,0,-31207,15603,15603,0,0,0,0,1,0
5434,2829687,-19798,6488,13309,0,-30607,10031,20576,0,0,0,0,1,0
5435,2830208,-18648,2635,16014,0,-28831,4073,24758,0,0,0,0,1,0
5436,2830729,-16782,-1320,18102,0,-25947,-2041,27988,0,0,0,0,1,0
5437,2831250,-14271,-5224,19495,0,-22066,-8077,30143,0,0,0,0,1,0
5438,2831770,-11212,-8926,20139,0,-17337,-13802,31140,0,0,0,0,1,0
5439,2832291,-7723,-12285,20008,0,-11942,-18997,30940,0,0,0,0,1,0
5440,2832812,-3937,-15172,19109,0,-6088,-23462,29551,0,0,0,0,1,0
5441,2833333,0,-17476,17476,0,0,-27026,27026,0,0,0,0,1,0
5442,2833854,3937,-19107,15171,0,6088,-29551,23462,0,0,0,0,1,0
5443,2834375,7722,-20005,12283,0,11942,-30940,18997,0,0,0,0,1,0
5444,2834895,11209,-20133,8924,0,17337,-31140,13802,0,0,0,0,1,0
5445,2835416,14266,-19488,5222,0,22066,-30143,8077,0,0,0,0,1,0
5446,2835937,16775,-18094,1319,0,25947,-27988,2041,0,0,0,0,1,0
5447,2836458,18638,-16005,-2633,0,28831,-24758,-4073,0,0,0,0,1,0
5448,2836979,19785,-13301,-6484,0,30607,-20576,-10031,0,0,0,0,1,0
5449,2837500,20172,-10086,-10086,0,31207,-15603,-15603,0,0,0,0,1,0
5450,2838020,19783,-6484,-13300,0,30607,-10031,-20576,0,0,0,0,1,0
5451,2838541,18635,-2633,-16002,0,28831,-4073,-24758,0,0,0,0,1,0
5452,2839062,16770,1319,-18089,0,25947,2041,-27988,0,0,0,0,1,0
5453,2839583,14261,5220,-19481,0,22066,8077,-30143,0,0,0,0,1,0
5454,2840104,11204,8920,-20124,0,17337,13802,-31140,0,0,0,0,1,0
5455,2840625,7717,12276,-19994,0,11942,18997,-30940,0,0,0,0,1,0
5456,2841145,3934,15161,-19095,0,6088,23462,-29551,0,0,0,0,1,0
5457,2841666,0,17463,-17463,0,0,27026,-27026,0,0,0,0,1,0
5458,2842187,-3934,19093,-15160,0,-6088,29551,-23462,0,0,0,0,1,0
5459,2842708,-7716,19990,-12274,0,-11942,30940,-18997,0,0,0,0,1,0
5460,2843229,-11201,20118,-8917,0,-17337,31140,-13802,0,0,0,0,1,0
5461,2843750,-14256,19474,-5218,0,-22066,30143,-8077,0,0,0,0,1,0
5462,2844270,-16762,18081,-1319,0,-25947,27988,-2041,0,0,0,0,1,0
5463,2844791,-18624,15993,2631,0,-28831,24758,4073,0,0,0,0,1,0
5464,2845312,-19771,13291,6480,0,-30607,20576,10031,0,0,0,0,1,0
5465,2845833,-20157,10079,10079,0,-31207,15603,15603,0,0,0,0,1,0
5466,2846354,-19769,6479,13290,0,-30607,10031,20576,0,0,0,0,1,0
5467,2846875,-18621,2631,15990,0,-28831,4073,24758,0,0,0,0,1,0
5468,2847395,-16758,-1318,18076,0,-25947,-2041,27988,0,0,0,0,1,0
5469,2847916,-14251,-5216,19467,0,-22066,-8077,30143,0,0,0,0,1,0
5470,2848437,-11196,-8913,20109,0,-17337,-13802,31140,0,0,0,0,1,0
5471,2848958,-7712,-12267,19979,0,-11942,-18997,30940,0,0,0,0,1,0
5472,2849479,-3931,-15150,19081,0,-6088,-23462,29551,0,0,0,0,1,0
5473,2850000,0,-17450,17450,0,0,-27026,27026,0,0,0,0,1,0
5474,2850520,3931,-19079,15149,0,6088,-29551,23462,0,0,0,0,1,0
5475,2851041,7710,-19975,12265,0,11942,-30940,18997,0,0,0,0,1,0
5476,2851562,11193,-20104,8911,0,17337,-31140,13802,0,0,0,0,1,0
5477,2852083,14245,-19460,5214,0,22066,-30143,8077,0,0,0,0,1,0
5478,2852604,16750,-18068,1318,0,25947,-27988,2041,0,0,0,0,1,0
5479,2853125,18611,-15981,-2629,0,28831,-24758,-4073,0,0,0,0,1,0
5480,2853645,19756,-13281,-6475,0,30607,-20576,-10031,0,0,0,0,1,0
5481,2854166,20142,-10071,-10071,0,31207,-15603,-15603,0,0,0,0,1,0
5482,2854687,19754,-6474,-13280,0,30607,-10031,-20576,0,0,0,0,1,0
5483,2855208,18607,-2629,-15979,0,28831,-4073,-24758,0,0,0,0,1,0
5484,2855729,16745,1317,-18063,0,25947,2041,-27988,0,0,0,0,1,0
5485,2856250,14240,5212,-19452,0,22066,8077,-30143,0,0,0,0,1,0
5486,2856770,11188,8907,-20095,0,17337,13802,-31140,0,0,0,0,1,0
5487,2857291,7706,12259,-19965,0,11942,18997,-30940,0,0,0,0,1,0
5488,2857812,3928,15139,-19067,0,6088,23462,-29551,0,0,0,0,1,0
5489,2858333,0,17437,-17437,0,0,27026,-27026,0,0,0,0,1,0
5490,2858854,-3928,19066,-15138,0,-6088,29551,-23462,0,0,0,0,1,0
5491,2859375,-7705,19961,-12256,0,-11942,30940,-18997,0,0,0,0,1,0
5492,2859895,-11185,20089,-8904,0,-17337,31140,-13802,0,0,0,0,1,0
5493,2860416,-14235,19445,-5210,0,-22066,30143,-8077,0,0,0,0,1,0
5494,2860937,-16738,18054,-1317,0,-25947,27988,-2041,0,0,0,0,1,0
5495,2861458,-18597,15970,2627,0,-28831,24758,4073,0,0,0,0,1,0
5496,2861979,-19742,13272,6470,0,-30607,20576,10031,0,0,0,0,1,0
5497,2862500,-20128,10064,10064,0,-31207,15603,15603,0,0,0,0,1,0
5498,2863020,-19740,6470,13271,0,-30607,10031,20576,0,0,0,0,1,0
5499,2863541,-18594,2627,15967,0,-28831,4073,24758,0,0,0,0,1,0
5500,2864062,-16733,-1316,18050,0,-25947,-2041,27988,0,0,0,0,1,0
5501,2864583,-14230,-5208,19438,0,-22066,-8077,30143,0,0,0,0,1,0
5502,2865104,-11180,-8900,20080,0,-17337,-13802,31140,0,0,0,0,1,0
5503,2865625,-7700,-12250,19950,0,-11942,-18997,30940,0,0,0,0,1,0
5504,2866145,-3925,-15128,19054,0,-6088,-23462,29551,0,0,0,0,1,0
5505,2866666,0,-17425,17425,0,0,-27026,27026,0,0,0,0,1,0
5506,2867187,3925,-19052,15127,0,6088,-29551,23462,0,0,0,0,1,0
5507,2867708,7699,-19947,12247,0,11942,-30940,18997,0,0,0,0,1,0
5508,2868229,11177,-20075,8898,0,17337,-31140,13802,0,0,0,0,1,0
5509,2868750,14225,-19431,5207,0,22066,-30143,8077,0,0,0,0,1,0
5510,2869270,16726,-18041,1316,0,25947,-27988,2041,0,0,0,0,1,0
5511,2869791,18584,-15958,-2626,0,28831,-24758,-4073,0,0,0,0,1,0
5512,2870312,19728,-13262,-6465,0,30607,-20576,-10031,0,0,0,0,1,0
5513,2870833,20113,-10057,-10057,0,31207,-15603,-15603,0,0,0,0,1,0
5514,2871354,19726,-6465,-13261,0,30607,-10031,-20576,0,0,0,0,1,0
5515,2871875,18580,-2625,-15955,0,28831,-4073,-24758,0,0,0,0,1,0
5516,2872395,16721,1315,-18037,0,25947,2041,-27988,0,0,0,0,1,0
5517,2872916,14220,5205,-19424,0,22066,8077,-30143,0,0,0,0,1,0
5518,2873437,11172,8894,-20066,0,17337,13802,-31140,0,0,0,0,1,0
5519,2873958,7695,12241,-19936,0,11942,18997,-30940,0,0,0,0,1,0
5520,2874479,3923,15117,-19040,0,6088,23462,-29551,0,0,0,0,1,0
5521,2875000,0,17412,-17412,0,0,27026,-27026,0,0,0,0,1,0
5522,2875520,-3922,19038,-15116,0,-6088,29551,-23462,0,0,0,0,1,0
5523,2876041,-7694,19932,-12239,0,-11942,30940,-18997,0,0,0,0,1,0
5524,2876562,-11169,20060,-8891,0,-17337,31140,-13802,0,0,0,0,1,0
5525,2877083,-14214,19417,-5203,0,-22066,30143,-8077,0,0,0,0,1,0
5526,2877604,-16714,18028,-1315,0,-25947,27988,-2041,0,0,0,0,1,0
5527,2878125,-18570,15947,2624,0,-28831,24758,4073,0,0,0,0,1,0
5528,2878645,-19713,13253,6461,0,-30607,20576,10031,0,0,0,0,1,0
5529,2879166,-20099,10049,10049,0,-31207,15603,15603,0,0,0,0,1,0
5530,2879687,-19712,6460,13251,0,-30607,10031,20576,0,0,0,0,1,0
5531,2880208,-18567,2623,15944,0,-28831,4073,24758,0,0,0,0,1,0
5532,2880729,-16709,-1314,18024,0,-25947,-2041,27988,0,0,0,0,1,0
5533,2881250,-14209,-5201,19410,0,-22066,-8077,30143,0,0,0,0,1,0
5534,2881770,-11164,-8887,20051,0,-17337,-13802,31140,0,0,0,0,1,0
5535,2882291,-7689,-12232,19921,0,-11942,-18997,30940,0,0,0,0,1,0
5536,2882812,-3920,-15106,19026,0,-6088,-23462,29551,0,0,0,0,1,0
5537,2883333,0,-17400,17400,0,0,-27026,27026,0,0,0,0,1,0
5538,2883854,3919,-19024,15105,0,6088,-29551,23462,0,0,0,0,1,0
5539,2884375,7688,-19918,12230,0,11942,-30940,18997,0,0,0,0,1,0
5540,2884895,11161,-20046,8885,0,17337,-31140,13802,0,0,0,0,1,0
5541,2885416,14204,-19403,5199,0,22066,-30143,8077,0,0,0,0,1,0
5542,2885937,16702,-18015,1314,0,25947,-27988,2041,0,0,0,0,1,0
5543,2886458,18557,-15935,-2622,0,28831,-24758,-4073,0,0,0,0,1,0
5544,2886979,19699,-13243,-6456,0,30607,-20576,-10031,0,0,0,0,1,0
5545,2887500,20084,-10042,-10042,0,31207,-15603,-15603,0,0,0,0,1,0
5546,2888020,19698,-6456,-13242,0,30607,-10031,-20576,0,0,0,0,1,0
5547,2888541,18554,-2621,-15933,0,28831,-4073,-24758,0,0,0,0,1,0
5548,2889062,16697,1313,-18011,0,25947,2041,-27988,0,0,0,0,1,0
5549,2889583,14199,5197,-19396,0,22066,8077,-30143,0,0,0,0,1,0
5550,2890104,11156,8881,-20037,0,17337,13802,-31140,0,0,0,0,1,0
5551,2890625,7684,12223,-19907,0,11942,18997,-30940,0,0,0,0,1,0
5552,2891145,3917,15095,-19012,0,6088,23462,-29551,0,0,0,0,1,0
5553,2891666,0,17387,-17387,0,0,27026,-27026,0,0,0,0,1,0
5554,2892187,-3917,19011,-15094,0,-6088,29551,-23462,0,0,0,0,1,0
5555,2892708,-7683,19904,-12221,0,-11942,30940,-18997,0,0,0,0,1,0
5556,2893229,-11153,20031,-8879,0,-17337,31140,-13802,0,0,0,0,1,0
5557,2893750,-14194,19390,-5195,0,-22066,30143,-8077,0,0,0,0,1,0
5558,2894270,-16690,18003,-1313,0,-25947,27988,-2041,0,0,0,0,1,0
5559,2894791,-18544,15924,2620,0,-28831,24758,4073,0,0,0,0,1,0
5560,2895312,-19685,13234,6452,0,-30607,20576,10031,0,0,0,0,1,0
5561,2895833,-20070,10035,10035,0,-31207,15603,15603,0,0,0,0,1,0
5562,2896354,-19683,6451,13232,0,-30607,10031,20576,0,0,0,0,1,0
5563,2896875,-18541,2619,15921,0,-28831,4073,24758,0,0,0,0,1,0
5564,2897395,-16685,-1312,17998,0,-25947,-2041,27988,0,0,0,0,1,0
5565,2897916,-14189,-5194,19383,0,-22066,-8077,30143,0,0,0,0,1,0
5566,2898437,-11148,-8875,20023,0,-17337,-13802,31140,0,0,0,0,1,0
5567,2898958,-7678,-12215,19893,0,-11942,-18997,30940,0,0,0,0,1,0
5568,2899479,-3914,-15085,18999,0,-6088,-23462,29551,0,0,0,0,1,0
5569,2900000,0,-17375,17375,0,0,-27026,27026,0,0,0,0,1,0
5570,2900520,3914,-18997,15083,0,6088,-29551,23462,0,0,0,0,1,0
5571,2901041,7677,-19889,12212,0,11942,-30940,18997,0,0,0,0,1,0
5572,2901562,11145,-20017,8872,0,17337,-31140,13802,0,0,0,0,1,0
5573,2902083,14184,-19376,5192,0,22066,-30143,8077,0,0,0,0,1,0
5574,2902604,16678,-17990,1312,0,25947,-27988,2041,0,0,0,0,1,0
5575,2903125,18531,-15913,-2618,0,28831,-24758,-4073,0,0,0,0,1,0
5576,2903645,19671,-13224,-6447,0,30607,-20576,-10031,0,0,0,0,1,0
5577,2904166,20056,-10028,-10028,0,31207,-15603,-15603,0,0,0,0,1,0
5578,2904687,19669,-6446,-13223,0,30607,-10031,-20576,0,0,0,0,1,0
5579,2905208,18527,-2618,-15910,0,28831,-4073,-24758,0,0,0,0,1,0
5580,2905729,16673,1312,-17985,0,25947,2041,-27988,0,0,0,0,1,0
5581,2906250,14179,5190,-19369,0,22066,8077,-30143,0,0,0,0,1,0
5582,2906770,11140,8868,-20008,0,17337,13802,-31140,0,0,0,0,1,0
5583,2907291,7673,12206,-19879,0,11942,18997,-30940,0,0,0,0,1,0
5584,2907812,3911,15074,-18985,0,6088,23462,-29551,0,0,0,0,1,0
5585,2908333,0,17363,-17363,0,0,27026,-27026,0,0,0,0,1,0
5586,2908854,-3911,18984,-15073,0,-6088,29551,-23462,0,0,0,0,1,0
5587,2909375,-7672,19875,-12204,0,-11942,30940,-18997,0,0,0,0,1,0
5588,2909895,-11137,20003,-8866,0,-17337,31140,-13802,0,0,0,0,1,0
5589,2910416,-14174,19362,-5188,0,-22066,30143,-8077,0,0,0,0,1,0
5590,2910937,-16666,17977,-1311,0,-25947,27988,-2041,0,0,0,0,1,0
5591,2911458,-18518,15901,2616,0,-28831,24758,4073,0,0,0,0,1,0
5592,2911979,-19657,13215,6442,0,-30607,20576,10031,0,0,0,0,1,0
5593,2912500,-20042,10021,10021,0,-31207,15603,15603,0,0,0,0,1,0
5594,2913020,-19656,6442,13214,0,-30607,10031,20576,0,0,0,0,1,0
5595,2913541,-18514,2616,15899,0,-28831,4073,24758,0,0,0,0,1,0
5596,2914062,-16662,-1311,17972,0,-25947,-2041,27988,0,0,0,0,1,0
5597,2914583,-14169,-5186,19355,0,-22066,-8077,30143,0,0,0,0,1,0
5598,2915104,-11132,-8862,19994,0,-17337,-13802,31140,0,0,0,0,1,0
5599,2915625,-7668,-12197,19865,0,-11942,-18997,30940,0,0,0,0,1,0
5600,2916145,-3909,-15063,18972,0,-6088,-23462,29551,0,0,0,0,1,0
5601,2916666,0,-17350,17350,0,0,-27026,27026,0,0,0,0,1,0
5602,2917187,3908,-18970,15062,0,6088,-29551,23462,0,0,0,0,1,0
5603,2917708,7666,-19861,12195,0,11942,-30940,18997,0,0,0,0,1,0
5604,2918229,11129,-19989,8860,0,17337,-31140,13802,0,0,0,0,1,0
5605,2918750,14164,-19348,5184,0,22066,-30143,8077,0,0,0,0,1,0
5606,2919270,16654,-17964,1310,0,25947,-27988,2041,0,0,0,0,1,0
5607,2919791,18505,-15890,-2614,0,28831,-24758,-4073,0,0,0,0,1,0
5608,2920312,19643,-13206,-6438,0,30607,-20576,-10031,0,0,0,0,1,0
5609,2920833,20027,-10014,-10014,0,31207,-15603,-15603,0,0,0,0,1,0
5610,2921354,19642,-6437,-13204,0,30607,-10031,-20576,0,0,0,0,1,0
5611,2921875,18501,-2614,-15887,0,28831,-4073,-24758,0,0,0,0,1,0
5612,2922395,16650,1310,-17960,0,25947,2041,-27988,0,0,0,0,1,0
5613,2922916,14159,5183,-19342,0,22066,8077,-30143,0,0,0,0,1,0
5614,2923437,11124,8856,-19980,0,17337,13802,-31140,0,0,0,0,1,0
5615,2923958,7662,12189,-19851,0,11942,18997,-30940,0,0,0,0,1,0
5616,2924479,3906,15053,-18959,0,6088,23462,-29551,0,0,0,0,1,0
5617,2925000,0,17338,-17338,0,0,27026,-27026,0,0,0,0,1,0
5618,2925520,-3906,18957,-15051,0,-6088,29551,-23462,0,0,0,0,1,0
5619,2926041,-7661,19847,-12187,0,-11942,30940,-18997,0,0,0,0,1,0
5620,2926562,-11121,19975,-8854,0,-17337,31140,-13802,0,0,0,0,1,0
5621,2927083,-14154,19335,-5181,0,-22066,30143,-8077,0,0,0,0,1,0
5622,2927604,-16643,17952,-1309,0,-25947,27988,-2041,0,0,0,0,1,0
5623,2928125,-18492,15879,2612,0,-28831,24758,4073,0,0,0,0,1,0
5624,2928645,-19630,13196,6433,0,-30607,20576,10031,0,0,0,0,1,0
5625,2929166,-20013,10007,10007,0,-31207,15603,15603,0,0,0,0,1,0
5626,2929687,-19628,6433,13195,0,-30607,10031,20576,0,0,0,0,1,0
5627,2930208,-18488,2612,15876,0,-28831,4073,24758,0,0,0,0,1,0
5628,2930729,-16638,-1309,17947,0,-25947,-2041,27988,0,0,0,0,1,0
5629,2931250,-14149,-5179,19328,0,-22066,-8077,30143,0,0,0,0,1,0
5630,2931770,-11116,-8850,19966,0,-17337,-13802,31140,0,0,0,0,1,0
5631,2932291,-7657,-12180,19837,0,-11942,-18997,30940,0,0,0,0,1,0
5632,2932812,-3903,-15042,18945,0,-6088,-23462,29551,0,0,0,0,1,0
5633,2933333,0,-17326,17326,0,0,-27026,27026,0,0,0,0,1,0
5634,2933854,3903,-18944,15041,0,6088,-29551,23462,0,0,0,0,1,0
5635,2934375,7655,-19833,12178,0,11942,-30940,18997,0,0,0,0,1,0
5636,2934895,11113,-19961,8847,0,17337,-31140,13802,0,0,0,0,1,0
5637,2935416,14144,-19321,5177,0,22066,-30143,8077,0,0,0,0,1,0
5638,2935937,16631,-17939,1308,0,25947,-27988,2041,0,0,0,0,1,0
5639,2936458,18479,-15868,-2611,0,28831,-24758,-4073,0,0,0,0,1,0
5640,2936979,19616,-13187,-6429,0,30607,-20576,-10031,0,0,0,0,1,0
5641,2937500,19999,-10000,-10000,0,31207,-15603,-15603,0,0,0,0,1,0
5642,2938020,19614,-6428,-13186,0,30607,-10031,-20576,0,0,0,0,1,0
5643,2938541,18475,-2610,-15865,0,28831,-4073,-24758,0,0,0,0,1,0
5644,2939062,16627,1308,-17934,0,25947,2041,-27988,0,0,0,0,1,0
5645,2939583,14139,5175,-19314,0,22066,8077,-30143,0,0,0,0,1,0
5646,2940104,11109,8844,-19952,0,17337,13802,-31140,0,0,0,0,1,0
5647,2940625,7651,12172,-19823,0,11942,18997,-30940,0,0,0,0,1,0
5648,2941145,3900,15032,-18932,0,6088,23462,-29551,0,0,0,0,1,0
5649,2941666,0,17314,-17314,0,0,27026,-27026,0,0,0,0,1,0
5650,2942187,-3900,18931,-15030,0,-6088,29551,-23462,0,0,0,0,1,0
5651,2942708,-7650,19820,-12169,0,-11942,30940,-18997,0,0,0,0,1,0
5652,2943229,-11106,19947,-8841,0,-17337,31140,-13802,0,0,0,0,1,0
5653,2943750,-14134,19308,-5173,0,-22066,30143,-8077,0,0,0,0,1,0
5654,2944270,-16619,17927,-1307,0,-25947,27988,-2041,0,0,0,0,1,0
5655,2944791,-18466,15857,2609,0,-28831,24758,4073,0,0,0,0,1,0
5656,2945312,-19602,13178,6424,0,-30607,20576,10031,0,0,0,0,1,0
5657,2945833,-19985,9993,9993,0,-31207,15603,15603,0,0,0,0,1,0
5658,2946354,-19601,6424,13177,0,-30607,10031,20576,0,0,0,0,1,0
5659,2946875,-18462,2608,15854,0,-28831,4073,24758,0,0,0,0,1,0
5660,2947395,-16615,-1307,17922,0,-25947,-2041,27988,0,0,0,0,1,0
5661,2947916,-14129,-5172,19301,0,-22066,-8077,30143,0,0,0,0,1,0
5662,2948437,-11101,-8837,19938,0,-17337,-13802,31140,0,0,0,0,1,0
5663,2948958,-7646,-12163,19809,0,-11942,-18997,30940,0,0,0,0,1,0
5664,2949479,-3898,-15021,18919,0,-6088,-23462,29551,0,0,0,0,1,0
5665,2950000,0,-17302,17302,0,0,-27026,27026,0,0,0,0,1,0
5666,2950520,3897,-18917,15020,0,6088,-29551,23462,0,0,0,0,1,0
5667,2951041,7645,-19806,12161,0,11942,-30940,18997,0,0,0,0,1,0
5668,2951562,11098,-19933,8835,0,17337,-31140,13802,0,0,0,0,1,0
5669,2952083,14124,-19294,5170,0,22066,-30143,8077,0,0,0,0,1,0
5670,2952604,16608,-17914,1306,0,25947,-27988,2041,0,0,0,0,1,0
5671,2953125,18453,-15846,-2607,0,28831,-24758,-4073,0,0,0,0,1,0
5672,2953645,19589,-13169,-6420,0,30607,-20576,-10031,0,0,0,0,1,0
5673,2954166,19971,-9986,-9986,0,31207,-15603,-15603,0,0,0,0,1,0
5674,2954687,19587,-6419,-13168,0,30607,-10031,-20576,0,0,0,0,1,0
5675,2955208,18450,-2607,-15843,0,28831,-4073,-24758,0,0,0,0,1,0
5676,2955729,16604,1306,-17910,0,25947,2041,-27988,0,0,0,0,1,0
5677,2956250,14120,5168,-19288,0,22066,8077,-30143,0,0,0,0,1,0
5678,2956770,11093,8831,-19924,0,17337,13802,-31140,0,0,0,0,1,0
5679,2957291,7641,12155,-19796,0,11942,18997,-30940,0,0,0,0,1,0
5680,2957812,3895,15011,-18906,0,6088,23462,-29551,0,0,0,0,1,0
5681,2958333,0,17290,-17290,0,0,27026,-27026,0,0,0,0,1,0
5682,2958854,-3895,18904,-15010,0,-6088,29551,-23462,0,0,0,0,1,0
5683,2959375,-7639,19792,-12153,0,-11942,30940,-18997,0,0,0,0,1,0
5684,2959895,-11090,19919,-8829,0,-17337,31140,-13802,0,0,0,0,1,0
5685,2960416,-14115,19281,-5166,0,-22066,30143,-8077,0,0,0,0,1,0
5686,2960937,-16596,17902,-1305,0,-25947,27988,-2041,0,0,0,0,1,0
5687,2961458,-18440,15835,2605,0,-28831,24758,4073,0,0,0,0,1,0
5688,2961979,-19575,13160,6415,0,-30607,20576,10031,0,0,0,0,1,0
5689,2962500,-19958,9979,9979,0,-31207,15603,15603,0,0,0,0,1,0
5690,2963020,-19573,6415,13158,0,-30607,10031,20576,0,0,0,0,1,0
5691,2963541,-18437,2605,15832,0,-28831,4073,24758,0,0,0,0,1,0
5692,2964062,-16592,-1305,17897,0,-25947,-2041,27988,0,0,0,0,1,0
5693,2964583,-14110,-5165,19274,0,-22066,-8077,30143,0,0,0,0,1,0
5694,2965104,-11086,-8825,19911,0,-17337,-13802,31140,0,0,0,0,1,0
5695,2965625,-7636,-12146,19782,0,-11942,-18997,30940,0,0,0,0,1,0
5696,2966145,-3892,-15000,18893,0,-6088,-23462,29551,0,0,0,0,1,0
5697,2966666,0,-17278,17278,0,0,-27026,27026,0,0,0,0,1,0
5698,2967187,3892,-18891,14999,0,6088,-29551,23462,0,0,0,0,1,0
5699,2967708,7634,-19778,12144,0,11942,-30940,18997,0,0,0,0,1,0
5700,2968229,11083,-19906,8823,0,17337,-31140,13802,0,0,0,0,1,0
5701,2968750,14105,-19268,5163,0,22066,-30143,8077,0,0,0,0,1,0
5702,2969270,16585,-17889,1305,0,25947,-27988,2041,0,0,0,0,1,0
5703,2969791,18427,-15824,-2603,0,28831,-24758,-4073,0,0,0,0,1,0
5704,2970312,19562,-13151,-6411,0,30607,-20576,-10031,0,0,0,0,1,0
5705,2970833,19944,-9972,-9972,0,31207,-15603,-15603,0,0,0,0,1,0
5706,2971354,19560,-6411,-13149,0,30607,-10031,-20576,0,0,0,0,1,0
5707,2971875,18424,-2603,-15821,0,28831,-4073,-24758,0,0,0,0,1,0
5708,2972395,16581,1304,-17885,0,25947,2041,-27988,0,0,0,0,1,0
5709,2972916,14100,5161,-19261,0,22066,8077,-30143,0,0,0,0,1,0
5710,2973437,11078,8819,-19897,0,17337,13802,-31140,0,0,0,0,1,0
5711,2973958,7630,12138,-19768,0,11942,18997,-30940,0,0,0,0,1,0
5712,2974479,3890,14990,-18880,0,6088,23462,-29551,0,0,0,0,1,0
5713,2975000,0,17266,-17266,0,0,27026,-27026,0,0,0,0,1,0
5714,2975520,-3889,18878,-14989,0,-6088,29551,-23462,0,0,0,0,1,0
5715,2976041,-7629,19765,-12136,0,-11942,30940,-18997,0,0,0,0,1,0
5716,2976562,-11075,19892,-8817,0,-17337,31140,-13802,0,0,0,0,1,0
5717,2977083,-14095,19254,-5159,0,-22066,30143,-8077,0,0,0,0,1,0
5718,2977604,-16574,17877,-1304,0,-25947,27988,-2041,0,0,0,0,1,0
5719,2978125,-18415,15813,2602,0,-28831,24758,4073,0,0,0,0,1,0
5720,2978645,-19548,13142,6407,0,-30607,20576,10031,0,0,0,0,1,0
5721,2979166,-19930,9965,9965,0,-31207,15603,15603,0,0,0,0,1,0
5722,2979687,-19546,6406,13140,0,-30607,10031,20576,0,0,0,0,1,0
5723,2980208,-18412,2601,15810,0,-28831,4073,24758,0,0,0,0,1,0
5724,2980729,-16569,-1303,17873,0,-25947,-2041,27988,0,0,0,0,1,0
5725,2981250,-14090,-5157,19248,0,-22066,-8077,30143,0,0,0,0,1,0
5726,2981770,-11070,-8813,19883,0,-17337,-13802,31140,0,0,0,0,1,0
5727,2982291,-7625,-12130,19755,0,-11942,-18997,30940,0,0,0,0,1,0
5728,2982812,-3887,-14980,18867,0,-6088,-23462,29551,0,0,0,0,1,0
5729,2983333,0,-17254,17254,0,0,-27026,27026,0,0,0,0,1,0
5730,2983854,3887,-18865,14979,0,6088,-29551,23462,0,0,0,0,1,0
5731,2984375,7624,-19751,12128,0,11942,-30940,18997,0,0,0,0,1,0
5732,2984895,11067,-19878,8811,0,17337,-31140,13802,0,0,0,0,1,0
5733,2985416,14086,-19241,5156,0,22066,-30143,8077,0,0,0,0,1,0
5734,2985937,16562,-17865,1303,0,25947,-27988,2041,0,0,0,0,1,0
5735,2986458,18402,-15802,-2600,0,28831,-24758,-4073,0,0,0,0,1,0
5736,2986979,19535,-13133,-6402,0,30607,-20576,-10031,0,0,0,0,1,0
5737,2987500,19917,-9958,-9958,0,31207,-15603,-15603,0,0,0,0,1,0
5738,2988020,19533,-6402,-13131,0,30607,-10031,-20576,0,0,0,0,1,0
5739,2988541,18399,-2599,-15800,0,28831,-4073,-24758,0,0,0,0,1,0
5740,2989062,16558,1302,-17860,0,25947,2041,-27988,0,0,0,0,1,0
5741,2989583,14081,5154,-19235,0,22066,8077,-30143,0,0,0,0,1,0
5742,2990104,11063,8807,-19870,0,17337,13802,-31140,0,0,0,0,1,0
5743,2990625,7620,12121,-19741,0,11942,18997,-30940,0,0,0,0,1,0
5744,2991145,3884,14970,-18854,0,6088,23462,-29551,0,0,0,0,1,0
5745,2991666,0,17242,-17242,0,0,27026,-27026,0,0,0,0,1,0
5746,2992187,-3884,18852,-14968,0,-6088,29551,-23462,0,0,0,0,1,0
5747,2992708,-7619,19738,-12119,0,-11942,30940,-18997,0,0,0,0,1,0
5748,2993229,-11060,19865,-8805,0,-17337,31140,-13802,0,0,0,0,1,0
5749,2993750,-14076,19228,-5152,0,-22066,30143,-8077,0,0,0,0,1,0
5750,2994270,-16551,17853,-1302,0,-25947,27988,-2041,0,0,0,0,1,0
5751,2994791,-18390,15792,2598,0,-28831,24758,4073,0,0,0,0,1,0
5752,2995312,-19522,13124,6398,0,-30607,20576,10031,0,0,0,0,1,0
5753,2995833,-19903,9952,9952,0,-31207,15603,15603,0,0,0,0,1,0
5754,2996354,-19520,6397,13122,0,-30607,10031,20576,0,0,0,0,1,0
5755,2996875,-18387,2598,15789,0,-28831,4073,24758,0,0,0,0,1,0
5756,2997395,-16547,-1302,17848,0,-25947,-2041,27988,0,0,0,0,1,0
5757,2997916,-14071,-5150,19222,0,-22066,-8077,30143,0,0,0,0,1,0
5758,2998437,-11055,-8801,19856,0,-17337,-13802,31140,0,0,0,0,1,0
5759,2998958,-7615,-12113,19728,0,-11942,-18997,30940,0,0,0,0,1,0
5760,2999479,-3882,-14960,18841,0,-6088,-23462,29551,0,0,0,0,1,0
5761,3000000,0,-17231,17231,0,0,-27026,27026,0,0,0,0,1,0
5762,3000520,3881,-18840,14958,0,6088,-29551,23462,0,0,0,0,1,0
5763,3001041,7613,-19725,12111,0,11942,-30940,18997,0,0,0,0,1,0
5764,3001562,11052,-19851,8799,0,17337,-31140,13802,0,0,0,0,1,0
5765,3002083,14066,-19215,5149,0,22066,-30143,8077,0,0,0,0,1,0
5766,3002604,16540,-17841,1301,0,25947,-27988,2041,0,0,0,0,1,0
5767,3003125,18377,-15781,-2596,0,28831,-24758,-4073,0,0,0,0,1,0
5768,3003645,19508,-13115,-6394,0,30607,-20576,-10031,0,0,0,0,1,0
5769,3004166,19890,-9945,-9945,0,31207,-15603,-15603,0,0,0,0,1,0
5770,3004687,19507,-6393,-13114,0,30607,-10031,-20576,0,0,0,0,1,0
5771,3005208,18374,-2596,-15778,0,28831,-4073,-24758,0,0,0,0,1,0
5772,3005729,16536,1301,-17836,0,25947,2041,-27988,0,0,0,0,1,0
5773,3006250,14062,5147,-19209,0,22066,8077,-30143,0,0,0,0,1,0
5774,3006770,11048,8795,-19843,0,17337,13802,-31140,0,0,0,0,1,0
5775,3007291,7610,12105,-19715,0,11942,18997,-30940,0,0,0,0,1,0
5776,3007812,3879,14949,-18829,0,6088,23462,-29551,0,0,0,0,1,0
5777,3008333,0,17219,-17219,0,0,27026,-27026,0,0,0,0,1,0
5778,3008854,-3879,18827,-14948,0,-6088,29551,-23462,0,0,0,0,1,0
5779,3009375,-7608,19711,-12103,0,-11942,30940,-18997,0,0,0,0,1,0
5780,3009895,-11045,19838,-8793,0,-17337,31140,-13802,0,0,0,0,1,0
5781,3010416,-14057,19202,-5145,0,-22066,30143,-8077,0,0,0,0,1,0
5782,3010937,-16529,17829,-1300,0,-25947,27988,-2041,0,0,0,0,1,0
5783,3011458,-18365,15770,2595,0,-28831,24758,4073,0,0,0,0,1,0
5784,3011979,-19495,13106,6389,0,-30607,20576,10031,0,0,0,0,1,0
5785,3012500,-19876,9938,9938,0,-31207,15603,15603,0,0,0,0,1,0
5786,3013020,-19494,6389,13105,0,-30607,10031,20576,0,0,0,0,1,0
5787,3013541,-18362,2594,15768,0,-28831,4073,24758,0,0,0,0,1,0
5788,3014062,-16524,-1300,17824,0,-25947,-2041,27988,0,0,0,0,1,0
5789,3014583,-14052,-5143,19196,0,-22066,-8077,30143,0,0,0,0,1,0
5790,3015104,-11040,-8789,19830,0,-17337,-13802,31140,0,0,0,0,1,0
5791,3015625,-7604,-12097,19701,0,-11942,-18997,30940,0,0,0,0,1,0
5792,3016145,-3877,-14939,18816,0,-6088,-23462,29551,0,0,0,0,1,0
5793,3016666,0,-17208,17208,0,0,-27026,27026,0,0,0,0,1,0
5794,3017187,3876,-18814,14938,0,6088,-29551,23462,0,0,0,0,1,0
5795,3017708,7603,-19698,12095,0,11942,-30940,18997,0,0,0,0,1,0
5796,3018229,11038,-19825,8787,0,17337,-31140,13802,0,0,0,0,1,0
5797,3018750,14048,-19189,5142,0,22066,-30143,8077,0,0,0,0,1,0
5798,3019270,16517,-17817,1299,0,25947,-27988,2041,0,0,0,0,1,0
5799,3019791,18352,-15760,-2593,0,28831,-24758,-4073,0,0,0,0,1,0
5800,3020312,19482,-13097,-6385,0,30607,-20576,-10031,0,0,0,0,1,0
5801,3020833,19863,-9931,-9931,0,31207,-15603,-15603,0,0,0,0,1,0
5802,3021354,19480,-6384,-13096,0,30607,-10031,-20576,0,0,0,0,1,0
5803,3021875,18349,-2592,-15757,0,28831,-4073,-24758,0,0,0,0,1,0
5804,3022395,16513,1299,-17812,0,25947,2041,-27988,0,0,0,0,1,0
5805,3022916,14043,5140,-19183,0,22066,8077,-30143,0,0,0,0,1,0
5806,3023437,11033,8783,-19816,0,17337,13802,-31140,0,0,0,0,1,0
5807,3023958,7599,12089,-19688,0,11942,18997,-30940,0,0,0,0,1,0
5808,3024479,3874,14929,-18803,0,6088,23462,-29551,0,0,0,0,1,0
5809,3025000,0,17196,-17196,0,0,27026,-27026,0,0,0,0,1,0
5810,3025520,-3874,18802,-14928,0,-6088,29551,-23462,0,0,0,0,1,0
5811,3026041,-7598,19685,-12087,0,-11942,30940,-18997,0,0,0,0,1,0
5812,3026562,-11030,19811,-8781,0,-17337,31140,-13802,0,0,0,0,1,0
5813,3027083,-14038,19176,-5138,0,-22066,30143,-8077,0,0,0,0,1,0
5814,3027604,-16506,17805,-1298,0,-25947,27988,-2041,0,0,0,0,1,0
5815,3028125,-18340,15749,2591,0,-28831,24758,4073,0,0,0,0,1,0
5816,3028645,-19469,13088,6381,0,-30607,20576,10031,0,0,0,0,1,0
5817,3029166,-19850,9925,9925,0,-31207,15603,15603,0,0,0,0,1,0
5818,3029687,-19467,6380,13087,0,-30607,10031,20576,0,0,0,0,1,0
5819,3030208,-18337,2591,15746,0,-28831,4073,24758,0,0,0,0,1,0
5820,3030729,-16502,-1298,17800,0,-25947,-2041,27988,0,0,0,0,1,0
5821,3031250,-14033,-5137,19170,0,-22066,-8077,30143,0,0,0,0,1,0
5822,3031770,-11026,-8777,19803,0,-17337,-13802,31140,0,0,0,0,1,0
5823,3032291,-7594,-12081,19675,0,-11942,-18997,30940,0,0,0,0,1,0
5824,3032812,-3871,-14919,18791,0,-6088,-23462,29551,0,0,0,0,1,0
5825,3033333,0,-17185,17185,0,0,-27026,27026,0,0,0,0,1,0
5826,3033854,3871,-18789,14918,0,6088,-29551,23462,0,0,0,0,1,0
5827,3034375,7593,-19672,12079,0,11942,-30940,18997,0,0,0,0,1,0
5828,3034895,11023,-19798,8775,0,17337,-31140,13802,0,0,0,0,1,0
5829,3035416,14029,-19164,5135,0,22066,-30143,8077,0,0,0,0,1,0
5830,3035937,16495,-17793,1298,0,25947,-27988,2041,0,0,0,0,1,0
5831,3036458,18328,-15739,-2589,0,28831,-24758,-4073,0,0,0,0,1,0
5832,3036979,19456,-13080,-6376,0,30607,-20576,-10031,0,0,0,0,1,0
5833,3037500,19836,-9918,-9918,0,31207,-15603,-15603,0,0,0,0,1,0
5834,3038020,19454,-6376,-13078,0,30607,-10031,-20576,0,0,0,0,1,0
5835,3038541,18325,-2589,-15736,0,28831,-4073,-24758,0,0,0,0,1,0
5836,3039062,16491,1297,-17788,0,25947,2041,-27988,0,0,0,0,1,0
5837,3039583,14024,5133,-19157,0,22066,8077,-30143,0,0,0,0,1,0
5838,3040104,11018,8772,-19790,0,17337,13802,-31140,0,0,0,0,1,0
5839,3040625,7589,12073,-19662,0,11942,18997,-30940,0,0,0,0,1,0
5840,3041145,3869,14909,-18778,0,6088,23462,-29551,0,0,0,0,1,0
5841,3041666,0,17173,-17173,0,0,27026,-27026,0,0,0,0,1,0
5842,3042187,-3868,18777,-14908,0,-6088,29551,-23462,0,0,0,0,1,0
5843,3042708,-7588,19659,-12071,0,-11942,30940,-18997,0,0,0,0,1,0
5844,3043229,-11015,19785,-8769,0,-17337,31140,-13802,0,0,0,0,1,0
5845,3043750,-14019,19151,-5131,0,-22066,30143,-8077,0,0,0,0,1,0
5846,3044270,-16484,17781,-1297,0,-25947,27988,-2041,0,0,0,0,1,0
5847,3044791,-18316,15728,2588,0,-28831,24758,4073,0,0,0,0,1,0
5848,3045312,-19443,13071,6372,0,-30607,20576,10031,0,0,0,0,1,0
5849,3045833,-19823,9912,9912,0,-31207,15603,15603,0,0,0,0,1,0
5850,3046354,-19442,6372,13070,0,-30607,10031,20576,0,0,0,0,1,0
5851,3046875,-18313,2587,15726,0,-28831,4073,24758,0,0,0,0,1,0
5852,3047395,-16480,-1296,17777,0,-25947,-2041,27988,0,0,0,0,1,0
5853,3047916,-14015,-5130,19145,0,-22066,-8077,30143,0,0,0,0,1,0
5854,3048437,-11011,-8766,19777,0,-17337,-13802,31140,0,0,0,0,1,0
5855,3048958,-7584,-12065,19649,0,-11942,-18997,30940,0,0,0,0,1,0
5856,3049479,-3866,-14900,18766,0,-6088,-23462,29551,0,0,0,0,1,0
5857,3050000,0,-17162,17162,0,0,-27026,27026,0,0,0,0,1,0
5858,3050520,3866,-18764,14898,0,6088,-29551,23462,0,0,0,0,1,0
5859,3051041,7583,-19645,12063,0,11942,-30940,18997,0,0,0,0,1,0
5860,3051562,11008,-19772,8764,0,17337,-31140,13802,0,0,0,0,1,0
5861,3052083,14010,-19138,5128,0,22066,-30143,8077,0,0,0,0,1,0
5862,3052604,16474,-17769,1296,0,25947,-27988,2041,0,0,0,0,1,0
5863,3053125,18304,-15718,-2586,0,28831,-24758,-4073,0,0,0,0,1,0
5864,3053645,19430,-13062,-6368,0,30607,-20576,-10031,0,0,0,0,1,0
5865,3054166,19810,-9905,-9905,0,31207,-15603,-15603,0,0,0,0,1,0
5866,3054687,19429,-6367,-13061,0,30607,-10031,-20576,0,0,0,0,1,0
5867,3055208,18301,-2586,-15715,0,28831,-4073,-24758,0,0,0,0,1,0
5868,3055729,16469,1295,-17765,0,25947,2041,-27988,0,0,0,0,1,0
5869,3056250,14006,5126,-19132,0,22066,8077,-30143,0,0,0,0,1,0
5870,3056770,11004,8760,-19764,0,17337,13802,-31140,0,0,0,0,1,0
5871,3057291,7579,12057,-19636,0,11942,18997,-30940,0,0,0,0,1,0
5872,3057812,3864,14890,-18753,0,6088,23462,-29551,0,0,0,0,1,0
5873,3058333,0,17150,-17150,0,0,27026,-27026,0,0,0,0,1,0
5874,3058854,-3863,18752,-14889,0,-6088,29551,-23462,0,0,0,0,1,0
5875,3059375,-7578,19633,-12055,0,-11942,30940,-18997,0,0,0,0,1,0
5876,3059895,-11001,19759,-8758,0,-17337,31140,-13802,0,0,0,0,1,0
5877,3060416,-14001,19126,-5125,0,-22066,30143,-8077,0,0,0,0,1,0
5878,3060937,-16463,17758,-1295,0,-25947,27988,-2041,0,0,0,0,1,0
5879,3061458,-18292,15707,2584,0,-28831,24758,4073,0,0,0,0,1,0
5880,3061979,-19417,13054,6364,0,-30607,20576,10031,0,0,0,0,1,0
5881,3062500,-19797,9899,9899,0,-31207,15603,15603,0,0,0,0,1,0
5882,3063020,-19416,6363,13053,0,-30607,10031,20576,0,0,0,0,1,0
5883,3063541,-18289,2584,15705,0,-28831,4073,24758,0,0,0,0,1,0
5884,3064062,-16459,-1295,17753,0,-25947,-2041,27988,0,0,0,0,1,0
5885,3064583,-13996,-5123,19119,0,-22066,-8077,30143,0,0,0,0,1,0
5886,3065104,-10996,-8754,19751,0,-17337,-13802,31140,0,0,0,0,1,0
5887,3065625,-7574,-12049,19623,0,-11942,-18997,30940,0,0,0,0,1,0
5888,3066145,-3861,-14880,18741,0,-6088,-23462,29551,0,0,0,0,1,0
5889,3066666,0,-17139,17139,0,0,-27026,27026,0,0,0,0,1,0
5890,3067187,3861,-18740,14879,0,6088,-29551,23462,0,0,0,0,1,0
5891,3067708,7573,-19620,12047,0,11942,-30940,18997,0,0,0,0,1,0
5892,3068229,10994,-19746,8752,0,17337,-31140,13802,0,0,0,0,1,0
5893,3068750,13992,-19113,5121,0,22066,-30143,8077,0,0,0,0,1,0
5894,3069270,16452,-17746,1294,0,25947,-27988,2041,0,0,0,0,1,0
5895,3069791,18280,-15697,-2583,0,28831,-24758,-4073,0,0,0,0,1,0
5896,3070312,19405,-13045,-6360,0,30607,-20576,-10031,0,0,0,0,1,0
5897,3070833,19784,-9892,-9892,0,31207,-15603,-15603,0,0,0,0,1,0
5898,3071354,19403,-6359,-13044,0,30607,-10031,-20576,0,0,0,0,1,0
5899,3071875,18277,-2582,-15694,0,28831,-4073,-24758,0,0,0,0,1,0
5900,3072395,16448,1294,-17742,0,25947,2041,-27988,0,0,0,0,1,0
5901,3072916,13987,5120,-19107,0,22066,8077,-30143,0,0,0,0,1,0
5902,3073437,10989,8748,-19738,0,17337,13802,-31140,0,0,0,0,1,0
5903,3073958,7569,12041,-19610,0,11942,18997,-30940,0,0,0,0,1,0
5904,3074479,3859,14870,-18729,0,6088,23462,-29551,0,0,0,0,1,0
5905,3075000,0,17128,-17128,0,0,27026,-27026,0,0,0,0,1,0
5906,3075520,-3858,18727,-14869,0,-6088,29551,-23462,0,0,0,0,1,0
5907,3076041,-7568,19607,-12039,0,-11942,30940,-18997,0,0,0,0,1,0
5908,3076562,-10987,19733,-8746,0,-17337,31140,-13802,0,0,0,0,1,0
5909,3077083,-13983,19101,-5118,0,-22066,30143,-8077,0,0,0,0,1,0
5910,3077604,-16441,17734,-1293,0,-25947,27988,-2041,0,0,0,0,1,0
5911,3078125,-18268,15687,2581,0,-28831,24758,4073,0,0,0,0,1,0
5912,3078645,-19392,13037,6355,0,-30607,20576,10031,0,0,0,0,1,0
5913,3079166,-19771,9886,9886,0,-31207,15603,15603,0,0,0,0,1,0
5914,3079687,-19390,6355,13036,0,-30607,10031,20576,0,0,0,0,1,0
5915,3080208,-18265,2580,15684,0,-28831,4073,24758,0,0,0,0,1,0
5916,3080729,-16437,-1293,17730,0,-25947,-2041,27988,0,0,0,0,1,0
5917,3081250,-13978,-5116,19094,0,-22066,-8077,30143,0,0,0,0,1,0
5918,3081770,-10982,-8743,19725,0,-17337,-13802,31140,0,0,0,0,1,0
5919,3082291,-7564,-12033,19597,0,-11942,-18997,30940,0,0,0,0,1,0
5920,3082812,-3856,-14861,18717,0,-6088,-23462,29551,0,0,0,0,1,0
5921,3083333,0,-17117,17117,0,0,-27026,27026,0,0,0,0,1,0
5922,3083854,3856,-18715,14859,0,6088,-29551,23462,0,0,0,0,1,0
5923,3084375,7563,-19594,12031,0,11942,-30940,18997,0,0,0,0,1,0
5924,3084895,10979,-19720,8741,0,17337,-31140,13802,0,0,0,0,1,0
5925,3085416,13974,-19088,5115,0,22066,-30143,8077,0,0,0,0,1,0
5926,3085937,16430,-17723,1292,0,25947,-27988,2041,0,0,0,0,1,0
5927,3086458,18256,-15677,-2579,0,28831,-24758,-4073,0,0,0,0,1,0
5928,3086979,19379,-13028,-6351,0,30607,-20576,-10031,0,0,0,0,1,0
5929,3087500,19758,-9879,-9879,0,31207,-15603,-15603,0,0,0,0,1,0
5930,3088020,19378,-6351,-13027,0,30607,-10031,-20576,0,0,0,0,1,0
5931,3088541,18253,-2579,-15674,0,28831,-4073,-24758,0,0,0,0,1,0
5932,3089062,16426,1292,-17719,0,25947,2041,-27988,0,0,0,0,1,0
5933,3089583,13969,5113,-19082,0,22066,8077,-30143,0,0,0,0,1,0
5934,3090104,10975,8737,-19712,0,17337,13802,-31140,0,0,0,0,1,0
5935,3090625,7559,12025,-19585,0,11942,18997,-30940,0,0,0,0,1,0
5936,3091145,3854,14851,-18704,0,6088,23462,-29551,0,0,0,0,1,0
5937,3091666,0,17106,-17106,0,0,27026,-27026,0,0,0,0,1,0
5938,3092187,-3853,18703,-14850,0,-6088,29551,-23462,0,0,0,0,1,0
5939,3092708,-7558,19581,-12023,0,-11942,30940,-18997,0,0,0,0,1,0
5940,3093229,-10972,19707,-8735,0,-17337,31140,-13802,0,0,0,0,1,0
5941,3093750,-13964,19076,-5111,0,-22066,30143,-8077,0,0,0,0,1,0
5942,3094270,-16420,17711,-1292,0,-25947,27988,-2041,0,0,0,0,1,0
5943,3094791,-18244,15666,2578,0,-28831,24758,4073,0,0,0,0,1,0
5944,3095312,-19367,13020,6347,0,-30607,20576,10031,0,0,0,0,1,0
5945,3095833,-19746,9873,9873,0,-31207,15603,15603,0,0,0,0,1,0
5946,3096354,-19365,6347,13019,0,-30607,10031,20576,0,0,0,0,1,0
5947,3096875,-18241,2577,15664,0,-28831,4073,24758,0,0,0,0,1,0
5948,3097395,-16416,-1291,17707,0,-25947,-2041,27988,0,0,0,0,1,0
5949,3097916,-13960,-5110,19070,0,-22066,-8077,30143,0,0,0,0,1,0
5950,3098437,-10968,-8731,19699,0,-17337,-13802,31140,0,0,0,0,1,0
5951,3098958,-7554,-12017,19572,0,-11942,-18997,30940,0,0,0,0,1,0
5952,3099479,-3851,-14841,18692,0,-6088,-23462,29551,0,0,0,0,1,0
5953,3100000,0,-17095,17095,0,0,-27026,27026,0,0,0,0,1,0
5954,3100520,3851,-18691,14840,0,6088,-29551,23462,0,0,0,0,1,0
5955,3101041,7553,-19569,12015,0,11942,-30940,18997,0,0,0,0,1,0
5956,3101562,10965,-19695,8729,0,17337,-31140,13802,0,0,0,0,1,0
5957,3102083,13955,-19063,5108,0,22066,-30143,8077,0,0,0,0,1,0
5958,3102604,16409,-17700,1291,0,25947,-27988,2041,0,0,0,0,1,0
5959,3103125,18232,-15656,-2576,0,28831,-24758,-4073,0,0,0,0,1,0
5960,3103645,19354,-13011,-6343,0,30607,-20576,-10031,0,0,0,0,1,0
5961,3104166,19733,-9866,-9866,0,31207,-15603,-15603,0,0,0,0,1,0
5962,3104687,19353,-6343,-13010,0,30607,-10031,-20576,0,0,0,0,1,0
5963,3105208,18229,-2575,-15654,0,28831,-4073,-24758,0,0,0,0,1,0
5964,3105729,16405,1290,-17696,0,25947,2041,-27988,0,0,0,0,1,0
5965,3106250,13951,5106,-19057,0,22066,8077,-30143,0,0,0,0,1,0
5966,3106770,10961,8726,-19687,0,17337,13802,-31140,0,0,0,0,1,0
5967,3107291,7550,12010,-19559,0,11942,18997,-30940,0,0,0,0,1,0
5968,3107812,3849,14832,-18680,0,6088,23462,-29551,0,0,0,0,1,0
5969,3108333,0,17084,-17084,0,0,27026,-27026,0,0,0,0,1,0
5970,3108854,-3848,18679,-14831,0,-6088,29551,-23462,0,0,0,0,1,0
5971,3109375,-7548,19556,-12008,0,-11942,30940,-18997,0,0,0,0,1,0
5972,3109895,-10958,19682,-8724,0,-17337,31140,-13802,0,0,0,0,1,0
5973,3110416,-13946,19051,-5105,0,-22066,30143,-8077,0,0,0,0,1,0
5974,3110937,-16399,17689,-1290,0,-25947,27988,-2041,0,0,0,0,1,0
5975,3111458,-18220,15646,2574,0,-28831,24758,4073,0,0,0,0,1,0
5976,3111979,-19342,13003,6339,0,-30607,20576,10031,0,0,0,0,1,0
5977,3112500,-19720,9860,9860,0,-31207,15603,15603,0,0,0,0,1,0
5978,3113020,-19340,6339,13002,0,-30607,10031,20576,0,0,0,0,1,0
5979,3113541,-18218,2574,15644,0,-28831,4073,24758,0,0,0,0,1,0
5980,3114062,-16395,-1290,17684,0,-25947,-2041,27988,0,0,0,0,1,0
5981,3114583,-13942,-5103,19045,0,-22066,-8077,30143,0,0,0,0,1,0
5982,3115104,-10954,-8720,19674,0,-17337,-13802,31140,0,0,0,0,1,0
5983,3115625,-7545,-12002,19547,0,-11942,-18997,30940,0,0,0,0,1,0
5984,3116145,-3846,-14822,18668,0,-6088,-23462,29551,0,0,0,0,1,0
5985,3116666,0,-17073,17073,0,0,-27026,27026,0,0,0,0,1,0
5986,3117187,3846,-18667,14821,0,6088,-29551,23462,0,0,0,0,1,0
5987,3117708,7544,-19544,12000,0,11942,-30940,18997,0,0,0,0,1,0
5988,3118229,10951,-19669,8718,0,17337,-31140,13802,0,0,0,0,1,0
5989,3118750,13938,-19039,5101,0,22066,-30143,8077,0,0,0,0,1,0
5990,3119270,16388,-17677,1289,0,25947,-27988,2041,0,0,0,0,1,0
5991,3119791,18209,-15636,-2573,0,28831,-24758,-4073,0,0,0,0,1,0
5992,3120312,19330,-12995,-6335,0,30607,-20576,-10031,0,0,0,0,1,0
5993,3120833,19708,-9854,-9854,0,31207,-15603,-15603,0,0,0,0,1,0
5994,3121354,19328,-6335,-12994,0,30607,-10031,-20576,0,0,0,0,1,0
5995,3121875,18206,-2572,-15634,0,28831,-4073,-24758,0,0,0,0,1,0
5996,3122395,16384,1289,-17673,0,25947,2041,-27988,0,0,0,0,1,0
5997,3122916,13933,5100,-19033,0,22066,8077,-30143,0,0,0,0,1,0
5998,3123437,10947,8715,-19661,0,17337,13802,-31140,0,0,0,0,1,0
5999,3123958,7540,11994,-19534,0,11942,18997,-30940,0,0,0,0,1,0
6000,3124479,3844,14813,-18656,0,6088,23462,-29551,0,0,0,0,1,0
6001,3125000,0,17062,-17062,0,0,27026,-27026,0,0,0,0,1,0
6002,3125520,-3843,18655,-14812,0,-6088,29551,-23462,0,0,0,0,1,0
6003,3126041,-7539,19531,-11992,0,-11942,30940,-18997,0,0,0,0,1,0
6004,3126562,-10944,19657,-8713,0,-17337,31140,-13802,0,0,0,0,1,0
6005,3127083,-13929,19027,-5098,0,-22066,30143,-8077,0,0,0,0,1,0
6006,3127604,-16378,17666,-1288,0,-25947,27988,-2041,0,0,0,0,1,0
6007,3128125,-18197,15626,2571,0,-28831,24758,4073,0,0,0,0,1,0
6008,3128645,-19317,12986,6331,0,-30607,20576,10031,0,0,0,0,1,0
6009,3129166,-19695,9847,9847,0,-31207,15603,15603,0,0,0,0,1,0
6010,3129687,-19316,6330,12985,0,-30607,10031,20576,0,0,0,0,1,0
6011,3130208,-18194,2571,15624,0,-28831,4073,24758,0,0,0,0,1,0
6012,3130729,-16374,-1288,17662,0,-25947,-2041,27988,0,0,0,0,1,0
6013,3131250,-13924,-5097,19021,0,-22066,-8077,30143,0,0,0,0,1,0
6014,3131770,-10940,-8709,19649,0,-17337,-13802,31140,0,0,0,0,1,0
6015,3132291,-7535,-11987,19522,0,-11942,-18997,30940,0,0,0,0,1,0
6016,3132812,-3841,-14803,18645,0,-6088,-23462,29551,0,0,0,0,1,0
6017,3133333,0,-17051,17051,0,0,-27026,27026,0,0,0,0,1,0
6018,3133854,3841,-18643,14802,0,6088,-29551,23462,0,0,0,0,1,0
6019,3134375,7534,-19519,11985,0,11942,-30940,18997,0,0,0,0,1,0
6020,3134895,10937,-19644,8707,0,17337,-31140,13802,0,0,0,0,1,0
6021,3135416,13920,-19015,5095,0,22066,-30143,8077,0,0,0,0,1,0
6022,3135937,16367,-17655,1287,0,25947,-27988,2041,0,0,0,0,1,0
6023,3136458,18186,-15616,-2569,0,28831,-24758,-4073,0,0,0,0,1,0
6024,3136979,19305,-12978,-6327,0,30607,-20576,-10031,0,0,0,0,1,0
6025,3137500,19682,-9841,-9841,0,31207,-15603,-15603,0,0,0,0,1,0
6026,3138020,19303,-6326,-12977,0,30607,-10031,-20576,0,0,0,0,1,0
6027,3138541,18183,-2569,-15614,0,28831,-4073,-24758,0,0,0,0,1,0
6028,3139062,16363,1287,-17651,0,25947,2041,-27988,0,0,0,0,1,0
6029,3139583,13915,5093,-19009,0,22066,8077,-30143,0,0,0,0,1,0
6030,3140104,10933,8704,-19636,0,17337,13802,-31140,0,0,0,0,1,0
6031,3140625,7530,11979,-19509,0,11942,18997,-30940,0,0,0,0,1,0
6032,3141145,3839,14794,-18633,0,6088,23462,-29551,0,0,0,0,1,0
6033,3141666,0,17040,-17040,0,0,27026,-27026,0,0,0,0,1,0
6034,3142187,-3838,18631,-14793,0,-6088,29551,-23462,0,0,0,0,1,0
6035,3142708,-7529,19506,-11977,0,-11942,30940,-18997,0,0,0,0,1,0
6036,3143229,-10930,19632,-8702,0,-17337,31140,-13802,0,0,0,0,1,0
6037,3143750,-13911,19003,-5092,0,-22066,30143,-8077,0,0,0,0,1,0
6038,3144270,-16357,17644,-1287,0,-25947,27988,-2041,0,0,0,0,1,0
6039,3144791,-18174,15607,2568,0,-28831,24758,4073,0,0,0,0,1,0
6040,3145312,-19293,12970,6323,0,-30607,20576,10031,0,0,0,0,1,0
6041,3145833,-19670,9835,9835,0,-31207,15603,15603,0,0,0,0,1,0
6042,3146354,-19291,6322,12969,0,-30607,10031,20576,0,0,0,0,1,0
6043,3146875,-18171,2567,15604,0,-28831,4073,24758,0,0,0,0,1,0
6044,3147395,-16353,-1286,17639,0,-25947,-2041,27988,0,0,0,0,1,0
6045,3147916,-13907,-5090,18997,0,-22066,-8077,30143,0,0,0,0,1,0
6046,3148437,-10926,-8698,19624,0,-17337,-13802,31140,0,0,0,0,1,0
6047,3148958,-7526,-11972,19497,0,-11942,-18997,30940,0,0,0,0,1,0
6048,3149479,-3836,-14785,18621,0,-6088,-23462,29551,0,0,0,0,1,0
6049,3150000,0,-17029,17029,0,0,-27026,27026,0,0,0,0,1,0
6050,3150520,3836,-18620,14783,0,6088,-29551,23462,0,0,0,0,1,0
6051,3151041,7524,-19494,11970,0,11942,-30940,18997,0,0,0,0,1,0
6052,3151562,10923,-19619,8696,0,17337,-31140,13802,0,0,0,0,1,0
6053,3152083,13902,-18991,5089,0,22066,-30143,8077,0,0,0,0,1,0
6054,3152604,16347,-17632,1286,0,25947,-27988,2041,0,0,0,0,1,0
6055,3153125,18163,-15597,-2566,0,28831,-24758,-4073,0,0,0,0,1,0
6056,3153645,19281,-12962,-6319,0,30607,-20576,-10031,0,0,0,0,1,0
6057,3154166,19658,-9829,-9829,0,31207,-15603,-15603,0,0,0,0,1,0
6058,3154687,19279,-6318,-12961,0,30607,-10031,-20576,0,0,0,0,1,0
6059,3155208,18160,-2566,-15594,0,28831,-4073,-24758,0,0,0,0,1,0
6060,3155729,16343,1286,-17628,0,25947,2041,-27988,0,0,0,0,1,0
6061,3156250,13898,5087,-18985,0,22066,8077,-30143,0,0,0,0,1,0
6062,3156770,10919,8693,-19612,0,17337,13802,-31140,0,0,0,0,1,0
6063,3157291,7521,11964,-19485,0,11942,18997,-30940,0,0,0,0,1,0
6064,3157812,3834,14775,-18609,0,6088,23462,-29551,0,0,0,0,1,0
6065,3158333,0,17019,-17019,0,0,27026,-27026,0,0,0,0,1,0
6066,3158854,-3834,18608,-14774,0,-6088,29551,-23462,0,0,0,0,1,0
6067,3159375,-7520,19482,-11962,0,-11942,30940,-18997,0,0,0,0,1,0
6068,3159895,-10916,19607,-8691,0,-17337,31140,-13802,0,0,0,0,1,0
6069,3160416,-13894,18979,-5085,0,-22066,30143,-8077,0,0,0,0,1,0
6070,3160937,-16336,17621,-1285,0,-25947,27988,-2041,0,0,0,0,1,0
6071,3161458,-18151,15587,2564,0,-28831,24758,4073,0,0,0,0,1,0
6072,3161979,-19269,12954,6315,0,-30607,20576,10031,0,0,0,0,1,0
6073,3162500,-19645,9823,9823,0,-31207,15603,15603,0,0,0,0,1,0
6074,3163020,-19267,6315,12953,0,-30607,10031,20576,0,0,0,0,1,0
6075,3163541,-18148,2564,15584,0,-28831,4073,24758,0,0,0,0,1,0
6076,3164062,-16333,-1285,17617,0,-25947,-2041,27988,0,0,0,0,1,0
6077,3164583,-13889,-5084,18973,0,-22066,-8077,30143,0,0,0,0,1,0
6078,3165104,-10912,-8687,19599,0,-17337,-13802,31140,0,0,0,0,1,0
6079,3165625,-7516,-11957,19473,0,-11942,-18997,30940,0,0,0,0,1,0
6080,3166145,-3832,-14766,18598,0,-6088,-23462,29551,0,0,0,0,1,0
6081,3166666,0,-17008,17008,0,0,-27026,27026,0,0,0,0,1,0
6082,3167187,3831,-18596,14765,0,6088,-29551,23462,0,0,0,0,1,0
6083,3167708,7515,-19470,11955,0,11942,-30940,18997,0,0,0,0,1,0
6084,3168229,10910,-19595,8685,0,17337,-31140,13802,0,0,0,0,1,0
6085,3168750,13885,-18967,5082,0,22066,-30143,8077,0,0,0,0,1,0
6086,3169270,16326,-17610,1284,0,25947,-27988,2041,0,0,0,0,1,0
6087,3169791,18140,-15577,-2563,0,28831,-24758,-4073,0,0,0,0,1,0
6088,3170312,19257,-12945,-6311,0,30607,-20576,-10031,0,0,0,0,1,0
6089,3170833,19633,-9817,-9817,0,31207,-15603,-15603,0,0,0,0,1,0
6090,3171354,19255,-6311,-12944,0,30607,-10031,-20576,0,0,0,0,1,0
6091,3171875,18137,-2562,-15575,0,28831,-4073,-24758,0,0,0,0,1,0
6092,3172395,16322,1284,-17606,0,25947,2041,-27988,0,0,0,0,1,0
6093,3172916,13881,5081,-18961,0,22066,8077,-30143,0,0,0,0,1,0
6094,3173437,10905,8682,-19587,0,17337,13802,-31140,0,0,0,0,1,0
6095,3173958,7511,11949,-19461,0,11942,18997,-30940,0,0,0,0,1,0
6096,3174479,3829,14757,-18586,0,6088,23462,-29551,0,0,0,0,1,0
6097,3175000,0,16997,-16997,0,0,27026,-27026,0,0,0,0,1,0
6098,3175520,-3829,18585,-14756,0,-6088,29551,-23462,0,0,0,0,1,0
6099,3176041,-7510,19458,-11947,0,-11942,30940,-18997,0,0,0,0,1,0
6100,3176562,-10903,19583,-8680,0,-17337,31140,-13802,0,0,0,0,1,0
6101,3177083,-13876,18955,-5079,0,-22066,30143,-8077,0,0,0,0,1,0
6102,3177604,-16316,17599,-1283,0,-25947,27988,-2041,0,0,0,0,1,0
6103,3178125,-18129,15567,2561,0,-28831,24758,4073,0,0,0,0,1,0
6104,3178645,-19245,12937,6307,0,-30607,20576,10031,0,0,0,0,1,0
6105,3179166,-19621,9810,9810,0,-31207,15603,15603,0,0,0,0,1,0
6106,3179687,-19243,6307,12936,0,-30607,10031,20576,0,0,0,0,1,0
6107,3180208,-18126,2561,15565,0,-28831,4073,24758,0,0,0,0,1,0
6108,3180729,-16312,-1283,17595,0,-25947,-2041,27988,0,0,0,0,1,0
6109,3181250,-13872,-5077,18949,0,-22066,-8077,30143,0,0,0,0,1,0
6110,3181770,-10899,-8676,19575,0,-17337,-13802,31140,0,0,0,0,1,0
6111,3182291,-7507,-11942,19448,0,-11942,-18997,30940,0,0,0,0,1,0
6112,3182812,-3827,-14748,18575,0,-6088,-23462,29551,0,0,0,0,1,0
6113,3183333,0,-16987,16987,0,0,-27026,27026,0,0,0,0,1,0
6114,3183854,3827,-18573,14747,0,6088,-29551,23462,0,0,0,0,1,0
6115,3184375,7506,-19445,11940,0,11942,-30940,18997,0,0,0,0,1,0
6116,3184895,10896,-19571,8674,0,17337,-31140,13802,0,0,0,0,1,0
6117,3185416,13868,-18943,5076,0,22066,-30143,8077,0,0,0,0,1,0
6118,3185937,16306,-17589,1283,0,25947,-27988,2041,0,0,0,0,1,0
6119,3186458,18117,-15558,-2560,0,28831,-24758,-4073,0,0,0,0,1,0
6120,3186979,19233,-12929,-6303,0,30607,-20576,-10031,0,0,0,0,1,0
6121,3187500,19609,-9804,-9804,0,31207,-15603,-15603,0,0,0,0,1,0
6122,3188020,19231,-6303,-12928,0,30607,-10031,-20576,0,0,0,0,1,0
6123,3188541,18115,-2559,-15555,0,28831,-4073,-24758,0,0,0,0,1,0
6124,3189062,16302,1282,-17584,0,25947,2041,-27988,0,0,0,0,1,0
6125,3189583,13863,5074,-18938,0,22066,8077,-30143,0,0,0,0,1,0
6126,3190104,10892,8671,-19563,0,17337,13802,-31140,0,0,0,0,1,0
6127,3190625,7502,11934,-19436,0,11942,18997,-30940,0,0,0,0,1,0
6128,3191145,3824,14739,-18563,0,6088,23462,-29551,0,0,0,0,1,0
6129,3191666,0,16976,-16976,0,0,27026,-27026,0,0,0,0,1,0
6130,3192187,-3824,18562,-14737,0,-6088,29551,-23462,0,0,0,0,1,0
6131,3192708,-7501,19433,-11932,0,-11942,30940,-18997,0,0,0,0,1,0
6132,3193229,-10889,19558,-8669,0,-17337,31140,-13802,0,0,0,0,1,0
6133,3193750,-13859,18932,-5073,0,-22066,30143,-8077,0,0,0,0,1,0
6134,3194270,-16296,17578,-1282,0,-25947,27988,-2041,0,0,0,0,1,0
6135,3194791,-18106,15548,2558,0,-28831,24758,4073,0,0,0,0,1,0
6136,3195312,-19221,12921,6299,0,-30607,20576,10031,0,0,0,0,1,0
6137,3195833,-19597,9798,9798,0,-31207,15603,15603,0,0,0,0,1,0
6138,3196354,-19219,6299,12920,0,-30607,10031,20576,0,0,0,0,1,0
6139,3196875,-18104,2558,15546,0,-28831,4073,24758,0,0,0,0,1,0
6140,3197395,-16292,-1282,17574,0,-25947,-2041,27988,0,0,0,0,1,0
6141,3197916,-13855,-5071,18926,0,-22066,-8077,30143,0,0,0,0,1,0
6142,3198437,-10885,-8666,19551,0,-17337,-13802,31140,0,0,0,0,1,0
6143,3198958,-7498,-11927,19425,0,-11942,-18997,30940,0,0,0,0,1,0
6144,3199479,-3822,-14730,18552,0,-6088,-23462,29551,0,0,0,0,1,0
6145,3200000,0,-16966,16966,0,0,-27026,27026,0,0,0,0,1,0
6146,3200520,3822,-18550,14728,0,6088,-29551,23462,0,0,0,0,1,0
6147,3201041,7496,-19422,11925,0,11942,-30940,18997,0,0,0,0,1,0
6148,3201562,10883,-19546,8664,0,17337,-31140,13802,0,0,0,0,1,0
6149,3202083,13851,-18920,5070,0,22066,-30143,8077,0,0,0,0,1,0
6150,3202604,16286,-17567,1281,0,25947,-27988,2041,0,0,0,0,1,0
6151,3203125,18095,-15539,-2556,0,28831,-24758,-4073,0,0,0,0,1,0
6152,3203645,19209,-12914,-6296,0,30607,-20576,-10031,0,0,0,0,1,0
6153,3204166,19585,-9792,-9792,0,31207,-15603,-15603,0,0,0,0,1,0
6154,3204687,19208,-6295,-12913,0,30607,-10031,-20576,0,0,0,0,1,0
6155,3205208,18092,-2556,-15536,0,28831,-4073,-24758,0,0,0,0,1,0
6156,3205729,16282,1281,-17563,0,25947,2041,-27988,0,0,0,0,1,0
6157,3206250,13846,5068,-18914,0,22066,8077,-30143,0,0,0,0,1,0
6158,3206770,10879,8660,-19539,0,17337,13802,-31140,0,0,0,0,1,0
6159,3207291,7493,11920,-19413,0,11942,18997,-30940,0,0,0,0,1,0
6160,3207812,3820,14721,-18540,0,6088,23462,-29551,0,0,0,0,1,0
6161,3208333,0,16956,-16956,0,0,27026,-27026,0,0,0,0,1,0
6162,3208854,-3819,18539,-14719,0,-6088,29551,-23462,0,0,0,0,1,0
6163,3209375,-7492,19410,-11918,0,-11942,30940,-18997,0,0,0,0,1,0
6164,3209895,-10876,19534,-8658,0,-17337,31140,-13802,0,0,0,0,1,0
6165,3210416,-13842,18909,-5067,0,-22066,30143,-8077,0,0,0,0,1,0
6166,3210937,-16276,17556,-1280,0,-25947,27988,-2041,0,0,0,0,1,0
6167,3211458,-18084,15529,2555,0,-28831,24758,4073,0,0,0,0,1,0
6168,3211979,-19197,12906,6292,0,-30607,20576,10031,0,0,0,0,1,0
6169,3212500,-19573,9786,9786,0,-31207,15603,15603,0,0,0,0,1,0
6170,3213020,-19196,6291,12905,0,-30607,10031,20576,0,0,0,0,1,0
6171,3213541,-18081,2555,15527,0,-28831,4073,24758,0,0,0,0,1,0
6172,3214062,-16272,-1280,17552,0,-25947,-2041,27988,0,0,0,0,1,0
6173,3214583,-13838,-5065,18903,0,-22066,-8077,30143,0,0,0,0,1,0
6174,3215104,-10872,-8655,19527,0,-17337,-13802,31140,0,0,0,0,1,0
6175,3215625,-7488,-11912,19401,0,-11942,-18997,30940,0,0,0,0,1,0
6176,3216145,-3817,-14712,18529,0,-6088,-23462,29551,0,0,0,0,1,0
6177,3216666,0,-16945,16945,0,0,-27026,27026,0,0,0,0,1,0
6178,3217187,3817,-18528,14710,0,6088,-29551,23462,0,0,0,0,1,0
6179,3217708,7487,-19398,11911,0,11942,-30940,18997,0,0,0,0,1,0
6180,3218229,10869,-19523,8653,0,17337,-31140,13802,0,0,0,0,1,0
6181,3218750,13834,-18897,5063,0,22066,-30143,8077,0,0,0,0,1,0
6182,3219270,16266,-17545,1279,0,25947,-27988,2041,0,0,0,0,1,0
6183,3219791,18073,-15520,-2553,0,28831,-24758,-4073,0,0,0,0,1,0
6184,3220312,19186,-12898,-6288,0,30607,-20576,-10031,0,0,0,0,1,0
6185,3220833,19561,-9780,-9780,0,31207,-15603,-15603,0,0,0,0,1,0
6186,3221354,19184,-6287,-12897,0,30607,-10031,-20576,0,0,0,0,1,0
6187,3221875,18070,-2553,-15517,0,28831,-4073,-24758,0,0,0,0,1,0
6188,3222395,16262,1279,-17541,0,25947,2041,-27988,0,0,0,0,1,0
6189,3222916,13829,5062,-18891,0,22066,8077,-30143,0,0,0,0,1,0
6190,3223437,10865,8650,-19515,0,17337,13802,-31140,0,0,0,0,1,0
6191,3223958,7484,11905,-19389,0,11942,18997,-30940,0,0,0,0,1,0
6192,3224479,3815,14703,-18518,0,6088,23462,-29551,0,0,0,0,1,0
6193,3225000,0,16935,-16935,0,0,27026,-27026,0,0,0,0,1,0
6194,3225520,-3815,18516,-14702,0,-6088,29551,-23462,0,0,0,0,1,0
6195,3226041,-7483,19386,-11903,0,-11942,30940,-18997,0,0,0,0,1,0
6196,3226562,-10863,19511,-8648,0,-17337,31140,-13802,0,0,0,0,1,0
6197,3227083,-13825,18886,-5060,0,-22066,30143,-8077,0,0,0,0,1,0
6198,3227604,-16256,17535,-1279,0,-25947,27988,-2041,0,0,0,0,1,0
6199,3228125,-18062,15510,2552,0,-28831,24758,4073,0,0,0,0,1,0
6200,3228645,-19174,12890,6284,0,-30607,20576,10031,0,0,0,0,1,0
6201,3229166,-19549,9774,9774,0,-31207,15603,15603,0,0,0,0,1,0
6202,3229687,-19173,6284,12889,0,-30607,10031,20576,0,0,0,0,1,0
6203,3230208,-18059,2551,15508,0,-28831,4073,24758,0,0,0,0,1,0
6204,3230729,-16252,-1278,17531,0,-25947,-2041,27988,0,0,0,0,1,0
6205,3231250,-13821,-5059,18880,0,-22066,-8077,30143,0,0,0,0,1,0
6206,3231770,-10859,-8645,19503,0,-17337,-13802,31140,0,0,0,0,1,0
6207,3232291,-7479,-11898,19377,0,-11942,-18997,30940,0,0,0,0,1,0
6208,3232812,-3813,-14694,18507,0,-6088,-23462,29551,0,0,0,0,1,0
6209,3233333,0,-16925,16925,0,0,-27026,27026,0,0,0,0,1,0
6210,3233854,3812,-18505,14693,0,6088,-29551,23462,0,0,0,0,1,0
6211,3234375,7478,-19374,11896,0,11942,-30940,18997,0,0,0,0,1,0
6212,3234895,10856,-19499,8643,0,17337,-31140,13802,0,0,0,0,1,0
6213,3235416,13817,-18874,5057,0,22066,-30143,8077,0,0,0,0,1,0
6214,3235937,16246,-17524,1278,0,25947,-27988,2041,0,0,0,0,1,0
6215,3236458,18051,-15501,-2550,0,28831,-24758,-4073,0,0,0,0,1,0
6216,3236979,19162,-12882,-6280,0,30607,-20576,-10031,0,0,0,0,1,0
6217,3237500,19537,-9769,-9769,0,31207,-15603,-15603,0,0,0,0,1,0
6218,3238020,19161,-6280,-12881,0,30607,-10031,-20576,0,0,0,0,1,0
6219,3238541,18049,-2550,-15499,0,28831,-4073,-24758,0,0,0,0,1,0
6220,3239062,16243,1278,-17520,0,25947,2041,-27988,0,0,0,0,1,0
6221,3239583,13813,5056,-18869,0,22066,8077,-30143,0,0,0,0,1,0
6222,3240104,10852,8639,-19492,0,17337,13802,-31140,0,0,0,0,1,0
6223,3240625,7475,11891,-19366,0,11942,18997,-30940,0,0,0,0,1,0
6224,3241145,3810,14685,-18495,0,6088,23462,-29551,0,0,0,0,1,0
6225,3241666,0,16914,-16914,0,0,27026,-27026,0,0,0,0,1,0
6226,3242187,-3810,18494,-14684,0,-6088,29551,-23462,0,0,0,0,1,0
6227,3242708,-7474,19363,-11889,0,-11942,30940,-18997,0,0,0,0,1,0
6228,3243229,-10850,19487,-8637,0,-17337,31140,-13802,0,0,0,0,1,0
6229,3243750,-13809,18863,-5054,0,-22066,30143,-8077,0,0,0,0,1,0
6230,3244270,-16237,17514,-1277,0,-25947,27988,-2041,0,0,0,0,1,0
6231,3244791,-18040,15492,2549,0,-28831,24758,4073,0,0,0,0,1,0
6232,3245312,-19151,12874,6276,0,-30607,20576,10031,0,0,0,0,1,0
6233,3245833,-19525,9763,9763,0,-31207,15603,15603,0,0,0,0,1,0
6234,3246354,-19149,6276,12873,0,-30607,10031,20576,0,0,0,0,1,0
6235,3246875,-18038,2548,15489,0,-28831,4073,24758,0,0,0,0,1,0
6236,3247395,-16233,-1277,17510,0,-25947,-2041,27988,0,0,0,0,1,0
6237,3247916,-13804,-5053,18857,0,-22066,-8077,30143,0,0,0,0,1,0
6238,3248437,-10846,-8634,19480,0,-17337,-13802,31140,0,0,0,0,1,0
6239,3248958,-7470,-11884,19354,0,-11942,-18997,30940,0,0,0,0,1,0
6240,3249479,-3808,-14676,18484,0,-6088,-23462,29551,0,0,0,0,1,0
6241,3250000,0,-16904,16904,0,0,-27026,27026,0,0,0,0,1,0
6242,3250520,3808,-18483,14675,0,6088,-29551,23462,0,0,0,0,1,0
6243,3251041,7469,-19351,11882,0,11942,-30940,18997,0,0,0,0,1,0
6244,3251562,10843,-19475,8632,0,17337,-31140,13802,0,0,0,0,1,0
6245,3252083,13800,-18852,5051,0,22066,-30143,8077,0,0,0,0,1,0
6246,3252604,16227,-17503,1276,0,25947,-27988,2041,0,0,0,0,1,0
6247,3253125,18030,-15482,-2547,0,28831,-24758,-4073,0,0,0,0,1,0
6248,3253645,19139,-12867,-6273,0,30607,-20576,-10031,0,0,0,0,1,0
6249,3254166,19514,-9757,-9757,0,31207,-15603,-15603,0,0,0,0,1,0
6250,3254687,19138,-6272,-12866,0,30607,-10031,-20576,0,0,0,0,1,0
6251,3255208,18027,-2547,-15480,0,28831,-4073,-24758,0,0,0,0,1,0
6252,3255729,16223,1276,-17499,0,25947,2041,-27988,0,0,0,0,1,0
6253,3256250,13796,5050,-18846,0,22066,8077,-30143,0,0,0,0,1,0
6254,3256770,10839,8629,-19468,0,17337,13802,-31140,0,0,0,0,1,0
6255,3257291,7466,11876,-19342,0,11942,18997,-30940,0,0,0,0,1,0
6256,3257812,3806,14667,-18473,0,6088,23462,-29551,0,0,0,0,1,0
6257,3258333,0,16894,-16894,0,0,27026,-27026,0,0,0,0,1,0
6258,3258854,-3806,18472,-14666,0,-6088,29551,-23462,0,0,0,0,1,0
6259,3259375,-7465,19339,-11875,0,-11942,30940,-18997,0,0,0,0,1,0
6260,3259895,-10837,19464,-8627,0,-17337,31140,-13802,0,0,0,0,1,0
6261,3260416,-13792,18840,-5048,0,-22066,30143,-8077,0,0,0,0,1,0
6262,3260937,-16217,17493,-1276,0,-25947,27988,-2041,0,0,0,0,1,0
6263,3261458,-18019,15473,2546,0,-28831,24758,4073,0,0,0,0,1,0
6264,3261979,-19128,12859,6269,0,-30607,20576,10031,0,0,0,0,1,0
6265,3262500,-19502,9751,9751,0,-31207,15603,15603,0,0,0,0,1,0
6266,3263020,-19127,6268,12858,0,-30607,10031,20576,0,0,0,0,1,0
6267,3263541,-18016,2545,15471,0,-28831,4073,24758,0,0,0,0,1,0
6268,3264062,-16213,-1275,17489,0,-25947,-2041,27988,0,0,0,0,1,0
6269,3264583,-13788,-5047,18835,0,-22066,-8077,30143,0,0,0,0,1,0
6270,3265104,-10833,-8624,19457,0,-17337,-13802,31140,0,0,0,0,1,0
6271,3265625,-7461,-11869,19331,0,-11942,-18997,30940,0,0,0,0,1,0
6272,3266145,-3804,-14659,18462,0,-6088,-23462,29551,0,0,0,0,1,0
6273,3266666,0,-16884,16884,0,0,-27026,27026,0,0,0,0,1,0
6274,3267187,3803,-18461,14657,0,6088,-29551,23462,0,0,0,0,1,0
6275,3267708,7460,-19328,11868,0,11942,-30940,18997,0,0,0,0,1,0
6276,3268229,10830,-19452,8622,0,17337,-31140,13802,0,0,0,0,1,0
6277,3268750,13784,-18829,5045,0,22066,-30143,8077,0,0,0,0,1,0
6278,3269270,16207,-17482,1275,0,25947,-27988,2041,0,0,0,0,1,0
6279,3269791,18008,-15464,-2544,0,28831,-24758,-4073,0,0,0,0,1,0
6280,3270312,19117,-12851,-6265,0,30607,-20576,-10031,0,0,0,0,1,0
6281,3270833,19490,-9745,-9745,0,31207,-15603,-15603,0,0,0,0,1,0
6282,3271354,19115,-6265,-12850,0,30607,-10031,-20576,0,0,0,0,1,0
6283,3271875,18005,-2544,-15462,0,28831,-4073,-24758,0,0,0,0,1,0
6284,3272395,16204,1275,-17478,0,25947,2041,-27988,0,0,0,0,1,0
6285,3272916,13780,5044,-18823,0,22066,8077,-30143,0,0,0,0,1,0
6286,3273437,10826,8619,-19445,0,17337,13802,-31140,0,0,0,0,1,0
6287,3273958,7457,11862,-19319,0,11942,18997,-30940,0,0,0,0,1,0
6288,3274479,3801,14650,-18451,0,6088,23462,-29551,0,0,0,0,1,0
6289,3275000,0,16874,-16874,0,0,27026,-27026,0,0,0,0,1,0
6290,3275520,-3801,18450,-14649,0,-6088,29551,-23462,0,0,0,0,1,0
6291,3276041,-7456,19317,-11861,0,-11942,30940,-18997,0,0,0,0,1,0
6292,3276562,-10824,19441,-8617,0,-17337,31140,-13802,0,0,0,0,1,0
6293,3277083,-13776,18818,-5042,0,-22066,30143,-8077,0,0,0,0,1,0
6294,3277604,-16198,17472,-1274,0,-25947,27988,-2041,0,0,0,0,1,0
6295,3278125,-17997,15455,2543,0,-28831,24758,4073,0,0,0,0,1,0
6296,3278645,-19105,12844,6262,0,-30607,20576,10031,0,0,0,0,1,0
6297,3279166,-19479,9739,9739,0,-31207,15603,15603,0,0,0,0,1,0
6298,3279687,-19104,6261,12843,0,-30607,10031,20576,0,0,0,0,1,0
6299,3280208,-17995,2542,15452,0,-28831,4073,24758,0,0,0,0,1,0
6300,3280729,-16194,-1274,17468,0,-25947,-2041,27988,0,0,0,0,1,0
6301,3281250,-13772,-5041,18812,0,-22066,-8077,30143,0,0,0,0,1,0
6302,3281770,-10820,-8614,19434,0,-17337,-13802,31140,0,0,0,0,1,0
6303,3282291,-7453,-11855,19308,0,-11942,-18997,30940,0,0,0,0,1,0
6304,3282812,-3799,-14641,18440,0,-6088,-23462,29551,0,0,0,0,1,0
6305,3283333,0,-16864,16864,0,0,-27026,27026,0,0,0,0,1,0
6306,3283854,3799,-18439,14640,0,6088,-29551,23462,0,0,0,0,1,0
6307,3284375,7451,-19305,11854,0,11942,-30940,18997,0,0,0,0,1,0
6308,3284895,10817,-19429,8612,0,17337,-31140,13802,0,0,0,0,1,0
6309,3285416,13768,-18807,5039,0,22066,-30143,8077,0,0,0,0,1,0
6310,3285937,16188,-17462,1273,0,25947,-27988,2041,0,0,0,0,1,0
6311,3286458,17987,-15446,-2541,0,28831,-24758,-4073,0,0,0,0,1,0
6312,3286979,19094,-12836,-6258,0,30607,-20576,-10031,0,0,0,0,1,0
6313,3287500,19467,-9734,-9734,0,31207,-15603,-15603,0,0,0,0,1,0
6314,3288020,19093,-6257,-12835,0,30607,-10031,-20576,0,0,0,0,1,0
6315,3288541,17984,-2541,-15443,0,28831,-4073,-24758,0,0,0,0,1,0
6316,3289062,16185,1273,-17458,0,25947,2041,-27988,0,0,0,0,1,0
6317,3289583,13764,5038,-18801,0,22066,8077,-30143,0,0,0,0,1,0
6318,3290104,10814,8609,-19422,0,17337,13802,-31140,0,0,0,0,1,0
6319,3290625,7448,11848,-19297,0,11942,18997,-30940,0,0,0,0,1,0
6320,3291145,3797,14633,-18430,0,6088,23462,-29551,0,0,0,0,1,0
6321,3291666,0,16854,-16854,0,0,27026,-27026,0,0,0,0,1,0
6322,3292187,-3797,18428,-14632,0,-6088,29551,-23462,0,0,0,0,1,0
6323,3292708,-7447,19294,-11847,0,-11942,30940,-18997,0,0,0,0,1,0
6324,3293229,-10811,19418,-8607,0,-17337,31140,-13802,0,0,0,0,1,0
6325,3293750,-13759,18796,-5036,0,-22066,30143,-8077,0,0,0,0,1,0
6326,3294270,-16179,17451,-1273,0,-25947,27988,-2041,0,0,0,0,1,0
6327,3294791,-17976,15437,2540,0,-28831,24758,4073,0,0,0,0,1,0
6328,3295312,-19083,12829,6254,0,-30607,20576,10031,0,0,0,0,1,0
6329,3295833,-19456,9728,9728,0,-31207,15603,15603,0,0,0,0,1,0
6330,3296354,-19081,6254,12828,0,-30607,10031,20576,0,0,0,0,1,0
6331,3296875,-17974,2539,15434,0,-28831,4073,24758,0,0,0,0,1,0
6332,3297395,-16175,-1272,17448,0,-25947,-2041,27988,0,0,0,0,1,0
6333,3297916,-13755,-5035,18790,0,-22066,-8077,30143,0,0,0,0,1,0
6334,3298437,-10807,-8604,19411,0,-17337,-13802,31140,0,0,0,0,1,0
6335,3298958,-7444,-11841,19285,0,-11942,-18997,30940,0,0,0,0,1,0
6336,3299479,-3795,-14624,18419,0,-6088,-23462,29551,0,0,0,0,1,0
6337,3300000,0,-16844,16844,0,0,-27026,27026,0,0,0,0,1,0
6338,3300520,3794,-18417,14623,0,6088,-29551,23462,0,0,0,0,1,0
6339,3301041,7443,-19282,11840,0,11942,-30940,18997,0,0,0,0,1,0
6340,3301562,10805,-19407,8602,0,17337,-31140,13802,0,0,0,0,1,0
6341,3302083,13751,-18785,5033,0,22066,-30143,8077,0,0,0,0,1,0
6342,3302604,16169,-17441,1272,0,25947,-27988,2041,0,0,0,0,1,0
6343,3303125,17966,-15428,-2538,0,28831,-24758,-4073,0,0,0,0,1,0
6344,3303645,19072,-12821,-6250,0,30607,-20576,-10031,0,0,0,0,1,0
6345,3304166,19445,-9722,-9722,0,31207,-15603,-15603,0,0,0,0,1,0
6346,3304687,19070,-6250,-12820,0,30607,-10031,-20576,0,0,0,0,1,0
6347,3305208,17963,-2538,-15425,0,28831,-4073,-24758,0,0,0,0,1,0
6348,3305729,16166,1272,-17437,0,25947,2041,-27988,0,0,0,0,1,0
6349,3306250,13747,5032,-18779,0,22066,8077,-30143,0,0,0,0,1,0
6350,3306770,10801,8599,-19399,0,17337,13802,-31140,0,0,0,0,1,0
6351,3307291,7440,11835,-19274,0,11942,18997,-30940,0,0,0,0,1,0
6352,3307812,3792,14616,-18408,0,6088,23462,-29551,0,0,0,0,1,0
6353,3308333,0,16835,-16835,0,0,27026,-27026,0,0,0,0,1,0
6354,3308854,-3792,18407,-14614,0,-6088,29551,-23462,0,0,0,0,1,0
6355,3309375,-7438,19271,-11833,0,-11942,30940,-18997,0,0,0,0,1,0
6356,3309895,-10799,19395,-8597,0,-17337,31140,-13802,0,0,0,0,1,0
6357,3310416,-13743,18774,-5030,0,-22066,30143,-8077,0,0,0,0,1,0
6358,3310937,-16160,17431,-1271,0,-25947,27988,-2041,0,0,0,0,1,0
6359,3311458,-17955,15419,2537,0,-28831,24758,4073,0,0,0,0,1,0
6360,3311979,-19061,12814,6247,0,-30607,20576,10031,0,0,0,0,1,0
6361,3312500,-19433,9717,9717,0,-31207,15603,15603,0,0,0,0,1,0
6362,3313020,-19059,6246,12813,0,-30607,10031,20576,0,0,0,0,1,0
6363,3313541,-17953,2536,15416,0,-28831,4073,24758,0,0,0,0,1,0
6364,3314062,-16156,-1271,17427,0,-25947,-2041,27988,0,0,0,0,1,0
6365,3314583,-13739,-5029,18768,0,-22066,-8077,30143,0,0,0,0,1,0
6366,3315104,-10795,-8594,19388,0,-17337,-13802,31140,0,0,0,0,1,0
6367,3315625,-7435,-11828,19263,0,-11942,-18997,30940,0,0,0,0,1,0
6368,3316145,-3790,-14607,18397,0,-6088,-23462,29551,0,0,0,0,1,0
6369,3316666,0,-16825,16825,0,0,-27026,27026,0,0,0,0,1,0
6370,3317187,3790,-18396,14606,0,6088,-29551,23462,0,0,0,0,1,0
6371,3317708,7434,-19260,11826,0,11942,-30940,18997,0,0,0,0,1,0
6372,3318229,10792,-19384,8592,0,17337,-31140,13802,0,0,0,0,1,0
6373,3318750,13735,-18763,5028,0,22066,-30143,8077,0,0,0,0,1,0
6374,3319270,16151,-17421,1270,0,25947,-27988,2041,0,0,0,0,1,0
6375,3319791,17945,-15410,-2535,0,28831,-24758,-4073,0,0,0,0,1,0
6376,3320312,19050,-12806,-6243,0,30607,-20576,-10031,0,0,0,0,1,0
6377,3320833,19422,-9711,-9711,0,31207,-15603,-15603,0,0,0,0,1,0
6378,3321354,19048,-6243,-12805,0,30607,-10031,-20576,0,0,0,0,1,0
6379,3321875,17942,-2535,-15407,0,28831,-4073,-24758,0,0,0,0,1,0
6380,3322395,16147,1270,-17417,0,25947,2041,-27988,0,0,0,0,1,0
6381,3322916,13731,5026,-18758,0,22066,8077,-30143,0,0,0,0,1,0
6382,3323437,10788,8589,-19377,0,17337,13802,-31140,0,0,0,0,1,0
6383,3323958,7431,11821,-19252,0,11942,18997,-30940,0,0,0,0,1,0
6384,3324479,3788,14599,-18387,0,6088,23462,-29551,0,0,0,0,1,0
6385,3325000,0,16815,-16815,0,0,27026,-27026,0,0,0,0,1,0
6386,3325520,-3788,18385,-14598,0,-6088,29551,-23462,0,0,0,0,1,0
6387,3326041,-7430,19249,-11819,0,-11942,30940,-18997,0,0,0,0,1,0
6388,3326562,-10786,19373,-8587,0,-17337,31140,-13802,0,0,0,0,1,0
6389,3327083,-13728,18752,-5025,0,-22066,30143,-8077,0,0,0,0,1,0
6390,3327604,-16141,17411,-1270,0,-25947,27988,-2041,0,0,0,0,1,0
6391,3328125,-17935,15401,2534,0,-28831,24758,4073,0,0,0,0,1,0
6392,3328645,-19039,12799,6240,0,-30607,20576,10031,0,0,0,0,1,0
6393,3329166,-19411,9705,9705,0,-31207,15603,15603,0,0,0,0,1,0
6394,3329687,-19037,6239,12798,0,-30607,10031,20576,0,0,0,0,1,0
6395,3330208,-17932,2533,15399,0,-28831,4073,24758,0,0,0,0,1,0
6396,3330729,-16138,-1269,17407,0,-25947,-2041,27988,0,0,0,0,1,0
6397,3331250,-13724,-5023,18747,0,-22066,-8077,30143,0,0,0,0,1,0
6398,3331770,-10782,-8584,19366,0,-17337,-13802,31140,0,0,0,0,1,0
6399,3332291,-7427,-11814,19241,0,-11942,-18997,30940,0,0,0,0,1,0
6400,3332812,-3786,-14590,18376,0,-6088,-23462,29551,0,0,0,0,1,0
6401,3333333,0,-16805,16805,0,0,-27026,27026,0,0,0,0,1,0
6402,3333854,3786,-18375,14589,0,6088,-29551,23462,0,0,0,0,1,0
6403,3334375,7426,-19238,11812,0,11942,-30940,18997,0,0,0,0,1,0
6404,3334895,10780,-19362,8582,0,17337,-31140,13802,0,0,0,0,1,0
6405,3335416,13720,-18741,5022,0,22066,-30143,8077,0,0,0,0,1,0
6406,3335937,16132,-17401,1269,0,25947,-27988,2041,0,0,0,0,1,0
6407,3336458,17924,-15392,-2532,0,28831,-24758,-4073,0,0,0,0,1,0
6408,3336979,19028,-12792,-6236,0,30607,-20576,-10031,0,0,0,0,1,0
6409,3337500,19400,-9700,-9700,0,31207,-15603,-15603,0,0,0,0,1,0
6410,3338020,19026,-6236,-12791,0,30607,-10031,-20576,0,0,0,0,1,0
6411,3338541,17922,-2532,-15390,0,28831,-4073,-24758,0,0,0,0,1,0
6412,3339062,16129,1269,-17397,0,25947,2041,-27988,0,0,0,0,1,0
6413,3339583,13716,5020,-18736,0,22066,8077,-30143,0,0,0,0,1,0
6414,3340104,10776,8579,-19355,0,17337,13802,-31140,0,0,0,0,1,0
6415,3340625,7422,11807,-19230,0,11942,18997,-30940,0,0,0,0,1,0
6416,3341145,3784,14582,-18366,0,6088,23462,-29551,0,0,0,0,1,0
6417,3341666,0,16796,-16796,0,0,27026,-27026,0,0,0,0,1,0
6418,3342187,-3783,18364,-14581,0,-6088,29551,-23462,0,0,0,0,1,0
6419,3342708,-7421,19227,-11806,0,-11942,30940,-18997,0,0,0,0,1,0
6420,3343229,-10774,19351,-8577,0,-17337,31140,-13802,0,0,0,0,1,0
6421,3343750,-13712,18731,-5019,0,-22066,30143,-8077,0,0,0,0,1,0
6422,3344270,-16123,17391,-1268,0,-25947,27988,-2041,0,0,0,0,1,0
6423,3344791,-17914,15383,2531,0,-28831,24758,4073,0,0,0,0,1,0
6424,3345312,-19017,12784,6232,0,-30607,20576,10031,0,0,0,0,1,0
6425,3345833,-19389,9694,9694,0,-31207,15603,15603,0,0,0,0,1,0
6426,3346354,-19015,6232,12783,0,-30607,10031,20576,0,0,0,0,1,0
6427,3346875,-17911,2531,15381,0,-28831,4073,24758,0,0,0,0,1,0
6428,3347395,-16119,-1268,17387,0,-25947,-2041,27988,0,0,0,0,1,0
6429,3347916,-13708,-5017,18725,0,-22066,-8077,30143,0,0,0,0,1,0
6430,3348437,-10770,-8574,19344,0,-17337,-13802,31140,0,0,0,0,1,0
6431,3348958,-7418,-11801,19219,0,-11942,-18997,30940,0,0,0,0,1,0
6432,3349479,-3782,-14573,18355,0,-6088,-23462,29551,0,0,0,0,1,0
6433,3350000,0,-16786,16786,0,0,-27026,27026,0,0,0,0,1,0
6434,3350520,3781,-18354,14572,0,6088,-29551,23462,0,0,0,0,1,0
6435,3351041,7417,-19216,11799,0,11942,-30940,18997,0,0,0,0,1,0
6436,3351562,10768,-19339,8572,0,17337,-31140,13802,0,0,0,0,1,0
6437,3352083,13704,-18720,5016,0,22066,-30143,8077,0,0,0,0,1,0
6438,3352604,16114,-17381,1267,0,25947,-27988,2041,0,0,0,0,1,0
6439,3353125,17904,-15374,-2529,0,28831,-24758,-4073,0,0,0,0,1,0
6440,3353645,19006,-12777,-6229,0,30607,-20576,-10031,0,0,0,0,1,0
6441,3354166,19378,-9689,-9689,0,31207,-15603,-15603,0,0,0,0,1,0
6442,3354687,19005,-6228,-12776,0,30607,-10031,-20576,0,0,0,0,1,0
6443,3355208,17901,-2529,-15372,0,28831,-4073,-24758,0,0,0,0,1,0
6444,3355729,16110,1267,-17377,0,25947,2041,-27988,0,0,0,0,1,0
6445,3356250,13700,5015,-18715,0,22066,8077,-30143,0,0,0,0,1,0
6446,3356770,10764,8569,-19333,0,17337,13802,-31140,0,0,0,0,1,0
6447,3357291,7414,11794,-19208,0,11942,18997,-30940,0,0,0,0,1,0
6448,3357812,3779,14565,-18345,0,6088,23462,-29551,0,0,0,0,1,0
6449,3358333,0,16777,-16777,0,0,27026,-27026,0,0,0,0,1,0
6450,3358854,-3779,18343,-14564,0,-6088,29551,-23462,0,0,0,0,1,0
6451,3359375,-7413,19205,-11792,0,-11942,30940,-18997,0,0,0,0,1,0
6452,3359895,-10761,19329,-8567,0,-17337,31140,-13802,0,0,0,0,1,0
6453,3360416,-13696,18709,-5013,0,-22066,30143,-8077,0,0,0,0,1,0
6454,3360937,-16104,17371,-1267,0,-25947,27988,-2041,0,0,0,0,1,0
6455,3361458,-17894,15366,2528,0,-28831,24758,4073,0,0,0,0,1,0
6456,3361979,-18995,12770,6225,0,-30607,20576,10031,0,0,0,0,1,0
6457,3362500,-19367,9683,9683,0,-31207,15603,15603,0,0,0,0,1,0
6458,3363020,-18994,6225,12769,0,-30607,10031,20576,0,0,0,0,1,0
6459,3363541,-17891,2528,15363,0,-28831,4073,24758,0,0,0,0,1,0
6460,3364062,-16101,-1266,17367,0,-25947,-2041,27988,0,0,0,0,1,0
6461,3364583,-13692,-5012,18704,0,-22066,-8077,30143,0,0,0,0,1,0
6462,3365104,-10758,-8564,19322,0,-17337,-13802,31140,0,0,0,0,1,0
6463,3365625,-7410,-11787,19197,0,-11942,-18997,30940,0,0,0,0,1,0
6464,3366145,-3777,-14557,18334,0,-6088,-23462,29551,0,0,0,0,1,0
6465,3366666,0,-16767,16767,0,0,-27026,27026,0,0,0,0,1,0
6466,3367187,3777,-18333,14556,0,6088,-29551,23462,0,0,0,0,1,0
6467,3367708,7409,-19194,11785,0,11942,-30940,18997,0,0,0,0,1,0
6468,3368229,10755,-19318,8562,0,17337,-31140,13802,0,0,0,0,1,0
6469,3368750,13688,-18699,5010,0,22066,-30143,8077,0,0,0,0,1,0
6470,3369270,16095,-17361,1266,0,25947,-27988,2041,0,0,0,0,1,0
6471,3369791,17884,-15357,-2527,0,28831,-24758,-4073,0,0,0,0,1,0
6472,3370312,18984,-12762,-6222,0,30607,-20576,-10031,0,0,0,0,1,0
6473,3370833,19356,-9678,-9678,0,31207,-15603,-15603,0,0,0,0,1,0
6474,3371354,18983,-6221,-12762,0,30607,-10031,-20576,0,0,0,0,1,0
6475,3371875,17881,-2526,-15355,0,28831,-4073,-24758,0,0,0,0,1,0
6476,3372395,16092,1266,-17358,0,25947,2041,-27988,0,0,0,0,1,0
6477,3372916,13685,5009,-18693,0,22066,8077,-30143,0,0,0,0,1,0
6478,3373437,10752,8559,-19311,0,17337,13802,-31140,0,0,0,0,1,0
6479,3373958,7406,11780,-19186,0,11942,18997,-30940,0,0,0,0,1,0
6480,3374479,3775,14549,-18324,0,6088,23462,-29551,0,0,0,0,1,0
6481,3375000,0,16758,-16758,0,0,27026,-27026,0,0,0,0,1,0
6482,3375520,-3775,18323,-14548,0,-6088,29551,-23462,0,0,0,0,1,0
6483,3376041,-7404,19183,-11779,0,-11942,30940,-18997,0,0,0,0,1,0
6484,3376562,-10749,19307,-8557,0,-17337,31140,-13802,0,0,0,0,1,0
6485,3377083,-13681,18688,-5007,0,-22066,30143,-8077,0,0,0,0,1,0
6486,3377604,-16086,17352,-1265,0,-25947,27988,-2041,0,0,0,0,1,0
6487,3378125,-17873,15348,2525,0,-28831,24758,4073,0,0,0,0,1,0
6488,3378645,-18974,12755,6218,0,-30607,20576,10031,0,0,0,0,1,0
6489,3379166,-19345,9672,9672,0,-31207,15603,15603,0,0,0,0,1,0
6490,3379687,-18972,6218,12754,0,-30607,10031,20576,0,0,0,0,1,0
6491,3380208,-17871,2525,15346,0,-28831,4073,24758,0,0,0,0,1,0
6492,3380729,-16083,-1265,17348,0,-25947,-2041,27988,0,0,0,0,1,0
6493,3381250,-13677,-5006,18683,0,-22066,-8077,30143,0,0,0,0,1,0
6494,3381770,-10745,-8554,19300,0,-17337,-13802,31140,0,0,0,0,1,0
6495,3382291,-7401,-11774,19175,0,-11942,-18997,30940,0,0,0,0,1,0
6496,3382812,-3773,-14541,18314,0,-6088,-23462,29551,0,0,0,0,1,0
6497,3383333,0,-16748,16748,0,0,-27026,27026,0,0,0,0,1,0
6498,3383854,3773,-18312,14540,0,6088,-29551,23462,0,0,0,0,1,0
6499,3384375,7400,-19173,11772,0,11942,-30940,18997,0,0,0,0,1,0
6500,3384895,10743,-19296,8553,0,17337,-31140,13802,0,0,0,0,1,0
6501,3385416,13673,-18678,5005,0,22066,-30143,8077,0,0,0,0,1,0
6502,3385937,16077,-17342,1265,0,25947,-27988,2041,0,0,0,0,1,0
6503,3386458,17863,-15340,-2524,0,28831,-24758,-4073,0,0,0,0,1,0
6504,3386979,18963,-12748,-6215,0,30607,-20576,-10031,0,0,0,0,1,0
6505,3387500,19334,-9667,-9667,0,31207,-15603,-15603,0,0,0,0,1,0
6506,3388020,18962,-6214,-12747,0,30607,-10031,-20576,0,0,0,0,1,0
6507,3388541,17861,-2523,-15338,0,28831,-4073,-24758,0,0,0,0,1,0
6508,3389062,16074,1264,-17338,0,25947,2041,-27988,0,0,0,0,1,0
6509,3389583,13669,5003,-18672,0,22066,8077,-30143,0,0,0,0,1,0
6510,3390104,10739,8550,-19289,0,17337,13802,-31140,0,0,0,0,1,0
6511,3390625,7397,11767,-19164,0,11942,18997,-30940,0,0,0,0,1,0
6512,3391145,3771,14532,-18303,0,6088,23462,-29551,0,0,0,0,1,0
6513,3391666,0,16739,-16739,0,0,27026,-27026,0,0,0,0,1,0
6514,3392187,-3771,18302,-14531,0,-6088,29551,-23462,0,0,0,0,1,0
6515,3392708,-7396,19162,-11766,0,-11942,30940,-18997,0,0,0,0,1,0
6516,3393229,-10737,19285,-8548,0,-17337,31140,-13802,0,0,0,0,1,0
6517,3393750,-13665,18667,-5002,0,-22066,30143,-8077,0,0,0,0,1,0
6518,3394270,-16068,17332,-1264,0,-25947,27988,-2041,0,0,0,0,1,0
6519,3394791,-17853,15331,2522,0,-28831,24758,4073,0,0,0,0,1,0
6520,3395312,-18952,12741,6211,0,-30607,20576,10031,0,0,0,0,1,0
6521,3395833,-19323,9662,9662,0,-31207,15603,15603,0,0,0,0,1,0
6522,3396354,-18951,6211,12740,0,-30607,10031,20576,0,0,0,0,1,0
6523,3396875,-17851,2522,15329,0,-28831,4073,24758,0,0,0,0,1,0
6524,3397395,-16065,-1264,17329,0,-25947,-2041,27988,0,0,0,0,1,0
6525,3397916,-13662,-5000,18662,0,-22066,-8077,30143,0,0,0,0,1,0
6526,3398437,-10733,-8545,19278,0,-17337,-13802,31140,0,0,0,0,1,0
6527,3398958,-7393,-11761,19154,0,-11942,-18997,30940,0,0,0,0,1,0
6528,3399479,-3769,-14524,18293,0,-6088,-23462,29551,0,0,0,0,1,0
6529,3400000,0,-16730,16730,0,0,-27026,27026,0,0,0,0,1,0
6530,3400520,3769,-18292,14523,0,6088,-29551,23462,0,0,0,0,1,0
6531,3401041,7392,-19151,11759,0,11942,-30940,18997,0,0,0,0,1,0
6532,3401562,10731,-19274,8543,0,17337,-31140,13802,0,0,0,0,1,0
6533,3402083,13658,-18657,4999,0,22066,-30143,8077,0,0,0,0,1,0
6534,3402604,16059,-17323,1263,0,25947,-27988,2041,0,0,0,0,1,0
6535,3403125,17844,-15323,-2521,0,28831,-24758,-4073,0,0,0,0,1,0
6536,3403645,18942,-12734,-6208,0,30607,-20576,-10031,0,0,0,0,1,0
6537,3404166,19312,-9656,-9656,0,31207,-15603,-15603,0,0,0,0,1,0
6538,3404687,18941,-6208,-12733,0,30607,-10031,-20576,0,0,0,0,1,0
6539,3405208,17841,-2521,-15320,0,28831,-4073,-24758,0,0,0,0,1,0
6540,3405729,16056,1263,-17319,0,25947,2041,-27988,0,0,0,0,1,0
6541,3406250,13654,4998,-18652,0,22066,8077,-30143,0,0,0,0,1,0
6542,3406770,10728,8540,-19268,0,17337,13802,-31140,0,0,0,0,1,0
6543,3407291,7389,11754,-19143,0,11942,18997,-30940,0,0,0,0,1,0
6544,3407812,3767,14516,-18283,0,6088,23462,-29551,0,0,0,0,1,0
6545,3408333,0,16720,-16720,0,0,27026,-27026,0,0,0,0,1,0
6546,3408854,-3766,18282,-14515,0,-6088,29551,-23462,0,0,0,0,1,0
6547,3409375,-7388,19141,-11753,0,-11942,30940,-18997,0,0,0,0,1,0
6548,3409895,-10725,19264,-8538,0,-17337,31140,-13802,0,0,0,0,1,0
6549,3410416,-13650,18647,-4996,0,-22066,30143,-8077,0,0,0,0,1,0
6550,3410937,-16050,17313,-1263,0,-25947,27988,-2041,0,0,0,0,1,0
6551,3411458,-17834,15314,2520,0,-28831,24758,4073,0,0,0,0,1,0
6552,3411979,-18931,12727,6205,0,-30607,20576,10031,0,0,0,0,1,0
6553,3412500,-19302,9651,9651,0,-31207,15603,15603,0,0,0,0,1,0
6554,3413020,-18930,6204,12726,0,-30607,10031,20576,0,0,0,0,1,0
6555,3413541,-17831,2519,15312,0,-28831,4073,24758,0,0,0,0,1,0
6556,3414062,-16047,-1262,17309,0,-25947,-2041,27988,0,0,0,0,1,0
6557,3414583,-13646,-4995,18641,0,-22066,-8077,30143,0,0,0,0,1,0
6558,3415104,-10722,-8535,19257,0,-17337,-13802,31140,0,0,0,0,1,0
6559,3415625,-7385,-11748,19133,0,-11942,-18997,30940,0,0,0,0,1,0
6560,3416145,-3765,-14508,18273,0,-6088,-23462,29551,0,0,0,0,1,0
6561,3416666,0,-16711,16711,0,0,-27026,27026,0,0,0,0,1,0
6562,3417187,3764,-18272,14507,0,6088,-29551,23462,0,0,0,0,1,0
6563,3417708,7384,-19130,11746,0,11942,-30940,18997,0,0,0,0,1,0
6564,3418229,10719,-19253,8534,0,17337,-31140,13802,0,0,0,0,1,0
6565,3418750,13643,-18636,4994,0,22066,-30143,8077,0,0,0,0,1,0
6566,3419270,16042,-17303,1262,0,25947,-27988,2041,0,0,0,0,1,0
6567,3419791,17824,-15306,-2518,0,28831,-24758,-4073,0,0,0,0,1,0
6568,3420312,18921,-12720,-6201,0,30607,-20576,-10031,0,0,0,0,1,0
6569,3420833,19291,-9646,-9646,0,31207,-15603,-15603,0,0,0,0,1,0
6570,3421354,18920,-6201,-12719,0,30607,-10031,-20576,0,0,0,0,1,0
6571,3421875,17821,-2518,-15304,0,28831,-4073,-24758,0,0,0,0,1,0
6572,3422395,16038,1262,-17300,0,25947,2041,-27988,0,0,0,0,1,0
6573,3422916,13639,4992,-18631,0,22066,8077,-30143,0,0,0,0,1,0
6574,3423437,10716,8531,-19246,0,17337,13802,-31140,0,0,0,0,1,0
6575,3423958,7381,11741,-19122,0,11942,18997,-30940,0,0,0,0,1,0
6576,3424479,3763,14500,-18263,0,6088,23462,-29551,0,0,0,0,1,0
6577,3425000,0,16702,-16702,0,0,27026,-27026,0,0,0,0,1,0
6578,3425520,-3762,18262,-14499,0,-6088,29551,-23462,0,0,0,0,1,0
6579,3426041,-7380,19119,-11740,0,-11942,30940,-18997,0,0,0,0,1,0
6580,3426562,-10713,19242,-8529,0,-17337,31140,-13802,0,0,0,0,1,0
6581,3427083,-13635,18626,-4991,0,-22066,30143,-8077,0,0,0,0,1,0
6582,3427604,-16033,17294,-1261,0,-25947,27988,-2041,0,0,0,0,1,0
6583,3428125,-17814,15297,2517,0,-28831,24758,4073,0,0,0,0,1,0
6584,3428645,-18911,12713,6198,0,-30607,20576,10031,0,0,0,0,1,0
6585,3429166,-19280,9640,9640,0,-31207,15603,15603,0,0,0,0,1,0
6586,3429687,-18909,6197,12712,0,-30607,10031,20576,0,0,0,0,1,0
6587,3430208,-17812,2516,15295,0,-28831,4073,24758,0,0,0,0,1,0
6588,3430729,-16029,-1261,17290,0,-25947,-2041,27988,0,0,0,0,1,0
6589,3431250,-13631,-4989,18621,0,-22066,-8077,30143,0,0,0,0,1,0
6590,3431770,-10710,-8526,19236,0,-17337,-13802,31140,0,0,0,0,1,0
6591,3432291,-7377,-11735,19112,0,-11942,-18997,30940,0,0,0,0,1,0
6592,3432812,-3761,-14492,18253,0,-6088,-23462,29551,0,0,0,0,1,0
6593,3433333,0,-16693,16693,0,0,-27026,27026,0,0,0,0,1,0
6594,3433854,3760,-18252,14491,0,6088,-29551,23462,0,0,0,0,1,0
6595,3434375,7376,-19109,11733,0,11942,-30940,18997,0,0,0,0,1,0
6596,3434895,10708,-19232,8524,0,17337,-31140,13802,0,0,0,0,1,0
6597,3435416,13628,-18616,4988,0,22066,-30143,8077,0,0,0,0,1,0
6598,3435937,16024,-17284,1260,0,25947,-27988,2041,0,0,0,0,1,0
6599,3436458,17804,-15289,-2515,0,28831,-24758,-4073,0,0,0,0,1,0
6600,3436979,18900,-12706,-6194,0,30607,-20576,-10031,0,0,0,0,1,0
6601,3437500,19270,-9635,-9635,0,31207,-15603,-15603,0,0,0,0,1,0
6602,3438020,18899,-6194,-12705,0,30607,-10031,-20576,0,0,0,0,1,0
6603,3438541,17802,-2515,-15287,0,28831,-4073,-24758,0,0,0,0,1,0
6604,3439062,16021,1260,-17281,0,25947,2041,-27988,0,0,0,0,1,0
6605,3439583,13624,4987,-18611,0,22066,8077,-30143,0,0,0,0,1,0
6606,3440104,10704,8521,-19225,0,17337,13802,-31140,0,0,0,0,1,0
6607,3440625,7373,11728,-19101,0,11942,18997,-30940,0,0,0,0,1,0
6608,3441145,3758,14484,-18243,0,6088,23462,-29551,0,0,0,0,1,0
6609,3441666,0,16684,-16684,0,0,27026,-27026,0,0,0,0,1,0
6610,3442187,-3758,18242,-14483,0,-6088,29551,-23462,0,0,0,0,1,0
6611,3442708,-7372,19099,-11727,0,-11942,30940,-18997,0,0,0,0,1,0
6612,3443229,-10702,19221,-8520,0,-17337,31140,-13802,0,0,0,0,1,0
6613,3443750,-13620,18606,-4985,0,-22066,30143,-8077,0,0,0,0,1,0
6614,3444270,-16015,17275,-1260,0,-25947,27988,-2041,0,0,0,0,1,0
6615,3444791,-17795,15281,2514,0,-28831,24758,4073,0,0,0,0,1,0
6616,3445312,-18890,12699,6191,0,-30607,20576,10031,0,0,0,0,1,0
6617,3445833,-19259,9630,9630,0,-31207,15603,15603,0,0,0,0,1,0
6618,3446354,-18889,6191,12698,0,-30607,10031,20576,0,0,0,0,1,0
6619,3446875,-17792,2514,15279,0,-28831,4073,24758,0,0,0,0,1,0
6620,3447395,-16012,-1259,17272,0,-25947,-2041,27988,0,0,0,0,1,0
6621,3447916,-13617,-4984,18601,0,-22066,-8077,30143,0,0,0,0,1,0
6622,3448437,-10698,-8517,19215,0,-17337,-13802,31140,0,0,0,0,1,0
6623,3448958,-7369,-11722,19091,0,-11942,-18997,30940,0,0,0,0,1,0
6624,3449479,-3756,-14477,18233,0,-6088,-23462,29551,0,0,0,0,1,0
6625,3450000,0,-16675,16675,0,0,-27026,27026,0,0,0,0,1,0
6626,3450520,3756,-18232,14476,0,6088,-29551,23462,0,0,0,0,1,0
6627,3451041,7368,-19088,11720,0,11942,-30940,18997,0,0,0,0,1,0
6628,3451562,10696,-19211,8515,0,17337,-31140,13802,0,0,0,0,1,0
6629,3452083,13613,-18596,4983,0,22066,-30143,8077,0,0,0,0,1,0
6630,3452604,16007,-17266,1259,0,25947,-27988,2041,0,0,0,0,1,0
6631,3453125,17785,-15272,-2513,0,28831,-24758,-4073,0,0,0,0,1,0
6632,3453645,18880,-12692,-6188,0,30607,-20576,-10031,0,0,0,0,1,0
6633,3454166,19249,-9625,-9625,0,31207,-15603,-15603,0,0,0,0,1,0
6634,3454687,18879,-6187,-12691,0,30607,-10031,-20576,0,0,0,0,1,0
6635,3455208,17783,-2512,-15270,0,28831,-4073,-24758,0,0,0,0,1,0
6636,3455729,16003,1259,-17262,0,25947,2041,-27988,0,0,0,0,1,0
6637,3456250,13609,4981,-18591,0,22066,8077,-30143,0,0,0,0,1,0
6638,3456770,10692,8512,-19205,0,17337,13802,-31140,0,0,0,0,1,0
6639,3457291,7365,11716,-19080,0,11942,18997,-30940,0,0,0,0,1,0
6640,3457812,3754,14469,-18223,0,6088,23462,-29551,0,0,0,0,1,0
6641,3458333,0,16666,-16666,0,0,27026,-27026,0,0,0,0,1,0
6642,3458854,-3754,18222,-14468,0,-6088,29551,-23462,0,0,0,0,1,0
6643,3459375,-7364,19078,-11714,0,-11942,30940,-18997,0,0,0,0,1,0
6644,3459895,-10690,19201,-8510,0,-17337,31140,-13802,0,0,0,0,1,0
6645,3460416,-13606,18586,-4980,0,-22066,30143,-8077,0,0,0,0,1,0
6646,3460937,-15998,17256,-1258,0,-25947,27988,-2041,0,0,0,0,1,0
6647,3461458,-17775,15264,2511,0,-28831,24758,4073,0,0,0,0,1,0
6648,3461979,-18870,12685,6184,0,-30607,20576,10031,0,0,0,0,1,0
6649,3462500,-19239,9619,9619,0,-31207,15603,15603,0,0,0,0,1,0
6650,3463020,-18868,6184,12684,0,-30607,10031,20576,0,0,0,0,1,0
6651,3463541,-17773,2511,15262,0,-28831,4073,24758,0,0,0,0,1,0
6652,3464062,-15995,-1258,17253,0,-25947,-2041,27988,0,0,0,0,1,0
6653,3464583,-13602,-4979,18581,0,-22066,-8077,30143,0,0,0,0,1,0
6654,3465104,-10687,-8508,19194,0,-17337,-13802,31140,0,0,0,0,1,0
6655,3465625,-7361,-11709,19070,0,-11942,-18997,30940,0,0,0,0,1,0
6656,3466145,-3752,-14461,18213,0,-6088,-23462,29551,0,0,0,0,1,0
6657,3466666,0,-16657,16657,0,0,-27026,27026,0,0,0,0,1,0
6658,3467187,3752,-18212,14460,0,6088,-29551,23462,0,0,0,0,1,0
6659,3467708,7360,-19068,11708,0,11942,-30940,18997,0,0,0,0,1,0
6660,3468229,10684,-19190,8506,0,17337,-31140,13802,0,0,0,0,1,0
6661,3468750,13598,-18576,4977,0,22066,-30143,8077,0,0,0,0,1,0
6662,3469270,15989,-17247,1258,0,25947,-27988,2041,0,0,0,0,1,0
6663,3469791,17766,-15256,-2510,0,28831,-24758,-4073,0,0,0,0,1,0
6664,3470312,18859,-12679,-6181,0,30607,-20576,-10031,0,0,0,0,1,0
6665,3470833,19228,-9614,-9614,0,31207,-15603,-15603,0,0,0,0,1,0
6666,3471354,18858,-6181,-12678,0,30607,-10031,-20576,0,0,0,0,1,0
6667,3471875,17763,-2510,-15254,0,28831,-4073,-24758,0,0,0,0,1,0
6668,3472395,15986,1257,-17244,0,25947,2041,-27988,0,0,0,0,1,0
6669,3472916,13595,4976,-18571,0,22066,8077,-30143,0,0,0,0,1,0
6670,3473437,10681,8503,-19184,0,17337,13802,-31140,0,0,0,0,1,0
6671,3473958,7357,11703,-19060,0,11942,18997,-30940,0,0,0,0,1,0
6672,3474479,3750,14453,-18204,0,6088,23462,-29551,0,0,0,0,1,0
6673,3475000,0,16648,-16648,0,0,27026,-27026,0,0,0,0,1,0
6674,3475520,-3750,18202,-14452,0,-6088,29551,-23462,0,0,0,0,1,0
6675,3476041,-7356,19057,-11702,0,-11942,30940,-18997,0,0,0,0,1,0
6676,3476562,-10679,19180,-8501,0,-17337,31140,-13802,0,0,0,0,1,0
6677,3477083,-13591,18566,-4975,0,-22066,30143,-8077,0,0,0,0,1,0
6678,3477604,-15981,17238,-1257,0,-25947,27988,-2041,0,0,0,0,1,0
6679,3478125,-17756,15248,2509,0,-28831,24758,4073,0,0,0,0,1,0
6680,3478645,-18849,12672,6178,0,-30607,20576,10031,0,0,0,0,1,0
6681,3479166,-19218,9609,9609,0,-31207,15603,15603,0,0,0,0,1,0
6682,3479687,-18848,6177,12671,0,-30607,10031,20576,0,0,0,0,1,0
6683,3480208,-17754,2508,15246,0,-28831,4073,24758,0,0,0,0,1,0
6684,3480729,-15978,-1257,17234,0,-25947,-2041,27988,0,0,0,0,1,0
6685,3481250,-13587,-4973,18561,0,-22066,-8077,30143,0,0,0,0,1,0
6686,3481770,-10675,-8498,19174,0,-17337,-13802,31140,0,0,0,0,1,0
6687,3482291,-7353,-11697,19050,0,-11942,-18997,30940,0,0,0,0,1,0
6688,3482812,-3748,-14445,18194,0,-6088,-23462,29551,0,0,0,0,1,0
6689,3483333,0,-16639,16639,0,0,-27026,27026,0,0,0,0,1,0
6690,3483854,3748,-18193,14445,0,6088,-29551,23462,0,0,0,0,1,0
6691,3484375,7352,-19047,11695,0,11942,-30940,18997,0,0,0,0,1,0
6692,3484895,10673,-19170,8497,0,17337,-31140,13802,0,0,0,0,1,0
6693,3485416,13584,-18556,4972,0,22066,-30143,8077,0,0,0,0,1,0
6694,3485937,15972,-17229,1256,0,25947,-27988,2041,0,0,0,0,1,0
6695,3486458,17747,-15240,-2507,0,28831,-24758,-4073,0,0,0,0,1,0
6696,3486979,18839,-12665,-6174,0,30607,-20576,-10031,0,0,0,0,1,0
6697,3487500,19208,-9604,-9604,0,31207,-15603,-15603,0,0,0,0,1,0
6698,3488020,18838,-6174,-12664,0,30607,-10031,-20576,0,0,0,0,1,0
6699,3488541,17744,-2507,-15238,0,28831,-4073,-24758,0,0,0,0,1,0
6700,3489062,15969,1256,-17225,0,25947,2041,-27988,0,0,0,0,1,0
6701,3489583,13580,4971,-18551,0,22066,8077,-30143,0,0,0,0,1,0
6702,3490104,10669,8494,-19163,0,17337,13802,-31140,0,0,0,0,1,0
6703,3490625,7349,11691,-19040,0,11942,18997,-30940,0,0,0,0,1,0
6704,3491145,3746,14438,-18184,0,6088,23462,-29551,0,0,0,0,1,0
6705,3491666,0,16630,-16630,0,0,27026,-27026,0,0,0,0,1,0
6706,3492187,-3746,18183,-14437,0,-6088,29551,-23462,0,0,0,0,1,0
6707,3492708,-7348,19037,-11689,0,-11942,30940,-18997,0,0,0,0,1,0
6708,3493229,-10667,19160,-8492,0,-17337,31140,-13802,0,0,0,0,1,0
6709,3493750,-13577,18546,-4969,0,-22066,30143,-8077,0,0,0,0,1,0
6710,3494270,-15964,17219,-1256,0,-25947,27988,-2041,0,0,0,0,1,0
6711,3494791,-17737,15231,2506,0,-28831,24758,4073,0,0,0,0,1,0
6712,3495312,-18829,12658,6171,0,-30607,20576,10031,0,0,0,0,1,0
6713,3495833,-19198,9599,9599,0,-31207,15603,15603,0,0,0,0,1,0
6714,3496354,-18828,6171,12657,0,-30607,10031,20576,0,0,0,0,1,0
6715,3496875,-17735,2506,15229,0,-28831,4073,24758,0,0,0,0,1,0
6716,3497395,-15961,-1255,17216,0,-25947,-2041,27988,0,0,0,0,1,0
6717,3497916,-13573,-4968,18541,0,-22066,-8077,30143,0,0,0,0,1,0
6718,3498437,-10664,-8489,19153,0,-17337,-13802,31140,0,0,0,0,1,0
6719,3498958,-7345,-11684,19030,0,-11942,-18997,30940,0,0,0,0,1,0
6720,3499479,-3744,-14430,18175,0,-6088,-23462,29551,0,0,0,0,1,0
6721,3500000,0,-16621,16621,0,0,-27026,27026,0,0,0,0,1,0
6722,3500520,3744,-18173,14429,0,6088,-29551,23462,0,0,0,0,1,0
6723,3501041,7344,-19027,11683,0,11942,-30940,18997,0,0,0,0,1,0
6724,3501562,10662,-19150,8488,0,17337,-31140,13802,0,0,0,0,1,0
6725,3502083,13569,-18536,4967,0,22066,-30143,8077,0,0,0,0,1,0
6726,3502604,15955,-17210,1255,0,25947,-27988,2041,0,0,0,0,1,0
6727,3503125,17728,-15223,-2505,0,28831,-24758,-4073,0,0,0,0,1,0
6728,3503645,18819,-12652,-6168,0,30607,-20576,-10031,0,0,0,0,1,0
6729,3504166,19187,-9594,-9594,0,31207,-15603,-15603,0,0,0,0,1,0
6730,3504687,18818,-6167,-12651,0,30607,-10031,-20576,0,0,0,0,1,0
6731,3505208,17726,-2504,-15221,0,28831,-4073,-24758,0,0,0,0,1,0
6732,3505729,15952,1255,-17207,0,25947,2041,-27988,0,0,0,0,1,0
6733,3506250,13566,4965,-18531,0,22066,8077,-30143,0,0,0,0,1,0
6734,3506770,10658,8485,-19143,0,17337,13802,-31140,0,0,0,0,1,0
6735,3507291,7341,11678,-19020,0,11942,18997,-30940,0,0,0,0,1,0
6736,3507812,3742,14423,-18165,0,6088,23462,-29551,0,0,0,0,1,0
6737,3508333,0,16612,-16612,0,0,27026,-27026,0,0,0,0,1,0
6738,3508854,-3742,18164,-14422,0,-6088,29551,-23462,0,0,0,0,1,0
6739,3509375,-7340,19017,-11677,0,-11942,30940,-18997,0,0,0,0,1,0
6740,3509895,-10656,19139,-8483,0,-17337,31140,-13802,0,0,0,0,1,0
6741,3510416,-13562,18526,-4964,0,-22066,30143,-8077,0,0,0,0,1,0
6742,3510937,-15947,17201,-1254,0,-25947,27988,-2041,0,0,0,0,1,0
6743,3511458,-17719,15215,2503,0,-28831,24758,4073,0,0,0,0,1,0
6744,3511979,-18809,12645,6165,0,-30607,20576,10031,0,0,0,0,1,0
6745,3512500,-19177,9589,9589,0,-31207,15603,15603,0,0,0,0,1,0
6746,3513020,-18808,6164,12644,0,-30607,10031,20576,0,0,0,0,1,0
6747,3513541,-17716,2503,15213,0,-28831,4073,24758,0,0,0,0,1,0
6748,3514062,-15944,-1254,17198,0,-25947,-2041,27988,0,0,0,0,1,0
6749,3514583,-13559,-4963,18521,0,-22066,-8077,30143,0,0,0,0,1,0
6750,3515104,-10653,-8481,19133,0,-17337,-13802,31140,0,0,0,0,1,0
6751,3515625,-7337,-11672,19010,0,-11942,-18997,30940,0,0,0,0,1,0
6752,3516145,-3740,-14415,18155,0,-6088,-23462,29551,0,0,0,0,1,0
6753,3516666,0,-16604,16604,0,0,-27026,27026,0,0,0,0,1,0
6754,3517187,3740,-18154,14414,0,6088,-29551,23462,0,0,0,0,1,0
6755,3517708,7336,-19007,11671,0,11942,-30940,18997,0,0,0,0,1,0
6756,3518229,10651,-19129,8479,0,17337,-31140,13802,0,0,0,0,1,0
6757,3518750,13555,-18517,4962,0,22066,-30143,8077,0,0,0,0,1,0
6758,3519270,15939,-17192,1254,0,25947,-27988,2041,0,0,0,0,1,0
6759,3519791,17709,-15207,-2502,0,28831,-24758,-4073,0,0,0,0,1,0
6760,3520312,18800,-12638,-6161,0,30607,-20576,-10031,0,0,0,0,1,0
6761,3520833,19167,-9584,-9584,0,31207,-15603,-15603,0,0,0,0,1,0
6762,3521354,18798,-6161,-12637,0,30607,-10031,-20576,0,0,0,0,1,0
6763,3521875,17707,-2502,-15205,0,28831,-4073,-24758,0,0,0,0,1,0
6764,3522395,15935,1253,-17189,0,25947,2041,-27988,0,0,0,0,1,0
6765,3522916,13552,4960,-18512,0,22066,8077,-30143,0,0,0,0,1,0
6766,3523437,10647,8476,-19123,0,17337,13802,-31140,0,0,0,0,1,0
6767,3523958,7334,11666,-19000,0,11942,18997,-30940,0,0,0,0,1,0
6768,3524479,3738,14407,-18146,0,6088,23462,-29551,0,0,0,0,1,0
6769,3525000,0,16595,-16595,0,0,27026,-27026,0,0,0,0,1,0
6770,3525520,-3738,18145,-14407,0,-6088,29551,-23462,0,0,0,0,1,0
6771,3526041,-7333,18997,-11665,0,-11942,30940,-18997,0,0,0,0,1,0
6772,3526562,-10645,19119,-8474,0,-17337,31140,-13802,0,0,0,0,1,0
6773,3527083,-13548,18507,-4959,0,-22066,30143,-8077,0,0,0,0,1,0
6774,3527604,-15930,17183,-1253,0,-25947,27988,-2041,0,0,0,0,1,0
6775,3528125,-17700,15199,2501,0,-28831,24758,4073,0,0,0,0,1,0
6776,3528645,-18790,12632,6158,0,-30607,20576,10031,0,0,0,0,1,0
6777,3529166,-19157,9579,9579,0,-31207,15603,15603,0,0,0,0,1,0
6778,3529687,-18789,6158,12631,0,-30607,10031,20576,0,0,0,0,1,0
6779,3530208,-17698,2500,15198,0,-28831,4073,24758,0,0,0,0,1,0
6780,3530729,-15927,-1253,17180,0,-25947,-2041,27988,0,0,0,0,1,0
6781,3531250,-13544,-4958,18502,0,-22066,-8077,30143,0,0,0,0,1,0
6782,3531770,-10641,-8472,19113,0,-17337,-13802,31140,0,0,0,0,1,0
6783,3532291,-7330,-11660,18990,0,-11942,-18997,30940,0,0,0,0,1,0
6784,3532812,-3737,-14400,18136,0,-6088,-23462,29551,0,0,0,0,1,0
6785,3533333,0,-16586,16586,0,0,-27026,27026,0,0,0,0,1,0
6786,3533854,3736,-18135,14399,0,6088,-29551,23462,0,0,0,0,1,0
6787,3534375,7329,-18987,11658,0,11942,-30940,18997,0,0,0,0,1,0
6788,3534895,10639,-19109,8470,0,17337,-31140,13802,0,0,0,0,1,0
6789,3535416,13541,-18497,4956,0,22066,-30143,8077,0,0,0,0,1,0
6790,3535937,15922,-17174,1252,0,25947,-27988,2041,0,0,0,0,1,0
6791,3536458,17691,-15192,-2499,0,28831,-24758,-4073,0,0,0,0,1,0
6792,3536979,18780,-12625,-6155,0,30607,-20576,-10031,0,0,0,0,1,0
6793,3537500,19147,-9574,-9574,0,31207,-15603,-15603,0,0,0,0,1,0
6794,3538020,18779,-6155,-12624,0,30607,-10031,-20576,0,0,0,0,1,0
6795,3538541,17689,-2499,-15190,0,28831,-4073,-24758,0,0,0,0,1,0
6796,3539062,15919,1252,-17171,0,25947,2041,-27988,0,0,0,0,1,0
6797,3539583,13537,4955,-18493,0,22066,8077,-30143,0,0,0,0,1,0
6798,3540104,10636,8467,-19103,0,17337,13802,-31140,0,0,0,0,1,0
6799,3540625,7326,11654,-18980,0,11942,18997,-30940,0,0,0,0,1,0
6800,3541145,3735,14392,-18127,0,6088,23462,-29551,0,0,0,0,1,0
6801,3541666,0,16578,-16578,0,0,27026,-27026,0,0,0,0,1,0
6802,3542187,-3734,18126,-14392,0,-6088,29551,-23462,0,0,0,0,1,0
6803,3542708,-7325,18977,-11652,0,-11942,30940,-18997,0,0,0,0,1,0
6804,3543229,-10634,19100,-8466,0,-17337,31140,-13802,0,0,0,0,1,0
6805,3543750,-13534,18488,-4954,0,-22066,30143,-8077,0,0,0,0,1,0
6806,3544270,-15914,17166,-1252,0,-25947,27988,-2041,0,0,0,0,1,0
6807,3544791,-17682,15184,2498,0,-28831,24758,4073,0,0,0,0,1,0
6808,3545312,-18770,12619,6152,0,-30607,20576,10031,0,0,0,0,1,0
6809,3545833,-19137,9569,9569,0,-31207,15603,15603,0,0,0,0,1,0
6810,3546354,-18769,6151,12618,0,-30607,10031,20576,0,0,0,0,1,0
6811,3546875,-17680,2498,15182,0,-28831,4073,24758,0,0,0,0,1,0
6812,3547395,-15911,-1252,17162,0,-25947,-2041,27988,0,0,0,0,1,0
6813,3547916,-13530,-4952,18483,0,-22066,-8077,30143,0,0,0,0,1,0
6814,3548437,-10630,-8463,19093,0,-17337,-13802,31140,0,0,0,0,1,0
6815,3548958,-7322,-11648,18970,0,-11942,-18997,30940,0,0,0,0,1,0
6816,3549479,-3733,-14385,18118,0,-6088,-23462,29551,0,0,0,0,1,0
6817,3550000,0,-16569,16569,0,0,-27026,27026,0,0,0,0,1,0
6818,3550520,3732,-18117,14384,0,6088,-29551,23462,0,0,0,0,1,0
6819,3551041,7321,-18968,11646,0,11942,-30940,18997,0,0,0,0,1,0
6820,3551562,10628,-19090,8461,0,17337,-31140,13802,0,0,0,0,1,0
6821,3552083,13527,-18478,4951,0,22066,-30143,8077,0,0,0,0,1,0
6822,3552604,15906,-17157,1251,0,25947,-27988,2041,0,0,0,0,1,0
6823,3553125,17673,-15176,-2497,0,28831,-24758,-4073,0,0,0,0,1,0
6824,3553645,18761,-12612,-6149,0,30607,-20576,-10031,0,0,0,0,1,0
6825,3554166,19128,-9564,-9564,0,31207,-15603,-15603,0,0,0,0,1,0
6826,3554687,18759,-6148,-12611,0,30607,-10031,-20576,0,0,0,0,1,0
6827,3555208,17670,-2496,-15174,0,28831,-4073,-24758,0,0,0,0,1,0
6828,3555729,15902,1251,-17153,0,25947,2041,-27988,0,0,0,0,1,0
6829,3556250,13524,4950,-18473,0,22066,8077,-30143,0,0,0,0,1,0
6830,3556770,10625,8459,-19084,0,17337,13802,-31140,0,0,0,0,1,0
6831,3557291,7318,11642,-18960,0,11942,18997,-30940,0,0,0,0,1,0
6832,3557812,3731,14378,-18108,0,6088,23462,-29551,0,0,0,0,1,0
6833,3558333,0,16561,-16561,0,0,27026,-27026,0,0,0,0,1,0
6834,3558854,-3731,18107,-14377,0,-6088,29551,-23462,0,0,0,0,1,0
6835,3559375,-7317,18958,-11640,0,-11942,30940,-18997,0,0,0,0,1,0
6836,3559895,-10623,19080,-8457,0,-17337,31140,-13802,0,0,0,0,1,0
6837,3560416,-13520,18469,-4949,0,-22066,30143,-8077,0,0,0,0,1,0
6838,3560937,-15897,17148,-1250,0,-25947,27988,-2041,0,0,0,0,1,0
6839,3561458,-17664,15168,2496,0,-28831,24758,4073,0,0,0,0,1,0
6840,3561979,-18751,12606,6145,0,-30607,20576,10031,0,0,0,0,1,0
6841,3562500,-19118,9559,9559,0,-31207,15603,15603,0,0,0,0,1,0
6842,3563020,-18750,6145,12605,0,-30607,10031,20576,0,0,0,0,1,0
6843,3563541,-17661,2495,15166,0,-28831,4073,24758,0,0,0,0,1,0
6844,3564062,-15894,-1250,17145,0,-25947,-2041,27988,0,0,0,0,1,0
6845,3564583,-13517,-4947,18464,0,-22066,-8077,30143,0,0,0,0,1,0
6846,3565104,-10620,-8454,19074,0,-17337,-13802,31140,0,0,0,0,1,0
6847,3565625,-7315,-11636,18951,0,-11942,-18997,30940,0,0,0,0,1,0
6848,3566145,-3729,-14370,18099,0,-6088,-23462,29551,0,0,0,0,1,0
6849,3566666,0,-16552,16552,0,0,-27026,27026,0,0,0,0,1,0
6850,3567187,3729,-18098,14369,0,6088,-29551,23462,0,0,0,0,1,0
6851,3567708,7314,-18948,11634,0,11942,-30940,18997,0,0,0,0,1,0
6852,3568229,10618,-19070,8453,0,17337,-31140,13802,0,0,0,0,1,0
6853,3568750,13513,-18459,4946,0,22066,-30143,8077,0,0,0,0,1,0
6854,3569270,15889,-17139,1250,0,25947,-27988,2041,0,0,0,0,1,0
6855,3569791,17655,-15160,-2494,0,28831,-24758,-4073,0,0,0,0,1,0
6856,3570312,18741,-12599,-6142,0,30607,-20576,-10031,0,0,0,0,1,0
6857,3570833,19108,-9554,-9554,0,31207,-15603,-15603,0,0,0,0,1,0
6858,3571354,18740,-6142,-12598,0,30607,-10031,-20576,0,0,0,0,1,0
6859,3571875,17652,-2494,-15158,0,28831,-4073,-24758,0,0,0,0,1,0
6860,3572395,15886,1250,-17136,0,25947,2041,-27988,0,0,0,0,1,0
6861,3572916,13510,4945,-18455,0,22066,8077,-30143,0,0,0,0,1,0
6862,3573437,10614,8450,-19064,0,17337,13802,-31140,0,0,0,0,1,0
6863,3573958,7311,11630,-18941,0,11942,18997,-30940,0,0,0,0,1,0
6864,3574479,3727,14363,-18090,0,6088,23462,-29551,0,0,0,0,1,0
6865,3575000,0,16544,-16544,0,0,27026,-27026,0,0,0,0,1,0
6866,3575520,-3727,18089,-14362,0,-6088,29551,-23462,0,0,0,0,1,0
6867,3576041,-7310,18939,-11629,0,-11942,30940,-18997,0,0,0,0,1,0
6868,3576562,-10612,19060,-8448,0,-17337,31140,-13802,0,0,0,0,1,0
6869,3577083,-13506,18450,-4944,0,-22066,30143,-8077,0,0,0,0,1,0
6870,3577604,-15881,17130,-1249,0,-25947,27988,-2041,0,0,0,0,1,0
6871,3578125,-17646,15153,2493,0,-28831,24758,4073,0,0,0,0,1,0
6872,3578645,-18732,12593,6139,0,-30607,20576,10031,0,0,0,0,1,0
6873,3579166,-19098,9549,9549,0,-31207,15603,15603,0,0,0,0,1,0
6874,3579687,-18731,6139,12592,0,-30607,10031,20576,0,0,0,0,1,0
6875,3580208,-17643,2493,15151,0,-28831,4073,24758,0,0,0,0,1,0
6876,3580729,-15878,-1249,17127,0,-25947,-2041,27988,0,0,0,0,1,0
6877,3581250,-13503,-4942,18445,0,-22066,-8077,30143,0,0,0,0,1,0
6878,3581770,-10609,-8446,19054,0,-17337,-13802,31140,0,0,0,0,1,0
6879,3582291,-7307,-11624,18931,0,-11942,-18997,30940,0,0,0,0,1,0
6880,3582812,-3725,-14356,18081,0,-6088,-23462,29551,0,0,0,0,1,0
6881,3583333,0,-16535,16535,0,0,-27026,27026,0,0,0,0,1,0
6882,3583854,3725,-18080,14355,0,6088,-29551,23462,0,0,0,0,1,0
6883,3584375,7306,-18929,11623,0,11942,-30940,18997,0,0,0,0,1,0
6884,3584895,10607,-19051,8444,0,17337,-31140,13802,0,0,0,0,1,0
6885,3585416,13499,-18441,4941,0,22066,-30143,8077,0,0,0,0,1,0
6886,3585937,15873,-17122,1249,0,25947,-27988,2041,0,0,0,0,1,0
6887,3586458,17637,-15145,-2492,0,28831,-24758,-4073,0,0,0,0,1,0
6888,3586979,18722,-12586,-6136,0,30607,-20576,-10031,0,0,0,0,1,0
6889,3587500,19089,-9544,-9544,0,31207,-15603,-15603,0,0,0,0,1,0
6890,3588020,18721,-6136,-12586,0,30607,-10031,-20576,0,0,0,0,1,0
6891,3588541,17634,-2491,-15143,0,28831,-4073,-24758,0,0,0,0,1,0
6892,3589062,15870,1248,-17118,0,25947,2041,-27988,0,0,0,0,1,0
6893,3589583,13496,4940,-18436,0,22066,8077,-30143,0,0,0,0,1,0
6894,3590104,10603,8441,-19045,0,17337,13802,-31140,0,0,0,0,1,0
6895,3590625,7304,11618,-18922,0,11942,18997,-30940,0,0,0,0,1,0
6896,3591145,3723,14348,-18072,0,6088,23462,-29551,0,0,0,0,1,0
6897,3591666,0,16527,-16527,0,0,27026,-27026,0,0,0,0,1,0
6898,3592187,-3723,18070,-14348,0,-6088,29551,-23462,0,0,0,0,1,0
6899,3592708,-7303,18919,-11617,0,-11942,30940,-18997,0,0,0,0,1,0
6900,3593229,-10601,19041,-8440,0,-17337,31140,-13802,0,0,0,0,1,0
6901,3593750,-13493,18431,-4939,0,-22066,30143,-8077,0,0,0,0,1,0
6902,3594270,-15865,17113,-1248,0,-25947,27988,-2041,0,0,0,0,1,0
6903,3594791,-17628,15137,2490,0,-28831,24758,4073,0,0,0,0,1,0
6904,3595312,-18713,12580,6133,0,-30607,20576,10031,0,0,0,0,1,0
6905,3595833,-19079,9539,9539,0,-31207,15603,15603,0,0,0,0,1,0
6906,3596354,-18712,6133,12579,0,-30607,10031,20576,0,0,0,0,1,0
6907,3596875,-17626,2490,15135,0,-28831,4073,24758,0,0,0,0,1,0
6908,3597395,-15862,-1248,17110,0,-25947,-2041,27988,0,0,0,0,1,0
6909,3597916,-13489,-4937,18427,0,-22066,-8077,30143,0,0,0,0,1,0
6910,3598437,-10598,-8437,19035,0,-17337,-13802,31140,0,0,0,0,1,0
6911,3598958,-7300,-11612,18912,0,-11942,-18997,30940,0,0,0,0,1,0
6912,3599479,-3721,-14341,18063,0,-6088,-23462,29551,0,0,0,0,1,0
6913,3600000,0,-16519,16519,0,0,-27026,27026,0,0,0,0,1,0
6914,3600520,3721,-18061,14340,0,6088,-29551,23462,0,0,0,0,1,0
6915,3601041,7299,-18910,11611,0,11942,-30940,18997,0,0,0,0,1,0
6916,3601562,10596,-19032,8436,0,17337,-31140,13802,0,0,0,0,1,0
6917,3602083,13486,-18422,4936,0,22066,-30143,8077,0,0,0,0,1,0
6918,3602604,15857,-17104,1247,0,25947,-27988,2041,0,0,0,0,1,0
6919,3603125,17619,-15130,-2489,0,28831,-24758,-4073,0,0,0,0,1,0
6920,3603645,18704,-12574,-6130,0,30607,-20576,-10031,0,0,0,0,1,0
6921,3604166,19069,-9535,-9535,0,31207,-15603,-15603,0,0,0,0,1,0
6922,3604687,18702,-6129,-12573,0,30607,-10031,-20576,0,0,0,0,1,0
6923,3605208,17617,-2489,-15128,0,28831,-4073,-24758,0,0,0,0,1,0
6924,3605729,15854,1247,-17101,0,25947,2041,-27988,0,0,0,0,1,0
6925,3606250,13482,4935,-18417,0,22066,8077,-30143,0,0,0,0,1,0
6926,3606770,10593,8433,-19026,0,17337,13802,-31140,0,0,0,0,1,0
6927,3607291,7296,11607,-18903,0,11942,18997,-30940,0,0,0,0,1,0
6928,3607812,3719,14334,-18053,0,6088,23462,-29551,0,0,0,0,1,0
6929,3608333,0,16510,-16510,0,0,27026,-27026,0,0,0,0,1,0
6930,3608854,-3719,18052,-14333,0,-6088,29551,-23462,0,0,0,0,1,0
6931,3609375,-7295,18900,-11605,0,-11942,30940,-18997,0,0,0,0,1,0
6932,3609895,-10591,19022,-8431,0,-17337,31140,-13802,0,0,0,0,1,0
6933,3610416,-13479,18413,-4934,0,-22066,30143,-8077,0,0,0,0,1,0
6934,3610937,-15849,17096,-1247,0,-25947,27988,-2041,0,0,0,0,1,0
6935,3611458,-17610,15122,2488,0,-28831,24758,4073,0,0,0,0,1,0
6936,3611979,-18694,12567,6127,0,-30607,20576,10031,0,0,0,0,1,0
6937,3612500,-19060,9530,9530,0,-31207,15603,15603,0,0,0,0,1,0
6938,3613020,-18693,6126,12567,0,-30607,10031,20576,0,0,0,0,1,0
6939,3613541,-17608,2488,15120,0,-28831,4073,24758,0,0,0,0,1,0
6940,3614062,-15846,-1246,17093,0,-25947,-2041,27988,0,0,0,0,1,0
6941,3614583,-13476,-4932,18408,0,-22066,-8077,30143,0,0,0,0,1,0
6942,3615104,-10587,-8429,19016,0,-17337,-13802,31140,0,0,0,0,1,0
6943,3615625,-7293,-11601,18893,0,-11942,-18997,30940,0,0,0,0,1,0
6944,3616145,-3718,-14327,18044,0,-6088,-23462,29551,0,0,0,0,1,0
6945,3616666,0,-16502,16502,0,0,-27026,27026,0,0,0,0,1,0
6946,3617187,3717,-18043,14326,0,6088,-29551,23462,0,0,0,0,1,0
6947,3617708,7292,-18891,11599,0,11942,-30940,18997,0,0,0,0,1,0
6948,3618229,10585,-19013,8427,0,17337,-31140,13802,0,0,0,0,1,0
6949,3618750,13472,-18404,4931,0,22066,-30143,8077,0,0,0,0,1,0
6950,3619270,15841,-17087,1246,0,25947,-27988,2041,0,0,0,0,1,0
6951,3619791,17601,-15115,-2487,0,28831,-24758,-4073,0,0,0,0,1,0
6952,3620312,18685,-12561,-6124,0,30607,-20576,-10031,0,0,0,0,1,0
6953,3620833,19050,-9525,-9525,0,31207,-15603,-15603,0,0,0,0,1,0
6954,3621354,18684,-6123,-12560,0,30607,-10031,-20576,0,0,0,0,1,0
6955,3621875,17599,-2486,-15113,0,28831,-4073,-24758,0,0,0,0,1,0
6956,3622395,15838,1246,-17084,0,25947,2041,-27988,0,0,0,0,1,0
6957,3622916,13469,4930,-18399,0,22066,8077,-30143,0,0,0,0,1,0
6958,3623437,10582,8424,-19007,0,17337,13802,-31140,0,0,0,0,1,0
6959,3623958,7289,11595,-18884,0,11942,18997,-30940,0,0,0,0,1,0
6960,3624479,3716,14320,-18035,0,6088,23462,-29551,0,0,0,0,1,0
6961,3625000,0,16494,-16494,0,0,27026,-27026,0,0,0,0,1,0
6962,3625520,-3716,18034,-14319,0,-6088,29551,-23462,0,0,0,0,1,0
6963,3626041,-7288,18882,-11594,0,-11942,30940,-18997,0,0,0,0,1,0
6964,3626562,-10580,19003,-8423,0,-17337,31140,-13802,0,0,0,0,1,0
6965,3627083,-13466,18394,-4929,0,-22066,30143,-8077,0,0,0,0,1,0
6966,3627604,-15833,17079,-1245,0,-25947,27988,-2041,0,0,0,0,1,0
6967,3628125,-17593,15107,2485,0,-28831,24758,4073,0,0,0,0,1,0
6968,3628645,-18676,12555,6121,0,-30607,20576,10031,0,0,0,0,1,0
6969,3629166,-19041,9520,9520,0,-31207,15603,15603,0,0,0,0,1,0
6970,3629687,-18675,6120,12554,0,-30607,10031,20576,0,0,0,0,1,0
6971,3630208,-17590,2485,15105,0,-28831,4073,24758,0,0,0,0,1,0
6972,3630729,-15831,-1245,17076,0,-25947,-2041,27988,0,0,0,0,1,0
6973,3631250,-13462,-4928,18390,0,-22066,-8077,30143,0,0,0,0,1,0
6974,3631770,-10577,-8420,18997,0,-17337,-13802,31140,0,0,0,0,1,0
6975,3632291,-7285,-11589,18875,0,-11942,-18997,30940,0,0,0,0,1,0
6976,3632812,-3714,-14313,18027,0,-6088,-23462,29551,0,0,0,0,1,0
6977,3633333,0,-16486,16486,0,0,-27026,27026,0,0,0,0,1,0
6978,3633854,3714,-18025,14312,0,6088,-29551,23462,0,0,0,0,1,0
6979,3634375,7284,-18872,11588,0,11942,-30940,18997,0,0,0,0,1,0
6980,3634895,10575,-18994,8419,0,17337,-31140,13802,0,0,0,0,1,0
6981,3635416,13459,-18385,4926,0,22066,-30143,8077,0,0,0,0,1,0
6982,3635937,15826,-17070,1245,0,25947,-27988,2041,0,0,0,0,1,0
6983,3636458,17584,-15100,-2484,0,28831,-24758,-4073,0,0,0,0,1,0
6984,3636979,18666,-12549,-6118,0,30607,-20576,-10031,0,0,0,0,1,0
6985,3637500,19032,-9516,-9516,0,31207,-15603,-15603,0,0,0,0,1,0
6986,3638020,18665,-6117,-12548,0,30607,-10031,-20576,0,0,0,0,1,0
6987,3638541,17582,-2484,-15098,0,28831,-4073,-24758,0,0,0,0,1,0
6988,3639062,15823,1245,-17067,0,25947,2041,-27988,0,0,0,0,1,0
6989,3639583,13456,4925,-18381,0,22066,8077,-30143,0,0,0,0,1,0
6990,3640104,10572,8416,-18988,0,17337,13802,-31140,0,0,0,0,1,0
6991,3640625,7282,11584,-18865,0,11942,18997,-30940,0,0,0,0,1,0
6992,3641145,3712,14306,-18018,0,6088,23462,-29551,0,0,0,0,1,0
6993,3641666,0,16478,-16478,0,0,27026,-27026,0,0,0,0,1,0
6994,3642187,-3712,18017,-14305,0,-6088,29551,-23462,0,0,0,0,1,0
6995,3642708,-7281,18863,-11582,0,-11942,30940,-18997,0,0,0,0,1,0
6996,3643229,-10570,18984,-8415,0,-17337,31140,-13802,0,0,0,0,1,0
6997,3643750,-13452,18376,-4924,0,-22066,30143,-8077,0,0,0,0,1,0
6998,3644270,-15818,17062,-1244,0,-25947,27988,-2041,0,0,0,0,1,0
6999,3644791,-17575,15092,2483,0,-28831,24758,4073,0,0,0,0,1,0
7000,3645312,-18657,12543,6115,0,-30607,20576,10031,0,0,0,0,1,0
7001,3645833,-19022,9511,9511,0,-31207,15603,15603,0,0,0,0,1,0
7002,3646354,-18656,6114,12542,0,-30607,10031,20576,0,0,0,0,1,0
7003,3646875,-17573,2483,15090,0,-28831,4073,24758,0,0,0,0,1,0
7004,3647395,-15815,-1244,17059,0,-25947,-2041,27988,0,0,0,0,1,0
7005,3647916,-13449,-4923,18372,0,-22066,-8077,30143,0,0,0,0,1,0
7006,3648437,-10567,-8412,18979,0,-17337,-13802,31140,0,0,0,0,1,0
7007,3648958,-7278,-11578,18856,0,-11942,-18997,30940,0,0,0,0,1,0
7008,3649479,-3710,-14299,18009,0,-6088,-23462,29551,0,0,0,0,1,0
7009,3650000,0,-16470,16470,0,0,-27026,27026,0,0,0,0,1,0
7010,3650520,3710,-18008,14298,0,6088,-29551,23462,0,0,0,0,1,0
7011,3651041,7277,-18854,11576,0,11942,-30940,18997,0,0,0,0,1,0
7012,3651562,10565,-18975,8410,0,17337,-31140,13802,0,0,0,0,1,0
7013,3652083,13446,-18367,4921,0,22066,-30143,8077,0,0,0,0,1,0
7014,3652604,15810,-17054,1244,0,25947,-27988,2041,0,0,0,0,1,0
7015,3653125,17567,-15085,-2482,0,28831,-24758,-4073,0,0,0,0,1,0
7016,3653645,18648,-12536,-6112,0,30607,-20576,-10031,0,0,0,0,1,0
7017,3654166,19013,-9506,-9506,0,31207,-15603,-15603,0,0,0,0,1,0
7018,3654687,18647,-6111,-12536,0,30607,-10031,-20576,0,0,0,0,1,0
7019,3655208,17565,-2482,-15083,0,28831,-4073,-24758,0,0,0,0,1,0
7020,3655729,15807,1243,-17051,0,25947,2041,-27988,0,0,0,0,1,0
7021,3656250,13442,4920,-18363,0,22066,8077,-30143,0,0,0,0,1,0
7022,3656770,10561,8408,-18969,0,17337,13802,-31140,0,0,0,0,1,0
7023,3657291,7275,11572,-18847,0,11942,18997,-30940,0,0,0,0,1,0
7024,3657812,3708,14292,-18000,0,6088,23462,-29551,0,0,0,0,1,0
7025,3658333,0,16462,-16462,0,0,27026,-27026,0,0,0,0,1,0
7026,3658854,-3708,17999,-14291,0,-6088,29551,-23462,0,0,0,0,1,0
7027,3659375,-7274,18844,-11571,0,-11942,30940,-18997,0,0,0,0,1,0
7028,3659895,-10559,18966,-8406,0,-17337,31140,-13802,0,0,0,0,1,0
7029,3660416,-13439,18358,-4919,0,-22066,30143,-8077,0,0,0,0,1,0
7030,3660937,-15802,17045,-1243,0,-25947,27988,-2041,0,0,0,0,1,0
7031,3661458,-17558,15077,2481,0,-28831,24758,4073,0,0,0,0,1,0
7032,3661979,-18639,12530,6109,0,-30607,20576,10031,0,0,0,0,1,0
7033,3662500,-19004,9502,9502,0,-31207,15603,15603,0,0,0,0,1,0
7034,3663020,-18638,6108,12530,0,-30607,10031,20576,0,0,0,0,1,0
7035,3663541,-17556,2480,15076,0,-28831,4073,24758,0,0,0,0,1,0
7036,3664062,-15799,-1243,17042,0,-25947,-2041,27988,0,0,0,0,1,0
7037,3664583,-13436,-4918,18354,0,-22066,-8077,30143,0,0,0,0,1,0
7038,3665104,-10556,-8404,18960,0,-17337,-13802,31140,0,0,0,0,1,0
7039,3665625,-7271,-11567,18838,0,-11942,-18997,30940,0,0,0,0,1,0
7040,3666145,-3707,-14285,17991,0,-6088,-23462,29551,0,0,0,0,1,0
7041,3666666,0,-16454,16454,0,0,-27026,27026,0,0,0,0,1,0
7042,3667187,3706,-17990,14284,0,6088,-29551,23462,0,0,0,0,1,0
7043,3667708,7270,-18835,11565,0,11942,-30940,18997,0,0,0,0,1,0
7044,3668229,10554,-18957,8402,0,17337,-31140,13802,0,0,0,0,1,0
7045,3668750,13433,-18349,4917,0,22066,-30143,8077,0,0,0,0,1,0
7046,3669270,15795,-17037,1242,0,25947,-27988,2041,0,0,0,0,1,0
7047,3669791,17550,-15070,-2479,0,28831,-24758,-4073,0,0,0,0,1,0
7048,3670312,18630,-12524,-6106,0,30607,-20576,-10031,0,0,0,0,1,0
7049,3670833,18994,-9497,-9497,0,31207,-15603,-15603,0,0,0,0,1,0
7050,3671354,18629,-6105,-12523,0,30607,-10031,-20576,0,0,0,0,1,0
7051,3671875,17547,-2479,-15068,0,28831,-4073,-24758,0,0,0,0,1,0
7052,3672395,15792,1242,-17034,0,25947,2041,-27988,0,0,0,0,1,0
7053,3672916,13429,4916,-18345,0,22066,8077,-30143,0,0,0,0,1,0
7054,3673437,10551,8400,-18951,0,17337,13802,-31140,0,0,0,0,1,0
7055,3673958,7268,11561,-18828,0,11942,18997,-30940,0,0,0,0,1,0
7056,3674479,3705,14278,-17983,0,6088,23462,-29551,0,0,0,0,1,0
7057,3675000,0,16446,-16446,0,0,27026,-27026,0,0,0,0,1,0
7058,3675520,-3705,17981,-14277,0,-6088,29551,-23462,0,0,0,0,1,0
7059,3676041,-7267,18826,-11560,0,-11942,30940,-18997,0,0,0,0,1,0
7060,3676562,-10549,18947,-8398,0,-17337,31140,-13802,0,0,0,0,1,0
7061,3677083,-13426,18341,-4914,0,-22066,30143,-8077,0,0,0,0,1,0
7062,3677604,-15787,17029,-1242,0,-25947,27988,-2041,0,0,0,0,1,0
7063,3678125,-17541,15063,2478,0,-28831,24758,4073,0,0,0,0,1,0
7064,3678645,-18621,12518,6103,0,-30607,20576,10031,0,0,0,0,1,0
7065,3679166,-18985,9493,9493,0,-31207,15603,15603,0,0,0,0,1,0
7066,3679687,-18620,6102,12517,0,-30607,10031,20576,0,0,0,0,1,0
7067,3680208,-17539,2478,15061,0,-28831,4073,24758,0,0,0,0,1,0
7068,3680729,-15784,-1242,17026,0,-25947,-2041,27988,0,0,0,0,1,0
7069,3681250,-13423,-4913,18336,0,-22066,-8077,30143,0,0,0,0,1,0
7070,3681770,-10546,-8396,18942,0,-17337,-13802,31140,0,0,0,0,1,0
7071,3682291,-7264,-11555,18819,0,-11942,-18997,30940,0,0,0,0,1,0
7072,3682812,-3703,-14271,17974,0,-6088,-23462,29551,0,0,0,0,1,0
7073,3683333,0,-16438,16438,0,0,-27026,27026,0,0,0,0,1,0
7074,3683854,3703,-17973,14270,0,6088,-29551,23462,0,0,0,0,1,0
7075,3684375,7263,-18817,11554,0,11942,-30940,18997,0,0,0,0,1,0
7076,3684895,10544,-18938,8394,0,17337,-31140,13802,0,0,0,0,1,0
7077,3685416,13420,-18332,4912,0,22066,-30143,8077,0,0,0,0,1,0
7078,3685937,15779,-17021,1241,0,25947,-27988,2041,0,0,0,0,1,0
7079,3686458,17533,-15056,-2477,0,28831,-24758,-4073,0,0,0,0,1,0
7080,3686979,18612,-12512,-6100,0,30607,-20576,-10031,0,0,0,0,1,0
7081,3687500,18976,-9488,-9488,0,31207,-15603,-15603,0,0,0,0,1,0
7082,3688020,18611,-6099,-12511,0,30607,-10031,-20576,0,0,0,0,1,0
7083,3688541,17531,-2477,-15054,0,28831,-4073,-24758,0,0,0,0,1,0
7084,3689062,15777,1241,-17018,0,25947,2041,-27988,0,0,0,0,1,0
7085,3689583,13416,4911,-18327,0,22066,8077,-30143,0,0,0,0,1,0
7086,3690104,10541,8392,-18933,0,17337,13802,-31140,0,0,0,0,1,0
7087,3690625,7261,11550,-18810,0,11942,18997,-30940,0,0,0,0,1,0
7088,3691145,3701,14264,-17965,0,6088,23462,-29551,0,0,0,0,1,0
7089,3691666,0,16430,-16430,0,0,27026,-27026,0,0,0,0,1,0
7090,3692187,-3701,17964,-14263,0,-6088,29551,-23462,0,0,0,0,1,0
7091,3692708,-7260,18808,-11548,0,-11942,30940,-18997,0,0,0,0,1,0
7092,3693229,-10539,18929,-8390,0,-17337,31140,-13802,0,0,0,0,1,0
7093,3693750,-13413,18323,-4910,0,-22066,30143,-8077,0,0,0,0,1,0
7094,3694270,-15772,17012,-1241,0,-25947,27988,-2041,0,0,0,0,1,0
7095,3694791,-17524,15048,2476,0,-28831,24758,4073,0,0,0,0,1,0
7096,3695312,-18603,12506,6097,0,-30607,20576,10031,0,0,0,0,1,0
7097,3695833,-18967,9483,9483,0,-31207,15603,15603,0,0,0,0,1,0
7098,3696354,-18602,6097,12505,0,-30607,10031,20576,0,0,0,0,1,0
7099,3696875,-17522,2476,15047,0,-28831,4073,24758,0,0,0,0,1,0
7100,3697395,-15769,-1240,17009,0,-25947,-2041,27988,0,0,0,0,1,0
7101,3697916,-13410,-4908,18319,0,-22066,-8077,30143,0,0,0,0,1,0
7102,3698437,-10536,-8388,18924,0,-17337,-13802,31140,0,0,0,0,1,0
7103,3698958,-7257,-11544,18801,0,-11942,-18997,30940,0,0,0,0,1,0
7104,3699479,-3700,-14257,17957,0,-6088,-23462,29551,0,0,0,0,1,0
7105,3700000,0,-16422,16422,0,0,-27026,27026,0,0,0,0,1,0
7106,3700520,3699,-17956,14256,0,6088,-29551,23462,0,0,0,0,1,0
7107,3701041,7256,-18799,11543,0,11942,-30940,18997,0,0,0,0,1,0
7108,3701562,10534,-18920,8386,0,17337,-31140,13802,0,0,0,0,1,0
7109,3702083,13407,-18314,4907,0,22066,-30143,8077,0,0,0,0,1,0
7110,3702604,15764,-17004,1240,0,25947,-27988,2041,0,0,0,0,1,0
7111,3703125,17516,-15041,-2475,0,28831,-24758,-4073,0,0,0,0,1,0
7112,3703645,18594,-12500,-6094,0,30607,-20576,-10031,0,0,0,0,1,0
7113,3704166,18958,-9479,-9479,0,31207,-15603,-15603,0,0,0,0,1,0
7114,3704687,18593,-6094,-12499,0,30607,-10031,-20576,0,0,0,0,1,0
7115,3705208,17514,-2474,-15039,0,28831,-4073,-24758,0,0,0,0,1,0
7116,3705729,15762,1240,-17001,0,25947,2041,-27988,0,0,0,0,1,0
7117,3706250,13404,4906,-18310,0,22066,8077,-30143,0,0,0,0,1,0
7118,3706770,10531,8384,-18915,0,17337,13802,-31140,0,0,0,0,1,0
7119,3707291,7254,11539,-18792,0,11942,18997,-30940,0,0,0,0,1,0
7120,3707812,3698,14250,-17948,0,6088,23462,-29551,0,0,0,0,1,0
7121,3708333,0,16414,-16414,0,0,27026,-27026,0,0,0,0,1,0
7122,3708854,-3698,17947,-14250,0,-6088,29551,-23462,0,0,0,0,1,0
7123,3709375,-7253,18790,-11537,0,-11942,30940,-18997,0,0,0,0,1,0
7124,3709895,-10529,18911,-8382,0,-17337,31140,-13802,0,0,0,0,1,0
7125,3710416,-13400,18305,-4905,0,-22066,30143,-8077,0,0,0,0,1,0
7126,3710937,-15757,16996,-1239,0,-25947,27988,-2041,0,0,0,0,1,0
7127,3711458,-17508,15034,2473,0,-28831,24758,4073,0,0,0,0,1,0
7128,3711979,-18585,12494,6091,0,-30607,20576,10031,0,0,0,0,1,0
7129,3712500,-18949,9474,9474,0,-31207,15603,15603,0,0,0,0,1,0
7130,3713020,-18584,6091,12494,0,-30607,10031,20576,0,0,0,0,1,0
7131,3713541,-17505,2473,15032,0,-28831,4073,24758,0,0,0,0,1,0
7132,3714062,-15754,-1239,16993,0,-25947,-2041,27988,0,0,0,0,1,0
7133,3714583,-13397,-4904,18301,0,-22066,-8077,30143,0,0,0,0,1,0
7134,3715104,-10526,-8380,18906,0,-17337,-13802,31140,0,0,0,0,1,0
7135,3715625,-7250,-11533,18783,0,-11942,-18997,30940,0,0,0,0,1,0
7136,3716145,-3696,-14244,17940,0,-6088,-23462,29551,0,0,0,0,1,0
7137,3716666,0,-16406,16406,0,0,-27026,27026,0,0,0,0,1,0
7138,3717187,3696,-17939,14243,0,6088,-29551,23462,0,0,0,0,1,0
7139,3717708,7249,-18781,11532,0,11942,-30940,18997,0,0,0,0,1,0
7140,3718229,10524,-18902,8378,0,17337,-31140,13802,0,0,0,0,1,0
7141,3718750,13394,-18297,4903,0,22066,-30143,8077,0,0,0,0,1,0
7142,3719270,15749,-16988,1239,0,25947,-27988,2041,0,0,0,0,1,0
7143,3719791,17499,-15027,-2472,0,28831,-24758,-4073,0,0,0,0,1,0
7144,3720312,18577,-12488,-6088,0,30607,-20576,-10031,0,0,0,0,1,0
7145,3720833,18940,-9470,-9470,0,31207,-15603,-15603,0,0,0,0,1,0
7146,3721354,18575,-6088,-12488,0,30607,-10031,-20576,0,0,0,0,1,0
7147,3721875,17497,-2472,-15025,0,28831,-4073,-24758,0,0,0,0,1,0
7148,3722395,15747,1239,-16985,0,25947,2041,-27988,0,0,0,0,1,0
7149,3722916,13391,4901,-18292,0,22066,8077,-30143,0,0,0,0,1,0
7150,3723437,10521,8376,-18897,0,17337,13802,-31140,0,0,0,0,1,0
7151,3723958,7247,11528,-18775,0,11942,18997,-30940,0,0,0,0,1,0
7152,3724479,3694,14237,-17931,0,6088,23462,-29551,0,0,0,0,1,0
7153,3725000,0,16399,-16399,0,0,27026,-27026,0,0,0,0,1,0
7154,3725520,-3694,17930,-14236,0,-6088,29551,-23462,0,0,0,0,1,0
7155,3726041,-7246,18772,-11527,0,-11942,30940,-18997,0,0,0,0,1,0
7156,3726562,-10519,18893,-8374,0,-17337,31140,-13802,0,0,0,0,1,0
7157,3727083,-13388,18288,-4900,0,-22066,30143,-8077,0,0,0,0,1,0
7158,3727604,-15742,16980,-1238,0,-25947,27988,-2041,0,0,0,0,1,0
7159,3728125,-17491,15020,2471,0,-28831,24758,4073,0,0,0,0,1,0
7160,3728645,-18568,12482,6085,0,-30607,20576,10031,0,0,0,0,1,0
7161,3729166,-18931,9466,9466,0,-31207,15603,15603,0,0,0,0,1,0
7162,3729687,-18567,6085,12482,0,-30607,10031,20576,0,0,0,0,1,0
7163,3730208,-17489,2471,15018,0,-28831,4073,24758,0,0,0,0,1,0
7164,3730729,-15739,-1238,16977,0,-25947,-2041,27988,0,0,0,0,1,0
7165,3731250,-13385,-4899,18284,0,-22066,-8077,30143,0,0,0,0,1,0
7166,3731770,-10516,-8372,18888,0,-17337,-13802,31140,0,0,0,0,1,0
7167,3732291,-7243,-11522,18766,0,-11942,-18997,30940,0,0,0,0,1,0
7168,3732812,-3693,-14230,17923,0,-6088,-23462,29551,0,0,0,0,1,0
7169,3733333,0,-16391,16391,0,0,-27026,27026,0,0,0,0,1,0
7170,3733854,3692,-17922,14229,0,6088,-29551,23462,0,0,0,0,1,0
7171,3734375,7242,-18764,11521,0,11942,-30940,18997,0,0,0,0,1,0
