1,0,0,-278,278,0,0,-25024,25024,0,0,0,0,1,0
2,520,63,-304,242,0,5637,-27362,21724,0,0,0,0,1,0
3,1041,123,-319,196,0,11058,-28648,17590,0,0,0,0,1,0
4,1562,179,-321,142,0,16053,-28833,12780,0,0,0,0,1,0
5,2083,227,-310,83,0,20432,-27910,7479,0,0,0,0,1,0
6,2604,267,-288,21,0,24025,-25915,1890,0,0,0,0,1,0
7,3125,297,-255,-42,0,26696,-22924,-3772,0,0,0,0,1,0
8,3645,315,-212,-103,0,28340,-19052,-9288,0,0,0,0,1,0
9,4166,321,-161,-161,0,28895,-14448,-14448,0,0,0,0,1,0
10,4687,315,-103,-212,0,28340,-9288,-19052,0,0,0,0,1,0
11,5208,297,-42,-255,0,26696,-3772,-22924,0,0,0,0,1,0
12,5729,267,21,-288,0,24025,1890,-25915,0,0,0,0,1,0
13,6250,227,83,-310,0,20432,7479,-27910,0,0,0,0,1,0
14,6770,179,142,-321,0,16053,12780,-28833,0,0,0,0,1,0
15,7291,123,196,-319,0,11058,17590,-28648,0,0,0,0,1,0
16,7812,63,242,-304,0,5637,21724,-27362,0,0,0,0,1,0
17,8333,0,278,-278,0,0,25024,-25024,0,0,0,0,1,0
18,8854,-63,304,-242,0,-5637,27362,-21724,0,0,0,0,1,0
19,9375,-123,319,-196,0,-11058,28648,-17590,0,0,0,0,1,0
20,9895,-179,321,-142,0,-16053,28833,-12780,0,0,0,0,1,0
21,10416,-227,310,-83,0,-20432,27910,-7479,0,0,0,0,1,0
22,10937,-267,288,-21,0,-24025,25915,-1890,0,0,0,0,1,0
23,11458,-297,255,42,0,-26696,22924,3772,0,0,0,0,1,0
24,11979,-315,212,103,0,-28340,19052,9288,0,0,0,0,1,0
25,12500,-321,161,161,0,-28895,14448,14448,0,0,0,0,1,0
26,13020,-315,103,212,0,-28340,9288,19052,0,0,0,0,1,0
27,13541,-297,42,255,0,-26696,3772,22924,0,0,0,0,1,0
28,14062,-267,-21,288,0,-24025,-1890,25915,0,0,0,0,1,0
29,14583,-227,-83,310,0,-20432,-7479,27910,0,0,0,0,1,0
30,15104,-179,-142,321,0,-16053,-12780,28833,0,0,0,0,1,0
31,15625,-123,-196,319,0,-11058,-17590,28648,0,0,0,0,1,0
32,16145,-63,-242,304,0,-5637,-21724,27362,0,0,0,0,1,0
33,16666,0,-278,278,0,0,-25024,25024,0,0,0,0,1,0
34,17187,63,-304,242,0,5637,-27362,21724,0,0,0,0,1,0
35,17708,123,-319,196,0,11058,-28648,17590,0,0,0,0,1,0
36,18229,179,-321,142,0,16053,-28833,12780,0,0,0,0,1,0
37,18750,227,-310,83,0,20432,-27910,7479,0,0,0,0,1,0
38,19270,267,-288,21,0,24025,-25915,1890,0,0,0,0,1,0
39,19791,297,-255,-42,0,26696,-22924,-3772,0,0,0,0,1,0
40,20312,315,-212,-103,0,28340,-19052,-9288,0,0,0,0,1,0
41,20833,321,-161,-161,0,28895,-14448,-14448,0,0,0,0,1,0
42,21354,315,-103,-212,0,28340,-9288,-19052,0,0,0,0,1,0
43,21875,297,-42,-255,0,26696,-3772,-22924,0,0,0,0,1,0
44,22395,267,21,-288,0,24025,1890,-25915,0,0,0,0,1,0
45,22916,227,83,-310,0,20432,7479,-27910,0,0,0,0,1,0
46,23437,179,142,-321,0,16053,12780,-28833,0,0,0,0,1,0
47,23958,123,196,-319,0,11058,17590,-28648,0,0,0,0,1,0
48,24479,63,242,-304,0,5637,21724,-27362,0,0,0,0,1,0
49,25000,0,278,-278,0,0,25024,-25024,0,0,0,0,1,0
50,25520,-63,304,-242,0,-5637,27362,-21724,0,0,0,0,1,0
51,26041,-123,319,-196,0,-11058,28648,-17590,0,0,0,0,1,0
52,26562,-179,321,-142,0,-16053,28833,-12780,0,0,0,0,1,0
53,27083,-227,310,-83,0,-20432,27910,-7479,0,0,0,0,1,0
54,27604,-267,288,-21,0,-24025,25915,-1890,0,0,0,0,1,0
55,28125,-297,255,42,0,-26696,22924,3772,0,0,0,0,1,0
56,28645,-315,212,103,0,-28340,19052,9288,0,0,0,0,1,0
57,29166,-321,161,161,0,-28895,14448,14448,0,0,0,0,1,0
58,29687,-315,103,212,0,-28340,9288,19052,0,0,0,0,1,0
59,30208,-297,42,255,0,-26696,3772,22924,0,0,0,0,1,0
60,30729,-267,-21,288,0,-24025,-1890,25915,0,0,0,0,1,0
61,31250,-227,-83,310,0,-20432,-7479,27910,0,0,0,0,1,0
62,31770,-179,-142,321,0,-16053,-12780,28833,0,0,0,0,1,0
63,32291,-123,-196,319,0,-11058,-17590,28648,0,0,0,0,1,0
64,32812,-63,-242,304,0,-5637,-21724,27362,0,0,0,0,1,0
65,33333,0,-278,278,0,0,-25024,25024,0,0,0,0,1,0
66,33854,63,-304,242,0,5637,-27362,21724,0,0,0,0,1,0
67,34375,123,-319,196,0,11058,-28648,17590,0,0,0,0,1,0
68,34895,179,-321,142,0,16053,-28833,12780,0,0,0,0,1,0
69,35416,227,-310,83,0,20432,-27910,7479,0,0,0,0,1,0
70,35937,267,-288,21,0,24025,-25915,1890,0,0,0,0,1,0
71,36458,297,-255,-42,0,26696,-22924,-3772,0,0,0,0,1,0
72,36979,315,-212,-103,0,28340,-19052,-9288,0,0,0,0,1,0
73,37500,321,-161,-161,0,28895,-14448,-14448,0,0,0,0,1,0
74,38020,315,-103,-212,0,28340,-9288,-19052,0,0,0,0,1,0
75,38541,297,-42,-255,0,26696,-3772,-22924,0,0,0,0,1,0
76,39062,267,21,-288,0,24025,1890,-25915,0,0,0,0,1,0
77,39583,227,83,-310,0,20432,7479,-27910,0,0,0,0,1,0
78,40104,179,142,-321,0,16053,12780,-28833,0,0,0,0,1,0
79,40625,123,196,-319,0,11058,17590,-28648,0,0,0,0,1,0
80,41145,63,242,-304,0,5637,21724,-27362,0,0,0,0,1,0
81,41666,0,278,-278,0,0,25024,-25024,0,0,0,0,1,0
82,42187,-63,304,-242,0,-5637,27362,-21724,0,0,0,0,1,0
83,42708,-123,319,-196,0,-11058,28648,-17590,0,0,0,0,1,0
84,43229,-179,321,-142,0,-16053,28833,-12780,0,0,0,0,1,0
85,43750,-227,310,-83,0,-20432,27910,-7479,0,0,0,0,1,0
86,44270,-267,288,-21,0,-24025,25915,-1890,0,0,0,0,1,0
87,44791,-297,255,42,0,-26696,22924,3772,0,0,0,0,1,0
88,45312,-315,212,103,0,-28340,19052,9288,0,0,0,0,1,0
89,45833,-321,161,161,0,-28895,14448,14448,0,0,0,0,1,0
90,46354,-315,103,212,0,-28340,9288,19052,0,0,0,0,1,0
91,46875,-297,42,255,0,-26696,3772,22924,0,0,0,0,1,0
92,47395,-267,-21,288,0,-24025,-1890,25915,0,0,0,0,1,0
93,47916,-227,-83,310,0,-20432,-7479,27910,0,0,0,0,1,0
94,48437,-179,-142,321,0,-16053,-12780,28833,0,0,0,0,1,0
95,48958,-123,-196,319,0,-11058,-17590,28648,0,0,0,0,1,0
96,49479,-63,-242,304,0,-5637,-21724,27362,0,0,0,0,1,0
97,50000,0,-5243,278,-4964,0,-2502,27026,0,0,1,0,1,0
98,50520,63,-6404,242,-6100,6088,-2736,23462,0,0,1,0,1,0
99,51041,123,-6763,196,-6445,11942,-2865,18997,0,0,1,0,1,0
100,51562,179,-6317,142,-5996,17337,-2883,13802,0,0,1,0,1,0
101,52083,227,-5093,83,-4782,22066,-2791,8077,0,0,1,0,1,0
102,52604,267,-3148,21,-2860,25947,-2592,2041,0,0,1,0,1,0
103,53125,297,-569,-42,-314,28831,-2292,-4073,0,0,1,0,1,0
104,53645,315,2537,-103,2749,30607,-1905,-10031,0,0,1,0,1,0
105,54166,321,6040,-161,6200,31207,-1445,-15603,0,0,1,0,1,0
106,54687,315,9795,-212,9899,30607,-929,-20576,0,0,1,0,1,0
107,55208,297,13650,-255,13692,28831,-377,-24758,0,0,1,0,1,0
108,55729,267,17446,-288,17425,25947,189,-27988,0,0,1,0,1,0
109,56250,227,21029,-310,20946,22066,748,-30143,0,0,1,0,1,0
110,56770,179,24253,-321,24110,17337,1278,-31140,0,0,1,0,1,0
111,57291,123,26983,-319,26788,11942,1759,-30940,0,0,1,0,1,0
112,57812,63,29108,-304,28867,6088,2172,-29551,0,0,1,0,1,0
113,58333,0,30537,-278,30259,0,2502,-27026,0,0,1,0,1,0
114,58854,-63,31207,-242,30902,-6088,2736,-23462,0,0,1,0,1,0
115,59375,-123,31083,-196,30765,-11942,2865,-18997,0,0,1,0,1,0
116,59895,-179,30164,-142,29844,-17337,2883,-13802,0,0,1,0,1,0
117,60416,-227,28477,-83,28166,-22066,2791,-8077,0,0,1,0,1,0
118,60937,-267,26078,-21,25789,-25947,2592,-2041,0,0,1,0,1,0
119,61458,-297,23052,42,22797,-28831,2292,4073,0,0,1,0,1,0
120,61979,-315,19509,103,19297,-30607,1905,10031,0,0,1,0,1,0
121,62500,-321,15578,161,15417,-31207,1445,15603,0,0,1,0,1,0
122,63020,-315,11402,212,11298,-30607,929,20576,0,0,1,0,1,0
123,63541,-297,7135,255,7093,-28831,377,24758,0,0,1,0,1,0
124,64062,-267,2934,288,2955,-25947,-189,27988,0,0,1,0,1,0
125,64583,-227,-1045,310,-962,-22066,-748,30143,0,0,1,0,1,0
126,65104,-179,-4657,321,-4514,-17337,-1278,31140,0,0,1,0,1,0
127,65625,-123,-7768,319,-7573,-11942,-1759,30940,0,0,1,0,1,0
128,66145,-63,-10267,304,-10025,-6088,-2172,29551,0,0,1,0,1,0
129,66666,0,-12062,278,-11784,0,-2502,27026,0,0,1,0,1,0
130,67187,63,-13091,242,-12787,6088,-2736,23462,0,0,1,0,1,0
131,67708,123,-13320,196,-13001,11942,-2865,18997,0,0,1,0,1,0
132,68229,179,-12746,142,-12425,17337,-2883,13802,0,0,1,0,1,0
133,68750,227,-11397,83,-11087,22066,-2791,8077,0,0,1,0,1,0
134,69270,267,-9330,21,-9042,25947,-2592,2041,0,0,1,0,1,0
135,69791,297,-6630,-42,-6375,28831,-2292,-4073,0,0,1,0,1,0
136,70312,315,-3407,-103,-3195,30607,-1905,-10031,0,0,1,0,1,0
137,70833,321,212,-161,372,31207,-1445,-15603,0,0,1,0,1,0
138,71354,315,4081,-212,4184,30607,-929,-20576,0,0,1,0,1,0
139,71875,297,8046,-255,8088,28831,-377,-24758,0,0,1,0,1,0
140,72395,267,11952,-288,11931,25947,189,-27988,0,0,1,0,1,0
141,72916,227,15642,-310,15558,22066,748,-30143,0,0,1,0,1,0
142,73437,179,18970,-321,18827,17337,1278,-31140,0,0,1,0,1,0
143,73958,123,21803,-319,21607,11942,1759,-30940,0,0,1,0,1,0
144,74479,63,24029,-304,23787,6088,2172,-29551,0,0,1,0,1,0
145,75000,0,25556,-278,25278,0,2502,-27026,0,0,1,0,1,0
146,75520,-63,26323,-242,26018,-6088,2736,-23462,0,0,1,0,1,0
147,76041,-123,26294,-196,25976,-11942,2865,-18997,0,0,1,0,1,0
148,76562,-179,25468,-142,25148,-17337,2883,-13802,0,0,1,0,1,0
149,77083,-227,23872,-83,23561,-22066,2791,-8077,0,0,1,0,1,0
150,77604,-267,21562,-21,21274,-25947,2592,-2041,0,0,1,0,1,0
151,78125,-297,18625,42,18370,-28831,2292,4073,0,0,1,0,1,0
152,78645,-315,15168,103,14956,-30607,1905,10031,0,0,1,0,1,0
153,79166,-321,11321,161,11160,-31207,1445,15603,0,0,1,0,1,0
154,79687,-315,7228,212,7124,-30607,929,20576,0,0,1,0,1,0
155,80208,-297,3042,255,3000,-28831,377,24758,0,0,1,0,1,0
156,80729,-267,-1079,288,-1058,-25947,-189,27988,0,0,1,0,1,0
157,81250,-227,-4980,310,-4897,-22066,-748,30143,0,0,1,0,1,0
158,81770,-179,-8515,321,-8373,-17337,-1278,31140,0,0,1,0,1,0
159,82291,-123,-11552,319,-11356,-11942,-1759,30940,0,0,1,0,1,0
160,82812,-63,-13977,304,-13735,-6088,-2172,29551,0,0,1,0,1,0
161,83333,0,-15700,278,-15422,0,-2502,27026,0,0,1,0,1,0
162,83854,63,-16658,242,-16354,6088,-2736,23462,0,0,1,0,1,0
163,84375,123,-16818,196,-16499,11942,-2865,18997,0,0,1,0,1,0
164,84895,179,-16176,142,-15855,17337,-2883,13802,0,0,1,0,1,0
165,85416,227,-14760,83,-14450,22066,-2791,8077,0,0,1,0,1,0
166,85937,267,-12628,21,-12340,25947,-2592,2041,0,0,1,0,1,0
167,86458,297,-9864,-42,-9609,28831,-2292,-4073,0,0,1,0,1,0
168,86979,315,-6577,-103,-6366,30607,-1905,-10031,0,0,1,0,1,0
169,87500,321,-2897,-161,-2737,31207,-1445,-15603,0,0,1,0,1,0
170,88020,315,1032,-212,1135,30607,-929,-20576,0,0,1,0,1,0
171,88541,297,5057,-255,5099,28831,-377,-24758,0,0,1,0,1,0
172,89062,267,9020,-288,8999,25947,189,-27988,0,0,1,0,1,0
173,89583,227,12767,-310,12684,22066,748,-30143,0,0,1,0,1,0
174,90104,179,16151,-321,16009,17337,1278,-31140,0,0,1,0,1,0
175,90625,123,19039,-319,18844,11942,1759,-30940,0,0,1,0,1,0
176,91145,63,21319,-304,21077,6088,2172,-29551,0,0,1,0,1,0
177,91666,0,22899,-278,22621,0,2502,-27026,0,0,1,0,1,0
178,92187,-63,23717,-242,23413,-6088,2736,-23462,0,0,1,0,1,0
179,92708,-123,23740,-196,23421,-11942,2865,-18997,0,0,1,0,1,0
180,93229,-179,22963,-142,22642,-17337,2883,-13802,0,0,1,0,1,0
181,93750,-227,21415,-83,21105,-22066,2791,-8077,0,0,1,0,1,0
182,94270,-267,19154,-21,18866,-25947,2592,-2041,0,0,1,0,1,0
183,94791,-297,16263,42,16008,-28831,2292,4073,0,0,1,0,1,0
184,95312,-315,12852,103,12640,-30607,1905,10031,0,0,1,0,1,0
185,95833,-321,9050,161,8889,-31207,1445,15603,0,0,1,0,1,0
186,96354,-315,5001,212,4898,-30607,929,20576,0,0,1,0,1,0
187,96875,-297,859,255,817,-28831,377,24758,0,0,1,0,1,0
188,97395,-267,-3220,288,-3199,-25947,-189,27988,0,0,1,0,1,0
189,97916,-227,-7080,310,-6996,-22066,-748,30143,0,0,1,0,1,0
190,98437,-179,-10574,321,-10432,-17337,-1278,31140,0,0,1,0,1,0
191,98958,-123,-13571,319,-13375,-11942,-1759,30940,0,0,1,0,1,0
192,99479,-63,-15956,304,-15715,-6088,-2172,29551,0,0,1,0,1,0
193,100000,0,-17641,278,-17362,0,-2502,27026,0,0,1,0,1,0
194,100520,63,-18561,242,-18257,6088,-2736,23462,0,0,1,0,1,0
195,101041,123,-18684,196,-18365,11942,-2865,18997,0,0,1,0,1,0
196,101562,179,-18006,142,-17685,17337,-2883,13802,0,0,1,0,1,0
197,102083,227,-16554,83,-16244,22066,-2791,8077,0,0,1,0,1,0
198,102604,267,-14387,21,-14099,25947,-2592,2041,0,0,1,0,1,0
199,103125,297,-11589,-42,-11334,28831,-2292,-4073,0,0,1,0,1,0
200,103645,315,-8269,-103,-8057,30607,-1905,-10031,0,0,1,0,1,0
201,104166,321,-4556,-161,-4395,31207,-1445,-15603,0,0,1,0,1,0
202,104687,315,-594,-212,-491,30607,-929,-20576,0,0,1,0,1,0
203,105208,297,3462,-255,3504,28831,-377,-24758,0,0,1,0,1,0
204,105729,267,7457,-288,7436,25947,189,-27988,0,0,1,0,1,0
205,106250,227,11234,-310,11151,22066,748,-30143,0,0,1,0,1,0
206,106770,179,14648,-321,14505,17337,1278,-31140,0,0,1,0,1,0
207,107291,123,17565,-319,17369,11942,1759,-30940,0,0,1,0,1,0
208,107812,63,19873,-304,19631,6088,2172,-29551,0,0,1,0,1,0
209,108333,0,21481,-278,21203,0,2502,-27026,0,0,1,0,1,0
210,108854,-63,22327,-242,22023,-6088,2736,-23462,0,0,1,0,1,0
211,109375,-123,22377,-196,22058,-11942,2865,-18997,0,0,1,0,1,0
212,109895,-179,21627,-142,21306,-17337,2883,-13802,0,0,1,0,1,0
213,110416,-227,20105,-83,19794,-22066,2791,-8077,0,0,1,0,1,0
214,110937,-267,17869,-21,17580,-25947,2592,-2041,0,0,1,0,1,0
215,111458,-297,15003,42,14748,-28831,2292,4073,0,0,1,0,1,0
216,111979,-315,11616,103,11405,-30607,1905,10031,0,0,1,0,1,0
217,112500,-321,7838,161,7678,-31207,1445,15603,0,0,1,0,1,0
218,113020,-315,3813,212,3710,-30607,929,20576,0,0,1,0,1,0
219,113541,-297,-306,255,-348,-28831,377,24758,0,0,1,0,1,0
220,114062,-267,-4362,288,-4341,-25947,-189,27988,0,0,1,0,1,0
221,114583,-227,-8200,310,-8116,-22066,-748,30143,0,0,1,0,1,0
222,115104,-179,-11672,321,-11530,-17337,-1278,31140,0,0,1,0,1,0
223,115625,-123,-14648,319,-14452,-11942,-1759,30940,0,0,1,0,1,0
224,116145,-63,-17012,304,-16771,-6088,-2172,29551,0,0,1,0,1,0
225,116666,0,-18676,278,-18398,0,-2502,27026,0,0,1,0,1,0
226,117187,63,-19576,242,-19272,6088,-2736,23462,0,0,1,0,1,0
227,117708,123,-19679,196,-19361,11942,-2865,18997,0,0,1,0,1,0
228,118229,179,-18982,142,-18661,17337,-2883,13802,0,0,1,0,1,0
229,118750,227,-17512,83,-17201,22066,-2791,8077,0,0,1,0,1,0
230,119270,267,-15326,21,-15038,25947,-2592,2041,0,0,1,0,1,0
231,119791,297,-12509,-42,-12254,28831,-2292,-4073,0,0,1,0,1,0
232,120312,315,-9172,-103,-8960,30607,-1905,-10031,0,0,1,0,1,0
233,120833,321,-5441,-161,-5280,31207,-1445,-15603,0,0,1,0,1,0
234,121354,315,-1462,-212,-1359,30607,-929,-20576,0,0,1,0,1,0
235,121875,297,2611,-255,2653,28831,-377,-24758,0,0,1,0,1,0
236,122395,267,6622,-288,6601,25947,189,-27988,0,0,1,0,1,0
237,122916,227,10416,-310,10333,22066,748,-30143,0,0,1,0,1,0
238,123437,179,13845,-321,13703,17337,1278,-31140,0,0,1,0,1,0
239,123958,123,16778,-319,16583,11942,1759,-30940,0,0,1,0,1,0
240,124479,63,19102,-304,18860,6088,2172,-29551,0,0,1,0,1,0
241,125000,0,20725,-278,20447,0,2502,-27026,0,0,1,0,1,0
242,125520,-63,21586,-242,21281,-6088,2736,-23462,0,0,1,0,1,0
243,126041,-123,21649,-196,21331,-11942,2865,-18997,0,0,1,0,1,0
244,126562,-179,20914,-142,20593,-17337,2883,-13802,0,0,1,0,1,0
245,127083,-227,19406,-83,19095,-22066,2791,-8077,0,0,1,0,1,0
246,127604,-267,17183,-21,16895,-25947,2592,-2041,0,0,1,0,1,0
247,128124,-297,14331,42,14076,-28831,2292,4073,0,0,1,0,1,0
248,128645,-315,10957,103,10745,-30607,1905,10031,0,0,1,0,1,0
249,129166,-321,7192,161,7031,-31207,1445,15603,0,0,1,0,1,0
250,129687,-315,3179,212,3076,-30607,929,20576,0,0,1,0,1,0
251,130208,-297,-928,255,-970,-28831,377,24758,0,0,1,0,1,0
252,130729,-267,-4971,288,-4950,-25947,-189,27988,0,0,1,0,1,0
253,131250,-227,-8797,310,-8714,-22066,-748,30143,0,0,1,0,1,0
254,131770,-179,-12258,321,-12116,-17337,-1278,31140,0,0,1,0,1,0
255,132291,-123,-15222,319,-15026,-11942,-1759,30940,0,0,1,0,1,0
256,132812,-63,-17575,304,-17334,-6088,-2172,29551,0,0,1,0,1,0
257,133333,0,-19229,278,-18950,0,-2502,27026,0,0,1,0,1,0
258,133854,63,-20118,242,-19814,6088,-2736,23462,0,0,1,0,1,0
259,134375,123,-20211,196,-19892,11942,-2865,18997,0,0,1,0,1,0
260,134895,179,-19503,142,-19182,17337,-2883,13802,0,0,1,0,1,0
261,135416,227,-18022,83,-17712,22066,-2791,8077,0,0,1,0,1,0
262,135937,267,-15827,21,-15538,25947,-2592,2041,0,0,1,0,1,0
263,136458,297,-13000,-42,-12745,28831,-2292,-4073,0,0,1,0,1,0
264,136979,315,-9653,-103,-9441,30607,-1905,-10031,0,0,1,0,1,0
265,137500,321,-5913,-161,-5752,31207,-1445,-15603,0,0,1,0,1,0
266,138020,315,-1925,-212,-1822,30607,-929,-20576,0,0,1,0,1,0
267,138541,297,2157,-255,2199,28831,-377,-24758,0,0,1,0,1,0
268,139062,267,6177,-288,6156,25947,189,-27988,0,0,1,0,1,0
269,139583,227,9979,-310,9896,22066,748,-30143,0,0,1,0,1,0
270,140104,179,13417,-321,13275,17337,1278,-31140,0,0,1,0,1,0
271,140625,123,16359,-319,16163,11942,1759,-30940,0,0,1,0,1,0
272,141145,63,18690,-304,18449,6088,2172,-29551,0,0,1,0,1,0
273,141666,0,20322,-278,20043,0,2502,-27026,0,0,1,0,1,0
274,142187,-63,21190,-242,20886,-6088,2736,-23462,0,0,1,0,1,0
275,142708,-123,21262,-196,20943,-11942,2865,-18997,0,0,1,0,1,0
276,143229,-179,20533,-142,20213,-17337,2883,-13802,0,0,1,0,1,0
277,143750,-227,19033,-83,18722,-22066,2791,-8077,0,0,1,0,1,0
278,144270,-267,16817,-21,16529,-25947,2592,-2041,0,0,1,0,1,0
279,144791,-297,13972,42,13717,-28831,2292,4073,0,0,1,0,1,0
280,145312,-315,10606,103,10394,-30607,1905,10031,0,0,1,0,1,0
281,145833,-321,6847,161,6687,-31207,1445,15603,0,0,1,0,1,0
282,146354,-315,2841,212,2738,-30607,929,20576,0,0,1,0,1,0
283,146875,-297,-1259,255,-1301,-28831,377,24758,0,0,1,0,1,0
284,147395,-267,-5297,288,-5276,-25947,-189,27988,0,0,1,0,1,0
285,147916,-227,-9116,310,-9033,-22066,-748,30143,0,0,1,0,1,0
286,148437,-179,-12571,321,-12428,-17337,-1278,31140,0,0,1,0,1,0
287,148958,-123,-15529,319,-15333,-11942,-1759,30940,0,0,1,0,1,0
288,149479,-63,-17876,304,-17634,-6088,-2172,29551,0,0,1,0,1,0
289,150000,0,-19523,278,-19245,0,-2502,27026,0,0,1,0,1,0
290,150520,63,-20407,242,-20103,6088,-2736,23462,0,0,1,0,1,0
291,151041,123,-20494,196,-20175,11942,-2865,18997,0,0,1,0,1,0
292,151562,179,-19781,142,-19460,17337,-2883,13802,0,0,1,0,1,0
293,152083,227,-18295,83,-17984,22066,-2791,8077,0,0,1,0,1,0
294,152604,267,-16094,21,-15805,25947,-2592,2041,0,0,1,0,1,0
295,153125,297,-13262,-42,-13007,28831,-2292,-4073,0,0,1,0,1,0
296,153645,315,-9910,-103,-9698,30607,-1905,-10031,0,0,1,0,1,0
297,154166,321,-6165,-161,-6004,31207,-1445,-15603,0,0,1,0,1,0
298,154687,315,-2172,-212,-2069,30607,-929,-20576,0,0,1,0,1,0
299,155208,297,1915,-255,1957,28831,-377,-24758,0,0,1,0,1,0
300,155729,267,5940,-288,5919,25947,189,-27988,0,0,1,0,1,0
301,156250,227,9747,-310,9663,22066,748,-30143,0,0,1,0,1,0
302,156770,179,13189,-321,13047,17337,1278,-31140,0,0,1,0,1,0
303,157291,123,16135,-319,15939,11942,1759,-30940,0,0,1,0,1,0
304,157812,63,18471,-304,18229,6088,2172,-29551,0,0,1,0,1,0
305,158333,0,20106,-278,19828,0,2502,-27026,0,0,1,0,1,0
306,158854,-63,20979,-242,20675,-6088,2736,-23462,0,0,1,0,1,0
307,159375,-123,21055,-196,20736,-11942,2865,-18997,0,0,1,0,1,0
308,159895,-179,20330,-142,20010,-17337,2883,-13802,0,0,1,0,1,0
309,160416,-227,18834,-83,18523,-22066,2791,-8077,0,0,1,0,1,0
310,160937,-267,16622,-21,16334,-25947,2592,-2041,0,0,1,0,1,0
311,161458,-297,13781,42,13526,-28831,2292,4073,0,0,1,0,1,0
312,161979,-315,10418,103,10206,-30607,1905,10031,0,0,1,0,1,0
313,162500,-321,6663,161,6503,-31207,1445,15603,0,0,1,0,1,0
314,163020,-315,2661,212,2557,-30607,929,20576,0,0,1,0,1,0
315,163541,-297,-1436,255,-1478,-28831,377,24758,0,0,1,0,1,0
316,164062,-267,-5470,288,-5449,-25947,-189,27988,0,0,1,0,1,0
317,164583,-227,-9286,310,-9203,-22066,-748,30143,0,0,1,0,1,0
318,165104,-179,-12737,321,-12595,-17337,-1278,31140,0,0,1,0,1,0
319,165625,-123,-15692,319,-15496,-11942,-1759,30940,0,0,1,0,1,0
320,166145,-63,-18036,304,-17795,-6088,-2172,29551,0,0,1,0,1,0
321,166666,0,-19680,278,-19402,0,-2502,27026,0,0,1,0,1,0
322,167187,63,-20561,242,-20257,6088,-2736,23462,0,0,1,0,1,0
323,167708,123,-20645,196,-20326,11942,-2865,18997,0,0,1,0,1,0
324,168229,179,-19929,142,-19608,17337,-2883,13802,0,0,1,0,1,0
325,168750,227,-18440,83,-18130,22066,-2791,8077,0,0,1,0,1,0
326,169270,267,-16236,21,-15948,25947,-2592,2041,0,0,1,0,1,0
327,169791,297,-13402,-42,-13147,28831,-2292,-4073,0,0,1,0,1,0
328,170312,315,-10047,-103,-9835,30607,-1905,-10031,0,0,1,0,1,0
329,170833,321,-6299,-161,-6139,31207,-1445,-15603,0,0,1,0,1,0
330,171354,315,-2304,-212,-2200,30607,-929,-20576,0,0,1,0,1,0
331,171875,297,1786,-255,1828,28831,-377,-24758,0,0,1,0,1,0
332,172395,267,5813,-288,5792,25947,189,-27988,0,0,1,0,1,0
333,172916,227,9622,-310,9539,22066,748,-30143,0,0,1,0,1,0
334,173437,179,13067,-321,12925,17337,1278,-31140,0,0,1,0,1,0
335,173958,123,16016,-319,15820,11942,1759,-30940,0,0,1,0,1,0
336,174479,63,18354,-304,18112,6088,2172,-29551,0,0,1,0,1,0
337,175000,0,19992,-278,19713,0,2502,-27026,0,0,1,0,1,0
338,175520,-63,20866,-242,20562,-6088,2736,-23462,0,0,1,0,1,0
339,176041,-123,20944,-196,20626,-11942,2865,-18997,0,0,1,0,1,0
340,176562,-179,20222,-142,19901,-17337,2883,-13802,0,0,1,0,1,0
341,177083,-227,18728,-83,18417,-22066,2791,-8077,0,0,1,0,1,0
342,177604,-267,16518,-21,16230,-25947,2592,-2041,0,0,1,0,1,0
343,178125,-297,13679,42,13424,-28831,2292,4073,0,0,1,0,1,0
344,178645,-315,10318,103,10106,-30607,1905,10031,0,0,1,0,1,0
345,179166,-321,6565,161,6405,-31207,1445,15603,0,0,1,0,1,0
346,179687,-315,2564,212,2461,-30607,929,20576,0,0,1,0,1,0
347,180208,-297,-1531,255,-1572,-28831,377,24758,0,0,1,0,1,0
348,180729,-267,-5562,288,-5541,-25947,-189,27988,0,0,1,0,1,0
349,181250,-227,-9377,310,-9293,-22066,-748,30143,0,0,1,0,1,0
350,181770,-179,-12826,321,-12684,-17337,-1278,31140,0,0,1,0,1,0
351,182291,-123,-15779,319,-15584,-11942,-1759,30940,0,0,1,0,1,0
352,182812,-63,-18122,304,-17880,-6088,-2172,29551,0,0,1,0,1,0
353,183333,0,-19764,278,-19486,0,-2502,27026,0,0,1,0,1,0
354,183854,63,-20643,242,-20339,6088,-2736,23462,0,0,1,0,1,0
355,184375,123,-20726,196,-20407,11942,-2865,18997,0,0,1,0,1,0
356,184895,179,-20008,142,-19687,17337,-2883,13802,0,0,1,0,1,0
357,185416,227,-18518,83,-18207,22066,-2791,8077,0,0,1,0,1,0
358,185937,267,-16312,21,-16024,25947,-2592,2041,0,0,1,0,1,0
359,186458,297,-13477,-42,-13222,28831,-2292,-4073,0,0,1,0,1,0
360,186979,315,-10120,-103,-9908,30607,-1905,-10031,0,0,1,0,1,0
361,187500,321,-6371,-161,-6210,31207,-1445,-15603,0,0,1,0,1,0
362,188020,315,-2374,-212,-2271,30607,-929,-20576,0,0,1,0,1,0
363,188541,297,1717,-255,1759,28831,-377,-24758,0,0,1,0,1,0
364,189062,267,5746,-288,5725,25947,189,-27988,0,0,1,0,1,0
365,189583,227,9556,-310,9473,22066,748,-30143,0,0,1,0,1,0
366,190104,179,13002,-321,12860,17337,1278,-31140,0,0,1,0,1,0
367,190625,123,15952,-319,15756,11942,1759,-30940,0,0,1,0,1,0
368,191145,63,18291,-304,18050,6088,2172,-29551,0,0,1,0,1,0
369,191666,0,19930,-278,19652,0,2502,-27026,0,0,1,0,1,0
370,192187,-63,20806,-242,20502,-6088,2736,-23462,0,0,1,0,1,0
371,192708,-123,20885,-196,20567,-11942,2865,-18997,0,0,1,0,1,0
372,193229,-179,20164,-142,19844,-17337,2883,-13802,0,0,1,0,1,0
373,193750,-227,18671,-83,18361,-22066,2791,-8077,0,0,1,0,1,0
374,194270,-267,16463,-21,16174,-25947,2592,-2041,0,0,1,0,1,0
375,194791,-297,13624,42,13369,-28831,2292,4073,0,0,1,0,1,0
376,195312,-315,10265,103,10053,-30607,1905,10031,0,0,1,0,1,0
377,195833,-321,6513,161,6352,-31207,1445,15603,0,0,1,0,1,0
378,196354,-315,2513,212,2410,-30607,929,20576,0,0,1,0,1,0
379,196875,-297,-1581,255,-1623,-28831,377,24758,0,0,1,0,1,0
380,197395,-267,-5612,288,-5591,-25947,-189,27988,0,0,1,0,1,0
381,197916,-227,-9425,310,-9342,-22066,-748,30143,0,0,1,0,1,0
382,198437,-179,-12874,321,-12732,-17337,-1278,31140,0,0,1,0,1,0
383,198958,-123,-15826,319,-15630,-11942,-1759,30940,0,0,1,0,1,0
384,199479,-63,-18168,304,-17926,-6088,-2172,29551,0,0,1,0,1,0
385,200000,0,-19809,278,-19531,0,-2502,27026,0,0,1,0,1,0
386,200520,63,-20687,242,-20383,6088,-2736,23462,0,0,1,0,1,0
387,201041,123,-20769,196,-20450,11942,-2865,18997,0,0,1,0,1,0
388,201562,179,-20050,142,-19729,17337,-2883,13802,0,0,1,0,1,0
389,202083,227,-18559,83,-18248,22066,-2791,8077,0,0,1,0,1,0
390,202604,267,-16353,21,-16065,25947,-2592,2041,0,0,1,0,1,0
391,203125,297,-13516,-42,-13261,28831,-2292,-4073,0,0,1,0,1,0
392,203645,315,-10159,-103,-9947,30607,-1905,-10031,0,0,1,0,1,0
393,204166,321,-6409,-161,-6249,31207,-1445,-15603,0,0,1,0,1,0
394,204687,315,-2412,-212,-2308,30607,-929,-20576,0,0,1,0,1,0
395,205208,297,1680,-255,1722,28831,-377,-24758,0,0,1,0,1,0
396,205729,267,5710,-288,5689,25947,189,-27988,0,0,1,0,1,0
397,206250,227,9521,-310,9438,22066,748,-30143,0,0,1,0,1,0
398,206770,179,12968,-321,12826,17337,1278,-31140,0,0,1,0,1,0
399,207291,123,15918,-319,15722,11942,1759,-30940,0,0,1,0,1,0
400,207812,63,18258,-304,18016,6088,2172,-29551,0,0,1,0,1,0
401,208333,0,19898,-278,19619,0,2502,-27026,0,0,1,0,1,0
402,208854,-63,20774,-242,20470,-6088,2736,-23462,0,0,1,0,1,0
403,209375,-123,20854,-196,20535,-11942,2865,-18997,0,0,1,0,1,0
404,209895,-179,20133,-142,19813,-17337,2883,-13802,0,0,1,0,1,0
405,210416,-227,18641,-83,18330,-22066,2791,-8077,0,0,1,0,1,0
406,210937,-267,16433,-21,16145,-25947,2592,-2041,0,0,1,0,1,0
407,211458,-297,13595,42,13340,-28831,2292,4073,0,0,1,0,1,0
408,211979,-315,10236,103,10024,-30607,1905,10031,0,0,1,0,1,0
409,212500,-321,6485,161,6324,-31207,1445,15603,0,0,1,0,1,0
410,213020,-315,2486,212,2382,-30607,929,20576,0,0,1,0,1,0
411,213541,-297,-1608,255,-1650,-28831,377,24758,0,0,1,0,1,0
412,214062,-267,-5638,288,-5617,-25947,-189,27988,0,0,1,0,1,0
413,214583,-227,-9451,310,-9368,-22066,-748,30143,0,0,1,0,1,0
414,215104,-179,-12899,321,-12757,-17337,-1278,31140,0,0,1,0,1,0
415,215625,-123,-15851,319,-15655,-11942,-1759,30940,0,0,1,0,1,0
416,216145,-63,-18192,304,-17950,-6088,-2172,29551,0,0,1,0,1,0
417,216666,0,-19833,278,-19555,0,-2502,27026,0,0,1,0,1,0
418,217187,63,-20711,242,-20406,6088,-2736,23462,0,0,1,0,1,0
419,217708,123,-20792,196,-20473,11942,-2865,18997,0,0,1,0,1,0
420,218229,179,-20073,142,-19752,17337,-2883,13802,0,0,1,0,1,0
421,218750,227,-18581,83,-18271,22066,-2791,8077,0,0,1,0,1,0
422,219270,267,-16374,21,-16086,25947,-2592,2041,0,0,1,0,1,0
423,219791,297,-13538,-42,-13283,28831,-2292,-4073,0,0,1,0,1,0
424,220312,315,-10180,-103,-9968,30607,-1905,-10031,0,0,1,0,1,0
425,220833,321,-6430,-161,-6269,31207,-1445,-15603,0,0,1,0,1,0
426,221354,315,-2432,-212,-2328,30607,-929,-20576,0,0,1,0,1,0
427,221875,297,1661,-255,1703,28831,-377,-24758,0,0,1,0,1,0
428,222395,267,5690,-288,5669,25947,189,-27988,0,0,1,0,1,0
429,222916,227,9502,-310,9419,22066,748,-30143,0,0,1,0,1,0
430,223437,179,12949,-321,12807,17337,1278,-31140,0,0,1,0,1,0
431,223958,123,15900,-319,15704,11942,1759,-30940,0,0,1,0,1,0
432,224479,63,18240,-304,17998,6088,2172,-29551,0,0,1,0,1,0
433,225000,0,19880,-278,19602,0,2502,-27026,0,0,1,0,1,0
434,225520,-63,20757,-242,20453,-6088,2736,-23462,0,0,1,0,1,0
435,226041,-123,20837,-196,20518,-11942,2865,-18997,0,0,1,0,1,0
436,226562,-179,20117,-142,19796,-17337,2883,-13802,0,0,1,0,1,0
437,227083,-227,18625,-83,18314,-22066,2791,-8077,0,0,1,0,1,0
438,227604,-267,16417,-21,16129,-25947,2592,-2041,0,0,1,0,1,0
439,228125,-297,13580,42,13325,-28831,2292,4073,0,0,1,0,1,0
440,228645,-315,10221,103,10009,-30607,1905,10031,0,0,1,0,1,0
441,229166,-321,6470,161,6309,-31207,1445,15603,0,0,1,0,1,0
442,229687,-315,2471,212,2368,-30607,929,20576,0,0,1,0,1,0
443,230208,-297,-1622,255,-1664,-28831,377,24758,0,0,1,0,1,0
444,230729,-267,-5652,288,-5631,-25947,-189,27988,0,0,1,0,1,0
445,231250,-227,-9465,310,-9381,-22066,-748,30143,0,0,1,0,1,0
446,231770,-179,-12913,321,-12770,-17337,-1278,31140,0,0,1,0,1,0
447,232291,-123,-15864,319,-15668,-11942,-1759,30940,0,0,1,0,1,0
448,232812,-63,-18205,304,-17963,-6088,-2172,29551,0,0,1,0,1,0
449,233333,0,-19846,278,-19567,0,-2502,27026,0,0,1,0,1,0
450,233854,63,-20723,242,-20419,6088,-2736,23462,0,0,1,0,1,0
451,234375,123,-20804,196,-20485,11942,-2865,18997,0,0,1,0,1,0
452,234895,179,-20085,142,-19764,17337,-2883,13802,0,0,1,0,1,0
453,235416,227,-18593,83,-18282,22066,-2791,8077,0,0,1,0,1,0
454,235937,267,-16386,21,-16098,25947,-2592,2041,0,0,1,0,1,0
455,236458,297,-13549,-42,-13294,28831,-2292,-4073,0,0,1,0,1,0
456,236979,315,-10191,-103,-9979,30607,-1905,-10031,0,0,1,0,1,0
457,237500,321,-6441,-161,-6280,31207,-1445,-15603,0,0,1,0,1,0
458,238020,315,-2442,-212,-2339,30607,-929,-20576,0,0,1,0,1,0
459,238541,297,1650,-255,1692,28831,-377,-24758,0,0,1,0,1,0
460,239062,267,5680,-288,5659,25947,189,-27988,0,0,1,0,1,0
461,239583,227,9492,-310,9409,22066,748,-30143,0,0,1,0,1,0
462,240104,179,12939,-321,12797,17337,1278,-31140,0,0,1,0,1,0
463,240625,123,15890,-319,15694,11942,1759,-30940,0,0,1,0,1,0
464,241145,63,18231,-304,17989,6088,2172,-29551,0,0,1,0,1,0
465,241666,0,19871,-278,19593,0,2502,-27026,0,0,1,0,1,0
466,242187,-63,20748,-242,20444,-6088,2736,-23462,0,0,1,0,1,0
467,242708,-123,20828,-196,20509,-11942,2865,-18997,0,0,1,0,1,0
468,243229,-179,20108,-142,19788,-17337,2883,-13802,0,0,1,0,1,0
469,243750,-227,18616,-83,18306,-22066,2791,-8077,0,0,1,0,1,0
470,244270,-267,16409,-21,16121,-25947,2592,-2041,0,0,1,0,1,0
471,244791,-297,13571,42,13316,-28831,2292,4073,0,0,1,0,1,0
472,245312,-315,10213,103,10001,-30607,1905,10031,0,0,1,0,1,0
473,245833,-321,6462,161,6301,-31207,1445,15603,0,0,1,0,1,0
474,246354,-315,2463,212,2360,-30607,929,20576,0,0,1,0,1,0
475,246875,-297,-1630,255,-1672,-28831,377,24758,0,0,1,0,1,0
476,247395,-267,-5660,288,-5639,-25947,-189,27988,0,0,1,0,1,0
477,247916,-227,-9472,310,-9389,-22066,-748,30143,0,0,1,0,1,0
478,248437,-179,-12920,321,-12778,-17337,-1278,31140,0,0,1,0,1,0
479,248958,-123,-15871,319,-15675,-11942,-1759,30940,0,0,1,0,1,0
480,249479,-63,-18212,304,-17970,-6088,-2172,29551,0,0,1,0,1,0
481,250000,0,-19852,278,-19574,0,-2502,27026,0,0,1,0,1,0
482,250520,63,-20730,242,-20426,6088,-2736,23462,0,0,1,0,1,0
483,251041,123,-20810,196,-20492,11942,-2865,18997,0,0,1,0,1,0
484,251562,179,-20091,142,-19770,17337,-2883,13802,0,0,1,0,1,0
485,252083,227,-18599,83,-18289,22066,-2791,8077,0,0,1,0,1,0
486,252604,267,-16392,21,-16104,25947,-2592,2041,0,0,1,0,1,0
487,253125,297,-13555,-42,-13300,28831,-2292,-4073,0,0,1,0,1,0
488,253645,315,-10197,-103,-9985,30607,-1905,-10031,0,0,1,0,1,0
489,254166,321,-6446,-161,-6286,31207,-1445,-15603,0,0,1,0,1,0
490,254687,315,-2448,-212,-2345,30607,-929,-20576,0,0,1,0,1,0
491,255208,297,1645,-255,1687,28831,-377,-24758,0,0,1,0,1,0
492,255729,267,5675,-288,5654,25947,189,-27988,0,0,1,0,1,0
493,256249,227,9486,-310,9403,22066,748,-30143,0,0,1,0,1,0
494,256770,179,12934,-321,12792,17337,1278,-31140,0,0,1,0,1,0
495,257291,123,15885,-319,15689,11942,1759,-30940,0,0,1,0,1,0
496,257812,63,18225,-304,17984,6088,2172,-29551,0,0,1,0,1,0
497,258333,0,19866,-278,19588,0,2502,-27026,0,0,1,0,1,0
498,258854,-63,20743,-242,20439,-6088,2736,-23462,0,0,1,0,1,0
499,259375,-123,20823,-196,20505,-11942,2865,-18997,0,0,1,0,1,0
500,259895,-179,20104,-142,19783,-17337,2883,-13802,0,0,1,0,1,0
501,260416,-227,18611,-83,18301,-22066,2791,-8077,0,0,1,0,1,0
502,260937,-267,16404,-21,16116,-25947,2592,-2041,0,0,1,0,1,0
503,261458,-297,13567,42,13312,-28831,2292,4073,0,0,1,0,1,0
504,261979,-315,10208,103,9997,-30607,1905,10031,0,0,1,0,1,0
505,262500,-321,6458,161,6297,-31207,1445,15603,0,0,1,0,1,0
506,263020,-315,2459,212,2356,-30607,929,20576,0,0,1,0,1,0
507,263541,-297,-1634,255,-1676,-28831,377,24758,0,0,1,0,1,0
508,264062,-267,-5664,288,-5643,-25947,-189,27988,0,0,1,0,1,0
509,264583,-227,-9476,310,-9393,-22066,-748,30143,0,0,1,0,1,0
510,265104,-179,-12924,321,-12782,-17337,-1278,31140,0,0,1,0,1,0
511,265625,-123,-15875,319,-15679,-11942,-1759,30940,0,0,1,0,1,0
512,266145,-63,-18215,304,-17974,-6088,-2172,29551,0,0,1,0,1,0
513,266666,0,-19856,278,-19578,0,-2502,27026,0,0,1,0,1,0
514,267187,63,-20733,242,-20429,6088,-2736,23462,0,0,1,0,1,0
515,267708,123,-20814,196,-20495,11942,-2865,18997,0,0,1,0,1,0
516,268229,179,-20094,142,-19774,17337,-2883,13802,0,0,1,0,1,0
517,268750,227,-18602,83,-18292,22066,-2791,8077,0,0,1,0,1,0
518,269270,267,-16395,21,-16107,25947,-2592,2041,0,0,1,0,1,0
519,269791,297,-13558,-42,-13303,28831,-2292,-4073,0,0,1,0,1,0
520,270312,315,-10200,-103,-9988,30607,-1905,-10031,0,0,1,0,1,0
521,270833,321,-6449,-161,-6289,31207,-1445,-15603,0,0,1,0,1,0
522,271354,315,-2451,-212,-2348,30607,-929,-20576,0,0,1,0,1,0
523,271875,297,1642,-255,1684,28831,-377,-24758,0,0,1,0,1,0
524,272395,267,5672,-288,5651,25947,189,-27988,0,0,1,0,1,0
525,272916,227,9484,-310,9400,22066,748,-30143,0,0,1,0,1,0
526,273437,179,12931,-321,12789,17337,1278,-31140,0,0,1,0,1,0
527,273958,123,15882,-319,15687,11942,1759,-30940,0,0,1,0,1,0
528,274479,63,18223,-304,17981,6088,2172,-29551,0,0,1,0,1,0
529,275000,0,19863,-278,19585,0,2502,-27026,0,0,1,0,1,0
530,275520,-63,20740,-242,20436,-6088,2736,-23462,0,0,1,0,1,0
531,276041,-123,20821,-196,20502,-11942,2865,-18997,0,0,1,0,1,0
532,276562,-179,20101,-142,19780,-17337,2883,-13802,0,0,1,0,1,0
533,277083,-227,18609,-83,18299,-22066,2791,-8077,0,0,1,0,1,0
534,277604,-267,16402,-21,16114,-25947,2592,-2041,0,0,1,0,1,0
535,278125,-297,13565,42,13310,-28831,2292,4073,0,0,1,0,1,0
536,278645,-315,10206,103,9994,-30607,1905,10031,0,0,1,0,1,0
537,279166,-321,6456,161,6295,-31207,1445,15603,0,0,1,0,1,0
538,279687,-315,2457,212,2354,-30607,929,20576,0,0,1,0,1,0
539,280208,-297,-1636,255,-1678,-28831,377,24758,0,0,1,0,1,0
540,280729,-267,-5666,288,-5645,-25947,-189,27988,0,0,1,0,1,0
541,281250,-227,-9478,310,-9395,-22066,-748,30143,0,0,1,0,1,0
542,281770,-179,-12926,321,-12784,-17337,-1278,31140,0,0,1,0,1,0
543,282291,-123,-15877,319,-15681,-11942,-1759,30940,0,0,1,0,1,0
544,282812,-63,-18217,304,-17976,-6088,-2172,29551,0,0,1,0,1,0
545,283333,0,-19858,278,-19580,0,-2502,27026,0,0,1,0,1,0
546,283854,63,-20735,242,-20431,6088,-2736,23462,0,0,1,0,1,0
547,284375,123,-20816,196,-20497,11942,-2865,18997,0,0,1,0,1,0
548,284895,179,-20096,142,-19775,17337,-2883,13802,0,0,1,0,1,0
549,285416,227,-18604,83,-18294,22066,-2791,8077,0,0,1,0,1,0
550,285937,267,-16397,21,-16109,25947,-2592,2041,0,0,1,0,1,0
551,286458,297,-13560,-42,-13305,28831,-2292,-4073,0,0,1,0,1,0
552,286979,315,-10202,-103,-9990,30607,-1905,-10031,0,0,1,0,1,0
553,287500,321,-6451,-161,-6290,31207,-1445,-15603,0,0,1,0,1,0
554,288020,315,-2453,-212,-2349,30607,-929,-20576,0,0,1,0,1,0
555,288541,297,1640,-255,1682,28831,-377,-24758,0,0,1,0,1,0
556,289062,267,5670,-288,5649,25947,189,-27988,0,0,1,0,1,0
557,289583,227,9482,-310,9399,22066,748,-30143,0,0,1,0,1,0
558,290104,179,12930,-321,12788,17337,1278,-31140,0,0,1,0,1,0
559,290625,123,15881,-319,15685,11942,1759,-30940,0,0,1,0,1,0
560,291145,63,18221,-304,17980,6088,2172,-29551,0,0,1,0,1,0
561,291666,0,19862,-278,19584,0,2502,-27026,0,0,1,0,1,0
562,292187,-63,20739,-242,20435,-6088,2736,-23462,0,0,1,0,1,0
563,292708,-123,20819,-196,20501,-11942,2865,-18997,0,0,1,0,1,0
564,293229,-179,20100,-142,19779,-17337,2883,-13802,0,0,1,0,1,0
565,293750,-227,18608,-83,18297,-22066,2791,-8077,0,0,1,0,1,0
566,294270,-267,16401,-21,16112,-25947,2592,-2041,0,0,1,0,1,0
567,294791,-297,13563,42,13308,-28831,2292,4073,0,0,1,0,1,0
568,295312,-315,10205,103,9993,-30607,1905,10031,0,0,1,0,1,0
569,295833,-321,6454,161,6294,-31207,1445,15603,0,0,1,0,1,0
570,296354,-315,2456,212,2352,-30607,929,20576,0,0,1,0,1,0
571,296875,-297,-1637,255,-1679,-28831,377,24758,0,0,1,0,1,0
572,297395,-267,-5667,288,-5646,-25947,-189,27988,0,0,1,0,1,0
573,297916,-227,-9479,310,-9396,-22066,-748,30143,0,0,1,0,1,0
574,298437,-179,-12927,321,-12785,-17337,-1278,31140,0,0,1,0,1,0
575,298958,-123,-15878,319,-15682,-11942,-1759,30940,0,0,1,0,1,0
576,299479,-63,-18218,304,-17977,-6088,-2172,29551,0,0,1,0,1,0
577,300000,0,-19859,278,-19581,0,-2502,27026,0,0,1,0,1,0
578,300520,63,-20736,242,-20432,6088,-2736,23462,0,0,1,0,1,0
579,301041,123,-20817,196,-20498,11942,-2865,18997,0,0,1,0,1,0
580,301562,179,-20097,142,-19776,17337,-2883,13802,0,0,1,0,1,0
581,302083,227,-18605,83,-18295,22066,-2791,8077,0,0,1,0,1,0
582,302604,267,-16398,21,-16110,25947,-2592,2041,0,0,1,0,1,0
583,303125,297,-13561,-42,-13306,28831,-2292,-4073,0,0,1,0,1,0
584,303645,315,-10202,-103,-9991,30607,-1905,-10031,0,0,1,0,1,0
585,304166,321,-6452,-161,-6291,31207,-1445,-15603,0,0,1,0,1,0
586,304687,315,-2453,-212,-2350,30607,-929,-20576,0,0,1,0,1,0
587,305208,297,1639,-255,1681,28831,-377,-24758,0,0,1,0,1,0
588,305729,267,5669,-288,5648,25947,189,-27988,0,0,1,0,1,0
589,306250,227,9481,-310,9398,22066,748,-30143,0,0,1,0,1,0
590,306770,179,12929,-321,12787,17337,1278,-31140,0,0,1,0,1,0
591,307291,123,15880,-319,15684,11942,1759,-30940,0,0,1,0,1,0
592,307812,63,18221,-304,17979,6088,2172,-29551,0,0,1,0,1,0
593,308333,0,19861,-278,19583,0,2502,-27026,0,0,1,0,1,0
594,308854,-63,20738,-242,20434,-6088,2736,-23462,0,0,1,0,1,0
595,309375,-123,20819,-196,20500,-11942,2865,-18997,0,0,1,0,1,0
596,309895,-179,20099,-142,19778,-17337,2883,-13802,0,0,1,0,1,0
597,310416,-227,18607,-83,18297,-22066,2791,-8077,0,0,1,0,1,0
598,310937,-267,16400,-21,16112,-25947,2592,-2041,0,0,1,0,1,0
599,311458,-297,13563,42,13308,-28831,2292,4073,0,0,1,0,1,0
600,311979,-315,10204,103,9992,-30607,1905,10031,0,0,1,0,1,0
601,312500,-321,6454,161,6293,-31207,1445,15603,0,0,1,0,1,0
602,313020,-315,2455,212,2352,-30607,929,20576,0,0,1,0,1,0
603,313541,-297,-1638,255,-1680,-28831,377,24758,0,0,1,0,1,0
604,314062,-267,-5668,288,-5647,-25947,-189,27988,0,0,1,0,1,0
605,314583,-227,-9480,310,-9396,-22066,-748,30143,0,0,1,0,1,0
606,315104,-179,-12927,321,-12785,-17337,-1278,31140,0,0,1,0,1,0
607,315625,-123,-15878,319,-15683,-11942,-1759,30940,0,0,1,0,1,0
608,316145,-63,-18219,304,-17977,-6088,-2172,29551,0,0,1,0,1,0
609,316666,0,-19860,278,-19581,0,-2502,27026,0,0,1,0,1,0
610,317187,63,-20737,242,-20433,6088,-2736,23462,0,0,1,0,1,0
611,317708,123,-20817,196,-20499,11942,-2865,18997,0,0,1,0,1,0
612,318229,179,-20098,142,-19777,17337,-2883,13802,0,0,1,0,1,0
613,318750,227,-18606,83,-18295,22066,-2791,8077,0,0,1,0,1,0
614,319270,267,-16399,21,-16110,25947,-2592,2041,0,0,1,0,1,0
615,319791,297,-13561,-42,-13306,28831,-2292,-4073,0,0,1,0,1,0
616,320312,315,-10203,-103,-9991,30607,-1905,-10031,0,0,1,0,1,0
617,320833,321,-6452,-161,-6292,31207,-1445,-15603,0,0,1,0,1,0
618,321354,315,-2454,-212,-2351,30607,-929,-20576,0,0,1,0,1,0
619,321875,297,1639,-255,1681,28831,-377,-24758,0,0,1,0,1,0
620,322395,267,5669,-288,5648,25947,189,-27988,0,0,1,0,1,0
621,322916,227,9481,-310,9398,22066,748,-30143,0,0,1,0,1,0
622,323437,179,12929,-321,12786,17337,1278,-31140,0,0,1,0,1,0
623,323958,123,15879,-319,15684,11942,1759,-30940,0,0,1,0,1,0
624,324479,63,18220,-304,17979,6088,2172,-29551,0,0,1,0,1,0
625,325000,0,19861,-278,19582,0,2502,-27026,0,0,1,0,1,0
626,325520,-63,20738,-242,20434,-6088,2736,-23462,0,0,1,0,1,0
627,326041,-123,20818,-196,20500,-11942,2865,-18997,0,0,1,0,1,0
628,326562,-179,20099,-142,19778,-17337,2883,-13802,0,0,1,0,1,0
629,327083,-227,18607,-83,18296,-22066,2791,-8077,0,0,1,0,1,0
630,327604,-267,16400,-21,16111,-25947,2592,-2041,0,0,1,0,1,0
631,328125,-297,13562,42,13307,-28831,2292,4073,0,0,1,0,1,0
632,328645,-315,10204,103,9992,-30607,1905,10031,0,0,1,0,1,0
633,329166,-321,6453,161,6293,-31207,1445,15603,0,0,1,0,1,0
634,329687,-315,2455,212,2352,-30607,929,20576,0,0,1,0,1,0
635,330208,-297,-1638,255,-1680,-28831,377,24758,0,0,1,0,1,0
636,330729,-267,-5668,288,-5647,-25947,-189,27988,0,0,1,0,1,0
637,331250,-227,-9480,310,-9397,-22066,-748,30143,0,0,1,0,1,0
638,331770,-179,-12928,321,-12786,-17337,-1278,31140,0,0,1,0,1,0
639,332291,-123,-15879,319,-15683,-11942,-1759,30940,0,0,1,0,1,0
640,332812,-63,-18219,304,-17978,-6088,-2172,29551,0,0,1,0,1,0
641,333333,0,-19860,278,-19582,0,-2502,27026,0,0,1,0,1,0
642,333854,63,-20737,242,-20433,6088,-2736,23462,0,0,1,0,1,0
643,334375,123,-20818,196,-20499,11942,-2865,18997,0,0,1,0,1,0
644,334895,179,-20098,142,-19777,17337,-2883,13802,0,0,1,0,1,0
645,335416,227,-18606,83,-18295,22066,-2791,8077,0,0,1,0,1,0
646,335937,267,-16399,21,-16111,25947,-2592,2041,0,0,1,0,1,0
647,336458,297,-13562,-42,-13307,28831,-2292,-4073,0,0,1,0,1,0
648,336979,315,-10203,-103,-9991,30607,-1905,-10031,0,0,1,0,1,0
649,337500,321,-6453,-161,-6292,31207,-1445,-15603,0,0,1,0,1,0
650,338020,315,-2454,-212,-2351,30607,-929,-20576,0,0,1,0,1,0
651,338541,297,1639,-255,1681,28831,-377,-24758,0,0,1,0,1,0
652,339062,267,5669,-288,5648,25947,189,-27988,0,0,1,0,1,0
653,339583,227,9481,-310,9397,22066,748,-30143,0,0,1,0,1,0
654,340104,179,12928,-321,12786,17337,1278,-31140,0,0,1,0,1,0
655,340625,123,15879,-319,15684,11942,1759,-30940,0,0,1,0,1,0
656,341145,63,18220,-304,17978,6088,2172,-29551,0,0,1,0,1,0
657,341666,0,19860,-278,19582,0,2502,-27026,0,0,1,0,1,0
658,342187,-63,20738,-242,20433,-6088,2736,-23462,0,0,1,0,1,0
659,342708,-123,20818,-196,20499,-11942,2865,-18997,0,0,1,0,1,0
660,343229,-179,20098,-142,19778,-17337,2883,-13802,0,0,1,0,1,0
661,343750,-227,18606,-83,18296,-22066,2791,-8077,0,0,1,0,1,0
662,344270,-267,16399,-21,16111,-25947,2592,-2041,0,0,1,0,1,0
663,344791,-297,13562,42,13307,-28831,2292,4073,0,0,1,0,1,0
664,345312,-315,10204,103,9992,-30607,1905,10031,0,0,1,0,1,0
665,345833,-321,6453,161,6292,-31207,1445,15603,0,0,1,0,1,0
666,346354,-315,2455,212,2351,-30607,929,20576,0,0,1,0,1,0
667,346875,-297,-1638,255,-1680,-28831,377,24758,0,0,1,0,1,0
668,347395,-267,-5668,288,-5647,-25947,-189,27988,0,0,1,0,1,0
669,347916,-227,-9480,310,-9397,-22066,-748,30143,0,0,1,0,1,0
670,348437,-179,-12928,321,-12786,-17337,-1278,31140,0,0,1,0,1,0
671,348958,-123,-15879,319,-15683,-11942,-1759,30940,0,0,1,0,1,0
672,349479,-63,-18220,304,-17978,-6088,-2172,29551,0,0,1,0,1,0
673,350000,0,-19860,278,-19582,0,-2502,27026,0,0,1,0,1,0
674,350520,63,-20737,242,-20433,6088,-2736,23462,0,0,1,0,1,0
675,351041,123,-20818,196,-20499,11942,-2865,18997,0,0,1,0,1,0
676,351562,179,-20098,142,-19777,17337,-2883,13802,0,0,1,0,1,0
677,352083,227,-18606,83,-18296,22066,-2791,8077,0,0,1,0,1,0
678,352604,267,-16399,21,-16111,25947,-2592,2041,0,0,1,0,1,0
679,353125,297,-13562,-42,-13307,28831,-2292,-4073,0,0,1,0,1,0
680,353645,315,-10203,-103,-9991,30607,-1905,-10031,0,0,1,0,1,0
681,354166,321,-6453,-161,-6292,31207,-1445,-15603,0,0,1,0,1,0
682,354687,315,-2454,-212,-2351,30607,-929,-20576,0,0,1,0,1,0
683,355208,297,1639,-255,1681,28831,-377,-24758,0,0,1,0,1,0
684,355729,267,5668,-288,5647,25947,189,-27988,0,0,1,0,1,0
685,356250,227,9480,-310,9397,22066,748,-30143,0,0,1,0,1,0
686,356770,179,12928,-321,12786,17337,1278,-31140,0,0,1,0,1,0
687,357291,123,15879,-319,15683,11942,1759,-30940,0,0,1,0,1,0
688,357812,63,18220,-304,17978,6088,2172,-29551,0,0,1,0,1,0
689,358333,0,19860,-278,19582,0,2502,-27026,0,0,1,0,1,0
690,358854,-63,20738,-242,20433,-6088,2736,-23462,0,0,1,0,1,0
691,359375,-123,20818,-196,20499,-11942,2865,-18997,0,0,1,0,1,0
692,359895,-179,20098,-142,19778,-17337,2883,-13802,0,0,1,0,1,0
693,360416,-227,18606,-83,18296,-22066,2791,-8077,0,0,1,0,1,0
694,360937,-267,16399,-21,16111,-25947,2592,-2041,0,0,1,0,1,0
695,361458,-297,13562,42,13307,-28831,2292,4073,0,0,1,0,1,0
696,361979,-315,10204,103,9992,-30607,1905,10031,0,0,1,0,1,0
697,362500,-321,6453,161,6292,-31207,1445,15603,0,0,1,0,1,0
698,363020,-315,2455,212,2351,-30607,929,20576,0,0,1,0,1,0
699,363541,-297,-1638,255,-1680,-28831,377,24758,0,0,1,0,1,0
700,364062,-267,-5668,288,-5647,-25947,-189,27988,0,0,1,0,1,0
701,364583,-227,-9480,310,-9397,-22066,-748,30143,0,0,1,0,1,0
702,365104,-179,-12928,321,-12786,-17337,-1278,31140,0,0,1,0,1,0
703,365625,-123,-15879,319,-15683,-11942,-1759,30940,0,0,1,0,1,0
704,366145,-63,-18220,304,-17978,-6088,-2172,29551,0,0,1,0,1,0
705,366666,0,-19860,278,-19582,0,-2502,27026,0,0,1,0,1,0
706,367187,63,-20737,242,-20433,6088,-2736,23462,0,0,1,0,1,0
707,367708,123,-20818,196,-20499,11942,-2865,18997,0,0,1,0,1,0
708,368229,179,-20098,142,-19777,17337,-2883,13802,0,0,1,0,1,0
709,368750,227,-18606,83,-18296,22066,-2791,8077,0,0,1,0,1,0
710,369270,267,-16399,21,-16111,25947,-2592,2041,0,0,1,0,1,0
711,369791,297,-13562,-42,-13307,28831,-2292,-4073,0,0,1,0,1,0
712,370312,315,-10203,-103,-9992,30607,-1905,-10031,0,0,1,0,1,0
713,370833,321,-6453,-161,-6292,31207,-1445,-15603,0,0,1,0,1,0
714,371354,315,-2454,-212,-2351,30607,-929,-20576,0,0,1,0,1,0
715,371875,297,1638,-255,1680,28831,-377,-24758,0,0,1,0,1,0
716,372395,267,5668,-288,5647,25947,189,-27988,0,0,1,0,1,0
717,372916,227,9480,-310,9397,22066,748,-30143,0,0,1,0,1,0
718,373437,179,12928,-321,12786,17337,1278,-31140,0,0,1,0,1,0
719,373958,123,15879,-319,15683,11942,1759,-30940,0,0,1,0,1,0
720,374479,63,18220,-304,17978,6088,2172,-29551,0,0,1,0,1,0
721,375000,0,19860,-278,19582,0,2502,-27026,0,0,1,0,1,0
722,375520,-63,20738,-242,20433,-6088,2736,-23462,0,0,1,0,1,0
723,376041,-123,20818,-196,20499,-11942,2865,-18997,0,0,1,0,1,0
724,376562,-179,20098,-142,19778,-17337,2883,-13802,0,0,1,0,1,0
725,377083,-227,18606,-83,18296,-22066,2791,-8077,0,0,1,0,1,0
726,377604,-267,16399,-21,16111,-25947,2592,-2041,0,0,1,0,1,0
727,378125,-297,13562,42,13307,-28831,2292,4073,0,0,1,0,1,0
728,378645,-315,10204,103,9992,-30607,1905,10031,0,0,1,0,1,0
729,379166,-321,6453,161,6292,-31207,1445,15603,0,0,1,0,1,0
730,379687,-315,2455,212,2351,-30607,929,20576,0,0,1,0,1,0
731,380208,-297,-1638,255,-1680,-28831,377,24758,0,0,1,0,1,0
732,380729,-267,-5668,288,-5647,-25947,-189,27988,0,0,1,0,1,0
733,381250,-227,-9480,310,-9397,-22066,-748,30143,0,0,1,0,1,0
734,381770,-179,-12928,321,-12786,-17337,-1278,31140,0,0,1,0,1,0
735,382291,-123,-15879,319,-15683,-11942,-1759,30940,0,0,1,0,1,0
736,382812,-63,-18220,304,-17978,-6088,-2172,29551,0,0,1,0,1,0
737,383333,0,-19860,278,-19582,0,-2502,27026,0,0,1,0,1,0
738,383854,63,-20737,242,-20433,6088,-2736,23462,0,0,1,0,1,0
739,384375,123,-20818,196,-20499,11942,-2865,18997,0,0,1,0,1,0
740,384895,179,-20098,142,-19777,17337,-2883,13802,0,0,1,0,1,0
741,385416,227,-18606,83,-18296,22066,-2791,8077,0,0,1,0,1,0
742,385937,267,-16399,21,-16111,25947,-2592,2041,0,0,1,0,1,0
743,386458,297,-13562,-42,-13307,28831,-2292,-4073,0,0,1,0,1,0
744,386979,315,-10203,-103,-9992,30607,-1905,-10031,0,0,1,0,1,0
745,387500,321,-6453,-161,-6292,31207,-1445,-15603,0,0,1,0,1,0
746,388020,315,-2454,-212,-2351,30607,-929,-20576,0,0,1,0,1,0
747,388541,297,1638,-255,1680,28831,-377,-24758,0,0,1,0,1,0
748,389062,267,5668,-288,5647,25947,189,-27988,0,0,1,0,1,0
749,389583,227,9480,-310,9397,22066,748,-30143,0,0,1,0,1,0
750,390104,179,12928,-321,12786,17337,1278,-31140,0,0,1,0,1,0
751,390625,123,15879,-319,15683,11942,1759,-30940,0,0,1,0,1,0
752,391145,63,18220,-304,17978,6088,2172,-29551,0,0,1,0,1,0
753,391666,0,19860,-278,19582,0,2502,-27026,0,0,1,0,1,0
754,392187,-63,20738,-242,20433,-6088,2736,-23462,0,0,1,0,1,0
755,392708,-123,20818,-196,20499,-11942,2865,-18997,0,0,1,0,1,0
756,393229,-179,20098,-142,19778,-17337,2883,-13802,0,0,1,0,1,0
757,393750,-227,18606,-83,18296,-22066,2791,-8077,0,0,1,0,1,0
758,394270,-267,16399,-21,16111,-25947,2592,-2041,0,0,1,0,1,0
759,394791,-297,13562,42,13307,-28831,2292,4073,0,0,1,0,1,0
760,395312,-315,10204,103,9992,-30607,1905,10031,0,0,1,0,1,0
761,395833,-321,6453,161,6292,-31207,1445,15603,0,0,1,0,1,0
762,396354,-315,2454,212,2351,-30607,929,20576,0,0,1,0,1,0
763,396875,-297,-1638,255,-1680,-28831,377,24758,0,0,1,0,1,0
764,397395,-267,-5668,288,-5647,-25947,-189,27988,0,0,1,0,1,0
765,397916,-227,-9480,310,-9397,-22066,-748,30143,0,0,1,0,1,0
766,398437,-179,-12928,321,-12786,-17337,-1278,31140,0,0,1,0,1,0
767,398958,-123,-15879,319,-15683,-11942,-1759,30940,0,0,1,0,1,0
768,399479,-63,-18220,304,-17978,-6088,-2172,29551,0,0,1,0,1,0
769,400000,0,-19860,278,-19582,0,-2502,27026,0,0,1,0,1,0
770,400520,63,-20738,242,-20433,6088,-2736,23462,0,0,1,0,1,0
771,401041,123,-20818,196,-20499,11942,-2865,18997,0,0,1,0,1,0
772,401562,179,-20098,142,-19778,17337,-2883,13802,0,0,1,0,1,0
773,402083,227,-18606,83,-18296,22066,-2791,8077,0,0,1,0,1,0
774,402604,267,-16399,21,-16111,25947,-2592,2041,0,0,1,0,1,0
775,403125,297,-13562,-42,-13307,28831,-2292,-4073,0,0,1,0,1,0
776,403645,315,-10203,-103,-9992,30607,-1905,-10031,0,0,1,0,1,0
777,404166,321,-6453,-161,-6292,31207,-1445,-15603,0,0,1,0,1,0
778,404687,315,-2454,-212,-2351,30607,-929,-20576,0,0,1,0,1,0
779,405208,297,1638,-255,1680,28831,-377,-24758,0,0,1,0,1,0
780,405729,267,5668,-288,5647,25947,189,-27988,0,0,1,0,1,0
781,406250,227,9480,-310,9397,22066,748,-30143,0,0,1,0,1,0
782,406770,179,12928,-321,12786,17337,1278,-31140,0,0,1,0,1,0
783,407291,123,15879,-319,15683,11942,1759,-30940,0,0,1,0,1,0
784,407812,63,18220,-304,17978,6088,2172,-29551,0,0,1,0,1,0
785,408333,0,19860,-278,19582,0,2502,-27026,0,0,1,0,1,0
786,408854,-63,20738,-242,20433,-6088,2736,-23462,0,0,1,0,1,0
787,409375,-123,20818,-196,20499,-11942,2865,-18997,0,0,1,0,1,0
788,409895,-179,20098,-142,19778,-17337,2883,-13802,0,0,1,0,1,0
789,410416,-227,18606,-83,18296,-22066,2791,-8077,0,0,1,0,1,0
790,410937,-267,16399,-21,16111,-25947,2592,-2041,0,0,1,0,1,0
791,411458,-297,13562,42,13307,-28831,2292,4073,0,0,1,0,1,0
792,411979,-315,10204,103,9992,-30607,1905,10031,0,0,1,0,1,0
793,412500,-321,6453,161,6292,-31207,1445,15603,0,0,1,0,1,0
794,413020,-315,2454,212,2351,-30607,929,20576,0,0,1,0,1,0
795,413541,-297,-1638,255,-1680,-28831,377,24758,0,0,1,0,1,0
796,414062,-267,-5668,288,-5647,-25947,-189,27988,0,0,1,0,1,0
797,414583,-227,-9480,310,-9397,-22066,-748,30143,0,0,1,0,1,0
798,415104,-179,-12928,321,-12786,-17337,-1278,31140,0,0,1,0,1,0
799,415625,-123,-15879,319,-15683,-11942,-1759,30940,0,0,1,0,1,0
800,416145,-63,-18220,304,-17978,-6088,-2172,29551,0,0,1,0,1,0
801,416666,0,-19860,278,-19582,0,-2502,27026,0,0,1,0,1,0
802,417187,63,-20738,242,-20433,6088,-2736,23462,0,0,1,0,1,0
803,417708,123,-20818,196,-20499,11942,-2865,18997,0,0,1,0,1,0
804,418229,179,-20098,142,-19778,17337,-2883,13802,0,0,1,0,1,0
805,418750,227,-18606,83,-18296,22066,-2791,8077,0,0,1,0,1,0
806,419270,267,-16399,21,-16111,25947,-2592,2041,0,0,1,0,1,0
807,419791,297,-13562,-42,-13307,28831,-2292,-4073,0,0,1,0,1,0
808,420312,315,-10204,-103,-9992,30607,-1905,-10031,0,0,1,0,1,0
809,420833,321,-6453,-161,-6292,31207,-1445,-15603,0,0,1,0,1,0
810,421354,315,-2454,-212,-2351,30607,-929,-20576,0,0,1,0,1,0
811,421875,297,1638,-255,1680,28831,-377,-24758,0,0,1,0,1,0
812,422395,267,5668,-288,5647,25947,189,-27988,0,0,1,0,1,0
813,422916,227,9480,-310,9397,22066,748,-30143,0,0,1,0,1,0
814,423437,179,12928,-321,12786,17337,1278,-31140,0,0,1,0,1,0
815,423958,123,15879,-319,15683,11942,1759,-30940,0,0,1,0,1,0
816,424479,63,18220,-304,17978,6088,2172,-29551,0,0,1,0,1,0
817,425000,0,19860,-278,19582,0,2502,-27026,0,0,1,0,1,0
818,425520,-63,20738,-242,20433,-6088,2736,-23462,0,0,1,0,1,0
819,426041,-123,20818,-196,20499,-11942,2865,-18997,0,0,1,0,1,0
820,426562,-179,20098,-142,19778,-17337,2883,-13802,0,0,1,0,1,0
821,427083,-227,18606,-83,18296,-22066,2791,-8077,0,0,1,0,1,0
822,427604,-267,16399,-21,16111,-25947,2592,-2041,0,0,1,0,1,0
823,428125,-297,13562,42,13307,-28831,2292,4073,0,0,1,0,1,0
824,428645,-315,10204,103,9992,-30607,1905,10031,0,0,1,0,1,0
825,429166,-321,6453,161,6292,-31207,1445,15603,0,0,1,0,1,0
826,429687,-315,2454,212,2351,-30607,929,20576,0,0,1,0,1,0
827,430208,-297,-1638,255,-1680,-28831,377,24758,0,0,1,0,1,0
828,430729,-267,-5668,288,-5647,-25947,-189,27988,0,0,1,0,1,0
829,431250,-227,-9480,310,-9397,-22066,-748,30143,0,0,1,0,1,0
830,431770,-179,-12928,321,-12786,-17337,-1278,31140,0,0,1,0,1,0
831,432291,-123,-15879,319,-15683,-11942,-1759,30940,0,0,1,0,1,0
832,432812,-63,-18220,304,-17978,-6088,-2172,29551,0,0,1,0,1,0
833,433333,0,-19860,278,-19582,0,-2502,27026,0,0,1,0,1,0
834,433854,63,-20738,242,-20433,6088,-2736,23462,0,0,1,0,1,0
835,434375,123,-20818,196,-20499,11942,-2865,18997,0,0,1,0,1,0
836,434895,179,-20098,142,-19778,17337,-2883,13802,0,0,1,0,1,0
837,435416,227,-18606,83,-18296,22066,-2791,8077,0,0,1,0,1,0
838,435937,267,-16399,21,-16111,25947,-2592,2041,0,0,1,0,1,0
839,436458,297,-13562,-42,-13307,28831,-2292,-4073,0,0,1,0,1,0
840,436979,315,-10204,-103,-9992,30607,-1905,-10031,0,0,1,0,1,0
841,437500,321,-6453,-161,-6292,31207,-1445,-15603,0,0,1,0,1,0
842,438020,315,-2454,-212,-2351,30607,-929,-20576,0,0,1,0,1,0
843,438541,297,1638,-255,1680,28831,-377,-24758,0,0,1,0,1,0
844,439062,267,5668,-288,5647,25947,189,-27988,0,0,1,0,1,0
845,439583,227,9480,-310,9397,22066,748,-30143,0,0,1,0,1,0
846,440104,179,12928,-321,12786,17337,1278,-31140,0,0,1,0,1,0
847,440625,123,15879,-319,15683,11942,1759,-30940,0,0,1,0,1,0
848,441145,63,18220,-304,17978,6088,2172,-29551,0,0,1,0,1,0
849,441666,0,19860,-278,19582,0,2502,-27026,0,0,1,0,1,0
850,442187,-63,20738,-242,20433,-6088,2736,-23462,0,0,1,0,1,0
851,442708,-123,20818,-196,20499,-11942,2865,-18997,0,0,1,0,1,0
852,443229,-179,20098,-142,19778,-17337,2883,-13802,0,0,1,0,1,0
853,443750,-227,18606,-83,18296,-22066,2791,-8077,0,0,1,0,1,0
854,444270,-267,16399,-21,16111,-25947,2592,-2041,0,0,1,0,1,0
855,444791,-297,13562,42,13307,-28831,2292,4073,0,0,1,0,1,0
856,445312,-315,10204,103,9992,-30607,1905,10031,0,0,1,0,1,0
857,445833,-321,6453,161,6292,-31207,1445,15603,0,0,1,0,1,0
858,446354,-315,2454,212,2351,-30607,929,20576,0,0,1,0,1,0
859,446875,-297,-1638,255,-1680,-28831,377,24758,0,0,1,0,1,0
860,447395,-267,-5668,288,-5647,-25947,-189,27988,0,0,1,0,1,0
861,447916,-227,-9480,310,-9397,-22066,-748,30143,0,0,1,0,1,0
862,448437,-179,-12928,321,-12786,-17337,-1278,31140,0,0,1,0,1,0
863,448958,-123,-15879,319,-15683,-11942,-1759,30940,0,0,1,0,1,0
864,449479,-63,-18220,304,-17978,-6088,-2172,29551,0,0,1,0,1,0
865,450000,0,-19860,278,-19582,0,-2502,27026,0,0,1,0,1,0
866,450520,63,-20738,242,-20433,6088,-2736,23462,0,0,1,0,1,0
867,451041,123,-20818,196,-20499,11942,-2865,18997,0,0,1,0,1,0
868,451562,179,-20098,142,-19778,17337,-2883,13802,0,0,1,0,1,0
869,452083,227,-18606,83,-18296,22066,-2791,8077,0,0,1,0,1,0
870,452604,267,-16399,21,-16111,25947,-2592,2041,0,0,1,0,1,0
871,453125,297,-13562,-42,-13307,28831,-2292,-4073,0,0,1,0,1,0
872,453645,315,-10204,-103,-9992,30607,-1905,-10031,0,0,1,0,1,0
873,454166,321,-6453,-161,-6292,31207,-1445,-15603,0,0,1,0,1,0
874,454687,315,-2454,-212,-2351,30607,-929,-20576,0,0,1,0,1,0
875,455208,297,1638,-255,1680,28831,-377,-24758,0,0,1,0,1,0
876,455729,267,5668,-288,5647,25947,189,-27988,0,0,1,0,1,0
877,456250,227,9480,-310,9397,22066,748,-30143,0,0,1,0,1,0
878,456770,179,12928,-321,12786,17337,1278,-31140,0,0,1,0,1,0
879,457291,123,15879,-319,15683,11942,1759,-30940,0,0,1,0,1,0
880,457812,63,18220,-304,17978,6088,2172,-29551,0,0,1,0,1,0
881,458333,0,19860,-278,19582,0,2502,-27026,0,0,1,0,1,0
882,458854,-63,20738,-242,20433,-6088,2736,-23462,0,0,1,0,1,0
883,459375,-123,20818,-196,20499,-11942,2865,-18997,0,0,1,0,1,0
884,459895,-179,20098,-142,19778,-17337,2883,-13802,0,0,1,0,1,0
885,460416,-227,18606,-83,18296,-22066,2791,-8077,0,0,1,0,1,0
886,460937,-267,16399,-21,16111,-25947,2592,-2041,0,0,1,0,1,0
887,461458,-297,13562,42,13307,-28831,2292,4073,0,0,1,0,1,0
888,461979,-315,10204,103,9992,-30607,1905,10031,0,0,1,0,1,0
889,462500,-321,6453,161,6292,-31207,1445,15603,0,0,1,0,1,0
890,463020,-315,2454,212,2351,-30607,929,20576,0,0,1,0,1,0
891,463541,-297,-1638,255,-1680,-28831,377,24758,0,0,1,0,1,0
892,464062,-267,-5668,288,-5647,-25947,-189,27988,0,0,1,0,1,0
893,464583,-227,-9480,310,-9397,-22066,-748,30143,0,0,1,0,1,0
894,465104,-179,-12928,321,-12786,-17337,-1278,31140,0,0,1,0,1,0
895,465625,-123,-15879,319,-15683,-11942,-1759,30940,0,0,1,0,1,0
896,466145,-63,-18220,304,-17978,-6088,-2172,29551,0,0,1,0,1,0
897,466666,0,-19860,278,-19582,0,-2502,27026,0,0,1,0,1,0
898,467187,63,-20738,242,-20433,6088,-2736,23462,0,0,1,0,1,0
899,467708,123,-20818,196,-20499,11942,-2865,18997,0,0,1,0,1,0
900,468229,179,-20098,142,-19778,17337,-2883,13802,0,0,1,0,1,0
901,468750,227,-18606,83,-18296,22066,-2791,8077,0,0,1,0,1,0
902,469270,267,-16399,21,-16111,25947,-2592,2041,0,0,1,0,1,0
903,469791,297,-13562,-42,-13307,28831,-2292,-4073,0,0,1,0,1,0
904,470312,315,-10204,-103,-9992,30607,-1905,-10031,0,0,1,0,1,0
905,470833,321,-6453,-161,-6292,31207,-1445,-15603,0,0,1,0,1,0
906,471354,315,-2454,-212,-2351,30607,-929,-20576,0,0,1,0,1,0
907,471875,297,1638,-255,1680,28831,-377,-24758,0,0,1,0,1,0
908,472395,267,5668,-288,5647,25947,189,-27988,0,0,1,0,1,0
909,472916,227,9480,-310,9397,22066,748,-30143,0,0,1,0,1,0
910,473437,179,12928,-321,12786,17337,1278,-31140,0,0,1,0,1,0
911,473958,123,15879,-319,15683,11942,1759,-30940,0,0,1,0,1,0
912,474479,63,18220,-304,17978,6088,2172,-29551,0,0,1,0,1,0
913,475000,0,19860,-278,19582,0,2502,-27026,0,0,1,0,1,0
914,475520,-63,20738,-242,20433,-6088,2736,-23462,0,0,1,0,1,0
915,476041,-123,20818,-196,20499,-11942,2865,-18997,0,0,1,0,1,0
916,476562,-179,20098,-142,19778,-17337,2883,-13802,0,0,1,0,1,0
917,477083,-227,18606,-83,18296,-22066,2791,-8077,0,0,1,0,1,0
918,477604,-267,16399,-21,16111,-25947,2592,-2041,0,0,1,0,1,0
919,478125,-297,13562,42,13307,-28831,2292,4073,0,0,1,0,1,0
920,478645,-315,10204,103,9992,-30607,1905,10031,0,0,1,0,1,0
921,479166,-321,6453,161,6292,-31207,1445,15603,0,0,1,0,1,0
922,479687,-315,2454,212,2351,-30607,929,20576,0,0,1,0,1,0
923,480208,-297,-1638,255,-1680,-28831,377,24758,0,0,1,0,1,0
924,480729,-267,-5668,288,-5647,-25947,-189,27988,0,0,1,0,1,0
925,481250,-227,-9480,310,-9397,-22066,-748,30143,0,0,1,0,1,0
926,481770,-179,-12928,321,-12786,-17337,-1278,31140,0,0,1,0,1,0
927,482291,-123,-15879,319,-15683,-11942,-1759,30940,0,0,1,0,1,0
928,482812,-63,-18220,304,-17978,-6088,-2172,29551,0,0,1,0,1,0
929,483333,0,-19860,278,-19582,0,-2502,27026,0,0,1,0,1,0
930,483854,63,-20738,242,-20433,6088,-2736,23462,0,0,1,0,1,0
931,484375,123,-20818,196,-20499,11942,-2865,18997,0,0,1,0,1,0
932,484895,179,-20098,142,-19778,17337,-2883,13802,0,0,1,0,1,0
933,485416,227,-18606,83,-18296,22066,-2791,8077,0,0,1,0,1,0
934,485937,267,-16399,21,-16111,25947,-2592,2041,0,0,1,0,1,0
935,486458,297,-13562,-42,-13307,28831,-2292,-4073,0,0,1,0,1,0
936,486979,315,-10204,-103,-9992,30607,-1905,-10031,0,0,1,0,1,0
937,487500,321,-6453,-161,-6292,31207,-1445,-15603,0,0,1,0,1,0
938,488020,315,-2454,-212,-2351,30607,-929,-20576,0,0,1,0,1,0
939,488541,297,1638,-255,1680,28831,-377,-24758,0,0,1,0,1,0
940,489062,267,5668,-288,5647,25947,189,-27988,0,0,1,0,1,0
941,489583,227,9480,-310,9397,22066,748,-30143,0,0,1,0,1,0
942,490104,179,12928,-321,12786,17337,1278,-31140,0,0,1,0,1,0
943,490625,123,15879,-319,15683,11942,1759,-30940,0,0,1,0,1,0
944,491145,63,18220,-304,17978,6088,2172,-29551,0,0,1,0,1,0
945,491666,0,19860,-278,19582,0,2502,-27026,0,0,1,0,1,0
946,492187,-63,20738,-242,20433,-6088,2736,-23462,0,0,1,0,1,0
947,492708,-123,20818,-196,20499,-11942,2865,-18997,0,0,1,0,1,0
948,493229,-179,20098,-142,19778,-17337,2883,-13802,0,0,1,0,1,0
949,493750,-227,18606,-83,18296,-22066,2791,-8077,0,0,1,0,1,0
950,494270,-267,16399,-21,16111,-25947,2592,-2041,0,0,1,0,1,0
951,494791,-297,13562,42,13307,-28831,2292,4073,0,0,1,0,1,0
952,495312,-315,10204,103,9992,-30607,1905,10031,0,0,1,0,1,0
953,495833,-321,6453,161,6292,-31207,1445,15603,0,0,1,0,1,0
954,496354,-315,2454,212,2351,-30607,929,20576,0,0,1,0,1,0
955,496875,-297,-1638,255,-1680,-28831,377,24758,0,0,1,0,1,0
956,497395,-267,-5668,288,-5647,-25947,-189,27988,0,0,1,0,1,0
957,497916,-227,-9480,310,-9397,-22066,-748,30143,0,0,1,0,1,0
958,498437,-179,-12928,321,-12786,-17337,-1278,31140,0,0,1,0,1,0
959,498958,-123,-15879,319,-15683,-11942,-1759,30940,0,0,1,0,1,0
960,499479,-63,-18220,304,-17978,-6088,-2172,29551,0,0,1,0,1,0
961,500000,0,-19860,278,-19582,0,-2502,27026,0,0,1,0,1,0
962,500520,63,-20738,242,-20433,6088,-2736,23462,0,0,1,0,1,0
963,501041,123,-20818,196,-20499,11942,-2865,18997,0,0,1,0,1,0
964,501562,179,-20098,142,-19778,17337,-2883,13802,0,0,1,0,1,0
965,502083,227,-18606,83,-18296,22066,-2791,8077,0,0,1,0,1,0
966,502604,267,-16399,21,-16111,25947,-2592,2041,0,0,1,0,1,0
967,503125,297,-13562,-42,-13307,28831,-2292,-4073,0,0,1,0,1,0
968,503645,315,-10204,-103,-9992,30607,-1905,-10031,0,0,1,0,1,0
969,504166,321,-6453,-161,-6292,31207,-1445,-15603,0,0,1,0,1,0
970,504687,315,-2454,-212,-2351,30607,-929,-20576,0,0,1,0,1,0
971,505208,297,1638,-255,1680,28831,-377,-24758,0,0,1,0,1,0
972,505729,267,5668,-288,5647,25947,189,-27988,0,0,1,0,1,0
973,506250,227,9480,-310,9397,22066,748,-30143,0,0,1,0,1,0
974,506770,179,12928,-321,12786,17337,1278,-31140,0,0,1,0,1,0
975,507291,123,15879,-319,15683,11942,1759,-30940,0,0,1,0,1,0
976,507812,63,18220,-304,17978,6088,2172,-29551,0,0,1,0,1,0
977,508333,0,19860,-278,19582,0,2502,-27026,0,0,1,0,1,0
978,508854,-63,20738,-242,20433,-6088,2736,-23462,0,0,1,0,1,0
979,509375,-123,20818,-196,20499,-11942,2865,-18997,0,0,1,0,1,0
980,509895,-179,20098,-142,19778,-17337,2883,-13802,0,0,1,0,1,0
981,510416,-227,18606,-83,18296,-22066,2791,-8077,0,0,1,0,1,0
982,510937,-267,16399,-21,16111,-25947,2592,-2041,0,0,1,0,1,0
983,511458,-297,13562,42,13307,-28831,2292,4073,0,0,1,0,1,0
984,511979,-315,10204,103,9992,-30607,1905,10031,0,0,1,0,1,0
985,512499,-321,6453,161,6292,-31207,1445,15603,0,0,1,0,1,0
986,513020,-315,2454,212,2351,-30607,929,20576,0,0,1,0,1,0
987,513541,-297,-1638,255,-1680,-28831,377,24758,0,0,1,0,1,0
988,514062,-267,-5668,288,-5647,-25947,-189,27988,0,0,1,0,1,0
989,514583,-227,-9480,310,-9397,-22066,-748,30143,0,0,1,0,1,0
990,515104,-179,-12928,321,-12786,-17337,-1278,31140,0,0,1,0,1,0
991,515625,-123,-15879,319,-15683,-11942,-1759,30940,0,0,1,0,1,0
992,516145,-63,-18220,304,-17978,-6088,-2172,29551,0,0,1,0,1,0
993,516666,0,-19860,278,-19582,0,-2502,27026,0,0,1,0,1,0
994,517187,63,-20738,242,-20433,6088,-2736,23462,0,0,1,0,1,0
995,517708,123,-20818,196,-20499,11942,-2865,18997,0,0,1,0,1,0
996,518229,179,-20098,142,-19778,17337,-2883,13802,0,0,1,0,1,0
997,518750,227,-18606,83,-18296,22066,-2791,8077,0,0,1,0,1,0
998,519270,267,-16399,21,-16111,25947,-2592,2041,0,0,1,0,1,0
999,519791,297,-13562,-42,-13307,28831,-2292,-4073,0,0,1,0,1,0
1000,520312,315,-10204,-103,-9992,30607,-1905,-10031,0,0,1,0,1,0
1001,520833,321,-6453,-161,-6292,31207,-1445,-15603,0,0,1,0,1,0
1002,521354,315,-2454,-212,-2351,30607,-929,-20576,0,0,1,0,1,0
1003,521875,297,1638,-255,1680,28831,-377,-24758,0,0,1,0,1,0
1004,522395,267,5668,-288,5647,25947,189,-27988,0,0,1,0,1,0
1005,522916,227,9480,-310,9397,22066,748,-30143,0,0,1,0,1,0
1006,523437,179,12928,-321,12786,17337,1278,-31140,0,0,1,0,1,0
1007,523958,123,15879,-319,15683,11942,1759,-30940,0,0,1,0,1,0
1008,524479,63,18220,-304,17978,6088,2172,-29551,0,0,1,0,1,0
1009,525000,0,19860,-278,19582,0,2502,-27026,0,0,1,0,1,0
1010,525520,-63,20738,-242,20433,-6088,2736,-23462,0,0,1,0,1,0
1011,526041,-123,20818,-196,20499,-11942,2865,-18997,0,0,1,0,1,0
1012,526562,-179,20098,-142,19778,-17337,2883,-13802,0,0,1,0,1,0
1013,527083,-227,18606,-83,18296,-22066,2791,-8077,0,0,1,0,1,0
1014,527604,-267,16399,-21,16111,-25947,2592,-2041,0,0,1,0,1,0
1015,528125,-297,13562,42,13307,-28831,2292,4073,0,0,1,0,1,0
1016,528645,-315,10204,103,9992,-30607,1905,10031,0,0,1,0,1,0
1017,529166,-321,6453,161,6292,-31207,1445,15603,0,0,1,0,1,0
1018,529687,-315,2454,212,2351,-30607,929,20576,0,0,1,0,1,0
1019,530208,-297,-1638,255,-1680,-28831,377,24758,0,0,1,0,1,0
1020,530729,-267,-5668,288,-5647,-25947,-189,27988,0,0,1,0,1,0
1021,531250,-227,-9480,310,-9397,-22066,-748,30143,0,0,1,0,1,0
1022,531770,-179,-12928,321,-12786,-17337,-1278,31140,0,0,1,0,1,0
1023,532291,-123,-15879,319,-15683,-11942,-1759,30940,0,0,1,0,1,0
1024,532812,-63,-18220,304,-17978,-6088,-2172,29551,0,0,1,0,1,0
1025,533333,0,-19860,278,-19582,0,-2502,27026,0,0,1,0,1,0
1026,533854,63,-20738,242,-20433,6088,-2736,23462,0,0,1,0,1,0
1027,534375,123,-20818,196,-20499,11942,-2865,18997,0,0,1,0,1,0
1028,534895,179,-20098,142,-19778,17337,-2883,13802,0,0,1,0,1,0
1029,535416,227,-18606,83,-18296,22066,-2791,8077,0,0,1,0,1,0
1030,535937,267,-16399,21,-16111,25947,-2592,2041,0,0,1,0,1,0
1031,536458,297,-13562,-42,-13307,28831,-2292,-4073,0,0,1,0,1,0
1032,536979,315,-10204,-103,-9992,30607,-1905,-10031,0,0,1,0,1,0
1033,537500,321,-6453,-161,-6292,31207,-1445,-15603,0,0,1,0,1,0
1034,538020,315,-2454,-212,-2351,30607,-929,-20576,0,0,1,0,1,0
1035,538541,297,1638,-255,1680,28831,-377,-24758,0,0,1,0,1,0
1036,539062,267,5668,-288,5647,25947,189,-27988,0,0,1,0,1,0
1037,539583,227,9480,-310,9397,22066,748,-30143,0,0,1,0,1,0
1038,540104,179,12928,-321,12786,17337,1278,-31140,0,0,1,0,1,0
1039,540625,123,15879,-319,15683,11942,1759,-30940,0,0,1,0,1,0
1040,541145,63,18220,-304,17978,6088,2172,-29551,0,0,1,0,1,0
1041,541666,0,19860,-278,19582,0,2502,-27026,0,0,1,0,1,0
1042,542187,-63,20738,-242,20433,-6088,2736,-23462,0,0,1,0,1,0
1043,542708,-123,20818,-196,20499,-11942,2865,-18997,0,0,1,0,1,0
1044,543229,-179,20098,-142,19778,-17337,2883,-13802,0,0,1,0,1,0
1045,543750,-227,18606,-83,18296,-22066,2791,-8077,0,0,1,0,1,0
1046,544270,-267,16399,-21,16111,-25947,2592,-2041,0,0,1,0,1,0
1047,544791,-297,13562,42,13307,-28831,2292,4073,0,0,1,0,1,0
1048,545312,-315,10204,103,9992,-30607,1905,10031,0,0,1,0,1,0
1049,545833,-321,6453,161,6292,-31207,1445,15603,0,0,1,0,1,0
1050,546354,-315,2454,212,2351,-30607,929,20576,0,0,1,0,1,0
1051,546875,-297,-1638,255,-1680,-28831,377,24758,0,0,1,0,1,0
1052,547395,-267,-5668,288,-5647,-25947,-189,27988,0,0,1,0,1,0
1053,547916,-227,-9480,310,-9397,-22066,-748,30143,0,0,1,0,1,0
1054,548437,-179,-12928,321,-12786,-17337,-1278,31140,0,0,1,0,1,0
1055,548958,-123,-15879,319,-15683,-11942,-1759,30940,0,0,1,0,1,0
1056,549479,-63,-18220,304,-17978,-6088,-2172,29551,0,0,1,0,1,0
1057,550000,0,-19860,278,-19582,0,-2502,27026,0,0,1,0,1,0
1058,550520,63,-20738,242,-20433,6088,-2736,23462,0,0,1,0,1,0
1059,551041,123,-20818,196,-20499,11942,-2865,18997,0,0,1,0,1,0
1060,551562,179,-20098,142,-19778,17337,-2883,13802,0,0,1,0,1,0
1061,552083,227,-18606,83,-18296,22066,-2791,8077,0,0,1,0,1,0
1062,552604,267,-16399,21,-16111,25947,-2592,2041,0,0,1,0,1,0
1063,553125,297,-13562,-42,-13307,28831,-2292,-4073,0,0,1,0,1,0
1064,553645,315,-10204,-103,-9992,30607,-1905,-10031,0,0,1,0,1,0
1065,554166,321,-6453,-161,-6292,31207,-1445,-15603,0,0,1,0,1,0
1066,554687,315,-2454,-212,-2351,30607,-929,-20576,0,0,1,0,1,0
1067,555208,297,1638,-255,1680,28831,-377,-24758,0,0,1,0,1,0
1068,555729,267,5668,-288,5647,25947,189,-27988,0,0,1,0,1,0
1069,556250,227,9480,-310,9397,22066,748,-30143,0,0,1,0,1,0
1070,556770,179,12928,-321,12786,17337,1278,-31140,0,0,1,0,1,0
1071,557291,123,15879,-319,15683,11942,1759,-30940,0,0,1,0,1,0
1072,557812,63,18220,-304,17978,6088,2172,-29551,0,0,1,0,1,0
1073,558333,0,19860,-278,19582,0,2502,-27026,0,0,1,0,1,0
1074,558854,-63,20738,-242,20433,-6088,2736,-23462,0,0,1,0,1,0
1075,559375,-123,20818,-196,20499,-11942,2865,-18997,0,0,1,0,1,0
1076,559895,-179,20098,-142,19778,-17337,2883,-13802,0,0,1,0,1,0
1077,560416,-227,18606,-83,18296,-22066,2791,-8077,0,0,1,0,1,0
1078,560937,-267,16399,-21,16111,-25947,2592,-2041,0,0,1,0,1,0
1079,561458,-297,13562,42,13307,-28831,2292,4073,0,0,1,0,1,0
1080,561979,-315,10204,103,9992,-30607,1905,10031,0,0,1,0,1,0
1081,562500,-321,6453,161,6292,-31207,1445,15603,0,0,1,0,1,0
1082,563020,-315,2454,212,2351,-30607,929,20576,0,0,1,0,1,0
1083,563541,-297,-1638,255,-1680,-28831,377,24758,0,0,1,0,1,0
1084,564062,-267,-5668,288,-5647,-25947,-189,27988,0,0,1,0,1,0
1085,564583,-227,-9480,310,-9397,-22066,-748,30143,0,0,1,0,1,0
1086,565104,-179,-12928,321,-12786,-17337,-1278,31140,0,0,1,0,1,0
1087,565625,-123,-15879,319,-15683,-11942,-1759,30940,0,0,1,0,1,0
1088,566145,-63,-18220,304,-17978,-6088,-2172,29551,0,0,1,0,1,0
1089,566666,0,-19860,278,-19582,0,-2502,27026,0,0,1,0,1,0
1090,567187,63,-20738,242,-20433,6088,-2736,23462,0,0,1,0,1,0
1091,567708,123,-20818,196,-20499,11942,-2865,18997,0,0,1,0,1,0
1092,568229,179,-20098,142,-19778,17337,-2883,13802,0,0,1,0,1,0
1093,568750,227,-18606,83,-18296,22066,-2791,8077,0,0,1,0,1,0
1094,569270,267,-16399,21,-16111,25947,-2592,2041,0,0,1,0,1,0
1095,569791,297,-13562,-42,-13307,28831,-2292,-4073,0,0,1,0,1,0
1096,570312,315,-10204,-103,-9992,30607,-1905,-10031,0,0,1,0,1,0
1097,570833,321,-6453,-161,-6292,31207,-1445,-15603,0,0,1,0,1,0
1098,571354,315,-2454,-212,-2351,30607,-929,-20576,0,0,1,0,1,0
1099,571875,297,1638,-255,1680,28831,-377,-24758,0,0,1,0,1,0
1100,572395,267,5668,-288,5647,25947,189,-27988,0,0,1,0,1,0
1101,572916,227,9480,-310,9397,22066,748,-30143,0,0,1,0,1,0
1102,573437,179,12928,-321,12786,17337,1278,-31140,0,0,1,0,1,0
1103,573958,123,15879,-319,15683,11942,1759,-30940,0,0,1,0,1,0
1104,574479,63,18220,-304,17978,6088,2172,-29551,0,0,1,0,1,0
1105,575000,0,19860,-278,19582,0,2502,-27026,0,0,1,0,1,0
1106,575520,-63,20738,-242,20433,-6088,2736,-23462,0,0,1,0,1,0
1107,576041,-123,20818,-196,20499,-11942,2865,-18997,0,0,1,0,1,0
1108,576562,-179,20098,-142,19778,-17337,2883,-13802,0,0,1,0,1,0
1109,577083,-227,18606,-83,18296,-22066,2791,-8077,0,0,1,0,1,0
1110,577604,-267,16399,-21,16111,-25947,2592,-2041,0,0,1,0,1,0
1111,578125,-297,13562,42,13307,-28831,2292,4073,0,0,1,0,1,0
1112,578645,-315,10204,103,9992,-30607,1905,10031,0,0,1,0,1,0
1113,579166,-321,6453,161,6292,-31207,1445,15603,0,0,1,0,1,0
1114,579687,-315,2454,212,2351,-30607,929,20576,0,0,1,0,1,0
1115,580208,-297,-1638,255,-1680,-28831,377,24758,0,0,1,0,1,0
1116,580729,-267,-5668,288,-5647,-25947,-189,27988,0,0,1,0,1,0
1117,581250,-227,-9480,310,-9397,-22066,-748,30143,0,0,1,0,1,0
1118,581770,-179,-12928,321,-12786,-17337,-1278,31140,0,0,1,0,1,0
1119,582291,-123,-15879,319,-15683,-11942,-1759,30940,0,0,1,0,1,0
1120,582812,-63,-18220,304,-17978,-6088,-2172,29551,0,0,1,0,1,0
1121,583333,0,-19860,278,-19582,0,-2502,27026,0,0,1,0,1,0
1122,583854,63,-20738,242,-20433,6088,-2736,23462,0,0,1,0,1,0
1123,584375,123,-20818,196,-20499,11942,-2865,18997,0,0,1,0,1,0
1124,584895,179,-20098,142,-19778,17337,-2883,13802,0,0,1,0,1,0
1125,585416,227,-18606,83,-18296,22066,-2791,8077,0,0,1,0,1,0
1126,585937,267,-16399,21,-16111,25947,-2592,2041,0,0,1,0,1,0
1127,586458,297,-13562,-42,-13307,28831,-2292,-4073,0,0,1,0,1,0
1128,586979,315,-10204,-103,-9992,30607,-1905,-10031,0,0,1,0,1,0
1129,587500,321,-6453,-161,-6292,31207,-1445,-15603,0,0,1,0,1,0
1130,588020,315,-2454,-212,-2351,30607,-929,-20576,0,0,1,0,1,0
1131,588541,297,1638,-255,1680,28831,-377,-24758,0,0,1,0,1,0
1132,589062,267,5668,-288,5647,25947,189,-27988,0,0,1,0,1,0
1133,589583,227,9480,-310,9397,22066,748,-30143,0,0,1,0,1,0
1134,590104,179,12928,-321,12786,17337,1278,-31140,0,0,1,0,1,0
1135,590625,123,15879,-319,15683,11942,1759,-30940,0,0,1,0,1,0
1136,591145,63,18220,-304,17978,6088,2172,-29551,0,0,1,0,1,0
1137,591666,0,19860,-278,19582,0,2502,-27026,0,0,1,0,1,0
1138,592187,-63,20738,-242,20433,-6088,2736,-23462,0,0,1,0,1,0
1139,592708,-123,20818,-196,20499,-11942,2865,-18997,0,0,1,0,1,0
1140,593229,-179,20098,-142,19778,-17337,2883,-13802,0,0,1,0,1,0
1141,593750,-227,18606,-83,18296,-22066,2791,-8077,0,0,1,0,1,0
1142,594270,-267,16399,-21,16111,-25947,2592,-2041,0,0,1,0,1,0
1143,594791,-297,13562,42,13307,-28831,2292,4073,0,0,1,0,1,0
1144,595312,-315,10204,103,9992,-30607,1905,10031,0,0,1,0,1,0
1145,595833,-321,6453,161,6292,-31207,1445,15603,0,0,1,0,1,0
1146,596354,-315,2454,212,2351,-30607,929,20576,0,0,1,0,1,0
1147,596875,-297,-1638,255,-1680,-28831,377,24758,0,0,1,0,1,0
1148,597395,-267,-5668,288,-5647,-25947,-189,27988,0,0,1,0,1,0
1149,597916,-227,-9480,310,-9397,-22066,-748,30143,0,0,1,0,1,0
1150,598437,-179,-12928,321,-12786,-17337,-1278,31140,0,0,1,0,1,0
1151,598958,-123,-15879,319,-15683,-11942,-1759,30940,0,0,1,0,1,0
1152,599479,-63,-18220,304,-17978,-6088,-2172,29551,0,0,1,0,1,0
1153,600000,0,-19860,278,-19582,0,-2502,27026,0,0,1,0,1,0
1154,600520,63,-20738,242,-20433,6088,-2736,23462,0,0,1,0,1,0
1155,601041,123,-20818,196,-20499,11942,-2865,18997,0,0,1,0,1,0
1156,601562,179,-20098,142,-19778,17337,-2883,13802,0,0,1,0,1,0
1157,602083,227,-18606,83,-18296,22066,-2791,8077,0,0,1,0,1,0
1158,602604,267,-16399,21,-16111,25947,-2592,2041,0,0,1,0,1,0
1159,603125,297,-13562,-42,-13307,28831,-2292,-4073,0,0,1,0,1,0
1160,603645,315,-10204,-103,-9992,30607,-1905,-10031,0,0,1,0,1,0
1161,604166,321,-6453,-161,-6292,31207,-1445,-15603,0,0,1,0,1,0
1162,604687,315,-2454,-212,-2351,30607,-929,-20576,0,0,1,0,1,0
1163,605208,297,1638,-255,1680,28831,-377,-24758,0,0,1,0,1,0
1164,605729,267,5668,-288,5647,25947,189,-27988,0,0,1,0,1,0
1165,606250,227,9480,-310,9397,22066,748,-30143,0,0,1,0,1,0
1166,606770,179,12928,-321,12786,17337,1278,-31140,0,0,1,0,1,0
1167,607291,123,15879,-319,15683,11942,1759,-30940,0,0,1,0,1,0
1168,607812,63,18220,-304,17978,6088,2172,-29551,0,0,1,0,1,0
1169,608333,0,19860,-278,19582,0,2502,-27026,0,0,1,0,1,0
1170,608854,-63,20738,-242,20433,-6088,2736,-23462,0,0,1,0,1,0
1171,609375,-123,20818,-196,20499,-11942,2865,-18997,0,0,1,0,1,0
1172,609895,-179,20098,-142,19778,-17337,2883,-13802,0,0,1,0,1,0
1173,610416,-227,18606,-83,18296,-22066,2791,-8077,0,0,1,0,1,0
1174,610937,-267,16399,-21,16111,-25947,2592,-2041,0,0,1,0,1,0
1175,611458,-297,13562,42,13307,-28831,2292,4073,0,0,1,0,1,0
1176,611979,-315,10204,103,9992,-30607,1905,10031,0,0,1,0,1,0
1177,612500,-321,6453,161,6292,-31207,1445,15603,0,0,1,0,1,0
1178,613020,-315,2454,212,2351,-30607,929,20576,0,0,1,0,1,0
1179,613541,-297,-1638,255,-1680,-28831,377,24758,0,0,1,0,1,0
1180,614062,-267,-5668,288,-5647,-25947,-189,27988,0,0,1,0,1,0
1181,614583,-227,-9480,310,-9397,-22066,-748,30143,0,0,1,0,1,0
1182,615104,-179,-12928,321,-12786,-17337,-1278,31140,0,0,1,0,1,0
1183,615625,-123,-15879,319,-15683,-11942,-1759,30940,0,0,1,0,1,0
1184,616145,-63,-18220,304,-17978,-6088,-2172,29551,0,0,1,0,1,0
1185,616666,0,-19860,278,-19582,0,-2502,27026,0,0,1,0,1,0
1186,617187,63,-20738,242,-20433,6088,-2736,23462,0,0,1,0,1,0
1187,617708,123,-20818,196,-20499,11942,-2865,18997,0,0,1,0,1,0
1188,618229,179,-20098,142,-19778,17337,-2883,13802,0,0,1,0,1,0
1189,618750,227,-18606,83,-18296,22066,-2791,8077,0,0,1,0,1,0
1190,619270,267,-16399,21,-16111,25947,-2592,2041,0,0,1,0,1,0
1191,619791,297,-13562,-42,-13307,28831,-2292,-4073,0,0,1,0,1,0
1192,620312,315,-10204,-103,-9992,30607,-1905,-10031,0,0,1,0,1,0
1193,620833,321,-6453,-161,-6292,31207,-1445,-15603,0,0,1,0,1,0
1194,621354,315,-2454,-212,-2351,30607,-929,-20576,0,0,1,0,1,0
1195,621875,297,1638,-255,1680,28831,-377,-24758,0,0,1,0,1,0
1196,622395,267,5668,-288,5647,25947,189,-27988,0,0,1,0,1,0
1197,622916,227,9480,-310,9397,22066,748,-30143,0,0,1,0,1,0
1198,623437,179,12928,-321,12786,17337,1278,-31140,0,0,1,0,1,0
1199,623958,123,15879,-319,15683,11942,1759,-30940,0,0,1,0,1,0
1200,624479,63,18220,-304,17978,6088,2172,-29551,0,0,1,0,1,0
1201,625000,0,19860,-278,19582,0,2502,-27026,0,0,1,0,1,0
1202,625520,-63,20738,-242,20433,-6088,2736,-23462,0,0,1,0,1,0
1203,626041,-123,20818,-196,20499,-11942,2865,-18997,0,0,1,0,1,0
1204,626562,-179,20098,-142,19778,-17337,2883,-13802,0,0,1,0,1,0
1205,627083,-227,18606,-83,18296,-22066,2791,-8077,0,0,1,0,1,0
1206,627604,-267,16399,-21,16111,-25947,2592,-2041,0,0,1,0,1,0
1207,628125,-297,13562,42,13307,-28831,2292,4073,0,0,1,0,1,0
1208,628645,-315,10204,103,9992,-30607,1905,10031,0,0,1,0,1,0
1209,629166,-321,6453,161,6292,-31207,1445,15603,0,0,1,0,1,0
1210,629687,-315,2454,212,2351,-30607,929,20576,0,0,1,0,1,0
1211,630208,-297,-1638,255,-1680,-28831,377,24758,0,0,1,0,1,0
1212,630729,-267,-5668,288,-5647,-25947,-189,27988,0,0,1,0,1,0
1213,631250,-227,-9480,310,-9397,-22066,-748,30143,0,0,1,0,1,0
1214,631770,-179,-12928,321,-12786,-17337,-1278,31140,0,0,1,0,1,0
1215,632291,-123,-15879,319,-15683,-11942,-1759,30940,0,0,1,0,1,0
1216,632812,-63,-18220,304,-17978,-6088,-2172,29551,0,0,1,0,1,0
1217,633333,0,-19860,278,-19582,0,-2502,27026,0,0,1,0,1,0
1218,633854,63,-20738,242,-20433,6088,-2736,23462,0,0,1,0,1,0
1219,634375,123,-20818,196,-20499,11942,-2865,18997,0,0,1,0,1,0
1220,634895,179,-20098,142,-19778,17337,-2883,13802,0,0,1,0,1,0
1221,635416,227,-18606,83,-18296,22066,-2791,8077,0,0,1,0,1,0
1222,635937,267,-16399,21,-16111,25947,-2592,2041,0,0,1,0,1,0
1223,636458,297,-13562,-42,-13307,28831,-2292,-4073,0,0,1,0,1,0
1224,636979,315,-10204,-103,-9992,30607,-1905,-10031,0,0,1,0,1,0
1225,637500,321,-6453,-161,-6292,31207,-1445,-15603,0,0,1,0,1,0
1226,638020,315,-2454,-212,-2351,30607,-929,-20576,0,0,1,0,1,0
1227,638541,297,1638,-255,1680,28831,-377,-24758,0,0,1,0,1,0
1228,639062,267,5668,-288,5647,25947,189,-27988,0,0,1,0,1,0
1229,639583,227,9480,-310,9397,22066,748,-30143,0,0,1,0,1,0
1230,640104,179,12928,-321,12786,17337,1278,-31140,0,0,1,0,1,0
1231,640625,123,15879,-319,15683,11942,1759,-30940,0,0,1,0,1,0
1232,641145,63,18220,-304,17978,6088,2172,-29551,0,0,1,0,1,0
1233,641666,0,19860,-278,19582,0,2502,-27026,0,0,1,0,1,0
1234,642187,-63,20738,-242,20433,-6088,2736,-23462,0,0,1,0,1,0
1235,642708,-123,20818,-196,20499,-11942,2865,-18997,0,0,1,0,1,0
1236,643229,-179,20098,-142,19778,-17337,2883,-13802,0,0,1,0,1,0
1237,643750,-227,18606,-83,18296,-22066,2791,-8077,0,0,1,0,1,0
1238,644270,-267,16399,-21,16111,-25947,2592,-2041,0,0,1,0,1,0
1239,644791,-297,13562,42,13307,-28831,2292,4073,0,0,1,0,1,0
1240,645312,-315,10204,103,9992,-30607,1905,10031,0,0,1,0,1,0
1241,645833,-321,6453,161,6292,-31207,1445,15603,0,0,1,0,1,0
1242,646354,-315,2454,212,2351,-30607,929,20576,0,0,1,0,1,0
1243,646875,-297,-1638,255,-1680,-28831,377,24758,0,0,1,0,1,0
1244,647395,-267,-5668,288,-5647,-25947,-189,27988,0,0,1,0,1,0
1245,647916,-227,-9480,310,-9397,-22066,-748,30143,0,0,1,0,1,0
1246,648437,-179,-12928,321,-12786,-17337,-1278,31140,0,0,1,0,1,0
1247,648958,-123,-15879,319,-15683,-11942,-1759,30940,0,0,1,0,1,0
1248,649479,-63,-18220,304,-17978,-6088,-2172,29551,0,0,1,0,1,0
1249,650000,0,-19860,278,-19582,0,-2502,27026,0,0,1,0,1,0
1250,650520,63,-20738,242,-20433,6088,-2736,23462,0,0,1,0,1,0
1251,651041,123,-20818,196,-20499,11942,-2865,18997,0,0,1,0,1,0
1252,651562,179,-20098,142,-19778,17337,-2883,13802,0,0,1,0,1,0
1253,652083,227,-18606,83,-18296,22066,-2791,8077,0,0,1,0,1,0
1254,652604,267,-16399,21,-16111,25947,-2592,2041,0,0,1,0,1,0
1255,653125,297,-13562,-42,-13307,28831,-2292,-4073,0,0,1,0,1,0
1256,653645,315,-10204,-103,-9992,30607,-1905,-10031,0,0,1,0,1,0
1257,654166,321,-6453,-161,-6292,31207,-1445,-15603,0,0,1,0,1,0
1258,654687,315,-2454,-212,-2351,30607,-929,-20576,0,0,1,0,1,0
1259,655208,297,1638,-255,1680,28831,-377,-24758,0,0,1,0,1,0
1260,655729,267,5668,-288,5647,25947,189,-27988,0,0,1,0,1,0
1261,656250,227,9480,-310,9397,22066,748,-30143,0,0,1,0,1,0
1262,656770,179,12928,-321,12786,17337,1278,-31140,0,0,1,0,1,0
1263,657291,123,15879,-319,15683,11942,1759,-30940,0,0,1,0,1,0
1264,657812,63,18220,-304,17978,6088,2172,-29551,0,0,1,0,1,0
1265,658333,0,19860,-278,19582,0,2502,-27026,0,0,1,0,1,0
1266,658854,-63,20738,-242,20433,-6088,2736,-23462,0,0,1,0,1,0
1267,659375,-123,20818,-196,20499,-11942,2865,-18997,0,0,1,0,1,0
1268,659895,-179,20098,-142,19778,-17337,2883,-13802,0,0,1,0,1,0
1269,660416,-227,18606,-83,18296,-22066,2791,-8077,0,0,1,0,1,0
1270,660937,-267,16399,-21,16111,-25947,2592,-2041,0,0,1,0,1,0
1271,661458,-297,13562,42,13307,-28831,2292,4073,0,0,1,0,1,0
1272,661979,-315,10204,103,9992,-30607,1905,10031,0,0,1,0,1,0
1273,662500,-321,6453,161,6292,-31207,1445,15603,0,0,1,0,1,0
1274,663020,-315,2454,212,2351,-30607,929,20576,0,0,1,0,1,0
1275,663541,-297,-1638,255,-1680,-28831,377,24758,0,0,1,0,1,0
1276,664062,-267,-5668,288,-5647,-25947,-189,27988,0,0,1,0,1,0
1277,664583,-227,-9480,310,-9397,-22066,-748,30143,0,0,1,0,1,0
1278,665104,-179,-12928,321,-12786,-17337,-1278,31140,0,0,1,0,1,0
1279,665625,-123,-15879,319,-15683,-11942,-1759,30940,0,0,1,0,1,0
1280,666145,-63,-18220,304,-17978,-6088,-2172,29551,0,0,1,0,1,0
1281,666666,0,-19860,278,-19582,0,-2502,27026,0,0,1,0,1,0
1282,667187,63,-20738,242,-20433,6088,-2736,23462,0,0,1,0,1,0
1283,667708,123,-20818,196,-20499,11942,-2865,18997,0,0,1,0,1,0
1284,668229,179,-20098,142,-19778,17337,-2883,13802,0,0,1,0,1,0
1285,668750,227,-18606,83,-18296,22066,-2791,8077,0,0,1,0,1,0
1286,669270,267,-16399,21,-16111,25947,-2592,2041,0,0,1,0,1,0
1287,669791,297,-13562,-42,-13307,28831,-2292,-4073,0,0,1,0,1,0
1288,670312,315,-10204,-103,-9992,30607,-1905,-10031,0,0,1,0,1,0
1289,670833,321,-6453,-161,-6292,31207,-1445,-15603,0,0,1,0,1,0
1290,671354,315,-2454,-212,-2351,30607,-929,-20576,0,0,1,0,1,0
1291,671875,297,1638,-255,1680,28831,-377,-24758,0,0,1,0,1,0
1292,672395,267,5668,-288,5647,25947,189,-27988,0,0,1,0,1,0
1293,672916,227,9480,-310,9397,22066,748,-30143,0,0,1,0,1,0
1294,673437,179,12928,-321,12786,17337,1278,-31140,0,0,1,0,1,0
1295,673958,123,15879,-319,15683,11942,1759,-30940,0,0,1,0,1,0
1296,674479,63,18220,-304,17978,6088,2172,-29551,0,0,1,0,1,0
1297,675000,0,19860,-278,19582,0,2502,-27026,0,0,1,0,1,0
1298,675520,-63,20738,-242,20433,-6088,2736,-23462,0,0,1,0,1,0
1299,676041,-123,20818,-196,20499,-11942,2865,-18997,0,0,1,0,1,0
1300,676562,-179,20098,-142,19778,-17337,2883,-13802,0,0,1,0,1,0
1301,677083,-227,18606,-83,18296,-22066,2791,-8077,0,0,1,0,1,0
1302,677604,-267,16399,-21,16111,-25947,2592,-2041,0,0,1,0,1,0
1303,678125,-297,13562,42,13307,-28831,2292,4073,0,0,1,0,1,0
1304,678645,-315,10204,103,9992,-30607,1905,10031,0,0,1,0,1,0
1305,679166,-321,6453,161,6292,-31207,1445,15603,0,0,1,0,1,0
1306,679687,-315,2454,212,2351,-30607,929,20576,0,0,1,0,1,0
1307,680208,-297,-1638,255,-1680,-28831,377,24758,0,0,1,0,1,0
1308,680729,-267,-5668,288,-5647,-25947,-189,27988,0,0,1,0,1,0
1309,681250,-227,-9480,310,-9397,-22066,-748,30143,0,0,1,0,1,0
1310,681770,-179,-12928,321,-12786,-17337,-1278,31140,0,0,1,0,1,0
1311,682291,-123,-15879,319,-15683,-11942,-1759,30940,0,0,1,0,1,0
1312,682812,-63,-18220,304,-17978,-6088,-2172,29551,0,0,1,0,1,0
1313,683333,0,-19860,278,-19582,0,-2502,27026,0,0,1,0,1,0
1314,683854,63,-20738,242,-20433,6088,-2736,23462,0,0,1,0,1,0
1315,684375,123,-20818,196,-20499,11942,-2865,18997,0,0,1,0,1,0
1316,684895,179,-20098,142,-19778,17337,-2883,13802,0,0,1,0,1,0
1317,685416,227,-18606,83,-18296,22066,-2791,8077,0,0,1,0,1,0
1318,685937,267,-16399,21,-16111,25947,-2592,2041,0,0,1,0,1,0
1319,686458,297,-13562,-42,-13307,28831,-2292,-4073,0,0,1,0,1,0
1320,686979,315,-10204,-103,-9992,30607,-1905,-10031,0,0,1,0,1,0
1321,687500,321,-6453,-161,-6292,31207,-1445,-15603,0,0,1,0,1,0
1322,688020,315,-2454,-212,-2351,30607,-929,-20576,0,0,1,0,1,0
1323,688541,297,1638,-255,1680,28831,-377,-24758,0,0,1,0,1,0
1324,689062,267,5668,-288,5647,25947,189,-27988,0,0,1,0,1,0
1325,689583,227,9480,-310,9397,22066,748,-30143,0,0,1,0,1,0
1326,690104,179,12928,-321,12786,17337,1278,-31140,0,0,1,0,1,0
1327,690625,123,15879,-319,15683,11942,1759,-30940,0,0,1,0,1,0
1328,691145,63,18220,-304,17978,6088,2172,-29551,0,0,1,0,1,0
1329,691666,0,19860,-278,19582,0,2502,-27026,0,0,1,0,1,0
1330,692187,-63,20738,-242,20433,-6088,2736,-23462,0,0,1,0,1,0
1331,692708,-123,20818,-196,20499,-11942,2865,-18997,0,0,1,0,1,0
1332,693229,-179,20098,-142,19778,-17337,2883,-13802,0,0,1,0,1,0
1333,693750,-227,18606,-83,18296,-22066,2791,-8077,0,0,1,0,1,0
1334,694270,-267,16399,-21,16111,-25947,2592,-2041,0,0,1,0,1,0
1335,694791,-297,13562,42,13307,-28831,2292,4073,0,0,1,0,1,0
1336,695312,-315,10204,103,9992,-30607,1905,10031,0,0,1,0,1,0
1337,695833,-321,6453,161,6292,-31207,1445,15603,0,0,1,0,1,0
1338,696354,-315,2454,212,2351,-30607,929,20576,0,0,1,0,1,0
1339,696875,-297,-1638,255,-1680,-28831,377,24758,0,0,1,0,1,0
1340,697395,-267,-5668,288,-5647,-25947,-189,27988,0,0,1,0,1,0
1341,697916,-227,-9480,310,-9397,-22066,-748,30143,0,0,1,0,1,0
1342,698437,-179,-12928,321,-12786,-17337,-1278,31140,0,0,1,0,1,0
1343,698958,-123,-15879,319,-15683,-11942,-1759,30940,0,0,1,0,1,0
1344,699479,-63,-18220,304,-17978,-6088,-2172,29551,0,0,1,0,1,0
1345,700000,0,-19860,278,-19582,0,-2502,27026,0,0,1,0,1,0
1346,700520,63,-20738,242,-20433,6088,-2736,23462,0,0,1,0,1,0
1347,701041,123,-20818,196,-20499,11942,-2865,18997,0,0,1,0,1,0
1348,701562,179,-20098,142,-19778,17337,-2883,13802,0,0,1,0,1,0
1349,702083,227,-18606,83,-18296,22066,-2791,8077,0,0,1,0,1,0
1350,702604,267,-16399,21,-16111,25947,-2592,2041,0,0,1,0,1,0
1351,703125,297,-13562,-42,-13307,28831,-2292,-4073,0,0,1,0,1,0
1352,703645,315,-10204,-103,-9992,30607,-1905,-10031,0,0,1,0,1,0
1353,704166,321,-6453,-161,-6292,31207,-1445,-15603,0,0,1,0,1,0
1354,704687,315,-2454,-212,-2351,30607,-929,-20576,0,0,1,0,1,0
1355,705208,297,1638,-255,1680,28831,-377,-24758,0,0,1,0,1,0
1356,705729,267,5668,-288,5647,25947,189,-27988,0,0,1,0,1,0
1357,706250,227,9480,-310,9397,22066,748,-30143,0,0,1,0,1,0
1358,706770,179,12928,-321,12786,17337,1278,-31140,0,0,1,0,1,0
1359,707291,123,15879,-319,15683,11942,1759,-30940,0,0,1,0,1,0
1360,707812,63,18220,-304,17978,6088,2172,-29551,0,0,1,0,1,0
1361,708333,0,19860,-278,19582,0,2502,-27026,0,0,1,0,1,0
1362,708854,-63,20738,-242,20433,-6088,2736,-23462,0,0,1,0,1,0
1363,709375,-123,20818,-196,20499,-11942,2865,-18997,0,0,1,0,1,0
1364,709895,-179,20098,-142,19778,-17337,2883,-13802,0,0,1,0,1,0
1365,710416,-227,18606,-83,18296,-22066,2791,-8077,0,0,1,0,1,0
1366,710937,-267,16399,-21,16111,-25947,2592,-2041,0,0,1,0,1,0
1367,711458,-297,13562,42,13307,-28831,2292,4073,0,0,1,0,1,0
1368,711979,-315,10204,103,9992,-30607,1905,10031,0,0,1,0,1,0
1369,712500,-321,6453,161,6292,-31207,1445,15603,0,0,1,0,1,0
1370,713020,-315,2454,212,2351,-30607,929,20576,0,0,1,0,1,0
1371,713541,-297,-1638,255,-1680,-28831,377,24758,0,0,1,0,1,0
1372,714062,-267,-5668,288,-5647,-25947,-189,27988,0,0,1,0,1,0
1373,714583,-227,-9480,310,-9397,-22066,-748,30143,0,0,1,0,1,0
1374,715104,-179,-12928,321,-12786,-17337,-1278,31140,0,0,1,0,1,0
1375,715625,-123,-15879,319,-15683,-11942,-1759,30940,0,0,1,0,1,0
1376,716145,-63,-18220,304,-17978,-6088,-2172,29551,0,0,1,0,1,0
1377,716666,0,-19860,278,-19582,0,-2502,27026,0,0,1,0,1,0
1378,717187,63,-20738,242,-20433,6088,-2736,23462,0,0,1,0,1,0
1379,717708,123,-20818,196,-20499,11942,-2865,18997,0,0,1,0,1,0
1380,718229,179,-20098,142,-19778,17337,-2883,13802,0,0,1,0,1,0
1381,718750,227,-18606,83,-18296,22066,-2791,8077,0,0,1,0,1,0
1382,719270,267,-16399,21,-16111,25947,-2592,2041,0,0,1,0,1,0
1383,719791,297,-13562,-42,-13307,28831,-2292,-4073,0,0,1,0,1,0
1384,720312,315,-10204,-103,-9992,30607,-1905,-10031,0,0,1,0,1,0
1385,720833,321,-6453,-161,-6292,31207,-1445,-15603,0,0,1,0,1,0
1386,721354,315,-2454,-212,-2351,30607,-929,-20576,0,0,1,0,1,0
1387,721875,297,1638,-255,1680,28831,-377,-24758,0,0,1,0,1,0
1388,722395,267,5668,-288,5647,25947,189,-27988,0,0,1,0,1,0
1389,722916,227,9480,-310,9397,22066,748,-30143,0,0,1,0,1,0
1390,723437,179,12928,-321,12786,17337,1278,-31140,0,0,1,0,1,0
1391,723958,123,15879,-319,15683,11942,1759,-30940,0,0,1,0,1,0
1392,724479,63,18220,-304,17978,6088,2172,-29551,0,0,1,0,1,0
1393,725000,0,19860,-278,19582,0,2502,-27026,0,0,1,0,1,0
1394,725520,-63,20738,-242,20433,-6088,2736,-23462,0,0,1,0,1,0
1395,726041,-123,20818,-196,20499,-11942,2865,-18997,0,0,1,0,1,0
1396,726562,-179,20098,-142,19778,-17337,2883,-13802,0,0,1,0,1,0
1397,727083,-227,18606,-83,18296,-22066,2791,-8077,0,0,1,0,1,0
1398,727604,-267,16399,-21,16111,-25947,2592,-2041,0,0,1,0,1,0
1399,728125,-297,13562,42,13307,-28831,2292,4073,0,0,1,0,1,0
1400,728645,-315,10204,103,9992,-30607,1905,10031,0,0,1,0,1,0
1401,729166,-321,6453,161,6292,-31207,1445,15603,0,0,1,0,1,0
1402,729687,-315,2454,212,2351,-30607,929,20576,0,0,1,0,1,0
1403,730208,-297,-1638,255,-1680,-28831,377,24758,0,0,1,0,1,0
1404,730729,-267,-5668,288,-5647,-25947,-189,27988,0,0,1,0,1,0
1405,731250,-227,-9480,310,-9397,-22066,-748,30143,0,0,1,0,1,0
1406,731770,-179,-12928,321,-12786,-17337,-1278,31140,0,0,1,0,1,0
1407,732291,-123,-15879,319,-15683,-11942,-1759,30940,0,0,1,0,1,0
1408,732812,-63,-18220,304,-17978,-6088,-2172,29551,0,0,1,0,1,0
1409,733333,0,-19860,278,-19582,0,-2502,27026,0,0,1,0,1,0
1410,733854,63,-20738,242,-20433,6088,-2736,23462,0,0,1,0,1,0
1411,734375,123,-20818,196,-20499,11942,-2865,18997,0,0,1,0,1,0
1412,734895,179,-20098,142,-19778,17337,-2883,13802,0,0,1,0,1,0
1413,735416,227,-18606,83,-18296,22066,-2791,8077,0,0,1,0,1,0
1414,735937,267,-16399,21,-16111,25947,-2592,2041,0,0,1,0,1,0
1415,736458,297,-13562,-42,-13307,28831,-2292,-4073,0,0,1,0,1,0
1416,736979,315,-10204,-103,-9992,30607,-1905,-10031,0,0,1,0,1,0
1417,737500,321,-6453,-161,-6292,31207,-1445,-15603,0,0,1,0,1,0
1418,738020,315,-2454,-212,-2351,30607,-929,-20576,0,0,1,0,1,0
1419,738541,297,1638,-255,1680,28831,-377,-24758,0,0,1,0,1,0
1420,739062,267,5668,-288,5647,25947,189,-27988,0,0,1,0,1,0
1421,739583,227,9480,-310,9397,22066,748,-30143,0,0,1,0,1,0
1422,740104,179,12928,-321,12786,17337,1278,-31140,0,0,1,0,1,0
1423,740625,123,15879,-319,15683,11942,1759,-30940,0,0,1,0,1,0
1424,741145,63,18220,-304,17978,6088,2172,-29551,0,0,1,0,1,0
1425,741666,0,19860,-278,19582,0,2502,-27026,0,0,1,0,1,0
1426,742187,-63,20738,-242,20433,-6088,2736,-23462,0,0,1,0,1,0
1427,742708,-123,20818,-196,20499,-11942,2865,-18997,0,0,1,0,1,0
1428,743229,-179,20098,-142,19778,-17337,2883,-13802,0,0,1,0,1,0
1429,743750,-227,18606,-83,18296,-22066,2791,-8077,0,0,1,0,1,0
1430,744270,-267,16399,-21,16111,-25947,2592,-2041,0,0,1,0,1,0
1431,744791,-297,13562,42,13307,-28831,2292,4073,0,0,1,0,1,0
1432,745312,-315,10204,103,9992,-30607,1905,10031,0,0,1,0,1,0
1433,745833,-321,6453,161,6292,-31207,1445,15603,0,0,1,0,1,0
1434,746354,-315,2454,212,2351,-30607,929,20576,0,0,1,0,1,0
1435,746875,-297,-1638,255,-1680,-28831,377,24758,0,0,1,0,1,0
1436,747395,-267,-5668,288,-5647,-25947,-189,27988,0,0,1,0,1,0
1437,747916,-227,-9480,310,-9397,-22066,-748,30143,0,0,1,0,1,0
1438,748437,-179,-12928,321,-12786,-17337,-1278,31140,0,0,1,0,1,0
1439,748958,-123,-15879,319,-15683,-11942,-1759,30940,0,0,1,0,1,0
1440,749479,-63,-18220,304,-17978,-6088,-2172,29551,0,0,1,0,1,0
1441,750000,0,-19860,278,-19582,0,-2502,27026,0,0,1,0,1,0
1442,750520,63,-20738,242,-20433,6088,-2736,23462,0,0,1,0,1,0
1443,751041,123,-20818,196,-20499,11942,-2865,18997,0,0,1,0,1,0
1444,751562,179,-20098,142,-19778,17337,-2883,13802,0,0,1,0,1,0
1445,752083,227,-18606,83,-18296,22066,-2791,8077,0,0,1,0,1,0
1446,752604,267,-16399,21,-16111,25947,-2592,2041,0,0,1,0,1,0
1447,753125,297,-13562,-42,-13307,28831,-2292,-4073,0,0,1,0,1,0
1448,753645,315,-10204,-103,-9992,30607,-1905,-10031,0,0,1,0,1,0
1449,754166,321,-6453,-161,-6292,31207,-1445,-15603,0,0,1,0,1,0
1450,754687,315,-2454,-212,-2351,30607,-929,-20576,0,0,1,0,1,0
1451,755208,297,1638,-255,1680,28831,-377,-24758,0,0,1,0,1,0
1452,755729,267,5668,-288,5647,25947,189,-27988,0,0,1,0,1,0
1453,756250,227,9480,-310,9397,22066,748,-30143,0,0,1,0,1,0
1454,756770,179,12928,-321,12786,17337,1278,-31140,0,0,1,0,1,0
1455,757291,123,15879,-319,15683,11942,1759,-30940,0,0,1,0,1,0
1456,757812,63,18220,-304,17978,6088,2172,-29551,0,0,1,0,1,0
1457,758333,0,19860,-278,19582,0,2502,-27026,0,0,1,0,1,0
1458,758854,-63,20738,-242,20433,-6088,2736,-23462,0,0,1,0,1,0
1459,759375,-123,20818,-196,20499,-11942,2865,-18997,0,0,1,0,1,0
1460,759895,-179,20098,-142,19778,-17337,2883,-13802,0,0,1,0,1,0
1461,760416,-227,18606,-83,18296,-22066,2791,-8077,0,0,1,0,1,0
1462,760937,-267,16399,-21,16111,-25947,2592,-2041,0,0,1,0,1,0
1463,761458,-297,13562,42,13307,-28831,2292,4073,0,0,1,0,1,0
1464,761979,-315,10204,103,9992,-30607,1905,10031,0,0,1,0,1,0
1465,762500,-321,6453,161,6292,-31207,1445,15603,0,0,1,0,1,0
1466,763020,-315,2454,212,2351,-30607,929,20576,0,0,1,0,1,0
1467,763541,-297,-1638,255,-1680,-28831,377,24758,0,0,1,0,1,0
1468,764062,-267,-5668,288,-5647,-25947,-189,27988,0,0,1,0,1,0
1469,764583,-227,-9480,310,-9397,-22066,-748,30143,0,0,1,0,1,0
1470,765104,-179,-12928,321,-12786,-17337,-1278,31140,0,0,1,0,1,0
1471,765625,-123,-15879,319,-15683,-11942,-1759,30940,0,0,1,0,1,0
1472,766145,-63,-18220,304,-17978,-6088,-2172,29551,0,0,1,0,1,0
1473,766666,0,-19860,278,-19582,0,-2502,27026,0,0,1,0,1,0
1474,767187,63,-20738,242,-20433,6088,-2736,23462,0,0,1,0,1,0
1475,767708,123,-20818,196,-20499,11942,-2865,18997,0,0,1,0,1,0
1476,768229,179,-20098,142,-19778,17337,-2883,13802,0,0,1,0,1,0
1477,768750,227,-18606,83,-18296,22066,-2791,8077,0,0,1,0,1,0
1478,769270,267,-16399,21,-16111,25947,-2592,2041,0,0,1,0,1,0
1479,769791,297,-13562,-42,-13307,28831,-2292,-4073,0,0,1,0,1,0
1480,770312,315,-10204,-103,-9992,30607,-1905,-10031,0,0,1,0,1,0
1481,770833,321,-6453,-161,-6292,31207,-1445,-15603,0,0,1,0,1,0
1482,771354,315,-2454,-212,-2351,30607,-929,-20576,0,0,1,0,1,0
1483,771875,297,1638,-255,1680,28831,-377,-24758,0,0,1,0,1,0
1484,772395,267,5668,-288,5647,25947,189,-27988,0,0,1,0,1,0
1485,772916,227,9480,-310,9397,22066,748,-30143,0,0,1,0,1,0
1486,773437,179,12928,-321,12786,17337,1278,-31140,0,0,1,0,1,0
1487,773958,123,15879,-319,15683,11942,1759,-30940,0,0,1,0,1,0
1488,774479,63,18220,-304,17978,6088,2172,-29551,0,0,1,0,1,0
1489,775000,0,19860,-278,19582,0,2502,-27026,0,0,1,0,1,0
1490,775520,-63,20738,-242,20433,-6088,2736,-23462,0,0,1,0,1,0
1491,776041,-123,20818,-196,20499,-11942,2865,-18997,0,0,1,0,1,0
1492,776562,-179,20098,-142,19778,-17337,2883,-13802,0,0,1,0,1,0
1493,777083,-227,18606,-83,18296,-22066,2791,-8077,0,0,1,0,1,0
1494,777604,-267,16399,-21,16111,-25947,2592,-2041,0,0,1,0,1,0
1495,778125,-297,13562,42,13307,-28831,2292,4073,0,0,1,0,1,0
1496,778645,-315,10204,103,9992,-30607,1905,10031,0,0,1,0,1,0
1497,779166,-321,6453,161,6292,-31207,1445,15603,0,0,1,0,1,0
1498,779687,-315,2454,212,2351,-30607,929,20576,0,0,1,0,1,0
1499,780208,-297,-1638,255,-1680,-28831,377,24758,0,0,1,0,1,0
1500,780729,-267,-5668,288,-5647,-25947,-189,27988,0,0,1,0,1,0
1501,781250,-227,-9480,310,-9397,-22066,-748,30143,0,0,1,0,1,0
1502,781770,-179,-12928,321,-12786,-17337,-1278,31140,0,0,1,0,1,0
1503,782291,-123,-15879,319,-15683,-11942,-1759,30940,0,0,1,0,1,0
1504,782812,-63,-18220,304,-17978,-6088,-2172,29551,0,0,1,0,1,0
1505,783333,0,-19860,278,-19582,0,-2502,27026,0,0,1,0,1,0
1506,783854,63,-20738,242,-20433,6088,-2736,23462,0,0,1,0,1,0
1507,784375,123,-20818,196,-20499,11942,-2865,18997,0,0,1,0,1,0
1508,784895,179,-20098,142,-19778,17337,-2883,13802,0,0,1,0,1,0
1509,785416,227,-18606,83,-18296,22066,-2791,8077,0,0,1,0,1,0
1510,785937,267,-16399,21,-16111,25947,-2592,2041,0,0,1,0,1,0
1511,786458,297,-13562,-42,-13307,28831,-2292,-4073,0,0,1,0,1,0
1512,786979,315,-10204,-103,-9992,30607,-1905,-10031,0,0,1,0,1,0
1513,787500,321,-6453,-161,-6292,31207,-1445,-15603,0,0,1,0,1,0
1514,788020,315,-2454,-212,-2351,30607,-929,-20576,0,0,1,0,1,0
1515,788541,297,1638,-255,1680,28831,-377,-24758,0,0,1,0,1,0
1516,789062,267,5668,-288,5647,25947,189,-27988,0,0,1,0,1,0
1517,789583,227,9480,-310,9397,22066,748,-30143,0,0,1,0,1,0
1518,790104,179,12928,-321,12786,17337,1278,-31140,0,0,1,0,1,0
1519,790625,123,15879,-319,15683,11942,1759,-30940,0,0,1,0,1,0
1520,791145,63,18220,-304,17978,6088,2172,-29551,0,0,1,0,1,0
1521,791666,0,19860,-278,19582,0,2502,-27026,0,0,1,0,1,0
1522,792187,-63,20738,-242,20433,-6088,2736,-23462,0,0,1,0,1,0
1523,792708,-123,20818,-196,20499,-11942,2865,-18997,0,0,1,0,1,0
1524,793229,-179,20098,-142,19778,-17337,2883,-13802,0,0,1,0,1,0
1525,793750,-227,18606,-83,18296,-22066,2791,-8077,0,0,1,0,1,0
1526,794270,-267,16399,-21,16111,-25947,2592,-2041,0,0,1,0,1,0
1527,794791,-297,13562,42,13307,-28831,2292,4073,0,0,1,0,1,0
1528,795312,-315,10204,103,9992,-30607,1905,10031,0,0,1,0,1,0
1529,795833,-321,6453,161,6292,-31207,1445,15603,0,0,1,0,1,0
1530,796354,-315,2454,212,2351,-30607,929,20576,0,0,1,0,1,0
1531,796875,-297,-1638,255,-1680,-28831,377,24758,0,0,1,0,1,0
1532,797395,-267,-5668,288,-5647,-25947,-189,27988,0,0,1,0,1,0
1533,797916,-227,-9480,310,-9397,-22066,-748,30143,0,0,1,0,1,0
1534,798437,-179,-12928,321,-12786,-17337,-1278,31140,0,0,1,0,1,0
1535,798958,-123,-15879,319,-15683,-11942,-1759,30940,0,0,1,0,1,0
1536,799479,-63,-18220,304,-17978,-6088,-2172,29551,0,0,1,0,1,0
1537,800000,0,-19860,278,-19582,0,-2502,27026,0,0,1,0,1,0
1538,800520,63,-20738,242,-20433,6088,-2736,23462,0,0,1,0,1,0
1539,801041,123,-20818,196,-20499,11942,-2865,18997,0,0,1,0,1,0
1540,801562,179,-20098,142,-19778,17337,-2883,13802,0,0,1,0,1,0
1541,802083,227,-18606,83,-18296,22066,-2791,8077,0,0,1,0,1,0
1542,802604,267,-16399,21,-16111,25947,-2592,2041,0,0,1,0,1,0
1543,803125,297,-13562,-42,-13307,28831,-2292,-4073,0,0,1,0,1,0
1544,803645,315,-10204,-103,-9992,30607,-1905,-10031,0,0,1,0,1,0
1545,804166,321,-6453,-161,-6292,31207,-1445,-15603,0,0,1,0,1,0
1546,804687,315,-2454,-212,-2351,30607,-929,-20576,0,0,1,0,1,0
1547,805208,297,1638,-255,1680,28831,-377,-24758,0,0,1,0,1,0
1548,805729,267,5668,-288,5647,25947,189,-27988,0,0,1,0,1,0
1549,806250,227,9480,-310,9397,22066,748,-30143,0,0,1,0,1,0
1550,806770,179,12928,-321,12786,17337,1278,-31140,0,0,1,0,1,0
1551,807291,123,15879,-319,15683,11942,1759,-30940,0,0,1,0,1,0
1552,807812,63,18220,-304,17978,6088,2172,-29551,0,0,1,0,1,0
1553,808333,0,19860,-278,19582,0,2502,-27026,0,0,1,0,1,0
1554,808854,-63,20738,-242,20433,-6088,2736,-23462,0,0,1,0,1,0
1555,809375,-123,20818,-196,20499,-11942,2865,-18997,0,0,1,0,1,0
1556,809895,-179,20098,-142,19778,-17337,2883,-13802,0,0,1,0,1,0
1557,810416,-227,18606,-83,18296,-22066,2791,-8077,0,0,1,0,1,0
1558,810937,-267,16399,-21,16111,-25947,2592,-2041,0,0,1,0,1,0
1559,811458,-297,13562,42,13307,-28831,2292,4073,0,0,1,0,1,0
1560,811979,-315,10204,103,9992,-30607,1905,10031,0,0,1,0,1,0
1561,812500,-321,6453,161,6292,-31207,1445,15603,0,0,1,0,1,0
1562,813020,-315,2454,212,2351,-30607,929,20576,0,0,1,0,1,0
1563,813541,-297,-1638,255,-1680,-28831,377,24758,0,0,1,0,1,0
1564,814062,-267,-5668,288,-5647,-25947,-189,27988,0,0,1,0,1,0
1565,814583,-227,-9480,310,-9397,-22066,-748,30143,0,0,1,0,1,0
1566,815104,-179,-12928,321,-12786,-17337,-1278,31140,0,0,1,0,1,0
1567,815625,-123,-15879,319,-15683,-11942,-1759,30940,0,0,1,0,1,0
1568,816145,-63,-18220,304,-17978,-6088,-2172,29551,0,0,1,0,1,0
1569,816666,0,-19860,278,-19582,0,-2502,27026,0,0,1,0,1,0
1570,817187,63,-20738,242,-20433,6088,-2736,23462,0,0,1,0,1,0
1571,817708,123,-20818,196,-20499,11942,-2865,18997,0,0,1,0,1,0
1572,818229,179,-20098,142,-19778,17337,-2883,13802,0,0,1,0,1,0
1573,818750,227,-18606,83,-18296,22066,-2791,8077,0,0,1,0,1,0
1574,819270,267,-16399,21,-16111,25947,-2592,2041,0,0,1,0,1,0
1575,819791,297,-13562,-42,-13307,28831,-2292,-4073,0,0,1,0,1,0
1576,820312,315,-10204,-103,-9992,30607,-1905,-10031,0,0,1,0,1,0
1577,820833,321,-6453,-161,-6292,31207,-1445,-15603,0,0,1,0,1,0
1578,821354,315,-2454,-212,-2351,30607,-929,-20576,0,0,1,0,1,0
1579,821875,297,1638,-255,1680,28831,-377,-24758,0,0,1,0,1,0
1580,822395,267,5668,-288,5647,25947,189,-27988,0,0,1,0,1,0
1581,822916,227,9480,-310,9397,22066,748,-30143,0,0,1,0,1,0
1582,823437,179,12928,-321,12786,17337,1278,-31140,0,0,1,0,1,0
1583,823958,123,15879,-319,15683,11942,1759,-30940,0,0,1,0,1,0
1584,824479,63,18220,-304,17978,6088,2172,-29551,0,0,1,0,1,0
1585,825000,0,19860,-278,19582,0,2502,-27026,0,0,1,0,1,0
1586,825520,-63,20738,-242,20433,-6088,2736,-23462,0,0,1,0,1,0
1587,826041,-123,20818,-196,20499,-11942,2865,-18997,0,0,1,0,1,0
1588,826562,-179,20098,-142,19778,-17337,2883,-13802,0,0,1,0,1,0
1589,827083,-227,18606,-83,18296,-22066,2791,-8077,0,0,1,0,1,0
1590,827604,-267,16399,-21,16111,-25947,2592,-2041,0,0,1,0,1,0
1591,828125,-297,13562,42,13307,-28831,2292,4073,0,0,1,0,1,0
1592,828645,-315,10204,103,9992,-30607,1905,10031,0,0,1,0,1,0
1593,829166,-321,6453,161,6292,-31207,1445,15603,0,0,1,0,1,0
1594,829687,-315,2454,212,2351,-30607,929,20576,0,0,1,0,1,0
1595,830208,-297,-1638,255,-1680,-28831,377,24758,0,0,1,0,1,0
1596,830729,-267,-5668,288,-5647,-25947,-189,27988,0,0,1,0,1,0
1597,831250,-227,-9480,310,-9397,-22066,-748,30143,0,0,1,0,1,0
1598,831770,-179,-12928,321,-12786,-17337,-1278,31140,0,0,1,0,1,0
1599,832291,-123,-15879,319,-15683,-11942,-1759,30940,0,0,1,0,1,0
1600,832812,-63,-18220,304,-17978,-6088,-2172,29551,0,0,1,0,1,0
1601,833333,0,-19860,278,-19582,0,-2502,27026,0,0,1,0,1,0
1602,833854,63,-20738,242,-20433,6088,-2736,23462,0,0,1,0,1,0
1603,834375,123,-20818,196,-20499,11942,-2865,18997,0,0,1,0,1,0
1604,834895,179,-20098,142,-19778,17337,-2883,13802,0,0,1,0,1,0
1605,835416,227,-18606,83,-18296,22066,-2791,8077,0,0,1,0,1,0
1606,835937,267,-16399,21,-16111,25947,-2592,2041,0,0,1,0,1,0
1607,836458,297,-13562,-42,-13307,28831,-2292,-4073,0,0,1,0,1,0
1608,836979,315,-10204,-103,-9992,30607,-1905,-10031,0,0,1,0,1,0
1609,837500,321,-6453,-161,-6292,31207,-1445,-15603,0,0,1,0,1,0
1610,838020,315,-2454,-212,-2351,30607,-929,-20576,0,0,1,0,1,0
1611,838541,297,1638,-255,1680,28831,-377,-24758,0,0,1,0,1,0
1612,839062,267,5668,-288,5647,25947,189,-27988,0,0,1,0,1,0
1613,839583,227,9480,-310,9397,22066,748,-30143,0,0,1,0,1,0
1614,840104,179,12928,-321,12786,17337,1278,-31140,0,0,1,0,1,0
1615,840625,123,15879,-319,15683,11942,1759,-30940,0,0,1,0,1,0
1616,841145,63,18220,-304,17978,6088,2172,-29551,0,0,1,0,1,0
1617,841666,0,19860,-278,19582,0,2502,-27026,0,0,1,0,1,0
1618,842187,-63,20738,-242,20433,-6088,2736,-23462,0,0,1,0,1,0
1619,842708,-123,20818,-196,20499,-11942,2865,-18997,0,0,1,0,1,0
1620,843229,-179,20098,-142,19778,-17337,2883,-13802,0,0,1,0,1,0
1621,843750,-227,18606,-83,18296,-22066,2791,-8077,0,0,1,0,1,0
1622,844270,-267,16399,-21,16111,-25947,2592,-2041,0,0,1,0,1,0
1623,844791,-297,13562,42,13307,-28831,2292,4073,0,0,1,0,1,0
1624,845312,-315,10204,103,9992,-30607,1905,10031,0,0,1,0,1,0
1625,845833,-321,6453,161,6292,-31207,1445,15603,0,0,1,0,1,0
1626,846354,-315,2454,212,2351,-30607,929,20576,0,0,1,0,1,0
1627,846875,-297,-1638,255,-1680,-28831,377,24758,0,0,1,0,1,0
1628,847395,-267,-5668,288,-5647,-25947,-189,27988,0,0,1,0,1,0
1629,847916,-227,-9480,310,-9397,-22066,-748,30143,0,0,1,0,1,0
1630,848437,-179,-12928,321,-12786,-17337,-1278,31140,0,0,1,0,1,0
1631,848958,-123,-15879,319,-15683,-11942,-1759,30940,0,0,1,0,1,0
1632,849479,-63,-18220,304,-17978,-6088,-2172,29551,0,0,1,0,1,0
1633,850000,0,-19860,278,-19582,0,-2502,27026,0,0,1,0,1,0
1634,850520,63,-20738,242,-20433,6088,-2736,23462,0,0,1,0,1,0
1635,851041,123,-20818,196,-20499,11942,-2865,18997,0,0,1,0,1,0
1636,851562,179,-20098,142,-19778,17337,-2883,13802,0,0,1,0,1,0
1637,852083,227,-18606,83,-18296,22066,-2791,8077,0,0,1,0,1,0
1638,852604,267,-16399,21,-16111,25947,-2592,2041,0,0,1,0,1,0
1639,853125,297,-13562,-42,-13307,28831,-2292,-4073,0,0,1,0,1,0
1640,853645,315,-10204,-103,-9992,30607,-1905,-10031,0,0,1,0,1,0
1641,854166,321,-6453,-161,-6292,31207,-1445,-15603,0,0,1,0,1,0
1642,854687,315,-2454,-212,-2351,30607,-929,-20576,0,0,1,0,1,0
1643,855208,297,1638,-255,1680,28831,-377,-24758,0,0,1,0,1,0
1644,855729,267,5668,-288,5647,25947,189,-27988,0,0,1,0,1,0
1645,856250,227,9480,-310,9397,22066,748,-30143,0,0,1,0,1,0
1646,856770,179,12928,-321,12786,17337,1278,-31140,0,0,1,0,1,0
1647,857291,123,15879,-319,15683,11942,1759,-30940,0,0,1,0,1,0
1648,857812,63,18220,-304,17978,6088,2172,-29551,0,0,1,0,1,0
1649,858333,0,19860,-278,19582,0,2502,-27026,0,0,1,0,1,0
1650,858854,-63,20738,-242,20433,-6088,2736,-23462,0,0,1,0,1,0
1651,859375,-123,20818,-196,20499,-11942,2865,-18997,0,0,1,0,1,0
1652,859895,-179,20098,-142,19778,-17337,2883,-13802,0,0,1,0,1,0
1653,860416,-227,18606,-83,18296,-22066,2791,-8077,0,0,1,0,1,0
1654,860937,-267,16399,-21,16111,-25947,2592,-2041,0,0,1,0,1,0
1655,861458,-297,13562,42,13307,-28831,2292,4073,0,0,1,0,1,0
1656,861979,-315,10204,103,9992,-30607,1905,10031,0,0,1,0,1,0
1657,862500,-321,6453,161,6292,-31207,1445,15603,0,0,1,0,1,0
1658,863020,-315,2454,212,2351,-30607,929,20576,0,0,1,0,1,0
1659,863541,-297,-1638,255,-1680,-28831,377,24758,0,0,1,0,1,0
1660,864062,-267,-5668,288,-5647,-25947,-189,27988,0,0,1,0,1,0
1661,864583,-227,-9480,310,-9397,-22066,-748,30143,0,0,1,0,1,0
1662,865104,-179,-12928,321,-12786,-17337,-1278,31140,0,0,1,0,1,0
1663,865625,-123,-15879,319,-15683,-11942,-1759,30940,0,0,1,0,1,0
1664,866145,-63,-18220,304,-17978,-6088,-2172,29551,0,0,1,0,1,0
1665,866666,0,-19860,278,-19582,0,-2502,27026,0,0,1,0,1,0
1666,867187,63,-20738,242,-20433,6088,-2736,23462,0,0,1,0,1,0
1667,867708,123,-20818,196,-20499,11942,-2865,18997,0,0,1,0,1,0
1668,868229,179,-20098,142,-19778,17337,-2883,13802,0,0,1,0,1,0
1669,868750,227,-18606,83,-18296,22066,-2791,8077,0,0,1,0,1,0
1670,869270,267,-16399,21,-16111,25947,-2592,2041,0,0,1,0,1,0
1671,869791,297,-13562,-42,-13307,28831,-2292,-4073,0,0,1,0,1,0
1672,870312,315,-10204,-103,-9992,30607,-1905,-10031,0,0,1,0,1,0
1673,870833,321,-6453,-161,-6292,31207,-1445,-15603,0,0,1,0,1,0
1674,871354,315,-2454,-212,-2351,30607,-929,-20576,0,0,1,0,1,0
1675,871875,297,1638,-255,1680,28831,-377,-24758,0,0,1,0,1,0
1676,872395,267,5668,-288,5647,25947,189,-27988,0,0,1,0,1,0
1677,872916,227,9480,-310,9397,22066,748,-30143,0,0,1,0,1,0
1678,873437,179,12928,-321,12786,17337,1278,-31140,0,0,1,0,1,0
1679,873958,123,15879,-319,15683,11942,1759,-30940,0,0,1,0,1,0
1680,874479,63,18220,-304,17978,6088,2172,-29551,0,0,1,0,1,0
1681,875000,0,19860,-278,19582,0,2502,-27026,0,0,1,0,1,0
1682,875520,-63,20738,-242,20433,-6088,2736,-23462,0,0,1,0,1,0
1683,876041,-123,20818,-196,20499,-11942,2865,-18997,0,0,1,0,1,0
1684,876562,-179,20098,-142,19778,-17337,2883,-13802,0,0,1,0,1,0
1685,877083,-227,18606,-83,18296,-22066,2791,-8077,0,0,1,0,1,0
1686,877604,-267,16399,-21,16111,-25947,2592,-2041,0,0,1,0,1,0
1687,878125,-297,13562,42,13307,-28831,2292,4073,0,0,1,0,1,0
1688,878645,-315,10204,103,9992,-30607,1905,10031,0,0,1,0,1,0
1689,879166,-321,6453,161,6292,-31207,1445,15603,0,0,1,0,1,0
1690,879687,-315,2454,212,2351,-30607,929,20576,0,0,1,0,1,0
1691,880208,-297,-1638,255,-1680,-28831,377,24758,0,0,1,0,1,0
1692,880729,-267,-5668,288,-5647,-25947,-189,27988,0,0,1,0,1,0
1693,881250,-227,-9480,310,-9397,-22066,-748,30143,0,0,1,0,1,0
1694,881770,-179,-12928,321,-12786,-17337,-1278,31140,0,0,1,0,1,0
1695,882291,-123,-15879,319,-15683,-11942,-1759,30940,0,0,1,0,1,0
1696,882812,-63,-18220,304,-17978,-6088,-2172,29551,0,0,1,0,1,0
1697,883333,0,-19860,278,-19582,0,-2502,27026,0,0,1,0,1,0
1698,883854,63,-20738,242,-20433,6088,-2736,23462,0,0,1,0,1,0
1699,884375,123,-20818,196,-20499,11942,-2865,18997,0,0,1,0,1,0
1700,884895,179,-20098,142,-19778,17337,-2883,13802,0,0,1,0,1,0
1701,885416,227,-18606,83,-18296,22066,-2791,8077,0,0,1,0,1,0
1702,885937,267,-16399,21,-16111,25947,-2592,2041,0,0,1,0,1,0
1703,886458,297,-13562,-42,-13307,28831,-2292,-4073,0,0,1,0,1,0
1704,886979,315,-10204,-103,-9992,30607,-1905,-10031,0,0,1,0,1,0
1705,887500,321,-6453,-161,-6292,31207,-1445,-15603,0,0,1,0,1,0
1706,888020,315,-2454,-212,-2351,30607,-929,-20576,0,0,1,0,1,0
1707,888541,297,1638,-255,1680,28831,-377,-24758,0,0,1,0,1,0
1708,889062,267,5668,-288,5647,25947,189,-27988,0,0,1,0,1,0
1709,889583,227,9480,-310,9397,22066,748,-30143,0,0,1,0,1,0
1710,890104,179,12928,-321,12786,17337,1278,-31140,0,0,1,0,1,0
1711,890625,123,15879,-319,15683,11942,1759,-30940,0,0,1,0,1,0
1712,891145,63,18220,-304,17978,6088,2172,-29551,0,0,1,0,1,0
1713,891666,0,19860,-278,19582,0,2502,-27026,0,0,1,0,1,0
1714,892187,-63,20738,-242,20433,-6088,2736,-23462,0,0,1,0,1,0
1715,892708,-123,20818,-196,20499,-11942,2865,-18997,0,0,1,0,1,0
1716,893229,-179,20098,-142,19778,-17337,2883,-13802,0,0,1,0,1,0
1717,893750,-227,18606,-83,18296,-22066,2791,-8077,0,0,1,0,1,0
1718,894270,-267,16399,-21,16111,-25947,2592,-2041,0,0,1,0,1,0
1719,894791,-297,13562,42,13307,-28831,2292,4073,0,0,1,0,1,0
1720,895312,-315,10204,103,9992,-30607,1905,10031,0,0,1,0,1,0
1721,895833,-321,6453,161,6292,-31207,1445,15603,0,0,1,0,1,0
1722,896354,-315,2454,212,2351,-30607,929,20576,0,0,1,0,1,0
1723,896875,-297,-1638,255,-1680,-28831,377,24758,0,0,1,0,1,0
1724,897395,-267,-5668,288,-5647,-25947,-189,27988,0,0,1,0,1,0
1725,897916,-227,-9480,310,-9397,-22066,-748,30143,0,0,1,0,1,0
1726,898437,-179,-12928,321,-12786,-17337,-1278,31140,0,0,1,0,1,0
1727,898958,-123,-15879,319,-15683,-11942,-1759,30940,0,0,1,0,1,0
1728,899479,-63,-18220,304,-17978,-6088,-2172,29551,0,0,1,0,1,0
1729,900000,0,-19860,278,-19582,0,-2502,27026,0,0,1,0,1,0
1730,900520,63,-20738,242,-20433,6088,-2736,23462,0,0,1,0,1,0
1731,901041,123,-20818,196,-20499,11942,-2865,18997,0,0,1,0,1,0
1732,901562,179,-20098,142,-19778,17337,-2883,13802,0,0,1,0,1,0
1733,902083,227,-18606,83,-18296,22066,-2791,8077,0,0,1,0,1,0
1734,902604,267,-16399,21,-16111,25947,-2592,2041,0,0,1,0,1,0
1735,903125,297,-13562,-42,-13307,28831,-2292,-4073,0,0,1,0,1,0
1736,903645,315,-10204,-103,-9992,30607,-1905,-10031,0,0,1,0,1,0
1737,904166,321,-6453,-161,-6292,31207,-1445,-15603,0,0,1,0,1,0
1738,904687,315,-2454,-212,-2351,30607,-929,-20576,0,0,1,0,1,0
1739,905208,297,1638,-255,1680,28831,-377,-24758,0,0,1,0,1,0
1740,905729,267,5668,-288,5647,25947,189,-27988,0,0,1,0,1,0
1741,906250,227,9480,-310,9397,22066,748,-30143,0,0,1,0,1,0
1742,906770,179,12928,-321,12786,17337,1278,-31140,0,0,1,0,1,0
1743,907291,123,15879,-319,15683,11942,1759,-30940,0,0,1,0,1,0
1744,907812,63,18220,-304,17978,6088,2172,-29551,0,0,1,0,1,0
1745,908333,0,19860,-278,19582,0,2502,-27026,0,0,1,0,1,0
1746,908854,-63,20738,-242,20433,-6088,2736,-23462,0,0,1,0,1,0
1747,909375,-123,20818,-196,20499,-11942,2865,-18997,0,0,1,0,1,0
1748,909895,-179,20098,-142,19778,-17337,2883,-13802,0,0,1,0,1,0
1749,910416,-227,18606,-83,18296,-22066,2791,-8077,0,0,1,0,1,0
1750,910937,-267,16399,-21,16111,-25947,2592,-2041,0,0,1,0,1,0
1751,911458,-297,13562,42,13307,-28831,2292,4073,0,0,1,0,1,0
1752,911979,-315,10204,103,9992,-30607,1905,10031,0,0,1,0,1,0
1753,912500,-321,6453,161,6292,-31207,1445,15603,0,0,1,0,1,0
1754,913020,-315,2454,212,2351,-30607,929,20576,0,0,1,0,1,0
1755,913541,-297,-1638,255,-1680,-28831,377,24758,0,0,1,0,1,0
1756,914062,-267,-5668,288,-5647,-25947,-189,27988,0,0,1,0,1,0
1757,914583,-227,-9480,310,-9397,-22066,-748,30143,0,0,1,0,1,0
1758,915104,-179,-12928,321,-12786,-17337,-1278,31140,0,0,1,0,1,0
1759,915625,-123,-15879,319,-15683,-11942,-1759,30940,0,0,1,0,1,0
1760,916145,-63,-18220,304,-17978,-6088,-2172,29551,0,0,1,0,1,0
1761,916666,0,-19860,278,-19582,0,-2502,27026,0,0,1,0,1,0
1762,917187,63,-20738,242,-20433,6088,-2736,23462,0,0,1,0,1,0
1763,917708,123,-20818,196,-20499,11942,-2865,18997,0,0,1,0,1,0
1764,918229,179,-20098,142,-19778,17337,-2883,13802,0,0,1,0,1,0
1765,918750,227,-18606,83,-18296,22066,-2791,8077,0,0,1,0,1,0
1766,919270,267,-16399,21,-16111,25947,-2592,2041,0,0,1,0,1,0
1767,919791,297,-13562,-42,-13307,28831,-2292,-4073,0,0,1,0,1,0
1768,920312,315,-10204,-103,-9992,30607,-1905,-10031,0,0,1,0,1,0
1769,920833,321,-6453,-161,-6292,31207,-1445,-15603,0,0,1,0,1,0
1770,921354,315,-2454,-212,-2351,30607,-929,-20576,0,0,1,0,1,0
1771,921875,297,1638,-255,1680,28831,-377,-24758,0,0,1,0,1,0
1772,922395,267,5668,-288,5647,25947,189,-27988,0,0,1,0,1,0
1773,922916,227,9480,-310,9397,22066,748,-30143,0,0,1,0,1,0
1774,923437,179,12928,-321,12786,17337,1278,-31140,0,0,1,0,1,0
1775,923958,123,15879,-319,15683,11942,1759,-30940,0,0,1,0,1,0
1776,924479,63,18220,-304,17978,6088,2172,-29551,0,0,1,0,1,0
1777,925000,0,19860,-278,19582,0,2502,-27026,0,0,1,0,1,0
1778,925520,-63,20738,-242,20433,-6088,2736,-23462,0,0,1,0,1,0
1779,926041,-123,20818,-196,20499,-11942,2865,-18997,0,0,1,0,1,0
1780,926562,-179,20098,-142,19778,-17337,2883,-13802,0,0,1,0,1,0
1781,927083,-227,18606,-83,18296,-22066,2791,-8077,0,0,1,0,1,0
1782,927604,-267,16399,-21,16111,-25947,2592,-2041,0,0,1,0,1,0
1783,928125,-297,13562,42,13307,-28831,2292,4073,0,0,1,0,1,0
1784,928645,-315,10204,103,9992,-30607,1905,10031,0,0,1,0,1,0
1785,929166,-321,6453,161,6292,-31207,1445,15603,0,0,1,0,1,0
1786,929687,-315,2454,212,2351,-30607,929,20576,0,0,1,0,1,0
1787,930208,-297,-1638,255,-1680,-28831,377,24758,0,0,1,0,1,0
1788,930729,-267,-5668,288,-5647,-25947,-189,27988,0,0,1,0,1,0
1789,931250,-227,-9480,310,-9397,-22066,-748,30143,0,0,1,0,1,0
1790,931770,-179,-12928,321,-12786,-17337,-1278,31140,0,0,1,0,1,0
1791,932291,-123,-15879,319,-15683,-11942,-1759,30940,0,0,1,0,1,0
1792,932812,-63,-18220,304,-17978,-6088,-2172,29551,0,0,1,0,1,0
1793,933333,0,-19860,278,-19582,0,-2502,27026,0,0,1,0,1,0
1794,933854,63,-20738,242,-20433,6088,-2736,23462,0,0,1,0,1,0
1795,934375,123,-20818,196,-20499,11942,-2865,18997,0,0,1,0,1,0
1796,934895,179,-20098,142,-19778,17337,-2883,13802,0,0,1,0,1,0
1797,935416,227,-18606,83,-18296,22066,-2791,8077,0,0,1,0,1,0
1798,935937,267,-16399,21,-16111,25947,-2592,2041,0,0,1,0,1,0
1799,936458,297,-13562,-42,-13307,28831,-2292,-4073,0,0,1,0,1,0
1800,936979,315,-10204,-103,-9992,30607,-1905,-10031,0,0,1,0,1,0
1801,937500,321,-6453,-161,-6292,31207,-1445,-15603,0,0,1,0,1,0
1802,938020,315,-2454,-212,-2351,30607,-929,-20576,0,0,1,0,1,0
1803,938541,297,1638,-255,1680,28831,-377,-24758,0,0,1,0,1,0
1804,939062,267,5668,-288,5647,25947,189,-27988,0,0,1,0,1,0
1805,939583,227,9480,-310,9397,22066,748,-30143,0,0,1,0,1,0
1806,940104,179,12928,-321,12786,17337,1278,-31140,0,0,1,0,1,0
1807,940625,123,15879,-319,15683,11942,1759,-30940,0,0,1,0,1,0
1808,941145,63,18220,-304,17978,6088,2172,-29551,0,0,1,0,1,0
1809,941666,0,19860,-278,19582,0,2502,-27026,0,0,1,0,1,0
1810,942187,-63,20738,-242,20433,-6088,2736,-23462,0,0,1,0,1,0
1811,942708,-123,20818,-196,20499,-11942,2865,-18997,0,0,1,0,1,0
1812,943229,-179,20098,-142,19778,-17337,2883,-13802,0,0,1,0,1,0
1813,943750,-227,18606,-83,18296,-22066,2791,-8077,0,0,1,0,1,0
1814,944270,-267,16399,-21,16111,-25947,2592,-2041,0,0,1,0,1,0
1815,944791,-297,13562,42,13307,-28831,2292,4073,0,0,1,0,1,0
1816,945312,-315,10204,103,9992,-30607,1905,10031,0,0,1,0,1,0
1817,945833,-321,6453,161,6292,-31207,1445,15603,0,0,1,0,1,0
1818,946354,-315,2454,212,2351,-30607,929,20576,0,0,1,0,1,0
1819,946875,-297,-1638,255,-1680,-28831,377,24758,0,0,1,0,1,0
1820,947395,-267,-5668,288,-5647,-25947,-189,27988,0,0,1,0,1,0
1821,947916,-227,-9480,310,-9397,-22066,-748,30143,0,0,1,0,1,0
1822,948437,-179,-12928,321,-12786,-17337,-1278,31140,0,0,1,0,1,0
1823,948958,-123,-15879,319,-15683,-11942,-1759,30940,0,0,1,0,1,0
1824,949479,-63,-18220,304,-17978,-6088,-2172,29551,0,0,1,0,1,0
1825,950000,0,-19860,278,-19582,0,-2502,27026,0,0,1,0,1,0
1826,950520,63,-20738,242,-20433,6088,-2736,23462,0,0,1,0,1,0
1827,951041,123,-20818,196,-20499,11942,-2865,18997,0,0,1,0,1,0
1828,951562,179,-20098,142,-19778,17337,-2883,13802,0,0,1,0,1,0
1829,952083,227,-18606,83,-18296,22066,-2791,8077,0,0,1,0,1,0
1830,952604,267,-16399,21,-16111,25947,-2592,2041,0,0,1,0,1,0
1831,953125,297,-13562,-42,-13307,28831,-2292,-4073,0,0,1,0,1,0
1832,953645,315,-10204,-103,-9992,30607,-1905,-10031,0,0,1,0,1,0
1833,954166,321,-6453,-161,-6292,31207,-1445,-15603,0,0,1,0,1,0
1834,954687,315,-2454,-212,-2351,30607,-929,-20576,0,0,1,0,1,0
1835,955208,297,1638,-255,1680,28831,-377,-24758,0,0,1,0,1,0
1836,955729,267,5668,-288,5647,25947,189,-27988,0,0,1,0,1,0
1837,956250,227,9480,-310,9397,22066,748,-30143,0,0,1,0,1,0
1838,956770,179,12928,-321,12786,17337,1278,-31140,0,0,1,0,1,0
1839,957291,123,15879,-319,15683,11942,1759,-30940,0,0,1,0,1,0
1840,957812,63,18220,-304,17978,6088,2172,-29551,0,0,1,0,1,0
1841,958333,0,19860,-278,19582,0,2502,-27026,0,0,1,0,1,0
1842,958854,-63,20738,-242,20433,-6088,2736,-23462,0,0,1,0,1,0
1843,959375,-123,20818,-196,20499,-11942,2865,-18997,0,0,1,0,1,0
1844,959895,-179,20098,-142,19778,-17337,2883,-13802,0,0,1,0,1,0
1845,960416,-227,18606,-83,18296,-22066,2791,-8077,0,0,1,0,1,0
1846,960937,-267,16399,-21,16111,-25947,2592,-2041,0,0,1,0,1,0
1847,961458,-297,13562,42,13307,-28831,2292,4073,0,0,1,0,1,0
1848,961979,-315,10204,103,9992,-30607,1905,10031,0,0,1,0,1,0
1849,962500,-321,6453,161,6292,-31207,1445,15603,0,0,1,0,1,0
1850,963020,-315,2454,212,2351,-30607,929,20576,0,0,1,0,1,0
1851,963541,-297,-1638,255,-1680,-28831,377,24758,0,0,1,0,1,0
1852,964062,-267,-5668,288,-5647,-25947,-189,27988,0,0,1,0,1,0
1853,964583,-227,-9480,310,-9397,-22066,-748,30143,0,0,1,0,1,0
1854,965104,-179,-12928,321,-12786,-17337,-1278,31140,0,0,1,0,1,0
1855,965625,-123,-15879,319,-15683,-11942,-1759,30940,0,0,1,0,1,0
1856,966145,-63,-18220,304,-17978,-6088,-2172,29551,0,0,1,0,1,0
1857,966666,0,-19860,278,-19582,0,-2502,27026,0,0,1,0,1,0
1858,967187,63,-20738,242,-20433,6088,-2736,23462,0,0,1,0,1,0
1859,967708,123,-20818,196,-20499,11942,-2865,18997,0,0,1,0,1,0
1860,968229,179,-20098,142,-19778,17337,-2883,13802,0,0,1,0,1,0
1861,968750,227,-18606,83,-18296,22066,-2791,8077,0,0,1,0,1,0
1862,969270,267,-16399,21,-16111,25947,-2592,2041,0,0,1,0,1,0
1863,969791,297,-13562,-42,-13307,28831,-2292,-4073,0,0,1,0,1,0
1864,970312,315,-10204,-103,-9992,30607,-1905,-10031,0,0,1,0,1,0
1865,970833,321,-6453,-161,-6292,31207,-1445,-15603,0,0,1,0,1,0
1866,971354,315,-2454,-212,-2351,30607,-929,-20576,0,0,1,0,1,0
1867,971875,297,1638,-255,1680,28831,-377,-24758,0,0,1,0,1,0
1868,972395,267,5668,-288,5647,25947,189,-27988,0,0,1,0,1,0
1869,972916,227,9480,-310,9397,22066,748,-30143,0,0,1,0,1,0
1870,973437,179,12928,-321,12786,17337,1278,-31140,0,0,1,0,1,0
1871,973958,123,15879,-319,15683,11942,1759,-30940,0,0,1,0,1,0
1872,974479,63,18220,-304,17978,6088,2172,-29551,0,0,1,0,1,0
1873,975000,0,19860,-278,19582,0,2502,-27026,0,0,1,0,1,0
1874,975520,-63,20738,-242,20433,-6088,2736,-23462,0,0,1,0,1,0
1875,976041,-123,20818,-196,20499,-11942,2865,-18997,0,0,1,0,1,0
1876,976562,-179,20098,-142,19778,-17337,2883,-13802,0,0,1,0,1,0
1877,977083,-227,18606,-83,18296,-22066,2791,-8077,0,0,1,0,1,0
1878,977604,-267,16399,-21,16111,-25947,2592,-2041,0,0,1,0,1,0
1879,978125,-297,13562,42,13307,-28831,2292,4073,0,0,1,0,1,0
1880,978645,-315,10204,103,9992,-30607,1905,10031,0,0,1,0,1,0
1881,979166,-321,6453,161,6292,-31207,1445,15603,0,0,1,0,1,0
1882,979687,-315,2454,212,2351,-30607,929,20576,0,0,1,0,1,0
1883,980208,-297,-1638,255,-1680,-28831,377,24758,0,0,1,0,1,0
1884,980729,-267,-5668,288,-5647,-25947,-189,27988,0,0,1,0,1,0
1885,981250,-227,-9480,310,-9397,-22066,-748,30143,0,0,1,0,1,0
1886,981770,-179,-12928,321,-12786,-17337,-1278,31140,0,0,1,0,1,0
1887,982291,-123,-15879,319,-15683,-11942,-1759,30940,0,0,1,0,1,0
1888,982812,-63,-18220,304,-17978,-6088,-2172,29551,0,0,1,0,1,0
1889,983333,0,-19860,278,-19582,0,-2502,27026,0,0,1,0,1,0
1890,983854,63,-20738,242,-20433,6088,-2736,23462,0,0,1,0,1,0
1891,984375,123,-20818,196,-20499,11942,-2865,18997,0,0,1,0,1,0
1892,984895,179,-20098,142,-19778,17337,-2883,13802,0,0,1,0,1,0
1893,985416,227,-18606,83,-18296,22066,-2791,8077,0,0,1,0,1,0
1894,985937,267,-16399,21,-16111,25947,-2592,2041,0,0,1,0,1,0
1895,986458,297,-13562,-42,-13307,28831,-2292,-4073,0,0,1,0,1,0
1896,986979,315,-10204,-103,-9992,30607,-1905,-10031,0,0,1,0,1,0
1897,987500,321,-6453,-161,-6292,31207,-1445,-15603,0,0,1,0,1,0
1898,988020,315,-2454,-212,-2351,30607,-929,-20576,0,0,1,0,1,0
1899,988541,297,1638,-255,1680,28831,-377,-24758,0,0,1,0,1,0
1900,989062,267,5668,-288,5647,25947,189,-27988,0,0,1,0,1,0
1901,989583,227,9480,-310,9397,22066,748,-30143,0,0,1,0,1,0
1902,990104,179,12928,-321,12786,17337,1278,-31140,0,0,1,0,1,0
1903,990625,123,15879,-319,15683,11942,1759,-30940,0,0,1,0,1,0
1904,991145,63,18220,-304,17978,6088,2172,-29551,0,0,1,0,1,0
1905,991666,0,19860,-278,19582,0,2502,-27026,0,0,1,0,1,0
1906,992187,-63,20738,-242,20433,-6088,2736,-23462,0,0,1,0,1,0
1907,992708,-123,20818,-196,20499,-11942,2865,-18997,0,0,1,0,1,0
1908,993229,-179,20098,-142,19778,-17337,2883,-13802,0,0,1,0,1,0
1909,993750,-227,18606,-83,18296,-22066,2791,-8077,0,0,1,0,1,0
1910,994270,-267,16399,-21,16111,-25947,2592,-2041,0,0,1,0,1,0
1911,994791,-297,13562,42,13307,-28831,2292,4073,0,0,1,0,1,0
1912,995312,-315,10204,103,9992,-30607,1905,10031,0,0,1,0,1,0
1913,995833,-321,6453,161,6292,-31207,1445,15603,0,0,1,0,1,0
1914,996354,-315,2454,212,2351,-30607,929,20576,0,0,1,0,1,0
1915,996875,-297,-1638,255,-1680,-28831,377,24758,0,0,1,0,1,0
1916,997395,-267,-5668,288,-5647,-25947,-189,27988,0,0,1,0,1,0
1917,997916,-227,-9480,310,-9397,-22066,-748,30143,0,0,1,0,1,0
1918,998437,-179,-12928,321,-12786,-17337,-1278,31140,0,0,1,0,1,0
1919,998958,-123,-15879,319,-15683,-11942,-1759,30940,0,0,1,0,1,0
1920,999479,-63,-18220,304,-17978,-6088,-2172,29551,0,0,1,0,1,0
1921,1000000,0,-19860,278,-19582,0,-2502,27026,0,0,1,0,1,0
1922,1000520,63,-20738,242,-20433,6088,-2736,23462,0,0,1,0,1,0
1923,1001041,123,-20818,196,-20499,11942,-2865,18997,0,0,1,0,1,0
1924,1001562,179,-20098,142,-19778,17337,-2883,13802,0,0,1,0,1,0
1925,1002083,227,-18606,83,-18296,22066,-2791,8077,0,0,1,0,1,0
1926,1002604,267,-16399,21,-16111,25947,-2592,2041,0,0,1,0,1,0
1927,1003125,297,-13562,-42,-13307,28831,-2292,-4073,0,0,1,0,1,0
1928,1003645,315,-10204,-103,-9992,30607,-1905,-10031,0,0,1,0,1,0
1929,1004166,321,-6453,-161,-6292,31207,-1445,-15603,0,0,1,0,1,0
1930,1004687,315,-2454,-212,-2351,30607,-929,-20576,0,0,1,0,1,0
1931,1005208,297,1638,-255,1680,28831,-377,-24758,0,0,1,0,1,0
1932,1005729,267,5668,-288,5647,25947,189,-27988,0,0,1,0,1,0
1933,1006250,227,9480,-310,9397,22066,748,-30143,0,0,1,0,1,0
1934,1006770,179,12928,-321,12786,17337,1278,-31140,0,0,1,0,1,0
1935,1007291,123,15879,-319,15683,11942,1759,-30940,0,0,1,0,1,0
1936,1007812,63,18220,-304,17978,6088,2172,-29551,0,0,1,0,1,0
1937,1008333,0,19860,-278,19582,0,2502,-27026,0,0,1,0,1,0
1938,1008854,-63,20738,-242,20433,-6088,2736,-23462,0,0,1,0,1,0
1939,1009374,-123,20818,-196,20499,-11942,2865,-18997,0,0,1,0,1,0
1940,1009895,-179,20098,-142,19778,-17337,2883,-13802,0,0,1,0,1,0
1941,1010416,-227,18606,-83,18296,-22066,2791,-8077,0,0,1,0,1,0
1942,1010937,-267,16399,-21,16111,-25947,2592,-2041,0,0,1,0,1,0
1943,1011458,-297,13562,42,13307,-28831,2292,4073,0,0,1,0,1,0
1944,1011979,-315,10204,103,9992,-30607,1905,10031,0,0,1,0,1,0
1945,1012500,-321,6453,161,6292,-31207,1445,15603,0,0,1,0,1,0
1946,1013020,-315,2454,212,2351,-30607,929,20576,0,0,1,0,1,0
1947,1013541,-297,-1638,255,-1680,-28831,377,24758,0,0,1,0,1,0
1948,1014062,-267,-5668,288,-5647,-25947,-189,27988,0,0,1,0,1,0
1949,1014583,-227,-9480,310,-9397,-22066,-748,30143,0,0,1,0,1,0
1950,1015104,-179,-12928,321,-12786,-17337,-1278,31140,0,0,1,0,1,0
1951,1015625,-123,-15879,319,-15683,-11942,-1759,30940,0,0,1,0,1,0
1952,1016145,-63,-18220,304,-17978,-6088,-2172,29551,0,0,1,0,1,0
1953,1016666,0,-19860,278,-19582,0,-2502,27026,0,0,1,0,1,0
1954,1017187,63,-20738,242,-20433,6088,-2736,23462,0,0,1,0,1,0
1955,1017708,123,-20818,196,-20499,11942,-2865,18997,0,0,1,0,1,0
1956,1018229,179,-20098,142,-19778,17337,-2883,13802,0,0,1,0,1,0
1957,1018750,227,-18606,83,-18296,22066,-2791,8077,0,0,1,0,1,0
1958,1019270,267,-16399,21,-16111,25947,-2592,2041,0,0,1,0,1,0
1959,1019791,297,-13562,-42,-13307,28831,-2292,-4073,0,0,1,0,1,0
1960,1020312,315,-10204,-103,-9992,30607,-1905,-10031,0,0,1,0,1,0
1961,1020833,321,-6453,-161,-6292,31207,-1445,-15603,0,0,1,0,1,0
1962,1021354,315,-2454,-212,-2351,30607,-929,-20576,0,0,1,0,1,0
1963,1021875,297,1638,-255,1680,28831,-377,-24758,0,0,1,0,1,0
1964,1022395,267,5668,-288,5647,25947,189,-27988,0,0,1,0,1,0
1965,1022916,227,9480,-310,9397,22066,748,-30143,0,0,1,0,1,0
1966,1023437,179,12928,-321,12786,17337,1278,-31140,0,0,1,0,1,0
1967,1023958,123,15879,-319,15683,11942,1759,-30940,0,0,1,0,1,0
1968,1024479,63,18220,-304,17978,6088,2172,-29551,0,0,1,0,1,0
1969,1024999,0,19860,-278,19582,0,2502,-27026,0,0,1,0,1,0
1970,1025520,-63,20738,-242,20433,-6088,2736,-23462,0,0,1,0,1,0
1971,1026041,-123,20818,-196,20499,-11942,2865,-18997,0,0,1,0,1,0
1972,1026562,-179,20098,-142,19778,-17337,2883,-13802,0,0,1,0,1,0
1973,1027083,-227,18606,-83,18296,-22066,2791,-8077,0,0,1,0,1,0
1974,1027604,-267,16399,-21,16111,-25947,2592,-2041,0,0,1,0,1,0
1975,1028125,-297,13562,42,13307,-28831,2292,4073,0,0,1,0,1,0
1976,1028645,-315,10204,103,9992,-30607,1905,10031,0,0,1,0,1,0
1977,1029166,-321,6453,161,6292,-31207,1445,15603,0,0,1,0,1,0
1978,1029687,-315,2454,212,2351,-30607,929,20576,0,0,1,0,1,0
1979,1030208,-297,-1638,255,-1680,-28831,377,24758,0,0,1,0,1,0
1980,1030729,-267,-5668,288,-5647,-25947,-189,27988,0,0,1,0,1,0
1981,1031250,-227,-9480,310,-9397,-22066,-748,30143,0,0,1,0,1,0
1982,1031770,-179,-12928,321,-12786,-17337,-1278,31140,0,0,1,0,1,0
1983,1032291,-123,-15879,319,-15683,-11942,-1759,30940,0,0,1,0,1,0
1984,1032812,-63,-18220,304,-17978,-6088,-2172,29551,0,0,1,0,1,0
1985,1033333,0,-19860,278,-19582,0,-2502,27026,0,0,1,0,1,0
1986,1033854,63,-20738,242,-20433,6088,-2736,23462,0,0,1,0,1,0
1987,1034375,123,-20818,196,-20499,11942,-2865,18997,0,0,1,0,1,0
1988,1034895,179,-20098,142,-19778,17337,-2883,13802,0,0,1,0,1,0
1989,1035416,227,-18606,83,-18296,22066,-2791,8077,0,0,1,0,1,0
1990,1035937,267,-16399,21,-16111,25947,-2592,2041,0,0,1,0,1,0
1991,1036458,297,-13562,-42,-13307,28831,-2292,-4073,0,0,1,0,1,0
1992,1036979,315,-10204,-103,-9992,30607,-1905,-10031,0,0,1,0,1,0
1993,1037500,321,-6453,-161,-6292,31207,-1445,-15603,0,0,1,0,1,0
1994,1038020,315,-2454,-212,-2351,30607,-929,-20576,0,0,1,0,1,0
1995,1038541,297,1638,-255,1680,28831,-377,-24758,0,0,1,0,1,0
1996,1039062,267,5668,-288,5647,25947,189,-27988,0,0,1,0,1,0
1997,1039583,227,9480,-310,9397,22066,748,-30143,0,0,1,0,1,0
1998,1040104,179,12928,-321,12786,17337,1278,-31140,0,0,1,0,1,0
1999,1040624,123,15879,-319,15683,11942,1759,-30940,0,0,1,0,1,0
2000,1041145,63,18220,-304,17978,6088,2172,-29551,0,0,1,0,1,0
2001,1041666,0,19860,-278,19582,0,2502,-27026,0,0,1,0,1,0
2002,1042187,-63,20738,-242,20433,-6088,2736,-23462,0,0,1,0,1,0
2003,1042708,-123,20818,-196,20499,-11942,2865,-18997,0,0,1,0,1,0
2004,1043229,-179,20098,-142,19778,-17337,2883,-13802,0,0,1,0,1,0
2005,1043750,-227,18606,-83,18296,-22066,2791,-8077,0,0,1,0,1,0
2006,1044270,-267,16399,-21,16111,-25947,2592,-2041,0,0,1,0,1,0
2007,1044791,-297,13562,42,13307,-28831,2292,4073,0,0,1,0,1,0
2008,1045312,-315,10204,103,9992,-30607,1905,10031,0,0,1,0,1,0
2009,1045833,-321,6453,161,6292,-31207,1445,15603,0,0,1,0,1,0
2010,1046354,-315,2454,212,2351,-30607,929,20576,0,0,1,0,1,0
2011,1046875,-297,-1638,255,-1680,-28831,377,24758,0,0,1,0,1,0
2012,1047395,-267,-5668,288,-5647,-25947,-189,27988,0,0,1,0,1,0
2013,1047916,-227,-9480,310,-9397,-22066,-748,30143,0,0,1,0,1,0
2014,1048437,-179,-12928,321,-12786,-17337,-1278,31140,0,0,1,0,1,0
2015,1048958,-123,-15879,319,-15683,-11942,-1759,30940,0,0,1,0,1,0
2016,1049479,-63,-18220,304,-17978,-6088,-2172,29551,0,0,1,0,1,0
2017,1050000,0,-19860,278,-19582,0,-2502,27026,0,0,1,0,1,0
2018,1050520,63,-20738,242,-20433,6088,-2736,23462,0,0,1,0,1,0
2019,1051041,123,-20818,196,-20499,11942,-2865,18997,0,0,1,0,1,0
2020,1051562,179,-20098,142,-19778,17337,-2883,13802,0,0,1,0,1,0
2021,1052083,227,-18606,83,-18296,22066,-2791,8077,0,0,1,0,1,0
2022,1052604,267,-16399,21,-16111,25947,-2592,2041,0,0,1,0,1,0
2023,1053125,297,-13562,-42,-13307,28831,-2292,-4073,0,0,1,0,1,0
2024,1053645,315,-10204,-103,-9992,30607,-1905,-10031,0,0,1,0,1,0
2025,1054166,321,-6453,-161,-6292,31207,-1445,-15603,0,0,1,0,1,0
2026,1054687,315,-2454,-212,-2351,30607,-929,-20576,0,0,1,0,1,0
2027,1055208,297,1638,-255,1680,28831,-377,-24758,0,0,1,0,1,0
2028,1055729,267,5668,-288,5647,25947,189,-27988,0,0,1,0,1,0
2029,1056250,227,9480,-310,9397,22066,748,-30143,0,0,1,0,1,0
2030,1056770,179,12928,-321,12786,17337,1278,-31140,0,0,1,0,1,0
2031,1057291,123,15879,-319,15683,11942,1759,-30940,0,0,1,0,1,0
2032,1057812,63,18220,-304,17978,6088,2172,-29551,0,0,1,0,1,0
2033,1058333,0,19860,-278,19582,0,2502,-27026,0,0,1,0,1,0
2034,1058854,-63,20738,-242,20433,-6088,2736,-23462,0,0,1,0,1,0
2035,1059375,-123,20818,-196,20499,-11942,2865,-18997,0,0,1,0,1,0
2036,1059895,-179,20098,-142,19778,-17337,2883,-13802,0,0,1,0,1,0
2037,1060416,-227,18606,-83,18296,-22066,2791,-8077,0,0,1,0,1,0
2038,1060937,-267,16399,-21,16111,-25947,2592,-2041,0,0,1,0,1,0
2039,1061458,-297,13562,42,13307,-28831,2292,4073,0,0,1,0,1,0
2040,1061979,-315,10204,103,9992,-30607,1905,10031,0,0,1,0,1,0
2041,1062500,-321,6453,161,6292,-31207,1445,15603,0,0,1,0,1,0
2042,1063020,-315,2454,212,2351,-30607,929,20576,0,0,1,0,1,0
2043,1063541,-297,-1638,255,-1680,-28831,377,24758,0,0,1,0,1,0
2044,1064062,-267,-5668,288,-5647,-25947,-189,27988,0,0,1,0,1,0
2045,1064583,-227,-9480,310,-9397,-22066,-748,30143,0,0,1,0,1,0
2046,1065104,-179,-12928,321,-12786,-17337,-1278,31140,0,0,1,0,1,0
2047,1065625,-123,-15879,319,-15683,-11942,-1759,30940,0,0,1,0,1,0
2048,1066145,-63,-18220,304,-17978,-6088,-2172,29551,0,0,1,0,1,0
2049,1066666,0,-19860,278,-19582,0,-2502,27026,0,0,1,0,1,0
2050,1067187,63,-20738,242,-20433,6088,-2736,23462,0,0,1,0,1,0
2051,1067708,123,-20818,196,-20499,11942,-2865,18997,0,0,1,0,1,0
2052,1068229,179,-20098,142,-19778,17337,-2883,13802,0,0,1,0,1,0
2053,1068750,227,-18606,83,-18296,22066,-2791,8077,0,0,1,0,1,0
2054,1069270,267,-16399,21,-16111,25947,-2592,2041,0,0,1,0,1,0
2055,1069791,297,-13562,-42,-13307,28831,-2292,-4073,0,0,1,0,1,0
2056,1070312,315,-10204,-103,-9992,30607,-1905,-10031,0,0,1,0,1,0
2057,1070833,321,-6453,-161,-6292,31207,-1445,-15603,0,0,1,0,1,0
2058,1071354,315,-2454,-212,-2351,30607,-929,-20576,0,0,1,0,1,0
2059,1071875,297,1638,-255,1680,28831,-377,-24758,0,0,1,0,1,0
2060,1072395,267,5668,-288,5647,25947,189,-27988,0,0,1,0,1,0
2061,1072916,227,9480,-310,9397,22066,748,-30143,0,0,1,0,1,0
2062,1073437,179,12928,-321,12786,17337,1278,-31140,0,0,1,0,1,0
2063,1073958,123,15879,-319,15683,11942,1759,-30940,0,0,1,0,1,0
2064,1074479,63,18220,-304,17978,6088,2172,-29551,0,0,1,0,1,0
2065,1075000,0,19860,-278,19582,0,2502,-27026,0,0,1,0,1,0
2066,1075520,-63,20738,-242,20433,-6088,2736,-23462,0,0,1,0,1,0
2067,1076041,-123,20818,-196,20499,-11942,2865,-18997,0,0,1,0,1,0
2068,1076562,-179,20098,-142,19778,-17337,2883,-13802,0,0,1,0,1,0
2069,1077083,-227,18606,-83,18296,-22066,2791,-8077,0,0,1,0,1,0
2070,1077604,-267,16399,-21,16111,-25947,2592,-2041,0,0,1,0,1,0
2071,1078125,-297,13562,42,13307,-28831,2292,4073,0,0,1,0,1,0
2072,1078645,-315,10204,103,9992,-30607,1905,10031,0,0,1,0,1,0
2073,1079166,-321,6453,161,6292,-31207,1445,15603,0,0,1,0,1,0
2074,1079687,-315,2454,212,2351,-30607,929,20576,0,0,1,0,1,0
2075,1080208,-297,-1638,255,-1680,-28831,377,24758,0,0,1,0,1,0
2076,1080729,-267,-5668,288,-5647,-25947,-189,27988,0,0,1,0,1,0
2077,1081250,-227,-9480,310,-9397,-22066,-748,30143,0,0,1,0,1,0
2078,1081770,-179,-12928,321,-12786,-17337,-1278,31140,0,0,1,0,1,0
2079,1082291,-123,-15879,319,-15683,-11942,-1759,30940,0,0,1,0,1,0
2080,1082812,-63,-18220,304,-17978,-6088,-2172,29551,0,0,1,0,1,0
2081,1083333,0,-19860,278,-19582,0,-2502,27026,0,0,1,0,1,0
2082,1083854,63,-20738,242,-20433,6088,-2736,23462,0,0,1,0,1,0
2083,1084375,123,-20818,196,-20499,11942,-2865,18997,0,0,1,0,1,0
2084,1084895,179,-20098,142,-19778,17337,-2883,13802,0,0,1,0,1,0
2085,1085416,227,-18606,83,-18296,22066,-2791,8077,0,0,1,0,1,0
2086,1085937,267,-16399,21,-16111,25947,-2592,2041,0,0,1,0,1,0
2087,1086458,297,-13562,-42,-13307,28831,-2292,-4073,0,0,1,0,1,0
2088,1086979,315,-10204,-103,-9992,30607,-1905,-10031,0,0,1,0,1,0
2089,1087500,321,-6453,-161,-6292,31207,-1445,-15603,0,0,1,0,1,0
2090,1088020,315,-2454,-212,-2351,30607,-929,-20576,0,0,1,0,1,0
2091,1088541,297,1638,-255,1680,28831,-377,-24758,0,0,1,0,1,0
2092,1089062,267,5668,-288,5647,25947,189,-27988,0,0,1,0,1,0
2093,1089583,227,9480,-310,9397,22066,748,-30143,0,0,1,0,1,0
2094,1090104,179,12928,-321,12786,17337,1278,-31140,0,0,1,0,1,0
2095,1090625,123,15879,-319,15683,11942,1759,-30940,0,0,1,0,1,0
2096,1091145,63,18220,-304,17978,6088,2172,-29551,0,0,1,0,1,0
2097,1091666,0,19860,-278,19582,0,2502,-27026,0,0,1,0,1,0
2098,1092187,-63,20738,-242,20433,-6088,2736,-23462,0,0,1,0,1,0
2099,1092708,-123,20818,-196,20499,-11942,2865,-18997,0,0,1,0,1,0
2100,1093229,-179,20098,-142,19778,-17337,2883,-13802,0,0,1,0,1,0
2101,1093750,-227,18606,-83,18296,-22066,2791,-8077,0,0,1,0,1,0
2102,1094270,-267,16399,-21,16111,-25947,2592,-2041,0,0,1,0,1,0
2103,1094791,-297,13562,42,13307,-28831,2292,4073,0,0,1,0,1,0
2104,1095312,-315,10204,103,9992,-30607,1905,10031,0,0,1,0,1,0
2105,1095833,-321,6453,161,6292,-31207,1445,15603,0,0,1,0,1,0
2106,1096354,-315,2454,212,2351,-30607,929,20576,0,0,1,0,1,0
2107,1096875,-297,-1638,255,-1680,-28831,377,24758,0,0,1,0,1,0
2108,1097395,-267,-5668,288,-5647,-25947,-189,27988,0,0,1,0,1,0
2109,1097916,-227,-9480,310,-9397,-22066,-748,30143,0,0,1,0,1,0
2110,1098437,-179,-12928,321,-12786,-17337,-1278,31140,0,0,1,0,1,0
2111,1098958,-123,-15879,319,-15683,-11942,-1759,30940,0,0,1,0,1,0
2112,1099479,-63,-18220,304,-17978,-6088,-2172,29551,0,0,1,0,1,0
2113,1100000,0,-19860,278,-19582,0,-2502,27026,0,0,1,0,1,0
2114,1100520,63,-20738,242,-20433,6088,-2736,23462,0,0,1,0,1,0
2115,1101041,123,-20818,196,-20499,11942,-2865,18997,0,0,1,0,1,0
2116,1101562,179,-20098,142,-19778,17337,-2883,13802,0,0,1,0,1,0
2117,1102083,227,-18606,83,-18296,22066,-2791,8077,0,0,1,0,1,0
2118,1102604,267,-16399,21,-16111,25947,-2592,2041,0,0,1,0,1,0
2119,1103125,297,-13562,-42,-13307,28831,-2292,-4073,0,0,1,0,1,0
2120,1103645,315,-10204,-103,-9992,30607,-1905,-10031,0,0,1,0,1,0
2121,1104166,321,-6453,-161,-6292,31207,-1445,-15603,0,0,1,0,1,0
2122,1104687,315,-2454,-212,-2351,30607,-929,-20576,0,0,1,0,1,0
2123,1105208,297,1638,-255,1680,28831,-377,-24758,0,0,1,0,1,0
2124,1105729,267,5668,-288,5647,25947,189,-27988,0,0,1,0,1,0
2125,1106250,227,9480,-310,9397,22066,748,-30143,0,0,1,0,1,0
2126,1106770,179,12928,-321,12786,17337,1278,-31140,0,0,1,0,1,0
2127,1107291,123,15879,-319,15683,11942,1759,-30940,0,0,1,0,1,0
2128,1107812,63,18220,-304,17978,6088,2172,-29551,0,0,1,0,1,0
2129,1108333,0,19860,-278,19582,0,2502,-27026,0,0,1,0,1,0
2130,1108854,-63,20738,-242,20433,-6088,2736,-23462,0,0,1,0,1,0
2131,1109375,-123,20818,-196,20499,-11942,2865,-18997,0,0,1,0,1,0
2132,1109895,-179,20098,-142,19778,-17337,2883,-13802,0,0,1,0,1,0
2133,1110416,-227,18606,-83,18296,-22066,2791,-8077,0,0,1,0,1,0
2134,1110937,-267,16399,-21,16111,-25947,2592,-2041,0,0,1,0,1,0
2135,1111458,-297,13562,42,13307,-28831,2292,4073,0,0,1,0,1,0
2136,1111979,-315,10204,103,9992,-30607,1905,10031,0,0,1,0,1,0
2137,1112500,-321,6453,161,6292,-31207,1445,15603,0,0,1,0,1,0
2138,1113020,-315,2454,212,2351,-30607,929,20576,0,0,1,0,1,0
2139,1113541,-297,-1638,255,-1680,-28831,377,24758,0,0,1,0,1,0
2140,1114062,-267,-5668,288,-5647,-25947,-189,27988,0,0,1,0,1,0
2141,1114583,-227,-9480,310,-9397,-22066,-748,30143,0,0,1,0,1,0
2142,1115104,-179,-12928,321,-12786,-17337,-1278,31140,0,0,1,0,1,0
2143,1115625,-123,-15879,319,-15683,-11942,-1759,30940,0,0,1,0,1,0
2144,1116145,-63,-18220,304,-17978,-6088,-2172,29551,0,0,1,0,1,0
2145,1116666,0,-19860,278,-19582,0,-2502,27026,0,0,1,0,1,0
2146,1117187,63,-20738,242,-20433,6088,-2736,23462,0,0,1,0,1,0
2147,1117708,123,-20818,196,-20499,11942,-2865,18997,0,0,1,0,1,0
2148,1118229,179,-20098,142,-19778,17337,-2883,13802,0,0,1,0,1,0
2149,1118750,227,-18606,83,-18296,22066,-2791,8077,0,0,1,0,1,0
2150,1119270,267,-16399,21,-16111,25947,-2592,2041,0,0,1,0,1,0
2151,1119791,297,-13562,-42,-13307,28831,-2292,-4073,0,0,1,0,1,0
2152,1120312,315,-10204,-103,-9992,30607,-1905,-10031,0,0,1,0,1,0
2153,1120833,321,-6453,-161,-6292,31207,-1445,-15603,0,0,1,0,1,0
2154,1121354,315,-2454,-212,-2351,30607,-929,-20576,0,0,1,0,1,0
2155,1121875,297,1638,-255,1680,28831,-377,-24758,0,0,1,0,1,0
2156,1122395,267,5668,-288,5647,25947,189,-27988,0,0,1,0,1,0
2157,1122916,227,9480,-310,9397,22066,748,-30143,0,0,1,0,1,0
2158,1123437,179,12928,-321,12786,17337,1278,-31140,0,0,1,0,1,0
2159,1123958,123,15879,-319,15683,11942,1759,-30940,0,0,1,0,1,0
2160,1124479,63,18220,-304,17978,6088,2172,-29551,0,0,1,0,1,0
2161,1125000,0,19860,-278,19582,0,2502,-27026,0,0,1,0,1,0
2162,1125520,-63,20738,-242,20433,-6088,2736,-23462,0,0,1,0,1,0
2163,1126041,-123,20818,-196,20499,-11942,2865,-18997,0,0,1,0,1,0
2164,1126562,-179,20098,-142,19778,-17337,2883,-13802,0,0,1,0,1,0
2165,1127083,-227,18606,-83,18296,-22066,2791,-8077,0,0,1,0,1,0
2166,1127604,-267,16399,-21,16111,-25947,2592,-2041,0,0,1,0,1,0
2167,1128125,-297,13562,42,13307,-28831,2292,4073,0,0,1,0,1,0
2168,1128645,-315,10204,103,9992,-30607,1905,10031,0,0,1,0,1,0
2169,1129166,-321,6453,161,6292,-31207,1445,15603,0,0,1,0,1,0
2170,1129687,-315,2454,212,2351,-30607,929,20576,0,0,1,0,1,0
2171,1130208,-297,-1638,255,-1680,-28831,377,24758,0,0,1,0,1,0
2172,1130729,-267,-5668,288,-5647,-25947,-189,27988,0,0,1,0,1,0
2173,1131250,-227,-9480,310,-9397,-22066,-748,30143,0,0,1,0,1,0
2174,1131770,-179,-12928,321,-12786,-17337,-1278,31140,0,0,1,0,1,0
2175,1132291,-123,-15879,319,-15683,-11942,-1759,30940,0,0,1,0,1,0
2176,1132812,-63,-18220,304,-17978,-6088,-2172,29551,0,0,1,0,1,0
2177,1133333,0,-19860,278,-19582,0,-2502,27026,0,0,1,0,1,0
2178,1133854,63,-20738,242,-20433,6088,-2736,23462,0,0,1,0,1,0
2179,1134375,123,-20818,196,-20499,11942,-2865,18997,0,0,1,0,1,0
2180,1134895,179,-20098,142,-19778,17337,-2883,13802,0,0,1,0,1,0
2181,1135416,227,-18606,83,-18296,22066,-2791,8077,0,0,1,0,1,0
2182,1135937,267,-16399,21,-16111,25947,-2592,2041,0,0,1,0,1,0
2183,1136458,297,-13562,-42,-13307,28831,-2292,-4073,0,0,1,0,1,0
2184,1136979,315,-10204,-103,-9992,30607,-1905,-10031,0,0,1,0,1,0
2185,1137500,321,-6453,-161,-6292,31207,-1445,-15603,0,0,1,0,1,0
2186,1138020,315,-2454,-212,-2351,30607,-929,-20576,0,0,1,0,1,0
2187,1138541,297,1638,-255,1680,28831,-377,-24758,0,0,1,0,1,0
2188,1139062,267,5668,-288,5647,25947,189,-27988,0,0,1,0,1,0
2189,1139583,227,9480,-310,9397,22066,748,-30143,0,0,1,0,1,0
2190,1140104,179,12928,-321,12786,17337,1278,-31140,0,0,1,0,1,0
2191,1140625,123,15879,-319,15683,11942,1759,-30940,0,0,1,0,1,0
2192,1141145,63,18220,-304,17978,6088,2172,-29551,0,0,1,0,1,0
2193,1141666,0,19860,-278,19582,0,2502,-27026,0,0,1,0,1,0
2194,1142187,-63,20738,-242,20433,-6088,2736,-23462,0,0,1,0,1,0
2195,1142708,-123,20818,-196,20499,-11942,2865,-18997,0,0,1,0,1,0
2196,1143229,-179,20098,-142,19778,-17337,2883,-13802,0,0,1,0,1,0
2197,1143750,-227,18606,-83,18296,-22066,2791,-8077,0,0,1,0,1,0
2198,1144270,-267,16399,-21,16111,-25947,2592,-2041,0,0,1,0,1,0
2199,1144791,-297,13562,42,13307,-28831,2292,4073,0,0,1,0,1,0
2200,1145312,-315,10204,103,9992,-30607,1905,10031,0,0,1,0,1,0
2201,1145833,-321,6453,161,6292,-31207,1445,15603,0,0,1,0,1,0
2202,1146354,-315,2454,212,2351,-30607,929,20576,0,0,1,0,1,0
2203,1146875,-297,-1638,255,-1680,-28831,377,24758,0,0,1,0,1,0
2204,1147395,-267,-5668,288,-5647,-25947,-189,27988,0,0,1,0,1,0
2205,1147916,-227,-9480,310,-9397,-22066,-748,30143,0,0,1,0,1,0
2206,1148437,-179,-12928,321,-12786,-17337,-1278,31140,0,0,1,0,1,0
2207,1148958,-123,-15879,319,-15683,-11942,-1759,30940,0,0,1,0,1,0
2208,1149479,-63,-18220,304,-17978,-6088,-2172,29551,0,0,1,0,1,0
2209,1150000,0,-19860,278,-19582,0,-2502,27026,0,0,1,0,1,0
2210,1150520,63,-20738,242,-20433,6088,-2736,23462,0,0,1,0,1,0
2211,1151041,123,-20818,196,-20499,11942,-2865,18997,0,0,1,0,1,0
2212,1151562,179,-20098,142,-19778,17337,-2883,13802,0,0,1,0,1,0
2213,1152083,227,-18606,83,-18296,22066,-2791,8077,0,0,1,0,1,0
2214,1152604,267,-16399,21,-16111,25947,-2592,2041,0,0,1,0,1,0
2215,1153125,297,-13562,-42,-13307,28831,-2292,-4073,0,0,1,0,1,0
2216,1153645,315,-10204,-103,-9992,30607,-1905,-10031,0,0,1,0,1,0
2217,1154166,321,-6453,-161,-6292,31207,-1445,-15603,0,0,1,0,1,0
2218,1154687,315,-2454,-212,-2351,30607,-929,-20576,0,0,1,0,1,0
2219,1155208,297,1638,-255,1680,28831,-377,-24758,0,0,1,0,1,0
2220,1155729,267,5668,-288,5647,25947,189,-27988,0,0,1,0,1,0
2221,1156250,227,9480,-310,9397,22066,748,-30143,0,0,1,0,1,0
2222,1156770,179,12928,-321,12786,17337,1278,-31140,0,0,1,0,1,0
2223,1157291,123,15879,-319,15683,11942,1759,-30940,0,0,1,0,1,0
2224,1157812,63,18220,-304,17978,6088,2172,-29551,0,0,1,0,1,0
2225,1158333,0,19860,-278,19582,0,2502,-27026,0,0,1,0,1,0
2226,1158854,-63,20738,-242,20433,-6088,2736,-23462,0,0,1,0,1,0
2227,1159375,-123,20818,-196,20499,-11942,2865,-18997,0,0,1,0,1,0
2228,1159895,-179,20098,-142,19778,-17337,2883,-13802,0,0,1,0,1,0
2229,1160416,-227,18606,-83,18296,-22066,2791,-8077,0,0,1,0,1,0
2230,1160937,-267,16399,-21,16111,-25947,2592,-2041,0,0,1,0,1,0
2231,1161458,-297,13562,42,13307,-28831,2292,4073,0,0,1,0,1,0
2232,1161979,-315,10204,103,9992,-30607,1905,10031,0,0,1,0,1,0
2233,1162500,-321,6453,161,6292,-31207,1445,15603,0,0,1,0,1,0
2234,1163020,-315,2454,212,2351,-30607,929,20576,0,0,1,0,1,0
2235,1163541,-297,-1638,255,-1680,-28831,377,24758,0,0,1,0,1,0
2236,1164062,-267,-5668,288,-5647,-25947,-189,27988,0,0,1,0,1,0
2237,1164583,-227,-9480,310,-9397,-22066,-748,30143,0,0,1,0,1,0
2238,1165104,-179,-12928,321,-12786,-17337,-1278,31140,0,0,1,0,1,0
2239,1165625,-123,-15879,319,-15683,-11942,-1759,30940,0,0,1,0,1,0
2240,1166145,-63,-18220,304,-17978,-6088,-2172,29551,0,0,1,0,1,0
2241,1166666,0,-19860,278,-19582,0,-2502,27026,0,0,1,0,1,0
2242,1167187,63,-20738,242,-20433,6088,-2736,23462,0,0,1,0,1,0
2243,1167708,123,-20818,196,-20499,11942,-2865,18997,0,0,1,0,1,0
2244,1168229,179,-20098,142,-19778,17337,-2883,13802,0,0,1,0,1,0
2245,1168750,227,-18606,83,-18296,22066,-2791,8077,0,0,1,0,1,0
2246,1169270,267,-16399,21,-16111,25947,-2592,2041,0,0,1,0,1,0
2247,1169791,297,-13562,-42,-13307,28831,-2292,-4073,0,0,1,0,1,0
2248,1170312,315,-10204,-103,-9992,30607,-1905,-10031,0,0,1,0,1,0
2249,1170833,321,-6453,-161,-6292,31207,-1445,-15603,0,0,1,0,1,0
2250,1171354,315,-2454,-212,-2351,30607,-929,-20576,0,0,1,0,1,0
2251,1171875,297,1638,-255,1680,28831,-377,-24758,0,0,1,0,1,0
2252,1172395,267,5668,-288,5647,25947,189,-27988,0,0,1,0,1,0
2253,1172916,227,9480,-310,9397,22066,748,-30143,0,0,1,0,1,0
2254,1173437,179,12928,-321,12786,17337,1278,-31140,0,0,1,0,1,0
2255,1173958,123,15879,-319,15683,11942,1759,-30940,0,0,1,0,1,0
2256,1174479,63,18220,-304,17978,6088,2172,-29551,0,0,1,0,1,0
2257,1175000,0,19860,-278,19582,0,2502,-27026,0,0,1,0,1,0
2258,1175520,-63,20738,-242,20433,-6088,2736,-23462,0,0,1,0,1,0
2259,1176041,-123,20818,-196,20499,-11942,2865,-18997,0,0,1,0,1,0
2260,1176562,-179,20098,-142,19778,-17337,2883,-13802,0,0,1,0,1,0
2261,1177083,-227,18606,-83,18296,-22066,2791,-8077,0,0,1,0,1,0
2262,1177604,-267,16399,-21,16111,-25947,2592,-2041,0,0,1,0,1,0
2263,1178125,-297,13562,42,13307,-28831,2292,4073,0,0,1,0,1,0
2264,1178645,-315,10204,103,9992,-30607,1905,10031,0,0,1,0,1,0
2265,1179166,-321,6453,161,6292,-31207,1445,15603,0,0,1,0,1,0
2266,1179687,-315,2454,212,2351,-30607,929,20576,0,0,1,0,1,0
2267,1180208,-297,-1638,255,-1680,-28831,377,24758,0,0,1,0,1,0
2268,1180729,-267,-5668,288,-5647,-25947,-189,27988,0,0,1,0,1,0
2269,1181250,-227,-9480,310,-9397,-22066,-748,30143,0,0,1,0,1,0
2270,1181770,-179,-12928,321,-12786,-17337,-1278,31140,0,0,1,0,1,0
2271,1182291,-123,-15879,319,-15683,-11942,-1759,30940,0,0,1,0,1,0
2272,1182812,-63,-18220,304,-17978,-6088,-2172,29551,0,0,1,0,1,0
2273,1183333,0,-19860,278,-19582,0,-2502,27026,0,0,1,0,1,0
2274,1183854,63,-20738,242,-20433,6088,-2736,23462,0,0,1,0,1,0
2275,1184375,123,-20818,196,-20499,11942,-2865,18997,0,0,1,0,1,0
2276,1184895,179,-20098,142,-19778,17337,-2883,13802,0,0,1,0,1,0
2277,1185416,227,-18606,83,-18296,22066,-2791,8077,0,0,1,0,1,0
2278,1185937,267,-16399,21,-16111,25947,-2592,2041,0,0,1,0,1,0
2279,1186458,297,-13562,-42,-13307,28831,-2292,-4073,0,0,1,0,1,0
2280,1186979,315,-10204,-103,-9992,30607,-1905,-10031,0,0,1,0,1,0
2281,1187500,321,-6453,-161,-6292,31207,-1445,-15603,0,0,1,0,1,0
2282,1188020,315,-2454,-212,-2351,30607,-929,-20576,0,0,1,0,1,0
2283,1188541,297,1638,-255,1680,28831,-377,-24758,0,0,1,0,1,0
2284,1189062,267,5668,-288,5647,25947,189,-27988,0,0,1,0,1,0
2285,1189583,227,9480,-310,9397,22066,748,-30143,0,0,1,0,1,0
2286,1190104,179,12928,-321,12786,17337,1278,-31140,0,0,1,0,1,0
2287,1190625,123,15879,-319,15683,11942,1759,-30940,0,0,1,0,1,0
2288,1191145,63,18220,-304,17978,6088,2172,-29551,0,0,1,0,1,0
2289,1191666,0,19860,-278,19582,0,2502,-27026,0,0,1,0,1,0
2290,1192187,-63,20738,-242,20433,-6088,2736,-23462,0,0,1,0,1,0
2291,1192708,-123,20818,-196,20499,-11942,2865,-18997,0,0,1,0,1,0
2292,1193229,-179,20098,-142,19778,-17337,2883,-13802,0,0,1,0,1,0
2293,1193750,-227,18606,-83,18296,-22066,2791,-8077,0,0,1,0,1,0
2294,1194270,-267,16399,-21,16111,-25947,2592,-2041,0,0,1,0,1,0
2295,1194791,-297,13562,42,13307,-28831,2292,4073,0,0,1,0,1,0
2296,1195312,-315,10204,103,9992,-30607,1905,10031,0,0,1,0,1,0
2297,1195833,-321,6453,161,6292,-31207,1445,15603,0,0,1,0,1,0
2298,1196354,-315,2454,212,2351,-30607,929,20576,0,0,1,0,1,0
2299,1196875,-297,-1638,255,-1680,-28831,377,24758,0,0,1,0,1,0
2300,1197395,-267,-5668,288,-5647,-25947,-189,27988,0,0,1,0,1,0
2301,1197916,-227,-9480,310,-9397,-22066,-748,30143,0,0,1,0,1,0
2302,1198437,-179,-12928,321,-12786,-17337,-1278,31140,0,0,1,0,1,0
2303,1198958,-123,-15879,319,-15683,-11942,-1759,30940,0,0,1,0,1,0
2304,1199479,-63,-18220,304,-17978,-6088,-2172,29551,0,0,1,0,1,0
2305,1200000,0,-19860,278,-19582,0,-2502,27026,0,0,1,0,1,0
2306,1200520,63,-20738,242,-20433,6088,-2736,23462,0,0,1,0,1,0
2307,1201041,123,-20818,196,-20499,11942,-2865,18997,0,0,1,0,1,0
2308,1201562,179,-20098,142,-19778,17337,-2883,13802,0,0,1,0,1,0
2309,1202083,227,-18606,83,-18296,22066,-2791,8077,0,0,1,0,1,0
2310,1202604,267,-16399,21,-16111,25947,-2592,2041,0,0,1,0,1,0
2311,1203125,297,-13562,-42,-13307,28831,-2292,-4073,0,0,1,0,1,0
2312,1203645,315,-10204,-103,-9992,30607,-1905,-10031,0,0,1,0,1,0
2313,1204166,321,-6453,-161,-6292,31207,-1445,-15603,0,0,1,0,1,0
2314,1204687,315,-2454,-212,-2351,30607,-929,-20576,0,0,1,0,1,0
2315,1205208,297,1638,-255,1680,28831,-377,-24758,0,0,1,0,1,0
2316,1205729,267,5668,-288,5647,25947,189,-27988,0,0,1,0,1,0
2317,1206250,227,9480,-310,9397,22066,748,-30143,0,0,1,0,1,0
2318,1206770,179,12928,-321,12786,17337,1278,-31140,0,0,1,0,1,0
2319,1207291,123,15879,-319,15683,11942,1759,-30940,0,0,1,0,1,0
2320,1207812,63,18220,-304,17978,6088,2172,-29551,0,0,1,0,1,0
2321,1208333,0,19860,-278,19582,0,2502,-27026,0,0,1,0,1,0
2322,1208854,-63,20738,-242,20433,-6088,2736,-23462,0,0,1,0,1,0
2323,1209375,-123,20818,-196,20499,-11942,2865,-18997,0,0,1,0,1,0
2324,1209895,-179,20098,-142,19778,-17337,2883,-13802,0,0,1,0,1,0
2325,1210416,-227,18606,-83,18296,-22066,2791,-8077,0,0,1,0,1,0
2326,1210937,-267,16399,-21,16111,-25947,2592,-2041,0,0,1,0,1,0
2327,1211458,-297,13562,42,13307,-28831,2292,4073,0,0,1,0,1,0
2328,1211979,-315,10204,103,9992,-30607,1905,10031,0,0,1,0,1,0
2329,1212500,-321,6453,161,6292,-31207,1445,15603,0,0,1,0,1,0
2330,1213020,-315,2454,212,2351,-30607,929,20576,0,0,1,0,1,0
2331,1213541,-297,-1638,255,-1680,-28831,377,24758,0,0,1,0,1,0
2332,1214062,-267,-5668,288,-5647,-25947,-189,27988,0,0,1,0,1,0
2333,1214583,-227,-9480,310,-9397,-22066,-748,30143,0,0,1,0,1,0
2334,1215104,-179,-12928,321,-12786,-17337,-1278,31140,0,0,1,0,1,0
2335,1215625,-123,-15879,319,-15683,-11942,-1759,30940,0,0,1,0,1,0
2336,1216145,-63,-18220,304,-17978,-6088,-2172,29551,0,0,1,0,1,0
2337,1216666,0,-19860,278,-19582,0,-2502,27026,0,0,1,0,1,0
2338,1217187,63,-20738,242,-20433,6088,-2736,23462,0,0,1,0,1,0
2339,1217708,123,-20818,196,-20499,11942,-2865,18997,0,0,1,0,1,0
2340,1218229,179,-20098,142,-19778,17337,-2883,13802,0,0,1,0,1,0
2341,1218750,227,-18606,83,-18296,22066,-2791,8077,0,0,1,0,1,0
2342,1219270,267,-16399,21,-16111,25947,-2592,2041,0,0,1,0,1,0
2343,1219791,297,-13562,-42,-13307,28831,-2292,-4073,0,0,1,0,1,0
2344,1220312,315,-10204,-103,-9992,30607,-1905,-10031,0,0,1,0,1,0
2345,1220833,321,-6453,-161,-6292,31207,-1445,-15603,0,0,1,0,1,0
2346,1221354,315,-2454,-212,-2351,30607,-929,-20576,0,0,1,0,1,0
2347,1221875,297,1638,-255,1680,28831,-377,-24758,0,0,1,0,1,0
2348,1222395,267,5668,-288,5647,25947,189,-27988,0,0,1,0,1,0
2349,1222916,227,9480,-310,9397,22066,748,-30143,0,0,1,0,1,0
2350,1223437,179,12928,-321,12786,17337,1278,-31140,0,0,1,0,1,0
2351,1223958,123,15879,-319,15683,11942,1759,-30940,0,0,1,0,1,0
2352,1224479,63,18220,-304,17978,6088,2172,-29551,0,0,1,0,1,0
2353,1225000,0,19860,-278,19582,0,2502,-27026,0,0,1,0,1,0
2354,1225520,-63,20738,-242,20433,-6088,2736,-23462,0,0,1,0,1,0
2355,1226041,-123,20818,-196,20499,-11942,2865,-18997,0,0,1,0,1,0
2356,1226562,-179,20098,-142,19778,-17337,2883,-13802,0,0,1,0,1,0
2357,1227083,-227,18606,-83,18296,-22066,2791,-8077,0,0,1,0,1,0
2358,1227604,-267,16399,-21,16111,-25947,2592,-2041,0,0,1,0,1,0
2359,1228125,-297,13562,42,13307,-28831,2292,4073,0,0,1,0,1,0
2360,1228645,-315,10204,103,9992,-30607,1905,10031,0,0,1,0,1,0
2361,1229166,-321,6453,161,6292,-31207,1445,15603,0,0,1,0,1,0
2362,1229687,-315,2454,212,2351,-30607,929,20576,0,0,1,0,1,0
2363,1230208,-297,-1638,255,-1680,-28831,377,24758,0,0,1,0,1,0
2364,1230729,-267,-5668,288,-5647,-25947,-189,27988,0,0,1,0,1,0
2365,1231250,-227,-9480,310,-9397,-22066,-748,30143,0,0,1,0,1,0
2366,1231770,-179,-12928,321,-12786,-17337,-1278,31140,0,0,1,0,1,0
2367,1232291,-123,-15879,319,-15683,-11942,-1759,30940,0,0,1,0,1,0
2368,1232812,-63,-18220,304,-17978,-6088,-2172,29551,0,0,1,0,1,0
2369,1233333,0,-19860,278,-19582,0,-2502,27026,0,0,1,0,1,0
2370,1233854,63,-20738,242,-20433,6088,-2736,23462,0,0,1,0,1,0
2371,1234375,123,-20818,196,-20499,11942,-2865,18997,0,0,1,0,1,0
2372,1234895,179,-20098,142,-19778,17337,-2883,13802,0,0,1,0,1,0
2373,1235416,227,-18606,83,-18296,22066,-2791,8077,0,0,1,0,1,0
2374,1235937,267,-16399,21,-16111,25947,-2592,2041,0,0,1,0,1,0
2375,1236458,297,-13562,-42,-13307,28831,-2292,-4073,0,0,1,0,1,0
2376,1236979,315,-10204,-103,-9992,30607,-1905,-10031,0,0,1,0,1,0
2377,1237500,321,-6453,-161,-6292,31207,-1445,-15603,0,0,1,0,1,0
2378,1238020,315,-2454,-212,-2351,30607,-929,-20576,0,0,1,0,1,0
2379,1238541,297,1638,-255,1680,28831,-377,-24758,0,0,1,0,1,0
2380,1239062,267,5668,-288,5647,25947,189,-27988,0,0,1,0,1,0
2381,1239583,227,9480,-310,9397,22066,748,-30143,0,0,1,0,1,0
2382,1240104,179,12928,-321,12786,17337,1278,-31140,0,0,1,0,1,0
2383,1240625,123,15879,-319,15683,11942,1759,-30940,0,0,1,0,1,0
2384,1241145,63,18220,-304,17978,6088,2172,-29551,0,0,1,0,1,0
2385,1241666,0,19860,-278,19582,0,2502,-27026,0,0,1,0,1,0
2386,1242187,-63,20738,-242,20433,-6088,2736,-23462,0,0,1,0,1,0
2387,1242708,-123,20818,-196,20499,-11942,2865,-18997,0,0,1,0,1,0
2388,1243229,-179,20098,-142,19778,-17337,2883,-13802,0,0,1,0,1,0
2389,1243750,-227,18606,-83,18296,-22066,2791,-8077,0,0,1,0,1,0
2390,1244270,-267,16399,-21,16111,-25947,2592,-2041,0,0,1,0,1,0
2391,1244791,-297,13562,42,13307,-28831,2292,4073,0,0,1,0,1,0
2392,1245312,-315,10204,103,9992,-30607,1905,10031,0,0,1,0,1,0
2393,1245833,-321,6453,161,6292,-31207,1445,15603,0,0,1,0,1,0
2394,1246354,-315,2454,212,2351,-30607,929,20576,0,0,1,0,1,0
2395,1246875,-297,-1638,255,-1680,-28831,377,24758,0,0,1,0,1,0
2396,1247395,-267,-5668,288,-5647,-25947,-189,27988,0,0,1,0,1,0
2397,1247916,-227,-9480,310,-9397,-22066,-748,30143,0,0,1,0,1,0
2398,1248437,-179,-12928,321,-12786,-17337,-1278,31140,0,0,1,0,1,0
2399,1248958,-123,-15879,319,-15683,-11942,-1759,30940,0,0,1,0,1,0
2400,1249479,-63,-18220,304,-17978,-6088,-2172,29551,0,0,1,0,1,0
2401,1250000,0,-19860,278,-19582,0,-2502,27026,0,0,1,0,1,0
2402,1250520,63,-20738,242,-20433,6088,-2736,23462,0,0,1,0,1,0
2403,1251041,123,-20818,196,-20499,11942,-2865,18997,0,0,1,0,1,0
2404,1251562,179,-20098,142,-19778,17337,-2883,13802,0,0,1,0,1,0
2405,1252083,227,-18606,83,-18296,22066,-2791,8077,0,0,1,0,1,0
2406,1252604,267,-16399,21,-16111,25947,-2592,2041,0,0,1,0,1,0
2407,1253125,297,-13562,-42,-13307,28831,-2292,-4073,0,0,1,0,1,0
2408,1253645,315,-10204,-103,-9992,30607,-1905,-10031,0,0,1,0,1,0
2409,1254166,321,-6453,-161,-6292,31207,-1445,-15603,0,0,1,0,1,0
2410,1254687,315,-2454,-212,-2351,30607,-929,-20576,0,0,1,0,1,0
2411,1255208,297,1638,-255,1680,28831,-377,-24758,0,0,1,0,1,0
2412,1255729,267,5668,-288,5647,25947,189,-27988,0,0,1,0,1,0
2413,1256250,227,9480,-310,9397,22066,748,-30143,0,0,1,0,1,0
2414,1256770,179,12928,-321,12786,17337,1278,-31140,0,0,1,0,1,0
2415,1257291,123,15879,-319,15683,11942,1759,-30940,0,0,1,0,1,0
2416,1257812,63,18220,-304,17978,6088,2172,-29551,0,0,1,0,1,0
2417,1258333,0,19860,-278,19582,0,2502,-27026,0,0,1,0,1,0
2418,1258854,-63,20738,-242,20433,-6088,2736,-23462,0,0,1,0,1,0
2419,1259375,-123,20818,-196,20499,-11942,2865,-18997,0,0,1,0,1,0
2420,1259895,-179,20098,-142,19778,-17337,2883,-13802,0,0,1,0,1,0
2421,1260416,-227,18606,-83,18296,-22066,2791,-8077,0,0,1,0,1,0
2422,1260937,-267,16399,-21,16111,-25947,2592,-2041,0,0,1,0,1,0
2423,1261458,-297,13562,42,13307,-28831,2292,4073,0,0,1,0,1,0
2424,1261979,-315,10204,103,9992,-30607,1905,10031,0,0,1,0,1,0
2425,1262500,-321,6453,161,6292,-31207,1445,15603,0,0,1,0,1,0
2426,1263020,-315,2454,212,2351,-30607,929,20576,0,0,1,0,1,0
2427,1263541,-297,-1638,255,-1680,-28831,377,24758,0,0,1,0,1,0
2428,1264062,-267,-5668,288,-5647,-25947,-189,27988,0,0,1,0,1,0
2429,1264583,-227,-9480,310,-9397,-22066,-748,30143,0,0,1,0,1,0
2430,1265104,-179,-12928,321,-12786,-17337,-1278,31140,0,0,1,0,1,0
2431,1265625,-123,-15879,319,-15683,-11942,-1759,30940,0,0,1,0,1,0
2432,1266145,-63,-18220,304,-17978,-6088,-2172,29551,0,0,1,0,1,0
2433,1266666,0,-19860,278,-19582,0,-2502,27026,0,0,1,0,1,0
2434,1267187,63,-20738,242,-20433,6088,-2736,23462,0,0,1,0,1,0
2435,1267708,123,-20818,196,-20499,11942,-2865,18997,0,0,1,0,1,0
2436,1268229,179,-20098,142,-19778,17337,-2883,13802,0,0,1,0,1,0
2437,1268750,227,-18606,83,-18296,22066,-2791,8077,0,0,1,0,1,0
2438,1269270,267,-16399,21,-16111,25947,-2592,2041,0,0,1,0,1,0
2439,1269791,297,-13562,-42,-13307,28831,-2292,-4073,0,0,1,0,1,0
2440,1270312,315,-10204,-103,-9992,30607,-1905,-10031,0,0,1,0,1,0
2441,1270833,321,-6453,-161,-6292,31207,-1445,-15603,0,0,1,0,1,0
2442,1271354,315,-2454,-212,-2351,30607,-929,-20576,0,0,1,0,1,0
2443,1271875,297,1638,-255,1680,28831,-377,-24758,0,0,1,0,1,0
2444,1272395,267,5668,-288,5647,25947,189,-27988,0,0,1,0,1,0
2445,1272916,227,9480,-310,9397,22066,748,-30143,0,0,1,0,1,0
2446,1273437,179,12928,-321,12786,17337,1278,-31140,0,0,1,0,1,0
2447,1273958,123,15879,-319,15683,11942,1759,-30940,0,0,1,0,1,0
2448,1274479,63,18220,-304,17978,6088,2172,-29551,0,0,1,0,1,0
2449,1275000,0,19860,-278,19582,0,2502,-27026,0,0,1,0,1,0
2450,1275520,-63,20738,-242,20433,-6088,2736,-23462,0,0,1,0,1,0
2451,1276041,-123,20818,-196,20499,-11942,2865,-18997,0,0,1,0,1,0
2452,1276562,-179,20098,-142,19778,-17337,2883,-13802,0,0,1,0,1,0
2453,1277083,-227,18606,-83,18296,-22066,2791,-8077,0,0,1,0,1,0
2454,1277604,-267,16399,-21,16111,-25947,2592,-2041,0,0,1,0,1,0
2455,1278125,-297,13562,42,13307,-28831,2292,4073,0,0,1,0,1,0
2456,1278645,-315,10204,103,9992,-30607,1905,10031,0,0,1,0,1,0
2457,1279166,-321,6453,161,6292,-31207,1445,15603,0,0,1,0,1,0
2458,1279687,-315,2454,212,2351,-30607,929,20576,0,0,1,0,1,0
2459,1280208,-297,-1638,255,-1680,-28831,377,24758,0,0,1,0,1,0
2460,1280729,-267,-5668,288,-5647,-25947,-189,27988,0,0,1,0,1,0
2461,1281250,-227,-9480,310,-9397,-22066,-748,30143,0,0,1,0,1,0
2462,1281770,-179,-12928,321,-12786,-17337,-1278,31140,0,0,1,0,1,0
2463,1282291,-123,-15879,319,-15683,-11942,-1759,30940,0,0,1,0,1,0
2464,1282812,-63,-18220,304,-17978,-6088,-2172,29551,0,0,1,0,1,0
2465,1283333,0,-19860,278,-19582,0,-2502,27026,0,0,1,0,1,0
2466,1283854,63,-20738,242,-20433,6088,-2736,23462,0,0,1,0,1,0
2467,1284375,123,-20818,196,-20499,11942,-2865,18997,0,0,1,0,1,0
2468,1284895,179,-20098,142,-19778,17337,-2883,13802,0,0,1,0,1,0
2469,1285416,227,-18606,83,-18296,22066,-2791,8077,0,0,1,0,1,0
2470,1285937,267,-16399,21,-16111,25947,-2592,2041,0,0,1,0,1,0
2471,1286458,297,-13562,-42,-13307,28831,-2292,-4073,0,0,1,0,1,0
2472,1286979,315,-10204,-103,-9992,30607,-1905,-10031,0,0,1,0,1,0
2473,1287500,321,-6453,-161,-6292,31207,-1445,-15603,0,0,1,0,1,0
2474,1288020,315,-2454,-212,-2351,30607,-929,-20576,0,0,1,0,1,0
2475,1288541,297,1638,-255,1680,28831,-377,-24758,0,0,1,0,1,0
2476,1289062,267,5668,-288,5647,25947,189,-27988,0,0,1,0,1,0
2477,1289583,227,9480,-310,9397,22066,748,-30143,0,0,1,0,1,0
2478,1290104,179,12928,-321,12786,17337,1278,-31140,0,0,1,0,1,0
2479,1290625,123,15879,-319,15683,11942,1759,-30940,0,0,1,0,1,0
2480,1291145,63,18220,-304,17978,6088,2172,-29551,0,0,1,0,1,0
2481,1291666,0,19860,-278,19582,0,2502,-27026,0,0,1,0,1,0
2482,1292187,-63,20738,-242,20433,-6088,2736,-23462,0,0,1,0,1,0
2483,1292708,-123,20818,-196,20499,-11942,2865,-18997,0,0,1,0,1,0
2484,1293229,-179,20098,-142,19778,-17337,2883,-13802,0,0,1,0,1,0
2485,1293750,-227,18606,-83,18296,-22066,2791,-8077,0,0,1,0,1,0
2486,1294270,-267,16399,-21,16111,-25947,2592,-2041,0,0,1,0,1,0
2487,1294791,-297,13562,42,13307,-28831,2292,4073,0,0,1,0,1,0
2488,1295312,-315,10204,103,9992,-30607,1905,10031,0,0,1,0,1,0
2489,1295833,-321,6453,161,6292,-31207,1445,15603,0,0,1,0,1,0
2490,1296354,-315,2454,212,2351,-30607,929,20576,0,0,1,0,1,0
2491,1296875,-297,-1638,255,-1680,-28831,377,24758,0,0,1,0,1,0
2492,1297395,-267,-5668,288,-5647,-25947,-189,27988,0,0,1,0,1,0
2493,1297916,-227,-9480,310,-9397,-22066,-748,30143,0,0,1,0,1,0
2494,1298437,-179,-12928,321,-12786,-17337,-1278,31140,0,0,1,0,1,0
2495,1298958,-123,-15879,319,-15683,-11942,-1759,30940,0,0,1,0,1,0
2496,1299479,-63,-18220,304,-17978,-6088,-2172,29551,0,0,1,0,1,0
2497,1300000,0,-19860,278,-19582,0,-2502,27026,0,0,1,0,1,0
2498,1300520,63,-20738,242,-20433,6088,-2736,23462,0,0,1,0,1,0
2499,1301041,123,-20818,196,-20499,11942,-2865,18997,0,0,1,0,1,0
2500,1301562,179,-20098,142,-19778,17337,-2883,13802,0,0,1,0,1,0
2501,1302083,227,-18606,83,-18296,22066,-2791,8077,0,0,1,0,1,0
2502,1302604,267,-16399,21,-16111,25947,-2592,2041,0,0,1,0,1,0
2503,1303125,297,-13562,-42,-13307,28831,-2292,-4073,0,0,1,0,1,0
2504,1303645,315,-10204,-103,-9992,30607,-1905,-10031,0,0,1,0,1,0
2505,1304166,321,-6453,-161,-6292,31207,-1445,-15603,0,0,1,0,1,0
2506,1304687,315,-2454,-212,-2351,30607,-929,-20576,0,0,1,0,1,0
2507,1305208,297,1638,-255,1680,28831,-377,-24758,0,0,1,0,1,0
2508,1305729,267,5668,-288,5647,25947,189,-27988,0,0,1,0,1,0
2509,1306250,227,9480,-310,9397,22066,748,-30143,0,0,1,0,1,0
2510,1306770,179,12928,-321,12786,17337,1278,-31140,0,0,1,0,1,0
2511,1307291,123,15879,-319,15683,11942,1759,-30940,0,0,1,0,1,0
2512,1307812,63,18220,-304,17978,6088,2172,-29551,0,0,1,0,1,0
2513,1308333,0,19860,-278,19582,0,2502,-27026,0,0,1,0,1,0
2514,1308854,-63,20738,-242,20433,-6088,2736,-23462,0,0,1,0,1,0
2515,1309375,-123,20818,-196,20499,-11942,2865,-18997,0,0,1,0,1,0
2516,1309895,-179,20098,-142,19778,-17337,2883,-13802,0,0,1,0,1,0
2517,1310416,-227,18606,-83,18296,-22066,2791,-8077,0,0,1,0,1,0
2518,1310937,-267,16399,-21,16111,-25947,2592,-2041,0,0,1,0,1,0
2519,1311458,-297,13562,42,13307,-28831,2292,4073,0,0,1,0,1,0
2520,1311979,-315,10204,103,9992,-30607,1905,10031,0,0,1,0,1,0
2521,1312500,-321,6453,161,6292,-31207,1445,15603,0,0,1,0,1,0
2522,1313020,-315,2454,212,2351,-30607,929,20576,0,0,1,0,1,0
2523,1313541,-297,-1638,255,-1680,-28831,377,24758,0,0,1,0,1,0
2524,1314062,-267,-5668,288,-5647,-25947,-189,27988,0,0,1,0,1,0
2525,1314583,-227,-9480,310,-9397,-22066,-748,30143,0,0,1,0,1,0
2526,1315104,-179,-12928,321,-12786,-17337,-1278,31140,0,0,1,0,1,0
2527,1315625,-123,-15879,319,-15683,-11942,-1759,30940,0,0,1,0,1,0
2528,1316145,-63,-18220,304,-17978,-6088,-2172,29551,0,0,1,0,1,0
2529,1316666,0,-19860,278,-19582,0,-2502,27026,0,0,1,0,1,0
2530,1317187,63,-20738,242,-20433,6088,-2736,23462,0,0,1,0,1,0
2531,1317708,123,-20818,196,-20499,11942,-2865,18997,0,0,1,0,1,0
2532,1318229,179,-20098,142,-19778,17337,-2883,13802,0,0,1,0,1,0
2533,1318750,227,-18606,83,-18296,22066,-2791,8077,0,0,1,0,1,0
2534,1319270,267,-16399,21,-16111,25947,-2592,2041,0,0,1,0,1,0
2535,1319791,297,-13562,-42,-13307,28831,-2292,-4073,0,0,1,0,1,0
2536,1320312,315,-10204,-103,-9992,30607,-1905,-10031,0,0,1,0,1,0
2537,1320833,321,-6453,-161,-6292,31207,-1445,-15603,0,0,1,0,1,0
2538,1321354,315,-2454,-212,-2351,30607,-929,-20576,0,0,1,0,1,0
2539,1321875,297,1638,-255,1680,28831,-377,-24758,0,0,1,0,1,0
2540,1322395,267,5668,-288,5647,25947,189,-27988,0,0,1,0,1,0
2541,1322916,227,9480,-310,9397,22066,748,-30143,0,0,1,0,1,0
2542,1323437,179,12928,-321,12786,17337,1278,-31140,0,0,1,0,1,0
2543,1323958,123,15879,-319,15683,11942,1759,-30940,0,0,1,0,1,0
2544,1324479,63,18220,-304,17978,6088,2172,-29551,0,0,1,0,1,0
2545,1325000,0,19860,-278,19582,0,2502,-27026,0,0,1,0,1,0
2546,1325520,-63,20738,-242,20433,-6088,2736,-23462,0,0,1,0,1,0
2547,1326041,-123,20818,-196,20499,-11942,2865,-18997,0,0,1,0,1,0
2548,1326562,-179,20098,-142,19778,-17337,2883,-13802,0,0,1,0,1,0
2549,1327083,-227,18606,-83,18296,-22066,2791,-8077,0,0,1,0,1,0
2550,1327604,-267,16399,-21,16111,-25947,2592,-2041,0,0,1,0,1,0
2551,1328125,-297,13562,42,13307,-28831,2292,4073,0,0,1,0,1,0
2552,1328645,-315,10204,103,9992,-30607,1905,10031,0,0,1,0,1,0
2553,1329166,-321,6453,161,6292,-31207,1445,15603,0,0,1,0,1,0
2554,1329687,-315,2454,212,2351,-30607,929,20576,0,0,1,0,1,0
2555,1330208,-297,-1638,255,-1680,-28831,377,24758,0,0,1,0,1,0
2556,1330729,-267,-5668,288,-5647,-25947,-189,27988,0,0,1,0,1,0
2557,1331250,-227,-9480,310,-9397,-22066,-748,30143,0,0,1,0,1,0
2558,1331770,-179,-12928,321,-12786,-17337,-1278,31140,0,0,1,0,1,0
2559,1332291,-123,-15879,319,-15683,-11942,-1759,30940,0,0,1,0,1,0
2560,1332812,-63,-18220,304,-17978,-6088,-2172,29551,0,0,1,0,1,0
2561,1333333,0,-19860,278,-19582,0,-2502,27026,0,0,1,0,1,0
2562,1333854,63,-20738,242,-20433,6088,-2736,23462,0,0,1,0,1,0
2563,1334375,123,-20818,196,-20499,11942,-2865,18997,0,0,1,0,1,0
2564,1334895,179,-20098,142,-19778,17337,-2883,13802,0,0,1,0,1,0
2565,1335416,227,-18606,83,-18296,22066,-2791,8077,0,0,1,0,1,0
2566,1335937,267,-16399,21,-16111,25947,-2592,2041,0,0,1,0,1,0
2567,1336458,297,-13562,-42,-13307,28831,-2292,-4073,0,0,1,0,1,0
2568,1336979,315,-10204,-103,-9992,30607,-1905,-10031,0,0,1,0,1,0
2569,1337500,321,-6453,-161,-6292,31207,-1445,-15603,0,0,1,0,1,0
2570,1338020,315,-2454,-212,-2351,30607,-929,-20576,0,0,1,0,1,0
2571,1338541,297,1638,-255,1680,28831,-377,-24758,0,0,1,0,1,0
2572,1339062,267,5668,-288,5647,25947,189,-27988,0,0,1,0,1,0
2573,1339583,227,9480,-310,9397,22066,748,-30143,0,0,1,0,1,0
2574,1340104,179,12928,-321,12786,17337,1278,-31140,0,0,1,0,1,0
2575,1340625,123,15879,-319,15683,11942,1759,-30940,0,0,1,0,1,0
2576,1341145,63,18220,-304,17978,6088,2172,-29551,0,0,1,0,1,0
2577,1341666,0,19860,-278,19582,0,2502,-27026,0,0,1,0,1,0
2578,1342187,-63,20738,-242,20433,-6088,2736,-23462,0,0,1,0,1,0
2579,1342708,-123,20818,-196,20499,-11942,2865,-18997,0,0,1,0,1,0
2580,1343229,-179,20098,-142,19778,-17337,2883,-13802,0,0,1,0,1,0
2581,1343750,-227,18606,-83,18296,-22066,2791,-8077,0,0,1,0,1,0
2582,1344270,-267,16399,-21,16111,-25947,2592,-2041,0,0,1,0,1,0
2583,1344791,-297,13562,42,13307,-28831,2292,4073,0,0,1,0,1,0
2584,1345312,-315,10204,103,9992,-30607,1905,10031,0,0,1,0,1,0
2585,1345833,-321,6453,161,6292,-31207,1445,15603,0,0,1,0,1,0
2586,1346354,-315,2454,212,2351,-30607,929,20576,0,0,1,0,1,0
2587,1346875,-297,-1638,255,-1680,-28831,377,24758,0,0,1,0,1,0
2588,1347395,-267,-5668,288,-5647,-25947,-189,27988,0,0,1,0,1,0
2589,1347916,-227,-9480,310,-9397,-22066,-748,30143,0,0,1,0,1,0
2590,1348437,-179,-12928,321,-12786,-17337,-1278,31140,0,0,1,0,1,0
2591,1348958,-123,-15879,319,-15683,-11942,-1759,30940,0,0,1,0,1,0
2592,1349479,-63,-18220,304,-17978,-6088,-2172,29551,0,0,1,0,1,0
2593,1350000,0,-19860,278,-19582,0,-2502,27026,0,0,1,0,1,0
2594,1350520,63,-20738,242,-20433,6088,-2736,23462,0,0,1,0,1,0
2595,1351041,123,-20818,196,-20499,11942,-2865,18997,0,0,1,0,1,0
2596,1351562,179,-20098,142,-19778,17337,-2883,13802,0,0,1,0,1,0
2597,1352083,227,-18606,83,-18296,22066,-2791,8077,0,0,1,0,1,0
2598,1352604,267,-16399,21,-16111,25947,-2592,2041,0,0,1,0,1,0
2599,1353125,297,-13562,-42,-13307,28831,-2292,-4073,0,0,1,0,1,0
2600,1353645,315,-10204,-103,-9992,30607,-1905,-10031,0,0,1,0,1,0
2601,1354166,321,-6453,-161,-6292,31207,-1445,-15603,0,0,1,0,1,0
2602,1354687,315,-2454,-212,-2351,30607,-929,-20576,0,0,1,0,1,0
2603,1355208,297,1638,-255,1680,28831,-377,-24758,0,0,1,0,1,0
2604,1355729,267,5668,-288,5647,25947,189,-27988,0,0,1,0,1,0
2605,1356250,227,9480,-310,9397,22066,748,-30143,0,0,1,0,1,0
2606,1356770,179,12928,-321,12786,17337,1278,-31140,0,0,1,0,1,0
2607,1357291,123,15879,-319,15683,11942,1759,-30940,0,0,1,0,1,0
2608,1357812,63,18220,-304,17978,6088,2172,-29551,0,0,1,0,1,0
2609,1358333,0,19860,-278,19582,0,2502,-27026,0,0,1,0,1,0
2610,1358854,-63,20738,-242,20433,-6088,2736,-23462,0,0,1,0,1,0
2611,1359375,-123,20818,-196,20499,-11942,2865,-18997,0,0,1,0,1,0
2612,1359895,-179,20098,-142,19778,-17337,2883,-13802,0,0,1,0,1,0
2613,1360416,-227,18606,-83,18296,-22066,2791,-8077,0,0,1,0,1,0
2614,1360937,-267,16399,-21,16111,-25947,2592,-2041,0,0,1,0,1,0
2615,1361458,-297,13562,42,13307,-28831,2292,4073,0,0,1,0,1,0
2616,1361979,-315,10204,103,9992,-30607,1905,10031,0,0,1,0,1,0
2617,1362500,-321,6453,161,6292,-31207,1445,15603,0,0,1,0,1,0
2618,1363020,-315,2454,212,2351,-30607,929,20576,0,0,1,0,1,0
2619,1363541,-297,-1638,255,-1680,-28831,377,24758,0,0,1,0,1,0
2620,1364062,-267,-5668,288,-5647,-25947,-189,27988,0,0,1,0,1,0
2621,1364583,-227,-9480,310,-9397,-22066,-748,30143,0,0,1,0,1,0
2622,1365104,-179,-12928,321,-12786,-17337,-1278,31140,0,0,1,0,1,0
2623,1365625,-123,-15879,319,-15683,-11942,-1759,30940,0,0,1,0,1,0
2624,1366145,-63,-18220,304,-17978,-6088,-2172,29551,0,0,1,0,1,0
2625,1366666,0,-19860,278,-19582,0,-2502,27026,0,0,1,0,1,0
2626,1367187,63,-20738,242,-20433,6088,-2736,23462,0,0,1,0,1,0
2627,1367708,123,-20818,196,-20499,11942,-2865,18997,0,0,1,0,1,0
2628,1368229,179,-20098,142,-19778,17337,-2883,13802,0,0,1,0,1,0
2629,1368750,227,-18606,83,-18296,22066,-2791,8077,0,0,1,0,1,0
2630,1369270,267,-16399,21,-16111,25947,-2592,2041,0,0,1,0,1,0
2631,1369791,297,-13562,-42,-13307,28831,-2292,-4073,0,0,1,0,1,0
2632,1370312,315,-10204,-103,-9992,30607,-1905,-10031,0,0,1,0,1,0
2633,1370833,321,-6453,-161,-6292,31207,-1445,-15603,0,0,1,0,1,0
2634,1371354,315,-2454,-212,-2351,30607,-929,-20576,0,0,1,0,1,0
2635,1371875,297,1638,-255,1680,28831,-377,-24758,0,0,1,0,1,0
2636,1372395,267,5668,-288,5647,25947,189,-27988,0,0,1,0,1,0
2637,1372916,227,9480,-310,9397,22066,748,-30143,0,0,1,0,1,0
2638,1373437,179,12928,-321,12786,17337,1278,-31140,0,0,1,0,1,0
2639,1373958,123,15879,-319,15683,11942,1759,-30940,0,0,1,0,1,0
2640,1374479,63,18220,-304,17978,6088,2172,-29551,0,0,1,0,1,0
2641,1375000,0,19860,-278,19582,0,2502,-27026,0,0,1,0,1,0
2642,1375520,-63,20738,-242,20433,-6088,2736,-23462,0,0,1,0,1,0
2643,1376041,-123,20818,-196,20499,-11942,2865,-18997,0,0,1,0,1,0
2644,1376562,-179,20098,-142,19778,-17337,2883,-13802,0,0,1,0,1,0
2645,1377083,-227,18606,-83,18296,-22066,2791,-8077,0,0,1,0,1,0
2646,1377604,-267,16399,-21,16111,-25947,2592,-2041,0,0,1,0,1,0
2647,1378125,-297,13562,42,13307,-28831,2292,4073,0,0,1,0,1,0
2648,1378645,-315,10204,103,9992,-30607,1905,10031,0,0,1,0,1,0
2649,1379166,-321,6453,161,6292,-31207,1445,15603,0,0,1,0,1,0
2650,1379687,-315,2454,212,2351,-30607,929,20576,0,0,1,0,1,0
2651,1380208,-297,-1638,255,-1680,-28831,377,24758,0,0,1,0,1,0
2652,1380729,-267,-5668,288,-5647,-25947,-189,27988,0,0,1,0,1,0
2653,1381250,-227,-9480,310,-9397,-22066,-748,30143,0,0,1,0,1,0
2654,1381770,-179,-12928,321,-12786,-17337,-1278,31140,0,0,1,0,1,0
2655,1382291,-123,-15879,319,-15683,-11942,-1759,30940,0,0,1,0,1,0
2656,1382812,-63,-18220,304,-17978,-6088,-2172,29551,0,0,1,0,1,0
2657,1383333,0,-19860,278,-19582,0,-2502,27026,0,0,1,0,1,0
2658,1383854,63,-20738,242,-20433,6088,-2736,23462,0,0,1,0,1,0
2659,1384375,123,-20818,196,-20499,11942,-2865,18997,0,0,1,0,1,0
2660,1384895,179,-20098,142,-19778,17337,-2883,13802,0,0,1,0,1,0
2661,1385416,227,-18606,83,-18296,22066,-2791,8077,0,0,1,0,1,0
2662,1385937,267,-16399,21,-16111,25947,-2592,2041,0,0,1,0,1,0
2663,1386458,297,-13562,-42,-13307,28831,-2292,-4073,0,0,1,0,1,0
2664,1386979,315,-10204,-103,-9992,30607,-1905,-10031,0,0,1,0,1,0
2665,1387500,321,-6453,-161,-6292,31207,-1445,-15603,0,0,1,0,1,0
2666,1388020,315,-2454,-212,-2351,30607,-929,-20576,0,0,1,0,1,0
2667,1388541,297,1638,-255,1680,28831,-377,-24758,0,0,1,0,1,0
2668,1389062,267,5668,-288,5647,25947,189,-27988,0,0,1,0,1,0
2669,1389583,227,9480,-310,9397,22066,748,-30143,0,0,1,0,1,0
2670,1390104,179,12928,-321,12786,17337,1278,-31140,0,0,1,0,1,0
2671,1390625,123,15879,-319,15683,11942,1759,-30940,0,0,1,0,1,0
2672,1391145,63,18220,-304,17978,6088,2172,-29551,0,0,1,0,1,0
2673,1391666,0,19860,-278,19582,0,2502,-27026,0,0,1,0,1,0
2674,1392187,-63,20738,-242,20433,-6088,2736,-23462,0,0,1,0,1,0
2675,1392708,-123,20818,-196,20499,-11942,2865,-18997,0,0,1,0,1,0
2676,1393229,-179,20098,-142,19778,-17337,2883,-13802,0,0,1,0,1,0
2677,1393750,-227,18606,-83,18296,-22066,2791,-8077,0,0,1,0,1,0
2678,1394270,-267,16399,-21,16111,-25947,2592,-2041,0,0,1,0,1,0
2679,1394791,-297,13562,42,13307,-28831,2292,4073,0,0,1,0,1,0
2680,1395312,-315,10204,103,9992,-30607,1905,10031,0,0,1,0,1,0
2681,1395833,-321,6453,161,6292,-31207,1445,15603,0,0,1,0,1,0
2682,1396354,-315,2454,212,2351,-30607,929,20576,0,0,1,0,1,0
2683,1396875,-297,-1638,255,-1680,-28831,377,24758,0,0,1,0,1,0
2684,1397395,-267,-5668,288,-5647,-25947,-189,27988,0,0,1,0,1,0
2685,1397916,-227,-9480,310,-9397,-22066,-748,30143,0,0,1,0,1,0
2686,1398437,-179,-12928,321,-12786,-17337,-1278,31140,0,0,1,0,1,0
2687,1398958,-123,-15879,319,-15683,-11942,-1759,30940,0,0,1,0,1,0
2688,1399479,-63,-18220,304,-17978,-6088,-2172,29551,0,0,1,0,1,0
2689,1400000,0,-19860,278,-19582,0,-2502,27026,0,0,1,0,1,0
2690,1400520,63,-20738,242,-20433,6088,-2736,23462,0,0,1,0,1,0
2691,1401041,123,-20818,196,-20499,11942,-2865,18997,0,0,1,0,1,0
2692,1401562,179,-20098,142,-19778,17337,-2883,13802,0,0,1,0,1,0
2693,1402083,227,-18606,83,-18296,22066,-2791,8077,0,0,1,0,1,0
2694,1402604,267,-16399,21,-16111,25947,-2592,2041,0,0,1,0,1,0
2695,1403125,297,-13562,-42,-13307,28831,-2292,-4073,0,0,1,0,1,0
2696,1403645,315,-10204,-103,-9992,30607,-1905,-10031,0,0,1,0,1,0
2697,1404166,321,-6453,-161,-6292,31207,-1445,-15603,0,0,1,0,1,0
2698,1404687,315,-2454,-212,-2351,30607,-929,-20576,0,0,1,0,1,0
2699,1405208,297,1638,-255,1680,28831,-377,-24758,0,0,1,0,1,0
2700,1405729,267,5668,-288,5647,25947,189,-27988,0,0,1,0,1,0
2701,1406250,227,9480,-310,9397,22066,748,-30143,0,0,1,0,1,0
2702,1406770,179,12928,-321,12786,17337,1278,-31140,0,0,1,0,1,0
2703,1407291,123,15879,-319,15683,11942,1759,-30940,0,0,1,0,1,0
2704,1407812,63,18220,-304,17978,6088,2172,-29551,0,0,1,0,1,0
2705,1408333,0,19860,-278,19582,0,2502,-27026,0,0,1,0,1,0
2706,1408854,-63,20738,-242,20433,-6088,2736,-23462,0,0,1,0,1,0
2707,1409375,-123,20818,-196,20499,-11942,2865,-18997,0,0,1,0,1,0
2708,1409895,-179,20098,-142,19778,-17337,2883,-13802,0,0,1,0,1,0
2709,1410416,-227,18606,-83,18296,-22066,2791,-8077,0,0,1,0,1,0
2710,1410937,-267,16399,-21,16111,-25947,2592,-2041,0,0,1,0,1,0
2711,1411458,-297,13562,42,13307,-28831,2292,4073,0,0,1,0,1,0
2712,1411979,-315,10204,103,9992,-30607,1905,10031,0,0,1,0,1,0
2713,1412500,-321,6453,161,6292,-31207,1445,15603,0,0,1,0,1,0
2714,1413020,-315,2454,212,2351,-30607,929,20576,0,0,1,0,1,0
2715,1413541,-297,-1638,255,-1680,-28831,377,24758,0,0,1,0,1,0
2716,1414062,-267,-5668,288,-5647,-25947,-189,27988,0,0,1,0,1,0
2717,1414583,-227,-9480,310,-9397,-22066,-748,30143,0,0,1,0,1,0
2718,1415104,-179,-12928,321,-12786,-17337,-1278,31140,0,0,1,0,1,0
2719,1415625,-123,-15879,319,-15683,-11942,-1759,30940,0,0,1,0,1,0
2720,1416145,-63,-18220,304,-17978,-6088,-2172,29551,0,0,1,0,1,0
2721,1416666,0,-19860,278,-19582,0,-2502,27026,0,0,1,0,1,0
2722,1417187,63,-20738,242,-20433,6088,-2736,23462,0,0,1,0,1,0
2723,1417708,123,-20818,196,-20499,11942,-2865,18997,0,0,1,0,1,0
2724,1418229,179,-20098,142,-19778,17337,-2883,13802,0,0,1,0,1,0
2725,1418750,227,-18606,83,-18296,22066,-2791,8077,0,0,1,0,1,0
2726,1419270,267,-16399,21,-16111,25947,-2592,2041,0,0,1,0,1,0
2727,1419791,297,-13562,-42,-13307,28831,-2292,-4073,0,0,1,0,1,0
2728,1420312,315,-10204,-103,-9992,30607,-1905,-10031,0,0,1,0,1,0
2729,1420833,321,-6453,-161,-6292,31207,-1445,-15603,0,0,1,0,1,0
2730,1421354,315,-2454,-212,-2351,30607,-929,-20576,0,0,1,0,1,0
2731,1421875,0,0,0,0,0,0,0,1,0,0,0,0,0
2732,1422395,0,0,0,0,0,0,0,1,0,0,0,0,0
2733,1422916,0,0,0,0,0,0,0,1,0,0,0,0,0
2734,1423437,0,0,0,0,0,0,0,1,0,0,0,0,0
2735,1423958,0,0,0,0,0,0,0,1,0,0,0,0,0
2736,1424479,0,0,0,0,0,0,0,1,0,0,0,0,0
2737,1425000,0,0,0,0,0,0,0,1,0,0,0,0,0
2738,1425520,0,0,0,0,0,0,0,1,0,0,0,0,0
2739,1426041,0,0,0,0,0,0,0,1,0,0,0,0,0
2740,1426562,0,0,0,0,0,0,0,1,0,0,0,0,0
2741,1427083,0,0,0,0,0,0,0,1,0,0,0,0,0
2742,1427604,0,0,0,0,0,0,0,1,0,0,0,0,0
2743,1428125,0,0,0,0,0,0,0,1,0,0,0,0,0
2744,1428645,0,0,0,0,0,0,0,1,0,0,0,0,0
2745,1429166,0,0,0,0,0,0,0,1,0,0,0,0,0
2746,1429687,0,0,0,0,0,0,0,1,0,0,0,0,0
2747,1430208,0,0,0,0,0,0,0,1,0,0,0,0,0
2748,1430729,0,0,0,0,0,0,0,1,0,0,0,0,0
2749,1431250,0,0,0,0,0,0,0,1,0,0,0,0,0
2750,1431770,0,0,0,0,0,0,0,1,0,0,0,0,0
2751,1432291,0,0,0,0,0,0,0,1,0,0,0,0,0
2752,1432812,0,0,0,0,0,0,0,1,0,0,0,0,0
2753,1433333,0,0,0,0,0,0,0,1,0,0,0,0,0
2754,1433854,0,0,0,0,0,0,0,1,0,0,0,0,0
2755,1434375,0,0,0,0,0,0,0,1,0,0,0,0,0
2756,1434895,0,0,0,0,0,0,0,1,0,0,0,0,0
2757,1435416,0,0,0,0,0,0,0,1,0,0,0,0,0
2758,1435937,0,0,0,0,0,0,0,1,0,0,0,0,0
2759,1436458,0,0,0,0,0,0,0,1,0,0,0,0,0
2760,1436979,0,0,0,0,0,0,0,1,0,0,0,0,0
2761,1437500,0,0,0,0,0,0,0,1,0,0,0,0,0
2762,1438020,0,0,0,0,0,0,0,1,0,0,0,0,0
2763,1438541,0,0,0,0,0,0,0,1,0,0,0,0,0
2764,1439062,0,0,0,0,0,0,0,1,0,0,0,0,0
2765,1439583,0,0,0,0,0,0,0,1,0,0,0,0,0
2766,1440104,0,0,0,0,0,0,0,1,0,0,0,0,0
2767,1440625,0,0,0,0,0,0,0,1,0,0,0,0,0
2768,1441145,0,0,0,0,0,0,0,1,0,0,0,0,0
2769,1441666,0,0,0,0,0,0,0,1,0,0,0,0,0
2770,1442187,0,0,0,0,0,0,0,1,0,0,0,0,0
2771,1442708,0,0,0,0,0,0,0,1,0,0,0,0,0
2772,1443229,0,0,0,0,0,0,0,1,0,0,0,0,0
2773,1443750,0,0,0,0,0,0,0,1,0,0,0,0,0
2774,1444270,0,0,0,0,0,0,0,1,0,0,0,0,0
2775,1444791,0,0,0,0,0,0,0,1,0,0,0,0,0
2776,1445312,0,0,0,0,0,0,0,1,0,0,0,0,0
2777,1445833,0,0,0,0,0,0,0,1,0,0,0,0,0
2778,1446354,0,0,0,0,0,0,0,1,0,0,0,0,0
2779,1446875,0,0,0,0,0,0,0,1,0,0,0,0,0
2780,1447395,0,0,0,0,0,0,0,1,0,0,0,0,0
2781,1447916,0,0,0,0,0,0,0,1,0,0,0,0,0
2782,1448437,0,0,0,0,0,0,0,1,0,0,0,0,0
2783,1448958,0,0,0,0,0,0,0,1,0,0,0,0,0
2784,1449479,0,0,0,0,0,0,0,1,0,0,0,0,0
2785,1450000,0,0,0,0,0,0,0,1,0,0,0,0,0
2786,1450520,0,0,0,0,0,0,0,1,0,0,0,0,0
2787,1451041,0,0,0,0,0,0,0,1,0,0,0,0,0
2788,1451562,0,0,0,0,0,0,0,1,0,0,0,0,0
2789,1452083,0,0,0,0,0,0,0,1,0,0,0,0,0
2790,1452604,0,0,0,0,0,0,0,1,0,0,0,0,0
2791,1453125,0,0,0,0,0,0,0,1,0,0,0,0,0
2792,1453645,0,0,0,0,0,0,0,1,0,0,0,0,0
2793,1454166,0,0,0,0,0,0,0,1,0,0,0,0,0
2794,1454687,0,0,0,0,0,0,0,1,0,0,0,0,0
2795,1455208,0,0,0,0,0,0,0,1,0,0,0,0,0
2796,1455729,0,0,0,0,0,0,0,1,0,0,0,0,0
2797,1456250,0,0,0,0,0,0,0,1,0,0,0,0,0
2798,1456770,0,0,0,0,0,0,0,1,0,0,0,0,0
2799,1457291,0,0,0,0,0,0,0,1,0,0,0,0,0
2800,1457812,0,0,0,0,0,0,0,1,0,0,0,0,0
2801,1458333,0,0,0,0,0,0,0,1,0,0,0,0,0
2802,1458854,0,0,0,0,0,0,0,1,0,0,0,0,0
2803,1459375,0,0,0,0,0,0,0,1,0,0,0,0,0
2804,1459895,0,0,0,0,0,0,0,1,0,0,0,0,0
2805,1460416,0,0,0,0,0,0,0,1,0,0,0,0,0
2806,1460937,0,0,0,0,0,0,0,1,0,0,0,0,0
2807,1461458,0,0,0,0,0,0,0,1,0,0,0,0,0
2808,1461979,0,0,0,0,0,0,0,1,0,0,0,0,0
2809,1462500,0,0,0,0,0,0,0,1,0,0,0,0,0
2810,1463020,0,0,0,0,0,0,0,1,0,0,0,0,0
2811,1463541,0,0,0,0,0,0,0,1,0,0,0,0,0
2812,1464062,0,0,0,0,0,0,0,1,0,0,0,0,0
2813,1464583,0,0,0,0,0,0,0,1,0,0,0,0,0
2814,1465104,0,0,0,0,0,0,0,1,0,0,0,0,0
2815,1465625,0,0,0,0,0,0,0,1,0,0,0,0,0
2816,1466145,0,0,0,0,0,0,0,1,0,0,0,0,0
2817,1466666,0,0,0,0,0,0,0,1,0,0,0,0,0
2818,1467187,0,0,0,0,0,0,0,1,0,0,0,0,0
2819,1467708,0,0,0,0,0,0,0,1,0,0,0,0,0
2820,1468229,0,0,0,0,0,0,0,1,0,0,0,0,0
2821,1468750,0,0,0,0,0,0,0,1,0,0,0,0,0
2822,1469270,0,0,0,0,0,0,0,1,0,0,0,0,0
2823,1469791,0,0,0,0,0,0,0,1,0,0,0,0,0
2824,1470312,0,0,0,0,0,0,0,1,0,0,0,0,0
2825,1470833,0,0,0,0,0,0,0,1,0,0,0,0,0
2826,1471354,0,0,0,0,0,0,0,1,0,0,0,0,0
2827,1471875,0,0,0,0,0,0,0,1,0,0,0,0,0
2828,1472395,0,0,0,0,0,0,0,1,0,0,0,0,0
2829,1472916,0,0,0,0,0,0,0,1,0,0,0,0,0
2830,1473437,0,0,0,0,0,0,0,1,0,0,0,0,0
2831,1473958,0,0,0,0,0,0,0,1,0,0,0,0,0
2832,1474479,0,0,0,0,0,0,0,1,0,0,0,0,0
2833,1475000,0,0,0,0,0,0,0,1,0,0,0,0,0
2834,1475520,0,0,0,0,0,0,0,1,0,0,0,0,0
2835,1476041,0,0,0,0,0,0,0,1,0,0,0,0,0
2836,1476562,0,0,0,0,0,0,0,1,0,0,0,0,0
2837,1477083,0,0,0,0,0,0,0,1,0,0,0,0,0
2838,1477604,0,0,0,0,0,0,0,1,0,0,0,0,0
2839,1478125,0,0,0,0,0,0,0,1,0,0,0,0,0
2840,1478645,0,0,0,0,0,0,0,1,0,0,0,0,0
2841,1479166,0,0,0,0,0,0,0,1,0,0,0,0,0
2842,1479687,0,0,0,0,0,0,0,1,0,0,0,0,0
2843,1480208,0,0,0,0,0,0,0,1,0,0,0,0,0
2844,1480729,0,0,0,0,0,0,0,1,0,0,0,0,0
2845,1481250,0,0,0,0,0,0,0,1,0,0,0,0,0
2846,1481770,0,0,0,0,0,0,0,1,0,0,0,0,0
2847,1482291,0,0,0,0,0,0,0,1,0,0,0,0,0
2848,1482812,0,0,0,0,0,0,0,1,0,0,0,0,0
2849,1483333,0,0,0,0,0,0,0,1,0,0,0,0,0
2850,1483854,0,0,0,0,0,0,0,1,0,0,0,0,0
2851,1484375,0,0,0,0,0,0,0,1,0,0,0,0,0
2852,1484895,0,0,0,0,0,0,0,1,0,0,0,0,0
2853,1485416,0,0,0,0,0,0,0,1,0,0,0,0,0
2854,1485937,0,0,0,0,0,0,0,1,0,0,0,0,0
2855,1486458,0,0,0,0,0,0,0,1,0,0,0,0,0
2856,1486979,0,0,0,0,0,0,0,1,0,0,0,0,0
2857,1487500,0,0,0,0,0,0,0,1,0,0,0,0,0
2858,1488020,0,0,0,0,0,0,0,1,0,0,0,0,0
2859,1488541,0,0,0,0,0,0,0,1,0,0,0,0,0
2860,1489062,0,0,0,0,0,0,0,1,0,0,0,0,0
2861,1489583,0,0,0,0,0,0,0,1,0,0,0,0,0
2862,1490104,0,0,0,0,0,0,0,1,0,0,0,0,0
2863,1490625,0,0,0,0,0,0,0,1,0,0,0,0,0
2864,1491145,0,0,0,0,0,0,0,1,0,0,0,0,0
2865,1491666,0,0,0,0,0,0,0,1,0,0,0,0,0
2866,1492187,0,0,0,0,0,0,0,1,0,0,0,0,0
2867,1492708,0,0,0,0,0,0,0,1,0,0,0,0,0
2868,1493229,0,0,0,0,0,0,0,1,0,0,0,0,0
2869,1493750,0,0,0,0,0,0,0,1,0,0,0,0,0
2870,1494270,0,0,0,0,0,0,0,1,0,0,0,0,0
2871,1494791,0,0,0,0,0,0,0,1,0,0,0,0,0
2872,1495312,0,0,0,0,0,0,0,1,0,0,0,0,0
2873,1495833,0,0,0,0,0,0,0,1,0,0,0,0,0
2874,1496354,0,0,0,0,0,0,0,1,0,0,0,0,0
2875,1496875,0,0,0,0,0,0,0,1,0,0,0,0,0
2876,1497395,0,0,0,0,0,0,0,1,0,0,0,0,0
2877,1497916,0,0,0,0,0,0,0,1,0,0,0,0,0
2878,1498437,0,0,0,0,0,0,0,1,0,0,0,0,0
2879,1498958,0,0,0,0,0,0,0,1,0,0,0,0,0
2880,1499479,0,0,0,0,0,0,0,1,0,0,0,0,0
2881,1500000,0,0,0,0,0,0,0,1,0,0,0,0,0
2882,1500520,0,0,0,0,0,0,0,1,0,0,0,0,0
2883,1501041,0,0,0,0,0,0,0,1,0,0,0,0,0
2884,1501562,0,0,0,0,0,0,0,1,0,0,0,0,0
2885,1502083,0,0,0,0,0,0,0,1,0,0,0,0,0
2886,1502604,0,0,0,0,0,0,0,1,0,0,0,0,0
2887,1503125,0,0,0,0,0,0,0,1,0,0,0,0,0
2888,1503645,0,0,0,0,0,0,0,1,0,0,0,0,0
2889,1504166,0,0,0,0,0,0,0,1,0,0,0,0,0
2890,1504687,0,0,0,0,0,0,0,1,0,0,0,0,0
2891,1505208,0,0,0,0,0,0,0,1,0,0,0,0,0
2892,1505729,0,0,0,0,0,0,0,1,0,0,0,0,0
2893,1506250,0,0,0,0,0,0,0,1,0,0,0,0,0
2894,1506770,0,0,0,0,0,0,0,1,0,0,0,0,0
2895,1507291,0,0,0,0,0,0,0,1,0,0,0,0,0
2896,1507812,0,0,0,0,0,0,0,1,0,0,0,0,0
2897,1508333,0,0,0,0,0,0,0,1,0,0,0,0,0
2898,1508854,0,0,0,0,0,0,0,1,0,0,0,0,0
2899,1509375,0,0,0,0,0,0,0,1,0,0,0,0,0
2900,1509895,0,0,0,0,0,0,0,1,0,0,0,0,0
2901,1510416,0,0,0,0,0,0,0,1,0,0,0,0,0
2902,1510937,0,0,0,0,0,0,0,1,0,0,0,0,0
2903,1511458,0,0,0,0,0,0,0,1,0,0,0,0,0
2904,1511979,0,0,0,0,0,0,0,1,0,0,0,0,0
2905,1512500,0,0,0,0,0,0,0,1,0,0,0,0,0
2906,1513020,0,0,0,0,0,0,0,1,0,0,0,0,0
2907,1513541,0,0,0,0,0,0,0,1,0,0,0,0,0
2908,1514062,0,0,0,0,0,0,0,1,0,0,0,0,0
2909,1514583,0,0,0,0,0,0,0,1,0,0,0,0,0
2910,1515104,0,0,0,0,0,0,0,1,0,0,0,0,0
2911,1515625,0,0,0,0,0,0,0,1,0,0,0,0,0
2912,1516145,0,0,0,0,0,0,0,1,0,0,0,0,0
2913,1516666,0,0,0,0,0,0,0,1,0,0,0,0,0
2914,1517187,0,0,0,0,0,0,0,1,0,0,0,0,0
2915,1517708,0,0,0,0,0,0,0,1,0,0,0,0,0
2916,1518229,0,0,0,0,0,0,0,1,0,0,0,0,0
2917,1518750,0,0,0,0,0,0,0,1,0,0,0,0,0
2918,1519270,0,0,0,0,0,0,0,1,0,0,0,0,0
2919,1519791,0,0,0,0,0,0,0,1,0,0,0,0,0
2920,1520312,0,0,0,0,0,0,0,1,0,0,0,0,0
2921,1520833,0,0,0,0,0,0,0,1,0,0,0,0,0
2922,1521354,0,0,0,0,0,0,0,1,0,0,0,0,0
2923,1521875,0,0,0,0,0,0,0,1,0,0,0,0,0
2924,1522395,0,0,0,0,0,0,0,1,0,0,0,0,0
2925,1522916,0,0,0,0,0,0,0,1,0,0,0,0,0
2926,1523437,0,0,0,0,0,0,0,1,0,0,0,0,0
2927,1523958,0,0,0,0,0,0,0,1,0,0,0,0,0
2928,1524479,0,0,0,0,0,0,0,1,0,0,0,0,0
2929,1525000,0,0,0,0,0,0,0,1,0,0,0,0,0
2930,1525520,0,0,0,0,0,0,0,1,0,0,0,0,0
2931,1526041,0,0,0,0,0,0,0,1,0,0,0,0,0
2932,1526562,0,0,0,0,0,0,0,1,0,0,0,0,0
2933,1527083,0,0,0,0,0,0,0,1,0,0,0,0,0
2934,1527604,0,0,0,0,0,0,0,1,0,0,0,0,0
2935,1528125,0,0,0,0,0,0,0,1,0,0,0,0,0
2936,1528645,0,0,0,0,0,0,0,1,0,0,0,0,0
2937,1529166,0,0,0,0,0,0,0,1,0,0,0,0,0
2938,1529687,0,0,0,0,0,0,0,1,0,0,0,0,0
2939,1530208,0,0,0,0,0,0,0,1,0,0,0,0,0
2940,1530729,0,0,0,0,0,0,0,1,0,0,0,0,0
2941,1531250,0,0,0,0,0,0,0,1,0,0,0,0,0
2942,1531770,0,0,0,0,0,0,0,1,0,0,0,0,0
2943,1532291,0,0,0,0,0,0,0,1,0,0,0,0,0
2944,1532812,0,0,0,0,0,0,0,1,0,0,0,0,0
2945,1533333,0,0,0,0,0,0,0,1,0,0,0,0,0
2946,1533854,0,0,0,0,0,0,0,1,0,0,0,0,0
2947,1534375,0,0,0,0,0,0,0,1,0,0,0,0,0
2948,1534895,0,0,0,0,0,0,0,1,0,0,0,0,0
2949,1535416,0,0,0,0,0,0,0,1,0,0,0,0,0
2950,1535937,0,0,0,0,0,0,0,1,0,0,0,0,0
2951,1536458,0,0,0,0,0,0,0,1,0,0,0,0,0
2952,1536979,0,0,0,0,0,0,0,1,0,0,0,0,0
2953,1537500,0,0,0,0,0,0,0,1,0,0,0,0,0
2954,1538020,0,0,0,0,0,0,0,1,0,0,0,0,0
2955,1538541,0,0,0,0,0,0,0,1,0,0,0,0,0
2956,1539062,0,0,0,0,0,0,0,1,0,0,0,0,0
2957,1539583,0,0,0,0,0,0,0,1,0,0,0,0,0
2958,1540104,0,0,0,0,0,0,0,1,0,0,0,0,0
2959,1540625,0,0,0,0,0,0,0,1,0,0,0,0,0
2960,1541145,0,0,0,0,0,0,0,1,0,0,0,0,0
2961,1541666,0,0,0,0,0,0,0,1,0,0,0,0,0
2962,1542187,0,0,0,0,0,0,0,1,0,0,0,0,0
2963,1542708,0,0,0,0,0,0,0,1,0,0,0,0,0
2964,1543229,0,0,0,0,0,0,0,1,0,0,0,0,0
2965,1543750,0,0,0,0,0,0,0,1,0,0,0,0,0
2966,1544270,0,0,0,0,0,0,0,1,0,0,0,0,0
2967,1544791,0,0,0,0,0,0,0,1,0,0,0,0,0
2968,1545312,0,0,0,0,0,0,0,1,0,0,0,0,0
2969,1545833,0,0,0,0,0,0,0,1,0,0,0,0,0
2970,1546354,0,0,0,0,0,0,0,1,0,0,0,0,0
2971,1546875,0,0,0,0,0,0,0,1,0,0,0,0,0
2972,1547395,0,0,0,0,0,0,0,1,0,0,0,0,0
2973,1547916,0,0,0,0,0,0,0,1,0,0,0,0,0
2974,1548437,0,0,0,0,0,0,0,1,0,0,0,0,0
2975,1548958,0,0,0,0,0,0,0,1,0,0,0,0,0
2976,1549479,0,0,0,0,0,0,0,1,0,0,0,0,0
2977,1550000,0,0,0,0,0,0,0,1,0,0,0,0,0
2978,1550520,0,0,0,0,0,0,0,1,0,0,0,0,0
2979,1551041,0,0,0,0,0,0,0,1,0,0,0,0,0
2980,1551562,0,0,0,0,0,0,0,1,0,0,0,0,0
2981,1552083,0,0,0,0,0,0,0,1,0,0,0,0,0
2982,1552604,0,0,0,0,0,0,0,1,0,0,0,0,0
2983,1553125,0,0,0,0,0,0,0,1,0,0,0,0,0
2984,1553645,0,0,0,0,0,0,0,1,0,0,0,0,0
2985,1554166,0,0,0,0,0,0,0,1,0,0,0,0,0
2986,1554687,0,0,0,0,0,0,0,1,0,0,0,0,0
2987,1555208,0,0,0,0,0,0,0,1,0,0,0,0,0
2988,1555729,0,0,0,0,0,0,0,1,0,0,0,0,0
2989,1556250,0,0,0,0,0,0,0,1,0,0,0,0,0
2990,1556770,0,0,0,0,0,0,0,1,0,0,0,0,0
2991,1557291,0,0,0,0,0,0,0,1,0,0,0,0,0
2992,1557812,0,0,0,0,0,0,0,1,0,0,0,0,0
2993,1558333,0,0,0,0,0,0,0,1,0,0,0,0,0
2994,1558854,0,0,0,0,0,0,0,1,0,0,0,0,0
2995,1559375,0,0,0,0,0,0,0,1,0,0,0,0,0
2996,1559895,0,0,0,0,0,0,0,1,0,0,0,0,0
2997,1560416,0,0,0,0,0,0,0,1,0,0,0,0,0
2998,1560937,0,0,0,0,0,0,0,1,0,0,0,0,0
2999,1561458,0,0,0,0,0,0,0,1,0,0,0,0,0
3000,1561979,0,0,0,0,0,0,0,1,0,0,0,0,0
3001,1562500,0,0,0,0,0,0,0,1,0,0,0,0,0
3002,1563020,0,0,0,0,0,0,0,1,0,0,0,0,0
3003,1563541,0,0,0,0,0,0,0,1,0,0,0,0,0
3004,1564062,0,0,0,0,0,0,0,1,0,0,0,0,0
3005,1564583,0,0,0,0,0,0,0,1,0,0,0,0,0
3006,1565104,0,0,0,0,0,0,0,1,0,0,0,0,0
3007,1565625,0,0,0,0,0,0,0,1,0,0,0,0,0
3008,1566145,0,0,0,0,0,0,0,1,0,0,0,0,0
3009,1566666,0,0,0,0,0,0,0,1,0,0,0,0,0
3010,1567187,0,0,0,0,0,0,0,1,0,0,0,0,0
3011,1567708,0,0,0,0,0,0,0,1,0,0,0,0,0
3012,1568229,0,0,0,0,0,0,0,1,0,0,0,0,0
3013,1568750,0,0,0,0,0,0,0,1,0,0,0,0,0
3014,1569270,0,0,0,0,0,0,0,1,0,0,0,0,0
3015,1569791,0,0,0,0,0,0,0,1,0,0,0,0,0
3016,1570312,0,0,0,0,0,0,0,1,0,0,0,0,0
3017,1570833,0,0,0,0,0,0,0,1,0,0,0,0,0
3018,1571354,0,0,0,0,0,0,0,1,0,0,0,0,0
3019,1571875,0,0,0,0,0,0,0,1,0,0,0,0,0
3020,1572395,0,0,0,0,0,0,0,1,0,0,0,0,0
3021,1572916,0,0,0,0,0,0,0,1,0,0,0,0,0
3022,1573437,0,0,0,0,0,0,0,1,0,0,0,0,0
3023,1573958,0,0,0,0,0,0,0,1,0,0,0,0,0
3024,1574479,0,0,0,0,0,0,0,1,0,0,0,0,0
3025,1575000,0,0,0,0,0,0,0,1,0,0,0,0,0
3026,1575520,0,0,0,0,0,0,0,1,0,0,0,0,0
3027,1576041,0,0,0,0,0,0,0,1,0,0,0,0,0
3028,1576562,0,0,0,0,0,0,0,1,0,0,0,0,0
3029,1577083,0,0,0,0,0,0,0,1,0,0,0,0,0
3030,1577604,0,0,0,0,0,0,0,1,0,0,0,0,0
3031,1578125,0,0,0,0,0,0,0,1,0,0,0,0,0
3032,1578645,0,0,0,0,0,0,0,1,0,0,0,0,0
3033,1579166,0,0,0,0,0,0,0,1,0,0,0,0,0
3034,1579687,0,0,0,0,0,0,0,1,0,0,0,0,0
3035,1580208,0,0,0,0,0,0,0,1,0,0,0,0,0
3036,1580729,0,0,0,0,0,0,0,1,0,0,0,0,0
3037,1581250,0,0,0,0,0,0,0,1,0,0,0,0,0
3038,1581770,0,0,0,0,0,0,0,1,0,0,0,0,0
3039,1582291,0,0,0,0,0,0,0,1,0,0,0,0,0
3040,1582812,0,0,0,0,0,0,0,1,0,0,0,0,0
3041,1583333,0,0,0,0,0,0,0,1,0,0,0,0,0
3042,1583854,0,0,0,0,0,0,0,1,0,0,0,0,0
3043,1584375,0,0,0,0,0,0,0,1,0,0,0,0,0
3044,1584895,0,0,0,0,0,0,0,1,0,0,0,0,0
3045,1585416,0,0,0,0,0,0,0,1,0,0,0,0,0
3046,1585937,0,0,0,0,0,0,0,1,0,0,0,0,0
3047,1586458,0,0,0,0,0,0,0,1,0,0,0,0,0
3048,1586979,0,0,0,0,0,0,0,1,0,0,0,0,0
3049,1587500,0,0,0,0,0,0,0,1,0,0,0,0,0
3050,1588020,0,0,0,0,0,0,0,1,0,0,0,0,0
3051,1588541,0,0,0,0,0,0,0,1,0,0,0,0,0
3052,1589062,0,0,0,0,0,0,0,1,0,0,0,0,0
3053,1589583,0,0,0,0,0,0,0,1,0,0,0,0,0
3054,1590104,0,0,0,0,0,0,0,1,0,0,0,0,0
3055,1590625,0,0,0,0,0,0,0,1,0,0,0,0,0
3056,1591145,0,0,0,0,0,0,0,1,0,0,0,0,0
3057,1591666,0,0,0,0,0,0,0,1,0,0,0,0,0
3058,1592187,0,0,0,0,0,0,0,1,0,0,0,0,0
3059,1592708,0,0,0,0,0,0,0,1,0,0,0,0,0
3060,1593229,0,0,0,0,0,0,0,1,0,0,0,0,0
3061,1593750,0,0,0,0,0,0,0,1,0,0,0,0,0
3062,1594270,0,0,0,0,0,0,0,1,0,0,0,0,0
3063,1594791,0,0,0,0,0,0,0,1,0,0,0,0,0
3064,1595312,0,0,0,0,0,0,0,1,0,0,0,0,0
3065,1595833,0,0,0,0,0,0,0,1,0,0,0,0,0
3066,1596354,0,0,0,0,0,0,0,1,0,0,0,0,0
3067,1596875,0,0,0,0,0,0,0,1,0,0,0,0,0
3068,1597395,0,0,0,0,0,0,0,1,0,0,0,0,0
3069,1597916,0,0,0,0,0,0,0,1,0,0,0,0,0
3070,1598437,0,0,0,0,0,0,0,1,0,0,0,0,0
3071,1598958,0,0,0,0,0,0,0,1,0,0,0,0,0
3072,1599479,0,0,0,0,0,0,0,1,0,0,0,0,0
3073,1600000,0,0,0,0,0,0,0,1,0,0,0,0,0
3074,1600520,0,0,0,0,0,0,0,1,0,0,0,0,0
3075,1601041,0,0,0,0,0,0,0,1,0,0,0,0,0
3076,1601562,0,0,0,0,0,0,0,1,0,0,0,0,0
3077,1602083,0,0,0,0,0,0,0,1,0,0,0,0,0
3078,1602604,0,0,0,0,0,0,0,1,0,0,0,0,0
3079,1603125,0,0,0,0,0,0,0,1,0,0,0,0,0
3080,1603645,0,0,0,0,0,0,0,1,0,0,0,0,0
3081,1604166,0,0,0,0,0,0,0,1,0,0,0,0,0
3082,1604687,0,0,0,0,0,0,0,1,0,0,0,0,0
3083,1605208,0,0,0,0,0,0,0,1,0,0,0,0,0
3084,1605729,0,0,0,0,0,0,0,1,0,0,0,0,0
3085,1606250,0,0,0,0,0,0,0,1,0,0,0,0,0
3086,1606770,0,0,0,0,0,0,0,1,0,0,0,0,0
3087,1607291,0,0,0,0,0,0,0,1,0,0,0,0,0
3088,1607812,0,0,0,0,0,0,0,1,0,0,0,0,0
3089,1608333,0,0,0,0,0,0,0,1,0,0,0,0,0
3090,1608854,0,0,0,0,0,0,0,1,0,0,0,0,0
3091,1609375,0,0,0,0,0,0,0,1,0,0,0,0,0
3092,1609895,0,0,0,0,0,0,0,1,0,0,0,0,0
3093,1610416,0,0,0,0,0,0,0,1,0,0,0,0,0
3094,1610937,0,0,0,0,0,0,0,1,0,0,0,0,0
3095,1611458,0,0,0,0,0,0,0,1,0,0,0,0,0
3096,1611979,0,0,0,0,0,0,0,1,0,0,0,0,0
3097,1612500,0,0,0,0,0,0,0,1,0,0,0,0,0
3098,1613020,0,0,0,0,0,0,0,1,0,0,0,0,0
3099,1613541,0,0,0,0,0,0,0,1,0,0,0,0,0
3100,1614062,0,0,0,0,0,0,0,1,0,0,0,0,0
3101,1614583,0,0,0,0,0,0,0,1,0,0,0,0,0
3102,1615104,0,0,0,0,0,0,0,1,0,0,0,0,0
3103,1615625,0,0,0,0,0,0,0,1,0,0,0,0,0
3104,1616145,0,0,0,0,0,0,0,1,0,0,0,0,0
3105,1616666,0,0,0,0,0,0,0,1,0,0,0,0,0
3106,1617187,0,0,0,0,0,0,0,1,0,0,0,0,0
3107,1617708,0,0,0,0,0,0,0,1,0,0,0,0,0
3108,1618229,0,0,0,0,0,0,0,1,0,0,0,0,0
3109,1618750,0,0,0,0,0,0,0,1,0,0,0,0,0
3110,1619270,0,0,0,0,0,0,0,1,0,0,0,0,0
3111,1619791,0,0,0,0,0,0,0,1,0,0,0,0,0
3112,1620312,0,0,0,0,0,0,0,1,0,0,0,0,0
3113,1620833,0,0,0,0,0,0,0,1,0,0,0,0,0
3114,1621354,0,0,0,0,0,0,0,1,0,0,0,0,0
3115,1621875,0,0,0,0,0,0,0,1,0,0,0,0,0
3116,1622395,0,0,0,0,0,0,0,1,0,0,0,0,0
3117,1622916,0,0,0,0,0,0,0,1,0,0,0,0,0
3118,1623437,0,0,0,0,0,0,0,1,0,0,0,0,0
3119,1623958,0,0,0,0,0,0,0,1,0,0,0,0,0
3120,1624479,0,0,0,0,0,0,0,1,0,0,0,0,0
3121,1625000,0,0,0,0,0,0,0,1,0,0,0,0,0
3122,1625520,0,0,0,0,0,0,0,1,0,0,0,0,0
3123,1626041,0,0,0,0,0,0,0,1,0,0,0,0,0
3124,1626562,0,0,0,0,0,0,0,1,0,0,0,0,0
3125,1627083,0,0,0,0,0,0,0,1,0,0,0,0,0
3126,1627604,0,0,0,0,0,0,0,1,0,0,0,0,0
3127,1628125,0,0,0,0,0,0,0,1,0,0,0,0,0
3128,1628645,0,0,0,0,0,0,0,1,0,0,0,0,0
3129,1629166,0,0,0,0,0,0,0,1,0,0,0,0,0
3130,1629687,0,0,0,0,0,0,0,1,0,0,0,0,0
3131,1630208,0,0,0,0,0,0,0,1,0,0,0,0,0
3132,1630729,0,0,0,0,0,0,0,1,0,0,0,0,0
3133,1631250,0,0,0,0,0,0,0,1,0,0,0,0,0
3134,1631770,0,0,0,0,0,0,0,1,0,0,0,0,0
3135,1632291,0,0,0,0,0,0,0,1,0,0,0,0,0
3136,1632812,0,0,0,0,0,0,0,1,0,0,0,0,0
3137,1633333,0,0,0,0,0,0,0,1,0,0,0,0,0
3138,1633854,0,0,0,0,0,0,0,1,0,0,0,0,0
3139,1634375,0,0,0,0,0,0,0,1,0,0,0,0,0
3140,1634895,0,0,0,0,0,0,0,1,0,0,0,0,0
3141,1635416,0,0,0,0,0,0,0,1,0,0,0,0,0
3142,1635937,0,0,0,0,0,0,0,1,0,0,0,0,0
3143,1636458,0,0,0,0,0,0,0,1,0,0,0,0,0
3144,1636979,0,0,0,0,0,0,0,1,0,0,0,0,0
3145,1637500,0,0,0,0,0,0,0,1,0,0,0,0,0
3146,1638020,0,0,0,0,0,0,0,1,0,0,0,0,0
3147,1638541,0,0,0,0,0,0,0,1,0,0,0,0,0
3148,1639062,0,0,0,0,0,0,0,1,0,0,0,0,0
3149,1639583,0,0,0,0,0,0,0,1,0,0,0,0,0
3150,1640104,0,0,0,0,0,0,0,1,0,0,0,0,0
3151,1640625,0,0,0,0,0,0,0,1,0,0,0,0,0
3152,1641145,0,0,0,0,0,0,0,1,0,0,0,0,0
3153,1641666,0,0,0,0,0,0,0,1,0,0,0,0,0
3154,1642187,0,0,0,0,0,0,0,1,0,0,0,0,0
3155,1642708,0,0,0,0,0,0,0,1,0,0,0,0,0
3156,1643229,0,0,0,0,0,0,0,1,0,0,0,0,0
3157,1643750,0,0,0,0,0,0,0,1,0,0,0,0,0
3158,1644270,0,0,0,0,0,0,0,1,0,0,0,0,0
3159,1644791,0,0,0,0,0,0,0,1,0,0,0,0,0
3160,1645312,0,0,0,0,0,0,0,1,0,0,0,0,0
3161,1645833,0,0,0,0,0,0,0,1,0,0,0,0,0
3162,1646354,0,0,0,0,0,0,0,1,0,0,0,0,0
3163,1646875,0,0,0,0,0,0,0,1,0,0,0,0,0
3164,1647395,0,0,0,0,0,0,0,1,0,0,0,0,0
3165,1647916,0,0,0,0,0,0,0,1,0,0,0,0,0
3166,1648437,0,0,0,0,0,0,0,1,0,0,0,0,0
3167,1648958,0,0,0,0,0,0,0,1,0,0,0,0,0
3168,1649479,0,0,0,0,0,0,0,1,0,0,0,0,0
3169,1650000,0,0,0,0,0,0,0,1,0,0,0,0,0
