1,0,0,-221,221,0,0,-27026,27026,0,0,0,0,1,0
2,520,50,-242,192,0,6088,-29551,23462,0,0,0,0,1,0
3,1041,98,-253,155,0,11942,-30940,18997,0,0,0,0,1,0
4,1562,142,-255,113,0,17337,-31140,13802,0,0,0,0,1,0
5,2083,181,-247,66,0,22066,-30143,8077,0,0,0,0,1,0
6,2604,212,-229,17,0,25947,-27988,2041,0,0,0,0,1,0
7,3125,236,-203,-33,0,28831,-24758,-4073,0,0,0,0,1,0
8,3645,250,-168,-82,0,30607,-20576,-10031,0,0,0,0,1,0
9,4166,255,-128,-128,0,31207,-15603,-15603,0,0,0,0,1,0
10,4687,250,-82,-168,0,30607,-10031,-20576,0,0,0,0,1,0
11,5208,236,-33,-203,0,28831,-4073,-24758,0,0,0,0,1,0
12,5729,212,17,-229,0,25947,2041,-27988,0,0,0,0,1,0
13,6250,181,66,-247,0,22066,8077,-30143,0,0,0,0,1,0
14,6770,142,113,-255,0,17337,13802,-31140,0,0,0,0,1,0
15,7291,98,155,-253,0,11942,18997,-30940,0,0,0,0,1,0
16,7812,50,192,-242,0,6088,23462,-29551,0,0,0,0,1,0
17,8333,0,221,-221,0,0,27026,-27026,0,0,0,0,1,0
18,8854,-50,242,-192,0,-6088,29551,-23462,0,0,0,0,1,0
19,9375,-98,253,-155,0,-11942,30940,-18997,0,0,0,0,1,0
20,9895,-142,255,-113,0,-17337,31140,-13802,0,0,0,0,1,0
21,10416,-181,247,-66,0,-22066,30143,-8077,0,0,0,0,1,0
22,10937,-212,229,-17,0,-25947,27988,-2041,0,0,0,0,1,0
23,11458,-236,203,33,0,-28831,24758,4073,0,0,0,0,1,0
24,11979,-250,168,82,0,-30607,20576,10031,0,0,0,0,1,0
25,12500,-255,128,128,0,-31207,15603,15603,0,0,0,0,1,0
26,13020,-250,82,168,0,-30607,10031,20576,0,0,0,0,1,0
27,13541,-236,33,203,0,-28831,4073,24758,0,0,0,0,1,0
28,14062,-212,-17,229,0,-25947,-2041,27988,0,0,0,0,1,0
29,14583,-181,-66,247,0,-22066,-8077,30143,0,0,0,0,1,0
30,15104,-142,-113,255,0,-17337,-13802,31140,0,0,0,0,1,0
31,15625,-98,-155,253,0,-11942,-18997,30940,0,0,0,0,1,0
32,16145,-50,-192,242,0,-6088,-23462,29551,0,0,0,0,1,0
33,16666,0,-221,221,0,0,-27026,27026,0,0,0,0,1,0
34,17187,50,-242,192,0,6088,-29551,23462,0,0,0,0,1,0
35,17708,98,-253,155,0,11942,-30940,18997,0,0,0,0,1,0
36,18229,142,-255,113,0,17337,-31140,13802,0,0,0,0,1,0
37,18750,181,-247,66,0,22066,-30143,8077,0,0,0,0,1,0
38,19270,212,-229,17,0,25947,-27988,2041,0,0,0,0,1,0
39,19791,236,-203,-33,0,28831,-24758,-4073,0,0,0,0,1,0
40,20312,250,-168,-82,0,30607,-20576,-10031,0,0,0,0,1,0
41,20833,255,-128,-128,0,31207,-15603,-15603,0,0,0,0,1,0
42,21354,250,-82,-168,0,30607,-10031,-20576,0,0,0,0,1,0
43,21875,236,-33,-203,0,28831,-4073,-24758,0,0,0,0,1,0
44,22395,212,17,-229,0,25947,2041,-27988,0,0,0,0,1,0
45,22916,181,66,-247,0,22066,8077,-30143,0,0,0,0,1,0
46,23437,142,113,-255,0,17337,13802,-31140,0,0,0,0,1,0
47,23958,98,155,-253,0,11942,18997,-30940,0,0,0,0,1,0
48,24479,50,192,-242,0,6088,23462,-29551,0,0,0,0,1,0
49,25000,0,221,-221,0,0,27026,-27026,0,0,0,0,1,0
50,25520,-50,242,-192,0,-6088,29551,-23462,0,0,0,0,1,0
51,26041,-98,253,-155,0,-11942,30940,-18997,0,0,0,0,1,0
52,26562,-142,255,-113,0,-17337,31140,-13802,0,0,0,0,1,0
53,27083,-181,247,-66,0,-22066,30143,-8077,0,0,0,0,1,0
54,27604,-212,229,-17,0,-25947,27988,-2041,0,0,0,0,1,0
55,28125,-236,203,33,0,-28831,24758,4073,0,0,0,0,1,0
56,28645,-250,168,82,0,-30607,20576,10031,0,0,0,0,1,0
57,29166,-255,128,128,0,-31207,15603,15603,0,0,0,0,1,0
58,29687,-250,82,168,0,-30607,10031,20576,0,0,0,0,1,0
59,30208,-236,33,203,0,-28831,4073,24758,0,0,0,0,1,0
60,30729,-212,-17,229,0,-25947,-2041,27988,0,0,0,0,1,0
61,31250,-181,-66,247,0,-22066,-8077,30143,0,0,0,0,1,0
62,31770,-142,-113,255,0,-17337,-13802,31140,0,0,0,0,1,0
63,32291,-98,-155,253,0,-11942,-18997,30940,0,0,0,0,1,0
64,32812,-50,-192,242,0,-6088,-23462,29551,0,0,0,0,1,0
65,33333,0,-221,221,0,0,-27026,27026,0,0,0,0,1,0
66,33854,50,-242,192,0,6088,-29551,23462,0,0,0,0,1,0
67,34375,98,-253,155,0,11942,-30940,18997,0,0,0,0,1,0
68,34895,142,-255,113,0,17337,-31140,13802,0,0,0,0,1,0
69,35416,181,-247,66,0,22066,-30143,8077,0,0,0,0,1,0
70,35937,212,-229,17,0,25947,-27988,2041,0,0,0,0,1,0
71,36458,236,-203,-33,0,28831,-24758,-4073,0,0,0,0,1,0
72,36979,250,-168,-82,0,30607,-20576,-10031,0,0,0,0,1,0
73,37500,255,-128,-128,0,31207,-15603,-15603,0,0,0,0,1,0
74,38020,250,-82,-168,0,30607,-10031,-20576,0,0,0,0,1,0
75,38541,236,-33,-203,0,28831,-4073,-24758,0,0,0,0,1,0
76,39062,212,17,-229,0,25947,2041,-27988,0,0,0,0,1,0
77,39583,181,66,-247,0,22066,8077,-30143,0,0,0,0,1,0
78,40104,142,113,-255,0,17337,13802,-31140,0,0,0,0,1,0
79,40625,98,155,-253,0,11942,18997,-30940,0,0,0,0,1,0
80,41145,50,192,-242,0,6088,23462,-29551,0,0,0,0,1,0
81,41666,0,221,-221,0,0,27026,-27026,0,0,0,0,1,0
82,42187,-50,242,-192,0,-6088,29551,-23462,0,0,0,0,1,0
83,42708,-98,253,-155,0,-11942,30940,-18997,0,0,0,0,1,0
84,43229,-142,255,-113,0,-17337,31140,-13802,0,0,0,0,1,0
85,43750,-181,247,-66,0,-22066,30143,-8077,0,0,0,0,1,0
86,44270,-212,229,-17,0,-25947,27988,-2041,0,0,0,0,1,0
87,44791,-236,203,33,0,-28831,24758,4073,0,0,0,0,1,0
88,45312,-250,168,82,0,-30607,20576,10031,0,0,0,0,1,0
89,45833,-255,128,128,0,-31207,15603,15603,0,0,0,0,1,0
90,46354,-250,82,168,0,-30607,10031,20576,0,0,0,0,1,0
91,46875,-236,33,203,0,-28831,4073,24758,0,0,0,0,1,0
92,47395,-212,-17,229,0,-25947,-2041,27988,0,0,0,0,1,0
93,47916,-181,-66,247,0,-22066,-8077,30143,0,0,0,0,1,0
94,48437,-142,-113,255,0,-17337,-13802,31140,0,0,0,0,1,0
95,48958,-98,-155,253,0,-11942,-18997,30940,0,0,0,0,1,0
96,49479,-50,-192,242,0,-6088,-23462,29551,0,0,0,0,1,0
97,50000,16935,-25000,8065,0,0,-4054,4054,0,1,0,0,1,0
98,50520,20331,-25812,5481,0,913,-4433,3519,0,1,0,0,1,0
99,51041,23462,-25889,2427,0,1791,-4641,2850,0,1,0,0,1,0
100,51562,26198,-25226,-972,0,2601,-4671,2070,0,1,0,0,1,0
101,52083,28423,-23841,-4583,0,3310,-4521,1212,0,1,0,0,1,0
102,52604,30043,-21783,-8261,0,3892,-4198,306,0,1,0,0,1,0
103,53125,30986,-19127,-11860,0,4325,-3714,-611,0,1,0,0,1,0
104,53645,31207,-15970,-15237,0,4591,-3086,-1505,0,1,0,0,1,0
105,54166,30687,-12428,-18259,0,4681,-2341,-2340,0,1,0,0,1,0
106,54687,29438,-8634,-20803,0,4591,-1505,-3086,0,1,0,0,1,0
107,55208,27499,-4730,-22769,0,4325,-611,-3714,0,1,0,0,1,0
108,55729,24936,-859,-24077,0,3892,306,-4198,0,1,0,0,1,0
109,56250,21839,2832,-24671,0,3310,1212,-4521,0,1,0,0,1,0
110,56770,18319,6206,-24526,0,2601,2070,-4671,0,1,0,0,1,0
111,57291,14504,9138,-23641,0,1791,2850,-4641,0,1,0,0,1,0
112,57812,10530,11518,-22049,0,913,3519,-4433,0,1,0,0,1,0
113,58333,6545,13260,-19805,0,0,4054,-4054,0,1,0,0,1,0
114,58854,2693,14300,-16992,0,-913,4433,-3519,0,1,0,0,1,0
115,59375,-886,14601,-13715,0,-1791,4641,-2850,0,1,0,0,1,0
116,59895,-4061,14157,-10096,0,-2601,4671,-2070,0,1,0,0,1,0
117,60416,-6717,12987,-6271,0,-3310,4521,-1212,0,1,0,0,1,0
118,60937,-8759,11140,-2382,0,-3892,4198,-306,0,1,0,0,1,0
119,61458,-10116,8691,1424,0,-4325,3714,611,0,1,0,0,1,0
120,61979,-10742,5737,5005,0,-4591,3086,1505,0,1,0,0,1,0
121,62500,-10620,2395,8225,0,-4681,2341,2340,0,1,0,0,1,0
122,63020,-9761,-1204,10965,0,-4591,1505,3086,0,1,0,0,1,0
123,63541,-8205,-4918,13122,0,-4325,611,3714,0,1,0,0,1,0
124,64062,-6017,-8600,14617,0,-3892,-306,4198,0,1,0,0,1,0
125,64583,-3288,-12108,15396,0,-3310,-1212,4521,0,1,0,0,1,0
126,65104,-129,-15301,15430,0,-2601,-2070,4671,0,1,0,0,1,0
127,65625,3333,-18056,14723,0,-1791,-2850,4641,0,1,0,0,1,0
128,66145,6960,-20263,13304,0,-913,-3519,4433,0,1,0,0,1,0
129,66666,0,0,0,0,0,0,0,1,0,0,0,0,0
130,67187,0,0,0,0,0,0,0,1,0,0,0,0,0
131,67708,0,0,0,0,0,0,0,1,0,0,0,0,0
132,68229,0,0,0,0,0,0,0,1,0,0,0,0,0
133,68750,0,0,0,0,0,0,0,1,0,0,0,0,0
134,69270,0,0,0,0,0,0,0,1,0,0,0,0,0
135,69791,0,0,0,0,0,0,0,1,0,0,0,0,0
136,70312,0,0,0,0,0,0,0,1,0,0,0,0,0
137,70833,0,0,0,0,0,0,0,1,0,0,0,0,0
138,71354,0,0,0,0,0,0,0,1,0,0,0,0,0
139,71875,0,0,0,0,0,0,0,1,0,0,0,0,0
140,72395,0,0,0,0,0,0,0,1,0,0,0,0,0
141,72916,0,0,0,0,0,0,0,1,0,0,0,0,0
142,73437,0,0,0,0,0,0,0,1,0,0,0,0,0
143,73958,0,0,0,0,0,0,0,1,0,0,0,0,0
144,74479,0,0,0,0,0,0,0,1,0,0,0,0,0
145,75000,0,0,0,0,0,0,0,1,0,0,0,0,0
146,75520,0,0,0,0,0,0,0,1,0,0,0,0,0
147,76041,0,0,0,0,0,0,0,1,0,0,0,0,0
148,76562,0,0,0,0,0,0,0,1,0,0,0,0,0
149,77083,0,0,0,0,0,0,0,1,0,0,0,0,0
150,77604,0,0,0,0,0,0,0,1,0,0,0,0,0
151,78125,0,0,0,0,0,0,0,1,0,0,0,0,0
152,78645,0,0,0,0,0,0,0,1,0,0,0,0,0
153,79166,0,0,0,0,0,0,0,1,0,0,0,0,0
154,79687,0,0,0,0,0,0,0,1,0,0,0,0,0
155,80208,0,0,0,0,0,0,0,1,0,0,0,0,0
156,80729,0,0,0,0,0,0,0,1,0,0,0,0,0
157,81250,0,0,0,0,0,0,0,1,0,0,0,0,0
158,81770,0,0,0,0,0,0,0,1,0,0,0,0,0
159,82291,0,0,0,0,0,0,0,1,0,0,0,0,0
160,82812,0,0,0,0,0,0,0,1,0,0,0,0,0
161,83333,0,0,0,0,0,0,0,1,0,0,0,0,0
162,83854,0,0,0,0,0,0,0,1,0,0,0,0,0
163,84375,0,0,0,0,0,0,0,1,0,0,0,0,0
164,84895,0,0,0,0,0,0,0,1,0,0,0,0,0
165,85416,0,0,0,0,0,0,0,1,0,0,0,0,0
166,85937,0,0,0,0,0,0,0,1,0,0,0,0,0
167,86458,0,0,0,0,0,0,0,1,0,0,0,0,0
168,86979,0,0,0,0,0,0,0,1,0,0,0,0,0
169,87500,0,0,0,0,0,0,0,1,0,0,0,0,0
170,88020,0,0,0,0,0,0,0,1,0,0,0,0,0
171,88541,0,0,0,0,0,0,0,1,0,0,0,0,0
172,89062,0,0,0,0,0,0,0,1,0,0,0,0,0
173,89583,0,0,0,0,0,0,0,1,0,0,0,0,0
174,90104,0,0,0,0,0,0,0,1,0,0,0,0,0
175,90625,0,0,0,0,0,0,0,1,0,0,0,0,0
176,91145,0,0,0,0,0,0,0,1,0,0,0,0,0
177,91666,0,0,0,0,0,0,0,1,0,0,0,0,0
178,92187,0,0,0,0,0,0,0,1,0,0,0,0,0
179,92708,0,0,0,0,0,0,0,1,0,0,0,0,0
180,93229,0,0,0,0,0,0,0,1,0,0,0,0,0
181,93750,0,0,0,0,0,0,0,1,0,0,0,0,0
182,94270,0,0,0,0,0,0,0,1,0,0,0,0,0
183,94791,0,0,0,0,0,0,0,1,0,0,0,0,0
184,95312,0,0,0,0,0,0,0,1,0,0,0,0,0
185,95833,0,0,0,0,0,0,0,1,0,0,0,0,0
186,96354,0,0,0,0,0,0,0,1,0,0,0,0,0
187,96875,0,0,0,0,0,0,0,1,0,0,0,0,0
188,97395,0,0,0,0,0,0,0,1,0,0,0,0,0
189,97916,0,0,0,0,0,0,0,1,0,0,0,0,0
190,98437,0,0,0,0,0,0,0,1,0,0,0,0,0
191,98958,0,0,0,0,0,0,0,1,0,0,0,0,0
192,99479,0,0,0,0,0,0,0,1,0,0,0,0,0
193,100000,0,0,0,0,0,0,0,1,0,0,0,0,0
194,100520,0,0,0,0,0,0,0,1,0,0,0,0,0
195,101041,0,0,0,0,0,0,0,1,0,0,0,0,0
196,101562,0,0,0,0,0,0,0,1,0,0,0,0,0
197,102083,0,0,0,0,0,0,0,1,0,0,0,0,0
198,102604,0,0,0,0,0,0,0,1,0,0,0,0,0
199,103125,0,0,0,0,0,0,0,1,0,0,0,0,0
200,103645,0,0,0,0,0,0,0,1,0,0,0,0,0
201,104166,0,0,0,0,0,0,0,1,0,0,0,0,0
202,104687,0,0,0,0,0,0,0,1,0,0,0,0,0
203,105208,0,0,0,0,0,0,0,1,0,0,0,0,0
204,105729,0,0,0,0,0,0,0,1,0,0,0,0,0
205,106250,0,0,0,0,0,0,0,1,0,0,0,0,0
206,106770,0,0,0,0,0,0,0,1,0,0,0,0,0
207,107291,0,0,0,0,0,0,0,1,0,0,0,0,0
208,107812,0,0,0,0,0,0,0,1,0,0,0,0,0
209,108333,0,0,0,0,0,0,0,1,0,0,0,0,0
210,108854,0,0,0,0,0,0,0,1,0,0,0,0,0
211,109375,0,0,0,0,0,0,0,1,0,0,0,0,0
212,109895,0,0,0,0,0,0,0,1,0,0,0,0,0
213,110416,0,0,0,0,0,0,0,1,0,0,0,0,0
214,110937,0,0,0,0,0,0,0,1,0,0,0,0,0
215,111458,0,0,0,0,0,0,0,1,0,0,0,0,0
216,111979,0,0,0,0,0,0,0,1,0,0,0,0,0
217,112500,0,0,0,0,0,0,0,1,0,0,0,0,0
218,113020,0,0,0,0,0,0,0,1,0,0,0,0,0
219,113541,0,0,0,0,0,0,0,1,0,0,0,0,0
220,114062,0,0,0,0,0,0,0,1,0,0,0,0,0
221,114583,0,0,0,0,0,0,0,1,0,0,0,0,0
222,115104,0,0,0,0,0,0,0,1,0,0,0,0,0
223,115625,0,0,0,0,0,0,0,1,0,0,0,0,0
224,116145,0,0,0,0,0,0,0,1,0,0,0,0,0
225,116666,0,0,0,0,0,0,0,1,0,0,0,0,0
226,117187,0,0,0,0,0,0,0,1,0,0,0,0,0
227,117708,0,0,0,0,0,0,0,1,0,0,0,0,0
228,118229,0,0,0,0,0,0,0,1,0,0,0,0,0
229,118750,0,0,0,0,0,0,0,1,0,0,0,0,0
230,119270,0,0,0,0,0,0,0,1,0,0,0,0,0
231,119791,0,0,0,0,0,0,0,1,0,0,0,0,0
232,120312,0,0,0,0,0,0,0,1,0,0,0,0,0
233,120833,0,0,0,0,0,0,0,1,0,0,0,0,0
234,121354,0,0,0,0,0,0,0,1,0,0,0,0,0
235,121875,0,0,0,0,0,0,0,1,0,0,0,0,0
236,122395,0,0,0,0,0,0,0,1,0,0,0,0,0
237,122916,0,0,0,0,0,0,0,1,0,0,0,0,0
238,123437,0,0,0,0,0,0,0,1,0,0,0,0,0
239,123958,0,0,0,0,0,0,0,1,0,0,0,0,0
240,124479,0,0,0,0,0,0,0,1,0,0,0,0,0
241,125000,0,0,0,0,0,0,0,1,0,0,0,0,0
242,125520,0,0,0,0,0,0,0,1,0,0,0,0,0
243,126041,0,0,0,0,0,0,0,1,0,0,0,0,0
244,126562,0,0,0,0,0,0,0,1,0,0,0,0,0
245,127083,0,0,0,0,0,0,0,1,0,0,0,0,0
246,127604,0,0,0,0,0,0,0,1,0,0,0,0,0
247,128124,0,0,0,0,0,0,0,1,0,0,0,0,0
248,128645,0,0,0,0,0,0,0,1,0,0,0,0,0
249,129166,0,0,0,0,0,0,0,1,0,0,0,0,0
250,129687,0,0,0,0,0,0,0,1,0,0,0,0,0
251,130208,0,0,0,0,0,0,0,1,0,0,0,0,0
252,130729,0,0,0,0,0,0,0,1,0,0,0,0,0
253,131250,0,0,0,0,0,0,0,1,0,0,0,0,0
254,131770,0,0,0,0,0,0,0,1,0,0,0,0,0
255,132291,0,0,0,0,0,0,0,1,0,0,0,0,0
256,132812,0,0,0,0,0,0,0,1,0,0,0,0,0
257,133333,0,0,0,0,0,0,0,1,0,0,0,0,0
258,133854,0,0,0,0,0,0,0,1,0,0,0,0,0
259,134375,0,0,0,0,0,0,0,1,0,0,0,0,0
260,134895,0,0,0,0,0,0,0,1,0,0,0,0,0
261,135416,0,0,0,0,0,0,0,1,0,0,0,0,0
262,135937,0,0,0,0,0,0,0,1,0,0,0,0,0
263,136458,0,0,0,0,0,0,0,1,0,0,0,0,0
264,136979,0,0,0,0,0,0,0,1,0,0,0,0,0
265,137500,0,0,0,0,0,0,0,1,0,0,0,0,0
266,138020,0,0,0,0,0,0,0,1,0,0,0,0,0
267,138541,0,0,0,0,0,0,0,1,0,0,0,0,0
268,139062,0,0,0,0,0,0,0,1,0,0,0,0,0
269,139583,0,0,0,0,0,0,0,1,0,0,0,0,0
270,140104,0,0,0,0,0,0,0,1,0,0,0,0,0
271,140625,0,0,0,0,0,0,0,1,0,0,0,0,0
272,141145,0,0,0,0,0,0,0,1,0,0,0,0,0
273,141666,0,0,0,0,0,0,0,1,0,0,0,0,0
274,142187,0,0,0,0,0,0,0,1,0,0,0,0,0
275,142708,0,0,0,0,0,0,0,1,0,0,0,0,0
276,143229,0,0,0,0,0,0,0,1,0,0,0,0,0
277,143750,0,0,0,0,0,0,0,1,0,0,0,0,0
278,144270,0,0,0,0,0,0,0,1,0,0,0,0,0
279,144791,0,0,0,0,0,0,0,1,0,0,0,0,0
280,145312,0,0,0,0,0,0,0,1,0,0,0,0,0
281,145833,0,0,0,0,0,0,0,1,0,0,0,0,0
282,146354,0,0,0,0,0,0,0,1,0,0,0,0,0
283,146875,0,0,0,0,0,0,0,1,0,0,0,0,0
284,147395,0,0,0,0,0,0,0,1,0,0,0,0,0
285,147916,0,0,0,0,0,0,0,1,0,0,0,0,0
286,148437,0,0,0,0,0,0,0,1,0,0,0,0,0
287,148958,0,0,0,0,0,0,0,1,0,0,0,0,0
288,149479,0,0,0,0,0,0,0,1,0,0,0,0,0
289,150000,0,0,0,0,0,0,0,1,0,0,0,0,0
290,150520,0,0,0,0,0,0,0,1,0,0,0,0,0
291,151041,0,0,0,0,0,0,0,1,0,0,0,0,0
292,151562,0,0,0,0,0,0,0,1,0,0,0,0,0
293,152083,0,0,0,0,0,0,0,1,0,0,0,0,0
294,152604,0,0,0,0,0,0,0,1,0,0,0,0,0
295,153125,0,0,0,0,0,0,0,1,0,0,0,0,0
296,153645,0,0,0,0,0,0,0,1,0,0,0,0,0
297,154166,0,0,0,0,0,0,0,1,0,0,0,0,0
298,154687,0,0,0,0,0,0,0,1,0,0,0,0,0
299,155208,0,0,0,0,0,0,0,1,0,0,0,0,0
300,155729,0,0,0,0,0,0,0,1,0,0,0,0,0
301,156250,0,0,0,0,0,0,0,1,0,0,0,0,0
302,156770,0,0,0,0,0,0,0,1,0,0,0,0,0
303,157291,0,0,0,0,0,0,0,1,0,0,0,0,0
304,157812,0,0,0,0,0,0,0,1,0,0,0,0,0
305,158333,0,0,0,0,0,0,0,1,0,0,0,0,0
306,158854,0,0,0,0,0,0,0,1,0,0,0,0,0
307,159375,0,0,0,0,0,0,0,1,0,0,0,0,0
308,159895,0,0,0,0,0,0,0,1,0,0,0,0,0
309,160416,0,0,0,0,0,0,0,1,0,0,0,0,0
310,160937,0,0,0,0,0,0,0,1,0,0,0,0,0
311,161458,0,0,0,0,0,0,0,1,0,0,0,0,0
312,161979,0,0,0,0,0,0,0,1,0,0,0,0,0
313,162500,0,0,0,0,0,0,0,1,0,0,0,0,0
314,163020,0,0,0,0,0,0,0,1,0,0,0,0,0
315,163541,0,0,0,0,0,0,0,1,0,0,0,0,0
316,164062,0,0,0,0,0,0,0,1,0,0,0,0,0
317,164583,0,0,0,0,0,0,0,1,0,0,0,0,0
318,165104,0,0,0,0,0,0,0,1,0,0,0,0,0
319,165625,0,0,0,0,0,0,0,1,0,0,0,0,0
320,166145,0,0,0,0,0,0,0,1,0,0,0,0,0
321,166666,0,0,0,0,0,0,0,1,0,0,0,0,0
322,167187,0,0,0,0,0,0,0,1,0,0,0,0,0
323,167708,0,0,0,0,0,0,0,1,0,0,0,0,0
324,168229,0,0,0,0,0,0,0,1,0,0,0,0,0
325,168750,0,0,0,0,0,0,0,1,0,0,0,0,0
326,169270,0,0,0,0,0,0,0,1,0,0,0,0,0
327,169791,0,0,0,0,0,0,0,1,0,0,0,0,0
328,170312,0,0,0,0,0,0,0,1,0,0,0,0,0
329,170833,0,0,0,0,0,0,0,1,0,0,0,0,0
330,171354,0,0,0,0,0,0,0,1,0,0,0,0,0
331,171875,0,0,0,0,0,0,0,1,0,0,0,0,0
332,172395,0,0,0,0,0,0,0,1,0,0,0,0,0
333,172916,0,0,0,0,0,0,0,1,0,0,0,0,0
334,173437,0,0,0,0,0,0,0,1,0,0,0,0,0
335,173958,0,0,0,0,0,0,0,1,0,0,0,0,0
336,174479,0,0,0,0,0,0,0,1,0,0,0,0,0
337,175000,0,0,0,0,0,0,0,1,0,0,0,0,0
338,175520,0,0,0,0,0,0,0,1,0,0,0,0,0
339,176041,0,0,0,0,0,0,0,1,0,0,0,0,0
340,176562,0,0,0,0,0,0,0,1,0,0,0,0,0
341,177083,0,0,0,0,0,0,0,1,0,0,0,0,0
342,177604,0,0,0,0,0,0,0,1,0,0,0,0,0
343,178125,0,0,0,0,0,0,0,1,0,0,0,0,0
344,178645,0,0,0,0,0,0,0,1,0,0,0,0,0
345,179166,0,0,0,0,0,0,0,1,0,0,0,0,0
346,179687,0,0,0,0,0,0,0,1,0,0,0,0,0
347,180208,0,0,0,0,0,0,0,1,0,0,0,0,0
348,180729,0,0,0,0,0,0,0,1,0,0,0,0,0
349,181250,0,0,0,0,0,0,0,1,0,0,0,0,0
350,181770,0,0,0,0,0,0,0,1,0,0,0,0,0
351,182291,0,0,0,0,0,0,0,1,0,0,0,0,0
352,182812,0,0,0,0,0,0,0,1,0,0,0,0,0
353,183333,0,0,0,0,0,0,0,1,0,0,0,0,0
354,183854,0,0,0,0,0,0,0,1,0,0,0,0,0
355,184375,0,0,0,0,0,0,0,1,0,0,0,0,0
356,184895,0,0,0,0,0,0,0,1,0,0,0,0,0
357,185416,0,0,0,0,0,0,0,1,0,0,0,0,0
358,185937,0,0,0,0,0,0,0,1,0,0,0,0,0
359,186458,0,0,0,0,0,0,0,1,0,0,0,0,0
360,186979,0,0,0,0,0,0,0,1,0,0,0,0,0
361,187500,0,0,0,0,0,0,0,1,0,0,0,0,0
362,188020,0,0,0,0,0,0,0,1,0,0,0,0,0
363,188541,0,0,0,0,0,0,0,1,0,0,0,0,0
364,189062,0,0,0,0,0,0,0,1,0,0,0,0,0
365,189583,0,0,0,0,0,0,0,1,0,0,0,0,0
366,190104,0,0,0,0,0,0,0,1,0,0,0,0,0
367,190625,0,0,0,0,0,0,0,1,0,0,0,0,0
368,191145,0,0,0,0,0,0,0,1,0,0,0,0,0
369,191666,0,0,0,0,0,0,0,1,0,0,0,0,0
370,192187,0,0,0,0,0,0,0,1,0,0,0,0,0
371,192708,0,0,0,0,0,0,0,1,0,0,0,0,0
372,193229,0,0,0,0,0,0,0,1,0,0,0,0,0
373,193750,0,0,0,0,0,0,0,1,0,0,0,0,0
374,194270,0,0,0,0,0,0,0,1,0,0,0,0,0
375,194791,0,0,0,0,0,0,0,1,0,0,0,0,0
376,195312,0,0,0,0,0,0,0,1,0,0,0,0,0
377,195833,0,0,0,0,0,0,0,1,0,0,0,0,0
378,196354,0,0,0,0,0,0,0,1,0,0,0,0,0
379,196875,0,0,0,0,0,0,0,1,0,0,0,0,0
380,197395,0,0,0,0,0,0,0,1,0,0,0,0,0
381,197916,0,0,0,0,0,0,0,1,0,0,0,0,0
382,198437,0,0,0,0,0,0,0,1,0,0,0,0,0
383,198958,0,0,0,0,0,0,0,1,0,0,0,0,0
384,199479,0,0,0,0,0,0,0,1,0,0,0,0,0
385,200000,0,0,0,0,0,0,0,1,0,0,0,0,0
386,200520,0,0,0,0,0,0,0,1,0,0,0,0,0
387,201041,0,0,0,0,0,0,0,1,0,0,0,0,0
388,201562,0,0,0,0,0,0,0,1,0,0,0,0,0
389,202083,0,0,0,0,0,0,0,1,0,0,0,0,0
390,202604,0,0,0,0,0,0,0,1,0,0,0,0,0
391,203125,0,0,0,0,0,0,0,1,0,0,0,0,0
392,203645,0,0,0,0,0,0,0,1,0,0,0,0,0
393,204166,0,0,0,0,0,0,0,1,0,0,0,0,0
394,204687,0,0,0,0,0,0,0,1,0,0,0,0,0
395,205208,0,0,0,0,0,0,0,1,0,0,0,0,0
396,205729,0,0,0,0,0,0,0,1,0,0,0,0,0
397,206250,0,0,0,0,0,0,0,1,0,0,0,0,0
398,206770,0,0,0,0,0,0,0,1,0,0,0,0,0
399,207291,0,0,0,0,0,0,0,1,0,0,0,0,0
400,207812,0,0,0,0,0,0,0,1,0,0,0,0,0
401,208333,0,0,0,0,0,0,0,1,0,0,0,0,0
402,208854,0,0,0,0,0,0,0,1,0,0,0,0,0
403,209375,0,0,0,0,0,0,0,1,0,0,0,0,0
404,209895,0,0,0,0,0,0,0,1,0,0,0,0,0
405,210416,0,0,0,0,0,0,0,1,0,0,0,0,0
406,210937,0,0,0,0,0,0,0,1,0,0,0,0,0
407,211458,0,0,0,0,0,0,0,1,0,0,0,0,0
408,211979,0,0,0,0,0,0,0,1,0,0,0,0,0
409,212500,0,0,0,0,0,0,0,1,0,0,0,0,0
410,213020,0,0,0,0,0,0,0,1,0,0,0,0,0
411,213541,0,0,0,0,0,0,0,1,0,0,0,0,0
412,214062,0,0,0,0,0,0,0,1,0,0,0,0,0
413,214583,0,0,0,0,0,0,0,1,0,0,0,0,0
414,215104,0,0,0,0,0,0,0,1,0,0,0,0,0
415,215625,0,0,0,0,0,0,0,1,0,0,0,0,0
416,216145,0,0,0,0,0,0,0,1,0,0,0,0,0
417,216666,0,0,0,0,0,0,0,1,0,0,0,0,0
418,217187,0,0,0,0,0,0,0,1,0,0,0,0,0
419,217708,0,0,0,0,0,0,0,1,0,0,0,0,0
420,218229,0,0,0,0,0,0,0,1,0,0,0,0,0
421,218750,0,0,0,0,0,0,0,1,0,0,0,0,0
422,219270,0,0,0,0,0,0,0,1,0,0,0,0,0
423,219791,0,0,0,0,0,0,0,1,0,0,0,0,0
424,220312,0,0,0,0,0,0,0,1,0,0,0,0,0
425,220833,0,0,0,0,0,0,0,1,0,0,0,0,0
426,221354,0,0,0,0,0,0,0,1,0,0,0,0,0
427,221875,0,0,0,0,0,0,0,1,0,0,0,0,0
428,222395,0,0,0,0,0,0,0,1,0,0,0,0,0
429,222916,0,0,0,0,0,0,0,1,0,0,0,0,0
430,223437,0,0,0,0,0,0,0,1,0,0,0,0,0
431,223958,0,0,0,0,0,0,0,1,0,0,0,0,0
432,224479,0,0,0,0,0,0,0,1,0,0,0,0,0
433,225000,0,0,0,0,0,0,0,1,0,0,0,0,0
434,225520,0,0,0,0,0,0,0,1,0,0,0,0,0
435,226041,0,0,0,0,0,0,0,1,0,0,0,0,0
436,226562,0,0,0,0,0,0,0,1,0,0,0,0,0
437,227083,0,0,0,0,0,0,0,1,0,0,0,0,0
438,227604,0,0,0,0,0,0,0,1,0,0,0,0,0
439,228125,0,0,0,0,0,0,0,1,0,0,0,0,0
440,228645,0,0,0,0,0,0,0,1,0,0,0,0,0
441,229166,0,0,0,0,0,0,0,1,0,0,0,0,0
442,229687,0,0,0,0,0,0,0,1,0,0,0,0,0
443,230208,0,0,0,0,0,0,0,1,0,0,0,0,0
444,230729,0,0,0,0,0,0,0,1,0,0,0,0,0
445,231250,0,0,0,0,0,0,0,1,0,0,0,0,0
446,231770,0,0,0,0,0,0,0,1,0,0,0,0,0
447,232291,0,0,0,0,0,0,0,1,0,0,0,0,0
448,232812,0,0,0,0,0,0,0,1,0,0,0,0,0
449,233333,0,0,0,0,0,0,0,1,0,0,0,0,0
450,233854,0,0,0,0,0,0,0,1,0,0,0,0,0
451,234375,0,0,0,0,0,0,0,1,0,0,0,0,0
452,234895,0,0,0,0,0,0,0,1,0,0,0,0,0
453,235416,0,0,0,0,0,0,0,1,0,0,0,0,0
454,235937,0,0,0,0,0,0,0,1,0,0,0,0,0
455,236458,0,0,0,0,0,0,0,1,0,0,0,0,0
456,236979,0,0,0,0,0,0,0,1,0,0,0,0,0
457,237500,0,0,0,0,0,0,0,1,0,0,0,0,0
458,238020,0,0,0,0,0,0,0,1,0,0,0,0,0
459,238541,0,0,0,0,0,0,0,1,0,0,0,0,0
460,239062,0,0,0,0,0,0,0,1,0,0,0,0,0
461,239583,0,0,0,0,0,0,0,1,0,0,0,0,0
462,240104,0,0,0,0,0,0,0,1,0,0,0,0,0
463,240625,0,0,0,0,0,0,0,1,0,0,0,0,0
464,241145,0,0,0,0,0,0,0,1,0,0,0,0,0
465,241666,0,0,0,0,0,0,0,1,0,0,0,0,0
466,242187,0,0,0,0,0,0,0,1,0,0,0,0,0
467,242708,0,0,0,0,0,0,0,1,0,0,0,0,0
468,243229,0,0,0,0,0,0,0,1,0,0,0,0,0
469,243750,0,0,0,0,0,0,0,1,0,0,0,0,0
470,244270,0,0,0,0,0,0,0,1,0,0,0,0,0
471,244791,0,0,0,0,0,0,0,1,0,0,0,0,0
472,245312,0,0,0,0,0,0,0,1,0,0,0,0,0
473,245833,0,0,0,0,0,0,0,1,0,0,0,0,0
474,246354,0,0,0,0,0,0,0,1,0,0,0,0,0
475,246875,0,0,0,0,0,0,0,1,0,0,0,0,0
476,247395,0,0,0,0,0,0,0,1,0,0,0,0,0
477,247916,0,0,0,0,0,0,0,1,0,0,0,0,0
478,248437,0,0,0,0,0,0,0,1,0,0,0,0,0
479,248958,0,0,0,0,0,0,0,1,0,0,0,0,0
480,249479,0,0,0,0,0,0,0,1,0,0,0,0,0
481,250000,0,0,0,0,0,0,0,1,0,0,0,0,0
482,250520,0,0,0,0,0,0,0,1,0,0,0,0,0
483,251041,0,0,0,0,0,0,0,1,0,0,0,0,0
484,251562,0,0,0,0,0,0,0,1,0,0,0,0,0
485,252083,0,0,0,0,0,0,0,1,0,0,0,0,0
486,252604,0,0,0,0,0,0,0,1,0,0,0,0,0
487,253125,0,0,0,0,0,0,0,1,0,0,0,0,0
488,253645,0,0,0,0,0,0,0,1,0,0,0,0,0
489,254166,0,0,0,0,0,0,0,1,0,0,0,0,0
490,254687,0,0,0,0,0,0,0,1,0,0,0,0,0
491,255208,0,0,0,0,0,0,0,1,0,0,0,0,0
492,255729,0,0,0,0,0,0,0,1,0,0,0,0,0
493,256249,0,0,0,0,0,0,0,1,0,0,0,0,0
494,256770,0,0,0,0,0,0,0,1,0,0,0,0,0
495,257291,0,0,0,0,0,0,0,1,0,0,0,0,0
496,257812,0,0,0,0,0,0,0,1,0,0,0,0,0
497,258333,0,0,0,0,0,0,0,1,0,0,0,0,0
498,258854,0,0,0,0,0,0,0,1,0,0,0,0,0
499,259375,0,0,0,0,0,0,0,1,0,0,0,0,0
500,259895,0,0,0,0,0,0,0,1,0,0,0,0,0
501,260416,0,0,0,0,0,0,0,1,0,0,0,0,0
502,260937,0,0,0,0,0,0,0,1,0,0,0,0,0
503,261458,0,0,0,0,0,0,0,1,0,0,0,0,0
504,261979,0,0,0,0,0,0,0,1,0,0,0,0,0
505,262500,0,0,0,0,0,0,0,1,0,0,0,0,0
506,263020,0,0,0,0,0,0,0,1,0,0,0,0,0
507,263541,0,0,0,0,0,0,0,1,0,0,0,0,0
508,264062,0,0,0,0,0,0,0,1,0,0,0,0,0
509,264583,0,0,0,0,0,0,0,1,0,0,0,0,0
510,265104,0,0,0,0,0,0,0,1,0,0,0,0,0
511,265625,0,0,0,0,0,0,0,1,0,0,0,0,0
512,266145,0,0,0,0,0,0,0,1,0,0,0,0,0
513,266666,0,0,0,0,0,0,0,1,0,0,0,0,0
514,267187,0,0,0,0,0,0,0,1,0,0,0,0,0
515,267708,0,0,0,0,0,0,0,1,0,0,0,0,0
516,268229,0,0,0,0,0,0,0,1,0,0,0,0,0
517,268750,0,0,0,0,0,0,0,1,0,0,0,0,0
518,269270,0,0,0,0,0,0,0,1,0,0,0,0,0
519,269791,0,0,0,0,0,0,0,1,0,0,0,0,0
520,270312,0,0,0,0,0,0,0,1,0,0,0,0,0
521,270833,0,0,0,0,0,0,0,1,0,0,0,0,0
522,271354,0,0,0,0,0,0,0,1,0,0,0,0,0
523,271875,0,0,0,0,0,0,0,1,0,0,0,0,0
524,272395,0,0,0,0,0,0,0,1,0,0,0,0,0
525,272916,0,0,0,0,0,0,0,1,0,0,0,0,0
526,273437,0,0,0,0,0,0,0,1,0,0,0,0,0
527,273958,0,0,0,0,0,0,0,1,0,0,0,0,0
528,274479,0,0,0,0,0,0,0,1,0,0,0,0,0
529,275000,0,0,0,0,0,0,0,1,0,0,0,0,0
530,275520,0,0,0,0,0,0,0,1,0,0,0,0,0
531,276041,0,0,0,0,0,0,0,1,0,0,0,0,0
532,276562,0,0,0,0,0,0,0,1,0,0,0,0,0
533,277083,0,0,0,0,0,0,0,1,0,0,0,0,0
534,277604,0,0,0,0,0,0,0,1,0,0,0,0,0
535,278125,0,0,0,0,0,0,0,1,0,0,0,0,0
536,278645,0,0,0,0,0,0,0,1,0,0,0,0,0
537,279166,0,0,0,0,0,0,0,1,0,0,0,0,0
538,279687,0,0,0,0,0,0,0,1,0,0,0,0,0
539,280208,0,0,0,0,0,0,0,1,0,0,0,0,0
540,280729,0,0,0,0,0,0,0,1,0,0,0,0,0
541,281250,0,0,0,0,0,0,0,1,0,0,0,0,0
542,281770,0,0,0,0,0,0,0,1,0,0,0,0,0
543,282291,0,0,0,0,0,0,0,1,0,0,0,0,0
544,282812,0,0,0,0,0,0,0,1,0,0,0,0,0
545,283333,0,0,0,0,0,0,0,1,0,0,0,0,0
546,283854,0,0,0,0,0,0,0,1,0,0,0,0,0
547,284375,0,0,0,0,0,0,0,1,0,0,0,0,0
548,284895,0,0,0,0,0,0,0,1,0,0,0,0,0
549,285416,0,0,0,0,0,0,0,1,0,0,0,0,0
550,285937,0,0,0,0,0,0,0,1,0,0,0,0,0
551,286458,0,0,0,0,0,0,0,1,0,0,0,0,0
552,286979,0,0,0,0,0,0,0,1,0,0,0,0,0
553,287500,0,0,0,0,0,0,0,1,0,0,0,0,0
554,288020,0,0,0,0,0,0,0,1,0,0,0,0,0
555,288541,0,0,0,0,0,0,0,1,0,0,0,0,0
556,289062,0,0,0,0,0,0,0,1,0,0,0,0,0
557,289583,0,0,0,0,0,0,0,1,0,0,0,0,0
558,290104,0,0,0,0,0,0,0,1,0,0,0,0,0
559,290625,0,0,0,0,0,0,0,1,0,0,0,0,0
560,291145,0,0,0,0,0,0,0,1,0,0,0,0,0
561,291666,0,0,0,0,0,0,0,1,0,0,0,0,0
562,292187,0,0,0,0,0,0,0,1,0,0,0,0,0
563,292708,0,0,0,0,0,0,0,1,0,0,0,0,0
564,293229,0,0,0,0,0,0,0,1,0,0,0,0,0
565,293750,0,0,0,0,0,0,0,1,0,0,0,0,0
566,294270,0,0,0,0,0,0,0,1,0,0,0,0,0
567,294791,0,0,0,0,0,0,0,1,0,0,0,0,0
568,295312,0,0,0,0,0,0,0,1,0,0,0,0,0
569,295833,0,0,0,0,0,0,0,1,0,0,0,0,0
570,296354,0,0,0,0,0,0,0,1,0,0,0,0,0
571,296875,0,0,0,0,0,0,0,1,0,0,0,0,0
572,297395,0,0,0,0,0,0,0,1,0,0,0,0,0
573,297916,0,0,0,0,0,0,0,1,0,0,0,0,0
574,298437,0,0,0,0,0,0,0,1,0,0,0,0,0
575,298958,0,0,0,0,0,0,0,1,0,0,0,0,0
576,299479,0,0,0,0,0,0,0,1,0,0,0,0,0
577,300000,0,0,0,0,0,0,0,1,0,0,0,0,0
578,300520,0,0,0,0,0,0,0,1,0,0,0,0,0
579,301041,0,0,0,0,0,0,0,1,0,0,0,0,0
580,301562,0,0,0,0,0,0,0,1,0,0,0,0,0
581,302083,0,0,0,0,0,0,0,1,0,0,0,0,0
582,302604,0,0,0,0,0,0,0,1,0,0,0,0,0
583,303125,0,0,0,0,0,0,0,1,0,0,0,0,0
584,303645,0,0,0,0,0,0,0,1,0,0,0,0,0
585,304166,0,0,0,0,0,0,0,1,0,0,0,0,0
586,304687,0,0,0,0,0,0,0,1,0,0,0,0,0
587,305208,0,0,0,0,0,0,0,1,0,0,0,0,0
588,305729,0,0,0,0,0,0,0,1,0,0,0,0,0
589,306250,0,0,0,0,0,0,0,1,0,0,0,0,0
590,306770,0,0,0,0,0,0,0,1,0,0,0,0,0
591,307291,0,0,0,0,0,0,0,1,0,0,0,0,0
592,307812,0,0,0,0,0,0,0,1,0,0,0,0,0
593,308333,0,0,0,0,0,0,0,1,0,0,0,0,0
594,308854,0,0,0,0,0,0,0,1,0,0,0,0,0
595,309375,0,0,0,0,0,0,0,1,0,0,0,0,0
596,309895,0,0,0,0,0,0,0,1,0,0,0,0,0
597,310416,0,0,0,0,0,0,0,1,0,0,0,0,0
598,310937,0,0,0,0,0,0,0,1,0,0,0,0,0
599,311458,0,0,0,0,0,0,0,1,0,0,0,0,0
600,311979,0,0,0,0,0,0,0,1,0,0,0,0,0
601,312500,0,0,0,0,0,0,0,1,0,0,0,0,0
602,313020,0,0,0,0,0,0,0,1,0,0,0,0,0
603,313541,0,0,0,0,0,0,0,1,0,0,0,0,0
604,314062,0,0,0,0,0,0,0,1,0,0,0,0,0
605,314583,0,0,0,0,0,0,0,1,0,0,0,0,0
606,315104,0,0,0,0,0,0,0,1,0,0,0,0,0
607,315625,0,0,0,0,0,0,0,1,0,0,0,0,0
608,316145,0,0,0,0,0,0,0,1,0,0,0,0,0
609,316666,0,0,0,0,0,0,0,1,0,0,0,0,0
610,317187,0,0,0,0,0,0,0,1,0,0,0,0,0
611,317708,0,0,0,0,0,0,0,1,0,0,0,0,0
612,318229,0,0,0,0,0,0,0,1,0,0,0,0,0
613,318750,0,0,0,0,0,0,0,1,0,0,0,0,0
614,319270,0,0,0,0,0,0,0,1,0,0,0,0,0
615,319791,0,0,0,0,0,0,0,1,0,0,0,0,0
616,320312,0,0,0,0,0,0,0,1,0,0,0,0,0
617,320833,0,0,0,0,0,0,0,1,0,0,0,0,0
618,321354,0,0,0,0,0,0,0,1,0,0,0,0,0
619,321875,0,0,0,0,0,0,0,1,0,0,0,0,0
620,322395,0,0,0,0,0,0,0,1,0,0,0,0,0
621,322916,0,0,0,0,0,0,0,1,0,0,0,0,0
622,323437,0,0,0,0,0,0,0,1,0,0,0,0,0
623,323958,0,0,0,0,0,0,0,1,0,0,0,0,0
624,324479,0,0,0,0,0,0,0,1,0,0,0,0,0
625,325000,0,0,0,0,0,0,0,1,0,0,0,0,0
626,325520,0,0,0,0,0,0,0,1,0,0,0,0,0
627,326041,0,0,0,0,0,0,0,1,0,0,0,0,0
628,326562,0,0,0,0,0,0,0,1,0,0,0,0,0
629,327083,0,0,0,0,0,0,0,1,0,0,0,0,0
630,327604,0,0,0,0,0,0,0,1,0,0,0,0,0
631,328125,0,0,0,0,0,0,0,1,0,0,0,0,0
632,328645,0,0,0,0,0,0,0,1,0,0,0,0,0
633,329166,0,0,0,0,0,0,0,1,0,0,0,0,0
634,329687,0,0,0,0,0,0,0,1,0,0,0,0,0
635,330208,0,0,0,0,0,0,0,1,0,0,0,0,0
636,330729,0,0,0,0,0,0,0,1,0,0,0,0,0
637,331250,0,0,0,0,0,0,0,1,0,0,0,0,0
638,331770,0,0,0,0,0,0,0,1,0,0,0,0,0
639,332291,0,0,0,0,0,0,0,1,0,0,0,0,0
640,332812,0,0,0,0,0,0,0,1,0,0,0,0,0
641,333333,0,0,0,0,0,0,0,1,0,0,0,0,0
642,333854,0,0,0,0,0,0,0,1,0,0,0,0,0
643,334375,0,0,0,0,0,0,0,1,0,0,0,0,0
644,334895,0,0,0,0,0,0,0,1,0,0,0,0,0
645,335416,0,0,0,0,0,0,0,1,0,0,0,0,0
646,335937,0,0,0,0,0,0,0,1,0,0,0,0,0
647,336458,0,0,0,0,0,0,0,1,0,0,0,0,0
648,336979,0,0,0,0,0,0,0,1,0,0,0,0,0
649,337500,0,0,0,0,0,0,0,1,0,0,0,0,0
650,338020,0,0,0,0,0,0,0,1,0,0,0,0,0
651,338541,0,0,0,0,0,0,0,1,0,0,0,0,0
652,339062,0,0,0,0,0,0,0,1,0,0,0,0,0
653,339583,0,0,0,0,0,0,0,1,0,0,0,0,0
654,340104,0,0,0,0,0,0,0,1,0,0,0,0,0
655,340625,0,0,0,0,0,0,0,1,0,0,0,0,0
656,341145,0,0,0,0,0,0,0,1,0,0,0,0,0
657,341666,0,0,0,0,0,0,0,1,0,0,0,0,0
658,342187,0,0,0,0,0,0,0,1,0,0,0,0,0
659,342708,0,0,0,0,0,0,0,1,0,0,0,0,0
660,343229,0,0,0,0,0,0,0,1,0,0,0,0,0
661,343750,0,0,0,0,0,0,0,1,0,0,0,0,0
662,344270,0,0,0,0,0,0,0,1,0,0,0,0,0
663,344791,0,0,0,0,0,0,0,1,0,0,0,0,0
664,345312,0,0,0,0,0,0,0,1,0,0,0,0,0
665,345833,0,0,0,0,0,0,0,1,0,0,0,0,0
666,346354,0,0,0,0,0,0,0,1,0,0,0,0,0
667,346875,0,0,0,0,0,0,0,1,0,0,0,0,0
668,347395,0,0,0,0,0,0,0,1,0,0,0,0,0
669,347916,0,0,0,0,0,0,0,1,0,0,0,0,0
670,348437,0,0,0,0,0,0,0,1,0,0,0,0,0
671,348958,0,0,0,0,0,0,0,1,0,0,0,0,0
672,349479,0,0,0,0,0,0,0,1,0,0,0,0,0
673,350000,0,0,0,0,0,0,0,1,0,0,0,0,0
674,350520,0,0,0,0,0,0,0,1,0,0,0,0,0
675,351041,0,0,0,0,0,0,0,1,0,0,0,0,0
676,351562,0,0,0,0,0,0,0,1,0,0,0,0,0
677,352083,0,0,0,0,0,0,0,1,0,0,0,0,0
678,352604,0,0,0,0,0,0,0,1,0,0,0,0,0
679,353125,0,0,0,0,0,0,0,1,0,0,0,0,0
680,353645,0,0,0,0,0,0,0,1,0,0,0,0,0
681,354166,0,0,0,0,0,0,0,1,0,0,0,0,0
682,354687,0,0,0,0,0,0,0,1,0,0,0,0,0
683,355208,0,0,0,0,0,0,0,1,0,0,0,0,0
684,355729,0,0,0,0,0,0,0,1,0,0,0,0,0
685,356250,0,0,0,0,0,0,0,1,0,0,0,0,0
686,356770,0,0,0,0,0,0,0,1,0,0,0,0,0
687,357291,0,0,0,0,0,0,0,1,0,0,0,0,0
688,357812,0,0,0,0,0,0,0,1,0,0,0,0,0
689,358333,0,0,0,0,0,0,0,1,0,0,0,0,0
690,358854,0,0,0,0,0,0,0,1,0,0,0,0,0
691,359375,0,0,0,0,0,0,0,1,0,0,0,0,0
692,359895,0,0,0,0,0,0,0,1,0,0,0,0,0
693,360416,0,0,0,0,0,0,0,1,0,0,0,0,0
694,360937,0,0,0,0,0,0,0,1,0,0,0,0,0
695,361458,0,0,0,0,0,0,0,1,0,0,0,0,0
696,361979,0,0,0,0,0,0,0,1,0,0,0,0,0
697,362500,0,0,0,0,0,0,0,1,0,0,0,0,0
698,363020,0,0,0,0,0,0,0,1,0,0,0,0,0
699,363541,0,0,0,0,0,0,0,1,0,0,0,0,0
700,364062,0,0,0,0,0,0,0,1,0,0,0,0,0
701,364583,0,0,0,0,0,0,0,1,0,0,0,0,0
702,365104,0,0,0,0,0,0,0,1,0,0,0,0,0
703,365625,0,0,0,0,0,0,0,1,0,0,0,0,0
704,366145,0,0,0,0,0,0,0,1,0,0,0,0,0
705,366666,0,0,0,0,0,0,0,1,0,0,0,0,0
706,367187,0,0,0,0,0,0,0,1,0,0,0,0,0
707,367708,0,0,0,0,0,0,0,1,0,0,0,0,0
708,368229,0,0,0,0,0,0,0,1,0,0,0,0,0
709,368750,0,0,0,0,0,0,0,1,0,0,0,0,0
710,369270,0,0,0,0,0,0,0,1,0,0,0,0,0
711,369791,0,0,0,0,0,0,0,1,0,0,0,0,0
712,370312,0,0,0,0,0,0,0,1,0,0,0,0,0
713,370833,0,0,0,0,0,0,0,1,0,0,0,0,0
714,371354,0,0,0,0,0,0,0,1,0,0,0,0,0
715,371875,0,0,0,0,0,0,0,1,0,0,0,0,0
716,372395,0,0,0,0,0,0,0,1,0,0,0,0,0
717,372916,0,0,0,0,0,0,0,1,0,0,0,0,0
718,373437,0,0,0,0,0,0,0,1,0,0,0,0,0
719,373958,0,0,0,0,0,0,0,1,0,0,0,0,0
720,374479,0,0,0,0,0,0,0,1,0,0,0,0,0
721,375000,0,0,0,0,0,0,0,1,0,0,0,0,0
722,375520,0,0,0,0,0,0,0,1,0,0,0,0,0
723,376041,0,0,0,0,0,0,0,1,0,0,0,0,0
724,376562,0,0,0,0,0,0,0,1,0,0,0,0,0
725,377083,0,0,0,0,0,0,0,1,0,0,0,0,0
726,377604,0,0,0,0,0,0,0,1,0,0,0,0,0
727,378125,0,0,0,0,0,0,0,1,0,0,0,0,0
728,378645,0,0,0,0,0,0,0,1,0,0,0,0,0
729,379166,0,0,0,0,0,0,0,1,0,0,0,0,0
730,379687,0,0,0,0,0,0,0,1,0,0,0,0,0
731,380208,0,0,0,0,0,0,0,1,0,0,0,0,0
732,380729,0,0,0,0,0,0,0,1,0,0,0,0,0
733,381250,0,0,0,0,0,0,0,1,0,0,0,0,0
734,381770,0,0,0,0,0,0,0,1,0,0,0,0,0
735,382291,0,0,0,0,0,0,0,1,0,0,0,0,0
736,382812,0,0,0,0,0,0,0,1,0,0,0,0,0
737,383333,0,0,0,0,0,0,0,1,0,0,0,0,0
738,383854,0,0,0,0,0,0,0,1,0,0,0,0,0
739,384375,0,0,0,0,0,0,0,1,0,0,0,0,0
740,384895,0,0,0,0,0,0,0,1,0,0,0,0,0
741,385416,0,0,0,0,0,0,0,1,0,0,0,0,0
742,385937,0,0,0,0,0,0,0,1,0,0,0,0,0
743,386458,0,0,0,0,0,0,0,1,0,0,0,0,0
744,386979,0,0,0,0,0,0,0,1,0,0,0,0,0
745,387500,0,0,0,0,0,0,0,1,0,0,0,0,0
746,388020,0,0,0,0,0,0,0,1,0,0,0,0,0
747,388541,0,0,0,0,0,0,0,1,0,0,0,0,0
748,389062,0,0,0,0,0,0,0,1,0,0,0,0,0
749,389583,0,0,0,0,0,0,0,1,0,0,0,0,0
750,390104,0,0,0,0,0,0,0,1,0,0,0,0,0
751,390625,0,0,0,0,0,0,0,1,0,0,0,0,0
752,391145,0,0,0,0,0,0,0,1,0,0,0,0,0
753,391666,0,0,0,0,0,0,0,1,0,0,0,0,0
754,392187,0,0,0,0,0,0,0,1,0,0,0,0,0
755,392708,0,0,0,0,0,0,0,1,0,0,0,0,0
756,393229,0,0,0,0,0,0,0,1,0,0,0,0,0
757,393750,0,0,0,0,0,0,0,1,0,0,0,0,0
758,394270,0,0,0,0,0,0,0,1,0,0,0,0,0
759,394791,0,0,0,0,0,0,0,1,0,0,0,0,0
760,395312,0,0,0,0,0,0,0,1,0,0,0,0,0
761,395833,0,0,0,0,0,0,0,1,0,0,0,0,0
762,396354,0,0,0,0,0,0,0,1,0,0,0,0,0
763,396875,0,0,0,0,0,0,0,1,0,0,0,0,0
764,397395,0,0,0,0,0,0,0,1,0,0,0,0,0
765,397916,0,0,0,0,0,0,0,1,0,0,0,0,0
766,398437,0,0,0,0,0,0,0,1,0,0,0,0,0
767,398958,0,0,0,0,0,0,0,1,0,0,0,0,0
768,399479,0,0,0,0,0,0,0,1,0,0,0,0,0
769,400000,0,0,0,0,0,0,0,1,0,0,0,0,0
770,400520,0,0,0,0,0,0,0,1,0,0,0,0,0
771,401041,0,0,0,0,0,0,0,1,0,0,0,0,0
772,401562,0,0,0,0,0,0,0,1,0,0,0,0,0
773,402083,0,0,0,0,0,0,0,1,0,0,0,0,0
774,402604,0,0,0,0,0,0,0,1,0,0,0,0,0
775,403125,0,0,0,0,0,0,0,1,0,0,0,0,0
776,403645,0,0,0,0,0,0,0,1,0,0,0,0,0
777,404166,0,0,0,0,0,0,0,1,0,0,0,0,0
778,404687,0,0,0,0,0,0,0,1,0,0,0,0,0
779,405208,0,0,0,0,0,0,0,1,0,0,0,0,0
780,405729,0,0,0,0,0,0,0,1,0,0,0,0,0
781,406250,0,0,0,0,0,0,0,1,0,0,0,0,0
782,406770,0,0,0,0,0,0,0,1,0,0,0,0,0
783,407291,0,0,0,0,0,0,0,1,0,0,0,0,0
784,407812,0,0,0,0,0,0,0,1,0,0,0,0,0
785,408333,0,0,0,0,0,0,0,1,0,0,0,0,0
786,408854,0,0,0,0,0,0,0,1,0,0,0,0,0
787,409375,0,0,0,0,0,0,0,1,0,0,0,0,0
788,409895,0,0,0,0,0,0,0,1,0,0,0,0,0
789,410416,0,0,0,0,0,0,0,1,0,0,0,0,0
790,410937,0,0,0,0,0,0,0,1,0,0,0,0,0
791,411458,0,0,0,0,0,0,0,1,0,0,0,0,0
792,411979,0,0,0,0,0,0,0,1,0,0,0,0,0
793,412500,0,0,0,0,0,0,0,1,0,0,0,0,0
794,413020,0,0,0,0,0,0,0,1,0,0,0,0,0
795,413541,0,0,0,0,0,0,0,1,0,0,0,0,0
796,414062,0,0,0,0,0,0,0,1,0,0,0,0,0
797,414583,0,0,0,0,0,0,0,1,0,0,0,0,0
798,415104,0,0,0,0,0,0,0,1,0,0,0,0,0
799,415625,0,0,0,0,0,0,0,1,0,0,0,0,0
800,416145,0,0,0,0,0,0,0,1,0,0,0,0,0
801,416666,0,0,0,0,0,0,0,1,0,0,0,0,0
802,417187,0,0,0,0,0,0,0,1,0,0,0,0,0
803,417708,0,0,0,0,0,0,0,1,0,0,0,0,0
804,418229,0,0,0,0,0,0,0,1,0,0,0,0,0
805,418750,0,0,0,0,0,0,0,1,0,0,0,0,0
806,419270,0,0,0,0,0,0,0,1,0,0,0,0,0
807,419791,0,0,0,0,0,0,0,1,0,0,0,0,0
808,420312,0,0,0,0,0,0,0,1,0,0,0,0,0
809,420833,0,0,0,0,0,0,0,1,0,0,0,0,0
810,421354,0,0,0,0,0,0,0,1,0,0,0,0,0
811,421875,0,0,0,0,0,0,0,1,0,0,0,0,0
812,422395,0,0,0,0,0,0,0,1,0,0,0,0,0
813,422916,0,0,0,0,0,0,0,1,0,0,0,0,0
814,423437,0,0,0,0,0,0,0,1,0,0,0,0,0
815,423958,0,0,0,0,0,0,0,1,0,0,0,0,0
816,424479,0,0,0,0,0,0,0,1,0,0,0,0,0
817,425000,0,0,0,0,0,0,0,1,0,0,0,0,0
818,425520,0,0,0,0,0,0,0,1,0,0,0,0,0
819,426041,0,0,0,0,0,0,0,1,0,0,0,0,0
820,426562,0,0,0,0,0,0,0,1,0,0,0,0,0
821,427083,0,0,0,0,0,0,0,1,0,0,0,0,0
822,427604,0,0,0,0,0,0,0,1,0,0,0,0,0
823,428125,0,0,0,0,0,0,0,1,0,0,0,0,0
824,428645,0,0,0,0,0,0,0,1,0,0,0,0,0
825,429166,0,0,0,0,0,0,0,1,0,0,0,0,0
826,429687,0,0,0,0,0,0,0,1,0,0,0,0,0
827,430208,0,0,0,0,0,0,0,1,0,0,0,0,0
828,430729,0,0,0,0,0,0,0,1,0,0,0,0,0
829,431250,0,0,0,0,0,0,0,1,0,0,0,0,0
830,431770,0,0,0,0,0,0,0,1,0,0,0,0,0
831,432291,0,0,0,0,0,0,0,1,0,0,0,0,0
832,432812,0,0,0,0,0,0,0,1,0,0,0,0,0
833,433333,0,0,0,0,0,0,0,1,0,0,0,0,0
834,433854,0,0,0,0,0,0,0,1,0,0,0,0,0
835,434375,0,0,0,0,0,0,0,1,0,0,0,0,0
836,434895,0,0,0,0,0,0,0,1,0,0,0,0,0
837,435416,0,0,0,0,0,0,0,1,0,0,0,0,0
838,435937,0,0,0,0,0,0,0,1,0,0,0,0,0
839,436458,0,0,0,0,0,0,0,1,0,0,0,0,0
840,436979,0,0,0,0,0,0,0,1,0,0,0,0,0
841,437500,0,0,0,0,0,0,0,1,0,0,0,0,0
842,438020,0,0,0,0,0,0,0,1,0,0,0,0,0
843,438541,0,0,0,0,0,0,0,1,0,0,0,0,0
844,439062,0,0,0,0,0,0,0,1,0,0,0,0,0
845,439583,0,0,0,0,0,0,0,1,0,0,0,0,0
846,440104,0,0,0,0,0,0,0,1,0,0,0,0,0
847,440625,0,0,0,0,0,0,0,1,0,0,0,0,0
848,441145,0,0,0,0,0,0,0,1,0,0,0,0,0
849,441666,0,0,0,0,0,0,0,1,0,0,0,0,0
850,442187,0,0,0,0,0,0,0,1,0,0,0,0,0
851,442708,0,0,0,0,0,0,0,1,0,0,0,0,0
852,443229,0,0,0,0,0,0,0,1,0,0,0,0,0
853,443750,0,0,0,0,0,0,0,1,0,0,0,0,0
854,444270,0,0,0,0,0,0,0,1,0,0,0,0,0
855,444791,0,0,0,0,0,0,0,1,0,0,0,0,0
856,445312,0,0,0,0,0,0,0,1,0,0,0,0,0
857,445833,0,0,0,0,0,0,0,1,0,0,0,0,0
858,446354,0,0,0,0,0,0,0,1,0,0,0,0,0
859,446875,0,0,0,0,0,0,0,1,0,0,0,0,0
860,447395,0,0,0,0,0,0,0,1,0,0,0,0,0
861,447916,0,0,0,0,0,0,0,1,0,0,0,0,0
862,448437,0,0,0,0,0,0,0,1,0,0,0,0,0
863,448958,0,0,0,0,0,0,0,1,0,0,0,0,0
864,449479,0,0,0,0,0,0,0,1,0,0,0,0,0
865,450000,0,0,0,0,0,0,0,1,0,0,0,0,0
866,450520,0,0,0,0,0,0,0,1,0,0,0,0,0
867,451041,0,0,0,0,0,0,0,1,0,0,0,0,0
868,451562,0,0,0,0,0,0,0,1,0,0,0,0,0
869,452083,0,0,0,0,0,0,0,1,0,0,0,0,0
870,452604,0,0,0,0,0,0,0,1,0,0,0,0,0
871,453125,0,0,0,0,0,0,0,1,0,0,0,0,0
872,453645,0,0,0,0,0,0,0,1,0,0,0,0,0
873,454166,0,0,0,0,0,0,0,1,0,0,0,0,0
874,454687,0,0,0,0,0,0,0,1,0,0,0,0,0
875,455208,0,0,0,0,0,0,0,1,0,0,0,0,0
876,455729,0,0,0,0,0,0,0,1,0,0,0,0,0
877,456250,0,0,0,0,0,0,0,1,0,0,0,0,0
878,456770,0,0,0,0,0,0,0,1,0,0,0,0,0
879,457291,0,0,0,0,0,0,0,1,0,0,0,0,0
880,457812,0,0,0,0,0,0,0,1,0,0,0,0,0
881,458333,0,0,0,0,0,0,0,1,0,0,0,0,0
882,458854,0,0,0,0,0,0,0,1,0,0,0,0,0
883,459375,0,0,0,0,0,0,0,1,0,0,0,0,0
884,459895,0,0,0,0,0,0,0,1,0,0,0,0,0
885,460416,0,0,0,0,0,0,0,1,0,0,0,0,0
886,460937,0,0,0,0,0,0,0,1,0,0,0,0,0
887,461458,0,0,0,0,0,0,0,1,0,0,0,0,0
888,461979,0,0,0,0,0,0,0,1,0,0,0,0,0
889,462500,0,0,0,0,0,0,0,1,0,0,0,0,0
890,463020,0,0,0,0,0,0,0,1,0,0,0,0,0
891,463541,0,0,0,0,0,0,0,1,0,0,0,0,0
892,464062,0,0,0,0,0,0,0,1,0,0,0,0,0
893,464583,0,0,0,0,0,0,0,1,0,0,0,0,0
894,465104,0,0,0,0,0,0,0,1,0,0,0,0,0
895,465625,0,0,0,0,0,0,0,1,0,0,0,0,0
896,466145,0,0,0,0,0,0,0,1,0,0,0,0,0
897,466666,0,0,0,0,0,0,0,1,0,0,0,0,0
898,467187,0,0,0,0,0,0,0,1,0,0,0,0,0
899,467708,0,0,0,0,0,0,0,1,0,0,0,0,0
900,468229,0,0,0,0,0,0,0,1,0,0,0,0,0
901,468750,0,0,0,0,0,0,0,1,0,0,0,0,0
902,469270,0,0,0,0,0,0,0,1,0,0,0,0,0
903,469791,0,0,0,0,0,0,0,1,0,0,0,0,0
904,470312,0,0,0,0,0,0,0,1,0,0,0,0,0
905,470833,0,0,0,0,0,0,0,1,0,0,0,0,0
906,471354,0,0,0,0,0,0,0,1,0,0,0,0,0
907,471875,0,0,0,0,0,0,0,1,0,0,0,0,0
908,472395,0,0,0,0,0,0,0,1,0,0,0,0,0
909,472916,0,0,0,0,0,0,0,1,0,0,0,0,0
910,473437,0,0,0,0,0,0,0,1,0,0,0,0,0
911,473958,0,0,0,0,0,0,0,1,0,0,0,0,0
912,474479,0,0,0,0,0,0,0,1,0,0,0,0,0
913,475000,0,0,0,0,0,0,0,1,0,0,0,0,0
914,475520,0,0,0,0,0,0,0,1,0,0,0,0,0
915,476041,0,0,0,0,0,0,0,1,0,0,0,0,0
916,476562,0,0,0,0,0,0,0,1,0,0,0,0,0
917,477083,0,0,0,0,0,0,0,1,0,0,0,0,0
918,477604,0,0,0,0,0,0,0,1,0,0,0,0,0
919,478125,0,0,0,0,0,0,0,1,0,0,0,0,0
920,478645,0,0,0,0,0,0,0,1,0,0,0,0,0
921,479166,0,0,0,0,0,0,0,1,0,0,0,0,0
922,479687,0,0,0,0,0,0,0,1,0,0,0,0,0
923,480208,0,0,0,0,0,0,0,1,0,0,0,0,0
924,480729,0,0,0,0,0,0,0,1,0,0,0,0,0
925,481250,0,0,0,0,0,0,0,1,0,0,0,0,0
926,481770,0,0,0,0,0,0,0,1,0,0,0,0,0
927,482291,0,0,0,0,0,0,0,1,0,0,0,0,0
928,482812,0,0,0,0,0,0,0,1,0,0,0,0,0
929,483333,0,0,0,0,0,0,0,1,0,0,0,0,0
930,483854,0,0,0,0,0,0,0,1,0,0,0,0,0
931,484375,0,0,0,0,0,0,0,1,0,0,0,0,0
932,484895,0,0,0,0,0,0,0,1,0,0,0,0,0
933,485416,0,0,0,0,0,0,0,1,0,0,0,0,0
934,485937,0,0,0,0,0,0,0,1,0,0,0,0,0
935,486458,0,0,0,0,0,0,0,1,0,0,0,0,0
936,486979,0,0,0,0,0,0,0,1,0,0,0,0,0
937,487500,0,0,0,0,0,0,0,1,0,0,0,0,0
938,488020,0,0,0,0,0,0,0,1,0,0,0,0,0
939,488541,0,0,0,0,0,0,0,1,0,0,0,0,0
940,489062,0,0,0,0,0,0,0,1,0,0,0,0,0
941,489583,0,0,0,0,0,0,0,1,0,0,0,0,0
942,490104,0,0,0,0,0,0,0,1,0,0,0,0,0
943,490625,0,0,0,0,0,0,0,1,0,0,0,0,0
944,491145,0,0,0,0,0,0,0,1,0,0,0,0,0
945,491666,0,0,0,0,0,0,0,1,0,0,0,0,0
946,492187,0,0,0,0,0,0,0,1,0,0,0,0,0
947,492708,0,0,0,0,0,0,0,1,0,0,0,0,0
948,493229,0,0,0,0,0,0,0,1,0,0,0,0,0
949,493750,0,0,0,0,0,0,0,1,0,0,0,0,0
950,494270,0,0,0,0,0,0,0,1,0,0,0,0,0
951,494791,0,0,0,0,0,0,0,1,0,0,0,0,0
952,495312,0,0,0,0,0,0,0,1,0,0,0,0,0
953,495833,0,0,0,0,0,0,0,1,0,0,0,0,0
954,496354,0,0,0,0,0,0,0,1,0,0,0,0,0
955,496875,0,0,0,0,0,0,0,1,0,0,0,0,0
956,497395,0,0,0,0,0,0,0,1,0,0,0,0,0
957,497916,0,0,0,0,0,0,0,1,0,0,0,0,0
958,498437,0,0,0,0,0,0,0,1,0,0,0,0,0
959,498958,0,0,0,0,0,0,0,1,0,0,0,0,0
960,499479,0,0,0,0,0,0,0,1,0,0,0,0,0
961,500000,0,0,0,0,0,0,0,1,0,0,0,0,0
962,500520,0,0,0,0,0,0,0,1,0,0,0,0,0
963,501041,0,0,0,0,0,0,0,1,0,0,0,0,0
964,501562,0,0,0,0,0,0,0,1,0,0,0,0,0
965,502083,0,0,0,0,0,0,0,1,0,0,0,0,0
966,502604,0,0,0,0,0,0,0,1,0,0,0,0,0
967,503125,0,0,0,0,0,0,0,1,0,0,0,0,0
968,503645,0,0,0,0,0,0,0,1,0,0,0,0,0
969,504166,0,0,0,0,0,0,0,1,0,0,0,0,0
970,504687,0,0,0,0,0,0,0,1,0,0,0,0,0
971,505208,0,0,0,0,0,0,0,1,0,0,0,0,0
972,505729,0,0,0,0,0,0,0,1,0,0,0,0,0
973,506250,0,0,0,0,0,0,0,1,0,0,0,0,0
974,506770,0,0,0,0,0,0,0,1,0,0,0,0,0
975,507291,0,0,0,0,0,0,0,1,0,0,0,0,0
976,507812,0,0,0,0,0,0,0,1,0,0,0,0,0
977,508333,0,0,0,0,0,0,0,1,0,0,0,0,0
978,508854,0,0,0,0,0,0,0,1,0,0,0,0,0
979,509375,0,0,0,0,0,0,0,1,0,0,0,0,0
980,509895,0,0,0,0,0,0,0,1,0,0,0,0,0
981,510416,0,0,0,0,0,0,0,1,0,0,0,0,0
982,510937,0,0,0,0,0,0,0,1,0,0,0,0,0
983,511458,0,0,0,0,0,0,0,1,0,0,0,0,0
984,511979,0,0,0,0,0,0,0,1,0,0,0,0,0
985,512499,0,0,0,0,0,0,0,1,0,0,0,0,0
986,513020,0,0,0,0,0,0,0,1,0,0,0,0,0
987,513541,0,0,0,0,0,0,0,1,0,0,0,0,0
988,514062,0,0,0,0,0,0,0,1,0,0,0,0,0
989,514583,0,0,0,0,0,0,0,1,0,0,0,0,0
990,515104,0,0,0,0,0,0,0,1,0,0,0,0,0
991,515625,0,0,0,0,0,0,0,1,0,0,0,0,0
992,516145,0,0,0,0,0,0,0,1,0,0,0,0,0
993,516666,0,0,0,0,0,0,0,1,0,0,0,0,0
994,517187,0,0,0,0,0,0,0,1,0,0,0,0,0
995,517708,0,0,0,0,0,0,0,1,0,0,0,0,0
996,518229,0,0,0,0,0,0,0,1,0,0,0,0,0
997,518750,0,0,0,0,0,0,0,1,0,0,0,0,0
998,519270,0,0,0,0,0,0,0,1,0,0,0,0,0
999,519791,0,0,0,0,0,0,0,1,0,0,0,0,0
1000,520312,0,0,0,0,0,0,0,1,0,0,0,0,0
1001,520833,0,0,0,0,0,0,0,1,0,0,0,0,0
1002,521354,0,0,0,0,0,0,0,1,0,0,0,0,0
1003,521875,0,0,0,0,0,0,0,1,0,0,0,0,0
1004,522395,0,0,0,0,0,0,0,1,0,0,0,0,0
1005,522916,0,0,0,0,0,0,0,1,0,0,0,0,0
1006,523437,0,0,0,0,0,0,0,1,0,0,0,0,0
1007,523958,0,0,0,0,0,0,0,1,0,0,0,0,0
1008,524479,0,0,0,0,0,0,0,1,0,0,0,0,0
1009,525000,0,0,0,0,0,0,0,1,0,0,0,0,0
1010,525520,0,0,0,0,0,0,0,1,0,0,0,0,0
1011,526041,0,0,0,0,0,0,0,1,0,0,0,0,0
1012,526562,0,0,0,0,0,0,0,1,0,0,0,0,0
1013,527083,0,0,0,0,0,0,0,1,0,0,0,0,0
1014,527604,0,0,0,0,0,0,0,1,0,0,0,0,0
1015,528125,0,0,0,0,0,0,0,1,0,0,0,0,0
1016,528645,0,0,0,0,0,0,0,1,0,0,0,0,0
1017,529166,0,0,0,0,0,0,0,1,0,0,0,0,0
1018,529687,0,0,0,0,0,0,0,1,0,0,0,0,0
1019,530208,0,0,0,0,0,0,0,1,0,0,0,0,0
1020,530729,0,0,0,0,0,0,0,1,0,0,0,0,0
1021,531250,0,0,0,0,0,0,0,1,0,0,0,0,0
1022,531770,0,0,0,0,0,0,0,1,0,0,0,0,0
1023,532291,0,0,0,0,0,0,0,1,0,0,0,0,0
1024,532812,0,0,0,0,0,0,0,1,0,0,0,0,0
1025,533333,0,0,0,0,0,0,0,1,0,0,0,0,0
1026,533854,0,0,0,0,0,0,0,1,0,0,0,0,0
1027,534375,0,0,0,0,0,0,0,1,0,0,0,0,0
1028,534895,0,0,0,0,0,0,0,1,0,0,0,0,0
1029,535416,0,0,0,0,0,0,0,1,0,0,0,0,0
1030,535937,0,0,0,0,0,0,0,1,0,0,0,0,0
1031,536458,0,0,0,0,0,0,0,1,0,0,0,0,0
1032,536979,0,0,0,0,0,0,0,1,0,0,0,0,0
1033,537500,0,0,0,0,0,0,0,1,0,0,0,0,0
1034,538020,0,0,0,0,0,0,0,1,0,0,0,0,0
1035,538541,0,0,0,0,0,0,0,1,0,0,0,0,0
1036,539062,0,0,0,0,0,0,0,1,0,0,0,0,0
1037,539583,0,0,0,0,0,0,0,1,0,0,0,0,0
1038,540104,0,0,0,0,0,0,0,1,0,0,0,0,0
1039,540625,0,0,0,0,0,0,0,1,0,0,0,0,0
1040,541145,0,0,0,0,0,0,0,1,0,0,0,0,0
1041,541666,0,0,0,0,0,0,0,1,0,0,0,0,0
1042,542187,0,0,0,0,0,0,0,1,0,0,0,0,0
1043,542708,0,0,0,0,0,0,0,1,0,0,0,0,0
1044,543229,0,0,0,0,0,0,0,1,0,0,0,0,0
1045,543750,0,0,0,0,0,0,0,1,0,0,0,0,0
1046,544270,0,0,0,0,0,0,0,1,0,0,0,0,0
1047,544791,0,0,0,0,0,0,0,1,0,0,0,0,0
1048,545312,0,0,0,0,0,0,0,1,0,0,0,0,0
1049,545833,0,0,0,0,0,0,0,1,0,0,0,0,0
1050,546354,0,0,0,0,0,0,0,1,0,0,0,0,0
1051,546875,0,0,0,0,0,0,0,1,0,0,0,0,0
1052,547395,0,0,0,0,0,0,0,1,0,0,0,0,0
1053,547916,0,0,0,0,0,0,0,1,0,0,0,0,0
1054,548437,0,0,0,0,0,0,0,1,0,0,0,0,0
1055,548958,0,0,0,0,0,0,0,1,0,0,0,0,0
1056,549479,0,0,0,0,0,0,0,1,0,0,0,0,0
1057,550000,0,0,0,0,0,0,0,1,0,0,0,0,0
1058,550520,0,0,0,0,0,0,0,1,0,0,0,0,0
1059,551041,0,0,0,0,0,0,0,1,0,0,0,0,0
1060,551562,0,0,0,0,0,0,0,1,0,0,0,0,0
1061,552083,0,0,0,0,0,0,0,1,0,0,0,0,0
1062,552604,0,0,0,0,0,0,0,1,0,0,0,0,0
1063,553125,0,0,0,0,0,0,0,1,0,0,0,0,0
1064,553645,0,0,0,0,0,0,0,1,0,0,0,0,0
1065,554166,0,0,0,0,0,0,0,1,0,0,0,0,0
1066,554687,0,0,0,0,0,0,0,1,0,0,0,0,0
1067,555208,0,0,0,0,0,0,0,1,0,0,0,0,0
1068,555729,0,0,0,0,0,0,0,1,0,0,0,0,0
1069,556250,0,0,0,0,0,0,0,1,0,0,0,0,0
1070,556770,0,0,0,0,0,0,0,1,0,0,0,0,0
1071,557291,0,0,0,0,0,0,0,1,0,0,0,0,0
1072,557812,0,0,0,0,0,0,0,1,0,0,0,0,0
1073,558333,0,0,0,0,0,0,0,1,0,0,0,0,0
1074,558854,0,0,0,0,0,0,0,1,0,0,0,0,0
1075,559375,0,0,0,0,0,0,0,1,0,0,0,0,0
1076,559895,0,0,0,0,0,0,0,1,0,0,0,0,0
1077,560416,0,0,0,0,0,0,0,1,0,0,0,0,0
1078,560937,0,0,0,0,0,0,0,1,0,0,0,0,0
1079,561458,0,0,0,0,0,0,0,1,0,0,0,0,0
1080,561979,0,0,0,0,0,0,0,1,0,0,0,0,0
1081,562500,0,0,0,0,0,0,0,1,0,0,0,0,0
1082,563020,0,0,0,0,0,0,0,1,0,0,0,0,0
1083,563541,0,0,0,0,0,0,0,1,0,0,0,0,0
1084,564062,0,0,0,0,0,0,0,1,0,0,0,0,0
1085,564583,0,0,0,0,0,0,0,1,0,0,0,0,0
1086,565104,0,0,0,0,0,0,0,1,0,0,0,0,0
1087,565625,0,0,0,0,0,0,0,1,0,0,0,0,0
1088,566145,0,0,0,0,0,0,0,1,0,0,0,0,0
1089,566666,0,0,0,0,0,0,0,1,0,0,0,0,0
1090,567187,0,0,0,0,0,0,0,1,0,0,0,0,0
1091,567708,0,0,0,0,0,0,0,1,0,0,0,0,0
1092,568229,0,0,0,0,0,0,0,1,0,0,0,0,0
1093,568750,0,0,0,0,0,0,0,1,0,0,0,0,0
1094,569270,0,0,0,0,0,0,0,1,0,0,0,0,0
1095,569791,0,0,0,0,0,0,0,1,0,0,0,0,0
1096,570312,0,0,0,0,0,0,0,1,0,0,0,0,0
1097,570833,0,0,0,0,0,0,0,1,0,0,0,0,0
1098,571354,0,0,0,0,0,0,0,1,0,0,0,0,0
1099,571875,0,0,0,0,0,0,0,1,0,0,0,0,0
1100,572395,0,0,0,0,0,0,0,1,0,0,0,0,0
1101,572916,0,0,0,0,0,0,0,1,0,0,0,0,0
1102,573437,0,0,0,0,0,0,0,1,0,0,0,0,0
1103,573958,0,0,0,0,0,0,0,1,0,0,0,0,0
1104,574479,0,0,0,0,0,0,0,1,0,0,0,0,0
1105,575000,0,0,0,0,0,0,0,1,0,0,0,0,0
1106,575520,0,0,0,0,0,0,0,1,0,0,0,0,0
1107,576041,0,0,0,0,0,0,0,1,0,0,0,0,0
1108,576562,0,0,0,0,0,0,0,1,0,0,0,0,0
1109,577083,0,0,0,0,0,0,0,1,0,0,0,0,0
1110,577604,0,0,0,0,0,0,0,1,0,0,0,0,0
1111,578125,0,0,0,0,0,0,0,1,0,0,0,0,0
1112,578645,0,0,0,0,0,0,0,1,0,0,0,0,0
1113,579166,0,0,0,0,0,0,0,1,0,0,0,0,0
1114,579687,0,0,0,0,0,0,0,1,0,0,0,0,0
1115,580208,0,0,0,0,0,0,0,1,0,0,0,0,0
1116,580729,0,0,0,0,0,0,0,1,0,0,0,0,0
1117,581250,0,0,0,0,0,0,0,1,0,0,0,0,0
1118,581770,0,0,0,0,0,0,0,1,0,0,0,0,0
1119,582291,0,0,0,0,0,0,0,1,0,0,0,0,0
1120,582812,0,0,0,0,0,0,0,1,0,0,0,0,0
1121,583333,0,0,0,0,0,0,0,1,0,0,0,0,0
1122,583854,0,0,0,0,0,0,0,1,0,0,0,0,0
1123,584375,0,0,0,0,0,0,0,1,0,0,0,0,0
1124,584895,0,0,0,0,0,0,0,1,0,0,0,0,0
1125,585416,0,0,0,0,0,0,0,1,0,0,0,0,0
1126,585937,0,0,0,0,0,0,0,1,0,0,0,0,0
1127,586458,0,0,0,0,0,0,0,1,0,0,0,0,0
1128,586979,0,0,0,0,0,0,0,1,0,0,0,0,0
1129,587500,0,0,0,0,0,0,0,1,0,0,0,0,0
1130,588020,0,0,0,0,0,0,0,1,0,0,0,0,0
1131,588541,0,0,0,0,0,0,0,1,0,0,0,0,0
1132,589062,0,0,0,0,0,0,0,1,0,0,0,0,0
1133,589583,0,0,0,0,0,0,0,1,0,0,0,0,0
1134,590104,0,0,0,0,0,0,0,1,0,0,0,0,0
1135,590625,0,0,0,0,0,0,0,1,0,0,0,0,0
1136,591145,0,0,0,0,0,0,0,1,0,0,0,0,0
1137,591666,0,0,0,0,0,0,0,1,0,0,0,0,0
1138,592187,0,0,0,0,0,0,0,1,0,0,0,0,0
1139,592708,0,0,0,0,0,0,0,1,0,0,0,0,0
1140,593229,0,0,0,0,0,0,0,1,0,0,0,0,0
1141,593750,0,0,0,0,0,0,0,1,0,0,0,0,0
1142,594270,0,0,0,0,0,0,0,1,0,0,0,0,0
1143,594791,0,0,0,0,0,0,0,1,0,0,0,0,0
1144,595312,0,0,0,0,0,0,0,1,0,0,0,0,0
1145,595833,0,0,0,0,0,0,0,1,0,0,0,0,0
1146,596354,0,0,0,0,0,0,0,1,0,0,0,0,0
1147,596875,0,0,0,0,0,0,0,1,0,0,0,0,0
1148,597395,0,0,0,0,0,0,0,1,0,0,0,0,0
1149,597916,0,0,0,0,0,0,0,1,0,0,0,0,0
1150,598437,0,0,0,0,0,0,0,1,0,0,0,0,0
1151,598958,0,0,0,0,0,0,0,1,0,0,0,0,0
1152,599479,0,0,0,0,0,0,0,1,0,0,0,0,0
1153,600000,0,0,0,0,0,0,0,1,0,0,0,0,0
1154,600520,0,0,0,0,0,0,0,1,0,0,0,0,0
1155,601041,0,0,0,0,0,0,0,1,0,0,0,0,0
1156,601562,0,0,0,0,0,0,0,1,0,0,0,0,0
1157,602083,0,0,0,0,0,0,0,1,0,0,0,0,0
1158,602604,0,0,0,0,0,0,0,1,0,0,0,0,0
1159,603125,0,0,0,0,0,0,0,1,0,0,0,0,0
1160,603645,0,0,0,0,0,0,0,1,0,0,0,0,0
1161,604166,0,0,0,0,0,0,0,1,0,0,0,0,0
1162,604687,0,0,0,0,0,0,0,1,0,0,0,0,0
1163,605208,0,0,0,0,0,0,0,1,0,0,0,0,0
1164,605729,0,0,0,0,0,0,0,1,0,0,0,0,0
1165,606250,0,0,0,0,0,0,0,1,0,0,0,0,0
1166,606770,0,0,0,0,0,0,0,1,0,0,0,0,0
1167,607291,0,0,0,0,0,0,0,1,0,0,0,0,0
1168,607812,0,0,0,0,0,0,0,1,0,0,0,0,0
1169,608333,0,0,0,0,0,0,0,1,0,0,0,0,0
1170,608854,0,0,0,0,0,0,0,1,0,0,0,0,0
1171,609375,0,0,0,0,0,0,0,1,0,0,0,0,0
1172,609895,0,0,0,0,0,0,0,1,0,0,0,0,0
1173,610416,0,0,0,0,0,0,0,1,0,0,0,0,0
1174,610937,0,0,0,0,0,0,0,1,0,0,0,0,0
1175,611458,0,0,0,0,0,0,0,1,0,0,0,0,0
1176,611979,0,0,0,0,0,0,0,1,0,0,0,0,0
1177,612500,0,0,0,0,0,0,0,1,0,0,0,0,0
1178,613020,0,0,0,0,0,0,0,1,0,0,0,0,0
1179,613541,0,0,0,0,0,0,0,1,0,0,0,0,0
1180,614062,0,0,0,0,0,0,0,1,0,0,0,0,0
1181,614583,0,0,0,0,0,0,0,1,0,0,0,0,0
1182,615104,0,0,0,0,0,0,0,1,0,0,0,0,0
1183,615625,0,0,0,0,0,0,0,1,0,0,0,0,0
1184,616145,0,0,0,0,0,0,0,1,0,0,0,0,0
1185,616666,0,0,0,0,0,0,0,1,0,0,0,0,0
1186,617187,0,0,0,0,0,0,0,1,0,0,0,0,0
1187,617708,0,0,0,0,0,0,0,1,0,0,0,0,0
1188,618229,0,0,0,0,0,0,0,1,0,0,0,0,0
1189,618750,0,0,0,0,0,0,0,1,0,0,0,0,0
1190,619270,0,0,0,0,0,0,0,1,0,0,0,0,0
1191,619791,0,0,0,0,0,0,0,1,0,0,0,0,0
1192,620312,0,0,0,0,0,0,0,1,0,0,0,0,0
1193,620833,0,0,0,0,0,0,0,1,0,0,0,0,0
1194,621354,0,0,0,0,0,0,0,1,0,0,0,0,0
1195,621875,0,0,0,0,0,0,0,1,0,0,0,0,0
1196,622395,0,0,0,0,0,0,0,1,0,0,0,0,0
1197,622916,0,0,0,0,0,0,0,1,0,0,0,0,0
1198,623437,0,0,0,0,0,0,0,1,0,0,0,0,0
1199,623958,0,0,0,0,0,0,0,1,0,0,0,0,0
1200,624479,0,0,0,0,0,0,0,1,0,0,0,0,0
1201,625000,0,0,0,0,0,0,0,1,0,0,0,0,0
1202,625520,0,0,0,0,0,0,0,1,0,0,0,0,0
1203,626041,0,0,0,0,0,0,0,1,0,0,0,0,0
1204,626562,0,0,0,0,0,0,0,1,0,0,0,0,0
1205,627083,0,0,0,0,0,0,0,1,0,0,0,0,0
1206,627604,0,0,0,0,0,0,0,1,0,0,0,0,0
1207,628125,0,0,0,0,0,0,0,1,0,0,0,0,0
1208,628645,0,0,0,0,0,0,0,1,0,0,0,0,0
1209,629166,0,0,0,0,0,0,0,1,0,0,0,0,0
1210,629687,0,0,0,0,0,0,0,1,0,0,0,0,0
1211,630208,0,0,0,0,0,0,0,1,0,0,0,0,0
1212,630729,0,0,0,0,0,0,0,1,0,0,0,0,0
1213,631250,0,0,0,0,0,0,0,1,0,0,0,0,0
1214,631770,0,0,0,0,0,0,0,1,0,0,0,0,0
1215,632291,0,0,0,0,0,0,0,1,0,0,0,0,0
1216,632812,0,0,0,0,0,0,0,1,0,0,0,0,0
1217,633333,0,0,0,0,0,0,0,1,0,0,0,0,0
1218,633854,0,0,0,0,0,0,0,1,0,0,0,0,0
1219,634375,0,0,0,0,0,0,0,1,0,0,0,0,0
1220,634895,0,0,0,0,0,0,0,1,0,0,0,0,0
1221,635416,0,0,0,0,0,0,0,1,0,0,0,0,0
1222,635937,0,0,0,0,0,0,0,1,0,0,0,0,0
1223,636458,0,0,0,0,0,0,0,1,0,0,0,0,0
1224,636979,0,0,0,0,0,0,0,1,0,0,0,0,0
1225,637500,0,0,0,0,0,0,0,1,0,0,0,0,0
1226,638020,0,0,0,0,0,0,0,1,0,0,0,0,0
1227,638541,0,0,0,0,0,0,0,1,0,0,0,0,0
1228,639062,0,0,0,0,0,0,0,1,0,0,0,0,0
1229,639583,0,0,0,0,0,0,0,1,0,0,0,0,0
1230,640104,0,0,0,0,0,0,0,1,0,0,0,0,0
1231,640625,0,0,0,0,0,0,0,1,0,0,0,0,0
1232,641145,0,0,0,0,0,0,0,1,0,0,0,0,0
1233,641666,0,0,0,0,0,0,0,1,0,0,0,0,0
1234,642187,0,0,0,0,0,0,0,1,0,0,0,0,0
1235,642708,0,0,0,0,0,0,0,1,0,0,0,0,0
1236,643229,0,0,0,0,0,0,0,1,0,0,0,0,0
1237,643750,0,0,0,0,0,0,0,1,0,0,0,0,0
1238,644270,0,0,0,0,0,0,0,1,0,0,0,0,0
1239,644791,0,0,0,0,0,0,0,1,0,0,0,0,0
1240,645312,0,0,0,0,0,0,0,1,0,0,0,0,0
1241,645833,0,0,0,0,0,0,0,1,0,0,0,0,0
1242,646354,0,0,0,0,0,0,0,1,0,0,0,0,0
1243,646875,0,0,0,0,0,0,0,1,0,0,0,0,0
1244,647395,0,0,0,0,0,0,0,1,0,0,0,0,0
1245,647916,0,0,0,0,0,0,0,1,0,0,0,0,0
1246,648437,0,0,0,0,0,0,0,1,0,0,0,0,0
1247,648958,0,0,0,0,0,0,0,1,0,0,0,0,0
1248,649479,0,0,0,0,0,0,0,1,0,0,0,0,0
1249,650000,0,0,0,0,0,0,0,1,0,0,0,0,0
1250,650520,0,0,0,0,0,0,0,1,0,0,0,0,0
1251,651041,0,0,0,0,0,0,0,1,0,0,0,0,0
1252,651562,0,0,0,0,0,0,0,1,0,0,0,0,0
1253,652083,0,0,0,0,0,0,0,1,0,0,0,0,0
1254,652604,0,0,0,0,0,0,0,1,0,0,0,0,0
1255,653125,0,0,0,0,0,0,0,1,0,0,0,0,0
1256,653645,0,0,0,0,0,0,0,1,0,0,0,0,0
1257,654166,0,0,0,0,0,0,0,1,0,0,0,0,0
1258,654687,0,0,0,0,0,0,0,1,0,0,0,0,0
1259,655208,0,0,0,0,0,0,0,1,0,0,0,0,0
1260,655729,0,0,0,0,0,0,0,1,0,0,0,0,0
1261,656250,0,0,0,0,0,0,0,1,0,0,0,0,0
1262,656770,0,0,0,0,0,0,0,1,0,0,0,0,0
1263,657291,0,0,0,0,0,0,0,1,0,0,0,0,0
1264,657812,0,0,0,0,0,0,0,1,0,0,0,0,0
1265,658333,0,0,0,0,0,0,0,1,0,0,0,0,0
1266,658854,0,0,0,0,0,0,0,1,0,0,0,0,0
1267,659375,0,0,0,0,0,0,0,1,0,0,0,0,0
1268,659895,0,0,0,0,0,0,0,1,0,0,0,0,0
1269,660416,0,0,0,0,0,0,0,1,0,0,0,0,0
1270,660937,0,0,0,0,0,0,0,1,0,0,0,0,0
1271,661458,0,0,0,0,0,0,0,1,0,0,0,0,0
1272,661979,0,0,0,0,0,0,0,1,0,0,0,0,0
1273,662500,0,0,0,0,0,0,0,1,0,0,0,0,0
1274,663020,0,0,0,0,0,0,0,1,0,0,0,0,0
1275,663541,0,0,0,0,0,0,0,1,0,0,0,0,0
1276,664062,0,0,0,0,0,0,0,1,0,0,0,0,0
1277,664583,0,0,0,0,0,0,0,1,0,0,0,0,0
1278,665104,0,0,0,0,0,0,0,1,0,0,0,0,0
1279,665625,0,0,0,0,0,0,0,1,0,0,0,0,0
1280,666145,0,0,0,0,0,0,0,1,0,0,0,0,0
1281,666666,0,0,0,0,0,0,0,1,0,0,0,0,0
1282,667187,0,0,0,0,0,0,0,1,0,0,0,0,0
1283,667708,0,0,0,0,0,0,0,1,0,0,0,0,0
1284,668229,0,0,0,0,0,0,0,1,0,0,0,0,0
1285,668750,0,0,0,0,0,0,0,1,0,0,0,0,0
1286,669270,0,0,0,0,0,0,0,1,0,0,0,0,0
1287,669791,0,0,0,0,0,0,0,1,0,0,0,0,0
1288,670312,0,0,0,0,0,0,0,1,0,0,0,0,0
1289,670833,0,0,0,0,0,0,0,1,0,0,0,0,0
1290,671354,0,0,0,0,0,0,0,1,0,0,0,0,0
1291,671875,0,0,0,0,0,0,0,1,0,0,0,0,0
1292,672395,0,0,0,0,0,0,0,1,0,0,0,0,0
1293,672916,0,0,0,0,0,0,0,1,0,0,0,0,0
1294,673437,0,0,0,0,0,0,0,1,0,0,0,0,0
1295,673958,0,0,0,0,0,0,0,1,0,0,0,0,0
1296,674479,0,0,0,0,0,0,0,1,0,0,0,0,0
1297,675000,0,0,0,0,0,0,0,1,0,0,0,0,0
1298,675520,0,0,0,0,0,0,0,1,0,0,0,0,0
1299,676041,0,0,0,0,0,0,0,1,0,0,0,0,0
1300,676562,0,0,0,0,0,0,0,1,0,0,0,0,0
1301,677083,0,0,0,0,0,0,0,1,0,0,0,0,0
1302,677604,0,0,0,0,0,0,0,1,0,0,0,0,0
1303,678125,0,0,0,0,0,0,0,1,0,0,0,0,0
1304,678645,0,0,0,0,0,0,0,1,0,0,0,0,0
1305,679166,0,0,0,0,0,0,0,1,0,0,0,0,0
1306,679687,0,0,0,0,0,0,0,1,0,0,0,0,0
1307,680208,0,0,0,0,0,0,0,1,0,0,0,0,0
1308,680729,0,0,0,0,0,0,0,1,0,0,0,0,0
1309,681250,0,0,0,0,0,0,0,1,0,0,0,0,0
1310,681770,0,0,0,0,0,0,0,1,0,0,0,0,0
1311,682291,0,0,0,0,0,0,0,1,0,0,0,0,0
1312,682812,0,0,0,0,0,0,0,1,0,0,0,0,0
1313,683333,0,0,0,0,0,0,0,1,0,0,0,0,0
1314,683854,0,0,0,0,0,0,0,1,0,0,0,0,0
1315,684375,0,0,0,0,0,0,0,1,0,0,0,0,0
1316,684895,0,0,0,0,0,0,0,1,0,0,0,0,0
1317,685416,0,0,0,0,0,0,0,1,0,0,0,0,0
1318,685937,0,0,0,0,0,0,0,1,0,0,0,0,0
1319,686458,0,0,0,0,0,0,0,1,0,0,0,0,0
1320,686979,0,0,0,0,0,0,0,1,0,0,0,0,0
1321,687500,0,0,0,0,0,0,0,1,0,0,0,0,0
1322,688020,0,0,0,0,0,0,0,1,0,0,0,0,0
1323,688541,0,0,0,0,0,0,0,1,0,0,0,0,0
1324,689062,0,0,0,0,0,0,0,1,0,0,0,0,0
1325,689583,0,0,0,0,0,0,0,1,0,0,0,0,0
1326,690104,0,0,0,0,0,0,0,1,0,0,0,0,0
1327,690625,0,0,0,0,0,0,0,1,0,0,0,0,0
1328,691145,0,0,0,0,0,0,0,1,0,0,0,0,0
1329,691666,0,0,0,0,0,0,0,1,0,0,0,0,0
1330,692187,0,0,0,0,0,0,0,1,0,0,0,0,0
1331,692708,0,0,0,0,0,0,0,1,0,0,0,0,0
1332,693229,0,0,0,0,0,0,0,1,0,0,0,0,0
1333,693750,0,0,0,0,0,0,0,1,0,0,0,0,0
1334,694270,0,0,0,0,0,0,0,1,0,0,0,0,0
1335,694791,0,0,0,0,0,0,0,1,0,0,0,0,0
1336,695312,0,0,0,0,0,0,0,1,0,0,0,0,0
1337,695833,0,0,0,0,0,0,0,1,0,0,0,0,0
1338,696354,0,0,0,0,0,0,0,1,0,0,0,0,0
1339,696875,0,0,0,0,0,0,0,1,0,0,0,0,0
1340,697395,0,0,0,0,0,0,0,1,0,0,0,0,0
1341,697916,0,0,0,0,0,0,0,1,0,0,0,0,0
1342,698437,0,0,0,0,0,0,0,1,0,0,0,0,0
1343,698958,0,0,0,0,0,0,0,1,0,0,0,0,0
1344,699479,0,0,0,0,0,0,0,1,0,0,0,0,0
1345,700000,0,0,0,0,0,0,0,1,0,0,0,0,0
1346,700520,0,0,0,0,0,0,0,1,0,0,0,0,0
1347,701041,0,0,0,0,0,0,0,1,0,0,0,0,0
1348,701562,0,0,0,0,0,0,0,1,0,0,0,0,0
1349,702083,0,0,0,0,0,0,0,1,0,0,0,0,0
1350,702604,0,0,0,0,0,0,0,1,0,0,0,0,0
1351,703125,0,0,0,0,0,0,0,1,0,0,0,0,0
1352,703645,0,0,0,0,0,0,0,1,0,0,0,0,0
1353,704166,0,0,0,0,0,0,0,1,0,0,0,0,0
1354,704687,0,0,0,0,0,0,0,1,0,0,0,0,0
1355,705208,0,0,0,0,0,0,0,1,0,0,0,0,0
1356,705729,0,0,0,0,0,0,0,1,0,0,0,0,0
1357,706250,0,0,0,0,0,0,0,1,0,0,0,0,0
1358,706770,0,0,0,0,0,0,0,1,0,0,0,0,0
1359,707291,0,0,0,0,0,0,0,1,0,0,0,0,0
1360,707812,0,0,0,0,0,0,0,1,0,0,0,0,0
1361,708333,0,0,0,0,0,0,0,1,0,0,0,0,0
1362,708854,0,0,0,0,0,0,0,1,0,0,0,0,0
1363,709375,0,0,0,0,0,0,0,1,0,0,0,0,0
1364,709895,0,0,0,0,0,0,0,1,0,0,0,0,0
1365,710416,0,0,0,0,0,0,0,1,0,0,0,0,0
1366,710937,0,0,0,0,0,0,0,1,0,0,0,0,0
1367,711458,0,0,0,0,0,0,0,1,0,0,0,0,0
1368,711979,0,0,0,0,0,0,0,1,0,0,0,0,0
1369,712500,0,0,0,0,0,0,0,1,0,0,0,0,0
1370,713020,0,0,0,0,0,0,0,1,0,0,0,0,0
1371,713541,0,0,0,0,0,0,0,1,0,0,0,0,0
1372,714062,0,0,0,0,0,0,0,1,0,0,0,0,0
1373,714583,0,0,0,0,0,0,0,1,0,0,0,0,0
1374,715104,0,0,0,0,0,0,0,1,0,0,0,0,0
1375,715625,0,0,0,0,0,0,0,1,0,0,0,0,0
1376,716145,0,0,0,0,0,0,0,1,0,0,0,0,0
1377,716666,0,0,0,0,0,0,0,1,0,0,0,0,0
1378,717187,0,0,0,0,0,0,0,1,0,0,0,0,0
1379,717708,0,0,0,0,0,0,0,1,0,0,0,0,0
1380,718229,0,0,0,0,0,0,0,1,0,0,0,0,0
1381,718750,0,0,0,0,0,0,0,1,0,0,0,0,0
1382,719270,0,0,0,0,0,0,0,1,0,0,0,0,0
1383,719791,0,0,0,0,0,0,0,1,0,0,0,0,0
1384,720312,0,0,0,0,0,0,0,1,0,0,0,0,0
1385,720833,0,0,0,0,0,0,0,1,0,0,0,0,0
1386,721354,0,0,0,0,0,0,0,1,0,0,0,0,0
1387,721875,0,0,0,0,0,0,0,1,0,0,0,0,0
1388,722395,0,0,0,0,0,0,0,1,0,0,0,0,0
1389,722916,0,0,0,0,0,0,0,1,0,0,0,0,0
1390,723437,0,0,0,0,0,0,0,1,0,0,0,0,0
1391,723958,0,0,0,0,0,0,0,1,0,0,0,0,0
1392,724479,0,0,0,0,0,0,0,1,0,0,0,0,0
1393,725000,0,0,0,0,0,0,0,1,0,0,0,0,0
1394,725520,0,0,0,0,0,0,0,1,0,0,0,0,0
1395,726041,0,0,0,0,0,0,0,1,0,0,0,0,0
1396,726562,0,0,0,0,0,0,0,1,0,0,0,0,0
1397,727083,0,0,0,0,0,0,0,1,0,0,0,0,0
1398,727604,0,0,0,0,0,0,0,1,0,0,0,0,0
1399,728125,0,0,0,0,0,0,0,1,0,0,0,0,0
1400,728645,0,0,0,0,0,0,0,1,0,0,0,0,0
1401,729166,0,0,0,0,0,0,0,1,0,0,0,0,0
1402,729687,0,0,0,0,0,0,0,1,0,0,0,0,0
1403,730208,0,0,0,0,0,0,0,1,0,0,0,0,0
1404,730729,0,0,0,0,0,0,0,1,0,0,0,0,0
1405,731250,0,0,0,0,0,0,0,1,0,0,0,0,0
1406,731770,0,0,0,0,0,0,0,1,0,0,0,0,0
1407,732291,0,0,0,0,0,0,0,1,0,0,0,0,0
1408,732812,0,0,0,0,0,0,0,1,0,0,0,0,0
1409,733333,0,0,0,0,0,0,0,1,0,0,0,0,0
1410,733854,0,0,0,0,0,0,0,1,0,0,0,0,0
1411,734375,0,0,0,0,0,0,0,1,0,0,0,0,0
1412,734895,0,0,0,0,0,0,0,1,0,0,0,0,0
1413,735416,0,0,0,0,0,0,0,1,0,0,0,0,0
1414,735937,0,0,0,0,0,0,0,1,0,0,0,0,0
1415,736458,0,0,0,0,0,0,0,1,0,0,0,0,0
1416,736979,0,0,0,0,0,0,0,1,0,0,0,0,0
1417,737500,0,0,0,0,0,0,0,1,0,0,0,0,0
1418,738020,0,0,0,0,0,0,0,1,0,0,0,0,0
1419,738541,0,0,0,0,0,0,0,1,0,0,0,0,0
1420,739062,0,0,0,0,0,0,0,1,0,0,0,0,0
1421,739583,0,0,0,0,0,0,0,1,0,0,0,0,0
1422,740104,0,0,0,0,0,0,0,1,0,0,0,0,0
1423,740625,0,0,0,0,0,0,0,1,0,0,0,0,0
1424,741145,0,0,0,0,0,0,0,1,0,0,0,0,0
1425,741666,0,0,0,0,0,0,0,1,0,0,0,0,0
1426,742187,0,0,0,0,0,0,0,1,0,0,0,0,0
1427,742708,0,0,0,0,0,0,0,1,0,0,0,0,0
1428,743229,0,0,0,0,0,0,0,1,0,0,0,0,0
1429,743750,0,0,0,0,0,0,0,1,0,0,0,0,0
1430,744270,0,0,0,0,0,0,0,1,0,0,0,0,0
1431,744791,0,0,0,0,0,0,0,1,0,0,0,0,0
1432,745312,0,0,0,0,0,0,0,1,0,0,0,0,0
1433,745833,0,0,0,0,0,0,0,1,0,0,0,0,0
1434,746354,0,0,0,0,0,0,0,1,0,0,0,0,0
1435,746875,0,0,0,0,0,0,0,1,0,0,0,0,0
1436,747395,0,0,0,0,0,0,0,1,0,0,0,0,0
1437,747916,0,0,0,0,0,0,0,1,0,0,0,0,0
1438,748437,0,0,0,0,0,0,0,1,0,0,0,0,0
1439,748958,0,0,0,0,0,0,0,1,0,0,0,0,0
1440,749479,0,0,0,0,0,0,0,1,0,0,0,0,0
1441,750000,0,0,0,0,0,0,0,1,0,0,0,0,0
1442,750520,0,0,0,0,0,0,0,1,0,0,0,0,0
1443,751041,0,0,0,0,0,0,0,1,0,0,0,0,0
1444,751562,0,0,0,0,0,0,0,1,0,0,0,0,0
1445,752083,0,0,0,0,0,0,0,1,0,0,0,0,0
1446,752604,0,0,0,0,0,0,0,1,0,0,0,0,0
1447,753125,0,0,0,0,0,0,0,1,0,0,0,0,0
1448,753645,0,0,0,0,0,0,0,1,0,0,0,0,0
1449,754166,0,0,0,0,0,0,0,1,0,0,0,0,0
1450,754687,0,0,0,0,0,0,0,1,0,0,0,0,0
1451,755208,0,0,0,0,0,0,0,1,0,0,0,0,0
1452,755729,0,0,0,0,0,0,0,1,0,0,0,0,0
1453,756250,0,0,0,0,0,0,0,1,0,0,0,0,0
1454,756770,0,0,0,0,0,0,0,1,0,0,0,0,0
1455,757291,0,0,0,0,0,0,0,1,0,0,0,0,0
1456,757812,0,0,0,0,0,0,0,1,0,0,0,0,0
1457,758333,0,0,0,0,0,0,0,1,0,0,0,0,0
1458,758854,0,0,0,0,0,0,0,1,0,0,0,0,0
1459,759375,0,0,0,0,0,0,0,1,0,0,0,0,0
1460,759895,0,0,0,0,0,0,0,1,0,0,0,0,0
1461,760416,0,0,0,0,0,0,0,1,0,0,0,0,0
1462,760937,0,0,0,0,0,0,0,1,0,0,0,0,0
1463,761458,0,0,0,0,0,0,0,1,0,0,0,0,0
1464,761979,0,0,0,0,0,0,0,1,0,0,0,0,0
1465,762500,0,0,0,0,0,0,0,1,0,0,0,0,0
1466,763020,0,0,0,0,0,0,0,1,0,0,0,0,0
1467,763541,0,0,0,0,0,0,0,1,0,0,0,0,0
1468,764062,0,0,0,0,0,0,0,1,0,0,0,0,0
1469,764583,0,0,0,0,0,0,0,1,0,0,0,0,0
1470,765104,0,0,0,0,0,0,0,1,0,0,0,0,0
1471,765625,0,0,0,0,0,0,0,1,0,0,0,0,0
1472,766145,0,0,0,0,0,0,0,1,0,0,0,0,0
1473,766666,0,0,0,0,0,0,0,1,0,0,0,0,0
1474,767187,0,0,0,0,0,0,0,1,0,0,0,0,0
1475,767708,0,0,0,0,0,0,0,1,0,0,0,0,0
1476,768229,0,0,0,0,0,0,0,1,0,0,0,0,0
1477,768750,0,0,0,0,0,0,0,1,0,0,0,0,0
1478,769270,0,0,0,0,0,0,0,1,0,0,0,0,0
1479,769791,0,0,0,0,0,0,0,1,0,0,0,0,0
1480,770312,0,0,0,0,0,0,0,1,0,0,0,0,0
1481,770833,0,0,0,0,0,0,0,1,0,0,0,0,0
1482,771354,0,0,0,0,0,0,0,1,0,0,0,0,0
1483,771875,0,0,0,0,0,0,0,1,0,0,0,0,0
1484,772395,0,0,0,0,0,0,0,1,0,0,0,0,0
1485,772916,0,0,0,0,0,0,0,1,0,0,0,0,0
1486,773437,0,0,0,0,0,0,0,1,0,0,0,0,0
1487,773958,0,0,0,0,0,0,0,1,0,0,0,0,0
1488,774479,0,0,0,0,0,0,0,1,0,0,0,0,0
1489,775000,0,0,0,0,0,0,0,1,0,0,0,0,0
1490,775520,0,0,0,0,0,0,0,1,0,0,0,0,0
1491,776041,0,0,0,0,0,0,0,1,0,0,0,0,0
1492,776562,0,0,0,0,0,0,0,1,0,0,0,0,0
1493,777083,0,0,0,0,0,0,0,1,0,0,0,0,0
1494,777604,0,0,0,0,0,0,0,1,0,0,0,0,0
1495,778125,0,0,0,0,0,0,0,1,0,0,0,0,0
1496,778645,0,0,0,0,0,0,0,1,0,0,0,0,0
1497,779166,0,0,0,0,0,0,0,1,0,0,0,0,0
1498,779687,0,0,0,0,0,0,0,1,0,0,0,0,0
1499,780208,0,0,0,0,0,0,0,1,0,0,0,0,0
1500,780729,0,0,0,0,0,0,0,1,0,0,0,0,0
1501,781250,0,0,0,0,0,0,0,1,0,0,0,0,0
1502,781770,0,0,0,0,0,0,0,1,0,0,0,0,0
1503,782291,0,0,0,0,0,0,0,1,0,0,0,0,0
1504,782812,0,0,0,0,0,0,0,1,0,0,0,0,0
1505,783333,0,0,0,0,0,0,0,1,0,0,0,0,0
1506,783854,0,0,0,0,0,0,0,1,0,0,0,0,0
1507,784375,0,0,0,0,0,0,0,1,0,0,0,0,0
1508,784895,0,0,0,0,0,0,0,1,0,0,0,0,0
1509,785416,0,0,0,0,0,0,0,1,0,0,0,0,0
1510,785937,0,0,0,0,0,0,0,1,0,0,0,0,0
1511,786458,0,0,0,0,0,0,0,1,0,0,0,0,0
1512,786979,0,0,0,0,0,0,0,1,0,0,0,0,0
1513,787500,0,0,0,0,0,0,0,1,0,0,0,0,0
1514,788020,0,0,0,0,0,0,0,1,0,0,0,0,0
1515,788541,0,0,0,0,0,0,0,1,0,0,0,0,0
1516,789062,0,0,0,0,0,0,0,1,0,0,0,0,0
1517,789583,0,0,0,0,0,0,0,1,0,0,0,0,0
1518,790104,0,0,0,0,0,0,0,1,0,0,0,0,0
1519,790625,0,0,0,0,0,0,0,1,0,0,0,0,0
1520,791145,0,0,0,0,0,0,0,1,0,0,0,0,0
1521,791666,0,0,0,0,0,0,0,1,0,0,0,0,0
1522,792187,0,0,0,0,0,0,0,1,0,0,0,0,0
1523,792708,0,0,0,0,0,0,0,1,0,0,0,0,0
1524,793229,0,0,0,0,0,0,0,1,0,0,0,0,0
1525,793750,0,0,0,0,0,0,0,1,0,0,0,0,0
1526,794270,0,0,0,0,0,0,0,1,0,0,0,0,0
1527,794791,0,0,0,0,0,0,0,1,0,0,0,0,0
1528,795312,0,0,0,0,0,0,0,1,0,0,0,0,0
1529,795833,0,0,0,0,0,0,0,1,0,0,0,0,0
1530,796354,0,0,0,0,0,0,0,1,0,0,0,0,0
1531,796875,0,0,0,0,0,0,0,1,0,0,0,0,0
1532,797395,0,0,0,0,0,0,0,1,0,0,0,0,0
1533,797916,0,0,0,0,0,0,0,1,0,0,0,0,0
1534,798437,0,0,0,0,0,0,0,1,0,0,0,0,0
1535,798958,0,0,0,0,0,0,0,1,0,0,0,0,0
1536,799479,0,0,0,0,0,0,0,1,0,0,0,0,0
1537,800000,0,0,0,0,0,0,0,1,0,0,0,0,0
1538,800520,0,0,0,0,0,0,0,1,0,0,0,0,0
1539,801041,0,0,0,0,0,0,0,1,0,0,0,0,0
1540,801562,0,0,0,0,0,0,0,1,0,0,0,0,0
1541,802083,0,0,0,0,0,0,0,1,0,0,0,0,0
1542,802604,0,0,0,0,0,0,0,1,0,0,0,0,0
1543,803125,0,0,0,0,0,0,0,1,0,0,0,0,0
1544,803645,0,0,0,0,0,0,0,1,0,0,0,0,0
1545,804166,0,0,0,0,0,0,0,1,0,0,0,0,0
1546,804687,0,0,0,0,0,0,0,1,0,0,0,0,0
1547,805208,0,0,0,0,0,0,0,1,0,0,0,0,0
1548,805729,0,0,0,0,0,0,0,1,0,0,0,0,0
1549,806250,0,0,0,0,0,0,0,1,0,0,0,0,0
1550,806770,0,0,0,0,0,0,0,1,0,0,0,0,0
1551,807291,0,0,0,0,0,0,0,1,0,0,0,0,0
1552,807812,0,0,0,0,0,0,0,1,0,0,0,0,0
1553,808333,0,0,0,0,0,0,0,1,0,0,0,0,0
1554,808854,0,0,0,0,0,0,0,1,0,0,0,0,0
1555,809375,0,0,0,0,0,0,0,1,0,0,0,0,0
1556,809895,0,0,0,0,0,0,0,1,0,0,0,0,0
1557,810416,0,0,0,0,0,0,0,1,0,0,0,0,0
1558,810937,0,0,0,0,0,0,0,1,0,0,0,0,0
1559,811458,0,0,0,0,0,0,0,1,0,0,0,0,0
1560,811979,0,0,0,0,0,0,0,1,0,0,0,0,0
1561,812500,0,0,0,0,0,0,0,1,0,0,0,0,0
1562,813020,0,0,0,0,0,0,0,1,0,0,0,0,0
1563,813541,0,0,0,0,0,0,0,1,0,0,0,0,0
1564,814062,0,0,0,0,0,0,0,1,0,0,0,0,0
1565,814583,0,0,0,0,0,0,0,1,0,0,0,0,0
1566,815104,0,0,0,0,0,0,0,1,0,0,0,0,0
1567,815625,0,0,0,0,0,0,0,1,0,0,0,0,0
1568,816145,0,0,0,0,0,0,0,1,0,0,0,0,0
1569,816666,0,0,0,0,0,0,0,1,0,0,0,0,0
1570,817187,0,0,0,0,0,0,0,1,0,0,0,0,0
1571,817708,0,0,0,0,0,0,0,1,0,0,0,0,0
1572,818229,0,0,0,0,0,0,0,1,0,0,0,0,0
1573,818750,0,0,0,0,0,0,0,1,0,0,0,0,0
1574,819270,0,0,0,0,0,0,0,1,0,0,0,0,0
1575,819791,0,0,0,0,0,0,0,1,0,0,0,0,0
1576,820312,0,0,0,0,0,0,0,1,0,0,0,0,0
1577,820833,0,0,0,0,0,0,0,1,0,0,0,0,0
1578,821354,0,0,0,0,0,0,0,1,0,0,0,0,0
1579,821875,0,0,0,0,0,0,0,1,0,0,0,0,0
1580,822395,0,0,0,0,0,0,0,1,0,0,0,0,0
1581,822916,0,0,0,0,0,0,0,1,0,0,0,0,0
1582,823437,0,0,0,0,0,0,0,1,0,0,0,0,0
1583,823958,0,0,0,0,0,0,0,1,0,0,0,0,0
1584,824479,0,0,0,0,0,0,0,1,0,0,0,0,0
1585,825000,0,0,0,0,0,0,0,1,0,0,0,0,0
1586,825520,0,0,0,0,0,0,0,1,0,0,0,0,0
1587,826041,0,0,0,0,0,0,0,1,0,0,0,0,0
1588,826562,0,0,0,0,0,0,0,1,0,0,0,0,0
1589,827083,0,0,0,0,0,0,0,1,0,0,0,0,0
1590,827604,0,0,0,0,0,0,0,1,0,0,0,0,0
1591,828125,0,0,0,0,0,0,0,1,0,0,0,0,0
1592,828645,0,0,0,0,0,0,0,1,0,0,0,0,0
1593,829166,0,0,0,0,0,0,0,1,0,0,0,0,0
1594,829687,0,0,0,0,0,0,0,1,0,0,0,0,0
1595,830208,0,0,0,0,0,0,0,1,0,0,0,0,0
1596,830729,0,0,0,0,0,0,0,1,0,0,0,0,0
1597,831250,0,0,0,0,0,0,0,1,0,0,0,0,0
1598,831770,0,0,0,0,0,0,0,1,0,0,0,0,0
1599,832291,0,0,0,0,0,0,0,1,0,0,0,0,0
1600,832812,0,0,0,0,0,0,0,1,0,0,0,0,0
1601,833333,0,0,0,0,0,0,0,1,0,0,0,0,0
1602,833854,0,0,0,0,0,0,0,1,0,0,0,0,0
1603,834375,0,0,0,0,0,0,0,1,0,0,0,0,0
1604,834895,0,0,0,0,0,0,0,1,0,0,0,0,0
1605,835416,0,0,0,0,0,0,0,1,0,0,0,0,0
1606,835937,0,0,0,0,0,0,0,1,0,0,0,0,0
1607,836458,0,0,0,0,0,0,0,1,0,0,0,0,0
1608,836979,0,0,0,0,0,0,0,1,0,0,0,0,0
1609,837500,0,0,0,0,0,0,0,1,0,0,0,0,0
1610,838020,0,0,0,0,0,0,0,1,0,0,0,0,0
1611,838541,0,0,0,0,0,0,0,1,0,0,0,0,0
1612,839062,0,0,0,0,0,0,0,1,0,0,0,0,0
1613,839583,0,0,0,0,0,0,0,1,0,0,0,0,0
1614,840104,0,0,0,0,0,0,0,1,0,0,0,0,0
1615,840625,0,0,0,0,0,0,0,1,0,0,0,0,0
1616,841145,0,0,0,0,0,0,0,1,0,0,0,0,0
1617,841666,0,0,0,0,0,0,0,1,0,0,0,0,0
1618,842187,0,0,0,0,0,0,0,1,0,0,0,0,0
1619,842708,0,0,0,0,0,0,0,1,0,0,0,0,0
1620,843229,0,0,0,0,0,0,0,1,0,0,0,0,0
1621,843750,0,0,0,0,0,0,0,1,0,0,0,0,0
1622,844270,0,0,0,0,0,0,0,1,0,0,0,0,0
1623,844791,0,0,0,0,0,0,0,1,0,0,0,0,0
1624,845312,0,0,0,0,0,0,0,1,0,0,0,0,0
1625,845833,0,0,0,0,0,0,0,1,0,0,0,0,0
1626,846354,0,0,0,0,0,0,0,1,0,0,0,0,0
1627,846875,0,0,0,0,0,0,0,1,0,0,0,0,0
1628,847395,0,0,0,0,0,0,0,1,0,0,0,0,0
1629,847916,0,0,0,0,0,0,0,1,0,0,0,0,0
1630,848437,0,0,0,0,0,0,0,1,0,0,0,0,0
1631,848958,0,0,0,0,0,0,0,1,0,0,0,0,0
1632,849479,0,0,0,0,0,0,0,1,0,0,0,0,0
1633,850000,0,0,0,0,0,0,0,1,0,0,0,0,0
1634,850520,0,0,0,0,0,0,0,1,0,0,0,0,0
1635,851041,0,0,0,0,0,0,0,1,0,0,0,0,0
1636,851562,0,0,0,0,0,0,0,1,0,0,0,0,0
1637,852083,0,0,0,0,0,0,0,1,0,0,0,0,0
1638,852604,0,0,0,0,0,0,0,1,0,0,0,0,0
1639,853125,0,0,0,0,0,0,0,1,0,0,0,0,0
1640,853645,0,0,0,0,0,0,0,1,0,0,0,0,0
1641,854166,0,0,0,0,0,0,0,1,0,0,0,0,0
1642,854687,0,0,0,0,0,0,0,1,0,0,0,0,0
1643,855208,0,0,0,0,0,0,0,1,0,0,0,0,0
1644,855729,0,0,0,0,0,0,0,1,0,0,0,0,0
1645,856250,0,0,0,0,0,0,0,1,0,0,0,0,0
1646,856770,0,0,0,0,0,0,0,1,0,0,0,0,0
1647,857291,0,0,0,0,0,0,0,1,0,0,0,0,0
1648,857812,0,0,0,0,0,0,0,1,0,0,0,0,0
1649,858333,0,0,0,0,0,0,0,1,0,0,0,0,0
1650,858854,0,0,0,0,0,0,0,1,0,0,0,0,0
1651,859375,0,0,0,0,0,0,0,1,0,0,0,0,0
1652,859895,0,0,0,0,0,0,0,1,0,0,0,0,0
1653,860416,0,0,0,0,0,0,0,1,0,0,0,0,0
1654,860937,0,0,0,0,0,0,0,1,0,0,0,0,0
1655,861458,0,0,0,0,0,0,0,1,0,0,0,0,0
1656,861979,0,0,0,0,0,0,0,1,0,0,0,0,0
1657,862500,0,0,0,0,0,0,0,1,0,0,0,0,0
1658,863020,0,0,0,0,0,0,0,1,0,0,0,0,0
1659,863541,0,0,0,0,0,0,0,1,0,0,0,0,0
1660,864062,0,0,0,0,0,0,0,1,0,0,0,0,0
1661,864583,0,0,0,0,0,0,0,1,0,0,0,0,0
1662,865104,0,0,0,0,0,0,0,1,0,0,0,0,0
1663,865625,0,0,0,0,0,0,0,1,0,0,0,0,0
1664,866145,0,0,0,0,0,0,0,1,0,0,0,0,0
1665,866666,0,0,0,0,0,0,0,1,0,0,0,0,0
1666,867187,0,0,0,0,0,0,0,1,0,0,0,0,0
1667,867708,0,0,0,0,0,0,0,1,0,0,0,0,0
1668,868229,0,0,0,0,0,0,0,1,0,0,0,0,0
1669,868750,0,0,0,0,0,0,0,1,0,0,0,0,0
1670,869270,0,0,0,0,0,0,0,1,0,0,0,0,0
1671,869791,236,-203,-33,0,28831,-24758,-4073,0,0,0,1,1,0
1672,870312,250,-168,-82,0,30607,-20576,-10031,0,0,0,1,1,0
1673,870833,255,-128,-128,0,31207,-15603,-15603,0,0,0,1,1,0
1674,871354,250,-82,-168,0,30607,-10031,-20576,0,0,0,1,1,0
1675,871875,236,-33,-203,0,28831,-4073,-24758,0,0,0,1,1,0
1676,872395,212,17,-229,0,25947,2041,-27988,0,0,0,1,1,0
1677,872916,181,66,-247,0,22066,8077,-30143,0,0,0,1,1,0
1678,873437,142,113,-255,0,17337,13802,-31140,0,0,0,1,1,0
1679,873958,98,155,-253,0,11942,18997,-30940,0,0,0,1,1,0
1680,874479,50,192,-242,0,6088,23462,-29551,0,0,0,1,1,0
1681,875000,0,221,-221,0,0,27026,-27026,0,0,0,1,1,0
1682,875520,5526,11002,-16528,0,-913,4433,-3519,0,0,1,1,1,0
1683,876041,2317,11298,-13615,0,-1791,4641,-2850,0,0,1,1,1,0
1684,876562,-536,10937,-10401,0,-2601,4671,-2070,0,0,1,1,1,0
1685,877083,-2932,9937,-7005,0,-3310,4521,-1212,0,0,1,1,1,0
1686,877604,-4787,8342,-3555,0,-3892,4198,-306,0,0,1,1,1,0
1687,878125,-6037,6215,-178,0,-4325,3714,611,0,0,1,1,1,0
1688,878645,-6644,3644,3000,0,-4591,3086,1505,0,0,1,1,1,0
1689,879166,-6591,731,5860,0,-4681,2341,2340,0,0,1,1,1,0
1690,879687,-5889,-2409,8297,0,-4591,1505,3086,0,0,1,0,1,0
1691,880208,-4572,-5649,10222,0,-4325,611,3714,0,0,1,0,1,0
1692,880729,-2699,-8864,11563,0,-3892,-306,4198,0,0,1,0,1,0
1693,881250,-348,-11924,12272,0,-3310,-1212,4521,0,0,1,0,1,0
1694,881770,2381,-14709,12328,0,-2601,-2070,4671,0,0,1,0,1,0
1695,882291,5379,-17109,11730,0,-1791,-2850,4641,0,0,1,0,1,0
1696,882812,8522,-19027,10505,0,-913,-3519,4433,0,0,1,0,1,0
1697,883333,11682,-20386,8704,0,0,-4054,4054,0,0,1,0,1,0
1698,883854,14732,-21131,6399,0,913,-4433,3519,0,0,1,0,1,0
1699,884375,17548,-21230,3682,0,1791,-4641,2850,0,0,1,0,1,0
1700,884895,20015,-20676,661,0,2601,-4671,2070,0,0,1,0,1,0
1701,885416,22032,-19487,-2545,0,3310,-4521,1212,0,0,1,0,1,0
1702,885937,23515,-17706,-5809,0,3892,-4198,306,0,0,1,0,1,0
1703,886458,24401,-15397,-9004,0,4325,-3714,-611,0,0,1,0,1,0
1704,886979,24651,-12648,-12003,0,4591,-3086,-1505,0,0,1,0,1,0
1705,887500,24248,-9559,-14689,0,4681,-2341,-2340,0,0,1,0,1,0
1706,888020,23203,-6248,-16954,0,4591,-1505,-3086,0,0,1,0,1,0
1707,888541,21549,-2839,-18710,0,4325,-611,-3714,0,0,1,0,1,0
1708,889062,19346,540,-19886,0,3892,306,-4198,0,0,1,0,1,0
1709,889583,16672,3762,-20434,0,3310,1212,-4521,0,0,1,0,1,0
1710,890104,13625,6706,-20331,0,2601,2070,-4671,0,0,1,0,1,0
1711,890625,10316,9261,-19577,0,1791,2850,-4641,0,0,1,0,1,0
1712,891145,6868,11332,-18200,0,913,3519,-4433,0,0,1,0,1,0
1713,891666,3408,12841,-16249,0,0,4054,-4054,0,0,1,0,1,0
1714,892187,65,13733,-13797,0,-913,4433,-3519,0,0,1,0,1,0
1715,892708,-3039,13976,-10937,0,-1791,4641,-2850,0,0,1,0,1,0
1716,893229,-5788,13563,-7775,0,-2601,4671,-2070,0,0,1,0,1,0
1717,893750,-8081,12512,-4431,0,-3310,4521,-1212,0,0,1,0,1,0
1718,894270,-9836,10866,-1030,0,-3892,4198,-306,0,0,1,0,1,0
1719,894791,-10988,8691,2297,0,-4325,3714,611,0,0,1,0,1,0
1720,895312,-11498,6071,5427,0,-4591,3086,1505,0,0,1,0,1,0
1721,895833,-11351,3111,8240,0,-4681,2341,2340,0,0,1,0,1,0
1722,896354,-10557,-75,10631,0,-4591,1505,3086,0,0,1,0,1,0
1723,896875,-9149,-3361,12510,0,-4325,611,3714,0,0,1,0,1,0
1724,897395,-7187,-6620,13807,0,-3892,-306,4198,0,0,1,0,1,0
1725,897916,-4749,-9724,14473,0,-3310,-1212,4521,0,0,1,0,1,0
1726,898437,-1934,-12552,14485,0,-2601,-2070,4671,0,0,1,0,1,0
1727,898958,1148,-14993,13845,0,-1791,-2850,4641,0,0,1,0,1,0
1728,899479,4373,-16952,12579,0,-913,-3519,4433,0,0,1,0,1,0
1729,900000,7614,-18352,10738,0,0,-4054,4054,0,0,1,0,1,0
1730,900520,10743,-19137,8394,0,913,-4433,3519,0,0,1,0,1,0
1731,901041,13636,-19274,5638,0,1791,-4641,2850,0,0,1,0,1,0
1732,901562,16179,-18758,2579,0,2601,-4671,2070,0,0,1,0,1,0
1733,902083,18271,-17607,-664,0,3310,-4521,1212,0,0,1,0,1,0
1734,902604,19827,-15862,-3965,0,3892,-4198,306,0,0,1,0,1,0
1735,903125,20785,-13589,-7196,0,4325,-3714,-611,0,0,1,0,1,0
1736,903645,21105,-10875,-10230,0,4591,-3086,-1505,0,0,1,0,1,0
1737,904166,20771,-7821,-12950,0,4681,-2341,-2340,0,0,1,0,1,0
1738,904687,19793,-4544,-15250,0,4591,-1505,-3086,0,0,1,0,1,0
1739,905208,18206,-1168,-17039,0,4325,-611,-3714,0,0,1,0,1,0
1740,905729,16068,2179,-18247,0,3892,306,-4198,0,0,1,0,1,0
1741,906250,13458,5369,-18827,0,3310,1212,-4521,0,0,1,0,1,0
1742,906770,10473,8282,-18755,0,2601,2070,-4671,0,0,1,0,1,0
1743,907291,7225,10806,-18032,0,1791,2850,-4641,0,0,1,0,1,0
1744,907812,3838,12847,-16684,0,913,3519,-4433,0,0,1,0,1,0
1745,908333,437,14326,-14763,0,0,4054,-4054,0,0,1,0,1,0
1746,908854,-2849,15189,-12341,0,-913,4433,-3519,0,0,1,0,1,0
1747,909375,-5896,15404,-9508,0,-1791,4641,-2850,0,0,1,0,1,0
1748,909895,-8589,14963,-6374,0,-2601,4671,-2070,0,0,1,0,1,0
1749,910416,-10828,13885,-3057,0,-3310,4521,-1212,0,0,1,0,1,0
1750,910937,-12529,12213,316,0,-3892,4198,-306,0,0,1,0,1,0
1751,911458,-13629,10011,3618,0,-4325,3714,611,0,0,1,0,1,0
1752,911979,-14088,7366,6722,0,-4591,3086,1505,0,0,1,0,1,0
1753,912500,-13891,4381,9510,0,-4681,2341,2340,0,0,1,0,1,0
1754,913020,-13047,1170,11876,0,-4591,1505,3086,0,0,1,0,1,0
1755,913541,-11591,-2140,13731,0,-4325,611,3714,0,0,1,0,1,0
1756,914062,-9581,-5423,15004,0,-3892,-306,4198,0,0,1,0,1,0
1757,914583,-7097,-8550,15647,0,-3310,-1212,4521,0,0,1,0,1,0
1758,915104,-4236,-11401,15636,0,-2601,-2070,4671,0,0,1,0,1,0
1759,915625,-1110,-13864,14974,0,-1791,-2850,4641,0,0,1,0,1,0
1760,916145,2159,-15845,13686,0,-913,-3519,4433,0,0,1,0,1,0
1761,916666,5443,-17267,11823,0,0,-4054,4054,0,0,1,0,1,0
1762,917187,8615,-18072,9458,0,913,-4433,3519,0,0,1,0,1,0
1763,917708,11550,-18231,6681,0,1791,-4641,2850,0,0,1,0,1,0
1764,918229,14133,-17735,3602,0,2601,-4671,2070,0,0,1,0,1,0
1765,918750,16264,-16603,339,0,3310,-4521,1212,0,0,1,0,1,0
1766,919270,17860,-14878,-2982,0,3892,-4198,306,0,0,1,0,1,0
1767,919791,18856,-12625,-6231,0,4325,-3714,-611,0,0,1,0,1,0
1768,920312,19213,-9929,-9284,0,4591,-3086,-1505,0,0,1,0,1,0
1769,920833,18916,-6893,-12023,0,4681,-2341,-2340,0,0,1,0,1,0
1770,921354,17974,-3634,-14340,0,4591,-1505,-3086,0,0,1,0,1,0
1771,921875,16423,-276,-16147,0,4325,-611,-3714,0,0,1,0,1,0
1772,922395,14319,3054,-17373,0,3892,306,-4198,0,0,1,0,1,0
1773,922916,11743,6227,-17970,0,3310,1212,-4521,0,0,1,0,1,0
1774,923437,8791,9123,-17914,0,2601,2070,-4671,0,0,1,0,1,0
1775,923958,5577,11631,-17207,0,1791,2850,-4641,0,0,1,0,1,0
1776,924479,2221,13655,-15876,0,913,3519,-4433,0,0,1,0,1,0
1777,925000,-1149,15119,-13971,0,0,4054,-4054,0,0,1,0,1,0
1778,925520,-4403,15967,-11563,0,-913,4433,-3519,0,0,1,0,1,0
1779,926041,-7420,16166,-8746,0,-1791,4641,-2850,0,0,1,0,1,0
1780,926562,-10084,15711,-5627,0,-2601,4671,-2070,0,0,1,0,1,0
1781,927083,-12294,14618,-2324,0,-3310,4521,-1212,0,0,1,0,1,0
1782,927604,-13966,12931,1035,0,-3892,4198,-306,0,0,1,0,1,0
1783,928125,-15038,10716,4323,0,-4325,3714,611,0,0,1,0,1,0
1784,928645,-15470,8057,7413,0,-4591,3086,1505,0,0,1,0,1,0
1785,929166,-15246,5058,10187,0,-4681,2341,2341,0,0,1,0,1,0
1786,929687,-14375,1835,12541,0,-4591,1505,3086,0,0,1,0,1,0
1787,930208,-12894,-1489,14382,0,-4325,611,3714,0,0,1,0,1,0
1788,930729,-10858,-4784,15642,0,-3892,-306,4198,0,0,1,0,1,0
1789,931250,-8349,-7923,16273,0,-3310,-1212,4521,0,0,1,0,1,0
1790,931770,-5464,-10786,16250,0,-2601,-2070,4671,0,0,1,0,1,0
1791,932291,-2314,-13262,15576,0,-1791,-2850,4641,0,0,1,0,1,0
1792,932812,978,-15255,14277,0,-913,-3519,4433,0,0,1,0,1,0
1793,933333,4286,-16688,12402,0,0,-4054,4054,0,0,1,0,1,0
1794,933854,7479,-17505,10025,0,913,-4433,3519,0,0,1,0,1,0
1795,934375,10436,-17674,7238,0,1791,-4641,2850,0,0,1,0,1,0
1796,934895,13041,-17189,4148,0,2601,-4671,2070,0,0,1,0,1,0
1797,935416,15194,-16068,874,0,3310,-4521,1212,0,0,1,0,1,0
1798,935937,16810,-14353,-2457,0,3892,-4198,306,0,0,1,0,1,0
1799,936458,17827,-12110,-5717,0,4325,-3714,-611,0,0,1,0,1,0
1800,936979,18204,-9424,-8780,0,4591,-3086,-1505,0,0,1,0,1,0
1801,937500,17927,-6399,-11528,0,4681,-2341,-2340,0,0,1,0,1,0
1802,938020,17004,-3149,-13855,0,4591,-1505,-3086,0,0,1,0,1,0
1803,938541,15471,200,-15671,0,4325,-611,-3714,0,0,1,0,1,0
1804,939062,13386,3520,-16906,0,3892,306,-4198,0,0,1,0,1,0
1805,939583,10828,6684,-17512,0,3310,1212,-4521,0,0,1,0,1,0
1806,940104,7894,9571,-17466,0,2601,2070,-4671,0,0,1,0,1,0
1807,940625,4697,12071,-16768,0,1791,2850,-4641,0,0,1,0,1,0
1808,941145,1358,14087,-15445,0,913,3519,-4433,0,0,1,0,1,0
1809,941666,-1994,15542,-13548,0,0,4054,-4054,0,0,1,0,1,0
1810,942187,-5233,16381,-11149,0,-913,4433,-3519,0,0,1,0,1,0
1811,942708,-8233,16573,-8340,0,-1791,4641,-2850,0,0,1,0,1,0
1812,943229,-10881,16109,-5228,0,-2601,4671,-2070,0,0,1,0,1,0
1813,943750,-13076,15009,-1933,0,-3310,4521,-1212,0,0,1,0,1,0
1814,944270,-14733,13315,1418,0,-3892,4198,-306,0,0,1,0,1,0
1815,944791,-15790,11092,4698,0,-4325,3714,611,0,0,1,0,1,0
1816,945312,-16207,8426,7781,0,-4591,3086,1505,0,0,1,0,1,0
1817,945833,-15968,5420,10549,0,-4681,2341,2340,0,0,1,0,1,0
1818,946354,-15084,2189,12895,0,-4591,1505,3086,0,0,1,0,1,0
1819,946875,-13588,-1141,14730,0,-4325,611,3714,0,0,1,0,1,0
1820,947395,-11540,-4443,15983,0,-3892,-306,4198,0,0,1,0,1,0
1821,947916,-9018,-7589,16607,0,-3310,-1212,4521,0,0,1,0,1,0
1822,948437,-6119,-10459,16578,0,-2601,-2070,4671,0,0,1,0,1,0
1823,948958,-2956,-12941,15897,0,-1791,-2850,4641,0,0,1,0,1,0
1824,949479,348,-14940,14592,0,-913,-3519,4433,0,0,1,0,1,0
1825,950000,3668,-16379,12711,0,0,-4054,4054,0,0,1,0,1,0
1826,950520,6874,-17202,10328,0,913,-4433,3519,0,0,1,0,1,0
1827,951041,9842,-17377,7535,0,1791,-4641,2850,0,0,1,0,1,0
1828,951562,12459,-16898,4439,0,2601,-4671,2070,0,0,1,0,1,0
1829,952083,14623,-15783,1160,0,3310,-4521,1212,0,0,1,0,1,0
1830,952604,16250,-14073,-2177,0,3892,-4198,306,0,0,1,0,1,0
1831,953125,17278,-11835,-5442,0,4325,-3714,-611,0,0,1,0,1,0
1832,953645,17666,-9155,-8511,0,4591,-3086,-1505,0,0,1,0,1,0
1833,954166,17399,-6135,-11264,0,4681,-2341,-2340,0,0,1,0,1,0
1834,954687,16486,-2890,-13596,0,4591,-1505,-3086,0,0,1,0,1,0
1835,955208,14964,454,-15417,0,4325,-611,-3714,0,0,1,0,1,0
1836,955729,12888,3769,-16657,0,3892,306,-4198,0,0,1,0,1,0
1837,956250,10340,6928,-17268,0,3310,1212,-4521,0,0,1,0,1,0
1838,956770,7416,9811,-17226,0,2601,2070,-4671,0,0,1,0,1,0
1839,957291,4228,12305,-16533,0,1791,2850,-4641,0,0,1,0,1,0
1840,957812,898,14317,-15215,0,913,3519,-4433,0,0,1,0,1,0
1841,958333,-2445,15768,-13322,0,0,4054,-4054,0,0,1,0,1,0
1842,958854,-5675,16603,-10927,0,-913,4433,-3519,0,0,1,0,1,0
1843,959375,-8667,16790,-8123,0,-1791,4641,-2850,0,0,1,0,1,0
1844,959895,-11307,16322,-5015,0,-2601,4671,-2070,0,0,1,0,1,0
1845,960416,-13493,15218,-1725,0,-3310,4521,-1212,0,0,1,0,1,0
1846,960937,-15142,13519,1623,0,-3892,4198,-306,0,0,1,0,1,0
1847,961458,-16191,11292,4899,0,-4325,3714,611,0,0,1,0,1,0
1848,961979,-16600,8622,7978,0,-4591,3086,1505,0,0,1,0,1,0
1849,962500,-16354,5612,10742,0,-4681,2341,2340,0,0,1,0,1,0
1850,963020,-15462,2378,13084,0,-4591,1505,3086,0,0,1,0,1,0
1851,963541,-13959,-956,14915,0,-4325,611,3714,0,0,1,0,1,0
1852,964062,-11903,-4261,16165,0,-3892,-306,4198,0,0,1,0,1,0
1853,964583,-9374,-7411,16785,0,-3310,-1212,4521,0,0,1,0,1,0
1854,965104,-6469,-10284,16753,0,-2601,-2070,4671,0,0,1,0,1,0
1855,965625,-3299,-12770,16069,0,-1791,-2850,4641,0,0,1,0,1,0
1856,966145,12,-14772,14760,0,-913,-3519,4433,0,0,1,0,1,0
1857,966666,3338,-16214,12876,0,0,-4054,4054,0,0,1,0,1,0
1858,967187,6551,-17040,10490,0,913,-4433,3519,0,0,1,0,1,0
1859,967708,9525,-17219,7693,0,1791,-4641,2850,0,0,1,0,1,0
1860,968229,12148,-16743,4595,0,2601,-4671,2070,0,0,1,0,1,0
1861,968750,14318,-15630,1312,0,3310,-4521,1212,0,0,1,0,1,0
1862,969270,15951,-13924,-2027,0,3892,-4198,306,0,0,1,0,1,0
1863,969791,16985,-11689,-5296,0,4325,-3714,-611,0,0,1,0,1,0
1864,970312,17378,-9011,-8367,0,4591,-3086,-1505,0,0,1,0,1,0
1865,970833,17117,-5994,-11123,0,4681,-2341,-2340,0,0,1,0,1,0
1866,971354,16210,-2752,-13458,0,4591,-1505,-3086,0,0,1,0,1,0
1867,971875,14693,589,-15282,0,4325,-611,-3714,0,0,1,0,1,0
1868,972395,12623,3902,-16525,0,3892,306,-4198,0,0,1,0,1,0
1869,972916,10080,7058,-17138,0,3310,1212,-4521,0,0,1,0,1,0
1870,973437,7160,9938,-17099,0,2601,2070,-4671,0,0,1,0,1,0
1871,973958,3977,12430,-16408,0,1791,2850,-4641,0,0,1,0,1,0
1872,974479,653,14439,-15092,0,913,3519,-4433,0,0,1,0,1,0
1873,975000,-2686,15888,-13202,0,0,4054,-4054,0,0,1,0,1,0
1874,975520,-5911,16721,-10809,0,-913,4433,-3519,0,0,1,0,1,0
1875,976041,-8898,16905,-8007,0,-1791,4641,-2850,0,0,1,0,1,0
1876,976562,-11534,16436,-4902,0,-2601,4671,-2070,0,0,1,0,1,0
1877,977083,-13715,15329,-1614,0,-3310,4521,-1212,0,0,1,0,1,0
1878,977604,-15360,13628,1732,0,-3892,4198,-306,0,0,1,0,1,0
1879,978125,-16405,11399,5006,0,-4325,3714,611,0,0,1,0,1,0
1880,978645,-16810,8727,8083,0,-4591,3086,1505,0,0,1,0,1,0
1881,979166,-16560,5715,10844,0,-4681,2341,2340,0,0,1,0,1,0
1882,979687,-15664,2479,13185,0,-4591,1505,3086,0,0,1,0,1,0
1883,980208,-14157,-857,15014,0,-4325,611,3714,0,0,1,0,1,0
1884,980729,-12097,-4164,16262,0,-3892,-306,4198,0,0,1,0,1,0
1885,981250,-9564,-7316,16880,0,-3310,-1212,4521,0,0,1,0,1,0
1886,981770,-6655,-10191,16846,0,-2601,-2070,4671,0,0,1,0,1,0
1887,982291,-3482,-12678,16160,0,-1791,-2850,4641,0,0,1,0,1,0
1888,982812,-167,-14682,14849,0,-913,-3519,4433,0,0,1,0,1,0
1889,983333,3162,-16126,12964,0,0,-4054,4054,0,0,1,0,1,0
1890,983854,6378,-16954,10576,0,913,-4433,3519,0,0,1,0,1,0
1891,984375,9356,-17134,7778,0,1791,-4641,2850,0,0,1,0,1,0
1892,984895,11983,-16660,4677,0,2601,-4671,2070,0,0,1,0,1,0
1893,985416,14156,-15549,1393,0,3310,-4521,1212,0,0,1,0,1,0
1894,985937,15792,-13844,-1948,0,3892,-4198,306,0,0,1,0,1,0
1895,986458,16828,-11611,-5218,0,4325,-3714,-611,0,0,1,0,1,0
1896,986979,17225,-8935,-8290,0,4591,-3086,-1505,0,0,1,0,1,0
1897,987500,16967,-5919,-11048,0,4681,-2341,-2340,0,0,1,0,1,0
1898,988020,16063,-2679,-13384,0,4591,-1505,-3086,0,0,1,0,1,0
1899,988541,14548,661,-15210,0,4325,-611,-3714,0,0,1,0,1,0
1900,989062,12481,3973,-16454,0,3892,306,-4198,0,0,1,0,1,0
1901,989583,9941,7128,-17069,0,3310,1212,-4521,0,0,1,0,1,0
1902,990104,7024,10006,-17031,0,2601,2070,-4671,0,0,1,0,1,0
1903,990625,3844,12497,-16341,0,1791,2850,-4641,0,0,1,0,1,0
1904,991145,522,14505,-15027,0,913,3519,-4433,0,0,1,0,1,0
1905,991666,-2815,15952,-13138,0,0,4054,-4054,0,0,1,0,1,0
1906,992187,-6037,16784,-10747,0,-913,4433,-3519,0,0,1,0,1,0
1907,992708,-9022,16967,-7945,0,-1791,4641,-2850,0,0,1,0,1,0
1908,993229,-11655,16496,-4841,0,-2601,4671,-2070,0,0,1,0,1,0
1909,993750,-13834,15388,-1554,0,-3310,4521,-1212,0,0,1,0,1,0
1910,994270,-15477,13687,1790,0,-3892,4198,-306,0,0,1,0,1,0
1911,994791,-16519,11456,5063,0,-4325,3714,611,0,0,1,0,1,0
1912,995312,-16922,8783,8139,0,-4591,3086,1505,0,0,1,0,1,0
1913,995833,-16669,5770,10899,0,-4681,2341,2340,0,0,1,0,1,0
1914,996354,-15771,2533,13239,0,-4591,1505,3086,0,0,1,0,1,0
1915,996875,-14263,-804,15067,0,-4325,611,3714,0,0,1,0,1,0
1916,997395,-12201,-4113,16314,0,-3892,-306,4198,0,0,1,0,1,0
1917,997916,-9666,-7265,16931,0,-3310,-1212,4521,0,0,1,0,1,0
1918,998437,-6755,-10141,16896,0,-2601,-2070,4671,0,0,1,0,1,0
1919,998958,-3580,-12629,16209,0,-1791,-2850,4641,0,0,1,0,1,0
1920,999479,-263,-14634,14897,0,-913,-3519,4433,0,0,1,0,1,0
1921,1000000,3069,-16079,13011,0,0,-4054,4054,0,0,1,0,1,0
1922,1000520,6286,-16908,10622,0,913,-4433,3519,0,0,1,0,1,0
1923,1001041,9266,-17089,7823,0,1791,-4641,2850,0,0,1,0,1,0
1924,1001562,11894,-16616,4722,0,2601,-4671,2070,0,0,1,0,1,0
1925,1002083,14069,-15506,1437,0,3310,-4521,1212,0,0,1,0,1,0
1926,1002604,15707,-13802,-1905,0,3892,-4198,306,0,0,1,0,1,0
1927,1003125,16745,-11569,-5176,0,4325,-3714,-611,0,0,1,0,1,0
1928,1003645,17143,-8894,-8250,0,4591,-3086,-1505,0,0,1,0,1,0
1929,1004166,16887,-5879,-11008,0,4681,-2341,-2340,0,0,1,0,1,0
1930,1004687,15984,-2639,-13345,0,4591,-1505,-3086,0,0,1,0,1,0
1931,1005208,14471,700,-15171,0,4325,-611,-3714,0,0,1,0,1,0
1932,1005729,12406,4010,-16416,0,3892,306,-4198,0,0,1,0,1,0
1933,1006250,9867,7165,-17031,0,3310,1212,-4521,0,0,1,0,1,0
1934,1006770,6952,10043,-16994,0,2601,2070,-4671,0,0,1,0,1,0
1935,1007291,3773,12533,-16305,0,1791,2850,-4641,0,0,1,0,1,0
1936,1007812,452,14540,-14992,0,913,3519,-4433,0,0,1,0,1,0
1937,1008333,-2883,15986,-13103,0,0,4054,-4054,0,0,1,0,1,0
1938,1008854,-6104,16817,-10713,0,-913,4433,-3519,0,0,1,0,1,0
1939,1009374,-9088,17000,-7912,0,-1791,4641,-2850,0,0,1,0,1,0
1940,1009895,-11719,16528,-4809,0,-2601,4671,-2070,0,0,1,0,1,0
1941,1010416,-13897,15420,-1523,0,-3310,4521,-1212,0,0,1,0,1,0
1942,1010937,-15539,13718,1821,0,-3892,4198,-306,0,0,1,0,1,0
1943,1011458,-16580,11487,5093,0,-4325,3714,611,0,0,1,0,1,0
1944,1011979,-16982,8813,8169,0,-4591,3086,1505,0,0,1,0,1,0
1945,1012500,-16728,5799,10929,0,-4681,2341,2340,0,0,1,0,1,0
1946,1013020,-15829,2561,13267,0,-4591,1505,3086,0,0,1,0,1,0
1947,1013541,-14319,-776,15095,0,-4325,611,3714,0,0,1,0,1,0
1948,1014062,-12256,-4085,16341,0,-3892,-306,4198,0,0,1,0,1,0
1949,1014583,-9720,-7238,16958,0,-3310,-1212,4521,0,0,1,0,1,0
1950,1015104,-6808,-10115,16922,0,-2601,-2070,4671,0,0,1,0,1,0
1951,1015625,-3632,-12603,16235,0,-1791,-2850,4641,0,0,1,0,1,0
1952,1016145,-314,-14609,14923,0,-913,-3519,4433,0,0,1,0,1,0
1953,1016666,3019,-16054,13036,0,0,-4054,4054,0,0,1,0,1,0
1954,1017187,6237,-16884,10646,0,913,-4433,3519,0,0,1,0,1,0
1955,1017708,9218,-17065,7847,0,1791,-4641,2850,0,0,1,0,1,0
1956,1018229,11847,-16592,4745,0,2601,-4671,2070,0,0,1,0,1,0
1957,1018750,14023,-15483,1460,0,3310,-4521,1212,0,0,1,0,1,0
1958,1019270,15662,-13779,-1883,0,3892,-4198,306,0,0,1,0,1,0
1959,1019791,16701,-11547,-5154,0,4325,-3714,-611,0,0,1,0,1,0
1960,1020312,17100,-8872,-8228,0,4591,-3086,-1505,0,0,1,0,1,0
1961,1020833,16844,-5857,-10987,0,4681,-2341,-2340,0,0,1,0,1,0
1962,1021354,15942,-2618,-13324,0,4591,-1505,-3086,0,0,1,0,1,0
1963,1021875,14430,720,-15151,0,4325,-611,-3714,0,0,1,0,1,0
1964,1022395,12365,4030,-16396,0,3892,306,-4198,0,0,1,0,1,0
1965,1022916,9827,7185,-17012,0,3310,1212,-4521,0,0,1,0,1,0
1966,1023437,6913,10062,-16975,0,2601,2070,-4671,0,0,1,0,1,0
1967,1023958,3735,12552,-16286,0,1791,2850,-4641,0,0,1,0,1,0
1968,1024479,415,14558,-14973,0,913,3519,-4433,0,0,1,0,1,0
1969,1024999,-2920,16005,-13085,0,0,4054,-4054,0,0,1,0,1,0
1970,1025520,-6140,16835,-10695,0,-913,4433,-3519,0,0,1,0,1,0
1971,1026041,-9123,17018,-7895,0,-1791,4641,-2850,0,0,1,0,1,0
1972,1026562,-11754,16546,-4792,0,-2601,4671,-2070,0,0,1,0,1,0
1973,1027083,-13931,15437,-1506,0,-3310,4521,-1212,0,0,1,0,1,0
1974,1027604,-15572,13734,1838,0,-3892,4198,-306,0,0,1,0,1,0
1975,1028125,-16613,11503,5110,0,-4325,3714,611,0,0,1,0,1,0
1976,1028645,-17014,8829,8185,0,-4591,3086,1505,0,0,1,0,1,0
1977,1029166,-16759,5815,10944,0,-4681,2341,2340,0,0,1,0,1,0
1978,1029687,-15859,2577,13283,0,-4591,1505,3086,0,0,1,0,1,0
1979,1030208,-14349,-761,15110,0,-4325,611,3714,0,0,1,0,1,0
1980,1030729,-12286,-4070,16356,0,-3892,-306,4198,0,0,1,0,1,0
1981,1031250,-9749,-7224,16973,0,-3310,-1212,4521,0,0,1,0,1,0
1982,1031770,-6836,-10100,16936,0,-2601,-2070,4671,0,0,1,0,1,0
1983,1032291,-3659,-12589,16249,0,-1791,-2850,4641,0,0,1,0,1,0
1984,1032812,-341,-14595,14936,0,-913,-3519,4433,0,0,1,0,1,0
1985,1033333,2992,-16041,13049,0,0,-4054,4054,0,0,1,0,1,0
1986,1033854,6211,-16870,10660,0,913,-4433,3519,0,0,1,0,1,0
1987,1034375,9192,-17052,7860,0,1791,-4641,2850,0,0,1,0,1,0
1988,1034895,11822,-16580,4758,0,2601,-4671,2070,0,0,1,0,1,0
1989,1035416,13998,-15470,1472,0,3310,-4521,1212,0,0,1,0,1,0
1990,1035937,15637,-13767,-1870,0,3892,-4198,306,0,0,1,0,1,0
1991,1036458,16677,-11535,-5142,0,4325,-3714,-611,0,0,1,0,1,0
1992,1036979,17077,-8860,-8216,0,4591,-3086,-1505,0,0,1,0,1,0
1993,1037500,16821,-5846,-10975,0,4681,-2341,-2340,0,0,1,0,1,0
1994,1038020,15920,-2607,-13313,0,4591,-1505,-3086,0,0,1,0,1,0
1995,1038541,14408,731,-15140,0,4325,-611,-3714,0,0,1,0,1,0
1996,1039062,12344,4041,-16385,0,3892,306,-4198,0,0,1,0,1,0
1997,1039583,9806,7195,-17001,0,3310,1212,-4521,0,0,1,0,1,0
1998,1040104,6892,10072,-16964,0,2601,2070,-4671,0,0,1,0,1,0
1999,1040624,3714,12562,-16276,0,1791,2850,-4641,0,0,1,0,1,0
2000,1041145,395,14568,-14963,0,913,3519,-4433,0,0,1,0,1,0
2001,1041666,-2939,16014,-13075,0,0,4054,-4054,0,0,1,0,1,0
2002,1042187,-6159,16845,-10685,0,-913,4433,-3519,0,0,1,0,1,0
2003,1042708,-9142,17027,-7885,0,-1791,4641,-2850,0,0,1,0,1,0
2004,1043229,-11772,16555,-4783,0,-2601,4671,-2070,0,0,1,0,1,0
2005,1043750,-13949,15446,-1497,0,-3310,4521,-1212,0,0,1,0,1,0
2006,1044270,-15590,13743,1847,0,-3892,4198,-306,0,0,1,0,1,0
2007,1044791,-16630,11512,5118,0,-4325,3714,611,0,0,1,0,1,0
2008,1045312,-17031,8837,8193,0,-4591,3086,1505,0,0,1,0,1,0
2009,1045833,-16776,5823,10953,0,-4681,2341,2340,0,0,1,0,1,0
2010,1046354,-15876,2585,13291,0,-4591,1505,3086,0,0,1,0,1,0
2011,1046875,-14365,-753,15118,0,-4325,611,3714,0,0,1,0,1,0
2012,1047395,-12301,-4062,16364,0,-3892,-306,4198,0,0,1,0,1,0
2013,1047916,-9764,-7216,16980,0,-3310,-1212,4521,0,0,1,0,1,0
2014,1048437,-6851,-10093,16944,0,-2601,-2070,4671,0,0,1,0,1,0
2015,1048958,-3674,-12582,16256,0,-1791,-2850,4641,0,0,1,0,1,0
2016,1049479,-355,-14588,14943,0,-913,-3519,4433,0,0,1,0,1,0
2017,1050000,2978,-16034,13056,0,0,-4054,4054,0,0,1,0,1,0
2018,1050520,6197,-16864,10667,0,913,-4433,3519,0,0,1,0,1,0
2019,1051041,9179,-17046,7867,0,1791,-4641,2850,0,0,1,0,1,0
2020,1051562,11808,-16573,4765,0,2601,-4671,2070,0,0,1,0,1,0
2021,1052083,13985,-15464,1479,0,3310,-4521,1212,0,0,1,0,1,0
2022,1052604,15624,-13760,-1864,0,3892,-4198,306,0,0,1,0,1,0
2023,1053125,16664,-11529,-5135,0,4325,-3714,-611,0,0,1,0,1,0
2024,1053645,17064,-8854,-8210,0,4591,-3086,-1505,0,0,1,0,1,0
2025,1054166,16809,-5840,-10969,0,4681,-2341,-2340,0,0,1,0,1,0
2026,1054687,15908,-2601,-13307,0,4591,-1505,-3086,0,0,1,0,1,0
2027,1055208,14397,737,-15134,0,4325,-611,-3714,0,0,1,0,1,0
2028,1055729,12332,4047,-16379,0,3892,306,-4198,0,0,1,0,1,0
2029,1056250,9795,7201,-16996,0,3310,1212,-4521,0,0,1,0,1,0
2030,1056770,6881,10078,-16959,0,2601,2070,-4671,0,0,1,0,1,0
2031,1057291,3704,12567,-16271,0,1791,2850,-4641,0,0,1,0,1,0
2032,1057812,384,14574,-14958,0,913,3519,-4433,0,0,1,0,1,0
2033,1058333,-2950,16020,-13070,0,0,4054,-4054,0,0,1,0,1,0
2034,1058854,-6169,16850,-10680,0,-913,4433,-3519,0,0,1,0,1,0
2035,1059375,-9152,17032,-7880,0,-1791,4641,-2850,0,0,1,0,1,0
2036,1059895,-11782,16560,-4778,0,-2601,4671,-2070,0,0,1,0,1,0
2037,1060416,-13959,15451,-1492,0,-3310,4521,-1212,0,0,1,0,1,0
2038,1060937,-15599,13748,1851,0,-3892,4198,-306,0,0,1,0,1,0
2039,1061458,-16639,11516,5123,0,-4325,3714,611,0,0,1,0,1,0
2040,1061979,-17040,8842,8198,0,-4591,3086,1505,0,0,1,0,1,0
2041,1062500,-16785,5828,10957,0,-4681,2341,2340,0,0,1,0,1,0
2042,1063020,-15885,2589,13295,0,-4591,1505,3086,0,0,1,0,1,0
2043,1063541,-14373,-749,15122,0,-4325,611,3714,0,0,1,0,1,0
2044,1064062,-12310,-4058,16368,0,-3892,-306,4198,0,0,1,0,1,0
2045,1064583,-9772,-7212,16984,0,-3310,-1212,4521,0,0,1,0,1,0
2046,1065104,-6859,-10089,16948,0,-2601,-2070,4671,0,0,1,0,1,0
2047,1065625,-3682,-12578,16260,0,-1791,-2850,4641,0,0,1,0,1,0
2048,1066145,-363,-14584,14947,0,-913,-3519,4433,0,0,1,0,1,0
2049,1066666,2970,-16030,13060,0,0,-4054,4054,0,0,1,0,1,0
2050,1067187,6190,-16860,10670,0,913,-4433,3519,0,0,1,0,1,0
2051,1067708,9171,-17042,7870,0,1791,-4641,2850,0,0,1,0,1,0
2052,1068229,11801,-16569,4768,0,2601,-4671,2070,0,0,1,0,1,0
2053,1068750,13978,-15460,1482,0,3310,-4521,1212,0,0,1,0,1,0
2054,1069270,15618,-13757,-1861,0,3892,-4198,306,0,0,1,0,1,0
2055,1069791,16657,-11525,-5132,0,4325,-3714,-611,0,0,1,0,1,0
2056,1070312,17058,-8851,-8207,0,4591,-3086,-1505,0,0,1,0,1,0
2057,1070833,16802,-5837,-10966,0,4681,-2341,-2340,0,0,1,0,1,0
2058,1071354,15902,-2598,-13304,0,4591,-1505,-3086,0,0,1,0,1,0
2059,1071875,14390,740,-15131,0,4325,-611,-3714,0,0,1,0,1,0
2060,1072395,12326,4050,-16376,0,3892,306,-4198,0,0,1,0,1,0
2061,1072916,9789,7204,-16993,0,3310,1212,-4521,0,0,1,0,1,0
2062,1073437,6875,10081,-16956,0,2601,2070,-4671,0,0,1,0,1,0
2063,1073958,3698,12570,-16268,0,1791,2850,-4641,0,0,1,0,1,0
2064,1074479,379,14576,-14955,0,913,3519,-4433,0,0,1,0,1,0
2065,1075000,-2955,16022,-13067,0,0,4054,-4054,0,0,1,0,1,0
2066,1075520,-6175,16852,-10678,0,-913,4433,-3519,0,0,1,0,1,0
2067,1076041,-9157,17035,-7878,0,-1791,4641,-2850,0,0,1,0,1,0
2068,1076562,-11787,16562,-4775,0,-2601,4671,-2070,0,0,1,0,1,0
2069,1077083,-13964,15453,-1489,0,-3310,4521,-1212,0,0,1,0,1,0
2070,1077604,-15604,13750,1854,0,-3892,4198,-306,0,0,1,0,1,0
2071,1078125,-16644,11519,5125,0,-4325,3714,611,0,0,1,0,1,0
2072,1078645,-17044,8844,8200,0,-4591,3086,1505,0,0,1,0,1,0
2073,1079166,-16789,5830,10959,0,-4681,2341,2340,0,0,1,0,1,0
2074,1079687,-15889,2592,13298,0,-4591,1505,3086,0,0,1,0,1,0
2075,1080208,-14378,-746,15124,0,-4325,611,3714,0,0,1,0,1,0
2076,1080729,-12314,-4056,16370,0,-3892,-306,4198,0,0,1,0,1,0
2077,1081250,-9777,-7210,16987,0,-3310,-1212,4521,0,0,1,0,1,0
2078,1081770,-6864,-10087,16950,0,-2601,-2070,4671,0,0,1,0,1,0
2079,1082291,-3686,-12576,16262,0,-1791,-2850,4641,0,0,1,0,1,0
2080,1082812,-367,-14582,14949,0,-913,-3519,4433,0,0,1,0,1,0
2081,1083333,2966,-16028,13062,0,0,-4054,4054,0,0,1,0,1,0
2082,1083854,6186,-16858,10672,0,913,-4433,3519,0,0,1,0,1,0
2083,1084375,9168,-17040,7872,0,1791,-4641,2850,0,0,1,0,1,0
2084,1084895,11797,-16567,4770,0,2601,-4671,2070,0,0,1,0,1,0
2085,1085416,13974,-15458,1484,0,3310,-4521,1212,0,0,1,0,1,0
2086,1085937,15614,-13755,-1859,0,3892,-4198,306,0,0,1,0,1,0
2087,1086458,16654,-11524,-5130,0,4325,-3714,-611,0,0,1,0,1,0
2088,1086979,17054,-8849,-8205,0,4591,-3086,-1505,0,0,1,0,1,0
2089,1087500,16799,-5835,-10964,0,4681,-2341,-2340,0,0,1,0,1,0
2090,1088020,15898,-2596,-13302,0,4591,-1505,-3086,0,0,1,0,1,0
2091,1088541,14387,742,-15129,0,4325,-611,-3714,0,0,1,0,1,0
2092,1089062,12323,4052,-16375,0,3892,306,-4198,0,0,1,0,1,0
2093,1089583,9785,7206,-16991,0,3310,1212,-4521,0,0,1,0,1,0
2094,1090104,6872,10082,-16954,0,2601,2070,-4671,0,0,1,0,1,0
2095,1090625,3695,12572,-16266,0,1791,2850,-4641,0,0,1,0,1,0
2096,1091145,375,14578,-14953,0,913,3519,-4433,0,0,1,0,1,0
2097,1091666,-2958,16024,-13066,0,0,4054,-4054,0,0,1,0,1,0
2098,1092187,-6178,16854,-10676,0,-913,4433,-3519,0,0,1,0,1,0
2099,1092708,-9160,17036,-7876,0,-1791,4641,-2850,0,0,1,0,1,0
2100,1093229,-11790,16564,-4774,0,-2601,4671,-2070,0,0,1,0,1,0
2101,1093750,-13967,15455,-1488,0,-3310,4521,-1212,0,0,1,0,1,0
2102,1094270,-15607,13752,1855,0,-3892,4198,-306,0,0,1,0,1,0
2103,1094791,-16647,11520,5127,0,-4325,3714,611,0,0,1,0,1,0
2104,1095312,-17047,8846,8201,0,-4591,3086,1505,0,0,1,0,1,0
2105,1095833,-16792,5831,10961,0,-4681,2341,2341,0,0,1,0,1,0
2106,1096354,-15892,2593,13299,0,-4591,1505,3086,0,0,1,0,1,0
2107,1096875,-14380,-745,15126,0,-4325,611,3714,0,0,1,0,1,0
2108,1097395,-12316,-4055,16371,0,-3892,-306,4198,0,0,1,0,1,0
2109,1097916,-9779,-7209,16988,0,-3310,-1212,4521,0,0,1,0,1,0
2110,1098437,-6866,-10086,16951,0,-2601,-2070,4671,0,0,1,0,1,0
2111,1098958,-3689,-12575,16263,0,-1791,-2850,4641,0,0,1,0,1,0
2112,1099479,-370,-14581,14950,0,-913,-3519,4433,0,0,1,0,1,0
2113,1100000,2964,-16027,13063,0,0,-4054,4054,0,0,1,0,1,0
2114,1100520,6183,-16857,10673,0,913,-4433,3519,0,0,1,0,1,0
2115,1101041,9165,-17039,7873,0,1791,-4641,2850,0,0,1,0,1,0
2116,1101562,11795,-16566,4771,0,2601,-4671,2070,0,0,1,0,1,0
2117,1102083,13972,-15457,1485,0,3310,-4521,1212,0,0,1,0,1,0
2118,1102604,15612,-13754,-1858,0,3892,-4198,306,0,0,1,0,1,0
2119,1103125,16652,-11523,-5129,0,4325,-3714,-611,0,0,1,0,1,0
2120,1103645,17052,-8848,-8204,0,4591,-3086,-1505,0,0,1,0,1,0
2121,1104166,16797,-5834,-10963,0,4681,-2341,-2341,0,0,1,0,1,0
2122,1104687,15897,-2595,-13301,0,4591,-1505,-3086,0,0,1,0,1,0
2123,1105208,14385,743,-15128,0,4325,-611,-3714,0,0,1,0,1,0
2124,1105729,12321,4053,-16374,0,3892,306,-4198,0,0,1,0,1,0
2125,1106250,9784,7206,-16990,0,3310,1212,-4521,0,0,1,0,1,0
2126,1106770,6870,10083,-16954,0,2601,2070,-4671,0,0,1,0,1,0
2127,1107291,3693,12573,-16266,0,1791,2850,-4641,0,0,1,0,1,0
2128,1107812,374,14579,-14953,0,913,3519,-4433,0,0,1,0,1,0
2129,1108333,-2960,16025,-13065,0,0,4054,-4054,0,0,1,0,1,0
2130,1108854,-6179,16855,-10675,0,-913,4433,-3519,0,0,1,0,1,0
2131,1109375,-9161,17037,-7876,0,-1791,4641,-2850,0,0,1,0,1,0
2132,1109895,-11791,16564,-4773,0,-2601,4671,-2070,0,0,1,0,1,0
2133,1110416,-13968,15455,-1487,0,-3310,4521,-1212,0,0,1,0,1,0
2134,1110937,-15608,13752,1856,0,-3892,4198,-306,0,0,1,0,1,0
2135,1111458,-16648,11521,5127,0,-4325,3714,611,0,0,1,0,1,0
2136,1111979,-17048,8846,8202,0,-4591,3086,1505,0,0,1,0,1,0
2137,1112500,-16793,5832,10961,0,-4681,2341,2340,0,0,1,0,1,0
2138,1113020,-15893,2594,13299,0,-4591,1505,3086,0,0,1,0,1,0
2139,1113541,-14382,-745,15126,0,-4325,611,3714,0,0,1,0,1,0
2140,1114062,-12318,-4054,16372,0,-3892,-306,4198,0,0,1,0,1,0
2141,1114583,-9780,-7208,16988,0,-3310,-1212,4521,0,0,1,0,1,0
2142,1115104,-6867,-10085,16952,0,-2601,-2070,4671,0,0,1,0,1,0
2143,1115625,-3690,-12574,16264,0,-1791,-2850,4641,0,0,1,0,1,0
2144,1116145,-371,-14580,14951,0,-913,-3519,4433,0,0,1,0,1,0
2145,1116666,2963,-16026,13063,0,0,-4054,4054,0,0,1,0,1,0
2146,1117187,6182,-16856,10674,0,913,-4433,3519,0,0,1,0,1,0
2147,1117708,9164,-17038,7874,0,1791,-4641,2850,0,0,1,0,1,0
2148,1118229,11794,-16566,4772,0,2601,-4671,2070,0,0,1,0,1,0
2149,1118750,13971,-15457,1486,0,3310,-4521,1212,0,0,1,0,1,0
2150,1119270,15611,-13754,-1857,0,3892,-4198,306,0,0,1,0,1,0
2151,1119791,16651,-11522,-5129,0,4325,-3714,-611,0,0,1,0,1,0
2152,1120312,17051,-8848,-8203,0,4591,-3086,-1505,0,0,1,0,1,0
2153,1120833,16796,-5833,-10963,0,4681,-2341,-2340,0,0,1,0,1,0
2154,1121354,15896,-2595,-13301,0,4591,-1505,-3086,0,0,1,0,1,0
2155,1121875,14384,743,-15128,0,4325,-611,-3714,0,0,1,0,1,0
2156,1122395,12320,4053,-16373,0,3892,306,-4198,0,0,1,0,1,0
2157,1122916,9783,7207,-16990,0,3310,1212,-4521,0,0,1,0,1,0
2158,1123437,6869,10084,-16953,0,2601,2070,-4671,0,0,1,0,1,0
2159,1123958,3692,12573,-16265,0,1791,2850,-4641,0,0,1,0,1,0
2160,1124479,373,14579,-14952,0,913,3519,-4433,0,0,1,0,1,0
2161,1125000,-2960,16025,-13065,0,0,4054,-4054,0,0,1,0,1,0
2162,1125520,-6180,16855,-10675,0,-913,4433,-3519,0,0,1,0,1,0
2163,1126041,-9162,17037,-7875,0,-1791,4641,-2850,0,0,1,0,1,0
2164,1126562,-11792,16565,-4773,0,-2601,4671,-2070,0,0,1,0,1,0
2165,1127083,-13969,15456,-1487,0,-3310,4521,-1212,0,0,1,0,1,0
2166,1127604,-15609,13753,1856,0,-3892,4198,-306,0,0,1,0,1,0
2167,1128125,-16649,11521,5128,0,-4325,3714,611,0,0,1,0,1,0
2168,1128645,-17049,8847,8202,0,-4591,3086,1505,0,0,1,0,1,0
2169,1129166,-16794,5832,10962,0,-4681,2341,2340,0,0,1,0,1,0
2170,1129687,-15894,2594,13300,0,-4591,1505,3086,0,0,1,0,1,0
2171,1130208,-14382,-744,15127,0,-4325,611,3714,0,0,1,0,1,0
2172,1130729,-12318,-4054,16372,0,-3892,-306,4198,0,0,1,0,1,0
2173,1131250,-9781,-7208,16989,0,-3310,-1212,4521,0,0,1,0,1,0
2174,1131770,-6868,-10085,16952,0,-2601,-2070,4671,0,0,1,0,1,0
2175,1132291,-3690,-12574,16264,0,-1791,-2850,4641,0,0,1,0,1,0
2176,1132812,-371,-14580,14951,0,-913,-3519,4433,0,0,1,0,1,0
2177,1133333,2962,-16026,13064,0,0,-4054,4054,0,0,1,0,1,0
2178,1133854,6182,-16856,10674,0,913,-4433,3519,0,0,1,0,1,0
2179,1134375,9164,-17038,7874,0,1791,-4641,2850,0,0,1,0,1,0
2180,1134895,11794,-16566,4772,0,2601,-4671,2070,0,0,1,0,1,0
2181,1135416,13970,-15457,1486,0,3310,-4521,1212,0,0,1,0,1,0
2182,1135937,15610,-13753,-1857,0,3892,-4198,306,0,0,1,0,1,0
2183,1136458,16650,-11522,-5129,0,4325,-3714,-611,0,0,1,0,1,0
2184,1136979,17051,-8847,-8203,0,4591,-3086,-1505,0,0,1,0,1,0
2185,1137500,16796,-5833,-10962,0,4681,-2341,-2340,0,0,1,0,1,0
2186,1138020,15895,-2595,-13300,0,4591,-1505,-3086,0,0,1,0,1,0
2187,1138541,14384,744,-15127,0,4325,-611,-3714,0,0,1,0,1,0
2188,1139062,12320,4053,-16373,0,3892,306,-4198,0,0,1,0,1,0
2189,1139583,9782,7207,-16989,0,3310,1212,-4521,0,0,1,0,1,0
2190,1140104,6869,10084,-16953,0,2601,2070,-4671,0,0,1,0,1,0
2191,1140625,3692,12573,-16265,0,1791,2850,-4641,0,0,1,0,1,0
2192,1141145,373,14579,-14952,0,913,3519,-4433,0,0,1,0,1,0
2193,1141666,-2961,16025,-13064,0,0,4054,-4054,0,0,1,0,1,0
2194,1142187,-6181,16855,-10675,0,-913,4433,-3519,0,0,1,0,1,0
2195,1142708,-9163,17038,-7875,0,-1791,4641,-2850,0,0,1,0,1,0
2196,1143229,-11793,16565,-4772,0,-2601,4671,-2070,0,0,1,0,1,0
2197,1143750,-13969,15456,-1487,0,-3310,4521,-1212,0,0,1,0,1,0
2198,1144270,-15609,13753,1856,0,-3892,4198,-306,0,0,1,0,1,0
2199,1144791,-16649,11521,5128,0,-4325,3714,611,0,0,1,0,1,0
2200,1145312,-17050,8847,8203,0,-4591,3086,1505,0,0,1,0,1,0
2201,1145833,-16794,5833,10962,0,-4681,2341,2340,0,0,1,0,1,0
2202,1146354,-15894,2594,13300,0,-4591,1505,3086,0,0,1,0,1,0
2203,1146875,-14383,-744,15127,0,-4325,611,3714,0,0,1,0,1,0
2204,1147395,-12319,-4054,16372,0,-3892,-306,4198,0,0,1,0,1,0
2205,1147916,-9781,-7208,16989,0,-3310,-1212,4521,0,0,1,0,1,0
2206,1148437,-6868,-10084,16952,0,-2601,-2070,4671,0,0,1,0,1,0
2207,1148958,-3691,-12574,16265,0,-1791,-2850,4641,0,0,1,0,1,0
2208,1149479,-372,-14580,14952,0,-913,-3519,4433,0,0,1,0,1,0
2209,1150000,2962,-16026,13064,0,0,-4054,4054,0,0,1,0,1,0
2210,1150520,6181,-16856,10674,0,913,-4433,3519,0,0,1,0,1,0
2211,1151041,9163,-17038,7874,0,1791,-4641,2850,0,0,1,0,1,0
2212,1151562,11793,-16565,4772,0,2601,-4671,2070,0,0,1,0,1,0
2213,1152083,13970,-15456,1486,0,3310,-4521,1212,0,0,1,0,1,0
2214,1152604,15610,-13753,-1857,0,3892,-4198,306,0,0,1,0,1,0
2215,1153125,16650,-11522,-5128,0,4325,-3714,-611,0,0,1,0,1,0
2216,1153645,17050,-8847,-8203,0,4591,-3086,-1505,0,0,1,0,1,0
2217,1154166,16795,-5833,-10962,0,4681,-2341,-2340,0,0,1,0,1,0
2218,1154687,15895,-2594,-13300,0,4591,-1505,-3086,0,0,1,0,1,0
2219,1155208,14384,744,-15127,0,4325,-611,-3714,0,0,1,0,1,0
2220,1155729,12320,4053,-16373,0,3892,306,-4198,0,0,1,0,1,0
2221,1156250,9782,7207,-16989,0,3310,1212,-4521,0,0,1,0,1,0
2222,1156770,6869,10084,-16953,0,2601,2070,-4671,0,0,1,0,1,0
2223,1157291,3691,12573,-16265,0,1791,2850,-4641,0,0,1,0,1,0
2224,1157812,372,14580,-14952,0,913,3519,-4433,0,0,1,0,1,0
2225,1158333,-2961,16025,-13064,0,0,4054,-4054,0,0,1,0,1,0
2226,1158854,-6181,16855,-10675,0,-913,4433,-3519,0,0,1,0,1,0
2227,1159375,-9163,17038,-7875,0,-1791,4641,-2850,0,0,1,0,1,0
2228,1159895,-11793,16565,-4772,0,-2601,4671,-2070,0,0,1,0,1,0
2229,1160416,-13970,15456,-1486,0,-3310,4521,-1212,0,0,1,0,1,0
2230,1160937,-15609,13753,1856,0,-3892,4198,-306,0,0,1,0,1,0
2231,1161458,-16650,11521,5128,0,-4325,3714,611,0,0,1,0,1,0
2232,1161979,-17050,8847,8203,0,-4591,3086,1505,0,0,1,0,1,0
2233,1162500,-16795,5833,10962,0,-4681,2341,2340,0,0,1,0,1,0
2234,1163020,-15894,2594,13300,0,-4591,1505,3086,0,0,1,0,1,0
2235,1163541,-14383,-744,15127,0,-4325,611,3714,0,0,1,0,1,0
2236,1164062,-12319,-4054,16373,0,-3892,-306,4198,0,0,1,0,1,0
2237,1164583,-9782,-7207,16989,0,-3310,-1212,4521,0,0,1,0,1,0
2238,1165104,-6868,-10084,16953,0,-2601,-2070,4671,0,0,1,0,1,0
2239,1165625,-3691,-12574,16265,0,-1791,-2850,4641,0,0,1,0,1,0
2240,1166145,-372,-14580,14952,0,-913,-3519,4433,0,0,1,0,1,0
2241,1166666,2962,-16026,13064,0,0,-4054,4054,0,0,1,0,1,0
2242,1167187,6181,-16856,10674,0,913,-4433,3519,0,0,1,0,1,0
2243,1167708,9163,-17038,7875,0,1791,-4641,2850,0,0,1,0,1,0
2244,1168229,11793,-16565,4772,0,2601,-4671,2070,0,0,1,0,1,0
2245,1168750,13970,-15456,1486,0,3310,-4521,1212,0,0,1,0,1,0
2246,1169270,15610,-13753,-1857,0,3892,-4198,306,0,0,1,0,1,0
2247,1169791,16650,-11522,-5128,0,4325,-3714,-611,0,0,1,0,1,0
2248,1170312,17050,-8847,-8203,0,4591,-3086,-1505,0,0,1,0,1,0
2249,1170833,16795,-5833,-10962,0,4681,-2341,-2340,0,0,1,0,1,0
2250,1171354,15895,-2594,-13300,0,4591,-1505,-3086,0,0,1,0,1,0
2251,1171875,14383,744,-15127,0,4325,-611,-3714,0,0,1,0,1,0
2252,1172395,12319,4053,-16373,0,3892,306,-4198,0,0,1,0,1,0
2253,1172916,9782,7207,-16989,0,3310,1212,-4521,0,0,1,0,1,0
2254,1173437,6869,10084,-16953,0,2601,2070,-4671,0,0,1,0,1,0
2255,1173958,3691,12573,-16265,0,1791,2850,-4641,0,0,1,0,1,0
2256,1174479,372,14580,-14952,0,913,3519,-4433,0,0,1,0,1,0
2257,1175000,-2961,16025,-13064,0,0,4054,-4054,0,0,1,0,1,0
2258,1175520,-6181,16855,-10675,0,-913,4433,-3519,0,0,1,0,1,0
2259,1176041,-9163,17038,-7875,0,-1791,4641,-2850,0,0,1,0,1,0
2260,1176562,-11793,16565,-4772,0,-2601,4671,-2070,0,0,1,0,1,0
2261,1177083,-13970,15456,-1486,0,-3310,4521,-1212,0,0,1,0,1,0
2262,1177604,-15610,13753,1857,0,-3892,4198,-306,0,0,1,0,1,0
2263,1178125,-16650,11521,5128,0,-4325,3714,611,0,0,1,0,1,0
2264,1178645,-17050,8847,8203,0,-4591,3086,1505,0,0,1,0,1,0
2265,1179166,-16795,5833,10962,0,-4681,2341,2340,0,0,1,0,1,0
2266,1179687,-15894,2594,13300,0,-4591,1505,3086,0,0,1,0,1,0
2267,1180208,-14383,-744,15127,0,-4325,611,3714,0,0,1,0,1,0
2268,1180729,-12319,-4054,16373,0,-3892,-306,4198,0,0,1,0,1,0
2269,1181250,-9782,-7207,16989,0,-3310,-1212,4521,0,0,1,0,1,0
2270,1181770,-6868,-10084,16953,0,-2601,-2070,4671,0,0,1,0,1,0
2271,1182291,-3691,-12574,16265,0,-1791,-2850,4641,0,0,1,0,1,0
2272,1182812,-372,-14580,14952,0,-913,-3519,4433,0,0,1,0,1,0
2273,1183333,2962,-16026,13064,0,0,-4054,4054,0,0,1,0,1,0
2274,1183854,6181,-16856,10674,0,913,-4433,3519,0,0,1,0,1,0
2275,1184375,9163,-17038,7875,0,1791,-4641,2850,0,0,1,0,1,0
2276,1184895,11793,-16565,4772,0,2601,-4671,2070,0,0,1,0,1,0
2277,1185416,13970,-15456,1486,0,3310,-4521,1212,0,0,1,0,1,0
2278,1185937,15610,-13753,-1857,0,3892,-4198,306,0,0,1,0,1,0
2279,1186458,16650,-11522,-5128,0,4325,-3714,-611,0,0,1,0,1,0
2280,1186979,17050,-8847,-8203,0,4591,-3086,-1505,0,0,1,0,1,0
2281,1187500,16795,-5833,-10962,0,4681,-2341,-2340,0,0,1,0,1,0
2282,1188020,15895,-2594,-13300,0,4591,-1505,-3086,0,0,1,0,1,0
2283,1188541,14383,744,-15127,0,4325,-611,-3714,0,0,1,0,1,0
2284,1189062,12319,4053,-16373,0,3892,306,-4198,0,0,1,0,1,0
2285,1189583,9782,7207,-16989,0,3310,1212,-4521,0,0,1,0,1,0
2286,1190104,6869,10084,-16953,0,2601,2070,-4671,0,0,1,0,1,0
2287,1190625,3691,12573,-16265,0,1791,2850,-4641,0,0,1,0,1,0
2288,1191145,372,14580,-14952,0,913,3519,-4433,0,0,1,0,1,0
2289,1191666,-2961,16025,-13064,0,0,4054,-4054,0,0,1,0,1,0
2290,1192187,-6181,16855,-10675,0,-913,4433,-3519,0,0,1,0,1,0
2291,1192708,-9163,17038,-7875,0,-1791,4641,-2850,0,0,1,0,1,0
2292,1193229,-11793,16565,-4772,0,-2601,4671,-2070,0,0,1,0,1,0
2293,1193750,-13970,15456,-1486,0,-3310,4521,-1212,0,0,1,0,1,0
2294,1194270,-15610,13753,1857,0,-3892,4198,-306,0,0,1,0,1,0
2295,1194791,-16650,11521,5128,0,-4325,3714,611,0,0,1,0,1,0
2296,1195312,-17050,8847,8203,0,-4591,3086,1505,0,0,1,0,1,0
2297,1195833,-16795,5833,10962,0,-4681,2341,2340,0,0,1,0,1,0
2298,1196354,-15894,2594,13300,0,-4591,1505,3086,0,0,1,0,1,0
2299,1196875,-14383,-744,15127,0,-4325,611,3714,0,0,1,0,1,0
2300,1197395,-12319,-4054,16373,0,-3892,-306,4198,0,0,1,0,1,0
2301,1197916,-9782,-7207,16989,0,-3310,-1212,4521,0,0,1,0,1,0
2302,1198437,-6868,-10084,16953,0,-2601,-2070,4671,0,0,1,0,1,0
2303,1198958,-3691,-12574,16265,0,-1791,-2850,4641,0,0,1,0,1,0
2304,1199479,-372,-14580,14952,0,-913,-3519,4433,0,0,1,0,1,0
2305,1200000,2961,-16026,13064,0,0,-4054,4054,0,0,1,0,1,0
2306,1200520,6181,-16856,10674,0,913,-4433,3519,0,0,1,0,1,0
2307,1201041,9163,-17038,7875,0,1791,-4641,2850,0,0,1,0,1,0
2308,1201562,11793,-16565,4772,0,2601,-4671,2070,0,0,1,0,1,0
2309,1202083,13970,-15456,1486,0,3310,-4521,1212,0,0,1,0,1,0
2310,1202604,15610,-13753,-1857,0,3892,-4198,306,0,0,1,0,1,0
2311,1203125,16650,-11522,-5128,0,4325,-3714,-611,0,0,1,0,1,0
2312,1203645,17050,-8847,-8203,0,4591,-3086,-1505,0,0,1,0,1,0
2313,1204166,16795,-5833,-10962,0,4681,-2341,-2340,0,0,1,0,1,0
2314,1204687,15895,-2594,-13300,0,4591,-1505,-3086,0,0,1,0,1,0
2315,1205208,14383,744,-15127,0,4325,-611,-3714,0,0,1,0,1,0
2316,1205729,12319,4053,-16373,0,3892,306,-4198,0,0,1,0,1,0
2317,1206250,9782,7207,-16989,0,3310,1212,-4521,0,0,1,0,1,0
2318,1206770,6868,10084,-16953,0,2601,2070,-4671,0,0,1,0,1,0
2319,1207291,3691,12574,-16265,0,1791,2850,-4641,0,0,1,0,1,0
2320,1207812,372,14580,-14952,0,913,3519,-4433,0,0,1,0,1,0
2321,1208333,-2961,16026,-13064,0,0,4054,-4054,0,0,1,0,1,0
2322,1208854,-6181,16856,-10675,0,-913,4433,-3519,0,0,1,0,1,0
2323,1209375,-9163,17038,-7875,0,-1791,4641,-2850,0,0,1,0,1,0
2324,1209895,-11793,16565,-4772,0,-2601,4671,-2070,0,0,1,0,1,0
2325,1210416,-13970,15456,-1486,0,-3310,4521,-1212,0,0,1,0,1,0
2326,1210937,-15610,13753,1857,0,-3892,4198,-306,0,0,1,0,1,0
2327,1211458,-16650,11522,5128,0,-4325,3714,611,0,0,1,0,1,0
2328,1211979,-17050,8847,8203,0,-4591,3086,1505,0,0,1,0,1,0
2329,1212500,-16795,5833,10962,0,-4681,2341,2340,0,0,1,0,1,0
2330,1213020,-15894,2594,13300,0,-4591,1505,3086,0,0,1,0,1,0
2331,1213541,-14383,-744,15127,0,-4325,611,3714,0,0,1,0,1,0
2332,1214062,-12319,-4054,16373,0,-3892,-306,4198,0,0,1,0,1,0
2333,1214583,-9782,-7207,16989,0,-3310,-1212,4521,0,0,1,0,1,0
2334,1215104,-6868,-10084,16953,0,-2601,-2070,4671,0,0,1,0,1,0
2335,1215625,-3691,-12574,16265,0,-1791,-2850,4641,0,0,1,0,1,0
2336,1216145,-372,-14580,14952,0,-913,-3519,4433,0,0,1,0,1,0
2337,1216666,2961,-16026,13064,0,0,-4054,4054,0,0,1,0,1,0
2338,1217187,6181,-16856,10674,0,913,-4433,3519,0,0,1,0,1,0
2339,1217708,9163,-17038,7875,0,1791,-4641,2850,0,0,1,0,1,0
2340,1218229,11793,-16565,4772,0,2601,-4671,2070,0,0,1,0,1,0
2341,1218750,13970,-15456,1486,0,3310,-4521,1212,0,0,1,0,1,0
2342,1219270,15610,-13753,-1857,0,3892,-4198,306,0,0,1,0,1,0
2343,1219791,16650,-11522,-5128,0,4325,-3714,-611,0,0,1,0,1,0
2344,1220312,17050,-8847,-8203,0,4591,-3086,-1505,0,0,1,0,1,0
2345,1220833,16795,-5833,-10962,0,4681,-2340,-2341,0,0,1,0,1,0
2346,1221354,15894,-2594,-13300,0,4591,-1505,-3086,0,0,1,0,1,0
2347,1221875,14383,744,-15127,0,4325,-611,-3714,0,0,1,0,1,0
2348,1222395,12319,4053,-16373,0,3892,306,-4198,0,0,1,0,1,0
2349,1222916,9782,7207,-16989,0,3310,1212,-4521,0,0,1,0,1,0
2350,1223437,6868,10084,-16953,0,2601,2070,-4671,0,0,1,0,1,0
2351,1223958,3691,12574,-16265,0,1791,2850,-4641,0,0,1,0,1,0
2352,1224479,372,14580,-14952,0,913,3519,-4433,0,0,1,0,1,0
2353,1225000,-2961,16026,-13064,0,0,4054,-4054,0,0,1,0,1,0
2354,1225520,-6181,16856,-10675,0,-913,4433,-3519,0,0,1,0,1,0
2355,1226041,-9163,17038,-7875,0,-1791,4641,-2850,0,0,1,0,1,0
2356,1226562,-11793,16565,-4772,0,-2601,4671,-2070,0,0,1,0,1,0
2357,1227083,-13970,15456,-1486,0,-3310,4521,-1212,0,0,1,0,1,0
2358,1227604,-15610,13753,1857,0,-3892,4198,-306,0,0,1,0,1,0
2359,1228125,-16650,11522,5128,0,-4325,3714,611,0,0,1,0,1,0
2360,1228645,-17050,8847,8203,0,-4591,3086,1505,0,0,1,0,1,0
2361,1229166,-16795,5833,10962,0,-4681,2341,2341,0,0,1,0,1,0
2362,1229687,-15894,2594,13300,0,-4591,1505,3086,0,0,1,0,1,0
2363,1230208,-14383,-744,15127,0,-4325,611,3714,0,0,1,0,1,0
2364,1230729,-12319,-4054,16373,0,-3892,-306,4198,0,0,1,0,1,0
2365,1231250,-9782,-7207,16989,0,-3310,-1212,4521,0,0,1,0,1,0
2366,1231770,-6868,-10084,16953,0,-2601,-2070,4671,0,0,1,0,1,0
2367,1232291,-3691,-12574,16265,0,-1791,-2850,4641,0,0,1,0,1,0
2368,1232812,-372,-14580,14952,0,-913,-3519,4433,0,0,1,0,1,0
2369,1233333,2961,-16026,13064,0,0,-4054,4054,0,0,1,0,1,0
2370,1233854,6181,-16856,10674,0,913,-4433,3519,0,0,1,0,1,0
2371,1234375,9163,-17038,7875,0,1791,-4641,2850,0,0,1,0,1,0
2372,1234895,11793,-16565,4772,0,2601,-4671,2070,0,0,1,0,1,0
2373,1235416,13970,-15456,1486,0,3310,-4521,1212,0,0,1,0,1,0
2374,1235937,15610,-13753,-1857,0,3892,-4198,306,0,0,1,0,1,0
2375,1236458,16650,-11522,-5128,0,4325,-3714,-611,0,0,1,0,1,0
2376,1236979,17050,-8847,-8203,0,4591,-3086,-1505,0,0,1,0,1,0
2377,1237500,16795,-5833,-10962,0,4681,-2341,-2341,0,0,1,0,1,0
2378,1238020,15894,-2594,-13300,0,4591,-1505,-3086,0,0,1,0,1,0
2379,1238541,14383,744,-15127,0,4325,-611,-3714,0,0,1,0,1,0
2380,1239062,12319,4053,-16373,0,3892,306,-4198,0,0,1,0,1,0
2381,1239583,9782,7207,-16989,0,3310,1212,-4521,0,0,1,0,1,0
2382,1240104,6868,10084,-16953,0,2601,2070,-4671,0,0,1,0,1,0
2383,1240625,3691,12574,-16265,0,1791,2850,-4641,0,0,1,0,1,0
2384,1241145,372,14580,-14952,0,913,3519,-4433,0,0,1,0,1,0
2385,1241666,-2961,16026,-13064,0,0,4054,-4054,0,0,1,0,1,0
2386,1242187,-6181,16856,-10675,0,-913,4433,-3519,0,0,1,0,1,0
2387,1242708,-9163,17038,-7875,0,-1791,4641,-2850,0,0,1,0,1,0
2388,1243229,-11793,16565,-4772,0,-2601,4671,-2070,0,0,1,0,1,0
2389,1243750,-13970,15456,-1486,0,-3310,4521,-1212,0,0,1,0,1,0
2390,1244270,-15610,13753,1857,0,-3892,4198,-306,0,0,1,0,1,0
2391,1244791,-16650,11522,5128,0,-4325,3714,611,0,0,1,0,1,0
2392,1245312,-17050,8847,8203,0,-4591,3086,1505,0,0,1,0,1,0
2393,1245833,-16795,5833,10962,0,-4681,2341,2340,0,0,1,0,1,0
2394,1246354,-15894,2594,13300,0,-4591,1505,3086,0,0,1,0,1,0
2395,1246875,-14383,-744,15127,0,-4325,611,3714,0,0,1,0,1,0
2396,1247395,-12319,-4054,16373,0,-3892,-306,4198,0,0,1,0,1,0
2397,1247916,-9782,-7207,16989,0,-3310,-1212,4521,0,0,1,0,1,0
2398,1248437,-6868,-10084,16953,0,-2601,-2070,4671,0,0,1,0,1,0
2399,1248958,-3691,-12574,16265,0,-1791,-2850,4641,0,0,1,0,1,0
2400,1249479,-372,-14580,14952,0,-913,-3519,4433,0,0,1,0,1,0
2401,1250000,2961,-16026,13064,0,0,-4054,4054,0,0,1,0,1,0
2402,1250520,6181,-16856,10675,0,913,-4433,3519,0,0,1,0,1,0
2403,1251041,9163,-17038,7875,0,1791,-4641,2850,0,0,1,0,1,0
2404,1251562,11793,-16565,4772,0,2601,-4671,2070,0,0,1,0,1,0
2405,1252083,13970,-15456,1486,0,3310,-4521,1212,0,0,1,0,1,0
2406,1252604,15610,-13753,-1857,0,3892,-4198,306,0,0,1,0,1,0
2407,1253125,16650,-11522,-5128,0,4325,-3714,-611,0,0,1,0,1,0
2408,1253645,17050,-8847,-8203,0,4591,-3086,-1505,0,0,1,0,1,0
2409,1254166,16795,-5833,-10962,0,4681,-2341,-2340,0,0,1,0,1,0
2410,1254687,15894,-2594,-13300,0,4591,-1505,-3086,0,0,1,0,1,0
2411,1255208,14383,744,-15127,0,4325,-611,-3714,0,0,1,0,1,0
2412,1255729,12319,4053,-16373,0,3892,306,-4198,0,0,1,0,1,0
2413,1256250,9782,7207,-16989,0,3310,1212,-4521,0,0,1,0,1,0
2414,1256770,6868,10084,-16953,0,2601,2070,-4671,0,0,1,0,1,0
2415,1257291,3691,12574,-16265,0,1791,2850,-4641,0,0,1,0,1,0
2416,1257812,372,14580,-14952,0,913,3519,-4433,0,0,1,0,1,0
2417,1258333,-2961,16026,-13064,0,0,4054,-4054,0,0,1,0,1,0
2418,1258854,-6181,16856,-10675,0,-913,4433,-3519,0,0,1,0,1,0
2419,1259375,-9163,17038,-7875,0,-1791,4641,-2850,0,0,1,0,1,0
2420,1259895,-11793,16565,-4772,0,-2601,4671,-2070,0,0,1,0,1,0
2421,1260416,-13970,15456,-1486,0,-3310,4521,-1212,0,0,1,0,1,0
2422,1260937,-15610,13753,1857,0,-3892,4198,-306,0,0,1,0,1,0
2423,1261458,-16650,11522,5128,0,-4325,3714,611,0,0,1,0,1,0
2424,1261979,-17050,8847,8203,0,-4591,3086,1505,0,0,1,0,1,0
2425,1262500,-16795,5833,10962,0,-4681,2341,2340,0,0,1,0,1,0
2426,1263020,-15894,2594,13300,0,-4591,1505,3086,0,0,1,0,1,0
2427,1263541,-14383,-744,15127,0,-4325,611,3714,0,0,1,0,1,0
2428,1264062,-12319,-4054,16373,0,-3892,-306,4198,0,0,1,0,1,0
2429,1264583,-9782,-7207,16989,0,-3310,-1212,4521,0,0,1,0,1,0
2430,1265104,-6868,-10084,16953,0,-2601,-2070,4671,0,0,1,0,1,0
2431,1265625,-3691,-12574,16265,0,-1791,-2850,4641,0,0,1,0,1,0
2432,1266145,-372,-14580,14952,0,-913,-3519,4433,0,0,1,0,1,0
2433,1266666,2961,-16026,13064,0,0,-4054,4054,0,0,1,0,1,0
2434,1267187,6181,-16856,10675,0,913,-4433,3519,0,0,1,0,1,0
2435,1267708,9163,-17038,7875,0,1791,-4641,2850,0,0,1,0,1,0
2436,1268229,11793,-16565,4772,0,2601,-4671,2070,0,0,1,0,1,0
2437,1268750,13970,-15456,1486,0,3310,-4521,1212,0,0,1,0,1,0
2438,1269270,15610,-13753,-1857,0,3892,-4198,306,0,0,1,0,1,0
2439,1269791,16650,-11522,-5128,0,4325,-3714,-611,0,0,1,0,1,0
2440,1270312,17050,-8847,-8203,0,4591,-3086,-1505,0,0,1,0,1,0
2441,1270833,16795,-5833,-10962,0,4681,-2341,-2340,0,0,1,0,1,0
2442,1271354,15894,-2594,-13300,0,4591,-1505,-3086,0,0,1,0,1,0
2443,1271875,14383,744,-15127,0,4325,-611,-3714,0,0,1,0,1,0
2444,1272395,12319,4053,-16373,0,3892,306,-4198,0,0,1,0,1,0
2445,1272916,9782,7207,-16989,0,3310,1212,-4521,0,0,1,0,1,0
2446,1273437,6868,10084,-16953,0,2601,2070,-4671,0,0,1,0,1,0
2447,1273958,3691,12574,-16265,0,1791,2850,-4641,0,0,1,0,1,0
2448,1274479,372,14580,-14952,0,913,3519,-4433,0,0,1,0,1,0
2449,1275000,-2961,16026,-13064,0,0,4054,-4054,0,0,1,0,1,0
2450,1275520,-6181,16856,-10675,0,-913,4433,-3519,0,0,1,0,1,0
2451,1276041,-9163,17038,-7875,0,-1791,4641,-2850,0,0,1,0,1,0
2452,1276562,-11793,16565,-4772,0,-2601,4671,-2070,0,0,1,0,1,0
2453,1277083,-13970,15456,-1486,0,-3310,4521,-1212,0,0,1,0,1,0
2454,1277604,-15610,13753,1857,0,-3892,4198,-306,0,0,1,0,1,0
2455,1278125,-16650,11522,5128,0,-4325,3714,611,0,0,1,0,1,0
2456,1278645,-17050,8847,8203,0,-4591,3086,1505,0,0,1,0,1,0
2457,1279166,-16795,5833,10962,0,-4681,2341,2340,0,0,1,0,1,0
2458,1279687,-15894,2594,13300,0,-4591,1505,3086,0,0,1,0,1,0
2459,1280208,-14383,-744,15127,0,-4325,611,3714,0,0,1,0,1,0
2460,1280729,-12319,-4053,16373,0,-3892,-306,4198,0,0,1,0,1,0
2461,1281250,-9782,-7207,16989,0,-3310,-1212,4521,0,0,1,0,1,0
2462,1281770,-6868,-10084,16953,0,-2601,-2070,4671,0,0,1,0,1,0
2463,1282291,-3691,-12574,16265,0,-1791,-2850,4641,0,0,1,0,1,0
2464,1282812,-372,-14580,14952,0,-913,-3519,4433,0,0,1,0,1,0
2465,1283333,2961,-16026,13064,0,0,-4054,4054,0,0,1,0,1,0
2466,1283854,6181,-16856,10675,0,913,-4433,3519,0,0,1,0,1,0
2467,1284375,9163,-17038,7875,0,1791,-4641,2850,0,0,1,0,1,0
2468,1284895,11793,-16565,4772,0,2601,-4671,2070,0,0,1,0,1,0
2469,1285416,13970,-15456,1486,0,3310,-4521,1212,0,0,1,0,1,0
2470,1285937,15610,-13753,-1857,0,3892,-4198,306,0,0,1,0,1,0
2471,1286458,0,0,0,0,0,0,0,1,0,0,0,0,1
2472,1286979,0,0,0,0,0,0,0,1,0,0,0,0,1
2473,1287500,0,0,0,0,0,0,0,1,0,0,0,0,1
2474,1288020,0,0,0,0,0,0,0,1,0,0,0,0,1
2475,1288541,0,0,0,0,0,0,0,1,0,0,0,0,1
2476,1289062,0,0,0,0,0,0,0,1,0,0,0,0,1
2477,1289583,0,0,0,0,0,0,0,1,0,0,0,0,1
2478,1290104,0,0,0,0,0,0,0,1,0,0,0,0,1
2479,1290625,0,0,0,0,0,0,0,1,0,0,0,0,1
2480,1291145,0,0,0,0,0,0,0,1,0,0,0,0,1
2481,1291666,0,0,0,0,0,0,0,1,0,0,0,0,1
2482,1292187,0,0,0,0,0,0,0,1,0,0,0,0,1
2483,1292708,0,0,0,0,0,0,0,1,0,0,0,0,1
2484,1293229,0,0,0,0,0,0,0,1,0,0,0,0,1
2485,1293750,0,0,0,0,0,0,0,1,0,0,0,0,1
2486,1294270,0,0,0,0,0,0,0,1,0,0,0,0,1
2487,1294791,0,0,0,0,0,0,0,1,0,0,0,0,1
2488,1295312,0,0,0,0,0,0,0,1,0,0,0,0,1
2489,1295833,0,0,0,0,0,0,0,1,0,0,0,0,1
2490,1296354,0,0,0,0,0,0,0,1,0,0,0,0,1
2491,1296875,0,0,0,0,0,0,0,1,0,0,0,0,1
2492,1297395,0,0,0,0,0,0,0,1,0,0,0,0,1
2493,1297916,0,0,0,0,0,0,0,1,0,0,0,0,1
2494,1298437,0,0,0,0,0,0,0,1,0,0,0,0,1
2495,1298958,0,0,0,0,0,0,0,1,0,0,0,0,1
2496,1299479,0,0,0,0,0,0,0,1,0,0,0,0,1
2497,1300000,0,0,0,0,0,0,0,1,0,0,0,0,1
2498,1300520,0,0,0,0,0,0,0,1,0,0,0,0,1
2499,1301041,0,0,0,0,0,0,0,1,0,0,0,0,1
2500,1301562,0,0,0,0,0,0,0,1,0,0,0,0,1
2501,1302083,0,0,0,0,0,0,0,1,0,0,0,0,1
2502,1302604,0,0,0,0,0,0,0,1,0,0,0,0,1
2503,1303125,0,0,0,0,0,0,0,1,0,0,0,0,1
2504,1303645,0,0,0,0,0,0,0,1,0,0,0,0,1
2505,1304166,0,0,0,0,0,0,0,1,0,0,0,0,1
2506,1304687,0,0,0,0,0,0,0,1,0,0,0,0,1
2507,1305208,0,0,0,0,0,0,0,1,0,0,0,0,1
2508,1305729,0,0,0,0,0,0,0,1,0,0,0,0,1
2509,1306250,0,0,0,0,0,0,0,1,0,0,0,0,1
2510,1306770,0,0,0,0,0,0,0,1,0,0,0,0,1
2511,1307291,0,0,0,0,0,0,0,1,0,0,0,0,1
2512,1307812,0,0,0,0,0,0,0,1,0,0,0,0,1
2513,1308333,0,0,0,0,0,0,0,1,0,0,0,0,1
2514,1308854,0,0,0,0,0,0,0,1,0,0,0,0,1
2515,1309375,0,0,0,0,0,0,0,1,0,0,0,0,1
2516,1309895,0,0,0,0,0,0,0,1,0,0,0,0,1
2517,1310416,0,0,0,0,0,0,0,1,0,0,0,0,1
2518,1310937,0,0,0,0,0,0,0,1,0,0,0,0,1
2519,1311458,0,0,0,0,0,0,0,1,0,0,0,0,1
2520,1311979,0,0,0,0,0,0,0,1,0,0,0,0,1
2521,1312500,0,0,0,0,0,0,0,1,0,0,0,0,1
2522,1313020,0,0,0,0,0,0,0,1,0,0,0,0,1
2523,1313541,0,0,0,0,0,0,0,1,0,0,0,0,1
2524,1314062,0,0,0,0,0,0,0,1,0,0,0,0,1
2525,1314583,0,0,0,0,0,0,0,1,0,0,0,0,1
2526,1315104,0,0,0,0,0,0,0,1,0,0,0,0,1
2527,1315625,0,0,0,0,0,0,0,1,0,0,0,0,1
2528,1316145,0,0,0,0,0,0,0,1,0,0,0,0,1
2529,1316666,0,0,0,0,0,0,0,1,0,0,0,0,1
2530,1317187,0,0,0,0,0,0,0,1,0,0,0,0,1
2531,1317708,0,0,0,0,0,0,0,1,0,0,0,0,1
2532,1318229,0,0,0,0,0,0,0,1,0,0,0,0,1
2533,1318750,0,0,0,0,0,0,0,1,0,0,0,0,1
2534,1319270,0,0,0,0,0,0,0,1,0,0,0,0,1
2535,1319791,0,0,0,0,0,0,0,1,0,0,0,0,1
2536,1320312,0,0,0,0,0,0,0,1,0,0,0,0,1
2537,1320833,0,0,0,0,0,0,0,1,0,0,0,0,1
2538,1321354,0,0,0,0,0,0,0,1,0,0,0,0,1
2539,1321875,0,0,0,0,0,0,0,1,0,0,0,0,1
2540,1322395,0,0,0,0,0,0,0,1,0,0,0,0,1
2541,1322916,0,0,0,0,0,0,0,1,0,0,0,0,1
2542,1323437,0,0,0,0,0,0,0,1,0,0,0,0,1
2543,1323958,0,0,0,0,0,0,0,1,0,0,0,0,1
2544,1324479,0,0,0,0,0,0,0,1,0,0,0,0,1
2545,1325000,0,0,0,0,0,0,0,1,0,0,0,0,1
2546,1325520,0,0,0,0,0,0,0,1,0,0,0,0,1
2547,1326041,0,0,0,0,0,0,0,1,0,0,0,0,1
2548,1326562,0,0,0,0,0,0,0,1,0,0,0,0,1
2549,1327083,0,0,0,0,0,0,0,1,0,0,0,0,1
2550,1327604,0,0,0,0,0,0,0,1,0,0,0,0,1
2551,1328125,0,0,0,0,0,0,0,1,0,0,0,0,1
2552,1328645,0,0,0,0,0,0,0,1,0,0,0,0,1
2553,1329166,0,0,0,0,0,0,0,1,0,0,0,0,1
2554,1329687,0,0,0,0,0,0,0,1,0,0,0,0,1
2555,1330208,0,0,0,0,0,0,0,1,0,0,0,0,1
2556,1330729,0,0,0,0,0,0,0,1,0,0,0,0,1
2557,1331250,0,0,0,0,0,0,0,1,0,0,0,0,1
2558,1331770,0,0,0,0,0,0,0,1,0,0,0,0,1
2559,1332291,0,0,0,0,0,0,0,1,0,0,0,0,1
2560,1332812,0,0,0,0,0,0,0,1,0,0,0,0,1
2561,1333333,0,0,0,0,0,0,0,1,0,0,0,0,1
2562,1333854,0,0,0,0,0,0,0,1,0,0,0,0,1
2563,1334375,0,0,0,0,0,0,0,1,0,0,0,0,1
2564,1334895,0,0,0,0,0,0,0,1,0,0,0,0,1
2565,1335416,0,0,0,0,0,0,0,1,0,0,0,0,1
2566,1335937,0,0,0,0,0,0,0,1,0,0,0,0,1
2567,1336458,0,0,0,0,0,0,0,1,0,0,0,0,1
2568,1336979,0,0,0,0,0,0,0,1,0,0,0,0,1
2569,1337500,0,0,0,0,0,0,0,1,0,0,0,0,1
2570,1338020,0,0,0,0,0,0,0,1,0,0,0,0,1
2571,1338541,0,0,0,0,0,0,0,1,0,0,0,0,1
2572,1339062,0,0,0,0,0,0,0,1,0,0,0,0,1
2573,1339583,0,0,0,0,0,0,0,1,0,0,0,0,1
2574,1340104,0,0,0,0,0,0,0,1,0,0,0,0,1
2575,1340625,0,0,0,0,0,0,0,1,0,0,0,0,1
2576,1341145,0,0,0,0,0,0,0,1,0,0,0,0,1
2577,1341666,0,0,0,0,0,0,0,1,0,0,0,0,1
2578,1342187,0,0,0,0,0,0,0,1,0,0,0,0,1
2579,1342708,0,0,0,0,0,0,0,1,0,0,0,0,1
2580,1343229,0,0,0,0,0,0,0,1,0,0,0,0,1
2581,1343750,0,0,0,0,0,0,0,1,0,0,0,0,1
2582,1344270,0,0,0,0,0,0,0,1,0,0,0,0,1
2583,1344791,0,0,0,0,0,0,0,1,0,0,0,0,1
2584,1345312,0,0,0,0,0,0,0,1,0,0,0,0,1
2585,1345833,0,0,0,0,0,0,0,1,0,0,0,0,1
2586,1346354,0,0,0,0,0,0,0,1,0,0,0,0,1
2587,1346875,0,0,0,0,0,0,0,1,0,0,0,0,1
2588,1347395,0,0,0,0,0,0,0,1,0,0,0,0,1
2589,1347916,0,0,0,0,0,0,0,1,0,0,0,0,1
2590,1348437,0,0,0,0,0,0,0,1,0,0,0,0,1
2591,1348958,0,0,0,0,0,0,0,1,0,0,0,0,1
2592,1349479,0,0,0,0,0,0,0,1,0,0,0,0,1
2593,1350000,0,0,0,0,0,0,0,1,0,0,0,0,1
2594,1350520,0,0,0,0,0,0,0,1,0,0,0,0,1
2595,1351041,0,0,0,0,0,0,0,1,0,0,0,0,1
2596,1351562,0,0,0,0,0,0,0,1,0,0,0,0,1
2597,1352083,0,0,0,0,0,0,0,1,0,0,0,0,1
2598,1352604,0,0,0,0,0,0,0,1,0,0,0,0,1
2599,1353125,0,0,0,0,0,0,0,1,0,0,0,0,1
2600,1353645,0,0,0,0,0,0,0,1,0,0,0,0,1
2601,1354166,0,0,0,0,0,0,0,1,0,0,0,0,1
2602,1354687,0,0,0,0,0,0,0,1,0,0,0,0,1
2603,1355208,0,0,0,0,0,0,0,1,0,0,0,0,1
2604,1355729,0,0,0,0,0,0,0,1,0,0,0,0,1
2605,1356250,0,0,0,0,0,0,0,1,0,0,0,0,1
2606,1356770,0,0,0,0,0,0,0,1,0,0,0,0,1
2607,1357291,0,0,0,0,0,0,0,1,0,0,0,0,1
2608,1357812,0,0,0,0,0,0,0,1,0,0,0,0,1
2609,1358333,0,0,0,0,0,0,0,1,0,0,0,0,1
2610,1358854,0,0,0,0,0,0,0,1,0,0,0,0,1
2611,1359375,0,0,0,0,0,0,0,1,0,0,0,0,1
2612,1359895,0,0,0,0,0,0,0,1,0,0,0,0,1
2613,1360416,0,0,0,0,0,0,0,1,0,0,0,0,1
2614,1360937,0,0,0,0,0,0,0,1,0,0,0,0,1
2615,1361458,0,0,0,0,0,0,0,1,0,0,0,0,1
2616,1361979,0,0,0,0,0,0,0,1,0,0,0,0,1
2617,1362500,0,0,0,0,0,0,0,1,0,0,0,0,1
2618,1363020,0,0,0,0,0,0,0,1,0,0,0,0,1
2619,1363541,0,0,0,0,0,0,0,1,0,0,0,0,1
2620,1364062,0,0,0,0,0,0,0,1,0,0,0,0,1
2621,1364583,0,0,0,0,0,0,0,1,0,0,0,0,1
2622,1365104,0,0,0,0,0,0,0,1,0,0,0,0,1
2623,1365625,0,0,0,0,0,0,0,1,0,0,0,0,1
2624,1366145,0,0,0,0,0,0,0,1,0,0,0,0,1
2625,1366666,0,0,0,0,0,0,0,1,0,0,0,0,1
2626,1367187,0,0,0,0,0,0,0,1,0,0,0,0,1
2627,1367708,0,0,0,0,0,0,0,1,0,0,0,0,1
2628,1368229,0,0,0,0,0,0,0,1,0,0,0,0,1
2629,1368750,0,0,0,0,0,0,0,1,0,0,0,0,1
2630,1369270,0,0,0,0,0,0,0,1,0,0,0,0,1
2631,1369791,0,0,0,0,0,0,0,1,0,0,0,0,1
2632,1370312,0,0,0,0,0,0,0,1,0,0,0,0,1
2633,1370833,0,0,0,0,0,0,0,1,0,0,0,0,1
2634,1371354,0,0,0,0,0,0,0,1,0,0,0,0,1
2635,1371875,0,0,0,0,0,0,0,1,0,0,0,0,1
2636,1372395,0,0,0,0,0,0,0,1,0,0,0,0,1
2637,1372916,0,0,0,0,0,0,0,1,0,0,0,0,1
2638,1373437,0,0,0,0,0,0,0,1,0,0,0,0,1
2639,1373958,0,0,0,0,0,0,0,1,0,0,0,0,1
2640,1374479,0,0,0,0,0,0,0,1,0,0,0,0,1
2641,1375000,0,0,0,0,0,0,0,1,0,0,0,0,1
2642,1375520,0,0,0,0,0,0,0,1,0,0,0,0,1
2643,1376041,0,0,0,0,0,0,0,1,0,0,0,0,1
2644,1376562,0,0,0,0,0,0,0,1,0,0,0,0,1
2645,1377083,0,0,0,0,0,0,0,1,0,0,0,0,1
2646,1377604,0,0,0,0,0,0,0,1,0,0,0,0,1
2647,1378125,0,0,0,0,0,0,0,1,0,0,0,0,1
2648,1378645,0,0,0,0,0,0,0,1,0,0,0,0,1
2649,1379166,0,0,0,0,0,0,0,1,0,0,0,0,1
2650,1379687,0,0,0,0,0,0,0,1,0,0,0,0,1
2651,1380208,0,0,0,0,0,0,0,1,0,0,0,0,1
2652,1380729,0,0,0,0,0,0,0,1,0,0,0,0,1
2653,1381250,0,0,0,0,0,0,0,1,0,0,0,0,1
2654,1381770,0,0,0,0,0,0,0,1,0,0,0,0,1
2655,1382291,0,0,0,0,0,0,0,1,0,0,0,0,1
2656,1382812,0,0,0,0,0,0,0,1,0,0,0,0,1
2657,1383333,0,0,0,0,0,0,0,1,0,0,0,0,1
2658,1383854,0,0,0,0,0,0,0,1,0,0,0,0,1
2659,1384375,0,0,0,0,0,0,0,1,0,0,0,0,1
2660,1384895,0,0,0,0,0,0,0,1,0,0,0,0,1
2661,1385416,0,0,0,0,0,0,0,1,0,0,0,0,1
2662,1385937,0,0,0,0,0,0,0,1,0,0,0,0,1
2663,1386458,0,0,0,0,0,0,0,1,0,0,0,0,1
2664,1386979,0,0,0,0,0,0,0,1,0,0,0,0,1
2665,1387500,0,0,0,0,0,0,0,1,0,0,0,0,1
2666,1388020,0,0,0,0,0,0,0,1,0,0,0,0,1
2667,1388541,0,0,0,0,0,0,0,1,0,0,0,0,1
2668,1389062,0,0,0,0,0,0,0,1,0,0,0,0,1
2669,1389583,0,0,0,0,0,0,0,1,0,0,0,0,1
2670,1390104,0,0,0,0,0,0,0,1,0,0,0,0,1
2671,1390625,0,0,0,0,0,0,0,1,0,0,0,0,1
2672,1391145,0,0,0,0,0,0,0,1,0,0,0,0,1
2673,1391666,0,0,0,0,0,0,0,1,0,0,0,0,1
2674,1392187,0,0,0,0,0,0,0,1,0,0,0,0,1
2675,1392708,0,0,0,0,0,0,0,1,0,0,0,0,1
2676,1393229,0,0,0,0,0,0,0,1,0,0,0,0,1
2677,1393750,0,0,0,0,0,0,0,1,0,0,0,0,1
2678,1394270,0,0,0,0,0,0,0,1,0,0,0,0,1
2679,1394791,0,0,0,0,0,0,0,1,0,0,0,0,1
2680,1395312,0,0,0,0,0,0,0,1,0,0,0,0,1
2681,1395833,0,0,0,0,0,0,0,1,0,0,0,0,1
2682,1396354,0,0,0,0,0,0,0,1,0,0,0,0,1
2683,1396875,0,0,0,0,0,0,0,1,0,0,0,0,1
2684,1397395,0,0,0,0,0,0,0,1,0,0,0,0,1
2685,1397916,0,0,0,0,0,0,0,1,0,0,0,0,1
2686,1398437,0,0,0,0,0,0,0,1,0,0,0,0,1
2687,1398958,0,0,0,0,0,0,0,1,0,0,0,0,1
2688,1399479,0,0,0,0,0,0,0,1,0,0,0,0,1
2689,1400000,0,0,0,0,0,0,0,1,0,0,0,0,1
2690,1400520,0,0,0,0,0,0,0,1,0,0,0,0,1
2691,1401041,0,0,0,0,0,0,0,1,0,0,0,0,1
2692,1401562,0,0,0,0,0,0,0,1,0,0,0,0,1
2693,1402083,0,0,0,0,0,0,0,1,0,0,0,0,1
2694,1402604,0,0,0,0,0,0,0,1,0,0,0,0,1
2695,1403125,0,0,0,0,0,0,0,1,0,0,0,0,1
2696,1403645,0,0,0,0,0,0,0,1,0,0,0,0,1
2697,1404166,0,0,0,0,0,0,0,1,0,0,0,0,1
2698,1404687,0,0,0,0,0,0,0,1,0,0,0,0,1
2699,1405208,0,0,0,0,0,0,0,1,0,0,0,0,1
2700,1405729,0,0,0,0,0,0,0,1,0,0,0,0,1
2701,1406250,0,0,0,0,0,0,0,1,0,0,0,0,1
2702,1406770,0,0,0,0,0,0,0,1,0,0,0,0,1
2703,1407291,0,0,0,0,0,0,0,1,0,0,0,0,1
2704,1407812,0,0,0,0,0,0,0,1,0,0,0,0,1
2705,1408333,0,0,0,0,0,0,0,1,0,0,0,0,1
2706,1408854,0,0,0,0,0,0,0,1,0,0,0,0,1
2707,1409375,0,0,0,0,0,0,0,1,0,0,0,0,1
2708,1409895,0,0,0,0,0,0,0,1,0,0,0,0,1
2709,1410416,0,0,0,0,0,0,0,1,0,0,0,0,1
2710,1410937,0,0,0,0,0,0,0,1,0,0,0,0,1
2711,1411458,0,0,0,0,0,0,0,1,0,0,0,0,1
2712,1411979,0,0,0,0,0,0,0,1,0,0,0,0,1
2713,1412500,0,0,0,0,0,0,0,1,0,0,0,0,1
2714,1413020,0,0,0,0,0,0,0,1,0,0,0,0,1
2715,1413541,0,0,0,0,0,0,0,1,0,0,0,0,1
2716,1414062,0,0,0,0,0,0,0,1,0,0,0,0,1
2717,1414583,0,0,0,0,0,0,0,1,0,0,0,0,1
2718,1415104,0,0,0,0,0,0,0,1,0,0,0,0,1
2719,1415625,0,0,0,0,0,0,0,1,0,0,0,0,1
2720,1416145,0,0,0,0,0,0,0,1,0,0,0,0,1
2721,1416666,0,0,0,0,0,0,0,1,0,0,0,0,1
2722,1417187,0,0,0,0,0,0,0,1,0,0,0,0,1
2723,1417708,0,0,0,0,0,0,0,1,0,0,0,0,1
2724,1418229,0,0,0,0,0,0,0,1,0,0,0,0,1
2725,1418750,0,0,0,0,0,0,0,1,0,0,0,0,1
2726,1419270,0,0,0,0,0,0,0,1,0,0,0,0,1
2727,1419791,0,0,0,0,0,0,0,1,0,0,0,0,1
2728,1420312,0,0,0,0,0,0,0,1,0,0,0,0,1
2729,1420833,0,0,0,0,0,0,0,1,0,0,0,0,1
2730,1421354,0,0,0,0,0,0,0,1,0,0,0,0,1
2731,1421875,0,0,0,0,0,0,0,1,0,0,0,0,1
2732,1422395,0,0,0,0,0,0,0,1,0,0,0,0,1
2733,1422916,0,0,0,0,0,0,0,1,0,0,0,0,1
2734,1423437,0,0,0,0,0,0,0,1,0,0,0,0,1
2735,1423958,0,0,0,0,0,0,0,1,0,0,0,0,1
2736,1424479,0,0,0,0,0,0,0,1,0,0,0,0,1
2737,1425000,0,0,0,0,0,0,0,1,0,0,0,0,1
2738,1425520,0,0,0,0,0,0,0,1,0,0,0,0,1
2739,1426041,0,0,0,0,0,0,0,1,0,0,0,0,1
2740,1426562,0,0,0,0,0,0,0,1,0,0,0,0,1
2741,1427083,0,0,0,0,0,0,0,1,0,0,0,0,1
2742,1427604,0,0,0,0,0,0,0,1,0,0,0,0,1
2743,1428125,0,0,0,0,0,0,0,1,0,0,0,0,1
2744,1428645,0,0,0,0,0,0,0,1,0,0,0,0,1
2745,1429166,0,0,0,0,0,0,0,1,0,0,0,0,1
2746,1429687,0,0,0,0,0,0,0,1,0,0,0,0,1
2747,1430208,0,0,0,0,0,0,0,1,0,0,0,0,1
2748,1430729,0,0,0,0,0,0,0,1,0,0,0,0,1
2749,1431250,0,0,0,0,0,0,0,1,0,0,0,0,1
2750,1431770,0,0,0,0,0,0,0,1,0,0,0,0,1
2751,1432291,0,0,0,0,0,0,0,1,0,0,0,0,1
2752,1432812,0,0,0,0,0,0,0,1,0,0,0,0,1
2753,1433333,0,0,0,0,0,0,0,1,0,0,0,0,1
2754,1433854,0,0,0,0,0,0,0,1,0,0,0,0,1
2755,1434375,0,0,0,0,0,0,0,1,0,0,0,0,1
2756,1434895,0,0,0,0,0,0,0,1,0,0,0,0,1
2757,1435416,0,0,0,0,0,0,0,1,0,0,0,0,1
2758,1435937,0,0,0,0,0,0,0,1,0,0,0,0,1
2759,1436458,0,0,0,0,0,0,0,1,0,0,0,0,1
2760,1436979,0,0,0,0,0,0,0,1,0,0,0,0,1
2761,1437500,0,0,0,0,0,0,0,1,0,0,0,0,1
2762,1438020,0,0,0,0,0,0,0,1,0,0,0,0,1
2763,1438541,0,0,0,0,0,0,0,1,0,0,0,0,1
2764,1439062,0,0,0,0,0,0,0,1,0,0,0,0,1
2765,1439583,0,0,0,0,0,0,0,1,0,0,0,0,1
2766,1440104,0,0,0,0,0,0,0,1,0,0,0,0,1
2767,1440625,0,0,0,0,0,0,0,1,0,0,0,0,1
2768,1441145,0,0,0,0,0,0,0,1,0,0,0,0,1
2769,1441666,0,0,0,0,0,0,0,1,0,0,0,0,1
2770,1442187,0,0,0,0,0,0,0,1,0,0,0,0,1
2771,1442708,0,0,0,0,0,0,0,1,0,0,0,0,1
2772,1443229,0,0,0,0,0,0,0,1,0,0,0,0,1
2773,1443750,0,0,0,0,0,0,0,1,0,0,0,0,1
2774,1444270,0,0,0,0,0,0,0,1,0,0,0,0,1
2775,1444791,0,0,0,0,0,0,0,1,0,0,0,0,1
2776,1445312,0,0,0,0,0,0,0,1,0,0,0,0,1
2777,1445833,0,0,0,0,0,0,0,1,0,0,0,0,1
2778,1446354,0,0,0,0,0,0,0,1,0,0,0,0,1
2779,1446875,0,0,0,0,0,0,0,1,0,0,0,0,1
2780,1447395,0,0,0,0,0,0,0,1,0,0,0,0,1
2781,1447916,0,0,0,0,0,0,0,1,0,0,0,0,1
2782,1448437,0,0,0,0,0,0,0,1,0,0,0,0,1
2783,1448958,0,0,0,0,0,0,0,1,0,0,0,0,1
2784,1449479,0,0,0,0,0,0,0,1,0,0,0,0,1
2785,1450000,0,0,0,0,0,0,0,1,0,0,0,0,1
2786,1450520,0,0,0,0,0,0,0,1,0,0,0,0,1
2787,1451041,0,0,0,0,0,0,0,1,0,0,0,0,1
2788,1451562,0,0,0,0,0,0,0,1,0,0,0,0,1
2789,1452083,0,0,0,0,0,0,0,1,0,0,0,0,1
2790,1452604,0,0,0,0,0,0,0,1,0,0,0,0,1
2791,1453125,0,0,0,0,0,0,0,1,0,0,0,0,1
2792,1453645,0,0,0,0,0,0,0,1,0,0,0,0,1
2793,1454166,0,0,0,0,0,0,0,1,0,0,0,0,1
2794,1454687,0,0,0,0,0,0,0,1,0,0,0,0,1
2795,1455208,0,0,0,0,0,0,0,1,0,0,0,0,1
2796,1455729,0,0,0,0,0,0,0,1,0,0,0,0,1
2797,1456250,0,0,0,0,0,0,0,1,0,0,0,0,1
2798,1456770,0,0,0,0,0,0,0,1,0,0,0,0,1
2799,1457291,0,0,0,0,0,0,0,1,0,0,0,0,1
2800,1457812,0,0,0,0,0,0,0,1,0,0,0,0,1
2801,1458333,0,0,0,0,0,0,0,1,0,0,0,0,1
2802,1458854,0,0,0,0,0,0,0,1,0,0,0,0,1
2803,1459375,0,0,0,0,0,0,0,1,0,0,0,0,1
2804,1459895,0,0,0,0,0,0,0,1,0,0,0,0,1
2805,1460416,0,0,0,0,0,0,0,1,0,0,0,0,1
2806,1460937,0,0,0,0,0,0,0,1,0,0,0,0,1
2807,1461458,0,0,0,0,0,0,0,1,0,0,0,0,1
2808,1461979,0,0,0,0,0,0,0,1,0,0,0,0,1
2809,1462500,0,0,0,0,0,0,0,1,0,0,0,0,1
2810,1463020,0,0,0,0,0,0,0,1,0,0,0,0,1
2811,1463541,0,0,0,0,0,0,0,1,0,0,0,0,1
2812,1464062,0,0,0,0,0,0,0,1,0,0,0,0,1
2813,1464583,0,0,0,0,0,0,0,1,0,0,0,0,1
2814,1465104,0,0,0,0,0,0,0,1,0,0,0,0,1
2815,1465625,0,0,0,0,0,0,0,1,0,0,0,0,1
2816,1466145,0,0,0,0,0,0,0,1,0,0,0,0,1
2817,1466666,0,0,0,0,0,0,0,1,0,0,0,0,1
2818,1467187,0,0,0,0,0,0,0,1,0,0,0,0,1
2819,1467708,0,0,0,0,0,0,0,1,0,0,0,0,1
2820,1468229,0,0,0,0,0,0,0,1,0,0,0,0,1
2821,1468750,0,0,0,0,0,0,0,1,0,0,0,0,1
2822,1469270,0,0,0,0,0,0,0,1,0,0,0,0,1
2823,1469791,0,0,0,0,0,0,0,1,0,0,0,0,1
2824,1470312,0,0,0,0,0,0,0,1,0,0,0,0,1
2825,1470833,0,0,0,0,0,0,0,1,0,0,0,0,1
2826,1471354,0,0,0,0,0,0,0,1,0,0,0,0,1
2827,1471875,0,0,0,0,0,0,0,1,0,0,0,0,1
2828,1472395,0,0,0,0,0,0,0,1,0,0,0,0,1
2829,1472916,0,0,0,0,0,0,0,1,0,0,0,0,1
2830,1473437,0,0,0,0,0,0,0,1,0,0,0,0,1
2831,1473958,0,0,0,0,0,0,0,1,0,0,0,0,1
2832,1474479,0,0,0,0,0,0,0,1,0,0,0,0,1
2833,1475000,0,0,0,0,0,0,0,1,0,0,0,0,1
2834,1475520,0,0,0,0,0,0,0,1,0,0,0,0,1
2835,1476041,0,0,0,0,0,0,0,1,0,0,0,0,1
2836,1476562,0,0,0,0,0,0,0,1,0,0,0,0,1
2837,1477083,0,0,0,0,0,0,0,1,0,0,0,0,1
2838,1477604,0,0,0,0,0,0,0,1,0,0,0,0,1
2839,1478125,0,0,0,0,0,0,0,1,0,0,0,0,1
2840,1478645,0,0,0,0,0,0,0,1,0,0,0,0,1
2841,1479166,0,0,0,0,0,0,0,1,0,0,0,0,1
2842,1479687,0,0,0,0,0,0,0,1,0,0,0,0,1
2843,1480208,0,0,0,0,0,0,0,1,0,0,0,0,1
2844,1480729,0,0,0,0,0,0,0,1,0,0,0,0,1
2845,1481250,0,0,0,0,0,0,0,1,0,0,0,0,1
2846,1481770,0,0,0,0,0,0,0,1,0,0,0,0,1
2847,1482291,0,0,0,0,0,0,0,1,0,0,0,0,1
2848,1482812,0,0,0,0,0,0,0,1,0,0,0,0,1
2849,1483333,0,0,0,0,0,0,0,1,0,0,0,0,1
2850,1483854,0,0,0,0,0,0,0,1,0,0,0,0,1
2851,1484375,0,0,0,0,0,0,0,1,0,0,0,0,1
2852,1484895,0,0,0,0,0,0,0,1,0,0,0,0,1
2853,1485416,0,0,0,0,0,0,0,1,0,0,0,0,1
2854,1485937,0,0,0,0,0,0,0,1,0,0,0,0,1
2855,1486458,0,0,0,0,0,0,0,1,0,0,0,0,1
2856,1486979,0,0,0,0,0,0,0,1,0,0,0,0,1
2857,1487500,0,0,0,0,0,0,0,1,0,0,0,0,1
2858,1488020,0,0,0,0,0,0,0,1,0,0,0,0,1
2859,1488541,0,0,0,0,0,0,0,1,0,0,0,0,1
2860,1489062,0,0,0,0,0,0,0,1,0,0,0,0,1
2861,1489583,0,0,0,0,0,0,0,1,0,0,0,0,1
2862,1490104,0,0,0,0,0,0,0,1,0,0,0,0,1
2863,1490625,0,0,0,0,0,0,0,1,0,0,0,0,1
2864,1491145,0,0,0,0,0,0,0,1,0,0,0,0,1
2865,1491666,0,0,0,0,0,0,0,1,0,0,0,0,1
2866,1492187,0,0,0,0,0,0,0,1,0,0,0,0,1
2867,1492708,0,0,0,0,0,0,0,1,0,0,0,0,1
2868,1493229,0,0,0,0,0,0,0,1,0,0,0,0,1
2869,1493750,0,0,0,0,0,0,0,1,0,0,0,0,1
2870,1494270,0,0,0,0,0,0,0,1,0,0,0,0,1
2871,1494791,0,0,0,0,0,0,0,1,0,0,0,0,1
2872,1495312,0,0,0,0,0,0,0,1,0,0,0,0,1
2873,1495833,0,0,0,0,0,0,0,1,0,0,0,0,1
2874,1496354,0,0,0,0,0,0,0,1,0,0,0,0,1
2875,1496875,0,0,0,0,0,0,0,1,0,0,0,0,1
2876,1497395,0,0,0,0,0,0,0,1,0,0,0,0,1
2877,1497916,0,0,0,0,0,0,0,1,0,0,0,0,1
2878,1498437,0,0,0,0,0,0,0,1,0,0,0,0,1
2879,1498958,0,0,0,0,0,0,0,1,0,0,0,0,1
2880,1499479,0,0,0,0,0,0,0,1,0,0,0,0,1
2881,1500000,0,0,0,0,0,0,0,1,0,0,0,0,1
2882,1500520,0,0,0,0,0,0,0,1,0,0,0,0,1
2883,1501041,0,0,0,0,0,0,0,1,0,0,0,0,1
2884,1501562,0,0,0,0,0,0,0,1,0,0,0,0,1
2885,1502083,0,0,0,0,0,0,0,1,0,0,0,0,1
2886,1502604,0,0,0,0,0,0,0,1,0,0,0,0,1
2887,1503125,0,0,0,0,0,0,0,1,0,0,0,0,1
2888,1503645,0,0,0,0,0,0,0,1,0,0,0,0,1
2889,1504166,0,0,0,0,0,0,0,1,0,0,0,0,1
2890,1504687,0,0,0,0,0,0,0,1,0,0,0,0,1
2891,1505208,0,0,0,0,0,0,0,1,0,0,0,0,1
2892,1505729,0,0,0,0,0,0,0,1,0,0,0,0,1
2893,1506250,0,0,0,0,0,0,0,1,0,0,0,0,1
2894,1506770,0,0,0,0,0,0,0,1,0,0,0,0,1
2895,1507291,0,0,0,0,0,0,0,1,0,0,0,0,1
2896,1507812,0,0,0,0,0,0,0,1,0,0,0,0,1
2897,1508333,0,0,0,0,0,0,0,1,0,0,0,0,1
2898,1508854,0,0,0,0,0,0,0,1,0,0,0,0,1
2899,1509375,0,0,0,0,0,0,0,1,0,0,0,0,1
2900,1509895,0,0,0,0,0,0,0,1,0,0,0,0,1
2901,1510416,0,0,0,0,0,0,0,1,0,0,0,0,1
2902,1510937,0,0,0,0,0,0,0,1,0,0,0,0,1
2903,1511458,0,0,0,0,0,0,0,1,0,0,0,0,1
2904,1511979,0,0,0,0,0,0,0,1,0,0,0,0,1
2905,1512500,0,0,0,0,0,0,0,1,0,0,0,0,1
2906,1513020,0,0,0,0,0,0,0,1,0,0,0,0,1
2907,1513541,0,0,0,0,0,0,0,1,0,0,0,0,1
2908,1514062,0,0,0,0,0,0,0,1,0,0,0,0,1
2909,1514583,0,0,0,0,0,0,0,1,0,0,0,0,1
2910,1515104,0,0,0,0,0,0,0,1,0,0,0,0,1
2911,1515625,0,0,0,0,0,0,0,1,0,0,0,0,1
2912,1516145,0,0,0,0,0,0,0,1,0,0,0,0,1
2913,1516666,0,0,0,0,0,0,0,1,0,0,0,0,1
2914,1517187,0,0,0,0,0,0,0,1,0,0,0,0,1
2915,1517708,0,0,0,0,0,0,0,1,0,0,0,0,1
2916,1518229,0,0,0,0,0,0,0,1,0,0,0,0,1
2917,1518750,0,0,0,0,0,0,0,1,0,0,0,0,1
2918,1519270,0,0,0,0,0,0,0,1,0,0,0,0,1
2919,1519791,0,0,0,0,0,0,0,1,0,0,0,0,1
2920,1520312,0,0,0,0,0,0,0,1,0,0,0,0,1
2921,1520833,0,0,0,0,0,0,0,1,0,0,0,0,1
2922,1521354,0,0,0,0,0,0,0,1,0,0,0,0,1
2923,1521875,0,0,0,0,0,0,0,1,0,0,0,0,1
2924,1522395,0,0,0,0,0,0,0,1,0,0,0,0,1
2925,1522916,0,0,0,0,0,0,0,1,0,0,0,0,1
2926,1523437,0,0,0,0,0,0,0,1,0,0,0,0,1
2927,1523958,0,0,0,0,0,0,0,1,0,0,0,0,1
2928,1524479,0,0,0,0,0,0,0,1,0,0,0,0,1
2929,1525000,0,0,0,0,0,0,0,1,0,0,0,0,1
2930,1525520,0,0,0,0,0,0,0,1,0,0,0,0,1
2931,1526041,0,0,0,0,0,0,0,1,0,0,0,0,1
2932,1526562,0,0,0,0,0,0,0,1,0,0,0,0,1
2933,1527083,0,0,0,0,0,0,0,1,0,0,0,0,1
2934,1527604,0,0,0,0,0,0,0,1,0,0,0,0,1
2935,1528125,0,0,0,0,0,0,0,1,0,0,0,0,1
2936,1528645,0,0,0,0,0,0,0,1,0,0,0,0,1
2937,1529166,0,0,0,0,0,0,0,1,0,0,0,0,1
2938,1529687,0,0,0,0,0,0,0,1,0,0,0,0,1
2939,1530208,0,0,0,0,0,0,0,1,0,0,0,0,1
2940,1530729,0,0,0,0,0,0,0,1,0,0,0,0,1
2941,1531250,0,0,0,0,0,0,0,1,0,0,0,0,1
2942,1531770,0,0,0,0,0,0,0,1,0,0,0,0,1
2943,1532291,0,0,0,0,0,0,0,1,0,0,0,0,1
2944,1532812,0,0,0,0,0,0,0,1,0,0,0,0,1
2945,1533333,0,0,0,0,0,0,0,1,0,0,0,0,1
2946,1533854,0,0,0,0,0,0,0,1,0,0,0,0,1
2947,1534375,0,0,0,0,0,0,0,1,0,0,0,0,1
2948,1534895,0,0,0,0,0,0,0,1,0,0,0,0,1
2949,1535416,0,0,0,0,0,0,0,1,0,0,0,0,1
2950,1535937,0,0,0,0,0,0,0,1,0,0,0,0,1
2951,1536458,0,0,0,0,0,0,0,1,0,0,0,0,1
2952,1536979,0,0,0,0,0,0,0,1,0,0,0,0,1
2953,1537500,0,0,0,0,0,0,0,1,0,0,0,0,1
2954,1538020,0,0,0,0,0,0,0,1,0,0,0,0,1
2955,1538541,0,0,0,0,0,0,0,1,0,0,0,0,1
2956,1539062,0,0,0,0,0,0,0,1,0,0,0,0,1
2957,1539583,0,0,0,0,0,0,0,1,0,0,0,0,1
2958,1540104,0,0,0,0,0,0,0,1,0,0,0,0,1
2959,1540625,0,0,0,0,0,0,0,1,0,0,0,0,1
2960,1541145,0,0,0,0,0,0,0,1,0,0,0,0,1
2961,1541666,0,0,0,0,0,0,0,1,0,0,0,0,1
2962,1542187,0,0,0,0,0,0,0,1,0,0,0,0,1
2963,1542708,0,0,0,0,0,0,0,1,0,0,0,0,1
2964,1543229,0,0,0,0,0,0,0,1,0,0,0,0,1
2965,1543750,0,0,0,0,0,0,0,1,0,0,0,0,1
2966,1544270,0,0,0,0,0,0,0,1,0,0,0,0,1
2967,1544791,0,0,0,0,0,0,0,1,0,0,0,0,1
2968,1545312,0,0,0,0,0,0,0,1,0,0,0,0,1
2969,1545833,0,0,0,0,0,0,0,1,0,0,0,0,1
2970,1546354,0,0,0,0,0,0,0,1,0,0,0,0,1
2971,1546875,0,0,0,0,0,0,0,1,0,0,0,0,1
2972,1547395,0,0,0,0,0,0,0,1,0,0,0,0,1
2973,1547916,0,0,0,0,0,0,0,1,0,0,0,0,1
2974,1548437,0,0,0,0,0,0,0,1,0,0,0,0,1
2975,1548958,0,0,0,0,0,0,0,1,0,0,0,0,1
2976,1549479,0,0,0,0,0,0,0,1,0,0,0,0,1
2977,1550000,0,0,0,0,0,0,0,1,0,0,0,0,1
2978,1550520,0,0,0,0,0,0,0,1,0,0,0,0,1
2979,1551041,0,0,0,0,0,0,0,1,0,0,0,0,1
2980,1551562,0,0,0,0,0,0,0,1,0,0,0,0,1
2981,1552083,0,0,0,0,0,0,0,1,0,0,0,0,1
2982,1552604,0,0,0,0,0,0,0,1,0,0,0,0,1
2983,1553125,0,0,0,0,0,0,0,1,0,0,0,0,1
2984,1553645,0,0,0,0,0,0,0,1,0,0,0,0,1
2985,1554166,0,0,0,0,0,0,0,1,0,0,0,0,1
2986,1554687,0,0,0,0,0,0,0,1,0,0,0,0,1
2987,1555208,0,0,0,0,0,0,0,1,0,0,0,0,1
2988,1555729,0,0,0,0,0,0,0,1,0,0,0,0,1
2989,1556250,0,0,0,0,0,0,0,1,0,0,0,0,1
2990,1556770,0,0,0,0,0,0,0,1,0,0,0,0,1
2991,1557291,0,0,0,0,0,0,0,1,0,0,0,0,1
2992,1557812,0,0,0,0,0,0,0,1,0,0,0,0,1
2993,1558333,0,0,0,0,0,0,0,1,0,0,0,0,1
2994,1558854,0,0,0,0,0,0,0,1,0,0,0,0,1
2995,1559375,0,0,0,0,0,0,0,1,0,0,0,0,1
2996,1559895,0,0,0,0,0,0,0,1,0,0,0,0,1
2997,1560416,0,0,0,0,0,0,0,1,0,0,0,0,1
2998,1560937,0,0,0,0,0,0,0,1,0,0,0,0,1
2999,1561458,0,0,0,0,0,0,0,1,0,0,0,0,1
3000,1561979,0,0,0,0,0,0,0,1,0,0,0,0,1
3001,1562500,0,0,0,0,0,0,0,1,0,0,0,0,1
3002,1563020,0,0,0,0,0,0,0,1,0,0,0,0,1
3003,1563541,0,0,0,0,0,0,0,1,0,0,0,0,1
3004,1564062,0,0,0,0,0,0,0,1,0,0,0,0,1
3005,1564583,0,0,0,0,0,0,0,1,0,0,0,0,1
3006,1565104,0,0,0,0,0,0,0,1,0,0,0,0,1
3007,1565625,0,0,0,0,0,0,0,1,0,0,0,0,1
3008,1566145,0,0,0,0,0,0,0,1,0,0,0,0,1
3009,1566666,0,0,0,0,0,0,0,1,0,0,0,0,1
3010,1567187,0,0,0,0,0,0,0,1,0,0,0,0,1
3011,1567708,0,0,0,0,0,0,0,1,0,0,0,0,1
3012,1568229,0,0,0,0,0,0,0,1,0,0,0,0,1
3013,1568750,0,0,0,0,0,0,0,1,0,0,0,0,1
3014,1569270,0,0,0,0,0,0,0,1,0,0,0,0,1
3015,1569791,0,0,0,0,0,0,0,1,0,0,0,0,1
3016,1570312,0,0,0,0,0,0,0,1,0,0,0,0,1
3017,1570833,0,0,0,0,0,0,0,1,0,0,0,0,1
3018,1571354,0,0,0,0,0,0,0,1,0,0,0,0,1
3019,1571875,0,0,0,0,0,0,0,1,0,0,0,0,1
3020,1572395,0,0,0,0,0,0,0,1,0,0,0,0,1
3021,1572916,0,0,0,0,0,0,0,1,0,0,0,0,1
3022,1573437,0,0,0,0,0,0,0,1,0,0,0,0,1
3023,1573958,0,0,0,0,0,0,0,1,0,0,0,0,1
3024,1574479,0,0,0,0,0,0,0,1,0,0,0,0,1
3025,1575000,0,0,0,0,0,0,0,1,0,0,0,0,1
3026,1575520,0,0,0,0,0,0,0,1,0,0,0,0,1
3027,1576041,0,0,0,0,0,0,0,1,0,0,0,0,1
3028,1576562,0,0,0,0,0,0,0,1,0,0,0,0,1
3029,1577083,0,0,0,0,0,0,0,1,0,0,0,0,1
3030,1577604,0,0,0,0,0,0,0,1,0,0,0,0,1
3031,1578125,0,0,0,0,0,0,0,1,0,0,0,0,1
3032,1578645,0,0,0,0,0,0,0,1,0,0,0,0,1
3033,1579166,0,0,0,0,0,0,0,1,0,0,0,0,1
3034,1579687,0,0,0,0,0,0,0,1,0,0,0,0,1
3035,1580208,0,0,0,0,0,0,0,1,0,0,0,0,1
3036,1580729,0,0,0,0,0,0,0,1,0,0,0,0,1
3037,1581250,0,0,0,0,0,0,0,1,0,0,0,0,1
3038,1581770,0,0,0,0,0,0,0,1,0,0,0,0,1
3039,1582291,0,0,0,0,0,0,0,1,0,0,0,0,1
3040,1582812,0,0,0,0,0,0,0,1,0,0,0,0,1
3041,1583333,0,0,0,0,0,0,0,1,0,0,0,0,1
3042,1583854,0,0,0,0,0,0,0,1,0,0,0,0,1
3043,1584375,0,0,0,0,0,0,0,1,0,0,0,0,1
3044,1584895,0,0,0,0,0,0,0,1,0,0,0,0,1
3045,1585416,0,0,0,0,0,0,0,1,0,0,0,0,1
3046,1585937,0,0,0,0,0,0,0,1,0,0,0,0,1
3047,1586458,0,0,0,0,0,0,0,1,0,0,0,0,1
3048,1586979,0,0,0,0,0,0,0,1,0,0,0,0,1
3049,1587500,0,0,0,0,0,0,0,1,0,0,0,0,1
3050,1588020,0,0,0,0,0,0,0,1,0,0,0,0,1
3051,1588541,0,0,0,0,0,0,0,1,0,0,0,0,1
3052,1589062,0,0,0,0,0,0,0,1,0,0,0,0,1
3053,1589583,0,0,0,0,0,0,0,1,0,0,0,0,1
3054,1590104,0,0,0,0,0,0,0,1,0,0,0,0,1
3055,1590625,0,0,0,0,0,0,0,1,0,0,0,0,1
3056,1591145,0,0,0,0,0,0,0,1,0,0,0,0,1
3057,1591666,0,0,0,0,0,0,0,1,0,0,0,0,1
3058,1592187,0,0,0,0,0,0,0,1,0,0,0,0,1
3059,1592708,0,0,0,0,0,0,0,1,0,0,0,0,1
3060,1593229,0,0,0,0,0,0,0,1,0,0,0,0,1
3061,1593750,0,0,0,0,0,0,0,1,0,0,0,0,1
3062,1594270,0,0,0,0,0,0,0,1,0,0,0,0,1
3063,1594791,0,0,0,0,0,0,0,1,0,0,0,0,1
3064,1595312,0,0,0,0,0,0,0,1,0,0,0,0,1
3065,1595833,0,0,0,0,0,0,0,1,0,0,0,0,1
3066,1596354,0,0,0,0,0,0,0,1,0,0,0,0,1
3067,1596875,0,0,0,0,0,0,0,1,0,0,0,0,1
3068,1597395,0,0,0,0,0,0,0,1,0,0,0,0,1
3069,1597916,0,0,0,0,0,0,0,1,0,0,0,0,1
3070,1598437,0,0,0,0,0,0,0,1,0,0,0,0,1
3071,1598958,0,0,0,0,0,0,0,1,0,0,0,0,1
3072,1599479,0,0,0,0,0,0,0,1,0,0,0,0,1
3073,1600000,0,0,0,0,0,0,0,1,0,0,0,0,1
3074,1600520,0,0,0,0,0,0,0,1,0,0,0,0,1
3075,1601041,0,0,0,0,0,0,0,1,0,0,0,0,1
3076,1601562,0,0,0,0,0,0,0,1,0,0,0,0,1
3077,1602083,0,0,0,0,0,0,0,1,0,0,0,0,1
3078,1602604,0,0,0,0,0,0,0,1,0,0,0,0,1
3079,1603125,0,0,0,0,0,0,0,1,0,0,0,0,1
3080,1603645,0,0,0,0,0,0,0,1,0,0,0,0,1
3081,1604166,0,0,0,0,0,0,0,1,0,0,0,0,1
3082,1604687,0,0,0,0,0,0,0,1,0,0,0,0,1
3083,1605208,0,0,0,0,0,0,0,1,0,0,0,0,1
3084,1605729,0,0,0,0,0,0,0,1,0,0,0,0,1
3085,1606250,0,0,0,0,0,0,0,1,0,0,0,0,1
3086,1606770,0,0,0,0,0,0,0,1,0,0,0,0,1
