1,0,0,-759,759,0,0,-25024,25024,0,0,0,0,1,0
2,520,171,-830,659,0,5637,-27362,21724,0,0,0,0,1,0
3,1041,335,-869,534,0,11058,-28648,17590,0,0,0,0,1,0
4,1562,487,-875,388,0,16053,-28833,12780,0,0,0,0,1,0
5,2083,620,-847,227,0,20432,-27910,7479,0,0,0,0,1,0
6,2604,729,-786,57,0,24025,-25915,1890,0,0,0,0,1,0
7,3125,810,-695,-114,0,26696,-22924,-3772,0,0,0,0,1,0
8,3645,860,-578,-282,0,28340,-19052,-9288,0,0,0,0,1,0
9,4166,876,-438,-438,0,28895,-14448,-14448,0,0,0,0,1,0
10,4687,860,-282,-578,0,28340,-9288,-19052,0,0,0,0,1,0
11,5208,810,-114,-695,0,26696,-3772,-22924,0,0,0,0,1,0
12,5729,729,57,-786,0,24025,1890,-25915,0,0,0,0,1,0
13,6250,620,227,-847,0,20432,7479,-27910,0,0,0,0,1,0
14,6770,487,388,-875,0,16053,12780,-28833,0,0,0,0,1,0
15,7291,335,534,-869,0,11058,17590,-28648,0,0,0,0,1,0
16,7812,171,659,-830,0,5637,21724,-27362,0,0,0,0,1,0
17,8333,0,759,-759,0,0,25024,-25024,0,0,0,0,1,0
18,8854,-171,830,-659,0,-5637,27362,-21724,0,0,0,0,1,0
19,9375,-335,869,-534,0,-11058,28648,-17590,0,0,0,0,1,0
20,9895,-487,875,-388,0,-16053,28833,-12780,0,0,0,0,1,0
21,10416,-620,847,-227,0,-20432,27910,-7479,0,0,0,0,1,0
22,10937,-729,786,-57,0,-24025,25915,-1890,0,0,0,0,1,0
23,11458,-810,695,114,0,-26696,22924,3772,0,0,0,0,1,0
24,11979,-860,578,282,0,-28340,19052,9288,0,0,0,0,1,0
25,12500,-876,438,438,0,-28895,14448,14448,0,0,0,0,1,0
26,13020,-860,282,578,0,-28340,9288,19052,0,0,0,0,1,0
27,13541,-810,114,695,0,-26696,3772,22924,0,0,0,0,1,0
28,14062,-729,-57,786,0,-24025,-1890,25915,0,0,0,0,1,0
29,14583,-620,-227,847,0,-20432,-7479,27910,0,0,0,0,1,0
30,15104,-487,-388,875,0,-16053,-12780,28833,0,0,0,0,1,0
31,15625,-335,-534,869,0,-11058,-17590,28648,0,0,0,0,1,0
32,16145,-171,-659,830,0,-5637,-21724,27362,0,0,0,0,1,0
33,16666,0,-759,759,0,0,-25024,25024,0,0,0,0,1,0
34,17187,171,-830,659,0,5637,-27362,21724,0,0,0,0,1,0
35,17708,335,-869,534,0,11058,-28648,17590,0,0,0,0,1,0
36,18229,487,-875,388,0,16053,-28833,12780,0,0,0,0,1,0
37,18750,620,-847,227,0,20432,-27910,7479,0,0,0,0,1,0
38,19270,729,-786,57,0,24025,-25915,1890,0,0,0,0,1,0
39,19791,810,-695,-114,0,26696,-22924,-3772,0,0,0,0,1,0
40,20312,860,-578,-282,0,28340,-19052,-9288,0,0,0,0,1,0
41,20833,876,-438,-438,0,28895,-14448,-14448,0,0,0,0,1,0
42,21354,860,-282,-578,0,28340,-9288,-19052,0,0,0,0,1,0
43,21875,810,-114,-695,0,26696,-3772,-22924,0,0,0,0,1,0
44,22395,729,57,-786,0,24025,1890,-25915,0,0,0,0,1,0
45,22916,620,227,-847,0,20432,7479,-27910,0,0,0,0,1,0
46,23437,487,388,-875,0,16053,12780,-28833,0,0,0,0,1,0
47,23958,335,534,-869,0,11058,17590,-28648,0,0,0,0,1,0
48,24479,171,659,-830,0,5637,21724,-27362,0,0,0,0,1,0
49,25000,0,759,-759,0,0,25024,-25024,0,0,0,0,1,0
50,25520,-171,830,-659,0,-5637,27362,-21724,0,0,0,0,1,0
51,26041,-335,869,-534,0,-11058,28648,-17590,0,0,0,0,1,0
52,26562,-487,875,-388,0,-16053,28833,-12780,0,0,0,0,1,0
53,27083,-620,847,-227,0,-20432,27910,-7479,0,0,0,0,1,0
54,27604,-729,786,-57,0,-24025,25915,-1890,0,0,0,0,1,0
55,28125,-810,695,114,0,-26696,22924,3772,0,0,0,0,1,0
56,28645,-860,578,282,0,-28340,19052,9288,0,0,0,0,1,0
57,29166,-876,438,438,0,-28895,14448,14448,0,0,0,0,1,0
58,29687,-860,282,578,0,-28340,9288,19052,0,0,0,0,1,0
59,30208,-810,114,695,0,-26696,3772,22924,0,0,0,0,1,0
60,30729,-729,-57,786,0,-24025,-1890,25915,0,0,0,0,1,0
61,31250,-620,-227,847,0,-20432,-7479,27910,0,0,0,0,1,0
62,31770,-487,-388,875,0,-16053,-12780,28833,0,0,0,0,1,0
63,32291,-335,-534,869,0,-11058,-17590,28648,0,0,0,0,1,0
64,32812,-171,-659,830,0,-5637,-21724,27362,0,0,0,0,1,0
65,33333,0,-759,759,0,0,-25024,25024,0,0,0,0,1,0
66,33854,171,-830,659,0,5637,-27362,21724,0,0,0,0,1,0
67,34375,335,-869,534,0,11058,-28648,17590,0,0,0,0,1,0
68,34895,487,-875,388,0,16053,-28833,12780,0,0,0,0,1,0
69,35416,620,-847,227,0,20432,-27910,7479,0,0,0,0,1,0
70,35937,729,-786,57,0,24025,-25915,1890,0,0,0,0,1,0
71,36458,810,-695,-114,0,26696,-22924,-3772,0,0,0,0,1,0
72,36979,860,-578,-282,0,28340,-19052,-9288,0,0,0,0,1,0
73,37500,876,-438,-438,0,28895,-14448,-14448,0,0,0,0,1,0
74,38020,860,-282,-578,0,28340,-9288,-19052,0,0,0,0,1,0
75,38541,810,-114,-695,0,26696,-3772,-22924,0,0,0,0,1,0
76,39062,729,57,-786,0,24025,1890,-25915,0,0,0,0,1,0
77,39583,620,227,-847,0,20432,7479,-27910,0,0,0,0,1,0
78,40104,487,388,-875,0,16053,12780,-28833,0,0,0,0,1,0
79,40625,335,534,-869,0,11058,17590,-28648,0,0,0,0,1,0
80,41145,171,659,-830,0,5637,21724,-27362,0,0,0,0,1,0
81,41666,0,759,-759,0,0,25024,-25024,0,0,0,0,1,0
82,42187,-171,830,-659,0,-5637,27362,-21724,0,0,0,0,1,0
83,42708,-335,869,-534,0,-11058,28648,-17590,0,0,0,0,1,0
84,43229,-487,875,-388,0,-16053,28833,-12780,0,0,0,0,1,0
85,43750,-620,847,-227,0,-20432,27910,-7479,0,0,0,0,1,0
86,44270,-729,786,-57,0,-24025,25915,-1890,0,0,0,0,1,0
87,44791,-810,695,114,0,-26696,22924,3772,0,0,0,0,1,0
88,45312,-860,578,282,0,-28340,19052,9288,0,0,0,0,1,0
89,45833,-876,438,438,0,-28895,14448,14448,0,0,0,0,1,0
90,46354,-860,282,578,0,-28340,9288,19052,0,0,0,0,1,0
91,46875,-810,114,695,0,-26696,3772,22924,0,0,0,0,1,0
92,47395,-729,-57,786,0,-24025,-1890,25915,0,0,0,0,1,0
93,47916,-620,-227,847,0,-20432,-7479,27910,0,0,0,0,1,0
94,48437,-487,-388,875,0,-16053,-12780,28833,0,0,0,0,1,0
95,48958,-335,-534,869,0,-11058,-17590,28648,0,0,0,0,1,0
96,49479,-171,-659,830,0,-5637,-21724,27362,0,0,0,0,1,0
97,50000,0,-5243,759,-4484,0,-2502,27026,0,1,0,0,1,0
98,50520,171,-6404,659,-5574,6088,-2736,23462,0,1,0,0,1,0
99,51041,335,-6763,534,-5894,11942,-2865,18997,0,1,0,0,1,0
100,51562,487,-6317,388,-5442,17337,-2883,13802,0,1,0,0,1,0
101,52083,620,-5093,227,-4246,22066,-2791,8077,0,1,0,0,1,0
102,52604,729,-3148,57,-2362,25947,-2592,2041,0,1,0,0,1,0
103,53125,810,-569,-114,126,28831,-2292,-4073,0,1,0,0,1,0
104,53645,860,2537,-282,3115,30607,-1905,-10031,0,1,0,0,1,0
105,54166,876,6040,-438,6478,31207,-1445,-15603,0,1,0,0,1,0
106,54687,860,9795,-578,10077,30607,-929,-20576,0,1,0,0,1,0
107,55208,810,13650,-695,13764,28831,-377,-24758,0,1,0,0,1,0
108,55729,729,17446,-786,17389,25947,189,-27988,0,1,0,0,1,0
109,56250,620,21029,-847,20803,22066,748,-30143,0,1,0,0,1,0
110,56770,487,24253,-875,23865,17337,1278,-31140,0,1,0,0,1,0
111,57291,335,26983,-869,26450,11942,1759,-30940,0,1,0,0,1,0
112,57812,171,29108,-830,28449,6088,2172,-29551,0,1,0,0,1,0
113,58333,0,30537,-759,29778,0,2502,-27026,0,1,0,0,1,0
114,58854,-171,31207,-659,30377,-6088,2736,-23462,0,1,0,0,1,0
115,59375,-335,31083,-534,30214,-11942,2865,-18997,0,1,0,0,1,0
116,59895,-487,30164,-388,29290,-17337,2883,-13802,0,1,0,0,1,0
117,60416,-620,28477,-227,27630,-22066,2791,-8077,0,1,0,0,1,0
118,60937,-729,26078,-57,25291,-25947,2592,-2041,0,1,0,0,1,0
119,61458,-810,23052,114,22357,-28831,2292,4073,0,1,0,0,1,0
120,61979,-860,19509,282,18931,-30607,1905,10031,0,1,0,0,1,0
121,62500,-876,15578,438,15139,-31207,1445,15603,0,1,0,0,1,0
122,63020,-860,11402,578,11120,-30607,929,20576,0,1,0,0,1,0
123,63541,-810,7135,695,7021,-28831,377,24758,0,1,0,0,1,0
124,64062,-729,2934,786,2992,-25947,-189,27988,0,1,0,0,1,0
125,64583,-620,-1045,847,-818,-22066,-748,30143,0,1,0,0,1,0
126,65104,-487,-4657,875,-4269,-17337,-1278,31140,0,1,0,0,1,0
127,65625,-335,-7768,869,-7235,-11942,-1759,30940,0,1,0,0,1,0
128,66145,-171,-10267,830,-9608,-6088,-2172,29551,0,1,0,0,1,0
129,66666,0,-12062,759,-11303,0,-2502,27026,0,1,0,0,1,0
130,67187,171,-13091,659,-12261,6088,-2736,23462,0,1,0,0,1,0
131,67708,335,-13320,534,-12451,11942,-2865,18997,0,1,0,0,1,0
132,68229,487,-12746,388,-11871,17337,-2883,13802,0,1,0,0,1,0
133,68750,620,-11397,227,-10550,22066,-2791,8077,0,1,0,0,1,0
134,69270,729,-9330,57,-8544,25947,-2592,2041,0,1,0,0,1,0
135,69791,0,0,0,0,0,0,0,1,0,0,0,0,0
136,70312,0,0,0,0,0,0,0,1,0,0,0,0,0
137,70833,0,0,0,0,0,0,0,1,0,0,0,0,0
138,71354,0,0,0,0,0,0,0,1,0,0,0,0,0
139,71875,0,0,0,0,0,0,0,1,0,0,0,0,0
140,72395,0,0,0,0,0,0,0,1,0,0,0,0,0
141,72916,0,0,0,0,0,0,0,1,0,0,0,0,0
142,73437,0,0,0,0,0,0,0,1,0,0,0,0,0
143,73958,0,0,0,0,0,0,0,1,0,0,0,0,0
144,74479,0,0,0,0,0,0,0,1,0,0,0,0,0
145,75000,0,0,0,0,0,0,0,1,0,0,0,0,0
146,75520,0,0,0,0,0,0,0,1,0,0,0,0,0
147,76041,0,0,0,0,0,0,0,1,0,0,0,0,0
148,76562,0,0,0,0,0,0,0,1,0,0,0,0,0
149,77083,0,0,0,0,0,0,0,1,0,0,0,0,0
150,77604,0,0,0,0,0,0,0,1,0,0,0,0,0
151,78125,0,0,0,0,0,0,0,1,0,0,0,0,0
152,78645,0,0,0,0,0,0,0,1,0,0,0,0,0
153,79166,0,0,0,0,0,0,0,1,0,0,0,0,0
154,79687,0,0,0,0,0,0,0,1,0,0,0,0,0
155,80208,0,0,0,0,0,0,0,1,0,0,0,0,0
156,80729,0,0,0,0,0,0,0,1,0,0,0,0,0
157,81250,0,0,0,0,0,0,0,1,0,0,0,0,0
158,81770,0,0,0,0,0,0,0,1,0,0,0,0,0
159,82291,0,0,0,0,0,0,0,1,0,0,0,0,0
160,82812,0,0,0,0,0,0,0,1,0,0,0,0,0
161,83333,0,0,0,0,0,0,0,1,0,0,0,0,0
162,83854,0,0,0,0,0,0,0,1,0,0,0,0,0
163,84375,0,0,0,0,0,0,0,1,0,0,0,0,0
164,84895,0,0,0,0,0,0,0,1,0,0,0,0,0
165,85416,0,0,0,0,0,0,0,1,0,0,0,0,0
166,85937,0,0,0,0,0,0,0,1,0,0,0,0,0
167,86458,0,0,0,0,0,0,0,1,0,0,0,0,0
168,86979,0,0,0,0,0,0,0,1,0,0,0,0,0
169,87500,0,0,0,0,0,0,0,1,0,0,0,0,0
170,88020,0,0,0,0,0,0,0,1,0,0,0,0,0
171,88541,0,0,0,0,0,0,0,1,0,0,0,0,0
172,89062,0,0,0,0,0,0,0,1,0,0,0,0,0
173,89583,0,0,0,0,0,0,0,1,0,0,0,0,0
174,90104,0,0,0,0,0,0,0,1,0,0,0,0,0
175,90625,0,0,0,0,0,0,0,1,0,0,0,0,0
176,91145,0,0,0,0,0,0,0,1,0,0,0,0,0
177,91666,0,0,0,0,0,0,0,1,0,0,0,0,0
178,92187,0,0,0,0,0,0,0,1,0,0,0,0,0
179,92708,0,0,0,0,0,0,0,1,0,0,0,0,0
180,93229,0,0,0,0,0,0,0,1,0,0,0,0,0
181,93750,0,0,0,0,0,0,0,1,0,0,0,0,0
182,94270,0,0,0,0,0,0,0,1,0,0,0,0,0
183,94791,0,0,0,0,0,0,0,1,0,0,0,0,0
184,95312,0,0,0,0,0,0,0,1,0,0,0,0,0
185,95833,0,0,0,0,0,0,0,1,0,0,0,0,0
186,96354,0,0,0,0,0,0,0,1,0,0,0,0,0
187,96875,0,0,0,0,0,0,0,1,0,0,0,0,0
188,97395,0,0,0,0,0,0,0,1,0,0,0,0,0
189,97916,0,0,0,0,0,0,0,1,0,0,0,0,0
190,98437,0,0,0,0,0,0,0,1,0,0,0,0,0
191,98958,0,0,0,0,0,0,0,1,0,0,0,0,0
192,99479,0,0,0,0,0,0,0,1,0,0,0,0,0
193,100000,0,0,0,0,0,0,0,1,0,0,0,0,0
194,100520,0,0,0,0,0,0,0,1,0,0,0,0,0
195,101041,0,0,0,0,0,0,0,1,0,0,0,0,0
196,101562,0,0,0,0,0,0,0,1,0,0,0,0,0
197,102083,0,0,0,0,0,0,0,1,0,0,0,0,0
198,102604,0,0,0,0,0,0,0,1,0,0,0,0,0
199,103125,0,0,0,0,0,0,0,1,0,0,0,0,0
200,103645,0,0,0,0,0,0,0,1,0,0,0,0,0
201,104166,0,0,0,0,0,0,0,1,0,0,0,0,0
202,104687,0,0,0,0,0,0,0,1,0,0,0,0,0
203,105208,0,0,0,0,0,0,0,1,0,0,0,0,0
204,105729,0,0,0,0,0,0,0,1,0,0,0,0,0
205,106250,0,0,0,0,0,0,0,1,0,0,0,0,0
206,106770,0,0,0,0,0,0,0,1,0,0,0,0,0
207,107291,0,0,0,0,0,0,0,1,0,0,0,0,0
208,107812,0,0,0,0,0,0,0,1,0,0,0,0,0
209,108333,0,0,0,0,0,0,0,1,0,0,0,0,0
210,108854,0,0,0,0,0,0,0,1,0,0,0,0,0
211,109375,0,0,0,0,0,0,0,1,0,0,0,0,0
212,109895,0,0,0,0,0,0,0,1,0,0,0,0,0
213,110416,0,0,0,0,0,0,0,1,0,0,0,0,0
214,110937,0,0,0,0,0,0,0,1,0,0,0,0,0
215,111458,0,0,0,0,0,0,0,1,0,0,0,0,0
216,111979,0,0,0,0,0,0,0,1,0,0,0,0,0
217,112500,0,0,0,0,0,0,0,1,0,0,0,0,0
218,113020,0,0,0,0,0,0,0,1,0,0,0,0,0
219,113541,0,0,0,0,0,0,0,1,0,0,0,0,0
220,114062,0,0,0,0,0,0,0,1,0,0,0,0,0
221,114583,0,0,0,0,0,0,0,1,0,0,0,0,0
222,115104,0,0,0,0,0,0,0,1,0,0,0,0,0
223,115625,0,0,0,0,0,0,0,1,0,0,0,0,0
224,116145,0,0,0,0,0,0,0,1,0,0,0,0,0
225,116666,0,0,0,0,0,0,0,1,0,0,0,0,0
226,117187,0,0,0,0,0,0,0,1,0,0,0,0,0
227,117708,0,0,0,0,0,0,0,1,0,0,0,0,0
228,118229,0,0,0,0,0,0,0,1,0,0,0,0,0
229,118750,0,0,0,0,0,0,0,1,0,0,0,0,0
230,119270,0,0,0,0,0,0,0,1,0,0,0,0,0
231,119791,0,0,0,0,0,0,0,1,0,0,0,0,0
232,120312,0,0,0,0,0,0,0,1,0,0,0,0,0
233,120833,0,0,0,0,0,0,0,1,0,0,0,0,0
234,121354,0,0,0,0,0,0,0,1,0,0,0,0,0
235,121875,0,0,0,0,0,0,0,1,0,0,0,0,0
236,122395,0,0,0,0,0,0,0,1,0,0,0,0,0
237,122916,0,0,0,0,0,0,0,1,0,0,0,0,0
238,123437,0,0,0,0,0,0,0,1,0,0,0,0,0
239,123958,0,0,0,0,0,0,0,1,0,0,0,0,0
240,124479,0,0,0,0,0,0,0,1,0,0,0,0,0
241,125000,0,0,0,0,0,0,0,1,0,0,0,0,0
242,125520,0,0,0,0,0,0,0,1,0,0,0,0,0
243,126041,0,0,0,0,0,0,0,1,0,0,0,0,0
244,126562,0,0,0,0,0,0,0,1,0,0,0,0,0
245,127083,0,0,0,0,0,0,0,1,0,0,0,0,0
246,127604,0,0,0,0,0,0,0,1,0,0,0,0,0
247,128124,0,0,0,0,0,0,0,1,0,0,0,0,0
248,128645,0,0,0,0,0,0,0,1,0,0,0,0,0
249,129166,0,0,0,0,0,0,0,1,0,0,0,0,0
250,129687,0,0,0,0,0,0,0,1,0,0,0,0,0
251,130208,0,0,0,0,0,0,0,1,0,0,0,0,0
252,130729,0,0,0,0,0,0,0,1,0,0,0,0,0
253,131250,0,0,0,0,0,0,0,1,0,0,0,0,0
254,131770,0,0,0,0,0,0,0,1,0,0,0,0,0
255,132291,0,0,0,0,0,0,0,1,0,0,0,0,0
256,132812,0,0,0,0,0,0,0,1,0,0,0,0,0
257,133333,0,0,0,0,0,0,0,1,0,0,0,0,0
258,133854,0,0,0,0,0,0,0,1,0,0,0,0,0
259,134375,0,0,0,0,0,0,0,1,0,0,0,0,0
260,134895,0,0,0,0,0,0,0,1,0,0,0,0,0
261,135416,0,0,0,0,0,0,0,1,0,0,0,0,0
262,135937,0,0,0,0,0,0,0,1,0,0,0,0,0
263,136458,0,0,0,0,0,0,0,1,0,0,0,0,0
264,136979,0,0,0,0,0,0,0,1,0,0,0,0,0
265,137500,0,0,0,0,0,0,0,1,0,0,0,0,0
266,138020,0,0,0,0,0,0,0,1,0,0,0,0,0
267,138541,0,0,0,0,0,0,0,1,0,0,0,0,0
268,139062,0,0,0,0,0,0,0,1,0,0,0,0,0
269,139583,0,0,0,0,0,0,0,1,0,0,0,0,0
270,140104,0,0,0,0,0,0,0,1,0,0,0,0,0
271,140625,0,0,0,0,0,0,0,1,0,0,0,0,0
272,141145,0,0,0,0,0,0,0,1,0,0,0,0,0
273,141666,0,0,0,0,0,0,0,1,0,0,0,0,0
274,142187,0,0,0,0,0,0,0,1,0,0,0,0,0
275,142708,0,0,0,0,0,0,0,1,0,0,0,0,0
276,143229,0,0,0,0,0,0,0,1,0,0,0,0,0
277,143750,0,0,0,0,0,0,0,1,0,0,0,0,0
278,144270,0,0,0,0,0,0,0,1,0,0,0,0,0
279,144791,0,0,0,0,0,0,0,1,0,0,0,0,0
280,145312,0,0,0,0,0,0,0,1,0,0,0,0,0
281,145833,0,0,0,0,0,0,0,1,0,0,0,0,0
282,146354,0,0,0,0,0,0,0,1,0,0,0,0,0
283,146875,0,0,0,0,0,0,0,1,0,0,0,0,0
284,147395,0,0,0,0,0,0,0,1,0,0,0,0,0
285,147916,0,0,0,0,0,0,0,1,0,0,0,0,0
286,148437,0,0,0,0,0,0,0,1,0,0,0,0,0
287,148958,0,0,0,0,0,0,0,1,0,0,0,0,0
288,149479,0,0,0,0,0,0,0,1,0,0,0,0,0
289,150000,0,0,0,0,0,0,0,1,0,0,0,0,0
290,150520,0,0,0,0,0,0,0,1,0,0,0,0,0
291,151041,0,0,0,0,0,0,0,1,0,0,0,0,0
292,151562,0,0,0,0,0,0,0,1,0,0,0,0,0
293,152083,0,0,0,0,0,0,0,1,0,0,0,0,0
294,152604,0,0,0,0,0,0,0,1,0,0,0,0,0
295,153125,0,0,0,0,0,0,0,1,0,0,0,0,0
296,153645,0,0,0,0,0,0,0,1,0,0,0,0,0
297,154166,0,0,0,0,0,0,0,1,0,0,0,0,0
298,154687,0,0,0,0,0,0,0,1,0,0,0,0,0
299,155208,0,0,0,0,0,0,0,1,0,0,0,0,0
300,155729,0,0,0,0,0,0,0,1,0,0,0,0,0
301,156250,0,0,0,0,0,0,0,1,0,0,0,0,0
302,156770,0,0,0,0,0,0,0,1,0,0,0,0,0
303,157291,0,0,0,0,0,0,0,1,0,0,0,0,0
304,157812,0,0,0,0,0,0,0,1,0,0,0,0,0
305,158333,0,0,0,0,0,0,0,1,0,0,0,0,0
306,158854,0,0,0,0,0,0,0,1,0,0,0,0,0
307,159375,0,0,0,0,0,0,0,1,0,0,0,0,0
308,159895,0,0,0,0,0,0,0,1,0,0,0,0,0
309,160416,0,0,0,0,0,0,0,1,0,0,0,0,0
310,160937,0,0,0,0,0,0,0,1,0,0,0,0,0
311,161458,0,0,0,0,0,0,0,1,0,0,0,0,0
312,161979,0,0,0,0,0,0,0,1,0,0,0,0,0
313,162500,0,0,0,0,0,0,0,1,0,0,0,0,0
314,163020,0,0,0,0,0,0,0,1,0,0,0,0,0
315,163541,0,0,0,0,0,0,0,1,0,0,0,0,0
316,164062,0,0,0,0,0,0,0,1,0,0,0,0,0
317,164583,0,0,0,0,0,0,0,1,0,0,0,0,0
318,165104,0,0,0,0,0,0,0,1,0,0,0,0,0
319,165625,0,0,0,0,0,0,0,1,0,0,0,0,0
320,166145,0,0,0,0,0,0,0,1,0,0,0,0,0
321,166666,0,0,0,0,0,0,0,1,0,0,0,0,0
322,167187,0,0,0,0,0,0,0,1,0,0,0,0,0
323,167708,0,0,0,0,0,0,0,1,0,0,0,0,0
324,168229,0,0,0,0,0,0,0,1,0,0,0,0,0
325,168750,0,0,0,0,0,0,0,1,0,0,0,0,0
326,169270,0,0,0,0,0,0,0,1,0,0,0,0,0
327,169791,0,0,0,0,0,0,0,1,0,0,0,0,0
328,170312,0,0,0,0,0,0,0,1,0,0,0,0,0
329,170833,0,0,0,0,0,0,0,1,0,0,0,0,0
330,171354,0,0,0,0,0,0,0,1,0,0,0,0,0
331,171875,0,0,0,0,0,0,0,1,0,0,0,0,0
332,172395,0,0,0,0,0,0,0,1,0,0,0,0,0
333,172916,0,0,0,0,0,0,0,1,0,0,0,0,0
334,173437,0,0,0,0,0,0,0,1,0,0,0,0,0
335,173958,0,0,0,0,0,0,0,1,0,0,0,0,0
336,174479,0,0,0,0,0,0,0,1,0,0,0,0,0
337,175000,0,0,0,0,0,0,0,1,0,0,0,0,0
338,175520,0,0,0,0,0,0,0,1,0,0,0,0,0
339,176041,0,0,0,0,0,0,0,1,0,0,0,0,0
340,176562,0,0,0,0,0,0,0,1,0,0,0,0,0
341,177083,0,0,0,0,0,0,0,1,0,0,0,0,0
342,177604,0,0,0,0,0,0,0,1,0,0,0,0,0
343,178125,0,0,0,0,0,0,0,1,0,0,0,0,0
344,178645,0,0,0,0,0,0,0,1,0,0,0,0,0
345,179166,0,0,0,0,0,0,0,1,0,0,0,0,0
346,179687,0,0,0,0,0,0,0,1,0,0,0,0,0
347,180208,0,0,0,0,0,0,0,1,0,0,0,0,0
348,180729,0,0,0,0,0,0,0,1,0,0,0,0,0
349,181250,0,0,0,0,0,0,0,1,0,0,0,0,0
350,181770,0,0,0,0,0,0,0,1,0,0,0,0,0
351,182291,0,0,0,0,0,0,0,1,0,0,0,0,0
352,182812,0,0,0,0,0,0,0,1,0,0,0,0,0
353,183333,0,0,0,0,0,0,0,1,0,0,0,0,0
354,183854,0,0,0,0,0,0,0,1,0,0,0,0,0
355,184375,0,0,0,0,0,0,0,1,0,0,0,0,0
356,184895,0,0,0,0,0,0,0,1,0,0,0,0,0
357,185416,0,0,0,0,0,0,0,1,0,0,0,0,0
358,185937,0,0,0,0,0,0,0,1,0,0,0,0,0
359,186458,0,0,0,0,0,0,0,1,0,0,0,0,0
360,186979,0,0,0,0,0,0,0,1,0,0,0,0,0
361,187500,0,0,0,0,0,0,0,1,0,0,0,0,0
362,188020,0,0,0,0,0,0,0,1,0,0,0,0,0
363,188541,0,0,0,0,0,0,0,1,0,0,0,0,0
364,189062,0,0,0,0,0,0,0,1,0,0,0,0,0
365,189583,0,0,0,0,0,0,0,1,0,0,0,0,0
366,190104,0,0,0,0,0,0,0,1,0,0,0,0,0
367,190625,0,0,0,0,0,0,0,1,0,0,0,0,0
368,191145,0,0,0,0,0,0,0,1,0,0,0,0,0
369,191666,0,0,0,0,0,0,0,1,0,0,0,0,0
370,192187,0,0,0,0,0,0,0,1,0,0,0,0,0
371,192708,0,0,0,0,0,0,0,1,0,0,0,0,0
372,193229,0,0,0,0,0,0,0,1,0,0,0,0,0
373,193750,0,0,0,0,0,0,0,1,0,0,0,0,0
374,194270,0,0,0,0,0,0,0,1,0,0,0,0,0
375,194791,0,0,0,0,0,0,0,1,0,0,0,0,0
376,195312,0,0,0,0,0,0,0,1,0,0,0,0,0
377,195833,0,0,0,0,0,0,0,1,0,0,0,0,0
378,196354,0,0,0,0,0,0,0,1,0,0,0,0,0
379,196875,0,0,0,0,0,0,0,1,0,0,0,0,0
380,197395,0,0,0,0,0,0,0,1,0,0,0,0,0
381,197916,0,0,0,0,0,0,0,1,0,0,0,0,0
382,198437,0,0,0,0,0,0,0,1,0,0,0,0,0
383,198958,0,0,0,0,0,0,0,1,0,0,0,0,0
384,199479,0,0,0,0,0,0,0,1,0,0,0,0,0
385,200000,0,0,0,0,0,0,0,1,0,0,0,0,0
386,200520,0,0,0,0,0,0,0,1,0,0,0,0,0
387,201041,0,0,0,0,0,0,0,1,0,0,0,0,0
388,201562,0,0,0,0,0,0,0,1,0,0,0,0,0
389,202083,0,0,0,0,0,0,0,1,0,0,0,0,0
390,202604,0,0,0,0,0,0,0,1,0,0,0,0,0
391,203125,0,0,0,0,0,0,0,1,0,0,0,0,0
392,203645,0,0,0,0,0,0,0,1,0,0,0,0,0
393,204166,0,0,0,0,0,0,0,1,0,0,0,0,0
394,204687,0,0,0,0,0,0,0,1,0,0,0,0,0
395,205208,0,0,0,0,0,0,0,1,0,0,0,0,0
396,205729,0,0,0,0,0,0,0,1,0,0,0,0,0
397,206250,0,0,0,0,0,0,0,1,0,0,0,0,0
398,206770,0,0,0,0,0,0,0,1,0,0,0,0,0
399,207291,0,0,0,0,0,0,0,1,0,0,0,0,0
400,207812,0,0,0,0,0,0,0,1,0,0,0,0,0
401,208333,0,0,0,0,0,0,0,1,0,0,0,0,0
402,208854,0,0,0,0,0,0,0,1,0,0,0,0,0
403,209375,0,0,0,0,0,0,0,1,0,0,0,0,0
404,209895,0,0,0,0,0,0,0,1,0,0,0,0,0
405,210416,0,0,0,0,0,0,0,1,0,0,0,0,0
406,210937,0,0,0,0,0,0,0,1,0,0,0,0,0
407,211458,0,0,0,0,0,0,0,1,0,0,0,0,0
408,211979,0,0,0,0,0,0,0,1,0,0,0,0,0
409,212500,0,0,0,0,0,0,0,1,0,0,0,0,0
410,213020,0,0,0,0,0,0,0,1,0,0,0,0,0
411,213541,0,0,0,0,0,0,0,1,0,0,0,0,0
412,214062,0,0,0,0,0,0,0,1,0,0,0,0,0
413,214583,0,0,0,0,0,0,0,1,0,0,0,0,0
414,215104,0,0,0,0,0,0,0,1,0,0,0,0,0
415,215625,0,0,0,0,0,0,0,1,0,0,0,0,0
416,216145,0,0,0,0,0,0,0,1,0,0,0,0,0
417,216666,0,0,0,0,0,0,0,1,0,0,0,0,0
418,217187,0,0,0,0,0,0,0,1,0,0,0,0,0
419,217708,0,0,0,0,0,0,0,1,0,0,0,0,0
420,218229,0,0,0,0,0,0,0,1,0,0,0,0,0
421,218750,0,0,0,0,0,0,0,1,0,0,0,0,0
422,219270,0,0,0,0,0,0,0,1,0,0,0,0,0
423,219791,0,0,0,0,0,0,0,1,0,0,0,0,0
424,220312,0,0,0,0,0,0,0,1,0,0,0,0,0
425,220833,0,0,0,0,0,0,0,1,0,0,0,0,0
426,221354,0,0,0,0,0,0,0,1,0,0,0,0,0
427,221875,0,0,0,0,0,0,0,1,0,0,0,0,0
428,222395,0,0,0,0,0,0,0,1,0,0,0,0,0
429,222916,0,0,0,0,0,0,0,1,0,0,0,0,0
430,223437,0,0,0,0,0,0,0,1,0,0,0,0,0
431,223958,0,0,0,0,0,0,0,1,0,0,0,0,0
432,224479,0,0,0,0,0,0,0,1,0,0,0,0,0
433,225000,0,0,0,0,0,0,0,1,0,0,0,0,0
434,225520,0,0,0,0,0,0,0,1,0,0,0,0,0
435,226041,0,0,0,0,0,0,0,1,0,0,0,0,0
436,226562,0,0,0,0,0,0,0,1,0,0,0,0,0
437,227083,0,0,0,0,0,0,0,1,0,0,0,0,0
438,227604,0,0,0,0,0,0,0,1,0,0,0,0,0
439,228125,0,0,0,0,0,0,0,1,0,0,0,0,0
440,228645,0,0,0,0,0,0,0,1,0,0,0,0,0
441,229166,0,0,0,0,0,0,0,1,0,0,0,0,0
442,229687,0,0,0,0,0,0,0,1,0,0,0,0,0
443,230208,0,0,0,0,0,0,0,1,0,0,0,0,0
444,230729,0,0,0,0,0,0,0,1,0,0,0,0,0
445,231250,0,0,0,0,0,0,0,1,0,0,0,0,0
446,231770,0,0,0,0,0,0,0,1,0,0,0,0,0
447,232291,0,0,0,0,0,0,0,1,0,0,0,0,0
448,232812,0,0,0,0,0,0,0,1,0,0,0,0,0
449,233333,0,0,0,0,0,0,0,1,0,0,0,0,0
450,233854,0,0,0,0,0,0,0,1,0,0,0,0,0
451,234375,0,0,0,0,0,0,0,1,0,0,0,0,0
452,234895,0,0,0,0,0,0,0,1,0,0,0,0,0
453,235416,0,0,0,0,0,0,0,1,0,0,0,0,0
454,235937,0,0,0,0,0,0,0,1,0,0,0,0,0
455,236458,0,0,0,0,0,0,0,1,0,0,0,0,0
456,236979,0,0,0,0,0,0,0,1,0,0,0,0,0
457,237500,0,0,0,0,0,0,0,1,0,0,0,0,0
458,238020,0,0,0,0,0,0,0,1,0,0,0,0,0
459,238541,0,0,0,0,0,0,0,1,0,0,0,0,0
460,239062,0,0,0,0,0,0,0,1,0,0,0,0,0
461,239583,0,0,0,0,0,0,0,1,0,0,0,0,0
462,240104,0,0,0,0,0,0,0,1,0,0,0,0,0
463,240625,0,0,0,0,0,0,0,1,0,0,0,0,0
464,241145,0,0,0,0,0,0,0,1,0,0,0,0,0
465,241666,0,0,0,0,0,0,0,1,0,0,0,0,0
466,242187,0,0,0,0,0,0,0,1,0,0,0,0,0
467,242708,0,0,0,0,0,0,0,1,0,0,0,0,0
468,243229,0,0,0,0,0,0,0,1,0,0,0,0,0
469,243750,0,0,0,0,0,0,0,1,0,0,0,0,0
470,244270,0,0,0,0,0,0,0,1,0,0,0,0,0
471,244791,0,0,0,0,0,0,0,1,0,0,0,0,0
472,245312,0,0,0,0,0,0,0,1,0,0,0,0,0
473,245833,0,0,0,0,0,0,0,1,0,0,0,0,0
474,246354,0,0,0,0,0,0,0,1,0,0,0,0,0
475,246875,0,0,0,0,0,0,0,1,0,0,0,0,0
476,247395,0,0,0,0,0,0,0,1,0,0,0,0,0
477,247916,0,0,0,0,0,0,0,1,0,0,0,0,0
478,248437,0,0,0,0,0,0,0,1,0,0,0,0,0
479,248958,0,0,0,0,0,0,0,1,0,0,0,0,0
480,249479,0,0,0,0,0,0,0,1,0,0,0,0,0
481,250000,0,0,0,0,0,0,0,1,0,0,0,0,0
482,250520,0,0,0,0,0,0,0,1,0,0,0,0,0
483,251041,0,0,0,0,0,0,0,1,0,0,0,0,0
484,251562,0,0,0,0,0,0,0,1,0,0,0,0,0
485,252083,0,0,0,0,0,0,0,1,0,0,0,0,0
486,252604,0,0,0,0,0,0,0,1,0,0,0,0,0
487,253125,0,0,0,0,0,0,0,1,0,0,0,0,0
488,253645,0,0,0,0,0,0,0,1,0,0,0,0,0
489,254166,0,0,0,0,0,0,0,1,0,0,0,0,0
490,254687,0,0,0,0,0,0,0,1,0,0,0,0,0
491,255208,0,0,0,0,0,0,0,1,0,0,0,0,0
492,255729,0,0,0,0,0,0,0,1,0,0,0,0,0
493,256249,0,0,0,0,0,0,0,1,0,0,0,0,0
494,256770,0,0,0,0,0,0,0,1,0,0,0,0,0
495,257291,0,0,0,0,0,0,0,1,0,0,0,0,0
496,257812,0,0,0,0,0,0,0,1,0,0,0,0,0
497,258333,0,0,0,0,0,0,0,1,0,0,0,0,0
498,258854,0,0,0,0,0,0,0,1,0,0,0,0,0
499,259375,0,0,0,0,0,0,0,1,0,0,0,0,0
500,259895,0,0,0,0,0,0,0,1,0,0,0,0,0
501,260416,0,0,0,0,0,0,0,1,0,0,0,0,0
502,260937,0,0,0,0,0,0,0,1,0,0,0,0,0
503,261458,0,0,0,0,0,0,0,1,0,0,0,0,0
504,261979,0,0,0,0,0,0,0,1,0,0,0,0,0
505,262500,0,0,0,0,0,0,0,1,0,0,0,0,0
506,263020,0,0,0,0,0,0,0,1,0,0,0,0,0
507,263541,0,0,0,0,0,0,0,1,0,0,0,0,0
508,264062,0,0,0,0,0,0,0,1,0,0,0,0,0
509,264583,0,0,0,0,0,0,0,1,0,0,0,0,0
510,265104,0,0,0,0,0,0,0,1,0,0,0,0,0
511,265625,0,0,0,0,0,0,0,1,0,0,0,0,0
512,266145,0,0,0,0,0,0,0,1,0,0,0,0,0
513,266666,0,0,0,0,0,0,0,1,0,0,0,0,0
514,267187,0,0,0,0,0,0,0,1,0,0,0,0,0
515,267708,0,0,0,0,0,0,0,1,0,0,0,0,0
516,268229,0,0,0,0,0,0,0,1,0,0,0,0,0
517,268750,0,0,0,0,0,0,0,1,0,0,0,0,0
518,269270,0,0,0,0,0,0,0,1,0,0,0,0,0
519,269791,0,0,0,0,0,0,0,1,0,0,0,0,0
520,270312,0,0,0,0,0,0,0,1,0,0,0,0,0
521,270833,0,0,0,0,0,0,0,1,0,0,0,0,0
522,271354,0,0,0,0,0,0,0,1,0,0,0,0,0
523,271875,0,0,0,0,0,0,0,1,0,0,0,0,0
524,272395,0,0,0,0,0,0,0,1,0,0,0,0,0
525,272916,0,0,0,0,0,0,0,1,0,0,0,0,0
526,273437,0,0,0,0,0,0,0,1,0,0,0,0,0
527,273958,0,0,0,0,0,0,0,1,0,0,0,0,0
528,274479,0,0,0,0,0,0,0,1,0,0,0,0,0
529,275000,0,0,0,0,0,0,0,1,0,0,0,0,0
530,275520,0,0,0,0,0,0,0,1,0,0,0,0,0
531,276041,0,0,0,0,0,0,0,1,0,0,0,0,0
532,276562,0,0,0,0,0,0,0,1,0,0,0,0,0
533,277083,0,0,0,0,0,0,0,1,0,0,0,0,0
534,277604,0,0,0,0,0,0,0,1,0,0,0,0,0
535,278125,0,0,0,0,0,0,0,1,0,0,0,0,0
536,278645,0,0,0,0,0,0,0,1,0,0,0,0,0
537,279166,0,0,0,0,0,0,0,1,0,0,0,0,0
538,279687,0,0,0,0,0,0,0,1,0,0,0,0,0
539,280208,0,0,0,0,0,0,0,1,0,0,0,0,0
540,280729,0,0,0,0,0,0,0,1,0,0,0,0,0
541,281250,0,0,0,0,0,0,0,1,0,0,0,0,0
542,281770,0,0,0,0,0,0,0,1,0,0,0,0,0
543,282291,0,0,0,0,0,0,0,1,0,0,0,0,0
544,282812,0,0,0,0,0,0,0,1,0,0,0,0,0
545,283333,0,0,0,0,0,0,0,1,0,0,0,0,0
546,283854,0,0,0,0,0,0,0,1,0,0,0,0,0
547,284375,0,0,0,0,0,0,0,1,0,0,0,0,0
548,284895,0,0,0,0,0,0,0,1,0,0,0,0,0
549,285416,0,0,0,0,0,0,0,1,0,0,0,0,0
550,285937,0,0,0,0,0,0,0,1,0,0,0,0,0
551,286458,0,0,0,0,0,0,0,1,0,0,0,0,0
552,286979,0,0,0,0,0,0,0,1,0,0,0,0,0
553,287500,0,0,0,0,0,0,0,1,0,0,0,0,0
554,288020,0,0,0,0,0,0,0,1,0,0,0,0,0
555,288541,0,0,0,0,0,0,0,1,0,0,0,0,0
556,289062,0,0,0,0,0,0,0,1,0,0,0,0,0
557,289583,0,0,0,0,0,0,0,1,0,0,0,0,0
558,290104,0,0,0,0,0,0,0,1,0,0,0,0,0
559,290625,0,0,0,0,0,0,0,1,0,0,0,0,0
560,291145,0,0,0,0,0,0,0,1,0,0,0,0,0
561,291666,0,0,0,0,0,0,0,1,0,0,0,0,0
562,292187,0,0,0,0,0,0,0,1,0,0,0,0,0
563,292708,0,0,0,0,0,0,0,1,0,0,0,0,0
564,293229,0,0,0,0,0,0,0,1,0,0,0,0,0
565,293750,0,0,0,0,0,0,0,1,0,0,0,0,0
566,294270,0,0,0,0,0,0,0,1,0,0,0,0,0
567,294791,0,0,0,0,0,0,0,1,0,0,0,0,0
568,295312,0,0,0,0,0,0,0,1,0,0,0,0,0
569,295833,0,0,0,0,0,0,0,1,0,0,0,0,0
570,296354,0,0,0,0,0,0,0,1,0,0,0,0,0
571,296875,0,0,0,0,0,0,0,1,0,0,0,0,0
572,297395,0,0,0,0,0,0,0,1,0,0,0,0,0
573,297916,0,0,0,0,0,0,0,1,0,0,0,0,0
574,298437,0,0,0,0,0,0,0,1,0,0,0,0,0
575,298958,0,0,0,0,0,0,0,1,0,0,0,0,0
576,299479,0,0,0,0,0,0,0,1,0,0,0,0,0
577,300000,0,0,0,0,0,0,0,1,0,0,0,0,0
578,300520,0,0,0,0,0,0,0,1,0,0,0,0,0
579,301041,0,0,0,0,0,0,0,1,0,0,0,0,0
580,301562,0,0,0,0,0,0,0,1,0,0,0,0,0
581,302083,0,0,0,0,0,0,0,1,0,0,0,0,0
582,302604,0,0,0,0,0,0,0,1,0,0,0,0,0
583,303125,0,0,0,0,0,0,0,1,0,0,0,0,0
584,303645,0,0,0,0,0,0,0,1,0,0,0,0,0
585,304166,0,0,0,0,0,0,0,1,0,0,0,0,0
586,304687,0,0,0,0,0,0,0,1,0,0,0,0,0
587,305208,0,0,0,0,0,0,0,1,0,0,0,0,0
588,305729,0,0,0,0,0,0,0,1,0,0,0,0,0
589,306250,0,0,0,0,0,0,0,1,0,0,0,0,0
590,306770,0,0,0,0,0,0,0,1,0,0,0,0,0
591,307291,0,0,0,0,0,0,0,1,0,0,0,0,0
592,307812,0,0,0,0,0,0,0,1,0,0,0,0,0
593,308333,0,0,0,0,0,0,0,1,0,0,0,0,0
594,308854,0,0,0,0,0,0,0,1,0,0,0,0,0
595,309375,0,0,0,0,0,0,0,1,0,0,0,0,0
596,309895,0,0,0,0,0,0,0,1,0,0,0,0,0
597,310416,0,0,0,0,0,0,0,1,0,0,0,0,0
598,310937,0,0,0,0,0,0,0,1,0,0,0,0,0
599,311458,0,0,0,0,0,0,0,1,0,0,0,0,0
600,311979,0,0,0,0,0,0,0,1,0,0,0,0,0
601,312500,0,0,0,0,0,0,0,1,0,0,0,0,0
602,313020,0,0,0,0,0,0,0,1,0,0,0,0,0
603,313541,0,0,0,0,0,0,0,1,0,0,0,0,0
604,314062,0,0,0,0,0,0,0,1,0,0,0,0,0
605,314583,0,0,0,0,0,0,0,1,0,0,0,0,0
606,315104,0,0,0,0,0,0,0,1,0,0,0,0,0
607,315625,0,0,0,0,0,0,0,1,0,0,0,0,0
608,316145,0,0,0,0,0,0,0,1,0,0,0,0,0
609,316666,0,0,0,0,0,0,0,1,0,0,0,0,0
610,317187,0,0,0,0,0,0,0,1,0,0,0,0,0
611,317708,0,0,0,0,0,0,0,1,0,0,0,0,0
612,318229,0,0,0,0,0,0,0,1,0,0,0,0,0
613,318750,0,0,0,0,0,0,0,1,0,0,0,0,0
614,319270,0,0,0,0,0,0,0,1,0,0,0,0,0
615,319791,0,0,0,0,0,0,0,1,0,0,0,0,0
616,320312,0,0,0,0,0,0,0,1,0,0,0,0,0
617,320833,0,0,0,0,0,0,0,1,0,0,0,0,0
618,321354,0,0,0,0,0,0,0,1,0,0,0,0,0
619,321875,0,0,0,0,0,0,0,1,0,0,0,0,0
620,322395,0,0,0,0,0,0,0,1,0,0,0,0,0
621,322916,0,0,0,0,0,0,0,1,0,0,0,0,0
622,323437,0,0,0,0,0,0,0,1,0,0,0,0,0
623,323958,0,0,0,0,0,0,0,1,0,0,0,0,0
624,324479,0,0,0,0,0,0,0,1,0,0,0,0,0
625,325000,0,0,0,0,0,0,0,1,0,0,0,0,0
626,325520,0,0,0,0,0,0,0,1,0,0,0,0,0
627,326041,0,0,0,0,0,0,0,1,0,0,0,0,0
628,326562,0,0,0,0,0,0,0,1,0,0,0,0,0
629,327083,0,0,0,0,0,0,0,1,0,0,0,0,0
630,327604,0,0,0,0,0,0,0,1,0,0,0,0,0
631,328125,0,0,0,0,0,0,0,1,0,0,0,0,0
632,328645,0,0,0,0,0,0,0,1,0,0,0,0,0
633,329166,0,0,0,0,0,0,0,1,0,0,0,0,0
634,329687,0,0,0,0,0,0,0,1,0,0,0,0,0
635,330208,0,0,0,0,0,0,0,1,0,0,0,0,0
636,330729,0,0,0,0,0,0,0,1,0,0,0,0,0
637,331250,0,0,0,0,0,0,0,1,0,0,0,0,0
638,331770,0,0,0,0,0,0,0,1,0,0,0,0,0
639,332291,0,0,0,0,0,0,0,1,0,0,0,0,0
640,332812,0,0,0,0,0,0,0,1,0,0,0,0,0
641,333333,0,0,0,0,0,0,0,1,0,0,0,0,0
642,333854,0,0,0,0,0,0,0,1,0,0,0,0,0
643,334375,0,0,0,0,0,0,0,1,0,0,0,0,0
644,334895,0,0,0,0,0,0,0,1,0,0,0,0,0
645,335416,0,0,0,0,0,0,0,1,0,0,0,0,0
646,335937,0,0,0,0,0,0,0,1,0,0,0,0,0
647,336458,0,0,0,0,0,0,0,1,0,0,0,0,0
648,336979,0,0,0,0,0,0,0,1,0,0,0,0,0
649,337500,0,0,0,0,0,0,0,1,0,0,0,0,0
650,338020,0,0,0,0,0,0,0,1,0,0,0,0,0
651,338541,0,0,0,0,0,0,0,1,0,0,0,0,0
652,339062,0,0,0,0,0,0,0,1,0,0,0,0,0
653,339583,0,0,0,0,0,0,0,1,0,0,0,0,0
654,340104,0,0,0,0,0,0,0,1,0,0,0,0,0
655,340625,0,0,0,0,0,0,0,1,0,0,0,0,0
656,341145,0,0,0,0,0,0,0,1,0,0,0,0,0
657,341666,0,0,0,0,0,0,0,1,0,0,0,0,0
658,342187,0,0,0,0,0,0,0,1,0,0,0,0,0
659,342708,0,0,0,0,0,0,0,1,0,0,0,0,0
660,343229,0,0,0,0,0,0,0,1,0,0,0,0,0
661,343750,0,0,0,0,0,0,0,1,0,0,0,0,0
662,344270,0,0,0,0,0,0,0,1,0,0,0,0,0
663,344791,0,0,0,0,0,0,0,1,0,0,0,0,0
664,345312,0,0,0,0,0,0,0,1,0,0,0,0,0
665,345833,0,0,0,0,0,0,0,1,0,0,0,0,0
666,346354,0,0,0,0,0,0,0,1,0,0,0,0,0
667,346875,0,0,0,0,0,0,0,1,0,0,0,0,0
668,347395,0,0,0,0,0,0,0,1,0,0,0,0,0
669,347916,0,0,0,0,0,0,0,1,0,0,0,0,0
670,348437,0,0,0,0,0,0,0,1,0,0,0,0,0
671,348958,0,0,0,0,0,0,0,1,0,0,0,0,0
672,349479,0,0,0,0,0,0,0,1,0,0,0,0,0
673,350000,0,0,0,0,0,0,0,1,0,0,0,0,0
674,350520,0,0,0,0,0,0,0,1,0,0,0,0,0
675,351041,0,0,0,0,0,0,0,1,0,0,0,0,0
676,351562,0,0,0,0,0,0,0,1,0,0,0,0,0
677,352083,0,0,0,0,0,0,0,1,0,0,0,0,0
678,352604,0,0,0,0,0,0,0,1,0,0,0,0,0
679,353125,0,0,0,0,0,0,0,1,0,0,0,0,0
680,353645,0,0,0,0,0,0,0,1,0,0,0,0,0
681,354166,0,0,0,0,0,0,0,1,0,0,0,0,0
682,354687,0,0,0,0,0,0,0,1,0,0,0,0,0
683,355208,0,0,0,0,0,0,0,1,0,0,0,0,0
684,355729,0,0,0,0,0,0,0,1,0,0,0,0,0
685,356250,0,0,0,0,0,0,0,1,0,0,0,0,0
686,356770,0,0,0,0,0,0,0,1,0,0,0,0,0
687,357291,0,0,0,0,0,0,0,1,0,0,0,0,0
688,357812,0,0,0,0,0,0,0,1,0,0,0,0,0
689,358333,0,0,0,0,0,0,0,1,0,0,0,0,0
690,358854,0,0,0,0,0,0,0,1,0,0,0,0,0
691,359375,0,0,0,0,0,0,0,1,0,0,0,0,0
692,359895,0,0,0,0,0,0,0,1,0,0,0,0,0
693,360416,0,0,0,0,0,0,0,1,0,0,0,0,0
694,360937,0,0,0,0,0,0,0,1,0,0,0,0,0
695,361458,0,0,0,0,0,0,0,1,0,0,0,0,0
696,361979,0,0,0,0,0,0,0,1,0,0,0,0,0
697,362500,0,0,0,0,0,0,0,1,0,0,0,0,0
698,363020,0,0,0,0,0,0,0,1,0,0,0,0,0
699,363541,0,0,0,0,0,0,0,1,0,0,0,0,0
700,364062,0,0,0,0,0,0,0,1,0,0,0,0,0
701,364583,0,0,0,0,0,0,0,1,0,0,0,0,0
702,365104,0,0,0,0,0,0,0,1,0,0,0,0,0
703,365625,0,0,0,0,0,0,0,1,0,0,0,0,0
704,366145,0,0,0,0,0,0,0,1,0,0,0,0,0
705,366666,0,0,0,0,0,0,0,1,0,0,0,0,0
706,367187,0,0,0,0,0,0,0,1,0,0,0,0,0
707,367708,0,0,0,0,0,0,0,1,0,0,0,0,0
708,368229,0,0,0,0,0,0,0,1,0,0,0,0,0
709,368750,0,0,0,0,0,0,0,1,0,0,0,0,0
710,369270,0,0,0,0,0,0,0,1,0,0,0,0,0
711,369791,0,0,0,0,0,0,0,1,0,0,0,0,0
712,370312,0,0,0,0,0,0,0,1,0,0,0,0,0
713,370833,0,0,0,0,0,0,0,1,0,0,0,0,0
714,371354,0,0,0,0,0,0,0,1,0,0,0,0,0
715,371875,0,0,0,0,0,0,0,1,0,0,0,0,0
716,372395,0,0,0,0,0,0,0,1,0,0,0,0,0
717,372916,0,0,0,0,0,0,0,1,0,0,0,0,0
718,373437,0,0,0,0,0,0,0,1,0,0,0,0,0
719,373958,0,0,0,0,0,0,0,1,0,0,0,0,0
720,374479,0,0,0,0,0,0,0,1,0,0,0,0,0
721,375000,0,0,0,0,0,0,0,1,0,0,0,0,0
722,375520,0,0,0,0,0,0,0,1,0,0,0,0,0
723,376041,0,0,0,0,0,0,0,1,0,0,0,0,0
724,376562,0,0,0,0,0,0,0,1,0,0,0,0,0
725,377083,0,0,0,0,0,0,0,1,0,0,0,0,0
726,377604,0,0,0,0,0,0,0,1,0,0,0,0,0
727,378125,0,0,0,0,0,0,0,1,0,0,0,0,0
728,378645,0,0,0,0,0,0,0,1,0,0,0,0,0
729,379166,0,0,0,0,0,0,0,1,0,0,0,0,0
730,379687,0,0,0,0,0,0,0,1,0,0,0,0,0
731,380208,0,0,0,0,0,0,0,1,0,0,0,0,0
732,380729,0,0,0,0,0,0,0,1,0,0,0,0,0
733,381250,0,0,0,0,0,0,0,1,0,0,0,0,0
734,381770,0,0,0,0,0,0,0,1,0,0,0,0,0
735,382291,0,0,0,0,0,0,0,1,0,0,0,0,0
736,382812,0,0,0,0,0,0,0,1,0,0,0,0,0
737,383333,0,0,0,0,0,0,0,1,0,0,0,0,0
738,383854,0,0,0,0,0,0,0,1,0,0,0,0,0
739,384375,0,0,0,0,0,0,0,1,0,0,0,0,0
740,384895,0,0,0,0,0,0,0,1,0,0,0,0,0
741,385416,0,0,0,0,0,0,0,1,0,0,0,0,0
742,385937,0,0,0,0,0,0,0,1,0,0,0,0,0
743,386458,0,0,0,0,0,0,0,1,0,0,0,0,0
744,386979,0,0,0,0,0,0,0,1,0,0,0,0,0
745,387500,0,0,0,0,0,0,0,1,0,0,0,0,0
746,388020,0,0,0,0,0,0,0,1,0,0,0,0,0
747,388541,0,0,0,0,0,0,0,1,0,0,0,0,0
748,389062,0,0,0,0,0,0,0,1,0,0,0,0,0
749,389583,0,0,0,0,0,0,0,1,0,0,0,0,0
750,390104,0,0,0,0,0,0,0,1,0,0,0,0,0
751,390625,0,0,0,0,0,0,0,1,0,0,0,0,0
752,391145,0,0,0,0,0,0,0,1,0,0,0,0,0
753,391666,0,0,0,0,0,0,0,1,0,0,0,0,0
754,392187,0,0,0,0,0,0,0,1,0,0,0,0,0
755,392708,0,0,0,0,0,0,0,1,0,0,0,0,0
756,393229,0,0,0,0,0,0,0,1,0,0,0,0,0
757,393750,0,0,0,0,0,0,0,1,0,0,0,0,0
758,394270,0,0,0,0,0,0,0,1,0,0,0,0,0
759,394791,0,0,0,0,0,0,0,1,0,0,0,0,0
760,395312,0,0,0,0,0,0,0,1,0,0,0,0,0
761,395833,0,0,0,0,0,0,0,1,0,0,0,0,0
762,396354,0,0,0,0,0,0,0,1,0,0,0,0,0
763,396875,0,0,0,0,0,0,0,1,0,0,0,0,0
764,397395,0,0,0,0,0,0,0,1,0,0,0,0,0
765,397916,0,0,0,0,0,0,0,1,0,0,0,0,0
766,398437,0,0,0,0,0,0,0,1,0,0,0,0,0
767,398958,0,0,0,0,0,0,0,1,0,0,0,0,0
768,399479,0,0,0,0,0,0,0,1,0,0,0,0,0
769,400000,0,0,0,0,0,0,0,1,0,0,0,0,0
770,400520,0,0,0,0,0,0,0,1,0,0,0,0,0
771,401041,0,0,0,0,0,0,0,1,0,0,0,0,0
772,401562,0,0,0,0,0,0,0,1,0,0,0,0,0
773,402083,0,0,0,0,0,0,0,1,0,0,0,0,0
774,402604,0,0,0,0,0,0,0,1,0,0,0,0,0
775,403125,0,0,0,0,0,0,0,1,0,0,0,0,0
776,403645,0,0,0,0,0,0,0,1,0,0,0,0,0
777,404166,0,0,0,0,0,0,0,1,0,0,0,0,0
778,404687,0,0,0,0,0,0,0,1,0,0,0,0,0
779,405208,0,0,0,0,0,0,0,1,0,0,0,0,0
780,405729,0,0,0,0,0,0,0,1,0,0,0,0,0
781,406250,0,0,0,0,0,0,0,1,0,0,0,0,0
782,406770,0,0,0,0,0,0,0,1,0,0,0,0,0
783,407291,0,0,0,0,0,0,0,1,0,0,0,0,0
784,407812,0,0,0,0,0,0,0,1,0,0,0,0,0
785,408333,0,0,0,0,0,0,0,1,0,0,0,0,0
786,408854,0,0,0,0,0,0,0,1,0,0,0,0,0
787,409375,0,0,0,0,0,0,0,1,0,0,0,0,0
788,409895,0,0,0,0,0,0,0,1,0,0,0,0,0
789,410416,0,0,0,0,0,0,0,1,0,0,0,0,0
790,410937,0,0,0,0,0,0,0,1,0,0,0,0,0
791,411458,0,0,0,0,0,0,0,1,0,0,0,0,0
792,411979,0,0,0,0,0,0,0,1,0,0,0,0,0
793,412500,0,0,0,0,0,0,0,1,0,0,0,0,0
794,413020,0,0,0,0,0,0,0,1,0,0,0,0,0
795,413541,0,0,0,0,0,0,0,1,0,0,0,0,0
796,414062,0,0,0,0,0,0,0,1,0,0,0,0,0
797,414583,0,0,0,0,0,0,0,1,0,0,0,0,0
798,415104,0,0,0,0,0,0,0,1,0,0,0,0,0
799,415625,0,0,0,0,0,0,0,1,0,0,0,0,0
800,416145,0,0,0,0,0,0,0,1,0,0,0,0,0
801,416666,0,0,0,0,0,0,0,1,0,0,0,0,0
802,417187,0,0,0,0,0,0,0,1,0,0,0,0,0
803,417708,0,0,0,0,0,0,0,1,0,0,0,0,0
804,418229,0,0,0,0,0,0,0,1,0,0,0,0,0
805,418750,0,0,0,0,0,0,0,1,0,0,0,0,0
806,419270,0,0,0,0,0,0,0,1,0,0,0,0,0
807,419791,0,0,0,0,0,0,0,1,0,0,0,0,0
808,420312,0,0,0,0,0,0,0,1,0,0,0,0,0
809,420833,0,0,0,0,0,0,0,1,0,0,0,0,0
810,421354,0,0,0,0,0,0,0,1,0,0,0,0,0
811,421875,0,0,0,0,0,0,0,1,0,0,0,0,0
812,422395,0,0,0,0,0,0,0,1,0,0,0,0,0
813,422916,0,0,0,0,0,0,0,1,0,0,0,0,0
814,423437,0,0,0,0,0,0,0,1,0,0,0,0,0
815,423958,0,0,0,0,0,0,0,1,0,0,0,0,0
816,424479,0,0,0,0,0,0,0,1,0,0,0,0,0
817,425000,0,0,0,0,0,0,0,1,0,0,0,0,0
818,425520,0,0,0,0,0,0,0,1,0,0,0,0,0
819,426041,0,0,0,0,0,0,0,1,0,0,0,0,0
820,426562,0,0,0,0,0,0,0,1,0,0,0,0,0
821,427083,0,0,0,0,0,0,0,1,0,0,0,0,0
822,427604,0,0,0,0,0,0,0,1,0,0,0,0,0
823,428125,0,0,0,0,0,0,0,1,0,0,0,0,0
824,428645,0,0,0,0,0,0,0,1,0,0,0,0,0
825,429166,0,0,0,0,0,0,0,1,0,0,0,0,0
826,429687,0,0,0,0,0,0,0,1,0,0,0,0,0
827,430208,0,0,0,0,0,0,0,1,0,0,0,0,0
828,430729,0,0,0,0,0,0,0,1,0,0,0,0,0
829,431250,0,0,0,0,0,0,0,1,0,0,0,0,0
830,431770,0,0,0,0,0,0,0,1,0,0,0,0,0
831,432291,0,0,0,0,0,0,0,1,0,0,0,0,0
832,432812,0,0,0,0,0,0,0,1,0,0,0,0,0
833,433333,0,0,0,0,0,0,0,1,0,0,0,0,0
834,433854,0,0,0,0,0,0,0,1,0,0,0,0,0
835,434375,0,0,0,0,0,0,0,1,0,0,0,0,0
836,434895,0,0,0,0,0,0,0,1,0,0,0,0,0
837,435416,0,0,0,0,0,0,0,1,0,0,0,0,0
838,435937,0,0,0,0,0,0,0,1,0,0,0,0,0
839,436458,0,0,0,0,0,0,0,1,0,0,0,0,0
840,436979,0,0,0,0,0,0,0,1,0,0,0,0,0
841,437500,0,0,0,0,0,0,0,1,0,0,0,0,0
842,438020,0,0,0,0,0,0,0,1,0,0,0,0,0
843,438541,0,0,0,0,0,0,0,1,0,0,0,0,0
844,439062,0,0,0,0,0,0,0,1,0,0,0,0,0
845,439583,0,0,0,0,0,0,0,1,0,0,0,0,0
846,440104,0,0,0,0,0,0,0,1,0,0,0,0,0
847,440625,0,0,0,0,0,0,0,1,0,0,0,0,0
848,441145,0,0,0,0,0,0,0,1,0,0,0,0,0
849,441666,0,0,0,0,0,0,0,1,0,0,0,0,0
850,442187,0,0,0,0,0,0,0,1,0,0,0,0,0
851,442708,0,0,0,0,0,0,0,1,0,0,0,0,0
852,443229,0,0,0,0,0,0,0,1,0,0,0,0,0
853,443750,0,0,0,0,0,0,0,1,0,0,0,0,0
854,444270,0,0,0,0,0,0,0,1,0,0,0,0,0
855,444791,0,0,0,0,0,0,0,1,0,0,0,0,0
856,445312,0,0,0,0,0,0,0,1,0,0,0,0,0
857,445833,0,0,0,0,0,0,0,1,0,0,0,0,0
858,446354,0,0,0,0,0,0,0,1,0,0,0,0,0
859,446875,0,0,0,0,0,0,0,1,0,0,0,0,0
860,447395,0,0,0,0,0,0,0,1,0,0,0,0,0
861,447916,0,0,0,0,0,0,0,1,0,0,0,0,0
862,448437,0,0,0,0,0,0,0,1,0,0,0,0,0
863,448958,0,0,0,0,0,0,0,1,0,0,0,0,0
864,449479,0,0,0,0,0,0,0,1,0,0,0,0,0
865,450000,0,0,0,0,0,0,0,1,0,0,0,0,0
866,450520,0,0,0,0,0,0,0,1,0,0,0,0,0
867,451041,0,0,0,0,0,0,0,1,0,0,0,0,0
868,451562,0,0,0,0,0,0,0,1,0,0,0,0,0
869,452083,0,0,0,0,0,0,0,1,0,0,0,0,0
870,452604,0,0,0,0,0,0,0,1,0,0,0,0,0
871,453125,0,0,0,0,0,0,0,1,0,0,0,0,0
872,453645,0,0,0,0,0,0,0,1,0,0,0,0,0
873,454166,0,0,0,0,0,0,0,1,0,0,0,0,0
874,454687,0,0,0,0,0,0,0,1,0,0,0,0,0
875,455208,0,0,0,0,0,0,0,1,0,0,0,0,0
876,455729,0,0,0,0,0,0,0,1,0,0,0,0,0
877,456250,0,0,0,0,0,0,0,1,0,0,0,0,0
878,456770,0,0,0,0,0,0,0,1,0,0,0,0,0
879,457291,0,0,0,0,0,0,0,1,0,0,0,0,0
880,457812,0,0,0,0,0,0,0,1,0,0,0,0,0
881,458333,0,0,0,0,0,0,0,1,0,0,0,0,0
882,458854,0,0,0,0,0,0,0,1,0,0,0,0,0
883,459375,0,0,0,0,0,0,0,1,0,0,0,0,0
884,459895,0,0,0,0,0,0,0,1,0,0,0,0,0
885,460416,0,0,0,0,0,0,0,1,0,0,0,0,0
886,460937,0,0,0,0,0,0,0,1,0,0,0,0,0
887,461458,0,0,0,0,0,0,0,1,0,0,0,0,0
888,461979,0,0,0,0,0,0,0,1,0,0,0,0,0
889,462500,0,0,0,0,0,0,0,1,0,0,0,0,0
890,463020,0,0,0,0,0,0,0,1,0,0,0,0,0
891,463541,0,0,0,0,0,0,0,1,0,0,0,0,0
892,464062,0,0,0,0,0,0,0,1,0,0,0,0,0
893,464583,0,0,0,0,0,0,0,1,0,0,0,0,0
894,465104,0,0,0,0,0,0,0,1,0,0,0,0,0
895,465625,0,0,0,0,0,0,0,1,0,0,0,0,0
896,466145,0,0,0,0,0,0,0,1,0,0,0,0,0
897,466666,0,0,0,0,0,0,0,1,0,0,0,0,0
898,467187,0,0,0,0,0,0,0,1,0,0,0,0,0
899,467708,0,0,0,0,0,0,0,1,0,0,0,0,0
900,468229,0,0,0,0,0,0,0,1,0,0,0,0,0
901,468750,0,0,0,0,0,0,0,1,0,0,0,0,0
902,469270,0,0,0,0,0,0,0,1,0,0,0,0,0
903,469791,0,0,0,0,0,0,0,1,0,0,0,0,0
904,470312,0,0,0,0,0,0,0,1,0,0,0,0,0
905,470833,0,0,0,0,0,0,0,1,0,0,0,0,0
906,471354,0,0,0,0,0,0,0,1,0,0,0,0,0
907,471875,0,0,0,0,0,0,0,1,0,0,0,0,0
908,472395,0,0,0,0,0,0,0,1,0,0,0,0,0
909,472916,0,0,0,0,0,0,0,1,0,0,0,0,0
910,473437,0,0,0,0,0,0,0,1,0,0,0,0,0
911,473958,0,0,0,0,0,0,0,1,0,0,0,0,0
912,474479,0,0,0,0,0,0,0,1,0,0,0,0,0
913,475000,0,0,0,0,0,0,0,1,0,0,0,0,0
914,475520,0,0,0,0,0,0,0,1,0,0,0,0,0
915,476041,0,0,0,0,0,0,0,1,0,0,0,0,0
916,476562,0,0,0,0,0,0,0,1,0,0,0,0,0
917,477083,0,0,0,0,0,0,0,1,0,0,0,0,0
918,477604,0,0,0,0,0,0,0,1,0,0,0,0,0
919,478125,0,0,0,0,0,0,0,1,0,0,0,0,0
920,478645,0,0,0,0,0,0,0,1,0,0,0,0,0
921,479166,0,0,0,0,0,0,0,1,0,0,0,0,0
922,479687,0,0,0,0,0,0,0,1,0,0,0,0,0
923,480208,0,0,0,0,0,0,0,1,0,0,0,0,0
924,480729,0,0,0,0,0,0,0,1,0,0,0,0,0
925,481250,0,0,0,0,0,0,0,1,0,0,0,0,0
926,481770,0,0,0,0,0,0,0,1,0,0,0,0,0
927,482291,0,0,0,0,0,0,0,1,0,0,0,0,0
928,482812,0,0,0,0,0,0,0,1,0,0,0,0,0
929,483333,0,0,0,0,0,0,0,1,0,0,0,0,0
930,483854,0,0,0,0,0,0,0,1,0,0,0,0,0
931,484375,0,0,0,0,0,0,0,1,0,0,0,0,0
932,484895,0,0,0,0,0,0,0,1,0,0,0,0,0
933,485416,0,0,0,0,0,0,0,1,0,0,0,0,0
934,485937,0,0,0,0,0,0,0,1,0,0,0,0,0
935,486458,0,0,0,0,0,0,0,1,0,0,0,0,0
936,486979,0,0,0,0,0,0,0,1,0,0,0,0,0
937,487500,0,0,0,0,0,0,0,1,0,0,0,0,0
938,488020,0,0,0,0,0,0,0,1,0,0,0,0,0
939,488541,0,0,0,0,0,0,0,1,0,0,0,0,0
940,489062,0,0,0,0,0,0,0,1,0,0,0,0,0
941,489583,0,0,0,0,0,0,0,1,0,0,0,0,0
942,490104,0,0,0,0,0,0,0,1,0,0,0,0,0
943,490625,0,0,0,0,0,0,0,1,0,0,0,0,0
944,491145,0,0,0,0,0,0,0,1,0,0,0,0,0
945,491666,0,0,0,0,0,0,0,1,0,0,0,0,0
946,492187,0,0,0,0,0,0,0,1,0,0,0,0,0
947,492708,0,0,0,0,0,0,0,1,0,0,0,0,0
948,493229,0,0,0,0,0,0,0,1,0,0,0,0,0
949,493750,0,0,0,0,0,0,0,1,0,0,0,0,0
950,494270,0,0,0,0,0,0,0,1,0,0,0,0,0
951,494791,0,0,0,0,0,0,0,1,0,0,0,0,0
952,495312,0,0,0,0,0,0,0,1,0,0,0,0,0
953,495833,0,0,0,0,0,0,0,1,0,0,0,0,0
954,496354,0,0,0,0,0,0,0,1,0,0,0,0,0
955,496875,0,0,0,0,0,0,0,1,0,0,0,0,0
956,497395,0,0,0,0,0,0,0,1,0,0,0,0,0
957,497916,0,0,0,0,0,0,0,1,0,0,0,0,0
958,498437,0,0,0,0,0,0,0,1,0,0,0,0,0
959,498958,0,0,0,0,0,0,0,1,0,0,0,0,0
960,499479,0,0,0,0,0,0,0,1,0,0,0,0,0
961,500000,0,0,0,0,0,0,0,1,0,0,0,0,0
962,500520,0,0,0,0,0,0,0,1,0,0,0,0,0
963,501041,0,0,0,0,0,0,0,1,0,0,0,0,0
964,501562,0,0,0,0,0,0,0,1,0,0,0,0,0
965,502083,0,0,0,0,0,0,0,1,0,0,0,0,0
966,502604,0,0,0,0,0,0,0,1,0,0,0,0,0
967,503125,0,0,0,0,0,0,0,1,0,0,0,0,0
968,503645,0,0,0,0,0,0,0,1,0,0,0,0,0
969,504166,0,0,0,0,0,0,0,1,0,0,0,0,0
970,504687,0,0,0,0,0,0,0,1,0,0,0,0,0
971,505208,0,0,0,0,0,0,0,1,0,0,0,0,0
972,505729,0,0,0,0,0,0,0,1,0,0,0,0,0
973,506250,0,0,0,0,0,0,0,1,0,0,0,0,0
974,506770,0,0,0,0,0,0,0,1,0,0,0,0,0
975,507291,0,0,0,0,0,0,0,1,0,0,0,0,0
976,507812,0,0,0,0,0,0,0,1,0,0,0,0,0
977,508333,0,0,0,0,0,0,0,1,0,0,0,0,0
978,508854,0,0,0,0,0,0,0,1,0,0,0,0,0
979,509375,0,0,0,0,0,0,0,1,0,0,0,0,0
980,509895,0,0,0,0,0,0,0,1,0,0,0,0,0
981,510416,0,0,0,0,0,0,0,1,0,0,0,0,0
982,510937,0,0,0,0,0,0,0,1,0,0,0,0,0
983,511458,0,0,0,0,0,0,0,1,0,0,0,0,0
984,511979,0,0,0,0,0,0,0,1,0,0,0,0,0
985,512499,0,0,0,0,0,0,0,1,0,0,0,0,0
986,513020,0,0,0,0,0,0,0,1,0,0,0,0,0
987,513541,0,0,0,0,0,0,0,1,0,0,0,0,0
988,514062,0,0,0,0,0,0,0,1,0,0,0,0,0
989,514583,0,0,0,0,0,0,0,1,0,0,0,0,0
990,515104,0,0,0,0,0,0,0,1,0,0,0,0,0
991,515625,0,0,0,0,0,0,0,1,0,0,0,0,0
992,516145,0,0,0,0,0,0,0,1,0,0,0,0,0
993,516666,0,0,0,0,0,0,0,1,0,0,0,0,0
994,517187,0,0,0,0,0,0,0,1,0,0,0,0,0
995,517708,0,0,0,0,0,0,0,1,0,0,0,0,0
996,518229,0,0,0,0,0,0,0,1,0,0,0,0,0
997,518750,0,0,0,0,0,0,0,1,0,0,0,0,0
998,519270,0,0,0,0,0,0,0,1,0,0,0,0,0
999,519791,0,0,0,0,0,0,0,1,0,0,0,0,0
1000,520312,0,0,0,0,0,0,0,1,0,0,0,0,0
1001,520833,0,0,0,0,0,0,0,1,0,0,0,0,0
1002,521354,0,0,0,0,0,0,0,1,0,0,0,0,0
1003,521875,0,0,0,0,0,0,0,1,0,0,0,0,0
1004,522395,0,0,0,0,0,0,0,1,0,0,0,0,0
1005,522916,0,0,0,0,0,0,0,1,0,0,0,0,0
1006,523437,0,0,0,0,0,0,0,1,0,0,0,0,0
1007,523958,0,0,0,0,0,0,0,1,0,0,0,0,0
1008,524479,0,0,0,0,0,0,0,1,0,0,0,0,0
1009,525000,0,0,0,0,0,0,0,1,0,0,0,0,0
1010,525520,0,0,0,0,0,0,0,1,0,0,0,0,0
1011,526041,0,0,0,0,0,0,0,1,0,0,0,0,0
1012,526562,0,0,0,0,0,0,0,1,0,0,0,0,0
1013,527083,0,0,0,0,0,0,0,1,0,0,0,0,0
1014,527604,0,0,0,0,0,0,0,1,0,0,0,0,0
1015,528125,0,0,0,0,0,0,0,1,0,0,0,0,0
1016,528645,0,0,0,0,0,0,0,1,0,0,0,0,0
1017,529166,0,0,0,0,0,0,0,1,0,0,0,0,0
1018,529687,0,0,0,0,0,0,0,1,0,0,0,0,0
1019,530208,0,0,0,0,0,0,0,1,0,0,0,0,0
1020,530729,0,0,0,0,0,0,0,1,0,0,0,0,0
1021,531250,0,0,0,0,0,0,0,1,0,0,0,0,0
1022,531770,0,0,0,0,0,0,0,1,0,0,0,0,0
1023,532291,0,0,0,0,0,0,0,1,0,0,0,0,0
1024,532812,0,0,0,0,0,0,0,1,0,0,0,0,0
1025,533333,0,0,0,0,0,0,0,1,0,0,0,0,0
1026,533854,0,0,0,0,0,0,0,1,0,0,0,0,0
1027,534375,0,0,0,0,0,0,0,1,0,0,0,0,0
1028,534895,0,0,0,0,0,0,0,1,0,0,0,0,0
1029,535416,0,0,0,0,0,0,0,1,0,0,0,0,0
1030,535937,0,0,0,0,0,0,0,1,0,0,0,0,0
1031,536458,0,0,0,0,0,0,0,1,0,0,0,0,0
1032,536979,0,0,0,0,0,0,0,1,0,0,0,0,0
1033,537500,0,0,0,0,0,0,0,1,0,0,0,0,0
1034,538020,0,0,0,0,0,0,0,1,0,0,0,0,0
1035,538541,0,0,0,0,0,0,0,1,0,0,0,0,0
1036,539062,0,0,0,0,0,0,0,1,0,0,0,0,0
1037,539583,0,0,0,0,0,0,0,1,0,0,0,0,0
1038,540104,0,0,0,0,0,0,0,1,0,0,0,0,0
1039,540625,0,0,0,0,0,0,0,1,0,0,0,0,0
1040,541145,0,0,0,0,0,0,0,1,0,0,0,0,0
1041,541666,0,0,0,0,0,0,0,1,0,0,0,0,0
1042,542187,0,0,0,0,0,0,0,1,0,0,0,0,0
1043,542708,0,0,0,0,0,0,0,1,0,0,0,0,0
1044,543229,0,0,0,0,0,0,0,1,0,0,0,0,0
1045,543750,0,0,0,0,0,0,0,1,0,0,0,0,0
1046,544270,0,0,0,0,0,0,0,1,0,0,0,0,0
1047,544791,0,0,0,0,0,0,0,1,0,0,0,0,0
1048,545312,0,0,0,0,0,0,0,1,0,0,0,0,0
1049,545833,0,0,0,0,0,0,0,1,0,0,0,0,0
1050,546354,0,0,0,0,0,0,0,1,0,0,0,0,0
1051,546875,0,0,0,0,0,0,0,1,0,0,0,0,0
1052,547395,0,0,0,0,0,0,0,1,0,0,0,0,0
1053,547916,0,0,0,0,0,0,0,1,0,0,0,0,0
1054,548437,0,0,0,0,0,0,0,1,0,0,0,0,0
1055,548958,0,0,0,0,0,0,0,1,0,0,0,0,0
1056,549479,0,0,0,0,0,0,0,1,0,0,0,0,0
1057,550000,0,0,0,0,0,0,0,1,0,0,0,0,0
1058,550520,0,0,0,0,0,0,0,1,0,0,0,0,0
1059,551041,0,0,0,0,0,0,0,1,0,0,0,0,0
1060,551562,0,0,0,0,0,0,0,1,0,0,0,0,0
1061,552083,0,0,0,0,0,0,0,1,0,0,0,0,0
1062,552604,0,0,0,0,0,0,0,1,0,0,0,0,0
1063,553125,0,0,0,0,0,0,0,1,0,0,0,0,0
1064,553645,0,0,0,0,0,0,0,1,0,0,0,0,0
1065,554166,0,0,0,0,0,0,0,1,0,0,0,0,0
1066,554687,0,0,0,0,0,0,0,1,0,0,0,0,0
1067,555208,0,0,0,0,0,0,0,1,0,0,0,0,0
1068,555729,0,0,0,0,0,0,0,1,0,0,0,0,0
1069,556250,0,0,0,0,0,0,0,1,0,0,0,0,0
1070,556770,0,0,0,0,0,0,0,1,0,0,0,0,0
1071,557291,0,0,0,0,0,0,0,1,0,0,0,0,0
1072,557812,0,0,0,0,0,0,0,1,0,0,0,0,0
1073,558333,0,0,0,0,0,0,0,1,0,0,0,0,0
1074,558854,0,0,0,0,0,0,0,1,0,0,0,0,0
1075,559375,0,0,0,0,0,0,0,1,0,0,0,0,0
1076,559895,0,0,0,0,0,0,0,1,0,0,0,0,0
1077,560416,0,0,0,0,0,0,0,1,0,0,0,0,0
1078,560937,0,0,0,0,0,0,0,1,0,0,0,0,0
1079,561458,0,0,0,0,0,0,0,1,0,0,0,0,0
1080,561979,0,0,0,0,0,0,0,1,0,0,0,0,0
1081,562500,0,0,0,0,0,0,0,1,0,0,0,0,0
1082,563020,0,0,0,0,0,0,0,1,0,0,0,0,0
1083,563541,0,0,0,0,0,0,0,1,0,0,0,0,0
1084,564062,0,0,0,0,0,0,0,1,0,0,0,0,0
1085,564583,0,0,0,0,0,0,0,1,0,0,0,0,0
1086,565104,0,0,0,0,0,0,0,1,0,0,0,0,0
1087,565625,0,0,0,0,0,0,0,1,0,0,0,0,0
1088,566145,0,0,0,0,0,0,0,1,0,0,0,0,0
1089,566666,0,0,0,0,0,0,0,1,0,0,0,0,0
1090,567187,0,0,0,0,0,0,0,1,0,0,0,0,0
1091,567708,0,0,0,0,0,0,0,1,0,0,0,0,0
1092,568229,0,0,0,0,0,0,0,1,0,0,0,0,0
1093,568750,0,0,0,0,0,0,0,1,0,0,0,0,0
1094,569270,0,0,0,0,0,0,0,1,0,0,0,0,0
1095,569791,0,0,0,0,0,0,0,1,0,0,0,0,0
1096,570312,0,0,0,0,0,0,0,1,0,0,0,0,0
1097,570833,0,0,0,0,0,0,0,1,0,0,0,0,0
1098,571354,0,0,0,0,0,0,0,1,0,0,0,0,0
1099,571875,0,0,0,0,0,0,0,1,0,0,0,0,0
1100,572395,0,0,0,0,0,0,0,1,0,0,0,0,0
1101,572916,0,0,0,0,0,0,0,1,0,0,0,0,0
1102,573437,0,0,0,0,0,0,0,1,0,0,0,0,0
1103,573958,0,0,0,0,0,0,0,1,0,0,0,0,0
1104,574479,0,0,0,0,0,0,0,1,0,0,0,0,0
1105,575000,0,0,0,0,0,0,0,1,0,0,0,0,0
1106,575520,0,0,0,0,0,0,0,1,0,0,0,0,0
1107,576041,0,0,0,0,0,0,0,1,0,0,0,0,0
1108,576562,0,0,0,0,0,0,0,1,0,0,0,0,0
1109,577083,0,0,0,0,0,0,0,1,0,0,0,0,0
1110,577604,0,0,0,0,0,0,0,1,0,0,0,0,0
1111,578125,0,0,0,0,0,0,0,1,0,0,0,0,0
1112,578645,0,0,0,0,0,0,0,1,0,0,0,0,0
1113,579166,0,0,0,0,0,0,0,1,0,0,0,0,0
1114,579687,0,0,0,0,0,0,0,1,0,0,0,0,0
1115,580208,0,0,0,0,0,0,0,1,0,0,0,0,0
1116,580729,0,0,0,0,0,0,0,1,0,0,0,0,0
1117,581250,0,0,0,0,0,0,0,1,0,0,0,0,0
1118,581770,0,0,0,0,0,0,0,1,0,0,0,0,0
1119,582291,0,0,0,0,0,0,0,1,0,0,0,0,0
1120,582812,0,0,0,0,0,0,0,1,0,0,0,0,0
1121,583333,0,0,0,0,0,0,0,1,0,0,0,0,0
1122,583854,0,0,0,0,0,0,0,1,0,0,0,0,0
1123,584375,0,0,0,0,0,0,0,1,0,0,0,0,0
1124,584895,0,0,0,0,0,0,0,1,0,0,0,0,0
1125,585416,0,0,0,0,0,0,0,1,0,0,0,0,0
1126,585937,0,0,0,0,0,0,0,1,0,0,0,0,0
1127,586458,0,0,0,0,0,0,0,1,0,0,0,0,0
1128,586979,0,0,0,0,0,0,0,1,0,0,0,0,0
1129,587500,0,0,0,0,0,0,0,1,0,0,0,0,0
1130,588020,0,0,0,0,0,0,0,1,0,0,0,0,0
1131,588541,0,0,0,0,0,0,0,1,0,0,0,0,0
1132,589062,0,0,0,0,0,0,0,1,0,0,0,0,0
1133,589583,0,0,0,0,0,0,0,1,0,0,0,0,0
1134,590104,0,0,0,0,0,0,0,1,0,0,0,0,0
1135,590625,0,0,0,0,0,0,0,1,0,0,0,0,0
1136,591145,0,0,0,0,0,0,0,1,0,0,0,0,0
1137,591666,0,0,0,0,0,0,0,1,0,0,0,0,0
1138,592187,0,0,0,0,0,0,0,1,0,0,0,0,0
1139,592708,0,0,0,0,0,0,0,1,0,0,0,0,0
1140,593229,0,0,0,0,0,0,0,1,0,0,0,0,0
1141,593750,0,0,0,0,0,0,0,1,0,0,0,0,0
1142,594270,0,0,0,0,0,0,0,1,0,0,0,0,0
1143,594791,0,0,0,0,0,0,0,1,0,0,0,0,0
1144,595312,0,0,0,0,0,0,0,1,0,0,0,0,0
1145,595833,0,0,0,0,0,0,0,1,0,0,0,0,0
1146,596354,0,0,0,0,0,0,0,1,0,0,0,0,0
1147,596875,0,0,0,0,0,0,0,1,0,0,0,0,0
1148,597395,0,0,0,0,0,0,0,1,0,0,0,0,0
1149,597916,0,0,0,0,0,0,0,1,0,0,0,0,0
1150,598437,0,0,0,0,0,0,0,1,0,0,0,0,0
1151,598958,0,0,0,0,0,0,0,1,0,0,0,0,0
1152,599479,0,0,0,0,0,0,0,1,0,0,0,0,0
1153,600000,0,0,0,0,0,0,0,1,0,0,0,0,0
1154,600520,0,0,0,0,0,0,0,1,0,0,0,0,0
1155,601041,0,0,0,0,0,0,0,1,0,0,0,0,0
1156,601562,0,0,0,0,0,0,0,1,0,0,0,0,0
1157,602083,0,0,0,0,0,0,0,1,0,0,0,0,0
1158,602604,0,0,0,0,0,0,0,1,0,0,0,0,0
1159,603125,0,0,0,0,0,0,0,1,0,0,0,0,0
1160,603645,0,0,0,0,0,0,0,1,0,0,0,0,0
1161,604166,0,0,0,0,0,0,0,1,0,0,0,0,0
1162,604687,0,0,0,0,0,0,0,1,0,0,0,0,0
1163,605208,0,0,0,0,0,0,0,1,0,0,0,0,0
1164,605729,0,0,0,0,0,0,0,1,0,0,0,0,0
1165,606250,0,0,0,0,0,0,0,1,0,0,0,0,0
1166,606770,0,0,0,0,0,0,0,1,0,0,0,0,0
1167,607291,0,0,0,0,0,0,0,1,0,0,0,0,0
1168,607812,0,0,0,0,0,0,0,1,0,0,0,0,0
1169,608333,0,0,0,0,0,0,0,1,0,0,0,0,0
1170,608854,0,0,0,0,0,0,0,1,0,0,0,0,0
1171,609375,0,0,0,0,0,0,0,1,0,0,0,0,0
1172,609895,0,0,0,0,0,0,0,1,0,0,0,0,0
1173,610416,0,0,0,0,0,0,0,1,0,0,0,0,0
1174,610937,0,0,0,0,0,0,0,1,0,0,0,0,0
1175,611458,0,0,0,0,0,0,0,1,0,0,0,0,0
1176,611979,0,0,0,0,0,0,0,1,0,0,0,0,0
1177,612500,0,0,0,0,0,0,0,1,0,0,0,0,0
1178,613020,0,0,0,0,0,0,0,1,0,0,0,0,0
1179,613541,0,0,0,0,0,0,0,1,0,0,0,0,0
1180,614062,0,0,0,0,0,0,0,1,0,0,0,0,0
1181,614583,0,0,0,0,0,0,0,1,0,0,0,0,0
1182,615104,0,0,0,0,0,0,0,1,0,0,0,0,0
1183,615625,0,0,0,0,0,0,0,1,0,0,0,0,0
1184,616145,0,0,0,0,0,0,0,1,0,0,0,0,0
1185,616666,0,0,0,0,0,0,0,1,0,0,0,0,0
1186,617187,0,0,0,0,0,0,0,1,0,0,0,0,0
1187,617708,0,0,0,0,0,0,0,1,0,0,0,0,0
1188,618229,0,0,0,0,0,0,0,1,0,0,0,0,0
1189,618750,0,0,0,0,0,0,0,1,0,0,0,0,0
1190,619270,0,0,0,0,0,0,0,1,0,0,0,0,0
1191,619791,0,0,0,0,0,0,0,1,0,0,0,0,0
1192,620312,0,0,0,0,0,0,0,1,0,0,0,0,0
1193,620833,0,0,0,0,0,0,0,1,0,0,0,0,0
1194,621354,0,0,0,0,0,0,0,1,0,0,0,0,0
1195,621875,0,0,0,0,0,0,0,1,0,0,0,0,0
1196,622395,0,0,0,0,0,0,0,1,0,0,0,0,0
1197,622916,0,0,0,0,0,0,0,1,0,0,0,0,0
1198,623437,0,0,0,0,0,0,0,1,0,0,0,0,0
1199,623958,0,0,0,0,0,0,0,1,0,0,0,0,0
1200,624479,0,0,0,0,0,0,0,1,0,0,0,0,0
1201,625000,0,0,0,0,0,0,0,1,0,0,0,0,0
1202,625520,0,0,0,0,0,0,0,1,0,0,0,0,0
1203,626041,0,0,0,0,0,0,0,1,0,0,0,0,0
1204,626562,0,0,0,0,0,0,0,1,0,0,0,0,0
1205,627083,0,0,0,0,0,0,0,1,0,0,0,0,0
1206,627604,0,0,0,0,0,0,0,1,0,0,0,0,0
1207,628125,0,0,0,0,0,0,0,1,0,0,0,0,0
1208,628645,0,0,0,0,0,0,0,1,0,0,0,0,0
1209,629166,0,0,0,0,0,0,0,1,0,0,0,0,0
1210,629687,0,0,0,0,0,0,0,1,0,0,0,0,0
1211,630208,0,0,0,0,0,0,0,1,0,0,0,0,0
1212,630729,0,0,0,0,0,0,0,1,0,0,0,0,0
1213,631250,0,0,0,0,0,0,0,1,0,0,0,0,0
1214,631770,0,0,0,0,0,0,0,1,0,0,0,0,0
1215,632291,0,0,0,0,0,0,0,1,0,0,0,0,0
1216,632812,0,0,0,0,0,0,0,1,0,0,0,0,0
1217,633333,0,0,0,0,0,0,0,1,0,0,0,0,0
1218,633854,0,0,0,0,0,0,0,1,0,0,0,0,0
1219,634375,0,0,0,0,0,0,0,1,0,0,0,0,0
1220,634895,0,0,0,0,0,0,0,1,0,0,0,0,0
1221,635416,0,0,0,0,0,0,0,1,0,0,0,0,0
1222,635937,0,0,0,0,0,0,0,1,0,0,0,0,0
1223,636458,0,0,0,0,0,0,0,1,0,0,0,0,0
1224,636979,0,0,0,0,0,0,0,1,0,0,0,0,0
1225,637500,0,0,0,0,0,0,0,1,0,0,0,0,0
1226,638020,0,0,0,0,0,0,0,1,0,0,0,0,0
1227,638541,0,0,0,0,0,0,0,1,0,0,0,0,0
1228,639062,0,0,0,0,0,0,0,1,0,0,0,0,0
1229,639583,0,0,0,0,0,0,0,1,0,0,0,0,0
1230,640104,0,0,0,0,0,0,0,1,0,0,0,0,0
1231,640625,0,0,0,0,0,0,0,1,0,0,0,0,0
1232,641145,0,0,0,0,0,0,0,1,0,0,0,0,0
1233,641666,0,0,0,0,0,0,0,1,0,0,0,0,0
1234,642187,0,0,0,0,0,0,0,1,0,0,0,0,0
1235,642708,0,0,0,0,0,0,0,1,0,0,0,0,0
1236,643229,0,0,0,0,0,0,0,1,0,0,0,0,0
1237,643750,0,0,0,0,0,0,0,1,0,0,0,0,0
1238,644270,0,0,0,0,0,0,0,1,0,0,0,0,0
1239,644791,0,0,0,0,0,0,0,1,0,0,0,0,0
1240,645312,0,0,0,0,0,0,0,1,0,0,0,0,0
1241,645833,0,0,0,0,0,0,0,1,0,0,0,0,0
1242,646354,0,0,0,0,0,0,0,1,0,0,0,0,0
1243,646875,0,0,0,0,0,0,0,1,0,0,0,0,0
1244,647395,0,0,0,0,0,0,0,1,0,0,0,0,0
1245,647916,0,0,0,0,0,0,0,1,0,0,0,0,0
1246,648437,0,0,0,0,0,0,0,1,0,0,0,0,0
1247,648958,0,0,0,0,0,0,0,1,0,0,0,0,0
1248,649479,0,0,0,0,0,0,0,1,0,0,0,0,0
1249,650000,0,0,0,0,0,0,0,1,0,0,0,0,0
1250,650520,0,0,0,0,0,0,0,1,0,0,0,0,0
1251,651041,0,0,0,0,0,0,0,1,0,0,0,0,0
1252,651562,0,0,0,0,0,0,0,1,0,0,0,0,0
1253,652083,0,0,0,0,0,0,0,1,0,0,0,0,0
1254,652604,0,0,0,0,0,0,0,1,0,0,0,0,0
1255,653125,0,0,0,0,0,0,0,1,0,0,0,0,0
1256,653645,0,0,0,0,0,0,0,1,0,0,0,0,0
1257,654166,0,0,0,0,0,0,0,1,0,0,0,0,0
1258,654687,0,0,0,0,0,0,0,1,0,0,0,0,0
1259,655208,0,0,0,0,0,0,0,1,0,0,0,0,0
1260,655729,0,0,0,0,0,0,0,1,0,0,0,0,0
1261,656250,0,0,0,0,0,0,0,1,0,0,0,0,0
1262,656770,0,0,0,0,0,0,0,1,0,0,0,0,0
1263,657291,0,0,0,0,0,0,0,1,0,0,0,0,0
1264,657812,0,0,0,0,0,0,0,1,0,0,0,0,0
1265,658333,0,0,0,0,0,0,0,1,0,0,0,0,0
1266,658854,0,0,0,0,0,0,0,1,0,0,0,0,0
1267,659375,0,0,0,0,0,0,0,1,0,0,0,0,0
1268,659895,0,0,0,0,0,0,0,1,0,0,0,0,0
1269,660416,0,0,0,0,0,0,0,1,0,0,0,0,0
1270,660937,0,0,0,0,0,0,0,1,0,0,0,0,0
1271,661458,0,0,0,0,0,0,0,1,0,0,0,0,0
1272,661979,0,0,0,0,0,0,0,1,0,0,0,0,0
1273,662500,0,0,0,0,0,0,0,1,0,0,0,0,0
1274,663020,0,0,0,0,0,0,0,1,0,0,0,0,0
1275,663541,0,0,0,0,0,0,0,1,0,0,0,0,0
1276,664062,0,0,0,0,0,0,0,1,0,0,0,0,0
1277,664583,0,0,0,0,0,0,0,1,0,0,0,0,0
1278,665104,0,0,0,0,0,0,0,1,0,0,0,0,0
1279,665625,0,0,0,0,0,0,0,1,0,0,0,0,0
1280,666145,0,0,0,0,0,0,0,1,0,0,0,0,0
1281,666666,0,0,0,0,0,0,0,1,0,0,0,0,0
1282,667187,0,0,0,0,0,0,0,1,0,0,0,0,0
1283,667708,0,0,0,0,0,0,0,1,0,0,0,0,0
1284,668229,0,0,0,0,0,0,0,1,0,0,0,0,0
1285,668750,0,0,0,0,0,0,0,1,0,0,0,0,0
1286,669270,0,0,0,0,0,0,0,1,0,0,0,0,0
1287,669791,0,0,0,0,0,0,0,1,0,0,0,0,0
1288,670312,0,0,0,0,0,0,0,1,0,0,0,0,0
1289,670833,0,0,0,0,0,0,0,1,0,0,0,0,0
1290,671354,0,0,0,0,0,0,0,1,0,0,0,0,0
1291,671875,0,0,0,0,0,0,0,1,0,0,0,0,0
1292,672395,0,0,0,0,0,0,0,1,0,0,0,0,0
1293,672916,0,0,0,0,0,0,0,1,0,0,0,0,0
1294,673437,0,0,0,0,0,0,0,1,0,0,0,0,0
1295,673958,0,0,0,0,0,0,0,1,0,0,0,0,0
1296,674479,0,0,0,0,0,0,0,1,0,0,0,0,0
1297,675000,0,0,0,0,0,0,0,1,0,0,0,0,0
1298,675520,0,0,0,0,0,0,0,1,0,0,0,0,0
1299,676041,0,0,0,0,0,0,0,1,0,0,0,0,0
1300,676562,0,0,0,0,0,0,0,1,0,0,0,0,0
1301,677083,0,0,0,0,0,0,0,1,0,0,0,0,0
1302,677604,0,0,0,0,0,0,0,1,0,0,0,0,0
1303,678125,0,0,0,0,0,0,0,1,0,0,0,0,0
1304,678645,0,0,0,0,0,0,0,1,0,0,0,0,0
1305,679166,0,0,0,0,0,0,0,1,0,0,0,0,0
1306,679687,0,0,0,0,0,0,0,1,0,0,0,0,0
1307,680208,0,0,0,0,0,0,0,1,0,0,0,0,0
1308,680729,0,0,0,0,0,0,0,1,0,0,0,0,0
1309,681250,0,0,0,0,0,0,0,1,0,0,0,0,0
1310,681770,0,0,0,0,0,0,0,1,0,0,0,0,0
1311,682291,0,0,0,0,0,0,0,1,0,0,0,0,0
1312,682812,0,0,0,0,0,0,0,1,0,0,0,0,0
1313,683333,0,0,0,0,0,0,0,1,0,0,0,0,0
1314,683854,0,0,0,0,0,0,0,1,0,0,0,0,0
1315,684375,0,0,0,0,0,0,0,1,0,0,0,0,0
1316,684895,0,0,0,0,0,0,0,1,0,0,0,0,0
1317,685416,0,0,0,0,0,0,0,1,0,0,0,0,0
1318,685937,0,0,0,0,0,0,0,1,0,0,0,0,0
1319,686458,0,0,0,0,0,0,0,1,0,0,0,0,0
1320,686979,0,0,0,0,0,0,0,1,0,0,0,0,0
1321,687500,0,0,0,0,0,0,0,1,0,0,0,0,0
1322,688020,0,0,0,0,0,0,0,1,0,0,0,0,0
1323,688541,0,0,0,0,0,0,0,1,0,0,0,0,0
1324,689062,0,0,0,0,0,0,0,1,0,0,0,0,0
1325,689583,0,0,0,0,0,0,0,1,0,0,0,0,0
1326,690104,0,0,0,0,0,0,0,1,0,0,0,0,0
1327,690625,0,0,0,0,0,0,0,1,0,0,0,0,0
1328,691145,0,0,0,0,0,0,0,1,0,0,0,0,0
1329,691666,0,0,0,0,0,0,0,1,0,0,0,0,0
1330,692187,0,0,0,0,0,0,0,1,0,0,0,0,0
1331,692708,0,0,0,0,0,0,0,1,0,0,0,0,0
1332,693229,0,0,0,0,0,0,0,1,0,0,0,0,0
1333,693750,0,0,0,0,0,0,0,1,0,0,0,0,0
1334,694270,0,0,0,0,0,0,0,1,0,0,0,0,0
1335,694791,0,0,0,0,0,0,0,1,0,0,0,0,0
1336,695312,0,0,0,0,0,0,0,1,0,0,0,0,0
1337,695833,0,0,0,0,0,0,0,1,0,0,0,0,0
1338,696354,0,0,0,0,0,0,0,1,0,0,0,0,0
1339,696875,0,0,0,0,0,0,0,1,0,0,0,0,0
1340,697395,0,0,0,0,0,0,0,1,0,0,0,0,0
1341,697916,0,0,0,0,0,0,0,1,0,0,0,0,0
1342,698437,0,0,0,0,0,0,0,1,0,0,0,0,0
1343,698958,0,0,0,0,0,0,0,1,0,0,0,0,0
1344,699479,0,0,0,0,0,0,0,1,0,0,0,0,0
1345,700000,0,0,0,0,0,0,0,1,0,0,0,0,0
1346,700520,0,0,0,0,0,0,0,1,0,0,0,0,0
1347,701041,0,0,0,0,0,0,0,1,0,0,0,0,0
1348,701562,0,0,0,0,0,0,0,1,0,0,0,0,0
1349,702083,0,0,0,0,0,0,0,1,0,0,0,0,0
1350,702604,0,0,0,0,0,0,0,1,0,0,0,0,0
1351,703125,0,0,0,0,0,0,0,1,0,0,0,0,0
1352,703645,0,0,0,0,0,0,0,1,0,0,0,0,0
1353,704166,0,0,0,0,0,0,0,1,0,0,0,0,0
1354,704687,0,0,0,0,0,0,0,1,0,0,0,0,0
1355,705208,0,0,0,0,0,0,0,1,0,0,0,0,0
1356,705729,0,0,0,0,0,0,0,1,0,0,0,0,0
1357,706250,0,0,0,0,0,0,0,1,0,0,0,0,0
1358,706770,0,0,0,0,0,0,0,1,0,0,0,0,0
1359,707291,0,0,0,0,0,0,0,1,0,0,0,0,0
1360,707812,0,0,0,0,0,0,0,1,0,0,0,0,0
1361,708333,0,0,0,0,0,0,0,1,0,0,0,0,0
1362,708854,0,0,0,0,0,0,0,1,0,0,0,0,0
1363,709375,0,0,0,0,0,0,0,1,0,0,0,0,0
1364,709895,0,0,0,0,0,0,0,1,0,0,0,0,0
1365,710416,0,0,0,0,0,0,0,1,0,0,0,0,0
1366,710937,0,0,0,0,0,0,0,1,0,0,0,0,0
1367,711458,0,0,0,0,0,0,0,1,0,0,0,0,0
1368,711979,0,0,0,0,0,0,0,1,0,0,0,0,0
1369,712500,0,0,0,0,0,0,0,1,0,0,0,0,0
1370,713020,0,0,0,0,0,0,0,1,0,0,0,0,0
1371,713541,0,0,0,0,0,0,0,1,0,0,0,0,0
1372,714062,0,0,0,0,0,0,0,1,0,0,0,0,0
1373,714583,0,0,0,0,0,0,0,1,0,0,0,0,0
1374,715104,0,0,0,0,0,0,0,1,0,0,0,0,0
1375,715625,0,0,0,0,0,0,0,1,0,0,0,0,0
1376,716145,0,0,0,0,0,0,0,1,0,0,0,0,0
1377,716666,0,0,0,0,0,0,0,1,0,0,0,0,0
1378,717187,0,0,0,0,0,0,0,1,0,0,0,0,0
1379,717708,0,0,0,0,0,0,0,1,0,0,0,0,0
1380,718229,0,0,0,0,0,0,0,1,0,0,0,0,0
1381,718750,0,0,0,0,0,0,0,1,0,0,0,0,0
1382,719270,0,0,0,0,0,0,0,1,0,0,0,0,0
1383,719791,0,0,0,0,0,0,0,1,0,0,0,0,0
1384,720312,0,0,0,0,0,0,0,1,0,0,0,0,0
1385,720833,0,0,0,0,0,0,0,1,0,0,0,0,0
1386,721354,0,0,0,0,0,0,0,1,0,0,0,0,0
1387,721875,0,0,0,0,0,0,0,1,0,0,0,0,0
1388,722395,0,0,0,0,0,0,0,1,0,0,0,0,0
1389,722916,0,0,0,0,0,0,0,1,0,0,0,0,0
1390,723437,0,0,0,0,0,0,0,1,0,0,0,0,0
1391,723958,0,0,0,0,0,0,0,1,0,0,0,0,0
1392,724479,0,0,0,0,0,0,0,1,0,0,0,0,0
1393,725000,0,0,0,0,0,0,0,1,0,0,0,0,0
1394,725520,0,0,0,0,0,0,0,1,0,0,0,0,0
1395,726041,0,0,0,0,0,0,0,1,0,0,0,0,0
1396,726562,0,0,0,0,0,0,0,1,0,0,0,0,0
1397,727083,0,0,0,0,0,0,0,1,0,0,0,0,0
1398,727604,0,0,0,0,0,0,0,1,0,0,0,0,0
1399,728125,0,0,0,0,0,0,0,1,0,0,0,0,0
1400,728645,0,0,0,0,0,0,0,1,0,0,0,0,0
1401,729166,0,0,0,0,0,0,0,1,0,0,0,0,0
1402,729687,0,0,0,0,0,0,0,1,0,0,0,0,0
1403,730208,0,0,0,0,0,0,0,1,0,0,0,0,0
1404,730729,0,0,0,0,0,0,0,1,0,0,0,0,0
1405,731250,0,0,0,0,0,0,0,1,0,0,0,0,0
1406,731770,0,0,0,0,0,0,0,1,0,0,0,0,0
1407,732291,0,0,0,0,0,0,0,1,0,0,0,0,0
1408,732812,0,0,0,0,0,0,0,1,0,0,0,0,0
1409,733333,0,0,0,0,0,0,0,1,0,0,0,0,0
1410,733854,0,0,0,0,0,0,0,1,0,0,0,0,0
1411,734375,0,0,0,0,0,0,0,1,0,0,0,0,0
1412,734895,0,0,0,0,0,0,0,1,0,0,0,0,0
1413,735416,0,0,0,0,0,0,0,1,0,0,0,0,0
1414,735937,0,0,0,0,0,0,0,1,0,0,0,0,0
1415,736458,0,0,0,0,0,0,0,1,0,0,0,0,0
1416,736979,0,0,0,0,0,0,0,1,0,0,0,0,0
1417,737500,0,0,0,0,0,0,0,1,0,0,0,0,0
1418,738020,0,0,0,0,0,0,0,1,0,0,0,0,0
1419,738541,0,0,0,0,0,0,0,1,0,0,0,0,0
1420,739062,0,0,0,0,0,0,0,1,0,0,0,0,0
1421,739583,0,0,0,0,0,0,0,1,0,0,0,0,0
1422,740104,0,0,0,0,0,0,0,1,0,0,0,0,0
1423,740625,0,0,0,0,0,0,0,1,0,0,0,0,0
1424,741145,0,0,0,0,0,0,0,1,0,0,0,0,0
1425,741666,0,0,0,0,0,0,0,1,0,0,0,0,0
1426,742187,0,0,0,0,0,0,0,1,0,0,0,0,0
1427,742708,0,0,0,0,0,0,0,1,0,0,0,0,0
1428,743229,0,0,0,0,0,0,0,1,0,0,0,0,0
1429,743750,0,0,0,0,0,0,0,1,0,0,0,0,0
1430,744270,0,0,0,0,0,0,0,1,0,0,0,0,0
1431,744791,0,0,0,0,0,0,0,1,0,0,0,0,0
1432,745312,0,0,0,0,0,0,0,1,0,0,0,0,0
1433,745833,0,0,0,0,0,0,0,1,0,0,0,0,0
1434,746354,0,0,0,0,0,0,0,1,0,0,0,0,0
1435,746875,0,0,0,0,0,0,0,1,0,0,0,0,0
1436,747395,0,0,0,0,0,0,0,1,0,0,0,0,0
1437,747916,0,0,0,0,0,0,0,1,0,0,0,0,0
1438,748437,0,0,0,0,0,0,0,1,0,0,0,0,0
1439,748958,0,0,0,0,0,0,0,1,0,0,0,0,0
1440,749479,0,0,0,0,0,0,0,1,0,0,0,0,0
1441,750000,0,0,0,0,0,0,0,1,0,0,0,0,0
1442,750520,0,0,0,0,0,0,0,1,0,0,0,0,0
1443,751041,0,0,0,0,0,0,0,1,0,0,0,0,0
1444,751562,0,0,0,0,0,0,0,1,0,0,0,0,0
1445,752083,0,0,0,0,0,0,0,1,0,0,0,0,0
1446,752604,0,0,0,0,0,0,0,1,0,0,0,0,0
1447,753125,0,0,0,0,0,0,0,1,0,0,0,0,0
1448,753645,0,0,0,0,0,0,0,1,0,0,0,0,0
1449,754166,0,0,0,0,0,0,0,1,0,0,0,0,0
1450,754687,0,0,0,0,0,0,0,1,0,0,0,0,0
1451,755208,0,0,0,0,0,0,0,1,0,0,0,0,0
1452,755729,0,0,0,0,0,0,0,1,0,0,0,0,0
1453,756250,0,0,0,0,0,0,0,1,0,0,0,0,0
1454,756770,0,0,0,0,0,0,0,1,0,0,0,0,0
1455,757291,0,0,0,0,0,0,0,1,0,0,0,0,0
1456,757812,0,0,0,0,0,0,0,1,0,0,0,0,0
1457,758333,0,0,0,0,0,0,0,1,0,0,0,0,0
1458,758854,0,0,0,0,0,0,0,1,0,0,0,0,0
1459,759375,0,0,0,0,0,0,0,1,0,0,0,0,0
1460,759895,0,0,0,0,0,0,0,1,0,0,0,0,0
1461,760416,0,0,0,0,0,0,0,1,0,0,0,0,0
1462,760937,0,0,0,0,0,0,0,1,0,0,0,0,0
1463,761458,0,0,0,0,0,0,0,1,0,0,0,0,0
1464,761979,0,0,0,0,0,0,0,1,0,0,0,0,0
1465,762500,0,0,0,0,0,0,0,1,0,0,0,0,0
1466,763020,0,0,0,0,0,0,0,1,0,0,0,0,0
1467,763541,0,0,0,0,0,0,0,1,0,0,0,0,0
1468,764062,0,0,0,0,0,0,0,1,0,0,0,0,0
1469,764583,0,0,0,0,0,0,0,1,0,0,0,0,0
1470,765104,0,0,0,0,0,0,0,1,0,0,0,0,0
1471,765625,0,0,0,0,0,0,0,1,0,0,0,0,0
1472,766145,0,0,0,0,0,0,0,1,0,0,0,0,0
1473,766666,0,0,0,0,0,0,0,1,0,0,0,0,0
1474,767187,0,0,0,0,0,0,0,1,0,0,0,0,0
1475,767708,0,0,0,0,0,0,0,1,0,0,0,0,0
1476,768229,0,0,0,0,0,0,0,1,0,0,0,0,0
1477,768750,0,0,0,0,0,0,0,1,0,0,0,0,0
1478,769270,0,0,0,0,0,0,0,1,0,0,0,0,0
1479,769791,0,0,0,0,0,0,0,1,0,0,0,0,0
1480,770312,0,0,0,0,0,0,0,1,0,0,0,0,0
1481,770833,0,0,0,0,0,0,0,1,0,0,0,0,0
1482,771354,0,0,0,0,0,0,0,1,0,0,0,0,0
1483,771875,0,0,0,0,0,0,0,1,0,0,0,0,0
1484,772395,0,0,0,0,0,0,0,1,0,0,0,0,0
1485,772916,0,0,0,0,0,0,0,1,0,0,0,0,0
1486,773437,0,0,0,0,0,0,0,1,0,0,0,0,0
1487,773958,0,0,0,0,0,0,0,1,0,0,0,0,0
1488,774479,0,0,0,0,0,0,0,1,0,0,0,0,0
1489,775000,0,0,0,0,0,0,0,1,0,0,0,0,0
1490,775520,0,0,0,0,0,0,0,1,0,0,0,0,0
1491,776041,0,0,0,0,0,0,0,1,0,0,0,0,0
1492,776562,0,0,0,0,0,0,0,1,0,0,0,0,0
1493,777083,0,0,0,0,0,0,0,1,0,0,0,0,0
1494,777604,0,0,0,0,0,0,0,1,0,0,0,0,0
1495,778125,0,0,0,0,0,0,0,1,0,0,0,0,0
1496,778645,0,0,0,0,0,0,0,1,0,0,0,0,0
1497,779166,0,0,0,0,0,0,0,1,0,0,0,0,0
1498,779687,0,0,0,0,0,0,0,1,0,0,0,0,0
1499,780208,0,0,0,0,0,0,0,1,0,0,0,0,0
1500,780729,0,0,0,0,0,0,0,1,0,0,0,0,0
1501,781250,0,0,0,0,0,0,0,1,0,0,0,0,0
1502,781770,0,0,0,0,0,0,0,1,0,0,0,0,0
1503,782291,0,0,0,0,0,0,0,1,0,0,0,0,0
1504,782812,0,0,0,0,0,0,0,1,0,0,0,0,0
1505,783333,0,0,0,0,0,0,0,1,0,0,0,0,0
1506,783854,0,0,0,0,0,0,0,1,0,0,0,0,0
1507,784375,0,0,0,0,0,0,0,1,0,0,0,0,0
1508,784895,0,0,0,0,0,0,0,1,0,0,0,0,0
1509,785416,0,0,0,0,0,0,0,1,0,0,0,0,0
1510,785937,0,0,0,0,0,0,0,1,0,0,0,0,0
1511,786458,0,0,0,0,0,0,0,1,0,0,0,0,0
1512,786979,0,0,0,0,0,0,0,1,0,0,0,0,0
1513,787500,0,0,0,0,0,0,0,1,0,0,0,0,0
1514,788020,0,0,0,0,0,0,0,1,0,0,0,0,0
1515,788541,0,0,0,0,0,0,0,1,0,0,0,0,0
1516,789062,0,0,0,0,0,0,0,1,0,0,0,0,0
1517,789583,0,0,0,0,0,0,0,1,0,0,0,0,0
1518,790104,0,0,0,0,0,0,0,1,0,0,0,0,0
1519,790625,0,0,0,0,0,0,0,1,0,0,0,0,0
1520,791145,0,0,0,0,0,0,0,1,0,0,0,0,0
1521,791666,0,0,0,0,0,0,0,1,0,0,0,0,0
1522,792187,0,0,0,0,0,0,0,1,0,0,0,0,0
1523,792708,0,0,0,0,0,0,0,1,0,0,0,0,0
1524,793229,0,0,0,0,0,0,0,1,0,0,0,0,0
1525,793750,0,0,0,0,0,0,0,1,0,0,0,0,0
1526,794270,0,0,0,0,0,0,0,1,0,0,0,0,0
1527,794791,0,0,0,0,0,0,0,1,0,0,0,0,0
1528,795312,0,0,0,0,0,0,0,1,0,0,0,0,0
1529,795833,0,0,0,0,0,0,0,1,0,0,0,0,0
1530,796354,0,0,0,0,0,0,0,1,0,0,0,0,0
1531,796875,0,0,0,0,0,0,0,1,0,0,0,0,0
1532,797395,0,0,0,0,0,0,0,1,0,0,0,0,0
1533,797916,0,0,0,0,0,0,0,1,0,0,0,0,0
1534,798437,0,0,0,0,0,0,0,1,0,0,0,0,0
1535,798958,0,0,0,0,0,0,0,1,0,0,0,0,0
1536,799479,0,0,0,0,0,0,0,1,0,0,0,0,0
1537,800000,0,0,0,0,0,0,0,1,0,0,0,0,0
1538,800520,0,0,0,0,0,0,0,1,0,0,0,0,0
1539,801041,0,0,0,0,0,0,0,1,0,0,0,0,0
1540,801562,0,0,0,0,0,0,0,1,0,0,0,0,0
1541,802083,0,0,0,0,0,0,0,1,0,0,0,0,0
1542,802604,0,0,0,0,0,0,0,1,0,0,0,0,0
1543,803125,0,0,0,0,0,0,0,1,0,0,0,0,0
1544,803645,0,0,0,0,0,0,0,1,0,0,0,0,0
1545,804166,0,0,0,0,0,0,0,1,0,0,0,0,0
1546,804687,0,0,0,0,0,0,0,1,0,0,0,0,0
1547,805208,0,0,0,0,0,0,0,1,0,0,0,0,0
1548,805729,0,0,0,0,0,0,0,1,0,0,0,0,0
1549,806250,0,0,0,0,0,0,0,1,0,0,0,0,0
1550,806770,0,0,0,0,0,0,0,1,0,0,0,0,0
1551,807291,0,0,0,0,0,0,0,1,0,0,0,0,0
1552,807812,0,0,0,0,0,0,0,1,0,0,0,0,0
1553,808333,0,0,0,0,0,0,0,1,0,0,0,0,0
1554,808854,0,0,0,0,0,0,0,1,0,0,0,0,0
1555,809375,0,0,0,0,0,0,0,1,0,0,0,0,0
1556,809895,0,0,0,0,0,0,0,1,0,0,0,0,0
1557,810416,0,0,0,0,0,0,0,1,0,0,0,0,0
1558,810937,0,0,0,0,0,0,0,1,0,0,0,0,0
1559,811458,0,0,0,0,0,0,0,1,0,0,0,0,0
1560,811979,0,0,0,0,0,0,0,1,0,0,0,0,0
1561,812500,0,0,0,0,0,0,0,1,0,0,0,0,0
1562,813020,0,0,0,0,0,0,0,1,0,0,0,0,0
1563,813541,0,0,0,0,0,0,0,1,0,0,0,0,0
1564,814062,0,0,0,0,0,0,0,1,0,0,0,0,0
1565,814583,0,0,0,0,0,0,0,1,0,0,0,0,0
1566,815104,0,0,0,0,0,0,0,1,0,0,0,0,0
1567,815625,0,0,0,0,0,0,0,1,0,0,0,0,0
1568,816145,0,0,0,0,0,0,0,1,0,0,0,0,0
1569,816666,0,0,0,0,0,0,0,1,0,0,0,0,0
1570,817187,0,0,0,0,0,0,0,1,0,0,0,0,0
1571,817708,0,0,0,0,0,0,0,1,0,0,0,0,0
1572,818229,0,0,0,0,0,0,0,1,0,0,0,0,0
1573,818750,0,0,0,0,0,0,0,1,0,0,0,0,0
1574,819270,0,0,0,0,0,0,0,1,0,0,0,0,0
1575,819791,0,0,0,0,0,0,0,1,0,0,0,0,0
1576,820312,0,0,0,0,0,0,0,1,0,0,0,0,0
1577,820833,0,0,0,0,0,0,0,1,0,0,0,0,0
1578,821354,0,0,0,0,0,0,0,1,0,0,0,0,0
1579,821875,0,0,0,0,0,0,0,1,0,0,0,0,0
1580,822395,0,0,0,0,0,0,0,1,0,0,0,0,0
1581,822916,0,0,0,0,0,0,0,1,0,0,0,0,0
1582,823437,0,0,0,0,0,0,0,1,0,0,0,0,0
1583,823958,0,0,0,0,0,0,0,1,0,0,0,0,0
1584,824479,0,0,0,0,0,0,0,1,0,0,0,0,0
1585,825000,0,0,0,0,0,0,0,1,0,0,0,0,0
1586,825520,0,0,0,0,0,0,0,1,0,0,0,0,0
1587,826041,0,0,0,0,0,0,0,1,0,0,0,0,0
1588,826562,0,0,0,0,0,0,0,1,0,0,0,0,0
1589,827083,0,0,0,0,0,0,0,1,0,0,0,0,0
1590,827604,0,0,0,0,0,0,0,1,0,0,0,0,0
1591,828125,0,0,0,0,0,0,0,1,0,0,0,0,0
1592,828645,0,0,0,0,0,0,0,1,0,0,0,0,0
1593,829166,0,0,0,0,0,0,0,1,0,0,0,0,0
1594,829687,0,0,0,0,0,0,0,1,0,0,0,0,0
1595,830208,0,0,0,0,0,0,0,1,0,0,0,0,0
1596,830729,0,0,0,0,0,0,0,1,0,0,0,0,0
1597,831250,0,0,0,0,0,0,0,1,0,0,0,0,0
1598,831770,0,0,0,0,0,0,0,1,0,0,0,0,0
1599,832291,0,0,0,0,0,0,0,1,0,0,0,0,0
1600,832812,0,0,0,0,0,0,0,1,0,0,0,0,0
1601,833333,0,0,0,0,0,0,0,1,0,0,0,0,0
1602,833854,0,0,0,0,0,0,0,1,0,0,0,0,0
1603,834375,0,0,0,0,0,0,0,1,0,0,0,0,0
1604,834895,0,0,0,0,0,0,0,1,0,0,0,0,0
1605,835416,0,0,0,0,0,0,0,1,0,0,0,0,0
1606,835937,0,0,0,0,0,0,0,1,0,0,0,0,0
1607,836458,0,0,0,0,0,0,0,1,0,0,0,0,0
1608,836979,0,0,0,0,0,0,0,1,0,0,0,0,0
1609,837500,0,0,0,0,0,0,0,1,0,0,0,0,0
1610,838020,0,0,0,0,0,0,0,1,0,0,0,0,0
1611,838541,0,0,0,0,0,0,0,1,0,0,0,0,0
1612,839062,0,0,0,0,0,0,0,1,0,0,0,0,0
1613,839583,0,0,0,0,0,0,0,1,0,0,0,0,0
1614,840104,0,0,0,0,0,0,0,1,0,0,0,0,0
1615,840625,0,0,0,0,0,0,0,1,0,0,0,0,0
1616,841145,0,0,0,0,0,0,0,1,0,0,0,0,0
1617,841666,0,0,0,0,0,0,0,1,0,0,0,0,0
1618,842187,0,0,0,0,0,0,0,1,0,0,0,0,0
1619,842708,0,0,0,0,0,0,0,1,0,0,0,0,0
1620,843229,0,0,0,0,0,0,0,1,0,0,0,0,0
1621,843750,0,0,0,0,0,0,0,1,0,0,0,0,0
1622,844270,0,0,0,0,0,0,0,1,0,0,0,0,0
1623,844791,0,0,0,0,0,0,0,1,0,0,0,0,0
1624,845312,0,0,0,0,0,0,0,1,0,0,0,0,0
1625,845833,0,0,0,0,0,0,0,1,0,0,0,0,0
1626,846354,0,0,0,0,0,0,0,1,0,0,0,0,0
1627,846875,0,0,0,0,0,0,0,1,0,0,0,0,0
1628,847395,0,0,0,0,0,0,0,1,0,0,0,0,0
1629,847916,0,0,0,0,0,0,0,1,0,0,0,0,0
1630,848437,0,0,0,0,0,0,0,1,0,0,0,0,0
1631,848958,0,0,0,0,0,0,0,1,0,0,0,0,0
1632,849479,0,0,0,0,0,0,0,1,0,0,0,0,0
1633,850000,0,0,0,0,0,0,0,1,0,0,0,0,0
1634,850520,0,0,0,0,0,0,0,1,0,0,0,0,0
1635,851041,0,0,0,0,0,0,0,1,0,0,0,0,0
1636,851562,0,0,0,0,0,0,0,1,0,0,0,0,0
1637,852083,0,0,0,0,0,0,0,1,0,0,0,0,0
1638,852604,0,0,0,0,0,0,0,1,0,0,0,0,0
1639,853125,0,0,0,0,0,0,0,1,0,0,0,0,0
1640,853645,0,0,0,0,0,0,0,1,0,0,0,0,0
1641,854166,0,0,0,0,0,0,0,1,0,0,0,0,0
1642,854687,0,0,0,0,0,0,0,1,0,0,0,0,0
1643,855208,0,0,0,0,0,0,0,1,0,0,0,0,0
1644,855729,0,0,0,0,0,0,0,1,0,0,0,0,0
1645,856250,0,0,0,0,0,0,0,1,0,0,0,0,0
1646,856770,0,0,0,0,0,0,0,1,0,0,0,0,0
1647,857291,0,0,0,0,0,0,0,1,0,0,0,0,0
1648,857812,0,0,0,0,0,0,0,1,0,0,0,0,0
1649,858333,0,0,0,0,0,0,0,1,0,0,0,0,0
1650,858854,0,0,0,0,0,0,0,1,0,0,0,0,0
1651,859375,0,0,0,0,0,0,0,1,0,0,0,0,0
1652,859895,0,0,0,0,0,0,0,1,0,0,0,0,0
1653,860416,0,0,0,0,0,0,0,1,0,0,0,0,0
1654,860937,0,0,0,0,0,0,0,1,0,0,0,0,0
1655,861458,0,0,0,0,0,0,0,1,0,0,0,0,0
1656,861979,0,0,0,0,0,0,0,1,0,0,0,0,0
1657,862500,0,0,0,0,0,0,0,1,0,0,0,0,0
1658,863020,0,0,0,0,0,0,0,1,0,0,0,0,0
1659,863541,0,0,0,0,0,0,0,1,0,0,0,0,0
1660,864062,0,0,0,0,0,0,0,1,0,0,0,0,0
1661,864583,0,0,0,0,0,0,0,1,0,0,0,0,0
1662,865104,0,0,0,0,0,0,0,1,0,0,0,0,0
1663,865625,0,0,0,0,0,0,0,1,0,0,0,0,0
1664,866145,0,0,0,0,0,0,0,1,0,0,0,0,0
1665,866666,0,0,0,0,0,0,0,1,0,0,0,0,0
1666,867187,0,0,0,0,0,0,0,1,0,0,0,0,0
1667,867708,0,0,0,0,0,0,0,1,0,0,0,0,0
1668,868229,0,0,0,0,0,0,0,1,0,0,0,0,0
1669,868750,0,0,0,0,0,0,0,1,0,0,0,0,0
1670,869270,0,0,0,0,0,0,0,1,0,0,0,0,0
1671,869791,0,0,0,0,0,0,0,1,0,0,0,0,0
1672,870312,0,0,0,0,0,0,0,1,0,0,0,0,0
1673,870833,0,0,0,0,0,0,0,1,0,0,0,0,0
1674,871354,0,0,0,0,0,0,0,1,0,0,0,0,0
1675,871875,0,0,0,0,0,0,0,1,0,0,0,0,0
1676,872395,0,0,0,0,0,0,0,1,0,0,0,0,0
1677,872916,0,0,0,0,0,0,0,1,0,0,0,0,0
1678,873437,0,0,0,0,0,0,0,1,0,0,0,0,0
1679,873958,0,0,0,0,0,0,0,1,0,0,0,0,0
1680,874479,0,0,0,0,0,0,0,1,0,0,0,0,0
1681,875000,0,0,0,0,0,0,0,1,0,0,0,0,0
1682,875520,0,0,0,0,0,0,0,1,0,0,0,0,0
1683,876041,0,0,0,0,0,0,0,1,0,0,0,0,0
1684,876562,0,0,0,0,0,0,0,1,0,0,0,0,0
1685,877083,0,0,0,0,0,0,0,1,0,0,0,0,0
1686,877604,0,0,0,0,0,0,0,1,0,0,0,0,0
1687,878125,0,0,0,0,0,0,0,1,0,0,0,0,0
1688,878645,0,0,0,0,0,0,0,1,0,0,0,0,0
1689,879166,0,0,0,0,0,0,0,1,0,0,0,0,0
1690,879687,0,0,0,0,0,0,0,1,0,0,0,0,0
1691,880208,0,0,0,0,0,0,0,1,0,0,0,0,0
1692,880729,0,0,0,0,0,0,0,1,0,0,0,0,0
1693,881250,0,0,0,0,0,0,0,1,0,0,0,0,0
1694,881770,0,0,0,0,0,0,0,1,0,0,0,0,0
1695,882291,0,0,0,0,0,0,0,1,0,0,0,0,0
1696,882812,0,0,0,0,0,0,0,1,0,0,0,0,0
1697,883333,0,0,0,0,0,0,0,1,0,0,0,0,0
1698,883854,0,0,0,0,0,0,0,1,0,0,0,0,0
1699,884375,335,-869,534,0,11058,-28648,17590,0,0,0,1,1,0
1700,884895,487,-875,388,0,16053,-28833,12780,0,0,0,1,1,0
1701,885416,620,-847,227,0,20432,-27910,7479,0,0,0,1,1,0
1702,885937,729,-786,57,0,24025,-25915,1890,0,0,0,1,1,0
1703,886458,810,-695,-114,0,26696,-22924,-3772,0,0,0,1,1,0
1704,886979,860,-578,-282,0,28340,-19052,-9288,0,0,0,1,1,0
1705,887500,876,-438,-438,0,28895,-14448,-14448,0,0,0,1,1,0
1706,888020,860,-282,-578,0,28340,-9288,-19052,0,0,0,1,1,0
1707,888541,810,-114,-695,0,26696,-3772,-22924,0,0,0,1,1,0
1708,889062,729,57,-786,0,24025,1890,-25915,0,0,0,1,1,0
1709,889583,620,227,-847,0,20432,7479,-27910,0,0,0,1,1,0
1710,890104,487,388,-875,0,16053,12780,-28833,0,0,0,1,1,0
1711,890625,335,534,-869,0,11058,17590,-28648,0,0,0,1,1,0
1712,891145,171,659,-830,0,5637,21724,-27362,0,0,0,1,1,0
1713,891666,0,759,-759,0,0,25024,-25024,0,0,0,1,1,0
1714,892187,-171,830,-659,0,-5637,27362,-21724,0,0,0,1,1,0
1715,892708,-335,869,-534,0,-11058,28648,-17590,0,0,0,1,1,0
1716,893229,-487,875,-388,0,-16053,28833,-12780,0,0,0,1,1,0
1717,893750,-620,847,-227,0,-20432,27910,-7479,0,0,0,1,1,0
1718,894270,-729,786,-57,0,-24025,25915,-1890,0,0,0,0,1,0
1719,894791,-810,695,114,0,-26696,22924,3772,0,0,0,0,1,0
1720,895312,-860,578,282,0,-28340,19052,9288,0,0,0,0,1,0
1721,895833,-876,438,438,0,-28895,14448,14448,0,0,0,0,1,0
1722,896354,-860,282,578,0,-28340,9288,19052,0,0,0,0,1,0
1723,896875,-810,114,695,0,-26696,3772,22924,0,0,0,0,1,0
1724,897395,-729,-57,786,0,-24025,-1890,25915,0,0,0,0,1,0
1725,897916,-620,-227,847,0,-20432,-7479,27910,0,0,0,0,1,0
1726,898437,-487,-388,875,0,-16053,-12780,28833,0,0,0,0,1,0
1727,898958,-335,-534,869,0,-11058,-17590,28648,0,0,0,0,1,0
1728,899479,-171,-659,830,0,-5637,-21724,27362,0,0,0,0,1,0
1729,900000,0,-759,759,0,0,-25024,25024,0,0,0,0,1,0
1730,900520,171,-830,659,0,5637,-27362,21724,0,0,0,0,1,0
1731,901041,335,-869,534,0,11058,-28648,17590,0,0,0,0,1,0
1732,901562,487,-5053,388,-4178,17337,-2883,13802,0,0,1,0,1,0
1733,902083,620,-3942,227,-3096,22066,-2791,8077,0,0,1,0,1,0
1734,902604,729,-2169,57,-1383,25947,-2592,2041,0,0,1,0,1,0
1735,903125,810,188,-114,883,28831,-2292,-4073,0,0,1,0,1,0
1736,903645,860,3029,-282,3607,30607,-1905,-10031,0,0,1,0,1,0
1737,904166,876,6235,-438,6673,31207,-1445,-15603,0,0,1,0,1,0
1738,904687,860,9674,-578,9955,30607,-929,-20576,0,0,1,0,1,0
1739,905208,810,13204,-695,13318,28831,-377,-24758,0,0,1,0,1,0
1740,905729,729,16681,-786,16623,25947,189,-27988,0,0,1,0,1,0
1741,906250,620,19962,-847,19735,22066,748,-30143,0,0,1,0,1,0
1742,906770,487,22912,-875,22524,17337,1278,-31140,0,0,1,0,1,0
1743,907291,335,25410,-869,24877,11942,1759,-30940,0,0,1,0,1,0
1744,907812,171,27351,-830,26692,6088,2172,-29551,0,0,1,0,1,0
1745,908333,0,28653,-759,27894,0,2502,-27026,0,0,1,0,1,0
1746,908854,-171,29257,-659,28427,-6088,2736,-23462,0,0,1,0,1,0
1747,909375,-335,29133,-534,28264,-11942,2865,-18997,0,0,1,0,1,0
1748,909895,-487,28277,-388,27403,-17337,2883,-13802,0,0,1,0,1,0
1749,910416,-620,26715,-227,25868,-22066,2791,-8077,0,0,1,0,1,0
1750,910937,-729,24499,-57,23713,-25947,2592,-2041,0,0,1,0,1,0
1751,911458,-810,21708,114,21013,-28831,2292,4073,0,0,1,0,1,0
1752,911979,-860,18442,282,17864,-30607,1905,10031,0,0,1,0,1,0
1753,912500,-876,14818,438,14380,-31207,1445,15603,0,0,1,0,1,0
1754,913020,-860,10970,578,10688,-30607,929,20576,0,0,1,0,1,0
1755,913541,-810,7038,695,6924,-28831,377,24758,0,0,1,0,1,0
1756,914062,-729,3168,786,3225,-25947,-189,27988,0,0,1,0,1,0
1757,914583,-620,-499,847,-272,-22066,-748,30143,0,0,1,0,1,0
1758,915104,-487,-3828,875,-3440,-17337,-1278,31140,0,0,1,0,1,0
1759,915625,-335,-6697,869,-6163,-11942,-1759,30940,0,0,1,0,1,0
1760,916145,-171,-9002,830,-8343,-6088,-2172,29551,0,0,1,0,1,0
1761,916666,0,-10661,759,-9902,0,-2502,27026,0,0,1,0,1,0
1762,917187,171,-11615,659,-10785,6088,-2736,23462,0,0,1,0,1,0
1763,917708,335,-11833,534,-10964,11942,-2865,18997,0,0,1,0,1,0
1764,918229,487,-11314,388,-10439,17337,-2883,13802,0,0,1,0,1,0
1765,918750,620,-10082,227,-9235,22066,-2791,8077,0,0,1,0,1,0
1766,919270,729,-8190,57,-7403,25947,-2592,2041,0,0,1,0,1,0
1767,919791,810,-5715,-114,-5020,28831,-2292,-4073,0,0,1,0,1,0
1768,920312,860,-2760,-282,-2182,30607,-1905,-10031,0,0,1,0,1,0
1769,920833,876,559,-438,997,31207,-1445,-15603,0,0,1,0,1,0
1770,921354,860,4108,-578,4390,30607,-929,-20576,0,0,1,0,1,0
1771,921875,810,7747,-695,7861,28831,-377,-24758,0,0,1,0,1,0
1772,922395,729,11330,-786,11272,25947,189,-27988,0,0,1,0,1,0
1773,922916,620,14715,-847,14488,22066,748,-30143,0,0,1,0,1,0
1774,923437,487,17767,-875,17379,17337,1278,-31140,0,0,1,0,1,0
1775,923958,335,20365,-869,19832,11942,1759,-30940,0,0,1,0,1,0
1776,924479,171,22404,-830,21745,6088,2172,-29551,0,0,1,0,1,0
1777,925000,0,23802,-759,23043,0,2502,-27026,0,0,1,0,1,0
1778,925520,-171,24501,-659,23671,-6088,2736,-23462,0,0,1,0,1,0
1779,926041,-335,24469,-534,23600,-11942,2865,-18997,0,0,1,0,1,0
1780,926562,-487,23704,-388,22829,-17337,2883,-13802,0,0,1,0,1,0
1781,927083,-620,22231,-227,21384,-22066,2791,-8077,0,0,1,0,1,0
1782,927604,-729,20102,-57,19316,-25947,2592,-2041,0,0,1,0,1,0
1783,928125,-810,17397,114,16701,-28831,2292,4073,0,0,1,0,1,0
1784,928645,-860,14214,282,13636,-30607,1905,10031,0,0,1,0,1,0
1785,929166,-876,10672,438,10234,-31207,1445,15603,0,0,1,0,1,0
1786,929687,-860,6905,578,6623,-30607,929,20576,0,0,1,0,1,0
1787,930208,-810,3052,695,2938,-28831,377,24758,0,0,1,0,1,0
1788,930729,-729,-741,786,-683,-25947,-189,27988,0,0,1,0,1,0
1789,931250,-620,-4332,847,-4105,-22066,-748,30143,0,0,1,0,1,0
1790,931770,-487,-7586,875,-7198,-17337,-1278,31140,0,0,1,0,1,0
1791,932291,-335,-10382,869,-9848,-11942,-1759,30940,0,0,1,0,1,0
1792,932812,-171,-12615,830,-11956,-6088,-2172,29551,0,0,1,0,1,0
1793,933333,0,-14204,759,-13445,0,-2502,27026,0,0,1,0,1,0
1794,933854,171,-15089,659,-14259,6088,-2736,23462,0,0,1,0,1,0
1795,934375,335,-15240,534,-14371,11942,-2865,18997,0,0,1,0,1,0
1796,934895,487,-14654,388,-13780,17337,-2883,13802,0,0,1,0,1,0
1797,935416,620,-13357,227,-12510,22066,-2791,8077,0,0,1,0,1,0
1798,935937,729,-11401,57,-10615,25947,-2592,2041,0,0,1,0,1,0
1799,936458,810,-8865,-114,-8169,28831,-2292,-4073,0,0,1,0,1,0
1800,936979,860,-5848,-282,-5270,30607,-1905,-10031,0,0,1,0,1,0
1801,937500,876,-2469,-438,-2031,31207,-1445,-15603,0,0,1,0,1,0
1802,938020,860,1139,-578,1421,30607,-929,-20576,0,0,1,0,1,0
1803,938541,810,4835,-695,4950,28831,-377,-24758,0,0,1,0,1,0
1804,939062,729,8475,-786,8417,25947,189,-27988,0,0,1,0,1,0
1805,939583,620,11915,-847,11689,22066,748,-30143,0,0,1,0,1,0
1806,940104,487,15022,-875,14635,17337,1278,-31140,0,0,1,0,1,0
1807,940625,335,17674,-869,17140,11942,1759,-30940,0,0,1,0,1,0
1808,941145,171,19765,-830,19106,6088,2172,-29551,0,0,1,0,1,0
1809,941666,0,21215,-759,20456,0,2502,-27026,0,0,1,0,1,0
1810,942187,-171,21963,-659,21134,-6088,2736,-23462,0,0,1,0,1,0
1811,942708,-335,21981,-534,21112,-11942,2865,-18997,0,0,1,0,1,0
1812,943229,-487,21264,-388,20390,-17337,2883,-13802,0,0,1,0,1,0
1813,943750,-620,19838,-227,18992,-22066,2791,-8077,0,0,1,0,1,0
1814,944270,-729,17757,-57,16970,-25947,2592,-2041,0,0,1,0,1,0
1815,944791,-810,15096,114,14401,-28831,2292,4073,0,0,1,0,1,0
1816,945312,-860,11958,282,11380,-30607,1905,10031,0,0,1,0,1,0
1817,945833,-876,8461,438,8022,-31207,1445,15603,0,0,1,0,1,0
1818,946354,-860,4736,578,4454,-30607,929,20576,0,0,1,0,1,0
1819,946875,-810,926,695,811,-28831,377,24758,0,0,1,0,1,0
1820,947395,-729,-2826,786,-2768,-25947,-189,27988,0,0,1,0,1,0
1821,947916,-620,-6376,847,-6149,-22066,-748,30143,0,0,1,0,1,0
1822,948437,-487,-9591,875,-9203,-17337,-1278,31140,0,0,1,0,1,0
1823,948958,-335,-12348,869,-11814,-11942,-1759,30940,0,0,1,0,1,0
1824,949479,-171,-14543,830,-13884,-6088,-2172,29551,0,0,1,0,1,0
1825,950000,0,-16094,759,-15335,0,-2502,27026,0,0,1,0,1,0
1826,950520,171,-16942,659,-16112,6088,-2736,23462,0,0,1,0,1,0
1827,951041,335,-17057,534,-16188,11942,-2865,18997,0,0,1,0,1,0
1828,951562,487,-16436,388,-15562,17337,-2883,13802,0,0,1,0,1,0
1829,952083,620,-15104,227,-14258,22066,-2791,8077,0,0,1,0,1,0
1830,952604,729,-13115,57,-12328,25947,-2592,2041,0,0,1,0,1,0
1831,953125,810,-10545,-114,-9849,28831,-2292,-4073,0,0,1,0,1,0
1832,953645,860,-7495,-282,-6917,30607,-1905,-10031,0,0,1,0,1,0
1833,954166,876,-4084,-438,-3646,31207,-1445,-15603,0,0,1,0,1,0
1834,954687,860,-445,-578,-163,30607,-929,-20576,0,0,1,0,1,0
1835,955208,810,3282,-695,3397,28831,-377,-24758,0,0,1,0,1,0
1836,955729,729,6952,-786,6895,25947,189,-27988,0,0,1,0,1,0
1837,956250,620,10422,-847,10195,22066,748,-30143,0,0,1,0,1,0
1838,956770,487,13558,-875,13170,17337,1278,-31140,0,0,1,0,1,0
1839,957291,335,16238,-869,15704,11942,1759,-30940,0,0,1,0,1,0
1840,957812,171,18357,-830,17698,6088,2172,-29551,0,0,1,0,1,0
1841,958333,0,19834,-759,19075,0,2502,-27026,0,0,1,0,1,0
1842,958854,-171,20610,-659,19780,-6088,2736,-23462,0,0,1,0,1,0
1843,959375,-335,20654,-534,19785,-11942,2865,-18997,0,0,1,0,1,0
1844,959895,-487,19963,-388,19088,-17337,2883,-13802,0,0,1,0,1,0
1845,960416,-620,18562,-227,17716,-22066,2791,-8077,0,0,1,0,1,0
1846,960937,-729,16505,-57,15719,-25947,2592,-2041,0,0,1,0,1,0
1847,961458,-810,13869,114,13174,-28831,2292,4073,0,0,1,0,1,0
1848,961979,-860,10755,282,10177,-30607,1905,10031,0,0,1,0,1,0
1849,962500,-876,7281,438,6843,-31207,1445,15603,0,0,1,0,1,0
1850,963020,-860,3579,578,3297,-30607,929,20576,0,0,1,0,1,0
1851,963541,-810,-209,695,-323,-28831,377,24758,0,0,1,0,1,0
1852,964062,-729,-3938,786,-3881,-25947,-189,27988,0,0,1,0,1,0
1853,964583,-620,-7467,847,-7240,-22066,-748,30143,0,0,1,0,1,0
1854,965104,-487,-10660,875,-10273,-17337,-1278,31140,0,0,1,0,1,0
1855,965625,-335,-13396,869,-12863,-11942,-1759,30940,0,0,1,0,1,0
1856,966145,-171,-15571,830,-14912,-6088,-2172,29551,0,0,1,0,1,0
1857,966666,0,-17102,759,-16343,0,-2502,27026,0,0,1,0,1,0
1858,967187,171,-17931,659,-17101,6088,-2736,23462,0,0,1,0,1,0
1859,967708,335,-18027,534,-17158,11942,-2865,18997,0,0,1,0,1,0
1860,968229,487,-17387,388,-16512,17337,-2883,13802,0,0,1,0,1,0
1861,968750,620,-16037,227,-15190,22066,-2791,8077,0,0,1,0,1,0
1862,969270,729,-14029,57,-13243,25947,-2592,2041,0,0,1,0,1,0
1863,969791,810,-11441,-114,-10746,28831,-2292,-4073,0,0,1,0,1,0
1864,970312,860,-8374,-282,-7796,30607,-1905,-10031,0,0,1,0,1,0
1865,970833,876,-4946,-438,-4508,31207,-1445,-15603,0,0,1,0,1,0
1866,971354,860,-1290,-578,-1008,30607,-929,-20576,0,0,1,0,1,0
1867,971875,810,2454,-695,2568,28831,-377,-24758,0,0,1,0,1,0
1868,972395,729,6139,-786,6082,25947,189,-27988,0,0,1,0,1,0
1869,972916,620,9625,-847,9398,22066,748,-30143,0,0,1,0,1,0
1870,973437,487,12777,-875,12389,17337,1278,-31140,0,0,1,0,1,0
1871,973958,335,15472,-869,14938,11942,1759,-30940,0,0,1,0,1,0
1872,974479,171,17606,-830,16947,6088,2172,-29551,0,0,1,0,1,0
1873,975000,0,19098,-759,18338,0,2502,-27026,0,0,1,0,1,0
1874,975520,-171,19888,-659,19058,-6088,2736,-23462,0,0,1,0,1,0
1875,976041,-335,19945,-534,19076,-11942,2865,-18997,0,0,1,0,1,0
1876,976562,-487,19268,-388,18394,-17337,2883,-13802,0,0,1,0,1,0
1877,977083,-620,17881,-227,17035,-22066,2791,-8077,0,0,1,0,1,0
1878,977604,-729,15837,-57,15051,-25947,2592,-2041,0,0,1,0,1,0
1879,978125,-810,13215,114,12519,-28831,2292,4073,0,0,1,0,1,0
1880,978645,-860,10113,282,9535,-30607,1905,10031,0,0,1,0,1,0
1881,979166,-876,6651,438,6213,-31207,1445,15603,0,0,1,0,1,0
1882,979687,-860,2962,578,2680,-30607,929,20576,0,0,1,0,1,0
1883,980208,-810,-814,695,-928,-28831,377,24758,0,0,1,0,1,0
1884,980729,-729,-4532,786,-4474,-25947,-189,27988,0,0,1,0,1,0
1885,981250,-620,-8049,847,-7822,-22066,-748,30143,0,0,1,0,1,0
1886,981770,-487,-11231,875,-10843,-17337,-1278,31140,0,0,1,0,1,0
1887,982291,-335,-13956,869,-13422,-11942,-1759,30940,0,0,1,0,1,0
1888,982812,-171,-16120,830,-15461,-6088,-2172,29551,0,0,1,0,1,0
1889,983333,0,-17640,759,-16881,0,-2502,27026,0,0,1,0,1,0
1890,983854,171,-18458,659,-17629,6088,-2736,23462,0,0,1,0,1,0
1891,984375,335,-18544,534,-17675,11942,-2865,18997,0,0,1,0,1,0
1892,984895,487,-17894,388,-17019,17337,-2883,13802,0,0,1,0,1,0
1893,985416,620,-16534,227,-15687,22066,-2791,8077,0,0,1,0,1,0
1894,985937,729,-14516,57,-13730,25947,-2592,2041,0,0,1,0,1,0
1895,986458,810,-11919,-114,-11224,28831,-2292,-4073,0,0,1,0,1,0
1896,986979,860,-8843,-282,-8265,30607,-1905,-10031,0,0,1,0,1,0
1897,987500,876,-5406,-438,-4968,31207,-1445,-15603,0,0,1,0,1,0
1898,988020,860,-1741,-578,-1459,30607,-929,-20576,0,0,1,0,1,0
1899,988541,810,2012,-695,2126,28831,-377,-24758,0,0,1,0,1,0
1900,989062,729,5706,-786,5649,25947,189,-27988,0,0,1,0,1,0
1901,989583,620,9200,-847,8973,22066,748,-30143,0,0,1,0,1,0
1902,990104,487,12360,-875,11972,17337,1278,-31140,0,0,1,0,1,0
1903,990625,335,15063,-869,14530,11942,1759,-30940,0,0,1,0,1,0
1904,991145,171,17206,-830,16547,6088,2172,-29551,0,0,1,0,1,0
1905,991666,0,18705,-759,17946,0,2502,-27026,0,0,1,0,1,0
1906,992187,-171,19502,-659,18672,-6088,2736,-23462,0,0,1,0,1,0
1907,992708,-335,19568,-534,18699,-11942,2865,-18997,0,0,1,0,1,0
1908,993229,-487,18898,-388,18023,-17337,2883,-13802,0,0,1,0,1,0
1909,993750,-620,17518,-227,16671,-22066,2791,-8077,0,0,1,0,1,0
1910,994270,-729,15481,-57,14695,-25947,2592,-2041,0,0,1,0,1,0
1911,994791,-810,12865,114,12170,-28831,2292,4073,0,0,1,0,1,0
1912,995312,-860,9771,282,9193,-30607,1905,10031,0,0,1,0,1,0
1913,995833,-876,6316,438,5877,-31207,1445,15603,0,0,1,0,1,0
1914,996354,-860,2633,578,2351,-30607,929,20576,0,0,1,0,1,0
1915,996875,-810,-1137,695,-1251,-28831,377,24758,0,0,1,0,1,0
1916,997395,-729,-4848,786,-4791,-25947,-189,27988,0,0,1,0,1,0
1917,997916,-620,-8359,847,-8132,-22066,-748,30143,0,0,1,0,1,0
1918,998437,-487,-11535,875,-11148,-17337,-1278,31140,0,0,1,0,1,0
1919,998958,-335,-14254,869,-13721,-11942,-1759,30940,0,0,1,0,1,0
1920,999479,-171,-16413,830,-15754,-6088,-2172,29551,0,0,1,0,1,0
1921,1000000,0,-17927,759,-17168,0,-2502,27026,0,0,1,0,1,0
1922,1000520,171,-18740,659,-17910,6088,-2736,23462,0,0,1,0,1,0
1923,1001041,335,-18820,534,-17951,11942,-2865,18997,0,0,1,0,1,0
1924,1001562,487,-18165,388,-17290,17337,-2883,13802,0,0,1,0,1,0
1925,1002083,620,-16799,227,-15953,22066,-2791,8077,0,0,1,0,1,0
1926,1002604,729,-14776,57,-13990,25947,-2592,2041,0,0,1,0,1,0
1927,1003125,810,-12174,-114,-11479,28831,-2292,-4073,0,0,1,0,1,0
1928,1003645,860,-9093,-282,-8515,30607,-1905,-10031,0,0,1,0,1,0
1929,1004166,876,-5651,-438,-5213,31207,-1445,-15603,0,0,1,0,1,0
1930,1004687,860,-1981,-578,-1699,30607,-929,-20576,0,0,1,0,1,0
1931,1005208,810,1776,-695,1890,28831,-377,-24758,0,0,1,0,1,0
1932,1005729,729,5475,-786,5417,25947,189,-27988,0,0,1,0,1,0
1933,1006250,620,8974,-847,8747,22066,748,-30143,0,0,1,0,1,0
1934,1006770,487,12138,-875,11750,17337,1278,-31140,0,0,1,0,1,0
1935,1007291,335,14845,-869,14312,11942,1759,-30940,0,0,1,0,1,0
1936,1007812,171,16992,-830,16333,6088,2172,-29551,0,0,1,0,1,0
1937,1008333,0,18495,-759,17736,0,2502,-27026,0,0,1,0,1,0
1938,1008854,-171,19297,-659,18467,-6088,2736,-23462,0,0,1,0,1,0
1939,1009374,-335,19366,-534,18497,-11942,2865,-18997,0,0,1,0,1,0
1940,1009895,-487,18700,-388,17825,-17337,2883,-13802,0,0,1,0,1,0
1941,1010416,-620,17324,-227,16478,-22066,2791,-8077,0,0,1,0,1,0
1942,1010937,-729,15291,-57,14505,-25947,2592,-2041,0,0,1,0,1,0
1943,1011458,-810,12679,114,11984,-28831,2292,4073,0,0,1,0,1,0
1944,1011979,-860,9588,282,9010,-30607,1905,10031,0,0,1,0,1,0
1945,1012500,-876,6136,438,5698,-31207,1445,15603,0,0,1,0,1,0
1946,1013020,-860,2457,578,2175,-30607,929,20576,0,0,1,0,1,0
1947,1013541,-810,-1309,695,-1423,-28831,377,24758,0,0,1,0,1,0
1948,1014062,-729,-5017,786,-4960,-25947,-189,27988,0,0,1,0,1,0
1949,1014583,-620,-8525,847,-8298,-22066,-748,30143,0,0,1,0,1,0
1950,1015104,-487,-11698,875,-11310,-17337,-1278,31140,0,0,1,0,1,0
1951,1015625,-335,-14414,869,-13880,-11942,-1759,30940,0,0,1,0,1,0
1952,1016145,-171,-16569,830,-15910,-6088,-2172,29551,0,0,1,0,1,0
1953,1016666,0,-18080,759,-17321,0,-2502,27026,0,0,1,0,1,0
1954,1017187,171,-18890,659,-18060,6088,-2736,23462,0,0,1,0,1,0
1955,1017708,335,-18967,534,-18098,11942,-2865,18997,0,0,1,0,1,0
1956,1018229,487,-18309,388,-17434,17337,-2883,13802,0,0,1,0,1,0
1957,1018750,620,-16941,227,-16094,22066,-2791,8077,0,0,1,0,1,0
1958,1019270,729,-14915,57,-14129,25947,-2592,2041,0,0,1,0,1,0
1959,1019791,810,-12310,-114,-11615,28831,-2292,-4073,0,0,1,0,1,0
1960,1020312,860,-9226,-282,-8648,30607,-1905,-10031,0,0,1,0,1,0
1961,1020833,876,-5782,-438,-5344,31207,-1445,-15603,0,0,1,0,1,0
1962,1021354,860,-2109,-578,-1828,30607,-929,-20576,0,0,1,0,1,0
1963,1021875,810,1650,-695,1764,28831,-377,-24758,0,0,1,0,1,0
1964,1022395,729,5351,-786,5294,25947,189,-27988,0,0,1,0,1,0
1965,1022916,620,8853,-847,8626,22066,748,-30143,0,0,1,0,1,0
1966,1023437,487,12019,-875,11631,17337,1278,-31140,0,0,1,0,1,0
1967,1023958,335,14729,-869,14195,11942,1759,-30940,0,0,1,0,1,0
1968,1024479,171,16878,-830,16219,6088,2172,-29551,0,0,1,0,1,0
1969,1024999,0,18383,-759,17624,0,2502,-27026,0,0,1,0,1,0
1970,1025520,-171,19187,-659,18357,-6088,2736,-23462,0,0,1,0,1,0
1971,1026041,-335,19259,-534,18390,-11942,2865,-18997,0,0,1,0,1,0
1972,1026562,-487,18595,-388,17720,-17337,2883,-13802,0,0,1,0,1,0
1973,1027083,-620,17221,-227,16374,-22066,2791,-8077,0,0,1,0,1,0
1974,1027604,-729,15190,-57,14404,-25947,2592,-2041,0,0,1,0,1,0
1975,1028125,-810,12580,114,11884,-28831,2292,4073,0,0,1,0,1,0
1976,1028645,-860,9490,282,8913,-30607,1905,10031,0,0,1,0,1,0
1977,1029166,-876,6041,438,5603,-31207,1445,15603,0,0,1,0,1,0
1978,1029687,-860,2363,578,2082,-30607,929,20576,0,0,1,0,1,0
1979,1030208,-810,-1401,695,-1515,-28831,377,24758,0,0,1,0,1,0
1980,1030729,-729,-5107,786,-5050,-25947,-189,27988,0,0,1,0,1,0
1981,1031250,-620,-8613,847,-8386,-22066,-748,30143,0,0,1,0,1,0
1982,1031770,-487,-11784,875,-11397,-17337,-1278,31140,0,0,1,0,1,0
1983,1032291,-335,-14499,869,-13965,-11942,-1759,30940,0,0,1,0,1,0
1984,1032812,-171,-16652,830,-15993,-6088,-2172,29551,0,0,1,0,1,0
1985,1033333,0,-18162,759,-17403,0,-2502,27026,0,0,1,0,1,0
1986,1033854,171,-18970,659,-18140,6088,-2736,23462,0,0,1,0,1,0
1987,1034375,335,-19046,534,-18177,11942,-2865,18997,0,0,1,0,1,0
1988,1034895,487,-18386,388,-17511,17337,-2883,13802,0,0,1,0,1,0
1989,1035416,620,-17016,227,-16170,22066,-2791,8077,0,0,1,0,1,0
1990,1035937,729,-14989,57,-14203,25947,-2592,2041,0,0,1,0,1,0
1991,1036458,810,-12383,-114,-11688,28831,-2292,-4073,0,0,1,0,1,0
1992,1036979,860,-9298,-282,-8720,30607,-1905,-10031,0,0,1,0,1,0
1993,1037500,876,-5852,-438,-5413,31207,-1445,-15603,0,0,1,0,1,0
1994,1038020,860,-2178,-578,-1896,30607,-929,-20576,0,0,1,0,1,0
1995,1038541,810,1583,-695,1697,28831,-377,-24758,0,0,1,0,1,0
1996,1039062,729,5285,-786,5228,25947,189,-27988,0,0,1,0,1,0
1997,1039583,620,8788,-847,8561,22066,748,-30143,0,0,1,0,1,0
1998,1040104,487,11956,-875,11568,17337,1278,-31140,0,0,1,0,1,0
1999,1040624,335,14667,-869,14133,11942,1759,-30940,0,0,1,0,1,0
2000,1041145,171,16817,-830,16158,6088,2172,-29551,0,0,1,0,1,0
2001,1041666,0,18324,-759,17564,0,2502,-27026,0,0,1,0,1,0
2002,1042187,-171,19129,-659,18299,-6088,2736,-23462,0,0,1,0,1,0
2003,1042708,-335,19201,-534,18332,-11942,2865,-18997,0,0,1,0,1,0
2004,1043229,-487,18538,-388,17664,-17337,2883,-13802,0,0,1,0,1,0
2005,1043750,-620,17166,-227,16319,-22066,2791,-8077,0,0,1,0,1,0
2006,1044270,-729,15136,-57,14350,-25947,2592,-2041,0,0,1,0,1,0
2007,1044791,-810,12527,114,11831,-28831,2292,4073,0,0,1,0,1,0
2008,1045312,-860,9438,282,8861,-30607,1905,10031,0,0,1,0,1,0
2009,1045833,-876,5990,438,5552,-31207,1445,15603,0,0,1,0,1,0
2010,1046354,-860,2313,578,2032,-30607,929,20576,0,0,1,0,1,0
2011,1046875,-810,-1450,695,-1564,-28831,377,24758,0,0,1,0,1,0
2012,1047395,-729,-5155,786,-5098,-25947,-189,27988,0,0,1,0,1,0
2013,1047916,-620,-8660,847,-8433,-22066,-748,30143,0,0,1,0,1,0
2014,1048437,-487,-11831,875,-11443,-17337,-1278,31140,0,0,1,0,1,0
2015,1048958,-335,-14544,869,-14010,-11942,-1759,30940,0,0,1,0,1,0
2016,1049479,-171,-16697,830,-16038,-6088,-2172,29551,0,0,1,0,1,0
2017,1050000,0,-18205,759,-17446,0,-2502,27026,0,0,1,0,1,0
2018,1050520,171,-19013,659,-18183,6088,-2736,23462,0,0,1,0,1,0
2019,1051041,335,-19088,534,-18219,11942,-2865,18997,0,0,1,0,1,0
2020,1051562,487,-18427,388,-17553,17337,-2883,13802,0,0,1,0,1,0
2021,1052083,620,-17057,227,-16210,22066,-2791,8077,0,0,1,0,1,0
2022,1052604,729,-15029,57,-14243,25947,-2592,2041,0,0,1,0,1,0
2023,1053125,810,-12422,-114,-11726,28831,-2292,-4073,0,0,1,0,1,0
2024,1053645,860,-9336,-282,-8758,30607,-1905,-10031,0,0,1,0,1,0
2025,1054166,876,-5889,-438,-5451,31207,-1445,-15603,0,0,1,0,1,0
2026,1054687,860,-2214,-578,-1933,30607,-929,-20576,0,0,1,0,1,0
2027,1055208,810,1547,-695,1661,28831,-377,-24758,0,0,1,0,1,0
2028,1055729,729,5250,-786,5193,25947,189,-27988,0,0,1,0,1,0
2029,1056250,620,8754,-847,8527,22066,748,-30143,0,0,1,0,1,0
2030,1056770,487,11922,-875,11534,17337,1278,-31140,0,0,1,0,1,0
2031,1057291,335,14634,-869,14100,11942,1759,-30940,0,0,1,0,1,0
2032,1057812,171,16784,-830,16125,6088,2172,-29551,0,0,1,0,1,0
2033,1058333,0,18292,-759,17533,0,2502,-27026,0,0,1,0,1,0
2034,1058854,-171,19097,-659,18267,-6088,2736,-23462,0,0,1,0,1,0
2035,1059375,-335,19171,-534,18302,-11942,2865,-18997,0,0,1,0,1,0
2036,1059895,-487,18508,-388,17634,-17337,2883,-13802,0,0,1,0,1,0
2037,1060416,-620,17136,-227,16290,-22066,2791,-8077,0,0,1,0,1,0
2038,1060937,-729,15107,-57,14321,-25947,2592,-2041,0,0,1,0,1,0
2039,1061458,-810,12498,114,11803,-28831,2292,4073,0,0,1,0,1,0
2040,1061979,-860,9411,282,8833,-30607,1905,10031,0,0,1,0,1,0
2041,1062500,-876,5963,438,5524,-31207,1445,15603,0,0,1,0,1,0
2042,1063020,-860,2287,578,2005,-30607,929,20576,0,0,1,0,1,0
2043,1063541,-810,-1476,695,-1590,-28831,377,24758,0,0,1,0,1,0
2044,1064062,-729,-5181,786,-5124,-25947,-189,27988,0,0,1,0,1,0
2045,1064583,-620,-8685,847,-8459,-22066,-748,30143,0,0,1,0,1,0
2046,1065104,-487,-11855,875,-11467,-17337,-1278,31140,0,0,1,0,1,0
2047,1065625,-335,-14568,869,-14035,-11942,-1759,30940,0,0,1,0,1,0
2048,1066145,-171,-16720,830,-16061,-6088,-2172,29551,0,0,1,0,1,0
2049,1066666,0,-18229,759,-17470,0,-2502,27026,0,0,1,0,1,0
2050,1067187,171,-19036,659,-18206,6088,-2736,23462,0,0,1,0,1,0
2051,1067708,335,-19110,534,-18241,11942,-2865,18997,0,0,1,0,1,0
2052,1068229,487,-18449,388,-17574,17337,-2883,13802,0,0,1,0,1,0
2053,1068750,620,-17078,227,-16231,22066,-2791,8077,0,0,1,0,1,0
2054,1069270,729,-15050,57,-14264,25947,-2592,2041,0,0,1,0,1,0
2055,1069791,810,-12442,-114,-11747,28831,-2292,-4073,0,0,1,0,1,0
2056,1070312,860,-9356,-282,-8778,30607,-1905,-10031,0,0,1,0,1,0
2057,1070833,876,-5909,-438,-5471,31207,-1445,-15603,0,0,1,0,1,0
2058,1071354,860,-2234,-578,-1952,30607,-929,-20576,0,0,1,0,1,0
2059,1071875,810,1528,-695,1642,28831,-377,-24758,0,0,1,0,1,0
2060,1072395,729,5232,-786,5174,25947,189,-27988,0,0,1,0,1,0
2061,1072916,620,8735,-847,8508,22066,748,-30143,0,0,1,0,1,0
2062,1073437,487,11904,-875,11516,17337,1278,-31140,0,0,1,0,1,0
2063,1073958,335,14616,-869,14082,11942,1759,-30940,0,0,1,0,1,0
2064,1074479,171,16767,-830,16108,6088,2172,-29551,0,0,1,0,1,0
2065,1075000,0,18275,-759,17516,0,2502,-27026,0,0,1,0,1,0
2066,1075520,-171,19081,-659,18251,-6088,2736,-23462,0,0,1,0,1,0
2067,1076041,-335,19154,-534,18285,-11942,2865,-18997,0,0,1,0,1,0
2068,1076562,-487,18492,-388,17618,-17337,2883,-13802,0,0,1,0,1,0
2069,1077083,-620,17121,-227,16274,-22066,2791,-8077,0,0,1,0,1,0
2070,1077604,-729,15092,-57,14305,-25947,2592,-2041,0,0,1,0,1,0
2071,1078125,-810,12483,114,11788,-28831,2292,4073,0,0,1,0,1,0
2072,1078645,-860,9396,282,8818,-30607,1905,10031,0,0,1,0,1,0
2073,1079166,-876,5948,438,5510,-31207,1445,15603,0,0,1,0,1,0
2074,1079687,-860,2272,578,1991,-30607,929,20576,0,0,1,0,1,0
2075,1080208,-810,-1490,695,-1604,-28831,377,24758,0,0,1,0,1,0
2076,1080729,-729,-5195,786,-5137,-25947,-189,27988,0,0,1,0,1,0
2077,1081250,-620,-8699,847,-8472,-22066,-748,30143,0,0,1,0,1,0
2078,1081770,-487,-11868,875,-11481,-17337,-1278,31140,0,0,1,0,1,0
2079,1082291,-335,-14581,869,-14047,-11942,-1759,30940,0,0,1,0,1,0
2080,1082812,-171,-16733,830,-16074,-6088,-2172,29551,0,0,1,0,1,0
2081,1083333,0,-18241,759,-17482,0,-2502,27026,0,0,1,0,1,0
2082,1083854,171,-19048,659,-18218,6088,-2736,23462,0,0,1,0,1,0
2083,1084375,335,-19122,534,-18253,11942,-2865,18997,0,0,1,0,1,0
2084,1084895,487,-18461,388,-17586,17337,-2883,13802,0,0,1,0,1,0
2085,1085416,620,-17090,227,-16243,22066,-2791,8077,0,0,1,0,1,0
2086,1085937,729,-15061,57,-14275,25947,-2592,2041,0,0,1,0,1,0
2087,1086458,810,-12453,-114,-11758,28831,-2292,-4073,0,0,1,0,1,0
2088,1086979,860,-9367,-282,-8789,30607,-1905,-10031,0,0,1,0,1,0
2089,1087500,876,-5919,-438,-5481,31207,-1445,-15603,0,0,1,0,1,0
2090,1088020,860,-2244,-578,-1962,30607,-929,-20576,0,0,1,0,1,0
2091,1088541,810,1518,-695,1632,28831,-377,-24758,0,0,1,0,1,0
2092,1089062,729,5222,-786,5164,25947,189,-27988,0,0,1,0,1,0
2093,1089583,620,8725,-847,8499,22066,748,-30143,0,0,1,0,1,0
2094,1090104,487,11894,-875,11507,17337,1278,-31140,0,0,1,0,1,0
2095,1090625,335,14607,-869,14073,11942,1759,-30940,0,0,1,0,1,0
2096,1091145,171,16758,-830,16099,6088,2172,-29551,0,0,1,0,1,0
2097,1091666,0,18266,-759,17507,0,2502,-27026,0,0,1,0,1,0
2098,1092187,-171,19072,-659,18242,-6088,2736,-23462,0,0,1,0,1,0
2099,1092708,-335,19146,-534,18277,-11942,2865,-18997,0,0,1,0,1,0
2100,1093229,-487,18484,-388,17609,-17337,2883,-13802,0,0,1,0,1,0
2101,1093750,-620,17112,-227,16266,-22066,2791,-8077,0,0,1,0,1,0
2102,1094270,-729,15083,-57,14297,-25947,2592,-2041,0,0,1,0,1,0
2103,1094791,-810,12475,114,11780,-28831,2292,4073,0,0,1,0,1,0
2104,1095312,-860,9388,282,8810,-30607,1905,10031,0,0,1,0,1,0
2105,1095833,-876,5940,438,5502,-31207,1445,15603,0,0,1,0,1,0
2106,1096354,-860,2265,578,1983,-30607,929,20576,0,0,1,0,1,0
2107,1096875,-810,-1497,695,-1612,-28831,377,24758,0,0,1,0,1,0
2108,1097395,-729,-5202,786,-5145,-25947,-189,27988,0,0,1,0,1,0
2109,1097916,-620,-8706,847,-8479,-22066,-748,30143,0,0,1,0,1,0
2110,1098437,-487,-11875,875,-11488,-17337,-1278,31140,0,0,1,0,1,0
2111,1098958,-335,-14588,869,-14054,-11942,-1759,30940,0,0,1,0,1,0
2112,1099479,-171,-16740,830,-16081,-6088,-2172,29551,0,0,1,0,1,0
2113,1100000,0,-18248,759,-17489,0,-2502,27026,0,0,1,0,1,0
2114,1100520,171,-19054,659,-18224,6088,-2736,23462,0,0,1,0,1,0
2115,1101041,335,-19128,534,-18259,11942,-2865,18997,0,0,1,0,1,0
2116,1101562,487,-18467,388,-17592,17337,-2883,13802,0,0,1,0,1,0
2117,1102083,620,-17096,227,-16249,22066,-2791,8077,0,0,1,0,1,0
2118,1102604,729,-15067,57,-14281,25947,-2592,2041,0,0,1,0,1,0
2119,1103125,810,-12459,-114,-11764,28831,-2292,-4073,0,0,1,0,1,0
2120,1103645,860,-9372,-282,-8794,30607,-1905,-10031,0,0,1,0,1,0
2121,1104166,876,-5925,-438,-5487,31207,-1445,-15603,0,0,1,0,1,0
2122,1104687,860,-2250,-578,-1968,30607,-929,-20576,0,0,1,0,1,0
2123,1105208,810,1512,-695,1627,28831,-377,-24758,0,0,1,0,1,0
2124,1105729,729,5216,-786,5159,25947,189,-27988,0,0,1,0,1,0
2125,1106250,620,8720,-847,8493,22066,748,-30143,0,0,1,0,1,0
2126,1106770,487,11889,-875,11502,17337,1278,-31140,0,0,1,0,1,0
2127,1107291,335,14602,-869,14068,11942,1759,-30940,0,0,1,0,1,0
2128,1107812,171,16753,-830,16094,6088,2172,-29551,0,0,1,0,1,0
2129,1108333,0,18261,-759,17502,0,2502,-27026,0,0,1,0,1,0
2130,1108854,-171,19067,-659,18237,-6088,2736,-23462,0,0,1,0,1,0
2131,1109375,-335,19141,-534,18272,-11942,2865,-18997,0,0,1,0,1,0
2132,1109895,-487,18479,-388,17605,-17337,2883,-13802,0,0,1,0,1,0
2133,1110416,-620,17108,-227,16261,-22066,2791,-8077,0,0,1,0,1,0
2134,1110937,-729,15079,-57,14293,-25947,2592,-2041,0,0,1,0,1,0
2135,1111458,-810,12471,114,11776,-28831,2292,4073,0,0,1,0,1,0
2136,1111979,-860,9384,282,8806,-30607,1905,10031,0,0,1,0,1,0
2137,1112500,-876,5936,438,5498,-31207,1445,15603,0,0,1,0,1,0
2138,1113020,-860,2261,578,1979,-30607,929,20576,0,0,1,0,1,0
2139,1113541,-810,-1501,695,-1616,-28831,377,24758,0,0,1,0,1,0
2140,1114062,-729,-5206,786,-5148,-25947,-189,27988,0,0,1,0,1,0
2141,1114583,-620,-8710,847,-8483,-22066,-748,30143,0,0,1,0,1,0
2142,1115104,-487,-11879,875,-11491,-17337,-1278,31140,0,0,1,0,1,0
2143,1115625,-335,-14592,869,-14058,-11942,-1759,30940,0,0,1,0,1,0
2144,1116145,-171,-16743,830,-16084,-6088,-2172,29551,0,0,1,0,1,0
2145,1116666,0,-18251,759,-17492,0,-2502,27026,0,0,1,0,1,0
2146,1117187,171,-19058,659,-18228,6088,-2736,23462,0,0,1,0,1,0
2147,1117708,335,-19132,534,-18263,11942,-2865,18997,0,0,1,0,1,0
2148,1118229,487,-18470,388,-17596,17337,-2883,13802,0,0,1,0,1,0
2149,1118750,620,-17099,227,-16252,22066,-2791,8077,0,0,1,0,1,0
2150,1119270,729,-15070,57,-14284,25947,-2592,2041,0,0,1,0,1,0
2151,1119791,810,-12462,-114,-11767,28831,-2292,-4073,0,0,1,0,1,0
2152,1120312,860,-9375,-282,-8798,30607,-1905,-10031,0,0,1,0,1,0
2153,1120833,876,-5928,-438,-5490,31207,-1445,-15603,0,0,1,0,1,0
2154,1121354,860,-2253,-578,-1971,30607,-929,-20576,0,0,1,0,1,0
2155,1121875,810,1509,-695,1624,28831,-377,-24758,0,0,1,0,1,0
2156,1122395,729,5213,-786,5156,25947,189,-27988,0,0,1,0,1,0
2157,1122916,620,8717,-847,8491,22066,748,-30143,0,0,1,0,1,0
2158,1123437,487,11886,-875,11499,17337,1278,-31140,0,0,1,0,1,0
2159,1123958,335,14599,-869,14065,11942,1759,-30940,0,0,1,0,1,0
2160,1124479,171,16750,-830,16091,6088,2172,-29551,0,0,1,0,1,0
2161,1125000,0,18258,-759,17499,0,2502,-27026,0,0,1,0,1,0
2162,1125520,-171,19065,-659,18235,-6088,2736,-23462,0,0,1,0,1,0
2163,1126041,-335,19138,-534,18269,-11942,2865,-18997,0,0,1,0,1,0
2164,1126562,-487,18477,-388,17602,-17337,2883,-13802,0,0,1,0,1,0
2165,1127083,-620,17105,-227,16259,-22066,2791,-8077,0,0,1,0,1,0
2166,1127604,-729,15077,-57,14291,-25947,2592,-2041,0,0,1,0,1,0
2167,1128125,-810,12469,114,11773,-28831,2292,4073,0,0,1,0,1,0
2168,1128645,-860,9382,282,8804,-30607,1905,10031,0,0,1,0,1,0
2169,1129166,-876,5934,438,5496,-31207,1445,15603,0,0,1,0,1,0
2170,1129687,-860,2259,578,1977,-30607,929,20576,0,0,1,0,1,0
2171,1130208,-810,-1504,695,-1618,-28831,377,24758,0,0,1,0,1,0
2172,1130729,-729,-5208,786,-5151,-25947,-189,27988,0,0,1,0,1,0
2173,1131250,-620,-8712,847,-8485,-22066,-748,30143,0,0,1,0,1,0
2174,1131770,-487,-11881,875,-11493,-17337,-1278,31140,0,0,1,0,1,0
2175,1132291,-335,-14594,869,-14060,-11942,-1759,30940,0,0,1,0,1,0
2176,1132812,-171,-16745,830,-16086,-6088,-2172,29551,0,0,1,0,1,0
2177,1133333,0,-18253,759,-17494,0,-2502,27026,0,0,1,0,1,0
2178,1133854,171,-19060,659,-18230,6088,-2736,23462,0,0,1,0,1,0
2179,1134375,335,-19134,534,-18265,11942,-2865,18997,0,0,1,0,1,0
2180,1134895,487,-18472,388,-17597,17337,-2883,13802,0,0,1,0,1,0
2181,1135416,620,-17101,227,-16254,22066,-2791,8077,0,0,1,0,1,0
2182,1135937,729,-15072,57,-14286,25947,-2592,2041,0,0,1,0,1,0
2183,1136458,810,-12464,-114,-11769,28831,-2292,-4073,0,0,1,0,1,0
2184,1136979,860,-9377,-282,-8799,30607,-1905,-10031,0,0,1,0,1,0
2185,1137500,876,-5930,-438,-5491,31207,-1445,-15603,0,0,1,0,1,0
2186,1138020,860,-2254,-578,-1973,30607,-929,-20576,0,0,1,0,1,0
2187,1138541,810,1508,-695,1622,28831,-377,-24758,0,0,1,0,1,0
2188,1139062,729,5212,-786,5155,25947,189,-27988,0,0,1,0,1,0
2189,1139583,620,8716,-847,8489,22066,748,-30143,0,0,1,0,1,0
2190,1140104,487,11885,-875,11497,17337,1278,-31140,0,0,1,0,1,0
2191,1140625,335,14597,-869,14064,11942,1759,-30940,0,0,1,0,1,0
2192,1141145,171,16749,-830,16090,6088,2172,-29551,0,0,1,0,1,0
2193,1141666,0,18257,-759,17498,0,2502,-27026,0,0,1,0,1,0
2194,1142187,-171,19063,-659,18233,-6088,2736,-23462,0,0,1,0,1,0
2195,1142708,-335,19137,-534,18268,-11942,2865,-18997,0,0,1,0,1,0
2196,1143229,-487,18476,-388,17601,-17337,2883,-13802,0,0,1,0,1,0
2197,1143750,-620,17104,-227,16257,-22066,2791,-8077,0,0,1,0,1,0
2198,1144270,-729,15075,-57,14289,-25947,2592,-2041,0,0,1,0,1,0
2199,1144791,-810,12467,114,11772,-28831,2292,4073,0,0,1,0,1,0
2200,1145312,-860,9380,282,8802,-30607,1905,10031,0,0,1,0,1,0
2201,1145833,-876,5933,438,5495,-31207,1445,15603,0,0,1,0,1,0
2202,1146354,-860,2257,578,1976,-30607,929,20576,0,0,1,0,1,0
2203,1146875,-810,-1505,695,-1619,-28831,377,24758,0,0,1,0,1,0
2204,1147395,0,0,0,0,0,0,0,1,0,0,0,0,1
2205,1147916,0,0,0,0,0,0,0,1,0,0,0,0,1
2206,1148437,0,0,0,0,0,0,0,1,0,0,0,0,1
2207,1148958,0,0,0,0,0,0,0,1,0,0,0,0,1
2208,1149479,0,0,0,0,0,0,0,1,0,0,0,0,1
2209,1150000,0,0,0,0,0,0,0,1,0,0,0,0,1
2210,1150520,0,0,0,0,0,0,0,1,0,0,0,0,1
2211,1151041,0,0,0,0,0,0,0,1,0,0,0,0,1
2212,1151562,0,0,0,0,0,0,0,1,0,0,0,0,1
2213,1152083,0,0,0,0,0,0,0,1,0,0,0,0,1
2214,1152604,0,0,0,0,0,0,0,1,0,0,0,0,1
2215,1153125,0,0,0,0,0,0,0,1,0,0,0,0,1
2216,1153645,0,0,0,0,0,0,0,1,0,0,0,0,1
2217,1154166,0,0,0,0,0,0,0,1,0,0,0,0,1
2218,1154687,0,0,0,0,0,0,0,1,0,0,0,0,1
2219,1155208,0,0,0,0,0,0,0,1,0,0,0,0,1
2220,1155729,0,0,0,0,0,0,0,1,0,0,0,0,1
2221,1156250,0,0,0,0,0,0,0,1,0,0,0,0,1
2222,1156770,0,0,0,0,0,0,0,1,0,0,0,0,1
2223,1157291,0,0,0,0,0,0,0,1,0,0,0,0,1
2224,1157812,0,0,0,0,0,0,0,1,0,0,0,0,1
2225,1158333,0,0,0,0,0,0,0,1,0,0,0,0,1
2226,1158854,0,0,0,0,0,0,0,1,0,0,0,0,1
2227,1159375,0,0,0,0,0,0,0,1,0,0,0,0,1
2228,1159895,0,0,0,0,0,0,0,1,0,0,0,0,1
2229,1160416,0,0,0,0,0,0,0,1,0,0,0,0,1
2230,1160937,0,0,0,0,0,0,0,1,0,0,0,0,1
2231,1161458,0,0,0,0,0,0,0,1,0,0,0,0,1
2232,1161979,0,0,0,0,0,0,0,1,0,0,0,0,1
2233,1162500,0,0,0,0,0,0,0,1,0,0,0,0,1
2234,1163020,0,0,0,0,0,0,0,1,0,0,0,0,1
2235,1163541,0,0,0,0,0,0,0,1,0,0,0,0,1
2236,1164062,0,0,0,0,0,0,0,1,0,0,0,0,1
2237,1164583,0,0,0,0,0,0,0,1,0,0,0,0,1
2238,1165104,0,0,0,0,0,0,0,1,0,0,0,0,1
2239,1165625,0,0,0,0,0,0,0,1,0,0,0,0,1
2240,1166145,0,0,0,0,0,0,0,1,0,0,0,0,1
2241,1166666,0,0,0,0,0,0,0,1,0,0,0,0,1
2242,1167187,0,0,0,0,0,0,0,1,0,0,0,0,1
2243,1167708,0,0,0,0,0,0,0,1,0,0,0,0,1
2244,1168229,0,0,0,0,0,0,0,1,0,0,0,0,1
2245,1168750,0,0,0,0,0,0,0,1,0,0,0,0,1
2246,1169270,0,0,0,0,0,0,0,1,0,0,0,0,1
2247,1169791,0,0,0,0,0,0,0,1,0,0,0,0,1
2248,1170312,0,0,0,0,0,0,0,1,0,0,0,0,1
2249,1170833,0,0,0,0,0,0,0,1,0,0,0,0,1
2250,1171354,0,0,0,0,0,0,0,1,0,0,0,0,1
2251,1171875,0,0,0,0,0,0,0,1,0,0,0,0,1
2252,1172395,0,0,0,0,0,0,0,1,0,0,0,0,1
2253,1172916,0,0,0,0,0,0,0,1,0,0,0,0,1
2254,1173437,0,0,0,0,0,0,0,1,0,0,0,0,1
2255,1173958,0,0,0,0,0,0,0,1,0,0,0,0,1
2256,1174479,0,0,0,0,0,0,0,1,0,0,0,0,1
2257,1175000,0,0,0,0,0,0,0,1,0,0,0,0,1
2258,1175520,0,0,0,0,0,0,0,1,0,0,0,0,1
2259,1176041,0,0,0,0,0,0,0,1,0,0,0,0,1
2260,1176562,0,0,0,0,0,0,0,1,0,0,0,0,1
2261,1177083,0,0,0,0,0,0,0,1,0,0,0,0,1
2262,1177604,0,0,0,0,0,0,0,1,0,0,0,0,1
2263,1178125,0,0,0,0,0,0,0,1,0,0,0,0,1
2264,1178645,0,0,0,0,0,0,0,1,0,0,0,0,1
2265,1179166,0,0,0,0,0,0,0,1,0,0,0,0,1
2266,1179687,0,0,0,0,0,0,0,1,0,0,0,0,1
2267,1180208,0,0,0,0,0,0,0,1,0,0,0,0,1
2268,1180729,0,0,0,0,0,0,0,1,0,0,0,0,1
2269,1181250,0,0,0,0,0,0,0,1,0,0,0,0,1
2270,1181770,0,0,0,0,0,0,0,1,0,0,0,0,1
2271,1182291,0,0,0,0,0,0,0,1,0,0,0,0,1
2272,1182812,0,0,0,0,0,0,0,1,0,0,0,0,1
2273,1183333,0,0,0,0,0,0,0,1,0,0,0,0,1
2274,1183854,0,0,0,0,0,0,0,1,0,0,0,0,1
2275,1184375,0,0,0,0,0,0,0,1,0,0,0,0,1
2276,1184895,0,0,0,0,0,0,0,1,0,0,0,0,1
2277,1185416,0,0,0,0,0,0,0,1,0,0,0,0,1
2278,1185937,0,0,0,0,0,0,0,1,0,0,0,0,1
2279,1186458,0,0,0,0,0,0,0,1,0,0,0,0,1
2280,1186979,0,0,0,0,0,0,0,1,0,0,0,0,1
2281,1187500,0,0,0,0,0,0,0,1,0,0,0,0,1
2282,1188020,0,0,0,0,0,0,0,1,0,0,0,0,1
2283,1188541,0,0,0,0,0,0,0,1,0,0,0,0,1
2284,1189062,0,0,0,0,0,0,0,1,0,0,0,0,1
2285,1189583,0,0,0,0,0,0,0,1,0,0,0,0,1
2286,1190104,0,0,0,0,0,0,0,1,0,0,0,0,1
2287,1190625,0,0,0,0,0,0,0,1,0,0,0,0,1
2288,1191145,0,0,0,0,0,0,0,1,0,0,0,0,1
2289,1191666,0,0,0,0,0,0,0,1,0,0,0,0,1
2290,1192187,0,0,0,0,0,0,0,1,0,0,0,0,1
2291,1192708,0,0,0,0,0,0,0,1,0,0,0,0,1
2292,1193229,0,0,0,0,0,0,0,1,0,0,0,0,1
2293,1193750,0,0,0,0,0,0,0,1,0,0,0,0,1
2294,1194270,0,0,0,0,0,0,0,1,0,0,0,0,1
2295,1194791,0,0,0,0,0,0,0,1,0,0,0,0,1
2296,1195312,0,0,0,0,0,0,0,1,0,0,0,0,1
2297,1195833,0,0,0,0,0,0,0,1,0,0,0,0,1
2298,1196354,0,0,0,0,0,0,0,1,0,0,0,0,1
2299,1196875,0,0,0,0,0,0,0,1,0,0,0,0,1
2300,1197395,0,0,0,0,0,0,0,1,0,0,0,0,1
2301,1197916,0,0,0,0,0,0,0,1,0,0,0,0,1
2302,1198437,0,0,0,0,0,0,0,1,0,0,0,0,1
2303,1198958,0,0,0,0,0,0,0,1,0,0,0,0,1
2304,1199479,0,0,0,0,0,0,0,1,0,0,0,0,1
2305,1200000,0,0,0,0,0,0,0,1,0,0,0,0,1
2306,1200520,0,0,0,0,0,0,0,1,0,0,0,0,1
2307,1201041,0,0,0,0,0,0,0,1,0,0,0,0,1
2308,1201562,0,0,0,0,0,0,0,1,0,0,0,0,1
2309,1202083,0,0,0,0,0,0,0,1,0,0,0,0,1
2310,1202604,0,0,0,0,0,0,0,1,0,0,0,0,1
2311,1203125,0,0,0,0,0,0,0,1,0,0,0,0,1
2312,1203645,0,0,0,0,0,0,0,1,0,0,0,0,1
2313,1204166,0,0,0,0,0,0,0,1,0,0,0,0,1
2314,1204687,0,0,0,0,0,0,0,1,0,0,0,0,1
2315,1205208,0,0,0,0,0,0,0,1,0,0,0,0,1
2316,1205729,0,0,0,0,0,0,0,1,0,0,0,0,1
2317,1206250,0,0,0,0,0,0,0,1,0,0,0,0,1
2318,1206770,0,0,0,0,0,0,0,1,0,0,0,0,1
2319,1207291,0,0,0,0,0,0,0,1,0,0,0,0,1
2320,1207812,0,0,0,0,0,0,0,1,0,0,0,0,1
2321,1208333,0,0,0,0,0,0,0,1,0,0,0,0,1
2322,1208854,0,0,0,0,0,0,0,1,0,0,0,0,1
2323,1209375,0,0,0,0,0,0,0,1,0,0,0,0,1
2324,1209895,0,0,0,0,0,0,0,1,0,0,0,0,1
2325,1210416,0,0,0,0,0,0,0,1,0,0,0,0,1
2326,1210937,0,0,0,0,0,0,0,1,0,0,0,0,1
2327,1211458,0,0,0,0,0,0,0,1,0,0,0,0,1
2328,1211979,0,0,0,0,0,0,0,1,0,0,0,0,1
2329,1212500,0,0,0,0,0,0,0,1,0,0,0,0,1
2330,1213020,0,0,0,0,0,0,0,1,0,0,0,0,1
2331,1213541,0,0,0,0,0,0,0,1,0,0,0,0,1
2332,1214062,0,0,0,0,0,0,0,1,0,0,0,0,1
2333,1214583,0,0,0,0,0,0,0,1,0,0,0,0,1
2334,1215104,0,0,0,0,0,0,0,1,0,0,0,0,1
2335,1215625,0,0,0,0,0,0,0,1,0,0,0,0,1
2336,1216145,0,0,0,0,0,0,0,1,0,0,0,0,1
2337,1216666,0,0,0,0,0,0,0,1,0,0,0,0,1
2338,1217187,0,0,0,0,0,0,0,1,0,0,0,0,1
2339,1217708,0,0,0,0,0,0,0,1,0,0,0,0,1
2340,1218229,0,0,0,0,0,0,0,1,0,0,0,0,1
2341,1218750,0,0,0,0,0,0,0,1,0,0,0,0,1
2342,1219270,0,0,0,0,0,0,0,1,0,0,0,0,1
2343,1219791,0,0,0,0,0,0,0,1,0,0,0,0,1
2344,1220312,0,0,0,0,0,0,0,1,0,0,0,0,1
2345,1220833,0,0,0,0,0,0,0,1,0,0,0,0,1
2346,1221354,0,0,0,0,0,0,0,1,0,0,0,0,1
2347,1221875,0,0,0,0,0,0,0,1,0,0,0,0,1
2348,1222395,0,0,0,0,0,0,0,1,0,0,0,0,1
2349,1222916,0,0,0,0,0,0,0,1,0,0,0,0,1
2350,1223437,0,0,0,0,0,0,0,1,0,0,0,0,1
2351,1223958,0,0,0,0,0,0,0,1,0,0,0,0,1
2352,1224479,0,0,0,0,0,0,0,1,0,0,0,0,1
2353,1225000,0,0,0,0,0,0,0,1,0,0,0,0,1
2354,1225520,0,0,0,0,0,0,0,1,0,0,0,0,1
2355,1226041,0,0,0,0,0,0,0,1,0,0,0,0,1
2356,1226562,0,0,0,0,0,0,0,1,0,0,0,0,1
2357,1227083,0,0,0,0,0,0,0,1,0,0,0,0,1
2358,1227604,0,0,0,0,0,0,0,1,0,0,0,0,1
2359,1228125,0,0,0,0,0,0,0,1,0,0,0,0,1
2360,1228645,0,0,0,0,0,0,0,1,0,0,0,0,1
2361,1229166,0,0,0,0,0,0,0,1,0,0,0,0,1
2362,1229687,0,0,0,0,0,0,0,1,0,0,0,0,1
2363,1230208,0,0,0,0,0,0,0,1,0,0,0,0,1
2364,1230729,0,0,0,0,0,0,0,1,0,0,0,0,1
2365,1231250,0,0,0,0,0,0,0,1,0,0,0,0,1
2366,1231770,0,0,0,0,0,0,0,1,0,0,0,0,1
2367,1232291,0,0,0,0,0,0,0,1,0,0,0,0,1
2368,1232812,0,0,0,0,0,0,0,1,0,0,0,0,1
2369,1233333,0,0,0,0,0,0,0,1,0,0,0,0,1
2370,1233854,0,0,0,0,0,0,0,1,0,0,0,0,1
2371,1234375,0,0,0,0,0,0,0,1,0,0,0,0,1
2372,1234895,0,0,0,0,0,0,0,1,0,0,0,0,1
2373,1235416,0,0,0,0,0,0,0,1,0,0,0,0,1
2374,1235937,0,0,0,0,0,0,0,1,0,0,0,0,1
2375,1236458,0,0,0,0,0,0,0,1,0,0,0,0,1
2376,1236979,0,0,0,0,0,0,0,1,0,0,0,0,1
2377,1237500,0,0,0,0,0,0,0,1,0,0,0,0,1
2378,1238020,0,0,0,0,0,0,0,1,0,0,0,0,1
2379,1238541,0,0,0,0,0,0,0,1,0,0,0,0,1
2380,1239062,0,0,0,0,0,0,0,1,0,0,0,0,1
2381,1239583,0,0,0,0,0,0,0,1,0,0,0,0,1
2382,1240104,0,0,0,0,0,0,0,1,0,0,0,0,1
2383,1240625,0,0,0,0,0,0,0,1,0,0,0,0,1
2384,1241145,0,0,0,0,0,0,0,1,0,0,0,0,1
2385,1241666,0,0,0,0,0,0,0,1,0,0,0,0,1
2386,1242187,0,0,0,0,0,0,0,1,0,0,0,0,1
2387,1242708,0,0,0,0,0,0,0,1,0,0,0,0,1
2388,1243229,0,0,0,0,0,0,0,1,0,0,0,0,1
2389,1243750,0,0,0,0,0,0,0,1,0,0,0,0,1
2390,1244270,0,0,0,0,0,0,0,1,0,0,0,0,1
2391,1244791,0,0,0,0,0,0,0,1,0,0,0,0,1
2392,1245312,0,0,0,0,0,0,0,1,0,0,0,0,1
2393,1245833,0,0,0,0,0,0,0,1,0,0,0,0,1
2394,1246354,0,0,0,0,0,0,0,1,0,0,0,0,1
2395,1246875,0,0,0,0,0,0,0,1,0,0,0,0,1
2396,1247395,0,0,0,0,0,0,0,1,0,0,0,0,1
2397,1247916,0,0,0,0,0,0,0,1,0,0,0,0,1
2398,1248437,0,0,0,0,0,0,0,1,0,0,0,0,1
2399,1248958,0,0,0,0,0,0,0,1,0,0,0,0,1
2400,1249479,0,0,0,0,0,0,0,1,0,0,0,0,1
2401,1250000,0,0,0,0,0,0,0,1,0,0,0,0,1
2402,1250520,0,0,0,0,0,0,0,1,0,0,0,0,1
2403,1251041,0,0,0,0,0,0,0,1,0,0,0,0,1
2404,1251562,0,0,0,0,0,0,0,1,0,0,0,0,1
2405,1252083,0,0,0,0,0,0,0,1,0,0,0,0,1
2406,1252604,0,0,0,0,0,0,0,1,0,0,0,0,1
2407,1253125,0,0,0,0,0,0,0,1,0,0,0,0,1
2408,1253645,0,0,0,0,0,0,0,1,0,0,0,0,1
2409,1254166,0,0,0,0,0,0,0,1,0,0,0,0,1
2410,1254687,0,0,0,0,0,0,0,1,0,0,0,0,1
2411,1255208,0,0,0,0,0,0,0,1,0,0,0,0,1
2412,1255729,0,0,0,0,0,0,0,1,0,0,0,0,1
2413,1256250,0,0,0,0,0,0,0,1,0,0,0,0,1
2414,1256770,0,0,0,0,0,0,0,1,0,0,0,0,1
2415,1257291,0,0,0,0,0,0,0,1,0,0,0,0,1
2416,1257812,0,0,0,0,0,0,0,1,0,0,0,0,1
2417,1258333,0,0,0,0,0,0,0,1,0,0,0,0,1
2418,1258854,0,0,0,0,0,0,0,1,0,0,0,0,1
2419,1259375,0,0,0,0,0,0,0,1,0,0,0,0,1
2420,1259895,0,0,0,0,0,0,0,1,0,0,0,0,1
2421,1260416,0,0,0,0,0,0,0,1,0,0,0,0,1
2422,1260937,0,0,0,0,0,0,0,1,0,0,0,0,1
2423,1261458,0,0,0,0,0,0,0,1,0,0,0,0,1
2424,1261979,0,0,0,0,0,0,0,1,0,0,0,0,1
2425,1262500,0,0,0,0,0,0,0,1,0,0,0,0,1
2426,1263020,0,0,0,0,0,0,0,1,0,0,0,0,1
2427,1263541,0,0,0,0,0,0,0,1,0,0,0,0,1
2428,1264062,0,0,0,0,0,0,0,1,0,0,0,0,1
2429,1264583,0,0,0,0,0,0,0,1,0,0,0,0,1
2430,1265104,0,0,0,0,0,0,0,1,0,0,0,0,1
2431,1265625,0,0,0,0,0,0,0,1,0,0,0,0,1
2432,1266145,0,0,0,0,0,0,0,1,0,0,0,0,1
2433,1266666,0,0,0,0,0,0,0,1,0,0,0,0,1
2434,1267187,0,0,0,0,0,0,0,1,0,0,0,0,1
2435,1267708,0,0,0,0,0,0,0,1,0,0,0,0,1
2436,1268229,0,0,0,0,0,0,0,1,0,0,0,0,1
2437,1268750,0,0,0,0,0,0,0,1,0,0,0,0,1
2438,1269270,0,0,0,0,0,0,0,1,0,0,0,0,1
2439,1269791,0,0,0,0,0,0,0,1,0,0,0,0,1
2440,1270312,0,0,0,0,0,0,0,1,0,0,0,0,1
2441,1270833,0,0,0,0,0,0,0,1,0,0,0,0,1
2442,1271354,0,0,0,0,0,0,0,1,0,0,0,0,1
2443,1271875,0,0,0,0,0,0,0,1,0,0,0,0,1
2444,1272395,0,0,0,0,0,0,0,1,0,0,0,0,1
2445,1272916,0,0,0,0,0,0,0,1,0,0,0,0,1
2446,1273437,0,0,0,0,0,0,0,1,0,0,0,0,1
2447,1273958,0,0,0,0,0,0,0,1,0,0,0,0,1
2448,1274479,0,0,0,0,0,0,0,1,0,0,0,0,1
2449,1275000,0,0,0,0,0,0,0,1,0,0,0,0,1
2450,1275520,0,0,0,0,0,0,0,1,0,0,0,0,1
2451,1276041,0,0,0,0,0,0,0,1,0,0,0,0,1
2452,1276562,0,0,0,0,0,0,0,1,0,0,0,0,1
2453,1277083,0,0,0,0,0,0,0,1,0,0,0,0,1
2454,1277604,0,0,0,0,0,0,0,1,0,0,0,0,1
2455,1278125,0,0,0,0,0,0,0,1,0,0,0,0,1
2456,1278645,0,0,0,0,0,0,0,1,0,0,0,0,1
2457,1279166,0,0,0,0,0,0,0,1,0,0,0,0,1
2458,1279687,0,0,0,0,0,0,0,1,0,0,0,0,1
2459,1280208,0,0,0,0,0,0,0,1,0,0,0,0,1
2460,1280729,0,0,0,0,0,0,0,1,0,0,0,0,1
2461,1281250,0,0,0,0,0,0,0,1,0,0,0,0,1
2462,1281770,0,0,0,0,0,0,0,1,0,0,0,0,1
2463,1282291,0,0,0,0,0,0,0,1,0,0,0,0,1
2464,1282812,0,0,0,0,0,0,0,1,0,0,0,0,1
2465,1283333,0,0,0,0,0,0,0,1,0,0,0,0,1
2466,1283854,0,0,0,0,0,0,0,1,0,0,0,0,1
2467,1284375,0,0,0,0,0,0,0,1,0,0,0,0,1
2468,1284895,0,0,0,0,0,0,0,1,0,0,0,0,1
2469,1285416,0,0,0,0,0,0,0,1,0,0,0,0,1
2470,1285937,0,0,0,0,0,0,0,1,0,0,0,0,1
2471,1286458,0,0,0,0,0,0,0,1,0,0,0,0,1
2472,1286979,0,0,0,0,0,0,0,1,0,0,0,0,1
2473,1287500,0,0,0,0,0,0,0,1,0,0,0,0,1
2474,1288020,0,0,0,0,0,0,0,1,0,0,0,0,1
2475,1288541,0,0,0,0,0,0,0,1,0,0,0,0,1
2476,1289062,0,0,0,0,0,0,0,1,0,0,0,0,1
2477,1289583,0,0,0,0,0,0,0,1,0,0,0,0,1
2478,1290104,0,0,0,0,0,0,0,1,0,0,0,0,1
2479,1290625,0,0,0,0,0,0,0,1,0,0,0,0,1
2480,1291145,0,0,0,0,0,0,0,1,0,0,0,0,1
2481,1291666,0,0,0,0,0,0,0,1,0,0,0,0,1
2482,1292187,0,0,0,0,0,0,0,1,0,0,0,0,1
2483,1292708,0,0,0,0,0,0,0,1,0,0,0,0,1
2484,1293229,0,0,0,0,0,0,0,1,0,0,0,0,1
2485,1293750,0,0,0,0,0,0,0,1,0,0,0,0,1
2486,1294270,0,0,0,0,0,0,0,1,0,0,0,0,1
2487,1294791,0,0,0,0,0,0,0,1,0,0,0,0,1
2488,1295312,0,0,0,0,0,0,0,1,0,0,0,0,1
2489,1295833,0,0,0,0,0,0,0,1,0,0,0,0,1
2490,1296354,0,0,0,0,0,0,0,1,0,0,0,0,1
2491,1296875,0,0,0,0,0,0,0,1,0,0,0,0,1
2492,1297395,0,0,0,0,0,0,0,1,0,0,0,0,1
2493,1297916,0,0,0,0,0,0,0,1,0,0,0,0,1
2494,1298437,0,0,0,0,0,0,0,1,0,0,0,0,1
2495,1298958,0,0,0,0,0,0,0,1,0,0,0,0,1
2496,1299479,0,0,0,0,0,0,0,1,0,0,0,0,1
2497,1300000,0,0,0,0,0,0,0,1,0,0,0,0,1
2498,1300520,0,0,0,0,0,0,0,1,0,0,0,0,1
2499,1301041,0,0,0,0,0,0,0,1,0,0,0,0,1
2500,1301562,0,0,0,0,0,0,0,1,0,0,0,0,1
2501,1302083,0,0,0,0,0,0,0,1,0,0,0,0,1
2502,1302604,0,0,0,0,0,0,0,1,0,0,0,0,1
2503,1303125,0,0,0,0,0,0,0,1,0,0,0,0,1
2504,1303645,0,0,0,0,0,0,0,1,0,0,0,0,1
2505,1304166,0,0,0,0,0,0,0,1,0,0,0,0,1
2506,1304687,0,0,0,0,0,0,0,1,0,0,0,0,1
2507,1305208,0,0,0,0,0,0,0,1,0,0,0,0,1
2508,1305729,0,0,0,0,0,0,0,1,0,0,0,0,1
2509,1306250,0,0,0,0,0,0,0,1,0,0,0,0,1
2510,1306770,0,0,0,0,0,0,0,1,0,0,0,0,1
2511,1307291,0,0,0,0,0,0,0,1,0,0,0,0,1
2512,1307812,0,0,0,0,0,0,0,1,0,0,0,0,1
2513,1308333,0,0,0,0,0,0,0,1,0,0,0,0,1
2514,1308854,0,0,0,0,0,0,0,1,0,0,0,0,1
2515,1309375,0,0,0,0,0,0,0,1,0,0,0,0,1
2516,1309895,0,0,0,0,0,0,0,1,0,0,0,0,1
2517,1310416,0,0,0,0,0,0,0,1,0,0,0,0,1
2518,1310937,0,0,0,0,0,0,0,1,0,0,0,0,1
2519,1311458,0,0,0,0,0,0,0,1,0,0,0,0,1
2520,1311979,0,0,0,0,0,0,0,1,0,0,0,0,1
2521,1312500,0,0,0,0,0,0,0,1,0,0,0,0,1
2522,1313020,0,0,0,0,0,0,0,1,0,0,0,0,1
2523,1313541,0,0,0,0,0,0,0,1,0,0,0,0,1
2524,1314062,0,0,0,0,0,0,0,1,0,0,0,0,1
2525,1314583,0,0,0,0,0,0,0,1,0,0,0,0,1
2526,1315104,0,0,0,0,0,0,0,1,0,0,0,0,1
2527,1315625,0,0,0,0,0,0,0,1,0,0,0,0,1
2528,1316145,0,0,0,0,0,0,0,1,0,0,0,0,1
2529,1316666,0,0,0,0,0,0,0,1,0,0,0,0,1
2530,1317187,0,0,0,0,0,0,0,1,0,0,0,0,1
2531,1317708,0,0,0,0,0,0,0,1,0,0,0,0,1
2532,1318229,0,0,0,0,0,0,0,1,0,0,0,0,1
2533,1318750,0,0,0,0,0,0,0,1,0,0,0,0,1
2534,1319270,0,0,0,0,0,0,0,1,0,0,0,0,1
2535,1319791,0,0,0,0,0,0,0,1,0,0,0,0,1
2536,1320312,0,0,0,0,0,0,0,1,0,0,0,0,1
2537,1320833,0,0,0,0,0,0,0,1,0,0,0,0,1
2538,1321354,0,0,0,0,0,0,0,1,0,0,0,0,1
2539,1321875,0,0,0,0,0,0,0,1,0,0,0,0,1
2540,1322395,0,0,0,0,0,0,0,1,0,0,0,0,1
2541,1322916,0,0,0,0,0,0,0,1,0,0,0,0,1
2542,1323437,0,0,0,0,0,0,0,1,0,0,0,0,1
2543,1323958,0,0,0,0,0,0,0,1,0,0,0,0,1
2544,1324479,0,0,0,0,0,0,0,1,0,0,0,0,1
2545,1325000,0,0,0,0,0,0,0,1,0,0,0,0,1
2546,1325520,0,0,0,0,0,0,0,1,0,0,0,0,1
2547,1326041,0,0,0,0,0,0,0,1,0,0,0,0,1
2548,1326562,0,0,0,0,0,0,0,1,0,0,0,0,1
2549,1327083,0,0,0,0,0,0,0,1,0,0,0,0,1
2550,1327604,0,0,0,0,0,0,0,1,0,0,0,0,1
2551,1328125,0,0,0,0,0,0,0,1,0,0,0,0,1
2552,1328645,0,0,0,0,0,0,0,1,0,0,0,0,1
2553,1329166,0,0,0,0,0,0,0,1,0,0,0,0,1
2554,1329687,0,0,0,0,0,0,0,1,0,0,0,0,1
2555,1330208,0,0,0,0,0,0,0,1,0,0,0,0,1
2556,1330729,0,0,0,0,0,0,0,1,0,0,0,0,1
2557,1331250,0,0,0,0,0,0,0,1,0,0,0,0,1
2558,1331770,0,0,0,0,0,0,0,1,0,0,0,0,1
2559,1332291,0,0,0,0,0,0,0,1,0,0,0,0,1
2560,1332812,0,0,0,0,0,0,0,1,0,0,0,0,1
2561,1333333,0,0,0,0,0,0,0,1,0,0,0,0,1
2562,1333854,0,0,0,0,0,0,0,1,0,0,0,0,1
2563,1334375,0,0,0,0,0,0,0,1,0,0,0,0,1
2564,1334895,0,0,0,0,0,0,0,1,0,0,0,0,1
2565,1335416,0,0,0,0,0,0,0,1,0,0,0,0,1
2566,1335937,0,0,0,0,0,0,0,1,0,0,0,0,1
2567,1336458,0,0,0,0,0,0,0,1,0,0,0,0,1
2568,1336979,0,0,0,0,0,0,0,1,0,0,0,0,1
2569,1337500,0,0,0,0,0,0,0,1,0,0,0,0,1
2570,1338020,0,0,0,0,0,0,0,1,0,0,0,0,1
2571,1338541,0,0,0,0,0,0,0,1,0,0,0,0,1
2572,1339062,0,0,0,0,0,0,0,1,0,0,0,0,1
2573,1339583,0,0,0,0,0,0,0,1,0,0,0,0,1
2574,1340104,0,0,0,0,0,0,0,1,0,0,0,0,1
2575,1340625,0,0,0,0,0,0,0,1,0,0,0,0,1
2576,1341145,0,0,0,0,0,0,0,1,0,0,0,0,1
2577,1341666,0,0,0,0,0,0,0,1,0,0,0,0,1
2578,1342187,0,0,0,0,0,0,0,1,0,0,0,0,1
2579,1342708,0,0,0,0,0,0,0,1,0,0,0,0,1
2580,1343229,0,0,0,0,0,0,0,1,0,0,0,0,1
2581,1343750,0,0,0,0,0,0,0,1,0,0,0,0,1
2582,1344270,0,0,0,0,0,0,0,1,0,0,0,0,1
2583,1344791,0,0,0,0,0,0,0,1,0,0,0,0,1
2584,1345312,0,0,0,0,0,0,0,1,0,0,0,0,1
2585,1345833,0,0,0,0,0,0,0,1,0,0,0,0,1
2586,1346354,0,0,0,0,0,0,0,1,0,0,0,0,1
2587,1346875,0,0,0,0,0,0,0,1,0,0,0,0,1
2588,1347395,0,0,0,0,0,0,0,1,0,0,0,0,1
2589,1347916,0,0,0,0,0,0,0,1,0,0,0,0,1
2590,1348437,0,0,0,0,0,0,0,1,0,0,0,0,1
2591,1348958,0,0,0,0,0,0,0,1,0,0,0,0,1
2592,1349479,0,0,0,0,0,0,0,1,0,0,0,0,1
2593,1350000,0,0,0,0,0,0,0,1,0,0,0,0,1
2594,1350520,0,0,0,0,0,0,0,1,0,0,0,0,1
2595,1351041,0,0,0,0,0,0,0,1,0,0,0,0,1
2596,1351562,0,0,0,0,0,0,0,1,0,0,0,0,1
2597,1352083,0,0,0,0,0,0,0,1,0,0,0,0,1
2598,1352604,0,0,0,0,0,0,0,1,0,0,0,0,1
2599,1353125,0,0,0,0,0,0,0,1,0,0,0,0,1
2600,1353645,0,0,0,0,0,0,0,1,0,0,0,0,1
2601,1354166,0,0,0,0,0,0,0,1,0,0,0,0,1
2602,1354687,0,0,0,0,0,0,0,1,0,0,0,0,1
2603,1355208,0,0,0,0,0,0,0,1,0,0,0,0,1
2604,1355729,0,0,0,0,0,0,0,1,0,0,0,0,1
2605,1356250,0,0,0,0,0,0,0,1,0,0,0,0,1
2606,1356770,0,0,0,0,0,0,0,1,0,0,0,0,1
2607,1357291,0,0,0,0,0,0,0,1,0,0,0,0,1
2608,1357812,0,0,0,0,0,0,0,1,0,0,0,0,1
2609,1358333,0,0,0,0,0,0,0,1,0,0,0,0,1
2610,1358854,0,0,0,0,0,0,0,1,0,0,0,0,1
2611,1359375,0,0,0,0,0,0,0,1,0,0,0,0,1
2612,1359895,0,0,0,0,0,0,0,1,0,0,0,0,1
2613,1360416,0,0,0,0,0,0,0,1,0,0,0,0,1
2614,1360937,0,0,0,0,0,0,0,1,0,0,0,0,1
2615,1361458,0,0,0,0,0,0,0,1,0,0,0,0,1
2616,1361979,0,0,0,0,0,0,0,1,0,0,0,0,1
2617,1362500,0,0,0,0,0,0,0,1,0,0,0,0,1
2618,1363020,0,0,0,0,0,0,0,1,0,0,0,0,1
2619,1363541,0,0,0,0,0,0,0,1,0,0,0,0,1
2620,1364062,0,0,0,0,0,0,0,1,0,0,0,0,1
2621,1364583,0,0,0,0,0,0,0,1,0,0,0,0,1
2622,1365104,0,0,0,0,0,0,0,1,0,0,0,0,1
2623,1365625,0,0,0,0,0,0,0,1,0,0,0,0,1
2624,1366145,0,0,0,0,0,0,0,1,0,0,0,0,1
2625,1366666,0,0,0,0,0,0,0,1,0,0,0,0,1
2626,1367187,0,0,0,0,0,0,0,1,0,0,0,0,1
2627,1367708,0,0,0,0,0,0,0,1,0,0,0,0,1
2628,1368229,0,0,0,0,0,0,0,1,0,0,0,0,1
2629,1368750,0,0,0,0,0,0,0,1,0,0,0,0,1
2630,1369270,0,0,0,0,0,0,0,1,0,0,0,0,1
2631,1369791,0,0,0,0,0,0,0,1,0,0,0,0,1
2632,1370312,0,0,0,0,0,0,0,1,0,0,0,0,1
2633,1370833,0,0,0,0,0,0,0,1,0,0,0,0,1
2634,1371354,0,0,0,0,0,0,0,1,0,0,0,0,1
2635,1371875,0,0,0,0,0,0,0,1,0,0,0,0,1
2636,1372395,0,0,0,0,0,0,0,1,0,0,0,0,1
2637,1372916,0,0,0,0,0,0,0,1,0,0,0,0,1
2638,1373437,0,0,0,0,0,0,0,1,0,0,0,0,1
2639,1373958,0,0,0,0,0,0,0,1,0,0,0,0,1
2640,1374479,0,0,0,0,0,0,0,1,0,0,0,0,1
2641,1375000,0,0,0,0,0,0,0,1,0,0,0,0,1
2642,1375520,0,0,0,0,0,0,0,1,0,0,0,0,1
2643,1376041,0,0,0,0,0,0,0,1,0,0,0,0,1
2644,1376562,0,0,0,0,0,0,0,1,0,0,0,0,1
2645,1377083,0,0,0,0,0,0,0,1,0,0,0,0,1
2646,1377604,0,0,0,0,0,0,0,1,0,0,0,0,1
2647,1378125,0,0,0,0,0,0,0,1,0,0,0,0,1
2648,1378645,0,0,0,0,0,0,0,1,0,0,0,0,1
2649,1379166,0,0,0,0,0,0,0,1,0,0,0,0,1
2650,1379687,0,0,0,0,0,0,0,1,0,0,0,0,1
