1,0,0,-9281,9281,0,0,-27026,27026,0,0,0,0,1,0
2,520,2091,-10148,8057,0,6088,-29551,23462,0,0,0,0,1,0
3,1041,4101,-10625,6524,0,11942,-30940,18997,0,0,0,0,1,0
4,1562,5954,-10693,4740,0,17337,-31140,13802,0,0,0,0,1,0
5,2083,7578,-10351,2774,0,22066,-30143,8077,0,0,0,0,1,0
6,2604,8910,-9611,701,0,25947,-27988,2041,0,0,0,0,1,0
7,3125,9900,-8502,-1399,0,28831,-24758,-4073,0,0,0,0,1,0
8,3645,10510,-7066,-3445,0,30607,-20576,-10031,0,0,0,0,1,0
9,4166,10716,-5358,-5358,0,31207,-15603,-15603,0,0,0,0,1,0
10,4687,10510,-3445,-7066,0,30607,-10031,-20576,0,0,0,0,1,0
11,5208,9900,-1399,-8502,0,28831,-4073,-24758,0,0,0,0,1,0
12,5729,8910,701,-9611,0,25947,2041,-27988,0,0,0,0,1,0
13,6250,7578,2774,-10351,0,22066,8077,-30143,0,0,0,0,1,0
14,6770,5954,4740,-10693,0,17337,13802,-31140,0,0,0,0,1,0
15,7291,4101,6524,-10625,0,11942,18997,-30940,0,0,0,0,1,0
16,7812,2091,8057,-10148,0,6088,23462,-29551,0,0,0,0,1,0
17,8333,0,9281,-9281,0,0,27026,-27026,0,0,0,0,1,0
18,8854,-2091,10148,-8057,0,-6088,29551,-23462,0,0,0,0,1,0
19,9375,-4101,10625,-6524,0,-11942,30940,-18997,0,0,0,0,1,0
20,9895,-5954,10693,-4740,0,-17337,31140,-13802,0,0,0,0,1,0
21,10416,-7578,10351,-2774,0,-22066,30143,-8077,0,0,0,0,1,0
22,10937,-8910,9611,-701,0,-25947,27988,-2041,0,0,0,0,1,0
23,11458,-9900,8502,1399,0,-28831,24758,4073,0,0,0,0,1,0
24,11979,-10510,7066,3445,0,-30607,20576,10031,0,0,0,0,1,0
25,12500,-10716,5358,5358,0,-31207,15603,15603,0,0,0,0,1,0
26,13020,-10510,3445,7066,0,-30607,10031,20576,0,0,0,0,1,0
27,13541,-9900,1399,8502,0,-28831,4073,24758,0,0,0,0,1,0
28,14062,-8910,-701,9611,0,-25947,-2041,27988,0,0,0,0,1,0
29,14583,-7578,-2774,10351,0,-22066,-8077,30143,0,0,0,0,1,0
30,15104,-5954,-4740,10693,0,-17337,-13802,31140,0,0,0,0,1,0
31,15625,-4101,-6524,10625,0,-11942,-18997,30940,0,0,0,0,1,0
32,16145,-2091,-8057,10148,0,-6088,-23462,29551,0,0,0,0,1,0
33,16666,0,-9281,9281,0,0,-27026,27026,0,0,0,0,1,0
34,17187,2091,-10148,8057,0,6088,-29551,23462,0,0,0,0,1,0
35,17708,4101,-10625,6524,0,11942,-30940,18997,0,0,0,0,1,0
36,18229,5954,-10693,4740,0,17337,-31140,13802,0,0,0,0,1,0
37,18750,7578,-10351,2774,0,22066,-30143,8077,0,0,0,0,1,0
38,19270,8910,-9611,701,0,25947,-27988,2041,0,0,0,0,1,0
39,19791,9900,-8502,-1399,0,28831,-24758,-4073,0,0,0,0,1,0
40,20312,10510,-7066,-3445,0,30607,-20576,-10031,0,0,0,0,1,0
41,20833,10716,-5358,-5358,0,31207,-15603,-15603,0,0,0,0,1,0
42,21354,10510,-3445,-7066,0,30607,-10031,-20576,0,0,0,0,1,0
43,21875,9900,-1399,-8502,0,28831,-4073,-24758,0,0,0,0,1,0
44,22395,8910,701,-9611,0,25947,2041,-27988,0,0,0,0,1,0
45,22916,7578,2774,-10351,0,22066,8077,-30143,0,0,0,0,1,0
46,23437,5954,4740,-10693,0,17337,13802,-31140,0,0,0,0,1,0
47,23958,4101,6524,-10625,0,11942,18997,-30940,0,0,0,0,1,0
48,24479,2091,8057,-10148,0,6088,23462,-29551,0,0,0,0,1,0
49,25000,0,9281,-9281,0,0,27026,-27026,0,0,0,0,1,0
50,25520,-2091,10148,-8057,0,-6088,29551,-23462,0,0,0,0,1,0
51,26041,-4101,10625,-6524,0,-11942,30940,-18997,0,0,0,0,1,0
52,26562,-5954,10693,-4740,0,-17337,31140,-13802,0,0,0,0,1,0
53,27083,-7578,10351,-2774,0,-22066,30143,-8077,0,0,0,0,1,0
54,27604,-8910,9611,-701,0,-25947,27988,-2041,0,0,0,0,1,0
55,28125,-9900,8502,1399,0,-28831,24758,4073,0,0,0,0,1,0
56,28645,-10510,7066,3445,0,-30607,20576,10031,0,0,0,0,1,0
57,29166,-10716,5358,5358,0,-31207,15603,15603,0,0,0,0,1,0
58,29687,-10510,3445,7066,0,-30607,10031,20576,0,0,0,0,1,0
59,30208,-9900,1399,8502,0,-28831,4073,24758,0,0,0,0,1,0
60,30729,-8910,-701,9611,0,-25947,-2041,27988,0,0,0,0,1,0
61,31250,-7578,-2774,10351,0,-22066,-8077,30143,0,0,0,0,1,0
62,31770,-5954,-4740,10693,0,-17337,-13802,31140,0,0,0,0,1,0
63,32291,-4101,-6524,10625,0,-11942,-18997,30940,0,0,0,0,1,0
64,32812,-2091,-8057,10148,0,-6088,-23462,29551,0,0,0,0,1,0
65,33333,0,-9281,9281,0,0,-27026,27026,0,0,0,0,1,0
66,33854,2091,-10148,8057,0,6088,-29551,23462,0,0,0,0,1,0
67,34375,4101,-10625,6524,0,11942,-30940,18997,0,0,0,0,1,0
68,34895,5954,-10693,4740,0,17337,-31140,13802,0,0,0,0,1,0
69,35416,7578,-10351,2774,0,22066,-30143,8077,0,0,0,0,1,0
70,35937,8910,-9611,701,0,25947,-27988,2041,0,0,0,0,1,0
71,36458,9900,-8502,-1399,0,28831,-24758,-4073,0,0,0,0,1,0
72,36979,10510,-7066,-3445,0,30607,-20576,-10031,0,0,0,0,1,0
73,37500,10716,-5358,-5358,0,31207,-15603,-15603,0,0,0,0,1,0
74,38020,10510,-3445,-7066,0,30607,-10031,-20576,0,0,0,0,1,0
75,38541,9900,-1399,-8502,0,28831,-4073,-24758,0,0,0,0,1,0
76,39062,8910,701,-9611,0,25947,2041,-27988,0,0,0,0,1,0
77,39583,7578,2774,-10351,0,22066,8077,-30143,0,0,0,0,1,0
78,40104,5954,4740,-10693,0,17337,13802,-31140,0,0,0,0,1,0
79,40625,4101,6524,-10625,0,11942,18997,-30940,0,0,0,0,1,0
80,41145,2091,8057,-10148,0,6088,23462,-29551,0,0,0,0,1,0
81,41666,0,9281,-9281,0,0,27026,-27026,0,0,0,0,1,0
82,42187,-2091,10148,-8057,0,-6088,29551,-23462,0,0,0,0,1,0
83,42708,-4101,10625,-6524,0,-11942,30940,-18997,0,0,0,0,1,0
84,43229,-5954,10693,-4740,0,-17337,31140,-13802,0,0,0,0,1,0
85,43750,-7578,10351,-2774,0,-22066,30143,-8077,0,0,0,0,1,0
86,44270,-8910,9611,-701,0,-25947,27988,-2041,0,0,0,0,1,0
87,44791,-9900,8502,1399,0,-28831,24758,4073,0,0,0,0,1,0
88,45312,-10510,7066,3445,0,-30607,20576,10031,0,0,0,0,1,0
89,45833,-10716,5358,5358,0,-31207,15603,15603,0,0,0,0,1,0
90,46354,-10510,3445,7066,0,-30607,10031,20576,0,0,0,0,1,0
91,46875,-9900,1399,8502,0,-28831,4073,24758,0,0,0,0,1,0
92,47395,-8910,-701,9611,0,-25947,-2041,27988,0,0,0,0,1,0
93,47916,-7578,-2774,10351,0,-22066,-8077,30143,0,0,0,0,1,0
94,48437,-5954,-4740,10693,0,-17337,-13802,31140,0,0,0,0,1,0
95,48958,-4101,-6524,10625,0,-11942,-18997,30940,0,0,0,0,1,0
96,49479,-2091,-8057,10148,0,-6088,-23462,29551,0,0,0,0,1,0
97,50000,0,-9281,9281,0,0,-27026,27026,0,0,0,0,1,0
98,50520,2091,-10148,8057,0,6088,-29551,23462,0,0,0,0,1,0
99,51041,4101,-10625,6524,0,11942,-30940,18997,0,0,0,0,1,0
100,51562,5954,-10693,4740,0,17337,-31140,13802,0,0,0,0,1,0
101,52083,7578,-10351,2774,0,22066,-30143,8077,0,0,0,0,1,0
102,52604,8910,-9611,701,0,25947,-27988,2041,0,0,0,0,1,0
103,53125,9900,-8502,-1399,0,28831,-24758,-4073,0,0,0,0,1,0
104,53645,10510,-7066,-3445,0,30607,-20576,-10031,0,0,0,0,1,0
105,54166,10716,-5358,-5358,0,31207,-15603,-15603,0,0,0,0,1,0
106,54687,10510,-3445,-7066,0,30607,-10031,-20576,0,0,0,0,1,0
107,55208,9900,-1399,-8502,0,28831,-4073,-24758,0,0,0,0,1,0
108,55729,8910,701,-9611,0,25947,2041,-27988,0,0,0,0,1,0
109,56250,7578,2774,-10351,0,22066,8077,-30143,0,0,0,0,1,0
110,56770,5954,4740,-10693,0,17337,13802,-31140,0,0,0,0,1,0
111,57291,4101,6524,-10625,0,11942,18997,-30940,0,0,0,0,1,0
112,57812,2091,8057,-10148,0,6088,23462,-29551,0,0,0,0,1,0
113,58333,0,9281,-9281,0,0,27026,-27026,0,0,0,0,1,0
114,58854,-2091,10148,-8057,0,-6088,29551,-23462,0,0,0,0,1,0
115,59375,-4101,10625,-6524,0,-11942,30940,-18997,0,0,0,0,1,0
116,59895,-5954,10693,-4740,0,-17337,31140,-13802,0,0,0,0,1,0
117,60416,-7578,10351,-2774,0,-22066,30143,-8077,0,0,0,0,1,0
118,60937,-8910,9611,-701,0,-25947,27988,-2041,0,0,0,0,1,0
119,61458,-9900,8502,1399,0,-28831,24758,4073,0,0,0,0,1,0
120,61979,-10510,7066,3445,0,-30607,20576,10031,0,0,0,0,1,0
121,62500,-10716,5358,5358,0,-31207,15603,15603,0,0,0,0,1,0
122,63020,-10510,3445,7066,0,-30607,10031,20576,0,0,0,0,1,0
123,63541,-9900,1399,8502,0,-28831,4073,24758,0,0,0,0,1,0
124,64062,-8910,-701,9611,0,-25947,-2041,27988,0,0,0,0,1,0
125,64583,-7578,-2774,10351,0,-22066,-8077,30143,0,0,0,0,1,0
126,65104,-5954,-4740,10693,0,-17337,-13802,31140,0,0,0,0,1,0
127,65625,-4101,-6524,10625,0,-11942,-18997,30940,0,0,0,0,1,0
128,66145,-2091,-8057,10148,0,-6088,-23462,29551,0,0,0,0,1,0
129,66666,0,-9281,9281,0,0,-27026,27026,0,0,0,0,1,0
130,67187,2091,-10148,8057,0,6088,-29551,23462,0,0,0,0,1,0
131,67708,4101,-10625,6524,0,11942,-30940,18997,0,0,0,0,1,0
132,68229,5954,-10693,4740,0,17337,-31140,13802,0,0,0,0,1,0
133,68750,7578,-10351,2774,0,22066,-30143,8077,0,0,0,0,1,0
134,69270,8910,-9611,701,0,25947,-27988,2041,0,0,0,0,1,0
135,69791,9900,-8502,-1399,0,28831,-24758,-4073,0,0,0,0,1,0
136,70312,10510,-7066,-3445,0,30607,-20576,-10031,0,0,0,0,1,0
137,70833,10716,-5358,-5358,0,31207,-15603,-15603,0,0,0,0,1,0
138,71354,10510,-3445,-7066,0,30607,-10031,-20576,0,0,0,0,1,0
139,71875,9900,-1399,-8502,0,28831,-4073,-24758,0,0,0,0,1,0
140,72395,8910,701,-9611,0,25947,2041,-27988,0,0,0,0,1,0
141,72916,7578,2774,-10351,0,22066,8077,-30143,0,0,0,0,1,0
142,73437,5954,4740,-10693,0,17337,13802,-31140,0,0,0,0,1,0
143,73958,4101,6524,-10625,0,11942,18997,-30940,0,0,0,0,1,0
144,74479,2091,8057,-10148,0,6088,23462,-29551,0,0,0,0,1,0
145,75000,0,9281,-9281,0,0,27026,-27026,0,0,0,0,1,0
146,75520,-2091,10148,-8057,0,-6088,29551,-23462,0,0,0,0,1,0
147,76041,-4101,10625,-6524,0,-11942,30940,-18997,0,0,0,0,1,0
148,76562,-5954,10693,-4740,0,-17337,31140,-13802,0,0,0,0,1,0
149,77083,-7578,10351,-2774,0,-22066,30143,-8077,0,0,0,0,1,0
150,77604,-8910,9611,-701,0,-25947,27988,-2041,0,0,0,0,1,0
151,78125,-9900,8502,1399,0,-28831,24758,4073,0,0,0,0,1,0
152,78645,-10510,7066,3445,0,-30607,20576,10031,0,0,0,0,1,0
153,79166,-10716,5358,5358,0,-31207,15603,15603,0,0,0,0,1,0
154,79687,-10510,3445,7066,0,-30607,10031,20576,0,0,0,0,1,0
155,80208,-9900,1399,8502,0,-28831,4073,24758,0,0,0,0,1,0
156,80729,-8910,-701,9611,0,-25947,-2041,27988,0,0,0,0,1,0
157,81250,-7578,-2774,10351,0,-22066,-8077,30143,0,0,0,0,1,0
158,81770,-5954,-4740,10693,0,-17337,-13802,31140,0,0,0,0,1,0
159,82291,-4101,-6524,10625,0,-11942,-18997,30940,0,0,0,0,1,0
160,82812,-2091,-8057,10148,0,-6088,-23462,29551,0,0,0,0,1,0
161,83333,0,-9281,9281,0,0,-27026,27026,0,0,0,0,1,0
162,83854,2091,-10148,8057,0,6088,-29551,23462,0,0,0,0,1,0
163,84375,4101,-10625,6524,0,11942,-30940,18997,0,0,0,0,1,0
164,84895,5954,-10693,4740,0,17337,-31140,13802,0,0,0,0,1,0
165,85416,7578,-10351,2774,0,22066,-30143,8077,0,0,0,0,1,0
166,85937,8910,-9611,701,0,25947,-27988,2041,0,0,0,0,1,0
167,86458,9900,-8502,-1399,0,28831,-24758,-4073,0,0,0,0,1,0
168,86979,10510,-7066,-3445,0,30607,-20576,-10031,0,0,0,0,1,0
169,87500,10716,-5358,-5358,0,31207,-15603,-15603,0,0,0,0,1,0
170,88020,10510,-3445,-7066,0,30607,-10031,-20576,0,0,0,0,1,0
171,88541,9900,-1399,-8502,0,28831,-4073,-24758,0,0,0,0,1,0
172,89062,8910,701,-9611,0,25947,2041,-27988,0,0,0,0,1,0
173,89583,7578,2774,-10351,0,22066,8077,-30143,0,0,0,0,1,0
174,90104,5954,4740,-10693,0,17337,13802,-31140,0,0,0,0,1,0
175,90625,4101,6524,-10625,0,11942,18997,-30940,0,0,0,0,1,0
176,91145,2091,8057,-10148,0,6088,23462,-29551,0,0,0,0,1,0
177,91666,0,9281,-9281,0,0,27026,-27026,0,0,0,0,1,0
178,92187,-2091,10148,-8057,0,-6088,29551,-23462,0,0,0,0,1,0
179,92708,-4101,10625,-6524,0,-11942,30940,-18997,0,0,0,0,1,0
180,93229,-5954,10693,-4740,0,-17337,31140,-13802,0,0,0,0,1,0
181,93750,-7578,10351,-2774,0,-22066,30143,-8077,0,0,0,0,1,0
182,94270,-8910,9611,-701,0,-25947,27988,-2041,0,0,0,0,1,0
183,94791,-9900,8502,1399,0,-28831,24758,4073,0,0,0,0,1,0
184,95312,-10510,7066,3445,0,-30607,20576,10031,0,0,0,0,1,0
185,95833,-10716,5358,5358,0,-31207,15603,15603,0,0,0,0,1,0
186,96354,-10510,3445,7066,0,-30607,10031,20576,0,0,0,0,1,0
187,96875,-9900,1399,8502,0,-28831,4073,24758,0,0,0,0,1,0
188,97395,-8910,-701,9611,0,-25947,-2041,27988,0,0,0,0,1,0
189,97916,-7578,-2774,10351,0,-22066,-8077,30143,0,0,0,0,1,0
190,98437,-5954,-4740,10693,0,-17337,-13802,31140,0,0,0,0,1,0
191,98958,-4101,-6524,10625,0,-11942,-18997,30940,0,0,0,0,1,0
192,99479,-2091,-8057,10148,0,-6088,-23462,29551,0,0,0,0,1,0
193,100000,0,-9281,9281,0,0,-27026,27026,0,0,0,0,1,0
194,100520,2091,-10148,8057,0,6088,-29551,23462,0,0,0,0,1,0
195,101041,4101,-10625,6524,0,11942,-30940,18997,0,0,0,0,1,0
196,101562,5954,-10693,4740,0,17337,-31140,13802,0,0,0,0,1,0
197,102083,7578,-10351,2774,0,22066,-30143,8077,0,0,0,0,1,0
198,102604,8910,-9611,701,0,25947,-27988,2041,0,0,0,0,1,0
199,103125,9900,-8502,-1399,0,28831,-24758,-4073,0,0,0,0,1,0
200,103645,10510,-7066,-3445,0,30607,-20576,-10031,0,0,0,0,1,0
201,104166,10716,-5358,-5358,0,31207,-15603,-15603,0,0,0,0,1,0
202,104687,10510,-3445,-7066,0,30607,-10031,-20576,0,0,0,0,1,0
203,105208,9900,-1399,-8502,0,28831,-4073,-24758,0,0,0,0,1,0
204,105729,8910,701,-9611,0,25947,2041,-27988,0,0,0,0,1,0
205,106250,7578,2774,-10351,0,22066,8077,-30143,0,0,0,0,1,0
206,106770,5954,4740,-10693,0,17337,13802,-31140,0,0,0,0,1,0
207,107291,4101,6524,-10625,0,11942,18997,-30940,0,0,0,0,1,0
208,107812,2091,8057,-10148,0,6088,23462,-29551,0,0,0,0,1,0
209,108333,0,9281,-9281,0,0,27026,-27026,0,0,0,0,1,0
210,108854,-2091,10148,-8057,0,-6088,29551,-23462,0,0,0,0,1,0
211,109375,-4101,10625,-6524,0,-11942,30940,-18997,0,0,0,0,1,0
212,109895,-5954,10693,-4740,0,-17337,31140,-13802,0,0,0,0,1,0
213,110416,-7578,10351,-2774,0,-22066,30143,-8077,0,0,0,0,1,0
214,110937,-8910,9611,-701,0,-25947,27988,-2041,0,0,0,0,1,0
215,111458,-9900,8502,1399,0,-28831,24758,4073,0,0,0,0,1,0
216,111979,-10510,7066,3445,0,-30607,20576,10031,0,0,0,0,1,0
217,112500,-10716,5358,5358,0,-31207,15603,15603,0,0,0,0,1,0
218,113020,-10510,3445,7066,0,-30607,10031,20576,0,0,0,0,1,0
219,113541,-9900,1399,8502,0,-28831,4073,24758,0,0,0,0,1,0
220,114062,-8910,-701,9611,0,-25947,-2041,27988,0,0,0,0,1,0
221,114583,-7578,-2774,10351,0,-22066,-8077,30143,0,0,0,0,1,0
222,115104,-5954,-4740,10693,0,-17337,-13802,31140,0,0,0,0,1,0
223,115625,-4101,-6524,10625,0,-11942,-18997,30940,0,0,0,0,1,0
224,116145,-2091,-8057,10148,0,-6088,-23462,29551,0,0,0,0,1,0
225,116666,0,-9281,9281,0,0,-27026,27026,0,0,0,0,1,0
226,117187,2091,-10148,8057,0,6088,-29551,23462,0,0,0,0,1,0
227,117708,4101,-10625,6524,0,11942,-30940,18997,0,0,0,0,1,0
228,118229,5954,-10693,4740,0,17337,-31140,13802,0,0,0,0,1,0
229,118750,7578,-10351,2774,0,22066,-30143,8077,0,0,0,0,1,0
230,119270,8910,-9611,701,0,25947,-27988,2041,0,0,0,0,1,0
231,119791,9900,-8502,-1399,0,28831,-24758,-4073,0,0,0,0,1,0
232,120312,10510,-7066,-3445,0,30607,-20576,-10031,0,0,0,0,1,0
233,120833,10716,-5358,-5358,0,31207,-15603,-15603,0,0,0,0,1,0
234,121354,10510,-3445,-7066,0,30607,-10031,-20576,0,0,0,0,1,0
235,121875,9900,-1399,-8502,0,28831,-4073,-24758,0,0,0,0,1,0
236,122395,8910,701,-9611,0,25947,2041,-27988,0,0,0,0,1,0
237,122916,7578,2774,-10351,0,22066,8077,-30143,0,0,0,0,1,0
238,123437,5954,4740,-10693,0,17337,13802,-31140,0,0,0,0,1,0
239,123958,4101,6524,-10625,0,11942,18997,-30940,0,0,0,0,1,0
240,124479,2091,8057,-10148,0,6088,23462,-29551,0,0,0,0,1,0
241,125000,0,9281,-9281,0,0,27026,-27026,0,0,0,0,1,0
242,125520,-2091,10148,-8057,0,-6088,29551,-23462,0,0,0,0,1,0
243,126041,-4101,10625,-6524,0,-11942,30940,-18997,0,0,0,0,1,0
244,126562,-5954,10693,-4740,0,-17337,31140,-13802,0,0,0,0,1,0
245,127083,-7578,10351,-2774,0,-22066,30143,-8077,0,0,0,0,1,0
246,127604,-8910,9611,-701,0,-25947,27988,-2041,0,0,0,0,1,0
247,128124,-9900,8502,1399,0,-28831,24758,4073,0,0,0,0,1,0
248,128645,-10510,7066,3445,0,-30607,20576,10031,0,0,0,0,1,0
249,129166,-10716,5358,5358,0,-31207,15603,15603,0,0,0,0,1,0
250,129687,-10510,3445,7066,0,-30607,10031,20576,0,0,0,0,1,0
251,130208,-9900,1399,8502,0,-28831,4073,24758,0,0,0,0,1,0
252,130729,-8910,-701,9611,0,-25947,-2041,27988,0,0,0,0,1,0
253,131250,-7578,-2774,10351,0,-22066,-8077,30143,0,0,0,0,1,0
254,131770,-5954,-4740,10693,0,-17337,-13802,31140,0,0,0,0,1,0
255,132291,-4101,-6524,10625,0,-11942,-18997,30940,0,0,0,0,1,0
256,132812,-2091,-8057,10148,0,-6088,-23462,29551,0,0,0,0,1,0
257,133333,0,-9281,9281,0,0,-27026,27026,0,0,0,0,1,0
258,133854,2091,-10148,8057,0,6088,-29551,23462,0,0,0,0,1,0
259,134375,4101,-10625,6524,0,11942,-30940,18997,0,0,0,0,1,0
260,134895,5954,-10693,4740,0,17337,-31140,13802,0,0,0,0,1,0
261,135416,7578,-10351,2774,0,22066,-30143,8077,0,0,0,0,1,0
262,135937,8910,-9611,701,0,25947,-27988,2041,0,0,0,0,1,0
263,136458,9900,-8502,-1399,0,28831,-24758,-4073,0,0,0,0,1,0
264,136979,10510,-7066,-3445,0,30607,-20576,-10031,0,0,0,0,1,0
265,137500,10716,-5358,-5358,0,31207,-15603,-15603,0,0,0,0,1,0
266,138020,10510,-3445,-7066,0,30607,-10031,-20576,0,0,0,0,1,0
267,138541,9900,-1399,-8502,0,28831,-4073,-24758,0,0,0,0,1,0
268,139062,8910,701,-9611,0,25947,2041,-27988,0,0,0,0,1,0
269,139583,22089,8085,-30175,0,22066,8077,-30143,0,0,0,0,1,0
270,140104,17354,13815,-31169,0,17337,13802,-31140,0,0,0,0,1,0
271,140625,11953,19014,-30966,0,11942,18997,-30940,0,0,0,0,1,0
272,141145,6093,23481,-29573,0,6088,23462,-29551,0,0,0,0,1,0
273,141666,0,27044,-27044,0,0,27026,-27026,0,0,0,0,1,0
274,142187,-6092,29568,-23477,0,-6088,29551,-23462,0,0,0,0,1,0
275,142708,-11948,30956,-19007,0,-11942,30940,-18997,0,0,0,0,1,0
276,143229,-17345,31153,-13808,0,-17337,31140,-13802,0,0,0,0,1,0
277,143750,-22074,30154,-8080,0,-22066,30143,-8077,0,0,0,0,1,0
278,144270,-25954,27996,-2042,0,-25947,27988,-2041,0,0,0,0,1,0
279,144791,-28836,24762,4074,0,-28831,24758,4073,0,0,0,0,1,0
280,145312,-30610,20578,10032,0,-30607,20576,10031,0,0,0,0,1,0
281,145833,-31207,15603,15603,0,-31207,15603,15603,0,0,0,0,1,0
282,146354,-30604,10030,20574,0,-30607,10031,20576,0,0,0,0,1,0
283,146875,-28826,4073,24754,0,-28831,4073,24758,0,0,0,0,1,0
284,147395,-25941,-2040,27981,0,-25947,-2041,27988,0,0,0,0,1,0
285,147916,-22059,-8074,30133,0,-22066,-8077,30143,0,0,0,0,1,0
286,148437,-17330,-13796,31126,0,-17337,-13802,31140,0,0,0,0,1,0
287,148958,-11936,-18988,30924,0,-11942,-18997,30940,0,0,0,0,1,0
288,149479,-6084,-23448,29533,0,-6088,-23462,29551,0,0,0,0,1,0
289,150000,0,-27007,27007,0,0,-27026,27026,0,0,0,0,1,0
290,150520,6083,-29528,23444,0,6088,-29551,23462,0,0,0,0,1,0
291,151041,11932,-30913,18981,0,11942,-30940,18997,0,0,0,0,1,0
292,151562,17321,-31110,13789,0,17337,-31140,13802,0,0,0,0,1,0
293,152083,22044,-30112,8069,0,22066,-30143,8077,0,0,0,0,1,0
294,152604,25918,-27957,2039,0,25947,-27988,2041,0,0,0,0,1,0
295,153125,28796,-24728,-4068,0,28831,-24758,-4073,0,0,0,0,1,0
296,153645,30568,-20549,-10018,0,30607,-20576,-10031,0,0,0,0,1,0
297,154166,31164,-15582,-15582,0,31207,-15603,-15603,0,0,0,0,1,0
298,154687,30562,-10016,-20546,0,30607,-10031,-20576,0,0,0,0,1,0
299,155208,28787,-4067,-24720,0,28831,-4073,-24758,0,0,0,0,1,0
300,155729,25905,2038,-27943,0,25947,2041,-27988,0,0,0,0,1,0
301,156250,22029,8063,-30091,0,22066,8077,-30143,0,0,0,0,1,0
302,156770,17306,13777,-31084,0,17337,13802,-31140,0,0,0,0,1,0
303,157291,11920,18961,-30881,0,11942,18997,-30940,0,0,0,0,1,0
304,157812,6076,23416,-29492,0,6088,23462,-29551,0,0,0,0,1,0
305,158333,0,26970,-26970,0,0,27026,-27026,0,0,0,0,1,0
306,158854,-6075,29487,-23412,0,-6088,29551,-23462,0,0,0,0,1,0
307,159375,-11916,30871,-18955,0,-11942,30940,-18997,0,0,0,0,1,0
308,159895,-17297,31068,-13770,0,-17337,31140,-13802,0,0,0,0,1,0
309,160416,-22013,30071,-8057,0,-22066,30143,-8077,0,0,0,0,1,0
310,160937,-25883,27919,-2036,0,-25947,27988,-2041,0,0,0,0,1,0
311,161458,-28757,24694,4063,0,-28831,24758,4073,0,0,0,0,1,0
312,161979,-30526,20521,10004,0,-30607,20576,10031,0,0,0,0,1,0
313,162500,-31121,15560,15560,0,-31207,15603,15603,0,0,0,0,1,0
314,163020,-30520,10003,20518,0,-30607,10031,20576,0,0,0,0,1,0
315,163541,-28747,4061,24686,0,-28831,4073,24758,0,0,0,0,1,0
316,164062,-25869,-2035,27904,0,-25947,-2041,27988,0,0,0,0,1,0
317,164583,-21998,-8052,30050,0,-22066,-8077,30143,0,0,0,0,1,0
318,165104,-17282,-13759,31041,0,-17337,-13802,31140,0,0,0,0,1,0
319,165625,-11903,-18935,30839,0,-11942,-18997,30940,0,0,0,0,1,0
320,166145,-6068,-23384,29452,0,-6088,-23462,29551,0,0,0,0,1,0
321,166666,0,-26933,26933,0,0,-27026,27026,0,0,0,0,1,0
322,167187,6067,-29447,23380,0,6088,-29551,23462,0,0,0,0,1,0
323,167708,11899,-30828,18929,0,11942,-30940,18997,0,0,0,0,1,0
324,168229,17274,-31025,13751,0,17337,-31140,13802,0,0,0,0,1,0
325,168750,21983,-30030,8046,0,22066,-30143,8077,0,0,0,0,1,0
326,169270,25847,-27880,2033,0,25947,-27988,2041,0,0,0,0,1,0
327,169791,28718,-24660,-4057,0,28831,-24758,-4073,0,0,0,0,1,0
328,170312,30484,-20493,-9991,0,30607,-20576,-10031,0,0,0,0,1,0
329,170833,31078,-15539,-15539,0,31207,-15603,-15603,0,0,0,0,1,0
330,171354,30479,-9989,-20490,0,30607,-10031,-20576,0,0,0,0,1,0
331,171875,28708,-4056,-24652,0,28831,-4073,-24758,0,0,0,0,1,0
332,172395,25834,2032,-27866,0,25947,2041,-27988,0,0,0,0,1,0
333,172916,21968,8041,-30009,0,22066,8077,-30143,0,0,0,0,1,0
334,173437,17259,13740,-30998,0,17337,13802,-31140,0,0,0,0,1,0
335,173958,11887,18910,-30797,0,11942,18997,-30940,0,0,0,0,1,0
336,174479,6059,23352,-29411,0,6088,23462,-29551,0,0,0,0,1,0
337,175000,0,26896,-26896,0,0,27026,-27026,0,0,0,0,1,0
338,175520,-6058,29406,-23348,0,-6088,29551,-23462,0,0,0,0,1,0
339,176041,-11883,30786,-18903,0,-11942,30940,-18997,0,0,0,0,1,0
340,176562,-17250,30983,-13733,0,-17337,31140,-13802,0,0,0,0,1,0
341,177083,-21953,29989,-8035,0,-22066,30143,-8077,0,0,0,0,1,0
342,177604,-25812,27842,-2030,0,-25947,27988,-2041,0,0,0,0,1,0
343,178125,-28678,24627,4052,0,-28831,24758,4073,0,0,0,0,1,0
344,178645,-30442,20465,9977,0,-30607,20576,10031,0,0,0,0,1,0
345,179166,-31036,15518,15518,0,-31207,15603,15603,0,0,0,0,1,0
346,179687,-30437,9975,20462,0,-30607,10031,20576,0,0,0,0,1,0
347,180208,-28668,4050,24618,0,-28831,4073,24758,0,0,0,0,1,0
348,180729,-25799,-2029,27828,0,-25947,-2041,27988,0,0,0,0,1,0
349,181250,-21938,-8030,29968,0,-22066,-8077,30143,0,0,0,0,1,0
350,181770,-17235,-13721,30956,0,-17337,-13802,31140,0,0,0,0,1,0
351,182291,-11871,-18884,30755,0,-11942,-18997,30940,0,0,0,0,1,0
352,182812,-6051,-23320,29371,0,-6088,-23462,29551,0,0,0,0,1,0
353,183333,0,-26859,26859,0,0,-27026,27026,0,0,0,0,1,0
354,183854,6050,-29366,23316,0,6088,-29551,23462,0,0,0,0,1,0
355,184375,11867,-30744,18877,0,11942,-30940,18997,0,0,0,0,1,0
356,184895,17226,-30940,13714,0,17337,-31140,13802,0,0,0,0,1,0
357,185416,21923,-29948,8024,0,22066,-30143,8077,0,0,0,0,1,0
358,185937,25777,-27804,2028,0,25947,-27988,2041,0,0,0,0,1,0
359,186458,28639,-24593,-4046,0,28831,-24758,-4073,0,0,0,0,1,0
360,186979,30401,-20437,-9963,0,30607,-20576,-10031,0,0,0,0,1,0
361,187500,30993,-15497,-15497,0,31207,-15603,-15603,0,0,0,0,1,0
362,188020,30395,-9962,-20434,0,30607,-10031,-20576,0,0,0,0,1,0
363,188541,28629,-4045,-24585,0,28831,-4073,-24758,0,0,0,0,1,0
364,189062,25764,2027,-27790,0,25947,2041,-27988,0,0,0,0,1,0
365,189583,21908,8019,-29927,0,22066,8077,-30143,0,0,0,0,1,0
366,190104,17212,13702,-30914,0,17337,13802,-31140,0,0,0,0,1,0
367,190625,11855,18858,-30713,0,11942,18997,-30940,0,0,0,0,1,0
368,191145,6043,23288,-29331,0,6088,23462,-29551,0,0,0,0,1,0
369,191666,0,26823,-26823,0,0,27026,-27026,0,0,0,0,1,0
370,192187,-6042,29326,-23284,0,-6088,29551,-23462,0,0,0,0,1,0
371,192708,-11851,30702,-18852,0,-11942,30940,-18997,0,0,0,0,1,0
372,193229,-17203,30898,-13695,0,-17337,31140,-13802,0,0,0,0,1,0
373,193750,-21893,29907,-8014,0,-22066,30143,-8077,0,0,0,0,1,0
374,194270,-25742,27766,-2025,0,-25947,27988,-2041,0,0,0,0,1,0
375,194791,-28600,24559,4041,0,-28831,24758,4073,0,0,0,0,1,0
376,195312,-30359,20409,9950,0,-30607,20576,10031,0,0,0,0,1,0
377,195833,-30951,15476,15476,0,-31207,15603,15603,0,0,0,0,1,0
378,196354,-30354,9948,20406,0,-30607,10031,20576,0,0,0,0,1,0
379,196875,-28590,4039,24551,0,-28831,4073,24758,0,0,0,0,1,0
380,197395,-25728,-2024,27752,0,-25947,-2041,27988,0,0,0,0,1,0
381,197916,-21878,-8008,29886,0,-22066,-8077,30143,0,0,0,0,1,0
382,198437,-17188,-13684,30872,0,-17337,-13802,31140,0,0,0,0,1,0
383,198958,-11839,-18832,30671,0,-11942,-18997,30940,0,0,0,0,1,0
384,199479,-6035,-23257,29291,0,-6088,-23462,29551,0,0,0,0,1,0
385,200000,0,-26786,26786,0,0,-27026,27026,0,0,0,0,1,0
386,200520,6034,-29286,23253,0,6088,-29551,23462,0,0,0,0,1,0
387,201041,11834,-30660,18826,0,11942,-30940,18997,0,0,0,0,1,0
388,201562,17180,-30856,13677,0,17337,-31140,13802,0,0,0,0,1,0
389,202083,21864,-29866,8003,0,22066,-30143,8077,0,0,0,0,1,0
390,202604,25707,-27729,2022,0,25947,-27988,2041,0,0,0,0,1,0
391,203125,28561,-24526,-4035,0,28831,-24758,-4073,0,0,0,0,1,0
392,203645,30318,-20382,-9936,0,30607,-20576,-10031,0,0,0,0,1,0
393,204166,30909,-15455,-15455,0,31207,-15603,-15603,0,0,0,0,1,0
394,204687,30313,-9935,-20378,0,30607,-10031,-20576,0,0,0,0,1,0
395,205208,28552,-4034,-24518,0,28831,-4073,-24758,0,0,0,0,1,0
396,205729,25694,2021,-27715,0,25947,2041,-27988,0,0,0,0,1,0
397,206250,21849,7997,-29846,0,22066,8077,-30143,0,0,0,0,1,0
398,206770,17165,13665,-30830,0,17337,13802,-31140,0,0,0,0,1,0
399,207291,11822,18807,-30629,0,11942,18997,-30940,0,0,0,0,1,0
400,207812,6027,23225,-29252,0,6088,23462,-29551,0,0,0,0,1,0
401,208333,0,26750,-26750,0,0,27026,-27026,0,0,0,0,1,0
402,208854,-6025,29247,-23221,0,-6088,29551,-23462,0,0,0,0,1,0
403,209375,-11818,30619,-18800,0,-11942,30940,-18997,0,0,0,0,1,0
404,209895,-17156,30814,-13658,0,-17337,31140,-13802,0,0,0,0,1,0
405,210416,-21834,29826,-7992,0,-22066,30143,-8077,0,0,0,0,1,0
406,210937,-25672,27691,-2019,0,-25947,27988,-2041,0,0,0,0,1,0
407,211458,-28523,24493,4030,0,-28831,24758,4073,0,0,0,0,1,0
408,211979,-30277,20354,9923,0,-30607,20576,10031,0,0,0,0,1,0
409,212500,-30867,15434,15434,0,-31207,15603,15603,0,0,0,0,1,0
410,213020,-30272,9921,20351,0,-30607,10031,20576,0,0,0,0,1,0
411,213541,-28513,4028,24485,0,-28831,4073,24758,0,0,0,0,1,0
412,214062,-25659,-2018,27677,0,-25947,-2041,27988,0,0,0,0,1,0
413,214583,-21819,-7986,29805,0,-22066,-8077,30143,0,0,0,0,1,0
414,215104,-17142,-13647,30788,0,-17337,-13802,31140,0,0,0,0,1,0
415,215625,-11806,-18781,30588,0,-11942,-18997,30940,0,0,0,0,1,0
416,216145,-6018,-23194,29212,0,-6088,-23462,29551,0,0,0,0,1,0
417,216666,0,-26714,26714,0,0,-27026,27026,0,0,0,0,1,0
418,217187,6017,-29207,23190,0,6088,-29551,23462,0,0,0,0,1,0
419,217708,11802,-30577,18775,0,11942,-30940,18997,0,0,0,0,1,0
420,218229,17133,-30773,13640,0,17337,-31140,13802,0,0,0,0,1,0
421,218750,21804,-29785,7981,0,22066,-30143,8077,0,0,0,0,1,0
422,219270,25637,-27654,2017,0,25947,-27988,2041,0,0,0,0,1,0
423,219791,28484,-24460,-4024,0,28831,-24758,-4073,0,0,0,0,1,0
424,220312,30236,-20326,-9909,0,30607,-20576,-10031,0,0,0,0,1,0
425,220833,30826,-15413,-15413,0,31207,-15603,-15603,0,0,0,0,1,0
426,221354,30231,-9908,-20323,0,30607,-10031,-20576,0,0,0,0,1,0
427,221875,28474,-4023,-24451,0,28831,-4073,-24758,0,0,0,0,1,0
428,222395,25624,2016,-27640,0,25947,2041,-27988,0,0,0,0,1,0
429,222916,21790,7976,-29765,0,22066,8077,-30143,0,0,0,0,1,0
430,223437,17119,13628,-30747,0,17337,13802,-31140,0,0,0,0,1,0
431,223958,11790,18756,-30546,0,11942,18997,-30940,0,0,0,0,1,0
432,224479,6010,23162,-29172,0,6088,23462,-29551,0,0,0,0,1,0
433,225000,0,26678,-26678,0,0,27026,-27026,0,0,0,0,1,0
434,225520,-6009,29168,-23158,0,-6088,29551,-23462,0,0,0,0,1,0
435,226041,-11787,30536,-18750,0,-11942,30940,-18997,0,0,0,0,1,0
436,226562,-17110,30731,-13621,0,-17337,31140,-13802,0,0,0,0,1,0
437,227083,-21775,29745,-7970,0,-22066,30143,-8077,0,0,0,0,1,0
438,227604,-25602,27616,-2014,0,-25947,27988,-2041,0,0,0,0,1,0
439,228125,-28446,24427,4019,0,-28831,24758,4073,0,0,0,0,1,0
440,228645,-30195,20299,9896,0,-30607,20576,10031,0,0,0,0,1,0
441,229166,-30784,15392,15392,0,-31207,15603,15603,0,0,0,0,1,0
442,229687,-30190,9894,20296,0,-30607,10031,20576,0,0,0,0,1,0
443,230208,-28436,4017,24419,0,-28831,4073,24758,0,0,0,0,1,0
444,230729,-25590,-2013,27602,0,-25947,-2041,27988,0,0,0,0,1,0
445,231250,-21760,-7965,29725,0,-22066,-8077,30143,0,0,0,0,1,0
446,231770,-17095,-13610,30705,0,-17337,-13802,31140,0,0,0,0,1,0
447,232291,-11775,-18731,30505,0,-11942,-18997,30940,0,0,0,0,1,0
448,232812,-6002,-23131,29133,0,-6088,-23462,29551,0,0,0,0,1,0
449,233333,0,-26642,26642,0,0,-27026,27026,0,0,0,0,1,0
450,233854,6001,-29128,23127,0,6088,-29551,23462,0,0,0,0,1,0
451,234375,11771,-30495,18724,0,11942,-30940,18997,0,0,0,0,1,0
452,234895,17087,-30690,13603,0,17337,-31140,13802,0,0,0,0,1,0
453,235416,21746,-29705,7959,0,22066,-30143,8077,0,0,0,0,1,0
454,235937,25568,-27579,2011,0,25947,-27988,2041,0,0,0,0,1,0
455,236458,28407,-24394,-4013,0,28831,-24758,-4073,0,0,0,0,1,0
456,236979,30154,-20272,-9883,0,30607,-20576,-10031,0,0,0,0,1,0
457,237500,30743,-15371,-15371,0,31207,-15603,-15603,0,0,0,0,1,0
458,238020,30149,-9881,-20268,0,30607,-10031,-20576,0,0,0,0,1,0
459,238541,28398,-4012,-24386,0,28831,-4073,-24758,0,0,0,0,1,0
460,239062,25555,2010,-27565,0,25947,2041,-27988,0,0,0,0,1,0
461,239583,21731,7954,-29685,0,22066,8077,-30143,0,0,0,0,1,0
462,240104,17073,13591,-30664,0,17337,13802,-31140,0,0,0,0,1,0
463,240625,11759,18705,-30464,0,11942,18997,-30940,0,0,0,0,1,0
464,241145,5994,23100,-29094,0,6088,23462,-29551,0,0,0,0,1,0
465,241666,0,26606,-26606,0,0,27026,-27026,0,0,0,0,1,0
466,242187,-5993,29089,-23096,0,-6088,29551,-23462,0,0,0,0,1,0
467,242708,-11755,30454,-18699,0,-11942,30940,-18997,0,0,0,0,1,0
468,243229,-17064,30648,-13585,0,-17337,31140,-13802,0,0,0,0,1,0
469,243750,-21716,29665,-7949,0,-22066,30143,-8077,0,0,0,0,1,0
470,244270,-25534,27542,-2008,0,-25947,27988,-2041,0,0,0,0,1,0
471,244791,-28369,24361,4008,0,-28831,24758,4073,0,0,0,0,1,0
472,245312,-30114,20244,9869,0,-30607,20576,10031,0,0,0,0,1,0
473,245833,-30701,15351,15351,0,-31207,15603,15603,0,0,0,0,1,0
474,246354,-30109,9868,20241,0,-30607,10031,20576,0,0,0,0,1,0
475,246875,-28360,4007,24353,0,-28831,4073,24758,0,0,0,0,1,0
476,247395,-25521,-2007,27528,0,-25947,-2041,27988,0,0,0,0,1,0
477,247916,-21702,-7943,29645,0,-22066,-8077,30143,0,0,0,0,1,0
478,248437,-17050,-13573,30623,0,-17337,-13802,31140,0,0,0,0,1,0
479,248958,-11743,-18680,30423,0,-11942,-18997,30940,0,0,0,0,1,0
480,249479,-5986,-23069,29055,0,-6088,-23462,29551,0,0,0,0,1,0
481,250000,0,-26570,26570,0,0,-27026,27026,0,0,0,0,1,0
482,250520,5985,-29050,23065,0,6088,-29551,23462,0,0,0,0,1,0
483,251041,11739,-30413,18674,0,11942,-30940,18997,0,0,0,0,1,0
484,251562,17041,-30607,13566,0,17337,-31140,13802,0,0,0,0,1,0
485,252083,21687,-29625,7938,0,22066,-30143,8077,0,0,0,0,1,0
486,252604,25499,-27505,2006,0,25947,-27988,2041,0,0,0,0,1,0
487,253125,28331,-24328,-4003,0,28831,-24758,-4073,0,0,0,0,1,0
488,253645,30074,-20217,-9856,0,30607,-20576,-10031,0,0,0,0,1,0
489,254166,30660,-15330,-15330,0,31207,-15603,-15603,0,0,0,0,1,0
490,254687,30069,-9855,-20214,0,30607,-10031,-20576,0,0,0,0,1,0
491,255208,28322,-4001,-24320,0,28831,-4073,-24758,0,0,0,0,1,0
492,255729,25487,2005,-27491,0,25947,2041,-27988,0,0,0,0,1,0
493,256249,21673,7933,-29606,0,22066,8077,-30143,0,0,0,0,1,0
494,256770,17027,13555,-30582,0,17337,13802,-31140,0,0,0,0,1,0
495,257291,11727,18655,-30383,0,11942,18997,-30940,0,0,0,0,1,0
496,257812,5978,23038,-29016,0,6088,23462,-29551,0,0,0,0,1,0
497,258333,0,26535,-26535,0,0,27026,-27026,0,0,0,0,1,0
498,258854,-5977,29011,-23034,0,-6088,29551,-23462,0,0,0,0,1,0
499,259375,-11723,30372,-18649,0,-11942,30940,-18997,0,0,0,0,1,0
500,259895,-17018,30566,-13548,0,-17337,31140,-13802,0,0,0,0,1,0
501,260416,-21658,29586,-7927,0,-22066,30143,-8077,0,0,0,0,1,0
502,260937,-25465,27468,-2003,0,-25947,27988,-2041,0,0,0,0,1,0
503,261458,-28293,24296,3997,0,-28831,24758,4073,0,0,0,0,1,0
504,261979,-30033,20190,9843,0,-30607,20576,10031,0,0,0,0,1,0
505,262500,-30619,15310,15310,0,-31207,15603,15603,0,0,0,0,1,0
506,263020,-30028,9841,20187,0,-30607,10031,20576,0,0,0,0,1,0
507,263541,-28284,3996,24288,0,-28831,4073,24758,0,0,0,0,1,0
508,264062,-25453,-2002,27455,0,-25947,-2041,27988,0,0,0,0,1,0
509,264583,-21644,-7922,29566,0,-22066,-8077,30143,0,0,0,0,1,0
510,265104,-17004,-13537,30541,0,-17337,-13802,31140,0,0,0,0,1,0
511,265625,-11712,-18630,30342,0,-11942,-18997,30940,0,0,0,0,1,0
512,266145,-5970,-23007,28977,0,-6088,-23462,29551,0,0,0,0,1,0
513,266666,0,-26499,26499,0,0,-27026,27026,0,0,0,0,1,0
514,267187,5969,-28972,23003,0,6088,-29551,23462,0,0,0,0,1,0
515,267708,11708,-30332,18624,0,11942,-30940,18997,0,0,0,0,1,0
516,268229,16995,-30526,13530,0,17337,-31140,13802,0,0,0,0,1,0
517,268750,21629,-29546,7917,0,22066,-30143,8077,0,0,0,0,1,0
518,269270,25431,-27432,2000,0,25947,-27988,2041,0,0,0,0,1,0
519,269791,28255,-24263,-3992,0,28831,-24758,-4073,0,0,0,0,1,0
520,270312,29993,-20163,-9830,0,30607,-20576,-10031,0,0,0,0,1,0
521,270833,30578,-15289,-15289,0,31207,-15603,-15603,0,0,0,0,1,0
522,271354,29988,-9828,-20160,0,30607,-10031,-20576,0,0,0,0,1,0
523,271875,28246,-3991,-24255,0,28831,-4073,-24758,0,0,0,0,1,0
524,272395,25419,1999,-27418,0,25947,2041,-27988,0,0,0,0,1,0
525,272916,21615,7912,-29527,0,22066,8077,-30143,0,0,0,0,1,0
526,273437,16981,13519,-30500,0,17337,13802,-31140,0,0,0,0,1,0
527,273958,11696,18606,-30302,0,11942,18997,-30940,0,0,0,0,1,0
528,274479,5962,22977,-28939,0,6088,23462,-29551,0,0,0,0,1,0
529,275000,0,26464,-26464,0,0,27026,-27026,0,0,0,0,1,0
530,275520,-5961,28934,-22973,0,-6088,29551,-23462,0,0,0,0,1,0
531,276041,-11692,30291,-18599,0,-11942,30940,-18997,0,0,0,0,1,0
532,276562,-16973,30485,-13512,0,-17337,31140,-13802,0,0,0,0,1,0
533,277083,-21601,29507,-7906,0,-22066,30143,-8077,0,0,0,0,1,0
534,277604,-25397,27395,-1998,0,-25947,27988,-2041,0,0,0,0,1,0
535,278125,-28218,24231,3987,0,-28831,24758,4073,0,0,0,0,1,0
536,278645,-29953,20137,9817,0,-30607,20576,10031,0,0,0,0,1,0
537,279166,-30538,15269,15269,0,-31207,15603,15603,0,0,0,0,1,0
538,279687,-29948,9815,20133,0,-30607,10031,20576,0,0,0,0,1,0
539,280208,-28208,3985,24223,0,-28831,4073,24758,0,0,0,0,1,0
540,280729,-25385,-1997,27382,0,-25947,-2041,27988,0,0,0,0,1,0
541,281250,-21586,-7901,29487,0,-22066,-8077,30143,0,0,0,0,1,0
542,281770,-16959,-13501,30460,0,-17337,-13802,31140,0,0,0,0,1,0
543,282291,-11680,-18581,30261,0,-11942,-18997,30940,0,0,0,0,1,0
544,282812,-5954,-22946,28900,0,-6088,-23462,29551,0,0,0,0,1,0
545,283333,0,-26429,26429,0,0,-27026,27026,0,0,0,0,1,0
546,283854,5953,-28895,22942,0,6088,-29551,23462,0,0,0,0,1,0
547,284375,11677,-30251,18575,0,11942,-30940,18997,0,0,0,0,1,0
548,284895,16950,-30444,13494,0,17337,-31140,13802,0,0,0,0,1,0
549,285416,21572,-29468,7896,0,22066,-30143,8077,0,0,0,0,1,0
550,285937,25364,-27359,1995,0,25947,-27988,2041,0,0,0,0,1,0
551,286458,28180,-24199,-3981,0,28831,-24758,-4073,0,0,0,0,1,0
552,286979,29914,-20110,-9804,0,30607,-20576,-10031,0,0,0,0,1,0
553,287500,30497,-15249,-15249,0,31207,-15603,-15603,0,0,0,0,1,0
554,288020,29909,-9802,-20106,0,30607,-10031,-20576,0,0,0,0,1,0
555,288541,28171,-3980,-24191,0,28831,-4073,-24758,0,0,0,0,1,0
556,289062,25351,1994,-27345,0,25947,2041,-27988,0,0,0,0,1,0
557,289583,21558,7891,-29448,0,22066,8077,-30143,0,0,0,0,1,0
558,290104,16936,13483,-30419,0,17337,13802,-31140,0,0,0,0,1,0
559,290625,11665,18556,-30221,0,11942,18997,-30940,0,0,0,0,1,0
560,291145,5946,22916,-28862,0,6088,23462,-29551,0,0,0,0,1,0
561,291666,0,26394,-26394,0,0,27026,-27026,0,0,0,0,1,0
562,292187,-5945,28857,-22912,0,-6088,29551,-23462,0,0,0,0,1,0
563,292708,-11661,30211,-18550,0,-11942,30940,-18997,0,0,0,0,1,0
564,293229,-16928,30404,-13476,0,-17337,31140,-13802,0,0,0,0,1,0
565,293750,-21543,29429,-7885,0,-22066,30143,-8077,0,0,0,0,1,0
566,294270,-25330,27323,-1992,0,-25947,27988,-2041,0,0,0,0,1,0
567,294791,-28143,24167,3976,0,-28831,24758,4073,0,0,0,0,1,0
568,295312,-29874,20083,9791,0,-30607,20576,10031,0,0,0,0,1,0
569,295833,-30457,15228,15228,0,-31207,15603,15603,0,0,0,0,1,0
570,296354,-29869,9789,20080,0,-30607,10031,20576,0,0,0,0,1,0
571,296875,-28134,3975,24159,0,-28831,4073,24758,0,0,0,0,1,0
572,297395,-25317,-1991,27309,0,-25947,-2041,27988,0,0,0,0,1,0
573,297916,-21529,-7880,29409,0,-22066,-8077,30143,0,0,0,0,1,0
574,298437,-16914,-13465,30379,0,-17337,-13802,31140,0,0,0,0,1,0
575,298958,-11649,-18532,30181,0,-11942,-18997,30940,0,0,0,0,1,0
576,299479,-5938,-22885,28824,0,-6088,-23462,29551,0,0,0,0,1,0
577,300000,0,-26359,26359,0,0,-27026,27026,0,0,0,0,1,0
578,300520,5937,-28819,22881,0,6088,-29551,23462,0,0,0,0,1,0
579,301041,11646,-30171,18526,0,11942,-30940,18997,0,0,0,0,1,0
580,301562,16905,-30364,13458,0,17337,-31140,13802,0,0,0,0,1,0
581,302083,21515,-29390,7875,0,22066,-30143,8077,0,0,0,0,1,0
582,302604,25297,-27286,1990,0,25947,-27988,2041,0,0,0,0,1,0
583,303125,28106,-24135,-3971,0,28831,-24758,-4073,0,0,0,0,1,0
584,303645,29834,-20057,-9778,0,30607,-20576,-10031,0,0,0,0,1,0
585,304166,30416,-15208,-15208,0,31207,-15603,-15603,0,0,0,0,1,0
586,304687,29829,-9776,-20053,0,30607,-10031,-20576,0,0,0,0,1,0
587,305208,28096,-3969,-24127,0,28831,-4073,-24758,0,0,0,0,1,0
588,305729,25284,1989,-27273,0,25947,2041,-27988,0,0,0,0,1,0
589,306250,21501,7870,-29370,0,22066,8077,-30143,0,0,0,0,1,0
590,306770,16891,13447,-30339,0,17337,13802,-31140,0,0,0,0,1,0
591,307291,11634,18507,-30141,0,11942,18997,-30940,0,0,0,0,1,0
592,307812,5931,22855,-28786,0,6088,23462,-29551,0,0,0,0,1,0
593,308333,0,26324,-26324,0,0,27026,-27026,0,0,0,0,1,0
594,308854,-5930,28781,-22851,0,-6088,29551,-23462,0,0,0,0,1,0
595,309375,-11630,30131,-18501,0,-11942,30940,-18997,0,0,0,0,1,0
596,309895,-16883,30324,-13441,0,-17337,31140,-13802,0,0,0,0,1,0
597,310416,-21486,29351,-7865,0,-22066,30143,-8077,0,0,0,0,1,0
598,310937,-25263,27250,-1987,0,-25947,27988,-2041,0,0,0,0,1,0
599,311458,-28069,24103,3966,0,-28831,24758,4073,0,0,0,0,1,0
600,311979,-29795,20030,9765,0,-30607,20576,10031,0,0,0,0,1,0
601,312500,-30376,15188,15188,0,-31207,15603,15603,0,0,0,0,1,0
602,313020,-29790,9763,20027,0,-30607,10031,20576,0,0,0,0,1,0
603,313541,-28059,3964,24095,0,-28831,4073,24758,0,0,0,0,1,0
604,314062,-25251,-1986,27237,0,-25947,-2041,27988,0,0,0,0,1,0
605,314583,-21472,-7859,29332,0,-22066,-8077,30143,0,0,0,0,1,0
606,315104,-16869,-13430,30299,0,-17337,-13802,31140,0,0,0,0,1,0
607,315625,-11619,-18483,30101,0,-11942,-18997,30940,0,0,0,0,1,0
608,316145,-5923,-22825,28748,0,-6088,-23462,29551,0,0,0,0,1,0
609,316666,0,-26289,26289,0,0,-27026,27026,0,0,0,0,1,0
610,317187,5922,-28743,22821,0,6088,-29551,23462,0,0,0,0,1,0
611,317708,11615,-30092,18477,0,11942,-30940,18997,0,0,0,0,1,0
612,318229,16861,-30284,13423,0,17337,-31140,13802,0,0,0,0,1,0
613,318750,21458,-29312,7854,0,22066,-30143,8077,0,0,0,0,1,0
614,319270,25230,-27214,1985,0,25947,-27988,2041,0,0,0,0,1,0
615,319791,28032,-24071,-3960,0,28831,-24758,-4073,0,0,0,0,1,0
616,320312,29756,-20004,-9752,0,30607,-20576,-10031,0,0,0,0,1,0
617,320833,30336,-15168,-15168,0,31207,-15603,-15603,0,0,0,0,1,0
618,321354,29751,-9750,-20000,0,30607,-10031,-20576,0,0,0,0,1,0
619,321875,28022,-3959,-24063,0,28831,-4073,-24758,0,0,0,0,1,0
620,322395,25217,1984,-27201,0,25947,2041,-27988,0,0,0,0,1,0
621,322916,21444,7849,-29293,0,22066,8077,-30143,0,0,0,0,1,0
622,323437,16847,13412,-30259,0,17337,13802,-31140,0,0,0,0,1,0
623,323958,11603,18458,-30062,0,11942,18997,-30940,0,0,0,0,1,0
624,324479,5915,22795,-28710,0,6088,23462,-29551,0,0,0,0,1,0
625,325000,0,26255,-26255,0,0,27026,-27026,0,0,0,0,1,0
626,325520,-5914,28705,-22791,0,-6088,29551,-23462,0,0,0,0,1,0
627,326041,-11600,30052,-18452,0,-11942,30940,-18997,0,0,0,0,1,0
628,326562,-16839,30244,-13405,0,-17337,31140,-13802,0,0,0,0,1,0
629,327083,-21430,29274,-7844,0,-22066,30143,-8077,0,0,0,0,1,0
630,327604,-25197,27179,-1982,0,-25947,27988,-2041,0,0,0,0,1,0
631,328125,-27995,24040,3955,0,-28831,24758,4073,0,0,0,0,1,0
632,328645,-29717,19977,9739,0,-30607,20576,10031,0,0,0,0,1,0
633,329166,-30296,15148,15148,0,-31207,15603,15603,0,0,0,0,1,0
634,329687,-29712,9738,19974,0,-30607,10031,20576,0,0,0,0,1,0
635,330208,-27986,3954,24032,0,-28831,4073,24758,0,0,0,0,1,0
636,330729,-25184,-1981,27165,0,-25947,-2041,27988,0,0,0,0,1,0
637,331250,-21416,-7839,29254,0,-22066,-8077,30143,0,0,0,0,1,0
638,331770,-16825,-13394,30219,0,-17337,-13802,31140,0,0,0,0,1,0
639,332291,-11588,-18434,30022,0,-11942,-18997,30940,0,0,0,0,1,0
640,332812,-5907,-22765,28672,0,-6088,-23462,29551,0,0,0,0,1,0
641,333333,0,-26220,26220,0,0,-27026,27026,0,0,0,0,1,0
642,333854,5906,-28667,22761,0,6088,-29551,23462,0,0,0,0,1,0
643,334375,11584,-30013,18428,0,11942,-30940,18997,0,0,0,0,1,0
644,334895,16817,-30204,13388,0,17337,-31140,13802,0,0,0,0,1,0
645,335416,21402,-29235,7834,0,22066,-30143,8077,0,0,0,0,1,0
646,335937,25164,-27143,1979,0,25947,-27988,2041,0,0,0,0,1,0
647,336458,27958,-24008,-3950,0,28831,-24758,-4073,0,0,0,0,1,0
648,336979,29678,-19951,-9726,0,30607,-20576,-10031,0,0,0,0,1,0
649,337500,30257,-15128,-15128,0,31207,-15603,-15603,0,0,0,0,1,0
650,338020,29673,-9725,-19948,0,30607,-10031,-20576,0,0,0,0,1,0
651,338541,27949,-3949,-24000,0,28831,-4073,-24758,0,0,0,0,1,0
652,339062,25151,1978,-27130,0,25947,2041,-27988,0,0,0,0,1,0
653,339583,21388,7828,-29216,0,22066,8077,-30143,0,0,0,0,1,0
654,340104,16803,13377,-30180,0,17337,13802,-31140,0,0,0,0,1,0
655,340625,11573,18410,-29983,0,11942,18997,-30940,0,0,0,0,1,0
656,341145,5899,22735,-28635,0,6088,23462,-29551,0,0,0,0,1,0
657,341666,0,26186,-26186,0,0,27026,-27026,0,0,0,0,1,0
658,342187,-5898,28630,-22731,0,-6088,29551,-23462,0,0,0,0,1,0
659,342708,-11569,29973,-18404,0,-11942,30940,-18997,0,0,0,0,1,0
660,343229,-16795,30165,-13370,0,-17337,31140,-13802,0,0,0,0,1,0
661,343750,-21374,29197,-7823,0,-22066,30143,-8077,0,0,0,0,1,0
662,344270,-25131,27108,-1977,0,-25947,27988,-2041,0,0,0,0,1,0
663,344791,-27922,23977,3945,0,-28831,24758,4073,0,0,0,0,1,0
664,345312,-29639,19925,9714,0,-30607,20576,10031,0,0,0,0,1,0
665,345833,-30217,15109,15109,0,-31207,15603,15603,0,0,0,0,1,0
666,346354,-29634,9712,19922,0,-30607,10031,20576,0,0,0,0,1,0
667,346875,-27912,3943,23969,0,-28831,4073,24758,0,0,0,0,1,0
668,347395,-25118,-1976,27094,0,-25947,-2041,27988,0,0,0,0,1,0
669,347916,-21360,-7818,29178,0,-22066,-8077,30143,0,0,0,0,1,0
670,348437,-16781,-13359,30140,0,-17337,-13802,31140,0,0,0,0,1,0
671,348958,-11558,-18386,29944,0,-11942,-18997,30940,0,0,0,0,1,0
672,349479,-5892,-22705,28597,0,-6088,-23462,29551,0,0,0,0,1,0
673,350000,0,-26152,26152,0,0,-27026,27026,0,0,0,0,1,0
674,350520,5891,-28593,22702,0,6088,-29551,23462,0,0,0,0,1,0
675,351041,11554,-29934,18380,0,11942,-30940,18997,0,0,0,0,1,0
676,351562,16773,-30125,13353,0,17337,-31140,13802,0,0,0,0,1,0
677,352083,21346,-29159,7813,0,22066,-30143,8077,0,0,0,0,1,0
678,352604,25098,-27072,1974,0,25947,-27988,2041,0,0,0,0,1,0
679,353125,27885,-23946,-3940,0,28831,-24758,-4073,0,0,0,0,1,0
680,353645,29600,-19899,-9701,0,30607,-20576,-10031,0,0,0,0,1,0
681,354166,30178,-15089,-15089,0,31207,-15603,-15603,0,0,0,0,1,0
682,354687,29595,-9700,-19896,0,30607,-10031,-20576,0,0,0,0,1,0
683,355208,27876,-3938,-23938,0,28831,-4073,-24758,0,0,0,0,1,0
684,355729,25086,1973,-27059,0,25947,2041,-27988,0,0,0,0,1,0
685,356250,21332,7808,-29140,0,22066,8077,-30143,0,0,0,0,1,0
686,356770,16759,13342,-30101,0,17337,13802,-31140,0,0,0,0,1,0
687,357291,11543,18362,-29905,0,11942,18997,-30940,0,0,0,0,1,0
688,357812,5884,22676,-28560,0,6088,23462,-29551,0,0,0,0,1,0
689,358333,0,26118,-26118,0,0,27026,-27026,0,0,0,0,1,0
690,358854,-5883,28555,-22672,0,-6088,29551,-23462,0,0,0,0,1,0
691,359375,-11539,29895,-18356,0,-11942,30940,-18997,0,0,0,0,1,0
692,359895,-16751,30086,-13335,0,-17337,31140,-13802,0,0,0,0,1,0
693,360416,-21318,29121,-7803,0,-22066,30143,-8077,0,0,0,0,1,0
694,360937,-25065,27037,-1972,0,-25947,27988,-2041,0,0,0,0,1,0
695,361458,-27849,23914,3934,0,-28831,24758,4073,0,0,0,0,1,0
696,361979,-29562,19873,9688,0,-30607,20576,10031,0,0,0,0,1,0
697,362500,-30138,15069,15069,0,-31207,15603,15603,0,0,0,0,1,0
698,363020,-29557,9687,19870,0,-30607,10031,20576,0,0,0,0,1,0
699,363541,-27840,3933,23907,0,-28831,4073,24758,0,0,0,0,1,0
700,364062,-25053,-1971,27024,0,-25947,-2041,27988,0,0,0,0,1,0
701,364583,-21304,-7798,29102,0,-22066,-8077,30143,0,0,0,0,1,0
702,365104,-16737,-13324,30062,0,-17337,-13802,31140,0,0,0,0,1,0
703,365625,-11528,-18338,29866,0,-11942,-18997,30940,0,0,0,0,1,0
704,366145,-5876,-22646,28523,0,-6088,-23462,29551,0,0,0,0,1,0
705,366666,0,-26084,26084,0,0,-27026,27026,0,0,0,0,1,0
706,367187,5875,-28518,22643,0,6088,-29551,23462,0,0,0,0,1,0
707,367708,11524,-29856,18332,0,11942,-30940,18997,0,0,0,0,1,0
708,368229,16729,-30047,13318,0,17337,-31140,13802,0,0,0,0,1,0
709,368750,21290,-29083,7793,0,22066,-30143,8077,0,0,0,0,1,0
710,369270,25033,-27002,1969,0,25947,-27988,2041,0,0,0,0,1,0
711,369791,27813,-23883,-3929,0,28831,-24758,-4073,0,0,0,0,1,0
712,370312,29523,-19847,-9676,0,30607,-20576,-10031,0,0,0,0,1,0
713,370833,30099,-15050,-15050,0,31207,-15603,-15603,0,0,0,0,1,0
714,371354,29519,-9674,-19844,0,30607,-10031,-20576,0,0,0,0,1,0
715,371875,27804,-3928,-23876,0,28831,-4073,-24758,0,0,0,0,1,0
716,372395,25021,1968,-26989,0,25947,2041,-27988,0,0,0,0,1,0
717,372916,21277,7788,-29064,0,22066,8077,-30143,0,0,0,0,1,0
718,373437,16716,13307,-30023,0,17337,13802,-31140,0,0,0,0,1,0
719,373958,11513,18314,-29827,0,11942,18997,-30940,0,0,0,0,1,0
720,374479,5869,22617,-28486,0,6088,23462,-29551,0,0,0,0,1,0
721,375000,0,26050,-26050,0,0,27026,-27026,0,0,0,0,1,0
722,375520,-5868,28481,-22613,0,-6088,29551,-23462,0,0,0,0,1,0
723,376041,-11509,29818,-18308,0,-11942,30940,-18997,0,0,0,0,1,0
724,376562,-16707,30008,-13301,0,-17337,31140,-13802,0,0,0,0,1,0
725,377083,-21263,29045,-7783,0,-22066,30143,-8077,0,0,0,0,1,0
726,377604,-25000,26967,-1967,0,-25947,27988,-2041,0,0,0,0,1,0
727,378125,-27777,23852,3924,0,-28831,24758,4073,0,0,0,0,1,0
728,378645,-29485,19822,9663,0,-30607,20576,10031,0,0,0,0,1,0
729,379166,-30060,15030,15030,0,-31207,15603,15603,0,0,0,0,1,0
730,379687,-29480,9662,19819,0,-30607,10031,20576,0,0,0,0,1,0
731,380208,-27768,3923,23845,0,-28831,4073,24758,0,0,0,0,1,0
732,380729,-24988,-1966,26954,0,-25947,-2041,27988,0,0,0,0,1,0
733,381250,-21249,-7778,29027,0,-22066,-8077,30143,0,0,0,0,1,0
734,381770,-16694,-13290,29984,0,-17337,-13802,31140,0,0,0,0,1,0
735,382291,-11498,-18291,29789,0,-11942,-18997,30940,0,0,0,0,1,0
736,382812,-5861,-22588,28449,0,-6088,-23462,29551,0,0,0,0,1,0
737,383333,0,-26016,26016,0,0,-27026,27026,0,0,0,0,1,0
738,383854,5860,-28444,22584,0,6088,-29551,23462,0,0,0,0,1,0
739,384375,11494,-29779,18285,0,11942,-30940,18997,0,0,0,0,1,0
740,384895,16686,-29969,13284,0,17337,-31140,13802,0,0,0,0,1,0
741,385416,21235,-29008,7773,0,22066,-30143,8077,0,0,0,0,1,0
742,385937,24968,-26932,1964,0,25947,-27988,2041,0,0,0,0,1,0
743,386458,27741,-23821,-3919,0,28831,-24758,-4073,0,0,0,0,1,0
744,386979,29447,-19796,-9651,0,30607,-20576,-10031,0,0,0,0,1,0
745,387500,30021,-15011,-15011,0,31207,-15603,-15603,0,0,0,0,1,0
746,388020,29442,-9649,-19793,0,30607,-10031,-20576,0,0,0,0,1,0
747,388541,27732,-3918,-23814,0,28831,-4073,-24758,0,0,0,0,1,0
748,389062,24956,1963,-26919,0,25947,2041,-27988,0,0,0,0,1,0
749,389583,21222,7768,-28989,0,22066,8077,-30143,0,0,0,0,1,0
750,390104,16672,13273,-29945,0,17337,13802,-31140,0,0,0,0,1,0
751,390625,11483,18267,-29750,0,11942,18997,-30940,0,0,0,0,1,0
752,391145,5854,22559,-28412,0,6088,23462,-29551,0,0,0,0,1,0
753,391666,0,25983,-25983,0,0,27026,-27026,0,0,0,0,1,0
754,392187,-5853,28408,-22555,0,-6088,29551,-23462,0,0,0,0,1,0
755,392708,-11479,29741,-18261,0,-11942,30940,-18997,0,0,0,0,1,0
756,393229,-16664,29931,-13266,0,-17337,31140,-13802,0,0,0,0,1,0
757,393750,-21208,28970,-7763,0,-22066,30143,-8077,0,0,0,0,1,0
758,394270,-24936,26897,-1961,0,-25947,27988,-2041,0,0,0,0,1,0
759,394791,-27705,23791,3914,0,-28831,24758,4073,0,0,0,0,1,0
760,395312,-29409,19771,9638,0,-30607,20576,10031,0,0,0,0,1,0
761,395833,-29983,14991,14991,0,-31207,15603,15603,0,0,0,0,1,0
762,396354,-29404,9637,19767,0,-30607,10031,20576,0,0,0,0,1,0
763,396875,-27696,3913,23783,0,-28831,4073,24758,0,0,0,0,1,0
764,397395,-24924,-1960,26884,0,-25947,-2041,27988,0,0,0,0,1,0
765,397916,-21194,-7758,28952,0,-22066,-8077,30143,0,0,0,0,1,0
766,398437,-16651,-13256,29907,0,-17337,-13802,31140,0,0,0,0,1,0
767,398958,-11468,-18244,29712,0,-11942,-18997,30940,0,0,0,0,1,0
768,399479,-5846,-22530,28376,0,-6088,-23462,29551,0,0,0,0,1,0
769,400000,0,-25949,25949,0,0,-27026,27026,0,0,0,0,1,0
770,400520,5845,-28371,22526,0,6088,-29551,23462,0,0,0,0,1,0
771,401041,11465,-29702,18238,0,11942,-30940,18997,0,0,0,0,1,0
772,401562,16643,-29892,13249,0,17337,-31140,13802,0,0,0,0,1,0
773,402083,21181,-28933,7753,0,22066,-30143,8077,0,0,0,0,1,0
774,402604,24904,-26863,1959,0,25947,-27988,2041,0,0,0,0,1,0
775,403125,27669,-23760,-3909,0,28831,-24758,-4073,0,0,0,0,1,0
776,403645,29371,-19745,-9626,0,30607,-20576,-10031,0,0,0,0,1,0
777,404166,29944,-14972,-14972,0,31207,-15603,-15603,0,0,0,0,1,0
778,404687,29366,-9624,-19742,0,30607,-10031,-20576,0,0,0,0,1,0
779,405208,27660,-3908,-23752,0,28831,-4073,-24758,0,0,0,0,1,0
780,405729,24892,1958,-26850,0,25947,2041,-27988,0,0,0,0,1,0
781,406250,21167,7748,-28915,0,22066,8077,-30143,0,0,0,0,1,0
782,406770,16629,13239,-29868,0,17337,13802,-31140,0,0,0,0,1,0
783,407291,11454,18220,-29674,0,11942,18997,-30940,0,0,0,0,1,0
784,407812,5839,22501,-28339,0,6088,23462,-29551,0,0,0,0,1,0
785,408333,0,25916,-25916,0,0,27026,-27026,0,0,0,0,1,0
786,408854,-5838,28335,-22497,0,-6088,29551,-23462,0,0,0,0,1,0
787,409375,-11450,29664,-18214,0,-11942,30940,-18997,0,0,0,0,1,0
788,409895,-16621,29854,-13232,0,-17337,31140,-13802,0,0,0,0,1,0
789,410416,-21153,28896,-7743,0,-22066,30143,-8077,0,0,0,0,1,0
790,410937,-24872,26828,-1956,0,-25947,27988,-2041,0,0,0,0,1,0
791,411458,-27634,23730,3904,0,-28831,24758,4073,0,0,0,0,1,0
792,411979,-29333,19720,9614,0,-30607,20576,10031,0,0,0,0,1,0
793,412500,-29906,14953,14953,0,-31207,15603,15603,0,0,0,0,1,0
794,413020,-29329,9612,19717,0,-30607,10031,20576,0,0,0,0,1,0
795,413541,-27625,3903,23722,0,-28831,4073,24758,0,0,0,0,1,0
796,414062,-24860,-1955,26815,0,-25947,-2041,27988,0,0,0,0,1,0
797,414583,-21140,-7738,28877,0,-22066,-8077,30143,0,0,0,0,1,0
798,415104,-16608,-13222,29830,0,-17337,-13802,31140,0,0,0,0,1,0
799,415625,-11439,-18197,29636,0,-11942,-18997,30940,0,0,0,0,1,0
800,416145,-5831,-22472,28303,0,-6088,-23462,29551,0,0,0,0,1,0
801,416666,0,-25883,25883,0,0,-27026,27026,0,0,0,0,1,0
802,417187,5830,-28298,22468,0,6088,-29551,23462,0,0,0,0,1,0
803,417708,11435,-29626,18191,0,11942,-30940,18997,0,0,0,0,1,0
804,418229,16600,-29815,13215,0,17337,-31140,13802,0,0,0,0,1,0
805,418750,21126,-28859,7733,0,22066,-30143,8077,0,0,0,0,1,0
806,419270,24840,-26794,1954,0,25947,-27988,2041,0,0,0,0,1,0
807,419791,27598,-23699,-3899,0,28831,-24758,-4073,0,0,0,0,1,0
808,420312,29296,-19695,-9601,0,30607,-20576,-10031,0,0,0,0,1,0
809,420833,29867,-14934,-14934,0,31207,-15603,-15603,0,0,0,0,1,0
810,421354,29291,-9600,-19691,0,30607,-10031,-20576,0,0,0,0,1,0
811,421875,27589,-3898,-23692,0,28831,-4073,-24758,0,0,0,0,1,0
812,422395,24828,1953,-26781,0,25947,2041,-27988,0,0,0,0,1,0
813,422916,21113,7728,-28840,0,22066,8077,-30143,0,0,0,0,1,0
814,423437,16587,13205,-29792,0,17337,13802,-31140,0,0,0,0,1,0
815,423958,11424,18173,-29598,0,11942,18997,-30940,0,0,0,0,1,0
816,424479,5824,22443,-28267,0,6088,23462,-29551,0,0,0,0,1,0
817,425000,0,25849,-25849,0,0,27026,-27026,0,0,0,0,1,0
818,425520,-5823,28262,-22439,0,-6088,29551,-23462,0,0,0,0,1,0
819,426041,-11421,29588,-18168,0,-11942,30940,-18997,0,0,0,0,1,0
820,426562,-16579,29777,-13198,0,-17337,31140,-13802,0,0,0,0,1,0
821,427083,-21099,28822,-7723,0,-22066,30143,-8077,0,0,0,0,1,0
822,427604,-24808,26759,-1951,0,-25947,27988,-2041,0,0,0,0,1,0
823,428125,-27563,23669,3894,0,-28831,24758,4073,0,0,0,0,1,0
824,428645,-29258,19669,9589,0,-30607,20576,10031,0,0,0,0,1,0
825,429166,-29829,14915,14915,0,-31207,15603,15603,0,0,0,0,1,0
826,429687,-29254,9588,19666,0,-30607,10031,20576,0,0,0,0,1,0
827,430208,-27554,3893,23661,0,-28831,4073,24758,0,0,0,0,1,0
828,430729,-24796,-1950,26747,0,-25947,-2041,27988,0,0,0,0,1,0
829,431250,-21086,-7718,28804,0,-22066,-8077,30143,0,0,0,0,1,0
830,431770,-16566,-13188,29753,0,-17337,-13802,31140,0,0,0,0,1,0
831,432291,-11410,-18150,29560,0,-11942,-18997,30940,0,0,0,0,1,0
832,432812,-5816,-22414,28230,0,-6088,-23462,29551,0,0,0,0,1,0
833,433333,0,-25816,25816,0,0,-27026,27026,0,0,0,0,1,0
834,433854,5815,-28226,22411,0,6088,-29551,23462,0,0,0,0,1,0
835,434375,11406,-29550,18144,0,11942,-30940,18997,0,0,0,0,1,0
836,434895,16558,-29739,13182,0,17337,-31140,13802,0,0,0,0,1,0
837,435416,21072,-28785,7713,0,22066,-30143,8077,0,0,0,0,1,0
838,435937,24776,-26725,1949,0,25947,-27988,2041,0,0,0,0,1,0
839,436458,27528,-23639,-3889,0,28831,-24758,-4073,0,0,0,0,1,0
840,436979,29221,-19644,-9577,0,30607,-20576,-10031,0,0,0,0,1,0
841,437500,29791,-14896,-14896,0,31207,-15603,-15603,0,0,0,0,1,0
842,438020,29216,-9575,-19641,0,30607,-10031,-20576,0,0,0,0,1,0
843,438541,27519,-3888,-23631,0,28831,-4073,-24758,0,0,0,0,1,0
844,439062,24765,1948,-26713,0,25947,2041,-27988,0,0,0,0,1,0
845,439583,21059,7708,-28767,0,22066,8077,-30143,0,0,0,0,1,0
846,440104,16545,13171,-29716,0,17337,13802,-31140,0,0,0,0,1,0
847,440625,11395,18127,-29522,0,11942,18997,-30940,0,0,0,0,1,0
848,441145,5809,22386,-28194,0,6088,23462,-29551,0,0,0,0,1,0
849,441666,0,25784,-25784,0,0,27026,-27026,0,0,0,0,1,0
850,442187,-5808,28190,-22382,0,-6088,29551,-23462,0,0,0,0,1,0
851,442708,-11392,29513,-18121,0,-11942,30940,-18997,0,0,0,0,1,0
852,443229,-16537,29701,-13165,0,-17337,31140,-13802,0,0,0,0,1,0
853,443750,-21045,28749,-7703,0,-22066,30143,-8077,0,0,0,0,1,0
854,444270,-24745,26691,-1946,0,-25947,27988,-2041,0,0,0,0,1,0
855,444791,-27493,23609,3884,0,-28831,24758,4073,0,0,0,0,1,0
856,445312,-29184,19619,9565,0,-30607,20576,10031,0,0,0,0,1,0
857,445833,-29753,14877,14877,0,-31207,15603,15603,0,0,0,0,1,0
858,446354,-29179,9563,19616,0,-30607,10031,20576,0,0,0,0,1,0
859,446875,-27484,3883,23601,0,-28831,4073,24758,0,0,0,0,1,0
860,447395,-24733,-1945,26679,0,-25947,-2041,27988,0,0,0,0,1,0
861,447916,-21032,-7698,28730,0,-22066,-8077,30143,0,0,0,0,1,0
862,448437,-16523,-13154,29678,0,-17337,-13802,31140,0,0,0,0,1,0
863,448958,-11381,-18104,29485,0,-11942,-18997,30940,0,0,0,0,1,0
864,449479,-5801,-22357,28159,0,-6088,-23462,29551,0,0,0,0,1,0
865,450000,0,-25751,25751,0,0,-27026,27026,0,0,0,0,1,0
866,450520,5800,-28154,22354,0,6088,-29551,23462,0,0,0,0,1,0
867,451041,11377,-29475,18098,0,11942,-30940,18997,0,0,0,0,1,0
868,451562,16516,-29664,13148,0,17337,-31140,13802,0,0,0,0,1,0
869,452083,21019,-28712,7693,0,22066,-30143,8077,0,0,0,0,1,0
870,452604,24713,-26657,1944,0,25947,-27988,2041,0,0,0,0,1,0
871,453125,27458,-23579,-3879,0,28831,-24758,-4073,0,0,0,0,1,0
872,453645,29147,-19594,-9553,0,30607,-20576,-10031,0,0,0,0,1,0
873,454166,29716,-14858,-14858,0,31207,-15603,-15603,0,0,0,0,1,0
874,454687,29142,-9551,-19591,0,30607,-10031,-20576,0,0,0,0,1,0
875,455208,27449,-3878,-23571,0,28831,-4073,-24758,0,0,0,0,1,0
876,455729,24702,1943,-26645,0,25947,2041,-27988,0,0,0,0,1,0
877,456250,21005,7689,-28694,0,22066,8077,-30143,0,0,0,0,1,0
878,456770,16503,13138,-29640,0,17337,13802,-31140,0,0,0,0,1,0
879,457291,11366,18081,-29447,0,11942,18997,-30940,0,0,0,0,1,0
880,457812,5794,22329,-28123,0,6088,23462,-29551,0,0,0,0,1,0
881,458333,0,25718,-25718,0,0,27026,-27026,0,0,0,0,1,0
882,458854,-5793,28118,-22325,0,-6088,29551,-23462,0,0,0,0,1,0
883,459375,-11363,29438,-18075,0,-11942,30940,-18997,0,0,0,0,1,0
884,459895,-16495,29626,-13131,0,-17337,31140,-13802,0,0,0,0,1,0
885,460416,-20992,28676,-7684,0,-22066,30143,-8077,0,0,0,0,1,0
886,460937,-24682,26624,-1941,0,-25947,27988,-2041,0,0,0,0,1,0
887,461458,-27423,23549,3874,0,-28831,24758,4073,0,0,0,0,1,0
888,461979,-29110,19570,9540,0,-30607,20576,10031,0,0,0,0,1,0
889,462500,-29678,14839,14839,0,-31207,15603,15603,0,0,0,0,1,0
890,463020,-29105,9539,19566,0,-30607,10031,20576,0,0,0,0,1,0
891,463541,-27414,3873,23541,0,-28831,4073,24758,0,0,0,0,1,0
892,464062,-24670,-1941,26611,0,-25947,-2041,27988,0,0,0,0,1,0
893,464583,-20979,-7679,28658,0,-22066,-8077,30143,0,0,0,0,1,0
894,465104,-16482,-13121,29603,0,-17337,-13802,31140,0,0,0,0,1,0
895,465625,-11352,-18058,29410,0,-11942,-18997,30940,0,0,0,0,1,0
896,466145,-5787,-22301,28087,0,-6088,-23462,29551,0,0,0,0,1,0
897,466666,0,-25686,25686,0,0,-27026,27026,0,0,0,0,1,0
898,467187,5786,-28083,22297,0,6088,-29551,23462,0,0,0,0,1,0
899,467708,11348,-29401,18052,0,11942,-30940,18997,0,0,0,0,1,0
900,468229,16474,-29589,13115,0,17337,-31140,13802,0,0,0,0,1,0
901,468750,20966,-28639,7674,0,22066,-30143,8077,0,0,0,0,1,0
902,469270,24651,-26590,1939,0,25947,-27988,2041,0,0,0,0,1,0
903,469791,27388,-23519,-3869,0,28831,-24758,-4073,0,0,0,0,1,0
904,470312,29073,-19545,-9528,0,30607,-20576,-10031,0,0,0,0,1,0
905,470833,29640,-14820,-14820,0,31207,-15603,-15603,0,0,0,0,1,0
906,471354,29069,-9527,-19542,0,30607,-10031,-20576,0,0,0,0,1,0
907,471875,27380,-3868,-23512,0,28831,-4073,-24758,0,0,0,0,1,0
908,472395,24639,1938,-26577,0,25947,2041,-27988,0,0,0,0,1,0
909,472916,20952,7669,-28621,0,22066,8077,-30143,0,0,0,0,1,0
910,473437,16461,13104,-29565,0,17337,13802,-31140,0,0,0,0,1,0
911,473958,11338,18035,-29373,0,11942,18997,-30940,0,0,0,0,1,0
912,474479,5779,22273,-28052,0,6088,23462,-29551,0,0,0,0,1,0
913,475000,0,25653,-25653,0,0,27026,-27026,0,0,0,0,1,0
914,475520,-5778,28047,-22269,0,-6088,29551,-23462,0,0,0,0,1,0
915,476041,-11334,29364,-18030,0,-11942,30940,-18997,0,0,0,0,1,0
916,476562,-16453,29551,-13098,0,-17337,31140,-13802,0,0,0,0,1,0
917,477083,-20939,28603,-7664,0,-22066,30143,-8077,0,0,0,0,1,0
918,477604,-24620,26556,-1937,0,-25947,27988,-2041,0,0,0,0,1,0
919,478125,-27354,23489,3865,0,-28831,24758,4073,0,0,0,0,1,0
920,478645,-29037,19520,9516,0,-30607,20576,10031,0,0,0,0,1,0
921,479166,-29603,14802,14802,0,-31207,15603,15603,0,0,0,0,1,0
922,479687,-29032,9515,19517,0,-30607,10031,20576,0,0,0,0,1,0
923,480208,-27345,3863,23482,0,-28831,4073,24758,0,0,0,0,1,0
924,480729,-24608,-1936,26544,0,-25947,-2041,27988,0,0,0,0,1,0
925,481250,-20926,-7659,28585,0,-22066,-8077,30143,0,0,0,0,1,0
926,481770,-16440,-13088,29528,0,-17337,-13802,31140,0,0,0,0,1,0
927,482291,-11323,-18013,29336,0,-11942,-18997,30940,0,0,0,0,1,0
928,482812,-5772,-22244,28017,0,-6088,-23462,29551,0,0,0,0,1,0
929,483333,0,-25621,25621,0,0,-27026,27026,0,0,0,0,1,0
930,483854,5771,-28012,22241,0,6088,-29551,23462,0,0,0,0,1,0
931,484375,11320,-29327,18007,0,11942,-30940,18997,0,0,0,0,1,0
932,484895,16432,-29514,13082,0,17337,-31140,13802,0,0,0,0,1,0
933,485416,20913,-28567,7655,0,22066,-30143,8077,0,0,0,0,1,0
934,485937,24589,-26523,1934,0,25947,-27988,2041,0,0,0,0,1,0
935,486458,27320,-23460,-3860,0,28831,-24758,-4073,0,0,0,0,1,0
936,486979,29000,-19496,-9504,0,30607,-20576,-10031,0,0,0,0,1,0
937,487500,29566,-14783,-14783,0,31207,-15603,-15603,0,0,0,0,1,0
938,488020,28995,-9503,-19493,0,30607,-10031,-20576,0,0,0,0,1,0
939,488541,27311,-3859,-23452,0,28831,-4073,-24758,0,0,0,0,1,0
940,489062,24577,1933,-26511,0,25947,2041,-27988,0,0,0,0,1,0
941,489583,20900,7650,-28549,0,22066,8077,-30143,0,0,0,0,1,0
942,490104,16419,13071,-29491,0,17337,13802,-31140,0,0,0,0,1,0
943,490625,11309,17990,-29299,0,11942,18997,-30940,0,0,0,0,1,0
944,491145,5765,22217,-27981,0,6088,23462,-29551,0,0,0,0,1,0
945,491666,0,25589,-25589,0,0,27026,-27026,0,0,0,0,1,0
946,492187,-5764,27977,-22213,0,-6088,29551,-23462,0,0,0,0,1,0
947,492708,-11305,29290,-17984,0,-11942,30940,-18997,0,0,0,0,1,0
948,493229,-16412,29477,-13065,0,-17337,31140,-13802,0,0,0,0,1,0
949,493750,-20886,28531,-7645,0,-22066,30143,-8077,0,0,0,0,1,0
950,494270,-24558,26490,-1932,0,-25947,27988,-2041,0,0,0,0,1,0
951,494791,-27285,23430,3855,0,-28831,24758,4073,0,0,0,0,1,0
952,495312,-28964,19471,9492,0,-30607,20576,10031,0,0,0,0,1,0
953,495833,-29529,14764,14764,0,-31207,15603,15603,0,0,0,0,1,0
954,496354,-28959,9491,19468,0,-30607,10031,20576,0,0,0,0,1,0
955,496875,-27277,3854,23423,0,-28831,4073,24758,0,0,0,0,1,0
956,497395,-24546,-1931,26477,0,-25947,-2041,27988,0,0,0,0,1,0
957,497916,-20873,-7640,28514,0,-22066,-8077,30143,0,0,0,0,1,0
958,498437,-16399,-13055,29454,0,-17337,-13802,31140,0,0,0,0,1,0
959,498958,-11295,-17967,29262,0,-11942,-18997,30940,0,0,0,0,1,0
960,499479,-5758,-22189,27946,0,-6088,-23462,29551,0,0,0,0,1,0
961,500000,0,-25557,25557,0,0,-27026,27026,0,0,0,0,1,0
962,500520,5757,-27942,22185,0,6088,-29551,23462,0,0,0,0,1,0
963,501041,11291,-29253,17962,0,11942,-30940,18997,0,0,0,0,1,0
964,501562,16391,-29440,13049,0,17337,-31140,13802,0,0,0,0,1,0
965,502083,20860,-28496,7635,0,22066,-30143,8077,0,0,0,0,1,0
966,502604,24527,-26457,1929,0,25947,-27988,2041,0,0,0,0,1,0
967,503125,27251,-23401,-3850,0,28831,-24758,-4073,0,0,0,0,1,0
968,503645,28927,-19447,-9481,0,30607,-20576,-10031,0,0,0,0,1,0
969,504166,29492,-14746,-14746,0,31207,-15603,-15603,0,0,0,0,1,0
970,504687,28923,-9479,-19444,0,30607,-10031,-20576,0,0,0,0,1,0
971,505208,27243,-3849,-23394,0,28831,-4073,-24758,0,0,0,0,1,0
972,505729,24516,1928,-26444,0,25947,2041,-27988,0,0,0,0,1,0
973,506250,20847,7631,-28478,0,22066,8077,-30143,0,0,0,0,1,0
974,506770,16378,13039,-29417,0,17337,13802,-31140,0,0,0,0,1,0
975,507291,11281,17945,-29226,0,11942,18997,-30940,0,0,0,0,1,0
976,507812,5750,22161,-27911,0,6088,23462,-29551,0,0,0,0,1,0
977,508333,0,25525,-25525,0,0,27026,-27026,0,0,0,0,1,0
978,508854,-5750,27907,-22157,0,-6088,29551,-23462,0,0,0,0,1,0
979,509375,-11277,29217,-17939,0,-11942,30940,-18997,0,0,0,0,1,0
980,509895,-16371,29403,-13033,0,-17337,31140,-13802,0,0,0,0,1,0
981,510416,-20834,28460,-7626,0,-22066,30143,-8077,0,0,0,0,1,0
982,510937,-24497,26423,-1927,0,-25947,27988,-2041,0,0,0,0,1,0
983,511458,-27217,23372,3845,0,-28831,24758,4073,0,0,0,0,1,0
984,511979,-28891,19422,9469,0,-30607,20576,10031,0,0,0,0,1,0
985,512499,-29455,14727,14727,0,-31207,15603,15603,0,0,0,0,1,0
986,513020,-28887,9467,19419,0,-30607,10031,20576,0,0,0,0,1,0
987,513541,-27209,3844,23364,0,-28831,4073,24758,0,0,0,0,1,0
988,514062,-24485,-1926,26411,0,-25947,-2041,27988,0,0,0,0,1,0
989,514583,-20821,-7621,28442,0,-22066,-8077,30143,0,0,0,0,1,0
990,515104,-16358,-13022,29380,0,-17337,-13802,31140,0,0,0,0,1,0
991,515625,-11267,-17923,29189,0,-11942,-18997,30940,0,0,0,0,1,0
992,516145,-5743,-22133,27877,0,-6088,-23462,29551,0,0,0,0,1,0
993,516666,0,-25493,25493,0,0,-27026,27026,0,0,0,0,1,0
994,517187,5742,-27872,22130,0,6088,-29551,23462,0,0,0,0,1,0
995,517708,11263,-29180,17917,0,11942,-30940,18997,0,0,0,0,1,0
996,518229,16350,-29367,13016,0,17337,-31140,13802,0,0,0,0,1,0
997,518750,20808,-28425,7616,0,22066,-30143,8077,0,0,0,0,1,0
998,519270,24466,-26391,1924,0,25947,-27988,2041,0,0,0,0,1,0
999,519791,27183,-23343,-3840,0,28831,-24758,-4073,0,0,0,0,1,0
1000,520312,28855,-19398,-9457,0,30607,-20576,-10031,0,0,0,0,1,0
1001,520833,29418,-14709,-14709,0,31207,-15603,-15603,0,0,0,0,1,0
1002,521354,28851,-9455,-19395,0,30607,-10031,-20576,0,0,0,0,1,0
1003,521875,27175,-3839,-23335,0,28831,-4073,-24758,0,0,0,0,1,0
1004,522395,24455,1924,-26378,0,25947,2041,-27988,0,0,0,0,1,0
1005,522916,20795,7612,-28407,0,22066,8077,-30143,0,0,0,0,1,0
1006,523437,16338,13006,-29344,0,17337,13802,-31140,0,0,0,0,1,0
1007,523958,11253,17900,-29153,0,11942,18997,-30940,0,0,0,0,1,0
1008,524479,5736,22106,-27842,0,6088,23462,-29551,0,0,0,0,1,0
1009,525000,0,25461,-25461,0,0,27026,-27026,0,0,0,0,1,0
1010,525520,-5735,27837,-22102,0,-6088,29551,-23462,0,0,0,0,1,0
1011,526041,-11249,29144,-17895,0,-11942,30940,-18997,0,0,0,0,1,0
1012,526562,-16330,29330,-13000,0,-17337,31140,-13802,0,0,0,0,1,0
1013,527083,-20782,28389,-7607,0,-22066,30143,-8077,0,0,0,0,1,0
1014,527604,-24436,26358,-1922,0,-25947,27988,-2041,0,0,0,0,1,0
1015,528125,-27149,23314,3836,0,-28831,24758,4073,0,0,0,0,1,0
1016,528645,-28819,19374,9445,0,-30607,20576,10031,0,0,0,0,1,0
1017,529166,-29382,14691,14691,0,-31207,15603,15603,0,0,0,0,1,0
1018,529687,-28815,9444,19371,0,-30607,10031,20576,0,0,0,0,1,0
1019,530208,-27141,3834,23306,0,-28831,4073,24758,0,0,0,0,1,0
1020,530729,-24424,-1921,26345,0,-25947,-2041,27988,0,0,0,0,1,0
1021,531250,-20769,-7602,28372,0,-22066,-8077,30143,0,0,0,0,1,0
1022,531770,-16317,-12990,29307,0,-17337,-13802,31140,0,0,0,0,1,0
1023,532291,-11239,-17878,29117,0,-11942,-18997,30940,0,0,0,0,1,0
1024,532812,-5729,-22078,27807,0,-6088,-23462,29551,0,0,0,0,1,0
1025,533333,0,-25429,25429,0,0,-27026,27026,0,0,0,0,1,0
1026,533854,5728,-27803,22075,0,6088,-29551,23462,0,0,0,0,1,0
1027,534375,11235,-29108,17873,0,11942,-30940,18997,0,0,0,0,1,0
1028,534895,16310,-29294,12984,0,17337,-31140,13802,0,0,0,0,1,0
1029,535416,20757,-28354,7597,0,22066,-30143,8077,0,0,0,0,1,0
1030,535937,24405,-26325,1920,0,25947,-27988,2041,0,0,0,0,1,0
1031,536458,27116,-23285,-3831,0,28831,-24758,-4073,0,0,0,0,1,0
1032,536979,28784,-19350,-9433,0,30607,-20576,-10031,0,0,0,0,1,0
1033,537500,29345,-14673,-14673,0,31207,-15603,-15603,0,0,0,0,1,0
1034,538020,28779,-9432,-19347,0,30607,-10031,-20576,0,0,0,0,1,0
1035,538541,27107,-3830,-23277,0,28831,-4073,-24758,0,0,0,0,1,0
1036,539062,24394,1919,-26313,0,25947,2041,-27988,0,0,0,0,1,0
1037,539583,20744,7593,-28336,0,22066,8077,-30143,0,0,0,0,1,0
1038,540104,16297,12974,-29271,0,17337,13802,-31140,0,0,0,0,1,0
1039,540625,11225,17856,-29081,0,11942,18997,-30940,0,0,0,0,1,0
1040,541145,5722,22051,-27773,0,6088,23462,-29551,0,0,0,0,1,0
1041,541666,0,25398,-25398,0,0,27026,-27026,0,0,0,0,1,0
1042,542187,-5721,27768,-22048,0,-6088,29551,-23462,0,0,0,0,1,0
1043,542708,-11221,29072,-17850,0,-11942,30940,-18997,0,0,0,0,1,0
1044,543229,-16289,29257,-12968,0,-17337,31140,-13802,0,0,0,0,1,0
1045,543750,-20731,28319,-7588,0,-22066,30143,-8077,0,0,0,0,1,0
1046,544270,-24375,26292,-1917,0,-25947,27988,-2041,0,0,0,0,1,0
1047,544791,-27082,23256,3826,0,-28831,24758,4073,0,0,0,0,1,0
1048,545312,-28748,19326,9422,0,-30607,20576,10031,0,0,0,0,1,0
1049,545833,-29309,14654,14654,0,-31207,15603,15603,0,0,0,0,1,0
1050,546354,-28743,9420,19323,0,-30607,10031,20576,0,0,0,0,1,0
1051,546875,-27074,3825,23249,0,-28831,4073,24758,0,0,0,0,1,0
1052,547395,-24364,-1916,26280,0,-25947,-2041,27988,0,0,0,0,1,0
1053,547916,-20718,-7583,28301,0,-22066,-8077,30143,0,0,0,0,1,0
1054,548437,-16277,-12958,29235,0,-17337,-13802,31140,0,0,0,0,1,0
1055,548958,-11211,-17834,29045,0,-11942,-18997,30940,0,0,0,0,1,0
1056,549479,-5715,-22024,27738,0,-6088,-23462,29551,0,0,0,0,1,0
1057,550000,0,-25367,25367,0,0,-27026,27026,0,0,0,0,1,0
1058,550520,5714,-27734,22020,0,6088,-29551,23462,0,0,0,0,1,0
1059,551041,11207,-29036,17828,0,11942,-30940,18997,0,0,0,0,1,0
1060,551562,16269,-29221,12952,0,17337,-31140,13802,0,0,0,0,1,0
1061,552083,20705,-28284,7579,0,22066,-30143,8077,0,0,0,0,1,0
1062,552604,24345,-26260,1915,0,25947,-27988,2041,0,0,0,0,1,0
1063,553125,27049,-23227,-3821,0,28831,-24758,-4073,0,0,0,0,1,0
1064,553645,28712,-19302,-9410,0,30607,-20576,-10031,0,0,0,0,1,0
1065,554166,29273,-14636,-14636,0,31207,-15603,-15603,0,0,0,0,1,0
1066,554687,28708,-9409,-19299,0,30607,-10031,-20576,0,0,0,0,1,0
1067,555208,27040,-3820,-23220,0,28831,-4073,-24758,0,0,0,0,1,0
1068,555729,24334,1914,-26248,0,25947,2041,-27988,0,0,0,0,1,0
1069,556250,20693,7574,-28267,0,22066,8077,-30143,0,0,0,0,1,0
1070,556770,16257,12942,-29199,0,17337,13802,-31140,0,0,0,0,1,0
1071,557291,11197,17812,-29009,0,11942,18997,-30940,0,0,0,0,1,0
1072,557812,5708,21996,-27704,0,6088,23462,-29551,0,0,0,0,1,0
1073,558333,0,25335,-25335,0,0,27026,-27026,0,0,0,0,1,0
1074,558854,-5707,27700,-21993,0,-6088,29551,-23462,0,0,0,0,1,0
1075,559375,-11194,29000,-17806,0,-11942,30940,-18997,0,0,0,0,1,0
1076,559895,-16249,29185,-12936,0,-17337,31140,-13802,0,0,0,0,1,0
1077,560416,-20680,28249,-7569,0,-22066,30143,-8077,0,0,0,0,1,0
1078,560937,-24315,26228,-1913,0,-25947,27988,-2041,0,0,0,0,1,0
1079,561458,-27015,23199,3817,0,-28831,24758,4073,0,0,0,0,1,0
1080,561979,-28677,19279,9399,0,-30607,20576,10031,0,0,0,0,1,0
1081,562500,-29237,14618,14618,0,-31207,15603,15603,0,0,0,0,1,0
1082,563020,-28673,9397,19276,0,-30607,10031,20576,0,0,0,0,1,0
1083,563541,-27007,3816,23191,0,-28831,4073,24758,0,0,0,0,1,0
1084,564062,-24304,-1912,26215,0,-25947,-2041,27988,0,0,0,0,1,0
1085,564583,-20667,-7565,28232,0,-22066,-8077,30143,0,0,0,0,1,0
1086,565104,-16237,-12926,29163,0,-17337,-13802,31140,0,0,0,0,1,0
1087,565625,-11183,-17790,28973,0,-11942,-18997,30940,0,0,0,0,1,0
1088,566145,-5701,-21969,27670,0,-6088,-23462,29551,0,0,0,0,1,0
1089,566666,0,-25304,25304,0,0,-27026,27026,0,0,0,0,1,0
1090,567187,5700,-27666,21966,0,6088,-29551,23462,0,0,0,0,1,0
1091,567708,11180,-28964,17784,0,11942,-30940,18997,0,0,0,0,1,0
1092,568229,16229,-29149,12920,0,17337,-31140,13802,0,0,0,0,1,0
1093,568750,20654,-28214,7560,0,22066,-30143,8077,0,0,0,0,1,0
1094,569270,24285,-26195,1910,0,25947,-27988,2041,0,0,0,0,1,0
1095,569791,26982,-23170,-3812,0,28831,-24758,-4073,0,0,0,0,1,0
1096,570312,28642,-19255,-9387,0,30607,-20576,-10031,0,0,0,0,1,0
1097,570833,29201,-14600,-14600,0,31207,-15603,-15603,0,0,0,0,1,0
1098,571354,28637,-9386,-19252,0,30607,-10031,-20576,0,0,0,0,1,0
1099,571875,26974,-3811,-23163,0,28831,-4073,-24758,0,0,0,0,1,0
1100,572395,24274,1909,-26183,0,25947,2041,-27988,0,0,0,0,1,0
1101,572916,20642,7555,-28197,0,22066,8077,-30143,0,0,0,0,1,0
1102,573437,16217,12910,-29127,0,17337,13802,-31140,0,0,0,0,1,0
1103,573958,11169,17768,-28938,0,11942,18997,-30940,0,0,0,0,1,0
1104,574479,5694,21942,-27636,0,6088,23462,-29551,0,0,0,0,1,0
1105,575000,0,25273,-25273,0,0,27026,-27026,0,0,0,0,1,0
1106,575520,-5693,27632,-21939,0,-6088,29551,-23462,0,0,0,0,1,0
1107,576041,-11166,28929,-17763,0,-11942,30940,-18997,0,0,0,0,1,0
1108,576562,-16209,29114,-12904,0,-17337,31140,-13802,0,0,0,0,1,0
1109,577083,-20629,28180,-7551,0,-22066,30143,-8077,0,0,0,0,1,0
1110,577604,-24255,26163,-1908,0,-25947,27988,-2041,0,0,0,0,1,0
1111,578125,-26949,23142,3807,0,-28831,24758,4073,0,0,0,0,1,0
1112,578645,-28607,19231,9375,0,-30607,20576,10031,0,0,0,0,1,0
1113,579166,-29165,14582,14582,0,-31207,15603,15603,0,0,0,0,1,0
1114,579687,-28602,9374,19228,0,-30607,10031,20576,0,0,0,0,1,0
1115,580208,-26941,3806,23135,0,-28831,4073,24758,0,0,0,0,1,0
1116,580729,-24244,-1907,26151,0,-25947,-2041,27988,0,0,0,0,1,0
1117,581250,-20616,-7546,28163,0,-22066,-8077,30143,0,0,0,0,1,0
1118,581770,-16197,-12894,29091,0,-17337,-13802,31140,0,0,0,0,1,0
1119,582291,-11156,-17746,28902,0,-11942,-18997,30940,0,0,0,0,1,0
1120,582812,-5687,-21916,27602,0,-6088,-23462,29551,0,0,0,0,1,0
1121,583333,0,-25242,25242,0,0,-27026,27026,0,0,0,0,1,0
1122,583854,5686,-27598,21912,0,6088,-29551,23462,0,0,0,0,1,0
1123,584375,11152,-28893,17741,0,11942,-30940,18997,0,0,0,0,1,0
1124,584895,16190,-29078,12888,0,17337,-31140,13802,0,0,0,0,1,0
1125,585416,20604,-28145,7542,0,22066,-30143,8077,0,0,0,0,1,0
1126,585937,24226,-26131,1906,0,25947,-27988,2041,0,0,0,0,1,0
1127,586458,26916,-23113,-3803,0,28831,-24758,-4073,0,0,0,0,1,0
1128,586979,28572,-19208,-9364,0,30607,-20576,-10031,0,0,0,0,1,0
1129,587500,29129,-14565,-14565,0,31207,-15603,-15603,0,0,0,0,1,0
1130,588020,28567,-9363,-19205,0,30607,-10031,-20576,0,0,0,0,1,0
1131,588541,26908,-3802,-23106,0,28831,-4073,-24758,0,0,0,0,1,0
1132,589062,24215,1905,-26119,0,25947,2041,-27988,0,0,0,0,1,0
1133,589583,20591,7537,-28128,0,22066,8077,-30143,0,0,0,0,1,0
1134,590104,16177,12879,-29056,0,17337,13802,-31140,0,0,0,0,1,0
1135,590625,11142,17725,-28867,0,11942,18997,-30940,0,0,0,0,1,0
1136,591145,5680,21889,-27569,0,6088,23462,-29551,0,0,0,0,1,0
1137,591666,0,25211,-25211,0,0,27026,-27026,0,0,0,0,1,0
1138,592187,-5679,27564,-21885,0,-6088,29551,-23462,0,0,0,0,1,0
1139,592708,-11139,28858,-17719,0,-11942,30940,-18997,0,0,0,0,1,0
1140,593229,-16170,29042,-12873,0,-17337,31140,-13802,0,0,0,0,1,0
1141,593750,-20579,28111,-7532,0,-22066,30143,-8077,0,0,0,0,1,0
1142,594270,-24196,26099,-1903,0,-25947,27988,-2041,0,0,0,0,1,0
1143,594791,-26883,23085,3798,0,-28831,24758,4073,0,0,0,0,1,0
1144,595312,-28537,19184,9353,0,-30607,20576,10031,0,0,0,0,1,0
1145,595833,-29094,14547,14547,0,-31207,15603,15603,0,0,0,0,1,0
1146,596354,-28532,9351,19181,0,-30607,10031,20576,0,0,0,0,1,0
1147,596875,-26875,3797,23078,0,-28831,4073,24758,0,0,0,0,1,0
1148,597395,-24185,-1902,26087,0,-25947,-2041,27988,0,0,0,0,1,0
1149,597916,-20566,-7528,28094,0,-22066,-8077,30143,0,0,0,0,1,0
1150,598437,-16157,-12863,29020,0,-17337,-13802,31140,0,0,0,0,1,0
1151,598958,-11129,-17703,28832,0,-11942,-18997,30940,0,0,0,0,1,0
1152,599479,-5673,-21862,27535,0,-6088,-23462,29551,0,0,0,0,1,0
1153,600000,0,-25181,25181,0,0,-27026,27026,0,0,0,0,1,0
1154,600520,5672,-27531,21859,0,6088,-29551,23462,0,0,0,0,1,0
1155,601041,11125,-28823,17698,0,11942,-30940,18997,0,0,0,0,1,0
1156,601562,16150,-29007,12857,0,17337,-31140,13802,0,0,0,0,1,0
1157,602083,20554,-28077,7523,0,22066,-30143,8077,0,0,0,0,1,0
1158,602604,24167,-26068,1901,0,25947,-27988,2041,0,0,0,0,1,0
1159,603125,26850,-23057,-3793,0,28831,-24758,-4073,0,0,0,0,1,0
1160,603645,28502,-19161,-9341,0,30607,-20576,-10031,0,0,0,0,1,0
1161,604166,29058,-14529,-14529,0,31207,-15603,-15603,0,0,0,0,1,0
1162,604687,28498,-9340,-19158,0,30607,-10031,-20576,0,0,0,0,1,0
1163,605208,26842,-3792,-23050,0,28831,-4073,-24758,0,0,0,0,1,0
1164,605729,24156,1900,-26056,0,25947,2041,-27988,0,0,0,0,1,0
1165,606250,20541,7519,-28060,0,22066,8077,-30143,0,0,0,0,1,0
1166,606770,16138,12847,-28985,0,17337,13802,-31140,0,0,0,0,1,0
1167,607291,11115,17681,-28797,0,11942,18997,-30940,0,0,0,0,1,0
1168,607812,5666,21836,-27502,0,6088,23462,-29551,0,0,0,0,1,0
1169,608333,0,25150,-25150,0,0,27026,-27026,0,0,0,0,1,0
1170,608854,-5665,27497,-21832,0,-6088,29551,-23462,0,0,0,0,1,0
1171,609375,-11112,28788,-17676,0,-11942,30940,-18997,0,0,0,0,1,0
1172,609895,-16130,28972,-12841,0,-17337,31140,-13802,0,0,0,0,1,0
1173,610416,-20529,28043,-7514,0,-22066,30143,-8077,0,0,0,0,1,0
1174,610937,-24137,26036,-1899,0,-25947,27988,-2041,0,0,0,0,1,0
1175,611458,-26818,23029,3789,0,-28831,24758,4073,0,0,0,0,1,0
1176,611979,-28467,19138,9330,0,-30607,20576,10031,0,0,0,0,1,0
1177,612500,-29023,14511,14511,0,-31207,15603,15603,0,0,0,0,1,0
1178,613020,-28463,9328,19135,0,-30607,10031,20576,0,0,0,0,1,0
1179,613541,-26810,3788,23022,0,-28831,4073,24758,0,0,0,0,1,0
1180,614062,-24126,-1898,26024,0,-25947,-2041,27988,0,0,0,0,1,0
1181,614583,-20516,-7509,28026,0,-22066,-8077,30143,0,0,0,0,1,0
1182,615104,-16118,-12832,28950,0,-17337,-13802,31140,0,0,0,0,1,0
1183,615625,-11102,-17660,28762,0,-11942,-18997,30940,0,0,0,0,1,0
1184,616145,-5659,-21809,27468,0,-6088,-23462,29551,0,0,0,0,1,0
1185,616666,0,-25119,25119,0,0,-27026,27026,0,0,0,0,1,0
1186,617187,5658,-27464,21806,0,6088,-29551,23462,0,0,0,0,1,0
1187,617708,11098,-28753,17655,0,11942,-30940,18997,0,0,0,0,1,0
1188,618229,16111,-28937,12826,0,17337,-31140,13802,0,0,0,0,1,0
1189,618750,20504,-28009,7505,0,22066,-30143,8077,0,0,0,0,1,0
1190,619270,24108,-26004,1896,0,25947,-27988,2041,0,0,0,0,1,0
1191,619791,26785,-23001,-3784,0,28831,-24758,-4073,0,0,0,0,1,0
1192,620312,28433,-19114,-9319,0,30607,-20576,-10031,0,0,0,0,1,0
1193,620833,28988,-14494,-14494,0,31207,-15603,-15603,0,0,0,0,1,0
1194,621354,28429,-9317,-19112,0,30607,-10031,-20576,0,0,0,0,1,0
1195,621875,26777,-3783,-22994,0,28831,-4073,-24758,0,0,0,0,1,0
1196,622395,24097,1895,-25992,0,25947,2041,-27988,0,0,0,0,1,0
1197,622916,20491,7500,-27992,0,22066,8077,-30143,0,0,0,0,1,0
1198,623437,16099,12816,-28915,0,17337,13802,-31140,0,0,0,0,1,0
1199,623958,11088,17639,-28727,0,11942,18997,-30940,0,0,0,0,1,0
1200,624479,5652,21783,-27435,0,6088,23462,-29551,0,0,0,0,1,0
1201,625000,0,25089,-25089,0,0,27026,-27026,0,0,0,0,1,0
1202,625520,-5651,27431,-21779,0,-6088,29551,-23462,0,0,0,0,1,0
1203,626041,-11085,28718,-17633,0,-11942,30940,-18997,0,0,0,0,1,0
1204,626562,-16091,28902,-12810,0,-17337,31140,-13802,0,0,0,0,1,0
1205,627083,-20479,27975,-7496,0,-22066,30143,-8077,0,0,0,0,1,0
1206,627604,-24079,25973,-1894,0,-25947,27988,-2041,0,0,0,0,1,0
1207,628125,-26753,22973,3780,0,-28831,24758,4073,0,0,0,0,1,0
1208,628645,-28399,19091,9307,0,-30607,20576,10031,0,0,0,0,1,0
1209,629166,-28953,14476,14476,0,-31207,15603,15603,0,0,0,0,1,0
1210,629687,-28394,9306,19088,0,-30607,10031,20576,0,0,0,0,1,0
1211,630208,-26745,3779,22966,0,-28831,4073,24758,0,0,0,0,1,0
1212,630729,-24068,-1893,25961,0,-25947,-2041,27988,0,0,0,0,1,0
1213,631250,-20467,-7491,27958,0,-22066,-8077,30143,0,0,0,0,1,0
1214,631770,-16079,-12801,28880,0,-17337,-13802,31140,0,0,0,0,1,0
1215,632291,-11075,-17617,28692,0,-11942,-18997,30940,0,0,0,0,1,0
1216,632812,-5645,-21756,27402,0,-6088,-23462,29551,0,0,0,0,1,0
1217,633333,0,-25059,25059,0,0,-27026,27026,0,0,0,0,1,0
1218,633854,5645,-27398,21753,0,6088,-29551,23462,0,0,0,0,1,0
1219,634375,11071,-28683,17612,0,11942,-30940,18997,0,0,0,0,1,0
1220,634895,16072,-28867,12795,0,17337,-31140,13802,0,0,0,0,1,0
1221,635416,20454,-27941,7487,0,22066,-30143,8077,0,0,0,0,1,0
1222,635937,24050,-25942,1892,0,25947,-27988,2041,0,0,0,0,1,0
1223,636458,26721,-22946,-3775,0,28831,-24758,-4073,0,0,0,0,1,0
1224,636979,28364,-19068,-9296,0,30607,-20576,-10031,0,0,0,0,1,0
1225,637500,28918,-14459,-14459,0,31207,-15603,-15603,0,0,0,0,1,0
1226,638020,28360,-9295,-19065,0,30607,-10031,-20576,0,0,0,0,1,0
1227,638541,26713,-3774,-22939,0,28831,-4073,-24758,0,0,0,0,1,0
1228,639062,24039,1891,-25930,0,25947,2041,-27988,0,0,0,0,1,0
1229,639583,20442,7482,-27924,0,22066,8077,-30143,0,0,0,0,1,0
1230,640104,16060,12785,-28845,0,17337,13802,-31140,0,0,0,0,1,0
1231,640625,11061,17596,-28658,0,11942,18997,-30940,0,0,0,0,1,0
1232,641145,5639,21730,-27369,0,6088,23462,-29551,0,0,0,0,1,0
1233,641666,0,25029,-25029,0,0,27026,-27026,0,0,0,0,1,0
1234,642187,-5638,27365,-21727,0,-6088,29551,-23462,0,0,0,0,1,0
1235,642708,-11058,28649,-17591,0,-11942,30940,-18997,0,0,0,0,1,0
1236,643229,-16053,28832,-12779,0,-17337,31140,-13802,0,0,0,0,1,0
1237,643750,-20430,27907,-7478,0,-22066,30143,-8077,0,0,0,0,1,0
1238,644270,-24021,25910,-1889,0,-25947,27988,-2041,0,0,0,0,1,0
1239,644791,-26688,22918,3771,0,-28831,24758,4073,0,0,0,0,1,0
1240,645312,-28330,19045,9285,0,-30607,20576,10031,0,0,0,0,1,0
1241,645833,-28883,14442,14442,0,-31207,15603,15603,0,0,0,0,1,0
1242,646354,-28326,9283,19043,0,-30607,10031,20576,0,0,0,0,1,0
1243,646875,-26680,3769,22911,0,-28831,4073,24758,0,0,0,0,1,0
1244,647395,-24010,-1889,25899,0,-25947,-2041,27988,0,0,0,0,1,0
1245,647916,-20417,-7473,27891,0,-22066,-8077,30143,0,0,0,0,1,0
1246,648437,-16041,-12770,28810,0,-17337,-13802,31140,0,0,0,0,1,0
1247,648958,-11048,-17575,28623,0,-11942,-18997,30940,0,0,0,0,1,0
1248,649479,-5632,-21704,27336,0,-6088,-23462,29551,0,0,0,0,1,0
1249,650000,0,-24998,24998,0,0,-27026,27026,0,0,0,0,1,0
1250,650520,5631,-27332,21701,0,6088,-29551,23462,0,0,0,0,1,0
1251,651041,11045,-28614,17570,0,11942,-30940,18997,0,0,0,0,1,0
1252,651562,16033,-28797,12764,0,17337,-31140,13802,0,0,0,0,1,0
1253,652083,20405,-27874,7469,0,22066,-30143,8077,0,0,0,0,1,0
1254,652604,23992,-25879,1887,0,25947,-27988,2041,0,0,0,0,1,0
1255,653125,26656,-22890,-3766,0,28831,-24758,-4073,0,0,0,0,1,0
1256,653645,28296,-19023,-9274,0,30607,-20576,-10031,0,0,0,0,1,0
1257,654166,28848,-14424,-14424,0,31207,-15603,-15603,0,0,0,0,1,0
1258,654687,28292,-9272,-19020,0,30607,-10031,-20576,0,0,0,0,1,0
1259,655208,26648,-3765,-22884,0,28831,-4073,-24758,0,0,0,0,1,0
1260,655729,23981,1886,-25868,0,25947,2041,-27988,0,0,0,0,1,0
1261,656250,20393,7464,-27857,0,22066,8077,-30143,0,0,0,0,1,0
1262,656770,16021,12755,-28776,0,17337,13802,-31140,0,0,0,0,1,0
1263,657291,11035,17554,-28589,0,11942,18997,-30940,0,0,0,0,1,0
1264,657812,5625,21678,-27303,0,6088,23462,-29551,0,0,0,0,1,0
1265,658333,0,24968,-24968,0,0,27026,-27026,0,0,0,0,1,0
1266,658854,-5624,27299,-21675,0,-6088,29551,-23462,0,0,0,0,1,0
1267,659375,-11032,28580,-17549,0,-11942,30940,-18997,0,0,0,0,1,0
1268,659895,-16014,28763,-12749,0,-17337,31140,-13802,0,0,0,0,1,0
1269,660416,-20381,27840,-7460,0,-22066,30143,-8077,0,0,0,0,1,0
1270,660937,-23963,25848,-1885,0,-25947,27988,-2041,0,0,0,0,1,0
1271,661458,-26625,22863,3762,0,-28831,24758,4073,0,0,0,0,1,0
1272,661979,-28262,19000,9263,0,-30607,20576,10031,0,0,0,0,1,0
1273,662500,-28814,14407,14407,0,-31207,15603,15603,0,0,0,0,1,0
1274,663020,-28258,9261,18997,0,-30607,10031,20576,0,0,0,0,1,0
1275,663541,-26617,3760,22856,0,-28831,4073,24758,0,0,0,0,1,0
1276,664062,-23952,-1884,25837,0,-25947,-2041,27988,0,0,0,0,1,0
1277,664583,-20368,-7455,27824,0,-22066,-8077,30143,0,0,0,0,1,0
1278,665104,-16002,-12739,28741,0,-17337,-13802,31140,0,0,0,0,1,0
1279,665625,-11022,-17533,28555,0,-11942,-18997,30940,0,0,0,0,1,0
1280,666145,-5618,-21652,27270,0,-6088,-23462,29551,0,0,0,0,1,0
1281,666666,0,-24939,24939,0,0,-27026,27026,0,0,0,0,1,0
1282,667187,5618,-27266,21649,0,6088,-29551,23462,0,0,0,0,1,0
1283,667708,11018,-28546,17528,0,11942,-30940,18997,0,0,0,0,1,0
1284,668229,15995,-28729,12734,0,17337,-31140,13802,0,0,0,0,1,0
1285,668750,20356,-27807,7451,0,22066,-30143,8077,0,0,0,0,1,0
1286,669270,23935,-25817,1883,0,25947,-27988,2041,0,0,0,0,1,0
1287,669791,26593,-22836,-3757,0,28831,-24758,-4073,0,0,0,0,1,0
1288,670312,28229,-18977,-9252,0,30607,-20576,-10031,0,0,0,0,1,0
1289,670833,28779,-14390,-14390,0,31207,-15603,-15603,0,0,0,0,1,0
1290,671354,28224,-9250,-18974,0,30607,-10031,-20576,0,0,0,0,1,0
1291,671875,26585,-3756,-22829,0,28831,-4073,-24758,0,0,0,0,1,0
1292,672395,23924,1882,-25806,0,25947,2041,-27988,0,0,0,0,1,0
1293,672916,20344,7446,-27791,0,22066,8077,-30143,0,0,0,0,1,0
1294,673437,15983,12724,-28707,0,17337,13802,-31140,0,0,0,0,1,0
1295,673958,11008,17512,-28520,0,11942,18997,-30940,0,0,0,0,1,0
1296,674479,5612,21626,-27238,0,6088,23462,-29551,0,0,0,0,1,0
1297,675000,0,24909,-24909,0,0,27026,-27026,0,0,0,0,1,0
1298,675520,-5611,27234,-21623,0,-6088,29551,-23462,0,0,0,0,1,0
1299,676041,-11005,28512,-17507,0,-11942,30940,-18997,0,0,0,0,1,0
1300,676562,-15976,28694,-12718,0,-17337,31140,-13802,0,0,0,0,1,0
1301,677083,-20332,27774,-7442,0,-22066,30143,-8077,0,0,0,0,1,0
1302,677604,-23906,25786,-1880,0,-25947,27988,-2041,0,0,0,0,1,0
1303,678125,-26561,22808,3753,0,-28831,24758,4073,0,0,0,0,1,0
1304,678645,-28195,18954,9241,0,-30607,20576,10031,0,0,0,0,1,0
1305,679166,-28745,14373,14373,0,-31207,15603,15603,0,0,0,0,1,0
1306,679687,-28191,9239,18952,0,-30607,10031,20576,0,0,0,0,1,0
1307,680208,-26553,3751,22802,0,-28831,4073,24758,0,0,0,0,1,0
1308,680729,-23895,-1880,25775,0,-25947,-2041,27988,0,0,0,0,1,0
1309,681250,-20320,-7438,27757,0,-22066,-8077,30143,0,0,0,0,1,0
1310,681770,-15964,-12709,28673,0,-17337,-13802,31140,0,0,0,0,1,0
1311,682291,-10995,-17491,28487,0,-11942,-18997,30940,0,0,0,0,1,0
1312,682812,-5605,-21600,27205,0,-6088,-23462,29551,0,0,0,0,1,0
1313,683333,0,-24879,24879,0,0,-27026,27026,0,0,0,0,1,0
1314,683854,5604,-27201,21597,0,6088,-29551,23462,0,0,0,0,1,0
1315,684375,10992,-28478,17486,0,11942,-30940,18997,0,0,0,0,1,0
1316,684895,15957,-28660,12703,0,17337,-31140,13802,0,0,0,0,1,0
1317,685416,20308,-27741,7433,0,22066,-30143,8077,0,0,0,0,1,0
1318,685937,23878,-25756,1878,0,25947,-27988,2041,0,0,0,0,1,0
1319,686458,26529,-22781,-3748,0,28831,-24758,-4073,0,0,0,0,1,0
1320,686979,28161,-18932,-9230,0,30607,-20576,-10031,0,0,0,0,1,0
1321,687500,28711,-14355,-14355,0,31207,-15603,-15603,0,0,0,0,1,0
1322,688020,28157,-9228,-18929,0,30607,-10031,-20576,0,0,0,0,1,0
1323,688541,26522,-3747,-22775,0,28831,-4073,-24758,0,0,0,0,1,0
1324,689062,23867,1877,-25744,0,25947,2041,-27988,0,0,0,0,1,0
1325,689583,20296,7429,-27724,0,22066,8077,-30143,0,0,0,0,1,0
1326,690104,15945,12694,-28639,0,17337,13802,-31140,0,0,0,0,1,0
1327,690625,10982,17470,-28453,0,11942,18997,-30940,0,0,0,0,1,0
1328,691145,5598,21575,-27173,0,6088,23462,-29551,0,0,0,0,1,0
1329,691666,0,24850,-24850,0,0,27026,-27026,0,0,0,0,1,0
1330,692187,-5597,27169,-21572,0,-6088,29551,-23462,0,0,0,0,1,0
1331,692708,-10979,28444,-17465,0,-11942,30940,-18997,0,0,0,0,1,0
1332,693229,-15938,28626,-12688,0,-17337,31140,-13802,0,0,0,0,1,0
1333,693750,-20284,27708,-7424,0,-22066,30143,-8077,0,0,0,0,1,0
1334,694270,-23849,25725,-1876,0,-25947,27988,-2041,0,0,0,0,1,0
1335,694791,-26498,22754,3744,0,-28831,24758,4073,0,0,0,0,1,0
1336,695312,-28128,18909,9219,0,-30607,20576,10031,0,0,0,0,1,0
1337,695833,-28677,14338,14338,0,-31207,15603,15603,0,0,0,0,1,0
1338,696354,-28124,9217,18907,0,-30607,10031,20576,0,0,0,0,1,0
1339,696875,-26490,3743,22748,0,-28831,4073,24758,0,0,0,0,1,0
1340,697395,-23839,-1875,25714,0,-25947,-2041,27988,0,0,0,0,1,0
1341,697916,-20272,-7420,27692,0,-22066,-8077,30143,0,0,0,0,1,0
1342,698437,-15926,-12679,28605,0,-17337,-13802,31140,0,0,0,0,1,0
1343,698958,-10969,-17450,28419,0,-11942,-18997,30940,0,0,0,0,1,0
1344,699479,-5592,-21549,27141,0,-6088,-23462,29551,0,0,0,0,1,0
1345,700000,0,-24820,24820,0,0,-27026,27026,0,0,0,0,1,0
1346,700520,5591,-27137,21546,0,6088,-29551,23462,0,0,0,0,1,0
1347,701041,10966,-28411,17444,0,11942,-30940,18997,0,0,0,0,1,0
1348,701562,15919,-28592,12673,0,17337,-31140,13802,0,0,0,0,1,0
1349,702083,20260,-27675,7416,0,22066,-30143,8077,0,0,0,0,1,0
1350,702604,23821,-25695,1874,0,25947,-27988,2041,0,0,0,0,1,0
1351,703125,26467,-22727,-3739,0,28831,-24758,-4073,0,0,0,0,1,0
1352,703645,28095,-18887,-9208,0,30607,-20576,-10031,0,0,0,0,1,0
1353,704166,28643,-14321,-14321,0,31207,-15603,-15603,0,0,0,0,1,0
1354,704687,28091,-9206,-18884,0,30607,-10031,-20576,0,0,0,0,1,0
1355,705208,26459,-3738,-22721,0,28831,-4073,-24758,0,0,0,0,1,0
1356,705729,23810,1873,-25683,0,25947,2041,-27988,0,0,0,0,1,0
1357,706250,20248,7411,-27659,0,22066,8077,-30143,0,0,0,0,1,0
1358,706770,15907,12664,-28571,0,17337,13802,-31140,0,0,0,0,1,0
1359,707291,10956,17429,-28385,0,11942,18997,-30940,0,0,0,0,1,0
1360,707812,5585,21524,-27109,0,6088,23462,-29551,0,0,0,0,1,0
1361,708333,0,24791,-24791,0,0,27026,-27026,0,0,0,0,1,0
1362,708854,-5584,27105,-21521,0,-6088,29551,-23462,0,0,0,0,1,0
1363,709375,-10953,28377,-17424,0,-11942,30940,-18997,0,0,0,0,1,0
1364,709895,-15900,28558,-12658,0,-17337,31140,-13802,0,0,0,0,1,0
1365,710416,-20236,27642,-7407,0,-22066,30143,-8077,0,0,0,0,1,0
1366,710937,-23793,25664,-1872,0,-25947,27988,-2041,0,0,0,0,1,0
1367,711458,-26435,22701,3735,0,-28831,24758,4073,0,0,0,0,1,0
1368,711979,-28062,18865,9197,0,-30607,20576,10031,0,0,0,0,1,0
1369,712500,-28609,14305,14305,0,-31207,15603,15603,0,0,0,0,1,0
1370,713020,-28057,9195,18862,0,-30607,10031,20576,0,0,0,0,1,0
1371,713541,-26428,3734,22694,0,-28831,4073,24758,0,0,0,0,1,0
1372,714062,-23782,-1871,25653,0,-25947,-2041,27988,0,0,0,0,1,0
1373,714583,-20224,-7402,27626,0,-22066,-8077,30143,0,0,0,0,1,0
1374,715104,-15889,-12649,28537,0,-17337,-13802,31140,0,0,0,0,1,0
1375,715625,-10943,-17408,28352,0,-11942,-18997,30940,0,0,0,0,1,0
1376,716145,-5578,-21498,27077,0,-6088,-23462,29551,0,0,0,0,1,0
1377,716666,0,-24762,24762,0,0,-27026,27026,0,0,0,0,1,0
1378,717187,5578,-27073,21495,0,6088,-29551,23462,0,0,0,0,1,0
1379,717708,10940,-28344,17403,0,11942,-30940,18997,0,0,0,0,1,0
1380,718229,15882,-28525,12643,0,17337,-31140,13802,0,0,0,0,1,0
1381,718750,20212,-27610,7398,0,22066,-30143,8077,0,0,0,0,1,0
1382,719270,23765,-25634,1869,0,25947,-27988,2041,0,0,0,0,1,0
1383,719791,26404,-22674,-3730,0,28831,-24758,-4073,0,0,0,0,1,0
1384,720312,28028,-18843,-9186,0,30607,-20576,-10031,0,0,0,0,1,0
1385,720833,28575,-14288,-14288,0,31207,-15603,-15603,0,0,0,0,1,0
1386,721354,28024,-9185,-18840,0,30607,-10031,-20576,0,0,0,0,1,0
1387,721875,26396,-3729,-22667,0,28831,-4073,-24758,0,0,0,0,1,0
1388,722395,23754,1869,-25623,0,25947,2041,-27988,0,0,0,0,1,0
1389,722916,20200,7394,-27594,0,22066,8077,-30143,0,0,0,0,1,0
1390,723437,15870,12634,-28504,0,17337,13802,-31140,0,0,0,0,1,0
1391,723958,10931,17388,-28319,0,11942,18997,-30940,0,0,0,0,1,0
1392,724479,5572,21473,-27045,0,6088,23462,-29551,0,0,0,0,1,0
1393,725000,0,24733,-24733,0,0,27026,-27026,0,0,0,0,1,0
1394,725520,-5571,27041,-21470,0,-6088,29551,-23462,0,0,0,0,1,0
1395,726041,-10927,28310,-17383,0,-11942,30940,-18997,0,0,0,0,1,0
1396,726562,-15863,28491,-12628,0,-17337,31140,-13802,0,0,0,0,1,0
1397,727083,-20188,27577,-7389,0,-22066,30143,-8077,0,0,0,0,1,0
1398,727604,-23737,25604,-1867,0,-25947,27988,-2041,0,0,0,0,1,0
1399,728125,-26373,22647,3726,0,-28831,24758,4073,0,0,0,0,1,0
1400,728645,-27996,18820,9175,0,-30607,20576,10031,0,0,0,0,1,0
1401,729166,-28542,14271,14271,0,-31207,15603,15603,0,0,0,0,1,0
1402,729687,-27991,9174,18818,0,-30607,10031,20576,0,0,0,0,1,0
1403,730208,-26365,3725,22640,0,-28831,4073,24758,0,0,0,0,1,0
1404,730729,-23727,-1866,25593,0,-25947,-2041,27988,0,0,0,0,1,0
1405,731250,-20176,-7385,27561,0,-22066,-8077,30143,0,0,0,0,1,0
1406,731770,-15851,-12619,28470,0,-17337,-13802,31140,0,0,0,0,1,0
1407,732291,-10918,-17368,28285,0,-11942,-18997,30940,0,0,0,0,1,0
1408,732812,-5565,-21448,27013,0,-6088,-23462,29551,0,0,0,0,1,0
1409,733333,0,-24704,24704,0,0,-27026,27026,0,0,0,0,1,0
1410,733854,5565,-27009,21445,0,6088,-29551,23462,0,0,0,0,1,0
1411,734375,10915,-28277,17362,0,11942,-30940,18997,0,0,0,0,1,0
1412,734895,15844,-28458,12614,0,17337,-31140,13802,0,0,0,0,1,0
1413,735416,20164,-27545,7381,0,22066,-30143,8077,0,0,0,0,1,0
1414,735937,23709,-25574,1865,0,25947,-27988,2041,0,0,0,0,1,0
1415,736458,26342,-22621,-3722,0,28831,-24758,-4073,0,0,0,0,1,0
1416,736979,27963,-18798,-9164,0,30607,-20576,-10031,0,0,0,0,1,0
1417,737500,28508,-14254,-14254,0,31207,-15603,-15603,0,0,0,0,1,0
1418,738020,27959,-9163,-18796,0,30607,-10031,-20576,0,0,0,0,1,0
1419,738541,26335,-3721,-22614,0,28831,-4073,-24758,0,0,0,0,1,0
1420,739062,23699,1864,-25563,0,25947,2041,-27988,0,0,0,0,1,0
1421,739583,20153,7376,-27529,0,22066,8077,-30143,0,0,0,0,1,0
1422,740104,15833,12604,-28437,0,17337,13802,-31140,0,0,0,0,1,0
1423,740625,10905,17347,-28252,0,11942,18997,-30940,0,0,0,0,1,0
1424,741145,5559,21423,-26982,0,6088,23462,-29551,0,0,0,0,1,0
1425,741666,0,24675,-24675,0,0,27026,-27026,0,0,0,0,1,0
1426,742187,-5558,26978,-21420,0,-6088,29551,-23462,0,0,0,0,1,0
1427,742708,-10902,28244,-17342,0,-11942,30940,-18997,0,0,0,0,1,0
1428,743229,-15826,28425,-12599,0,-17337,31140,-13802,0,0,0,0,1,0
1429,743750,-20141,27513,-7372,0,-22066,30143,-8077,0,0,0,0,1,0
1430,744270,-23681,25544,-1863,0,-25947,27988,-2041,0,0,0,0,1,0
1431,744791,-26311,22594,3717,0,-28831,24758,4073,0,0,0,0,1,0
1432,745312,-27930,18776,9154,0,-30607,20576,10031,0,0,0,0,1,0
1433,745833,-28475,14238,14238,0,-31207,15603,15603,0,0,0,0,1,0
1434,746354,-27926,9152,18774,0,-30607,10031,20576,0,0,0,0,1,0
1435,746875,-26304,3716,22588,0,-28831,4073,24758,0,0,0,0,1,0
1436,747395,-23671,-1862,25533,0,-25947,-2041,27988,0,0,0,0,1,0
1437,747916,-20129,-7368,27497,0,-22066,-8077,30143,0,0,0,0,1,0
1438,748437,-15814,-12590,28404,0,-17337,-13802,31140,0,0,0,0,1,0
1439,748958,-10892,-17327,28219,0,-11942,-18997,30940,0,0,0,0,1,0
1440,749479,-5552,-21398,26950,0,-6088,-23462,29551,0,0,0,0,1,0
1441,750000,0,-24646,24646,0,0,-27026,27026,0,0,0,0,1,0
1442,750520,5552,-26946,21395,0,6088,-29551,23462,0,0,0,0,1,0
1443,751041,10889,-28211,17322,0,11942,-30940,18997,0,0,0,0,1,0
1444,751562,15807,-28391,12584,0,17337,-31140,13802,0,0,0,0,1,0
1445,752083,20117,-27481,7363,0,22066,-30143,8077,0,0,0,0,1,0
1446,752604,23654,-25514,1861,0,25947,-27988,2041,0,0,0,0,1,0
1447,753125,26281,-22568,-3713,0,28831,-24758,-4073,0,0,0,0,1,0
1448,753645,27897,-18754,-9143,0,30607,-20576,-10031,0,0,0,0,1,0
1449,754166,28442,-14221,-14221,0,31207,-15603,-15603,0,0,0,0,1,0
1450,754687,27893,-9142,-18752,0,30607,-10031,-20576,0,0,0,0,1,0
1451,755208,26273,-3712,-22561,0,28831,-4073,-24758,0,0,0,0,1,0
1452,755729,23643,1860,-25503,0,25947,2041,-27988,0,0,0,0,1,0
1453,756250,20106,7359,-27465,0,22066,8077,-30143,0,0,0,0,1,0
1454,756770,15796,12575,-28371,0,17337,13802,-31140,0,0,0,0,1,0
1455,757291,10879,17307,-28186,0,11942,18997,-30940,0,0,0,0,1,0
1456,757812,5546,21373,-26919,0,6088,23462,-29551,0,0,0,0,1,0
1457,758333,0,24617,-24617,0,0,27026,-27026,0,0,0,0,1,0
1458,758854,-5545,26915,-21370,0,-6088,29551,-23462,0,0,0,0,1,0
1459,759375,-10876,28178,-17302,0,-11942,30940,-18997,0,0,0,0,1,0
1460,759895,-15789,28358,-12569,0,-17337,31140,-13802,0,0,0,0,1,0
1461,760416,-20094,27449,-7355,0,-22066,30143,-8077,0,0,0,0,1,0
1462,760937,-23626,25485,-1858,0,-25947,27988,-2041,0,0,0,0,1,0
1463,761458,-26250,22542,3709,0,-28831,24758,4073,0,0,0,0,1,0
1464,761979,-27865,18733,9132,0,-30607,20576,10031,0,0,0,0,1,0
1465,762500,-28409,14204,14204,0,-31207,15603,15603,0,0,0,0,1,0
1466,763020,-27861,9131,18730,0,-30607,10031,20576,0,0,0,0,1,0
1467,763541,-26243,3708,22535,0,-28831,4073,24758,0,0,0,0,1,0
1468,764062,-23616,-1858,25474,0,-25947,-2041,27988,0,0,0,0,1,0
1469,764583,-20082,-7351,27433,0,-22066,-8077,30143,0,0,0,0,1,0
1470,765104,-15777,-12560,28338,0,-17337,-13802,31140,0,0,0,0,1,0
1471,765625,-10867,-17287,28154,0,-11942,-18997,30940,0,0,0,0,1,0
1472,766145,-5539,-21348,26887,0,-6088,-23462,29551,0,0,0,0,1,0
1473,766666,0,-24588,24588,0,0,-27026,27026,0,0,0,0,1,0
1474,767187,5539,-26884,21345,0,6088,-29551,23462,0,0,0,0,1,0
1475,767708,10864,-28145,17282,0,11942,-30940,18997,0,0,0,0,1,0
1476,768229,15770,-28325,12555,0,17337,-31140,13802,0,0,0,0,1,0
1477,768750,20071,-27417,7346,0,22066,-30143,8077,0,0,0,0,1,0
1478,769270,23599,-25455,1856,0,25947,-27988,2041,0,0,0,0,1,0
1479,769791,26220,-22515,-3704,0,28831,-24758,-4073,0,0,0,0,1,0
1480,770312,27833,-18711,-9122,0,30607,-20576,-10031,0,0,0,0,1,0
1481,770833,28376,-14188,-14188,0,31207,-15603,-15603,0,0,0,0,1,0
1482,771354,27829,-9120,-18708,0,30607,-10031,-20576,0,0,0,0,1,0
1483,771875,26212,-3703,-22509,0,28831,-4073,-24758,0,0,0,0,1,0
1484,772395,23589,1855,-25444,0,25947,2041,-27988,0,0,0,0,1,0
1485,772916,20059,7342,-27401,0,22066,8077,-30143,0,0,0,0,1,0
1486,773437,15759,12546,-28305,0,17337,13802,-31140,0,0,0,0,1,0
1487,773958,10854,17267,-28121,0,11942,18997,-30940,0,0,0,0,1,0
1488,774479,5533,21323,-26856,0,6088,23462,-29551,0,0,0,0,1,0
1489,775000,0,24560,-24560,0,0,27026,-27026,0,0,0,0,1,0
1490,775520,-5532,26852,-21320,0,-6088,29551,-23462,0,0,0,0,1,0
1491,776041,-10851,28113,-17262,0,-11942,30940,-18997,0,0,0,0,1,0
1492,776562,-15752,28293,-12540,0,-17337,31140,-13802,0,0,0,0,1,0
1493,777083,-20047,27385,-7338,0,-22066,30143,-8077,0,0,0,0,1,0
1494,777604,-23571,25426,-1854,0,-25947,27988,-2041,0,0,0,0,1,0
1495,778125,-26189,22489,3700,0,-28831,24758,4073,0,0,0,0,1,0
1496,778645,-27800,18689,9111,0,-30607,20576,10031,0,0,0,0,1,0
1497,779166,-28343,14171,14171,0,-31207,15603,15603,0,0,0,0,1,0
1498,779687,-27796,9110,18686,0,-30607,10031,20576,0,0,0,0,1,0
1499,780208,-26182,3699,22483,0,-28831,4073,24758,0,0,0,0,1,0
1500,780729,-23561,-1853,25415,0,-25947,-2041,27988,0,0,0,0,1,0
1501,781250,-20036,-7334,27369,0,-22066,-8077,30143,0,0,0,0,1,0
1502,781770,-15741,-12531,28272,0,-17337,-13802,31140,0,0,0,0,1,0
1503,782291,-10842,-17247,28088,0,-11942,-18997,30940,0,0,0,0,1,0
1504,782812,-5527,-21299,26825,0,-6088,-23462,29551,0,0,0,0,1,0
1505,783333,0,-24532,24532,0,0,-27026,27026,0,0,0,0,1,0
1506,783854,5526,-26821,21296,0,6088,-29551,23462,0,0,0,0,1,0
1507,784375,10839,-28080,17242,0,11942,-30940,18997,0,0,0,0,1,0
1508,784895,15734,-28260,12526,0,17337,-31140,13802,0,0,0,0,1,0
1509,785416,20024,-27353,7329,0,22066,-30143,8077,0,0,0,0,1,0
1510,785937,23544,-25396,1852,0,25947,-27988,2041,0,0,0,0,1,0
1511,786458,26159,-22463,-3696,0,28831,-24758,-4073,0,0,0,0,1,0
1512,786979,27768,-18668,-9101,0,30607,-20576,-10031,0,0,0,0,1,0
1513,787500,28310,-14155,-14155,0,31207,-15603,-15603,0,0,0,0,1,0
1514,788020,27764,-9099,-18665,0,30607,-10031,-20576,0,0,0,0,1,0
1515,788541,26151,-3695,-22457,0,28831,-4073,-24758,0,0,0,0,1,0
1516,789062,23534,1851,-25385,0,25947,2041,-27988,0,0,0,0,1,0
1517,789583,20013,7325,-27338,0,22066,8077,-30143,0,0,0,0,1,0
1518,790104,15723,12517,-28239,0,17337,13802,-31140,0,0,0,0,1,0
1519,790625,10829,17227,-28056,0,11942,18997,-30940,0,0,0,0,1,0
1520,791145,5520,21274,-26794,0,6088,23462,-29551,0,0,0,0,1,0
1521,791666,0,24503,-24503,0,0,27026,-27026,0,0,0,0,1,0
1522,792187,-5519,26790,-21271,0,-6088,29551,-23462,0,0,0,0,1,0
1523,792708,-10826,28048,-17222,0,-11942,30940,-18997,0,0,0,0,1,0
1524,793229,-15716,28227,-12511,0,-17337,31140,-13802,0,0,0,0,1,0
1525,793750,-20001,27322,-7321,0,-22066,30143,-8077,0,0,0,0,1,0
1526,794270,-23517,25367,-1850,0,-25947,27988,-2041,0,0,0,0,1,0
1527,794791,-26129,22437,3692,0,-28831,24758,4073,0,0,0,0,1,0
1528,795312,-27736,18646,9090,0,-30607,20576,10031,0,0,0,0,1,0
1529,795833,-28278,14139,14139,0,-31207,15603,15603,0,0,0,0,1,0
1530,796354,-27732,9089,18643,0,-30607,10031,20576,0,0,0,0,1,0
1531,796875,-26121,3690,22431,0,-28831,4073,24758,0,0,0,0,1,0
1532,797395,-23507,-1849,25356,0,-25947,-2041,27988,0,0,0,0,1,0
1533,797916,-19990,-7317,27306,0,-22066,-8077,30143,0,0,0,0,1,0
1534,798437,-15705,-12502,28207,0,-17337,-13802,31140,0,0,0,0,1,0
1535,798958,-10817,-17207,28024,0,-11942,-18997,30940,0,0,0,0,1,0
1536,799479,-5514,-21250,26763,0,-6088,-23462,29551,0,0,0,0,1,0
1537,800000,0,-24475,24475,0,0,-27026,27026,0,0,0,0,1,0
1538,800520,5513,-26760,21246,0,6088,-29551,23462,0,0,0,0,1,0
1539,801041,10814,-28016,17202,0,11942,-30940,18997,0,0,0,0,1,0
1540,801562,15698,-28195,12497,0,17337,-31140,13802,0,0,0,0,1,0
1541,802083,19978,-27291,7312,0,22066,-30143,8077,0,0,0,0,1,0
1542,802604,23490,-25338,1848,0,25947,-27988,2041,0,0,0,0,1,0
1543,803125,26099,-22412,-3687,0,28831,-24758,-4073,0,0,0,0,1,0
1544,803645,27704,-18625,-9080,0,30607,-20576,-10031,0,0,0,0,1,0
1545,804166,28245,-14123,-14123,0,31207,-15603,-15603,0,0,0,0,1,0
1546,804687,27700,-9078,-18622,0,30607,-10031,-20576,0,0,0,0,1,0
1547,805208,26091,-3686,-22405,0,28831,-4073,-24758,0,0,0,0,1,0
1548,805729,23480,1847,-25327,0,25947,2041,-27988,0,0,0,0,1,0
1549,806250,19967,7308,-27275,0,22066,8077,-30143,0,0,0,0,1,0
1550,806770,15687,12488,-28175,0,17337,13802,-31140,0,0,0,0,1,0
1551,807291,10804,17187,-27991,0,11942,18997,-30940,0,0,0,0,1,0
1552,807812,5508,21225,-26733,0,6088,23462,-29551,0,0,0,0,1,0
1553,808333,0,24447,-24447,0,0,27026,-27026,0,0,0,0,1,0
1554,808854,-5507,26729,-21222,0,-6088,29551,-23462,0,0,0,0,1,0
1555,809375,-10801,27983,-17182,0,-11942,30940,-18997,0,0,0,0,1,0
1556,809895,-15680,28162,-12483,0,-17337,31140,-13802,0,0,0,0,1,0
1557,810416,-19955,27259,-7304,0,-22066,30143,-8077,0,0,0,0,1,0
1558,810937,-23463,25309,-1846,0,-25947,27988,-2041,0,0,0,0,1,0
1559,811458,-26069,22386,3683,0,-28831,24758,4073,0,0,0,0,1,0
1560,811979,-27673,18603,9069,0,-30607,20576,10031,0,0,0,0,1,0
1561,812500,-28213,14106,14106,0,-31207,15603,15603,0,0,0,0,1,0
1562,813020,-27669,9068,18601,0,-30607,10031,20576,0,0,0,0,1,0
1563,813541,-26061,3682,22379,0,-28831,4073,24758,0,0,0,0,1,0
1564,814062,-23453,-1845,25298,0,-25947,-2041,27988,0,0,0,0,1,0
1565,814583,-19944,-7300,27244,0,-22066,-8077,30143,0,0,0,0,1,0
1566,815104,-15669,-12474,28142,0,-17337,-13802,31140,0,0,0,0,1,0
1567,815625,-10792,-17167,27959,0,-11942,-18997,30940,0,0,0,0,1,0
1568,816145,-5501,-21201,26702,0,-6088,-23462,29551,0,0,0,0,1,0
1569,816666,0,-24419,24419,0,0,-27026,27026,0,0,0,0,1,0
1570,817187,5500,-26698,21198,0,6088,-29551,23462,0,0,0,0,1,0
1571,817708,10789,-27951,17163,0,11942,-30940,18997,0,0,0,0,1,0
1572,818229,15662,-28130,12468,0,17337,-31140,13802,0,0,0,0,1,0
1573,818750,19932,-27228,7296,0,22066,-30143,8077,0,0,0,0,1,0
1574,819270,23436,-25280,1843,0,25947,-27988,2041,0,0,0,0,1,0
1575,819791,26039,-22360,-3679,0,28831,-24758,-4073,0,0,0,0,1,0
1576,820312,27641,-18582,-9059,0,30607,-20576,-10031,0,0,0,0,1,0
1577,820833,28180,-14090,-14090,0,31207,-15603,-15603,0,0,0,0,1,0
1578,821354,27637,-9058,-18579,0,30607,-10031,-20576,0,0,0,0,1,0
1579,821875,26032,-3678,-22354,0,28831,-4073,-24758,0,0,0,0,1,0
1580,822395,23426,1843,-25269,0,25947,2041,-27988,0,0,0,0,1,0
1581,822916,19921,7292,-27212,0,22066,8077,-30143,0,0,0,0,1,0
1582,823437,15651,12459,-28110,0,17337,13802,-31140,0,0,0,0,1,0
1583,823958,10780,17148,-27927,0,11942,18997,-30940,0,0,0,0,1,0
1584,824479,5495,21177,-26672,0,6088,23462,-29551,0,0,0,0,1,0
1585,825000,0,24391,-24391,0,0,27026,-27026,0,0,0,0,1,0
1586,825520,-5494,26668,-21174,0,-6088,29551,-23462,0,0,0,0,1,0
1587,826041,-10776,27919,-17143,0,-11942,30940,-18997,0,0,0,0,1,0
1588,826562,-15644,28098,-12454,0,-17337,31140,-13802,0,0,0,0,1,0
1589,827083,-19910,27197,-7287,0,-22066,30143,-8077,0,0,0,0,1,0
1590,827604,-23409,25251,-1841,0,-25947,27988,-2041,0,0,0,0,1,0
1591,828125,-26009,22335,3675,0,-28831,24758,4073,0,0,0,0,1,0
1592,828645,-27609,18561,9049,0,-30607,20576,10031,0,0,0,0,1,0
1593,829166,-28148,14074,14074,0,-31207,15603,15603,0,0,0,0,1,0
1594,829687,-27605,9047,18558,0,-30607,10031,20576,0,0,0,0,1,0
1595,830208,-26002,3674,22328,0,-28831,4073,24758,0,0,0,0,1,0
1596,830729,-23399,-1841,25240,0,-25947,-2041,27988,0,0,0,0,1,0
1597,831250,-19898,-7283,27181,0,-22066,-8077,30143,0,0,0,0,1,0
1598,831770,-15633,-12445,28078,0,-17337,-13802,31140,0,0,0,0,1,0
1599,832291,-10767,-17128,27896,0,-11942,-18997,30940,0,0,0,0,1,0
1600,832812,-5489,-21152,26641,0,-6088,-23462,29551,0,0,0,0,1,0
1601,833333,0,-24363,24363,0,0,-27026,27026,0,0,0,0,1,0
1602,833854,5488,-26637,21149,0,6088,-29551,23462,0,0,0,0,1,0
1603,834375,10764,-27888,17123,0,11942,-30940,18997,0,0,0,0,1,0
1604,834895,15626,-28066,12440,0,17337,-31140,13802,0,0,0,0,1,0
1605,835416,19887,-27166,7279,0,22066,-30143,8077,0,0,0,0,1,0
1606,835937,23383,-25222,1839,0,25947,-27988,2041,0,0,0,0,1,0
1607,836458,25980,-22309,-3670,0,28831,-24758,-4073,0,0,0,0,1,0
1608,836979,27578,-18540,-9038,0,30607,-20576,-10031,0,0,0,0,1,0
1609,837500,28116,-14058,-14058,0,31207,-15603,-15603,0,0,0,0,1,0
1610,838020,27574,-9037,-18537,0,30607,-10031,-20576,0,0,0,0,1,0
1611,838541,25972,-3669,-22303,0,28831,-4073,-24758,0,0,0,0,1,0
1612,839062,23373,1838,-25211,0,25947,2041,-27988,0,0,0,0,1,0
1613,839583,19876,7275,-27150,0,22066,8077,-30143,0,0,0,0,1,0
1614,840104,15615,12431,-28046,0,17337,13802,-31140,0,0,0,0,1,0
1615,840625,10755,17109,-27864,0,11942,18997,-30940,0,0,0,0,1,0
1616,841145,5482,21128,-26611,0,6088,23462,-29551,0,0,0,0,1,0
1617,841666,0,24336,-24336,0,0,27026,-27026,0,0,0,0,1,0
1618,842187,-5482,26607,-21125,0,-6088,29551,-23462,0,0,0,0,1,0
1619,842708,-10752,27856,-17104,0,-11942,30940,-18997,0,0,0,0,1,0
1620,843229,-15608,28034,-12426,0,-17337,31140,-13802,0,0,0,0,1,0
1621,843750,-19864,27135,-7271,0,-22066,30143,-8077,0,0,0,0,1,0
1622,844270,-23356,25193,-1837,0,-25947,27988,-2041,0,0,0,0,1,0
1623,844791,-25950,22284,3666,0,-28831,24758,4073,0,0,0,0,1,0
1624,845312,-27547,18519,9028,0,-30607,20576,10031,0,0,0,0,1,0
1625,845833,-28084,14042,14042,0,-31207,15603,15603,0,0,0,0,1,0
1626,846354,-27543,9027,18516,0,-30607,10031,20576,0,0,0,0,1,0
1627,846875,-25943,3665,22278,0,-28831,4073,24758,0,0,0,0,1,0
1628,847395,-23346,-1836,25183,0,-25947,-2041,27988,0,0,0,0,1,0
1629,847916,-19853,-7267,27120,0,-22066,-8077,30143,0,0,0,0,1,0
1630,848437,-15597,-12417,28014,0,-17337,-13802,31140,0,0,0,0,1,0
1631,848958,-10743,-17089,27832,0,-11942,-18997,30940,0,0,0,0,1,0
1632,849479,-5476,-21104,26581,0,-6088,-23462,29551,0,0,0,0,1,0
1633,850000,0,-24308,24308,0,0,-27026,27026,0,0,0,0,1,0
1634,850520,5475,-26577,21101,0,6088,-29551,23462,0,0,0,0,1,0
1635,851041,10740,-27824,17085,0,11942,-30940,18997,0,0,0,0,1,0
1636,851562,15591,-28002,12412,0,17337,-31140,13802,0,0,0,0,1,0
1637,852083,19842,-27104,7263,0,22066,-30143,8077,0,0,0,0,1,0
1638,852604,23330,-25165,1835,0,25947,-27988,2041,0,0,0,0,1,0
1639,853125,25921,-22259,-3662,0,28831,-24758,-4073,0,0,0,0,1,0
1640,853645,27515,-18498,-9018,0,30607,-20576,-10031,0,0,0,0,1,0
1641,854166,28052,-14026,-14026,0,31207,-15603,-15603,0,0,0,0,1,0
1642,854687,27511,-9017,-18495,0,30607,-10031,-20576,0,0,0,0,1,0
1643,855208,25913,-3661,-22252,0,28831,-4073,-24758,0,0,0,0,1,0
1644,855729,23320,1834,-25154,0,25947,2041,-27988,0,0,0,0,1,0
1645,856250,19830,7258,-27089,0,22066,8077,-30143,0,0,0,0,1,0
1646,856770,15580,12403,-27982,0,17337,13802,-31140,0,0,0,0,1,0
1647,857291,10731,17070,-27801,0,11942,18997,-30940,0,0,0,0,1,0
1648,857812,5470,21081,-26551,0,6088,23462,-29551,0,0,0,0,1,0
1649,858333,0,24280,-24280,0,0,27026,-27026,0,0,0,0,1,0
1650,858854,-5469,26547,-21078,0,-6088,29551,-23462,0,0,0,0,1,0
1651,859375,-10728,27793,-17065,0,-11942,30940,-18997,0,0,0,0,1,0
1652,859895,-15573,27971,-12398,0,-17337,31140,-13802,0,0,0,0,1,0
1653,860416,-19819,27074,-7254,0,-22066,30143,-8077,0,0,0,0,1,0
1654,860937,-23303,25136,-1833,0,-25947,27988,-2041,0,0,0,0,1,0
1655,861458,-25891,22233,3658,0,-28831,24758,4073,0,0,0,0,1,0
1656,861979,-27484,18477,9008,0,-30607,20576,10031,0,0,0,0,1,0
1657,862500,-28021,14010,14010,0,-31207,15603,15603,0,0,0,0,1,0
1658,863020,-27480,9006,18474,0,-30607,10031,20576,0,0,0,0,1,0
1659,863541,-25884,3657,22227,0,-28831,4073,24758,0,0,0,0,1,0
1660,864062,-23293,-1832,25126,0,-25947,-2041,27988,0,0,0,0,1,0
1661,864583,-19808,-7250,27058,0,-22066,-8077,30143,0,0,0,0,1,0
1662,865104,-15562,-12389,27951,0,-17337,-13802,31140,0,0,0,0,1,0
1663,865625,-10719,-17051,27769,0,-11942,-18997,30940,0,0,0,0,1,0
1664,866145,-5464,-21057,26521,0,-6088,-23462,29551,0,0,0,0,1,0
1665,866666,0,-24253,24253,0,0,-27026,27026,0,0,0,0,1,0
1666,867187,5463,-26517,21054,0,6088,-29551,23462,0,0,0,0,1,0
1667,867708,10716,-27761,17046,0,11942,-30940,18997,0,0,0,0,1,0
1668,868229,15555,-27939,12384,0,17337,-31140,13802,0,0,0,0,1,0
1669,868750,19797,-27043,7246,0,22066,-30143,8077,0,0,0,0,1,0
1670,869270,23277,-25108,1831,0,25947,-27988,2041,0,0,0,0,1,0
1671,869791,25862,-22208,-3654,0,28831,-24758,-4073,0,0,0,0,1,0
1672,870312,27453,-18456,-8997,0,30607,-20576,-10031,0,0,0,0,1,0
1673,870833,27989,-13995,-13995,0,31207,-15603,-15603,0,0,0,0,1,0
1674,871354,27449,-8996,-18453,0,30607,-10031,-20576,0,0,0,0,1,0
1675,871875,25855,-3653,-22202,0,28831,-4073,-24758,0,0,0,0,1,0
1676,872395,23267,1830,-25097,0,25947,2041,-27988,0,0,0,0,1,0
1677,872916,19786,7242,-27028,0,22066,8077,-30143,0,0,0,0,1,0
1678,873437,15544,12375,-27919,0,17337,13802,-31140,0,0,0,0,1,0
1679,873958,10706,17032,-27738,0,11942,18997,-30940,0,0,0,0,1,0
1680,874479,5458,21033,-26491,0,6088,23462,-29551,0,0,0,0,1,0
1681,875000,0,24226,-24226,0,0,27026,-27026,0,0,0,0,1,0
1682,875520,-5457,26487,-21030,0,-6088,29551,-23462,0,0,0,0,1,0
1683,876041,-10703,27730,-17027,0,-11942,30940,-18997,0,0,0,0,1,0
1684,876562,-15538,27908,-12370,0,-17337,31140,-13802,0,0,0,0,1,0
1685,877083,-19775,27013,-7238,0,-22066,30143,-8077,0,0,0,0,1,0
1686,877604,-23251,25080,-1829,0,-25947,27988,-2041,0,0,0,0,1,0
1687,878125,-25833,22183,3650,0,-28831,24758,4073,0,0,0,0,1,0
1688,878645,-27422,18435,8987,0,-30607,20576,10031,0,0,0,0,1,0
1689,879166,-27958,13979,13979,0,-31207,15603,15603,0,0,0,0,1,0
1690,879687,-27419,8986,18432,0,-30607,10031,20576,0,0,0,0,1,0
1691,880208,-25826,3649,22177,0,-28831,4073,24758,0,0,0,0,1,0
1692,880729,-23241,-1828,25069,0,-25947,-2041,27988,0,0,0,0,1,0
1693,881250,-19764,-7234,26997,0,-22066,-8077,30143,0,0,0,0,1,0
1694,881770,-15527,-12361,27888,0,-17337,-13802,31140,0,0,0,0,1,0
1695,882291,-10694,-17012,27707,0,-11942,-18997,30940,0,0,0,0,1,0
1696,882812,-5452,-21009,26461,0,-6088,-23462,29551,0,0,0,0,1,0
1697,883333,0,-24198,24198,0,0,-27026,27026,0,0,0,0,1,0
1698,883854,5451,-26457,21006,0,6088,-29551,23462,0,0,0,0,1,0
1699,884375,10691,-27699,17008,0,11942,-30940,18997,0,0,0,0,1,0
1700,884895,15520,-27876,12356,0,17337,-31140,13802,0,0,0,0,1,0
1701,885416,19752,-26982,7230,0,22066,-30143,8077,0,0,0,0,1,0
1702,885937,23225,-25052,1827,0,25947,-27988,2041,0,0,0,0,1,0
1703,886458,25804,-22159,-3646,0,28831,-24758,-4073,0,0,0,0,1,0
1704,886979,27392,-18414,-8977,0,30607,-20576,-10031,0,0,0,0,1,0
1705,887500,27926,-13963,-13963,0,31207,-15603,-15603,0,0,0,0,1,0
1706,888020,27388,-8976,-18412,0,30607,-10031,-20576,0,0,0,0,1,0
1707,888541,25797,-3645,-22152,0,28831,-4073,-24758,0,0,0,0,1,0
1708,889062,23215,1826,-25041,0,25947,2041,-27988,0,0,0,0,1,0
1709,889583,19741,7226,-26967,0,22066,8077,-30143,0,0,0,0,1,0
1710,890104,15510,12347,-27857,0,17337,13802,-31140,0,0,0,0,1,0
1711,890625,10682,16993,-27676,0,11942,18997,-30940,0,0,0,0,1,0
1712,891145,5445,20986,-26431,0,6088,23462,-29551,0,0,0,0,1,0
1713,891666,0,24171,-24171,0,0,27026,-27026,0,0,0,0,1,0
1714,892187,-5445,26428,-20983,0,-6088,29551,-23462,0,0,0,0,1,0
1715,892708,-10679,27668,-16989,0,-11942,30940,-18997,0,0,0,0,1,0
1716,893229,-15503,27845,-12342,0,-17337,31140,-13802,0,0,0,0,1,0
1717,893750,-19730,26952,-7222,0,-22066,30143,-8077,0,0,0,0,1,0
1718,894270,-23199,25024,-1825,0,-25947,27988,-2041,0,0,0,0,1,0
1719,894791,-25775,22134,3642,0,-28831,24758,4073,0,0,0,0,1,0
1720,895312,-27361,18394,8967,0,-30607,20576,10031,0,0,0,0,1,0
1721,895833,-27895,13948,13948,0,-31207,15603,15603,0,0,0,0,1,0
1722,896354,-27357,8966,18391,0,-30607,10031,20576,0,0,0,0,1,0
1723,896875,-25768,3641,22128,0,-28831,4073,24758,0,0,0,0,1,0
1724,897395,-23189,-1824,25013,0,-25947,-2041,27988,0,0,0,0,1,0
1725,897916,-19719,-7218,26937,0,-22066,-8077,30143,0,0,0,0,1,0
1726,898437,-15492,-12333,27826,0,-17337,-13802,31140,0,0,0,0,1,0
1727,898958,-10670,-16974,27645,0,-11942,-18997,30940,0,0,0,0,1,0
1728,899479,-5439,-20962,26402,0,-6088,-23462,29551,0,0,0,0,1,0
1729,900000,0,-24144,24144,0,0,-27026,27026,0,0,0,0,1,0
1730,900520,5439,-26398,20959,0,6088,-29551,23462,0,0,0,0,1,0
1731,901041,10668,-27637,16970,0,11942,-30940,18997,0,0,0,0,1,0
1732,901562,15486,-27814,12328,0,17337,-31140,13802,0,0,0,0,1,0
1733,902083,19708,-26922,7214,0,22066,-30143,8077,0,0,0,0,1,0
1734,902604,23173,-24996,1823,0,25947,-27988,2041,0,0,0,0,1,0
1735,903125,25746,-22109,-3637,0,28831,-24758,-4073,0,0,0,0,1,0
1736,903645,27330,-18373,-8957,0,30607,-20576,-10031,0,0,0,0,1,0
1737,904166,27864,-13932,-13932,0,31207,-15603,-15603,0,0,0,0,1,0
1738,904687,27327,-8956,-18371,0,30607,-10031,-20576,0,0,0,0,1,0
1739,905208,25739,-3636,-22103,0,28831,-4073,-24758,0,0,0,0,1,0
1740,905729,23163,1822,-24985,0,25947,2041,-27988,0,0,0,0,1,0
1741,906250,19697,7210,-26907,0,22066,8077,-30143,0,0,0,0,1,0
1742,906770,15475,12320,-27795,0,17337,13802,-31140,0,0,0,0,1,0
1743,907291,10659,16955,-27614,0,11942,18997,-30940,0,0,0,0,1,0
1744,907812,5433,20939,-26372,0,6088,23462,-29551,0,0,0,0,1,0
1745,908333,0,24117,-24117,0,0,27026,-27026,0,0,0,0,1,0
1746,908854,-5433,26369,-20936,0,-6088,29551,-23462,0,0,0,0,1,0
1747,909375,-10656,27606,-16951,0,-11942,30940,-18997,0,0,0,0,1,0
1748,909895,-15468,27783,-12314,0,-17337,31140,-13802,0,0,0,0,1,0
1749,910416,-19686,26892,-7206,0,-22066,30143,-8077,0,0,0,0,1,0
1750,910937,-23147,24968,-1821,0,-25947,27988,-2041,0,0,0,0,1,0
1751,911458,-25718,22084,3633,0,-28831,24758,4073,0,0,0,0,1,0
1752,911979,-27300,18353,8947,0,-30607,20576,10031,0,0,0,0,1,0
1753,912500,-27833,13916,13916,0,-31207,15603,15603,0,0,0,0,1,0
1754,913020,-27296,8946,18350,0,-30607,10031,20576,0,0,0,0,1,0
1755,913541,-25711,3632,22078,0,-28831,4073,24758,0,0,0,0,1,0
1756,914062,-23137,-1820,24957,0,-25947,-2041,27988,0,0,0,0,1,0
1757,914583,-19675,-7202,26877,0,-22066,-8077,30143,0,0,0,0,1,0
1758,915104,-15458,-12306,27764,0,-17337,-13802,31140,0,0,0,0,1,0
1759,915625,-10647,-16937,27583,0,-11942,-18997,30940,0,0,0,0,1,0
1760,916145,-5427,-20916,26343,0,-6088,-23462,29551,0,0,0,0,1,0
1761,916666,0,-24091,24091,0,0,-27026,27026,0,0,0,0,1,0
1762,917187,5427,-26339,20913,0,6088,-29551,23462,0,0,0,0,1,0
1763,917708,10644,-27576,16932,0,11942,-30940,18997,0,0,0,0,1,0
1764,918229,15451,-27752,12301,0,17337,-31140,13802,0,0,0,0,1,0
1765,918750,19664,-26862,7198,0,22066,-30143,8077,0,0,0,0,1,0
1766,919270,23121,-24940,1819,0,25947,-27988,2041,0,0,0,0,1,0
1767,919791,25689,-22060,-3629,0,28831,-24758,-4073,0,0,0,0,1,0
1768,920312,27270,-18332,-8937,0,30607,-20576,-10031,0,0,0,0,1,0
1769,920833,27802,-13901,-13901,0,31207,-15603,-15603,0,0,0,0,1,0
1770,921354,27266,-8936,-18330,0,30607,-10031,-20576,0,0,0,0,1,0
1771,921875,25682,-3628,-22054,0,28831,-4073,-24758,0,0,0,0,1,0
1772,922395,23112,1818,-24930,0,25947,2041,-27988,0,0,0,0,1,0
1773,922916,19653,7194,-26847,0,22066,8077,-30143,0,0,0,0,1,0
1774,923437,15441,12292,-27733,0,17337,13802,-31140,0,0,0,0,1,0
1775,923958,10635,16918,-27553,0,11942,18997,-30940,0,0,0,0,1,0
1776,924479,5421,20892,-26314,0,6088,23462,-29551,0,0,0,0,1,0
1777,925000,0,24064,-24064,0,0,27026,-27026,0,0,0,0,1,0
1778,925520,-5421,26310,-20890,0,-6088,29551,-23462,0,0,0,0,1,0
1779,926041,-10632,27545,-16913,0,-11942,30940,-18997,0,0,0,0,1,0
1780,926562,-15434,27721,-12287,0,-17337,31140,-13802,0,0,0,0,1,0
1781,927083,-19643,26832,-7190,0,-22066,30143,-8077,0,0,0,0,1,0
1782,927604,-23096,24912,-1817,0,-25947,27988,-2041,0,0,0,0,1,0
1783,928125,-25661,22035,3625,0,-28831,24758,4073,0,0,0,0,1,0
1784,928645,-27239,18312,8927,0,-30607,20576,10031,0,0,0,0,1,0
1785,929166,-27771,13886,13886,0,-31207,15603,15603,0,0,0,0,1,0
1786,929687,-27236,8926,18310,0,-30607,10031,20576,0,0,0,0,1,0
1787,930208,-25654,3624,22029,0,-28831,4073,24758,0,0,0,0,1,0
1788,930729,-23086,-1816,24902,0,-25947,-2041,27988,0,0,0,0,1,0
1789,931250,-19632,-7186,26817,0,-22066,-8077,30143,0,0,0,0,1,0
1790,931770,-15423,-12279,27702,0,-17337,-13802,31140,0,0,0,0,1,0
1791,932291,-10623,-16899,27522,0,-11942,-18997,30940,0,0,0,0,1,0
1792,932812,-5415,-20869,26285,0,-6088,-23462,29551,0,0,0,0,1,0
1793,933333,0,-24037,24037,0,0,-27026,27026,0,0,0,0,1,0
1794,933854,5415,-26281,20866,0,6088,-29551,23462,0,0,0,0,1,0
1795,934375,10620,-27514,16894,0,11942,-30940,18997,0,0,0,0,1,0
1796,934895,15417,-27691,12274,0,17337,-31140,13802,0,0,0,0,1,0
1797,935416,19621,-26803,7182,0,22066,-30143,8077,0,0,0,0,1,0
1798,935937,23070,-24885,1815,0,25947,-27988,2041,0,0,0,0,1,0
1799,936458,25632,-22011,-3621,0,28831,-24758,-4073,0,0,0,0,1,0
1800,936979,27209,-18292,-8917,0,30607,-20576,-10031,0,0,0,0,1,0
1801,937500,27740,-13870,-13870,0,31207,-15603,-15603,0,0,0,0,1,0
1802,938020,27206,-8916,-18289,0,30607,-10031,-20576,0,0,0,0,1,0
1803,938541,25625,-3620,-22005,0,28831,-4073,-24758,0,0,0,0,1,0
1804,939062,23061,1814,-24874,0,25947,2041,-27988,0,0,0,0,1,0
1805,939583,19610,7178,-26788,0,22066,8077,-30143,0,0,0,0,1,0
1806,940104,15406,12265,-27671,0,17337,13802,-31140,0,0,0,0,1,0
1807,940625,10611,16880,-27492,0,11942,18997,-30940,0,0,0,0,1,0
1808,941145,5409,20846,-26256,0,6088,23462,-29551,0,0,0,0,1,0
1809,941666,0,24011,-24011,0,0,27026,-27026,0,0,0,0,1,0
1810,942187,-5409,26252,-20843,0,-6088,29551,-23462,0,0,0,0,1,0
1811,942708,-10608,27484,-16876,0,-11942,30940,-18997,0,0,0,0,1,0
1812,943229,-15400,27660,-12260,0,-17337,31140,-13802,0,0,0,0,1,0
1813,943750,-19599,26773,-7174,0,-22066,30143,-8077,0,0,0,0,1,0
1814,944270,-23045,24857,-1813,0,-25947,27988,-2041,0,0,0,0,1,0
1815,944791,-25604,21987,3617,0,-28831,24758,4073,0,0,0,0,1,0
1816,945312,-27179,18272,8908,0,-30607,20576,10031,0,0,0,0,1,0
1817,945833,-27710,13855,13855,0,-31207,15603,15603,0,0,0,0,1,0
1818,946354,-27176,8906,18269,0,-30607,10031,20576,0,0,0,0,1,0
1819,946875,-25597,3616,21981,0,-28831,4073,24758,0,0,0,0,1,0
1820,947395,-23035,-1812,24847,0,-25947,-2041,27988,0,0,0,0,1,0
1821,947916,-19588,-7170,26758,0,-22066,-8077,30143,0,0,0,0,1,0
1822,948437,-15389,-12252,27641,0,-17337,-13802,31140,0,0,0,0,1,0
1823,948958,-10600,-16862,27461,0,-11942,-18997,30940,0,0,0,0,1,0
1824,949479,-5403,-20823,26227,0,-6088,-23462,29551,0,0,0,0,1,0
1825,950000,0,-23984,23984,0,0,-27026,27026,0,0,0,0,1,0
1826,950520,5403,-26223,20820,0,6088,-29551,23462,0,0,0,0,1,0
1827,951041,10597,-27454,16857,0,11942,-30940,18997,0,0,0,0,1,0
1828,951562,15383,-27630,12246,0,17337,-31140,13802,0,0,0,0,1,0
1829,952083,19578,-26744,7166,0,22066,-30143,8077,0,0,0,0,1,0
1830,952604,23019,-24830,1811,0,25947,-27988,2041,0,0,0,0,1,0
1831,953125,25576,-21963,-3613,0,28831,-24758,-4073,0,0,0,0,1,0
1832,953645,27149,-18252,-8898,0,30607,-20576,-10031,0,0,0,0,1,0
1833,954166,27679,-13840,-13840,0,31207,-15603,-15603,0,0,0,0,1,0
1834,954687,27146,-8897,-18249,0,30607,-10031,-20576,0,0,0,0,1,0
1835,955208,25569,-3612,-21956,0,28831,-4073,-24758,0,0,0,0,1,0
1836,955729,23010,1810,-24820,0,25947,2041,-27988,0,0,0,0,1,0
1837,956250,19567,7162,-26729,0,22066,8077,-30143,0,0,0,0,1,0
1838,956770,15373,12238,-27611,0,17337,13802,-31140,0,0,0,0,1,0
1839,957291,10588,16843,-27431,0,11942,18997,-30940,0,0,0,0,1,0
1840,957812,5397,20800,-26198,0,6088,23462,-29551,0,0,0,0,1,0
1841,958333,0,23958,-23958,0,0,27026,-27026,0,0,0,0,1,0
1842,958854,-5397,26194,-20798,0,-6088,29551,-23462,0,0,0,0,1,0
1843,959375,-10585,27424,-16839,0,-11942,30940,-18997,0,0,0,0,1,0
1844,959895,-15366,27599,-12233,0,-17337,31140,-13802,0,0,0,0,1,0
1845,960416,-19556,26714,-7158,0,-22066,30143,-8077,0,0,0,0,1,0
1846,960937,-22994,24803,-1809,0,-25947,27988,-2041,0,0,0,0,1,0
1847,961458,-25548,21938,3609,0,-28831,24758,4073,0,0,0,0,1,0
1848,961979,-27120,18231,8888,0,-30607,20576,10031,0,0,0,0,1,0
1849,962500,-27649,13824,13824,0,-31207,15603,15603,0,0,0,0,1,0
1850,963020,-27116,8887,18229,0,-30607,10031,20576,0,0,0,0,1,0
1851,963541,-25541,3608,21932,0,-28831,4073,24758,0,0,0,0,1,0
1852,964062,-22985,-1808,24792,0,-25947,-2041,27988,0,0,0,0,1,0
1853,964583,-19545,-7154,26700,0,-22066,-8077,30143,0,0,0,0,1,0
1854,965104,-15356,-12225,27580,0,-17337,-13802,31140,0,0,0,0,1,0
1855,965625,-10576,-16825,27401,0,-11942,-18997,30940,0,0,0,0,1,0
1856,966145,-5391,-20778,26169,0,-6088,-23462,29551,0,0,0,0,1,0
1857,966666,0,-23932,23932,0,0,-27026,27026,0,0,0,0,1,0
1858,967187,5391,-26165,20775,0,6088,-29551,23462,0,0,0,0,1,0
1859,967708,10574,-27394,16820,0,11942,-30940,18997,0,0,0,0,1,0
1860,968229,15349,-27569,12220,0,17337,-31140,13802,0,0,0,0,1,0
1861,968750,19535,-26685,7150,0,22066,-30143,8077,0,0,0,0,1,0
1862,969270,22969,-24776,1807,0,25947,-27988,2041,0,0,0,0,1,0
1863,969791,25520,-21914,-3605,0,28831,-24758,-4073,0,0,0,0,1,0
1864,970312,27090,-18212,-8878,0,30607,-20576,-10031,0,0,0,0,1,0
1865,970833,27619,-13809,-13809,0,31207,-15603,-15603,0,0,0,0,1,0
1866,971354,27086,-8877,-18209,0,30607,-10031,-20576,0,0,0,0,1,0
1867,971875,25513,-3604,-21908,0,28831,-4073,-24758,0,0,0,0,1,0
1868,972395,22959,1806,-24765,0,25947,2041,-27988,0,0,0,0,1,0
1869,972916,19524,7146,-26670,0,22066,8077,-30143,0,0,0,0,1,0
1870,973437,15339,12211,-27550,0,17337,13802,-31140,0,0,0,0,1,0
1871,973958,10565,16806,-27371,0,11942,18997,-30940,0,0,0,0,1,0
1872,974479,5386,20755,-26140,0,6088,23462,-29551,0,0,0,0,1,0
1873,975000,0,23905,-23905,0,0,27026,-27026,0,0,0,0,1,0
1874,975520,-5385,26137,-20752,0,-6088,29551,-23462,0,0,0,0,1,0
1875,976041,-10562,27364,-16802,0,-11942,30940,-18997,0,0,0,0,1,0
1876,976562,-15333,27539,-12206,0,-17337,31140,-13802,0,0,0,0,1,0
1877,977083,-19513,26656,-7142,0,-22066,30143,-8077,0,0,0,0,1,0
1878,977604,-22944,24748,-1805,0,-25947,27988,-2041,0,0,0,0,1,0
1879,978125,-25492,21890,3602,0,-28831,24758,4073,0,0,0,0,1,0
1880,978645,-27060,18192,8869,0,-30607,20576,10031,0,0,0,0,1,0
1881,979166,-27589,13794,13794,0,-31207,15603,15603,0,0,0,0,1,0
1882,979687,-27057,8867,18189,0,-30607,10031,20576,0,0,0,0,1,0
1883,980208,-25485,3601,21884,0,-28831,4073,24758,0,0,0,0,1,0
1884,980729,-22934,-1804,24738,0,-25947,-2041,27988,0,0,0,0,1,0
1885,981250,-19503,-7138,26641,0,-22066,-8077,30143,0,0,0,0,1,0
1886,981770,-15322,-12198,27520,0,-17337,-13802,31140,0,0,0,0,1,0
1887,982291,-10553,-16788,27341,0,-11942,-18997,30940,0,0,0,0,1,0
1888,982812,-5380,-20732,26112,0,-6088,-23462,29551,0,0,0,0,1,0
1889,983333,0,-23879,23879,0,0,-27026,27026,0,0,0,0,1,0
1890,983854,5379,-26108,20729,0,6088,-29551,23462,0,0,0,0,1,0
1891,984375,10550,-27334,16783,0,11942,-30940,18997,0,0,0,0,1,0
1892,984895,15316,-27509,12193,0,17337,-31140,13802,0,0,0,0,1,0
1893,985416,19492,-26627,7135,0,22066,-30143,8077,0,0,0,0,1,0
1894,985937,22919,-24721,1803,0,25947,-27988,2041,0,0,0,0,1,0
1895,986458,25464,-21867,-3598,0,28831,-24758,-4073,0,0,0,0,1,0
1896,986979,27031,-18172,-8859,0,30607,-20576,-10031,0,0,0,0,1,0
1897,987500,27558,-13779,-13779,0,31207,-15603,-15603,0,0,0,0,1,0
1898,988020,27027,-8858,-18169,0,30607,-10031,-20576,0,0,0,0,1,0
1899,988541,25457,-3597,-21861,0,28831,-4073,-24758,0,0,0,0,1,0
1900,989062,22909,1802,-24711,0,25947,2041,-27988,0,0,0,0,1,0
1901,989583,19481,7131,-26612,0,22066,8077,-30143,0,0,0,0,1,0
1902,990104,15305,12185,-27490,0,17337,13802,-31140,0,0,0,0,1,0
1903,990625,10542,16770,-27312,0,11942,18997,-30940,0,0,0,0,1,0
1904,991145,5374,20710,-26084,0,6088,23462,-29551,0,0,0,0,1,0
1905,991666,0,23853,-23853,0,0,27026,-27026,0,0,0,0,1,0
1906,992187,-5373,26080,-20707,0,-6088,29551,-23462,0,0,0,0,1,0
1907,992708,-10539,27304,-16765,0,-11942,30940,-18997,0,0,0,0,1,0
1908,993229,-15299,27479,-12180,0,-17337,31140,-13802,0,0,0,0,1,0
1909,993750,-19471,26598,-7127,0,-22066,30143,-8077,0,0,0,0,1,0
1910,994270,-22894,24695,-1801,0,-25947,27988,-2041,0,0,0,0,1,0
1911,994791,-25436,21843,3594,0,-28831,24758,4073,0,0,0,0,1,0
1912,995312,-27001,18152,8849,0,-30607,20576,10031,0,0,0,0,1,0
1913,995833,-27529,13764,13764,0,-31207,15603,15603,0,0,0,0,1,0
1914,996354,-26998,8848,18150,0,-30607,10031,20576,0,0,0,0,1,0
1915,996875,-25430,3593,21837,0,-28831,4073,24758,0,0,0,0,1,0
1916,997395,-22884,-1800,24685,0,-25947,-2041,27988,0,0,0,0,1,0
1917,997916,-19460,-7123,26583,0,-22066,-8077,30143,0,0,0,0,1,0
1918,998437,-15289,-12171,27460,0,-17337,-13802,31140,0,0,0,0,1,0
1919,998958,-10530,-16751,27282,0,-11942,-18997,30940,0,0,0,0,1,0
1920,999479,-5368,-20687,26055,0,-6088,-23462,29551,0,0,0,0,1,0
1921,1000000,0,-23827,23827,0,0,-27026,27026,0,0,0,0,1,0
1922,1000520,5367,-26052,20684,0,6088,-29551,23462,0,0,0,0,1,0
1923,1001041,10528,-27274,16747,0,11942,-30940,18997,0,0,0,0,1,0
1924,1001562,15283,-27449,12166,0,17337,-31140,13802,0,0,0,0,1,0
1925,1002083,19450,-26569,7119,0,22066,-30143,8077,0,0,0,0,1,0
1926,1002604,22869,-24668,1799,0,25947,-27988,2041,0,0,0,0,1,0
1927,1003125,25409,-21819,-3590,0,28831,-24758,-4073,0,0,0,0,1,0
1928,1003645,26972,-18132,-8840,0,30607,-20576,-10031,0,0,0,0,1,0
1929,1004166,27499,-13749,-13749,0,31207,-15603,-15603,0,0,0,0,1,0
1930,1004687,26968,-8839,-18130,0,30607,-10031,-20576,0,0,0,0,1,0
1931,1005208,25402,-3589,-21813,0,28831,-4073,-24758,0,0,0,0,1,0
1932,1005729,22860,1798,-24658,0,25947,2041,-27988,0,0,0,0,1,0
1933,1006250,19439,7115,-26554,0,22066,8077,-30143,0,0,0,0,1,0
1934,1006770,15272,12158,-27431,0,17337,13802,-31140,0,0,0,0,1,0
1935,1007291,10519,16733,-27252,0,11942,18997,-30940,0,0,0,0,1,0
1936,1007812,5362,20665,-26027,0,6088,23462,-29551,0,0,0,0,1,0
1937,1008333,0,23802,-23802,0,0,27026,-27026,0,0,0,0,1,0
1938,1008854,-5361,26023,-20662,0,-6088,29551,-23462,0,0,0,0,1,0
1939,1009374,-10516,27245,-16729,0,-11942,30940,-18997,0,0,0,0,1,0
1940,1009895,-15266,27419,-12153,0,-17337,31140,-13802,0,0,0,0,1,0
1941,1010416,-19429,26540,-7111,0,-22066,30143,-8077,0,0,0,0,1,0
1942,1010937,-22844,24641,-1797,0,-25947,27988,-2041,0,0,0,0,1,0
1943,1011458,-25381,21796,3586,0,-28831,24758,4073,0,0,0,0,1,0
1944,1011979,-26943,18113,8830,0,-30607,20576,10031,0,0,0,0,1,0
1945,1012500,-27469,13734,13734,0,-31207,15603,15603,0,0,0,0,1,0
1946,1013020,-26939,8829,18110,0,-30607,10031,20576,0,0,0,0,1,0
1947,1013541,-25375,3585,21790,0,-28831,4073,24758,0,0,0,0,1,0
1948,1014062,-22835,-1796,24631,0,-25947,-2041,27988,0,0,0,0,1,0
1949,1014583,-19418,-7108,26526,0,-22066,-8077,30143,0,0,0,0,1,0
1950,1015104,-15256,-12145,27401,0,-17337,-13802,31140,0,0,0,0,1,0
1951,1015625,-10508,-16715,27223,0,-11942,-18997,30940,0,0,0,0,1,0
1952,1016145,-5356,-20642,25999,0,-6088,-23462,29551,0,0,0,0,1,0
1953,1016666,0,-23776,23776,0,0,-27026,27026,0,0,0,0,1,0
1954,1017187,5356,-25995,20640,0,6088,-29551,23462,0,0,0,0,1,0
1955,1017708,10505,-27216,16711,0,11942,-30940,18997,0,0,0,0,1,0
1956,1018229,15250,-27390,12140,0,17337,-31140,13802,0,0,0,0,1,0
1957,1018750,19408,-26511,7104,0,22066,-30143,8077,0,0,0,0,1,0
1958,1019270,22820,-24615,1795,0,25947,-27988,2041,0,0,0,0,1,0
1959,1019791,25354,-21772,-3582,0,28831,-24758,-4073,0,0,0,0,1,0
1960,1020312,26914,-18093,-8821,0,30607,-20576,-10031,0,0,0,0,1,0
1961,1020833,27439,-13720,-13720,0,31207,-15603,-15603,0,0,0,0,1,0
1962,1021354,26910,-8819,-18091,0,30607,-10031,-20576,0,0,0,0,1,0
1963,1021875,25347,-3581,-21766,0,28831,-4073,-24758,0,0,0,0,1,0
1964,1022395,22810,1794,-24605,0,25947,2041,-27988,0,0,0,0,1,0
1965,1022916,19397,7100,-26497,0,22066,8077,-30143,0,0,0,0,1,0
1966,1023437,15239,12132,-27371,0,17337,13802,-31140,0,0,0,0,1,0
1967,1023958,10496,16697,-27194,0,11942,18997,-30940,0,0,0,0,1,0
1968,1024479,5351,20620,-25971,0,6088,23462,-29551,0,0,0,0,1,0
1969,1024999,0,23750,-23750,0,0,27026,-27026,0,0,0,0,1,0
1970,1025520,-5350,25967,-20617,0,-6088,29551,-23462,0,0,0,0,1,0
1971,1026041,-10494,27186,-16693,0,-11942,30940,-18997,0,0,0,0,1,0
1972,1026562,-15233,27360,-12127,0,-17337,31140,-13802,0,0,0,0,1,0
1973,1027083,-19387,26483,-7096,0,-22066,30143,-8077,0,0,0,0,1,0
1974,1027604,-22795,24588,-1793,0,-25947,27988,-2041,0,0,0,0,1,0
1975,1028125,-25327,21749,3578,0,-28831,24758,4073,0,0,0,0,1,0
1976,1028645,-26885,18074,8811,0,-30607,20576,10031,0,0,0,0,1,0
1977,1029166,-27410,13705,13705,0,-31207,15603,15603,0,0,0,0,1,0
1978,1029687,-26881,8810,18071,0,-30607,10031,20576,0,0,0,0,1,0
1979,1030208,-25320,3577,21743,0,-28831,4073,24758,0,0,0,0,1,0
1980,1030729,-22786,-1792,24578,0,-25947,-2041,27988,0,0,0,0,1,0
1981,1031250,-19376,-7092,26469,0,-22066,-8077,30143,0,0,0,0,1,0
1982,1031770,-15223,-12119,27342,0,-17337,-13802,31140,0,0,0,0,1,0
1983,1032291,-10485,-16679,27164,0,-11942,-18997,30940,0,0,0,0,1,0
1984,1032812,-5345,-20598,25943,0,-6088,-23462,29551,0,0,0,0,1,0
1985,1033333,0,-23725,23725,0,0,-27026,27026,0,0,0,0,1,0
1986,1033854,5344,-25939,20595,0,6088,-29551,23462,0,0,0,0,1,0
1987,1034375,10482,-27157,16675,0,11942,-30940,18997,0,0,0,0,1,0
1988,1034895,15217,-27331,12114,0,17337,-31140,13802,0,0,0,0,1,0
1989,1035416,19366,-26454,7088,0,22066,-30143,8077,0,0,0,0,1,0
1990,1035937,22771,-24562,1791,0,25947,-27988,2041,0,0,0,0,1,0
1991,1036458,25300,-21725,-3574,0,28831,-24758,-4073,0,0,0,0,1,0
1992,1036979,26856,-18054,-8802,0,30607,-20576,-10031,0,0,0,0,1,0
1993,1037500,27380,-13690,-13690,0,31207,-15603,-15603,0,0,0,0,1,0
1994,1038020,26852,-8801,-18052,0,30607,-10031,-20576,0,0,0,0,1,0
1995,1038541,25293,-3573,-21719,0,28831,-4073,-24758,0,0,0,0,1,0
1996,1039062,22761,1790,-24552,0,25947,2041,-27988,0,0,0,0,1,0
1997,1039583,19356,7085,-26440,0,22066,8077,-30143,0,0,0,0,1,0
1998,1040104,15207,12106,-27313,0,17337,13802,-31140,0,0,0,0,1,0
1999,1040624,10474,16661,-27135,0,11942,18997,-30940,0,0,0,0,1,0
2000,1041145,5339,20576,-25915,0,6088,23462,-29551,0,0,0,0,1,0
2001,1041666,0,23699,-23699,0,0,27026,-27026,0,0,0,0,1,0
2002,1042187,-5338,25912,-20573,0,-6088,29551,-23462,0,0,0,0,1,0
2003,1042708,-10471,27128,-16657,0,-11942,30940,-18997,0,0,0,0,1,0
2004,1043229,-15201,27302,-12101,0,-17337,31140,-13802,0,0,0,0,1,0
2005,1043750,-19345,26426,-7081,0,-22066,30143,-8077,0,0,0,0,1,0
2006,1044270,-22746,24535,-1789,0,-25947,27988,-2041,0,0,0,0,1,0
2007,1044791,-25272,21702,3571,0,-28831,24758,4073,0,0,0,0,1,0
2008,1045312,-26827,18035,8792,0,-30607,20576,10031,0,0,0,0,1,0
2009,1045833,-27351,13676,13676,0,-31207,15603,15603,0,0,0,0,1,0
2010,1046354,-26824,8791,18033,0,-30607,10031,20576,0,0,0,0,1,0
2011,1046875,-25266,3570,21696,0,-28831,4073,24758,0,0,0,0,1,0
2012,1047395,-22737,-1788,24525,0,-25947,-2041,27988,0,0,0,0,1,0
2013,1047916,-19335,-7077,26412,0,-22066,-8077,30143,0,0,0,0,1,0
2014,1048437,-15190,-12093,27283,0,-17337,-13802,31140,0,0,0,0,1,0
2015,1048958,-10463,-16644,27106,0,-11942,-18997,30940,0,0,0,0,1,0
2016,1049479,-5333,-20554,25887,0,-6088,-23462,29551,0,0,0,0,1,0
2017,1050000,0,-23674,23674,0,0,-27026,27026,0,0,0,0,1,0
2018,1050520,5333,-25884,20551,0,6088,-29551,23462,0,0,0,0,1,0
2019,1051041,10460,-27099,16639,0,11942,-30940,18997,0,0,0,0,1,0
2020,1051562,15184,-27272,12088,0,17337,-31140,13802,0,0,0,0,1,0
2021,1052083,19325,-26398,7073,0,22066,-30143,8077,0,0,0,0,1,0
2022,1052604,22722,-24509,1787,0,25947,-27988,2041,0,0,0,0,1,0
2023,1053125,25245,-21679,-3567,0,28831,-24758,-4073,0,0,0,0,1,0
2024,1053645,26799,-18016,-8783,0,30607,-20576,-10031,0,0,0,0,1,0
2025,1054166,27322,-13661,-13661,0,31207,-15603,-15603,0,0,0,0,1,0
2026,1054687,26795,-8782,-18013,0,30607,-10031,-20576,0,0,0,0,1,0
2027,1055208,25239,-3566,-21673,0,28831,-4073,-24758,0,0,0,0,1,0
2028,1055729,22713,1787,-24499,0,25947,2041,-27988,0,0,0,0,1,0
2029,1056250,19314,7070,-26384,0,22066,8077,-30143,0,0,0,0,1,0
2030,1056770,15174,12080,-27254,0,17337,13802,-31140,0,0,0,0,1,0
2031,1057291,10451,16626,-27077,0,11942,18997,-30940,0,0,0,0,1,0
2032,1057812,5328,20532,-25860,0,6088,23462,-29551,0,0,0,0,1,0
2033,1058333,0,23649,-23649,0,0,27026,-27026,0,0,0,0,1,0
2034,1058854,-5327,25856,-20529,0,-6088,29551,-23462,0,0,0,0,1,0
2035,1059375,-10449,27070,-16621,0,-11942,30940,-18997,0,0,0,0,1,0
2036,1059895,-15168,27243,-12075,0,-17337,31140,-13802,0,0,0,0,1,0
2037,1060416,-19304,26370,-7066,0,-22066,30143,-8077,0,0,0,0,1,0
2038,1060937,-22698,24483,-1785,0,-25947,27988,-2041,0,0,0,0,1,0
2039,1061458,-25219,21656,3563,0,-28831,24758,4073,0,0,0,0,1,0
2040,1061979,-26770,17997,8774,0,-30607,20576,10031,0,0,0,0,1,0
2041,1062500,-27293,13646,13646,0,-31207,15603,15603,0,0,0,0,1,0
2042,1063020,-26767,8772,17994,0,-30607,10031,20576,0,0,0,0,1,0
2043,1063541,-25212,3562,21650,0,-28831,4073,24758,0,0,0,0,1,0
2044,1064062,-22689,-1785,24473,0,-25947,-2041,27988,0,0,0,0,1,0
2045,1064583,-19294,-7062,26356,0,-22066,-8077,30143,0,0,0,0,1,0
2046,1065104,-15158,-12067,27225,0,-17337,-13802,31140,0,0,0,0,1,0
2047,1065625,-10440,-16608,27048,0,-11942,-18997,30940,0,0,0,0,1,0
2048,1066145,-5322,-20510,25832,0,-6088,-23462,29551,0,0,0,0,1,0
2049,1066666,0,-23624,23624,0,0,-27026,27026,0,0,0,0,1,0
2050,1067187,5321,-25829,20507,0,6088,-29551,23462,0,0,0,0,1,0
2051,1067708,10438,-27041,16604,0,11942,-30940,18997,0,0,0,0,1,0
2052,1068229,15152,-27214,12062,0,17337,-31140,13802,0,0,0,0,1,0
2053,1068750,19283,-26342,7058,0,22066,-30143,8077,0,0,0,0,1,0
2054,1069270,22673,-24457,1783,0,25947,-27988,2041,0,0,0,0,1,0
2055,1069791,25192,-21633,-3559,0,28831,-24758,-4073,0,0,0,0,1,0
2056,1070312,26742,-17977,-8764,0,30607,-20576,-10031,0,0,0,0,1,0
2057,1070833,27264,-13632,-13632,0,31207,-15603,-15603,0,0,0,0,1,0
2058,1071354,26738,-8763,-17975,0,30607,-10031,-20576,0,0,0,0,1,0
2059,1071875,25185,-3558,-21627,0,28831,-4073,-24758,0,0,0,0,1,0
2060,1072395,22664,1783,-24447,0,25947,2041,-27988,0,0,0,0,1,0
2061,1072916,19273,7054,-26328,0,22066,8077,-30143,0,0,0,0,1,0
2062,1073437,15142,12054,-27196,0,17337,13802,-31140,0,0,0,0,1,0
2063,1073958,10429,16591,-27020,0,11942,18997,-30940,0,0,0,0,1,0
2064,1074479,5316,20488,-25805,0,6088,23462,-29551,0,0,0,0,1,0
2065,1075000,0,23599,-23599,0,0,27026,-27026,0,0,0,0,1,0
2066,1075520,-5316,25801,-20486,0,-6088,29551,-23462,0,0,0,0,1,0
2067,1076041,-10426,27013,-16586,0,-11942,30940,-18997,0,0,0,0,1,0
2068,1076562,-15136,27186,-12050,0,-17337,31140,-13802,0,0,0,0,1,0
2069,1077083,-19263,26314,-7051,0,-22066,30143,-8077,0,0,0,0,1,0
2070,1077604,-22649,24431,-1782,0,-25947,27988,-2041,0,0,0,0,1,0
2071,1078125,-25165,21610,3555,0,-28831,24758,4073,0,0,0,0,1,0
2072,1078645,-26713,17958,8755,0,-30607,20576,10031,0,0,0,0,1,0
2073,1079166,-27235,13617,13617,0,-31207,15603,15603,0,0,0,0,1,0
2074,1079687,-26710,8754,17956,0,-30607,10031,20576,0,0,0,0,1,0
2075,1080208,-25158,3554,21604,0,-28831,4073,24758,0,0,0,0,1,0
2076,1080729,-22640,-1781,24421,0,-25947,-2041,27988,0,0,0,0,1,0
2077,1081250,-19253,-7047,26300,0,-22066,-8077,30143,0,0,0,0,1,0
2078,1081770,-15126,-12042,27168,0,-17337,-13802,31140,0,0,0,0,1,0
2079,1082291,-10418,-16573,26991,0,-11942,-18997,30940,0,0,0,0,1,0
2080,1082812,-5311,-20467,25778,0,-6088,-23462,29551,0,0,0,0,1,0
2081,1083333,0,-23574,23574,0,0,-27026,27026,0,0,0,0,1,0
2082,1083854,5310,-25774,20464,0,6088,-29551,23462,0,0,0,0,1,0
2083,1084375,10415,-26984,16569,0,11942,-30940,18997,0,0,0,0,1,0
2084,1084895,15120,-27157,12037,0,17337,-31140,13802,0,0,0,0,1,0
2085,1085416,19243,-26286,7043,0,22066,-30143,8077,0,0,0,0,1,0
2086,1085937,22625,-24405,1780,0,25947,-27988,2041,0,0,0,0,1,0
2087,1086458,25138,-21587,-3552,0,28831,-24758,-4073,0,0,0,0,1,0
2088,1086979,26685,-17939,-8746,0,30607,-20576,-10031,0,0,0,0,1,0
2089,1087500,27206,-13603,-13603,0,31207,-15603,-15603,0,0,0,0,1,0
2090,1088020,26682,-8745,-17937,0,30607,-10031,-20576,0,0,0,0,1,0
2091,1088541,25132,-3551,-21581,0,28831,-4073,-24758,0,0,0,0,1,0
2092,1089062,22617,1779,-24396,0,25947,2041,-27988,0,0,0,0,1,0
2093,1089583,19232,7040,-26272,0,22066,8077,-30143,0,0,0,0,1,0
2094,1090104,15110,12029,-27139,0,17337,13802,-31140,0,0,0,0,1,0
2095,1090625,10407,16555,-26963,0,11942,18997,-30940,0,0,0,0,1,0
2096,1091145,5305,20445,-25750,0,6088,23462,-29551,0,0,0,0,1,0
2097,1091666,0,23549,-23549,0,0,27026,-27026,0,0,0,0,1,0
2098,1092187,-5304,25747,-20442,0,-6088,29551,-23462,0,0,0,0,1,0
2099,1092708,-10404,26955,-16551,0,-11942,30940,-18997,0,0,0,0,1,0
2100,1093229,-15104,27128,-12024,0,-17337,31140,-13802,0,0,0,0,1,0
2101,1093750,-19222,26258,-7036,0,-22066,30143,-8077,0,0,0,0,1,0
2102,1094270,-22602,24379,-1778,0,-25947,27988,-2041,0,0,0,0,1,0
2103,1094791,-25112,21564,3548,0,-28831,24758,4073,0,0,0,0,1,0
2104,1095312,-26657,17920,8736,0,-30607,20576,10031,0,0,0,0,1,0
2105,1095833,-27177,13589,13589,0,-31207,15603,15603,0,0,0,0,1,0
2106,1096354,-26653,8735,17918,0,-30607,10031,20576,0,0,0,0,1,0
2107,1096875,-25105,3547,21558,0,-28831,4073,24758,0,0,0,0,1,0
2108,1097395,-22593,-1777,24370,0,-25947,-2041,27988,0,0,0,0,1,0
2109,1097916,-19212,-7032,26244,0,-22066,-8077,30143,0,0,0,0,1,0
2110,1098437,-15094,-12016,27110,0,-17337,-13802,31140,0,0,0,0,1,0
2111,1098958,-10396,-16538,26934,0,-11942,-18997,30940,0,0,0,0,1,0
2112,1099479,-5300,-20424,25723,0,-6088,-23462,29551,0,0,0,0,1,0
2113,1100000,0,-23524,23524,0,0,-27026,27026,0,0,0,0,1,0
2114,1100520,5299,-25720,20421,0,6088,-29551,23462,0,0,0,0,1,0
2115,1101041,10393,-26927,16534,0,11942,-30940,18997,0,0,0,0,1,0
2116,1101562,15088,-27100,12012,0,17337,-31140,13802,0,0,0,0,1,0
2117,1102083,19202,-26231,7028,0,22066,-30143,8077,0,0,0,0,1,0
2118,1102604,22578,-24354,1776,0,25947,-27988,2041,0,0,0,0,1,0
2119,1103125,25085,-21541,-3544,0,28831,-24758,-4073,0,0,0,0,1,0
2120,1103645,26629,-17902,-8727,0,30607,-20576,-10031,0,0,0,0,1,0
2121,1104166,27149,-13574,-13574,0,31207,-15603,-15603,0,0,0,0,1,0
2122,1104687,26625,-8726,-17899,0,30607,-10031,-20576,0,0,0,0,1,0
2123,1105208,25079,-3543,-21536,0,28831,-4073,-24758,0,0,0,0,1,0
2124,1105729,22569,1775,-24344,0,25947,2041,-27988,0,0,0,0,1,0
2125,1106250,19192,7025,-26217,0,22066,8077,-30143,0,0,0,0,1,0
2126,1106770,15078,12004,-27082,0,17337,13802,-31140,0,0,0,0,1,0
2127,1107291,10385,16521,-26906,0,11942,18997,-30940,0,0,0,0,1,0
2128,1107812,5294,20402,-25696,0,6088,23462,-29551,0,0,0,0,1,0
2129,1108333,0,23499,-23499,0,0,27026,-27026,0,0,0,0,1,0
2130,1108854,-5293,25693,-20399,0,-6088,29551,-23462,0,0,0,0,1,0
2131,1109375,-10383,26899,-16516,0,-11942,30940,-18997,0,0,0,0,1,0
2132,1109895,-15072,27071,-11999,0,-17337,31140,-13802,0,0,0,0,1,0
2133,1110416,-19182,26203,-7021,0,-22066,30143,-8077,0,0,0,0,1,0
2134,1110937,-22554,24328,-1774,0,-25947,27988,-2041,0,0,0,0,1,0
2135,1111458,-25059,21519,3540,0,-28831,24758,4073,0,0,0,0,1,0
2136,1111979,-26601,17883,8718,0,-30607,20576,10031,0,0,0,0,1,0
2137,1112500,-27120,13560,13560,0,-31207,15603,15603,0,0,0,0,1,0
2138,1113020,-26597,8717,17880,0,-30607,10031,20576,0,0,0,0,1,0
2139,1113541,-25053,3539,21513,0,-28831,4073,24758,0,0,0,0,1,0
2140,1114062,-22545,-1773,24319,0,-25947,-2041,27988,0,0,0,0,1,0
2141,1114583,-19172,-7017,26189,0,-22066,-8077,30143,0,0,0,0,1,0
2142,1115104,-15062,-11991,27053,0,-17337,-13802,31140,0,0,0,0,1,0
2143,1115625,-10374,-16503,26878,0,-11942,-18997,30940,0,0,0,0,1,0
2144,1116145,-5288,-20381,25669,0,-6088,-23462,29551,0,0,0,0,1,0
2145,1116666,0,-23475,23475,0,0,-27026,27026,0,0,0,0,1,0
2146,1117187,5288,-25666,20378,0,6088,-29551,23462,0,0,0,0,1,0
2147,1117708,10372,-26871,16499,0,11942,-30940,18997,0,0,0,0,1,0
2148,1118229,15056,-27043,11986,0,17337,-31140,13802,0,0,0,0,1,0
2149,1118750,19162,-26176,7014,0,22066,-30143,8077,0,0,0,0,1,0
2150,1119270,22530,-24303,1772,0,25947,-27988,2041,0,0,0,0,1,0
2151,1119791,25033,-21496,-3537,0,28831,-24758,-4073,0,0,0,0,1,0
2152,1120312,26573,-17864,-8709,0,30607,-20576,-10031,0,0,0,0,1,0
2153,1120833,27092,-13546,-13546,0,31207,-15603,-15603,0,0,0,0,1,0
2154,1121354,26570,-8708,-17862,0,30607,-10031,-20576,0,0,0,0,1,0
2155,1121875,25026,-3536,-21491,0,28831,-4073,-24758,0,0,0,0,1,0
2156,1122395,22522,1772,-24293,0,25947,2041,-27988,0,0,0,0,1,0
2157,1122916,19152,7010,-26162,0,22066,8077,-30143,0,0,0,0,1,0
2158,1123437,15047,11979,-27025,0,17337,13802,-31140,0,0,0,0,1,0
2159,1123958,10364,16486,-26850,0,11942,18997,-30940,0,0,0,0,1,0
2160,1124479,5283,20359,-25642,0,6088,23462,-29551,0,0,0,0,1,0
2161,1125000,0,23450,-23450,0,0,27026,-27026,0,0,0,0,1,0
2162,1125520,-5282,25639,-20357,0,-6088,29551,-23462,0,0,0,0,1,0
2163,1126041,-10361,26843,-16482,0,-11942,30940,-18997,0,0,0,0,1,0
2164,1126562,-15041,27014,-11974,0,-17337,31140,-13802,0,0,0,0,1,0
2165,1127083,-19142,26148,-7006,0,-22066,30143,-8077,0,0,0,0,1,0
2166,1127604,-22507,24277,-1770,0,-25947,27988,-2041,0,0,0,0,1,0
2167,1128125,-25007,21474,3533,0,-28831,24758,4073,0,0,0,0,1,0
2168,1128645,-26545,17845,8700,0,-30607,20576,10031,0,0,0,0,1,0
2169,1129166,-27064,13532,13532,0,-31207,15603,15603,0,0,0,0,1,0
2170,1129687,-26542,8699,17843,0,-30607,10031,20576,0,0,0,0,1,0
2171,1130208,-25000,3532,21468,0,-28831,4073,24758,0,0,0,0,1,0
2172,1130729,-22498,-1770,24268,0,-25947,-2041,27988,0,0,0,0,1,0
2173,1131250,-19132,-7003,26135,0,-22066,-8077,30143,0,0,0,0,1,0
2174,1131770,-15031,-11966,26997,0,-17337,-13802,31140,0,0,0,0,1,0
2175,1132291,-10353,-16469,26822,0,-11942,-18997,30940,0,0,0,0,1,0
2176,1132812,-5277,-20338,25616,0,-6088,-23462,29551,0,0,0,0,1,0
2177,1133333,0,-23426,23426,0,0,-27026,27026,0,0,0,0,1,0
2178,1133854,5277,-25612,20336,0,6088,-29551,23462,0,0,0,0,1,0
2179,1134375,10350,-26815,16465,0,11942,-30940,18997,0,0,0,0,1,0
2180,1134895,15025,-26986,11961,0,17337,-31140,13802,0,0,0,0,1,0
2181,1135416,19122,-26121,6999,0,22066,-30143,8077,0,0,0,0,1,0
2182,1135937,22484,-24252,1769,0,25947,-27988,2041,0,0,0,0,1,0
2183,1136458,24981,-21451,-3529,0,28831,-24758,-4073,0,0,0,0,1,0
2184,1136979,26518,-17827,-8691,0,30607,-20576,-10031,0,0,0,0,1,0
2185,1137500,27035,-13518,-13518,0,31207,-15603,-15603,0,0,0,0,1,0
2186,1138020,26514,-8690,-17825,0,30607,-10031,-20576,0,0,0,0,1,0
2187,1138541,24974,-3528,-21446,0,28831,-4073,-24758,0,0,0,0,1,0
2188,1139062,22475,1768,-24243,0,25947,2041,-27988,0,0,0,0,1,0
2189,1139583,19112,6995,-26107,0,22066,8077,-30143,0,0,0,0,1,0
2190,1140104,15015,11954,-26969,0,17337,13802,-31140,0,0,0,0,1,0
2191,1140625,10342,16452,-26794,0,11942,18997,-30940,0,0,0,0,1,0
2192,1141145,5272,20317,-25589,0,6088,23462,-29551,0,0,0,0,1,0
2193,1141666,0,23401,-23401,0,0,27026,-27026,0,0,0,0,1,0
2194,1142187,-5271,25586,-20314,0,-6088,29551,-23462,0,0,0,0,1,0
2195,1142708,-10339,26787,-16447,0,-11942,30940,-18997,0,0,0,0,1,0
2196,1143229,-15009,26958,-11949,0,-17337,31140,-13802,0,0,0,0,1,0
2197,1143750,-19102,26094,-6992,0,-22066,30143,-8077,0,0,0,0,1,0
2198,1144270,-22460,24227,-1767,0,-25947,27988,-2041,0,0,0,0,1,0
2199,1144791,-24955,21429,3526,0,-28831,24758,4073,0,0,0,0,1,0
2200,1145312,-26490,17808,8682,0,-30607,20576,10031,0,0,0,0,1,0
2201,1145833,-27007,13504,13504,0,-31207,15603,15603,0,0,0,0,1,0
2202,1146354,-26487,8681,17806,0,-30607,10031,20576,0,0,0,0,1,0
2203,1146875,-24948,3525,21424,0,-28831,4073,24758,0,0,0,0,1,0
2204,1147395,-22451,-1766,24217,0,-25947,-2041,27988,0,0,0,0,1,0
2205,1147916,-19092,-6988,26080,0,-22066,-8077,30143,0,0,0,0,1,0
2206,1148437,-15000,-11941,26941,0,-17337,-13802,31140,0,0,0,0,1,0
2207,1148958,-10331,-16435,26766,0,-11942,-18997,30940,0,0,0,0,1,0
2208,1149479,-5266,-20296,25562,0,-6088,-23462,29551,0,0,0,0,1,0
2209,1150000,0,-23377,23377,0,0,-27026,27026,0,0,0,0,1,0
2210,1150520,5266,-25559,20293,0,6088,-29551,23462,0,0,0,0,1,0
2211,1151041,10329,-26759,16430,0,11942,-30940,18997,0,0,0,0,1,0
2212,1151562,14994,-26930,11937,0,17337,-31140,13802,0,0,0,0,1,0
2213,1152083,19082,-26067,6985,0,22066,-30143,8077,0,0,0,0,1,0
2214,1152604,22437,-24202,1765,0,25947,-27988,2041,0,0,0,0,1,0
2215,1153125,24929,-21407,-3522,0,28831,-24758,-4073,0,0,0,0,1,0
2216,1153645,26463,-17790,-8673,0,30607,-20576,-10031,0,0,0,0,1,0
2217,1154166,26979,-13490,-13490,0,31207,-15603,-15603,0,0,0,0,1,0
2218,1154687,26459,-8672,-17788,0,30607,-10031,-20576,0,0,0,0,1,0
2219,1155208,24922,-3521,-21401,0,28831,-4073,-24758,0,0,0,0,1,0
2220,1155729,22428,1764,-24192,0,25947,2041,-27988,0,0,0,0,1,0
2221,1156250,19072,6981,-26053,0,22066,8077,-30143,0,0,0,0,1,0
2222,1156770,14984,11929,-26913,0,17337,13802,-31140,0,0,0,0,1,0
2223,1157291,10321,16418,-26738,0,11942,18997,-30940,0,0,0,0,1,0
2224,1157812,5261,20275,-25536,0,6088,23462,-29551,0,0,0,0,1,0
2225,1158333,0,23353,-23353,0,0,27026,-27026,0,0,0,0,1,0
2226,1158854,-5260,25533,-20272,0,-6088,29551,-23462,0,0,0,0,1,0
2227,1159375,-10318,26731,-16413,0,-11942,30940,-18997,0,0,0,0,1,0
2228,1159895,-14978,26902,-11924,0,-17337,31140,-13802,0,0,0,0,1,0
2229,1160416,-19062,26040,-6977,0,-22066,30143,-8077,0,0,0,0,1,0
2230,1160937,-22414,24177,-1763,0,-25947,27988,-2041,0,0,0,0,1,0
2231,1161458,-24903,21385,3518,0,-28831,24758,4073,0,0,0,0,1,0
2232,1161979,-26435,17771,8664,0,-30607,20576,10031,0,0,0,0,1,0
2233,1162500,-26951,13476,13476,0,-31207,15603,15603,0,0,0,0,1,0
2234,1163020,-26432,8663,17769,0,-30607,10031,20576,0,0,0,0,1,0
2235,1163541,-24897,3517,21379,0,-28831,4073,24758,0,0,0,0,1,0
2236,1164062,-22405,-1762,24167,0,-25947,-2041,27988,0,0,0,0,1,0
2237,1164583,-19053,-6974,26026,0,-22066,-8077,30143,0,0,0,0,1,0
2238,1165104,-14969,-11916,26885,0,-17337,-13802,31140,0,0,0,0,1,0
2239,1165625,-10310,-16401,26711,0,-11942,-18997,30940,0,0,0,0,1,0
2240,1166145,-5256,-20254,25510,0,-6088,-23462,29551,0,0,0,0,1,0
2241,1166666,0,-23329,23329,0,0,-27026,27026,0,0,0,0,1,0
2242,1167187,5255,-25506,20251,0,6088,-29551,23462,0,0,0,0,1,0
2243,1167708,10307,-26704,16396,0,11942,-30940,18997,0,0,0,0,1,0
2244,1168229,14963,-26875,11912,0,17337,-31140,13802,0,0,0,0,1,0
2245,1168750,19043,-26013,6970,0,22066,-30143,8077,0,0,0,0,1,0
2246,1169270,22391,-24152,1761,0,25947,-27988,2041,0,0,0,0,1,0
2247,1169791,24877,-21363,-3515,0,28831,-24758,-4073,0,0,0,0,1,0
2248,1170312,26408,-17753,-8655,0,30607,-20576,-10031,0,0,0,0,1,0
2249,1170833,26924,-13462,-13462,0,31207,-15603,-15603,0,0,0,0,1,0
2250,1171354,26405,-8654,-17751,0,30607,-10031,-20576,0,0,0,0,1,0
2251,1171875,24871,-3514,-21357,0,28831,-4073,-24758,0,0,0,0,1,0
2252,1172395,22382,1761,-24142,0,25947,2041,-27988,0,0,0,0,1,0
2253,1172916,19033,6967,-26000,0,22066,8077,-30143,0,0,0,0,1,0
2254,1173437,14953,11904,-26857,0,17337,13802,-31140,0,0,0,0,1,0
2255,1173958,10299,16384,-26683,0,11942,18997,-30940,0,0,0,0,1,0
2256,1174479,5250,20233,-25483,0,6088,23462,-29551,0,0,0,0,1,0
2257,1175000,0,23305,-23305,0,0,27026,-27026,0,0,0,0,1,0
2258,1175520,-5250,25480,-20231,0,-6088,29551,-23462,0,0,0,0,1,0
2259,1176041,-10297,26676,-16380,0,-11942,30940,-18997,0,0,0,0,1,0
2260,1176562,-14947,26847,-11900,0,-17337,31140,-13802,0,0,0,0,1,0
2261,1177083,-19023,25986,-6963,0,-22066,30143,-8077,0,0,0,0,1,0
2262,1177604,-22367,24127,-1759,0,-25947,27988,-2041,0,0,0,0,1,0
2263,1178125,-24852,21341,3511,0,-28831,24758,4073,0,0,0,0,1,0
2264,1178645,-26381,17735,8646,0,-30607,20576,10031,0,0,0,0,1,0
2265,1179166,-26896,13448,13448,0,-31207,15603,15603,0,0,0,0,1,0
2266,1179687,-26377,8645,17733,0,-30607,10031,20576,0,0,0,0,1,0
2267,1180208,-24845,3510,21335,0,-28831,4073,24758,0,0,0,0,1,0
2268,1180729,-22359,-1759,24118,0,-25947,-2041,27988,0,0,0,0,1,0
2269,1181250,-19013,-6959,25973,0,-22066,-8077,30143,0,0,0,0,1,0
2270,1181770,-14938,-11892,26830,0,-17337,-13802,31140,0,0,0,0,1,0
2271,1182291,-10289,-16367,26656,0,-11942,-18997,30940,0,0,0,0,1,0
2272,1182812,-5245,-20212,25457,0,-6088,-23462,29551,0,0,0,0,1,0
2273,1183333,0,-23281,23281,0,0,-27026,27026,0,0,0,0,1,0
2274,1183854,5244,-25454,20210,0,6088,-29551,23462,0,0,0,0,1,0
2275,1184375,10286,-26649,16363,0,11942,-30940,18997,0,0,0,0,1,0
2276,1184895,14932,-26819,11887,0,17337,-31140,13802,0,0,0,0,1,0
2277,1185416,19004,-25960,6956,0,22066,-30143,8077,0,0,0,0,1,0
2278,1185937,22345,-24102,1758,0,25947,-27988,2041,0,0,0,0,1,0
2279,1186458,24826,-21319,-3507,0,28831,-24758,-4073,0,0,0,0,1,0
2280,1186979,26354,-17717,-8637,0,30607,-20576,-10031,0,0,0,0,1,0
2281,1187500,26868,-13434,-13434,0,31207,-15603,-15603,0,0,0,0,1,0
2282,1188020,26350,-8636,-17714,0,30607,-10031,-20576,0,0,0,0,1,0
2283,1188541,24820,-3507,-21313,0,28831,-4073,-24758,0,0,0,0,1,0
2284,1189062,22336,1757,-24093,0,25947,2041,-27988,0,0,0,0,1,0
2285,1189583,18994,6952,-25946,0,22066,8077,-30143,0,0,0,0,1,0
2286,1190104,14922,11880,-26802,0,17337,13802,-31140,0,0,0,0,1,0
2287,1190625,10278,16350,-26628,0,11942,18997,-30940,0,0,0,0,1,0
2288,1191145,5239,20192,-25431,0,6088,23462,-29551,0,0,0,0,1,0
2289,1191666,0,23257,-23257,0,0,27026,-27026,0,0,0,0,1,0
2290,1192187,-5239,25428,-20189,0,-6088,29551,-23462,0,0,0,0,1,0
2291,1192708,-10276,26621,-16346,0,-11942,30940,-18997,0,0,0,0,1,0
2292,1193229,-14917,26792,-11875,0,-17337,31140,-13802,0,0,0,0,1,0
2293,1193750,-18984,25933,-6949,0,-22066,30143,-8077,0,0,0,0,1,0
2294,1194270,-22322,24077,-1756,0,-25947,27988,-2041,0,0,0,0,1,0
2295,1194791,-24801,21297,3504,0,-28831,24758,4073,0,0,0,0,1,0
2296,1195312,-26327,17699,8628,0,-30607,20576,10031,0,0,0,0,1,0
2297,1195833,-26841,13420,13420,0,-31207,15603,15603,0,0,0,0,1,0
2298,1196354,-26323,8627,17696,0,-30607,10031,20576,0,0,0,0,1,0
2299,1196875,-24795,3503,21292,0,-28831,4073,24758,0,0,0,0,1,0
2300,1197395,-22313,-1755,24068,0,-25947,-2041,27988,0,0,0,0,1,0
2301,1197916,-18975,-6945,25920,0,-22066,-8077,30143,0,0,0,0,1,0
2302,1198437,-14907,-11868,26775,0,-17337,-13802,31140,0,0,0,0,1,0
2303,1198958,-10268,-16333,26601,0,-11942,-18997,30940,0,0,0,0,1,0
2304,1199479,-5234,-20171,25405,0,-6088,-23462,29551,0,0,0,0,1,0
2305,1200000,0,-23233,23233,0,0,-27026,27026,0,0,0,0,1,0
2306,1200520,5233,-25402,20168,0,6088,-29551,23462,0,0,0,0,1,0
2307,1201041,10265,-26594,16329,0,11942,-30940,18997,0,0,0,0,1,0
2308,1201562,14902,-26765,11863,0,17337,-31140,13802,0,0,0,0,1,0
2309,1202083,18965,-25906,6942,0,22066,-30143,8077,0,0,0,0,1,0
2310,1202604,22299,-24053,1754,0,25947,-27988,2041,0,0,0,0,1,0
2311,1203125,24776,-21275,-3500,0,28831,-24758,-4073,0,0,0,0,1,0
2312,1203645,26300,-17680,-8619,0,30607,-20576,-10031,0,0,0,0,1,0
2313,1204166,26813,-13407,-13407,0,31207,-15603,-15603,0,0,0,0,1,0
2314,1204687,26297,-8618,-17678,0,30607,-10031,-20576,0,0,0,0,1,0
2315,1205208,24769,-3499,-21270,0,28831,-4073,-24758,0,0,0,0,1,0
2316,1205729,22290,1753,-24044,0,25947,2041,-27988,0,0,0,0,1,0
2317,1206250,18955,6938,-25893,0,22066,8077,-30143,0,0,0,0,1,0
2318,1206770,14892,11856,-26748,0,17337,13802,-31140,0,0,0,0,1,0
2319,1207291,10257,16317,-26574,0,11942,18997,-30940,0,0,0,0,1,0
2320,1207812,5229,20150,-25379,0,6088,23462,-29551,0,0,0,0,1,0
2321,1208333,0,23209,-23209,0,0,27026,-27026,0,0,0,0,1,0
2322,1208854,-5228,25376,-20148,0,-6088,29551,-23462,0,0,0,0,1,0
2323,1209375,-10255,26567,-16313,0,-11942,30940,-18997,0,0,0,0,1,0
2324,1209895,-14886,26737,-11851,0,-17337,31140,-13802,0,0,0,0,1,0
2325,1210416,-18946,25880,-6935,0,-22066,30143,-8077,0,0,0,0,1,0
2326,1210937,-22276,24028,-1752,0,-25947,27988,-2041,0,0,0,0,1,0
2327,1211458,-24750,21254,3497,0,-28831,24758,4073,0,0,0,0,1,0
2328,1211979,-26273,17662,8611,0,-30607,20576,10031,0,0,0,0,1,0
2329,1212500,-26786,13393,13393,0,-31207,15603,15603,0,0,0,0,1,0
2330,1213020,-26270,8610,17660,0,-30607,10031,20576,0,0,0,0,1,0
2331,1213541,-24744,3496,21248,0,-28831,4073,24758,0,0,0,0,1,0
2332,1214062,-22268,-1752,24019,0,-25947,-2041,27988,0,0,0,0,1,0
2333,1214583,-18936,-6931,25867,0,-22066,-8077,30143,0,0,0,0,1,0
2334,1215104,-14877,-11843,26720,0,-17337,-13802,31140,0,0,0,0,1,0
2335,1215625,-10247,-16300,26547,0,-11942,-18997,30940,0,0,0,0,1,0
2336,1216145,-5223,-20130,25353,0,-6088,-23462,29551,0,0,0,0,1,0
2337,1216666,0,-23186,23186,0,0,-27026,27026,0,0,0,0,1,0
2338,1217187,5223,-25350,20127,0,6088,-29551,23462,0,0,0,0,1,0
2339,1217708,10244,-26540,16296,0,11942,-30940,18997,0,0,0,0,1,0
2340,1218229,14871,-26710,11839,0,17337,-31140,13802,0,0,0,0,1,0
2341,1218750,18926,-25854,6927,0,22066,-30143,8077,0,0,0,0,1,0
2342,1219270,22254,-24004,1750,0,25947,-27988,2041,0,0,0,0,1,0
2343,1219791,24725,-21232,-3493,0,28831,-24758,-4073,0,0,0,0,1,0
2344,1220312,26247,-17645,-8602,0,30607,-20576,-10031,0,0,0,0,1,0
2345,1220833,26759,-13380,-13380,0,31207,-15603,-15603,0,0,0,0,1,0
2346,1221354,26243,-8601,-17642,0,30607,-10031,-20576,0,0,0,0,1,0
2347,1221875,24719,-3492,-21227,0,28831,-4073,-24758,0,0,0,0,1,0
2348,1222395,22245,1750,-23995,0,25947,2041,-27988,0,0,0,0,1,0
2349,1222916,18917,6924,-25841,0,22066,8077,-30143,0,0,0,0,1,0
2350,1223437,14862,11831,-26693,0,17337,13802,-31140,0,0,0,0,1,0
2351,1223958,10236,16284,-26520,0,11942,18997,-30940,0,0,0,0,1,0
2352,1224479,5218,20110,-25328,0,6088,23462,-29551,0,0,0,0,1,0
2353,1225000,0,23162,-23162,0,0,27026,-27026,0,0,0,0,1,0
2354,1225520,-5217,25324,-20107,0,-6088,29551,-23462,0,0,0,0,1,0
2355,1226041,-10234,26513,-16280,0,-11942,30940,-18997,0,0,0,0,1,0
2356,1226562,-14856,26683,-11827,0,-17337,31140,-13802,0,0,0,0,1,0
2357,1227083,-18907,25828,-6920,0,-22066,30143,-8077,0,0,0,0,1,0
2358,1227604,-22231,23980,-1749,0,-25947,27988,-2041,0,0,0,0,1,0
2359,1228125,-24700,21211,3490,0,-28831,24758,4073,0,0,0,0,1,0
2360,1228645,-26220,17627,8593,0,-30607,20576,10031,0,0,0,0,1,0
2361,1229166,-26732,13366,13366,0,-31207,15603,15603,0,0,0,0,1,0
2362,1229687,-26217,8592,17624,0,-30607,10031,20576,0,0,0,0,1,0
2363,1230208,-24694,3489,21205,0,-28831,4073,24758,0,0,0,0,1,0
2364,1230729,-22223,-1748,23971,0,-25947,-2041,27988,0,0,0,0,1,0
2365,1231250,-18898,-6917,25815,0,-22066,-8077,30143,0,0,0,0,1,0
2366,1231770,-14847,-11819,26666,0,-17337,-13802,31140,0,0,0,0,1,0
2367,1232291,-10226,-16267,26493,0,-11942,-18997,30940,0,0,0,0,1,0
2368,1232812,-5213,-20089,25302,0,-6088,-23462,29551,0,0,0,0,1,0
2369,1233333,0,-23139,23139,0,0,-27026,27026,0,0,0,0,1,0
2370,1233854,5212,-25299,20087,0,6088,-29551,23462,0,0,0,0,1,0
2371,1234375,10223,-26486,16263,0,11942,-30940,18997,0,0,0,0,1,0
2372,1234895,14841,-26656,11815,0,17337,-31140,13802,0,0,0,0,1,0
2373,1235416,18888,-25801,6913,0,22066,-30143,8077,0,0,0,0,1,0
2374,1235937,22209,-23955,1747,0,25947,-27988,2041,0,0,0,0,1,0
2375,1236458,24675,-21189,-3486,0,28831,-24758,-4073,0,0,0,0,1,0
2376,1236979,26193,-17609,-8585,0,30607,-20576,-10031,0,0,0,0,1,0
2377,1237500,26705,-13352,-13352,0,31207,-15603,-15603,0,0,0,0,1,0
2378,1238020,26190,-8583,-17607,0,30607,-10031,-20576,0,0,0,0,1,0
2379,1238541,24669,-3485,-21184,0,28831,-4073,-24758,0,0,0,0,1,0
2380,1239062,22200,1746,-23946,0,25947,2041,-27988,0,0,0,0,1,0
2381,1239583,18878,6910,-25788,0,22066,8077,-30143,0,0,0,0,1,0
2382,1240104,14832,11808,-26639,0,17337,13802,-31140,0,0,0,0,1,0
2383,1240625,10216,16251,-26466,0,11942,18997,-30940,0,0,0,0,1,0
2384,1241145,5208,20069,-25277,0,6088,23462,-29551,0,0,0,0,1,0
2385,1241666,0,23115,-23115,0,0,27026,-27026,0,0,0,0,1,0
2386,1242187,-5207,25273,-20066,0,-6088,29551,-23462,0,0,0,0,1,0
2387,1242708,-10213,26460,-16247,0,-11942,30940,-18997,0,0,0,0,1,0
2388,1243229,-14826,26629,-11803,0,-17337,31140,-13802,0,0,0,0,1,0
2389,1243750,-18869,25775,-6907,0,-22066,30143,-8077,0,0,0,0,1,0
2390,1244270,-22186,23931,-1745,0,-25947,27988,-2041,0,0,0,0,1,0
2391,1244791,-24650,21168,3483,0,-28831,24758,4073,0,0,0,0,1,0
2392,1245312,-26167,17591,8576,0,-30607,20576,10031,0,0,0,0,1,0
2393,1245833,-26678,13339,13339,0,-31207,15603,15603,0,0,0,0,1,0
2394,1246354,-26164,8575,17589,0,-30607,10031,20576,0,0,0,0,1,0
2395,1246875,-24644,3482,21162,0,-28831,4073,24758,0,0,0,0,1,0
2396,1247395,-22178,-1744,23922,0,-25947,-2041,27988,0,0,0,0,1,0
2397,1247916,-18859,-6903,25762,0,-22066,-8077,30143,0,0,0,0,1,0
2398,1248437,-14817,-11796,26613,0,-17337,-13802,31140,0,0,0,0,1,0
2399,1248958,-10205,-16234,26440,0,-11942,-18997,30940,0,0,0,0,1,0
2400,1249479,-5202,-20049,25251,0,-6088,-23462,29551,0,0,0,0,1,0
2401,1250000,0,-23092,23092,0,0,-27026,27026,0,0,0,0,1,0
2402,1250520,5202,-25248,20046,0,6088,-29551,23462,0,0,0,0,1,0
2403,1251041,10203,-26433,16230,0,11942,-30940,18997,0,0,0,0,1,0
2404,1251562,14811,-26602,11791,0,17337,-31140,13802,0,0,0,0,1,0
2405,1252083,18850,-25750,6900,0,22066,-30143,8077,0,0,0,0,1,0
2406,1252604,22164,-23907,1743,0,25947,-27988,2041,0,0,0,0,1,0
2407,1253125,24626,-21146,-3479,0,28831,-24758,-4073,0,0,0,0,1,0
2408,1253645,26141,-17573,-8567,0,30607,-20576,-10031,0,0,0,0,1,0
2409,1254166,26651,-13326,-13326,0,31207,-15603,-15603,0,0,0,0,1,0
2410,1254687,26137,-8566,-17571,0,30607,-10031,-20576,0,0,0,0,1,0
2411,1255208,24619,-3478,-21141,0,28831,-4073,-24758,0,0,0,0,1,0
2412,1255729,22155,1743,-23898,0,25947,2041,-27988,0,0,0,0,1,0
2413,1256250,18841,6896,-25737,0,22066,8077,-30143,0,0,0,0,1,0
2414,1256770,14802,11784,-26586,0,17337,13802,-31140,0,0,0,0,1,0
2415,1257291,10195,16218,-26413,0,11942,18997,-30940,0,0,0,0,1,0
2416,1257812,5197,20029,-25226,0,6088,23462,-29551,0,0,0,0,1,0
2417,1258333,0,23069,-23069,0,0,27026,-27026,0,0,0,0,1,0
2418,1258854,-5196,25223,-20026,0,-6088,29551,-23462,0,0,0,0,1,0
2419,1259375,-10193,26407,-16214,0,-11942,30940,-18997,0,0,0,0,1,0
2420,1259895,-14796,26576,-11779,0,-17337,31140,-13802,0,0,0,0,1,0
2421,1260416,-18831,25724,-6893,0,-22066,30143,-8077,0,0,0,0,1,0
2422,1260937,-22142,23883,-1742,0,-25947,27988,-2041,0,0,0,0,1,0
2423,1261458,-24601,21125,3476,0,-28831,24758,4073,0,0,0,0,1,0
2424,1261979,-26115,17556,8559,0,-30607,20576,10031,0,0,0,0,1,0
2425,1262500,-26624,13312,13312,0,-31207,15603,15603,0,0,0,0,1,0
2426,1263020,-26111,8558,17554,0,-30607,10031,20576,0,0,0,0,1,0
2427,1263541,-24595,3475,21120,0,-28831,4073,24758,0,0,0,0,1,0
2428,1264062,-22133,-1741,23874,0,-25947,-2041,27988,0,0,0,0,1,0
2429,1264583,-18822,-6889,25711,0,-22066,-8077,30143,0,0,0,0,1,0
2430,1265104,-14787,-11772,26559,0,-17337,-13802,31140,0,0,0,0,1,0
2431,1265625,-10185,-16202,26387,0,-11942,-18997,30940,0,0,0,0,1,0
2432,1266145,-5192,-20009,25200,0,-6088,-23462,29551,0,0,0,0,1,0
2433,1266666,0,-23046,23046,0,0,-27026,27026,0,0,0,0,1,0
2434,1267187,5191,-25197,20006,0,6088,-29551,23462,0,0,0,0,1,0
2435,1267708,10182,-26380,16198,0,11942,-30940,18997,0,0,0,0,1,0
2436,1268229,14782,-26549,11768,0,17337,-31140,13802,0,0,0,0,1,0
2437,1268750,18812,-25698,6886,0,22066,-30143,8077,0,0,0,0,1,0
2438,1269270,22119,-23859,1740,0,25947,-27988,2041,0,0,0,0,1,0
2439,1269791,24576,-21104,-3472,0,28831,-24758,-4073,0,0,0,0,1,0
2440,1270312,26088,-17538,-8550,0,30607,-20576,-10031,0,0,0,0,1,0
2441,1270833,26598,-13299,-13299,0,31207,-15603,-15603,0,0,0,0,1,0
2442,1271354,26085,-8549,-17536,0,30607,-10031,-20576,0,0,0,0,1,0
2443,1271875,24570,-3471,-21099,0,28831,-4073,-24758,0,0,0,0,1,0
2444,1272395,22111,1739,-23850,0,25947,2041,-27988,0,0,0,0,1,0
2445,1272916,18803,6882,-25685,0,22066,8077,-30143,0,0,0,0,1,0
2446,1273437,14772,11760,-26533,0,17337,13802,-31140,0,0,0,0,1,0
2447,1273958,10175,16186,-26360,0,11942,18997,-30940,0,0,0,0,1,0
2448,1274479,5187,19989,-25175,0,6088,23462,-29551,0,0,0,0,1,0
2449,1275000,0,23023,-23023,0,0,27026,-27026,0,0,0,0,1,0
2450,1275520,-5186,25172,-19986,0,-6088,29551,-23462,0,0,0,0,1,0
2451,1276041,-10172,26354,-16182,0,-11942,30940,-18997,0,0,0,0,1,0
2452,1276562,-14767,26523,-11756,0,-17337,31140,-13802,0,0,0,0,1,0
2453,1277083,-18793,25672,-6879,0,-22066,30143,-8077,0,0,0,0,1,0
2454,1277604,-22097,23836,-1738,0,-25947,27988,-2041,0,0,0,0,1,0
2455,1278125,-24552,21083,3469,0,-28831,24758,4073,0,0,0,0,1,0
2456,1278645,-26062,17521,8542,0,-30607,20576,10031,0,0,0,0,1,0
2457,1279166,-26571,13286,13286,0,-31207,15603,15603,0,0,0,0,1,0
2458,1279687,-26059,8541,17519,0,-30607,10031,20576,0,0,0,0,1,0
2459,1280208,-24546,3468,21078,0,-28831,4073,24758,0,0,0,0,1,0
2460,1280729,-22089,-1738,23827,0,-25947,-2041,27988,0,0,0,0,1,0
2461,1281250,-18784,-6875,25660,0,-22066,-8077,30143,0,0,0,0,1,0
2462,1281770,-14758,-11749,26506,0,-17337,-13802,31140,0,0,0,0,1,0
2463,1282291,-10165,-16170,26334,0,-11942,-18997,30940,0,0,0,0,1,0
2464,1282812,-5182,-19969,25150,0,-6088,-23462,29551,0,0,0,0,1,0
2465,1283333,0,-23000,23000,0,0,-27026,27026,0,0,0,0,1,0
2466,1283854,5181,-25147,19966,0,6088,-29551,23462,0,0,0,0,1,0
2467,1284375,10162,-26328,16166,0,11942,-30940,18997,0,0,0,0,1,0
2468,1284895,14752,-26496,11744,0,17337,-31140,13802,0,0,0,0,1,0
2469,1285416,18775,-25647,6872,0,22066,-30143,8077,0,0,0,0,1,0
2470,1285937,22075,-23812,1736,0,25947,-27988,2041,0,0,0,0,1,0
2471,1286458,24527,-21062,-3465,0,28831,-24758,-4073,0,0,0,0,1,0
2472,1286979,26036,-17503,-8533,0,30607,-20576,-10031,0,0,0,0,1,0
2473,1287500,26545,-13272,-13272,0,31207,-15603,-15603,0,0,0,0,1,0
2474,1288020,26033,-8532,-17501,0,30607,-10031,-20576,0,0,0,0,1,0
2475,1288541,24521,-3464,-21057,0,28831,-4073,-24758,0,0,0,0,1,0
2476,1289062,22067,1736,-23803,0,25947,2041,-27988,0,0,0,0,1,0
2477,1289583,18765,6869,-25634,0,22066,8077,-30143,0,0,0,0,1,0
2478,1290104,14743,11737,-26480,0,17337,13802,-31140,0,0,0,0,1,0
2479,1290625,10155,16153,-26308,0,11942,18997,-30940,0,0,0,0,1,0
2480,1291145,5176,19949,-25125,0,6088,23462,-29551,0,0,0,0,1,0
2481,1291666,0,22977,-22977,0,0,27026,-27026,0,0,0,0,1,0
2482,1292187,-5176,25122,-19946,0,-6088,29551,-23462,0,0,0,0,1,0
2483,1292708,-10152,26301,-16149,0,-11942,30940,-18997,0,0,0,0,1,0
2484,1293229,-14737,26470,-11732,0,-17337,31140,-13802,0,0,0,0,1,0
2485,1293750,-18756,25621,-6865,0,-22066,30143,-8077,0,0,0,0,1,0
2486,1294270,-22053,23788,-1735,0,-25947,27988,-2041,0,0,0,0,1,0
2487,1294791,-24503,21041,3462,0,-28831,24758,4073,0,0,0,0,1,0
2488,1295312,-26011,17486,8525,0,-30607,20576,10031,0,0,0,0,1,0
2489,1295833,-26519,13259,13259,0,-31207,15603,15603,0,0,0,0,1,0
2490,1296354,-26007,8524,17484,0,-30607,10031,20576,0,0,0,0,1,0
2491,1296875,-24497,3461,21036,0,-28831,4073,24758,0,0,0,0,1,0
2492,1297395,-22045,-1734,23779,0,-25947,-2041,27988,0,0,0,0,1,0
2493,1297916,-18747,-6862,25609,0,-22066,-8077,30143,0,0,0,0,1,0
2494,1298437,-14728,-11725,26454,0,-17337,-13802,31140,0,0,0,0,1,0
2495,1298958,-10144,-16137,26282,0,-11942,-18997,30940,0,0,0,0,1,0
2496,1299479,-5171,-19929,25100,0,-6088,-23462,29551,0,0,0,0,1,0
2497,1300000,0,-22954,22954,0,0,-27026,27026,0,0,0,0,1,0
2498,1300520,5171,-25097,19927,0,6088,-29551,23462,0,0,0,0,1,0
2499,1301041,10142,-26275,16133,0,11942,-30940,18997,0,0,0,0,1,0
2500,1301562,14723,-26444,11721,0,17337,-31140,13802,0,0,0,0,1,0
2501,1302083,18738,-25596,6858,0,22066,-30143,8077,0,0,0,0,1,0
2502,1302604,22032,-23765,1733,0,25947,-27988,2041,0,0,0,0,1,0
2503,1303125,24479,-21020,-3458,0,28831,-24758,-4073,0,0,0,0,1,0
2504,1303645,25985,-17469,-8516,0,30607,-20576,-10031,0,0,0,0,1,0
2505,1304166,26492,-13246,-13246,0,31207,-15603,-15603,0,0,0,0,1,0
2506,1304687,25982,-8515,-17467,0,30607,-10031,-20576,0,0,0,0,1,0
2507,1305208,24473,-3458,-21015,0,28831,-4073,-24758,0,0,0,0,1,0
2508,1305729,22023,1732,-23756,0,25947,2041,-27988,0,0,0,0,1,0
2509,1306250,18728,6855,-25583,0,22066,8077,-30143,0,0,0,0,1,0
2510,1306770,14714,11714,-26427,0,17337,13802,-31140,0,0,0,0,1,0
2511,1307291,10134,16122,-26256,0,11942,18997,-30940,0,0,0,0,1,0
2512,1307812,5166,19909,-25076,0,6088,23462,-29551,0,0,0,0,1,0
2513,1308333,0,22932,-22932,0,0,27026,-27026,0,0,0,0,1,0
2514,1308854,-5166,25072,-19907,0,-6088,29551,-23462,0,0,0,0,1,0
2515,1309375,-10132,26249,-16118,0,-11942,30940,-18997,0,0,0,0,1,0
2516,1309895,-14708,26418,-11709,0,-17337,31140,-13802,0,0,0,0,1,0
2517,1310416,-18719,25571,-6852,0,-22066,30143,-8077,0,0,0,0,1,0
2518,1310937,-22010,23741,-1731,0,-25947,27988,-2041,0,0,0,0,1,0
2519,1311458,-24455,21000,3455,0,-28831,24758,4073,0,0,0,0,1,0
2520,1311979,-25959,17451,8508,0,-30607,20576,10031,0,0,0,0,1,0
2521,1312500,-26466,13233,13233,0,-31207,15603,15603,0,0,0,0,1,0
2522,1313020,-25956,8507,17449,0,-30607,10031,20576,0,0,0,0,1,0
2523,1313541,-24449,3454,20994,0,-28831,4073,24758,0,0,0,0,1,0
2524,1314062,-22002,-1731,23732,0,-25947,-2041,27988,0,0,0,0,1,0
2525,1314583,-18710,-6848,25558,0,-22066,-8077,30143,0,0,0,0,1,0
2526,1315104,-14699,-11702,26401,0,-17337,-13802,31140,0,0,0,0,1,0
2527,1315625,-10124,-16106,26230,0,-11942,-18997,30940,0,0,0,0,1,0
2528,1316145,-5161,-19890,25051,0,-6088,-23462,29551,0,0,0,0,1,0
2529,1316666,0,-22909,22909,0,0,-27026,27026,0,0,0,0,1,0
2530,1317187,5160,-25048,19887,0,6088,-29551,23462,0,0,0,0,1,0
2531,1317708,10122,-26224,16102,0,11942,-30940,18997,0,0,0,0,1,0
2532,1318229,14694,-26392,11698,0,17337,-31140,13802,0,0,0,0,1,0
2533,1318750,18701,-25545,6845,0,22066,-30143,8077,0,0,0,0,1,0
2534,1319270,21988,-23718,1730,0,25947,-27988,2041,0,0,0,0,1,0
2535,1319791,24430,-20979,-3452,0,28831,-24758,-4073,0,0,0,0,1,0
2536,1320312,25934,-17434,-8499,0,30607,-20576,-10031,0,0,0,0,1,0
2537,1320833,26440,-13220,-13220,0,31207,-15603,-15603,0,0,0,0,1,0
2538,1321354,25930,-8498,-17432,0,30607,-10031,-20576,0,0,0,0,1,0
2539,1321875,24424,-3451,-20974,0,28831,-4073,-24758,0,0,0,0,1,0
2540,1322395,21980,1729,-23709,0,25947,2041,-27988,0,0,0,0,1,0
2541,1322916,18691,6842,-25533,0,22066,8077,-30143,0,0,0,0,1,0
2542,1323437,14685,11691,-26375,0,17337,13802,-31140,0,0,0,0,1,0
2543,1323958,10114,16090,-26204,0,11942,18997,-30940,0,0,0,0,1,0
2544,1324479,5156,19870,-25026,0,6088,23462,-29551,0,0,0,0,1,0
2545,1325000,0,22887,-22887,0,0,27026,-27026,0,0,0,0,1,0
2546,1325520,-5155,25023,-19868,0,-6088,29551,-23462,0,0,0,0,1,0
2547,1326041,-10112,26198,-16086,0,-11942,30940,-18997,0,0,0,0,1,0
2548,1326562,-14679,26366,-11686,0,-17337,31140,-13802,0,0,0,0,1,0
2549,1327083,-18682,25520,-6838,0,-22066,30143,-8077,0,0,0,0,1,0
2550,1327604,-21967,23694,-1728,0,-25947,27988,-2041,0,0,0,0,1,0
2551,1328125,-24406,20958,3448,0,-28831,24758,4073,0,0,0,0,1,0
2552,1328645,-25908,17417,8491,0,-30607,20576,10031,0,0,0,0,1,0
2553,1329166,-26414,13207,13207,0,-31207,15603,15603,0,0,0,0,1,0
2554,1329687,-25905,8490,17415,0,-30607,10031,20576,0,0,0,0,1,0
2555,1330208,-24400,3447,20953,0,-28831,4073,24758,0,0,0,0,1,0
2556,1330729,-21959,-1727,23686,0,-25947,-2041,27988,0,0,0,0,1,0
2557,1331250,-18673,-6835,25508,0,-22066,-8077,30143,0,0,0,0,1,0
2558,1331770,-14670,-11679,26349,0,-17337,-13802,31140,0,0,0,0,1,0
2559,1332291,-10105,-16074,26179,0,-11942,-18997,30940,0,0,0,0,1,0
2560,1332812,-5151,-19851,25002,0,-6088,-23462,29551,0,0,0,0,1,0
2561,1333333,0,-22864,22864,0,0,-27026,27026,0,0,0,0,1,0
2562,1333854,5150,-24999,19848,0,6088,-29551,23462,0,0,0,0,1,0
2563,1334375,10102,-26172,16070,0,11942,-30940,18997,0,0,0,0,1,0
2564,1334895,14665,-26340,11675,0,17337,-31140,13802,0,0,0,0,1,0
2565,1335416,18664,-25495,6831,0,22066,-30143,8077,0,0,0,0,1,0
2566,1335937,21945,-23671,1726,0,25947,-27988,2041,0,0,0,0,1,0
2567,1336458,24383,-20938,-3445,0,28831,-24758,-4073,0,0,0,0,1,0
2568,1336979,25883,-17400,-8483,0,30607,-20576,-10031,0,0,0,0,1,0
2569,1337500,26388,-13194,-13194,0,31207,-15603,-15603,0,0,0,0,1,0
2570,1338020,25880,-8482,-17398,0,30607,-10031,-20576,0,0,0,0,1,0
2571,1338541,24377,-3444,-20933,0,28831,-4073,-24758,0,0,0,0,1,0
2572,1339062,21937,1726,-23663,0,25947,2041,-27988,0,0,0,0,1,0
2573,1339583,18655,6828,-25483,0,22066,8077,-30143,0,0,0,0,1,0
2574,1340104,14656,11668,-26324,0,17337,13802,-31140,0,0,0,0,1,0
2575,1340625,10095,16058,-26153,0,11942,18997,-30940,0,0,0,0,1,0
2576,1341145,5146,19831,-24977,0,6088,23462,-29551,0,0,0,0,1,0
2577,1341666,0,22842,-22842,0,0,27026,-27026,0,0,0,0,1,0
2578,1342187,-5145,24974,-19829,0,-6088,29551,-23462,0,0,0,0,1,0
2579,1342708,-10092,26147,-16054,0,-11942,30940,-18997,0,0,0,0,1,0
2580,1343229,-14651,26314,-11663,0,-17337,31140,-13802,0,0,0,0,1,0
2581,1343750,-18646,25470,-6825,0,-22066,30143,-8077,0,0,0,0,1,0
2582,1344270,-21924,23648,-1725,0,-25947,27988,-2041,0,0,0,0,1,0
2583,1344791,-24359,20917,3441,0,-28831,24758,4073,0,0,0,0,1,0
2584,1345312,-25858,17383,8474,0,-30607,20576,10031,0,0,0,0,1,0
2585,1345833,-26362,13181,13181,0,-31207,15603,15603,0,0,0,0,1,0
2586,1346354,-25854,8473,17381,0,-30607,10031,20576,0,0,0,0,1,0
2587,1346875,-24353,3441,20912,0,-28831,4073,24758,0,0,0,0,1,0
2588,1347395,-21916,-1724,23639,0,-25947,-2041,27988,0,0,0,0,1,0
2589,1347916,-18637,-6821,25458,0,-22066,-8077,30143,0,0,0,0,1,0
2590,1348437,-14642,-11656,26298,0,-17337,-13802,31140,0,0,0,0,1,0
2591,1348958,-10085,-16043,26127,0,-11942,-18997,30940,0,0,0,0,1,0
2592,1349479,-5141,-19812,24953,0,-6088,-23462,29551,0,0,0,0,1,0
2593,1350000,0,-22819,22819,0,0,-27026,27026,0,0,0,0,1,0
2594,1350520,5140,-24950,19809,0,6088,-29551,23462,0,0,0,0,1,0
2595,1351041,10082,-26121,16039,0,11942,-30940,18997,0,0,0,0,1,0
2596,1351562,14636,-26288,11652,0,17337,-31140,13802,0,0,0,0,1,0
2597,1352083,18627,-25446,6818,0,22066,-30143,8077,0,0,0,0,1,0
2598,1352604,21902,-23625,1723,0,25947,-27988,2041,0,0,0,0,1,0
2599,1353125,24335,-20897,-3438,0,28831,-24758,-4073,0,0,0,0,1,0
2600,1353645,25832,-17366,-8466,0,30607,-20576,-10031,0,0,0,0,1,0
2601,1354166,26337,-13168,-13168,0,31207,-15603,-15603,0,0,0,0,1,0
2602,1354687,25829,-8465,-17364,0,30607,-10031,-20576,0,0,0,0,1,0
2603,1355208,24329,-3437,-20892,0,28831,-4073,-24758,0,0,0,0,1,0
2604,1355729,21894,1722,-23616,0,25947,2041,-27988,0,0,0,0,1,0
2605,1356250,18618,6815,-25433,0,22066,8077,-30143,0,0,0,0,1,0
2606,1356770,14627,11645,-26272,0,17337,13802,-31140,0,0,0,0,1,0
2607,1357291,10075,16027,-26102,0,11942,18997,-30940,0,0,0,0,1,0
2608,1357812,5136,19793,-24928,0,6088,23462,-29551,0,0,0,0,1,0
2609,1358333,0,22797,-22797,0,0,27026,-27026,0,0,0,0,1,0
2610,1358854,-5135,24925,-19790,0,-6088,29551,-23462,0,0,0,0,1,0
2611,1359375,-10073,26096,-16023,0,-11942,30940,-18997,0,0,0,0,1,0
2612,1359895,-14622,26263,-11641,0,-17337,31140,-13802,0,0,0,0,1,0
2613,1360416,-18609,25421,-6811,0,-22066,30143,-8077,0,0,0,0,1,0
2614,1360937,-21881,23602,-1721,0,-25947,27988,-2041,0,0,0,0,1,0
2615,1361458,-24311,20877,3435,0,-28831,24758,4073,0,0,0,0,1,0
2616,1361979,-25807,17349,8458,0,-30607,20576,10031,0,0,0,0,1,0
2617,1362500,-26311,13156,13156,0,-31207,15603,15603,0,0,0,0,1,0
2618,1363020,-25804,8457,17347,0,-30607,10031,20576,0,0,0,0,1,0
2619,1363541,-24305,3434,20872,0,-28831,4073,24758,0,0,0,0,1,0
2620,1364062,-21873,-1721,23593,0,-25947,-2041,27988,0,0,0,0,1,0
2621,1364583,-18600,-6808,25408,0,-22066,-8077,30143,0,0,0,0,1,0
2622,1365104,-14613,-11634,26247,0,-17337,-13802,31140,0,0,0,0,1,0
2623,1365625,-10065,-16011,26077,0,-11942,-18997,30940,0,0,0,0,1,0
2624,1366145,-5131,-19773,24904,0,-6088,-23462,29551,0,0,0,0,1,0
2625,1366666,0,-22775,22775,0,0,-27026,27026,0,0,0,0,1,0
2626,1367187,5130,-24901,19771,0,6088,-29551,23462,0,0,0,0,1,0
2627,1367708,10063,-26070,16008,0,11942,-30940,18997,0,0,0,0,1,0
2628,1368229,14608,-26237,11629,0,17337,-31140,13802,0,0,0,0,1,0
2629,1368750,18591,-25396,6805,0,22066,-30143,8077,0,0,0,0,1,0
2630,1369270,21860,-23579,1719,0,25947,-27988,2041,0,0,0,0,1,0
2631,1369791,24288,-20856,-3431,0,28831,-24758,-4073,0,0,0,0,1,0
2632,1370312,25782,-17332,-8450,0,30607,-20576,-10031,0,0,0,0,1,0
2633,1370833,26286,-13143,-13143,0,31207,-15603,-15603,0,0,0,0,1,0
2634,1371354,25779,-8449,-17330,0,30607,-10031,-20576,0,0,0,0,1,0
2635,1371875,24282,-3431,-20851,0,28831,-4073,-24758,0,0,0,0,1,0
2636,1372395,21852,1719,-23571,0,25947,2041,-27988,0,0,0,0,1,0
2637,1372916,18582,6802,-25384,0,22066,8077,-30143,0,0,0,0,1,0
2638,1373437,14599,11622,-26221,0,17337,13802,-31140,0,0,0,0,1,0
2639,1373958,10055,15996,-26051,0,11942,18997,-30940,0,0,0,0,1,0
2640,1374479,5126,19754,-24880,0,6088,23462,-29551,0,0,0,0,1,0
2641,1375000,0,22753,-22753,0,0,27026,-27026,0,0,0,0,1,0
2642,1375520,-5125,24877,-19752,0,-6088,29551,-23462,0,0,0,0,1,0
2643,1376041,-10053,26045,-15992,0,-11942,30940,-18997,0,0,0,0,1,0
2644,1376562,-14594,26212,-11618,0,-17337,31140,-13802,0,0,0,0,1,0
2645,1377083,-18573,25372,-6798,0,-22066,30143,-8077,0,0,0,0,1,0
2646,1377604,-21839,23556,-1718,0,-25947,27988,-2041,0,0,0,0,1,0
2647,1378125,-24264,20836,3428,0,-28831,24758,4073,0,0,0,0,1,0
2648,1378645,-25757,17316,8442,0,-30607,20576,10031,0,0,0,0,1,0
2649,1379166,-26260,13130,13130,0,-31207,15603,15603,0,0,0,0,1,0
2650,1379687,-25754,8441,17314,0,-30607,10031,20576,0,0,0,0,1,0
2651,1380208,-24258,3427,20831,0,-28831,4073,24758,0,0,0,0,1,0
2652,1380729,-21831,-1717,23548,0,-25947,-2041,27988,0,0,0,0,1,0
2653,1381250,-18564,-6795,25359,0,-22066,-8077,30143,0,0,0,0,1,0
2654,1381770,-14585,-11611,26196,0,-17337,-13802,31140,0,0,0,0,1,0
2655,1382291,-10046,-15980,26026,0,-11942,-18997,30940,0,0,0,0,1,0
2656,1382812,-5121,-19735,24856,0,-6088,-23462,29551,0,0,0,0,1,0
2657,1383333,0,-22731,22731,0,0,-27026,27026,0,0,0,0,1,0
2658,1383854,5120,-24853,19733,0,6088,-29551,23462,0,0,0,0,1,0
2659,1384375,10043,-26020,15977,0,11942,-30940,18997,0,0,0,0,1,0
2660,1384895,14580,-26187,11607,0,17337,-31140,13802,0,0,0,0,1,0
2661,1385416,18555,-25347,6792,0,22066,-30143,8077,0,0,0,0,1,0
2662,1385937,21818,-23534,1716,0,25947,-27988,2041,0,0,0,0,1,0
2663,1386458,24241,-20816,-3425,0,28831,-24758,-4073,0,0,0,0,1,0
2664,1386979,25732,-17299,-8433,0,30607,-20576,-10031,0,0,0,0,1,0
2665,1387500,26235,-13117,-13117,0,31207,-15603,-15603,0,0,0,0,1,0
2666,1388020,25729,-8432,-17297,0,30607,-10031,-20576,0,0,0,0,1,0
2667,1388541,24235,-3424,-20811,0,28831,-4073,-24758,0,0,0,0,1,0
2668,1389062,21810,1716,-23525,0,25947,2041,-27988,0,0,0,0,1,0
2669,1389583,18546,6788,-25335,0,22066,8077,-30143,0,0,0,0,1,0
2670,1390104,14571,11600,-26171,0,17337,13802,-31140,0,0,0,0,1,0
2671,1390625,10036,15965,-26001,0,11942,18997,-30940,0,0,0,0,1,0
2672,1391145,5116,19716,-24832,0,6088,23462,-29551,0,0,0,0,1,0
2673,1391666,0,22709,-22709,0,0,27026,-27026,0,0,0,0,1,0
2674,1392187,-5115,24829,-19714,0,-6088,29551,-23462,0,0,0,0,1,0
2675,1392708,-10034,25995,-15961,0,-11942,30940,-18997,0,0,0,0,1,0
2676,1393229,-14566,26161,-11596,0,-17337,31140,-13802,0,0,0,0,1,0
2677,1393750,-18538,25323,-6785,0,-22066,30143,-8077,0,0,0,0,1,0
2678,1394270,-21797,23511,-1715,0,-25947,27988,-2041,0,0,0,0,1,0
2679,1394791,-24218,20796,3421,0,-28831,24758,4073,0,0,0,0,1,0
2680,1395312,-25708,17282,8425,0,-30607,20576,10031,0,0,0,0,1,0
2681,1395833,-26210,13105,13105,0,-31207,15603,15603,0,0,0,0,1,0
2682,1396354,-25705,8424,17280,0,-30607,10031,20576,0,0,0,0,1,0
2683,1396875,-24212,3421,20791,0,-28831,4073,24758,0,0,0,0,1,0
2684,1397395,-21789,-1714,23503,0,-25947,-2041,27988,0,0,0,0,1,0
2685,1397916,-18529,-6782,25311,0,-22066,-8077,30143,0,0,0,0,1,0
2686,1398437,-14557,-11589,26146,0,-17337,-13802,31140,0,0,0,0,1,0
2687,1398958,-10026,-15950,25976,0,-11942,-18997,30940,0,0,0,0,1,0
2688,1399479,-5111,-19697,24808,0,-6088,-23462,29551,0,0,0,0,1,0
2689,1400000,0,-22687,22687,0,0,-27026,27026,0,0,0,0,1,0
2690,1400520,5110,-24805,19695,0,6088,-29551,23462,0,0,0,0,1,0
2691,1401041,10024,-25970,15946,0,11942,-30940,18997,0,0,0,0,1,0
2692,1401562,14552,-26136,11585,0,17337,-31140,13802,0,0,0,0,1,0
2693,1402083,18520,-25298,6779,0,22066,-30143,8077,0,0,0,0,1,0
2694,1402604,21776,-23488,1713,0,25947,-27988,2041,0,0,0,0,1,0
2695,1403125,24194,-20776,-3418,0,28831,-24758,-4073,0,0,0,0,1,0
2696,1403645,25683,-17266,-8417,0,30607,-20576,-10031,0,0,0,0,1,0
2697,1404166,26185,-13092,-13092,0,31207,-15603,-15603,0,0,0,0,1,0
2698,1404687,25680,-8416,-17264,0,30607,-10031,-20576,0,0,0,0,1,0
2699,1405208,24188,-3417,-20771,0,28831,-4073,-24758,0,0,0,0,1,0
2700,1405729,21768,1712,-23480,0,25947,2041,-27988,0,0,0,0,1,0
2701,1406250,18511,6775,-25286,0,22066,8077,-30143,0,0,0,0,1,0
2702,1406770,14543,11578,-26121,0,17337,13802,-31140,0,0,0,0,1,0
2703,1407291,10017,15934,-25951,0,11942,18997,-30940,0,0,0,0,1,0
2704,1407812,5106,19678,-24785,0,6088,23462,-29551,0,0,0,0,1,0
2705,1408333,0,22666,-22666,0,0,27026,-27026,0,0,0,0,1,0
2706,1408854,-5106,24782,-19676,0,-6088,29551,-23462,0,0,0,0,1,0
2707,1409375,-10014,25945,-15931,0,-11942,30940,-18997,0,0,0,0,1,0
2708,1409895,-14538,26111,-11574,0,-17337,31140,-13802,0,0,0,0,1,0
2709,1410416,-18502,25274,-6772,0,-22066,30143,-8077,0,0,0,0,1,0
2710,1410937,-21755,23466,-1711,0,-25947,27988,-2041,0,0,0,0,1,0
2711,1411458,-24171,20756,3415,0,-28831,24758,4073,0,0,0,0,1,0
2712,1411979,-25658,17249,8409,0,-30607,20576,10031,0,0,0,0,1,0
2713,1412500,-26160,13080,13080,0,-31207,15603,15603,0,0,0,0,1,0
2714,1413020,-25655,8408,17247,0,-30607,10031,20576,0,0,0,0,1,0
2715,1413541,-24165,3414,20751,0,-28831,4073,24758,0,0,0,0,1,0
2716,1414062,-21747,-1711,23458,0,-25947,-2041,27988,0,0,0,0,1,0
2717,1414583,-18493,-6769,25262,0,-22066,-8077,30143,0,0,0,0,1,0
2718,1415104,-14529,-11567,26096,0,-17337,-13802,31140,0,0,0,0,1,0
2719,1415625,-10007,-15919,25926,0,-11942,-18997,30940,0,0,0,0,1,0
2720,1416145,-5101,-19660,24761,0,-6088,-23462,29551,0,0,0,0,1,0
2721,1416666,0,-22644,22644,0,0,-27026,27026,0,0,0,0,1,0
2722,1417187,5101,-24758,19657,0,6088,-29551,23462,0,0,0,0,1,0
2723,1417708,10005,-25920,15915,0,11942,-30940,18997,0,0,0,0,1,0
2724,1418229,14524,-26086,11562,0,17337,-31140,13802,0,0,0,0,1,0
2725,1418750,18484,-25250,6766,0,22066,-30143,8077,0,0,0,0,1,0
2726,1419270,21734,-23444,1710,0,25947,-27988,2041,0,0,0,0,1,0
2727,1419791,24148,-20736,-3412,0,28831,-24758,-4073,0,0,0,0,1,0
2728,1420312,25634,-17233,-8401,0,30607,-20576,-10031,0,0,0,0,1,0
2729,1420833,26135,-13067,-13067,0,31207,-15603,-15603,0,0,0,0,1,0
2730,1421354,25631,-8400,-17231,0,30607,-10031,-20576,0,0,0,0,1,0
2731,1421875,24142,-3411,-20731,0,28831,-4073,-24758,0,0,0,0,1,0
2732,1422395,21726,1709,-23435,0,25947,2041,-27988,0,0,0,0,1,0
2733,1422916,18476,6763,-25238,0,22066,8077,-30143,0,0,0,0,1,0
2734,1423437,14515,11556,-26071,0,17337,13802,-31140,0,0,0,0,1,0
2735,1423958,9998,15904,-25902,0,11942,18997,-30940,0,0,0,0,1,0
2736,1424479,5096,19641,-24737,0,6088,23462,-29551,0,0,0,0,1,0
2737,1425000,0,22622,-22622,0,0,27026,-27026,0,0,0,0,1,0
2738,1425520,-5096,24734,-19638,0,-6088,29551,-23462,0,0,0,0,1,0
2739,1426041,-9995,25896,-15900,0,-11942,30940,-18997,0,0,0,0,1,0
2740,1426562,-14510,26062,-11551,0,-17337,31140,-13802,0,0,0,0,1,0
2741,1427083,-18467,25226,-6759,0,-22066,30143,-8077,0,0,0,0,1,0
2742,1427604,-21713,23421,-1708,0,-25947,27988,-2041,0,0,0,0,1,0
2743,1428125,-24125,20717,3408,0,-28831,24758,4073,0,0,0,0,1,0
2744,1428645,-25610,17216,8393,0,-30607,20576,10031,0,0,0,0,1,0
2745,1429166,-26110,13055,13055,0,-31207,15603,15603,0,0,0,0,1,0
2746,1429687,-25606,8392,17214,0,-30607,10031,20576,0,0,0,0,1,0
2747,1430208,-24119,3408,20712,0,-28831,4073,24758,0,0,0,0,1,0
2748,1430729,-21706,-1707,23413,0,-25947,-2041,27988,0,0,0,0,1,0
2749,1431250,-18458,-6756,25214,0,-22066,-8077,30143,0,0,0,0,1,0
2750,1431770,-14501,-11545,26046,0,-17337,-13802,31140,0,0,0,0,1,0
2751,1432291,-9988,-15889,25877,0,-11942,-18997,30940,0,0,0,0,1,0
2752,1432812,-5092,-19622,24714,0,-6088,-23462,29551,0,0,0,0,1,0
2753,1433333,0,-22601,22601,0,0,-27026,27026,0,0,0,0,1,0
2754,1433854,5091,-24711,19620,0,6088,-29551,23462,0,0,0,0,1,0
2755,1434375,9986,-25871,15885,0,11942,-30940,18997,0,0,0,0,1,0
2756,1434895,14496,-26037,11540,0,17337,-31140,13802,0,0,0,0,1,0
2757,1435416,18449,-25202,6753,0,22066,-30143,8077,0,0,0,0,1,0
2758,1435937,21693,-23399,1706,0,25947,-27988,2041,0,0,0,0,1,0
2759,1436458,24102,-20697,-3405,0,28831,-24758,-4073,0,0,0,0,1,0
2760,1436979,25585,-17200,-8385,0,30607,-20576,-10031,0,0,0,0,1,0
2761,1437500,26085,-13042,-13042,0,31207,-15603,-15603,0,0,0,0,1,0
2762,1438020,25582,-8384,-17198,0,30607,-10031,-20576,0,0,0,0,1,0
2763,1438541,24096,-3404,-20692,0,28831,-4073,-24758,0,0,0,0,1,0
2764,1439062,21685,1706,-23391,0,25947,2041,-27988,0,0,0,0,1,0
2765,1439583,18440,6750,-25190,0,22066,8077,-30143,0,0,0,0,1,0
2766,1440104,14488,11534,-26021,0,17337,13802,-31140,0,0,0,0,1,0
2767,1440625,9979,15874,-25853,0,11942,18997,-30940,0,0,0,0,1,0
2768,1441145,5087,19604,-24690,0,6088,23462,-29551,0,0,0,0,1,0
2769,1441666,0,22579,-22579,0,0,27026,-27026,0,0,0,0,1,0
2770,1442187,-5086,24687,-19601,0,-6088,29551,-23462,0,0,0,0,1,0
2771,1442708,-9976,25846,-15870,0,-11942,30940,-18997,0,0,0,0,1,0
2772,1443229,-14483,26012,-11530,0,-17337,31140,-13802,0,0,0,0,1,0
2773,1443750,-18432,25178,-6746,0,-22066,30143,-8077,0,0,0,0,1,0
2774,1444270,-21672,23377,-1705,0,-25947,27988,-2041,0,0,0,0,1,0
2775,1444791,-24079,20677,3402,0,-28831,24758,4073,0,0,0,0,1,0
2776,1445312,-25561,17184,8377,0,-30607,20576,10031,0,0,0,0,1,0
2777,1445833,-26060,13030,13030,0,-31207,15603,15603,0,0,0,0,1,0
2778,1446354,-25558,8376,17182,0,-30607,10031,20576,0,0,0,0,1,0
2779,1446875,-24074,3401,20672,0,-28831,4073,24758,0,0,0,0,1,0
2780,1447395,-21664,-1704,23369,0,-25947,-2041,27988,0,0,0,0,1,0
2781,1447916,-18423,-6743,25166,0,-22066,-8077,30143,0,0,0,0,1,0
2782,1448437,-14474,-11523,25997,0,-17337,-13802,31140,0,0,0,0,1,0
2783,1448958,-9969,-15859,25828,0,-11942,-18997,30940,0,0,0,0,1,0
2784,1449479,-5082,-19585,24667,0,-6088,-23462,29551,0,0,0,0,1,0
2785,1450000,0,-22558,22558,0,0,-27026,27026,0,0,0,0,1,0
2786,1450520,5081,-24664,19583,0,6088,-29551,23462,0,0,0,0,1,0
2787,1451041,9967,-25822,15855,0,11942,-30940,18997,0,0,0,0,1,0
2788,1451562,14469,-25987,11519,0,17337,-31140,13802,0,0,0,0,1,0
2789,1452083,18414,-25154,6740,0,22066,-30143,8077,0,0,0,0,1,0
2790,1452604,21652,-23355,1703,0,25947,-27988,2041,0,0,0,0,1,0
2791,1453125,24057,-20658,-3399,0,28831,-24758,-4073,0,0,0,0,1,0
2792,1453645,25537,-17167,-8369,0,30607,-20576,-10031,0,0,0,0,1,0
2793,1454166,26036,-13018,-13018,0,31207,-15603,-15603,0,0,0,0,1,0
2794,1454687,25534,-8368,-17165,0,30607,-10031,-20576,0,0,0,0,1,0
2795,1455208,24051,-3398,-20653,0,28831,-4073,-24758,0,0,0,0,1,0
2796,1455729,21644,1703,-23346,0,25947,2041,-27988,0,0,0,0,1,0
2797,1456250,18406,6737,-25143,0,22066,8077,-30143,0,0,0,0,1,0
2798,1456770,14460,11512,-25972,0,17337,13802,-31140,0,0,0,0,1,0
2799,1457291,9960,15844,-25804,0,11942,18997,-30940,0,0,0,0,1,0
2800,1457812,5077,19567,-24644,0,6088,23462,-29551,0,0,0,0,1,0
2801,1458333,0,22537,-22537,0,0,27026,-27026,0,0,0,0,1,0
2802,1458854,-5077,24641,-19564,0,-6088,29551,-23462,0,0,0,0,1,0
2803,1459375,-9958,25798,-15840,0,-11942,30940,-18997,0,0,0,0,1,0
2804,1459895,-14455,25963,-11508,0,-17337,31140,-13802,0,0,0,0,1,0
2805,1460416,-18397,25131,-6734,0,-22066,30143,-8077,0,0,0,0,1,0
2806,1460937,-21631,23333,-1702,0,-25947,27988,-2041,0,0,0,0,1,0
2807,1461458,-24034,20638,3396,0,-28831,24758,4073,0,0,0,0,1,0
2808,1461979,-25513,17151,8361,0,-30607,20576,10031,0,0,0,0,1,0
2809,1462500,-26011,13006,13006,0,-31207,15603,15603,0,0,0,0,1,0
2810,1463020,-25510,8360,17149,0,-30607,10031,20576,0,0,0,0,1,0
2811,1463541,-24028,3395,20634,0,-28831,4073,24758,0,0,0,0,1,0
2812,1464062,-21624,-1701,23324,0,-25947,-2041,27988,0,0,0,0,1,0
2813,1464583,-18388,-6731,25119,0,-22066,-8077,30143,0,0,0,0,1,0
2814,1465104,-14447,-11501,25948,0,-17337,-13802,31140,0,0,0,0,1,0
2815,1465625,-9950,-15829,25779,0,-11942,-18997,30940,0,0,0,0,1,0
2816,1466145,-5072,-19548,24621,0,-6088,-23462,29551,0,0,0,0,1,0
2817,1466666,0,-22516,22516,0,0,-27026,27026,0,0,0,0,1,0
2818,1467187,5072,-24618,19546,0,6088,-29551,23462,0,0,0,0,1,0
2819,1467708,9948,-25773,15825,0,11942,-30940,18997,0,0,0,0,1,0
2820,1468229,14442,-25939,11497,0,17337,-31140,13802,0,0,0,0,1,0
2821,1468750,18380,-25107,6727,0,22066,-30143,8077,0,0,0,0,1,0
2822,1469270,21611,-23311,1700,0,25947,-27988,2041,0,0,0,0,1,0
2823,1469791,24011,-20619,-3392,0,28831,-24758,-4073,0,0,0,0,1,0
2824,1470312,25489,-17135,-8354,0,30607,-20576,-10031,0,0,0,0,1,0
2825,1470833,25987,-12993,-12993,0,31207,-15603,-15603,0,0,0,0,1,0
2826,1471354,25486,-8353,-17133,0,30607,-10031,-20576,0,0,0,0,1,0
2827,1471875,24006,-3392,-20614,0,28831,-4073,-24758,0,0,0,0,1,0
2828,1472395,21603,1699,-23303,0,25947,2041,-27988,0,0,0,0,1,0
2829,1472916,18371,6724,-25095,0,22066,8077,-30143,0,0,0,0,1,0
2830,1473437,14433,11490,-25923,0,17337,13802,-31140,0,0,0,0,1,0
2831,1473958,9941,15814,-25755,0,11942,18997,-30940,0,0,0,0,1,0
2832,1474479,5068,19530,-24597,0,6088,23462,-29551,0,0,0,0,1,0
2833,1475000,0,22495,-22495,0,0,27026,-27026,0,0,0,0,1,0
2834,1475520,-5067,24595,-19527,0,-6088,29551,-23462,0,0,0,0,1,0
2835,1476041,-9939,25749,-15810,0,-11942,30940,-18997,0,0,0,0,1,0
2836,1476562,-14428,25914,-11486,0,-17337,31140,-13802,0,0,0,0,1,0
2837,1477083,-18362,25083,-6721,0,-22066,30143,-8077,0,0,0,0,1,0
2838,1477604,-21591,23289,-1698,0,-25947,27988,-2041,0,0,0,0,1,0
2839,1478125,-23989,20600,3389,0,-28831,24758,4073,0,0,0,0,1,0
2840,1478645,-25465,17119,8346,0,-30607,20576,10031,0,0,0,0,1,0
2841,1479166,-25962,12981,12981,0,-31207,15603,15603,0,0,0,0,1,0
2842,1479687,-25462,8345,17117,0,-30607,10031,20576,0,0,0,0,1,0
2843,1480208,-23983,3388,20595,0,-28831,4073,24758,0,0,0,0,1,0
2844,1480729,-21583,-1698,23281,0,-25947,-2041,27988,0,0,0,0,1,0
2845,1481250,-18354,-6718,25072,0,-22066,-8077,30143,0,0,0,0,1,0
2846,1481770,-14420,-11479,25899,0,-17337,-13802,31140,0,0,0,0,1,0
2847,1482291,-9932,-15799,25731,0,-11942,-18997,30940,0,0,0,0,1,0
2848,1482812,-5063,-19511,24574,0,-6088,-23462,29551,0,0,0,0,1,0
2849,1483333,0,-22473,22473,0,0,-27026,27026,0,0,0,0,1,0
2850,1483854,5062,-24572,19509,0,6088,-29551,23462,0,0,0,0,1,0
2851,1484375,9930,-25725,15796,0,11942,-30940,18997,0,0,0,0,1,0
2852,1484895,14415,-25890,11475,0,17337,-31140,13802,0,0,0,0,1,0
2853,1485416,18345,-25060,6715,0,22066,-30143,8077,0,0,0,0,1,0
2854,1485937,21570,-23267,1697,0,25947,-27988,2041,0,0,0,0,1,0
2855,1486458,23966,-20580,-3386,0,28831,-24758,-4073,0,0,0,0,1,0
2856,1486979,25441,-17103,-8338,0,30607,-20576,-10031,0,0,0,0,1,0
2857,1487500,25938,-12969,-12969,0,31207,-15603,-15603,0,0,0,0,1,0
2858,1488020,25438,-8337,-17101,0,30607,-10031,-20576,0,0,0,0,1,0
2859,1488541,23961,-3385,-20576,0,28831,-4073,-24758,0,0,0,0,1,0
2860,1489062,21563,1696,-23259,0,25947,2041,-27988,0,0,0,0,1,0
2861,1489583,18337,6712,-25048,0,22066,8077,-30143,0,0,0,0,1,0
2862,1490104,14406,11469,-25875,0,17337,13802,-31140,0,0,0,0,1,0
2863,1490625,9923,15785,-25707,0,11942,18997,-30940,0,0,0,0,1,0
2864,1491145,5058,19493,-24551,0,6088,23462,-29551,0,0,0,0,1,0
2865,1491666,0,22452,-22452,0,0,27026,-27026,0,0,0,0,1,0
2866,1492187,-5058,24549,-19491,0,-6088,29551,-23462,0,0,0,0,1,0
2867,1492708,-9920,25701,-15781,0,-11942,30940,-18997,0,0,0,0,1,0
2868,1493229,-14401,25866,-11465,0,-17337,31140,-13802,0,0,0,0,1,0
2869,1493750,-18328,25037,-6709,0,-22066,30143,-8077,0,0,0,0,1,0
2870,1494270,-21550,23245,-1695,0,-25947,27988,-2041,0,0,0,0,1,0
2871,1494791,-23944,20561,3383,0,-28831,24758,4073,0,0,0,0,1,0
2872,1495312,-25417,17087,8330,0,-30607,20576,10031,0,0,0,0,1,0
2873,1495833,-25914,12957,12957,0,-31207,15603,15603,0,0,0,0,1,0
2874,1496354,-25414,8329,17085,0,-30607,10031,20576,0,0,0,0,1,0
2875,1496875,-23938,3382,20556,0,-28831,4073,24758,0,0,0,0,1,0
2876,1497395,-21543,-1695,23237,0,-25947,-2041,27988,0,0,0,0,1,0
2877,1497916,-18320,-6705,25025,0,-22066,-8077,30143,0,0,0,0,1,0
2878,1498437,-14393,-11458,25851,0,-17337,-13802,31140,0,0,0,0,1,0
2879,1498958,-9913,-15770,25683,0,-11942,-18997,30940,0,0,0,0,1,0
2880,1499479,-5053,-19475,24529,0,-6088,-23462,29551,0,0,0,0,1,0
2881,1500000,0,-22432,22432,0,0,-27026,27026,0,0,0,0,1,0
2882,1500520,5053,-24526,19473,0,6088,-29551,23462,0,0,0,0,1,0
2883,1501041,9911,-25677,15766,0,11942,-30940,18997,0,0,0,0,1,0
2884,1501562,14388,-25842,11454,0,17337,-31140,13802,0,0,0,0,1,0
2885,1502083,18311,-25013,6702,0,22066,-30143,8077,0,0,0,0,1,0
2886,1502604,21530,-23224,1694,0,25947,-27988,2041,0,0,0,0,1,0
2887,1503125,23922,-20542,-3380,0,28831,-24758,-4073,0,0,0,0,1,0
2888,1503645,25394,-17071,-8322,0,30607,-20576,-10031,0,0,0,0,1,0
2889,1504166,25890,-12945,-12945,0,31207,-15603,-15603,0,0,0,0,1,0
2890,1504687,25391,-8321,-17069,0,30607,-10031,-20576,0,0,0,0,1,0
2891,1505208,23916,-3379,-20537,0,28831,-4073,-24758,0,0,0,0,1,0
2892,1505729,21523,1693,-23216,0,25947,2041,-27988,0,0,0,0,1,0
2893,1506250,18303,6699,-25002,0,22066,8077,-30143,0,0,0,0,1,0
2894,1506770,14379,11447,-25827,0,17337,13802,-31140,0,0,0,0,1,0
2895,1507291,9904,15755,-25659,0,11942,18997,-30940,0,0,0,0,1,0
2896,1507812,5049,19457,-24506,0,6088,23462,-29551,0,0,0,0,1,0
2897,1508333,0,22411,-22411,0,0,27026,-27026,0,0,0,0,1,0
2898,1508854,-5048,24503,-19455,0,-6088,29551,-23462,0,0,0,0,1,0
2899,1509375,-9902,25653,-15752,0,-11942,30940,-18997,0,0,0,0,1,0
2900,1509895,-14374,25818,-11443,0,-17337,31140,-13802,0,0,0,0,1,0
2901,1510416,-18294,24990,-6696,0,-22066,30143,-8077,0,0,0,0,1,0
2902,1510937,-21510,23202,-1692,0,-25947,27988,-2041,0,0,0,0,1,0
2903,1511458,-23900,20523,3377,0,-28831,24758,4073,0,0,0,0,1,0
2904,1511979,-25370,17055,8315,0,-30607,20576,10031,0,0,0,0,1,0
2905,1512500,-25866,12933,12933,0,-31207,15603,15603,0,0,0,0,1,0
2906,1513020,-25367,8314,17053,0,-30607,10031,20576,0,0,0,0,1,0
2907,1513541,-23894,3376,20518,0,-28831,4073,24758,0,0,0,0,1,0
2908,1514062,-21503,-1691,23194,0,-25947,-2041,27988,0,0,0,0,1,0
2909,1514583,-18286,-6693,24979,0,-22066,-8077,30143,0,0,0,0,1,0
2910,1515104,-14366,-11437,25803,0,-17337,-13802,31140,0,0,0,0,1,0
2911,1515625,-9895,-15741,25636,0,-11942,-18997,30940,0,0,0,0,1,0
2912,1516145,-5044,-19439,24483,0,-6088,-23462,29551,0,0,0,0,1,0
2913,1516666,0,-22390,22390,0,0,-27026,27026,0,0,0,0,1,0
2914,1517187,5044,-24480,19437,0,6088,-29551,23462,0,0,0,0,1,0
2915,1517708,9893,-25630,15737,0,11942,-30940,18997,0,0,0,0,1,0
2916,1518229,14361,-25794,11433,0,17337,-31140,13802,0,0,0,0,1,0
2917,1518750,18277,-24967,6690,0,22066,-30143,8077,0,0,0,0,1,0
2918,1519270,21490,-23181,1690,0,25947,-27988,2041,0,0,0,0,1,0
2919,1519791,23877,-20504,-3373,0,28831,-24758,-4073,0,0,0,0,1,0
2920,1520312,25347,-17040,-8307,0,30607,-20576,-10031,0,0,0,0,1,0
2921,1520833,25842,-12921,-12921,0,31207,-15603,-15603,0,0,0,0,1,0
2922,1521354,25344,-8306,-17038,0,30607,-10031,-20576,0,0,0,0,1,0
2923,1521875,23872,-3373,-20499,0,28831,-4073,-24758,0,0,0,0,1,0
2924,1522395,21483,1690,-23173,0,25947,2041,-27988,0,0,0,0,1,0
2925,1522916,18269,6687,-24956,0,22066,8077,-30143,0,0,0,0,1,0
2926,1523437,14353,11426,-25779,0,17337,13802,-31140,0,0,0,0,1,0
2927,1523958,9886,15726,-25612,0,11942,18997,-30940,0,0,0,0,1,0
2928,1524479,5039,19421,-24461,0,6088,23462,-29551,0,0,0,0,1,0
2929,1525000,0,22369,-22369,0,0,27026,-27026,0,0,0,0,1,0
2930,1525520,-5039,24458,-19419,0,-6088,29551,-23462,0,0,0,0,1,0
2931,1526041,-9884,25606,-15722,0,-11942,30940,-18997,0,0,0,0,1,0
2932,1526562,-14348,25770,-11422,0,-17337,31140,-13802,0,0,0,0,1,0
2933,1527083,-18260,24944,-6684,0,-22066,30143,-8077,0,0,0,0,1,0
2934,1527604,-21471,23159,-1689,0,-25947,27988,-2041,0,0,0,0,1,0
2935,1528125,-23855,20485,3370,0,-28831,24758,4073,0,0,0,0,1,0
2936,1528645,-25323,17024,8299,0,-30607,20576,10031,0,0,0,0,1,0
2937,1529166,-25818,12909,12909,0,-31207,15603,15603,0,0,0,0,1,0
2938,1529687,-25320,8298,17022,0,-30607,10031,20576,0,0,0,0,1,0
2939,1530208,-23850,3370,20480,0,-28831,4073,24758,0,0,0,0,1,0
2940,1530729,-21463,-1688,23151,0,-25947,-2041,27988,0,0,0,0,1,0
2941,1531250,-18252,-6681,24933,0,-22066,-8077,30143,0,0,0,0,1,0
2942,1531770,-14340,-11416,25755,0,-17337,-13802,31140,0,0,0,0,1,0
2943,1532291,-9877,-15712,25588,0,-11942,-18997,30940,0,0,0,0,1,0
2944,1532812,-5035,-19403,24438,0,-6088,-23462,29551,0,0,0,0,1,0
2945,1533333,0,-22349,22349,0,0,-27026,27026,0,0,0,0,1,0
2946,1533854,5034,-24435,19401,0,6088,-29551,23462,0,0,0,0,1,0
2947,1534375,9874,-25582,15708,0,11942,-30940,18997,0,0,0,0,1,0
2948,1534895,14335,-25746,11412,0,17337,-31140,13802,0,0,0,0,1,0
2949,1535416,18243,-24921,6678,0,22066,-30143,8077,0,0,0,0,1,0
2950,1535937,21451,-23138,1687,0,25947,-27988,2041,0,0,0,0,1,0
2951,1536458,23833,-20466,-3367,0,28831,-24758,-4073,0,0,0,0,1,0
2952,1536979,25300,-17008,-8292,0,30607,-20576,-10031,0,0,0,0,1,0
2953,1537500,25794,-12897,-12897,0,31207,-15603,-15603,0,0,0,0,1,0
2954,1538020,25297,-8291,-17006,0,30607,-10031,-20576,0,0,0,0,1,0
2955,1538541,23828,-3366,-20462,0,28831,-4073,-24758,0,0,0,0,1,0
2956,1539062,21443,1687,-23130,0,25947,2041,-27988,0,0,0,0,1,0
2957,1539583,18235,6675,-24910,0,22066,8077,-30143,0,0,0,0,1,0
2958,1540104,14326,11405,-25732,0,17337,13802,-31140,0,0,0,0,1,0
2959,1540625,9868,15697,-25565,0,11942,18997,-30940,0,0,0,0,1,0
2960,1541145,5030,19385,-24416,0,6088,23462,-29551,0,0,0,0,1,0
2961,1541666,0,22328,-22328,0,0,27026,-27026,0,0,0,0,1,0
2962,1542187,-5030,24413,-19383,0,-6088,29551,-23462,0,0,0,0,1,0
2963,1542708,-9865,25559,-15694,0,-11942,30940,-18997,0,0,0,0,1,0
2964,1543229,-14321,25723,-11401,0,-17337,31140,-13802,0,0,0,0,1,0
2965,1543750,-18227,24898,-6671,0,-22066,30143,-8077,0,0,0,0,1,0
2966,1544270,-21431,23117,-1686,0,-25947,27988,-2041,0,0,0,0,1,0
2967,1544791,-23812,20448,3364,0,-28831,24758,4073,0,0,0,0,1,0
2968,1545312,-25277,16993,8284,0,-30607,20576,10031,0,0,0,0,1,0
2969,1545833,-25771,12885,12885,0,-31207,15603,15603,0,0,0,0,1,0
2970,1546354,-25274,8283,16991,0,-30607,10031,20576,0,0,0,0,1,0
2971,1546875,-23806,3363,20443,0,-28831,4073,24758,0,0,0,0,1,0
2972,1547395,-21424,-1685,23109,0,-25947,-2041,27988,0,0,0,0,1,0
2973,1547916,-18218,-6668,24887,0,-22066,-8077,30143,0,0,0,0,1,0
2974,1548437,-14313,-11395,25708,0,-17337,-13802,31140,0,0,0,0,1,0
2975,1548958,-9859,-15683,25541,0,-11942,-18997,30940,0,0,0,0,1,0
2976,1549479,-5026,-19368,24393,0,-6088,-23462,29551,0,0,0,0,1,0
2977,1550000,0,-22308,22308,0,0,-27026,27026,0,0,0,0,1,0
2978,1550520,5025,-24390,19365,0,6088,-29551,23462,0,0,0,0,1,0
2979,1551041,9856,-25535,15679,0,11942,-30940,18997,0,0,0,0,1,0
2980,1551562,14308,-25699,11391,0,17337,-31140,13802,0,0,0,0,1,0
2981,1552083,18210,-24875,6665,0,22066,-30143,8077,0,0,0,0,1,0
2982,1552604,21412,-23096,1684,0,25947,-27988,2041,0,0,0,0,1,0
2983,1553125,23790,-20429,-3361,0,28831,-24758,-4073,0,0,0,0,1,0
2984,1553645,25254,-16977,-8277,0,30607,-20576,-10031,0,0,0,0,1,0
2985,1554166,25747,-12873,-12873,0,31207,-15603,-15603,0,0,0,0,1,0
2986,1554687,25251,-8276,-16975,0,30607,-10031,-20576,0,0,0,0,1,0
2987,1555208,23784,-3360,-20424,0,28831,-4073,-24758,0,0,0,0,1,0
2988,1555729,21404,1684,-23088,0,25947,2041,-27988,0,0,0,0,1,0
2989,1556250,18202,6662,-24864,0,22066,8077,-30143,0,0,0,0,1,0
2990,1556770,14300,11384,-25685,0,17337,13802,-31140,0,0,0,0,1,0
2991,1557291,9850,15668,-25518,0,11942,18997,-30940,0,0,0,0,1,0
2992,1557812,5021,19350,-24371,0,6088,23462,-29551,0,0,0,0,1,0
2993,1558333,0,22287,-22287,0,0,27026,-27026,0,0,0,0,1,0
2994,1558854,-5020,24368,-19348,0,-6088,29551,-23462,0,0,0,0,1,0
2995,1559375,-9847,25512,-15665,0,-11942,30940,-18997,0,0,0,0,1,0
2996,1559895,-14295,25676,-11380,0,-17337,31140,-13802,0,0,0,0,1,0
2997,1560416,-18193,24853,-6659,0,-22066,30143,-8077,0,0,0,0,1,0
2998,1560937,-21392,23075,-1683,0,-25947,27988,-2041,0,0,0,0,1,0
2999,1561458,-23768,20410,3358,0,-28831,24758,4073,0,0,0,0,1,0
3000,1561979,-25231,16962,8269,0,-30607,20576,10031,0,0,0,0,1,0
3001,1562500,-25723,12862,12862,0,-31207,15603,15603,0,0,0,0,1,0
3002,1563020,-25228,8268,16960,0,-30607,10031,20576,0,0,0,0,1,0
3003,1563541,-23763,3357,20405,0,-28831,4073,24758,0,0,0,0,1,0
3004,1564062,-21385,-1682,23067,0,-25947,-2041,27988,0,0,0,0,1,0
3005,1564583,-18185,-6656,24841,0,-22066,-8077,30143,0,0,0,0,1,0
3006,1565104,-14287,-11374,25661,0,-17337,-13802,31140,0,0,0,0,1,0
3007,1565625,-9841,-15654,25495,0,-11942,-18997,30940,0,0,0,0,1,0
3008,1566145,-5016,-19332,24349,0,-6088,-23462,29551,0,0,0,0,1,0
3009,1566666,0,-22267,22267,0,0,-27026,27026,0,0,0,0,1,0
3010,1567187,5016,-24346,19330,0,6088,-29551,23462,0,0,0,0,1,0
3011,1567708,9838,-25489,15651,0,11942,-30940,18997,0,0,0,0,1,0
3012,1568229,14282,-25652,11370,0,17337,-31140,13802,0,0,0,0,1,0
3013,1568750,18177,-24830,6653,0,22066,-30143,8077,0,0,0,0,1,0
3014,1569270,21372,-23054,1681,0,25947,-27988,2041,0,0,0,0,1,0
3015,1569791,23746,-20392,-3355,0,28831,-24758,-4073,0,0,0,0,1,0
3016,1570312,25208,-16946,-8261,0,30607,-20576,-10031,0,0,0,0,1,0
3017,1570833,25700,-12850,-12850,0,31207,-15603,-15603,0,0,0,0,1,0
3018,1571354,25205,-8261,-16944,0,30607,-10031,-20576,0,0,0,0,1,0
3019,1571875,23741,-3354,-20387,0,28831,-4073,-24758,0,0,0,0,1,0
3020,1572395,21365,1681,-23046,0,25947,2041,-27988,0,0,0,0,1,0
3021,1572916,18169,6650,-24819,0,22066,8077,-30143,0,0,0,0,1,0
3022,1573437,14274,11364,-25638,0,17337,13802,-31140,0,0,0,0,1,0
3023,1573958,9832,15640,-25472,0,11942,18997,-30940,0,0,0,0,1,0
3024,1574479,5012,19315,-24327,0,6088,23462,-29551,0,0,0,0,1,0
3025,1575000,0,22247,-22247,0,0,27026,-27026,0,0,0,0,1,0
3026,1575520,-5011,24324,-19312,0,-6088,29551,-23462,0,0,0,0,1,0
3027,1576041,-9829,25466,-15636,0,-11942,30940,-18997,0,0,0,0,1,0
3028,1576562,-14269,25629,-11360,0,-17337,31140,-13802,0,0,0,0,1,0
3029,1577083,-18160,24807,-6647,0,-22066,30143,-8077,0,0,0,0,1,0
3030,1577604,-21353,23033,-1680,0,-25947,27988,-2041,0,0,0,0,1,0
3031,1578125,-23725,20373,3352,0,-28831,24758,4073,0,0,0,0,1,0
3032,1578645,-25185,16931,8254,0,-30607,20576,10031,0,0,0,0,1,0
3033,1579166,-25677,12838,12838,0,-31207,15603,15603,0,0,0,0,1,0
3034,1579687,-25182,8253,16929,0,-30607,10031,20576,0,0,0,0,1,0
3035,1580208,-23720,3351,20368,0,-28831,4073,24758,0,0,0,0,1,0
3036,1580729,-21346,-1679,23025,0,-25947,-2041,27988,0,0,0,0,1,0
3037,1581250,-18152,-6644,24796,0,-22066,-8077,30143,0,0,0,0,1,0
3038,1581770,-14261,-11353,25615,0,-17337,-13802,31140,0,0,0,0,1,0
3039,1582291,-9823,-15626,25448,0,-11942,-18997,30940,0,0,0,0,1,0
3040,1582812,-5007,-19297,24304,0,-6088,-23462,29551,0,0,0,0,1,0
3041,1583333,0,-22227,22227,0,0,-27026,27026,0,0,0,0,1,0
3042,1583854,5007,-24302,19295,0,6088,-29551,23462,0,0,0,0,1,0
3043,1584375,9821,-25443,15622,0,11942,-30940,18997,0,0,0,0,1,0
3044,1584895,14256,-25606,11349,0,17337,-31140,13802,0,0,0,0,1,0
3045,1585416,18144,-24785,6641,0,22066,-30143,8077,0,0,0,0,1,0
3046,1585937,21334,-23012,1678,0,25947,-27988,2041,0,0,0,0,1,0
3047,1586458,23703,-20355,-3349,0,28831,-24758,-4073,0,0,0,0,1,0
3048,1586979,25162,-16915,-8247,0,30607,-20576,-10031,0,0,0,0,1,0
3049,1587500,25653,-12827,-12827,0,31207,-15603,-15603,0,0,0,0,1,0
3050,1588020,25159,-8246,-16914,0,30607,-10031,-20576,0,0,0,0,1,0
3051,1588541,23698,-3348,-20350,0,28831,-4073,-24758,0,0,0,0,1,0
3052,1589062,21326,1678,-23004,0,25947,2041,-27988,0,0,0,0,1,0
3053,1589583,18136,6638,-24774,0,22066,8077,-30143,0,0,0,0,1,0
3054,1590104,14248,11343,-25591,0,17337,13802,-31140,0,0,0,0,1,0
3055,1590625,9814,15612,-25425,0,11942,18997,-30940,0,0,0,0,1,0
3056,1591145,5003,19280,-24282,0,6088,23462,-29551,0,0,0,0,1,0
3057,1591666,0,22207,-22207,0,0,27026,-27026,0,0,0,0,1,0
3058,1592187,-5002,24280,-19278,0,-6088,29551,-23462,0,0,0,0,1,0
3059,1592708,-9812,25420,-15608,0,-11942,30940,-18997,0,0,0,0,1,0
3060,1593229,-14243,25583,-11339,0,-17337,31140,-13802,0,0,0,0,1,0
3061,1593750,-18127,24763,-6635,0,-22066,30143,-8077,0,0,0,0,1,0
3062,1594270,-21314,22991,-1677,0,-25947,27988,-2041,0,0,0,0,1,0
3063,1594791,-23682,20336,3346,0,-28831,24758,4073,0,0,0,0,1,0
3064,1595312,-25139,16900,8239,0,-30607,20576,10031,0,0,0,0,1,0
3065,1595833,-25630,12815,12815,0,-31207,15603,15603,0,0,0,0,1,0
3066,1596354,-25136,8238,16898,0,-30607,10031,20576,0,0,0,0,1,0
3067,1596875,-23677,3345,20332,0,-28831,4073,24758,0,0,0,0,1,0
3068,1597395,-21307,-1676,22983,0,-25947,-2041,27988,0,0,0,0,1,0
3069,1597916,-18119,-6632,24751,0,-22066,-8077,30143,0,0,0,0,1,0
3070,1598437,-14235,-11333,25568,0,-17337,-13802,31140,0,0,0,0,1,0
3071,1598958,-9805,-15597,25402,0,-11942,-18997,30940,0,0,0,0,1,0
3072,1599479,-4998,-19262,24261,0,-6088,-23462,29551,0,0,0,0,1,0
3073,1600000,0,-22187,22187,0,0,-27026,27026,0,0,0,0,1,0
3074,1600520,4998,-24258,19260,0,6088,-29551,23462,0,0,0,0,1,0
3075,1601041,9803,-25397,15594,0,11942,-30940,18997,0,0,0,0,1,0
3076,1601562,14231,-25560,11329,0,17337,-31140,13802,0,0,0,0,1,0
3077,1602083,18111,-24740,6629,0,22066,-30143,8077,0,0,0,0,1,0
3078,1602604,21295,-22970,1675,0,25947,-27988,2041,0,0,0,0,1,0
3079,1603125,23661,-20318,-3343,0,28831,-24758,-4073,0,0,0,0,1,0
3080,1603645,25117,-16885,-8232,0,30607,-20576,-10031,0,0,0,0,1,0
3081,1604166,25607,-12804,-12804,0,31207,-15603,-15603,0,0,0,0,1,0
3082,1604687,25114,-8231,-16883,0,30607,-10031,-20576,0,0,0,0,1,0
3083,1605208,23655,-3342,-20313,0,28831,-4073,-24758,0,0,0,0,1,0
3084,1605729,21288,1675,-22963,0,25947,2041,-27988,0,0,0,0,1,0
3085,1606250,18103,6626,-24729,0,22066,8077,-30143,0,0,0,0,1,0
3086,1606770,14223,11323,-25545,0,17337,13802,-31140,0,0,0,0,1,0
3087,1607291,9796,15583,-25380,0,11942,18997,-30940,0,0,0,0,1,0
3088,1607812,4994,19245,-24239,0,6088,23462,-29551,0,0,0,0,1,0
3089,1608333,0,22167,-22167,0,0,27026,-27026,0,0,0,0,1,0
3090,1608854,-4993,24236,-19243,0,-6088,29551,-23462,0,0,0,0,1,0
3091,1609375,-9794,25374,-15580,0,-11942,30940,-18997,0,0,0,0,1,0
3092,1609895,-14218,25537,-11319,0,-17337,31140,-13802,0,0,0,0,1,0
3093,1610416,-18095,24718,-6623,0,-22066,30143,-8077,0,0,0,0,1,0
3094,1610937,-21276,22950,-1674,0,-25947,27988,-2041,0,0,0,0,1,0
3095,1611458,-23639,20300,3340,0,-28831,24758,4073,0,0,0,0,1,0
3096,1611979,-25094,16870,8224,0,-30607,20576,10031,0,0,0,0,1,0
3097,1612500,-25584,12792,12792,0,-31207,15603,15603,0,0,0,0,1,0
3098,1613020,-25091,8223,16868,0,-30607,10031,20576,0,0,0,0,1,0
3099,1613541,-23634,3339,20295,0,-28831,4073,24758,0,0,0,0,1,0
3100,1614062,-21269,-1673,22942,0,-25947,-2041,27988,0,0,0,0,1,0
3101,1614583,-18087,-6620,24707,0,-22066,-8077,30143,0,0,0,0,1,0
3102,1615104,-14210,-11312,25522,0,-17337,-13802,31140,0,0,0,0,1,0
3103,1615625,-9787,-15569,25357,0,-11942,-18997,30940,0,0,0,0,1,0
3104,1616145,-4989,-19228,24217,0,-6088,-23462,29551,0,0,0,0,1,0
3105,1616666,0,-22147,22147,0,0,-27026,27026,0,0,0,0,1,0
3106,1617187,4989,-24214,19226,0,6088,-29551,23462,0,0,0,0,1,0
3107,1617708,9785,-25351,15566,0,11942,-30940,18997,0,0,0,0,1,0
3108,1618229,14205,-25514,11309,0,17337,-31140,13802,0,0,0,0,1,0
3109,1618750,18079,-24696,6617,0,22066,-30143,8077,0,0,0,0,1,0
3110,1619270,21257,-22929,1672,0,25947,-27988,2041,0,0,0,0,1,0
3111,1619791,23618,-20281,-3337,0,28831,-24758,-4073,0,0,0,0,1,0
3112,1620312,25072,-16855,-8217,0,30607,-20576,-10031,0,0,0,0,1,0
3113,1620833,25561,-12781,-12781,0,31207,-15603,-15603,0,0,0,0,1,0
3114,1621354,25069,-8216,-16853,0,30607,-10031,-20576,0,0,0,0,1,0
3115,1621875,23613,-3336,-20277,0,28831,-4073,-24758,0,0,0,0,1,0
3116,1622395,21250,1672,-22921,0,25947,2041,-27988,0,0,0,0,1,0
3117,1622916,18071,6614,-24685,0,22066,8077,-30143,0,0,0,0,1,0
3118,1623437,14197,11302,-25499,0,17337,13802,-31140,0,0,0,0,1,0
3119,1623958,9779,15556,-25334,0,11942,18997,-30940,0,0,0,0,1,0
3120,1624479,4985,19211,-24195,0,6088,23462,-29551,0,0,0,0,1,0
3121,1625000,0,22127,-22127,0,0,27026,-27026,0,0,0,0,1,0
3122,1625520,-4984,24193,-19208,0,-6088,29551,-23462,0,0,0,0,1,0
3123,1626041,-9776,25329,-15552,0,-11942,30940,-18997,0,0,0,0,1,0
3124,1626562,-14192,25491,-11299,0,-17337,31140,-13802,0,0,0,0,1,0
3125,1627083,-18062,24674,-6611,0,-22066,30143,-8077,0,0,0,0,1,0
3126,1627604,-21238,22909,-1671,0,-25947,27988,-2041,0,0,0,0,1,0
3127,1628125,-23597,20263,3334,0,-28831,24758,4073,0,0,0,0,1,0
3128,1628645,-25049,16840,8210,0,-30607,20576,10031,0,0,0,0,1,0
3129,1629166,-25539,12769,12769,0,-31207,15603,15603,0,0,0,0,1,0
3130,1629687,-25046,8209,16838,0,-30607,10031,20576,0,0,0,0,1,0
3131,1630208,-23592,3333,20259,0,-28831,4073,24758,0,0,0,0,1,0
3132,1630729,-21231,-1670,22901,0,-25947,-2041,27988,0,0,0,0,1,0
3133,1631250,-18054,-6608,24663,0,-22066,-8077,30143,0,0,0,0,1,0
3134,1631770,-14184,-11292,25477,0,-17337,-13802,31140,0,0,0,0,1,0
3135,1632291,-9770,-15542,25312,0,-11942,-18997,30940,0,0,0,0,1,0
3136,1632812,-4980,-19193,24174,0,-6088,-23462,29551,0,0,0,0,1,0
3137,1633333,0,-22107,22107,0,0,-27026,27026,0,0,0,0,1,0
3138,1633854,4980,-24171,19191,0,6088,-29551,23462,0,0,0,0,1,0
3139,1634375,9768,-25306,15538,0,11942,-30940,18997,0,0,0,0,1,0
3140,1634895,14180,-25468,11288,0,17337,-31140,13802,0,0,0,0,1,0
3141,1635416,18046,-24652,6605,0,22066,-30143,8077,0,0,0,0,1,0
3142,1635937,21219,-22888,1669,0,25947,-27988,2041,0,0,0,0,1,0
3143,1636458,23576,-20245,-3331,0,28831,-24758,-4073,0,0,0,0,1,0
3144,1636979,25027,-16825,-8202,0,30607,-20576,-10031,0,0,0,0,1,0
3145,1637500,25516,-12758,-12758,0,31207,-15603,-15603,0,0,0,0,1,0
3146,1638020,25024,-8201,-16823,0,30607,-10031,-20576,0,0,0,0,1,0
3147,1638541,23571,-3330,-20241,0,28831,-4073,-24758,0,0,0,0,1,0
3148,1639062,21212,1669,-22881,0,25947,2041,-27988,0,0,0,0,1,0
3149,1639583,18038,6602,-24641,0,22066,8077,-30143,0,0,0,0,1,0
3150,1640104,14172,11282,-25454,0,17337,13802,-31140,0,0,0,0,1,0
3151,1640625,9761,15528,-25289,0,11942,18997,-30940,0,0,0,0,1,0
3152,1641145,4976,19176,-24152,0,6088,23462,-29551,0,0,0,0,1,0
3153,1641666,0,22087,-22087,0,0,27026,-27026,0,0,0,0,1,0
3154,1642187,-4975,24150,-19174,0,-6088,29551,-23462,0,0,0,0,1,0
3155,1642708,-9759,25283,-15524,0,-11942,30940,-18997,0,0,0,0,1,0
3156,1643229,-14167,25446,-11278,0,-17337,31140,-13802,0,0,0,0,1,0
3157,1643750,-18030,24630,-6600,0,-22066,30143,-8077,0,0,0,0,1,0
3158,1644270,-21200,22868,-1668,0,-25947,27988,-2041,0,0,0,0,1,0
3159,1644791,-23555,20227,3328,0,-28831,24758,4073,0,0,0,0,1,0
3160,1645312,-25005,16810,8195,0,-30607,20576,10031,0,0,0,0,1,0
3161,1645833,-25493,12747,12747,0,-31207,15603,15603,0,0,0,0,1,0
3162,1646354,-25002,8194,16808,0,-30607,10031,20576,0,0,0,0,1,0
3163,1646875,-23550,3327,20223,0,-28831,4073,24758,0,0,0,0,1,0
3164,1647395,-21193,-1667,22860,0,-25947,-2041,27988,0,0,0,0,1,0
3165,1647916,-18022,-6597,24619,0,-22066,-8077,30143,0,0,0,0,1,0
3166,1648437,-14159,-11272,25431,0,-17337,-13802,31140,0,0,0,0,1,0
3167,1648958,-9753,-15514,25267,0,-11942,-18997,30940,0,0,0,0,1,0
3168,1649479,-4972,-19159,24131,0,-6088,-23462,29551,0,0,0,0,1,0
3169,1650000,0,-22068,22068,0,0,-27026,27026,0,0,0,0,1,0
3170,1650520,4971,-24128,19157,0,6088,-29551,23462,0,0,0,0,1,0
3171,1651041,9750,-25261,15511,0,11942,-30940,18997,0,0,0,0,1,0
3172,1651562,14155,-25423,11268,0,17337,-31140,13802,0,0,0,0,1,0
3173,1652083,18014,-24608,6594,0,22066,-30143,8077,0,0,0,0,1,0
3174,1652604,21181,-22848,1666,0,25947,-27988,2041,0,0,0,0,1,0
3175,1653125,23534,-20209,-3325,0,28831,-24758,-4073,0,0,0,0,1,0
3176,1653645,24982,-16795,-8188,0,30607,-20576,-10031,0,0,0,0,1,0
3177,1654166,25470,-12735,-12735,0,31207,-15603,-15603,0,0,0,0,1,0
3178,1654687,24980,-8187,-16793,0,30607,-10031,-20576,0,0,0,0,1,0
3179,1655208,23529,-3324,-20205,0,28831,-4073,-24758,0,0,0,0,1,0
3180,1655729,21174,1666,-22840,0,25947,2041,-27988,0,0,0,0,1,0
3181,1656250,18006,6591,-24597,0,22066,8077,-30143,0,0,0,0,1,0
3182,1656770,14147,11262,-25409,0,17337,13802,-31140,0,0,0,0,1,0
3183,1657291,9744,15500,-25244,0,11942,18997,-30940,0,0,0,0,1,0
3184,1657812,4967,19142,-24109,0,6088,23462,-29551,0,0,0,0,1,0
3185,1658333,0,22048,-22048,0,0,27026,-27026,0,0,0,0,1,0
3186,1658854,-4967,24107,-19140,0,-6088,29551,-23462,0,0,0,0,1,0
3187,1659375,-9742,25239,-15497,0,-11942,30940,-18997,0,0,0,0,1,0
3188,1659895,-14142,25401,-11258,0,-17337,31140,-13802,0,0,0,0,1,0
3189,1660416,-17998,24586,-6588,0,-22066,30143,-8077,0,0,0,0,1,0
3190,1660937,-21163,22827,-1665,0,-25947,27988,-2041,0,0,0,0,1,0
3191,1661458,-23513,20191,3322,0,-28831,24758,4073,0,0,0,0,1,0
3192,1661979,-24960,16780,8180,0,-30607,20576,10031,0,0,0,0,1,0
3193,1662500,-25448,12724,12724,0,-31207,15603,15603,0,0,0,0,1,0
3194,1663020,-24958,8180,16778,0,-30607,10031,20576,0,0,0,0,1,0
3195,1663541,-23508,3321,20187,0,-28831,4073,24758,0,0,0,0,1,0
3196,1664062,-21156,-1664,22820,0,-25947,-2041,27988,0,0,0,0,1,0
3197,1664583,-17990,-6585,24575,0,-22066,-8077,30143,0,0,0,0,1,0
3198,1665104,-14134,-11252,25386,0,-17337,-13802,31140,0,0,0,0,1,0
3199,1665625,-9735,-15487,25222,0,-11942,-18997,30940,0,0,0,0,1,0
3200,1666145,-4963,-19125,24088,0,-6088,-23462,29551,0,0,0,0,1,0
3201,1666666,0,-22029,22029,0,0,-27026,27026,0,0,0,0,1,0
3202,1667187,4962,-24086,19123,0,6088,-29551,23462,0,0,0,0,1,0
3203,1667708,9733,-25216,15483,0,11942,-30940,18997,0,0,0,0,1,0
3204,1668229,14130,-25378,11249,0,17337,-31140,13802,0,0,0,0,1,0
3205,1668750,17983,-24565,6582,0,22066,-30143,8077,0,0,0,0,1,0
3206,1669270,21144,-22807,1663,0,25947,-27988,2041,0,0,0,0,1,0
3207,1669791,23493,-20174,-3319,0,28831,-24758,-4073,0,0,0,0,1,0
3208,1670312,24938,-16765,-8173,0,30607,-20576,-10031,0,0,0,0,1,0
3209,1670833,25426,-12713,-12713,0,31207,-15603,-15603,0,0,0,0,1,0
3210,1671354,24936,-8172,-16763,0,30607,-10031,-20576,0,0,0,0,1,0
3211,1671875,23488,-3318,-20169,0,28831,-4073,-24758,0,0,0,0,1,0
3212,1672395,21137,1663,-22800,0,25947,2041,-27988,0,0,0,0,1,0
3213,1672916,17975,6579,-24554,0,22066,8077,-30143,0,0,0,0,1,0
3214,1673437,14122,11242,-25364,0,17337,13802,-31140,0,0,0,0,1,0
3215,1673958,9727,15473,-25200,0,11942,18997,-30940,0,0,0,0,1,0
3216,1674479,4958,19109,-24067,0,6088,23462,-29551,0,0,0,0,1,0
3217,1675000,0,22009,-22009,0,0,27026,-27026,0,0,0,0,1,0
3218,1675520,-4958,24064,-19106,0,-6088,29551,-23462,0,0,0,0,1,0
3219,1676041,-9725,25194,-15470,0,-11942,30940,-18997,0,0,0,0,1,0
3220,1676562,-14117,25356,-11239,0,-17337,31140,-13802,0,0,0,0,1,0
3221,1677083,-17967,24543,-6576,0,-22066,30143,-8077,0,0,0,0,1,0
3222,1677604,-21125,22787,-1662,0,-25947,27988,-2041,0,0,0,0,1,0
3223,1678125,-23472,20156,3316,0,-28831,24758,4073,0,0,0,0,1,0
3224,1678645,-24916,16750,8166,0,-30607,20576,10031,0,0,0,0,1,0
3225,1679166,-25403,12702,12702,0,-31207,15603,15603,0,0,0,0,1,0
3226,1679687,-24914,8165,16749,0,-30607,10031,20576,0,0,0,0,1,0
3227,1680208,-23467,3315,20151,0,-28831,4073,24758,0,0,0,0,1,0
3228,1680729,-21119,-1661,22780,0,-25947,-2041,27988,0,0,0,0,1,0
3229,1681250,-17959,-6573,24532,0,-22066,-8077,30143,0,0,0,0,1,0
3230,1681770,-14109,-11232,25342,0,-17337,-13802,31140,0,0,0,0,1,0
3231,1682291,-9718,-15459,25178,0,-11942,-18997,30940,0,0,0,0,1,0
3232,1682812,-4954,-19092,24046,0,-6088,-23462,29551,0,0,0,0,1,0
3233,1683333,0,-21990,21990,0,0,-27026,27026,0,0,0,0,1,0
3234,1683854,4953,-24043,19090,0,6088,-29551,23462,0,0,0,0,1,0
3235,1684375,9716,-25172,15456,0,11942,-30940,18997,0,0,0,0,1,0
3236,1684895,14105,-25334,11229,0,17337,-31140,13802,0,0,0,0,1,0
3237,1685416,17951,-24521,6571,0,22066,-30143,8077,0,0,0,0,1,0
3238,1685937,21107,-22767,1660,0,25947,-27988,2041,0,0,0,0,1,0
3239,1686458,23451,-20138,-3313,0,28831,-24758,-4073,0,0,0,0,1,0
3240,1686979,24895,-16736,-8159,0,30607,-20576,-10031,0,0,0,0,1,0
3241,1687500,25381,-12690,-12690,0,31207,-15603,-15603,0,0,0,0,1,0
3242,1688020,24892,-8158,-16734,0,30607,-10031,-20576,0,0,0,0,1,0
3243,1688541,23446,-3313,-20134,0,28831,-4073,-24758,0,0,0,0,1,0
3244,1689062,21100,1660,-22760,0,25947,2041,-27988,0,0,0,0,1,0
3245,1689583,17943,6568,-24511,0,22066,8077,-30143,0,0,0,0,1,0
3246,1690104,14097,11223,-25320,0,17337,13802,-31140,0,0,0,0,1,0
3247,1690625,9710,15446,-25156,0,11942,18997,-30940,0,0,0,0,1,0
3248,1691145,4950,19075,-24025,0,6088,23462,-29551,0,0,0,0,1,0
3249,1691666,0,21971,-21971,0,0,27026,-27026,0,0,0,0,1,0
3250,1692187,-4949,24022,-19073,0,-6088,29551,-23462,0,0,0,0,1,0
3251,1692708,-9708,25150,-15442,0,-11942,30940,-18997,0,0,0,0,1,0
3252,1693229,-14092,25311,-11219,0,-17337,31140,-13802,0,0,0,0,1,0
3253,1693750,-17935,24500,-6565,0,-22066,30143,-8077,0,0,0,0,1,0
3254,1694270,-21088,22747,-1659,0,-25947,27988,-2041,0,0,0,0,1,0
3255,1694791,-23431,20121,3310,0,-28831,24758,4073,0,0,0,0,1,0
3256,1695312,-24873,16721,8152,0,-30607,20576,10031,0,0,0,0,1,0
3257,1695833,-25359,12679,12679,0,-31207,15603,15603,0,0,0,0,1,0
3258,1696354,-24870,8151,16719,0,-30607,10031,20576,0,0,0,0,1,0
3259,1696875,-23426,3310,20116,0,-28831,4073,24758,0,0,0,0,1,0
3260,1697395,-21082,-1658,22740,0,-25947,-2041,27988,0,0,0,0,1,0
3261,1697916,-17927,-6562,24489,0,-22066,-8077,30143,0,0,0,0,1,0
3262,1698437,-14085,-11213,25298,0,-17337,-13802,31140,0,0,0,0,1,0
3263,1698958,-9701,-15432,25134,0,-11942,-18997,30940,0,0,0,0,1,0
3264,1699479,-4945,-19058,24004,0,-6088,-23462,29551,0,0,0,0,1,0
3265,1700000,0,-21952,21952,0,0,-27026,27026,0,0,0,0,1,0
3266,1700520,4945,-24001,19056,0,6088,-29551,23462,0,0,0,0,1,0
3267,1701041,9699,-25128,15429,0,11942,-30940,18997,0,0,0,0,1,0
3268,1701562,14080,-25289,11209,0,17337,-31140,13802,0,0,0,0,1,0
3269,1702083,17920,-24479,6559,0,22066,-30143,8077,0,0,0,0,1,0
3270,1702604,21070,-22727,1657,0,25947,-27988,2041,0,0,0,0,1,0
3271,1703125,23411,-20103,-3307,0,28831,-24758,-4073,0,0,0,0,1,0
3272,1703645,24851,-16707,-8145,0,30607,-20576,-10031,0,0,0,0,1,0
3273,1704166,25337,-12668,-12668,0,31207,-15603,-15603,0,0,0,0,1,0
3274,1704687,24848,-8144,-16705,0,30607,-10031,-20576,0,0,0,0,1,0
3275,1705208,23405,-3307,-20099,0,28831,-4073,-24758,0,0,0,0,1,0
3276,1705729,21063,1657,-22720,0,25947,2041,-27988,0,0,0,0,1,0
3277,1706250,17912,6556,-24468,0,22066,8077,-30143,0,0,0,0,1,0
3278,1706770,14072,11203,-25275,0,17337,13802,-31140,0,0,0,0,1,0
3279,1707291,9693,15419,-25112,0,11942,18997,-30940,0,0,0,0,1,0
3280,1707812,4941,19042,-23983,0,6088,23462,-29551,0,0,0,0,1,0
3281,1708333,0,21933,-21933,0,0,27026,-27026,0,0,0,0,1,0
3282,1708854,-4941,23980,-19040,0,-6088,29551,-23462,0,0,0,0,1,0
3283,1709375,-9691,25106,-15416,0,-11942,30940,-18997,0,0,0,0,1,0
3284,1709895,-14068,25267,-11199,0,-17337,31140,-13802,0,0,0,0,1,0
3285,1710416,-17904,24457,-6553,0,-22066,30143,-8077,0,0,0,0,1,0
3286,1710937,-21052,22708,-1656,0,-25947,27988,-2041,0,0,0,0,1,0
3287,1711458,-23390,20086,3305,0,-28831,24758,4073,0,0,0,0,1,0
3288,1711979,-24830,16692,8138,0,-30607,20576,10031,0,0,0,0,1,0
3289,1712500,-25315,12657,12657,0,-31207,15603,15603,0,0,0,0,1,0
3290,1713020,-24827,8137,16690,0,-30607,10031,20576,0,0,0,0,1,0
3291,1713541,-23385,3304,20081,0,-28831,4073,24758,0,0,0,0,1,0
3292,1714062,-21045,-1655,22700,0,-25947,-2041,27988,0,0,0,0,1,0
3293,1714583,-17896,-6550,24447,0,-22066,-8077,30143,0,0,0,0,1,0
3294,1715104,-14060,-11193,25254,0,-17337,-13802,31140,0,0,0,0,1,0
3295,1715625,-9684,-15406,25090,0,-11942,-18997,30940,0,0,0,0,1,0
3296,1716145,-4937,-19025,23962,0,-6088,-23462,29551,0,0,0,0,1,0
3297,1716666,0,-21914,21914,0,0,-27026,27026,0,0,0,0,1,0
3298,1717187,4936,-23959,19023,0,6088,-29551,23462,0,0,0,0,1,0
3299,1717708,9682,-25084,15402,0,11942,-30940,18997,0,0,0,0,1,0
3300,1718229,14056,-25245,11190,0,17337,-31140,13802,0,0,0,0,1,0
3301,1718750,17888,-24436,6548,0,22066,-30143,8077,0,0,0,0,1,0
3302,1719270,21033,-22688,1654,0,25947,-27988,2041,0,0,0,0,1,0
3303,1719791,23370,-20068,-3302,0,28831,-24758,-4073,0,0,0,0,1,0
3304,1720312,24808,-16677,-8130,0,30607,-20576,-10031,0,0,0,0,1,0
3305,1720833,25293,-12646,-12646,0,31207,-15603,-15603,0,0,0,0,1,0
3306,1721354,24805,-8130,-16676,0,30607,-10031,-20576,0,0,0,0,1,0
3307,1721875,23365,-3301,-20064,0,28831,-4073,-24758,0,0,0,0,1,0
3308,1722395,21027,1654,-22681,0,25947,2041,-27988,0,0,0,0,1,0
3309,1722916,17881,6545,-24426,0,22066,8077,-30143,0,0,0,0,1,0
3310,1723437,14048,11184,-25232,0,17337,13802,-31140,0,0,0,0,1,0
3311,1723958,9676,15392,-25068,0,11942,18997,-30940,0,0,0,0,1,0
3312,1724479,4932,19009,-23941,0,6088,23462,-29551,0,0,0,0,1,0
3313,1725000,0,21895,-21895,0,0,27026,-27026,0,0,0,0,1,0
3314,1725520,-4932,23939,-19007,0,-6088,29551,-23462,0,0,0,0,1,0
3315,1726041,-9674,25063,-15389,0,-11942,30940,-18997,0,0,0,0,1,0
3316,1726562,-14043,25223,-11180,0,-17337,31140,-13802,0,0,0,0,1,0
3317,1727083,-17873,24415,-6542,0,-22066,30143,-8077,0,0,0,0,1,0
3318,1727604,-21015,22668,-1653,0,-25947,27988,-2041,0,0,0,0,1,0
3319,1728125,-23350,20051,3299,0,-28831,24758,4073,0,0,0,0,1,0
3320,1728645,-24787,16663,8123,0,-30607,20576,10031,0,0,0,0,1,0
3321,1729166,-25271,12635,12635,0,-31207,15603,15603,0,0,0,0,1,0
3322,1729687,-24784,8123,16661,0,-30607,10031,20576,0,0,0,0,1,0
3323,1730208,-23345,3298,20046,0,-28831,4073,24758,0,0,0,0,1,0
3324,1730729,-21008,-1653,22661,0,-25947,-2041,27988,0,0,0,0,1,0
3325,1731250,-17865,-6539,24404,0,-22066,-8077,30143,0,0,0,0,1,0
3326,1731770,-14036,-11174,25210,0,-17337,-13802,31140,0,0,0,0,1,0
3327,1732291,-9668,-15379,25046,0,-11942,-18997,30940,0,0,0,0,1,0
3328,1732812,-4928,-18992,23921,0,-6088,-23462,29551,0,0,0,0,1,0
3329,1733333,0,-21876,21876,0,0,-27026,27026,0,0,0,0,1,0
3330,1733854,4928,-23918,18990,0,6088,-29551,23462,0,0,0,0,1,0
3331,1734375,9665,-25041,15376,0,11942,-30940,18997,0,0,0,0,1,0
3332,1734895,14031,-25202,11170,0,17337,-31140,13802,0,0,0,0,1,0
3333,1735416,17858,-24394,6536,0,22066,-30143,8077,0,0,0,0,1,0
3334,1735937,20997,-22649,1652,0,25947,-27988,2041,0,0,0,0,1,0
3335,1736458,23330,-20033,-3296,0,28831,-24758,-4073,0,0,0,0,1,0
3336,1736979,24765,-16649,-8116,0,30607,-20576,-10031,0,0,0,0,1,0
3337,1737500,25249,-12624,-12624,0,31207,-15603,-15603,0,0,0,0,1,0
3338,1738020,24762,-8116,-16647,0,30607,-10031,-20576,0,0,0,0,1,0
3339,1738541,23324,-3295,-20029,0,28831,-4073,-24758,0,0,0,0,1,0
3340,1739062,20990,1651,-22641,0,25947,2041,-27988,0,0,0,0,1,0
3341,1739583,17850,6534,-24383,0,22066,8077,-30143,0,0,0,0,1,0
3342,1740104,14024,11164,-25188,0,17337,13802,-31140,0,0,0,0,1,0
3343,1740625,9659,15366,-25025,0,11942,18997,-30940,0,0,0,0,1,0
3344,1741145,4924,18976,-23900,0,6088,23462,-29551,0,0,0,0,1,0
3345,1741666,0,21857,-21857,0,0,27026,-27026,0,0,0,0,1,0
3346,1742187,-4923,23897,-18974,0,-6088,29551,-23462,0,0,0,0,1,0
3347,1742708,-9657,25019,-15362,0,-11942,30940,-18997,0,0,0,0,1,0
3348,1743229,-14019,25180,-11161,0,-17337,31140,-13802,0,0,0,0,1,0
3349,1743750,-17842,24373,-6531,0,-22066,30143,-8077,0,0,0,0,1,0
3350,1744270,-20979,22629,-1650,0,-25947,27988,-2041,0,0,0,0,1,0
3351,1744791,-23309,20016,3293,0,-28831,24758,4073,0,0,0,0,1,0
3352,1745312,-24744,16634,8109,0,-30607,20576,10031,0,0,0,0,1,0
3353,1745833,-25227,12614,12614,0,-31207,15603,15603,0,0,0,0,1,0
3354,1746354,-24741,8109,16633,0,-30607,10031,20576,0,0,0,0,1,0
3355,1746875,-23304,3292,20012,0,-28831,4073,24758,0,0,0,0,1,0
3356,1747395,-20972,-1650,22622,0,-25947,-2041,27988,0,0,0,0,1,0
3357,1747916,-17835,-6528,24362,0,-22066,-8077,30143,0,0,0,0,1,0
3358,1748437,-14012,-11155,25166,0,-17337,-13802,31140,0,0,0,0,1,0
3359,1748958,-9651,-15352,25003,0,-11942,-18997,30940,0,0,0,0,1,0
3360,1749479,-4920,-18960,23879,0,-6088,-23462,29551,0,0,0,0,1,0
3361,1750000,0,-21838,21838,0,0,-27026,27026,0,0,0,0,1,0
3362,1750520,4919,-23877,18958,0,6088,-29551,23462,0,0,0,0,1,0
3363,1751041,9649,-24998,15349,0,11942,-30940,18997,0,0,0,0,1,0
3364,1751562,14007,-25158,11151,0,17337,-31140,13802,0,0,0,0,1,0
3365,1752083,17827,-24352,6525,0,22066,-30143,8077,0,0,0,0,1,0
3366,1752604,20961,-22610,1649,0,25947,-27988,2041,0,0,0,0,1,0
3367,1753125,23289,-19999,-3290,0,28831,-24758,-4073,0,0,0,0,1,0
3368,1753645,24723,-16620,-8103,0,30607,-20576,-10031,0,0,0,0,1,0
3369,1754166,25206,-12603,-12603,0,31207,-15603,-15603,0,0,0,0,1,0
3370,1754687,24720,-8102,-16618,0,30607,-10031,-20576,0,0,0,0,1,0
3371,1755208,23284,-3290,-19995,0,28831,-4073,-24758,0,0,0,0,1,0
3372,1755729,20954,1648,-22603,0,25947,2041,-27988,0,0,0,0,1,0
3373,1756250,17819,6522,-24342,0,22066,8077,-30143,0,0,0,0,1,0
3374,1756770,14000,11145,-25145,0,17337,13802,-31140,0,0,0,0,1,0
3375,1757291,9643,15339,-24982,0,11942,18997,-30940,0,0,0,0,1,0
3376,1757812,4916,18943,-23859,0,6088,23462,-29551,0,0,0,0,1,0
3377,1758333,0,21819,-21819,0,0,27026,-27026,0,0,0,0,1,0
3378,1758854,-4915,23856,-18941,0,-6088,29551,-23462,0,0,0,0,1,0
3379,1759375,-9641,24977,-15336,0,-11942,30940,-18997,0,0,0,0,1,0
3380,1759895,-13995,25137,-11142,0,-17337,31140,-13802,0,0,0,0,1,0
3381,1760416,-17812,24331,-6519,0,-22066,30143,-8077,0,0,0,0,1,0
3382,1760937,-20943,22590,-1647,0,-25947,27988,-2041,0,0,0,0,1,0
3383,1761458,-23269,19982,3288,0,-28831,24758,4073,0,0,0,0,1,0
3384,1761979,-24701,16606,8096,0,-30607,20576,10031,0,0,0,0,1,0
3385,1762500,-25184,12592,12592,0,-31207,15603,15603,0,0,0,0,1,0
3386,1763020,-24699,8095,16604,0,-30607,10031,20576,0,0,0,0,1,0
3387,1763541,-23265,3287,19978,0,-28831,4073,24758,0,0,0,0,1,0
3388,1764062,-20936,-1647,22583,0,-25947,-2041,27988,0,0,0,0,1,0
3389,1764583,-17804,-6517,24321,0,-22066,-8077,30143,0,0,0,0,1,0
3390,1765104,-13988,-11136,25123,0,-17337,-13802,31140,0,0,0,0,1,0
3391,1765625,-9634,-15326,24961,0,-11942,-18997,30940,0,0,0,0,1,0
3392,1766145,-4911,-18927,23839,0,-6088,-23462,29551,0,0,0,0,1,0
3393,1766666,0,-21801,21801,0,0,-27026,27026,0,0,0,0,1,0
3394,1767187,4911,-23836,18925,0,6088,-29551,23462,0,0,0,0,1,0
3395,1767708,9632,-24955,15323,0,11942,-30940,18997,0,0,0,0,1,0
3396,1768229,13983,-25115,11132,0,17337,-31140,13802,0,0,0,0,1,0
3397,1768750,17796,-24310,6514,0,22066,-30143,8077,0,0,0,0,1,0
3398,1769270,20925,-22571,1646,0,25947,-27988,2041,0,0,0,0,1,0
3399,1769791,23250,-19965,-3285,0,28831,-24758,-4073,0,0,0,0,1,0
3400,1770312,24680,-16592,-8089,0,30607,-20576,-10031,0,0,0,0,1,0
3401,1770833,25163,-12581,-12581,0,31207,-15603,-15603,0,0,0,0,1,0
3402,1771354,24678,-8088,-16590,0,30607,-10031,-20576,0,0,0,0,1,0
3403,1771875,23245,-3284,-19961,0,28831,-4073,-24758,0,0,0,0,1,0
3404,1772395,20919,1645,-22564,0,25947,2041,-27988,0,0,0,0,1,0
3405,1772916,17789,6511,-24300,0,22066,8077,-30143,0,0,0,0,1,0
3406,1773437,13976,11126,-25102,0,17337,13802,-31140,0,0,0,0,1,0
3407,1773958,9626,15313,-24939,0,11942,18997,-30940,0,0,0,0,1,0
3408,1774479,4907,18911,-23818,0,6088,23462,-29551,0,0,0,0,1,0
3409,1775000,0,21782,-21782,0,0,27026,-27026,0,0,0,0,1,0
3410,1775520,-4907,23816,-18909,0,-6088,29551,-23462,0,0,0,0,1,0
3411,1776041,-9624,24934,-15310,0,-11942,30940,-18997,0,0,0,0,1,0
3412,1776562,-13971,25094,-11123,0,-17337,31140,-13802,0,0,0,0,1,0
3413,1777083,-17781,24290,-6508,0,-22066,30143,-8077,0,0,0,0,1,0
3414,1777604,-20907,22552,-1645,0,-25947,27988,-2041,0,0,0,0,1,0
3415,1778125,-23230,19948,3282,0,-28831,24758,4073,0,0,0,0,1,0
3416,1778645,-24659,16578,8082,0,-30607,20576,10031,0,0,0,0,1,0
3417,1779166,-25141,12571,12571,0,-31207,15603,15603,0,0,0,0,1,0
3418,1779687,-24657,8081,16576,0,-30607,10031,20576,0,0,0,0,1,0
3419,1780208,-23225,3281,19944,0,-28831,4073,24758,0,0,0,0,1,0
3420,1780729,-20901,-1644,22545,0,-25947,-2041,27988,0,0,0,0,1,0
3421,1781250,-17774,-6506,24279,0,-22066,-8077,30143,0,0,0,0,1,0
3422,1781770,-13964,-11117,25081,0,-17337,-13802,31140,0,0,0,0,1,0
3423,1782291,-9618,-15300,24918,0,-11942,-18997,30940,0,0,0,0,1,0
3424,1782812,-4903,-18895,23798,0,-6088,-23462,29551,0,0,0,0,1,0
3425,1783333,0,-21764,21764,0,0,-27026,27026,0,0,0,0,1,0
3426,1783854,4902,-23796,18893,0,6088,-29551,23462,0,0,0,0,1,0
3427,1784375,9616,-24913,15297,0,11942,-30940,18997,0,0,0,0,1,0
3428,1784895,13959,-25073,11113,0,17337,-31140,13802,0,0,0,0,1,0
3429,1785416,17766,-24269,6503,0,22066,-30143,8077,0,0,0,0,1,0
3430,1785937,20890,-22533,1643,0,25947,-27988,2041,0,0,0,0,1,0
3431,1786458,23210,-19931,-3279,0,28831,-24758,-4073,0,0,0,0,1,0
3432,1786979,24638,-16563,-8075,0,30607,-20576,-10031,0,0,0,0,1,0
3433,1787500,25120,-12560,-12560,0,31207,-15603,-15603,0,0,0,0,1,0
3434,1788020,24636,-8074,-16562,0,30607,-10031,-20576,0,0,0,0,1,0
3435,1788541,23205,-3278,-19927,0,28831,-4073,-24758,0,0,0,0,1,0
3436,1789062,20883,1643,-22526,0,25947,2041,-27988,0,0,0,0,1,0
3437,1789583,17759,6500,-24259,0,22066,8077,-30143,0,0,0,0,1,0
3438,1790104,13952,11107,-25059,0,17337,13802,-31140,0,0,0,0,1,0
3439,1790625,9610,15287,-24897,0,11942,18997,-30940,0,0,0,0,1,0
3440,1791145,4899,18879,-23778,0,6088,23462,-29551,0,0,0,0,1,0
3441,1791666,0,21745,-21745,0,0,27026,-27026,0,0,0,0,1,0
3442,1792187,-4898,23775,-18877,0,-6088,29551,-23462,0,0,0,0,1,0
3443,1792708,-9608,24892,-15284,0,-11942,30940,-18997,0,0,0,0,1,0
3444,1793229,-13948,25051,-11104,0,-17337,31140,-13802,0,0,0,0,1,0
3445,1793750,-17751,24248,-6497,0,-22066,30143,-8077,0,0,0,0,1,0
3446,1794270,-20872,22514,-1642,0,-25947,27988,-2041,0,0,0,0,1,0
3447,1794791,-23190,19914,3276,0,-28831,24758,4073,0,0,0,0,1,0
3448,1795312,-24618,16549,8068,0,-30607,20576,10031,0,0,0,0,1,0
3449,1795833,-25099,12549,12549,0,-31207,15603,15603,0,0,0,0,1,0
3450,1796354,-24615,8067,16548,0,-30607,10031,20576,0,0,0,0,1,0
3451,1796875,-23186,3276,19910,0,-28831,4073,24758,0,0,0,0,1,0
3452,1797395,-20865,-1641,22507,0,-25947,-2041,27988,0,0,0,0,1,0
3453,1797916,-17744,-6495,24238,0,-22066,-8077,30143,0,0,0,0,1,0
3454,1798437,-13940,-11098,25038,0,-17337,-13802,31140,0,0,0,0,1,0
3455,1798958,-9602,-15274,24876,0,-11942,-18997,30940,0,0,0,0,1,0
3456,1799479,-4895,-18863,23758,0,-6088,-23462,29551,0,0,0,0,1,0
3457,1800000,0,-21727,21727,0,0,-27026,27026,0,0,0,0,1,0
3458,1800520,4894,-23755,18861,0,6088,-29551,23462,0,0,0,0,1,0
3459,1801041,9600,-24871,15271,0,11942,-30940,18997,0,0,0,0,1,0
3460,1801562,13936,-25030,11094,0,17337,-31140,13802,0,0,0,0,1,0
3461,1802083,17736,-24228,6492,0,22066,-30143,8077,0,0,0,0,1,0
3462,1802604,20854,-22495,1640,0,25947,-27988,2041,0,0,0,0,1,0
3463,1803125,23171,-19897,-3274,0,28831,-24758,-4073,0,0,0,0,1,0
3464,1803645,24597,-16536,-8061,0,30607,-20576,-10031,0,0,0,0,1,0
3465,1804166,25077,-12539,-12539,0,31207,-15603,-15603,0,0,0,0,1,0
3466,1804687,24594,-8060,-16534,0,30607,-10031,-20576,0,0,0,0,1,0
3467,1805208,23166,-3273,-19893,0,28831,-4073,-24758,0,0,0,0,1,0
3468,1805729,20848,1640,-22488,0,25947,2041,-27988,0,0,0,0,1,0
3469,1806250,17729,6489,-24218,0,22066,8077,-30143,0,0,0,0,1,0
3470,1806770,13929,11088,-25017,0,17337,13802,-31140,0,0,0,0,1,0
3471,1807291,9594,15261,-24855,0,11942,18997,-30940,0,0,0,0,1,0
3472,1807812,4891,18847,-23738,0,6088,23462,-29551,0,0,0,0,1,0
3473,1808333,0,21708,-21708,0,0,27026,-27026,0,0,0,0,1,0
3474,1808854,-4890,23735,-18845,0,-6088,29551,-23462,0,0,0,0,1,0
3475,1809375,-9592,24850,-15258,0,-11942,30940,-18997,0,0,0,0,1,0
3476,1809895,-13924,25009,-11085,0,-17337,31140,-13802,0,0,0,0,1,0
3477,1810416,-17721,24208,-6486,0,-22066,30143,-8077,0,0,0,0,1,0
3478,1810937,-20837,22476,-1639,0,-25947,27988,-2041,0,0,0,0,1,0
3479,1811458,-23151,19881,3271,0,-28831,24758,4073,0,0,0,0,1,0
3480,1811979,-24576,16522,8054,0,-30607,20576,10031,0,0,0,0,1,0
3481,1812500,-25056,12528,12528,0,-31207,15603,15603,0,0,0,0,1,0
3482,1813020,-24573,8054,16520,0,-30607,10031,20576,0,0,0,0,1,0
3483,1813541,-23146,3270,19876,0,-28831,4073,24758,0,0,0,0,1,0
3484,1814062,-20830,-1638,22469,0,-25947,-2041,27988,0,0,0,0,1,0
3485,1814583,-17714,-6484,24197,0,-22066,-8077,30143,0,0,0,0,1,0
3486,1815104,-13917,-11079,24996,0,-17337,-13802,31140,0,0,0,0,1,0
3487,1815625,-9586,-15248,24834,0,-11942,-18997,30940,0,0,0,0,1,0
3488,1816145,-4886,-18831,23718,0,-6088,-23462,29551,0,0,0,0,1,0
3489,1816666,0,-21690,21690,0,0,-27026,27026,0,0,0,0,1,0
3490,1817187,4886,-23715,18829,0,6088,-29551,23462,0,0,0,0,1,0
3491,1817708,9584,-24829,15245,0,11942,-30940,18997,0,0,0,0,1,0
3492,1818229,13912,-24988,11076,0,17337,-31140,13802,0,0,0,0,1,0
3493,1818750,17706,-24187,6481,0,22066,-30143,8077,0,0,0,0,1,0
3494,1819270,20819,-22457,1638,0,25947,-27988,2041,0,0,0,0,1,0
3495,1819791,23132,-19864,-3268,0,28831,-24758,-4073,0,0,0,0,1,0
3496,1820312,24555,-16508,-8048,0,30607,-20576,-10031,0,0,0,0,1,0
3497,1820833,25035,-12518,-12518,0,31207,-15603,-15603,0,0,0,0,1,0
3498,1821354,24553,-8047,-16506,0,30607,-10031,-20576,0,0,0,0,1,0
3499,1821875,23127,-3267,-19860,0,28831,-4073,-24758,0,0,0,0,1,0
3500,1822395,20813,1637,-22450,0,25947,2041,-27988,0,0,0,0,1,0
3501,1822916,17699,6478,-24177,0,22066,8077,-30143,0,0,0,0,1,0
3502,1823437,13905,11070,-24975,0,17337,13802,-31140,0,0,0,0,1,0
3503,1823958,9578,15236,-24813,0,11942,18997,-30940,0,0,0,0,1,0
3504,1824479,4882,18816,-23698,0,6088,23462,-29551,0,0,0,0,1,0
3505,1825000,0,21672,-21672,0,0,27026,-27026,0,0,0,0,1,0
3506,1825520,-4882,23695,-18814,0,-6088,29551,-23462,0,0,0,0,1,0
3507,1826041,-9576,24808,-15232,0,-11942,30940,-18997,0,0,0,0,1,0
3508,1826562,-13901,24967,-11066,0,-17337,31140,-13802,0,0,0,0,1,0
3509,1827083,-17691,24167,-6476,0,-22066,30143,-8077,0,0,0,0,1,0
3510,1827604,-20802,22438,-1636,0,-25947,27988,-2041,0,0,0,0,1,0
3511,1828125,-23113,19847,3265,0,-28831,24758,4073,0,0,0,0,1,0
3512,1828645,-24535,16494,8041,0,-30607,20576,10031,0,0,0,0,1,0
3513,1829166,-25014,12507,12507,0,-31207,15603,15603,0,0,0,0,1,0
3514,1829687,-24532,8040,16492,0,-30607,10031,20576,0,0,0,0,1,0
3515,1830208,-23108,3265,19843,0,-28831,4073,24758,0,0,0,0,1,0
3516,1830729,-20795,-1636,22431,0,-25947,-2041,27988,0,0,0,0,1,0
3517,1831250,-17684,-6473,24157,0,-22066,-8077,30143,0,0,0,0,1,0
3518,1831770,-13894,-11061,24954,0,-17337,-13802,31140,0,0,0,0,1,0
3519,1832291,-9570,-15223,24792,0,-11942,-18997,30940,0,0,0,0,1,0
3520,1832812,-4878,-18800,23678,0,-6088,-23462,29551,0,0,0,0,1,0
3521,1833333,0,-21654,21654,0,0,-27026,27026,0,0,0,0,1,0
3522,1833854,4878,-23676,18798,0,6088,-29551,23462,0,0,0,0,1,0
3523,1834375,9568,-24787,15220,0,11942,-30940,18997,0,0,0,0,1,0
3524,1834895,13889,-24946,11057,0,17337,-31140,13802,0,0,0,0,1,0
3525,1835416,17677,-24147,6470,0,22066,-30143,8077,0,0,0,0,1,0
3526,1835937,20784,-22419,1635,0,25947,-27988,2041,0,0,0,0,1,0
3527,1836458,23093,-19831,-3263,0,28831,-24758,-4073,0,0,0,0,1,0
3528,1836979,24514,-16480,-8034,0,30607,-20576,-10031,0,0,0,0,1,0
3529,1837500,24993,-12497,-12497,0,31207,-15603,-15603,0,0,0,0,1,0
3530,1838020,24512,-8033,-16478,0,30607,-10031,-20576,0,0,0,0,1,0
3531,1838541,23088,-3262,-19826,0,28831,-4073,-24758,0,0,0,0,1,0
3532,1839062,20778,1634,-22412,0,25947,2041,-27988,0,0,0,0,1,0
3533,1839583,17669,6467,-24137,0,22066,8077,-30143,0,0,0,0,1,0
3534,1840104,13882,11051,-24933,0,17337,13802,-31140,0,0,0,0,1,0
3535,1840625,9562,15210,-24772,0,11942,18997,-30940,0,0,0,0,1,0
3536,1841145,4874,18784,-23658,0,6088,23462,-29551,0,0,0,0,1,0
3537,1841666,0,21636,-21636,0,0,27026,-27026,0,0,0,0,1,0
3538,1842187,-4874,23656,-18782,0,-6088,29551,-23462,0,0,0,0,1,0
3539,1842708,-9560,24767,-15207,0,-11942,30940,-18997,0,0,0,0,1,0
3540,1843229,-13878,24926,-11048,0,-17337,31140,-13802,0,0,0,0,1,0
3541,1843750,-17662,24127,-6465,0,-22066,30143,-8077,0,0,0,0,1,0
3542,1844270,-20767,22401,-1634,0,-25947,27988,-2041,0,0,0,0,1,0
3543,1844791,-23074,19814,3260,0,-28831,24758,4073,0,0,0,0,1,0
3544,1845312,-24494,16466,8028,0,-30607,20576,10031,0,0,0,0,1,0
3545,1845833,-24973,12486,12486,0,-31207,15603,15603,0,0,0,0,1,0
3546,1846354,-24491,8027,16465,0,-30607,10031,20576,0,0,0,0,1,0
3547,1846875,-23069,3259,19810,0,-28831,4073,24758,0,0,0,0,1,0
3548,1847395,-20761,-1633,22394,0,-25947,-2041,27988,0,0,0,0,1,0
3549,1847916,-17655,-6462,24117,0,-22066,-8077,30143,0,0,0,0,1,0
3550,1848437,-13870,-11042,24913,0,-17337,-13802,31140,0,0,0,0,1,0
3551,1848958,-9554,-15198,24751,0,-11942,-18997,30940,0,0,0,0,1,0
3552,1849479,-4870,-18769,23639,0,-6088,-23462,29551,0,0,0,0,1,0
3553,1850000,0,-21618,21618,0,0,-27026,27026,0,0,0,0,1,0
3554,1850520,4870,-23636,18767,0,6088,-29551,23462,0,0,0,0,1,0
3555,1851041,9552,-24746,15194,0,11942,-30940,18997,0,0,0,0,1,0
3556,1851562,13866,-24905,11039,0,17337,-31140,13802,0,0,0,0,1,0
3557,1852083,17647,-24107,6459,0,22066,-30143,8077,0,0,0,0,1,0
3558,1852604,20750,-22382,1632,0,25947,-27988,2041,0,0,0,0,1,0
3559,1853125,23055,-19798,-3257,0,28831,-24758,-4073,0,0,0,0,1,0
3560,1853645,24474,-16453,-8021,0,30607,-20576,-10031,0,0,0,0,1,0
3561,1854166,24952,-12476,-12476,0,31207,-15603,-15603,0,0,0,0,1,0
3562,1854687,24471,-8020,-16451,0,30607,-10031,-20576,0,0,0,0,1,0
3563,1855208,23050,-3257,-19794,0,28831,-4073,-24758,0,0,0,0,1,0
3564,1855729,20743,1632,-22375,0,25947,2041,-27988,0,0,0,0,1,0
3565,1856250,17640,6457,-24097,0,22066,8077,-30143,0,0,0,0,1,0
3566,1856770,13859,11033,-24892,0,17337,13802,-31140,0,0,0,0,1,0
3567,1857291,9546,15185,-24731,0,11942,18997,-30940,0,0,0,0,1,0
3568,1857812,4866,18753,-23619,0,6088,23462,-29551,0,0,0,0,1,0
3569,1858333,0,21600,-21600,0,0,27026,-27026,0,0,0,0,1,0
3570,1858854,-4866,23617,-18751,0,-6088,29551,-23462,0,0,0,0,1,0
3571,1859375,-9544,24726,-15182,0,-11942,30940,-18997,0,0,0,0,1,0
3572,1859895,-13855,24884,-11030,0,-17337,31140,-13802,0,0,0,0,1,0
3573,1860416,-17633,24087,-6454,0,-22066,30143,-8077,0,0,0,0,1,0
3574,1860937,-20733,22364,-1631,0,-25947,27988,-2041,0,0,0,0,1,0
3575,1861458,-23036,19781,3255,0,-28831,24758,4073,0,0,0,0,1,0
3576,1861979,-24453,16439,8014,0,-30607,20576,10031,0,0,0,0,1,0
3577,1862500,-24931,12466,12466,0,-31207,15603,15603,0,0,0,0,1,0
3578,1863020,-24451,8013,16437,0,-30607,10031,20576,0,0,0,0,1,0
3579,1863541,-23031,3254,19777,0,-28831,4073,24758,0,0,0,0,1,0
3580,1864062,-20726,-1630,22357,0,-25947,-2041,27988,0,0,0,0,1,0
3581,1864583,-17625,-6451,24077,0,-22066,-8077,30143,0,0,0,0,1,0
3582,1865104,-13847,-11024,24871,0,-17337,-13802,31140,0,0,0,0,1,0
3583,1865625,-9538,-15172,24710,0,-11942,-18997,30940,0,0,0,0,1,0
3584,1866145,-4862,-18737,23599,0,-6088,-23462,29551,0,0,0,0,1,0
3585,1866666,0,-21582,21582,0,0,-27026,27026,0,0,0,0,1,0
3586,1867187,4862,-23597,18735,0,6088,-29551,23462,0,0,0,0,1,0
3587,1867708,9536,-24705,15169,0,11942,-30940,18997,0,0,0,0,1,0
3588,1868229,13843,-24864,11020,0,17337,-31140,13802,0,0,0,0,1,0
3589,1868750,17618,-24067,6449,0,22066,-30143,8077,0,0,0,0,1,0
3590,1869270,20716,-22345,1629,0,25947,-27988,2041,0,0,0,0,1,0
3591,1869791,23017,-19765,-3252,0,28831,-24758,-4073,0,0,0,0,1,0
3592,1870312,24433,-16426,-8008,0,30607,-20576,-10031,0,0,0,0,1,0
3593,1870833,24911,-12455,-12455,0,31207,-15603,-15603,0,0,0,0,1,0
3594,1871354,24431,-8007,-16424,0,30607,-10031,-20576,0,0,0,0,1,0
3595,1871875,23012,-3251,-19761,0,28831,-4073,-24758,0,0,0,0,1,0
3596,1872395,20709,1629,-22338,0,25947,2041,-27988,0,0,0,0,1,0
3597,1872916,17611,6446,-24057,0,22066,8077,-30143,0,0,0,0,1,0
3598,1873437,13836,11015,-24851,0,17337,13802,-31140,0,0,0,0,1,0
3599,1873958,9530,15160,-24690,0,11942,18997,-30940,0,0,0,0,1,0
3600,1874479,4858,18722,-23580,0,6088,23462,-29551,0,0,0,0,1,0
3601,1875000,0,21564,-21564,0,0,27026,-27026,0,0,0,0,1,0
3602,1875520,-4858,23578,-18720,0,-6088,29551,-23462,0,0,0,0,1,0
3603,1876041,-9528,24685,-15157,0,-11942,30940,-18997,0,0,0,0,1,0
3604,1876562,-13832,24843,-11011,0,-17337,31140,-13802,0,0,0,0,1,0
3605,1877083,-17604,24047,-6443,0,-22066,30143,-8077,0,0,0,0,1,0
3606,1877604,-20698,22327,-1628,0,-25947,27988,-2041,0,0,0,0,1,0
3607,1878125,-22998,19749,3249,0,-28831,24758,4073,0,0,0,0,1,0
3608,1878645,-24413,16412,8001,0,-30607,20576,10031,0,0,0,0,1,0
3609,1879166,-24890,12445,12445,0,-31207,15603,15603,0,0,0,0,1,0
3610,1879687,-24411,8000,16410,0,-30607,10031,20576,0,0,0,0,1,0
3611,1880208,-22993,3248,19745,0,-28831,4073,24758,0,0,0,0,1,0
3612,1880729,-20692,-1628,22320,0,-25947,-2041,27988,0,0,0,0,1,0
3613,1881250,-17596,-6441,24037,0,-22066,-8077,30143,0,0,0,0,1,0
3614,1881770,-13825,-11006,24830,0,-17337,-13802,31140,0,0,0,0,1,0
3615,1882291,-9522,-15147,24669,0,-11942,-18997,30940,0,0,0,0,1,0
3616,1882812,-4854,-18707,23561,0,-6088,-23462,29551,0,0,0,0,1,0
3617,1883333,0,-21547,21547,0,0,-27026,27026,0,0,0,0,1,0
3618,1883854,4854,-23558,18705,0,6088,-29551,23462,0,0,0,0,1,0
3619,1884375,9520,-24664,15144,0,11942,-30940,18997,0,0,0,0,1,0
3620,1884895,13820,-24823,11002,0,17337,-31140,13802,0,0,0,0,1,0
3621,1885416,17589,-24027,6438,0,22066,-30143,8077,0,0,0,0,1,0
3622,1885937,20681,-22308,1627,0,25947,-27988,2041,0,0,0,0,1,0
3623,1886458,22979,-19732,-3246,0,28831,-24758,-4073,0,0,0,0,1,0
3624,1886979,24393,-16398,-7994,0,30607,-20576,-10031,0,0,0,0,1,0
3625,1887500,24870,-12435,-12435,0,31207,-15603,-15603,0,0,0,0,1,0
3626,1888020,24390,-7994,-16397,0,30607,-10031,-20576,0,0,0,0,1,0
3627,1888541,22974,-3246,-19728,0,28831,-4073,-24758,0,0,0,0,1,0
3628,1889062,20675,1626,-22301,0,25947,2041,-27988,0,0,0,0,1,0
3629,1889583,17582,6435,-24017,0,22066,8077,-30143,0,0,0,0,1,0
3630,1890104,13813,10997,-24810,0,17337,13802,-31140,0,0,0,0,1,0
3631,1890625,9514,15135,-24649,0,11942,18997,-30940,0,0,0,0,1,0
3632,1891145,4850,18691,-23541,0,6088,23462,-29551,0,0,0,0,1,0
3633,1891666,0,21529,-21529,0,0,27026,-27026,0,0,0,0,1,0
3634,1892187,-4850,23539,-18689,0,-6088,29551,-23462,0,0,0,0,1,0
3635,1892708,-9512,24644,-15132,0,-11942,30940,-18997,0,0,0,0,1,0
3636,1893229,-13809,24802,-10993,0,-17337,31140,-13802,0,0,0,0,1,0
3637,1893750,-17575,24007,-6433,0,-22066,30143,-8077,0,0,0,0,1,0
3638,1894270,-20665,22290,-1625,0,-25947,27988,-2041,0,0,0,0,1,0
3639,1894791,-22960,19716,3244,0,-28831,24758,4073,0,0,0,0,1,0
3640,1895312,-24373,16385,7988,0,-30607,20576,10031,0,0,0,0,1,0
3641,1895833,-24849,12425,12425,0,-31207,15603,15603,0,0,0,0,1,0
3642,1896354,-24370,7987,16383,0,-30607,10031,20576,0,0,0,0,1,0
3643,1896875,-22955,3243,19712,0,-28831,4073,24758,0,0,0,0,1,0
3644,1897395,-20658,-1625,22283,0,-25947,-2041,27988,0,0,0,0,1,0
3645,1897916,-17567,-6430,23998,0,-22066,-8077,30143,0,0,0,0,1,0
3646,1898437,-13802,-10988,24790,0,-17337,-13802,31140,0,0,0,0,1,0
3647,1898958,-9506,-15123,24629,0,-11942,-18997,30940,0,0,0,0,1,0
3648,1899479,-4846,-18676,23522,0,-6088,-23462,29551,0,0,0,0,1,0
3649,1900000,0,-21511,21511,0,0,-27026,27026,0,0,0,0,1,0
3650,1900520,4846,-23520,18674,0,6088,-29551,23462,0,0,0,0,1,0
3651,1901041,9505,-24624,15120,0,11942,-30940,18997,0,0,0,0,1,0
3652,1901562,13798,-24782,10984,0,17337,-31140,13802,0,0,0,0,1,0
3653,1902083,17560,-23988,6428,0,22066,-30143,8077,0,0,0,0,1,0
3654,1902604,20648,-22272,1624,0,25947,-27988,2041,0,0,0,0,1,0
3655,1903125,22941,-19700,-3241,0,28831,-24758,-4073,0,0,0,0,1,0
3656,1903645,24353,-16372,-7981,0,30607,-20576,-10031,0,0,0,0,1,0
3657,1904166,24829,-12414,-12414,0,31207,-15603,-15603,0,0,0,0,1,0
3658,1904687,24351,-7981,-16370,0,30607,-10031,-20576,0,0,0,0,1,0
3659,1905208,22937,-3240,-19696,0,28831,-4073,-24758,0,0,0,0,1,0
3660,1905729,20641,1624,-22265,0,25947,2041,-27988,0,0,0,0,1,0
3661,1906250,17553,6425,-23978,0,22066,8077,-30143,0,0,0,0,1,0
3662,1906770,13791,10979,-24769,0,17337,13802,-31140,0,0,0,0,1,0
3663,1907291,9499,15110,-24609,0,11942,18997,-30940,0,0,0,0,1,0
3664,1907812,4842,18661,-23503,0,6088,23462,-29551,0,0,0,0,1,0
3665,1908333,0,21494,-21494,0,0,27026,-27026,0,0,0,0,1,0
3666,1908854,-4842,23500,-18659,0,-6088,29551,-23462,0,0,0,0,1,0
3667,1909375,-9497,24604,-15107,0,-11942,30940,-18997,0,0,0,0,1,0
3668,1909895,-13786,24762,-10975,0,-17337,31140,-13802,0,0,0,0,1,0
3669,1910416,-17546,23968,-6422,0,-22066,30143,-8077,0,0,0,0,1,0
3670,1910937,-20631,22254,-1623,0,-25947,27988,-2041,0,0,0,0,1,0
3671,1911458,-22923,19684,3239,0,-28831,24758,4073,0,0,0,0,1,0
3672,1911979,-24333,16358,7975,0,-30607,20576,10031,0,0,0,0,1,0
3673,1912500,-24809,12404,12404,0,-31207,15603,15603,0,0,0,0,1,0
3674,1913020,-24331,7974,16357,0,-30607,10031,20576,0,0,0,0,1,0
3675,1913541,-22918,3238,19680,0,-28831,4073,24758,0,0,0,0,1,0
3676,1914062,-20625,-1622,22247,0,-25947,-2041,27988,0,0,0,0,1,0
3677,1914583,-17539,-6420,23958,0,-22066,-8077,30143,0,0,0,0,1,0
3678,1915104,-13779,-10970,24749,0,-17337,-13802,31140,0,0,0,0,1,0
3679,1915625,-9491,-15098,24589,0,-11942,-18997,30940,0,0,0,0,1,0
3680,1916145,-4838,-18646,23484,0,-6088,-23462,29551,0,0,0,0,1,0
3681,1916666,0,-21476,21476,0,0,-27026,27026,0,0,0,0,1,0
3682,1917187,4838,-23481,18644,0,6088,-29551,23462,0,0,0,0,1,0
3683,1917708,9489,-24584,15095,0,11942,-30940,18997,0,0,0,0,1,0
3684,1918229,13775,-24742,10966,0,17337,-31140,13802,0,0,0,0,1,0
3685,1918750,17532,-23949,6417,0,22066,-30143,8077,0,0,0,0,1,0
3686,1919270,20614,-22236,1621,0,25947,-27988,2041,0,0,0,0,1,0
3687,1919791,22904,-19668,-3236,0,28831,-24758,-4073,0,0,0,0,1,0
3688,1920312,24313,-16345,-7968,0,30607,-20576,-10031,0,0,0,0,1,0
3689,1920833,24789,-12394,-12394,0,31207,-15603,-15603,0,0,0,0,1,0
3690,1921354,24311,-7968,-16343,0,30607,-10031,-20576,0,0,0,0,1,0
3691,1921875,22899,-3235,-19664,0,28831,-4073,-24758,0,0,0,0,1,0
3692,1922395,20608,1621,-22229,0,25947,2041,-27988,0,0,0,0,1,0
3693,1922916,17525,6414,-23939,0,22066,8077,-30143,0,0,0,0,1,0
3694,1923437,13768,10961,-24729,0,17337,13802,-31140,0,0,0,0,1,0
3695,1923958,9483,15086,-24569,0,11942,18997,-30940,0,0,0,0,1,0
3696,1924479,4834,18630,-23465,0,6088,23462,-29551,0,0,0,0,1,0
3697,1925000,0,21459,-21459,0,0,27026,-27026,0,0,0,0,1,0
3698,1925520,-4834,23462,-18629,0,-6088,29551,-23462,0,0,0,0,1,0
3699,1926041,-9481,24564,-15083,0,-11942,30940,-18997,0,0,0,0,1,0
3700,1926562,-13764,24722,-10958,0,-17337,31140,-13802,0,0,0,0,1,0
3701,1927083,-17517,23929,-6412,0,-22066,30143,-8077,0,0,0,0,1,0
3702,1927604,-20597,22218,-1620,0,-25947,27988,-2041,0,0,0,0,1,0
3703,1928125,-22885,19652,3233,0,-28831,24758,4073,0,0,0,0,1,0
3704,1928645,-24294,16332,7962,0,-30607,20576,10031,0,0,0,0,1,0
3705,1929166,-24768,12384,12384,0,-31207,15603,15603,0,0,0,0,1,0
3706,1929687,-24291,7961,16330,0,-30607,10031,20576,0,0,0,0,1,0
3707,1930208,-22881,3233,19648,0,-28831,4073,24758,0,0,0,0,1,0
3708,1930729,-20591,-1620,22211,0,-25947,-2041,27988,0,0,0,0,1,0
3709,1931250,-17510,-6409,23920,0,-22066,-8077,30143,0,0,0,0,1,0
3710,1931770,-13757,-10952,24709,0,-17337,-13802,31140,0,0,0,0,1,0
3711,1932291,-9476,-15074,24549,0,-11942,-18997,30940,0,0,0,0,1,0
3712,1932812,-4830,-18615,23446,0,-6088,-23462,29551,0,0,0,0,1,0
3713,1933333,0,-21441,21441,0,0,-27026,27026,0,0,0,0,1,0
3714,1933854,4830,-23443,18613,0,6088,-29551,23462,0,0,0,0,1,0
3715,1934375,9474,-24544,15070,0,11942,-30940,18997,0,0,0,0,1,0
3716,1934895,13753,-24702,10949,0,17337,-31140,13802,0,0,0,0,1,0
3717,1935416,17503,-23910,6407,0,22066,-30143,8077,0,0,0,0,1,0
3718,1935937,20581,-22200,1619,0,25947,-27988,2041,0,0,0,0,1,0
3719,1936458,22867,-19636,-3231,0,28831,-24758,-4073,0,0,0,0,1,0
3720,1936979,24274,-16319,-7956,0,30607,-20576,-10031,0,0,0,0,1,0
3721,1937500,24748,-12374,-12374,0,31207,-15603,-15603,0,0,0,0,1,0
3722,1938020,24272,-7955,-16317,0,30607,-10031,-20576,0,0,0,0,1,0
3723,1938541,22862,-3230,-19632,0,28831,-4073,-24758,0,0,0,0,1,0
3724,1939062,20574,1618,-22193,0,25947,2041,-27988,0,0,0,0,1,0
3725,1939583,17496,6404,-23900,0,22066,8077,-30143,0,0,0,0,1,0
3726,1940104,13746,10943,-24689,0,17337,13802,-31140,0,0,0,0,1,0
3727,1940625,9468,15061,-24529,0,11942,18997,-30940,0,0,0,0,1,0
3728,1941145,4826,18600,-23427,0,6088,23462,-29551,0,0,0,0,1,0
3729,1941666,0,21424,-21424,0,0,27026,-27026,0,0,0,0,1,0
3730,1942187,-4826,23424,-18598,0,-6088,29551,-23462,0,0,0,0,1,0
3731,1942708,-9466,24524,-15058,0,-11942,30940,-18997,0,0,0,0,1,0
3732,1943229,-13742,24682,-10940,0,-17337,31140,-13802,0,0,0,0,1,0
3733,1943750,-17489,23891,-6401,0,-22066,30143,-8077,0,0,0,0,1,0
3734,1944270,-20564,22182,-1618,0,-25947,27988,-2041,0,0,0,0,1,0
3735,1944791,-22848,19620,3228,0,-28831,24758,4073,0,0,0,0,1,0
3736,1945312,-24255,16305,7949,0,-30607,20576,10031,0,0,0,0,1,0
3737,1945833,-24728,12364,12364,0,-31207,15603,15603,0,0,0,0,1,0
3738,1946354,-24252,7948,16304,0,-30607,10031,20576,0,0,0,0,1,0
3739,1946875,-22844,3227,19616,0,-28831,4073,24758,0,0,0,0,1,0
3740,1947395,-20558,-1617,22175,0,-25947,-2041,27988,0,0,0,0,1,0
3741,1947916,-17482,-6399,23881,0,-22066,-8077,30143,0,0,0,0,1,0
3742,1948437,-13735,-10934,24669,0,-17337,-13802,31140,0,0,0,0,1,0
3743,1948958,-9460,-15049,24510,0,-11942,-18997,30940,0,0,0,0,1,0
3744,1949479,-4823,-18585,23408,0,-6088,-23462,29551,0,0,0,0,1,0
3745,1950000,0,-21407,21407,0,0,-27026,27026,0,0,0,0,1,0
3746,1950520,4822,-23406,18583,0,6088,-29551,23462,0,0,0,0,1,0
3747,1951041,9458,-24505,15046,0,11942,-30940,18997,0,0,0,0,1,0
3748,1951562,13731,-24662,10931,0,17337,-31140,13802,0,0,0,0,1,0
3749,1952083,17475,-23871,6396,0,22066,-30143,8077,0,0,0,0,1,0
3750,1952604,20548,-22164,1616,0,25947,-27988,2041,0,0,0,0,1,0
3751,1953125,22830,-19605,-3225,0,28831,-24758,-4073,0,0,0,0,1,0
3752,1953645,24235,-16292,-7943,0,30607,-20576,-10031,0,0,0,0,1,0
3753,1954166,24709,-12354,-12354,0,31207,-15603,-15603,0,0,0,0,1,0
3754,1954687,24233,-7942,-16291,0,30607,-10031,-20576,0,0,0,0,1,0
3755,1955208,22826,-3225,-19601,0,28831,-4073,-24758,0,0,0,0,1,0
3756,1955729,20541,1616,-22157,0,25947,2041,-27988,0,0,0,0,1,0
3757,1956250,17468,6394,-23862,0,22066,8077,-30143,0,0,0,0,1,0
3758,1956770,13724,10926,-24650,0,17337,13802,-31140,0,0,0,0,1,0
3759,1957291,9453,15037,-24490,0,11942,18997,-30940,0,0,0,0,1,0
3760,1957812,4819,18570,-23389,0,6088,23462,-29551,0,0,0,0,1,0
3761,1958333,0,21390,-21390,0,0,27026,-27026,0,0,0,0,1,0
3762,1958854,-4818,23387,-18569,0,-6088,29551,-23462,0,0,0,0,1,0
3763,1959375,-9451,24485,-15034,0,-11942,30940,-18997,0,0,0,0,1,0
3764,1959895,-13720,24642,-10922,0,-17337,31140,-13802,0,0,0,0,1,0
3765,1960416,-17461,23852,-6391,0,-22066,30143,-8077,0,0,0,0,1,0
3766,1960937,-20531,22146,-1615,0,-25947,27988,-2041,0,0,0,0,1,0
3767,1961458,-22812,19589,3223,0,-28831,24758,4073,0,0,0,0,1,0
3768,1961979,-24216,16279,7936,0,-30607,20576,10031,0,0,0,0,1,0
3769,1962500,-24689,12344,12344,0,-31207,15603,15603,0,0,0,0,1,0
3770,1963020,-24213,7936,16278,0,-30607,10031,20576,0,0,0,0,1,0
3771,1963541,-22807,3222,19585,0,-28831,4073,24758,0,0,0,0,1,0
3772,1964062,-20525,-1614,22139,0,-25947,-2041,27988,0,0,0,0,1,0
3773,1964583,-17454,-6389,23843,0,-22066,-8077,30143,0,0,0,0,1,0
3774,1965104,-13713,-10917,24630,0,-17337,-13802,31140,0,0,0,0,1,0
3775,1965625,-9445,-15025,24470,0,-11942,-18997,30940,0,0,0,0,1,0
3776,1966145,-4815,-18556,23370,0,-6088,-23462,29551,0,0,0,0,1,0
3777,1966666,0,-21373,21373,0,0,-27026,27026,0,0,0,0,1,0
3778,1967187,4814,-23368,18554,0,6088,-29551,23462,0,0,0,0,1,0
3779,1967708,9443,-24465,15022,0,11942,-30940,18997,0,0,0,0,1,0
3780,1968229,13709,-24622,10914,0,17337,-31140,13802,0,0,0,0,1,0
3781,1968750,17447,-23833,6386,0,22066,-30143,8077,0,0,0,0,1,0
3782,1969270,20515,-22128,1614,0,25947,-27988,2041,0,0,0,0,1,0
3783,1969791,22794,-19573,-3220,0,28831,-24758,-4073,0,0,0,0,1,0
3784,1970312,24196,-16266,-7930,0,30607,-20576,-10031,0,0,0,0,1,0
3785,1970833,24669,-12335,-12335,0,31207,-15603,-15603,0,0,0,0,1,0
3786,1971354,24194,-7929,-16265,0,30607,-10031,-20576,0,0,0,0,1,0
3787,1971875,22789,-3220,-19569,0,28831,-4073,-24758,0,0,0,0,1,0
3788,1972395,20509,1613,-22122,0,25947,2041,-27988,0,0,0,0,1,0
3789,1972916,17440,6384,-23824,0,22066,8077,-30143,0,0,0,0,1,0
3790,1973437,13702,10908,-24610,0,17337,13802,-31140,0,0,0,0,1,0
3791,1973958,9438,15013,-24451,0,11942,18997,-30940,0,0,0,0,1,0
3792,1974479,4811,18541,-23352,0,6088,23462,-29551,0,0,0,0,1,0
3793,1975000,0,21356,-21356,0,0,27026,-27026,0,0,0,0,1,0
3794,1975520,-4811,23349,-18539,0,-6088,29551,-23462,0,0,0,0,1,0
3795,1976041,-9436,24446,-15010,0,-11942,30940,-18997,0,0,0,0,1,0
3796,1976562,-13698,24603,-10905,0,-17337,31140,-13802,0,0,0,0,1,0
3797,1977083,-17433,23814,-6381,0,-22066,30143,-8077,0,0,0,0,1,0
3798,1977604,-20498,22111,-1612,0,-25947,27988,-2041,0,0,0,0,1,0
3799,1978125,-22775,19558,3218,0,-28831,24758,4073,0,0,0,0,1,0
3800,1978645,-24177,16253,7924,0,-30607,20576,10031,0,0,0,0,1,0
3801,1979166,-24649,12325,12325,0,-31207,15603,15603,0,0,0,0,1,0
3802,1979687,-24175,7923,16252,0,-30607,10031,20576,0,0,0,0,1,0
3803,1980208,-22771,3217,19554,0,-28831,4073,24758,0,0,0,0,1,0
3804,1980729,-20492,-1612,22104,0,-25947,-2041,27988,0,0,0,0,1,0
3805,1981250,-17426,-6378,23805,0,-22066,-8077,30143,0,0,0,0,1,0
3806,1981770,-13691,-10899,24591,0,-17337,-13802,31140,0,0,0,0,1,0
3807,1982291,-9430,-15001,24431,0,-11942,-18997,30940,0,0,0,0,1,0
3808,1982812,-4807,-18526,23333,0,-6088,-23462,29551,0,0,0,0,1,0
3809,1983333,0,-21339,21339,0,0,-27026,27026,0,0,0,0,1,0
3810,1983854,4807,-23331,18524,0,6088,-29551,23462,0,0,0,0,1,0
3811,1984375,9428,-24426,14998,0,11942,-30940,18997,0,0,0,0,1,0
3812,1984895,13687,-24583,10896,0,17337,-31140,13802,0,0,0,0,1,0
3813,1985416,17419,-23795,6376,0,22066,-30143,8077,0,0,0,0,1,0
3814,1985937,20482,-22093,1611,0,25947,-27988,2041,0,0,0,0,1,0
3815,1986458,22757,-19542,-3215,0,28831,-24758,-4073,0,0,0,0,1,0
3816,1986979,24158,-16240,-7917,0,30607,-20576,-10031,0,0,0,0,1,0
3817,1987500,24630,-12315,-12315,0,31207,-15603,-15603,0,0,0,0,1,0
3818,1988020,24155,-7917,-16239,0,30607,-10031,-20576,0,0,0,0,1,0
3819,1988541,22753,-3215,-19538,0,28831,-4073,-24758,0,0,0,0,1,0
3820,1989062,20476,1611,-22087,0,25947,2041,-27988,0,0,0,0,1,0
3821,1989583,17412,6373,-23786,0,22066,8077,-30143,0,0,0,0,1,0
3822,1990104,13680,10891,-24571,0,17337,13802,-31140,0,0,0,0,1,0
3823,1990625,9423,14989,-24412,0,11942,18997,-30940,0,0,0,0,1,0
3824,1991145,4803,18511,-23315,0,6088,23462,-29551,0,0,0,0,1,0
3825,1991666,0,21322,-21322,0,0,27026,-27026,0,0,0,0,1,0
3826,1992187,-4803,23312,-18509,0,-6088,29551,-23462,0,0,0,0,1,0
3827,1992708,-9421,24407,-14986,0,-11942,30940,-18997,0,0,0,0,1,0
3828,1993229,-13676,24564,-10888,0,-17337,31140,-13802,0,0,0,0,1,0
3829,1993750,-17406,23776,-6371,0,-22066,30143,-8077,0,0,0,0,1,0
3830,1994270,-20466,22076,-1610,0,-25947,27988,-2041,0,0,0,0,1,0
3831,1994791,-22739,19527,3213,0,-28831,24758,4073,0,0,0,0,1,0
3832,1995312,-24139,16228,7911,0,-30607,20576,10031,0,0,0,0,1,0
3833,1995833,-24610,12305,12305,0,-31207,15603,15603,0,0,0,0,1,0
3834,1996354,-24136,7910,16226,0,-30607,10031,20576,0,0,0,0,1,0
3835,1996875,-22735,3212,19523,0,-28831,4073,24758,0,0,0,0,1,0
3836,1997395,-20460,-1609,22069,0,-25947,-2041,27988,0,0,0,0,1,0
3837,1997916,-17399,-6368,23767,0,-22066,-8077,30143,0,0,0,0,1,0
3838,1998437,-13669,-10882,24552,0,-17337,-13802,31140,0,0,0,0,1,0
3839,1998958,-9415,-14977,24393,0,-11942,-18997,30940,0,0,0,0,1,0
3840,1999479,-4800,-18497,23296,0,-6088,-23462,29551,0,0,0,0,1,0
3841,2000000,0,-21305,21305,0,0,-27026,27026,0,0,0,0,1,0
3842,2000520,4799,-23294,18495,0,6088,-29551,23462,0,0,0,0,1,0
3843,2001041,9413,-24388,14974,0,11942,-30940,18997,0,0,0,0,1,0
3844,2001562,13665,-24544,10879,0,17337,-31140,13802,0,0,0,0,1,0
3845,2002083,17392,-23758,6366,0,22066,-30143,8077,0,0,0,0,1,0
3846,2002604,20450,-22058,1609,0,25947,-27988,2041,0,0,0,0,1,0
3847,2003124,22721,-19511,-3210,0,28831,-24758,-4073,0,0,0,0,1,0
3848,2003645,24120,-16215,-7905,0,30607,-20576,-10031,0,0,0,0,1,0
3849,2004166,24591,-12295,-12295,0,31207,-15603,-15603,0,0,0,0,1,0
3850,2004687,24117,-7904,-16213,0,30607,-10031,-20576,0,0,0,0,1,0
3851,2005208,22717,-3209,-19507,0,28831,-4073,-24758,0,0,0,0,1,0
3852,2005729,20444,1608,-22052,0,25947,2041,-27988,0,0,0,0,1,0
3853,2006250,17385,6363,-23748,0,22066,8077,-30143,0,0,0,0,1,0
3854,2006770,13659,10874,-24532,0,17337,13802,-31140,0,0,0,0,1,0
3855,2007291,9408,14966,-24373,0,11942,18997,-30940,0,0,0,0,1,0
3856,2007812,4796,18482,-23278,0,6088,23462,-29551,0,0,0,0,1,0
3857,2008333,0,21288,-21288,0,0,27026,-27026,0,0,0,0,1,0
3858,2008854,-4795,23276,-18480,0,-6088,29551,-23462,0,0,0,0,1,0
3859,2009375,-9406,24369,-14963,0,-11942,30940,-18997,0,0,0,0,1,0
3860,2009895,-13655,24525,-10870,0,-17337,31140,-13802,0,0,0,0,1,0
3861,2010416,-17378,23739,-6361,0,-22066,30143,-8077,0,0,0,0,1,0
3862,2010937,-20433,22041,-1607,0,-25947,27988,-2041,0,0,0,0,1,0
3863,2011458,-22703,19496,3208,0,-28831,24758,4073,0,0,0,0,1,0
3864,2011979,-24101,16202,7899,0,-30607,20576,10031,0,0,0,0,1,0
3865,2012500,-24572,12286,12286,0,-31207,15603,15603,0,0,0,0,1,0
3866,2013020,-24098,7898,16200,0,-30607,10031,20576,0,0,0,0,1,0
3867,2013541,-22699,3207,19492,0,-28831,4073,24758,0,0,0,0,1,0
3868,2014062,-20427,-1607,22034,0,-25947,-2041,27988,0,0,0,0,1,0
3869,2014583,-17371,-6358,23730,0,-22066,-8077,30143,0,0,0,0,1,0
3870,2015104,-13648,-10865,24513,0,-17337,-13802,31140,0,0,0,0,1,0
3871,2015625,-9400,-14954,24354,0,-11942,-18997,30940,0,0,0,0,1,0
3872,2016145,-4792,-18467,23260,0,-6088,-23462,29551,0,0,0,0,1,0
3873,2016666,0,-21271,21271,0,0,-27026,27026,0,0,0,0,1,0
3874,2017187,4792,-23257,18466,0,6088,-29551,23462,0,0,0,0,1,0
3875,2017708,9398,-24349,14951,0,11942,-30940,18997,0,0,0,0,1,0
3876,2018229,13644,-24506,10862,0,17337,-31140,13802,0,0,0,0,1,0
3877,2018749,17364,-23720,6356,0,22066,-30143,8077,0,0,0,0,1,0
3878,2019270,20417,-22023,1606,0,25947,-27988,2041,0,0,0,0,1,0
3879,2019791,22686,-19480,-3205,0,28831,-24758,-4073,0,0,0,0,1,0
3880,2020312,24082,-16189,-7892,0,30607,-20576,-10031,0,0,0,0,1,0
3881,2020833,24552,-12276,-12276,0,31207,-15603,-15603,0,0,0,0,1,0
3882,2021354,24079,-7892,-16188,0,30607,-10031,-20576,0,0,0,0,1,0
3883,2021875,22681,-3204,-19477,0,28831,-4073,-24758,0,0,0,0,1,0
3884,2022395,20411,1606,-22017,0,25947,2041,-27988,0,0,0,0,1,0
3885,2022916,17358,6353,-23711,0,22066,8077,-30143,0,0,0,0,1,0
3886,2023437,13637,10857,-24494,0,17337,13802,-31140,0,0,0,0,1,0
3887,2023958,9393,14942,-24335,0,11942,18997,-30940,0,0,0,0,1,0
3888,2024479,4788,18453,-23241,0,6088,23462,-29551,0,0,0,0,1,0
3889,2025000,0,21254,-21254,0,0,27026,-27026,0,0,0,0,1,0
3890,2025520,-4788,23239,-18451,0,-6088,29551,-23462,0,0,0,0,1,0
3891,2026041,-9391,24330,-14939,0,-11942,30940,-18997,0,0,0,0,1,0
3892,2026562,-13633,24486,-10853,0,-17337,31140,-13802,0,0,0,0,1,0
3893,2027083,-17351,23702,-6351,0,-22066,30143,-8077,0,0,0,0,1,0
3894,2027604,-20401,22006,-1605,0,-25947,27988,-2041,0,0,0,0,1,0
3895,2028125,-22668,19465,3203,0,-28831,24758,4073,0,0,0,0,1,0
3896,2028645,-24063,16177,7886,0,-30607,20576,10031,0,0,0,0,1,0
3897,2029166,-24533,12266,12266,0,-31207,15603,15603,0,0,0,0,1,0
3898,2029687,-24060,7885,16175,0,-30607,10031,20576,0,0,0,0,1,0
3899,2030208,-22663,3202,19461,0,-28831,4073,24758,0,0,0,0,1,0
3900,2030729,-20395,-1604,22000,0,-25947,-2041,27988,0,0,0,0,1,0
3901,2031250,-17344,-6348,23692,0,-22066,-8077,30143,0,0,0,0,1,0
3902,2031770,-13626,-10848,24474,0,-17337,-13802,31140,0,0,0,0,1,0
3903,2032291,-9386,-14930,24316,0,-11942,-18997,30940,0,0,0,0,1,0
3904,2032812,-4785,-18439,23223,0,-6088,-23462,29551,0,0,0,0,1,0
3905,2033333,0,-21238,21238,0,0,-27026,27026,0,0,0,0,1,0
3906,2033854,4784,-23221,18437,0,6088,-29551,23462,0,0,0,0,1,0
3907,2034374,9384,-24311,14927,0,11942,-30940,18997,0,0,0,0,1,0
3908,2034895,13622,-24467,10845,0,17337,-31140,13802,0,0,0,0,1,0
3909,2035416,17337,-23683,6346,0,22066,-30143,8077,0,0,0,0,1,0
3910,2035937,20385,-21989,1604,0,25947,-27988,2041,0,0,0,0,1,0
3911,2036458,22650,-19450,-3200,0,28831,-24758,-4073,0,0,0,0,1,0
3912,2036979,24044,-16164,-7880,0,30607,-20576,-10031,0,0,0,0,1,0
3913,2037500,24514,-12257,-12257,0,31207,-15603,-15603,0,0,0,0,1,0
3914,2038020,24042,-7879,-16162,0,30607,-10031,-20576,0,0,0,0,1,0
3915,2038541,22646,-3199,-19446,0,28831,-4073,-24758,0,0,0,0,1,0
3916,2039062,20379,1603,-21983,0,25947,2041,-27988,0,0,0,0,1,0
3917,2039583,17330,6343,-23674,0,22066,8077,-30143,0,0,0,0,1,0
3918,2040104,13616,10840,-24455,0,17337,13802,-31140,0,0,0,0,1,0
3919,2040625,9378,14919,-24297,0,11942,18997,-30940,0,0,0,0,1,0
3920,2041145,4781,18424,-23205,0,6088,23462,-29551,0,0,0,0,1,0
3921,2041666,0,21221,-21221,0,0,27026,-27026,0,0,0,0,1,0
3922,2042187,-4780,23203,-18422,0,-6088,29551,-23462,0,0,0,0,1,0
3923,2042708,-9376,24292,-14916,0,-11942,30940,-18997,0,0,0,0,1,0
3924,2043229,-13612,24448,-10836,0,-17337,31140,-13802,0,0,0,0,1,0
3925,2043750,-17324,23665,-6341,0,-22066,30143,-8077,0,0,0,0,1,0
3926,2044270,-20370,21972,-1602,0,-25947,27988,-2041,0,0,0,0,1,0
3927,2044791,-22632,19435,3198,0,-28831,24758,4073,0,0,0,0,1,0
3928,2045312,-24025,16151,7874,0,-30607,20576,10031,0,0,0,0,1,0
3929,2045833,-24495,12247,12247,0,-31207,15603,15603,0,0,0,0,1,0
3930,2046354,-24023,7873,16150,0,-30607,10031,20576,0,0,0,0,1,0
3931,2046875,-22628,3197,19431,0,-28831,4073,24758,0,0,0,0,1,0
3932,2047395,-20364,-1602,21965,0,-25947,-2041,27988,0,0,0,0,1,0
3933,2047916,-17317,-6338,23655,0,-22066,-8077,30143,0,0,0,0,1,0
3934,2048437,-13605,-10831,24436,0,-17337,-13802,31140,0,0,0,0,1,0
3935,2048958,-9371,-14907,24278,0,-11942,-18997,30940,0,0,0,0,1,0
3936,2049479,-4777,-18410,23187,0,-6088,-23462,29551,0,0,0,0,1,0
3937,2049999,0,-21205,21205,0,0,-27026,27026,0,0,0,0,1,0
3938,2050520,4777,-23185,18408,0,6088,-29551,23462,0,0,0,0,1,0
3939,2051041,9369,-24273,14904,0,11942,-30940,18997,0,0,0,0,1,0
3940,2051562,13601,-24429,10828,0,17337,-31140,13802,0,0,0,0,1,0
3941,2052083,17310,-23646,6336,0,22066,-30143,8077,0,0,0,0,1,0
3942,2052604,20354,-21955,1601,0,25947,-27988,2041,0,0,0,0,1,0
3943,2053125,22615,-19420,-3195,0,28831,-24758,-4073,0,0,0,0,1,0
3944,2053645,24007,-16139,-7868,0,30607,-20576,-10031,0,0,0,0,1,0
3945,2054166,24476,-12238,-12238,0,31207,-15603,-15603,0,0,0,0,1,0
3946,2054687,24004,-7867,-16137,0,30607,-10031,-20576,0,0,0,0,1,0
3947,2055208,22610,-3194,-19416,0,28831,-4073,-24758,0,0,0,0,1,0
3948,2055729,20348,1601,-21948,0,25947,2041,-27988,0,0,0,0,1,0
3949,2056250,17304,6334,-23637,0,22066,8077,-30143,0,0,0,0,1,0
3950,2056770,13595,10823,-24417,0,17337,13802,-31140,0,0,0,0,1,0
3951,2057291,9364,14896,-24259,0,11942,18997,-30940,0,0,0,0,1,0
3952,2057812,4773,18396,-23169,0,6088,23462,-29551,0,0,0,0,1,0
3953,2058333,0,21188,-21188,0,0,27026,-27026,0,0,0,0,1,0
3954,2058854,-4773,23167,-18394,0,-6088,29551,-23462,0,0,0,0,1,0
3955,2059375,-9362,24255,-14893,0,-11942,30940,-18997,0,0,0,0,1,0
3956,2059895,-13591,24410,-10820,0,-17337,31140,-13802,0,0,0,0,1,0
3957,2060416,-17297,23628,-6331,0,-22066,30143,-8077,0,0,0,0,1,0
3958,2060937,-20338,21938,-1600,0,-25947,27988,-2041,0,0,0,0,1,0
3959,2061458,-22597,19405,3193,0,-28831,24758,4073,0,0,0,0,1,0
3960,2061979,-23988,16126,7862,0,-30607,20576,10031,0,0,0,0,1,0
3961,2062500,-24457,12228,12228,0,-31207,15603,15603,0,0,0,0,1,0
3962,2063020,-23986,7861,16125,0,-30607,10031,20576,0,0,0,0,1,0
3963,2063541,-22593,3192,19401,0,-28831,4073,24758,0,0,0,0,1,0
3964,2064062,-20332,-1599,21931,0,-25947,-2041,27988,0,0,0,0,1,0
3965,2064583,-17290,-6329,23619,0,-22066,-8077,30143,0,0,0,0,1,0
3966,2065104,-13584,-10814,24398,0,-17337,-13802,31140,0,0,0,0,1,0
3967,2065624,-9356,-14884,24240,0,-11942,-18997,30940,0,0,0,0,1,0
3968,2066145,-4770,-18381,23151,0,-6088,-23462,29551,0,0,0,0,1,0
3969,2066666,0,-21172,21172,0,0,-27026,27026,0,0,0,0,1,0
3970,2067187,4769,-23149,18380,0,6088,-29551,23462,0,0,0,0,1,0
3971,2067708,9355,-24236,14881,0,11942,-30940,18997,0,0,0,0,1,0
3972,2068229,13580,-24391,10811,0,17337,-31140,13802,0,0,0,0,1,0
3973,2068750,17283,-23610,6326,0,22066,-30143,8077,0,0,0,0,1,0
3974,2069270,20322,-21921,1599,0,25947,-27988,2041,0,0,0,0,1,0
3975,2069791,22580,-19390,-3190,0,28831,-24758,-4073,0,0,0,0,1,0
3976,2070312,23969,-16114,-7856,0,30607,-20576,-10031,0,0,0,0,1,0
3977,2070833,24438,-12219,-12219,0,31207,-15603,-15603,0,0,0,0,1,0
3978,2071354,23967,-7855,-16112,0,30607,-10031,-20576,0,0,0,0,1,0
3979,2071875,22575,-3189,-19386,0,28831,-4073,-24758,0,0,0,0,1,0
3980,2072395,20316,1598,-21914,0,25947,2041,-27988,0,0,0,0,1,0
3981,2072916,17277,6324,-23601,0,22066,8077,-30143,0,0,0,0,1,0
3982,2073437,13574,10806,-24380,0,17337,13802,-31140,0,0,0,0,1,0
3983,2073958,9349,14872,-24222,0,11942,18997,-30940,0,0,0,0,1,0
3984,2074479,4766,18367,-23133,0,6088,23462,-29551,0,0,0,0,1,0
3985,2075000,0,21156,-21156,0,0,27026,-27026,0,0,0,0,1,0
3986,2075520,-4766,23131,-18365,0,-6088,29551,-23462,0,0,0,0,1,0
3987,2076041,-9347,24217,-14870,0,-11942,30940,-18997,0,0,0,0,1,0
3988,2076562,-13570,24373,-10803,0,-17337,31140,-13802,0,0,0,0,1,0
3989,2077083,-17270,23591,-6321,0,-22066,30143,-8077,0,0,0,0,1,0
3990,2077604,-20307,21904,-1597,0,-25947,27988,-2041,0,0,0,0,1,0
3991,2078125,-22562,19375,3188,0,-28831,24758,4073,0,0,0,0,1,0
3992,2078645,-23951,16101,7850,0,-30607,20576,10031,0,0,0,0,1,0
3993,2079166,-24419,12209,12209,0,-31207,15603,15603,0,0,0,0,1,0
3994,2079687,-23949,7849,16100,0,-30607,10031,20576,0,0,0,0,1,0
3995,2080208,-22558,3187,19371,0,-28831,4073,24758,0,0,0,0,1,0
3996,2080729,-20301,-1597,21898,0,-25947,-2041,27988,0,0,0,0,1,0
3997,2081249,-17263,-6319,23582,0,-22066,-8077,30143,0,0,0,0,1,0
3998,2081770,-13563,-10798,24361,0,-17337,-13802,31140,0,0,0,0,1,0
3999,2082291,-9342,-14861,24203,0,-11942,-18997,30940,0,0,0,0,1,0
4000,2082812,-4762,-18353,23115,0,-6088,-23462,29551,0,0,0,0,1,0
4001,2083333,0,-21139,21139,0,0,-27026,27026,0,0,0,0,1,0
4002,2083854,4762,-23113,18351,0,6088,-29551,23462,0,0,0,0,1,0
4003,2084375,9340,-24198,14858,0,11942,-30940,18997,0,0,0,0,1,0
4004,2084895,13559,-24354,10795,0,17337,-31140,13802,0,0,0,0,1,0
4005,2085416,17257,-23573,6316,0,22066,-30143,8077,0,0,0,0,1,0
4006,2085937,20291,-21887,1596,0,25947,-27988,2041,0,0,0,0,1,0
4007,2086458,22545,-19360,-3185,0,28831,-24758,-4073,0,0,0,0,1,0
4008,2086979,23932,-16089,-7844,0,30607,-20576,-10031,0,0,0,0,1,0
4009,2087500,24400,-12200,-12200,0,31207,-15603,-15603,0,0,0,0,1,0
4010,2088020,23930,-7843,-16087,0,30607,-10031,-20576,0,0,0,0,1,0
4011,2088541,22541,-3185,-19356,0,28831,-4073,-24758,0,0,0,0,1,0
4012,2089062,20285,1596,-21881,0,25947,2041,-27988,0,0,0,0,1,0
4013,2089583,17250,6314,-23564,0,22066,8077,-30143,0,0,0,0,1,0
4014,2090104,13553,10789,-24342,0,17337,13802,-31140,0,0,0,0,1,0
4015,2090625,9335,14850,-24184,0,11942,18997,-30940,0,0,0,0,1,0
4016,2091145,4759,18339,-23098,0,6088,23462,-29551,0,0,0,0,1,0
4017,2091666,0,21123,-21123,0,0,27026,-27026,0,0,0,0,1,0
4018,2092187,-4758,23095,-18337,0,-6088,29551,-23462,0,0,0,0,1,0
4019,2092708,-9333,24180,-14847,0,-11942,30940,-18997,0,0,0,0,1,0
4020,2093229,-13549,24335,-10786,0,-17337,31140,-13802,0,0,0,0,1,0
4021,2093750,-17244,23555,-6312,0,-22066,30143,-8077,0,0,0,0,1,0
4022,2094270,-20275,21870,-1595,0,-25947,27988,-2041,0,0,0,0,1,0
4023,2094791,-22528,19345,3183,0,-28831,24758,4073,0,0,0,0,1,0
4024,2095312,-23914,16077,7838,0,-30607,20576,10031,0,0,0,0,1,0
4025,2095833,-24381,12191,12191,0,-31207,15603,15603,0,0,0,0,1,0
4026,2096354,-23912,7837,16075,0,-30607,10031,20576,0,0,0,0,1,0
4027,2096874,-22523,3182,19341,0,-28831,4073,24758,0,0,0,0,1,0
4028,2097395,-20270,-1594,21864,0,-25947,-2041,27988,0,0,0,0,1,0
4029,2097916,-17237,-6309,23546,0,-22066,-8077,30143,0,0,0,0,1,0
4030,2098437,-13542,-10781,24323,0,-17337,-13802,31140,0,0,0,0,1,0
4031,2098958,-9328,-14838,24166,0,-11942,-18997,30940,0,0,0,0,1,0
4032,2099479,-4755,-18325,23080,0,-6088,-23462,29551,0,0,0,0,1,0
4033,2100000,0,-21107,21107,0,0,-27026,27026,0,0,0,0,1,0
4034,2100520,4755,-23078,18323,0,6088,-29551,23462,0,0,0,0,1,0
4035,2101041,9326,-24161,14835,0,11942,-30940,18997,0,0,0,0,1,0
4036,2101562,13539,-24317,10778,0,17337,-31140,13802,0,0,0,0,1,0
4037,2102083,17230,-23537,6307,0,22066,-30143,8077,0,0,0,0,1,0
4038,2102604,20260,-21854,1594,0,25947,-27988,2041,0,0,0,0,1,0
4039,2103125,22510,-19330,-3180,0,28831,-24758,-4073,0,0,0,0,1,0
4040,2103645,23896,-16064,-7832,0,30607,-20576,-10031,0,0,0,0,1,0
4041,2104166,24363,-12181,-12181,0,31207,-15603,-15603,0,0,0,0,1,0
4042,2104687,23894,-7831,-16063,0,30607,-10031,-20576,0,0,0,0,1,0
4043,2105208,22506,-3180,-19327,0,28831,-4073,-24758,0,0,0,0,1,0
4044,2105729,20254,1593,-21847,0,25947,2041,-27988,0,0,0,0,1,0
4045,2106250,17224,6304,-23528,0,22066,8077,-30143,0,0,0,0,1,0
4046,2106770,13532,10773,-24305,0,17337,13802,-31140,0,0,0,0,1,0
4047,2107291,9321,14827,-24148,0,11942,18997,-30940,0,0,0,0,1,0
4048,2107812,4751,18311,-23062,0,6088,23462,-29551,0,0,0,0,1,0
4049,2108333,0,21091,-21091,0,0,27026,-27026,0,0,0,0,1,0
4050,2108854,-4751,23060,-18309,0,-6088,29551,-23462,0,0,0,0,1,0
4051,2109375,-9319,24143,-14824,0,-11942,30940,-18997,0,0,0,0,1,0
4052,2109895,-13528,24298,-10770,0,-17337,31140,-13802,0,0,0,0,1,0
4053,2110416,-17217,23519,-6302,0,-22066,30143,-8077,0,0,0,0,1,0
4054,2110937,-20244,21837,-1592,0,-25947,27988,-2041,0,0,0,0,1,0
4055,2111458,-22493,19315,3178,0,-28831,24758,4073,0,0,0,0,1,0
4056,2111979,-23878,16052,7826,0,-30607,20576,10031,0,0,0,0,1,0
4057,2112500,-24344,12172,12172,0,-31207,15603,15603,0,0,0,0,1,0
4058,2113020,-23875,7825,16051,0,-30607,10031,20576,0,0,0,0,1,0
4059,2113541,-22489,3177,19312,0,-28831,4073,24758,0,0,0,0,1,0
4060,2114062,-20239,-1592,21831,0,-25947,-2041,27988,0,0,0,0,1,0
4061,2114583,-17211,-6300,23510,0,-22066,-8077,30143,0,0,0,0,1,0
4062,2115104,-13522,-10765,24286,0,-17337,-13802,31140,0,0,0,0,1,0
4063,2115625,-9314,-14816,24129,0,-11942,-18997,30940,0,0,0,0,1,0
4064,2116145,-4748,-18297,23045,0,-6088,-23462,29551,0,0,0,0,1,0
4065,2116666,0,-21075,21075,0,0,-27026,27026,0,0,0,0,1,0
4066,2117187,4747,-23042,18295,0,6088,-29551,23462,0,0,0,0,1,0
4067,2117708,9312,-24125,14813,0,11942,-30940,18997,0,0,0,0,1,0
4068,2118229,13518,-24279,10762,0,17337,-31140,13802,0,0,0,0,1,0
4069,2118750,17204,-23501,6297,0,22066,-30143,8077,0,0,0,0,1,0
4070,2119270,20229,-21820,1591,0,25947,-27988,2041,0,0,0,0,1,0
4071,2119791,22476,-19301,-3175,0,28831,-24758,-4073,0,0,0,0,1,0
4072,2120312,23860,-16040,-7820,0,30607,-20576,-10031,0,0,0,0,1,0
4073,2120833,24326,-12163,-12163,0,31207,-15603,-15603,0,0,0,0,1,0
4074,2121354,23857,-7819,-16038,0,30607,-10031,-20576,0,0,0,0,1,0
4075,2121875,22472,-3175,-19297,0,28831,-4073,-24758,0,0,0,0,1,0
4076,2122395,20223,1591,-21814,0,25947,2041,-27988,0,0,0,0,1,0
4077,2122916,17198,6295,-23492,0,22066,8077,-30143,0,0,0,0,1,0
4078,2123437,13511,10756,-24268,0,17337,13802,-31140,0,0,0,0,1,0
4079,2123958,9306,14804,-24111,0,11942,18997,-30940,0,0,0,0,1,0
4080,2124479,4744,18283,-23027,0,6088,23462,-29551,0,0,0,0,1,0
4081,2125000,0,21059,-21059,0,0,27026,-27026,0,0,0,0,1,0
4082,2125520,-4744,23025,-18281,0,-6088,29551,-23462,0,0,0,0,1,0
4083,2126041,-9305,24106,-14802,0,-11942,30940,-18997,0,0,0,0,1,0
4084,2126562,-13508,24261,-10753,0,-17337,31140,-13802,0,0,0,0,1,0
4085,2127083,-17191,23484,-6292,0,-22066,30143,-8077,0,0,0,0,1,0
4086,2127604,-20214,21804,-1590,0,-25947,27988,-2041,0,0,0,0,1,0
4087,2128125,-22459,19286,3173,0,-28831,24758,4073,0,0,0,0,1,0
4088,2128645,-23841,16028,7814,0,-30607,20576,10031,0,0,0,0,1,0
4089,2129166,-24307,12154,12154,0,-31207,15603,15603,0,0,0,0,1,0
4090,2129687,-23839,7813,16026,0,-30607,10031,20576,0,0,0,0,1,0
4091,2130208,-22455,3172,19283,0,-28831,4073,24758,0,0,0,0,1,0
4092,2130729,-20208,-1590,21798,0,-25947,-2041,27988,0,0,0,0,1,0
4093,2131250,-17185,-6290,23475,0,-22066,-8077,30143,0,0,0,0,1,0
4094,2131770,-13501,-10748,24250,0,-17337,-13802,31140,0,0,0,0,1,0
4095,2132291,-9299,-14793,24093,0,-11942,-18997,30940,0,0,0,0,1,0
4096,2132812,-4741,-18269,23010,0,-6088,-23462,29551,0,0,0,0,1,0
4097,2133333,0,-21043,21043,0,0,-27026,27026,0,0,0,0,1,0
4098,2133854,4740,-23008,18267,0,6088,-29551,23462,0,0,0,0,1,0
4099,2134375,9298,-24088,14790,0,11942,-30940,18997,0,0,0,0,1,0
4100,2134895,13497,-24243,10745,0,17337,-31140,13802,0,0,0,0,1,0
4101,2135416,17178,-23466,6288,0,22066,-30143,8077,0,0,0,0,1,0
4102,2135937,20198,-21787,1589,0,25947,-27988,2041,0,0,0,0,1,0
4103,2136458,22442,-19272,-3171,0,28831,-24758,-4073,0,0,0,0,1,0
4104,2136979,23823,-16016,-7808,0,30607,-20576,-10031,0,0,0,0,1,0
4105,2137500,24289,-12144,-12144,0,31207,-15603,-15603,0,0,0,0,1,0
4106,2138020,23821,-7807,-16014,0,30607,-10031,-20576,0,0,0,0,1,0
4107,2138541,22438,-3170,-19268,0,28831,-4073,-24758,0,0,0,0,1,0
4108,2139062,20193,1588,-21781,0,25947,2041,-27988,0,0,0,0,1,0
4109,2139583,17172,6285,-23457,0,22066,8077,-30143,0,0,0,0,1,0
4110,2140104,13491,10740,-24231,0,17337,13802,-31140,0,0,0,0,1,0
4111,2140625,9292,14782,-24074,0,11942,18997,-30940,0,0,0,0,1,0
4112,2141145,4737,18255,-22992,0,6088,23462,-29551,0,0,0,0,1,0
4113,2141666,0,21027,-21027,0,0,27026,-27026,0,0,0,0,1,0
4114,2142187,-4737,22990,-18254,0,-6088,29551,-23462,0,0,0,0,1,0
4115,2142708,-9291,24070,-14779,0,-11942,30940,-18997,0,0,0,0,1,0
4116,2143229,-13487,24224,-10737,0,-17337,31140,-13802,0,0,0,0,1,0
4117,2143750,-17165,23448,-6283,0,-22066,30143,-8077,0,0,0,0,1,0
4118,2144270,-20183,21771,-1588,0,-25947,27988,-2041,0,0,0,0,1,0
4119,2144791,-22425,19257,3168,0,-28831,24758,4073,0,0,0,0,1,0
4120,2145312,-23805,16004,7802,0,-30607,20576,10031,0,0,0,0,1,0
4121,2145833,-24271,12135,12135,0,-31207,15603,15603,0,0,0,0,1,0
4122,2146354,-23803,7801,16002,0,-30607,10031,20576,0,0,0,0,1,0
4123,2146875,-22421,3168,19253,0,-28831,4073,24758,0,0,0,0,1,0
4124,2147395,-20177,-1587,21765,0,-25947,-2041,27988,0,0,0,0,1,0
4125,2147916,-17159,-6281,23439,0,-22066,-8077,30143,0,0,0,0,1,0
4126,2148437,-13481,-10732,24213,0,-17337,-13802,31140,0,0,0,0,1,0
4127,2148958,-9285,-14771,24056,0,-11942,-18997,30940,0,0,0,0,1,0
4128,2149479,-4733,-18242,22975,0,-6088,-23462,29551,0,0,0,0,1,0
4129,2150000,0,-21011,21011,0,0,-27026,27026,0,0,0,0,1,0
4130,2150520,4733,-22973,18240,0,6088,-29551,23462,0,0,0,0,1,0
4131,2151041,9284,-24052,14768,0,11942,-30940,18997,0,0,0,0,1,0
4132,2151562,13477,-24206,10729,0,17337,-31140,13802,0,0,0,0,1,0
4133,2152083,17152,-23430,6278,0,22066,-30143,8077,0,0,0,0,1,0
4134,2152604,20168,-21754,1586,0,25947,-27988,2041,0,0,0,0,1,0
4135,2153125,22408,-19243,-3166,0,28831,-24758,-4073,0,0,0,0,1,0
4136,2153645,23788,-15992,-7796,0,30607,-20576,-10031,0,0,0,0,1,0
4137,2154166,24252,-12126,-12126,0,31207,-15603,-15603,0,0,0,0,1,0
4138,2154687,23785,-7795,-15990,0,30607,-10031,-20576,0,0,0,0,1,0
4139,2155208,22404,-3165,-19239,0,28831,-4073,-24758,0,0,0,0,1,0
4140,2155729,20162,1586,-21748,0,25947,2041,-27988,0,0,0,0,1,0
4141,2156250,17146,6276,-23422,0,22066,8077,-30143,0,0,0,0,1,0
4142,2156770,13471,10724,-24195,0,17337,13802,-31140,0,0,0,0,1,0
4143,2157291,9278,14760,-24038,0,11942,18997,-30940,0,0,0,0,1,0
4144,2157812,4730,18228,-22958,0,6088,23462,-29551,0,0,0,0,1,0
4145,2158333,0,20995,-20995,0,0,27026,-27026,0,0,0,0,1,0
4146,2158854,-4729,22956,-18226,0,-6088,29551,-23462,0,0,0,0,1,0
4147,2159375,-9277,24034,-14757,0,-11942,30940,-18997,0,0,0,0,1,0
4148,2159895,-13467,24188,-10721,0,-17337,31140,-13802,0,0,0,0,1,0
4149,2160416,-17139,23413,-6273,0,-22066,30143,-8077,0,0,0,0,1,0
4150,2160937,-20153,21738,-1585,0,-25947,27988,-2041,0,0,0,0,1,0
4151,2161458,-22392,19228,3164,0,-28831,24758,4073,0,0,0,0,1,0
4152,2161979,-23770,15980,7790,0,-30607,20576,10031,0,0,0,0,1,0
4153,2162500,-24234,12117,12117,0,-31207,15603,15603,0,0,0,0,1,0
4154,2163020,-23768,7789,15978,0,-30607,10031,20576,0,0,0,0,1,0
4155,2163541,-22387,3163,19225,0,-28831,4073,24758,0,0,0,0,1,0
4156,2164062,-20147,-1585,21732,0,-25947,-2041,27988,0,0,0,0,1,0
4157,2164583,-17133,-6271,23404,0,-22066,-8077,30143,0,0,0,0,1,0
4158,2165104,-13461,-10716,24177,0,-17337,-13802,31140,0,0,0,0,1,0
4159,2165625,-9271,-14749,24020,0,-11942,-18997,30940,0,0,0,0,1,0
4160,2166145,-4726,-18214,22941,0,-6088,-23462,29551,0,0,0,0,1,0
4161,2166666,0,-20980,20980,0,0,-27026,27026,0,0,0,0,1,0
4162,2167187,4726,-22939,18213,0,6088,-29551,23462,0,0,0,0,1,0
4163,2167708,9270,-24016,14746,0,11942,-30940,18997,0,0,0,0,1,0
4164,2168229,13457,-24170,10713,0,17337,-31140,13802,0,0,0,0,1,0
4165,2168750,17127,-23395,6269,0,22066,-30143,8077,0,0,0,0,1,0
4166,2169270,20138,-21722,1584,0,25947,-27988,2041,0,0,0,0,1,0
4167,2169791,22375,-19214,-3161,0,28831,-24758,-4073,0,0,0,0,1,0
4168,2170312,23752,-15968,-7784,0,30607,-20576,-10031,0,0,0,0,1,0
4169,2170833,24216,-12108,-12108,0,31207,-15603,-15603,0,0,0,0,1,0
4170,2171354,23750,-7784,-15966,0,30607,-10031,-20576,0,0,0,0,1,0
4171,2171875,22371,-3161,-19210,0,28831,-4073,-24758,0,0,0,0,1,0
4172,2172395,20132,1584,-21716,0,25947,2041,-27988,0,0,0,0,1,0
4173,2172916,17120,6266,-23387,0,22066,8077,-30143,0,0,0,0,1,0
4174,2173437,13451,10708,-24159,0,17337,13802,-31140,0,0,0,0,1,0
4175,2173958,9265,14738,-24002,0,11942,18997,-30940,0,0,0,0,1,0
4176,2174479,4723,18201,-22924,0,6088,23462,-29551,0,0,0,0,1,0
4177,2175000,0,20964,-20964,0,0,27026,-27026,0,0,0,0,1,0
4178,2175520,-4722,22921,-18199,0,-6088,29551,-23462,0,0,0,0,1,0
4179,2176041,-9263,23998,-14735,0,-11942,30940,-18997,0,0,0,0,1,0
4180,2176562,-13447,24152,-10705,0,-17337,31140,-13802,0,0,0,0,1,0
4181,2177083,-17114,23378,-6264,0,-22066,30143,-8077,0,0,0,0,1,0
4182,2177604,-20123,21706,-1583,0,-25947,27988,-2041,0,0,0,0,1,0
4183,2178125,-22358,19199,3159,0,-28831,24758,4073,0,0,0,0,1,0
4184,2178645,-23734,15956,7779,0,-30607,20576,10031,0,0,0,0,1,0
4185,2179166,-24198,12099,12099,0,-31207,15603,15603,0,0,0,0,1,0
4186,2179687,-23732,7778,15954,0,-30607,10031,20576,0,0,0,0,1,0
4187,2180208,-22354,3158,19196,0,-28831,4073,24758,0,0,0,0,1,0
4188,2180729,-20117,-1582,21700,0,-25947,-2041,27988,0,0,0,0,1,0
4189,2181250,-17107,-6262,23369,0,-22066,-8077,30143,0,0,0,0,1,0
4190,2181770,-13441,-10700,24141,0,-17337,-13802,31140,0,0,0,0,1,0
4191,2182291,-9258,-14727,23984,0,-11942,-18997,30940,0,0,0,0,1,0
4192,2182812,-4719,-18187,22906,0,-6088,-23462,29551,0,0,0,0,1,0
4193,2183333,0,-20948,20948,0,0,-27026,27026,0,0,0,0,1,0
4194,2183854,4719,-22904,18186,0,6088,-29551,23462,0,0,0,0,1,0
4195,2184375,9256,-23980,14724,0,11942,-30940,18997,0,0,0,0,1,0
4196,2184895,13437,-24134,10697,0,17337,-31140,13802,0,0,0,0,1,0
4197,2185416,17101,-23361,6259,0,22066,-30143,8077,0,0,0,0,1,0
4198,2185937,20108,-21690,1582,0,25947,-27988,2041,0,0,0,0,1,0
4199,2186458,22342,-19185,-3156,0,28831,-24758,-4073,0,0,0,0,1,0
4200,2186979,23717,-15944,-7773,0,30607,-20576,-10031,0,0,0,0,1,0
4201,2187500,24180,-12090,-12090,0,31207,-15603,-15603,0,0,0,0,1,0
4202,2188020,23714,-7772,-15942,0,30607,-10031,-20576,0,0,0,0,1,0
4203,2188541,22337,-3156,-19182,0,28831,-4073,-24758,0,0,0,0,1,0
4204,2189062,20102,1581,-21684,0,25947,2041,-27988,0,0,0,0,1,0
4205,2189583,17095,6257,-23352,0,22066,8077,-30143,0,0,0,0,1,0
4206,2190104,13431,10692,-24123,0,17337,13802,-31140,0,0,0,0,1,0
4207,2190625,9251,14716,-23967,0,11942,18997,-30940,0,0,0,0,1,0
4208,2191145,4716,18174,-22889,0,6088,23462,-29551,0,0,0,0,1,0
4209,2191666,0,20933,-20933,0,0,27026,-27026,0,0,0,0,1,0
4210,2192187,-4715,22887,-18172,0,-6088,29551,-23462,0,0,0,0,1,0
4211,2192708,-9249,23962,-14713,0,-11942,30940,-18997,0,0,0,0,1,0
4212,2193229,-13427,24116,-10689,0,-17337,31140,-13802,0,0,0,0,1,0
4213,2193750,-17088,23343,-6255,0,-22066,30143,-8077,0,0,0,0,1,0
4214,2194270,-20093,21673,-1581,0,-25947,27988,-2041,0,0,0,0,1,0
4215,2194791,-22325,19171,3154,0,-28831,24758,4073,0,0,0,0,1,0
4216,2195312,-23699,15932,7767,0,-30607,20576,10031,0,0,0,0,1,0
4217,2195833,-24162,12081,12081,0,-31207,15603,15603,0,0,0,0,1,0
4218,2196354,-23697,7766,15931,0,-30607,10031,20576,0,0,0,0,1,0
4219,2196875,-22321,3154,19167,0,-28831,4073,24758,0,0,0,0,1,0
4220,2197395,-20087,-1580,21667,0,-25947,-2041,27988,0,0,0,0,1,0
4221,2197916,-17082,-6252,23335,0,-22066,-8077,30143,0,0,0,0,1,0
4222,2198437,-13421,-10684,24105,0,-17337,-13802,31140,0,0,0,0,1,0
4223,2198958,-9244,-14705,23949,0,-11942,-18997,30940,0,0,0,0,1,0
4224,2199479,-4712,-18160,22873,0,-6088,-23462,29551,0,0,0,0,1,0
4225,2200000,0,-20917,20917,0,0,-27026,27026,0,0,0,0,1,0
4226,2200520,4712,-22870,18159,0,6088,-29551,23462,0,0,0,0,1,0
4227,2201041,9242,-23944,14702,0,11942,-30940,18997,0,0,0,0,1,0
4228,2201562,13417,-24098,10681,0,17337,-31140,13802,0,0,0,0,1,0
4229,2202083,17076,-23326,6250,0,22066,-30143,8077,0,0,0,0,1,0
4230,2202604,20078,-21657,1579,0,25947,-27988,2041,0,0,0,0,1,0
4231,2203125,22309,-19157,-3152,0,28831,-24758,-4073,0,0,0,0,1,0
4232,2203645,23682,-15920,-7761,0,30607,-20576,-10031,0,0,0,0,1,0
4233,2204166,24144,-12072,-12072,0,31207,-15603,-15603,0,0,0,0,1,0
4234,2204687,23679,-7761,-15919,0,30607,-10031,-20576,0,0,0,0,1,0
4235,2205208,22304,-3151,-19153,0,28831,-4073,-24758,0,0,0,0,1,0
4236,2205729,20073,1579,-21651,0,25947,2041,-27988,0,0,0,0,1,0
4237,2206250,17070,6248,-23317,0,22066,8077,-30143,0,0,0,0,1,0
4238,2206770,13411,10676,-24087,0,17337,13802,-31140,0,0,0,0,1,0
4239,2207291,9237,14694,-23931,0,11942,18997,-30940,0,0,0,0,1,0
4240,2207812,4709,18147,-22856,0,6088,23462,-29551,0,0,0,0,1,0
4241,2208333,0,20902,-20902,0,0,27026,-27026,0,0,0,0,1,0
4242,2208854,-4708,22854,-18145,0,-6088,29551,-23462,0,0,0,0,1,0
4243,2209375,-9235,23927,-14691,0,-11942,30940,-18997,0,0,0,0,1,0
4244,2209895,-13407,24080,-10673,0,-17337,31140,-13802,0,0,0,0,1,0
4245,2210416,-17063,23309,-6246,0,-22066,30143,-8077,0,0,0,0,1,0
4246,2210937,-20063,21641,-1578,0,-25947,27988,-2041,0,0,0,0,1,0
4247,2211458,-22292,19143,3149,0,-28831,24758,4073,0,0,0,0,1,0
4248,2211979,-23664,15909,7756,0,-30607,20576,10031,0,0,0,0,1,0
4249,2212500,-24127,12063,12063,0,-31207,15603,15603,0,0,0,0,1,0
4250,2213020,-23662,7755,15907,0,-30607,10031,20576,0,0,0,0,1,0
4251,2213541,-22288,3149,19139,0,-28831,4073,24758,0,0,0,0,1,0
4252,2214062,-20058,-1578,21636,0,-25947,-2041,27988,0,0,0,0,1,0
4253,2214583,-17057,-6243,23300,0,-22066,-8077,30143,0,0,0,0,1,0
4254,2215104,-13401,-10668,24069,0,-17337,-13802,31140,0,0,0,0,1,0
4255,2215625,-9230,-14683,23914,0,-11942,-18997,30940,0,0,0,0,1,0
4256,2216145,-4705,-18134,22839,0,-6088,-23462,29551,0,0,0,0,1,0
4257,2216666,0,-20887,20887,0,0,-27026,27026,0,0,0,0,1,0
4258,2217187,4705,-22837,18132,0,6088,-29551,23462,0,0,0,0,1,0
4259,2217708,9229,-23909,14681,0,11942,-30940,18997,0,0,0,0,1,0
4260,2218229,13397,-24063,10666,0,17337,-31140,13802,0,0,0,0,1,0
4261,2218750,17051,-23292,6241,0,22066,-30143,8077,0,0,0,0,1,0
4262,2219270,20049,-21626,1577,0,25947,-27988,2041,0,0,0,0,1,0
4263,2219791,22276,-19129,-3147,0,28831,-24758,-4073,0,0,0,0,1,0
4264,2220312,23647,-15897,-7750,0,30607,-20576,-10031,0,0,0,0,1,0
4265,2220833,24109,-12054,-12054,0,31207,-15603,-15603,0,0,0,0,1,0
4266,2221354,23645,-7749,-15895,0,30607,-10031,-20576,0,0,0,0,1,0
4267,2221875,22272,-3147,-19125,0,28831,-4073,-24758,0,0,0,0,1,0
4268,2222395,20043,1577,-21620,0,25947,2041,-27988,0,0,0,0,1,0
4269,2222916,17044,6239,-23283,0,22066,8077,-30143,0,0,0,0,1,0
4270,2223437,13391,10661,-24052,0,17337,13802,-31140,0,0,0,0,1,0
4271,2223958,9224,14673,-23896,0,11942,18997,-30940,0,0,0,0,1,0
4272,2224479,4702,18120,-22822,0,6088,23462,-29551,0,0,0,0,1,0
4273,2225000,0,20871,-20871,0,0,27026,-27026,0,0,0,0,1,0
4274,2225520,-4701,22820,-18119,0,-6088,29551,-23462,0,0,0,0,1,0
4275,2226041,-9222,23892,-14670,0,-11942,30940,-18997,0,0,0,0,1,0
4276,2226562,-13387,24045,-10658,0,-17337,31140,-13802,0,0,0,0,1,0
4277,2227083,-17038,23275,-6236,0,-22066,30143,-8077,0,0,0,0,1,0
4278,2227604,-20034,21610,-1576,0,-25947,27988,-2041,0,0,0,0,1,0
4279,2228125,-22259,19115,3145,0,-28831,24758,4073,0,0,0,0,1,0
4280,2228645,-23629,15885,7744,0,-30607,20576,10031,0,0,0,0,1,0
4281,2229166,-24091,12046,12046,0,-31207,15603,15603,0,0,0,0,1,0
4282,2229687,-23627,7744,15884,0,-30607,10031,20576,0,0,0,0,1,0
4283,2230208,-22255,3144,19111,0,-28831,4073,24758,0,0,0,0,1,0
4284,2230729,-20028,-1575,21604,0,-25947,-2041,27988,0,0,0,0,1,0
4285,2231250,-17032,-6234,23266,0,-22066,-8077,30143,0,0,0,0,1,0
4286,2231770,-13381,-10653,24034,0,-17337,-13802,31140,0,0,0,0,1,0
4287,2232291,-9217,-14662,23879,0,-11942,-18997,30940,0,0,0,0,1,0
4288,2232812,-4698,-18107,22805,0,-6088,-23462,29551,0,0,0,0,1,0
4289,2233333,0,-20856,20856,0,0,-27026,27026,0,0,0,0,1,0
4290,2233854,4698,-22803,18105,0,6088,-29551,23462,0,0,0,0,1,0
4291,2234375,9215,-23874,14659,0,11942,-30940,18997,0,0,0,0,1,0
4292,2234895,13378,-24028,10650,0,17337,-31140,13802,0,0,0,0,1,0
4293,2235416,17026,-23258,6232,0,22066,-30143,8077,0,0,0,0,1,0
4294,2235937,20019,-21594,1575,0,25947,-27988,2041,0,0,0,0,1,0
4295,2236458,22243,-19101,-3143,0,28831,-24758,-4073,0,0,0,0,1,0
4296,2236979,23612,-15874,-7739,0,30607,-20576,-10031,0,0,0,0,1,0
4297,2237500,24074,-12037,-12037,0,31207,-15603,-15603,0,0,0,0,1,0
4298,2238020,23610,-7738,-15872,0,30607,-10031,-20576,0,0,0,0,1,0
4299,2238541,22239,-3142,-19097,0,28831,-4073,-24758,0,0,0,0,1,0
4300,2239062,20014,1574,-21588,0,25947,2041,-27988,0,0,0,0,1,0
4301,2239583,17020,6230,-23249,0,22066,8077,-30143,0,0,0,0,1,0
4302,2240104,13372,10645,-24017,0,17337,13802,-31140,0,0,0,0,1,0
4303,2240625,9210,14651,-23861,0,11942,18997,-30940,0,0,0,0,1,0
4304,2241145,4695,18094,-22789,0,6088,23462,-29551,0,0,0,0,1,0
4305,2241666,0,20841,-20841,0,0,27026,-27026,0,0,0,0,1,0
4306,2242187,-4695,22787,-18092,0,-6088,29551,-23462,0,0,0,0,1,0
4307,2242708,-9208,23857,-14648,0,-11942,30940,-18997,0,0,0,0,1,0
4308,2243229,-13368,24010,-10642,0,-17337,31140,-13802,0,0,0,0,1,0
4309,2243750,-17013,23241,-6227,0,-22066,30143,-8077,0,0,0,0,1,0
4310,2244270,-20005,21578,-1574,0,-25947,27988,-2041,0,0,0,0,1,0
4311,2244791,-22227,19087,3140,0,-28831,24758,4073,0,0,0,0,1,0
4312,2245312,-23595,15862,7733,0,-30607,20576,10031,0,0,0,0,1,0
4313,2245833,-24056,12028,12028,0,-31207,15603,15603,0,0,0,0,1,0
4314,2246354,-23593,7732,15861,0,-30607,10031,20576,0,0,0,0,1,0
4315,2246875,-22223,3140,19083,0,-28831,4073,24758,0,0,0,0,1,0
4316,2247395,-19999,-1573,21572,0,-25947,-2041,27988,0,0,0,0,1,0
4317,2247916,-17007,-6225,23232,0,-22066,-8077,30143,0,0,0,0,1,0
4318,2248437,-13362,-10637,23999,0,-17337,-13802,31140,0,0,0,0,1,0
4319,2248958,-9203,-14640,23844,0,-11942,-18997,30940,0,0,0,0,1,0
4320,2249479,-4692,-18081,22772,0,-6088,-23462,29551,0,0,0,0,1,0
4321,2250000,0,-20826,20826,0,0,-27026,27026,0,0,0,0,1,0
4322,2250520,4691,-22770,18079,0,6088,-29551,23462,0,0,0,0,1,0
4323,2251041,9202,-23839,14638,0,11942,-30940,18997,0,0,0,0,1,0
4324,2251562,13358,-23993,10634,0,17337,-31140,13802,0,0,0,0,1,0
4325,2252083,17001,-23224,6223,0,22066,-30143,8077,0,0,0,0,1,0
4326,2252604,19990,-21563,1572,0,25947,-27988,2041,0,0,0,0,1,0
4327,2253125,22211,-19073,-3138,0,28831,-24758,-4073,0,0,0,0,1,0
4328,2253645,23578,-15850,-7727,0,30607,-20576,-10031,0,0,0,0,1,0
4329,2254166,24039,-12019,-12019,0,31207,-15603,-15603,0,0,0,0,1,0
4330,2254687,23576,-7727,-15849,0,30607,-10031,-20576,0,0,0,0,1,0
4331,2255208,22207,-3137,-19069,0,28831,-4073,-24758,0,0,0,0,1,0
4332,2255729,19985,1572,-21557,0,25947,2041,-27988,0,0,0,0,1,0
4333,2256250,16995,6221,-23215,0,22066,8077,-30143,0,0,0,0,1,0
4334,2256770,13352,10630,-23982,0,17337,13802,-31140,0,0,0,0,1,0
4335,2257291,9197,14630,-23826,0,11942,18997,-30940,0,0,0,0,1,0
4336,2257812,4688,18067,-22756,0,6088,23462,-29551,0,0,0,0,1,0
4337,2258333,0,20810,-20810,0,0,27026,-27026,0,0,0,0,1,0
4338,2258854,-4688,22754,-18066,0,-6088,29551,-23462,0,0,0,0,1,0
4339,2259375,-9195,23822,-14627,0,-11942,30940,-18997,0,0,0,0,1,0
4340,2259895,-13348,23975,-10627,0,-17337,31140,-13802,0,0,0,0,1,0
4341,2260416,-16989,23207,-6218,0,-22066,30143,-8077,0,0,0,0,1,0
4342,2260937,-19976,21547,-1571,0,-25947,27988,-2041,0,0,0,0,1,0
4343,2261458,-22195,19059,3136,0,-28831,24758,4073,0,0,0,0,1,0
4344,2261979,-23561,15839,7722,0,-30607,20576,10031,0,0,0,0,1,0
4345,2262500,-24021,12011,12011,0,-31207,15603,15603,0,0,0,0,1,0
4346,2263020,-23559,7721,15838,0,-30607,10031,20576,0,0,0,0,1,0
4347,2263541,-22191,3135,19056,0,-28831,4073,24758,0,0,0,0,1,0
4348,2264062,-19970,-1571,21541,0,-25947,-2041,27988,0,0,0,0,1,0
4349,2264583,-16982,-6216,23198,0,-22066,-8077,30143,0,0,0,0,1,0
4350,2265104,-13342,-10622,23964,0,-17337,-13802,31140,0,0,0,0,1,0
4351,2265625,-9190,-14619,23809,0,-11942,-18997,30940,0,0,0,0,1,0
4352,2266145,-4685,-18054,22739,0,-6088,-23462,29551,0,0,0,0,1,0
4353,2266666,0,-20795,20795,0,0,-27026,27026,0,0,0,0,1,0
4354,2267187,4684,-22737,18053,0,6088,-29551,23462,0,0,0,0,1,0
4355,2267708,9188,-23805,14617,0,11942,-30940,18997,0,0,0,0,1,0
4356,2268229,13339,-23958,10619,0,17337,-31140,13802,0,0,0,0,1,0
4357,2268750,16976,-23190,6214,0,22066,-30143,8077,0,0,0,0,1,0
4358,2269270,19961,-21531,1570,0,25947,-27988,2041,0,0,0,0,1,0
4359,2269791,22179,-19045,-3133,0,28831,-24758,-4073,0,0,0,0,1,0
4360,2270312,23544,-15828,-7716,0,30607,-20576,-10031,0,0,0,0,1,0
4361,2270833,24004,-12002,-12002,0,31207,-15603,-15603,0,0,0,0,1,0
4362,2271354,23542,-7715,-15826,0,30607,-10031,-20576,0,0,0,0,1,0
4363,2271875,22175,-3133,-19042,0,28831,-4073,-24758,0,0,0,0,1,0
4364,2272395,19956,1570,-21525,0,25947,2041,-27988,0,0,0,0,1,0
4365,2272916,16970,6212,-23182,0,22066,8077,-30143,0,0,0,0,1,0
4366,2273437,13333,10614,-23947,0,17337,13802,-31140,0,0,0,0,1,0
4367,2273958,9183,14609,-23792,0,11942,18997,-30940,0,0,0,0,1,0
4368,2274479,4681,18041,-22723,0,6088,23462,-29551,0,0,0,0,1,0
4369,2275000,0,20780,-20780,0,0,27026,-27026,0,0,0,0,1,0
4370,2275520,-4681,22721,-18040,0,-6088,29551,-23462,0,0,0,0,1,0
4371,2276041,-9182,23788,-14606,0,-11942,30940,-18997,0,0,0,0,1,0
4372,2276562,-13329,23941,-10611,0,-17337,31140,-13802,0,0,0,0,1,0
4373,2277083,-16964,23173,-6209,0,-22066,30143,-8077,0,0,0,0,1,0
4374,2277604,-19947,21516,-1569,0,-25947,27988,-2041,0,0,0,0,1,0
4375,2278125,-22163,19032,3131,0,-28831,24758,4073,0,0,0,0,1,0
4376,2278645,-23527,15816,7711,0,-30607,20576,10031,0,0,0,0,1,0
4377,2279166,-23987,11993,11993,0,-31207,15603,15603,0,0,0,0,1,0
4378,2279687,-23525,7710,15815,0,-30607,10031,20576,0,0,0,0,1,0
4379,2280208,-22159,3131,19028,0,-28831,4073,24758,0,0,0,0,1,0
4380,2280729,-19941,-1569,21510,0,-25947,-2041,27988,0,0,0,0,1,0
4381,2281250,-16958,-6207,23165,0,-22066,-8077,30143,0,0,0,0,1,0
4382,2281770,-13323,-10607,23930,0,-17337,-13802,31140,0,0,0,0,1,0
4383,2282291,-9177,-14598,23775,0,-11942,-18997,30940,0,0,0,0,1,0
4384,2282812,-4678,-18028,22706,0,-6088,-23462,29551,0,0,0,0,1,0
4385,2283333,0,-20766,20766,0,0,-27026,27026,0,0,0,0,1,0
4386,2283854,4678,-22704,18027,0,6088,-29551,23462,0,0,0,0,1,0
4387,2284375,9175,-23771,14596,0,11942,-30940,18997,0,0,0,0,1,0
4388,2284895,13320,-23923,10604,0,17337,-31140,13802,0,0,0,0,1,0
4389,2285416,16952,-23157,6205,0,22066,-30143,8077,0,0,0,0,1,0
4390,2285937,19932,-21500,1568,0,25947,-27988,2041,0,0,0,0,1,0
4391,2286458,22147,-19018,-3129,0,28831,-24758,-4073,0,0,0,0,1,0
4392,2286979,23510,-15805,-7705,0,30607,-20576,-10031,0,0,0,0,1,0
4393,2287500,23969,-11985,-11985,0,31207,-15603,-15603,0,0,0,0,1,0
4394,2288020,23508,-7704,-15803,0,30607,-10031,-20576,0,0,0,0,1,0
4395,2288541,22143,-3128,-19014,0,28831,-4073,-24758,0,0,0,0,1,0
4396,2289062,19927,1567,-21495,0,25947,2041,-27988,0,0,0,0,1,0
4397,2289583,16946,6203,-23148,0,22066,8077,-30143,0,0,0,0,1,0
4398,2290104,13314,10599,-23913,0,17337,13802,-31140,0,0,0,0,1,0
4399,2290625,9170,14588,-23758,0,11942,18997,-30940,0,0,0,0,1,0
4400,2291145,4675,18015,-22690,0,6088,23462,-29551,0,0,0,0,1,0
4401,2291666,0,20751,-20751,0,0,27026,-27026,0,0,0,0,1,0
4402,2292187,-4674,22688,-18014,0,-6088,29551,-23462,0,0,0,0,1,0
4403,2292708,-9169,23754,-14585,0,-11942,30940,-18997,0,0,0,0,1,0
4404,2293229,-13310,23906,-10596,0,-17337,31140,-13802,0,0,0,0,1,0
4405,2293750,-16940,23140,-6200,0,-22066,30143,-8077,0,0,0,0,1,0
4406,2294270,-19918,21485,-1567,0,-25947,27988,-2041,0,0,0,0,1,0
4407,2294791,-22131,19004,3127,0,-28831,24758,4073,0,0,0,0,1,0
4408,2295312,-23493,15793,7700,0,-30607,20576,10031,0,0,0,0,1,0
4409,2295833,-23952,11976,11976,0,-31207,15603,15603,0,0,0,0,1,0
4410,2296354,-23491,7699,15792,0,-30607,10031,20576,0,0,0,0,1,0
4411,2296875,-22127,3126,19001,0,-28831,4073,24758,0,0,0,0,1,0
4412,2297395,-19913,-1566,21479,0,-25947,-2041,27988,0,0,0,0,1,0
4413,2297916,-16934,-6198,23132,0,-22066,-8077,30143,0,0,0,0,1,0
4414,2298437,-13304,-10591,23896,0,-17337,-13802,31140,0,0,0,0,1,0
4415,2298958,-9164,-14577,23741,0,-11942,-18997,30940,0,0,0,0,1,0
4416,2299479,-4671,-18003,22674,0,-6088,-23462,29551,0,0,0,0,1,0
4417,2300000,0,-20736,20736,0,0,-27026,27026,0,0,0,0,1,0
4418,2300520,4671,-22672,18001,0,6088,-29551,23462,0,0,0,0,1,0
4419,2301041,9162,-23737,14575,0,11942,-30940,18997,0,0,0,0,1,0
4420,2301562,13301,-23889,10589,0,17337,-31140,13802,0,0,0,0,1,0
4421,2302083,16928,-23124,6196,0,22066,-30143,8077,0,0,0,0,1,0
4422,2302604,19904,-21470,1566,0,25947,-27988,2041,0,0,0,0,1,0
4423,2303125,22115,-18991,-3124,0,28831,-24758,-4073,0,0,0,0,1,0
4424,2303645,23476,-15782,-7694,0,30607,-20576,-10031,0,0,0,0,1,0
4425,2304166,23935,-11968,-11968,0,31207,-15603,-15603,0,0,0,0,1,0
4426,2304687,23474,-7693,-15781,0,30607,-10031,-20576,0,0,0,0,1,0
4427,2305208,22111,-3124,-18987,0,28831,-4073,-24758,0,0,0,0,1,0
4428,2305729,19899,1565,-21464,0,25947,2041,-27988,0,0,0,0,1,0
4429,2306250,16922,6194,-23115,0,22066,8077,-30143,0,0,0,0,1,0
4430,2306770,13295,10584,-23879,0,17337,13802,-31140,0,0,0,0,1,0
4431,2307291,9157,14567,-23724,0,11942,18997,-30940,0,0,0,0,1,0
4432,2307812,4668,17990,-22658,0,6088,23462,-29551,0,0,0,0,1,0
4433,2308333,0,20721,-20721,0,0,27026,-27026,0,0,0,0,1,0
4434,2308854,-4668,22656,-17988,0,-6088,29551,-23462,0,0,0,0,1,0
4435,2309375,-9155,23720,-14564,0,-11942,30940,-18997,0,0,0,0,1,0
4436,2309895,-13291,23872,-10581,0,-17337,31140,-13802,0,0,0,0,1,0
4437,2310416,-16916,23107,-6192,0,-22066,30143,-8077,0,0,0,0,1,0
4438,2310937,-19890,21454,-1565,0,-25947,27988,-2041,0,0,0,0,1,0
4439,2311458,-22099,18977,3122,0,-28831,24758,4073,0,0,0,0,1,0
4440,2311979,-23459,15771,7689,0,-30607,20576,10031,0,0,0,0,1,0
4441,2312500,-23918,11959,11959,0,-31207,15603,15603,0,0,0,0,1,0
4442,2313020,-23457,7688,15770,0,-30607,10031,20576,0,0,0,0,1,0
4443,2313541,-22095,3122,18974,0,-28831,4073,24758,0,0,0,0,1,0
4444,2314062,-19884,-1564,21449,0,-25947,-2041,27988,0,0,0,0,1,0
4445,2314583,-16910,-6189,23099,0,-22066,-8077,30143,0,0,0,0,1,0
4446,2315104,-13285,-10576,23862,0,-17337,-13802,31140,0,0,0,0,1,0
4447,2315625,-9151,-14556,23707,0,-11942,-18997,30940,0,0,0,0,1,0
4448,2316145,-4665,-17977,22642,0,-6088,-23462,29551,0,0,0,0,1,0
4449,2316666,0,-20706,20706,0,0,-27026,27026,0,0,0,0,1,0
4450,2317187,4664,-22640,17975,0,6088,-29551,23462,0,0,0,0,1,0
4451,2317708,9149,-23703,14554,0,11942,-30940,18997,0,0,0,0,1,0
4452,2318229,13282,-23855,10574,0,17337,-31140,13802,0,0,0,0,1,0
4453,2318750,16904,-23091,6187,0,22066,-30143,8077,0,0,0,0,1,0
4454,2319270,19876,-21439,1563,0,25947,-27988,2041,0,0,0,0,1,0
4455,2319791,22084,-18964,-3120,0,28831,-24758,-4073,0,0,0,0,1,0
4456,2320312,23443,-15760,-7683,0,30607,-20576,-10031,0,0,0,0,1,0
4457,2320833,23901,-11951,-11951,0,31207,-15603,-15603,0,0,0,0,1,0
4458,2321354,23441,-7682,-15758,0,30607,-10031,-20576,0,0,0,0,1,0
4459,2321875,22080,-3119,-18960,0,28831,-4073,-24758,0,0,0,0,1,0
4460,2322395,19870,1563,-21433,0,25947,2041,-27988,0,0,0,0,1,0
4461,2322916,16898,6185,-23083,0,22066,8077,-30143,0,0,0,0,1,0
4462,2323437,13276,10569,-23845,0,17337,13802,-31140,0,0,0,0,1,0
4463,2323958,9144,14546,-23690,0,11942,18997,-30940,0,0,0,0,1,0
4464,2324479,4661,17964,-22626,0,6088,23462,-29551,0,0,0,0,1,0
4465,2325000,0,20692,-20692,0,0,27026,-27026,0,0,0,0,1,0
4466,2325520,-4661,22624,-17963,0,-6088,29551,-23462,0,0,0,0,1,0
4467,2326041,-9142,23686,-14544,0,-11942,30940,-18997,0,0,0,0,1,0
4468,2326562,-13272,23838,-10566,0,-17337,31140,-13802,0,0,0,0,1,0
4469,2327083,-16892,23074,-6183,0,-22066,30143,-8077,0,0,0,0,1,0
4470,2327604,-19862,21424,-1562,0,-25947,27988,-2041,0,0,0,0,1,0
4471,2328125,-22068,18950,3118,0,-28831,24758,4073,0,0,0,0,1,0
4472,2328645,-23426,15749,7678,0,-30607,20576,10031,0,0,0,0,1,0
4473,2329166,-23884,11942,11942,0,-31207,15603,15603,0,0,0,0,1,0
4474,2329687,-23424,7677,15747,0,-30607,10031,20576,0,0,0,0,1,0
4475,2330208,-22064,3117,18947,0,-28831,4073,24758,0,0,0,0,1,0
4476,2330729,-19856,-1562,21418,0,-25947,-2041,27988,0,0,0,0,1,0
4477,2331250,-16886,-6181,23066,0,-22066,-8077,30143,0,0,0,0,1,0
4478,2331770,-13266,-10561,23828,0,-17337,-13802,31140,0,0,0,0,1,0
4479,2332291,-9138,-14536,23674,0,-11942,-18997,30940,0,0,0,0,1,0
4480,2332812,-4658,-17951,22610,0,-6088,-23462,29551,0,0,0,0,1,0
4481,2333333,0,-20677,20677,0,0,-27026,27026,0,0,0,0,1,0
4482,2333854,4658,-22608,17950,0,6088,-29551,23462,0,0,0,0,1,0
4483,2334375,9136,-23669,14533,0,11942,-30940,18997,0,0,0,0,1,0
4484,2334895,13263,-23821,10559,0,17337,-31140,13802,0,0,0,0,1,0
4485,2335416,16880,-23058,6178,0,22066,-30143,8077,0,0,0,0,1,0
4486,2335937,19848,-21409,1561,0,25947,-27988,2041,0,0,0,0,1,0
4487,2336458,22052,-18937,-3116,0,28831,-24758,-4073,0,0,0,0,1,0
4488,2336979,23410,-15737,-7672,0,30607,-20576,-10031,0,0,0,0,1,0
4489,2337500,23867,-11934,-11934,0,31207,-15603,-15603,0,0,0,0,1,0
4490,2338020,23408,-7672,-15736,0,30607,-10031,-20576,0,0,0,0,1,0
4491,2338541,22049,-3115,-18934,0,28831,-4073,-24758,0,0,0,0,1,0
4492,2339062,19842,1561,-21403,0,25947,2041,-27988,0,0,0,0,1,0
4493,2339583,16874,6176,-23050,0,22066,8077,-30143,0,0,0,0,1,0
4494,2340104,13257,10554,-23811,0,17337,13802,-31140,0,0,0,0,1,0
4495,2340625,9131,14526,-23657,0,11942,18997,-30940,0,0,0,0,1,0
4496,2341145,4655,17939,-22594,0,6088,23462,-29551,0,0,0,0,1,0
4497,2341666,0,20662,-20662,0,0,27026,-27026,0,0,0,0,1,0
4498,2342187,-4654,22592,-17937,0,-6088,29551,-23462,0,0,0,0,1,0
4499,2342708,-9130,23653,-14523,0,-11942,30940,-18997,0,0,0,0,1,0
4500,2343229,-13254,23805,-10551,0,-17337,31140,-13802,0,0,0,0,1,0
4501,2343750,-16868,23042,-6174,0,-22066,30143,-8077,0,0,0,0,1,0
4502,2344270,-19834,21394,-1560,0,-25947,27988,-2041,0,0,0,0,1,0
4503,2344791,-22037,18924,3113,0,-28831,24758,4073,0,0,0,0,1,0
4504,2345312,-23393,15726,7667,0,-30607,20576,10031,0,0,0,0,1,0
4505,2345833,-23850,11925,11925,0,-31207,15603,15603,0,0,0,0,1,0
4506,2346354,-23391,7666,15725,0,-30607,10031,20576,0,0,0,0,1,0
4507,2346875,-22033,3113,18920,0,-28831,4073,24758,0,0,0,0,1,0
4508,2347395,-19828,-1560,21388,0,-25947,-2041,27988,0,0,0,0,1,0
4509,2347916,-16862,-6172,23034,0,-22066,-8077,30143,0,0,0,0,1,0
4510,2348437,-13248,-10546,23794,0,-17337,-13802,31140,0,0,0,0,1,0
4511,2348958,-9125,-14515,23640,0,-11942,-18997,30940,0,0,0,0,1,0
4512,2349479,-4652,-17926,22578,0,-6088,-23462,29551,0,0,0,0,1,0
4513,2350000,0,-20648,20648,0,0,-27026,27026,0,0,0,0,1,0
4514,2350520,4651,-22576,17925,0,6088,-29551,23462,0,0,0,0,1,0
4515,2351041,9123,-23636,14513,0,11942,-30940,18997,0,0,0,0,1,0
4516,2351562,13244,-23788,10544,0,17337,-31140,13802,0,0,0,0,1,0
4517,2352083,16856,-23026,6170,0,22066,-30143,8077,0,0,0,0,1,0
4518,2352604,19820,-21379,1559,0,25947,-27988,2041,0,0,0,0,1,0
4519,2353125,22021,-18910,-3111,0,28831,-24758,-4073,0,0,0,0,1,0
4520,2353645,23377,-15715,-7661,0,30607,-20576,-10031,0,0,0,0,1,0
4521,2354166,23834,-11917,-11917,0,31207,-15603,-15603,0,0,0,0,1,0
4522,2354687,23375,-7661,-15714,0,30607,-10031,-20576,0,0,0,0,1,0
4523,2355208,22018,-3111,-18907,0,28831,-4073,-24758,0,0,0,0,1,0
4524,2355729,19814,1559,-21373,0,25947,2041,-27988,0,0,0,0,1,0
4525,2356250,16850,6168,-23018,0,22066,8077,-30143,0,0,0,0,1,0
4526,2356770,13238,10539,-23777,0,17337,13802,-31140,0,0,0,0,1,0
4527,2357291,9118,14505,-23624,0,11942,18997,-30940,0,0,0,0,1,0
4528,2357812,4648,17914,-22562,0,6088,23462,-29551,0,0,0,0,1,0
4529,2358333,0,20633,-20633,0,0,27026,-27026,0,0,0,0,1,0
4530,2358854,-4648,22560,-17912,0,-6088,29551,-23462,0,0,0,0,1,0
4531,2359375,-9117,23619,-14503,0,-11942,30940,-18997,0,0,0,0,1,0
4532,2359895,-13235,23771,-10536,0,-17337,31140,-13802,0,0,0,0,1,0
4533,2360416,-16844,23010,-6165,0,-22066,30143,-8077,0,0,0,0,1,0
4534,2360937,-19806,21364,-1558,0,-25947,27988,-2041,0,0,0,0,1,0
4535,2361458,-22006,18897,3109,0,-28831,24758,4073,0,0,0,0,1,0
4536,2361979,-23360,15704,7656,0,-30607,20576,10031,0,0,0,0,1,0
4537,2362500,-23817,11909,11909,0,-31207,15603,15603,0,0,0,0,1,0
4538,2363020,-23358,7655,15703,0,-30607,10031,20576,0,0,0,0,1,0
4539,2363541,-22002,3108,18894,0,-28831,4073,24758,0,0,0,0,1,0
4540,2364062,-19801,-1558,21358,0,-25947,-2041,27988,0,0,0,0,1,0
4541,2364583,-16838,-6163,23001,0,-22066,-8077,30143,0,0,0,0,1,0
4542,2365104,-13229,-10532,23761,0,-17337,-13802,31140,0,0,0,0,1,0
4543,2365625,-9112,-14495,23607,0,-11942,-18997,30940,0,0,0,0,1,0
4544,2366145,-4645,-17901,22546,0,-6088,-23462,29551,0,0,0,0,1,0
4545,2366666,0,-20619,20619,0,0,-27026,27026,0,0,0,0,1,0
4546,2367187,4645,-22544,17900,0,6088,-29551,23462,0,0,0,0,1,0
4547,2367708,9110,-23603,14493,0,11942,-30940,18997,0,0,0,0,1,0
4548,2368229,13226,-23755,10529,0,17337,-31140,13802,0,0,0,0,1,0
4549,2368750,16832,-22993,6161,0,22066,-30143,8077,0,0,0,0,1,0
4550,2369270,19792,-21349,1557,0,25947,-27988,2041,0,0,0,0,1,0
4551,2369791,21991,-18884,-3107,0,28831,-24758,-4073,0,0,0,0,1,0
4552,2370312,23344,-15693,-7651,0,30607,-20576,-10031,0,0,0,0,1,0
4553,2370833,23800,-11900,-11900,0,31207,-15603,-15603,0,0,0,0,1,0
4554,2371354,23342,-7650,-15692,0,30607,-10031,-20576,0,0,0,0,1,0
4555,2371875,21987,-3106,-18880,0,28831,-4073,-24758,0,0,0,0,1,0
4556,2372395,19787,1556,-21343,0,25947,2041,-27988,0,0,0,0,1,0
4557,2372916,16827,6159,-22985,0,22066,8077,-30143,0,0,0,0,1,0
4558,2373437,13220,10524,-23744,0,17337,13802,-31140,0,0,0,0,1,0
4559,2373958,9106,14485,-23591,0,11942,18997,-30940,0,0,0,0,1,0
4560,2374479,4642,17889,-22530,0,6088,23462,-29551,0,0,0,0,1,0
4561,2375000,0,20605,-20605,0,0,27026,-27026,0,0,0,0,1,0
4562,2375520,-4641,22529,-17887,0,-6088,29551,-23462,0,0,0,0,1,0
4563,2376041,-9104,23587,-14482,0,-11942,30940,-18997,0,0,0,0,1,0
4564,2376562,-13216,23738,-10522,0,-17337,31140,-13802,0,0,0,0,1,0
4565,2377083,-16821,22977,-6157,0,-22066,30143,-8077,0,0,0,0,1,0
4566,2377604,-19778,21334,-1556,0,-25947,27988,-2041,0,0,0,0,1,0
4567,2378125,-21975,18871,3105,0,-28831,24758,4073,0,0,0,0,1,0
4568,2378645,-23328,15682,7645,0,-30607,20576,10031,0,0,0,0,1,0
4569,2379166,-23784,11892,11892,0,-31207,15603,15603,0,0,0,0,1,0
4570,2379687,-23326,7645,15681,0,-30607,10031,20576,0,0,0,0,1,0
4571,2380208,-21972,3104,18867,0,-28831,4073,24758,0,0,0,0,1,0
4572,2380729,-19773,-1555,21328,0,-25947,-2041,27988,0,0,0,0,1,0
4573,2381250,-16815,-6155,22969,0,-22066,-8077,30143,0,0,0,0,1,0
4574,2381770,-13211,-10517,23728,0,-17337,-13802,31140,0,0,0,0,1,0
4575,2382291,-9099,-14475,23574,0,-11942,-18997,30940,0,0,0,0,1,0
4576,2382812,-4639,-17876,22515,0,-6088,-23462,29551,0,0,0,0,1,0
4577,2383333,0,-20590,20590,0,0,-27026,27026,0,0,0,0,1,0
4578,2383854,4638,-22513,17875,0,6088,-29551,23462,0,0,0,0,1,0
4579,2384375,9098,-23570,14472,0,11942,-30940,18997,0,0,0,0,1,0
4580,2384895,13207,-23722,10514,0,17337,-31140,13802,0,0,0,0,1,0
4581,2385416,16809,-22961,6153,0,22066,-30143,8077,0,0,0,0,1,0
4582,2385937,19764,-21319,1555,0,25947,-27988,2041,0,0,0,0,1,0
4583,2386458,21960,-18858,-3103,0,28831,-24758,-4073,0,0,0,0,1,0
4584,2386979,23312,-15672,-7640,0,30607,-20576,-10031,0,0,0,0,1,0
4585,2387500,23767,-11884,-11884,0,31207,-15603,-15603,0,0,0,0,1,0
4586,2388020,23310,-7639,-15670,0,30607,-10031,-20576,0,0,0,0,1,0
4587,2388541,21956,-3102,-18854,0,28831,-4073,-24758,0,0,0,0,1,0
4588,2389062,19759,1554,-21314,0,25947,2041,-27988,0,0,0,0,1,0
4589,2389583,16803,6150,-22954,0,22066,8077,-30143,0,0,0,0,1,0
4590,2390104,13202,10510,-23711,0,17337,13802,-31140,0,0,0,0,1,0
4591,2390625,9093,14465,-23558,0,11942,18997,-30940,0,0,0,0,1,0
4592,2391145,4635,17864,-22499,0,6088,23462,-29551,0,0,0,0,1,0
4593,2391666,0,20576,-20576,0,0,27026,-27026,0,0,0,0,1,0
4594,2392187,-4635,22497,-17862,0,-6088,29551,-23462,0,0,0,0,1,0
4595,2392708,-9091,23554,-14462,0,-11942,30940,-18997,0,0,0,0,1,0
4596,2393229,-13198,23705,-10507,0,-17337,31140,-13802,0,0,0,0,1,0
4597,2393750,-16797,22946,-6148,0,-22066,30143,-8077,0,0,0,0,1,0
4598,2394270,-19751,21304,-1554,0,-25947,27988,-2041,0,0,0,0,1,0
4599,2394791,-21945,18844,3100,0,-28831,24758,4073,0,0,0,0,1,0
4600,2395312,-23296,15661,7635,0,-30607,20576,10031,0,0,0,0,1,0
4601,2395833,-23751,11875,11875,0,-31207,15603,15603,0,0,0,0,1,0
4602,2396354,-23294,7634,15659,0,-30607,10031,20576,0,0,0,0,1,0
4603,2396875,-21941,3100,18841,0,-28831,4073,24758,0,0,0,0,1,0
4604,2397395,-19746,-1553,21299,0,-25947,-2041,27988,0,0,0,0,1,0
4605,2397916,-16792,-6146,22938,0,-22066,-8077,30143,0,0,0,0,1,0
4606,2398437,-13192,-10502,23695,0,-17337,-13802,31140,0,0,0,0,1,0
4607,2398958,-9087,-14455,23542,0,-11942,-18997,30940,0,0,0,0,1,0
4608,2399479,-4632,-17851,22484,0,-6088,-23462,29551,0,0,0,0,1,0
4609,2400000,0,-20562,20562,0,0,-27026,27026,0,0,0,0,1,0
4610,2400520,4632,-22482,17850,0,6088,-29551,23462,0,0,0,0,1,0
4611,2401041,9085,-23538,14452,0,11942,-30940,18997,0,0,0,0,1,0
4612,2401562,13189,-23689,10500,0,17337,-31140,13802,0,0,0,0,1,0
4613,2402083,16786,-22930,6144,0,22066,-30143,8077,0,0,0,0,1,0
4614,2402604,19737,-21290,1553,0,25947,-27988,2041,0,0,0,0,1,0
4615,2403125,21930,-18831,-3098,0,28831,-24758,-4073,0,0,0,0,1,0
4616,2403645,23279,-15650,-7630,0,30607,-20576,-10031,0,0,0,0,1,0
4617,2404166,23735,-11867,-11867,0,31207,-15603,-15603,0,0,0,0,1,0
4618,2404687,23277,-7629,-15649,0,30607,-10031,-20576,0,0,0,0,1,0
4619,2405208,21926,-3098,-18828,0,28831,-4073,-24758,0,0,0,0,1,0
4620,2405729,19732,1552,-21284,0,25947,2041,-27988,0,0,0,0,1,0
4621,2406250,16780,6142,-22922,0,22066,8077,-30143,0,0,0,0,1,0
4622,2406770,13183,10495,-23679,0,17337,13802,-31140,0,0,0,0,1,0
4623,2407291,9080,14445,-23525,0,11942,18997,-30940,0,0,0,0,1,0
4624,2407812,4629,17839,-22468,0,6088,23462,-29551,0,0,0,0,1,0
4625,2408333,0,20548,-20548,0,0,27026,-27026,0,0,0,0,1,0
4626,2408854,-4629,22466,-17838,0,-6088,29551,-23462,0,0,0,0,1,0
4627,2409375,-9079,23521,-14442,0,-11942,30940,-18997,0,0,0,0,1,0
4628,2409895,-13180,23673,-10493,0,-17337,31140,-13802,0,0,0,0,1,0
4629,2410416,-16774,22914,-6140,0,-22066,30143,-8077,0,0,0,0,1,0
4630,2410937,-19724,21275,-1551,0,-25947,27988,-2041,0,0,0,0,1,0
4631,2411458,-21915,18819,3096,0,-28831,24758,4073,0,0,0,0,1,0
4632,2411979,-23263,15639,7624,0,-30607,20576,10031,0,0,0,0,1,0
4633,2412500,-23718,11859,11859,0,-31207,15603,15603,0,0,0,0,1,0
4634,2413020,-23261,7624,15638,0,-30607,10031,20576,0,0,0,0,1,0
4635,2413541,-21911,3096,18815,0,-28831,4073,24758,0,0,0,0,1,0
4636,2414062,-19718,-1551,21269,0,-25947,-2041,27988,0,0,0,0,1,0
4637,2414583,-16768,-6138,22906,0,-22066,-8077,30143,0,0,0,0,1,0
4638,2415104,-13174,-10488,23662,0,-17337,-13802,31140,0,0,0,0,1,0
4639,2415625,-9074,-14435,23509,0,-11942,-18997,30940,0,0,0,0,1,0
4640,2416145,-4626,-17827,22453,0,-6088,-23462,29551,0,0,0,0,1,0
4641,2416666,0,-20534,20534,0,0,-27026,27026,0,0,0,0,1,0
4642,2417187,4625,-22451,17825,0,6088,-29551,23462,0,0,0,0,1,0
4643,2417708,9073,-23505,14433,0,11942,-30940,18997,0,0,0,0,1,0
4644,2418229,13171,-23656,10485,0,17337,-31140,13802,0,0,0,0,1,0
4645,2418750,16763,-22898,6136,0,22066,-30143,8077,0,0,0,0,1,0
4646,2419270,19710,-21260,1550,0,25947,-27988,2041,0,0,0,0,1,0
4647,2419791,21900,-18806,-3094,0,28831,-24758,-4073,0,0,0,0,1,0
4648,2420312,23247,-15628,-7619,0,30607,-20576,-10031,0,0,0,0,1,0
4649,2420833,23702,-11851,-11851,0,31207,-15603,-15603,0,0,0,0,1,0
4650,2421354,23246,-7618,-15627,0,30607,-10031,-20576,0,0,0,0,1,0
4651,2421875,21896,-3093,-18802,0,28831,-4073,-24758,0,0,0,0,1,0
4652,2422395,19705,1550,-21255,0,25947,2041,-27988,0,0,0,0,1,0
4653,2422916,16757,6133,-22890,0,22066,8077,-30143,0,0,0,0,1,0
4654,2423437,13165,10481,-23646,0,17337,13802,-31140,0,0,0,0,1,0
4655,2423958,9068,14425,-23493,0,11942,18997,-30940,0,0,0,0,1,0
4656,2424479,4623,17815,-22437,0,6088,23462,-29551,0,0,0,0,1,0
4657,2425000,0,20519,-20519,0,0,27026,-27026,0,0,0,0,1,0
4658,2425520,-4622,22435,-17813,0,-6088,29551,-23462,0,0,0,0,1,0
4659,2426041,-9066,23489,-14423,0,-11942,30940,-18997,0,0,0,0,1,0
4660,2426562,-13162,23640,-10478,0,-17337,31140,-13802,0,0,0,0,1,0
4661,2427083,-16751,22883,-6131,0,-22066,30143,-8077,0,0,0,0,1,0
4662,2427604,-19696,21246,-1549,0,-25947,27988,-2041,0,0,0,0,1,0
4663,2428125,-21885,18793,3092,0,-28831,24758,4073,0,0,0,0,1,0
4664,2428645,-23232,15618,7614,0,-30607,20576,10031,0,0,0,0,1,0
4665,2429166,-23686,11843,11843,0,-31207,15603,15603,0,0,0,0,1,0
4666,2429687,-23230,7613,15616,0,-30607,10031,20576,0,0,0,0,1,0
4667,2430208,-21881,3091,18790,0,-28831,4073,24758,0,0,0,0,1,0
4668,2430729,-19691,-1549,21240,0,-25947,-2041,27988,0,0,0,0,1,0
4669,2431250,-16745,-6129,22875,0,-22066,-8077,30143,0,0,0,0,1,0
4670,2431770,-13156,-10474,23630,0,-17337,-13802,31140,0,0,0,0,1,0
4671,2432291,-9062,-14415,23477,0,-11942,-18997,30940,0,0,0,0,1,0
4672,2432812,-4619,-17803,22422,0,-6088,-23462,29551,0,0,0,0,1,0
4673,2433333,0,-20505,20505,0,0,-27026,27026,0,0,0,0,1,0
4674,2433854,4619,-22420,17801,0,6088,-29551,23462,0,0,0,0,1,0
4675,2434375,9060,-23473,14413,0,11942,-30940,18997,0,0,0,0,1,0
4676,2434895,13153,-23624,10471,0,17337,-31140,13802,0,0,0,0,1,0
4677,2435416,16740,-22867,6127,0,22066,-30143,8077,0,0,0,0,1,0
4678,2435937,19683,-21231,1548,0,25947,-27988,2041,0,0,0,0,1,0
4679,2436458,21870,-18780,-3090,0,28831,-24758,-4073,0,0,0,0,1,0
4680,2436979,23216,-15607,-7609,0,30607,-20576,-10031,0,0,0,0,1,0
4681,2437500,23670,-11835,-11835,0,31207,-15603,-15603,0,0,0,0,1,0
4682,2438020,23214,-7608,-15606,0,30607,-10031,-20576,0,0,0,0,1,0
4683,2438541,21866,-3089,-18777,0,28831,-4073,-24758,0,0,0,0,1,0
4684,2439062,19678,1548,-21226,0,25947,2041,-27988,0,0,0,0,1,0
4685,2439583,16734,6125,-22859,0,22066,8077,-30143,0,0,0,0,1,0
4686,2440104,13147,10467,-23614,0,17337,13802,-31140,0,0,0,0,1,0
4687,2440625,9056,14405,-23461,0,11942,18997,-30940,0,0,0,0,1,0
4688,2441145,4616,17790,-22407,0,6088,23462,-29551,0,0,0,0,1,0
4689,2441666,0,20491,-20491,0,0,27026,-27026,0,0,0,0,1,0
4690,2442187,-4616,22405,-17789,0,-6088,29551,-23462,0,0,0,0,1,0
4691,2442708,-9054,23457,-14403,0,-11942,30940,-18997,0,0,0,0,1,0
4692,2443229,-13144,23608,-10464,0,-17337,31140,-13802,0,0,0,0,1,0
4693,2443750,-16728,22851,-6123,0,-22066,30143,-8077,0,0,0,0,1,0
4694,2444270,-19670,21217,-1547,0,-25947,27988,-2041,0,0,0,0,1,0
4695,2444791,-21855,18767,3088,0,-28831,24758,4073,0,0,0,0,1,0
4696,2445312,-23200,15596,7603,0,-30607,20576,10031,0,0,0,0,1,0
4697,2445833,-23653,11827,11827,0,-31207,15603,15603,0,0,0,0,1,0
4698,2446354,-23198,7603,15595,0,-30607,10031,20576,0,0,0,0,1,0
4699,2446875,-21851,3087,18764,0,-28831,4073,24758,0,0,0,0,1,0
4700,2447395,-19665,-1547,21211,0,-25947,-2041,27988,0,0,0,0,1,0
4701,2447916,-16723,-6121,22844,0,-22066,-8077,30143,0,0,0,0,1,0
4702,2448437,-13138,-10459,23598,0,-17337,-13802,31140,0,0,0,0,1,0
4703,2448958,-9049,-14396,23445,0,-11942,-18997,30940,0,0,0,0,1,0
4704,2449479,-4613,-17778,22392,0,-6088,-23462,29551,0,0,0,0,1,0
4705,2450000,0,-20478,20478,0,0,-27026,27026,0,0,0,0,1,0
4706,2450520,4613,-22390,17777,0,6088,-29551,23462,0,0,0,0,1,0
4707,2451041,9048,-23441,14393,0,11942,-30940,18997,0,0,0,0,1,0
4708,2451562,13135,-23592,10457,0,17337,-31140,13802,0,0,0,0,1,0
4709,2452083,16717,-22836,6119,0,22066,-30143,8077,0,0,0,0,1,0
4710,2452604,19656,-21202,1546,0,25947,-27988,2041,0,0,0,0,1,0
4711,2453125,21840,-18754,-3086,0,28831,-24758,-4073,0,0,0,0,1,0
4712,2453645,23184,-15586,-7598,0,30607,-20576,-10031,0,0,0,0,1,0
4713,2454166,23637,-11819,-11819,0,31207,-15603,-15603,0,0,0,0,1,0
4714,2454687,23182,-7598,-15585,0,30607,-10031,-20576,0,0,0,0,1,0
4715,2455208,21836,-3085,-18751,0,28831,-4073,-24758,0,0,0,0,1,0
4716,2455729,19651,1546,-21197,0,25947,2041,-27988,0,0,0,0,1,0
4717,2456250,16711,6117,-22828,0,22066,8077,-30143,0,0,0,0,1,0
4718,2456770,13129,10452,-23582,0,17337,13802,-31140,0,0,0,0,1,0
4719,2457291,9043,14386,-23429,0,11942,18997,-30940,0,0,0,0,1,0
4720,2457812,4610,17766,-22376,0,6088,23462,-29551,0,0,0,0,1,0
4721,2458333,0,20464,-20464,0,0,27026,-27026,0,0,0,0,1,0
4722,2458854,-4610,22374,-17765,0,-6088,29551,-23462,0,0,0,0,1,0
4723,2459375,-9042,23425,-14383,0,-11942,30940,-18997,0,0,0,0,1,0
4724,2459895,-13126,23576,-10450,0,-17337,31140,-13802,0,0,0,0,1,0
4725,2460416,-16706,22820,-6115,0,-22066,30143,-8077,0,0,0,0,1,0
4726,2460937,-19643,21188,-1545,0,-25947,27988,-2041,0,0,0,0,1,0
4727,2461458,-21825,18742,3083,0,-28831,24758,4073,0,0,0,0,1,0
4728,2461979,-23169,15575,7593,0,-30607,20576,10031,0,0,0,0,1,0
4729,2462500,-23621,11811,11811,0,-31207,15603,15603,0,0,0,0,1,0
4730,2463020,-23167,7593,15574,0,-30607,10031,20576,0,0,0,0,1,0
4731,2463541,-21822,3083,18739,0,-28831,4073,24758,0,0,0,0,1,0
4732,2464062,-19638,-1545,21183,0,-25947,-2041,27988,0,0,0,0,1,0
4733,2464583,-16700,-6113,22813,0,-22066,-8077,30143,0,0,0,0,1,0
4734,2465104,-13121,-10445,23566,0,-17337,-13802,31140,0,0,0,0,1,0
4735,2465625,-9037,-14376,23413,0,-11942,-18997,30940,0,0,0,0,1,0
4736,2466145,-4607,-17754,22361,0,-6088,-23462,29551,0,0,0,0,1,0
4737,2466666,0,-20450,20450,0,0,-27026,27026,0,0,0,0,1,0
4738,2467187,4607,-22359,17753,0,6088,-29551,23462,0,0,0,0,1,0
4739,2467708,9036,-23409,14374,0,11942,-30940,18997,0,0,0,0,1,0
4740,2468229,13117,-23560,10443,0,17337,-31140,13802,0,0,0,0,1,0
4741,2468750,16694,-22805,6111,0,22066,-30143,8077,0,0,0,0,1,0
4742,2469270,19630,-21174,1544,0,25947,-27988,2041,0,0,0,0,1,0
4743,2469791,21810,-18729,-3081,0,28831,-24758,-4073,0,0,0,0,1,0
4744,2470312,23153,-15565,-7588,0,30607,-20576,-10031,0,0,0,0,1,0
4745,2470833,23606,-11803,-11803,0,31207,-15603,-15603,0,0,0,0,1,0
4746,2471354,23151,-7587,-15564,0,30607,-10031,-20576,0,0,0,0,1,0
4747,2471875,21807,-3081,-18726,0,28831,-4073,-24758,0,0,0,0,1,0
4748,2472395,19625,1544,-21168,0,25947,2041,-27988,0,0,0,0,1,0
4749,2472916,16689,6109,-22797,0,22066,8077,-30143,0,0,0,0,1,0
4750,2473437,13112,10438,-23550,0,17337,13802,-31140,0,0,0,0,1,0
4751,2473958,9031,14367,-23398,0,11942,18997,-30940,0,0,0,0,1,0
4752,2474479,4604,17742,-22346,0,6088,23462,-29551,0,0,0,0,1,0
4753,2475000,0,20436,-20436,0,0,27026,-27026,0,0,0,0,1,0
4754,2475520,-4603,22344,-17741,0,-6088,29551,-23462,0,0,0,0,1,0
4755,2476041,-9030,23394,-14364,0,-11942,30940,-18997,0,0,0,0,1,0
4756,2476562,-13108,23544,-10436,0,-17337,31140,-13802,0,0,0,0,1,0
4757,2477083,-16683,22790,-6106,0,-22066,30143,-8077,0,0,0,0,1,0
4758,2477604,-19617,21160,-1543,0,-25947,27988,-2041,0,0,0,0,1,0
4759,2478125,-21796,18717,3079,0,-28831,24758,4073,0,0,0,0,1,0
4760,2478645,-23137,15554,7583,0,-30607,20576,10031,0,0,0,0,1,0
4761,2479166,-23590,11795,11795,0,-31207,15603,15603,0,0,0,0,1,0
4762,2479687,-23135,7582,15553,0,-30607,10031,20576,0,0,0,0,1,0
4763,2480208,-21792,3079,18713,0,-28831,4073,24758,0,0,0,0,1,0
4764,2480729,-19612,-1543,21154,0,-25947,-2041,27988,0,0,0,0,1,0
4765,2481250,-16678,-6104,22782,0,-22066,-8077,30143,0,0,0,0,1,0
4766,2481770,-13103,-10431,23534,0,-17337,-13802,31140,0,0,0,0,1,0
4767,2482291,-9025,-14357,23382,0,-11942,-18997,30940,0,0,0,0,1,0
4768,2482812,-4601,-17730,22331,0,-6088,-23462,29551,0,0,0,0,1,0
4769,2483333,0,-20422,20422,0,0,-27026,27026,0,0,0,0,1,0
4770,2483854,4600,-22329,17729,0,6088,-29551,23462,0,0,0,0,1,0
4771,2484375,9024,-23378,14354,0,11942,-30940,18997,0,0,0,0,1,0
4772,2484895,13100,-23528,10429,0,17337,-31140,13802,0,0,0,0,1,0
4773,2485416,16672,-22774,6102,0,22066,-30143,8077,0,0,0,0,1,0
4774,2485937,19603,-21145,1542,0,25947,-27988,2041,0,0,0,0,1,0
4775,2486458,21781,-18704,-3077,0,28831,-24758,-4073,0,0,0,0,1,0
4776,2486979,23122,-15544,-7578,0,30607,-20576,-10031,0,0,0,0,1,0
4777,2487500,23574,-11787,-11787,0,31207,-15603,-15603,0,0,0,0,1,0
4778,2488020,23120,-7577,-15543,0,30607,-10031,-20576,0,0,0,0,1,0
4779,2488541,21778,-3077,-18701,0,28831,-4073,-24758,0,0,0,0,1,0
4780,2489062,19598,1542,-21140,0,25947,2041,-27988,0,0,0,0,1,0
4781,2489583,16666,6100,-22767,0,22066,8077,-30143,0,0,0,0,1,0
4782,2490104,13094,10424,-23518,0,17337,13802,-31140,0,0,0,0,1,0
4783,2490625,9019,14347,-23366,0,11942,18997,-30940,0,0,0,0,1,0
4784,2491145,4598,17719,-22316,0,6088,23462,-29551,0,0,0,0,1,0
4785,2491666,0,20409,-20409,0,0,27026,-27026,0,0,0,0,1,0
4786,2492187,-4597,22314,-17717,0,-6088,29551,-23462,0,0,0,0,1,0
4787,2492708,-9018,23362,-14345,0,-11942,30940,-18997,0,0,0,0,1,0
4788,2493229,-13091,23513,-10422,0,-17337,31140,-13802,0,0,0,0,1,0
4789,2493750,-16661,22759,-6098,0,-22066,30143,-8077,0,0,0,0,1,0
4790,2494270,-19590,21131,-1541,0,-25947,27988,-2041,0,0,0,0,1,0
4791,2494791,-21767,18691,3075,0,-28831,24758,4073,0,0,0,0,1,0
4792,2495312,-23106,15534,7573,0,-30607,20576,10031,0,0,0,0,1,0
4793,2495833,-23558,11779,11779,0,-31207,15603,15603,0,0,0,0,1,0
4794,2496354,-23104,7572,15532,0,-30607,10031,20576,0,0,0,0,1,0
4795,2496875,-21763,3075,18688,0,-28831,4073,24758,0,0,0,0,1,0
4796,2497395,-19585,-1541,21126,0,-25947,-2041,27988,0,0,0,0,1,0
4797,2497916,-16655,-6096,22752,0,-22066,-8077,30143,0,0,0,0,1,0
4798,2498437,-13085,-10417,23503,0,-17337,-13802,31140,0,0,0,0,1,0
4799,2498958,-9013,-14338,23351,0,-11942,-18997,30940,0,0,0,0,1,0
4800,2499479,-4595,-17707,22301,0,-6088,-23462,29551,0,0,0,0,1,0
4801,2500000,0,-20395,20395,0,0,-27026,27026,0,0,0,0,1,0
4802,2500520,4594,-22299,17705,0,6088,-29551,23462,0,0,0,0,1,0
4803,2501041,9012,-23347,14335,0,11942,-30940,18997,0,0,0,0,1,0
4804,2501562,13082,-23497,10415,0,17337,-31140,13802,0,0,0,0,1,0
4805,2502083,16650,-22744,6094,0,22066,-30143,8077,0,0,0,0,1,0
4806,2502604,19577,-21117,1540,0,25947,-27988,2041,0,0,0,0,1,0
4807,2503125,21752,-18679,-3073,0,28831,-24758,-4073,0,0,0,0,1,0
4808,2503645,23091,-15523,-7568,0,30607,-20576,-10031,0,0,0,0,1,0
4809,2504166,23542,-11771,-11771,0,31207,-15603,-15603,0,0,0,0,1,0
4810,2504687,23089,-7567,-15522,0,30607,-10031,-20576,0,0,0,0,1,0
4811,2505208,21749,-3073,-18676,0,28831,-4073,-24758,0,0,0,0,1,0
4812,2505729,19572,1540,-21112,0,25947,2041,-27988,0,0,0,0,1,0
4813,2506250,16644,6092,-22736,0,22066,8077,-30143,0,0,0,0,1,0
4814,2506770,13077,10410,-23487,0,17337,13802,-31140,0,0,0,0,1,0
4815,2507291,9007,14328,-23335,0,11942,18997,-30940,0,0,0,0,1,0
4816,2507812,4592,17695,-22287,0,6088,23462,-29551,0,0,0,0,1,0
4817,2508333,0,20382,-20382,0,0,27026,-27026,0,0,0,0,1,0
4818,2508854,-4591,22285,-17693,0,-6088,29551,-23462,0,0,0,0,1,0
4819,2509375,-9006,23331,-14326,0,-11942,30940,-18997,0,0,0,0,1,0
4820,2509895,-13073,23481,-10408,0,-17337,31140,-13802,0,0,0,0,1,0
4821,2510416,-16639,22729,-6090,0,-22066,30143,-8077,0,0,0,0,1,0
4822,2510937,-19564,21103,-1539,0,-25947,27988,-2041,0,0,0,0,1,0
4823,2511458,-21738,18667,3071,0,-28831,24758,4073,0,0,0,0,1,0
4824,2511979,-23076,15513,7563,0,-30607,20576,10031,0,0,0,0,1,0
4825,2512500,-23527,11763,11763,0,-31207,15603,15603,0,0,0,0,1,0
4826,2513020,-23074,7562,15512,0,-30607,10031,20576,0,0,0,0,1,0
4827,2513541,-21734,3071,18663,0,-28831,4073,24758,0,0,0,0,1,0
4828,2514062,-19559,-1539,21098,0,-25947,-2041,27988,0,0,0,0,1,0
4829,2514583,-16633,-6088,22721,0,-22066,-8077,30143,0,0,0,0,1,0
4830,2515104,-13068,-10403,23472,0,-17337,-13802,31140,0,0,0,0,1,0
4831,2515625,-9001,-14319,23320,0,-11942,-18997,30940,0,0,0,0,1,0
4832,2516145,-4589,-17683,22272,0,-6088,-23462,29551,0,0,0,0,1,0
4833,2516666,0,-20368,20368,0,0,-27026,27026,0,0,0,0,1,0
4834,2517187,4588,-22270,17682,0,6088,-29551,23462,0,0,0,0,1,0
4835,2517708,9000,-23316,14316,0,11942,-30940,18997,0,0,0,0,1,0
4836,2518229,13065,-23466,10401,0,17337,-31140,13802,0,0,0,0,1,0
4837,2518750,16628,-22714,6086,0,22066,-30143,8077,0,0,0,0,1,0
4838,2519270,19551,-21089,1538,0,25947,-27988,2041,0,0,0,0,1,0
4839,2519791,21723,-18654,-3069,0,28831,-24758,-4073,0,0,0,0,1,0
4840,2520312,23060,-15503,-7558,0,30607,-20576,-10031,0,0,0,0,1,0
4841,2520833,23511,-11756,-11756,0,31207,-15603,-15603,0,0,0,0,1,0
4842,2521354,23058,-7557,-15501,0,30607,-10031,-20576,0,0,0,0,1,0
4843,2521875,21720,-3069,-18651,0,28831,-4073,-24758,0,0,0,0,1,0
4844,2522395,19546,1538,-21084,0,25947,2041,-27988,0,0,0,0,1,0
4845,2522916,16622,6084,-22706,0,22066,8077,-30143,0,0,0,0,1,0
4846,2523437,13059,10397,-23456,0,17337,13802,-31140,0,0,0,0,1,0
4847,2523958,8995,14309,-23304,0,11942,18997,-30940,0,0,0,0,1,0
4848,2524479,4585,17672,-22257,0,6088,23462,-29551,0,0,0,0,1,0
4849,2525000,0,20355,-20355,0,0,27026,-27026,0,0,0,0,1,0
4850,2525520,-4585,22255,-17670,0,-6088,29551,-23462,0,0,0,0,1,0
4851,2526041,-8994,23300,-14307,0,-11942,30940,-18997,0,0,0,0,1,0
4852,2526562,-13056,23450,-10394,0,-17337,31140,-13802,0,0,0,0,1,0
4853,2527083,-16617,22699,-6082,0,-22066,30143,-8077,0,0,0,0,1,0
4854,2527604,-19538,21075,-1537,0,-25947,27988,-2041,0,0,0,0,1,0
4855,2528125,-21709,18642,3067,0,-28831,24758,4073,0,0,0,0,1,0
4856,2528645,-23045,15492,7553,0,-30607,20576,10031,0,0,0,0,1,0
4857,2529166,-23496,11748,11748,0,-31207,15603,15603,0,0,0,0,1,0
4858,2529687,-23043,7552,15491,0,-30607,10031,20576,0,0,0,0,1,0
4859,2530208,-21705,3067,18639,0,-28831,4073,24758,0,0,0,0,1,0
4860,2530729,-19533,-1536,21070,0,-25947,-2041,27988,0,0,0,0,1,0
4861,2531250,-16611,-6080,22691,0,-22066,-8077,30143,0,0,0,0,1,0
4862,2531770,-13051,-10390,23440,0,-17337,-13802,31140,0,0,0,0,1,0
4863,2532291,-8989,-14300,23289,0,-11942,-18997,30940,0,0,0,0,1,0
4864,2532812,-4582,-17660,22242,0,-6088,-23462,29551,0,0,0,0,1,0
4865,2533333,0,-20341,20341,0,0,-27026,27026,0,0,0,0,1,0
4866,2533854,4582,-22240,17658,0,6088,-29551,23462,0,0,0,0,1,0
4867,2534375,8988,-23285,14297,0,11942,-30940,18997,0,0,0,0,1,0
4868,2534895,13048,-23435,10387,0,17337,-31140,13802,0,0,0,0,1,0
4869,2535416,16606,-22684,6078,0,22066,-30143,8077,0,0,0,0,1,0
4870,2535937,19525,-21061,1536,0,25947,-27988,2041,0,0,0,0,1,0
4871,2536458,21695,-18630,-3065,0,28831,-24758,-4073,0,0,0,0,1,0
4872,2536979,23030,-15482,-7548,0,30607,-20576,-10031,0,0,0,0,1,0
4873,2537500,23480,-11740,-11740,0,31207,-15603,-15603,0,0,0,0,1,0
4874,2538020,23028,-7547,-15481,0,30607,-10031,-20576,0,0,0,0,1,0
4875,2538541,21691,-3065,-18627,0,28831,-4073,-24758,0,0,0,0,1,0
4876,2539062,19521,1535,-21056,0,25947,2041,-27988,0,0,0,0,1,0
4877,2539583,16600,6076,-22676,0,22066,8077,-30143,0,0,0,0,1,0
4878,2540104,13042,10383,-23425,0,17337,13802,-31140,0,0,0,0,1,0
4879,2540625,8983,14290,-23274,0,11942,18997,-30940,0,0,0,0,1,0
4880,2541145,4579,17648,-22228,0,6088,23462,-29551,0,0,0,0,1,0
4881,2541666,0,20328,-20328,0,0,27026,-27026,0,0,0,0,1,0
4882,2542187,-4579,22226,-17647,0,-6088,29551,-23462,0,0,0,0,1,0
4883,2542708,-8982,23270,-14288,0,-11942,30940,-18997,0,0,0,0,1,0
4884,2543229,-13039,23419,-10380,0,-17337,31140,-13802,0,0,0,0,1,0
4885,2543750,-16595,22669,-6074,0,-22066,30143,-8077,0,0,0,0,1,0
4886,2544270,-19513,21047,-1535,0,-25947,27988,-2041,0,0,0,0,1,0
4887,2544791,-21680,18617,3063,0,-28831,24758,4073,0,0,0,0,1,0
4888,2545312,-23015,15472,7543,0,-30607,20576,10031,0,0,0,0,1,0
4889,2545833,-23465,11732,11732,0,-31207,15603,15603,0,0,0,0,1,0
4890,2546354,-23013,7542,15471,0,-30607,10031,20576,0,0,0,0,1,0
4891,2546875,-21677,3063,18614,0,-28831,4073,24758,0,0,0,0,1,0
4892,2547395,-19508,-1534,21042,0,-25947,-2041,27988,0,0,0,0,1,0
4893,2547916,-16589,-6072,22661,0,-22066,-8077,30143,0,0,0,0,1,0
4894,2548437,-13034,-10376,23410,0,-17337,-13802,31140,0,0,0,0,1,0
4895,2548958,-8977,-14281,23258,0,-11942,-18997,30940,0,0,0,0,1,0
4896,2549479,-4576,-17637,22213,0,-6088,-23462,29551,0,0,0,0,1,0
4897,2550000,0,-20314,20314,0,0,-27026,27026,0,0,0,0,1,0
4898,2550520,4576,-22211,17635,0,6088,-29551,23462,0,0,0,0,1,0
4899,2551041,8976,-23254,14279,0,11942,-30940,18997,0,0,0,0,1,0
4900,2551562,13030,-23404,10374,0,17337,-31140,13802,0,0,0,0,1,0
4901,2552083,16584,-22654,6070,0,22066,-30143,8077,0,0,0,0,1,0
4902,2552604,19500,-21034,1534,0,25947,-27988,2041,0,0,0,0,1,0
4903,2553125,21666,-18605,-3061,0,28831,-24758,-4073,0,0,0,0,1,0
4904,2553645,23000,-15462,-7538,0,30607,-20576,-10031,0,0,0,0,1,0
4905,2554166,23449,-11725,-11725,0,31207,-15603,-15603,0,0,0,0,1,0
4906,2554687,22998,-7537,-15461,0,30607,-10031,-20576,0,0,0,0,1,0
4907,2555208,21663,-3061,-18602,0,28831,-4073,-24758,0,0,0,0,1,0
4908,2555729,19495,1533,-21029,0,25947,2041,-27988,0,0,0,0,1,0
4909,2556250,16578,6068,-22647,0,22066,8077,-30143,0,0,0,0,1,0
4910,2556770,13025,10369,-23394,0,17337,13802,-31140,0,0,0,0,1,0
4911,2557291,8971,14272,-23243,0,11942,18997,-30940,0,0,0,0,1,0
4912,2557812,4573,17625,-22199,0,6088,23462,-29551,0,0,0,0,1,0
4913,2558333,0,20301,-20301,0,0,27026,-27026,0,0,0,0,1,0
4914,2558854,-4573,22197,-17624,0,-6088,29551,-23462,0,0,0,0,1,0
4915,2559375,-8970,23239,-14269,0,-11942,30940,-18997,0,0,0,0,1,0
4916,2559895,-13022,23389,-10367,0,-17337,31140,-13802,0,0,0,0,1,0
4917,2560416,-16573,22639,-6066,0,-22066,30143,-8077,0,0,0,0,1,0
4918,2560937,-19487,21020,-1533,0,-25947,27988,-2041,0,0,0,0,1,0
4919,2561458,-21652,18593,3059,0,-28831,24758,4073,0,0,0,0,1,0
4920,2561979,-22985,15452,7533,0,-30607,20576,10031,0,0,0,0,1,0
4921,2562500,-23434,11717,11717,0,-31207,15603,15603,0,0,0,0,1,0
4922,2563020,-22983,7532,15451,0,-30607,10031,20576,0,0,0,0,1,0
4923,2563541,-21648,3059,18590,0,-28831,4073,24758,0,0,0,0,1,0
4924,2564062,-19482,-1532,21015,0,-25947,-2041,27988,0,0,0,0,1,0
4925,2564583,-16568,-6064,22632,0,-22066,-8077,30143,0,0,0,0,1,0
4926,2565104,-13017,-10363,23379,0,-17337,-13802,31140,0,0,0,0,1,0
4927,2565625,-8966,-14262,23228,0,-11942,-18997,30940,0,0,0,0,1,0
4928,2566145,-4570,-17614,22184,0,-6088,-23462,29551,0,0,0,0,1,0
4929,2566666,0,-20288,20288,0,0,-27026,27026,0,0,0,0,1,0
4930,2567187,4570,-22182,17612,0,6088,-29551,23462,0,0,0,0,1,0
4931,2567708,8964,-23224,14260,0,11942,-30940,18997,0,0,0,0,1,0
4932,2568229,13013,-23373,10360,0,17337,-31140,13802,0,0,0,0,1,0
4933,2568750,16562,-22624,6062,0,22066,-30143,8077,0,0,0,0,1,0
4934,2569270,19474,-21006,1532,0,25947,-27988,2041,0,0,0,0,1,0
4935,2569791,21638,-18581,-3057,0,28831,-24758,-4073,0,0,0,0,1,0
4936,2570312,22970,-15442,-7528,0,30607,-20576,-10031,0,0,0,0,1,0
4937,2570833,23419,-11709,-11709,0,31207,-15603,-15603,0,0,0,0,1,0
4938,2571354,22968,-7527,-15440,0,30607,-10031,-20576,0,0,0,0,1,0
4939,2571875,21634,-3057,-18578,0,28831,-4073,-24758,0,0,0,0,1,0
4940,2572395,19470,1531,-21001,0,25947,2041,-27988,0,0,0,0,1,0
4941,2572916,16557,6060,-22617,0,22066,8077,-30143,0,0,0,0,1,0
4942,2573437,13008,10356,-23364,0,17337,13802,-31140,0,0,0,0,1,0
4943,2573958,8960,14253,-23213,0,11942,18997,-30940,0,0,0,0,1,0
4944,2574479,4567,17602,-22170,0,6088,23462,-29551,0,0,0,0,1,0
4945,2575000,0,20275,-20275,0,0,27026,-27026,0,0,0,0,1,0
4946,2575520,-4567,22168,-17601,0,-6088,29551,-23462,0,0,0,0,1,0
4947,2576041,-8958,23209,-14251,0,-11942,30940,-18997,0,0,0,0,1,0
4948,2576562,-13005,23358,-10353,0,-17337,31140,-13802,0,0,0,0,1,0
4949,2577083,-16552,22610,-6058,0,-22066,30143,-8077,0,0,0,0,1,0
4950,2577604,-19462,20993,-1531,0,-25947,27988,-2041,0,0,0,0,1,0
4951,2578125,-21624,18569,3055,0,-28831,24758,4073,0,0,0,0,1,0
4952,2578645,-22955,15432,7523,0,-30607,20576,10031,0,0,0,0,1,0
4953,2579166,-23404,11702,11702,0,-31207,15603,15603,0,0,0,0,1,0
4954,2579687,-22953,7523,15430,0,-30607,10031,20576,0,0,0,0,1,0
4955,2580208,-21620,3055,18566,0,-28831,4073,24758,0,0,0,0,1,0
4956,2580729,-19457,-1530,20987,0,-25947,-2041,27988,0,0,0,0,1,0
4957,2581250,-16546,-6056,22602,0,-22066,-8077,30143,0,0,0,0,1,0
4958,2581770,-13000,-10349,23349,0,-17337,-13802,31140,0,0,0,0,1,0
4959,2582291,-8954,-14244,23198,0,-11942,-18997,30940,0,0,0,0,1,0
4960,2582812,-4565,-17591,22155,0,-6088,-23462,29551,0,0,0,0,1,0
4961,2583333,0,-20262,20262,0,0,-27026,27026,0,0,0,0,1,0
4962,2583854,4564,-22153,17589,0,6088,-29551,23462,0,0,0,0,1,0
4963,2584375,8953,-23194,14241,0,11942,-30940,18997,0,0,0,0,1,0
4964,2584895,12997,-23343,10347,0,17337,-31140,13802,0,0,0,0,1,0
4965,2585416,16541,-22595,6054,0,22066,-30143,8077,0,0,0,0,1,0
4966,2585937,19449,-20979,1530,0,25947,-27988,2041,0,0,0,0,1,0
4967,2586458,21610,-18557,-3053,0,28831,-24758,-4073,0,0,0,0,1,0
4968,2586979,22940,-15422,-7518,0,30607,-20576,-10031,0,0,0,0,1,0
4969,2587500,23388,-11694,-11694,0,31207,-15603,-15603,0,0,0,0,1,0
4970,2588020,22938,-7518,-15420,0,30607,-10031,-20576,0,0,0,0,1,0
4971,2588541,21606,-3053,-18554,0,28831,-4073,-24758,0,0,0,0,1,0
4972,2589062,19444,1529,-20974,0,25947,2041,-27988,0,0,0,0,1,0
4973,2589583,16535,6052,-22588,0,22066,8077,-30143,0,0,0,0,1,0
4974,2590104,12991,10342,-23334,0,17337,13802,-31140,0,0,0,0,1,0
4975,2590625,8948,14235,-23183,0,11942,18997,-30940,0,0,0,0,1,0
4976,2591145,4562,17579,-22141,0,6088,23462,-29551,0,0,0,0,1,0
4977,2591666,0,20248,-20248,0,0,27026,-27026,0,0,0,0,1,0
4978,2592187,-4561,22139,-17578,0,-6088,29551,-23462,0,0,0,0,1,0
4979,2592708,-8947,23179,-14232,0,-11942,30940,-18997,0,0,0,0,1,0
4980,2593229,-12988,23328,-10340,0,-17337,31140,-13802,0,0,0,0,1,0
4981,2593750,-16530,22581,-6050,0,-22066,30143,-8077,0,0,0,0,1,0
4982,2594270,-19437,20965,-1529,0,-25947,27988,-2041,0,0,0,0,1,0
4983,2594791,-21596,18545,3051,0,-28831,24758,4073,0,0,0,0,1,0
4984,2595312,-22925,15412,7513,0,-30607,20576,10031,0,0,0,0,1,0
4985,2595833,-23373,11687,11687,0,-31207,15603,15603,0,0,0,0,1,0
4986,2596354,-22923,7513,15410,0,-30607,10031,20576,0,0,0,0,1,0
4987,2596875,-21592,3051,18542,0,-28831,4073,24758,0,0,0,0,1,0
4988,2597395,-19432,-1529,20960,0,-25947,-2041,27988,0,0,0,0,1,0
4989,2597916,-16525,-6048,22573,0,-22066,-8077,30143,0,0,0,0,1,0
4990,2598437,-12983,-10336,23319,0,-17337,-13802,31140,0,0,0,0,1,0
4991,2598958,-8942,-14225,23168,0,-11942,-18997,30940,0,0,0,0,1,0
4992,2599479,-4559,-17568,22127,0,-6088,-23462,29551,0,0,0,0,1,0
4993,2600000,0,-20235,20235,0,0,-27026,27026,0,0,0,0,1,0
4994,2600520,4558,-22125,17567,0,6088,-29551,23462,0,0,0,0,1,0
4995,2601041,8941,-23164,14223,0,11942,-30940,18997,0,0,0,0,1,0
4996,2601562,12980,-23313,10333,0,17337,-31140,13802,0,0,0,0,1,0
4997,2602083,16519,-22566,6047,0,22066,-30143,8077,0,0,0,0,1,0
4998,2602604,19424,-20952,1528,0,25947,-27988,2041,0,0,0,0,1,0
4999,2603125,21582,-18533,-3049,0,28831,-24758,-4073,0,0,0,0,1,0
5000,2603645,22910,-15402,-7509,0,30607,-20576,-10031,0,0,0,0,1,0
5001,2604166,23358,-11679,-11679,0,31207,-15603,-15603,0,0,0,0,1,0
5002,2604687,22909,-7508,-15401,0,30607,-10031,-20576,0,0,0,0,1,0
5003,2605208,21579,-3049,-18530,0,28831,-4073,-24758,0,0,0,0,1,0
5004,2605729,19419,1528,-20947,0,25947,2041,-27988,0,0,0,0,1,0
5005,2606250,16514,6045,-22559,0,22066,8077,-30143,0,0,0,0,1,0
5006,2606770,12975,10329,-23304,0,17337,13802,-31140,0,0,0,0,1,0
5007,2607291,8937,14216,-23153,0,11942,18997,-30940,0,0,0,0,1,0
5008,2607812,4556,17557,-22112,0,6088,23462,-29551,0,0,0,0,1,0
5009,2608333,0,20222,-20222,0,0,27026,-27026,0,0,0,0,1,0
5010,2608854,-4555,22111,-17555,0,-6088,29551,-23462,0,0,0,0,1,0
5011,2609375,-8935,23149,-14214,0,-11942,30940,-18997,0,0,0,0,1,0
5012,2609895,-12971,23298,-10327,0,-17337,31140,-13802,0,0,0,0,1,0
5013,2610416,-16509,22552,-6043,0,-22066,30143,-8077,0,0,0,0,1,0
5014,2610937,-19412,20939,-1527,0,-25947,27988,-2041,0,0,0,0,1,0
5015,2611458,-21568,18521,3047,0,-28831,24758,4073,0,0,0,0,1,0
5016,2611979,-22896,15392,7504,0,-30607,20576,10031,0,0,0,0,1,0
5017,2612500,-23343,11672,11672,0,-31207,15603,15603,0,0,0,0,1,0
5018,2613020,-22894,7503,15391,0,-30607,10031,20576,0,0,0,0,1,0
5019,2613541,-21565,3047,18518,0,-28831,4073,24758,0,0,0,0,1,0
5020,2614062,-19407,-1527,20933,0,-25947,-2041,27988,0,0,0,0,1,0
5021,2614583,-16504,-6041,22544,0,-22066,-8077,30143,0,0,0,0,1,0
5022,2615104,-12966,-10322,23289,0,-17337,-13802,31140,0,0,0,0,1,0
5023,2615625,-8931,-14207,23138,0,-11942,-18997,30940,0,0,0,0,1,0
5024,2616145,-4553,-17546,22098,0,-6088,-23462,29551,0,0,0,0,1,0
5025,2616666,0,-20209,20209,0,0,-27026,27026,0,0,0,0,1,0
5026,2617187,4552,-22097,17544,0,6088,-29551,23462,0,0,0,0,1,0
5027,2617708,8930,-23134,14205,0,11942,-30940,18997,0,0,0,0,1,0
5028,2618229,12963,-23283,10320,0,17337,-31140,13802,0,0,0,0,1,0
5029,2618750,16498,-22537,6039,0,22066,-30143,8077,0,0,0,0,1,0
5030,2619270,19399,-20925,1526,0,25947,-27988,2041,0,0,0,0,1,0
5031,2619791,21554,-18509,-3045,0,28831,-24758,-4073,0,0,0,0,1,0
5032,2620312,22881,-15382,-7499,0,30607,-20576,-10031,0,0,0,0,1,0
5033,2620833,23328,-11664,-11664,0,31207,-15603,-15603,0,0,0,0,1,0
5034,2621354,22879,-7498,-15381,0,30607,-10031,-20576,0,0,0,0,1,0
5035,2621875,21551,-3045,-18506,0,28831,-4073,-24758,0,0,0,0,1,0
5036,2622395,19395,1526,-20920,0,25947,2041,-27988,0,0,0,0,1,0
5037,2622916,16493,6037,-22530,0,22066,8077,-30143,0,0,0,0,1,0
5038,2623437,12958,10316,-23274,0,17337,13802,-31140,0,0,0,0,1,0
5039,2623958,8925,14198,-23123,0,11942,18997,-30940,0,0,0,0,1,0
5040,2624479,4550,17534,-22084,0,6088,23462,-29551,0,0,0,0,1,0
5041,2625000,0,20197,-20197,0,0,27026,-27026,0,0,0,0,1,0
5042,2625520,-4550,22082,-17533,0,-6088,29551,-23462,0,0,0,0,1,0
5043,2626041,-8924,23120,-14196,0,-11942,30940,-18997,0,0,0,0,1,0
5044,2626562,-12955,23268,-10313,0,-17337,31140,-13802,0,0,0,0,1,0
5045,2627083,-16488,22523,-6035,0,-22066,30143,-8077,0,0,0,0,1,0
5046,2627604,-19387,20912,-1525,0,-25947,27988,-2041,0,0,0,0,1,0
5047,2628125,-21541,18497,3043,0,-28831,24758,4073,0,0,0,0,1,0
5048,2628645,-22866,15372,7494,0,-30607,20576,10031,0,0,0,0,1,0
5049,2629166,-23314,11657,11657,0,-31207,15603,15603,0,0,0,0,1,0
5050,2629687,-22865,7494,15371,0,-30607,10031,20576,0,0,0,0,1,0
5051,2630208,-21537,3043,18494,0,-28831,4073,24758,0,0,0,0,1,0
5052,2630729,-19382,-1525,20907,0,-25947,-2041,27988,0,0,0,0,1,0
5053,2631250,-16483,-6033,22516,0,-22066,-8077,30143,0,0,0,0,1,0
5054,2631770,-12950,-10309,23259,0,-17337,-13802,31140,0,0,0,0,1,0
5055,2632291,-8920,-14189,23109,0,-11942,-18997,30940,0,0,0,0,1,0
5056,2632812,-4547,-17523,22070,0,-6088,-23462,29551,0,0,0,0,1,0
5057,2633333,0,-20184,20184,0,0,-27026,27026,0,0,0,0,1,0
5058,2633854,4547,-22068,17522,0,6088,-29551,23462,0,0,0,0,1,0
5059,2634375,8918,-23105,14187,0,11942,-30940,18997,0,0,0,0,1,0
5060,2634895,12947,-23253,10307,0,17337,-31140,13802,0,0,0,0,1,0
5061,2635416,16477,-22508,6031,0,22066,-30143,8077,0,0,0,0,1,0
5062,2635937,19374,-20898,1524,0,25947,-27988,2041,0,0,0,0,1,0
5063,2636458,21527,-18486,-3041,0,28831,-24758,-4073,0,0,0,0,1,0
5064,2636979,22852,-15362,-7489,0,30607,-20576,-10031,0,0,0,0,1,0
5065,2637500,23299,-11649,-11649,0,31207,-15603,-15603,0,0,0,0,1,0
5066,2638020,22850,-7489,-15361,0,30607,-10031,-20576,0,0,0,0,1,0
5067,2638541,21523,-3041,-18483,0,28831,-4073,-24758,0,0,0,0,1,0
5068,2639062,19370,1524,-20893,0,25947,2041,-27988,0,0,0,0,1,0
5069,2639583,16472,6029,-22501,0,22066,8077,-30143,0,0,0,0,1,0
5070,2640104,12941,10303,-23244,0,17337,13802,-31140,0,0,0,0,1,0
5071,2640625,8914,14180,-23094,0,11942,18997,-30940,0,0,0,0,1,0
5072,2641145,4544,17512,-22056,0,6088,23462,-29551,0,0,0,0,1,0
5073,2641666,0,20171,-20171,0,0,27026,-27026,0,0,0,0,1,0
5074,2642187,-4544,22054,-17511,0,-6088,29551,-23462,0,0,0,0,1,0
5075,2642708,-8912,23090,-14178,0,-11942,30940,-18997,0,0,0,0,1,0
5076,2643229,-12938,23239,-10300,0,-17337,31140,-13802,0,0,0,0,1,0
5077,2643750,-16467,22494,-6027,0,-22066,30143,-8077,0,0,0,0,1,0
5078,2644270,-19362,20885,-1523,0,-25947,27988,-2041,0,0,0,0,1,0
5079,2644791,-21513,18474,3039,0,-28831,24758,4073,0,0,0,0,1,0
5080,2645312,-22837,15353,7485,0,-30607,20576,10031,0,0,0,0,1,0
5081,2645833,-23284,11642,11642,0,-31207,15603,15603,0,0,0,0,1,0
5082,2646354,-22836,7484,15352,0,-30607,10031,20576,0,0,0,0,1,0
5083,2646875,-21510,3039,18471,0,-28831,4073,24758,0,0,0,0,1,0
5084,2647395,-19358,-1523,20880,0,-25947,-2041,27988,0,0,0,0,1,0
5085,2647916,-16462,-6025,22487,0,-22066,-8077,30143,0,0,0,0,1,0
5086,2648437,-12933,-10296,23229,0,-17337,-13802,31140,0,0,0,0,1,0
5087,2648958,-8908,-14171,23079,0,-11942,-18997,30940,0,0,0,0,1,0
5088,2649479,-4541,-17501,22042,0,-6088,-23462,29551,0,0,0,0,1,0
5089,2650000,0,-20158,20158,0,0,-27026,27026,0,0,0,0,1,0
5090,2650520,4541,-22040,17500,0,6088,-29551,23462,0,0,0,0,1,0
5091,2651041,8907,-23076,14169,0,11942,-30940,18997,0,0,0,0,1,0
5092,2651562,12930,-23224,10294,0,17337,-31140,13802,0,0,0,0,1,0
5093,2652083,16456,-22480,6023,0,22066,-30143,8077,0,0,0,0,1,0
5094,2652604,19350,-20872,1522,0,25947,-27988,2041,0,0,0,0,1,0
5095,2653125,21500,-18462,-3037,0,28831,-24758,-4073,0,0,0,0,1,0
5096,2653645,22823,-15343,-7480,0,30607,-20576,-10031,0,0,0,0,1,0
5097,2654166,23269,-11635,-11635,0,31207,-15603,-15603,0,0,0,0,1,0
5098,2654687,22821,-7479,-15342,0,30607,-10031,-20576,0,0,0,0,1,0
5099,2655208,21496,-3037,-18459,0,28831,-4073,-24758,0,0,0,0,1,0
5100,2655729,19345,1522,-20867,0,25947,2041,-27988,0,0,0,0,1,0
5101,2656250,16451,6022,-22473,0,22066,8077,-30143,0,0,0,0,1,0
5102,2656770,12925,10290,-23215,0,17337,13802,-31140,0,0,0,0,1,0
5103,2657291,8903,14162,-23065,0,11942,18997,-30940,0,0,0,0,1,0
5104,2657812,4538,17490,-22028,0,6088,23462,-29551,0,0,0,0,1,0
5105,2658333,0,20145,-20145,0,0,27026,-27026,0,0,0,0,1,0
5106,2658854,-4538,22026,-17488,0,-6088,29551,-23462,0,0,0,0,1,0
5107,2659375,-8901,23061,-14160,0,-11942,30940,-18997,0,0,0,0,1,0
5108,2659895,-12922,23209,-10287,0,-17337,31140,-13802,0,0,0,0,1,0
5109,2660416,-16446,22466,-6020,0,-22066,30143,-8077,0,0,0,0,1,0
5110,2660937,-19338,20859,-1521,0,-25947,27988,-2041,0,0,0,0,1,0
5111,2661458,-21486,18450,3036,0,-28831,24758,4073,0,0,0,0,1,0
5112,2661979,-22809,15333,7475,0,-30607,20576,10031,0,0,0,0,1,0
5113,2662500,-23255,11627,11627,0,-31207,15603,15603,0,0,0,0,1,0
5114,2663020,-22807,7475,15332,0,-30607,10031,20576,0,0,0,0,1,0
5115,2663541,-21483,3035,18448,0,-28831,4073,24758,0,0,0,0,1,0
5116,2664062,-19333,-1521,20854,0,-25947,-2041,27988,0,0,0,0,1,0
5117,2664583,-16441,-6018,22459,0,-22066,-8077,30143,0,0,0,0,1,0
5118,2665104,-12917,-10283,23200,0,-17337,-13802,31140,0,0,0,0,1,0
5119,2665625,-8897,-14153,23050,0,-11942,-18997,30940,0,0,0,0,1,0
5120,2666145,-4535,-17479,22014,0,-6088,-23462,29551,0,0,0,0,1,0
5121,2666666,0,-20133,20133,0,0,-27026,27026,0,0,0,0,1,0
5122,2667187,4535,-22013,17477,0,6088,-29551,23462,0,0,0,0,1,0
5123,2667708,8896,-23046,14151,0,11942,-30940,18997,0,0,0,0,1,0
5124,2668229,12914,-23195,10281,0,17337,-31140,13802,0,0,0,0,1,0
5125,2668750,16436,-22452,6016,0,22066,-30143,8077,0,0,0,0,1,0
5126,2669270,19326,-20846,1520,0,25947,-27988,2041,0,0,0,0,1,0
5127,2669791,21473,-18439,-3034,0,28831,-24758,-4073,0,0,0,0,1,0
5128,2670312,22794,-15324,-7471,0,30607,-20576,-10031,0,0,0,0,1,0
5129,2670833,23240,-11620,-11620,0,31207,-15603,-15603,0,0,0,0,1,0
5130,2671354,22792,-7470,-15323,0,30607,-10031,-20576,0,0,0,0,1,0
5131,2671875,21469,-3033,-18436,0,28831,-4073,-24758,0,0,0,0,1,0
5132,2672395,19321,1520,-20841,0,25947,2041,-27988,0,0,0,0,1,0
5133,2672916,16431,6014,-22444,0,22066,8077,-30143,0,0,0,0,1,0
5134,2673437,12909,10277,-23186,0,17337,13802,-31140,0,0,0,0,1,0
5135,2673958,8891,14144,-23036,0,11942,18997,-30940,0,0,0,0,1,0
5136,2674479,4533,17468,-22001,0,6088,23462,-29551,0,0,0,0,1,0
5137,2675000,0,20120,-20120,0,0,27026,-27026,0,0,0,0,1,0
5138,2675520,-4532,21999,-17467,0,-6088,29551,-23462,0,0,0,0,1,0
5139,2676041,-8890,23032,-14142,0,-11942,30940,-18997,0,0,0,0,1,0
5140,2676562,-12906,23180,-10274,0,-17337,31140,-13802,0,0,0,0,1,0
5141,2677083,-16425,22437,-6012,0,-22066,30143,-8077,0,0,0,0,1,0
5142,2677604,-19313,20833,-1519,0,-25947,27988,-2041,0,0,0,0,1,0
5143,2678125,-21459,18427,3032,0,-28831,24758,4073,0,0,0,0,1,0
5144,2678645,-22780,15314,7466,0,-30607,20576,10031,0,0,0,0,1,0
5145,2679166,-23225,11613,11613,0,-31207,15603,15603,0,0,0,0,1,0
5146,2679687,-22778,7465,15313,0,-30607,10031,20576,0,0,0,0,1,0
5147,2680208,-21456,3031,18424,0,-28831,4073,24758,0,0,0,0,1,0
5148,2680729,-19309,-1519,20828,0,-25947,-2041,27988,0,0,0,0,1,0
5149,2681250,-16420,-6010,22430,0,-22066,-8077,30143,0,0,0,0,1,0
5150,2681770,-12901,-10270,23171,0,-17337,-13802,31140,0,0,0,0,1,0
5151,2682291,-8886,-14135,23021,0,-11942,-18997,30940,0,0,0,0,1,0
5152,2682812,-4530,-17457,21987,0,-6088,-23462,29551,0,0,0,0,1,0
5153,2683333,0,-20107,20107,0,0,-27026,27026,0,0,0,0,1,0
5154,2683854,4529,-21985,17456,0,6088,-29551,23462,0,0,0,0,1,0
5155,2684375,8884,-23018,14133,0,11942,-30940,18997,0,0,0,0,1,0
5156,2684895,12898,-23166,10268,0,17337,-31140,13802,0,0,0,0,1,0
5157,2685416,16415,-22423,6008,0,22066,-30143,8077,0,0,0,0,1,0
5158,2685937,19301,-20820,1518,0,25947,-27988,2041,0,0,0,0,1,0
5159,2686458,21446,-18416,-3030,0,28831,-24758,-4073,0,0,0,0,1,0
5160,2686979,22766,-15305,-7461,0,30607,-20576,-10031,0,0,0,0,1,0
5161,2687500,23211,-11605,-11605,0,31207,-15603,-15603,0,0,0,0,1,0
5162,2688020,22764,-7461,-15303,0,30607,-10031,-20576,0,0,0,0,1,0
5163,2688541,21442,-3029,-18413,0,28831,-4073,-24758,0,0,0,0,1,0
5164,2689062,19297,1518,-20815,0,25947,2041,-27988,0,0,0,0,1,0
5165,2689583,16410,6006,-22416,0,22066,8077,-30143,0,0,0,0,1,0
5166,2690104,12893,10264,-23157,0,17337,13802,-31140,0,0,0,0,1,0
5167,2690625,8880,14127,-23007,0,11942,18997,-30940,0,0,0,0,1,0
5168,2691145,4527,17446,-21973,0,6088,23462,-29551,0,0,0,0,1,0
5169,2691666,0,20095,-20095,0,0,27026,-27026,0,0,0,0,1,0
5170,2692187,-4527,21971,-17445,0,-6088,29551,-23462,0,0,0,0,1,0
5171,2692708,-8879,23003,-14124,0,-11942,30940,-18997,0,0,0,0,1,0
5172,2693229,-12890,23151,-10261,0,-17337,31140,-13802,0,0,0,0,1,0
5173,2693750,-16405,22409,-6005,0,-22066,30143,-8077,0,0,0,0,1,0
5174,2694270,-19289,20807,-1517,0,-25947,27988,-2041,0,0,0,0,1,0
5175,2694791,-21432,18404,3028,0,-28831,24758,4073,0,0,0,0,1,0
5176,2695312,-22752,15295,7457,0,-30607,20576,10031,0,0,0,0,1,0
5177,2695833,-23196,11598,11598,0,-31207,15603,15603,0,0,0,0,1,0
5178,2696354,-22750,7456,15294,0,-30607,10031,20576,0,0,0,0,1,0
5179,2696875,-21429,3027,18401,0,-28831,4073,24758,0,0,0,0,1,0
5180,2697395,-19285,-1517,20802,0,-25947,-2041,27988,0,0,0,0,1,0
5181,2697916,-16400,-6003,22402,0,-22066,-8077,30143,0,0,0,0,1,0
5182,2698437,-12885,-10257,23142,0,-17337,-13802,31140,0,0,0,0,1,0
5183,2698958,-8875,-14118,22993,0,-11942,-18997,30940,0,0,0,0,1,0
5184,2699479,-4524,-17435,21959,0,-6088,-23462,29551,0,0,0,0,1,0
5185,2700000,0,-20082,20082,0,0,-27026,27026,0,0,0,0,1,0
5186,2700520,4524,-21958,17434,0,6088,-29551,23462,0,0,0,0,1,0
5187,2701041,8873,-22989,14116,0,11942,-30940,18997,0,0,0,0,1,0
5188,2701562,12882,-23137,10255,0,17337,-31140,13802,0,0,0,0,1,0
5189,2702083,16395,-22396,6001,0,22066,-30143,8077,0,0,0,0,1,0
5190,2702604,19277,-20794,1516,0,25947,-27988,2041,0,0,0,0,1,0
5191,2703125,21419,-18393,-3026,0,28831,-24758,-4073,0,0,0,0,1,0
5192,2703645,22737,-15286,-7452,0,30607,-20576,-10031,0,0,0,0,1,0
5193,2704166,23182,-11591,-11591,0,31207,-15603,-15603,0,0,0,0,1,0
5194,2704687,22736,-7451,-15284,0,30607,-10031,-20576,0,0,0,0,1,0
5195,2705208,21416,-3026,-18390,0,28831,-4073,-24758,0,0,0,0,1,0
5196,2705729,19273,1516,-20789,0,25947,2041,-27988,0,0,0,0,1,0
5197,2706250,16390,5999,-22389,0,22066,8077,-30143,0,0,0,0,1,0
5198,2706770,12877,10251,-23128,0,17337,13802,-31140,0,0,0,0,1,0
5199,2707291,8869,14109,-22978,0,11942,18997,-30940,0,0,0,0,1,0
5200,2707812,4521,17424,-21946,0,6088,23462,-29551,0,0,0,0,1,0
5201,2708333,0,20070,-20070,0,0,27026,-27026,0,0,0,0,1,0
5202,2708854,-4521,21944,-17423,0,-6088,29551,-23462,0,0,0,0,1,0
5203,2709375,-8868,22975,-14107,0,-11942,30940,-18997,0,0,0,0,1,0
5204,2709895,-12874,23122,-10249,0,-17337,31140,-13802,0,0,0,0,1,0
5205,2710416,-16384,22382,-5997,0,-22066,30143,-8077,0,0,0,0,1,0
5206,2710937,-19265,20781,-1515,0,-25947,27988,-2041,0,0,0,0,1,0
5207,2711458,-21406,18381,3024,0,-28831,24758,4073,0,0,0,0,1,0
5208,2711979,-22723,15276,7447,0,-30607,20576,10031,0,0,0,0,1,0
5209,2712500,-23168,11584,11584,0,-31207,15603,15603,0,0,0,0,1,0
5210,2713020,-22722,7447,15275,0,-30607,10031,20576,0,0,0,0,1,0
5211,2713541,-21402,3024,18379,0,-28831,4073,24758,0,0,0,0,1,0
5212,2714062,-19261,-1515,20776,0,-25947,-2041,27988,0,0,0,0,1,0
5213,2714583,-16379,-5995,22375,0,-22066,-8077,30143,0,0,0,0,1,0
5214,2715104,-12869,-10245,23114,0,-17337,-13802,31140,0,0,0,0,1,0
5215,2715625,-8864,-14100,22964,0,-11942,-18997,30940,0,0,0,0,1,0
5216,2716145,-4519,-17414,21932,0,-6088,-23462,29551,0,0,0,0,1,0
5217,2716666,0,-20058,20058,0,0,-27026,27026,0,0,0,0,1,0
5218,2717187,4518,-21930,17412,0,6088,-29551,23462,0,0,0,0,1,0
5219,2717708,8862,-22961,14098,0,11942,-30940,18997,0,0,0,0,1,0
5220,2718229,12866,-23108,10242,0,17337,-31140,13802,0,0,0,0,1,0
5221,2718750,16374,-22368,5993,0,22066,-30143,8077,0,0,0,0,1,0
5222,2719270,19253,-20768,1514,0,25947,-27988,2041,0,0,0,0,1,0
5223,2719791,21392,-18370,-3022,0,28831,-24758,-4073,0,0,0,0,1,0
5224,2720312,22709,-15267,-7443,0,30607,-20576,-10031,0,0,0,0,1,0
5225,2720833,23153,-11577,-11577,0,31207,-15603,-15603,0,0,0,0,1,0
5226,2721354,22708,-7442,-15265,0,30607,-10031,-20576,0,0,0,0,1,0
5227,2721875,21389,-3022,-18367,0,28831,-4073,-24758,0,0,0,0,1,0
5228,2722395,19249,1514,-20763,0,25947,2041,-27988,0,0,0,0,1,0
5229,2722916,16369,5992,-22361,0,22066,8077,-30143,0,0,0,0,1,0
5230,2723437,12861,10238,-23099,0,17337,13802,-31140,0,0,0,0,1,0
5231,2723958,8858,14092,-22950,0,11942,18997,-30940,0,0,0,0,1,0
5232,2724479,4516,17403,-21919,0,6088,23462,-29551,0,0,0,0,1,0
5233,2725000,0,20045,-20045,0,0,27026,-27026,0,0,0,0,1,0
5234,2725520,-4515,21917,-17402,0,-6088,29551,-23462,0,0,0,0,1,0
5235,2726041,-8857,22946,-14089,0,-11942,30940,-18997,0,0,0,0,1,0
5236,2726562,-12858,23094,-10236,0,-17337,31140,-13802,0,0,0,0,1,0
5237,2727083,-16364,22354,-5990,0,-22066,30143,-8077,0,0,0,0,1,0
5238,2727604,-19242,20755,-1514,0,-25947,27988,-2041,0,0,0,0,1,0
5239,2728125,-21379,18359,3020,0,-28831,24758,4073,0,0,0,0,1,0
5240,2728645,-22695,15257,7438,0,-30607,20576,10031,0,0,0,0,1,0
5241,2729166,-23139,11570,11570,0,-31207,15603,15603,0,0,0,0,1,0
5242,2729687,-22694,7438,15256,0,-30607,10031,20576,0,0,0,0,1,0
5243,2730208,-21376,3020,18356,0,-28831,4073,24758,0,0,0,0,1,0
5244,2730729,-19237,-1513,20750,0,-25947,-2041,27988,0,0,0,0,1,0
5245,2731250,-16359,-5988,22347,0,-22066,-8077,30143,0,0,0,0,1,0
5246,2731770,-12853,-10232,23085,0,-17337,-13802,31140,0,0,0,0,1,0
5247,2732291,-8853,-14083,22936,0,-11942,-18997,30940,0,0,0,0,1,0
5248,2732812,-4513,-17392,21905,0,-6088,-23462,29551,0,0,0,0,1,0
5249,2733333,0,-20033,20033,0,0,-27026,27026,0,0,0,0,1,0
5250,2733854,4513,-21903,17391,0,6088,-29551,23462,0,0,0,0,1,0
5251,2734375,8852,-22932,14081,0,11942,-30940,18997,0,0,0,0,1,0
5252,2734895,12850,-23080,10230,0,17337,-31140,13802,0,0,0,0,1,0
5253,2735416,16354,-22340,5986,0,22066,-30143,8077,0,0,0,0,1,0
5254,2735937,19230,-20742,1513,0,25947,-27988,2041,0,0,0,0,1,0
5255,2736458,21366,-18348,-3019,0,28831,-24758,-4073,0,0,0,0,1,0
5256,2736979,22681,-15248,-7434,0,30607,-20576,-10031,0,0,0,0,1,0
5257,2737500,23125,-11562,-11562,0,31207,-15603,-15603,0,0,0,0,1,0
5258,2738020,22680,-7433,-15247,0,30607,-10031,-20576,0,0,0,0,1,0
5259,2738541,21363,-3018,-18345,0,28831,-4073,-24758,0,0,0,0,1,0
5260,2739062,19225,1512,-20738,0,25947,2041,-27988,0,0,0,0,1,0
5261,2739583,16349,5984,-22333,0,22066,8077,-30143,0,0,0,0,1,0
5262,2740104,12845,10226,-23071,0,17337,13802,-31140,0,0,0,0,1,0
5263,2740625,8847,14074,-22922,0,11942,18997,-30940,0,0,0,0,1,0
5264,2741145,4510,17381,-21892,0,6088,23462,-29551,0,0,0,0,1,0
5265,2741666,0,20021,-20021,0,0,27026,-27026,0,0,0,0,1,0
5266,2742187,-4510,21890,-17380,0,-6088,29551,-23462,0,0,0,0,1,0
5267,2742708,-8846,22918,-14072,0,-11942,30940,-18997,0,0,0,0,1,0
5268,2743229,-12842,23066,-10224,0,-17337,31140,-13802,0,0,0,0,1,0
5269,2743750,-16344,22327,-5982,0,-22066,30143,-8077,0,0,0,0,1,0
5270,2744270,-19218,20730,-1512,0,-25947,27988,-2041,0,0,0,0,1,0
5271,2744791,-21353,18336,3017,0,-28831,24758,4073,0,0,0,0,1,0
5272,2745312,-22667,15238,7429,0,-30607,20576,10031,0,0,0,0,1,0
5273,2745833,-23111,11555,11555,0,-31207,15603,15603,0,0,0,0,1,0
5274,2746354,-22666,7428,15237,0,-30607,10031,20576,0,0,0,0,1,0
5275,2746875,-21350,3016,18334,0,-28831,4073,24758,0,0,0,0,1,0
5276,2747395,-19214,-1511,20725,0,-25947,-2041,27988,0,0,0,0,1,0
5277,2747916,-16339,-5981,22320,0,-22066,-8077,30143,0,0,0,0,1,0
5278,2748437,-12837,-10220,23057,0,-17337,-13802,31140,0,0,0,0,1,0
5279,2748958,-8842,-14066,22908,0,-11942,-18997,30940,0,0,0,0,1,0
5280,2749479,-4507,-17371,21878,0,-6088,-23462,29551,0,0,0,0,1,0
5281,2750000,0,-20008,20008,0,0,-27026,27026,0,0,0,0,1,0
5282,2750520,4507,-21877,17370,0,6088,-29551,23462,0,0,0,0,1,0
5283,2751041,8841,-22904,14064,0,11942,-30940,18997,0,0,0,0,1,0
5284,2751562,12834,-23051,10217,0,17337,-31140,13802,0,0,0,0,1,0
5285,2752083,16334,-22313,5979,0,22066,-30143,8077,0,0,0,0,1,0
5286,2752604,19206,-20717,1511,0,25947,-27988,2041,0,0,0,0,1,0
5287,2753125,21340,-18325,-3015,0,28831,-24758,-4073,0,0,0,0,1,0
5288,2753645,22654,-15229,-7424,0,30607,-20576,-10031,0,0,0,0,1,0
5289,2754166,23097,-11548,-11548,0,31207,-15603,-15603,0,0,0,0,1,0
5290,2754687,22652,-7424,-15228,0,30607,-10031,-20576,0,0,0,0,1,0
5291,2755208,21337,-3014,-18322,0,28831,-4073,-24758,0,0,0,0,1,0
5292,2755729,19202,1510,-20712,0,25947,2041,-27988,0,0,0,0,1,0
5293,2756250,16329,5977,-22306,0,22066,8077,-30143,0,0,0,0,1,0
5294,2756770,12829,10213,-23043,0,17337,13802,-31140,0,0,0,0,1,0
5295,2757291,8837,14057,-22894,0,11942,18997,-30940,0,0,0,0,1,0
5296,2757812,4505,17360,-21865,0,6088,23462,-29551,0,0,0,0,1,0
5297,2758333,0,19996,-19996,0,0,27026,-27026,0,0,0,0,1,0
5298,2758854,-4504,21863,-17359,0,-6088,29551,-23462,0,0,0,0,1,0
5299,2759375,-8835,22890,-14055,0,-11942,30940,-18997,0,0,0,0,1,0
5300,2759895,-12826,23037,-10211,0,-17337,31140,-13802,0,0,0,0,1,0
5301,2760416,-16324,22299,-5975,0,-22066,30143,-8077,0,0,0,0,1,0
5302,2760937,-19195,20704,-1510,0,-25947,27988,-2041,0,0,0,0,1,0
5303,2761458,-21327,18314,3013,0,-28831,24758,4073,0,0,0,0,1,0
5304,2761979,-22640,15220,7420,0,-30607,20576,10031,0,0,0,0,1,0
5305,2762500,-23082,11541,11541,0,-31207,15603,15603,0,0,0,0,1,0
5306,2763020,-22638,7419,15219,0,-30607,10031,20576,0,0,0,0,1,0
5307,2763541,-21324,3013,18311,0,-28831,4073,24758,0,0,0,0,1,0
5308,2764062,-19190,-1509,20700,0,-25947,-2041,27988,0,0,0,0,1,0
5309,2764583,-16319,-5973,22293,0,-22066,-8077,30143,0,0,0,0,1,0
5310,2765104,-12822,-10207,23029,0,-17337,-13802,31140,0,0,0,0,1,0
5311,2765625,-8831,-14049,22880,0,-11942,-18997,30940,0,0,0,0,1,0
5312,2766145,-4502,-17350,21852,0,-6088,-23462,29551,0,0,0,0,1,0
5313,2766666,0,-19984,19984,0,0,-27026,27026,0,0,0,0,1,0
5314,2767187,4502,-21850,17348,0,6088,-29551,23462,0,0,0,0,1,0
5315,2767708,8830,-22876,14046,0,11942,-30940,18997,0,0,0,0,1,0
5316,2768229,12819,-23023,10205,0,17337,-31140,13802,0,0,0,0,1,0
5317,2768750,16314,-22286,5971,0,22066,-30143,8077,0,0,0,0,1,0
5318,2769270,19183,-20692,1509,0,25947,-27988,2041,0,0,0,0,1,0
5319,2769791,21314,-18303,-3011,0,28831,-24758,-4073,0,0,0,0,1,0
5320,2770312,22626,-15211,-7415,0,30607,-20576,-10031,0,0,0,0,1,0
5321,2770833,23068,-11534,-11534,0,31207,-15603,-15603,0,0,0,0,1,0
5322,2771354,22624,-7415,-15210,0,30607,-10031,-20576,0,0,0,0,1,0
5323,2771875,21311,-3011,-18300,0,28831,-4073,-24758,0,0,0,0,1,0
5324,2772395,19179,1509,-20687,0,25947,2041,-27988,0,0,0,0,1,0
5325,2772916,16309,5970,-22279,0,22066,8077,-30143,0,0,0,0,1,0
5326,2773437,12814,10201,-23015,0,17337,13802,-31140,0,0,0,0,1,0
5327,2773958,8826,14040,-22866,0,11942,18997,-30940,0,0,0,0,1,0
5328,2774479,4499,17339,-21838,0,6088,23462,-29551,0,0,0,0,1,0
5329,2775000,0,19972,-19972,0,0,27026,-27026,0,0,0,0,1,0
5330,2775520,-4499,21837,-17338,0,-6088,29551,-23462,0,0,0,0,1,0
5331,2776041,-8825,22862,-14038,0,-11942,30940,-18997,0,0,0,0,1,0
5332,2776562,-12811,23010,-10199,0,-17337,31140,-13802,0,0,0,0,1,0
5333,2777083,-16304,22272,-5968,0,-22066,30143,-8077,0,0,0,0,1,0
5334,2777604,-19171,20679,-1508,0,-25947,27988,-2041,0,0,0,0,1,0
5335,2778125,-21301,18292,3009,0,-28831,24758,4073,0,0,0,0,1,0
5336,2778645,-22612,15201,7411,0,-30607,20576,10031,0,0,0,0,1,0
5337,2779166,-23055,11527,11527,0,-31207,15603,15603,0,0,0,0,1,0
5338,2779687,-22611,7410,15200,0,-30607,10031,20576,0,0,0,0,1,0
5339,2780208,-21298,3009,18289,0,-28831,4073,24758,0,0,0,0,1,0
5340,2780729,-19167,-1508,20675,0,-25947,-2041,27988,0,0,0,0,1,0
5341,2781250,-16300,-5966,22266,0,-22066,-8077,30143,0,0,0,0,1,0
5342,2781770,-12806,-10195,23001,0,-17337,-13802,31140,0,0,0,0,1,0
5343,2782291,-8821,-14032,22852,0,-11942,-18997,30940,0,0,0,0,1,0
5344,2782812,-4497,-17329,21825,0,-6088,-23462,29551,0,0,0,0,1,0
5345,2783333,0,-19960,19960,0,0,-27026,27026,0,0,0,0,1,0
5346,2783854,4496,-21824,17327,0,6088,-29551,23462,0,0,0,0,1,0
5347,2784375,8819,-22849,14029,0,11942,-30940,18997,0,0,0,0,1,0
5348,2784895,12803,-22996,10193,0,17337,-31140,13802,0,0,0,0,1,0
5349,2785416,16295,-22259,5964,0,22066,-30143,8077,0,0,0,0,1,0
5350,2785937,19160,-20667,1507,0,25947,-27988,2041,0,0,0,0,1,0
5351,2786458,21288,-18281,-3008,0,28831,-24758,-4073,0,0,0,0,1,0
5352,2786979,22599,-15192,-7406,0,30607,-20576,-10031,0,0,0,0,1,0
5353,2787500,23041,-11520,-11520,0,31207,-15603,-15603,0,0,0,0,1,0
5354,2788020,22597,-7406,-15191,0,30607,-10031,-20576,0,0,0,0,1,0
5355,2788541,21285,-3007,-18278,0,28831,-4073,-24758,0,0,0,0,1,0
5356,2789062,19155,1507,-20662,0,25947,2041,-27988,0,0,0,0,1,0
5357,2789583,16290,5962,-22252,0,22066,8077,-30143,0,0,0,0,1,0
5358,2790104,12798,10189,-22987,0,17337,13802,-31140,0,0,0,0,1,0
5359,2790625,8815,14023,-22838,0,11942,18997,-30940,0,0,0,0,1,0
5360,2791145,4494,17318,-21812,0,6088,23462,-29551,0,0,0,0,1,0
5361,2791666,0,19948,-19948,0,0,27026,-27026,0,0,0,0,1,0
5362,2792187,-4493,21810,-17317,0,-6088,29551,-23462,0,0,0,0,1,0
5363,2792708,-8814,22835,-14021,0,-11942,30940,-18997,0,0,0,0,1,0
5364,2793229,-12795,22982,-10186,0,-17337,31140,-13802,0,0,0,0,1,0
5365,2793750,-16285,22245,-5961,0,-22066,30143,-8077,0,0,0,0,1,0
5366,2794270,-19148,20654,-1506,0,-25947,27988,-2041,0,0,0,0,1,0
5367,2794791,-21276,18270,3006,0,-28831,24758,4073,0,0,0,0,1,0
5368,2795312,-22585,15183,7402,0,-30607,20576,10031,0,0,0,0,1,0
5369,2795833,-23027,11513,11513,0,-31207,15603,15603,0,0,0,0,1,0
5370,2796354,-22583,7401,15182,0,-30607,10031,20576,0,0,0,0,1,0
5371,2796875,-21272,3005,18267,0,-28831,4073,24758,0,0,0,0,1,0
5372,2797395,-19144,-1506,20650,0,-25947,-2041,27988,0,0,0,0,1,0
5373,2797916,-16280,-5959,22239,0,-22066,-8077,30143,0,0,0,0,1,0
5374,2798437,-12791,-10183,22973,0,-17337,-13802,31140,0,0,0,0,1,0
5375,2798958,-8810,-14015,22825,0,-11942,-18997,30940,0,0,0,0,1,0
5376,2799479,-4491,-17308,21799,0,-6088,-23462,29551,0,0,0,0,1,0
5377,2800000,0,-19936,19936,0,0,-27026,27026,0,0,0,0,1,0
5378,2800520,4491,-21797,17307,0,6088,-29551,23462,0,0,0,0,1,0
5379,2801041,8809,-22821,14013,0,11942,-30940,18997,0,0,0,0,1,0
5380,2801562,12788,-22968,10180,0,17337,-31140,13802,0,0,0,0,1,0
5381,2802083,16275,-22232,5957,0,22066,-30143,8077,0,0,0,0,1,0
5382,2802604,19137,-20642,1505,0,25947,-27988,2041,0,0,0,0,1,0
5383,2803125,21263,-18259,-3004,0,28831,-24758,-4073,0,0,0,0,1,0
5384,2803645,22572,-15174,-7398,0,30607,-20576,-10031,0,0,0,0,1,0
5385,2804166,23013,-11506,-11506,0,31207,-15603,-15603,0,0,0,0,1,0
5386,2804687,22570,-7397,-15173,0,30607,-10031,-20576,0,0,0,0,1,0
5387,2805208,21260,-3004,-18256,0,28831,-4073,-24758,0,0,0,0,1,0
5388,2805729,19132,1505,-20637,0,25947,2041,-27988,0,0,0,0,1,0
5389,2806250,16270,5955,-22225,0,22066,8077,-30143,0,0,0,0,1,0
5390,2806770,12783,10176,-22959,0,17337,13802,-31140,0,0,0,0,1,0
5391,2807291,8805,14006,-22811,0,11942,18997,-30940,0,0,0,0,1,0
5392,2807812,4488,17298,-21786,0,6088,23462,-29551,0,0,0,0,1,0
5393,2808333,0,19924,-19924,0,0,27026,-27026,0,0,0,0,1,0
5394,2808854,-4488,21784,-17296,0,-6088,29551,-23462,0,0,0,0,1,0
5395,2809375,-8803,22808,-14004,0,-11942,30940,-18997,0,0,0,0,1,0
5396,2809895,-12780,22954,-10174,0,-17337,31140,-13802,0,0,0,0,1,0
5397,2810416,-16265,22219,-5954,0,-22066,30143,-8077,0,0,0,0,1,0
5398,2810937,-19125,20630,-1504,0,-25947,27988,-2041,0,0,0,0,1,0
5399,2811458,-21250,18248,3002,0,-28831,24758,4073,0,0,0,0,1,0
5400,2811979,-22558,15165,7393,0,-30607,20576,10031,0,0,0,0,1,0
5401,2812500,-22999,11500,11500,0,-31207,15603,15603,0,0,0,0,1,0
5402,2813020,-22556,7393,15164,0,-30607,10031,20576,0,0,0,0,1,0
5403,2813541,-21247,3002,18245,0,-28831,4073,24758,0,0,0,0,1,0
5404,2814062,-19121,-1504,20625,0,-25947,-2041,27988,0,0,0,0,1,0
5405,2814583,-16260,-5952,22212,0,-22066,-8077,30143,0,0,0,0,1,0
5406,2815104,-12775,-10170,22946,0,-17337,-13802,31140,0,0,0,0,1,0
5407,2815625,-8799,-13998,22797,0,-11942,-18997,30940,0,0,0,0,1,0
5408,2816145,-4486,-17287,21773,0,-6088,-23462,29551,0,0,0,0,1,0
5409,2816666,0,-19912,19912,0,0,-27026,27026,0,0,0,0,1,0
5410,2817187,4485,-21771,17286,0,6088,-29551,23462,0,0,0,0,1,0
5411,2817708,8798,-22794,13996,0,11942,-30940,18997,0,0,0,0,1,0
5412,2818229,12772,-22941,10168,0,17337,-31140,13802,0,0,0,0,1,0
5413,2818750,16256,-22206,5950,0,22066,-30143,8077,0,0,0,0,1,0
5414,2819270,19114,-20617,1503,0,25947,-27988,2041,0,0,0,0,1,0
5415,2819791,21237,-18237,-3000,0,28831,-24758,-4073,0,0,0,0,1,0
5416,2820312,22545,-15156,-7389,0,30607,-20576,-10031,0,0,0,0,1,0
5417,2820833,22985,-11493,-11493,0,31207,-15603,-15603,0,0,0,0,1,0
5418,2821354,22543,-7388,-15155,0,30607,-10031,-20576,0,0,0,0,1,0
5419,2821875,21234,-3000,-18234,0,28831,-4073,-24758,0,0,0,0,1,0
5420,2822395,19110,1503,-20613,0,25947,2041,-27988,0,0,0,0,1,0
5421,2822916,16251,5948,-22199,0,22066,8077,-30143,0,0,0,0,1,0
5422,2823437,12768,10164,-22932,0,17337,13802,-31140,0,0,0,0,1,0
5423,2823958,8794,13990,-22784,0,11942,18997,-30940,0,0,0,0,1,0
5424,2824479,4483,17277,-21760,0,6088,23462,-29551,0,0,0,0,1,0
5425,2825000,0,19900,-19900,0,0,27026,-27026,0,0,0,0,1,0
5426,2825520,-4483,21758,-17276,0,-6088,29551,-23462,0,0,0,0,1,0
5427,2826041,-8793,22780,-13987,0,-11942,30940,-18997,0,0,0,0,1,0
5428,2826562,-12765,22927,-10162,0,-17337,31140,-13802,0,0,0,0,1,0
5429,2827083,-16246,22192,-5946,0,-22066,30143,-8077,0,0,0,0,1,0
5430,2827604,-19103,20605,-1503,0,-25947,27988,-2041,0,0,0,0,1,0
5431,2828125,-21225,18226,2999,0,-28831,24758,4073,0,0,0,0,1,0
5432,2828645,-22531,15147,7384,0,-30607,20576,10031,0,0,0,0,1,0
5433,2829166,-22972,11486,11486,0,-31207,15603,15603,0,0,0,0,1,0
5434,2829687,-22530,7384,15146,0,-30607,10031,20576,0,0,0,0,1,0
5435,2830208,-21222,2998,18223,0,-28831,4073,24758,0,0,0,0,1,0
5436,2830729,-19098,-1502,20601,0,-25947,-2041,27988,0,0,0,0,1,0
5437,2831250,-16241,-5945,22186,0,-22066,-8077,30143,0,0,0,0,1,0
5438,2831770,-12760,-10158,22918,0,-17337,-13802,31140,0,0,0,0,1,0
5439,2832291,-8789,-13981,22770,0,-11942,-18997,30940,0,0,0,0,1,0
5440,2832812,-4480,-17267,21747,0,-6088,-23462,29551,0,0,0,0,1,0
5441,2833333,0,-19888,19888,0,0,-27026,27026,0,0,0,0,1,0
5442,2833854,4480,-21745,17265,0,6088,-29551,23462,0,0,0,0,1,0
5443,2834375,8788,-22767,13979,0,11942,-30940,18997,0,0,0,0,1,0
5444,2834895,12757,-22913,10156,0,17337,-31140,13802,0,0,0,0,1,0
5445,2835416,16236,-22179,5943,0,22066,-30143,8077,0,0,0,0,1,0
5446,2835937,19091,-20593,1502,0,25947,-27988,2041,0,0,0,0,1,0
5447,2836458,21212,-18215,-2997,0,28831,-24758,-4073,0,0,0,0,1,0
5448,2836979,22518,-15138,-7380,0,30607,-20576,-10031,0,0,0,0,1,0
5449,2837500,22958,-11479,-11479,0,31207,-15603,-15603,0,0,0,0,1,0
5450,2838020,22516,-7379,-15137,0,30607,-10031,-20576,0,0,0,0,1,0
5451,2838541,21209,-2996,-18213,0,28831,-4073,-24758,0,0,0,0,1,0
5452,2839062,19087,1501,-20588,0,25947,2041,-27988,0,0,0,0,1,0
5453,2839583,16232,5941,-22173,0,22066,8077,-30143,0,0,0,0,1,0
5454,2840104,12753,10152,-22905,0,17337,13802,-31140,0,0,0,0,1,0
5455,2840625,8784,13973,-22757,0,11942,18997,-30940,0,0,0,0,1,0
5456,2841145,4478,17256,-21734,0,6088,23462,-29551,0,0,0,0,1,0
5457,2841666,0,19877,-19877,0,0,27026,-27026,0,0,0,0,1,0
5458,2842187,-4477,21733,-17255,0,-6088,29551,-23462,0,0,0,0,1,0
5459,2842708,-8782,22753,-13971,0,-11942,30940,-18997,0,0,0,0,1,0
5460,2843229,-12750,22900,-10150,0,-17337,31140,-13802,0,0,0,0,1,0
5461,2843750,-16227,22166,-5939,0,-22066,30143,-8077,0,0,0,0,1,0
5462,2844270,-19080,20581,-1501,0,-25947,27988,-2041,0,0,0,0,1,0
5463,2844791,-21200,18205,2995,0,-28831,24758,4073,0,0,0,0,1,0
5464,2845312,-22505,15129,7376,0,-30607,20576,10031,0,0,0,0,1,0
5465,2845833,-22945,11472,11472,0,-31207,15603,15603,0,0,0,0,1,0
5466,2846354,-22503,7375,15128,0,-30607,10031,20576,0,0,0,0,1,0
5467,2846875,-21197,2995,18202,0,-28831,4073,24758,0,0,0,0,1,0
5468,2847395,-19076,-1500,20576,0,-25947,-2041,27988,0,0,0,0,1,0
5469,2847916,-16222,-5938,22160,0,-22066,-8077,30143,0,0,0,0,1,0
5470,2848437,-12745,-10146,22891,0,-17337,-13802,31140,0,0,0,0,1,0
5471,2848958,-8779,-13965,22743,0,-11942,-18997,30940,0,0,0,0,1,0
5472,2849479,-4475,-17246,21721,0,-6088,-23462,29551,0,0,0,0,1,0
5473,2850000,0,-19865,19865,0,0,-27026,27026,0,0,0,0,1,0
5474,2850520,4475,-21720,17245,0,6088,-29551,23462,0,0,0,0,1,0
5475,2851041,8777,-22740,13963,0,11942,-30940,18997,0,0,0,0,1,0
5476,2851562,12742,-22886,10144,0,17337,-31140,13802,0,0,0,0,1,0
5477,2852083,16217,-22153,5936,0,22066,-30143,8077,0,0,0,0,1,0
5478,2852604,19069,-20569,1500,0,25947,-27988,2041,0,0,0,0,1,0
5479,2853125,21187,-18194,-2993,0,28831,-24758,-4073,0,0,0,0,1,0
5480,2853645,22491,-15120,-7371,0,30607,-20576,-10031,0,0,0,0,1,0
5481,2854166,22931,-11466,-11466,0,31207,-15603,-15603,0,0,0,0,1,0
5482,2854687,22490,-7371,-15119,0,30607,-10031,-20576,0,0,0,0,1,0
5483,2855208,21184,-2993,-18191,0,28831,-4073,-24758,0,0,0,0,1,0
5484,2855729,19064,1500,-20564,0,25947,2041,-27988,0,0,0,0,1,0
5485,2856250,16212,5934,-22147,0,22066,8077,-30143,0,0,0,0,1,0
5486,2856770,12738,10140,-22878,0,17337,13802,-31140,0,0,0,0,1,0
5487,2857291,8773,13957,-22730,0,11942,18997,-30940,0,0,0,0,1,0
5488,2857812,4472,17236,-21709,0,6088,23462,-29551,0,0,0,0,1,0
5489,2858333,0,19853,-19853,0,0,27026,-27026,0,0,0,0,1,0
5490,2858854,-4472,21707,-17235,0,-6088,29551,-23462,0,0,0,0,1,0
5491,2859375,-8772,22727,-13954,0,-11942,30940,-18997,0,0,0,0,1,0
5492,2859895,-12735,22873,-10138,0,-17337,31140,-13802,0,0,0,0,1,0
5493,2860416,-16208,22140,-5932,0,-22066,30143,-8077,0,0,0,0,1,0
5494,2860937,-19057,20557,-1499,0,-25947,27988,-2041,0,0,0,0,1,0
5495,2861458,-21175,18183,2992,0,-28831,24758,4073,0,0,0,0,1,0
5496,2861979,-22478,15111,7367,0,-30607,20576,10031,0,0,0,0,1,0
5497,2862500,-22918,11459,11459,0,-31207,15603,15603,0,0,0,0,1,0
5498,2863020,-22477,7366,15110,0,-30607,10031,20576,0,0,0,0,1,0
5499,2863541,-21172,2991,18180,0,-28831,4073,24758,0,0,0,0,1,0
5500,2864062,-19053,-1499,20552,0,-25947,-2041,27988,0,0,0,0,1,0
5501,2864583,-16203,-5931,22134,0,-22066,-8077,30143,0,0,0,0,1,0
5502,2865104,-12730,-10134,22864,0,-17337,-13802,31140,0,0,0,0,1,0
5503,2865625,-8768,-13948,22717,0,-11942,-18997,30940,0,0,0,0,1,0
5504,2866145,-4470,-17226,21696,0,-6088,-23462,29551,0,0,0,0,1,0
5505,2866666,0,-19841,19841,0,0,-27026,27026,0,0,0,0,1,0
5506,2867187,4470,-21694,17225,0,6088,-29551,23462,0,0,0,0,1,0
5507,2867708,8767,-22713,13946,0,11942,-30940,18997,0,0,0,0,1,0
5508,2868229,12727,-22859,10132,0,17337,-31140,13802,0,0,0,0,1,0
5509,2868750,16198,-22127,5929,0,22066,-30143,8077,0,0,0,0,1,0
5510,2869270,19046,-20544,1498,0,25947,-27988,2041,0,0,0,0,1,0
5511,2869791,21162,-18173,-2990,0,28831,-24758,-4073,0,0,0,0,1,0
5512,2870312,22465,-15102,-7363,0,30607,-20576,-10031,0,0,0,0,1,0
5513,2870833,22904,-11452,-11452,0,31207,-15603,-15603,0,0,0,0,1,0
5514,2871354,22463,-7362,-15101,0,30607,-10031,-20576,0,0,0,0,1,0
5515,2871875,21159,-2989,-18170,0,28831,-4073,-24758,0,0,0,0,1,0
5516,2872395,19042,1498,-20540,0,25947,2041,-27988,0,0,0,0,1,0
5517,2872916,16193,5927,-22121,0,22066,8077,-30143,0,0,0,0,1,0
5518,2873437,12723,10128,-22851,0,17337,13802,-31140,0,0,0,0,1,0
5519,2873958,8763,13940,-22703,0,11942,18997,-30940,0,0,0,0,1,0
5520,2874479,4467,17216,-21683,0,6088,23462,-29551,0,0,0,0,1,0
5521,2875000,0,19830,-19830,0,0,27026,-27026,0,0,0,0,1,0
5522,2875520,-4467,21682,-17215,0,-6088,29551,-23462,0,0,0,0,1,0
5523,2876041,-8762,22700,-13938,0,-11942,30940,-18997,0,0,0,0,1,0
5524,2876562,-12720,22846,-10126,0,-17337,31140,-13802,0,0,0,0,1,0
5525,2877083,-16189,22114,-5925,0,-22066,30143,-8077,0,0,0,0,1,0
5526,2877604,-19035,20532,-1497,0,-25947,27988,-2041,0,0,0,0,1,0
5527,2878125,-21150,18162,2988,0,-28831,24758,4073,0,0,0,0,1,0
5528,2878645,-22452,15094,7358,0,-30607,20576,10031,0,0,0,0,1,0
5529,2879166,-22891,11445,11445,0,-31207,15603,15603,0,0,0,0,1,0
5530,2879687,-22450,7358,15092,0,-30607,10031,20576,0,0,0,0,1,0
5531,2880208,-21147,2988,18159,0,-28831,4073,24758,0,0,0,0,1,0
5532,2880729,-19031,-1497,20528,0,-25947,-2041,27988,0,0,0,0,1,0
5533,2881250,-16184,-5924,22108,0,-22066,-8077,30143,0,0,0,0,1,0
5534,2881770,-12715,-10123,22838,0,-17337,-13802,31140,0,0,0,0,1,0
5535,2882291,-8758,-13932,22690,0,-11942,-18997,30940,0,0,0,0,1,0
5536,2882812,-4465,-17206,21671,0,-6088,-23462,29551,0,0,0,0,1,0
5537,2883333,0,-19818,19818,0,0,-27026,27026,0,0,0,0,1,0
5538,2883854,4464,-21669,17205,0,6088,-29551,23462,0,0,0,0,1,0
5539,2884375,8757,-22687,13930,0,11942,-30940,18997,0,0,0,0,1,0
5540,2884895,12712,-22833,10120,0,17337,-31140,13802,0,0,0,0,1,0
5541,2885416,16179,-22101,5922,0,22066,-30143,8077,0,0,0,0,1,0
5542,2885937,19024,-20521,1496,0,25947,-27988,2041,0,0,0,0,1,0
5543,2886458,21138,-18151,-2986,0,28831,-24758,-4073,0,0,0,0,1,0
5544,2886979,22439,-15085,-7354,0,30607,-20576,-10031,0,0,0,0,1,0
5545,2887500,22878,-11439,-11439,0,31207,-15603,-15603,0,0,0,0,1,0
5546,2888020,22437,-7353,-15084,0,30607,-10031,-20576,0,0,0,0,1,0
5547,2888541,21135,-2986,-18149,0,28831,-4073,-24758,0,0,0,0,1,0
5548,2889062,19020,1496,-20516,0,25947,2041,-27988,0,0,0,0,1,0
5549,2889583,16175,5920,-22095,0,22066,8077,-30143,0,0,0,0,1,0
5550,2890104,12708,10117,-22824,0,17337,13802,-31140,0,0,0,0,1,0
5551,2890625,8753,13924,-22677,0,11942,18997,-30940,0,0,0,0,1,0
5552,2891145,4462,17196,-21658,0,6088,23462,-29551,0,0,0,0,1,0
5553,2891666,0,19807,-19807,0,0,27026,-27026,0,0,0,0,1,0
5554,2892187,-4462,21656,-17195,0,-6088,29551,-23462,0,0,0,0,1,0
5555,2892708,-8752,22674,-13922,0,-11942,30940,-18997,0,0,0,0,1,0
5556,2893229,-12705,22819,-10114,0,-17337,31140,-13802,0,0,0,0,1,0
5557,2893750,-16170,22088,-5919,0,-22066,30143,-8077,0,0,0,0,1,0
5558,2894270,-19013,20509,-1496,0,-25947,27988,-2041,0,0,0,0,1,0
5559,2894791,-21125,18141,2985,0,-28831,24758,4073,0,0,0,0,1,0
5560,2895312,-22426,15076,7350,0,-30607,20576,10031,0,0,0,0,1,0
5561,2895833,-22864,11432,11432,0,-31207,15603,15603,0,0,0,0,1,0
5562,2896354,-22424,7349,15075,0,-30607,10031,20576,0,0,0,0,1,0
5563,2896875,-21122,2984,18138,0,-28831,4073,24758,0,0,0,0,1,0
5564,2897395,-19009,-1495,20504,0,-25947,-2041,27988,0,0,0,0,1,0
5565,2897916,-16165,-5917,22082,0,-22066,-8077,30143,0,0,0,0,1,0
5566,2898437,-12700,-10111,22811,0,-17337,-13802,31140,0,0,0,0,1,0
5567,2898958,-8748,-13916,22664,0,-11942,-18997,30940,0,0,0,0,1,0
5568,2899479,-4459,-17186,21645,0,-6088,-23462,29551,0,0,0,0,1,0
5569,2900000,0,-19795,19795,0,0,-27026,27026,0,0,0,0,1,0
5570,2900520,4459,-21644,17185,0,6088,-29551,23462,0,0,0,0,1,0
5571,2901041,8747,-22660,13914,0,11942,-30940,18997,0,0,0,0,1,0
5572,2901562,12698,-22806,10109,0,17337,-31140,13802,0,0,0,0,1,0
5573,2902083,16160,-22076,5915,0,22066,-30143,8077,0,0,0,0,1,0
5574,2902604,19002,-20497,1495,0,25947,-27988,2041,0,0,0,0,1,0
5575,2903125,21113,-18130,-2983,0,28831,-24758,-4073,0,0,0,0,1,0
5576,2903645,22413,-15067,-7346,0,30607,-20576,-10031,0,0,0,0,1,0
5577,2904166,22851,-11426,-11426,0,31207,-15603,-15603,0,0,0,0,1,0
5578,2904687,22411,-7345,-15066,0,30607,-10031,-20576,0,0,0,0,1,0
5579,2905208,21110,-2982,-18128,0,28831,-4073,-24758,0,0,0,0,1,0
5580,2905729,18998,1494,-20492,0,25947,2041,-27988,0,0,0,0,1,0
5581,2906250,16156,5913,-22069,0,22066,8077,-30143,0,0,0,0,1,0
5582,2906770,12693,10105,-22798,0,17337,13802,-31140,0,0,0,0,1,0
5583,2907291,8743,13908,-22651,0,11942,18997,-30940,0,0,0,0,1,0
5584,2907812,4457,17176,-21633,0,6088,23462,-29551,0,0,0,0,1,0
5585,2908333,0,19784,-19784,0,0,27026,-27026,0,0,0,0,1,0
5586,2908854,-4457,21631,-17175,0,-6088,29551,-23462,0,0,0,0,1,0
5587,2909375,-8742,22647,-13906,0,-11942,30940,-18997,0,0,0,0,1,0
5588,2909895,-12690,22793,-10103,0,-17337,31140,-13802,0,0,0,0,1,0
5589,2910416,-16151,22063,-5912,0,-22066,30143,-8077,0,0,0,0,1,0
5590,2910937,-18991,20485,-1494,0,-25947,27988,-2041,0,0,0,0,1,0
5591,2911458,-21101,18120,2981,0,-28831,24758,4073,0,0,0,0,1,0
5592,2911979,-22400,15059,7341,0,-30607,20576,10031,0,0,0,0,1,0
5593,2912500,-22838,11419,11419,0,-31207,15603,15603,0,0,0,0,1,0
5594,2913020,-22398,7341,15058,0,-30607,10031,20576,0,0,0,0,1,0
5595,2913541,-21098,2981,18117,0,-28831,4073,24758,0,0,0,0,1,0
5596,2914062,-18987,-1494,20480,0,-25947,-2041,27988,0,0,0,0,1,0
5597,2914583,-16147,-5910,22057,0,-22066,-8077,30143,0,0,0,0,1,0
5598,2915104,-12686,-10099,22785,0,-17337,-13802,31140,0,0,0,0,1,0
5599,2915625,-8738,-13900,22638,0,-11942,-18997,30940,0,0,0,0,1,0
5600,2916145,-4454,-17166,21620,0,-6088,-23462,29551,0,0,0,0,1,0
5601,2916666,0,-19773,19773,0,0,-27026,27026,0,0,0,0,1,0
5602,2917187,4454,-21619,17165,0,6088,-29551,23462,0,0,0,0,1,0
5603,2917708,8737,-22634,13898,0,11942,-30940,18997,0,0,0,0,1,0
5604,2918229,12683,-22780,10097,0,17337,-31140,13802,0,0,0,0,1,0
5605,2918750,16142,-22050,5908,0,22066,-30143,8077,0,0,0,0,1,0
5606,2919270,18980,-20473,1493,0,25947,-27988,2041,0,0,0,0,1,0
5607,2919791,21089,-18109,-2979,0,28831,-24758,-4073,0,0,0,0,1,0
5608,2920312,22387,-15050,-7337,0,30607,-20576,-10031,0,0,0,0,1,0
5609,2920833,22825,-11412,-11412,0,31207,-15603,-15603,0,0,0,0,1,0
5610,2921354,22385,-7337,-15049,0,30607,-10031,-20576,0,0,0,0,1,0
5611,2921875,21086,-2979,-18107,0,28831,-4073,-24758,0,0,0,0,1,0
5612,2922395,18976,1493,-20469,0,25947,2041,-27988,0,0,0,0,1,0
5613,2922916,16137,5907,-22044,0,22066,8077,-30143,0,0,0,0,1,0
5614,2923437,12678,10093,-22772,0,17337,13802,-31140,0,0,0,0,1,0
5615,2923958,8733,13892,-22625,0,11942,18997,-30940,0,0,0,0,1,0
5616,2924479,4452,17156,-21608,0,6088,23462,-29551,0,0,0,0,1,0
5617,2925000,0,19761,-19761,0,0,27026,-27026,0,0,0,0,1,0
5618,2925520,-4451,21606,-17155,0,-6088,29551,-23462,0,0,0,0,1,0
5619,2926041,-8732,22621,-13890,0,-11942,30940,-18997,0,0,0,0,1,0
5620,2926562,-12676,22767,-10091,0,-17337,31140,-13802,0,0,0,0,1,0
5621,2927083,-16133,22038,-5905,0,-22066,30143,-8077,0,0,0,0,1,0
5622,2927604,-18969,20461,-1492,0,-25947,27988,-2041,0,0,0,0,1,0
5623,2928125,-21077,18099,2978,0,-28831,24758,4073,0,0,0,0,1,0
5624,2928645,-22374,15041,7333,0,-30607,20576,10031,0,0,0,0,1,0
5625,2929166,-22812,11406,11406,0,-31207,15603,15603,0,0,0,0,1,0
5626,2929687,-22373,7332,15040,0,-30607,10031,20576,0,0,0,0,1,0
5627,2930208,-21074,2977,18096,0,-28831,4073,24758,0,0,0,0,1,0
5628,2930729,-18965,-1492,20457,0,-25947,-2041,27988,0,0,0,0,1,0
5629,2931250,-16128,-5903,22031,0,-22066,-8077,30143,0,0,0,0,1,0
5630,2931770,-12671,-10088,22759,0,-17337,-13802,31140,0,0,0,0,1,0
5631,2932291,-8728,-13884,22612,0,-11942,-18997,30940,0,0,0,0,1,0
5632,2932812,-4449,-17146,21596,0,-6088,-23462,29551,0,0,0,0,1,0
5633,2933333,0,-19750,19750,0,0,-27026,27026,0,0,0,0,1,0
5634,2933854,4449,-21594,17145,0,6088,-29551,23462,0,0,0,0,1,0
5635,2934375,8727,-22608,13882,0,11942,-30940,18997,0,0,0,0,1,0
5636,2934895,12669,-22754,10085,0,17337,-31140,13802,0,0,0,0,1,0
5637,2935416,16123,-22025,5902,0,22066,-30143,8077,0,0,0,0,1,0
5638,2935937,18958,-20450,1491,0,25947,-27988,2041,0,0,0,0,1,0
5639,2936458,21065,-18089,-2976,0,28831,-24758,-4073,0,0,0,0,1,0
5640,2936979,22361,-15033,-7329,0,30607,-20576,-10031,0,0,0,0,1,0
5641,2937500,22799,-11399,-11399,0,31207,-15603,-15603,0,0,0,0,1,0
5642,2938020,22360,-7328,-15032,0,30607,-10031,-20576,0,0,0,0,1,0
5643,2938541,21062,-2976,-18086,0,28831,-4073,-24758,0,0,0,0,1,0
5644,2939062,18954,1491,-20445,0,25947,2041,-27988,0,0,0,0,1,0
5645,2939583,16119,5900,-22019,0,22066,8077,-30143,0,0,0,0,1,0
5646,2940104,12664,10082,-22746,0,17337,13802,-31140,0,0,0,0,1,0
5647,2940625,8723,13876,-22599,0,11942,18997,-30940,0,0,0,0,1,0
5648,2941145,4447,17137,-21583,0,6088,23462,-29551,0,0,0,0,1,0
5649,2941666,0,19739,-19739,0,0,27026,-27026,0,0,0,0,1,0
5650,2942187,-4446,21582,-17135,0,-6088,29551,-23462,0,0,0,0,1,0
5651,2942708,-8722,22596,-13874,0,-11942,30940,-18997,0,0,0,0,1,0
5652,2943229,-12661,22741,-10080,0,-17337,31140,-13802,0,0,0,0,1,0
5653,2943750,-16114,22012,-5898,0,-22066,30143,-8077,0,0,0,0,1,0
5654,2944270,-18948,20438,-1490,0,-25947,27988,-2041,0,0,0,0,1,0
5655,2944791,-21053,18078,2974,0,-28831,24758,4073,0,0,0,0,1,0
5656,2945312,-22349,15024,7324,0,-30607,20576,10031,0,0,0,0,1,0
5657,2945833,-22786,11393,11393,0,-31207,15603,15603,0,0,0,0,1,0
5658,2946354,-22347,7324,15023,0,-30607,10031,20576,0,0,0,0,1,0
5659,2946875,-21050,2974,18076,0,-28831,4073,24758,0,0,0,0,1,0
5660,2947395,-18944,-1490,20434,0,-25947,-2041,27988,0,0,0,0,1,0
5661,2947916,-16110,-5897,22006,0,-22066,-8077,30143,0,0,0,0,1,0
5662,2948437,-12657,-10076,22733,0,-17337,-13802,31140,0,0,0,0,1,0
5663,2948958,-8718,-13868,22586,0,-11942,-18997,30940,0,0,0,0,1,0
5664,2949479,-4444,-17127,21571,0,-6088,-23462,29551,0,0,0,0,1,0
5665,2950000,0,-19727,19727,0,0,-27026,27026,0,0,0,0,1,0
5666,2950520,4444,-21570,17126,0,6088,-29551,23462,0,0,0,0,1,0
5667,2951041,8717,-22583,13866,0,11942,-30940,18997,0,0,0,0,1,0
5668,2951562,12654,-22728,10074,0,17337,-31140,13802,0,0,0,0,1,0
5669,2952083,16105,-22000,5895,0,22066,-30143,8077,0,0,0,0,1,0
5670,2952604,18937,-20426,1490,0,25947,-27988,2041,0,0,0,0,1,0
5671,2953125,21041,-18068,-2973,0,28831,-24758,-4073,0,0,0,0,1,0
5672,2953645,22336,-15016,-7320,0,30607,-20576,-10031,0,0,0,0,1,0
5673,2954166,22773,-11386,-11386,0,31207,-15603,-15603,0,0,0,0,1,0
5674,2954687,22334,-7320,-15015,0,30607,-10031,-20576,0,0,0,0,1,0
5675,2955208,21038,-2972,-18066,0,28831,-4073,-24758,0,0,0,0,1,0
5676,2955729,18933,1489,-20422,0,25947,2041,-27988,0,0,0,0,1,0
5677,2956250,16100,5893,-21994,0,22066,8077,-30143,0,0,0,0,1,0
5678,2956770,12650,10070,-22720,0,17337,13802,-31140,0,0,0,0,1,0
5679,2957291,8713,13860,-22573,0,11942,18997,-30940,0,0,0,0,1,0
5680,2957812,4442,17117,-21559,0,6088,23462,-29551,0,0,0,0,1,0
5681,2958333,0,19716,-19716,0,0,27026,-27026,0,0,0,0,1,0
5682,2958854,-4441,21557,-17116,0,-6088,29551,-23462,0,0,0,0,1,0
5683,2959375,-8712,22570,-13858,0,-11942,30940,-18997,0,0,0,0,1,0
5684,2959895,-12647,22715,-10068,0,-17337,31140,-13802,0,0,0,0,1,0
5685,2960416,-16096,21987,-5891,0,-22066,30143,-8077,0,0,0,0,1,0
5686,2960937,-18926,20415,-1489,0,-25947,27988,-2041,0,0,0,0,1,0
5687,2961458,-21029,18058,2971,0,-28831,24758,4073,0,0,0,0,1,0
5688,2961979,-22323,15007,7316,0,-30607,20576,10031,0,0,0,0,1,0
5689,2962500,-22760,11380,11380,0,-31207,15603,15603,0,0,0,0,1,0
5690,2963020,-22322,7316,15006,0,-30607,10031,20576,0,0,0,0,1,0
5691,2963541,-21026,2971,18055,0,-28831,4073,24758,0,0,0,0,1,0
5692,2964062,-18922,-1488,20410,0,-25947,-2041,27988,0,0,0,0,1,0
5693,2964583,-16091,-5890,21981,0,-22066,-8077,30143,0,0,0,0,1,0
5694,2965104,-12642,-10065,22707,0,-17337,-13802,31140,0,0,0,0,1,0
5695,2965625,-8708,-13852,22560,0,-11942,-18997,30940,0,0,0,0,1,0
5696,2966145,-4439,-17107,21547,0,-6088,-23462,29551,0,0,0,0,1,0
5697,2966666,0,-19705,19705,0,0,-27026,27026,0,0,0,0,1,0
5698,2967187,4439,-21545,17106,0,6088,-29551,23462,0,0,0,0,1,0
5699,2967708,8707,-22557,13850,0,11942,-30940,18997,0,0,0,0,1,0
5700,2968229,12640,-22702,10062,0,17337,-31140,13802,0,0,0,0,1,0
5701,2968750,16087,-21975,5888,0,22066,-30143,8077,0,0,0,0,1,0
5702,2969270,18915,-20403,1488,0,25947,-27988,2041,0,0,0,0,1,0
5703,2969791,21017,-18048,-2969,0,28831,-24758,-4073,0,0,0,0,1,0
5704,2970312,22311,-14999,-7312,0,30607,-20576,-10031,0,0,0,0,1,0
5705,2970833,22747,-11373,-11373,0,31207,-15603,-15603,0,0,0,0,1,0
5706,2971354,22309,-7312,-14998,0,30607,-10031,-20576,0,0,0,0,1,0
5707,2971875,21014,-2969,-18045,0,28831,-4073,-24758,0,0,0,0,1,0
5708,2972395,18911,1488,-20399,0,25947,2041,-27988,0,0,0,0,1,0
5709,2972916,16082,5887,-21969,0,22066,8077,-30143,0,0,0,0,1,0
5710,2973437,12635,10059,-22694,0,17337,13802,-31140,0,0,0,0,1,0
5711,2973958,8703,13845,-22548,0,11942,18997,-30940,0,0,0,0,1,0
5712,2974479,4437,17098,-21534,0,6088,23462,-29551,0,0,0,0,1,0
5713,2975000,0,19694,-19694,0,0,27026,-27026,0,0,0,0,1,0
5714,2975520,-4436,21533,-17097,0,-6088,29551,-23462,0,0,0,0,1,0
5715,2976041,-8702,22544,-13843,0,-11942,30940,-18997,0,0,0,0,1,0
5716,2976562,-12633,22689,-10057,0,-17337,31140,-13802,0,0,0,0,1,0
5717,2977083,-16078,21963,-5885,0,-22066,30143,-8077,0,0,0,0,1,0
5718,2977604,-18905,20392,-1487,0,-25947,27988,-2041,0,0,0,0,1,0
5719,2978125,-21005,18037,2968,0,-28831,24758,4073,0,0,0,0,1,0
5720,2978645,-22298,14990,7308,0,-30607,20576,10031,0,0,0,0,1,0
5721,2979166,-22734,11367,11367,0,-31207,15603,15603,0,0,0,0,1,0
5722,2979687,-22297,7307,14989,0,-30607,10031,20576,0,0,0,0,1,0
5723,2980208,-21002,2967,18035,0,-28831,4073,24758,0,0,0,0,1,0
5724,2980729,-18901,-1487,20387,0,-25947,-2041,27988,0,0,0,0,1,0
5725,2981250,-16073,-5883,21956,0,-22066,-8077,30143,0,0,0,0,1,0
5726,2981770,-12628,-10053,22681,0,-17337,-13802,31140,0,0,0,0,1,0
5727,2982291,-8698,-13837,22535,0,-11942,-18997,30940,0,0,0,0,1,0
5728,2982812,-4434,-17088,21522,0,-6088,-23462,29551,0,0,0,0,1,0
5729,2983333,0,-19683,19683,0,0,-27026,27026,0,0,0,0,1,0
5730,2983854,4434,-21521,17087,0,6088,-29551,23462,0,0,0,0,1,0
5731,2984375,8697,-22532,13835,0,11942,-30940,18997,0,0,0,0,1,0
5732,2984895,12626,-22677,10051,0,17337,-31140,13802,0,0,0,0,1,0
5733,2985416,16069,-21950,5882,0,22066,-30143,8077,0,0,0,0,1,0
5734,2985937,18894,-20380,1486,0,25947,-27988,2041,0,0,0,0,1,0
5735,2986458,20993,-18027,-2966,0,28831,-24758,-4073,0,0,0,0,1,0
5736,2986979,22286,-14982,-7304,0,30607,-20576,-10031,0,0,0,0,1,0
5737,2987500,22721,-11361,-11361,0,31207,-15603,-15603,0,0,0,0,1,0
5738,2988020,22284,-7303,-14981,0,30607,-10031,-20576,0,0,0,0,1,0
5739,2988541,20990,-2966,-18025,0,28831,-4073,-24758,0,0,0,0,1,0
5740,2989062,18890,1486,-20376,0,25947,2041,-27988,0,0,0,0,1,0
5741,2989583,16064,5880,-21944,0,22066,8077,-30143,0,0,0,0,1,0
5742,2990104,12621,10048,-22669,0,17337,13802,-31140,0,0,0,0,1,0
5743,2990625,8693,13829,-22522,0,11942,18997,-30940,0,0,0,0,1,0
5744,2991145,4432,17079,-21510,0,6088,23462,-29551,0,0,0,0,1,0
5745,2991666,0,19672,-19672,0,0,27026,-27026,0,0,0,0,1,0
5746,2992187,-4431,21509,-17077,0,-6088,29551,-23462,0,0,0,0,1,0
5747,2992708,-8692,22519,-13827,0,-11942,30940,-18997,0,0,0,0,1,0
5748,2993229,-12618,22664,-10046,0,-17337,31140,-13802,0,0,0,0,1,0
5749,2993750,-16060,21938,-5878,0,-22066,30143,-8077,0,0,0,0,1,0
5750,2994270,-18884,20369,-1485,0,-25947,27988,-2041,0,0,0,0,1,0
5751,2994791,-20982,18017,2964,0,-28831,24758,4073,0,0,0,0,1,0
5752,2995312,-22273,14973,7300,0,-30607,20576,10031,0,0,0,0,1,0
5753,2995833,-22709,11354,11354,0,-31207,15603,15603,0,0,0,0,1,0
5754,2996354,-22272,7299,14972,0,-30607,10031,20576,0,0,0,0,1,0
5755,2996875,-20979,2964,18015,0,-28831,4073,24758,0,0,0,0,1,0
5756,2997395,-18880,-1485,20365,0,-25947,-2041,27988,0,0,0,0,1,0
5757,2997916,-16055,-5877,21932,0,-22066,-8077,30143,0,0,0,0,1,0
5758,2998437,-12614,-10042,22656,0,-17337,-13802,31140,0,0,0,0,1,0
5759,2998958,-8688,-13821,22510,0,-11942,-18997,30940,0,0,0,0,1,0
5760,2999479,-4429,-17069,21498,0,-6088,-23462,29551,0,0,0,0,1,0
5761,3000000,0,-19661,19661,0,0,-27026,27026,0,0,0,0,1,0
5762,3000520,4429,-21497,17068,0,6088,-29551,23462,0,0,0,0,1,0
5763,3001041,8687,-22507,13819,0,11942,-30940,18997,0,0,0,0,1,0
5764,3001562,12611,-22651,10040,0,17337,-31140,13802,0,0,0,0,1,0
5765,3002083,16051,-21926,5875,0,22066,-30143,8077,0,0,0,0,1,0
5766,3002604,18873,-20358,1485,0,25947,-27988,2041,0,0,0,0,1,0
5767,3003125,20970,-18007,-2963,0,28831,-24758,-4073,0,0,0,0,1,0
5768,3003645,22261,-14965,-7296,0,30607,-20576,-10031,0,0,0,0,1,0
5769,3004166,22696,-11348,-11348,0,31207,-15603,-15603,0,0,0,0,1,0
5770,3004687,22259,-7295,-14964,0,30607,-10031,-20576,0,0,0,0,1,0
5771,3005208,20967,-2962,-18005,0,28831,-4073,-24758,0,0,0,0,1,0
5772,3005729,18869,1484,-20353,0,25947,2041,-27988,0,0,0,0,1,0
5773,3006250,16046,5873,-21920,0,22066,8077,-30143,0,0,0,0,1,0
5774,3006770,12607,10036,-22643,0,17337,13802,-31140,0,0,0,0,1,0
5775,3007291,8684,13814,-22497,0,11942,18997,-30940,0,0,0,0,1,0
5776,3007812,4427,17060,-21486,0,6088,23462,-29551,0,0,0,0,1,0
5777,3008333,0,19650,-19650,0,0,27026,-27026,0,0,0,0,1,0
5778,3008854,-4426,21485,-17058,0,-6088,29551,-23462,0,0,0,0,1,0
5779,3009375,-8682,22494,-13812,0,-11942,30940,-18997,0,0,0,0,1,0
5780,3009895,-12604,22639,-10034,0,-17337,31140,-13802,0,0,0,0,1,0
5781,3010416,-16042,21913,-5872,0,-22066,30143,-8077,0,0,0,0,1,0
5782,3010937,-18862,20346,-1484,0,-25947,27988,-2041,0,0,0,0,1,0
5783,3011458,-20958,17997,2961,0,-28831,24758,4073,0,0,0,0,1,0
5784,3011979,-22248,14957,7292,0,-30607,20576,10031,0,0,0,0,1,0
5785,3012500,-22683,11342,11342,0,-31207,15603,15603,0,0,0,0,1,0
5786,3013020,-22247,7291,14956,0,-30607,10031,20576,0,0,0,0,1,0
5787,3013541,-20955,2961,17995,0,-28831,4073,24758,0,0,0,0,1,0
5788,3014062,-18859,-1483,20342,0,-25947,-2041,27988,0,0,0,0,1,0
5789,3014583,-16037,-5870,21907,0,-22066,-8077,30143,0,0,0,0,1,0
5790,3015104,-12600,-10031,22631,0,-17337,-13802,31140,0,0,0,0,1,0
5791,3015625,-8679,-13806,22485,0,-11942,-18997,30940,0,0,0,0,1,0
5792,3016145,-4424,-17050,21474,0,-6088,-23462,29551,0,0,0,0,1,0
5793,3016666,0,-19639,19639,0,0,-27026,27026,0,0,0,0,1,0
5794,3017187,4424,-21473,17049,0,6088,-29551,23462,0,0,0,0,1,0
5795,3017708,8678,-22481,13804,0,11942,-30940,18997,0,0,0,0,1,0
5796,3018229,12597,-22626,10029,0,17337,-31140,13802,0,0,0,0,1,0
5797,3018750,16033,-21901,5868,0,22066,-30143,8077,0,0,0,0,1,0
5798,3019270,18852,-20335,1483,0,25947,-27988,2041,0,0,0,0,1,0
5799,3019791,20946,-17987,-2959,0,28831,-24758,-4073,0,0,0,0,1,0
5800,3020312,22236,-14948,-7288,0,30607,-20576,-10031,0,0,0,0,1,0
5801,3020833,22671,-11335,-11335,0,31207,-15603,-15603,0,0,0,0,1,0
5802,3021354,22234,-7287,-14947,0,30607,-10031,-20576,0,0,0,0,1,0
5803,3021875,20944,-2959,-17985,0,28831,-4073,-24758,0,0,0,0,1,0
5804,3022395,18848,1483,-20331,0,25947,2041,-27988,0,0,0,0,1,0
5805,3022916,16028,5867,-21895,0,22066,8077,-30143,0,0,0,0,1,0
5806,3023437,12593,10025,-22618,0,17337,13802,-31140,0,0,0,0,1,0
5807,3023958,8674,13798,-22472,0,11942,18997,-30940,0,0,0,0,1,0
5808,3024479,4422,17041,-21462,0,6088,23462,-29551,0,0,0,0,1,0
5809,3025000,0,19628,-19628,0,0,27026,-27026,0,0,0,0,1,0
5810,3025520,-4421,21461,-17039,0,-6088,29551,-23462,0,0,0,0,1,0
5811,3026041,-8673,22469,-13796,0,-11942,30940,-18997,0,0,0,0,1,0
5812,3026562,-12590,22614,-10023,0,-17337,31140,-13802,0,0,0,0,1,0
5813,3027083,-16024,21889,-5865,0,-22066,30143,-8077,0,0,0,0,1,0
5814,3027604,-18842,20324,-1482,0,-25947,27988,-2041,0,0,0,0,1,0
5815,3028125,-20935,17977,2958,0,-28831,24758,4073,0,0,0,0,1,0
5816,3028645,-22224,14940,7283,0,-30607,20576,10031,0,0,0,0,1,0
5817,3029166,-22658,11329,11329,0,-31207,15603,15603,0,0,0,0,1,0
5818,3029687,-22222,7283,14939,0,-30607,10031,20576,0,0,0,0,1,0
5819,3030208,-20932,2957,17975,0,-28831,4073,24758,0,0,0,0,1,0
5820,3030729,-18838,-1482,20319,0,-25947,-2041,27988,0,0,0,0,1,0
5821,3031250,-16020,-5864,21883,0,-22066,-8077,30143,0,0,0,0,1,0
5822,3031770,-12586,-10020,22606,0,-17337,-13802,31140,0,0,0,0,1,0
5823,3032291,-8669,-13791,22460,0,-11942,-18997,30940,0,0,0,0,1,0
5824,3032812,-4419,-17031,21451,0,-6088,-23462,29551,0,0,0,0,1,0
5825,3033333,0,-19617,19617,0,0,-27026,27026,0,0,0,0,1,0
5826,3033854,4419,-21449,17030,0,6088,-29551,23462,0,0,0,0,1,0
5827,3034375,8668,-22457,13789,0,11942,-30940,18997,0,0,0,0,1,0
5828,3034895,12583,-22601,10018,0,17337,-31140,13802,0,0,0,0,1,0
5829,3035416,16015,-21877,5862,0,22066,-30143,8077,0,0,0,0,1,0
5830,3035937,18831,-20312,1481,0,25947,-27988,2041,0,0,0,0,1,0
5831,3036458,20923,-17967,-2956,0,28831,-24758,-4073,0,0,0,0,1,0
5832,3036979,22211,-14932,-7279,0,30607,-20576,-10031,0,0,0,0,1,0
5833,3037500,22646,-11323,-11323,0,31207,-15603,-15603,0,0,0,0,1,0
5834,3038020,22210,-7279,-14931,0,30607,-10031,-20576,0,0,0,0,1,0
5835,3038541,20920,-2956,-17965,0,28831,-4073,-24758,0,0,0,0,1,0
5836,3039062,18827,1481,-20308,0,25947,2041,-27988,0,0,0,0,1,0
5837,3039583,16011,5860,-21871,0,22066,8077,-30143,0,0,0,0,1,0
5838,3040104,12579,10014,-22593,0,17337,13802,-31140,0,0,0,0,1,0
5839,3040625,8664,13783,-22447,0,11942,18997,-30940,0,0,0,0,1,0
5840,3041145,4417,17022,-21439,0,6088,23462,-29551,0,0,0,0,1,0
5841,3041666,0,19606,-19606,0,0,27026,-27026,0,0,0,0,1,0
5842,3042187,-4417,21437,-17021,0,-6088,29551,-23462,0,0,0,0,1,0
5843,3042708,-8663,22444,-13781,0,-11942,30940,-18997,0,0,0,0,1,0
5844,3043229,-12577,22589,-10012,0,-17337,31140,-13802,0,0,0,0,1,0
5845,3043750,-16006,21865,-5859,0,-22066,30143,-8077,0,0,0,0,1,0
5846,3044270,-18821,20301,-1480,0,-25947,27988,-2041,0,0,0,0,1,0
5847,3044791,-20912,17957,2954,0,-28831,24758,4073,0,0,0,0,1,0
5848,3045312,-22199,14924,7275,0,-30607,20576,10031,0,0,0,0,1,0
5849,3045833,-22633,11317,11317,0,-31207,15603,15603,0,0,0,0,1,0
5850,3046354,-22198,7275,14923,0,-30607,10031,20576,0,0,0,0,1,0
5851,3046875,-20909,2954,17955,0,-28831,4073,24758,0,0,0,0,1,0
5852,3047395,-18817,-1480,20297,0,-25947,-2041,27988,0,0,0,0,1,0
5853,3047916,-16002,-5857,21859,0,-22066,-8077,30143,0,0,0,0,1,0
5854,3048437,-12572,-10009,22581,0,-17337,-13802,31140,0,0,0,0,1,0
5855,3048958,-8660,-13775,22435,0,-11942,-18997,30940,0,0,0,0,1,0
5856,3049479,-4414,-17013,21427,0,-6088,-23462,29551,0,0,0,0,1,0
5857,3050000,0,-19596,19596,0,0,-27026,27026,0,0,0,0,1,0
5858,3050520,4414,-21426,17011,0,6088,-29551,23462,0,0,0,0,1,0
5859,3051041,8658,-22432,13774,0,11942,-30940,18997,0,0,0,0,1,0
5860,3051562,12570,-22576,10007,0,17337,-31140,13802,0,0,0,0,1,0
5861,3052083,15998,-21853,5856,0,22066,-30143,8077,0,0,0,0,1,0
5862,3052604,18810,-20290,1480,0,25947,-27988,2041,0,0,0,0,1,0
5863,3053125,20900,-17948,-2953,0,28831,-24758,-4073,0,0,0,0,1,0
5864,3053645,22187,-14915,-7271,0,30607,-20576,-10031,0,0,0,0,1,0
5865,3054166,22621,-11310,-11310,0,31207,-15603,-15603,0,0,0,0,1,0
5866,3054687,22185,-7271,-14914,0,30607,-10031,-20576,0,0,0,0,1,0
5867,3055208,20898,-2952,-17945,0,28831,-4073,-24758,0,0,0,0,1,0
5868,3055729,18807,1479,-20286,0,25947,2041,-27988,0,0,0,0,1,0
5869,3056250,15993,5854,-21847,0,22066,8077,-30143,0,0,0,0,1,0
5870,3056770,12565,10003,-22569,0,17337,13802,-31140,0,0,0,0,1,0
5871,3057291,8655,13768,-22423,0,11942,18997,-30940,0,0,0,0,1,0
5872,3057812,4412,17003,-21415,0,6088,23462,-29551,0,0,0,0,1,0
5873,3058333,0,19585,-19585,0,0,27026,-27026,0,0,0,0,1,0
5874,3058854,-4412,21414,-17002,0,-6088,29551,-23462,0,0,0,0,1,0
5875,3059375,-8654,22420,-13766,0,-11942,30940,-18997,0,0,0,0,1,0
5876,3059895,-12563,22564,-10001,0,-17337,31140,-13802,0,0,0,0,1,0
5877,3060416,-15989,21841,-5852,0,-22066,30143,-8077,0,0,0,0,1,0
5878,3060937,-18800,20279,-1479,0,-25947,27988,-2041,0,0,0,0,1,0
5879,3061458,-20889,17938,2951,0,-28831,24758,4073,0,0,0,0,1,0
5880,3061979,-22175,14907,7268,0,-30607,20576,10031,0,0,0,0,1,0
5881,3062500,-22609,11304,11304,0,-31207,15603,15603,0,0,0,0,1,0
5882,3063020,-22173,7267,14906,0,-30607,10031,20576,0,0,0,0,1,0
5883,3063541,-20886,2951,17935,0,-28831,4073,24758,0,0,0,0,1,0
5884,3064062,-18796,-1479,20275,0,-25947,-2041,27988,0,0,0,0,1,0
5885,3064583,-15984,-5851,21835,0,-22066,-8077,30143,0,0,0,0,1,0
5886,3065104,-12558,-9998,22556,0,-17337,-13802,31140,0,0,0,0,1,0
5887,3065625,-8650,-13760,22411,0,-11942,-18997,30940,0,0,0,0,1,0
5888,3066145,-4410,-16994,21404,0,-6088,-23462,29551,0,0,0,0,1,0
5889,3066666,0,-19574,19574,0,0,-27026,27026,0,0,0,0,1,0
5890,3067187,4409,-21402,16993,0,6088,-29551,23462,0,0,0,0,1,0
5891,3067708,8649,-22407,13758,0,11942,-30940,18997,0,0,0,0,1,0
5892,3068229,12556,-22552,9996,0,17337,-31140,13802,0,0,0,0,1,0
5893,3068750,15980,-21829,5849,0,22066,-30143,8077,0,0,0,0,1,0
5894,3069270,18790,-20268,1478,0,25947,-27988,2041,0,0,0,0,1,0
5895,3069791,20878,-17928,-2950,0,28831,-24758,-4073,0,0,0,0,1,0
5896,3070312,22163,-14899,-7264,0,30607,-20576,-10031,0,0,0,0,1,0
5897,3070833,22596,-11298,-11298,0,31207,-15603,-15603,0,0,0,0,1,0
5898,3071354,22161,-7263,-14898,0,30607,-10031,-20576,0,0,0,0,1,0
5899,3071875,20875,-2949,-17926,0,28831,-4073,-24758,0,0,0,0,1,0
5900,3072395,18786,1478,-20264,0,25947,2041,-27988,0,0,0,0,1,0
5901,3072916,15976,5848,-21823,0,22066,8077,-30143,0,0,0,0,1,0
5902,3073437,12552,9992,-22544,0,17337,13802,-31140,0,0,0,0,1,0
5903,3073958,8645,13753,-22398,0,11942,18997,-30940,0,0,0,0,1,0
5904,3074479,4407,16985,-21392,0,6088,23462,-29551,0,0,0,0,1,0
5905,3075000,0,19564,-19564,0,0,27026,-27026,0,0,0,0,1,0
5906,3075520,-4407,21390,-16984,0,-6088,29551,-23462,0,0,0,0,1,0
5907,3076041,-8644,22395,-13751,0,-11942,30940,-18997,0,0,0,0,1,0
5908,3076562,-12549,22539,-9990,0,-17337,31140,-13802,0,0,0,0,1,0
5909,3077083,-15971,21817,-5846,0,-22066,30143,-8077,0,0,0,0,1,0
5910,3077604,-18780,20257,-1477,0,-25947,27988,-2041,0,0,0,0,1,0
5911,3078125,-20866,17918,2948,0,-28831,24758,4073,0,0,0,0,1,0
5912,3078645,-22151,14891,7260,0,-30607,20576,10031,0,0,0,0,1,0
5913,3079166,-22584,11292,11292,0,-31207,15603,15603,0,0,0,0,1,0
5914,3079687,-22149,7259,14890,0,-30607,10031,20576,0,0,0,0,1,0
5915,3080208,-20863,2948,17916,0,-28831,4073,24758,0,0,0,0,1,0
5916,3080729,-18776,-1477,20253,0,-25947,-2041,27988,0,0,0,0,1,0
5917,3081250,-15967,-5844,21811,0,-22066,-8077,30143,0,0,0,0,1,0
5918,3081770,-12545,-9987,22532,0,-17337,-13802,31140,0,0,0,0,1,0
5919,3082291,-8641,-13745,22386,0,-11942,-18997,30940,0,0,0,0,1,0
5920,3082812,-4405,-16975,21380,0,-6088,-23462,29551,0,0,0,0,1,0
5921,3083333,0,-19553,19553,0,0,-27026,27026,0,0,0,0,1,0
5922,3083854,4405,-21379,16974,0,6088,-29551,23462,0,0,0,0,1,0
5923,3084375,8640,-22383,13744,0,11942,-30940,18997,0,0,0,0,1,0
5924,3084895,12542,-22527,9985,0,17337,-31140,13802,0,0,0,0,1,0
5925,3085416,15963,-21806,5843,0,22066,-30143,8077,0,0,0,0,1,0
5926,3085937,18770,-20246,1476,0,25947,-27988,2041,0,0,0,0,1,0
5927,3086458,20855,-17909,-2946,0,28831,-24758,-4073,0,0,0,0,1,0
5928,3086979,22139,-14883,-7256,0,30607,-20576,-10031,0,0,0,0,1,0
5929,3087500,22572,-11286,-11286,0,31207,-15603,-15603,0,0,0,0,1,0
5930,3088020,22137,-7255,-14882,0,30607,-10031,-20576,0,0,0,0,1,0
5931,3088541,20852,-2946,-17906,0,28831,-4073,-24758,0,0,0,0,1,0
5932,3089062,18766,1476,-20242,0,25947,2041,-27988,0,0,0,0,1,0
5933,3089583,15958,5841,-21800,0,22066,8077,-30143,0,0,0,0,1,0
5934,3090104,12538,9982,-22520,0,17337,13802,-31140,0,0,0,0,1,0
5935,3090625,8636,13738,-22374,0,11942,18997,-30940,0,0,0,0,1,0
5936,3091145,4402,16966,-21369,0,6088,23462,-29551,0,0,0,0,1,0
5937,3091666,0,19542,-19542,0,0,27026,-27026,0,0,0,0,1,0
5938,3092187,-4402,21367,-16965,0,-6088,29551,-23462,0,0,0,0,1,0
5939,3092708,-8635,22371,-13736,0,-11942,30940,-18997,0,0,0,0,1,0
5940,3093229,-12536,22515,-9979,0,-17337,31140,-13802,0,0,0,0,1,0
5941,3093750,-15954,21794,-5840,0,-22066,30143,-8077,0,0,0,0,1,0
5942,3094270,-18759,20235,-1476,0,-25947,27988,-2041,0,0,0,0,1,0
5943,3094791,-20844,17899,2945,0,-28831,24758,4073,0,0,0,0,1,0
5944,3095312,-22127,14875,7252,0,-30607,20576,10031,0,0,0,0,1,0
5945,3095833,-22560,11280,11280,0,-31207,15603,15603,0,0,0,0,1,0
5946,3096354,-22125,7251,14874,0,-30607,10031,20576,0,0,0,0,1,0
5947,3096875,-20841,2944,17896,0,-28831,4073,24758,0,0,0,0,1,0
5948,3097395,-18756,-1475,20231,0,-25947,-2041,27988,0,0,0,0,1,0
5949,3097916,-15950,-5838,21788,0,-22066,-8077,30143,0,0,0,0,1,0
5950,3098437,-12531,-9976,22507,0,-17337,-13802,31140,0,0,0,0,1,0
5951,3098958,-8631,-13731,22362,0,-11942,-18997,30940,0,0,0,0,1,0
5952,3099479,-4400,-16957,21357,0,-6088,-23462,29551,0,0,0,0,1,0
5953,3100000,0,-19532,19532,0,0,-27026,27026,0,0,0,0,1,0
5954,3100520,4400,-21356,16956,0,6088,-29551,23462,0,0,0,0,1,0
5955,3101041,8630,-22359,13729,0,11942,-30940,18997,0,0,0,0,1,0
5956,3101562,12529,-22503,9974,0,17337,-31140,13802,0,0,0,0,1,0
5957,3102083,15946,-21782,5836,0,22066,-30143,8077,0,0,0,0,1,0
5958,3102604,18749,-20224,1475,0,25947,-27988,2041,0,0,0,0,1,0
5959,3103125,20832,-17889,-2943,0,28831,-24758,-4073,0,0,0,0,1,0
5960,3103645,22115,-14867,-7248,0,30607,-20576,-10031,0,0,0,0,1,0
5961,3104166,22547,-11274,-11274,0,31207,-15603,-15603,0,0,0,0,1,0
5962,3104687,22113,-7247,-14866,0,30607,-10031,-20576,0,0,0,0,1,0
5963,3105208,20830,-2943,-17887,0,28831,-4073,-24758,0,0,0,0,1,0
5964,3105729,18746,1475,-20220,0,25947,2041,-27988,0,0,0,0,1,0
5965,3106250,15941,5835,-21776,0,22066,8077,-30143,0,0,0,0,1,0
5966,3106770,12525,9971,-22495,0,17337,13802,-31140,0,0,0,0,1,0
5967,3107291,8627,13723,-22350,0,11942,18997,-30940,0,0,0,0,1,0
5968,3107812,4398,16948,-21346,0,6088,23462,-29551,0,0,0,0,1,0
5969,3108333,0,19521,-19521,0,0,27026,-27026,0,0,0,0,1,0
5970,3108854,-4397,21344,-16947,0,-6088,29551,-23462,0,0,0,0,1,0
5971,3109375,-8626,22347,-13721,0,-11942,30940,-18997,0,0,0,0,1,0
5972,3109895,-12522,22491,-9969,0,-17337,31140,-13802,0,0,0,0,1,0
5973,3110416,-15937,21770,-5833,0,-22066,30143,-8077,0,0,0,0,1,0
5974,3110937,-18739,20213,-1474,0,-25947,27988,-2041,0,0,0,0,1,0
5975,3111458,-20821,17880,2942,0,-28831,24758,4073,0,0,0,0,1,0
5976,3111979,-22103,14859,7244,0,-30607,20576,10031,0,0,0,0,1,0
5977,3112500,-22535,11268,11268,0,-31207,15603,15603,0,0,0,0,1,0
5978,3113020,-22102,7243,14858,0,-30607,10031,20576,0,0,0,0,1,0
5979,3113541,-20818,2941,17877,0,-28831,4073,24758,0,0,0,0,1,0
5980,3114062,-18736,-1474,20209,0,-25947,-2041,27988,0,0,0,0,1,0
5981,3114583,-15933,-5832,21764,0,-22066,-8077,30143,0,0,0,0,1,0
5982,3115104,-12518,-9965,22483,0,-17337,-13802,31140,0,0,0,0,1,0
5983,3115625,-8622,-13716,22338,0,-11942,-18997,30940,0,0,0,0,1,0
5984,3116145,-4395,-16939,21334,0,-6088,-23462,29551,0,0,0,0,1,0
5985,3116666,0,-19511,19511,0,0,-27026,27026,0,0,0,0,1,0
5986,3117187,4395,-21333,16938,0,6088,-29551,23462,0,0,0,0,1,0
5987,3117708,8621,-22335,13714,0,11942,-30940,18997,0,0,0,0,1,0
5988,3118229,12515,-22479,9963,0,17337,-31140,13802,0,0,0,0,1,0
5989,3118750,15928,-21759,5830,0,22066,-30143,8077,0,0,0,0,1,0
5990,3119270,18729,-20202,1473,0,25947,-27988,2041,0,0,0,0,1,0
5991,3119791,20810,-17870,-2940,0,28831,-24758,-4073,0,0,0,0,1,0
5992,3120312,22091,-14851,-7240,0,30607,-20576,-10031,0,0,0,0,1,0
5993,3120833,22523,-11262,-11262,0,31207,-15603,-15603,0,0,0,0,1,0
5994,3121354,22090,-7240,-14850,0,30607,-10031,-20576,0,0,0,0,1,0
5995,3121875,20807,-2940,-17868,0,28831,-4073,-24758,0,0,0,0,1,0
5996,3122395,18725,1473,-20198,0,25947,2041,-27988,0,0,0,0,1,0
5997,3122916,15924,5829,-21753,0,22066,8077,-30143,0,0,0,0,1,0
5998,3123437,12511,9960,-22471,0,17337,13802,-31140,0,0,0,0,1,0
5999,3123958,8618,13709,-22326,0,11942,18997,-30940,0,0,0,0,1,0
6000,3124479,4393,16930,-21323,0,6088,23462,-29551,0,0,0,0,1,0
6001,3125000,0,19500,-19500,0,0,27026,-27026,0,0,0,0,1,0
6002,3125520,-4393,21321,-16929,0,-6088,29551,-23462,0,0,0,0,1,0
6003,3126041,-8616,22323,-13707,0,-11942,30940,-18997,0,0,0,0,1,0
6004,3126562,-12509,22467,-9958,0,-17337,31140,-13802,0,0,0,0,1,0
6005,3127083,-15920,21747,-5827,0,-22066,30143,-8077,0,0,0,0,1,0
6006,3127604,-18719,20192,-1472,0,-25947,27988,-2041,0,0,0,0,1,0
6007,3128125,-20799,17861,2938,0,-28831,24758,4073,0,0,0,0,1,0
6008,3128645,-22079,14843,7236,0,-30607,20576,10031,0,0,0,0,1,0
6009,3129166,-22511,11256,11256,0,-31207,15603,15603,0,0,0,0,1,0
6010,3129687,-22078,7236,14842,0,-30607,10031,20576,0,0,0,0,1,0
6011,3130208,-20796,2938,17858,0,-28831,4073,24758,0,0,0,0,1,0
6012,3130729,-18716,-1472,20188,0,-25947,-2041,27988,0,0,0,0,1,0
6013,3131250,-15916,-5826,21741,0,-22066,-8077,30143,0,0,0,0,1,0
6014,3131770,-12504,-9955,22459,0,-17337,-13802,31140,0,0,0,0,1,0
6015,3132291,-8613,-13701,22314,0,-11942,-18997,30940,0,0,0,0,1,0
6016,3132812,-4391,-16921,21312,0,-6088,-23462,29551,0,0,0,0,1,0
6017,3133333,0,-19490,19490,0,0,-27026,27026,0,0,0,0,1,0
6018,3133854,4390,-21310,16920,0,6088,-29551,23462,0,0,0,0,1,0
6019,3134375,8612,-22311,13699,0,11942,-30940,18997,0,0,0,0,1,0
6020,3134895,12502,-22455,9953,0,17337,-31140,13802,0,0,0,0,1,0
6021,3135416,15911,-21735,5824,0,22066,-30143,8077,0,0,0,0,1,0
6022,3135937,18709,-20181,1472,0,25947,-27988,2041,0,0,0,0,1,0
6023,3136458,20788,-17851,-2937,0,28831,-24758,-4073,0,0,0,0,1,0
6024,3136979,22068,-14835,-7232,0,30607,-20576,-10031,0,0,0,0,1,0
6025,3137500,22499,-11250,-11250,0,31207,-15603,-15603,0,0,0,0,1,0
6026,3138020,22066,-7232,-14834,0,30607,-10031,-20576,0,0,0,0,1,0
6027,3138541,20785,-2937,-17849,0,28831,-4073,-24758,0,0,0,0,1,0
6028,3139062,18706,1471,-20177,0,25947,2041,-27988,0,0,0,0,1,0
6029,3139583,15907,5822,-21730,0,22066,8077,-30143,0,0,0,0,1,0
6030,3140104,12498,9950,-22447,0,17337,13802,-31140,0,0,0,0,1,0
6031,3140625,8608,13694,-22302,0,11942,18997,-30940,0,0,0,0,1,0
6032,3141145,4388,16912,-21300,0,6088,23462,-29551,0,0,0,0,1,0
6033,3141666,0,19480,-19480,0,0,27026,-27026,0,0,0,0,1,0
6034,3142187,-4388,21299,-16911,0,-6088,29551,-23462,0,0,0,0,1,0
6035,3142708,-8607,22299,-13692,0,-11942,30940,-18997,0,0,0,0,1,0
6036,3143229,-12495,22443,-9948,0,-17337,31140,-13802,0,0,0,0,1,0
6037,3143750,-15903,21724,-5821,0,-22066,30143,-8077,0,0,0,0,1,0
6038,3144270,-18699,20170,-1471,0,-25947,27988,-2041,0,0,0,0,1,0
6039,3144791,-20777,17842,2935,0,-28831,24758,4073,0,0,0,0,1,0
6040,3145312,-22056,14827,7229,0,-30607,20576,10031,0,0,0,0,1,0
6041,3145833,-22487,11244,11244,0,-31207,15603,15603,0,0,0,0,1,0
6042,3146354,-22054,7228,14826,0,-30607,10031,20576,0,0,0,0,1,0
6043,3146875,-20774,2935,17839,0,-28831,4073,24758,0,0,0,0,1,0
6044,3147395,-18696,-1471,20166,0,-25947,-2041,27988,0,0,0,0,1,0
6045,3147916,-15899,-5819,21718,0,-22066,-8077,30143,0,0,0,0,1,0
6046,3148437,-12491,-9944,22435,0,-17337,-13802,31140,0,0,0,0,1,0
6047,3148958,-8604,-13687,22290,0,-11942,-18997,30940,0,0,0,0,1,0
6048,3149479,-4386,-16903,21289,0,-6088,-23462,29551,0,0,0,0,1,0
6049,3150000,0,-19469,19469,0,0,-27026,27026,0,0,0,0,1,0
6050,3150520,4386,-21288,16902,0,6088,-29551,23462,0,0,0,0,1,0
6051,3151041,8603,-22288,13685,0,11942,-30940,18997,0,0,0,0,1,0
6052,3151562,12489,-22431,9942,0,17337,-31140,13802,0,0,0,0,1,0
6053,3152083,15895,-21712,5818,0,22066,-30143,8077,0,0,0,0,1,0
6054,3152604,18689,-20160,1470,0,25947,-27988,2041,0,0,0,0,1,0
6055,3153125,20766,-17832,-2934,0,28831,-24758,-4073,0,0,0,0,1,0
6056,3153645,22044,-14820,-7225,0,30607,-20576,-10031,0,0,0,0,1,0
6057,3154166,22475,-11238,-11238,0,31207,-15603,-15603,0,0,0,0,1,0
6058,3154687,22043,-7224,-14819,0,30607,-10031,-20576,0,0,0,0,1,0
6059,3155208,20763,-2933,-17830,0,28831,-4073,-24758,0,0,0,0,1,0
6060,3155729,18686,1470,-20156,0,25947,2041,-27988,0,0,0,0,1,0
6061,3156250,15890,5816,-21707,0,22066,8077,-30143,0,0,0,0,1,0
6062,3156770,12485,9939,-22424,0,17337,13802,-31140,0,0,0,0,1,0
6063,3157291,8599,13679,-22279,0,11942,18997,-30940,0,0,0,0,1,0
6064,3157812,4384,16894,-21278,0,6088,23462,-29551,0,0,0,0,1,0
6065,3158333,0,19459,-19459,0,0,27026,-27026,0,0,0,0,1,0
6066,3158854,-4383,21276,-16893,0,-6088,29551,-23462,0,0,0,0,1,0
6067,3159375,-8598,22276,-13678,0,-11942,30940,-18997,0,0,0,0,1,0
6068,3159895,-12482,22419,-9937,0,-17337,31140,-13802,0,0,0,0,1,0
6069,3160416,-15886,21701,-5815,0,-22066,30143,-8077,0,0,0,0,1,0
6070,3160937,-18680,20149,-1469,0,-25947,27988,-2041,0,0,0,0,1,0
6071,3161458,-20755,17823,2932,0,-28831,24758,4073,0,0,0,0,1,0
6072,3161979,-22033,14812,7221,0,-30607,20576,10031,0,0,0,0,1,0
6073,3162500,-22464,11232,11232,0,-31207,15603,15603,0,0,0,0,1,0
6074,3163020,-22031,7220,14811,0,-30607,10031,20576,0,0,0,0,1,0
6075,3163541,-20752,2932,17820,0,-28831,4073,24758,0,0,0,0,1,0
6076,3164062,-18676,-1469,20145,0,-25947,-2041,27988,0,0,0,0,1,0
6077,3164583,-15882,-5813,21695,0,-22066,-8077,30143,0,0,0,0,1,0
6078,3165104,-12478,-9934,22412,0,-17337,-13802,31140,0,0,0,0,1,0
6079,3165625,-8595,-13672,22267,0,-11942,-18997,30940,0,0,0,0,1,0
6080,3166145,-4381,-16885,21267,0,-6088,-23462,29551,0,0,0,0,1,0
6081,3166666,0,-19449,19449,0,0,-27026,27026,0,0,0,0,1,0
6082,3167187,4381,-21265,16884,0,6088,-29551,23462,0,0,0,0,1,0
6083,3167708,8594,-22264,13670,0,11942,-30940,18997,0,0,0,0,1,0
6084,3168229,12476,-22407,9932,0,17337,-31140,13802,0,0,0,0,1,0
6085,3168750,15878,-21690,5812,0,22066,-30143,8077,0,0,0,0,1,0
6086,3169270,18670,-20138,1469,0,25947,-27988,2041,0,0,0,0,1,0
6087,3169791,20744,-17813,-2931,0,28831,-24758,-4073,0,0,0,0,1,0
6088,3170312,22021,-14804,-7217,0,30607,-20576,-10031,0,0,0,0,1,0
6089,3170833,22452,-11226,-11226,0,31207,-15603,-15603,0,0,0,0,1,0
6090,3171354,22020,-7217,-14803,0,30607,-10031,-20576,0,0,0,0,1,0
6091,3171875,20741,-2930,-17811,0,28831,-4073,-24758,0,0,0,0,1,0
6092,3172395,18666,1468,-20134,0,25947,2041,-27988,0,0,0,0,1,0
6093,3172916,15874,5810,-21684,0,22066,8077,-30143,0,0,0,0,1,0
6094,3173437,12471,9929,-22400,0,17337,13802,-31140,0,0,0,0,1,0
6095,3173958,8590,13665,-22255,0,11942,18997,-30940,0,0,0,0,1,0
6096,3174479,4379,16876,-21255,0,6088,23462,-29551,0,0,0,0,1,0
6097,3175000,0,19439,-19439,0,0,27026,-27026,0,0,0,0,1,0
6098,3175520,-4379,21254,-16875,0,-6088,29551,-23462,0,0,0,0,1,0
6099,3176041,-8589,22252,-13663,0,-11942,30940,-18997,0,0,0,0,1,0
6100,3176562,-12469,22396,-9927,0,-17337,31140,-13802,0,0,0,0,1,0
6101,3177083,-15870,21678,-5809,0,-22066,30143,-8077,0,0,0,0,1,0
6102,3177604,-18660,20128,-1468,0,-25947,27988,-2041,0,0,0,0,1,0
6103,3178125,-20733,17804,2929,0,-28831,24758,4073,0,0,0,0,1,0
6104,3178645,-22010,14796,7213,0,-30607,20576,10031,0,0,0,0,1,0
6105,3179166,-22440,11220,11220,0,-31207,15603,15603,0,0,0,0,1,0
6106,3179687,-22008,7213,14795,0,-30607,10031,20576,0,0,0,0,1,0
6107,3180208,-20731,2929,17802,0,-28831,4073,24758,0,0,0,0,1,0
6108,3180729,-18656,-1468,20124,0,-25947,-2041,27988,0,0,0,0,1,0
6109,3181250,-15865,-5807,21673,0,-22066,-8077,30143,0,0,0,0,1,0
6110,3181770,-12465,-9923,22388,0,-17337,-13802,31140,0,0,0,0,1,0
6111,3182291,-8586,-13658,22244,0,-11942,-18997,30940,0,0,0,0,1,0
6112,3182812,-4377,-16867,21244,0,-6088,-23462,29551,0,0,0,0,1,0
6113,3183333,0,-19429,19429,0,0,-27026,27026,0,0,0,0,1,0
6114,3183854,4377,-21243,16866,0,6088,-29551,23462,0,0,0,0,1,0
6115,3184375,8585,-22241,13656,0,11942,-30940,18997,0,0,0,0,1,0
6116,3184895,12463,-22384,9921,0,17337,-31140,13802,0,0,0,0,1,0
6117,3185416,15861,-21667,5806,0,22066,-30143,8077,0,0,0,0,1,0
6118,3185937,18650,-20117,1467,0,25947,-27988,2041,0,0,0,0,1,0
6119,3186458,20722,-17795,-2928,0,28831,-24758,-4073,0,0,0,0,1,0
6120,3186979,21998,-14788,-7210,0,30607,-20576,-10031,0,0,0,0,1,0
6121,3187500,22428,-11214,-11214,0,31207,-15603,-15603,0,0,0,0,1,0
6122,3188020,21997,-7209,-14788,0,30607,-10031,-20576,0,0,0,0,1,0
6123,3188541,20720,-2927,-17792,0,28831,-4073,-24758,0,0,0,0,1,0
6124,3189062,18647,1467,-20113,0,25947,2041,-27988,0,0,0,0,1,0
6125,3189583,15857,5804,-21661,0,22066,8077,-30143,0,0,0,0,1,0
6126,3190104,12458,9918,-22377,0,17337,13802,-31140,0,0,0,0,1,0
6127,3190625,8581,13651,-22232,0,11942,18997,-30940,0,0,0,0,1,0
6128,3191145,4375,16859,-21233,0,6088,23462,-29551,0,0,0,0,1,0
6129,3191666,0,19418,-19418,0,0,27026,-27026,0,0,0,0,1,0
6130,3192187,-4374,21232,-16858,0,-6088,29551,-23462,0,0,0,0,1,0
6131,3192708,-8580,22229,-13649,0,-11942,30940,-18997,0,0,0,0,1,0
6132,3193229,-12456,22372,-9916,0,-17337,31140,-13802,0,0,0,0,1,0
6133,3193750,-15853,21656,-5803,0,-22066,30143,-8077,0,0,0,0,1,0
6134,3194270,-18641,20107,-1466,0,-25947,27988,-2041,0,0,0,0,1,0
6135,3194791,-20712,17785,2926,0,-28831,24758,4073,0,0,0,0,1,0
6136,3195312,-21987,14781,7206,0,-30607,20576,10031,0,0,0,0,1,0
6137,3195833,-22417,11208,11208,0,-31207,15603,15603,0,0,0,0,1,0
6138,3196354,-21985,7205,14780,0,-30607,10031,20576,0,0,0,0,1,0
6139,3196875,-20709,2926,17783,0,-28831,4073,24758,0,0,0,0,1,0
6140,3197395,-18637,-1466,20103,0,-25947,-2041,27988,0,0,0,0,1,0
6141,3197916,-15849,-5801,21650,0,-22066,-8077,30143,0,0,0,0,1,0
6142,3198437,-12452,-9913,22365,0,-17337,-13802,31140,0,0,0,0,1,0
6143,3198958,-8577,-13644,22221,0,-11942,-18997,30940,0,0,0,0,1,0
6144,3199479,-4372,-16850,21222,0,-6088,-23462,29551,0,0,0,0,1,0
6145,3200000,0,-19408,19408,0,0,-27026,27026,0,0,0,0,1,0
6146,3200520,4372,-21221,16849,0,6088,-29551,23462,0,0,0,0,1,0
6147,3201041,8576,-22218,13642,0,11942,-30940,18997,0,0,0,0,1,0
6148,3201562,12450,-22361,9911,0,17337,-31140,13802,0,0,0,0,1,0
6149,3202083,15845,-21644,5800,0,22066,-30143,8077,0,0,0,0,1,0
6150,3202604,18631,-20096,1465,0,25947,-27988,2041,0,0,0,0,1,0
6151,3203125,20701,-17776,-2925,0,28831,-24758,-4073,0,0,0,0,1,0
6152,3203645,21975,-14773,-7202,0,30607,-20576,-10031,0,0,0,0,1,0
6153,3204166,22405,-11202,-11202,0,31207,-15603,-15603,0,0,0,0,1,0
6154,3204687,21974,-7202,-14772,0,30607,-10031,-20576,0,0,0,0,1,0
6155,3205208,20698,-2924,-17774,0,28831,-4073,-24758,0,0,0,0,1,0
6156,3205729,18627,1465,-20092,0,25947,2041,-27988,0,0,0,0,1,0
6157,3206250,15841,5798,-21639,0,22066,8077,-30143,0,0,0,0,1,0
6158,3206770,12446,9908,-22353,0,17337,13802,-31140,0,0,0,0,1,0
6159,3207291,8572,13637,-22209,0,11942,18997,-30940,0,0,0,0,1,0
6160,3207812,4370,16841,-21211,0,6088,23462,-29551,0,0,0,0,1,0
6161,3208333,0,19398,-19398,0,0,27026,-27026,0,0,0,0,1,0
6162,3208854,-4370,21210,-16840,0,-6088,29551,-23462,0,0,0,0,1,0
6163,3209375,-8571,22206,-13635,0,-11942,30940,-18997,0,0,0,0,1,0
6164,3209895,-12443,22349,-9906,0,-17337,31140,-13802,0,0,0,0,1,0
6165,3210416,-15837,21633,-5797,0,-22066,30143,-8077,0,0,0,0,1,0
6166,3210937,-18621,20086,-1465,0,-25947,27988,-2041,0,0,0,0,1,0
6167,3211458,-20690,17767,2923,0,-28831,24758,4073,0,0,0,0,1,0
6168,3211979,-21964,14765,7198,0,-30607,20576,10031,0,0,0,0,1,0
6169,3212500,-22393,11197,11197,0,-31207,15603,15603,0,0,0,0,1,0
6170,3213020,-21962,7198,14765,0,-30607,10031,20576,0,0,0,0,1,0
6171,3213541,-20687,2923,17765,0,-28831,4073,24758,0,0,0,0,1,0
6172,3214062,-18618,-1464,20082,0,-25947,-2041,27988,0,0,0,0,1,0
6173,3214583,-15832,-5795,21628,0,-22066,-8077,30143,0,0,0,0,1,0
6174,3215104,-12439,-9903,22342,0,-17337,-13802,31140,0,0,0,0,1,0
6175,3215625,-8568,-13630,22198,0,-11942,-18997,30940,0,0,0,0,1,0
6176,3216145,-4368,-16832,21200,0,-6088,-23462,29551,0,0,0,0,1,0
6177,3216666,0,-19388,19388,0,0,-27026,27026,0,0,0,0,1,0
6178,3217187,4367,-21199,16831,0,6088,-29551,23462,0,0,0,0,1,0
6179,3217708,8567,-22195,13628,0,11942,-30940,18997,0,0,0,0,1,0
6180,3218229,12437,-22338,9901,0,17337,-31140,13802,0,0,0,0,1,0
6181,3218750,15828,-21622,5794,0,22066,-30143,8077,0,0,0,0,1,0
6182,3219270,18612,-20076,1464,0,25947,-27988,2041,0,0,0,0,1,0
6183,3219791,20679,-17758,-2922,0,28831,-24758,-4073,0,0,0,0,1,0
6184,3220312,21952,-14758,-7195,0,30607,-20576,-10031,0,0,0,0,1,0
6185,3220833,22382,-11191,-11191,0,31207,-15603,-15603,0,0,0,0,1,0
6186,3221354,21951,-7194,-14757,0,30607,-10031,-20576,0,0,0,0,1,0
6187,3221875,20677,-2921,-17756,0,28831,-4073,-24758,0,0,0,0,1,0
6188,3222395,18608,1464,-20072,0,25947,2041,-27988,0,0,0,0,1,0
6189,3222916,15824,5792,-21616,0,22066,8077,-30143,0,0,0,0,1,0
6190,3223437,12433,9898,-22330,0,17337,13802,-31140,0,0,0,0,1,0
6191,3223958,8564,13623,-22186,0,11942,18997,-30940,0,0,0,0,1,0
6192,3224479,4365,16824,-21189,0,6088,23462,-29551,0,0,0,0,1,0
6193,3225000,0,19378,-19378,0,0,27026,-27026,0,0,0,0,1,0
6194,3225520,-4365,21188,-16823,0,-6088,29551,-23462,0,0,0,0,1,0
6195,3226041,-8562,22183,-13621,0,-11942,30940,-18997,0,0,0,0,1,0
6196,3226562,-12430,22326,-9896,0,-17337,31140,-13802,0,0,0,0,1,0
6197,3227083,-15820,21611,-5791,0,-22066,30143,-8077,0,0,0,0,1,0
6198,3227604,-18602,20065,-1463,0,-25947,27988,-2041,0,0,0,0,1,0
6199,3228125,-20669,17749,2920,0,-28831,24758,4073,0,0,0,0,1,0
6200,3228645,-21941,14750,7191,0,-30607,20576,10031,0,0,0,0,1,0
6201,3229166,-22370,11185,11185,0,-31207,15603,15603,0,0,0,0,1,0
6202,3229687,-21940,7190,14749,0,-30607,10031,20576,0,0,0,0,1,0
6203,3230208,-20666,2920,17746,0,-28831,4073,24758,0,0,0,0,1,0
6204,3230729,-18598,-1463,20061,0,-25947,-2041,27988,0,0,0,0,1,0
6205,3231250,-15816,-5789,21605,0,-22066,-8077,30143,0,0,0,0,1,0
6206,3231770,-12426,-9893,22319,0,-17337,-13802,31140,0,0,0,0,1,0
6207,3232291,-8559,-13616,22175,0,-11942,-18997,30940,0,0,0,0,1,0
6208,3232812,-4363,-16815,21178,0,-6088,-23462,29551,0,0,0,0,1,0
6209,3233333,0,-19368,19368,0,0,-27026,27026,0,0,0,0,1,0
6210,3233854,4363,-21177,16814,0,6088,-29551,23462,0,0,0,0,1,0
6211,3234375,8558,-22172,13614,0,11942,-30940,18997,0,0,0,0,1,0
6212,3234895,12424,-22315,9891,0,17337,-31140,13802,0,0,0,0,1,0
6213,3235416,15812,-21600,5788,0,22066,-30143,8077,0,0,0,0,1,0
6214,3235937,18593,-20055,1462,0,25947,-27988,2041,0,0,0,0,1,0
6215,3236458,20658,-17740,-2919,0,28831,-24758,-4073,0,0,0,0,1,0
6216,3236979,21930,-14743,-7187,0,30607,-20576,-10031,0,0,0,0,1,0
6217,3237500,22359,-11179,-11179,0,31207,-15603,-15603,0,0,0,0,1,0
6218,3238020,21929,-7187,-14742,0,30607,-10031,-20576,0,0,0,0,1,0
6219,3238541,20656,-2918,-17737,0,28831,-4073,-24758,0,0,0,0,1,0
6220,3239062,18589,1462,-20051,0,25947,2041,-27988,0,0,0,0,1,0
6221,3239583,15808,5786,-21594,0,22066,8077,-30143,0,0,0,0,1,0
6222,3240104,12420,9887,-22307,0,17337,13802,-31140,0,0,0,0,1,0
6223,3240625,8555,13609,-22163,0,11942,18997,-30940,0,0,0,0,1,0
6224,3241145,4361,16807,-21168,0,6088,23462,-29551,0,0,0,0,1,0
6225,3241666,0,19358,-19358,0,0,27026,-27026,0,0,0,0,1,0
6226,3242187,-4361,21166,-16805,0,-6088,29551,-23462,0,0,0,0,1,0
6227,3242708,-8554,22160,-13607,0,-11942,30940,-18997,0,0,0,0,1,0
6228,3243229,-12418,22303,-9886,0,-17337,31140,-13802,0,0,0,0,1,0
6229,3243750,-15804,21589,-5785,0,-22066,30143,-8077,0,0,0,0,1,0
6230,3244270,-18583,20045,-1462,0,-25947,27988,-2041,0,0,0,0,1,0
6231,3244791,-20648,17731,2917,0,-28831,24758,4073,0,0,0,0,1,0
6232,3245312,-21919,14735,7184,0,-30607,20576,10031,0,0,0,0,1,0
6233,3245833,-22347,11174,11174,0,-31207,15603,15603,0,0,0,0,1,0
6234,3246354,-21917,7183,14734,0,-30607,10031,20576,0,0,0,0,1,0
6235,3246875,-20645,2917,17728,0,-28831,4073,24758,0,0,0,0,1,0
6236,3247395,-18579,-1461,20041,0,-25947,-2041,27988,0,0,0,0,1,0
6237,3247916,-15800,-5783,21583,0,-22066,-8077,30143,0,0,0,0,1,0
6238,3248437,-12414,-9882,22296,0,-17337,-13802,31140,0,0,0,0,1,0
6239,3248958,-8550,-13602,22152,0,-11942,-18997,30940,0,0,0,0,1,0
6240,3249479,-4359,-16798,21157,0,-6088,-23462,29551,0,0,0,0,1,0
6241,3250000,0,-19349,19349,0,0,-27026,27026,0,0,0,0,1,0
6242,3250520,4359,-21155,16797,0,6088,-29551,23462,0,0,0,0,1,0
6243,3251041,8549,-22149,13600,0,11942,-30940,18997,0,0,0,0,1,0
6244,3251562,12411,-22292,9881,0,17337,-31140,13802,0,0,0,0,1,0
6245,3252083,15796,-21578,5782,0,22066,-30143,8077,0,0,0,0,1,0
6246,3252604,18574,-20035,1461,0,25947,-27988,2041,0,0,0,0,1,0
6247,3253125,20637,-17722,-2916,0,28831,-24758,-4073,0,0,0,0,1,0
6248,3253645,21908,-14728,-7180,0,30607,-20576,-10031,0,0,0,0,1,0
6249,3254166,22336,-11168,-11168,0,31207,-15603,-15603,0,0,0,0,1,0
6250,3254687,21906,-7179,-14727,0,30607,-10031,-20576,0,0,0,0,1,0
6251,3255208,20635,-2915,-17719,0,28831,-4073,-24758,0,0,0,0,1,0
6252,3255729,18570,1461,-20031,0,25947,2041,-27988,0,0,0,0,1,0
6253,3256250,15792,5780,-21572,0,22066,8077,-30143,0,0,0,0,1,0
6254,3256770,12407,9877,-22285,0,17337,13802,-31140,0,0,0,0,1,0
6255,3257291,8546,13595,-22141,0,11942,18997,-30940,0,0,0,0,1,0
6256,3257812,4357,16789,-21146,0,6088,23462,-29551,0,0,0,0,1,0
6257,3258333,0,19339,-19339,0,0,27026,-27026,0,0,0,0,1,0
6258,3258854,-4356,21145,-16788,0,-6088,29551,-23462,0,0,0,0,1,0
6259,3259375,-8545,22138,-13593,0,-11942,30940,-18997,0,0,0,0,1,0
6260,3259895,-12405,22280,-9876,0,-17337,31140,-13802,0,0,0,0,1,0
6261,3260416,-15788,21567,-5779,0,-22066,30143,-8077,0,0,0,0,1,0
6262,3260937,-18564,20024,-1460,0,-25947,27988,-2041,0,0,0,0,1,0
6263,3261458,-20627,17713,2914,0,-28831,24758,4073,0,0,0,0,1,0
6264,3261979,-21896,14720,7176,0,-30607,20576,10031,0,0,0,0,1,0
6265,3262500,-22325,11162,11162,0,-31207,15603,15603,0,0,0,0,1,0
6266,3263020,-21895,7176,14719,0,-30607,10031,20576,0,0,0,0,1,0
6267,3263541,-20624,2914,17710,0,-28831,4073,24758,0,0,0,0,1,0
6268,3264062,-18561,-1460,20021,0,-25947,-2041,27988,0,0,0,0,1,0
6269,3264583,-15784,-5777,21561,0,-22066,-8077,30143,0,0,0,0,1,0
6270,3265104,-12401,-9872,22273,0,-17337,-13802,31140,0,0,0,0,1,0
6271,3265625,-8542,-13588,22130,0,-11942,-18997,30940,0,0,0,0,1,0
6272,3266145,-4354,-16781,21135,0,-6088,-23462,29551,0,0,0,0,1,0
6273,3266666,0,-19329,19329,0,0,-27026,27026,0,0,0,0,1,0
6274,3267187,4354,-21134,16780,0,6088,-29551,23462,0,0,0,0,1,0
6275,3267708,8541,-22127,13586,0,11942,-30940,18997,0,0,0,0,1,0
6276,3268229,12399,-22269,9871,0,17337,-31140,13802,0,0,0,0,1,0
6277,3268750,15780,-21556,5776,0,22066,-30143,8077,0,0,0,0,1,0
6278,3269270,18555,-20014,1460,0,25947,-27988,2041,0,0,0,0,1,0
6279,3269791,20616,-17704,-2913,0,28831,-24758,-4073,0,0,0,0,1,0
6280,3270312,21885,-14713,-7173,0,30607,-20576,-10031,0,0,0,0,1,0
6281,3270833,22313,-11157,-11157,0,31207,-15603,-15603,0,0,0,0,1,0
6282,3271354,21884,-7172,-14712,0,30607,-10031,-20576,0,0,0,0,1,0
6283,3271875,20614,-2912,-17701,0,28831,-4073,-24758,0,0,0,0,1,0
6284,3272395,18551,1459,-20010,0,25947,2041,-27988,0,0,0,0,1,0
6285,3272916,15776,5774,-21550,0,22066,8077,-30143,0,0,0,0,1,0
6286,3273437,12395,9867,-22262,0,17337,13802,-31140,0,0,0,0,1,0
6287,3273958,8537,13581,-22118,0,11942,18997,-30940,0,0,0,0,1,0
6288,3274479,4352,16772,-21125,0,6088,23462,-29551,0,0,0,0,1,0
6289,3275000,0,19319,-19319,0,0,27026,-27026,0,0,0,0,1,0
6290,3275520,-4352,21123,-16771,0,-6088,29551,-23462,0,0,0,0,1,0
6291,3276041,-8536,22116,-13579,0,-11942,30940,-18997,0,0,0,0,1,0
6292,3276562,-12392,22258,-9866,0,-17337,31140,-13802,0,0,0,0,1,0
6293,3277083,-15772,21545,-5773,0,-22066,30143,-8077,0,0,0,0,1,0
6294,3277604,-18545,20004,-1459,0,-25947,27988,-2041,0,0,0,0,1,0
6295,3278125,-20606,17695,2911,0,-28831,24758,4073,0,0,0,0,1,0
6296,3278645,-21874,14705,7169,0,-30607,20576,10031,0,0,0,0,1,0
6297,3279166,-22302,11151,11151,0,-31207,15603,15603,0,0,0,0,1,0
6298,3279687,-21873,7169,14704,0,-30607,10031,20576,0,0,0,0,1,0
6299,3280208,-20603,2911,17692,0,-28831,4073,24758,0,0,0,0,1,0
6300,3280729,-18542,-1458,20000,0,-25947,-2041,27988,0,0,0,0,1,0
6301,3281250,-15768,-5771,21539,0,-22066,-8077,30143,0,0,0,0,1,0
6302,3281770,-12388,-9862,22251,0,-17337,-13802,31140,0,0,0,0,1,0
6303,3282291,-8533,-13574,22107,0,-11942,-18997,30940,0,0,0,0,1,0
6304,3282812,-4350,-16764,21114,0,-6088,-23462,29551,0,0,0,0,1,0
6305,3283333,0,-19309,19309,0,0,-27026,27026,0,0,0,0,1,0
6306,3283854,4350,-21113,16763,0,6088,-29551,23462,0,0,0,0,1,0
6307,3284375,8532,-22104,13572,0,11942,-30940,18997,0,0,0,0,1,0
6308,3284895,12386,-22247,9861,0,17337,-31140,13802,0,0,0,0,1,0
6309,3285416,15764,-21534,5770,0,22066,-30143,8077,0,0,0,0,1,0
6310,3285937,18536,-19994,1458,0,25947,-27988,2041,0,0,0,0,1,0
6311,3286458,20595,-17686,-2910,0,28831,-24758,-4073,0,0,0,0,1,0
6312,3286979,21863,-14698,-7165,0,30607,-20576,-10031,0,0,0,0,1,0
6313,3287500,22291,-11145,-11145,0,31207,-15603,-15603,0,0,0,0,1,0
6314,3288020,21862,-7165,-14697,0,30607,-10031,-20576,0,0,0,0,1,0
6315,3288541,20593,-2909,-17683,0,28831,-4073,-24758,0,0,0,0,1,0
6316,3289062,18532,1458,-19990,0,25947,2041,-27988,0,0,0,0,1,0
6317,3289583,15760,5769,-21529,0,22066,8077,-30143,0,0,0,0,1,0
6318,3290104,12382,9857,-22240,0,17337,13802,-31140,0,0,0,0,1,0
6319,3290625,8529,13567,-22096,0,11942,18997,-30940,0,0,0,0,1,0
6320,3291145,4348,16756,-21103,0,6088,23462,-29551,0,0,0,0,1,0
6321,3291666,0,19300,-19300,0,0,27026,-27026,0,0,0,0,1,0
6322,3292187,-4348,21102,-16754,0,-6088,29551,-23462,0,0,0,0,1,0
6323,3292708,-8528,22093,-13566,0,-11942,30940,-18997,0,0,0,0,1,0
6324,3293229,-12380,22236,-9856,0,-17337,31140,-13802,0,0,0,0,1,0
6325,3293750,-15756,21523,-5767,0,-22066,30143,-8077,0,0,0,0,1,0
6326,3294270,-18527,19984,-1457,0,-25947,27988,-2041,0,0,0,0,1,0
6327,3294791,-20585,17677,2908,0,-28831,24758,4073,0,0,0,0,1,0
6328,3295312,-21852,14691,7162,0,-30607,20576,10031,0,0,0,0,1,0
6329,3295833,-22280,11140,11140,0,-31207,15603,15603,0,0,0,0,1,0
6330,3296354,-21851,7161,14690,0,-30607,10031,20576,0,0,0,0,1,0
6331,3296875,-20582,2908,17675,0,-28831,4073,24758,0,0,0,0,1,0
6332,3297395,-18523,-1457,19980,0,-25947,-2041,27988,0,0,0,0,1,0
6333,3297916,-15752,-5766,21518,0,-22066,-8077,30143,0,0,0,0,1,0
6334,3298437,-12376,-9853,22229,0,-17337,-13802,31140,0,0,0,0,1,0
6335,3298958,-8524,-13560,22085,0,-11942,-18997,30940,0,0,0,0,1,0
6336,3299479,-4346,-16747,21093,0,-6088,-23462,29551,0,0,0,0,1,0
6337,3300000,0,-19290,19290,0,0,-27026,27026,0,0,0,0,1,0
6338,3300520,4345,-21091,16746,0,6088,-29551,23462,0,0,0,0,1,0
6339,3301041,8523,-22082,13559,0,11942,-30940,18997,0,0,0,0,1,0
6340,3301562,12374,-22224,9851,0,17337,-31140,13802,0,0,0,0,1,0
6341,3302083,15748,-21512,5764,0,22066,-30143,8077,0,0,0,0,1,0
6342,3302604,18517,-19974,1457,0,25947,-27988,2041,0,0,0,0,1,0
6343,3303125,20575,-17668,-2907,0,28831,-24758,-4073,0,0,0,0,1,0
6344,3303645,21841,-14683,-7158,0,30607,-20576,-10031,0,0,0,0,1,0
6345,3304166,22269,-11134,-11134,0,31207,-15603,-15603,0,0,0,0,1,0
6346,3304687,21840,-7158,-14682,0,30607,-10031,-20576,0,0,0,0,1,0
6347,3305208,20572,-2906,-17666,0,28831,-4073,-24758,0,0,0,0,1,0
6348,3305729,18514,1456,-19970,0,25947,2041,-27988,0,0,0,0,1,0
6349,3306250,15744,5763,-21507,0,22066,8077,-30143,0,0,0,0,1,0
6350,3306770,12370,9848,-22217,0,17337,13802,-31140,0,0,0,0,1,0
6351,3307291,8520,13554,-22074,0,11942,18997,-30940,0,0,0,0,1,0
6352,3307812,4343,16739,-21082,0,6088,23462,-29551,0,0,0,0,1,0
6353,3308333,0,19280,-19280,0,0,27026,-27026,0,0,0,0,1,0
6354,3308854,-4343,21081,-16738,0,-6088,29551,-23462,0,0,0,0,1,0
6355,3309375,-8519,22071,-13552,0,-11942,30940,-18997,0,0,0,0,1,0
6356,3309895,-12368,22213,-9846,0,-17337,31140,-13802,0,0,0,0,1,0
6357,3310416,-15740,21502,-5761,0,-22066,30143,-8077,0,0,0,0,1,0
6358,3310937,-18508,19964,-1456,0,-25947,27988,-2041,0,0,0,0,1,0
6359,3311458,-20565,17659,2905,0,-28831,24758,4073,0,0,0,0,1,0
6360,3311979,-21830,14676,7155,0,-30607,20576,10031,0,0,0,0,1,0
6361,3312500,-22257,11129,11129,0,-31207,15603,15603,0,0,0,0,1,0
6362,3313020,-21829,7154,14675,0,-30607,10031,20576,0,0,0,0,1,0
6363,3313541,-20562,2905,17657,0,-28831,4073,24758,0,0,0,0,1,0
6364,3314062,-18505,-1456,19960,0,-25947,-2041,27988,0,0,0,0,1,0
6365,3314583,-15736,-5760,21496,0,-22066,-8077,30143,0,0,0,0,1,0
6366,3315104,-12364,-9843,22206,0,-17337,-13802,31140,0,0,0,0,1,0
6367,3315625,-8516,-13547,22063,0,-11942,-18997,30940,0,0,0,0,1,0
6368,3316145,-4341,-16730,21072,0,-6088,-23462,29551,0,0,0,0,1,0
6369,3316666,0,-19271,19271,0,0,-27026,27026,0,0,0,0,1,0
6370,3317187,4341,-21070,16729,0,6088,-29551,23462,0,0,0,0,1,0
6371,3317708,8515,-22060,13545,0,11942,-30940,18997,0,0,0,0,1,0
6372,3318229,12361,-22202,9841,0,17337,-31140,13802,0,0,0,0,1,0
6373,3318750,15733,-21491,5759,0,22066,-30143,8077,0,0,0,0,1,0
6374,3319270,18499,-19954,1455,0,25947,-27988,2041,0,0,0,0,1,0
6375,3319791,20554,-17650,-2904,0,28831,-24758,-4073,0,0,0,0,1,0
6376,3320312,21820,-14669,-7151,0,30607,-20576,-10031,0,0,0,0,1,0
6377,3320833,22246,-11123,-11123,0,31207,-15603,-15603,0,0,0,0,1,0
6378,3321354,21818,-7151,-14668,0,30607,-10031,-20576,0,0,0,0,1,0
6379,3321875,20552,-2904,-17648,0,28831,-4073,-24758,0,0,0,0,1,0
6380,3322395,18495,1455,-19950,0,25947,2041,-27988,0,0,0,0,1,0
6381,3322916,15729,5757,-21486,0,22066,8077,-30143,0,0,0,0,1,0
6382,3323437,12358,9838,-22195,0,17337,13802,-31140,0,0,0,0,1,0
6383,3323958,8512,13540,-22052,0,11942,18997,-30940,0,0,0,0,1,0
6384,3324479,4339,16722,-21061,0,6088,23462,-29551,0,0,0,0,1,0
6385,3325000,0,19261,-19261,0,0,27026,-27026,0,0,0,0,1,0
6386,3325520,-4339,21060,-16721,0,-6088,29551,-23462,0,0,0,0,1,0
6387,3326041,-8511,22049,-13539,0,-11942,30940,-18997,0,0,0,0,1,0
6388,3326562,-12355,22191,-9836,0,-17337,31140,-13802,0,0,0,0,1,0
6389,3327083,-15725,21480,-5756,0,-22066,30143,-8077,0,0,0,0,1,0
6390,3327604,-18490,19944,-1454,0,-25947,27988,-2041,0,0,0,0,1,0
6391,3328125,-20544,17642,2902,0,-28831,24758,4073,0,0,0,0,1,0
6392,3328645,-21809,14661,7148,0,-30607,20576,10031,0,0,0,0,1,0
6393,3329166,-22235,11118,11118,0,-31207,15603,15603,0,0,0,0,1,0
6394,3329687,-21807,7147,14660,0,-30607,10031,20576,0,0,0,0,1,0
6395,3330208,-20542,2902,17639,0,-28831,4073,24758,0,0,0,0,1,0
6396,3330729,-18486,-1454,19940,0,-25947,-2041,27988,0,0,0,0,1,0
6397,3331250,-15721,-5754,21475,0,-22066,-8077,30143,0,0,0,0,1,0
6398,3331770,-12351,-9833,22184,0,-17337,-13802,31140,0,0,0,0,1,0
6399,3332291,-8508,-13534,22041,0,-11942,-18997,30940,0,0,0,0,1,0
6400,3332812,-4337,-16714,21051,0,-6088,-23462,29551,0,0,0,0,1,0
6401,3333333,0,-19252,19252,0,0,-27026,27026,0,0,0,0,1,0
6402,3333854,4337,-21049,16713,0,6088,-29551,23462,0,0,0,0,1,0
6403,3334375,8506,-22038,13532,0,11942,-30940,18997,0,0,0,0,1,0
6404,3334895,12349,-22180,9831,0,17337,-31140,13802,0,0,0,0,1,0
6405,3335416,15717,-21470,5753,0,22066,-30143,8077,0,0,0,0,1,0
6406,3335937,18481,-19934,1454,0,25947,-27988,2041,0,0,0,0,1,0
6407,3336458,20534,-17633,-2901,0,28831,-24758,-4073,0,0,0,0,1,0
6408,3336979,21798,-14654,-7144,0,30607,-20576,-10031,0,0,0,0,1,0
6409,3337500,22224,-11112,-11112,0,31207,-15603,-15603,0,0,0,0,1,0
6410,3338020,21797,-7144,-14653,0,30607,-10031,-20576,0,0,0,0,1,0
6411,3338541,20531,-2901,-17631,0,28831,-4073,-24758,0,0,0,0,1,0
6412,3339062,18477,1453,-19931,0,25947,2041,-27988,0,0,0,0,1,0
6413,3339583,15713,5751,-21464,0,22066,8077,-30143,0,0,0,0,1,0
6414,3340104,12345,9828,-22173,0,17337,13802,-31140,0,0,0,0,1,0
6415,3340625,8503,13527,-22030,0,11942,18997,-30940,0,0,0,0,1,0
6416,3341145,4335,16706,-21040,0,6088,23462,-29551,0,0,0,0,1,0
6417,3341666,0,19242,-19242,0,0,27026,-27026,0,0,0,0,1,0
6418,3342187,-4335,21039,-16705,0,-6088,29551,-23462,0,0,0,0,1,0
6419,3342708,-8502,22027,-13525,0,-11942,30940,-18997,0,0,0,0,1,0
6420,3343229,-12343,22169,-9826,0,-17337,31140,-13802,0,0,0,0,1,0
6421,3343750,-15709,21459,-5750,0,-22066,30143,-8077,0,0,0,0,1,0
6422,3344270,-18472,19924,-1453,0,-25947,27988,-2041,0,0,0,0,1,0
6423,3344791,-20524,17624,2900,0,-28831,24758,4073,0,0,0,0,1,0
6424,3345312,-21787,14647,7140,0,-30607,20576,10031,0,0,0,0,1,0
6425,3345833,-22213,11107,11107,0,-31207,15603,15603,0,0,0,0,1,0
6426,3346354,-21786,7140,14646,0,-30607,10031,20576,0,0,0,0,1,0
6427,3346875,-20521,2899,17622,0,-28831,4073,24758,0,0,0,0,1,0
6428,3347395,-18468,-1453,19921,0,-25947,-2041,27988,0,0,0,0,1,0
6429,3347916,-15705,-5749,21454,0,-22066,-8077,30143,0,0,0,0,1,0
6430,3348437,-12339,-9823,22162,0,-17337,-13802,31140,0,0,0,0,1,0
6431,3348958,-8499,-13520,22019,0,-11942,-18997,30940,0,0,0,0,1,0
6432,3349479,-4333,-16697,21030,0,-6088,-23462,29551,0,0,0,0,1,0
6433,3350000,0,-19233,19233,0,0,-27026,27026,0,0,0,0,1,0
6434,3350520,4332,-21029,16696,0,6088,-29551,23462,0,0,0,0,1,0
6435,3351041,8498,-22017,13519,0,11942,-30940,18997,0,0,0,0,1,0
6436,3351562,12337,-22158,9821,0,17337,-31140,13802,0,0,0,0,1,0
6437,3352083,15701,-21449,5747,0,22066,-30143,8077,0,0,0,0,1,0
6438,3352604,18462,-19915,1452,0,25947,-27988,2041,0,0,0,0,1,0
6439,3353125,20514,-17616,-2898,0,28831,-24758,-4073,0,0,0,0,1,0
6440,3353645,21777,-14640,-7137,0,30607,-20576,-10031,0,0,0,0,1,0
6441,3354166,22203,-11101,-11101,0,31207,-15603,-15603,0,0,0,0,1,0
6442,3354687,21775,-7137,-14639,0,30607,-10031,-20576,0,0,0,0,1,0
6443,3355208,20511,-2898,-17613,0,28831,-4073,-24758,0,0,0,0,1,0
6444,3355729,18459,1452,-19911,0,25947,2041,-27988,0,0,0,0,1,0
6445,3356250,15698,5746,-21443,0,22066,8077,-30143,0,0,0,0,1,0
6446,3356770,12333,9818,-22152,0,17337,13802,-31140,0,0,0,0,1,0
6447,3357291,8495,13514,-22009,0,11942,18997,-30940,0,0,0,0,1,0
6448,3357812,4331,16689,-21020,0,6088,23462,-29551,0,0,0,0,1,0
6449,3358333,0,19223,-19223,0,0,27026,-27026,0,0,0,0,1,0
6450,3358854,-4330,21018,-16688,0,-6088,29551,-23462,0,0,0,0,1,0
6451,3359375,-8494,22006,-13512,0,-11942,30940,-18997,0,0,0,0,1,0
6452,3359895,-12331,22148,-9817,0,-17337,31140,-13802,0,0,0,0,1,0
6453,3360416,-15694,21438,-5744,0,-22066,30143,-8077,0,0,0,0,1,0
6454,3360937,-18453,19905,-1452,0,-25947,27988,-2041,0,0,0,0,1,0
6455,3361458,-20504,17607,2897,0,-28831,24758,4073,0,0,0,0,1,0
6456,3361979,-21766,14632,7133,0,-30607,20576,10031,0,0,0,0,1,0
6457,3362500,-22192,11096,11096,0,-31207,15603,15603,0,0,0,0,1,0
6458,3363020,-21765,7133,14632,0,-30607,10031,20576,0,0,0,0,1,0
6459,3363541,-20501,2896,17605,0,-28831,4073,24758,0,0,0,0,1,0
6460,3364062,-18450,-1451,19901,0,-25947,-2041,27988,0,0,0,0,1,0
6461,3364583,-15690,-5743,21433,0,-22066,-8077,30143,0,0,0,0,1,0
6462,3365104,-12327,-9814,22141,0,-17337,-13802,31140,0,0,0,0,1,0
6463,3365625,-8491,-13507,21998,0,-11942,-18997,30940,0,0,0,0,1,0
6464,3366145,-4328,-16681,21009,0,-6088,-23462,29551,0,0,0,0,1,0
6465,3366666,0,-19214,19214,0,0,-27026,27026,0,0,0,0,1,0
6466,3367187,4328,-21008,16680,0,6088,-29551,23462,0,0,0,0,1,0
6467,3367708,8490,-21995,13505,0,11942,-30940,18997,0,0,0,0,1,0
6468,3368229,12325,-22137,9812,0,17337,-31140,13802,0,0,0,0,1,0
6469,3368750,15686,-21428,5742,0,22066,-30143,8077,0,0,0,0,1,0
6470,3369270,18444,-19895,1451,0,25947,-27988,2041,0,0,0,0,1,0
6471,3369791,20494,-17598,-2895,0,28831,-24758,-4073,0,0,0,0,1,0
6472,3370312,21755,-14625,-7130,0,30607,-20576,-10031,0,0,0,0,1,0
6473,3370833,22181,-11090,-11090,0,31207,-15603,-15603,0,0,0,0,1,0
6474,3371354,21754,-7130,-14624,0,30607,-10031,-20576,0,0,0,0,1,0
6475,3371875,20491,-2895,-17596,0,28831,-4073,-24758,0,0,0,0,1,0
6476,3372395,18441,1451,-19892,0,25947,2041,-27988,0,0,0,0,1,0
6477,3372916,15682,5740,-21422,0,22066,8077,-30143,0,0,0,0,1,0
6478,3373437,12321,9809,-22130,0,17337,13802,-31140,0,0,0,0,1,0
6479,3373958,8487,13500,-21987,0,11942,18997,-30940,0,0,0,0,1,0
6480,3374479,4326,16673,-20999,0,6088,23462,-29551,0,0,0,0,1,0
6481,3375000,0,19204,-19204,0,0,27026,-27026,0,0,0,0,1,0
6482,3375520,-4326,20998,-16672,0,-6088,29551,-23462,0,0,0,0,1,0
6483,3376041,-8486,21984,-13499,0,-11942,30940,-18997,0,0,0,0,1,0
6484,3376562,-12319,22126,-9807,0,-17337,31140,-13802,0,0,0,0,1,0
6485,3377083,-15678,21417,-5739,0,-22066,30143,-8077,0,0,0,0,1,0
6486,3377604,-18435,19886,-1450,0,-25947,27988,-2041,0,0,0,0,1,0
6487,3378125,-20484,17590,2894,0,-28831,24758,4073,0,0,0,0,1,0
6488,3378645,-21745,14618,7127,0,-30607,20576,10031,0,0,0,0,1,0
6489,3379166,-22170,11085,11085,0,-31207,15603,15603,0,0,0,0,1,0
6490,3379687,-21743,7126,14617,0,-30607,10031,20576,0,0,0,0,1,0
6491,3380208,-20481,2894,17588,0,-28831,4073,24758,0,0,0,0,1,0
6492,3380729,-18432,-1450,19882,0,-25947,-2041,27988,0,0,0,0,1,0
6493,3381250,-15675,-5737,21412,0,-22066,-8077,30143,0,0,0,0,1,0
6494,3381770,-12315,-9804,22119,0,-17337,-13802,31140,0,0,0,0,1,0
6495,3382291,-8483,-13494,21976,0,-11942,-18997,30940,0,0,0,0,1,0
6496,3382812,-4324,-16665,20989,0,-6088,-23462,29551,0,0,0,0,1,0
6497,3383333,0,-19195,19195,0,0,-27026,27026,0,0,0,0,1,0
6498,3383854,4324,-20988,16664,0,6088,-29551,23462,0,0,0,0,1,0
6499,3384375,8482,-21974,13492,0,11942,-30940,18997,0,0,0,0,1,0
6500,3384895,12313,-22115,9802,0,17337,-31140,13802,0,0,0,0,1,0
6501,3385416,15671,-21407,5736,0,22066,-30143,8077,0,0,0,0,1,0
6502,3385937,18426,-19876,1449,0,25947,-27988,2041,0,0,0,0,1,0
6503,3386458,20474,-17581,-2893,0,28831,-24758,-4073,0,0,0,0,1,0
6504,3386979,21734,-14611,-7123,0,30607,-20576,-10031,0,0,0,0,1,0
6505,3387500,22159,-11080,-11080,0,31207,-15603,-15603,0,0,0,0,1,0
6506,3388020,21733,-7123,-14610,0,30607,-10031,-20576,0,0,0,0,1,0
6507,3388541,20471,-2892,-17579,0,28831,-4073,-24758,0,0,0,0,1,0
6508,3389062,18423,1449,-19872,0,25947,2041,-27988,0,0,0,0,1,0
6509,3389583,15667,5735,-21402,0,22066,8077,-30143,0,0,0,0,1,0
6510,3390104,12309,9799,-22108,0,17337,13802,-31140,0,0,0,0,1,0
6511,3390625,8478,13487,-21966,0,11942,18997,-30940,0,0,0,0,1,0
6512,3391145,4322,16657,-20979,0,6088,23462,-29551,0,0,0,0,1,0
6513,3391666,0,19186,-19186,0,0,27026,-27026,0,0,0,0,1,0
6514,3392187,-4322,20978,-16656,0,-6088,29551,-23462,0,0,0,0,1,0
6515,3392708,-8477,21963,-13486,0,-11942,30940,-18997,0,0,0,0,1,0
6516,3393229,-12307,22104,-9798,0,-17337,31140,-13802,0,0,0,0,1,0
6517,3393750,-15663,21396,-5733,0,-22066,30143,-8077,0,0,0,0,1,0
6518,3394270,-18418,19866,-1449,0,-25947,27988,-2041,0,0,0,0,1,0
6519,3394791,-20464,17573,2891,0,-28831,24758,4073,0,0,0,0,1,0
6520,3395312,-21724,14604,7120,0,-30607,20576,10031,0,0,0,0,1,0
6521,3395833,-22149,11074,11074,0,-31207,15603,15603,0,0,0,0,1,0
6522,3396354,-21722,7119,14603,0,-30607,10031,20576,0,0,0,0,1,0
6523,3396875,-20461,2891,17571,0,-28831,4073,24758,0,0,0,0,1,0
6524,3397395,-18414,-1448,19863,0,-25947,-2041,27988,0,0,0,0,1,0
6525,3397916,-15660,-5732,21391,0,-22066,-8077,30143,0,0,0,0,1,0
6526,3398437,-12303,-9795,22098,0,-17337,-13802,31140,0,0,0,0,1,0
6527,3398958,-8474,-13481,21955,0,-11942,-18997,30940,0,0,0,0,1,0
6528,3399479,-4320,-16649,20969,0,-6088,-23462,29551,0,0,0,0,1,0
6529,3400000,0,-19177,19177,0,0,-27026,27026,0,0,0,0,1,0
6530,3400520,4320,-20967,16648,0,6088,-29551,23462,0,0,0,0,1,0
6531,3401041,8473,-21952,13479,0,11942,-30940,18997,0,0,0,0,1,0
6532,3401562,12301,-22094,9793,0,17337,-31140,13802,0,0,0,0,1,0
6533,3402083,15656,-21386,5730,0,22066,-30143,8077,0,0,0,0,1,0
6534,3402604,18409,-19857,1448,0,25947,-27988,2041,0,0,0,0,1,0
6535,3403125,20454,-17564,-2890,0,28831,-24758,-4073,0,0,0,0,1,0
6536,3403645,21713,-14597,-7116,0,30607,-20576,-10031,0,0,0,0,1,0
6537,3404166,22138,-11069,-11069,0,31207,-15603,-15603,0,0,0,0,1,0
6538,3404687,21712,-7116,-14596,0,30607,-10031,-20576,0,0,0,0,1,0
6539,3405208,20452,-2889,-17562,0,28831,-4073,-24758,0,0,0,0,1,0
6540,3405729,18405,1448,-19853,0,25947,2041,-27988,0,0,0,0,1,0
6541,3406250,15652,5729,-21381,0,22066,8077,-30143,0,0,0,0,1,0
6542,3406770,12297,9790,-22087,0,17337,13802,-31140,0,0,0,0,1,0
6543,3407291,8470,13474,-21945,0,11942,18997,-30940,0,0,0,0,1,0
6544,3407812,4318,16641,-20959,0,6088,23462,-29551,0,0,0,0,1,0
6545,3408333,0,19167,-19167,0,0,27026,-27026,0,0,0,0,1,0
6546,3408854,-4318,20957,-16640,0,-6088,29551,-23462,0,0,0,0,1,0
6547,3409375,-8469,21942,-13473,0,-11942,30940,-18997,0,0,0,0,1,0
6548,3409895,-12295,22083,-9788,0,-17337,31140,-13802,0,0,0,0,1,0
6549,3410416,-15648,21376,-5728,0,-22066,30143,-8077,0,0,0,0,1,0
6550,3410937,-18400,19847,-1447,0,-25947,27988,-2041,0,0,0,0,1,0
6551,3411458,-20444,17556,2888,0,-28831,24758,4073,0,0,0,0,1,0
6552,3411979,-21703,14590,7113,0,-30607,20576,10031,0,0,0,0,1,0
6553,3412500,-22127,11064,11064,0,-31207,15603,15603,0,0,0,0,1,0
6554,3413020,-21701,7112,14589,0,-30607,10031,20576,0,0,0,0,1,0
6555,3413541,-20442,2888,17554,0,-28831,4073,24758,0,0,0,0,1,0
6556,3414062,-18396,-1447,19844,0,-25947,-2041,27988,0,0,0,0,1,0
6557,3414583,-15644,-5726,21371,0,-22066,-8077,30143,0,0,0,0,1,0
6558,3415104,-12291,-9785,22077,0,-17337,-13802,31140,0,0,0,0,1,0
6559,3415625,-8466,-13468,21934,0,-11942,-18997,30940,0,0,0,0,1,0
6560,3416145,-4316,-16633,20949,0,-6088,-23462,29551,0,0,0,0,1,0
6561,3416666,0,-19158,19158,0,0,-27026,27026,0,0,0,0,1,0
6562,3417187,4316,-20947,16632,0,6088,-29551,23462,0,0,0,0,1,0
6563,3417708,8465,-21931,13466,0,11942,-30940,18997,0,0,0,0,1,0
6564,3418229,12289,-22073,9783,0,17337,-31140,13802,0,0,0,0,1,0
6565,3418750,15641,-21366,5725,0,22066,-30143,8077,0,0,0,0,1,0
6566,3419270,18391,-19838,1447,0,25947,-27988,2041,0,0,0,0,1,0
6567,3419791,20434,-17547,-2887,0,28831,-24758,-4073,0,0,0,0,1,0
6568,3420312,21692,-14583,-7109,0,30607,-20576,-10031,0,0,0,0,1,0
6569,3420833,22117,-11058,-11058,0,31207,-15603,-15603,0,0,0,0,1,0
6570,3421354,21691,-7109,-14582,0,30607,-10031,-20576,0,0,0,0,1,0
6571,3421875,20432,-2887,-17545,0,28831,-4073,-24758,0,0,0,0,1,0
6572,3422395,18388,1446,-19834,0,25947,2041,-27988,0,0,0,0,1,0
6573,3422916,15637,5724,-21360,0,22066,8077,-30143,0,0,0,0,1,0
6574,3423437,12286,9780,-22066,0,17337,13802,-31140,0,0,0,0,1,0
6575,3423958,8462,13461,-21924,0,11942,18997,-30940,0,0,0,0,1,0
6576,3424479,4314,16625,-20939,0,6088,23462,-29551,0,0,0,0,1,0
6577,3425000,0,19149,-19149,0,0,27026,-27026,0,0,0,0,1,0
6578,3425520,-4314,20937,-16624,0,-6088,29551,-23462,0,0,0,0,1,0
6579,3426041,-8461,21921,-13460,0,-11942,30940,-18997,0,0,0,0,1,0
6580,3426562,-12283,22062,-9779,0,-17337,31140,-13802,0,0,0,0,1,0
6581,3427083,-15633,21355,-5722,0,-22066,30143,-8077,0,0,0,0,1,0
6582,3427604,-18382,19828,-1446,0,-25947,27988,-2041,0,0,0,0,1,0
6583,3428125,-20425,17539,2886,0,-28831,24758,4073,0,0,0,0,1,0
6584,3428645,-21682,14576,7106,0,-30607,20576,10031,0,0,0,0,1,0
6585,3429166,-22106,11053,11053,0,-31207,15603,15603,0,0,0,0,1,0
6586,3429687,-21681,7106,14575,0,-30607,10031,20576,0,0,0,0,1,0
6587,3430208,-20422,2885,17537,0,-28831,4073,24758,0,0,0,0,1,0
6588,3430729,-18379,-1446,19825,0,-25947,-2041,27988,0,0,0,0,1,0
6589,3431250,-15629,-5721,21350,0,-22066,-8077,30143,0,0,0,0,1,0
6590,3431770,-12280,-9776,22055,0,-17337,-13802,31140,0,0,0,0,1,0
6591,3432291,-8458,-13455,21913,0,-11942,-18997,30940,0,0,0,0,1,0
6592,3432812,-4312,-16617,20929,0,-6088,-23462,29551,0,0,0,0,1,0
6593,3433333,0,-19140,19140,0,0,-27026,27026,0,0,0,0,1,0
6594,3433854,4312,-20927,16616,0,6088,-29551,23462,0,0,0,0,1,0
6595,3434375,8457,-21910,13453,0,11942,-30940,18997,0,0,0,0,1,0
6596,3434895,12277,-22052,9774,0,17337,-31140,13802,0,0,0,0,1,0
6597,3435416,15626,-21345,5719,0,22066,-30143,8077,0,0,0,0,1,0
6598,3435937,18373,-19819,1445,0,25947,-27988,2041,0,0,0,0,1,0
6599,3436458,20415,-17531,-2884,0,28831,-24758,-4073,0,0,0,0,1,0
6600,3436979,21672,-14569,-7103,0,30607,-20576,-10031,0,0,0,0,1,0
6601,3437500,22096,-11048,-11048,0,31207,-15603,-15603,0,0,0,0,1,0
6602,3438020,21670,-7102,-14568,0,30607,-10031,-20576,0,0,0,0,1,0
6603,3438541,20412,-2884,-17529,0,28831,-4073,-24758,0,0,0,0,1,0
6604,3439062,18370,1445,-19815,0,25947,2041,-27988,0,0,0,0,1,0
6605,3439583,15622,5718,-21340,0,22066,8077,-30143,0,0,0,0,1,0
6606,3440104,12274,9771,-22045,0,17337,13802,-31140,0,0,0,0,1,0
6607,3440625,8454,13449,-21903,0,11942,18997,-30940,0,0,0,0,1,0
6608,3441145,4310,16609,-20919,0,6088,23462,-29551,0,0,0,0,1,0
6609,3441666,0,19131,-19131,0,0,27026,-27026,0,0,0,0,1,0
6610,3442187,-4309,20917,-16608,0,-6088,29551,-23462,0,0,0,0,1,0
6611,3442708,-8453,21900,-13447,0,-11942,30940,-18997,0,0,0,0,1,0
6612,3443229,-12272,22041,-9769,0,-17337,31140,-13802,0,0,0,0,1,0
6613,3443750,-15618,21335,-5717,0,-22066,30143,-8077,0,0,0,0,1,0
6614,3444270,-18365,19809,-1445,0,-25947,27988,-2041,0,0,0,0,1,0
6615,3444791,-20405,17522,2883,0,-28831,24758,4073,0,0,0,0,1,0
6616,3445312,-21661,14562,7099,0,-30607,20576,10031,0,0,0,0,1,0
6617,3445833,-22085,11043,11043,0,-31207,15603,15603,0,0,0,0,1,0
6618,3446354,-21660,7099,14561,0,-30607,10031,20576,0,0,0,0,1,0
6619,3446875,-20403,2883,17520,0,-28831,4073,24758,0,0,0,0,1,0
6620,3447395,-18361,-1444,19806,0,-25947,-2041,27988,0,0,0,0,1,0
6621,3447916,-15615,-5715,21330,0,-22066,-8077,30143,0,0,0,0,1,0
6622,3448437,-12268,-9767,22035,0,-17337,-13802,31140,0,0,0,0,1,0
6623,3448958,-8450,-13442,21892,0,-11942,-18997,30940,0,0,0,0,1,0
6624,3449479,-4308,-16601,20909,0,-6088,-23462,29551,0,0,0,0,1,0
6625,3450000,0,-19122,19122,0,0,-27026,27026,0,0,0,0,1,0
6626,3450520,4307,-20907,16600,0,6088,-29551,23462,0,0,0,0,1,0
6627,3451041,8449,-21890,13441,0,11942,-30940,18997,0,0,0,0,1,0
6628,3451562,12266,-22031,9765,0,17337,-31140,13802,0,0,0,0,1,0
6629,3452083,15611,-21325,5714,0,22066,-30143,8077,0,0,0,0,1,0
6630,3452604,18356,-19800,1444,0,25947,-27988,2041,0,0,0,0,1,0
6631,3453125,20395,-17514,-2881,0,28831,-24758,-4073,0,0,0,0,1,0
6632,3453645,21651,-14555,-7096,0,30607,-20576,-10031,0,0,0,0,1,0
6633,3454166,22075,-11037,-11037,0,31207,-15603,-15603,0,0,0,0,1,0
6634,3454687,21650,-7095,-14554,0,30607,-10031,-20576,0,0,0,0,1,0
6635,3455208,20393,-2881,-17512,0,28831,-4073,-24758,0,0,0,0,1,0
6636,3455729,18353,1444,-19796,0,25947,2041,-27988,0,0,0,0,1,0
6637,3456250,15607,5713,-21320,0,22066,8077,-30143,0,0,0,0,1,0
6638,3456770,12262,9762,-22024,0,17337,13802,-31140,0,0,0,0,1,0
6639,3457291,8446,13436,-21882,0,11942,18997,-30940,0,0,0,0,1,0
6640,3457812,4306,16593,-20899,0,6088,23462,-29551,0,0,0,0,1,0
6641,3458333,0,19113,-19113,0,0,27026,-27026,0,0,0,0,1,0
6642,3458854,-4305,20898,-16592,0,-6088,29551,-23462,0,0,0,0,1,0
6643,3459375,-8445,21879,-13434,0,-11942,30940,-18997,0,0,0,0,1,0
6644,3459895,-12260,22020,-9760,0,-17337,31140,-13802,0,0,0,0,1,0
6645,3460416,-15604,21315,-5711,0,-22066,30143,-8077,0,0,0,0,1,0
6646,3460937,-18347,19791,-1443,0,-25947,27988,-2041,0,0,0,0,1,0
6647,3461458,-20386,17506,2880,0,-28831,24758,4073,0,0,0,0,1,0
6648,3461979,-21641,14548,7093,0,-30607,20576,10031,0,0,0,0,1,0
6649,3462500,-22064,11032,11032,0,-31207,15603,15603,0,0,0,0,1,0
6650,3463020,-21640,7092,14548,0,-30607,10031,20576,0,0,0,0,1,0
6651,3463541,-20383,2880,17504,0,-28831,4073,24758,0,0,0,0,1,0
6652,3464062,-18344,-1443,19787,0,-25947,-2041,27988,0,0,0,0,1,0
6653,3464583,-15600,-5710,21310,0,-22066,-8077,30143,0,0,0,0,1,0
6654,3465104,-12256,-9757,22014,0,-17337,-13802,31140,0,0,0,0,1,0
6655,3465625,-8442,-13429,21872,0,-11942,-18997,30940,0,0,0,0,1,0
6656,3466145,-4304,-16585,20889,0,-6088,-23462,29551,0,0,0,0,1,0
6657,3466666,0,-19104,19104,0,0,-27026,27026,0,0,0,0,1,0
6658,3467187,4303,-20888,16584,0,6088,-29551,23462,0,0,0,0,1,0
6659,3467708,8441,-21869,13428,0,11942,-30940,18997,0,0,0,0,1,0
6660,3468229,12254,-22010,9756,0,17337,-31140,13802,0,0,0,0,1,0
6661,3468750,15596,-21305,5709,0,22066,-30143,8077,0,0,0,0,1,0
6662,3469270,18339,-19781,1443,0,25947,-27988,2041,0,0,0,0,1,0
6663,3469791,20376,-17497,-2879,0,28831,-24758,-4073,0,0,0,0,1,0
6664,3470312,21631,-14542,-7089,0,30607,-20576,-10031,0,0,0,0,1,0
6665,3470833,22054,-11027,-11027,0,31207,-15603,-15603,0,0,0,0,1,0
6666,3471354,21629,-7089,-14541,0,30607,-10031,-20576,0,0,0,0,1,0
6667,3471875,20374,-2878,-17495,0,28831,-4073,-24758,0,0,0,0,1,0
6668,3472395,18335,1442,-19778,0,25947,2041,-27988,0,0,0,0,1,0
6669,3472916,15593,5707,-21300,0,22066,8077,-30143,0,0,0,0,1,0
6670,3473437,12251,9753,-22003,0,17337,13802,-31140,0,0,0,0,1,0
6671,3473958,8438,13423,-21861,0,11942,18997,-30940,0,0,0,0,1,0
6672,3474479,4302,16578,-20879,0,6088,23462,-29551,0,0,0,0,1,0
6673,3475000,0,19095,-19095,0,0,27026,-27026,0,0,0,0,1,0
6674,3475520,-4301,20878,-16577,0,-6088,29551,-23462,0,0,0,0,1,0
6675,3476041,-8437,21859,-13422,0,-11942,30940,-18997,0,0,0,0,1,0
6676,3476562,-12248,22000,-9751,0,-17337,31140,-13802,0,0,0,0,1,0
6677,3477083,-15589,21295,-5706,0,-22066,30143,-8077,0,0,0,0,1,0
6678,3477604,-18330,19772,-1442,0,-25947,27988,-2041,0,0,0,0,1,0
6679,3478125,-20367,17489,2877,0,-28831,24758,4073,0,0,0,0,1,0
6680,3478645,-21621,14535,7086,0,-30607,20576,10031,0,0,0,0,1,0
6681,3479166,-22043,11022,11022,0,-31207,15603,15603,0,0,0,0,1,0
6682,3479687,-21619,7085,14534,0,-30607,10031,20576,0,0,0,0,1,0
6683,3480208,-20364,2877,17487,0,-28831,4073,24758,0,0,0,0,1,0
6684,3480729,-18327,-1442,19768,0,-25947,-2041,27988,0,0,0,0,1,0
6685,3481250,-15585,-5705,21290,0,-22066,-8077,30143,0,0,0,0,1,0
6686,3481770,-12245,-9748,21993,0,-17337,-13802,31140,0,0,0,0,1,0
6687,3482291,-8434,-13417,21851,0,-11942,-18997,30940,0,0,0,0,1,0
6688,3482812,-4300,-16570,20869,0,-6088,-23462,29551,0,0,0,0,1,0
6689,3483333,0,-19086,19086,0,0,-27026,27026,0,0,0,0,1,0
6690,3483854,4299,-20868,16569,0,6088,-29551,23462,0,0,0,0,1,0
6691,3484375,8433,-21849,13415,0,11942,-30940,18997,0,0,0,0,1,0
6692,3484895,12243,-21989,9746,0,17337,-31140,13802,0,0,0,0,1,0
6693,3485416,15582,-21285,5703,0,22066,-30143,8077,0,0,0,0,1,0
6694,3485937,18322,-19763,1441,0,25947,-27988,2041,0,0,0,0,1,0
6695,3486458,20357,-17481,-2876,0,28831,-24758,-4073,0,0,0,0,1,0
6696,3486979,21610,-14528,-7083,0,30607,-20576,-10031,0,0,0,0,1,0
6697,3487500,22033,-11017,-11017,0,31207,-15603,-15603,0,0,0,0,1,0
6698,3488020,21609,-7082,-14527,0,30607,-10031,-20576,0,0,0,0,1,0
6699,3488541,20355,-2876,-17479,0,28831,-4073,-24758,0,0,0,0,1,0
6700,3489062,18318,1441,-19759,0,25947,2041,-27988,0,0,0,0,1,0
6701,3489583,15578,5702,-21280,0,22066,8077,-30143,0,0,0,0,1,0
6702,3490104,12239,9744,-21983,0,17337,13802,-31140,0,0,0,0,1,0
6703,3490625,8430,13411,-21841,0,11942,18997,-30940,0,0,0,0,1,0
6704,3491145,4298,16562,-20860,0,6088,23462,-29551,0,0,0,0,1,0
6705,3491666,0,19077,-19077,0,0,27026,-27026,0,0,0,0,1,0
6706,3492187,-4297,20858,-16561,0,-6088,29551,-23462,0,0,0,0,1,0
6707,3492708,-8429,21838,-13409,0,-11942,30940,-18997,0,0,0,0,1,0
6708,3493229,-12237,21979,-9742,0,-17337,31140,-13802,0,0,0,0,1,0
6709,3493750,-15574,21275,-5701,0,-22066,30143,-8077,0,0,0,0,1,0
6710,3494270,-18313,19753,-1440,0,-25947,27988,-2041,0,0,0,0,1,0
6711,3494791,-20348,17473,2875,0,-28831,24758,4073,0,0,0,0,1,0
6712,3495312,-21600,14521,7079,0,-30607,20576,10031,0,0,0,0,1,0
6713,3495833,-22023,11011,11011,0,-31207,15603,15603,0,0,0,0,1,0
6714,3496354,-21599,7079,14520,0,-30607,10031,20576,0,0,0,0,1,0
6715,3496875,-20345,2874,17471,0,-28831,4073,24758,0,0,0,0,1,0
6716,3497395,-18310,-1440,19750,0,-25947,-2041,27988,0,0,0,0,1,0
6717,3497916,-15571,-5699,21270,0,-22066,-8077,30143,0,0,0,0,1,0
6718,3498437,-12233,-9739,21973,0,-17337,-13802,31140,0,0,0,0,1,0
6719,3498958,-8426,-13404,21831,0,-11942,-18997,30940,0,0,0,0,1,0
6720,3499479,-4296,-16554,20850,0,-6088,-23462,29551,0,0,0,0,1,0
6721,3500000,0,-19068,19068,0,0,-27026,27026,0,0,0,0,1,0
6722,3500520,4295,-20849,16553,0,6088,-29551,23462,0,0,0,0,1,0
6723,3501041,8425,-21828,13403,0,11942,-30940,18997,0,0,0,0,1,0
6724,3501562,12231,-21969,9737,0,17337,-31140,13802,0,0,0,0,1,0
6725,3502083,15567,-21265,5698,0,22066,-30143,8077,0,0,0,0,1,0
6726,3502604,18304,-19744,1440,0,25947,-27988,2041,0,0,0,0,1,0
6727,3503125,20338,-17465,-2873,0,28831,-24758,-4073,0,0,0,0,1,0
6728,3503645,21590,-14514,-7076,0,30607,-20576,-10031,0,0,0,0,1,0
6729,3504166,22013,-11006,-11006,0,31207,-15603,-15603,0,0,0,0,1,0
6730,3504687,21589,-7076,-14514,0,30607,-10031,-20576,0,0,0,0,1,0
6731,3505208,20336,-2873,-17463,0,28831,-4073,-24758,0,0,0,0,1,0
6732,3505729,18301,1440,-19741,0,25947,2041,-27988,0,0,0,0,1,0
6733,3506250,15564,5697,-21260,0,22066,8077,-30143,0,0,0,0,1,0
6734,3506770,12228,9735,-21962,0,17337,13802,-31140,0,0,0,0,1,0
6735,3507291,8422,13398,-21821,0,11942,18997,-30940,0,0,0,0,1,0
6736,3507812,4294,16547,-20840,0,6088,23462,-29551,0,0,0,0,1,0
6737,3508333,0,19059,-19059,0,0,27026,-27026,0,0,0,0,1,0
6738,3508854,-4293,20839,-16546,0,-6088,29551,-23462,0,0,0,0,1,0
6739,3509375,-8421,21818,-13397,0,-11942,30940,-18997,0,0,0,0,1,0
6740,3509895,-12226,21959,-9733,0,-17337,31140,-13802,0,0,0,0,1,0
6741,3510416,-15560,21255,-5695,0,-22066,30143,-8077,0,0,0,0,1,0
6742,3510937,-18296,19735,-1439,0,-25947,27988,-2041,0,0,0,0,1,0
6743,3511458,-20329,17457,2872,0,-28831,24758,4073,0,0,0,0,1,0
6744,3511979,-21580,14508,7073,0,-30607,20576,10031,0,0,0,0,1,0
6745,3512500,-22002,11001,11001,0,-31207,15603,15603,0,0,0,0,1,0
6746,3513020,-21579,7072,14507,0,-30607,10031,20576,0,0,0,0,1,0
6747,3513541,-20326,2872,17455,0,-28831,4073,24758,0,0,0,0,1,0
6748,3514062,-18293,-1439,19732,0,-25947,-2041,27988,0,0,0,0,1,0
6749,3514583,-15556,-5694,21250,0,-22066,-8077,30143,0,0,0,0,1,0
6750,3515104,-12222,-9730,21952,0,-17337,-13802,31140,0,0,0,0,1,0
6751,3515625,-8419,-13392,21810,0,-11942,-18997,30940,0,0,0,0,1,0
6752,3516145,-4292,-16539,20831,0,-6088,-23462,29551,0,0,0,0,1,0
6753,3516666,0,-19050,19050,0,0,-27026,27026,0,0,0,0,1,0
6754,3517187,4291,-20829,16538,0,6088,-29551,23462,0,0,0,0,1,0
6755,3517708,8418,-21808,13390,0,11942,-30940,18997,0,0,0,0,1,0
6756,3518229,12220,-21948,9728,0,17337,-31140,13802,0,0,0,0,1,0
6757,3518750,15553,-21245,5693,0,22066,-30143,8077,0,0,0,0,1,0
6758,3519270,18288,-19726,1438,0,25947,-27988,2041,0,0,0,0,1,0
6759,3519791,20319,-17449,-2871,0,28831,-24758,-4073,0,0,0,0,1,0
6760,3520312,21570,-14501,-7069,0,30607,-20576,-10031,0,0,0,0,1,0
6761,3520833,21992,-10996,-10996,0,31207,-15603,-15603,0,0,0,0,1,0
6762,3521354,21569,-7069,-14500,0,30607,-10031,-20576,0,0,0,0,1,0
6763,3521875,20317,-2870,-17447,0,28831,-4073,-24758,0,0,0,0,1,0
6764,3522395,18284,1438,-19723,0,25947,2041,-27988,0,0,0,0,1,0
6765,3522916,15549,5691,-21241,0,22066,8077,-30143,0,0,0,0,1,0
6766,3523437,12217,9726,-21942,0,17337,13802,-31140,0,0,0,0,1,0
6767,3523958,8415,13386,-21800,0,11942,18997,-30940,0,0,0,0,1,0
6768,3524479,4290,16531,-20821,0,6088,23462,-29551,0,0,0,0,1,0
6769,3525000,0,19042,-19042,0,0,27026,-27026,0,0,0,0,1,0
6770,3525520,-4289,20820,-16530,0,-6088,29551,-23462,0,0,0,0,1,0
6771,3526041,-8414,21798,-13384,0,-11942,30940,-18997,0,0,0,0,1,0
6772,3526562,-12214,21938,-9724,0,-17337,31140,-13802,0,0,0,0,1,0
6773,3527083,-15546,21236,-5690,0,-22066,30143,-8077,0,0,0,0,1,0
6774,3527604,-18279,19717,-1438,0,-25947,27988,-2041,0,0,0,0,1,0
6775,3528125,-20310,17441,2869,0,-28831,24758,4073,0,0,0,0,1,0
6776,3528645,-21560,14494,7066,0,-30607,20576,10031,0,0,0,0,1,0
6777,3529166,-21982,10991,10991,0,-31207,15603,15603,0,0,0,0,1,0
6778,3529687,-21559,7066,14493,0,-30607,10031,20576,0,0,0,0,1,0
6779,3530208,-20308,2869,17439,0,-28831,4073,24758,0,0,0,0,1,0
6780,3530729,-18276,-1438,19714,0,-25947,-2041,27988,0,0,0,0,1,0
6781,3531250,-15542,-5689,21231,0,-22066,-8077,30143,0,0,0,0,1,0
6782,3531770,-12211,-9721,21932,0,-17337,-13802,31140,0,0,0,0,1,0
6783,3532291,-8411,-13380,21790,0,-11942,-18997,30940,0,0,0,0,1,0
6784,3532812,-4288,-16524,20811,0,-6088,-23462,29551,0,0,0,0,1,0
6785,3533333,0,-19033,19033,0,0,-27026,27026,0,0,0,0,1,0
6786,3533854,4287,-20810,16523,0,6088,-29551,23462,0,0,0,0,1,0
6787,3534375,8410,-21788,13378,0,11942,-30940,18997,0,0,0,0,1,0
6788,3534895,12209,-21928,9719,0,17337,-31140,13802,0,0,0,0,1,0
6789,3535416,15538,-21226,5687,0,22066,-30143,8077,0,0,0,0,1,0
6790,3535937,18271,-19708,1437,0,25947,-27988,2041,0,0,0,0,1,0
6791,3536458,20301,-17433,-2868,0,28831,-24758,-4073,0,0,0,0,1,0
6792,3536979,21551,-14488,-7063,0,30607,-20576,-10031,0,0,0,0,1,0
6793,3537500,21972,-10986,-10986,0,31207,-15603,-15603,0,0,0,0,1,0
6794,3538020,21549,-7063,-14487,0,30607,-10031,-20576,0,0,0,0,1,0
6795,3538541,20298,-2868,-17431,0,28831,-4073,-24758,0,0,0,0,1,0
6796,3539062,18268,1437,-19704,0,25947,2041,-27988,0,0,0,0,1,0
6797,3539583,15535,5686,-21221,0,22066,8077,-30143,0,0,0,0,1,0
6798,3540104,12205,9717,-21922,0,17337,13802,-31140,0,0,0,0,1,0
6799,3540625,8407,13373,-21780,0,11942,18997,-30940,0,0,0,0,1,0
6800,3541145,4286,16516,-20802,0,6088,23462,-29551,0,0,0,0,1,0
6801,3541666,0,19024,-19024,0,0,27026,-27026,0,0,0,0,1,0
6802,3542187,-4285,20801,-16515,0,-6088,29551,-23462,0,0,0,0,1,0
6803,3542708,-8406,21778,-13372,0,-11942,30940,-18997,0,0,0,0,1,0
6804,3543229,-12203,21918,-9715,0,-17337,31140,-13802,0,0,0,0,1,0
6805,3543750,-15531,21216,-5685,0,-22066,30143,-8077,0,0,0,0,1,0
6806,3544270,-18262,19699,-1437,0,-25947,27988,-2041,0,0,0,0,1,0
6807,3544791,-20291,17425,2867,0,-28831,24758,4073,0,0,0,0,1,0
6808,3545312,-21541,14481,7060,0,-30607,20576,10031,0,0,0,0,1,0
6809,3545833,-21962,10981,10981,0,-31207,15603,15603,0,0,0,0,1,0
6810,3546354,-21539,7059,14480,0,-30607,10031,20576,0,0,0,0,1,0
6811,3546875,-20289,2866,17423,0,-28831,4073,24758,0,0,0,0,1,0
6812,3547395,-18259,-1436,19695,0,-25947,-2041,27988,0,0,0,0,1,0
6813,3547916,-15528,-5684,21211,0,-22066,-8077,30143,0,0,0,0,1,0
6814,3548437,-12200,-9712,21912,0,-17337,-13802,31140,0,0,0,0,1,0
6815,3548958,-8403,-13367,21770,0,-11942,-18997,30940,0,0,0,0,1,0
6816,3549479,-4284,-16509,20792,0,-6088,-23462,29551,0,0,0,0,1,0
6817,3550000,0,-19015,19015,0,0,-27026,27026,0,0,0,0,1,0
6818,3550520,4283,-20791,16508,0,6088,-29551,23462,0,0,0,0,1,0
6819,3551041,8402,-21768,13366,0,11942,-30940,18997,0,0,0,0,1,0
6820,3551562,12198,-21908,9711,0,17337,-31140,13802,0,0,0,0,1,0
6821,3552083,15524,-21206,5682,0,22066,-30143,8077,0,0,0,0,1,0
6822,3552604,18254,-19690,1436,0,25947,-27988,2041,0,0,0,0,1,0
6823,3553125,20282,-17417,-2865,0,28831,-24758,-4073,0,0,0,0,1,0
6824,3553645,21531,-14474,-7056,0,30607,-20576,-10031,0,0,0,0,1,0
6825,3554166,21952,-10976,-10976,0,31207,-15603,-15603,0,0,0,0,1,0
6826,3554687,21530,-7056,-14474,0,30607,-10031,-20576,0,0,0,0,1,0
6827,3555208,20280,-2865,-17415,0,28831,-4073,-24758,0,0,0,0,1,0
6828,3555729,18251,1436,-19687,0,25947,2041,-27988,0,0,0,0,1,0
6829,3556250,15521,5681,-21202,0,22066,8077,-30143,0,0,0,0,1,0
6830,3556770,12194,9708,-21902,0,17337,13802,-31140,0,0,0,0,1,0
6831,3557291,8399,13361,-21761,0,11942,18997,-30940,0,0,0,0,1,0
6832,3557812,4282,16501,-20783,0,6088,23462,-29551,0,0,0,0,1,0
6833,3558333,0,19007,-19007,0,0,27026,-27026,0,0,0,0,1,0
6834,3558854,-4282,20782,-16500,0,-6088,29551,-23462,0,0,0,0,1,0
6835,3559375,-8398,21758,-13360,0,-11942,30940,-18997,0,0,0,0,1,0
6836,3559895,-12192,21898,-9706,0,-17337,31140,-13802,0,0,0,0,1,0
6837,3560416,-15517,21197,-5680,0,-22066,30143,-8077,0,0,0,0,1,0
6838,3560937,-18246,19681,-1435,0,-25947,27988,-2041,0,0,0,0,1,0
6839,3561458,-20273,17409,2864,0,-28831,24758,4073,0,0,0,0,1,0
6840,3561979,-21521,14468,7053,0,-30607,20576,10031,0,0,0,0,1,0
6841,3562500,-21942,10971,10971,0,-31207,15603,15603,0,0,0,0,1,0
6842,3563020,-21520,7053,14467,0,-30607,10031,20576,0,0,0,0,1,0
6843,3563541,-20271,2864,17407,0,-28831,4073,24758,0,0,0,0,1,0
6844,3564062,-18243,-1435,19678,0,-25947,-2041,27988,0,0,0,0,1,0
6845,3564583,-15514,-5678,21192,0,-22066,-8077,30143,0,0,0,0,1,0
6846,3565104,-12189,-9703,21892,0,-17337,-13802,31140,0,0,0,0,1,0
6847,3565625,-8395,-13355,21751,0,-11942,-18997,30940,0,0,0,0,1,0
6848,3566145,-4280,-16494,20773,0,-6088,-23462,29551,0,0,0,0,1,0
6849,3566666,0,-18998,18998,0,0,-27026,27026,0,0,0,0,1,0
6850,3567187,4280,-20772,16493,0,6088,-29551,23462,0,0,0,0,1,0
6851,3567708,8394,-21748,13354,0,11942,-30940,18997,0,0,0,0,1,0
6852,3568229,12187,-21888,9702,0,17337,-31140,13802,0,0,0,0,1,0
6853,3568750,15510,-21187,5677,0,22066,-30143,8077,0,0,0,0,1,0
6854,3569270,18237,-19672,1435,0,25947,-27988,2041,0,0,0,0,1,0
6855,3569791,20264,-17401,-2863,0,28831,-24758,-4073,0,0,0,0,1,0
6856,3570312,21511,-14461,-7050,0,30607,-20576,-10031,0,0,0,0,1,0
6857,3570833,21932,-10966,-10966,0,31207,-15603,-15603,0,0,0,0,1,0
6858,3571354,21510,-7050,-14460,0,30607,-10031,-20576,0,0,0,0,1,0
6859,3571875,20262,-2863,-17399,0,28831,-4073,-24758,0,0,0,0,1,0
6860,3572395,18234,1434,-19669,0,25947,2041,-27988,0,0,0,0,1,0
6861,3572916,15507,5676,-21182,0,22066,8077,-30143,0,0,0,0,1,0
6862,3573437,12183,9699,-21882,0,17337,13802,-31140,0,0,0,0,1,0
6863,3573958,8392,13349,-21741,0,11942,18997,-30940,0,0,0,0,1,0
6864,3574479,4278,16486,-20764,0,6088,23462,-29551,0,0,0,0,1,0
6865,3575000,0,18989,-18989,0,0,27026,-27026,0,0,0,0,1,0
6866,3575520,-4278,20763,-16485,0,-6088,29551,-23462,0,0,0,0,1,0
6867,3576041,-8391,21738,-13348,0,-11942,30940,-18997,0,0,0,0,1,0
6868,3576562,-12181,21878,-9697,0,-17337,31140,-13802,0,0,0,0,1,0
6869,3577083,-15503,21178,-5675,0,-22066,30143,-8077,0,0,0,0,1,0
6870,3577604,-18229,19663,-1434,0,-25947,27988,-2041,0,0,0,0,1,0
6871,3578125,-20255,17393,2862,0,-28831,24758,4073,0,0,0,0,1,0
6872,3578645,-21502,14455,7047,0,-30607,20576,10031,0,0,0,0,1,0
6873,3579166,-21922,10961,10961,0,-31207,15603,15603,0,0,0,0,1,0
6874,3579687,-21500,7046,14454,0,-30607,10031,20576,0,0,0,0,1,0
6875,3580208,-20252,2861,17391,0,-28831,4073,24758,0,0,0,0,1,0
6876,3580729,-18226,-1434,19660,0,-25947,-2041,27988,0,0,0,0,1,0
6877,3581250,-15500,-5673,21173,0,-22066,-8077,30143,0,0,0,0,1,0
6878,3581770,-12178,-9695,21872,0,-17337,-13802,31140,0,0,0,0,1,0
6879,3582291,-8388,-13343,21731,0,-11942,-18997,30940,0,0,0,0,1,0
6880,3582812,-4276,-16479,20755,0,-6088,-23462,29551,0,0,0,0,1,0
6881,3583333,0,-18981,18981,0,0,-27026,27026,0,0,0,0,1,0
6882,3583854,4276,-20754,16478,0,6088,-29551,23462,0,0,0,0,1,0
6883,3584375,8387,-21729,13342,0,11942,-30940,18997,0,0,0,0,1,0
6884,3584895,12176,-21869,9693,0,17337,-31140,13802,0,0,0,0,1,0
6885,3585416,15496,-21168,5672,0,22066,-30143,8077,0,0,0,0,1,0
6886,3585937,18221,-19654,1433,0,25947,-27988,2041,0,0,0,0,1,0
6887,3586458,20246,-17385,-2860,0,28831,-24758,-4073,0,0,0,0,1,0
6888,3586979,21492,-14448,-7044,0,30607,-20576,-10031,0,0,0,0,1,0
6889,3587500,21912,-10956,-10956,0,31207,-15603,-15603,0,0,0,0,1,0
6890,3588020,21491,-7043,-14447,0,30607,-10031,-20576,0,0,0,0,1,0
6891,3588541,20243,-2860,-17383,0,28831,-4073,-24758,0,0,0,0,1,0
6892,3589062,18218,1433,-19651,0,25947,2041,-27988,0,0,0,0,1,0
6893,3589583,15493,5671,-21163,0,22066,8077,-30143,0,0,0,0,1,0
6894,3590104,12172,9690,-21862,0,17337,13802,-31140,0,0,0,0,1,0
6895,3590625,8384,13337,-21721,0,11942,18997,-30940,0,0,0,0,1,0
6896,3591145,4274,16471,-20745,0,6088,23462,-29551,0,0,0,0,1,0
6897,3591666,0,18972,-18972,0,0,27026,-27026,0,0,0,0,1,0
6898,3592187,-4274,20744,-16470,0,-6088,29551,-23462,0,0,0,0,1,0
6899,3592708,-8383,21719,-13336,0,-11942,30940,-18997,0,0,0,0,1,0
6900,3593229,-12170,21859,-9689,0,-17337,31140,-13802,0,0,0,0,1,0
6901,3593750,-15489,21159,-5669,0,-22066,30143,-8077,0,0,0,0,1,0
6902,3594270,-18213,19645,-1433,0,-25947,27988,-2041,0,0,0,0,1,0
6903,3594791,-20236,17377,2859,0,-28831,24758,4073,0,0,0,0,1,0
6904,3595312,-21482,14442,7041,0,-30607,20576,10031,0,0,0,0,1,0
6905,3595833,-21903,10951,10951,0,-31207,15603,15603,0,0,0,0,1,0
6906,3596354,-21481,7040,14441,0,-30607,10031,20576,0,0,0,0,1,0
6907,3596875,-20234,2859,17375,0,-28831,4073,24758,0,0,0,0,1,0
6908,3597395,-18210,-1432,19642,0,-25947,-2041,27988,0,0,0,0,1,0
6909,3597916,-15486,-5668,21154,0,-22066,-8077,30143,0,0,0,0,1,0
6910,3598437,-12167,-9686,21853,0,-17337,-13802,31140,0,0,0,0,1,0
6911,3598958,-8380,-13331,21711,0,-11942,-18997,30940,0,0,0,0,1,0
6912,3599479,-4272,-16464,20736,0,-6088,-23462,29551,0,0,0,0,1,0
6913,3600000,0,-18964,18964,0,0,-27026,27026,0,0,0,0,1,0
6914,3600520,4272,-20735,16463,0,6088,-29551,23462,0,0,0,0,1,0
6915,3601041,8379,-21709,13330,0,11942,-30940,18997,0,0,0,0,1,0
6916,3601562,12165,-21849,9684,0,17337,-31140,13802,0,0,0,0,1,0
6917,3602083,15482,-21149,5667,0,22066,-30143,8077,0,0,0,0,1,0
6918,3602604,18205,-19637,1432,0,25947,-27988,2041,0,0,0,0,1,0
6919,3603125,20227,-17370,-2858,0,28831,-24758,-4073,0,0,0,0,1,0
6920,3603645,21473,-14435,-7037,0,30607,-20576,-10031,0,0,0,0,1,0
6921,3604166,21893,-10946,-10946,0,31207,-15603,-15603,0,0,0,0,1,0
6922,3604687,21471,-7037,-14434,0,30607,-10031,-20576,0,0,0,0,1,0
6923,3605208,20225,-2857,-17368,0,28831,-4073,-24758,0,0,0,0,1,0
6924,3605729,18202,1432,-19633,0,25947,2041,-27988,0,0,0,0,1,0
6925,3606250,15479,5666,-21144,0,22066,8077,-30143,0,0,0,0,1,0
6926,3606770,12161,9682,-21843,0,17337,13802,-31140,0,0,0,0,1,0
6927,3607291,8377,13325,-21702,0,11942,18997,-30940,0,0,0,0,1,0
6928,3607812,4270,16457,-20727,0,6088,23462,-29551,0,0,0,0,1,0
6929,3608333,0,18955,-18955,0,0,27026,-27026,0,0,0,0,1,0
6930,3608854,-4270,20726,-16456,0,-6088,29551,-23462,0,0,0,0,1,0
6931,3609375,-8376,21699,-13324,0,-11942,30940,-18997,0,0,0,0,1,0
6932,3609895,-12159,21839,-9680,0,-17337,31140,-13802,0,0,0,0,1,0
6933,3610416,-15475,21140,-5664,0,-22066,30143,-8077,0,0,0,0,1,0
6934,3610937,-18197,19628,-1431,0,-25947,27988,-2041,0,0,0,0,1,0
6935,3611458,-20218,17362,2856,0,-28831,24758,4073,0,0,0,0,1,0
6936,3611979,-21463,14429,7034,0,-30607,20576,10031,0,0,0,0,1,0
6937,3612500,-21883,10941,10941,0,-31207,15603,15603,0,0,0,0,1,0
6938,3613020,-21462,7034,14428,0,-30607,10031,20576,0,0,0,0,1,0
6939,3613541,-20216,2856,17360,0,-28831,4073,24758,0,0,0,0,1,0
6940,3614062,-18193,-1431,19625,0,-25947,-2041,27988,0,0,0,0,1,0
6941,3614583,-15472,-5663,21135,0,-22066,-8077,30143,0,0,0,0,1,0
6942,3615104,-12156,-9677,21833,0,-17337,-13802,31140,0,0,0,0,1,0
6943,3615625,-8373,-13319,21692,0,-11942,-18997,30940,0,0,0,0,1,0
6944,3616145,-4268,-16449,20718,0,-6088,-23462,29551,0,0,0,0,1,0
6945,3616666,0,-18947,18947,0,0,-27026,27026,0,0,0,0,1,0
6946,3617187,4268,-20716,16448,0,6088,-29551,23462,0,0,0,0,1,0
6947,3617708,8372,-21690,13318,0,11942,-30940,18997,0,0,0,0,1,0
6948,3618229,12154,-21829,9676,0,17337,-31140,13802,0,0,0,0,1,0
6949,3618750,15468,-21130,5662,0,22066,-30143,8077,0,0,0,0,1,0
6950,3619270,18188,-19619,1431,0,25947,-27988,2041,0,0,0,0,1,0
6951,3619791,20209,-17354,-2855,0,28831,-24758,-4073,0,0,0,0,1,0
6952,3620312,21454,-14422,-7031,0,30607,-20576,-10031,0,0,0,0,1,0
6953,3620833,21873,-10937,-10937,0,31207,-15603,-15603,0,0,0,0,1,0
6954,3621354,21452,-7031,-14422,0,30607,-10031,-20576,0,0,0,0,1,0
6955,3621875,20207,-2855,-17352,0,28831,-4073,-24758,0,0,0,0,1,0
6956,3622395,18185,1430,-19616,0,25947,2041,-27988,0,0,0,0,1,0
6957,3622916,15465,5661,-21126,0,22066,8077,-30143,0,0,0,0,1,0
6958,3623437,12150,9673,-21823,0,17337,13802,-31140,0,0,0,0,1,0
6959,3623958,8369,13313,-21682,0,11942,18997,-30940,0,0,0,0,1,0
6960,3624479,4266,16442,-20708,0,6088,23462,-29551,0,0,0,0,1,0
6961,3625000,0,18939,-18939,0,0,27026,-27026,0,0,0,0,1,0
6962,3625520,-4266,20707,-16441,0,-6088,29551,-23462,0,0,0,0,1,0
6963,3626041,-8368,21680,-13312,0,-11942,30940,-18997,0,0,0,0,1,0
6964,3626562,-12148,21820,-9671,0,-17337,31140,-13802,0,0,0,0,1,0
6965,3627083,-15462,21121,-5659,0,-22066,30143,-8077,0,0,0,0,1,0
6966,3627604,-18180,19610,-1430,0,-25947,27988,-2041,0,0,0,0,1,0
6967,3628125,-20200,17346,2854,0,-28831,24758,4073,0,0,0,0,1,0
6968,3628645,-21444,14416,7028,0,-30607,20576,10031,0,0,0,0,1,0
6969,3629166,-21864,10932,10932,0,-31207,15603,15603,0,0,0,0,1,0
6970,3629687,-21443,7028,14415,0,-30607,10031,20576,0,0,0,0,1,0
6971,3630208,-20198,2854,17345,0,-28831,4073,24758,0,0,0,0,1,0
6972,3630729,-18177,-1430,19607,0,-25947,-2041,27988,0,0,0,0,1,0
6973,3631250,-15458,-5658,21116,0,-22066,-8077,30143,0,0,0,0,1,0
6974,3631770,-12145,-9669,21814,0,-17337,-13802,31140,0,0,0,0,1,0
6975,3632291,-8365,-13307,21673,0,-11942,-18997,30940,0,0,0,0,1,0
6976,3632812,-4265,-16435,20699,0,-6088,-23462,29551,0,0,0,0,1,0
6977,3633333,0,-18930,18930,0,0,-27026,27026,0,0,0,0,1,0
6978,3633854,4264,-20698,16434,0,6088,-29551,23462,0,0,0,0,1,0
6979,3634375,8364,-21670,13306,0,11942,-30940,18997,0,0,0,0,1,0
6980,3634895,12143,-21810,9667,0,17337,-31140,13802,0,0,0,0,1,0
6981,3635416,15455,-21112,5657,0,22066,-30143,8077,0,0,0,0,1,0
6982,3635937,18172,-19602,1429,0,25947,-27988,2041,0,0,0,0,1,0
6983,3636458,20191,-17339,-2853,0,28831,-24758,-4073,0,0,0,0,1,0
6984,3636979,21435,-14410,-7025,0,30607,-20576,-10031,0,0,0,0,1,0
6985,3637500,21854,-10927,-10927,0,31207,-15603,-15603,0,0,0,0,1,0
6986,3638020,21433,-7024,-14409,0,30607,-10031,-20576,0,0,0,0,1,0
6987,3638541,20189,-2852,-17337,0,28831,-4073,-24758,0,0,0,0,1,0
6988,3639062,18169,1429,-19599,0,25947,2041,-27988,0,0,0,0,1,0
6989,3639583,15451,5656,-21107,0,22066,8077,-30143,0,0,0,0,1,0
6990,3640104,12140,9664,-21804,0,17337,13802,-31140,0,0,0,0,1,0
6991,3640625,8362,13302,-21663,0,11942,18997,-30940,0,0,0,0,1,0
6992,3641145,4263,16427,-20690,0,6088,23462,-29551,0,0,0,0,1,0
6993,3641666,0,18922,-18922,0,0,27026,-27026,0,0,0,0,1,0
6994,3642187,-4262,20689,-16427,0,-6088,29551,-23462,0,0,0,0,1,0
6995,3642708,-8361,21661,-13300,0,-11942,30940,-18997,0,0,0,0,1,0
6996,3643229,-12138,21800,-9663,0,-17337,31140,-13802,0,0,0,0,1,0
6997,3643750,-15448,21102,-5654,0,-22066,30143,-8077,0,0,0,0,1,0
6998,3644270,-18164,19593,-1429,0,-25947,27988,-2041,0,0,0,0,1,0
6999,3644791,-20183,17331,2851,0,-28831,24758,4073,0,0,0,0,1,0
7000,3645312,-21425,14403,7022,0,-30607,20576,10031,0,0,0,0,1,0
7001,3645833,-21844,10922,10922,0,-31207,15603,15603,0,0,0,0,1,0
7002,3646354,-21424,7021,14403,0,-30607,10031,20576,0,0,0,0,1,0
7003,3646875,-20180,2851,17329,0,-28831,4073,24758,0,0,0,0,1,0
7004,3647395,-18161,-1429,19590,0,-25947,-2041,27988,0,0,0,0,1,0
7005,3647916,-15445,-5653,21098,0,-22066,-8077,30143,0,0,0,0,1,0
7006,3648437,-12134,-9660,21794,0,-17337,-13802,31140,0,0,0,0,1,0
7007,3648958,-8358,-13296,21654,0,-11942,-18997,30940,0,0,0,0,1,0
7008,3649479,-4261,-16420,20681,0,-6088,-23462,29551,0,0,0,0,1,0
7009,3650000,0,-18913,18913,0,0,-27026,27026,0,0,0,0,1,0
7010,3650520,4261,-20680,16419,0,6088,-29551,23462,0,0,0,0,1,0
7011,3651041,8357,-21651,13294,0,11942,-30940,18997,0,0,0,0,1,0
7012,3651562,12132,-21791,9659,0,17337,-31140,13802,0,0,0,0,1,0
7013,3652083,15441,-21093,5652,0,22066,-30143,8077,0,0,0,0,1,0
7014,3652604,18156,-19584,1428,0,25947,-27988,2041,0,0,0,0,1,0
7015,3653125,20174,-17324,-2850,0,28831,-24758,-4073,0,0,0,0,1,0
7016,3653645,21416,-14397,-7019,0,30607,-20576,-10031,0,0,0,0,1,0
7017,3654166,21835,-10917,-10917,0,31207,-15603,-15603,0,0,0,0,1,0
7018,3654687,21414,-7018,-14396,0,30607,-10031,-20576,0,0,0,0,1,0
7019,3655208,20171,-2850,-17322,0,28831,-4073,-24758,0,0,0,0,1,0
7020,3655729,18153,1428,-19581,0,25947,2041,-27988,0,0,0,0,1,0
7021,3656250,15438,5651,-21088,0,22066,8077,-30143,0,0,0,0,1,0
7022,3656770,12129,9656,-21785,0,17337,13802,-31140,0,0,0,0,1,0
7023,3657291,8354,13290,-21644,0,11942,18997,-30940,0,0,0,0,1,0
7024,3657812,4259,16413,-20672,0,6088,23462,-29551,0,0,0,0,1,0
7025,3658333,0,18905,-18905,0,0,27026,-27026,0,0,0,0,1,0
7026,3658854,-4259,20671,-16412,0,-6088,29551,-23462,0,0,0,0,1,0
7027,3659375,-8353,21642,-13288,0,-11942,30940,-18997,0,0,0,0,1,0
7028,3659895,-12127,21781,-9654,0,-17337,31140,-13802,0,0,0,0,1,0
7029,3660416,-15434,21084,-5649,0,-22066,30143,-8077,0,0,0,0,1,0
7030,3660937,-18148,19576,-1428,0,-25947,27988,-2041,0,0,0,0,1,0
7031,3661458,-20165,17316,2849,0,-28831,24758,4073,0,0,0,0,1,0
7032,3661979,-21406,14391,7016,0,-30607,20576,10031,0,0,0,0,1,0
7033,3662500,-21825,10913,10913,0,-31207,15603,15603,0,0,0,0,1,0
7034,3663020,-21405,7015,14390,0,-30607,10031,20576,0,0,0,0,1,0
7035,3663541,-20163,2849,17314,0,-28831,4073,24758,0,0,0,0,1,0
7036,3664062,-18145,-1427,19573,0,-25947,-2041,27988,0,0,0,0,1,0
7037,3664583,-15431,-5648,21079,0,-22066,-8077,30143,0,0,0,0,1,0
7038,3665104,-12124,-9652,21775,0,-17337,-13802,31140,0,0,0,0,1,0
7039,3665625,-8351,-13284,21635,0,-11942,-18997,30940,0,0,0,0,1,0
7040,3666145,-4257,-16406,20663,0,-6088,-23462,29551,0,0,0,0,1,0
7041,3666666,0,-18897,18897,0,0,-27026,27026,0,0,0,0,1,0
7042,3667187,4257,-20662,16405,0,6088,-29551,23462,0,0,0,0,1,0
7043,3667708,8350,-21632,13283,0,11942,-30940,18997,0,0,0,0,1,0
7044,3668229,12122,-21772,9650,0,17337,-31140,13802,0,0,0,0,1,0
7045,3668750,15428,-21074,5647,0,22066,-30143,8077,0,0,0,0,1,0
7046,3669270,18140,-19567,1427,0,25947,-27988,2041,0,0,0,0,1,0
7047,3669791,20156,-17308,-2848,0,28831,-24758,-4073,0,0,0,0,1,0
7048,3670312,21397,-14384,-7013,0,30607,-20576,-10031,0,0,0,0,1,0
7049,3670833,21816,-10908,-10908,0,31207,-15603,-15603,0,0,0,0,1,0
7050,3671354,21396,-7012,-14384,0,30607,-10031,-20576,0,0,0,0,1,0
7051,3671875,20154,-2847,-17306,0,28831,-4073,-24758,0,0,0,0,1,0
7052,3672395,18137,1427,-19564,0,25947,2041,-27988,0,0,0,0,1,0
7053,3672916,15424,5646,-21070,0,22066,8077,-30143,0,0,0,0,1,0
7054,3673437,12118,9647,-21766,0,17337,13802,-31140,0,0,0,0,1,0
7055,3673958,8347,13278,-21625,0,11942,18997,-30940,0,0,0,0,1,0
7056,3674479,4255,16399,-20654,0,6088,23462,-29551,0,0,0,0,1,0
7057,3675000,0,18889,-18889,0,0,27026,-27026,0,0,0,0,1,0
7058,3675520,-4255,20653,-16398,0,-6088,29551,-23462,0,0,0,0,1,0
7059,3676041,-8346,21623,-13277,0,-11942,30940,-18997,0,0,0,0,1,0
7060,3676562,-12116,21762,-9646,0,-17337,31140,-13802,0,0,0,0,1,0
7061,3677083,-15421,21065,-5644,0,-22066,30143,-8077,0,0,0,0,1,0
7062,3677604,-18133,19559,-1426,0,-25947,27988,-2041,0,0,0,0,1,0
7063,3678125,-20147,17301,2846,0,-28831,24758,4073,0,0,0,0,1,0
7064,3678645,-21388,14378,7010,0,-30607,20576,10031,0,0,0,0,1,0
7065,3679166,-21806,10903,10903,0,-31207,15603,15603,0,0,0,0,1,0
7066,3679687,-21386,7009,14377,0,-30607,10031,20576,0,0,0,0,1,0
7067,3680208,-20145,2846,17299,0,-28831,4073,24758,0,0,0,0,1,0
7068,3680729,-18130,-1426,19556,0,-25947,-2041,27988,0,0,0,0,1,0
7069,3681250,-15418,-5643,21061,0,-22066,-8077,30143,0,0,0,0,1,0
7070,3681770,-12113,-9643,21756,0,-17337,-13802,31140,0,0,0,0,1,0
7071,3682291,-8343,-13273,21616,0,-11942,-18997,30940,0,0,0,0,1,0
7072,3682812,-4253,-16392,20645,0,-6088,-23462,29551,0,0,0,0,1,0
7073,3683333,0,-18880,18880,0,0,-27026,27026,0,0,0,0,1,0
7074,3683854,4253,-20644,16391,0,6088,-29551,23462,0,0,0,0,1,0
7075,3684375,8343,-21614,13271,0,11942,-30940,18997,0,0,0,0,1,0
7076,3684895,12111,-21753,9642,0,17337,-31140,13802,0,0,0,0,1,0
7077,3685416,15414,-21056,5642,0,22066,-30143,8077,0,0,0,0,1,0
7078,3685937,18125,-19550,1426,0,25947,-27988,2041,0,0,0,0,1,0
7079,3686458,20139,-17293,-2845,0,28831,-24758,-4073,0,0,0,0,1,0
7080,3686979,21378,-14372,-7006,0,30607,-20576,-10031,0,0,0,0,1,0
7081,3687500,21797,-10898,-10898,0,31207,-15603,-15603,0,0,0,0,1,0
7082,3688020,21377,-7006,-14371,0,30607,-10031,-20576,0,0,0,0,1,0
7083,3688541,20136,-2845,-17291,0,28831,-4073,-24758,0,0,0,0,1,0
7084,3689062,18122,1425,-19547,0,25947,2041,-27988,0,0,0,0,1,0
7085,3689583,15411,5641,-21052,0,22066,8077,-30143,0,0,0,0,1,0
7086,3690104,12108,9639,-21747,0,17337,13802,-31140,0,0,0,0,1,0
7087,3690625,8340,13267,-21607,0,11942,18997,-30940,0,0,0,0,1,0
7088,3691145,4251,16384,-20636,0,6088,23462,-29551,0,0,0,0,1,0
7089,3691666,0,18872,-18872,0,0,27026,-27026,0,0,0,0,1,0
7090,3692187,-4251,20635,-16384,0,-6088,29551,-23462,0,0,0,0,1,0
7091,3692708,-8339,21604,-13265,0,-11942,30940,-18997,0,0,0,0,1,0
7092,3693229,-12106,21743,-9638,0,-17337,31140,-13802,0,0,0,0,1,0
7093,3693750,-15408,21047,-5640,0,-22066,30143,-8077,0,0,0,0,1,0
7094,3694270,-18117,19542,-1425,0,-25947,27988,-2041,0,0,0,0,1,0
7095,3694791,-20130,17286,2844,0,-28831,24758,4073,0,0,0,0,1,0
7096,3695312,-21369,14366,7003,0,-30607,20576,10031,0,0,0,0,1,0
7097,3695833,-21787,10894,10894,0,-31207,15603,15603,0,0,0,0,1,0
7098,3696354,-21368,7003,14365,0,-30607,10031,20576,0,0,0,0,1,0
7099,3696875,-20128,2844,17284,0,-28831,4073,24758,0,0,0,0,1,0
7100,3697395,-18114,-1425,19539,0,-25947,-2041,27988,0,0,0,0,1,0
7101,3697916,-15404,-5638,21043,0,-22066,-8077,30143,0,0,0,0,1,0
7102,3698437,-12103,-9635,21738,0,-17337,-13802,31140,0,0,0,0,1,0
7103,3698958,-8336,-13261,21597,0,-11942,-18997,30940,0,0,0,0,1,0
7104,3699479,-4250,-16377,20627,0,-6088,-23462,29551,0,0,0,0,1,0
7105,3700000,0,-18864,18864,0,0,-27026,27026,0,0,0,0,1,0
7106,3700520,4249,-20626,16376,0,6088,-29551,23462,0,0,0,0,1,0
7107,3701041,8335,-21595,13260,0,11942,-30940,18997,0,0,0,0,1,0
7108,3701562,12101,-21734,9633,0,17337,-31140,13802,0,0,0,0,1,0
7109,3702083,15401,-21038,5637,0,22066,-30143,8077,0,0,0,0,1,0
7110,3702604,18109,-19533,1424,0,25947,-27988,2041,0,0,0,0,1,0
7111,3703125,20121,-17278,-2843,0,28831,-24758,-4073,0,0,0,0,1,0
7112,3703645,21360,-14359,-7000,0,30607,-20576,-10031,0,0,0,0,1,0
7113,3704166,21778,-10889,-10889,0,31207,-15603,-15603,0,0,0,0,1,0
7114,3704687,21359,-7000,-14359,0,30607,-10031,-20576,0,0,0,0,1,0
7115,3705208,20119,-2842,-17277,0,28831,-4073,-24758,0,0,0,0,1,0
7116,3705729,18106,1424,-19530,0,25947,2041,-27988,0,0,0,0,1,0
7117,3706250,15398,5636,-21033,0,22066,8077,-30143,0,0,0,0,1,0
7118,3706770,12097,9631,-21728,0,17337,13802,-31140,0,0,0,0,1,0
7119,3707291,8333,13255,-21588,0,11942,18997,-30940,0,0,0,0,1,0
7120,3707812,4248,16370,-20618,0,6088,23462,-29551,0,0,0,0,1,0
7121,3708333,0,18856,-18856,0,0,27026,-27026,0,0,0,0,1,0
7122,3708854,-4248,20617,-16369,0,-6088,29551,-23462,0,0,0,0,1,0
7123,3709375,-8332,21586,-13254,0,-11942,30940,-18997,0,0,0,0,1,0
7124,3709895,-12096,21725,-9629,0,-17337,31140,-13802,0,0,0,0,1,0
7125,3710416,-15394,21029,-5635,0,-22066,30143,-8077,0,0,0,0,1,0
7126,3710937,-18101,19525,-1424,0,-25947,27988,-2041,0,0,0,0,1,0
7127,3711458,-20112,17271,2842,0,-28831,24758,4073,0,0,0,0,1,0
7128,3711979,-21351,14353,6997,0,-30607,20576,10031,0,0,0,0,1,0
7129,3712500,-21768,10884,10884,0,-31207,15603,15603,0,0,0,0,1,0
7130,3713020,-21350,6997,14353,0,-30607,10031,20576,0,0,0,0,1,0
7131,3713541,-20110,2841,17269,0,-28831,4073,24758,0,0,0,0,1,0
7132,3714062,-18098,-1424,19522,0,-25947,-2041,27988,0,0,0,0,1,0
7133,3714583,-15391,-5633,21024,0,-22066,-8077,30143,0,0,0,0,1,0
7134,3715104,-12092,-9627,21719,0,-17337,-13802,31140,0,0,0,0,1,0
7135,3715625,-8329,-13250,21579,0,-11942,-18997,30940,0,0,0,0,1,0
7136,3716145,-4246,-16363,20609,0,-6088,-23462,29551,0,0,0,0,1,0
7137,3716666,0,-18848,18848,0,0,-27026,27026,0,0,0,0,1,0
7138,3717187,4246,-20608,16362,0,6088,-29551,23462,0,0,0,0,1,0
7139,3717708,8328,-21576,13248,0,11942,-30940,18997,0,0,0,0,1,0
7140,3718229,12090,-21715,9625,0,17337,-31140,13802,0,0,0,0,1,0
7141,3718750,15388,-21020,5632,0,22066,-30143,8077,0,0,0,0,1,0
7142,3719270,18093,-19517,1423,0,25947,-27988,2041,0,0,0,0,1,0
7143,3719791,20104,-17264,-2840,0,28831,-24758,-4073,0,0,0,0,1,0
7144,3720312,21342,-14347,-6994,0,30607,-20576,-10031,0,0,0,0,1,0
7145,3720833,21759,-10880,-10880,0,31207,-15603,-15603,0,0,0,0,1,0
7146,3721354,21340,-6994,-14346,0,30607,-10031,-20576,0,0,0,0,1,0
7147,3721875,20102,-2840,-17262,0,28831,-4073,-24758,0,0,0,0,1,0
7148,3722395,18091,1423,-19514,0,25947,2041,-27988,0,0,0,0,1,0
7149,3722916,15384,5631,-21015,0,22066,8077,-30143,0,0,0,0,1,0
7150,3723437,12087,9623,-21710,0,17337,13802,-31140,0,0,0,0,1,0
7151,3723958,8326,13244,-21569,0,11942,18997,-30940,0,0,0,0,1,0
7152,3724479,4244,16356,-20600,0,6088,23462,-29551,0,0,0,0,1,0
7153,3725000,0,18840,-18840,0,0,27026,-27026,0,0,0,0,1,0
7154,3725520,-4244,20599,-16355,0,-6088,29551,-23462,0,0,0,0,1,0
7155,3726041,-8325,21567,-13243,0,-11942,30940,-18997,0,0,0,0,1,0
7156,3726562,-12085,21706,-9621,0,-17337,31140,-13802,0,0,0,0,1,0
7157,3727083,-15381,21011,-5630,0,-22066,30143,-8077,0,0,0,0,1,0
7158,3727604,-18086,19508,-1423,0,-25947,27988,-2041,0,0,0,0,1,0
7159,3728125,-20095,17256,2839,0,-28831,24758,4073,0,0,0,0,1,0
7160,3728645,-21332,14341,6991,0,-30607,20576,10031,0,0,0,0,1,0
7161,3729166,-21750,10875,10875,0,-31207,15603,15603,0,0,0,0,1,0
7162,3729687,-21331,6991,14340,0,-30607,10031,20576,0,0,0,0,1,0
7163,3730208,-20093,2839,17254,0,-28831,4073,24758,0,0,0,0,1,0
7164,3730729,-18083,-1422,19505,0,-25947,-2041,27988,0,0,0,0,1,0
7165,3731250,-15378,-5629,21006,0,-22066,-8077,30143,0,0,0,0,1,0
7166,3731770,-12082,-9618,21700,0,-17337,-13802,31140,0,0,0,0,1,0
7167,3732291,-8322,-13238,21560,0,-11942,-18997,30940,0,0,0,0,1,0
7168,3732812,-4242,-16349,20592,0,-6088,-23462,29551,0,0,0,0,1,0
7169,3733333,0,-18832,18832,0,0,-27026,27026,0,0,0,0,1,0
7170,3733854,4242,-20591,16348,0,6088,-29551,23462,0,0,0,0,1,0
7171,3734375,8321,-21558,13237,0,11942,-30940,18997,0,0,0,0,1,0
7172,3734895,12080,-21697,9617,0,17337,-31140,13802,0,0,0,0,1,0
7173,3735416,15375,-21002,5627,0,22066,-30143,8077,0,0,0,0,1,0
7174,3735937,18078,-19500,1422,0,25947,-27988,2041,0,0,0,0,1,0
7175,3736458,20087,-17249,-2838,0,28831,-24758,-4073,0,0,0,0,1,0
7176,3736979,21323,-14335,-6988,0,30607,-20576,-10031,0,0,0,0,1,0
7177,3737500,21741,-10870,-10870,0,31207,-15603,-15603,0,0,0,0,1,0
7178,3738020,21322,-6988,-14334,0,30607,-10031,-20576,0,0,0,0,1,0
7179,3738541,20085,-2838,-17247,0,28831,-4073,-24758,0,0,0,0,1,0
7180,3739062,18075,1422,-19497,0,25947,2041,-27988,0,0,0,0,1,0
7181,3739583,15371,5626,-20998,0,22066,8077,-30143,0,0,0,0,1,0
7182,3740104,12077,9614,-21691,0,17337,13802,-31140,0,0,0,0,1,0
7183,3740625,8318,13233,-21551,0,11942,18997,-30940,0,0,0,0,1,0
7184,3741145,4241,16342,-20583,0,6088,23462,-29551,0,0,0,0,1,0
7185,3741666,0,18824,-18824,0,0,27026,-27026,0,0,0,0,1,0
7186,3742187,-4240,20582,-16342,0,-6088,29551,-23462,0,0,0,0,1,0
7187,3742708,-8318,21549,-13231,0,-11942,30940,-18997,0,0,0,0,1,0
7188,3743229,-12075,21688,-9613,0,-17337,31140,-13802,0,0,0,0,1,0
7189,3743750,-15368,20993,-5625,0,-22066,30143,-8077,0,0,0,0,1,0
7190,3744270,-18070,19492,-1421,0,-25947,27988,-2041,0,0,0,0,1,0
7191,3744791,-20078,17242,2837,0,-28831,24758,4073,0,0,0,0,1,0
7192,3745312,-21314,14329,6985,0,-30607,20576,10031,0,0,0,0,1,0
7193,3745833,-21731,10866,10866,0,-31207,15603,15603,0,0,0,0,1,0
7194,3746354,-21313,6985,14328,0,-30607,10031,20576,0,0,0,0,1,0
7195,3746875,-20076,2836,17240,0,-28831,4073,24758,0,0,0,0,1,0
7196,3747395,-18067,-1421,19489,0,-25947,-2041,27988,0,0,0,0,1,0
7197,3747916,-15365,-5624,20989,0,-22066,-8077,30143,0,0,0,0,1,0
7198,3748437,-12072,-9610,21682,0,-17337,-13802,31140,0,0,0,0,1,0
7199,3748958,-8315,-13227,21542,0,-11942,-18997,30940,0,0,0,0,1,0
7200,3749479,-4239,-16335,20574,0,-6088,-23462,29551,0,0,0,0,1,0
7201,3750000,0,-18816,18816,0,0,-27026,27026,0,0,0,0,1,0
7202,3750520,4239,-20573,16335,0,6088,-29551,23462,0,0,0,0,1,0
7203,3751041,8314,-21540,13226,0,11942,-30940,18997,0,0,0,0,1,0
7204,3751562,12070,-21678,9609,0,17337,-31140,13802,0,0,0,0,1,0
7205,3752083,15361,-20984,5623,0,22066,-30143,8077,0,0,0,0,1,0
7206,3752604,18063,-19484,1421,0,25947,-27988,2041,0,0,0,0,1,0
7207,3753125,20070,-17234,-2835,0,28831,-24758,-4073,0,0,0,0,1,0
7208,3753645,21305,-14323,-6983,0,30607,-20576,-10031,0,0,0,0,1,0
7209,3754166,21722,-10861,-10861,0,31207,-15603,-15603,0,0,0,0,1,0
7210,3754687,21304,-6982,-14322,0,30607,-10031,-20576,0,0,0,0,1,0
7211,3755208,20068,-2835,-17232,0,28831,-4073,-24758,0,0,0,0,1,0
7212,3755729,18060,1421,-19480,0,25947,2041,-27988,0,0,0,0,1,0
7213,3756250,15358,5622,-20980,0,22066,8077,-30143,0,0,0,0,1,0
7214,3756770,12067,9606,-21673,0,17337,13802,-31140,0,0,0,0,1,0
7215,3757291,8311,13222,-21533,0,11942,18997,-30940,0,0,0,0,1,0
7216,3757812,4237,16329,-20566,0,6088,23462,-29551,0,0,0,0,1,0
7217,3758333,0,18808,-18808,0,0,27026,-27026,0,0,0,0,1,0
7218,3758854,-4237,20564,-16328,0,-6088,29551,-23462,0,0,0,0,1,0
7219,3759375,-8311,21531,-13220,0,-11942,30940,-18997,0,0,0,0,1,0
7220,3759895,-12065,21669,-9605,0,-17337,31140,-13802,0,0,0,0,1,0
7221,3760416,-15355,20975,-5620,0,-22066,30143,-8077,0,0,0,0,1,0
7222,3760937,-18055,19475,-1420,0,-25947,27988,-2041,0,0,0,0,1,0
7223,3761458,-20061,17227,2834,0,-28831,24758,4073,0,0,0,0,1,0
7224,3761979,-21296,14317,6980,0,-30607,20576,10031,0,0,0,0,1,0
7225,3762500,-21713,10856,10856,0,-31207,15603,15603,0,0,0,0,1,0
7226,3763020,-21295,6979,14316,0,-30607,10031,20576,0,0,0,0,1,0
7227,3763541,-20059,2834,17225,0,-28831,4073,24758,0,0,0,0,1,0
7228,3764062,-18052,-1420,19472,0,-25947,-2041,27988,0,0,0,0,1,0
7229,3764583,-15352,-5619,20971,0,-22066,-8077,30143,0,0,0,0,1,0
7230,3765104,-12061,-9602,21664,0,-17337,-13802,31140,0,0,0,0,1,0
7231,3765625,-8308,-13216,21524,0,-11942,-18997,30940,0,0,0,0,1,0
7232,3766145,-4235,-16322,20557,0,-6088,-23462,29551,0,0,0,0,1,0
7233,3766666,0,-18800,18800,0,0,-27026,27026,0,0,0,0,1,0
7234,3767187,4235,-20556,16321,0,6088,-29551,23462,0,0,0,0,1,0
7235,3767708,8307,-21522,13215,0,11942,-30940,18997,0,0,0,0,1,0
7236,3768229,12060,-21660,9601,0,17337,-31140,13802,0,0,0,0,1,0
7237,3768750,15349,-20967,5618,0,22066,-30143,8077,0,0,0,0,1,0
7238,3769270,18048,-19467,1420,0,25947,-27988,2041,0,0,0,0,1,0
7239,3769791,20053,-17220,-2833,0,28831,-24758,-4073,0,0,0,0,1,0
7240,3770312,21287,-14311,-6977,0,30607,-20576,-10031,0,0,0,0,1,0
7241,3770833,21704,-10852,-10852,0,31207,-15603,-15603,0,0,0,0,1,0
7242,3771354,21286,-6976,-14310,0,30607,-10031,-20576,0,0,0,0,1,0
7243,3771875,20051,-2833,-17218,0,28831,-4073,-24758,0,0,0,0,1,0
7244,3772395,18045,1419,-19464,0,25947,2041,-27988,0,0,0,0,1,0
7245,3772916,15345,5617,-20962,0,22066,8077,-30143,0,0,0,0,1,0
7246,3773437,12056,9598,-21655,0,17337,13802,-31140,0,0,0,0,1,0
7247,3773958,8304,13210,-21515,0,11942,18997,-30940,0,0,0,0,1,0
7248,3774479,4233,16315,-20548,0,6088,23462,-29551,0,0,0,0,1,0
7249,3775000,0,18792,-18792,0,0,27026,-27026,0,0,0,0,1,0
7250,3775520,-4233,20547,-16314,0,-6088,29551,-23462,0,0,0,0,1,0
7251,3776041,-8304,21513,-13209,0,-11942,30940,-18997,0,0,0,0,1,0
7252,3776562,-12055,21651,-9597,0,-17337,31140,-13802,0,0,0,0,1,0
7253,3777083,-15342,20958,-5616,0,-22066,30143,-8077,0,0,0,0,1,0
7254,3777604,-18040,19459,-1419,0,-25947,27988,-2041,0,0,0,0,1,0
7255,3778125,-20044,17213,2832,0,-28831,24758,4073,0,0,0,0,1,0
7256,3778645,-21278,14305,6974,0,-30607,20576,10031,0,0,0,0,1,0
7257,3779166,-21695,10847,10847,0,-31207,15603,15603,0,0,0,0,1,0
7258,3779687,-21277,6973,14304,0,-30607,10031,20576,0,0,0,0,1,0
7259,3780208,-20042,2832,17211,0,-28831,4073,24758,0,0,0,0,1,0
7260,3780729,-18037,-1419,19456,0,-25947,-2041,27988,0,0,0,0,1,0
7261,3781250,-15339,-5614,20953,0,-22066,-8077,30143,0,0,0,0,1,0
7262,3781770,-12051,-9594,21645,0,-17337,-13802,31140,0,0,0,0,1,0
7263,3782291,-8301,-13205,21506,0,-11942,-18997,30940,0,0,0,0,1,0
7264,3782812,-4232,-16308,20540,0,-6088,-23462,29551,0,0,0,0,1,0
7265,3783333,0,-18784,18784,0,0,-27026,27026,0,0,0,0,1,0
7266,3783854,4231,-20539,16307,0,6088,-29551,23462,0,0,0,0,1,0
7267,3784375,8300,-21504,13203,0,11942,-30940,18997,0,0,0,0,1,0
7268,3784895,12049,-21642,9593,0,17337,-31140,13802,0,0,0,0,1,0
7269,3785416,15336,-20949,5613,0,22066,-30143,8077,0,0,0,0,1,0
7270,3785937,18032,-19451,1418,0,25947,-27988,2041,0,0,0,0,1,0
7271,3786458,20036,-17205,-2831,0,28831,-24758,-4073,0,0,0,0,1,0
7272,3786979,21270,-14299,-6971,0,30607,-20576,-10031,0,0,0,0,1,0
7273,3787500,21686,-10843,-10843,0,31207,-15603,-15603,0,0,0,0,1,0
7274,3788020,21268,-6970,-14298,0,30607,-10031,-20576,0,0,0,0,1,0
7275,3788541,20034,-2830,-17204,0,28831,-4073,-24758,0,0,0,0,1,0
7276,3789062,18030,1418,-19448,0,25947,2041,-27988,0,0,0,0,1,0
7277,3789583,15332,5612,-20945,0,22066,8077,-30143,0,0,0,0,1,0
7278,3790104,12046,9590,-21636,0,17337,13802,-31140,0,0,0,0,1,0
7279,3790625,8297,13199,-21497,0,11942,18997,-30940,0,0,0,0,1,0
7280,3791145,4230,16301,-20531,0,6088,23462,-29551,0,0,0,0,1,0
7281,3791666,0,18776,-18776,0,0,27026,-27026,0,0,0,0,1,0
7282,3792187,-4230,20530,-16300,0,-6088,29551,-23462,0,0,0,0,1,0
7283,3792708,-8297,21495,-13198,0,-11942,30940,-18997,0,0,0,0,1,0
7284,3793229,-12044,21633,-9589,0,-17337,31140,-13802,0,0,0,0,1,0
7285,3793750,-15329,20940,-5611,0,-22066,30143,-8077,0,0,0,0,1,0
7286,3794270,-18025,19443,-1418,0,-25947,27988,-2041,0,0,0,0,1,0
7287,3794791,-20028,17198,2830,0,-28831,24758,4073,0,0,0,0,1,0
7288,3795312,-21261,14293,6968,0,-30607,20576,10031,0,0,0,0,1,0
7289,3795833,-21677,10838,10838,0,-31207,15603,15603,0,0,0,0,1,0
7290,3796354,-21260,6968,14292,0,-30607,10031,20576,0,0,0,0,1,0
7291,3796875,-20026,2829,17196,0,-28831,4073,24758,0,0,0,0,1,0
7292,3797395,-18022,-1418,19440,0,-25947,-2041,27988,0,0,0,0,1,0
7293,3797916,-15326,-5610,20936,0,-22066,-8077,30143,0,0,0,0,1,0
7294,3798437,-12041,-9586,21627,0,-17337,-13802,31140,0,0,0,0,1,0
7295,3798958,-8294,-13194,21488,0,-11942,-18997,30940,0,0,0,0,1,0
7296,3799479,-4228,-16294,20523,0,-6088,-23462,29551,0,0,0,0,1,0
7297,3800000,0,-18769,18769,0,0,-27026,27026,0,0,0,0,1,0
7298,3800520,4228,-20521,16294,0,6088,-29551,23462,0,0,0,0,1,0
7299,3801041,8293,-21486,13192,0,11942,-30940,18997,0,0,0,0,1,0
7300,3801562,12039,-21624,9585,0,17337,-31140,13802,0,0,0,0,1,0
7301,3802083,15323,-20932,5609,0,22066,-30143,8077,0,0,0,0,1,0
7302,3802604,18017,-19435,1417,0,25947,-27988,2041,0,0,0,0,1,0
7303,3803125,20019,-17191,-2828,0,28831,-24758,-4073,0,0,0,0,1,0
7304,3803645,21252,-14287,-6965,0,30607,-20576,-10031,0,0,0,0,1,0
7305,3804166,21668,-10834,-10834,0,31207,-15603,-15603,0,0,0,0,1,0
7306,3804687,21251,-6965,-14286,0,30607,-10031,-20576,0,0,0,0,1,0
7307,3805208,20017,-2828,-17189,0,28831,-4073,-24758,0,0,0,0,1,0
7308,3805729,18015,1417,-19432,0,25947,2041,-27988,0,0,0,0,1,0
7309,3806250,15320,5607,-20927,0,22066,8077,-30143,0,0,0,0,1,0
7310,3806770,12036,9582,-21618,0,17337,13802,-31140,0,0,0,0,1,0
7311,3807291,8291,13188,-21479,0,11942,18997,-30940,0,0,0,0,1,0
7312,3807812,4226,16288,-20514,0,6088,23462,-29551,0,0,0,0,1,0
7313,3808333,0,18761,-18761,0,0,27026,-27026,0,0,0,0,1,0
7314,3808854,-4226,20513,-16287,0,-6088,29551,-23462,0,0,0,0,1,0
7315,3809375,-8290,21477,-13187,0,-11942,30940,-18997,0,0,0,0,1,0
7316,3809895,-12034,21615,-9581,0,-17337,31140,-13802,0,0,0,0,1,0
7317,3810416,-15317,20923,-5606,0,-22066,30143,-8077,0,0,0,0,1,0
7318,3810937,-18010,19427,-1417,0,-25947,27988,-2041,0,0,0,0,1,0
7319,3811458,-20011,17184,2827,0,-28831,24758,4073,0,0,0,0,1,0
7320,3811979,-21243,14281,6962,0,-30607,20576,10031,0,0,0,0,1,0
7321,3812500,-21659,10829,10829,0,-31207,15603,15603,0,0,0,0,1,0
7322,3813020,-21242,6962,14280,0,-30607,10031,20576,0,0,0,0,1,0
7323,3813541,-20009,2827,17182,0,-28831,4073,24758,0,0,0,0,1,0
7324,3814062,-18007,-1416,19424,0,-25947,-2041,27988,0,0,0,0,1,0
7325,3814583,-15313,-5605,20919,0,-22066,-8077,30143,0,0,0,0,1,0
7326,3815104,-12031,-9578,21610,0,-17337,-13802,31140,0,0,0,0,1,0
7327,3815625,-8287,-13183,21470,0,-11942,-18997,30940,0,0,0,0,1,0
7328,3816145,-4225,-16281,20506,0,-6088,-23462,29551,0,0,0,0,1,0
7329,3816666,0,-18753,18753,0,0,-27026,27026,0,0,0,0,1,0
7330,3817187,4224,-20505,16280,0,6088,-29551,23462,0,0,0,0,1,0
7331,3817708,8286,-21468,13182,0,11942,-30940,18997,0,0,0,0,1,0
7332,3818229,12030,-21606,9577,0,17337,-31140,13802,0,0,0,0,1,0
7333,3818750,15310,-20914,5604,0,22066,-30143,8077,0,0,0,0,1,0
7334,3819270,18003,-19419,1416,0,25947,-27988,2041,0,0,0,0,1,0
7335,3819791,20003,-17177,-2826,0,28831,-24758,-4073,0,0,0,0,1,0
7336,3820312,21234,-14275,-6959,0,30607,-20576,-10031,0,0,0,0,1,0
7337,3820833,21650,-10825,-10825,0,31207,-15603,-15603,0,0,0,0,1,0
7338,3821354,21233,-6959,-14274,0,30607,-10031,-20576,0,0,0,0,1,0
7339,3821875,20001,-2826,-17175,0,28831,-4073,-24758,0,0,0,0,1,0
7340,3822395,18000,1416,-19416,0,25947,2041,-27988,0,0,0,0,1,0
7341,3822916,15307,5603,-20910,0,22066,8077,-30143,0,0,0,0,1,0
7342,3823437,12026,9574,-21601,0,17337,13802,-31140,0,0,0,0,1,0
7343,3823958,8284,13178,-21461,0,11942,18997,-30940,0,0,0,0,1,0
7344,3824479,4223,16274,-20497,0,6088,23462,-29551,0,0,0,0,1,0
7345,3825000,0,18745,-18745,0,0,27026,-27026,0,0,0,0,1,0
7346,3825520,-4223,20496,-16273,0,-6088,29551,-23462,0,0,0,0,1,0
7347,3826041,-8283,21459,-13176,0,-11942,30940,-18997,0,0,0,0,1,0
7348,3826562,-12025,21597,-9573,0,-17337,31140,-13802,0,0,0,0,1,0
7349,3827083,-15304,20906,-5602,0,-22066,30143,-8077,0,0,0,0,1,0
7350,3827604,-17995,19411,-1415,0,-25947,27988,-2041,0,0,0,0,1,0
7351,3828125,-19995,17170,2825,0,-28831,24758,4073,0,0,0,0,1,0
7352,3828645,-21226,14269,6956,0,-30607,20576,10031,0,0,0,0,1,0
7353,3829166,-21641,10820,10820,0,-31207,15603,15603,0,0,0,0,1,0
7354,3829687,-21224,6956,14268,0,-30607,10031,20576,0,0,0,0,1,0
7355,3830208,-19993,2825,17168,0,-28831,4073,24758,0,0,0,0,1,0
7356,3830729,-17992,-1415,19408,0,-25947,-2041,27988,0,0,0,0,1,0
7357,3831250,-15301,-5600,20901,0,-22066,-8077,30143,0,0,0,0,1,0
7358,3831770,-12021,-9570,21592,0,-17337,-13802,31140,0,0,0,0,1,0
7359,3832291,-8280,-13172,21452,0,-11942,-18997,30940,0,0,0,0,1,0
7360,3832812,-4221,-16268,20489,0,-6088,-23462,29551,0,0,0,0,1,0
7361,3833333,0,-18738,18738,0,0,-27026,27026,0,0,0,0,1,0
7362,3833854,4221,-20488,16267,0,6088,-29551,23462,0,0,0,0,1,0
7363,3834375,8279,-21450,13171,0,11942,-30940,18997,0,0,0,0,1,0
7364,3834895,12020,-21588,9569,0,17337,-31140,13802,0,0,0,0,1,0
7365,3835416,15298,-20897,5599,0,22066,-30143,8077,0,0,0,0,1,0
7366,3835937,17988,-19403,1415,0,25947,-27988,2041,0,0,0,0,1,0
7367,3836458,19986,-17163,-2824,0,28831,-24758,-4073,0,0,0,0,1,0
7368,3836979,21217,-14263,-6954,0,30607,-20576,-10031,0,0,0,0,1,0
7369,3837500,21632,-10816,-10816,0,31207,-15603,-15603,0,0,0,0,1,0
7370,3838020,21216,-6953,-14263,0,30607,-10031,-20576,0,0,0,0,1,0
7371,3838541,19984,-2823,-17161,0,28831,-4073,-24758,0,0,0,0,1,0
7372,3839062,17985,1415,-19400,0,25947,2041,-27988,0,0,0,0,1,0
7373,3839583,15295,5598,-20893,0,22066,8077,-30143,0,0,0,0,1,0
7374,3840104,12017,9566,-21583,0,17337,13802,-31140,0,0,0,0,1,0
7375,3840625,8277,13167,-21444,0,11942,18997,-30940,0,0,0,0,1,0
7376,3841145,4219,16261,-20480,0,6088,23462,-29551,0,0,0,0,1,0
7377,3841666,0,18730,-18730,0,0,27026,-27026,0,0,0,0,1,0
7378,3842187,-4219,20479,-16260,0,-6088,29551,-23462,0,0,0,0,1,0
7379,3842708,-8276,21441,-13165,0,-11942,30940,-18997,0,0,0,0,1,0
7380,3843229,-12015,21580,-9565,0,-17337,31140,-13802,0,0,0,0,1,0
7381,3843750,-15291,20888,-5597,0,-22066,30143,-8077,0,0,0,0,1,0
7382,3844270,-17980,19395,-1414,0,-25947,27988,-2041,0,0,0,0,1,0
7383,3844791,-19978,17156,2823,0,-28831,24758,4073,0,0,0,0,1,0
7384,3845312,-21208,14257,6951,0,-30607,20576,10031,0,0,0,0,1,0
7385,3845833,-21623,10812,10812,0,-31207,15603,15603,0,0,0,0,1,0
7386,3846354,-21207,6950,14257,0,-30607,10031,20576,0,0,0,0,1,0
7387,3846875,-19976,2822,17154,0,-28831,4073,24758,0,0,0,0,1,0
7388,3847395,-17978,-1414,19392,0,-25947,-2041,27988,0,0,0,0,1,0
7389,3847916,-15288,-5596,20884,0,-22066,-8077,30143,0,0,0,0,1,0
7390,3848437,-12012,-9562,21574,0,-17337,-13802,31140,0,0,0,0,1,0
7391,3848958,-8274,-13161,21435,0,-11942,-18997,30940,0,0,0,0,1,0
7392,3849479,-4218,-16254,20472,0,-6088,-23462,29551,0,0,0,0,1,0
7393,3850000,0,-18722,18722,0,0,-27026,27026,0,0,0,0,1,0
7394,3850520,4218,-20471,16253,0,6088,-29551,23462,0,0,0,0,1,0
7395,3851041,8273,-21433,13160,0,11942,-30940,18997,0,0,0,0,1,0
7396,3851562,12010,-21571,9561,0,17337,-31140,13802,0,0,0,0,1,0
7397,3852083,15285,-20880,5595,0,22066,-30143,8077,0,0,0,0,1,0
7398,3852604,17973,-19387,1414,0,25947,-27988,2041,0,0,0,0,1,0
7399,3853125,19970,-17149,-2821,0,28831,-24758,-4073,0,0,0,0,1,0
7400,3853645,21200,-14252,-6948,0,30607,-20576,-10031,0,0,0,0,1,0
7401,3854166,21614,-10807,-10807,0,31207,-15603,-15603,0,0,0,0,1,0
7402,3854687,21198,-6948,-14251,0,30607,-10031,-20576,0,0,0,0,1,0
7403,3855208,19968,-2821,-17147,0,28831,-4073,-24758,0,0,0,0,1,0
7404,3855729,17970,1414,-19384,0,25947,2041,-27988,0,0,0,0,1,0
7405,3856250,15282,5594,-20876,0,22066,8077,-30143,0,0,0,0,1,0
7406,3856770,12007,9559,-21565,0,17337,13802,-31140,0,0,0,0,1,0
7407,3857291,8270,13156,-21426,0,11942,18997,-30940,0,0,0,0,1,0
7408,3857812,4216,16248,-20464,0,6088,23462,-29551,0,0,0,0,1,0
7409,3858333,0,18715,-18715,0,0,27026,-27026,0,0,0,0,1,0
7410,3858854,-4216,20463,-16247,0,-6088,29551,-23462,0,0,0,0,1,0
7411,3859375,-8269,21424,-13155,0,-11942,30940,-18997,0,0,0,0,1,0
7412,3859895,-12005,21562,-9557,0,-17337,31140,-13802,0,0,0,0,1,0
7413,3860416,-15279,20871,-5593,0,-22066,30143,-8077,0,0,0,0,1,0
7414,3860937,-17966,19379,-1413,0,-25947,27988,-2041,0,0,0,0,1,0
7415,3861458,-19962,17142,2820,0,-28831,24758,4073,0,0,0,0,1,0
7416,3861979,-21191,14246,6945,0,-30607,20576,10031,0,0,0,0,1,0
7417,3862500,-21606,10803,10803,0,-31207,15603,15603,0,0,0,0,1,0
7418,3863020,-21190,6945,14245,0,-30607,10031,20576,0,0,0,0,1,0
7419,3863541,-19960,2820,17140,0,-28831,4073,24758,0,0,0,0,1,0
7420,3864062,-17963,-1413,19376,0,-25947,-2041,27988,0,0,0,0,1,0
7421,3864583,-15276,-5591,20867,0,-22066,-8077,30143,0,0,0,0,1,0
7422,3865104,-12002,-9555,21557,0,-17337,-13802,31140,0,0,0,0,1,0
7423,3865625,-8267,-13151,21417,0,-11942,-18997,30940,0,0,0,0,1,0
7424,3866145,-4214,-16241,20455,0,-6088,-23462,29551,0,0,0,0,1,0
7425,3866666,0,-18707,18707,0,0,-27026,27026,0,0,0,0,1,0
7426,3867187,4214,-20454,16240,0,6088,-29551,23462,0,0,0,0,1,0
7427,3867708,8266,-21415,13149,0,11942,-30940,18997,0,0,0,0,1,0
7428,3868229,12000,-21553,9553,0,17337,-31140,13802,0,0,0,0,1,0
7429,3868750,15273,-20863,5590,0,22066,-30143,8077,0,0,0,0,1,0
7430,3869270,17958,-19371,1413,0,25947,-27988,2041,0,0,0,0,1,0
7431,3869791,19954,-17135,-2819,0,28831,-24758,-4073,0,0,0,0,1,0
7432,3870312,21182,-14240,-6942,0,30607,-20576,-10031,0,0,0,0,1,0
7433,3870833,21597,-10798,-10798,0,31207,-15603,-15603,0,0,0,0,1,0
7434,3871354,21181,-6942,-14239,0,30607,-10031,-20576,0,0,0,0,1,0
7435,3871875,19952,-2819,-17133,0,28831,-4073,-24758,0,0,0,0,1,0
7436,3872395,17956,1412,-19368,0,25947,2041,-27988,0,0,0,0,1,0
7437,3872916,15270,5589,-20859,0,22066,8077,-30143,0,0,0,0,1,0
7438,3873437,11997,9551,-21548,0,17337,13802,-31140,0,0,0,0,1,0
7439,3873958,8263,13145,-21409,0,11942,18997,-30940,0,0,0,0,1,0
7440,3874479,4213,16234,-20447,0,6088,23462,-29551,0,0,0,0,1,0
7441,3875000,0,18700,-18700,0,0,27026,-27026,0,0,0,0,1,0
7442,3875520,-4212,20446,-16234,0,-6088,29551,-23462,0,0,0,0,1,0
7443,3876041,-8263,21407,-13144,0,-11942,30940,-18997,0,0,0,0,1,0
7444,3876562,-11995,21545,-9549,0,-17337,31140,-13802,0,0,0,0,1,0
7445,3877083,-15267,20855,-5588,0,-22066,30143,-8077,0,0,0,0,1,0
7446,3877604,-17951,19363,-1412,0,-25947,27988,-2041,0,0,0,0,1,0
7447,3878125,-19946,17128,2818,0,-28831,24758,4073,0,0,0,0,1,0
7448,3878645,-21174,14234,6939,0,-30607,20576,10031,0,0,0,0,1,0
7449,3879166,-21588,10794,10794,0,-31207,15603,15603,0,0,0,0,1,0
7450,3879687,-21173,6939,14234,0,-30607,10031,20576,0,0,0,0,1,0
7451,3880208,-19944,2818,17126,0,-28831,4073,24758,0,0,0,0,1,0
7452,3880729,-17949,-1412,19360,0,-25947,-2041,27988,0,0,0,0,1,0
7453,3881250,-15264,-5587,20850,0,-22066,-8077,30143,0,0,0,0,1,0
7454,3881770,-11992,-9547,21539,0,-17337,-13802,31140,0,0,0,0,1,0
7455,3882291,-8260,-13140,21400,0,-11942,-18997,30940,0,0,0,0,1,0
7456,3882812,-4211,-16228,20439,0,-6088,-23462,29551,0,0,0,0,1,0
7457,3883333,0,-18692,18692,0,0,-27026,27026,0,0,0,0,1,0
7458,3883854,4211,-20438,16227,0,6088,-29551,23462,0,0,0,0,1,0
7459,3884375,8259,-21398,13139,0,11942,-30940,18997,0,0,0,0,1,0
7460,3884895,11990,-21536,9546,0,17337,-31140,13802,0,0,0,0,1,0
7461,3885416,15260,-20846,5586,0,22066,-30143,8077,0,0,0,0,1,0
7462,3885937,17944,-19355,1411,0,25947,-27988,2041,0,0,0,0,1,0
7463,3886458,19938,-17121,-2817,0,28831,-24758,-4073,0,0,0,0,1,0
7464,3886979,21165,-14229,-6937,0,30607,-20576,-10031,0,0,0,0,1,0
7465,3887500,21579,-10790,-10790,0,31207,-15603,-15603,0,0,0,0,1,0
7466,3888020,21164,-6936,-14228,0,30607,-10031,-20576,0,0,0,0,1,0
7467,3888541,19936,-2817,-17119,0,28831,-4073,-24758,0,0,0,0,1,0
7468,3889062,17941,1411,-19353,0,25947,2041,-27988,0,0,0,0,1,0
7469,3889583,15257,5585,-20842,0,22066,8077,-30143,0,0,0,0,1,0
7470,3890104,11987,9543,-21531,0,17337,13802,-31140,0,0,0,0,1,0
7471,3890625,8257,13135,-21392,0,11942,18997,-30940,0,0,0,0,1,0
7472,3891145,4209,16221,-20431,0,6088,23462,-29551,0,0,0,0,1,0
7473,3891666,0,18685,-18685,0,0,27026,-27026,0,0,0,0,1,0
7474,3892187,-4209,20430,-16221,0,-6088,29551,-23462,0,0,0,0,1,0
7475,3892708,-8256,21389,-13133,0,-11942,30940,-18997,0,0,0,0,1,0
7476,3893229,-11986,21527,-9542,0,-17337,31140,-13802,0,0,0,0,1,0
7477,3893750,-15254,20838,-5583,0,-22066,30143,-8077,0,0,0,0,1,0
7478,3894270,-17937,19348,-1411,0,-25947,27988,-2041,0,0,0,0,1,0
7479,3894791,-19930,17114,2816,0,-28831,24758,4073,0,0,0,0,1,0
7480,3895312,-21157,14223,6934,0,-30607,20576,10031,0,0,0,0,1,0
7481,3895833,-21571,10785,10785,0,-31207,15603,15603,0,0,0,0,1,0
7482,3896354,-21156,6934,14222,0,-30607,10031,20576,0,0,0,0,1,0
7483,3896875,-19928,2815,17112,0,-28831,4073,24758,0,0,0,0,1,0
7484,3897395,-17934,-1411,19345,0,-25947,-2041,27988,0,0,0,0,1,0
7485,3897916,-15251,-5582,20834,0,-22066,-8077,30143,0,0,0,0,1,0
7486,3898437,-11983,-9539,21522,0,-17337,-13802,31140,0,0,0,0,1,0
7487,3898958,-8254,-13129,21383,0,-11942,-18997,30940,0,0,0,0,1,0
7488,3899479,-4208,-16215,20422,0,-6088,-23462,29551,0,0,0,0,1,0
7489,3900000,0,-18677,18677,0,0,-27026,27026,0,0,0,0,1,0
7490,3900520,4207,-20421,16214,0,6088,-29551,23462,0,0,0,0,1,0
7491,3901041,8253,-21381,13128,0,11942,-30940,18997,0,0,0,0,1,0
7492,3901562,11981,-21519,9538,0,17337,-31140,13802,0,0,0,0,1,0
7493,3902083,15248,-20830,5581,0,22066,-30143,8077,0,0,0,0,1,0
7494,3902604,17930,-19340,1410,0,25947,-27988,2041,0,0,0,0,1,0
7495,3903125,19922,-17107,-2815,0,28831,-24758,-4073,0,0,0,0,1,0
7496,3903645,21148,-14217,-6931,0,30607,-20576,-10031,0,0,0,0,1,0
7497,3904166,21562,-10781,-10781,0,31207,-15603,-15603,0,0,0,0,1,0
7498,3904687,21147,-6931,-14217,0,30607,-10031,-20576,0,0,0,0,1,0
7499,3905208,19920,-2814,-17106,0,28831,-4073,-24758,0,0,0,0,1,0
7500,3905729,17927,1410,-19337,0,25947,2041,-27988,0,0,0,0,1,0
7501,3906250,15245,5580,-20825,0,22066,8077,-30143,0,0,0,0,1,0
7502,3906770,11978,9536,-21513,0,17337,13802,-31140,0,0,0,0,1,0
7503,3907291,8250,13124,-21374,0,11942,18997,-30940,0,0,0,0,1,0
7504,3907812,4206,16208,-20414,0,6088,23462,-29551,0,0,0,0,1,0
7505,3908333,0,18670,-18670,0,0,27026,-27026,0,0,0,0,1,0
7506,3908854,-4206,20413,-16208,0,-6088,29551,-23462,0,0,0,0,1,0
7507,3909375,-8249,21372,-13123,0,-11942,30940,-18997,0,0,0,0,1,0
