1,0,0,-260,260,0,0,-25024,25024,0,0,0,0,1,0
2,1041,115,-298,183,0,11058,-28648,17590,0,0,0,0,1,0
3,2083,212,-290,78,0,20432,-27910,7479,0,0,0,0,1,0
4,3125,277,-238,-39,0,26696,-22924,-3772,0,0,0,0,1,0
5,4166,300,-150,-150,0,28895,-14448,-14448,0,0,0,0,1,0
6,5208,277,-39,-238,0,26696,-3772,-22924,0,0,0,0,1,0
7,6250,212,78,-290,0,20432,7479,-27910,0,0,0,0,1,0
8,7291,115,183,-298,0,11058,17590,-28648,0,0,0,0,1,0
9,8333,0,260,-260,0,0,25024,-25024,0,0,0,0,1,0
10,9375,-115,298,-183,0,-11058,28648,-17590,0,0,0,0,1,0
11,10416,-212,290,-78,0,-20432,27910,-7479,0,0,0,0,1,0
12,11458,-277,238,39,0,-26696,22924,3772,0,0,0,0,1,0
13,12500,-300,150,150,0,-28895,14448,14448,0,0,0,0,1,0
14,13541,-277,39,238,0,-26696,3772,22924,0,0,0,0,1,0
15,14583,-212,-78,290,0,-20432,-7479,27910,0,0,0,0,1,0
16,15625,-115,-183,298,0,-11058,-17590,28648,0,0,0,0,1,0
17,16666,0,-260,260,0,0,-25024,25024,0,0,0,0,1,0
18,17708,115,-298,183,0,11058,-28648,17590,0,0,0,0,1,0
19,18750,212,-290,78,0,20432,-27910,7479,0,0,0,0,1,0
20,19791,277,-238,-39,0,26696,-22924,-3772,0,0,0,0,1,0
21,20833,300,-150,-150,0,28895,-14448,-14448,0,0,0,0,1,0
22,21875,277,-39,-238,0,26696,-3772,-22924,0,0,0,0,1,0
23,22916,212,78,-290,0,20432,7479,-27910,0,0,0,0,1,0
24,23958,115,183,-298,0,11058,17590,-28648,0,0,0,0,1,0
25,25000,0,260,-260,0,0,25024,-25024,0,0,0,0,1,0
26,26041,-115,298,-183,0,-11058,28648,-17590,0,0,0,0,1,0
27,27083,-212,290,-78,0,-20432,27910,-7479,0,0,0,0,1,0
28,28125,-277,238,39,0,-26696,22924,3772,0,0,0,0,1,0
29,29166,-300,150,150,0,-28895,14448,14448,0,0,0,0,1,0
30,30208,-277,39,238,0,-26696,3772,22924,0,0,0,0,1,0
31,31250,-212,-78,290,0,-20432,-7479,27910,0,0,0,0,1,0
32,32291,-115,-183,298,0,-11058,-17590,28648,0,0,0,0,1,0
33,33333,0,-260,260,0,0,-25024,25024,0,0,0,0,1,0
34,34375,115,-298,183,0,11058,-28648,17590,0,0,0,0,1,0
35,35416,212,-290,78,0,20432,-27910,7479,0,0,0,0,1,0
36,36458,277,-238,-39,0,26696,-22924,-3772,0,0,0,0,1,0
37,37500,300,-150,-150,0,28895,-14448,-14448,0,0,0,0,1,0
38,38541,277,-39,-238,0,26696,-3772,-22924,0,0,0,0,1,0
39,39583,212,78,-290,0,20432,7479,-27910,0,0,0,0,1,0
40,40625,115,183,-298,0,11058,17590,-28648,0,0,0,0,1,0
41,41666,0,260,-260,0,0,25024,-25024,0,0,0,0,1,0
42,42708,-115,298,-183,0,-11058,28648,-17590,0,0,0,0,1,0
43,43750,-212,290,-78,0,-20432,27910,-7479,0,0,0,0,1,0
44,44791,-277,238,39,0,-26696,22924,3772,0,0,0,0,1,0
45,45833,-300,150,150,0,-28895,14448,14448,0,0,0,0,1,0
46,46875,-277,39,238,0,-26696,3772,22924,0,0,0,0,1,0
47,47916,-212,-78,290,0,-20432,-7479,27910,0,0,0,0,1,0
48,48958,-115,-183,298,0,-11058,-17590,28648,0,0,0,0,1,0
49,50000,0,-260,31207,30947,0,-27026,2502,0,1,0,0,1,0
50,51041,115,-298,23863,23681,11942,-30940,1759,0,1,0,0,1,0
51,52083,212,-290,15125,15047,22066,-30143,748,0,1,0,0,1,0
52,53125,277,-238,6236,6276,28831,-24758,-377,0,1,0,0,1,0
53,54166,300,-150,-1533,-1383,31207,-15603,-1445,0,1,0,0,1,0
54,55208,277,-39,-7079,-6841,28831,-4073,-2292,0,1,0,0,1,0
55,56250,212,78,-9635,-9345,22066,8077,-2791,0,1,0,0,1,0
56,57291,115,183,-8885,-8587,11942,18997,-2865,0,1,0,0,1,0
57,58333,0,260,-5014,-4754,0,27026,-2502,0,1,0,0,1,0
58,59375,-115,298,1321,1504,-11942,30940,-1759,0,1,0,0,1,0
59,60416,-212,290,9089,9167,-22066,30143,-748,0,1,0,0,1,0
60,61458,-277,238,17046,17006,-28831,24758,377,0,1,0,0,1,0
61,62500,-300,150,23918,23768,-31207,15603,1445,0,1,0,0,1,0
62,63541,-277,39,28603,28364,-28831,4073,2292,0,1,0,0,1,0
63,64583,-212,-78,30330,30039,-22066,-8077,2791,0,1,0,0,1,0
64,65625,-115,-183,28783,28485,-11942,-18997,2865,0,1,0,0,1,0
65,66666,0,-260,24145,23885,0,-27026,2502,0,1,0,0,1,0
66,67708,115,-298,17074,16891,11942,-30940,1759,0,1,0,0,1,0
67,68750,212,-290,8597,8519,22066,-30143,748,0,1,0,0,1,0
68,69791,277,-238,-40,-1,28831,-24758,-377,0,1,0,0,1,0
69,70833,300,-150,-7568,-7418,31207,-15603,-1445,0,1,0,0,1,0
70,71875,277,-39,-12882,-12644,28831,-4073,-2292,0,1,0,0,1,0
71,72916,212,78,-15214,-14924,22066,8077,-2791,0,1,0,0,1,0
72,73958,115,183,-14249,-13952,11942,18997,-2865,0,1,0,0,1,0
73,75000,0,260,-10172,-9911,0,27026,-2502,0,1,0,0,1,0
74,76041,-115,298,-3638,-3455,-11942,30940,-1759,0,1,0,0,1,0
75,77083,-212,290,4321,4399,-22066,30143,-748,0,1,0,0,1,0
76,78125,-277,238,12461,12422,-28831,24758,377,0,1,0,0,1,0
77,79166,-300,150,19510,19360,-31207,15603,1445,0,1,0,0,1,0
78,80208,-277,39,24364,24126,-28831,4073,2292,0,1,0,0,1,0
79,81250,-212,-78,26255,25964,-22066,-8077,2791,0,1,0,0,1,0
80,82291,-115,-183,24864,24567,-11942,-18997,2865,0,1,0,0,1,0
81,83333,0,-260,20378,20118,0,-27026,2502,0,1,0,0,1,0
82,84375,115,-298,13452,13269,11942,-30940,1759,0,1,0,0,1,0
83,85416,212,-290,5114,5037,22066,-30143,748,0,1,0,0,1,0
84,86458,277,-238,-3389,-3350,28831,-24758,-377,0,1,0,0,1,0
85,87500,0,0,0,0,0,0,0,1,0,0,0,0,0
86,88541,0,0,0,0,0,0,0,1,0,0,0,0,0
87,89583,0,0,0,0,0,0,0,1,0,0,0,0,0
88,90625,0,0,0,0,0,0,0,1,0,0,0,0,0
89,91666,0,0,0,0,0,0,0,1,0,0,0,0,0
90,92708,0,0,0,0,0,0,0,1,0,0,0,0,0
91,93750,0,0,0,0,0,0,0,1,0,0,0,0,0
92,94791,0,0,0,0,0,0,0,1,0,0,0,0,0
93,95833,0,0,0,0,0,0,0,1,0,0,0,0,0
94,96875,0,0,0,0,0,0,0,1,0,0,0,0,0
95,97916,0,0,0,0,0,0,0,1,0,0,0,0,0
96,98958,0,0,0,0,0,0,0,1,0,0,0,0,0
97,100000,0,0,0,0,0,0,0,1,0,0,0,0,0
98,101041,0,0,0,0,0,0,0,1,0,0,0,0,0
99,102083,0,0,0,0,0,0,0,1,0,0,0,0,0
100,103125,0,0,0,0,0,0,0,1,0,0,0,0,0
101,104166,0,0,0,0,0,0,0,1,0,0,0,0,0
102,105208,0,0,0,0,0,0,0,1,0,0,0,0,0
103,106250,0,0,0,0,0,0,0,1,0,0,0,0,0
104,107291,0,0,0,0,0,0,0,1,0,0,0,0,0
105,108333,0,0,0,0,0,0,0,1,0,0,0,0,0
106,109375,0,0,0,0,0,0,0,1,0,0,0,0,0
107,110416,0,0,0,0,0,0,0,1,0,0,0,0,0
108,111458,0,0,0,0,0,0,0,1,0,0,0,0,0
109,112500,0,0,0,0,0,0,0,1,0,0,0,0,0
110,113541,0,0,0,0,0,0,0,1,0,0,0,0,0
111,114583,0,0,0,0,0,0,0,1,0,0,0,0,0
112,115625,0,0,0,0,0,0,0,1,0,0,0,0,0
113,116666,0,0,0,0,0,0,0,1,0,0,0,0,0
114,117708,0,0,0,0,0,0,0,1,0,0,0,0,0
115,118750,0,0,0,0,0,0,0,1,0,0,0,0,0
116,119791,0,0,0,0,0,0,0,1,0,0,0,0,0
117,120833,0,0,0,0,0,0,0,1,0,0,0,0,0
118,121875,0,0,0,0,0,0,0,1,0,0,0,0,0
119,122916,0,0,0,0,0,0,0,1,0,0,0,0,0
120,123958,0,0,0,0,0,0,0,1,0,0,0,0,0
121,125000,0,0,0,0,0,0,0,1,0,0,0,0,0
122,126041,0,0,0,0,0,0,0,1,0,0,0,0,0
123,127083,0,0,0,0,0,0,0,1,0,0,0,0,0
124,128124,0,0,0,0,0,0,0,1,0,0,0,0,0
125,129166,0,0,0,0,0,0,0,1,0,0,0,0,0
126,130208,0,0,0,0,0,0,0,1,0,0,0,0,0
127,131250,0,0,0,0,0,0,0,1,0,0,0,0,0
128,132291,0,0,0,0,0,0,0,1,0,0,0,0,0
129,133333,0,0,0,0,0,0,0,1,0,0,0,0,0
130,134375,0,0,0,0,0,0,0,1,0,0,0,0,0
131,135416,0,0,0,0,0,0,0,1,0,0,0,0,0
132,136458,0,0,0,0,0,0,0,1,0,0,0,0,0
133,137500,0,0,0,0,0,0,0,1,0,0,0,0,0
134,138541,0,0,0,0,0,0,0,1,0,0,0,0,0
135,139583,0,0,0,0,0,0,0,1,0,0,0,0,0
136,140625,0,0,0,0,0,0,0,1,0,0,0,0,0
137,141666,0,0,0,0,0,0,0,1,0,0,0,0,0
138,142708,0,0,0,0,0,0,0,1,0,0,0,0,0
139,143750,0,0,0,0,0,0,0,1,0,0,0,0,0
140,144791,0,0,0,0,0,0,0,1,0,0,0,0,0
141,145833,0,0,0,0,0,0,0,1,0,0,0,0,0
142,146875,0,0,0,0,0,0,0,1,0,0,0,0,0
143,147916,0,0,0,0,0,0,0,1,0,0,0,0,0
144,148958,0,0,0,0,0,0,0,1,0,0,0,0,0
145,150000,0,0,0,0,0,0,0,1,0,0,0,0,0
146,151041,0,0,0,0,0,0,0,1,0,0,0,0,0
147,152083,0,0,0,0,0,0,0,1,0,0,0,0,0
148,153125,0,0,0,0,0,0,0,1,0,0,0,0,0
149,154166,0,0,0,0,0,0,0,1,0,0,0,0,0
150,155208,0,0,0,0,0,0,0,1,0,0,0,0,0
151,156250,0,0,0,0,0,0,0,1,0,0,0,0,0
152,157291,0,0,0,0,0,0,0,1,0,0,0,0,0
153,158333,0,0,0,0,0,0,0,1,0,0,0,0,0
154,159375,0,0,0,0,0,0,0,1,0,0,0,0,0
155,160416,0,0,0,0,0,0,0,1,0,0,0,0,0
156,161458,0,0,0,0,0,0,0,1,0,0,0,0,0
157,162500,0,0,0,0,0,0,0,1,0,0,0,0,0
158,163541,0,0,0,0,0,0,0,1,0,0,0,0,0
159,164583,0,0,0,0,0,0,0,1,0,0,0,0,0
160,165625,0,0,0,0,0,0,0,1,0,0,0,0,0
161,166666,0,0,0,0,0,0,0,1,0,0,0,0,0
162,167708,0,0,0,0,0,0,0,1,0,0,0,0,0
163,168750,0,0,0,0,0,0,0,1,0,0,0,0,0
164,169791,0,0,0,0,0,0,0,1,0,0,0,0,0
165,170833,0,0,0,0,0,0,0,1,0,0,0,0,0
166,171875,0,0,0,0,0,0,0,1,0,0,0,0,0
167,172916,0,0,0,0,0,0,0,1,0,0,0,0,0
168,173958,0,0,0,0,0,0,0,1,0,0,0,0,0
169,175000,0,0,0,0,0,0,0,1,0,0,0,0,0
170,176041,0,0,0,0,0,0,0,1,0,0,0,0,0
171,177083,0,0,0,0,0,0,0,1,0,0,0,0,0
172,178125,0,0,0,0,0,0,0,1,0,0,0,0,0
173,179166,0,0,0,0,0,0,0,1,0,0,0,0,0
174,180208,0,0,0,0,0,0,0,1,0,0,0,0,0
175,181250,0,0,0,0,0,0,0,1,0,0,0,0,0
176,182291,0,0,0,0,0,0,0,1,0,0,0,0,0
177,183333,0,0,0,0,0,0,0,1,0,0,0,0,0
178,184375,0,0,0,0,0,0,0,1,0,0,0,0,0
179,185416,0,0,0,0,0,0,0,1,0,0,0,0,0
180,186458,0,0,0,0,0,0,0,1,0,0,0,0,0
181,187500,0,0,0,0,0,0,0,1,0,0,0,0,0
182,188541,0,0,0,0,0,0,0,1,0,0,0,0,0
183,189583,0,0,0,0,0,0,0,1,0,0,0,0,0
184,190625,0,0,0,0,0,0,0,1,0,0,0,0,0
185,191666,0,0,0,0,0,0,0,1,0,0,0,0,0
186,192708,0,0,0,0,0,0,0,1,0,0,0,0,0
187,193750,0,0,0,0,0,0,0,1,0,0,0,0,0
188,194791,0,0,0,0,0,0,0,1,0,0,0,0,0
189,195833,0,0,0,0,0,0,0,1,0,0,0,0,0
190,196875,0,0,0,0,0,0,0,1,0,0,0,0,0
191,197916,0,0,0,0,0,0,0,1,0,0,0,0,0
192,198958,0,0,0,0,0,0,0,1,0,0,0,0,0
193,200000,0,0,0,0,0,0,0,1,0,0,0,0,0
194,201041,0,0,0,0,0,0,0,1,0,0,0,0,0
195,202083,0,0,0,0,0,0,0,1,0,0,0,0,0
196,203125,0,0,0,0,0,0,0,1,0,0,0,0,0
197,204166,0,0,0,0,0,0,0,1,0,0,0,0,0
198,205208,0,0,0,0,0,0,0,1,0,0,0,0,0
199,206250,0,0,0,0,0,0,0,1,0,0,0,0,0
200,207291,0,0,0,0,0,0,0,1,0,0,0,0,0
201,208333,0,0,0,0,0,0,0,1,0,0,0,0,0
202,209375,0,0,0,0,0,0,0,1,0,0,0,0,0
203,210416,0,0,0,0,0,0,0,1,0,0,0,0,0
204,211458,0,0,0,0,0,0,0,1,0,0,0,0,0
205,212500,0,0,0,0,0,0,0,1,0,0,0,0,0
206,213541,0,0,0,0,0,0,0,1,0,0,0,0,0
207,214583,0,0,0,0,0,0,0,1,0,0,0,0,0
208,215625,0,0,0,0,0,0,0,1,0,0,0,0,0
209,216666,0,0,0,0,0,0,0,1,0,0,0,0,0
210,217708,0,0,0,0,0,0,0,1,0,0,0,0,0
211,218750,0,0,0,0,0,0,0,1,0,0,0,0,0
212,219791,0,0,0,0,0,0,0,1,0,0,0,0,0
213,220833,0,0,0,0,0,0,0,1,0,0,0,0,0
214,221875,0,0,0,0,0,0,0,1,0,0,0,0,0
215,222916,0,0,0,0,0,0,0,1,0,0,0,0,0
216,223958,0,0,0,0,0,0,0,1,0,0,0,0,0
217,225000,0,0,0,0,0,0,0,1,0,0,0,0,0
218,226041,0,0,0,0,0,0,0,1,0,0,0,0,0
219,227083,0,0,0,0,0,0,0,1,0,0,0,0,0
220,228125,0,0,0,0,0,0,0,1,0,0,0,0,0
221,229166,0,0,0,0,0,0,0,1,0,0,0,0,0
222,230208,0,0,0,0,0,0,0,1,0,0,0,0,0
223,231250,0,0,0,0,0,0,0,1,0,0,0,0,0
224,232291,0,0,0,0,0,0,0,1,0,0,0,0,0
225,233333,0,0,0,0,0,0,0,1,0,0,0,0,0
226,234375,0,0,0,0,0,0,0,1,0,0,0,0,0
227,235416,0,0,0,0,0,0,0,1,0,0,0,0,0
228,236458,0,0,0,0,0,0,0,1,0,0,0,0,0
229,237500,0,0,0,0,0,0,0,1,0,0,0,0,0
230,238541,0,0,0,0,0,0,0,1,0,0,0,0,0
231,239583,0,0,0,0,0,0,0,1,0,0,0,0,0
232,240625,0,0,0,0,0,0,0,1,0,0,0,0,0
233,241666,0,0,0,0,0,0,0,1,0,0,0,0,0
234,242708,0,0,0,0,0,0,0,1,0,0,0,0,0
235,243750,0,0,0,0,0,0,0,1,0,0,0,0,0
236,244791,0,0,0,0,0,0,0,1,0,0,0,0,0
237,245833,0,0,0,0,0,0,0,1,0,0,0,0,0
238,246875,0,0,0,0,0,0,0,1,0,0,0,0,0
239,247916,0,0,0,0,0,0,0,1,0,0,0,0,0
240,248958,0,0,0,0,0,0,0,1,0,0,0,0,0
241,250000,0,0,0,0,0,0,0,1,0,0,0,0,0
242,251041,0,0,0,0,0,0,0,1,0,0,0,0,0
243,252083,0,0,0,0,0,0,0,1,0,0,0,0,0
244,253125,0,0,0,0,0,0,0,1,0,0,0,0,0
245,254166,0,0,0,0,0,0,0,1,0,0,0,0,0
246,255208,0,0,0,0,0,0,0,1,0,0,0,0,0
247,256249,0,0,0,0,0,0,0,1,0,0,0,0,0
248,257291,0,0,0,0,0,0,0,1,0,0,0,0,0
249,258333,0,0,0,0,0,0,0,1,0,0,0,0,0
250,259375,0,0,0,0,0,0,0,1,0,0,0,0,0
251,260416,0,0,0,0,0,0,0,1,0,0,0,0,0
252,261458,0,0,0,0,0,0,0,1,0,0,0,0,0
253,262500,0,0,0,0,0,0,0,1,0,0,0,0,0
254,263541,0,0,0,0,0,0,0,1,0,0,0,0,0
255,264583,0,0,0,0,0,0,0,1,0,0,0,0,0
256,265625,0,0,0,0,0,0,0,1,0,0,0,0,0
257,266666,0,0,0,0,0,0,0,1,0,0,0,0,0
258,267708,0,0,0,0,0,0,0,1,0,0,0,0,0
259,268750,0,0,0,0,0,0,0,1,0,0,0,0,0
260,269791,0,0,0,0,0,0,0,1,0,0,0,0,0
261,270833,0,0,0,0,0,0,0,1,0,0,0,0,0
262,271875,0,0,0,0,0,0,0,1,0,0,0,0,0
263,272916,0,0,0,0,0,0,0,1,0,0,0,0,0
264,273958,0,0,0,0,0,0,0,1,0,0,0,0,0
265,275000,0,0,0,0,0,0,0,1,0,0,0,0,0
266,276041,0,0,0,0,0,0,0,1,0,0,0,0,0
267,277083,0,0,0,0,0,0,0,1,0,0,0,0,0
268,278125,0,0,0,0,0,0,0,1,0,0,0,0,0
269,279166,0,0,0,0,0,0,0,1,0,0,0,0,0
270,280208,0,0,0,0,0,0,0,1,0,0,0,0,0
271,281250,0,0,0,0,0,0,0,1,0,0,0,0,0
272,282291,0,0,0,0,0,0,0,1,0,0,0,0,0
273,283333,0,0,0,0,0,0,0,1,0,0,0,0,0
274,284375,0,0,0,0,0,0,0,1,0,0,0,0,0
275,285416,0,0,0,0,0,0,0,1,0,0,0,0,0
276,286458,0,0,0,0,0,0,0,1,0,0,0,0,0
277,287500,0,0,0,0,0,0,0,1,0,0,0,0,0
278,288541,0,0,0,0,0,0,0,1,0,0,0,0,0
279,289583,0,0,0,0,0,0,0,1,0,0,0,0,0
280,290625,0,0,0,0,0,0,0,1,0,0,0,0,0
281,291666,0,0,0,0,0,0,0,1,0,0,0,0,0
282,292708,0,0,0,0,0,0,0,1,0,0,0,0,0
283,293750,0,0,0,0,0,0,0,1,0,0,0,0,0
284,294791,0,0,0,0,0,0,0,1,0,0,0,0,0
285,295833,0,0,0,0,0,0,0,1,0,0,0,0,0
286,296875,0,0,0,0,0,0,0,1,0,0,0,0,0
287,297916,0,0,0,0,0,0,0,1,0,0,0,0,0
288,298958,0,0,0,0,0,0,0,1,0,0,0,0,0
289,300000,0,0,0,0,0,0,0,1,0,0,0,0,0
290,301041,0,0,0,0,0,0,0,1,0,0,0,0,0
291,302083,0,0,0,0,0,0,0,1,0,0,0,0,0
292,303125,0,0,0,0,0,0,0,1,0,0,0,0,0
293,304166,0,0,0,0,0,0,0,1,0,0,0,0,0
294,305208,0,0,0,0,0,0,0,1,0,0,0,0,0
295,306250,0,0,0,0,0,0,0,1,0,0,0,0,0
296,307291,0,0,0,0,0,0,0,1,0,0,0,0,0
297,308333,0,0,0,0,0,0,0,1,0,0,0,0,0
298,309375,0,0,0,0,0,0,0,1,0,0,0,0,0
299,310416,0,0,0,0,0,0,0,1,0,0,0,0,0
300,311458,0,0,0,0,0,0,0,1,0,0,0,0,0
301,312500,0,0,0,0,0,0,0,1,0,0,0,0,0
302,313541,0,0,0,0,0,0,0,1,0,0,0,0,0
303,314583,0,0,0,0,0,0,0,1,0,0,0,0,0
304,315625,0,0,0,0,0,0,0,1,0,0,0,0,0
305,316666,0,0,0,0,0,0,0,1,0,0,0,0,0
306,317708,0,0,0,0,0,0,0,1,0,0,0,0,0
307,318750,0,0,0,0,0,0,0,1,0,0,0,0,0
308,319791,0,0,0,0,0,0,0,1,0,0,0,0,0
309,320833,0,0,0,0,0,0,0,1,0,0,0,0,0
310,321875,0,0,0,0,0,0,0,1,0,0,0,0,0
311,322916,0,0,0,0,0,0,0,1,0,0,0,0,0
312,323958,0,0,0,0,0,0,0,1,0,0,0,0,0
313,325000,0,0,0,0,0,0,0,1,0,0,0,0,0
314,326041,0,0,0,0,0,0,0,1,0,0,0,0,0
315,327083,0,0,0,0,0,0,0,1,0,0,0,0,0
316,328125,0,0,0,0,0,0,0,1,0,0,0,0,0
317,329166,0,0,0,0,0,0,0,1,0,0,0,0,0
318,330208,0,0,0,0,0,0,0,1,0,0,0,0,0
319,331250,0,0,0,0,0,0,0,1,0,0,0,0,0
320,332291,0,0,0,0,0,0,0,1,0,0,0,0,0
321,333333,0,0,0,0,0,0,0,1,0,0,0,0,0
322,334375,0,0,0,0,0,0,0,1,0,0,0,0,0
323,335416,0,0,0,0,0,0,0,1,0,0,0,0,0
324,336458,0,0,0,0,0,0,0,1,0,0,0,0,0
325,337500,0,0,0,0,0,0,0,1,0,0,0,0,0
326,338541,0,0,0,0,0,0,0,1,0,0,0,0,0
327,339583,0,0,0,0,0,0,0,1,0,0,0,0,0
328,340625,0,0,0,0,0,0,0,1,0,0,0,0,0
329,341666,0,0,0,0,0,0,0,1,0,0,0,0,0
330,342708,0,0,0,0,0,0,0,1,0,0,0,0,0
331,343750,0,0,0,0,0,0,0,1,0,0,0,0,0
332,344791,0,0,0,0,0,0,0,1,0,0,0,0,0
333,345833,0,0,0,0,0,0,0,1,0,0,0,0,0
334,346875,0,0,0,0,0,0,0,1,0,0,0,0,0
335,347916,0,0,0,0,0,0,0,1,0,0,0,0,0
336,348958,0,0,0,0,0,0,0,1,0,0,0,0,0
337,350000,0,0,0,0,0,0,0,1,0,0,0,0,0
338,351041,0,0,0,0,0,0,0,1,0,0,0,0,0
339,352083,0,0,0,0,0,0,0,1,0,0,0,0,0
340,353125,0,0,0,0,0,0,0,1,0,0,0,0,0
341,354166,0,0,0,0,0,0,0,1,0,0,0,0,0
342,355208,0,0,0,0,0,0,0,1,0,0,0,0,0
343,356250,0,0,0,0,0,0,0,1,0,0,0,0,0
344,357291,0,0,0,0,0,0,0,1,0,0,0,0,0
345,358333,0,0,0,0,0,0,0,1,0,0,0,0,0
346,359375,0,0,0,0,0,0,0,1,0,0,0,0,0
347,360416,0,0,0,0,0,0,0,1,0,0,0,0,0
348,361458,0,0,0,0,0,0,0,1,0,0,0,0,0
349,362500,0,0,0,0,0,0,0,1,0,0,0,0,0
350,363541,0,0,0,0,0,0,0,1,0,0,0,0,0
351,364583,0,0,0,0,0,0,0,1,0,0,0,0,0
352,365625,0,0,0,0,0,0,0,1,0,0,0,0,0
353,366666,0,0,0,0,0,0,0,1,0,0,0,0,0
354,367708,0,0,0,0,0,0,0,1,0,0,0,0,0
355,368750,0,0,0,0,0,0,0,1,0,0,0,0,0
356,369791,0,0,0,0,0,0,0,1,0,0,0,0,0
357,370833,0,0,0,0,0,0,0,1,0,0,0,0,0
358,371875,0,0,0,0,0,0,0,1,0,0,0,0,0
359,372916,0,0,0,0,0,0,0,1,0,0,0,0,0
360,373958,0,0,0,0,0,0,0,1,0,0,0,0,0
361,375000,0,0,0,0,0,0,0,1,0,0,0,0,0
362,376041,0,0,0,0,0,0,0,1,0,0,0,0,0
363,377083,0,0,0,0,0,0,0,1,0,0,0,0,0
364,378125,0,0,0,0,0,0,0,1,0,0,0,0,0
365,379166,0,0,0,0,0,0,0,1,0,0,0,0,0
366,380208,0,0,0,0,0,0,0,1,0,0,0,0,0
367,381250,0,0,0,0,0,0,0,1,0,0,0,0,0
368,382291,0,0,0,0,0,0,0,1,0,0,0,0,0
369,383333,0,0,0,0,0,0,0,1,0,0,0,0,0
370,384375,0,0,0,0,0,0,0,1,0,0,0,0,0
371,385416,0,0,0,0,0,0,0,1,0,0,0,0,0
372,386458,0,0,0,0,0,0,0,1,0,0,0,0,0
373,387500,0,0,0,0,0,0,0,1,0,0,0,0,0
374,388541,0,0,0,0,0,0,0,1,0,0,0,0,0
375,389583,0,0,0,0,0,0,0,1,0,0,0,0,0
376,390625,0,0,0,0,0,0,0,1,0,0,0,0,0
377,391666,0,0,0,0,0,0,0,1,0,0,0,0,0
378,392708,0,0,0,0,0,0,0,1,0,0,0,0,0
379,393750,0,0,0,0,0,0,0,1,0,0,0,0,0
380,394791,0,0,0,0,0,0,0,1,0,0,0,0,0
381,395833,0,0,0,0,0,0,0,1,0,0,0,0,0
382,396875,0,0,0,0,0,0,0,1,0,0,0,0,0
383,397916,0,0,0,0,0,0,0,1,0,0,0,0,0
384,398958,0,0,0,0,0,0,0,1,0,0,0,0,0
385,400000,0,0,0,0,0,0,0,1,0,0,0,0,0
386,401041,0,0,0,0,0,0,0,1,0,0,0,0,0
387,402083,0,0,0,0,0,0,0,1,0,0,0,0,0
388,403125,0,0,0,0,0,0,0,1,0,0,0,0,0
389,404166,0,0,0,0,0,0,0,1,0,0,0,0,0
390,405208,0,0,0,0,0,0,0,1,0,0,0,0,0
391,406250,0,0,0,0,0,0,0,1,0,0,0,0,0
392,407291,0,0,0,0,0,0,0,1,0,0,0,0,0
393,408333,0,0,0,0,0,0,0,1,0,0,0,0,0
394,409375,0,0,0,0,0,0,0,1,0,0,0,0,0
395,410416,0,0,0,0,0,0,0,1,0,0,0,0,0
396,411458,0,0,0,0,0,0,0,1,0,0,0,0,0
397,412500,0,0,0,0,0,0,0,1,0,0,0,0,0
398,413541,0,0,0,0,0,0,0,1,0,0,0,0,0
399,414583,0,0,0,0,0,0,0,1,0,0,0,0,0
400,415625,0,0,0,0,0,0,0,1,0,0,0,0,0
401,416666,0,0,0,0,0,0,0,1,0,0,0,0,0
402,417708,0,0,0,0,0,0,0,1,0,0,0,0,0
403,418750,0,0,0,0,0,0,0,1,0,0,0,0,0
404,419791,0,0,0,0,0,0,0,1,0,0,0,0,0
405,420833,0,0,0,0,0,0,0,1,0,0,0,0,0
406,421875,0,0,0,0,0,0,0,1,0,0,0,0,0
407,422916,0,0,0,0,0,0,0,1,0,0,0,0,0
408,423958,0,0,0,0,0,0,0,1,0,0,0,0,0
409,425000,0,0,0,0,0,0,0,1,0,0,0,0,0
410,426041,0,0,0,0,0,0,0,1,0,0,0,0,0
411,427083,0,0,0,0,0,0,0,1,0,0,0,0,0
412,428125,0,0,0,0,0,0,0,1,0,0,0,0,0
413,429166,0,0,0,0,0,0,0,1,0,0,0,0,0
414,430208,0,0,0,0,0,0,0,1,0,0,0,0,0
415,431250,0,0,0,0,0,0,0,1,0,0,0,0,0
416,432291,0,0,0,0,0,0,0,1,0,0,0,0,0
417,433333,0,0,0,0,0,0,0,1,0,0,0,0,0
418,434375,0,0,0,0,0,0,0,1,0,0,0,0,0
419,435416,0,0,0,0,0,0,0,1,0,0,0,0,0
420,436458,0,0,0,0,0,0,0,1,0,0,0,0,0
421,437500,0,0,0,0,0,0,0,1,0,0,0,0,0
422,438541,0,0,0,0,0,0,0,1,0,0,0,0,0
423,439583,0,0,0,0,0,0,0,1,0,0,0,0,0
424,440625,0,0,0,0,0,0,0,1,0,0,0,0,0
425,441666,0,0,0,0,0,0,0,1,0,0,0,0,0
426,442708,0,0,0,0,0,0,0,1,0,0,0,0,0
427,443750,0,0,0,0,0,0,0,1,0,0,0,0,0
428,444791,0,0,0,0,0,0,0,1,0,0,0,0,0
429,445833,0,0,0,0,0,0,0,1,0,0,0,0,0
430,446875,0,0,0,0,0,0,0,1,0,0,0,0,0
431,447916,0,0,0,0,0,0,0,1,0,0,0,0,0
432,448958,0,0,0,0,0,0,0,1,0,0,0,0,0
433,450000,0,0,0,0,0,0,0,1,0,0,0,0,0
434,451041,0,0,0,0,0,0,0,1,0,0,0,0,0
435,452083,0,0,0,0,0,0,0,1,0,0,0,0,0
436,453125,0,0,0,0,0,0,0,1,0,0,0,0,0
437,454166,0,0,0,0,0,0,0,1,0,0,0,0,0
438,455208,0,0,0,0,0,0,0,1,0,0,0,0,0
439,456250,0,0,0,0,0,0,0,1,0,0,0,0,0
440,457291,0,0,0,0,0,0,0,1,0,0,0,0,0
441,458333,0,0,0,0,0,0,0,1,0,0,0,0,0
442,459375,0,0,0,0,0,0,0,1,0,0,0,0,0
443,460416,0,0,0,0,0,0,0,1,0,0,0,0,0
444,461458,0,0,0,0,0,0,0,1,0,0,0,0,0
445,462500,0,0,0,0,0,0,0,1,0,0,0,0,0
446,463541,0,0,0,0,0,0,0,1,0,0,0,0,0
447,464583,0,0,0,0,0,0,0,1,0,0,0,0,0
448,465625,0,0,0,0,0,0,0,1,0,0,0,0,0
449,466666,0,0,0,0,0,0,0,1,0,0,0,0,0
450,467708,0,0,0,0,0,0,0,1,0,0,0,0,0
451,468750,0,0,0,0,0,0,0,1,0,0,0,0,0
452,469791,0,0,0,0,0,0,0,1,0,0,0,0,0
453,470833,0,0,0,0,0,0,0,1,0,0,0,0,0
454,471875,0,0,0,0,0,0,0,1,0,0,0,0,0
455,472916,0,0,0,0,0,0,0,1,0,0,0,0,0
456,473958,0,0,0,0,0,0,0,1,0,0,0,0,0
457,475000,0,0,0,0,0,0,0,1,0,0,0,0,0
458,476041,0,0,0,0,0,0,0,1,0,0,0,0,0
459,477083,0,0,0,0,0,0,0,1,0,0,0,0,0
460,478125,0,0,0,0,0,0,0,1,0,0,0,0,0
461,479166,0,0,0,0,0,0,0,1,0,0,0,0,0
462,480208,0,0,0,0,0,0,0,1,0,0,0,0,0
463,481250,0,0,0,0,0,0,0,1,0,0,0,0,0
464,482291,0,0,0,0,0,0,0,1,0,0,0,0,0
465,483333,0,0,0,0,0,0,0,1,0,0,0,0,0
466,484375,0,0,0,0,0,0,0,1,0,0,0,0,0
467,485416,0,0,0,0,0,0,0,1,0,0,0,0,0
468,486458,0,0,0,0,0,0,0,1,0,0,0,0,0
469,487500,0,0,0,0,0,0,0,1,0,0,0,0,0
470,488541,0,0,0,0,0,0,0,1,0,0,0,0,0
471,489583,0,0,0,0,0,0,0,1,0,0,0,0,0
472,490625,0,0,0,0,0,0,0,1,0,0,0,0,0
473,491666,0,0,0,0,0,0,0,1,0,0,0,0,0
474,492708,0,0,0,0,0,0,0,1,0,0,0,0,0
475,493750,0,0,0,0,0,0,0,1,0,0,0,0,0
476,494791,0,0,0,0,0,0,0,1,0,0,0,0,0
477,495833,0,0,0,0,0,0,0,1,0,0,0,0,0
478,496875,0,0,0,0,0,0,0,1,0,0,0,0,0
479,497916,0,0,0,0,0,0,0,1,0,0,0,0,0
480,498958,0,0,0,0,0,0,0,1,0,0,0,0,0
481,500000,0,0,0,0,0,0,0,1,0,0,0,0,0
482,501041,0,0,0,0,0,0,0,1,0,0,0,0,0
483,502083,0,0,0,0,0,0,0,1,0,0,0,0,0
484,503125,0,0,0,0,0,0,0,1,0,0,0,0,0
485,504166,0,0,0,0,0,0,0,1,0,0,0,0,0
486,505208,0,0,0,0,0,0,0,1,0,0,0,0,0
487,506250,0,0,0,0,0,0,0,1,0,0,0,0,0
488,507291,0,0,0,0,0,0,0,1,0,0,0,0,0
489,508333,0,0,0,0,0,0,0,1,0,0,0,0,0
490,509375,0,0,0,0,0,0,0,1,0,0,0,0,0
491,510416,0,0,0,0,0,0,0,1,0,0,0,0,0
492,511458,0,0,0,0,0,0,0,1,0,0,0,0,0
493,512499,0,0,0,0,0,0,0,1,0,0,0,0,0
494,513541,0,0,0,0,0,0,0,1,0,0,0,0,0
495,514583,0,0,0,0,0,0,0,1,0,0,0,0,0
496,515625,0,0,0,0,0,0,0,1,0,0,0,0,0
497,516666,0,0,0,0,0,0,0,1,0,0,0,0,0
498,517708,0,0,0,0,0,0,0,1,0,0,0,0,0
499,518750,0,0,0,0,0,0,0,1,0,0,0,0,0
500,519791,0,0,0,0,0,0,0,1,0,0,0,0,0
501,520833,0,0,0,0,0,0,0,1,0,0,0,0,0
502,521875,0,0,0,0,0,0,0,1,0,0,0,0,0
503,522916,0,0,0,0,0,0,0,1,0,0,0,0,0
504,523958,0,0,0,0,0,0,0,1,0,0,0,0,0
505,525000,0,0,0,0,0,0,0,1,0,0,0,0,0
506,526041,0,0,0,0,0,0,0,1,0,0,0,0,0
507,527083,0,0,0,0,0,0,0,1,0,0,0,0,0
508,528125,0,0,0,0,0,0,0,1,0,0,0,0,0
509,529166,0,0,0,0,0,0,0,1,0,0,0,0,0
510,530208,0,0,0,0,0,0,0,1,0,0,0,0,0
511,531250,0,0,0,0,0,0,0,1,0,0,0,0,0
512,532291,0,0,0,0,0,0,0,1,0,0,0,0,0
513,533333,0,0,0,0,0,0,0,1,0,0,0,0,0
514,534375,0,0,0,0,0,0,0,1,0,0,0,0,0
515,535416,0,0,0,0,0,0,0,1,0,0,0,0,0
516,536458,0,0,0,0,0,0,0,1,0,0,0,0,0
517,537500,0,0,0,0,0,0,0,1,0,0,0,0,0
518,538541,0,0,0,0,0,0,0,1,0,0,0,0,0
519,539583,0,0,0,0,0,0,0,1,0,0,0,0,0
520,540625,0,0,0,0,0,0,0,1,0,0,0,0,0
521,541666,0,0,0,0,0,0,0,1,0,0,0,0,0
522,542708,0,0,0,0,0,0,0,1,0,0,0,0,0
523,543750,0,0,0,0,0,0,0,1,0,0,0,0,0
524,544791,0,0,0,0,0,0,0,1,0,0,0,0,0
525,545833,0,0,0,0,0,0,0,1,0,0,0,0,0
526,546875,0,0,0,0,0,0,0,1,0,0,0,0,0
527,547916,0,0,0,0,0,0,0,1,0,0,0,0,0
528,548958,0,0,0,0,0,0,0,1,0,0,0,0,0
529,550000,0,0,0,0,0,0,0,1,0,0,0,0,0
530,551041,0,0,0,0,0,0,0,1,0,0,0,0,0
531,552083,0,0,0,0,0,0,0,1,0,0,0,0,0
532,553125,0,0,0,0,0,0,0,1,0,0,0,0,0
533,554166,0,0,0,0,0,0,0,1,0,0,0,0,0
534,555208,0,0,0,0,0,0,0,1,0,0,0,0,0
535,556250,0,0,0,0,0,0,0,1,0,0,0,0,0
536,557291,0,0,0,0,0,0,0,1,0,0,0,0,0
537,558333,0,0,0,0,0,0,0,1,0,0,0,0,0
538,559375,0,0,0,0,0,0,0,1,0,0,0,0,0
539,560416,0,0,0,0,0,0,0,1,0,0,0,0,0
540,561458,0,0,0,0,0,0,0,1,0,0,0,0,0
541,562500,0,0,0,0,0,0,0,1,0,0,0,0,0
542,563541,0,0,0,0,0,0,0,1,0,0,0,0,0
543,564583,0,0,0,0,0,0,0,1,0,0,0,0,0
544,565625,0,0,0,0,0,0,0,1,0,0,0,0,0
545,566666,0,0,0,0,0,0,0,1,0,0,0,0,0
546,567708,0,0,0,0,0,0,0,1,0,0,0,0,0
547,568750,0,0,0,0,0,0,0,1,0,0,0,0,0
548,569791,0,0,0,0,0,0,0,1,0,0,0,0,0
549,570833,0,0,0,0,0,0,0,1,0,0,0,0,0
550,571875,0,0,0,0,0,0,0,1,0,0,0,0,0
551,572916,0,0,0,0,0,0,0,1,0,0,0,0,0
552,573958,0,0,0,0,0,0,0,1,0,0,0,0,0
553,575000,0,0,0,0,0,0,0,1,0,0,0,0,0
554,576041,0,0,0,0,0,0,0,1,0,0,0,0,0
555,577083,0,0,0,0,0,0,0,1,0,0,0,0,0
556,578125,0,0,0,0,0,0,0,1,0,0,0,0,0
557,579166,0,0,0,0,0,0,0,1,0,0,0,0,0
558,580208,0,0,0,0,0,0,0,1,0,0,0,0,0
559,581250,0,0,0,0,0,0,0,1,0,0,0,0,0
560,582291,0,0,0,0,0,0,0,1,0,0,0,0,0
561,583333,0,0,0,0,0,0,0,1,0,0,0,0,0
562,584375,0,0,0,0,0,0,0,1,0,0,0,0,0
563,585416,0,0,0,0,0,0,0,1,0,0,0,0,0
564,586458,0,0,0,0,0,0,0,1,0,0,0,0,0
565,587500,0,0,0,0,0,0,0,1,0,0,0,0,0
566,588541,0,0,0,0,0,0,0,1,0,0,0,0,0
567,589583,0,0,0,0,0,0,0,1,0,0,0,0,0
568,590625,0,0,0,0,0,0,0,1,0,0,0,0,0
569,591666,0,0,0,0,0,0,0,1,0,0,0,0,0
570,592708,0,0,0,0,0,0,0,1,0,0,0,0,0
571,593750,0,0,0,0,0,0,0,1,0,0,0,0,0
572,594791,0,0,0,0,0,0,0,1,0,0,0,0,0
573,595833,0,0,0,0,0,0,0,1,0,0,0,0,0
574,596875,0,0,0,0,0,0,0,1,0,0,0,0,0
575,597916,0,0,0,0,0,0,0,1,0,0,0,0,0
576,598958,0,0,0,0,0,0,0,1,0,0,0,0,0
577,600000,0,0,0,0,0,0,0,1,0,0,0,0,0
578,601041,0,0,0,0,0,0,0,1,0,0,0,0,0
579,602083,0,0,0,0,0,0,0,1,0,0,0,0,0
580,603125,0,0,0,0,0,0,0,1,0,0,0,0,0
581,604166,0,0,0,0,0,0,0,1,0,0,0,0,0
582,605208,0,0,0,0,0,0,0,1,0,0,0,0,0
583,606250,0,0,0,0,0,0,0,1,0,0,0,0,0
584,607291,0,0,0,0,0,0,0,1,0,0,0,0,0
585,608333,0,0,0,0,0,0,0,1,0,0,0,0,0
586,609375,0,0,0,0,0,0,0,1,0,0,0,0,0
587,610416,0,0,0,0,0,0,0,1,0,0,0,0,0
588,611458,0,0,0,0,0,0,0,1,0,0,0,0,0
589,612500,0,0,0,0,0,0,0,1,0,0,0,0,0
590,613541,0,0,0,0,0,0,0,1,0,0,0,0,0
591,614583,0,0,0,0,0,0,0,1,0,0,0,0,0
592,615625,0,0,0,0,0,0,0,1,0,0,0,0,0
593,616666,0,0,0,0,0,0,0,1,0,0,0,0,0
594,617708,0,0,0,0,0,0,0,1,0,0,0,0,0
595,618750,0,0,0,0,0,0,0,1,0,0,0,0,0
596,619791,0,0,0,0,0,0,0,1,0,0,0,0,0
597,620833,0,0,0,0,0,0,0,1,0,0,0,0,0
598,621875,0,0,0,0,0,0,0,1,0,0,0,0,0
599,622916,0,0,0,0,0,0,0,1,0,0,0,0,0
600,623958,0,0,0,0,0,0,0,1,0,0,0,0,0
601,625000,0,0,0,0,0,0,0,1,0,0,0,0,0
602,626041,0,0,0,0,0,0,0,1,0,0,0,0,0
603,627083,0,0,0,0,0,0,0,1,0,0,0,0,0
604,628125,0,0,0,0,0,0,0,1,0,0,0,0,0
605,629166,0,0,0,0,0,0,0,1,0,0,0,0,0
606,630208,0,0,0,0,0,0,0,1,0,0,0,0,0
607,631250,0,0,0,0,0,0,0,1,0,0,0,0,0
608,632291,0,0,0,0,0,0,0,1,0,0,0,0,0
609,633333,0,0,0,0,0,0,0,1,0,0,0,0,0
610,634375,0,0,0,0,0,0,0,1,0,0,0,0,0
611,635416,0,0,0,0,0,0,0,1,0,0,0,0,0
612,636458,0,0,0,0,0,0,0,1,0,0,0,0,0
613,637500,0,0,0,0,0,0,0,1,0,0,0,0,0
614,638541,0,0,0,0,0,0,0,1,0,0,0,0,0
615,639583,0,0,0,0,0,0,0,1,0,0,0,0,0
616,640625,0,0,0,0,0,0,0,1,0,0,0,0,0
617,641666,0,0,0,0,0,0,0,1,0,0,0,0,0
618,642708,0,0,0,0,0,0,0,1,0,0,0,0,0
619,643750,0,0,0,0,0,0,0,1,0,0,0,0,0
620,644791,0,0,0,0,0,0,0,1,0,0,0,0,0
621,645833,0,0,0,0,0,0,0,1,0,0,0,0,0
622,646875,0,0,0,0,0,0,0,1,0,0,0,0,0
623,647916,0,0,0,0,0,0,0,1,0,0,0,0,0
624,648958,0,0,0,0,0,0,0,1,0,0,0,0,0
625,650000,0,0,0,0,0,0,0,1,0,0,0,0,0
626,651041,0,0,0,0,0,0,0,1,0,0,0,0,0
627,652083,0,0,0,0,0,0,0,1,0,0,0,0,0
628,653125,0,0,0,0,0,0,0,1,0,0,0,0,0
629,654166,0,0,0,0,0,0,0,1,0,0,0,0,0
630,655208,0,0,0,0,0,0,0,1,0,0,0,0,0
631,656250,0,0,0,0,0,0,0,1,0,0,0,0,0
632,657291,0,0,0,0,0,0,0,1,0,0,0,0,0
633,658333,0,0,0,0,0,0,0,1,0,0,0,0,0
634,659375,0,0,0,0,0,0,0,1,0,0,0,0,0
635,660416,0,0,0,0,0,0,0,1,0,0,0,0,0
636,661458,0,0,0,0,0,0,0,1,0,0,0,0,0
637,662500,0,0,0,0,0,0,0,1,0,0,0,0,0
638,663541,0,0,0,0,0,0,0,1,0,0,0,0,0
639,664583,0,0,0,0,0,0,0,1,0,0,0,0,0
640,665625,0,0,0,0,0,0,0,1,0,0,0,0,0
641,666666,0,0,0,0,0,0,0,1,0,0,0,0,0
642,667708,0,0,0,0,0,0,0,1,0,0,0,0,0
643,668750,0,0,0,0,0,0,0,1,0,0,0,0,0
644,669791,0,0,0,0,0,0,0,1,0,0,0,0,0
645,670833,0,0,0,0,0,0,0,1,0,0,0,0,0
646,671875,0,0,0,0,0,0,0,1,0,0,0,0,0
647,672916,0,0,0,0,0,0,0,1,0,0,0,0,0
648,673958,0,0,0,0,0,0,0,1,0,0,0,0,0
649,675000,0,0,0,0,0,0,0,1,0,0,0,0,0
650,676041,0,0,0,0,0,0,0,1,0,0,0,0,0
651,677083,0,0,0,0,0,0,0,1,0,0,0,0,0
652,678125,0,0,0,0,0,0,0,1,0,0,0,0,0
653,679166,0,0,0,0,0,0,0,1,0,0,0,0,0
654,680208,0,0,0,0,0,0,0,1,0,0,0,0,0
655,681250,0,0,0,0,0,0,0,1,0,0,0,0,0
656,682291,0,0,0,0,0,0,0,1,0,0,0,0,0
657,683333,0,0,0,0,0,0,0,1,0,0,0,0,0
658,684375,0,0,0,0,0,0,0,1,0,0,0,0,0
659,685416,0,0,0,0,0,0,0,1,0,0,0,0,0
660,686458,0,0,0,0,0,0,0,1,0,0,0,0,0
661,687500,0,0,0,0,0,0,0,1,0,0,0,0,0
662,688541,0,0,0,0,0,0,0,1,0,0,0,0,0
663,689583,0,0,0,0,0,0,0,1,0,0,0,0,0
664,690625,0,0,0,0,0,0,0,1,0,0,0,0,0
665,691666,0,0,0,0,0,0,0,1,0,0,0,0,0
666,692708,0,0,0,0,0,0,0,1,0,0,0,0,0
667,693750,0,0,0,0,0,0,0,1,0,0,0,0,0
668,694791,0,0,0,0,0,0,0,1,0,0,0,0,0
669,695833,0,0,0,0,0,0,0,1,0,0,0,0,0
670,696875,0,0,0,0,0,0,0,1,0,0,0,0,0
671,697916,0,0,0,0,0,0,0,1,0,0,0,0,0
672,698958,0,0,0,0,0,0,0,1,0,0,0,0,0
673,700000,0,0,0,0,0,0,0,1,0,0,0,0,0
674,701041,0,0,0,0,0,0,0,1,0,0,0,0,0
675,702083,0,0,0,0,0,0,0,1,0,0,0,0,0
676,703125,0,0,0,0,0,0,0,1,0,0,0,0,0
677,704166,0,0,0,0,0,0,0,1,0,0,0,0,0
678,705208,0,0,0,0,0,0,0,1,0,0,0,0,0
679,706250,0,0,0,0,0,0,0,1,0,0,0,0,0
680,707291,0,0,0,0,0,0,0,1,0,0,0,0,0
681,708333,0,0,0,0,0,0,0,1,0,0,0,0,0
682,709375,0,0,0,0,0,0,0,1,0,0,0,0,0
683,710416,0,0,0,0,0,0,0,1,0,0,0,0,0
684,711458,0,0,0,0,0,0,0,1,0,0,0,0,0
685,712500,0,0,0,0,0,0,0,1,0,0,0,0,0
686,713541,0,0,0,0,0,0,0,1,0,0,0,0,0
687,714583,0,0,0,0,0,0,0,1,0,0,0,0,0
688,715625,0,0,0,0,0,0,0,1,0,0,0,0,0
689,716666,0,0,0,0,0,0,0,1,0,0,0,0,0
690,717708,0,0,0,0,0,0,0,1,0,0,0,0,0
691,718750,0,0,0,0,0,0,0,1,0,0,0,0,0
692,719791,0,0,0,0,0,0,0,1,0,0,0,0,0
693,720833,0,0,0,0,0,0,0,1,0,0,0,0,0
694,721875,0,0,0,0,0,0,0,1,0,0,0,0,0
695,722916,0,0,0,0,0,0,0,1,0,0,0,0,0
696,723958,0,0,0,0,0,0,0,1,0,0,0,0,0
697,725000,0,0,0,0,0,0,0,1,0,0,0,0,0
698,726041,0,0,0,0,0,0,0,1,0,0,0,0,0
699,727083,0,0,0,0,0,0,0,1,0,0,0,0,0
700,728125,0,0,0,0,0,0,0,1,0,0,0,0,0
701,729166,0,0,0,0,0,0,0,1,0,0,0,0,0
702,730208,0,0,0,0,0,0,0,1,0,0,0,0,0
703,731250,0,0,0,0,0,0,0,1,0,0,0,0,0
704,732291,0,0,0,0,0,0,0,1,0,0,0,0,0
705,733333,0,0,0,0,0,0,0,1,0,0,0,0,0
706,734375,0,0,0,0,0,0,0,1,0,0,0,0,0
707,735416,0,0,0,0,0,0,0,1,0,0,0,0,0
708,736458,0,0,0,0,0,0,0,1,0,0,0,0,0
709,737500,0,0,0,0,0,0,0,1,0,0,0,0,0
710,738541,0,0,0,0,0,0,0,1,0,0,0,0,0
711,739583,0,0,0,0,0,0,0,1,0,0,0,0,0
712,740625,0,0,0,0,0,0,0,1,0,0,0,0,0
713,741666,0,0,0,0,0,0,0,1,0,0,0,0,0
714,742708,0,0,0,0,0,0,0,1,0,0,0,0,0
715,743750,0,0,0,0,0,0,0,1,0,0,0,0,0
716,744791,0,0,0,0,0,0,0,1,0,0,0,0,0
717,745833,0,0,0,0,0,0,0,1,0,0,0,0,0
718,746875,0,0,0,0,0,0,0,1,0,0,0,0,0
719,747916,0,0,0,0,0,0,0,1,0,0,0,0,0
720,748958,0,0,0,0,0,0,0,1,0,0,0,0,0
721,750000,0,0,0,0,0,0,0,1,0,0,0,0,0
722,751041,0,0,0,0,0,0,0,1,0,0,0,0,0
723,752083,0,0,0,0,0,0,0,1,0,0,0,0,0
724,753125,0,0,0,0,0,0,0,1,0,0,0,0,0
725,754166,0,0,0,0,0,0,0,1,0,0,0,0,0
726,755208,0,0,0,0,0,0,0,1,0,0,0,0,0
727,756250,0,0,0,0,0,0,0,1,0,0,0,0,0
728,757291,0,0,0,0,0,0,0,1,0,0,0,0,0
729,758333,0,0,0,0,0,0,0,1,0,0,0,0,0
730,759375,0,0,0,0,0,0,0,1,0,0,0,0,0
731,760416,0,0,0,0,0,0,0,1,0,0,0,0,0
732,761458,0,0,0,0,0,0,0,1,0,0,0,0,0
733,762500,0,0,0,0,0,0,0,1,0,0,0,0,0
734,763541,0,0,0,0,0,0,0,1,0,0,0,0,0
735,764583,0,0,0,0,0,0,0,1,0,0,0,0,0
736,765625,0,0,0,0,0,0,0,1,0,0,0,0,0
737,766666,0,0,0,0,0,0,0,1,0,0,0,0,0
738,767708,0,0,0,0,0,0,0,1,0,0,0,0,0
739,768750,0,0,0,0,0,0,0,1,0,0,0,0,0
740,769791,0,0,0,0,0,0,0,1,0,0,0,0,0
741,770833,0,0,0,0,0,0,0,1,0,0,0,0,0
742,771875,0,0,0,0,0,0,0,1,0,0,0,0,0
743,772916,0,0,0,0,0,0,0,1,0,0,0,0,0
744,773958,0,0,0,0,0,0,0,1,0,0,0,0,0
745,775000,0,0,0,0,0,0,0,1,0,0,0,0,0
746,776041,0,0,0,0,0,0,0,1,0,0,0,0,0
747,777083,0,0,0,0,0,0,0,1,0,0,0,0,0
748,778125,0,0,0,0,0,0,0,1,0,0,0,0,0
749,779166,0,0,0,0,0,0,0,1,0,0,0,0,0
750,780208,0,0,0,0,0,0,0,1,0,0,0,0,0
751,781250,0,0,0,0,0,0,0,1,0,0,0,0,0
752,782291,0,0,0,0,0,0,0,1,0,0,0,0,0
753,783333,0,0,0,0,0,0,0,1,0,0,0,0,0
754,784375,0,0,0,0,0,0,0,1,0,0,0,0,0
755,785416,0,0,0,0,0,0,0,1,0,0,0,0,0
756,786458,0,0,0,0,0,0,0,1,0,0,0,0,0
757,787500,0,0,0,0,0,0,0,1,0,0,0,0,0
758,788541,0,0,0,0,0,0,0,1,0,0,0,0,0
759,789583,0,0,0,0,0,0,0,1,0,0,0,0,0
760,790625,0,0,0,0,0,0,0,1,0,0,0,0,0
761,791666,0,0,0,0,0,0,0,1,0,0,0,0,0
762,792708,0,0,0,0,0,0,0,1,0,0,0,0,0
763,793750,0,0,0,0,0,0,0,1,0,0,0,0,0
764,794791,0,0,0,0,0,0,0,1,0,0,0,0,0
765,795833,0,0,0,0,0,0,0,1,0,0,0,0,0
766,796875,0,0,0,0,0,0,0,1,0,0,0,0,0
767,797916,0,0,0,0,0,0,0,1,0,0,0,0,0
768,798958,0,0,0,0,0,0,0,1,0,0,0,0,0
769,800000,0,0,0,0,0,0,0,1,0,0,0,0,0
770,801041,0,0,0,0,0,0,0,1,0,0,0,0,0
771,802083,0,0,0,0,0,0,0,1,0,0,0,0,0
772,803125,0,0,0,0,0,0,0,1,0,0,0,0,0
773,804166,0,0,0,0,0,0,0,1,0,0,0,0,0
774,805208,0,0,0,0,0,0,0,1,0,0,0,0,0
775,806250,0,0,0,0,0,0,0,1,0,0,0,0,0
776,807291,0,0,0,0,0,0,0,1,0,0,0,0,0
777,808333,0,0,0,0,0,0,0,1,0,0,0,0,0
778,809375,0,0,0,0,0,0,0,1,0,0,0,0,0
779,810416,0,0,0,0,0,0,0,1,0,0,0,0,0
780,811458,0,0,0,0,0,0,0,1,0,0,0,0,0
781,812500,0,0,0,0,0,0,0,1,0,0,0,0,0
782,813541,0,0,0,0,0,0,0,1,0,0,0,0,0
783,814583,0,0,0,0,0,0,0,1,0,0,0,0,0
784,815625,0,0,0,0,0,0,0,1,0,0,0,0,0
785,816666,0,0,0,0,0,0,0,1,0,0,0,0,0
786,817708,0,0,0,0,0,0,0,1,0,0,0,0,0
787,818750,0,0,0,0,0,0,0,1,0,0,0,0,0
788,819791,0,0,0,0,0,0,0,1,0,0,0,0,0
789,820833,0,0,0,0,0,0,0,1,0,0,0,0,0
790,821875,0,0,0,0,0,0,0,1,0,0,0,0,0
791,822916,0,0,0,0,0,0,0,1,0,0,0,0,0
792,823958,0,0,0,0,0,0,0,1,0,0,0,0,0
793,825000,0,0,0,0,0,0,0,1,0,0,0,0,0
794,826041,0,0,0,0,0,0,0,1,0,0,0,0,0
795,827083,0,0,0,0,0,0,0,1,0,0,0,0,0
796,828125,0,0,0,0,0,0,0,1,0,0,0,0,0
797,829166,0,0,0,0,0,0,0,1,0,0,0,0,0
798,830208,0,0,0,0,0,0,0,1,0,0,0,0,0
799,831250,0,0,0,0,0,0,0,1,0,0,0,0,0
800,832291,0,0,0,0,0,0,0,1,0,0,0,0,0
801,833333,0,0,0,0,0,0,0,1,0,0,0,0,0
802,834375,0,0,0,0,0,0,0,1,0,0,0,0,0
803,835416,0,0,0,0,0,0,0,1,0,0,0,0,0
804,836458,0,0,0,0,0,0,0,1,0,0,0,0,0
805,837500,0,0,0,0,0,0,0,1,0,0,0,0,0
806,838541,0,0,0,0,0,0,0,1,0,0,0,0,0
807,839583,0,0,0,0,0,0,0,1,0,0,0,0,0
808,840625,0,0,0,0,0,0,0,1,0,0,0,0,0
809,841666,0,0,0,0,0,0,0,1,0,0,0,0,0
810,842708,0,0,0,0,0,0,0,1,0,0,0,0,0
811,843750,0,0,0,0,0,0,0,1,0,0,0,0,0
812,844791,0,0,0,0,0,0,0,1,0,0,0,0,0
813,845833,0,0,0,0,0,0,0,1,0,0,0,0,0
814,846875,0,0,0,0,0,0,0,1,0,0,0,0,0
815,847916,0,0,0,0,0,0,0,1,0,0,0,0,0
816,848958,0,0,0,0,0,0,0,1,0,0,0,0,0
817,850000,0,0,0,0,0,0,0,1,0,0,0,0,0
818,851041,0,0,0,0,0,0,0,1,0,0,0,0,0
819,852083,0,0,0,0,0,0,0,1,0,0,0,0,0
820,853125,0,0,0,0,0,0,0,1,0,0,0,0,0
821,854166,0,0,0,0,0,0,0,1,0,0,0,0,0
822,855208,0,0,0,0,0,0,0,1,0,0,0,0,0
823,856250,0,0,0,0,0,0,0,1,0,0,0,0,0
824,857291,0,0,0,0,0,0,0,1,0,0,0,0,0
825,858333,0,0,0,0,0,0,0,1,0,0,0,0,0
826,859375,0,0,0,0,0,0,0,1,0,0,0,0,0
827,860416,0,0,0,0,0,0,0,1,0,0,0,0,0
828,861458,0,0,0,0,0,0,0,1,0,0,0,0,0
829,862500,0,0,0,0,0,0,0,1,0,0,0,0,0
830,863541,0,0,0,0,0,0,0,1,0,0,0,0,0
831,864583,0,0,0,0,0,0,0,1,0,0,0,0,0
832,865625,0,0,0,0,0,0,0,1,0,0,0,0,0
833,866666,0,0,0,0,0,0,0,1,0,0,0,0,0
834,867708,0,0,0,0,0,0,0,1,0,0,0,0,0
835,868750,0,0,0,0,0,0,0,1,0,0,0,0,0
836,869791,0,0,0,0,0,0,0,1,0,0,0,0,0
837,870833,0,0,0,0,0,0,0,1,0,0,0,0,0
838,871875,0,0,0,0,0,0,0,1,0,0,0,0,0
839,872916,0,0,0,0,0,0,0,1,0,0,0,0,0
840,873958,0,0,0,0,0,0,0,1,0,0,0,0,0
841,875000,0,0,0,0,0,0,0,1,0,0,0,0,0
842,876041,0,0,0,0,0,0,0,1,0,0,0,0,0
843,877083,0,0,0,0,0,0,0,1,0,0,0,0,0
844,878125,0,0,0,0,0,0,0,1,0,0,0,0,0
845,879166,0,0,0,0,0,0,0,1,0,0,0,0,0
846,880208,0,0,0,0,0,0,0,1,0,0,0,0,0
847,881250,0,0,0,0,0,0,0,1,0,0,0,0,0
848,882291,0,0,0,0,0,0,0,1,0,0,0,0,0
849,883333,0,0,0,0,0,0,0,1,0,0,0,0,0
850,884375,0,0,0,0,0,0,0,1,0,0,0,0,0
851,885416,0,0,0,0,0,0,0,1,0,0,0,0,0
852,886458,0,0,0,0,0,0,0,1,0,0,0,0,0
853,887500,0,0,0,0,0,0,0,1,0,0,0,0,0
854,888541,0,0,0,0,0,0,0,1,0,0,0,0,0
855,889583,0,0,0,0,0,0,0,1,0,0,0,0,0
856,890625,0,0,0,0,0,0,0,1,0,0,0,0,0
857,891666,0,0,0,0,0,0,0,1,0,0,0,0,0
858,892708,0,0,0,0,0,0,0,1,0,0,0,0,0
859,893750,0,0,0,0,0,0,0,1,0,0,0,0,0
860,894791,0,0,0,0,0,0,0,1,0,0,0,0,0
861,895833,0,0,0,0,0,0,0,1,0,0,0,0,0
862,896875,0,0,0,0,0,0,0,1,0,0,0,0,0
863,897916,0,0,0,0,0,0,0,1,0,0,0,0,0
864,898958,0,0,0,0,0,0,0,1,0,0,0,0,0
865,900000,0,0,0,0,0,0,0,1,0,0,0,0,0
866,901041,0,0,0,0,0,0,0,1,0,0,0,0,0
867,902083,0,0,0,0,0,0,0,1,0,0,0,0,0
868,903125,0,0,0,0,0,0,0,1,0,0,0,0,0
869,904166,0,0,0,0,0,0,0,1,0,0,0,0,0
870,905208,0,0,0,0,0,0,0,1,0,0,0,0,0
871,906250,0,0,0,0,0,0,0,1,0,0,0,0,0
872,907291,0,0,0,0,0,0,0,1,0,0,0,0,0
873,908333,0,0,0,0,0,0,0,1,0,0,0,0,0
874,909375,0,0,0,0,0,0,0,1,0,0,0,0,0
875,910416,0,0,0,0,0,0,0,1,0,0,0,0,0
876,911458,0,0,0,0,0,0,0,1,0,0,0,0,0
877,912500,0,0,0,0,0,0,0,1,0,0,0,0,0
878,913541,0,0,0,0,0,0,0,1,0,0,0,0,0
879,914583,0,0,0,0,0,0,0,1,0,0,0,0,0
880,915625,0,0,0,0,0,0,0,1,0,0,0,0,0
881,916666,0,0,0,0,0,0,0,1,0,0,0,0,0
882,917708,0,0,0,0,0,0,0,1,0,0,0,0,0
883,918750,0,0,0,0,0,0,0,1,0,0,0,0,0
884,919791,0,0,0,0,0,0,0,1,0,0,0,0,0
885,920833,0,0,0,0,0,0,0,1,0,0,0,0,0
886,921875,0,0,0,0,0,0,0,1,0,0,0,0,0
887,922916,0,0,0,0,0,0,0,1,0,0,0,0,0
888,923958,0,0,0,0,0,0,0,1,0,0,0,0,0
889,925000,0,0,0,0,0,0,0,1,0,0,0,0,0
890,926041,0,0,0,0,0,0,0,1,0,0,0,0,0
891,927083,0,0,0,0,0,0,0,1,0,0,0,0,0
892,928125,0,0,0,0,0,0,0,1,0,0,0,0,0
893,929166,0,0,0,0,0,0,0,1,0,0,0,0,0
894,930208,0,0,0,0,0,0,0,1,0,0,0,0,0
895,931250,0,0,0,0,0,0,0,1,0,0,0,0,0
896,932291,0,0,0,0,0,0,0,1,0,0,0,0,0
897,933333,0,0,0,0,0,0,0,1,0,0,0,0,0
898,934375,0,0,0,0,0,0,0,1,0,0,0,0,0
899,935416,0,0,0,0,0,0,0,1,0,0,0,0,0
900,936458,0,0,0,0,0,0,0,1,0,0,0,0,0
901,937500,0,0,0,0,0,0,0,1,0,0,0,0,0
902,938541,0,0,0,0,0,0,0,1,0,0,0,0,0
903,939583,0,0,0,0,0,0,0,1,0,0,0,0,0
904,940625,0,0,0,0,0,0,0,1,0,0,0,0,0
905,941666,0,0,0,0,0,0,0,1,0,0,0,0,0
906,942708,0,0,0,0,0,0,0,1,0,0,0,0,0
907,943750,0,0,0,0,0,0,0,1,0,0,0,0,0
908,944791,0,0,0,0,0,0,0,1,0,0,0,0,0
909,945833,0,0,0,0,0,0,0,1,0,0,0,0,0
910,946875,0,0,0,0,0,0,0,1,0,0,0,0,0
911,947916,0,0,0,0,0,0,0,1,0,0,0,0,0
912,948958,0,0,0,0,0,0,0,1,0,0,0,0,0
913,950000,0,0,0,0,0,0,0,1,0,0,0,0,0
914,951041,0,0,0,0,0,0,0,1,0,0,0,0,0
915,952083,0,0,0,0,0,0,0,1,0,0,0,0,0
916,953125,0,0,0,0,0,0,0,1,0,0,0,0,0
917,954166,0,0,0,0,0,0,0,1,0,0,0,0,0
918,955208,0,0,0,0,0,0,0,1,0,0,0,0,0
919,956250,0,0,0,0,0,0,0,1,0,0,0,0,0
920,957291,0,0,0,0,0,0,0,1,0,0,0,0,0
921,958333,0,0,0,0,0,0,0,1,0,0,0,0,0
922,959375,0,0,0,0,0,0,0,1,0,0,0,0,0
923,960416,0,0,0,0,0,0,0,1,0,0,0,0,0
924,961458,0,0,0,0,0,0,0,1,0,0,0,0,0
925,962500,0,0,0,0,0,0,0,1,0,0,0,0,0
926,963541,0,0,0,0,0,0,0,1,0,0,0,0,0
927,964583,0,0,0,0,0,0,0,1,0,0,0,0,0
928,965625,0,0,0,0,0,0,0,1,0,0,0,0,0
929,966666,0,0,0,0,0,0,0,1,0,0,0,0,0
930,967708,0,0,0,0,0,0,0,1,0,0,0,0,0
931,968750,0,0,0,0,0,0,0,1,0,0,0,0,0
932,969791,277,-238,-39,0,26696,-22924,-3772,0,0,0,1,1,0
933,970833,300,-150,-150,0,28895,-14448,-14448,0,0,0,1,1,0
934,971875,277,-39,-238,0,26696,-3772,-22924,0,0,0,1,1,0
935,972916,212,78,-290,0,20432,7479,-27910,0,0,0,1,1,0
936,973958,115,183,-298,0,11058,17590,-28648,0,0,0,1,1,0
937,975000,0,260,-260,0,0,25024,-25024,0,0,0,1,1,0
938,976041,-115,298,-183,0,-11058,28648,-17590,0,0,0,1,1,0
939,977083,-212,290,-78,0,-20432,27910,-7479,0,0,0,1,1,0
940,978125,-277,238,39,0,-26696,22924,3772,0,0,0,1,1,0
941,979166,-300,150,150,0,-28895,14448,14448,0,0,0,0,1,0
942,980208,-277,39,238,0,-26696,3772,22924,0,0,0,0,1,0
943,981250,-212,-78,290,0,-20432,-7479,27910,0,0,0,0,1,0
944,982291,-115,-183,298,0,-11058,-17590,28648,0,0,0,0,1,0
945,983333,0,-260,260,0,0,-25024,25024,0,0,0,0,1,0
946,984375,115,-298,183,0,11058,-28648,17590,0,0,0,0,1,0
947,985416,212,-290,78,0,20432,-27910,7479,0,0,0,0,1,0
948,986458,277,-238,6801,6841,28831,-24758,-377,0,0,1,0,1,0
949,987500,300,-150,-9,141,31207,-15603,-1445,0,0,1,0,1,0
950,988541,277,-39,-4884,-4646,28831,-4073,-2292,0,0,1,0,1,0
951,989583,212,78,-7156,-6866,22066,8077,-2791,0,0,1,0,1,0
952,990625,115,183,-6551,-6253,11942,18997,-2865,0,0,1,0,1,0
953,991666,0,260,-3229,-2969,0,27026,-2502,0,0,1,0,1,0
954,992708,-115,298,2237,2420,-11942,30940,-1759,0,0,1,0,1,0
955,993750,-212,290,8952,9029,-22066,30143,-748,0,0,1,0,1,0
956,994791,-277,238,15831,15792,-28831,24758,377,0,0,1,0,1,0
957,995833,-300,150,21770,21620,-31207,15603,1445,0,0,1,0,1,0
958,996875,-277,39,25807,25569,-28831,4073,2292,0,0,1,0,1,0
959,997916,-212,-78,27273,26983,-22066,-8077,2791,0,0,1,0,1,0
960,998958,-115,-183,25893,25596,-11942,-18997,2865,0,0,1,0,1,0
961,1000000,0,-260,21827,21567,0,-27026,2502,0,0,1,0,1,0
962,1001041,115,-298,15645,15462,11942,-30940,1759,0,0,1,0,1,0
963,1002083,212,-290,8242,8164,22066,-30143,748,0,0,1,0,1,0
964,1003125,277,-238,700,739,28831,-24758,-377,0,0,1,0,1,0
965,1004166,300,-150,-5876,-5725,31207,-15603,-1445,0,0,1,0,1,0
966,1005208,277,-39,-10525,-10286,28831,-4073,-2292,0,0,1,0,1,0
967,1006250,212,78,-12579,-12289,22066,8077,-2791,0,0,1,0,1,0
968,1007291,115,183,-11765,-11468,11942,18997,-2865,0,0,1,0,1,0
969,1008333,0,260,-8243,-7983,0,27026,-2502,0,0,1,0,1,0
970,1009374,-115,298,-2584,-2401,-11942,30940,-1759,0,0,1,0,1,0
971,1010416,-212,290,4316,4394,-22066,30143,-748,0,0,1,0,1,0
972,1011458,-277,238,11375,11335,-28831,24758,377,0,0,1,0,1,0
973,1012500,-300,150,17485,17335,-31207,15603,1445,0,0,1,0,1,0
974,1013541,-277,39,21687,21449,-28831,4073,2292,0,0,1,0,1,0
975,1014583,-212,-78,23312,23022,-22066,-8077,2791,0,0,1,0,1,0
976,1015625,-115,-183,22085,21787,-11942,-18997,2865,0,0,1,0,1,0
977,1016666,0,-260,18165,17905,0,-27026,2502,0,0,1,0,1,0
978,1017708,115,-298,12124,11941,11942,-30940,1759,0,0,1,0,1,0
979,1018750,212,-290,4856,4778,22066,-30143,748,0,0,1,0,1,0
980,1019791,277,-238,-2556,-2516,28831,-24758,-377,0,0,1,0,1,0
981,1020833,300,-150,-9006,-8855,31207,-15603,-1445,0,0,1,0,1,0
982,1021875,277,-39,-13534,-13296,28831,-4073,-2292,0,0,1,0,1,0
983,1022916,212,78,-15473,-15183,22066,8077,-2791,0,0,1,0,1,0
984,1023958,115,183,-14547,-14250,11942,18997,-2865,0,0,1,0,1,0
985,1024999,0,260,-10918,-10658,0,27026,-2502,0,0,1,0,1,0
986,1026041,-115,298,-5156,-4973,-11942,30940,-1759,0,0,1,0,1,0
987,1027083,-212,290,1844,1921,-22066,30143,-748,0,0,1,0,1,0
988,1028125,-277,238,8997,8958,-28831,24758,377,0,0,1,0,1,0
989,1029166,-300,150,15199,15049,-31207,15603,1445,0,0,1,0,1,0
990,1030208,-277,39,19489,19251,-28831,4073,2292,0,0,1,0,1,0
991,1031250,-212,-78,21199,20908,-22066,-8077,2791,0,0,1,0,1,0
992,1032291,-115,-183,20053,19755,-11942,-18997,2865,0,0,1,0,1,0
993,1033333,0,-260,16211,15951,0,-27026,2502,0,0,1,0,1,0
994,1034375,115,-298,10245,10062,11942,-30940,1759,0,0,1,0,1,0
995,1035416,212,-290,3050,2972,22066,-30143,748,0,0,1,0,1,0
996,1036458,277,-238,-4292,-4253,28831,-24758,-377,0,0,1,0,1,0
997,1037500,300,-150,-10675,-10525,31207,-15603,-1445,0,0,1,0,1,0
998,1038541,277,-39,-15139,-14901,28831,-4073,-2292,0,0,1,0,1,0
999,1039583,212,78,-17017,-16726,22066,8077,-2791,0,0,1,0,1,0
1000,1040624,115,183,-16032,-15734,11942,18997,-2865,0,0,1,0,1,0
1001,1041666,0,260,-12345,-12085,0,27026,-2502,0,0,1,0,1,0
1002,1042708,-115,298,-6528,-6345,-11942,30940,-1759,0,0,1,0,1,0
1003,1043750,-212,290,524,602,-22066,30143,-748,0,0,1,0,1,0
1004,1044791,-277,238,7729,7689,-28831,24758,377,0,0,1,0,1,0
1005,1045833,-300,150,13979,13829,-31207,15603,1445,0,0,1,0,1,0
1006,1046875,-277,39,18316,18078,-28831,4073,2292,0,0,1,0,1,0
1007,1047916,-212,-78,20071,19781,-22066,-8077,2791,0,0,1,0,1,0
1008,1048958,-115,-183,18968,18671,-11942,-18997,2865,0,0,1,0,1,0
1009,1050000,0,-260,15169,14909,0,-27026,2502,0,0,1,0,1,0
1010,1051041,115,-298,9243,9060,11942,-30940,1759,0,0,1,0,1,0
1011,1052083,212,-290,2086,2008,22066,-30143,748,0,0,1,0,1,0
1012,1053125,277,-238,-5219,-5179,28831,-24758,-377,0,0,1,0,1,0
1013,1054166,300,-150,-11566,-11416,31207,-15603,-1445,0,0,1,0,1,0
1014,1055208,277,-39,-15996,-15758,28831,-4073,-2292,0,0,1,0,1,0
1015,1056250,212,78,-17840,-17550,22066,8077,-2791,0,0,1,0,1,0
1016,1057291,115,183,-16823,-16526,11942,18997,-2865,0,0,1,0,1,0
1017,1058333,0,260,-13106,-12846,0,27026,-2502,0,0,1,0,1,0
1018,1059375,-115,298,-7260,-7077,-11942,30940,-1759,0,0,1,0,1,0
1019,1060416,-212,290,-179,-102,-22066,30143,-748,0,0,1,0,1,0
1020,1061458,-277,238,7052,7013,-28831,24758,377,0,0,1,0,1,0
1021,1062500,-300,150,13329,13179,-31207,15603,1445,0,0,1,0,1,0
1022,1063541,-277,39,17691,17453,-28831,4073,2292,0,0,1,0,1,0
1023,1064583,-212,-78,19470,19180,-22066,-8077,2791,0,0,1,0,1,0
1024,1065625,-115,-183,18390,18092,-11942,-18997,2865,0,0,1,0,1,0
1025,1066666,0,-260,14613,14353,0,-27026,2502,0,0,1,0,1,0
1026,1067708,115,-298,8708,8525,11942,-30940,1759,0,0,1,0,1,0
1027,1068750,212,-290,1572,1494,22066,-30143,748,0,0,1,0,1,0
1028,1069791,277,-238,-5713,-5674,28831,-24758,-377,0,0,1,0,1,0
1029,1070833,300,-150,-12041,-11891,31207,-15603,-1445,0,0,1,0,1,0
1030,1071875,277,-39,-16453,-16215,28831,-4073,-2292,0,0,1,0,1,0
1031,1072916,212,78,-18279,-17989,22066,8077,-2791,0,0,1,0,1,0
1032,1073958,115,183,-17246,-16948,11942,18997,-2865,0,0,1,0,1,0
1033,1075000,0,260,-13512,-13252,0,27026,-2502,0,0,1,0,1,0
1034,1076041,-115,298,-7650,-7467,-11942,30940,-1759,0,0,1,0,1,0
1035,1077083,-212,290,-555,-477,-22066,30143,-748,0,0,1,0,1,0
1036,1078125,-277,238,6691,6652,-28831,24758,377,0,0,1,0,1,0
1037,1079166,-300,150,12982,12831,-31207,15603,1445,0,0,1,0,1,0
1038,1080208,-277,39,17357,17119,-28831,4073,2292,0,0,1,0,1,0
1039,1081250,-212,-78,19149,18859,-22066,-8077,2791,0,0,1,0,1,0
1040,1082291,-115,-183,18082,17784,-11942,-18997,2865,0,0,1,0,1,0
1041,1083333,0,-260,14316,14056,0,-27026,2502,0,0,1,0,1,0
1042,1084375,115,-298,8423,8240,11942,-30940,1759,0,0,1,0,1,0
1043,1085416,212,-290,1298,1220,22066,-30143,748,0,0,1,0,1,0
1044,1086458,277,-238,-5977,-5937,28831,-24758,-377,0,0,1,0,1,0
1045,1087500,300,-150,-12295,-12145,31207,-15603,-1445,0,0,1,0,1,0
1046,1088541,277,-39,-16697,-16458,28831,-4073,-2292,0,0,1,0,1,0
1047,1089583,212,78,-18514,-18224,22066,8077,-2791,0,0,1,0,1,0
1048,1090625,115,183,-17471,-17173,11942,18997,-2865,0,0,1,0,1,0
1049,1091666,0,260,-13729,-13469,0,27026,-2502,0,0,1,0,1,0
1050,1092708,-115,298,-7859,-7676,-11942,30940,-1759,0,0,1,0,1,0
1051,1093750,-212,290,-755,-678,-22066,30143,-748,0,0,1,0,1,0
1052,1094791,-277,238,6498,6459,-28831,24758,377,0,0,1,0,1,0
1053,1095833,-300,150,12796,12646,-31207,15603,1445,0,0,1,0,1,0
1054,1096875,-277,39,17179,16941,-28831,4073,2292,0,0,1,0,1,0
1055,1097916,-212,-78,18978,18687,-22066,-8077,2791,0,0,1,0,1,0
1056,1098958,-115,-183,17917,17619,-11942,-18997,2865,0,0,1,0,1,0
1057,1100000,0,-260,14158,13898,0,-27026,2502,0,0,1,0,1,0
1058,1101041,115,-298,8271,8088,11942,-30940,1759,0,0,1,0,1,0
1059,1102083,212,-290,1152,1074,22066,-30143,748,0,0,1,0,1,0
1060,1103125,277,-238,-6117,-6078,28831,-24758,-377,0,0,1,0,1,0
1061,1104166,300,-150,-12430,-12280,31207,-15603,-1445,0,0,1,0,1,0
1062,1105208,277,-39,-16827,-16588,28831,-4073,-2292,0,0,1,0,1,0
1063,1106250,212,78,-18639,-18349,22066,8077,-2791,0,0,1,0,1,0
1064,1107291,115,183,-17591,-17294,11942,18997,-2865,0,0,1,0,1,0
1065,1108333,0,260,-13845,-13584,0,27026,-2502,0,0,1,0,1,0
1066,1109375,-115,298,-7970,-7787,-11942,30940,-1759,0,0,1,0,1,0
1067,1110416,-212,290,-862,-784,-22066,30143,-748,0,0,1,0,1,0
1068,1111458,-277,238,6396,6356,-28831,24758,377,0,0,1,0,1,0
1069,1112500,-300,150,12698,12548,-31207,15603,1445,0,0,1,0,1,0
1070,1113541,-277,39,17084,16846,-28831,4073,2292,0,0,1,0,1,0
1071,1114583,-212,-78,18886,18596,-22066,-8077,2791,0,0,1,0,1,0
1072,1115625,-115,-183,17829,17531,-11942,-18997,2865,0,0,1,0,1,0
1073,1116666,0,-260,14073,13813,0,-27026,2502,0,0,1,0,1,0
1074,1117708,115,-298,8190,8007,11942,-30940,1759,0,0,1,0,1,0
1075,1118750,212,-290,1074,996,22066,-30143,748,0,0,1,0,1,0
1076,1119791,277,-238,-6192,-6153,28831,-24758,-377,0,0,1,0,1,0
1077,1120833,300,-150,-12502,-12352,31207,-15603,-1445,0,0,1,0,1,0
1078,1121875,277,-39,-16896,-16658,28831,-4073,-2292,0,0,1,0,1,0
1079,1122916,212,78,-18706,-18415,22066,8077,-2791,0,0,1,0,1,0
1080,1123958,115,183,-17655,-17358,11942,18997,-2865,0,0,1,0,1,0
1081,1125000,0,260,-13906,-13646,0,27026,-2502,0,0,1,0,1,0
1082,1126041,-115,298,-8029,-7846,-11942,30940,-1759,0,0,1,0,1,0
1083,1127083,-212,290,-919,-841,-22066,30143,-748,0,0,1,0,1,0
1084,1128125,-277,238,6341,6302,-28831,24758,377,0,0,1,0,1,0
1085,1129166,-300,150,12645,12495,-31207,15603,1445,0,0,1,0,1,0
1086,1130208,-277,39,17033,16795,-28831,4073,2292,0,0,1,0,1,0
1087,1131250,-212,-78,18838,18547,-22066,-8077,2791,0,0,1,0,1,0
1088,1132291,-115,-183,17782,17485,-11942,-18997,2865,0,0,1,0,1,0
1089,1133333,0,-260,14028,13768,0,-27026,2502,0,0,1,0,1,0
1090,1134375,115,-298,8146,7964,11942,-30940,1759,0,0,1,0,1,0
1091,1135416,212,-290,1032,954,22066,-30143,748,0,0,1,0,1,0
1092,1136458,277,-238,-6232,-6193,28831,-24758,-377,0,0,1,0,1,0
1093,1137500,300,-150,-12541,-12391,31207,-15603,-1445,0,0,1,0,1,0
1094,1138541,277,-39,-16933,-16695,28831,-4073,-2292,0,0,1,0,1,0
1095,1139583,212,78,-18741,-18451,22066,8077,-2791,0,0,1,0,1,0
1096,1140625,115,183,-17690,-17392,11942,18997,-2865,0,0,1,0,1,0
1097,1141666,0,260,-13939,-13679,0,27026,-2502,0,0,1,0,1,0
1098,1142708,-115,298,-8061,-7878,-11942,30940,-1759,0,0,1,0,1,0
1099,1143750,-212,290,-950,-872,-22066,30143,-748,0,0,1,0,1,0
1100,1144791,-277,238,6312,6272,-28831,24758,377,0,0,1,0,1,0
1101,1145833,-300,150,12617,12467,-31207,15603,1445,0,0,1,0,1,0
1102,1146875,-277,39,17006,16768,-28831,4073,2292,0,0,1,0,1,0
1103,1147916,-212,-78,18812,18521,-22066,-8077,2791,0,0,1,0,1,0
1104,1148958,-115,-183,17757,17460,-11942,-18997,2865,0,0,1,0,1,0
1105,1150000,0,-260,14004,13744,0,-27026,2502,0,0,1,0,1,0
1106,1151041,115,-298,8123,7940,11942,-30940,1759,0,0,1,0,1,0
1107,1152083,212,-290,1010,932,22066,-30143,748,0,0,1,0,1,0
1108,1153125,277,-238,-6254,-6214,28831,-24758,-377,0,0,1,0,1,0
1109,1154166,300,-150,-12561,-12411,31207,-15603,-1445,0,0,1,0,1,0
1110,1155208,277,-39,-16953,-16715,28831,-4073,-2292,0,0,1,0,1,0
1111,1156250,212,78,-18760,-18470,22066,8077,-2791,0,0,1,0,1,0
1112,1157291,115,183,-17708,-17410,11942,18997,-2865,0,0,1,0,1,0
1113,1158333,0,260,-13957,-13697,0,27026,-2502,0,0,1,0,1,0
1114,1159375,-115,298,-8078,-7895,-11942,30940,-1759,0,0,1,0,1,0
1115,1160416,-212,290,-966,-888,-22066,30143,-748,0,0,1,0,1,0
1116,1161458,-277,238,6296,6257,-28831,24758,377,0,0,1,0,1,0
1117,1162500,-300,150,12602,12452,-31207,15603,1445,0,0,1,0,1,0
1118,1163541,-277,39,16992,16754,-28831,4073,2292,0,0,1,0,1,0
1119,1164583,-212,-78,18798,18508,-22066,-8077,2791,0,0,1,0,1,0
1120,1165625,-115,-183,17744,17446,-11942,-18997,2865,0,0,1,0,1,0
1121,1166666,0,-260,13991,13731,0,-27026,2502,0,0,1,0,1,0
1122,1167708,115,-298,8111,7928,11942,-30940,1759,0,0,1,0,1,0
1123,1168750,212,-290,998,920,22066,-30143,748,0,0,1,0,1,0
1124,1169791,277,-238,-6265,-6226,28831,-24758,-377,0,0,1,0,1,0
1125,1170833,300,-150,-12572,-12422,31207,-15603,-1445,0,0,1,0,1,0
1126,1171875,277,-39,-16963,-16725,28831,-4073,-2292,0,0,1,0,1,0
1127,1172916,212,78,-18770,-18480,22066,8077,-2791,0,0,1,0,1,0
1128,1173958,115,183,-17718,-17420,11942,18997,-2865,0,0,1,0,1,0
1129,1175000,0,260,-13966,-13706,0,27026,-2502,0,0,1,0,1,0
1130,1176041,-115,298,-8087,-7904,-11942,30940,-1759,0,0,1,0,1,0
1131,1177083,-212,290,-974,-897,-22066,30143,-748,0,0,1,0,1,0
1132,1178125,-277,238,6288,6248,-28831,24758,377,0,0,1,0,1,0
1133,1179166,-300,150,12594,12444,-31207,15603,1445,0,0,1,0,1,0
1134,1180208,-277,39,16984,16746,-28831,4073,2292,0,0,1,0,1,0
1135,1181250,-212,-78,18790,18500,-22066,-8077,2791,0,0,1,0,1,0
1136,1182291,-115,-183,17737,17439,-11942,-18997,2865,0,0,1,0,1,0
1137,1183333,0,-260,13985,13724,0,-27026,2502,0,0,1,0,1,0
1138,1184375,115,-298,8104,7922,11942,-30940,1759,0,0,1,0,1,0
1139,1185416,212,-290,992,914,22066,-30143,748,0,0,1,0,1,0
1140,1186458,277,-238,-6271,-6232,28831,-24758,-377,0,0,1,0,1,0
1141,1187500,300,-150,-12578,-12428,31207,-15603,-1445,0,0,1,0,1,0
1142,1188541,277,-39,-16969,-16731,28831,-4073,-2292,0,0,1,0,1,0
1143,1189583,212,78,-18776,-18486,22066,8077,-2791,0,0,1,0,1,0
1144,1190625,115,183,-17723,-17425,11942,18997,-2865,0,0,1,0,1,0
1145,1191666,0,260,-13971,-13711,0,27026,-2502,0,0,1,0,1,0
1146,1192708,-115,298,-8091,-7909,-11942,30940,-1759,0,0,1,0,1,0
1147,1193750,-212,290,-979,-901,-22066,30143,-748,0,0,1,0,1,0
1148,1194791,-277,238,6283,6244,-28831,24758,377,0,0,1,0,1,0
1149,1195833,-300,150,12590,12439,-31207,15603,1445,0,0,1,0,1,0
1150,1196875,-277,39,16980,16742,-28831,4073,2292,0,0,1,0,1,0
1151,1197916,-212,-78,18786,18496,-22066,-8077,2791,0,0,1,0,1,0
1152,1198958,-115,-183,17733,17435,-11942,-18997,2865,0,0,1,0,1,0
1153,1200000,0,-260,13981,13721,0,-27026,2502,0,0,1,0,1,0
1154,1201041,115,-298,8101,7918,11942,-30940,1759,0,0,1,0,1,0
1155,1202083,212,-290,988,910,22066,-30143,748,0,0,1,0,1,0
1156,1203125,277,-238,-6274,-6235,28831,-24758,-377,0,0,1,0,1,0
1157,1204166,300,-150,-12581,-12431,31207,-15603,-1445,0,0,1,0,1,0
1158,1205208,277,-39,-16972,-16734,28831,-4073,-2292,0,0,1,0,1,0
1159,1206250,212,78,-18778,-18488,22066,8077,-2791,0,0,1,0,1,0
1160,1207291,115,183,-17726,-17428,11942,18997,-2865,0,0,1,0,1,0
1161,1208333,0,260,-13974,-13714,0,27026,-2502,0,0,1,0,1,0
1162,1209375,-115,298,-8094,-7911,-11942,30940,-1759,0,0,1,0,1,0
1163,1210416,-212,290,-981,-904,-22066,30143,-748,0,0,1,0,1,0
1164,1211458,-277,238,6281,6242,-28831,24758,377,0,0,1,0,1,0
1165,1212500,-300,150,12587,12437,-31207,15603,1445,0,0,1,0,1,0
1166,1213541,-277,39,16978,16740,-28831,4073,2292,0,0,1,0,1,0
1167,1214583,-212,-78,18784,18494,-22066,-8077,2791,0,0,1,0,1,0
1168,1215625,-115,-183,17731,17433,-11942,-18997,2865,0,0,1,0,1,0
1169,1216666,0,-260,13979,13719,0,-27026,2502,0,0,1,0,1,0
1170,1217708,115,-298,8099,7916,11942,-30940,1759,0,0,1,0,1,0
1171,1218750,212,-290,986,909,22066,-30143,748,0,0,1,0,1,0
1172,1219791,277,-238,-6276,-6237,28831,-24758,-377,0,0,1,0,1,0
1173,1220833,300,-150,-12583,-12433,31207,-15603,-1445,0,0,1,0,1,0
1174,1221875,277,-39,-16974,-16735,28831,-4073,-2292,0,0,1,0,1,0
1175,1222916,212,78,-18780,-18490,22066,8077,-2791,0,0,1,0,1,0
1176,1223958,115,183,-17727,-17429,11942,18997,-2865,0,0,1,0,1,0
1177,1225000,0,260,-13975,-13715,0,27026,-2502,0,0,1,0,1,0
1178,1226041,-115,298,-8095,-7912,-11942,30940,-1759,0,0,1,0,1,0
1179,1227083,-212,290,-983,-905,-22066,30143,-748,0,0,1,0,1,0
1180,1228125,-277,238,6280,6240,-28831,24758,377,0,0,1,0,1,0
1181,1229166,-300,150,12586,12436,-31207,15603,1445,0,0,1,0,1,0
1182,1230208,-277,39,16977,16738,-28831,4073,2292,0,0,1,0,1,0
1183,1231250,-212,-78,18783,18493,-22066,-8077,2791,0,0,1,0,1,0
1184,1232291,-115,-183,17730,17432,-11942,-18997,2865,0,0,1,0,1,0
1185,1233333,0,-260,13978,13718,0,-27026,2502,0,0,1,0,1,0
1186,1234375,115,-298,8098,7915,11942,-30940,1759,0,0,1,0,1,0
1187,1235416,212,-290,985,908,22066,-30143,748,0,0,1,0,1,0
1188,1236458,277,-238,-6277,-6238,28831,-24758,-377,0,0,1,0,1,0
1189,1237500,300,-150,-12584,-12434,31207,-15603,-1445,0,0,1,0,1,0
1190,1238541,277,-39,-16974,-16736,28831,-4073,-2292,0,0,1,0,1,0
1191,1239583,212,78,-18781,-18491,22066,8077,-2791,0,0,1,0,1,0
1192,1240625,115,183,-17728,-17430,11942,18997,-2865,0,0,1,0,1,0
1193,1241666,0,260,-13976,-13716,0,27026,-2502,0,0,1,0,1,0
1194,1242708,-115,298,-8096,-7913,-11942,30940,-1759,0,0,1,0,1,0
1195,1243750,0,0,0,0,0,0,0,1,0,0,0,0,0
1196,1244791,0,0,0,0,0,0,0,1,0,0,0,0,0
1197,1245833,0,0,0,0,0,0,0,1,0,0,0,0,0
1198,1246875,0,0,0,0,0,0,0,1,0,0,0,0,0
1199,1247916,0,0,0,0,0,0,0,1,0,0,0,0,0
1200,1248958,0,0,0,0,0,0,0,1,0,0,0,0,0
1201,1250000,0,0,0,0,0,0,0,1,0,0,0,0,0
1202,1251041,0,0,0,0,0,0,0,1,0,0,0,0,0
1203,1252083,0,0,0,0,0,0,0,1,0,0,0,0,0
1204,1253125,0,0,0,0,0,0,0,1,0,0,0,0,0
1205,1254166,0,0,0,0,0,0,0,1,0,0,0,0,0
1206,1255208,0,0,0,0,0,0,0,1,0,0,0,0,0
1207,1256250,0,0,0,0,0,0,0,1,0,0,0,0,0
1208,1257291,0,0,0,0,0,0,0,1,0,0,0,0,0
1209,1258333,0,0,0,0,0,0,0,1,0,0,0,0,0
1210,1259375,0,0,0,0,0,0,0,1,0,0,0,0,0
1211,1260416,0,0,0,0,0,0,0,1,0,0,0,0,0
1212,1261458,0,0,0,0,0,0,0,1,0,0,0,0,0
1213,1262500,0,0,0,0,0,0,0,1,0,0,0,0,0
1214,1263541,0,0,0,0,0,0,0,1,0,0,0,0,0
1215,1264583,0,0,0,0,0,0,0,1,0,0,0,0,0
1216,1265625,0,0,0,0,0,0,0,1,0,0,0,0,0
1217,1266666,0,0,0,0,0,0,0,1,0,0,0,0,0
1218,1267708,0,0,0,0,0,0,0,1,0,0,0,0,0
1219,1268750,0,0,0,0,0,0,0,1,0,0,0,0,0
1220,1269791,0,0,0,0,0,0,0,1,0,0,0,0,0
1221,1270833,0,0,0,0,0,0,0,1,0,0,0,0,0
1222,1271875,0,0,0,0,0,0,0,1,0,0,0,0,0
1223,1272916,0,0,0,0,0,0,0,1,0,0,0,0,0
1224,1273958,0,0,0,0,0,0,0,1,0,0,0,0,0
1225,1275000,0,0,0,0,0,0,0,1,0,0,0,0,0
1226,1276041,0,0,0,0,0,0,0,1,0,0,0,0,0
1227,1277083,0,0,0,0,0,0,0,1,0,0,0,0,0
1228,1278125,0,0,0,0,0,0,0,1,0,0,0,0,0
1229,1279166,0,0,0,0,0,0,0,1,0,0,0,0,0
1230,1280208,0,0,0,0,0,0,0,1,0,0,0,0,0
1231,1281250,0,0,0,0,0,0,0,1,0,0,0,0,0
1232,1282291,0,0,0,0,0,0,0,1,0,0,0,0,0
1233,1283333,0,0,0,0,0,0,0,1,0,0,0,0,0
1234,1284375,0,0,0,0,0,0,0,1,0,0,0,0,0
1235,1285416,0,0,0,0,0,0,0,1,0,0,0,0,0
1236,1286458,0,0,0,0,0,0,0,1,0,0,0,0,0
1237,1287500,0,0,0,0,0,0,0,1,0,0,0,0,0
1238,1288541,0,0,0,0,0,0,0,1,0,0,0,0,0
1239,1289583,0,0,0,0,0,0,0,1,0,0,0,0,0
1240,1290625,0,0,0,0,0,0,0,1,0,0,0,0,0
1241,1291666,0,0,0,0,0,0,0,1,0,0,0,0,0
1242,1292708,0,0,0,0,0,0,0,1,0,0,0,0,0
1243,1293750,0,0,0,0,0,0,0,1,0,0,0,0,0
1244,1294791,0,0,0,0,0,0,0,1,0,0,0,0,0
1245,1295833,0,0,0,0,0,0,0,1,0,0,0,0,0
1246,1296875,0,0,0,0,0,0,0,1,0,0,0,0,0
1247,1297916,0,0,0,0,0,0,0,1,0,0,0,0,0
1248,1298958,0,0,0,0,0,0,0,1,0,0,0,0,0
1249,1300000,0,0,0,0,0,0,0,1,0,0,0,0,0
1250,1301041,0,0,0,0,0,0,0,1,0,0,0,0,0
1251,1302083,0,0,0,0,0,0,0,1,0,0,0,0,0
1252,1303125,0,0,0,0,0,0,0,1,0,0,0,0,0
1253,1304166,0,0,0,0,0,0,0,1,0,0,0,0,0
1254,1305208,0,0,0,0,0,0,0,1,0,0,0,0,0
1255,1306250,0,0,0,0,0,0,0,1,0,0,0,0,0
1256,1307291,0,0,0,0,0,0,0,1,0,0,0,0,0
1257,1308333,0,0,0,0,0,0,0,1,0,0,0,0,0
1258,1309375,0,0,0,0,0,0,0,1,0,0,0,0,0
1259,1310416,0,0,0,0,0,0,0,1,0,0,0,0,0
1260,1311458,0,0,0,0,0,0,0,1,0,0,0,0,0
1261,1312500,0,0,0,0,0,0,0,1,0,0,0,0,0
1262,1313541,0,0,0,0,0,0,0,1,0,0,0,0,0
1263,1314583,0,0,0,0,0,0,0,1,0,0,0,0,0
1264,1315625,0,0,0,0,0,0,0,1,0,0,0,0,0
1265,1316666,0,0,0,0,0,0,0,1,0,0,0,0,0
1266,1317708,0,0,0,0,0,0,0,1,0,0,0,0,0
1267,1318750,0,0,0,0,0,0,0,1,0,0,0,0,0
1268,1319791,0,0,0,0,0,0,0,1,0,0,0,0,0
1269,1320833,0,0,0,0,0,0,0,1,0,0,0,0,0
1270,1321875,0,0,0,0,0,0,0,1,0,0,0,0,0
1271,1322916,0,0,0,0,0,0,0,1,0,0,0,0,0
1272,1323958,0,0,0,0,0,0,0,1,0,0,0,0,0
1273,1325000,0,0,0,0,0,0,0,1,0,0,0,0,0
1274,1326041,0,0,0,0,0,0,0,1,0,0,0,0,0
1275,1327083,0,0,0,0,0,0,0,1,0,0,0,0,0
1276,1328125,0,0,0,0,0,0,0,1,0,0,0,0,0
1277,1329166,0,0,0,0,0,0,0,1,0,0,0,0,0
1278,1330208,0,0,0,0,0,0,0,1,0,0,0,0,0
1279,1331250,0,0,0,0,0,0,0,1,0,0,0,0,0
1280,1332291,0,0,0,0,0,0,0,1,0,0,0,0,0
1281,1333333,0,0,0,0,0,0,0,1,0,0,0,0,0
1282,1334375,0,0,0,0,0,0,0,1,0,0,0,0,0
1283,1335416,0,0,0,0,0,0,0,1,0,0,0,0,0
1284,1336458,0,0,0,0,0,0,0,1,0,0,0,0,0
1285,1337500,0,0,0,0,0,0,0,1,0,0,0,0,0
1286,1338541,0,0,0,0,0,0,0,1,0,0,0,0,0
1287,1339583,0,0,0,0,0,0,0,1,0,0,0,0,0
1288,1340625,0,0,0,0,0,0,0,1,0,0,0,0,0
1289,1341666,0,0,0,0,0,0,0,1,0,0,0,0,0
1290,1342708,0,0,0,0,0,0,0,1,0,0,0,0,0
1291,1343750,0,0,0,0,0,0,0,1,0,0,0,0,0
1292,1344791,0,0,0,0,0,0,0,1,0,0,0,0,0
1293,1345833,0,0,0,0,0,0,0,1,0,0,0,0,0
1294,1346875,0,0,0,0,0,0,0,1,0,0,0,0,0
1295,1347916,0,0,0,0,0,0,0,1,0,0,0,0,0
1296,1348958,0,0,0,0,0,0,0,1,0,0,0,0,0
1297,1350000,0,0,0,0,0,0,0,1,0,0,0,0,0
1298,1351041,0,0,0,0,0,0,0,1,0,0,0,0,0
1299,1352083,0,0,0,0,0,0,0,1,0,0,0,0,0
1300,1353125,0,0,0,0,0,0,0,1,0,0,0,0,0
1301,1354166,0,0,0,0,0,0,0,1,0,0,0,0,0
1302,1355208,0,0,0,0,0,0,0,1,0,0,0,0,0
1303,1356250,0,0,0,0,0,0,0,1,0,0,0,0,0
1304,1357291,0,0,0,0,0,0,0,1,0,0,0,0,0
1305,1358333,0,0,0,0,0,0,0,1,0,0,0,0,0
1306,1359375,0,0,0,0,0,0,0,1,0,0,0,0,0
1307,1360416,0,0,0,0,0,0,0,1,0,0,0,0,0
1308,1361458,0,0,0,0,0,0,0,1,0,0,0,0,0
1309,1362500,0,0,0,0,0,0,0,1,0,0,0,0,0
1310,1363541,0,0,0,0,0,0,0,1,0,0,0,0,0
1311,1364583,0,0,0,0,0,0,0,1,0,0,0,0,0
1312,1365625,0,0,0,0,0,0,0,1,0,0,0,0,0
1313,1366666,0,0,0,0,0,0,0,1,0,0,0,0,0
1314,1367708,0,0,0,0,0,0,0,1,0,0,0,0,0
1315,1368750,0,0,0,0,0,0,0,1,0,0,0,0,0
1316,1369791,0,0,0,0,0,0,0,1,0,0,0,0,0
1317,1370833,0,0,0,0,0,0,0,1,0,0,0,0,0
1318,1371875,0,0,0,0,0,0,0,1,0,0,0,0,0
1319,1372916,0,0,0,0,0,0,0,1,0,0,0,0,0
1320,1373958,0,0,0,0,0,0,0,1,0,0,0,0,0
1321,1375000,0,0,0,0,0,0,0,1,0,0,0,0,0
1322,1376041,0,0,0,0,0,0,0,1,0,0,0,0,0
1323,1377083,0,0,0,0,0,0,0,1,0,0,0,0,0
1324,1378125,0,0,0,0,0,0,0,1,0,0,0,0,0
1325,1379166,0,0,0,0,0,0,0,1,0,0,0,0,0
1326,1380208,0,0,0,0,0,0,0,1,0,0,0,0,0
1327,1381250,0,0,0,0,0,0,0,1,0,0,0,0,0
1328,1382291,0,0,0,0,0,0,0,1,0,0,0,0,0
1329,1383333,0,0,0,0,0,0,0,1,0,0,0,0,0
1330,1384375,0,0,0,0,0,0,0,1,0,0,0,0,0
1331,1385416,0,0,0,0,0,0,0,1,0,0,0,0,0
1332,1386458,0,0,0,0,0,0,0,1,0,0,0,0,0
1333,1387500,0,0,0,0,0,0,0,1,0,0,0,0,0
1334,1388541,0,0,0,0,0,0,0,1,0,0,0,0,0
1335,1389583,0,0,0,0,0,0,0,1,0,0,0,0,0
1336,1390625,0,0,0,0,0,0,0,1,0,0,0,0,0
1337,1391666,0,0,0,0,0,0,0,1,0,0,0,0,0
1338,1392708,0,0,0,0,0,0,0,1,0,0,0,0,0
1339,1393750,0,0,0,0,0,0,0,1,0,0,0,0,0
1340,1394791,0,0,0,0,0,0,0,1,0,0,0,0,0
1341,1395833,0,0,0,0,0,0,0,1,0,0,0,0,0
1342,1396875,0,0,0,0,0,0,0,1,0,0,0,0,0
1343,1397916,0,0,0,0,0,0,0,1,0,0,0,0,0
1344,1398958,0,0,0,0,0,0,0,1,0,0,0,0,0
1345,1400000,0,0,0,0,0,0,0,1,0,0,0,0,0
1346,1401041,0,0,0,0,0,0,0,1,0,0,0,0,0
1347,1402083,0,0,0,0,0,0,0,1,0,0,0,0,0
1348,1403125,0,0,0,0,0,0,0,1,0,0,0,0,0
1349,1404166,0,0,0,0,0,0,0,1,0,0,0,0,0
1350,1405208,0,0,0,0,0,0,0,1,0,0,0,0,0
1351,1406250,0,0,0,0,0,0,0,1,0,0,0,0,0
1352,1407291,0,0,0,0,0,0,0,1,0,0,0,0,0
1353,1408333,0,0,0,0,0,0,0,1,0,0,0,0,0
1354,1409375,0,0,0,0,0,0,0,1,0,0,0,0,0
1355,1410416,0,0,0,0,0,0,0,1,0,0,0,0,0
1356,1411458,0,0,0,0,0,0,0,1,0,0,0,0,0
1357,1412500,0,0,0,0,0,0,0,1,0,0,0,0,0
1358,1413541,0,0,0,0,0,0,0,1,0,0,0,0,0
1359,1414583,0,0,0,0,0,0,0,1,0,0,0,0,0
1360,1415625,0,0,0,0,0,0,0,1,0,0,0,0,0
1361,1416666,0,0,0,0,0,0,0,1,0,0,0,0,0
1362,1417708,0,0,0,0,0,0,0,1,0,0,0,0,0
1363,1418750,0,0,0,0,0,0,0,1,0,0,0,0,0
1364,1419791,0,0,0,0,0,0,0,1,0,0,0,0,0
1365,1420833,0,0,0,0,0,0,0,1,0,0,0,0,0
1366,1421875,0,0,0,0,0,0,0,1,0,0,0,0,0
1367,1422916,0,0,0,0,0,0,0,1,0,0,0,0,0
1368,1423958,0,0,0,0,0,0,0,1,0,0,0,0,0
1369,1425000,0,0,0,0,0,0,0,1,0,0,0,0,0
1370,1426041,0,0,0,0,0,0,0,1,0,0,0,0,0
1371,1427083,0,0,0,0,0,0,0,1,0,0,0,0,0
1372,1428125,0,0,0,0,0,0,0,1,0,0,0,0,0
1373,1429166,0,0,0,0,0,0,0,1,0,0,0,0,0
1374,1430208,0,0,0,0,0,0,0,1,0,0,0,0,0
1375,1431250,0,0,0,0,0,0,0,1,0,0,0,0,0
1376,1432291,0,0,0,0,0,0,0,1,0,0,0,0,0
1377,1433333,0,0,0,0,0,0,0,1,0,0,0,0,0
1378,1434375,0,0,0,0,0,0,0,1,0,0,0,0,0
1379,1435416,0,0,0,0,0,0,0,1,0,0,0,0,0
1380,1436458,0,0,0,0,0,0,0,1,0,0,0,0,0
1381,1437500,0,0,0,0,0,0,0,1,0,0,0,0,0
1382,1438541,0,0,0,0,0,0,0,1,0,0,0,0,0
1383,1439583,0,0,0,0,0,0,0,1,0,0,0,0,0
1384,1440625,0,0,0,0,0,0,0,1,0,0,0,0,0
1385,1441666,0,0,0,0,0,0,0,1,0,0,0,0,0
1386,1442708,0,0,0,0,0,0,0,1,0,0,0,0,0
1387,1443750,0,0,0,0,0,0,0,1,0,0,0,0,0
1388,1444791,0,0,0,0,0,0,0,1,0,0,0,0,0
1389,1445833,0,0,0,0,0,0,0,1,0,0,0,0,0
1390,1446875,0,0,0,0,0,0,0,1,0,0,0,0,0
1391,1447916,0,0,0,0,0,0,0,1,0,0,0,0,0
1392,1448958,0,0,0,0,0,0,0,1,0,0,0,0,0
1393,1450000,0,0,0,0,0,0,0,1,0,0,0,0,0
1394,1451041,0,0,0,0,0,0,0,1,0,0,0,0,0
1395,1452083,0,0,0,0,0,0,0,1,0,0,0,0,0
1396,1453125,0,0,0,0,0,0,0,1,0,0,0,0,0
1397,1454166,0,0,0,0,0,0,0,1,0,0,0,0,0
1398,1455208,0,0,0,0,0,0,0,1,0,0,0,0,0
1399,1456250,0,0,0,0,0,0,0,1,0,0,0,0,0
1400,1457291,0,0,0,0,0,0,0,1,0,0,0,0,0
1401,1458333,0,0,0,0,0,0,0,1,0,0,0,0,0
1402,1459375,0,0,0,0,0,0,0,1,0,0,0,0,0
1403,1460416,0,0,0,0,0,0,0,1,0,0,0,0,0
1404,1461458,0,0,0,0,0,0,0,1,0,0,0,0,0
1405,1462500,0,0,0,0,0,0,0,1,0,0,0,0,0
1406,1463541,0,0,0,0,0,0,0,1,0,0,0,0,0
1407,1464583,0,0,0,0,0,0,0,1,0,0,0,0,0
1408,1465625,0,0,0,0,0,0,0,1,0,0,0,0,0
1409,1466666,0,0,0,0,0,0,0,1,0,0,0,0,0
1410,1467708,0,0,0,0,0,0,0,1,0,0,0,0,0
1411,1468750,0,0,0,0,0,0,0,1,0,0,0,0,0
1412,1469791,0,0,0,0,0,0,0,1,0,0,0,0,0
1413,1470833,0,0,0,0,0,0,0,1,0,0,0,0,0
1414,1471875,0,0,0,0,0,0,0,1,0,0,0,0,0
1415,1472916,0,0,0,0,0,0,0,1,0,0,0,0,0
1416,1473958,0,0,0,0,0,0,0,1,0,0,0,0,0
1417,1475000,0,0,0,0,0,0,0,1,0,0,0,0,0
1418,1476041,0,0,0,0,0,0,0,1,0,0,0,0,0
1419,1477083,0,0,0,0,0,0,0,1,0,0,0,0,0
1420,1478125,0,0,0,0,0,0,0,1,0,0,0,0,0
1421,1479166,0,0,0,0,0,0,0,1,0,0,0,0,0
1422,1480208,0,0,0,0,0,0,0,1,0,0,0,0,0
1423,1481250,0,0,0,0,0,0,0,1,0,0,0,0,0
1424,1482291,0,0,0,0,0,0,0,1,0,0,0,0,0
1425,1483333,0,0,0,0,0,0,0,1,0,0,0,0,0
1426,1484375,0,0,0,0,0,0,0,1,0,0,0,0,0
1427,1485416,0,0,0,0,0,0,0,1,0,0,0,0,0
1428,1486458,0,0,0,0,0,0,0,1,0,0,0,0,0
1429,1487500,0,0,0,0,0,0,0,1,0,0,0,0,0
1430,1488541,0,0,0,0,0,0,0,1,0,0,0,0,0
1431,1489583,0,0,0,0,0,0,0,1,0,0,0,0,0
1432,1490625,0,0,0,0,0,0,0,1,0,0,0,0,0
1433,1491666,0,0,0,0,0,0,0,1,0,0,0,0,0
1434,1492708,0,0,0,0,0,0,0,1,0,0,0,0,0
1435,1493750,0,0,0,0,0,0,0,1,0,0,0,0,0
1436,1494791,0,0,0,0,0,0,0,1,0,0,0,0,0
1437,1495833,0,0,0,0,0,0,0,1,0,0,0,0,0
1438,1496875,0,0,0,0,0,0,0,1,0,0,0,0,0
1439,1497916,0,0,0,0,0,0,0,1,0,0,0,0,0
1440,1498958,0,0,0,0,0,0,0,1,0,0,0,0,0
1441,1500000,0,0,0,0,0,0,0,1,0,0,0,0,0
1442,1501041,0,0,0,0,0,0,0,1,0,0,0,0,0
1443,1502083,0,0,0,0,0,0,0,1,0,0,0,0,0
1444,1503125,0,0,0,0,0,0,0,1,0,0,0,0,0
1445,1504166,0,0,0,0,0,0,0,1,0,0,0,0,0
1446,1505208,0,0,0,0,0,0,0,1,0,0,0,0,0
1447,1506250,0,0,0,0,0,0,0,1,0,0,0,0,0
1448,1507291,0,0,0,0,0,0,0,1,0,0,0,0,0
1449,1508333,0,0,0,0,0,0,0,1,0,0,0,0,0
1450,1509375,0,0,0,0,0,0,0,1,0,0,0,0,0
1451,1510416,0,0,0,0,0,0,0,1,0,0,0,0,0
1452,1511458,0,0,0,0,0,0,0,1,0,0,0,0,0
1453,1512500,0,0,0,0,0,0,0,1,0,0,0,0,0
1454,1513541,0,0,0,0,0,0,0,1,0,0,0,0,0
1455,1514583,0,0,0,0,0,0,0,1,0,0,0,0,0
1456,1515625,0,0,0,0,0,0,0,1,0,0,0,0,0
1457,1516666,0,0,0,0,0,0,0,1,0,0,0,0,0
1458,1517708,0,0,0,0,0,0,0,1,0,0,0,0,0
1459,1518750,0,0,0,0,0,0,0,1,0,0,0,0,0
1460,1519791,0,0,0,0,0,0,0,1,0,0,0,0,0
1461,1520833,0,0,0,0,0,0,0,1,0,0,0,0,0
1462,1521875,0,0,0,0,0,0,0,1,0,0,0,0,0
1463,1522916,0,0,0,0,0,0,0,1,0,0,0,0,0
1464,1523958,0,0,0,0,0,0,0,1,0,0,0,0,0
1465,1525000,0,0,0,0,0,0,0,1,0,0,0,0,0
1466,1526041,0,0,0,0,0,0,0,1,0,0,0,0,0
1467,1527083,0,0,0,0,0,0,0,1,0,0,0,0,0
1468,1528125,0,0,0,0,0,0,0,1,0,0,0,0,0
1469,1529166,0,0,0,0,0,0,0,1,0,0,0,0,0
1470,1530208,0,0,0,0,0,0,0,1,0,0,0,0,0
1471,1531250,0,0,0,0,0,0,0,1,0,0,0,0,0
1472,1532291,0,0,0,0,0,0,0,1,0,0,0,0,0
1473,1533333,0,0,0,0,0,0,0,1,0,0,0,0,0
1474,1534375,0,0,0,0,0,0,0,1,0,0,0,0,0
1475,1535416,0,0,0,0,0,0,0,1,0,0,0,0,0
1476,1536458,0,0,0,0,0,0,0,1,0,0,0,0,0
1477,1537500,0,0,0,0,0,0,0,1,0,0,0,0,0
1478,1538541,0,0,0,0,0,0,0,1,0,0,0,0,0
1479,1539583,0,0,0,0,0,0,0,1,0,0,0,0,0
1480,1540625,0,0,0,0,0,0,0,1,0,0,0,0,0
1481,1541666,0,0,0,0,0,0,0,1,0,0,0,0,0
1482,1542708,0,0,0,0,0,0,0,1,0,0,0,0,0
1483,1543750,0,0,0,0,0,0,0,1,0,0,0,0,0
1484,1544791,0,0,0,0,0,0,0,1,0,0,0,0,0
1485,1545833,0,0,0,0,0,0,0,1,0,0,0,0,0
1486,1546875,0,0,0,0,0,0,0,1,0,0,0,0,0
1487,1547916,0,0,0,0,0,0,0,1,0,0,0,0,0
1488,1548958,0,0,0,0,0,0,0,1,0,0,0,0,0
1489,1550000,0,0,0,0,0,0,0,1,0,0,0,0,0
1490,1551041,0,0,0,0,0,0,0,1,0,0,0,0,0
1491,1552083,0,0,0,0,0,0,0,1,0,0,0,0,0
1492,1553125,0,0,0,0,0,0,0,1,0,0,0,0,0
1493,1554166,0,0,0,0,0,0,0,1,0,0,0,0,0
1494,1555208,0,0,0,0,0,0,0,1,0,0,0,0,0
1495,1556250,0,0,0,0,0,0,0,1,0,0,0,0,0
1496,1557291,0,0,0,0,0,0,0,1,0,0,0,0,0
1497,1558333,0,0,0,0,0,0,0,1,0,0,0,0,0
1498,1559375,0,0,0,0,0,0,0,1,0,0,0,0,0
1499,1560416,0,0,0,0,0,0,0,1,0,0,0,0,0
1500,1561458,0,0,0,0,0,0,0,1,0,0,0,0,0
1501,1562500,0,0,0,0,0,0,0,1,0,0,0,0,0
1502,1563541,0,0,0,0,0,0,0,1,0,0,0,0,0
1503,1564583,0,0,0,0,0,0,0,1,0,0,0,0,0
1504,1565625,0,0,0,0,0,0,0,1,0,0,0,0,0
1505,1566666,0,0,0,0,0,0,0,1,0,0,0,0,0
1506,1567708,0,0,0,0,0,0,0,1,0,0,0,0,0
1507,1568750,0,0,0,0,0,0,0,1,0,0,0,0,0
1508,1569791,0,0,0,0,0,0,0,1,0,0,0,0,0
1509,1570833,0,0,0,0,0,0,0,1,0,0,0,0,0
1510,1571875,0,0,0,0,0,0,0,1,0,0,0,0,0
1511,1572916,0,0,0,0,0,0,0,1,0,0,0,0,0
1512,1573958,0,0,0,0,0,0,0,1,0,0,0,0,0
1513,1575000,0,0,0,0,0,0,0,1,0,0,0,0,0
1514,1576041,0,0,0,0,0,0,0,1,0,0,0,0,0
1515,1577083,0,0,0,0,0,0,0,1,0,0,0,0,0
1516,1578125,0,0,0,0,0,0,0,1,0,0,0,0,0
1517,1579166,0,0,0,0,0,0,0,1,0,0,0,0,0
1518,1580208,0,0,0,0,0,0,0,1,0,0,0,0,0
1519,1581250,0,0,0,0,0,0,0,1,0,0,0,0,0
1520,1582291,0,0,0,0,0,0,0,1,0,0,0,0,0
1521,1583333,0,0,0,0,0,0,0,1,0,0,0,0,0
1522,1584375,0,0,0,0,0,0,0,1,0,0,0,0,0
1523,1585416,0,0,0,0,0,0,0,1,0,0,0,0,0
1524,1586458,0,0,0,0,0,0,0,1,0,0,0,0,0
1525,1587500,0,0,0,0,0,0,0,1,0,0,0,0,0
1526,1588541,0,0,0,0,0,0,0,1,0,0,0,0,0
1527,1589583,0,0,0,0,0,0,0,1,0,0,0,0,0
1528,1590625,0,0,0,0,0,0,0,1,0,0,0,0,0
1529,1591666,0,0,0,0,0,0,0,1,0,0,0,0,0
1530,1592708,0,0,0,0,0,0,0,1,0,0,0,0,0
1531,1593750,0,0,0,0,0,0,0,1,0,0,0,0,0
1532,1594791,0,0,0,0,0,0,0,1,0,0,0,0,0
1533,1595833,0,0,0,0,0,0,0,1,0,0,0,0,0
1534,1596875,0,0,0,0,0,0,0,1,0,0,0,0,0
1535,1597916,0,0,0,0,0,0,0,1,0,0,0,0,0
1536,1598958,0,0,0,0,0,0,0,1,0,0,0,0,0
1537,1600000,0,0,0,0,0,0,0,1,0,0,0,0,0
1538,1601041,0,0,0,0,0,0,0,1,0,0,0,0,0
1539,1602083,0,0,0,0,0,0,0,1,0,0,0,0,0
1540,1603125,0,0,0,0,0,0,0,1,0,0,0,0,0
1541,1604166,0,0,0,0,0,0,0,1,0,0,0,0,0
1542,1605208,0,0,0,0,0,0,0,1,0,0,0,0,0
1543,1606250,0,0,0,0,0,0,0,1,0,0,0,0,0
1544,1607291,0,0,0,0,0,0,0,1,0,0,0,0,0
1545,1608333,0,0,0,0,0,0,0,1,0,0,0,0,0
1546,1609375,0,0,0,0,0,0,0,1,0,0,0,0,0
1547,1610416,0,0,0,0,0,0,0,1,0,0,0,0,0
1548,1611458,0,0,0,0,0,0,0,1,0,0,0,0,0
1549,1612500,0,0,0,0,0,0,0,1,0,0,0,0,0
1550,1613541,0,0,0,0,0,0,0,1,0,0,0,0,0
1551,1614583,0,0,0,0,0,0,0,1,0,0,0,0,0
1552,1615625,0,0,0,0,0,0,0,1,0,0,0,0,0
1553,1616666,0,0,0,0,0,0,0,1,0,0,0,0,0
1554,1617708,0,0,0,0,0,0,0,1,0,0,0,0,0
1555,1618750,0,0,0,0,0,0,0,1,0,0,0,0,0
1556,1619791,0,0,0,0,0,0,0,1,0,0,0,0,0
1557,1620833,0,0,0,0,0,0,0,1,0,0,0,0,0
1558,1621875,0,0,0,0,0,0,0,1,0,0,0,0,0
1559,1622916,0,0,0,0,0,0,0,1,0,0,0,0,0
1560,1623958,0,0,0,0,0,0,0,1,0,0,0,0,0
1561,1625000,0,0,0,0,0,0,0,1,0,0,0,0,0
1562,1626041,0,0,0,0,0,0,0,1,0,0,0,0,0
1563,1627083,0,0,0,0,0,0,0,1,0,0,0,0,0
1564,1628125,0,0,0,0,0,0,0,1,0,0,0,0,0
1565,1629166,0,0,0,0,0,0,0,1,0,0,0,0,0
1566,1630208,0,0,0,0,0,0,0,1,0,0,0,0,0
1567,1631250,0,0,0,0,0,0,0,1,0,0,0,0,0
1568,1632291,0,0,0,0,0,0,0,1,0,0,0,0,0
1569,1633333,0,0,0,0,0,0,0,1,0,0,0,0,0
1570,1634375,0,0,0,0,0,0,0,1,0,0,0,0,0
1571,1635416,0,0,0,0,0,0,0,1,0,0,0,0,0
1572,1636458,0,0,0,0,0,0,0,1,0,0,0,0,0
1573,1637500,0,0,0,0,0,0,0,1,0,0,0,0,0
1574,1638541,0,0,0,0,0,0,0,1,0,0,0,0,0
1575,1639583,0,0,0,0,0,0,0,1,0,0,0,0,0
1576,1640625,0,0,0,0,0,0,0,1,0,0,0,0,0
1577,1641666,0,0,0,0,0,0,0,1,0,0,0,0,0
1578,1642708,0,0,0,0,0,0,0,1,0,0,0,0,0
1579,1643750,0,0,0,0,0,0,0,1,0,0,0,0,0
1580,1644791,0,0,0,0,0,0,0,1,0,0,0,0,0
1581,1645833,0,0,0,0,0,0,0,1,0,0,0,0,0
1582,1646875,0,0,0,0,0,0,0,1,0,0,0,0,0
1583,1647916,0,0,0,0,0,0,0,1,0,0,0,0,0
1584,1648958,0,0,0,0,0,0,0,1,0,0,0,0,0
1585,1650000,0,0,0,0,0,0,0,1,0,0,0,0,0
1586,1651041,0,0,0,0,0,0,0,1,0,0,0,0,0
1587,1652083,0,0,0,0,0,0,0,1,0,0,0,0,0
1588,1653125,0,0,0,0,0,0,0,1,0,0,0,0,0
1589,1654166,0,0,0,0,0,0,0,1,0,0,0,0,0
1590,1655208,0,0,0,0,0,0,0,1,0,0,0,0,0
1591,1656250,0,0,0,0,0,0,0,1,0,0,0,0,0
1592,1657291,0,0,0,0,0,0,0,1,0,0,0,0,0
1593,1658333,0,0,0,0,0,0,0,1,0,0,0,0,0
1594,1659375,0,0,0,0,0,0,0,1,0,0,0,0,0
1595,1660416,0,0,0,0,0,0,0,1,0,0,0,0,0
1596,1661458,0,0,0,0,0,0,0,1,0,0,0,0,0
1597,1662500,0,0,0,0,0,0,0,1,0,0,0,0,0
1598,1663541,0,0,0,0,0,0,0,1,0,0,0,0,0
1599,1664583,0,0,0,0,0,0,0,1,0,0,0,0,0
1600,1665625,0,0,0,0,0,0,0,1,0,0,0,0,0
1601,1666666,0,0,0,0,0,0,0,1,0,0,0,0,0
1602,1667708,0,0,0,0,0,0,0,1,0,0,0,0,0
1603,1668750,0,0,0,0,0,0,0,1,0,0,0,0,0
1604,1669791,0,0,0,0,0,0,0,1,0,0,0,0,0
1605,1670833,0,0,0,0,0,0,0,1,0,0,0,0,0
1606,1671875,0,0,0,0,0,0,0,1,0,0,0,0,0
1607,1672916,0,0,0,0,0,0,0,1,0,0,0,0,0
1608,1673958,0,0,0,0,0,0,0,1,0,0,0,0,0
1609,1675000,0,0,0,0,0,0,0,1,0,0,0,0,0
1610,1676041,0,0,0,0,0,0,0,1,0,0,0,0,0
1611,1677083,0,0,0,0,0,0,0,1,0,0,0,0,0
1612,1678125,0,0,0,0,0,0,0,1,0,0,0,0,0
1613,1679166,0,0,0,0,0,0,0,1,0,0,0,0,0
1614,1680208,0,0,0,0,0,0,0,1,0,0,0,0,0
1615,1681250,0,0,0,0,0,0,0,1,0,0,0,0,0
1616,1682291,0,0,0,0,0,0,0,1,0,0,0,0,0
1617,1683333,0,0,0,0,0,0,0,1,0,0,0,0,0
1618,1684375,0,0,0,0,0,0,0,1,0,0,0,0,0
1619,1685416,0,0,0,0,0,0,0,1,0,0,0,0,0
1620,1686458,0,0,0,0,0,0,0,1,0,0,0,0,0
1621,1687500,0,0,0,0,0,0,0,1,0,0,0,0,0
1622,1688541,0,0,0,0,0,0,0,1,0,0,0,0,0
1623,1689583,0,0,0,0,0,0,0,1,0,0,0,0,0
1624,1690625,0,0,0,0,0,0,0,1,0,0,0,0,0
1625,1691666,0,0,0,0,0,0,0,1,0,0,0,0,0
1626,1692708,0,0,0,0,0,0,0,1,0,0,0,0,0
1627,1693750,0,0,0,0,0,0,0,1,0,0,0,0,0
1628,1694791,0,0,0,0,0,0,0,1,0,0,0,0,0
1629,1695833,0,0,0,0,0,0,0,1,0,0,0,0,0
1630,1696875,0,0,0,0,0,0,0,1,0,0,0,0,0
1631,1697916,0,0,0,0,0,0,0,1,0,0,0,0,0
1632,1698958,0,0,0,0,0,0,0,1,0,0,0,0,0
1633,1700000,0,0,0,0,0,0,0,1,0,0,0,0,0
1634,1701041,0,0,0,0,0,0,0,1,0,0,0,0,0
1635,1702083,0,0,0,0,0,0,0,1,0,0,0,0,0
1636,1703125,0,0,0,0,0,0,0,1,0,0,0,0,0
1637,1704166,0,0,0,0,0,0,0,1,0,0,0,0,0
1638,1705208,0,0,0,0,0,0,0,1,0,0,0,0,0
1639,1706250,0,0,0,0,0,0,0,1,0,0,0,0,0
1640,1707291,0,0,0,0,0,0,0,1,0,0,0,0,0
1641,1708333,0,0,0,0,0,0,0,1,0,0,0,0,0
1642,1709375,0,0,0,0,0,0,0,1,0,0,0,0,0
1643,1710416,0,0,0,0,0,0,0,1,0,0,0,0,0
1644,1711458,0,0,0,0,0,0,0,1,0,0,0,0,0
1645,1712500,0,0,0,0,0,0,0,1,0,0,0,0,0
1646,1713541,0,0,0,0,0,0,0,1,0,0,0,0,0
1647,1714583,0,0,0,0,0,0,0,1,0,0,0,0,0
1648,1715625,0,0,0,0,0,0,0,1,0,0,0,0,0
1649,1716666,0,0,0,0,0,0,0,1,0,0,0,0,0
1650,1717708,0,0,0,0,0,0,0,1,0,0,0,0,0
1651,1718750,0,0,0,0,0,0,0,1,0,0,0,0,0
1652,1719791,0,0,0,0,0,0,0,1,0,0,0,0,0
1653,1720833,0,0,0,0,0,0,0,1,0,0,0,0,0
1654,1721875,0,0,0,0,0,0,0,1,0,0,0,0,0
1655,1722916,0,0,0,0,0,0,0,1,0,0,0,0,0
1656,1723958,0,0,0,0,0,0,0,1,0,0,0,0,0
1657,1725000,0,0,0,0,0,0,0,1,0,0,0,0,0
1658,1726041,0,0,0,0,0,0,0,1,0,0,0,0,0
1659,1727083,0,0,0,0,0,0,0,1,0,0,0,0,0
1660,1728125,0,0,0,0,0,0,0,1,0,0,0,0,0
1661,1729166,0,0,0,0,0,0,0,1,0,0,0,0,0
1662,1730208,0,0,0,0,0,0,0,1,0,0,0,0,0
1663,1731250,0,0,0,0,0,0,0,1,0,0,0,0,0
1664,1732291,0,0,0,0,0,0,0,1,0,0,0,0,0
1665,1733333,0,0,0,0,0,0,0,1,0,0,0,0,0
1666,1734375,0,0,0,0,0,0,0,1,0,0,0,0,0
1667,1735416,0,0,0,0,0,0,0,1,0,0,0,0,0
1668,1736458,0,0,0,0,0,0,0,1,0,0,0,0,0
1669,1737500,0,0,0,0,0,0,0,1,0,0,0,0,0
1670,1738541,0,0,0,0,0,0,0,1,0,0,0,0,0
1671,1739583,0,0,0,0,0,0,0,1,0,0,0,0,0
1672,1740625,0,0,0,0,0,0,0,1,0,0,0,0,0
1673,1741666,0,0,0,0,0,0,0,1,0,0,0,0,0
1674,1742708,0,0,0,0,0,0,0,1,0,0,0,0,0
1675,1743750,0,0,0,0,0,0,0,1,0,0,0,0,0
1676,1744791,0,0,0,0,0,0,0,1,0,0,0,0,0
1677,1745833,0,0,0,0,0,0,0,1,0,0,0,0,0
1678,1746875,0,0,0,0,0,0,0,1,0,0,0,0,0
1679,1747916,0,0,0,0,0,0,0,1,0,0,0,0,0
1680,1748958,0,0,0,0,0,0,0,1,0,0,0,0,0
1681,1750000,0,0,0,0,0,0,0,1,0,0,0,0,0
1682,1751041,0,0,0,0,0,0,0,1,0,0,0,0,0
1683,1752083,0,0,0,0,0,0,0,1,0,0,0,0,0
1684,1753125,0,0,0,0,0,0,0,1,0,0,0,0,0
1685,1754166,0,0,0,0,0,0,0,1,0,0,0,0,0
1686,1755208,0,0,0,0,0,0,0,1,0,0,0,0,0
1687,1756250,0,0,0,0,0,0,0,1,0,0,0,0,0
1688,1757291,0,0,0,0,0,0,0,1,0,0,0,0,0
1689,1758333,0,0,0,0,0,0,0,1,0,0,0,0,0
1690,1759375,0,0,0,0,0,0,0,1,0,0,0,0,0
1691,1760416,0,0,0,0,0,0,0,1,0,0,0,0,0
1692,1761458,0,0,0,0,0,0,0,1,0,0,0,0,0
1693,1762500,0,0,0,0,0,0,0,1,0,0,0,0,0
1694,1763541,0,0,0,0,0,0,0,1,0,0,0,0,0
1695,1764583,0,0,0,0,0,0,0,1,0,0,0,0,0
1696,1765625,0,0,0,0,0,0,0,1,0,0,0,0,0
1697,1766666,0,0,0,0,0,0,0,1,0,0,0,0,0
1698,1767708,0,0,0,0,0,0,0,1,0,0,0,0,0
1699,1768750,0,0,0,0,0,0,0,1,0,0,0,0,0
1700,1769791,0,0,0,0,0,0,0,1,0,0,0,0,0
1701,1770833,0,0,0,0,0,0,0,1,0,0,0,0,0
1702,1771875,0,0,0,0,0,0,0,1,0,0,0,0,0
1703,1772916,0,0,0,0,0,0,0,1,0,0,0,0,0
1704,1773958,0,0,0,0,0,0,0,1,0,0,0,0,0
1705,1775000,0,0,0,0,0,0,0,1,0,0,0,0,0
1706,1776041,0,0,0,0,0,0,0,1,0,0,0,0,0
1707,1777083,0,0,0,0,0,0,0,1,0,0,0,0,0
1708,1778125,0,0,0,0,0,0,0,1,0,0,0,0,0
1709,1779166,0,0,0,0,0,0,0,1,0,0,0,0,0
1710,1780208,0,0,0,0,0,0,0,1,0,0,0,0,0
1711,1781250,0,0,0,0,0,0,0,1,0,0,0,0,0
1712,1782291,0,0,0,0,0,0,0,1,0,0,0,0,0
1713,1783333,0,0,0,0,0,0,0,1,0,0,0,0,0
1714,1784375,0,0,0,0,0,0,0,1,0,0,0,0,0
1715,1785416,0,0,0,0,0,0,0,1,0,0,0,0,0
1716,1786458,0,0,0,0,0,0,0,1,0,0,0,0,0
1717,1787500,0,0,0,0,0,0,0,1,0,0,0,0,0
1718,1788541,0,0,0,0,0,0,0,1,0,0,0,0,0
1719,1789583,0,0,0,0,0,0,0,1,0,0,0,0,0
1720,1790625,0,0,0,0,0,0,0,1,0,0,0,0,0
1721,1791666,0,0,0,0,0,0,0,1,0,0,0,0,0
1722,1792708,0,0,0,0,0,0,0,1,0,0,0,0,0
1723,1793750,0,0,0,0,0,0,0,1,0,0,0,0,0
1724,1794791,0,0,0,0,0,0,0,1,0,0,0,0,0
1725,1795833,0,0,0,0,0,0,0,1,0,0,0,0,0
1726,1796875,0,0,0,0,0,0,0,1,0,0,0,0,0
1727,1797916,0,0,0,0,0,0,0,1,0,0,0,0,0
1728,1798958,0,0,0,0,0,0,0,1,0,0,0,0,0
1729,1800000,0,0,0,0,0,0,0,1,0,0,0,0,0
1730,1801041,0,0,0,0,0,0,0,1,0,0,0,0,0
1731,1802083,0,0,0,0,0,0,0,1,0,0,0,0,0
1732,1803125,0,0,0,0,0,0,0,1,0,0,0,0,0
1733,1804166,0,0,0,0,0,0,0,1,0,0,0,0,0
1734,1805208,0,0,0,0,0,0,0,1,0,0,0,0,0
1735,1806250,0,0,0,0,0,0,0,1,0,0,0,0,0
1736,1807291,0,0,0,0,0,0,0,1,0,0,0,0,0
1737,1808333,0,0,0,0,0,0,0,1,0,0,0,0,0
1738,1809375,0,0,0,0,0,0,0,1,0,0,0,0,0
1739,1810416,0,0,0,0,0,0,0,1,0,0,0,0,0
1740,1811458,0,0,0,0,0,0,0,1,0,0,0,0,0
1741,1812500,0,0,0,0,0,0,0,1,0,0,0,0,0
1742,1813541,0,0,0,0,0,0,0,1,0,0,0,0,0
1743,1814583,0,0,0,0,0,0,0,1,0,0,0,0,0
1744,1815625,0,0,0,0,0,0,0,1,0,0,0,0,0
1745,1816666,0,0,0,0,0,0,0,1,0,0,0,0,0
1746,1817708,0,0,0,0,0,0,0,1,0,0,0,0,0
1747,1818750,0,0,0,0,0,0,0,1,0,0,0,0,0
1748,1819791,0,0,0,0,0,0,0,1,0,0,0,0,0
1749,1820833,0,0,0,0,0,0,0,1,0,0,0,0,0
1750,1821875,0,0,0,0,0,0,0,1,0,0,0,0,0
1751,1822916,0,0,0,0,0,0,0,1,0,0,0,0,0
1752,1823958,0,0,0,0,0,0,0,1,0,0,0,0,0
1753,1825000,0,0,0,0,0,0,0,1,0,0,0,0,0
1754,1826041,0,0,0,0,0,0,0,1,0,0,0,0,0
1755,1827083,0,0,0,0,0,0,0,1,0,0,0,0,0
1756,1828125,0,0,0,0,0,0,0,1,0,0,0,0,0
1757,1829166,0,0,0,0,0,0,0,1,0,0,0,0,0
1758,1830208,0,0,0,0,0,0,0,1,0,0,0,0,0
1759,1831250,0,0,0,0,0,0,0,1,0,0,0,0,0
1760,1832291,0,0,0,0,0,0,0,1,0,0,0,0,0
1761,1833333,0,0,0,0,0,0,0,1,0,0,0,0,0
1762,1834375,0,0,0,0,0,0,0,1,0,0,0,0,0
1763,1835416,0,0,0,0,0,0,0,1,0,0,0,0,0
1764,1836458,0,0,0,0,0,0,0,1,0,0,0,0,0
1765,1837500,0,0,0,0,0,0,0,1,0,0,0,0,0
1766,1838541,0,0,0,0,0,0,0,1,0,0,0,0,0
1767,1839583,0,0,0,0,0,0,0,1,0,0,0,0,0
1768,1840625,0,0,0,0,0,0,0,1,0,0,0,0,0
1769,1841666,0,0,0,0,0,0,0,1,0,0,0,0,0
1770,1842708,0,0,0,0,0,0,0,1,0,0,0,0,0
1771,1843750,0,0,0,0,0,0,0,1,0,0,0,0,0
1772,1844791,0,0,0,0,0,0,0,1,0,0,0,0,0
1773,1845833,0,0,0,0,0,0,0,1,0,0,0,0,0
1774,1846875,0,0,0,0,0,0,0,1,0,0,0,0,0
1775,1847916,0,0,0,0,0,0,0,1,0,0,0,0,0
1776,1848958,0,0,0,0,0,0,0,1,0,0,0,0,0
1777,1850000,0,0,0,0,0,0,0,1,0,0,0,0,0
1778,1851041,0,0,0,0,0,0,0,1,0,0,0,0,0
1779,1852083,0,0,0,0,0,0,0,1,0,0,0,0,0
1780,1853125,0,0,0,0,0,0,0,1,0,0,0,0,0
1781,1854166,0,0,0,0,0,0,0,1,0,0,0,0,0
1782,1855208,0,0,0,0,0,0,0,1,0,0,0,0,0
1783,1856250,0,0,0,0,0,0,0,1,0,0,0,0,0
1784,1857291,0,0,0,0,0,0,0,1,0,0,0,0,0
1785,1858333,0,0,0,0,0,0,0,1,0,0,0,0,0
1786,1859375,0,0,0,0,0,0,0,1,0,0,0,0,0
1787,1860416,0,0,0,0,0,0,0,1,0,0,0,0,0
1788,1861458,0,0,0,0,0,0,0,1,0,0,0,0,0
1789,1862500,0,0,0,0,0,0,0,1,0,0,0,0,0
1790,1863541,0,0,0,0,0,0,0,1,0,0,0,0,0
1791,1864583,0,0,0,0,0,0,0,1,0,0,0,0,0
1792,1865625,0,0,0,0,0,0,0,1,0,0,0,0,0
1793,1866666,0,0,0,0,0,0,0,1,0,0,0,0,0
1794,1867708,0,0,0,0,0,0,0,1,0,0,0,0,0
1795,1868750,0,0,0,0,0,0,0,1,0,0,0,0,0
1796,1869791,0,0,0,0,0,0,0,1,0,0,0,0,0
1797,1870833,0,0,0,0,0,0,0,1,0,0,0,0,0
1798,1871875,0,0,0,0,0,0,0,1,0,0,0,0,0
1799,1872916,0,0,0,0,0,0,0,1,0,0,0,0,0
1800,1873958,0,0,0,0,0,0,0,1,0,0,0,0,0
1801,1875000,0,0,0,0,0,0,0,1,0,0,0,0,0
1802,1876041,0,0,0,0,0,0,0,1,0,0,0,0,0
1803,1877083,0,0,0,0,0,0,0,1,0,0,0,0,0
1804,1878125,0,0,0,0,0,0,0,1,0,0,0,0,0
1805,1879166,0,0,0,0,0,0,0,1,0,0,0,0,0
1806,1880208,0,0,0,0,0,0,0,1,0,0,0,0,0
1807,1881250,0,0,0,0,0,0,0,1,0,0,0,0,0
1808,1882291,0,0,0,0,0,0,0,1,0,0,0,0,0
1809,1883333,0,0,0,0,0,0,0,1,0,0,0,0,0
1810,1884375,0,0,0,0,0,0,0,1,0,0,0,0,0
1811,1885416,0,0,0,0,0,0,0,1,0,0,0,0,0
1812,1886458,0,0,0,0,0,0,0,1,0,0,0,0,0
1813,1887500,0,0,0,0,0,0,0,1,0,0,0,0,0
1814,1888541,0,0,0,0,0,0,0,1,0,0,0,0,0
1815,1889583,0,0,0,0,0,0,0,1,0,0,0,0,0
1816,1890625,0,0,0,0,0,0,0,1,0,0,0,0,0
1817,1891666,0,0,0,0,0,0,0,1,0,0,0,0,0
1818,1892708,0,0,0,0,0,0,0,1,0,0,0,0,0
1819,1893750,0,0,0,0,0,0,0,1,0,0,0,0,0
1820,1894791,0,0,0,0,0,0,0,1,0,0,0,0,0
1821,1895833,0,0,0,0,0,0,0,1,0,0,0,0,0
1822,1896875,0,0,0,0,0,0,0,1,0,0,0,0,0
1823,1897916,0,0,0,0,0,0,0,1,0,0,0,0,0
1824,1898958,0,0,0,0,0,0,0,1,0,0,0,0,0
1825,1900000,0,0,0,0,0,0,0,1,0,0,0,0,0
1826,1901041,0,0,0,0,0,0,0,1,0,0,0,0,0
1827,1902083,0,0,0,0,0,0,0,1,0,0,0,0,0
1828,1903125,0,0,0,0,0,0,0,1,0,0,0,0,0
1829,1904166,0,0,0,0,0,0,0,1,0,0,0,0,0
1830,1905208,0,0,0,0,0,0,0,1,0,0,0,0,0
1831,1906250,0,0,0,0,0,0,0,1,0,0,0,0,0
1832,1907291,0,0,0,0,0,0,0,1,0,0,0,0,0
1833,1908333,0,0,0,0,0,0,0,1,0,0,0,0,0
1834,1909375,0,0,0,0,0,0,0,1,0,0,0,0,0
1835,1910416,0,0,0,0,0,0,0,1,0,0,0,0,0
1836,1911458,0,0,0,0,0,0,0,1,0,0,0,0,0
1837,1912500,0,0,0,0,0,0,0,1,0,0,0,0,0
1838,1913541,0,0,0,0,0,0,0,1,0,0,0,0,0
1839,1914583,0,0,0,0,0,0,0,1,0,0,0,0,0
1840,1915625,0,0,0,0,0,0,0,1,0,0,0,0,0
1841,1916666,0,0,0,0,0,0,0,1,0,0,0,0,0
1842,1917708,0,0,0,0,0,0,0,1,0,0,0,0,0
1843,1918750,0,0,0,0,0,0,0,1,0,0,0,0,0
1844,1919791,0,0,0,0,0,0,0,1,0,0,0,0,0
1845,1920833,0,0,0,0,0,0,0,1,0,0,0,0,0
1846,1921875,0,0,0,0,0,0,0,1,0,0,0,0,0
1847,1922916,0,0,0,0,0,0,0,1,0,0,0,0,0
1848,1923958,0,0,0,0,0,0,0,1,0,0,0,0,0
1849,1925000,0,0,0,0,0,0,0,1,0,0,0,0,0
1850,1926041,0,0,0,0,0,0,0,1,0,0,0,0,0
1851,1927083,0,0,0,0,0,0,0,1,0,0,0,0,0
1852,1928125,0,0,0,0,0,0,0,1,0,0,0,0,0
1853,1929166,0,0,0,0,0,0,0,1,0,0,0,0,0
1854,1930208,0,0,0,0,0,0,0,1,0,0,0,0,0
1855,1931250,0,0,0,0,0,0,0,1,0,0,0,0,0
1856,1932291,0,0,0,0,0,0,0,1,0,0,0,0,0
1857,1933333,0,0,0,0,0,0,0,1,0,0,0,0,0
1858,1934375,0,0,0,0,0,0,0,1,0,0,0,0,0
1859,1935416,0,0,0,0,0,0,0,1,0,0,0,0,0
1860,1936458,0,0,0,0,0,0,0,1,0,0,0,0,0
1861,1937500,0,0,0,0,0,0,0,1,0,0,0,0,0
1862,1938541,0,0,0,0,0,0,0,1,0,0,0,0,0
1863,1939583,0,0,0,0,0,0,0,1,0,0,0,0,0
1864,1940625,0,0,0,0,0,0,0,1,0,0,0,0,0
1865,1941666,0,0,0,0,0,0,0,1,0,0,0,0,0
1866,1942708,0,0,0,0,0,0,0,1,0,0,0,0,0
1867,1943750,0,0,0,0,0,0,0,1,0,0,0,0,0
1868,1944791,0,0,0,0,0,0,0,1,0,0,0,0,0
1869,1945833,0,0,0,0,0,0,0,1,0,0,0,0,0
1870,1946875,0,0,0,0,0,0,0,1,0,0,0,0,0
1871,1947916,0,0,0,0,0,0,0,1,0,0,0,0,0
1872,1948958,0,0,0,0,0,0,0,1,0,0,0,0,0
1873,1950000,0,0,0,0,0,0,0,1,0,0,0,0,0
1874,1951041,0,0,0,0,0,0,0,1,0,0,0,0,0
1875,1952083,0,0,0,0,0,0,0,1,0,0,0,0,0
1876,1953125,0,0,0,0,0,0,0,1,0,0,0,0,0
1877,1954166,0,0,0,0,0,0,0,1,0,0,0,0,0
1878,1955208,0,0,0,0,0,0,0,1,0,0,0,0,0
1879,1956250,0,0,0,0,0,0,0,1,0,0,0,0,0
1880,1957291,0,0,0,0,0,0,0,1,0,0,0,0,0
1881,1958333,0,0,0,0,0,0,0,1,0,0,0,0,0
1882,1959375,0,0,0,0,0,0,0,1,0,0,0,0,0
1883,1960416,0,0,0,0,0,0,0,1,0,0,0,0,0
1884,1961458,0,0,0,0,0,0,0,1,0,0,0,0,0
1885,1962500,0,0,0,0,0,0,0,1,0,0,0,0,0
1886,1963541,0,0,0,0,0,0,0,1,0,0,0,0,0
1887,1964583,0,0,0,0,0,0,0,1,0,0,0,0,0
1888,1965625,0,0,0,0,0,0,0,1,0,0,0,0,0
1889,1966666,0,0,0,0,0,0,0,1,0,0,0,0,0
1890,1967708,0,0,0,0,0,0,0,1,0,0,0,0,0
1891,1968750,0,0,0,0,0,0,0,1,0,0,0,0,0
1892,1969791,0,0,0,0,0,0,0,1,0,0,0,0,0
1893,1970833,0,0,0,0,0,0,0,1,0,0,0,0,0
1894,1971875,0,0,0,0,0,0,0,1,0,0,0,0,0
1895,1972916,0,0,0,0,0,0,0,1,0,0,0,0,0
1896,1973958,0,0,0,0,0,0,0,1,0,0,0,0,0
1897,1975000,0,0,0,0,0,0,0,1,0,0,0,0,0
1898,1976041,0,0,0,0,0,0,0,1,0,0,0,0,0
1899,1977083,0,0,0,0,0,0,0,1,0,0,0,0,0
1900,1978125,0,0,0,0,0,0,0,1,0,0,0,0,0
1901,1979166,0,0,0,0,0,0,0,1,0,0,0,0,0
1902,1980208,0,0,0,0,0,0,0,1,0,0,0,0,0
1903,1981250,0,0,0,0,0,0,0,1,0,0,0,0,0
1904,1982291,0,0,0,0,0,0,0,1,0,0,0,0,0
1905,1983333,0,0,0,0,0,0,0,1,0,0,0,0,0
1906,1984375,0,0,0,0,0,0,0,1,0,0,0,0,0
1907,1985416,0,0,0,0,0,0,0,1,0,0,0,0,0
1908,1986458,0,0,0,0,0,0,0,1,0,0,0,0,0
1909,1987500,0,0,0,0,0,0,0,1,0,0,0,0,0
1910,1988541,0,0,0,0,0,0,0,1,0,0,0,0,0
1911,1989583,0,0,0,0,0,0,0,1,0,0,0,0,0
1912,1990625,0,0,0,0,0,0,0,1,0,0,0,0,0
1913,1991666,0,0,0,0,0,0,0,1,0,0,0,0,0
1914,1992708,0,0,0,0,0,0,0,1,0,0,0,0,0
1915,1993750,0,0,0,0,0,0,0,1,0,0,0,0,0
1916,1994791,0,0,0,0,0,0,0,1,0,0,0,0,0
1917,1995833,0,0,0,0,0,0,0,1,0,0,0,0,0
1918,1996875,0,0,0,0,0,0,0,1,0,0,0,0,0
1919,1997916,0,0,0,0,0,0,0,1,0,0,0,0,0
1920,1998958,0,0,0,0,0,0,0,1,0,0,0,0,0
1921,2000000,0,0,0,0,0,0,0,1,0,0,0,0,0
1922,2001041,0,0,0,0,0,0,0,1,0,0,0,0,0
1923,2002083,0,0,0,0,0,0,0,1,0,0,0,0,0
1924,2003124,0,0,0,0,0,0,0,1,0,0,0,0,0
1925,2004166,0,0,0,0,0,0,0,1,0,0,0,0,0
1926,2005208,0,0,0,0,0,0,0,1,0,0,0,0,0
1927,2006250,0,0,0,0,0,0,0,1,0,0,0,0,0
1928,2007291,0,0,0,0,0,0,0,1,0,0,0,0,0
1929,2008333,0,0,0,0,0,0,0,1,0,0,0,0,0
1930,2009375,0,0,0,0,0,0,0,1,0,0,0,0,0
1931,2010416,0,0,0,0,0,0,0,1,0,0,0,0,0
1932,2011458,0,0,0,0,0,0,0,1,0,0,0,0,0
1933,2012500,0,0,0,0,0,0,0,1,0,0,0,0,0
1934,2013541,0,0,0,0,0,0,0,1,0,0,0,0,0
1935,2014583,0,0,0,0,0,0,0,1,0,0,0,0,0
1936,2015625,0,0,0,0,0,0,0,1,0,0,0,0,0
1937,2016666,0,0,0,0,0,0,0,1,0,0,0,0,0
1938,2017708,0,0,0,0,0,0,0,1,0,0,0,0,0
1939,2018749,0,0,0,0,0,0,0,1,0,0,0,0,0
1940,2019791,0,0,0,0,0,0,0,1,0,0,0,0,0
1941,2020833,0,0,0,0,0,0,0,1,0,0,0,0,0
1942,2021875,0,0,0,0,0,0,0,1,0,0,0,0,0
1943,2022916,0,0,0,0,0,0,0,1,0,0,0,0,0
1944,2023958,0,0,0,0,0,0,0,1,0,0,0,0,0
1945,2025000,0,0,0,0,0,0,0,1,0,0,0,0,0
1946,2026041,0,0,0,0,0,0,0,1,0,0,0,0,0
1947,2027083,0,0,0,0,0,0,0,1,0,0,0,0,0
1948,2028125,0,0,0,0,0,0,0,1,0,0,0,0,0
1949,2029166,0,0,0,0,0,0,0,1,0,0,0,0,0
1950,2030208,0,0,0,0,0,0,0,1,0,0,0,0,0
1951,2031250,0,0,0,0,0,0,0,1,0,0,0,0,0
1952,2032291,0,0,0,0,0,0,0,1,0,0,0,0,0
1953,2033333,0,0,0,0,0,0,0,1,0,0,0,0,0
1954,2034374,0,0,0,0,0,0,0,1,0,0,0,0,0
1955,2035416,0,0,0,0,0,0,0,1,0,0,0,0,0
1956,2036458,0,0,0,0,0,0,0,1,0,0,0,0,0
1957,2037500,0,0,0,0,0,0,0,1,0,0,0,0,0
1958,2038541,0,0,0,0,0,0,0,1,0,0,0,0,0
1959,2039583,0,0,0,0,0,0,0,1,0,0,0,0,0
1960,2040625,0,0,0,0,0,0,0,1,0,0,0,0,0
1961,2041666,0,0,0,0,0,0,0,1,0,0,0,0,0
1962,2042708,0,0,0,0,0,0,0,1,0,0,0,0,0
1963,2043750,0,0,0,0,0,0,0,1,0,0,0,0,0
1964,2044791,0,0,0,0,0,0,0,1,0,0,0,0,0
1965,2045833,0,0,0,0,0,0,0,1,0,0,0,0,0
1966,2046875,0,0,0,0,0,0,0,1,0,0,0,0,0
1967,2047916,0,0,0,0,0,0,0,1,0,0,0,0,0
1968,2048958,0,0,0,0,0,0,0,1,0,0,0,0,0
1969,2049999,0,0,0,0,0,0,0,1,0,0,0,0,0
1970,2051041,0,0,0,0,0,0,0,1,0,0,0,0,0
1971,2052083,0,0,0,0,0,0,0,1,0,0,0,0,0
1972,2053125,0,0,0,0,0,0,0,1,0,0,0,0,0
1973,2054166,0,0,0,0,0,0,0,1,0,0,0,0,0
1974,2055208,0,0,0,0,0,0,0,1,0,0,0,0,0
1975,2056250,0,0,0,0,0,0,0,1,0,0,0,0,0
1976,2057291,0,0,0,0,0,0,0,1,0,0,0,0,0
1977,2058333,0,0,0,0,0,0,0,1,0,0,0,0,0
1978,2059375,0,0,0,0,0,0,0,1,0,0,0,0,0
1979,2060416,0,0,0,0,0,0,0,1,0,0,0,0,0
1980,2061458,0,0,0,0,0,0,0,1,0,0,0,0,0
1981,2062500,0,0,0,0,0,0,0,1,0,0,0,0,0
1982,2063541,0,0,0,0,0,0,0,1,0,0,0,0,0
1983,2064583,0,0,0,0,0,0,0,1,0,0,0,0,0
1984,2065624,0,0,0,0,0,0,0,1,0,0,0,0,0
1985,2066666,0,0,0,0,0,0,0,1,0,0,0,0,0
1986,2067708,0,0,0,0,0,0,0,1,0,0,0,0,0
1987,2068750,0,0,0,0,0,0,0,1,0,0,0,0,0
1988,2069791,0,0,0,0,0,0,0,1,0,0,0,0,0
1989,2070833,0,0,0,0,0,0,0,1,0,0,0,0,0
1990,2071875,0,0,0,0,0,0,0,1,0,0,0,0,0
1991,2072916,0,0,0,0,0,0,0,1,0,0,0,0,0
1992,2073958,0,0,0,0,0,0,0,1,0,0,0,0,0
1993,2075000,0,0,0,0,0,0,0,1,0,0,0,0,0
1994,2076041,0,0,0,0,0,0,0,1,0,0,0,0,0
1995,2077083,0,0,0,0,0,0,0,1,0,0,0,0,0
1996,2078125,0,0,0,0,0,0,0,1,0,0,0,0,0
1997,2079166,0,0,0,0,0,0,0,1,0,0,0,0,0
1998,2080208,0,0,0,0,0,0,0,1,0,0,0,0,0
1999,2081249,0,0,0,0,0,0,0,1,0,0,0,0,0
2000,2082291,0,0,0,0,0,0,0,1,0,0,0,0,0
2001,2083333,0,0,0,0,0,0,0,1,0,0,0,0,0
2002,2084375,0,0,0,0,0,0,0,1,0,0,0,0,0
2003,2085416,0,0,0,0,0,0,0,1,0,0,0,0,0
2004,2086458,0,0,0,0,0,0,0,1,0,0,0,0,0
2005,2087500,0,0,0,0,0,0,0,1,0,0,0,0,0
2006,2088541,0,0,0,0,0,0,0,1,0,0,0,0,0
2007,2089583,0,0,0,0,0,0,0,1,0,0,0,0,0
2008,2090625,0,0,0,0,0,0,0,1,0,0,0,0,0
2009,2091666,0,0,0,0,0,0,0,1,0,0,0,0,0
2010,2092708,0,0,0,0,0,0,0,1,0,0,0,0,0
2011,2093750,0,0,0,0,0,0,0,1,0,0,0,0,0
2012,2094791,0,0,0,0,0,0,0,1,0,0,0,0,0
2013,2095833,0,0,0,0,0,0,0,1,0,0,0,0,0
2014,2096874,0,0,0,0,0,0,0,1,0,0,0,0,0
2015,2097916,0,0,0,0,0,0,0,1,0,0,0,0,0
2016,2098958,0,0,0,0,0,0,0,1,0,0,0,0,0
2017,2100000,0,0,0,0,0,0,0,1,0,0,0,0,0
2018,2101041,0,0,0,0,0,0,0,1,0,0,0,0,0
2019,2102083,0,0,0,0,0,0,0,1,0,0,0,0,0
2020,2103125,0,0,0,0,0,0,0,1,0,0,0,0,0
2021,2104166,0,0,0,0,0,0,0,1,0,0,0,0,0
2022,2105208,0,0,0,0,0,0,0,1,0,0,0,0,0
2023,2106250,0,0,0,0,0,0,0,1,0,0,0,0,0
2024,2107291,0,0,0,0,0,0,0,1,0,0,0,0,0
2025,2108333,0,0,0,0,0,0,0,1,0,0,0,0,0
2026,2109375,0,0,0,0,0,0,0,1,0,0,0,0,0
2027,2110416,0,0,0,0,0,0,0,1,0,0,0,0,0
2028,2111458,0,0,0,0,0,0,0,1,0,0,0,0,0
2029,2112500,0,0,0,0,0,0,0,1,0,0,0,0,0
2030,2113541,0,0,0,0,0,0,0,1,0,0,0,0,0
2031,2114583,0,0,0,0,0,0,0,1,0,0,0,0,0
2032,2115625,0,0,0,0,0,0,0,1,0,0,0,0,0
2033,2116666,0,0,0,0,0,0,0,1,0,0,0,0,0
2034,2117708,0,0,0,0,0,0,0,1,0,0,0,0,0
2035,2118750,0,0,0,0,0,0,0,1,0,0,0,0,0
2036,2119791,0,0,0,0,0,0,0,1,0,0,0,0,0
2037,2120833,0,0,0,0,0,0,0,1,0,0,0,0,0
2038,2121875,0,0,0,0,0,0,0,1,0,0,0,0,0
2039,2122916,0,0,0,0,0,0,0,1,0,0,0,0,0
2040,2123958,0,0,0,0,0,0,0,1,0,0,0,0,0
2041,2125000,0,0,0,0,0,0,0,1,0,0,0,0,0
2042,2126041,0,0,0,0,0,0,0,1,0,0,0,0,0
2043,2127083,0,0,0,0,0,0,0,1,0,0,0,0,0
2044,2128125,0,0,0,0,0,0,0,1,0,0,0,0,0
2045,2129166,0,0,0,0,0,0,0,1,0,0,0,0,0
2046,2130208,0,0,0,0,0,0,0,1,0,0,0,0,0
2047,2131250,0,0,0,0,0,0,0,1,0,0,0,0,0
2048,2132291,0,0,0,0,0,0,0,1,0,0,0,0,0
2049,2133333,0,0,0,0,0,0,0,1,0,0,0,0,0
2050,2134375,0,0,0,0,0,0,0,1,0,0,0,0,0
2051,2135416,0,0,0,0,0,0,0,1,0,0,0,0,0
2052,2136458,0,0,0,0,0,0,0,1,0,0,0,0,0
2053,2137500,0,0,0,0,0,0,0,1,0,0,0,0,0
2054,2138541,0,0,0,0,0,0,0,1,0,0,0,0,0
2055,2139583,0,0,0,0,0,0,0,1,0,0,0,0,0
2056,2140625,0,0,0,0,0,0,0,1,0,0,0,0,0
2057,2141666,0,0,0,0,0,0,0,1,0,0,0,0,0
2058,2142708,0,0,0,0,0,0,0,1,0,0,0,0,0
2059,2143750,0,0,0,0,0,0,0,1,0,0,0,0,0
2060,2144791,0,0,0,0,0,0,0,1,0,0,0,0,0
2061,2145833,0,0,0,0,0,0,0,1,0,0,0,0,0
2062,2146875,0,0,0,0,0,0,0,1,0,0,0,0,0
2063,2147916,0,0,0,0,0,0,0,1,0,0,0,0,0
2064,2148958,0,0,0,0,0,0,0,1,0,0,0,0,0
2065,2150000,0,0,0,0,0,0,0,1,0,0,0,0,0
2066,2151041,0,0,0,0,0,0,0,1,0,0,0,0,0
2067,2152083,0,0,0,0,0,0,0,1,0,0,0,0,0
2068,2153125,0,0,0,0,0,0,0,1,0,0,0,0,0
2069,2154166,0,0,0,0,0,0,0,1,0,0,0,0,0
2070,2155208,0,0,0,0,0,0,0,1,0,0,0,0,0
2071,2156250,0,0,0,0,0,0,0,1,0,0,0,0,0
2072,2157291,0,0,0,0,0,0,0,1,0,0,0,0,0
2073,2158333,0,0,0,0,0,0,0,1,0,0,0,0,0
2074,2159375,0,0,0,0,0,0,0,1,0,0,0,0,0
2075,2160416,0,0,0,0,0,0,0,1,0,0,0,0,0
2076,2161458,0,0,0,0,0,0,0,1,0,0,0,0,0
2077,2162500,0,0,0,0,0,0,0,1,0,0,0,0,0
2078,2163541,0,0,0,0,0,0,0,1,0,0,0,0,0
2079,2164583,0,0,0,0,0,0,0,1,0,0,0,0,0
2080,2165625,0,0,0,0,0,0,0,1,0,0,0,0,0
2081,2166666,0,0,0,0,0,0,0,1,0,0,0,0,0
2082,2167708,0,0,0,0,0,0,0,1,0,0,0,0,0
2083,2168750,0,0,0,0,0,0,0,1,0,0,0,0,0
2084,2169791,0,0,0,0,0,0,0,1,0,0,0,0,0
2085,2170833,0,0,0,0,0,0,0,1,0,0,0,0,0
2086,2171875,0,0,0,0,0,0,0,1,0,0,0,0,0
2087,2172916,0,0,0,0,0,0,0,1,0,0,0,0,0
2088,2173958,0,0,0,0,0,0,0,1,0,0,0,0,0
2089,2175000,0,0,0,0,0,0,0,1,0,0,0,0,0
2090,2176041,0,0,0,0,0,0,0,1,0,0,0,0,0
2091,2177083,0,0,0,0,0,0,0,1,0,0,0,0,0
2092,2178125,0,0,0,0,0,0,0,1,0,0,0,0,0
2093,2179166,0,0,0,0,0,0,0,1,0,0,0,0,0
2094,2180208,0,0,0,0,0,0,0,1,0,0,0,0,0
2095,2181250,0,0,0,0,0,0,0,1,0,0,0,0,0
2096,2182291,0,0,0,0,0,0,0,1,0,0,0,0,0
2097,2183333,0,0,0,0,0,0,0,1,0,0,0,0,0
2098,2184375,0,0,0,0,0,0,0,1,0,0,0,0,0
2099,2185416,0,0,0,0,0,0,0,1,0,0,0,0,0
2100,2186458,0,0,0,0,0,0,0,1,0,0,0,0,0
2101,2187500,0,0,0,0,0,0,0,1,0,0,0,0,0
2102,2188541,0,0,0,0,0,0,0,1,0,0,0,0,0
2103,2189583,0,0,0,0,0,0,0,1,0,0,0,0,0
2104,2190625,0,0,0,0,0,0,0,1,0,0,0,0,0
2105,2191666,0,0,0,0,0,0,0,1,0,0,0,0,0
2106,2192708,0,0,0,0,0,0,0,1,0,0,0,0,0
2107,2193750,0,0,0,0,0,0,0,1,0,0,0,0,0
2108,2194791,0,0,0,0,0,0,0,1,0,0,0,0,0
2109,2195833,0,0,0,0,0,0,0,1,0,0,0,0,0
2110,2196875,0,0,0,0,0,0,0,1,0,0,0,0,0
2111,2197916,0,0,0,0,0,0,0,1,0,0,0,0,0
2112,2198958,0,0,0,0,0,0,0,1,0,0,0,0,0
2113,2200000,0,0,0,0,0,0,0,1,0,0,0,0,0
2114,2201041,0,0,0,0,0,0,0,1,0,0,0,0,0
2115,2202083,0,0,0,0,0,0,0,1,0,0,0,0,0
2116,2203125,0,0,0,0,0,0,0,1,0,0,0,0,0
2117,2204166,0,0,0,0,0,0,0,1,0,0,0,0,0
2118,2205208,0,0,0,0,0,0,0,1,0,0,0,0,0
2119,2206250,0,0,0,0,0,0,0,1,0,0,0,0,0
2120,2207291,0,0,0,0,0,0,0,1,0,0,0,0,0
2121,2208333,0,0,0,0,0,0,0,1,0,0,0,0,0
2122,2209375,0,0,0,0,0,0,0,1,0,0,0,0,0
2123,2210416,0,0,0,0,0,0,0,1,0,0,0,0,0
2124,2211458,0,0,0,0,0,0,0,1,0,0,0,0,0
2125,2212500,0,0,0,0,0,0,0,1,0,0,0,0,0
2126,2213541,0,0,0,0,0,0,0,1,0,0,0,0,0
2127,2214583,0,0,0,0,0,0,0,1,0,0,0,0,0
2128,2215625,0,0,0,0,0,0,0,1,0,0,0,0,0
2129,2216666,0,0,0,0,0,0,0,1,0,0,0,0,0
2130,2217708,0,0,0,0,0,0,0,1,0,0,0,0,0
2131,2218750,0,0,0,0,0,0,0,1,0,0,0,0,0
2132,2219791,0,0,0,0,0,0,0,1,0,0,0,0,0
2133,2220833,0,0,0,0,0,0,0,1,0,0,0,0,0
2134,2221875,0,0,0,0,0,0,0,1,0,0,0,0,0
2135,2222916,0,0,0,0,0,0,0,1,0,0,0,0,0
2136,2223958,0,0,0,0,0,0,0,1,0,0,0,0,0
2137,2225000,0,0,0,0,0,0,0,1,0,0,0,0,0
2138,2226041,0,0,0,0,0,0,0,1,0,0,0,0,0
2139,2227083,0,0,0,0,0,0,0,1,0,0,0,0,0
2140,2228125,0,0,0,0,0,0,0,1,0,0,0,0,0
2141,2229166,0,0,0,0,0,0,0,1,0,0,0,0,0
2142,2230208,0,0,0,0,0,0,0,1,0,0,0,0,0
2143,2231250,0,0,0,0,0,0,0,1,0,0,0,0,0
2144,2232291,0,0,0,0,0,0,0,1,0,0,0,0,0
2145,2233333,0,0,0,0,0,0,0,1,0,0,0,0,0
2146,2234375,0,0,0,0,0,0,0,1,0,0,0,0,0
2147,2235416,0,0,0,0,0,0,0,1,0,0,0,0,0
2148,2236458,0,0,0,0,0,0,0,1,0,0,0,0,0
2149,2237500,0,0,0,0,0,0,0,1,0,0,0,0,0
2150,2238541,0,0,0,0,0,0,0,1,0,0,0,0,0
2151,2239583,0,0,0,0,0,0,0,1,0,0,0,0,0
2152,2240625,0,0,0,0,0,0,0,1,0,0,0,0,0
2153,2241666,0,0,0,0,0,0,0,1,0,0,0,0,0
2154,2242708,0,0,0,0,0,0,0,1,0,0,0,0,0
2155,2243750,0,0,0,0,0,0,0,1,0,0,0,0,0
2156,2244791,0,0,0,0,0,0,0,1,0,0,0,0,0
2157,2245833,0,0,0,0,0,0,0,1,0,0,0,0,0
2158,2246875,0,0,0,0,0,0,0,1,0,0,0,0,0
2159,2247916,0,0,0,0,0,0,0,1,0,0,0,0,0
2160,2248958,0,0,0,0,0,0,0,1,0,0,0,0,0
2161,2250000,0,0,0,0,0,0,0,1,0,0,0,0,0
2162,2251041,0,0,0,0,0,0,0,1,0,0,0,0,0
2163,2252083,0,0,0,0,0,0,0,1,0,0,0,0,0
2164,2253125,0,0,0,0,0,0,0,1,0,0,0,0,0
2165,2254166,0,0,0,0,0,0,0,1,0,0,0,0,0
2166,2255208,0,0,0,0,0,0,0,1,0,0,0,0,0
2167,2256250,0,0,0,0,0,0,0,1,0,0,0,0,0
2168,2257291,0,0,0,0,0,0,0,1,0,0,0,0,0
2169,2258333,0,0,0,0,0,0,0,1,0,0,0,0,0
2170,2259375,0,0,0,0,0,0,0,1,0,0,0,0,0
2171,2260416,0,0,0,0,0,0,0,1,0,0,0,0,0
2172,2261458,0,0,0,0,0,0,0,1,0,0,0,0,0
2173,2262500,0,0,0,0,0,0,0,1,0,0,0,0,0
2174,2263541,0,0,0,0,0,0,0,1,0,0,0,0,0
2175,2264583,0,0,0,0,0,0,0,1,0,0,0,0,0
2176,2265625,0,0,0,0,0,0,0,1,0,0,0,0,0
2177,2266666,0,0,0,0,0,0,0,1,0,0,0,0,0
2178,2267708,0,0,0,0,0,0,0,1,0,0,0,0,0
2179,2268750,0,0,0,0,0,0,0,1,0,0,0,0,0
2180,2269791,0,0,0,0,0,0,0,1,0,0,0,0,0
2181,2270833,0,0,0,0,0,0,0,1,0,0,0,0,0
2182,2271875,0,0,0,0,0,0,0,1,0,0,0,0,0
2183,2272916,0,0,0,0,0,0,0,1,0,0,0,0,0
2184,2273958,0,0,0,0,0,0,0,1,0,0,0,0,0
2185,2275000,0,0,0,0,0,0,0,1,0,0,0,0,0
2186,2276041,0,0,0,0,0,0,0,1,0,0,0,0,0
2187,2277083,0,0,0,0,0,0,0,1,0,0,0,0,0
2188,2278125,0,0,0,0,0,0,0,1,0,0,0,0,0
2189,2279166,0,0,0,0,0,0,0,1,0,0,0,0,0
2190,2280208,0,0,0,0,0,0,0,1,0,0,0,0,0
2191,2281250,0,0,0,0,0,0,0,1,0,0,0,0,0
2192,2282291,0,0,0,0,0,0,0,1,0,0,0,0,0
2193,2283333,0,0,0,0,0,0,0,1,0,0,0,0,0
2194,2284375,0,0,0,0,0,0,0,1,0,0,0,0,0
2195,2285416,0,0,0,0,0,0,0,1,0,0,0,0,0
2196,2286458,0,0,0,0,0,0,0,1,0,0,0,0,0
2197,2287500,0,0,0,0,0,0,0,1,0,0,0,0,0
2198,2288541,0,0,0,0,0,0,0,1,0,0,0,0,0
2199,2289583,0,0,0,0,0,0,0,1,0,0,0,0,0
2200,2290625,0,0,0,0,0,0,0,1,0,0,0,0,0
2201,2291666,0,0,0,0,0,0,0,1,0,0,0,0,0
2202,2292708,0,0,0,0,0,0,0,1,0,0,0,0,0
2203,2293750,0,0,0,0,0,0,0,1,0,0,0,0,0
2204,2294791,0,0,0,0,0,0,0,1,0,0,0,0,0
2205,2295833,0,0,0,0,0,0,0,1,0,0,0,0,0
2206,2296875,0,0,0,0,0,0,0,1,0,0,0,0,0
2207,2297916,0,0,0,0,0,0,0,1,0,0,0,0,0
2208,2298958,0,0,0,0,0,0,0,1,0,0,0,0,0
2209,2300000,0,0,0,0,0,0,0,1,0,0,0,0,0
2210,2301041,0,0,0,0,0,0,0,1,0,0,0,0,0
2211,2302083,0,0,0,0,0,0,0,1,0,0,0,0,0
2212,2303125,0,0,0,0,0,0,0,1,0,0,0,0,0
2213,2304166,0,0,0,0,0,0,0,1,0,0,0,0,0
2214,2305208,0,0,0,0,0,0,0,1,0,0,0,0,0
2215,2306250,0,0,0,0,0,0,0,1,0,0,0,0,0
2216,2307291,0,0,0,0,0,0,0,1,0,0,0,0,0
2217,2308333,0,0,0,0,0,0,0,1,0,0,0,0,0
2218,2309375,0,0,0,0,0,0,0,1,0,0,0,0,0
2219,2310416,0,0,0,0,0,0,0,1,0,0,0,0,0
2220,2311458,0,0,0,0,0,0,0,1,0,0,0,0,0
2221,2312500,0,0,0,0,0,0,0,1,0,0,0,0,0
2222,2313541,0,0,0,0,0,0,0,1,0,0,0,0,0
2223,2314583,0,0,0,0,0,0,0,1,0,0,0,0,0
2224,2315625,0,0,0,0,0,0,0,1,0,0,0,0,0
2225,2316666,0,0,0,0,0,0,0,1,0,0,0,0,0
2226,2317708,0,0,0,0,0,0,0,1,0,0,0,0,0
2227,2318750,0,0,0,0,0,0,0,1,0,0,0,0,0
2228,2319791,0,0,0,0,0,0,0,1,0,0,0,0,0
2229,2320833,0,0,0,0,0,0,0,1,0,0,0,0,0
2230,2321875,0,0,0,0,0,0,0,1,0,0,0,0,0
2231,2322916,0,0,0,0,0,0,0,1,0,0,0,0,0
2232,2323958,0,0,0,0,0,0,0,1,0,0,0,0,0
2233,2325000,0,0,0,0,0,0,0,1,0,0,0,0,0
2234,2326041,0,0,0,0,0,0,0,1,0,0,0,0,0
2235,2327083,0,0,0,0,0,0,0,1,0,0,0,0,0
2236,2328125,0,0,0,0,0,0,0,1,0,0,0,0,0
2237,2329166,0,0,0,0,0,0,0,1,0,0,0,0,0
2238,2330208,0,0,0,0,0,0,0,1,0,0,0,0,0
2239,2331250,0,0,0,0,0,0,0,1,0,0,0,0,0
2240,2332291,0,0,0,0,0,0,0,1,0,0,0,0,0
2241,2333333,0,0,0,0,0,0,0,1,0,0,0,0,0
2242,2334375,0,0,0,0,0,0,0,1,0,0,0,0,0
2243,2335416,0,0,0,0,0,0,0,1,0,0,0,0,0
2244,2336458,0,0,0,0,0,0,0,1,0,0,0,0,0
2245,2337500,0,0,0,0,0,0,0,1,0,0,0,0,0
2246,2338541,0,0,0,0,0,0,0,1,0,0,0,0,0
2247,2339583,0,0,0,0,0,0,0,1,0,0,0,0,0
2248,2340625,0,0,0,0,0,0,0,1,0,0,0,0,0
2249,2341666,0,0,0,0,0,0,0,1,0,0,0,0,0
2250,2342708,0,0,0,0,0,0,0,1,0,0,0,0,0
2251,2343750,0,0,0,0,0,0,0,1,0,0,0,0,0
2252,2344791,0,0,0,0,0,0,0,1,0,0,0,0,0
2253,2345833,0,0,0,0,0,0,0,1,0,0,0,0,0
2254,2346875,0,0,0,0,0,0,0,1,0,0,0,0,0
2255,2347916,0,0,0,0,0,0,0,1,0,0,0,0,0
2256,2348958,0,0,0,0,0,0,0,1,0,0,0,0,0
2257,2350000,0,0,0,0,0,0,0,1,0,0,0,0,0
2258,2351041,0,0,0,0,0,0,0,1,0,0,0,0,0
2259,2352083,0,0,0,0,0,0,0,1,0,0,0,0,0
2260,2353125,0,0,0,0,0,0,0,1,0,0,0,0,0
2261,2354166,0,0,0,0,0,0,0,1,0,0,0,0,0
2262,2355208,0,0,0,0,0,0,0,1,0,0,0,0,0
2263,2356250,0,0,0,0,0,0,0,1,0,0,0,0,0
2264,2357291,0,0,0,0,0,0,0,1,0,0,0,0,0
2265,2358333,0,0,0,0,0,0,0,1,0,0,0,0,0
2266,2359375,0,0,0,0,0,0,0,1,0,0,0,0,0
2267,2360416,0,0,0,0,0,0,0,1,0,0,0,0,0
2268,2361458,0,0,0,0,0,0,0,1,0,0,0,0,0
2269,2362500,0,0,0,0,0,0,0,1,0,0,0,0,0
2270,2363541,0,0,0,0,0,0,0,1,0,0,0,0,0
2271,2364583,0,0,0,0,0,0,0,1,0,0,0,0,0
2272,2365625,0,0,0,0,0,0,0,1,0,0,0,0,0
2273,2366666,0,0,0,0,0,0,0,1,0,0,0,0,0
2274,2367708,0,0,0,0,0,0,0,1,0,0,0,0,0
2275,2368750,0,0,0,0,0,0,0,1,0,0,0,0,0
2276,2369791,0,0,0,0,0,0,0,1,0,0,0,0,0
2277,2370833,0,0,0,0,0,0,0,1,0,0,0,0,0
2278,2371875,0,0,0,0,0,0,0,1,0,0,0,0,0
2279,2372916,0,0,0,0,0,0,0,1,0,0,0,0,0
2280,2373958,0,0,0,0,0,0,0,1,0,0,0,0,0
2281,2375000,0,0,0,0,0,0,0,1,0,0,0,0,0
2282,2376041,0,0,0,0,0,0,0,1,0,0,0,0,0
2283,2377083,0,0,0,0,0,0,0,1,0,0,0,0,0
2284,2378125,0,0,0,0,0,0,0,1,0,0,0,0,0
2285,2379166,0,0,0,0,0,0,0,1,0,0,0,0,0
2286,2380208,0,0,0,0,0,0,0,1,0,0,0,0,0
2287,2381250,0,0,0,0,0,0,0,1,0,0,0,0,0
2288,2382291,0,0,0,0,0,0,0,1,0,0,0,0,0
2289,2383333,0,0,0,0,0,0,0,1,0,0,0,0,0
2290,2384375,0,0,0,0,0,0,0,1,0,0,0,0,0
2291,2385416,0,0,0,0,0,0,0,1,0,0,0,0,0
2292,2386458,0,0,0,0,0,0,0,1,0,0,0,0,0
2293,2387500,0,0,0,0,0,0,0,1,0,0,0,0,0
2294,2388541,0,0,0,0,0,0,0,1,0,0,0,0,0
2295,2389583,0,0,0,0,0,0,0,1,0,0,0,0,0
2296,2390625,0,0,0,0,0,0,0,1,0,0,0,0,0
2297,2391666,0,0,0,0,0,0,0,1,0,0,0,0,0
2298,2392708,0,0,0,0,0,0,0,1,0,0,0,0,0
2299,2393750,0,0,0,0,0,0,0,1,0,0,0,0,0
2300,2394791,0,0,0,0,0,0,0,1,0,0,0,0,0
2301,2395833,0,0,0,0,0,0,0,1,0,0,0,0,0
2302,2396875,0,0,0,0,0,0,0,1,0,0,0,0,0
2303,2397916,0,0,0,0,0,0,0,1,0,0,0,0,0
2304,2398958,0,0,0,0,0,0,0,1,0,0,0,0,0
2305,2400000,0,0,0,0,0,0,0,1,0,0,0,0,0
2306,2401041,0,0,0,0,0,0,0,1,0,0,0,0,0
2307,2402083,0,0,0,0,0,0,0,1,0,0,0,0,0
2308,2403125,0,0,0,0,0,0,0,1,0,0,0,0,0
2309,2404166,0,0,0,0,0,0,0,1,0,0,0,0,0
2310,2405208,0,0,0,0,0,0,0,1,0,0,0,0,0
2311,2406250,0,0,0,0,0,0,0,1,0,0,0,0,0
2312,2407291,0,0,0,0,0,0,0,1,0,0,0,0,0
2313,2408333,0,0,0,0,0,0,0,1,0,0,0,0,0
2314,2409375,0,0,0,0,0,0,0,1,0,0,0,0,0
2315,2410416,0,0,0,0,0,0,0,1,0,0,0,0,0
2316,2411458,0,0,0,0,0,0,0,1,0,0,0,0,0
2317,2412500,0,0,0,0,0,0,0,1,0,0,0,0,0
2318,2413541,0,0,0,0,0,0,0,1,0,0,0,0,0
2319,2414583,0,0,0,0,0,0,0,1,0,0,0,0,0
2320,2415625,0,0,0,0,0,0,0,1,0,0,0,0,0
2321,2416666,0,0,0,0,0,0,0,1,0,0,0,0,0
2322,2417708,0,0,0,0,0,0,0,1,0,0,0,0,0
2323,2418750,0,0,0,0,0,0,0,1,0,0,0,0,0
2324,2419791,0,0,0,0,0,0,0,1,0,0,0,0,0
2325,2420833,0,0,0,0,0,0,0,1,0,0,0,0,0
2326,2421875,0,0,0,0,0,0,0,1,0,0,0,0,0
2327,2422916,0,0,0,0,0,0,0,1,0,0,0,0,0
2328,2423958,0,0,0,0,0,0,0,1,0,0,0,0,0
2329,2425000,0,0,0,0,0,0,0,1,0,0,0,0,0
2330,2426041,0,0,0,0,0,0,0,1,0,0,0,0,0
2331,2427083,0,0,0,0,0,0,0,1,0,0,0,0,0
2332,2428125,0,0,0,0,0,0,0,1,0,0,0,0,0
2333,2429166,0,0,0,0,0,0,0,1,0,0,0,0,0
2334,2430208,0,0,0,0,0,0,0,1,0,0,0,0,0
2335,2431250,0,0,0,0,0,0,0,1,0,0,0,0,0
2336,2432291,0,0,0,0,0,0,0,1,0,0,0,0,0
2337,2433333,0,0,0,0,0,0,0,1,0,0,0,0,0
2338,2434375,0,0,0,0,0,0,0,1,0,0,0,0,0
2339,2435416,0,0,0,0,0,0,0,1,0,0,0,0,0
2340,2436458,0,0,0,0,0,0,0,1,0,0,0,0,0
2341,2437500,0,0,0,0,0,0,0,1,0,0,0,0,0
2342,2438541,0,0,0,0,0,0,0,1,0,0,0,0,0
2343,2439583,0,0,0,0,0,0,0,1,0,0,0,0,0
2344,2440625,0,0,0,0,0,0,0,1,0,0,0,0,0
2345,2441666,0,0,0,0,0,0,0,1,0,0,0,0,0
2346,2442708,0,0,0,0,0,0,0,1,0,0,0,0,0
2347,2443750,0,0,0,0,0,0,0,1,0,0,0,0,0
2348,2444791,0,0,0,0,0,0,0,1,0,0,0,0,0
2349,2445833,0,0,0,0,0,0,0,1,0,0,0,0,0
2350,2446875,0,0,0,0,0,0,0,1,0,0,0,0,0
2351,2447916,0,0,0,0,0,0,0,1,0,0,0,0,0
2352,2448958,0,0,0,0,0,0,0,1,0,0,0,0,0
2353,2450000,0,0,0,0,0,0,0,1,0,0,0,0,0
2354,2451041,0,0,0,0,0,0,0,1,0,0,0,0,0
2355,2452083,0,0,0,0,0,0,0,1,0,0,0,0,0
2356,2453125,0,0,0,0,0,0,0,1,0,0,0,0,0
2357,2454166,0,0,0,0,0,0,0,1,0,0,0,0,0
2358,2455208,0,0,0,0,0,0,0,1,0,0,0,0,0
2359,2456250,0,0,0,0,0,0,0,1,0,0,0,0,0
2360,2457291,0,0,0,0,0,0,0,1,0,0,0,0,0
2361,2458333,0,0,0,0,0,0,0,1,0,0,0,0,0
2362,2459375,0,0,0,0,0,0,0,1,0,0,0,0,0
2363,2460416,0,0,0,0,0,0,0,1,0,0,0,0,0
2364,2461458,0,0,0,0,0,0,0,1,0,0,0,0,0
2365,2462500,0,0,0,0,0,0,0,1,0,0,0,0,0
2366,2463541,0,0,0,0,0,0,0,1,0,0,0,0,0
2367,2464583,0,0,0,0,0,0,0,1,0,0,0,0,0
2368,2465625,0,0,0,0,0,0,0,1,0,0,0,0,0
2369,2466666,0,0,0,0,0,0,0,1,0,0,0,0,0
2370,2467708,0,0,0,0,0,0,0,1,0,0,0,0,0
2371,2468750,0,0,0,0,0,0,0,1,0,0,0,0,0
2372,2469791,0,0,0,0,0,0,0,1,0,0,0,0,0
2373,2470833,0,0,0,0,0,0,0,1,0,0,0,0,0
2374,2471875,0,0,0,0,0,0,0,1,0,0,0,0,0
2375,2472916,0,0,0,0,0,0,0,1,0,0,0,0,0
2376,2473958,0,0,0,0,0,0,0,1,0,0,0,0,0
2377,2475000,0,0,0,0,0,0,0,1,0,0,0,0,0
2378,2476041,0,0,0,0,0,0,0,1,0,0,0,0,0
2379,2477083,0,0,0,0,0,0,0,1,0,0,0,0,0
2380,2478125,0,0,0,0,0,0,0,1,0,0,0,0,0
2381,2479166,0,0,0,0,0,0,0,1,0,0,0,0,0
2382,2480208,0,0,0,0,0,0,0,1,0,0,0,0,0
2383,2481250,0,0,0,0,0,0,0,1,0,0,0,0,0
2384,2482291,0,0,0,0,0,0,0,1,0,0,0,0,0
2385,2483333,0,0,0,0,0,0,0,1,0,0,0,0,0
2386,2484375,0,0,0,0,0,0,0,1,0,0,0,0,0
2387,2485416,0,0,0,0,0,0,0,1,0,0,0,0,0
2388,2486458,0,0,0,0,0,0,0,1,0,0,0,0,0
2389,2487500,0,0,0,0,0,0,0,1,0,0,0,0,0
2390,2488541,0,0,0,0,0,0,0,1,0,0,0,0,0
2391,2489583,0,0,0,0,0,0,0,1,0,0,0,0,0
2392,2490625,0,0,0,0,0,0,0,1,0,0,0,0,0
2393,2491666,0,0,0,0,0,0,0,1,0,0,0,0,0
2394,2492708,0,0,0,0,0,0,0,1,0,0,0,0,0
2395,2493750,0,0,0,0,0,0,0,1,0,0,0,0,0
2396,2494791,0,0,0,0,0,0,0,1,0,0,0,0,0
2397,2495833,0,0,0,0,0,0,0,1,0,0,0,0,0
2398,2496875,0,0,0,0,0,0,0,1,0,0,0,0,0
2399,2497916,0,0,0,0,0,0,0,1,0,0,0,0,0
2400,2498958,0,0,0,0,0,0,0,1,0,0,0,0,0
2401,2500000,0,0,0,0,0,0,0,1,0,0,0,0,0
2402,2501041,0,0,0,0,0,0,0,1,0,0,0,0,0
2403,2502083,0,0,0,0,0,0,0,1,0,0,0,0,0
2404,2503125,0,0,0,0,0,0,0,1,0,0,0,0,0
2405,2504166,0,0,0,0,0,0,0,1,0,0,0,0,0
2406,2505208,0,0,0,0,0,0,0,1,0,0,0,0,0
2407,2506250,0,0,0,0,0,0,0,1,0,0,0,0,0
2408,2507291,0,0,0,0,0,0,0,1,0,0,0,0,0
2409,2508333,0,0,0,0,0,0,0,1,0,0,0,0,0
2410,2509375,0,0,0,0,0,0,0,1,0,0,0,0,0
2411,2510416,0,0,0,0,0,0,0,1,0,0,0,0,0
2412,2511458,0,0,0,0,0,0,0,1,0,0,0,0,0
2413,2512500,0,0,0,0,0,0,0,1,0,0,0,0,0
2414,2513541,0,0,0,0,0,0,0,1,0,0,0,0,0
2415,2514583,0,0,0,0,0,0,0,1,0,0,0,0,0
2416,2515625,0,0,0,0,0,0,0,1,0,0,0,0,0
2417,2516666,0,0,0,0,0,0,0,1,0,0,0,0,0
2418,2517708,0,0,0,0,0,0,0,1,0,0,0,0,0
2419,2518750,0,0,0,0,0,0,0,1,0,0,0,0,0
2420,2519791,0,0,0,0,0,0,0,1,0,0,0,0,0
2421,2520833,0,0,0,0,0,0,0,1,0,0,0,0,0
2422,2521875,0,0,0,0,0,0,0,1,0,0,0,0,0
2423,2522916,0,0,0,0,0,0,0,1,0,0,0,0,0
2424,2523958,0,0,0,0,0,0,0,1,0,0,0,0,0
2425,2525000,0,0,0,0,0,0,0,1,0,0,0,0,0
2426,2526041,0,0,0,0,0,0,0,1,0,0,0,0,0
2427,2527083,0,0,0,0,0,0,0,1,0,0,0,0,0
2428,2528125,0,0,0,0,0,0,0,1,0,0,0,0,0
2429,2529166,0,0,0,0,0,0,0,1,0,0,0,0,0
2430,2530208,0,0,0,0,0,0,0,1,0,0,0,0,0
2431,2531250,0,0,0,0,0,0,0,1,0,0,0,0,0
2432,2532291,0,0,0,0,0,0,0,1,0,0,0,0,0
2433,2533333,0,0,0,0,0,0,0,1,0,0,0,0,0
2434,2534375,0,0,0,0,0,0,0,1,0,0,0,0,0
2435,2535416,0,0,0,0,0,0,0,1,0,0,0,0,0
2436,2536458,0,0,0,0,0,0,0,1,0,0,0,0,0
2437,2537500,0,0,0,0,0,0,0,1,0,0,0,0,0
2438,2538541,0,0,0,0,0,0,0,1,0,0,0,0,0
2439,2539583,0,0,0,0,0,0,0,1,0,0,0,0,0
2440,2540625,0,0,0,0,0,0,0,1,0,0,0,0,0
2441,2541666,0,0,0,0,0,0,0,1,0,0,0,0,0
2442,2542708,0,0,0,0,0,0,0,1,0,0,0,0,0
2443,2543750,0,0,0,0,0,0,0,1,0,0,0,0,0
2444,2544791,0,0,0,0,0,0,0,1,0,0,0,0,0
2445,2545833,0,0,0,0,0,0,0,1,0,0,0,0,0
2446,2546875,0,0,0,0,0,0,0,1,0,0,0,0,0
2447,2547916,0,0,0,0,0,0,0,1,0,0,0,0,0
2448,2548958,0,0,0,0,0,0,0,1,0,0,0,0,0
2449,2550000,0,0,0,0,0,0,0,1,0,0,0,0,0
2450,2551041,0,0,0,0,0,0,0,1,0,0,0,0,0
2451,2552083,0,0,0,0,0,0,0,1,0,0,0,0,0
2452,2553125,0,0,0,0,0,0,0,1,0,0,0,0,0
2453,2554166,0,0,0,0,0,0,0,1,0,0,0,0,0
2454,2555208,0,0,0,0,0,0,0,1,0,0,0,0,0
2455,2556250,0,0,0,0,0,0,0,1,0,0,0,0,0
2456,2557291,0,0,0,0,0,0,0,1,0,0,0,0,0
2457,2558333,0,0,0,0,0,0,0,1,0,0,0,0,0
2458,2559375,0,0,0,0,0,0,0,1,0,0,0,0,0
2459,2560416,0,0,0,0,0,0,0,1,0,0,0,0,0
2460,2561458,0,0,0,0,0,0,0,1,0,0,0,0,0
2461,2562500,0,0,0,0,0,0,0,1,0,0,0,0,0
2462,2563541,0,0,0,0,0,0,0,1,0,0,0,0,0
2463,2564583,0,0,0,0,0,0,0,1,0,0,0,0,0
2464,2565625,0,0,0,0,0,0,0,1,0,0,0,0,0
2465,2566666,0,0,0,0,0,0,0,1,0,0,0,0,0
2466,2567708,0,0,0,0,0,0,0,1,0,0,0,0,0
2467,2568750,0,0,0,0,0,0,0,1,0,0,0,0,0
2468,2569791,0,0,0,0,0,0,0,1,0,0,0,0,0
2469,2570833,0,0,0,0,0,0,0,1,0,0,0,0,0
2470,2571875,0,0,0,0,0,0,0,1,0,0,0,0,0
2471,2572916,0,0,0,0,0,0,0,1,0,0,0,0,0
2472,2573958,0,0,0,0,0,0,0,1,0,0,0,0,0
2473,2575000,0,0,0,0,0,0,0,1,0,0,0,0,0
2474,2576041,0,0,0,0,0,0,0,1,0,0,0,0,0
2475,2577083,0,0,0,0,0,0,0,1,0,0,0,0,0
2476,2578125,0,0,0,0,0,0,0,1,0,0,0,0,0
2477,2579166,0,0,0,0,0,0,0,1,0,0,0,0,0
2478,2580208,0,0,0,0,0,0,0,1,0,0,0,0,0
2479,2581250,0,0,0,0,0,0,0,1,0,0,0,0,0
2480,2582291,0,0,0,0,0,0,0,1,0,0,0,0,0
2481,2583333,0,0,0,0,0,0,0,1,0,0,0,0,0
2482,2584375,0,0,0,0,0,0,0,1,0,0,0,0,0
2483,2585416,0,0,0,0,0,0,0,1,0,0,0,0,0
2484,2586458,0,0,0,0,0,0,0,1,0,0,0,0,0
2485,2587500,0,0,0,0,0,0,0,1,0,0,0,0,0
2486,2588541,0,0,0,0,0,0,0,1,0,0,0,0,0
2487,2589583,0,0,0,0,0,0,0,1,0,0,0,0,0
2488,2590625,0,0,0,0,0,0,0,1,0,0,0,0,0
2489,2591666,0,0,0,0,0,0,0,1,0,0,0,0,0
2490,2592708,0,0,0,0,0,0,0,1,0,0,0,0,0
2491,2593750,0,0,0,0,0,0,0,1,0,0,0,0,0
2492,2594791,0,0,0,0,0,0,0,1,0,0,0,0,0
2493,2595833,0,0,0,0,0,0,0,1,0,0,0,0,0
2494,2596875,0,0,0,0,0,0,0,1,0,0,0,0,0
2495,2597916,0,0,0,0,0,0,0,1,0,0,0,0,0
2496,2598958,0,0,0,0,0,0,0,1,0,0,0,0,0
2497,2600000,0,0,0,0,0,0,0,1,0,0,0,0,0
2498,2601041,0,0,0,0,0,0,0,1,0,0,0,0,0
2499,2602083,0,0,0,0,0,0,0,1,0,0,0,0,0
2500,2603125,0,0,0,0,0,0,0,1,0,0,0,0,0
2501,2604166,0,0,0,0,0,0,0,1,0,0,0,0,0
2502,2605208,0,0,0,0,0,0,0,1,0,0,0,0,0
2503,2606250,0,0,0,0,0,0,0,1,0,0,0,0,0
2504,2607291,0,0,0,0,0,0,0,1,0,0,0,0,0
2505,2608333,0,0,0,0,0,0,0,1,0,0,0,0,0
2506,2609375,0,0,0,0,0,0,0,1,0,0,0,0,0
2507,2610416,0,0,0,0,0,0,0,1,0,0,0,0,0
2508,2611458,0,0,0,0,0,0,0,1,0,0,0,0,0
2509,2612500,0,0,0,0,0,0,0,1,0,0,0,0,0
2510,2613541,0,0,0,0,0,0,0,1,0,0,0,0,0
2511,2614583,0,0,0,0,0,0,0,1,0,0,0,0,0
2512,2615625,0,0,0,0,0,0,0,1,0,0,0,0,0
2513,2616666,0,0,0,0,0,0,0,1,0,0,0,0,0
2514,2617708,0,0,0,0,0,0,0,1,0,0,0,0,0
2515,2618750,0,0,0,0,0,0,0,1,0,0,0,0,0
2516,2619791,0,0,0,0,0,0,0,1,0,0,0,0,0
2517,2620833,0,0,0,0,0,0,0,1,0,0,0,0,0
2518,2621875,0,0,0,0,0,0,0,1,0,0,0,0,0
2519,2622916,0,0,0,0,0,0,0,1,0,0,0,0,0
2520,2623958,0,0,0,0,0,0,0,1,0,0,0,0,0
2521,2625000,0,0,0,0,0,0,0,1,0,0,0,0,0
2522,2626041,0,0,0,0,0,0,0,1,0,0,0,0,0
2523,2627083,0,0,0,0,0,0,0,1,0,0,0,0,0
2524,2628125,0,0,0,0,0,0,0,1,0,0,0,0,0
2525,2629166,0,0,0,0,0,0,0,1,0,0,0,0,0
2526,2630208,0,0,0,0,0,0,0,1,0,0,0,0,0
2527,2631250,0,0,0,0,0,0,0,1,0,0,0,0,0
2528,2632291,0,0,0,0,0,0,0,1,0,0,0,0,0
2529,2633333,0,0,0,0,0,0,0,1,0,0,0,0,0
2530,2634375,0,0,0,0,0,0,0,1,0,0,0,0,0
2531,2635416,0,0,0,0,0,0,0,1,0,0,0,0,0
2532,2636458,0,0,0,0,0,0,0,1,0,0,0,0,0
2533,2637500,0,0,0,0,0,0,0,1,0,0,0,0,0
2534,2638541,0,0,0,0,0,0,0,1,0,0,0,0,0
2535,2639583,0,0,0,0,0,0,0,1,0,0,0,0,0
2536,2640625,0,0,0,0,0,0,0,1,0,0,0,0,0
2537,2641666,0,0,0,0,0,0,0,1,0,0,0,0,0
2538,2642708,0,0,0,0,0,0,0,1,0,0,0,0,0
2539,2643750,0,0,0,0,0,0,0,1,0,0,0,0,0
2540,2644791,0,0,0,0,0,0,0,1,0,0,0,0,0
2541,2645833,0,0,0,0,0,0,0,1,0,0,0,0,0
2542,2646875,0,0,0,0,0,0,0,1,0,0,0,0,0
2543,2647916,0,0,0,0,0,0,0,1,0,0,0,0,0
2544,2648958,0,0,0,0,0,0,0,1,0,0,0,0,0
2545,2650000,0,0,0,0,0,0,0,1,0,0,0,0,0
2546,2651041,0,0,0,0,0,0,0,1,0,0,0,0,0
2547,2652083,0,0,0,0,0,0,0,1,0,0,0,0,0
2548,2653125,0,0,0,0,0,0,0,1,0,0,0,0,0
2549,2654166,0,0,0,0,0,0,0,1,0,0,0,0,0
2550,2655208,0,0,0,0,0,0,0,1,0,0,0,0,0
2551,2656250,0,0,0,0,0,0,0,1,0,0,0,0,0
2552,2657291,0,0,0,0,0,0,0,1,0,0,0,0,0
2553,2658333,0,0,0,0,0,0,0,1,0,0,0,0,0
2554,2659375,0,0,0,0,0,0,0,1,0,0,0,0,0
2555,2660416,0,0,0,0,0,0,0,1,0,0,0,0,0
2556,2661458,0,0,0,0,0,0,0,1,0,0,0,0,0
2557,2662500,0,0,0,0,0,0,0,1,0,0,0,0,0
2558,2663541,0,0,0,0,0,0,0,1,0,0,0,0,0
2559,2664583,0,0,0,0,0,0,0,1,0,0,0,0,0
2560,2665625,0,0,0,0,0,0,0,1,0,0,0,0,0
2561,2666666,0,0,0,0,0,0,0,1,0,0,0,0,0
2562,2667708,0,0,0,0,0,0,0,1,0,0,0,0,0
2563,2668750,0,0,0,0,0,0,0,1,0,0,0,0,0
2564,2669791,0,0,0,0,0,0,0,1,0,0,0,0,0
2565,2670833,0,0,0,0,0,0,0,1,0,0,0,0,0
2566,2671875,0,0,0,0,0,0,0,1,0,0,0,0,0
2567,2672916,0,0,0,0,0,0,0,1,0,0,0,0,0
2568,2673958,0,0,0,0,0,0,0,1,0,0,0,0,0
2569,2675000,0,0,0,0,0,0,0,1,0,0,0,0,0
2570,2676041,0,0,0,0,0,0,0,1,0,0,0,0,0
2571,2677083,0,0,0,0,0,0,0,1,0,0,0,0,0
2572,2678125,0,0,0,0,0,0,0,1,0,0,0,0,0
2573,2679166,0,0,0,0,0,0,0,1,0,0,0,0,0
2574,2680208,0,0,0,0,0,0,0,1,0,0,0,0,0
2575,2681250,0,0,0,0,0,0,0,1,0,0,0,0,0
2576,2682291,0,0,0,0,0,0,0,1,0,0,0,0,0
2577,2683333,0,0,0,0,0,0,0,1,0,0,0,0,0
2578,2684375,0,0,0,0,0,0,0,1,0,0,0,0,0
2579,2685416,0,0,0,0,0,0,0,1,0,0,0,0,0
2580,2686458,0,0,0,0,0,0,0,1,0,0,0,0,0
2581,2687500,0,0,0,0,0,0,0,1,0,0,0,0,0
2582,2688541,0,0,0,0,0,0,0,1,0,0,0,0,0
2583,2689583,0,0,0,0,0,0,0,1,0,0,0,0,0
2584,2690625,0,0,0,0,0,0,0,1,0,0,0,0,0
2585,2691666,0,0,0,0,0,0,0,1,0,0,0,0,0
2586,2692708,0,0,0,0,0,0,0,1,0,0,0,0,0
2587,2693750,0,0,0,0,0,0,0,1,0,0,0,0,0
2588,2694791,0,0,0,0,0,0,0,1,0,0,0,0,0
2589,2695833,0,0,0,0,0,0,0,1,0,0,0,0,0
2590,2696875,0,0,0,0,0,0,0,1,0,0,0,0,0
2591,2697916,0,0,0,0,0,0,0,1,0,0,0,0,0
2592,2698958,0,0,0,0,0,0,0,1,0,0,0,0,0
2593,2700000,0,0,0,0,0,0,0,1,0,0,0,0,0
2594,2701041,0,0,0,0,0,0,0,1,0,0,0,0,0
2595,2702083,0,0,0,0,0,0,0,1,0,0,0,0,0
2596,2703125,0,0,0,0,0,0,0,1,0,0,0,0,0
2597,2704166,0,0,0,0,0,0,0,1,0,0,0,0,0
2598,2705208,0,0,0,0,0,0,0,1,0,0,0,0,0
2599,2706250,0,0,0,0,0,0,0,1,0,0,0,0,0
2600,2707291,0,0,0,0,0,0,0,1,0,0,0,0,0
2601,2708333,0,0,0,0,0,0,0,1,0,0,0,0,0
2602,2709375,0,0,0,0,0,0,0,1,0,0,0,0,0
2603,2710416,0,0,0,0,0,0,0,1,0,0,0,0,0
2604,2711458,0,0,0,0,0,0,0,1,0,0,0,0,0
2605,2712500,0,0,0,0,0,0,0,1,0,0,0,0,0
2606,2713541,0,0,0,0,0,0,0,1,0,0,0,0,0
2607,2714583,0,0,0,0,0,0,0,1,0,0,0,0,0
2608,2715625,0,0,0,0,0,0,0,1,0,0,0,0,0
2609,2716666,0,0,0,0,0,0,0,1,0,0,0,0,0
2610,2717708,0,0,0,0,0,0,0,1,0,0,0,0,0
2611,2718750,0,0,0,0,0,0,0,1,0,0,0,0,0
2612,2719791,0,0,0,0,0,0,0,1,0,0,0,0,0
2613,2720833,0,0,0,0,0,0,0,1,0,0,0,0,0
2614,2721875,0,0,0,0,0,0,0,1,0,0,0,0,0
2615,2722916,0,0,0,0,0,0,0,1,0,0,0,0,0
2616,2723958,0,0,0,0,0,0,0,1,0,0,0,0,0
2617,2725000,0,0,0,0,0,0,0,1,0,0,0,0,0
2618,2726041,0,0,0,0,0,0,0,1,0,0,0,0,0
2619,2727083,0,0,0,0,0,0,0,1,0,0,0,0,0
2620,2728125,0,0,0,0,0,0,0,1,0,0,0,0,0
2621,2729166,0,0,0,0,0,0,0,1,0,0,0,0,0
2622,2730208,0,0,0,0,0,0,0,1,0,0,0,0,0
2623,2731250,0,0,0,0,0,0,0,1,0,0,0,0,0
2624,2732291,0,0,0,0,0,0,0,1,0,0,0,0,0
2625,2733333,0,0,0,0,0,0,0,1,0,0,0,0,0
2626,2734375,0,0,0,0,0,0,0,1,0,0,0,0,0
2627,2735416,0,0,0,0,0,0,0,1,0,0,0,0,0
2628,2736458,0,0,0,0,0,0,0,1,0,0,0,0,0
2629,2737500,0,0,0,0,0,0,0,1,0,0,0,0,0
2630,2738541,0,0,0,0,0,0,0,1,0,0,0,0,0
2631,2739583,0,0,0,0,0,0,0,1,0,0,0,0,0
2632,2740625,0,0,0,0,0,0,0,1,0,0,0,0,0
2633,2741666,0,0,0,0,0,0,0,1,0,0,0,0,0
2634,2742708,0,0,0,0,0,0,0,1,0,0,0,0,0
2635,2743750,0,0,0,0,0,0,0,1,0,0,0,0,0
2636,2744791,0,0,0,0,0,0,0,1,0,0,0,0,0
2637,2745833,0,0,0,0,0,0,0,1,0,0,0,0,0
2638,2746875,0,0,0,0,0,0,0,1,0,0,0,0,0
2639,2747916,0,0,0,0,0,0,0,1,0,0,0,0,0
2640,2748958,0,0,0,0,0,0,0,1,0,0,0,0,0
2641,2750000,0,0,0,0,0,0,0,1,0,0,0,0,0
2642,2751041,0,0,0,0,0,0,0,1,0,0,0,0,0
2643,2752083,0,0,0,0,0,0,0,1,0,0,0,0,0
2644,2753125,0,0,0,0,0,0,0,1,0,0,0,0,0
2645,2754166,0,0,0,0,0,0,0,1,0,0,0,0,0
2646,2755208,0,0,0,0,0,0,0,1,0,0,0,0,0
2647,2756250,0,0,0,0,0,0,0,1,0,0,0,0,0
2648,2757291,0,0,0,0,0,0,0,1,0,0,0,0,0
2649,2758333,0,0,0,0,0,0,0,1,0,0,0,0,0
2650,2759375,0,0,0,0,0,0,0,1,0,0,0,0,0
2651,2760416,0,0,0,0,0,0,0,1,0,0,0,0,0
2652,2761458,0,0,0,0,0,0,0,1,0,0,0,0,0
2653,2762500,0,0,0,0,0,0,0,1,0,0,0,0,0
2654,2763541,0,0,0,0,0,0,0,1,0,0,0,0,0
2655,2764583,0,0,0,0,0,0,0,1,0,0,0,0,0
2656,2765625,0,0,0,0,0,0,0,1,0,0,0,0,0
2657,2766666,0,0,0,0,0,0,0,1,0,0,0,0,0
2658,2767708,0,0,0,0,0,0,0,1,0,0,0,0,0
2659,2768750,0,0,0,0,0,0,0,1,0,0,0,0,0
2660,2769791,0,0,0,0,0,0,0,1,0,0,0,0,0
2661,2770833,0,0,0,0,0,0,0,1,0,0,0,0,0
2662,2771875,0,0,0,0,0,0,0,1,0,0,0,0,0
2663,2772916,0,0,0,0,0,0,0,1,0,0,0,0,0
2664,2773958,0,0,0,0,0,0,0,1,0,0,0,0,0
2665,2775000,0,0,0,0,0,0,0,1,0,0,0,0,0
2666,2776041,0,0,0,0,0,0,0,1,0,0,0,0,0
2667,2777083,0,0,0,0,0,0,0,1,0,0,0,0,0
2668,2778125,0,0,0,0,0,0,0,1,0,0,0,0,0
2669,2779166,0,0,0,0,0,0,0,1,0,0,0,0,0
2670,2780208,0,0,0,0,0,0,0,1,0,0,0,0,0
2671,2781250,0,0,0,0,0,0,0,1,0,0,0,0,0
2672,2782291,0,0,0,0,0,0,0,1,0,0,0,0,0
2673,2783333,0,0,0,0,0,0,0,1,0,0,0,0,0
2674,2784375,0,0,0,0,0,0,0,1,0,0,0,0,0
2675,2785416,0,0,0,0,0,0,0,1,0,0,0,0,0
2676,2786458,0,0,0,0,0,0,0,1,0,0,0,0,0
2677,2787500,0,0,0,0,0,0,0,1,0,0,0,0,0
2678,2788541,0,0,0,0,0,0,0,1,0,0,0,0,0
2679,2789583,0,0,0,0,0,0,0,1,0,0,0,0,0
2680,2790625,0,0,0,0,0,0,0,1,0,0,0,0,0
2681,2791666,0,0,0,0,0,0,0,1,0,0,0,0,0
2682,2792708,0,0,0,0,0,0,0,1,0,0,0,0,0
2683,2793750,0,0,0,0,0,0,0,1,0,0,0,0,0
2684,2794791,0,0,0,0,0,0,0,1,0,0,0,0,0
2685,2795833,0,0,0,0,0,0,0,1,0,0,0,0,0
2686,2796875,0,0,0,0,0,0,0,1,0,0,0,0,0
2687,2797916,0,0,0,0,0,0,0,1,0,0,0,0,0
2688,2798958,0,0,0,0,0,0,0,1,0,0,0,0,0
2689,2800000,0,0,0,0,0,0,0,1,0,0,0,0,0
2690,2801041,0,0,0,0,0,0,0,1,0,0,0,0,0
2691,2802083,0,0,0,0,0,0,0,1,0,0,0,0,0
2692,2803125,0,0,0,0,0,0,0,1,0,0,0,0,0
2693,2804166,0,0,0,0,0,0,0,1,0,0,0,0,0
2694,2805208,0,0,0,0,0,0,0,1,0,0,0,0,0
2695,2806250,0,0,0,0,0,0,0,1,0,0,0,0,0
2696,2807291,0,0,0,0,0,0,0,1,0,0,0,0,0
2697,2808333,0,0,0,0,0,0,0,1,0,0,0,0,0
2698,2809375,0,0,0,0,0,0,0,1,0,0,0,0,0
2699,2810416,0,0,0,0,0,0,0,1,0,0,0,0,0
2700,2811458,0,0,0,0,0,0,0,1,0,0,0,0,0
2701,2812500,0,0,0,0,0,0,0,1,0,0,0,0,0
2702,2813541,0,0,0,0,0,0,0,1,0,0,0,0,0
2703,2814583,0,0,0,0,0,0,0,1,0,0,0,0,0
2704,2815625,0,0,0,0,0,0,0,1,0,0,0,0,0
2705,2816666,0,0,0,0,0,0,0,1,0,0,0,0,0
2706,2817708,0,0,0,0,0,0,0,1,0,0,0,0,0
2707,2818750,0,0,0,0,0,0,0,1,0,0,0,0,0
2708,2819791,0,0,0,0,0,0,0,1,0,0,0,0,0
2709,2820833,0,0,0,0,0,0,0,1,0,0,0,0,0
2710,2821875,0,0,0,0,0,0,0,1,0,0,0,0,0
2711,2822916,0,0,0,0,0,0,0,1,0,0,0,0,0
2712,2823958,0,0,0,0,0,0,0,1,0,0,0,0,0
2713,2825000,0,0,0,0,0,0,0,1,0,0,0,0,0
2714,2826041,0,0,0,0,0,0,0,1,0,0,0,0,0
2715,2827083,0,0,0,0,0,0,0,1,0,0,0,0,0
2716,2828125,0,0,0,0,0,0,0,1,0,0,0,0,0
2717,2829166,0,0,0,0,0,0,0,1,0,0,0,0,0
2718,2830208,0,0,0,0,0,0,0,1,0,0,0,0,0
2719,2831250,0,0,0,0,0,0,0,1,0,0,0,0,0
2720,2832291,0,0,0,0,0,0,0,1,0,0,0,0,0
2721,2833333,0,0,0,0,0,0,0,1,0,0,0,0,0
2722,2834375,0,0,0,0,0,0,0,1,0,0,0,0,0
2723,2835416,0,0,0,0,0,0,0,1,0,0,0,0,0
2724,2836458,0,0,0,0,0,0,0,1,0,0,0,0,0
2725,2837500,0,0,0,0,0,0,0,1,0,0,0,0,0
2726,2838541,0,0,0,0,0,0,0,1,0,0,0,0,0
2727,2839583,0,0,0,0,0,0,0,1,0,0,0,0,0
2728,2840625,0,0,0,0,0,0,0,1,0,0,0,0,0
2729,2841666,0,0,0,0,0,0,0,1,0,0,0,0,0
2730,2842708,0,0,0,0,0,0,0,1,0,0,0,0,0
2731,2843750,0,0,0,0,0,0,0,1,0,0,0,0,0
2732,2844791,0,0,0,0,0,0,0,1,0,0,0,0,0
2733,2845833,0,0,0,0,0,0,0,1,0,0,0,0,0
2734,2846875,0,0,0,0,0,0,0,1,0,0,0,0,0
2735,2847916,0,0,0,0,0,0,0,1,0,0,0,0,0
2736,2848958,0,0,0,0,0,0,0,1,0,0,0,0,0
2737,2850000,0,0,0,0,0,0,0,1,0,0,0,0,0
2738,2851041,0,0,0,0,0,0,0,1,0,0,0,0,0
2739,2852083,0,0,0,0,0,0,0,1,0,0,0,0,0
2740,2853125,0,0,0,0,0,0,0,1,0,0,0,0,0
2741,2854166,0,0,0,0,0,0,0,1,0,0,0,0,0
2742,2855208,0,0,0,0,0,0,0,1,0,0,0,0,0
2743,2856250,0,0,0,0,0,0,0,1,0,0,0,0,0
2744,2857291,0,0,0,0,0,0,0,1,0,0,0,0,0
2745,2858333,0,0,0,0,0,0,0,1,0,0,0,0,0
2746,2859375,0,0,0,0,0,0,0,1,0,0,0,0,0
2747,2860416,0,0,0,0,0,0,0,1,0,0,0,0,0
2748,2861458,0,0,0,0,0,0,0,1,0,0,0,0,0
2749,2862500,0,0,0,0,0,0,0,1,0,0,0,0,0
2750,2863541,0,0,0,0,0,0,0,1,0,0,0,0,0
2751,2864583,0,0,0,0,0,0,0,1,0,0,0,0,0
2752,2865625,0,0,0,0,0,0,0,1,0,0,0,0,0
2753,2866666,0,0,0,0,0,0,0,1,0,0,0,0,0
2754,2867708,0,0,0,0,0,0,0,1,0,0,0,0,0
2755,2868750,0,0,0,0,0,0,0,1,0,0,0,0,0
2756,2869791,0,0,0,0,0,0,0,1,0,0,0,0,0
2757,2870833,0,0,0,0,0,0,0,1,0,0,0,0,0
2758,2871875,0,0,0,0,0,0,0,1,0,0,0,0,0
2759,2872916,0,0,0,0,0,0,0,1,0,0,0,0,0
2760,2873958,0,0,0,0,0,0,0,1,0,0,0,0,0
2761,2875000,0,0,0,0,0,0,0,1,0,0,0,0,0
2762,2876041,0,0,0,0,0,0,0,1,0,0,0,0,0
2763,2877083,0,0,0,0,0,0,0,1,0,0,0,0,0
2764,2878125,0,0,0,0,0,0,0,1,0,0,0,0,0
2765,2879166,0,0,0,0,0,0,0,1,0,0,0,0,0
2766,2880208,0,0,0,0,0,0,0,1,0,0,0,0,0
2767,2881250,0,0,0,0,0,0,0,1,0,0,0,0,0
2768,2882291,0,0,0,0,0,0,0,1,0,0,0,0,0
2769,2883333,0,0,0,0,0,0,0,1,0,0,0,0,0
2770,2884375,0,0,0,0,0,0,0,1,0,0,0,0,0
2771,2885416,0,0,0,0,0,0,0,1,0,0,0,0,0
2772,2886458,0,0,0,0,0,0,0,1,0,0,0,0,0
2773,2887500,0,0,0,0,0,0,0,1,0,0,0,0,0
2774,2888541,0,0,0,0,0,0,0,1,0,0,0,0,0
2775,2889583,0,0,0,0,0,0,0,1,0,0,0,0,0
2776,2890625,0,0,0,0,0,0,0,1,0,0,0,0,0
2777,2891666,0,0,0,0,0,0,0,1,0,0,0,0,0
2778,2892708,0,0,0,0,0,0,0,1,0,0,0,0,0
2779,2893750,0,0,0,0,0,0,0,1,0,0,0,0,0
2780,2894791,0,0,0,0,0,0,0,1,0,0,0,0,0
2781,2895833,0,0,0,0,0,0,0,1,0,0,0,0,0
2782,2896875,0,0,0,0,0,0,0,1,0,0,0,0,0
2783,2897916,0,0,0,0,0,0,0,1,0,0,0,0,0
2784,2898958,0,0,0,0,0,0,0,1,0,0,0,0,0
2785,2900000,0,0,0,0,0,0,0,1,0,0,0,0,0
2786,2901041,0,0,0,0,0,0,0,1,0,0,0,0,0
2787,2902083,0,0,0,0,0,0,0,1,0,0,0,0,0
2788,2903125,0,0,0,0,0,0,0,1,0,0,0,0,0
2789,2904166,0,0,0,0,0,0,0,1,0,0,0,0,0
2790,2905208,0,0,0,0,0,0,0,1,0,0,0,0,0
2791,2906250,0,0,0,0,0,0,0,1,0,0,0,0,0
2792,2907291,0,0,0,0,0,0,0,1,0,0,0,0,0
2793,2908333,0,0,0,0,0,0,0,1,0,0,0,0,0
2794,2909375,0,0,0,0,0,0,0,1,0,0,0,0,0
2795,2910416,0,0,0,0,0,0,0,1,0,0,0,0,0
2796,2911458,0,0,0,0,0,0,0,1,0,0,0,0,0
2797,2912500,0,0,0,0,0,0,0,1,0,0,0,0,0
2798,2913541,0,0,0,0,0,0,0,1,0,0,0,0,0
2799,2914583,0,0,0,0,0,0,0,1,0,0,0,0,0
2800,2915625,0,0,0,0,0,0,0,1,0,0,0,0,0
2801,2916666,0,0,0,0,0,0,0,1,0,0,0,0,0
2802,2917708,0,0,0,0,0,0,0,1,0,0,0,0,0
2803,2918750,0,0,0,0,0,0,0,1,0,0,0,0,0
2804,2919791,0,0,0,0,0,0,0,1,0,0,0,0,0
2805,2920833,0,0,0,0,0,0,0,1,0,0,0,0,0
2806,2921875,0,0,0,0,0,0,0,1,0,0,0,0,0
2807,2922916,0,0,0,0,0,0,0,1,0,0,0,0,0
2808,2923958,0,0,0,0,0,0,0,1,0,0,0,0,0
2809,2925000,0,0,0,0,0,0,0,1,0,0,0,0,0
2810,2926041,0,0,0,0,0,0,0,1,0,0,0,0,0
2811,2927083,0,0,0,0,0,0,0,1,0,0,0,0,0
2812,2928125,0,0,0,0,0,0,0,1,0,0,0,0,0
2813,2929166,0,0,0,0,0,0,0,1,0,0,0,0,0
2814,2930208,0,0,0,0,0,0,0,1,0,0,0,0,0
2815,2931250,0,0,0,0,0,0,0,1,0,0,0,0,0
2816,2932291,0,0,0,0,0,0,0,1,0,0,0,0,0
2817,2933333,0,0,0,0,0,0,0,1,0,0,0,0,0
2818,2934375,0,0,0,0,0,0,0,1,0,0,0,0,0
2819,2935416,0,0,0,0,0,0,0,1,0,0,0,0,0
2820,2936458,0,0,0,0,0,0,0,1,0,0,0,0,0
2821,2937500,0,0,0,0,0,0,0,1,0,0,0,0,0
2822,2938541,0,0,0,0,0,0,0,1,0,0,0,0,0
2823,2939583,0,0,0,0,0,0,0,1,0,0,0,0,0
2824,2940625,0,0,0,0,0,0,0,1,0,0,0,0,0
2825,2941666,0,0,0,0,0,0,0,1,0,0,0,0,0
2826,2942708,0,0,0,0,0,0,0,1,0,0,0,0,0
2827,2943750,0,0,0,0,0,0,0,1,0,0,0,0,0
2828,2944791,0,0,0,0,0,0,0,1,0,0,0,0,0
2829,2945833,0,0,0,0,0,0,0,1,0,0,0,0,0
2830,2946875,0,0,0,0,0,0,0,1,0,0,0,0,0
2831,2947916,0,0,0,0,0,0,0,1,0,0,0,0,0
2832,2948958,0,0,0,0,0,0,0,1,0,0,0,0,0
2833,2950000,0,0,0,0,0,0,0,1,0,0,0,0,0
2834,2951041,0,0,0,0,0,0,0,1,0,0,0,0,0
2835,2952083,0,0,0,0,0,0,0,1,0,0,0,0,0
2836,2953125,0,0,0,0,0,0,0,1,0,0,0,0,0
2837,2954166,0,0,0,0,0,0,0,1,0,0,0,0,0
2838,2955208,0,0,0,0,0,0,0,1,0,0,0,0,0
2839,2956250,0,0,0,0,0,0,0,1,0,0,0,0,0
2840,2957291,0,0,0,0,0,0,0,1,0,0,0,0,0
2841,2958333,0,0,0,0,0,0,0,1,0,0,0,0,0
2842,2959375,0,0,0,0,0,0,0,1,0,0,0,0,0
2843,2960416,0,0,0,0,0,0,0,1,0,0,0,0,0
2844,2961458,0,0,0,0,0,0,0,1,0,0,0,0,0
2845,2962500,0,0,0,0,0,0,0,1,0,0,0,0,0
2846,2963541,0,0,0,0,0,0,0,1,0,0,0,0,0
2847,2964583,0,0,0,0,0,0,0,1,0,0,0,0,0
2848,2965625,0,0,0,0,0,0,0,1,0,0,0,0,0
2849,2966666,0,0,0,0,0,0,0,1,0,0,0,0,0
2850,2967708,0,0,0,0,0,0,0,1,0,0,0,0,0
2851,2968750,0,0,0,0,0,0,0,1,0,0,0,0,0
2852,2969791,0,0,0,0,0,0,0,1,0,0,0,0,0
2853,2970833,0,0,0,0,0,0,0,1,0,0,0,0,0
2854,2971875,0,0,0,0,0,0,0,1,0,0,0,0,0
2855,2972916,0,0,0,0,0,0,0,1,0,0,0,0,0
2856,2973958,0,0,0,0,0,0,0,1,0,0,0,0,0
2857,2975000,0,0,0,0,0,0,0,1,0,0,0,0,0
2858,2976041,0,0,0,0,0,0,0,1,0,0,0,0,0
2859,2977083,0,0,0,0,0,0,0,1,0,0,0,0,0
2860,2978125,0,0,0,0,0,0,0,1,0,0,0,0,0
2861,2979166,0,0,0,0,0,0,0,1,0,0,0,0,0
2862,2980208,0,0,0,0,0,0,0,1,0,0,0,0,0
2863,2981250,0,0,0,0,0,0,0,1,0,0,0,0,0
2864,2982291,0,0,0,0,0,0,0,1,0,0,0,0,0
2865,2983333,0,0,0,0,0,0,0,1,0,0,0,0,0
2866,2984375,0,0,0,0,0,0,0,1,0,0,0,0,0
2867,2985416,0,0,0,0,0,0,0,1,0,0,0,0,0
2868,2986458,0,0,0,0,0,0,0,1,0,0,0,0,0
2869,2987500,0,0,0,0,0,0,0,1,0,0,0,0,0
2870,2988541,0,0,0,0,0,0,0,1,0,0,0,0,0
2871,2989583,0,0,0,0,0,0,0,1,0,0,0,0,0
2872,2990625,0,0,0,0,0,0,0,1,0,0,0,0,0
2873,2991666,0,0,0,0,0,0,0,1,0,0,0,0,0
2874,2992708,0,0,0,0,0,0,0,1,0,0,0,0,0
2875,2993750,0,0,0,0,0,0,0,1,0,0,0,0,0
2876,2994791,0,0,0,0,0,0,0,1,0,0,0,0,0
2877,2995833,0,0,0,0,0,0,0,1,0,0,0,0,0
2878,2996875,0,0,0,0,0,0,0,1,0,0,0,0,0
2879,2997916,0,0,0,0,0,0,0,1,0,0,0,0,0
2880,2998958,0,0,0,0,0,0,0,1,0,0,0,0,0
2881,3000000,0,0,0,0,0,0,0,1,0,0,0,0,0
2882,3001041,0,0,0,0,0,0,0,1,0,0,0,0,0
2883,3002083,0,0,0,0,0,0,0,1,0,0,0,0,0
2884,3003125,0,0,0,0,0,0,0,1,0,0,0,0,0
2885,3004166,0,0,0,0,0,0,0,1,0,0,0,0,0
2886,3005208,0,0,0,0,0,0,0,1,0,0,0,0,0
2887,3006250,0,0,0,0,0,0,0,1,0,0,0,0,0
2888,3007291,0,0,0,0,0,0,0,1,0,0,0,0,0
2889,3008333,0,0,0,0,0,0,0,1,0,0,0,0,0
2890,3009375,0,0,0,0,0,0,0,1,0,0,0,0,0
2891,3010416,0,0,0,0,0,0,0,1,0,0,0,0,0
2892,3011458,0,0,0,0,0,0,0,1,0,0,0,0,0
2893,3012500,0,0,0,0,0,0,0,1,0,0,0,0,0
2894,3013541,0,0,0,0,0,0,0,1,0,0,0,0,0
2895,3014583,0,0,0,0,0,0,0,1,0,0,0,0,0
2896,3015625,0,0,0,0,0,0,0,1,0,0,0,0,0
2897,3016666,0,0,0,0,0,0,0,1,0,0,0,0,0
2898,3017708,0,0,0,0,0,0,0,1,0,0,0,0,0
2899,3018750,0,0,0,0,0,0,0,1,0,0,0,0,0
2900,3019791,0,0,0,0,0,0,0,1,0,0,0,0,0
2901,3020833,0,0,0,0,0,0,0,1,0,0,0,0,0
2902,3021875,0,0,0,0,0,0,0,1,0,0,0,0,0
2903,3022916,0,0,0,0,0,0,0,1,0,0,0,0,0
2904,3023958,0,0,0,0,0,0,0,1,0,0,0,0,0
2905,3025000,0,0,0,0,0,0,0,1,0,0,0,0,0
2906,3026041,0,0,0,0,0,0,0,1,0,0,0,0,0
2907,3027083,0,0,0,0,0,0,0,1,0,0,0,0,0
2908,3028125,0,0,0,0,0,0,0,1,0,0,0,0,0
2909,3029166,0,0,0,0,0,0,0,1,0,0,0,0,0
2910,3030208,0,0,0,0,0,0,0,1,0,0,0,0,0
2911,3031250,0,0,0,0,0,0,0,1,0,0,0,0,0
2912,3032291,0,0,0,0,0,0,0,1,0,0,0,0,0
2913,3033333,0,0,0,0,0,0,0,1,0,0,0,0,0
2914,3034375,0,0,0,0,0,0,0,1,0,0,0,0,0
2915,3035416,0,0,0,0,0,0,0,1,0,0,0,0,0
2916,3036458,0,0,0,0,0,0,0,1,0,0,0,0,0
2917,3037500,0,0,0,0,0,0,0,1,0,0,0,0,0
2918,3038541,0,0,0,0,0,0,0,1,0,0,0,0,0
2919,3039583,0,0,0,0,0,0,0,1,0,0,0,0,0
2920,3040625,0,0,0,0,0,0,0,1,0,0,0,0,0
2921,3041666,0,0,0,0,0,0,0,1,0,0,0,0,0
2922,3042708,0,0,0,0,0,0,0,1,0,0,0,0,0
2923,3043750,0,0,0,0,0,0,0,1,0,0,0,0,0
2924,3044791,0,0,0,0,0,0,0,1,0,0,0,0,0
2925,3045833,0,0,0,0,0,0,0,1,0,0,0,0,0
2926,3046875,0,0,0,0,0,0,0,1,0,0,0,0,0
2927,3047916,0,0,0,0,0,0,0,1,0,0,0,0,0
2928,3048958,0,0,0,0,0,0,0,1,0,0,0,0,0
2929,3050000,0,0,0,0,0,0,0,1,0,0,0,0,0
2930,3051041,0,0,0,0,0,0,0,1,0,0,0,0,0
2931,3052083,0,0,0,0,0,0,0,1,0,0,0,0,0
2932,3053125,0,0,0,0,0,0,0,1,0,0,0,0,0
2933,3054166,0,0,0,0,0,0,0,1,0,0,0,0,0
2934,3055208,0,0,0,0,0,0,0,1,0,0,0,0,0
2935,3056250,0,0,0,0,0,0,0,1,0,0,0,0,0
2936,3057291,0,0,0,0,0,0,0,1,0,0,0,0,0
2937,3058333,0,0,0,0,0,0,0,1,0,0,0,0,0
2938,3059375,0,0,0,0,0,0,0,1,0,0,0,0,0
2939,3060416,0,0,0,0,0,0,0,1,0,0,0,0,0
2940,3061458,0,0,0,0,0,0,0,1,0,0,0,0,0
2941,3062500,0,0,0,0,0,0,0,1,0,0,0,0,0
2942,3063541,0,0,0,0,0,0,0,1,0,0,0,0,0
2943,3064583,0,0,0,0,0,0,0,1,0,0,0,0,0
2944,3065625,0,0,0,0,0,0,0,1,0,0,0,0,0
2945,3066666,0,0,0,0,0,0,0,1,0,0,0,0,0
2946,3067708,0,0,0,0,0,0,0,1,0,0,0,0,0
2947,3068750,0,0,0,0,0,0,0,1,0,0,0,0,0
2948,3069791,0,0,0,0,0,0,0,1,0,0,0,0,0
2949,3070833,0,0,0,0,0,0,0,1,0,0,0,0,0
2950,3071875,0,0,0,0,0,0,0,1,0,0,0,0,0
2951,3072916,0,0,0,0,0,0,0,1,0,0,0,0,0
2952,3073958,0,0,0,0,0,0,0,1,0,0,0,0,0
2953,3075000,0,0,0,0,0,0,0,1,0,0,0,0,0
2954,3076041,0,0,0,0,0,0,0,1,0,0,0,0,0
2955,3077083,0,0,0,0,0,0,0,1,0,0,0,0,0
2956,3078125,0,0,0,0,0,0,0,1,0,0,0,0,0
2957,3079166,0,0,0,0,0,0,0,1,0,0,0,0,0
2958,3080208,0,0,0,0,0,0,0,1,0,0,0,0,0
2959,3081250,0,0,0,0,0,0,0,1,0,0,0,0,0
2960,3082291,0,0,0,0,0,0,0,1,0,0,0,0,0
2961,3083333,0,0,0,0,0,0,0,1,0,0,0,0,0
2962,3084375,0,0,0,0,0,0,0,1,0,0,0,0,0
2963,3085416,0,0,0,0,0,0,0,1,0,0,0,0,0
2964,3086458,0,0,0,0,0,0,0,1,0,0,0,0,0
2965,3087500,0,0,0,0,0,0,0,1,0,0,0,0,0
2966,3088541,0,0,0,0,0,0,0,1,0,0,0,0,0
2967,3089583,0,0,0,0,0,0,0,1,0,0,0,0,0
2968,3090625,0,0,0,0,0,0,0,1,0,0,0,0,0
2969,3091666,0,0,0,0,0,0,0,1,0,0,0,0,0
2970,3092708,0,0,0,0,0,0,0,1,0,0,0,0,0
2971,3093750,0,0,0,0,0,0,0,1,0,0,0,0,0
2972,3094791,0,0,0,0,0,0,0,1,0,0,0,0,0
2973,3095833,0,0,0,0,0,0,0,1,0,0,0,0,0
2974,3096875,0,0,0,0,0,0,0,1,0,0,0,0,0
2975,3097916,0,0,0,0,0,0,0,1,0,0,0,0,0
2976,3098958,0,0,0,0,0,0,0,1,0,0,0,0,0
2977,3100000,0,0,0,0,0,0,0,1,0,0,0,0,0
2978,3101041,0,0,0,0,0,0,0,1,0,0,0,0,0
2979,3102083,0,0,0,0,0,0,0,1,0,0,0,0,0
2980,3103125,0,0,0,0,0,0,0,1,0,0,0,0,0
2981,3104166,0,0,0,0,0,0,0,1,0,0,0,0,0
2982,3105208,0,0,0,0,0,0,0,1,0,0,0,0,0
2983,3106250,0,0,0,0,0,0,0,1,0,0,0,0,0
2984,3107291,0,0,0,0,0,0,0,1,0,0,0,0,0
2985,3108333,0,0,0,0,0,0,0,1,0,0,0,0,0
2986,3109375,0,0,0,0,0,0,0,1,0,0,0,0,0
2987,3110416,0,0,0,0,0,0,0,1,0,0,0,0,0
2988,3111458,0,0,0,0,0,0,0,1,0,0,0,0,0
2989,3112500,0,0,0,0,0,0,0,1,0,0,0,0,0
2990,3113541,0,0,0,0,0,0,0,1,0,0,0,0,0
2991,3114583,0,0,0,0,0,0,0,1,0,0,0,0,0
2992,3115625,0,0,0,0,0,0,0,1,0,0,0,0,0
2993,3116666,0,0,0,0,0,0,0,1,0,0,0,0,0
2994,3117708,0,0,0,0,0,0,0,1,0,0,0,0,0
2995,3118750,0,0,0,0,0,0,0,1,0,0,0,0,0
2996,3119791,0,0,0,0,0,0,0,1,0,0,0,0,0
2997,3120833,0,0,0,0,0,0,0,1,0,0,0,0,0
2998,3121875,0,0,0,0,0,0,0,1,0,0,0,0,0
2999,3122916,0,0,0,0,0,0,0,1,0,0,0,0,0
3000,3123958,0,0,0,0,0,0,0,1,0,0,0,0,0
3001,3125000,0,0,0,0,0,0,0,1,0,0,0,0,0
3002,3126041,0,0,0,0,0,0,0,1,0,0,0,0,0
3003,3127083,0,0,0,0,0,0,0,1,0,0,0,0,0
3004,3128125,0,0,0,0,0,0,0,1,0,0,0,0,0
3005,3129166,0,0,0,0,0,0,0,1,0,0,0,0,0
3006,3130208,0,0,0,0,0,0,0,1,0,0,0,0,0
3007,3131250,0,0,0,0,0,0,0,1,0,0,0,0,0
3008,3132291,0,0,0,0,0,0,0,1,0,0,0,0,0
3009,3133333,0,0,0,0,0,0,0,1,0,0,0,0,0
3010,3134375,0,0,0,0,0,0,0,1,0,0,0,0,0
3011,3135416,0,0,0,0,0,0,0,1,0,0,0,0,0
3012,3136458,0,0,0,0,0,0,0,1,0,0,0,0,0
3013,3137500,0,0,0,0,0,0,0,1,0,0,0,0,0
3014,3138541,0,0,0,0,0,0,0,1,0,0,0,0,0
3015,3139583,0,0,0,0,0,0,0,1,0,0,0,0,0
3016,3140625,0,0,0,0,0,0,0,1,0,0,0,0,0
3017,3141666,0,0,0,0,0,0,0,1,0,0,0,0,0
3018,3142708,0,0,0,0,0,0,0,1,0,0,0,0,0
3019,3143750,0,0,0,0,0,0,0,1,0,0,0,0,0
3020,3144791,0,0,0,0,0,0,0,1,0,0,0,0,0
3021,3145833,0,0,0,0,0,0,0,1,0,0,0,0,0
3022,3146875,0,0,0,0,0,0,0,1,0,0,0,0,0
3023,3147916,0,0,0,0,0,0,0,1,0,0,0,0,0
3024,3148958,0,0,0,0,0,0,0,1,0,0,0,0,0
3025,3150000,0,0,0,0,0,0,0,1,0,0,0,0,0
3026,3151041,0,0,0,0,0,0,0,1,0,0,0,0,0
3027,3152083,0,0,0,0,0,0,0,1,0,0,0,0,0
3028,3153125,0,0,0,0,0,0,0,1,0,0,0,0,0
3029,3154166,0,0,0,0,0,0,0,1,0,0,0,0,0
3030,3155208,0,0,0,0,0,0,0,1,0,0,0,0,0
3031,3156250,0,0,0,0,0,0,0,1,0,0,0,0,0
3032,3157291,0,0,0,0,0,0,0,1,0,0,0,0,0
3033,3158333,0,0,0,0,0,0,0,1,0,0,0,0,0
3034,3159375,0,0,0,0,0,0,0,1,0,0,0,0,0
3035,3160416,0,0,0,0,0,0,0,1,0,0,0,0,0
3036,3161458,0,0,0,0,0,0,0,1,0,0,0,0,0
3037,3162500,0,0,0,0,0,0,0,1,0,0,0,0,0
3038,3163541,0,0,0,0,0,0,0,1,0,0,0,0,0
3039,3164583,0,0,0,0,0,0,0,1,0,0,0,0,0
3040,3165625,0,0,0,0,0,0,0,1,0,0,0,0,0
3041,3166666,0,0,0,0,0,0,0,1,0,0,0,0,0
3042,3167708,0,0,0,0,0,0,0,1,0,0,0,0,0
3043,3168750,0,0,0,0,0,0,0,1,0,0,0,0,0
3044,3169791,0,0,0,0,0,0,0,1,0,0,0,0,0
3045,3170833,0,0,0,0,0,0,0,1,0,0,0,0,0
3046,3171875,0,0,0,0,0,0,0,1,0,0,0,0,0
3047,3172916,0,0,0,0,0,0,0,1,0,0,0,0,0
3048,3173958,0,0,0,0,0,0,0,1,0,0,0,0,0
3049,3175000,0,0,0,0,0,0,0,1,0,0,0,0,0
3050,3176041,0,0,0,0,0,0,0,1,0,0,0,0,0
3051,3177083,0,0,0,0,0,0,0,1,0,0,0,0,0
3052,3178125,0,0,0,0,0,0,0,1,0,0,0,0,0
3053,3179166,0,0,0,0,0,0,0,1,0,0,0,0,0
3054,3180208,0,0,0,0,0,0,0,1,0,0,0,0,0
3055,3181250,0,0,0,0,0,0,0,1,0,0,0,0,0
3056,3182291,0,0,0,0,0,0,0,1,0,0,0,0,0
3057,3183333,0,0,0,0,0,0,0,1,0,0,0,0,0
3058,3184375,0,0,0,0,0,0,0,1,0,0,0,0,0
3059,3185416,0,0,0,0,0,0,0,1,0,0,0,0,0
3060,3186458,0,0,0,0,0,0,0,1,0,0,0,0,0
3061,3187500,0,0,0,0,0,0,0,1,0,0,0,0,0
3062,3188541,0,0,0,0,0,0,0,1,0,0,0,0,0
3063,3189583,0,0,0,0,0,0,0,1,0,0,0,0,0
3064,3190625,0,0,0,0,0,0,0,1,0,0,0,0,0
3065,3191666,0,0,0,0,0,0,0,1,0,0,0,0,0
3066,3192708,0,0,0,0,0,0,0,1,0,0,0,0,0
3067,3193750,0,0,0,0,0,0,0,1,0,0,0,0,0
3068,3194791,0,0,0,0,0,0,0,1,0,0,0,0,0
3069,3195833,0,0,0,0,0,0,0,1,0,0,0,0,0
3070,3196875,0,0,0,0,0,0,0,1,0,0,0,0,0
3071,3197916,-212,-78,290,0,-20432,-7479,27910,0,0,0,1,1,0
3072,3198958,-115,-183,298,0,-11058,-17590,28648,0,0,0,1,1,0
3073,3200000,0,-260,260,0,0,-25024,25024,0,0,0,1,1,0
3074,3201041,115,-298,183,0,11058,-28648,17590,0,0,0,1,1,0
3075,3202083,212,-290,78,0,20432,-27910,7479,0,0,0,1,1,0
3076,3203125,277,-238,-39,0,26696,-22924,-3772,0,0,0,1,1,0
3077,3204166,300,-150,-150,0,28895,-14448,-14448,0,0,0,1,1,0
3078,3205208,277,-39,-238,0,26696,-3772,-22924,0,0,0,1,1,0
3079,3206250,212,78,-290,0,20432,7479,-27910,0,0,0,1,1,0
3080,3207291,115,183,-5164,-4867,11942,18997,-2865,0,1,0,1,1,0
3081,3208333,0,260,-1670,-1410,0,27026,-2502,0,1,0,0,1,0
3082,3209375,-115,298,4130,4313,-11942,30940,-1759,0,1,0,0,1,0
3083,3210416,-212,290,11273,11351,-22066,30143,-748,0,1,0,0,1,0
3084,3211458,-277,238,18596,18557,-28831,24758,377,0,1,0,0,1,0
3085,3212500,-300,150,24911,24761,-31207,15603,1445,0,1,0,0,1,0
3086,3213541,-277,39,29186,28948,-28831,4073,2292,0,1,0,0,1,0
3087,3214583,-212,-78,30704,30414,-22066,-8077,2791,0,1,0,0,1,0
3088,3215625,-115,-183,29167,28869,-11942,-18997,2865,0,1,0,0,1,0
3089,3216666,0,-260,24748,24488,0,-27026,2502,0,1,0,0,1,0
3090,3217708,115,-298,18060,17877,11942,-30940,1759,0,1,0,0,1,0
3091,3218750,212,-290,10063,9985,22066,-30143,748,0,1,0,0,1,0
3092,3219791,277,-238,1918,1957,28831,-24758,-377,0,1,0,0,1,0
3093,3220833,300,-150,-5187,-5037,31207,-15603,-1445,0,1,0,0,1,0
3094,3221875,277,-39,-10222,-9984,28831,-4073,-2292,0,1,0,0,1,0
3095,3222916,212,78,-12470,-12180,22066,8077,-2791,0,1,0,0,1,0
3096,3223958,115,183,-11635,-11338,11942,18997,-2865,0,1,0,0,1,0
3097,3225000,0,260,-7892,-7632,0,27026,-2502,0,1,0,0,1,0
3098,3226041,-115,298,-1852,-1670,-11942,30940,-1759,0,1,0,0,1,0
3099,3227083,-212,290,5521,5599,-22066,30143,-748,0,1,0,0,1,0
3100,3228125,0,0,0,0,0,0,0,1,0,0,0,0,1
3101,3229166,0,0,0,0,0,0,0,1,0,0,0,0,1
3102,3230208,0,0,0,0,0,0,0,1,0,0,0,0,1
3103,3231250,0,0,0,0,0,0,0,1,0,0,0,0,1
3104,3232291,0,0,0,0,0,0,0,1,0,0,0,0,1
3105,3233333,0,0,0,0,0,0,0,1,0,0,0,0,1
3106,3234375,0,0,0,0,0,0,0,1,0,0,0,0,1
3107,3235416,0,0,0,0,0,0,0,1,0,0,0,0,1
3108,3236458,0,0,0,0,0,0,0,1,0,0,0,0,1
3109,3237500,0,0,0,0,0,0,0,1,0,0,0,0,1
3110,3238541,0,0,0,0,0,0,0,1,0,0,0,0,1
3111,3239583,0,0,0,0,0,0,0,1,0,0,0,0,1
3112,3240625,0,0,0,0,0,0,0,1,0,0,0,0,1
3113,3241666,0,0,0,0,0,0,0,1,0,0,0,0,1
3114,3242708,0,0,0,0,0,0,0,1,0,0,0,0,1
3115,3243750,0,0,0,0,0,0,0,1,0,0,0,0,1
3116,3244791,0,0,0,0,0,0,0,1,0,0,0,0,1
3117,3245833,0,0,0,0,0,0,0,1,0,0,0,0,1
3118,3246875,0,0,0,0,0,0,0,1,0,0,0,0,1
3119,3247916,0,0,0,0,0,0,0,1,0,0,0,0,1
3120,3248958,0,0,0,0,0,0,0,1,0,0,0,0,1
3121,3250000,0,0,0,0,0,0,0,1,0,0,0,0,1
3122,3251041,0,0,0,0,0,0,0,1,0,0,0,0,1
3123,3252083,0,0,0,0,0,0,0,1,0,0,0,0,1
3124,3253125,0,0,0,0,0,0,0,1,0,0,0,0,1
3125,3254166,0,0,0,0,0,0,0,1,0,0,0,0,1
3126,3255208,0,0,0,0,0,0,0,1,0,0,0,0,1
3127,3256250,0,0,0,0,0,0,0,1,0,0,0,0,1
3128,3257291,0,0,0,0,0,0,0,1,0,0,0,0,1
3129,3258333,0,0,0,0,0,0,0,1,0,0,0,0,1
3130,3259375,0,0,0,0,0,0,0,1,0,0,0,0,1
3131,3260416,0,0,0,0,0,0,0,1,0,0,0,0,1
3132,3261458,0,0,0,0,0,0,0,1,0,0,0,0,1
3133,3262500,0,0,0,0,0,0,0,1,0,0,0,0,1
3134,3263541,0,0,0,0,0,0,0,1,0,0,0,0,1
3135,3264583,0,0,0,0,0,0,0,1,0,0,0,0,1
3136,3265625,0,0,0,0,0,0,0,1,0,0,0,0,1
3137,3266666,0,0,0,0,0,0,0,1,0,0,0,0,1
3138,3267708,0,0,0,0,0,0,0,1,0,0,0,0,1
3139,3268750,0,0,0,0,0,0,0,1,0,0,0,0,1
3140,3269791,0,0,0,0,0,0,0,1,0,0,0,0,1
3141,3270833,0,0,0,0,0,0,0,1,0,0,0,0,1
3142,3271875,0,0,0,0,0,0,0,1,0,0,0,0,1
3143,3272916,0,0,0,0,0,0,0,1,0,0,0,0,1
3144,3273958,0,0,0,0,0,0,0,1,0,0,0,0,1
3145,3275000,0,0,0,0,0,0,0,1,0,0,0,0,1
3146,3276041,0,0,0,0,0,0,0,1,0,0,0,0,1
3147,3277083,0,0,0,0,0,0,0,1,0,0,0,0,1
3148,3278125,0,0,0,0,0,0,0,1,0,0,0,0,1
3149,3279166,0,0,0,0,0,0,0,1,0,0,0,0,1
3150,3280208,0,0,0,0,0,0,0,1,0,0,0,0,1
3151,3281250,0,0,0,0,0,0,0,1,0,0,0,0,1
3152,3282291,0,0,0,0,0,0,0,1,0,0,0,0,1
3153,3283333,0,0,0,0,0,0,0,1,0,0,0,0,1
3154,3284375,0,0,0,0,0,0,0,1,0,0,0,0,1
3155,3285416,0,0,0,0,0,0,0,1,0,0,0,0,1
3156,3286458,0,0,0,0,0,0,0,1,0,0,0,0,1
3157,3287500,0,0,0,0,0,0,0,1,0,0,0,0,1
3158,3288541,0,0,0,0,0,0,0,1,0,0,0,0,1
3159,3289583,0,0,0,0,0,0,0,1,0,0,0,0,1
3160,3290625,0,0,0,0,0,0,0,1,0,0,0,0,1
3161,3291666,0,0,0,0,0,0,0,1,0,0,0,0,1
3162,3292708,0,0,0,0,0,0,0,1,0,0,0,0,1
3163,3293750,0,0,0,0,0,0,0,1,0,0,0,0,1
3164,3294791,0,0,0,0,0,0,0,1,0,0,0,0,1
3165,3295833,0,0,0,0,0,0,0,1,0,0,0,0,1
3166,3296875,0,0,0,0,0,0,0,1,0,0,0,0,1
3167,3297916,0,0,0,0,0,0,0,1,0,0,0,0,1
3168,3298958,0,0,0,0,0,0,0,1,0,0,0,0,1
3169,3300000,0,0,0,0,0,0,0,1,0,0,0,0,1
3170,3301041,0,0,0,0,0,0,0,1,0,0,0,0,1
3171,3302083,0,0,0,0,0,0,0,1,0,0,0,0,1
3172,3303125,0,0,0,0,0,0,0,1,0,0,0,0,1
3173,3304166,0,0,0,0,0,0,0,1,0,0,0,0,1
3174,3305208,0,0,0,0,0,0,0,1,0,0,0,0,1
3175,3306250,0,0,0,0,0,0,0,1,0,0,0,0,1
3176,3307291,0,0,0,0,0,0,0,1,0,0,0,0,1
3177,3308333,0,0,0,0,0,0,0,1,0,0,0,0,1
3178,3309375,0,0,0,0,0,0,0,1,0,0,0,0,1
3179,3310416,0,0,0,0,0,0,0,1,0,0,0,0,1
3180,3311458,0,0,0,0,0,0,0,1,0,0,0,0,1
3181,3312500,0,0,0,0,0,0,0,1,0,0,0,0,1
3182,3313541,0,0,0,0,0,0,0,1,0,0,0,0,1
3183,3314583,0,0,0,0,0,0,0,1,0,0,0,0,1
3184,3315625,0,0,0,0,0,0,0,1,0,0,0,0,1
3185,3316666,0,0,0,0,0,0,0,1,0,0,0,0,1
3186,3317708,0,0,0,0,0,0,0,1,0,0,0,0,1
3187,3318750,0,0,0,0,0,0,0,1,0,0,0,0,1
3188,3319791,0,0,0,0,0,0,0,1,0,0,0,0,1
3189,3320833,0,0,0,0,0,0,0,1,0,0,0,0,1
3190,3321875,0,0,0,0,0,0,0,1,0,0,0,0,1
3191,3322916,0,0,0,0,0,0,0,1,0,0,0,0,1
3192,3323958,0,0,0,0,0,0,0,1,0,0,0,0,1
3193,3325000,0,0,0,0,0,0,0,1,0,0,0,0,1
3194,3326041,0,0,0,0,0,0,0,1,0,0,0,0,1
3195,3327083,0,0,0,0,0,0,0,1,0,0,0,0,1
3196,3328125,0,0,0,0,0,0,0,1,0,0,0,0,1
3197,3329166,0,0,0,0,0,0,0,1,0,0,0,0,1
3198,3330208,0,0,0,0,0,0,0,1,0,0,0,0,1
3199,3331250,0,0,0,0,0,0,0,1,0,0,0,0,1
3200,3332291,0,0,0,0,0,0,0,1,0,0,0,0,1
3201,3333333,0,0,0,0,0,0,0,1,0,0,0,0,1
3202,3334375,0,0,0,0,0,0,0,1,0,0,0,0,1
3203,3335416,0,0,0,0,0,0,0,1,0,0,0,0,1
3204,3336458,0,0,0,0,0,0,0,1,0,0,0,0,1
3205,3337500,0,0,0,0,0,0,0,1,0,0,0,0,1
3206,3338541,0,0,0,0,0,0,0,1,0,0,0,0,1
3207,3339583,0,0,0,0,0,0,0,1,0,0,0,0,1
3208,3340625,0,0,0,0,0,0,0,1,0,0,0,0,1
3209,3341666,0,0,0,0,0,0,0,1,0,0,0,0,1
3210,3342708,0,0,0,0,0,0,0,1,0,0,0,0,1
3211,3343750,0,0,0,0,0,0,0,1,0,0,0,0,1
3212,3344791,0,0,0,0,0,0,0,1,0,0,0,0,1
3213,3345833,0,0,0,0,0,0,0,1,0,0,0,0,1
3214,3346875,0,0,0,0,0,0,0,1,0,0,0,0,1
3215,3347916,0,0,0,0,0,0,0,1,0,0,0,0,1
3216,3348958,0,0,0,0,0,0,0,1,0,0,0,0,1
3217,3350000,0,0,0,0,0,0,0,1,0,0,0,0,1
3218,3351041,0,0,0,0,0,0,0,1,0,0,0,0,1
3219,3352083,0,0,0,0,0,0,0,1,0,0,0,0,1
3220,3353125,0,0,0,0,0,0,0,1,0,0,0,0,1
3221,3354166,0,0,0,0,0,0,0,1,0,0,0,0,1
3222,3355208,0,0,0,0,0,0,0,1,0,0,0,0,1
3223,3356250,0,0,0,0,0,0,0,1,0,0,0,0,1
3224,3357291,0,0,0,0,0,0,0,1,0,0,0,0,1
3225,3358333,0,0,0,0,0,0,0,1,0,0,0,0,1
3226,3359375,0,0,0,0,0,0,0,1,0,0,0,0,1
3227,3360416,0,0,0,0,0,0,0,1,0,0,0,0,1
3228,3361458,0,0,0,0,0,0,0,1,0,0,0,0,1
3229,3362500,0,0,0,0,0,0,0,1,0,0,0,0,1
3230,3363541,0,0,0,0,0,0,0,1,0,0,0,0,1
3231,3364583,0,0,0,0,0,0,0,1,0,0,0,0,1
3232,3365625,0,0,0,0,0,0,0,1,0,0,0,0,1
3233,3366666,0,0,0,0,0,0,0,1,0,0,0,0,1
3234,3367708,0,0,0,0,0,0,0,1,0,0,0,0,1
3235,3368750,0,0,0,0,0,0,0,1,0,0,0,0,1
3236,3369791,0,0,0,0,0,0,0,1,0,0,0,0,1
3237,3370833,0,0,0,0,0,0,0,1,0,0,0,0,1
3238,3371875,0,0,0,0,0,0,0,1,0,0,0,0,1
3239,3372916,0,0,0,0,0,0,0,1,0,0,0,0,1
3240,3373958,0,0,0,0,0,0,0,1,0,0,0,0,1
3241,3375000,0,0,0,0,0,0,0,1,0,0,0,0,1
3242,3376041,0,0,0,0,0,0,0,1,0,0,0,0,1
3243,3377083,0,0,0,0,0,0,0,1,0,0,0,0,1
3244,3378125,0,0,0,0,0,0,0,1,0,0,0,0,1
3245,3379166,0,0,0,0,0,0,0,1,0,0,0,0,1
3246,3380208,0,0,0,0,0,0,0,1,0,0,0,0,1
3247,3381250,0,0,0,0,0,0,0,1,0,0,0,0,1
3248,3382291,0,0,0,0,0,0,0,1,0,0,0,0,1
3249,3383333,0,0,0,0,0,0,0,1,0,0,0,0,1
3250,3384375,0,0,0,0,0,0,0,1,0,0,0,0,1
3251,3385416,0,0,0,0,0,0,0,1,0,0,0,0,1
3252,3386458,0,0,0,0,0,0,0,1,0,0,0,0,1
3253,3387500,0,0,0,0,0,0,0,1,0,0,0,0,1
3254,3388541,0,0,0,0,0,0,0,1,0,0,0,0,1
3255,3389583,0,0,0,0,0,0,0,1,0,0,0,0,1
3256,3390625,0,0,0,0,0,0,0,1,0,0,0,0,1
3257,3391666,0,0,0,0,0,0,0,1,0,0,0,0,1
3258,3392708,0,0,0,0,0,0,0,1,0,0,0,0,1
3259,3393750,0,0,0,0,0,0,0,1,0,0,0,0,1
3260,3394791,0,0,0,0,0,0,0,1,0,0,0,0,1
3261,3395833,0,0,0,0,0,0,0,1,0,0,0,0,1
3262,3396875,0,0,0,0,0,0,0,1,0,0,0,0,1
3263,3397916,0,0,0,0,0,0,0,1,0,0,0,0,1
3264,3398958,0,0,0,0,0,0,0,1,0,0,0,0,1
3265,3400000,0,0,0,0,0,0,0,1,0,0,0,0,1
3266,3401041,0,0,0,0,0,0,0,1,0,0,0,0,1
3267,3402083,0,0,0,0,0,0,0,1,0,0,0,0,1
3268,3403125,0,0,0,0,0,0,0,1,0,0,0,0,1
3269,3404166,0,0,0,0,0,0,0,1,0,0,0,0,1
3270,3405208,0,0,0,0,0,0,0,1,0,0,0,0,1
3271,3406250,0,0,0,0,0,0,0,1,0,0,0,0,1
3272,3407291,0,0,0,0,0,0,0,1,0,0,0,0,1
3273,3408333,0,0,0,0,0,0,0,1,0,0,0,0,1
3274,3409375,0,0,0,0,0,0,0,1,0,0,0,0,1
3275,3410416,0,0,0,0,0,0,0,1,0,0,0,0,1
3276,3411458,0,0,0,0,0,0,0,1,0,0,0,0,1
3277,3412500,0,0,0,0,0,0,0,1,0,0,0,0,1
3278,3413541,0,0,0,0,0,0,0,1,0,0,0,0,1
3279,3414583,0,0,0,0,0,0,0,1,0,0,0,0,1
3280,3415625,0,0,0,0,0,0,0,1,0,0,0,0,1
3281,3416666,0,0,0,0,0,0,0,1,0,0,0,0,1
3282,3417708,0,0,0,0,0,0,0,1,0,0,0,0,1
3283,3418750,0,0,0,0,0,0,0,1,0,0,0,0,1
3284,3419791,0,0,0,0,0,0,0,1,0,0,0,0,1
3285,3420833,0,0,0,0,0,0,0,1,0,0,0,0,1
3286,3421875,0,0,0,0,0,0,0,1,0,0,0,0,1
3287,3422916,0,0,0,0,0,0,0,1,0,0,0,0,1
3288,3423958,0,0,0,0,0,0,0,1,0,0,0,0,1
3289,3425000,0,0,0,0,0,0,0,1,0,0,0,0,1
3290,3426041,0,0,0,0,0,0,0,1,0,0,0,0,1
3291,3427083,0,0,0,0,0,0,0,1,0,0,0,0,1
3292,3428125,0,0,0,0,0,0,0,1,0,0,0,0,1
3293,3429166,0,0,0,0,0,0,0,1,0,0,0,0,1
3294,3430208,0,0,0,0,0,0,0,1,0,0,0,0,1
3295,3431250,0,0,0,0,0,0,0,1,0,0,0,0,1
3296,3432291,0,0,0,0,0,0,0,1,0,0,0,0,1
3297,3433333,0,0,0,0,0,0,0,1,0,0,0,0,1
3298,3434375,0,0,0,0,0,0,0,1,0,0,0,0,1
3299,3435416,0,0,0,0,0,0,0,1,0,0,0,0,1
3300,3436458,0,0,0,0,0,0,0,1,0,0,0,0,1
3301,3437500,0,0,0,0,0,0,0,1,0,0,0,0,1
3302,3438541,0,0,0,0,0,0,0,1,0,0,0,0,1
3303,3439583,0,0,0,0,0,0,0,1,0,0,0,0,1
3304,3440625,0,0,0,0,0,0,0,1,0,0,0,0,1
3305,3441666,0,0,0,0,0,0,0,1,0,0,0,0,1
3306,3442708,0,0,0,0,0,0,0,1,0,0,0,0,1
3307,3443750,0,0,0,0,0,0,0,1,0,0,0,0,1
3308,3444791,0,0,0,0,0,0,0,1,0,0,0,0,1
3309,3445833,0,0,0,0,0,0,0,1,0,0,0,0,1
3310,3446875,0,0,0,0,0,0,0,1,0,0,0,0,1
3311,3447916,0,0,0,0,0,0,0,1,0,0,0,0,1
3312,3448958,0,0,0,0,0,0,0,1,0,0,0,0,1
3313,3450000,0,0,0,0,0,0,0,1,0,0,0,0,1
3314,3451041,0,0,0,0,0,0,0,1,0,0,0,0,1
3315,3452083,0,0,0,0,0,0,0,1,0,0,0,0,1
3316,3453125,0,0,0,0,0,0,0,1,0,0,0,0,1
3317,3454166,0,0,0,0,0,0,0,1,0,0,0,0,1
3318,3455208,0,0,0,0,0,0,0,1,0,0,0,0,1
3319,3456250,0,0,0,0,0,0,0,1,0,0,0,0,1
3320,3457291,0,0,0,0,0,0,0,1,0,0,0,0,1
3321,3458333,0,0,0,0,0,0,0,1,0,0,0,0,1
3322,3459375,0,0,0,0,0,0,0,1,0,0,0,0,1
3323,3460416,0,0,0,0,0,0,0,1,0,0,0,0,1
3324,3461458,0,0,0,0,0,0,0,1,0,0,0,0,1
3325,3462500,0,0,0,0,0,0,0,1,0,0,0,0,1
3326,3463541,0,0,0,0,0,0,0,1,0,0,0,0,1
3327,3464583,0,0,0,0,0,0,0,1,0,0,0,0,1
