1,0,0,-10028,10028,0,0,-27026,27026,0,0,0,0,1,0
2,1041,4431,-11481,7049,0,11942,-30940,18997,0,0,0,0,1,0
3,2083,8188,-11185,2997,0,22066,-30143,8077,0,0,0,0,1,0
4,3125,10698,-9187,-1511,0,28831,-24758,-4073,0,0,0,0,1,0
5,4166,11580,-5790,-5790,0,31207,-15603,-15603,0,0,0,0,1,0
6,5208,10698,-1511,-9187,0,28831,-4073,-24758,0,0,0,0,1,0
7,6250,8188,2997,-11185,0,22066,8077,-30143,0,0,0,0,1,0
8,7291,4431,7049,-11481,0,11942,18997,-30940,0,0,0,0,1,0
9,8333,0,10028,-10028,0,0,27026,-27026,0,0,0,0,1,0
10,9375,-4431,11481,-7049,0,-11942,30940,-18997,0,0,0,0,1,0
11,10416,-8188,11185,-2997,0,-22066,30143,-8077,0,0,0,0,1,0
12,11458,-10698,9187,1511,0,-28831,24758,4073,0,0,0,0,1,0
13,12500,-11580,5790,5790,0,-31207,15603,15603,0,0,0,0,1,0
14,13541,-10698,1511,9187,0,-28831,4073,24758,0,0,0,0,1,0
15,14583,-8188,-2997,11185,0,-22066,-8077,30143,0,0,0,0,1,0
16,15625,-4431,-7049,11481,0,-11942,-18997,30940,0,0,0,0,1,0
17,16666,0,-10028,10028,0,0,-27026,27026,0,0,0,0,1,0
18,17708,4431,-11481,7049,0,11942,-30940,18997,0,0,0,0,1,0
19,18750,8188,-11185,2997,0,22066,-30143,8077,0,0,0,0,1,0
20,19791,10698,-9187,-1511,0,28831,-24758,-4073,0,0,0,0,1,0
21,20833,11580,-5790,-5790,0,31207,-15603,-15603,0,0,0,0,1,0
22,21875,10698,-1511,-9187,0,28831,-4073,-24758,0,0,0,0,1,0
23,22916,8188,2997,-11185,0,22066,8077,-30143,0,0,0,0,1,0
24,23958,4431,7049,-11481,0,11942,18997,-30940,0,0,0,0,1,0
25,25000,0,10028,-10028,0,0,27026,-27026,0,0,0,0,1,0
26,26041,-4431,11481,-7049,0,-11942,30940,-18997,0,0,0,0,1,0
27,27083,-8188,11185,-2997,0,-22066,30143,-8077,0,0,0,0,1,0
28,28125,-10698,9187,1511,0,-28831,24758,4073,0,0,0,0,1,0
29,29166,-11580,5790,5790,0,-31207,15603,15603,0,0,0,0,1,0
30,30208,-10698,1511,9187,0,-28831,4073,24758,0,0,0,0,1,0
31,31250,-8188,-2997,11185,0,-22066,-8077,30143,0,0,0,0,1,0
32,32291,-4431,-7049,11481,0,-11942,-18997,30940,0,0,0,0,1,0
33,33333,0,-10028,10028,0,0,-27026,27026,0,0,0,0,1,0
34,34375,4431,-11481,7049,0,11942,-30940,18997,0,0,0,0,1,0
35,35416,8188,-11185,2997,0,22066,-30143,8077,0,0,0,0,1,0
36,36458,10698,-9187,-1511,0,28831,-24758,-4073,0,0,0,0,1,0
37,37500,11580,-5790,-5790,0,31207,-15603,-15603,0,0,0,0,1,0
38,38541,10698,-1511,-9187,0,28831,-4073,-24758,0,0,0,0,1,0
39,39583,8188,2997,-11185,0,22066,8077,-30143,0,0,0,0,1,0
40,40625,4431,7049,-11481,0,11942,18997,-30940,0,0,0,0,1,0
41,41666,0,10028,-10028,0,0,27026,-27026,0,0,0,0,1,0
42,42708,-4431,11481,-7049,0,-11942,30940,-18997,0,0,0,0,1,0
43,43750,-8188,11185,-2997,0,-22066,30143,-8077,0,0,0,0,1,0
44,44791,-10698,9187,1511,0,-28831,24758,4073,0,0,0,0,1,0
45,45833,-11580,5790,5790,0,-31207,15603,15603,0,0,0,0,1,0
46,46875,-10698,1511,9187,0,-28831,4073,24758,0,0,0,0,1,0
47,47916,-8188,-2997,11185,0,-22066,-8077,30143,0,0,0,0,1,0
48,48958,-4431,-7049,11481,0,-11942,-18997,30940,0,0,0,0,1,0
49,50000,0,-10028,10028,0,0,-27026,27026,0,0,0,0,1,0
50,51041,4431,-11481,7049,0,11942,-30940,18997,0,0,0,0,1,0
51,52083,8188,-11185,2997,0,22066,-30143,8077,0,0,0,0,1,0
52,53125,10698,-9187,-1511,0,28831,-24758,-4073,0,0,0,0,1,0
53,54166,11580,-5790,-5790,0,31207,-15603,-15603,0,0,0,0,1,0
54,55208,10698,-1511,-9187,0,28831,-4073,-24758,0,0,0,0,1,0
55,56250,8188,2997,-11185,0,22066,8077,-30143,0,0,0,0,1,0
56,57291,4431,7049,-11481,0,11942,18997,-30940,0,0,0,0,1,0
57,58333,0,10028,-10028,0,0,27026,-27026,0,0,0,0,1,0
58,59375,-4431,11481,-7049,0,-11942,30940,-18997,0,0,0,0,1,0
59,60416,-8188,11185,-2997,0,-22066,30143,-8077,0,0,0,0,1,0
60,61458,-10698,9187,1511,0,-28831,24758,4073,0,0,0,0,1,0
61,62500,-11580,5790,5790,0,-31207,15603,15603,0,0,0,0,1,0
62,63541,-10698,1511,9187,0,-28831,4073,24758,0,0,0,0,1,0
63,64583,-8188,-2997,11185,0,-22066,-8077,30143,0,0,0,0,1,0
64,65625,-4431,-7049,11481,0,-11942,-18997,30940,0,0,0,0,1,0
65,66666,0,-10028,10028,0,0,-27026,27026,0,0,0,0,1,0
66,67708,4431,-11481,7049,0,11942,-30940,18997,0,0,0,0,1,0
67,68750,8188,-11185,2997,0,22066,-30143,8077,0,0,0,0,1,0
68,69791,10698,-9187,-1511,0,28831,-24758,-4073,0,0,0,0,1,0
69,70833,11580,-5790,-5790,0,31207,-15603,-15603,0,0,0,0,1,0
70,71875,10698,-1511,-9187,0,28831,-4073,-24758,0,0,0,0,1,0
71,72916,8188,2997,-11185,0,22066,8077,-30143,0,0,0,0,1,0
72,73958,4431,7049,-11481,0,11942,18997,-30940,0,0,0,0,1,0
73,75000,0,10028,-10028,0,0,27026,-27026,0,0,0,0,1,0
74,76041,-4431,11481,-7049,0,-11942,30940,-18997,0,0,0,0,1,0
75,77083,-8188,11185,-2997,0,-22066,30143,-8077,0,0,0,0,1,0
76,78125,-10698,9187,1511,0,-28831,24758,4073,0,0,0,0,1,0
77,79166,-11580,5790,5790,0,-31207,15603,15603,0,0,0,0,1,0
78,80208,-10698,1511,9187,0,-28831,4073,24758,0,0,0,0,1,0
79,81250,-8188,-2997,11185,0,-22066,-8077,30143,0,0,0,0,1,0
80,82291,-4431,-7049,11481,0,-11942,-18997,30940,0,0,0,0,1,0
81,83333,0,-10028,10028,0,0,-27026,27026,0,0,0,0,1,0
82,84375,4431,-11481,7049,0,11942,-30940,18997,0,0,0,0,1,0
83,85416,8188,-11185,2997,0,22066,-30143,8077,0,0,0,0,1,0
84,86458,10698,-9187,-1511,0,28831,-24758,-4073,0,0,0,0,1,0
85,87500,11580,-5790,-5790,0,31207,-15603,-15603,0,0,0,0,1,0
86,88541,10698,-1511,-9187,0,28831,-4073,-24758,0,0,0,0,1,0
87,89583,8188,2997,-11185,0,22066,8077,-30143,0,0,0,0,1,0
88,90625,4431,7049,-11481,0,11942,18997,-30940,0,0,0,0,1,0
89,91666,0,10028,-10028,0,0,27026,-27026,0,0,0,0,1,0
90,92708,-4431,11481,-7049,0,-11942,30940,-18997,0,0,0,0,1,0
91,93750,-8188,11185,-2997,0,-22066,30143,-8077,0,0,0,0,1,0
92,94791,-10698,9187,1511,0,-28831,24758,4073,0,0,0,0,1,0
93,95833,-11580,5790,5790,0,-31207,15603,15603,0,0,0,0,1,0
94,96875,-10698,1511,9187,0,-28831,4073,24758,0,0,0,0,1,0
95,97916,-8188,-2997,11185,0,-22066,-8077,30143,0,0,0,0,1,0
96,98958,-4431,-7049,11481,0,-11942,-18997,30940,0,0,0,0,1,0
97,100000,0,-10028,10028,0,0,-27026,27026,0,0,0,0,1,0
98,101041,4431,-11481,7049,0,11942,-30940,18997,0,0,0,0,1,0
99,102083,8188,-11185,2997,0,22066,-30143,8077,0,0,0,0,1,0
100,103125,10698,-9187,-1511,0,28831,-24758,-4073,0,0,0,0,1,0
101,104166,11580,-5790,-5790,0,31207,-15603,-15603,0,0,0,0,1,0
102,105208,10698,-1511,-9187,0,28831,-4073,-24758,0,0,0,0,1,0
103,106250,8188,2997,-11185,0,22066,8077,-30143,0,0,0,0,1,0
104,107291,4431,7049,-11481,0,11942,18997,-30940,0,0,0,0,1,0
105,108333,0,10028,-10028,0,0,27026,-27026,0,0,0,0,1,0
106,109375,-4431,11481,-7049,0,-11942,30940,-18997,0,0,0,0,1,0
107,110416,-8188,11185,-2997,0,-22066,30143,-8077,0,0,0,0,1,0
108,111458,-10698,9187,1511,0,-28831,24758,4073,0,0,0,0,1,0
109,112500,-11580,5790,5790,0,-31207,15603,15603,0,0,0,0,1,0
110,113541,-10698,1511,9187,0,-28831,4073,24758,0,0,0,0,1,0
111,114583,-8188,-2997,11185,0,-22066,-8077,30143,0,0,0,0,1,0
112,115625,-4431,-7049,11481,0,-11942,-18997,30940,0,0,0,0,1,0
113,116666,0,-10028,10028,0,0,-27026,27026,0,0,0,0,1,0
114,117708,4431,-11481,7049,0,11942,-30940,18997,0,0,0,0,1,0
115,118750,8188,-11185,2997,0,22066,-30143,8077,0,0,0,0,1,0
116,119791,10698,-9187,-1511,0,28831,-24758,-4073,0,0,0,0,1,0
117,120833,11580,-5790,-5790,0,31207,-15603,-15603,0,0,0,0,1,0
118,121875,10698,-1511,-9187,0,28831,-4073,-24758,0,0,0,0,1,0
119,122916,8188,2997,-11185,0,22066,8077,-30143,0,0,0,0,1,0
120,123958,4431,7049,-11481,0,11942,18997,-30940,0,0,0,0,1,0
121,125000,0,10028,-10028,0,0,27026,-27026,0,0,0,0,1,0
122,126041,-4431,11481,-7049,0,-11942,30940,-18997,0,0,0,0,1,0
123,127083,-8188,11185,-2997,0,-22066,30143,-8077,0,0,0,0,1,0
124,128124,-10698,9187,1511,0,-28831,24758,4073,0,0,0,0,1,0
125,129166,-11580,5790,5790,0,-31207,15603,15603,0,0,0,0,1,0
126,130208,-10698,1511,9187,0,-28831,4073,24758,0,0,0,0,1,0
127,131250,-8188,-2997,11185,0,-22066,-8077,30143,0,0,0,0,1,0
128,132291,-4431,-7049,11481,0,-11942,-18997,30940,0,0,0,0,1,0
129,133333,0,-10028,10028,0,0,-27026,27026,0,0,0,0,1,0
130,134375,4431,-11481,7049,0,11942,-30940,18997,0,0,0,0,1,0
131,135416,8188,-11185,2997,0,22066,-30143,8077,0,0,0,0,1,0
132,136458,10698,-9187,-1511,0,28831,-24758,-4073,0,0,0,0,1,0
133,137500,11580,-5790,-5790,0,31207,-15603,-15603,0,0,0,0,1,0
134,138541,10698,-1511,-9187,0,28831,-4073,-24758,0,0,0,0,1,0
135,139583,8188,2997,-11185,0,22066,8077,-30143,0,0,0,0,1,0
136,140625,4431,7049,-11481,0,11942,18997,-30940,0,0,0,0,1,0
137,141666,0,10028,-10028,0,0,27026,-27026,0,0,0,0,1,0
138,142708,-4431,11481,-7049,0,-11942,30940,-18997,0,0,0,0,1,0
139,143750,-8188,11185,-2997,0,-22066,30143,-8077,0,0,0,0,1,0
140,144791,-10698,9187,1511,0,-28831,24758,4073,0,0,0,0,1,0
141,145833,-11580,5790,5790,0,-31207,15603,15603,0,0,0,0,1,0
142,146875,-10698,1511,9187,0,-28831,4073,24758,0,0,0,0,1,0
143,147916,-8188,-2997,11185,0,-22066,-8077,30143,0,0,0,0,1,0
144,148958,-4431,-7049,11481,0,-11942,-18997,30940,0,0,0,0,1,0
145,150000,0,-10028,10028,0,0,-27026,27026,0,0,0,0,1,0
146,151041,4431,-11481,7049,0,11942,-30940,18997,0,0,0,0,1,0
147,152083,8188,-11185,2997,0,22066,-30143,8077,0,0,0,0,1,0
148,153125,10698,-9187,-1511,0,28831,-24758,-4073,0,0,0,0,1,0
149,154166,11580,-5790,-5790,0,31207,-15603,-15603,0,0,0,0,1,0
150,155208,10698,-1511,-9187,0,28831,-4073,-24758,0,0,0,0,1,0
151,156250,8188,2997,-11185,0,22066,8077,-30143,0,0,0,0,1,0
152,157291,4431,7049,-11481,0,11942,18997,-30940,0,0,0,0,1,0
153,158333,0,10028,-10028,0,0,27026,-27026,0,0,0,0,1,0
154,159375,-4431,11481,-7049,0,-11942,30940,-18997,0,0,0,0,1,0
155,160416,-8188,11185,-2997,0,-22066,30143,-8077,0,0,0,0,1,0
156,161458,-10698,9187,1511,0,-28831,24758,4073,0,0,0,0,1,0
157,162500,-11580,5790,5790,0,-31207,15603,15603,0,0,0,0,1,0
158,163541,-10698,1511,9187,0,-28831,4073,24758,0,0,0,0,1,0
159,164583,-8188,-2997,11185,0,-22066,-8077,30143,0,0,0,0,1,0
160,165625,-4431,-7049,11481,0,-11942,-18997,30940,0,0,0,0,1,0
161,166666,0,-10028,10028,0,0,-27026,27026,0,0,0,0,1,0
162,167708,4431,-11481,7049,0,11942,-30940,18997,0,0,0,0,1,0
163,168750,8188,-11185,2997,0,22066,-30143,8077,0,0,0,0,1,0
164,169791,10698,-9187,-1511,0,28831,-24758,-4073,0,0,0,0,1,0
165,170833,11580,-5790,-5790,0,31207,-15603,-15603,0,0,0,0,1,0
166,171875,10698,-1511,-9187,0,28831,-4073,-24758,0,0,0,0,1,0
167,172916,8188,2997,-11185,0,22066,8077,-30143,0,0,0,0,1,0
168,173958,4431,7049,-11481,0,11942,18997,-30940,0,0,0,0,1,0
169,175000,0,10028,-10028,0,0,27026,-27026,0,0,0,0,1,0
170,176041,-4431,11481,-7049,0,-11942,30940,-18997,0,0,0,0,1,0
171,177083,-8188,11185,-2997,0,-22066,30143,-8077,0,0,0,0,1,0
172,178125,-10698,9187,1511,0,-28831,24758,4073,0,0,0,0,1,0
173,179166,-11580,5790,5790,0,-31207,15603,15603,0,0,0,0,1,0
174,180208,-10698,1511,9187,0,-28831,4073,24758,0,0,0,0,1,0
175,181250,-8188,-2997,11185,0,-22066,-8077,30143,0,0,0,0,1,0
176,182291,-4431,-7049,11481,0,-11942,-18997,30940,0,0,0,0,1,0
177,183333,0,-10028,10028,0,0,-27026,27026,0,0,0,0,1,0
178,184375,4431,-11481,7049,0,11942,-30940,18997,0,0,0,0,1,0
179,185416,8188,-11185,2997,0,22066,-30143,8077,0,0,0,0,1,0
180,186458,10698,-9187,-1511,0,28831,-24758,-4073,0,0,0,0,1,0
181,187500,11580,-5790,-5790,0,31207,-15603,-15603,0,0,0,0,1,0
182,188541,10698,-1511,-9187,0,28831,-4073,-24758,0,0,0,0,1,0
183,189583,8188,2997,-11185,0,22066,8077,-30143,0,0,0,0,1,0
184,190625,4431,7049,-11481,0,11942,18997,-30940,0,0,0,0,1,0
185,191666,0,10028,-10028,0,0,27026,-27026,0,0,0,0,1,0
186,192708,-4431,11481,-7049,0,-11942,30940,-18997,0,0,0,0,1,0
187,193750,-8188,11185,-2997,0,-22066,30143,-8077,0,0,0,0,1,0
188,194791,-28838,24764,4074,0,-28831,24758,4073,0,0,0,0,1,0
189,195833,-31207,15603,15603,0,-31207,15603,15603,0,0,0,0,1,0
190,196875,-28824,4072,24752,0,-28831,4073,24758,0,0,0,0,1,0
191,197916,-22056,-8073,30129,0,-22066,-8077,30143,0,0,0,0,1,0
192,198958,-11934,-18984,30918,0,-11942,-18997,30940,0,0,0,0,1,0
193,200000,0,-27001,27001,0,0,-27026,27026,0,0,0,0,1,0
194,201041,11928,-30904,18975,0,11942,-30940,18997,0,0,0,0,1,0
195,202083,22036,-30101,8066,0,22066,-30143,8077,0,0,0,0,1,0
196,203125,28784,-24717,-4067,0,28831,-24758,-4073,0,0,0,0,1,0
197,204166,31148,-15574,-15574,0,31207,-15603,-15603,0,0,0,0,1,0
198,205208,28771,-4065,-24706,0,28831,-4073,-24758,0,0,0,0,1,0
199,206250,22015,8058,-30073,0,22066,8077,-30143,0,0,0,0,1,0
200,207291,11912,18949,-30860,0,11942,18997,-30940,0,0,0,0,1,0
201,208333,0,26950,-26950,0,0,27026,-27026,0,0,0,0,1,0
202,209375,-11906,30846,-18940,0,-11942,30940,-18997,0,0,0,0,1,0
203,210416,-21994,30045,-8051,0,-22066,30143,-8077,0,0,0,0,1,0
204,211458,-28730,24671,4059,0,-28831,24758,4073,0,0,0,0,1,0
205,212500,-31090,15545,15545,0,-31207,15603,15603,0,0,0,0,1,0
206,213541,-28717,4057,24660,0,-28831,4073,24758,0,0,0,0,1,0
207,214583,-21974,-8043,30017,0,-22066,-8077,30143,0,0,0,0,1,0
208,215625,-11889,-18913,30803,0,-11942,-18997,30940,0,0,0,0,1,0
209,216666,0,-26900,26900,0,0,-27026,27026,0,0,0,0,1,0
210,217708,11884,-30788,18905,0,11942,-30940,18997,0,0,0,0,1,0
211,218750,21954,-29989,8036,0,22066,-30143,8077,0,0,0,0,1,0
212,219791,28677,-24625,-4051,0,28831,-24758,-4073,0,0,0,0,1,0
213,220833,31033,-15516,-15516,0,31207,-15603,-15603,0,0,0,0,1,0
214,221875,28664,-4050,-24614,0,28831,-4073,-24758,0,0,0,0,1,0
215,222916,21933,8028,-29961,0,22066,8077,-30143,0,0,0,0,1,0
216,223958,11867,18878,-30746,0,11942,18997,-30940,0,0,0,0,1,0
217,225000,0,26850,-26850,0,0,27026,-27026,0,0,0,0,1,0
218,226041,-11862,30731,-18869,0,-11942,30940,-18997,0,0,0,0,1,0
219,227083,-21913,29933,-8021,0,-22066,30143,-8077,0,0,0,0,1,0
220,228125,-28624,24580,4044,0,-28831,24758,4073,0,0,0,0,1,0
221,229166,-30975,15487,15487,0,-31207,15603,15603,0,0,0,0,1,0
222,230208,-28610,4042,24568,0,-28831,4073,24758,0,0,0,0,1,0
223,231250,-21892,-8013,29906,0,-22066,-8077,30143,0,0,0,0,1,0
224,232291,-11845,-18843,30689,0,-11942,-18997,30940,0,0,0,0,1,0
225,233333,0,-26800,26800,0,0,-27026,27026,0,0,0,0,1,0
226,234375,11840,-30674,18834,0,11942,-30940,18997,0,0,0,0,1,0
227,235416,21872,-29878,8006,0,22066,-30143,8077,0,0,0,0,1,0
228,236458,28571,-24534,-4036,0,28831,-24758,-4073,0,0,0,0,1,0
229,237500,30918,-15459,-15459,0,31207,-15603,-15603,0,0,0,0,1,0
230,238541,28557,-4035,-24523,0,28831,-4073,-24758,0,0,0,0,1,0
231,239583,21852,7998,-29850,0,22066,8077,-30143,0,0,0,0,1,0
232,240625,11823,18808,-30632,0,11942,18997,-30940,0,0,0,0,1,0
233,241666,0,26751,-26751,0,0,27026,-27026,0,0,0,0,1,0
234,242708,-11818,30618,-18800,0,-11942,30940,-18997,0,0,0,0,1,0
235,243750,-21832,29823,-7991,0,-22066,30143,-8077,0,0,0,0,1,0
236,244791,-28518,24489,4029,0,-28831,24758,4073,0,0,0,0,1,0
237,245833,-30860,15430,15430,0,-31207,15603,15603,0,0,0,0,1,0
238,246875,-28505,4027,24478,0,-28831,4073,24758,0,0,0,0,1,0
239,247916,-21812,-7984,29795,0,-22066,-8077,30143,0,0,0,0,1,0
240,248958,-11802,-18774,30575,0,-11942,-18997,30940,0,0,0,0,1,0
241,250000,0,-26701,26701,0,0,-27026,27026,0,0,0,0,1,0
242,251041,11796,-30561,18765,0,11942,-30940,18997,0,0,0,0,1,0
243,252083,21791,-29768,7976,0,22066,-30143,8077,0,0,0,0,1,0
244,253125,28465,-24444,-4022,0,28831,-24758,-4073,0,0,0,0,1,0
245,254166,30803,-15402,-15402,0,31207,-15603,-15603,0,0,0,0,1,0
246,255208,28452,-4020,-24432,0,28831,-4073,-24758,0,0,0,0,1,0
247,256249,21771,7969,-29740,0,22066,8077,-30143,0,0,0,0,1,0
248,257291,11780,18739,-30519,0,11942,18997,-30940,0,0,0,0,1,0
249,258333,0,26652,-26652,0,0,27026,-27026,0,0,0,0,1,0
250,259375,-11774,30505,-18730,0,-11942,30940,-18997,0,0,0,0,1,0
251,260416,-21751,29713,-7962,0,-22066,30143,-8077,0,0,0,0,1,0
252,261458,-28413,24399,4014,0,-28831,24758,4073,0,0,0,0,1,0
253,262500,-30747,15373,15373,0,-31207,15603,15603,0,0,0,0,1,0
254,263541,-28400,4012,24387,0,-28831,4073,24758,0,0,0,0,1,0
255,264583,-21731,-7954,29685,0,-22066,-8077,30143,0,0,0,0,1,0
256,265625,-11758,-18705,30463,0,-11942,-18997,30940,0,0,0,0,1,0
257,266666,0,-26603,26603,0,0,-27026,27026,0,0,0,0,1,0
258,267708,11753,-30449,18696,0,11942,-30940,18997,0,0,0,0,1,0
259,268750,21711,-29658,7947,0,22066,-30143,8077,0,0,0,0,1,0
260,269791,28361,-24354,-4007,0,28831,-24758,-4073,0,0,0,0,1,0
261,270833,30690,-15345,-15345,0,31207,-15603,-15603,0,0,0,0,1,0
262,271875,28348,-4005,-24343,0,28831,-4073,-24758,0,0,0,0,1,0
263,272916,21691,7940,-29631,0,22066,8077,-30143,0,0,0,0,1,0
264,273958,11737,18670,-30407,0,11942,18997,-30940,0,0,0,0,1,0
265,275000,0,26554,-26554,0,0,27026,-27026,0,0,0,0,1,0
266,276041,-11731,30393,-18662,0,-11942,30940,-18997,0,0,0,0,1,0
267,277083,-21671,29604,-7932,0,-22066,30143,-8077,0,0,0,0,1,0
268,278125,-28309,24309,3999,0,-28831,24758,4073,0,0,0,0,1,0
269,279166,-30634,15317,15317,0,-31207,15603,15603,0,0,0,0,1,0
270,280208,-28296,3998,24298,0,-28831,4073,24758,0,0,0,0,1,0
271,281250,-21652,-7925,29577,0,-22066,-8077,30143,0,0,0,0,1,0
272,282291,-11715,-18636,30351,0,-11942,-18997,30940,0,0,0,0,1,0
273,283333,0,-26506,26506,0,0,-27026,27026,0,0,0,0,1,0
274,284375,11710,-30337,18627,0,11942,-30940,18997,0,0,0,0,1,0
275,285416,21632,-29550,7918,0,22066,-30143,8077,0,0,0,0,1,0
276,286458,28257,-24265,-3992,0,28831,-24758,-4073,0,0,0,0,1,0
277,287500,30578,-15289,-15289,0,31207,-15603,-15603,0,0,0,0,1,0
278,288541,28244,-3990,-24254,0,28831,-4073,-24758,0,0,0,0,1,0
279,289583,21612,7911,-29523,0,22066,8077,-30143,0,0,0,0,1,0
280,290625,11694,18602,-30296,0,11942,18997,-30940,0,0,0,0,1,0
281,291666,0,26457,-26457,0,0,27026,-27026,0,0,0,0,1,0
282,292708,-11688,30282,-18593,0,-11942,30940,-18997,0,0,0,0,1,0
283,293750,-21592,29496,-7903,0,-22066,30143,-8077,0,0,0,0,1,0
284,294791,-28205,24220,3985,0,-28831,24758,4073,0,0,0,0,1,0
285,295833,-30522,15261,15261,0,-31207,15603,15603,0,0,0,0,1,0
286,296875,-28192,3983,24209,0,-28831,4073,24758,0,0,0,0,1,0
287,297916,-21573,-7896,29469,0,-22066,-8077,30143,0,0,0,0,1,0
288,298958,-11672,-18568,30240,0,-11942,-18997,30940,0,0,0,0,1,0
289,300000,0,-26409,26409,0,0,-27026,27026,0,0,0,0,1,0
290,301041,11667,-30227,18560,0,11942,-30940,18997,0,0,0,0,1,0
291,302083,21553,-29442,7889,0,22066,-30143,8077,0,0,0,0,1,0
292,303125,28154,-24176,-3978,0,28831,-24758,-4073,0,0,0,0,1,0
293,304166,30467,-15233,-15233,0,31207,-15603,-15603,0,0,0,0,1,0
294,305208,28141,-3976,-24165,0,28831,-4073,-24758,0,0,0,0,1,0
295,306250,21533,7882,-29415,0,22066,8077,-30143,0,0,0,0,1,0
296,307291,11651,18534,-30185,0,11942,18997,-30940,0,0,0,0,1,0
297,308333,0,26361,-26361,0,0,27026,-27026,0,0,0,0,1,0
298,309375,-11646,30172,-18526,0,-11942,30940,-18997,0,0,0,0,1,0
299,310416,-21514,29388,-7875,0,-22066,30143,-8077,0,0,0,0,1,0
300,311458,-28103,24132,3970,0,-28831,24758,4073,0,0,0,0,1,0
301,312500,-30411,15206,15206,0,-31207,15603,15603,0,0,0,0,1,0
302,313541,-28090,3969,24121,0,-28831,4073,24758,0,0,0,0,1,0
303,314583,-21494,-7867,29362,0,-22066,-8077,30143,0,0,0,0,1,0
304,315625,-11630,-18501,30130,0,-11942,-18997,30940,0,0,0,0,1,0
305,316666,0,-26313,26313,0,0,-27026,27026,0,0,0,0,1,0
306,317708,11625,-30117,18492,0,11942,-30940,18997,0,0,0,0,1,0
307,318750,21475,-29335,7860,0,22066,-30143,8077,0,0,0,0,1,0
308,319791,28052,-24089,-3963,0,28831,-24758,-4073,0,0,0,0,1,0
309,320833,30356,-15178,-15178,0,31207,-15603,-15603,0,0,0,0,1,0
310,321875,28039,-3961,-24078,0,28831,-4073,-24758,0,0,0,0,1,0
311,322916,21455,7853,-29308,0,22066,8077,-30143,0,0,0,0,1,0
312,323958,11609,18467,-30076,0,11942,18997,-30940,0,0,0,0,1,0
313,325000,0,26265,-26265,0,0,27026,-27026,0,0,0,0,1,0
314,326041,-11604,30062,-18459,0,-11942,30940,-18997,0,0,0,0,1,0
315,327083,-21436,29282,-7846,0,-22066,30143,-8077,0,0,0,0,1,0
316,328125,-28001,24045,3956,0,-28831,24758,4073,0,0,0,0,1,0
317,329166,-30301,15151,15151,0,-31207,15603,15603,0,0,0,0,1,0
318,330208,-27988,3954,24034,0,-28831,4073,24758,0,0,0,0,1,0
319,331250,-21416,-7839,29255,0,-22066,-8077,30143,0,0,0,0,1,0
320,332291,-11588,-18434,30021,0,-11942,-18997,30940,0,0,0,0,1,0
321,333333,0,-26218,26218,0,0,-27026,27026,0,0,0,0,1,0
322,334375,11583,-30008,18425,0,11942,-30940,18997,0,0,0,0,1,0
323,335416,21397,-29229,7832,0,22066,-30143,8077,0,0,0,0,1,0
324,336458,27950,-24001,-3949,0,28831,-24758,-4073,0,0,0,0,1,0
325,337500,30246,-15123,-15123,0,31207,-15603,-15603,0,0,0,0,1,0
326,338541,27938,-3947,-23991,0,28831,-4073,-24758,0,0,0,0,1,0
327,339583,21378,7825,-29203,0,22066,8077,-30143,0,0,0,0,1,0
328,340625,11567,18400,-29967,0,11942,18997,-30940,0,0,0,0,1,0
329,341666,0,26170,-26170,0,0,27026,-27026,0,0,0,0,1,0
330,342708,-11562,29954,-18392,0,-11942,30940,-18997,0,0,0,0,1,0
331,343750,-21358,29176,-7818,0,-22066,30143,-8077,0,0,0,0,1,0
332,344791,-27900,23958,3942,0,-28831,24758,4073,0,0,0,0,1,0
333,345833,-30192,15096,15096,0,-31207,15603,15603,0,0,0,0,1,0
334,346875,-27887,3940,23947,0,-28831,4073,24758,0,0,0,0,1,0
335,347916,-21339,-7811,29150,0,-22066,-8077,30143,0,0,0,0,1,0
336,348958,-11546,-18367,29913,0,-11942,-18997,30940,0,0,0,0,1,0
337,350000,0,-26123,26123,0,0,-27026,27026,0,0,0,0,1,0
338,351041,11541,-29900,18359,0,11942,-30940,18997,0,0,0,0,1,0
339,352083,21320,-29124,7804,0,22066,-30143,8077,0,0,0,0,1,0
340,353125,27850,-23915,-3935,0,28831,-24758,-4073,0,0,0,0,1,0
341,354166,30137,-15069,-15069,0,31207,-15603,-15603,0,0,0,0,1,0
342,355208,27837,-3933,-23904,0,28831,-4073,-24758,0,0,0,0,1,0
343,356250,21301,7797,-29098,0,22066,8077,-30143,0,0,0,0,1,0
344,357291,11525,18334,-29860,0,11942,18997,-30940,0,0,0,0,1,0
345,358333,0,26076,-26076,0,0,27026,-27026,0,0,0,0,1,0
346,359375,-11520,29846,-18326,0,-11942,30940,-18997,0,0,0,0,1,0
347,360416,-21282,29071,-7790,0,-22066,30143,-8077,0,0,0,0,1,0
348,361458,-27800,23872,3928,0,-28831,24758,4073,0,0,0,0,1,0
349,362500,-30083,15042,15042,0,-31207,15603,15603,0,0,0,0,1,0
350,363541,-27787,3926,23861,0,-28831,4073,24758,0,0,0,0,1,0
351,364583,-21263,-7783,29045,0,-22066,-8077,30143,0,0,0,0,1,0
352,365625,-11505,-18301,29806,0,-11942,-18997,30940,0,0,0,0,1,0
353,366666,0,-26030,26030,0,0,-27026,27026,0,0,0,0,1,0
354,367708,11500,-29793,18293,0,11942,-30940,18997,0,0,0,0,1,0
355,368750,21244,-29019,7776,0,22066,-30143,8077,0,0,0,0,1,0
356,369791,27750,-23829,-3921,0,28831,-24758,-4073,0,0,0,0,1,0
357,370833,30030,-15015,-15015,0,31207,-15603,-15603,0,0,0,0,1,0
358,371875,27737,-3919,-23819,0,28831,-4073,-24758,0,0,0,0,1,0
359,372916,21225,7769,-28993,0,22066,8077,-30143,0,0,0,0,1,0
360,373958,11484,18269,-29753,0,11942,18997,-30940,0,0,0,0,1,0
361,375000,0,25983,-25983,0,0,27026,-27026,0,0,0,0,1,0
362,376041,-11479,29739,-18260,0,-11942,30940,-18997,0,0,0,0,1,0
363,377083,-21206,28967,-7762,0,-22066,30143,-8077,0,0,0,0,1,0
364,378125,-27700,23787,3914,0,-28831,24758,4073,0,0,0,0,1,0
365,379166,-29976,14988,14988,0,-31207,15603,15603,0,0,0,0,1,0
366,380208,-27688,3912,23776,0,-28831,4073,24758,0,0,0,0,1,0
367,381250,-21187,-7755,28942,0,-22066,-8077,30143,0,0,0,0,1,0
368,382291,-11464,-18236,29700,0,-11942,-18997,30940,0,0,0,0,1,0
369,383333,0,-25937,25937,0,0,-27026,27026,0,0,0,0,1,0
370,384375,11458,-29686,18228,0,11942,-30940,18997,0,0,0,0,1,0
371,385416,21168,-28916,7748,0,22066,-30143,8077,0,0,0,0,1,0
372,386458,27651,-23744,-3907,0,28831,-24758,-4073,0,0,0,0,1,0
373,387500,29922,-14961,-14961,0,31207,-15603,-15603,0,0,0,0,1,0
374,388541,27639,-3905,-23734,0,28831,-4073,-24758,0,0,0,0,1,0
375,389583,21149,7741,-28890,0,22066,8077,-30143,0,0,0,0,1,0
376,390625,11443,18203,-29647,0,11942,18997,-30940,0,0,0,0,1,0
377,391666,0,25890,-25890,0,0,27026,-27026,0,0,0,0,1,0
378,392708,-11438,29633,-18195,0,-11942,30940,-18997,0,0,0,0,1,0
379,393750,-21130,28864,-7734,0,-22066,30143,-8077,0,0,0,0,1,0
380,394791,-27602,23702,3900,0,-28831,24758,4073,0,0,0,0,1,0
381,395833,-29869,14935,14935,0,-31207,15603,15603,0,0,0,0,1,0
382,396875,-27589,3898,23692,0,-28831,4073,24758,0,0,0,0,1,0
383,397916,-21111,-7727,28839,0,-22066,-8077,30143,0,0,0,0,1,0
384,398958,-11423,-18171,29594,0,-11942,-18997,30940,0,0,0,0,1,0
385,400000,0,-25844,25844,0,0,-27026,27026,0,0,0,0,1,0
386,401041,11418,-29581,18163,0,11942,-30940,18997,0,0,0,0,1,0
387,402083,21093,-28813,7720,0,22066,-30143,8077,0,0,0,0,1,0
388,403125,27553,-23660,-3893,0,28831,-24758,-4073,0,0,0,0,1,0
389,404166,29816,-14908,-14908,0,31207,-15603,-15603,0,0,0,0,1,0
390,405208,27540,-3891,-23649,0,28831,-4073,-24758,0,0,0,0,1,0
391,406250,21074,7714,-28787,0,22066,8077,-30143,0,0,0,0,1,0
392,407291,11403,18139,-29541,0,11942,18997,-30940,0,0,0,0,1,0
393,408333,0,25799,-25799,0,0,27026,-27026,0,0,0,0,1,0
394,409375,-11397,29528,-18131,0,-11942,30940,-18997,0,0,0,0,1,0
395,410416,-21055,28762,-7707,0,-22066,30143,-8077,0,0,0,0,1,0
396,411458,-27504,23618,3886,0,-28831,24758,4073,0,0,0,0,1,0
397,412500,-29763,14882,14882,0,-31207,15603,15603,0,0,0,0,1,0
398,413541,-27492,3884,23608,0,-28831,4073,24758,0,0,0,0,1,0
399,414583,-21036,-7700,28736,0,-22066,-8077,30143,0,0,0,0,1,0
400,415625,-11382,-18107,29489,0,-11942,-18997,30940,0,0,0,0,1,0
401,416666,0,-25753,25753,0,0,-27026,27026,0,0,0,0,1,0
402,417708,11377,-29476,18099,0,11942,-30940,18997,0,0,0,0,1,0
403,418750,21018,-28711,7693,0,22066,-30143,8077,0,0,0,0,1,0
404,419791,27455,-23576,-3879,0,28831,-24758,-4073,0,0,0,0,1,0
405,420833,29711,-14855,-14855,0,31207,-15603,-15603,0,0,0,0,1,0
406,421875,27443,-3877,-23566,0,28831,-4073,-24758,0,0,0,0,1,0
407,422916,20999,7686,-28686,0,22066,8077,-30143,0,0,0,0,1,0
408,423958,11362,18075,-29437,0,11942,18997,-30940,0,0,0,0,1,0
409,425000,0,25707,-25707,0,0,27026,-27026,0,0,0,0,1,0
410,426041,-11357,29424,-18067,0,-11942,30940,-18997,0,0,0,0,1,0
411,427083,-20981,28660,-7679,0,-22066,30143,-8077,0,0,0,0,1,0
412,428125,-27407,23535,3872,0,-28831,24758,4073,0,0,0,0,1,0
413,429166,-29658,14829,14829,0,-31207,15603,15603,0,0,0,0,1,0
414,430208,-27395,3870,23524,0,-28831,4073,24758,0,0,0,0,1,0
415,431250,-20962,-7673,28635,0,-22066,-8077,30143,0,0,0,0,1,0
416,432291,-11342,-18043,29385,0,-11942,-18997,30940,0,0,0,0,1,0
417,433333,0,-25662,25662,0,0,-27026,27026,0,0,0,0,1,0
418,434375,11337,-29372,18035,0,11942,-30940,18997,0,0,0,0,1,0
419,435416,20944,-28610,7666,0,22066,-30143,8077,0,0,0,0,1,0
420,436458,27358,-23493,-3865,0,28831,-24758,-4073,0,0,0,0,1,0
421,437500,29606,-14803,-14803,0,31207,-15603,-15603,0,0,0,0,1,0
422,438541,27346,-3864,-23483,0,28831,-4073,-24758,0,0,0,0,1,0
423,439583,20925,7659,-28585,0,22066,8077,-30143,0,0,0,0,1,0
424,440625,11322,18011,-29333,0,11942,18997,-30940,0,0,0,0,1,0
425,441666,0,25617,-25617,0,0,27026,-27026,0,0,0,0,1,0
426,442708,-11317,29320,-18003,0,-11942,30940,-18997,0,0,0,0,1,0
427,443750,-20907,28559,-7652,0,-22066,30143,-8077,0,0,0,0,1,0
428,444791,-27310,23452,3858,0,-28831,24758,4073,0,0,0,0,1,0
429,445833,-29554,14777,14777,0,-31207,15603,15603,0,0,0,0,1,0
430,446875,-27298,3857,23442,0,-28831,4073,24758,0,0,0,0,1,0
431,447916,-20889,-7646,28534,0,-22066,-8077,30143,0,0,0,0,1,0
432,448958,-11302,-17979,29282,0,-11942,-18997,30940,0,0,0,0,1,0
433,450000,0,-25572,25572,0,0,-27026,27026,0,0,0,0,1,0
434,451041,11297,-29269,17972,0,11942,-30940,18997,0,0,0,0,1,0
435,452083,20870,-28509,7639,0,22066,-30143,8077,0,0,0,0,1,0
436,453125,27262,-23411,-3852,0,28831,-24758,-4073,0,0,0,0,1,0
437,454166,29502,-14751,-14751,0,31207,-15603,-15603,0,0,0,0,1,0
438,455208,27250,-3850,-23401,0,28831,-4073,-24758,0,0,0,0,1,0
439,456250,20852,7632,-28484,0,22066,8077,-30143,0,0,0,0,1,0
440,457291,11283,17948,-29231,0,11942,18997,-30940,0,0,0,0,1,0
441,458333,0,25527,-25527,0,0,27026,-27026,0,0,0,0,1,0
442,459375,-11278,29218,-17940,0,-11942,30940,-18997,0,0,0,0,1,0
443,460416,-20834,28459,-7626,0,-22066,30143,-8077,0,0,0,0,1,0
444,461458,-27215,23370,3845,0,-28831,24758,4073,0,0,0,0,1,0
445,462500,-29451,14725,14725,0,-31207,15603,15603,0,0,0,0,1,0
446,463541,-27203,3843,23360,0,-28831,4073,24758,0,0,0,0,1,0
447,464583,-20816,-7619,28435,0,-22066,-8077,30143,0,0,0,0,1,0
448,465625,-11263,-17917,29179,0,-11942,-18997,30940,0,0,0,0,1,0
449,466666,0,-25483,25483,0,0,-27026,27026,0,0,0,0,1,0
450,467708,11258,-29167,17909,0,11942,-30940,18997,0,0,0,0,1,0
451,468750,20797,-28410,7612,0,22066,-30143,8077,0,0,0,0,1,0
452,469791,27167,-23329,-3838,0,28831,-24758,-4073,0,0,0,0,1,0
453,470833,29399,-14700,-14700,0,31207,-15603,-15603,0,0,0,0,1,0
454,471875,27155,-3837,-23319,0,28831,-4073,-24758,0,0,0,0,1,0
455,472916,20779,7606,-28385,0,22066,8077,-30143,0,0,0,0,1,0
456,473958,11243,17885,-29129,0,11942,18997,-30940,0,0,0,0,1,0
457,475000,0,25438,-25438,0,0,27026,-27026,0,0,0,0,1,0
458,476041,-11238,29116,-17878,0,-11942,30940,-18997,0,0,0,0,1,0
459,477083,-20761,28360,-7599,0,-22066,30143,-8077,0,0,0,0,1,0
460,478125,-27120,23288,3832,0,-28831,24758,4073,0,0,0,0,1,0
461,479166,-29348,14674,14674,0,-31207,15603,15603,0,0,0,0,1,0
462,480208,-27108,3830,23278,0,-28831,4073,24758,0,0,0,0,1,0
463,481250,-20743,-7593,28336,0,-22066,-8077,30143,0,0,0,0,1,0
464,482291,-11224,-17854,29078,0,-11942,-18997,30940,0,0,0,0,1,0
465,483333,0,-25394,25394,0,0,-27026,27026,0,0,0,0,1,0
466,484375,11219,-29065,17846,0,11942,-30940,18997,0,0,0,0,1,0
467,485416,20725,-28311,7586,0,22066,-30143,8077,0,0,0,0,1,0
468,486458,27073,-23248,-3825,0,28831,-24758,-4073,0,0,0,0,1,0
469,487500,29297,-14648,-14648,0,31207,-15603,-15603,0,0,0,0,1,0
470,488541,27061,-3823,-23238,0,28831,-4073,-24758,0,0,0,0,1,0
471,489583,20707,7579,-28286,0,22066,8077,-30143,0,0,0,0,1,0
472,490625,11204,17823,-29027,0,11942,18997,-30940,0,0,0,0,1,0
473,491666,0,25350,-25350,0,0,27026,-27026,0,0,0,0,1,0
474,492708,-11199,29015,-17816,0,-11942,30940,-18997,0,0,0,0,1,0
475,493750,-20689,28262,-7573,0,-22066,30143,-8077,0,0,0,0,1,0
476,494791,-27026,23208,3818,0,-28831,24758,4073,0,0,0,0,1,0
477,495833,-29246,14623,14623,0,-31207,15603,15603,0,0,0,0,1,0
478,496875,-27014,3817,23197,0,-28831,4073,24758,0,0,0,0,1,0
479,497916,-20671,-7566,28237,0,-22066,-8077,30143,0,0,0,0,1,0
480,498958,-11185,-17792,28977,0,-11942,-18997,30940,0,0,0,0,1,0
481,500000,0,-25306,25306,0,0,-27026,27026,0,0,0,0,1,0
482,501041,11180,-28965,17785,0,11942,-30940,18997,0,0,0,0,1,0
483,502083,20653,-28213,7560,0,22066,-30143,8077,0,0,0,0,1,0
484,503125,26979,-23167,-3812,0,28831,-24758,-4073,0,0,0,0,1,0
485,504166,29196,-14598,-14598,0,31207,-15603,-15603,0,0,0,0,1,0
486,505208,26967,-3810,-23157,0,28831,-4073,-24758,0,0,0,0,1,0
487,506250,20635,7553,-28189,0,22066,8077,-30143,0,0,0,0,1,0
488,507291,11165,17762,-28927,0,11942,18997,-30940,0,0,0,0,1,0
489,508333,0,25262,-25262,0,0,27026,-27026,0,0,0,0,1,0
490,509375,-11161,28914,-17754,0,-11942,30940,-18997,0,0,0,0,1,0
491,510416,-20618,28164,-7547,0,-22066,30143,-8077,0,0,0,0,1,0
492,511458,-26932,23127,3805,0,-28831,24758,4073,0,0,0,0,1,0
493,512499,-29145,14573,14573,0,-31207,15603,15603,0,0,0,0,1,0
494,513541,-26921,3803,23117,0,-28831,4073,24758,0,0,0,0,1,0
495,514583,-20600,-7540,28140,0,-22066,-8077,30143,0,0,0,0,1,0
496,515625,-11146,-17731,28877,0,-11942,-18997,30940,0,0,0,0,1,0
497,516666,0,-25219,25219,0,0,-27026,27026,0,0,0,0,1,0
498,517708,11141,-28865,17723,0,11942,-30940,18997,0,0,0,0,1,0
499,518750,20582,-28116,7534,0,22066,-30143,8077,0,0,0,0,1,0
500,519791,26886,-23088,-3798,0,28831,-24758,-4073,0,0,0,0,1,0
501,520833,29095,-14547,-14547,0,31207,-15603,-15603,0,0,0,0,1,0
502,521875,26874,-3797,-23078,0,28831,-4073,-24758,0,0,0,0,1,0
503,522916,20564,7527,-28091,0,22066,8077,-30143,0,0,0,0,1,0
504,523958,11127,17700,-28827,0,11942,18997,-30940,0,0,0,0,1,0
505,525000,0,25175,-25175,0,0,27026,-27026,0,0,0,0,1,0
506,526041,-11122,28815,-17693,0,-11942,30940,-18997,0,0,0,0,1,0
507,527083,-20547,28067,-7521,0,-22066,30143,-8077,0,0,0,0,1,0
508,528125,-26840,23048,3792,0,-28831,24758,4073,0,0,0,0,1,0
509,529166,-29045,14522,14522,0,-31207,15603,15603,0,0,0,0,1,0
510,530208,-26828,3790,23038,0,-28831,4073,24758,0,0,0,0,1,0
511,531250,-20529,-7514,28043,0,-22066,-8077,30143,0,0,0,0,1,0
512,532291,-11108,-17670,28778,0,-11942,-18997,30940,0,0,0,0,1,0
513,533333,0,-25132,25132,0,0,-27026,27026,0,0,0,0,1,0
514,534375,11103,-28766,17662,0,11942,-30940,18997,0,0,0,0,1,0
515,535416,20511,-28019,7508,0,22066,-30143,8077,0,0,0,0,1,0
516,536458,26794,-23008,-3785,0,28831,-24758,-4073,0,0,0,0,1,0
517,537500,28995,-14498,-14498,0,31207,-15603,-15603,0,0,0,0,1,0
518,538541,26782,-3784,-22998,0,28831,-4073,-24758,0,0,0,0,1,0
519,539583,20494,7501,-27995,0,22066,8077,-30143,0,0,0,0,1,0
520,540625,11089,17640,-28729,0,11942,18997,-30940,0,0,0,0,1,0
521,541666,0,25089,-25089,0,0,27026,-27026,0,0,0,0,1,0
522,542708,-11084,28716,-17632,0,-11942,30940,-18997,0,0,0,0,1,0
523,543750,-20476,27971,-7495,0,-22066,30143,-8077,0,0,0,0,1,0
524,544791,-26748,22969,3779,0,-28831,24758,4073,0,0,0,0,1,0
525,545833,-28945,14473,14473,0,-31207,15603,15603,0,0,0,0,1,0
526,546875,-26736,3777,22959,0,-28831,4073,24758,0,0,0,0,1,0
527,547916,-20459,-7488,27947,0,-22066,-8077,30143,0,0,0,0,1,0
528,548958,-11070,-17610,28679,0,-11942,-18997,30940,0,0,0,0,1,0
529,550000,0,-25046,25046,0,0,-27026,27026,0,0,0,0,1,0
530,551041,11065,-28667,17602,0,11942,-30940,18997,0,0,0,0,1,0
531,552083,20441,-27923,7482,0,22066,-30143,8077,0,0,0,0,1,0
532,553125,26702,-22930,-3772,0,28831,-24758,-4073,0,0,0,0,1,0
533,554166,28896,-14448,-14448,0,31207,-15603,-15603,0,0,0,0,1,0
534,555208,26691,-3771,-22920,0,28831,-4073,-24758,0,0,0,0,1,0
535,556250,20424,7476,-27900,0,22066,8077,-30143,0,0,0,0,1,0
536,557291,11051,17580,-28630,0,11942,18997,-30940,0,0,0,0,1,0
537,558333,0,25003,-25003,0,0,27026,-27026,0,0,0,0,1,0
538,559375,-11046,28618,-17572,0,-11942,30940,-18997,0,0,0,0,1,0
539,560416,-20406,27876,-7469,0,-22066,30143,-8077,0,0,0,0,1,0
540,561458,-26657,22891,3766,0,-28831,24758,4073,0,0,0,0,1,0
541,562500,-28847,14423,14423,0,-31207,15603,15603,0,0,0,0,1,0
542,563541,-26645,3764,22881,0,-28831,4073,24758,0,0,0,0,1,0
543,564583,-20389,-7463,27852,0,-22066,-8077,30143,0,0,0,0,1,0
544,565625,-11032,-17550,28582,0,-11942,-18997,30940,0,0,0,0,1,0
545,566666,0,-24961,24961,0,0,-27026,27026,0,0,0,0,1,0
546,567708,11027,-28570,17542,0,11942,-30940,18997,0,0,0,0,1,0
547,568750,20372,-27828,7457,0,22066,-30143,8077,0,0,0,0,1,0
548,569791,26611,-22852,-3760,0,28831,-24758,-4073,0,0,0,0,1,0
549,570833,28798,-14399,-14399,0,31207,-15603,-15603,0,0,0,0,1,0
550,571875,26600,-3758,-22842,0,28831,-4073,-24758,0,0,0,0,1,0
551,572916,20354,7450,-27805,0,22066,8077,-30143,0,0,0,0,1,0
552,573958,11013,17520,-28533,0,11942,18997,-30940,0,0,0,0,1,0
553,575000,0,24918,-24918,0,0,27026,-27026,0,0,0,0,1,0
554,576041,-11009,28521,-17512,0,-11942,30940,-18997,0,0,0,0,1,0
555,577083,-20337,27781,-7444,0,-22066,30143,-8077,0,0,0,0,1,0
556,578125,-26566,22813,3753,0,-28831,24758,4073,0,0,0,0,1,0
557,579166,-28749,14374,14374,0,-31207,15603,15603,0,0,0,0,1,0
558,580208,-26555,3752,22803,0,-28831,4073,24758,0,0,0,0,1,0
559,581250,-20320,-7438,27758,0,-22066,-8077,30143,0,0,0,0,1,0
560,582291,-10995,-17490,28485,0,-11942,-18997,30940,0,0,0,0,1,0
561,583333,0,-24876,24876,0,0,-27026,27026,0,0,0,0,1,0
562,584375,10990,-28473,17483,0,11942,-30940,18997,0,0,0,0,1,0
563,585416,20303,-27734,7431,0,22066,-30143,8077,0,0,0,0,1,0
564,586458,26521,-22774,-3747,0,28831,-24758,-4073,0,0,0,0,1,0
565,587500,28700,-14350,-14350,0,31207,-15603,-15603,0,0,0,0,1,0
566,588541,26510,-3745,-22765,0,28831,-4073,-24758,0,0,0,0,1,0
567,589583,20286,7425,-27711,0,22066,8077,-30143,0,0,0,0,1,0
568,590625,10976,17461,-28437,0,11942,18997,-30940,0,0,0,0,1,0
569,591666,0,24834,-24834,0,0,27026,-27026,0,0,0,0,1,0
570,592708,-10972,28425,-17453,0,-11942,30940,-18997,0,0,0,0,1,0
571,593750,-20268,27687,-7419,0,-22066,30143,-8077,0,0,0,0,1,0
572,594791,-26476,22736,3741,0,-28831,24758,4073,0,0,0,0,1,0
573,595833,-28652,14326,14326,0,-31207,15603,15603,0,0,0,0,1,0
574,596875,-26465,3739,22726,0,-28831,4073,24758,0,0,0,0,1,0
575,597916,-20251,-7412,27664,0,-22066,-8077,30143,0,0,0,0,1,0
576,598958,-10958,-17431,28389,0,-11942,-18997,30940,0,0,0,0,1,0
577,600000,0,-24792,24792,0,0,-27026,27026,0,0,0,0,1,0
578,601041,10953,-28377,17424,0,11942,-30940,18997,0,0,0,0,1,0
579,602083,20234,-27641,7406,0,22066,-30143,8077,0,0,0,0,1,0
580,603125,26432,-22697,-3734,0,28831,-24758,-4073,0,0,0,0,1,0
581,604166,28603,-14302,-14302,0,31207,-15603,-15603,0,0,0,0,1,0
582,605208,26421,-3733,-22688,0,28831,-4073,-24758,0,0,0,0,1,0
583,606250,20217,7400,-27617,0,22066,8077,-30143,0,0,0,0,1,0
584,607291,10939,17402,-28341,0,11942,18997,-30940,0,0,0,0,1,0
585,608333,0,24751,-24751,0,0,27026,-27026,0,0,0,0,1,0
586,609375,-10935,28329,-17394,0,-11942,30940,-18997,0,0,0,0,1,0
587,610416,-20200,27594,-7394,0,-22066,30143,-8077,0,0,0,0,1,0
588,611458,-26387,22659,3728,0,-28831,24758,4073,0,0,0,0,1,0
589,612500,-28555,14278,14278,0,-31207,15603,15603,0,0,0,0,1,0
590,613541,-26376,3726,22650,0,-28831,4073,24758,0,0,0,0,1,0
591,614583,-20183,-7388,27571,0,-22066,-8077,30143,0,0,0,0,1,0
592,615625,-10921,-17372,28293,0,-11942,-18997,30940,0,0,0,0,1,0
593,616666,0,-24709,24709,0,0,-27026,27026,0,0,0,0,1,0
594,617708,10916,-28281,17365,0,11942,-30940,18997,0,0,0,0,1,0
595,618750,20166,-27548,7381,0,22066,-30143,8077,0,0,0,0,1,0
596,619791,26343,-22621,-3722,0,28831,-24758,-4073,0,0,0,0,1,0
597,620833,28508,-14254,-14254,0,31207,-15603,-15603,0,0,0,0,1,0
598,621875,26332,-3720,-22612,0,28831,-4073,-24758,0,0,0,0,1,0
599,622916,20149,7375,-27525,0,22066,8077,-30143,0,0,0,0,1,0
600,623958,10902,17343,-28246,0,11942,18997,-30940,0,0,0,0,1,0
601,625000,0,24668,-24668,0,0,27026,-27026,0,0,0,0,1,0
602,626041,-10898,28234,-17336,0,-11942,30940,-18997,0,0,0,0,1,0
603,627083,-20133,27502,-7369,0,-22066,30143,-8077,0,0,0,0,1,0
604,628125,-26299,22583,3716,0,-28831,24758,4073,0,0,0,0,1,0
605,629166,-28460,14230,14230,0,-31207,15603,15603,0,0,0,0,1,0
606,630208,-26288,3714,22574,0,-28831,4073,24758,0,0,0,0,1,0
607,631250,-20116,-7363,27479,0,-22066,-8077,30143,0,0,0,0,1,0
608,632291,-10884,-17314,28199,0,-11942,-18997,30940,0,0,0,0,1,0
609,633333,0,-24626,24626,0,0,-27026,27026,0,0,0,0,1,0
610,634375,10880,-28187,17307,0,11942,-30940,18997,0,0,0,0,1,0
611,635416,20099,-27456,7357,0,22066,-30143,8077,0,0,0,0,1,0
612,636458,26255,-22546,-3709,0,28831,-24758,-4073,0,0,0,0,1,0
613,637500,28412,-14206,-14206,0,31207,-15603,-15603,0,0,0,0,1,0
614,638541,26244,-3708,-22536,0,28831,-4073,-24758,0,0,0,0,1,0
615,639583,20082,7351,-27433,0,22066,8077,-30143,0,0,0,0,1,0
616,640625,10866,17285,-28152,0,11942,18997,-30940,0,0,0,0,1,0
617,641666,0,24585,-24585,0,0,27026,-27026,0,0,0,0,1,0
618,642708,-10862,28140,-17278,0,-11942,30940,-18997,0,0,0,0,1,0
619,643750,-20065,27410,-7344,0,-22066,30143,-8077,0,0,0,0,1,0
620,644791,-26211,22508,3703,0,-28831,24758,4073,0,0,0,0,1,0
621,645833,-28365,14182,14182,0,-31207,15603,15603,0,0,0,0,1,0
622,646875,-26200,3702,22499,0,-28831,4073,24758,0,0,0,0,1,0
623,647916,-20049,-7338,27387,0,-22066,-8077,30143,0,0,0,0,1,0
624,648958,-10848,-17257,28105,0,-11942,-18997,30940,0,0,0,0,1,0
625,650000,0,-24544,24544,0,0,-27026,27026,0,0,0,0,1,0
626,651041,10844,-28093,17250,0,11942,-30940,18997,0,0,0,0,1,0
627,652083,20032,-27364,7332,0,22066,-30143,8077,0,0,0,0,1,0
628,653125,26168,-22471,-3697,0,28831,-24758,-4073,0,0,0,0,1,0
629,654166,28318,-14159,-14159,0,31207,-15603,-15603,0,0,0,0,1,0
630,655208,26157,-3695,-22461,0,28831,-4073,-24758,0,0,0,0,1,0
631,656250,20015,7326,-27342,0,22066,8077,-30143,0,0,0,0,1,0
632,657291,10830,17228,-28058,0,11942,18997,-30940,0,0,0,0,1,0
633,658333,0,24504,-24504,0,0,27026,-27026,0,0,0,0,1,0
634,659375,-10826,28046,-17221,0,-11942,30940,-18997,0,0,0,0,1,0
635,660416,-19999,27319,-7320,0,-22066,30143,-8077,0,0,0,0,1,0
636,661458,-26124,22433,3691,0,-28831,24758,4073,0,0,0,0,1,0
637,662500,-28271,14135,14135,0,-31207,15603,15603,0,0,0,0,1,0
638,663541,-26113,3689,22424,0,-28831,4073,24758,0,0,0,0,1,0
639,664583,-19982,-7314,27296,0,-22066,-8077,30143,0,0,0,0,1,0
640,665625,-10812,-17199,28012,0,-11942,-18997,30940,0,0,0,0,1,0
641,666666,0,-24463,24463,0,0,-27026,27026,0,0,0,0,1,0
642,667708,10808,-28000,17192,0,11942,-30940,18997,0,0,0,0,1,0
643,668750,19966,-27274,7308,0,22066,-30143,8077,0,0,0,0,1,0
644,669791,26081,-22396,-3685,0,28831,-24758,-4073,0,0,0,0,1,0
645,670833,28224,-14112,-14112,0,31207,-15603,-15603,0,0,0,0,1,0
646,671875,26070,-3683,-22387,0,28831,-4073,-24758,0,0,0,0,1,0
647,672916,19949,7302,-27251,0,22066,8077,-30143,0,0,0,0,1,0
648,673958,10794,17171,-27965,0,11942,18997,-30940,0,0,0,0,1,0
649,675000,0,24423,-24423,0,0,27026,-27026,0,0,0,0,1,0
650,676041,-10790,27954,-17164,0,-11942,30940,-18997,0,0,0,0,1,0
651,677083,-19933,27229,-7296,0,-22066,30143,-8077,0,0,0,0,1,0
652,678125,-26038,22359,3679,0,-28831,24758,4073,0,0,0,0,1,0
653,679166,-28177,14089,14089,0,-31207,15603,15603,0,0,0,0,1,0
654,680208,-26027,3677,22350,0,-28831,4073,24758,0,0,0,0,1,0
655,681250,-19916,-7290,27206,0,-22066,-8077,30143,0,0,0,0,1,0
656,682291,-10776,-17143,27919,0,-11942,-18997,30940,0,0,0,0,1,0
657,683333,0,-24382,24382,0,0,-27026,27026,0,0,0,0,1,0
658,684375,10772,-27908,17136,0,11942,-30940,18997,0,0,0,0,1,0
659,685416,19900,-27184,7284,0,22066,-30143,8077,0,0,0,0,1,0
660,686458,25995,-22322,-3673,0,28831,-24758,-4073,0,0,0,0,1,0
661,687500,28131,-14065,-14065,0,31207,-15603,-15603,0,0,0,0,1,0
662,688541,25984,-3671,-22313,0,28831,-4073,-24758,0,0,0,0,1,0
663,689583,19883,7278,-27161,0,22066,8077,-30143,0,0,0,0,1,0
664,690625,10759,17114,-27873,0,11942,18997,-30940,0,0,0,0,1,0
665,691666,0,24342,-24342,0,0,27026,-27026,0,0,0,0,1,0
666,692708,-10754,27862,-17107,0,-11942,30940,-18997,0,0,0,0,1,0
667,693750,-19867,27139,-7272,0,-22066,30143,-8077,0,0,0,0,1,0
668,694791,-25952,22286,3667,0,-28831,24758,4073,0,0,0,0,1,0
669,695833,-28085,14042,14042,0,-31207,15603,15603,0,0,0,0,1,0
670,696875,-25942,3665,22277,0,-28831,4073,24758,0,0,0,0,1,0
671,697916,-19851,-7266,27117,0,-22066,-8077,30143,0,0,0,0,1,0
672,698958,-10741,-17086,27827,0,-11942,-18997,30940,0,0,0,0,1,0
673,700000,0,-24302,24302,0,0,-27026,27026,0,0,0,0,1,0
674,701041,10737,-27816,17079,0,11942,-30940,18997,0,0,0,0,1,0
675,702083,19834,-27094,7260,0,22066,-30143,8077,0,0,0,0,1,0
676,703125,25910,-22249,-3661,0,28831,-24758,-4073,0,0,0,0,1,0
677,704166,28039,-14019,-14019,0,31207,-15603,-15603,0,0,0,0,1,0
678,705208,25899,-3659,-22240,0,28831,-4073,-24758,0,0,0,0,1,0
679,706250,19818,7254,-27072,0,22066,8077,-30143,0,0,0,0,1,0
680,707291,10723,17058,-27782,0,11942,18997,-30940,0,0,0,0,1,0
681,708333,0,24262,-24262,0,0,27026,-27026,0,0,0,0,1,0
682,709375,-10719,27770,-17051,0,-11942,30940,-18997,0,0,0,0,1,0
683,710416,-19802,27050,-7248,0,-22066,30143,-8077,0,0,0,0,1,0
684,711458,-25867,22213,3655,0,-28831,24758,4073,0,0,0,0,1,0
685,712500,-27993,13996,13996,0,-31207,15603,15603,0,0,0,0,1,0
686,713541,-25857,3653,22204,0,-28831,4073,24758,0,0,0,0,1,0
687,714583,-19786,-7242,27028,0,-22066,-8077,30143,0,0,0,0,1,0
688,715625,-10706,-17031,27736,0,-11942,-18997,30940,0,0,0,0,1,0
689,716666,0,-24223,24223,0,0,-27026,27026,0,0,0,0,1,0
690,717708,10701,-27725,17024,0,11942,-30940,18997,0,0,0,0,1,0
691,718750,19770,-27006,7236,0,22066,-30143,8077,0,0,0,0,1,0
692,719791,25825,-22176,-3649,0,28831,-24758,-4073,0,0,0,0,1,0
693,720833,27947,-13974,-13974,0,31207,-15603,-15603,0,0,0,0,1,0
694,721875,25815,-3647,-22167,0,28831,-4073,-24758,0,0,0,0,1,0
695,722916,19754,7230,-26984,0,22066,8077,-30143,0,0,0,0,1,0
696,723958,10688,17003,-27691,0,11942,18997,-30940,0,0,0,0,1,0
697,725000,0,24183,-24183,0,0,27026,-27026,0,0,0,0,1,0
698,726041,-10684,27680,-16996,0,-11942,30940,-18997,0,0,0,0,1,0
699,727083,-19737,26962,-7224,0,-22066,30143,-8077,0,0,0,0,1,0
700,728125,-25783,22140,3643,0,-28831,24758,4073,0,0,0,0,1,0
701,729166,-27902,13951,13951,0,-31207,15603,15603,0,0,0,0,1,0
702,730208,-25772,3641,22131,0,-28831,4073,24758,0,0,0,0,1,0
703,731250,-19721,-7219,26940,0,-22066,-8077,30143,0,0,0,0,1,0
704,732291,-10671,-16975,27646,0,-11942,-18997,30940,0,0,0,0,1,0
705,733333,0,-24144,24144,0,0,-27026,27026,0,0,0,0,1,0
706,734375,10667,-27635,16968,0,11942,-30940,18997,0,0,0,0,1,0
707,735416,19705,-26918,7213,0,22066,-30143,8077,0,0,0,0,1,0
708,736458,25741,-22104,-3637,0,28831,-24758,-4073,0,0,0,0,1,0
709,737500,27856,-13928,-13928,0,31207,-15603,-15603,0,0,0,0,1,0
710,738541,25731,-3635,-22095,0,28831,-4073,-24758,0,0,0,0,1,0
711,739583,19689,7207,-26896,0,22066,8077,-30143,0,0,0,0,1,0
712,740625,10654,16947,-27601,0,11942,18997,-30940,0,0,0,0,1,0
713,741666,0,24105,-24105,0,0,27026,-27026,0,0,0,0,1,0
714,742708,-10649,27590,-16941,0,-11942,30940,-18997,0,0,0,0,1,0
715,743750,-19673,26874,-7201,0,-22066,30143,-8077,0,0,0,0,1,0
716,744791,-25699,22068,3631,0,-28831,24758,4073,0,0,0,0,1,0
717,745833,-27811,13906,13906,0,-31207,15603,15603,0,0,0,0,1,0
718,746875,-25689,3629,22060,0,-28831,4073,24758,0,0,0,0,1,0
719,747916,-19657,-7195,26853,0,-22066,-8077,30143,0,0,0,0,1,0
720,748958,-10636,-16920,27556,0,-11942,-18997,30940,0,0,0,0,1,0
721,750000,0,-24066,24066,0,0,-27026,27026,0,0,0,0,1,0
722,751041,10632,-27545,16913,0,11942,-30940,18997,0,0,0,0,1,0
723,752083,19642,-26831,7189,0,22066,-30143,8077,0,0,0,0,1,0
724,753125,25658,-22033,-3625,0,28831,-24758,-4073,0,0,0,0,1,0
725,754166,27766,-13883,-13883,0,31207,-15603,-15603,0,0,0,0,1,0
726,755208,25647,-3623,-22024,0,28831,-4073,-24758,0,0,0,0,1,0
727,756250,19626,7183,-26809,0,22066,8077,-30143,0,0,0,0,1,0
728,757291,10619,16893,-27512,0,11942,18997,-30940,0,0,0,0,1,0
729,758333,0,24027,-24027,0,0,27026,-27026,0,0,0,0,1,0
730,759375,-10615,27501,-16886,0,-11942,30940,-18997,0,0,0,0,1,0
731,760416,-19610,26788,-7178,0,-22066,30143,-8077,0,0,0,0,1,0
732,761458,-25616,21997,3619,0,-28831,24758,4073,0,0,0,0,1,0
733,762500,-27721,13861,13861,0,-31207,15603,15603,0,0,0,0,1,0
734,763541,-25606,3618,21988,0,-28831,4073,24758,0,0,0,0,1,0
735,764583,-19594,-7172,26766,0,-22066,-8077,30143,0,0,0,0,1,0
736,765625,-10602,-16865,27468,0,-11942,-18997,30940,0,0,0,0,1,0
737,766666,0,-23988,23988,0,0,-27026,27026,0,0,0,0,1,0
738,767708,10598,-27456,16859,0,11942,-30940,18997,0,0,0,0,1,0
739,768750,19578,-26744,7166,0,22066,-30143,8077,0,0,0,0,1,0
740,769791,25575,-21962,-3613,0,28831,-24758,-4073,0,0,0,0,1,0
741,770833,27677,-13838,-13838,0,31207,-15603,-15603,0,0,0,0,1,0
742,771875,25565,-3612,-21953,0,28831,-4073,-24758,0,0,0,0,1,0
743,772916,19562,7160,-26723,0,22066,8077,-30143,0,0,0,0,1,0
744,773958,10585,16838,-27423,0,11942,18997,-30940,0,0,0,0,1,0
745,775000,0,23949,-23949,0,0,27026,-27026,0,0,0,0,1,0
746,776041,-10581,27412,-16832,0,-11942,30940,-18997,0,0,0,0,1,0
747,777083,-19547,26701,-7155,0,-22066,30143,-8077,0,0,0,0,1,0
748,778125,-25534,21926,3607,0,-28831,24758,4073,0,0,0,0,1,0
749,779166,-27632,13816,13816,0,-31207,15603,15603,0,0,0,0,1,0
750,780208,-25524,3606,21918,0,-28831,4073,24758,0,0,0,0,1,0
751,781250,-19531,-7149,26680,0,-22066,-8077,30143,0,0,0,0,1,0
752,782291,-10568,-16811,27379,0,-11942,-18997,30940,0,0,0,0,1,0
753,783333,0,-23911,23911,0,0,-27026,27026,0,0,0,0,1,0
754,784375,10564,-27368,16805,0,11942,-30940,18997,0,0,0,0,1,0
755,785416,19515,-26659,7143,0,22066,-30143,8077,0,0,0,0,1,0
756,786458,25493,-21891,-3602,0,28831,-24758,-4073,0,0,0,0,1,0
757,787500,27588,-13794,-13794,0,31207,-15603,-15603,0,0,0,0,1,0
758,788541,25483,-3600,-21883,0,28831,-4073,-24758,0,0,0,0,1,0
759,789583,19500,7137,-26637,0,22066,8077,-30143,0,0,0,0,1,0
760,790625,10551,16784,-27335,0,11942,18997,-30940,0,0,0,0,1,0
761,791666,0,23873,-23873,0,0,27026,-27026,0,0,0,0,1,0
762,792708,-10547,27325,-16778,0,-11942,30940,-18997,0,0,0,0,1,0
763,793750,-19484,26616,-7132,0,-22066,30143,-8077,0,0,0,0,1,0
764,794791,-25452,21856,3596,0,-28831,24758,4073,0,0,0,0,1,0
765,795833,-27544,13772,13772,0,-31207,15603,15603,0,0,0,0,1,0
766,796875,-25442,3594,21848,0,-28831,4073,24758,0,0,0,0,1,0
767,797916,-19469,-7126,26595,0,-22066,-8077,30143,0,0,0,0,1,0
768,798958,-10534,-16758,27292,0,-11942,-18997,30940,0,0,0,0,1,0
769,800000,0,-23835,23835,0,0,-27026,27026,0,0,0,0,1,0
770,801041,10530,-27281,16751,0,11942,-30940,18997,0,0,0,0,1,0
771,802083,19453,-26573,7120,0,22066,-30143,8077,0,0,0,0,1,0
772,803125,25412,-21821,-3590,0,28831,-24758,-4073,0,0,0,0,1,0
773,804166,27500,-13750,-13750,0,31207,-15603,-15603,0,0,0,0,1,0
774,805208,25401,-3589,-21813,0,28831,-4073,-24758,0,0,0,0,1,0
775,806250,19438,7115,-26552,0,22066,8077,-30143,0,0,0,0,1,0
776,807291,10517,16731,-27248,0,11942,18997,-30940,0,0,0,0,1,0
777,808333,0,23797,-23797,0,0,27026,-27026,0,0,0,0,1,0
778,809375,-10513,27237,-16724,0,-11942,30940,-18997,0,0,0,0,1,0
779,810416,-19422,26531,-7109,0,-22066,30143,-8077,0,0,0,0,1,0
780,811458,-25371,21787,3584,0,-28831,24758,4073,0,0,0,0,1,0
781,812500,-27456,13728,13728,0,-31207,15603,15603,0,0,0,0,1,0
782,813541,-25361,3583,21778,0,-28831,4073,24758,0,0,0,0,1,0
783,814583,-19407,-7103,26510,0,-22066,-8077,30143,0,0,0,0,1,0
784,815625,-10501,-16704,27205,0,-11942,-18997,30940,0,0,0,0,1,0
785,816666,0,-23759,23759,0,0,-27026,27026,0,0,0,0,1,0
786,817708,10497,-27194,16698,0,11942,-30940,18997,0,0,0,0,1,0
787,818750,19391,-26489,7098,0,22066,-30143,8077,0,0,0,0,1,0
788,819791,25331,-21752,-3579,0,28831,-24758,-4073,0,0,0,0,1,0
789,820833,27412,-13706,-13706,0,31207,-15603,-15603,0,0,0,0,1,0
790,821875,25321,-3577,-21743,0,28831,-4073,-24758,0,0,0,0,1,0
791,822916,19376,7092,-26468,0,22066,8077,-30143,0,0,0,0,1,0
792,823958,10484,16678,-27162,0,11942,18997,-30940,0,0,0,0,1,0
793,825000,0,23721,-23721,0,0,27026,-27026,0,0,0,0,1,0
794,826041,-10480,27151,-16671,0,-11942,30940,-18997,0,0,0,0,1,0
795,827083,-19361,26447,-7086,0,-22066,30143,-8077,0,0,0,0,1,0
796,828125,-25291,21718,3573,0,-28831,24758,4073,0,0,0,0,1,0
797,829166,-27369,13685,13685,0,-31207,15603,15603,0,0,0,0,1,0
798,830208,-25281,3572,21709,0,-28831,4073,24758,0,0,0,0,1,0
799,831250,-19345,-7081,26426,0,-22066,-8077,30143,0,0,0,0,1,0
800,832291,-10467,-16651,27119,0,-11942,-18997,30940,0,0,0,0,1,0
801,833333,0,-23684,23684,0,0,-27026,27026,0,0,0,0,1,0
802,834375,10463,-27108,16645,0,11942,-30940,18997,0,0,0,0,1,0
803,835416,19330,-26405,7075,0,22066,-30143,8077,0,0,0,0,1,0
804,836458,25251,-21683,-3567,0,28831,-24758,-4073,0,0,0,0,1,0
805,837500,27326,-13663,-13663,0,31207,-15603,-15603,0,0,0,0,1,0
806,838541,25241,-3566,-21675,0,28831,-4073,-24758,0,0,0,0,1,0
807,839583,19315,7070,-26384,0,22066,8077,-30143,0,0,0,0,1,0
808,840625,10451,16625,-27076,0,11942,18997,-30940,0,0,0,0,1,0
809,841666,0,23646,-23646,0,0,27026,-27026,0,0,0,0,1,0
810,842708,-10447,27065,-16618,0,-11942,30940,-18997,0,0,0,0,1,0
811,843750,-19299,26363,-7064,0,-22066,30143,-8077,0,0,0,0,1,0
812,844791,-25211,21649,3562,0,-28831,24758,4073,0,0,0,0,1,0
813,845833,-27283,13641,13641,0,-31207,15603,15603,0,0,0,0,1,0
814,846875,-25201,3560,21641,0,-28831,4073,24758,0,0,0,0,1,0
815,847916,-19284,-7059,26343,0,-22066,-8077,30143,0,0,0,0,1,0
816,848958,-10434,-16599,27033,0,-11942,-18997,30940,0,0,0,0,1,0
817,850000,0,-23609,23609,0,0,-27026,27026,0,0,0,0,1,0
818,851041,10430,-27023,16592,0,11942,-30940,18997,0,0,0,0,1,0
819,852083,19269,-26322,7053,0,22066,-30143,8077,0,0,0,0,1,0
820,853125,25171,-21615,-3556,0,28831,-24758,-4073,0,0,0,0,1,0
821,854166,27240,-13620,-13620,0,31207,-15603,-15603,0,0,0,0,1,0
822,855208,25161,-3555,-21607,0,28831,-4073,-24758,0,0,0,0,1,0
823,856250,19254,7047,-26301,0,22066,8077,-30143,0,0,0,0,1,0
824,857291,10418,16573,-26991,0,11942,18997,-30940,0,0,0,0,1,0
825,858333,0,23572,-23572,0,0,27026,-27026,0,0,0,0,1,0
826,859375,-10414,26980,-16566,0,-11942,30940,-18997,0,0,0,0,1,0
827,860416,-19239,26281,-7042,0,-22066,30143,-8077,0,0,0,0,1,0
828,861458,-25132,21581,3551,0,-28831,24758,4073,0,0,0,0,1,0
829,862500,-27197,13599,13599,0,-31207,15603,15603,0,0,0,0,1,0
830,863541,-25122,3549,21573,0,-28831,4073,24758,0,0,0,0,1,0
831,864583,-19224,-7036,26260,0,-22066,-8077,30143,0,0,0,0,1,0
832,865625,-10402,-16547,26949,0,-11942,-18997,30940,0,0,0,0,1,0
833,866666,0,-23535,23535,0,0,-27026,27026,0,0,0,0,1,0
834,867708,10398,-26938,16540,0,11942,-30940,18997,0,0,0,0,1,0
835,868750,19209,-26239,7031,0,22066,-30143,8077,0,0,0,0,1,0
836,869791,25092,-21547,-3545,0,28831,-24758,-4073,0,0,0,0,1,0
837,870833,27154,-13577,-13577,0,31207,-15603,-15603,0,0,0,0,1,0
838,871875,25083,-3544,-21539,0,28831,-4073,-24758,0,0,0,0,1,0
839,872916,19194,7025,-26219,0,22066,8077,-30143,0,0,0,0,1,0
840,873958,10385,16521,-26906,0,11942,18997,-30940,0,0,0,0,1,0
841,875000,0,23498,-23498,0,0,27026,-27026,0,0,0,0,1,0
842,876041,-10381,26896,-16514,0,-11942,30940,-18997,0,0,0,0,1,0
843,877083,-19179,26198,-7020,0,-22066,30143,-8077,0,0,0,0,1,0
844,878125,-25053,21514,3540,0,-28831,24758,4073,0,0,0,0,1,0
845,879166,-27112,13556,13556,0,-31207,15603,15603,0,0,0,0,1,0
846,880208,-25043,3538,21505,0,-28831,4073,24758,0,0,0,0,1,0
847,881250,-19164,-7014,26178,0,-22066,-8077,30143,0,0,0,0,1,0
848,882291,-10369,-16495,26864,0,-11942,-18997,30940,0,0,0,0,1,0
849,883333,0,-23461,23461,0,0,-27026,27026,0,0,0,0,1,0
850,884375,10365,-26854,16489,0,11942,-30940,18997,0,0,0,0,1,0
851,885416,19149,-26158,7009,0,22066,-30143,8077,0,0,0,0,1,0
852,886458,25014,-21480,-3534,0,28831,-24758,-4073,0,0,0,0,1,0
853,887500,27070,-13535,-13535,0,31207,-15603,-15603,0,0,0,0,1,0
854,888541,25004,-3533,-21472,0,28831,-4073,-24758,0,0,0,0,1,0
855,889583,19134,7003,-26137,0,22066,8077,-30143,0,0,0,0,1,0
856,890625,10353,16469,-26823,0,11942,18997,-30940,0,0,0,0,1,0
857,891666,0,23425,-23425,0,0,27026,-27026,0,0,0,0,1,0
858,892708,-10349,26812,-16463,0,-11942,30940,-18997,0,0,0,0,1,0
859,893750,-19119,26117,-6998,0,-22066,30143,-8077,0,0,0,0,1,0
860,894791,-24975,21447,3529,0,-28831,24758,4073,0,0,0,0,1,0
861,895833,-27028,13514,13514,0,-31207,15603,15603,0,0,0,0,1,0
862,896875,-24966,3527,21438,0,-28831,4073,24758,0,0,0,0,1,0
863,897916,-19104,-6993,26097,0,-22066,-8077,30143,0,0,0,0,1,0
864,898958,-10337,-16444,26781,0,-11942,-18997,30940,0,0,0,0,1,0
865,900000,0,-23389,23389,0,0,-27026,27026,0,0,0,0,1,0
866,901041,10333,-26770,16437,0,11942,-30940,18997,0,0,0,0,1,0
867,902083,19089,-26076,6987,0,22066,-30143,8077,0,0,0,0,1,0
868,903125,24936,-21413,-3523,0,28831,-24758,-4073,0,0,0,0,1,0
869,904166,26986,-13493,-13493,0,31207,-15603,-15603,0,0,0,0,1,0
870,905208,24927,-3522,-21405,0,28831,-4073,-24758,0,0,0,0,1,0
871,906250,19074,6982,-26056,0,22066,8077,-30143,0,0,0,0,1,0
872,907291,10321,16418,-26739,0,11942,18997,-30940,0,0,0,0,1,0
873,908333,0,23352,-23352,0,0,27026,-27026,0,0,0,0,1,0
874,909375,-10317,26729,-16412,0,-11942,30940,-18997,0,0,0,0,1,0
875,910416,-19060,26036,-6976,0,-22066,30143,-8077,0,0,0,0,1,0
876,911458,-24898,21380,3518,0,-28831,24758,4073,0,0,0,0,1,0
877,912500,-26944,13472,13472,0,-31207,15603,15603,0,0,0,0,1,0
878,913541,-24888,3516,21372,0,-28831,4073,24758,0,0,0,0,1,0
879,914583,-19045,-6971,26016,0,-22066,-8077,30143,0,0,0,0,1,0
880,915625,-10305,-16393,26698,0,-11942,-18997,30940,0,0,0,0,1,0
881,916666,0,-23316,23316,0,0,-27026,27026,0,0,0,0,1,0
882,917708,10301,-26688,16387,0,11942,-30940,18997,0,0,0,0,1,0
883,918750,19030,-25996,6966,0,22066,-30143,8077,0,0,0,0,1,0
884,919791,24859,-21347,-3512,0,28831,-24758,-4073,0,0,0,0,1,0
885,920833,26902,-13451,-13451,0,31207,-15603,-15603,0,0,0,0,1,0
886,921875,24850,-3511,-21339,0,28831,-4073,-24758,0,0,0,0,1,0
887,922916,19016,6960,-25976,0,22066,8077,-30143,0,0,0,0,1,0
888,923958,10289,16368,-26657,0,11942,18997,-30940,0,0,0,0,1,0
889,925000,0,23280,-23280,0,0,27026,-27026,0,0,0,0,1,0
890,926041,-10285,26647,-16361,0,-11942,30940,-18997,0,0,0,0,1,0
891,927083,-19001,25956,-6955,0,-22066,30143,-8077,0,0,0,0,1,0
892,928125,-24821,21314,3507,0,-28831,24758,4073,0,0,0,0,1,0
893,929166,-26861,13431,13431,0,-31207,15603,15603,0,0,0,0,1,0
894,930208,-24812,3505,21306,0,-28831,4073,24758,0,0,0,0,1,0
895,931250,-18986,-6949,25936,0,-22066,-8077,30143,0,0,0,0,1,0
896,932291,-10273,-16343,26616,0,-11942,-18997,30940,0,0,0,0,1,0
897,933333,0,-23244,23244,0,0,-27026,27026,0,0,0,0,1,0
898,934375,10269,-26606,16336,0,11942,-30940,18997,0,0,0,0,1,0
899,935416,18972,-25916,6944,0,22066,-30143,8077,0,0,0,0,1,0
900,936458,24783,-21282,-3501,0,28831,-24758,-4073,0,0,0,0,1,0
901,937500,26820,-13410,-13410,0,31207,-15603,-15603,0,0,0,0,1,0
902,938541,24773,-3500,-21273,0,28831,-4073,-24758,0,0,0,0,1,0
903,939583,18957,6939,-25896,0,22066,8077,-30143,0,0,0,0,1,0
904,940625,10258,16317,-26575,0,11942,18997,-30940,0,0,0,0,1,0
905,941666,0,23209,-23209,0,0,27026,-27026,0,0,0,0,1,0
906,942708,-10254,26565,-16311,0,-11942,30940,-18997,0,0,0,0,1,0
907,943750,-18943,25876,-6933,0,-22066,30143,-8077,0,0,0,0,1,0
908,944791,-24745,21249,3496,0,-28831,24758,4073,0,0,0,0,1,0
909,945833,-26779,13389,13389,0,-31207,15603,15603,0,0,0,0,1,0
910,946875,-24736,3495,21241,0,-28831,4073,24758,0,0,0,0,1,0
911,947916,-18928,-6928,25856,0,-22066,-8077,30143,0,0,0,0,1,0
912,948958,-10242,-16292,26534,0,-11942,-18997,30940,0,0,0,0,1,0
913,950000,0,-23173,23173,0,0,-27026,27026,0,0,0,0,1,0
914,951041,10238,-26524,16286,0,11942,-30940,18997,0,0,0,0,1,0
915,952083,18914,-25837,6923,0,22066,-30143,8077,0,0,0,0,1,0
916,953125,24707,-21216,-3491,0,28831,-24758,-4073,0,0,0,0,1,0
917,954166,26738,-13369,-13369,0,31207,-15603,-15603,0,0,0,0,1,0
918,955208,24698,-3489,-21208,0,28831,-4073,-24758,0,0,0,0,1,0
919,956250,18899,6918,-25817,0,22066,8077,-30143,0,0,0,0,1,0
920,957291,10226,16268,-26494,0,11942,18997,-30940,0,0,0,0,1,0
921,958333,0,23138,-23138,0,0,27026,-27026,0,0,0,0,1,0
922,959375,-10222,26484,-16261,0,-11942,30940,-18997,0,0,0,0,1,0
923,960416,-18885,25797,-6912,0,-22066,30143,-8077,0,0,0,0,1,0
924,961458,-24669,21184,3485,0,-28831,24758,4073,0,0,0,0,1,0
925,962500,-26697,13348,13348,0,-31207,15603,15603,0,0,0,0,1,0
926,963541,-24660,3484,21176,0,-28831,4073,24758,0,0,0,0,1,0
927,964583,-18870,-6907,25777,0,-22066,-8077,30143,0,0,0,0,1,0
928,965625,-10211,-16243,26453,0,-11942,-18997,30940,0,0,0,0,1,0
929,966666,0,-23103,23103,0,0,-27026,27026,0,0,0,0,1,0
930,967708,10207,-26443,16237,0,11942,-30940,18997,0,0,0,0,1,0
931,968750,18856,-25758,6902,0,22066,-30143,8077,0,0,0,0,1,0
932,969791,24632,-21152,-3480,0,28831,-24758,-4073,0,0,0,0,1,0
933,970833,26656,-13328,-13328,0,31207,-15603,-15603,0,0,0,0,1,0
934,971875,24623,-3479,-21144,0,28831,-4073,-24758,0,0,0,0,1,0
935,972916,18842,6897,-25738,0,22066,8077,-30143,0,0,0,0,1,0
936,973958,10195,16218,-26413,0,11942,18997,-30940,0,0,0,0,1,0
937,975000,0,23067,-23067,0,0,27026,-27026,0,0,0,0,1,0
938,976041,-10191,26403,-16212,0,-11942,30940,-18997,0,0,0,0,1,0
939,977083,-18827,25719,-6891,0,-22066,30143,-8077,0,0,0,0,1,0
940,978125,-24594,21120,3475,0,-28831,24758,4073,0,0,0,0,1,0
941,979166,-26616,13308,13308,0,-31207,15603,15603,0,0,0,0,1,0
942,980208,-24585,3473,21112,0,-28831,4073,24758,0,0,0,0,1,0
943,981250,-18813,-6886,25699,0,-22066,-8077,30143,0,0,0,0,1,0
944,982291,-10180,-16193,26373,0,-11942,-18997,30940,0,0,0,0,1,0
945,983333,0,-23033,23033,0,0,-27026,27026,0,0,0,0,1,0
946,984375,10176,-26363,16187,0,11942,-30940,18997,0,0,0,0,1,0
947,985416,18799,-25680,6881,0,22066,-30143,8077,0,0,0,0,1,0
948,986458,24557,-21088,-3469,0,28831,-24758,-4073,0,0,0,0,1,0
949,987500,26576,-13288,-13288,0,31207,-15603,-15603,0,0,0,0,1,0
950,988541,24548,-3468,-21080,0,28831,-4073,-24758,0,0,0,0,1,0
951,989583,18785,6876,-25660,0,22066,8077,-30143,0,0,0,0,1,0
952,990625,10164,16169,-26333,0,11942,18997,-30940,0,0,0,0,1,0
953,991666,0,22998,-22998,0,0,27026,-27026,0,0,0,0,1,0
954,992708,-10160,26323,-16163,0,-11942,30940,-18997,0,0,0,0,1,0
955,993750,-18770,25641,-6870,0,-22066,30143,-8077,0,0,0,0,1,0
956,994791,-24520,21056,3464,0,-28831,24758,4073,0,0,0,0,1,0
957,995833,-26535,13268,13268,0,-31207,15603,15603,0,0,0,0,1,0
958,996875,-24511,3463,21048,0,-28831,4073,24758,0,0,0,0,1,0
959,997916,-18756,-6865,25622,0,-22066,-8077,30143,0,0,0,0,1,0
960,998958,-10149,-16145,26293,0,-11942,-18997,30940,0,0,0,0,1,0
961,1000000,0,-22963,22963,0,0,-27026,27026,0,0,0,0,1,0
962,1001041,10145,-26284,16138,0,11942,-30940,18997,0,0,0,0,1,0
963,1002083,18742,-25602,6860,0,22066,-30143,8077,0,0,0,0,1,0
964,1003125,24483,-21024,-3459,0,28831,-24758,-4073,0,0,0,0,1,0
965,1004166,26495,-13248,-13248,0,31207,-15603,-15603,0,0,0,0,1,0
966,1005208,24474,-3458,-21016,0,28831,-4073,-24758,0,0,0,0,1,0
967,1006250,18728,6855,-25583,0,22066,8077,-30143,0,0,0,0,1,0
968,1007291,10134,16120,-26254,0,11942,18997,-30940,0,0,0,0,1,0
969,1008333,0,22928,-22928,0,0,27026,-27026,0,0,0,0,1,0
970,1009374,-10130,26244,-16114,0,-11942,30940,-18997,0,0,0,0,1,0
971,1010416,-18714,25564,-6850,0,-22066,30143,-8077,0,0,0,0,1,0
972,1011458,-24446,20993,3454,0,-28831,24758,4073,0,0,0,0,1,0
973,1012500,-26456,13228,13228,0,-31207,15603,15603,0,0,0,0,1,0
974,1013541,-24437,3452,20985,0,-28831,4073,24758,0,0,0,0,1,0
975,1014583,-18700,-6845,25544,0,-22066,-8077,30143,0,0,0,0,1,0
976,1015625,-10118,-16096,26214,0,-11942,-18997,30940,0,0,0,0,1,0
977,1016666,0,-22894,22894,0,0,-27026,27026,0,0,0,0,1,0
978,1017708,10115,-26205,16090,0,11942,-30940,18997,0,0,0,0,1,0
979,1018750,18686,-25525,6839,0,22066,-30143,8077,0,0,0,0,1,0
980,1019791,24410,-20961,-3449,0,28831,-24758,-4073,0,0,0,0,1,0
981,1020833,26416,-13208,-13208,0,31207,-15603,-15603,0,0,0,0,1,0
982,1021875,24400,-3447,-20953,0,28831,-4073,-24758,0,0,0,0,1,0
983,1022916,18672,6834,-25506,0,22066,8077,-30143,0,0,0,0,1,0
984,1023958,10103,16072,-26175,0,11942,18997,-30940,0,0,0,0,1,0
985,1024999,0,22860,-22860,0,0,27026,-27026,0,0,0,0,1,0
986,1026041,-10099,26165,-16066,0,-11942,30940,-18997,0,0,0,0,1,0
987,1027083,-18658,25487,-6829,0,-22066,30143,-8077,0,0,0,0,1,0
988,1028125,-24373,20930,3443,0,-28831,24758,4073,0,0,0,0,1,0
989,1029166,-26376,13188,13188,0,-31207,15603,15603,0,0,0,0,1,0
990,1030208,-24364,3442,20922,0,-28831,4073,24758,0,0,0,0,1,0
991,1031250,-18644,-6824,25468,0,-22066,-8077,30143,0,0,0,0,1,0
992,1032291,-10088,-16048,26136,0,-11942,-18997,30940,0,0,0,0,1,0
993,1033333,0,-22826,22826,0,0,-27026,27026,0,0,0,0,1,0
994,1034375,10084,-26126,16042,0,11942,-30940,18997,0,0,0,0,1,0
995,1035416,18630,-25449,6819,0,22066,-30143,8077,0,0,0,0,1,0
996,1036458,24337,-20898,-3438,0,28831,-24758,-4073,0,0,0,0,1,0
997,1037500,26337,-13168,-13168,0,31207,-15603,-15603,0,0,0,0,1,0
998,1038541,24328,-3437,-20891,0,28831,-4073,-24758,0,0,0,0,1,0
999,1039583,18616,6814,-25430,0,22066,8077,-30143,0,0,0,0,1,0
1000,1040624,10073,16024,-26097,0,11942,18997,-30940,0,0,0,0,1,0
1001,1041666,0,22791,-22791,0,0,27026,-27026,0,0,0,0,1,0
1002,1042708,-10069,26087,-16018,0,-11942,30940,-18997,0,0,0,0,1,0
1003,1043750,-18602,25411,-6809,0,-22066,30143,-8077,0,0,0,0,1,0
1004,1044791,-24300,20867,3433,0,-28831,24758,4073,0,0,0,0,1,0
1005,1045833,-26298,13149,13149,0,-31207,15603,15603,0,0,0,0,1,0
1006,1046875,-24291,3432,20860,0,-28831,4073,24758,0,0,0,0,1,0
1007,1047916,-18588,-6804,25392,0,-22066,-8077,30143,0,0,0,0,1,0
1008,1048958,-10058,-16000,26058,0,-11942,-18997,30940,0,0,0,0,1,0
1009,1050000,0,-22758,22758,0,0,-27026,27026,0,0,0,0,1,0
1010,1051041,10054,-26049,15994,0,11942,-30940,18997,0,0,0,0,1,0
1011,1052083,18575,-25373,6799,0,22066,-30143,8077,0,0,0,0,1,0
1012,1053125,24264,-20836,-3428,0,28831,-24758,-4073,0,0,0,0,1,0
1013,1054166,26259,-13129,-13129,0,31207,-15603,-15603,0,0,0,0,1,0
1014,1055208,24255,-3427,-20829,0,28831,-4073,-24758,0,0,0,0,1,0
1015,1056250,18561,6794,-25355,0,22066,8077,-30143,0,0,0,0,1,0
1016,1057291,10043,15976,-26020,0,11942,18997,-30940,0,0,0,0,1,0
1017,1058333,0,22724,-22724,0,0,27026,-27026,0,0,0,0,1,0
1018,1059375,-10039,26010,-15970,0,-11942,30940,-18997,0,0,0,0,1,0
1019,1060416,-18547,25336,-6789,0,-22066,30143,-8077,0,0,0,0,1,0
1020,1061458,-24228,20805,3423,0,-28831,24758,4073,0,0,0,0,1,0
1021,1062500,-26220,13110,13110,0,-31207,15603,15603,0,0,0,0,1,0
1022,1063541,-24219,3422,20798,0,-28831,4073,24758,0,0,0,0,1,0
1023,1064583,-18533,-6784,25317,0,-22066,-8077,30143,0,0,0,0,1,0
1024,1065625,-10028,-15953,25981,0,-11942,-18997,30940,0,0,0,0,1,0
1025,1066666,0,-22690,22690,0,0,-27026,27026,0,0,0,0,1,0
1026,1067708,10025,-25971,15947,0,11942,-30940,18997,0,0,0,0,1,0
1027,1068750,18520,-25298,6779,0,22066,-30143,8077,0,0,0,0,1,0
1028,1069791,24193,-20775,-3418,0,28831,-24758,-4073,0,0,0,0,1,0
1029,1070833,26181,-13091,-13091,0,31207,-15603,-15603,0,0,0,0,1,0
1030,1071875,24184,-3417,-20767,0,28831,-4073,-24758,0,0,0,0,1,0
1031,1072916,18506,6774,-25280,0,22066,8077,-30143,0,0,0,0,1,0
1032,1073958,10013,15929,-25943,0,11942,18997,-30940,0,0,0,0,1,0
1033,1075000,0,22657,-22657,0,0,27026,-27026,0,0,0,0,1,0
1034,1076041,-10010,25933,-15923,0,-11942,30940,-18997,0,0,0,0,1,0
1035,1077083,-18492,25261,-6769,0,-22066,30143,-8077,0,0,0,0,1,0
1036,1078125,-24157,20744,3413,0,-28831,24758,4073,0,0,0,0,1,0
1037,1079166,-26142,13071,13071,0,-31207,15603,15603,0,0,0,0,1,0
1038,1080208,-24148,3412,20736,0,-28831,4073,24758,0,0,0,0,1,0
1039,1081250,-18479,-6764,25242,0,-22066,-8077,30143,0,0,0,0,1,0
1040,1082291,-9999,-15906,25904,0,-11942,-18997,30940,0,0,0,0,1,0
1041,1083333,0,-22623,22623,0,0,-27026,27026,0,0,0,0,1,0
1042,1084375,9995,-25895,15900,0,11942,-30940,18997,0,0,0,0,1,0
1043,1085416,18465,-25224,6759,0,22066,-30143,8077,0,0,0,0,1,0
1044,1086458,24121,-20713,-3408,0,28831,-24758,-4073,0,0,0,0,1,0
1045,1087500,26104,-13052,-13052,0,31207,-15603,-15603,0,0,0,0,1,0
1046,1088541,24112,-3407,-20706,0,28831,-4073,-24758,0,0,0,0,1,0
1047,1089583,18452,6754,-25205,0,22066,8077,-30143,0,0,0,0,1,0
1048,1090625,9984,15882,-25866,0,11942,18997,-30940,0,0,0,0,1,0
1049,1091666,0,22590,-22590,0,0,27026,-27026,0,0,0,0,1,0
1050,1092708,-9980,25857,-15876,0,-11942,30940,-18997,0,0,0,0,1,0
1051,1093750,-18438,25187,-6749,0,-22066,30143,-8077,0,0,0,0,1,0
1052,1094791,-24086,20683,3403,0,-28831,24758,4073,0,0,0,0,1,0
1053,1095833,-26066,13033,13033,0,-31207,15603,15603,0,0,0,0,1,0
1054,1096875,-24077,3402,20675,0,-28831,4073,24758,0,0,0,0,1,0
1055,1097916,-18424,-6744,25168,0,-22066,-8077,30143,0,0,0,0,1,0
1056,1098958,-9969,-15859,25828,0,-11942,-18997,30940,0,0,0,0,1,0
1057,1100000,0,-22557,22557,0,0,-27026,27026,0,0,0,0,1,0
1058,1101041,9966,-25819,15853,0,11942,-30940,18997,0,0,0,0,1,0
1059,1102083,18411,-25150,6739,0,22066,-30143,8077,0,0,0,0,1,0
1060,1103125,24051,-20653,-3398,0,28831,-24758,-4073,0,0,0,0,1,0
1061,1104166,26028,-13014,-13014,0,31207,-15603,-15603,0,0,0,0,1,0
1062,1105208,24042,-3397,-20645,0,28831,-4073,-24758,0,0,0,0,1,0
1063,1106250,18397,6734,-25131,0,22066,8077,-30143,0,0,0,0,1,0
1064,1107291,9955,15836,-25791,0,11942,18997,-30940,0,0,0,0,1,0
1065,1108333,0,22524,-22524,0,0,27026,-27026,0,0,0,0,1,0
1066,1109375,-9951,25781,-15830,0,-11942,30940,-18997,0,0,0,0,1,0
1067,1110416,-18384,25113,-6729,0,-22066,30143,-8077,0,0,0,0,1,0
1068,1111458,-24016,20623,3393,0,-28831,24758,4073,0,0,0,0,1,0
1069,1112500,-25989,12995,12995,0,-31207,15603,15603,0,0,0,0,1,0
1070,1113541,-24007,3392,20615,0,-28831,4073,24758,0,0,0,0,1,0
1071,1114583,-18371,-6724,25095,0,-22066,-8077,30143,0,0,0,0,1,0
1072,1115625,-9940,-15813,25753,0,-11942,-18997,30940,0,0,0,0,1,0
1073,1116666,0,-22491,22491,0,0,-27026,27026,0,0,0,0,1,0
1074,1117708,9937,-25744,15807,0,11942,-30940,18997,0,0,0,0,1,0
1075,1118750,18357,-25076,6719,0,22066,-30143,8077,0,0,0,0,1,0
1076,1119791,23981,-20593,-3388,0,28831,-24758,-4073,0,0,0,0,1,0
1077,1120833,25952,-12976,-12976,0,31207,-15603,-15603,0,0,0,0,1,0
1078,1121875,23972,-3387,-20585,0,28831,-4073,-24758,0,0,0,0,1,0
1079,1122916,18344,6714,-25058,0,22066,8077,-30143,0,0,0,0,1,0
1080,1123958,9926,15790,-25716,0,11942,18997,-30940,0,0,0,0,1,0
1081,1125000,0,22458,-22458,0,0,27026,-27026,0,0,0,0,1,0
1082,1126041,-9922,25706,-15784,0,-11942,30940,-18997,0,0,0,0,1,0
1083,1127083,-18331,25040,-6709,0,-22066,30143,-8077,0,0,0,0,1,0
1084,1128125,-23946,20563,3383,0,-28831,24758,4073,0,0,0,0,1,0
1085,1129166,-25914,12957,12957,0,-31207,15603,15603,0,0,0,0,1,0
1086,1130208,-23937,3382,20555,0,-28831,4073,24758,0,0,0,0,1,0
1087,1131250,-18317,-6705,25022,0,-22066,-8077,30143,0,0,0,0,1,0
1088,1132291,-9911,-15767,25678,0,-11942,-18997,30940,0,0,0,0,1,0
1089,1133333,0,-22426,22426,0,0,-27026,27026,0,0,0,0,1,0
1090,1134375,9908,-25669,15761,0,11942,-30940,18997,0,0,0,0,1,0
1091,1135416,18304,-25004,6700,0,22066,-30143,8077,0,0,0,0,1,0
1092,1136458,23911,-20533,-3378,0,28831,-24758,-4073,0,0,0,0,1,0
1093,1137500,25876,-12938,-12938,0,31207,-15603,-15603,0,0,0,0,1,0
1094,1138541,23902,-3377,-20525,0,28831,-4073,-24758,0,0,0,0,1,0
1095,1139583,18291,6695,-24986,0,22066,8077,-30143,0,0,0,0,1,0
1096,1140625,9897,15744,-25641,0,11942,18997,-30940,0,0,0,0,1,0
1097,1141666,0,22393,-22393,0,0,27026,-27026,0,0,0,0,1,0
1098,1142708,-9894,25632,-15738,0,-11942,30940,-18997,0,0,0,0,1,0
1099,1143750,-18278,24968,-6690,0,-22066,30143,-8077,0,0,0,0,1,0
1100,1144791,-23876,20503,3373,0,-28831,24758,4073,0,0,0,0,1,0
1101,1145833,-25839,12919,12919,0,-31207,15603,15603,0,0,0,0,1,0
1102,1146875,-23868,3372,20496,0,-28831,4073,24758,0,0,0,0,1,0
1103,1147916,-18264,-6685,24950,0,-22066,-8077,30143,0,0,0,0,1,0
1104,1148958,-9883,-15721,25604,0,-11942,-18997,30940,0,0,0,0,1,0
1105,1150000,0,-22361,22361,0,0,-27026,27026,0,0,0,0,1,0
1106,1151041,9879,-25595,15716,0,11942,-30940,18997,0,0,0,0,1,0
1107,1152083,18251,-24932,6680,0,22066,-30143,8077,0,0,0,0,1,0
1108,1153125,23842,-20474,-3368,0,28831,-24758,-4073,0,0,0,0,1,0
1109,1154166,25802,-12901,-12901,0,31207,-15603,-15603,0,0,0,0,1,0
1110,1155208,23833,-3367,-20466,0,28831,-4073,-24758,0,0,0,0,1,0
1111,1156250,18238,6676,-24914,0,22066,8077,-30143,0,0,0,0,1,0
1112,1157291,9869,15699,-25567,0,11942,18997,-30940,0,0,0,0,1,0
1113,1158333,0,22329,-22329,0,0,27026,-27026,0,0,0,0,1,0
1114,1159375,-9865,25558,-15693,0,-11942,30940,-18997,0,0,0,0,1,0
1115,1160416,-18225,24896,-6671,0,-22066,30143,-8077,0,0,0,0,1,0
1116,1161458,-23808,20444,3364,0,-28831,24758,4073,0,0,0,0,1,0
1117,1162500,-25765,12882,12882,0,-31207,15603,15603,0,0,0,0,1,0
1118,1163541,-23799,3362,20437,0,-28831,4073,24758,0,0,0,0,1,0
1119,1164583,-18212,-6666,24878,0,-22066,-8077,30143,0,0,0,0,1,0
1120,1165625,-9854,-15676,25530,0,-11942,-18997,30940,0,0,0,0,1,0
1121,1166666,0,-22297,22297,0,0,-27026,27026,0,0,0,0,1,0
1122,1167708,9851,-25521,15670,0,11942,-30940,18997,0,0,0,0,1,0
1123,1168750,18199,-24860,6661,0,22066,-30143,8077,0,0,0,0,1,0
1124,1169791,23773,-20415,-3359,0,28831,-24758,-4073,0,0,0,0,1,0
1125,1170833,25728,-12864,-12864,0,31207,-15603,-15603,0,0,0,0,1,0
1126,1171875,23765,-3358,-20407,0,28831,-4073,-24758,0,0,0,0,1,0
1127,1172916,18186,6656,-24842,0,22066,8077,-30143,0,0,0,0,1,0
1128,1173958,9840,15654,-25494,0,11942,18997,-30940,0,0,0,0,1,0
1129,1175000,0,22265,-22265,0,0,27026,-27026,0,0,0,0,1,0
1130,1176041,-9837,25485,-15648,0,-11942,30940,-18997,0,0,0,0,1,0
1131,1177083,-18173,24824,-6652,0,-22066,30143,-8077,0,0,0,0,1,0
1132,1178125,-23739,20386,3354,0,-28831,24758,4073,0,0,0,0,1,0
1133,1179166,-25691,12845,12845,0,-31207,15603,15603,0,0,0,0,1,0
1134,1180208,-23731,3353,20378,0,-28831,4073,24758,0,0,0,0,1,0
1135,1181250,-18160,-6647,24807,0,-22066,-8077,30143,0,0,0,0,1,0
1136,1182291,-9826,-15631,25457,0,-11942,-18997,30940,0,0,0,0,1,0
1137,1183333,0,-22233,22233,0,0,-27026,27026,0,0,0,0,1,0
1138,1184375,9823,-25448,15626,0,11942,-30940,18997,0,0,0,0,1,0
1139,1185416,18147,-24789,6642,0,22066,-30143,8077,0,0,0,0,1,0
1140,1186458,23706,-20356,-3349,0,28831,-24758,-4073,0,0,0,0,1,0
1141,1187500,25654,-12827,-12827,0,31207,-15603,-15603,0,0,0,0,1,0
1142,1188541,23697,-3348,-20349,0,28831,-4073,-24758,0,0,0,0,1,0
1143,1189583,18134,6637,-24771,0,22066,8077,-30143,0,0,0,0,1,0
1144,1190625,9812,15609,-25421,0,11942,18997,-30940,0,0,0,0,1,0
1145,1191666,0,22201,-22201,0,0,27026,-27026,0,0,0,0,1,0
1146,1192708,-9809,25412,-15603,0,-11942,30940,-18997,0,0,0,0,1,0
1147,1193750,-18121,24753,-6633,0,-22066,30143,-8077,0,0,0,0,1,0
1148,1194791,-23672,20327,3344,0,-28831,24758,4073,0,0,0,0,1,0
1149,1195833,-25618,12809,12809,0,-31207,15603,15603,0,0,0,0,1,0
1150,1196875,-23663,3343,20320,0,-28831,4073,24758,0,0,0,0,1,0
1151,1197916,-18108,-6628,24736,0,-22066,-8077,30143,0,0,0,0,1,0
1152,1198958,-9798,-15587,25385,0,-11942,-18997,30940,0,0,0,0,1,0
1153,1200000,0,-22170,22170,0,0,-27026,27026,0,0,0,0,1,0
1154,1201041,9795,-25376,15581,0,11942,-30940,18997,0,0,0,0,1,0
1155,1202083,18095,-24718,6623,0,22066,-30143,8077,0,0,0,0,1,0
1156,1203125,23638,-20298,-3340,0,28831,-24758,-4073,0,0,0,0,1,0
1157,1204166,25581,-12791,-12791,0,31207,-15603,-15603,0,0,0,0,1,0
1158,1205208,23630,-3338,-20291,0,28831,-4073,-24758,0,0,0,0,1,0
1159,1206250,18082,6619,-24701,0,22066,8077,-30143,0,0,0,0,1,0
1160,1207291,9784,15565,-25349,0,11942,18997,-30940,0,0,0,0,1,0
1161,1208333,0,22138,-22138,0,0,27026,-27026,0,0,0,0,1,0
1162,1209375,-9781,25340,-15559,0,-11942,30940,-18997,0,0,0,0,1,0
1163,1210416,-18069,24683,-6614,0,-22066,30143,-8077,0,0,0,0,1,0
1164,1211458,-23605,20270,3335,0,-28831,24758,4073,0,0,0,0,1,0
1165,1212500,-25545,12772,12772,0,-31207,15603,15603,0,0,0,0,1,0
1166,1213541,-23596,3334,20263,0,-28831,4073,24758,0,0,0,0,1,0
1167,1214583,-18057,-6609,24666,0,-22066,-8077,30143,0,0,0,0,1,0
1168,1215625,-9770,-15542,25313,0,-11942,-18997,30940,0,0,0,0,1,0
1169,1216666,0,-22107,22107,0,0,-27026,27026,0,0,0,0,1,0
1170,1217708,9767,-25304,15537,0,11942,-30940,18997,0,0,0,0,1,0
1171,1218750,18044,-24648,6604,0,22066,-30143,8077,0,0,0,0,1,0
1172,1219791,23571,-20241,-3330,0,28831,-24758,-4073,0,0,0,0,1,0
1173,1220833,25509,-12754,-12754,0,31207,-15603,-15603,0,0,0,0,1,0
1174,1221875,23563,-3329,-20234,0,28831,-4073,-24758,0,0,0,0,1,0
1175,1222916,18031,6600,-24631,0,22066,8077,-30143,0,0,0,0,1,0
1176,1223958,9757,15521,-25277,0,11942,18997,-30940,0,0,0,0,1,0
1177,1225000,0,22076,-22076,0,0,27026,-27026,0,0,0,0,1,0
1178,1226041,-9753,25268,-15515,0,-11942,30940,-18997,0,0,0,0,1,0
1179,1227083,-18018,24614,-6595,0,-22066,30143,-8077,0,0,0,0,1,0
1180,1228125,-23538,20212,3325,0,-28831,24758,4073,0,0,0,0,1,0
1181,1229166,-25473,12736,12736,0,-31207,15603,15603,0,0,0,0,1,0
1182,1230208,-23530,3324,20205,0,-28831,4073,24758,0,0,0,0,1,0
1183,1231250,-18006,-6591,24596,0,-22066,-8077,30143,0,0,0,0,1,0
1184,1232291,-9743,-15499,25242,0,-11942,-18997,30940,0,0,0,0,1,0
1185,1233333,0,-22045,22045,0,0,-27026,27026,0,0,0,0,1,0
1186,1234375,9739,-25233,15493,0,11942,-30940,18997,0,0,0,0,1,0
1187,1235416,17993,-24579,6586,0,22066,-30143,8077,0,0,0,0,1,0
1188,1236458,23505,-20184,-3321,0,28831,-24758,-4073,0,0,0,0,1,0
1189,1237500,25437,-12718,-12718,0,31207,-15603,-15603,0,0,0,0,1,0
1190,1238541,23497,-3320,-20177,0,28831,-4073,-24758,0,0,0,0,1,0
1191,1239583,17980,6581,-24562,0,22066,8077,-30143,0,0,0,0,1,0
1192,1240625,9729,15477,-25206,0,11942,18997,-30940,0,0,0,0,1,0
1193,1241666,0,22014,-22014,0,0,27026,-27026,0,0,0,0,1,0
1194,1242708,-9726,25197,-15471,0,-11942,30940,-18997,0,0,0,0,1,0
1195,1243750,-17968,24544,-6577,0,-22066,30143,-8077,0,0,0,0,1,0
1196,1244791,-23472,20156,3316,0,-28831,24758,4073,0,0,0,0,1,0
1197,1245833,-25401,12701,12701,0,-31207,15603,15603,0,0,0,0,1,0
1198,1246875,-23464,3315,20149,0,-28831,4073,24758,0,0,0,0,1,0
1199,1247916,-17955,-6572,24527,0,-22066,-8077,30143,0,0,0,0,1,0
1200,1248958,-9716,-15455,25171,0,-11942,-18997,30940,0,0,0,0,1,0
1201,1250000,0,-21983,21983,0,0,-27026,27026,0,0,0,0,1,0
1202,1251041,9712,-25162,15450,0,11942,-30940,18997,0,0,0,0,1,0
1203,1252083,17943,-24510,6567,0,22066,-30143,8077,0,0,0,0,1,0
1204,1253125,23439,-20127,-3311,0,28831,-24758,-4073,0,0,0,0,1,0
1205,1254166,25366,-12683,-12683,0,31207,-15603,-15603,0,0,0,0,1,0
1206,1255208,23431,-3310,-20120,0,28831,-4073,-24758,0,0,0,0,1,0
1207,1256250,17930,6563,-24493,0,22066,8077,-30143,0,0,0,0,1,0
1208,1257291,9702,15434,-25136,0,11942,18997,-30940,0,0,0,0,1,0
1209,1258333,0,21952,-21952,0,0,27026,-27026,0,0,0,0,1,0
1210,1259375,-9699,25127,-15428,0,-11942,30940,-18997,0,0,0,0,1,0
1211,1260416,-17917,24476,-6558,0,-22066,30143,-8077,0,0,0,0,1,0
1212,1261458,-23406,20099,3307,0,-28831,24758,4073,0,0,0,0,1,0
1213,1262500,-25330,12665,12665,0,-31207,15603,15603,0,0,0,0,1,0
1214,1263541,-23398,3306,20092,0,-28831,4073,24758,0,0,0,0,1,0
1215,1264583,-17905,-6554,24459,0,-22066,-8077,30143,0,0,0,0,1,0
1216,1265625,-9688,-15412,25100,0,-11942,-18997,30940,0,0,0,0,1,0
1217,1266666,0,-21921,21921,0,0,-27026,27026,0,0,0,0,1,0
1218,1267708,9685,-25092,15407,0,11942,-30940,18997,0,0,0,0,1,0
1219,1268750,17893,-24442,6549,0,22066,-30143,8077,0,0,0,0,1,0
1220,1269791,23374,-20071,-3302,0,28831,-24758,-4073,0,0,0,0,1,0
1221,1270833,25295,-12648,-12648,0,31207,-15603,-15603,0,0,0,0,1,0
1222,1271875,23365,-3301,-20064,0,28831,-4073,-24758,0,0,0,0,1,0
1223,1272916,17880,6545,-24425,0,22066,8077,-30143,0,0,0,0,1,0
1224,1273958,9675,15391,-25066,0,11942,18997,-30940,0,0,0,0,1,0
1225,1275000,0,21891,-21891,0,0,27026,-27026,0,0,0,0,1,0
1226,1276041,-9672,25057,-15385,0,-11942,30940,-18997,0,0,0,0,1,0
1227,1277083,-17868,24408,-6540,0,-22066,30143,-8077,0,0,0,0,1,0
1228,1278125,-23341,20044,3298,0,-28831,24758,4073,0,0,0,0,1,0
1229,1279166,-25260,12630,12630,0,-31207,15603,15603,0,0,0,0,1,0
1230,1280208,-23333,3297,20037,0,-28831,4073,24758,0,0,0,0,1,0
1231,1281250,-17855,-6535,24391,0,-22066,-8077,30143,0,0,0,0,1,0
1232,1282291,-9662,-15369,25031,0,-11942,-18997,30940,0,0,0,0,1,0
1233,1283333,0,-21861,21861,0,0,-27026,27026,0,0,0,0,1,0
1234,1284375,9658,-25022,15364,0,11942,-30940,18997,0,0,0,0,1,0
1235,1285416,17843,-24374,6531,0,22066,-30143,8077,0,0,0,0,1,0
1236,1286458,23309,-20016,-3293,0,28831,-24758,-4073,0,0,0,0,1,0
1237,1287500,25225,-12612,-12612,0,31207,-15603,-15603,0,0,0,0,1,0
1238,1288541,23301,-3292,-20009,0,28831,-4073,-24758,0,0,0,0,1,0
1239,1289583,17831,6526,-24357,0,22066,8077,-30143,0,0,0,0,1,0
1240,1290625,9648,15348,-24996,0,11942,18997,-30940,0,0,0,0,1,0
1241,1291666,0,21830,-21830,0,0,27026,-27026,0,0,0,0,1,0
1242,1292708,-9645,24987,-15343,0,-11942,30940,-18997,0,0,0,0,1,0
1243,1293750,-17818,24340,-6522,0,-22066,30143,-8077,0,0,0,0,1,0
1244,1294791,-23277,19988,3289,0,-28831,24758,4073,0,0,0,0,1,0
1245,1295833,-25190,12595,12595,0,-31207,15603,15603,0,0,0,0,1,0
1246,1296875,-23269,3287,19981,0,-28831,4073,24758,0,0,0,0,1,0
1247,1297916,-17806,-6517,24323,0,-22066,-8077,30143,0,0,0,0,1,0
1248,1298958,-9635,-15327,24962,0,-11942,-18997,30940,0,0,0,0,1,0
1249,1300000,0,-21800,21800,0,0,-27026,27026,0,0,0,0,1,0
1250,1301041,9631,-24953,15321,0,11942,-30940,18997,0,0,0,0,1,0
1251,1302083,17794,-24307,6513,0,22066,-30143,8077,0,0,0,0,1,0
1252,1303125,23244,-19960,-3284,0,28831,-24758,-4073,0,0,0,0,1,0
1253,1304166,25155,-12578,-12578,0,31207,-15603,-15603,0,0,0,0,1,0
1254,1305208,23236,-3283,-19954,0,28831,-4073,-24758,0,0,0,0,1,0
1255,1306250,17781,6508,-24290,0,22066,8077,-30143,0,0,0,0,1,0
1256,1307291,9622,15306,-24927,0,11942,18997,-30940,0,0,0,0,1,0
1257,1308333,0,21770,-21770,0,0,27026,-27026,0,0,0,0,1,0
1258,1309375,-9618,24919,-15300,0,-11942,30940,-18997,0,0,0,0,1,0
1259,1310416,-17769,24273,-6504,0,-22066,30143,-8077,0,0,0,0,1,0
1260,1311458,-23213,19933,3279,0,-28831,24758,4073,0,0,0,0,1,0
1261,1312500,-25121,12560,12560,0,-31207,15603,15603,0,0,0,0,1,0
1262,1313541,-23205,3278,19926,0,-28831,4073,24758,0,0,0,0,1,0
1263,1314583,-17757,-6499,24256,0,-22066,-8077,30143,0,0,0,0,1,0
1264,1315625,-9608,-15285,24893,0,-11942,-18997,30940,0,0,0,0,1,0
1265,1316666,0,-21740,21740,0,0,-27026,27026,0,0,0,0,1,0
1266,1317708,9605,-24884,15279,0,11942,-30940,18997,0,0,0,0,1,0
1267,1318750,17745,-24240,6495,0,22066,-30143,8077,0,0,0,0,1,0
1268,1319791,23181,-19906,-3275,0,28831,-24758,-4073,0,0,0,0,1,0
1269,1320833,25086,-12543,-12543,0,31207,-15603,-15603,0,0,0,0,1,0
1270,1321875,23173,-3274,-19899,0,28831,-4073,-24758,0,0,0,0,1,0
1271,1322916,17733,6491,-24223,0,22066,8077,-30143,0,0,0,0,1,0
1272,1323958,9595,15264,-24859,0,11942,18997,-30940,0,0,0,0,1,0
1273,1325000,0,21710,-21710,0,0,27026,-27026,0,0,0,0,1,0
1274,1326041,-9592,24850,-15258,0,-11942,30940,-18997,0,0,0,0,1,0
1275,1327083,-17720,24207,-6486,0,-22066,30143,-8077,0,0,0,0,1,0
1276,1328125,-23149,19878,3270,0,-28831,24758,4073,0,0,0,0,1,0
1277,1329166,-25052,12526,12526,0,-31207,15603,15603,0,0,0,0,1,0
1278,1330208,-23141,3269,19872,0,-28831,4073,24758,0,0,0,0,1,0
1279,1331250,-17708,-6482,24190,0,-22066,-8077,30143,0,0,0,0,1,0
1280,1332291,-9582,-15243,24825,0,-11942,-18997,30940,0,0,0,0,1,0
1281,1333333,0,-21681,21681,0,0,-27026,27026,0,0,0,0,1,0
1282,1334375,9579,-24816,15238,0,11942,-30940,18997,0,0,0,0,1,0
1283,1335416,17696,-24174,6477,0,22066,-30143,8077,0,0,0,0,1,0
1284,1336458,23117,-19851,-3266,0,28831,-24758,-4073,0,0,0,0,1,0
1285,1337500,25018,-12509,-12509,0,31207,-15603,-15603,0,0,0,0,1,0
1286,1338541,23109,-3265,-19845,0,28831,-4073,-24758,0,0,0,0,1,0
1287,1339583,17684,6473,-24157,0,22066,8077,-30143,0,0,0,0,1,0
1288,1340625,9569,15222,-24791,0,11942,18997,-30940,0,0,0,0,1,0
1289,1341666,0,21651,-21651,0,0,27026,-27026,0,0,0,0,1,0
1290,1342708,-9566,24783,-15217,0,-11942,30940,-18997,0,0,0,0,1,0
1291,1343750,-17672,24141,-6468,0,-22066,30143,-8077,0,0,0,0,1,0
1292,1344791,-23086,19824,3262,0,-28831,24758,4073,0,0,0,0,1,0
1293,1345833,-24984,12492,12492,0,-31207,15603,15603,0,0,0,0,1,0
1294,1346875,-23078,3260,19818,0,-28831,4073,24758,0,0,0,0,1,0
1295,1347916,-17660,-6464,24124,0,-22066,-8077,30143,0,0,0,0,1,0
1296,1348958,-9556,-15201,24757,0,-11942,-18997,30940,0,0,0,0,1,0
1297,1350000,0,-21622,21622,0,0,-27026,27026,0,0,0,0,1,0
1298,1351041,9553,-24749,15196,0,11942,-30940,18997,0,0,0,0,1,0
1299,1352083,17648,-24108,6460,0,22066,-30143,8077,0,0,0,0,1,0
1300,1353125,23055,-19797,-3257,0,28831,-24758,-4073,0,0,0,0,1,0
1301,1354166,24950,-12475,-12475,0,31207,-15603,-15603,0,0,0,0,1,0
1302,1355208,23047,-3256,-19791,0,28831,-4073,-24758,0,0,0,0,1,0
1303,1356250,17636,6455,-24091,0,22066,8077,-30143,0,0,0,0,1,0
1304,1357291,9543,15181,-24724,0,11942,18997,-30940,0,0,0,0,1,0
1305,1358333,0,21593,-21593,0,0,27026,-27026,0,0,0,0,1,0
1306,1359375,-9540,24715,-15176,0,-11942,30940,-18997,0,0,0,0,1,0
1307,1360416,-17624,24075,-6451,0,-22066,30143,-8077,0,0,0,0,1,0
1308,1361458,-23023,19771,3253,0,-28831,24758,4073,0,0,0,0,1,0
1309,1362500,-24916,12458,12458,0,-31207,15603,15603,0,0,0,0,1,0
1310,1363541,-23015,3252,19764,0,-28831,4073,24758,0,0,0,0,1,0
1311,1364583,-17612,-6447,24059,0,-22066,-8077,30143,0,0,0,0,1,0
1312,1365625,-9530,-15160,24690,0,-11942,-18997,30940,0,0,0,0,1,0
1313,1366666,0,-21563,21563,0,0,-27026,27026,0,0,0,0,1,0
1314,1367708,9527,-24682,15155,0,11942,-30940,18997,0,0,0,0,1,0
1315,1368750,17600,-24043,6442,0,22066,-30143,8077,0,0,0,0,1,0
1316,1369791,22992,-19744,-3248,0,28831,-24758,-4073,0,0,0,0,1,0
1317,1370833,24882,-12441,-12441,0,31207,-15603,-15603,0,0,0,0,1,0
1318,1371875,22984,-3247,-19737,0,28831,-4073,-24758,0,0,0,0,1,0
1319,1372916,17589,6438,-24026,0,22066,8077,-30143,0,0,0,0,1,0
1320,1373958,9517,15140,-24657,0,11942,18997,-30940,0,0,0,0,1,0
1321,1375000,0,21534,-21534,0,0,27026,-27026,0,0,0,0,1,0
1322,1376041,-9514,24649,-15135,0,-11942,30940,-18997,0,0,0,0,1,0
1323,1377083,-17577,24010,-6434,0,-22066,30143,-8077,0,0,0,0,1,0
1324,1378125,-22961,19717,3244,0,-28831,24758,4073,0,0,0,0,1,0
1325,1379166,-24849,12424,12424,0,-31207,15603,15603,0,0,0,0,1,0
1326,1380208,-22953,3243,19711,0,-28831,4073,24758,0,0,0,0,1,0
1327,1381250,-17565,-6429,23994,0,-22066,-8077,30143,0,0,0,0,1,0
1328,1382291,-9504,-15119,24624,0,-11942,-18997,30940,0,0,0,0,1,0
1329,1383333,0,-21505,21505,0,0,-27026,27026,0,0,0,0,1,0
1330,1384375,9501,-24616,15114,0,11942,-30940,18997,0,0,0,0,1,0
1331,1385416,17553,-23978,6425,0,22066,-30143,8077,0,0,0,0,1,0
1332,1386458,22930,-19691,-3240,0,28831,-24758,-4073,0,0,0,0,1,0
1333,1387500,24815,-12408,-12408,0,31207,-15603,-15603,0,0,0,0,1,0
1334,1388541,22923,-3239,-19684,0,28831,-4073,-24758,0,0,0,0,1,0
1335,1389583,17541,6421,-23962,0,22066,8077,-30143,0,0,0,0,1,0
1336,1390625,9492,15099,-24591,0,11942,18997,-30940,0,0,0,0,1,0
1337,1391666,0,21476,-21476,0,0,27026,-27026,0,0,0,0,1,0
1338,1392708,-9488,24583,-15094,0,-11942,30940,-18997,0,0,0,0,1,0
1339,1393750,-17530,23946,-6416,0,-22066,30143,-8077,0,0,0,0,1,0
1340,1394791,-22900,19664,3235,0,-28831,24758,4073,0,0,0,0,1,0
1341,1395833,-24782,12391,12391,0,-31207,15603,15603,0,0,0,0,1,0
1342,1396875,-22892,3234,19658,0,-28831,4073,24758,0,0,0,0,1,0
1343,1397916,-17518,-6412,23930,0,-22066,-8077,30143,0,0,0,0,1,0
1344,1398958,-9479,-15079,24558,0,-11942,-18997,30940,0,0,0,0,1,0
1345,1400000,0,-21448,21448,0,0,-27026,27026,0,0,0,0,1,0
1346,1401041,9476,-24550,15074,0,11942,-30940,18997,0,0,0,0,1,0
1347,1402083,17506,-23914,6408,0,22066,-30143,8077,0,0,0,0,1,0
1348,1403125,22869,-19638,-3231,0,28831,-24758,-4073,0,0,0,0,1,0
1349,1404166,24749,-12375,-12375,0,31207,-15603,-15603,0,0,0,0,1,0
1350,1405208,22861,-3230,-19631,0,28831,-4073,-24758,0,0,0,0,1,0
1351,1406250,17494,6403,-23898,0,22066,8077,-30143,0,0,0,0,1,0
1352,1407291,9466,15059,-24525,0,11942,18997,-30940,0,0,0,0,1,0
1353,1408333,0,21419,-21419,0,0,27026,-27026,0,0,0,0,1,0
1354,1409375,-9463,24517,-15054,0,-11942,30940,-18997,0,0,0,0,1,0
1355,1410416,-17483,23882,-6399,0,-22066,30143,-8077,0,0,0,0,1,0
1356,1411458,-22838,19612,3227,0,-28831,24758,4073,0,0,0,0,1,0
1357,1412500,-24716,12358,12358,0,-31207,15603,15603,0,0,0,0,1,0
1358,1413541,-22831,3226,19605,0,-28831,4073,24758,0,0,0,0,1,0
1359,1414583,-17471,-6395,23866,0,-22066,-8077,30143,0,0,0,0,1,0
1360,1415625,-9454,-15039,24492,0,-11942,-18997,30940,0,0,0,0,1,0
1361,1416666,0,-21390,21390,0,0,-27026,27026,0,0,0,0,1,0
1362,1417708,9451,-24484,15034,0,11942,-30940,18997,0,0,0,0,1,0
1363,1418750,17459,-23850,6391,0,22066,-30143,8077,0,0,0,0,1,0
1364,1419791,22808,-19586,-3222,0,28831,-24758,-4073,0,0,0,0,1,0
1365,1420833,24683,-12342,-12342,0,31207,-15603,-15603,0,0,0,0,1,0
1366,1421875,22801,-3221,-19579,0,28831,-4073,-24758,0,0,0,0,1,0
1367,1422916,17448,6386,-23834,0,22066,8077,-30143,0,0,0,0,1,0
1368,1423958,9441,15019,-24460,0,11942,18997,-30940,0,0,0,0,1,0
1369,1425000,0,21362,-21362,0,0,27026,-27026,0,0,0,0,1,0
1370,1426041,-9438,24452,-15014,0,-11942,30940,-18997,0,0,0,0,1,0
1371,1427083,-17436,23818,-6382,0,-22066,30143,-8077,0,0,0,0,1,0
1372,1428125,-22778,19560,3218,0,-28831,24758,4073,0,0,0,0,1,0
1373,1429166,-24650,12325,12325,0,-31207,15603,15603,0,0,0,0,1,0
1374,1430208,-22770,3217,19553,0,-28831,4073,24758,0,0,0,0,1,0
1375,1431250,-17425,-6378,23803,0,-22066,-8077,30143,0,0,0,0,1,0
1376,1432291,-9429,-14999,24427,0,-11942,-18997,30940,0,0,0,0,1,0
1377,1433333,0,-21334,21334,0,0,-27026,27026,0,0,0,0,1,0
1378,1434375,9426,-24419,14994,0,11942,-30940,18997,0,0,0,0,1,0
1379,1435416,17413,-23787,6374,0,22066,-30143,8077,0,0,0,0,1,0
1380,1436458,22748,-19534,-3214,0,28831,-24758,-4073,0,0,0,0,1,0
1381,1437500,24618,-12309,-12309,0,31207,-15603,-15603,0,0,0,0,1,0
1382,1438541,22740,-3213,-19527,0,28831,-4073,-24758,0,0,0,0,1,0
1383,1439583,17402,6369,-23771,0,22066,8077,-30143,0,0,0,0,1,0
1384,1440625,9416,14979,-24395,0,11942,18997,-30940,0,0,0,0,1,0
1385,1441666,0,21306,-21306,0,0,27026,-27026,0,0,0,0,1,0
1386,1442708,-9413,24387,-14974,0,-11942,30940,-18997,0,0,0,0,1,0
1387,1443750,-17390,23755,-6365,0,-22066,30143,-8077,0,0,0,0,1,0
1388,1444791,-22718,19508,3210,0,-28831,24758,4073,0,0,0,0,1,0
1389,1445833,-24585,12293,12293,0,-31207,15603,15603,0,0,0,0,1,0
1390,1446875,-22710,3209,19502,0,-28831,4073,24758,0,0,0,0,1,0
1391,1447916,-17379,-6361,23740,0,-22066,-8077,30143,0,0,0,0,1,0
1392,1448958,-9404,-14959,24363,0,-11942,-18997,30940,0,0,0,0,1,0
1393,1450000,0,-21278,21278,0,0,-27026,27026,0,0,0,0,1,0
1394,1451041,9401,-24355,14954,0,11942,-30940,18997,0,0,0,0,1,0
1395,1452083,17367,-23724,6357,0,22066,-30143,8077,0,0,0,0,1,0
1396,1453125,22688,-19482,-3205,0,28831,-24758,-4073,0,0,0,0,1,0
1397,1454166,24553,-12276,-12276,0,31207,-15603,-15603,0,0,0,0,1,0
1398,1455208,22680,-3204,-19476,0,28831,-4073,-24758,0,0,0,0,1,0
1399,1456250,17356,6353,-23709,0,22066,8077,-30143,0,0,0,0,1,0
1400,1457291,9391,14940,-24331,0,11942,18997,-30940,0,0,0,0,1,0
1401,1458333,0,21250,-21250,0,0,27026,-27026,0,0,0,0,1,0
1402,1459375,-9388,24323,-14935,0,-11942,30940,-18997,0,0,0,0,1,0
1403,1460416,-17344,23693,-6349,0,-22066,30143,-8077,0,0,0,0,1,0
1404,1461458,-22658,19457,3201,0,-28831,24758,4073,0,0,0,0,1,0
1405,1462500,-24521,12260,12260,0,-31207,15603,15603,0,0,0,0,1,0
1406,1463541,-22651,3200,19450,0,-28831,4073,24758,0,0,0,0,1,0
1407,1464583,-17333,-6344,23677,0,-22066,-8077,30143,0,0,0,0,1,0
1408,1465625,-9379,-14920,24299,0,-11942,-18997,30940,0,0,0,0,1,0
1409,1466666,0,-21222,21222,0,0,-27026,27026,0,0,0,0,1,0
1410,1467708,9376,-24291,14915,0,11942,-30940,18997,0,0,0,0,1,0
1411,1468750,17322,-23662,6340,0,22066,-30143,8077,0,0,0,0,1,0
1412,1469791,22628,-19431,-3197,0,28831,-24758,-4073,0,0,0,0,1,0
1413,1470833,24489,-12244,-12244,0,31207,-15603,-15603,0,0,0,0,1,0
1414,1471875,22621,-3196,-19425,0,28831,-4073,-24758,0,0,0,0,1,0
1415,1472916,17310,6336,-23646,0,22066,8077,-30143,0,0,0,0,1,0
1416,1473958,9367,14900,-24267,0,11942,18997,-30940,0,0,0,0,1,0
1417,1475000,0,21194,-21194,0,0,27026,-27026,0,0,0,0,1,0
1418,1476041,-9364,24259,-14896,0,-11942,30940,-18997,0,0,0,0,1,0
1419,1477083,-17299,23631,-6332,0,-22066,30143,-8077,0,0,0,0,1,0
1420,1478125,-22599,19406,3193,0,-28831,24758,4073,0,0,0,0,1,0
1421,1479166,-24457,12228,12228,0,-31207,15603,15603,0,0,0,0,1,0
1422,1480208,-22591,3192,19400,0,-28831,4073,24758,0,0,0,0,1,0
1423,1481250,-17288,-6328,23616,0,-22066,-8077,30143,0,0,0,0,1,0
1424,1482291,-9355,-14881,24236,0,-11942,-18997,30940,0,0,0,0,1,0
1425,1483333,0,-21166,21166,0,0,-27026,27026,0,0,0,0,1,0
1426,1484375,9352,-24228,14876,0,11942,-30940,18997,0,0,0,0,1,0
1427,1485416,17277,-23600,6324,0,22066,-30143,8077,0,0,0,0,1,0
1428,1486458,22569,-19381,-3189,0,28831,-24758,-4073,0,0,0,0,1,0
1429,1487500,24425,-12212,-12212,0,31207,-15603,-15603,0,0,0,0,1,0
1430,1488541,22562,-3188,-19374,0,28831,-4073,-24758,0,0,0,0,1,0
1431,1489583,17265,6320,-23585,0,22066,8077,-30143,0,0,0,0,1,0
1432,1490625,9342,14862,-24204,0,11942,18997,-30940,0,0,0,0,1,0
1433,1491666,0,21139,-21139,0,0,27026,-27026,0,0,0,0,1,0
1434,1492708,-9339,24196,-14857,0,-11942,30940,-18997,0,0,0,0,1,0
1435,1493750,-17254,23570,-6315,0,-22066,30143,-8077,0,0,0,0,1,0
1436,1494791,-22540,19355,3184,0,-28831,24758,4073,0,0,0,0,1,0
1437,1495833,-24393,12197,12197,0,-31207,15603,15603,0,0,0,0,1,0
1438,1496875,-22533,3183,19349,0,-28831,4073,24758,0,0,0,0,1,0
1439,1497916,-17243,-6311,23554,0,-22066,-8077,30143,0,0,0,0,1,0
1440,1498958,-9330,-14842,24173,0,-11942,-18997,30940,0,0,0,0,1,0
1441,1500000,0,-21111,21111,0,0,-27026,27026,0,0,0,0,1,0
1442,1501041,9327,-24165,14838,0,11942,-30940,18997,0,0,0,0,1,0
1443,1502083,17232,-23539,6307,0,22066,-30143,8077,0,0,0,0,1,0
1444,1503125,22511,-19330,-3180,0,28831,-24758,-4073,0,0,0,0,1,0
1445,1504166,24361,-12181,-12181,0,31207,-15603,-15603,0,0,0,0,1,0
1446,1505208,22503,-3179,-19324,0,28831,-4073,-24758,0,0,0,0,1,0
1447,1506250,17221,6303,-23524,0,22066,8077,-30143,0,0,0,0,1,0
1448,1507291,9318,14823,-24141,0,11942,18997,-30940,0,0,0,0,1,0
1449,1508333,0,21084,-21084,0,0,27026,-27026,0,0,0,0,1,0
1450,1509375,-9315,24134,-14818,0,-11942,30940,-18997,0,0,0,0,1,0
1451,1510416,-17209,23509,-6299,0,-22066,30143,-8077,0,0,0,0,1,0
1452,1511458,-22482,19305,3176,0,-28831,24758,4073,0,0,0,0,1,0
1453,1512500,-24330,12165,12165,0,-31207,15603,15603,0,0,0,0,1,0
1454,1513541,-22474,3175,19299,0,-28831,4073,24758,0,0,0,0,1,0
1455,1514583,-17198,-6295,23493,0,-22066,-8077,30143,0,0,0,0,1,0
1456,1515625,-9306,-14804,24110,0,-11942,-18997,30940,0,0,0,0,1,0
1457,1516666,0,-21057,21057,0,0,-27026,27026,0,0,0,0,1,0
1458,1517708,9303,-24102,14799,0,11942,-30940,18997,0,0,0,0,1,0
1459,1518750,17187,-23478,6291,0,22066,-30143,8077,0,0,0,0,1,0
1460,1519791,22453,-19281,-3172,0,28831,-24758,-4073,0,0,0,0,1,0
1461,1520833,24299,-12149,-12149,0,31207,-15603,-15603,0,0,0,0,1,0
1462,1521875,22445,-3171,-19274,0,28831,-4073,-24758,0,0,0,0,1,0
1463,1522916,17176,6287,-23463,0,22066,8077,-30143,0,0,0,0,1,0
1464,1523958,9294,14785,-24079,0,11942,18997,-30940,0,0,0,0,1,0
1465,1525000,0,21030,-21030,0,0,27026,-27026,0,0,0,0,1,0
1466,1526041,-9291,24071,-14780,0,-11942,30940,-18997,0,0,0,0,1,0
1467,1527083,-17165,23448,-6283,0,-22066,30143,-8077,0,0,0,0,1,0
1468,1528125,-22424,19256,3168,0,-28831,24758,4073,0,0,0,0,1,0
1469,1529166,-24267,12134,12134,0,-31207,15603,15603,0,0,0,0,1,0
1470,1530208,-22417,3167,19250,0,-28831,4073,24758,0,0,0,0,1,0
1471,1531250,-17154,-6279,23433,0,-22066,-8077,30143,0,0,0,0,1,0
1472,1532291,-9282,-14766,24048,0,-11942,-18997,30940,0,0,0,0,1,0
1473,1533333,0,-21003,21003,0,0,-27026,27026,0,0,0,0,1,0
1474,1534375,9279,-24040,14761,0,11942,-30940,18997,0,0,0,0,1,0
1475,1535416,17143,-23418,6275,0,22066,-30143,8077,0,0,0,0,1,0
1476,1536458,22395,-19231,-3164,0,28831,-24758,-4073,0,0,0,0,1,0
1477,1537500,24236,-12118,-12118,0,31207,-15603,-15603,0,0,0,0,1,0
1478,1538541,22388,-3163,-19225,0,28831,-4073,-24758,0,0,0,0,1,0
1479,1539583,17132,6271,-23403,0,22066,8077,-30143,0,0,0,0,1,0
1480,1540625,9270,14747,-24017,0,11942,18997,-30940,0,0,0,0,1,0
1481,1541666,0,20976,-20976,0,0,27026,-27026,0,0,0,0,1,0
1482,1542708,-9267,24010,-14742,0,-11942,30940,-18997,0,0,0,0,1,0
1483,1543750,-17121,23388,-6267,0,-22066,30143,-8077,0,0,0,0,1,0
1484,1544791,-22366,19206,3160,0,-28831,24758,4073,0,0,0,0,1,0
1485,1545833,-24205,12103,12103,0,-31207,15603,15603,0,0,0,0,1,0
1486,1546875,-22359,3159,19200,0,-28831,4073,24758,0,0,0,0,1,0
1487,1547916,-17110,-6263,23373,0,-22066,-8077,30143,0,0,0,0,1,0
1488,1548958,-9259,-14728,23987,0,-11942,-18997,30940,0,0,0,0,1,0
1489,1550000,0,-20949,20949,0,0,-27026,27026,0,0,0,0,1,0
1490,1551041,9256,-23979,14723,0,11942,-30940,18997,0,0,0,0,1,0
1491,1552083,17099,-23358,6259,0,22066,-30143,8077,0,0,0,0,1,0
1492,1553125,22338,-19182,-3156,0,28831,-24758,-4073,0,0,0,0,1,0
1493,1554166,24174,-12087,-12087,0,31207,-15603,-15603,0,0,0,0,1,0
1494,1555208,22331,-3155,-19176,0,28831,-4073,-24758,0,0,0,0,1,0
1495,1556250,17088,6255,-23343,0,22066,8077,-30143,0,0,0,0,1,0
1496,1557291,9247,14709,-23956,0,11942,18997,-30940,0,0,0,0,1,0
1497,1558333,0,20922,-20922,0,0,27026,-27026,0,0,0,0,1,0
1498,1559375,-9244,23949,-14705,0,-11942,30940,-18997,0,0,0,0,1,0
1499,1560416,-17078,23328,-6251,0,-22066,30143,-8077,0,0,0,0,1,0
1500,1561458,-22309,19158,3152,0,-28831,24758,4073,0,0,0,0,1,0
1501,1562500,-24144,12072,12072,0,-31207,15603,15603,0,0,0,0,1,0
1502,1563541,-22302,3151,19151,0,-28831,4073,24758,0,0,0,0,1,0
1503,1564583,-17067,-6247,23314,0,-22066,-8077,30143,0,0,0,0,1,0
1504,1565625,-9235,-14691,23926,0,-11942,-18997,30940,0,0,0,0,1,0
1505,1566666,0,-20896,20896,0,0,-27026,27026,0,0,0,0,1,0
1506,1567708,9232,-23918,14686,0,11942,-30940,18997,0,0,0,0,1,0
1507,1568750,17056,-23299,6243,0,22066,-30143,8077,0,0,0,0,1,0
1508,1569791,22281,-19133,-3148,0,28831,-24758,-4073,0,0,0,0,1,0
1509,1570833,24113,-12057,-12057,0,31207,-15603,-15603,0,0,0,0,1,0
1510,1571875,22274,-3147,-19127,0,28831,-4073,-24758,0,0,0,0,1,0
1511,1572916,17045,6239,-23284,0,22066,8077,-30143,0,0,0,0,1,0
1512,1573958,9223,14672,-23895,0,11942,18997,-30940,0,0,0,0,1,0
1513,1575000,0,20869,-20869,0,0,27026,-27026,0,0,0,0,1,0
1514,1576041,-9220,23888,-14667,0,-11942,30940,-18997,0,0,0,0,1,0
1515,1577083,-17034,23269,-6235,0,-22066,30143,-8077,0,0,0,0,1,0
1516,1578125,-22253,19109,3144,0,-28831,24758,4073,0,0,0,0,1,0
1517,1579166,-24083,12041,12041,0,-31207,15603,15603,0,0,0,0,1,0
1518,1580208,-22246,3143,19103,0,-28831,4073,24758,0,0,0,0,1,0
1519,1581250,-17024,-6231,23255,0,-22066,-8077,30143,0,0,0,0,1,0
1520,1582291,-9212,-14654,23865,0,-11942,-18997,30940,0,0,0,0,1,0
1521,1583333,0,-20843,20843,0,0,-27026,27026,0,0,0,0,1,0
1522,1584375,9209,-23858,14649,0,11942,-30940,18997,0,0,0,0,1,0
1523,1585416,17013,-23240,6227,0,22066,-30143,8077,0,0,0,0,1,0
1524,1586458,22225,-19085,-3140,0,28831,-24758,-4073,0,0,0,0,1,0
1525,1587500,24052,-12026,-12026,0,31207,-15603,-15603,0,0,0,0,1,0
1526,1588541,22218,-3139,-19079,0,28831,-4073,-24758,0,0,0,0,1,0
1527,1589583,17002,6223,-23225,0,22066,8077,-30143,0,0,0,0,1,0
1528,1590625,9200,14635,-23835,0,11942,18997,-30940,0,0,0,0,1,0
1529,1591666,0,20817,-20817,0,0,27026,-27026,0,0,0,0,1,0
1530,1592708,-9197,23828,-14630,0,-11942,30940,-18997,0,0,0,0,1,0
1531,1593750,-16991,23211,-6219,0,-22066,30143,-8077,0,0,0,0,1,0
1532,1594791,-22197,19061,3136,0,-28831,24758,4073,0,0,0,0,1,0
1533,1595833,-24022,12011,12011,0,-31207,15603,15603,0,0,0,0,1,0
1534,1596875,-22190,3135,19055,0,-28831,4073,24758,0,0,0,0,1,0
1535,1597916,-16981,-6215,23196,0,-22066,-8077,30143,0,0,0,0,1,0
1536,1598958,-9188,-14617,23805,0,-11942,-18997,30940,0,0,0,0,1,0
1537,1600000,0,-20790,20790,0,0,-27026,27026,0,0,0,0,1,0
1538,1601041,9186,-23798,14612,0,11942,-30940,18997,0,0,0,0,1,0
1539,1602083,16970,-23181,6211,0,22066,-30143,8077,0,0,0,0,1,0
1540,1603125,22169,-19037,-3132,0,28831,-24758,-4073,0,0,0,0,1,0
1541,1604166,23992,-11996,-11996,0,31207,-15603,-15603,0,0,0,0,1,0
1542,1605208,22162,-3131,-19031,0,28831,-4073,-24758,0,0,0,0,1,0
1543,1606250,16959,6208,-23167,0,22066,8077,-30143,0,0,0,0,1,0
1544,1607291,9177,14598,-23775,0,11942,18997,-30940,0,0,0,0,1,0
1545,1608333,0,20764,-20764,0,0,27026,-27026,0,0,0,0,1,0
1546,1609375,-9174,23768,-14594,0,-11942,30940,-18997,0,0,0,0,1,0
1547,1610416,-16949,23152,-6204,0,-22066,30143,-8077,0,0,0,0,1,0
1548,1611458,-22141,19013,3128,0,-28831,24758,4073,0,0,0,0,1,0
1549,1612500,-23962,11981,11981,0,-31207,15603,15603,0,0,0,0,1,0
1550,1613541,-22134,3127,19007,0,-28831,4073,24758,0,0,0,0,1,0
1551,1614583,-16938,-6200,23138,0,-22066,-8077,30143,0,0,0,0,1,0
1552,1615625,-9165,-14580,23746,0,-11942,-18997,30940,0,0,0,0,1,0
1553,1616666,0,-20738,20738,0,0,-27026,27026,0,0,0,0,1,0
1554,1617708,9163,-23738,14576,0,11942,-30940,18997,0,0,0,0,1,0
1555,1618750,16928,-23124,6196,0,22066,-30143,8077,0,0,0,0,1,0
1556,1619791,22114,-18989,-3124,0,28831,-24758,-4073,0,0,0,0,1,0
1557,1620833,23932,-11966,-11966,0,31207,-15603,-15603,0,0,0,0,1,0
1558,1621875,22107,-3123,-18983,0,28831,-4073,-24758,0,0,0,0,1,0
1559,1622916,16917,6192,-23109,0,22066,8077,-30143,0,0,0,0,1,0
1560,1623958,9154,14562,-23716,0,11942,18997,-30940,0,0,0,0,1,0
1561,1625000,0,20713,-20713,0,0,27026,-27026,0,0,0,0,1,0
1562,1626041,-9151,23709,-14557,0,-11942,30940,-18997,0,0,0,0,1,0
1563,1627083,-16907,23095,-6188,0,-22066,30143,-8077,0,0,0,0,1,0
1564,1628125,-22086,18966,3120,0,-28831,24758,4073,0,0,0,0,1,0
1565,1629166,-23902,11951,11951,0,-31207,15603,15603,0,0,0,0,1,0
1566,1630208,-22079,3119,18960,0,-28831,4073,24758,0,0,0,0,1,0
1567,1631250,-16896,-6184,23080,0,-22066,-8077,30143,0,0,0,0,1,0
1568,1632291,-9143,-14544,23686,0,-11942,-18997,30940,0,0,0,0,1,0
1569,1633333,0,-20687,20687,0,0,-27026,27026,0,0,0,0,1,0
1570,1634375,9140,-23679,14539,0,11942,-30940,18997,0,0,0,0,1,0
1571,1635416,16885,-23066,6181,0,22066,-30143,8077,0,0,0,0,1,0
1572,1636458,22059,-18942,-3116,0,28831,-24758,-4073,0,0,0,0,1,0
1573,1637500,23872,-11936,-11936,0,31207,-15603,-15603,0,0,0,0,1,0
1574,1638541,22052,-3115,-18936,0,28831,-4073,-24758,0,0,0,0,1,0
1575,1639583,16875,6177,-23052,0,22066,8077,-30143,0,0,0,0,1,0
1576,1640625,9131,14526,-23657,0,11942,18997,-30940,0,0,0,0,1,0
1577,1641666,0,20661,-20661,0,0,27026,-27026,0,0,0,0,1,0
1578,1642708,-9128,23650,-14521,0,-11942,30940,-18997,0,0,0,0,1,0
1579,1643750,-16865,23037,-6173,0,-22066,30143,-8077,0,0,0,0,1,0
1580,1644791,-22031,18919,3113,0,-28831,24758,4073,0,0,0,0,1,0
1581,1645833,-23843,11921,11921,0,-31207,15603,15603,0,0,0,0,1,0
1582,1646875,-22024,3112,18913,0,-28831,4073,24758,0,0,0,0,1,0
1583,1647916,-16854,-6169,23023,0,-22066,-8077,30143,0,0,0,0,1,0
1584,1648958,-9120,-14508,23628,0,-11942,-18997,30940,0,0,0,0,1,0
1585,1650000,0,-20636,20636,0,0,-27026,27026,0,0,0,0,1,0
1586,1651041,9117,-23620,14503,0,11942,-30940,18997,0,0,0,0,1,0
1587,1652083,16844,-23009,6165,0,22066,-30143,8077,0,0,0,0,1,0
1588,1653125,22004,-18895,-3109,0,28831,-24758,-4073,0,0,0,0,1,0
1589,1654166,23813,-11907,-11907,0,31207,-15603,-15603,0,0,0,0,1,0
1590,1655208,21997,-3108,-18889,0,28831,-4073,-24758,0,0,0,0,1,0
1591,1656250,16833,6161,-22995,0,22066,8077,-30143,0,0,0,0,1,0
1592,1657291,9109,14490,-23599,0,11942,18997,-30940,0,0,0,0,1,0
1593,1658333,0,20610,-20610,0,0,27026,-27026,0,0,0,0,1,0
1594,1659375,-9106,23591,-14485,0,-11942,30940,-18997,0,0,0,0,1,0
1595,1660416,-16823,22981,-6158,0,-22066,30143,-8077,0,0,0,0,1,0
1596,1661458,-21977,18872,3105,0,-28831,24758,4073,0,0,0,0,1,0
1597,1662500,-23784,11892,11892,0,-31207,15603,15603,0,0,0,0,1,0
1598,1663541,-21970,3104,18866,0,-28831,4073,24758,0,0,0,0,1,0
1599,1664583,-16813,-6154,22966,0,-22066,-8077,30143,0,0,0,0,1,0
1600,1665625,-9098,-14472,23570,0,-11942,-18997,30940,0,0,0,0,1,0
1601,1666666,0,-20585,20585,0,0,-27026,27026,0,0,0,0,1,0
1602,1667708,9095,-23562,14468,0,11942,-30940,18997,0,0,0,0,1,0
1603,1668750,16802,-22952,6150,0,22066,-30143,8077,0,0,0,0,1,0
1604,1669791,21950,-18849,-3101,0,28831,-24758,-4073,0,0,0,0,1,0
1605,1670833,23755,-11877,-11877,0,31207,-15603,-15603,0,0,0,0,1,0
1606,1671875,21943,-3100,-18843,0,28831,-4073,-24758,0,0,0,0,1,0
1607,1672916,16792,6146,-22938,0,22066,8077,-30143,0,0,0,0,1,0
1608,1673958,9086,14454,-23541,0,11942,18997,-30940,0,0,0,0,1,0
1609,1675000,0,20560,-20560,0,0,27026,-27026,0,0,0,0,1,0
1610,1676041,-9084,23533,-14450,0,-11942,30940,-18997,0,0,0,0,1,0
1611,1677083,-16782,22924,-6143,0,-22066,30143,-8077,0,0,0,0,1,0
1612,1678125,-21923,18826,3097,0,-28831,24758,4073,0,0,0,0,1,0
1613,1679166,-23726,11863,11863,0,-31207,15603,15603,0,0,0,0,1,0
1614,1680208,-21916,3096,18820,0,-28831,4073,24758,0,0,0,0,1,0
1615,1681250,-16771,-6139,22910,0,-22066,-8077,30143,0,0,0,0,1,0
1616,1682291,-9075,-14437,23512,0,-11942,-18997,30940,0,0,0,0,1,0
1617,1683333,0,-20534,20534,0,0,-27026,27026,0,0,0,0,1,0
1618,1684375,9072,-23505,14432,0,11942,-30940,18997,0,0,0,0,1,0
1619,1685416,16761,-22896,6135,0,22066,-30143,8077,0,0,0,0,1,0
1620,1686458,21896,-18803,-3094,0,28831,-24758,-4073,0,0,0,0,1,0
1621,1687500,23697,-11848,-11848,0,31207,-15603,-15603,0,0,0,0,1,0
1622,1688541,21889,-3093,-18797,0,28831,-4073,-24758,0,0,0,0,1,0
1623,1689583,16751,6131,-22882,0,22066,8077,-30143,0,0,0,0,1,0
1624,1690625,9064,14419,-23483,0,11942,18997,-30940,0,0,0,0,1,0
1625,1691666,0,20509,-20509,0,0,27026,-27026,0,0,0,0,1,0
1626,1692708,-9061,23476,-14415,0,-11942,30940,-18997,0,0,0,0,1,0
1627,1693750,-16741,22868,-6128,0,-22066,30143,-8077,0,0,0,0,1,0
1628,1694791,-21869,18780,3090,0,-28831,24758,4073,0,0,0,0,1,0
1629,1695833,-23668,11834,11834,0,-31207,15603,15603,0,0,0,0,1,0
1630,1696875,-21863,3089,18774,0,-28831,4073,24758,0,0,0,0,1,0
1631,1697916,-16731,-6124,22854,0,-22066,-8077,30143,0,0,0,0,1,0
1632,1698958,-9053,-14401,23455,0,-11942,-18997,30940,0,0,0,0,1,0
1633,1700000,0,-20484,20484,0,0,-27026,27026,0,0,0,0,1,0
1634,1701041,9050,-23447,14397,0,11942,-30940,18997,0,0,0,0,1,0
1635,1702083,16720,-22840,6120,0,22066,-30143,8077,0,0,0,0,1,0
1636,1703125,21843,-18757,-3086,0,28831,-24758,-4073,0,0,0,0,1,0
1637,1704166,23639,-11819,-11819,0,31207,-15603,-15603,0,0,0,0,1,0
1638,1705208,21836,-3085,-18751,0,28831,-4073,-24758,0,0,0,0,1,0
1639,1706250,16710,6116,-22827,0,22066,8077,-30143,0,0,0,0,1,0
1640,1707291,9042,14384,-23426,0,11942,18997,-30940,0,0,0,0,1,0
1641,1708333,0,20460,-20460,0,0,27026,-27026,0,0,0,0,1,0
1642,1709375,-9039,23419,-14380,0,-11942,30940,-18997,0,0,0,0,1,0
1643,1710416,-16700,22813,-6113,0,-22066,30143,-8077,0,0,0,0,1,0
1644,1711458,-21816,18734,3082,0,-28831,24758,4073,0,0,0,0,1,0
1645,1712500,-23610,11805,11805,0,-31207,15603,15603,0,0,0,0,1,0
1646,1713541,-21810,3081,18728,0,-28831,4073,24758,0,0,0,0,1,0
1647,1714583,-16690,-6109,22799,0,-22066,-8077,30143,0,0,0,0,1,0
1648,1715625,-9031,-14367,23398,0,-11942,-18997,30940,0,0,0,0,1,0
1649,1716666,0,-20435,20435,0,0,-27026,27026,0,0,0,0,1,0
1650,1717708,9028,-23391,14362,0,11942,-30940,18997,0,0,0,0,1,0
1651,1718750,16680,-22785,6105,0,22066,-30143,8077,0,0,0,0,1,0
1652,1719791,21790,-18712,-3079,0,28831,-24758,-4073,0,0,0,0,1,0
1653,1720833,23582,-11791,-11791,0,31207,-15603,-15603,0,0,0,0,1,0
1654,1721875,21783,-3078,-18706,0,28831,-4073,-24758,0,0,0,0,1,0
1655,1722916,16670,6102,-22771,0,22066,8077,-30143,0,0,0,0,1,0
1656,1723958,9020,14349,-23369,0,11942,18997,-30940,0,0,0,0,1,0
1657,1725000,0,20410,-20410,0,0,27026,-27026,0,0,0,0,1,0
1658,1726041,-9018,23362,-14345,0,-11942,30940,-18997,0,0,0,0,1,0
1659,1727083,-16660,22758,-6098,0,-22066,30143,-8077,0,0,0,0,1,0
1660,1728125,-21764,18689,3075,0,-28831,24758,4073,0,0,0,0,1,0
1661,1729166,-23553,11777,11777,0,-31207,15603,15603,0,0,0,0,1,0
1662,1730208,-21757,3074,18683,0,-28831,4073,24758,0,0,0,0,1,0
1663,1731250,-16650,-6094,22744,0,-22066,-8077,30143,0,0,0,0,1,0
1664,1732291,-9009,-14332,23341,0,-11942,-18997,30940,0,0,0,0,1,0
1665,1733333,0,-20386,20386,0,0,-27026,27026,0,0,0,0,1,0
1666,1734375,9007,-23334,14328,0,11942,-30940,18997,0,0,0,0,1,0
1667,1735416,16640,-22730,6091,0,22066,-30143,8077,0,0,0,0,1,0
1668,1736458,21738,-18666,-3071,0,28831,-24758,-4073,0,0,0,0,1,0
1669,1737500,23525,-11763,-11763,0,31207,-15603,-15603,0,0,0,0,1,0
1670,1738541,21731,-3070,-18661,0,28831,-4073,-24758,0,0,0,0,1,0
1671,1739583,16630,6087,-22717,0,22066,8077,-30143,0,0,0,0,1,0
1672,1740625,8999,14315,-23313,0,11942,18997,-30940,0,0,0,0,1,0
1673,1741666,0,20361,-20361,0,0,27026,-27026,0,0,0,0,1,0
1674,1742708,-8996,23306,-14310,0,-11942,30940,-18997,0,0,0,0,1,0
1675,1743750,-16620,22703,-6083,0,-22066,30143,-8077,0,0,0,0,1,0
1676,1744791,-21711,18644,3067,0,-28831,24758,4073,0,0,0,0,1,0
1677,1745833,-23497,11748,11748,0,-31207,15603,15603,0,0,0,0,1,0
1678,1746875,-21705,3066,18638,0,-28831,4073,24758,0,0,0,0,1,0
1679,1747916,-16610,-6080,22689,0,-22066,-8077,30143,0,0,0,0,1,0
1680,1748958,-8988,-14298,23285,0,-11942,-18997,30940,0,0,0,0,1,0
1681,1750000,0,-20337,20337,0,0,-27026,27026,0,0,0,0,1,0
1682,1751041,8985,-23278,14293,0,11942,-30940,18997,0,0,0,0,1,0
1683,1752083,16600,-22676,6076,0,22066,-30143,8077,0,0,0,0,1,0
1684,1753125,21686,-18622,-3064,0,28831,-24758,-4073,0,0,0,0,1,0
1685,1754166,23469,-11734,-11734,0,31207,-15603,-15603,0,0,0,0,1,0
1686,1755208,21679,-3063,-18616,0,28831,-4073,-24758,0,0,0,0,1,0
1687,1756250,16590,6072,-22662,0,22066,8077,-30143,0,0,0,0,1,0
1688,1757291,8977,14280,-23258,0,11942,18997,-30940,0,0,0,0,1,0
1689,1758333,0,20312,-20312,0,0,27026,-27026,0,0,0,0,1,0
1690,1759375,-8974,23251,-14276,0,-11942,30940,-18997,0,0,0,0,1,0
1691,1760416,-16580,22649,-6069,0,-22066,30143,-8077,0,0,0,0,1,0
1692,1761458,-21660,18600,3060,0,-28831,24758,4073,0,0,0,0,1,0
1693,1762500,-23441,11720,11720,0,-31207,15603,15603,0,0,0,0,1,0
1694,1763541,-21653,3059,18594,0,-28831,4073,24758,0,0,0,0,1,0
1695,1764583,-16570,-6065,22635,0,-22066,-8077,30143,0,0,0,0,1,0
1696,1765625,-8966,-14263,23230,0,-11942,-18997,30940,0,0,0,0,1,0
1697,1766666,0,-20288,20288,0,0,-27026,27026,0,0,0,0,1,0
1698,1767708,8964,-23223,14259,0,11942,-30940,18997,0,0,0,0,1,0
1699,1768750,16560,-22622,6061,0,22066,-30143,8077,0,0,0,0,1,0
1700,1769791,21634,-18577,-3056,0,28831,-24758,-4073,0,0,0,0,1,0
1701,1770833,23413,-11706,-11706,0,31207,-15603,-15603,0,0,0,0,1,0
1702,1771875,21627,-3056,-18572,0,28831,-4073,-24758,0,0,0,0,1,0
1703,1772916,16550,6058,-22608,0,22066,8077,-30143,0,0,0,0,1,0
1704,1773958,8956,14247,-23202,0,11942,18997,-30940,0,0,0,0,1,0
1705,1775000,0,20264,-20264,0,0,27026,-27026,0,0,0,0,1,0
1706,1776041,-8953,23195,-14242,0,-11942,30940,-18997,0,0,0,0,1,0
1707,1777083,-16541,22595,-6054,0,-22066,30143,-8077,0,0,0,0,1,0
1708,1778125,-21608,18555,3053,0,-28831,24758,4073,0,0,0,0,1,0
1709,1779166,-23385,11693,11693,0,-31207,15603,15603,0,0,0,0,1,0
1710,1780208,-21602,3052,18550,0,-28831,4073,24758,0,0,0,0,1,0
1711,1781250,-16531,-6051,22582,0,-22066,-8077,30143,0,0,0,0,1,0
1712,1782291,-8945,-14230,23175,0,-11942,-18997,30940,0,0,0,0,1,0
1713,1783333,0,-20240,20240,0,0,-27026,27026,0,0,0,0,1,0
1714,1784375,8942,-23168,14225,0,11942,-30940,18997,0,0,0,0,1,0
1715,1785416,16521,-22568,6047,0,22066,-30143,8077,0,0,0,0,1,0
1716,1786458,21583,-18533,-3049,0,28831,-24758,-4073,0,0,0,0,1,0
1717,1787500,23357,-11679,-11679,0,31207,-15603,-15603,0,0,0,0,1,0
1718,1788541,21576,-3048,-18528,0,28831,-4073,-24758,0,0,0,0,1,0
1719,1789583,16511,6044,-22555,0,22066,8077,-30143,0,0,0,0,1,0
1720,1790625,8935,14213,-23147,0,11942,18997,-30940,0,0,0,0,1,0
1721,1791666,0,20216,-20216,0,0,27026,-27026,0,0,0,0,1,0
1722,1792708,-8932,23141,-14209,0,-11942,30940,-18997,0,0,0,0,1,0
1723,1793750,-16502,22542,-6040,0,-22066,30143,-8077,0,0,0,0,1,0
1724,1794791,-21557,18512,3046,0,-28831,24758,4073,0,0,0,0,1,0
1725,1795833,-23330,11665,11665,0,-31207,15603,15603,0,0,0,0,1,0
1726,1796875,-21551,3045,18506,0,-28831,4073,24758,0,0,0,0,1,0
1727,1797916,-16492,-6036,22528,0,-22066,-8077,30143,0,0,0,0,1,0
1728,1798958,-8924,-14196,23120,0,-11942,-18997,30940,0,0,0,0,1,0
1729,1800000,0,-20192,20192,0,0,-27026,27026,0,0,0,0,1,0
1730,1801041,8921,-23113,14192,0,11942,-30940,18997,0,0,0,0,1,0
1731,1802083,16482,-22515,6033,0,22066,-30143,8077,0,0,0,0,1,0
1732,1803125,21532,-18490,-3042,0,28831,-24758,-4073,0,0,0,0,1,0
1733,1804166,23302,-11651,-11651,0,31207,-15603,-15603,0,0,0,0,1,0
1734,1805208,21525,-3041,-18484,0,28831,-4073,-24758,0,0,0,0,1,0
1735,1806250,16472,6029,-22502,0,22066,8077,-30143,0,0,0,0,1,0
1736,1807291,8914,14179,-23093,0,11942,18997,-30940,0,0,0,0,1,0
1737,1808333,0,20169,-20169,0,0,27026,-27026,0,0,0,0,1,0
1738,1809375,-8911,23086,-14175,0,-11942,30940,-18997,0,0,0,0,1,0
1739,1810416,-16463,22489,-6026,0,-22066,30143,-8077,0,0,0,0,1,0
1740,1811458,-21507,18468,3038,0,-28831,24758,4073,0,0,0,0,1,0
1741,1812500,-23275,11638,11638,0,-31207,15603,15603,0,0,0,0,1,0
1742,1813541,-21500,3038,18463,0,-28831,4073,24758,0,0,0,0,1,0
1743,1814583,-16453,-6022,22475,0,-22066,-8077,30143,0,0,0,0,1,0
1744,1815625,-8903,-14163,23066,0,-11942,-18997,30940,0,0,0,0,1,0
1745,1816666,0,-20145,20145,0,0,-27026,27026,0,0,0,0,1,0
1746,1817708,8900,-23059,14159,0,11942,-30940,18997,0,0,0,0,1,0
1747,1818750,16444,-22462,6019,0,22066,-30143,8077,0,0,0,0,1,0
1748,1819791,21481,-18446,-3035,0,28831,-24758,-4073,0,0,0,0,1,0
1749,1820833,23248,-11624,-11624,0,31207,-15603,-15603,0,0,0,0,1,0
1750,1821875,21475,-3034,-18441,0,28831,-4073,-24758,0,0,0,0,1,0
1751,1822916,16434,6015,-22449,0,22066,8077,-30143,0,0,0,0,1,0
1752,1823958,8893,14146,-23039,0,11942,18997,-30940,0,0,0,0,1,0
1753,1825000,0,20121,-20121,0,0,27026,-27026,0,0,0,0,1,0
1754,1826041,-8890,23032,-14142,0,-11942,30940,-18997,0,0,0,0,1,0
1755,1827083,-16424,22436,-6012,0,-22066,30143,-8077,0,0,0,0,1,0
1756,1828125,-21456,18425,3031,0,-28831,24758,4073,0,0,0,0,1,0
1757,1829166,-23221,11610,11610,0,-31207,15603,15603,0,0,0,0,1,0
1758,1830208,-21450,3030,18420,0,-28831,4073,24758,0,0,0,0,1,0
1759,1831250,-16415,-6008,22423,0,-22066,-8077,30143,0,0,0,0,1,0
1760,1832291,-8882,-14130,23012,0,-11942,-18997,30940,0,0,0,0,1,0
1761,1833333,0,-20098,20098,0,0,-27026,27026,0,0,0,0,1,0
1762,1834375,8880,-23005,14126,0,11942,-30940,18997,0,0,0,0,1,0
1763,1835416,16405,-22410,6005,0,22066,-30143,8077,0,0,0,0,1,0
1764,1836458,21431,-18404,-3028,0,28831,-24758,-4073,0,0,0,0,1,0
1765,1837500,23194,-11597,-11597,0,31207,-15603,-15603,0,0,0,0,1,0
1766,1838541,21425,-3027,-18398,0,28831,-4073,-24758,0,0,0,0,1,0
1767,1839583,16396,6001,-22397,0,22066,8077,-30143,0,0,0,0,1,0
1768,1840625,8872,14113,-22985,0,11942,18997,-30940,0,0,0,0,1,0
1769,1841666,0,20075,-20075,0,0,27026,-27026,0,0,0,0,1,0
1770,1842708,-8869,22979,-14109,0,-11942,30940,-18997,0,0,0,0,1,0
1771,1843750,-16386,22384,-5998,0,-22066,30143,-8077,0,0,0,0,1,0
1772,1844791,-21406,18382,3024,0,-28831,24758,4073,0,0,0,0,1,0
1773,1845833,-23167,11583,11583,0,-31207,15603,15603,0,0,0,0,1,0
1774,1846875,-21400,3023,18377,0,-28831,4073,24758,0,0,0,0,1,0
1775,1847916,-16377,-5994,22371,0,-22066,-8077,30143,0,0,0,0,1,0
1776,1848958,-8862,-14097,22959,0,-11942,-18997,30940,0,0,0,0,1,0
1777,1850000,0,-20051,20051,0,0,-27026,27026,0,0,0,0,1,0
1778,1851041,8859,-22952,14093,0,11942,-30940,18997,0,0,0,0,1,0
1779,1852083,16367,-22358,5991,0,22066,-30143,8077,0,0,0,0,1,0
1780,1853125,21382,-18361,-3021,0,28831,-24758,-4073,0,0,0,0,1,0
1781,1854166,23140,-11570,-11570,0,31207,-15603,-15603,0,0,0,0,1,0
1782,1855208,21376,-3020,-18356,0,28831,-4073,-24758,0,0,0,0,1,0
1783,1856250,16358,5987,-22345,0,22066,8077,-30143,0,0,0,0,1,0
1784,1857291,8851,14081,-22932,0,11942,18997,-30940,0,0,0,0,1,0
1785,1858333,0,20028,-20028,0,0,27026,-27026,0,0,0,0,1,0
1786,1859375,-8849,22926,-14077,0,-11942,30940,-18997,0,0,0,0,1,0
1787,1860416,-16348,22332,-5984,0,-22066,30143,-8077,0,0,0,0,1,0
1788,1861458,-21357,18340,3017,0,-28831,24758,4073,0,0,0,0,1,0
1789,1862500,-23113,11557,11557,0,-31207,15603,15603,0,0,0,0,1,0
1790,1863541,-21351,3016,18334,0,-28831,4073,24758,0,0,0,0,1,0
1791,1864583,-16339,-5980,22319,0,-22066,-8077,30143,0,0,0,0,1,0
1792,1865625,-8841,-14064,22906,0,-11942,-18997,30940,0,0,0,0,1,0
1793,1866666,0,-20005,20005,0,0,-27026,27026,0,0,0,0,1,0
1794,1867708,8839,-22899,14060,0,11942,-30940,18997,0,0,0,0,1,0
1795,1868750,16329,-22306,5977,0,22066,-30143,8077,0,0,0,0,1,0
1796,1869791,21332,-18319,-3014,0,28831,-24758,-4073,0,0,0,0,1,0
1797,1870833,23087,-11543,-11543,0,31207,-15603,-15603,0,0,0,0,1,0
1798,1871875,21326,-3013,-18313,0,28831,-4073,-24758,0,0,0,0,1,0
1799,1872916,16320,5974,-22294,0,22066,8077,-30143,0,0,0,0,1,0
1800,1873958,8831,14048,-22879,0,11942,18997,-30940,0,0,0,0,1,0
1801,1875000,0,19982,-19982,0,0,27026,-27026,0,0,0,0,1,0
1802,1876041,-8829,22873,-14044,0,-11942,30940,-18997,0,0,0,0,1,0
1803,1877083,-16311,22281,-5970,0,-22066,30143,-8077,0,0,0,0,1,0
1804,1878125,-21308,18298,3010,0,-28831,24758,4073,0,0,0,0,1,0
1805,1879166,-23060,11530,11530,0,-31207,15603,15603,0,0,0,0,1,0
1806,1880208,-21302,3010,18292,0,-28831,4073,24758,0,0,0,0,1,0
1807,1881250,-16301,-5967,22268,0,-22066,-8077,30143,0,0,0,0,1,0
1808,1882291,-8821,-14032,22853,0,-11942,-18997,30940,0,0,0,0,1,0
1809,1883333,0,-19959,19959,0,0,-27026,27026,0,0,0,0,1,0
1810,1884375,8818,-22847,14028,0,11942,-30940,18997,0,0,0,0,1,0
1811,1885416,16292,-22255,5963,0,22066,-30143,8077,0,0,0,0,1,0
1812,1886458,21284,-18277,-3007,0,28831,-24758,-4073,0,0,0,0,1,0
1813,1887500,23034,-11517,-11517,0,31207,-15603,-15603,0,0,0,0,1,0
1814,1888541,21277,-3006,-18271,0,28831,-4073,-24758,0,0,0,0,1,0
1815,1889583,16283,5960,-22243,0,22066,8077,-30143,0,0,0,0,1,0
1816,1890625,8811,14016,-22827,0,11942,18997,-30940,0,0,0,0,1,0
1817,1891666,0,19937,-19937,0,0,27026,-27026,0,0,0,0,1,0
1818,1892708,-8808,22820,-14012,0,-11942,30940,-18997,0,0,0,0,1,0
1819,1893750,-16273,22230,-5956,0,-22066,30143,-8077,0,0,0,0,1,0
1820,1894791,-21259,18256,3004,0,-28831,24758,4073,0,0,0,0,1,0
1821,1895833,-23008,11504,11504,0,-31207,15603,15603,0,0,0,0,1,0
1822,1896875,-21253,3003,18251,0,-28831,4073,24758,0,0,0,0,1,0
1823,1897916,-16264,-5953,22217,0,-22066,-8077,30143,0,0,0,0,1,0
1824,1898958,-8801,-14000,22801,0,-11942,-18997,30940,0,0,0,0,1,0
1825,1900000,0,-19914,19914,0,0,-27026,27026,0,0,0,0,1,0
1826,1901041,8798,-22794,13996,0,11942,-30940,18997,0,0,0,0,1,0
1827,1902083,16255,-22205,5950,0,22066,-30143,8077,0,0,0,0,1,0
1828,1903125,21235,-18235,-3000,0,28831,-24758,-4073,0,0,0,0,1,0
1829,1904166,22981,-11491,-11491,0,31207,-15603,-15603,0,0,0,0,1,0
1830,1905208,21229,-2999,-18230,0,28831,-4073,-24758,0,0,0,0,1,0
1831,1906250,16246,5946,-22192,0,22066,8077,-30143,0,0,0,0,1,0
1832,1907291,8791,13984,-22775,0,11942,18997,-30940,0,0,0,0,1,0
1833,1908333,0,19891,-19891,0,0,27026,-27026,0,0,0,0,1,0
1834,1909375,-8788,22769,-13980,0,-11942,30940,-18997,0,0,0,0,1,0
1835,1910416,-16236,22179,-5943,0,-22066,30143,-8077,0,0,0,0,1,0
1836,1911458,-21211,18214,2997,0,-28831,24758,4073,0,0,0,0,1,0
1837,1912500,-22955,11478,11478,0,-31207,15603,15603,0,0,0,0,1,0
1838,1913541,-21205,2996,18209,0,-28831,4073,24758,0,0,0,0,1,0
1839,1914583,-16227,-5940,22167,0,-22066,-8077,30143,0,0,0,0,1,0
1840,1915625,-8781,-13968,22749,0,-11942,-18997,30940,0,0,0,0,1,0
1841,1916666,0,-19869,19869,0,0,-27026,27026,0,0,0,0,1,0
1842,1917708,8778,-22743,13964,0,11942,-30940,18997,0,0,0,0,1,0
1843,1918750,16218,-22154,5936,0,22066,-30143,8077,0,0,0,0,1,0
1844,1919791,21187,-18194,-2993,0,28831,-24758,-4073,0,0,0,0,1,0
1845,1920833,22929,-11465,-11465,0,31207,-15603,-15603,0,0,0,0,1,0
1846,1921875,21181,-2992,-18188,0,28831,-4073,-24758,0,0,0,0,1,0
1847,1922916,16209,5933,-22142,0,22066,8077,-30143,0,0,0,0,1,0
1848,1923958,8771,13953,-22724,0,11942,18997,-30940,0,0,0,0,1,0
1849,1925000,0,19846,-19846,0,0,27026,-27026,0,0,0,0,1,0
1850,1926041,-8768,22717,-13949,0,-11942,30940,-18997,0,0,0,0,1,0
1851,1927083,-16200,22129,-5930,0,-22066,30143,-8077,0,0,0,0,1,0
1852,1928125,-21163,18173,2990,0,-28831,24758,4073,0,0,0,0,1,0
1853,1929166,-22903,11452,11452,0,-31207,15603,15603,0,0,0,0,1,0
1854,1930208,-21157,2989,18168,0,-28831,4073,24758,0,0,0,0,1,0
1855,1931250,-16191,-5926,22117,0,-22066,-8077,30143,0,0,0,0,1,0
1856,1932291,-8761,-13937,22698,0,-11942,-18997,30940,0,0,0,0,1,0
1857,1933333,0,-19824,19824,0,0,-27026,27026,0,0,0,0,1,0
1858,1934375,8759,-22692,13933,0,11942,-30940,18997,0,0,0,0,1,0
1859,1935416,16182,-22104,5923,0,22066,-30143,8077,0,0,0,0,1,0
1860,1936458,21139,-18153,-2987,0,28831,-24758,-4073,0,0,0,0,1,0
1861,1937500,22878,-11439,-11439,0,31207,-15603,-15603,0,0,0,0,1,0
1862,1938541,21133,-2986,-18148,0,28831,-4073,-24758,0,0,0,0,1,0
1863,1939583,16172,5920,-22092,0,22066,8077,-30143,0,0,0,0,1,0
1864,1940625,8751,13921,-22672,0,11942,18997,-30940,0,0,0,0,1,0
1865,1941666,0,19802,-19802,0,0,27026,-27026,0,0,0,0,1,0
1866,1942708,-8749,22666,-13917,0,-11942,30940,-18997,0,0,0,0,1,0
1867,1943750,-16163,22080,-5916,0,-22066,30143,-8077,0,0,0,0,1,0
1868,1944791,-21115,18132,2983,0,-28831,24758,4073,0,0,0,0,1,0
1869,1945833,-22852,11426,11426,0,-31207,15603,15603,0,0,0,0,1,0
1870,1946875,-21110,2982,18127,0,-28831,4073,24758,0,0,0,0,1,0
1871,1947916,-16154,-5913,22067,0,-22066,-8077,30143,0,0,0,0,1,0
1872,1948958,-8741,-13906,22647,0,-11942,-18997,30940,0,0,0,0,1,0
1873,1950000,0,-19779,19779,0,0,-27026,27026,0,0,0,0,1,0
1874,1951041,8739,-22641,13902,0,11942,-30940,18997,0,0,0,0,1,0
1875,1952083,16145,-22055,5910,0,22066,-30143,8077,0,0,0,0,1,0
1876,1953125,21092,-18112,-2980,0,28831,-24758,-4073,0,0,0,0,1,0
1877,1954166,22826,-11413,-11413,0,31207,-15603,-15603,0,0,0,0,1,0
1878,1955208,21086,-2979,-18107,0,28831,-4073,-24758,0,0,0,0,1,0
1879,1956250,16136,5906,-22042,0,22066,8077,-30143,0,0,0,0,1,0
1880,1957291,8732,13890,-22622,0,11942,18997,-30940,0,0,0,0,1,0
1881,1958333,0,19757,-19757,0,0,27026,-27026,0,0,0,0,1,0
1882,1959375,-8729,22615,-13886,0,-11942,30940,-18997,0,0,0,0,1,0
1883,1960416,-16127,22030,-5903,0,-22066,30143,-8077,0,0,0,0,1,0
1884,1961458,-21068,18092,2977,0,-28831,24758,4073,0,0,0,0,1,0
1885,1962500,-22801,11400,11400,0,-31207,15603,15603,0,0,0,0,1,0
1886,1963541,-21062,2976,18087,0,-28831,4073,24758,0,0,0,0,1,0
1887,1964583,-16118,-5900,22018,0,-22066,-8077,30143,0,0,0,0,1,0
1888,1965625,-8722,-13875,22596,0,-11942,-18997,30940,0,0,0,0,1,0
1889,1966666,0,-19735,19735,0,0,-27026,27026,0,0,0,0,1,0
1890,1967708,8719,-22590,13871,0,11942,-30940,18997,0,0,0,0,1,0
1891,1968750,16109,-22006,5896,0,22066,-30143,8077,0,0,0,0,1,0
1892,1969791,21045,-18072,-2973,0,28831,-24758,-4073,0,0,0,0,1,0
1893,1970833,22776,-11388,-11388,0,31207,-15603,-15603,0,0,0,0,1,0
1894,1971875,21039,-2972,-18067,0,28831,-4073,-24758,0,0,0,0,1,0
1895,1972916,16100,5893,-21993,0,22066,8077,-30143,0,0,0,0,1,0
1896,1973958,8712,13859,-22571,0,11942,18997,-30940,0,0,0,0,1,0
1897,1975000,0,19713,-19713,0,0,27026,-27026,0,0,0,0,1,0
1898,1976041,-8710,22565,-13855,0,-11942,30940,-18997,0,0,0,0,1,0
1899,1977083,-16091,21981,-5890,0,-22066,30143,-8077,0,0,0,0,1,0
1900,1978125,-21021,18052,2970,0,-28831,24758,4073,0,0,0,0,1,0
1901,1979166,-22750,11375,11375,0,-31207,15603,15603,0,0,0,0,1,0
1902,1980208,-21016,2969,18047,0,-28831,4073,24758,0,0,0,0,1,0
1903,1981250,-16082,-5887,21969,0,-22066,-8077,30143,0,0,0,0,1,0
1904,1982291,-8703,-13844,22546,0,-11942,-18997,30940,0,0,0,0,1,0
1905,1983333,0,-19691,19691,0,0,-27026,27026,0,0,0,0,1,0
1906,1984375,8700,-22540,13840,0,11942,-30940,18997,0,0,0,0,1,0
1907,1985416,16074,-21957,5883,0,22066,-30143,8077,0,0,0,0,1,0
1908,1986458,20998,-18032,-2967,0,28831,-24758,-4073,0,0,0,0,1,0
1909,1987500,22725,-11363,-11363,0,31207,-15603,-15603,0,0,0,0,1,0
1910,1988541,20992,-2966,-18027,0,28831,-4073,-24758,0,0,0,0,1,0
1911,1989583,16065,5880,-21945,0,22066,8077,-30143,0,0,0,0,1,0
1912,1990625,8693,13828,-22521,0,11942,18997,-30940,0,0,0,0,1,0
1913,1991666,0,19670,-19670,0,0,27026,-27026,0,0,0,0,1,0
1914,1992708,-8691,22515,-13825,0,-11942,30940,-18997,0,0,0,0,1,0
1915,1993750,-16056,21933,-5877,0,-22066,30143,-8077,0,0,0,0,1,0
1916,1994791,-20975,18012,2963,0,-28831,24758,4073,0,0,0,0,1,0
1917,1995833,-22700,11350,11350,0,-31207,15603,15603,0,0,0,0,1,0
1918,1996875,-20969,2963,18007,0,-28831,4073,24758,0,0,0,0,1,0
1919,1997916,-16047,-5874,21921,0,-22066,-8077,30143,0,0,0,0,1,0
1920,1998958,-8683,-13813,22497,0,-11942,-18997,30940,0,0,0,0,1,0
1921,2000000,0,-19648,19648,0,0,-27026,27026,0,0,0,0,1,0
1922,2001041,8681,-22490,13809,0,11942,-30940,18997,0,0,0,0,1,0
1923,2002083,16038,-21908,5870,0,22066,-30143,8077,0,0,0,0,1,0
1924,2003124,20952,-17992,-2960,0,28831,-24758,-4073,0,0,0,0,1,0
1925,2004166,22675,-11338,-11338,0,31207,-15603,-15603,0,0,0,0,1,0
1926,2005208,20946,-2959,-17987,0,28831,-4073,-24758,0,0,0,0,1,0
1927,2006250,16029,5867,-21896,0,22066,8077,-30143,0,0,0,0,1,0
1928,2007291,8674,13798,-22472,0,11942,18997,-30940,0,0,0,0,1,0
1929,2008333,0,19626,-19626,0,0,27026,-27026,0,0,0,0,1,0
1930,2009375,-8671,22466,-13794,0,-11942,30940,-18997,0,0,0,0,1,0
1931,2010416,-16021,21884,-5864,0,-22066,30143,-8077,0,0,0,0,1,0
1932,2011458,-20929,17972,2957,0,-28831,24758,4073,0,0,0,0,1,0
1933,2012500,-22650,11325,11325,0,-31207,15603,15603,0,0,0,0,1,0
1934,2013541,-20923,2956,17967,0,-28831,4073,24758,0,0,0,0,1,0
1935,2014583,-16012,-5861,21872,0,-22066,-8077,30143,0,0,0,0,1,0
1936,2015625,-8664,-13783,22447,0,-11942,-18997,30940,0,0,0,0,1,0
1937,2016666,0,-19605,19605,0,0,-27026,27026,0,0,0,0,1,0
1938,2017708,8662,-22441,13779,0,11942,-30940,18997,0,0,0,0,1,0
1939,2018749,16003,-21860,5857,0,22066,-30143,8077,0,0,0,0,1,0
1940,2019791,20906,-17952,-2954,0,28831,-24758,-4073,0,0,0,0,1,0
1941,2020833,22625,-11313,-11313,0,31207,-15603,-15603,0,0,0,0,1,0
1942,2021875,20900,-2953,-17948,0,28831,-4073,-24758,0,0,0,0,1,0
1943,2022916,15994,5854,-21849,0,22066,8077,-30143,0,0,0,0,1,0
1944,2023958,8655,13768,-22423,0,11942,18997,-30940,0,0,0,0,1,0
1945,2025000,0,19583,-19583,0,0,27026,-27026,0,0,0,0,1,0
1946,2026041,-8652,22417,-13764,0,-11942,30940,-18997,0,0,0,0,1,0
1947,2027083,-15985,21837,-5851,0,-22066,30143,-8077,0,0,0,0,1,0
1948,2028125,-20883,17933,2950,0,-28831,24758,4073,0,0,0,0,1,0
1949,2029166,-22601,11300,11300,0,-31207,15603,15603,0,0,0,0,1,0
1950,2030208,-20878,2950,17928,0,-28831,4073,24758,0,0,0,0,1,0
1951,2031250,-15977,-5848,21825,0,-22066,-8077,30143,0,0,0,0,1,0
1952,2032291,-8645,-13753,22398,0,-11942,-18997,30940,0,0,0,0,1,0
1953,2033333,0,-19562,19562,0,0,-27026,27026,0,0,0,0,1,0
1954,2034374,8643,-22392,13749,0,11942,-30940,18997,0,0,0,0,1,0
1955,2035416,15968,-21813,5845,0,22066,-30143,8077,0,0,0,0,1,0
1956,2036458,20860,-17913,-2947,0,28831,-24758,-4073,0,0,0,0,1,0
1957,2037500,22576,-11288,-11288,0,31207,-15603,-15603,0,0,0,0,1,0
1958,2038541,20855,-2946,-17908,0,28831,-4073,-24758,0,0,0,0,1,0
1959,2039583,15959,5842,-21801,0,22066,8077,-30143,0,0,0,0,1,0
1960,2040625,8636,13738,-22374,0,11942,18997,-30940,0,0,0,0,1,0
1961,2041666,0,19541,-19541,0,0,27026,-27026,0,0,0,0,1,0
1962,2042708,-8634,22368,-13734,0,-11942,30940,-18997,0,0,0,0,1,0
1963,2043750,-15951,21789,-5838,0,-22066,30143,-8077,0,0,0,0,1,0
1964,2044791,-20838,17894,2944,0,-28831,24758,4073,0,0,0,0,1,0
1965,2045833,-22552,11276,11276,0,-31207,15603,15603,0,0,0,0,1,0
1966,2046875,-20832,2943,17889,0,-28831,4073,24758,0,0,0,0,1,0
1967,2047916,-15942,-5835,21777,0,-22066,-8077,30143,0,0,0,0,1,0
1968,2048958,-8627,-13723,22350,0,-11942,-18997,30940,0,0,0,0,1,0
1969,2049999,0,-19520,19520,0,0,-27026,27026,0,0,0,0,1,0
1970,2051041,8624,-22344,13719,0,11942,-30940,18997,0,0,0,0,1,0
1971,2052083,15933,-21766,5832,0,22066,-30143,8077,0,0,0,0,1,0
1972,2053125,20815,-17874,-2941,0,28831,-24758,-4073,0,0,0,0,1,0
1973,2054166,22527,-11264,-11264,0,31207,-15603,-15603,0,0,0,0,1,0
1974,2055208,20810,-2940,-17870,0,28831,-4073,-24758,0,0,0,0,1,0
1975,2056250,15925,5829,-21754,0,22066,8077,-30143,0,0,0,0,1,0
1976,2057291,8617,13708,-22325,0,11942,18997,-30940,0,0,0,0,1,0
1977,2058333,0,19499,-19499,0,0,27026,-27026,0,0,0,0,1,0
1978,2059375,-8615,22319,-13704,0,-11942,30940,-18997,0,0,0,0,1,0
1979,2060416,-15916,21742,-5826,0,-22066,30143,-8077,0,0,0,0,1,0
1980,2061458,-20793,17855,2938,0,-28831,24758,4073,0,0,0,0,1,0
1981,2062500,-22503,11251,11251,0,-31207,15603,15603,0,0,0,0,1,0
1982,2063541,-20787,2937,17850,0,-28831,4073,24758,0,0,0,0,1,0
1983,2064583,-15908,-5823,21730,0,-22066,-8077,30143,0,0,0,0,1,0
1984,2065624,-8608,-13693,22301,0,-11942,-18997,30940,0,0,0,0,1,0
1985,2066666,0,-19478,19478,0,0,-27026,27026,0,0,0,0,1,0
1986,2067708,8606,-22295,13690,0,11942,-30940,18997,0,0,0,0,1,0
1987,2068750,15899,-21719,5819,0,22066,-30143,8077,0,0,0,0,1,0
1988,2069791,20770,-17836,-2934,0,28831,-24758,-4073,0,0,0,0,1,0
1989,2070833,22479,-11239,-11239,0,31207,-15603,-15603,0,0,0,0,1,0
1990,2071875,20765,-2934,-17831,0,28831,-4073,-24758,0,0,0,0,1,0
1991,2072916,15891,5816,-21707,0,22066,8077,-30143,0,0,0,0,1,0
1992,2073958,8599,13679,-22277,0,11942,18997,-30940,0,0,0,0,1,0
1993,2075000,0,19457,-19457,0,0,27026,-27026,0,0,0,0,1,0
1994,2076041,-8596,22271,-13675,0,-11942,30940,-18997,0,0,0,0,1,0
1995,2077083,-15882,21695,-5813,0,-22066,30143,-8077,0,0,0,0,1,0
1996,2078125,-20748,17817,2931,0,-28831,24758,4073,0,0,0,0,1,0
1997,2079166,-22455,11227,11227,0,-31207,15603,15603,0,0,0,0,1,0
1998,2080208,-20743,2931,17812,0,-28831,4073,24758,0,0,0,0,1,0
1999,2081249,-15874,-5810,21684,0,-22066,-8077,30143,0,0,0,0,1,0
2000,2082291,-8590,-13664,22254,0,-11942,-18997,30940,0,0,0,0,1,0
2001,2083333,0,-19436,19436,0,0,-27026,27026,0,0,0,0,1,0
2002,2084375,8587,-22248,13660,0,11942,-30940,18997,0,0,0,0,1,0
2003,2085416,15865,-21672,5807,0,22066,-30143,8077,0,0,0,0,1,0
2004,2086458,20726,-17798,-2928,0,28831,-24758,-4073,0,0,0,0,1,0
2005,2087500,22431,-11215,-11215,0,31207,-15603,-15603,0,0,0,0,1,0
2006,2088541,20720,-2927,-17793,0,28831,-4073,-24758,0,0,0,0,1,0
2007,2089583,15857,5804,-21661,0,22066,8077,-30143,0,0,0,0,1,0
2008,2090625,8580,13649,-22230,0,11942,18997,-30940,0,0,0,0,1,0
2009,2091666,0,19415,-19415,0,0,27026,-27026,0,0,0,0,1,0
2010,2092708,-8578,22224,-13646,0,-11942,30940,-18997,0,0,0,0,1,0
2011,2093750,-15848,21649,-5801,0,-22066,30143,-8077,0,0,0,0,1,0
2012,2094791,-20704,17779,2925,0,-28831,24758,4073,0,0,0,0,1,0
2013,2095833,-22407,11203,11203,0,-31207,15603,15603,0,0,0,0,1,0
2014,2096874,-20698,2924,17774,0,-28831,4073,24758,0,0,0,0,1,0
2015,2097916,-15840,-5798,21637,0,-22066,-8077,30143,0,0,0,0,1,0
2016,2098958,-8571,-13635,22206,0,-11942,-18997,30940,0,0,0,0,1,0
2017,2100000,0,-19394,19394,0,0,-27026,27026,0,0,0,0,1,0
2018,2101041,8569,-22200,13631,0,11942,-30940,18997,0,0,0,0,1,0
2019,2102083,15831,-21626,5795,0,22066,-30143,8077,0,0,0,0,1,0
2020,2103125,20682,-17760,-2922,0,28831,-24758,-4073,0,0,0,0,1,0
2021,2104166,22383,-11191,-11191,0,31207,-15603,-15603,0,0,0,0,1,0
2022,2105208,20676,-2921,-17755,0,28831,-4073,-24758,0,0,0,0,1,0
2023,2106250,15823,5792,-21614,0,22066,8077,-30143,0,0,0,0,1,0
2024,2107291,8562,13620,-22183,0,11942,18997,-30940,0,0,0,0,1,0
2025,2108333,0,19374,-19374,0,0,27026,-27026,0,0,0,0,1,0
2026,2109375,-8560,22177,-13617,0,-11942,30940,-18997,0,0,0,0,1,0
2027,2110416,-15814,21603,-5789,0,-22066,30143,-8077,0,0,0,0,1,0
2028,2111458,-20660,17741,2919,0,-28831,24758,4073,0,0,0,0,1,0
2029,2112500,-22359,11180,11180,0,-31207,15603,15603,0,0,0,0,1,0
2030,2113541,-20654,2918,17736,0,-28831,4073,24758,0,0,0,0,1,0
2031,2114583,-15806,-5785,21592,0,-22066,-8077,30143,0,0,0,0,1,0
2032,2115625,-8553,-13606,22159,0,-11942,-18997,30940,0,0,0,0,1,0
2033,2116666,0,-19353,19353,0,0,-27026,27026,0,0,0,0,1,0
2034,2117708,8551,-22153,13602,0,11942,-30940,18997,0,0,0,0,1,0
2035,2118750,15798,-21580,5782,0,22066,-30143,8077,0,0,0,0,1,0
2036,2119791,20638,-17722,-2916,0,28831,-24758,-4073,0,0,0,0,1,0
2037,2120833,22335,-11168,-11168,0,31207,-15603,-15603,0,0,0,0,1,0
2038,2121875,20633,-2915,-17718,0,28831,-4073,-24758,0,0,0,0,1,0
2039,2122916,15789,5779,-21569,0,22066,8077,-30143,0,0,0,0,1,0
2040,2123958,8544,13592,-22136,0,11942,18997,-30940,0,0,0,0,1,0
2041,2125000,0,19333,-19333,0,0,27026,-27026,0,0,0,0,1,0
2042,2126041,-8542,22130,-13588,0,-11942,30940,-18997,0,0,0,0,1,0
2043,2127083,-15781,21557,-5776,0,-22066,30143,-8077,0,0,0,0,1,0
2044,2128125,-20616,17704,2913,0,-28831,24758,4073,0,0,0,0,1,0
2045,2129166,-22312,11156,11156,0,-31207,15603,15603,0,0,0,0,1,0
2046,2130208,-20611,2912,17699,0,-28831,4073,24758,0,0,0,0,1,0
2047,2131250,-15773,-5773,21546,0,-22066,-8077,30143,0,0,0,0,1,0
2048,2132291,-8535,-13577,22112,0,-11942,-18997,30940,0,0,0,0,1,0
2049,2133333,0,-19313,19313,0,0,-27026,27026,0,0,0,0,1,0
2050,2134375,8533,-22107,13574,0,11942,-30940,18997,0,0,0,0,1,0
2051,2135416,15764,-21535,5770,0,22066,-30143,8077,0,0,0,0,1,0
2052,2136458,20595,-17685,-2910,0,28831,-24758,-4073,0,0,0,0,1,0
2053,2137500,22288,-11144,-11144,0,31207,-15603,-15603,0,0,0,0,1,0
2054,2138541,20589,-2909,-17680,0,28831,-4073,-24758,0,0,0,0,1,0
2055,2139583,15756,5767,-21523,0,22066,8077,-30143,0,0,0,0,1,0
2056,2140625,8526,13563,-22089,0,11942,18997,-30940,0,0,0,0,1,0
2057,2141666,0,19292,-19292,0,0,27026,-27026,0,0,0,0,1,0
2058,2142708,-8524,22083,-13559,0,-11942,30940,-18997,0,0,0,0,1,0
2059,2143750,-15748,21512,-5764,0,-22066,30143,-8077,0,0,0,0,1,0
2060,2144791,-20573,17666,2907,0,-28831,24758,4073,0,0,0,0,1,0
2061,2145833,-22265,11133,11133,0,-31207,15603,15603,0,0,0,0,1,0
2062,2146875,-20568,2906,17662,0,-28831,4073,24758,0,0,0,0,1,0
2063,2147916,-15740,-5761,21501,0,-22066,-8077,30143,0,0,0,0,1,0
2064,2148958,-8517,-13549,22066,0,-11942,-18997,30940,0,0,0,0,1,0
2065,2150000,0,-19272,19272,0,0,-27026,27026,0,0,0,0,1,0
2066,2151041,8515,-22060,13545,0,11942,-30940,18997,0,0,0,0,1,0
2067,2152083,15731,-21490,5758,0,22066,-30143,8077,0,0,0,0,1,0
2068,2153125,20551,-17648,-2904,0,28831,-24758,-4073,0,0,0,0,1,0
2069,2154166,22242,-11121,-11121,0,31207,-15603,-15603,0,0,0,0,1,0
2070,2155208,20546,-2903,-17643,0,28831,-4073,-24758,0,0,0,0,1,0
2071,2156250,15723,5755,-21478,0,22066,8077,-30143,0,0,0,0,1,0
2072,2157291,8508,13535,-22043,0,11942,18997,-30940,0,0,0,0,1,0
2073,2158333,0,19252,-19252,0,0,27026,-27026,0,0,0,0,1,0
2074,2159375,-8506,22037,-13531,0,-11942,30940,-18997,0,0,0,0,1,0
2075,2160416,-15715,21467,-5752,0,-22066,30143,-8077,0,0,0,0,1,0
2076,2161458,-20530,17630,2900,0,-28831,24758,4073,0,0,0,0,1,0
2077,2162500,-22219,11109,11109,0,-31207,15603,15603,0,0,0,0,1,0
2078,2163541,-20525,2900,17625,0,-28831,4073,24758,0,0,0,0,1,0
2079,2164583,-15707,-5749,21456,0,-22066,-8077,30143,0,0,0,0,1,0
2080,2165625,-8499,-13521,22020,0,-11942,-18997,30940,0,0,0,0,1,0
2081,2166666,0,-19232,19232,0,0,-27026,27026,0,0,0,0,1,0
2082,2167708,8497,-22014,13517,0,11942,-30940,18997,0,0,0,0,1,0
2083,2168750,15699,-21445,5746,0,22066,-30143,8077,0,0,0,0,1,0
2084,2169791,20509,-17611,-2897,0,28831,-24758,-4073,0,0,0,0,1,0
2085,2170833,22196,-11098,-11098,0,31207,-15603,-15603,0,0,0,0,1,0
2086,2171875,20503,-2897,-17607,0,28831,-4073,-24758,0,0,0,0,1,0
2087,2172916,15691,5743,-21434,0,22066,8077,-30143,0,0,0,0,1,0
2088,2173958,8491,13507,-21997,0,11942,18997,-30940,0,0,0,0,1,0
2089,2175000,0,19212,-19212,0,0,27026,-27026,0,0,0,0,1,0
2090,2176041,-8488,21991,-13503,0,-11942,30940,-18997,0,0,0,0,1,0
2091,2177083,-15682,21423,-5740,0,-22066,30143,-8077,0,0,0,0,1,0
2092,2178125,-20487,17593,2894,0,-28831,24758,4073,0,0,0,0,1,0
2093,2179166,-22173,11086,11086,0,-31207,15603,15603,0,0,0,0,1,0
2094,2180208,-20482,2894,17588,0,-28831,4073,24758,0,0,0,0,1,0
2095,2181250,-15674,-5737,21412,0,-22066,-8077,30143,0,0,0,0,1,0
2096,2182291,-8482,-13493,21974,0,-11942,-18997,30940,0,0,0,0,1,0
2097,2183333,0,-19192,19192,0,0,-27026,27026,0,0,0,0,1,0
2098,2184375,8480,-21969,13489,0,11942,-30940,18997,0,0,0,0,1,0
2099,2185416,15666,-21400,5734,0,22066,-30143,8077,0,0,0,0,1,0
2100,2186458,20466,-17575,-2891,0,28831,-24758,-4073,0,0,0,0,1,0
2101,2187500,22150,-11075,-11075,0,31207,-15603,-15603,0,0,0,0,1,0
2102,2188541,20461,-2891,-17570,0,28831,-4073,-24758,0,0,0,0,1,0
2103,2189583,15658,5731,-21389,0,22066,8077,-30143,0,0,0,0,1,0
2104,2190625,8473,13479,-21952,0,11942,18997,-30940,0,0,0,0,1,0
2105,2191666,0,19172,-19172,0,0,27026,-27026,0,0,0,0,1,0
2106,2192708,-8471,21946,-13475,0,-11942,30940,-18997,0,0,0,0,1,0
2107,2193750,-15650,21378,-5728,0,-22066,30143,-8077,0,0,0,0,1,0
2108,2194791,-20445,17557,2889,0,-28831,24758,4073,0,0,0,0,1,0
2109,2195833,-22127,11063,11063,0,-31207,15603,15603,0,0,0,0,1,0
2110,2196875,-20440,2888,17552,0,-28831,4073,24758,0,0,0,0,1,0
2111,2197916,-15642,-5725,21367,0,-22066,-8077,30143,0,0,0,0,1,0
2112,2198958,-8464,-13465,21929,0,-11942,-18997,30940,0,0,0,0,1,0
2113,2200000,0,-19153,19153,0,0,-27026,27026,0,0,0,0,1,0
2114,2201041,8462,-21923,13461,0,11942,-30940,18997,0,0,0,0,1,0
2115,2202083,15634,-21356,5722,0,22066,-30143,8077,0,0,0,0,1,0
2116,2203125,20424,-17539,-2886,0,28831,-24758,-4073,0,0,0,0,1,0
2117,2204166,22104,-11052,-11052,0,31207,-15603,-15603,0,0,0,0,1,0
2118,2205208,20419,-2885,-17534,0,28831,-4073,-24758,0,0,0,0,1,0
2119,2206250,15626,5719,-21345,0,22066,8077,-30143,0,0,0,0,1,0
2120,2207291,8456,13451,-21907,0,11942,18997,-30940,0,0,0,0,1,0
2121,2208333,0,19133,-19133,0,0,27026,-27026,0,0,0,0,1,0
2122,2209375,-8453,21901,-13448,0,-11942,30940,-18997,0,0,0,0,1,0
2123,2210416,-15618,21335,-5717,0,-22066,30143,-8077,0,0,0,0,1,0
2124,2211458,-20403,17521,2883,0,-28831,24758,4073,0,0,0,0,1,0
2125,2212500,-22081,11041,11041,0,-31207,15603,15603,0,0,0,0,1,0
2126,2213541,-20398,2882,17516,0,-28831,4073,24758,0,0,0,0,1,0
2127,2214583,-15610,-5714,21324,0,-22066,-8077,30143,0,0,0,0,1,0
2128,2215625,-8447,-13437,21884,0,-11942,-18997,30940,0,0,0,0,1,0
2129,2216666,0,-19113,19113,0,0,-27026,27026,0,0,0,0,1,0
2130,2217708,8445,-21879,13434,0,11942,-30940,18997,0,0,0,0,1,0
2131,2218750,15602,-21313,5711,0,22066,-30143,8077,0,0,0,0,1,0
2132,2219791,20382,-17503,-2880,0,28831,-24758,-4073,0,0,0,0,1,0
2133,2220833,22059,-11029,-11029,0,31207,-15603,-15603,0,0,0,0,1,0
2134,2221875,20377,-2879,-17498,0,28831,-4073,-24758,0,0,0,0,1,0
2135,2222916,15594,5708,-21302,0,22066,8077,-30143,0,0,0,0,1,0
2136,2223958,8438,13423,-21862,0,11942,18997,-30940,0,0,0,0,1,0
2137,2225000,0,19094,-19094,0,0,27026,-27026,0,0,0,0,1,0
2138,2226041,-8436,21856,-13420,0,-11942,30940,-18997,0,0,0,0,1,0
2139,2227083,-15586,21291,-5705,0,-22066,30143,-8077,0,0,0,0,1,0
2140,2228125,-20362,17485,2877,0,-28831,24758,4073,0,0,0,0,1,0
2141,2229166,-22036,11018,11018,0,-31207,15603,15603,0,0,0,0,1,0
2142,2230208,-20356,2876,17480,0,-28831,4073,24758,0,0,0,0,1,0
2143,2231250,-15578,-5702,21280,0,-22066,-8077,30143,0,0,0,0,1,0
2144,2232291,-8430,-13410,21840,0,-11942,-18997,30940,0,0,0,0,1,0
2145,2233333,0,-19074,19074,0,0,-27026,27026,0,0,0,0,1,0
2146,2234375,8428,-21834,13406,0,11942,-30940,18997,0,0,0,0,1,0
2147,2235416,15570,-21269,5699,0,22066,-30143,8077,0,0,0,0,1,0
2148,2236458,20341,-17467,-2874,0,28831,-24758,-4073,0,0,0,0,1,0
2149,2237500,22014,-11007,-11007,0,31207,-15603,-15603,0,0,0,0,1,0
2150,2238541,20336,-2873,-17463,0,28831,-4073,-24758,0,0,0,0,1,0
2151,2239583,15562,5696,-21259,0,22066,8077,-30143,0,0,0,0,1,0
2152,2240625,8421,13396,-21817,0,11942,18997,-30940,0,0,0,0,1,0
2153,2241666,0,19055,-19055,0,0,27026,-27026,0,0,0,0,1,0
2154,2242708,-8419,21812,-13393,0,-11942,30940,-18997,0,0,0,0,1,0
2155,2243750,-15554,21248,-5693,0,-22066,30143,-8077,0,0,0,0,1,0
2156,2244791,-20320,17449,2871,0,-28831,24758,4073,0,0,0,0,1,0
2157,2245833,-21992,10996,10996,0,-31207,15603,15603,0,0,0,0,1,0
2158,2246875,-20315,2870,17445,0,-28831,4073,24758,0,0,0,0,1,0
2159,2247916,-15547,-5690,21237,0,-22066,-8077,30143,0,0,0,0,1,0
2160,2248958,-8413,-13383,21795,0,-11942,-18997,30940,0,0,0,0,1,0
2161,2250000,0,-19036,19036,0,0,-27026,27026,0,0,0,0,1,0
2162,2251041,8411,-21790,13379,0,11942,-30940,18997,0,0,0,0,1,0
2163,2252083,15539,-21226,5688,0,22066,-30143,8077,0,0,0,0,1,0
2164,2253125,20300,-17432,-2868,0,28831,-24758,-4073,0,0,0,0,1,0
2165,2254166,21970,-10985,-10985,0,31207,-15603,-15603,0,0,0,0,1,0
2166,2255208,20295,-2867,-17427,0,28831,-4073,-24758,0,0,0,0,1,0
2167,2256250,15531,5685,-21216,0,22066,8077,-30143,0,0,0,0,1,0
2168,2257291,8404,13369,-21773,0,11942,18997,-30940,0,0,0,0,1,0
2169,2258333,0,19017,-19017,0,0,27026,-27026,0,0,0,0,1,0
2170,2259375,-8402,21768,-13366,0,-11942,30940,-18997,0,0,0,0,1,0
2171,2260416,-15523,21205,-5682,0,-22066,30143,-8077,0,0,0,0,1,0
2172,2261458,-20279,17414,2865,0,-28831,24758,4073,0,0,0,0,1,0
2173,2262500,-21947,10974,10974,0,-31207,15603,15603,0,0,0,0,1,0
2174,2263541,-20274,2864,17410,0,-28831,4073,24758,0,0,0,0,1,0
2175,2264583,-15515,-5679,21194,0,-22066,-8077,30143,0,0,0,0,1,0
2176,2265625,-8396,-13356,21751,0,-11942,-18997,30940,0,0,0,0,1,0
2177,2266666,0,-18997,18997,0,0,-27026,27026,0,0,0,0,1,0
2178,2267708,8394,-21746,13352,0,11942,-30940,18997,0,0,0,0,1,0
2179,2268750,15507,-21184,5676,0,22066,-30143,8077,0,0,0,0,1,0
2180,2269791,20259,-17397,-2862,0,28831,-24758,-4073,0,0,0,0,1,0
2181,2270833,21925,-10963,-10963,0,31207,-15603,-15603,0,0,0,0,1,0
2182,2271875,20254,-2861,-17392,0,28831,-4073,-24758,0,0,0,0,1,0
2183,2272916,15500,5673,-21173,0,22066,8077,-30143,0,0,0,0,1,0
2184,2273958,8387,13342,-21730,0,11942,18997,-30940,0,0,0,0,1,0
2185,2275000,0,18978,-18978,0,0,27026,-27026,0,0,0,0,1,0
2186,2276041,-8385,21724,-13339,0,-11942,30940,-18997,0,0,0,0,1,0
2187,2277083,-15492,21162,-5670,0,-22066,30143,-8077,0,0,0,0,1,0
2188,2278125,-20239,17379,2859,0,-28831,24758,4073,0,0,0,0,1,0
2189,2279166,-21903,10952,10952,0,-31207,15603,15603,0,0,0,0,1,0
2190,2280208,-20234,2859,17375,0,-28831,4073,24758,0,0,0,0,1,0
2191,2281250,-15484,-5668,21152,0,-22066,-8077,30143,0,0,0,0,1,0
2192,2282291,-8379,-13329,21708,0,-11942,-18997,30940,0,0,0,0,1,0
2193,2283333,0,-18959,18959,0,0,-27026,27026,0,0,0,0,1,0
2194,2284375,8377,-21703,13326,0,11942,-30940,18997,0,0,0,0,1,0
2195,2285416,15476,-21141,5665,0,22066,-30143,8077,0,0,0,0,1,0
2196,2286458,20218,-17362,-2856,0,28831,-24758,-4073,0,0,0,0,1,0
2197,2287500,21882,-10941,-10941,0,31207,-15603,-15603,0,0,0,0,1,0
2198,2288541,20213,-2856,-17358,0,28831,-4073,-24758,0,0,0,0,1,0
2199,2289583,15469,5662,-21131,0,22066,8077,-30143,0,0,0,0,1,0
2200,2290625,8371,13316,-21686,0,11942,18997,-30940,0,0,0,0,1,0
2201,2291666,0,18941,-18941,0,0,27026,-27026,0,0,0,0,1,0
2202,2292708,-8369,21681,-13312,0,-11942,30940,-18997,0,0,0,0,1,0
2203,2293750,-15461,21120,-5659,0,-22066,30143,-8077,0,0,0,0,1,0
2204,2294791,-20198,17345,2854,0,-28831,24758,4073,0,0,0,0,1,0
2205,2295833,-21860,10930,10930,0,-31207,15603,15603,0,0,0,0,1,0
2206,2296875,-20193,2853,17340,0,-28831,4073,24758,0,0,0,0,1,0
2207,2297916,-15453,-5656,21110,0,-22066,-8077,30143,0,0,0,0,1,0
2208,2298958,-8362,-13302,21665,0,-11942,-18997,30940,0,0,0,0,1,0
2209,2300000,0,-18922,18922,0,0,-27026,27026,0,0,0,0,1,0
2210,2301041,8360,-21659,13299,0,11942,-30940,18997,0,0,0,0,1,0
2211,2302083,15446,-21099,5654,0,22066,-30143,8077,0,0,0,0,1,0
2212,2303125,20178,-17328,-2851,0,28831,-24758,-4073,0,0,0,0,1,0
2213,2304166,21838,-10919,-10919,0,31207,-15603,-15603,0,0,0,0,1,0
2214,2305208,20173,-2850,-17323,0,28831,-4073,-24758,0,0,0,0,1,0
2215,2306250,15438,5651,-21089,0,22066,8077,-30143,0,0,0,0,1,0
2216,2307291,8354,13289,-21643,0,11942,18997,-30940,0,0,0,0,1,0
2217,2308333,0,18903,-18903,0,0,27026,-27026,0,0,0,0,1,0
2218,2309375,-8352,21638,-13286,0,-11942,30940,-18997,0,0,0,0,1,0
2219,2310416,-15430,21078,-5648,0,-22066,30143,-8077,0,0,0,0,1,0
2220,2311458,-20158,17310,2848,0,-28831,24758,4073,0,0,0,0,1,0
2221,2312500,-21817,10908,10908,0,-31207,15603,15603,0,0,0,0,1,0
2222,2313541,-20153,2847,17306,0,-28831,4073,24758,0,0,0,0,1,0
2223,2314583,-15423,-5645,21068,0,-22066,-8077,30143,0,0,0,0,1,0
2224,2315625,-8346,-13276,21622,0,-11942,-18997,30940,0,0,0,0,1,0
2225,2316666,0,-18884,18884,0,0,-27026,27026,0,0,0,0,1,0
2226,2317708,8344,-21617,13273,0,11942,-30940,18997,0,0,0,0,1,0
2227,2318750,15415,-21058,5642,0,22066,-30143,8077,0,0,0,0,1,0
2228,2319791,20138,-17293,-2845,0,28831,-24758,-4073,0,0,0,0,1,0
2229,2320833,21795,-10898,-10898,0,31207,-15603,-15603,0,0,0,0,1,0
2230,2321875,20133,-2844,-17289,0,28831,-4073,-24758,0,0,0,0,1,0
2231,2322916,15408,5640,-21047,0,22066,8077,-30143,0,0,0,0,1,0
2232,2323958,8338,13263,-21601,0,11942,18997,-30940,0,0,0,0,1,0
2233,2325000,0,18866,-18866,0,0,27026,-27026,0,0,0,0,1,0
2234,2326041,-8335,21595,-13260,0,-11942,30940,-18997,0,0,0,0,1,0
2235,2327083,-15400,21037,-5637,0,-22066,30143,-8077,0,0,0,0,1,0
2236,2328125,-20119,17276,2842,0,-28831,24758,4073,0,0,0,0,1,0
2237,2329166,-21774,10887,10887,0,-31207,15603,15603,0,0,0,0,1,0
2238,2330208,-20114,2842,17272,0,-28831,4073,24758,0,0,0,0,1,0
2239,2331250,-15392,-5634,21027,0,-22066,-8077,30143,0,0,0,0,1,0
2240,2332291,-8329,-13250,21579,0,-11942,-18997,30940,0,0,0,0,1,0
2241,2333333,0,-18847,18847,0,0,-27026,27026,0,0,0,0,1,0
2242,2334375,8327,-21574,13247,0,11942,-30940,18997,0,0,0,0,1,0
2243,2335416,15385,-21016,5631,0,22066,-30143,8077,0,0,0,0,1,0
2244,2336458,20099,-17259,-2840,0,28831,-24758,-4073,0,0,0,0,1,0
2245,2337500,21752,-10876,-10876,0,31207,-15603,-15603,0,0,0,0,1,0
2246,2338541,20094,-2839,-17255,0,28831,-4073,-24758,0,0,0,0,1,0
2247,2339583,15377,5629,-21006,0,22066,8077,-30143,0,0,0,0,1,0
2248,2340625,8321,13237,-21558,0,11942,18997,-30940,0,0,0,0,1,0
2249,2341666,0,18829,-18829,0,0,27026,-27026,0,0,0,0,1,0
2250,2342708,-8319,21553,-13234,0,-11942,30940,-18997,0,0,0,0,1,0
2251,2343750,-15370,20996,-5626,0,-22066,30143,-8077,0,0,0,0,1,0
2252,2344791,-20079,17242,2837,0,-28831,24758,4073,0,0,0,0,1,0
2253,2345833,-21731,10865,10865,0,-31207,15603,15603,0,0,0,0,1,0
2254,2346875,-20074,2836,17238,0,-28831,4073,24758,0,0,0,0,1,0
2255,2347916,-15362,-5623,20985,0,-22066,-8077,30143,0,0,0,0,1,0
2256,2348958,-8313,-13224,21537,0,-11942,-18997,30940,0,0,0,0,1,0
2257,2350000,0,-18810,18810,0,0,-27026,27026,0,0,0,0,1,0
2258,2351041,8311,-21532,13221,0,11942,-30940,18997,0,0,0,0,1,0
2259,2352083,15355,-20975,5620,0,22066,-30143,8077,0,0,0,0,1,0
2260,2353125,20060,-17226,-2834,0,28831,-24758,-4073,0,0,0,0,1,0
2261,2354166,21710,-10855,-10855,0,31207,-15603,-15603,0,0,0,0,1,0
2262,2355208,20055,-2833,-17221,0,28831,-4073,-24758,0,0,0,0,1,0
2263,2356250,15347,5618,-20965,0,22066,8077,-30143,0,0,0,0,1,0
2264,2357291,8305,13211,-21516,0,11942,18997,-30940,0,0,0,0,1,0
2265,2358333,0,18792,-18792,0,0,27026,-27026,0,0,0,0,1,0
2266,2359375,-8303,21511,-13208,0,-11942,30940,-18997,0,0,0,0,1,0
2267,2360416,-15340,20955,-5615,0,-22066,30143,-8077,0,0,0,0,1,0
2268,2361458,-20040,17209,2831,0,-28831,24758,4073,0,0,0,0,1,0
2269,2362500,-21689,10844,10844,0,-31207,15603,15603,0,0,0,0,1,0
2270,2363541,-20035,2831,17205,0,-28831,4073,24758,0,0,0,0,1,0
2271,2364583,-15332,-5612,20945,0,-22066,-8077,30143,0,0,0,0,1,0
2272,2365625,-8297,-13198,21495,0,-11942,-18997,30940,0,0,0,0,1,0
2273,2366666,0,-18774,18774,0,0,-27026,27026,0,0,0,0,1,0
2274,2367708,8295,-21490,13195,0,11942,-30940,18997,0,0,0,0,1,0
2275,2368750,15325,-20934,5609,0,22066,-30143,8077,0,0,0,0,1,0
2276,2369791,20021,-17192,-2829,0,28831,-24758,-4073,0,0,0,0,1,0
2277,2370833,21668,-10834,-10834,0,31207,-15603,-15603,0,0,0,0,1,0
2278,2371875,20016,-2828,-17188,0,28831,-4073,-24758,0,0,0,0,1,0
2279,2372916,15318,5607,-20924,0,22066,8077,-30143,0,0,0,0,1,0
2280,2373958,8289,13186,-21475,0,11942,18997,-30940,0,0,0,0,1,0
2281,2375000,0,18756,-18756,0,0,27026,-27026,0,0,0,0,1,0
2282,2376041,-8287,21469,-13182,0,-11942,30940,-18997,0,0,0,0,1,0
2283,2377083,-15310,20914,-5604,0,-22066,30143,-8077,0,0,0,0,1,0
2284,2378125,-20001,17176,2826,0,-28831,24758,4073,0,0,0,0,1,0
2285,2379166,-21647,10823,10823,0,-31207,15603,15603,0,0,0,0,1,0
2286,2380208,-19997,2825,17171,0,-28831,4073,24758,0,0,0,0,1,0
2287,2381250,-15303,-5601,20904,0,-22066,-8077,30143,0,0,0,0,1,0
2288,2382291,-8281,-13173,21454,0,-11942,-18997,30940,0,0,0,0,1,0
2289,2383333,0,-18738,18738,0,0,-27026,27026,0,0,0,0,1,0
2290,2384375,8279,-21449,13170,0,11942,-30940,18997,0,0,0,0,1,0
2291,2385416,15295,-20894,5599,0,22066,-30143,8077,0,0,0,0,1,0
2292,2386458,19982,-17159,-2823,0,28831,-24758,-4073,0,0,0,0,1,0
2293,2387500,21626,-10813,-10813,0,31207,-15603,-15603,0,0,0,0,1,0
2294,2388541,19977,-2822,-17155,0,28831,-4073,-24758,0,0,0,0,1,0
2295,2389583,15288,5596,-20884,0,22066,8077,-30143,0,0,0,0,1,0
2296,2390625,8273,13160,-21433,0,11942,18997,-30940,0,0,0,0,1,0
2297,2391666,0,18720,-18720,0,0,27026,-27026,0,0,0,0,1,0
2298,2392708,-8271,21428,-13157,0,-11942,30940,-18997,0,0,0,0,1,0
2299,2393750,-15281,20874,-5593,0,-22066,30143,-8077,0,0,0,0,1,0
2300,2394791,-19963,17143,2820,0,-28831,24758,4073,0,0,0,0,1,0
2301,2395833,-21605,10803,10803,0,-31207,15603,15603,0,0,0,0,1,0
2302,2396875,-19958,2820,17138,0,-28831,4073,24758,0,0,0,0,1,0
2303,2397916,-15273,-5590,20864,0,-22066,-8077,30143,0,0,0,0,1,0
2304,2398958,-8265,-13148,21413,0,-11942,-18997,30940,0,0,0,0,1,0
2305,2400000,0,-18702,18702,0,0,-27026,27026,0,0,0,0,1,0
2306,2401041,8263,-21407,13144,0,11942,-30940,18997,0,0,0,0,1,0
2307,2402083,15266,-20854,5588,0,22066,-30143,8077,0,0,0,0,1,0
2308,2403125,19944,-17126,-2818,0,28831,-24758,-4073,0,0,0,0,1,0
2309,2404166,21584,-10792,-10792,0,31207,-15603,-15603,0,0,0,0,1,0
2310,2405208,19939,-2817,-17122,0,28831,-4073,-24758,0,0,0,0,1,0
2311,2406250,15259,5585,-20844,0,22066,8077,-30143,0,0,0,0,1,0
2312,2407291,8257,13135,-21392,0,11942,18997,-30940,0,0,0,0,1,0
2313,2408333,0,18684,-18684,0,0,27026,-27026,0,0,0,0,1,0
2314,2409375,-8255,21387,-13132,0,-11942,30940,-18997,0,0,0,0,1,0
2315,2410416,-15252,20834,-5582,0,-22066,30143,-8077,0,0,0,0,1,0
2316,2411458,-19925,17110,2815,0,-28831,24758,4073,0,0,0,0,1,0
2317,2412500,-21564,10782,10782,0,-31207,15603,15603,0,0,0,0,1,0
2318,2413541,-19920,2814,17106,0,-28831,4073,24758,0,0,0,0,1,0
2319,2414583,-15244,-5580,20824,0,-22066,-8077,30143,0,0,0,0,1,0
2320,2415625,-8249,-13123,21372,0,-11942,-18997,30940,0,0,0,0,1,0
2321,2416666,0,-18666,18666,0,0,-27026,27026,0,0,0,0,1,0
2322,2417708,8247,-21367,13119,0,11942,-30940,18997,0,0,0,0,1,0
2323,2418750,15237,-20814,5577,0,22066,-30143,8077,0,0,0,0,1,0
2324,2419791,19906,-17093,-2812,0,28831,-24758,-4073,0,0,0,0,1,0
2325,2420833,21543,-10772,-10772,0,31207,-15603,-15603,0,0,0,0,1,0
2326,2421875,19901,-2812,-17089,0,28831,-4073,-24758,0,0,0,0,1,0
2327,2422916,15230,5574,-20804,0,22066,8077,-30143,0,0,0,0,1,0
2328,2423958,8241,13110,-21351,0,11942,18997,-30940,0,0,0,0,1,0
2329,2425000,0,18648,-18648,0,0,27026,-27026,0,0,0,0,1,0
2330,2426041,-8239,21346,-13107,0,-11942,30940,-18997,0,0,0,0,1,0
2331,2427083,-15223,20794,-5572,0,-22066,30143,-8077,0,0,0,0,1,0
2332,2428125,-19887,17077,2810,0,-28831,24758,4073,0,0,0,0,1,0
2333,2429166,-21523,10761,10761,0,-31207,15603,15603,0,0,0,0,1,0
2334,2430208,-19882,2809,17073,0,-28831,4073,24758,0,0,0,0,1,0
2335,2431250,-15215,-5569,20785,0,-22066,-8077,30143,0,0,0,0,1,0
2336,2432291,-8234,-13098,21331,0,-11942,-18997,30940,0,0,0,0,1,0
2337,2433333,0,-18630,18630,0,0,-27026,27026,0,0,0,0,1,0
2338,2434375,8232,-21326,13095,0,11942,-30940,18997,0,0,0,0,1,0
2339,2435416,15208,-20775,5567,0,22066,-30143,8077,0,0,0,0,1,0
2340,2436458,19868,-17061,-2807,0,28831,-24758,-4073,0,0,0,0,1,0
2341,2437500,21502,-10751,-10751,0,31207,-15603,-15603,0,0,0,0,1,0
2342,2438541,19863,-2806,-17057,0,28831,-4073,-24758,0,0,0,0,1,0
2343,2439583,15201,5564,-20765,0,22066,8077,-30143,0,0,0,0,1,0
2344,2440625,8226,13085,-21311,0,11942,18997,-30940,0,0,0,0,1,0
2345,2441666,0,18613,-18613,0,0,27026,-27026,0,0,0,0,1,0
2346,2442708,-8224,21306,-13082,0,-11942,30940,-18997,0,0,0,0,1,0
2347,2443750,-15194,20755,-5561,0,-22066,30143,-8077,0,0,0,0,1,0
2348,2444791,-19849,17045,2804,0,-28831,24758,4073,0,0,0,0,1,0
2349,2445833,-21482,10741,10741,0,-31207,15603,15603,0,0,0,0,1,0
2350,2446875,-19845,2804,17041,0,-28831,4073,24758,0,0,0,0,1,0
2351,2447916,-15187,-5559,20745,0,-22066,-8077,30143,0,0,0,0,1,0
2352,2448958,-8218,-13073,21291,0,-11942,-18997,30940,0,0,0,0,1,0
2353,2450000,0,-18595,18595,0,0,-27026,27026,0,0,0,0,1,0
2354,2451041,8216,-21286,13070,0,11942,-30940,18997,0,0,0,0,1,0
2355,2452083,15179,-20736,5556,0,22066,-30143,8077,0,0,0,0,1,0
2356,2453125,19831,-17029,-2802,0,28831,-24758,-4073,0,0,0,0,1,0
2357,2454166,21462,-10731,-10731,0,31207,-15603,-15603,0,0,0,0,1,0
2358,2455208,19826,-2801,-17025,0,28831,-4073,-24758,0,0,0,0,1,0
2359,2456250,15172,5553,-20726,0,22066,8077,-30143,0,0,0,0,1,0
2360,2457291,8210,13061,-21271,0,11942,18997,-30940,0,0,0,0,1,0
2361,2458333,0,18578,-18578,0,0,27026,-27026,0,0,0,0,1,0
2362,2459375,-8208,21266,-13058,0,-11942,30940,-18997,0,0,0,0,1,0
2363,2460416,-15165,20716,-5551,0,-22066,30143,-8077,0,0,0,0,1,0
2364,2461458,-19812,17013,2799,0,-28831,24758,4073,0,0,0,0,1,0
2365,2462500,-21442,10721,10721,0,-31207,15603,15603,0,0,0,0,1,0
2366,2463541,-19807,2798,17009,0,-28831,4073,24758,0,0,0,0,1,0
2367,2464583,-15158,-5548,20706,0,-22066,-8077,30143,0,0,0,0,1,0
2368,2465625,-8203,-13048,21251,0,-11942,-18997,30940,0,0,0,0,1,0
2369,2466666,0,-18560,18560,0,0,-27026,27026,0,0,0,0,1,0
2370,2467708,8201,-21246,13045,0,11942,-30940,18997,0,0,0,0,1,0
2371,2468750,15151,-20697,5546,0,22066,-30143,8077,0,0,0,0,1,0
2372,2469791,19793,-16997,-2796,0,28831,-24758,-4073,0,0,0,0,1,0
2373,2470833,21422,-10711,-10711,0,31207,-15603,-15603,0,0,0,0,1,0
2374,2471875,19789,-2796,-16993,0,28831,-4073,-24758,0,0,0,0,1,0
2375,2472916,15144,5543,-20687,0,22066,8077,-30143,0,0,0,0,1,0
2376,2473958,8195,13036,-21231,0,11942,18997,-30940,0,0,0,0,1,0
2377,2475000,0,18543,-18543,0,0,27026,-27026,0,0,0,0,1,0
2378,2476041,-8193,21226,-13033,0,-11942,30940,-18997,0,0,0,0,1,0
2379,2477083,-15137,20677,-5540,0,-22066,30143,-8077,0,0,0,0,1,0
2380,2478125,-19775,16981,2794,0,-28831,24758,4073,0,0,0,0,1,0
2381,2479166,-21402,10701,10701,0,-31207,15603,15603,0,0,0,0,1,0
2382,2480208,-19770,2793,16977,0,-28831,4073,24758,0,0,0,0,1,0
2383,2481250,-15130,-5538,20668,0,-22066,-8077,30143,0,0,0,0,1,0
2384,2482291,-8187,-13024,21211,0,-11942,-18997,30940,0,0,0,0,1,0
2385,2483333,0,-18526,18526,0,0,-27026,27026,0,0,0,0,1,0
2386,2484375,8185,-21206,13021,0,11942,-30940,18997,0,0,0,0,1,0
2387,2485416,15123,-20658,5535,0,22066,-30143,8077,0,0,0,0,1,0
2388,2486458,19757,-16965,-2791,0,28831,-24758,-4073,0,0,0,0,1,0
2389,2487500,21382,-10691,-10691,0,31207,-15603,-15603,0,0,0,0,1,0
2390,2488541,19752,-2791,-16961,0,28831,-4073,-24758,0,0,0,0,1,0
2391,2489583,15116,5533,-20649,0,22066,8077,-30143,0,0,0,0,1,0
2392,2490625,8180,13012,-21192,0,11942,18997,-30940,0,0,0,0,1,0
2393,2491666,0,18509,-18509,0,0,27026,-27026,0,0,0,0,1,0
2394,2492708,-8178,21187,-13009,0,-11942,30940,-18997,0,0,0,0,1,0
2395,2493750,-15109,20639,-5530,0,-22066,30143,-8077,0,0,0,0,1,0
2396,2494791,-19738,16950,2789,0,-28831,24758,4073,0,0,0,0,1,0
2397,2495833,-21362,10681,10681,0,-31207,15603,15603,0,0,0,0,1,0
2398,2496875,-19734,2788,16946,0,-28831,4073,24758,0,0,0,0,1,0
2399,2497916,-15102,-5528,20629,0,-22066,-8077,30143,0,0,0,0,1,0
2400,2498958,-8172,-13000,21172,0,-11942,-18997,30940,0,0,0,0,1,0
2401,2500000,0,-18492,18492,0,0,-27026,27026,0,0,0,0,1,0
2402,2501041,8170,-21167,12997,0,11942,-30940,18997,0,0,0,0,1,0
2403,2502083,15095,-20620,5525,0,22066,-30143,8077,0,0,0,0,1,0
2404,2503125,19720,-16934,-2786,0,28831,-24758,-4073,0,0,0,0,1,0
2405,2504166,21342,-10671,-10671,0,31207,-15603,-15603,0,0,0,0,1,0
2406,2505208,19715,-2785,-16930,0,28831,-4073,-24758,0,0,0,0,1,0
2407,2506250,15088,5523,-20610,0,22066,8077,-30143,0,0,0,0,1,0
2408,2507291,8165,12988,-21152,0,11942,18997,-30940,0,0,0,0,1,0
2409,2508333,0,18475,-18475,0,0,27026,-27026,0,0,0,0,1,0
2410,2509375,-8163,21148,-12985,0,-11942,30940,-18997,0,0,0,0,1,0
2411,2510416,-15081,20601,-5520,0,-22066,30143,-8077,0,0,0,0,1,0
2412,2511458,-19702,16918,2783,0,-28831,24758,4073,0,0,0,0,1,0
2413,2512500,-21323,10661,10661,0,-31207,15603,15603,0,0,0,0,1,0
2414,2513541,-19697,2783,16914,0,-28831,4073,24758,0,0,0,0,1,0
2415,2514583,-15074,-5517,20591,0,-22066,-8077,30143,0,0,0,0,1,0
2416,2515625,-8157,-12976,21133,0,-11942,-18997,30940,0,0,0,0,1,0
2417,2516666,0,-18458,18458,0,0,-27026,27026,0,0,0,0,1,0
2418,2517708,8155,-21128,12973,0,11942,-30940,18997,0,0,0,0,1,0
2419,2518750,15067,-20582,5515,0,22066,-30143,8077,0,0,0,0,1,0
2420,2519791,19684,-16903,-2781,0,28831,-24758,-4073,0,0,0,0,1,0
2421,2520833,21303,-10652,-10652,0,31207,-15603,-15603,0,0,0,0,1,0
2422,2521875,19679,-2780,-16899,0,28831,-4073,-24758,0,0,0,0,1,0
2423,2522916,15060,5512,-20573,0,22066,8077,-30143,0,0,0,0,1,0
2424,2523958,8150,12964,-21114,0,11942,18997,-30940,0,0,0,0,1,0
2425,2525000,0,18441,-18441,0,0,27026,-27026,0,0,0,0,1,0
2426,2526041,-8148,21109,-12961,0,-11942,30940,-18997,0,0,0,0,1,0
2427,2527083,-15053,20563,-5510,0,-22066,30143,-8077,0,0,0,0,1,0
2428,2528125,-19666,16887,2778,0,-28831,24758,4073,0,0,0,0,1,0
2429,2529166,-21284,10642,10642,0,-31207,15603,15603,0,0,0,0,1,0
2430,2530208,-19661,2778,16883,0,-28831,4073,24758,0,0,0,0,1,0
2431,2531250,-15046,-5507,20554,0,-22066,-8077,30143,0,0,0,0,1,0
2432,2532291,-8142,-12952,21094,0,-11942,-18997,30940,0,0,0,0,1,0
2433,2533333,0,-18424,18424,0,0,-27026,27026,0,0,0,0,1,0
2434,2534375,8140,-21089,12949,0,11942,-30940,18997,0,0,0,0,1,0
2435,2535416,15039,-20544,5505,0,22066,-30143,8077,0,0,0,0,1,0
2436,2536458,19648,-16872,-2776,0,28831,-24758,-4073,0,0,0,0,1,0
2437,2537500,21264,-10632,-10632,0,31207,-15603,-15603,0,0,0,0,1,0
2438,2538541,19643,-2775,-16868,0,28831,-4073,-24758,0,0,0,0,1,0
2439,2539583,15033,5502,-20535,0,22066,8077,-30143,0,0,0,0,1,0
2440,2540625,8135,12940,-21075,0,11942,18997,-30940,0,0,0,0,1,0
2441,2541666,0,18407,-18407,0,0,27026,-27026,0,0,0,0,1,0
2442,2542708,-8133,21070,-12937,0,-11942,30940,-18997,0,0,0,0,1,0
2443,2543750,-15026,20526,-5500,0,-22066,30143,-8077,0,0,0,0,1,0
2444,2544791,-19630,16857,2773,0,-28831,24758,4073,0,0,0,0,1,0
2445,2545833,-21245,10622,10622,0,-31207,15603,15603,0,0,0,0,1,0
2446,2546875,-19625,2773,16853,0,-28831,4073,24758,0,0,0,0,1,0
2447,2547916,-15019,-5497,20516,0,-22066,-8077,30143,0,0,0,0,1,0
2448,2548958,-8127,-12929,21056,0,-11942,-18997,30940,0,0,0,0,1,0
2449,2550000,0,-18390,18390,0,0,-27026,27026,0,0,0,0,1,0
2450,2551041,8125,-21051,12926,0,11942,-30940,18997,0,0,0,0,1,0
2451,2552083,15012,-20507,5495,0,22066,-30143,8077,0,0,0,0,1,0
2452,2553125,19612,-16841,-2771,0,28831,-24758,-4073,0,0,0,0,1,0
2453,2554166,21226,-10613,-10613,0,31207,-15603,-15603,0,0,0,0,1,0
2454,2555208,19608,-2770,-16837,0,28831,-4073,-24758,0,0,0,0,1,0
2455,2556250,15005,5492,-20498,0,22066,8077,-30143,0,0,0,0,1,0
2456,2557291,8120,12917,-21037,0,11942,18997,-30940,0,0,0,0,1,0
2457,2558333,0,18374,-18374,0,0,27026,-27026,0,0,0,0,1,0
2458,2559375,-8118,21032,-12914,0,-11942,30940,-18997,0,0,0,0,1,0
2459,2560416,-14999,20488,-5490,0,-22066,30143,-8077,0,0,0,0,1,0
2460,2561458,-19594,16826,2768,0,-28831,24758,4073,0,0,0,0,1,0
2461,2562500,-21206,10603,10603,0,-31207,15603,15603,0,0,0,0,1,0
2462,2563541,-19590,2768,16822,0,-28831,4073,24758,0,0,0,0,1,0
2463,2564583,-14992,-5487,20479,0,-22066,-8077,30143,0,0,0,0,1,0
2464,2565625,-8113,-12905,21018,0,-11942,-18997,30940,0,0,0,0,1,0
2465,2566666,0,-18357,18357,0,0,-27026,27026,0,0,0,0,1,0
2466,2567708,8111,-21013,12902,0,11942,-30940,18997,0,0,0,0,1,0
2467,2568750,14985,-20470,5485,0,22066,-30143,8077,0,0,0,0,1,0
2468,2569791,19577,-16811,-2766,0,28831,-24758,-4073,0,0,0,0,1,0
2469,2570833,21187,-10594,-10594,0,31207,-15603,-15603,0,0,0,0,1,0
2470,2571875,19572,-2765,-16807,0,28831,-4073,-24758,0,0,0,0,1,0
2471,2572916,14978,5482,-20461,0,22066,8077,-30143,0,0,0,0,1,0
2472,2573958,8105,12894,-20999,0,11942,18997,-30940,0,0,0,0,1,0
2473,2575000,0,18340,-18340,0,0,27026,-27026,0,0,0,0,1,0
2474,2576041,-8103,20994,-12891,0,-11942,30940,-18997,0,0,0,0,1,0
2475,2577083,-14972,20451,-5480,0,-22066,30143,-8077,0,0,0,0,1,0
2476,2578125,-19559,16796,2763,0,-28831,24758,4073,0,0,0,0,1,0
2477,2579166,-21168,10584,10584,0,-31207,15603,15603,0,0,0,0,1,0
2478,2580208,-19555,2763,16792,0,-28831,4073,24758,0,0,0,0,1,0
2479,2581250,-14965,-5477,20442,0,-22066,-8077,30143,0,0,0,0,1,0
2480,2582291,-8098,-12882,20980,0,-11942,-18997,30940,0,0,0,0,1,0
2481,2583333,0,-18324,18324,0,0,-27026,27026,0,0,0,0,1,0
2482,2584375,8096,-20975,12879,0,11942,-30940,18997,0,0,0,0,1,0
2483,2585416,14958,-20433,5475,0,22066,-30143,8077,0,0,0,0,1,0
2484,2586458,19541,-16781,-2761,0,28831,-24758,-4073,0,0,0,0,1,0
2485,2587500,21149,-10575,-10575,0,31207,-15603,-15603,0,0,0,0,1,0
2486,2588541,19537,-2760,-16777,0,28831,-4073,-24758,0,0,0,0,1,0
2487,2589583,14951,5473,-20424,0,22066,8077,-30143,0,0,0,0,1,0
2488,2590625,8091,12870,-20961,0,11942,18997,-30940,0,0,0,0,1,0
2489,2591666,0,18308,-18308,0,0,27026,-27026,0,0,0,0,1,0
2490,2592708,-8089,20957,-12868,0,-11942,30940,-18997,0,0,0,0,1,0
2491,2593750,-14945,20415,-5470,0,-22066,30143,-8077,0,0,0,0,1,0
2492,2594791,-19524,16766,2758,0,-28831,24758,4073,0,0,0,0,1,0
2493,2595833,-21130,10565,10565,0,-31207,15603,15603,0,0,0,0,1,0
2494,2596875,-19520,2758,16762,0,-28831,4073,24758,0,0,0,0,1,0
2495,2597916,-14938,-5468,20406,0,-22066,-8077,30143,0,0,0,0,1,0
2496,2598958,-8083,-12859,20942,0,-11942,-18997,30940,0,0,0,0,1,0
2497,2600000,0,-18291,18291,0,0,-27026,27026,0,0,0,0,1,0
2498,2601041,8082,-20938,12856,0,11942,-30940,18997,0,0,0,0,1,0
2499,2602083,14931,-20397,5465,0,22066,-30143,8077,0,0,0,0,1,0
2500,2603125,19507,-16751,-2756,0,28831,-24758,-4073,0,0,0,0,1,0
2501,2604166,21111,-10556,-10556,0,31207,-15603,-15603,0,0,0,0,1,0
2502,2605208,19502,-2755,-16747,0,28831,-4073,-24758,0,0,0,0,1,0
2503,2606250,14925,5463,-20388,0,22066,8077,-30143,0,0,0,0,1,0
2504,2607291,8076,12848,-20924,0,11942,18997,-30940,0,0,0,0,1,0
2505,2608333,0,18275,-18275,0,0,27026,-27026,0,0,0,0,1,0
2506,2609375,-8075,20919,-12845,0,-11942,30940,-18997,0,0,0,0,1,0
2507,2610416,-14918,20378,-5460,0,-22066,30143,-8077,0,0,0,0,1,0
2508,2611458,-19489,16736,2753,0,-28831,24758,4073,0,0,0,0,1,0
2509,2612500,-21093,10546,10546,0,-31207,15603,15603,0,0,0,0,1,0
2510,2613541,-19485,2753,16732,0,-28831,4073,24758,0,0,0,0,1,0
2511,2614583,-14911,-5458,20369,0,-22066,-8077,30143,0,0,0,0,1,0
2512,2615625,-8069,-12836,20905,0,-11942,-18997,30940,0,0,0,0,1,0
2513,2616666,0,-18259,18259,0,0,-27026,27026,0,0,0,0,1,0
2514,2617708,8067,-20901,12833,0,11942,-30940,18997,0,0,0,0,1,0
2515,2618750,14905,-20360,5456,0,22066,-30143,8077,0,0,0,0,1,0
2516,2619791,19472,-16721,-2751,0,28831,-24758,-4073,0,0,0,0,1,0
2517,2620833,21074,-10537,-10537,0,31207,-15603,-15603,0,0,0,0,1,0
2518,2621875,19468,-2750,-16717,0,28831,-4073,-24758,0,0,0,0,1,0
2519,2622916,14898,5453,-20351,0,22066,8077,-30143,0,0,0,0,1,0
2520,2623958,8062,12825,-20887,0,11942,18997,-30940,0,0,0,0,1,0
2521,2625000,0,18243,-18243,0,0,27026,-27026,0,0,0,0,1,0
2522,2626041,-8060,20882,-12822,0,-11942,30940,-18997,0,0,0,0,1,0
2523,2627083,-14892,20342,-5451,0,-22066,30143,-8077,0,0,0,0,1,0
2524,2628125,-19455,16706,2749,0,-28831,24758,4073,0,0,0,0,1,0
2525,2629166,-21055,10528,10528,0,-31207,15603,15603,0,0,0,0,1,0
2526,2630208,-19450,2748,16703,0,-28831,4073,24758,0,0,0,0,1,0
2527,2631250,-14885,-5448,20333,0,-22066,-8077,30143,0,0,0,0,1,0
2528,2632291,-8055,-12813,20868,0,-11942,-18997,30940,0,0,0,0,1,0
2529,2633333,0,-18226,18226,0,0,-27026,27026,0,0,0,0,1,0
2530,2634375,8053,-20864,12811,0,11942,-30940,18997,0,0,0,0,1,0
2531,2635416,14879,-20324,5446,0,22066,-30143,8077,0,0,0,0,1,0
2532,2636458,19438,-16691,-2746,0,28831,-24758,-4073,0,0,0,0,1,0
2533,2637500,21037,-10518,-10518,0,31207,-15603,-15603,0,0,0,0,1,0
2534,2638541,19433,-2746,-16688,0,28831,-4073,-24758,0,0,0,0,1,0
2535,2639583,14872,5444,-20316,0,22066,8077,-30143,0,0,0,0,1,0
2536,2640625,8048,12802,-20850,0,11942,18997,-30940,0,0,0,0,1,0
2537,2641666,0,18210,-18210,0,0,27026,-27026,0,0,0,0,1,0
2538,2642708,-8046,20845,-12799,0,-11942,30940,-18997,0,0,0,0,1,0
2539,2643750,-14865,20307,-5441,0,-22066,30143,-8077,0,0,0,0,1,0
2540,2644791,-19421,16677,2744,0,-28831,24758,4073,0,0,0,0,1,0
2541,2645833,-21018,10509,10509,0,-31207,15603,15603,0,0,0,0,1,0
2542,2646875,-19416,2743,16673,0,-28831,4073,24758,0,0,0,0,1,0
2543,2647916,-14859,-5439,20298,0,-22066,-8077,30143,0,0,0,0,1,0
2544,2648958,-8041,-12791,20832,0,-11942,-18997,30940,0,0,0,0,1,0
2545,2650000,0,-18194,18194,0,0,-27026,27026,0,0,0,0,1,0
2546,2651041,8039,-20827,12788,0,11942,-30940,18997,0,0,0,0,1,0
2547,2652083,14852,-20289,5436,0,22066,-30143,8077,0,0,0,0,1,0
2548,2653125,19404,-16662,-2741,0,28831,-24758,-4073,0,0,0,0,1,0
2549,2654166,21000,-10500,-10500,0,31207,-15603,-15603,0,0,0,0,1,0
2550,2655208,19399,-2741,-16659,0,28831,-4073,-24758,0,0,0,0,1,0
2551,2656250,14846,5434,-20280,0,22066,8077,-30143,0,0,0,0,1,0
2552,2657291,8034,12780,-20813,0,11942,18997,-30940,0,0,0,0,1,0
2553,2658333,0,18179,-18179,0,0,27026,-27026,0,0,0,0,1,0
2554,2659375,-8032,20809,-12777,0,-11942,30940,-18997,0,0,0,0,1,0
2555,2660416,-14840,20271,-5432,0,-22066,30143,-8077,0,0,0,0,1,0
2556,2661458,-19387,16648,2739,0,-28831,24758,4073,0,0,0,0,1,0
2557,2662500,-20982,10491,10491,0,-31207,15603,15603,0,0,0,0,1,0
2558,2663541,-19382,2738,16644,0,-28831,4073,24758,0,0,0,0,1,0
2559,2664583,-14833,-5429,20262,0,-22066,-8077,30143,0,0,0,0,1,0
2560,2665625,-8027,-12769,20795,0,-11942,-18997,30940,0,0,0,0,1,0
2561,2666666,0,-18163,18163,0,0,-27026,27026,0,0,0,0,1,0
2562,2667708,8025,-20791,12766,0,11942,-30940,18997,0,0,0,0,1,0
2563,2668750,14827,-20253,5427,0,22066,-30143,8077,0,0,0,0,1,0
2564,2669791,19370,-16633,-2737,0,28831,-24758,-4073,0,0,0,0,1,0
2565,2670833,20963,-10482,-10482,0,31207,-15603,-15603,0,0,0,0,1,0
2566,2671875,19366,-2736,-16630,0,28831,-4073,-24758,0,0,0,0,1,0
2567,2672916,14820,5425,-20245,0,22066,8077,-30143,0,0,0,0,1,0
2568,2673958,8020,12758,-20777,0,11942,18997,-30940,0,0,0,0,1,0
2569,2675000,0,18147,-18147,0,0,27026,-27026,0,0,0,0,1,0
2570,2676041,-8018,20773,-12755,0,-11942,30940,-18997,0,0,0,0,1,0
2571,2677083,-14814,20236,-5422,0,-22066,30143,-8077,0,0,0,0,1,0
2572,2678125,-19353,16619,2734,0,-28831,24758,4073,0,0,0,0,1,0
2573,2679166,-20945,10473,10473,0,-31207,15603,15603,0,0,0,0,1,0
2574,2680208,-19349,2734,16615,0,-28831,4073,24758,0,0,0,0,1,0
2575,2681250,-14807,-5420,20227,0,-22066,-8077,30143,0,0,0,0,1,0
2576,2682291,-8013,-12747,20759,0,-11942,-18997,30940,0,0,0,0,1,0
2577,2683333,0,-18131,18131,0,0,-27026,27026,0,0,0,0,1,0
2578,2684375,8011,-20755,12744,0,11942,-30940,18997,0,0,0,0,1,0
2579,2685416,14801,-20218,5418,0,22066,-30143,8077,0,0,0,0,1,0
2580,2686458,19336,-16604,-2732,0,28831,-24758,-4073,0,0,0,0,1,0
2581,2687500,20927,-10464,-10464,0,31207,-15603,-15603,0,0,0,0,1,0
2582,2688541,19332,-2731,-16601,0,28831,-4073,-24758,0,0,0,0,1,0
2583,2689583,14795,5415,-20210,0,22066,8077,-30143,0,0,0,0,1,0
2584,2690625,8006,12735,-20741,0,11942,18997,-30940,0,0,0,0,1,0
2585,2691666,0,18116,-18116,0,0,27026,-27026,0,0,0,0,1,0
2586,2692708,-8004,20737,-12733,0,-11942,30940,-18997,0,0,0,0,1,0
2587,2693750,-14788,20201,-5413,0,-22066,30143,-8077,0,0,0,0,1,0
2588,2694791,-19320,16590,2729,0,-28831,24758,4073,0,0,0,0,1,0
2589,2695833,-20909,10455,10455,0,-31207,15603,15603,0,0,0,0,1,0
2590,2696875,-19315,2729,16587,0,-28831,4073,24758,0,0,0,0,1,0
2591,2697916,-14782,-5411,20192,0,-22066,-8077,30143,0,0,0,0,1,0
2592,2698958,-7999,-12725,20724,0,-11942,-18997,30940,0,0,0,0,1,0
2593,2700000,0,-18100,18100,0,0,-27026,27026,0,0,0,0,1,0
2594,2701041,7997,-20719,12722,0,11942,-30940,18997,0,0,0,0,1,0
2595,2702083,14775,-20184,5408,0,22066,-30143,8077,0,0,0,0,1,0
2596,2703125,19303,-16576,-2727,0,28831,-24758,-4073,0,0,0,0,1,0
2597,2704166,20891,-10446,-10446,0,31207,-15603,-15603,0,0,0,0,1,0
2598,2705208,19299,-2727,-16572,0,28831,-4073,-24758,0,0,0,0,1,0
2599,2706250,14769,5406,-20175,0,22066,8077,-30143,0,0,0,0,1,0
2600,2707291,7992,12714,-20706,0,11942,18997,-30940,0,0,0,0,1,0
2601,2708333,0,18084,-18084,0,0,27026,-27026,0,0,0,0,1,0
2602,2709375,-7990,20701,-12711,0,-11942,30940,-18997,0,0,0,0,1,0
2603,2710416,-14763,20166,-5404,0,-22066,30143,-8077,0,0,0,0,1,0
2604,2711458,-19286,16562,2725,0,-28831,24758,4073,0,0,0,0,1,0
2605,2712500,-20873,10437,10437,0,-31207,15603,15603,0,0,0,0,1,0
2606,2713541,-19282,2724,16558,0,-28831,4073,24758,0,0,0,0,1,0
2607,2714583,-14756,-5401,20158,0,-22066,-8077,30143,0,0,0,0,1,0
2608,2715625,-7985,-12703,20688,0,-11942,-18997,30940,0,0,0,0,1,0
2609,2716666,0,-18069,18069,0,0,-27026,27026,0,0,0,0,1,0
2610,2717708,7984,-20684,12700,0,11942,-30940,18997,0,0,0,0,1,0
2611,2718750,14750,-20149,5399,0,22066,-30143,8077,0,0,0,0,1,0
2612,2719791,19270,-16547,-2722,0,28831,-24758,-4073,0,0,0,0,1,0
2613,2720833,20855,-10428,-10428,0,31207,-15603,-15603,0,0,0,0,1,0
2614,2721875,19266,-2722,-16544,0,28831,-4073,-24758,0,0,0,0,1,0
2615,2722916,14744,5397,-20140,0,22066,8077,-30143,0,0,0,0,1,0
2616,2723958,7978,12692,-20670,0,11942,18997,-30940,0,0,0,0,1,0
2617,2725000,0,18054,-18054,0,0,27026,-27026,0,0,0,0,1,0
2618,2726041,-7977,20666,-12689,0,-11942,30940,-18997,0,0,0,0,1,0
2619,2727083,-14738,20132,-5394,0,-22066,30143,-8077,0,0,0,0,1,0
2620,2728125,-19254,16533,2720,0,-28831,24758,4073,0,0,0,0,1,0
2621,2729166,-20838,10419,10419,0,-31207,15603,15603,0,0,0,0,1,0
2622,2730208,-19249,2720,16530,0,-28831,4073,24758,0,0,0,0,1,0
2623,2731250,-14731,-5392,20123,0,-22066,-8077,30143,0,0,0,0,1,0
2624,2732291,-7972,-12681,20653,0,-11942,-18997,30940,0,0,0,0,1,0
2625,2733333,0,-18038,18038,0,0,-27026,27026,0,0,0,0,1,0
2626,2734375,7970,-20648,12678,0,11942,-30940,18997,0,0,0,0,1,0
2627,2735416,14725,-20115,5390,0,22066,-30143,8077,0,0,0,0,1,0
2628,2736458,19237,-16519,-2718,0,28831,-24758,-4073,0,0,0,0,1,0
2629,2737500,20820,-10410,-10410,0,31207,-15603,-15603,0,0,0,0,1,0
2630,2738541,19233,-2717,-16516,0,28831,-4073,-24758,0,0,0,0,1,0
2631,2739583,14719,5387,-20106,0,22066,8077,-30143,0,0,0,0,1,0
2632,2740625,7965,12670,-20635,0,11942,18997,-30940,0,0,0,0,1,0
2633,2741666,0,18023,-18023,0,0,27026,-27026,0,0,0,0,1,0
2634,2742708,-7963,20631,-12668,0,-11942,30940,-18997,0,0,0,0,1,0
2635,2743750,-14713,20098,-5385,0,-22066,30143,-8077,0,0,0,0,1,0
2636,2744791,-19221,16505,2716,0,-28831,24758,4073,0,0,0,0,1,0
2637,2745833,-20802,10401,10401,0,-31207,15603,15603,0,0,0,0,1,0
2638,2746875,-19217,2715,16502,0,-28831,4073,24758,0,0,0,0,1,0
2639,2747916,-14706,-5383,20089,0,-22066,-8077,30143,0,0,0,0,1,0
2640,2748958,-7958,-12660,20618,0,-11942,-18997,30940,0,0,0,0,1,0
2641,2750000,0,-18008,18008,0,0,-27026,27026,0,0,0,0,1,0
2642,2751041,7957,-20613,12657,0,11942,-30940,18997,0,0,0,0,1,0
2643,2752083,14700,-20081,5381,0,22066,-30143,8077,0,0,0,0,1,0
2644,2753125,19205,-16491,-2713,0,28831,-24758,-4073,0,0,0,0,1,0
2645,2754166,20785,-10392,-10392,0,31207,-15603,-15603,0,0,0,0,1,0
2646,2755208,19201,-2713,-16488,0,28831,-4073,-24758,0,0,0,0,1,0
2647,2756250,14694,5378,-20072,0,22066,8077,-30143,0,0,0,0,1,0
2648,2757291,7951,12649,-20600,0,11942,18997,-30940,0,0,0,0,1,0
2649,2758333,0,17993,-17993,0,0,27026,-27026,0,0,0,0,1,0
2650,2759375,-7950,20596,-12646,0,-11942,30940,-18997,0,0,0,0,1,0
2651,2760416,-14688,20064,-5376,0,-22066,30143,-8077,0,0,0,0,1,0
2652,2761458,-19189,16478,2711,0,-28831,24758,4073,0,0,0,0,1,0
2653,2762500,-20767,10384,10384,0,-31207,15603,15603,0,0,0,0,1,0
2654,2763541,-19184,2710,16474,0,-28831,4073,24758,0,0,0,0,1,0
2655,2764583,-14682,-5374,20055,0,-22066,-8077,30143,0,0,0,0,1,0
2656,2765625,-7945,-12638,20583,0,-11942,-18997,30940,0,0,0,0,1,0
2657,2766666,0,-17977,17977,0,0,-27026,27026,0,0,0,0,1,0
2658,2767708,7943,-20579,12636,0,11942,-30940,18997,0,0,0,0,1,0
2659,2768750,14675,-20047,5372,0,22066,-30143,8077,0,0,0,0,1,0
2660,2769791,19172,-16464,-2709,0,28831,-24758,-4073,0,0,0,0,1,0
2661,2770833,20750,-10375,-10375,0,31207,-15603,-15603,0,0,0,0,1,0
2662,2771875,19168,-2708,-16460,0,28831,-4073,-24758,0,0,0,0,1,0
2663,2772916,14669,5369,-20039,0,22066,8077,-30143,0,0,0,0,1,0
2664,2773958,7938,12628,-20566,0,11942,18997,-30940,0,0,0,0,1,0
2665,2775000,0,17962,-17962,0,0,27026,-27026,0,0,0,0,1,0
2666,2776041,-7936,20562,-12625,0,-11942,30940,-18997,0,0,0,0,1,0
2667,2777083,-14663,20030,-5367,0,-22066,30143,-8077,0,0,0,0,1,0
2668,2778125,-19156,16450,2706,0,-28831,24758,4073,0,0,0,0,1,0
2669,2779166,-20733,10366,10366,0,-31207,15603,15603,0,0,0,0,1,0
2670,2780208,-19152,2706,16447,0,-28831,4073,24758,0,0,0,0,1,0
2671,2781250,-14657,-5365,20022,0,-22066,-8077,30143,0,0,0,0,1,0
2672,2782291,-7932,-12617,20549,0,-11942,-18997,30940,0,0,0,0,1,0
2673,2783333,0,-17947,17947,0,0,-27026,27026,0,0,0,0,1,0
2674,2784375,7930,-20544,12615,0,11942,-30940,18997,0,0,0,0,1,0
2675,2785416,14651,-20014,5363,0,22066,-30143,8077,0,0,0,0,1,0
2676,2786458,19140,-16436,-2704,0,28831,-24758,-4073,0,0,0,0,1,0
2677,2787500,20715,-10358,-10358,0,31207,-15603,-15603,0,0,0,0,1,0
2678,2788541,19136,-2704,-16433,0,28831,-4073,-24758,0,0,0,0,1,0
2679,2789583,14645,5360,-20005,0,22066,8077,-30143,0,0,0,0,1,0
2680,2790625,7925,12607,-20532,0,11942,18997,-30940,0,0,0,0,1,0
2681,2791666,0,17933,-17933,0,0,27026,-27026,0,0,0,0,1,0
2682,2792708,-7923,20527,-12604,0,-11942,30940,-18997,0,0,0,0,1,0
2683,2793750,-14639,19997,-5358,0,-22066,30143,-8077,0,0,0,0,1,0
2684,2794791,-19125,16423,2702,0,-28831,24758,4073,0,0,0,0,1,0
2685,2795833,-20698,10349,10349,0,-31207,15603,15603,0,0,0,0,1,0
2686,2796875,-19121,2701,16419,0,-28831,4073,24758,0,0,0,0,1,0
2687,2797916,-14633,-5356,19989,0,-22066,-8077,30143,0,0,0,0,1,0
2688,2798958,-7918,-12596,20515,0,-11942,-18997,30940,0,0,0,0,1,0
2689,2800000,0,-17918,17918,0,0,-27026,27026,0,0,0,0,1,0
2690,2801041,7917,-20510,12594,0,11942,-30940,18997,0,0,0,0,1,0
2691,2802083,14627,-19980,5354,0,22066,-30143,8077,0,0,0,0,1,0
2692,2803125,19109,-16409,-2700,0,28831,-24758,-4073,0,0,0,0,1,0
2693,2804166,20681,-10340,-10340,0,31207,-15603,-15603,0,0,0,0,1,0
2694,2805208,19105,-2699,-16406,0,28831,-4073,-24758,0,0,0,0,1,0
2695,2806250,14621,5352,-19972,0,22066,8077,-30143,0,0,0,0,1,0
2696,2807291,7912,12586,-20498,0,11942,18997,-30940,0,0,0,0,1,0
2697,2808333,0,17903,-17903,0,0,27026,-27026,0,0,0,0,1,0
2698,2809375,-7910,20493,-12583,0,-11942,30940,-18997,0,0,0,0,1,0
2699,2810416,-14615,19964,-5349,0,-22066,30143,-8077,0,0,0,0,1,0
2700,2811458,-19093,16395,2697,0,-28831,24758,4073,0,0,0,0,1,0
2701,2812500,-20664,10332,10332,0,-31207,15603,15603,0,0,0,0,1,0
2702,2813541,-19089,2697,16392,0,-28831,4073,24758,0,0,0,0,1,0
2703,2814583,-14609,-5347,19956,0,-22066,-8077,30143,0,0,0,0,1,0
