1,0,0,-466,466,0,0,-25078,25078,0,0,0,0,1,0
2,520,105,-510,405,0,5649,-27420,21771,0,0,0,0,1,0
3,1041,206,-534,328,0,11081,-28709,17628,0,0,0,0,1,0
4,1562,299,-537,238,0,16088,-28895,12807,0,0,0,0,1,0
5,2083,381,-520,139,0,20476,-27970,7495,0,0,0,0,1,0
6,2604,448,-483,35,0,24077,-25971,1894,0,0,0,0,1,0
7,3125,497,-427,-70,0,26753,-22973,-3780,0,0,0,0,1,0
8,3645,528,-355,-173,0,28401,-19093,-9308,0,0,0,0,1,0
9,4166,538,-269,-269,0,28957,-14479,-14479,0,0,0,0,1,0
10,4687,528,-173,-355,0,28401,-9308,-19093,0,0,0,0,1,0
11,5208,497,-70,-427,0,26753,-3780,-22973,0,0,0,0,1,0
12,5729,448,35,-483,0,24077,1894,-25971,0,0,0,0,1,0
13,6250,381,139,-520,0,20476,7495,-27970,0,0,0,0,1,0
14,6770,299,238,-537,0,16088,12807,-28895,0,0,0,0,1,0
15,7291,206,328,-534,0,11081,17628,-28709,0,0,0,0,1,0
16,7812,105,405,-510,0,5649,21771,-27420,0,0,0,0,1,0
17,8333,0,466,-466,0,0,25078,-25078,0,0,0,0,1,0
18,8854,-105,510,-405,0,-5649,27420,-21771,0,0,0,0,1,0
19,9375,-206,534,-328,0,-11081,28709,-17628,0,0,0,0,1,0
20,9895,-299,537,-238,0,-16088,28895,-12807,0,0,0,0,1,0
21,10416,-381,520,-139,0,-20476,27970,-7495,0,0,0,0,1,0
22,10937,-448,483,-35,0,-24077,25971,-1894,0,0,0,0,1,0
23,11458,-497,427,70,0,-26753,22973,3780,0,0,0,0,1,0
24,11979,-528,355,173,0,-28401,19093,9308,0,0,0,0,1,0
25,12500,-538,269,269,0,-28957,14479,14479,0,0,0,0,1,0
26,13020,-528,173,355,0,-28401,9308,19093,0,0,0,0,1,0
27,13541,-497,70,427,0,-26753,3780,22973,0,0,0,0,1,0
28,14062,-448,-35,483,0,-24077,-1894,25971,0,0,0,0,1,0
29,14583,-381,-139,520,0,-20476,-7495,27970,0,0,0,0,1,0
30,15104,-299,-238,537,0,-16088,-12807,28895,0,0,0,0,1,0
31,15625,-206,-328,534,0,-11081,-17628,28709,0,0,0,0,1,0
32,16145,-105,-405,510,0,-5649,-21771,27420,0,0,0,0,1,0
33,16666,0,-466,466,0,0,-25078,25078,0,0,0,0,1,0
34,17187,105,-510,405,0,5649,-27420,21771,0,0,0,0,1,0
35,17708,206,-534,328,0,11081,-28709,17628,0,0,0,0,1,0
36,18229,299,-537,238,0,16088,-28895,12807,0,0,0,0,1,0
37,18750,381,-520,139,0,20476,-27970,7495,0,0,0,0,1,0
38,19270,448,-483,35,0,24077,-25971,1894,0,0,0,0,1,0
39,19791,497,-427,-70,0,26753,-22973,-3780,0,0,0,0,1,0
40,20312,528,-355,-173,0,28401,-19093,-9308,0,0,0,0,1,0
41,20833,538,-269,-269,0,28957,-14479,-14479,0,0,0,0,1,0
42,21354,528,-173,-355,0,28401,-9308,-19093,0,0,0,0,1,0
43,21875,497,-70,-427,0,26753,-3780,-22973,0,0,0,0,1,0
44,22395,448,35,-483,0,24077,1894,-25971,0,0,0,0,1,0
45,22916,381,139,-520,0,20476,7495,-27970,0,0,0,0,1,0
46,23437,299,238,-537,0,16088,12807,-28895,0,0,0,0,1,0
47,23958,206,328,-534,0,11081,17628,-28709,0,0,0,0,1,0
48,24479,105,405,-510,0,5649,21771,-27420,0,0,0,0,1,0
49,25000,0,466,-466,0,0,25078,-25078,0,0,0,0,1,0
50,25520,-105,510,-405,0,-5649,27420,-21771,0,0,0,0,1,0
51,26041,-206,534,-328,0,-11081,28709,-17628,0,0,0,0,1,0
52,26562,-299,537,-238,0,-16088,28895,-12807,0,0,0,0,1,0
53,27083,-381,520,-139,0,-20476,27970,-7495,0,0,0,0,1,0
54,27604,-448,483,-35,0,-24077,25971,-1894,0,0,0,0,1,0
55,28125,-497,427,70,0,-26753,22973,3780,0,0,0,0,1,0
56,28645,-528,355,173,0,-28401,19093,9308,0,0,0,0,1,0
57,29166,-538,269,269,0,-28957,14479,14479,0,0,0,0,1,0
58,29687,-528,173,355,0,-28401,9308,19093,0,0,0,0,1,0
59,30208,-497,70,427,0,-26753,3780,22973,0,0,0,0,1,0
60,30729,-448,-35,483,0,-24077,-1894,25971,0,0,0,0,1,0
61,31250,-381,-139,520,0,-20476,-7495,27970,0,0,0,0,1,0
62,31770,-299,-238,537,0,-16088,-12807,28895,0,0,0,0,1,0
63,32291,-206,-328,534,0,-11081,-17628,28709,0,0,0,0,1,0
64,32812,-105,-405,510,0,-5649,-21771,27420,0,0,0,0,1,0
65,33333,0,-466,466,0,0,-25078,25078,0,0,0,0,1,0
66,33854,105,-510,405,0,5649,-27420,21771,0,0,0,0,1,0
67,34375,206,-534,328,0,11081,-28709,17628,0,0,0,0,1,0
68,34895,299,-537,238,0,16088,-28895,12807,0,0,0,0,1,0
69,35416,381,-520,139,0,20476,-27970,7495,0,0,0,0,1,0
70,35937,448,-483,35,0,24077,-25971,1894,0,0,0,0,1,0
71,36458,497,-427,-70,0,26753,-22973,-3780,0,0,0,0,1,0
72,36979,528,-355,-173,0,28401,-19093,-9308,0,0,0,0,1,0
73,37500,538,-269,-269,0,28957,-14479,-14479,0,0,0,0,1,0
74,38020,528,-173,-355,0,28401,-9308,-19093,0,0,0,0,1,0
75,38541,497,-70,-427,0,26753,-3780,-22973,0,0,0,0,1,0
76,39062,448,35,-483,0,24077,1894,-25971,0,0,0,0,1,0
77,39583,381,139,-520,0,20476,7495,-27970,0,0,0,0,1,0
78,40104,299,238,-537,0,16088,12807,-28895,0,0,0,0,1,0
79,40625,206,328,-534,0,11081,17628,-28709,0,0,0,0,1,0
80,41145,105,405,-510,0,5649,21771,-27420,0,0,0,0,1,0
81,41666,0,466,-466,0,0,25078,-25078,0,0,0,0,1,0
82,42187,-105,510,-405,0,-5649,27420,-21771,0,0,0,0,1,0
83,42708,-206,534,-328,0,-11081,28709,-17628,0,0,0,0,1,0
84,43229,-299,537,-238,0,-16088,28895,-12807,0,0,0,0,1,0
85,43750,-381,520,-139,0,-20476,27970,-7495,0,0,0,0,1,0
86,44270,-448,483,-35,0,-24077,25971,-1894,0,0,0,0,1,0
87,44791,-497,427,70,0,-26753,22973,3780,0,0,0,0,1,0
88,45312,-528,355,173,0,-28401,19093,9308,0,0,0,0,1,0
89,45833,-538,269,269,0,-28957,14479,14479,0,0,0,0,1,0
90,46354,-528,173,355,0,-28401,9308,19093,0,0,0,0,1,0
91,46875,-497,70,427,0,-26753,3780,22973,0,0,0,0,1,0
92,47395,-448,-35,483,0,-24077,-1894,25971,0,0,0,0,1,0
93,47916,-381,-139,520,0,-20476,-7495,27970,0,0,0,0,1,0
94,48437,-299,-238,537,0,-16088,-12807,28895,0,0,0,0,1,0
95,48958,-206,-328,534,0,-11081,-17628,28709,0,0,0,0,1,0
96,49479,-105,-405,510,0,-5649,-21771,27420,0,0,0,0,1,0
97,50000,17598,-466,466,17598,0,-27084,27084,0,0,1,0,1,0
98,50520,20955,-510,405,20850,565,-29614,23513,0,0,1,0,1,0
99,51041,24024,-534,328,23818,1108,-31006,19038,0,0,1,0,1,0
100,51562,26676,-537,238,26377,1609,-31207,13832,0,0,1,0,1,0
101,52083,28799,-520,139,28418,2048,-30208,8094,0,0,1,0,1,0
102,52604,30302,-483,35,29854,2408,-28048,2045,0,0,1,0,1,0
103,53125,31118,-427,-70,30621,2675,-24811,-4082,0,0,1,0,1,0
104,53645,31207,-355,-173,30679,2840,-20620,-10053,0,0,1,0,1,0
105,54166,30555,-269,-269,30016,2896,-15637,-15637,0,0,1,0,1,0
106,54687,29179,-173,-355,28651,2840,-10053,-20620,0,0,1,0,1,0
107,55208,27123,-70,-427,26626,2675,-4082,-24811,0,0,1,0,1,0
108,55729,24457,35,-483,24010,2408,2045,-28048,0,0,1,0,1,0
109,56250,21276,139,-520,20896,2048,8094,-30208,0,0,1,0,1,0
110,56770,17694,238,-537,17395,1609,13832,-31207,0,0,1,0,1,0
111,57291,13839,328,-534,13633,1108,19038,-31006,0,0,1,0,1,0
112,57812,9853,405,-510,9748,565,23513,-29614,0,0,1,0,1,0
113,58333,5880,466,-466,5880,0,27084,-27084,0,0,1,0,1,0
114,58854,2066,510,-405,2171,-565,29614,-23513,0,0,1,0,1,0
115,59375,-1450,534,-328,-1244,-1108,31006,-19038,0,0,1,0,1,0
116,59895,-4541,537,-238,-4242,-1609,31207,-13832,0,0,1,0,1,0
117,60416,-7094,520,-139,-6714,-2048,30208,-8094,0,0,1,0,1,0
118,60937,-9020,483,-35,-8572,-2408,28048,-2045,0,0,1,0,1,0
119,61458,-10249,427,70,-9752,-2675,24811,4082,0,0,1,0,1,0
120,61979,-10744,355,173,-10216,-2840,20620,10053,0,0,1,0,1,0
121,62500,-10490,269,269,-9951,-2896,15637,15637,0,0,1,0,1,0
122,63020,-9504,173,355,-8976,-2840,10053,20620,0,0,1,0,1,0
123,63541,-7830,70,427,-7333,-2675,4082,24811,0,0,1,0,1,0
124,64062,-5540,-35,483,-5092,-2408,-2045,28048,0,0,1,0,1,0
125,64583,-2727,-139,520,-2346,-2048,-8094,30208,0,0,1,0,1,0
126,65104,495,-238,537,794,-1609,-13832,31207,0,0,1,0,1,0
127,65625,3996,-328,534,4202,-1108,-19038,31006,0,0,1,0,1,0
128,66145,7636,-405,510,7741,-565,-23513,29614,0,0,1,0,1,0
129,66666,11268,-466,466,11268,0,-27084,27084,0,0,1,0,1,0
130,67187,14749,-510,405,14644,565,-29614,23513,0,0,1,0,1,0
131,67708,17938,-534,328,17732,1108,-31006,19038,0,0,1,0,1,0
132,68229,20708,-537,238,20409,1609,-31207,13832,0,0,1,0,1,0
133,68750,22947,-520,139,22567,2048,-30208,8094,0,0,1,0,1,0
134,69270,24564,-483,35,24117,2408,-28048,2045,0,0,1,0,1,0
135,69791,25492,-427,-70,24995,2675,-24811,-4082,0,0,1,0,1,0
136,70312,25690,-355,-173,25162,2840,-20620,-10053,0,0,1,0,1,0
137,70833,25145,-269,-269,24607,2896,-15637,-15637,0,0,1,0,1,0
138,71354,23875,-173,-355,23346,2840,-10053,-20620,0,0,1,0,1,0
139,71875,21922,-70,-427,21424,2675,-4082,-24811,0,0,1,0,1,0
140,72395,19357,35,-483,18910,2408,2045,-28048,0,0,1,0,1,0
141,72916,16275,139,-520,15895,2048,8094,-30208,0,0,1,0,1,0
142,73437,12790,238,-537,12491,1609,13832,-31207,0,0,1,0,1,0
143,73958,9031,328,-534,8825,1108,19038,-31006,0,0,1,0,1,0
144,74479,5138,405,-510,5033,565,23513,-29614,0,0,1,0,1,0
145,75000,1257,466,-466,1257,0,27084,-27084,0,0,1,0,1,0
146,75520,-2467,510,-405,-2362,-565,29614,-23513,0,0,1,0,1,0
147,76041,-5895,534,-328,-5689,-1108,31006,-19038,0,0,1,0,1,0
148,76562,-8899,537,-238,-8600,-1609,31207,-13832,0,0,1,0,1,0
149,77083,-11368,520,-139,-10987,-2048,30208,-8094,0,0,1,0,1,0
150,77604,-13210,483,-35,-12763,-2408,28048,-2045,0,0,1,0,1,0
151,78125,-14359,427,70,-13861,-2675,24811,4082,0,0,1,0,1,0
152,78645,-14773,355,173,-14245,-2840,20620,10053,0,0,1,0,1,0
153,79166,-14441,269,269,-13902,-2896,15637,15637,0,0,1,0,1,0
154,79687,-13378,173,355,-12850,-2840,10053,20620,0,0,1,0,1,0
155,80208,-11629,70,427,-11132,-2675,4082,24811,0,0,1,0,1,0
156,80729,-9265,-35,483,-8818,-2408,-2045,28048,0,0,1,0,1,0
157,81250,-6380,-139,520,-5999,-2048,-8094,30208,0,0,1,0,1,0
158,81770,-3087,-238,537,-2787,-1609,-13832,31207,0,0,1,0,1,0
159,82291,484,-328,534,690,-1108,-19038,31006,0,0,1,0,1,0
160,82812,4192,-405,510,4297,-565,-23513,29614,0,0,1,0,1,0
161,83333,7891,-466,466,7891,0,-27084,27084,0,0,1,0,1,0
162,83854,11438,-510,405,11333,565,-29614,23513,0,0,1,0,1,0
163,84375,14691,-534,328,14485,1108,-31006,19038,0,0,1,0,1,0
164,84895,17525,-537,238,17225,1609,-31207,13832,0,0,1,0,1,0
165,85416,19826,-520,139,19445,2048,-30208,8094,0,0,1,0,1,0
166,85937,21503,-483,35,21056,2408,-28048,2045,0,0,1,0,1,0
167,86458,22491,-427,-70,21993,2675,-24811,-4082,0,0,1,0,1,0
168,86979,22747,-355,-173,22219,2840,-20620,-10053,0,0,1,0,1,0
169,87500,22259,-269,-269,21721,2896,-15637,-15637,0,0,1,0,1,0
170,88020,21045,-173,-355,20517,2840,-10053,-20620,0,0,1,0,1,0
171,88541,19147,-70,-427,18650,2675,-4082,-24811,0,0,1,0,1,0
172,89062,16637,35,-483,16189,2408,2045,-28048,0,0,1,0,1,0
173,89583,13608,139,-520,13227,2048,8094,-30208,0,0,1,0,1,0
174,90104,10174,238,-537,9875,1609,13832,-31207,0,0,1,0,1,0
175,90625,6466,328,-534,6260,1108,19038,-31006,0,0,1,0,1,0
176,91145,2623,405,-510,2518,565,23513,-29614,0,0,1,0,1,0
177,91666,-1209,466,-466,-1209,0,27084,-27084,0,0,1,0,1,0
178,92187,-4886,510,-405,-4781,-565,29614,-23513,0,0,1,0,1,0
179,92708,-8267,534,-328,-8061,-1108,31006,-19038,0,0,1,0,1,0
180,93229,-11225,537,-238,-10926,-1609,31207,-13832,0,0,1,0,1,0
181,93750,-13648,520,-139,-13268,-2048,30208,-8094,0,0,1,0,1,0
182,94270,-15446,483,-35,-14998,-2408,28048,-2045,0,0,1,0,1,0
183,94791,-16551,427,70,-16054,-2675,24811,4082,0,0,1,0,1,0
184,95312,-16923,355,173,-16395,-2840,20620,10053,0,0,1,0,1,0
185,95833,-16549,269,269,-16010,-2896,15637,15637,0,0,1,0,1,0
186,96354,-15445,173,355,-14917,-2840,10053,20620,0,0,1,0,1,0
187,96875,-13656,70,427,-13159,-2675,4082,24811,0,0,1,0,1,0
188,97395,-11252,-35,483,-10805,-2408,-2045,28048,0,0,1,0,1,0
189,97916,-8328,-139,520,-7947,-2048,-8094,30208,0,0,1,0,1,0
190,98437,-4997,-238,537,-4698,-1609,-13832,31207,0,0,1,0,1,0
191,98958,-1390,-328,534,-1184,-1108,-19038,31006,0,0,1,0,1,0
192,99479,2355,-405,510,2460,-565,-23513,29614,0,0,1,0,1,0
193,100000,6090,-466,466,6090,0,-27084,27084,0,0,1,0,1,0
194,100520,9671,-510,405,9566,565,-29614,23513,0,0,1,0,1,0
195,101041,12959,-534,328,12753,1108,-31006,19038,0,0,1,0,1,0
196,101562,15826,-537,238,15527,1609,-31207,13832,0,0,1,0,1,0
197,102083,18160,-520,139,17780,2048,-30208,8094,0,0,1,0,1,0
198,102604,19870,-483,35,19423,2408,-28048,2045,0,0,1,0,1,0
199,103125,20889,-427,-70,20392,2675,-24811,-4082,0,0,1,0,1,0
200,103645,21177,-355,-173,20649,2840,-20620,-10053,0,0,1,0,1,0
201,104166,20720,-269,-269,20181,2896,-15637,-15637,0,0,1,0,1,0
202,104687,19535,-173,-355,19007,2840,-10053,-20620,0,0,1,0,1,0
203,105208,17667,-70,-427,17169,2675,-4082,-24811,0,0,1,0,1,0
204,105729,15185,35,-483,14737,2408,2045,-28048,0,0,1,0,1,0
205,106250,12184,139,-520,11804,2048,8094,-30208,0,0,1,0,1,0
206,106770,8778,238,-537,8479,1609,13832,-31207,0,0,1,0,1,0
207,107291,5097,328,-534,4891,1108,19038,-31006,0,0,1,0,1,0
208,107812,1281,405,-510,1176,565,23513,-29614,0,0,1,0,1,0
209,108333,-2525,466,-466,-2525,0,27084,-27084,0,0,1,0,1,0
210,108854,-6176,510,-405,-6071,-565,29614,-23513,0,0,1,0,1,0
211,109375,-9532,534,-328,-9326,-1108,31006,-19038,0,0,1,0,1,0
212,109895,-12465,537,-238,-12166,-1609,31207,-13832,0,0,1,0,1,0
213,110416,-14865,520,-139,-14484,-2048,30208,-8094,0,0,1,0,1,0
214,110937,-16639,483,-35,-16191,-2408,28048,-2045,0,0,1,0,1,0
215,111458,-17721,427,70,-17223,-2675,24811,4082,0,0,1,0,1,0
216,111979,-18070,355,173,-17542,-2840,20620,10053,0,0,1,0,1,0
217,112500,-17673,269,269,-17135,-2896,15637,15637,0,0,1,0,1,0
218,113020,-16548,173,355,-16020,-2840,10053,20620,0,0,1,0,1,0
219,113541,-14737,70,427,-14240,-2675,4082,24811,0,0,1,0,1,0
220,114062,-12313,-35,483,-11865,-2408,-2045,28048,0,0,1,0,1,0
221,114583,-9368,-139,520,-8987,-2048,-8094,30208,0,0,1,0,1,0
222,115104,-6017,-238,537,-5718,-1609,-13832,31207,0,0,1,0,1,0
223,115625,-2389,-328,534,-2183,-1108,-19038,31006,0,0,1,0,1,0
224,116145,1375,-405,510,1480,-565,-23513,29614,0,0,1,0,1,0
225,116666,5129,-466,466,5129,0,-27084,27084,0,0,1,0,1,0
226,117187,8729,-510,405,8624,565,-29614,23513,0,0,1,0,1,0
227,117708,12035,-534,328,11829,1108,-31006,19038,0,0,1,0,1,0
228,118229,14920,-537,238,14621,1609,-31207,13832,0,0,1,0,1,0
229,118750,17272,-520,139,16891,2048,-30208,8094,0,0,1,0,1,0
230,119270,18999,-483,35,18551,2408,-28048,2045,0,0,1,0,1,0
231,119791,20035,-427,-70,19538,2675,-24811,-4082,0,0,1,0,1,0
232,120312,20339,-355,-173,19811,2840,-20620,-10053,0,0,1,0,1,0
233,120833,19898,-269,-269,19360,2896,-15637,-15637,0,0,1,0,1,0
234,121354,18730,-173,-355,18202,2840,-10053,-20620,0,0,1,0,1,0
235,121875,16877,-70,-427,16380,2675,-4082,-24811,0,0,1,0,1,0
236,122395,14411,35,-483,13963,2408,2045,-28048,0,0,1,0,1,0
237,122916,11425,139,-520,11044,2048,8094,-30208,0,0,1,0,1,0
238,123437,8034,238,-537,7735,1609,13832,-31207,0,0,1,0,1,0
239,123958,4367,328,-534,4161,1108,19038,-31006,0,0,1,0,1,0
240,124479,565,405,-510,460,565,23513,-29614,0,0,1,0,1,0
241,125000,-3227,466,-466,-3227,0,27084,-27084,0,0,1,0,1,0
242,125520,-6864,510,-405,-6759,-565,29614,-23513,0,0,1,0,1,0
243,126041,-10207,534,-328,-10001,-1108,31006,-19038,0,0,1,0,1,0
244,126562,-13127,537,-238,-12828,-1609,31207,-13832,0,0,1,0,1,0
245,127083,-15514,520,-139,-15133,-2048,30208,-8094,0,0,1,0,1,0
246,127604,-17275,483,-35,-16828,-2408,28048,-2045,0,0,1,0,1,0
247,128124,-18345,427,70,-17847,-2675,24811,4082,0,0,1,0,1,0
248,128645,-18681,355,173,-18153,-2840,20620,10053,0,0,1,0,1,0
249,129166,-18273,269,269,-17735,-2896,15637,15637,0,0,1,0,1,0
250,129687,-17136,173,355,-16608,-2840,10053,20620,0,0,1,0,1,0
251,130208,-15314,70,427,-14817,-2675,4082,24811,0,0,1,0,1,0
252,130729,-12878,-35,483,-12431,-2408,-2045,28048,0,0,1,0,1,0
253,131250,-9922,-139,520,-9542,-2048,-8094,30208,0,0,1,0,1,0
254,131770,-6561,-238,537,-6261,-1609,-13832,31207,0,0,1,0,1,0
255,132291,-2922,-328,534,-2716,-1108,-19038,31006,0,0,1,0,1,0
256,132812,852,-405,510,957,-565,-23513,29614,0,0,1,0,1,0
257,133333,4616,-466,466,4616,0,-27084,27084,0,0,1,0,1,0
258,133854,8226,-510,405,8121,565,-29614,23513,0,0,1,0,1,0
259,134375,11542,-534,328,11336,1108,-31006,19038,0,0,1,0,1,0
260,134895,14437,-537,238,14138,1609,-31207,13832,0,0,1,0,1,0
261,135416,16798,-520,139,16417,2048,-30208,8094,0,0,1,0,1,0
262,135937,18534,-483,35,18087,2408,-28048,2045,0,0,1,0,1,0
263,136458,19579,-427,-70,19082,2675,-24811,-4082,0,0,1,0,1,0
264,136979,19892,-355,-173,19364,2840,-20620,-10053,0,0,1,0,1,0
265,137500,19460,-269,-269,18922,2896,-15637,-15637,0,0,1,0,1,0
266,138020,18300,-173,-355,17772,2840,-10053,-20620,0,0,1,0,1,0
267,138541,16456,-70,-427,15958,2675,-4082,-24811,0,0,1,0,1,0
268,139062,13998,35,-483,13550,2408,2045,-28048,0,0,1,0,1,0
269,139583,11020,139,-520,10639,2048,8094,-30208,0,0,1,0,1,0
270,140104,7637,238,-537,7338,1609,13832,-31207,0,0,1,0,1,0
271,140625,3978,328,-534,3772,1108,19038,-31006,0,0,1,0,1,0
272,141145,183,405,-510,78,565,23513,-29614,0,0,1,0,1,0
273,141666,-3602,466,-466,-3602,0,27084,-27084,0,0,1,0,1,0
274,142187,-7231,510,-405,-7126,-565,29614,-23513,0,0,1,0,1,0
275,142708,-10567,534,-328,-10361,-1108,31006,-19038,0,0,1,0,1,0
276,143229,-13480,537,-238,-13181,-1609,31207,-13832,0,0,1,0,1,0
277,143750,-15860,520,-139,-15479,-2048,30208,-8094,0,0,1,0,1,0
278,144270,-17615,483,-35,-17167,-2408,28048,-2045,0,0,1,0,1,0
279,144791,-18678,427,70,-18180,-2675,24811,4082,0,0,1,0,1,0
280,145312,-19008,355,173,-18480,-2840,20620,10053,0,0,1,0,1,0
281,145833,-18593,269,269,-18055,-2896,15637,15637,0,0,1,0,1,0
282,146354,-17450,173,355,-16922,-2840,10053,20620,0,0,1,0,1,0
283,146875,-15622,70,427,-15125,-2675,4082,24811,0,0,1,0,1,0
284,147395,-13180,-35,483,-12732,-2408,-2045,28048,0,0,1,0,1,0
285,147916,-10218,-139,520,-9838,-2048,-8094,30208,0,0,1,0,1,0
286,148437,-6851,-238,537,-6552,-1609,-13832,31207,0,0,1,0,1,0
287,148958,-3207,-328,534,-3001,-1108,-19038,31006,0,0,1,0,1,0
288,149479,573,-405,510,678,-565,-23513,29614,0,0,1,0,1,0
289,150000,4343,-466,466,4343,0,-27084,27084,0,0,1,0,1,0
290,150520,7958,-510,405,7853,565,-29614,23513,0,0,1,0,1,0
291,151041,11279,-534,328,11073,1108,-31006,19038,0,0,1,0,1,0
292,151562,14179,-537,238,13880,1609,-31207,13832,0,0,1,0,1,0
293,152083,16545,-520,139,16164,2048,-30208,8094,0,0,1,0,1,0
294,152604,18286,-483,35,17839,2408,-28048,2045,0,0,1,0,1,0
295,153125,19336,-427,-70,18839,2675,-24811,-4082,0,0,1,0,1,0
296,153645,19654,-355,-173,19126,2840,-20620,-10053,0,0,1,0,1,0
297,154166,19227,-269,-269,18688,2896,-15637,-15637,0,0,1,0,1,0
298,154687,18071,-173,-355,17543,2840,-10053,-20620,0,0,1,0,1,0
299,155208,16231,-70,-427,15733,2675,-4082,-24811,0,0,1,0,1,0
300,155729,13777,35,-483,13329,2408,2045,-28048,0,0,1,0,1,0
301,156250,10804,139,-520,10423,2048,8094,-30208,0,0,1,0,1,0
302,156770,7425,238,-537,7126,1609,13832,-31207,0,0,1,0,1,0
303,157291,3770,328,-534,3564,1108,19038,-31006,0,0,1,0,1,0
304,157812,-21,405,-510,-126,565,23513,-29614,0,0,1,0,1,0
305,158333,-3801,466,-466,-3801,0,27084,-27084,0,0,1,0,1,0
306,158854,-7427,510,-405,-7322,-565,29614,-23513,0,0,1,0,1,0
307,159375,-10759,534,-328,-10553,-1108,31006,-19038,0,0,1,0,1,0
308,159895,-13669,537,-238,-13369,-1609,31207,-13832,0,0,1,0,1,0
309,160416,-16045,520,-139,-15664,-2048,30208,-8094,0,0,1,0,1,0
310,160937,-17796,483,-35,-17348,-2408,28048,-2045,0,0,1,0,1,0
311,161458,-18855,427,70,-18358,-2675,24811,4082,0,0,1,0,1,0
312,161979,-19182,355,173,-18654,-2840,20620,10053,0,0,1,0,1,0
313,162500,-18764,269,269,-18226,-2896,15637,15637,0,0,1,0,1,0
314,163020,-17617,173,355,-17089,-2840,10053,20620,0,0,1,0,1,0
315,163541,-15786,70,427,-15289,-2675,4082,24811,0,0,1,0,1,0
316,164062,-13341,-35,483,-12893,-2408,-2045,28048,0,0,1,0,1,0
317,164583,-10376,-139,520,-9995,-2048,-8094,30208,0,0,1,0,1,0
318,165104,-7005,-238,537,-6706,-1609,-13832,31207,0,0,1,0,1,0
319,165625,-3359,-328,534,-3153,-1108,-19038,31006,0,0,1,0,1,0
320,166145,424,-405,510,529,-565,-23513,29614,0,0,1,0,1,0
321,166666,4197,-466,466,4197,0,-27084,27084,0,0,1,0,1,0
322,167187,7815,-510,405,7710,565,-29614,23513,0,0,1,0,1,0
323,167708,11139,-534,328,10933,1108,-31006,19038,0,0,1,0,1,0
324,168229,14041,-537,238,13742,1609,-31207,13832,0,0,1,0,1,0
325,168750,16410,-520,139,16029,2048,-30208,8094,0,0,1,0,1,0
326,169270,18154,-483,35,17706,2408,-28048,2045,0,0,1,0,1,0
327,169791,19207,-427,-70,18709,2675,-24811,-4082,0,0,1,0,1,0
328,170312,19527,-355,-173,18998,2840,-20620,-10053,0,0,1,0,1,0
329,170833,19102,-269,-269,18563,2896,-15637,-15637,0,0,1,0,1,0
330,171354,17949,-173,-355,17420,2840,-10053,-20620,0,0,1,0,1,0
331,171875,16111,-70,-427,15614,2675,-4082,-24811,0,0,1,0,1,0
332,172395,13660,35,-483,13212,2408,2045,-28048,0,0,1,0,1,0
333,172916,10688,139,-520,10308,2048,8094,-30208,0,0,1,0,1,0
334,173437,7312,238,-537,7013,1609,13832,-31207,0,0,1,0,1,0
335,173958,3659,328,-534,3453,1108,19038,-31006,0,0,1,0,1,0
336,174479,-129,405,-510,-234,565,23513,-29614,0,0,1,0,1,0
337,175000,-3908,466,-466,-3908,0,27084,-27084,0,0,1,0,1,0
338,175520,-7532,510,-405,-7427,-565,29614,-23513,0,0,1,0,1,0
339,176041,-10861,534,-328,-10655,-1108,31006,-19038,0,0,1,0,1,0
340,176562,-13769,537,-238,-13470,-1609,31207,-13832,0,0,1,0,1,0
341,177083,-16143,520,-139,-15762,-2048,30208,-8094,0,0,1,0,1,0
342,177604,-17892,483,-35,-17445,-2408,28048,-2045,0,0,1,0,1,0
343,178125,-18950,427,70,-18452,-2675,24811,4082,0,0,1,0,1,0
344,178645,-19275,355,173,-18747,-2840,20620,10053,0,0,1,0,1,0
345,179166,-18855,269,269,-18317,-2896,15637,15637,0,0,1,0,1,0
346,179687,-17707,173,355,-17179,-2840,10053,20620,0,0,1,0,1,0
347,180208,-15874,70,427,-15376,-2675,4082,24811,0,0,1,0,1,0
348,180729,-13427,-35,483,-12979,-2408,-2045,28048,0,0,1,0,1,0
349,181250,-10460,-139,520,-10080,-2048,-8094,30208,0,0,1,0,1,0
350,181770,-7088,-238,537,-6789,-1609,-13832,31207,0,0,1,0,1,0
351,182291,-3440,-328,534,-3234,-1108,-19038,31006,0,0,1,0,1,0
352,182812,345,-405,510,450,-565,-23513,29614,0,0,1,0,1,0
353,183333,4119,-466,466,4119,0,-27084,27084,0,0,1,0,1,0
354,183854,7739,-510,405,7633,565,-29614,23513,0,0,1,0,1,0
355,184375,11064,-534,328,10858,1108,-31006,19038,0,0,1,0,1,0
356,184895,13968,-537,238,13669,1609,-31207,13832,0,0,1,0,1,0
357,185416,16338,-520,139,15957,2048,-30208,8094,0,0,1,0,1,0
358,185937,18084,-483,35,17636,2408,-28048,2045,0,0,1,0,1,0
359,186458,19137,-427,-70,18640,2675,-24811,-4082,0,0,1,0,1,0
360,186979,19459,-355,-173,18931,2840,-20620,-10053,0,0,1,0,1,0
361,187500,19035,-269,-269,18497,2896,-15637,-15637,0,0,1,0,1,0
362,188020,17883,-173,-355,17355,2840,-10053,-20620,0,0,1,0,1,0
363,188541,16047,-70,-427,15550,2675,-4082,-24811,0,0,1,0,1,0
364,189062,13597,35,-483,13149,2408,2045,-28048,0,0,1,0,1,0
365,189583,10627,139,-520,10246,2048,8094,-30208,0,0,1,0,1,0
366,190104,7251,238,-537,6952,1609,13832,-31207,0,0,1,0,1,0
367,190625,3600,328,-534,3394,1108,19038,-31006,0,0,1,0,1,0
368,191145,-187,405,-510,-292,565,23513,-29614,0,0,1,0,1,0
369,191666,-3965,466,-466,-3965,0,27084,-27084,0,0,1,0,1,0
370,192187,-7587,510,-405,-7482,-565,29614,-23513,0,0,1,0,1,0
371,192708,-10916,534,-328,-10710,-1108,31006,-19038,0,0,1,0,1,0
372,193229,-13823,537,-238,-13523,-1609,31207,-13832,0,0,1,0,1,0
373,193750,-16196,520,-139,-15815,-2048,30208,-8094,0,0,1,0,1,0
374,194270,-17944,483,-35,-17496,-2408,28048,-2045,0,0,1,0,1,0
375,194791,-19000,427,70,-18503,-2675,24811,4082,0,0,1,0,1,0
376,195312,-19324,355,173,-18796,-2840,20620,10053,0,0,1,0,1,0
377,195833,-18904,269,269,-18365,-2896,15637,15637,0,0,1,0,1,0
378,196354,-17754,173,355,-17226,-2840,10053,20620,0,0,1,0,1,0
379,196875,-15920,70,427,-15423,-2675,4082,24811,0,0,1,0,1,0
380,197395,-13473,-35,483,-13025,-2408,-2045,28048,0,0,1,0,1,0
381,197916,-10505,-139,520,-10125,-2048,-8094,30208,0,0,1,0,1,0
382,198437,-7132,-238,537,-6833,-1609,-13832,31207,0,0,1,0,1,0
383,198958,-3483,-328,534,-3277,-1108,-19038,31006,0,0,1,0,1,0
384,199479,302,-405,510,407,-565,-23513,29614,0,0,1,0,1,0
385,200000,4077,-466,466,4077,0,-27084,27084,0,0,1,0,1,0
386,200520,7698,-510,405,7593,565,-29614,23513,0,0,1,0,1,0
387,201041,11024,-534,328,10818,1108,-31006,19038,0,0,1,0,1,0
388,201562,13929,-537,238,13630,1609,-31207,13832,0,0,1,0,1,0
389,202083,16300,-520,139,15919,2048,-30208,8094,0,0,1,0,1,0
390,202604,18046,-483,35,17598,2408,-28048,2045,0,0,1,0,1,0
391,203125,19100,-427,-70,18603,2675,-24811,-4082,0,0,1,0,1,0
392,203645,19422,-355,-173,18894,2840,-20620,-10053,0,0,1,0,1,0
393,204166,19000,-269,-269,18461,2896,-15637,-15637,0,0,1,0,1,0
394,204687,17849,-173,-355,17320,2840,-10053,-20620,0,0,1,0,1,0
395,205208,16013,-70,-427,15515,2675,-4082,-24811,0,0,1,0,1,0
396,205729,13563,35,-483,13116,2408,2045,-28048,0,0,1,0,1,0
397,206250,10594,139,-520,10213,2048,8094,-30208,0,0,1,0,1,0
398,206770,7219,238,-537,6920,1609,13832,-31207,0,0,1,0,1,0
399,207291,3568,328,-534,3362,1108,19038,-31006,0,0,1,0,1,0
400,207812,-218,405,-510,-323,565,23513,-29614,0,0,1,0,1,0
401,208333,-3995,466,-466,-3995,0,27084,-27084,0,0,1,0,1,0
402,208854,-7617,510,-405,-7512,-565,29614,-23513,0,0,1,0,1,0
403,209375,-10945,534,-328,-10739,-1108,31006,-19038,0,0,1,0,1,0
404,209895,-13851,537,-238,-13552,-1609,31207,-13832,0,0,1,0,1,0
405,210416,-16224,520,-139,-15843,-2048,30208,-8094,0,0,1,0,1,0
406,210937,-17971,483,-35,-17524,-2408,28048,-2045,0,0,1,0,1,0
407,211458,-19027,427,70,-18530,-2675,24811,4082,0,0,1,0,1,0
408,211979,-19351,355,173,-18823,-2840,20620,10053,0,0,1,0,1,0
409,212500,-18930,269,269,-18391,-2896,15637,15637,0,0,1,0,1,0
410,213020,-17780,173,355,-17252,-2840,10053,20620,0,0,1,0,1,0
411,213541,-15945,70,427,-15448,-2675,4082,24811,0,0,1,0,1,0
412,214062,-13497,-35,483,-13049,-2408,-2045,28048,0,0,1,0,1,0
413,214583,-10529,-139,520,-10148,-2048,-8094,30208,0,0,1,0,1,0
414,215104,-7156,-238,537,-6856,-1609,-13832,31207,0,0,1,0,1,0
415,215625,-3506,-328,534,-3300,-1108,-19038,31006,0,0,1,0,1,0
416,216145,280,-405,510,385,-565,-23513,29614,0,0,1,0,1,0
417,216666,4055,-466,466,4055,0,-27084,27084,0,0,1,0,1,0
418,217187,7676,-510,405,7571,565,-29614,23513,0,0,1,0,1,0
419,217708,11003,-534,328,10797,1108,-31006,19038,0,0,1,0,1,0
420,218229,13908,-537,238,13609,1609,-31207,13832,0,0,1,0,1,0
421,218750,16279,-520,139,15898,2048,-30208,8094,0,0,1,0,1,0
422,219270,18026,-483,35,17578,2408,-28048,2045,0,0,1,0,1,0
423,219791,19081,-427,-70,18583,2675,-24811,-4082,0,0,1,0,1,0
424,220312,19403,-355,-173,18875,2840,-20620,-10053,0,0,1,0,1,0
425,220833,18981,-269,-269,18442,2896,-15637,-15637,0,0,1,0,1,0
426,221354,17830,-173,-355,17302,2840,-10053,-20620,0,0,1,0,1,0
427,221875,15995,-70,-427,15497,2675,-4082,-24811,0,0,1,0,1,0
428,222395,13546,35,-483,13098,2408,2045,-28048,0,0,1,0,1,0
429,222916,10577,139,-520,10196,2048,8094,-30208,0,0,1,0,1,0
430,223437,7202,238,-537,6903,1609,13832,-31207,0,0,1,0,1,0
431,223958,3551,328,-534,3345,1108,19038,-31006,0,0,1,0,1,0
432,224479,-235,405,-510,-340,565,23513,-29614,0,0,1,0,1,0
433,225000,-4011,466,-466,-4011,0,27084,-27084,0,0,1,0,1,0
434,225520,-7633,510,-405,-7528,-565,29614,-23513,0,0,1,0,1,0
435,226041,-10961,534,-328,-10755,-1108,31006,-19038,0,0,1,0,1,0
436,226562,-13866,537,-238,-13567,-1609,31207,-13832,0,0,1,0,1,0
437,227083,-16239,520,-139,-15858,-2048,30208,-8094,0,0,1,0,1,0
438,227604,-17986,483,-35,-17538,-2408,28048,-2045,0,0,1,0,1,0
439,228125,-19042,427,70,-18544,-2675,24811,4082,0,0,1,0,1,0
440,228645,-19365,355,173,-18837,-2840,20620,10053,0,0,1,0,1,0
441,229166,-18943,269,269,-18405,-2896,15637,15637,0,0,1,0,1,0
442,229687,-17793,173,355,-17265,-2840,10053,20620,0,0,1,0,1,0
443,230208,-15959,70,427,-15461,-2675,4082,24811,0,0,1,0,1,0
444,230729,-13510,-35,483,-13063,-2408,-2045,28048,0,0,1,0,1,0
445,231250,-10542,-139,520,-10161,-2048,-8094,30208,0,0,1,0,1,0
446,231770,-7168,-238,537,-6869,-1609,-13832,31207,0,0,1,0,1,0
447,232291,-3518,-328,534,-3312,-1108,-19038,31006,0,0,1,0,1,0
448,232812,267,-405,510,373,-565,-23513,29614,0,0,1,0,1,0
449,233333,4043,-466,466,4043,0,-27084,27084,0,0,1,0,1,0
450,233854,7664,-510,405,7559,565,-29614,23513,0,0,1,0,1,0
451,234375,10992,-534,328,10785,1108,-31006,19038,0,0,1,0,1,0
452,234895,13897,-537,238,13598,1609,-31207,13832,0,0,1,0,1,0
453,235416,16268,-520,139,15888,2048,-30208,8094,0,0,1,0,1,0
454,235937,18015,-483,35,17567,2408,-28048,2045,0,0,1,0,1,0
455,236458,19070,-427,-70,18573,2675,-24811,-4082,0,0,1,0,1,0
456,236979,19393,-355,-173,18865,2840,-20620,-10053,0,0,1,0,1,0
457,237500,18971,-269,-269,18432,2896,-15637,-15637,0,0,1,0,1,0
458,238020,17820,-173,-355,17292,2840,-10053,-20620,0,0,1,0,1,0
459,238541,15985,-70,-427,15488,2675,-4082,-24811,0,0,1,0,1,0
460,239062,13536,35,-483,13088,2408,2045,-28048,0,0,1,0,1,0
461,239583,10567,139,-520,10187,2048,8094,-30208,0,0,1,0,1,0
462,240104,7193,238,-537,6894,1609,13832,-31207,0,0,1,0,1,0
463,240625,3542,328,-534,3336,1108,19038,-31006,0,0,1,0,1,0
464,241145,-244,405,-510,-349,565,23513,-29614,0,0,1,0,1,0
465,241666,-4020,466,-466,-4020,0,27084,-27084,0,0,1,0,1,0
466,242187,-7642,510,-405,-7537,-565,29614,-23513,0,0,1,0,1,0
467,242708,-10969,534,-328,-10763,-1108,31006,-19038,0,0,1,0,1,0
468,243229,-13875,537,-238,-13575,-1609,31207,-13832,0,0,1,0,1,0
469,243750,-16247,520,-139,-15866,-2048,30208,-8094,0,0,1,0,1,0
470,244270,-17994,483,-35,-17546,-2408,28048,-2045,0,0,1,0,1,0
471,244791,-19049,427,70,-18552,-2675,24811,4082,0,0,1,0,1,0
472,245312,-19372,355,173,-18844,-2840,20620,10053,0,0,1,0,1,0
473,245833,-18951,269,269,-18412,-2896,15637,15637,0,0,1,0,1,0
474,246354,-17800,173,355,-17272,-2840,10053,20620,0,0,1,0,1,0
475,246875,-15966,70,427,-15468,-2675,4082,24811,0,0,1,0,1,0
476,247395,-13517,-35,483,-13069,-2408,-2045,28048,0,0,1,0,1,0
477,247916,-10549,-139,520,-10168,-2048,-8094,30208,0,0,1,0,1,0
478,248437,-7175,-238,537,-6876,-1609,-13832,31207,0,0,1,0,1,0
479,248958,-3525,-328,534,-3319,-1108,-19038,31006,0,0,1,0,1,0
480,249479,261,-405,510,366,-565,-23513,29614,0,0,1,0,1,0
481,250000,4037,-466,466,4037,0,-27084,27084,0,0,1,0,1,0
482,250520,7658,-510,405,7553,565,-29614,23513,0,0,1,0,1,0
483,251041,10985,-534,328,10779,1108,-31006,19038,0,0,1,0,1,0
484,251562,13891,-537,238,13592,1609,-31207,13832,0,0,1,0,1,0
485,252083,16262,-520,139,15882,2048,-30208,8094,0,0,1,0,1,0
486,252604,18009,-483,35,17562,2408,-28048,2045,0,0,1,0,1,0
487,253125,19065,-427,-70,18567,2675,-24811,-4082,0,0,1,0,1,0
488,253645,19387,-355,-173,18859,2840,-20620,-10053,0,0,1,0,1,0
489,254166,18965,-269,-269,18427,2896,-15637,-15637,0,0,1,0,1,0
490,254687,17815,-173,-355,17287,2840,-10053,-20620,0,0,1,0,1,0
491,255208,15980,-70,-427,15482,2675,-4082,-24811,0,0,1,0,1,0
492,255729,13531,35,-483,13083,2408,2045,-28048,0,0,1,0,1,0
493,256249,10562,139,-520,10182,2048,8094,-30208,0,0,1,0,1,0
494,256770,7188,238,-537,6889,1609,13832,-31207,0,0,1,0,1,0
495,257291,3538,328,-534,3332,1108,19038,-31006,0,0,1,0,1,0
496,257812,-248,405,-510,-353,565,23513,-29614,0,0,1,0,1,0
497,258333,-4025,466,-466,-4025,0,27084,-27084,0,0,1,0,1,0
498,258854,-7646,510,-405,-7541,-565,29614,-23513,0,0,1,0,1,0
499,259375,-10973,534,-328,-10767,-1108,31006,-19038,0,0,1,0,1,0
500,259895,-13879,537,-238,-13580,-1609,31207,-13832,0,0,1,0,1,0
501,260416,-16251,520,-139,-15870,-2048,30208,-8094,0,0,1,0,1,0
502,260937,-17998,483,-35,-17550,-2408,28048,-2045,0,0,1,0,1,0
503,261458,-19054,427,70,-18556,-2675,24811,4082,0,0,1,0,1,0
504,261979,-19377,355,173,-18848,-2840,20620,10053,0,0,1,0,1,0
505,262500,-18955,269,269,-18416,-2896,15637,15637,0,0,1,0,1,0
506,263020,-17804,173,355,-17276,-2840,10053,20620,0,0,1,0,1,0
507,263541,-15970,70,427,-15472,-2675,4082,24811,0,0,1,0,1,0
508,264062,-13521,-35,483,-13073,-2408,-2045,28048,0,0,1,0,1,0
509,264583,-10552,-139,520,-10172,-2048,-8094,30208,0,0,1,0,1,0
510,265104,-7178,-238,537,-6879,-1609,-13832,31207,0,0,1,0,1,0
511,265625,-3528,-328,534,-3322,-1108,-19038,31006,0,0,1,0,1,0
512,266145,258,-405,510,363,-565,-23513,29614,0,0,1,0,1,0
513,266666,4034,-466,466,4034,0,-27084,27084,0,0,1,0,1,0
514,267187,7655,-510,405,7550,565,-29614,23513,0,0,1,0,1,0
515,267708,10982,-534,328,10776,1108,-31006,19038,0,0,1,0,1,0
516,268229,13888,-537,238,13588,1609,-31207,13832,0,0,1,0,1,0
517,268750,16259,-520,139,15879,2048,-30208,8094,0,0,1,0,1,0
518,269270,18006,-483,35,17559,2408,-28048,2045,0,0,1,0,1,0
519,269791,19062,-427,-70,18564,2675,-24811,-4082,0,0,1,0,1,0
520,270312,19384,-355,-173,18856,2840,-20620,-10053,0,0,1,0,1,0
521,270833,18962,-269,-269,18424,2896,-15637,-15637,0,0,1,0,1,0
522,271354,17812,-173,-355,17284,2840,-10053,-20620,0,0,1,0,1,0
523,271875,15977,-70,-427,15480,2675,-4082,-24811,0,0,1,0,1,0
524,272395,13528,35,-483,13081,2408,2045,-28048,0,0,1,0,1,0
525,272916,10560,139,-520,10179,2048,8094,-30208,0,0,1,0,1,0
526,273437,7185,238,-537,6886,1609,13832,-31207,0,0,1,0,1,0
527,273958,3535,328,-534,3329,1108,19038,-31006,0,0,1,0,1,0
528,274479,-251,405,-510,-356,565,23513,-29614,0,0,1,0,1,0
529,275000,-4027,466,-466,-4027,0,27084,-27084,0,0,1,0,1,0
530,275520,-7648,510,-405,-7543,-565,29614,-23513,0,0,1,0,1,0
531,276041,-10976,534,-328,-10770,-1108,31006,-19038,0,0,1,0,1,0
532,276562,-13881,537,-238,-13582,-1609,31207,-13832,0,0,1,0,1,0
533,277083,-16253,520,-139,-15872,-2048,30208,-8094,0,0,1,0,1,0
534,277604,-18000,483,-35,-17553,-2408,28048,-2045,0,0,1,0,1,0
535,278125,-19056,427,70,-18558,-2675,24811,4082,0,0,1,0,1,0
536,278645,-19379,355,173,-18851,-2840,20620,10053,0,0,1,0,1,0
537,279166,-18957,269,269,-18418,-2896,15637,15637,0,0,1,0,1,0
538,279687,-17806,173,355,-17278,-2840,10053,20620,0,0,1,0,1,0
539,280208,-15972,70,427,-15474,-2675,4082,24811,0,0,1,0,1,0
540,280729,-13523,-35,483,-13075,-2408,-2045,28048,0,0,1,0,1,0
541,281250,-10554,-139,520,-10174,-2048,-8094,30208,0,0,1,0,1,0
542,281770,-7180,-238,537,-6881,-1609,-13832,31207,0,0,1,0,1,0
543,282291,-3530,-328,534,-3324,-1108,-19038,31006,0,0,1,0,1,0
544,282812,256,-405,510,361,-565,-23513,29614,0,0,1,0,1,0
545,283333,4032,-466,466,4032,0,-27084,27084,0,0,1,0,1,0
546,283854,7653,-510,405,7548,565,-29614,23513,0,0,1,0,1,0
547,284375,10980,-534,328,10774,1108,-31006,19038,0,0,1,0,1,0
548,284895,13886,-537,238,13587,1609,-31207,13832,0,0,1,0,1,0
549,285416,16258,-520,139,15877,2048,-30208,8094,0,0,1,0,1,0
550,285937,18005,-483,35,17557,2408,-28048,2045,0,0,1,0,1,0
551,286458,19060,-427,-70,18563,2675,-24811,-4082,0,0,1,0,1,0
552,286979,19383,-355,-173,18855,2840,-20620,-10053,0,0,1,0,1,0
553,287500,18961,-269,-269,18423,2896,-15637,-15637,0,0,1,0,1,0
554,288020,17810,-173,-355,17282,2840,-10053,-20620,0,0,1,0,1,0
555,288541,15976,-70,-427,15478,2675,-4082,-24811,0,0,1,0,1,0
556,289062,13527,35,-483,13079,2408,2045,-28048,0,0,1,0,1,0
557,289583,10558,139,-520,10178,2048,8094,-30208,0,0,1,0,1,0
558,290104,7184,238,-537,6885,1609,13832,-31207,0,0,1,0,1,0
559,290625,3534,328,-534,3328,1108,19038,-31006,0,0,1,0,1,0
560,291145,-252,405,-510,-357,565,23513,-29614,0,0,1,0,1,0
561,291666,-4028,466,-466,-4028,0,27084,-27084,0,0,1,0,1,0
562,292187,-7650,510,-405,-7545,-565,29614,-23513,0,0,1,0,1,0
563,292708,-10977,534,-328,-10771,-1108,31006,-19038,0,0,1,0,1,0
564,293229,-13882,537,-238,-13583,-1609,31207,-13832,0,0,1,0,1,0
565,293750,-16254,520,-139,-15874,-2048,30208,-8094,0,0,1,0,1,0
566,294270,-18002,483,-35,-17554,-2408,28048,-2045,0,0,1,0,1,0
567,294791,-19057,427,70,-18559,-2675,24811,4082,0,0,1,0,1,0
568,295312,-19380,355,173,-18852,-2840,20620,10053,0,0,1,0,1,0
569,295833,-18958,269,269,-18420,-2896,15637,15637,0,0,1,0,1,0
570,296354,-17807,173,355,-17279,-2840,10053,20620,0,0,1,0,1,0
571,296875,-15973,70,427,-15475,-2675,4082,24811,0,0,1,0,1,0
572,297395,-13524,-35,483,-13076,-2408,-2045,28048,0,0,1,0,1,0
573,297916,-10555,-139,520,-10175,-2048,-8094,30208,0,0,1,0,1,0
574,298437,-7181,-238,537,-6882,-1609,-13832,31207,0,0,1,0,1,0
575,298958,-3531,-328,534,-3325,-1108,-19038,31006,0,0,1,0,1,0
576,299479,255,-405,510,360,-565,-23513,29614,0,0,1,0,1,0
577,300000,4031,-466,466,4031,0,-27084,27084,0,0,1,0,1,0
578,300520,7652,-510,405,7547,565,-29614,23513,0,0,1,0,1,0
579,301041,10980,-534,328,10774,1108,-31006,19038,0,0,1,0,1,0
580,301562,13885,-537,238,13586,1609,-31207,13832,0,0,1,0,1,0
581,302083,16257,-520,139,15876,2048,-30208,8094,0,0,1,0,1,0
582,302604,18004,-483,35,17556,2408,-28048,2045,0,0,1,0,1,0
583,303125,19059,-427,-70,18562,2675,-24811,-4082,0,0,1,0,1,0
584,303645,19382,-355,-173,18854,2840,-20620,-10053,0,0,1,0,1,0
585,304166,18960,-269,-269,18422,2896,-15637,-15637,0,0,1,0,1,0
586,304687,17810,-173,-355,17282,2840,-10053,-20620,0,0,1,0,1,0
587,305208,15975,-70,-427,15477,2675,-4082,-24811,0,0,1,0,1,0
588,305729,13526,35,-483,13078,2408,2045,-28048,0,0,1,0,1,0
589,306250,10557,139,-520,10177,2048,8094,-30208,0,0,1,0,1,0
590,306770,7183,238,-537,6884,1609,13832,-31207,0,0,1,0,1,0
591,307291,3533,328,-534,3327,1108,19038,-31006,0,0,1,0,1,0
592,307812,-253,405,-510,-358,565,23513,-29614,0,0,1,0,1,0
593,308333,-4029,466,-466,-4029,0,27084,-27084,0,0,1,0,1,0
594,308854,-7650,510,-405,-7545,-565,29614,-23513,0,0,1,0,1,0
595,309375,-10978,534,-328,-10772,-1108,31006,-19038,0,0,1,0,1,0
596,309895,-13883,537,-238,-13584,-1609,31207,-13832,0,0,1,0,1,0
597,310416,-16255,520,-139,-15874,-2048,30208,-8094,0,0,1,0,1,0
598,310937,-18002,483,-35,-17554,-2408,28048,-2045,0,0,1,0,1,0
599,311458,-19057,427,70,-18560,-2675,24811,4082,0,0,1,0,1,0
600,311979,-19380,355,173,-18852,-2840,20620,10053,0,0,1,0,1,0
601,312500,-18959,269,269,-18420,-2896,15637,15637,0,0,1,0,1,0
602,313020,-17808,173,355,-17280,-2840,10053,20620,0,0,1,0,1,0
603,313541,-15973,70,427,-15476,-2675,4082,24811,0,0,1,0,1,0
604,314062,-13524,-35,483,-13077,-2408,-2045,28048,0,0,1,0,1,0
605,314583,-10556,-139,520,-10175,-2048,-8094,30208,0,0,1,0,1,0
606,315104,-7182,-238,537,-6883,-1609,-13832,31207,0,0,1,0,1,0
607,315625,-3532,-328,534,-3326,-1108,-19038,31006,0,0,1,0,1,0
608,316145,254,-405,510,359,-565,-23513,29614,0,0,1,0,1,0
609,316666,4030,-466,466,4030,0,-27084,27084,0,0,1,0,1,0
610,317187,7652,-510,405,7547,565,-29614,23513,0,0,1,0,1,0
611,317708,10979,-534,328,10773,1108,-31006,19038,0,0,1,0,1,0
612,318229,13884,-537,238,13585,1609,-31207,13832,0,0,1,0,1,0
613,318750,16256,-520,139,15876,2048,-30208,8094,0,0,1,0,1,0
614,319270,18003,-483,35,17556,2408,-28048,2045,0,0,1,0,1,0
615,319791,19059,-427,-70,18561,2675,-24811,-4082,0,0,1,0,1,0
616,320312,19382,-355,-173,18854,2840,-20620,-10053,0,0,1,0,1,0
617,320833,18960,-269,-269,18421,2896,-15637,-15637,0,0,1,0,1,0
618,321354,17809,-173,-355,17281,2840,-10053,-20620,0,0,1,0,1,0
619,321875,15974,-70,-427,15477,2675,-4082,-24811,0,0,1,0,1,0
620,322395,13526,35,-483,13078,2408,2045,-28048,0,0,1,0,1,0
621,322916,10557,139,-520,10176,2048,8094,-30208,0,0,1,0,1,0
622,323437,7183,238,-537,6884,1609,13832,-31207,0,0,1,0,1,0
623,323958,3533,328,-534,3327,1108,19038,-31006,0,0,1,0,1,0
624,324479,-253,405,-510,-358,565,23513,-29614,0,0,1,0,1,0
625,325000,-4029,466,-466,-4029,0,27084,-27084,0,0,1,0,1,0
626,325520,-7651,510,-405,-7546,-565,29614,-23513,0,0,1,0,1,0
627,326041,-10978,534,-328,-10772,-1108,31006,-19038,0,0,1,0,1,0
628,326562,-13884,537,-238,-13584,-1609,31207,-13832,0,0,1,0,1,0
629,327083,-16255,520,-139,-15875,-2048,30208,-8094,0,0,1,0,1,0
630,327604,-18003,483,-35,-17555,-2408,28048,-2045,0,0,1,0,1,0
631,328125,-19058,427,70,-18560,-2675,24811,4082,0,0,1,0,1,0
632,328645,-19381,355,173,-18853,-2840,20620,10053,0,0,1,0,1,0
633,329166,-18959,269,269,-18420,-2896,15637,15637,0,0,1,0,1,0
634,329687,-17808,173,355,-17280,-2840,10053,20620,0,0,1,0,1,0
635,330208,-15973,70,427,-15476,-2675,4082,24811,0,0,1,0,1,0
636,330729,-13525,-35,483,-13077,-2408,-2045,28048,0,0,1,0,1,0
637,331250,-10556,-139,520,-10176,-2048,-8094,30208,0,0,1,0,1,0
638,331770,-7182,-238,537,-6883,-1609,-13832,31207,0,0,1,0,1,0
639,332291,-3532,-328,534,-3326,-1108,-19038,31006,0,0,1,0,1,0
640,332812,254,-405,510,359,-565,-23513,29614,0,0,1,0,1,0
641,333333,4030,-466,466,4030,0,-27084,27084,0,0,1,0,1,0
642,333854,7652,-510,405,7546,565,-29614,23513,0,0,1,0,1,0
643,334375,10979,-534,328,10773,1108,-31006,19038,0,0,1,0,1,0
644,334895,13884,-537,238,13585,1609,-31207,13832,0,0,1,0,1,0
645,335416,16256,-520,139,15875,2048,-30208,8094,0,0,1,0,1,0
646,335937,18003,-483,35,17556,2408,-28048,2045,0,0,1,0,1,0
647,336458,19058,-427,-70,18561,2675,-24811,-4082,0,0,1,0,1,0
648,336979,19381,-355,-173,18853,2840,-20620,-10053,0,0,1,0,1,0
649,337500,18959,-269,-269,18421,2896,-15637,-15637,0,0,1,0,1,0
650,338020,17809,-173,-355,17281,2840,-10053,-20620,0,0,1,0,1,0
651,338541,15974,-70,-427,15477,2675,-4082,-24811,0,0,1,0,1,0
652,339062,13525,35,-483,13078,2408,2045,-28048,0,0,1,0,1,0
653,339583,10557,139,-520,10176,2048,8094,-30208,0,0,1,0,1,0
654,340104,7183,238,-537,6884,1609,13832,-31207,0,0,1,0,1,0
655,340625,3532,328,-534,3326,1108,19038,-31006,0,0,1,0,1,0
656,341145,-253,405,-510,-359,565,23513,-29614,0,0,1,0,1,0
657,341666,-4030,466,-466,-4030,0,27084,-27084,0,0,1,0,1,0
658,342187,-7651,510,-405,-7546,-565,29614,-23513,0,0,1,0,1,0
659,342708,-10978,534,-328,-10772,-1108,31006,-19038,0,0,1,0,1,0
660,343229,-13884,537,-238,-13585,-1609,31207,-13832,0,0,1,0,1,0
661,343750,-16256,520,-139,-15875,-2048,30208,-8094,0,0,1,0,1,0
662,344270,-18003,483,-35,-17555,-2408,28048,-2045,0,0,1,0,1,0
663,344791,-19058,427,70,-18561,-2675,24811,4082,0,0,1,0,1,0
664,345312,-19381,355,173,-18853,-2840,20620,10053,0,0,1,0,1,0
665,345833,-18959,269,269,-18421,-2896,15637,15637,0,0,1,0,1,0
666,346354,-17809,173,355,-17280,-2840,10053,20620,0,0,1,0,1,0
667,346875,-15974,70,427,-15476,-2675,4082,24811,0,0,1,0,1,0
668,347395,-13525,-35,483,-13077,-2408,-2045,28048,0,0,1,0,1,0
669,347916,-10556,-139,520,-10176,-2048,-8094,30208,0,0,1,0,1,0
670,348437,-7182,-238,537,-6883,-1609,-13832,31207,0,0,1,0,1,0
671,348958,-3532,-328,534,-3326,-1108,-19038,31006,0,0,1,0,1,0
672,349479,254,-405,510,359,-565,-23513,29614,0,0,1,0,1,0
673,350000,4030,-466,466,4030,0,-27084,27084,0,0,1,0,1,0
674,350520,7651,-510,405,7546,565,-29614,23513,0,0,1,0,1,0
675,351041,10979,-534,328,10773,1108,-31006,19038,0,0,1,0,1,0
676,351562,13884,-537,238,13585,1609,-31207,13832,0,0,1,0,1,0
677,352083,16256,-520,139,15875,2048,-30208,8094,0,0,1,0,1,0
678,352604,18003,-483,35,17555,2408,-28048,2045,0,0,1,0,1,0
679,353125,19058,-427,-70,18561,2675,-24811,-4082,0,0,1,0,1,0
680,353645,19381,-355,-173,18853,2840,-20620,-10053,0,0,1,0,1,0
681,354166,18959,-269,-269,18421,2896,-15637,-15637,0,0,1,0,1,0
682,354687,17809,-173,-355,17281,2840,-10053,-20620,0,0,1,0,1,0
683,355208,15974,-70,-427,15477,2675,-4082,-24811,0,0,1,0,1,0
684,355729,13525,35,-483,13078,2408,2045,-28048,0,0,1,0,1,0
685,356250,10557,139,-520,10176,2048,8094,-30208,0,0,1,0,1,0
686,356770,7183,238,-537,6883,1609,13832,-31207,0,0,1,0,1,0
687,357291,3532,328,-534,3326,1108,19038,-31006,0,0,1,0,1,0
688,357812,-254,405,-510,-359,565,23513,-29614,0,0,1,0,1,0
689,358333,-4030,466,-466,-4030,0,27084,-27084,0,0,1,0,1,0
690,358854,-7651,510,-405,-7546,-565,29614,-23513,0,0,1,0,1,0
691,359375,-10978,534,-328,-10772,-1108,31006,-19038,0,0,1,0,1,0
692,359895,-13884,537,-238,-13585,-1609,31207,-13832,0,0,1,0,1,0
693,360416,-16256,520,-139,-15875,-2048,30208,-8094,0,0,1,0,1,0
694,360937,-18003,483,-35,-17555,-2408,28048,-2045,0,0,1,0,1,0
695,361458,-19058,427,70,-18561,-2675,24811,4082,0,0,1,0,1,0
696,361979,-19381,355,173,-18853,-2840,20620,10053,0,0,1,0,1,0
697,362500,-18959,269,269,-18421,-2896,15637,15637,0,0,1,0,1,0
698,363020,-17809,173,355,-17281,-2840,10053,20620,0,0,1,0,1,0
699,363541,-15974,70,427,-15476,-2675,4082,24811,0,0,1,0,1,0
700,364062,-13525,-35,483,-13077,-2408,-2045,28048,0,0,1,0,1,0
701,364583,-10557,-139,520,-10176,-2048,-8094,30208,0,0,1,0,1,0
702,365104,-7182,-238,537,-6883,-1609,-13832,31207,0,0,1,0,1,0
703,365625,-3532,-328,534,-3326,-1108,-19038,31006,0,0,1,0,1,0
704,366145,254,-405,510,359,-565,-23513,29614,0,0,1,0,1,0
705,366666,4030,-466,466,4030,0,-27084,27084,0,0,1,0,1,0
706,367187,7651,-510,405,7546,565,-29614,23513,0,0,1,0,1,0
707,367708,10979,-534,328,10773,1108,-31006,19038,0,0,1,0,1,0
708,368229,13884,-537,238,13585,1609,-31207,13832,0,0,1,0,1,0
709,368750,16256,-520,139,15875,2048,-30208,8094,0,0,1,0,1,0
710,369270,18003,-483,35,17555,2408,-28048,2045,0,0,1,0,1,0
711,369791,19058,-427,-70,18561,2675,-24811,-4082,0,0,1,0,1,0
712,370312,19381,-355,-173,18853,2840,-20620,-10053,0,0,1,0,1,0
713,370833,18959,-269,-269,18421,2896,-15637,-15637,0,0,1,0,1,0
714,371354,17809,-173,-355,17281,2840,-10053,-20620,0,0,1,0,1,0
715,371875,15974,-70,-427,15476,2675,-4082,-24811,0,0,1,0,1,0
716,372395,13525,35,-483,13078,2408,2045,-28048,0,0,1,0,1,0
717,372916,10557,139,-520,10176,2048,8094,-30208,0,0,1,0,1,0
718,373437,7182,238,-537,6883,1609,13832,-31207,0,0,1,0,1,0
719,373958,3532,328,-534,3326,1108,19038,-31006,0,0,1,0,1,0
720,374479,-254,405,-510,-359,565,23513,-29614,0,0,1,0,1,0
721,375000,-4030,466,-466,-4030,0,27084,-27084,0,0,1,0,1,0
722,375520,-7651,510,-405,-7546,-565,29614,-23513,0,0,1,0,1,0
723,376041,-10978,534,-328,-10772,-1108,31006,-19038,0,0,1,0,1,0
724,376562,-13884,537,-238,-13585,-1609,31207,-13832,0,0,1,0,1,0
725,377083,-16256,520,-139,-15875,-2048,30208,-8094,0,0,1,0,1,0
726,377604,-18003,483,-35,-17555,-2408,28048,-2045,0,0,1,0,1,0
727,378125,-19058,427,70,-18561,-2675,24811,4082,0,0,1,0,1,0
728,378645,-19381,355,173,-18853,-2840,20620,10053,0,0,1,0,1,0
729,379166,-18959,269,269,-18421,-2896,15637,15637,0,0,1,0,1,0
730,379687,-17809,173,355,-17281,-2840,10053,20620,0,0,1,0,1,0
731,380208,-15974,70,427,-15476,-2675,4082,24811,0,0,1,0,1,0
732,380729,-13525,-35,483,-13077,-2408,-2045,28048,0,0,1,0,1,0
733,381250,-10557,-139,520,-10176,-2048,-8094,30208,0,0,1,0,1,0
734,381770,-7182,-238,537,-6883,-1609,-13832,31207,0,0,1,0,1,0
735,382291,-3532,-328,534,-3326,-1108,-19038,31006,0,0,1,0,1,0
736,382812,254,-405,510,359,-565,-23513,29614,0,0,1,0,1,0
737,383333,4030,-466,466,4030,0,-27084,27084,0,0,1,0,1,0
738,383854,7651,-510,405,7546,565,-29614,23513,0,0,1,0,1,0
739,384375,10979,-534,328,10773,1108,-31006,19038,0,0,1,0,1,0
740,384895,13884,-537,238,13585,1609,-31207,13832,0,0,1,0,1,0
741,385416,16256,-520,139,15875,2048,-30208,8094,0,0,1,0,1,0
742,385937,18003,-483,35,17555,2408,-28048,2045,0,0,1,0,1,0
743,386458,19058,-427,-70,18561,2675,-24811,-4082,0,0,1,0,1,0
744,386979,19381,-355,-173,18853,2840,-20620,-10053,0,0,1,0,1,0
745,387500,18959,-269,-269,18421,2896,-15637,-15637,0,0,1,0,1,0
746,388020,17809,-173,-355,17281,2840,-10053,-20620,0,0,1,0,1,0
747,388541,15974,-70,-427,15476,2675,-4082,-24811,0,0,1,0,1,0
748,389062,13525,35,-483,13077,2408,2045,-28048,0,0,1,0,1,0
749,389583,10557,139,-520,10176,2048,8094,-30208,0,0,1,0,1,0
750,390104,7182,238,-537,6883,1609,13832,-31207,0,0,1,0,1,0
751,390625,3532,328,-534,3326,1108,19038,-31006,0,0,1,0,1,0
752,391145,-254,405,-510,-359,565,23513,-29614,0,0,1,0,1,0
753,391666,-4030,466,-466,-4030,0,27084,-27084,0,0,1,0,1,0
754,392187,-7651,510,-405,-7546,-565,29614,-23513,0,0,1,0,1,0
755,392708,-10978,534,-328,-10772,-1108,31006,-19038,0,0,1,0,1,0
756,393229,-13884,537,-238,-13585,-1609,31207,-13832,0,0,1,0,1,0
757,393750,-16256,520,-139,-15875,-2048,30208,-8094,0,0,1,0,1,0
758,394270,-18003,483,-35,-17555,-2408,28048,-2045,0,0,1,0,1,0
759,394791,-19058,427,70,-18561,-2675,24811,4082,0,0,1,0,1,0
760,395312,-19381,355,173,-18853,-2840,20620,10053,0,0,1,0,1,0
761,395833,-18959,269,269,-18421,-2896,15637,15637,0,0,1,0,1,0
762,396354,-17809,173,355,-17281,-2840,10053,20620,0,0,1,0,1,0
763,396875,-15974,70,427,-15476,-2675,4082,24811,0,0,1,0,1,0
764,397395,-13525,-35,483,-13077,-2408,-2045,28048,0,0,1,0,1,0
765,397916,-10557,-139,520,-10176,-2048,-8094,30208,0,0,1,0,1,0
766,398437,-7182,-238,537,-6883,-1609,-13832,31207,0,0,1,0,1,0
767,398958,-3532,-328,534,-3326,-1108,-19038,31006,0,0,1,0,1,0
768,399479,254,-405,510,359,-565,-23513,29614,0,0,1,0,1,0
769,400000,4030,-466,466,4030,0,-27084,27084,0,0,1,0,1,0
770,400520,7651,-510,405,7546,565,-29614,23513,0,0,1,0,1,0
771,401041,10979,-534,328,10772,1108,-31006,19038,0,0,1,0,1,0
772,401562,13884,-537,238,13585,1609,-31207,13832,0,0,1,0,1,0
773,402083,16256,-520,139,15875,2048,-30208,8094,0,0,1,0,1,0
774,402604,18003,-483,35,17555,2408,-28048,2045,0,0,1,0,1,0
775,403125,19058,-427,-70,18561,2675,-24811,-4082,0,0,1,0,1,0
776,403645,19381,-355,-173,18853,2840,-20620,-10053,0,0,1,0,1,0
777,404166,18959,-269,-269,18421,2896,-15637,-15637,0,0,1,0,1,0
778,404687,17809,-173,-355,17281,2840,-10053,-20620,0,0,1,0,1,0
779,405208,15974,-70,-427,15476,2675,-4082,-24811,0,0,1,0,1,0
780,405729,13525,35,-483,13077,2408,2045,-28048,0,0,1,0,1,0
781,406250,10557,139,-520,10176,2048,8094,-30208,0,0,1,0,1,0
782,406770,7182,238,-537,6883,1609,13832,-31207,0,0,1,0,1,0
783,407291,3532,328,-534,3326,1108,19038,-31006,0,0,1,0,1,0
784,407812,-254,405,-510,-359,565,23513,-29614,0,0,1,0,1,0
785,408333,-4030,466,-466,-4030,0,27084,-27084,0,0,1,0,1,0
786,408854,-7651,510,-405,-7546,-565,29614,-23513,0,0,1,0,1,0
787,409375,-10978,534,-328,-10772,-1108,31006,-19038,0,0,1,0,1,0
788,409895,-13884,537,-238,-13585,-1609,31207,-13832,0,0,1,0,1,0
789,410416,-16256,520,-139,-15875,-2048,30208,-8094,0,0,1,0,1,0
790,410937,-18003,483,-35,-17555,-2408,28048,-2045,0,0,1,0,1,0
791,411458,-19058,427,70,-18561,-2675,24811,4082,0,0,1,0,1,0
792,411979,-19381,355,173,-18853,-2840,20620,10053,0,0,1,0,1,0
793,412500,-18959,269,269,-18421,-2896,15637,15637,0,0,1,0,1,0
794,413020,-17809,173,355,-17281,-2840,10053,20620,0,0,1,0,1,0
795,413541,-15974,70,427,-15476,-2675,4082,24811,0,0,1,0,1,0
796,414062,-13525,-35,483,-13077,-2408,-2045,28048,0,0,1,0,1,0
797,414583,-10557,-139,520,-10176,-2048,-8094,30208,0,0,1,0,1,0
798,415104,-7182,-238,537,-6883,-1609,-13832,31207,0,0,1,0,1,0
799,415625,-3532,-328,534,-3326,-1108,-19038,31006,0,0,1,0,1,0
800,416145,254,-405,510,359,-565,-23513,29614,0,0,1,0,1,0
801,416666,4030,-466,466,4030,0,-27084,27084,0,0,1,0,1,0
802,417187,7651,-510,405,7546,565,-29614,23513,0,0,1,0,1,0
803,417708,10979,-534,328,10772,1108,-31006,19038,0,0,1,0,1,0
804,418229,13884,-537,238,13585,1609,-31207,13832,0,0,1,0,1,0
805,418750,16256,-520,139,15875,2048,-30208,8094,0,0,1,0,1,0
806,419270,18003,-483,35,17555,2408,-28048,2045,0,0,1,0,1,0
807,419791,19058,-427,-70,18561,2675,-24811,-4082,0,0,1,0,1,0
808,420312,19381,-355,-173,18853,2840,-20620,-10053,0,0,1,0,1,0
809,420833,18959,-269,-269,18421,2896,-15637,-15637,0,0,1,0,1,0
810,421354,17809,-173,-355,17281,2840,-10053,-20620,0,0,1,0,1,0
811,421875,15974,-70,-427,15476,2675,-4082,-24811,0,0,1,0,1,0
812,422395,13525,35,-483,13077,2408,2045,-28048,0,0,1,0,1,0
813,422916,10557,139,-520,10176,2048,8094,-30208,0,0,1,0,1,0
814,423437,7182,238,-537,6883,1609,13832,-31207,0,0,1,0,1,0
815,423958,3532,328,-534,3326,1108,19038,-31006,0,0,1,0,1,0
816,424479,-254,405,-510,-359,565,23513,-29614,0,0,1,0,1,0
817,425000,-4030,466,-466,-4030,0,27084,-27084,0,0,1,0,1,0
818,425520,-7651,510,-405,-7546,-565,29614,-23513,0,0,1,0,1,0
819,426041,-10979,534,-328,-10772,-1108,31006,-19038,0,0,1,0,1,0
820,426562,-13884,537,-238,-13585,-1609,31207,-13832,0,0,1,0,1,0
821,427083,-16256,520,-139,-15875,-2048,30208,-8094,0,0,1,0,1,0
822,427604,-18003,483,-35,-17555,-2408,28048,-2045,0,0,1,0,1,0
823,428125,-19058,427,70,-18561,-2675,24811,4082,0,0,1,0,1,0
824,428645,-19381,355,173,-18853,-2840,20620,10053,0,0,1,0,1,0
825,429166,-18959,269,269,-18421,-2896,15637,15637,0,0,1,0,1,0
826,429687,-17809,173,355,-17281,-2840,10053,20620,0,0,1,0,1,0
827,430208,-15974,70,427,-15476,-2675,4082,24811,0,0,1,0,1,0
828,430729,-13525,-35,483,-13077,-2408,-2045,28048,0,0,1,0,1,0
829,431250,-10557,-139,520,-10176,-2048,-8094,30208,0,0,1,0,1,0
830,431770,-7182,-238,537,-6883,-1609,-13832,31207,0,0,1,0,1,0
831,432291,-3532,-328,534,-3326,-1108,-19038,31006,0,0,1,0,1,0
832,432812,254,-405,510,359,-565,-23513,29614,0,0,1,0,1,0
833,433333,4030,-466,466,4030,0,-27084,27084,0,0,1,0,1,0
834,433854,7651,-510,405,7546,565,-29614,23513,0,0,1,0,1,0
835,434375,10979,-534,328,10772,1108,-31006,19038,0,0,1,0,1,0
836,434895,13884,-537,238,13585,1609,-31207,13832,0,0,1,0,1,0
837,435416,16256,-520,139,15875,2048,-30208,8094,0,0,1,0,1,0
838,435937,18003,-483,35,17555,2408,-28048,2045,0,0,1,0,1,0
839,436458,19058,-427,-70,18561,2675,-24811,-4082,0,0,1,0,1,0
840,436979,19381,-355,-173,18853,2840,-20620,-10053,0,0,1,0,1,0
841,437500,18959,-269,-269,18421,2896,-15637,-15637,0,0,1,0,1,0
842,438020,17809,-173,-355,17281,2840,-10053,-20620,0,0,1,0,1,0
843,438541,15974,-70,-427,15476,2675,-4082,-24811,0,0,1,0,1,0
844,439062,13525,35,-483,13077,2408,2045,-28048,0,0,1,0,1,0
845,439583,10557,139,-520,10176,2048,8094,-30208,0,0,1,0,1,0
846,440104,7182,238,-537,6883,1609,13832,-31207,0,0,1,0,1,0
847,440625,3532,328,-534,3326,1108,19038,-31006,0,0,1,0,1,0
848,441145,-254,405,-510,-359,565,23513,-29614,0,0,1,0,1,0
849,441666,-4030,466,-466,-4030,0,27084,-27084,0,0,1,0,1,0
850,442187,-7651,510,-405,-7546,-565,29614,-23513,0,0,1,0,1,0
851,442708,-10979,534,-328,-10772,-1108,31006,-19038,0,0,1,0,1,0
852,443229,-13884,537,-238,-13585,-1609,31207,-13832,0,0,1,0,1,0
853,443750,-16256,520,-139,-15875,-2048,30208,-8094,0,0,1,0,1,0
854,444270,-18003,483,-35,-17555,-2408,28048,-2045,0,0,1,0,1,0
855,444791,-19058,427,70,-18561,-2675,24811,4082,0,0,1,0,1,0
856,445312,-19381,355,173,-18853,-2840,20620,10053,0,0,1,0,1,0
857,445833,-18959,269,269,-18421,-2896,15637,15637,0,0,1,0,1,0
858,446354,-17809,173,355,-17281,-2840,10053,20620,0,0,1,0,1,0
859,446875,-15974,70,427,-15476,-2675,4082,24811,0,0,1,0,1,0
860,447395,-13525,-35,483,-13077,-2408,-2045,28048,0,0,1,0,1,0
861,447916,-10557,-139,520,-10176,-2048,-8094,30208,0,0,1,0,1,0
862,448437,-7182,-238,537,-6883,-1609,-13832,31207,0,0,1,0,1,0
863,448958,-3532,-328,534,-3326,-1108,-19038,31006,0,0,1,0,1,0
864,449479,254,-405,510,359,-565,-23513,29614,0,0,1,0,1,0
865,450000,4030,-466,466,4030,0,-27084,27084,0,0,1,0,1,0
866,450520,7651,-510,405,7546,565,-29614,23513,0,0,1,0,1,0
867,451041,10979,-534,328,10772,1108,-31006,19038,0,0,1,0,1,0
868,451562,13884,-537,238,13585,1609,-31207,13832,0,0,1,0,1,0
869,452083,16256,-520,139,15875,2048,-30208,8094,0,0,1,0,1,0
870,452604,18003,-483,35,17555,2408,-28048,2045,0,0,1,0,1,0
871,453125,19058,-427,-70,18561,2675,-24811,-4082,0,0,1,0,1,0
872,453645,19381,-355,-173,18853,2840,-20620,-10053,0,0,1,0,1,0
873,454166,18959,-269,-269,18421,2896,-15637,-15637,0,0,1,0,1,0
874,454687,17809,-173,-355,17281,2840,-10053,-20620,0,0,1,0,1,0
875,455208,15974,-70,-427,15476,2675,-4082,-24811,0,0,1,0,1,0
876,455729,13525,35,-483,13077,2408,2045,-28048,0,0,1,0,1,0
877,456250,10557,139,-520,10176,2048,8094,-30208,0,0,1,0,1,0
878,456770,7182,238,-537,6883,1609,13832,-31207,0,0,1,0,1,0
879,457291,3532,328,-534,3326,1108,19038,-31006,0,0,1,0,1,0
880,457812,-254,405,-510,-359,565,23513,-29614,0,0,1,0,1,0
881,458333,-4030,466,-466,-4030,0,27084,-27084,0,0,1,0,1,0
882,458854,-7651,510,-405,-7546,-565,29614,-23513,0,0,1,0,1,0
883,459375,-10979,534,-328,-10772,-1108,31006,-19038,0,0,1,0,1,0
884,459895,-13884,537,-238,-13585,-1609,31207,-13832,0,0,1,0,1,0
885,460416,-16256,520,-139,-15875,-2048,30208,-8094,0,0,1,0,1,0
886,460937,-18003,483,-35,-17555,-2408,28048,-2045,0,0,1,0,1,0
887,461458,-19058,427,70,-18561,-2675,24811,4082,0,0,1,0,1,0
888,461979,-19381,355,173,-18853,-2840,20620,10053,0,0,1,0,1,0
889,462500,-18959,269,269,-18421,-2896,15637,15637,0,0,1,0,1,0
890,463020,-17809,173,355,-17281,-2840,10053,20620,0,0,1,0,1,0
891,463541,-15974,70,427,-15476,-2675,4082,24811,0,0,1,0,1,0
892,464062,-13525,-35,483,-13077,-2408,-2045,28048,0,0,1,0,1,0
893,464583,-10557,-139,520,-10176,-2048,-8094,30208,0,0,1,0,1,0
894,465104,-7182,-238,537,-6883,-1609,-13832,31207,0,0,1,0,1,0
895,465625,-3532,-328,534,-3326,-1108,-19038,31006,0,0,1,0,1,0
896,466145,254,-405,510,359,-565,-23513,29614,0,0,1,0,1,0
897,466666,4030,-466,466,4030,0,-27084,27084,0,0,1,0,1,0
898,467187,7651,-510,405,7546,565,-29614,23513,0,0,1,0,1,0
899,467708,10979,-534,328,10772,1108,-31006,19038,0,0,1,0,1,0
900,468229,13884,-537,238,13585,1609,-31207,13832,0,0,1,0,1,0
901,468750,16256,-520,139,15875,2048,-30208,8094,0,0,1,0,1,0
902,469270,18003,-483,35,17555,2408,-28048,2045,0,0,1,0,1,0
903,469791,19058,-427,-70,18561,2675,-24811,-4082,0,0,1,0,1,0
904,470312,19381,-355,-173,18853,2840,-20620,-10053,0,0,1,0,1,0
905,470833,18959,-269,-269,18421,2896,-15637,-15637,0,0,1,0,1,0
906,471354,17809,-173,-355,17281,2840,-10053,-20620,0,0,1,0,1,0
907,471875,15974,-70,-427,15476,2675,-4082,-24811,0,0,1,0,1,0
908,472395,13525,35,-483,13077,2408,2045,-28048,0,0,1,0,1,0
909,472916,10557,139,-520,10176,2048,8094,-30208,0,0,1,0,1,0
910,473437,7182,238,-537,6883,1609,13832,-31207,0,0,1,0,1,0
911,473958,3532,328,-534,3326,1108,19038,-31006,0,0,1,0,1,0
912,474479,-254,405,-510,-359,565,23513,-29614,0,0,1,0,1,0
913,475000,-4030,466,-466,-4030,0,27084,-27084,0,0,1,0,1,0
914,475520,-7651,510,-405,-7546,-565,29614,-23513,0,0,1,0,1,0
915,476041,-10979,534,-328,-10772,-1108,31006,-19038,0,0,1,0,1,0
916,476562,-13884,537,-238,-13585,-1609,31207,-13832,0,0,1,0,1,0
917,477083,-16256,520,-139,-15875,-2048,30208,-8094,0,0,1,0,1,0
918,477604,-18003,483,-35,-17555,-2408,28048,-2045,0,0,1,0,1,0
919,478125,-19058,427,70,-18561,-2675,24811,4082,0,0,1,0,1,0
920,478645,-19381,355,173,-18853,-2840,20620,10053,0,0,1,0,1,0
921,479166,-18959,269,269,-18421,-2896,15637,15637,0,0,1,0,1,0
922,479687,-17809,173,355,-17281,-2840,10053,20620,0,0,1,0,1,0
923,480208,-15974,70,427,-15476,-2675,4082,24811,0,0,1,0,1,0
924,480729,-13525,-35,483,-13077,-2408,-2045,28048,0,0,1,0,1,0
925,481250,-10557,-139,520,-10176,-2048,-8094,30208,0,0,1,0,1,0
926,481770,-7182,-238,537,-6883,-1609,-13832,31207,0,0,1,0,1,0
927,482291,-3532,-328,534,-3326,-1108,-19038,31006,0,0,1,0,1,0
928,482812,254,-405,510,359,-565,-23513,29614,0,0,1,0,1,0
929,483333,4030,-466,466,4030,0,-27084,27084,0,0,1,0,1,0
930,483854,7651,-510,405,7546,565,-29614,23513,0,0,1,0,1,0
931,484375,10979,-534,328,10772,1108,-31006,19038,0,0,1,0,1,0
932,484895,13884,-537,238,13585,1609,-31207,13832,0,0,1,0,1,0
933,485416,16256,-520,139,15875,2048,-30208,8094,0,0,1,0,1,0
934,485937,18003,-483,35,17555,2408,-28048,2045,0,0,1,0,1,0
935,486458,19058,-427,-70,18561,2675,-24811,-4082,0,0,1,0,1,0
936,486979,19381,-355,-173,18853,2840,-20620,-10053,0,0,1,0,1,0
937,487500,18959,-269,-269,18421,2896,-15637,-15637,0,0,1,0,1,0
938,488020,17809,-173,-355,17281,2840,-10053,-20620,0,0,1,0,1,0
939,488541,15974,-70,-427,15476,2675,-4082,-24811,0,0,1,0,1,0
940,489062,13525,35,-483,13077,2408,2045,-28048,0,0,1,0,1,0
941,489583,10557,139,-520,10176,2048,8094,-30208,0,0,1,0,1,0
942,490104,7182,238,-537,6883,1609,13832,-31207,0,0,1,0,1,0
943,490625,3532,328,-534,3326,1108,19038,-31006,0,0,1,0,1,0
944,491145,-254,405,-510,-359,565,23513,-29614,0,0,1,0,1,0
945,491666,-4030,466,-466,-4030,0,27084,-27084,0,0,1,0,1,0
946,492187,-7651,510,-405,-7546,-565,29614,-23513,0,0,1,0,1,0
947,492708,-10979,534,-328,-10772,-1108,31006,-19038,0,0,1,0,1,0
948,493229,-13884,537,-238,-13585,-1609,31207,-13832,0,0,1,0,1,0
949,493750,-16256,520,-139,-15875,-2048,30208,-8094,0,0,1,0,1,0
950,494270,-18003,483,-35,-17555,-2408,28048,-2045,0,0,1,0,1,0
951,494791,-19058,427,70,-18561,-2675,24811,4082,0,0,1,0,1,0
952,495312,-19381,355,173,-18853,-2840,20620,10053,0,0,1,0,1,0
953,495833,-18959,269,269,-18421,-2896,15637,15637,0,0,1,0,1,0
954,496354,-17809,173,355,-17281,-2840,10053,20620,0,0,1,0,1,0
955,496875,-15974,70,427,-15476,-2675,4082,24811,0,0,1,0,1,0
956,497395,-13525,-35,483,-13077,-2408,-2045,28048,0,0,1,0,1,0
957,497916,-10557,-139,520,-10176,-2048,-8094,30208,0,0,1,0,1,0
958,498437,-7182,-238,537,-6883,-1609,-13832,31207,0,0,1,0,1,0
959,498958,-3532,-328,534,-3326,-1108,-19038,31006,0,0,1,0,1,0
960,499479,254,-405,510,359,-565,-23513,29614,0,0,1,0,1,0
961,500000,4030,-466,466,4030,0,-27084,27084,0,0,1,0,1,0
962,500520,7651,-510,405,7546,565,-29614,23513,0,0,1,0,1,0
963,501041,10979,-534,328,10772,1108,-31006,19038,0,0,1,0,1,0
964,501562,13884,-537,238,13585,1609,-31207,13832,0,0,1,0,1,0
965,502083,16256,-520,139,15875,2048,-30208,8094,0,0,1,0,1,0
966,502604,18003,-483,35,17555,2408,-28048,2045,0,0,1,0,1,0
967,503125,19058,-427,-70,18561,2675,-24811,-4082,0,0,1,0,1,0
968,503645,19381,-355,-173,18853,2840,-20620,-10053,0,0,1,0,1,0
969,504166,18959,-269,-269,18421,2896,-15637,-15637,0,0,1,0,1,0
970,504687,17809,-173,-355,17281,2840,-10053,-20620,0,0,1,0,1,0
971,505208,15974,-70,-427,15476,2675,-4082,-24811,0,0,1,0,1,0
972,505729,13525,35,-483,13077,2408,2045,-28048,0,0,1,0,1,0
973,506250,10557,139,-520,10176,2048,8094,-30208,0,0,1,0,1,0
974,506770,7182,238,-537,6883,1609,13832,-31207,0,0,1,0,1,0
975,507291,3532,328,-534,3326,1108,19038,-31006,0,0,1,0,1,0
976,507812,-254,405,-510,-359,565,23513,-29614,0,0,1,0,1,0
977,508333,-4030,466,-466,-4030,0,27084,-27084,0,0,1,0,1,0
978,508854,-7651,510,-405,-7546,-565,29614,-23513,0,0,1,0,1,0
979,509375,-10979,534,-328,-10772,-1108,31006,-19038,0,0,1,0,1,0
980,509895,-13884,537,-238,-13585,-1609,31207,-13832,0,0,1,0,1,0
981,510416,-16256,520,-139,-15875,-2048,30208,-8094,0,0,1,0,1,0
982,510937,-18003,483,-35,-17555,-2408,28048,-2045,0,0,1,0,1,0
983,511458,-19058,427,70,-18561,-2675,24811,4082,0,0,1,0,1,0
984,511979,-19381,355,173,-18853,-2840,20620,10053,0,0,1,0,1,0
985,512499,-18959,269,269,-18421,-2896,15637,15637,0,0,1,0,1,0
986,513020,-17809,173,355,-17281,-2840,10053,20620,0,0,1,0,1,0
987,513541,-15974,70,427,-15476,-2675,4082,24811,0,0,1,0,1,0
988,514062,-13525,-35,483,-13077,-2408,-2045,28048,0,0,1,0,1,0
989,514583,-10557,-139,520,-10176,-2048,-8094,30208,0,0,1,0,1,0
990,515104,-7182,-238,537,-6883,-1609,-13832,31207,0,0,1,0,1,0
991,515625,-3532,-328,534,-3326,-1108,-19038,31006,0,0,1,0,1,0
992,516145,254,-405,510,359,-565,-23513,29614,0,0,1,0,1,0
993,516666,4030,-466,466,4030,0,-27084,27084,0,0,1,0,1,0
994,517187,7651,-510,405,7546,565,-29614,23513,0,0,1,0,1,0
995,517708,10979,-534,328,10772,1108,-31006,19038,0,0,1,0,1,0
996,518229,13884,-537,238,13585,1609,-31207,13832,0,0,1,0,1,0
997,518750,16256,-520,139,15875,2048,-30208,8094,0,0,1,0,1,0
998,519270,18003,-483,35,17555,2408,-28048,2045,0,0,1,0,1,0
999,519791,19058,-427,-70,18561,2675,-24811,-4082,0,0,1,0,1,0
1000,520312,19381,-355,-173,18853,2840,-20620,-10053,0,0,1,0,1,0
1001,520833,18959,-269,-269,18421,2896,-15637,-15637,0,0,1,0,1,0
1002,521354,17809,-173,-355,17281,2840,-10053,-20620,0,0,1,0,1,0
1003,521875,15974,-70,-427,15476,2675,-4082,-24811,0,0,1,0,1,0
1004,522395,13525,35,-483,13077,2408,2045,-28048,0,0,1,0,1,0
1005,522916,10557,139,-520,10176,2048,8094,-30208,0,0,1,0,1,0
1006,523437,7182,238,-537,6883,1609,13832,-31207,0,0,1,0,1,0
1007,523958,3532,328,-534,3326,1108,19038,-31006,0,0,1,0,1,0
1008,524479,-254,405,-510,-359,565,23513,-29614,0,0,1,0,1,0
1009,525000,-4030,466,-466,-4030,0,27084,-27084,0,0,1,0,1,0
1010,525520,-7651,510,-405,-7546,-565,29614,-23513,0,0,1,0,1,0
1011,526041,-10979,534,-328,-10772,-1108,31006,-19038,0,0,1,0,1,0
1012,526562,-13884,537,-238,-13585,-1609,31207,-13832,0,0,1,0,1,0
1013,527083,-16256,520,-139,-15875,-2048,30208,-8094,0,0,1,0,1,0
1014,527604,-18003,483,-35,-17555,-2408,28048,-2045,0,0,1,0,1,0
1015,528125,-19058,427,70,-18561,-2675,24811,4082,0,0,1,0,1,0
1016,528645,-19381,355,173,-18853,-2840,20620,10053,0,0,1,0,1,0
1017,529166,-18959,269,269,-18421,-2896,15637,15637,0,0,1,0,1,0
1018,529687,-17809,173,355,-17281,-2840,10053,20620,0,0,1,0,1,0
1019,530208,-15974,70,427,-15476,-2675,4082,24811,0,0,1,0,1,0
1020,530729,-13525,-35,483,-13077,-2408,-2045,28048,0,0,1,0,1,0
1021,531250,-10557,-139,520,-10176,-2048,-8094,30208,0,0,1,0,1,0
1022,531770,-7182,-238,537,-6883,-1609,-13832,31207,0,0,1,0,1,0
1023,532291,-3532,-328,534,-3326,-1108,-19038,31006,0,0,1,0,1,0
1024,532812,254,-405,510,359,-565,-23513,29614,0,0,1,0,1,0
1025,533333,4030,-466,466,4030,0,-27084,27084,0,0,1,0,1,0
1026,533854,7651,-510,405,7546,565,-29614,23513,0,0,1,0,1,0
1027,534375,10979,-534,328,10772,1108,-31006,19038,0,0,1,0,1,0
1028,534895,13884,-537,238,13585,1609,-31207,13832,0,0,1,0,1,0
1029,535416,16256,-520,139,15875,2048,-30208,8094,0,0,1,0,1,0
1030,535937,18003,-483,35,17555,2408,-28048,2045,0,0,1,0,1,0
1031,536458,19058,-427,-70,18561,2675,-24811,-4082,0,0,1,0,1,0
1032,536979,19381,-355,-173,18853,2840,-20620,-10053,0,0,1,0,1,0
1033,537500,18959,-269,-269,18421,2896,-15637,-15637,0,0,1,0,1,0
1034,538020,17809,-173,-355,17281,2840,-10053,-20620,0,0,1,0,1,0
1035,538541,15974,-70,-427,15476,2675,-4082,-24811,0,0,1,0,1,0
1036,539062,13525,35,-483,13077,2408,2045,-28048,0,0,1,0,1,0
1037,539583,10557,139,-520,10176,2048,8094,-30208,0,0,1,0,1,0
1038,540104,7182,238,-537,6883,1609,13832,-31207,0,0,1,0,1,0
1039,540625,3532,328,-534,3326,1108,19038,-31006,0,0,1,0,1,0
1040,541145,-254,405,-510,-359,565,23513,-29614,0,0,1,0,1,0
1041,541666,-4030,466,-466,-4030,0,27084,-27084,0,0,1,0,1,0
1042,542187,-7651,510,-405,-7546,-565,29614,-23513,0,0,1,0,1,0
1043,542708,-10979,534,-328,-10772,-1108,31006,-19038,0,0,1,0,1,0
1044,543229,-13884,537,-238,-13585,-1609,31207,-13832,0,0,1,0,1,0
1045,543750,-16256,520,-139,-15875,-2048,30208,-8094,0,0,1,0,1,0
1046,544270,-18003,483,-35,-17555,-2408,28048,-2045,0,0,1,0,1,0
1047,544791,-19058,427,70,-18561,-2675,24811,4082,0,0,1,0,1,0
1048,545312,-19381,355,173,-18853,-2840,20620,10053,0,0,1,0,1,0
1049,545833,-18959,269,269,-18421,-2896,15637,15637,0,0,1,0,1,0
1050,546354,-17809,173,355,-17281,-2840,10053,20620,0,0,1,0,1,0
1051,546875,-15974,70,427,-15476,-2675,4082,24811,0,0,1,0,1,0
1052,547395,-13525,-35,483,-13077,-2408,-2045,28048,0,0,1,0,1,0
1053,547916,-10557,-139,520,-10176,-2048,-8094,30208,0,0,1,0,1,0
1054,548437,-7182,-238,537,-6883,-1609,-13832,31207,0,0,1,0,1,0
1055,548958,-3532,-328,534,-3326,-1108,-19038,31006,0,0,1,0,1,0
1056,549479,254,-405,510,359,-565,-23513,29614,0,0,1,0,1,0
1057,550000,4030,-466,466,4030,0,-27084,27084,0,0,1,0,1,0
1058,550520,7651,-510,405,7546,565,-29614,23513,0,0,1,0,1,0
1059,551041,10979,-534,328,10772,1108,-31006,19038,0,0,1,0,1,0
1060,551562,13884,-537,238,13585,1609,-31207,13832,0,0,1,0,1,0
1061,552083,16256,-520,139,15875,2048,-30208,8094,0,0,1,0,1,0
1062,552604,18003,-483,35,17555,2408,-28048,2045,0,0,1,0,1,0
1063,553125,19058,-427,-70,18561,2675,-24811,-4082,0,0,1,0,1,0
1064,553645,19381,-355,-173,18853,2840,-20620,-10053,0,0,1,0,1,0
1065,554166,18959,-269,-269,18421,2896,-15637,-15637,0,0,1,0,1,0
1066,554687,17809,-173,-355,17281,2840,-10053,-20620,0,0,1,0,1,0
1067,555208,15974,-70,-427,15476,2675,-4082,-24811,0,0,1,0,1,0
1068,555729,13525,35,-483,13077,2408,2045,-28048,0,0,1,0,1,0
1069,556250,10557,139,-520,10176,2048,8094,-30208,0,0,1,0,1,0
1070,556770,7182,238,-537,6883,1609,13832,-31207,0,0,1,0,1,0
1071,557291,3532,328,-534,3326,1108,19038,-31006,0,0,1,0,1,0
1072,557812,-254,405,-510,-359,565,23513,-29614,0,0,1,0,1,0
1073,558333,-4030,466,-466,-4030,0,27084,-27084,0,0,1,0,1,0
1074,558854,-7651,510,-405,-7546,-565,29614,-23513,0,0,1,0,1,0
1075,559375,-10979,534,-328,-10772,-1108,31006,-19038,0,0,1,0,1,0
1076,559895,-13884,537,-238,-13585,-1609,31207,-13832,0,0,1,0,1,0
1077,560416,-16256,520,-139,-15875,-2048,30208,-8094,0,0,1,0,1,0
1078,560937,-18003,483,-35,-17555,-2408,28048,-2045,0,0,1,0,1,0
1079,561458,-19058,427,70,-18561,-2675,24811,4082,0,0,1,0,1,0
1080,561979,-19381,355,173,-18853,-2840,20620,10053,0,0,1,0,1,0
1081,562500,-18959,269,269,-18421,-2896,15637,15637,0,0,1,0,1,0
1082,563020,-17809,173,355,-17281,-2840,10053,20620,0,0,1,0,1,0
1083,563541,-15974,70,427,-15476,-2675,4082,24811,0,0,1,0,1,0
1084,564062,-13525,-35,483,-13077,-2408,-2045,28048,0,0,1,0,1,0
1085,564583,-10557,-139,520,-10176,-2048,-8094,30208,0,0,1,0,1,0
1086,565104,-7182,-238,537,-6883,-1609,-13832,31207,0,0,1,0,1,0
1087,565625,-3532,-328,534,-3326,-1108,-19038,31006,0,0,1,0,1,0
1088,566145,254,-405,510,359,-565,-23513,29614,0,0,1,0,1,0
1089,566666,4030,-466,466,4030,0,-27084,27084,0,0,1,0,1,0
1090,567187,7651,-510,405,7546,565,-29614,23513,0,0,1,0,1,0
1091,567708,10979,-534,328,10772,1108,-31006,19038,0,0,1,0,1,0
1092,568229,13884,-537,238,13585,1609,-31207,13832,0,0,1,0,1,0
1093,568750,16256,-520,139,15875,2048,-30208,8094,0,0,1,0,1,0
1094,569270,18003,-483,35,17555,2408,-28048,2045,0,0,1,0,1,0
1095,569791,19058,-427,-70,18561,2675,-24811,-4082,0,0,1,0,1,0
1096,570312,19381,-355,-173,18853,2840,-20620,-10053,0,0,1,0,1,0
1097,570833,18959,-269,-269,18421,2896,-15637,-15637,0,0,1,0,1,0
1098,571354,17809,-173,-355,17281,2840,-10053,-20620,0,0,1,0,1,0
1099,571875,15974,-70,-427,15476,2675,-4082,-24811,0,0,1,0,1,0
1100,572395,13525,35,-483,13077,2408,2045,-28048,0,0,1,0,1,0
1101,572916,10557,139,-520,10176,2048,8094,-30208,0,0,1,0,1,0
1102,573437,7182,238,-537,6883,1609,13832,-31207,0,0,1,0,1,0
1103,573958,3532,328,-534,3326,1108,19038,-31006,0,0,1,0,1,0
1104,574479,-254,405,-510,-359,565,23513,-29614,0,0,1,0,1,0
1105,575000,-4030,466,-466,-4030,0,27084,-27084,0,0,1,0,1,0
1106,575520,-7651,510,-405,-7546,-565,29614,-23513,0,0,1,0,1,0
1107,576041,-10979,534,-328,-10772,-1108,31006,-19038,0,0,1,0,1,0
1108,576562,-13884,537,-238,-13585,-1609,31207,-13832,0,0,1,0,1,0
1109,577083,-16256,520,-139,-15875,-2048,30208,-8094,0,0,1,0,1,0
1110,577604,-18003,483,-35,-17555,-2408,28048,-2045,0,0,1,0,1,0
1111,578125,-19058,427,70,-18561,-2675,24811,4082,0,0,1,0,1,0
1112,578645,-19381,355,173,-18853,-2840,20620,10053,0,0,1,0,1,0
1113,579166,-18959,269,269,-18421,-2896,15637,15637,0,0,1,0,1,0
1114,579687,-17809,173,355,-17281,-2840,10053,20620,0,0,1,0,1,0
1115,580208,-15974,70,427,-15476,-2675,4082,24811,0,0,1,0,1,0
1116,580729,-13525,-35,483,-13077,-2408,-2045,28048,0,0,1,0,1,0
1117,581250,-10557,-139,520,-10176,-2048,-8094,30208,0,0,1,0,1,0
1118,581770,-7182,-238,537,-6883,-1609,-13832,31207,0,0,1,0,1,0
1119,582291,-3532,-328,534,-3326,-1108,-19038,31006,0,0,1,0,1,0
1120,582812,254,-405,510,359,-565,-23513,29614,0,0,1,0,1,0
1121,583333,4030,-466,466,4030,0,-27084,27084,0,0,1,0,1,0
1122,583854,7651,-510,405,7546,565,-29614,23513,0,0,1,0,1,0
1123,584375,10979,-534,328,10772,1108,-31006,19038,0,0,1,0,1,0
1124,584895,13884,-537,238,13585,1609,-31207,13832,0,0,1,0,1,0
1125,585416,16256,-520,139,15875,2048,-30208,8094,0,0,1,0,1,0
1126,585937,18003,-483,35,17555,2408,-28048,2045,0,0,1,0,1,0
1127,586458,19058,-427,-70,18561,2675,-24811,-4082,0,0,1,0,1,0
1128,586979,19381,-355,-173,18853,2840,-20620,-10053,0,0,1,0,1,0
1129,587500,18959,-269,-269,18421,2896,-15637,-15637,0,0,1,0,1,0
1130,588020,17809,-173,-355,17281,2840,-10053,-20620,0,0,1,0,1,0
1131,588541,15974,-70,-427,15476,2675,-4082,-24811,0,0,1,0,1,0
1132,589062,13525,35,-483,13077,2408,2045,-28048,0,0,1,0,1,0
1133,589583,10557,139,-520,10176,2048,8094,-30208,0,0,1,0,1,0
1134,590104,7182,238,-537,6883,1609,13832,-31207,0,0,1,0,1,0
1135,590625,3532,328,-534,3326,1108,19038,-31006,0,0,1,0,1,0
1136,591145,-254,405,-510,-359,565,23513,-29614,0,0,1,0,1,0
1137,591666,-4030,466,-466,-4030,0,27084,-27084,0,0,1,0,1,0
1138,592187,-7651,510,-405,-7546,-565,29614,-23513,0,0,1,0,1,0
1139,592708,-10979,534,-328,-10772,-1108,31006,-19038,0,0,1,0,1,0
1140,593229,-13884,537,-238,-13585,-1609,31207,-13832,0,0,1,0,1,0
1141,593750,-16256,520,-139,-15875,-2048,30208,-8094,0,0,1,0,1,0
1142,594270,-18003,483,-35,-17555,-2408,28048,-2045,0,0,1,0,1,0
1143,594791,-19058,427,70,-18561,-2675,24811,4082,0,0,1,0,1,0
1144,595312,-19381,355,173,-18853,-2840,20620,10053,0,0,1,0,1,0
1145,595833,-18959,269,269,-18421,-2896,15637,15637,0,0,1,0,1,0
1146,596354,-17809,173,355,-17281,-2840,10053,20620,0,0,1,0,1,0
1147,596875,-15974,70,427,-15476,-2675,4082,24811,0,0,1,0,1,0
1148,597395,-13525,-35,483,-13077,-2408,-2045,28048,0,0,1,0,1,0
1149,597916,-10557,-139,520,-10176,-2048,-8094,30208,0,0,1,0,1,0
1150,598437,-7182,-238,537,-6883,-1609,-13832,31207,0,0,1,0,1,0
1151,598958,-3532,-328,534,-3326,-1108,-19038,31006,0,0,1,0,1,0
1152,599479,254,-405,510,359,-565,-23513,29614,0,0,1,0,1,0
1153,600000,4030,-466,466,4030,0,-27084,27084,0,0,1,0,1,0
1154,600520,7651,-510,405,7546,565,-29614,23513,0,0,1,0,1,0
1155,601041,10979,-534,328,10772,1108,-31006,19038,0,0,1,0,1,0
1156,601562,13884,-537,238,13585,1609,-31207,13832,0,0,1,0,1,0
1157,602083,16256,-520,139,15875,2048,-30208,8094,0,0,1,0,1,0
1158,602604,18003,-483,35,17555,2408,-28048,2045,0,0,1,0,1,0
1159,603125,19058,-427,-70,18561,2675,-24811,-4082,0,0,1,0,1,0
1160,603645,19381,-355,-173,18853,2840,-20620,-10053,0,0,1,0,1,0
1161,604166,18959,-269,-269,18421,2896,-15637,-15637,0,0,1,0,1,0
1162,604687,17809,-173,-355,17281,2840,-10053,-20620,0,0,1,0,1,0
1163,605208,15974,-70,-427,15476,2675,-4082,-24811,0,0,1,0,1,0
1164,605729,13525,35,-483,13077,2408,2045,-28048,0,0,1,0,1,0
1165,606250,10557,139,-520,10176,2048,8094,-30208,0,0,1,0,1,0
1166,606770,7182,238,-537,6883,1609,13832,-31207,0,0,1,0,1,0
1167,607291,3532,328,-534,3326,1108,19038,-31006,0,0,1,0,1,0
1168,607812,-254,405,-510,-359,565,23513,-29614,0,0,1,0,1,0
1169,608333,-4030,466,-466,-4030,0,27084,-27084,0,0,1,0,1,0
1170,608854,-7651,510,-405,-7546,-565,29614,-23513,0,0,1,0,1,0
1171,609375,-10979,534,-328,-10772,-1108,31006,-19038,0,0,1,0,1,0
1172,609895,-13884,537,-238,-13585,-1609,31207,-13832,0,0,1,0,1,0
1173,610416,-16256,520,-139,-15875,-2048,30208,-8094,0,0,1,0,1,0
1174,610937,-18003,483,-35,-17555,-2408,28048,-2045,0,0,1,0,1,0
1175,611458,-19058,427,70,-18561,-2675,24811,4082,0,0,1,0,1,0
1176,611979,-19381,355,173,-18853,-2840,20620,10053,0,0,1,0,1,0
1177,612500,-18959,269,269,-18421,-2896,15637,15637,0,0,1,0,1,0
1178,613020,-17809,173,355,-17281,-2840,10053,20620,0,0,1,0,1,0
1179,613541,-15974,70,427,-15476,-2675,4082,24811,0,0,1,0,1,0
1180,614062,-13525,-35,483,-13077,-2408,-2045,28048,0,0,1,0,1,0
1181,614583,-10557,-139,520,-10176,-2048,-8094,30208,0,0,1,0,1,0
1182,615104,-7182,-238,537,-6883,-1609,-13832,31207,0,0,1,0,1,0
1183,615625,-3532,-328,534,-3326,-1108,-19038,31006,0,0,1,0,1,0
1184,616145,254,-405,510,359,-565,-23513,29614,0,0,1,0,1,0
1185,616666,4030,-466,466,4030,0,-27084,27084,0,0,1,0,1,0
1186,617187,7651,-510,405,7546,565,-29614,23513,0,0,1,0,1,0
1187,617708,10979,-534,328,10772,1108,-31006,19038,0,0,1,0,1,0
1188,618229,13884,-537,238,13585,1609,-31207,13832,0,0,1,0,1,0
1189,618750,16256,-520,139,15875,2048,-30208,8094,0,0,1,0,1,0
1190,619270,18003,-483,35,17555,2408,-28048,2045,0,0,1,0,1,0
1191,619791,19058,-427,-70,18561,2675,-24811,-4082,0,0,1,0,1,0
1192,620312,19381,-355,-173,18853,2840,-20620,-10053,0,0,1,0,1,0
1193,620833,18959,-269,-269,18421,2896,-15637,-15637,0,0,1,0,1,0
1194,621354,17809,-173,-355,17281,2840,-10053,-20620,0,0,1,0,1,0
1195,621875,15974,-70,-427,15476,2675,-4082,-24811,0,0,1,0,1,0
1196,622395,13525,35,-483,13077,2408,2045,-28048,0,0,1,0,1,0
1197,622916,10557,139,-520,10176,2048,8094,-30208,0,0,1,0,1,0
1198,623437,7182,238,-537,6883,1609,13832,-31207,0,0,1,0,1,0
1199,623958,3532,328,-534,3326,1108,19038,-31006,0,0,1,0,1,0
1200,624479,-254,405,-510,-359,565,23513,-29614,0,0,1,0,1,0
1201,625000,-4030,466,-466,-4030,0,27084,-27084,0,0,1,0,1,0
1202,625520,-7651,510,-405,-7546,-565,29614,-23513,0,0,1,0,1,0
1203,626041,-10979,534,-328,-10772,-1108,31006,-19038,0,0,1,0,1,0
1204,626562,-13884,537,-238,-13585,-1609,31207,-13832,0,0,1,0,1,0
1205,627083,-16256,520,-139,-15875,-2048,30208,-8094,0,0,1,0,1,0
1206,627604,-18003,483,-35,-17555,-2408,28048,-2045,0,0,1,0,1,0
1207,628125,-19058,427,70,-18561,-2675,24811,4082,0,0,1,0,1,0
1208,628645,-19381,355,173,-18853,-2840,20620,10053,0,0,1,0,1,0
1209,629166,-18959,269,269,-18421,-2896,15637,15637,0,0,1,0,1,0
1210,629687,-17809,173,355,-17281,-2840,10053,20620,0,0,1,0,1,0
1211,630208,-15974,70,427,-15476,-2675,4082,24811,0,0,1,0,1,0
1212,630729,-13525,-35,483,-13077,-2408,-2045,28048,0,0,1,0,1,0
1213,631250,-10557,-139,520,-10176,-2048,-8094,30208,0,0,1,0,1,0
1214,631770,-7182,-238,537,-6883,-1609,-13832,31207,0,0,1,0,1,0
1215,632291,-3532,-328,534,-3326,-1108,-19038,31006,0,0,1,0,1,0
1216,632812,254,-405,510,359,-565,-23513,29614,0,0,1,0,1,0
1217,633333,4030,-466,466,4030,0,-27084,27084,0,0,1,0,1,0
1218,633854,7651,-510,405,7546,565,-29614,23513,0,0,1,0,1,0
1219,634375,10979,-534,328,10772,1108,-31006,19038,0,0,1,0,1,0
1220,634895,13884,-537,238,13585,1609,-31207,13832,0,0,1,0,1,0
1221,635416,16256,-520,139,15875,2048,-30208,8094,0,0,1,0,1,0
1222,635937,18003,-483,35,17555,2408,-28048,2045,0,0,1,0,1,0
1223,636458,19058,-427,-70,18561,2675,-24811,-4082,0,0,1,0,1,0
1224,636979,19381,-355,-173,18853,2840,-20620,-10053,0,0,1,0,1,0
1225,637500,18959,-269,-269,18421,2896,-15637,-15637,0,0,1,0,1,0
1226,638020,17809,-173,-355,17281,2840,-10053,-20620,0,0,1,0,1,0
1227,638541,15974,-70,-427,15476,2675,-4082,-24811,0,0,1,0,1,0
1228,639062,13525,35,-483,13077,2408,2045,-28048,0,0,1,0,1,0
1229,639583,10557,139,-520,10176,2048,8094,-30208,0,0,1,0,1,0
1230,640104,7182,238,-537,6883,1609,13832,-31207,0,0,1,0,1,0
1231,640625,3532,328,-534,3326,1108,19038,-31006,0,0,1,0,1,0
1232,641145,-254,405,-510,-359,565,23513,-29614,0,0,1,0,1,0
1233,641666,-4030,466,-466,-4030,0,27084,-27084,0,0,1,0,1,0
1234,642187,-7651,510,-405,-7546,-565,29614,-23513,0,0,1,0,1,0
1235,642708,-10979,534,-328,-10772,-1108,31006,-19038,0,0,1,0,1,0
1236,643229,-13884,537,-238,-13585,-1609,31207,-13832,0,0,1,0,1,0
1237,643750,-16256,520,-139,-15875,-2048,30208,-8094,0,0,1,0,1,0
1238,644270,-18003,483,-35,-17555,-2408,28048,-2045,0,0,1,0,1,0
1239,644791,-19058,427,70,-18561,-2675,24811,4082,0,0,1,0,1,0
1240,645312,-19381,355,173,-18853,-2840,20620,10053,0,0,1,0,1,0
1241,645833,-18959,269,269,-18421,-2896,15637,15637,0,0,1,0,1,0
1242,646354,-17809,173,355,-17281,-2840,10053,20620,0,0,1,0,1,0
1243,646875,-15974,70,427,-15476,-2675,4082,24811,0,0,1,0,1,0
1244,647395,-13525,-35,483,-13077,-2408,-2045,28048,0,0,1,0,1,0
1245,647916,-10557,-139,520,-10176,-2048,-8094,30208,0,0,1,0,1,0
1246,648437,-7182,-238,537,-6883,-1609,-13832,31207,0,0,1,0,1,0
1247,648958,-3532,-328,534,-3326,-1108,-19038,31006,0,0,1,0,1,0
1248,649479,254,-405,510,359,-565,-23513,29614,0,0,1,0,1,0
1249,650000,4030,-466,466,4030,0,-27084,27084,0,0,1,0,1,0
1250,650520,7651,-510,405,7546,565,-29614,23513,0,0,1,0,1,0
1251,651041,10979,-534,328,10772,1108,-31006,19038,0,0,1,0,1,0
1252,651562,13884,-537,238,13585,1609,-31207,13832,0,0,1,0,1,0
1253,652083,16256,-520,139,15875,2048,-30208,8094,0,0,1,0,1,0
1254,652604,18003,-483,35,17555,2408,-28048,2045,0,0,1,0,1,0
1255,653125,19058,-427,-70,18561,2675,-24811,-4082,0,0,1,0,1,0
1256,653645,19381,-355,-173,18853,2840,-20620,-10053,0,0,1,0,1,0
1257,654166,18959,-269,-269,18421,2896,-15637,-15637,0,0,1,0,1,0
1258,654687,17809,-173,-355,17281,2840,-10053,-20620,0,0,1,0,1,0
1259,655208,15974,-70,-427,15476,2675,-4082,-24811,0,0,1,0,1,0
1260,655729,13525,35,-483,13077,2408,2045,-28048,0,0,1,0,1,0
1261,656250,10557,139,-520,10176,2048,8094,-30208,0,0,1,0,1,0
1262,656770,7182,238,-537,6883,1609,13832,-31207,0,0,1,0,1,0
1263,657291,3532,328,-534,3326,1108,19038,-31006,0,0,1,0,1,0
1264,657812,-254,405,-510,-359,565,23513,-29614,0,0,1,0,1,0
1265,658333,-4030,466,-466,-4030,0,27084,-27084,0,0,1,0,1,0
1266,658854,-7651,510,-405,-7546,-565,29614,-23513,0,0,1,0,1,0
1267,659375,-10979,534,-328,-10772,-1108,31006,-19038,0,0,1,0,1,0
1268,659895,-13884,537,-238,-13585,-1609,31207,-13832,0,0,1,0,1,0
1269,660416,-16256,520,-139,-15875,-2048,30208,-8094,0,0,1,0,1,0
1270,660937,-18003,483,-35,-17555,-2408,28048,-2045,0,0,1,0,1,0
1271,661458,-19058,427,70,-18561,-2675,24811,4082,0,0,1,0,1,0
1272,661979,-19381,355,173,-18853,-2840,20620,10053,0,0,1,0,1,0
1273,662500,-18959,269,269,-18421,-2896,15637,15637,0,0,1,0,1,0
1274,663020,-17809,173,355,-17281,-2840,10053,20620,0,0,1,0,1,0
1275,663541,-15974,70,427,-15476,-2675,4082,24811,0,0,1,0,1,0
1276,664062,-13525,-35,483,-13077,-2408,-2045,28048,0,0,1,0,1,0
1277,664583,-10557,-139,520,-10176,-2048,-8094,30208,0,0,1,0,1,0
1278,665104,-7182,-238,537,-6883,-1609,-13832,31207,0,0,1,0,1,0
1279,665625,-3532,-328,534,-3326,-1108,-19038,31006,0,0,1,0,1,0
1280,666145,254,-405,510,359,-565,-23513,29614,0,0,1,0,1,0
1281,666666,4030,-466,466,4030,0,-27084,27084,0,0,1,0,1,0
1282,667187,7651,-510,405,7546,565,-29614,23513,0,0,1,0,1,0
1283,667708,10979,-534,328,10772,1108,-31006,19038,0,0,1,0,1,0
1284,668229,13884,-537,238,13585,1609,-31207,13832,0,0,1,0,1,0
1285,668750,16256,-520,139,15875,2048,-30208,8094,0,0,1,0,1,0
1286,669270,18003,-483,35,17555,2408,-28048,2045,0,0,1,0,1,0
1287,669791,19058,-427,-70,18561,2675,-24811,-4082,0,0,1,0,1,0
1288,670312,19381,-355,-173,18853,2840,-20620,-10053,0,0,1,0,1,0
1289,670833,18959,-269,-269,18421,2896,-15637,-15637,0,0,1,0,1,0
1290,671354,17809,-173,-355,17281,2840,-10053,-20620,0,0,1,0,1,0
1291,671875,15974,-70,-427,15476,2675,-4082,-24811,0,0,1,0,1,0
1292,672395,13525,35,-483,13077,2408,2045,-28048,0,0,1,0,1,0
1293,672916,10557,139,-520,10176,2048,8094,-30208,0,0,1,0,1,0
1294,673437,7182,238,-537,6883,1609,13832,-31207,0,0,1,0,1,0
1295,673958,3532,328,-534,3326,1108,19038,-31006,0,0,1,0,1,0
1296,674479,-254,405,-510,-359,565,23513,-29614,0,0,1,0,1,0
1297,675000,-4030,466,-466,-4030,0,27084,-27084,0,0,1,0,1,0
1298,675520,-7651,510,-405,-7546,-565,29614,-23513,0,0,1,0,1,0
1299,676041,-10979,534,-328,-10772,-1108,31006,-19038,0,0,1,0,1,0
1300,676562,-13884,537,-238,-13585,-1609,31207,-13832,0,0,1,0,1,0
1301,677083,-16256,520,-139,-15875,-2048,30208,-8094,0,0,1,0,1,0
1302,677604,-18003,483,-35,-17555,-2408,28048,-2045,0,0,1,0,1,0
1303,678125,-19058,427,70,-18561,-2675,24811,4082,0,0,1,0,1,0
1304,678645,-19381,355,173,-18853,-2840,20620,10053,0,0,1,0,1,0
1305,679166,-18959,269,269,-18421,-2896,15637,15637,0,0,1,0,1,0
1306,679687,-17809,173,355,-17281,-2840,10053,20620,0,0,1,0,1,0
1307,680208,-15974,70,427,-15476,-2675,4082,24811,0,0,1,0,1,0
1308,680729,-13525,-35,483,-13077,-2408,-2045,28048,0,0,1,0,1,0
1309,681250,-10557,-139,520,-10176,-2048,-8094,30208,0,0,1,0,1,0
1310,681770,-7182,-238,537,-6883,-1609,-13832,31207,0,0,1,0,1,0
1311,682291,-3532,-328,534,-3326,-1108,-19038,31006,0,0,1,0,1,0
1312,682812,254,-405,510,359,-565,-23513,29614,0,0,1,0,1,0
1313,683333,4030,-466,466,4030,0,-27084,27084,0,0,1,0,1,0
1314,683854,7651,-510,405,7546,565,-29614,23513,0,0,1,0,1,0
1315,684375,10979,-534,328,10772,1108,-31006,19038,0,0,1,0,1,0
1316,684895,13884,-537,238,13585,1609,-31207,13832,0,0,1,0,1,0
1317,685416,16256,-520,139,15875,2048,-30208,8094,0,0,1,0,1,0
1318,685937,18003,-483,35,17555,2408,-28048,2045,0,0,1,0,1,0
1319,686458,19058,-427,-70,18561,2675,-24811,-4082,0,0,1,0,1,0
1320,686979,19381,-355,-173,18853,2840,-20620,-10053,0,0,1,0,1,0
1321,687500,18959,-269,-269,18421,2896,-15637,-15637,0,0,1,0,1,0
1322,688020,17809,-173,-355,17281,2840,-10053,-20620,0,0,1,0,1,0
1323,688541,15974,-70,-427,15476,2675,-4082,-24811,0,0,1,0,1,0
1324,689062,13525,35,-483,13077,2408,2045,-28048,0,0,1,0,1,0
1325,689583,10557,139,-520,10176,2048,8094,-30208,0,0,1,0,1,0
1326,690104,7182,238,-537,6883,1609,13832,-31207,0,0,1,0,1,0
1327,690625,3532,328,-534,3326,1108,19038,-31006,0,0,1,0,1,0
1328,691145,-254,405,-510,-359,565,23513,-29614,0,0,1,0,1,0
1329,691666,-4030,466,-466,-4030,0,27084,-27084,0,0,1,0,1,0
1330,692187,-7651,510,-405,-7546,-565,29614,-23513,0,0,1,0,1,0
1331,692708,-10979,534,-328,-10772,-1108,31006,-19038,0,0,1,0,1,0
1332,693229,-13884,537,-238,-13585,-1609,31207,-13832,0,0,1,0,1,0
1333,693750,-16256,520,-139,-15875,-2048,30208,-8094,0,0,1,0,1,0
1334,694270,-18003,483,-35,-17555,-2408,28048,-2045,0,0,1,0,1,0
1335,694791,-19058,427,70,-18561,-2675,24811,4082,0,0,1,0,1,0
1336,695312,-19381,355,173,-18853,-2840,20620,10053,0,0,1,0,1,0
1337,695833,-18959,269,269,-18421,-2896,15637,15637,0,0,1,0,1,0
1338,696354,-17809,173,355,-17281,-2840,10053,20620,0,0,1,0,1,0
1339,696875,-15974,70,427,-15476,-2675,4082,24811,0,0,1,0,1,0
1340,697395,-13525,-35,483,-13077,-2408,-2045,28048,0,0,1,0,1,0
1341,697916,-10557,-139,520,-10176,-2048,-8094,30208,0,0,1,0,1,0
1342,698437,-7182,-238,537,-6883,-1609,-13832,31207,0,0,1,0,1,0
1343,698958,-3532,-328,534,-3326,-1108,-19038,31006,0,0,1,0,1,0
1344,699479,254,-405,510,359,-565,-23513,29614,0,0,1,0,1,0
1345,700000,4030,-466,466,4030,0,-27084,27084,0,0,1,0,1,0
1346,700520,7651,-510,405,7546,565,-29614,23513,0,0,1,0,1,0
1347,701041,10979,-534,328,10772,1108,-31006,19038,0,0,1,0,1,0
1348,701562,13884,-537,238,13585,1609,-31207,13832,0,0,1,0,1,0
1349,702083,16256,-520,139,15875,2048,-30208,8094,0,0,1,0,1,0
1350,702604,18003,-483,35,17555,2408,-28048,2045,0,0,1,0,1,0
1351,703125,19058,-427,-70,18561,2675,-24811,-4082,0,0,1,0,1,0
1352,703645,19381,-355,-173,18853,2840,-20620,-10053,0,0,1,0,1,0
1353,704166,18959,-269,-269,18421,2896,-15637,-15637,0,0,1,0,1,0
1354,704687,17809,-173,-355,17281,2840,-10053,-20620,0,0,1,0,1,0
1355,705208,15974,-70,-427,15476,2675,-4082,-24811,0,0,1,0,1,0
1356,705729,13525,35,-483,13077,2408,2045,-28048,0,0,1,0,1,0
1357,706250,10557,139,-520,10176,2048,8094,-30208,0,0,1,0,1,0
1358,706770,7182,238,-537,6883,1609,13832,-31207,0,0,1,0,1,0
1359,707291,3532,328,-534,3326,1108,19038,-31006,0,0,1,0,1,0
1360,707812,-254,405,-510,-359,565,23513,-29614,0,0,1,0,1,0
1361,708333,-4030,466,-466,-4030,0,27084,-27084,0,0,1,0,1,0
1362,708854,-7651,510,-405,-7546,-565,29614,-23513,0,0,1,0,1,0
1363,709375,-10979,534,-328,-10772,-1108,31006,-19038,0,0,1,0,1,0
1364,709895,-13884,537,-238,-13585,-1609,31207,-13832,0,0,1,0,1,0
1365,710416,-16256,520,-139,-15875,-2048,30208,-8094,0,0,1,0,1,0
1366,710937,-18003,483,-35,-17555,-2408,28048,-2045,0,0,1,0,1,0
1367,711458,-19058,427,70,-18561,-2675,24811,4082,0,0,1,0,1,0
1368,711979,-19381,355,173,-18853,-2840,20620,10053,0,0,1,0,1,0
1369,712500,-18959,269,269,-18421,-2896,15637,15637,0,0,1,0,1,0
1370,713020,-17809,173,355,-17281,-2840,10053,20620,0,0,1,0,1,0
1371,713541,-15974,70,427,-15476,-2675,4082,24811,0,0,1,0,1,0
1372,714062,-13525,-35,483,-13077,-2408,-2045,28048,0,0,1,0,1,0
1373,714583,-10557,-139,520,-10176,-2048,-8094,30208,0,0,1,0,1,0
1374,715104,-7182,-238,537,-6883,-1609,-13832,31207,0,0,1,0,1,0
1375,715625,-3532,-328,534,-3326,-1108,-19038,31006,0,0,1,0,1,0
1376,716145,254,-405,510,359,-565,-23513,29614,0,0,1,0,1,0
1377,716666,4030,-466,466,4030,0,-27084,27084,0,0,1,0,1,0
1378,717187,7651,-510,405,7546,565,-29614,23513,0,0,1,0,1,0
1379,717708,10979,-534,328,10772,1108,-31006,19038,0,0,1,0,1,0
1380,718229,13884,-537,238,13585,1609,-31207,13832,0,0,1,0,1,0
1381,718750,16256,-520,139,15875,2048,-30208,8094,0,0,1,0,1,0
1382,719270,18003,-483,35,17555,2408,-28048,2045,0,0,1,0,1,0
1383,719791,19058,-427,-70,18561,2675,-24811,-4082,0,0,1,0,1,0
1384,720312,19381,-355,-173,18853,2840,-20620,-10053,0,0,1,0,1,0
1385,720833,18959,-269,-269,18421,2896,-15637,-15637,0,0,1,0,1,0
1386,721354,17809,-173,-355,17281,2840,-10053,-20620,0,0,1,0,1,0
1387,721875,15974,-70,-427,15476,2675,-4082,-24811,0,0,1,0,1,0
1388,722395,13525,35,-483,13077,2408,2045,-28048,0,0,1,0,1,0
1389,722916,10557,139,-520,10176,2048,8094,-30208,0,0,1,0,1,0
1390,723437,7182,238,-537,6883,1609,13832,-31207,0,0,1,0,1,0
1391,723958,3532,328,-534,3326,1108,19038,-31006,0,0,1,0,1,0
1392,724479,-254,405,-510,-359,565,23513,-29614,0,0,1,0,1,0
1393,725000,-4030,466,-466,-4030,0,27084,-27084,0,0,1,0,1,0
1394,725520,-7651,510,-405,-7546,-565,29614,-23513,0,0,1,0,1,0
1395,726041,-10979,534,-328,-10772,-1108,31006,-19038,0,0,1,0,1,0
1396,726562,-13884,537,-238,-13585,-1609,31207,-13832,0,0,1,0,1,0
1397,727083,-16256,520,-139,-15875,-2048,30208,-8094,0,0,1,0,1,0
1398,727604,-18003,483,-35,-17555,-2408,28048,-2045,0,0,1,0,1,0
1399,728125,-19058,427,70,-18561,-2675,24811,4082,0,0,1,0,1,0
1400,728645,-19381,355,173,-18853,-2840,20620,10053,0,0,1,0,1,0
1401,729166,-18959,269,269,-18421,-2896,15637,15637,0,0,1,0,1,0
1402,729687,-17809,173,355,-17281,-2840,10053,20620,0,0,1,0,1,0
1403,730208,-15974,70,427,-15476,-2675,4082,24811,0,0,1,0,1,0
1404,730729,-13525,-35,483,-13077,-2408,-2045,28048,0,0,1,0,1,0
1405,731250,-10557,-139,520,-10176,-2048,-8094,30208,0,0,1,0,1,0
1406,731770,-7182,-238,537,-6883,-1609,-13832,31207,0,0,1,0,1,0
1407,732291,-3532,-328,534,-3326,-1108,-19038,31006,0,0,1,0,1,0
1408,732812,254,-405,510,359,-565,-23513,29614,0,0,1,0,1,0
1409,733333,4030,-466,466,4030,0,-27084,27084,0,0,1,0,1,0
1410,733854,7651,-510,405,7546,565,-29614,23513,0,0,1,0,1,0
1411,734375,10979,-534,328,10772,1108,-31006,19038,0,0,1,0,1,0
1412,734895,13884,-537,238,13585,1609,-31207,13832,0,0,1,0,1,0
1413,735416,16256,-520,139,15875,2048,-30208,8094,0,0,1,0,1,0
1414,735937,18003,-483,35,17555,2408,-28048,2045,0,0,1,0,1,0
1415,736458,19058,-427,-70,18561,2675,-24811,-4082,0,0,1,0,1,0
1416,736979,19381,-355,-173,18853,2840,-20620,-10053,0,0,1,0,1,0
1417,737500,18959,-269,-269,18421,2896,-15637,-15637,0,0,1,0,1,0
1418,738020,17809,-173,-355,17281,2840,-10053,-20620,0,0,1,0,1,0
1419,738541,15974,-70,-427,15476,2675,-4082,-24811,0,0,1,0,1,0
1420,739062,13525,35,-483,13077,2408,2045,-28048,0,0,1,0,1,0
1421,739583,10557,139,-520,10176,2048,8094,-30208,0,0,1,0,1,0
1422,740104,7182,238,-537,6883,1609,13832,-31207,0,0,1,0,1,0
1423,740625,3532,328,-534,3326,1108,19038,-31006,0,0,1,0,1,0
1424,741145,-254,405,-510,-359,565,23513,-29614,0,0,1,0,1,0
1425,741666,-4030,466,-466,-4030,0,27084,-27084,0,0,1,0,1,0
1426,742187,-7651,510,-405,-7546,-565,29614,-23513,0,0,1,0,1,0
1427,742708,-10979,534,-328,-10772,-1108,31006,-19038,0,0,1,0,1,0
1428,743229,-13884,537,-238,-13585,-1609,31207,-13832,0,0,1,0,1,0
1429,743750,-16256,520,-139,-15875,-2048,30208,-8094,0,0,1,0,1,0
1430,744270,-18003,483,-35,-17555,-2408,28048,-2045,0,0,1,0,1,0
1431,744791,-19058,427,70,-18561,-2675,24811,4082,0,0,1,0,1,0
1432,745312,-19381,355,173,-18853,-2840,20620,10053,0,0,1,0,1,0
1433,745833,-18959,269,269,-18421,-2896,15637,15637,0,0,1,0,1,0
1434,746354,-17809,173,355,-17281,-2840,10053,20620,0,0,1,0,1,0
1435,746875,-15974,70,427,-15476,-2675,4082,24811,0,0,1,0,1,0
1436,747395,-13525,-35,483,-13077,-2408,-2045,28048,0,0,1,0,1,0
1437,747916,-10557,-139,520,-10176,-2048,-8094,30208,0,0,1,0,1,0
1438,748437,-7182,-238,537,-6883,-1609,-13832,31207,0,0,1,0,1,0
1439,748958,-3532,-328,534,-3326,-1108,-19038,31006,0,0,1,0,1,0
1440,749479,254,-405,510,359,-565,-23513,29614,0,0,1,0,1,0
1441,750000,4030,-466,466,4030,0,-27084,27084,0,0,1,0,1,0
1442,750520,7651,-510,405,7546,565,-29614,23513,0,0,1,0,1,0
1443,751041,10979,-534,328,10772,1108,-31006,19038,0,0,1,0,1,0
1444,751562,13884,-537,238,13585,1609,-31207,13832,0,0,1,0,1,0
1445,752083,16256,-520,139,15875,2048,-30208,8094,0,0,1,0,1,0
1446,752604,18003,-483,35,17555,2408,-28048,2045,0,0,1,0,1,0
1447,753125,19058,-427,-70,18561,2675,-24811,-4082,0,0,1,0,1,0
1448,753645,19381,-355,-173,18853,2840,-20620,-10053,0,0,1,0,1,0
1449,754166,18959,-269,-269,18421,2896,-15637,-15637,0,0,1,0,1,0
1450,754687,17809,-173,-355,17281,2840,-10053,-20620,0,0,1,0,1,0
1451,755208,15974,-70,-427,15476,2675,-4082,-24811,0,0,1,0,1,0
1452,755729,13525,35,-483,13077,2408,2045,-28048,0,0,1,0,1,0
1453,756250,10557,139,-520,10176,2048,8094,-30208,0,0,1,0,1,0
1454,756770,7182,238,-537,6883,1609,13832,-31207,0,0,1,0,1,0
1455,757291,3532,328,-534,3326,1108,19038,-31006,0,0,1,0,1,0
1456,757812,-254,405,-510,-359,565,23513,-29614,0,0,1,0,1,0
1457,758333,-4030,466,-466,-4030,0,27084,-27084,0,0,1,0,1,0
1458,758854,-7651,510,-405,-7546,-565,29614,-23513,0,0,1,0,1,0
1459,759375,-10979,534,-328,-10772,-1108,31006,-19038,0,0,1,0,1,0
1460,759895,-13884,537,-238,-13585,-1609,31207,-13832,0,0,1,0,1,0
1461,760416,-16256,520,-139,-15875,-2048,30208,-8094,0,0,1,0,1,0
1462,760937,-18003,483,-35,-17555,-2408,28048,-2045,0,0,1,0,1,0
1463,761458,-19058,427,70,-18561,-2675,24811,4082,0,0,1,0,1,0
1464,761979,-19381,355,173,-18853,-2840,20620,10053,0,0,1,0,1,0
1465,762500,-18959,269,269,-18421,-2896,15637,15637,0,0,1,0,1,0
1466,763020,-17809,173,355,-17281,-2840,10053,20620,0,0,1,0,1,0
1467,763541,-15974,70,427,-15476,-2675,4082,24811,0,0,1,0,1,0
1468,764062,-13525,-35,483,-13077,-2408,-2045,28048,0,0,1,0,1,0
1469,764583,-10557,-139,520,-10176,-2048,-8094,30208,0,0,1,0,1,0
1470,765104,-7182,-238,537,-6883,-1609,-13832,31207,0,0,1,0,1,0
1471,765625,-3532,-328,534,-3326,-1108,-19038,31006,0,0,1,0,1,0
1472,766145,254,-405,510,359,-565,-23513,29614,0,0,1,0,1,0
1473,766666,4030,-466,466,4030,0,-27084,27084,0,0,1,0,1,0
1474,767187,7651,-510,405,7546,565,-29614,23513,0,0,1,0,1,0
1475,767708,10979,-534,328,10772,1108,-31006,19038,0,0,1,0,1,0
1476,768229,13884,-537,238,13585,1609,-31207,13832,0,0,1,0,1,0
1477,768750,16256,-520,139,15875,2048,-30208,8094,0,0,1,0,1,0
1478,769270,18003,-483,35,17555,2408,-28048,2045,0,0,1,0,1,0
1479,769791,19058,-427,-70,18561,2675,-24811,-4082,0,0,1,0,1,0
1480,770312,19381,-355,-173,18853,2840,-20620,-10053,0,0,1,0,1,0
1481,770833,18959,-269,-269,18421,2896,-15637,-15637,0,0,1,0,1,0
1482,771354,17809,-173,-355,17281,2840,-10053,-20620,0,0,1,0,1,0
1483,771875,15974,-70,-427,15476,2675,-4082,-24811,0,0,1,0,1,0
1484,772395,13525,35,-483,13077,2408,2045,-28048,0,0,1,0,1,0
1485,772916,10557,139,-520,10176,2048,8094,-30208,0,0,1,0,1,0
1486,773437,7182,238,-537,6883,1609,13832,-31207,0,0,1,0,1,0
1487,773958,3532,328,-534,3326,1108,19038,-31006,0,0,1,0,1,0
1488,774479,-254,405,-510,-359,565,23513,-29614,0,0,1,0,1,0
1489,775000,-4030,466,-466,-4030,0,27084,-27084,0,0,1,0,1,0
1490,775520,-7651,510,-405,-7546,-565,29614,-23513,0,0,1,0,1,0
1491,776041,-10979,534,-328,-10772,-1108,31006,-19038,0,0,1,0,1,0
1492,776562,-13884,537,-238,-13585,-1609,31207,-13832,0,0,1,0,1,0
1493,777083,-16256,520,-139,-15875,-2048,30208,-8094,0,0,1,0,1,0
1494,777604,-18003,483,-35,-17555,-2408,28048,-2045,0,0,1,0,1,0
1495,778125,-19058,427,70,-18561,-2675,24811,4082,0,0,1,0,1,0
1496,778645,-19381,355,173,-18853,-2840,20620,10053,0,0,1,0,1,0
1497,779166,-18959,269,269,-18421,-2896,15637,15637,0,0,1,0,1,0
1498,779687,-17809,173,355,-17281,-2840,10053,20620,0,0,1,0,1,0
1499,780208,-15974,70,427,-15476,-2675,4082,24811,0,0,1,0,1,0
1500,780729,-13525,-35,483,-13077,-2408,-2045,28048,0,0,1,0,1,0
1501,781250,-10557,-139,520,-10176,-2048,-8094,30208,0,0,1,0,1,0
1502,781770,-7182,-238,537,-6883,-1609,-13832,31207,0,0,1,0,1,0
1503,782291,-3532,-328,534,-3326,-1108,-19038,31006,0,0,1,0,1,0
1504,782812,254,-405,510,359,-565,-23513,29614,0,0,1,0,1,0
1505,783333,4030,-466,466,4030,0,-27084,27084,0,0,1,0,1,0
1506,783854,7651,-510,405,7546,565,-29614,23513,0,0,1,0,1,0
1507,784375,10979,-534,328,10772,1108,-31006,19038,0,0,1,0,1,0
1508,784895,13884,-537,238,13585,1609,-31207,13832,0,0,1,0,1,0
1509,785416,16256,-520,139,15875,2048,-30208,8094,0,0,1,0,1,0
1510,785937,18003,-483,35,17555,2408,-28048,2045,0,0,1,0,1,0
1511,786458,19058,-427,-70,18561,2675,-24811,-4082,0,0,1,0,1,0
1512,786979,19381,-355,-173,18853,2840,-20620,-10053,0,0,1,0,1,0
1513,787500,18959,-269,-269,18421,2896,-15637,-15637,0,0,1,0,1,0
1514,788020,17809,-173,-355,17281,2840,-10053,-20620,0,0,1,0,1,0
1515,788541,15974,-70,-427,15476,2675,-4082,-24811,0,0,1,0,1,0
1516,789062,13525,35,-483,13077,2408,2045,-28048,0,0,1,0,1,0
1517,789583,10557,139,-520,10176,2048,8094,-30208,0,0,1,0,1,0
1518,790104,7182,238,-537,6883,1609,13832,-31207,0,0,1,0,1,0
1519,790625,3532,328,-534,3326,1108,19038,-31006,0,0,1,0,1,0
1520,791145,-254,405,-510,-359,565,23513,-29614,0,0,1,0,1,0
1521,791666,-4030,466,-466,-4030,0,27084,-27084,0,0,1,0,1,0
1522,792187,-7651,510,-405,-7546,-565,29614,-23513,0,0,1,0,1,0
1523,792708,-10979,534,-328,-10772,-1108,31006,-19038,0,0,1,0,1,0
1524,793229,-13884,537,-238,-13585,-1609,31207,-13832,0,0,1,0,1,0
1525,793750,-16256,520,-139,-15875,-2048,30208,-8094,0,0,1,0,1,0
1526,794270,-18003,483,-35,-17555,-2408,28048,-2045,0,0,1,0,1,0
1527,794791,-19058,427,70,-18561,-2675,24811,4082,0,0,1,0,1,0
1528,795312,-19381,355,173,-18853,-2840,20620,10053,0,0,1,0,1,0
1529,795833,-18959,269,269,-18421,-2896,15637,15637,0,0,1,0,1,0
1530,796354,-17809,173,355,-17281,-2840,10053,20620,0,0,1,0,1,0
1531,796875,-15974,70,427,-15476,-2675,4082,24811,0,0,1,0,1,0
1532,797395,-13525,-35,483,-13077,-2408,-2045,28048,0,0,1,0,1,0
1533,797916,-10557,-139,520,-10176,-2048,-8094,30208,0,0,1,0,1,0
1534,798437,-7182,-238,537,-6883,-1609,-13832,31207,0,0,1,0,1,0
1535,798958,-3532,-328,534,-3326,-1108,-19038,31006,0,0,1,0,1,0
1536,799479,254,-405,510,359,-565,-23513,29614,0,0,1,0,1,0
1537,800000,4030,-466,466,4030,0,-27084,27084,0,0,1,0,1,0
1538,800520,7651,-510,405,7546,565,-29614,23513,0,0,1,0,1,0
1539,801041,10979,-534,328,10772,1108,-31006,19038,0,0,1,0,1,0
1540,801562,13884,-537,238,13585,1609,-31207,13832,0,0,1,0,1,0
1541,802083,16256,-520,139,15875,2048,-30208,8094,0,0,1,0,1,0
1542,802604,18003,-483,35,17555,2408,-28048,2045,0,0,1,0,1,0
1543,803125,19058,-427,-70,18561,2675,-24811,-4082,0,0,1,0,1,0
1544,803645,19381,-355,-173,18853,2840,-20620,-10053,0,0,1,0,1,0
1545,804166,18959,-269,-269,18421,2896,-15637,-15637,0,0,1,0,1,0
1546,804687,17809,-173,-355,17281,2840,-10053,-20620,0,0,1,0,1,0
1547,805208,15974,-70,-427,15476,2675,-4082,-24811,0,0,1,0,1,0
1548,805729,13525,35,-483,13077,2408,2045,-28048,0,0,1,0,1,0
1549,806250,10557,139,-520,10176,2048,8094,-30208,0,0,1,0,1,0
1550,806770,7182,238,-537,6883,1609,13832,-31207,0,0,1,0,1,0
1551,807291,3532,328,-534,3326,1108,19038,-31006,0,0,1,0,1,0
1552,807812,-254,405,-510,-359,565,23513,-29614,0,0,1,0,1,0
1553,808333,-4030,466,-466,-4030,0,27084,-27084,0,0,1,0,1,0
1554,808854,-7651,510,-405,-7546,-565,29614,-23513,0,0,1,0,1,0
1555,809375,-10979,534,-328,-10772,-1108,31006,-19038,0,0,1,0,1,0
1556,809895,-13884,537,-238,-13585,-1609,31207,-13832,0,0,1,0,1,0
1557,810416,-16256,520,-139,-15875,-2048,30208,-8094,0,0,1,0,1,0
1558,810937,-18003,483,-35,-17555,-2408,28048,-2045,0,0,1,0,1,0
1559,811458,-19058,427,70,-18561,-2675,24811,4082,0,0,1,0,1,0
1560,811979,-19381,355,173,-18853,-2840,20620,10053,0,0,1,0,1,0
1561,812500,-18959,269,269,-18421,-2896,15637,15637,0,0,1,0,1,0
1562,813020,-17809,173,355,-17281,-2840,10053,20620,0,0,1,0,1,0
1563,813541,-15974,70,427,-15476,-2675,4082,24811,0,0,1,0,1,0
1564,814062,-13525,-35,483,-13077,-2408,-2045,28048,0,0,1,0,1,0
1565,814583,-10557,-139,520,-10176,-2048,-8094,30208,0,0,1,0,1,0
1566,815104,-7182,-238,537,-6883,-1609,-13832,31207,0,0,1,0,1,0
1567,815625,-3532,-328,534,-3326,-1108,-19038,31006,0,0,1,0,1,0
1568,816145,254,-405,510,359,-565,-23513,29614,0,0,1,0,1,0
1569,816666,4030,-466,466,4030,0,-27084,27084,0,0,1,0,1,0
1570,817187,7651,-510,405,7546,565,-29614,23513,0,0,1,0,1,0
1571,817708,10979,-534,328,10772,1108,-31006,19038,0,0,1,0,1,0
1572,818229,13884,-537,238,13585,1609,-31207,13832,0,0,1,0,1,0
1573,818750,16256,-520,139,15875,2048,-30208,8094,0,0,1,0,1,0
1574,819270,18003,-483,35,17555,2408,-28048,2045,0,0,1,0,1,0
1575,819791,19058,-427,-70,18561,2675,-24811,-4082,0,0,1,0,1,0
1576,820312,19381,-355,-173,18853,2840,-20620,-10053,0,0,1,0,1,0
1577,820833,18959,-269,-269,18421,2896,-15637,-15637,0,0,1,0,1,0
1578,821354,17809,-173,-355,17281,2840,-10053,-20620,0,0,1,0,1,0
1579,821875,15974,-70,-427,15476,2675,-4082,-24811,0,0,1,0,1,0
1580,822395,13525,35,-483,13077,2408,2045,-28048,0,0,1,0,1,0
1581,822916,10557,139,-520,10176,2048,8094,-30208,0,0,1,0,1,0
1582,823437,7182,238,-537,6883,1609,13832,-31207,0,0,1,0,1,0
1583,823958,3532,328,-534,3326,1108,19038,-31006,0,0,1,0,1,0
1584,824479,-254,405,-510,-359,565,23513,-29614,0,0,1,0,1,0
1585,825000,-4030,466,-466,-4030,0,27084,-27084,0,0,1,0,1,0
1586,825520,-7651,510,-405,-7546,-565,29614,-23513,0,0,1,0,1,0
1587,826041,-10979,534,-328,-10772,-1108,31006,-19038,0,0,1,0,1,0
1588,826562,-13884,537,-238,-13585,-1609,31207,-13832,0,0,1,0,1,0
1589,827083,-16256,520,-139,-15875,-2048,30208,-8094,0,0,1,0,1,0
1590,827604,-18003,483,-35,-17555,-2408,28048,-2045,0,0,1,0,1,0
1591,828125,-19058,427,70,-18561,-2675,24811,4082,0,0,1,0,1,0
1592,828645,-19381,355,173,-18853,-2840,20620,10053,0,0,1,0,1,0
1593,829166,-18959,269,269,-18421,-2896,15637,15637,0,0,1,0,1,0
1594,829687,-17809,173,355,-17281,-2840,10053,20620,0,0,1,0,1,0
1595,830208,-15974,70,427,-15476,-2675,4082,24811,0,0,1,0,1,0
1596,830729,-13525,-35,483,-13077,-2408,-2045,28048,0,0,1,0,1,0
1597,831250,-10557,-139,520,-10176,-2048,-8094,30208,0,0,1,0,1,0
1598,831770,-7182,-238,537,-6883,-1609,-13832,31207,0,0,1,0,1,0
1599,832291,-3532,-328,534,-3326,-1108,-19038,31006,0,0,1,0,1,0
1600,832812,254,-405,510,359,-565,-23513,29614,0,0,1,0,1,0
1601,833333,4030,-466,466,4030,0,-27084,27084,0,0,1,0,1,0
1602,833854,7651,-510,405,7546,565,-29614,23513,0,0,1,0,1,0
1603,834375,10979,-534,328,10772,1108,-31006,19038,0,0,1,0,1,0
1604,834895,13884,-537,238,13585,1609,-31207,13832,0,0,1,0,1,0
1605,835416,16256,-520,139,15875,2048,-30208,8094,0,0,1,0,1,0
1606,835937,18003,-483,35,17555,2408,-28048,2045,0,0,1,0,1,0
1607,836458,19058,-427,-70,18561,2675,-24811,-4082,0,0,1,0,1,0
1608,836979,19381,-355,-173,18853,2840,-20620,-10053,0,0,1,0,1,0
1609,837500,18959,-269,-269,18421,2896,-15637,-15637,0,0,1,0,1,0
1610,838020,17809,-173,-355,17281,2840,-10053,-20620,0,0,1,0,1,0
1611,838541,15974,-70,-427,15476,2675,-4082,-24811,0,0,1,0,1,0
1612,839062,13525,35,-483,13077,2408,2045,-28048,0,0,1,0,1,0
1613,839583,10557,139,-520,10176,2048,8094,-30208,0,0,1,0,1,0
1614,840104,7182,238,-537,6883,1609,13832,-31207,0,0,1,0,1,0
1615,840625,3532,328,-534,3326,1108,19038,-31006,0,0,1,0,1,0
1616,841145,-254,405,-510,-359,565,23513,-29614,0,0,1,0,1,0
1617,841666,-4030,466,-466,-4030,0,27084,-27084,0,0,1,0,1,0
1618,842187,-7651,510,-405,-7546,-565,29614,-23513,0,0,1,0,1,0
1619,842708,-10979,534,-328,-10772,-1108,31006,-19038,0,0,1,0,1,0
1620,843229,-13884,537,-238,-13585,-1609,31207,-13832,0,0,1,0,1,0
1621,843750,-16256,520,-139,-15875,-2048,30208,-8094,0,0,1,0,1,0
1622,844270,-18003,483,-35,-17555,-2408,28048,-2045,0,0,1,0,1,0
1623,844791,-19058,427,70,-18561,-2675,24811,4082,0,0,1,0,1,0
1624,845312,-19381,355,173,-18853,-2840,20620,10053,0,0,1,0,1,0
1625,845833,-18959,269,269,-18421,-2896,15637,15637,0,0,1,0,1,0
1626,846354,-17809,173,355,-17281,-2840,10053,20620,0,0,1,0,1,0
1627,846875,-15974,70,427,-15476,-2675,4082,24811,0,0,1,0,1,0
1628,847395,-13525,-35,483,-13077,-2408,-2045,28048,0,0,1,0,1,0
1629,847916,-10557,-139,520,-10176,-2048,-8094,30208,0,0,1,0,1,0
1630,848437,-7182,-238,537,-6883,-1609,-13832,31207,0,0,1,0,1,0
1631,848958,-3532,-328,534,-3326,-1108,-19038,31006,0,0,1,0,1,0
1632,849479,254,-405,510,359,-565,-23513,29614,0,0,1,0,1,0
1633,850000,4030,-466,466,4030,0,-27084,27084,0,0,1,0,1,0
1634,850520,7651,-510,405,7546,565,-29614,23513,0,0,1,0,1,0
1635,851041,10979,-534,328,10772,1108,-31006,19038,0,0,1,0,1,0
1636,851562,13884,-537,238,13585,1609,-31207,13832,0,0,1,0,1,0
1637,852083,16256,-520,139,15875,2048,-30208,8094,0,0,1,0,1,0
1638,852604,18003,-483,35,17555,2408,-28048,2045,0,0,1,0,1,0
1639,853125,19058,-427,-70,18561,2675,-24811,-4082,0,0,1,0,1,0
1640,853645,19381,-355,-173,18853,2840,-20620,-10053,0,0,1,0,1,0
1641,854166,18959,-269,-269,18421,2896,-15637,-15637,0,0,1,0,1,0
1642,854687,17809,-173,-355,17281,2840,-10053,-20620,0,0,1,0,1,0
1643,855208,15974,-70,-427,15476,2675,-4082,-24811,0,0,1,0,1,0
1644,855729,13525,35,-483,13077,2408,2045,-28048,0,0,1,0,1,0
1645,856250,10557,139,-520,10176,2048,8094,-30208,0,0,1,0,1,0
1646,856770,7182,238,-537,6883,1609,13832,-31207,0,0,1,0,1,0
1647,857291,3532,328,-534,3326,1108,19038,-31006,0,0,1,0,1,0
1648,857812,-254,405,-510,-359,565,23513,-29614,0,0,1,0,1,0
1649,858333,-4030,466,-466,-4030,0,27084,-27084,0,0,1,0,1,0
1650,858854,-7651,510,-405,-7546,-565,29614,-23513,0,0,1,0,1,0
1651,859375,-10979,534,-328,-10772,-1108,31006,-19038,0,0,1,0,1,0
1652,859895,-13884,537,-238,-13585,-1609,31207,-13832,0,0,1,0,1,0
1653,860416,-16256,520,-139,-15875,-2048,30208,-8094,0,0,1,0,1,0
1654,860937,-18003,483,-35,-17555,-2408,28048,-2045,0,0,1,0,1,0
1655,861458,-19058,427,70,-18561,-2675,24811,4082,0,0,1,0,1,0
1656,861979,-19381,355,173,-18853,-2840,20620,10053,0,0,1,0,1,0
1657,862500,-18959,269,269,-18421,-2896,15637,15637,0,0,1,0,1,0
1658,863020,-17809,173,355,-17281,-2840,10053,20620,0,0,1,0,1,0
1659,863541,-15974,70,427,-15476,-2675,4082,24811,0,0,1,0,1,0
1660,864062,-13525,-35,483,-13077,-2408,-2045,28048,0,0,1,0,1,0
1661,864583,-10557,-139,520,-10176,-2048,-8094,30208,0,0,1,0,1,0
1662,865104,-7182,-238,537,-6883,-1609,-13832,31207,0,0,1,0,1,0
1663,865625,-3532,-328,534,-3326,-1108,-19038,31006,0,0,1,0,1,0
1664,866145,254,-405,510,359,-565,-23513,29614,0,0,1,0,1,0
1665,866666,4030,-466,466,4030,0,-27084,27084,0,0,1,0,1,0
1666,867187,7651,-510,405,7546,565,-29614,23513,0,0,1,0,1,0
1667,867708,10979,-534,328,10772,1108,-31006,19038,0,0,1,0,1,0
1668,868229,13884,-537,238,13585,1609,-31207,13832,0,0,1,0,1,0
1669,868750,16256,-520,139,15875,2048,-30208,8094,0,0,1,0,1,0
1670,869270,18003,-483,35,17555,2408,-28048,2045,0,0,1,0,1,0
1671,869791,19058,-427,-70,18561,2675,-24811,-4082,0,0,1,0,1,0
1672,870312,19381,-355,-173,18853,2840,-20620,-10053,0,0,1,0,1,0
1673,870833,18959,-269,-269,18421,2896,-15637,-15637,0,0,1,0,1,0
1674,871354,17809,-173,-355,17281,2840,-10053,-20620,0,0,1,0,1,0
1675,871875,15974,-70,-427,15476,2675,-4082,-24811,0,0,1,0,1,0
1676,872395,13525,35,-483,13077,2408,2045,-28048,0,0,1,0,1,0
1677,872916,10557,139,-520,10176,2048,8094,-30208,0,0,1,0,1,0
1678,873437,7182,238,-537,6883,1609,13832,-31207,0,0,1,0,1,0
1679,873958,3532,328,-534,3326,1108,19038,-31006,0,0,1,0,1,0
1680,874479,-254,405,-510,-359,565,23513,-29614,0,0,1,0,1,0
1681,875000,-4030,466,-466,-4030,0,27084,-27084,0,0,1,0,1,0
1682,875520,-7651,510,-405,-7546,-565,29614,-23513,0,0,1,0,1,0
1683,876041,-10979,534,-328,-10772,-1108,31006,-19038,0,0,1,0,1,0
1684,876562,-13884,537,-238,-13585,-1609,31207,-13832,0,0,1,0,1,0
1685,877083,-16256,520,-139,-15875,-2048,30208,-8094,0,0,1,0,1,0
1686,877604,-18003,483,-35,-17555,-2408,28048,-2045,0,0,1,0,1,0
1687,878125,-19058,427,70,-18561,-2675,24811,4082,0,0,1,0,1,0
1688,878645,-19381,355,173,-18853,-2840,20620,10053,0,0,1,0,1,0
1689,879166,-18959,269,269,-18421,-2896,15637,15637,0,0,1,0,1,0
1690,879687,-17809,173,355,-17281,-2840,10053,20620,0,0,1,0,1,0
1691,880208,-15974,70,427,-15476,-2675,4082,24811,0,0,1,0,1,0
1692,880729,-13525,-35,483,-13077,-2408,-2045,28048,0,0,1,0,1,0
1693,881250,-10557,-139,520,-10176,-2048,-8094,30208,0,0,1,0,1,0
1694,881770,-7182,-238,537,-6883,-1609,-13832,31207,0,0,1,0,1,0
1695,882291,-3532,-328,534,-3326,-1108,-19038,31006,0,0,1,0,1,0
1696,882812,254,-405,510,359,-565,-23513,29614,0,0,1,0,1,0
1697,883333,4030,-466,466,4030,0,-27084,27084,0,0,1,0,1,0
1698,883854,7651,-510,405,7546,565,-29614,23513,0,0,1,0,1,0
1699,884375,10979,-534,328,10772,1108,-31006,19038,0,0,1,0,1,0
1700,884895,13884,-537,238,13585,1609,-31207,13832,0,0,1,0,1,0
1701,885416,16256,-520,139,15875,2048,-30208,8094,0,0,1,0,1,0
1702,885937,18003,-483,35,17555,2408,-28048,2045,0,0,1,0,1,0
1703,886458,19058,-427,-70,18561,2675,-24811,-4082,0,0,1,0,1,0
1704,886979,19381,-355,-173,18853,2840,-20620,-10053,0,0,1,0,1,0
1705,887500,18959,-269,-269,18421,2896,-15637,-15637,0,0,1,0,1,0
1706,888020,17809,-173,-355,17281,2840,-10053,-20620,0,0,1,0,1,0
1707,888541,15974,-70,-427,15476,2675,-4082,-24811,0,0,1,0,1,0
1708,889062,13525,35,-483,13077,2408,2045,-28048,0,0,1,0,1,0
1709,889583,10557,139,-520,10176,2048,8094,-30208,0,0,1,0,1,0
1710,890104,7182,238,-537,6883,1609,13832,-31207,0,0,1,0,1,0
1711,890625,3532,328,-534,3326,1108,19038,-31006,0,0,1,0,1,0
1712,891145,-254,405,-510,-359,565,23513,-29614,0,0,1,0,1,0
1713,891666,-4030,466,-466,-4030,0,27084,-27084,0,0,1,0,1,0
1714,892187,-7651,510,-405,-7546,-565,29614,-23513,0,0,1,0,1,0
1715,892708,-10979,534,-328,-10772,-1108,31006,-19038,0,0,1,0,1,0
1716,893229,-13884,537,-238,-13585,-1609,31207,-13832,0,0,1,0,1,0
1717,893750,-16256,520,-139,-15875,-2048,30208,-8094,0,0,1,0,1,0
1718,894270,-18003,483,-35,-17555,-2408,28048,-2045,0,0,1,0,1,0
1719,894791,-19058,427,70,-18561,-2675,24811,4082,0,0,1,0,1,0
1720,895312,-19381,355,173,-18853,-2840,20620,10053,0,0,1,0,1,0
1721,895833,-18959,269,269,-18421,-2896,15637,15637,0,0,1,0,1,0
1722,896354,-17809,173,355,-17281,-2840,10053,20620,0,0,1,0,1,0
1723,896875,-15974,70,427,-15476,-2675,4082,24811,0,0,1,0,1,0
1724,897395,-13525,-35,483,-13077,-2408,-2045,28048,0,0,1,0,1,0
1725,897916,-10557,-139,520,-10176,-2048,-8094,30208,0,0,1,0,1,0
1726,898437,-7182,-238,537,-6883,-1609,-13832,31207,0,0,1,0,1,0
1727,898958,-3532,-328,534,-3326,-1108,-19038,31006,0,0,1,0,1,0
1728,899479,254,-405,510,359,-565,-23513,29614,0,0,1,0,1,0
1729,900000,4030,-466,466,4030,0,-27084,27084,0,0,1,0,1,0
1730,900520,7651,-510,405,7546,565,-29614,23513,0,0,1,0,1,0
1731,901041,10979,-534,328,10772,1108,-31006,19038,0,0,1,0,1,0
1732,901562,13884,-537,238,13585,1609,-31207,13832,0,0,1,0,1,0
1733,902083,16256,-520,139,15875,2048,-30208,8094,0,0,1,0,1,0
1734,902604,18003,-483,35,17555,2408,-28048,2045,0,0,1,0,1,0
1735,903125,19058,-427,-70,18561,2675,-24811,-4082,0,0,1,0,1,0
1736,903645,19381,-355,-173,18853,2840,-20620,-10053,0,0,1,0,1,0
1737,904166,18959,-269,-269,18421,2896,-15637,-15637,0,0,1,0,1,0
1738,904687,17809,-173,-355,17281,2840,-10053,-20620,0,0,1,0,1,0
1739,905208,15974,-70,-427,15476,2675,-4082,-24811,0,0,1,0,1,0
1740,905729,13525,35,-483,13077,2408,2045,-28048,0,0,1,0,1,0
1741,906250,10557,139,-520,10176,2048,8094,-30208,0,0,1,0,1,0
1742,906770,7182,238,-537,6883,1609,13832,-31207,0,0,1,0,1,0
1743,907291,3532,328,-534,3326,1108,19038,-31006,0,0,1,0,1,0
1744,907812,-254,405,-510,-359,565,23513,-29614,0,0,1,0,1,0
1745,908333,-4030,466,-466,-4030,0,27084,-27084,0,0,1,0,1,0
1746,908854,-7651,510,-405,-7546,-565,29614,-23513,0,0,1,0,1,0
1747,909375,-10979,534,-328,-10772,-1108,31006,-19038,0,0,1,0,1,0
1748,909895,-13884,537,-238,-13585,-1609,31207,-13832,0,0,1,0,1,0
1749,910416,-16256,520,-139,-15875,-2048,30208,-8094,0,0,1,0,1,0
1750,910937,-18003,483,-35,-17555,-2408,28048,-2045,0,0,1,0,1,0
1751,911458,-19058,427,70,-18561,-2675,24811,4082,0,0,1,0,1,0
1752,911979,-19381,355,173,-18853,-2840,20620,10053,0,0,1,0,1,0
1753,912500,-18959,269,269,-18421,-2896,15637,15637,0,0,1,0,1,0
1754,913020,-17809,173,355,-17281,-2840,10053,20620,0,0,1,0,1,0
1755,913541,-15974,70,427,-15476,-2675,4082,24811,0,0,1,0,1,0
1756,914062,-13525,-35,483,-13077,-2408,-2045,28048,0,0,1,0,1,0
1757,914583,-10557,-139,520,-10176,-2048,-8094,30208,0,0,1,0,1,0
1758,915104,-7182,-238,537,-6883,-1609,-13832,31207,0,0,1,0,1,0
1759,915625,-3532,-328,534,-3326,-1108,-19038,31006,0,0,1,0,1,0
1760,916145,254,-405,510,359,-565,-23513,29614,0,0,1,0,1,0
1761,916666,4030,-466,466,4030,0,-27084,27084,0,0,1,0,1,0
1762,917187,7651,-510,405,7546,565,-29614,23513,0,0,1,0,1,0
1763,917708,10979,-534,328,10772,1108,-31006,19038,0,0,1,0,1,0
1764,918229,13884,-537,238,13585,1609,-31207,13832,0,0,1,0,1,0
1765,918750,16256,-520,139,15875,2048,-30208,8094,0,0,1,0,1,0
1766,919270,18003,-483,35,17555,2408,-28048,2045,0,0,1,0,1,0
1767,919791,19058,-427,-70,18561,2675,-24811,-4082,0,0,1,0,1,0
1768,920312,19381,-355,-173,18853,2840,-20620,-10053,0,0,1,0,1,0
1769,920833,18959,-269,-269,18421,2896,-15637,-15637,0,0,1,0,1,0
1770,921354,17809,-173,-355,17281,2840,-10053,-20620,0,0,1,0,1,0
1771,921875,15974,-70,-427,15476,2675,-4082,-24811,0,0,1,0,1,0
1772,922395,13525,35,-483,13077,2408,2045,-28048,0,0,1,0,1,0
1773,922916,10557,139,-520,10176,2048,8094,-30208,0,0,1,0,1,0
1774,923437,7182,238,-537,6883,1609,13832,-31207,0,0,1,0,1,0
1775,923958,3532,328,-534,3326,1108,19038,-31006,0,0,1,0,1,0
1776,924479,-254,405,-510,-359,565,23513,-29614,0,0,1,0,1,0
1777,925000,-4030,466,-466,-4030,0,27084,-27084,0,0,1,0,1,0
1778,925520,-7651,510,-405,-7546,-565,29614,-23513,0,0,1,0,1,0
1779,926041,-10979,534,-328,-10772,-1108,31006,-19038,0,0,1,0,1,0
1780,926562,-13884,537,-238,-13585,-1609,31207,-13832,0,0,1,0,1,0
1781,927083,-16256,520,-139,-15875,-2048,30208,-8094,0,0,1,0,1,0
1782,927604,-18003,483,-35,-17555,-2408,28048,-2045,0,0,1,0,1,0
1783,928125,-19058,427,70,-18561,-2675,24811,4082,0,0,1,0,1,0
1784,928645,-19381,355,173,-18853,-2840,20620,10053,0,0,1,0,1,0
1785,929166,-18959,269,269,-18421,-2896,15637,15637,0,0,1,0,1,0
1786,929687,-17809,173,355,-17281,-2840,10053,20620,0,0,1,0,1,0
1787,930208,-15974,70,427,-15476,-2675,4082,24811,0,0,1,0,1,0
1788,930729,-13525,-35,483,-13077,-2408,-2045,28048,0,0,1,0,1,0
1789,931250,-10557,-139,520,-10176,-2048,-8094,30208,0,0,1,0,1,0
1790,931770,-7182,-238,537,-6883,-1609,-13832,31207,0,0,1,0,1,0
1791,932291,-3532,-328,534,-3326,-1108,-19038,31006,0,0,1,0,1,0
1792,932812,254,-405,510,359,-565,-23513,29614,0,0,1,0,1,0
1793,933333,4030,-466,466,4030,0,-27084,27084,0,0,1,0,1,0
1794,933854,7651,-510,405,7546,565,-29614,23513,0,0,1,0,1,0
1795,934375,10979,-534,328,10772,1108,-31006,19038,0,0,1,0,1,0
1796,934895,13884,-537,238,13585,1609,-31207,13832,0,0,1,0,1,0
1797,935416,16256,-520,139,15875,2048,-30208,8094,0,0,1,0,1,0
1798,935937,18003,-483,35,17555,2408,-28048,2045,0,0,1,0,1,0
1799,936458,19058,-427,-70,18561,2675,-24811,-4082,0,0,1,0,1,0
1800,936979,19381,-355,-173,18853,2840,-20620,-10053,0,0,1,0,1,0
1801,937500,18959,-269,-269,18421,2896,-15637,-15637,0,0,1,0,1,0
1802,938020,17809,-173,-355,17281,2840,-10053,-20620,0,0,1,0,1,0
1803,938541,15974,-70,-427,15476,2675,-4082,-24811,0,0,1,0,1,0
1804,939062,13525,35,-483,13077,2408,2045,-28048,0,0,1,0,1,0
1805,939583,10557,139,-520,10176,2048,8094,-30208,0,0,1,0,1,0
1806,940104,7182,238,-537,6883,1609,13832,-31207,0,0,1,0,1,0
1807,940625,3532,328,-534,3326,1108,19038,-31006,0,0,1,0,1,0
1808,941145,-254,405,-510,-359,565,23513,-29614,0,0,1,0,1,0
1809,941666,-4030,466,-466,-4030,0,27084,-27084,0,0,1,0,1,0
1810,942187,-7651,510,-405,-7546,-565,29614,-23513,0,0,1,0,1,0
1811,942708,-10979,534,-328,-10772,-1108,31006,-19038,0,0,1,0,1,0
1812,943229,-13884,537,-238,-13585,-1609,31207,-13832,0,0,1,0,1,0
1813,943750,-16256,520,-139,-15875,-2048,30208,-8094,0,0,1,0,1,0
1814,944270,-18003,483,-35,-17555,-2408,28048,-2045,0,0,1,0,1,0
1815,944791,-19058,427,70,-18561,-2675,24811,4082,0,0,1,0,1,0
1816,945312,-19381,355,173,-18853,-2840,20620,10053,0,0,1,0,1,0
1817,945833,-18959,269,269,-18421,-2896,15637,15637,0,0,1,0,1,0
1818,946354,-17809,173,355,-17281,-2840,10053,20620,0,0,1,0,1,0
1819,946875,-15974,70,427,-15476,-2675,4082,24811,0,0,1,0,1,0
1820,947395,-13525,-35,483,-13077,-2408,-2045,28048,0,0,1,0,1,0
1821,947916,-10557,-139,520,-10176,-2048,-8094,30208,0,0,1,0,1,0
1822,948437,-7182,-238,537,-6883,-1609,-13832,31207,0,0,1,0,1,0
1823,948958,-3532,-328,534,-3326,-1108,-19038,31006,0,0,1,0,1,0
1824,949479,254,-405,510,359,-565,-23513,29614,0,0,1,0,1,0
1825,950000,4030,-466,466,4030,0,-27084,27084,0,0,1,0,1,0
1826,950520,7651,-510,405,7546,565,-29614,23513,0,0,1,0,1,0
1827,951041,10979,-534,328,10772,1108,-31006,19038,0,0,1,0,1,0
1828,951562,13884,-537,238,13585,1609,-31207,13832,0,0,1,0,1,0
1829,952083,16256,-520,139,15875,2048,-30208,8094,0,0,1,0,1,0
1830,952604,18003,-483,35,17555,2408,-28048,2045,0,0,1,0,1,0
1831,953125,19058,-427,-70,18561,2675,-24811,-4082,0,0,1,0,1,0
1832,953645,19381,-355,-173,18853,2840,-20620,-10053,0,0,1,0,1,0
1833,954166,18959,-269,-269,18421,2896,-15637,-15637,0,0,1,0,1,0
1834,954687,17809,-173,-355,17281,2840,-10053,-20620,0,0,1,0,1,0
1835,955208,15974,-70,-427,15476,2675,-4082,-24811,0,0,1,0,1,0
1836,955729,13525,35,-483,13077,2408,2045,-28048,0,0,1,0,1,0
1837,956250,10557,139,-520,10176,2048,8094,-30208,0,0,1,0,1,0
1838,956770,7182,238,-537,6883,1609,13832,-31207,0,0,1,0,1,0
1839,957291,3532,328,-534,3326,1108,19038,-31006,0,0,1,0,1,0
1840,957812,-254,405,-510,-359,565,23513,-29614,0,0,1,0,1,0
1841,958333,-4030,466,-466,-4030,0,27084,-27084,0,0,1,0,1,0
1842,958854,-7651,510,-405,-7546,-565,29614,-23513,0,0,1,0,1,0
1843,959375,-10979,534,-328,-10772,-1108,31006,-19038,0,0,1,0,1,0
1844,959895,-13884,537,-238,-13585,-1609,31207,-13832,0,0,1,0,1,0
1845,960416,-16256,520,-139,-15875,-2048,30208,-8094,0,0,1,0,1,0
1846,960937,-18003,483,-35,-17555,-2408,28048,-2045,0,0,1,0,1,0
1847,961458,-19058,427,70,-18561,-2675,24811,4082,0,0,1,0,1,0
1848,961979,-19381,355,173,-18853,-2840,20620,10053,0,0,1,0,1,0
1849,962500,-18959,269,269,-18421,-2896,15637,15637,0,0,1,0,1,0
1850,963020,-17809,173,355,-17281,-2840,10053,20620,0,0,1,0,1,0
1851,963541,-15974,70,427,-15476,-2675,4082,24811,0,0,1,0,1,0
1852,964062,-13525,-35,483,-13077,-2408,-2045,28048,0,0,1,0,1,0
1853,964583,-10557,-139,520,-10176,-2048,-8094,30208,0,0,1,0,1,0
1854,965104,-7182,-238,537,-6883,-1609,-13832,31207,0,0,1,0,1,0
1855,965625,-3532,-328,534,-3326,-1108,-19038,31006,0,0,1,0,1,0
1856,966145,254,-405,510,359,-565,-23513,29614,0,0,1,0,1,0
1857,966666,4030,-466,466,4030,0,-27084,27084,0,0,1,0,1,0
1858,967187,7651,-510,405,7546,565,-29614,23513,0,0,1,0,1,0
1859,967708,10979,-534,328,10772,1108,-31006,19038,0,0,1,0,1,0
1860,968229,13884,-537,238,13585,1609,-31207,13832,0,0,1,0,1,0
1861,968750,16256,-520,139,15875,2048,-30208,8094,0,0,1,0,1,0
1862,969270,18003,-483,35,17555,2408,-28048,2045,0,0,1,0,1,0
1863,969791,19058,-427,-70,18561,2675,-24811,-4082,0,0,1,0,1,0
1864,970312,19381,-355,-173,18853,2840,-20620,-10053,0,0,1,0,1,0
1865,970833,18959,-269,-269,18421,2896,-15637,-15637,0,0,1,0,1,0
1866,971354,17809,-173,-355,17281,2840,-10053,-20620,0,0,1,0,1,0
1867,971875,15974,-70,-427,15476,2675,-4082,-24811,0,0,1,0,1,0
1868,972395,13525,35,-483,13077,2408,2045,-28048,0,0,1,0,1,0
1869,972916,10557,139,-520,10176,2048,8094,-30208,0,0,1,0,1,0
1870,973437,7182,238,-537,6883,1609,13832,-31207,0,0,1,0,1,0
1871,973958,3532,328,-534,3326,1108,19038,-31006,0,0,1,0,1,0
1872,974479,-254,405,-510,-359,565,23513,-29614,0,0,1,0,1,0
1873,975000,-4030,466,-466,-4030,0,27084,-27084,0,0,1,0,1,0
1874,975520,-7651,510,-405,-7546,-565,29614,-23513,0,0,1,0,1,0
1875,976041,-10979,534,-328,-10772,-1108,31006,-19038,0,0,1,0,1,0
1876,976562,-13884,537,-238,-13585,-1609,31207,-13832,0,0,1,0,1,0
1877,977083,-16256,520,-139,-15875,-2048,30208,-8094,0,0,1,0,1,0
1878,977604,-18003,483,-35,-17555,-2408,28048,-2045,0,0,1,0,1,0
1879,978125,-19058,427,70,-18561,-2675,24811,4082,0,0,1,0,1,0
1880,978645,-19381,355,173,-18853,-2840,20620,10053,0,0,1,0,1,0
1881,979166,-18959,269,269,-18421,-2896,15637,15637,0,0,1,0,1,0
1882,979687,-17809,173,355,-17281,-2840,10053,20620,0,0,1,0,1,0
1883,980208,-15974,70,427,-15476,-2675,4082,24811,0,0,1,0,1,0
1884,980729,-13525,-35,483,-13077,-2408,-2045,28048,0,0,1,0,1,0
1885,981250,-10557,-139,520,-10176,-2048,-8094,30208,0,0,1,0,1,0
1886,981770,-7182,-238,537,-6883,-1609,-13832,31207,0,0,1,0,1,0
1887,982291,-3532,-328,534,-3326,-1108,-19038,31006,0,0,1,0,1,0
1888,982812,254,-405,510,359,-565,-23513,29614,0,0,1,0,1,0
1889,983333,4030,-466,466,4030,0,-27084,27084,0,0,1,0,1,0
1890,983854,7651,-510,405,7546,565,-29614,23513,0,0,1,0,1,0
1891,984375,10979,-534,328,10772,1108,-31006,19038,0,0,1,0,1,0
1892,984895,13884,-537,238,13585,1609,-31207,13832,0,0,1,0,1,0
1893,985416,16256,-520,139,15875,2048,-30208,8094,0,0,1,0,1,0
1894,985937,18003,-483,35,17555,2408,-28048,2045,0,0,1,0,1,0
1895,986458,19058,-427,-70,18561,2675,-24811,-4082,0,0,1,0,1,0
1896,986979,19381,-355,-173,18853,2840,-20620,-10053,0,0,1,0,1,0
1897,987500,18959,-269,-269,18421,2896,-15637,-15637,0,0,1,0,1,0
1898,988020,17809,-173,-355,17281,2840,-10053,-20620,0,0,1,0,1,0
1899,988541,15974,-70,-427,15476,2675,-4082,-24811,0,0,1,0,1,0
1900,989062,13525,35,-483,13077,2408,2045,-28048,0,0,1,0,1,0
1901,989583,10557,139,-520,10176,2048,8094,-30208,0,0,1,0,1,0
1902,990104,7182,238,-537,6883,1609,13832,-31207,0,0,1,0,1,0
1903,990625,3532,328,-534,3326,1108,19038,-31006,0,0,1,0,1,0
1904,991145,-254,405,-510,-359,565,23513,-29614,0,0,1,0,1,0
1905,991666,-4030,466,-466,-4030,0,27084,-27084,0,0,1,0,1,0
1906,992187,-7651,510,-405,-7546,-565,29614,-23513,0,0,1,0,1,0
1907,992708,-10979,534,-328,-10772,-1108,31006,-19038,0,0,1,0,1,0
1908,993229,-13884,537,-238,-13585,-1609,31207,-13832,0,0,1,0,1,0
1909,993750,-16256,520,-139,-15875,-2048,30208,-8094,0,0,1,0,1,0
1910,994270,-18003,483,-35,-17555,-2408,28048,-2045,0,0,1,0,1,0
1911,994791,-19058,427,70,-18561,-2675,24811,4082,0,0,1,0,1,0
1912,995312,-19381,355,173,-18853,-2840,20620,10053,0,0,1,0,1,0
1913,995833,-18959,269,269,-18421,-2896,15637,15637,0,0,1,0,1,0
1914,996354,-17809,173,355,-17281,-2840,10053,20620,0,0,1,0,1,0
1915,996875,-15974,70,427,-15476,-2675,4082,24811,0,0,1,0,1,0
1916,997395,-13525,-35,483,-13077,-2408,-2045,28048,0,0,1,0,1,0
1917,997916,-10557,-139,520,-10176,-2048,-8094,30208,0,0,1,0,1,0
1918,998437,-7182,-238,537,-6883,-1609,-13832,31207,0,0,1,0,1,0
1919,998958,-3532,-328,534,-3326,-1108,-19038,31006,0,0,1,0,1,0
1920,999479,254,-405,510,359,-565,-23513,29614,0,0,1,0,1,0
1921,1000000,4030,-466,466,4030,0,-27084,27084,0,0,1,0,1,0
1922,1000520,7651,-510,405,7546,565,-29614,23513,0,0,1,0,1,0
1923,1001041,10979,-534,328,10772,1108,-31006,19038,0,0,1,0,1,0
1924,1001562,13884,-537,238,13585,1609,-31207,13832,0,0,1,0,1,0
1925,1002083,16256,-520,139,15875,2048,-30208,8094,0,0,1,0,1,0
1926,1002604,18003,-483,35,17555,2408,-28048,2045,0,0,1,0,1,0
1927,1003125,19058,-427,-70,18561,2675,-24811,-4082,0,0,1,0,1,0
1928,1003645,19381,-355,-173,18853,2840,-20620,-10053,0,0,1,0,1,0
1929,1004166,18959,-269,-269,18421,2896,-15637,-15637,0,0,1,0,1,0
1930,1004687,17809,-173,-355,17281,2840,-10053,-20620,0,0,1,0,1,0
1931,1005208,15974,-70,-427,15476,2675,-4082,-24811,0,0,1,0,1,0
1932,1005729,13525,35,-483,13077,2408,2045,-28048,0,0,1,0,1,0
1933,1006250,10557,139,-520,10176,2048,8094,-30208,0,0,1,0,1,0
1934,1006770,7182,238,-537,6883,1609,13832,-31207,0,0,1,0,1,0
1935,1007291,3532,328,-534,3326,1108,19038,-31006,0,0,1,0,1,0
1936,1007812,-254,405,-510,-359,565,23513,-29614,0,0,1,0,1,0
1937,1008333,-4030,466,-466,-4030,0,27084,-27084,0,0,1,0,1,0
1938,1008854,-7651,510,-405,-7546,-565,29614,-23513,0,0,1,0,1,0
1939,1009374,-10979,534,-328,-10772,-1108,31006,-19038,0,0,1,0,1,0
1940,1009895,-13884,537,-238,-13585,-1609,31207,-13832,0,0,1,0,1,0
1941,1010416,-16256,520,-139,-15875,-2048,30208,-8094,0,0,1,0,1,0
1942,1010937,-18003,483,-35,-17555,-2408,28048,-2045,0,0,1,0,1,0
1943,1011458,-19058,427,70,-18561,-2675,24811,4082,0,0,1,0,1,0
1944,1011979,-19381,355,173,-18853,-2840,20620,10053,0,0,1,0,1,0
1945,1012500,-18959,269,269,-18421,-2896,15637,15637,0,0,1,0,1,0
1946,1013020,-17809,173,355,-17281,-2840,10053,20620,0,0,1,0,1,0
1947,1013541,-15974,70,427,-15476,-2675,4082,24811,0,0,1,0,1,0
1948,1014062,-13525,-35,483,-13077,-2408,-2045,28048,0,0,1,0,1,0
1949,1014583,-10557,-139,520,-10176,-2048,-8094,30208,0,0,1,0,1,0
1950,1015104,-7182,-238,537,-6883,-1609,-13832,31207,0,0,1,0,1,0
1951,1015625,-3532,-328,534,-3326,-1108,-19038,31006,0,0,1,0,1,0
1952,1016145,254,-405,510,359,-565,-23513,29614,0,0,1,0,1,0
1953,1016666,4030,-466,466,4030,0,-27084,27084,0,0,1,0,1,0
1954,1017187,7651,-510,405,7546,565,-29614,23513,0,0,1,0,1,0
1955,1017708,10979,-534,328,10772,1108,-31006,19038,0,0,1,0,1,0
1956,1018229,13884,-537,238,13585,1609,-31207,13832,0,0,1,0,1,0
1957,1018750,16256,-520,139,15875,2048,-30208,8094,0,0,1,0,1,0
1958,1019270,18003,-483,35,17555,2408,-28048,2045,0,0,1,0,1,0
1959,1019791,19058,-427,-70,18561,2675,-24811,-4082,0,0,1,0,1,0
1960,1020312,19381,-355,-173,18853,2840,-20620,-10053,0,0,1,0,1,0
1961,1020833,18959,-269,-269,18421,2896,-15637,-15637,0,0,1,0,1,0
1962,1021354,17809,-173,-355,17281,2840,-10053,-20620,0,0,1,0,1,0
1963,1021875,15974,-70,-427,15476,2675,-4082,-24811,0,0,1,0,1,0
1964,1022395,13525,35,-483,13077,2408,2045,-28048,0,0,1,0,1,0
1965,1022916,10557,139,-520,10176,2048,8094,-30208,0,0,1,0,1,0
1966,1023437,7182,238,-537,6883,1609,13832,-31207,0,0,1,0,1,0
1967,1023958,3532,328,-534,3326,1108,19038,-31006,0,0,1,0,1,0
1968,1024479,-254,405,-510,-359,565,23513,-29614,0,0,1,0,1,0
1969,1024999,-4030,466,-466,-4030,0,27084,-27084,0,0,1,0,1,0
1970,1025520,-7651,510,-405,-7546,-565,29614,-23513,0,0,1,0,1,0
1971,1026041,-10979,534,-328,-10772,-1108,31006,-19038,0,0,1,0,1,0
1972,1026562,-13884,537,-238,-13585,-1609,31207,-13832,0,0,1,0,1,0
1973,1027083,-16256,520,-139,-15875,-2048,30208,-8094,0,0,1,0,1,0
1974,1027604,-18003,483,-35,-17555,-2408,28048,-2045,0,0,1,0,1,0
1975,1028125,-19058,427,70,-18561,-2675,24811,4082,0,0,1,0,1,0
1976,1028645,-19381,355,173,-18853,-2840,20620,10053,0,0,1,0,1,0
1977,1029166,-18959,269,269,-18421,-2896,15637,15637,0,0,1,0,1,0
1978,1029687,-17809,173,355,-17281,-2840,10053,20620,0,0,1,0,1,0
1979,1030208,-15974,70,427,-15476,-2675,4082,24811,0,0,1,0,1,0
1980,1030729,-13525,-35,483,-13077,-2408,-2045,28048,0,0,1,0,1,0
1981,1031250,-10557,-139,520,-10176,-2048,-8094,30208,0,0,1,0,1,0
1982,1031770,-7182,-238,537,-6883,-1609,-13832,31207,0,0,1,0,1,0
1983,1032291,-3532,-328,534,-3326,-1108,-19038,31006,0,0,1,0,1,0
1984,1032812,254,-405,510,359,-565,-23513,29614,0,0,1,0,1,0
1985,1033333,4030,-466,466,4030,0,-27084,27084,0,0,1,0,1,0
1986,1033854,7651,-510,405,7546,565,-29614,23513,0,0,1,0,1,0
1987,1034375,10979,-534,328,10772,1108,-31006,19038,0,0,1,0,1,0
1988,1034895,13884,-537,238,13585,1609,-31207,13832,0,0,1,0,1,0
1989,1035416,16256,-520,139,15875,2048,-30208,8094,0,0,1,0,1,0
1990,1035937,18003,-483,35,17555,2408,-28048,2045,0,0,1,0,1,0
1991,1036458,19058,-427,-70,18561,2675,-24811,-4082,0,0,1,0,1,0
1992,1036979,19381,-355,-173,18853,2840,-20620,-10053,0,0,1,0,1,0
1993,1037500,18959,-269,-269,18421,2896,-15637,-15637,0,0,1,0,1,0
1994,1038020,17809,-173,-355,17281,2840,-10053,-20620,0,0,1,0,1,0
1995,1038541,15974,-70,-427,15476,2675,-4082,-24811,0,0,1,0,1,0
1996,1039062,13525,35,-483,13077,2408,2045,-28048,0,0,1,0,1,0
1997,1039583,10557,139,-520,10176,2048,8094,-30208,0,0,1,0,1,0
1998,1040104,7182,238,-537,6883,1609,13832,-31207,0,0,1,0,1,0
1999,1040624,3532,328,-534,3326,1108,19038,-31006,0,0,1,0,1,0
2000,1041145,-254,405,-510,-359,565,23513,-29614,0,0,1,0,1,0
2001,1041666,-4030,466,-466,-4030,0,27084,-27084,0,0,1,0,1,0
2002,1042187,-7651,510,-405,-7546,-565,29614,-23513,0,0,1,0,1,0
2003,1042708,-10979,534,-328,-10772,-1108,31006,-19038,0,0,1,0,1,0
2004,1043229,-13884,537,-238,-13585,-1609,31207,-13832,0,0,1,0,1,0
2005,1043750,-16256,520,-139,-15875,-2048,30208,-8094,0,0,1,0,1,0
2006,1044270,-18003,483,-35,-17555,-2408,28048,-2045,0,0,1,0,1,0
2007,1044791,-19058,427,70,-18561,-2675,24811,4082,0,0,1,0,1,0
2008,1045312,-19381,355,173,-18853,-2840,20620,10053,0,0,1,0,1,0
2009,1045833,-18959,269,269,-18421,-2896,15637,15637,0,0,1,0,1,0
2010,1046354,-17809,173,355,-17281,-2840,10053,20620,0,0,1,0,1,0
2011,1046875,-15974,70,427,-15476,-2675,4082,24811,0,0,1,0,1,0
2012,1047395,-13525,-35,483,-13077,-2408,-2045,28048,0,0,1,0,1,0
2013,1047916,-10557,-139,520,-10176,-2048,-8094,30208,0,0,1,0,1,0
2014,1048437,-7182,-238,537,-6883,-1609,-13832,31207,0,0,1,0,1,0
2015,1048958,-3532,-328,534,-3326,-1108,-19038,31006,0,0,1,0,1,0
2016,1049479,254,-405,510,359,-565,-23513,29614,0,0,1,0,1,0
2017,1050000,4030,-466,466,4030,0,-27084,27084,0,0,1,0,1,0
2018,1050520,7651,-510,405,7546,565,-29614,23513,0,0,1,0,1,0
2019,1051041,10979,-534,328,10772,1108,-31006,19038,0,0,1,0,1,0
2020,1051562,13884,-537,238,13585,1609,-31207,13832,0,0,1,0,1,0
2021,1052083,16256,-520,139,15875,2048,-30208,8094,0,0,1,0,1,0
2022,1052604,18003,-483,35,17555,2408,-28048,2045,0,0,1,0,1,0
2023,1053125,19058,-427,-70,18561,2675,-24811,-4082,0,0,1,0,1,0
2024,1053645,19381,-355,-173,18853,2840,-20620,-10053,0,0,1,0,1,0
2025,1054166,18959,-269,-269,18421,2896,-15637,-15637,0,0,1,0,1,0
2026,1054687,17809,-173,-355,17281,2840,-10053,-20620,0,0,1,0,1,0
2027,1055208,15974,-70,-427,15476,2675,-4082,-24811,0,0,1,0,1,0
2028,1055729,13525,35,-483,13077,2408,2045,-28048,0,0,1,0,1,0
2029,1056250,10557,139,-520,10176,2048,8094,-30208,0,0,1,0,1,0
2030,1056770,7182,238,-537,6883,1609,13832,-31207,0,0,1,0,1,0
2031,1057291,3532,328,-534,3326,1108,19038,-31006,0,0,1,0,1,0
2032,1057812,-254,405,-510,-359,565,23513,-29614,0,0,1,0,1,0
2033,1058333,-4030,466,-466,-4030,0,27084,-27084,0,0,1,0,1,0
2034,1058854,-7651,510,-405,-7546,-565,29614,-23513,0,0,1,0,1,0
2035,1059375,-10979,534,-328,-10772,-1108,31006,-19038,0,0,1,0,1,0
2036,1059895,-13884,537,-238,-13585,-1609,31207,-13832,0,0,1,0,1,0
2037,1060416,-16256,520,-139,-15875,-2048,30208,-8094,0,0,1,0,1,0
2038,1060937,-18003,483,-35,-17555,-2408,28048,-2045,0,0,1,0,1,0
2039,1061458,-19058,427,70,-18561,-2675,24811,4082,0,0,1,0,1,0
2040,1061979,-19381,355,173,-18853,-2840,20620,10053,0,0,1,0,1,0
2041,1062500,-18959,269,269,-18421,-2896,15637,15637,0,0,1,0,1,0
2042,1063020,-17809,173,355,-17281,-2840,10053,20620,0,0,1,0,1,0
2043,1063541,-15974,70,427,-15476,-2675,4082,24811,0,0,1,0,1,0
2044,1064062,-13525,-35,483,-13077,-2408,-2045,28048,0,0,1,0,1,0
2045,1064583,-10557,-139,520,-10176,-2048,-8094,30208,0,0,1,0,1,0
2046,1065104,-7182,-238,537,-6883,-1609,-13832,31207,0,0,1,0,1,0
2047,1065625,-3532,-328,534,-3326,-1108,-19038,31006,0,0,1,0,1,0
2048,1066145,254,-405,510,359,-565,-23513,29614,0,0,1,0,1,0
2049,1066666,4030,-466,466,4030,0,-27084,27084,0,0,1,0,1,0
2050,1067187,7651,-510,405,7546,565,-29614,23513,0,0,1,0,1,0
2051,1067708,10979,-534,328,10772,1108,-31006,19038,0,0,1,0,1,0
2052,1068229,13884,-537,238,13585,1609,-31207,13832,0,0,1,0,1,0
2053,1068750,16256,-520,139,15875,2048,-30208,8094,0,0,1,0,1,0
2054,1069270,18003,-483,35,17555,2408,-28048,2045,0,0,1,0,1,0
2055,1069791,19058,-427,-70,18561,2675,-24811,-4082,0,0,1,0,1,0
2056,1070312,19381,-355,-173,18853,2840,-20620,-10053,0,0,1,0,1,0
2057,1070833,18959,-269,-269,18421,2896,-15637,-15637,0,0,1,0,1,0
2058,1071354,17809,-173,-355,17281,2840,-10053,-20620,0,0,1,0,1,0
2059,1071875,15974,-70,-427,15476,2675,-4082,-24811,0,0,1,0,1,0
2060,1072395,13525,35,-483,13077,2408,2045,-28048,0,0,1,0,1,0
2061,1072916,10557,139,-520,10176,2048,8094,-30208,0,0,1,0,1,0
2062,1073437,7182,238,-537,6883,1609,13832,-31207,0,0,1,0,1,0
2063,1073958,3532,328,-534,3326,1108,19038,-31006,0,0,1,0,1,0
2064,1074479,-254,405,-510,-359,565,23513,-29614,0,0,1,0,1,0
2065,1075000,-4030,466,-466,-4030,0,27084,-27084,0,0,1,0,1,0
2066,1075520,-7651,510,-405,-7546,-565,29614,-23513,0,0,1,0,1,0
2067,1076041,-10979,534,-328,-10772,-1108,31006,-19038,0,0,1,0,1,0
2068,1076562,-13884,537,-238,-13585,-1609,31207,-13832,0,0,1,0,1,0
2069,1077083,-16256,520,-139,-15875,-2048,30208,-8094,0,0,1,0,1,0
2070,1077604,-18003,483,-35,-17555,-2408,28048,-2045,0,0,1,0,1,0
2071,1078125,-19058,427,70,-18561,-2675,24811,4082,0,0,1,0,1,0
2072,1078645,-19381,355,173,-18853,-2840,20620,10053,0,0,1,0,1,0
2073,1079166,-18959,269,269,-18421,-2896,15637,15637,0,0,1,0,1,0
2074,1079687,-17809,173,355,-17281,-2840,10053,20620,0,0,1,0,1,0
2075,1080208,-15974,70,427,-15476,-2675,4082,24811,0,0,1,0,1,0
2076,1080729,-13525,-35,483,-13077,-2408,-2045,28048,0,0,1,0,1,0
2077,1081250,-10557,-139,520,-10176,-2048,-8094,30208,0,0,1,0,1,0
2078,1081770,-7182,-238,537,-6883,-1609,-13832,31207,0,0,1,0,1,0
2079,1082291,-3532,-328,534,-3326,-1108,-19038,31006,0,0,1,0,1,0
2080,1082812,254,-405,510,359,-565,-23513,29614,0,0,1,0,1,0
2081,1083333,4030,-466,466,4030,0,-27084,27084,0,0,1,0,1,0
2082,1083854,7651,-510,405,7546,565,-29614,23513,0,0,1,0,1,0
2083,1084375,10979,-534,328,10772,1108,-31006,19038,0,0,1,0,1,0
2084,1084895,13884,-537,238,13585,1609,-31207,13832,0,0,1,0,1,0
2085,1085416,16256,-520,139,15875,2048,-30208,8094,0,0,1,0,1,0
2086,1085937,18003,-483,35,17555,2408,-28048,2045,0,0,1,0,1,0
2087,1086458,19058,-427,-70,18561,2675,-24811,-4082,0,0,1,0,1,0
2088,1086979,19381,-355,-173,18853,2840,-20620,-10053,0,0,1,0,1,0
2089,1087500,18959,-269,-269,18421,2896,-15637,-15637,0,0,1,0,1,0
2090,1088020,17809,-173,-355,17281,2840,-10053,-20620,0,0,1,0,1,0
2091,1088541,15974,-70,-427,15476,2675,-4082,-24811,0,0,1,0,1,0
2092,1089062,13525,35,-483,13077,2408,2045,-28048,0,0,1,0,1,0
2093,1089583,10557,139,-520,10176,2048,8094,-30208,0,0,1,0,1,0
2094,1090104,7182,238,-537,6883,1609,13832,-31207,0,0,1,0,1,0
2095,1090625,3532,328,-534,3326,1108,19038,-31006,0,0,1,0,1,0
2096,1091145,-254,405,-510,-359,565,23513,-29614,0,0,1,0,1,0
2097,1091666,-4030,466,-466,-4030,0,27084,-27084,0,0,1,0,1,0
2098,1092187,-7651,510,-405,-7546,-565,29614,-23513,0,0,1,0,1,0
2099,1092708,-10979,534,-328,-10772,-1108,31006,-19038,0,0,1,0,1,0
2100,1093229,-13884,537,-238,-13585,-1609,31207,-13832,0,0,1,0,1,0
2101,1093750,-16256,520,-139,-15875,-2048,30208,-8094,0,0,1,0,1,0
2102,1094270,-18003,483,-35,-17555,-2408,28048,-2045,0,0,1,0,1,0
2103,1094791,-19058,427,70,-18561,-2675,24811,4082,0,0,1,0,1,0
2104,1095312,-19381,355,173,-18853,-2840,20620,10053,0,0,1,0,1,0
2105,1095833,-18959,269,269,-18421,-2896,15637,15637,0,0,1,0,1,0
2106,1096354,-17809,173,355,-17281,-2840,10053,20620,0,0,1,0,1,0
2107,1096875,-15974,70,427,-15476,-2675,4082,24811,0,0,1,0,1,0
2108,1097395,-13525,-35,483,-13077,-2408,-2045,28048,0,0,1,0,1,0
2109,1097916,-10557,-139,520,-10176,-2048,-8094,30208,0,0,1,0,1,0
2110,1098437,-7182,-238,537,-6883,-1609,-13832,31207,0,0,1,0,1,0
2111,1098958,-3532,-328,534,-3326,-1108,-19038,31006,0,0,1,0,1,0
2112,1099479,254,-405,510,359,-565,-23513,29614,0,0,1,0,1,0
2113,1100000,4030,-466,466,4030,0,-27084,27084,0,0,1,0,1,0
2114,1100520,7651,-510,405,7546,565,-29614,23513,0,0,1,0,1,0
2115,1101041,10979,-534,328,10772,1108,-31006,19038,0,0,1,0,1,0
2116,1101562,13884,-537,238,13585,1609,-31207,13832,0,0,1,0,1,0
2117,1102083,16256,-520,139,15875,2048,-30208,8094,0,0,1,0,1,0
2118,1102604,18003,-483,35,17555,2408,-28048,2045,0,0,1,0,1,0
2119,1103125,19058,-427,-70,18561,2675,-24811,-4082,0,0,1,0,1,0
2120,1103645,19381,-355,-173,18853,2840,-20620,-10053,0,0,1,0,1,0
2121,1104166,18959,-269,-269,18421,2896,-15637,-15637,0,0,1,0,1,0
2122,1104687,17809,-173,-355,17281,2840,-10053,-20620,0,0,1,0,1,0
2123,1105208,15974,-70,-427,15476,2675,-4082,-24811,0,0,1,0,1,0
2124,1105729,13525,35,-483,13077,2408,2045,-28048,0,0,1,0,1,0
2125,1106250,10557,139,-520,10176,2048,8094,-30208,0,0,1,0,1,0
2126,1106770,7182,238,-537,6883,1609,13832,-31207,0,0,1,0,1,0
2127,1107291,3532,328,-534,3326,1108,19038,-31006,0,0,1,0,1,0
2128,1107812,-254,405,-510,-359,565,23513,-29614,0,0,1,0,1,0
2129,1108333,-4030,466,-466,-4030,0,27084,-27084,0,0,1,0,1,0
2130,1108854,-7651,510,-405,-7546,-565,29614,-23513,0,0,1,0,1,0
2131,1109375,-10979,534,-328,-10772,-1108,31006,-19038,0,0,1,0,1,0
2132,1109895,-13884,537,-238,-13585,-1609,31207,-13832,0,0,1,0,1,0
2133,1110416,-16256,520,-139,-15875,-2048,30208,-8094,0,0,1,0,1,0
2134,1110937,-18003,483,-35,-17555,-2408,28048,-2045,0,0,1,0,1,0
2135,1111458,-19058,427,70,-18561,-2675,24811,4082,0,0,1,0,1,0
2136,1111979,-19381,355,173,-18853,-2840,20620,10053,0,0,1,0,1,0
2137,1112500,-18959,269,269,-18421,-2896,15637,15637,0,0,1,0,1,0
2138,1113020,-17809,173,355,-17281,-2840,10053,20620,0,0,1,0,1,0
2139,1113541,-15974,70,427,-15476,-2675,4082,24811,0,0,1,0,1,0
2140,1114062,-13525,-35,483,-13077,-2408,-2045,28048,0,0,1,0,1,0
2141,1114583,-10557,-139,520,-10176,-2048,-8094,30208,0,0,1,0,1,0
2142,1115104,-7182,-238,537,-6883,-1609,-13832,31207,0,0,1,0,1,0
2143,1115625,-3532,-328,534,-3326,-1108,-19038,31006,0,0,1,0,1,0
2144,1116145,254,-405,510,359,-565,-23513,29614,0,0,1,0,1,0
2145,1116666,4030,-466,466,4030,0,-27084,27084,0,0,1,0,1,0
2146,1117187,7651,-510,405,7546,565,-29614,23513,0,0,1,0,1,0
2147,1117708,10979,-534,328,10772,1108,-31006,19038,0,0,1,0,1,0
2148,1118229,13884,-537,238,13585,1609,-31207,13832,0,0,1,0,1,0
2149,1118750,16256,-520,139,15875,2048,-30208,8094,0,0,1,0,1,0
2150,1119270,18003,-483,35,17555,2408,-28048,2045,0,0,1,0,1,0
2151,1119791,19058,-427,-70,18561,2675,-24811,-4082,0,0,1,0,1,0
2152,1120312,19381,-355,-173,18853,2840,-20620,-10053,0,0,1,0,1,0
2153,1120833,18959,-269,-269,18421,2896,-15637,-15637,0,0,1,0,1,0
2154,1121354,17809,-173,-355,17281,2840,-10053,-20620,0,0,1,0,1,0
2155,1121875,15974,-70,-427,15476,2675,-4082,-24811,0,0,1,0,1,0
2156,1122395,13525,35,-483,13077,2408,2045,-28048,0,0,1,0,1,0
2157,1122916,10557,139,-520,10176,2048,8094,-30208,0,0,1,0,1,0
2158,1123437,7182,238,-537,6883,1609,13832,-31207,0,0,1,0,1,0
2159,1123958,3532,328,-534,3326,1108,19038,-31006,0,0,1,0,1,0
2160,1124479,-254,405,-510,-359,565,23513,-29614,0,0,1,0,1,0
2161,1125000,-4030,466,-466,-4030,0,27084,-27084,0,0,1,0,1,0
2162,1125520,-7651,510,-405,-7546,-565,29614,-23513,0,0,1,0,1,0
2163,1126041,-10979,534,-328,-10772,-1108,31006,-19038,0,0,1,0,1,0
2164,1126562,-13884,537,-238,-13585,-1609,31207,-13832,0,0,1,0,1,0
2165,1127083,-16256,520,-139,-15875,-2048,30208,-8094,0,0,1,0,1,0
2166,1127604,-18003,483,-35,-17555,-2408,28048,-2045,0,0,1,0,1,0
2167,1128125,-19058,427,70,-18561,-2675,24811,4082,0,0,1,0,1,0
2168,1128645,-19381,355,173,-18853,-2840,20620,10053,0,0,1,0,1,0
2169,1129166,-18959,269,269,-18421,-2896,15637,15637,0,0,1,0,1,0
2170,1129687,-17809,173,355,-17281,-2840,10053,20620,0,0,1,0,1,0
2171,1130208,-15974,70,427,-15476,-2675,4082,24811,0,0,1,0,1,0
2172,1130729,-13525,-35,483,-13077,-2408,-2045,28048,0,0,1,0,1,0
2173,1131250,-10557,-139,520,-10176,-2048,-8094,30208,0,0,1,0,1,0
2174,1131770,-7182,-238,537,-6883,-1609,-13832,31207,0,0,1,0,1,0
2175,1132291,-3532,-328,534,-3326,-1108,-19038,31006,0,0,1,0,1,0
2176,1132812,254,-405,510,359,-565,-23513,29614,0,0,1,0,1,0
2177,1133333,4030,-466,466,4030,0,-27084,27084,0,0,1,0,1,0
2178,1133854,7651,-510,405,7546,565,-29614,23513,0,0,1,0,1,0
2179,1134375,10979,-534,328,10772,1108,-31006,19038,0,0,1,0,1,0
2180,1134895,13884,-537,238,13585,1609,-31207,13832,0,0,1,0,1,0
2181,1135416,16256,-520,139,15875,2048,-30208,8094,0,0,1,0,1,0
2182,1135937,18003,-483,35,17555,2408,-28048,2045,0,0,1,0,1,0
2183,1136458,19058,-427,-70,18561,2675,-24811,-4082,0,0,1,0,1,0
2184,1136979,19381,-355,-173,18853,2840,-20620,-10053,0,0,1,0,1,0
2185,1137500,18959,-269,-269,18421,2896,-15637,-15637,0,0,1,0,1,0
2186,1138020,17809,-173,-355,17281,2840,-10053,-20620,0,0,1,0,1,0
2187,1138541,15974,-70,-427,15476,2675,-4082,-24811,0,0,1,0,1,0
2188,1139062,13525,35,-483,13077,2408,2045,-28048,0,0,1,0,1,0
2189,1139583,10557,139,-520,10176,2048,8094,-30208,0,0,1,0,1,0
2190,1140104,7182,238,-537,6883,1609,13832,-31207,0,0,1,0,1,0
2191,1140625,3532,328,-534,3326,1108,19038,-31006,0,0,1,0,1,0
2192,1141145,-254,405,-510,-359,565,23513,-29614,0,0,1,0,1,0
2193,1141666,-4030,466,-466,-4030,0,27084,-27084,0,0,1,0,1,0
2194,1142187,-7651,510,-405,-7546,-565,29614,-23513,0,0,1,0,1,0
2195,1142708,-10979,534,-328,-10772,-1108,31006,-19038,0,0,1,0,1,0
2196,1143229,-13884,537,-238,-13585,-1609,31207,-13832,0,0,1,0,1,0
2197,1143750,-16256,520,-139,-15875,-2048,30208,-8094,0,0,1,0,1,0
2198,1144270,-18003,483,-35,-17555,-2408,28048,-2045,0,0,1,0,1,0
2199,1144791,-19058,427,70,-18561,-2675,24811,4082,0,0,1,0,1,0
2200,1145312,-19381,355,173,-18853,-2840,20620,10053,0,0,1,0,1,0
2201,1145833,-18959,269,269,-18421,-2896,15637,15637,0,0,1,0,1,0
2202,1146354,-17809,173,355,-17281,-2840,10053,20620,0,0,1,0,1,0
2203,1146875,-15974,70,427,-15476,-2675,4082,24811,0,0,1,0,1,0
2204,1147395,-13525,-35,483,-13077,-2408,-2045,28048,0,0,1,0,1,0
2205,1147916,-10557,-139,520,-10176,-2048,-8094,30208,0,0,1,0,1,0
2206,1148437,-7182,-238,537,-6883,-1609,-13832,31207,0,0,1,0,1,0
2207,1148958,-3532,-328,534,-3326,-1108,-19038,31006,0,0,1,0,1,0
2208,1149479,254,-405,510,359,-565,-23513,29614,0,0,1,0,1,0
2209,1150000,4030,-466,466,4030,0,-27084,27084,0,0,1,0,1,0
2210,1150520,7651,-510,405,7546,565,-29614,23513,0,0,1,0,1,0
2211,1151041,10979,-534,328,10772,1108,-31006,19038,0,0,1,0,1,0
2212,1151562,13884,-537,238,13585,1609,-31207,13832,0,0,1,0,1,0
2213,1152083,16256,-520,139,15875,2048,-30208,8094,0,0,1,0,1,0
2214,1152604,18003,-483,35,17555,2408,-28048,2045,0,0,1,0,1,0
2215,1153125,19058,-427,-70,18561,2675,-24811,-4082,0,0,1,0,1,0
2216,1153645,19381,-355,-173,18853,2840,-20620,-10053,0,0,1,0,1,0
2217,1154166,18959,-269,-269,18421,2896,-15637,-15637,0,0,1,0,1,0
2218,1154687,17809,-173,-355,17281,2840,-10053,-20620,0,0,1,0,1,0
2219,1155208,15974,-70,-427,15476,2675,-4082,-24811,0,0,1,0,1,0
2220,1155729,13525,35,-483,13077,2408,2045,-28048,0,0,1,0,1,0
2221,1156250,10557,139,-520,10176,2048,8094,-30208,0,0,1,0,1,0
2222,1156770,7182,238,-537,6883,1609,13832,-31207,0,0,1,0,1,0
2223,1157291,3532,328,-534,3326,1108,19038,-31006,0,0,1,0,1,0
2224,1157812,-254,405,-510,-359,565,23513,-29614,0,0,1,0,1,0
2225,1158333,-4030,466,-466,-4030,0,27084,-27084,0,0,1,0,1,0
2226,1158854,-7651,510,-405,-7546,-565,29614,-23513,0,0,1,0,1,0
2227,1159375,-10979,534,-328,-10772,-1108,31006,-19038,0,0,1,0,1,0
2228,1159895,-13884,537,-238,-13585,-1609,31207,-13832,0,0,1,0,1,0
2229,1160416,-16256,520,-139,-15875,-2048,30208,-8094,0,0,1,0,1,0
2230,1160937,-18003,483,-35,-17555,-2408,28048,-2045,0,0,1,0,1,0
2231,1161458,-19058,427,70,-18561,-2675,24811,4082,0,0,1,0,1,0
2232,1161979,-19381,355,173,-18853,-2840,20620,10053,0,0,1,0,1,0
2233,1162500,-18959,269,269,-18421,-2896,15637,15637,0,0,1,0,1,0
2234,1163020,-17809,173,355,-17281,-2840,10053,20620,0,0,1,0,1,0
2235,1163541,-15974,70,427,-15476,-2675,4082,24811,0,0,1,0,1,0
2236,1164062,-13525,-35,483,-13077,-2408,-2045,28048,0,0,1,0,1,0
2237,1164583,-10557,-139,520,-10176,-2048,-8094,30208,0,0,1,0,1,0
2238,1165104,-7182,-238,537,-6883,-1609,-13832,31207,0,0,1,0,1,0
2239,1165625,-3532,-328,534,-3326,-1108,-19038,31006,0,0,1,0,1,0
2240,1166145,254,-405,510,359,-565,-23513,29614,0,0,1,0,1,0
2241,1166666,4030,-466,466,4030,0,-27084,27084,0,0,1,0,1,0
2242,1167187,7651,-510,405,7546,565,-29614,23513,0,0,1,0,1,0
2243,1167708,10979,-534,328,10772,1108,-31006,19038,0,0,1,0,1,0
2244,1168229,13884,-537,238,13585,1609,-31207,13832,0,0,1,0,1,0
2245,1168750,16256,-520,139,15875,2048,-30208,8094,0,0,1,0,1,0
2246,1169270,18003,-483,35,17555,2408,-28048,2045,0,0,1,0,1,0
2247,1169791,19058,-427,-70,18561,2675,-24811,-4082,0,0,1,0,1,0
2248,1170312,19381,-355,-173,18853,2840,-20620,-10053,0,0,1,0,1,0
2249,1170833,18959,-269,-269,18421,2896,-15637,-15637,0,0,1,0,1,0
2250,1171354,17809,-173,-355,17281,2840,-10053,-20620,0,0,1,0,1,0
2251,1171875,15974,-70,-427,15476,2675,-4082,-24811,0,0,1,0,1,0
2252,1172395,13525,35,-483,13077,2408,2045,-28048,0,0,1,0,1,0
2253,1172916,10557,139,-520,10176,2048,8094,-30208,0,0,1,0,1,0
2254,1173437,7182,238,-537,6883,1609,13832,-31207,0,0,1,0,1,0
2255,1173958,3532,328,-534,3326,1108,19038,-31006,0,0,1,0,1,0
2256,1174479,-254,405,-510,-359,565,23513,-29614,0,0,1,0,1,0
2257,1175000,-4030,466,-466,-4030,0,27084,-27084,0,0,1,0,1,0
2258,1175520,-7651,510,-405,-7546,-565,29614,-23513,0,0,1,0,1,0
2259,1176041,-10979,534,-328,-10772,-1108,31006,-19038,0,0,1,0,1,0
2260,1176562,-13884,537,-238,-13585,-1609,31207,-13832,0,0,1,0,1,0
2261,1177083,-16256,520,-139,-15875,-2048,30208,-8094,0,0,1,0,1,0
2262,1177604,-18003,483,-35,-17555,-2408,28048,-2045,0,0,1,0,1,0
2263,1178125,-19058,427,70,-18561,-2675,24811,4082,0,0,1,0,1,0
2264,1178645,-19381,355,173,-18853,-2840,20620,10053,0,0,1,0,1,0
2265,1179166,-18959,269,269,-18421,-2896,15637,15637,0,0,1,0,1,0
2266,1179687,-17809,173,355,-17281,-2840,10053,20620,0,0,1,0,1,0
2267,1180208,-15974,70,427,-15476,-2675,4082,24811,0,0,1,0,1,0
2268,1180729,-13525,-35,483,-13077,-2408,-2045,28048,0,0,1,0,1,0
2269,1181250,-10557,-139,520,-10176,-2048,-8094,30208,0,0,1,0,1,0
2270,1181770,-7182,-238,537,-6883,-1609,-13832,31207,0,0,1,0,1,0
2271,1182291,-3532,-328,534,-3326,-1108,-19038,31006,0,0,1,0,1,0
2272,1182812,254,-405,510,359,-565,-23513,29614,0,0,1,0,1,0
2273,1183333,4030,-466,466,4030,0,-27084,27084,0,0,1,0,1,0
2274,1183854,7651,-510,405,7546,565,-29614,23513,0,0,1,0,1,0
2275,1184375,10979,-534,328,10772,1108,-31006,19038,0,0,1,0,1,0
2276,1184895,13884,-537,238,13585,1609,-31207,13832,0,0,1,0,1,0
2277,1185416,16256,-520,139,15875,2048,-30208,8094,0,0,1,0,1,0
2278,1185937,18003,-483,35,17555,2408,-28048,2045,0,0,1,0,1,0
2279,1186458,19058,-427,-70,18561,2675,-24811,-4082,0,0,1,0,1,0
2280,1186979,19381,-355,-173,18853,2840,-20620,-10053,0,0,1,0,1,0
2281,1187500,18959,-269,-269,18421,2896,-15637,-15637,0,0,1,0,1,0
2282,1188020,17809,-173,-355,17281,2840,-10053,-20620,0,0,1,0,1,0
2283,1188541,15974,-70,-427,15476,2675,-4082,-24811,0,0,1,0,1,0
2284,1189062,13525,35,-483,13077,2408,2045,-28048,0,0,1,0,1,0
2285,1189583,10557,139,-520,10176,2048,8094,-30208,0,0,1,0,1,0
2286,1190104,7182,238,-537,6883,1609,13832,-31207,0,0,1,0,1,0
2287,1190625,3532,328,-534,3326,1108,19038,-31006,0,0,1,0,1,0
2288,1191145,-254,405,-510,-359,565,23513,-29614,0,0,1,0,1,0
2289,1191666,-4030,466,-466,-4030,0,27084,-27084,0,0,1,0,1,0
2290,1192187,-7651,510,-405,-7546,-565,29614,-23513,0,0,1,0,1,0
2291,1192708,-10979,534,-328,-10772,-1108,31006,-19038,0,0,1,0,1,0
2292,1193229,-13884,537,-238,-13585,-1609,31207,-13832,0,0,1,0,1,0
2293,1193750,-16256,520,-139,-15875,-2048,30208,-8094,0,0,1,0,1,0
2294,1194270,-18003,483,-35,-17555,-2408,28048,-2045,0,0,1,0,1,0
2295,1194791,-19058,427,70,-18561,-2675,24811,4082,0,0,1,0,1,0
2296,1195312,-19381,355,173,-18853,-2840,20620,10053,0,0,1,0,1,0
2297,1195833,-18959,269,269,-18421,-2896,15637,15637,0,0,1,0,1,0
2298,1196354,-17809,173,355,-17281,-2840,10053,20620,0,0,1,0,1,0
2299,1196875,-15974,70,427,-15476,-2675,4082,24811,0,0,1,0,1,0
2300,1197395,-13525,-35,483,-13077,-2408,-2045,28048,0,0,1,0,1,0
2301,1197916,-10557,-139,520,-10176,-2048,-8094,30208,0,0,1,0,1,0
2302,1198437,-7182,-238,537,-6883,-1609,-13832,31207,0,0,1,0,1,0
2303,1198958,-3532,-328,534,-3326,-1108,-19038,31006,0,0,1,0,1,0
2304,1199479,254,-405,510,359,-565,-23513,29614,0,0,1,0,1,0
2305,1200000,4030,-466,466,4030,0,-27084,27084,0,0,1,0,1,0
2306,1200520,7651,-510,405,7546,565,-29614,23513,0,0,1,0,1,0
2307,1201041,10979,-534,328,10772,1108,-31006,19038,0,0,1,0,1,0
2308,1201562,13884,-537,238,13585,1609,-31207,13832,0,0,1,0,1,0
2309,1202083,16256,-520,139,15875,2048,-30208,8094,0,0,1,0,1,0
2310,1202604,18003,-483,35,17555,2408,-28048,2045,0,0,1,0,1,0
2311,1203125,19058,-427,-70,18561,2675,-24811,-4082,0,0,1,0,1,0
2312,1203645,19381,-355,-173,18853,2840,-20620,-10053,0,0,1,0,1,0
2313,1204166,18959,-269,-269,18421,2896,-15637,-15637,0,0,1,0,1,0
2314,1204687,17809,-173,-355,17281,2840,-10053,-20620,0,0,1,0,1,0
2315,1205208,15974,-70,-427,15476,2675,-4082,-24811,0,0,1,0,1,0
2316,1205729,13525,35,-483,13077,2408,2045,-28048,0,0,1,0,1,0
2317,1206250,10557,139,-520,10176,2048,8094,-30208,0,0,1,0,1,0
2318,1206770,7182,238,-537,6883,1609,13832,-31207,0,0,1,0,1,0
2319,1207291,3532,328,-534,3326,1108,19038,-31006,0,0,1,0,1,0
2320,1207812,-254,405,-510,-359,565,23513,-29614,0,0,1,0,1,0
2321,1208333,-4030,466,-466,-4030,0,27084,-27084,0,0,1,0,1,0
2322,1208854,-7651,510,-405,-7546,-565,29614,-23513,0,0,1,0,1,0
2323,1209375,-10979,534,-328,-10772,-1108,31006,-19038,0,0,1,0,1,0
2324,1209895,-13884,537,-238,-13585,-1609,31207,-13832,0,0,1,0,1,0
2325,1210416,-16256,520,-139,-15875,-2048,30208,-8094,0,0,1,0,1,0
2326,1210937,-18003,483,-35,-17555,-2408,28048,-2045,0,0,1,0,1,0
2327,1211458,-19058,427,70,-18561,-2675,24811,4082,0,0,1,0,1,0
2328,1211979,-19381,355,173,-18853,-2840,20620,10053,0,0,1,0,1,0
2329,1212500,-18959,269,269,-18421,-2896,15637,15637,0,0,1,0,1,0
2330,1213020,-17809,173,355,-17281,-2840,10053,20620,0,0,1,0,1,0
2331,1213541,-15974,70,427,-15476,-2675,4082,24811,0,0,1,0,1,0
2332,1214062,-13525,-35,483,-13077,-2408,-2045,28048,0,0,1,0,1,0
2333,1214583,-10557,-139,520,-10176,-2048,-8094,30208,0,0,1,0,1,0
2334,1215104,-7182,-238,537,-6883,-1609,-13832,31207,0,0,1,0,1,0
2335,1215625,-3532,-328,534,-3326,-1108,-19038,31006,0,0,1,0,1,0
2336,1216145,254,-405,510,359,-565,-23513,29614,0,0,1,0,1,0
2337,1216666,4030,-466,466,4030,0,-27084,27084,0,0,1,0,1,0
2338,1217187,7651,-510,405,7546,565,-29614,23513,0,0,1,0,1,0
2339,1217708,10979,-534,328,10772,1108,-31006,19038,0,0,1,0,1,0
2340,1218229,13884,-537,238,13585,1609,-31207,13832,0,0,1,0,1,0
2341,1218750,16256,-520,139,15875,2048,-30208,8094,0,0,1,0,1,0
2342,1219270,18003,-483,35,17555,2408,-28048,2045,0,0,1,0,1,0
2343,1219791,19058,-427,-70,18561,2675,-24811,-4082,0,0,1,0,1,0
2344,1220312,19381,-355,-173,18853,2840,-20620,-10053,0,0,1,0,1,0
2345,1220833,18959,-269,-269,18421,2896,-15637,-15637,0,0,1,0,1,0
2346,1221354,17809,-173,-355,17281,2840,-10053,-20620,0,0,1,0,1,0
2347,1221875,15974,-70,-427,15476,2675,-4082,-24811,0,0,1,0,1,0
2348,1222395,13525,35,-483,13077,2408,2045,-28048,0,0,1,0,1,0
2349,1222916,10557,139,-520,10176,2048,8094,-30208,0,0,1,0,1,0
2350,1223437,7182,238,-537,6883,1609,13832,-31207,0,0,1,0,1,0
2351,1223958,3532,328,-534,3326,1108,19038,-31006,0,0,1,0,1,0
2352,1224479,-254,405,-510,-359,565,23513,-29614,0,0,1,0,1,0
2353,1225000,-4030,466,-466,-4030,0,27084,-27084,0,0,1,0,1,0
2354,1225520,-7651,510,-405,-7546,-565,29614,-23513,0,0,1,0,1,0
2355,1226041,-10979,534,-328,-10772,-1108,31006,-19038,0,0,1,0,1,0
2356,1226562,-13884,537,-238,-13585,-1609,31207,-13832,0,0,1,0,1,0
2357,1227083,-16256,520,-139,-15875,-2048,30208,-8094,0,0,1,0,1,0
2358,1227604,-18003,483,-35,-17555,-2408,28048,-2045,0,0,1,0,1,0
2359,1228125,-19058,427,70,-18561,-2675,24811,4082,0,0,1,0,1,0
2360,1228645,-19381,355,173,-18853,-2840,20620,10053,0,0,1,0,1,0
2361,1229166,-18959,269,269,-18421,-2896,15637,15637,0,0,1,0,1,0
2362,1229687,-17809,173,355,-17281,-2840,10053,20620,0,0,1,0,1,0
2363,1230208,-15974,70,427,-15476,-2675,4082,24811,0,0,1,0,1,0
2364,1230729,-13525,-35,483,-13077,-2408,-2045,28048,0,0,1,0,1,0
2365,1231250,-10557,-139,520,-10176,-2048,-8094,30208,0,0,1,0,1,0
2366,1231770,-7182,-238,537,-6883,-1609,-13832,31207,0,0,1,0,1,0
2367,1232291,-3532,-328,534,-3326,-1108,-19038,31006,0,0,1,0,1,0
2368,1232812,254,-405,510,359,-565,-23513,29614,0,0,1,0,1,0
2369,1233333,4030,-466,466,4030,0,-27084,27084,0,0,1,0,1,0
2370,1233854,7651,-510,405,7546,565,-29614,23513,0,0,1,0,1,0
2371,1234375,10979,-534,328,10772,1108,-31006,19038,0,0,1,0,1,0
2372,1234895,13884,-537,238,13585,1609,-31207,13832,0,0,1,0,1,0
2373,1235416,16256,-520,139,15875,2048,-30208,8094,0,0,1,0,1,0
2374,1235937,18003,-483,35,17555,2408,-28048,2045,0,0,1,0,1,0
2375,1236458,19058,-427,-70,18561,2675,-24811,-4082,0,0,1,0,1,0
2376,1236979,19381,-355,-173,18853,2840,-20620,-10053,0,0,1,0,1,0
2377,1237500,18959,-269,-269,18421,2896,-15637,-15637,0,0,1,0,1,0
2378,1238020,17809,-173,-355,17281,2840,-10053,-20620,0,0,1,0,1,0
2379,1238541,15974,-70,-427,15476,2675,-4082,-24811,0,0,1,0,1,0
2380,1239062,13525,35,-483,13077,2408,2045,-28048,0,0,1,0,1,0
2381,1239583,10557,139,-520,10176,2048,8094,-30208,0,0,1,0,1,0
2382,1240104,7182,238,-537,6883,1609,13832,-31207,0,0,1,0,1,0
2383,1240625,3532,328,-534,3326,1108,19038,-31006,0,0,1,0,1,0
2384,1241145,-254,405,-510,-359,565,23513,-29614,0,0,1,0,1,0
2385,1241666,-4030,466,-466,-4030,0,27084,-27084,0,0,1,0,1,0
2386,1242187,-7651,510,-405,-7546,-565,29614,-23513,0,0,1,0,1,0
2387,1242708,-10979,534,-328,-10772,-1108,31006,-19038,0,0,1,0,1,0
2388,1243229,-13884,537,-238,-13585,-1609,31207,-13832,0,0,1,0,1,0
2389,1243750,-16256,520,-139,-15875,-2048,30208,-8094,0,0,1,0,1,0
2390,1244270,-18003,483,-35,-17555,-2408,28048,-2045,0,0,1,0,1,0
2391,1244791,-19058,427,70,-18561,-2675,24811,4082,0,0,1,0,1,0
2392,1245312,-19381,355,173,-18853,-2840,20620,10053,0,0,1,0,1,0
2393,1245833,-18959,269,269,-18421,-2896,15637,15637,0,0,1,0,1,0
2394,1246354,-17809,173,355,-17281,-2840,10053,20620,0,0,1,0,1,0
2395,1246875,-15974,70,427,-15476,-2675,4082,24811,0,0,1,0,1,0
2396,1247395,-13525,-35,483,-13077,-2408,-2045,28048,0,0,1,0,1,0
2397,1247916,-10557,-139,520,-10176,-2048,-8094,30208,0,0,1,0,1,0
2398,1248437,-7182,-238,537,-6883,-1609,-13832,31207,0,0,1,0,1,0
2399,1248958,-3532,-328,534,-3326,-1108,-19038,31006,0,0,1,0,1,0
2400,1249479,254,-405,510,359,-565,-23513,29614,0,0,1,0,1,0
2401,1250000,4030,-466,466,4030,0,-27084,27084,0,0,1,0,1,0
2402,1250520,7651,-510,405,7546,565,-29614,23513,0,0,1,0,1,0
2403,1251041,10979,-534,328,10772,1108,-31006,19038,0,0,1,0,1,0
2404,1251562,13884,-537,238,13585,1609,-31207,13832,0,0,1,0,1,0
2405,1252083,16256,-520,139,15875,2048,-30208,8094,0,0,1,0,1,0
2406,1252604,18003,-483,35,17555,2408,-28048,2045,0,0,1,0,1,0
2407,1253125,19058,-427,-70,18561,2675,-24811,-4082,0,0,1,0,1,0
2408,1253645,19381,-355,-173,18853,2840,-20620,-10053,0,0,1,0,1,0
2409,1254166,18959,-269,-269,18421,2896,-15637,-15637,0,0,1,0,1,0
2410,1254687,17809,-173,-355,17281,2840,-10053,-20620,0,0,1,0,1,0
2411,1255208,15974,-70,-427,15476,2675,-4082,-24811,0,0,1,0,1,0
2412,1255729,13525,35,-483,13077,2408,2045,-28048,0,0,1,0,1,0
2413,1256250,10557,139,-520,10176,2048,8094,-30208,0,0,1,0,1,0
2414,1256770,7182,238,-537,6883,1609,13832,-31207,0,0,1,0,1,0
2415,1257291,3532,328,-534,3326,1108,19038,-31006,0,0,1,0,1,0
2416,1257812,-254,405,-510,-359,565,23513,-29614,0,0,1,0,1,0
2417,1258333,-4030,466,-466,-4030,0,27084,-27084,0,0,1,0,1,0
2418,1258854,-7651,510,-405,-7546,-565,29614,-23513,0,0,1,0,1,0
2419,1259375,-10979,534,-328,-10772,-1108,31006,-19038,0,0,1,0,1,0
2420,1259895,-13884,537,-238,-13585,-1609,31207,-13832,0,0,1,0,1,0
2421,1260416,-16256,520,-139,-15875,-2048,30208,-8094,0,0,1,0,1,0
2422,1260937,-18003,483,-35,-17555,-2408,28048,-2045,0,0,1,0,1,0
2423,1261458,-19058,427,70,-18561,-2675,24811,4082,0,0,1,0,1,0
2424,1261979,-19381,355,173,-18853,-2840,20620,10053,0,0,1,0,1,0
2425,1262500,-18959,269,269,-18421,-2896,15637,15637,0,0,1,0,1,0
2426,1263020,-17809,173,355,-17281,-2840,10053,20620,0,0,1,0,1,0
2427,1263541,-15974,70,427,-15476,-2675,4082,24811,0,0,1,0,1,0
2428,1264062,-13525,-35,483,-13077,-2408,-2045,28048,0,0,1,0,1,0
2429,1264583,-10557,-139,520,-10176,-2048,-8094,30208,0,0,1,0,1,0
2430,1265104,-7182,-238,537,-6883,-1609,-13832,31207,0,0,1,0,1,0
2431,1265625,-3532,-328,534,-3326,-1108,-19038,31006,0,0,1,0,1,0
2432,1266145,254,-405,510,359,-565,-23513,29614,0,0,1,0,1,0
2433,1266666,4030,-466,466,4030,0,-27084,27084,0,0,1,0,1,0
2434,1267187,7651,-510,405,7546,565,-29614,23513,0,0,1,0,1,0
2435,1267708,10979,-534,328,10772,1108,-31006,19038,0,0,1,0,1,0
2436,1268229,13884,-537,238,13585,1609,-31207,13832,0,0,1,0,1,0
2437,1268750,16256,-520,139,15875,2048,-30208,8094,0,0,1,0,1,0
2438,1269270,18003,-483,35,17555,2408,-28048,2045,0,0,1,0,1,0
2439,1269791,19058,-427,-70,18561,2675,-24811,-4082,0,0,1,0,1,0
2440,1270312,19381,-355,-173,18853,2840,-20620,-10053,0,0,1,0,1,0
2441,1270833,18959,-269,-269,18421,2896,-15637,-15637,0,0,1,0,1,0
2442,1271354,17809,-173,-355,17281,2840,-10053,-20620,0,0,1,0,1,0
2443,1271875,15974,-70,-427,15476,2675,-4082,-24811,0,0,1,0,1,0
2444,1272395,13525,35,-483,13077,2408,2045,-28048,0,0,1,0,1,0
2445,1272916,10557,139,-520,10176,2048,8094,-30208,0,0,1,0,1,0
2446,1273437,7182,238,-537,6883,1609,13832,-31207,0,0,1,0,1,0
2447,1273958,3532,328,-534,3326,1108,19038,-31006,0,0,1,0,1,0
2448,1274479,-254,405,-510,-359,565,23513,-29614,0,0,1,0,1,0
2449,1275000,-4030,466,-466,-4030,0,27084,-27084,0,0,1,0,1,0
2450,1275520,-7651,510,-405,-7546,-565,29614,-23513,0,0,1,0,1,0
2451,1276041,-10979,534,-328,-10772,-1108,31006,-19038,0,0,1,0,1,0
2452,1276562,-13884,537,-238,-13585,-1609,31207,-13832,0,0,1,0,1,0
2453,1277083,-16256,520,-139,-15875,-2048,30208,-8094,0,0,1,0,1,0
2454,1277604,-18003,483,-35,-17555,-2408,28048,-2045,0,0,1,0,1,0
2455,1278125,-19058,427,70,-18561,-2675,24811,4082,0,0,1,0,1,0
2456,1278645,-19381,355,173,-18853,-2840,20620,10053,0,0,1,0,1,0
2457,1279166,-18959,269,269,-18421,-2896,15637,15637,0,0,1,0,1,0
2458,1279687,-17809,173,355,-17281,-2840,10053,20620,0,0,1,0,1,0
2459,1280208,-15974,70,427,-15476,-2675,4082,24811,0,0,1,0,1,0
2460,1280729,-13525,-35,483,-13077,-2408,-2045,28048,0,0,1,0,1,0
2461,1281250,-10557,-139,520,-10176,-2048,-8094,30208,0,0,1,0,1,0
2462,1281770,-7182,-238,537,-6883,-1609,-13832,31207,0,0,1,0,1,0
2463,1282291,-3532,-328,534,-3326,-1108,-19038,31006,0,0,1,0,1,0
2464,1282812,254,-405,510,359,-565,-23513,29614,0,0,1,0,1,0
2465,1283333,4030,-466,466,4030,0,-27084,27084,0,0,1,0,1,0
2466,1283854,7651,-510,405,7546,565,-29614,23513,0,0,1,0,1,0
2467,1284375,10979,-534,328,10772,1108,-31006,19038,0,0,1,0,1,0
2468,1284895,13884,-537,238,13585,1609,-31207,13832,0,0,1,0,1,0
2469,1285416,16256,-520,139,15875,2048,-30208,8094,0,0,1,0,1,0
2470,1285937,18003,-483,35,17555,2408,-28048,2045,0,0,1,0,1,0
2471,1286458,19058,-427,-70,18561,2675,-24811,-4082,0,0,1,0,1,0
2472,1286979,19381,-355,-173,18853,2840,-20620,-10053,0,0,1,0,1,0
2473,1287500,18959,-269,-269,18421,2896,-15637,-15637,0,0,1,0,1,0
2474,1288020,17809,-173,-355,17281,2840,-10053,-20620,0,0,1,0,1,0
2475,1288541,15974,-70,-427,15476,2675,-4082,-24811,0,0,1,0,1,0
2476,1289062,13525,35,-483,13077,2408,2045,-28048,0,0,1,0,1,0
2477,1289583,10557,139,-520,10176,2048,8094,-30208,0,0,1,0,1,0
2478,1290104,7182,238,-537,6883,1609,13832,-31207,0,0,1,0,1,0
2479,1290625,3532,328,-534,3326,1108,19038,-31006,0,0,1,0,1,0
2480,1291145,-254,405,-510,-359,565,23513,-29614,0,0,1,0,1,0
2481,1291666,-4030,466,-466,-4030,0,27084,-27084,0,0,1,0,1,0
2482,1292187,-7651,510,-405,-7546,-565,29614,-23513,0,0,1,0,1,0
2483,1292708,-10979,534,-328,-10772,-1108,31006,-19038,0,0,1,0,1,0
2484,1293229,-13884,537,-238,-13585,-1609,31207,-13832,0,0,1,0,1,0
2485,1293750,-16256,520,-139,-15875,-2048,30208,-8094,0,0,1,0,1,0
2486,1294270,-18003,483,-35,-17555,-2408,28048,-2045,0,0,1,0,1,0
2487,1294791,-19058,427,70,-18561,-2675,24811,4082,0,0,1,0,1,0
2488,1295312,-19381,355,173,-18853,-2840,20620,10053,0,0,1,0,1,0
2489,1295833,-18959,269,269,-18421,-2896,15637,15637,0,0,1,0,1,0
2490,1296354,-17809,173,355,-17281,-2840,10053,20620,0,0,1,0,1,0
2491,1296875,-15974,70,427,-15476,-2675,4082,24811,0,0,1,0,1,0
2492,1297395,-13525,-35,483,-13077,-2408,-2045,28048,0,0,1,0,1,0
2493,1297916,-10557,-139,520,-10176,-2048,-8094,30208,0,0,1,0,1,0
2494,1298437,-7182,-238,537,-6883,-1609,-13832,31207,0,0,1,0,1,0
2495,1298958,-3532,-328,534,-3326,-1108,-19038,31006,0,0,1,0,1,0
2496,1299479,254,-405,510,359,-565,-23513,29614,0,0,1,0,1,0
2497,1300000,4030,-466,466,4030,0,-27084,27084,0,0,1,0,1,0
2498,1300520,7651,-510,405,7546,565,-29614,23513,0,0,1,0,1,0
2499,1301041,10979,-534,328,10772,1108,-31006,19038,0,0,1,0,1,0
2500,1301562,13884,-537,238,13585,1609,-31207,13832,0,0,1,0,1,0
2501,1302083,16256,-520,139,15875,2048,-30208,8094,0,0,1,0,1,0
2502,1302604,18003,-483,35,17555,2408,-28048,2045,0,0,1,0,1,0
2503,1303125,19058,-427,-70,18561,2675,-24811,-4082,0,0,1,0,1,0
2504,1303645,19381,-355,-173,18853,2840,-20620,-10053,0,0,1,0,1,0
2505,1304166,18959,-269,-269,18421,2896,-15637,-15637,0,0,1,0,1,0
2506,1304687,17809,-173,-355,17281,2840,-10053,-20620,0,0,1,0,1,0
2507,1305208,15974,-70,-427,15476,2675,-4082,-24811,0,0,1,0,1,0
2508,1305729,13525,35,-483,13077,2408,2045,-28048,0,0,1,0,1,0
2509,1306250,10557,139,-520,10176,2048,8094,-30208,0,0,1,0,1,0
2510,1306770,7182,238,-537,6883,1609,13832,-31207,0,0,1,0,1,0
2511,1307291,3532,328,-534,3326,1108,19038,-31006,0,0,1,0,1,0
2512,1307812,-254,405,-510,-359,565,23513,-29614,0,0,1,0,1,0
2513,1308333,-4030,466,-466,-4030,0,27084,-27084,0,0,1,0,1,0
2514,1308854,-7651,510,-405,-7546,-565,29614,-23513,0,0,1,0,1,0
2515,1309375,-10979,534,-328,-10772,-1108,31006,-19038,0,0,1,0,1,0
2516,1309895,-13884,537,-238,-13585,-1609,31207,-13832,0,0,1,0,1,0
2517,1310416,-16256,520,-139,-15875,-2048,30208,-8094,0,0,1,0,1,0
2518,1310937,-18003,483,-35,-17555,-2408,28048,-2045,0,0,1,0,1,0
2519,1311458,-19058,427,70,-18561,-2675,24811,4082,0,0,1,0,1,0
2520,1311979,-19381,355,173,-18853,-2840,20620,10053,0,0,1,0,1,0
2521,1312500,-18959,269,269,-18421,-2896,15637,15637,0,0,1,0,1,0
2522,1313020,-17809,173,355,-17281,-2840,10053,20620,0,0,1,0,1,0
2523,1313541,-15974,70,427,-15476,-2675,4082,24811,0,0,1,0,1,0
2524,1314062,-13525,-35,483,-13077,-2408,-2045,28048,0,0,1,0,1,0
2525,1314583,-10557,-139,520,-10176,-2048,-8094,30208,0,0,1,0,1,0
2526,1315104,-7182,-238,537,-6883,-1609,-13832,31207,0,0,1,0,1,0
2527,1315625,-3532,-328,534,-3326,-1108,-19038,31006,0,0,1,0,1,0
2528,1316145,254,-405,510,359,-565,-23513,29614,0,0,1,0,1,0
2529,1316666,4030,-466,466,4030,0,-27084,27084,0,0,1,0,1,0
2530,1317187,7651,-510,405,7546,565,-29614,23513,0,0,1,0,1,0
2531,1317708,10979,-534,328,10772,1108,-31006,19038,0,0,1,0,1,0
2532,1318229,13884,-537,238,13585,1609,-31207,13832,0,0,1,0,1,0
2533,1318750,16256,-520,139,15875,2048,-30208,8094,0,0,1,0,1,0
2534,1319270,18003,-483,35,17555,2408,-28048,2045,0,0,1,0,1,0
2535,1319791,19058,-427,-70,18561,2675,-24811,-4082,0,0,1,0,1,0
2536,1320312,19381,-355,-173,18853,2840,-20620,-10053,0,0,1,0,1,0
2537,1320833,18959,-269,-269,18421,2896,-15637,-15637,0,0,1,0,1,0
2538,1321354,17809,-173,-355,17281,2840,-10053,-20620,0,0,1,0,1,0
2539,1321875,15974,-70,-427,15476,2675,-4082,-24811,0,0,1,0,1,0
2540,1322395,13525,35,-483,13077,2408,2045,-28048,0,0,1,0,1,0
2541,1322916,10557,139,-520,10176,2048,8094,-30208,0,0,1,0,1,0
2542,1323437,7182,238,-537,6883,1609,13832,-31207,0,0,1,0,1,0
2543,1323958,3532,328,-534,3326,1108,19038,-31006,0,0,1,0,1,0
2544,1324479,-254,405,-510,-359,565,23513,-29614,0,0,1,0,1,0
2545,1325000,-4030,466,-466,-4030,0,27084,-27084,0,0,1,0,1,0
2546,1325520,-7651,510,-405,-7546,-565,29614,-23513,0,0,1,0,1,0
2547,1326041,-10979,534,-328,-10772,-1108,31006,-19038,0,0,1,0,1,0
2548,1326562,-13884,537,-238,-13585,-1609,31207,-13832,0,0,1,0,1,0
2549,1327083,-16256,520,-139,-15875,-2048,30208,-8094,0,0,1,0,1,0
2550,1327604,-18003,483,-35,-17555,-2408,28048,-2045,0,0,1,0,1,0
2551,1328125,-19058,427,70,-18561,-2675,24811,4082,0,0,1,0,1,0
2552,1328645,-19381,355,173,-18853,-2840,20620,10053,0,0,1,0,1,0
2553,1329166,-18959,269,269,-18421,-2896,15637,15637,0,0,1,0,1,0
2554,1329687,-17809,173,355,-17281,-2840,10053,20620,0,0,1,0,1,0
2555,1330208,-15974,70,427,-15476,-2675,4082,24811,0,0,1,0,1,0
2556,1330729,-13525,-35,483,-13077,-2408,-2045,28048,0,0,1,0,1,0
2557,1331250,-10557,-139,520,-10176,-2048,-8094,30208,0,0,1,0,1,0
2558,1331770,-7182,-238,537,-6883,-1609,-13832,31207,0,0,1,0,1,0
2559,1332291,-3532,-328,534,-3326,-1108,-19038,31006,0,0,1,0,1,0
2560,1332812,254,-405,510,359,-565,-23513,29614,0,0,1,0,1,0
2561,1333333,4030,-466,466,4030,0,-27084,27084,0,0,1,0,1,0
2562,1333854,7651,-510,405,7546,565,-29614,23513,0,0,1,0,1,0
2563,1334375,10979,-534,328,10772,1108,-31006,19038,0,0,1,0,1,0
2564,1334895,13884,-537,238,13585,1609,-31207,13832,0,0,1,0,1,0
2565,1335416,16256,-520,139,15875,2048,-30208,8094,0,0,1,0,1,0
2566,1335937,18003,-483,35,17555,2408,-28048,2045,0,0,1,0,1,0
2567,1336458,19058,-427,-70,18561,2675,-24811,-4082,0,0,1,0,1,0
2568,1336979,19381,-355,-173,18853,2840,-20620,-10053,0,0,1,0,1,0
2569,1337500,18959,-269,-269,18421,2896,-15637,-15637,0,0,1,0,1,0
2570,1338020,17809,-173,-355,17281,2840,-10053,-20620,0,0,1,0,1,0
2571,1338541,15974,-70,-427,15476,2675,-4082,-24811,0,0,1,0,1,0
2572,1339062,13525,35,-483,13077,2408,2045,-28048,0,0,1,0,1,0
2573,1339583,10557,139,-520,10176,2048,8094,-30208,0,0,1,0,1,0
2574,1340104,7182,238,-537,6883,1609,13832,-31207,0,0,1,0,1,0
2575,1340625,3532,328,-534,3326,1108,19038,-31006,0,0,1,0,1,0
2576,1341145,-254,405,-510,-359,565,23513,-29614,0,0,1,0,1,0
2577,1341666,-4030,466,-466,-4030,0,27084,-27084,0,0,1,0,1,0
2578,1342187,-7651,510,-405,-7546,-565,29614,-23513,0,0,1,0,1,0
2579,1342708,-10979,534,-328,-10772,-1108,31006,-19038,0,0,1,0,1,0
2580,1343229,-13884,537,-238,-13585,-1609,31207,-13832,0,0,1,0,1,0
2581,1343750,-16256,520,-139,-15875,-2048,30208,-8094,0,0,1,0,1,0
2582,1344270,-18003,483,-35,-17555,-2408,28048,-2045,0,0,1,0,1,0
2583,1344791,-19058,427,70,-18561,-2675,24811,4082,0,0,1,0,1,0
2584,1345312,-19381,355,173,-18853,-2840,20620,10053,0,0,1,0,1,0
2585,1345833,-18959,269,269,-18421,-2896,15637,15637,0,0,1,0,1,0
2586,1346354,-17809,173,355,-17281,-2840,10053,20620,0,0,1,0,1,0
2587,1346875,-15974,70,427,-15476,-2675,4082,24811,0,0,1,0,1,0
2588,1347395,-13525,-35,483,-13077,-2408,-2045,28048,0,0,1,0,1,0
2589,1347916,-10557,-139,520,-10176,-2048,-8094,30208,0,0,1,0,1,0
2590,1348437,-7182,-238,537,-6883,-1609,-13832,31207,0,0,1,0,1,0
2591,1348958,-3532,-328,534,-3326,-1108,-19038,31006,0,0,1,0,1,0
2592,1349479,254,-405,510,359,-565,-23513,29614,0,0,1,0,1,0
2593,1350000,4030,-466,466,4030,0,-27084,27084,0,0,1,0,1,0
2594,1350520,7651,-510,405,7546,565,-29614,23513,0,0,1,0,1,0
2595,1351041,10979,-534,328,10772,1108,-31006,19038,0,0,1,0,1,0
2596,1351562,13884,-537,238,13585,1609,-31207,13832,0,0,1,0,1,0
2597,1352083,16256,-520,139,15875,2048,-30208,8094,0,0,1,0,1,0
2598,1352604,18003,-483,35,17555,2408,-28048,2045,0,0,1,0,1,0
2599,1353125,19058,-427,-70,18561,2675,-24811,-4082,0,0,1,0,1,0
2600,1353645,19381,-355,-173,18853,2840,-20620,-10053,0,0,1,0,1,0
2601,1354166,18959,-269,-269,18421,2896,-15637,-15637,0,0,1,0,1,0
2602,1354687,17809,-173,-355,17281,2840,-10053,-20620,0,0,1,0,1,0
2603,1355208,15974,-70,-427,15476,2675,-4082,-24811,0,0,1,0,1,0
2604,1355729,13525,35,-483,13077,2408,2045,-28048,0,0,1,0,1,0
2605,1356250,10557,139,-520,10176,2048,8094,-30208,0,0,1,0,1,0
2606,1356770,7182,238,-537,6883,1609,13832,-31207,0,0,1,0,1,0
2607,1357291,3532,328,-534,3326,1108,19038,-31006,0,0,1,0,1,0
2608,1357812,-254,405,-510,-359,565,23513,-29614,0,0,1,0,1,0
2609,1358333,-4030,466,-466,-4030,0,27084,-27084,0,0,1,0,1,0
2610,1358854,-7651,510,-405,-7546,-565,29614,-23513,0,0,1,0,1,0
2611,1359375,-10979,534,-328,-10772,-1108,31006,-19038,0,0,1,0,1,0
2612,1359895,-13884,537,-238,-13585,-1609,31207,-13832,0,0,1,0,1,0
2613,1360416,-16256,520,-139,-15875,-2048,30208,-8094,0,0,1,0,1,0
2614,1360937,-18003,483,-35,-17555,-2408,28048,-2045,0,0,1,0,1,0
2615,1361458,-19058,427,70,-18561,-2675,24811,4082,0,0,1,0,1,0
2616,1361979,-19381,355,173,-18853,-2840,20620,10053,0,0,1,0,1,0
2617,1362500,-18959,269,269,-18421,-2896,15637,15637,0,0,1,0,1,0
2618,1363020,-17809,173,355,-17281,-2840,10053,20620,0,0,1,0,1,0
2619,1363541,-15974,70,427,-15476,-2675,4082,24811,0,0,1,0,1,0
2620,1364062,-13525,-35,483,-13077,-2408,-2045,28048,0,0,1,0,1,0
2621,1364583,-10557,-139,520,-10176,-2048,-8094,30208,0,0,1,0,1,0
2622,1365104,-7182,-238,537,-6883,-1609,-13832,31207,0,0,1,0,1,0
2623,1365625,-3532,-328,534,-3326,-1108,-19038,31006,0,0,1,0,1,0
2624,1366145,254,-405,510,359,-565,-23513,29614,0,0,1,0,1,0
2625,1366666,4030,-466,466,4030,0,-27084,27084,0,0,1,0,1,0
2626,1367187,7651,-510,405,7546,565,-29614,23513,0,0,1,0,1,0
2627,1367708,10979,-534,328,10772,1108,-31006,19038,0,0,1,0,1,0
2628,1368229,13884,-537,238,13585,1609,-31207,13832,0,0,1,0,1,0
2629,1368750,16256,-520,139,15875,2048,-30208,8094,0,0,1,0,1,0
2630,1369270,18003,-483,35,17555,2408,-28048,2045,0,0,1,0,1,0
2631,1369791,19058,-427,-70,18561,2675,-24811,-4082,0,0,1,0,1,0
2632,1370312,19381,-355,-173,18853,2840,-20620,-10053,0,0,1,0,1,0
2633,1370833,18959,-269,-269,18421,2896,-15637,-15637,0,0,1,0,1,0
2634,1371354,17809,-173,-355,17281,2840,-10053,-20620,0,0,1,0,1,0
2635,1371875,15974,-70,-427,15476,2675,-4082,-24811,0,0,1,0,1,0
2636,1372395,13525,35,-483,13077,2408,2045,-28048,0,0,1,0,1,0
2637,1372916,10557,139,-520,10176,2048,8094,-30208,0,0,1,0,1,0
2638,1373437,7182,238,-537,6883,1609,13832,-31207,0,0,1,0,1,0
2639,1373958,3532,328,-534,3326,1108,19038,-31006,0,0,1,0,1,0
2640,1374479,-254,405,-510,-359,565,23513,-29614,0,0,1,0,1,0
2641,1375000,-4030,466,-466,-4030,0,27084,-27084,0,0,1,0,1,0
2642,1375520,-7651,510,-405,-7546,-565,29614,-23513,0,0,1,0,1,0
2643,1376041,-10979,534,-328,-10772,-1108,31006,-19038,0,0,1,0,1,0
2644,1376562,-13884,537,-238,-13585,-1609,31207,-13832,0,0,1,0,1,0
2645,1377083,-16256,520,-139,-15875,-2048,30208,-8094,0,0,1,0,1,0
2646,1377604,-18003,483,-35,-17555,-2408,28048,-2045,0,0,1,0,1,0
2647,1378125,-19058,427,70,-18561,-2675,24811,4082,0,0,1,0,1,0
2648,1378645,-19381,355,173,-18853,-2840,20620,10053,0,0,1,0,1,0
2649,1379166,-18959,269,269,-18421,-2896,15637,15637,0,0,1,0,1,0
2650,1379687,-17809,173,355,-17281,-2840,10053,20620,0,0,1,0,1,0
2651,1380208,-15974,70,427,-15476,-2675,4082,24811,0,0,1,0,1,0
2652,1380729,-13525,-35,483,-13077,-2408,-2045,28048,0,0,1,0,1,0
2653,1381250,-10557,-139,520,-10176,-2048,-8094,30208,0,0,1,0,1,0
2654,1381770,-7182,-238,537,-6883,-1609,-13832,31207,0,0,1,0,1,0
2655,1382291,-3532,-328,534,-3326,-1108,-19038,31006,0,0,1,0,1,0
2656,1382812,254,-405,510,359,-565,-23513,29614,0,0,1,0,1,0
2657,1383333,4030,-466,466,4030,0,-27084,27084,0,0,1,0,1,0
2658,1383854,7651,-510,405,7546,565,-29614,23513,0,0,1,0,1,0
2659,1384375,10979,-534,328,10772,1108,-31006,19038,0,0,1,0,1,0
2660,1384895,13884,-537,238,13585,1609,-31207,13832,0,0,1,0,1,0
2661,1385416,16256,-520,139,15875,2048,-30208,8094,0,0,1,0,1,0
2662,1385937,18003,-483,35,17555,2408,-28048,2045,0,0,1,0,1,0
2663,1386458,19058,-427,-70,18561,2675,-24811,-4082,0,0,1,0,1,0
2664,1386979,19381,-355,-173,18853,2840,-20620,-10053,0,0,1,0,1,0
2665,1387500,18959,-269,-269,18421,2896,-15637,-15637,0,0,1,0,1,0
2666,1388020,17809,-173,-355,17281,2840,-10053,-20620,0,0,1,0,1,0
2667,1388541,15974,-70,-427,15476,2675,-4082,-24811,0,0,1,0,1,0
2668,1389062,13525,35,-483,13077,2408,2045,-28048,0,0,1,0,1,0
2669,1389583,10557,139,-520,10176,2048,8094,-30208,0,0,1,0,1,0
2670,1390104,7182,238,-537,6883,1609,13832,-31207,0,0,1,0,1,0
2671,1390625,3532,328,-534,3326,1108,19038,-31006,0,0,1,0,1,0
2672,1391145,-254,405,-510,-359,565,23513,-29614,0,0,1,0,1,0
2673,1391666,-4030,466,-466,-4030,0,27084,-27084,0,0,1,0,1,0
2674,1392187,-7651,510,-405,-7546,-565,29614,-23513,0,0,1,0,1,0
2675,1392708,-10979,534,-328,-10772,-1108,31006,-19038,0,0,1,0,1,0
2676,1393229,-13884,537,-238,-13585,-1609,31207,-13832,0,0,1,0,1,0
2677,1393750,-16256,520,-139,-15875,-2048,30208,-8094,0,0,1,0,1,0
2678,1394270,-18003,483,-35,-17555,-2408,28048,-2045,0,0,1,0,1,0
2679,1394791,-19058,427,70,-18561,-2675,24811,4082,0,0,1,0,1,0
2680,1395312,-19381,355,173,-18853,-2840,20620,10053,0,0,1,0,1,0
2681,1395833,-18959,269,269,-18421,-2896,15637,15637,0,0,1,0,1,0
2682,1396354,-17809,173,355,-17281,-2840,10053,20620,0,0,1,0,1,0
2683,1396875,-15974,70,427,-15476,-2675,4082,24811,0,0,1,0,1,0
2684,1397395,-13525,-35,483,-13077,-2408,-2045,28048,0,0,1,0,1,0
2685,1397916,-10557,-139,520,-10176,-2048,-8094,30208,0,0,1,0,1,0
2686,1398437,-7182,-238,537,-6883,-1609,-13832,31207,0,0,1,0,1,0
2687,1398958,-3532,-328,534,-3326,-1108,-19038,31006,0,0,1,0,1,0
2688,1399479,254,-405,510,359,-565,-23513,29614,0,0,1,0,1,0
2689,1400000,4030,-466,466,4030,0,-27084,27084,0,0,1,0,1,0
2690,1400520,7651,-510,405,7546,565,-29614,23513,0,0,1,0,1,0
2691,1401041,10979,-534,328,10772,1108,-31006,19038,0,0,1,0,1,0
2692,1401562,13884,-537,238,13585,1609,-31207,13832,0,0,1,0,1,0
2693,1402083,16256,-520,139,15875,2048,-30208,8094,0,0,1,0,1,0
2694,1402604,18003,-483,35,17555,2408,-28048,2045,0,0,1,0,1,0
2695,1403125,19058,-427,-70,18561,2675,-24811,-4082,0,0,1,0,1,0
2696,1403645,19381,-355,-173,18853,2840,-20620,-10053,0,0,1,0,1,0
2697,1404166,18959,-269,-269,18421,2896,-15637,-15637,0,0,1,0,1,0
2698,1404687,17809,-173,-355,17281,2840,-10053,-20620,0,0,1,0,1,0
2699,1405208,15974,-70,-427,15476,2675,-4082,-24811,0,0,1,0,1,0
2700,1405729,13525,35,-483,13077,2408,2045,-28048,0,0,1,0,1,0
2701,1406250,10557,139,-520,10176,2048,8094,-30208,0,0,1,0,1,0
2702,1406770,7182,238,-537,6883,1609,13832,-31207,0,0,1,0,1,0
2703,1407291,3532,328,-534,3326,1108,19038,-31006,0,0,1,0,1,0
2704,1407812,-254,405,-510,-359,565,23513,-29614,0,0,1,0,1,0
2705,1408333,-4030,466,-466,-4030,0,27084,-27084,0,0,1,0,1,0
2706,1408854,0,0,0,0,0,0,0,1,0,0,0,0,0
2707,1409375,0,0,0,0,0,0,0,1,0,0,0,0,0
2708,1409895,0,0,0,0,0,0,0,1,0,0,0,0,0
2709,1410416,0,0,0,0,0,0,0,1,0,0,0,0,0
2710,1410937,0,0,0,0,0,0,0,1,0,0,0,0,0
2711,1411458,0,0,0,0,0,0,0,1,0,0,0,0,0
2712,1411979,0,0,0,0,0,0,0,1,0,0,0,0,0
2713,1412500,0,0,0,0,0,0,0,1,0,0,0,0,0
2714,1413020,0,0,0,0,0,0,0,1,0,0,0,0,0
2715,1413541,0,0,0,0,0,0,0,1,0,0,0,0,0
2716,1414062,0,0,0,0,0,0,0,1,0,0,0,0,0
2717,1414583,0,0,0,0,0,0,0,1,0,0,0,0,0
2718,1415104,0,0,0,0,0,0,0,1,0,0,0,0,0
2719,1415625,0,0,0,0,0,0,0,1,0,0,0,0,0
2720,1416145,0,0,0,0,0,0,0,1,0,0,0,0,0
2721,1416666,0,0,0,0,0,0,0,1,0,0,0,0,0
2722,1417187,0,0,0,0,0,0,0,1,0,0,0,0,0
2723,1417708,0,0,0,0,0,0,0,1,0,0,0,0,0
2724,1418229,0,0,0,0,0,0,0,1,0,0,0,0,0
2725,1418750,0,0,0,0,0,0,0,1,0,0,0,0,0
2726,1419270,0,0,0,0,0,0,0,1,0,0,0,0,0
2727,1419791,0,0,0,0,0,0,0,1,0,0,0,0,0
2728,1420312,0,0,0,0,0,0,0,1,0,0,0,0,0
2729,1420833,0,0,0,0,0,0,0,1,0,0,0,0,0
2730,1421354,0,0,0,0,0,0,0,1,0,0,0,0,0
2731,1421875,0,0,0,0,0,0,0,1,0,0,0,0,0
2732,1422395,0,0,0,0,0,0,0,1,0,0,0,0,0
2733,1422916,0,0,0,0,0,0,0,1,0,0,0,0,0
2734,1423437,0,0,0,0,0,0,0,1,0,0,0,0,0
2735,1423958,0,0,0,0,0,0,0,1,0,0,0,0,0
2736,1424479,0,0,0,0,0,0,0,1,0,0,0,0,0
2737,1425000,0,0,0,0,0,0,0,1,0,0,0,0,0
2738,1425520,0,0,0,0,0,0,0,1,0,0,0,0,0
2739,1426041,0,0,0,0,0,0,0,1,0,0,0,0,0
2740,1426562,0,0,0,0,0,0,0,1,0,0,0,0,0
2741,1427083,0,0,0,0,0,0,0,1,0,0,0,0,0
2742,1427604,0,0,0,0,0,0,0,1,0,0,0,0,0
2743,1428125,0,0,0,0,0,0,0,1,0,0,0,0,0
2744,1428645,0,0,0,0,0,0,0,1,0,0,0,0,0
2745,1429166,0,0,0,0,0,0,0,1,0,0,0,0,0
2746,1429687,0,0,0,0,0,0,0,1,0,0,0,0,0
2747,1430208,0,0,0,0,0,0,0,1,0,0,0,0,0
2748,1430729,0,0,0,0,0,0,0,1,0,0,0,0,0
2749,1431250,0,0,0,0,0,0,0,1,0,0,0,0,0
2750,1431770,0,0,0,0,0,0,0,1,0,0,0,0,0
2751,1432291,0,0,0,0,0,0,0,1,0,0,0,0,0
2752,1432812,0,0,0,0,0,0,0,1,0,0,0,0,0
2753,1433333,0,0,0,0,0,0,0,1,0,0,0,0,0
2754,1433854,0,0,0,0,0,0,0,1,0,0,0,0,0
2755,1434375,0,0,0,0,0,0,0,1,0,0,0,0,0
2756,1434895,0,0,0,0,0,0,0,1,0,0,0,0,0
2757,1435416,0,0,0,0,0,0,0,1,0,0,0,0,0
2758,1435937,0,0,0,0,0,0,0,1,0,0,0,0,0
2759,1436458,0,0,0,0,0,0,0,1,0,0,0,0,0
2760,1436979,0,0,0,0,0,0,0,1,0,0,0,0,0
2761,1437500,0,0,0,0,0,0,0,1,0,0,0,0,0
2762,1438020,0,0,0,0,0,0,0,1,0,0,0,0,0
2763,1438541,0,0,0,0,0,0,0,1,0,0,0,0,0
2764,1439062,0,0,0,0,0,0,0,1,0,0,0,0,0
2765,1439583,0,0,0,0,0,0,0,1,0,0,0,0,0
2766,1440104,0,0,0,0,0,0,0,1,0,0,0,0,0
2767,1440625,0,0,0,0,0,0,0,1,0,0,0,0,0
2768,1441145,0,0,0,0,0,0,0,1,0,0,0,0,0
2769,1441666,0,0,0,0,0,0,0,1,0,0,0,0,0
2770,1442187,0,0,0,0,0,0,0,1,0,0,0,0,0
2771,1442708,0,0,0,0,0,0,0,1,0,0,0,0,0
2772,1443229,0,0,0,0,0,0,0,1,0,0,0,0,0
2773,1443750,0,0,0,0,0,0,0,1,0,0,0,0,0
2774,1444270,0,0,0,0,0,0,0,1,0,0,0,0,0
2775,1444791,0,0,0,0,0,0,0,1,0,0,0,0,0
2776,1445312,0,0,0,0,0,0,0,1,0,0,0,0,0
2777,1445833,0,0,0,0,0,0,0,1,0,0,0,0,0
2778,1446354,0,0,0,0,0,0,0,1,0,0,0,0,0
2779,1446875,0,0,0,0,0,0,0,1,0,0,0,0,0
2780,1447395,0,0,0,0,0,0,0,1,0,0,0,0,0
2781,1447916,0,0,0,0,0,0,0,1,0,0,0,0,0
2782,1448437,0,0,0,0,0,0,0,1,0,0,0,0,0
2783,1448958,0,0,0,0,0,0,0,1,0,0,0,0,0
2784,1449479,0,0,0,0,0,0,0,1,0,0,0,0,0
2785,1450000,0,0,0,0,0,0,0,1,0,0,0,0,0
2786,1450520,0,0,0,0,0,0,0,1,0,0,0,0,0
2787,1451041,0,0,0,0,0,0,0,1,0,0,0,0,0
2788,1451562,0,0,0,0,0,0,0,1,0,0,0,0,0
2789,1452083,0,0,0,0,0,0,0,1,0,0,0,0,0
2790,1452604,0,0,0,0,0,0,0,1,0,0,0,0,0
2791,1453125,0,0,0,0,0,0,0,1,0,0,0,0,0
2792,1453645,0,0,0,0,0,0,0,1,0,0,0,0,0
2793,1454166,0,0,0,0,0,0,0,1,0,0,0,0,0
2794,1454687,0,0,0,0,0,0,0,1,0,0,0,0,0
2795,1455208,0,0,0,0,0,0,0,1,0,0,0,0,0
2796,1455729,0,0,0,0,0,0,0,1,0,0,0,0,0
2797,1456250,0,0,0,0,0,0,0,1,0,0,0,0,0
2798,1456770,0,0,0,0,0,0,0,1,0,0,0,0,0
2799,1457291,0,0,0,0,0,0,0,1,0,0,0,0,0
2800,1457812,0,0,0,0,0,0,0,1,0,0,0,0,0
2801,1458333,0,0,0,0,0,0,0,1,0,0,0,0,0
2802,1458854,0,0,0,0,0,0,0,1,0,0,0,0,0
2803,1459375,0,0,0,0,0,0,0,1,0,0,0,0,0
2804,1459895,0,0,0,0,0,0,0,1,0,0,0,0,0
2805,1460416,0,0,0,0,0,0,0,1,0,0,0,0,0
2806,1460937,0,0,0,0,0,0,0,1,0,0,0,0,0
2807,1461458,0,0,0,0,0,0,0,1,0,0,0,0,0
2808,1461979,0,0,0,0,0,0,0,1,0,0,0,0,0
2809,1462500,0,0,0,0,0,0,0,1,0,0,0,0,0
2810,1463020,0,0,0,0,0,0,0,1,0,0,0,0,0
2811,1463541,0,0,0,0,0,0,0,1,0,0,0,0,0
2812,1464062,0,0,0,0,0,0,0,1,0,0,0,0,0
2813,1464583,0,0,0,0,0,0,0,1,0,0,0,0,0
2814,1465104,0,0,0,0,0,0,0,1,0,0,0,0,0
2815,1465625,0,0,0,0,0,0,0,1,0,0,0,0,0
2816,1466145,0,0,0,0,0,0,0,1,0,0,0,0,0
2817,1466666,0,0,0,0,0,0,0,1,0,0,0,0,0
2818,1467187,0,0,0,0,0,0,0,1,0,0,0,0,0
2819,1467708,0,0,0,0,0,0,0,1,0,0,0,0,0
2820,1468229,0,0,0,0,0,0,0,1,0,0,0,0,0
2821,1468750,0,0,0,0,0,0,0,1,0,0,0,0,0
2822,1469270,0,0,0,0,0,0,0,1,0,0,0,0,0
2823,1469791,0,0,0,0,0,0,0,1,0,0,0,0,0
2824,1470312,0,0,0,0,0,0,0,1,0,0,0,0,0
2825,1470833,0,0,0,0,0,0,0,1,0,0,0,0,0
2826,1471354,0,0,0,0,0,0,0,1,0,0,0,0,0
2827,1471875,0,0,0,0,0,0,0,1,0,0,0,0,0
2828,1472395,0,0,0,0,0,0,0,1,0,0,0,0,0
2829,1472916,0,0,0,0,0,0,0,1,0,0,0,0,0
2830,1473437,0,0,0,0,0,0,0,1,0,0,0,0,0
2831,1473958,0,0,0,0,0,0,0,1,0,0,0,0,0
2832,1474479,0,0,0,0,0,0,0,1,0,0,0,0,0
2833,1475000,0,0,0,0,0,0,0,1,0,0,0,0,0
2834,1475520,0,0,0,0,0,0,0,1,0,0,0,0,0
2835,1476041,0,0,0,0,0,0,0,1,0,0,0,0,0
2836,1476562,0,0,0,0,0,0,0,1,0,0,0,0,0
2837,1477083,0,0,0,0,0,0,0,1,0,0,0,0,0
2838,1477604,0,0,0,0,0,0,0,1,0,0,0,0,0
2839,1478125,0,0,0,0,0,0,0,1,0,0,0,0,0
2840,1478645,0,0,0,0,0,0,0,1,0,0,0,0,0
2841,1479166,0,0,0,0,0,0,0,1,0,0,0,0,0
2842,1479687,0,0,0,0,0,0,0,1,0,0,0,0,0
2843,1480208,0,0,0,0,0,0,0,1,0,0,0,0,0
2844,1480729,0,0,0,0,0,0,0,1,0,0,0,0,0
2845,1481250,0,0,0,0,0,0,0,1,0,0,0,0,0
2846,1481770,0,0,0,0,0,0,0,1,0,0,0,0,0
2847,1482291,0,0,0,0,0,0,0,1,0,0,0,0,0
2848,1482812,0,0,0,0,0,0,0,1,0,0,0,0,0
2849,1483333,0,0,0,0,0,0,0,1,0,0,0,0,0
2850,1483854,0,0,0,0,0,0,0,1,0,0,0,0,0
2851,1484375,0,0,0,0,0,0,0,1,0,0,0,0,0
2852,1484895,0,0,0,0,0,0,0,1,0,0,0,0,0
2853,1485416,0,0,0,0,0,0,0,1,0,0,0,0,0
2854,1485937,0,0,0,0,0,0,0,1,0,0,0,0,0
2855,1486458,0,0,0,0,0,0,0,1,0,0,0,0,0
2856,1486979,0,0,0,0,0,0,0,1,0,0,0,0,0
2857,1487500,0,0,0,0,0,0,0,1,0,0,0,0,0
2858,1488020,0,0,0,0,0,0,0,1,0,0,0,0,0
2859,1488541,0,0,0,0,0,0,0,1,0,0,0,0,0
2860,1489062,0,0,0,0,0,0,0,1,0,0,0,0,0
2861,1489583,0,0,0,0,0,0,0,1,0,0,0,0,0
2862,1490104,0,0,0,0,0,0,0,1,0,0,0,0,0
2863,1490625,0,0,0,0,0,0,0,1,0,0,0,0,0
2864,1491145,0,0,0,0,0,0,0,1,0,0,0,0,0
2865,1491666,0,0,0,0,0,0,0,1,0,0,0,0,0
2866,1492187,0,0,0,0,0,0,0,1,0,0,0,0,0
2867,1492708,0,0,0,0,0,0,0,1,0,0,0,0,0
2868,1493229,0,0,0,0,0,0,0,1,0,0,0,0,0
2869,1493750,0,0,0,0,0,0,0,1,0,0,0,0,0
2870,1494270,0,0,0,0,0,0,0,1,0,0,0,0,0
2871,1494791,0,0,0,0,0,0,0,1,0,0,0,0,0
2872,1495312,0,0,0,0,0,0,0,1,0,0,0,0,0
2873,1495833,0,0,0,0,0,0,0,1,0,0,0,0,0
2874,1496354,0,0,0,0,0,0,0,1,0,0,0,0,0
2875,1496875,0,0,0,0,0,0,0,1,0,0,0,0,0
2876,1497395,0,0,0,0,0,0,0,1,0,0,0,0,0
2877,1497916,0,0,0,0,0,0,0,1,0,0,0,0,0
2878,1498437,0,0,0,0,0,0,0,1,0,0,0,0,0
2879,1498958,0,0,0,0,0,0,0,1,0,0,0,0,0
2880,1499479,0,0,0,0,0,0,0,1,0,0,0,0,0
2881,1500000,0,0,0,0,0,0,0,1,0,0,0,0,0
2882,1500520,0,0,0,0,0,0,0,1,0,0,0,0,0
2883,1501041,0,0,0,0,0,0,0,1,0,0,0,0,0
2884,1501562,0,0,0,0,0,0,0,1,0,0,0,0,0
2885,1502083,0,0,0,0,0,0,0,1,0,0,0,0,0
2886,1502604,0,0,0,0,0,0,0,1,0,0,0,0,0
2887,1503125,0,0,0,0,0,0,0,1,0,0,0,0,0
2888,1503645,0,0,0,0,0,0,0,1,0,0,0,0,0
2889,1504166,0,0,0,0,0,0,0,1,0,0,0,0,0
2890,1504687,0,0,0,0,0,0,0,1,0,0,0,0,0
2891,1505208,0,0,0,0,0,0,0,1,0,0,0,0,0
2892,1505729,0,0,0,0,0,0,0,1,0,0,0,0,0
2893,1506250,0,0,0,0,0,0,0,1,0,0,0,0,0
2894,1506770,0,0,0,0,0,0,0,1,0,0,0,0,0
2895,1507291,0,0,0,0,0,0,0,1,0,0,0,0,0
2896,1507812,0,0,0,0,0,0,0,1,0,0,0,0,0
2897,1508333,0,0,0,0,0,0,0,1,0,0,0,0,0
2898,1508854,0,0,0,0,0,0,0,1,0,0,0,0,0
2899,1509375,0,0,0,0,0,0,0,1,0,0,0,0,0
2900,1509895,0,0,0,0,0,0,0,1,0,0,0,0,0
2901,1510416,0,0,0,0,0,0,0,1,0,0,0,0,0
2902,1510937,0,0,0,0,0,0,0,1,0,0,0,0,0
2903,1511458,0,0,0,0,0,0,0,1,0,0,0,0,0
2904,1511979,0,0,0,0,0,0,0,1,0,0,0,0,0
2905,1512500,0,0,0,0,0,0,0,1,0,0,0,0,0
2906,1513020,0,0,0,0,0,0,0,1,0,0,0,0,0
2907,1513541,0,0,0,0,0,0,0,1,0,0,0,0,0
2908,1514062,0,0,0,0,0,0,0,1,0,0,0,0,0
2909,1514583,0,0,0,0,0,0,0,1,0,0,0,0,0
2910,1515104,0,0,0,0,0,0,0,1,0,0,0,0,0
2911,1515625,0,0,0,0,0,0,0,1,0,0,0,0,0
2912,1516145,0,0,0,0,0,0,0,1,0,0,0,0,0
2913,1516666,0,0,0,0,0,0,0,1,0,0,0,0,0
2914,1517187,0,0,0,0,0,0,0,1,0,0,0,0,0
2915,1517708,0,0,0,0,0,0,0,1,0,0,0,0,0
2916,1518229,0,0,0,0,0,0,0,1,0,0,0,0,0
2917,1518750,0,0,0,0,0,0,0,1,0,0,0,0,0
2918,1519270,0,0,0,0,0,0,0,1,0,0,0,0,0
2919,1519791,0,0,0,0,0,0,0,1,0,0,0,0,0
2920,1520312,0,0,0,0,0,0,0,1,0,0,0,0,0
2921,1520833,0,0,0,0,0,0,0,1,0,0,0,0,0
2922,1521354,0,0,0,0,0,0,0,1,0,0,0,0,0
2923,1521875,0,0,0,0,0,0,0,1,0,0,0,0,0
2924,1522395,0,0,0,0,0,0,0,1,0,0,0,0,0
2925,1522916,0,0,0,0,0,0,0,1,0,0,0,0,0
2926,1523437,0,0,0,0,0,0,0,1,0,0,0,0,0
2927,1523958,0,0,0,0,0,0,0,1,0,0,0,0,0
2928,1524479,0,0,0,0,0,0,0,1,0,0,0,0,0
2929,1525000,0,0,0,0,0,0,0,1,0,0,0,0,0
2930,1525520,0,0,0,0,0,0,0,1,0,0,0,0,0
2931,1526041,0,0,0,0,0,0,0,1,0,0,0,0,0
2932,1526562,0,0,0,0,0,0,0,1,0,0,0,0,0
2933,1527083,0,0,0,0,0,0,0,1,0,0,0,0,0
2934,1527604,0,0,0,0,0,0,0,1,0,0,0,0,0
2935,1528125,0,0,0,0,0,0,0,1,0,0,0,0,0
2936,1528645,0,0,0,0,0,0,0,1,0,0,0,0,0
2937,1529166,0,0,0,0,0,0,0,1,0,0,0,0,0
2938,1529687,0,0,0,0,0,0,0,1,0,0,0,0,0
2939,1530208,0,0,0,0,0,0,0,1,0,0,0,0,0
2940,1530729,0,0,0,0,0,0,0,1,0,0,0,0,0
2941,1531250,0,0,0,0,0,0,0,1,0,0,0,0,0
2942,1531770,0,0,0,0,0,0,0,1,0,0,0,0,0
2943,1532291,0,0,0,0,0,0,0,1,0,0,0,0,0
2944,1532812,0,0,0,0,0,0,0,1,0,0,0,0,0
2945,1533333,0,0,0,0,0,0,0,1,0,0,0,0,0
2946,1533854,0,0,0,0,0,0,0,1,0,0,0,0,0
2947,1534375,0,0,0,0,0,0,0,1,0,0,0,0,0
2948,1534895,0,0,0,0,0,0,0,1,0,0,0,0,0
2949,1535416,0,0,0,0,0,0,0,1,0,0,0,0,0
2950,1535937,0,0,0,0,0,0,0,1,0,0,0,0,0
2951,1536458,0,0,0,0,0,0,0,1,0,0,0,0,0
2952,1536979,0,0,0,0,0,0,0,1,0,0,0,0,0
2953,1537500,0,0,0,0,0,0,0,1,0,0,0,0,0
2954,1538020,0,0,0,0,0,0,0,1,0,0,0,0,0
2955,1538541,0,0,0,0,0,0,0,1,0,0,0,0,0
2956,1539062,0,0,0,0,0,0,0,1,0,0,0,0,0
2957,1539583,0,0,0,0,0,0,0,1,0,0,0,0,0
2958,1540104,0,0,0,0,0,0,0,1,0,0,0,0,0
2959,1540625,0,0,0,0,0,0,0,1,0,0,0,0,0
2960,1541145,0,0,0,0,0,0,0,1,0,0,0,0,0
2961,1541666,0,0,0,0,0,0,0,1,0,0,0,0,0
2962,1542187,0,0,0,0,0,0,0,1,0,0,0,0,0
2963,1542708,0,0,0,0,0,0,0,1,0,0,0,0,0
2964,1543229,0,0,0,0,0,0,0,1,0,0,0,0,0
2965,1543750,0,0,0,0,0,0,0,1,0,0,0,0,0
2966,1544270,0,0,0,0,0,0,0,1,0,0,0,0,0
2967,1544791,0,0,0,0,0,0,0,1,0,0,0,0,0
2968,1545312,0,0,0,0,0,0,0,1,0,0,0,0,0
2969,1545833,0,0,0,0,0,0,0,1,0,0,0,0,0
2970,1546354,0,0,0,0,0,0,0,1,0,0,0,0,0
2971,1546875,0,0,0,0,0,0,0,1,0,0,0,0,0
2972,1547395,0,0,0,0,0,0,0,1,0,0,0,0,0
2973,1547916,0,0,0,0,0,0,0,1,0,0,0,0,0
2974,1548437,0,0,0,0,0,0,0,1,0,0,0,0,0
2975,1548958,0,0,0,0,0,0,0,1,0,0,0,0,0
2976,1549479,0,0,0,0,0,0,0,1,0,0,0,0,0
2977,1550000,0,0,0,0,0,0,0,1,0,0,0,0,0
2978,1550520,0,0,0,0,0,0,0,1,0,0,0,0,0
2979,1551041,0,0,0,0,0,0,0,1,0,0,0,0,0
2980,1551562,0,0,0,0,0,0,0,1,0,0,0,0,0
2981,1552083,0,0,0,0,0,0,0,1,0,0,0,0,0
2982,1552604,0,0,0,0,0,0,0,1,0,0,0,0,0
2983,1553125,0,0,0,0,0,0,0,1,0,0,0,0,0
2984,1553645,0,0,0,0,0,0,0,1,0,0,0,0,0
2985,1554166,0,0,0,0,0,0,0,1,0,0,0,0,0
2986,1554687,0,0,0,0,0,0,0,1,0,0,0,0,0
2987,1555208,0,0,0,0,0,0,0,1,0,0,0,0,0
2988,1555729,0,0,0,0,0,0,0,1,0,0,0,0,0
2989,1556250,0,0,0,0,0,0,0,1,0,0,0,0,0
2990,1556770,0,0,0,0,0,0,0,1,0,0,0,0,0
2991,1557291,0,0,0,0,0,0,0,1,0,0,0,0,0
2992,1557812,0,0,0,0,0,0,0,1,0,0,0,0,0
2993,1558333,0,0,0,0,0,0,0,1,0,0,0,0,0
2994,1558854,0,0,0,0,0,0,0,1,0,0,0,0,0
2995,1559375,0,0,0,0,0,0,0,1,0,0,0,0,0
2996,1559895,0,0,0,0,0,0,0,1,0,0,0,0,0
2997,1560416,0,0,0,0,0,0,0,1,0,0,0,0,0
2998,1560937,0,0,0,0,0,0,0,1,0,0,0,0,0
2999,1561458,0,0,0,0,0,0,0,1,0,0,0,0,0
3000,1561979,0,0,0,0,0,0,0,1,0,0,0,0,0
3001,1562500,0,0,0,0,0,0,0,1,0,0,0,0,0
3002,1563020,0,0,0,0,0,0,0,1,0,0,0,0,0
3003,1563541,0,0,0,0,0,0,0,1,0,0,0,0,0
3004,1564062,0,0,0,0,0,0,0,1,0,0,0,0,0
3005,1564583,0,0,0,0,0,0,0,1,0,0,0,0,0
3006,1565104,0,0,0,0,0,0,0,1,0,0,0,0,0
3007,1565625,0,0,0,0,0,0,0,1,0,0,0,0,0
3008,1566145,0,0,0,0,0,0,0,1,0,0,0,0,0
3009,1566666,0,0,0,0,0,0,0,1,0,0,0,0,0
3010,1567187,0,0,0,0,0,0,0,1,0,0,0,0,0
3011,1567708,0,0,0,0,0,0,0,1,0,0,0,0,0
3012,1568229,0,0,0,0,0,0,0,1,0,0,0,0,0
3013,1568750,0,0,0,0,0,0,0,1,0,0,0,0,0
3014,1569270,0,0,0,0,0,0,0,1,0,0,0,0,0
3015,1569791,0,0,0,0,0,0,0,1,0,0,0,0,0
3016,1570312,0,0,0,0,0,0,0,1,0,0,0,0,0
3017,1570833,0,0,0,0,0,0,0,1,0,0,0,0,0
3018,1571354,0,0,0,0,0,0,0,1,0,0,0,0,0
3019,1571875,0,0,0,0,0,0,0,1,0,0,0,0,0
3020,1572395,0,0,0,0,0,0,0,1,0,0,0,0,0
3021,1572916,0,0,0,0,0,0,0,1,0,0,0,0,0
3022,1573437,0,0,0,0,0,0,0,1,0,0,0,0,0
